inst,ground_truth
"andeq r0, r0, r3 ",1
"andeq r1, r3, r6, ror lr ",1
"andeq r0, r0, r0, asr r1 ",1
"andeq r0, r0, r4, ror r7 ",1
"andeq r0, r0, sl, ror r0 ",1
"andeq r0, r0, r4, lsr r0 ",1
"andeq r0, r0, r0, lsl 1 ",1
"andeq r0, r0, r0 ",1
"andeq r0, r3, ip, lsl 13 ",1
"andeq r0, r0, r8 ",1
"andeq r1, r0, r4 ",1
"andeq r1, r3, r4, lsr r3 ",1
invalid ,1
"andeq r0, r0, r1, lsr 32 ",1
"smlaltbeq sl, lr, r8, r5 ",1
"strdeq r0, r1, [r0], -pc ",1
"andeq r0, r0, r1 ",1
"andeq r1, r3, r0, asr 26 ",1
"andeq r0, r0, r0 ",1
"andeq r0, r0, r0 ",1
"mov ip, sp ",0
"push {fp, ip, lr} ",0
"mov fp, ip ",0
"push {r0, r1, r2, r3, r4, r5, r6, r7, r8, sb, sl, fp, ip, lr} ",0
"ldr r8, [0x00001058] ",0
"strb r0, [r8] ",0
"ldrb r1, [r8] ",0
"str r0, [sp, -4]! ",0
"str sb, [sp, -4]! ",0
"ldr r8, [0x00001054] ",0
"mov sb, r8 ",0
"mov r0, r1 ",0
"str r1, [sp, -4]! ",0
"str sb, [sp, -4]! ",0
"str r8, [sp, -4]! ",0
"str lr, [sp, -4]! ",0
"ldr r8, [0x00001050] ",0
"ldr r8, [r8] ",0
"mov lr, pc ",0
"mov pc, r8 ",0
"mov r0, r0 ",0
pop {lr} ,0
pop {r8} ,0
pop {sb} ,0
pop {r1} ,0
pop {sb} ,0
pop {r0} ,0
"mov r1, r0 ",0
"ldr r8, [0x0000104c] ",0
"strb r1, [r8] ",0
"mov r1, 0 ",0
"ldr r8, [0x00001048] ",0
"strb r1, [r8] ",0
"mov r1, 0 ",0
"str r1, [r8, 0x662] ",0
"mov r1, 0 ",0
"str r1, [r8, 0x666] ",0
"mov r1, 0 ",0
"strb r1, [r8, 1] ",0
"mov r1, 0 ",0
"str r1, [r8, 0x66a] ",0
"mov r1, 0 ",0
"strb r1, [r8, 0x66e] ",0
"mov r1, 0 ",0
"ldr r8, [0x00001044] ",0
"str r1, [r8] ",0
"mov r0, r0 ",0
"ldr r8, [0x00001044] ",0
"ldr r1, [r8] ",0
"ldr r2, [0x00001040] ",0
"cmp r1, r2 ",0
"movgt r1, 1 ",0
"movle r1, 0 ",0
"cmp r1, 0 ",0
bne 0x15c ,0
"mov r0, r0 ",0
"mov r0, 0 ",0
"ldr r8, [0x00001044] ",0
"ldr r1, [r8] ",0
"ldr r8, [0x0000103c] ",0
"strb r0, [r8, r1] ",0
"ldr r8, [0x00001044] ",0
"ldr r0, [r8] ",0
"add r0, r0, 1 ",0
"str r0, [r8] ",0
b 0x108 ,0
"mov r0, r0 ",0
"mov r0, r0 ",0
"mov r0, 0 ",0
"ldr r8, [0x00001038] ",0
"str r0, [r8] ",0
"mov r0, 0 ",0
"strb r0, [r8, -2] ",0
"mov r0, 0 ",0
"strb r0, [r8, -1] ",0
"mov r0, 0 ",0
"str r0, [r8, 4] ",0
"mov r0, 0 ",0
"str r0, [r8, 8] ",0
"mov r0, 0 ",0
"str r0, [r8, 0xc] ",0
"ldrb r0, [r8, 0xca5] ",0
"str r0, [sp, -4]! ",0
"add r0, r8, 0x10 ",0
"mov r1, r0 ",0
"str sb, [sp, -4]! ",0
"str r8, [sp, -4]! ",0
"str lr, [sp, -4]! ",0
"ldr r8, [0x00001034] ",0
"ldr r8, [r8] ",0
"mov lr, pc ",0
"mov pc, r8 ",0
"mov r0, r0 ",0
pop {lr} ,0
pop {r8} ,0
pop {sb} ,0
pop {r0} ,0
"strb r0, [r8, 0x6c3] ",0
"ldrb r0, [r8, 0xca5] ",0
"str r0, [sp, -4]! ",0
"add r0, r8, 0x28 ",0
"mov r1, r0 ",0
"str sb, [sp, -4]! ",0
"str r8, [sp, -4]! ",0
"str lr, [sp, -4]! ",0
"ldr r8, [0x00001034] ",0
"ldr r8, [r8] ",0
"mov lr, pc ",0
"mov pc, r8 ",0
"mov r0, r0 ",0
pop {lr} ,0
pop {r8} ,0
pop {sb} ,0
pop {r0} ,0
"strb r0, [r8, 0x6c3] ",0
"ldrb r0, [r8, 0xca5] ",0
"str r0, [sp, -4]! ",0
"add r0, r8, 0x40 ",0
"mov r1, r0 ",0
"str sb, [sp, -4]! ",0
"str r8, [sp, -4]! ",0
"str lr, [sp, -4]! ",0
"ldr r8, [0x00001034] ",0
"ldr r8, [r8] ",0
"mov lr, pc ",0
"mov pc, r8 ",0
"mov r0, r0 ",0
pop {lr} ,0
pop {r8} ,0
pop {sb} ,0
pop {r0} ,0
"strb r0, [r8, 0x6c3] ",0
"mov r0, 0 ",0
"strh r0, [r8, 0x58] ",0
"mov r0, 0 ",0
"strh r0, [r8, 0x5a] ",0
"ldrb r0, [r8, 0xca5] ",0
"str r0, [sp, -4]! ",0
"str sb, [sp, -4]! ",0
"add sb, r8, 0x5c ",0
"str sb, [sp, -4]! ",0
"str r8, [sp, -4]! ",0
"str lr, [sp, -4]! ",0
"ldr r8, [0x00001030] ",0
"ldr r8, [r8] ",0
"mov lr, pc ",0
"mov pc, r8 ",0
"mov r0, r0 ",0
pop {lr} ,0
pop {r8} ,0
pop {sb} ,0
pop {sb} ,0
pop {r0} ,0
"strb r0, [r8, 0x6c3] ",0
"mov r0, 0 ",0
"strb r0, [r8, 0x6c0] ",0
"mov r0, 0 ",0
"strb r0, [r8, 0x6c1] ",0
"mov r0, 0 ",0
"str r0, [r8, 0x6c4] ",0
"mov r0, 0 ",0
"ldr r8, [0x00001044] ",0
"str r0, [r8] ",0
"mov r0, r0 ",0
"ldr r8, [0x00001044] ",0
"ldr r0, [r8] ",0
"ldr r1, [0x00001040] ",0
"cmp r0, r1 ",0
"movgt r0, 1 ",0
"movle r0, 0 ",0
"cmp r0, 0 ",0
bne 0x330 ,0
"mov r0, r0 ",0
"mov r0, 0 ",0
"ldr r8, [0x00001044] ",0
"ldr r1, [r8] ",0
"ldr r8, [0x0000102c] ",0
"strb r0, [r8, r1] ",0
"ldr r8, [0x00001044] ",0
"ldr r0, [r8] ",0
"add r0, r0, 1 ",0
"str r0, [r8] ",0
b 0x2dc ,0
"mov r0, r0 ",0
"mov r0, r0 ",0
"mov r0, 0 ",0
"ldr r8, [0x00001028] ",0
"str r0, [r8] ",0
"mov r0, 0 ",0
"strb r0, [r8, -0x5e6] ",0
"mov r0, 0 ",0
"ldr r8, [0x00001044] ",0
"str r0, [r8] ",0
"mov r0, r0 ",0
"ldr r8, [0x00001044] ",0
"ldr r0, [r8] ",0
"ldr r1, [0x00001024] ",0
"cmp r0, r1 ",0
"movgt r0, 1 ",0
"movle r0, 0 ",0
"cmp r0, 0 ",0
bne 0x3a8 ,0
"mov r0, r0 ",0
"mov r0, 0 ",0
"ldr r8, [0x00001044] ",0
"ldr r1, [r8] ",0
"ldr r8, [0x00001020] ",0
"strb r0, [r8, r1] ",0
"ldr r8, [0x00001044] ",0
"ldr r0, [r8] ",0
"add r0, r0, 1 ",0
"str r0, [r8] ",0
b 0x354 ,0
"mov r0, r0 ",0
"mov r0, r0 ",0
"mov r0, 0 ",0
"ldr r8, [0x0000101c] ",0
"str r0, [r8] ",0
"mov r0, 0 ",0
"str r0, [r8, 4] ",0
"mov r0, 0 ",0
"str r0, [r8, 0xd1c] ",0
"mov r0, r0 ",0
"ldr r8, [0x00001044] ",0
"ldr r0, [r8] ",0
"ldr r1, [0x00001024] ",0
"cmp r0, r1 ",0
"movgt r0, 1 ",0
"movle r0, 0 ",0
"cmp r0, 0 ",0
bne 0x41c ,0
"mov r0, r0 ",0
"mov r0, 0 ",0
"ldr r8, [0x00001044] ",0
"ldr r1, [r8] ",0
"ldr r2, [0x00001018] ",0
"add r2, r2, r1 ",0
"strb r0, [r8, r2] ",0
"ldr r0, [r8] ",0
"add r0, r0, 1 ",0
"str r0, [r8] ",0
b 0x3c8 ,0
"mov r0, r0 ",0
"mov r0, r0 ",0
"mov r0, 0 ",0
"ldr r8, [0x00001014] ",0
"str r0, [r8] ",0
"mov r0, 0 ",0
"str r0, [r8, 4] ",0
"mov r0, 0 ",0
"ldr r8, [0x00001010] ",0
"strh r0, [r8] ",0
"mov r0, 0 ",0
"ldr r1, [0x0000100c] ",0
"strh r0, [r8, r1] ",0
"mov r0, 0 ",0
"ldr r8, [0x00001008] ",0
"strh r0, [r8] ",0
"mov r0, 0 ",0
"strh r0, [r8, 0xa] ",0
"mov r0, 0 ",0
"strh r0, [r8, 0xc] ",0
"mov r0, 0 ",0
"strh r0, [r8, 0xe] ",0
"mov r0, 0 ",0
"strh r0, [r8, 0x10] ",0
"mov r0, 0 ",0
"strh r0, [r8, 0x12] ",0
"mov r0, 0 ",0
"strh r0, [r8, 0x14] ",0
"mov r0, 0 ",0
"strh r0, [r8, 0x16] ",0
"ldr r8, [0x00001058] ",0
"ldrb r0, [r8] ",0
"str r0, [sp, -4]! ",0
"str sb, [sp, -4]! ",0
"ldr r8, [0x00001004] ",0
"mov sb, r8 ",0
"str sb, [sp, -4]! ",0
"str r8, [sp, -4]! ",0
"str lr, [sp, -4]! ",0
"ldr r8, [0x00001000] ",0
"ldr r8, [r8] ",0
"mov lr, pc ",0
"mov pc, r8 ",0
"mov r0, r0 ",0
pop {lr} ,0
pop {r8} ,0
pop {sb} ,0
pop {sb} ,0
pop {r0} ,0
"ldr r8, [0x0000104c] ",0
"strb r0, [r8] ",0
"ldrb r0, [r8, 0x5e2] ",0
"str r0, [sp, -4]! ",0
"str sb, [sp, -4]! ",0
"ldr r8, [0x00000ffc] ",0
"mov sb, r8 ",0
"str sb, [sp, -4]! ",0
"str r8, [sp, -4]! ",0
"str lr, [sp, -4]! ",0
"ldr r8, [0x00001000] ",0
"ldr r8, [r8] ",0
"mov lr, pc ",0
"mov pc, r8 ",0
"mov r0, r0 ",0
pop {lr} ,0
pop {r8} ,0
pop {sb} ,0
pop {sb} ,0
pop {r0} ,0
"ldr r8, [0x0000104c] ",0
"strb r0, [r8] ",0
"mov r0, 0 ",0
"ldr r8, [0x00000ff8] ",0
"strh r0, [r8] ",0
"ldr r8, [0x00001058] ",0
"ldrb r0, [r8] ",0
"str r0, [sp, -4]! ",0
"ldr r8, [0x00000ff4] ",0
"mov r0, r8 ",0
"mov r1, r0 ",0
"str sb, [sp, -4]! ",0
"str r8, [sp, -4]! ",0
"str lr, [sp, -4]! ",0
"ldr r8, [0x00000ff0] ",0
"ldr r8, [r8] ",0
"mov lr, pc ",0
"mov pc, r8 ",0
"mov r0, r0 ",0
pop {lr} ,0
pop {r8} ,0
pop {sb} ,0
pop {r0} ,0
"ldr r8, [0x0000104c] ",0
"strb r0, [r8] ",0
"mov r0, 0 ",0
"ldr r8, [0x00000ff4] ",0
"strh r0, [r8] ",0
"mov r0, 1 ",0
"strb r0, [r8, 2] ",0
"mov r0, 0x80 ",0
"strb r0, [r8, 3] ",0
"mov r0, 0 ",0
"str r0, [r8, 4] ",0
"mov r0, 0 ",0
"strh r0, [r8, 8] ",0
"ldr r8, [0x00001058] ",0
"ldrb r0, [r8] ",0
"str r0, [sp, -4]! ",0
"ldr r8, [0x00000ff4] ",0
"add r0, r8, 0xc ",0
"mov r1, r0 ",0
"str sb, [sp, -4]! ",0
"str r8, [sp, -4]! ",0
"str lr, [sp, -4]! ",0
"ldr r8, [0x00000ff0] ",0
"ldr r8, [r8] ",0
"mov lr, pc ",0
"mov pc, r8 ",0
"mov r0, r0 ",0
pop {lr} ,0
pop {r8} ,0
pop {sb} ,0
pop {r0} ,0
"ldr r8, [0x0000104c] ",0
"strb r0, [r8] ",0
"mov r0, 2 ",0
"ldr r8, [0x00000ff4] ",0
"strh r0, [r8, 0xc] ",0
"mov r0, 1 ",0
"strb r0, [r8, 0xe] ",0
"mov r0, 0x80 ",0
"strb r0, [r8, 0xf] ",0
"mov r0, 0 ",0
"str r0, [r8, 0x10] ",0
"mov r0, 1 ",0
"strh r0, [r8, 0x14] ",0
"ldr r8, [0x00001058] ",0
"ldrb r0, [r8] ",0
"str r0, [sp, -4]! ",0
"ldr r8, [0x00000ff4] ",0
"add r0, r8, 0x18 ",0
"mov r1, r0 ",0
"str sb, [sp, -4]! ",0
"str r8, [sp, -4]! ",0
"str lr, [sp, -4]! ",0
"ldr r8, [0x00000ff0] ",0
"ldr r8, [r8] ",0
"mov lr, pc ",0
"mov pc, r8 ",0
"mov r0, r0 ",0
pop {lr} ,0
pop {r8} ,0
pop {sb} ,0
pop {r0} ,0
"ldr r8, [0x0000104c] ",0
"strb r0, [r8] ",0
"mov r0, 1 ",0
"ldr r8, [0x00000ff4] ",0
"strh r0, [r8, 0x18] ",0
"mov r0, 4 ",0
"strb r0, [r8, 0x1a] ",0
"mov r0, 0x80 ",0
"strb r0, [r8, 0x1b] ",0
"mov r0, 0 ",0
"str r0, [r8, 0x1c] ",0
"mov r0, 2 ",0
"strh r0, [r8, 0x20] ",0
"ldr r8, [0x00001058] ",0
"ldrb r0, [r8] ",0
"str r0, [sp, -4]! ",0
"ldr r8, [0x00000ff4] ",0
"add r0, r8, 0x24 ",0
"mov r1, r0 ",0
"str sb, [sp, -4]! ",0
"str r8, [sp, -4]! ",0
"str lr, [sp, -4]! ",0
"ldr r8, [0x00000ff0] ",0
"ldr r8, [r8] ",0
"mov lr, pc ",0
"mov pc, r8 ",0
"mov r0, r0 ",0
pop {lr} ,0
pop {r8} ,0
pop {sb} ,0
pop {r0} ,0
"ldr r8, [0x0000104c] ",0
"strb r0, [r8] ",0
"mov r0, 1 ",0
"ldr r8, [0x00000ff4] ",0
"strh r0, [r8, 0x24] ",0
"mov r0, 0xa ",0
"strb r0, [r8, 0x26] ",0
"mov r0, 0x80 ",0
"strb r0, [r8, 0x27] ",0
"mov r0, 0 ",0
"str r0, [r8, 0x28] ",0
"mov r0, 3 ",0
"strh r0, [r8, 0x2c] ",0
"ldr r8, [0x00001058] ",0
"ldrb r0, [r8] ",0
"str r0, [sp, -4]! ",0
"ldr r8, [0x00000ff4] ",0
"add r0, r8, 0x30 ",0
"mov r1, r0 ",0
"str sb, [sp, -4]! ",0
"str r8, [sp, -4]! ",0
"str lr, [sp, -4]! ",0
"ldr r8, [0x00000ff0] ",0
"ldr r8, [r8] ",0
"mov lr, pc ",0
"mov pc, r8 ",0
"mov r0, r0 ",0
pop {lr} ,0
pop {r8} ,0
pop {sb} ,0
pop {r0} ,0
"ldr r8, [0x0000104c] ",0
"strb r0, [r8] ",0
"mov r0, 2 ",0
"ldr r8, [0x00000ff4] ",0
"strh r0, [r8, 0x30] ",0
"mov r0, 0xc8 ",0
"strb r0, [r8, 0x32] ",0
"mov r0, 0x10 ",0
"strb r0, [r8, 0x33] ",0
"mov r0, 0x64 ",0
"str r0, [r8, 0x34] ",0
"mov r0, 0xb ",0
"strh r0, [r8, 0x38] ",0
"ldr r8, [0x00001058] ",0
"ldrb r0, [r8] ",0
"str r0, [sp, -4]! ",0
"ldr r8, [0x00000ff4] ",0
"add r0, r8, 0x3c ",0
"mov r1, r0 ",0
"str sb, [sp, -4]! ",0
"str r8, [sp, -4]! ",0
"str lr, [sp, -4]! ",0
"ldr r8, [0x00000ff0] ",0
"ldr r8, [r8] ",0
"mov lr, pc ",0
"mov pc, r8 ",0
"mov r0, r0 ",0
pop {lr} ,0
pop {r8} ,0
pop {sb} ,0
pop {r0} ,0
"ldr r8, [0x0000104c] ",0
"strb r0, [r8] ",0
"mov r0, 2 ",0
"ldr r8, [0x00000ff4] ",0
"strh r0, [r8, 0x3c] ",0
"mov r0, 0xc8 ",0
"strb r0, [r8, 0x3e] ",0
"mov r0, 0x20 ",0
"strb r0, [r8, 0x3f] ",0
"mov r0, 0x64 ",0
"str r0, [r8, 0x40] ",0
"mov r0, 0xc ",0
"strh r0, [r8, 0x44] ",0
"ldr r8, [0x00001058] ",0
"ldrb r0, [r8] ",0
"str r0, [sp, -4]! ",0
"ldr r8, [0x00000ff4] ",0
"add r0, r8, 0x48 ",0
"mov r1, r0 ",0
"str sb, [sp, -4]! ",0
"str r8, [sp, -4]! ",0
"str lr, [sp, -4]! ",0
"ldr r8, [0x00000ff0] ",0
"ldr r8, [r8] ",0
"mov lr, pc ",0
"mov pc, r8 ",0
"mov r0, r0 ",0
pop {lr} ,0
pop {r8} ,0
pop {sb} ,0
pop {r0} ,0
"ldr r8, [0x0000104c] ",0
"strb r0, [r8] ",0
"mov r0, 2 ",0
"ldr r8, [0x00000ff4] ",0
"strh r0, [r8, 0x48] ",0
"mov r0, 0xc8 ",0
"strb r0, [r8, 0x4a] ",0
"mov r0, 0x40 ",0
"strb r0, [r8, 0x4b] ",0
"mov r0, 0x64 ",0
"str r0, [r8, 0x4c] ",0
"mov r0, 0xd ",0
"strh r0, [r8, 0x50] ",0
"ldr r8, [0x00001058] ",0
"ldrb r0, [r8] ",0
"str r0, [sp, -4]! ",0
"ldr r8, [0x00000ff4] ",0
"add r0, r8, 0x54 ",0
"mov r1, r0 ",0
"str sb, [sp, -4]! ",0
"str r8, [sp, -4]! ",0
"str lr, [sp, -4]! ",0
"ldr r8, [0x00000ff0] ",0
"ldr r8, [r8] ",0
"mov lr, pc ",0
"mov pc, r8 ",0
"mov r0, r0 ",0
pop {lr} ,0
pop {r8} ,0
pop {sb} ,0
pop {r0} ,0
"ldr r8, [0x0000104c] ",0
"strb r0, [r8] ",0
"mov r0, 2 ",0
"ldr r8, [0x00000ff4] ",0
"strh r0, [r8, 0x54] ",0
"mov r0, 0xc8 ",0
"strb r0, [r8, 0x56] ",0
"mov r0, 0x80 ",0
"strb r0, [r8, 0x57] ",0
"mov r0, 0x64 ",0
"str r0, [r8, 0x58] ",0
"mov r0, 0xe ",0
"strh r0, [r8, 0x5c] ",0
"ldr r8, [0x00001058] ",0
"ldrb r0, [r8] ",0
"str r0, [sp, -4]! ",0
"ldr r8, [0x00000ff4] ",0
"add r0, r8, 0x60 ",0
"mov r1, r0 ",0
"str sb, [sp, -4]! ",0
"str r8, [sp, -4]! ",0
"str lr, [sp, -4]! ",0
"ldr r8, [0x00000ff0] ",0
"ldr r8, [r8] ",0
"mov lr, pc ",0
"mov pc, r8 ",0
"mov r0, r0 ",0
pop {lr} ,0
pop {r8} ,0
pop {sb} ,0
pop {r0} ,0
"ldr r8, [0x0000104c] ",0
"strb r0, [r8] ",0
"mov r0, 2 ",0
"ldr r8, [0x00000ff4] ",0
"strh r0, [r8, 0x60] ",0
"mov r0, 0xc8 ",0
"strb r0, [r8, 0x62] ",0
"mov r0, 0xc0 ",0
"strb r0, [r8, 0x63] ",0
"mov r0, 0x64 ",0
"str r0, [r8, 0x64] ",0
"mov r0, 0xf ",0
"strh r0, [r8, 0x68] ",0
"ldr r8, [0x00001058] ",0
"ldrb r0, [r8] ",0
"str r0, [sp, -4]! ",0
"ldr r8, [0x00000ff4] ",0
"add r0, r8, 0x6c ",0
"mov r1, r0 ",0
"str sb, [sp, -4]! ",0
"str r8, [sp, -4]! ",0
"str lr, [sp, -4]! ",0
"ldr r8, [0x00000ff0] ",0
"ldr r8, [r8] ",0
"mov lr, pc ",0
"mov pc, r8 ",0
"mov r0, r0 ",0
pop {lr} ,0
pop {r8} ,0
pop {sb} ,0
pop {r0} ,0
"ldr r8, [0x0000104c] ",0
"strb r0, [r8] ",0
"mov r0, 2 ",0
"ldr r8, [0x00000ff4] ",0
"strh r0, [r8, 0x6c] ",0
"mov r0, 0xc8 ",0
"strb r0, [r8, 0x6e] ",0
"mov r0, 0x80 ",0
"strb r0, [r8, 0x6f] ",0
"mov r0, 0x64 ",0
"str r0, [r8, 0x70] ",0
"mov r0, 0x10 ",0
"strh r0, [r8, 0x74] ",0
"ldr r8, [0x00001058] ",0
"ldrb r0, [r8] ",0
"str r0, [sp, -4]! ",0
"ldr r8, [0x00000ff4] ",0
"add r0, r8, 0x78 ",0
"mov r1, r0 ",0
"str sb, [sp, -4]! ",0
"str r8, [sp, -4]! ",0
"str lr, [sp, -4]! ",0
"ldr r8, [0x00000ff0] ",0
"ldr r8, [r8] ",0
"mov lr, pc ",0
"mov pc, r8 ",0
"mov r0, r0 ",0
pop {lr} ,0
pop {r8} ,0
pop {sb} ,0
pop {r0} ,0
"ldr r8, [0x0000104c] ",0
"strb r0, [r8] ",0
"mov r0, 2 ",0
"ldr r8, [0x00000ff4] ",0
"strh r0, [r8, 0x78] ",0
"mov r0, 0xc8 ",0
"strb r0, [r8, 0x7a] ",0
"mov r0, 0x40 ",0
"strb r0, [r8, 0x7b] ",0
"mov r0, 0x64 ",0
"str r0, [r8, 0x7c] ",0
"mov r0, 0x11 ",0
"strh r0, [r8, 0x80] ",0
"ldr r8, [0x00001058] ",0
"ldrb r0, [r8] ",0
"str r0, [sp, -4]! ",0
"ldr r8, [0x00000ff4] ",0
"add r0, r8, 0x84 ",0
"mov r1, r0 ",0
"str sb, [sp, -4]! ",0
"str r8, [sp, -4]! ",0
"str lr, [sp, -4]! ",0
"ldr r8, [0x00000ff0] ",0
"ldr r8, [r8] ",0
"mov lr, pc ",0
"mov pc, r8 ",0
"mov r0, r0 ",0
pop {lr} ,0
pop {r8} ,0
pop {sb} ,0
pop {r0} ,0
"ldr r8, [0x0000104c] ",0
"strb r0, [r8] ",0
"mov r0, 2 ",0
"ldr r8, [0x00000ff4] ",0
"strh r0, [r8, 0x84] ",0
"mov r0, 0xc8 ",0
"strb r0, [r8, 0x86] ",0
"mov r0, 0x20 ",0
"strb r0, [r8, 0x87] ",0
"mov r0, 0x64 ",0
"str r0, [r8, 0x88] ",0
"mov r0, 0x12 ",0
"strh r0, [r8, 0x8c] ",0
"ldr r8, [0x00001058] ",0
"ldrb r0, [r8] ",0
"str r0, [sp, -4]! ",0
"ldr r8, [0x00000ff4] ",0
"add r0, r8, 0x90 ",0
"mov r1, r0 ",0
"str sb, [sp, -4]! ",0
"str r8, [sp, -4]! ",0
"str lr, [sp, -4]! ",0
"ldr r8, [0x00000ff0] ",0
"ldr r8, [r8] ",0
"mov lr, pc ",0
"mov pc, r8 ",0
"mov r0, r0 ",0
pop {lr} ,0
pop {r8} ,0
pop {sb} ,0
pop {r0} ,0
"ldr r8, [0x0000104c] ",0
"strb r0, [r8] ",0
"mov r0, 2 ",0
"ldr r8, [0x00000ff4] ",0
"strh r0, [r8, 0x90] ",0
"mov r0, 0xc8 ",0
"strb r0, [r8, 0x92] ",0
"mov r0, 0x10 ",0
"strb r0, [r8, 0x93] ",0
"mov r0, 0x64 ",0
"str r0, [r8, 0x94] ",0
"mov r0, 0x13 ",0
"strh r0, [r8, 0x98] ",0
"ldr r8, [0x00001058] ",0
"ldrb r0, [r8] ",0
"str r0, [sp, -4]! ",0
"ldr r8, [0x00000ff4] ",0
"add r0, r8, 0x9c ",0
"mov r1, r0 ",0
"str sb, [sp, -4]! ",0
"str r8, [sp, -4]! ",0
"str lr, [sp, -4]! ",0
"ldr r8, [0x00000ff0] ",0
"ldr r8, [r8] ",0
"mov lr, pc ",0
"mov pc, r8 ",0
"mov r0, r0 ",0
pop {lr} ,0
pop {r8} ,0
pop {sb} ,0
pop {r0} ,0
"ldr r8, [0x0000104c] ",0
"strb r0, [r8] ",0
"mov r0, 2 ",0
"ldr r8, [0x00000ff4] ",0
"strh r0, [r8, 0x9c] ",0
"mov r0, 0xc8 ",0
"strb r0, [r8, 0x9e] ",0
"mov r0, 8 ",0
"strb r0, [r8, 0x9f] ",0
"mov r0, 0x64 ",0
"str r0, [r8, 0xa0] ",0
"mov r0, 0xa ",0
"strh r0, [r8, 0xa4] ",0
"ldr r8, [0x00001058] ",0
"ldrb r0, [r8] ",0
"str r0, [sp, -4]! ",0
"ldr r8, [0x00000ff4] ",0
"add r0, r8, 0xa8 ",0
"mov r1, r0 ",0
"str sb, [sp, -4]! ",0
"str r8, [sp, -4]! ",0
"str lr, [sp, -4]! ",0
"ldr r8, [0x00000ff0] ",0
"ldr r8, [r8] ",0
"mov lr, pc ",0
"mov pc, r8 ",0
"mov r0, r0 ",0
pop {lr} ,0
pop {r8} ,0
pop {sb} ,0
pop {r0} ,0
"ldr r8, [0x0000104c] ",0
"strb r0, [r8] ",0
"mov r0, 0 ",0
"ldr r8, [0x00000ff4] ",0
"strh r0, [r8, 0xa8] ",0
"mov r0, 0xc8 ",0
"strb r0, [r8, 0xaa] ",0
"mov r0, 0x10 ",0
"strb r0, [r8, 0xab] ",0
"mov r0, 0x64 ",0
"str r0, [r8, 0xac] ",0
"mov r0, 0x15 ",0
"strh r0, [r8, 0xb0] ",0
"ldr r8, [0x00001058] ",0
"ldrb r0, [r8] ",0
"str r0, [sp, -4]! ",0
"ldr r8, [0x00000ff4] ",0
"add r0, r8, 0xb4 ",0
"mov r1, r0 ",0
"str sb, [sp, -4]! ",0
"str r8, [sp, -4]! ",0
"str lr, [sp, -4]! ",0
"ldr r8, [0x00000ff0] ",0
"ldr r8, [r8] ",0
"mov lr, pc ",0
"mov pc, r8 ",0
"mov r0, r0 ",0
pop {lr} ,0
pop {r8} ,0
pop {sb} ,0
pop {r0} ,0
"ldr r8, [0x0000104c] ",0
"strb r0, [r8] ",0
"mov r0, 0 ",0
"ldr r8, [0x00000ff4] ",0
"strh r0, [r8, 0xb4] ",0
"mov r0, 0xc8 ",0
"strb r0, [r8, 0xb6] ",0
"mov r0, 0x20 ",0
"strb r0, [r8, 0xb7] ",0
"mov r0, 0x64 ",0
"str r0, [r8, 0xb8] ",0
"mov r0, 0x16 ",0
"strh r0, [r8, 0xbc] ",0
"ldr r8, [0x00001058] ",0
"ldrb r0, [r8] ",0
"str r0, [sp, -4]! ",0
"ldr r8, [0x00000ff4] ",0
"add r0, r8, 0xc0 ",0
"mov r1, r0 ",0
"str sb, [sp, -4]! ",0
"str r8, [sp, -4]! ",0
"str lr, [sp, -4]! ",0
"ldr r8, [0x00000ff0] ",0
"ldr r8, [r8] ",0
"mov lr, pc ",0
"mov pc, r8 ",0
"mov r0, r0 ",0
pop {lr} ,0
pop {r8} ,0
pop {sb} ,0
pop {r0} ,0
"ldr r8, [0x0000104c] ",0
"strb r0, [r8] ",0
"mov r0, 0 ",0
"ldr r8, [0x00000ff4] ",0
"strh r0, [r8, 0xc0] ",0
"mov r0, 0xc8 ",0
"strb r0, [r8, 0xc2] ",0
"mov r0, 0x40 ",0
"strb r0, [r8, 0xc3] ",0
"mov r0, 0x64 ",0
"str r0, [r8, 0xc4] ",0
"mov r0, 0x17 ",0
"strh r0, [r8, 0xc8] ",0
"ldr r8, [0x00001058] ",0
"ldrb r0, [r8] ",0
"str r0, [sp, -4]! ",0
"ldr r8, [0x00000ff4] ",0
"add r0, r8, 0xcc ",0
"mov r1, r0 ",0
"str sb, [sp, -4]! ",0
"str r8, [sp, -4]! ",0
"str lr, [sp, -4]! ",0
"ldr r8, [0x00000ff0] ",0
"ldr r8, [r8] ",0
"mov lr, pc ",0
"mov pc, r8 ",0
"mov r0, r0 ",0
pop {lr} ,0
pop {r8} ,0
pop {sb} ,0
pop {r0} ,0
"ldr r8, [0x0000104c] ",0
"strb r0, [r8] ",0
"mov r0, 0 ",0
"ldr r8, [0x00000ff4] ",0
"strh r0, [r8, 0xcc] ",0
"mov r0, 0xc8 ",0
"strb r0, [r8, 0xce] ",0
"mov r0, 0x80 ",0
"strb r0, [r8, 0xcf] ",0
"mov r0, 0x64 ",0
"str r0, [r8, 0xd0] ",0
"mov r0, 0x18 ",0
"strh r0, [r8, 0xd4] ",0
"ldr r8, [0x00001058] ",0
"ldrb r0, [r8] ",0
"str r0, [sp, -4]! ",0
"ldr r8, [0x00000ff4] ",0
"add r0, r8, 0xd8 ",0
"mov r1, r0 ",0
"str sb, [sp, -4]! ",0
"str r8, [sp, -4]! ",0
"str lr, [sp, -4]! ",0
"ldr r8, [0x00000ff0] ",0
"ldr r8, [r8] ",0
"mov lr, pc ",0
"mov pc, r8 ",0
"mov r0, r0 ",0
pop {lr} ,0
pop {r8} ,0
pop {sb} ,0
pop {r0} ,0
"ldr r8, [0x0000104c] ",0
"strb r0, [r8] ",0
"mov r0, 0 ",0
"ldr r8, [0x00000ff4] ",0
"strh r0, [r8, 0xd8] ",0
"mov r0, 0xc8 ",0
"strb r0, [r8, 0xda] ",0
"mov r0, 0xc0 ",0
"strb r0, [r8, 0xdb] ",0
"mov r0, 0x64 ",0
"str r0, [r8, 0xdc] ",0
"mov r0, 0x19 ",0
"strh r0, [r8, 0xe0] ",0
"ldr r8, [0x00001058] ",0
"ldrb r0, [r8] ",0
"str r0, [sp, -4]! ",0
"ldr r8, [0x00000ff4] ",0
"add r0, r8, 0xe4 ",0
"mov r1, r0 ",0
"str sb, [sp, -4]! ",0
"str r8, [sp, -4]! ",0
"str lr, [sp, -4]! ",0
"ldr r8, [0x00000ff0] ",0
"ldr r8, [r8] ",0
"mov lr, pc ",0
"mov pc, r8 ",0
"mov r0, r0 ",0
pop {lr} ,0
pop {r8} ,0
pop {sb} ,0
pop {r0} ,0
"ldr r8, [0x0000104c] ",0
"strb r0, [r8] ",0
"mov r0, 0 ",0
"ldr r8, [0x00000ff4] ",0
"strh r0, [r8, 0xe4] ",0
"mov r0, 0xc8 ",0
"strb r0, [r8, 0xe6] ",0
"mov r0, 0x80 ",0
"strb r0, [r8, 0xe7] ",0
"mov r0, 0x64 ",0
"str r0, [r8, 0xe8] ",0
"mov r0, 0x1a ",0
"strh r0, [r8, 0xec] ",0
"ldr r8, [0x00001058] ",0
"ldrb r0, [r8] ",0
"str r0, [sp, -4]! ",0
"ldr r8, [0x00000ff4] ",0
"add r0, r8, 0xf0 ",0
"mov r1, r0 ",0
"str sb, [sp, -4]! ",0
"str r8, [sp, -4]! ",0
"str lr, [sp, -4]! ",0
"ldr r8, [0x00000ff0] ",0
"ldr r8, [r8] ",0
"mov lr, pc ",0
"mov pc, r8 ",0
"mov r0, r0 ",0
pop {lr} ,0
pop {r8} ,0
pop {sb} ,0
pop {r0} ,0
"ldr r8, [0x0000104c] ",0
"strb r0, [r8] ",0
"mov r0, 0 ",0
"ldr r8, [0x00000ff4] ",0
"strh r0, [r8, 0xf0] ",0
"mov r0, 0xc8 ",0
"strb r0, [r8, 0xf2] ",0
"mov r0, 0x40 ",0
"strb r0, [r8, 0xf3] ",0
"mov r0, 0x64 ",0
"str r0, [r8, 0xf4] ",0
"mov r0, 0x1b ",0
"strh r0, [r8, 0xf8] ",0
"ldr r8, [0x00001058] ",0
"ldrb r0, [r8] ",0
"str r0, [sp, -4]! ",0
"ldr r8, [0x00000ff4] ",0
"add r0, r8, 0xfc ",0
"mov r1, r0 ",0
"str sb, [sp, -4]! ",0
"str r8, [sp, -4]! ",0
"str lr, [sp, -4]! ",0
"ldr r8, [0x00000ff0] ",0
"ldr r8, [r8] ",0
"mov lr, pc ",0
"mov pc, r8 ",0
"mov r0, r0 ",0
pop {lr} ,0
pop {r8} ,0
pop {sb} ,0
pop {r0} ,0
"ldr r8, [0x0000104c] ",0
"strb r0, [r8] ",0
"mov r0, 0 ",0
"ldr r8, [0x00000ff4] ",0
"strh r0, [r8, 0xfc] ",0
"mov r0, 0xc8 ",0
"strb r0, [r8, 0xfe] ",0
"mov r0, 0x20 ",0
"strb r0, [r8, 0xff] ",0
"mov r0, 0x64 ",0
"str r0, [r8, 0x100] ",0
b 0x105c ,0
"mov r0, r0 ",0
"stclgt p13, c12, [sp, 0x334] ",1
"stclgt p13, c12, [sp, 0x334] ",1
"andeq r0, r0, ip, ror r1 ",1
"andeq r6, r0, r8, asr 16 ",1
"andeq r6, r0, r6, lsr r8 ",1
"andeq r6, r0, r0, asr 16 ",1
"andeq r0, r0, ip, asr r3 ",1
"andeq r6, r0, r8, lsr r8 ",1
"andeq r6, r0, lr, lsl r8 ",1
"andeq r0, r0, r0, asr 23 ",1
"muleq r0, sl, r0 ",1
"andeq r6, r0, r0, lsr 16 ",1
invalid ,1
"andeq r5, r0, ip, asr ip ",1
"andeq r5, r0, r0, lsr 1 ",1
"strheq r0, [r0], -r8 ",1
"muleq r0, ip, r0 ",1
"strheq r4, [r0], -ip ",1
"andeq r0, r0, r8, lsr 8 ",1
"andeq r0, r0, ip, lsl 6 ",1
"strdeq r4, r5, [r0], -r4 ",1
"andeq r3, r0, r5, lsl lr ",1
"ldrdeq r0, r1, [r0], -ip ",1
"andeq r6, r0, r8, ror sb ",1
"andeq r3, r0, r6, lsr 15 ",1
"strheq r4, [r0], -r7 ",1
"andeq r0, r0, r0, lsr 8 ",1
"andeq r3, r0, r8, lsr 15 ",1
"muleq r0, sb, r0 ",1
"mov r0, 0x1c ",0
"ldr r1, [0x00002058] ",0
"strh r0, [r8, r1] ",0
"ldr r8, [0x00002054] ",0
"ldrb r0, [r8] ",0
"str r0, [sp, -4]! ",0
"ldr r8, [0x00002050] ",0
"ldr r2, [0x0000204c] ",0
"add r0, r8, r2 ",0
"mov r1, r0 ",0
"str sb, [sp, -4]! ",0
"str r8, [sp, -4]! ",0
"str lr, [sp, -4]! ",0
"ldr r8, [0x00002048] ",0
"ldr r8, [r8] ",0
"mov lr, pc ",0
"mov pc, r8 ",0
"mov r0, r0 ",0
pop {lr} ,0
pop {r8} ,0
pop {sb} ,0
pop {r0} ,0
"ldr r8, [0x00002044] ",0
"strb r0, [r8] ",0
"mov r0, 0 ",0
"ldr r8, [0x00002050] ",0
"ldr r1, [0x0000204c] ",0
"strh r0, [r8, r1] ",0
"mov r0, 0xc8 ",0
"strb r0, [r8, 0x10a] ",0
"mov r0, 0x10 ",0
"strb r0, [r8, 0x10b] ",0
"mov r0, 0x64 ",0
"str r0, [r8, 0x10c] ",0
"mov r0, 0x1d ",0
"ldr r1, [0x00002040] ",0
"strh r0, [r8, r1] ",0
"ldr r8, [0x00002054] ",0
"ldrb r0, [r8] ",0
"str r0, [sp, -4]! ",0
"ldr r8, [0x00002050] ",0
"ldr r2, [0x0000203c] ",0
"add r0, r8, r2 ",0
"mov r1, r0 ",0
"str sb, [sp, -4]! ",0
"str r8, [sp, -4]! ",0
"str lr, [sp, -4]! ",0
"ldr r8, [0x00002048] ",0
"ldr r8, [r8] ",0
"mov lr, pc ",0
"mov pc, r8 ",0
"mov r0, r0 ",0
pop {lr} ,0
pop {r8} ,0
pop {sb} ,0
pop {r0} ,0
"ldr r8, [0x00002044] ",0
"strb r0, [r8] ",0
"mov r0, 0 ",0
"ldr r8, [0x00002050] ",0
"ldr r1, [0x0000203c] ",0
"strh r0, [r8, r1] ",0
"mov r0, 0xc8 ",0
"strb r0, [r8, 0x116] ",0
"mov r0, 8 ",0
"strb r0, [r8, 0x117] ",0
"mov r0, 0x64 ",0
"str r0, [r8, 0x118] ",0
"mov r0, 0x14 ",0
"ldr r1, [0x00002038] ",0
"strh r0, [r8, r1] ",0
"ldr r8, [0x00002054] ",0
"ldrb r0, [r8] ",0
"str r0, [sp, -4]! ",0
"ldr r8, [0x00002050] ",0
"ldr r2, [0x00002034] ",0
"add r0, r8, r2 ",0
"mov r1, r0 ",0
"str sb, [sp, -4]! ",0
"str r8, [sp, -4]! ",0
"str lr, [sp, -4]! ",0
"ldr r8, [0x00002048] ",0
"ldr r8, [r8] ",0
"mov lr, pc ",0
"mov pc, r8 ",0
"mov r0, r0 ",0
pop {lr} ,0
pop {r8} ,0
pop {sb} ,0
pop {r0} ,0
"ldr r8, [0x00002044] ",0
"strb r0, [r8] ",0
"mov r0, 0 ",0
"ldr r8, [0x00002030] ",0
"str r0, [r8] ",0
"mov r0, 0 ",0
"ldr r8, [0x0000202c] ",0
"strh r0, [r8] ",0
"mov r0, 1 ",0
"strh r0, [r8, 2] ",0
"mov r0, 2 ",0
"strh r0, [r8, 4] ",0
"mov r0, 3 ",0
"strh r0, [r8, 6] ",0
"mov r0, 0 ",0
"strh r0, [r8, 8] ",0
"mov r0, 1 ",0
"strh r0, [r8, 0xa] ",0
"mov r0, 2 ",0
"strh r0, [r8, 0xc] ",0
"mov r0, 3 ",0
"strh r0, [r8, 0xe] ",0
"mov r0, 4 ",0
"strh r0, [r8, 0x10] ",0
"mov r0, 5 ",0
"strh r0, [r8, 0x12] ",0
"mov r0, 0 ",0
"strh r0, [r8, 0x14] ",0
"mov r0, 1 ",0
"strh r0, [r8, 0x16] ",0
"mov r0, 2 ",0
"strh r0, [r8, 0x18] ",0
"mov r0, 0xa ",0
"strh r0, [r8, 0x1a] ",0
"mov r0, 0xb ",0
"strh r0, [r8, 0x1c] ",0
"mov r0, 0xc ",0
"strh r0, [r8, 0x1e] ",0
"mov r0, 0xd ",0
"strh r0, [r8, 0x20] ",0
"mov r0, 0xe ",0
"strh r0, [r8, 0x22] ",0
"mov r0, 0xf ",0
"strh r0, [r8, 0x24] ",0
"mov r0, 0x10 ",0
"strh r0, [r8, 0x26] ",0
"mov r0, 0x11 ",0
"strh r0, [r8, 0x28] ",0
"mov r0, 0x12 ",0
"strh r0, [r8, 0x2a] ",0
"mov r0, 0x13 ",0
"strh r0, [r8, 0x2c] ",0
"mov r0, 0x14 ",0
"strh r0, [r8, 0x2e] ",0
"mov r0, 0x15 ",0
"strh r0, [r8, 0x30] ",0
"mov r0, 0x16 ",0
"strh r0, [r8, 0x32] ",0
"mov r0, 0x17 ",0
"strh r0, [r8, 0x34] ",0
"mov r0, 0x18 ",0
"strh r0, [r8, 0x36] ",0
"mov r0, 0x19 ",0
"strh r0, [r8, 0x38] ",0
"mov r0, 0x1a ",0
"strh r0, [r8, 0x3a] ",0
"mov r0, 0x1b ",0
"strh r0, [r8, 0x3c] ",0
"ldr r0, [0x00002028] ",0
"strh r0, [r8, 0x3e] ",0
"ldr r0, [0x00002024] ",0
"strh r0, [r8, 0x40] ",0
"ldr r0, [0x00002020] ",0
"strh r0, [r8, 0x42] ",0
"mov r0, 0 ",0
"strh r0, [r8, 0x44] ",0
"mov r0, 1 ",0
"strh r0, [r8, 0x46] ",0
"mov r0, 2 ",0
"strh r0, [r8, 0x48] ",0
"mov r0, 3 ",0
"strh r0, [r8, 0x4a] ",0
"mov r0, 4 ",0
"strh r0, [r8, 0x4c] ",0
"mov r0, 5 ",0
"strh r0, [r8, 0x4e] ",0
"mov r0, 6 ",0
"strh r0, [r8, 0x50] ",0
"mov r0, 7 ",0
"strh r0, [r8, 0x52] ",0
"mov r0, 3 ",0
"str r0, [r8, 0x54] ",0
"mov r0, 0x13 ",0
"strh r0, [r8, 0x58] ",0
"mov r0, 0x64 ",0
"strh r0, [r8, 0x5a] ",0
"mov r0, 0x50 ",0
"strh r0, [r8, 0x5c] ",0
"mov r0, 5 ",0
"strb r0, [r8, 0x5e] ",0
"mov r0, 0x64 ",0
"strb r0, [r8, 0x5f] ",0
"mov r0, 0xa ",0
"strh r0, [r8, 0x60] ",0
"ldr r0, [0x0000201c] ",0
"str r0, [r8, 0x64] ",0
"ldr r0, [0x00002018] ",0
"str r0, [r8, 0x68] ",0
"ldr r0, [0x0000201c] ",0
"str r0, [r8, 0x6c] ",0
"ldr r0, [0x0000201c] ",0
"str r0, [r8, 0x70] ",0
"ldr r0, [0x0000201c] ",0
"str r0, [r8, 0x74] ",0
"ldr r0, [0x0000201c] ",0
"str r0, [r8, 0x78] ",0
"ldr r0, [0x00002014] ",0
"strh r0, [r8, 0x62] ",0
"ldr r0, [0x00002014] ",0
"strh r0, [r8, 0x7c] ",0
"ldr r0, [0x00002010] ",0
"str r0, [r8, 0x80] ",0
"mov r0, 0 ",0
"strh r0, [r8, 0x7e] ",0
"mov r0, 1 ",0
"strh r0, [r8, 0x84] ",0
"mov r0, 2 ",0
"strh r0, [r8, 0x86] ",0
"mov r0, 3 ",0
"strh r0, [r8, 0x88] ",0
"mov r0, 0xb ",0
"strh r0, [r8, 0x8a] ",0
"mov r0, 0x1e ",0
"strh r0, [r8, 0x8c] ",0
"mov r0, 0x3c ",0
"strh r0, [r8, 0x8e] ",0
"mov r0, 0x78 ",0
"strh r0, [r8, 0x90] ",0
"mov r0, 0xf0 ",0
"strh r0, [r8, 0x92] ",0
"ldr r0, [0x0000200c] ",0
"strh r0, [r8, 0x94] ",0
"ldr r0, [0x00002008] ",0
"strh r0, [r8, 0x96] ",0
"ldr r0, [0x00002004] ",0
"strh r0, [r8, 0x98] ",0
"ldr r0, [0x00002000] ",0
"strh r0, [r8, 0x9a] ",0
"ldr r0, [0x00001ffc] ",0
"strh r0, [r8, 0x9c] ",0
"ldr r0, [0x00001ff8] ",0
"strh r0, [r8, 0x9e] ",0
"ldr r0, [0x00001ff4] ",0
"strh r0, [r8, 0xa0] ",0
"ldr r0, [0x00001ff0] ",0
"strh r0, [r8, 0xa2] ",0
"ldr r0, [0x00001fec] ",0
"strh r0, [r8, 0xa4] ",0
"ldr r0, [0x00001fe8] ",0
"strh r0, [r8, 0xa6] ",0
"ldr r0, [0x00001fe4] ",0
"strh r0, [r8, 0xa8] ",0
"mov r0, 7 ",0
"strh r0, [r8, 0xaa] ",0
"mov r0, 8 ",0
"strh r0, [r8, 0xac] ",0
"ldr r0, [0x00001fe4] ",0
"strh r0, [r8, 0xae] ",0
"mov r0, 0 ",0
"strh r0, [r8, 0xb0] ",0
"mov r0, 1 ",0
"strh r0, [r8, 0xb2] ",0
"mov r0, 2 ",0
"strh r0, [r8, 0xb4] ",0
"mov r0, 3 ",0
"strh r0, [r8, 0xb6] ",0
"mov r0, 4 ",0
"strh r0, [r8, 0xb8] ",0
"mov r0, 5 ",0
"strh r0, [r8, 0xba] ",0
"mov r0, 6 ",0
"strh r0, [r8, 0xbc] ",0
"mov r0, 0x14 ",0
"strh r0, [r8, 0xbe] ",0
"mov r0, 0x15 ",0
"strh r0, [r8, 0xc0] ",0
"mov r0, 0x16 ",0
"strh r0, [r8, 0xc2] ",0
"mov r0, 0x17 ",0
"strh r0, [r8, 0xc4] ",0
"mov r0, 0x18 ",0
"strh r0, [r8, 0xc6] ",0
"mov r0, 0x19 ",0
"strh r0, [r8, 0xc8] ",0
"mov r0, 0x1a ",0
"strh r0, [r8, 0xca] ",0
"ldr r0, [0x00001fe4] ",0
"strh r0, [r8, 0xcc] ",0
"mov r0, 0 ",0
"strh r0, [r8, 0xce] ",0
"mov r0, 1 ",0
"strh r0, [r8, 0xd0] ",0
"mov r0, 2 ",0
"strh r0, [r8, 0xd2] ",0
"ldr r0, [0x00001fe4] ",0
"strh r0, [r8, 0xd4] ",0
"mov r0, 1 ",0
"strh r0, [r8, 0xd6] ",0
"mov r0, 2 ",0
"strh r0, [r8, 0xd8] ",0
"ldr r0, [0x00001fe4] ",0
"strh r0, [r8, 0xda] ",0
"mov r0, 0 ",0
"strh r0, [r8, 0xdc] ",0
"mov r0, 1 ",0
"strh r0, [r8, 0xde] ",0
"mov r0, 2 ",0
"strh r0, [r8, 0xe0] ",0
"mov r0, 3 ",0
"strh r0, [r8, 0xe2] ",0
"mov r0, 4 ",0
"strh r0, [r8, 0xe4] ",0
"mov r0, 5 ",0
"strh r0, [r8, 0xe6] ",0
"mov r0, 6 ",0
"strh r0, [r8, 0xe8] ",0
"mov r0, 7 ",0
"strh r0, [r8, 0xea] ",0
"mov r0, 8 ",0
"strh r0, [r8, 0xec] ",0
"mov r0, 9 ",0
"strh r0, [r8, 0xee] ",0
"mov r0, 0xa ",0
"strh r0, [r8, 0xf0] ",0
"mov r0, 0xb ",0
"strh r0, [r8, 0xf2] ",0
"mov r0, 0xc ",0
"strh r0, [r8, 0xf4] ",0
"mov r0, 0xd ",0
"strh r0, [r8, 0xf6] ",0
"mov r0, 0xe ",0
"strh r0, [r8, 0xf8] ",0
"mov r0, 0xf ",0
"strh r0, [r8, 0xfa] ",0
"mov r0, 0x10 ",0
"strh r0, [r8, 0xfc] ",0
"mov r0, 0x11 ",0
"strh r0, [r8, 0xfe] ",0
"mov r0, 0x12 ",0
"ldr r1, [0x00001fe0] ",0
"strh r0, [r8, r1] ",0
"mov r0, 0x13 ",0
"ldr r1, [0x00001fdc] ",0
"strh r0, [r8, r1] ",0
"mov r0, 0x14 ",0
"ldr r1, [0x00002058] ",0
"strh r0, [r8, r1] ",0
"mov r0, 0x15 ",0
"ldr r1, [0x00001fd8] ",0
"strh r0, [r8, r1] ",0
"mov r0, 0x16 ",0
"ldr r1, [0x0000204c] ",0
"strh r0, [r8, r1] ",0
"mov r0, 0x17 ",0
"ldr r1, [0x00001fd4] ",0
"strh r0, [r8, r1] ",0
"mov r0, 0x18 ",0
"ldr r1, [0x00001fd0] ",0
"strh r0, [r8, r1] ",0
"mov r0, 0x19 ",0
"ldr r1, [0x00001fcc] ",0
"strh r0, [r8, r1] ",0
"mov r0, 0x1a ",0
"ldr r1, [0x00002040] ",0
"strh r0, [r8, r1] ",0
"mov r0, 0x1b ",0
"ldr r1, [0x00001fc8] ",0
"strh r0, [r8, r1] ",0
"mov r0, 0x1c ",0
"ldr r1, [0x0000203c] ",0
"strh r0, [r8, r1] ",0
"mov r0, 0x1d ",0
"ldr r1, [0x00001fc4] ",0
"strh r0, [r8, r1] ",0
"mov r0, 0x1e ",0
"ldr r1, [0x00001fc0] ",0
"strh r0, [r8, r1] ",0
"mov r0, 0x1f ",0
"ldr r1, [0x00001fbc] ",0
"strh r0, [r8, r1] ",0
"mov r0, 0x20 ",0
"ldr r1, [0x00002038] ",0
"strh r0, [r8, r1] ",0
"mov r0, 0x21 ",0
"ldr r1, [0x00001fb8] ",0
"strh r0, [r8, r1] ",0
"mov r0, 0x22 ",0
"ldr r1, [0x00002034] ",0
"strh r0, [r8, r1] ",0
"mov r0, 0x23 ",0
"ldr r1, [0x00001fb4] ",0
"strh r0, [r8, r1] ",0
"mov r0, 0x24 ",0
"ldr r1, [0x00001fb0] ",0
"strh r0, [r8, r1] ",0
"mov r0, 0x25 ",0
"ldr r1, [0x00001fac] ",0
"strh r0, [r8, r1] ",0
"mov r0, 0x26 ",0
"ldr r1, [0x00001fa8] ",0
"strh r0, [r8, r1] ",0
"mov r0, 0x27 ",0
"ldr r1, [0x00001fa4] ",0
"strh r0, [r8, r1] ",0
"mov r0, 0x28 ",0
"ldr r1, [0x00001fa0] ",0
"strh r0, [r8, r1] ",0
"mov r0, 0x29 ",0
"ldr r1, [0x00001f9c] ",0
"strh r0, [r8, r1] ",0
"mov r0, 0x2a ",0
"ldr r1, [0x00001f98] ",0
"strh r0, [r8, r1] ",0
"mov r0, 0x2b ",0
"ldr r1, [0x00001f94] ",0
"strh r0, [r8, r1] ",0
"mov r0, 0x2c ",0
"ldr r1, [0x00001f90] ",0
"strh r0, [r8, r1] ",0
"mov r0, 0x2d ",0
"ldr r1, [0x00001f8c] ",0
"strh r0, [r8, r1] ",0
"mov r0, 0x2e ",0
"ldr r1, [0x00001f88] ",0
"strh r0, [r8, r1] ",0
"mov r0, 0x2f ",0
"ldr r1, [0x00001f84] ",0
"strh r0, [r8, r1] ",0
"mov r0, 0x30 ",0
"ldr r1, [0x00001f80] ",0
"strh r0, [r8, r1] ",0
"mov r0, 0x31 ",0
"ldr r1, [0x00001f7c] ",0
"strh r0, [r8, r1] ",0
"mov r0, 0x32 ",0
"ldr r1, [0x00001f78] ",0
"strh r0, [r8, r1] ",0
"mov r0, 0x33 ",0
"ldr r1, [0x00001f74] ",0
"strh r0, [r8, r1] ",0
"mov r0, 0x34 ",0
"ldr r1, [0x00001f70] ",0
"strh r0, [r8, r1] ",0
"mov r0, 0x35 ",0
"ldr r1, [0x00001f6c] ",0
"strh r0, [r8, r1] ",0
"mov r0, 0x36 ",0
"ldr r1, [0x00001f68] ",0
"strh r0, [r8, r1] ",0
"mov r0, 0x37 ",0
"ldr r1, [0x00001f64] ",0
"strh r0, [r8, r1] ",0
"mov r0, 0x38 ",0
"ldr r1, [0x00001f60] ",0
"strh r0, [r8, r1] ",0
"mov r0, 0x39 ",0
"ldr r1, [0x00001f5c] ",0
"strh r0, [r8, r1] ",0
"mov r0, 0x3a ",0
"ldr r1, [0x00001f58] ",0
"strh r0, [r8, r1] ",0
"mov r0, 0x3b ",0
"ldr r1, [0x00001f54] ",0
"strh r0, [r8, r1] ",0
"mov r0, 0x3c ",0
"ldr r1, [0x00001f50] ",0
"strh r0, [r8, r1] ",0
"mov r0, 0x3d ",0
"ldr r1, [0x00001f4c] ",0
"strh r0, [r8, r1] ",0
"mov r0, 0x3e ",0
"ldr r1, [0x00001f48] ",0
"strh r0, [r8, r1] ",0
"mov r0, 0x3f ",0
"ldr r1, [0x00001f44] ",0
"strh r0, [r8, r1] ",0
"mov r0, 0x40 ",0
"ldr r1, [0x00001f40] ",0
"strh r0, [r8, r1] ",0
"mov r0, 0x41 ",0
"ldr r1, [0x00001f3c] ",0
"strh r0, [r8, r1] ",0
"mov r0, 0x42 ",0
"ldr r1, [0x00001f38] ",0
"strh r0, [r8, r1] ",0
"mov r0, 0x43 ",0
"ldr r1, [0x00001f34] ",0
"strh r0, [r8, r1] ",0
"mov r0, 0x44 ",0
"ldr r1, [0x00001f30] ",0
"strh r0, [r8, r1] ",0
"mov r0, 0x45 ",0
"ldr r1, [0x00001f2c] ",0
"strh r0, [r8, r1] ",0
"mov r0, 0x46 ",0
"ldr r1, [0x00001f28] ",0
"strh r0, [r8, r1] ",0
"mov r0, 0x47 ",0
"ldr r1, [0x00001f24] ",0
"strh r0, [r8, r1] ",0
"mov r0, 0x48 ",0
"ldr r1, [0x00001f20] ",0
"strh r0, [r8, r1] ",0
"mov r0, 0x49 ",0
"ldr r1, [0x00001f1c] ",0
"strh r0, [r8, r1] ",0
"mov r0, 0 ",0
"ldr r1, [0x00001f18] ",0
"strh r0, [r8, r1] ",0
"mov r0, 1 ",0
"ldr r1, [0x00001f14] ",0
"strh r0, [r8, r1] ",0
"mov r0, 2 ",0
"ldr r1, [0x00001f10] ",0
"strh r0, [r8, r1] ",0
"mov r0, 3 ",0
"ldr r1, [0x00001f0c] ",0
"strh r0, [r8, r1] ",0
"mov r0, 4 ",0
"ldr r1, [0x00001f08] ",0
"strh r0, [r8, r1] ",0
"mov r0, 5 ",0
"ldr r1, [0x00001f04] ",0
"strh r0, [r8, r1] ",0
"mov r0, 6 ",0
"ldr r1, [0x00001f00] ",0
"strh r0, [r8, r1] ",0
"mov r0, 0 ",0
"ldr r1, [0x00001efc] ",0
"strh r0, [r8, r1] ",0
"mov r0, 1 ",0
"ldr r1, [0x00001ef8] ",0
"strh r0, [r8, r1] ",0
"mov r0, 2 ",0
"ldr r1, [0x00001ef4] ",0
"strh r0, [r8, r1] ",0
"mov r0, 0 ",0
"ldr r1, [0x00001ef0] ",0
"strh r0, [r8, r1] ",0
"mov r0, 1 ",0
"ldr r1, [0x00001eec] ",0
"strh r0, [r8, r1] ",0
"mov r0, 2 ",0
"ldr r1, [0x00001ee8] ",0
"strh r0, [r8, r1] ",0
"mov r0, 0 ",0
"ldr r1, [0x00001ee4] ",0
"strh r0, [r8, r1] ",0
"mov r0, 1 ",0
"ldr r1, [0x00001ee0] ",0
"strh r0, [r8, r1] ",0
"mov r0, 2 ",0
"ldr r1, [0x00001edc] ",0
"strh r0, [r8, r1] ",0
"mov r0, 3 ",0
"ldr r1, [0x00001ed8] ",0
"strh r0, [r8, r1] ",0
"mov r0, 4 ",0
"ldr r1, [0x00001ed4] ",0
"strh r0, [r8, r1] ",0
"mov r0, 5 ",0
"ldr r1, [0x00001ed0] ",0
"strh r0, [r8, r1] ",0
"mov r0, 6 ",0
"ldr r1, [0x00001ecc] ",0
"strh r0, [r8, r1] ",0
"mov r0, 7 ",0
"ldr r1, [0x00001ec8] ",0
"strh r0, [r8, r1] ",0
"mov r0, 8 ",0
"ldr r1, [0x00001ec4] ",0
"strh r0, [r8, r1] ",0
"mov r0, 9 ",0
"ldr r1, [0x00001ec0] ",0
"strh r0, [r8, r1] ",0
"mov r0, 0xa ",0
"ldr r1, [0x00001ebc] ",0
"strh r0, [r8, r1] ",0
"mov r0, 0xb ",0
"ldr r1, [0x00001eb8] ",0
"strh r0, [r8, r1] ",0
"mov r0, 0xc ",0
"ldr r1, [0x00001eb4] ",0
"strh r0, [r8, r1] ",0
"mov r0, 0xd ",0
"ldr r1, [0x00001eb0] ",0
"strh r0, [r8, r1] ",0
"mov r0, 0xe ",0
"ldr r1, [0x00001eac] ",0
"strh r0, [r8, r1] ",0
"mov r0, 0xf ",0
"ldr r1, [0x00001ea8] ",0
"strh r0, [r8, r1] ",0
"mov r0, 0x10 ",0
"ldr r1, [0x00001ea4] ",0
"strh r0, [r8, r1] ",0
"mov r0, 0x11 ",0
"ldr r1, [0x00001ea0] ",0
"strh r0, [r8, r1] ",0
"mov r0, 0x12 ",0
"ldr r1, [0x00001e9c] ",0
"strh r0, [r8, r1] ",0
"mov r0, 0x13 ",0
"ldr r1, [0x00001e98] ",0
"strh r0, [r8, r1] ",0
"mov r0, 0x14 ",0
"ldr r1, [0x00001e94] ",0
"strh r0, [r8, r1] ",0
"mov r0, 0x15 ",0
"ldr r1, [0x00001e90] ",0
"strh r0, [r8, r1] ",0
"mov r0, 0x16 ",0
"ldr r1, [0x00001e8c] ",0
"strh r0, [r8, r1] ",0
"mov r0, 0x17 ",0
"ldr r1, [0x00001e88] ",0
"strh r0, [r8, r1] ",0
"mov r0, 0x18 ",0
"ldr r1, [0x00001e84] ",0
"strh r0, [r8, r1] ",0
"mov r0, 0x19 ",0
"ldr r1, [0x00001e80] ",0
"strh r0, [r8, r1] ",0
"mov r0, 0x1a ",0
"ldr r1, [0x00001e7c] ",0
"strh r0, [r8, r1] ",0
"mov r0, 0x1b ",0
"ldr r1, [0x00001e78] ",0
"strh r0, [r8, r1] ",0
"mov r0, 0x1c ",0
"ldr r1, [0x00001e74] ",0
"strh r0, [r8, r1] ",0
"mov r0, 0x1d ",0
"ldr r1, [0x00001e70] ",0
"strh r0, [r8, r1] ",0
"mov r0, 0x1e ",0
"ldr r1, [0x00001e6c] ",0
"strh r0, [r8, r1] ",0
"mov r0, 0x1f ",0
"ldr r1, [0x00001e68] ",0
"strh r0, [r8, r1] ",0
"mov r0, 0x20 ",0
"ldr r1, [0x00001e64] ",0
"strh r0, [r8, r1] ",0
"mov r0, 0x21 ",0
"ldr r1, [0x00001e60] ",0
"strh r0, [r8, r1] ",0
"mov r0, 0x22 ",0
"ldr r1, [0x00001e5c] ",0
"strh r0, [r8, r1] ",0
"mov r0, 0x23 ",0
"ldr r1, [0x00001e58] ",0
"strh r0, [r8, r1] ",0
"ldr r0, [0x00001e54] ",0
"ldr r1, [0x00001e50] ",0
"strh r0, [r8, r1] ",0
"ldr r0, [0x00001e4c] ",0
"ldr r1, [0x00001e48] ",0
"strh r0, [r8, r1] ",0
"ldr r0, [0x00001e44] ",0
"ldr r1, [0x00001e40] ",0
"strh r0, [r8, r1] ",0
"ldr r0, [0x00001e3c] ",0
"ldr r1, [0x00001e38] ",0
"strh r0, [r8, r1] ",0
"ldr r0, [0x00001e34] ",0
"ldr r1, [0x00001e30] ",0
"strh r0, [r8, r1] ",0
"ldr r0, [0x00001e2c] ",0
"ldr r1, [0x00001e28] ",0
"strh r0, [r8, r1] ",0
"ldr r0, [0x00002028] ",0
"ldr r1, [0x00001e24] ",0
"strh r0, [r8, r1] ",0
"ldr r0, [0x00002024] ",0
"ldr r1, [0x0000200c] ",0
"strh r0, [r8, r1] ",0
"ldr r0, [0x00002020] ",0
"ldr r1, [0x00001e20] ",0
"strh r0, [r8, r1] ",0
"ldr r0, [0x00001e1c] ",0
"ldr r1, [0x00001e18] ",0
"strh r0, [r8, r1] ",0
"ldr r0, [0x00001e14] ",0
"ldr r1, [0x00001e10] ",0
"strh r0, [r8, r1] ",0
"ldr r0, [0x00001e0c] ",0
"ldr r1, [0x00001e08] ",0
"strh r0, [r8, r1] ",0
"ldr r0, [0x00001e04] ",0
"ldr r1, [0x00001e00] ",0
"strh r0, [r8, r1] ",0
"ldr r0, [0x00001dfc] ",0
"ldr r1, [0x00001df8] ",0
"strh r0, [r8, r1] ",0
"ldr r0, [0x00001df4] ",0
"ldr r1, [0x00001df0] ",0
"strh r0, [r8, r1] ",0
"ldr r0, [0x00001dec] ",0
"ldr r1, [0x00001de8] ",0
"strh r0, [r8, r1] ",0
"ldr r0, [0x00001de4] ",0
"ldr r1, [0x00001de0] ",0
"strh r0, [r8, r1] ",0
"ldr r0, [0x00001ddc] ",0
"ldr r1, [0x00001e54] ",0
"strh r0, [r8, r1] ",0
"ldr r0, [0x00001dd8] ",0
"ldr r1, [0x00001e44] ",0
"strh r0, [r8, r1] ",0
"ldr r0, [0x00001dd4] ",0
"ldr r1, [0x00001dd0] ",0
"strh r0, [r8, r1] ",0
"ldr r0, [0x00001dcc] ",0
"ldr r1, [0x00001dc8] ",0
"strh r0, [r8, r1] ",0
"ldr r0, [0x00001dc4] ",0
"ldr r1, [0x00001dc0] ",0
"strh r0, [r8, r1] ",0
"ldr r0, [0x00001dbc] ",0
"ldr r1, [0x00001db8] ",0
"strh r0, [r8, r1] ",0
"ldr r0, [0x00001db4] ",0
"ldr r1, [0x00001db0] ",0
"strh r0, [r8, r1] ",0
"mov r0, 0 ",0
"ldr r1, [0x00001dac] ",0
"strh r0, [r8, r1] ",0
"mov r0, 1 ",0
"ldr r1, [0x00001da8] ",0
"strh r0, [r8, r1] ",0
"mov r0, 2 ",0
"ldr r1, [0x00001da4] ",0
"strh r0, [r8, r1] ",0
"mov r0, 4 ",0
"ldr r1, [0x00001da0] ",0
"strh r0, [r8, r1] ",0
"mov r0, 8 ",0
"ldr r1, [0x00001d9c] ",0
"strh r0, [r8, r1] ",0
"mov r0, 0x10 ",0
"ldr r1, [0x00001d98] ",0
"strh r0, [r8, r1] ",0
"mov r0, 0x11 ",0
"ldr r1, [0x00001d94] ",0
"strh r0, [r8, r1] ",0
"mov r0, 0x12 ",0
"ldr r1, [0x00001d90] ",0
"strh r0, [r8, r1] ",0
"mov r0, 0 ",0
"ldr r1, [0x00001d8c] ",0
"strh r0, [r8, r1] ",0
"mov r0, 1 ",0
"ldr r1, [0x00001d88] ",0
"strh r0, [r8, r1] ",0
"mov r0, 2 ",0
"ldr r1, [0x00001d84] ",0
"strh r0, [r8, r1] ",0
"mov r0, 3 ",0
"ldr r1, [0x00001d80] ",0
"strh r0, [r8, r1] ",0
"mov r0, 4 ",0
"ldr r1, [0x00001d7c] ",0
"strh r0, [r8, r1] ",0
"mov r0, 0xff ",0
"ldr r1, [0x00001d78] ",0
"strh r0, [r8, r1] ",0
"mov r0, 0 ",0
"ldr r1, [0x00001d74] ",0
"strh r0, [r8, r1] ",0
"ldr r0, [0x00001d70] ",0
"str r0, [r8, 0x220] ",0
"mov r0, 0 ",0
"ldr r1, [0x00001d6c] ",0
"strh r0, [r8, r1] ",0
"mov r0, 1 ",0
"ldr r1, [0x00001d68] ",0
"strh r0, [r8, r1] ",0
"mov r0, 1 ",0
"ldr r1, [0x00001d64] ",0
"strh r0, [r8, r1] ",0
"mov r0, 2 ",0
"ldr r1, [0x00001d60] ",0
"strh r0, [r8, r1] ",0
"mov r0, 3 ",0
"ldr r1, [0x00001d5c] ",0
"strh r0, [r8, r1] ",0
"mov r0, 4 ",0
"ldr r1, [0x00001d58] ",0
"strh r0, [r8, r1] ",0
"mov r0, 5 ",0
"ldr r1, [0x00001d54] ",0
"strh r0, [r8, r1] ",0
"mov r0, 6 ",0
"ldr r1, [0x00001d50] ",0
"strh r0, [r8, r1] ",0
"mov r0, 7 ",0
"ldr r1, [0x00001d4c] ",0
"strh r0, [r8, r1] ",0
"mov r0, 7 ",0
"ldr r1, [0x00001d48] ",0
"strh r0, [r8, r1] ",0
"mov r0, 8 ",0
"ldr r1, [0x00001d44] ",0
"strh r0, [r8, r1] ",0
"mov r0, 9 ",0
"ldr r1, [0x00001d40] ",0
"strh r0, [r8, r1] ",0
"mov r0, 0xa ",0
"ldr r1, [0x00001d3c] ",0
"strh r0, [r8, r1] ",0
"mov r0, 0xb ",0
"ldr r1, [0x00001d38] ",0
"strh r0, [r8, r1] ",0
"mov r0, 0xc ",0
"ldr r1, [0x00001d34] ",0
"strh r0, [r8, r1] ",0
"mov r0, 0xd ",0
b 0x205c ,0
"mov r0, r0 ",0
"stclgt p13, c12, [sp, 0x334] ",1
"stclgt p13, c12, [sp, 0x334] ",1
"andeq r0, r0, r0, asr 4 ",1
"andeq r0, r0, lr, lsr r2 ",1
"andeq r0, r0, ip, lsr r2 ",1
"andeq r0, r0, sl, lsr r2 ",1
"andeq r0, r0, r8, lsr r2 ",1
"andeq r0, r0, r6, lsr r2 ",1
"andeq r0, r0, r4, lsr r2 ",1
"andeq r0, r0, r2, lsr r2 ",1
"andeq r0, r0, r0, lsr r2 ",1
"andeq r0, r0, lr, lsr 4 ",1
"andeq r0, r0, ip, lsr 4 ",1
"andeq r0, r0, sl, lsr 4 ",1
"andeq r0, r0, r8, lsr 4 ",1
"andeq r0, r0, r6, lsr 4 ",1
"andeq r0, r0, r4, lsr 4 ",1
invalid ,1
"andeq r0, r0, lr, lsl r2 ",1
"andeq r0, r0, ip, lsl r2 ",1
"andeq r0, r0, sl, lsl r2 ",1
"andeq r0, r0, r8, lsl r2 ",1
"andeq r0, r0, r6, lsl r2 ",1
"andeq r0, r0, r4, lsl r2 ",1
"andeq r0, r0, r2, lsl r2 ",1
"andeq r0, r0, r0, lsl r2 ",1
"andeq r0, r0, lr, lsl 4 ",1
"andeq r0, r0, ip, lsl 4 ",1
"andeq r0, r0, sl, lsl 4 ",1
"andeq r0, r0, r8, lsl 4 ",1
"andeq r0, r0, r6, lsl 4 ",1
"andeq r0, r0, r4, lsl 4 ",1
"andeq r0, r0, r2, lsl 4 ",1
"andeq r0, r0, r0, lsl 4 ",1
"andeq r0, r0, r8, ror 9 ",1
"strdeq r0, r1, [r0], -lr ",1
"andeq r0, r0, r7, ror 9 ",1
"strdeq r0, r1, [r0], -ip ",1
"strdeq r0, r1, [r0], -r7 ",1
"strdeq r0, r1, [r0], -sl ",1
"strdeq r0, r1, [r0], -r6 ",1
"strdeq r0, r1, [r0], -r8 ",1
"strdeq r0, r1, [r0], -r5 ",1
"strdeq r0, r1, [r0], -r4 ",1
"strdeq r0, r1, [r0], -r3 ",1
"strdeq r0, r1, [r0], -r2 ",1
"strdeq r0, r1, [r0], -r2 ",1
"strdeq r0, r1, [r0], -r0 ",1
"strdeq r0, r1, [r0], -r1 ",1
"andeq r0, r0, lr, ror 3 ",1
"strdeq r0, r1, [r0], -r0 ",1
"andeq r0, r0, ip, ror 3 ",1
"andeq r0, r0, pc, ror 7 ",1
"andeq r0, r0, sl, ror 3 ",1
"andeq r0, r0, lr, ror 7 ",1
"andeq r0, r0, r8, ror 3 ",1
"andeq r0, r0, sp, ror 7 ",1
"andeq r0, r0, r6, ror 3 ",1
"andeq r0, r0, ip, ror 7 ",1
"andeq r0, r0, r4, ror 3 ",1
"andeq r0, r0, fp, ror 7 ",1
"andeq r0, r0, r2, ror 3 ",1
"ldrdeq r0, r1, [r0], -lr ",1
"ldrdeq r0, r1, [r0], -ip ",1
"strdeq r0, r1, [r0], -r0 ",1
"ldrdeq r0, r1, [r0], -sl ",1
"andeq r0, r0, pc, ror 5 ",1
"ldrdeq r0, r1, [r0], -r8 ",1
"andeq r0, r0, lr, ror 5 ",1
"ldrdeq r0, r1, [r0], -r6 ",1
"strdeq r0, r1, [r0], -r6 ",1
"ldrdeq r0, r1, [r0], -r4 ",1
"strdeq r0, r1, [r0], -r5 ",1
"ldrdeq r0, r1, [r0], -r2 ",1
"strdeq r0, r1, [r0], -r4 ",1
"ldrdeq r0, r1, [r0], -r0 ",1
"andeq r0, r0, lr, asr 3 ",1
"andeq r0, r0, ip, asr 3 ",1
"andeq r0, r0, sl, asr 3 ",1
"andeq r0, r0, r8, asr 3 ",1
"andeq r0, r0, r6, asr 3 ",1
"andeq r0, r0, r4, asr 3 ",1
"andeq r0, r0, r2, asr 3 ",1
"andeq r0, r0, r0, asr 3 ",1
"strheq r0, [r0], -lr ",1
"strheq r0, [r0], -ip ",1
"strheq r0, [r0], -sl ",1
"strheq r0, [r0], -r8 ",1
"strheq r0, [r0], -r6 ",1
"strheq r0, [r0], -r4 ",1
"strheq r0, [r0], -r2 ",1
"strheq r0, [r0], -r0 ",1
"andeq r0, r0, lr, lsr 3 ",1
"andeq r0, r0, ip, lsr 3 ",1
"andeq r0, r0, sl, lsr 3 ",1
"andeq r0, r0, r8, lsr 3 ",1
"andeq r0, r0, r6, lsr 3 ",1
"andeq r0, r0, r4, lsr 3 ",1
"andeq r0, r0, r2, lsr 3 ",1
"andeq r0, r0, r0, lsr 3 ",1
"muleq r0, lr, r1 ",1
"muleq r0, ip, r1 ",1
"muleq r0, sl, r1 ",1
"muleq r0, r8, r1 ",1
"muleq r0, r6, r1 ",1
"muleq r0, r4, r1 ",1
"muleq r0, r2, r1 ",1
"muleq r0, r0, r1 ",1
"andeq r0, r0, lr, lsl 3 ",1
"andeq r0, r0, ip, lsl 3 ",1
"andeq r0, r0, sl, lsl 3 ",1
"andeq r0, r0, r8, lsl 3 ",1
"andeq r0, r0, r6, lsl 3 ",1
"andeq r0, r0, r4, lsl 3 ",1
"andeq r0, r0, r2, lsl 3 ",1
"andeq r0, r0, r0, lsl 3 ",1
"andeq r0, r0, lr, ror r1 ",1
"andeq r0, r0, ip, ror r1 ",1
"andeq r0, r0, sl, ror r1 ",1
"andeq r0, r0, r8, ror r1 ",1
"andeq r0, r0, r6, ror r1 ",1
"andeq r0, r0, r4, ror r1 ",1
"andeq r0, r0, r2, ror r1 ",1
"andeq r0, r0, r0, ror r1 ",1
"andeq r0, r0, lr, ror 2 ",1
"andeq r0, r0, ip, ror 2 ",1
"andeq r0, r0, sl, ror 2 ",1
"andeq r0, r0, r8, ror 2 ",1
"andeq r0, r0, r6, ror 2 ",1
"andeq r0, r0, r4, ror 2 ",1
"andeq r0, r0, r2, ror 2 ",1
"andeq r0, r0, r0, ror 2 ",1
"andeq r0, r0, lr, asr r1 ",1
"andeq r0, r0, ip, asr r1 ",1
"andeq r0, r0, sl, asr r1 ",1
"andeq r0, r0, r8, asr r1 ",1
"andeq r0, r0, r6, asr r1 ",1
"andeq r0, r0, r4, asr r1 ",1
"andeq r0, r0, r2, asr r1 ",1
"andeq r0, r0, r0, asr r1 ",1
"andeq r0, r0, lr, asr 2 ",1
"andeq r0, r0, ip, asr 2 ",1
"andeq r0, r0, sl, asr 2 ",1
"andeq r0, r0, r8, asr 2 ",1
"andeq r0, r0, r6, asr 2 ",1
"andeq r0, r0, r4, asr 2 ",1
"andeq r0, r0, r2, asr 2 ",1
"andeq r0, r0, r0, asr 2 ",1
"andeq r0, r0, lr, lsr r1 ",1
"andeq r0, r0, ip, lsr r1 ",1
"andeq r0, r0, sl, lsr r1 ",1
"andeq r0, r0, r8, lsr r1 ",1
"andeq r0, r0, r6, lsr r1 ",1
"andeq r0, r0, r4, lsr r1 ",1
"andeq r0, r0, r2, lsr r1 ",1
"andeq r0, r0, r0, lsr r1 ",1
"andeq r0, r0, lr, lsr 2 ",1
"andeq r0, r0, ip, lsr 2 ",1
"andeq r0, r0, sl, lsr 2 ",1
"andeq r0, r0, r8, lsr 2 ",1
"andeq r0, r0, r6, lsr 2 ",1
"andeq r0, r0, r4, lsr 2 ",1
"andeq r0, r0, r2, lsr 2 ",1
"andeq r0, r0, lr, lsl r1 ",1
"andeq r0, r0, sl, lsl r1 ",1
"andeq r0, r0, r8, lsl r1 ",1
"andeq r0, r0, r6, lsl r1 ",1
"andeq r0, r0, r2, lsl r1 ",1
"andeq r0, r0, lr, lsl 2 ",1
"andeq r0, r0, ip, lsl 2 ",1
"andeq r0, r0, sl, lsl 2 ",1
"andeq r0, r0, r6, lsl 2 ",1
"andeq r0, r0, r2, lsl 2 ",1
"andeq r0, r0, r0, lsl 2 ",1
"strdeq r7, r8, [r0], -pc ",1
"andeq r2, r0, r0, lsl 26 ",1
"andeq r1, r0, sl, ror 16 ",1
"andeq r1, r0, r0, lsl 13 ",1
"andeq r0, r0, r0, lsl 30 ",1
"andeq r0, r0, r0, asr 22 ",1
"andeq r0, r0, r0, lsl 15 ",1
"andeq r0, r0, r0, lsr 11 ",1
"strheq r0, [r0], -r0 ",1
"andeq r0, r0, r0, asr 7 ",1
"andeq r0, r0, r0, ror 3 ",1
"andeq r2, r0, r0, lsl r7 ",1
"andeq r0, r0, r0, asr 11 ",1
"strheq r0, [r0], -r8 ",1
"ldrdeq r0, r1, [r0], -ip ",1
"andeq r0, r0, sl, ror 7 ",1
"andeq r0, r0, sb, ror 7 ",1
"andeq r0, r0, r8, ror 7 ",1
"strdeq r2, r3, [r0], -ip ",1
"andeq r6, r0, r4, ror sb ",1
"andeq r0, r0, r0, lsr 2 ",1
"andeq r0, r0, ip, lsl r1 ",1
"andeq r0, r0, r4, lsl r1 ",1
"andeq r0, r0, r0, lsl r1 ",1
"strheq r4, [r0], -r7 ",1
"andeq r0, r0, ip, ror r1 ",1
"andeq r0, r0, r8, lsl 2 ",1
"andeq r6, r0, r8, asr 16 ",1
"muleq r0, sb, r0 ",1
"andeq r0, r0, r4, lsl 2 ",1
"ldr r1, [0x00003054] ",0
"strh r0, [r8, r1] ",0
"mov r0, 0xe ",0
"ldr r1, [0x00003050] ",0
"strh r0, [r8, r1] ",0
"mov r0, 0xf ",0
"ldr r1, [0x0000304c] ",0
"strh r0, [r8, r1] ",0
"mov r0, 0x10 ",0
"ldr r1, [0x00003048] ",0
"strh r0, [r8, r1] ",0
"mov r0, 0x11 ",0
"ldr r1, [0x00003044] ",0
"strh r0, [r8, r1] ",0
"mov r0, 0x12 ",0
"ldr r1, [0x00003040] ",0
"strh r0, [r8, r1] ",0
"mov r0, 0x13 ",0
"ldr r1, [0x0000303c] ",0
"strh r0, [r8, r1] ",0
"mov r0, 0x14 ",0
"ldr r1, [0x00003038] ",0
"strh r0, [r8, r1] ",0
"mov r0, 0x15 ",0
"ldr r1, [0x00003034] ",0
"strh r0, [r8, r1] ",0
"mov r0, 0x16 ",0
"ldr r1, [0x00003030] ",0
"strh r0, [r8, r1] ",0
"mov r0, 0x17 ",0
"ldr r1, [0x0000302c] ",0
"strh r0, [r8, r1] ",0
"mov r0, 0x18 ",0
"ldr r1, [0x00003028] ",0
"strh r0, [r8, r1] ",0
"mov r0, 0x19 ",0
"ldr r1, [0x00003024] ",0
"strh r0, [r8, r1] ",0
"mov r0, 0x1a ",0
"ldr r1, [0x00003020] ",0
"strh r0, [r8, r1] ",0
"mov r0, 0x64 ",0
"ldr r1, [0x0000301c] ",0
"strh r0, [r8, r1] ",0
"mov r0, 0x65 ",0
"ldr r1, [0x00003018] ",0
"strh r0, [r8, r1] ",0
"ldr r0, [0x00003014] ",0
"ldr r1, [0x00003010] ",0
"strh r0, [r8, r1] ",0
"mov r0, 1 ",0
"str r0, [r8, 0x264] ",0
"mov r0, 2 ",0
"str r0, [r8, 0x268] ",0
"mov r0, 4 ",0
"str r0, [r8, 0x26c] ",0
"mov r0, 8 ",0
"str r0, [r8, 0x270] ",0
"mov r0, 0x10 ",0
"str r0, [r8, 0x274] ",0
"mov r0, 0x20 ",0
"str r0, [r8, 0x278] ",0
"mov r0, 0x40 ",0
"str r0, [r8, 0x27c] ",0
"mov r0, 0x80 ",0
"str r0, [r8, 0x280] ",0
"ldr r0, [0x0000300c] ",0
"str r0, [r8, 0x284] ",0
"ldr r0, [0x00003008] ",0
"str r0, [r8, 0x288] ",0
"ldr r0, [0x00003004] ",0
"str r0, [r8, 0x28c] ",0
"ldr r0, [0x00003000] ",0
"str r0, [r8, 0x290] ",0
"ldr r0, [0x00002ffc] ",0
"str r0, [r8, 0x294] ",0
"ldr r0, [0x00002ff8] ",0
"str r0, [r8, 0x298] ",0
"ldr r0, [0x00002ff4] ",0
"str r0, [r8, 0x29c] ",0
"ldr r0, [0x00002ff0] ",0
"str r0, [r8, 0x2a0] ",0
"ldr r0, [0x00002fec] ",0
"str r0, [r8, 0x2a4] ",0
"ldr r0, [0x00002fe8] ",0
"str r0, [r8, 0x2a8] ",0
"ldr r0, [0x00002fe4] ",0
"str r0, [r8, 0x2ac] ",0
"mov r0, 1 ",0
"str r0, [r8, 0x2b0] ",0
"mov r0, 2 ",0
"str r0, [r8, 0x2b4] ",0
"mov r0, 1 ",0
"str r0, [r8, 0x2b8] ",0
"mov r0, 2 ",0
"str r0, [r8, 0x2bc] ",0
"mov r0, 3 ",0
"str r0, [r8, 0x2c0] ",0
"mov r0, 4 ",0
"str r0, [r8, 0x2c4] ",0
"mov r0, 5 ",0
"str r0, [r8, 0x2c8] ",0
"mov r0, 1 ",0
"str r0, [r8, 0x2cc] ",0
"mov r0, 2 ",0
"str r0, [r8, 0x2d0] ",0
"mov r0, 3 ",0
"str r0, [r8, 0x2d4] ",0
"mov r0, 4 ",0
"str r0, [r8, 0x2d8] ",0
"mov r0, 5 ",0
"str r0, [r8, 0x2dc] ",0
"mov r0, 0 ",0
"str r0, [r8, 0x2e0] ",0
"ldr r0, [0x00002fe0] ",0
"str r0, [r8, 0x2e4] ",0
"ldr r0, [0x00002fdc] ",0
"str r0, [r8, 0x2e8] ",0
"ldr r0, [0x00002fdc] ",0
"str r0, [r8, 0x2ec] ",0
"mov r0, 0 ",0
"str r0, [r8, 0x2f0] ",0
"mov r0, 1 ",0
"str r0, [r8, 0x2f4] ",0
"mov r0, 2 ",0
"str r0, [r8, 0x2f8] ",0
"mov r0, 3 ",0
"str r0, [r8, 0x2fc] ",0
"mov r0, 6 ",0
"str r0, [r8, 0x300] ",0
"mov r0, 0xc ",0
"str r0, [r8, 0x304] ",0
"mov r0, 0x11 ",0
"str r0, [r8, 0x308] ",0
"mov r0, 0x16 ",0
"str r0, [r8, 0x30c] ",0
"mov r0, 0x4d ",0
"str r0, [r8, 0x310] ",0
"mov r0, 0xff ",0
"str r0, [r8, 0x314] ",0
"ldr r0, [0x0000300c] ",0
"str r0, [r8, 0x318] ",0
"mov r0, 1 ",0
"str r0, [r8, 0x31c] ",0
"mov r0, 2 ",0
"str r0, [r8, 0x320] ",0
"mov r0, 4 ",0
"str r0, [r8, 0x324] ",0
"mov r0, 1 ",0
"str r0, [r8, 0x328] ",0
"mov r0, 2 ",0
"str r0, [r8, 0x32c] ",0
"mov r0, 0x40 ",0
"str r0, [r8, 0x330] ",0
"mov r0, 0x3f ",0
"str r0, [r8, 0x334] ",0
"ldr r0, [0x00002fd8] ",0
"str r0, [r8, 0x338] ",0
"mov r1, lr ",0
bl 0x22fc ,0
"vnmlami.f16 s15, s6, s7 ",1
invalid ,1
"subpl r5, r5, 0x7900000 ",1
"eorshs r3, sb, sl, lsr r1 ",1
"cmpvs r3, sp, lsr 32 ",1
"strbvs r2, [r6, -0x6e] ",1
"strbvs r6, [r3, -0x96c]! ",1
"andeq r0, r0, r0 ",0
"mov r0, lr ",0
"mov lr, r1 ",0
"ldr r2, [0x00002fd4] ",0
"add r1, r8, r2 ",0
"mov r3, 0 ",0
"mov r0, r0 ",0
"mov r2, 0x1d ",0
"cmp r3, r2 ",0
"movhs r2, 1 ",0
"movlo r2, 0 ",0
"cmp r2, 0 ",0
bne 0x2344 ,0
"mov r0, r0 ",0
"ldrb r2, [r0, r3] ",0
"strb r2, [r1, r3] ",0
"add r3, r3, 1 ",0
b 0x2310 ,0
"mov r0, r0 ",0
"mov r0, r0 ",0
"mov r1, lr ",0
bl 0x2354 ,0
"subseq r3, ip, r3, asr sl ",1
"mov r0, lr ",0
"mov lr, r1 ",0
"ldr r8, [0x00002fd0] ",0
"mov r1, r8 ",0
"mov r3, 0 ",0
"mov r0, r0 ",0
"mov r2, 4 ",0
"cmp r3, r2 ",0
"movhs r2, 1 ",0
"movlo r2, 0 ",0
"cmp r2, 0 ",0
bne 0x239c ,0
"mov r0, r0 ",0
"ldrb r2, [r0, r3] ",0
"strb r2, [r1, r3] ",0
"add r3, r3, 1 ",0
b 0x2368 ,0
"mov r0, r0 ",0
"mov r0, r0 ",0
"mov r1, lr ",0
bl 0x23ac ,0
"andeq r0, r0, r0 ",0
"mov r0, lr ",0
"mov lr, r1 ",0
"ldr r8, [0x00002fcc] ",0
"mov r1, r8 ",0
"mov r3, 0 ",0
"mov r0, r0 ",0
"mov r2, 1 ",0
"cmp r3, r2 ",0
"movhs r2, 1 ",0
"movlo r2, 0 ",0
"cmp r2, 0 ",0
bne 0x23f4 ,0
"mov r0, r0 ",0
"ldrb r2, [r0, r3] ",0
"strb r2, [r1, r3] ",0
"add r3, r3, 1 ",0
b 0x23c0 ,0
"mov r0, r0 ",0
"mov r0, r0 ",0
"mov r1, lr ",0
bl 0x2410 ,0
"mrchs p9, 1, r3, c2, c1, 1 ",1
"mrchs p6, 1, r3, c8, c1, 1 ",1
"mrchs p0, 1, r3, c0, c1, 1 ",1
"andeq r0, r0, r3, lsr r0 ",1
"mov r0, lr ",0
"mov lr, r1 ",0
"ldr r8, [0x00002fc8] ",0
"mov r1, r8 ",0
"mov r3, 0 ",0
"mov r0, r0 ",0
"mov r2, 0xe ",0
"cmp r3, r2 ",0
"movhs r2, 1 ",0
"movlo r2, 0 ",0
"cmp r2, 0 ",0
bne 0x2458 ,0
"mov r0, r0 ",0
"ldrb r2, [r0, r3] ",0
"strb r2, [r1, r3] ",0
"add r3, r3, 1 ",0
b 0x2424 ,0
"mov r0, r0 ",0
"mov r0, r0 ",0
"mov r1, lr ",0
bl 0x247c ,0
"subshs r4, r4, r7, asr 10 ",1
"ldrbvs r6, [sb, -pc, lsr 6]! ",1
"ldrbtvc r7, [r2], -sp, ror 6 ",1
"ldrbvs r6, [r3, -pc, lsr 16]! ",1
invalid ,1
"eorseq r7, pc, r8, ror 16 ",1
"mov r0, lr ",0
"mov lr, r1 ",0
"ldr r8, [0x00002fc4] ",0
"mov r1, r8 ",0
"mov r3, 0 ",0
"mov r0, r0 ",0
"mov r2, 0x18 ",0
"cmp r3, r2 ",0
"movhs r2, 1 ",0
"movlo r2, 0 ",0
"cmp r2, 0 ",0
bne 0x24c4 ,0
"mov r0, r0 ",0
"ldrb r2, [r0, r3] ",0
"strb r2, [r1, r3] ",0
"add r3, r3, 1 ",0
b 0x2490 ,0
"mov r0, r0 ",0
"mov r0, r0 ",0
"mov r1, lr ",0
bl 0x24d8 ,0
beq 0x344d0c ,1
"andeq r0, r0, r0 ",0
"mov r0, lr ",0
"mov lr, r1 ",0
"ldr r8, [0x00002fc0] ",0
"mov r1, r8 ",0
"mov r3, 0 ",0
"mov r0, r0 ",0
"mov r2, 5 ",0
"cmp r3, r2 ",0
"movhs r2, 1 ",0
"movlo r2, 0 ",0
"cmp r2, 0 ",0
bne 0x2520 ,0
"mov r0, r0 ",0
"ldrb r2, [r0, r3] ",0
"strb r2, [r1, r3] ",0
"add r3, r3, 1 ",0
b 0x24ec ,0
"mov r0, r0 ",0
"mov r0, r0 ",0
"mov r1, lr ",0
bl 0x2534 ,0
"ldrbvs r7, [r5, -0x254]! ",1
"andeq r0, r0, r0 ",0
"mov r0, lr ",0
"mov lr, r1 ",0
"ldr r8, [0x00002fbc] ",0
"mov r1, r8 ",0
"mov r3, 0 ",0
"mov r0, r0 ",0
"mov r2, 5 ",0
"cmp r3, r2 ",0
"movhs r2, 1 ",0
"movlo r2, 0 ",0
"cmp r2, 0 ",0
bne 0x257c ,0
"mov r0, r0 ",0
"ldrb r2, [r0, r3] ",0
"strb r2, [r1, r3] ",0
"add r3, r3, 1 ",0
b 0x2548 ,0
"mov r0, r0 ",0
"mov r0, r0 ",0
"mov r1, lr ",0
bl 0x258c ,0
"andeq r0, r0, sp, lsl 20 ",1
"mov r0, lr ",0
"mov lr, r1 ",0
"ldr r8, [0x00002fb8] ",0
"mov r1, r8 ",0
"mov r3, 0 ",0
"mov r0, r0 ",0
"mov r2, 3 ",0
"cmp r3, r2 ",0
"movhs r2, 1 ",0
"movlo r2, 0 ",0
"cmp r2, 0 ",0
bne 0x25d4 ,0
"mov r0, r0 ",0
"ldrb r2, [r0, r3] ",0
"strb r2, [r1, r3] ",0
"add r3, r3, 1 ",0
b 0x25a0 ,0
"mov r0, r0 ",0
"mov r0, r0 ",0
"mov r1, lr ",0
bl 0x25ec ,0
invalid ,1
"strtmi r4, [lr], -0x74f ",1
"andeq r5, r0, r1, asr 8 ",1
"mov r0, lr ",0
"mov lr, r1 ",0
"ldr r8, [0x00002fb4] ",0
"mov r1, r8 ",0
"mov r3, 0 ",0
"mov r0, r0 ",0
"mov r2, 0xb ",0
"cmp r3, r2 ",0
"movhs r2, 1 ",0
"movlo r2, 0 ",0
"cmp r2, 0 ",0
bne 0x2634 ,0
"mov r0, r0 ",0
"ldrb r2, [r0, r3] ",0
"strb r2, [r1, r3] ",0
"add r3, r3, 1 ",0
b 0x2600 ,0
"mov r0, r0 ",0
"mov r0, r0 ",0
"mov r1, lr ",0
bl 0x264c ,0
invalid ,1
"eormi r4, lr, 0x13c0000 ",1
"andeq r4, r0, r3, asr 22 ",1
"mov r0, lr ",0
"mov lr, r1 ",0
"ldr r8, [0x00002fb0] ",0
"mov r1, r8 ",0
"mov r3, 0 ",0
"mov r0, r0 ",0
"mov r2, 0xb ",0
"cmp r3, r2 ",0
"movhs r2, 1 ",0
"movlo r2, 0 ",0
"cmp r2, 0 ",0
bne 0x2694 ,0
"mov r0, r0 ",0
"ldrb r2, [r0, r3] ",0
"strb r2, [r1, r3] ",0
"add r3, r3, 1 ",0
b 0x2660 ,0
"mov r0, r0 ",0
"mov r0, r0 ",0
"mov r1, lr ",0
bl 0x26ac ,0
invalid ,1
"stmdbmi lr!, {r0, r1, r2, r3, r6, r8, sb, sl, lr} ",1
"andeq r5, r0, r4, asr 16 ",1
"mov r0, lr ",0
"mov lr, r1 ",0
"ldr r8, [0x00002fac] ",0
"mov r1, r8 ",0
"mov r3, 0 ",0
"mov r0, r0 ",0
"mov r2, 0xb ",0
"cmp r3, r2 ",0
"movhs r2, 1 ",0
"movlo r2, 0 ",0
"cmp r2, 0 ",0
bne 0x26f4 ,0
"mov r0, r0 ",0
"ldrb r2, [r0, r3] ",0
"strb r2, [r1, r3] ",0
"add r3, r3, 1 ",0
b 0x26c0 ,0
"mov r0, r0 ",0
"mov r0, r0 ",0
"mov r1, lr ",0
bl 0x270c ,0
"cdpvs p15, 6, c6, c14, c3, 2 ",1
"ldrbvs r6, [r4, -0x365]! ",1
"andeq r0, sl, r4, ror 26 ",1
"mov r0, lr ",0
"mov lr, r1 ",0
"ldr r8, [0x00002fa8] ",0
"mov r1, r8 ",0
"mov r3, 0 ",0
"mov r0, r0 ",0
"mov r2, 0xc ",0
"cmp r3, r2 ",0
"movhs r2, 1 ",0
"movlo r2, 0 ",0
"cmp r2, 0 ",0
bne 0x2754 ,0
"mov r0, r0 ",0
"ldrb r2, [r0, r3] ",0
"strb r2, [r1, r3] ",0
"add r3, r3, 1 ",0
b 0x2720 ,0
"mov r0, r0 ",0
"mov r0, r0 ",0
"mov r1, lr ",0
bl 0x2768 ,0
beq 0x3554a4 ,1
"andeq r0, r0, r0 ",0
"mov r0, lr ",0
"mov lr, r1 ",0
"ldr r8, [0x00002fa4] ",0
"mov r1, r8 ",0
"mov r3, 0 ",0
"mov r0, r0 ",0
"mov r2, 5 ",0
"cmp r3, r2 ",0
"movhs r2, 1 ",0
"movlo r2, 0 ",0
"cmp r2, 0 ",0
bne 0x27b0 ,0
"mov r0, r0 ",0
"ldrb r2, [r0, r3] ",0
"strb r2, [r1, r3] ",0
"add r3, r3, 1 ",0
b 0x277c ,0
"mov r0, r0 ",0
"mov r0, r0 ",0
"mov r1, lr ",0
bl 0x27c4 ,0
svcmi 0x525245 ,1
"andeq r0, sl, r2, asr sp ",1
"mov r0, lr ",0
"mov lr, r1 ",0
"ldr r8, [0x00002fa0] ",0
"mov r1, r8 ",0
"mov r3, 0 ",0
"mov r0, r0 ",0
"mov r2, 8 ",0
"cmp r3, r2 ",0
"movhs r2, 1 ",0
"movlo r2, 0 ",0
"cmp r2, 0 ",0
bne 0x280c ,0
"mov r0, r0 ",0
"ldrb r2, [r0, r3] ",0
"strb r2, [r1, r3] ",0
"add r3, r3, 1 ",0
b 0x27d8 ,0
"mov r0, r0 ",0
"mov r0, r0 ",0
"mov r0, 0 ",0
"ldr r1, [0x00002f9c] ",0
"ldrb r2, [r1] ",0
"cmp r0, 0 ",0
beq 0x2834 ,0
"mov r0, r0 ",0
"orr r2, r2, 0x40 ",0
b 0x283c ,0
"mov r0, r0 ",0
"mov r0, r0 ",0
"bic r2, r2, 0x40 ",0
"mov r0, r0 ",0
"strb r2, [r1] ",0
"mov r0, 0 ",0
"ldr r1, [0x00002f9c] ",0
"ldrb r2, [r1] ",0
"cmp r0, 0 ",0
beq 0x2868 ,0
"mov r0, r0 ",0
"orr r2, r2, 0x80 ",0
b 0x2870 ,0
"mov r0, r0 ",0
"mov r0, r0 ",0
"bic r2, r2, 0x80 ",0
"mov r0, r0 ",0
"strb r2, [r1] ",0
"mov r1, lr ",0
bl 0x2884 ,0
"andeq r0, r0, r0 ",0
"mov r0, lr ",0
"mov lr, r1 ",0
"ldr r8, [0x00002f98] ",0
"mov r1, r8 ",0
"mov r3, 0 ",0
"mov r0, r0 ",0
"mov r2, 1 ",0
"cmp r3, r2 ",0
"movhs r2, 1 ",0
"movlo r2, 0 ",0
"cmp r2, 0 ",0
bne 0x28cc ,0
"mov r0, r0 ",0
"ldrb r2, [r0, r3] ",0
"strb r2, [r1, r3] ",0
"add r3, r3, 1 ",0
b 0x2898 ,0
"mov r0, r0 ",0
"mov r0, r0 ",0
"mov r1, lr ",0
bl 0x28dc ,0
"andeq r0, r0, r0 ",0
"mov r0, lr ",0
"mov lr, r1 ",0
"ldr r8, [0x00002f94] ",0
"mov r1, r8 ",0
"mov r3, 0 ",0
"mov r0, r0 ",0
"mov r2, 1 ",0
"cmp r3, r2 ",0
"movhs r2, 1 ",0
"movlo r2, 0 ",0
"cmp r2, 0 ",0
bne 0x2924 ,0
"mov r0, r0 ",0
"ldrb r2, [r0, r3] ",0
"strb r2, [r1, r3] ",0
"add r3, r3, 1 ",0
b 0x28f0 ,0
"mov r0, r0 ",0
"mov r0, r0 ",0
"mov r1, lr ",0
bl 0x2934 ,0
"andeq r0, r0, r0 ",0
"mov r0, lr ",0
"mov lr, r1 ",0
"ldr r8, [0x00002f90] ",0
"mov r1, r8 ",0
"mov r3, 0 ",0
"mov r0, r0 ",0
"mov r2, 1 ",0
"cmp r3, r2 ",0
"movhs r2, 1 ",0
"movlo r2, 0 ",0
"cmp r2, 0 ",0
bne 0x297c ,0
"mov r0, r0 ",0
"ldrb r2, [r0, r3] ",0
"strb r2, [r1, r3] ",0
"add r3, r3, 1 ",0
b 0x2948 ,0
"mov r0, r0 ",0
"mov r0, r0 ",0
"mov r1, lr ",0
bl 0x298c ,0
"andeq r0, r0, r0 ",0
"mov r0, lr ",0
"mov lr, r1 ",0
"ldr r8, [0x00002f8c] ",0
"mov r1, r8 ",0
"mov r3, 0 ",0
"mov r0, r0 ",0
"mov r2, 1 ",0
"cmp r3, r2 ",0
"movhs r2, 1 ",0
"movlo r2, 0 ",0
"cmp r2, 0 ",0
bne 0x29d4 ,0
"mov r0, r0 ",0
"ldrb r2, [r0, r3] ",0
"strb r2, [r1, r3] ",0
"add r3, r3, 1 ",0
b 0x29a0 ,0
"mov r0, r0 ",0
"mov r0, r0 ",0
"mov r1, lr ",0
bl 0x29e4 ,0
"andeq r0, r0, r0 ",0
"mov r0, lr ",0
"mov lr, r1 ",0
"ldr r8, [0x00002f88] ",0
"mov r1, r8 ",0
"mov r3, 0 ",0
"mov r0, r0 ",0
"mov r2, 1 ",0
"cmp r3, r2 ",0
"movhs r2, 1 ",0
"movlo r2, 0 ",0
"cmp r2, 0 ",0
bne 0x2a2c ,0
"mov r0, r0 ",0
"ldrb r2, [r0, r3] ",0
"strb r2, [r1, r3] ",0
"add r3, r3, 1 ",0
b 0x29f8 ,0
"mov r0, r0 ",0
"mov r0, r0 ",0
"mov r1, lr ",0
bl 0x2a3c ,0
"andeq r0, r0, r0 ",0
"mov r0, lr ",0
"mov lr, r1 ",0
"ldr r8, [0x00002f84] ",0
"mov r1, r8 ",0
"mov r3, 0 ",0
"mov r0, r0 ",0
"mov r2, 1 ",0
"cmp r3, r2 ",0
"movhs r2, 1 ",0
"movlo r2, 0 ",0
"cmp r2, 0 ",0
bne 0x2a84 ,0
"mov r0, r0 ",0
"ldrb r2, [r0, r3] ",0
"strb r2, [r1, r3] ",0
"add r3, r3, 1 ",0
b 0x2a50 ,0
"mov r0, r0 ",0
"mov r0, r0 ",0
"mov r0, 0 ",0
"ldr r8, [0x00002f80] ",0
"strh r0, [r8] ",0
"mov r0, 0 ",0
"strh r0, [r8, 2] ",0
"mov r0, 0 ",0
"str r0, [r8, -0x11a] ",0
"mov r0, r0 ",0
"ldr r8, [0x00002f7c] ",0
"ldr r0, [r8] ",0
"cmp r0, 7 ",0
"movgt r0, 1 ",0
"movle r0, 0 ",0
"cmp r0, 0 ",0
bne 0x2b4c ,0
"mov r0, r0 ",0
"mov r1, lr ",0
bl 0x2ad4 ,0
"andeq r0, r0, r0 ",0
"mov r0, lr ",0
"mov lr, r1 ",0
"ldr r8, [0x00002f7c] ",0
"ldr r1, [r8] ",0
"mov r2, 0x15 ",0
"mul r1, r1, r2 ",0
"add r1, r8, r1 ",0
"ldr r2, [0x00002f78] ",0
"add r1, r1, r2 ",0
"mov r3, 0 ",0
"mov r0, r0 ",0
"mov r2, 1 ",0
"cmp r3, r2 ",0
"movhs r2, 1 ",0
"movlo r2, 0 ",0
"cmp r2, 0 ",0
bne 0x2b30 ,0
"mov r0, r0 ",0
"ldrb r2, [r0, r3] ",0
"strb r2, [r1, r3] ",0
"add r3, r3, 1 ",0
b 0x2afc ,0
"mov r0, r0 ",0
"mov r0, r0 ",0
"ldr r8, [0x00002f7c] ",0
"ldr r0, [r8] ",0
"add r0, r0, 1 ",0
"str r0, [r8] ",0
b 0x2aa4 ,0
"mov r0, r0 ",0
"mov r0, r0 ",0
"mov r0, 1 ",0
"ldr r8, [0x00002f74] ",0
"strb r0, [r8] ",0
"mov r0, 1 ",0
"strb r0, [r8, 0xbc4] ",0
"ldr r0, [0x00002fdc] ",0
"str r0, [r8, 0xee7] ",0
"mov r0, 0 ",0
"str r0, [r8, 0xeeb] ",0
"ldrb r0, [r8, -0xbc0] ",0
"str r0, [sp, -4]! ",0
"str sb, [sp, -4]! ",0
"ldr r1, [0x00002f70] ",0
"add sb, r8, r1 ",0
"str sb, [sp, -4]! ",0
"str r8, [sp, -4]! ",0
"str lr, [sp, -4]! ",0
"ldr r8, [0x00002f6c] ",0
"ldr r8, [r8] ",0
"mov lr, pc ",0
"mov pc, r8 ",0
"mov r0, r0 ",0
pop {lr} ,0
pop {r8} ,0
pop {sb} ,0
pop {sb} ,0
pop {r0} ,0
"ldr r8, [0x00002f68] ",0
"strb r0, [r8] ",0
"mov r0, 0 ",0
"ldr r8, [0x00002f64] ",0
"strh r0, [r8] ",0
"ldr r8, [0x00002f60] ",0
"ldrb r0, [r8] ",0
"str r0, [sp, -4]! ",0
"str sb, [sp, -4]! ",0
"ldr r8, [0x00002f5c] ",0
"mov sb, r8 ",0
"str sb, [sp, -4]! ",0
"str r8, [sp, -4]! ",0
"str lr, [sp, -4]! ",0
"ldr r8, [0x00002f58] ",0
"ldr r8, [r8] ",0
"mov lr, pc ",0
"mov pc, r8 ",0
"mov r0, r0 ",0
pop {lr} ,0
pop {r8} ,0
pop {sb} ,0
pop {sb} ,0
pop {r0} ,0
"ldr r8, [0x00002f68] ",0
"strb r0, [r8] ",0
"mov r0, 1 ",0
"ldr r8, [0x00002f5c] ",0
"strb r0, [r8, 0xa] ",0
"ldr r0, [0x00002f54] ",0
"strh r0, [r8, 0xe] ",0
"ldr r0, [0x00002f50] ",0
"strh r0, [r8, 0x10] ",0
"ldr r0, [0x00003028] ",0
"strh r0, [r8, 0x12] ",0
"ldr r0, [0x00002f4c] ",0
"strh r0, [r8, 0x14] ",0
"ldr r8, [0x00002f60] ",0
"ldrb r0, [r8] ",0
"str r0, [sp, -4]! ",0
"str sb, [sp, -4]! ",0
"ldr r8, [0x00002f48] ",0
"mov sb, r8 ",0
"str sb, [sp, -4]! ",0
"str r8, [sp, -4]! ",0
"str lr, [sp, -4]! ",0
"ldr r8, [0x00002f44] ",0
"ldr r8, [r8] ",0
"mov lr, pc ",0
"mov pc, r8 ",0
"mov r0, r0 ",0
pop {lr} ,0
pop {r8} ,0
pop {sb} ,0
pop {sb} ,0
pop {r0} ,0
"ldr r8, [0x00002f68] ",0
"strb r0, [r8] ",0
"mov r0, 2 ",0
"ldr r8, [0x00002f48] ",0
"strb r0, [r8, 0x50] ",0
"mov r0, 0 ",0
"strh r0, [r8, 0x52] ",0
"mov r0, 0xa0 ",0
"strh r0, [r8, 0x54] ",0
"ldr r0, [0x00002f40] ",0
"str r0, [r8, 0x58] ",0
"ldr r0, [0x00002f3c] ",0
"str r0, [r8, 0x5c] ",0
"mov r0, 1 ",0
"strb r0, [r8, 0x60] ",0
"ldr r0, [0x00002f38] ",0
"strh r0, [r8, 0x62] ",0
"ldr r0, [0x00002f34] ",0
"strh r0, [r8, 0x64] ",0
"ldr r0, [0x00002f30] ",0
"str r0, [r8, 0x68] ",0
"ldr r0, [0x00002f2c] ",0
"str r0, [r8, 0x6c] ",0
"ldr r8, [0x00002f60] ",0
"ldrb r0, [r8] ",0
"str r0, [sp, -4]! ",0
"str sb, [sp, -4]! ",0
"ldr r8, [0x00002f28] ",0
"mov sb, r8 ",0
"str sb, [sp, -4]! ",0
"str r8, [sp, -4]! ",0
"str lr, [sp, -4]! ",0
"ldr r8, [0x00002f44] ",0
"ldr r8, [r8] ",0
"mov lr, pc ",0
"mov pc, r8 ",0
"mov r0, r0 ",0
pop {lr} ,0
pop {r8} ,0
pop {sb} ,0
pop {sb} ,0
pop {r0} ,0
"ldr r8, [0x00002f68] ",0
"strb r0, [r8] ",0
"mov r0, 3 ",0
"ldr r8, [0x00002f28] ",0
"strb r0, [r8, 0x50] ",0
"mov r0, 0 ",0
"strh r0, [r8, 0x52] ",0
"mov r0, 0xa0 ",0
"strh r0, [r8, 0x54] ",0
"ldr r0, [0x00002f40] ",0
"str r0, [r8, 0x58] ",0
"ldr r0, [0x00002f3c] ",0
"str r0, [r8, 0x5c] ",0
"mov r0, 1 ",0
"strb r0, [r8, 0x60] ",0
"ldr r0, [0x00002f38] ",0
"strh r0, [r8, 0x62] ",0
"ldr r0, [0x00002f34] ",0
"strh r0, [r8, 0x64] ",0
"ldr r0, [0x00002f30] ",0
"str r0, [r8, 0x68] ",0
"ldr r0, [0x00002f2c] ",0
"str r0, [r8, 0x6c] ",0
"ldr r8, [0x00002f60] ",0
"ldrb r0, [r8] ",0
"str r0, [sp, -4]! ",0
"str sb, [sp, -4]! ",0
"ldr r8, [0x00002f24] ",0
"mov sb, r8 ",0
"str sb, [sp, -4]! ",0
"str r8, [sp, -4]! ",0
"str lr, [sp, -4]! ",0
"ldr r8, [0x00002f44] ",0
"ldr r8, [r8] ",0
"mov lr, pc ",0
"mov pc, r8 ",0
"mov r0, r0 ",0
pop {lr} ,0
pop {r8} ,0
pop {sb} ,0
pop {sb} ,0
pop {r0} ,0
"ldr r8, [0x00002f68] ",0
"strb r0, [r8] ",0
"mov r0, 4 ",0
"ldr r8, [0x00002f24] ",0
"strb r0, [r8, 0x50] ",0
"mov r0, 0 ",0
"strh r0, [r8, 0x52] ",0
"mov r0, 0xa0 ",0
"strh r0, [r8, 0x54] ",0
"ldr r0, [0x00002f40] ",0
"str r0, [r8, 0x58] ",0
"ldr r0, [0x00002f3c] ",0
"str r0, [r8, 0x5c] ",0
"mov r0, 1 ",0
"strb r0, [r8, 0x60] ",0
"ldr r0, [0x00002f38] ",0
"strh r0, [r8, 0x62] ",0
"ldr r0, [0x00002f34] ",0
"strh r0, [r8, 0x64] ",0
"ldr r0, [0x00002f30] ",0
"str r0, [r8, 0x68] ",0
"ldr r0, [0x00002f2c] ",0
"str r0, [r8, 0x6c] ",0
"ldr r8, [0x00002f60] ",0
"ldrb r0, [r8] ",0
"str r0, [sp, -4]! ",0
"str sb, [sp, -4]! ",0
"ldr r8, [0x00002f20] ",0
"mov sb, r8 ",0
"str sb, [sp, -4]! ",0
"str r8, [sp, -4]! ",0
"str lr, [sp, -4]! ",0
"ldr r8, [0x00002f44] ",0
"ldr r8, [r8] ",0
"mov lr, pc ",0
"mov pc, r8 ",0
"mov r0, r0 ",0
pop {lr} ,0
pop {r8} ,0
pop {sb} ,0
pop {sb} ,0
pop {r0} ,0
"ldr r8, [0x00002f68] ",0
"strb r0, [r8] ",0
"mov r0, 5 ",0
"ldr r8, [0x00002f20] ",0
"strb r0, [r8, 0x50] ",0
"mov r0, 0 ",0
"strh r0, [r8, 0x52] ",0
"mov r0, 0xa0 ",0
"strh r0, [r8, 0x54] ",0
"ldr r0, [0x00002f40] ",0
"str r0, [r8, 0x58] ",0
"ldr r0, [0x00002f3c] ",0
"str r0, [r8, 0x5c] ",0
"mov r0, 1 ",0
"strb r0, [r8, 0x60] ",0
"ldr r0, [0x00002f38] ",0
"strh r0, [r8, 0x62] ",0
"ldr r0, [0x00002f34] ",0
"strh r0, [r8, 0x64] ",0
"ldr r0, [0x00002f30] ",0
"str r0, [r8, 0x68] ",0
"ldr r0, [0x00002f2c] ",0
"str r0, [r8, 0x6c] ",0
"ldr r8, [0x00002f60] ",0
"ldrb r0, [r8] ",0
"str r0, [sp, -4]! ",0
"str sb, [sp, -4]! ",0
"ldr r8, [0x00002f1c] ",0
"mov sb, r8 ",0
"str sb, [sp, -4]! ",0
b 0x3058 ,0
"mov r0, r0 ",0
"andeq r0, r0, r0 ",1
"andeq r0, r0, r0 ",1
"muleq r0, ip, r1 ",1
"andeq r7, r0, ip, lsl r1 ",1
"muleq r0, ip, r0 ",1
"andeq r7, r0, ip, lsl r0 ",1
invalid ,1
"rscsmi r0, r0, 0 ",1
"andeq r1, r0, r0 ",1
"strdeq r7, r8, [r0], -pc ",1
"ldrbtmi pc, [pc], r0, lsl 28 ",1
"strbmi ip, [ip, 0x800] ",1
"andeq r0, r0, ip, ror 7 ",1
"muleq r0, ip, pc ",1
"andeq r0, r0, r4, asr 19 ",1
invalid ,1
invalid ,1
"ldrdeq r0, r1, [r0], -r8 ",1
"andeq r6, r0, r8, ror pc ",1
"muleq r0, sb, r0 ",1
"andeq r6, r0, lr, lsr fp ",1
"strheq r4, [r0], -r7 ",1
"andeq r0, r0, r4, lsr r4 ",1
"andeq r0, r0, pc, ror 29 ",1
"andeq r5, r0, sb, asr ip ",1
"andeq r0, r0, lr, lsl r1 ",1
"andeq r6, r0, r8, ror sb ",1
"muleq r0, r2, sl ",1
"andeq r6, r0, sb, ror 20 ",1
"andeq r6, r0, r0, asr 20 ",1
"andeq r6, r0, r7, lsl sl ",1
"andeq r6, r0, lr, ror 19 ",1
"andeq r6, r0, r5, asr 19 ",1
"muleq r0, ip, sb ",1
"stmhs r7, {r2, fp, ip, lr, pc} ^ ",1
"andeq r3, r0, r5, asr r7 ",1
"andeq r3, r0, r4, lsl 14 ",1
"strheq r3, [r0], -r3 ",1
"andeq r3, r0, r2, ror 12 ",1
"andeq r3, r0, r1, lsl r6 ",1
"andeq r3, r0, r0, asr 11 ",1
"andeq r3, r0, pc, ror 10 ",1
"andeq r3, r0, lr, lsl r5 ",1
"andeq r3, r0, sp, asr 9 ",1
"andeq r3, r0, ip, ror r4 ",1
"andeq r3, r0, fp, lsr 8 ",1
"ldrdeq r3, r4, [r0], -sl ",1
"andeq r3, r0, sb, lsl 7 ",1
"andeq r0, r0, ip, lsr r3 ",1
svclo 0x8020c5 ,1
invalid ,1
svcvc 1 ,1
"andeq r1, r0, sb ",1
"andeq r1, r0, r8 ",1
"andeq r1, r0, r7 ",1
"andeq r1, r0, r6 ",1
"andeq r1, r0, r5 ",1
"andeq r1, r0, r4 ",1
"andeq r1, r0, r3 ",1
"andeq r1, r0, r2 ",1
"andeq r1, r0, r1 ",1
"andeq r0, r0, r0, lsl 4 ",1
"andeq r0, r0, r0, lsl 2 ",1
"andeq r0, r0, r2, ror 4 ",1
invalid ,1
"andeq r0, r0, r0, ror 4 ",1
"andeq r0, r0, lr, asr r2 ",1
"andeq r0, r0, ip, asr r2 ",1
"andeq r0, r0, sl, asr r2 ",1
"andeq r0, r0, r8, asr r2 ",1
"andeq r0, r0, r6, asr r2 ",1
"andeq r0, r0, r4, asr r2 ",1
"andeq r0, r0, r2, asr r2 ",1
"andeq r0, r0, r0, asr r2 ",1
"andeq r0, r0, lr, asr 4 ",1
"andeq r0, r0, ip, asr 4 ",1
"andeq r0, r0, sl, asr 4 ",1
"andeq r0, r0, r8, asr 4 ",1
"andeq r0, r0, r6, asr 4 ",1
"andeq r0, r0, r4, asr 4 ",1
"andeq r0, r0, r2, asr 4 ",1
"str r8, [sp, -4]! ",0
"str lr, [sp, -4]! ",0
"ldr r8, [0x00003744] ",0
"ldr r8, [r8] ",0
"mov lr, pc ",0
"mov pc, r8 ",0
"mov r0, r0 ",0
pop {lr} ,0
pop {r8} ,0
pop {sb} ,0
pop {sb} ,0
pop {r0} ,0
"ldr r8, [0x00003740] ",0
"strb r0, [r8] ",0
"mov r0, 6 ",0
"ldr r8, [0x0000373c] ",0
"strb r0, [r8, 0x50] ",0
"mov r0, 0 ",0
"strh r0, [r8, 0x52] ",0
"mov r0, 0xa0 ",0
"strh r0, [r8, 0x54] ",0
"ldr r0, [0x00003738] ",0
"str r0, [r8, 0x58] ",0
"ldr r0, [0x00003734] ",0
"str r0, [r8, 0x5c] ",0
"mov r0, 1 ",0
"strb r0, [r8, 0x60] ",0
"ldr r0, [0x00003730] ",0
"strh r0, [r8, 0x62] ",0
"ldr r0, [0x0000372c] ",0
"strh r0, [r8, 0x64] ",0
"ldr r0, [0x00003728] ",0
"str r0, [r8, 0x68] ",0
"ldr r0, [0x00003724] ",0
"str r0, [r8, 0x6c] ",0
"ldr r8, [0x00003720] ",0
"ldrb r0, [r8] ",0
"str r0, [sp, -4]! ",0
"str sb, [sp, -4]! ",0
"ldr r8, [0x0000371c] ",0
"mov sb, r8 ",0
"str sb, [sp, -4]! ",0
"str r8, [sp, -4]! ",0
"str lr, [sp, -4]! ",0
"ldr r8, [0x00003744] ",0
"ldr r8, [r8] ",0
"mov lr, pc ",0
"mov pc, r8 ",0
"mov r0, r0 ",0
pop {lr} ,0
pop {r8} ,0
pop {sb} ,0
pop {sb} ,0
pop {r0} ,0
"ldr r8, [0x00003740] ",0
"strb r0, [r8] ",0
"mov r0, 7 ",0
"ldr r8, [0x0000371c] ",0
"strb r0, [r8, 0x50] ",0
"mov r0, 0 ",0
"strh r0, [r8, 0x52] ",0
"mov r0, 0xa0 ",0
"strh r0, [r8, 0x54] ",0
"ldr r0, [0x00003738] ",0
"str r0, [r8, 0x58] ",0
"ldr r0, [0x00003734] ",0
"str r0, [r8, 0x5c] ",0
"mov r0, 1 ",0
"strb r0, [r8, 0x60] ",0
"ldr r0, [0x00003730] ",0
"strh r0, [r8, 0x62] ",0
"ldr r0, [0x0000372c] ",0
"strh r0, [r8, 0x64] ",0
"ldr r0, [0x00003728] ",0
"str r0, [r8, 0x68] ",0
"ldr r0, [0x00003724] ",0
"str r0, [r8, 0x6c] ",0
"ldr r8, [0x00003720] ",0
"ldrb r0, [r8] ",0
"str r0, [sp, -4]! ",0
"str sb, [sp, -4]! ",0
"ldr r8, [0x00003718] ",0
"mov sb, r8 ",0
"str sb, [sp, -4]! ",0
"str r8, [sp, -4]! ",0
"str lr, [sp, -4]! ",0
"ldr r8, [0x00003714] ",0
"ldr r8, [r8] ",0
"mov lr, pc ",0
"mov pc, r8 ",0
"mov r0, r0 ",0
pop {lr} ,0
pop {r8} ,0
pop {sb} ,0
pop {sb} ,0
pop {r0} ,0
"ldr r8, [0x00003740] ",0
"strb r0, [r8] ",0
"mov r0, 1 ",0
"ldr r8, [0x00003718] ",0
"strb r0, [r8, 0x74] ",0
"ldr r0, [0x00003710] ",0
"str r0, [r8, 0x78] ",0
"mov r0, 0 ",0
"str r0, [r8, 0x7c] ",0
"ldr r0, [0x0000370c] ",0
"str r0, [r8, 0x80] ",0
"ldr r0, [0x00003738] ",0
"str r0, [r8, 0x84] ",0
"ldr r0, [0x00003734] ",0
"str r0, [r8, 0x88] ",0
"ldr r0, [0x00003730] ",0
"strh r0, [r8, 0x90] ",0
"ldr r0, [0x0000372c] ",0
"strh r0, [r8, 0x92] ",0
"ldr r0, [0x00003708] ",0
"str r0, [r8, 0x94] ",0
"ldr r0, [0x00003704] ",0
"str r0, [r8, 0x98] ",0
"ldr r8, [0x00003720] ",0
"ldrb r0, [r8] ",0
"str r0, [sp, -4]! ",0
"str sb, [sp, -4]! ",0
"ldr r8, [0x00003700] ",0
"mov sb, r8 ",0
"str sb, [sp, -4]! ",0
"str r8, [sp, -4]! ",0
"str lr, [sp, -4]! ",0
"ldr r8, [0x000036fc] ",0
"ldr r8, [r8] ",0
"mov lr, pc ",0
"mov pc, r8 ",0
"mov r0, r0 ",0
pop {lr} ,0
pop {r8} ,0
pop {sb} ,0
pop {sb} ,0
pop {r0} ,0
"ldr r8, [0x00003740] ",0
"strb r0, [r8] ",0
"mov r0, 1 ",0
"ldr r8, [0x00003700] ",0
"strb r0, [r8, 0x24] ",0
"mov r0, 1 ",0
"strh r0, [r8, 0x26] ",0
"ldr r0, [0x00003710] ",0
"str r0, [r8, 0x28] ",0
"ldr r8, [0x00003720] ",0
"ldrb r0, [r8] ",0
"str r0, [sp, -4]! ",0
"str sb, [sp, -4]! ",0
"ldr r8, [0x000036f8] ",0
"mov sb, r8 ",0
"str sb, [sp, -4]! ",0
"str r8, [sp, -4]! ",0
"str lr, [sp, -4]! ",0
"ldr r8, [0x000036fc] ",0
"ldr r8, [r8] ",0
"mov lr, pc ",0
"mov pc, r8 ",0
"mov r0, r0 ",0
pop {lr} ,0
pop {r8} ,0
pop {sb} ,0
pop {sb} ,0
pop {r0} ,0
"ldr r8, [0x00003740] ",0
"strb r0, [r8] ",0
"mov r0, 2 ",0
"ldr r8, [0x000036f8] ",0
"strb r0, [r8, 0x24] ",0
"mov r0, 1 ",0
"strh r0, [r8, 0x26] ",0
"ldr r0, [0x00003710] ",0
"str r0, [r8, 0x28] ",0
"ldr r8, [0x00003720] ",0
"ldrb r0, [r8] ",0
"str r0, [sp, -4]! ",0
"str sb, [sp, -4]! ",0
"ldr r8, [0x000036f4] ",0
"mov sb, r8 ",0
"str sb, [sp, -4]! ",0
"str r8, [sp, -4]! ",0
"str lr, [sp, -4]! ",0
"ldr r8, [0x000036f0] ",0
"ldr r8, [r8] ",0
"mov lr, pc ",0
"mov pc, r8 ",0
"mov r0, r0 ",0
pop {lr} ,0
pop {r8} ,0
pop {sb} ,0
pop {sb} ,0
pop {r0} ,0
"ldr r8, [0x00003740] ",0
"strb r0, [r8] ",0
"mov r0, 1 ",0
"ldr r8, [0x000036f4] ",0
"strb r0, [r8] ",0
"mov r0, 2 ",0
"strb r0, [r8, 1] ",0
"mov r0, 0xf0 ",0
"strh r0, [r8, 2] ",0
"ldr r8, [0x00003720] ",0
"ldrb r0, [r8] ",0
"str r0, [sp, -4]! ",0
"str sb, [sp, -4]! ",0
"ldr r8, [0x000036ec] ",0
"mov sb, r8 ",0
"str sb, [sp, -4]! ",0
"str r8, [sp, -4]! ",0
"str lr, [sp, -4]! ",0
"ldr r8, [0x000036e8] ",0
"ldr r8, [r8] ",0
"mov lr, pc ",0
"mov pc, r8 ",0
"mov r0, r0 ",0
pop {lr} ,0
pop {r8} ,0
pop {sb} ,0
pop {sb} ,0
pop {r0} ,0
"ldr r8, [0x00003740] ",0
"strb r0, [r8] ",0
"mov r0, 1 ",0
"ldr r8, [0x000036ec] ",0
"ldr r1, [0x000036e4] ",0
"strb r0, [r8, r1] ",0
"ldr r8, [0x00003720] ",0
"ldrb r0, [r8] ",0
"str r0, [sp, -4]! ",0
"str sb, [sp, -4]! ",0
"ldr r8, [0x000036e0] ",0
"mov sb, r8 ",0
"str sb, [sp, -4]! ",0
"str r8, [sp, -4]! ",0
"str lr, [sp, -4]! ",0
"ldr r8, [0x000036dc] ",0
"ldr r8, [r8] ",0
"mov lr, pc ",0
"mov pc, r8 ",0
"mov r0, r0 ",0
pop {lr} ,0
pop {r8} ,0
pop {sb} ,0
pop {sb} ,0
pop {r0} ,0
"ldr r8, [0x00003740] ",0
"strb r0, [r8] ",0
"mov r0, 0xfa ",0
"ldr r8, [0x000036e0] ",0
"strb r0, [r8, 8] ",0
"ldr r8, [0x00003720] ",0
"ldrb r0, [r8] ",0
"str r0, [sp, -4]! ",0
"str sb, [sp, -4]! ",0
"ldr r8, [0x000036d8] ",0
"mov sb, r8 ",0
"str sb, [sp, -4]! ",0
"str r8, [sp, -4]! ",0
"str lr, [sp, -4]! ",0
"ldr r8, [0x000036d4] ",0
"ldr r8, [r8] ",0
"mov lr, pc ",0
"mov pc, r8 ",0
"mov r0, r0 ",0
pop {lr} ,0
pop {r8} ,0
pop {sb} ,0
pop {sb} ,0
pop {r0} ,0
"ldr r8, [0x00003740] ",0
"strb r0, [r8] ",0
"ldrb r0, [r8, 0x5e2] ",0
"str r0, [sp, -4]! ",0
"str sb, [sp, -4]! ",0
"ldr r8, [0x000036d0] ",0
"mov sb, r8 ",0
"str sb, [sp, -4]! ",0
"str r8, [sp, -4]! ",0
"str lr, [sp, -4]! ",0
"ldr r8, [0x000036cc] ",0
"ldr r8, [r8] ",0
"mov lr, pc ",0
"mov pc, r8 ",0
"mov r0, r0 ",0
pop {lr} ,0
pop {r8} ,0
pop {sb} ,0
pop {sb} ,0
pop {r0} ,0
"ldr r8, [0x00003740] ",0
"strb r0, [r8] ",0
"mov r0, 0 ",0
"ldr r8, [0x000036c8] ",0
"str r0, [r8] ",0
"mov r0, r0 ",0
"ldr r8, [0x000036c8] ",0
"ldr r0, [r8] ",0
"cmp r0, 0x10 ",0
"movgt r0, 1 ",0
"movle r0, 0 ",0
"cmp r0, 0 ",0
bne 0x3548 ,0
"mov r0, r0 ",0
"mov r0, 0 ",0
"ldr r8, [0x000036c8] ",0
"ldr r1, [r8] ",0
"ldr r8, [0x000036c4] ",0
"strb r0, [r8, r1] ",0
"ldr r8, [0x000036c8] ",0
"ldr r0, [r8] ",0
"add r0, r0, 1 ",0
"str r0, [r8] ",0
b 0x34f8 ,0
"mov r0, r0 ",0
"mov r0, r0 ",0
"mov r0, 0 ",0
"ldr r8, [0x000036c0] ",0
"strb r0, [r8] ",0
"mov r0, 0 ",0
"strb r0, [r8, 1] ",0
"mov r0, 0 ",0
"strb r0, [r8, 2] ",0
"mov r0, 0 ",0
"strb r0, [r8, 3] ",0
"mov r0, 0 ",0
"strb r0, [r8, 4] ",0
"mov r0, 0 ",0
"strb r0, [r8, 5] ",0
"mov r0, 0 ",0
"strb r0, [r8, 6] ",0
"ldr r8, [0x00003720] ",0
"ldrb r0, [r8] ",0
"str r0, [sp, -4]! ",0
"str sb, [sp, -4]! ",0
"ldr r8, [0x000036bc] ",0
"mov sb, r8 ",0
"str sb, [sp, -4]! ",0
"str r8, [sp, -4]! ",0
"str lr, [sp, -4]! ",0
"ldr r8, [0x000036b8] ",0
"ldr r8, [r8] ",0
"mov lr, pc ",0
"mov pc, r8 ",0
"mov r0, r0 ",0
pop {lr} ,0
pop {r8} ,0
pop {sb} ,0
pop {sb} ,0
pop {r0} ,0
"ldr r8, [0x00003740] ",0
"strb r0, [r8] ",0
"ldrb r0, [r8, 0x5e2] ",0
"cmp r0, 0 ",0
bne 0x3658 ,0
"mov r0, r0 ",0
"mov r0, 0 ",0
"ldr r8, [0x000036b4] ",0
"str r0, [r8] ",0
"mov r0, 0 ",0
"ldr r8, [0x000036b0] ",0
"str r0, [r8] ",0
"mov r0, 0 ",0
"ldr r8, [0x000036ac] ",0
"str r0, [r8] ",0
"mov r0, 0 ",0
"ldr r8, [0x000036a8] ",0
"str r0, [r8] ",0
"mov r0, 0 ",0
"ldr r8, [0x000036a4] ",0
"str r0, [r8] ",0
"mov r0, 0 ",0
"ldr r8, [0x000036a0] ",0
"str r0, [r8] ",0
"mov r0, 0 ",0
"ldr r8, [0x0000369c] ",0
"str r0, [r8] ",0
"mov r0, 0 ",0
"ldr r8, [0x00003698] ",0
"str r0, [r8] ",0
"mov r0, 0 ",0
"ldr r8, [0x00003694] ",0
"strb r0, [r8] ",0
"mov r0, r0 ",0
"str sb, [sp, -4]! ",0
"str r8, [sp, -4]! ",0
"str lr, [sp, -4]! ",0
"ldr r8, [0x00003690] ",0
"ldr r8, [r8] ",0
"mov lr, pc ",0
"mov pc, r8 ",0
"mov r0, r0 ",0
pop {lr} ,0
pop {r8} ,0
pop {sb} ,0
"pop {r0, r1, r2, r3, r4, r5, r6, r7, r8, sb, sl, fp, ip, lr} ",0
"ldmdb fp, {fp, sp, pc} ",0
"andeq r0, r0, r8, lsl r0 ",1
"andhs r4, r0, r0, lsr 32 ",1
"andhs r4, r0, ip, lsl r0 ",1
"andhs r4, r0, r8, lsl r0 ",1
"andhs r4, r0, r4, lsl r0 ",1
"andhs r4, r0, r0, lsl r0 ",1
"andhs r4, r0, ip ",1
"andhs r4, r0, r8 ",1
"andhs r4, r0, r4 ",1
"andhs r4, r0, r0 ",1
"andeq r0, r0, r0, lsr r4 ",1
"andeq r5, r2, r8, lsr 11 ",1
"andeq r5, r2, r1, lsr 11 ",1
"muleq r2, r0, r5 ",1
"andeq r6, r0, r8, ror sb ",1
"andeq r0, r0, r8, asr 32 ",1
"andeq r5, r2, ip, lsl 9 ",1
"andeq r0, r0, r0, lsr r0 ",1
"andeq r5, r2, r4, lsr r3 ",1
"andeq r0, r0, r4, asr 7 ",1
"ldrdeq r5, r6, [r2], -r0 ",1
"andeq sp, r1, sp, lsr sl ",1
"andeq r0, r0, r4, lsr 7 ",1
"andeq r7, r0, r0, lsl 17 ",1
"muleq r0, ip, r3 ",1
"andeq r7, r0, r8, asr 7 ",1
"andeq r7, r0, ip, lsl 7 ",1
"muleq r0, r4, r3 ",1
"andeq r7, r0, r0, asr r3 ",1
"strbmi r5, [r3, r0] ",1
"stmdbmi sl!, {sb, sl, sp, lr, pc} ",1
"andeq r3, ip, r0, lsl 10 ",1
"andeq sp, r1, r0, asr 9 ",1
"strheq r0, [r0], -ip ",1
"muleq r0, ip, r2 ",1
"andeq r7, r0, ip, lsl r2 ",1
"muleq r0, sb, r0 ",1
invalid ,1
"rscsmi r0, r0, 0 ",1
"andeq r1, r0, r0 ",1
"strdeq r7, r8, [r0], -pc ",1
"ldrbtmi pc, [pc], r0, lsl 28 ",1
"strbmi ip, [ip, 0x800] ",1
"muleq r0, ip, r1 ",1
"strheq r4, [r0], -r7 ",1
"andeq r0, r0, ip, ror 7 ",1
"mov ip, sp ",0
"push {fp, ip, lr} ",0
"mov fp, ip ",0
"str r1, [sp, -4]! ",0
"ldr r1, [0x0000376c] ",0
"lsl r2, r0, 2 ",0
"ldr r0, [r1, r2] ",0
pop {r1} ,0
"ldmdb fp, {fp, sp, pc} ",0
"andeq r2, r0, r0 ",1
"mov ip, sp ",0
"push {fp, ip, lr} ",0
"mov fp, ip ",0
"ldr r0, [pc] ",0
"ldmdb fp, {fp, sp, pc} ",0
"andeq r3, r1, fp, asr 30 ",1
"mov ip, sp ",0
"push {fp, ip, lr} ",0
"mov fp, ip ",0
"ldr r8, [0x000037d0] ",0
"ldrb r0, [r8] ",0
"eor r0, r0, 1 ",0
"cmp r0, 0 ",0
bne 0x37c0 ,0
"mov r0, r0 ",0
"mov r0, 0 ",0
"ldr r8, [0x000037cc] ",0
"strh r0, [r8] ",0
"mov r0, 0 ",0
"strb r0, [r8, -0x277] ",0
"mov r0, r0 ",0
"mov r0, r0 ",0
"ldmdb fp, {fp, sp, pc} ",0
"muleq r0, r4, sl ",1
"andeq r6, r0, sp, lsl r8 ",1
"mov ip, sp ",0
"push {fp, ip, lr} ",0
"mov fp, ip ",0
"str sb, [sp, -4]! ",0
"str r8, [sp, -4]! ",0
"str lr, [sp, -4]! ",0
"ldr r8, [0x00003810] ",0
"ldr r8, [r8] ",0
"mov lr, pc ",0
"mov pc, r8 ",0
"mov r0, r0 ",0
pop {lr} ,0
pop {r8} ,0
pop {sb} ,0
"ldmdb fp, {fp, sp, pc} ",0
"andeq r0, r0, ip, asr 9 ",1
"mov ip, sp ",0
"push {fp, ip, lr} ",0
"mov fp, ip ",0
"ldrb r0, [sb, 0x134] ",0
"cmp r0, 0 ",0
"moveq r0, 1 ",0
"movne r0, 0 ",0
"ldrb r1, [sb, 0x135] ",0
"and r0, r0, r1 ",0
"eor r0, r0, 1 ",0
"cmp r0, 0 ",0
bne 0x3898 ,0
"mov r0, r0 ",0
"mov r0, 1 ",0
"strb r0, [sb, 0x134] ",0
"mov r0, 0 ",0
"strb r0, [sb, 0x86] ",0
"str r0, [sp, -4]! ",0
"mov r0, sb ",0
"str sb, [sp, -4]! ",0
"str r8, [sp, -4]! ",0
"str lr, [sp, -4]! ",0
"ldr r8, [0x00003b70] ",0
"ldr r8, [r8] ",0
"mov lr, pc ",0
"mov pc, r8 ",0
"mov r0, r0 ",0
pop {lr} ,0
pop {r8} ,0
pop {sb} ,0
pop {r0} ,0
b 0x3944 ,0
"mov r0, r0 ",0
"mov r0, r0 ",0
"ldrb r0, [sb, 0x134] ",0
"cmp r0, 3 ",0
"movlo r0, 1 ",0
"movhs r0, 0 ",0
"ldrb r1, [sb, 0x134] ",0
"cmp r1, 0 ",0
"movhi r1, 1 ",0
"movls r1, 0 ",0
"and r0, r0, r1 ",0
"ldrb r1, [sb, 0x135] ",0
"eor r1, r1, 1 ",0
"ldr r2, [sb, 0x154] ",0
"ldrb r2, [r2] ",0
"orr r1, r1, r2 ",0
"and r0, r0, r1 ",0
"eor r0, r0, 1 ",0
"cmp r0, 0 ",0
bne 0x3940 ,0
"mov r0, r0 ",0
"mov r0, 3 ",0
"strb r0, [sb, 0x134] ",0
"mov r0, 0 ",0
"strb r0, [sb, 0x12e] ",0
"mov r0, 0 ",0
"strb r0, [sb, 0xa9] ",0
"mov r0, 0 ",0
"strb r0, [sb, 0x86] ",0
"str r0, [sp, -4]! ",0
"mov r0, sb ",0
"str sb, [sp, -4]! ",0
"str r8, [sp, -4]! ",0
"str lr, [sp, -4]! ",0
"ldr r8, [0x00003b70] ",0
"ldr r8, [r8] ",0
"mov lr, pc ",0
"mov pc, r8 ",0
"mov r0, r0 ",0
pop {lr} ,0
pop {r8} ,0
pop {sb} ,0
pop {r0} ,0
"mov r0, r0 ",0
"mov r0, r0 ",0
"ldrb r0, [sb, 0x134] ",0
"cmp r0, 0 ",0
"movne r0, 1 ",0
"moveq r0, 0 ",0
"cmp r0, 0 ",0
bne 0x3978 ,0
"mov r0, r0 ",0
"mov r0, 0 ",0
"ldr r1, [sb, 0x154] ",0
"strb r0, [r1] ",0
b 0x3b2c ,0
"mov r0, r0 ",0
"mov r0, r0 ",0
"ldrb r0, [sb, 0x134] ",0
"cmp r0, 1 ",0
"movne r0, 1 ",0
"moveq r0, 0 ",0
"cmp r0, 0 ",0
bne 0x3a1c ,0
"mov r0, r0 ",0
"str sb, [sp, -4]! ",0
"str r8, [sp, -4]! ",0
"str lr, [sp, -4]! ",0
"ldr r8, [0x00003b6c] ",0
"ldr r8, [r8] ",0
"mov lr, pc ",0
"mov pc, r8 ",0
"mov r0, r0 ",0
pop {lr} ,0
pop {r8} ,0
pop {sb} ,0
"ldrb r0, [sb, 0xa0] ",0
"eor r0, r0, 1 ",0
"cmp r0, 0 ",0
bne 0x3a0c ,0
"mov r0, r0 ",0
"ldrb r0, [sb, 0xa8] ",0
"eor r0, r0, 1 ",0
"cmp r0, 0 ",0
bne 0x39fc ,0
"mov r0, r0 ",0
"mov r0, 2 ",0
"strb r0, [sb, 0x134] ",0
b 0x3a08 ,0
"mov r0, r0 ",0
"mov r0, r0 ",0
"mov r0, 0 ",0
"strb r0, [sb, 0x134] ",0
"mov r0, r0 ",0
"mov r0, r0 ",0
"mov r0, r0 ",0
b 0x3b2c ,0
"mov r0, r0 ",0
"mov r0, r0 ",0
"ldrb r0, [sb, 0x134] ",0
"cmp r0, 2 ",0
"movne r0, 1 ",0
"moveq r0, 0 ",0
"cmp r0, 0 ",0
bne 0x3a9c ,0
"mov r0, r0 ",0
"str sb, [sp, -4]! ",0
"str r8, [sp, -4]! ",0
"str lr, [sp, -4]! ",0
"ldr r8, [0x00003b68] ",0
"ldr r8, [r8] ",0
"mov lr, pc ",0
"mov pc, r8 ",0
"mov r0, r0 ",0
pop {lr} ,0
pop {r8} ,0
pop {sb} ,0
"str sb, [sp, -4]! ",0
"str r8, [sp, -4]! ",0
"str lr, [sp, -4]! ",0
"ldr r8, [0x00003b64] ",0
"ldr r8, [r8] ",0
"mov lr, pc ",0
"mov pc, r8 ",0
"mov r0, r0 ",0
pop {lr} ,0
pop {r8} ,0
pop {sb} ,0
b 0x3b2c ,0
"mov r0, r0 ",0
"mov r0, r0 ",0
"ldrb r0, [sb, 0x134] ",0
"cmp r0, 3 ",0
"movne r0, 1 ",0
"moveq r0, 0 ",0
"cmp r0, 0 ",0
bne 0x3b28 ,0
"mov r0, r0 ",0
"str sb, [sp, -4]! ",0
"str r8, [sp, -4]! ",0
"str lr, [sp, -4]! ",0
"ldr r8, [0x00003b60] ",0
"ldr r8, [r8] ",0
"mov lr, pc ",0
"mov pc, r8 ",0
"mov r0, r0 ",0
pop {lr} ,0
pop {r8} ,0
pop {sb} ,0
"ldrb r0, [sb, 0xa0] ",0
"eor r0, r0, 1 ",0
"cmp r0, 0 ",0
bne 0x3b18 ,0
"mov r0, r0 ",0
"mov r0, 0 ",0
"ldr r1, [sb, 0x154] ",0
"strb r0, [r1] ",0
"mov r0, 0 ",0
"strb r0, [sb, 0xa9] ",0
"mov r0, 0 ",0
"strb r0, [sb, 0x134] ",0
"mov r0, r0 ",0
"mov r0, r0 ",0
b 0x3b2c ,0
"mov r0, r0 ",0
"mov r0, r0 ",0
"mov r0, r0 ",0
"ldrb r0, [sb, 0xaa] ",0
"strb r0, [sb, 0x148] ",0
"ldrb r0, [sb, 0xa8] ",0
"ldrb r1, [sb, 0x135] ",0
"and r0, r0, r1 ",0
"ldr r1, [sb, 0x154] ",0
"ldrb r1, [r1] ",0
"eor r1, r1, 1 ",0
"and r0, r0, r1 ",0
"strb r0, [sb, 0x149] ",0
"mov r0, r0 ",0
"ldmdb fp, {fp, sp, pc} ",0
"andeq r0, r0, r4, lsr r0 ",1
"andeq r0, r0, r0, asr 32 ",1
"andeq r0, r0, ip, lsr r0 ",1
"andeq r0, r0, r8, lsr r0 ",1
"andeq r0, r0, ip, asr 32 ",1
"mov ip, sp ",0
"push {fp, ip, lr} ",0
"mov fp, ip ",0
"ldr r1, [0x00003d40] ",0
"ldr r1, [r1] ",0
"str r1, [sp, -4]! ",0
"str r0, [sp, -4]! ",0
"ldr r8, [0x00003d3c] ",0
"ldrb r1, [r8] ",0
"str r0, [sp, -4]! ",0
"mov r0, sb ",0
"str sb, [sp, -4]! ",0
"str r8, [sp, -4]! ",0
"str lr, [sp, -4]! ",0
"ldr r8, [0x00003d38] ",0
"ldr r8, [r8] ",0
"mov lr, pc ",0
"mov pc, r8 ",0
"mov r0, r0 ",0
pop {lr} ,0
pop {r8} ,0
pop {sb} ,0
pop {r0} ,0
"mov r1, r0 ",0
"strb r1, [r8, -0x5e2] ",0
"mov r1, 0 ",0
"strb r1, [sb, 0xa8] ",0
"mov r1, 0 ",0
"strb r1, [sb, 0xa9] ",0
"mov r1, 0 ",0
"strb r1, [sb, 0xaa] ",0
"mov r1, 1 ",0
"ldr r8, [0x00003d40] ",0
"str r1, [r8] ",0
"mov r0, r0 ",0
"ldr r8, [0x00003d40] ",0
"ldr r1, [r8] ",0
"mov r2, 0x80 ",0
"cmp r1, r2 ",0
"movgt r1, 1 ",0
"movle r1, 0 ",0
"cmp r1, 0 ",0
bne 0x3c58 ,0
"mov r0, r0 ",0
"mov r0, 0 ",0
"ldr r8, [0x00003d40] ",0
"ldr r1, [r8] ",0
"ldr r2, [0x00003d34] ",0
"add r1, r1, r2 ",0
"mov r2, 0xab ",0
"add r2, r2, r1 ",0
"strb r0, [sb, r2] ",0
"ldr r0, [r8] ",0
"add r0, r0, 1 ",0
"str r0, [r8] ",0
b 0x3bfc ,0
"mov r0, r0 ",0
"mov r0, r0 ",0
"mov r0, 0 ",0
"ldr r1, [0x00003d30] ",0
"strh r0, [sb, r1] ",0
"mov r0, 0 ",0
"strb r0, [sb, 0x12e] ",0
"mov r0, 0 ",0
"str r0, [sb, 0x130] ",0
"mov r0, 0 ",0
"strb r0, [sb, 0x134] ",0
"mov r0, 0 ",0
"strb r0, [sb, 0x135] ",0
"mov r0, 0 ",0
"strb r0, [sb, 0x136] ",0
"ldr r0, [0x00003d2c] ",0
"ldr r1, [0x00003d28] ",0
"strh r0, [sb, r1] ",0
"ldr r0, [0x00003d2c] ",0
"ldr r1, [0x00003d24] ",0
"strh r0, [sb, r1] ",0
"ldr r0, [0x00003d2c] ",0
"ldr r1, [0x00003d20] ",0
"strh r0, [sb, r1] ",0
"ldr r0, [0x00003d2c] ",0
"ldr r1, [0x00003d1c] ",0
"strh r0, [sb, r1] ",0
"ldr r0, [0x00003d2c] ",0
"ldr r1, [0x00003d18] ",0
"strh r0, [sb, r1] ",0
"mov r0, 0 ",0
"ldr r1, [0x00003d14] ",0
"strh r0, [sb, r1] ",0
"mov r0, 0 ",0
"str r0, [sb, 0x144] ",0
"mov r0, 0 ",0
"strb r0, [sb, 0x148] ",0
"mov r0, 0 ",0
"strb r0, [sb, 0x149] ",0
pop {r0} ,0
"cmp r0, 0 ",0
bne 0x3d00 ,0
"mov r0, r0 ",0
"mov r0, r0 ",0
pop {r1} ,0
"ldr r0, [0x00003d40] ",0
"str r1, [r0] ",0
"ldmdb fp, {fp, sp, pc} ",0
"andeq r0, r0, r2, asr 2 ",1
"andeq r0, r0, r0, asr 2 ",1
"andeq r0, r0, lr, lsr r1 ",1
"andeq r0, r0, ip, lsr r1 ",1
"andeq r0, r0, sl, lsr r1 ",1
"andeq r0, r0, r8, lsr r1 ",1
"strdeq r7, r8, [r0], -pc ",1
"andeq r0, r0, ip, lsr 2 ",1
invalid ,1
"andeq r0, r0, r0, asr r0 ",1
"muleq r0, sb, r0 ",1
"andeq r6, r0, r8, ror sb ",1
"mov ip, sp ",0
"push {fp, ip, lr} ",0
"mov fp, ip ",0
"ldr r8, [0x00003e04] ",0
"ldrsh r0, [r8] ",0
"strh r0, [sb, 0x92] ",0
"ldrb r0, [sb, 0x136] ",0
"strb r0, [sb, 0x87] ",0
"mov r0, 1 ",0
"strb r0, [sb, 0x86] ",0
"str r0, [sp, -4]! ",0
"mov r0, sb ",0
"str sb, [sp, -4]! ",0
"str r8, [sp, -4]! ",0
"str lr, [sp, -4]! ",0
"ldr r8, [0x00003e00] ",0
"ldr r8, [r8] ",0
"mov lr, pc ",0
"mov pc, r8 ",0
"mov r0, r0 ",0
pop {lr} ,0
pop {r8} ,0
pop {sb} ,0
pop {r0} ,0
"ldrb r0, [sb, 0xa0] ",0
"eor r0, r0, 1 ",0
"cmp r0, 0 ",0
bne 0x3df0 ,0
"mov r0, r0 ",0
"mov r0, 0 ",0
"strb r0, [sb, 0xa8] ",0
"ldrb r0, [sb, 0xa1] ",0
"cmp r0, 0 ",0
bne 0x3de0 ,0
"mov r0, r0 ",0
"mov r0, 0 ",0
"strb r0, [sb, 0xaa] ",0
b 0x3dec ,0
"mov r0, r0 ",0
"mov r0, r0 ",0
"ldrb r0, [sb, 0xa2] ",0
"strb r0, [sb, 0xaa] ",0
"mov r0, r0 ",0
"mov r0, r0 ",0
"mov r0, r0 ",0
"mov r0, r0 ",0
"ldmdb fp, {fp, sp, pc} ",0
"andeq r0, r0, ip, asr 32 ",1
"andeq r3, r0, r0, lsl 1 ",1
"mov ip, sp ",0
"push {fp, ip, lr} ",0
"mov fp, ip ",0
"ldr r8, [0x000040cc] ",0
"ldrsh r0, [r8] ",0
"strh r0, [sb, 0x92] ",0
"ldrb r0, [sb, 0x136] ",0
"strb r0, [sb, 0x87] ",0
"ldr r0, [0x000040c8] ",0
"ldrsh r0, [sb, r0] ",0
"strh r0, [sb, 0x88] ",0
"ldr r0, [0x000040c4] ",0
"ldrsh r0, [sb, r0] ",0
"strh r0, [sb, 0x8a] ",0
"ldr r0, [0x000040c0] ",0
"ldrsh r0, [sb, r0] ",0
"strh r0, [sb, 0x8c] ",0
"ldr r0, [0x000040bc] ",0
"ldrsh r0, [sb, r0] ",0
"strh r0, [sb, 0x8e] ",0
"ldr r0, [0x000040b8] ",0
"ldrsh r0, [sb, r0] ",0
"strh r0, [sb, 0x90] ",0
"mov r0, 1 ",0
"str r0, [sb, 0x130] ",0
"ldrb r0, [sb, 0x136] ",0
"cmp r0, 1 ",0
"movhi r0, 1 ",0
"movls r0, 0 ",0
"cmp r0, 0 ",0
bne 0x3fd0 ,0
"mov r0, r0 ",0
"ldr r0, [0x000040b4] ",0
"str r0, [sb, 0x130] ",0
"ldrb r0, [sb, 0x136] ",0
"cmp r0, 1 ",0
"moveq r0, 1 ",0
"movne r0, 0 ",0
"ldrsh r1, [sb, 0x90] ",0
"ldr r8, [0x000040b0] ",0
"ldrsh r2, [r8] ",0
"cmp r1, r2 ",0
"moveq r1, 1 ",0
"movne r1, 0 ",0
"orr r0, r0, r1 ",0
"eor r0, r0, 1 ",0
"cmp r0, 0 ",0
bne 0x3ed8 ,0
"mov r0, r0 ",0
"ldr r8, [0x000040ac] ",0
"ldrsh r0, [r8] ",0
"strh r0, [sb, 0x90] ",0
"mov r0, r0 ",0
"mov r0, r0 ",0
"ldr r0, [0x000040c8] ",0
"ldrsh r0, [sb, r0] ",0
"ldr r8, [0x000040a8] ",0
"ldrsh r1, [r8] ",0
"cmp r0, r1 ",0
"movne r0, 1 ",0
"moveq r0, 0 ",0
"cmp r0, 0 ",0
bne 0x3f14 ,0
"mov r0, r0 ",0
"ldr r8, [0x000040a4] ",0
"ldrsh r0, [r8] ",0
"strh r0, [sb, 0x88] ",0
"mov r0, r0 ",0
"mov r0, r0 ",0
"ldr r0, [0x000040c4] ",0
"ldrsh r0, [sb, r0] ",0
"ldr r8, [0x000040a0] ",0
"ldrsh r1, [r8] ",0
"cmp r0, r1 ",0
"movne r0, 1 ",0
"moveq r0, 0 ",0
"cmp r0, 0 ",0
bne 0x3f50 ,0
"mov r0, r0 ",0
"ldr r8, [0x0000409c] ",0
"ldrsh r0, [r8] ",0
"strh r0, [sb, 0x8a] ",0
"mov r0, r0 ",0
"mov r0, r0 ",0
"ldr r0, [0x000040c0] ",0
"ldrsh r0, [sb, r0] ",0
"ldr r8, [0x00004098] ",0
"ldrsh r1, [r8] ",0
"cmp r0, r1 ",0
"movne r0, 1 ",0
"moveq r0, 0 ",0
"cmp r0, 0 ",0
bne 0x3f8c ,0
"mov r0, r0 ",0
"ldr r8, [0x00004094] ",0
"ldrsh r0, [r8] ",0
"strh r0, [sb, 0x8c] ",0
"mov r0, r0 ",0
"mov r0, r0 ",0
"ldr r0, [0x000040bc] ",0
"ldrsh r0, [sb, r0] ",0
"ldr r8, [0x00004090] ",0
"ldrsh r1, [r8] ",0
"cmp r0, r1 ",0
"movne r0, 1 ",0
"moveq r0, 0 ",0
"cmp r0, 0 ",0
bne 0x3fc8 ,0
"mov r0, r0 ",0
"ldr r8, [0x0000408c] ",0
"ldrsh r0, [r8] ",0
"strh r0, [sb, 0x8e] ",0
"mov r0, r0 ",0
"mov r0, r0 ",0
"mov r0, r0 ",0
"mov r0, r0 ",0
"mov r0, 1 ",0
"strb r0, [sb, 0x86] ",0
"str r0, [sp, -4]! ",0
"mov r0, sb ",0
"str sb, [sp, -4]! ",0
"str r8, [sp, -4]! ",0
"str lr, [sp, -4]! ",0
"ldr r8, [0x00004088] ",0
"ldr r8, [r8] ",0
"mov lr, pc ",0
"mov pc, r8 ",0
"mov r0, r0 ",0
pop {lr} ,0
pop {r8} ,0
pop {sb} ,0
pop {r0} ,0
"ldrb r0, [sb, 0xa0] ",0
"eor r0, r0, 1 ",0
"cmp r0, 0 ",0
bne 0x4078 ,0
"mov r0, r0 ",0
"ldrb r0, [sb, 0xa1] ",0
"cmp r0, 0 ",0
bne 0x4060 ,0
"mov r0, r0 ",0
"mov r0, 1 ",0
"strb r0, [sb, 0xa8] ",0
"mov r0, 0 ",0
"strb r0, [sb, 0xaa] ",0
"mov r0, 0 ",0
"ldr r1, [sb, 0x150] ",0
"strh r0, [r1] ",0
b 0x4074 ,0
"mov r0, r0 ",0
"mov r0, r0 ",0
"ldrb r0, [sb, 0xa2] ",0
"strb r0, [sb, 0xaa] ",0
"mov r0, 0 ",0
"strb r0, [sb, 0xa8] ",0
"mov r0, r0 ",0
"mov r0, r0 ",0
"mov r0, r0 ",0
"mov r0, r0 ",0
"ldmdb fp, {fp, sp, pc} ",0
"andeq r0, r0, ip, asr 32 ",1
"andeq r3, r0, r8, lsr 1 ",1
"andeq r3, r0, sl, lsr 1 ",1
"ldrdeq r3, r4, [r0], -r2 ",1
"ldrdeq r3, r4, [r0], -r6 ",1
"andeq r3, r0, sl, asr 1 ",1
"ldrdeq r3, r4, [r0], -r0 ",1
"muleq r0, r2, r0 ",1
"andeq r3, r0, r4, lsr 1 ",1
"andeq r3, r0, ip, lsr 1 ",1
"andeq r3, r0, r8, asr 1 ",1
invalid ,1
"andeq r0, r0, r0, asr 2 ",1
"andeq r0, r0, lr, lsr r1 ",1
"andeq r0, r0, ip, lsr r1 ",1
"andeq r0, r0, sl, lsr r1 ",1
"andeq r0, r0, r8, lsr r1 ",1
"andeq r3, r0, sl, ror r0 ",1
"mov ip, sp ",0
"push {fp, ip, lr} ",0
"mov fp, ip ",0
"ldrb r0, [sb, 0x12e] ",0
"ldrb r1, [sb, 0xa9] ",0
"eor r1, r1, 1 ",0
"orr r0, r0, r1 ",0
"eor r0, r0, 1 ",0
"cmp r0, 0 ",0
bne 0x430c ,0
"mov r0, r0 ",0
"ldr r8, [0x00004330] ",0
"ldrsh r0, [r8] ",0
"strh r0, [sb, 0x92] ",0
"ldrb r0, [sb, 0x136] ",0
"strb r0, [sb, 0x87] ",0
"ldr r0, [sb, 0x130] ",0
"str r0, [sb, 0x94] ",0
"add r0, sb, 0xab ",0
"str r0, [sb, 0x9c] ",0
"ldrb r0, [sb, 0x12e] ",0
"cmp r0, 0 ",0
bne 0x4170 ,0
"mov r0, r0 ",0
"mov r0, 0 ",0
"strb r0, [sb, 0x86] ",0
"str r0, [sp, -4]! ",0
"mov r0, sb ",0
"str sb, [sp, -4]! ",0
"str r8, [sp, -4]! ",0
"str lr, [sp, -4]! ",0
"ldr r8, [0x0000432c] ",0
"ldr r8, [r8] ",0
"mov lr, pc ",0
"mov pc, r8 ",0
"mov r0, r0 ",0
pop {lr} ,0
pop {r8} ,0
pop {sb} ,0
pop {r0} ,0
"mov r0, r0 ",0
"mov r0, r0 ",0
"mov r0, 1 ",0
"strb r0, [sb, 0x86] ",0
"str r0, [sp, -4]! ",0
"mov r0, sb ",0
"str sb, [sp, -4]! ",0
"str r8, [sp, -4]! ",0
"str lr, [sp, -4]! ",0
"ldr r8, [0x0000432c] ",0
"ldr r8, [r8] ",0
"mov lr, pc ",0
"mov pc, r8 ",0
"mov r0, r0 ",0
pop {lr} ,0
pop {r8} ,0
pop {sb} ,0
pop {r0} ,0
"mov r0, 1 ",0
"strb r0, [sb, 0x12e] ",0
"ldrb r0, [sb, 0xa0] ",0
"eor r0, r0, 1 ",0
"cmp r0, 0 ",0
bne 0x4304 ,0
"mov r0, r0 ",0
"ldrb r0, [sb, 0xa1] ",0
"cmp r0, 0 ",0
bne 0x42ec ,0
"mov r0, r0 ",0
"mov r0, 1 ",0
"ldr r1, [0x00004328] ",0
"strh r0, [sb, r1] ",0
"mov r0, r0 ",0
"ldr r0, [0x00004328] ",0
"ldrsh r0, [sb, r0] ",0
"ldr r1, [sb, 0xa4] ",0
"str r1, [sp, -4]! ",0
"ldrsh r1, [sp] ",0
"add sp, sp, 4 ",0
"cmp r0, r1 ",0
"movgt r0, 1 ",0
"movle r0, 0 ",0
"cmp r0, 0 ",0
bne 0x42e0 ,0
"mov r0, r0 ",0
"ldr r0, [0x00004328] ",0
"ldrsh r0, [sb, r0] ",0
"ldr r1, [0x00004324] ",0
"add r0, r0, r1 ",0
"mov r1, 0xab ",0
"add r1, r1, r0 ",0
"ldrb r0, [sb, r1] ",0
"ldr r1, [sb, 0x150] ",0
"ldrsh r1, [r1] ",0
"ldr r2, [sb, 0x150] ",0
"mov r3, 2 ",0
"add r3, r3, r1 ",0
"strb r0, [r2, r3] ",0
"ldr r0, [sb, 0x150] ",0
"ldrsh r0, [r0] ",0
"add r0, r0, 1 ",0
"ldr r1, [0x00004320] ",0
"cmp r1, 0 ",0
beq 0x42b0 ,0
"mov r0, r0 ",0
"str r1, [sp, -4]! ",0
"str sb, [sp, -4]! ",0
"str r8, [sp, -4]! ",0
"str lr, [sp, -4]! ",0
"ldr r8, [0x0000431c] ",0
"ldr r8, [r8] ",0
"mov lr, pc ",0
"mov pc, r8 ",0
"mov r0, r0 ",0
pop {lr} ,0
pop {r8} ,0
pop {sb} ,0
pop {r1} ,0
b 0x42b8 ,0
"mov r0, r0 ",0
"mov r0, r0 ",0
"mov r0, r1 ",0
"mov r0, r0 ",0
"ldr r1, [sb, 0x150] ",0
"strh r0, [r1] ",0
"ldr r0, [0x00004328] ",0
"ldrsh r0, [sb, r0] ",0
"add r0, r0, 1 ",0
"ldr r1, [0x00004328] ",0
"strh r0, [sb, r1] ",0
b 0x41f0 ,0
"mov r0, r0 ",0
"mov r0, r0 ",0
b 0x42f8 ,0
"mov r0, r0 ",0
"mov r0, r0 ",0
"ldrb r0, [sb, 0xa2] ",0
"strb r0, [sb, 0xaa] ",0
"mov r0, r0 ",0
"mov r0, 0 ",0
"strb r0, [sb, 0x12e] ",0
"mov r0, r0 ",0
"mov r0, r0 ",0
"mov r0, r0 ",0
"mov r0, r0 ",0
"mov r0, r0 ",0
"ldmdb fp, {fp, sp, pc} ",0
"andeq r0, r0, r4, asr 9 ",1
"andeq r0, r0, r0, lsl 2 ",1
invalid ,1
"andeq r0, r0, ip, lsr 2 ",1
"andeq r0, r0, ip, asr 32 ",1
"andeq r3, r0, r2, lsl 1 ",1
"mov ip, sp ",0
"push {fp, ip, lr} ",0
"mov fp, ip ",0
"ldr r0, [sb, 0x14c] ",0
"ldrb r0, [r0] ",0
"eor r0, r0, 1 ",0
"cmp r0, 0 ",0
bne 0x44dc ,0
"mov r0, r0 ",0
"ldrb r0, [sb, 0x12e] ",0
"eor r0, r0, 1 ",0
"ldrb r1, [sb, 0xa9] ",0
"orr r0, r0, r1 ",0
"eor r0, r0, 1 ",0
"cmp r0, 0 ",0
bne 0x44d4 ,0
"mov r0, r0 ",0
"ldr r8, [0x000044f4] ",0
"ldrsh r0, [r8] ",0
"strh r0, [sb, 0x92] ",0
"ldrb r0, [sb, 0x136] ",0
"strb r0, [sb, 0x87] ",0
"ldr r0, [0x000044f0] ",0
"ldrsh r0, [sb, r0] ",0
"str r0, [sb, 0x94] ",0
"ldr r0, [sb, 0x144] ",0
"str r0, [sb, 0x98] ",0
"ldrb r0, [sb, 0xa9] ",0
"cmp r0, 0 ",0
bne 0x43f0 ,0
"mov r0, r0 ",0
"mov r0, 0 ",0
"strb r0, [sb, 0x86] ",0
"str r0, [sp, -4]! ",0
"mov r0, sb ",0
"str sb, [sp, -4]! ",0
"str r8, [sp, -4]! ",0
"str lr, [sp, -4]! ",0
"ldr r8, [0x000044ec] ",0
"ldr r8, [r8] ",0
"mov lr, pc ",0
"mov pc, r8 ",0
"mov r0, r0 ",0
pop {lr} ,0
pop {r8} ,0
pop {sb} ,0
pop {r0} ,0
"mov r0, r0 ",0
"mov r0, r0 ",0
"ldrb r0, [sb, 0xa9] ",0
"eor r0, r0, 1 ",0
"ldrb r1, [sb, 0x136] ",0
"cmp r1, 2 ",0
"movhs r1, 1 ",0
"movlo r1, 0 ",0
"orr r0, r0, r1 ",0
"eor r0, r0, 1 ",0
"cmp r0, 0 ",0
bne 0x4464 ,0
"mov r0, r0 ",0
"mov r0, 1 ",0
"strb r0, [sb, 0x86] ",0
"str r0, [sp, -4]! ",0
"mov r0, sb ",0
"str sb, [sp, -4]! ",0
"str r8, [sp, -4]! ",0
"str lr, [sp, -4]! ",0
"ldr r8, [0x000044ec] ",0
"ldr r8, [r8] ",0
"mov lr, pc ",0
"mov pc, r8 ",0
"mov r0, r0 ",0
pop {lr} ,0
pop {r8} ,0
pop {sb} ,0
pop {r0} ,0
"mov r0, r0 ",0
"mov r0, r0 ",0
"mov r0, 1 ",0
"strb r0, [sb, 0xa9] ",0
"ldrb r0, [sb, 0xa0] ",0
"eor r0, r0, 1 ",0
"cmp r0, 0 ",0
bne 0x44cc ,0
"mov r0, r0 ",0
"ldrb r0, [sb, 0xa1] ",0
"cmp r0, 0 ",0
bne 0x44a8 ,0
"mov r0, r0 ",0
"mov r0, 0 ",0
"strb r0, [sb, 0xaa] ",0
b 0x44b4 ,0
"mov r0, r0 ",0
"mov r0, r0 ",0
"ldrb r0, [sb, 0xa2] ",0
"strb r0, [sb, 0xaa] ",0
"mov r0, r0 ",0
"mov r0, 0 ",0
"ldr r1, [sb, 0x14c] ",0
"strb r0, [r1] ",0
"mov r0, 0 ",0
"strb r0, [sb, 0xa9] ",0
"mov r0, r0 ",0
"mov r0, r0 ",0
"mov r0, r0 ",0
"mov r0, r0 ",0
"mov r0, r0 ",0
"mov r0, r0 ",0
"mov r0, r0 ",0
"ldmdb fp, {fp, sp, pc} ",0
"andeq r0, r0, ip, asr 32 ",1
"andeq r0, r0, r2, asr 2 ",1
"andeq r3, r0, r4, lsl 1 ",1
"mov ip, sp ",0
"push {fp, ip, lr} ",0
"mov fp, ip ",0
"ldr r1, [0x000045a4] ",0
"ldr r1, [r1] ",0
"str r1, [sp, -4]! ",0
"str r0, [sp, -4]! ",0
"mov r1, 0 ",0
"strh r1, [sb] ",0
"mov r1, 0 ",0
"ldr r8, [0x000045a4] ",0
"str r1, [r8] ",0
"mov r0, r0 ",0
"ldr r8, [0x000045a4] ",0
"ldr r1, [r8] ",0
"mov r2, 0xff ",0
"cmp r1, r2 ",0
"movgt r1, 1 ",0
"movle r1, 0 ",0
"cmp r1, 0 ",0
bne 0x457c ,0
"mov r0, r0 ",0
"mov r0, 0 ",0
"ldr r8, [0x000045a4] ",0
"ldr r1, [r8] ",0
"mov r2, 2 ",0
"add r2, r2, r1 ",0
"strb r0, [sb, r2] ",0
"ldr r0, [r8] ",0
"add r0, r0, 1 ",0
"str r0, [r8] ",0
b 0x4528 ,0
"mov r0, r0 ",0
"mov r0, r0 ",0
pop {r0} ,0
"cmp r0, 0 ",0
bne 0x4590 ,0
"mov r0, r0 ",0
"mov r0, r0 ",0
pop {r1} ,0
"ldr r0, [0x000045a4] ",0
"str r1, [r0] ",0
"ldmdb fp, {fp, sp, pc} ",0
"andeq r6, r0, r8, ror sb ",1
"mov ip, sp ",0
"push {fp, ip, lr} ",0
"mov fp, ip ",0
"ldr r0, [sb, 0xac8] ",0
"ldrb r0, [r0] ",0
"ldr r1, [sb, 0xac4] ",0
"ldrb r1, [r1, 1] ",0
"eor r1, r1, 1 ",0
"and r0, r0, r1 ",0
"eor r0, r0, 1 ",0
"cmp r0, 0 ",0
bne 0x4660 ,0
"mov r0, r0 ",0
"mov r0, 1 ",0
"strb r0, [sb, 0x95c] ",0
"mov r0, 0 ",0
"strb r0, [sb, 0x954] ",0
"mov r0, 0 ",0
"strb r0, [sb, 0x955] ",0
"mov r0, 0 ",0
"strb r0, [sb, 0x956] ",0
"mov r0, 0 ",0
"strb r0, [sb, 0x957] ",0
"mov r0, 0 ",0
"strb r0, [sb, 0x958] ",0
"mov r0, 0 ",0
"strb r0, [sb, 0x959] ",0
"mov r0, 0 ",0
"strb r0, [sb, 0x95a] ",0
"ldr r0, [sb, 0x960] ",0
"ldr r1, [sb, 0xac4] ",0
"str r0, [r1, 8] ",0
"ldrb r0, [sb, 0x964] ",0
"ldr r1, [sb, 0xac4] ",0
"strb r0, [r1, 3] ",0
"mov r0, 0 ",0
"ldr r1, [sb, 0xac4] ",0
"strb r0, [r1, 4] ",0
"mov r0, 1 ",0
"ldr r1, [sb, 0xac4] ",0
"strb r0, [r1] ",0
"mov r0, 1 ",0
"ldr r1, [sb, 0xac4] ",0
"strb r0, [r1, 1] ",0
b 0x750c ,0
"mov r0, r0 ",0
"mov r0, r0 ",0
"ldrb r0, [sb, 0x95c] ",0
"ldr r1, [sb, 0xac4] ",0
"ldrb r1, [r1, 1] ",0
"and r0, r0, r1 ",0
"ldr r1, [sb, 0xac4] ",0
"ldrb r1, [r1, 2] ",0
"eor r1, r1, 1 ",0
"and r0, r0, r1 ",0
"ldr r1, [sb, 0xac4] ",0
"ldrb r1, [r1, 0x114] ",0
"eor r1, r1, 1 ",0
"and r0, r0, r1 ",0
"eor r0, r0, 1 ",0
"cmp r0, 0 ",0
bne 0x68cc ,0
"mov r0, r0 ",0
"ldr r0, [sb, 0xac4] ",0
"mov r0, r0 ",0
"ldr r2, [0x000056a4] ",0
"add r1, sb, r2 ",0
"mov r3, 0 ",0
"mov r0, r0 ",0
"ldr r2, [0x000056a0] ",0
"cmp r3, r2 ",0
"movhs r2, 1 ",0
"movlo r2, 0 ",0
"cmp r2, 0 ",0
bne 0x46ec ,0
"mov r0, r0 ",0
"ldrb r2, [r0, r3] ",0
"strb r2, [r1, r3] ",0
"add r3, r3, 1 ",0
b 0x46b8 ,0
"mov r0, r0 ",0
"mov r0, r0 ",0
"str sb, [sp, -4]! ",0
"mov sb, sb ",0
"str sb, [sp, -4]! ",0
"str r8, [sp, -4]! ",0
"str lr, [sp, -4]! ",0
"ldr r8, [0x0000569c] ",0
"ldr r8, [r8] ",0
"mov lr, pc ",0
"mov pc, r8 ",0
"mov r0, r0 ",0
pop {lr} ,0
pop {r8} ,0
pop {sb} ,0
pop {sb} ,0
"ldr r1, [0x00005698] ",0
"add r0, sb, r1 ",0
"ldr r2, [0x00005694] ",0
"add r1, sb, r2 ",0
"mov r3, 0 ",0
"mov r0, r0 ",0
"mov r2, 0x24 ",0
"cmp r3, r2 ",0
"movhs r2, 1 ",0
"movlo r2, 0 ",0
"cmp r2, 0 ",0
bne 0x4770 ,0
"mov r0, r0 ",0
"ldrb r2, [r0, r3] ",0
"strb r2, [r1, r3] ",0
"add r3, r3, 1 ",0
b 0x473c ,0
"mov r0, r0 ",0
"mov r0, r0 ",0
"ldr r1, [0x00005690] ",0
"add r0, sb, r1 ",0
"mov r2, lr ",0
bl 0x478c ,0
"strbtvc r6, [r1], -0x548 ",1
"andeq r0, r0, r0 ",0
"mov r1, lr ",0
"mov lr, r2 ",0
"mov r5, 0 ",0
"mov r0, r0 ",0
"ldrb r2, [r0, r5] ",0
"ldrb r3, [r1, r5] ",0
"cmp r2, 0 ",0
beq 0x47d8 ,0
"mov r0, r0 ",0
"cmp r3, 0 ",0
beq 0x47d8 ,0
"mov r0, r0 ",0
"add r5, r5, 1 ",0
"cmp r2, r3 ",0
"moveq r4, 1 ",0
"movne r4, 0 ",0
"cmp r4, 0 ",0
bne 0x4798 ,0
"mov r0, r0 ",0
"mov r0, r0 ",0
"cmp r2, r3 ",0
"moveq r0, 1 ",0
"movne r0, 0 ",0
"ldr r2, [0x00005690] ",0
"add r1, sb, r2 ",0
"mov r3, lr ",0
bl 0x4804 ,0
"strbtvc r6, [r1], -0x548 ",1
"stclvs p9, c4, [lr], -0x80 ",1
"andeq r7, r0, r5, ror 8 ",1
"mov r2, lr ",0
"mov lr, r3 ",0
"mov r6, 0 ",0
"mov r0, r0 ",0
"ldrb r3, [r1, r6] ",0
"ldrb r4, [r2, r6] ",0
"cmp r3, 0 ",0
beq 0x4850 ,0
"mov r0, r0 ",0
"cmp r4, 0 ",0
beq 0x4850 ,0
"mov r0, r0 ",0
"add r6, r6, 1 ",0
"cmp r3, r4 ",0
"moveq r5, 1 ",0
"movne r5, 0 ",0
"cmp r5, 0 ",0
bne 0x4810 ,0
"mov r0, r0 ",0
"mov r0, r0 ",0
"cmp r3, r4 ",0
"moveq r1, 1 ",0
"movne r1, 0 ",0
"orr r0, r0, r1 ",0
"ldr r2, [0x00005690] ",0
"add r1, sb, r2 ",0
"mov r3, lr ",0
bl 0x4880 ,0
"strbtvc r6, [r1], -0x548 ",1
"ldrbtvc r4, [r5], -0xf20 ",1
"rsbseq r6, r4, ip, ror 10 ",1
"mov r2, lr ",0
"mov lr, r3 ",0
"mov r6, 0 ",0
"mov r0, r0 ",0
"ldrb r3, [r1, r6] ",0
"ldrb r4, [r2, r6] ",0
"cmp r3, 0 ",0
beq 0x48cc ,0
"mov r0, r0 ",0
"cmp r4, 0 ",0
beq 0x48cc ,0
"mov r0, r0 ",0
"add r6, r6, 1 ",0
"cmp r3, r4 ",0
"moveq r5, 1 ",0
"movne r5, 0 ",0
"cmp r5, 0 ",0
bne 0x488c ,0
"mov r0, r0 ",0
"mov r0, r0 ",0
"cmp r3, r4 ",0
"moveq r1, 1 ",0
"movne r1, 0 ",0
"orr r0, r0, r1 ",0
"ldr r2, [0x00005690] ",0
"add r1, sb, r2 ",0
"mov r3, lr ",0
bl 0x4900 ,0
"strbtvc r6, [r1], -0x548 ",1
svcvs 0x6f432f ,1
"strbvs r6, [lr, -ip, ror 18]! ",1
"andeq r0, r0, r0 ",0
"mov r2, lr ",0
"mov lr, r3 ",0
"mov r6, 0 ",0
"mov r0, r0 ",0
"ldrb r3, [r1, r6] ",0
"ldrb r4, [r2, r6] ",0
"cmp r3, 0 ",0
beq 0x494c ,0
"mov r0, r0 ",0
"cmp r4, 0 ",0
beq 0x494c ,0
"mov r0, r0 ",0
"add r6, r6, 1 ",0
"cmp r3, r4 ",0
"moveq r5, 1 ",0
"movne r5, 0 ",0
"cmp r5, 0 ",0
bne 0x490c ,0
"mov r0, r0 ",0
"mov r0, r0 ",0
"cmp r3, r4 ",0
"moveq r1, 1 ",0
"movne r1, 0 ",0
"orr r0, r0, r1 ",0
"ldr r2, [0x00005690] ",0
"add r1, sb, r2 ",0
"mov r3, lr ",0
bl 0x4980 ,0
"stclvs p15, c6, [pc], -0x10c ",1
"rsbhs r6, r7, sb, ror 28 ",1
"strbvs r6, [ip, -0xe49]! ",1
"andeq r0, r0, r4, ror r0 ",1
"mov r2, lr ",0
"mov lr, r3 ",0
"mov r6, 0 ",0
"mov r0, r0 ",0
"ldrb r3, [r1, r6] ",0
"ldrb r4, [r2, r6] ",0
"cmp r3, 0 ",0
beq 0x49cc ,0
"mov r0, r0 ",0
"cmp r4, 0 ",0
beq 0x49cc ,0
"mov r0, r0 ",0
"add r6, r6, 1 ",0
"cmp r3, r4 ",0
"moveq r5, 1 ",0
"movne r5, 0 ",0
"cmp r5, 0 ",0
bne 0x498c ,0
"mov r0, r0 ",0
"mov r0, r0 ",0
"cmp r3, r4 ",0
"moveq r1, 1 ",0
"movne r1, 0 ",0
"orr r0, r0, r1 ",0
"ldr r2, [0x00005690] ",0
"add r1, sb, r2 ",0
"mov r3, lr ",0
bl 0x4a00 ,0
"stclvs p15, c6, [pc], -0x10c ",1
"rsbhs r6, r7, sb, ror 28 ",1
"ldclvs p5, c7, [r4], -0x13c ",1
"andeq r7, r0, r5, ror 8 ",1
"mov r2, lr ",0
"mov lr, r3 ",0
"mov r6, 0 ",0
"mov r0, r0 ",0
"ldrb r3, [r1, r6] ",0
"ldrb r4, [r2, r6] ",0
"cmp r3, 0 ",0
beq 0x4a4c ,0
"mov r0, r0 ",0
"cmp r4, 0 ",0
beq 0x4a4c ,0
"mov r0, r0 ",0
"add r6, r6, 1 ",0
"cmp r3, r4 ",0
"moveq r5, 1 ",0
"movne r5, 0 ",0
"cmp r5, 0 ",0
bne 0x4a0c ,0
"mov r0, r0 ",0
"mov r0, r0 ",0
"cmp r3, r4 ",0
"moveq r1, 1 ",0
"movne r1, 0 ",0
"orr r0, r0, r1 ",0
"ldr r2, [0x00005690] ",0
"add r1, sb, r2 ",0
"mov r3, lr ",0
bl 0x4a7c ,0
"rsbshs r6, r4, r8, asr 30 ",1
"ldrbvs r6, [r4, -0x157]! ",1
"andeq r0, r0, r2, ror r0 ",1
"mov r2, lr ",0
"mov lr, r3 ",0
"mov r6, 0 ",0
"mov r0, r0 ",0
"ldrb r3, [r1, r6] ",0
"ldrb r4, [r2, r6] ",0
"cmp r3, 0 ",0
beq 0x4ac8 ,0
"mov r0, r0 ",0
"cmp r4, 0 ",0
beq 0x4ac8 ,0
"mov r0, r0 ",0
"add r6, r6, 1 ",0
"cmp r3, r4 ",0
"moveq r5, 1 ",0
"movne r5, 0 ",0
"cmp r5, 0 ",0
bne 0x4a88 ,0
"mov r0, r0 ",0
"mov r0, r0 ",0
"cmp r3, r4 ",0
"moveq r1, 1 ",0
"movne r1, 0 ",0
"ldrb r2, [sb, 0x951] ",0
"eor r2, r2, 1 ",0
"and r1, r1, r2 ",0
"ldrb r2, [sb, 0x988] ",0
"cmp r2, 0 ",0
"movhi r2, 1 ",0
"movls r2, 0 ",0
"and r1, r1, r2 ",0
"orr r0, r0, r1 ",0
"eor r0, r0, 1 ",0
"cmp r0, 0 ",0
bne 0x5d20 ,0
"mov r0, r0 ",0
"mov r0, 1 ",0
"strb r0, [sb, 0x95b] ",0
"mov r0, r0 ",0
"ldrb r0, [sb, 0x95b] ",0
"ldr r1, [0x0000568c] ",0
"add r0, r0, r1 ",0
"mov r1, 0x2c ",0
"mul r0, r0, r1 ",0
"ldr r1, [0x00005688] ",0
"add r1, r1, r0 ",0
"ldrsh r0, [sb, r1] ",0
"ldr r8, [0x00005684] ",0
"ldrsh r1, [r8] ",0
"cmp r0, r1 ",0
"movlt r0, 1 ",0
"movge r0, 0 ",0
"ldrb r1, [sb, 0x95b] ",0
"ldr r2, [0x0000568c] ",0
"add r1, r1, r2 ",0
"mov r2, 0x2c ",0
"mul r1, r1, r2 ",0
"ldr r2, [0x00005688] ",0
"add r2, r2, r1 ",0
"ldrsh r1, [sb, r2] ",0
"ldrsh r2, [r8, 0x26] ",0
"cmp r1, r2 ",0
"movgt r1, 1 ",0
"movle r1, 0 ",0
"orr r0, r0, r1 ",0
"cmp r0, 0 ",0
bne 0x4d8c ,0
"mov r0, r0 ",0
"ldrb r0, [sb, 0x954] ",0
"cmp r0, 0 ",0
bne 0x4d7c ,0
"mov r0, r0 ",0
"ldrb r0, [sb, 0x95b] ",0
"ldr r1, [0x0000568c] ",0
"add r0, r0, r1 ",0
"mov r1, 0x2c ",0
"mul r0, r0, r1 ",0
"add r0, sb, r0 ",0
"ldr r1, [0x00005680] ",0
"add r0, r0, r1 ",0
"ldr r2, [0x0000567c] ",0
"add r1, sb, r2 ",0
"mov r3, 0 ",0
"mov r0, r0 ",0
"mov r2, 0x15 ",0
"cmp r3, r2 ",0
"movhs r2, 1 ",0
"movlo r2, 0 ",0
"cmp r2, 0 ",0
bne 0x4bfc ,0
"mov r0, r0 ",0
"ldrb r2, [r0, r3] ",0
"strb r2, [r1, r3] ",0
"add r3, r3, 1 ",0
b 0x4bc8 ,0
"mov r0, r0 ",0
"mov r0, r0 ",0
"mov r2, 0 ",0
"strb r2, [r1, 0x15] ",0
"ldrb r0, [sb, 0x95b] ",0
"ldr r1, [0x0000568c] ",0
"add r0, r0, r1 ",0
"mov r1, 0x2c ",0
"mul r0, r0, r1 ",0
"add r0, sb, r0 ",0
"ldr r1, [0x00005678] ",0
"add r0, r0, r1 ",0
"ldr r2, [0x00005674] ",0
"add r1, sb, r2 ",0
"mov r3, 0 ",0
"mov r0, r0 ",0
"mov r2, 3 ",0
"cmp r3, r2 ",0
"movhs r2, 1 ",0
"movlo r2, 0 ",0
"cmp r2, 0 ",0
bne 0x4c68 ,0
"mov r0, r0 ",0
"ldrb r2, [r0, r3] ",0
"strb r2, [r1, r3] ",0
"add r3, r3, 1 ",0
b 0x4c34 ,0
"mov r0, r0 ",0
"mov r0, r0 ",0
"mov r2, 0 ",0
"strb r2, [r1, 3] ",0
"ldrb r0, [sb, 0x95b] ",0
"ldr r1, [0x0000568c] ",0
"add r0, r0, r1 ",0
"mov r1, 0x2c ",0
"mul r0, r0, r1 ",0
"add r0, sb, r0 ",0
"ldr r1, [0x00005670] ",0
"add r0, r0, r1 ",0
"ldr r2, [0x0000566c] ",0
"add r1, sb, r2 ",0
"mov r3, 0 ",0
"mov r0, r0 ",0
"mov r2, 7 ",0
"cmp r3, r2 ",0
"movhs r2, 1 ",0
"movlo r2, 0 ",0
"cmp r2, 0 ",0
bne 0x4cd4 ,0
"mov r0, r0 ",0
"ldrb r2, [r0, r3] ",0
"strb r2, [r1, r3] ",0
"add r3, r3, 1 ",0
b 0x4ca0 ,0
"mov r0, r0 ",0
"mov r0, r0 ",0
"mov r2, 0 ",0
"strb r2, [r1, 7] ",0
"ldrb r0, [sb, 0x95b] ",0
"ldr r1, [0x0000568c] ",0
"add r0, r0, r1 ",0
"mov r1, 0x2c ",0
"mul r0, r0, r1 ",0
"add r0, sb, r0 ",0
"ldr r1, [0x00005668] ",0
"add r0, r0, r1 ",0
"ldr r2, [0x00005664] ",0
"add r1, sb, r2 ",0
"mov r3, 0 ",0
"mov r0, r0 ",0
"mov r2, 6 ",0
"cmp r3, r2 ",0
"movhs r2, 1 ",0
"movlo r2, 0 ",0
"cmp r2, 0 ",0
bne 0x4d40 ,0
"mov r0, r0 ",0
"ldrb r2, [r0, r3] ",0
"strb r2, [r1, r3] ",0
"add r3, r3, 1 ",0
b 0x4d0c ,0
"mov r0, r0 ",0
"mov r0, r0 ",0
"mov r2, 0 ",0
"strb r2, [r1, 6] ",0
"ldrb r0, [sb, 0x95b] ",0
"ldr r1, [0x0000568c] ",0
"add r0, r0, r1 ",0
"mov r1, 0x2c ",0
"mul r0, r0, r1 ",0
"ldr r1, [0x00005688] ",0
"add r1, r1, r0 ",0
"ldrsh r0, [sb, r1] ",0
"ldr r1, [0x00005660] ",0
"strh r0, [sb, r1] ",0
"mov r0, 1 ",0
"strb r0, [sb, 0x954] ",0
"mov r0, r0 ",0
"mov r0, r0 ",0
b 0x5c28 ,0
"mov r0, r0 ",0
"mov r0, r0 ",0
"ldrb r0, [sb, 0x95b] ",0
"ldr r1, [0x0000568c] ",0
"add r0, r0, r1 ",0
"mov r1, 0x2c ",0
"mul r0, r0, r1 ",0
"ldr r1, [0x00005688] ",0
"add r1, r1, r0 ",0
"ldrsh r0, [sb, r1] ",0
"ldr r8, [0x0000565c] ",0
"ldrsh r1, [r8] ",0
"cmp r0, r1 ",0
"movlt r0, 1 ",0
"movge r0, 0 ",0
"ldrb r1, [sb, 0x95b] ",0
"ldr r2, [0x0000568c] ",0
"add r1, r1, r2 ",0
"mov r2, 0x2c ",0
"mul r1, r1, r2 ",0
"ldr r2, [0x00005688] ",0
"add r2, r2, r1 ",0
"ldrsh r1, [sb, r2] ",0
"ldrsh r2, [r8, 0x26] ",0
"cmp r1, r2 ",0
"movgt r1, 1 ",0
"movle r1, 0 ",0
"orr r0, r0, r1 ",0
"cmp r0, 0 ",0
bne 0x5004 ,0
"mov r0, r0 ",0
"ldrb r0, [sb, 0x955] ",0
"cmp r0, 0 ",0
bne 0x4ff4 ,0
"mov r0, r0 ",0
"ldrb r0, [sb, 0x95b] ",0
"ldr r1, [0x0000568c] ",0
"add r0, r0, r1 ",0
"mov r1, 0x2c ",0
"mul r0, r0, r1 ",0
"add r0, sb, r0 ",0
"ldr r1, [0x00005680] ",0
"add r0, r0, r1 ",0
"ldr r2, [0x00005658] ",0
"add r1, sb, r2 ",0
"mov r3, 0 ",0
"mov r0, r0 ",0
"mov r2, 0x15 ",0
"cmp r3, r2 ",0
"movhs r2, 1 ",0
"movlo r2, 0 ",0
"cmp r2, 0 ",0
bne 0x4e74 ,0
"mov r0, r0 ",0
"ldrb r2, [r0, r3] ",0
"strb r2, [r1, r3] ",0
"add r3, r3, 1 ",0
b 0x4e40 ,0
"mov r0, r0 ",0
"mov r0, r0 ",0
"mov r2, 0 ",0
"strb r2, [r1, 0x15] ",0
"ldrb r0, [sb, 0x95b] ",0
"ldr r1, [0x0000568c] ",0
"add r0, r0, r1 ",0
"mov r1, 0x2c ",0
"mul r0, r0, r1 ",0
"add r0, sb, r0 ",0
"ldr r1, [0x00005678] ",0
"add r0, r0, r1 ",0
"ldr r2, [0x00005654] ",0
"add r1, sb, r2 ",0
"mov r3, 0 ",0
"mov r0, r0 ",0
"mov r2, 3 ",0
"cmp r3, r2 ",0
"movhs r2, 1 ",0
"movlo r2, 0 ",0
"cmp r2, 0 ",0
bne 0x4ee0 ,0
"mov r0, r0 ",0
"ldrb r2, [r0, r3] ",0
"strb r2, [r1, r3] ",0
"add r3, r3, 1 ",0
b 0x4eac ,0
"mov r0, r0 ",0
"mov r0, r0 ",0
"mov r2, 0 ",0
"strb r2, [r1, 3] ",0
"ldrb r0, [sb, 0x95b] ",0
"ldr r1, [0x0000568c] ",0
"add r0, r0, r1 ",0
"mov r1, 0x2c ",0
"mul r0, r0, r1 ",0
"add r0, sb, r0 ",0
"ldr r1, [0x00005670] ",0
"add r0, r0, r1 ",0
"ldr r2, [0x00005650] ",0
"add r1, sb, r2 ",0
"mov r3, 0 ",0
"mov r0, r0 ",0
"mov r2, 7 ",0
"cmp r3, r2 ",0
"movhs r2, 1 ",0
"movlo r2, 0 ",0
"cmp r2, 0 ",0
bne 0x4f4c ,0
"mov r0, r0 ",0
"ldrb r2, [r0, r3] ",0
"strb r2, [r1, r3] ",0
"add r3, r3, 1 ",0
b 0x4f18 ,0
"mov r0, r0 ",0
"mov r0, r0 ",0
"mov r2, 0 ",0
"strb r2, [r1, 7] ",0
"ldrb r0, [sb, 0x95b] ",0
"ldr r1, [0x0000568c] ",0
"add r0, r0, r1 ",0
"mov r1, 0x2c ",0
"mul r0, r0, r1 ",0
"add r0, sb, r0 ",0
"ldr r1, [0x00005668] ",0
"add r0, r0, r1 ",0
"ldr r2, [0x0000564c] ",0
"add r1, sb, r2 ",0
"mov r3, 0 ",0
"mov r0, r0 ",0
"mov r2, 6 ",0
"cmp r3, r2 ",0
"movhs r2, 1 ",0
"movlo r2, 0 ",0
"cmp r2, 0 ",0
bne 0x4fb8 ,0
"mov r0, r0 ",0
"ldrb r2, [r0, r3] ",0
"strb r2, [r1, r3] ",0
"add r3, r3, 1 ",0
b 0x4f84 ,0
"mov r0, r0 ",0
"mov r0, r0 ",0
"mov r2, 0 ",0
"strb r2, [r1, 6] ",0
"ldrb r0, [sb, 0x95b] ",0
"ldr r1, [0x0000568c] ",0
"add r0, r0, r1 ",0
"mov r1, 0x2c ",0
"mul r0, r0, r1 ",0
"ldr r1, [0x00005688] ",0
"add r1, r1, r0 ",0
"ldrsh r0, [sb, r1] ",0
"ldr r1, [0x00005648] ",0
"strh r0, [sb, r1] ",0
"mov r0, 1 ",0
"strb r0, [sb, 0x955] ",0
"mov r0, r0 ",0
"mov r0, r0 ",0
b 0x5c28 ,0
"mov r0, r0 ",0
"mov r0, r0 ",0
"ldrb r0, [sb, 0x95b] ",0
"ldr r1, [0x0000568c] ",0
"add r0, r0, r1 ",0
"mov r1, 0x2c ",0
"mul r0, r0, r1 ",0
"ldr r1, [0x00005688] ",0
"add r1, r1, r0 ",0
"ldrsh r0, [sb, r1] ",0
"ldr r8, [0x00005644] ",0
"ldrsh r1, [r8] ",0
"cmp r0, r1 ",0
"movlt r0, 1 ",0
"movge r0, 0 ",0
"ldrb r1, [sb, 0x95b] ",0
"ldr r2, [0x0000568c] ",0
"add r1, r1, r2 ",0
"mov r2, 0x2c ",0
"mul r1, r1, r2 ",0
"ldr r2, [0x00005688] ",0
"add r2, r2, r1 ",0
"ldrsh r1, [sb, r2] ",0
"ldrsh r2, [r8, 4] ",0
"cmp r1, r2 ",0
"movgt r1, 1 ",0
"movle r1, 0 ",0
"orr r0, r0, r1 ",0
"cmp r0, 0 ",0
bne 0x527c ,0
"mov r0, r0 ",0
"ldrb r0, [sb, 0x956] ",0
"cmp r0, 0 ",0
bne 0x526c ,0
"mov r0, r0 ",0
"ldrb r0, [sb, 0x95b] ",0
"ldr r1, [0x0000568c] ",0
"add r0, r0, r1 ",0
"mov r1, 0x2c ",0
"mul r0, r0, r1 ",0
"add r0, sb, r0 ",0
"ldr r1, [0x00005680] ",0
"add r0, r0, r1 ",0
"ldr r2, [0x00005640] ",0
"add r1, sb, r2 ",0
"mov r3, 0 ",0
"mov r0, r0 ",0
"mov r2, 0x15 ",0
"cmp r3, r2 ",0
"movhs r2, 1 ",0
"movlo r2, 0 ",0
"cmp r2, 0 ",0
bne 0x50ec ,0
"mov r0, r0 ",0
"ldrb r2, [r0, r3] ",0
"strb r2, [r1, r3] ",0
"add r3, r3, 1 ",0
b 0x50b8 ,0
"mov r0, r0 ",0
"mov r0, r0 ",0
"mov r2, 0 ",0
"strb r2, [r1, 0x15] ",0
"ldrb r0, [sb, 0x95b] ",0
"ldr r1, [0x0000568c] ",0
"add r0, r0, r1 ",0
"mov r1, 0x2c ",0
"mul r0, r0, r1 ",0
"add r0, sb, r0 ",0
"ldr r1, [0x00005678] ",0
"add r0, r0, r1 ",0
"ldr r2, [0x0000563c] ",0
"add r1, sb, r2 ",0
"mov r3, 0 ",0
"mov r0, r0 ",0
"mov r2, 3 ",0
"cmp r3, r2 ",0
"movhs r2, 1 ",0
"movlo r2, 0 ",0
"cmp r2, 0 ",0
bne 0x5158 ,0
"mov r0, r0 ",0
"ldrb r2, [r0, r3] ",0
"strb r2, [r1, r3] ",0
"add r3, r3, 1 ",0
b 0x5124 ,0
"mov r0, r0 ",0
"mov r0, r0 ",0
"mov r2, 0 ",0
"strb r2, [r1, 3] ",0
"ldrb r0, [sb, 0x95b] ",0
"ldr r1, [0x0000568c] ",0
"add r0, r0, r1 ",0
"mov r1, 0x2c ",0
"mul r0, r0, r1 ",0
"add r0, sb, r0 ",0
"ldr r1, [0x00005670] ",0
"add r0, r0, r1 ",0
"ldr r2, [0x00005638] ",0
"add r1, sb, r2 ",0
"mov r3, 0 ",0
"mov r0, r0 ",0
"mov r2, 7 ",0
"cmp r3, r2 ",0
"movhs r2, 1 ",0
"movlo r2, 0 ",0
"cmp r2, 0 ",0
bne 0x51c4 ,0
"mov r0, r0 ",0
"ldrb r2, [r0, r3] ",0
"strb r2, [r1, r3] ",0
"add r3, r3, 1 ",0
b 0x5190 ,0
"mov r0, r0 ",0
"mov r0, r0 ",0
"mov r2, 0 ",0
"strb r2, [r1, 7] ",0
"ldrb r0, [sb, 0x95b] ",0
"ldr r1, [0x0000568c] ",0
"add r0, r0, r1 ",0
"mov r1, 0x2c ",0
"mul r0, r0, r1 ",0
"add r0, sb, r0 ",0
"ldr r1, [0x00005668] ",0
"add r0, r0, r1 ",0
"ldr r2, [0x00005634] ",0
"add r1, sb, r2 ",0
"mov r3, 0 ",0
"mov r0, r0 ",0
"mov r2, 6 ",0
"cmp r3, r2 ",0
"movhs r2, 1 ",0
"movlo r2, 0 ",0
"cmp r2, 0 ",0
bne 0x5230 ,0
"mov r0, r0 ",0
"ldrb r2, [r0, r3] ",0
"strb r2, [r1, r3] ",0
"add r3, r3, 1 ",0
b 0x51fc ,0
"mov r0, r0 ",0
"mov r0, r0 ",0
"mov r2, 0 ",0
"strb r2, [r1, 6] ",0
"ldrb r0, [sb, 0x95b] ",0
"ldr r1, [0x0000568c] ",0
"add r0, r0, r1 ",0
"mov r1, 0x2c ",0
"mul r0, r0, r1 ",0
"ldr r1, [0x00005688] ",0
"add r1, r1, r0 ",0
"ldrsh r0, [sb, r1] ",0
"ldr r1, [0x00005630] ",0
"strh r0, [sb, r1] ",0
"mov r0, 1 ",0
"strb r0, [sb, 0x956] ",0
"mov r0, r0 ",0
"mov r0, r0 ",0
b 0x5c28 ,0
"mov r0, r0 ",0
"mov r0, r0 ",0
"ldrb r0, [sb, 0x95b] ",0
"ldr r1, [0x0000568c] ",0
"add r0, r0, r1 ",0
"mov r1, 0x2c ",0
"mul r0, r0, r1 ",0
"ldr r1, [0x00005688] ",0
"add r1, r1, r0 ",0
"ldrsh r0, [sb, r1] ",0
"ldr r8, [0x0000562c] ",0
"ldrsh r1, [r8] ",0
"cmp r0, r1 ",0
"movlt r0, 1 ",0
"movge r0, 0 ",0
"ldrb r1, [sb, 0x95b] ",0
"ldr r2, [0x0000568c] ",0
"add r1, r1, r2 ",0
"mov r2, 0x2c ",0
"mul r1, r1, r2 ",0
"ldr r2, [0x00005688] ",0
"add r2, r2, r1 ",0
"ldrsh r1, [sb, r2] ",0
"ldrsh r2, [r8, 0x10] ",0
"cmp r1, r2 ",0
"movgt r1, 1 ",0
"movle r1, 0 ",0
"orr r0, r0, r1 ",0
"cmp r0, 0 ",0
bne 0x54f4 ,0
"mov r0, r0 ",0
"ldrb r0, [sb, 0x957] ",0
"cmp r0, 0 ",0
bne 0x54e4 ,0
"mov r0, r0 ",0
"ldrb r0, [sb, 0x95b] ",0
"ldr r1, [0x0000568c] ",0
"add r0, r0, r1 ",0
"mov r1, 0x2c ",0
"mul r0, r0, r1 ",0
"add r0, sb, r0 ",0
"ldr r1, [0x00005680] ",0
"add r0, r0, r1 ",0
"ldr r2, [0x00005628] ",0
"add r1, sb, r2 ",0
"mov r3, 0 ",0
"mov r0, r0 ",0
"mov r2, 0x15 ",0
"cmp r3, r2 ",0
"movhs r2, 1 ",0
"movlo r2, 0 ",0
"cmp r2, 0 ",0
bne 0x5364 ,0
"mov r0, r0 ",0
"ldrb r2, [r0, r3] ",0
"strb r2, [r1, r3] ",0
"add r3, r3, 1 ",0
b 0x5330 ,0
"mov r0, r0 ",0
"mov r0, r0 ",0
"mov r2, 0 ",0
"strb r2, [r1, 0x15] ",0
"ldrb r0, [sb, 0x95b] ",0
"ldr r1, [0x0000568c] ",0
"add r0, r0, r1 ",0
"mov r1, 0x2c ",0
"mul r0, r0, r1 ",0
"add r0, sb, r0 ",0
"ldr r1, [0x00005678] ",0
"add r0, r0, r1 ",0
"ldr r2, [0x00005624] ",0
"add r1, sb, r2 ",0
"mov r3, 0 ",0
"mov r0, r0 ",0
"mov r2, 3 ",0
"cmp r3, r2 ",0
"movhs r2, 1 ",0
"movlo r2, 0 ",0
"cmp r2, 0 ",0
bne 0x53d0 ,0
"mov r0, r0 ",0
"ldrb r2, [r0, r3] ",0
"strb r2, [r1, r3] ",0
"add r3, r3, 1 ",0
b 0x539c ,0
"mov r0, r0 ",0
"mov r0, r0 ",0
"mov r2, 0 ",0
"strb r2, [r1, 3] ",0
"ldrb r0, [sb, 0x95b] ",0
"ldr r1, [0x0000568c] ",0
"add r0, r0, r1 ",0
"mov r1, 0x2c ",0
"mul r0, r0, r1 ",0
"add r0, sb, r0 ",0
"ldr r1, [0x00005670] ",0
"add r0, r0, r1 ",0
"ldr r2, [0x00005620] ",0
"add r1, sb, r2 ",0
"mov r3, 0 ",0
"mov r0, r0 ",0
"mov r2, 7 ",0
"cmp r3, r2 ",0
"movhs r2, 1 ",0
"movlo r2, 0 ",0
"cmp r2, 0 ",0
bne 0x543c ,0
"mov r0, r0 ",0
"ldrb r2, [r0, r3] ",0
"strb r2, [r1, r3] ",0
"add r3, r3, 1 ",0
b 0x5408 ,0
"mov r0, r0 ",0
"mov r0, r0 ",0
"mov r2, 0 ",0
"strb r2, [r1, 7] ",0
"ldrb r0, [sb, 0x95b] ",0
"ldr r1, [0x0000568c] ",0
"add r0, r0, r1 ",0
"mov r1, 0x2c ",0
"mul r0, r0, r1 ",0
"add r0, sb, r0 ",0
"ldr r1, [0x00005668] ",0
"add r0, r0, r1 ",0
"ldr r2, [0x0000561c] ",0
"add r1, sb, r2 ",0
"mov r3, 0 ",0
"mov r0, r0 ",0
"mov r2, 6 ",0
"cmp r3, r2 ",0
"movhs r2, 1 ",0
"movlo r2, 0 ",0
"cmp r2, 0 ",0
bne 0x54a8 ,0
"mov r0, r0 ",0
"ldrb r2, [r0, r3] ",0
"strb r2, [r1, r3] ",0
"add r3, r3, 1 ",0
b 0x5474 ,0
"mov r0, r0 ",0
"mov r0, r0 ",0
"mov r2, 0 ",0
"strb r2, [r1, 6] ",0
"ldrb r0, [sb, 0x95b] ",0
"ldr r1, [0x0000568c] ",0
"add r0, r0, r1 ",0
"mov r1, 0x2c ",0
"mul r0, r0, r1 ",0
"ldr r1, [0x00005688] ",0
"add r1, r1, r0 ",0
"ldrsh r0, [sb, r1] ",0
"ldr r1, [0x00005618] ",0
"strh r0, [sb, r1] ",0
"mov r0, 1 ",0
"strb r0, [sb, 0x957] ",0
"mov r0, r0 ",0
"mov r0, r0 ",0
b 0x5c28 ,0
"mov r0, r0 ",0
"mov r0, r0 ",0
"ldrb r0, [sb, 0x95b] ",0
"ldr r1, [0x0000568c] ",0
"add r0, r0, r1 ",0
"mov r1, 0x2c ",0
"mul r0, r0, r1 ",0
"ldr r1, [0x00005688] ",0
"add r1, r1, r0 ",0
"ldrsh r0, [sb, r1] ",0
"ldr r8, [0x00005614] ",0
"ldrsh r1, [r8] ",0
"cmp r0, r1 ",0
"movne r0, 1 ",0
"moveq r0, 0 ",0
"cmp r0, 0 ",0
bne 0x59e0 ,0
"mov r0, r0 ",0
"ldrb r0, [sb, 0x958] ",0
"cmp r0, 0 ",0
bne 0x57dc ,0
"mov r0, r0 ",0
"ldrb r0, [sb, 0x95b] ",0
"ldr r1, [0x0000568c] ",0
"add r0, r0, r1 ",0
"mov r1, 0x2c ",0
"mul r0, r0, r1 ",0
"add r0, sb, r0 ",0
"ldr r1, [0x00005680] ",0
"add r0, r0, r1 ",0
"ldr r2, [0x00005610] ",0
"add r1, sb, r2 ",0
"mov r3, 0 ",0
"mov r0, r0 ",0
"mov r2, 0x15 ",0
"cmp r3, r2 ",0
"movhs r2, 1 ",0
"movlo r2, 0 ",0
"cmp r2, 0 ",0
bne 0x55a8 ,0
"mov r0, r0 ",0
"ldrb r2, [r0, r3] ",0
"strb r2, [r1, r3] ",0
"add r3, r3, 1 ",0
b 0x5574 ,0
"mov r0, r0 ",0
"mov r0, r0 ",0
"mov r2, 0 ",0
"strb r2, [r1, 0x15] ",0
"ldrb r0, [sb, 0x95b] ",0
"ldr r1, [0x0000568c] ",0
"add r0, r0, r1 ",0
"mov r1, 0x2c ",0
"mul r0, r0, r1 ",0
"add r0, sb, r0 ",0
"ldr r1, [0x00005678] ",0
"add r0, r0, r1 ",0
"ldr r2, [0x0000560c] ",0
"add r1, sb, r2 ",0
"mov r3, 0 ",0
"mov r0, r0 ",0
"mov r2, 3 ",0
"cmp r3, r2 ",0
"movhs r2, 1 ",0
"movlo r2, 0 ",0
"cmp r2, 0 ",0
bne 0x56c0 ,0
b 0x56a8 ,0
"mov r0, r0 ",0
"andeq r0, r0, r0 ",1
"andeq r0, r0, r0 ",1
"andeq r0, r0, r2, asr sl ",1
"andeq r0, r0, ip, lsr sl ",1
"andeq r3, r0, r8, asr r1 ",1
"andeq r0, r0, sl, lsr sl ",1
"andeq r0, r0, r2, lsr sl ",1
"andeq r0, r0, sl, lsr 20 ",1
"andeq r0, r0, r6, lsr 20 ",1
"andeq r0, r0, r0, lsl sl ",1
"andeq r3, r0, lr, lsr 2 ",1
"andeq r0, r0, lr, lsl 20 ",1
"andeq r0, r0, r6, lsl 20 ",1
"strdeq r0, r1, [r0], -lr ",1
"strdeq r0, r1, [r0], -sl ",1
"andeq r0, r0, r4, ror 19 ",1
"andeq r3, r0, r8, lsr 2 ",1
"andeq r0, r0, r2, ror 19 ",1
"ldrdeq r0, r1, [r0], -sl ",1
"ldrdeq r0, r1, [r0], -r2 ",1
"andeq r0, r0, lr, asr 19 ",1
"strheq r0, [r0], -r8 ",1
"ldrdeq r3, r4, [r0], -r8 ",1
"strheq r0, [r0], -r6 ",1
"andeq r0, r0, lr, lsr 19 ",1
"andeq r0, r0, r2, lsl 12 ",1
"andeq r0, r0, r6, lsr 19 ",1
"strdeq r0, r1, [r0], -sl ",1
"andeq r0, r0, r2, lsr 19 ",1
"strdeq r0, r1, [r0], -r6 ",1
"andeq r0, r0, ip, lsl 19 ",1
"andeq r0, r0, r0, ror 11 ",1
"andeq r3, r0, r0, lsl 2 ",1
"andeq r0, r0, sl, lsl 12 ",1
invalid ,1
"andeq r0, r0, r6, ror sb ",1
"andeq r0, r0, r8, ror 18 ",1
"strheq r0, [r0], -ip ",1
"andeq r0, r0, r8, lsl 1 ",1
"andeq r0, r0, r8, lsl r1 ",1
"andeq r0, r0, r4, lsr 9 ",1
"mov r0, r0 ",0
"ldrb r2, [r0, r3] ",0
"strb r2, [r1, r3] ",0
"add r3, r3, 1 ",0
b 0x55e0 ,0
"mov r0, r0 ",0
"mov r0, r0 ",0
"mov r2, 0 ",0
"strb r2, [r1, 3] ",0
"ldrb r0, [sb, 0x95b] ",0
"ldr r1, [0x000066c8] ",0
"add r0, r0, r1 ",0
"mov r1, 0x2c ",0
"mul r0, r0, r1 ",0
"add r0, sb, r0 ",0
"ldr r1, [0x000066c4] ",0
"add r0, r0, r1 ",0
"ldr r2, [0x000066c0] ",0
"add r1, sb, r2 ",0
"mov r3, 0 ",0
"mov r0, r0 ",0
"mov r2, 7 ",0
"cmp r3, r2 ",0
"movhs r2, 1 ",0
"movlo r2, 0 ",0
"cmp r2, 0 ",0
bne 0x572c ,0
"mov r0, r0 ",0
"ldrb r2, [r0, r3] ",0
"strb r2, [r1, r3] ",0
"add r3, r3, 1 ",0
b 0x56f8 ,0
"mov r0, r0 ",0
"mov r0, r0 ",0
"mov r2, 0 ",0
"strb r2, [r1, 7] ",0
"ldrb r0, [sb, 0x95b] ",0
"ldr r1, [0x000066c8] ",0
"add r0, r0, r1 ",0
"mov r1, 0x2c ",0
"mul r0, r0, r1 ",0
"add r0, sb, r0 ",0
"ldr r1, [0x000066bc] ",0
"add r0, r0, r1 ",0
"ldr r2, [0x000066b8] ",0
"add r1, sb, r2 ",0
"mov r3, 0 ",0
"mov r0, r0 ",0
"mov r2, 6 ",0
"cmp r3, r2 ",0
"movhs r2, 1 ",0
"movlo r2, 0 ",0
"cmp r2, 0 ",0
bne 0x5798 ,0
"mov r0, r0 ",0
"ldrb r2, [r0, r3] ",0
"strb r2, [r1, r3] ",0
"add r3, r3, 1 ",0
b 0x5764 ,0
"mov r0, r0 ",0
"mov r0, r0 ",0
"mov r2, 0 ",0
"strb r2, [r1, 6] ",0
"ldrb r0, [sb, 0x95b] ",0
"ldr r1, [0x000066c8] ",0
"add r0, r0, r1 ",0
"mov r1, 0x2c ",0
"mul r0, r0, r1 ",0
"ldr r1, [0x000066b4] ",0
"add r1, r1, r0 ",0
"ldrsh r0, [sb, r1] ",0
"ldr r1, [0x000066b0] ",0
"strh r0, [sb, r1] ",0
"mov r0, 1 ",0
"strb r0, [sb, 0x958] ",0
b 0x59d4 ,0
"mov r0, r0 ",0
"mov r0, r0 ",0
"ldrb r0, [sb, 0x959] ",0
"cmp r0, 0 ",0
bne 0x59d0 ,0
"mov r0, r0 ",0
"ldrb r0, [sb, 0x95b] ",0
"ldr r1, [0x000066c8] ",0
"add r0, r0, r1 ",0
"mov r1, 0x2c ",0
"mul r0, r0, r1 ",0
"add r0, sb, r0 ",0
"ldr r1, [0x000066ac] ",0
"add r0, r0, r1 ",0
"ldr r2, [0x000066a8] ",0
"add r1, sb, r2 ",0
"mov r3, 0 ",0
"mov r0, r0 ",0
"mov r2, 0x15 ",0
"cmp r3, r2 ",0
"movhs r2, 1 ",0
"movlo r2, 0 ",0
"cmp r2, 0 ",0
bne 0x5850 ,0
"mov r0, r0 ",0
"ldrb r2, [r0, r3] ",0
"strb r2, [r1, r3] ",0
"add r3, r3, 1 ",0
b 0x581c ,0
"mov r0, r0 ",0
"mov r0, r0 ",0
"mov r2, 0 ",0
"strb r2, [r1, 0x15] ",0
"ldrb r0, [sb, 0x95b] ",0
"ldr r1, [0x000066c8] ",0
"add r0, r0, r1 ",0
"mov r1, 0x2c ",0
"mul r0, r0, r1 ",0
"add r0, sb, r0 ",0
"ldr r1, [0x000066a4] ",0
"add r0, r0, r1 ",0
"ldr r2, [0x000066a0] ",0
"add r1, sb, r2 ",0
"mov r3, 0 ",0
"mov r0, r0 ",0
"mov r2, 3 ",0
"cmp r3, r2 ",0
"movhs r2, 1 ",0
"movlo r2, 0 ",0
"cmp r2, 0 ",0
bne 0x58bc ,0
"mov r0, r0 ",0
"ldrb r2, [r0, r3] ",0
"strb r2, [r1, r3] ",0
"add r3, r3, 1 ",0
b 0x5888 ,0
"mov r0, r0 ",0
"mov r0, r0 ",0
"mov r2, 0 ",0
"strb r2, [r1, 3] ",0
"ldrb r0, [sb, 0x95b] ",0
"ldr r1, [0x000066c8] ",0
"add r0, r0, r1 ",0
"mov r1, 0x2c ",0
"mul r0, r0, r1 ",0
"add r0, sb, r0 ",0
"ldr r1, [0x000066c4] ",0
"add r0, r0, r1 ",0
"ldr r2, [0x0000669c] ",0
"add r1, sb, r2 ",0
"mov r3, 0 ",0
"mov r0, r0 ",0
"mov r2, 7 ",0
"cmp r3, r2 ",0
"movhs r2, 1 ",0
"movlo r2, 0 ",0
"cmp r2, 0 ",0
bne 0x5928 ,0
"mov r0, r0 ",0
"ldrb r2, [r0, r3] ",0
"strb r2, [r1, r3] ",0
"add r3, r3, 1 ",0
b 0x58f4 ,0
"mov r0, r0 ",0
"mov r0, r0 ",0
"mov r2, 0 ",0
"strb r2, [r1, 7] ",0
"ldrb r0, [sb, 0x95b] ",0
"ldr r1, [0x000066c8] ",0
"add r0, r0, r1 ",0
"mov r1, 0x2c ",0
"mul r0, r0, r1 ",0
"add r0, sb, r0 ",0
"ldr r1, [0x000066bc] ",0
"add r0, r0, r1 ",0
"ldr r2, [0x00006698] ",0
"add r1, sb, r2 ",0
"mov r3, 0 ",0
"mov r0, r0 ",0
"mov r2, 6 ",0
"cmp r3, r2 ",0
"movhs r2, 1 ",0
"movlo r2, 0 ",0
"cmp r2, 0 ",0
bne 0x5994 ,0
"mov r0, r0 ",0
"ldrb r2, [r0, r3] ",0
"strb r2, [r1, r3] ",0
"add r3, r3, 1 ",0
b 0x5960 ,0
"mov r0, r0 ",0
"mov r0, r0 ",0
"mov r2, 0 ",0
"strb r2, [r1, 6] ",0
"ldrb r0, [sb, 0x95b] ",0
"ldr r1, [0x000066c8] ",0
"add r0, r0, r1 ",0
"mov r1, 0x2c ",0
"mul r0, r0, r1 ",0
"ldr r1, [0x000066b4] ",0
"add r1, r1, r0 ",0
"ldrsh r0, [sb, r1] ",0
"ldr r1, [0x00006694] ",0
"strh r0, [sb, r1] ",0
"mov r0, 1 ",0
"strb r0, [sb, 0x959] ",0
"mov r0, r0 ",0
"mov r0, r0 ",0
b 0x5c28 ,0
"mov r0, r0 ",0
"mov r0, r0 ",0
"ldrb r0, [sb, 0x95b] ",0
"ldr r1, [0x000066c8] ",0
"add r0, r0, r1 ",0
"mov r1, 0x2c ",0
"mul r0, r0, r1 ",0
"ldr r1, [0x000066b4] ",0
"add r1, r1, r0 ",0
"ldrsh r0, [sb, r1] ",0
"ldr r8, [0x00006690] ",0
"ldrsh r1, [r8] ",0
"cmp r0, r1 ",0
"movne r0, 1 ",0
"moveq r0, 0 ",0
"cmp r0, 0 ",0
bne 0x5c24 ,0
"mov r0, r0 ",0
"ldrb r0, [sb, 0x95a] ",0
"cmp r0, 0 ",0
bne 0x5c14 ,0
"mov r0, r0 ",0
"ldrb r0, [sb, 0x95b] ",0
"ldr r1, [0x000066c8] ",0
"add r0, r0, r1 ",0
"mov r1, 0x2c ",0
"mul r0, r0, r1 ",0
"add r0, sb, r0 ",0
"ldr r1, [0x000066ac] ",0
"add r0, r0, r1 ",0
"ldr r2, [0x0000668c] ",0
"add r1, sb, r2 ",0
"mov r3, 0 ",0
"mov r0, r0 ",0
"mov r2, 0x15 ",0
"cmp r3, r2 ",0
"movhs r2, 1 ",0
"movlo r2, 0 ",0
"cmp r2, 0 ",0
bne 0x5a94 ,0
"mov r0, r0 ",0
"ldrb r2, [r0, r3] ",0
"strb r2, [r1, r3] ",0
"add r3, r3, 1 ",0
b 0x5a60 ,0
"mov r0, r0 ",0
"mov r0, r0 ",0
"mov r2, 0 ",0
"strb r2, [r1, 0x15] ",0
"ldrb r0, [sb, 0x95b] ",0
"ldr r1, [0x000066c8] ",0
"add r0, r0, r1 ",0
"mov r1, 0x2c ",0
"mul r0, r0, r1 ",0
"add r0, sb, r0 ",0
"ldr r1, [0x000066a4] ",0
"add r0, r0, r1 ",0
"ldr r2, [0x00006688] ",0
"add r1, sb, r2 ",0
"mov r3, 0 ",0
"mov r0, r0 ",0
"mov r2, 3 ",0
"cmp r3, r2 ",0
"movhs r2, 1 ",0
"movlo r2, 0 ",0
"cmp r2, 0 ",0
bne 0x5b00 ,0
"mov r0, r0 ",0
"ldrb r2, [r0, r3] ",0
"strb r2, [r1, r3] ",0
"add r3, r3, 1 ",0
b 0x5acc ,0
"mov r0, r0 ",0
"mov r0, r0 ",0
"mov r2, 0 ",0
"strb r2, [r1, 3] ",0
"ldrb r0, [sb, 0x95b] ",0
"ldr r1, [0x000066c8] ",0
"add r0, r0, r1 ",0
"mov r1, 0x2c ",0
"mul r0, r0, r1 ",0
"add r0, sb, r0 ",0
"ldr r1, [0x000066c4] ",0
"add r0, r0, r1 ",0
"ldr r2, [0x00006684] ",0
"add r1, sb, r2 ",0
"mov r3, 0 ",0
"mov r0, r0 ",0
"mov r2, 7 ",0
"cmp r3, r2 ",0
"movhs r2, 1 ",0
"movlo r2, 0 ",0
"cmp r2, 0 ",0
bne 0x5b6c ,0
"mov r0, r0 ",0
"ldrb r2, [r0, r3] ",0
"strb r2, [r1, r3] ",0
"add r3, r3, 1 ",0
b 0x5b38 ,0
"mov r0, r0 ",0
"mov r0, r0 ",0
"mov r2, 0 ",0
"strb r2, [r1, 7] ",0
"ldrb r0, [sb, 0x95b] ",0
"ldr r1, [0x000066c8] ",0
"add r0, r0, r1 ",0
"mov r1, 0x2c ",0
"mul r0, r0, r1 ",0
"add r0, sb, r0 ",0
"ldr r1, [0x000066bc] ",0
"add r0, r0, r1 ",0
"ldr r2, [0x00006680] ",0
"add r1, sb, r2 ",0
"mov r3, 0 ",0
"mov r0, r0 ",0
"mov r2, 6 ",0
"cmp r3, r2 ",0
"movhs r2, 1 ",0
"movlo r2, 0 ",0
"cmp r2, 0 ",0
bne 0x5bd8 ,0
"mov r0, r0 ",0
"ldrb r2, [r0, r3] ",0
"strb r2, [r1, r3] ",0
"add r3, r3, 1 ",0
b 0x5ba4 ,0
"mov r0, r0 ",0
"mov r0, r0 ",0
"mov r2, 0 ",0
"strb r2, [r1, 6] ",0
"ldrb r0, [sb, 0x95b] ",0
"ldr r1, [0x000066c8] ",0
"add r0, r0, r1 ",0
"mov r1, 0x2c ",0
"mul r0, r0, r1 ",0
"ldr r1, [0x000066b4] ",0
"add r1, r1, r0 ",0
"ldrsh r0, [sb, r1] ",0
"ldr r1, [0x0000667c] ",0
"strh r0, [sb, r1] ",0
"mov r0, 1 ",0
"strb r0, [sb, 0x95a] ",0
"mov r0, r0 ",0
"mov r0, r0 ",0
b 0x5c28 ,0
"mov r0, r0 ",0
"mov r0, r0 ",0
"mov r0, r0 ",0
"ldrb r0, [sb, 0x95b] ",0
"add r0, r0, 1 ",0
"strb r0, [sb, 0x95b] ",0
"ldrb r0, [sb, 0x954] ",0
"ldrb r1, [sb, 0x955] ",0
"and r0, r0, r1 ",0
"ldrb r1, [sb, 0x956] ",0
"and r0, r0, r1 ",0
"ldrb r1, [sb, 0x957] ",0
"and r0, r0, r1 ",0
"ldrb r1, [sb, 0x958] ",0
"and r0, r0, r1 ",0
"ldrb r1, [sb, 0x959] ",0
"and r0, r0, r1 ",0
"ldrb r1, [sb, 0x95a] ",0
"and r0, r0, r1 ",0
"ldrb r1, [sb, 0x95b] ",0
"ldrb r2, [sb, 0x5dc] ",0
"cmp r1, r2 ",0
"movhi r1, 1 ",0
"movls r1, 0 ",0
"orr r0, r0, r1 ",0
"eor r0, r0, 1 ",0
"cmp r0, 0 ",0
bne 0x4b14 ,0
"mov r0, r0 ",0
"mov r0, r0 ",0
"ldrb r0, [sb, 0x954] ",0
"eor r0, r0, 1 ",0
"ldrb r1, [sb, 0x955] ",0
"eor r1, r1, 1 ",0
"and r0, r0, r1 ",0
"ldrb r1, [sb, 0x956] ",0
"eor r1, r1, 1 ",0
"and r0, r0, r1 ",0
"ldrb r1, [sb, 0x957] ",0
"eor r1, r1, 1 ",0
"and r0, r0, r1 ",0
"ldrb r1, [sb, 0x958] ",0
"eor r1, r1, 1 ",0
"and r0, r0, r1 ",0
"ldrb r1, [sb, 0x959] ",0
"eor r1, r1, 1 ",0
"and r0, r0, r1 ",0
"ldrb r1, [sb, 0x95a] ",0
"eor r1, r1, 1 ",0
"and r0, r0, r1 ",0
"eor r0, r0, 1 ",0
"cmp r0, 0 ",0
bne 0x5d08 ,0
"mov r0, r0 ",0
"mov r0, 4 ",0
"strb r0, [sb, 0xac0] ",0
b 0x5d14 ,0
"mov r0, r0 ",0
"mov r0, r0 ",0
"mov r0, 0 ",0
"strb r0, [sb, 0xac0] ",0
"mov r0, r0 ",0
b 0x5d2c ,0
"mov r0, r0 ",0
"mov r0, r0 ",0
"mov r0, 4 ",0
"strb r0, [sb, 0xac0] ",0
"mov r0, r0 ",0
"ldrb r0, [sb, 0x954] ",0
"cmp r0, 0 ",0
bne 0x5eb0 ,0
"mov r0, r0 ",0
"mov r1, lr ",0
bl 0x5d4c ,0
"andeq r0, r0, r0 ",0
"mov r0, lr ",0
"mov lr, r1 ",0
"ldr r2, [0x00006678] ",0
"add r1, sb, r2 ",0
"mov r3, 0 ",0
"mov r0, r0 ",0
"mov r2, 1 ",0
"cmp r3, r2 ",0
"movhs r2, 1 ",0
"movlo r2, 0 ",0
"cmp r2, 0 ",0
bne 0x5d94 ,0
"mov r0, r0 ",0
"ldrb r2, [r0, r3] ",0
"strb r2, [r1, r3] ",0
"add r3, r3, 1 ",0
b 0x5d60 ,0
"mov r0, r0 ",0
"mov r0, r0 ",0
"mov r1, lr ",0
bl 0x5da4 ,0
"andeq r0, r0, r0 ",0
"mov r0, lr ",0
"mov lr, r1 ",0
"ldr r2, [0x00006674] ",0
"add r1, sb, r2 ",0
"mov r3, 0 ",0
"mov r0, r0 ",0
"mov r2, 1 ",0
"cmp r3, r2 ",0
"movhs r2, 1 ",0
"movlo r2, 0 ",0
"cmp r2, 0 ",0
bne 0x5dec ,0
"mov r0, r0 ",0
"ldrb r2, [r0, r3] ",0
"strb r2, [r1, r3] ",0
"add r3, r3, 1 ",0
b 0x5db8 ,0
"mov r0, r0 ",0
"mov r0, r0 ",0
"mov r1, lr ",0
bl 0x5dfc ,0
"andeq r0, r0, r0 ",0
"mov r0, lr ",0
"mov lr, r1 ",0
"ldr r2, [0x00006670] ",0
"add r1, sb, r2 ",0
"mov r3, 0 ",0
"mov r0, r0 ",0
"mov r2, 1 ",0
"cmp r3, r2 ",0
"movhs r2, 1 ",0
"movlo r2, 0 ",0
"cmp r2, 0 ",0
bne 0x5e44 ,0
"mov r0, r0 ",0
"ldrb r2, [r0, r3] ",0
"strb r2, [r1, r3] ",0
"add r3, r3, 1 ",0
b 0x5e10 ,0
"mov r0, r0 ",0
"mov r0, r0 ",0
"mov r1, lr ",0
bl 0x5e54 ,0
"andeq r0, r0, r0 ",0
"mov r0, lr ",0
"mov lr, r1 ",0
"ldr r2, [0x0000666c] ",0
"add r1, sb, r2 ",0
"mov r3, 0 ",0
"mov r0, r0 ",0
"mov r2, 1 ",0
"cmp r3, r2 ",0
"movhs r2, 1 ",0
"movlo r2, 0 ",0
"cmp r2, 0 ",0
bne 0x5e9c ,0
"mov r0, r0 ",0
"ldrb r2, [r0, r3] ",0
"strb r2, [r1, r3] ",0
"add r3, r3, 1 ",0
b 0x5e68 ,0
"mov r0, r0 ",0
"mov r0, r0 ",0
"ldr r8, [0x00006668] ",0
"ldrsh r0, [r8] ",0
"ldr r1, [0x00006664] ",0
"strh r0, [sb, r1] ",0
"mov r0, r0 ",0
"mov r0, r0 ",0
"ldrb r0, [sb, 0x955] ",0
"cmp r0, 0 ",0
bne 0x6038 ,0
"mov r0, r0 ",0
"mov r1, lr ",0
bl 0x5ed4 ,0
"andeq r0, r0, r0 ",0
"mov r0, lr ",0
"mov lr, r1 ",0
"ldr r2, [0x00006660] ",0
"add r1, sb, r2 ",0
"mov r3, 0 ",0
"mov r0, r0 ",0
"mov r2, 1 ",0
"cmp r3, r2 ",0
"movhs r2, 1 ",0
"movlo r2, 0 ",0
"cmp r2, 0 ",0
bne 0x5f1c ,0
"mov r0, r0 ",0
"ldrb r2, [r0, r3] ",0
"strb r2, [r1, r3] ",0
"add r3, r3, 1 ",0
b 0x5ee8 ,0
"mov r0, r0 ",0
"mov r0, r0 ",0
"mov r1, lr ",0
bl 0x5f2c ,0
"andeq r0, r0, r0 ",0
"mov r0, lr ",0
"mov lr, r1 ",0
"ldr r2, [0x0000665c] ",0
"add r1, sb, r2 ",0
"mov r3, 0 ",0
"mov r0, r0 ",0
"mov r2, 1 ",0
"cmp r3, r2 ",0
"movhs r2, 1 ",0
"movlo r2, 0 ",0
"cmp r2, 0 ",0
bne 0x5f74 ,0
"mov r0, r0 ",0
"ldrb r2, [r0, r3] ",0
"strb r2, [r1, r3] ",0
"add r3, r3, 1 ",0
b 0x5f40 ,0
"mov r0, r0 ",0
"mov r0, r0 ",0
"mov r1, lr ",0
bl 0x5f84 ,0
"andeq r0, r0, r0 ",0
"mov r0, lr ",0
"mov lr, r1 ",0
"ldr r2, [0x00006658] ",0
"add r1, sb, r2 ",0
"mov r3, 0 ",0
"mov r0, r0 ",0
"mov r2, 1 ",0
"cmp r3, r2 ",0
"movhs r2, 1 ",0
"movlo r2, 0 ",0
"cmp r2, 0 ",0
bne 0x5fcc ,0
"mov r0, r0 ",0
"ldrb r2, [r0, r3] ",0
"strb r2, [r1, r3] ",0
"add r3, r3, 1 ",0
b 0x5f98 ,0
"mov r0, r0 ",0
"mov r0, r0 ",0
"mov r1, lr ",0
bl 0x5fdc ,0
"andeq r0, r0, r0 ",0
"mov r0, lr ",0
"mov lr, r1 ",0
"ldr r2, [0x00006654] ",0
"add r1, sb, r2 ",0
"mov r3, 0 ",0
"mov r0, r0 ",0
"mov r2, 1 ",0
"cmp r3, r2 ",0
"movhs r2, 1 ",0
"movlo r2, 0 ",0
"cmp r2, 0 ",0
bne 0x6024 ,0
"mov r0, r0 ",0
"ldrb r2, [r0, r3] ",0
"strb r2, [r1, r3] ",0
"add r3, r3, 1 ",0
b 0x5ff0 ,0
"mov r0, r0 ",0
"mov r0, r0 ",0
"ldr r8, [0x00006668] ",0
"ldrsh r0, [r8] ",0
"ldr r1, [0x00006650] ",0
"strh r0, [sb, r1] ",0
"mov r0, r0 ",0
"mov r0, r0 ",0
"ldrb r0, [sb, 0x956] ",0
"cmp r0, 0 ",0
bne 0x61c0 ,0
"mov r0, r0 ",0
"mov r1, lr ",0
bl 0x605c ,0
"andeq r0, r0, r0 ",0
"mov r0, lr ",0
"mov lr, r1 ",0
"ldr r2, [0x0000664c] ",0
"add r1, sb, r2 ",0
"mov r3, 0 ",0
"mov r0, r0 ",0
"mov r2, 1 ",0
"cmp r3, r2 ",0
"movhs r2, 1 ",0
"movlo r2, 0 ",0
"cmp r2, 0 ",0
bne 0x60a4 ,0
"mov r0, r0 ",0
"ldrb r2, [r0, r3] ",0
"strb r2, [r1, r3] ",0
"add r3, r3, 1 ",0
b 0x6070 ,0
"mov r0, r0 ",0
"mov r0, r0 ",0
"mov r1, lr ",0
bl 0x60b4 ,0
"andeq r0, r0, r0 ",0
"mov r0, lr ",0
"mov lr, r1 ",0
"ldr r2, [0x00006648] ",0
"add r1, sb, r2 ",0
"mov r3, 0 ",0
"mov r0, r0 ",0
"mov r2, 1 ",0
"cmp r3, r2 ",0
"movhs r2, 1 ",0
"movlo r2, 0 ",0
"cmp r2, 0 ",0
bne 0x60fc ,0
"mov r0, r0 ",0
"ldrb r2, [r0, r3] ",0
"strb r2, [r1, r3] ",0
"add r3, r3, 1 ",0
b 0x60c8 ,0
"mov r0, r0 ",0
"mov r0, r0 ",0
"mov r1, lr ",0
bl 0x610c ,0
"andeq r0, r0, r0 ",0
"mov r0, lr ",0
"mov lr, r1 ",0
"ldr r2, [0x00006644] ",0
"add r1, sb, r2 ",0
"mov r3, 0 ",0
"mov r0, r0 ",0
"mov r2, 1 ",0
"cmp r3, r2 ",0
"movhs r2, 1 ",0
"movlo r2, 0 ",0
"cmp r2, 0 ",0
bne 0x6154 ,0
"mov r0, r0 ",0
"ldrb r2, [r0, r3] ",0
"strb r2, [r1, r3] ",0
"add r3, r3, 1 ",0
b 0x6120 ,0
"mov r0, r0 ",0
"mov r0, r0 ",0
"mov r1, lr ",0
bl 0x6164 ,0
"andeq r0, r0, r0 ",0
"mov r0, lr ",0
"mov lr, r1 ",0
"ldr r2, [0x00006640] ",0
"add r1, sb, r2 ",0
"mov r3, 0 ",0
"mov r0, r0 ",0
"mov r2, 1 ",0
"cmp r3, r2 ",0
"movhs r2, 1 ",0
"movlo r2, 0 ",0
"cmp r2, 0 ",0
bne 0x61ac ,0
"mov r0, r0 ",0
"ldrb r2, [r0, r3] ",0
"strb r2, [r1, r3] ",0
"add r3, r3, 1 ",0
b 0x6178 ,0
"mov r0, r0 ",0
"mov r0, r0 ",0
"ldr r8, [0x00006668] ",0
"ldrsh r0, [r8] ",0
"ldr r1, [0x0000663c] ",0
"strh r0, [sb, r1] ",0
"mov r0, r0 ",0
"mov r0, r0 ",0
"ldrb r0, [sb, 0x957] ",0
"cmp r0, 0 ",0
bne 0x6348 ,0
"mov r0, r0 ",0
"mov r1, lr ",0
bl 0x61e4 ,0
"andeq r0, r0, r0 ",0
"mov r0, lr ",0
"mov lr, r1 ",0
"ldr r2, [0x00006638] ",0
"add r1, sb, r2 ",0
"mov r3, 0 ",0
"mov r0, r0 ",0
"mov r2, 1 ",0
"cmp r3, r2 ",0
"movhs r2, 1 ",0
"movlo r2, 0 ",0
"cmp r2, 0 ",0
bne 0x622c ,0
"mov r0, r0 ",0
"ldrb r2, [r0, r3] ",0
"strb r2, [r1, r3] ",0
"add r3, r3, 1 ",0
b 0x61f8 ,0
"mov r0, r0 ",0
"mov r0, r0 ",0
"mov r1, lr ",0
bl 0x623c ,0
"andeq r0, r0, r0 ",0
"mov r0, lr ",0
"mov lr, r1 ",0
"ldr r2, [0x00006634] ",0
"add r1, sb, r2 ",0
"mov r3, 0 ",0
"mov r0, r0 ",0
"mov r2, 1 ",0
"cmp r3, r2 ",0
"movhs r2, 1 ",0
"movlo r2, 0 ",0
"cmp r2, 0 ",0
bne 0x6284 ,0
"mov r0, r0 ",0
"ldrb r2, [r0, r3] ",0
"strb r2, [r1, r3] ",0
"add r3, r3, 1 ",0
b 0x6250 ,0
"mov r0, r0 ",0
"mov r0, r0 ",0
"mov r1, lr ",0
bl 0x6294 ,0
"andeq r0, r0, r0 ",0
"mov r0, lr ",0
"mov lr, r1 ",0
"ldr r2, [0x00006630] ",0
"add r1, sb, r2 ",0
"mov r3, 0 ",0
"mov r0, r0 ",0
"mov r2, 1 ",0
"cmp r3, r2 ",0
"movhs r2, 1 ",0
"movlo r2, 0 ",0
"cmp r2, 0 ",0
bne 0x62dc ,0
"mov r0, r0 ",0
"ldrb r2, [r0, r3] ",0
"strb r2, [r1, r3] ",0
"add r3, r3, 1 ",0
b 0x62a8 ,0
"mov r0, r0 ",0
"mov r0, r0 ",0
"mov r1, lr ",0
bl 0x62ec ,0
"andeq r0, r0, r0 ",0
"mov r0, lr ",0
"mov lr, r1 ",0
"ldr r2, [0x0000662c] ",0
"add r1, sb, r2 ",0
"mov r3, 0 ",0
"mov r0, r0 ",0
"mov r2, 1 ",0
"cmp r3, r2 ",0
"movhs r2, 1 ",0
"movlo r2, 0 ",0
"cmp r2, 0 ",0
bne 0x6334 ,0
"mov r0, r0 ",0
"ldrb r2, [r0, r3] ",0
"strb r2, [r1, r3] ",0
"add r3, r3, 1 ",0
b 0x6300 ,0
"mov r0, r0 ",0
"mov r0, r0 ",0
"ldr r8, [0x00006668] ",0
"ldrsh r0, [r8] ",0
"ldr r1, [0x00006628] ",0
"strh r0, [sb, r1] ",0
"mov r0, r0 ",0
"mov r0, r0 ",0
"ldrb r0, [sb, 0x958] ",0
"cmp r0, 0 ",0
bne 0x64d0 ,0
"mov r0, r0 ",0
"mov r1, lr ",0
bl 0x636c ,0
"andeq r0, r0, r0 ",0
"mov r0, lr ",0
"mov lr, r1 ",0
"ldr r2, [0x00006624] ",0
"add r1, sb, r2 ",0
"mov r3, 0 ",0
"mov r0, r0 ",0
"mov r2, 1 ",0
"cmp r3, r2 ",0
"movhs r2, 1 ",0
"movlo r2, 0 ",0
"cmp r2, 0 ",0
bne 0x63b4 ,0
"mov r0, r0 ",0
"ldrb r2, [r0, r3] ",0
"strb r2, [r1, r3] ",0
"add r3, r3, 1 ",0
b 0x6380 ,0
"mov r0, r0 ",0
"mov r0, r0 ",0
"mov r1, lr ",0
bl 0x63c4 ,0
"andeq r0, r0, r0 ",0
"mov r0, lr ",0
"mov lr, r1 ",0
"ldr r2, [0x00006620] ",0
"add r1, sb, r2 ",0
"mov r3, 0 ",0
"mov r0, r0 ",0
"mov r2, 1 ",0
"cmp r3, r2 ",0
"movhs r2, 1 ",0
"movlo r2, 0 ",0
"cmp r2, 0 ",0
bne 0x640c ,0
"mov r0, r0 ",0
"ldrb r2, [r0, r3] ",0
"strb r2, [r1, r3] ",0
"add r3, r3, 1 ",0
b 0x63d8 ,0
"mov r0, r0 ",0
"mov r0, r0 ",0
"mov r1, lr ",0
bl 0x641c ,0
"andeq r0, r0, r0 ",0
"mov r0, lr ",0
"mov lr, r1 ",0
"ldr r2, [0x000066c0] ",0
"add r1, sb, r2 ",0
"mov r3, 0 ",0
"mov r0, r0 ",0
"mov r2, 1 ",0
"cmp r3, r2 ",0
"movhs r2, 1 ",0
"movlo r2, 0 ",0
"cmp r2, 0 ",0
bne 0x6464 ,0
"mov r0, r0 ",0
"ldrb r2, [r0, r3] ",0
"strb r2, [r1, r3] ",0
"add r3, r3, 1 ",0
b 0x6430 ,0
"mov r0, r0 ",0
"mov r0, r0 ",0
"mov r1, lr ",0
bl 0x6474 ,0
"andeq r0, r0, r0 ",0
"mov r0, lr ",0
"mov lr, r1 ",0
"ldr r2, [0x000066b8] ",0
"add r1, sb, r2 ",0
"mov r3, 0 ",0
"mov r0, r0 ",0
"mov r2, 1 ",0
"cmp r3, r2 ",0
"movhs r2, 1 ",0
"movlo r2, 0 ",0
"cmp r2, 0 ",0
bne 0x64bc ,0
"mov r0, r0 ",0
"ldrb r2, [r0, r3] ",0
"strb r2, [r1, r3] ",0
"add r3, r3, 1 ",0
b 0x6488 ,0
"mov r0, r0 ",0
"mov r0, r0 ",0
"ldr r8, [0x00006668] ",0
"ldrsh r0, [r8] ",0
"ldr r1, [0x000066b0] ",0
"strh r0, [sb, r1] ",0
"mov r0, r0 ",0
"mov r0, r0 ",0
"ldrb r0, [sb, 0x959] ",0
"cmp r0, 0 ",0
bne 0x6714 ,0
"mov r0, r0 ",0
"mov r1, lr ",0
bl 0x64f4 ,0
"andeq r0, r0, r0 ",0
"mov r0, lr ",0
"mov lr, r1 ",0
"ldr r2, [0x000066a8] ",0
"add r1, sb, r2 ",0
"mov r3, 0 ",0
"mov r0, r0 ",0
"mov r2, 1 ",0
"cmp r3, r2 ",0
"movhs r2, 1 ",0
"movlo r2, 0 ",0
"cmp r2, 0 ",0
bne 0x653c ,0
"mov r0, r0 ",0
"ldrb r2, [r0, r3] ",0
"strb r2, [r1, r3] ",0
"add r3, r3, 1 ",0
b 0x6508 ,0
"mov r0, r0 ",0
"mov r0, r0 ",0
"mov r1, lr ",0
bl 0x654c ,0
"andeq r0, r0, r0 ",0
"mov r0, lr ",0
"mov lr, r1 ",0
"ldr r2, [0x000066a0] ",0
"add r1, sb, r2 ",0
"mov r3, 0 ",0
"mov r0, r0 ",0
"mov r2, 1 ",0
"cmp r3, r2 ",0
"movhs r2, 1 ",0
"movlo r2, 0 ",0
"cmp r2, 0 ",0
bne 0x6594 ,0
"mov r0, r0 ",0
"ldrb r2, [r0, r3] ",0
"strb r2, [r1, r3] ",0
"add r3, r3, 1 ",0
b 0x6560 ,0
"mov r0, r0 ",0
"mov r0, r0 ",0
"mov r1, lr ",0
bl 0x65a4 ,0
"andeq r0, r0, r0 ",0
"mov r0, lr ",0
"mov lr, r1 ",0
"ldr r2, [0x0000669c] ",0
"add r1, sb, r2 ",0
"mov r3, 0 ",0
"mov r0, r0 ",0
"mov r2, 1 ",0
"cmp r3, r2 ",0
"movhs r2, 1 ",0
"movlo r2, 0 ",0
"cmp r2, 0 ",0
bne 0x65ec ,0
"mov r0, r0 ",0
"ldrb r2, [r0, r3] ",0
"strb r2, [r1, r3] ",0
"add r3, r3, 1 ",0
b 0x65b8 ,0
"mov r0, r0 ",0
"mov r0, r0 ",0
"mov r1, lr ",0
bl 0x65fc ,0
"andeq r0, r0, r0 ",0
"mov r0, lr ",0
"mov lr, r1 ",0
"ldr r2, [0x00006698] ",0
"add r1, sb, r2 ",0
"mov r3, 0 ",0
b 0x66cc ,0
"mov r0, r0 ",0
"andeq r0, r0, r0 ",1
"andeq r0, r0, r0 ",1
"andeq r0, r0, r2, asr sl ",1
"andeq r0, r0, ip, lsr sl ",1
"andeq r0, r0, sl, lsr sl ",1
"andeq r0, r0, r2, lsr sl ",1
"andeq r0, r0, sl, lsr 20 ",1
"andeq r0, r0, r6, lsr 20 ",1
"andeq r0, r0, r0, lsl sl ",1
"andeq r0, r0, lr, lsl 20 ",1
"andeq r0, r0, r6, lsl 20 ",1
"strdeq r0, r1, [r0], -lr ",1
"strdeq r0, r1, [r0], -sl ",1
"andeq r0, r0, r4, ror 19 ",1
"andeq r0, r0, r2, ror 19 ",1
"ldrdeq r0, r1, [r0], -sl ",1
"ldrdeq r0, r1, [r0], -r2 ",1
"andeq r0, r0, lr, asr 19 ",1
"strheq r0, [r0], -r8 ",1
"strheq r0, [r0], -r6 ",1
"andeq r3, r0, r0, ror 2 ",1
"andeq r0, r0, lr, lsr 19 ",1
"andeq r0, r0, r6, lsr 19 ",1
"andeq r0, r0, r2, lsr 19 ",1
"andeq r0, r0, ip, lsl 19 ",1
"strheq r0, [r0], -lr ",1
"strheq r0, [r0], -r6 ",1
"andeq r0, r0, lr, lsr 21 ",1
"andeq r0, r0, sl, lsr 21 ",1
"muleq r0, r4, sl ",1
"andeq r3, r0, ip, asr r1 ",1
"muleq r0, r2, sl ",1
"andeq r0, r0, sl, lsl 21 ",1
"andeq r0, r0, r2, lsl 21 ",1
"andeq r0, r0, lr, ror sl ",1
"strdeq r0, r1, [r0], -r6 ",1
"andeq r0, r0, r8, ror 20 ",1
"andeq r0, r0, r0, ror 11 ",1
"andeq r0, r0, r6, ror 20 ",1
"andeq r0, r0, sl, lsl 12 ",1
"andeq r0, r0, lr, asr sl ",1
"andeq r0, r0, r2, lsl 12 ",1
"andeq r0, r0, r6, asr sl ",1
"strdeq r0, r1, [r0], -sl ",1
invalid ,1
"mov r0, r0 ",0
"mov r2, 1 ",0
"cmp r3, r2 ",0
"movhs r2, 1 ",0
"movlo r2, 0 ",0
"cmp r2, 0 ",0
bne 0x6700 ,0
"mov r0, r0 ",0
"ldrb r2, [r0, r3] ",0
"strb r2, [r1, r3] ",0
"add r3, r3, 1 ",0
b 0x6610 ,0
"mov r0, r0 ",0
"mov r0, r0 ",0
"ldr r8, [0x000075b0] ",0
"ldrsh r0, [r8] ",0
"ldr r1, [0x000075ac] ",0
"strh r0, [sb, r1] ",0
"mov r0, r0 ",0
"mov r0, r0 ",0
"ldrb r0, [sb, 0x95a] ",0
"cmp r0, 0 ",0
bne 0x689c ,0
"mov r0, r0 ",0
"mov r1, lr ",0
bl 0x6738 ,0
"andeq r0, r0, r0 ",0
"mov r0, lr ",0
"mov lr, r1 ",0
"ldr r2, [0x000075a8] ",0
"add r1, sb, r2 ",0
"mov r3, 0 ",0
"mov r0, r0 ",0
"mov r2, 1 ",0
"cmp r3, r2 ",0
"movhs r2, 1 ",0
"movlo r2, 0 ",0
"cmp r2, 0 ",0
bne 0x6780 ,0
"mov r0, r0 ",0
"ldrb r2, [r0, r3] ",0
"strb r2, [r1, r3] ",0
"add r3, r3, 1 ",0
b 0x674c ,0
"mov r0, r0 ",0
"mov r0, r0 ",0
"mov r1, lr ",0
bl 0x6790 ,0
"andeq r0, r0, r0 ",0
"mov r0, lr ",0
"mov lr, r1 ",0
"ldr r2, [0x000075a4] ",0
"add r1, sb, r2 ",0
"mov r3, 0 ",0
"mov r0, r0 ",0
"mov r2, 1 ",0
"cmp r3, r2 ",0
"movhs r2, 1 ",0
"movlo r2, 0 ",0
"cmp r2, 0 ",0
bne 0x67d8 ,0
"mov r0, r0 ",0
"ldrb r2, [r0, r3] ",0
"strb r2, [r1, r3] ",0
"add r3, r3, 1 ",0
b 0x67a4 ,0
"mov r0, r0 ",0
"mov r0, r0 ",0
"mov r1, lr ",0
bl 0x67e8 ,0
"andeq r0, r0, r0 ",0
"mov r0, lr ",0
"mov lr, r1 ",0
"ldr r2, [0x000075a0] ",0
"add r1, sb, r2 ",0
"mov r3, 0 ",0
"mov r0, r0 ",0
"mov r2, 1 ",0
"cmp r3, r2 ",0
"movhs r2, 1 ",0
"movlo r2, 0 ",0
"cmp r2, 0 ",0
bne 0x6830 ,0
"mov r0, r0 ",0
"ldrb r2, [r0, r3] ",0
"strb r2, [r1, r3] ",0
"add r3, r3, 1 ",0
b 0x67fc ,0
"mov r0, r0 ",0
"mov r0, r0 ",0
"mov r1, lr ",0
bl 0x6840 ,0
"andeq r0, r0, r0 ",0
"mov r0, lr ",0
"mov lr, r1 ",0
"ldr r2, [0x0000759c] ",0
"add r1, sb, r2 ",0
"mov r3, 0 ",0
"mov r0, r0 ",0
"mov r2, 1 ",0
"cmp r3, r2 ",0
"movhs r2, 1 ",0
"movlo r2, 0 ",0
"cmp r2, 0 ",0
bne 0x6888 ,0
"mov r0, r0 ",0
"ldrb r2, [r0, r3] ",0
"strb r2, [r1, r3] ",0
"add r3, r3, 1 ",0
b 0x6854 ,0
"mov r0, r0 ",0
"mov r0, r0 ",0
"ldr r8, [0x000075b0] ",0
"ldrsh r0, [r8] ",0
"ldr r1, [0x00007598] ",0
"strh r0, [sb, r1] ",0
"mov r0, r0 ",0
"mov r0, r0 ",0
"mov r0, 0 ",0
"strb r0, [sb, 0x95c] ",0
"mov r0, 0 ",0
"ldr r1, [sb, 0xac8] ",0
"strb r0, [r1] ",0
"mov r0, 0 ",0
"ldr r1, [sb, 0xac4] ",0
"strb r0, [r1, 1] ",0
b 0x750c ,0
"mov r0, r0 ",0
"mov r0, r0 ",0
"ldrb r0, [sb, 0x95c] ",0
"ldr r1, [sb, 0xac4] ",0
"ldrb r1, [r1, 1] ",0
"and r0, r0, r1 ",0
"ldr r1, [sb, 0xac4] ",0
"ldrb r1, [r1, 2] ",0
"eor r1, r1, 1 ",0
"and r0, r0, r1 ",0
"ldr r1, [sb, 0xac4] ",0
"ldrb r1, [r1, 0x114] ",0
"and r0, r0, r1 ",0
"eor r0, r0, 1 ",0
"cmp r0, 0 ",0
bne 0x7508 ,0
"mov r0, r0 ",0
"ldr r0, [sb, 0xac4] ",0
"ldrb r0, [r0, 0x115] ",0
"mov r1, 0x80 ",0
"cmp r0, r1 ",0
"movne r0, 1 ",0
"moveq r0, 0 ",0
"cmp r0, 0 ",0
bne 0x6940 ,0
"mov r0, r0 ",0
"mov r0, 2 ",0
"strb r0, [sb, 0xac0] ",0
b 0x69a4 ,0
"mov r0, r0 ",0
"mov r0, r0 ",0
"ldr r0, [sb, 0xac4] ",0
"ldrb r0, [r0, 0x115] ",0
"cmp r0, 0 ",0
"moveq r0, 1 ",0
"movne r0, 0 ",0
"cmp r0, 0 ",0
bne 0x6974 ,0
"mov r0, r0 ",0
"mov r0, 3 ",0
"strb r0, [sb, 0xac0] ",0
b 0x69a4 ,0
"mov r0, r0 ",0
"mov r0, r0 ",0
"ldr r0, [sb, 0xac4] ",0
"ldrb r0, [r0, 0x116] ",0
"cmp r0, 0 ",0
"moveq r0, 1 ",0
"movne r0, 0 ",0
"cmp r0, 0 ",0
bne 0x69a0 ,0
"mov r0, r0 ",0
"mov r0, 1 ",0
"strb r0, [sb, 0xac0] ",0
"mov r0, r0 ",0
"mov r0, r0 ",0
"mov r1, lr ",0
bl 0x69b4 ,0
"andeq r0, r0, r0 ",0
"mov r0, lr ",0
"mov lr, r1 ",0
"ldr r2, [0x00007594] ",0
"add r1, sb, r2 ",0
"mov r3, 0 ",0
"mov r0, r0 ",0
"mov r2, 1 ",0
"cmp r3, r2 ",0
"movhs r2, 1 ",0
"movlo r2, 0 ",0
"cmp r2, 0 ",0
bne 0x69fc ,0
"mov r0, r0 ",0
"ldrb r2, [r0, r3] ",0
"strb r2, [r1, r3] ",0
"add r3, r3, 1 ",0
b 0x69c8 ,0
"mov r0, r0 ",0
"mov r0, r0 ",0
"mov r1, lr ",0
bl 0x6a0c ,0
"andeq r0, r0, r0 ",0
"mov r0, lr ",0
"mov lr, r1 ",0
"ldr r2, [0x00007590] ",0
"add r1, sb, r2 ",0
"mov r3, 0 ",0
"mov r0, r0 ",0
"mov r2, 1 ",0
"cmp r3, r2 ",0
"movhs r2, 1 ",0
"movlo r2, 0 ",0
"cmp r2, 0 ",0
bne 0x6a54 ,0
"mov r0, r0 ",0
"ldrb r2, [r0, r3] ",0
"strb r2, [r1, r3] ",0
"add r3, r3, 1 ",0
b 0x6a20 ,0
"mov r0, r0 ",0
"mov r0, r0 ",0
"mov r1, lr ",0
bl 0x6a64 ,0
"andeq r0, r0, r0 ",0
"mov r0, lr ",0
"mov lr, r1 ",0
"ldr r2, [0x0000758c] ",0
"add r1, sb, r2 ",0
"mov r3, 0 ",0
"mov r0, r0 ",0
"mov r2, 1 ",0
"cmp r3, r2 ",0
"movhs r2, 1 ",0
"movlo r2, 0 ",0
"cmp r2, 0 ",0
bne 0x6aac ,0
"mov r0, r0 ",0
"ldrb r2, [r0, r3] ",0
"strb r2, [r1, r3] ",0
"add r3, r3, 1 ",0
b 0x6a78 ,0
"mov r0, r0 ",0
"mov r0, r0 ",0
"mov r1, lr ",0
bl 0x6abc ,0
"andeq r0, r0, r0 ",0
"mov r0, lr ",0
"mov lr, r1 ",0
"ldr r2, [0x00007588] ",0
"add r1, sb, r2 ",0
"mov r3, 0 ",0
"mov r0, r0 ",0
"mov r2, 1 ",0
"cmp r3, r2 ",0
"movhs r2, 1 ",0
"movlo r2, 0 ",0
"cmp r2, 0 ",0
bne 0x6b04 ,0
"mov r0, r0 ",0
"ldrb r2, [r0, r3] ",0
"strb r2, [r1, r3] ",0
"add r3, r3, 1 ",0
b 0x6ad0 ,0
"mov r0, r0 ",0
"mov r0, r0 ",0
"ldr r8, [0x000075b0] ",0
"ldrsh r0, [r8] ",0
"ldr r1, [0x00007584] ",0
"strh r0, [sb, r1] ",0
"mov r1, lr ",0
bl 0x6b24 ,0
"andeq r0, r0, r0 ",0
"mov r0, lr ",0
"mov lr, r1 ",0
"ldr r2, [0x00007580] ",0
"add r1, sb, r2 ",0
"mov r3, 0 ",0
"mov r0, r0 ",0
"mov r2, 1 ",0
"cmp r3, r2 ",0
"movhs r2, 1 ",0
"movlo r2, 0 ",0
"cmp r2, 0 ",0
bne 0x6b6c ,0
"mov r0, r0 ",0
"ldrb r2, [r0, r3] ",0
"strb r2, [r1, r3] ",0
"add r3, r3, 1 ",0
b 0x6b38 ,0
"mov r0, r0 ",0
"mov r0, r0 ",0
"mov r1, lr ",0
bl 0x6b7c ,0
"andeq r0, r0, r0 ",0
"mov r0, lr ",0
"mov lr, r1 ",0
"ldr r2, [0x0000757c] ",0
"add r1, sb, r2 ",0
"mov r3, 0 ",0
"mov r0, r0 ",0
"mov r2, 1 ",0
"cmp r3, r2 ",0
"movhs r2, 1 ",0
"movlo r2, 0 ",0
"cmp r2, 0 ",0
bne 0x6bc4 ,0
"mov r0, r0 ",0
"ldrb r2, [r0, r3] ",0
"strb r2, [r1, r3] ",0
"add r3, r3, 1 ",0
b 0x6b90 ,0
"mov r0, r0 ",0
"mov r0, r0 ",0
"mov r1, lr ",0
bl 0x6bd4 ,0
"andeq r0, r0, r0 ",0
"mov r0, lr ",0
"mov lr, r1 ",0
"ldr r2, [0x00007578] ",0
"add r1, sb, r2 ",0
"mov r3, 0 ",0
"mov r0, r0 ",0
"mov r2, 1 ",0
"cmp r3, r2 ",0
"movhs r2, 1 ",0
"movlo r2, 0 ",0
"cmp r2, 0 ",0
bne 0x6c1c ,0
"mov r0, r0 ",0
"ldrb r2, [r0, r3] ",0
"strb r2, [r1, r3] ",0
"add r3, r3, 1 ",0
b 0x6be8 ,0
"mov r0, r0 ",0
"mov r0, r0 ",0
"mov r1, lr ",0
bl 0x6c2c ,0
"andeq r0, r0, r0 ",0
"mov r0, lr ",0
"mov lr, r1 ",0
"ldr r2, [0x00007574] ",0
"add r1, sb, r2 ",0
"mov r3, 0 ",0
"mov r0, r0 ",0
"mov r2, 1 ",0
"cmp r3, r2 ",0
"movhs r2, 1 ",0
"movlo r2, 0 ",0
"cmp r2, 0 ",0
bne 0x6c74 ,0
"mov r0, r0 ",0
"ldrb r2, [r0, r3] ",0
"strb r2, [r1, r3] ",0
"add r3, r3, 1 ",0
b 0x6c40 ,0
"mov r0, r0 ",0
"mov r0, r0 ",0
"ldr r8, [0x000075b0] ",0
"ldrsh r0, [r8] ",0
"ldr r1, [0x00007570] ",0
"strh r0, [sb, r1] ",0
"mov r1, lr ",0
bl 0x6c94 ,0
"andeq r0, r0, r0 ",0
"mov r0, lr ",0
"mov lr, r1 ",0
"ldr r2, [0x0000756c] ",0
"add r1, sb, r2 ",0
"mov r3, 0 ",0
"mov r0, r0 ",0
"mov r2, 1 ",0
"cmp r3, r2 ",0
"movhs r2, 1 ",0
"movlo r2, 0 ",0
"cmp r2, 0 ",0
bne 0x6cdc ,0
"mov r0, r0 ",0
"ldrb r2, [r0, r3] ",0
"strb r2, [r1, r3] ",0
"add r3, r3, 1 ",0
b 0x6ca8 ,0
"mov r0, r0 ",0
"mov r0, r0 ",0
"mov r1, lr ",0
bl 0x6cec ,0
"andeq r0, r0, r0 ",0
"mov r0, lr ",0
"mov lr, r1 ",0
"ldr r2, [0x00007568] ",0
"add r1, sb, r2 ",0
"mov r3, 0 ",0
"mov r0, r0 ",0
"mov r2, 1 ",0
"cmp r3, r2 ",0
"movhs r2, 1 ",0
"movlo r2, 0 ",0
"cmp r2, 0 ",0
bne 0x6d34 ,0
"mov r0, r0 ",0
"ldrb r2, [r0, r3] ",0
"strb r2, [r1, r3] ",0
"add r3, r3, 1 ",0
b 0x6d00 ,0
"mov r0, r0 ",0
"mov r0, r0 ",0
"mov r1, lr ",0
bl 0x6d44 ,0
"andeq r0, r0, r0 ",0
"mov r0, lr ",0
"mov lr, r1 ",0
"ldr r2, [0x00007564] ",0
"add r1, sb, r2 ",0
"mov r3, 0 ",0
"mov r0, r0 ",0
"mov r2, 1 ",0
"cmp r3, r2 ",0
"movhs r2, 1 ",0
"movlo r2, 0 ",0
"cmp r2, 0 ",0
bne 0x6d8c ,0
"mov r0, r0 ",0
"ldrb r2, [r0, r3] ",0
"strb r2, [r1, r3] ",0
"add r3, r3, 1 ",0
b 0x6d58 ,0
"mov r0, r0 ",0
"mov r0, r0 ",0
"mov r1, lr ",0
bl 0x6d9c ,0
"andeq r0, r0, r0 ",0
"mov r0, lr ",0
"mov lr, r1 ",0
"ldr r2, [0x00007560] ",0
"add r1, sb, r2 ",0
"mov r3, 0 ",0
"mov r0, r0 ",0
"mov r2, 1 ",0
"cmp r3, r2 ",0
"movhs r2, 1 ",0
"movlo r2, 0 ",0
"cmp r2, 0 ",0
bne 0x6de4 ,0
"mov r0, r0 ",0
"ldrb r2, [r0, r3] ",0
"strb r2, [r1, r3] ",0
"add r3, r3, 1 ",0
b 0x6db0 ,0
"mov r0, r0 ",0
"mov r0, r0 ",0
"ldr r8, [0x000075b0] ",0
"ldrsh r0, [r8] ",0
"ldr r1, [0x0000755c] ",0
"strh r0, [sb, r1] ",0
"mov r1, lr ",0
bl 0x6e04 ,0
"andeq r0, r0, r0 ",0
"mov r0, lr ",0
"mov lr, r1 ",0
"ldr r2, [0x00007558] ",0
"add r1, sb, r2 ",0
"mov r3, 0 ",0
"mov r0, r0 ",0
"mov r2, 1 ",0
"cmp r3, r2 ",0
"movhs r2, 1 ",0
"movlo r2, 0 ",0
"cmp r2, 0 ",0
bne 0x6e4c ,0
"mov r0, r0 ",0
"ldrb r2, [r0, r3] ",0
"strb r2, [r1, r3] ",0
"add r3, r3, 1 ",0
b 0x6e18 ,0
"mov r0, r0 ",0
"mov r0, r0 ",0
"mov r1, lr ",0
bl 0x6e5c ,0
"andeq r0, r0, r0 ",0
"mov r0, lr ",0
"mov lr, r1 ",0
"ldr r2, [0x00007554] ",0
"add r1, sb, r2 ",0
"mov r3, 0 ",0
"mov r0, r0 ",0
"mov r2, 1 ",0
"cmp r3, r2 ",0
"movhs r2, 1 ",0
"movlo r2, 0 ",0
"cmp r2, 0 ",0
bne 0x6ea4 ,0
"mov r0, r0 ",0
"ldrb r2, [r0, r3] ",0
"strb r2, [r1, r3] ",0
"add r3, r3, 1 ",0
b 0x6e70 ,0
"mov r0, r0 ",0
"mov r0, r0 ",0
"mov r1, lr ",0
bl 0x6eb4 ,0
"andeq r0, r0, r0 ",0
"mov r0, lr ",0
"mov lr, r1 ",0
"ldr r2, [0x00007550] ",0
"add r1, sb, r2 ",0
"mov r3, 0 ",0
"mov r0, r0 ",0
"mov r2, 1 ",0
"cmp r3, r2 ",0
"movhs r2, 1 ",0
"movlo r2, 0 ",0
"cmp r2, 0 ",0
bne 0x6efc ,0
"mov r0, r0 ",0
"ldrb r2, [r0, r3] ",0
"strb r2, [r1, r3] ",0
"add r3, r3, 1 ",0
b 0x6ec8 ,0
"mov r0, r0 ",0
"mov r0, r0 ",0
"mov r1, lr ",0
bl 0x6f0c ,0
"andeq r0, r0, r0 ",0
"mov r0, lr ",0
"mov lr, r1 ",0
"ldr r2, [0x0000754c] ",0
"add r1, sb, r2 ",0
"mov r3, 0 ",0
"mov r0, r0 ",0
"mov r2, 1 ",0
"cmp r3, r2 ",0
"movhs r2, 1 ",0
"movlo r2, 0 ",0
"cmp r2, 0 ",0
bne 0x6f54 ,0
"mov r0, r0 ",0
"ldrb r2, [r0, r3] ",0
"strb r2, [r1, r3] ",0
"add r3, r3, 1 ",0
b 0x6f20 ,0
"mov r0, r0 ",0
"mov r0, r0 ",0
"ldr r8, [0x000075b0] ",0
"ldrsh r0, [r8] ",0
"ldr r1, [0x00007548] ",0
"strh r0, [sb, r1] ",0
"mov r1, lr ",0
bl 0x6f74 ,0
"andeq r0, r0, r0 ",0
"mov r0, lr ",0
"mov lr, r1 ",0
"ldr r2, [0x00007544] ",0
"add r1, sb, r2 ",0
"mov r3, 0 ",0
"mov r0, r0 ",0
"mov r2, 1 ",0
"cmp r3, r2 ",0
"movhs r2, 1 ",0
"movlo r2, 0 ",0
"cmp r2, 0 ",0
bne 0x6fbc ,0
"mov r0, r0 ",0
"ldrb r2, [r0, r3] ",0
"strb r2, [r1, r3] ",0
"add r3, r3, 1 ",0
b 0x6f88 ,0
"mov r0, r0 ",0
"mov r0, r0 ",0
"mov r1, lr ",0
bl 0x6fcc ,0
"andeq r0, r0, r0 ",0
"mov r0, lr ",0
"mov lr, r1 ",0
"ldr r2, [0x00007540] ",0
"add r1, sb, r2 ",0
"mov r3, 0 ",0
"mov r0, r0 ",0
"mov r2, 1 ",0
"cmp r3, r2 ",0
"movhs r2, 1 ",0
"movlo r2, 0 ",0
"cmp r2, 0 ",0
bne 0x7014 ,0
"mov r0, r0 ",0
"ldrb r2, [r0, r3] ",0
"strb r2, [r1, r3] ",0
"add r3, r3, 1 ",0
b 0x6fe0 ,0
"mov r0, r0 ",0
"mov r0, r0 ",0
"mov r1, lr ",0
bl 0x7024 ,0
"andeq r0, r0, r0 ",0
"mov r0, lr ",0
"mov lr, r1 ",0
"ldr r2, [0x0000753c] ",0
"add r1, sb, r2 ",0
"mov r3, 0 ",0
"mov r0, r0 ",0
"mov r2, 1 ",0
"cmp r3, r2 ",0
"movhs r2, 1 ",0
"movlo r2, 0 ",0
"cmp r2, 0 ",0
bne 0x706c ,0
"mov r0, r0 ",0
"ldrb r2, [r0, r3] ",0
"strb r2, [r1, r3] ",0
"add r3, r3, 1 ",0
b 0x7038 ,0
"mov r0, r0 ",0
"mov r0, r0 ",0
"mov r1, lr ",0
bl 0x707c ,0
"andeq r0, r0, r0 ",0
"mov r0, lr ",0
"mov lr, r1 ",0
"ldr r2, [0x00007538] ",0
"add r1, sb, r2 ",0
"mov r3, 0 ",0
"mov r0, r0 ",0
"mov r2, 1 ",0
"cmp r3, r2 ",0
"movhs r2, 1 ",0
"movlo r2, 0 ",0
"cmp r2, 0 ",0
bne 0x70c4 ,0
"mov r0, r0 ",0
"ldrb r2, [r0, r3] ",0
"strb r2, [r1, r3] ",0
"add r3, r3, 1 ",0
b 0x7090 ,0
"mov r0, r0 ",0
"mov r0, r0 ",0
"ldr r8, [0x000075b0] ",0
"ldrsh r0, [r8] ",0
"ldr r1, [0x00007534] ",0
"strh r0, [sb, r1] ",0
"mov r1, lr ",0
bl 0x70e4 ,0
"andeq r0, r0, r0 ",0
"mov r0, lr ",0
"mov lr, r1 ",0
"ldr r2, [0x00007530] ",0
"add r1, sb, r2 ",0
"mov r3, 0 ",0
"mov r0, r0 ",0
"mov r2, 1 ",0
"cmp r3, r2 ",0
"movhs r2, 1 ",0
"movlo r2, 0 ",0
"cmp r2, 0 ",0
bne 0x712c ,0
"mov r0, r0 ",0
"ldrb r2, [r0, r3] ",0
"strb r2, [r1, r3] ",0
"add r3, r3, 1 ",0
b 0x70f8 ,0
"mov r0, r0 ",0
"mov r0, r0 ",0
"mov r1, lr ",0
bl 0x713c ,0
"andeq r0, r0, r0 ",0
"mov r0, lr ",0
"mov lr, r1 ",0
"ldr r2, [0x0000752c] ",0
"add r1, sb, r2 ",0
"mov r3, 0 ",0
"mov r0, r0 ",0
"mov r2, 1 ",0
"cmp r3, r2 ",0
"movhs r2, 1 ",0
"movlo r2, 0 ",0
"cmp r2, 0 ",0
bne 0x7184 ,0
"mov r0, r0 ",0
"ldrb r2, [r0, r3] ",0
"strb r2, [r1, r3] ",0
"add r3, r3, 1 ",0
b 0x7150 ,0
"mov r0, r0 ",0
"mov r0, r0 ",0
"mov r1, lr ",0
bl 0x7194 ,0
"andeq r0, r0, r0 ",0
"mov r0, lr ",0
"mov lr, r1 ",0
"ldr r2, [0x00007528] ",0
"add r1, sb, r2 ",0
"mov r3, 0 ",0
"mov r0, r0 ",0
"mov r2, 1 ",0
"cmp r3, r2 ",0
"movhs r2, 1 ",0
"movlo r2, 0 ",0
"cmp r2, 0 ",0
bne 0x71dc ,0
"mov r0, r0 ",0
"ldrb r2, [r0, r3] ",0
"strb r2, [r1, r3] ",0
"add r3, r3, 1 ",0
b 0x71a8 ,0
"mov r0, r0 ",0
"mov r0, r0 ",0
"mov r1, lr ",0
bl 0x71ec ,0
"andeq r0, r0, r0 ",0
"mov r0, lr ",0
"mov lr, r1 ",0
"ldr r2, [0x00007524] ",0
"add r1, sb, r2 ",0
"mov r3, 0 ",0
"mov r0, r0 ",0
"mov r2, 1 ",0
"cmp r3, r2 ",0
"movhs r2, 1 ",0
"movlo r2, 0 ",0
"cmp r2, 0 ",0
bne 0x7234 ,0
"mov r0, r0 ",0
"ldrb r2, [r0, r3] ",0
"strb r2, [r1, r3] ",0
"add r3, r3, 1 ",0
b 0x7200 ,0
"mov r0, r0 ",0
"mov r0, r0 ",0
"ldr r8, [0x000075b0] ",0
"ldrsh r0, [r8] ",0
"ldr r1, [0x000075ac] ",0
"strh r0, [sb, r1] ",0
"mov r1, lr ",0
bl 0x7254 ,0
"andeq r0, r0, r0 ",0
"mov r0, lr ",0
"mov lr, r1 ",0
"ldr r2, [0x000075a8] ",0
"add r1, sb, r2 ",0
"mov r3, 0 ",0
"mov r0, r0 ",0
"mov r2, 1 ",0
"cmp r3, r2 ",0
"movhs r2, 1 ",0
"movlo r2, 0 ",0
"cmp r2, 0 ",0
bne 0x729c ,0
"mov r0, r0 ",0
"ldrb r2, [r0, r3] ",0
"strb r2, [r1, r3] ",0
"add r3, r3, 1 ",0
b 0x7268 ,0
"mov r0, r0 ",0
"mov r0, r0 ",0
"mov r1, lr ",0
bl 0x72ac ,0
"andeq r0, r0, r0 ",0
"mov r0, lr ",0
"mov lr, r1 ",0
"ldr r2, [0x000075a4] ",0
"add r1, sb, r2 ",0
"mov r3, 0 ",0
"mov r0, r0 ",0
"mov r2, 1 ",0
"cmp r3, r2 ",0
"movhs r2, 1 ",0
"movlo r2, 0 ",0
"cmp r2, 0 ",0
bne 0x72f4 ,0
"mov r0, r0 ",0
"ldrb r2, [r0, r3] ",0
"strb r2, [r1, r3] ",0
"add r3, r3, 1 ",0
b 0x72c0 ,0
"mov r0, r0 ",0
"mov r0, r0 ",0
"mov r1, lr ",0
bl 0x7304 ,0
"andeq r0, r0, r0 ",0
"mov r0, lr ",0
"mov lr, r1 ",0
"ldr r2, [0x000075a0] ",0
"add r1, sb, r2 ",0
"mov r3, 0 ",0
"mov r0, r0 ",0
"mov r2, 1 ",0
"cmp r3, r2 ",0
"movhs r2, 1 ",0
"movlo r2, 0 ",0
"cmp r2, 0 ",0
bne 0x734c ,0
"mov r0, r0 ",0
"ldrb r2, [r0, r3] ",0
"strb r2, [r1, r3] ",0
"add r3, r3, 1 ",0
b 0x7318 ,0
"mov r0, r0 ",0
"mov r0, r0 ",0
"mov r1, lr ",0
bl 0x735c ,0
"andeq r0, r0, r0 ",0
"mov r0, lr ",0
"mov lr, r1 ",0
"ldr r2, [0x0000759c] ",0
"add r1, sb, r2 ",0
"mov r3, 0 ",0
"mov r0, r0 ",0
"mov r2, 1 ",0
"cmp r3, r2 ",0
"movhs r2, 1 ",0
"movlo r2, 0 ",0
"cmp r2, 0 ",0
bne 0x73a4 ,0
"mov r0, r0 ",0
"ldrb r2, [r0, r3] ",0
"strb r2, [r1, r3] ",0
"add r3, r3, 1 ",0
b 0x7370 ,0
"mov r0, r0 ",0
"mov r0, r0 ",0
"ldr r8, [0x000075b0] ",0
"ldrsh r0, [r8] ",0
"ldr r1, [0x00007598] ",0
"strh r0, [sb, r1] ",0
"mov r0, 0 ",0
"strb r0, [sb, 0x987] ",0
"mov r0, 0 ",0
"strb r0, [sb, 0x988] ",0
"mov r0, 0 ",0
"strb r0, [sb, 0x985] ",0
"mov r0, 0 ",0
"strb r0, [sb, 0x986] ",0
"mov r0, 0 ",0
"strb r0, [sb, 0x968] ",0
"mov r1, lr ",0
bl 0x73ec ,0
"andeq r0, r0, r0 ",0
"mov r0, lr ",0
"mov lr, r1 ",0
"ldr r2, [0x00007520] ",0
"add r1, sb, r2 ",0
"mov r3, 0 ",0
"mov r0, r0 ",0
"mov r2, 1 ",0
"cmp r3, r2 ",0
"movhs r2, 1 ",0
"movlo r2, 0 ",0
"cmp r2, 0 ",0
bne 0x7434 ,0
"mov r0, r0 ",0
"ldrb r2, [r0, r3] ",0
"strb r2, [r1, r3] ",0
"add r3, r3, 1 ",0
b 0x7400 ,0
"mov r0, r0 ",0
"mov r0, r0 ",0
"mov r1, lr ",0
bl 0x7444 ,0
"andeq r0, r0, r0 ",0
"mov r0, lr ",0
"mov lr, r1 ",0
"ldr r2, [0x0000751c] ",0
"add r1, sb, r2 ",0
"mov r3, 0 ",0
"mov r0, r0 ",0
"mov r2, 1 ",0
"cmp r3, r2 ",0
"movhs r2, 1 ",0
"movlo r2, 0 ",0
"cmp r2, 0 ",0
bne 0x748c ,0
"mov r0, r0 ",0
"ldrb r2, [r0, r3] ",0
"strb r2, [r1, r3] ",0
"add r3, r3, 1 ",0
b 0x7458 ,0
"mov r0, r0 ",0
"mov r0, r0 ",0
"mov r1, lr ",0
bl 0x749c ,0
"andeq r0, r0, r0 ",0
"mov r0, lr ",0
"mov lr, r1 ",0
"ldr r2, [0x00007518] ",0
"add r1, sb, r2 ",0
"mov r3, 0 ",0
"mov r0, r0 ",0
"mov r2, 1 ",0
"cmp r3, r2 ",0
"movhs r2, 1 ",0
"movlo r2, 0 ",0
"cmp r2, 0 ",0
bne 0x74e4 ,0
"mov r0, r0 ",0
"ldrb r2, [r0, r3] ",0
"strb r2, [r1, r3] ",0
"add r3, r3, 1 ",0
b 0x74b0 ,0
"mov r0, r0 ",0
"mov r0, r0 ",0
"mov r0, 0 ",0
"strb r0, [sb, 0x95c] ",0
"mov r0, 0 ",0
"ldr r1, [sb, 0xac8] ",0
"strb r0, [r1] ",0
"mov r0, 0 ",0
"ldr r1, [sb, 0xac4] ",0
"strb r0, [r1, 1] ",0
"mov r0, r0 ",0
"mov r0, r0 ",0
"mov r0, r0 ",0
"ldmdb fp, {fp, sp, pc} ",0
"andeq r0, r0, r6, ror sb ",1
"andeq r0, r0, r2, ror sb ",1
"andeq r0, r0, sb, ror 18 ",1
"andeq r0, r0, sl, lsl 21 ",1
"andeq r0, r0, r2, lsl 21 ",1
"andeq r0, r0, lr, ror sl ",1
"andeq r0, r0, r8, ror 20 ",1
"andeq r0, r0, r6, ror 20 ",1
"andeq r0, r0, lr, asr sl ",1
"andeq r0, r0, r6, asr sl ",1
"andeq r0, r0, r2, asr sl ",1
"andeq r0, r0, ip, lsr sl ",1
"andeq r0, r0, sl, lsr sl ",1
"andeq r0, r0, r2, lsr sl ",1
"andeq r0, r0, sl, lsr 20 ",1
"andeq r0, r0, r6, lsr 20 ",1
"andeq r0, r0, r0, lsl sl ",1
"andeq r0, r0, lr, lsl 20 ",1
"andeq r0, r0, r6, lsl 20 ",1
"strdeq r0, r1, [r0], -lr ",1
"strdeq r0, r1, [r0], -sl ",1
"andeq r0, r0, r4, ror 19 ",1
"andeq r0, r0, r2, ror 19 ",1
"ldrdeq r0, r1, [r0], -sl ",1
"ldrdeq r0, r1, [r0], -r2 ",1
"andeq r0, r0, lr, asr 19 ",1
"strheq r0, [r0], -r8 ",1
"strheq r0, [r0], -r6 ",1
"andeq r0, r0, lr, lsr 19 ",1
"andeq r0, r0, r6, lsr 19 ",1
"andeq r0, r0, r2, lsr 19 ",1
"andeq r0, r0, ip, lsl 19 ",1
"strheq r0, [r0], -lr ",1
"strheq r0, [r0], -r6 ",1
"andeq r0, r0, lr, lsr 21 ",1
"andeq r0, r0, sl, lsr 21 ",1
"muleq r0, r4, sl ",1
"muleq r0, r2, sl ",1
"andeq r3, r0, r0, ror 2 ",1
"mov ip, sp ",0
"push {fp, ip, lr} ",0
"mov fp, ip ",0
"str r0, [sp, -4]! ",0
"ldr r8, [0x000079a4] ",0
"ldrb r1, [r8] ",0
"str r0, [sp, -4]! ",0
"str sb, [sp, -4]! ",0
"mov sb, sb ",0
"mov r0, r1 ",0
"str r1, [sp, -4]! ",0
"str sb, [sp, -4]! ",0
"str r8, [sp, -4]! ",0
"str lr, [sp, -4]! ",0
"ldr r8, [0x000079a0] ",0
"ldr r8, [r8] ",0
"mov lr, pc ",0
"mov pc, r8 ",0
"mov r0, r0 ",0
pop {lr} ,0
pop {r8} ,0
pop {sb} ,0
pop {r1} ,0
pop {sb} ,0
pop {r0} ,0
"mov r1, r0 ",0
"strb r1, [r8, -0x5e2] ",0
"mov r1, 0 ",0
"strb r1, [sb, 0x954] ",0
"mov r1, 0 ",0
"strb r1, [sb, 0x955] ",0
"mov r1, 0 ",0
"strb r1, [sb, 0x956] ",0
"mov r1, 0 ",0
"strb r1, [sb, 0x957] ",0
"mov r1, 0 ",0
"strb r1, [sb, 0x958] ",0
"mov r1, 0 ",0
"strb r1, [sb, 0x959] ",0
"mov r1, 0 ",0
"strb r1, [sb, 0x95a] ",0
"mov r1, 0 ",0
"strb r1, [sb, 0x95b] ",0
"mov r1, 0 ",0
"strb r1, [sb, 0x95c] ",0
"mov r1, 0 ",0
"str r1, [sb, 0x960] ",0
"mov r1, 0 ",0
"strb r1, [sb, 0x964] ",0
"ldrb r1, [r8] ",0
"str r0, [sp, -4]! ",0
"str sb, [sp, -4]! ",0
"ldr r2, [0x0000799c] ",0
"add sb, sb, r2 ",0
"mov r0, r1 ",0
"str r1, [sp, -4]! ",0
"str sb, [sp, -4]! ",0
"str r8, [sp, -4]! ",0
"str lr, [sp, -4]! ",0
"ldr r8, [0x00007998] ",0
"ldr r8, [r8] ",0
"mov lr, pc ",0
"mov pc, r8 ",0
"mov r0, r0 ",0
pop {lr} ,0
pop {r8} ,0
pop {sb} ,0
pop {r1} ,0
pop {sb} ,0
pop {r0} ,0
"mov r1, r0 ",0
"strb r1, [r8, -0x5e2] ",0
"ldrb r1, [r8] ",0
"str r0, [sp, -4]! ",0
"str sb, [sp, -4]! ",0
"ldr r2, [0x00007994] ",0
"add sb, sb, r2 ",0
"mov r0, r1 ",0
"str r1, [sp, -4]! ",0
"str sb, [sp, -4]! ",0
"str r8, [sp, -4]! ",0
"str lr, [sp, -4]! ",0
"ldr r8, [0x00007990] ",0
"ldr r8, [r8] ",0
"mov lr, pc ",0
"mov pc, r8 ",0
"mov r0, r0 ",0
pop {lr} ,0
pop {r8} ,0
pop {sb} ,0
pop {r1} ,0
pop {sb} ,0
pop {r0} ,0
"mov r1, r0 ",0
"strb r1, [r8, -0x5e2] ",0
"ldrb r1, [r8] ",0
"str r0, [sp, -4]! ",0
"str sb, [sp, -4]! ",0
"ldr r2, [0x0000798c] ",0
"add sb, sb, r2 ",0
"mov r0, r1 ",0
"str r1, [sp, -4]! ",0
"str sb, [sp, -4]! ",0
"str r8, [sp, -4]! ",0
"str lr, [sp, -4]! ",0
"ldr r8, [0x00007990] ",0
"ldr r8, [r8] ",0
"mov lr, pc ",0
"mov pc, r8 ",0
"mov r0, r0 ",0
pop {lr} ,0
pop {r8} ,0
pop {sb} ,0
pop {r1} ,0
pop {sb} ,0
pop {r0} ,0
"mov r1, r0 ",0
"strb r1, [r8, -0x5e2] ",0
"ldrb r1, [r8] ",0
"str r0, [sp, -4]! ",0
"str sb, [sp, -4]! ",0
"ldr r2, [0x00007988] ",0
"add sb, sb, r2 ",0
"mov r0, r1 ",0
"str r1, [sp, -4]! ",0
"str sb, [sp, -4]! ",0
"str r8, [sp, -4]! ",0
"str lr, [sp, -4]! ",0
"ldr r8, [0x00007990] ",0
"ldr r8, [r8] ",0
"mov lr, pc ",0
"mov pc, r8 ",0
"mov r0, r0 ",0
pop {lr} ,0
pop {r8} ,0
pop {sb} ,0
pop {r1} ,0
pop {sb} ,0
pop {r0} ,0
"mov r1, r0 ",0
"strb r1, [r8, -0x5e2] ",0
"ldrb r1, [r8] ",0
"str r0, [sp, -4]! ",0
"str sb, [sp, -4]! ",0
"ldr r2, [0x00007984] ",0
"add sb, sb, r2 ",0
"mov r0, r1 ",0
"str r1, [sp, -4]! ",0
"str sb, [sp, -4]! ",0
"str r8, [sp, -4]! ",0
"str lr, [sp, -4]! ",0
"ldr r8, [0x00007990] ",0
"ldr r8, [r8] ",0
"mov lr, pc ",0
"mov pc, r8 ",0
"mov r0, r0 ",0
pop {lr} ,0
pop {r8} ,0
pop {sb} ,0
pop {r1} ,0
pop {sb} ,0
pop {r0} ,0
"mov r1, r0 ",0
"strb r1, [r8, -0x5e2] ",0
"ldrb r1, [r8] ",0
"str r0, [sp, -4]! ",0
"str sb, [sp, -4]! ",0
"ldr r2, [0x00007980] ",0
"add sb, sb, r2 ",0
"mov r0, r1 ",0
"str r1, [sp, -4]! ",0
"str sb, [sp, -4]! ",0
"str r8, [sp, -4]! ",0
"str lr, [sp, -4]! ",0
"ldr r8, [0x00007990] ",0
"ldr r8, [r8] ",0
"mov lr, pc ",0
"mov pc, r8 ",0
"mov r0, r0 ",0
pop {lr} ,0
pop {r8} ,0
pop {sb} ,0
pop {r1} ,0
pop {sb} ,0
pop {r0} ,0
"mov r1, r0 ",0
"strb r1, [r8, -0x5e2] ",0
"ldrb r1, [r8] ",0
"str r0, [sp, -4]! ",0
"str sb, [sp, -4]! ",0
"ldr r2, [0x0000797c] ",0
"add sb, sb, r2 ",0
"mov r0, r1 ",0
"str r1, [sp, -4]! ",0
"str sb, [sp, -4]! ",0
"str r8, [sp, -4]! ",0
"str lr, [sp, -4]! ",0
"ldr r8, [0x00007990] ",0
"ldr r8, [r8] ",0
"mov lr, pc ",0
"mov pc, r8 ",0
"mov r0, r0 ",0
pop {lr} ,0
pop {r8} ,0
pop {sb} ,0
pop {r1} ,0
pop {sb} ,0
pop {r0} ,0
"mov r1, r0 ",0
"strb r1, [r8, -0x5e2] ",0
"ldrb r1, [r8] ",0
"str r0, [sp, -4]! ",0
"str sb, [sp, -4]! ",0
"ldr r2, [0x00007978] ",0
"add sb, sb, r2 ",0
"mov r0, r1 ",0
"str r1, [sp, -4]! ",0
"str sb, [sp, -4]! ",0
"str r8, [sp, -4]! ",0
"str lr, [sp, -4]! ",0
"ldr r8, [0x00007990] ",0
"ldr r8, [r8] ",0
"mov lr, pc ",0
"mov pc, r8 ",0
"mov r0, r0 ",0
pop {lr} ,0
pop {r8} ,0
pop {sb} ,0
pop {r1} ,0
pop {sb} ,0
pop {r0} ,0
"mov r1, r0 ",0
"strb r1, [r8, -0x5e2] ",0
"mov r1, 0 ",0
"strb r1, [sb, 0xac0] ",0
pop {r0} ,0
"cmp r0, 0 ",0
bne 0x7970 ,0
"mov r0, r0 ",0
"mov r0, r0 ",0
"ldmdb fp, {fp, sp, pc} ",0
"muleq r0, r4, sl ",1
"andeq r0, r0, r8, ror 20 ",1
"andeq r0, r0, ip, lsr sl ",1
"andeq r0, r0, r0, lsl sl ",1
"andeq r0, r0, r4, ror 19 ",1
"strheq r0, [r0], -r8 ",1
"strheq r0, [r0], -r8 ",1
"andeq r0, r0, ip, lsl 19 ",1
"strheq r0, [r0], -r4 ",1
"andeq r0, r0, r8, ror 18 ",1
"andeq r0, r0, ip, lsl 1 ",1
"muleq r0, sb, r0 ",1
"mov ip, sp ",0
"push {fp, ip, lr} ",0
"mov fp, ip ",0
"mov r0, 0 ",0
"ldr r1, [0x000089b0] ",0
"strh r0, [sb, r1] ",0
"mov r0, 0 ",0
"strb r0, [sb, 0x5bc] ",0
"mov r1, lr ",0
bl 0x79d4 ,0
"andeq r0, r0, r0 ",0
"mov r0, lr ",0
"mov lr, r1 ",0
"ldr r2, [0x000089ac] ",0
"add r1, sb, r2 ",0
"mov r3, 0 ",0
"mov r0, r0 ",0
"mov r2, 1 ",0
"cmp r3, r2 ",0
"movhs r2, 1 ",0
"movlo r2, 0 ",0
"cmp r2, 0 ",0
bne 0x7a1c ,0
"mov r0, r0 ",0
"ldrb r2, [r0, r3] ",0
"strb r2, [r1, r3] ",0
"add r3, r3, 1 ",0
b 0x79e8 ,0
"mov r0, r0 ",0
"mov r0, r0 ",0
"mov r1, lr ",0
bl 0x7a2c ,0
"andeq r0, r0, r0 ",0
"mov r0, lr ",0
"mov lr, r1 ",0
"ldr r2, [0x000089a8] ",0
"add r1, sb, r2 ",0
"mov r3, 0 ",0
"mov r0, r0 ",0
"mov r2, 1 ",0
"cmp r3, r2 ",0
"movhs r2, 1 ",0
"movlo r2, 0 ",0
"cmp r2, 0 ",0
bne 0x7a74 ,0
"mov r0, r0 ",0
"ldrb r2, [r0, r3] ",0
"strb r2, [r1, r3] ",0
"add r3, r3, 1 ",0
b 0x7a40 ,0
"mov r0, r0 ",0
"mov r0, r0 ",0
"mov r1, lr ",0
bl 0x7a84 ,0
"andeq r0, r0, r0 ",0
"mov r0, lr ",0
"mov lr, r1 ",0
"ldr r2, [0x000089a4] ",0
"add r1, sb, r2 ",0
"mov r3, 0 ",0
"mov r0, r0 ",0
"mov r2, 1 ",0
"cmp r3, r2 ",0
"movhs r2, 1 ",0
"movlo r2, 0 ",0
"cmp r2, 0 ",0
bne 0x7acc ,0
"mov r0, r0 ",0
"ldrb r2, [r0, r3] ",0
"strb r2, [r1, r3] ",0
"add r3, r3, 1 ",0
b 0x7a98 ,0
"mov r0, r0 ",0
"mov r0, r0 ",0
"mov r0, 0 ",0
"strb r0, [sb, 0x5d9] ",0
"mov r0, 0 ",0
"strb r0, [sb, 0x5da] ",0
"mov r0, 0 ",0
"strb r0, [sb, 0x5db] ",0
"mov r0, 0 ",0
"strb r0, [sb, 0x5dc] ",0
"mov r0, 1 ",0
"ldr r1, [0x000089a0] ",0
"strh r0, [sb, r1] ",0
"mov r0, r0 ",0
"ldr r0, [0x000089a0] ",0
"ldrh r0, [sb, r0] ",0
"cmp r0, 0x14 ",0
"movhi r0, 1 ",0
"movls r0, 0 ",0
"cmp r0, 0 ",0
bne 0x7d38 ,0
"mov r0, r0 ",0
"mov r1, lr ",0
bl 0x7b2c ,0
"andeq r0, r0, r0 ",0
"mov r0, lr ",0
"mov lr, r1 ",0
"ldr r1, [0x000089a0] ",0
"ldrh r1, [sb, r1] ",0
"ldr r2, [0x0000899c] ",0
"add r1, r1, r2 ",0
"mov r2, 0x2c ",0
"mul r1, r1, r2 ",0
"add r1, sb, r1 ",0
"ldr r2, [0x00008998] ",0
"add r1, r1, r2 ",0
"mov r3, 0 ",0
"mov r0, r0 ",0
"mov r2, 1 ",0
"cmp r3, r2 ",0
"movhs r2, 1 ",0
"movlo r2, 0 ",0
"cmp r2, 0 ",0
bne 0x7b90 ,0
"mov r0, r0 ",0
"ldrb r2, [r0, r3] ",0
"strb r2, [r1, r3] ",0
"add r3, r3, 1 ",0
b 0x7b5c ,0
"mov r0, r0 ",0
"mov r0, r0 ",0
"mov r1, lr ",0
bl 0x7ba0 ,0
"andeq r0, r0, r0 ",0
"mov r0, lr ",0
"mov lr, r1 ",0
"ldr r1, [0x000089a0] ",0
"ldrh r1, [sb, r1] ",0
"ldr r2, [0x0000899c] ",0
"add r1, r1, r2 ",0
"mov r2, 0x2c ",0
"mul r1, r1, r2 ",0
"add r1, sb, r1 ",0
"ldr r2, [0x00008994] ",0
"add r1, r1, r2 ",0
"mov r3, 0 ",0
"mov r0, r0 ",0
"mov r2, 1 ",0
"cmp r3, r2 ",0
"movhs r2, 1 ",0
"movlo r2, 0 ",0
"cmp r2, 0 ",0
bne 0x7c04 ,0
"mov r0, r0 ",0
"ldrb r2, [r0, r3] ",0
"strb r2, [r1, r3] ",0
"add r3, r3, 1 ",0
b 0x7bd0 ,0
"mov r0, r0 ",0
"mov r0, r0 ",0
"mov r1, lr ",0
bl 0x7c14 ,0
"andeq r0, r0, r0 ",0
"mov r0, lr ",0
"mov lr, r1 ",0
"ldr r1, [0x000089a0] ",0
"ldrh r1, [sb, r1] ",0
"ldr r2, [0x0000899c] ",0
"add r1, r1, r2 ",0
"mov r2, 0x2c ",0
"mul r1, r1, r2 ",0
"add r1, sb, r1 ",0
"ldr r2, [0x00008990] ",0
"add r1, r1, r2 ",0
"mov r3, 0 ",0
"mov r0, r0 ",0
"mov r2, 1 ",0
"cmp r3, r2 ",0
"movhs r2, 1 ",0
"movlo r2, 0 ",0
"cmp r2, 0 ",0
bne 0x7c78 ,0
"mov r0, r0 ",0
"ldrb r2, [r0, r3] ",0
"strb r2, [r1, r3] ",0
"add r3, r3, 1 ",0
b 0x7c44 ,0
"mov r0, r0 ",0
"mov r0, r0 ",0
"ldr r8, [0x0000898c] ",0
"ldrsh r0, [r8] ",0
"ldr r1, [0x000089a0] ",0
"ldrh r1, [sb, r1] ",0
"ldr r2, [0x0000899c] ",0
"add r1, r1, r2 ",0
"mov r2, 0x2c ",0
"mul r1, r1, r2 ",0
"ldr r2, [0x00008988] ",0
"add r2, r2, r1 ",0
"strh r0, [sb, r2] ",0
"mov r1, lr ",0
bl 0x7cb4 ,0
"andeq r0, r0, r0 ",0
"mov r0, lr ",0
"mov lr, r1 ",0
"ldr r1, [0x000089a0] ",0
"ldrh r1, [sb, r1] ",0
"ldr r2, [0x0000899c] ",0
"add r1, r1, r2 ",0
"mov r2, 0x2c ",0
"mul r1, r1, r2 ",0
"add r1, sb, r1 ",0
"ldr r2, [0x00008984] ",0
"add r1, r1, r2 ",0
"mov r3, 0 ",0
"mov r0, r0 ",0
"mov r2, 1 ",0
"cmp r3, r2 ",0
"movhs r2, 1 ",0
"movlo r2, 0 ",0
"cmp r2, 0 ",0
bne 0x7d18 ,0
"mov r0, r0 ",0
"ldrb r2, [r0, r3] ",0
"strb r2, [r1, r3] ",0
"add r3, r3, 1 ",0
b 0x7ce4 ,0
"mov r0, r0 ",0
"mov r0, r0 ",0
"ldr r0, [0x000089a0] ",0
"ldrh r0, [sb, r0] ",0
"add r0, r0, 1 ",0
"ldr r1, [0x000089a0] ",0
"strh r0, [sb, r1] ",0
b 0x7afc ,0
"mov r0, r0 ",0
"mov r0, r0 ",0
"mov r0, 0 ",0
"strb r0, [sb, 0x950] ",0
"mov r0, 0 ",0
"strb r0, [sb, 0x951] ",0
"ldr r0, [0x00008980] ",0
"ldrsh r0, [sb, r0] ",0
"cmp r0, 0x13 ",0
"movgt r0, 1 ",0
"movle r0, 0 ",0
"ldrb r1, [sb, 0x4b4] ",0
"mov r2, 0xcf ",0
"and r1, r1, r2 ",0
"cmp r1, 8 ",0
"moveq r1, 1 ",0
"movne r1, 0 ",0
"and r0, r0, r1 ",0
"eor r0, r0, 1 ",0
"cmp r0, 0 ",0
bne 0x1495c ,0
"mov r0, r0 ",0
"ldrb r0, [sb, 0x4b0] ",0
"mov r1, 0xe5 ",0
"cmp r0, r1 ",0
"movne r0, 1 ",0
"moveq r0, 0 ",0
"cmp r0, 0 ",0
bne 0x7dbc ,0
"mov r0, r0 ",0
"mov r0, 0 ",0
"strb r0, [sb, 0x489] ",0
b 0x7e58 ,0
"mov r0, r0 ",0
"mov r0, r0 ",0
"ldrb r0, [sb, 0x4b6] ",0
"cmp r0, 0x73 ",0
"moveq r0, 1 ",0
"movne r0, 0 ",0
"ldrb r1, [sb, 0x4b6] ",0
"cmp r1, 0x77 ",0
"moveq r1, 1 ",0
"movne r1, 0 ",0
"orr r0, r0, r1 ",0
"eor r0, r0, 1 ",0
"cmp r0, 0 ",0
bne 0x7e04 ,0
"mov r0, r0 ",0
"mov r0, 1 ",0
"strb r0, [sb, 0x489] ",0
b 0x7e58 ,0
"mov r0, r0 ",0
"mov r0, r0 ",0
"ldrb r0, [sb, 0x4b6] ",0
"cmp r0, 0x72 ",0
"moveq r0, 1 ",0
"movne r0, 0 ",0
"ldrb r1, [sb, 0x4b6] ",0
"cmp r1, 0x76 ",0
"moveq r1, 1 ",0
"movne r1, 0 ",0
"orr r0, r0, r1 ",0
"eor r0, r0, 1 ",0
"cmp r0, 0 ",0
bne 0x7e4c ,0
"mov r0, r0 ",0
"mov r0, 2 ",0
"strb r0, [sb, 0x489] ",0
b 0x7e58 ,0
"mov r0, r0 ",0
"mov r0, r0 ",0
"mov r0, 3 ",0
"strb r0, [sb, 0x489] ",0
"mov r0, r0 ",0
"ldrb r0, [sb, 0x4bd] ",0
"mov r1, 0xff ",0
"and r0, r1, r0 ",0
"lsr r0, r0, 6 ",0
"ldrb r1, [sb, 0x4be] ",0
"mov r2, 0xff ",0
"and r1, r2, r1 ",0
"lsr r1, r1, 6 ",0
"lsl r1, r1, 2 ",0
"add r0, r0, r1 ",0
"strb r0, [sb, 0x47e] ",0
"ldrb r0, [sb, 0x4b6] ",0
"cmp r0, 0x76 ",0
"moveq r0, 1 ",0
"movne r0, 0 ",0
"ldrb r1, [sb, 0x4b6] ",0
"cmp r1, 0x77 ",0
"moveq r1, 1 ",0
"movne r1, 0 ",0
"orr r0, r0, r1 ",0
"ldrb r1, [sb, 0x4b6] ",0
"cmp r1, 0x73 ",0
"moveq r1, 1 ",0
"movne r1, 0 ",0
"ldrb r2, [sb, 0x47e] ",0
"cmp r2, 0xf ",0
"movlo r2, 1 ",0
"movhs r2, 0 ",0
"and r1, r1, r2 ",0
"ldrb r2, [sb, 0x47e] ",0
"cmp r2, 9 ",0
"movhi r2, 1 ",0
"movls r2, 0 ",0
"and r1, r1, r2 ",0
"orr r0, r0, r1 ",0
"eor r0, r0, 1 ",0
"cmp r0, 0 ",0
bne 0x7f08 ,0
"mov r0, r0 ",0
"mov r0, 1 ",0
"strb r0, [sb, 0x49c] ",0
b 0x7f14 ,0
"mov r0, r0 ",0
"mov r0, r0 ",0
"mov r0, 0 ",0
"strb r0, [sb, 0x49c] ",0
"mov r0, r0 ",0
"ldrb r0, [sb, 0x489] ",0
"cmp r0, 0 ",0
"movne r0, 1 ",0
"moveq r0, 0 ",0
"cmp r0, 0 ",0
bne 0x7f44 ,0
"mov r0, r0 ",0
"mov r0, 0 ",0
"strb r0, [sb, 0x5da] ",0
b 0x7fb0 ,0
"mov r0, r0 ",0
"mov r0, r0 ",0
"ldrb r0, [sb, 0x489] ",0
"cmp r0, 1 ",0
"movne r0, 1 ",0
"moveq r0, 0 ",0
"cmp r0, 0 ",0
bne 0x7f74 ,0
"mov r0, r0 ",0
"ldrb r0, [sb, 0x4bc] ",0
"strb r0, [sb, 0x5da] ",0
b 0x7fb0 ,0
"mov r0, r0 ",0
"mov r0, r0 ",0
"ldrb r0, [sb, 0x489] ",0
"cmp r0, 2 ",0
"movne r0, 1 ",0
"moveq r0, 0 ",0
"cmp r0, 0 ",0
bne 0x7fa4 ,0
"mov r0, r0 ",0
"ldrb r0, [sb, 0x4c0] ",0
"strb r0, [sb, 0x5da] ",0
b 0x7fb0 ,0
"mov r0, r0 ",0
"mov r0, r0 ",0
"mov r0, 0 ",0
"strb r0, [sb, 0x5da] ",0
"mov r0, r0 ",0
"ldrb r0, [sb, 0x489] ",0
"cmp r0, 1 ",0
"movne r0, 1 ",0
"moveq r0, 0 ",0
"ldrb r1, [sb, 0x489] ",0
"cmp r1, 0 ",0
"movne r1, 1 ",0
"moveq r1, 0 ",0
"and r0, r0, r1 ",0
"cmp r0, 0 ",0
bne 0x7ff4 ,0
"mov r0, r0 ",0
"mov r0, 0 ",0
"strb r0, [sb, 0x5d9] ",0
b 0x8030 ,0
"mov r0, r0 ",0
"mov r0, r0 ",0
"ldrb r0, [sb, 0x489] ",0
"cmp r0, 2 ",0
"movne r0, 1 ",0
"moveq r0, 0 ",0
"cmp r0, 0 ",0
bne 0x8024 ,0
"mov r0, r0 ",0
"ldrb r0, [sb, 0x4bd] ",0
"strb r0, [sb, 0x5d9] ",0
b 0x8030 ,0
"mov r0, r0 ",0
"mov r0, r0 ",0
"mov r0, 0 ",0
"strb r0, [sb, 0x5d9] ",0
"mov r0, r0 ",0
"ldrb r0, [sb, 0x489] ",0
"cmp r0, 0 ",0
"movne r0, 1 ",0
"moveq r0, 0 ",0
"cmp r0, 0 ",0
bne 0x8060 ,0
"mov r0, r0 ",0
"mov r0, 0 ",0
"strb r0, [sb, 0x5bc] ",0
b 0x80b0 ,0
"mov r0, r0 ",0
"mov r0, r0 ",0
"ldrb r0, [sb, 0x489] ",0
"cmp r0, 2 ",0
"movne r0, 1 ",0
"moveq r0, 0 ",0
"ldrb r1, [sb, 0x489] ",0
"cmp r1, 1 ",0
"movne r1, 1 ",0
"moveq r1, 0 ",0
"and r0, r0, r1 ",0
"cmp r0, 0 ",0
bne 0x80a4 ,0
"mov r0, r0 ",0
"ldrb r0, [sb, 0x4b5] ",0
"strb r0, [sb, 0x5bc] ",0
b 0x80b0 ,0
"mov r0, r0 ",0
"mov r0, r0 ",0
"mov r0, 0 ",0
"strb r0, [sb, 0x5bc] ",0
"mov r0, r0 ",0
"ldrb r0, [sb, 0x489] ",0
"cmp r0, 0 ",0
"moveq r0, 1 ",0
"movne r0, 0 ",0
"ldrb r1, [sb, 0x489] ",0
"cmp r1, 3 ",0
"moveq r1, 1 ",0
"movne r1, 0 ",0
"orr r0, r0, r1 ",0
"eor r0, r0, 1 ",0
"cmp r0, 0 ",0
bne 0x8158 ,0
"mov r0, r0 ",0
"mov r1, lr ",0
bl 0x80fc ,0
"eorslo r3, r0, r0, lsr r0 ",1
"eorslo r3, r0, r0, lsr r0 ",1
"andeq r0, r0, r0 ",0
"mov r0, lr ",0
"mov lr, r1 ",0
"ldr r2, [0x000089ac] ",0
"add r1, sb, r2 ",0
"mov r3, 0 ",0
"mov r0, r0 ",0
"mov r2, 8 ",0
"cmp r3, r2 ",0
"movhs r2, 1 ",0
"movlo r2, 0 ",0
"cmp r2, 0 ",0
bne 0x8144 ,0
"mov r0, r0 ",0
"ldrb r2, [r0, r3] ",0
"strb r2, [r1, r3] ",0
"add r3, r3, 1 ",0
b 0x8110 ,0
"mov r0, r0 ",0
"mov r0, r0 ",0
"mov r2, 0 ",0
"strb r2, [r1, 8] ",0
b 0x9128 ,0
"mov r0, r0 ",0
"mov r0, r0 ",0
"mov r1, lr ",0
bl 0x8168 ,0
"andeq r0, r0, r0 ",0
"mov r0, lr ",0
"mov lr, r1 ",0
"ldr r2, [0x000089ac] ",0
"add r1, sb, r2 ",0
"mov r3, 0 ",0
"mov r0, r0 ",0
"mov r2, 1 ",0
"cmp r3, r2 ",0
"movhs r2, 1 ",0
"movlo r2, 0 ",0
"cmp r2, 0 ",0
bne 0x81b0 ,0
"mov r0, r0 ",0
"ldrb r2, [r0, r3] ",0
"strb r2, [r1, r3] ",0
"add r3, r3, 1 ",0
b 0x817c ,0
"mov r0, r0 ",0
"mov r0, r0 ",0
"ldrb r0, [sb, 0x49c] ",0
"eor r0, r0, 1 ",0
"cmp r0, 0 ",0
bne 0x8950 ,0
"mov r0, r0 ",0
"ldrb r2, [sb, 0x4b7] ",0
"mov r3, 0x10 ",0
"mov r0, r2 ",0
"mov r1, r3 ",0
"str r3, [sp, -4]! ",0
"str sb, [sp, -4]! ",0
"str r8, [sp, -4]! ",0
"str lr, [sp, -4]! ",0
"ldr r8, [0x0000897c] ",0
"ldr r8, [r8] ",0
"mov lr, pc ",0
"mov pc, r8 ",0
"mov r0, r0 ",0
pop {lr} ,0
pop {r8} ,0
pop {sb} ,0
"mov r2, r0 ",0
pop {r3} ,0
"lsl r2, r2, 1 ",0
"add r2, sb, r2 ",0
"add r2, r2, 0x60 ",0
"mov r1, r2 ",0
"ldr r3, [0x000089ac] ",0
"add r2, sb, r3 ",0
"mov r0, r2 ",0
"str sb, [sp, -4]! ",0
"str r8, [sp, -4]! ",0
"str lr, [sp, -4]! ",0
"ldr r8, [0x00008978] ",0
"ldr r8, [r8] ",0
"mov lr, pc ",0
"mov pc, r8 ",0
"mov r0, r0 ",0
pop {lr} ,0
pop {r8} ,0
pop {sb} ,0
"add sp, sp, 0 ",0
"ldr r2, [0x000089ac] ",0
"add r1, sb, r2 ",0
"mov r3, 0 ",0
"mov r0, r0 ",0
"mov r2, 8 ",0
"cmp r3, r2 ",0
"movhs r2, 1 ",0
"movlo r2, 0 ",0
"cmp r2, 0 ",0
bne 0x829c ,0
"mov r0, r0 ",0
"ldrb r2, [r0, r3] ",0
"strb r2, [r1, r3] ",0
"add r3, r3, 1 ",0
b 0x8268 ,0
"mov r0, r0 ",0
"mov r0, r0 ",0
"mov r2, 0 ",0
"strb r2, [r1, 8] ",0
"ldrb r2, [sb, 0x4b7] ",0
"mov r3, 0x10 ",0
"cmp r3, 0 ",0
beq 0x8304 ,0
"mov r0, r0 ",0
"mov r0, r2 ",0
"mov r1, r3 ",0
"str r3, [sp, -4]! ",0
"str sb, [sp, -4]! ",0
"str r8, [sp, -4]! ",0
"str lr, [sp, -4]! ",0
"ldr r8, [0x00008974] ",0
"ldr r8, [r8] ",0
"mov lr, pc ",0
"mov pc, r8 ",0
"mov r0, r0 ",0
pop {lr} ,0
pop {r8} ,0
pop {sb} ,0
"mov r2, r0 ",0
pop {r3} ,0
b 0x830c ,0
"mov r0, r0 ",0
"mov r0, r0 ",0
"mov r2, r3 ",0
"mov r0, r0 ",0
"lsl r2, r2, 1 ",0
"add r2, sb, r2 ",0
"add r2, r2, 0x60 ",0
"mov r1, r2 ",0
"ldr r3, [0x000089ac] ",0
"add r2, sb, r3 ",0
"mov r0, r2 ",0
"str sb, [sp, -4]! ",0
"str r8, [sp, -4]! ",0
"str lr, [sp, -4]! ",0
"ldr r8, [0x00008978] ",0
"ldr r8, [r8] ",0
"mov lr, pc ",0
"mov pc, r8 ",0
"mov r0, r0 ",0
pop {lr} ,0
pop {r8} ,0
pop {sb} ,0
"add sp, sp, 0 ",0
"ldr r2, [0x000089ac] ",0
"add r1, sb, r2 ",0
"mov r3, 0 ",0
"mov r0, r0 ",0
"mov r2, 8 ",0
"cmp r3, r2 ",0
"movhs r2, 1 ",0
"movlo r2, 0 ",0
"cmp r2, 0 ",0
bne 0x839c ,0
"mov r0, r0 ",0
"ldrb r2, [r0, r3] ",0
"strb r2, [r1, r3] ",0
"add r3, r3, 1 ",0
b 0x8368 ,0
"mov r0, r0 ",0
"mov r0, r0 ",0
"mov r2, 0 ",0
"strb r2, [r1, 8] ",0
"ldrb r2, [sb, 0x4b8] ",0
"mov r3, 0x10 ",0
"mov r0, r2 ",0
"mov r1, r3 ",0
"str r3, [sp, -4]! ",0
"str sb, [sp, -4]! ",0
"str r8, [sp, -4]! ",0
"str lr, [sp, -4]! ",0
"ldr r8, [0x0000897c] ",0
"ldr r8, [r8] ",0
"mov lr, pc ",0
"mov pc, r8 ",0
"mov r0, r0 ",0
pop {lr} ,0
pop {r8} ,0
pop {sb} ,0
"mov r2, r0 ",0
pop {r3} ,0
"lsl r2, r2, 1 ",0
"add r2, sb, r2 ",0
"add r2, r2, 0x60 ",0
"mov r1, r2 ",0
"ldr r3, [0x000089ac] ",0
"add r2, sb, r3 ",0
"mov r0, r2 ",0
"str sb, [sp, -4]! ",0
"str r8, [sp, -4]! ",0
"str lr, [sp, -4]! ",0
"ldr r8, [0x00008978] ",0
"ldr r8, [r8] ",0
"mov lr, pc ",0
"mov pc, r8 ",0
"mov r0, r0 ",0
pop {lr} ,0
pop {r8} ,0
pop {sb} ,0
"add sp, sp, 0 ",0
"ldr r2, [0x000089ac] ",0
"add r1, sb, r2 ",0
"mov r3, 0 ",0
"mov r0, r0 ",0
"mov r2, 8 ",0
"cmp r3, r2 ",0
"movhs r2, 1 ",0
"movlo r2, 0 ",0
"cmp r2, 0 ",0
bne 0x847c ,0
"mov r0, r0 ",0
"ldrb r2, [r0, r3] ",0
"strb r2, [r1, r3] ",0
"add r3, r3, 1 ",0
b 0x8448 ,0
"mov r0, r0 ",0
"mov r0, r0 ",0
"mov r2, 0 ",0
"strb r2, [r1, 8] ",0
"ldrb r2, [sb, 0x4b8] ",0
"mov r3, 0x10 ",0
"cmp r3, 0 ",0
beq 0x84e4 ,0
"mov r0, r0 ",0
"mov r0, r2 ",0
"mov r1, r3 ",0
"str r3, [sp, -4]! ",0
"str sb, [sp, -4]! ",0
"str r8, [sp, -4]! ",0
"str lr, [sp, -4]! ",0
"ldr r8, [0x00008974] ",0
"ldr r8, [r8] ",0
"mov lr, pc ",0
"mov pc, r8 ",0
"mov r0, r0 ",0
pop {lr} ,0
pop {r8} ,0
pop {sb} ,0
"mov r2, r0 ",0
pop {r3} ,0
b 0x84ec ,0
"mov r0, r0 ",0
"mov r0, r0 ",0
"mov r2, r3 ",0
"mov r0, r0 ",0
"lsl r2, r2, 1 ",0
"add r2, sb, r2 ",0
"add r2, r2, 0x60 ",0
"mov r1, r2 ",0
"ldr r3, [0x000089ac] ",0
"add r2, sb, r3 ",0
"mov r0, r2 ",0
"str sb, [sp, -4]! ",0
"str r8, [sp, -4]! ",0
"str lr, [sp, -4]! ",0
"ldr r8, [0x00008978] ",0
"ldr r8, [r8] ",0
"mov lr, pc ",0
"mov pc, r8 ",0
"mov r0, r0 ",0
pop {lr} ,0
pop {r8} ,0
pop {sb} ,0
"add sp, sp, 0 ",0
"ldr r2, [0x000089ac] ",0
"add r1, sb, r2 ",0
"mov r3, 0 ",0
"mov r0, r0 ",0
"mov r2, 8 ",0
"cmp r3, r2 ",0
"movhs r2, 1 ",0
"movlo r2, 0 ",0
"cmp r2, 0 ",0
bne 0x857c ,0
"mov r0, r0 ",0
"ldrb r2, [r0, r3] ",0
"strb r2, [r1, r3] ",0
"add r3, r3, 1 ",0
b 0x8548 ,0
"mov r0, r0 ",0
"mov r0, r0 ",0
"mov r2, 0 ",0
"strb r2, [r1, 8] ",0
"ldrb r2, [sb, 0x4b9] ",0
"mov r3, 0x10 ",0
"mov r0, r2 ",0
"mov r1, r3 ",0
"str r3, [sp, -4]! ",0
"str sb, [sp, -4]! ",0
"str r8, [sp, -4]! ",0
"str lr, [sp, -4]! ",0
"ldr r8, [0x0000897c] ",0
"ldr r8, [r8] ",0
"mov lr, pc ",0
"mov pc, r8 ",0
"mov r0, r0 ",0
pop {lr} ,0
pop {r8} ,0
pop {sb} ,0
"mov r2, r0 ",0
pop {r3} ,0
"lsl r2, r2, 1 ",0
"add r2, sb, r2 ",0
"add r2, r2, 0x60 ",0
"mov r1, r2 ",0
"ldr r3, [0x000089ac] ",0
"add r2, sb, r3 ",0
"mov r0, r2 ",0
"str sb, [sp, -4]! ",0
"str r8, [sp, -4]! ",0
"str lr, [sp, -4]! ",0
"ldr r8, [0x00008978] ",0
"ldr r8, [r8] ",0
"mov lr, pc ",0
"mov pc, r8 ",0
"mov r0, r0 ",0
pop {lr} ,0
pop {r8} ,0
pop {sb} ,0
"add sp, sp, 0 ",0
"ldr r2, [0x000089ac] ",0
"add r1, sb, r2 ",0
"mov r3, 0 ",0
"mov r0, r0 ",0
"mov r2, 8 ",0
"cmp r3, r2 ",0
"movhs r2, 1 ",0
"movlo r2, 0 ",0
"cmp r2, 0 ",0
bne 0x865c ,0
"mov r0, r0 ",0
"ldrb r2, [r0, r3] ",0
"strb r2, [r1, r3] ",0
"add r3, r3, 1 ",0
b 0x8628 ,0
"mov r0, r0 ",0
"mov r0, r0 ",0
"mov r2, 0 ",0
"strb r2, [r1, 8] ",0
"ldrb r2, [sb, 0x4b9] ",0
"mov r3, 0x10 ",0
"cmp r3, 0 ",0
beq 0x86c4 ,0
"mov r0, r0 ",0
"mov r0, r2 ",0
"mov r1, r3 ",0
"str r3, [sp, -4]! ",0
"str sb, [sp, -4]! ",0
"str r8, [sp, -4]! ",0
"str lr, [sp, -4]! ",0
"ldr r8, [0x00008974] ",0
"ldr r8, [r8] ",0
"mov lr, pc ",0
"mov pc, r8 ",0
"mov r0, r0 ",0
pop {lr} ,0
pop {r8} ,0
pop {sb} ,0
"mov r2, r0 ",0
pop {r3} ,0
b 0x86cc ,0
"mov r0, r0 ",0
"mov r0, r0 ",0
"mov r2, r3 ",0
"mov r0, r0 ",0
"lsl r2, r2, 1 ",0
"add r2, sb, r2 ",0
"add r2, r2, 0x60 ",0
"mov r1, r2 ",0
"ldr r3, [0x000089ac] ",0
"add r2, sb, r3 ",0
"mov r0, r2 ",0
"str sb, [sp, -4]! ",0
"str r8, [sp, -4]! ",0
"str lr, [sp, -4]! ",0
"ldr r8, [0x00008978] ",0
"ldr r8, [r8] ",0
"mov lr, pc ",0
"mov pc, r8 ",0
"mov r0, r0 ",0
pop {lr} ,0
pop {r8} ,0
pop {sb} ,0
"add sp, sp, 0 ",0
"ldr r2, [0x000089ac] ",0
"add r1, sb, r2 ",0
"mov r3, 0 ",0
"mov r0, r0 ",0
"mov r2, 8 ",0
"cmp r3, r2 ",0
"movhs r2, 1 ",0
"movlo r2, 0 ",0
"cmp r2, 0 ",0
bne 0x875c ,0
"mov r0, r0 ",0
"ldrb r2, [r0, r3] ",0
"strb r2, [r1, r3] ",0
"add r3, r3, 1 ",0
b 0x8728 ,0
"mov r0, r0 ",0
"mov r0, r0 ",0
"mov r2, 0 ",0
"strb r2, [r1, 8] ",0
"ldrb r2, [sb, 0x4ba] ",0
"mov r3, 0x10 ",0
"mov r0, r2 ",0
"mov r1, r3 ",0
"str r3, [sp, -4]! ",0
"str sb, [sp, -4]! ",0
"str r8, [sp, -4]! ",0
"str lr, [sp, -4]! ",0
"ldr r8, [0x0000897c] ",0
"ldr r8, [r8] ",0
"mov lr, pc ",0
"mov pc, r8 ",0
"mov r0, r0 ",0
pop {lr} ,0
pop {r8} ,0
pop {sb} ,0
"mov r2, r0 ",0
pop {r3} ,0
"lsl r2, r2, 1 ",0
"add r2, sb, r2 ",0
"add r2, r2, 0x60 ",0
"mov r1, r2 ",0
"ldr r3, [0x000089ac] ",0
"add r2, sb, r3 ",0
"mov r0, r2 ",0
"str sb, [sp, -4]! ",0
"str r8, [sp, -4]! ",0
"str lr, [sp, -4]! ",0
"ldr r8, [0x00008978] ",0
"ldr r8, [r8] ",0
"mov lr, pc ",0
"mov pc, r8 ",0
"mov r0, r0 ",0
pop {lr} ,0
pop {r8} ,0
pop {sb} ,0
"add sp, sp, 0 ",0
"ldr r2, [0x000089ac] ",0
"add r1, sb, r2 ",0
"mov r3, 0 ",0
"mov r0, r0 ",0
"mov r2, 8 ",0
"cmp r3, r2 ",0
"movhs r2, 1 ",0
"movlo r2, 0 ",0
"cmp r2, 0 ",0
bne 0x883c ,0
"mov r0, r0 ",0
"ldrb r2, [r0, r3] ",0
"strb r2, [r1, r3] ",0
"add r3, r3, 1 ",0
b 0x8808 ,0
"mov r0, r0 ",0
"mov r0, r0 ",0
"mov r2, 0 ",0
"strb r2, [r1, 8] ",0
"ldrb r2, [sb, 0x4ba] ",0
"mov r3, 0x10 ",0
"cmp r3, 0 ",0
beq 0x88a4 ,0
"mov r0, r0 ",0
"mov r0, r2 ",0
"mov r1, r3 ",0
"str r3, [sp, -4]! ",0
"str sb, [sp, -4]! ",0
"str r8, [sp, -4]! ",0
"str lr, [sp, -4]! ",0
"ldr r8, [0x00008974] ",0
"ldr r8, [r8] ",0
"mov lr, pc ",0
"mov pc, r8 ",0
"mov r0, r0 ",0
pop {lr} ,0
pop {r8} ,0
pop {sb} ,0
"mov r2, r0 ",0
pop {r3} ,0
b 0x88ac ,0
"mov r0, r0 ",0
"mov r0, r0 ",0
"mov r2, r3 ",0
"mov r0, r0 ",0
"lsl r2, r2, 1 ",0
"add r2, sb, r2 ",0
"add r2, r2, 0x60 ",0
"mov r1, r2 ",0
"ldr r3, [0x000089ac] ",0
"add r2, sb, r3 ",0
"mov r0, r2 ",0
"str sb, [sp, -4]! ",0
"str r8, [sp, -4]! ",0
"str lr, [sp, -4]! ",0
"ldr r8, [0x00008978] ",0
"ldr r8, [r8] ",0
"mov lr, pc ",0
"mov pc, r8 ",0
"mov r0, r0 ",0
pop {lr} ,0
pop {r8} ,0
pop {sb} ,0
"add sp, sp, 0 ",0
"ldr r2, [0x000089ac] ",0
"add r1, sb, r2 ",0
"mov r3, 0 ",0
"mov r0, r0 ",0
"mov r2, 8 ",0
"cmp r3, r2 ",0
"movhs r2, 1 ",0
"movlo r2, 0 ",0
"cmp r2, 0 ",0
bne 0x893c ,0
"mov r0, r0 ",0
"ldrb r2, [r0, r3] ",0
"strb r2, [r1, r3] ",0
"add r3, r3, 1 ",0
b 0x8908 ,0
"mov r0, r0 ",0
"mov r0, r0 ",0
"mov r2, 0 ",0
"strb r2, [r1, 8] ",0
b 0x9124 ,0
"mov r0, r0 ",0
"mov r0, r0 ",0
"ldrb r2, [sb, 0x4ba] ",0
"mov r3, 0x10 ",0
"mov r0, r2 ",0
"mov r1, r3 ",0
b 0x89b4 ,0
"mov r0, r0 ",0
"stclgt p13, c12, [sp, 0x334] ",1
"stclgt p13, c12, [sp, 0x334] ",1
"andeq r0, r0, r8, asr 9 ",1
"andeq r0, r0, r0, lsl 5 ",1
"strheq r0, [r0], -ip ",1
"strheq r0, [r0], -r6 ",1
"andeq r0, r0, r0, ror 11 ",1
"andeq r0, r0, sl, lsl 12 ",1
"andeq r3, r0, r0, ror 2 ",1
"strdeq r0, r1, [r0], -sl ",1
"strdeq r0, r1, [r0], -r6 ",1
"andeq r0, r0, r2, lsl 12 ",1
invalid ,1
"andeq r0, r0, sl, ror r4 ",1
"andeq r0, r0, sl, asr 11 ",1
"andeq r0, r0, r6, asr 11 ",1
"strheq r0, [r0], -sp ",1
"andeq r0, r0, r8, ror r4 ",1
"str r3, [sp, -4]! ",0
"str sb, [sp, -4]! ",0
"str r8, [sp, -4]! ",0
"str lr, [sp, -4]! ",0
"ldr r8, [0x000099bc] ",0
"ldr r8, [r8] ",0
"mov lr, pc ",0
"mov pc, r8 ",0
"mov r0, r0 ",0
pop {lr} ,0
pop {r8} ,0
pop {sb} ,0
"mov r2, r0 ",0
pop {r3} ,0
"lsl r2, r2, 1 ",0
"add r2, sb, r2 ",0
"add r2, r2, 0x60 ",0
"mov r1, r2 ",0
"ldr r3, [0x000099b8] ",0
"add r2, sb, r3 ",0
"mov r0, r2 ",0
"str sb, [sp, -4]! ",0
"str r8, [sp, -4]! ",0
"str lr, [sp, -4]! ",0
"ldr r8, [0x000099b4] ",0
"ldr r8, [r8] ",0
"mov lr, pc ",0
"mov pc, r8 ",0
"mov r0, r0 ",0
pop {lr} ,0
pop {r8} ,0
pop {sb} ,0
"add sp, sp, 0 ",0
"ldr r2, [0x000099b8] ",0
"add r1, sb, r2 ",0
"mov r3, 0 ",0
"mov r0, r0 ",0
"mov r2, 8 ",0
"cmp r3, r2 ",0
"movhs r2, 1 ",0
"movlo r2, 0 ",0
"cmp r2, 0 ",0
bne 0x8a78 ,0
"mov r0, r0 ",0
"ldrb r2, [r0, r3] ",0
"strb r2, [r1, r3] ",0
"add r3, r3, 1 ",0
b 0x8a44 ,0
"mov r0, r0 ",0
"mov r0, r0 ",0
"mov r2, 0 ",0
"strb r2, [r1, 8] ",0
"ldrb r2, [sb, 0x4ba] ",0
"mov r3, 0x10 ",0
"cmp r3, 0 ",0
beq 0x8ae0 ,0
"mov r0, r0 ",0
"mov r0, r2 ",0
"mov r1, r3 ",0
"str r3, [sp, -4]! ",0
"str sb, [sp, -4]! ",0
"str r8, [sp, -4]! ",0
"str lr, [sp, -4]! ",0
"ldr r8, [0x000099b0] ",0
"ldr r8, [r8] ",0
"mov lr, pc ",0
"mov pc, r8 ",0
"mov r0, r0 ",0
pop {lr} ,0
pop {r8} ,0
pop {sb} ,0
"mov r2, r0 ",0
pop {r3} ,0
b 0x8ae8 ,0
"mov r0, r0 ",0
"mov r0, r0 ",0
"mov r2, r3 ",0
"mov r0, r0 ",0
"lsl r2, r2, 1 ",0
"add r2, sb, r2 ",0
"add r2, r2, 0x60 ",0
"mov r1, r2 ",0
"ldr r3, [0x000099b8] ",0
"add r2, sb, r3 ",0
"mov r0, r2 ",0
"str sb, [sp, -4]! ",0
"str r8, [sp, -4]! ",0
"str lr, [sp, -4]! ",0
"ldr r8, [0x000099b4] ",0
"ldr r8, [r8] ",0
"mov lr, pc ",0
"mov pc, r8 ",0
"mov r0, r0 ",0
pop {lr} ,0
pop {r8} ,0
pop {sb} ,0
"add sp, sp, 0 ",0
"ldr r2, [0x000099b8] ",0
"add r1, sb, r2 ",0
"mov r3, 0 ",0
"mov r0, r0 ",0
"mov r2, 8 ",0
"cmp r3, r2 ",0
"movhs r2, 1 ",0
"movlo r2, 0 ",0
"cmp r2, 0 ",0
bne 0x8b78 ,0
"mov r0, r0 ",0
"ldrb r2, [r0, r3] ",0
"strb r2, [r1, r3] ",0
"add r3, r3, 1 ",0
b 0x8b44 ,0
"mov r0, r0 ",0
"mov r0, r0 ",0
"mov r2, 0 ",0
"strb r2, [r1, 8] ",0
"ldrb r2, [sb, 0x4b9] ",0
"mov r3, 0x10 ",0
"mov r0, r2 ",0
"mov r1, r3 ",0
"str r3, [sp, -4]! ",0
"str sb, [sp, -4]! ",0
"str r8, [sp, -4]! ",0
"str lr, [sp, -4]! ",0
"ldr r8, [0x000099bc] ",0
"ldr r8, [r8] ",0
"mov lr, pc ",0
"mov pc, r8 ",0
"mov r0, r0 ",0
pop {lr} ,0
pop {r8} ,0
pop {sb} ,0
"mov r2, r0 ",0
pop {r3} ,0
"lsl r2, r2, 1 ",0
"add r2, sb, r2 ",0
"add r2, r2, 0x60 ",0
"mov r1, r2 ",0
"ldr r3, [0x000099b8] ",0
"add r2, sb, r3 ",0
"mov r0, r2 ",0
"str sb, [sp, -4]! ",0
"str r8, [sp, -4]! ",0
"str lr, [sp, -4]! ",0
"ldr r8, [0x000099b4] ",0
"ldr r8, [r8] ",0
"mov lr, pc ",0
"mov pc, r8 ",0
"mov r0, r0 ",0
pop {lr} ,0
pop {r8} ,0
pop {sb} ,0
"add sp, sp, 0 ",0
"ldr r2, [0x000099b8] ",0
"add r1, sb, r2 ",0
"mov r3, 0 ",0
"mov r0, r0 ",0
"mov r2, 8 ",0
"cmp r3, r2 ",0
"movhs r2, 1 ",0
"movlo r2, 0 ",0
"cmp r2, 0 ",0
bne 0x8c58 ,0
"mov r0, r0 ",0
"ldrb r2, [r0, r3] ",0
"strb r2, [r1, r3] ",0
"add r3, r3, 1 ",0
b 0x8c24 ,0
"mov r0, r0 ",0
"mov r0, r0 ",0
"mov r2, 0 ",0
"strb r2, [r1, 8] ",0
"ldrb r2, [sb, 0x4b9] ",0
"mov r3, 0x10 ",0
"cmp r3, 0 ",0
beq 0x8cc0 ,0
"mov r0, r0 ",0
"mov r0, r2 ",0
"mov r1, r3 ",0
"str r3, [sp, -4]! ",0
"str sb, [sp, -4]! ",0
"str r8, [sp, -4]! ",0
"str lr, [sp, -4]! ",0
"ldr r8, [0x000099b0] ",0
"ldr r8, [r8] ",0
"mov lr, pc ",0
"mov pc, r8 ",0
"mov r0, r0 ",0
pop {lr} ,0
pop {r8} ,0
pop {sb} ,0
"mov r2, r0 ",0
pop {r3} ,0
b 0x8cc8 ,0
"mov r0, r0 ",0
"mov r0, r0 ",0
"mov r2, r3 ",0
"mov r0, r0 ",0
"lsl r2, r2, 1 ",0
"add r2, sb, r2 ",0
"add r2, r2, 0x60 ",0
"mov r1, r2 ",0
"ldr r3, [0x000099b8] ",0
"add r2, sb, r3 ",0
"mov r0, r2 ",0
"str sb, [sp, -4]! ",0
"str r8, [sp, -4]! ",0
"str lr, [sp, -4]! ",0
"ldr r8, [0x000099b4] ",0
"ldr r8, [r8] ",0
"mov lr, pc ",0
"mov pc, r8 ",0
"mov r0, r0 ",0
pop {lr} ,0
pop {r8} ,0
pop {sb} ,0
"add sp, sp, 0 ",0
"ldr r2, [0x000099b8] ",0
"add r1, sb, r2 ",0
"mov r3, 0 ",0
"mov r0, r0 ",0
"mov r2, 8 ",0
"cmp r3, r2 ",0
"movhs r2, 1 ",0
"movlo r2, 0 ",0
"cmp r2, 0 ",0
bne 0x8d58 ,0
"mov r0, r0 ",0
"ldrb r2, [r0, r3] ",0
"strb r2, [r1, r3] ",0
"add r3, r3, 1 ",0
b 0x8d24 ,0
"mov r0, r0 ",0
"mov r0, r0 ",0
"mov r2, 0 ",0
"strb r2, [r1, 8] ",0
"ldrb r2, [sb, 0x4b8] ",0
"mov r3, 0x10 ",0
"mov r0, r2 ",0
"mov r1, r3 ",0
"str r3, [sp, -4]! ",0
"str sb, [sp, -4]! ",0
"str r8, [sp, -4]! ",0
"str lr, [sp, -4]! ",0
"ldr r8, [0x000099bc] ",0
"ldr r8, [r8] ",0
"mov lr, pc ",0
"mov pc, r8 ",0
"mov r0, r0 ",0
pop {lr} ,0
pop {r8} ,0
pop {sb} ,0
"mov r2, r0 ",0
pop {r3} ,0
"lsl r2, r2, 1 ",0
"add r2, sb, r2 ",0
"add r2, r2, 0x60 ",0
"mov r1, r2 ",0
"ldr r3, [0x000099b8] ",0
"add r2, sb, r3 ",0
"mov r0, r2 ",0
"str sb, [sp, -4]! ",0
"str r8, [sp, -4]! ",0
"str lr, [sp, -4]! ",0
"ldr r8, [0x000099b4] ",0
"ldr r8, [r8] ",0
"mov lr, pc ",0
"mov pc, r8 ",0
"mov r0, r0 ",0
pop {lr} ,0
pop {r8} ,0
pop {sb} ,0
"add sp, sp, 0 ",0
"ldr r2, [0x000099b8] ",0
"add r1, sb, r2 ",0
"mov r3, 0 ",0
"mov r0, r0 ",0
"mov r2, 8 ",0
"cmp r3, r2 ",0
"movhs r2, 1 ",0
"movlo r2, 0 ",0
"cmp r2, 0 ",0
bne 0x8e38 ,0
"mov r0, r0 ",0
"ldrb r2, [r0, r3] ",0
"strb r2, [r1, r3] ",0
"add r3, r3, 1 ",0
b 0x8e04 ,0
"mov r0, r0 ",0
"mov r0, r0 ",0
"mov r2, 0 ",0
"strb r2, [r1, 8] ",0
"ldrb r2, [sb, 0x4b8] ",0
"mov r3, 0x10 ",0
"cmp r3, 0 ",0
beq 0x8ea0 ,0
"mov r0, r0 ",0
"mov r0, r2 ",0
"mov r1, r3 ",0
"str r3, [sp, -4]! ",0
"str sb, [sp, -4]! ",0
"str r8, [sp, -4]! ",0
"str lr, [sp, -4]! ",0
"ldr r8, [0x000099b0] ",0
"ldr r8, [r8] ",0
"mov lr, pc ",0
"mov pc, r8 ",0
"mov r0, r0 ",0
pop {lr} ,0
pop {r8} ,0
pop {sb} ,0
"mov r2, r0 ",0
pop {r3} ,0
b 0x8ea8 ,0
"mov r0, r0 ",0
"mov r0, r0 ",0
"mov r2, r3 ",0
"mov r0, r0 ",0
"lsl r2, r2, 1 ",0
"add r2, sb, r2 ",0
"add r2, r2, 0x60 ",0
"mov r1, r2 ",0
"ldr r3, [0x000099b8] ",0
"add r2, sb, r3 ",0
"mov r0, r2 ",0
"str sb, [sp, -4]! ",0
"str r8, [sp, -4]! ",0
"str lr, [sp, -4]! ",0
"ldr r8, [0x000099b4] ",0
"ldr r8, [r8] ",0
"mov lr, pc ",0
"mov pc, r8 ",0
"mov r0, r0 ",0
pop {lr} ,0
pop {r8} ,0
pop {sb} ,0
"add sp, sp, 0 ",0
"ldr r2, [0x000099b8] ",0
"add r1, sb, r2 ",0
"mov r3, 0 ",0
"mov r0, r0 ",0
"mov r2, 8 ",0
"cmp r3, r2 ",0
"movhs r2, 1 ",0
"movlo r2, 0 ",0
"cmp r2, 0 ",0
bne 0x8f38 ,0
"mov r0, r0 ",0
"ldrb r2, [r0, r3] ",0
"strb r2, [r1, r3] ",0
"add r3, r3, 1 ",0
b 0x8f04 ,0
"mov r0, r0 ",0
"mov r0, r0 ",0
"mov r2, 0 ",0
"strb r2, [r1, 8] ",0
"ldrb r2, [sb, 0x4b7] ",0
"mov r3, 0x10 ",0
"mov r0, r2 ",0
"mov r1, r3 ",0
"str r3, [sp, -4]! ",0
"str sb, [sp, -4]! ",0
"str r8, [sp, -4]! ",0
"str lr, [sp, -4]! ",0
"ldr r8, [0x000099bc] ",0
"ldr r8, [r8] ",0
"mov lr, pc ",0
"mov pc, r8 ",0
"mov r0, r0 ",0
pop {lr} ,0
pop {r8} ,0
pop {sb} ,0
"mov r2, r0 ",0
pop {r3} ,0
"lsl r2, r2, 1 ",0
"add r2, sb, r2 ",0
"add r2, r2, 0x60 ",0
"mov r1, r2 ",0
"ldr r3, [0x000099b8] ",0
"add r2, sb, r3 ",0
"mov r0, r2 ",0
"str sb, [sp, -4]! ",0
"str r8, [sp, -4]! ",0
"str lr, [sp, -4]! ",0
"ldr r8, [0x000099b4] ",0
"ldr r8, [r8] ",0
"mov lr, pc ",0
"mov pc, r8 ",0
"mov r0, r0 ",0
pop {lr} ,0
pop {r8} ,0
pop {sb} ,0
"add sp, sp, 0 ",0
"ldr r2, [0x000099b8] ",0
"add r1, sb, r2 ",0
"mov r3, 0 ",0
"mov r0, r0 ",0
"mov r2, 8 ",0
"cmp r3, r2 ",0
"movhs r2, 1 ",0
"movlo r2, 0 ",0
"cmp r2, 0 ",0
bne 0x9018 ,0
"mov r0, r0 ",0
"ldrb r2, [r0, r3] ",0
"strb r2, [r1, r3] ",0
"add r3, r3, 1 ",0
b 0x8fe4 ,0
"mov r0, r0 ",0
"mov r0, r0 ",0
"mov r2, 0 ",0
"strb r2, [r1, 8] ",0
"ldrb r2, [sb, 0x4b7] ",0
"mov r3, 0x10 ",0
"cmp r3, 0 ",0
beq 0x9080 ,0
"mov r0, r0 ",0
"mov r0, r2 ",0
"mov r1, r3 ",0
"str r3, [sp, -4]! ",0
"str sb, [sp, -4]! ",0
"str r8, [sp, -4]! ",0
"str lr, [sp, -4]! ",0
"ldr r8, [0x000099b0] ",0
"ldr r8, [r8] ",0
"mov lr, pc ",0
"mov pc, r8 ",0
"mov r0, r0 ",0
pop {lr} ,0
pop {r8} ,0
pop {sb} ,0
"mov r2, r0 ",0
pop {r3} ,0
b 0x9088 ,0
"mov r0, r0 ",0
"mov r0, r0 ",0
"mov r2, r3 ",0
"mov r0, r0 ",0
"lsl r2, r2, 1 ",0
"add r2, sb, r2 ",0
"add r2, r2, 0x60 ",0
"mov r1, r2 ",0
"ldr r3, [0x000099b8] ",0
"add r2, sb, r3 ",0
"mov r0, r2 ",0
"str sb, [sp, -4]! ",0
"str r8, [sp, -4]! ",0
"str lr, [sp, -4]! ",0
"ldr r8, [0x000099b4] ",0
"ldr r8, [r8] ",0
"mov lr, pc ",0
"mov pc, r8 ",0
"mov r0, r0 ",0
pop {lr} ,0
pop {r8} ,0
pop {sb} ,0
"add sp, sp, 0 ",0
"ldr r2, [0x000099b8] ",0
"add r1, sb, r2 ",0
"mov r3, 0 ",0
"mov r0, r0 ",0
"mov r2, 8 ",0
"cmp r3, r2 ",0
"movhs r2, 1 ",0
"movlo r2, 0 ",0
"cmp r2, 0 ",0
bne 0x9118 ,0
"mov r0, r0 ",0
"ldrb r2, [r0, r3] ",0
"strb r2, [r1, r3] ",0
"add r3, r3, 1 ",0
b 0x90e4 ,0
"mov r0, r0 ",0
"mov r0, r0 ",0
"mov r2, 0 ",0
"strb r2, [r1, 8] ",0
"mov r0, r0 ",0
"mov r0, r0 ",0
"ldrb r0, [sb, 0x489] ",0
"cmp r0, 3 ",0
"movne r0, 1 ",0
"moveq r0, 0 ",0
"ldrb r1, [sb, 0x489] ",0
"cmp r1, 1 ",0
"movne r1, 1 ",0
"moveq r1, 0 ",0
"ldrb r2, [sb, 0x489] ",0
"cmp r2, 0 ",0
"movne r2, 1 ",0
"moveq r2, 0 ",0
"and r1, r1, r2 ",0
"and r0, r0, r1 ",0
"cmp r0, 0 ",0
bne 0x91d8 ,0
"mov r0, r0 ",0
"mov r1, lr ",0
bl 0x917c ,0
"eoreq r2, r0, r0, lsr 32 ",1
"mov r0, lr ",0
"mov lr, r1 ",0
"ldr r2, [0x000099ac] ",0
"add r1, sb, r2 ",0
"mov r3, 0 ",0
"mov r0, r0 ",0
"mov r2, 3 ",0
"cmp r3, r2 ",0
"movhs r2, 1 ",0
"movlo r2, 0 ",0
"cmp r2, 0 ",0
bne 0x91c4 ,0
"mov r0, r0 ",0
"ldrb r2, [r0, r3] ",0
"strb r2, [r1, r3] ",0
"add r3, r3, 1 ",0
b 0x9190 ,0
"mov r0, r0 ",0
"mov r0, r0 ",0
"mov r2, 0 ",0
"strb r2, [r1, 3] ",0
b 0x964c ,0
"mov r0, r0 ",0
"mov r0, r0 ",0
"ldrb r0, [sb, 0x4bc] ",0
"ldr r1, [0x000099a8] ",0
"mul r0, r0, r1 ",0
"ldrb r1, [sb, 0x4bb] ",0
"add r0, r0, r1 ",0
"ldr r1, [0x000099a4] ",0
"strh r0, [sb, r1] ",0
"mov r1, lr ",0
bl 0x9204 ,0
"andeq r0, r0, r0 ",0
"mov r0, lr ",0
"mov lr, r1 ",0
"ldr r2, [0x000099ac] ",0
"add r1, sb, r2 ",0
"mov r3, 0 ",0
"mov r0, r0 ",0
"mov r2, 1 ",0
"cmp r3, r2 ",0
"movhs r2, 1 ",0
"movlo r2, 0 ",0
"cmp r2, 0 ",0
bne 0x924c ,0
"mov r0, r0 ",0
"ldrb r2, [r0, r3] ",0
"strb r2, [r1, r3] ",0
"add r3, r3, 1 ",0
b 0x9218 ,0
"mov r0, r0 ",0
"mov r0, r0 ",0
"ldr r0, [0x000099a4] ",0
"ldrh r0, [sb, r0] ",0
"mov r1, 0x20 ",0
"str r1, [sp, -4]! ",0
"str sb, [sp, -4]! ",0
"str r8, [sp, -4]! ",0
"str lr, [sp, -4]! ",0
"ldr r8, [0x000099bc] ",0
"ldr r8, [r8] ",0
"mov lr, pc ",0
"mov pc, r8 ",0
"mov r0, r0 ",0
pop {lr} ,0
pop {r8} ,0
pop {sb} ,0
pop {r1} ,0
"mov r1, 0x20 ",0
"str r1, [sp, -4]! ",0
"str sb, [sp, -4]! ",0
"str r8, [sp, -4]! ",0
"str lr, [sp, -4]! ",0
"ldr r8, [0x000099bc] ",0
"ldr r8, [r8] ",0
"mov lr, pc ",0
"mov pc, r8 ",0
"mov r0, r0 ",0
pop {lr} ,0
pop {r8} ,0
pop {sb} ,0
pop {r1} ,0
"add r0, r0, 0x40 ",0
"ldr r1, [0x000099a0] ",0
"strh r0, [sb, r1] ",0
"ldr r0, [0x000099a0] ",0
"ldrh r0, [sb, r0] ",0
"mov r1, 0xff ",0
"and r0, r1, r0 ",0
"strb r0, [sb, 0x47e] ",0
"ldrb r2, [sb, 0x47e] ",0
"sub r2, r2, 0x30 ",0
"lsl r2, r2, 1 ",0
"add r2, sb, r2 ",0
"mov r1, r2 ",0
"ldr r3, [0x000099ac] ",0
"add r2, sb, r3 ",0
"mov r0, r2 ",0
"str sb, [sp, -4]! ",0
"str r8, [sp, -4]! ",0
"str lr, [sp, -4]! ",0
"ldr r8, [0x000099b4] ",0
"ldr r8, [r8] ",0
"mov lr, pc ",0
"mov pc, r8 ",0
"mov r0, r0 ",0
pop {lr} ,0
pop {r8} ,0
pop {sb} ,0
"add sp, sp, 0 ",0
"ldr r2, [0x000099ac] ",0
"add r1, sb, r2 ",0
"mov r3, 0 ",0
"mov r0, r0 ",0
"mov r2, 3 ",0
"cmp r3, r2 ",0
"movhs r2, 1 ",0
"movlo r2, 0 ",0
"cmp r2, 0 ",0
bne 0x9378 ,0
"mov r0, r0 ",0
"ldrb r2, [r0, r3] ",0
"strb r2, [r1, r3] ",0
"add r3, r3, 1 ",0
b 0x9344 ,0
"mov r0, r0 ",0
"mov r0, r0 ",0
"mov r2, 0 ",0
"strb r2, [r1, 3] ",0
"ldr r0, [0x000099a4] ",0
"ldrh r0, [sb, r0] ",0
"mov r1, 0x20 ",0
"str r1, [sp, -4]! ",0
"str sb, [sp, -4]! ",0
"str r8, [sp, -4]! ",0
"str lr, [sp, -4]! ",0
"ldr r8, [0x000099bc] ",0
"ldr r8, [r8] ",0
"mov lr, pc ",0
"mov pc, r8 ",0
"mov r0, r0 ",0
pop {lr} ,0
pop {r8} ,0
pop {sb} ,0
pop {r1} ,0
"mov r1, 0x20 ",0
"cmp r1, 0 ",0
beq 0x9410 ,0
"mov r0, r0 ",0
"str r1, [sp, -4]! ",0
"str sb, [sp, -4]! ",0
"str r8, [sp, -4]! ",0
"str lr, [sp, -4]! ",0
"ldr r8, [0x000099b0] ",0
"ldr r8, [r8] ",0
"mov lr, pc ",0
"mov pc, r8 ",0
"mov r0, r0 ",0
pop {lr} ,0
pop {r8} ,0
pop {sb} ,0
pop {r1} ,0
b 0x9418 ,0
"mov r0, r0 ",0
"mov r0, r0 ",0
"mov r0, r1 ",0
"mov r0, r0 ",0
"add r0, r0, 0x40 ",0
"ldr r1, [0x000099a0] ",0
"strh r0, [sb, r1] ",0
"ldr r0, [0x000099a0] ",0
"ldrh r0, [sb, r0] ",0
"mov r1, 0xff ",0
"and r0, r1, r0 ",0
"strb r0, [sb, 0x47e] ",0
"ldrb r2, [sb, 0x47e] ",0
"sub r2, r2, 0x30 ",0
"lsl r2, r2, 1 ",0
"add r2, sb, r2 ",0
"mov r1, r2 ",0
"ldr r3, [0x000099ac] ",0
"add r2, sb, r3 ",0
"mov r0, r2 ",0
"str sb, [sp, -4]! ",0
"str r8, [sp, -4]! ",0
"str lr, [sp, -4]! ",0
"ldr r8, [0x000099b4] ",0
"ldr r8, [r8] ",0
"mov lr, pc ",0
"mov pc, r8 ",0
"mov r0, r0 ",0
pop {lr} ,0
pop {r8} ,0
pop {sb} ,0
"add sp, sp, 0 ",0
"ldr r2, [0x000099ac] ",0
"add r1, sb, r2 ",0
"mov r3, 0 ",0
"mov r0, r0 ",0
"mov r2, 3 ",0
"cmp r3, r2 ",0
"movhs r2, 1 ",0
"movlo r2, 0 ",0
"cmp r2, 0 ",0
bne 0x94cc ,0
"mov r0, r0 ",0
"ldrb r2, [r0, r3] ",0
"strb r2, [r1, r3] ",0
"add r3, r3, 1 ",0
b 0x9498 ,0
"mov r0, r0 ",0
"mov r0, r0 ",0
"mov r2, 0 ",0
"strb r2, [r1, 3] ",0
"ldr r0, [0x000099a4] ",0
"ldrh r0, [sb, r0] ",0
"mov r1, 0x20 ",0
"cmp r1, 0 ",0
beq 0x952c ,0
"mov r0, r0 ",0
"str r1, [sp, -4]! ",0
"str sb, [sp, -4]! ",0
"str r8, [sp, -4]! ",0
"str lr, [sp, -4]! ",0
"ldr r8, [0x000099b0] ",0
"ldr r8, [r8] ",0
"mov lr, pc ",0
"mov pc, r8 ",0
"mov r0, r0 ",0
pop {lr} ,0
pop {r8} ,0
pop {sb} ,0
pop {r1} ,0
b 0x9534 ,0
"mov r0, r0 ",0
"mov r0, r0 ",0
"mov r0, r1 ",0
"mov r0, r0 ",0
"mov r1, 0x20 ",0
"cmp r1, 0 ",0
beq 0x9584 ,0
"mov r0, r0 ",0
"str r1, [sp, -4]! ",0
"str sb, [sp, -4]! ",0
"str r8, [sp, -4]! ",0
"str lr, [sp, -4]! ",0
"ldr r8, [0x000099b0] ",0
"ldr r8, [r8] ",0
"mov lr, pc ",0
"mov pc, r8 ",0
"mov r0, r0 ",0
pop {lr} ,0
pop {r8} ,0
pop {sb} ,0
pop {r1} ,0
b 0x958c ,0
"mov r0, r0 ",0
"mov r0, r0 ",0
"mov r0, r1 ",0
"mov r0, r0 ",0
"add r0, r0, 0x40 ",0
"ldr r1, [0x000099a0] ",0
"strh r0, [sb, r1] ",0
"ldr r0, [0x000099a0] ",0
"ldrh r0, [sb, r0] ",0
"mov r1, 0xff ",0
"and r0, r1, r0 ",0
"strb r0, [sb, 0x47e] ",0
"ldrb r2, [sb, 0x47e] ",0
"sub r2, r2, 0x30 ",0
"lsl r2, r2, 1 ",0
"add r2, sb, r2 ",0
"mov r1, r2 ",0
"ldr r3, [0x000099ac] ",0
"add r2, sb, r3 ",0
"mov r0, r2 ",0
"str sb, [sp, -4]! ",0
"str r8, [sp, -4]! ",0
"str lr, [sp, -4]! ",0
"ldr r8, [0x000099b4] ",0
"ldr r8, [r8] ",0
"mov lr, pc ",0
"mov pc, r8 ",0
"mov r0, r0 ",0
pop {lr} ,0
pop {r8} ,0
pop {sb} ,0
"add sp, sp, 0 ",0
"ldr r2, [0x000099ac] ",0
"add r1, sb, r2 ",0
"mov r3, 0 ",0
"mov r0, r0 ",0
"mov r2, 3 ",0
"cmp r3, r2 ",0
"movhs r2, 1 ",0
"movlo r2, 0 ",0
"cmp r2, 0 ",0
bne 0x9640 ,0
"mov r0, r0 ",0
"ldrb r2, [r0, r3] ",0
"strb r2, [r1, r3] ",0
"add r3, r3, 1 ",0
b 0x960c ,0
"mov r0, r0 ",0
"mov r0, r0 ",0
"mov r2, 0 ",0
"strb r2, [r1, 3] ",0
"mov r0, r0 ",0
"ldrb r0, [sb, 0x489] ",0
"cmp r0, 0 ",0
"movne r0, 1 ",0
"moveq r0, 0 ",0
"cmp r0, 0 ",0
bne 0x96cc ,0
"mov r0, r0 ",0
"mov r1, lr ",0
bl 0x9678 ,0
"andeq r0, r0, r0 ",0
"mov r0, lr ",0
"mov lr, r1 ",0
"ldr r2, [0x0000999c] ",0
"add r1, sb, r2 ",0
"mov r3, 0 ",0
"mov r0, r0 ",0
"mov r2, 1 ",0
"cmp r3, r2 ",0
"movhs r2, 1 ",0
"movlo r2, 0 ",0
"cmp r2, 0 ",0
bne 0x96c0 ,0
"mov r0, r0 ",0
"ldrb r2, [r0, r3] ",0
"strb r2, [r1, r3] ",0
"add r3, r3, 1 ",0
b 0x968c ,0
"mov r0, r0 ",0
"mov r0, r0 ",0
b 0x98e8 ,0
"mov r0, r0 ",0
"mov r0, r0 ",0
"ldrb r0, [sb, 0x489] ",0
"cmp r0, 1 ",0
"movne r0, 1 ",0
"moveq r0, 0 ",0
"cmp r0, 0 ",0
bne 0x9784 ,0
"mov r0, r0 ",0
"ldrb r0, [sb, 0x4bd] ",0
"mov r1, 0xff ",0
"and r0, r1, r0 ",0
"lsr r0, r0, 6 ",0
"ldrb r1, [sb, 0x4be] ",0
"mov r2, 0xff ",0
"and r1, r2, r1 ",0
"lsr r1, r1, 6 ",0
"lsl r1, r1, 2 ",0
"add r0, r0, r1 ",0
"strb r0, [sb, 0x47e] ",0
"ldrb r0, [sb, 0x47e] ",0
"mov r1, 0xf ",0
"mul r0, r0, r1 ",0
"add r0, sb, r0 ",0
"ldr r1, [0x00009998] ",0
"add r0, r0, r1 ",0
"ldr r2, [0x0000999c] ",0
"add r1, sb, r2 ",0
"mov r3, 0 ",0
"mov r0, r0 ",0
"mov r2, 0xe ",0
"cmp r3, r2 ",0
"movhs r2, 1 ",0
"movlo r2, 0 ",0
"cmp r2, 0 ",0
bne 0x9770 ,0
"mov r0, r0 ",0
"ldrb r2, [r0, r3] ",0
"strb r2, [r1, r3] ",0
"add r3, r3, 1 ",0
b 0x973c ,0
"mov r0, r0 ",0
"mov r0, r0 ",0
"mov r2, 0 ",0
"strb r2, [r1, 0xe] ",0
b 0x98e8 ,0
"mov r0, r0 ",0
"mov r0, r0 ",0
"ldrb r0, [sb, 0x489] ",0
"cmp r0, 2 ",0
"movne r0, 1 ",0
"moveq r0, 0 ",0
"cmp r0, 0 ",0
bne 0x988c ,0
"mov r0, r0 ",0
"ldrb r0, [sb, 0x4be] ",0
"cmp r0, 0x1b ",0
"movhs r0, 1 ",0
"movlo r0, 0 ",0
"cmp r0, 0 ",0
bne 0x9828 ,0
"mov r0, r0 ",0
"ldrb r0, [sb, 0x4be] ",0
"mov r1, 0xf ",0
"mul r0, r0, r1 ",0
"add r0, sb, r0 ",0
"add r0, r0, 0x80 ",0
"ldr r2, [0x0000999c] ",0
"add r1, sb, r2 ",0
"mov r3, 0 ",0
"mov r0, r0 ",0
"mov r2, 0xe ",0
"cmp r3, r2 ",0
"movhs r2, 1 ",0
"movlo r2, 0 ",0
"cmp r2, 0 ",0
bne 0x9814 ,0
"mov r0, r0 ",0
"ldrb r2, [r0, r3] ",0
"strb r2, [r1, r3] ",0
"add r3, r3, 1 ",0
b 0x97e0 ,0
"mov r0, r0 ",0
"mov r0, r0 ",0
"mov r2, 0 ",0
"strb r2, [r1, 0xe] ",0
b 0x9880 ,0
"mov r0, r0 ",0
"mov r0, r0 ",0
"ldr r1, [0x00009994] ",0
"add r0, sb, r1 ",0
"ldr r2, [0x0000999c] ",0
"add r1, sb, r2 ",0
"mov r3, 0 ",0
"mov r0, r0 ",0
"mov r2, 0xe ",0
"cmp r3, r2 ",0
"movhs r2, 1 ",0
"movlo r2, 0 ",0
"cmp r2, 0 ",0
bne 0x9874 ,0
"mov r0, r0 ",0
"ldrb r2, [r0, r3] ",0
"strb r2, [r1, r3] ",0
"add r3, r3, 1 ",0
b 0x9840 ,0
"mov r0, r0 ",0
"mov r0, r0 ",0
"mov r2, 0 ",0
"strb r2, [r1, 0xe] ",0
"mov r0, r0 ",0
b 0x98e8 ,0
"mov r0, r0 ",0
"mov r0, r0 ",0
"mov r1, lr ",0
bl 0x989c ,0
"andeq r0, r0, r0 ",0
"mov r0, lr ",0
"mov lr, r1 ",0
"ldr r2, [0x0000999c] ",0
"add r1, sb, r2 ",0
"mov r3, 0 ",0
"mov r0, r0 ",0
"mov r2, 1 ",0
"cmp r3, r2 ",0
"movhs r2, 1 ",0
"movlo r2, 0 ",0
"cmp r2, 0 ",0
bne 0x98e4 ,0
"mov r0, r0 ",0
"ldrb r2, [r0, r3] ",0
"strb r2, [r1, r3] ",0
"add r3, r3, 1 ",0
b 0x98b0 ,0
"mov r0, r0 ",0
"mov r0, r0 ",0
"mov r0, r0 ",0
"mov r0, 0x50 ",0
"strb r0, [sb, 0x48a] ",0
"mov r0, r0 ",0
"ldrb r0, [sb, 0x48a] ",0
"sub r0, r0, 0x10 ",0
"strb r0, [sb, 0x48a] ",0
"mov r0, 0 ",0
"strb r0, [sb, 0x5db] ",0
"mov r0, 0 ",0
"strb r0, [sb, 0x5dc] ",0
"mov r0, 0 ",0
"strb r0, [sb, 0x4a0] ",0
"ldrb r0, [sb, 0x489] ",0
"cmp r0, 2 ",0
"movne r0, 1 ",0
"moveq r0, 0 ",0
"cmp r0, 0 ",0
bne 0x12d20 ,0
"mov r0, r0 ",0
"mov r0, 0x13 ",0
"strb r0, [sb, 0x483] ",0
"mov r0, r0 ",0
"mov r1, lr ",0
bl 0x9950 ,0
"andeq r0, r0, r0 ",0
"mov r0, lr ",0
"mov lr, r1 ",0
"ldr r2, [0x00009990] ",0
"add r1, sb, r2 ",0
"mov r3, 0 ",0
"mov r0, r0 ",0
"mov r2, 1 ",0
"cmp r3, r2 ",0
"movhs r2, 1 ",0
"movlo r2, 0 ",0
"cmp r2, 0 ",0
bne 0x99d8 ,0
b 0x99c0 ,0
"mov r0, r0 ",0
"stclgt p13, c12, [sp, 0x334] ",1
"stclgt p13, c12, [sp, 0x334] ",1
"andeq r0, r0, sb, asr r4 ",1
"andeq r0, r0, r6, lsl 4 ",1
"andeq r0, r0, r5, lsl r2 ",1
"andeq r0, r0, sl, asr 11 ",1
"andeq r0, r0, sl, ror r4 ",1
"andeq r0, r0, r0, lsl 9 ",1
"andeq r0, r0, r0, lsl 2 ",1
"andeq r0, r0, r6, asr 11 ",1
"andeq r0, r0, r8, asr 9 ",1
"andeq r0, r0, r0, lsl 5 ",1
"strheq r0, [r0], -sp ",1
"strheq r0, [r0], -ip ",1
"mov r0, r0 ",0
"ldrb r2, [r0, r3] ",0
"strb r2, [r1, r3] ",0
"add r3, r3, 1 ",0
b 0x9964 ,0
"mov r0, r0 ",0
"mov r0, r0 ",0
"ldr r1, [0x0000a9d4] ",0
"add r0, sb, r1 ",0
"mov r2, lr ",0
bl 0x99f0 ,0
"subeq r4, r2, r1, asr 4 ",1
"mov r1, lr ",0
"mov lr, r2 ",0
"mov r5, 0 ",0
"mov r0, r0 ",0
"ldrb r2, [r0, r5] ",0
"ldrb r3, [r1, r5] ",0
"cmp r2, 0 ",0
beq 0x9a3c ,0
"mov r0, r0 ",0
"cmp r3, 0 ",0
beq 0x9a3c ,0
"mov r0, r0 ",0
"add r5, r5, 1 ",0
"cmp r2, r3 ",0
"moveq r4, 1 ",0
"movne r4, 0 ",0
"cmp r4, 0 ",0
bne 0x99fc ,0
"mov r0, r0 ",0
"mov r0, r0 ",0
"cmp r2, r3 ",0
"moveq r0, 1 ",0
"movne r0, 0 ",0
"ldr r2, [0x0000a9d4] ",0
"add r1, sb, r2 ",0
"mov r3, lr ",0
bl 0x9a60 ,0
"subeq r4, r3, r2, asr 10 ",1
"mov r2, lr ",0
"mov lr, r3 ",0
"mov r6, 0 ",0
"mov r0, r0 ",0
"ldrb r3, [r1, r6] ",0
"ldrb r4, [r2, r6] ",0
"cmp r3, 0 ",0
beq 0x9aac ,0
"mov r0, r0 ",0
"cmp r4, 0 ",0
beq 0x9aac ,0
"mov r0, r0 ",0
"add r6, r6, 1 ",0
"cmp r3, r4 ",0
"moveq r5, 1 ",0
"movne r5, 0 ",0
"cmp r5, 0 ",0
bne 0x9a6c ,0
"mov r0, r0 ",0
"mov r0, r0 ",0
"cmp r3, r4 ",0
"moveq r1, 1 ",0
"movne r1, 0 ",0
"orr r0, r0, r1 ",0
"eor r0, r0, 1 ",0
"cmp r0, 0 ",0
bne 0xbf74 ,0
"mov r0, r0 ",0
"ldrb r0, [sb, 0x483] ",0
"ldr r1, [0x0000a9d0] ",0
"add r1, r1, r0 ",0
"ldrb r0, [sb, r1] ",0
"mov r1, 0x8e ",0
"cmp r0, r1 ",0
"moveq r0, 1 ",0
"movne r0, 0 ",0
"ldrb r1, [sb, 0x483] ",0
"add r1, r1, 1 ",0
"ldr r2, [0x0000a9d0] ",0
"add r2, r2, r1 ",0
"ldrb r1, [sb, r2] ",0
"cmp r1, 0x10 ",0
"moveq r1, 1 ",0
"movne r1, 0 ",0
"and r0, r0, r1 ",0
"eor r0, r0, 1 ",0
"cmp r0, 0 ",0
bne 0x9ccc ,0
"mov r0, r0 ",0
"ldrb r0, [sb, 0x483] ",0
"add r0, r0, 2 ",0
"ldr r1, [0x0000a9d0] ",0
"add r1, r1, r0 ",0
"ldrb r0, [sb, r1] ",0
"cmp r0, 4 ",0
"movne r0, 1 ",0
"moveq r0, 0 ",0
"cmp r0, 0 ",0
bne 0x9bdc ,0
"mov r0, r0 ",0
"mov r0, 0x2f ",0
"ldrb r1, [sb, 0x483] ",0
"ldr r2, [0x0000a9d0] ",0
"add r2, r2, r1 ",0
"strb r0, [sb, r2] ",0
"mov r0, 0xe ",0
"ldrb r1, [sb, 0x483] ",0
"add r1, r1, 1 ",0
"ldr r2, [0x0000a9d0] ",0
"add r2, r2, r1 ",0
"strb r0, [sb, r2] ",0
"mov r1, lr ",0
bl 0x9b88 ,0
"andeq r3, r0, r4, asr r1 ",1
"mov r0, lr ",0
"mov lr, r1 ",0
"ldr r2, [0x0000a9cc] ",0
"add r1, sb, r2 ",0
"mov r3, 0 ",0
"mov r0, r0 ",0
"mov r2, 3 ",0
"cmp r3, r2 ",0
"movhs r2, 1 ",0
"movlo r2, 0 ",0
"cmp r2, 0 ",0
bne 0x9bd0 ,0
"mov r0, r0 ",0
"ldrb r2, [r0, r3] ",0
"strb r2, [r1, r3] ",0
"add r3, r3, 1 ",0
b 0x9b9c ,0
"mov r0, r0 ",0
"mov r0, r0 ",0
b 0x9cc8 ,0
"mov r0, r0 ",0
"mov r0, r0 ",0
"ldrb r0, [sb, 0x483] ",0
"add r0, r0, 2 ",0
"ldr r1, [0x0000a9d0] ",0
"add r1, r1, r0 ",0
"ldrb r0, [sb, r1] ",0
"mov r1, 0x84 ",0
"cmp r0, r1 ",0
"movne r0, 1 ",0
"moveq r0, 0 ",0
"cmp r0, 0 ",0
bne 0x9cc4 ,0
"mov r0, r0 ",0
"mov r0, 0x2f ",0
"ldrb r1, [sb, 0x483] ",0
"ldr r2, [0x0000a9d0] ",0
"add r2, r2, r1 ",0
"strb r0, [sb, r2] ",0
"mov r0, 0x2f ",0
"ldrb r1, [sb, 0x483] ",0
"add r1, r1, 1 ",0
"ldr r2, [0x0000a9d0] ",0
"add r2, r2, r1 ",0
"strb r0, [sb, r2] ",0
"mov r0, 0xe ",0
"ldrb r1, [sb, 0x483] ",0
"add r1, r1, 2 ",0
"ldr r2, [0x0000a9d0] ",0
"add r2, r2, r1 ",0
"strb r0, [sb, r2] ",0
"mov r0, 4 ",0
"ldrb r1, [sb, 0x483] ",0
"add r1, r1, 3 ",0
"ldr r2, [0x0000a9d0] ",0
"add r2, r2, r1 ",0
"strb r0, [sb, r2] ",0
"mov r1, lr ",0
bl 0x9c78 ,0
"andeq r3, r0, r4, asr r1 ",1
"mov r0, lr ",0
"mov lr, r1 ",0
"ldr r2, [0x0000a9cc] ",0
"add r1, sb, r2 ",0
"mov r3, 0 ",0
"mov r0, r0 ",0
"mov r2, 3 ",0
"cmp r3, r2 ",0
"movhs r2, 1 ",0
"movlo r2, 0 ",0
"cmp r2, 0 ",0
bne 0x9cc0 ,0
"mov r0, r0 ",0
"ldrb r2, [r0, r3] ",0
"strb r2, [r1, r3] ",0
"add r3, r3, 1 ",0
b 0x9c8c ,0
"mov r0, r0 ",0
"mov r0, r0 ",0
"mov r0, r0 ",0
"mov r0, r0 ",0
"mov r0, r0 ",0
"mov r0, r0 ",0
"ldrb r0, [sb, 0x483] ",0
"ldr r1, [0x0000a9d0] ",0
"add r1, r1, r0 ",0
"ldrb r0, [sb, r1] ",0
"mov r1, 0x8e ",0
"cmp r0, r1 ",0
"moveq r0, 1 ",0
"movne r0, 0 ",0
"ldrb r1, [sb, 0x483] ",0
"add r1, r1, 1 ",0
"ldr r2, [0x0000a9d0] ",0
"add r2, r2, r1 ",0
"ldrb r1, [sb, r2] ",0
"cmp r1, 0x20 ",0
"moveq r1, 1 ",0
"movne r1, 0 ",0
"and r0, r0, r1 ",0
"eor r0, r0, 1 ",0
"cmp r0, 0 ",0
bne 0x9ed0 ,0
"mov r0, r0 ",0
"ldrb r0, [sb, 0x483] ",0
"add r0, r0, 2 ",0
"ldr r1, [0x0000a9d0] ",0
"add r1, r1, r0 ",0
"ldrb r0, [sb, r1] ",0
"cmp r0, 4 ",0
"movne r0, 1 ",0
"moveq r0, 0 ",0
"cmp r0, 0 ",0
bne 0x9de0 ,0
"mov r0, r0 ",0
"mov r0, 0x2f ",0
"ldrb r1, [sb, 0x483] ",0
"ldr r2, [0x0000a9d0] ",0
"add r2, r2, r1 ",0
"strb r0, [sb, r2] ",0
"mov r0, 0xe ",0
"ldrb r1, [sb, 0x483] ",0
"add r1, r1, 1 ",0
"ldr r2, [0x0000a9d0] ",0
"add r2, r2, r1 ",0
"strb r0, [sb, r2] ",0
"mov r1, lr ",0
bl 0x9d8c ,0
"andeq r3, r0, r4, asr r2 ",1
"mov r0, lr ",0
"mov lr, r1 ",0
"ldr r2, [0x0000a9cc] ",0
"add r1, sb, r2 ",0
"mov r3, 0 ",0
"mov r0, r0 ",0
"mov r2, 3 ",0
"cmp r3, r2 ",0
"movhs r2, 1 ",0
"movlo r2, 0 ",0
"cmp r2, 0 ",0
bne 0x9dd4 ,0
"mov r0, r0 ",0
"ldrb r2, [r0, r3] ",0
"strb r2, [r1, r3] ",0
"add r3, r3, 1 ",0
b 0x9da0 ,0
"mov r0, r0 ",0
"mov r0, r0 ",0
b 0x9ecc ,0
"mov r0, r0 ",0
"mov r0, r0 ",0
"ldrb r0, [sb, 0x483] ",0
"add r0, r0, 2 ",0
"ldr r1, [0x0000a9d0] ",0
"add r1, r1, r0 ",0
"ldrb r0, [sb, r1] ",0
"mov r1, 0x84 ",0
"cmp r0, r1 ",0
"movne r0, 1 ",0
"moveq r0, 0 ",0
"cmp r0, 0 ",0
bne 0x9ec8 ,0
"mov r0, r0 ",0
"mov r0, 0x2f ",0
"ldrb r1, [sb, 0x483] ",0
"ldr r2, [0x0000a9d0] ",0
"add r2, r2, r1 ",0
"strb r0, [sb, r2] ",0
"mov r0, 0x2f ",0
"ldrb r1, [sb, 0x483] ",0
"add r1, r1, 1 ",0
"ldr r2, [0x0000a9d0] ",0
"add r2, r2, r1 ",0
"strb r0, [sb, r2] ",0
"mov r0, 0xe ",0
"ldrb r1, [sb, 0x483] ",0
"add r1, r1, 2 ",0
"ldr r2, [0x0000a9d0] ",0
"add r2, r2, r1 ",0
"strb r0, [sb, r2] ",0
"mov r0, 4 ",0
"ldrb r1, [sb, 0x483] ",0
"add r1, r1, 3 ",0
"ldr r2, [0x0000a9d0] ",0
"add r2, r2, r1 ",0
"strb r0, [sb, r2] ",0
"mov r1, lr ",0
bl 0x9e7c ,0
"andeq r3, r0, r4, asr r2 ",1
"mov r0, lr ",0
"mov lr, r1 ",0
"ldr r2, [0x0000a9cc] ",0
"add r1, sb, r2 ",0
"mov r3, 0 ",0
"mov r0, r0 ",0
"mov r2, 3 ",0
"cmp r3, r2 ",0
"movhs r2, 1 ",0
"movlo r2, 0 ",0
"cmp r2, 0 ",0
bne 0x9ec4 ,0
"mov r0, r0 ",0
"ldrb r2, [r0, r3] ",0
"strb r2, [r1, r3] ",0
"add r3, r3, 1 ",0
b 0x9e90 ,0
"mov r0, r0 ",0
"mov r0, r0 ",0
"mov r0, r0 ",0
"mov r0, r0 ",0
"mov r0, r0 ",0
"mov r0, r0 ",0
"ldrb r0, [sb, 0x483] ",0
"ldr r1, [0x0000a9d0] ",0
"add r1, r1, r0 ",0
"ldrb r0, [sb, r1] ",0
"cmp r0, 4 ",0
"moveq r0, 1 ",0
"movne r0, 0 ",0
"ldrb r1, [sb, 0x483] ",0
"add r1, r1, 1 ",0
"ldr r2, [0x0000a9d0] ",0
"add r2, r2, r1 ",0
"ldrb r1, [sb, r2] ",0
"mov r2, 0xa9 ",0
"cmp r1, r2 ",0
"moveq r1, 1 ",0
"movne r1, 0 ",0
"and r0, r0, r1 ",0
"ldrb r1, [sb, 0x483] ",0
"add r1, r1, 2 ",0
"ldr r2, [0x0000a9d0] ",0
"add r2, r2, r1 ",0
"ldrb r1, [sb, r2] ",0
"mov r2, 0xff ",0
"cmp r1, r2 ",0
"moveq r1, 1 ",0
"movne r1, 0 ",0
"and r0, r0, r1 ",0
"eor r0, r0, 1 ",0
"cmp r0, 0 ",0
bne 0xa52c ,0
"mov r0, r0 ",0
"ldrb r0, [sb, 0x483] ",0
"add r0, r0, 3 ",0
"ldr r1, [0x0000a9d0] ",0
"add r1, r1, r0 ",0
"ldrb r0, [sb, r1] ",0
"cmp r0, 1 ",0
"movne r0, 1 ",0
"moveq r0, 0 ",0
"cmp r0, 0 ",0
bne 0xa03c ,0
"mov r0, r0 ",0
"mov r0, 0x2f ",0
"ldrb r1, [sb, 0x483] ",0
"ldr r2, [0x0000a9d0] ",0
"add r2, r2, r1 ",0
"strb r0, [sb, r2] ",0
"mov r0, 0x2f ",0
"ldrb r1, [sb, 0x483] ",0
"add r1, r1, 1 ",0
"ldr r2, [0x0000a9d0] ",0
"add r2, r2, r1 ",0
"strb r0, [sb, r2] ",0
"mov r0, 4 ",0
"ldrb r1, [sb, 0x483] ",0
"add r1, r1, 2 ",0
"ldr r2, [0x0000a9d0] ",0
"add r2, r2, r1 ",0
"strb r0, [sb, r2] ",0
"mov r0, 0x29 ",0
"ldrb r1, [sb, 0x483] ",0
"add r1, r1, 3 ",0
"ldr r2, [0x0000a9d0] ",0
"add r2, r2, r1 ",0
"strb r0, [sb, r2] ",0
"mov r1, lr ",0
bl 0x9fe8 ,0
"andeq r3, r0, ip, asr 2 ",1
"mov r0, lr ",0
"mov lr, r1 ",0
"ldr r2, [0x0000a9cc] ",0
"add r1, sb, r2 ",0
"mov r3, 0 ",0
"mov r0, r0 ",0
"mov r2, 3 ",0
"cmp r3, r2 ",0
"movhs r2, 1 ",0
"movlo r2, 0 ",0
"cmp r2, 0 ",0
bne 0xa030 ,0
"mov r0, r0 ",0
"ldrb r2, [r0, r3] ",0
"strb r2, [r1, r3] ",0
"add r3, r3, 1 ",0
b 0x9ffc ,0
"mov r0, r0 ",0
"mov r0, r0 ",0
b 0xa528 ,0
"mov r0, r0 ",0
"mov r0, r0 ",0
"ldrb r0, [sb, 0x483] ",0
"add r0, r0, 3 ",0
"ldr r1, [0x0000a9d0] ",0
"add r1, r1, r0 ",0
"ldrb r0, [sb, r1] ",0
"cmp r0, 2 ",0
"movne r0, 1 ",0
"moveq r0, 0 ",0
"cmp r0, 0 ",0
bne 0xa128 ,0
"mov r0, r0 ",0
"mov r0, 0x2f ",0
"ldrb r1, [sb, 0x483] ",0
"ldr r2, [0x0000a9d0] ",0
"add r2, r2, r1 ",0
"strb r0, [sb, r2] ",0
"mov r0, 0x2f ",0
"ldrb r1, [sb, 0x483] ",0
"add r1, r1, 1 ",0
"ldr r2, [0x0000a9d0] ",0
"add r2, r2, r1 ",0
"strb r0, [sb, r2] ",0
"mov r0, 4 ",0
"ldrb r1, [sb, 0x483] ",0
"add r1, r1, 2 ",0
"ldr r2, [0x0000a9d0] ",0
"add r2, r2, r1 ",0
"strb r0, [sb, r2] ",0
"mov r0, 0x29 ",0
"ldrb r1, [sb, 0x483] ",0
"add r1, r1, 3 ",0
"ldr r2, [0x0000a9d0] ",0
"add r2, r2, r1 ",0
"strb r0, [sb, r2] ",0
"mov r1, lr ",0
bl 0xa0d4 ,0
"andeq r3, r0, ip, asr 4 ",1
"mov r0, lr ",0
"mov lr, r1 ",0
"ldr r2, [0x0000a9cc] ",0
"add r1, sb, r2 ",0
"mov r3, 0 ",0
"mov r0, r0 ",0
"mov r2, 3 ",0
"cmp r3, r2 ",0
"movhs r2, 1 ",0
"movlo r2, 0 ",0
"cmp r2, 0 ",0
bne 0xa11c ,0
"mov r0, r0 ",0
"ldrb r2, [r0, r3] ",0
"strb r2, [r1, r3] ",0
"add r3, r3, 1 ",0
b 0xa0e8 ,0
"mov r0, r0 ",0
"mov r0, r0 ",0
b 0xa528 ,0
"mov r0, r0 ",0
"mov r0, r0 ",0
"ldrb r0, [sb, 0x483] ",0
"add r0, r0, 3 ",0
"ldr r1, [0x0000a9d0] ",0
"add r1, r1, r0 ",0
"ldrb r0, [sb, r1] ",0
"cmp r0, 3 ",0
"movne r0, 1 ",0
"moveq r0, 0 ",0
"cmp r0, 0 ",0
bne 0xa214 ,0
"mov r0, r0 ",0
"mov r0, 0x2f ",0
"ldrb r1, [sb, 0x483] ",0
"ldr r2, [0x0000a9d0] ",0
"add r2, r2, r1 ",0
"strb r0, [sb, r2] ",0
"mov r0, 0x2f ",0
"ldrb r1, [sb, 0x483] ",0
"add r1, r1, 1 ",0
"ldr r2, [0x0000a9d0] ",0
"add r2, r2, r1 ",0
"strb r0, [sb, r2] ",0
"mov r0, 4 ",0
"ldrb r1, [sb, 0x483] ",0
"add r1, r1, 2 ",0
"ldr r2, [0x0000a9d0] ",0
"add r2, r2, r1 ",0
"strb r0, [sb, r2] ",0
"mov r0, 0x29 ",0
"ldrb r1, [sb, 0x483] ",0
"add r1, r1, 3 ",0
"ldr r2, [0x0000a9d0] ",0
"add r2, r2, r1 ",0
"strb r0, [sb, r2] ",0
"mov r1, lr ",0
bl 0xa1c0 ,0
"andeq r3, r0, ip, asr 6 ",1
"mov r0, lr ",0
"mov lr, r1 ",0
"ldr r2, [0x0000a9cc] ",0
"add r1, sb, r2 ",0
"mov r3, 0 ",0
"mov r0, r0 ",0
"mov r2, 3 ",0
"cmp r3, r2 ",0
"movhs r2, 1 ",0
"movlo r2, 0 ",0
"cmp r2, 0 ",0
bne 0xa208 ,0
"mov r0, r0 ",0
"ldrb r2, [r0, r3] ",0
"strb r2, [r1, r3] ",0
"add r3, r3, 1 ",0
b 0xa1d4 ,0
"mov r0, r0 ",0
"mov r0, r0 ",0
b 0xa528 ,0
"mov r0, r0 ",0
"mov r0, r0 ",0
"ldrb r0, [sb, 0x483] ",0
"add r0, r0, 3 ",0
"ldr r1, [0x0000a9d0] ",0
"add r1, r1, r0 ",0
"ldrb r0, [sb, r1] ",0
"mov r1, 0x81 ",0
"cmp r0, r1 ",0
"movne r0, 1 ",0
"moveq r0, 0 ",0
"cmp r0, 0 ",0
bne 0xa31c ,0
"mov r0, r0 ",0
"mov r0, 0x2f ",0
"ldrb r1, [sb, 0x483] ",0
"ldr r2, [0x0000a9d0] ",0
"add r2, r2, r1 ",0
"strb r0, [sb, r2] ",0
"mov r0, 0x2f ",0
"ldrb r1, [sb, 0x483] ",0
"add r1, r1, 1 ",0
"ldr r2, [0x0000a9d0] ",0
"add r2, r2, r1 ",0
"strb r0, [sb, r2] ",0
"mov r0, 0x2f ",0
"ldrb r1, [sb, 0x483] ",0
"add r1, r1, 2 ",0
"ldr r2, [0x0000a9d0] ",0
"add r2, r2, r1 ",0
"strb r0, [sb, r2] ",0
"mov r0, 4 ",0
"ldrb r1, [sb, 0x483] ",0
"add r1, r1, 3 ",0
"ldr r2, [0x0000a9d0] ",0
"add r2, r2, r1 ",0
"strb r0, [sb, r2] ",0
"mov r0, 0x29 ",0
"ldrb r1, [sb, 0x483] ",0
"add r1, r1, 4 ",0
"ldr r2, [0x0000a9d0] ",0
"add r2, r2, r1 ",0
"strb r0, [sb, r2] ",0
"mov r1, lr ",0
bl 0xa2c8 ,0
"andeq r3, r0, ip, asr 2 ",1
"mov r0, lr ",0
"mov lr, r1 ",0
"ldr r2, [0x0000a9cc] ",0
"add r1, sb, r2 ",0
"mov r3, 0 ",0
"mov r0, r0 ",0
"mov r2, 3 ",0
"cmp r3, r2 ",0
"movhs r2, 1 ",0
"movlo r2, 0 ",0
"cmp r2, 0 ",0
bne 0xa310 ,0
"mov r0, r0 ",0
"ldrb r2, [r0, r3] ",0
"strb r2, [r1, r3] ",0
"add r3, r3, 1 ",0
b 0xa2dc ,0
"mov r0, r0 ",0
"mov r0, r0 ",0
b 0xa528 ,0
"mov r0, r0 ",0
"mov r0, r0 ",0
"ldrb r0, [sb, 0x483] ",0
"add r0, r0, 3 ",0
"ldr r1, [0x0000a9d0] ",0
"add r1, r1, r0 ",0
"ldrb r0, [sb, r1] ",0
"mov r1, 0x82 ",0
"cmp r0, r1 ",0
"movne r0, 1 ",0
"moveq r0, 0 ",0
"cmp r0, 0 ",0
bne 0xa424 ,0
"mov r0, r0 ",0
"mov r0, 0x2f ",0
"ldrb r1, [sb, 0x483] ",0
"ldr r2, [0x0000a9d0] ",0
"add r2, r2, r1 ",0
"strb r0, [sb, r2] ",0
"mov r0, 0x2f ",0
"ldrb r1, [sb, 0x483] ",0
"add r1, r1, 1 ",0
"ldr r2, [0x0000a9d0] ",0
"add r2, r2, r1 ",0
"strb r0, [sb, r2] ",0
"mov r0, 0x2f ",0
"ldrb r1, [sb, 0x483] ",0
"add r1, r1, 2 ",0
"ldr r2, [0x0000a9d0] ",0
"add r2, r2, r1 ",0
"strb r0, [sb, r2] ",0
"mov r0, 4 ",0
"ldrb r1, [sb, 0x483] ",0
"add r1, r1, 3 ",0
"ldr r2, [0x0000a9d0] ",0
"add r2, r2, r1 ",0
"strb r0, [sb, r2] ",0
"mov r0, 0x29 ",0
"ldrb r1, [sb, 0x483] ",0
"add r1, r1, 4 ",0
"ldr r2, [0x0000a9d0] ",0
"add r2, r2, r1 ",0
"strb r0, [sb, r2] ",0
"mov r1, lr ",0
bl 0xa3d0 ,0
"andeq r3, r0, ip, asr 4 ",1
"mov r0, lr ",0
"mov lr, r1 ",0
"ldr r2, [0x0000a9cc] ",0
"add r1, sb, r2 ",0
"mov r3, 0 ",0
"mov r0, r0 ",0
"mov r2, 3 ",0
"cmp r3, r2 ",0
"movhs r2, 1 ",0
"movlo r2, 0 ",0
"cmp r2, 0 ",0
bne 0xa418 ,0
"mov r0, r0 ",0
"ldrb r2, [r0, r3] ",0
"strb r2, [r1, r3] ",0
"add r3, r3, 1 ",0
b 0xa3e4 ,0
"mov r0, r0 ",0
"mov r0, r0 ",0
b 0xa528 ,0
"mov r0, r0 ",0
"mov r0, r0 ",0
"ldrb r0, [sb, 0x483] ",0
"add r0, r0, 3 ",0
"ldr r1, [0x0000a9d0] ",0
"add r1, r1, r0 ",0
"ldrb r0, [sb, r1] ",0
"mov r1, 0x83 ",0
"cmp r0, r1 ",0
"movne r0, 1 ",0
"moveq r0, 0 ",0
"cmp r0, 0 ",0
bne 0xa524 ,0
"mov r0, r0 ",0
"mov r0, 0x2f ",0
"ldrb r1, [sb, 0x483] ",0
"ldr r2, [0x0000a9d0] ",0
"add r2, r2, r1 ",0
"strb r0, [sb, r2] ",0
"mov r0, 0x2f ",0
"ldrb r1, [sb, 0x483] ",0
"add r1, r1, 1 ",0
"ldr r2, [0x0000a9d0] ",0
"add r2, r2, r1 ",0
"strb r0, [sb, r2] ",0
"mov r0, 0x2f ",0
"ldrb r1, [sb, 0x483] ",0
"add r1, r1, 2 ",0
"ldr r2, [0x0000a9d0] ",0
"add r2, r2, r1 ",0
"strb r0, [sb, r2] ",0
"mov r0, 4 ",0
"ldrb r1, [sb, 0x483] ",0
"add r1, r1, 3 ",0
"ldr r2, [0x0000a9d0] ",0
"add r2, r2, r1 ",0
"strb r0, [sb, r2] ",0
"mov r0, 0x29 ",0
"ldrb r1, [sb, 0x483] ",0
"add r1, r1, 4 ",0
"ldr r2, [0x0000a9d0] ",0
"add r2, r2, r1 ",0
"strb r0, [sb, r2] ",0
"mov r1, lr ",0
bl 0xa4d8 ,0
"andeq r3, r0, ip, asr 6 ",1
"mov r0, lr ",0
"mov lr, r1 ",0
"ldr r2, [0x0000a9cc] ",0
"add r1, sb, r2 ",0
"mov r3, 0 ",0
"mov r0, r0 ",0
"mov r2, 3 ",0
"cmp r3, r2 ",0
"movhs r2, 1 ",0
"movlo r2, 0 ",0
"cmp r2, 0 ",0
bne 0xa520 ,0
"mov r0, r0 ",0
"ldrb r2, [r0, r3] ",0
"strb r2, [r1, r3] ",0
"add r3, r3, 1 ",0
b 0xa4ec ,0
"mov r0, r0 ",0
"mov r0, r0 ",0
"mov r0, r0 ",0
"mov r0, r0 ",0
"mov r0, r0 ",0
"mov r0, r0 ",0
"ldrb r0, [sb, 0x483] ",0
"add r0, r0, 1 ",0
"ldr r1, [0x0000a9d0] ",0
"add r1, r1, r0 ",0
"ldrb r0, [sb, r1] ",0
"mov r1, 0xfd ",0
"cmp r0, r1 ",0
"moveq r0, 1 ",0
"movne r0, 0 ",0
"ldrb r1, [sb, 0x483] ",0
"add r1, r1, 2 ",0
"ldr r2, [0x0000a9d0] ",0
"add r2, r2, r1 ",0
"ldrb r1, [sb, r2] ",0
"mov r2, 0xc8 ",0
"cmp r1, r2 ",0
"moveq r1, 1 ",0
"movne r1, 0 ",0
"and r0, r0, r1 ",0
"ldrb r1, [sb, 0x483] ",0
"add r1, r1, 3 ",0
"ldr r2, [0x0000a9d0] ",0
"add r2, r2, r1 ",0
"ldrb r1, [sb, r2] ",0
"mov r2, 0xff ",0
"cmp r1, r2 ",0
"moveq r1, 1 ",0
"movne r1, 0 ",0
"and r0, r0, r1 ",0
"eor r0, r0, 1 ",0
"cmp r0, 0 ",0
bne 0xac8c ,0
"mov r0, r0 ",0
"ldrb r0, [sb, 0x483] ",0
"add r0, r0, 4 ",0
"ldr r1, [0x0000a9d0] ",0
"add r1, r1, r0 ",0
"ldrb r0, [sb, r1] ",0
"cmp r0, 1 ",0
"movne r0, 1 ",0
"moveq r0, 0 ",0
"cmp r0, 0 ",0
bne 0xa6c4 ,0
"mov r0, r0 ",0
"ldrb r0, [sb, 0x483] ",0
"ldr r1, [0x0000a9d0] ",0
"add r1, r1, r0 ",0
"ldrb r0, [sb, r1] ",0
"ldrb r1, [sb, 0x483] ",0
"add r1, r1, 2 ",0
"ldr r2, [0x0000a9d0] ",0
"add r2, r2, r1 ",0
"strb r0, [sb, r2] ",0
"mov r0, 0x2f ",0
"ldrb r1, [sb, 0x483] ",0
"ldr r2, [0x0000a9d0] ",0
"add r2, r2, r1 ",0
"strb r0, [sb, r2] ",0
"mov r0, 0x2f ",0
"ldrb r1, [sb, 0x483] ",0
"add r1, r1, 1 ",0
"ldr r2, [0x0000a9d0] ",0
"add r2, r2, r1 ",0
"strb r0, [sb, r2] ",0
"mov r0, 0xfd ",0
"ldrb r1, [sb, 0x483] ",0
"add r1, r1, 3 ",0
"ldr r2, [0x0000a9d0] ",0
"add r2, r2, r1 ",0
"strb r0, [sb, r2] ",0
"mov r0, 0x48 ",0
"ldrb r1, [sb, 0x483] ",0
"add r1, r1, 4 ",0
"ldr r2, [0x0000a9d0] ",0
"add r2, r2, r1 ",0
"strb r0, [sb, r2] ",0
"mov r1, lr ",0
bl 0xa670 ,0
"andeq r3, r0, ip, asr 2 ",1
"mov r0, lr ",0
"mov lr, r1 ",0
"ldr r2, [0x0000a9cc] ",0
"add r1, sb, r2 ",0
"mov r3, 0 ",0
"mov r0, r0 ",0
"mov r2, 3 ",0
"cmp r3, r2 ",0
"movhs r2, 1 ",0
"movlo r2, 0 ",0
"cmp r2, 0 ",0
bne 0xa6b8 ,0
"mov r0, r0 ",0
"ldrb r2, [r0, r3] ",0
"strb r2, [r1, r3] ",0
"add r3, r3, 1 ",0
b 0xa684 ,0
"mov r0, r0 ",0
"mov r0, r0 ",0
b 0xac88 ,0
"mov r0, r0 ",0
"mov r0, r0 ",0
"ldrb r0, [sb, 0x483] ",0
"add r0, r0, 4 ",0
"ldr r1, [0x0000a9d0] ",0
"add r1, r1, r0 ",0
"ldrb r0, [sb, r1] ",0
"cmp r0, 2 ",0
"movne r0, 1 ",0
"moveq r0, 0 ",0
"cmp r0, 0 ",0
bne 0xa7d4 ,0
"mov r0, r0 ",0
"ldrb r0, [sb, 0x483] ",0
"ldr r1, [0x0000a9d0] ",0
"add r1, r1, r0 ",0
"ldrb r0, [sb, r1] ",0
"ldrb r1, [sb, 0x483] ",0
"add r1, r1, 2 ",0
"ldr r2, [0x0000a9d0] ",0
"add r2, r2, r1 ",0
"strb r0, [sb, r2] ",0
"mov r0, 0x2f ",0
"ldrb r1, [sb, 0x483] ",0
"ldr r2, [0x0000a9d0] ",0
"add r2, r2, r1 ",0
"strb r0, [sb, r2] ",0
"mov r0, 0x2f ",0
"ldrb r1, [sb, 0x483] ",0
"add r1, r1, 1 ",0
"ldr r2, [0x0000a9d0] ",0
"add r2, r2, r1 ",0
"strb r0, [sb, r2] ",0
"mov r0, 0xfd ",0
"ldrb r1, [sb, 0x483] ",0
"add r1, r1, 3 ",0
"ldr r2, [0x0000a9d0] ",0
"add r2, r2, r1 ",0
"strb r0, [sb, r2] ",0
"mov r0, 0x48 ",0
"ldrb r1, [sb, 0x483] ",0
"add r1, r1, 4 ",0
"ldr r2, [0x0000a9d0] ",0
"add r2, r2, r1 ",0
"strb r0, [sb, r2] ",0
"mov r1, lr ",0
bl 0xa780 ,0
"andeq r3, r0, ip, asr 4 ",1
"mov r0, lr ",0
"mov lr, r1 ",0
"ldr r2, [0x0000a9cc] ",0
"add r1, sb, r2 ",0
"mov r3, 0 ",0
"mov r0, r0 ",0
"mov r2, 3 ",0
"cmp r3, r2 ",0
"movhs r2, 1 ",0
"movlo r2, 0 ",0
"cmp r2, 0 ",0
bne 0xa7c8 ,0
"mov r0, r0 ",0
"ldrb r2, [r0, r3] ",0
"strb r2, [r1, r3] ",0
"add r3, r3, 1 ",0
b 0xa794 ,0
"mov r0, r0 ",0
"mov r0, r0 ",0
b 0xac88 ,0
"mov r0, r0 ",0
"mov r0, r0 ",0
"ldrb r0, [sb, 0x483] ",0
"add r0, r0, 4 ",0
"ldr r1, [0x0000a9d0] ",0
"add r1, r1, r0 ",0
"ldrb r0, [sb, r1] ",0
"cmp r0, 3 ",0
"movne r0, 1 ",0
"moveq r0, 0 ",0
"cmp r0, 0 ",0
bne 0xa8e4 ,0
"mov r0, r0 ",0
"ldrb r0, [sb, 0x483] ",0
"ldr r1, [0x0000a9d0] ",0
"add r1, r1, r0 ",0
"ldrb r0, [sb, r1] ",0
"ldrb r1, [sb, 0x483] ",0
"add r1, r1, 2 ",0
"ldr r2, [0x0000a9d0] ",0
"add r2, r2, r1 ",0
"strb r0, [sb, r2] ",0
"mov r0, 0x2f ",0
"ldrb r1, [sb, 0x483] ",0
"ldr r2, [0x0000a9d0] ",0
"add r2, r2, r1 ",0
"strb r0, [sb, r2] ",0
"mov r0, 0x2f ",0
"ldrb r1, [sb, 0x483] ",0
"add r1, r1, 1 ",0
"ldr r2, [0x0000a9d0] ",0
"add r2, r2, r1 ",0
"strb r0, [sb, r2] ",0
"mov r0, 0xfd ",0
"ldrb r1, [sb, 0x483] ",0
"add r1, r1, 3 ",0
"ldr r2, [0x0000a9d0] ",0
"add r2, r2, r1 ",0
"strb r0, [sb, r2] ",0
"mov r0, 0x48 ",0
"ldrb r1, [sb, 0x483] ",0
"add r1, r1, 4 ",0
"ldr r2, [0x0000a9d0] ",0
"add r2, r2, r1 ",0
"strb r0, [sb, r2] ",0
"mov r1, lr ",0
bl 0xa890 ,0
"andeq r3, r0, ip, asr 6 ",1
"mov r0, lr ",0
"mov lr, r1 ",0
"ldr r2, [0x0000a9cc] ",0
"add r1, sb, r2 ",0
"mov r3, 0 ",0
"mov r0, r0 ",0
"mov r2, 3 ",0
"cmp r3, r2 ",0
"movhs r2, 1 ",0
"movlo r2, 0 ",0
"cmp r2, 0 ",0
bne 0xa8d8 ,0
"mov r0, r0 ",0
"ldrb r2, [r0, r3] ",0
"strb r2, [r1, r3] ",0
"add r3, r3, 1 ",0
b 0xa8a4 ,0
"mov r0, r0 ",0
"mov r0, r0 ",0
b 0xac88 ,0
"mov r0, r0 ",0
"mov r0, r0 ",0
"ldrb r0, [sb, 0x483] ",0
"add r0, r0, 4 ",0
"ldr r1, [0x0000a9d0] ",0
"add r1, r1, r0 ",0
"ldrb r0, [sb, r1] ",0
"mov r1, 0x81 ",0
"cmp r0, r1 ",0
"movne r0, 1 ",0
"moveq r0, 0 ",0
"cmp r0, 0 ",0
bne 0xaa34 ,0
"mov r0, r0 ",0
"ldrb r0, [sb, 0x483] ",0
"ldr r1, [0x0000a9d0] ",0
"add r1, r1, r0 ",0
"ldrb r0, [sb, r1] ",0
"ldrb r1, [sb, 0x483] ",0
"add r1, r1, 3 ",0
"ldr r2, [0x0000a9d0] ",0
"add r2, r2, r1 ",0
"strb r0, [sb, r2] ",0
"mov r0, 0x2f ",0
"ldrb r1, [sb, 0x483] ",0
"ldr r2, [0x0000a9d0] ",0
"add r2, r2, r1 ",0
"strb r0, [sb, r2] ",0
"mov r0, 0x2f ",0
"ldrb r1, [sb, 0x483] ",0
"add r1, r1, 1 ",0
"ldr r2, [0x0000a9d0] ",0
"add r2, r2, r1 ",0
"strb r0, [sb, r2] ",0
"mov r0, 0x2f ",0
"ldrb r1, [sb, 0x483] ",0
"add r1, r1, 2 ",0
"ldr r2, [0x0000a9d0] ",0
"add r2, r2, r1 ",0
"strb r0, [sb, r2] ",0
"mov r0, 0xfd ",0
"ldrb r1, [sb, 0x483] ",0
"add r1, r1, 4 ",0
"ldr r2, [0x0000a9d0] ",0
"add r2, r2, r1 ",0
"strb r0, [sb, r2] ",0
"mov r0, 0x48 ",0
"ldrb r1, [sb, 0x483] ",0
"add r1, r1, 5 ",0
"ldr r2, [0x0000a9d0] ",0
"add r2, r2, r1 ",0
"strb r0, [sb, r2] ",0
"mov r1, lr ",0
b 0xa9d8 ,0
"mov r0, r0 ",1
"andeq r0, r0, r0 ",1
"andeq r0, r0, r0 ",1
"andeq r0, r0, r0 ",1
"andeq r0, r0, r0 ",1
"andeq r0, r0, sb, asr r4 ",1
"strheq r0, [r0], -r0 ",1
"andeq r0, r0, r6, asr 11 ",1
bl 0xa9e0 ,1
"andeq r3, r0, ip, asr 2 ",1
"mov r0, lr ",0
"mov lr, r1 ",0
"ldr r2, [0x0000b9e0] ",0
"add r1, sb, r2 ",0
"mov r3, 0 ",0
"mov r0, r0 ",0
"mov r2, 3 ",0
"cmp r3, r2 ",0
"movhs r2, 1 ",0
"movlo r2, 0 ",0
"cmp r2, 0 ",0
bne 0xaa28 ,0
"mov r0, r0 ",0
"ldrb r2, [r0, r3] ",0
"strb r2, [r1, r3] ",0
"add r3, r3, 1 ",0
b 0xa9f4 ,0
"mov r0, r0 ",0
"mov r0, r0 ",0
b 0xac88 ,0
"mov r0, r0 ",0
"mov r0, r0 ",0
"ldrb r0, [sb, 0x483] ",0
"add r0, r0, 4 ",0
"ldr r1, [0x0000b9dc] ",0
"add r1, r1, r0 ",0
"ldrb r0, [sb, r1] ",0
"mov r1, 0x82 ",0
"cmp r0, r1 ",0
"movne r0, 1 ",0
"moveq r0, 0 ",0
"cmp r0, 0 ",0
bne 0xab60 ,0
"mov r0, r0 ",0
"ldrb r0, [sb, 0x483] ",0
"ldr r1, [0x0000b9dc] ",0
"add r1, r1, r0 ",0
"ldrb r0, [sb, r1] ",0
"ldrb r1, [sb, 0x483] ",0
"add r1, r1, 3 ",0
"ldr r2, [0x0000b9dc] ",0
"add r2, r2, r1 ",0
"strb r0, [sb, r2] ",0
"mov r0, 0x2f ",0
"ldrb r1, [sb, 0x483] ",0
"ldr r2, [0x0000b9dc] ",0
"add r2, r2, r1 ",0
"strb r0, [sb, r2] ",0
"mov r0, 0x2f ",0
"ldrb r1, [sb, 0x483] ",0
"add r1, r1, 1 ",0
"ldr r2, [0x0000b9dc] ",0
"add r2, r2, r1 ",0
"strb r0, [sb, r2] ",0
"mov r0, 0x2f ",0
"ldrb r1, [sb, 0x483] ",0
"add r1, r1, 2 ",0
"ldr r2, [0x0000b9dc] ",0
"add r2, r2, r1 ",0
"strb r0, [sb, r2] ",0
"mov r0, 0xfd ",0
"ldrb r1, [sb, 0x483] ",0
"add r1, r1, 4 ",0
"ldr r2, [0x0000b9dc] ",0
"add r2, r2, r1 ",0
"strb r0, [sb, r2] ",0
"mov r0, 0x48 ",0
"ldrb r1, [sb, 0x483] ",0
"add r1, r1, 5 ",0
"ldr r2, [0x0000b9dc] ",0
"add r2, r2, r1 ",0
"strb r0, [sb, r2] ",0
"mov r1, lr ",0
bl 0xab0c ,0
"andeq r3, r0, ip, asr 4 ",1
"mov r0, lr ",0
"mov lr, r1 ",0
"ldr r2, [0x0000b9e0] ",0
"add r1, sb, r2 ",0
"mov r3, 0 ",0
"mov r0, r0 ",0
"mov r2, 3 ",0
"cmp r3, r2 ",0
"movhs r2, 1 ",0
"movlo r2, 0 ",0
"cmp r2, 0 ",0
bne 0xab54 ,0
"mov r0, r0 ",0
"ldrb r2, [r0, r3] ",0
"strb r2, [r1, r3] ",0
"add r3, r3, 1 ",0
b 0xab20 ,0
"mov r0, r0 ",0
"mov r0, r0 ",0
b 0xac88 ,0
"mov r0, r0 ",0
"mov r0, r0 ",0
"ldrb r0, [sb, 0x483] ",0
"add r0, r0, 4 ",0
"ldr r1, [0x0000b9dc] ",0
"add r1, r1, r0 ",0
"ldrb r0, [sb, r1] ",0
"mov r1, 0x83 ",0
"cmp r0, r1 ",0
"movne r0, 1 ",0
"moveq r0, 0 ",0
"cmp r0, 0 ",0
bne 0xac84 ,0
"mov r0, r0 ",0
"ldrb r0, [sb, 0x483] ",0
"ldr r1, [0x0000b9dc] ",0
"add r1, r1, r0 ",0
"ldrb r0, [sb, r1] ",0
"ldrb r1, [sb, 0x483] ",0
"add r1, r1, 3 ",0
"ldr r2, [0x0000b9dc] ",0
"add r2, r2, r1 ",0
"strb r0, [sb, r2] ",0
"mov r0, 0x2f ",0
"ldrb r1, [sb, 0x483] ",0
"ldr r2, [0x0000b9dc] ",0
"add r2, r2, r1 ",0
"strb r0, [sb, r2] ",0
"mov r0, 0x2f ",0
"ldrb r1, [sb, 0x483] ",0
"add r1, r1, 1 ",0
"ldr r2, [0x0000b9dc] ",0
"add r2, r2, r1 ",0
"strb r0, [sb, r2] ",0
"mov r0, 0x2f ",0
"ldrb r1, [sb, 0x483] ",0
"add r1, r1, 2 ",0
"ldr r2, [0x0000b9dc] ",0
"add r2, r2, r1 ",0
"strb r0, [sb, r2] ",0
"mov r0, 0xfd ",0
"ldrb r1, [sb, 0x483] ",0
"add r1, r1, 4 ",0
"ldr r2, [0x0000b9dc] ",0
"add r2, r2, r1 ",0
"strb r0, [sb, r2] ",0
"mov r0, 0x48 ",0
"ldrb r1, [sb, 0x483] ",0
"add r1, r1, 5 ",0
"ldr r2, [0x0000b9dc] ",0
"add r2, r2, r1 ",0
"strb r0, [sb, r2] ",0
"mov r1, lr ",0
bl 0xac38 ,0
"andeq r3, r0, ip, asr 6 ",1
"mov r0, lr ",0
"mov lr, r1 ",0
"ldr r2, [0x0000b9e0] ",0
"add r1, sb, r2 ",0
"mov r3, 0 ",0
"mov r0, r0 ",0
"mov r2, 3 ",0
"cmp r3, r2 ",0
"movhs r2, 1 ",0
"movlo r2, 0 ",0
"cmp r2, 0 ",0
bne 0xac80 ,0
"mov r0, r0 ",0
"ldrb r2, [r0, r3] ",0
"strb r2, [r1, r3] ",0
"add r3, r3, 1 ",0
b 0xac4c ,0
"mov r0, r0 ",0
"mov r0, r0 ",0
"mov r0, r0 ",0
"mov r0, r0 ",0
"mov r0, r0 ",0
"mov r0, r0 ",0
"ldrb r0, [sb, 0x483] ",0
"add r0, r0, 1 ",0
"ldr r1, [0x0000b9dc] ",0
"add r1, r1, r0 ",0
"ldrb r0, [sb, r1] ",0
"mov r1, 0xfd ",0
"cmp r0, r1 ",0
"moveq r0, 1 ",0
"movne r0, 0 ",0
"ldrb r1, [sb, 0x483] ",0
"add r1, r1, 2 ",0
"ldr r2, [0x0000b9dc] ",0
"add r2, r2, r1 ",0
"ldrb r1, [sb, r2] ",0
"mov r2, 0xda ",0
"cmp r1, r2 ",0
"moveq r1, 1 ",0
"movne r1, 0 ",0
"and r0, r0, r1 ",0
"ldrb r1, [sb, 0x483] ",0
"add r1, r1, 3 ",0
"ldr r2, [0x0000b9dc] ",0
"add r2, r2, r1 ",0
"ldrb r1, [sb, r2] ",0
"mov r2, 0xff ",0
"cmp r1, r2 ",0
"moveq r1, 1 ",0
"movne r1, 0 ",0
"and r0, r0, r1 ",0
"eor r0, r0, 1 ",0
"cmp r0, 0 ",0
bne 0xb3c8 ,0
"mov r0, r0 ",0
"ldrb r0, [sb, 0x483] ",0
"add r0, r0, 4 ",0
"ldr r1, [0x0000b9dc] ",0
"add r1, r1, r0 ",0
"ldrb r0, [sb, r1] ",0
"cmp r0, 1 ",0
"movne r0, 1 ",0
"moveq r0, 0 ",0
"cmp r0, 0 ",0
bne 0xae24 ,0
"mov r0, r0 ",0
"ldrb r0, [sb, 0x483] ",0
"ldr r1, [0x0000b9dc] ",0
"add r1, r1, r0 ",0
"ldrb r0, [sb, r1] ",0
"ldrb r1, [sb, 0x483] ",0
"add r1, r1, 2 ",0
"ldr r2, [0x0000b9dc] ",0
"add r2, r2, r1 ",0
"strb r0, [sb, r2] ",0
"mov r0, 0x2f ",0
"ldrb r1, [sb, 0x483] ",0
"ldr r2, [0x0000b9dc] ",0
"add r2, r2, r1 ",0
"strb r0, [sb, r2] ",0
"mov r0, 0x2f ",0
"ldrb r1, [sb, 0x483] ",0
"add r1, r1, 1 ",0
"ldr r2, [0x0000b9dc] ",0
"add r2, r2, r1 ",0
"strb r0, [sb, r2] ",0
"mov r0, 0xfd ",0
"ldrb r1, [sb, 0x483] ",0
"add r1, r1, 3 ",0
"ldr r2, [0x0000b9dc] ",0
"add r2, r2, r1 ",0
"strb r0, [sb, r2] ",0
"mov r0, 0x5a ",0
"ldrb r1, [sb, 0x483] ",0
"add r1, r1, 4 ",0
"ldr r2, [0x0000b9dc] ",0
"add r2, r2, r1 ",0
"strb r0, [sb, r2] ",0
"mov r1, lr ",0
bl 0xadd0 ,0
"andeq r3, r0, ip, asr 2 ",1
"mov r0, lr ",0
"mov lr, r1 ",0
"ldr r2, [0x0000b9e0] ",0
"add r1, sb, r2 ",0
"mov r3, 0 ",0
"mov r0, r0 ",0
"mov r2, 3 ",0
"cmp r3, r2 ",0
"movhs r2, 1 ",0
"movlo r2, 0 ",0
"cmp r2, 0 ",0
bne 0xae18 ,0
"mov r0, r0 ",0
"ldrb r2, [r0, r3] ",0
"strb r2, [r1, r3] ",0
"add r3, r3, 1 ",0
b 0xade4 ,0
"mov r0, r0 ",0
"mov r0, r0 ",0
b 0xb3c4 ,0
"mov r0, r0 ",0
"mov r0, r0 ",0
"ldrb r0, [sb, 0x483] ",0
"add r0, r0, 4 ",0
"ldr r1, [0x0000b9dc] ",0
"add r1, r1, r0 ",0
"ldrb r0, [sb, r1] ",0
"cmp r0, 2 ",0
"movne r0, 1 ",0
"moveq r0, 0 ",0
"cmp r0, 0 ",0
bne 0xaf34 ,0
"mov r0, r0 ",0
"ldrb r0, [sb, 0x483] ",0
"ldr r1, [0x0000b9dc] ",0
"add r1, r1, r0 ",0
"ldrb r0, [sb, r1] ",0
"ldrb r1, [sb, 0x483] ",0
"add r1, r1, 2 ",0
"ldr r2, [0x0000b9dc] ",0
"add r2, r2, r1 ",0
"strb r0, [sb, r2] ",0
"mov r0, 0x2f ",0
"ldrb r1, [sb, 0x483] ",0
"ldr r2, [0x0000b9dc] ",0
"add r2, r2, r1 ",0
"strb r0, [sb, r2] ",0
"mov r0, 0x2f ",0
"ldrb r1, [sb, 0x483] ",0
"add r1, r1, 1 ",0
"ldr r2, [0x0000b9dc] ",0
"add r2, r2, r1 ",0
"strb r0, [sb, r2] ",0
"mov r0, 0xfd ",0
"ldrb r1, [sb, 0x483] ",0
"add r1, r1, 3 ",0
"ldr r2, [0x0000b9dc] ",0
"add r2, r2, r1 ",0
"strb r0, [sb, r2] ",0
"mov r0, 0x5a ",0
"ldrb r1, [sb, 0x483] ",0
"add r1, r1, 4 ",0
"ldr r2, [0x0000b9dc] ",0
"add r2, r2, r1 ",0
"strb r0, [sb, r2] ",0
"mov r1, lr ",0
bl 0xaee0 ,0
"andeq r3, r0, ip, asr 4 ",1
"mov r0, lr ",0
"mov lr, r1 ",0
"ldr r2, [0x0000b9e0] ",0
"add r1, sb, r2 ",0
"mov r3, 0 ",0
"mov r0, r0 ",0
"mov r2, 3 ",0
"cmp r3, r2 ",0
"movhs r2, 1 ",0
"movlo r2, 0 ",0
"cmp r2, 0 ",0
bne 0xaf28 ,0
"mov r0, r0 ",0
"ldrb r2, [r0, r3] ",0
"strb r2, [r1, r3] ",0
"add r3, r3, 1 ",0
b 0xaef4 ,0
"mov r0, r0 ",0
"mov r0, r0 ",0
b 0xb3c4 ,0
"mov r0, r0 ",0
"mov r0, r0 ",0
"ldrb r0, [sb, 0x483] ",0
"add r0, r0, 4 ",0
"ldr r1, [0x0000b9dc] ",0
"add r1, r1, r0 ",0
"ldrb r0, [sb, r1] ",0
"cmp r0, 3 ",0
"movne r0, 1 ",0
"moveq r0, 0 ",0
"cmp r0, 0 ",0
bne 0xb044 ,0
"mov r0, r0 ",0
"ldrb r0, [sb, 0x483] ",0
"ldr r1, [0x0000b9dc] ",0
"add r1, r1, r0 ",0
"ldrb r0, [sb, r1] ",0
"ldrb r1, [sb, 0x483] ",0
"add r1, r1, 2 ",0
"ldr r2, [0x0000b9dc] ",0
"add r2, r2, r1 ",0
"strb r0, [sb, r2] ",0
"mov r0, 0x2f ",0
"ldrb r1, [sb, 0x483] ",0
"ldr r2, [0x0000b9dc] ",0
"add r2, r2, r1 ",0
"strb r0, [sb, r2] ",0
"mov r0, 0x2f ",0
"ldrb r1, [sb, 0x483] ",0
"add r1, r1, 1 ",0
"ldr r2, [0x0000b9dc] ",0
"add r2, r2, r1 ",0
"strb r0, [sb, r2] ",0
"mov r0, 0xfd ",0
"ldrb r1, [sb, 0x483] ",0
"add r1, r1, 3 ",0
"ldr r2, [0x0000b9dc] ",0
"add r2, r2, r1 ",0
"strb r0, [sb, r2] ",0
"mov r0, 0x5a ",0
"ldrb r1, [sb, 0x483] ",0
"add r1, r1, 4 ",0
"ldr r2, [0x0000b9dc] ",0
"add r2, r2, r1 ",0
"strb r0, [sb, r2] ",0
"mov r1, lr ",0
bl 0xaff0 ,0
"andeq r3, r0, ip, asr 6 ",1
"mov r0, lr ",0
"mov lr, r1 ",0
"ldr r2, [0x0000b9e0] ",0
"add r1, sb, r2 ",0
"mov r3, 0 ",0
"mov r0, r0 ",0
"mov r2, 3 ",0
"cmp r3, r2 ",0
"movhs r2, 1 ",0
"movlo r2, 0 ",0
"cmp r2, 0 ",0
bne 0xb038 ,0
"mov r0, r0 ",0
"ldrb r2, [r0, r3] ",0
"strb r2, [r1, r3] ",0
"add r3, r3, 1 ",0
b 0xb004 ,0
"mov r0, r0 ",0
"mov r0, r0 ",0
b 0xb3c4 ,0
"mov r0, r0 ",0
"mov r0, r0 ",0
"ldrb r0, [sb, 0x483] ",0
"add r0, r0, 4 ",0
"ldr r1, [0x0000b9dc] ",0
"add r1, r1, r0 ",0
"ldrb r0, [sb, r1] ",0
"mov r1, 0x81 ",0
"cmp r0, r1 ",0
"movne r0, 1 ",0
"moveq r0, 0 ",0
"cmp r0, 0 ",0
bne 0xb170 ,0
"mov r0, r0 ",0
"ldrb r0, [sb, 0x483] ",0
"ldr r1, [0x0000b9dc] ",0
"add r1, r1, r0 ",0
"ldrb r0, [sb, r1] ",0
"ldrb r1, [sb, 0x483] ",0
"add r1, r1, 3 ",0
"ldr r2, [0x0000b9dc] ",0
"add r2, r2, r1 ",0
"strb r0, [sb, r2] ",0
"mov r0, 0x2f ",0
"ldrb r1, [sb, 0x483] ",0
"ldr r2, [0x0000b9dc] ",0
"add r2, r2, r1 ",0
"strb r0, [sb, r2] ",0
"mov r0, 0x2f ",0
"ldrb r1, [sb, 0x483] ",0
"add r1, r1, 1 ",0
"ldr r2, [0x0000b9dc] ",0
"add r2, r2, r1 ",0
"strb r0, [sb, r2] ",0
"mov r0, 0x2f ",0
"ldrb r1, [sb, 0x483] ",0
"add r1, r1, 2 ",0
"ldr r2, [0x0000b9dc] ",0
"add r2, r2, r1 ",0
"strb r0, [sb, r2] ",0
"mov r0, 0xfd ",0
"ldrb r1, [sb, 0x483] ",0
"add r1, r1, 4 ",0
"ldr r2, [0x0000b9dc] ",0
"add r2, r2, r1 ",0
"strb r0, [sb, r2] ",0
"mov r0, 0x5a ",0
"ldrb r1, [sb, 0x483] ",0
"add r1, r1, 5 ",0
"ldr r2, [0x0000b9dc] ",0
"add r2, r2, r1 ",0
"strb r0, [sb, r2] ",0
"mov r1, lr ",0
bl 0xb11c ,0
"andeq r3, r0, ip, asr 2 ",1
"mov r0, lr ",0
"mov lr, r1 ",0
"ldr r2, [0x0000b9e0] ",0
"add r1, sb, r2 ",0
"mov r3, 0 ",0
"mov r0, r0 ",0
"mov r2, 3 ",0
"cmp r3, r2 ",0
"movhs r2, 1 ",0
"movlo r2, 0 ",0
"cmp r2, 0 ",0
bne 0xb164 ,0
"mov r0, r0 ",0
"ldrb r2, [r0, r3] ",0
"strb r2, [r1, r3] ",0
"add r3, r3, 1 ",0
b 0xb130 ,0
"mov r0, r0 ",0
"mov r0, r0 ",0
b 0xb3c4 ,0
"mov r0, r0 ",0
"mov r0, r0 ",0
"ldrb r0, [sb, 0x483] ",0
"add r0, r0, 4 ",0
"ldr r1, [0x0000b9dc] ",0
"add r1, r1, r0 ",0
"ldrb r0, [sb, r1] ",0
"mov r1, 0x82 ",0
"cmp r0, r1 ",0
"movne r0, 1 ",0
"moveq r0, 0 ",0
"cmp r0, 0 ",0
bne 0xb29c ,0
"mov r0, r0 ",0
"ldrb r0, [sb, 0x483] ",0
"ldr r1, [0x0000b9dc] ",0
"add r1, r1, r0 ",0
"ldrb r0, [sb, r1] ",0
"ldrb r1, [sb, 0x483] ",0
"add r1, r1, 3 ",0
"ldr r2, [0x0000b9dc] ",0
"add r2, r2, r1 ",0
"strb r0, [sb, r2] ",0
"mov r0, 0x2f ",0
"ldrb r1, [sb, 0x483] ",0
"ldr r2, [0x0000b9dc] ",0
"add r2, r2, r1 ",0
"strb r0, [sb, r2] ",0
"mov r0, 0x2f ",0
"ldrb r1, [sb, 0x483] ",0
"add r1, r1, 1 ",0
"ldr r2, [0x0000b9dc] ",0
"add r2, r2, r1 ",0
"strb r0, [sb, r2] ",0
"mov r0, 0x2f ",0
"ldrb r1, [sb, 0x483] ",0
"add r1, r1, 2 ",0
"ldr r2, [0x0000b9dc] ",0
"add r2, r2, r1 ",0
"strb r0, [sb, r2] ",0
"mov r0, 0xfd ",0
"ldrb r1, [sb, 0x483] ",0
"add r1, r1, 4 ",0
"ldr r2, [0x0000b9dc] ",0
"add r2, r2, r1 ",0
"strb r0, [sb, r2] ",0
"mov r0, 0x5a ",0
"ldrb r1, [sb, 0x483] ",0
"add r1, r1, 5 ",0
"ldr r2, [0x0000b9dc] ",0
"add r2, r2, r1 ",0
"strb r0, [sb, r2] ",0
"mov r1, lr ",0
bl 0xb248 ,0
"andeq r3, r0, ip, asr 4 ",1
"mov r0, lr ",0
"mov lr, r1 ",0
"ldr r2, [0x0000b9e0] ",0
"add r1, sb, r2 ",0
"mov r3, 0 ",0
"mov r0, r0 ",0
"mov r2, 3 ",0
"cmp r3, r2 ",0
"movhs r2, 1 ",0
"movlo r2, 0 ",0
"cmp r2, 0 ",0
bne 0xb290 ,0
"mov r0, r0 ",0
"ldrb r2, [r0, r3] ",0
"strb r2, [r1, r3] ",0
"add r3, r3, 1 ",0
b 0xb25c ,0
"mov r0, r0 ",0
"mov r0, r0 ",0
b 0xb3c4 ,0
"mov r0, r0 ",0
"mov r0, r0 ",0
"ldrb r0, [sb, 0x483] ",0
"add r0, r0, 4 ",0
"ldr r1, [0x0000b9dc] ",0
"add r1, r1, r0 ",0
"ldrb r0, [sb, r1] ",0
"mov r1, 0x83 ",0
"cmp r0, r1 ",0
"movne r0, 1 ",0
"moveq r0, 0 ",0
"cmp r0, 0 ",0
bne 0xb3c0 ,0
"mov r0, r0 ",0
"ldrb r0, [sb, 0x483] ",0
"ldr r1, [0x0000b9dc] ",0
"add r1, r1, r0 ",0
"ldrb r0, [sb, r1] ",0
"ldrb r1, [sb, 0x483] ",0
"add r1, r1, 3 ",0
"ldr r2, [0x0000b9dc] ",0
"add r2, r2, r1 ",0
"strb r0, [sb, r2] ",0
"mov r0, 0x2f ",0
"ldrb r1, [sb, 0x483] ",0
"ldr r2, [0x0000b9dc] ",0
"add r2, r2, r1 ",0
"strb r0, [sb, r2] ",0
"mov r0, 0x2f ",0
"ldrb r1, [sb, 0x483] ",0
"add r1, r1, 1 ",0
"ldr r2, [0x0000b9dc] ",0
"add r2, r2, r1 ",0
"strb r0, [sb, r2] ",0
"mov r0, 0x2f ",0
"ldrb r1, [sb, 0x483] ",0
"add r1, r1, 2 ",0
"ldr r2, [0x0000b9dc] ",0
"add r2, r2, r1 ",0
"strb r0, [sb, r2] ",0
"mov r0, 0xfd ",0
"ldrb r1, [sb, 0x483] ",0
"add r1, r1, 4 ",0
"ldr r2, [0x0000b9dc] ",0
"add r2, r2, r1 ",0
"strb r0, [sb, r2] ",0
"mov r0, 0x5a ",0
"ldrb r1, [sb, 0x483] ",0
"add r1, r1, 5 ",0
"ldr r2, [0x0000b9dc] ",0
"add r2, r2, r1 ",0
"strb r0, [sb, r2] ",0
"mov r1, lr ",0
bl 0xb374 ,0
"andeq r3, r0, ip, asr 6 ",1
"mov r0, lr ",0
"mov lr, r1 ",0
"ldr r2, [0x0000b9e0] ",0
"add r1, sb, r2 ",0
"mov r3, 0 ",0
"mov r0, r0 ",0
"mov r2, 3 ",0
"cmp r3, r2 ",0
"movhs r2, 1 ",0
"movlo r2, 0 ",0
"cmp r2, 0 ",0
bne 0xb3bc ,0
"mov r0, r0 ",0
"ldrb r2, [r0, r3] ",0
"strb r2, [r1, r3] ",0
"add r3, r3, 1 ",0
b 0xb388 ,0
"mov r0, r0 ",0
"mov r0, r0 ",0
"mov r0, r0 ",0
"mov r0, r0 ",0
"mov r0, r0 ",0
"mov r0, r0 ",0
"ldrb r0, [sb, 0x483] ",0
"ldr r1, [0x0000b9dc] ",0
"add r1, r1, r0 ",0
"ldrb r0, [sb, r1] ",0
"cmp r0, 0xa ",0
"moveq r0, 1 ",0
"movne r0, 0 ",0
"ldrb r1, [sb, 0x483] ",0
"add r1, r1, 1 ",0
"ldr r2, [0x0000b9dc] ",0
"add r2, r2, r1 ",0
"ldrb r1, [sb, r2] ",0
"mov r2, 0xff ",0
"cmp r1, r2 ",0
"moveq r1, 1 ",0
"movne r1, 0 ",0
"and r0, r0, r1 ",0
"eor r0, r0, 1 ",0
"cmp r0, 0 ",0
bne 0xb5d0 ,0
"mov r0, r0 ",0
"ldrb r0, [sb, 0x483] ",0
"add r0, r0, 2 ",0
"ldr r1, [0x0000b9dc] ",0
"add r1, r1, r0 ",0
"ldrb r0, [sb, r1] ",0
"cmp r0, 0x59 ",0
"movne r0, 1 ",0
"moveq r0, 0 ",0
"cmp r0, 0 ",0
bne 0xb4e0 ,0
"mov r0, r0 ",0
"mov r0, 0xfd ",0
"ldrb r1, [sb, 0x483] ",0
"add r1, r1, 1 ",0
"ldr r2, [0x0000b9dc] ",0
"add r2, r2, r1 ",0
"strb r0, [sb, r2] ",0
"mov r0, 0x5a ",0
"ldrb r1, [sb, 0x483] ",0
"add r1, r1, 2 ",0
"ldr r2, [0x0000b9dc] ",0
"add r2, r2, r1 ",0
"strb r0, [sb, r2] ",0
"mov r1, lr ",0
bl 0xb48c ,0
"andeq r5, r0, r6, asr 4 ",1
"mov r0, lr ",0
"mov lr, r1 ",0
"ldr r2, [0x0000b9e0] ",0
"add r1, sb, r2 ",0
"mov r3, 0 ",0
"mov r0, r0 ",0
"mov r2, 3 ",0
"cmp r3, r2 ",0
"movhs r2, 1 ",0
"movlo r2, 0 ",0
"cmp r2, 0 ",0
bne 0xb4d4 ,0
"mov r0, r0 ",0
"ldrb r2, [r0, r3] ",0
"strb r2, [r1, r3] ",0
"add r3, r3, 1 ",0
b 0xb4a0 ,0
"mov r0, r0 ",0
"mov r0, r0 ",0
b 0xb5cc ,0
"mov r0, r0 ",0
"mov r0, r0 ",0
"ldrb r0, [sb, 0x483] ",0
"add r0, r0, 2 ",0
"ldr r1, [0x0000b9dc] ",0
"add r1, r1, r0 ",0
"ldrb r0, [sb, r1] ",0
"mov r1, 0xd9 ",0
"cmp r0, r1 ",0
"movne r0, 1 ",0
"moveq r0, 0 ",0
"cmp r0, 0 ",0
bne 0xb5c8 ,0
"mov r0, r0 ",0
"mov r0, 0x2f ",0
"ldrb r1, [sb, 0x483] ",0
"ldr r2, [0x0000b9dc] ",0
"add r2, r2, r1 ",0
"strb r0, [sb, r2] ",0
"mov r0, 0xa ",0
"ldrb r1, [sb, 0x483] ",0
"add r1, r1, 1 ",0
"ldr r2, [0x0000b9dc] ",0
"add r2, r2, r1 ",0
"strb r0, [sb, r2] ",0
"mov r0, 0xfd ",0
"ldrb r1, [sb, 0x483] ",0
"add r1, r1, 2 ",0
"ldr r2, [0x0000b9dc] ",0
"add r2, r2, r1 ",0
"strb r0, [sb, r2] ",0
"mov r0, 0x5a ",0
"ldrb r1, [sb, 0x483] ",0
"add r1, r1, 3 ",0
"ldr r2, [0x0000b9dc] ",0
"add r2, r2, r1 ",0
"strb r0, [sb, r2] ",0
"mov r1, lr ",0
bl 0xb57c ,0
"andeq r5, r0, r6, asr 4 ",1
"mov r0, lr ",0
"mov lr, r1 ",0
"ldr r2, [0x0000b9e0] ",0
"add r1, sb, r2 ",0
"mov r3, 0 ",0
"mov r0, r0 ",0
"mov r2, 3 ",0
"cmp r3, r2 ",0
"movhs r2, 1 ",0
"movlo r2, 0 ",0
"cmp r2, 0 ",0
bne 0xb5c4 ,0
"mov r0, r0 ",0
"ldrb r2, [r0, r3] ",0
"strb r2, [r1, r3] ",0
"add r3, r3, 1 ",0
b 0xb590 ,0
"mov r0, r0 ",0
"mov r0, r0 ",0
"mov r0, r0 ",0
"mov r0, r0 ",0
"mov r0, r0 ",0
"mov r0, r0 ",0
"ldrb r0, [sb, 0x483] ",0
"ldr r1, [0x0000b9dc] ",0
"add r1, r1, r0 ",0
"ldrb r0, [sb, r1] ",0
"cmp r0, 2 ",0
"moveq r0, 1 ",0
"movne r0, 0 ",0
"ldrb r1, [sb, 0x483] ",0
"add r1, r1, 1 ",0
"ldr r2, [0x0000b9dc] ",0
"add r2, r2, r1 ",0
"ldrb r1, [sb, r2] ",0
"mov r2, 0xff ",0
"cmp r1, r2 ",0
"moveq r1, 1 ",0
"movne r1, 0 ",0
"and r0, r0, r1 ",0
"eor r0, r0, 1 ",0
"cmp r0, 0 ",0
bne 0xb800 ,0
"mov r0, r0 ",0
"ldrb r0, [sb, 0x483] ",0
"add r0, r0, 2 ",0
"ldr r1, [0x0000b9dc] ",0
"add r1, r1, r0 ",0
"ldrb r0, [sb, r1] ",0
"cmp r0, 0x60 ",0
"movne r0, 1 ",0
"moveq r0, 0 ",0
"cmp r0, 0 ",0
bne 0xb6e8 ,0
"mov r0, r0 ",0
"mov r0, 0xfd ",0
"ldrb r1, [sb, 0x483] ",0
"add r1, r1, 1 ",0
"ldr r2, [0x0000b9dc] ",0
"add r2, r2, r1 ",0
"strb r0, [sb, r2] ",0
"mov r0, 0x59 ",0
"ldrb r1, [sb, 0x483] ",0
"add r1, r1, 2 ",0
"ldr r2, [0x0000b9dc] ",0
"add r2, r2, r1 ",0
"strb r0, [sb, r2] ",0
"mov r1, lr ",0
bl 0xb694 ,0
"andeq r4, r0, r0, asr r6 ",1
"mov r0, lr ",0
"mov lr, r1 ",0
"ldr r2, [0x0000b9e0] ",0
"add r1, sb, r2 ",0
"mov r3, 0 ",0
"mov r0, r0 ",0
"mov r2, 3 ",0
"cmp r3, r2 ",0
"movhs r2, 1 ",0
"movlo r2, 0 ",0
"cmp r2, 0 ",0
bne 0xb6dc ,0
"mov r0, r0 ",0
"ldrb r2, [r0, r3] ",0
"strb r2, [r1, r3] ",0
"add r3, r3, 1 ",0
b 0xb6a8 ,0
"mov r0, r0 ",0
"mov r0, r0 ",0
b 0xb7fc ,0
"mov r0, r0 ",0
"mov r0, r0 ",0
"ldrb r0, [sb, 0x483] ",0
"add r0, r0, 2 ",0
"ldr r1, [0x0000b9dc] ",0
"add r1, r1, r0 ",0
"ldrb r0, [sb, r1] ",0
"mov r1, 0xe0 ",0
"cmp r0, r1 ",0
"moveq r0, 1 ",0
"movne r0, 0 ",0
"ldrb r1, [sb, 0x483] ",0
"add r1, r1, 3 ",0
"ldr r2, [0x0000b9dc] ",0
"add r2, r2, r1 ",0
"ldrb r1, [sb, r2] ",0
"cmp r1, 0 ",0
"moveq r1, 1 ",0
"movne r1, 0 ",0
"and r0, r0, r1 ",0
"eor r0, r0, 1 ",0
"cmp r0, 0 ",0
bne 0xb7f8 ,0
"mov r0, r0 ",0
"mov r0, 0x2f ",0
"ldrb r1, [sb, 0x483] ",0
"ldr r2, [0x0000b9dc] ",0
"add r2, r2, r1 ",0
"strb r0, [sb, r2] ",0
"mov r0, 2 ",0
"ldrb r1, [sb, 0x483] ",0
"add r1, r1, 1 ",0
"ldr r2, [0x0000b9dc] ",0
"add r2, r2, r1 ",0
"strb r0, [sb, r2] ",0
"mov r0, 0xfd ",0
"ldrb r1, [sb, 0x483] ",0
"add r1, r1, 2 ",0
"ldr r2, [0x0000b9dc] ",0
"add r2, r2, r1 ",0
"strb r0, [sb, r2] ",0
"mov r0, 0x59 ",0
"ldrb r1, [sb, 0x483] ",0
"add r1, r1, 3 ",0
"ldr r2, [0x0000b9dc] ",0
"add r2, r2, r1 ",0
"strb r0, [sb, r2] ",0
"mov r1, lr ",0
bl 0xb7ac ,0
"andeq r4, r0, r0, asr r6 ",1
"mov r0, lr ",0
"mov lr, r1 ",0
"ldr r2, [0x0000b9e0] ",0
"add r1, sb, r2 ",0
"mov r3, 0 ",0
"mov r0, r0 ",0
"mov r2, 3 ",0
"cmp r3, r2 ",0
"movhs r2, 1 ",0
"movlo r2, 0 ",0
"cmp r2, 0 ",0
bne 0xb7f4 ,0
"mov r0, r0 ",0
"ldrb r2, [r0, r3] ",0
"strb r2, [r1, r3] ",0
"add r3, r3, 1 ",0
b 0xb7c0 ,0
"mov r0, r0 ",0
"mov r0, r0 ",0
"mov r0, r0 ",0
"mov r0, r0 ",0
"mov r0, r0 ",0
"mov r0, r0 ",0
"ldrb r0, [sb, 0x483] ",0
"add r0, r0, 1 ",0
"ldr r1, [0x0000b9dc] ",0
"add r1, r1, r0 ",0
"ldrb r0, [sb, r1] ",0
"mov r1, 0xff ",0
"cmp r0, r1 ",0
"moveq r0, 1 ",0
"movne r0, 0 ",0
"ldrb r1, [sb, 0x483] ",0
"add r1, r1, 2 ",0
"ldr r2, [0x0000b9dc] ",0
"add r2, r2, r1 ",0
"ldrb r1, [sb, r2] ",0
"mov r2, 0xe0 ",0
"cmp r1, r2 ",0
"moveq r1, 1 ",0
"movne r1, 0 ",0
"and r0, r0, r1 ",0
"ldrb r1, [sb, 0x483] ",0
"add r1, r1, 3 ",0
"ldr r2, [0x0000b9dc] ",0
"add r2, r2, r1 ",0
"ldrb r1, [sb, r2] ",0
"mov r2, 0xff ",0
"cmp r1, r2 ",0
"moveq r1, 1 ",0
"movne r1, 0 ",0
"and r0, r0, r1 ",0
"eor r0, r0, 1 ",0
"cmp r0, 0 ",0
bne 0xbf6c ,0
"mov r0, r0 ",0
"ldrb r0, [sb, 0x483] ",0
"add r0, r0, 4 ",0
"ldr r1, [0x0000b9dc] ",0
"add r1, r1, r0 ",0
"ldrb r0, [sb, r1] ",0
"cmp r0, 1 ",0
"movne r0, 1 ",0
"moveq r0, 0 ",0
"cmp r0, 0 ",0
bne 0xb99c ,0
"mov r0, r0 ",0
"ldrb r0, [sb, 0x483] ",0
"ldr r1, [0x0000b9dc] ",0
"add r1, r1, r0 ",0
"ldrb r0, [sb, r1] ",0
"ldrb r1, [sb, 0x483] ",0
"add r1, r1, 2 ",0
"ldr r2, [0x0000b9dc] ",0
"add r2, r2, r1 ",0
"strb r0, [sb, r2] ",0
"mov r0, 0x2f ",0
"ldrb r1, [sb, 0x483] ",0
"ldr r2, [0x0000b9dc] ",0
"add r2, r2, r1 ",0
"strb r0, [sb, r2] ",0
"mov r0, 0x2f ",0
"ldrb r1, [sb, 0x483] ",0
"add r1, r1, 1 ",0
"ldr r2, [0x0000b9dc] ",0
"add r2, r2, r1 ",0
"strb r0, [sb, r2] ",0
"mov r0, 0xfd ",0
"ldrb r1, [sb, 0x483] ",0
"add r1, r1, 3 ",0
"ldr r2, [0x0000b9dc] ",0
"add r2, r2, r1 ",0
"strb r0, [sb, r2] ",0
"mov r0, 0x59 ",0
"ldrb r1, [sb, 0x483] ",0
"add r1, r1, 4 ",0
"ldr r2, [0x0000b9dc] ",0
"add r2, r2, r1 ",0
"strb r0, [sb, r2] ",0
"mov r1, lr ",0
bl 0xb948 ,0
"qdaddlo r4, r0, ip ",1
"andeq r0, r0, r0 ",0
"mov r0, lr ",0
"mov lr, r1 ",0
"ldr r2, [0x0000b9e0] ",0
"add r1, sb, r2 ",0
"mov r3, 0 ",0
"mov r0, r0 ",0
"mov r2, 5 ",0
"cmp r3, r2 ",0
"movhs r2, 1 ",0
"movlo r2, 0 ",0
"cmp r2, 0 ",0
bne 0xb990 ,0
"mov r0, r0 ",0
"ldrb r2, [r0, r3] ",0
"strb r2, [r1, r3] ",0
"add r3, r3, 1 ",0
b 0xb95c ,0
"mov r0, r0 ",0
"mov r0, r0 ",0
b 0xbf68 ,0
"mov r0, r0 ",0
"mov r0, r0 ",0
"ldrb r0, [sb, 0x483] ",0
"add r0, r0, 4 ",0
"ldr r1, [0x0000b9dc] ",0
"add r1, r1, r0 ",0
"ldrb r0, [sb, r1] ",0
"cmp r0, 2 ",0
"movne r0, 1 ",0
"moveq r0, 0 ",0
"cmp r0, 0 ",0
bne 0xbac8 ,0
"mov r0, r0 ",0
b 0xb9e4 ,0
"mov r0, r0 ",0
"andeq r0, r0, r0 ",1
"andeq r0, r0, r0 ",1
"strheq r0, [r0], -r0 ",1
"andeq r0, r0, sb, asr r4 ",1
"ldrb r0, [sb, 0x483] ",0
"ldr r1, [0x0000c9e0] ",0
"add r1, r1, r0 ",0
"ldrb r0, [sb, r1] ",0
"ldrb r1, [sb, 0x483] ",0
"add r1, r1, 2 ",0
"ldr r2, [0x0000c9e0] ",0
"add r2, r2, r1 ",0
"strb r0, [sb, r2] ",0
"mov r0, 0x2f ",0
"ldrb r1, [sb, 0x483] ",0
"ldr r2, [0x0000c9e0] ",0
"add r2, r2, r1 ",0
"strb r0, [sb, r2] ",0
"mov r0, 0x2f ",0
"ldrb r1, [sb, 0x483] ",0
"add r1, r1, 1 ",0
"ldr r2, [0x0000c9e0] ",0
"add r2, r2, r1 ",0
"strb r0, [sb, r2] ",0
"mov r0, 0xfd ",0
"ldrb r1, [sb, 0x483] ",0
"add r1, r1, 3 ",0
"ldr r2, [0x0000c9e0] ",0
"add r2, r2, r1 ",0
"strb r0, [sb, r2] ",0
"mov r0, 0x59 ",0
"ldrb r1, [sb, 0x483] ",0
"add r1, r1, 4 ",0
"ldr r2, [0x0000c9e0] ",0
"add r2, r2, r1 ",0
"strb r0, [sb, r2] ",0
"mov r1, lr ",0
bl 0xba74 ,0
"sublo r4, ip, 80, 12 ",1
"andeq r0, r0, r0 ",0
"mov r0, lr ",0
"mov lr, r1 ",0
"ldr r2, [0x0000c9dc] ",0
"add r1, sb, r2 ",0
"mov r3, 0 ",0
"mov r0, r0 ",0
"mov r2, 5 ",0
"cmp r3, r2 ",0
"movhs r2, 1 ",0
"movlo r2, 0 ",0
"cmp r2, 0 ",0
bne 0xbabc ,0
"mov r0, r0 ",0
"ldrb r2, [r0, r3] ",0
"strb r2, [r1, r3] ",0
"add r3, r3, 1 ",0
b 0xba88 ,0
"mov r0, r0 ",0
"mov r0, r0 ",0
b 0xbf68 ,0
"mov r0, r0 ",0
"mov r0, r0 ",0
"ldrb r0, [sb, 0x483] ",0
"add r0, r0, 4 ",0
"ldr r1, [0x0000c9e0] ",0
"add r1, r1, r0 ",0
"ldrb r0, [sb, r1] ",0
"cmp r0, 3 ",0
"movne r0, 1 ",0
"moveq r0, 0 ",0
"cmp r0, 0 ",0
bne 0xbbdc ,0
"mov r0, r0 ",0
"ldrb r0, [sb, 0x483] ",0
"ldr r1, [0x0000c9e0] ",0
"add r1, r1, r0 ",0
"ldrb r0, [sb, r1] ",0
"ldrb r1, [sb, 0x483] ",0
"add r1, r1, 2 ",0
"ldr r2, [0x0000c9e0] ",0
"add r2, r2, r1 ",0
"strb r0, [sb, r2] ",0
"mov r0, 0x2f ",0
"ldrb r1, [sb, 0x483] ",0
"ldr r2, [0x0000c9e0] ",0
"add r2, r2, r1 ",0
"strb r0, [sb, r2] ",0
"mov r0, 0x2f ",0
"ldrb r1, [sb, 0x483] ",0
"add r1, r1, 1 ",0
"ldr r2, [0x0000c9e0] ",0
"add r2, r2, r1 ",0
"strb r0, [sb, r2] ",0
"mov r0, 0xfd ",0
"ldrb r1, [sb, 0x483] ",0
"add r1, r1, 3 ",0
"ldr r2, [0x0000c9e0] ",0
"add r2, r2, r1 ",0
"strb r0, [sb, r2] ",0
"mov r0, 0x59 ",0
"ldrb r1, [sb, 0x483] ",0
"add r1, r1, 4 ",0
"ldr r2, [0x0000c9e0] ",0
"add r2, r2, r1 ",0
"strb r0, [sb, r2] ",0
"mov r1, lr ",0
bl 0xbb88 ,0
"movtlo r4, 0xc650 ",1
"andeq r0, r0, r0 ",0
"mov r0, lr ",0
"mov lr, r1 ",0
"ldr r2, [0x0000c9dc] ",0
"add r1, sb, r2 ",0
"mov r3, 0 ",0
"mov r0, r0 ",0
"mov r2, 5 ",0
"cmp r3, r2 ",0
"movhs r2, 1 ",0
"movlo r2, 0 ",0
"cmp r2, 0 ",0
bne 0xbbd0 ,0
"mov r0, r0 ",0
"ldrb r2, [r0, r3] ",0
"strb r2, [r1, r3] ",0
"add r3, r3, 1 ",0
b 0xbb9c ,0
"mov r0, r0 ",0
"mov r0, r0 ",0
b 0xbf68 ,0
"mov r0, r0 ",0
"mov r0, r0 ",0
"ldrb r0, [sb, 0x483] ",0
"add r0, r0, 4 ",0
"ldr r1, [0x0000c9e0] ",0
"add r1, r1, r0 ",0
"ldrb r0, [sb, r1] ",0
"mov r1, 0x81 ",0
"cmp r0, r1 ",0
"movne r0, 1 ",0
"moveq r0, 0 ",0
"cmp r0, 0 ",0
bne 0xbd0c ,0
"mov r0, r0 ",0
"ldrb r0, [sb, 0x483] ",0
"ldr r1, [0x0000c9e0] ",0
"add r1, r1, r0 ",0
"ldrb r0, [sb, r1] ",0
"ldrb r1, [sb, 0x483] ",0
"add r1, r1, 3 ",0
"ldr r2, [0x0000c9e0] ",0
"add r2, r2, r1 ",0
"strb r0, [sb, r2] ",0
"mov r0, 0x2f ",0
"ldrb r1, [sb, 0x483] ",0
"ldr r2, [0x0000c9e0] ",0
"add r2, r2, r1 ",0
"strb r0, [sb, r2] ",0
"mov r0, 0x2f ",0
"ldrb r1, [sb, 0x483] ",0
"add r1, r1, 1 ",0
"ldr r2, [0x0000c9e0] ",0
"add r2, r2, r1 ",0
"strb r0, [sb, r2] ",0
"mov r0, 0x2f ",0
"ldrb r1, [sb, 0x483] ",0
"add r1, r1, 2 ",0
"ldr r2, [0x0000c9e0] ",0
"add r2, r2, r1 ",0
"strb r0, [sb, r2] ",0
"mov r0, 0xfd ",0
"ldrb r1, [sb, 0x483] ",0
"add r1, r1, 4 ",0
"ldr r2, [0x0000c9e0] ",0
"add r2, r2, r1 ",0
"strb r0, [sb, r2] ",0
"mov r0, 0x59 ",0
"ldrb r1, [sb, 0x483] ",0
"add r1, r1, 5 ",0
"ldr r2, [0x0000c9e0] ",0
"add r2, r2, r1 ",0
"strb r0, [sb, r2] ",0
"mov r1, lr ",0
bl 0xbcb8 ,0
"qdaddlo r4, r0, ip ",1
"andeq r0, r0, r0 ",0
"mov r0, lr ",0
"mov lr, r1 ",0
"ldr r2, [0x0000c9dc] ",0
"add r1, sb, r2 ",0
"mov r3, 0 ",0
"mov r0, r0 ",0
"mov r2, 5 ",0
"cmp r3, r2 ",0
"movhs r2, 1 ",0
"movlo r2, 0 ",0
"cmp r2, 0 ",0
bne 0xbd00 ,0
"mov r0, r0 ",0
"ldrb r2, [r0, r3] ",0
"strb r2, [r1, r3] ",0
"add r3, r3, 1 ",0
b 0xbccc ,0
"mov r0, r0 ",0
"mov r0, r0 ",0
b 0xbf68 ,0
"mov r0, r0 ",0
"mov r0, r0 ",0
"ldrb r0, [sb, 0x483] ",0
"add r0, r0, 4 ",0
"ldr r1, [0x0000c9e0] ",0
"add r1, r1, r0 ",0
"ldrb r0, [sb, r1] ",0
"mov r1, 0x82 ",0
"cmp r0, r1 ",0
"movne r0, 1 ",0
"moveq r0, 0 ",0
"cmp r0, 0 ",0
bne 0xbe3c ,0
"mov r0, r0 ",0
"ldrb r0, [sb, 0x483] ",0
"ldr r1, [0x0000c9e0] ",0
"add r1, r1, r0 ",0
"ldrb r0, [sb, r1] ",0
"ldrb r1, [sb, 0x483] ",0
"add r1, r1, 3 ",0
"ldr r2, [0x0000c9e0] ",0
"add r2, r2, r1 ",0
"strb r0, [sb, r2] ",0
"mov r0, 0x2f ",0
"ldrb r1, [sb, 0x483] ",0
"ldr r2, [0x0000c9e0] ",0
"add r2, r2, r1 ",0
"strb r0, [sb, r2] ",0
"mov r0, 0x2f ",0
"ldrb r1, [sb, 0x483] ",0
"add r1, r1, 1 ",0
"ldr r2, [0x0000c9e0] ",0
"add r2, r2, r1 ",0
"strb r0, [sb, r2] ",0
"mov r0, 0x2f ",0
"ldrb r1, [sb, 0x483] ",0
"add r1, r1, 2 ",0
"ldr r2, [0x0000c9e0] ",0
"add r2, r2, r1 ",0
"strb r0, [sb, r2] ",0
"mov r0, 0xfd ",0
"ldrb r1, [sb, 0x483] ",0
"add r1, r1, 4 ",0
"ldr r2, [0x0000c9e0] ",0
"add r2, r2, r1 ",0
"strb r0, [sb, r2] ",0
"mov r0, 0x59 ",0
"ldrb r1, [sb, 0x483] ",0
"add r1, r1, 5 ",0
"ldr r2, [0x0000c9e0] ",0
"add r2, r2, r1 ",0
"strb r0, [sb, r2] ",0
"mov r1, lr ",0
bl 0xbde8 ,0
"sublo r4, ip, 80, 12 ",1
"andeq r0, r0, r0 ",0
"mov r0, lr ",0
"mov lr, r1 ",0
"ldr r2, [0x0000c9dc] ",0
"add r1, sb, r2 ",0
"mov r3, 0 ",0
"mov r0, r0 ",0
"mov r2, 5 ",0
"cmp r3, r2 ",0
"movhs r2, 1 ",0
"movlo r2, 0 ",0
"cmp r2, 0 ",0
bne 0xbe30 ,0
"mov r0, r0 ",0
"ldrb r2, [r0, r3] ",0
"strb r2, [r1, r3] ",0
"add r3, r3, 1 ",0
b 0xbdfc ,0
"mov r0, r0 ",0
"mov r0, r0 ",0
b 0xbf68 ,0
"mov r0, r0 ",0
"mov r0, r0 ",0
"ldrb r0, [sb, 0x483] ",0
"add r0, r0, 4 ",0
"ldr r1, [0x0000c9e0] ",0
"add r1, r1, r0 ",0
"ldrb r0, [sb, r1] ",0
"mov r1, 0x83 ",0
"cmp r0, r1 ",0
"movne r0, 1 ",0
"moveq r0, 0 ",0
"cmp r0, 0 ",0
bne 0xbf64 ,0
"mov r0, r0 ",0
"ldrb r0, [sb, 0x483] ",0
"ldr r1, [0x0000c9e0] ",0
"add r1, r1, r0 ",0
"ldrb r0, [sb, r1] ",0
"ldrb r1, [sb, 0x483] ",0
"add r1, r1, 3 ",0
"ldr r2, [0x0000c9e0] ",0
"add r2, r2, r1 ",0
"strb r0, [sb, r2] ",0
"mov r0, 0x2f ",0
"ldrb r1, [sb, 0x483] ",0
"ldr r2, [0x0000c9e0] ",0
"add r2, r2, r1 ",0
"strb r0, [sb, r2] ",0
"mov r0, 0x2f ",0
"ldrb r1, [sb, 0x483] ",0
"add r1, r1, 1 ",0
"ldr r2, [0x0000c9e0] ",0
"add r2, r2, r1 ",0
"strb r0, [sb, r2] ",0
"mov r0, 0x2f ",0
"ldrb r1, [sb, 0x483] ",0
"add r1, r1, 2 ",0
"ldr r2, [0x0000c9e0] ",0
"add r2, r2, r1 ",0
"strb r0, [sb, r2] ",0
"mov r0, 0xfd ",0
"ldrb r1, [sb, 0x483] ",0
"add r1, r1, 4 ",0
"ldr r2, [0x0000c9e0] ",0
"add r2, r2, r1 ",0
"strb r0, [sb, r2] ",0
"mov r0, 0x59 ",0
"ldrb r1, [sb, 0x483] ",0
"add r1, r1, 5 ",0
"ldr r2, [0x0000c9e0] ",0
"add r2, r2, r1 ",0
"strb r0, [sb, r2] ",0
"mov r1, lr ",0
bl 0xbf18 ,0
"movtlo r4, 0xc650 ",1
"andeq r0, r0, r0 ",0
"mov r0, lr ",0
"mov lr, r1 ",0
"ldr r2, [0x0000c9dc] ",0
"add r1, sb, r2 ",0
"mov r3, 0 ",0
"mov r0, r0 ",0
"mov r2, 5 ",0
"cmp r3, r2 ",0
"movhs r2, 1 ",0
"movlo r2, 0 ",0
"cmp r2, 0 ",0
bne 0xbf60 ,0
"mov r0, r0 ",0
"ldrb r2, [r0, r3] ",0
"strb r2, [r1, r3] ",0
"add r3, r3, 1 ",0
b 0xbf2c ,0
"mov r0, r0 ",0
"mov r0, r0 ",0
"mov r0, r0 ",0
"mov r0, r0 ",0
"mov r0, r0 ",0
"mov r0, r0 ",0
"mov r0, r0 ",0
"mov r0, r0 ",0
"ldrb r0, [sb, 0x5db] ",0
"add r0, r0, 1 ",0
"strb r0, [sb, 0x5db] ",0
"mov r0, r0 ",0
"ldrb r0, [sb, 0x483] ",0
"ldr r1, [0x0000c9e0] ",0
"add r1, r1, r0 ",0
"ldrb r0, [sb, r1] ",0
"cmp r0, 0x2f ",0
"movne r0, 1 ",0
"moveq r0, 0 ",0
"cmp r0, 0 ",0
bne 0xbfc8 ,0
"mov r0, r0 ",0
"ldrb r0, [sb, 0x483] ",0
"add r0, r0, 1 ",0
"strb r0, [sb, 0x483] ",0
b 0xbf88 ,0
"mov r0, r0 ",0
"mov r0, r0 ",0
"ldrb r0, [sb, 0x483] ",0
"strb r0, [sb, 0x484] ",0
"ldrb r0, [sb, 0x483] ",0
"ldr r1, [0x0000c9e0] ",0
"add r1, r1, r0 ",0
"ldrb r0, [sb, r1] ",0
"strb r0, [sb, 0x486] ",0
"ldrb r0, [sb, 0x486] ",0
"cmp r0, 0x1f ",0
"movne r0, 1 ",0
"moveq r0, 0 ",0
"cmp r0, 0 ",0
bne 0xc00c ,0
"mov r0, r0 ",0
"mov r0, 1 ",0
"strb r0, [sb, 0x950] ",0
"mov r0, r0 ",0
"mov r0, r0 ",0
"ldrb r0, [sb, 0x486] ",0
"and r0, r0, 0xf ",0
"cmp r0, 0xf ",0
"movne r0, 1 ",0
"moveq r0, 0 ",0
"cmp r0, 0 ",0
bne 0xc044 ,0
"mov r0, r0 ",0
"mov r0, 1 ",0
"strb r0, [sb, 0x4a0] ",0
b 0x12ccc ,0
"mov r0, r0 ",0
"mov r0, r0 ",0
"mov r0, r0 ",0
"ldrb r0, [sb, 0x483] ",0
"ldr r1, [0x0000c9e0] ",0
"add r1, r1, r0 ",0
"ldrb r0, [sb, r1] ",0
"cmp r0, 0x7f ",0
"movls r0, 1 ",0
"movhi r0, 0 ",0
"cmp r0, 0 ",0
bne 0xc088 ,0
"mov r0, r0 ",0
"ldrb r0, [sb, 0x483] ",0
"add r0, r0, 1 ",0
"strb r0, [sb, 0x483] ",0
b 0xc048 ,0
"mov r0, r0 ",0
"mov r0, r0 ",0
"ldrb r0, [sb, 0x483] ",0
"add r0, r0, 1 ",0
"strb r0, [sb, 0x483] ",0
"ldrb r0, [sb, 0x483] ",0
"strb r0, [sb, 0x485] ",0
"ldrb r0, [sb, 0x483] ",0
"ldr r1, [0x0000c9e0] ",0
"add r1, r1, r0 ",0
"ldrb r0, [sb, r1] ",0
"and r0, r0, 0x7f ",0
"strb r0, [sb, 0x487] ",0
"mov r0, r0 ",0
"ldrb r0, [sb, 0x483] ",0
"ldr r1, [0x0000c9e0] ",0
"add r1, r1, r0 ",0
"ldrb r0, [sb, r1] ",0
"cmp r0, 0x7f ",0
"movls r0, 1 ",0
"movhi r0, 0 ",0
"cmp r0, 0 ",0
bne 0xc0f8 ,0
"mov r0, r0 ",0
"ldrb r0, [sb, 0x483] ",0
"add r0, r0, 1 ",0
"strb r0, [sb, 0x483] ",0
b 0xc0b8 ,0
"mov r0, r0 ",0
"mov r0, r0 ",0
"ldrb r0, [sb, 0x487] ",0
"cmp r0, 0x7c ",0
"movne r0, 1 ",0
"moveq r0, 0 ",0
"cmp r0, 0 ",0
bne 0xc13c ,0
"mov r0, r0 ",0
"ldrb r0, [sb, 0x485] ",0
"add r0, r0, 1 ",0
"ldr r1, [0x0000c9e0] ",0
"add r1, r1, r0 ",0
"ldrb r0, [sb, r1] ",0
"add r0, r0, 1 ",0
"strb r0, [sb, 0x47e] ",0
b 0xc148 ,0
"mov r0, r0 ",0
"mov r0, r0 ",0
"mov r0, 0 ",0
"strb r0, [sb, 0x47e] ",0
"mov r0, r0 ",0
"ldrb r0, [sb, 0x486] ",0
"and r0, r0, 7 ",0
"add r0, r0, 1 ",0
"strb r0, [sb, 0x488] ",0
"ldrb r0, [sb, 0x486] ",0
"and r0, r0, 0xf ",0
"cmp r0, 5 ",0
"movne r0, 1 ",0
"moveq r0, 0 ",0
"cmp r0, 0 ",0
bne 0xc18c ,0
"mov r0, r0 ",0
"mov r0, 5 ",0
"strb r0, [sb, 0x488] ",0
b 0xc384 ,0
"mov r0, r0 ",0
"mov r0, r0 ",0
"ldrb r0, [sb, 0x486] ",0
"and r0, r0, 0xf ",0
"cmp r0, 7 ",0
"movne r0, 1 ",0
"moveq r0, 0 ",0
"cmp r0, 0 ",0
bne 0xc1c0 ,0
"mov r0, r0 ",0
"mov r0, 9 ",0
"strb r0, [sb, 0x488] ",0
b 0xc384 ,0
"mov r0, r0 ",0
"mov r0, r0 ",0
"ldrb r0, [sb, 0x486] ",0
"and r0, r0, 0xf ",0
"cmp r0, 0xd ",0
"movne r0, 1 ",0
"moveq r0, 0 ",0
"cmp r0, 0 ",0
bne 0xc380 ,0
"mov r0, r0 ",0
"ldrb r0, [sb, 0x483] ",0
"ldrb r1, [sb, 0x47e] ",0
"add r0, r0, r1 ",0
"add r0, r0, 1 ",0
"ldr r1, [0x0000c9e0] ",0
"add r1, r1, r0 ",0
"ldrb r0, [sb, r1] ",0
"strb r0, [sb, 0x47f] ",0
"ldrb r0, [sb, 0x47f] ",0
"mov r1, 0xc0 ",0
"cmp r0, r1 ",0
"movhs r0, 1 ",0
"movlo r0, 0 ",0
"cmp r0, 0 ",0
bne 0xc238 ,0
"mov r0, r0 ",0
"ldrb r0, [sb, 0x47f] ",0
"add r0, r0, 2 ",0
"strb r0, [sb, 0x488] ",0
b 0xc344 ,0
"mov r0, r0 ",0
"mov r0, r0 ",0
"ldrb r0, [sb, 0x47f] ",0
"mov r1, 0xf0 ",0
"and r0, r0, r1 ",0
"mov r1, 0xc0 ",0
"cmp r0, r1 ",0
"movne r0, 1 ",0
"moveq r0, 0 ",0
"cmp r0, 0 ",0
bne 0xc27c ,0
"mov r0, r0 ",0
"ldrb r0, [sb, 0x47f] ",0
"mov r1, 0xbe ",0
"sub r0, r0, r1 ",0
"strb r0, [sb, 0x488] ",0
b 0xc344 ,0
"mov r0, r0 ",0
"mov r0, r0 ",0
"ldrb r0, [sb, 0x47f] ",0
"mov r1, 0xf0 ",0
"and r0, r0, r1 ",0
"mov r1, 0xd0 ",0
"cmp r0, r1 ",0
"movne r0, 1 ",0
"moveq r0, 0 ",0
"cmp r0, 0 ",0
bne 0xc2c0 ,0
"mov r0, r0 ",0
"ldrb r0, [sb, 0x47f] ",0
"mov r1, 0xce ",0
"sub r0, r0, r1 ",0
"strb r0, [sb, 0x488] ",0
b 0xc344 ,0
"mov r0, r0 ",0
"mov r0, r0 ",0
"ldrb r0, [sb, 0x47f] ",0
"mov r1, 0xf0 ",0
"and r0, r0, r1 ",0
"mov r1, 0xe0 ",0
"cmp r0, r1 ",0
"movne r0, 1 ",0
"moveq r0, 0 ",0
"cmp r0, 0 ",0
bne 0xc304 ,0
"mov r0, r0 ",0
"ldrb r0, [sb, 0x47f] ",0
"mov r1, 0xde ",0
"sub r0, r0, r1 ",0
"strb r0, [sb, 0x488] ",0
b 0xc344 ,0
"mov r0, r0 ",0
"mov r0, r0 ",0
"ldrb r0, [sb, 0x47f] ",0
"mov r1, 0xf0 ",0
"and r0, r0, r1 ",0
"mov r1, 0xf0 ",0
"cmp r0, r1 ",0
"movne r0, 1 ",0
"moveq r0, 0 ",0
"cmp r0, 0 ",0
bne 0xc340 ,0
"mov r0, r0 ",0
"ldrb r0, [sb, 0x47f] ",0
"mov r1, 0xee ",0
"sub r0, r0, r1 ",0
"strb r0, [sb, 0x488] ",0
"mov r0, r0 ",0
"mov r0, r0 ",0
"ldrb r0, [sb, 0x47f] ",0
"mov r1, 0xfa ",0
"cmp r0, r1 ",0
"movls r0, 1 ",0
"movhi r0, 0 ",0
"cmp r0, 0 ",0
bne 0xc370 ,0
"mov r0, r0 ",0
"mov r0, 1 ",0
"strb r0, [sb, 0x4a0] ",0
"mov r0, r0 ",0
"mov r0, r0 ",0
b 0xc384 ,0
"mov r0, r0 ",0
"mov r0, r0 ",0
"mov r0, r0 ",0
"mov r0, 0 ",0
"strb r0, [sb, 0x4a1] ",0
"ldrb r0, [sb, 0x487] ",0
"cmp r0, 0x20 ",0
"movlo r0, 1 ",0
"movhs r0, 0 ",0
"ldrb r1, [sb, 0x487] ",0
"cmp r1, 0x27 ",0
"movhi r1, 1 ",0
"movls r1, 0 ",0
"ldrb r2, [sb, 0x487] ",0
"cmp r2, 0x6c ",0
"movlo r2, 1 ",0
"movhs r2, 0 ",0
"and r1, r1, r2 ",0
"orr r0, r0, r1 ",0
"ldrb r1, [sb, 0x487] ",0
"cmp r1, 0x6e ",0
"moveq r1, 1 ",0
"movne r1, 0 ",0
"orr r0, r0, r1 ",0
"eor r0, r0, 1 ",0
"cmp r0, 0 ",0
bne 0xc3f4 ,0
"mov r0, r0 ",0
"mov r0, 1 ",0
"strb r0, [sb, 0x4a1] ",0
"mov r0, r0 ",0
"mov r0, r0 ",0
"ldrb r0, [sb, 0x488] ",0
"cmp r0, 0 ",0
"movne r0, 1 ",0
"moveq r0, 0 ",0
"cmp r0, 0 ",0
bne 0xc420 ,0
"mov r0, r0 ",0
"mov r0, 0 ",0
"strb r0, [sb, 0x4a1] ",0
"mov r0, r0 ",0
"mov r0, r0 ",0
"mov r2, 2 ",0
"mov r1, r2 ",0
"ldr r3, [0x0000c9d8] ",0
"add r2, sb, r3 ",0
"mov r0, r2 ",0
"str sb, [sp, -4]! ",0
"str r8, [sp, -4]! ",0
"str lr, [sp, -4]! ",0
"ldr r8, [0x0000c9d4] ",0
"ldr r8, [r8] ",0
"mov lr, pc ",0
"mov pc, r8 ",0
"mov r0, r0 ",0
pop {lr} ,0
pop {r8} ,0
pop {sb} ,0
"add sp, sp, 0 ",0
"mov r2, lr ",0
bl 0xc478 ,0
"andeq r5, r0, sl, asr r2 ",1
"mov r1, lr ",0
"mov lr, r2 ",0
"mov r5, 0 ",0
"mov r0, r0 ",0
"ldrb r2, [r0, r5] ",0
"ldrb r3, [r1, r5] ",0
"cmp r2, 0 ",0
beq 0xc4c4 ,0
"mov r0, r0 ",0
"cmp r3, 0 ",0
beq 0xc4c4 ,0
"mov r0, r0 ",0
"add r5, r5, 1 ",0
"cmp r2, r3 ",0
"moveq r4, 1 ",0
"movne r4, 0 ",0
"cmp r4, 0 ",0
bne 0xc484 ,0
"mov r0, r0 ",0
"mov r0, r0 ",0
"cmp r2, r3 ",0
"movne r0, 1 ",0
"moveq r0, 0 ",0
"cmp r0, 0 ",0
bne 0xc520 ,0
"mov r0, r0 ",0
"ldrb r0, [sb, 0x486] ",0
"and r0, r0, 0x40 ",0
"cmp r0, 0 ",0
"moveq r0, 1 ",0
"movne r0, 0 ",0
"cmp r0, 0 ",0
bne 0xc510 ,0
"mov r0, r0 ",0
"ldrb r0, [sb, 0x486] ",0
"mov r1, 0xbf ",0
"and r0, r0, r1 ",0
"strb r0, [sb, 0x486] ",0
"mov r0, r0 ",0
"mov r0, r0 ",0
b 0xc554 ,0
"mov r0, r0 ",0
"mov r0, r0 ",0
"ldrb r0, [sb, 0x486] ",0
"ldrb r1, [sb, 0x48a] ",0
"and r0, r0, r1 ",0
"cmp r0, 0 ",0
"moveq r0, 1 ",0
"movne r0, 0 ",0
"cmp r0, 0 ",0
bne 0xc550 ,0
"mov r0, r0 ",0
"mov r0, 0 ",0
"strb r0, [sb, 0x4a1] ",0
"mov r0, r0 ",0
"mov r0, r0 ",0
"ldrb r0, [sb, 0x486] ",0
"and r0, r0, 7 ",0
"cmp r0, 0 ",0
"movne r0, 1 ",0
"moveq r0, 0 ",0
"cmp r0, 0 ",0
bne 0xc580 ,0
"mov r0, r0 ",0
"mov r0, 0 ",0
"strb r0, [sb, 0x4a1] ",0
"mov r0, r0 ",0
"mov r0, r0 ",0
"ldrb r0, [sb, 0x485] ",0
"ldrb r1, [sb, 0x484] ",0
"sub r0, r0, r1 ",0
"cmp r0, 2 ",0
"moveq r0, 1 ",0
"movne r0, 0 ",0
"ldrb r1, [sb, 0x48a] ",0
"cmp r1, 0x40 ",0
"moveq r1, 1 ",0
"movne r1, 0 ",0
"and r0, r0, r1 ",0
"eor r0, r0, 1 ",0
"cmp r0, 0 ",0
bne 0xc6dc ,0
"mov r0, r0 ",0
"mov r2, 2 ",0
"mov r1, r2 ",0
"ldr r3, [0x0000c9d8] ",0
"add r2, sb, r3 ",0
"mov r0, r2 ",0
"str sb, [sp, -4]! ",0
"str r8, [sp, -4]! ",0
"str lr, [sp, -4]! ",0
"ldr r8, [0x0000c9d4] ",0
"ldr r8, [r8] ",0
"mov lr, pc ",0
"mov pc, r8 ",0
"mov r0, r0 ",0
pop {lr} ,0
pop {r8} ,0
pop {sb} ,0
"add sp, sp, 0 ",0
"mov r2, lr ",0
bl 0xc614 ,0
"andeq r5, r0, sl, asr r2 ",1
"mov r1, lr ",0
"mov lr, r2 ",0
"mov r5, 0 ",0
"mov r0, r0 ",0
"ldrb r2, [r0, r5] ",0
"ldrb r3, [r1, r5] ",0
"cmp r2, 0 ",0
beq 0xc660 ,0
"mov r0, r0 ",0
"cmp r3, 0 ",0
beq 0xc660 ,0
"mov r0, r0 ",0
"add r5, r5, 1 ",0
"cmp r2, r3 ",0
"moveq r4, 1 ",0
"movne r4, 0 ",0
"cmp r4, 0 ",0
bne 0xc620 ,0
"mov r0, r0 ",0
"mov r0, r0 ",0
"cmp r2, r3 ",0
"movne r0, 1 ",0
"moveq r0, 0 ",0
"cmp r0, 0 ",0
bne 0xc690 ,0
"mov r0, r0 ",0
"ldrb r0, [sb, 0x486] ",0
"and r0, r0, 0x7f ",0
"strb r0, [sb, 0x486] ",0
b 0xc6d0 ,0
"mov r0, r0 ",0
"mov r0, r0 ",0
"ldrb r0, [sb, 0x485] ",0
"sub r0, r0, 1 ",0
"ldr r1, [0x0000c9e0] ",0
"add r1, r1, r0 ",0
"ldrb r0, [sb, r1] ",0
"and r0, r0, 0xf ",0
"cmp r0, 0 ",0
"moveq r0, 1 ",0
"movne r0, 0 ",0
"cmp r0, 0 ",0
bne 0xc6cc ,0
"mov r0, r0 ",0
"mov r0, 0 ",0
"strb r0, [sb, 0x4a1] ",0
"mov r0, r0 ",0
"mov r0, r0 ",0
b 0xc78c ,0
"mov r0, r0 ",0
"mov r0, r0 ",0
"ldrb r0, [sb, 0x485] ",0
"ldrb r1, [sb, 0x484] ",0
"sub r0, r0, r1 ",0
"cmp r0, 3 ",0
"moveq r0, 1 ",0
"movne r0, 0 ",0
"ldrb r1, [sb, 0x48a] ",0
"cmp r1, 0x40 ",0
"moveq r1, 1 ",0
"movne r1, 0 ",0
"and r0, r0, r1 ",0
"eor r0, r0, 1 ",0
"cmp r0, 0 ",0
bne 0xc788 ,0
"mov r0, r0 ",0
"ldrb r0, [sb, 0x485] ",0
"sub r0, r0, 1 ",0
"ldr r1, [0x0000c9e0] ",0
"add r1, r1, r0 ",0
"ldrb r0, [sb, r1] ",0
"and r0, r0, 0xf ",0
"cmp r0, 0 ",0
"movne r0, 1 ",0
"moveq r0, 0 ",0
"ldrb r1, [sb, 0x485] ",0
"sub r1, r1, 2 ",0
"ldr r2, [0x0000c9e0] ",0
"add r2, r2, r1 ",0
"ldrb r1, [sb, r2] ",0
"and r1, r1, 0xf ",0
"cmp r1, 0 ",0
"movne r1, 1 ",0
"moveq r1, 0 ",0
"orr r0, r0, r1 ",0
"eor r0, r0, 1 ",0
"cmp r0, 0 ",0
bne 0xc780 ,0
"mov r0, r0 ",0
"mov r0, 0 ",0
"strb r0, [sb, 0x4a1] ",0
"mov r0, r0 ",0
"mov r0, r0 ",0
"mov r0, r0 ",0
"mov r0, r0 ",0
"mov r0, 0 ",0
"strb r0, [sb, 0x49d] ",0
"mov r0, 0 ",0
"strb r0, [sb, 0x49e] ",0
"mov r0, 0 ",0
"strb r0, [sb, 0x49f] ",0
"ldrb r0, [sb, 0x485] ",0
"ldrb r1, [sb, 0x483] ",0
"cmp r0, r1 ",0
"moveq r0, 1 ",0
"movne r0, 0 ",0
"cmp r0, 0 ",0
bne 0xce3c ,0
"mov r0, r0 ",0
"ldrb r0, [sb, 0x485] ",0
"ldr r1, [0x0000c9e0] ",0
"add r1, r1, r0 ",0
"ldrb r0, [sb, r1] ",0
"mov r1, 0xfb ",0
"cmp r0, r1 ",0
"movne r0, 1 ",0
"moveq r0, 0 ",0
"cmp r0, 0 ",0
bne 0xca70 ,0
"mov r0, r0 ",0
"mov r0, 1 ",0
"strb r0, [sb, 0x49d] ",0
"ldrb r0, [sb, 0x483] ",0
"ldr r1, [0x0000c9e0] ",0
"add r1, r1, r0 ",0
"ldrb r0, [sb, r1] ",0
"mov r1, 0xfe ",0
"and r0, r0, r1 ",0
"cmp r0, 0 ",0
"movne r0, 1 ",0
"moveq r0, 0 ",0
"cmp r0, 0 ",0
bne 0xc858 ,0
"mov r0, r0 ",0
"mov r0, 8 ",0
"strb r0, [sb, 0x48b] ",0
"ldrb r0, [sb, 0x483] ",0
"ldr r1, [0x0000c9e0] ",0
"add r1, r1, r0 ",0
"ldrb r0, [sb, r1] ",0
"strb r0, [sb, 0x487] ",0
"mov r0, 1 ",0
"strb r0, [sb, 0x4a1] ",0
b 0xca64 ,0
"mov r0, r0 ",0
"mov r0, r0 ",0
"ldrb r0, [sb, 0x483] ",0
"ldr r1, [0x0000c9e0] ",0
"add r1, r1, r0 ",0
"ldrb r0, [sb, r1] ",0
"mov r1, 0xfe ",0
"and r0, r0, r1 ",0
"cmp r0, 8 ",0
"movne r0, 1 ",0
"moveq r0, 0 ",0
"cmp r0, 0 ",0
bne 0xc8b8 ,0
"mov r0, r0 ",0
"mov r0, 8 ",0
"strb r0, [sb, 0x48b] ",0
"ldrb r0, [sb, 0x483] ",0
"ldr r1, [0x0000c9e0] ",0
"add r1, r1, r0 ",0
"ldrb r0, [sb, r1] ",0
"strb r0, [sb, 0x487] ",0
"mov r0, 1 ",0
"strb r0, [sb, 0x4a1] ",0
b 0xca64 ,0
"mov r0, r0 ",0
"mov r0, r0 ",0
"ldrb r0, [sb, 0x483] ",0
"ldr r1, [0x0000c9e0] ",0
"add r1, r1, r0 ",0
"ldrb r0, [sb, r1] ",0
"mov r1, 0xfe ",0
"and r0, r0, r1 ",0
"cmp r0, 0x10 ",0
"movne r0, 1 ",0
"moveq r0, 0 ",0
"cmp r0, 0 ",0
bne 0xc918 ,0
"mov r0, r0 ",0
"mov r0, 8 ",0
"strb r0, [sb, 0x48b] ",0
"ldrb r0, [sb, 0x483] ",0
"ldr r1, [0x0000c9e0] ",0
"add r1, r1, r0 ",0
"ldrb r0, [sb, r1] ",0
"strb r0, [sb, 0x487] ",0
"mov r0, 1 ",0
"strb r0, [sb, 0x4a1] ",0
b 0xca64 ,0
"mov r0, r0 ",0
"mov r0, r0 ",0
"ldrb r0, [sb, 0x483] ",0
"ldr r1, [0x0000c9e0] ",0
"add r1, r1, r0 ",0
"ldrb r0, [sb, r1] ",0
"mov r1, 0xfe ",0
"and r0, r0, r1 ",0
"cmp r0, 0x18 ",0
"movne r0, 1 ",0
"moveq r0, 0 ",0
"cmp r0, 0 ",0
bne 0xc978 ,0
"mov r0, r0 ",0
"mov r0, 8 ",0
"strb r0, [sb, 0x48b] ",0
"ldrb r0, [sb, 0x483] ",0
"ldr r1, [0x0000c9e0] ",0
"add r1, r1, r0 ",0
"ldrb r0, [sb, r1] ",0
"strb r0, [sb, 0x487] ",0
"mov r0, 1 ",0
"strb r0, [sb, 0x4a1] ",0
b 0xca64 ,0
"mov r0, r0 ",0
"mov r0, r0 ",0
"ldrb r0, [sb, 0x483] ",0
"ldr r1, [0x0000c9e0] ",0
"add r1, r1, r0 ",0
"ldrb r0, [sb, r1] ",0
"mov r1, 0xfe ",0
"and r0, r0, r1 ",0
"cmp r0, 0x28 ",0
"movne r0, 1 ",0
"moveq r0, 0 ",0
"cmp r0, 0 ",0
bne 0xc9f8 ,0
"mov r0, r0 ",0
"mov r0, 8 ",0
"strb r0, [sb, 0x48b] ",0
"ldrb r0, [sb, 0x483] ",0
"ldr r1, [0x0000c9e0] ",0
"add r1, r1, r0 ",0
"ldrb r0, [sb, r1] ",0
b 0xc9e4 ,0
"mov r0, r0 ",0
"andeq r0, r0, r0 ",1
"andeq r0, r0, r0 ",1
"strheq r0, [r0], -r0 ",1
"andeq r0, r0, r6, asr 11 ",1
"andeq r0, r0, sb, asr r4 ",1
"strheq r0, [r0], -r0 ",1
"strb r0, [sb, 0x487] ",0
"mov r0, 1 ",0
"strb r0, [sb, 0x4a1] ",0
b 0xca64 ,0
"mov r0, r0 ",0
"mov r0, r0 ",0
"ldrb r0, [sb, 0x483] ",0
"ldr r1, [0x0000d9f8] ",0
"add r1, r1, r0 ",0
"ldrb r0, [sb, r1] ",0
"mov r1, 0xfe ",0
"and r0, r0, r1 ",0
"cmp r0, 0x30 ",0
"movne r0, 1 ",0
"moveq r0, 0 ",0
"cmp r0, 0 ",0
bne 0xca58 ,0
"mov r0, r0 ",0
"mov r0, 8 ",0
"strb r0, [sb, 0x48b] ",0
"ldrb r0, [sb, 0x483] ",0
"ldr r1, [0x0000d9f8] ",0
"add r1, r1, r0 ",0
"ldrb r0, [sb, r1] ",0
"strb r0, [sb, 0x487] ",0
"mov r0, 1 ",0
"strb r0, [sb, 0x4a1] ",0
b 0xca64 ,0
"mov r0, r0 ",0
"mov r0, r0 ",0
"mov r0, 0 ",0
"strb r0, [sb, 0x4a1] ",0
"mov r0, r0 ",0
b 0xce30 ,0
"mov r0, r0 ",0
"mov r0, r0 ",0
"ldrb r0, [sb, 0x485] ",0
"ldr r1, [0x0000d9f8] ",0
"add r1, r1, r0 ",0
"ldrb r0, [sb, r1] ",0
"mov r1, 0xfd ",0
"cmp r0, r1 ",0
"movne r0, 1 ",0
"moveq r0, 0 ",0
"cmp r0, 0 ",0
bne 0xcb7c ,0
"mov r0, r0 ",0
"mov r0, 1 ",0
"strb r0, [sb, 0x49f] ",0
"ldrb r0, [sb, 0x483] ",0
"ldr r1, [0x0000d9f8] ",0
"add r1, r1, r0 ",0
"ldrb r0, [sb, r1] ",0
"mov r1, 0xf0 ",0
"and r0, r0, r1 ",0
"cmp r0, 0x40 ",0
"movne r0, 1 ",0
"moveq r0, 0 ",0
"cmp r0, 0 ",0
bne 0xcb04 ,0
"mov r0, r0 ",0
"mov r0, 0 ",0
"strb r0, [sb, 0x48b] ",0
"ldrb r0, [sb, 0x483] ",0
"ldr r1, [0x0000d9f8] ",0
"add r1, r1, r0 ",0
"ldrb r0, [sb, r1] ",0
"strb r0, [sb, 0x487] ",0
"mov r0, 1 ",0
"strb r0, [sb, 0x4a1] ",0
b 0xcb70 ,0
"mov r0, r0 ",0
"mov r0, r0 ",0
"ldrb r0, [sb, 0x483] ",0
"ldr r1, [0x0000d9f8] ",0
"add r1, r1, r0 ",0
"ldrb r0, [sb, r1] ",0
"mov r1, 0xf0 ",0
"and r0, r0, r1 ",0
"cmp r0, 0x50 ",0
"movne r0, 1 ",0
"moveq r0, 0 ",0
"cmp r0, 0 ",0
bne 0xcb64 ,0
"mov r0, r0 ",0
"mov r0, 0 ",0
"strb r0, [sb, 0x48b] ",0
"ldrb r0, [sb, 0x483] ",0
"ldr r1, [0x0000d9f8] ",0
"add r1, r1, r0 ",0
"ldrb r0, [sb, r1] ",0
"strb r0, [sb, 0x487] ",0
"mov r0, 1 ",0
"strb r0, [sb, 0x4a1] ",0
b 0xcb70 ,0
"mov r0, r0 ",0
"mov r0, r0 ",0
"mov r0, 0 ",0
"strb r0, [sb, 0x4a1] ",0
"mov r0, r0 ",0
b 0xce30 ,0
"mov r0, r0 ",0
"mov r0, r0 ",0
"ldrb r0, [sb, 0x485] ",0
"ldr r1, [0x0000d9f8] ",0
"add r1, r1, r0 ",0
"ldrb r0, [sb, r1] ",0
"mov r1, 0xfc ",0
"cmp r0, r1 ",0
"movne r0, 1 ",0
"moveq r0, 0 ",0
"cmp r0, 0 ",0
bne 0xccf8 ,0
"mov r0, r0 ",0
"mov r0, 1 ",0
"strb r0, [sb, 0x49e] ",0
"ldrb r0, [sb, 0x483] ",0
"ldrb r1, [sb, 0x47e] ",0
"add r0, r0, r1 ",0
"strb r0, [sb, 0x483] ",0
"ldrb r0, [sb, 0x483] ",0
"ldr r1, [0x0000d9f8] ",0
"add r1, r1, r0 ",0
"ldrb r0, [sb, r1] ",0
"cmp r0, 0x20 ",0
"movlo r0, 1 ",0
"movhs r0, 0 ",0
"ldrb r1, [sb, 0x483] ",0
"ldr r2, [0x0000d9f8] ",0
"add r2, r2, r1 ",0
"ldrb r1, [sb, r2] ",0
"cmp r1, 0x6f ",0
"movhi r1, 1 ",0
"movls r1, 0 ",0
"orr r0, r0, r1 ",0
"cmp r0, 0 ",0
bne 0xcc24 ,0
"mov r0, r0 ",0
"mov r0, 0 ",0
"strb r0, [sb, 0x48b] ",0
"mov r0, 1 ",0
"strb r0, [sb, 0x4a1] ",0
b 0xccec ,0
"mov r0, r0 ",0
"mov r0, r0 ",0
"ldrb r0, [sb, 0x483] ",0
"ldr r1, [0x0000d9f8] ",0
"add r1, r1, r0 ",0
"ldrb r0, [sb, r1] ",0
"cmp r0, 0x7d ",0
"movne r0, 1 ",0
"moveq r0, 0 ",0
"cmp r0, 0 ",0
bne 0xcc68 ,0
"mov r0, r0 ",0
"mov r0, 3 ",0
"strb r0, [sb, 0x48b] ",0
"mov r0, 1 ",0
"strb r0, [sb, 0x4a1] ",0
b 0xccec ,0
"mov r0, r0 ",0
"mov r0, r0 ",0
"ldrb r0, [sb, 0x483] ",0
"ldr r1, [0x0000d9f8] ",0
"add r1, r1, r0 ",0
"ldrb r0, [sb, r1] ",0
"cmp r0, 0x70 ",0
"movlo r0, 1 ",0
"movhs r0, 0 ",0
"ldrb r1, [sb, 0x483] ",0
"ldr r2, [0x0000d9f8] ",0
"add r2, r2, r1 ",0
"ldrb r1, [sb, r2] ",0
"cmp r1, 0x77 ",0
"movhi r1, 1 ",0
"movls r1, 0 ",0
"orr r0, r0, r1 ",0
"cmp r0, 0 ",0
bne 0xcce0 ,0
"mov r0, r0 ",0
"ldrb r0, [sb, 0x483] ",0
"ldr r1, [0x0000d9f8] ",0
"add r1, r1, r0 ",0
"ldrb r0, [sb, r1] ",0
"and r0, r0, 7 ",0
"sub r0, r0, 6 ",0
"strb r0, [sb, 0x48b] ",0
"mov r0, 1 ",0
"strb r0, [sb, 0x4a1] ",0
b 0xccec ,0
"mov r0, r0 ",0
"mov r0, r0 ",0
"mov r0, 0 ",0
"strb r0, [sb, 0x4a1] ",0
"mov r0, r0 ",0
b 0xce30 ,0
"mov r0, r0 ",0
"mov r0, r0 ",0
"ldrb r0, [sb, 0x483] ",0
"ldr r1, [0x0000d9f8] ",0
"add r1, r1, r0 ",0
"ldrb r0, [sb, r1] ",0
"cmp r0, 0x3c ",0
"movne r0, 1 ",0
"moveq r0, 0 ",0
"ldrb r1, [sb, 0x483] ",0
"ldr r2, [0x0000d9f8] ",0
"add r2, r2, r1 ",0
"ldrb r1, [sb, r2] ",0
"cmp r1, 0x3b ",0
"movne r1, 1 ",0
"moveq r1, 0 ",0
"ldrb r2, [sb, 0x483] ",0
"ldr r3, [0x0000d9f8] ",0
"add r3, r3, r2 ",0
"ldrb r2, [sb, r3] ",0
"cmp r2, 0 ",0
"movne r2, 1 ",0
"moveq r2, 0 ",0
"and r1, r1, r2 ",0
"and r0, r0, r1 ",0
"cmp r0, 0 ",0
bne 0xcd74 ,0
"mov r0, r0 ",0
"mov r0, 0 ",0
"strb r0, [sb, 0x48b] ",0
b 0xce2c ,0
"mov r0, r0 ",0
"mov r0, r0 ",0
"ldrb r0, [sb, 0x483] ",0
"ldr r1, [0x0000d9f8] ",0
"add r1, r1, r0 ",0
"ldrb r0, [sb, r1] ",0
"cmp r0, 0x7d ",0
"movne r0, 1 ",0
"moveq r0, 0 ",0
"cmp r0, 0 ",0
bne 0xcdb0 ,0
"mov r0, r0 ",0
"mov r0, 3 ",0
"strb r0, [sb, 0x48b] ",0
b 0xce2c ,0
"mov r0, r0 ",0
"mov r0, r0 ",0
"ldrb r0, [sb, 0x483] ",0
"ldr r1, [0x0000d9f8] ",0
"add r1, r1, r0 ",0
"ldrb r0, [sb, r1] ",0
"cmp r0, 0x70 ",0
"movlo r0, 1 ",0
"movhs r0, 0 ",0
"ldrb r1, [sb, 0x483] ",0
"ldr r2, [0x0000d9f8] ",0
"add r2, r2, r1 ",0
"ldrb r1, [sb, r2] ",0
"cmp r1, 0x77 ",0
"movhi r1, 1 ",0
"movls r1, 0 ",0
"orr r0, r0, r1 ",0
"cmp r0, 0 ",0
bne 0xce20 ,0
"mov r0, r0 ",0
"ldrb r0, [sb, 0x483] ",0
"ldr r1, [0x0000d9f8] ",0
"add r1, r1, r0 ",0
"ldrb r0, [sb, r1] ",0
"and r0, r0, 7 ",0
"sub r0, r0, 6 ",0
"strb r0, [sb, 0x48b] ",0
b 0xce2c ,0
"mov r0, r0 ",0
"mov r0, r0 ",0
"mov r0, 0 ",0
"strb r0, [sb, 0x4a1] ",0
"mov r0, r0 ",0
"mov r0, r0 ",0
b 0xcea4 ,0
"mov r0, r0 ",0
"mov r0, r0 ",0
"ldrb r0, [sb, 0x485] ",0
"ldr r1, [0x0000d9f8] ",0
"add r1, r1, r0 ",0
"ldrb r0, [sb, r1] ",0
"cmp r0, 0x7c ",0
"movne r0, 1 ",0
"moveq r0, 0 ",0
"cmp r0, 0 ",0
bne 0xce98 ,0
"mov r0, r0 ",0
"mov r0, 1 ",0
"strb r0, [sb, 0x49e] ",0
"mov r0, 0 ",0
"strb r0, [sb, 0x48b] ",0
"ldrb r0, [sb, 0x483] ",0
"ldrb r1, [sb, 0x47e] ",0
"add r0, r0, r1 ",0
"strb r0, [sb, 0x483] ",0
"mov r0, 1 ",0
"strb r0, [sb, 0x4a1] ",0
b 0xcea4 ,0
"mov r0, r0 ",0
"mov r0, r0 ",0
"mov r0, 0 ",0
"strb r0, [sb, 0x48b] ",0
"mov r0, r0 ",0
"ldrb r0, [sb, 0x4a1] ",0
"ldrb r1, [sb, 0x5dc] ",0
"cmp r1, 0x14 ",0
"movlo r1, 1 ",0
"movhs r1, 0 ",0
"and r0, r0, r1 ",0
"eor r0, r0, 1 ",0
"cmp r0, 0 ",0
bne 0x12cc4 ,0
"mov r0, r0 ",0
"ldrb r0, [sb, 0x486] ",0
"and r0, r0, 0xf ",0
"cmp r0, 1 ",0
"movne r0, 1 ",0
"moveq r0, 0 ",0
"cmp r0, 0 ",0
bne 0xcfb4 ,0
"mov r0, r0 ",0
"ldrb r0, [sb, 0x483] ",0
"add r0, r0, 1 ",0
"ldr r1, [0x0000d9f8] ",0
"add r1, r1, r0 ",0
"ldrb r0, [sb, r1] ",0
"strb r0, [sb, 0x48c] ",0
"ldr r0, [0x0000d9f4] ",0
"ldrsb r0, [sb, r0] ",0
"str r0, [sp, -4]! ",0
"ldrsb r0, [sp] ",0
"add sp, sp, 4 ",0
"str r0, [sb, 0x490] ",0
"ldr r1, [sb, 0x490] ",0
"str r1, [sp, -4]! ",0
"mov r0, r1 ",0
"mov r1, 4 ",0
"str sb, [sp, -4]! ",0
"str r8, [sp, -4]! ",0
"str lr, [sp, -4]! ",0
"ldr r8, [0x0000d9f0] ",0
"ldr r8, [r8] ",0
"mov lr, pc ",0
"mov pc, r8 ",0
"mov r0, r0 ",0
pop {lr} ,0
pop {r8} ,0
pop {sb} ,0
pop {r1} ,0
"ldr r2, [0x0000d9ec] ",0
"add r1, sb, r2 ",0
"mov r3, 0 ",0
"mov r0, r0 ",0
"mov r2, 0x15 ",0
"cmp r3, r2 ",0
"movhs r2, 1 ",0
"movlo r2, 0 ",0
"cmp r2, 0 ",0
bne 0xcfa0 ,0
"mov r0, r0 ",0
"ldrb r2, [r0, r3] ",0
"strb r2, [r1, r3] ",0
"add r3, r3, 1 ",0
b 0xcf6c ,0
"mov r0, r0 ",0
"mov r0, r0 ",0
"mov r2, 0 ",0
"strb r2, [r1, 0x15] ",0
b 0x11e40 ,0
"mov r0, r0 ",0
"mov r0, r0 ",0
"ldrb r0, [sb, 0x486] ",0
"and r0, r0, 0xf ",0
"cmp r0, 2 ",0
"movne r0, 1 ",0
"moveq r0, 0 ",0
"cmp r0, 0 ",0
bne 0xd0c4 ,0
"mov r0, r0 ",0
"ldrb r0, [sb, 0x483] ",0
"add r0, r0, 2 ",0
"ldr r1, [0x0000d9f8] ",0
"add r1, r1, r0 ",0
"ldrb r0, [sb, r1] ",0
"strb r0, [sb, 0x48c] ",0
"ldr r0, [0x0000d9f4] ",0
"ldrsb r0, [sb, r0] ",0
"str r0, [sp, -4]! ",0
"ldrsb r0, [sp] ",0
"add sp, sp, 4 ",0
"ldr r1, [0x0000d9e8] ",0
"mul r0, r0, r1 ",0
"ldrb r1, [sb, 0x483] ",0
"add r1, r1, 1 ",0
"ldr r2, [0x0000d9f8] ",0
"add r2, r2, r1 ",0
"ldrb r1, [sb, r2] ",0
"mov r2, 0xff ",0
"and r1, r1, r2 ",0
"add r0, r0, r1 ",0
"str r0, [sb, 0x490] ",0
"ldr r1, [sb, 0x490] ",0
"str r1, [sp, -4]! ",0
"mov r0, r1 ",0
"mov r1, 4 ",0
"str sb, [sp, -4]! ",0
"str r8, [sp, -4]! ",0
"str lr, [sp, -4]! ",0
"ldr r8, [0x0000d9f0] ",0
"ldr r8, [r8] ",0
"mov lr, pc ",0
"mov pc, r8 ",0
"mov r0, r0 ",0
pop {lr} ,0
pop {r8} ,0
pop {sb} ,0
pop {r1} ,0
"ldr r2, [0x0000d9ec] ",0
"add r1, sb, r2 ",0
"mov r3, 0 ",0
"mov r0, r0 ",0
"mov r2, 0x15 ",0
"cmp r3, r2 ",0
"movhs r2, 1 ",0
"movlo r2, 0 ",0
"cmp r2, 0 ",0
bne 0xd0b0 ,0
"mov r0, r0 ",0
"ldrb r2, [r0, r3] ",0
"strb r2, [r1, r3] ",0
"add r3, r3, 1 ",0
b 0xd07c ,0
"mov r0, r0 ",0
"mov r0, r0 ",0
"mov r2, 0 ",0
"strb r2, [r1, 0x15] ",0
b 0x11e40 ,0
"mov r0, r0 ",0
"mov r0, r0 ",0
"ldrb r0, [sb, 0x486] ",0
"and r0, r0, 0xf ",0
"cmp r0, 3 ",0
"movne r0, 1 ",0
"moveq r0, 0 ",0
"cmp r0, 0 ",0
bne 0xd1fc ,0
"mov r0, r0 ",0
"ldrb r0, [sb, 0x483] ",0
"add r0, r0, 3 ",0
"ldr r1, [0x0000d9f8] ",0
"add r1, r1, r0 ",0
"ldrb r0, [sb, r1] ",0
"strb r0, [sb, 0x48c] ",0
"ldr r0, [0x0000d9f4] ",0
"ldrsb r0, [sb, r0] ",0
"str r0, [sp, -4]! ",0
"ldrsb r0, [sp] ",0
"add sp, sp, 4 ",0
"ldr r1, [0x0000d9e4] ",0
"mul r0, r0, r1 ",0
"ldrb r1, [sb, 0x483] ",0
"add r1, r1, 2 ",0
"ldr r2, [0x0000d9f8] ",0
"add r2, r2, r1 ",0
"ldrb r1, [sb, r2] ",0
"mov r2, 0xff ",0
"and r1, r1, r2 ",0
"ldr r2, [0x0000d9e8] ",0
"mul r1, r1, r2 ",0
"add r0, r0, r1 ",0
"ldrb r1, [sb, 0x483] ",0
"add r1, r1, 1 ",0
"ldr r2, [0x0000d9f8] ",0
"add r2, r2, r1 ",0
"ldrb r1, [sb, r2] ",0
"mov r2, 0xff ",0
"and r1, r1, r2 ",0
"add r0, r0, r1 ",0
"str r0, [sb, 0x490] ",0
"ldr r1, [sb, 0x490] ",0
"str r1, [sp, -4]! ",0
"mov r0, r1 ",0
"mov r1, 4 ",0
"str sb, [sp, -4]! ",0
"str r8, [sp, -4]! ",0
"str lr, [sp, -4]! ",0
"ldr r8, [0x0000d9f0] ",0
"ldr r8, [r8] ",0
"mov lr, pc ",0
"mov pc, r8 ",0
"mov r0, r0 ",0
pop {lr} ,0
pop {r8} ,0
pop {sb} ,0
pop {r1} ,0
"ldr r2, [0x0000d9ec] ",0
"add r1, sb, r2 ",0
"mov r3, 0 ",0
"mov r0, r0 ",0
"mov r2, 0x15 ",0
"cmp r3, r2 ",0
"movhs r2, 1 ",0
"movlo r2, 0 ",0
"cmp r2, 0 ",0
bne 0xd1e8 ,0
"mov r0, r0 ",0
"ldrb r2, [r0, r3] ",0
"strb r2, [r1, r3] ",0
"add r3, r3, 1 ",0
b 0xd1b4 ,0
"mov r0, r0 ",0
"mov r0, r0 ",0
"mov r2, 0 ",0
"strb r2, [r1, 0x15] ",0
b 0x11e40 ,0
"mov r0, r0 ",0
"mov r0, r0 ",0
"ldrb r0, [sb, 0x486] ",0
"and r0, r0, 0xf ",0
"cmp r0, 4 ",0
"movne r0, 1 ",0
"moveq r0, 0 ",0
"cmp r0, 0 ",0
bne 0xd35c ,0
"mov r0, r0 ",0
"ldrb r0, [sb, 0x483] ",0
"add r0, r0, 4 ",0
"ldr r1, [0x0000d9f8] ",0
"add r1, r1, r0 ",0
"ldrb r0, [sb, r1] ",0
"strb r0, [sb, 0x48c] ",0
"ldr r0, [0x0000d9f4] ",0
"ldrsb r0, [sb, r0] ",0
"str r0, [sp, -4]! ",0
"ldrsb r0, [sp] ",0
"add sp, sp, 4 ",0
"ldr r1, [0x0000d9e0] ",0
"mul r0, r0, r1 ",0
"ldrb r1, [sb, 0x483] ",0
"add r1, r1, 3 ",0
"ldr r2, [0x0000d9f8] ",0
"add r2, r2, r1 ",0
"ldrb r1, [sb, r2] ",0
"mov r2, 0xff ",0
"and r1, r1, r2 ",0
"ldr r2, [0x0000d9e4] ",0
"mul r1, r1, r2 ",0
"add r0, r0, r1 ",0
"ldrb r1, [sb, 0x483] ",0
"add r1, r1, 2 ",0
"ldr r2, [0x0000d9f8] ",0
"add r2, r2, r1 ",0
"ldrb r1, [sb, r2] ",0
"mov r2, 0xff ",0
"and r1, r1, r2 ",0
"ldr r2, [0x0000d9e8] ",0
"mul r1, r1, r2 ",0
"add r0, r0, r1 ",0
"ldrb r1, [sb, 0x483] ",0
"add r1, r1, 1 ",0
"ldr r2, [0x0000d9f8] ",0
"add r2, r2, r1 ",0
"ldrb r1, [sb, r2] ",0
"mov r2, 0xff ",0
"and r1, r1, r2 ",0
"add r0, r0, r1 ",0
"str r0, [sb, 0x490] ",0
"ldr r1, [sb, 0x490] ",0
"str r1, [sp, -4]! ",0
"mov r0, r1 ",0
"mov r1, 4 ",0
"str sb, [sp, -4]! ",0
"str r8, [sp, -4]! ",0
"str lr, [sp, -4]! ",0
"ldr r8, [0x0000d9f0] ",0
"ldr r8, [r8] ",0
"mov lr, pc ",0
"mov pc, r8 ",0
"mov r0, r0 ",0
pop {lr} ,0
pop {r8} ,0
pop {sb} ,0
pop {r1} ,0
"ldr r2, [0x0000d9ec] ",0
"add r1, sb, r2 ",0
"mov r3, 0 ",0
"mov r0, r0 ",0
"mov r2, 0x15 ",0
"cmp r3, r2 ",0
"movhs r2, 1 ",0
"movlo r2, 0 ",0
"cmp r2, 0 ",0
bne 0xd348 ,0
"mov r0, r0 ",0
"ldrb r2, [r0, r3] ",0
"strb r2, [r1, r3] ",0
"add r3, r3, 1 ",0
b 0xd314 ,0
"mov r0, r0 ",0
"mov r0, r0 ",0
"mov r2, 0 ",0
"strb r2, [r1, 0x15] ",0
b 0x11e40 ,0
"mov r0, r0 ",0
"mov r0, r0 ",0
"ldrb r0, [sb, 0x486] ",0
"and r0, r0, 0xf ",0
"cmp r0, 5 ",0
"movne r0, 1 ",0
"moveq r0, 0 ",0
"cmp r0, 0 ",0
bne 0xd4b4 ,0
"mov r0, r0 ",0
"ldr r1, [0x0000d9dc] ",0
"add r0, sb, r1 ",0
"str r0, [sb, 0x494] ",0
"ldrb r0, [sb, 0x483] ",0
"add r0, r0, 1 ",0
"ldr r1, [0x0000d9f8] ",0
"add r1, r1, r0 ",0
"ldrb r0, [sb, r1] ",0
"ldr r1, [sb, 0x494] ",0
"strb r0, [r1] ",0
"ldr r0, [sb, 0x494] ",0
"add r0, r0, 1 ",0
"str r0, [sb, 0x494] ",0
"ldrb r0, [sb, 0x483] ",0
"add r0, r0, 2 ",0
"ldr r1, [0x0000d9f8] ",0
"add r1, r1, r0 ",0
"ldrb r0, [sb, r1] ",0
"ldr r1, [sb, 0x494] ",0
"strb r0, [r1] ",0
"ldr r0, [sb, 0x494] ",0
"add r0, r0, 1 ",0
"str r0, [sb, 0x494] ",0
"ldrb r0, [sb, 0x483] ",0
"add r0, r0, 3 ",0
"ldr r1, [0x0000d9f8] ",0
"add r1, r1, r0 ",0
"ldrb r0, [sb, r1] ",0
"ldr r1, [sb, 0x494] ",0
"strb r0, [r1] ",0
"ldr r0, [sb, 0x494] ",0
"add r0, r0, 1 ",0
"str r0, [sb, 0x494] ",0
"ldrb r0, [sb, 0x483] ",0
"add r0, r0, 4 ",0
"ldr r1, [0x0000d9f8] ",0
"add r1, r1, r0 ",0
"ldrb r0, [sb, r1] ",0
"ldr r1, [sb, 0x494] ",0
"strb r0, [r1] ",0
"ldr r1, [sb, 0x498] ",0
"str r1, [sp, -4]! ",0
"mov r0, r1 ",0
"mov r1, 6 ",0
"str sb, [sp, -4]! ",0
"str r8, [sp, -4]! ",0
"str lr, [sp, -4]! ",0
"ldr r8, [0x0000d9d8] ",0
"ldr r8, [r8] ",0
"mov lr, pc ",0
"mov pc, r8 ",0
"mov r0, r0 ",0
pop {lr} ,0
pop {r8} ,0
pop {sb} ,0
pop {r1} ,0
"ldr r2, [0x0000d9ec] ",0
"add r1, sb, r2 ",0
"mov r3, 0 ",0
"mov r0, r0 ",0
"mov r2, 0x15 ",0
"cmp r3, r2 ",0
"movhs r2, 1 ",0
"movlo r2, 0 ",0
"cmp r2, 0 ",0
bne 0xd4a0 ,0
"mov r0, r0 ",0
"ldrb r2, [r0, r3] ",0
"strb r2, [r1, r3] ",0
"add r3, r3, 1 ",0
b 0xd46c ,0
"mov r0, r0 ",0
"mov r0, r0 ",0
"mov r2, 0 ",0
"strb r2, [r1, 0x15] ",0
b 0x11e40 ,0
"mov r0, r0 ",0
"mov r0, r0 ",0
"ldrb r0, [sb, 0x486] ",0
"and r0, r0, 0xf ",0
"cmp r0, 7 ",0
"movne r0, 1 ",0
"moveq r0, 0 ",0
"ldrb r1, [sb, 0x486] ",0
"and r1, r1, 0xf ",0
"cmp r1, 6 ",0
"movne r1, 1 ",0
"moveq r1, 0 ",0
"and r0, r0, r1 ",0
"cmp r0, 0 ",0
bne 0xe7d8 ,0
"mov r0, r0 ",0
"mov r0, 0 ",0
"strb r0, [sb, 0x4a3] ",0
"ldrb r0, [sb, 0x486] ",0
"and r0, r0, 0xf ",0
"cmp r0, 6 ",0
"movne r0, 1 ",0
"moveq r0, 0 ",0
"cmp r0, 0 ",0
bne 0xd8c8 ,0
"mov r0, r0 ",0
"ldrb r0, [sb, 0x483] ",0
"add r0, r0, 5 ",0
"ldr r1, [0x0000d9f8] ",0
"add r1, r1, r0 ",0
"ldrb r0, [sb, r1] ",0
"cmp r0, 0 ",0
"moveq r0, 1 ",0
"movne r0, 0 ",0
"ldrb r1, [sb, 0x483] ",0
"add r1, r1, 6 ",0
"ldr r2, [0x0000d9f8] ",0
"add r2, r2, r1 ",0
"ldrb r1, [sb, r2] ",0
"cmp r1, 0 ",0
"moveq r1, 1 ",0
"movne r1, 0 ",0
"and r0, r0, r1 ",0
"eor r0, r0, 1 ",0
"cmp r0, 0 ",0
bne 0xd6e0 ,0
"mov r0, r0 ",0
"ldrb r0, [sb, 0x483] ",0
"add r0, r0, 4 ",0
"ldr r1, [0x0000d9f8] ",0
"add r1, r1, r0 ",0
"ldrb r0, [sb, r1] ",0
"mov r1, 0x80 ",0
"cmp r0, r1 ",0
"movhs r0, 1 ",0
"movlo r0, 0 ",0
"cmp r0, 0 ",0
bne 0xd6d8 ,0
"mov r0, r0 ",0
"ldrb r0, [sb, 0x483] ",0
"add r0, r0, 4 ",0
"ldr r1, [0x0000d9f8] ",0
"add r1, r1, r0 ",0
"ldrb r0, [sb, r1] ",0
"strb r0, [sb, 0x48c] ",0
"ldr r0, [0x0000d9f4] ",0
"ldrsb r0, [sb, r0] ",0
"str r0, [sp, -4]! ",0
"ldrsb r0, [sp] ",0
"add sp, sp, 4 ",0
"ldr r1, [0x0000d9e0] ",0
"mul r0, r0, r1 ",0
"ldrb r1, [sb, 0x483] ",0
"add r1, r1, 3 ",0
"ldr r2, [0x0000d9f8] ",0
"add r2, r2, r1 ",0
"ldrb r1, [sb, r2] ",0
"mov r2, 0xff ",0
"and r1, r1, r2 ",0
"ldr r2, [0x0000d9e4] ",0
"mul r1, r1, r2 ",0
"add r0, r0, r1 ",0
"ldrb r1, [sb, 0x483] ",0
"add r1, r1, 2 ",0
"ldr r2, [0x0000d9f8] ",0
"add r2, r2, r1 ",0
"ldrb r1, [sb, r2] ",0
"mov r2, 0xff ",0
"and r1, r1, r2 ",0
"ldr r2, [0x0000d9e8] ",0
"mul r1, r1, r2 ",0
"add r0, r0, r1 ",0
"ldrb r1, [sb, 0x483] ",0
"add r1, r1, 1 ",0
"ldr r2, [0x0000d9f8] ",0
"add r2, r2, r1 ",0
"ldrb r1, [sb, r2] ",0
"mov r2, 0xff ",0
"and r1, r1, r2 ",0
"add r0, r0, r1 ",0
"str r0, [sb, 0x490] ",0
"ldr r1, [sb, 0x490] ",0
"str r1, [sp, -4]! ",0
"mov r0, r1 ",0
"mov r1, 4 ",0
"str sb, [sp, -4]! ",0
"str r8, [sp, -4]! ",0
"str lr, [sp, -4]! ",0
"ldr r8, [0x0000d9f0] ",0
"ldr r8, [r8] ",0
"mov lr, pc ",0
"mov pc, r8 ",0
"mov r0, r0 ",0
pop {lr} ,0
pop {r8} ,0
pop {sb} ,0
pop {r1} ,0
"ldr r2, [0x0000d9ec] ",0
"add r1, sb, r2 ",0
"mov r3, 0 ",0
"mov r0, r0 ",0
"mov r2, 0x15 ",0
"cmp r3, r2 ",0
"movhs r2, 1 ",0
"movlo r2, 0 ",0
"cmp r2, 0 ",0
bne 0xd6c4 ,0
"mov r0, r0 ",0
"ldrb r2, [r0, r3] ",0
"strb r2, [r1, r3] ",0
"add r3, r3, 1 ",0
b 0xd690 ,0
"mov r0, r0 ",0
"mov r0, r0 ",0
"mov r2, 0 ",0
"strb r2, [r1, 0x15] ",0
"mov r0, 1 ",0
"strb r0, [sb, 0x4a3] ",0
"mov r0, r0 ",0
"mov r0, r0 ",0
"mov r0, r0 ",0
"mov r0, r0 ",0
"ldrb r0, [sb, 0x483] ",0
"add r0, r0, 5 ",0
"ldr r1, [0x0000d9f8] ",0
"add r1, r1, r0 ",0
"ldrb r0, [sb, r1] ",0
"mov r1, 0xff ",0
"cmp r0, r1 ",0
"moveq r0, 1 ",0
"movne r0, 0 ",0
"ldrb r1, [sb, 0x483] ",0
"add r1, r1, 6 ",0
"ldr r2, [0x0000d9f8] ",0
"add r2, r2, r1 ",0
"ldrb r1, [sb, r2] ",0
"mov r2, 0xff ",0
"cmp r1, r2 ",0
"moveq r1, 1 ",0
"movne r1, 0 ",0
"and r0, r0, r1 ",0
"eor r0, r0, 1 ",0
"cmp r0, 0 ",0
bne 0xd8b8 ,0
"mov r0, r0 ",0
"ldrb r0, [sb, 0x483] ",0
"add r0, r0, 4 ",0
"ldr r1, [0x0000d9f8] ",0
"add r1, r1, r0 ",0
"ldrb r0, [sb, r1] ",0
"mov r1, 0x80 ",0
"cmp r0, r1 ",0
"movlo r0, 1 ",0
"movhs r0, 0 ",0
"cmp r0, 0 ",0
bne 0xd8b0 ,0
"mov r0, r0 ",0
"ldrb r0, [sb, 0x483] ",0
"add r0, r0, 4 ",0
"ldr r1, [0x0000d9f8] ",0
"add r1, r1, r0 ",0
"ldrb r0, [sb, r1] ",0
"strb r0, [sb, 0x48c] ",0
"ldr r0, [0x0000d9f4] ",0
"ldrsb r0, [sb, r0] ",0
"str r0, [sp, -4]! ",0
"ldrsb r0, [sp] ",0
"add sp, sp, 4 ",0
"ldr r1, [0x0000d9e0] ",0
"mul r0, r0, r1 ",0
"ldrb r1, [sb, 0x483] ",0
"add r1, r1, 3 ",0
"ldr r2, [0x0000d9f8] ",0
"add r2, r2, r1 ",0
"ldrb r1, [sb, r2] ",0
"mov r2, 0xff ",0
"and r1, r1, r2 ",0
"ldr r2, [0x0000d9e4] ",0
"mul r1, r1, r2 ",0
"add r0, r0, r1 ",0
"ldrb r1, [sb, 0x483] ",0
"add r1, r1, 2 ",0
"ldr r2, [0x0000d9f8] ",0
"add r2, r2, r1 ",0
"ldrb r1, [sb, r2] ",0
"mov r2, 0xff ",0
"and r1, r1, r2 ",0
"ldr r2, [0x0000d9e8] ",0
"mul r1, r1, r2 ",0
"add r0, r0, r1 ",0
"ldrb r1, [sb, 0x483] ",0
"add r1, r1, 1 ",0
"ldr r2, [0x0000d9f8] ",0
"add r2, r2, r1 ",0
"ldrb r1, [sb, r2] ",0
"mov r2, 0xff ",0
"and r1, r1, r2 ",0
"add r0, r0, r1 ",0
"str r0, [sb, 0x490] ",0
"ldr r1, [sb, 0x490] ",0
"str r1, [sp, -4]! ",0
"mov r0, r1 ",0
"mov r1, 4 ",0
"str sb, [sp, -4]! ",0
"str r8, [sp, -4]! ",0
"str lr, [sp, -4]! ",0
"ldr r8, [0x0000d9f0] ",0
"ldr r8, [r8] ",0
"mov lr, pc ",0
"mov pc, r8 ",0
"mov r0, r0 ",0
pop {lr} ,0
pop {r8} ,0
pop {sb} ,0
pop {r1} ,0
"ldr r2, [0x0000d9ec] ",0
"add r1, sb, r2 ",0
"mov r3, 0 ",0
"mov r0, r0 ",0
"mov r2, 0x15 ",0
"cmp r3, r2 ",0
"movhs r2, 1 ",0
"movlo r2, 0 ",0
"cmp r2, 0 ",0
bne 0xd89c ,0
"mov r0, r0 ",0
"ldrb r2, [r0, r3] ",0
"strb r2, [r1, r3] ",0
"add r3, r3, 1 ",0
b 0xd868 ,0
"mov r0, r0 ",0
"mov r0, r0 ",0
"mov r2, 0 ",0
"strb r2, [r1, 0x15] ",0
"mov r0, 1 ",0
"strb r0, [sb, 0x4a3] ",0
"mov r0, r0 ",0
"mov r0, r0 ",0
"mov r0, r0 ",0
"mov r0, r0 ",0
b 0xdd40 ,0
"mov r0, r0 ",0
"mov r0, r0 ",0
"ldrb r0, [sb, 0x483] ",0
"add r0, r0, 5 ",0
"ldr r1, [0x0000d9f8] ",0
"add r1, r1, r0 ",0
"ldrb r0, [sb, r1] ",0
"cmp r0, 0 ",0
"moveq r0, 1 ",0
"movne r0, 0 ",0
"ldrb r1, [sb, 0x483] ",0
"add r1, r1, 6 ",0
"ldr r2, [0x0000d9f8] ",0
"add r2, r2, r1 ",0
"ldrb r1, [sb, r2] ",0
"cmp r1, 0 ",0
"moveq r1, 1 ",0
"movne r1, 0 ",0
"and r0, r0, r1 ",0
"ldrb r1, [sb, 0x483] ",0
"add r1, r1, 7 ",0
"ldr r2, [0x0000d9f8] ",0
"add r2, r2, r1 ",0
"ldrb r1, [sb, r2] ",0
"cmp r1, 0 ",0
"moveq r1, 1 ",0
"movne r1, 0 ",0
"and r0, r0, r1 ",0
"ldrb r1, [sb, 0x483] ",0
"add r1, r1, 8 ",0
"ldr r2, [0x0000d9f8] ",0
"add r2, r2, r1 ",0
"ldrb r1, [sb, r2] ",0
"cmp r1, 0 ",0
"moveq r1, 1 ",0
"movne r1, 0 ",0
"and r0, r0, r1 ",0
"eor r0, r0, 1 ",0
"cmp r0, 0 ",0
bne 0xdb10 ,0
"mov r0, r0 ",0
"ldrb r0, [sb, 0x483] ",0
"add r0, r0, 4 ",0
"ldr r1, [0x0000d9f8] ",0
"add r1, r1, r0 ",0
"ldrb r0, [sb, r1] ",0
"mov r1, 0x80 ",0
"cmp r0, r1 ",0
"movhs r0, 1 ",0
"movlo r0, 0 ",0
"cmp r0, 0 ",0
bne 0xdb08 ,0
"mov r0, r0 ",0
"ldrb r0, [sb, 0x483] ",0
"add r0, r0, 4 ",0
"ldr r1, [0x0000d9f8] ",0
"add r1, r1, r0 ",0
"ldrb r0, [sb, r1] ",0
"strb r0, [sb, 0x48c] ",0
"ldr r0, [0x0000d9f4] ",0
"ldrsb r0, [sb, r0] ",0
"str r0, [sp, -4]! ",0
"ldrsb r0, [sp] ",0
"add sp, sp, 4 ",0
"ldr r1, [0x0000d9e0] ",0
b 0xd9fc ,0
"mov r0, r0 ",0
"andeq r0, r0, r0 ",1
"andeq r0, r0, r0 ",1
"andeq r0, r0, r0, lsr 9 ",1
"muleq r0, r8, r4 ",1
invalid ,1
"andeq r0, r1, r0 ",1
"andeq r0, r0, r0, lsl 2 ",1
"andeq r0, r0, r1, ror 8 ",1
"strheq r0, [r0], -r0 ",1
"andeq r0, r0, ip, lsl 9 ",1
"strheq r0, [r0], -r0 ",1
"mul r0, r0, r1 ",0
"ldrb r1, [sb, 0x483] ",0
"add r1, r1, 3 ",0
"ldr r2, [0x0000ea00] ",0
"add r2, r2, r1 ",0
"ldrb r1, [sb, r2] ",0
"mov r2, 0xff ",0
"and r1, r1, r2 ",0
"ldr r2, [0x0000e9fc] ",0
"mul r1, r1, r2 ",0
"add r0, r0, r1 ",0
"ldrb r1, [sb, 0x483] ",0
"add r1, r1, 2 ",0
"ldr r2, [0x0000ea00] ",0
"add r2, r2, r1 ",0
"ldrb r1, [sb, r2] ",0
"mov r2, 0xff ",0
"and r1, r1, r2 ",0
"ldr r2, [0x0000e9f8] ",0
"mul r1, r1, r2 ",0
"add r0, r0, r1 ",0
"ldrb r1, [sb, 0x483] ",0
"add r1, r1, 1 ",0
"ldr r2, [0x0000ea00] ",0
"add r2, r2, r1 ",0
"ldrb r1, [sb, r2] ",0
"mov r2, 0xff ",0
"and r1, r1, r2 ",0
"add r0, r0, r1 ",0
"str r0, [sb, 0x490] ",0
"ldr r1, [sb, 0x490] ",0
"str r1, [sp, -4]! ",0
"mov r0, r1 ",0
"mov r1, 4 ",0
"str sb, [sp, -4]! ",0
"str r8, [sp, -4]! ",0
"str lr, [sp, -4]! ",0
"ldr r8, [0x0000e9f4] ",0
"ldr r8, [r8] ",0
"mov lr, pc ",0
"mov pc, r8 ",0
"mov r0, r0 ",0
pop {lr} ,0
pop {r8} ,0
pop {sb} ,0
pop {r1} ,0
"ldr r2, [0x0000e9f0] ",0
"add r1, sb, r2 ",0
"mov r3, 0 ",0
"mov r0, r0 ",0
"mov r2, 0x15 ",0
"cmp r3, r2 ",0
"movhs r2, 1 ",0
"movlo r2, 0 ",0
"cmp r2, 0 ",0
bne 0xdaf4 ,0
"mov r0, r0 ",0
"ldrb r2, [r0, r3] ",0
"strb r2, [r1, r3] ",0
"add r3, r3, 1 ",0
b 0xdac0 ,0
"mov r0, r0 ",0
"mov r0, r0 ",0
"mov r2, 0 ",0
"strb r2, [r1, 0x15] ",0
"mov r0, 1 ",0
"strb r0, [sb, 0x4a3] ",0
"mov r0, r0 ",0
"mov r0, r0 ",0
"mov r0, r0 ",0
"mov r0, r0 ",0
"ldrb r0, [sb, 0x483] ",0
"add r0, r0, 5 ",0
"ldr r1, [0x0000ea00] ",0
"add r1, r1, r0 ",0
"ldrb r0, [sb, r1] ",0
"mov r1, 0xff ",0
"cmp r0, r1 ",0
"moveq r0, 1 ",0
"movne r0, 0 ",0
"ldrb r1, [sb, 0x483] ",0
"add r1, r1, 6 ",0
"ldr r2, [0x0000ea00] ",0
"add r2, r2, r1 ",0
"ldrb r1, [sb, r2] ",0
"mov r2, 0xff ",0
"cmp r1, r2 ",0
"moveq r1, 1 ",0
"movne r1, 0 ",0
"and r0, r0, r1 ",0
"ldrb r1, [sb, 0x483] ",0
"add r1, r1, 7 ",0
"ldr r2, [0x0000ea00] ",0
"add r2, r2, r1 ",0
"ldrb r1, [sb, r2] ",0
"mov r2, 0xff ",0
"cmp r1, r2 ",0
"moveq r1, 1 ",0
"movne r1, 0 ",0
"and r0, r0, r1 ",0
"ldrb r1, [sb, 0x483] ",0
"add r1, r1, 8 ",0
"ldr r2, [0x0000ea00] ",0
"add r2, r2, r1 ",0
"ldrb r1, [sb, r2] ",0
"mov r2, 0xff ",0
"cmp r1, r2 ",0
"moveq r1, 1 ",0
"movne r1, 0 ",0
"and r0, r0, r1 ",0
"eor r0, r0, 1 ",0
"cmp r0, 0 ",0
bne 0xdd38 ,0
"mov r0, r0 ",0
"ldrb r0, [sb, 0x483] ",0
"add r0, r0, 4 ",0
"ldr r1, [0x0000ea00] ",0
"add r1, r1, r0 ",0
"ldrb r0, [sb, r1] ",0
"mov r1, 0x80 ",0
"cmp r0, r1 ",0
"movlo r0, 1 ",0
"movhs r0, 0 ",0
"cmp r0, 0 ",0
bne 0xdd30 ,0
"mov r0, r0 ",0
"ldrb r0, [sb, 0x483] ",0
"add r0, r0, 4 ",0
"ldr r1, [0x0000ea00] ",0
"add r1, r1, r0 ",0
"ldrb r0, [sb, r1] ",0
"strb r0, [sb, 0x48c] ",0
"ldr r0, [0x0000e9ec] ",0
"ldrsb r0, [sb, r0] ",0
"str r0, [sp, -4]! ",0
"ldrsb r0, [sp] ",0
"add sp, sp, 4 ",0
"ldr r1, [0x0000e9e8] ",0
"mul r0, r0, r1 ",0
"ldrb r1, [sb, 0x483] ",0
"add r1, r1, 3 ",0
"ldr r2, [0x0000ea00] ",0
"add r2, r2, r1 ",0
"ldrb r1, [sb, r2] ",0
"mov r2, 0xff ",0
"and r1, r1, r2 ",0
"ldr r2, [0x0000e9fc] ",0
"mul r1, r1, r2 ",0
"add r0, r0, r1 ",0
"ldrb r1, [sb, 0x483] ",0
"add r1, r1, 2 ",0
"ldr r2, [0x0000ea00] ",0
"add r2, r2, r1 ",0
"ldrb r1, [sb, r2] ",0
"mov r2, 0xff ",0
"and r1, r1, r2 ",0
"ldr r2, [0x0000e9f8] ",0
"mul r1, r1, r2 ",0
"add r0, r0, r1 ",0
"ldrb r1, [sb, 0x483] ",0
"add r1, r1, 1 ",0
"ldr r2, [0x0000ea00] ",0
"add r2, r2, r1 ",0
"ldrb r1, [sb, r2] ",0
"mov r2, 0xff ",0
"and r1, r1, r2 ",0
"add r0, r0, r1 ",0
"str r0, [sb, 0x490] ",0
"ldr r1, [sb, 0x490] ",0
"str r1, [sp, -4]! ",0
"mov r0, r1 ",0
"mov r1, 4 ",0
"str sb, [sp, -4]! ",0
"str r8, [sp, -4]! ",0
"str lr, [sp, -4]! ",0
"ldr r8, [0x0000e9f4] ",0
"ldr r8, [r8] ",0
"mov lr, pc ",0
"mov pc, r8 ",0
"mov r0, r0 ",0
pop {lr} ,0
pop {r8} ,0
pop {sb} ,0
pop {r1} ,0
"ldr r2, [0x0000e9f0] ",0
"add r1, sb, r2 ",0
"mov r3, 0 ",0
"mov r0, r0 ",0
"mov r2, 0x15 ",0
"cmp r3, r2 ",0
"movhs r2, 1 ",0
"movlo r2, 0 ",0
"cmp r2, 0 ",0
bne 0xdd1c ,0
"mov r0, r0 ",0
"ldrb r2, [r0, r3] ",0
"strb r2, [r1, r3] ",0
"add r3, r3, 1 ",0
b 0xdce8 ,0
"mov r0, r0 ",0
"mov r0, r0 ",0
"mov r2, 0 ",0
"strb r2, [r1, 0x15] ",0
"mov r0, 1 ",0
"strb r0, [sb, 0x4a3] ",0
"mov r0, r0 ",0
"mov r0, r0 ",0
"mov r0, r0 ",0
"mov r0, r0 ",0
"mov r0, r0 ",0
"ldrb r0, [sb, 0x4a3] ",0
"cmp r0, 0 ",0
bne 0xe7c8 ,0
"mov r0, r0 ",0
"mov r0, 1 ",0
"ldr r1, [0x0000e9e4] ",0
"strh r0, [sb, r1] ",0
"mov r0, r0 ",0
"ldr r0, [0x0000e9e4] ",0
"ldrh r0, [sb, r0] ",0
"cmp r0, 8 ",0
"movhi r0, 1 ",0
"movls r0, 0 ",0
"cmp r0, 0 ",0
bne 0xddd8 ,0
"mov r0, r0 ",0
"ldrb r0, [sb, 0x483] ",0
"ldr r1, [0x0000e9e4] ",0
"ldrh r1, [sb, r1] ",0
"add r0, r0, r1 ",0
"ldr r1, [0x0000ea00] ",0
"add r1, r1, r0 ",0
"ldrb r0, [sb, r1] ",0
"ldr r1, [0x0000e9e4] ",0
"ldrh r1, [sb, r1] ",0
"ldr r2, [0x0000e9e0] ",0
"add r1, r1, r2 ",0
"ldr r2, [0x0000e9dc] ",0
"add r2, r2, r1 ",0
"strb r0, [sb, r2] ",0
"ldr r0, [0x0000e9e4] ",0
"ldrh r0, [sb, r0] ",0
"add r0, r0, 1 ",0
"ldr r1, [0x0000e9e4] ",0
"strh r0, [sb, r1] ",0
b 0xdd60 ,0
"mov r0, r0 ",0
"mov r0, r0 ",0
"mov r0, 9 ",0
"ldr r1, [0x0000e9e4] ",0
"strh r0, [sb, r1] ",0
"mov r0, r0 ",0
"ldr r0, [0x0000e9e4] ",0
"ldrh r0, [sb, r0] ",0
"cmp r0, 0x12 ",0
"movhi r0, 1 ",0
"movls r0, 0 ",0
"cmp r0, 0 ",0
bne 0xde48 ,0
"mov r0, r0 ",0
"mov r0, 0 ",0
"ldr r1, [0x0000e9e4] ",0
"ldrh r1, [sb, r1] ",0
"ldr r2, [0x0000e9e0] ",0
"add r1, r1, r2 ",0
"ldr r2, [0x0000e9dc] ",0
"add r2, r2, r1 ",0
"strb r0, [sb, r2] ",0
"ldr r0, [0x0000e9e4] ",0
"ldrh r0, [sb, r0] ",0
"add r0, r0, 1 ",0
"ldr r1, [0x0000e9e4] ",0
"strh r0, [sb, r1] ",0
b 0xdde8 ,0
"mov r0, r0 ",0
"mov r0, r0 ",0
"ldrb r0, [sb, 0x486] ",0
"and r0, r0, 0xf ",0
"cmp r0, 6 ",0
"movne r0, 1 ",0
"moveq r0, 0 ",0
"cmp r0, 0 ",0
bne 0xdec0 ,0
"mov r0, r0 ",0
"ldrb r0, [sb, 0x44c] ",0
"mov r1, 0x80 ",0
"and r0, r0, r1 ",0
"cmp r0, 0 ",0
"movne r0, 1 ",0
"moveq r0, 0 ",0
"cmp r0, 0 ",0
bne 0xdea8 ,0
"mov r0, r0 ",0
"mov r0, 0 ",0
"strb r0, [sb, 0x44d] ",0
"mov r0, 0 ",0
"strb r0, [sb, 0x44e] ",0
b 0xdebc ,0
"mov r0, r0 ",0
"mov r0, r0 ",0
"mov r0, 0xff ",0
"strb r0, [sb, 0x44d] ",0
"mov r0, 0xff ",0
"strb r0, [sb, 0x44e] ",0
"mov r0, r0 ",0
"mov r0, r0 ",0
"mov r0, r0 ",0
"mov r0, 0 ",0
"strb r0, [sb, 0x4a2] ",0
"ldrb r0, [sb, 0x44e] ",0
"mov r1, 0x80 ",0
"and r0, r0, r1 ",0
"cmp r0, 0 ",0
"moveq r0, 1 ",0
"movne r0, 0 ",0
"cmp r0, 0 ",0
bne 0xe040 ,0
"mov r0, r0 ",0
"mov r0, 1 ",0
"strb r0, [sb, 0x4a2] ",0
"mov r0, 1 ",0
"ldr r1, [0x0000e9e4] ",0
"strh r0, [sb, r1] ",0
"mov r0, r0 ",0
"ldr r0, [0x0000e9e4] ",0
"ldrh r0, [sb, r0] ",0
"cmp r0, 8 ",0
"movhi r0, 1 ",0
"movls r0, 0 ",0
"cmp r0, 0 ",0
bne 0xdf88 ,0
"mov r0, r0 ",0
"ldr r0, [0x0000e9e4] ",0
"ldrh r0, [sb, r0] ",0
"ldr r1, [0x0000e9e0] ",0
"add r0, r0, r1 ",0
"ldr r1, [0x0000e9dc] ",0
"add r1, r1, r0 ",0
"ldrb r0, [sb, r1] ",0
"mov r1, 0xff ",0
"eor r0, r0, r1 ",0
"ldr r1, [0x0000e9e4] ",0
"ldrh r1, [sb, r1] ",0
"ldr r2, [0x0000e9e0] ",0
"add r1, r1, r2 ",0
"ldr r2, [0x0000e9dc] ",0
"add r2, r2, r1 ",0
"strb r0, [sb, r2] ",0
"ldr r0, [0x0000e9e4] ",0
"ldrh r0, [sb, r0] ",0
"add r0, r0, 1 ",0
"ldr r1, [0x0000e9e4] ",0
"strh r0, [sb, r1] ",0
b 0xdf08 ,0
"mov r0, r0 ",0
"mov r0, r0 ",0
"mov r0, 0 ",0
"ldr r1, [0x0000e9e4] ",0
"strh r0, [sb, r1] ",0
"mov r0, r0 ",0
"ldr r0, [0x0000e9e4] ",0
"ldrh r0, [sb, r0] ",0
"add r0, r0, 1 ",0
"ldr r1, [0x0000e9e4] ",0
"strh r0, [sb, r1] ",0
"ldr r0, [0x0000e9e4] ",0
"ldrh r0, [sb, r0] ",0
"ldr r1, [0x0000e9e0] ",0
"add r0, r0, r1 ",0
"ldr r1, [0x0000e9dc] ",0
"add r1, r1, r0 ",0
"ldrb r0, [sb, r1] ",0
"add r0, r0, 1 ",0
"ldr r1, [0x0000e9e4] ",0
"ldrh r1, [sb, r1] ",0
"ldr r2, [0x0000e9e0] ",0
"add r1, r1, r2 ",0
"ldr r2, [0x0000e9dc] ",0
"add r2, r2, r1 ",0
"strb r0, [sb, r2] ",0
"ldr r0, [0x0000e9e4] ",0
"ldrh r0, [sb, r0] ",0
"ldr r1, [0x0000e9e0] ",0
"add r0, r0, r1 ",0
"ldr r1, [0x0000e9dc] ",0
"add r1, r1, r0 ",0
"ldrb r0, [sb, r1] ",0
"cmp r0, 0 ",0
"movne r0, 1 ",0
"moveq r0, 0 ",0
"ldr r1, [0x0000e9e4] ",0
"ldrh r1, [sb, r1] ",0
"cmp r1, 8 ",0
"moveq r1, 1 ",0
"movne r1, 0 ",0
"orr r0, r0, r1 ",0
"eor r0, r0, 1 ",0
"cmp r0, 0 ",0
bne 0xdf98 ,0
"mov r0, r0 ",0
"mov r0, r0 ",0
"mov r0, r0 ",0
"mov r0, r0 ",0
"mov r0, 1 ",0
"ldr r1, [0x0000e9e4] ",0
"strh r0, [sb, r1] ",0
"mov r0, r0 ",0
"ldr r0, [0x0000e9e4] ",0
"ldrh r0, [sb, r0] ",0
"cmp r0, 0x40 ",0
"movhi r0, 1 ",0
"movls r0, 0 ",0
"cmp r0, 0 ",0
bne 0xe32c ,0
"mov r0, r0 ",0
"mov r0, 0x12 ",0
"ldr r1, [0x0000e9d8] ",0
"strh r0, [sb, r1] ",0
"mov r0, r0 ",0
"ldr r0, [0x0000e9d8] ",0
"ldrsh r0, [sb, r0] ",0
"cmp r0, 1 ",0
"movle r0, 1 ",0
"movgt r0, 0 ",0
"cmp r0, 0 ",0
bne 0xe184 ,0
"mov r0, r0 ",0
"ldr r0, [0x0000e9d8] ",0
"ldrsh r0, [sb, r0] ",0
"ldr r1, [0x0000e9e0] ",0
"add r0, r0, r1 ",0
"ldr r1, [0x0000e9dc] ",0
"add r1, r1, r0 ",0
"ldrb r0, [sb, r1] ",0
"lsl r0, r0, 1 ",0
"ldr r1, [0x0000e9d8] ",0
"ldrsh r1, [sb, r1] ",0
"ldr r2, [0x0000e9e0] ",0
"add r1, r1, r2 ",0
"ldr r2, [0x0000e9dc] ",0
"add r2, r2, r1 ",0
"strb r0, [sb, r2] ",0
"ldr r0, [0x0000e9d8] ",0
"ldrsh r0, [sb, r0] ",0
"sub r0, r0, 1 ",0
"ldr r1, [0x0000e9e0] ",0
"add r0, r0, r1 ",0
"ldr r1, [0x0000e9dc] ",0
"add r1, r1, r0 ",0
"ldrb r0, [sb, r1] ",0
"mov r1, 0x80 ",0
"and r0, r0, r1 ",0
"cmp r0, 0 ",0
"moveq r0, 1 ",0
"movne r0, 0 ",0
"cmp r0, 0 ",0
bne 0xe160 ,0
"mov r0, r0 ",0
"ldr r0, [0x0000e9d8] ",0
"ldrsh r0, [sb, r0] ",0
"ldr r1, [0x0000e9e0] ",0
"add r0, r0, r1 ",0
"ldr r1, [0x0000e9dc] ",0
"add r1, r1, r0 ",0
"ldrb r0, [sb, r1] ",0
"add r0, r0, 1 ",0
"ldr r1, [0x0000e9d8] ",0
"ldrsh r1, [sb, r1] ",0
"ldr r2, [0x0000e9e0] ",0
"add r1, r1, r2 ",0
"ldr r2, [0x0000e9dc] ",0
"add r2, r2, r1 ",0
"strb r0, [sb, r2] ",0
"mov r0, r0 ",0
"mov r0, r0 ",0
"ldr r0, [0x0000e9d8] ",0
"ldrsh r0, [sb, r0] ",0
"sub r0, r0, 1 ",0
"ldr r1, [0x0000e9d8] ",0
"strh r0, [sb, r1] ",0
b 0xe084 ,0
"mov r0, r0 ",0
"mov r0, r0 ",0
"ldrb r0, [sb, 0x447] ",0
"lsl r0, r0, 1 ",0
"strb r0, [sb, 0x447] ",0
"ldr r0, [0x0000e9e4] ",0
"ldrh r0, [sb, r0] ",0
"cmp r0, 0x40 ",0
"movhs r0, 1 ",0
"movlo r0, 0 ",0
"cmp r0, 0 ",0
bne 0xe308 ,0
"mov r0, r0 ",0
"mov r0, 9 ",0
"ldr r1, [0x0000e9d8] ",0
"strh r0, [sb, r1] ",0
"mov r0, r0 ",0
"ldr r0, [0x0000e9d8] ",0
"ldrsh r0, [sb, r0] ",0
"cmp r0, 0x12 ",0
"movgt r0, 1 ",0
"movle r0, 0 ",0
"cmp r0, 0 ",0
bne 0xe304 ,0
"mov r0, r0 ",0
"ldr r0, [0x0000e9d8] ",0
"ldrsh r0, [sb, r0] ",0
"ldr r1, [0x0000e9e0] ",0
"add r0, r0, r1 ",0
"ldr r1, [0x0000e9dc] ",0
"add r1, r1, r0 ",0
"ldrb r0, [sb, r1] ",0
"add r0, r0, 3 ",0
"and r0, r0, 8 ",0
"cmp r0, 0 ",0
"moveq r0, 1 ",0
"movne r0, 0 ",0
"cmp r0, 0 ",0
bne 0xe25c ,0
"mov r0, r0 ",0
"ldr r0, [0x0000e9d8] ",0
"ldrsh r0, [sb, r0] ",0
"ldr r1, [0x0000e9e0] ",0
"add r0, r0, r1 ",0
"ldr r1, [0x0000e9dc] ",0
"add r1, r1, r0 ",0
"ldrb r0, [sb, r1] ",0
"add r0, r0, 3 ",0
"ldr r1, [0x0000e9d8] ",0
"ldrsh r1, [sb, r1] ",0
"ldr r2, [0x0000e9e0] ",0
"add r1, r1, r2 ",0
"ldr r2, [0x0000e9dc] ",0
"add r2, r2, r1 ",0
"strb r0, [sb, r2] ",0
"mov r0, r0 ",0
"mov r0, r0 ",0
"ldr r0, [0x0000e9d8] ",0
"ldrsh r0, [sb, r0] ",0
"ldr r1, [0x0000e9e0] ",0
"add r0, r0, r1 ",0
"ldr r1, [0x0000e9dc] ",0
"add r1, r1, r0 ",0
"ldrb r0, [sb, r1] ",0
"add r0, r0, 0x30 ",0
"mov r1, 0x80 ",0
"and r0, r0, r1 ",0
"cmp r0, 0 ",0
"moveq r0, 1 ",0
"movne r0, 0 ",0
"cmp r0, 0 ",0
bne 0xe2e0 ,0
"mov r0, r0 ",0
"ldr r0, [0x0000e9d8] ",0
"ldrsh r0, [sb, r0] ",0
"ldr r1, [0x0000e9e0] ",0
"add r0, r0, r1 ",0
"ldr r1, [0x0000e9dc] ",0
"add r1, r1, r0 ",0
"ldrb r0, [sb, r1] ",0
"add r0, r0, 0x30 ",0
"ldr r1, [0x0000e9d8] ",0
"ldrsh r1, [sb, r1] ",0
"ldr r2, [0x0000e9e0] ",0
"add r1, r1, r2 ",0
"ldr r2, [0x0000e9dc] ",0
"add r2, r2, r1 ",0
"strb r0, [sb, r2] ",0
"mov r0, r0 ",0
"mov r0, r0 ",0
"ldr r0, [0x0000e9d8] ",0
"ldrsh r0, [sb, r0] ",0
"add r0, r0, 1 ",0
"ldr r1, [0x0000e9d8] ",0
"strh r0, [sb, r1] ",0
b 0xe1c0 ,0
"mov r0, r0 ",0
"mov r0, r0 ",0
"mov r0, r0 ",0
"mov r0, r0 ",0
"ldr r0, [0x0000e9e4] ",0
"ldrh r0, [sb, r0] ",0
"add r0, r0, 1 ",0
"ldr r1, [0x0000e9e4] ",0
"strh r0, [sb, r1] ",0
b 0xe054 ,0
"mov r0, r0 ",0
"mov r0, r0 ",0
"mov r0, 0x12 ",0
"ldr r1, [0x0000e9d8] ",0
"strh r0, [sb, r1] ",0
"mov r1, lr ",0
bl 0xe348 ,0
"andeq r0, r0, r0 ",0
"mov r0, lr ",0
"mov lr, r1 ",0
"ldr r2, [0x0000e9f0] ",0
"add r1, sb, r2 ",0
"mov r3, 0 ",0
"mov r0, r0 ",0
"mov r2, 1 ",0
"cmp r3, r2 ",0
"movhs r2, 1 ",0
"movlo r2, 0 ",0
"cmp r2, 0 ",0
bne 0xe390 ,0
"mov r0, r0 ",0
"ldrb r2, [r0, r3] ",0
"strb r2, [r1, r3] ",0
"add r3, r3, 1 ",0
b 0xe35c ,0
"mov r0, r0 ",0
"mov r0, r0 ",0
"mov r0, r0 ",0
"ldr r0, [0x0000e9d8] ",0
"ldrsh r0, [sb, r0] ",0
"cmp r0, 8 ",0
"movle r0, 1 ",0
"movgt r0, 0 ",0
"cmp r0, 0 ",0
bne 0xe54c ,0
"mov r0, r0 ",0
"ldr r2, [0x0000e9d8] ",0
"ldrsh r2, [sb, r2] ",0
"ldr r3, [0x0000e9e0] ",0
"add r2, r2, r3 ",0
"ldr r3, [0x0000e9dc] ",0
"add r3, r3, r2 ",0
"ldrb r2, [sb, r3] ",0
"mov r3, 0xff ",0
"and r2, r3, r2 ",0
"lsr r2, r2, 4 ",0
"lsl r2, r2, 1 ",0
"add r2, sb, r2 ",0
"add r2, r2, 0x60 ",0
"mov r1, r2 ",0
"ldr r3, [0x0000e9f0] ",0
"add r2, sb, r3 ",0
"mov r0, r2 ",0
"str sb, [sp, -4]! ",0
"str r8, [sp, -4]! ",0
"str lr, [sp, -4]! ",0
"ldr r8, [0x0000e9d4] ",0
"ldr r8, [r8] ",0
"mov lr, pc ",0
"mov pc, r8 ",0
"mov r0, r0 ",0
pop {lr} ,0
pop {r8} ,0
pop {sb} ,0
"add sp, sp, 0 ",0
"ldr r2, [0x0000e9f0] ",0
"add r1, sb, r2 ",0
"mov r3, 0 ",0
"mov r0, r0 ",0
"mov r2, 0x15 ",0
"cmp r3, r2 ",0
"movhs r2, 1 ",0
"movlo r2, 0 ",0
"cmp r2, 0 ",0
bne 0xe46c ,0
"mov r0, r0 ",0
"ldrb r2, [r0, r3] ",0
"strb r2, [r1, r3] ",0
"add r3, r3, 1 ",0
b 0xe438 ,0
"mov r0, r0 ",0
"mov r0, r0 ",0
"mov r2, 0 ",0
"strb r2, [r1, 0x15] ",0
"ldr r2, [0x0000e9d8] ",0
"ldrsh r2, [sb, r2] ",0
"ldr r3, [0x0000e9e0] ",0
"add r2, r2, r3 ",0
"ldr r3, [0x0000e9dc] ",0
"add r3, r3, r2 ",0
"ldrb r2, [sb, r3] ",0
"and r2, r2, 0xf ",0
"lsl r2, r2, 1 ",0
"add r2, sb, r2 ",0
"add r2, r2, 0x60 ",0
"mov r1, r2 ",0
"ldr r3, [0x0000e9f0] ",0
"add r2, sb, r3 ",0
"mov r0, r2 ",0
"str sb, [sp, -4]! ",0
"str r8, [sp, -4]! ",0
"str lr, [sp, -4]! ",0
"ldr r8, [0x0000e9d4] ",0
"ldr r8, [r8] ",0
"mov lr, pc ",0
"mov pc, r8 ",0
"mov r0, r0 ",0
pop {lr} ,0
pop {r8} ,0
pop {sb} ,0
"add sp, sp, 0 ",0
"ldr r2, [0x0000e9f0] ",0
"add r1, sb, r2 ",0
"mov r3, 0 ",0
"mov r0, r0 ",0
"mov r2, 0x15 ",0
"cmp r3, r2 ",0
"movhs r2, 1 ",0
"movlo r2, 0 ",0
"cmp r2, 0 ",0
bne 0xe524 ,0
"mov r0, r0 ",0
"ldrb r2, [r0, r3] ",0
"strb r2, [r1, r3] ",0
"add r3, r3, 1 ",0
b 0xe4f0 ,0
"mov r0, r0 ",0
"mov r0, r0 ",0
"mov r2, 0 ",0
"strb r2, [r1, 0x15] ",0
"ldr r0, [0x0000e9d8] ",0
"ldrsh r0, [sb, r0] ",0
"sub r0, r0, 1 ",0
"ldr r1, [0x0000e9d8] ",0
"strh r0, [sb, r1] ",0
b 0xe394 ,0
"mov r0, r0 ",0
"mov r0, r0 ",0
"ldrb r0, [sb, 0x4a2] ",0
"eor r0, r0, 1 ",0
"cmp r0, 0 ",0
bne 0xe7c0 ,0
"mov r0, r0 ",0
"mov r0, r0 ",0
"ldr r2, [0x0000e9f0] ",0
"add r1, sb, r2 ",0
"mov r0, r1 ",0
"str sb, [sp, -4]! ",0
"str r8, [sp, -4]! ",0
"str lr, [sp, -4]! ",0
"ldr r8, [0x0000e9d0] ",0
"ldr r8, [r8] ",0
"mov lr, pc ",0
"mov pc, r8 ",0
"mov r0, r0 ",0
pop {lr} ,0
pop {r8} ,0
pop {sb} ,0
"add sp, sp, 0 ",0
"cmp r0, 1 ",0
"movgt r0, 1 ",0
"movle r0, 0 ",0
"str r0, [sp, -4]! ",0
"mov r2, 1 ",0
"mov r1, r2 ",0
"ldr r3, [0x0000e9f0] ",0
"add r2, sb, r3 ",0
"mov r0, r2 ",0
"str sb, [sp, -4]! ",0
"str r8, [sp, -4]! ",0
"str lr, [sp, -4]! ",0
"ldr r8, [0x0000e9cc] ",0
"ldr r8, [r8] ",0
"mov lr, pc ",0
"mov pc, r8 ",0
"mov r0, r0 ",0
pop {lr} ,0
pop {r8} ,0
pop {sb} ,0
"add sp, sp, 0 ",0
"mov r1, r0 ",0
pop {r0} ,0
"mov r3, lr ",0
bl 0xe60c ,0
"andeq r0, r0, r0, lsr r0 ",0
"mov r2, lr ",0
"mov lr, r3 ",0
"mov r6, 0 ",0
"mov r0, r0 ",0
"ldrb r3, [r1, r6] ",0
"ldrb r4, [r2, r6] ",0
"cmp r3, 0 ",0
beq 0xe658 ,0
"mov r0, r0 ",0
"cmp r4, 0 ",0
beq 0xe658 ,0
"mov r0, r0 ",0
"add r6, r6, 1 ",0
"cmp r3, r4 ",0
"moveq r5, 1 ",0
"movne r5, 0 ",0
"cmp r5, 0 ",0
bne 0xe618 ,0
"mov r0, r0 ",0
"mov r0, r0 ",0
"cmp r3, r4 ",0
"moveq r1, 1 ",0
"movne r1, 0 ",0
"and r0, r0, r1 ",0
"eor r0, r0, 1 ",0
"cmp r0, 0 ",0
bne 0xe71c ,0
"mov r0, r0 ",0
"mov r3, 1 ",0
"mov r2, r3 ",0
"mov r3, 1 ",0
"mov r1, r3 ",0
"ldr r4, [0x0000e9f0] ",0
"add r3, sb, r4 ",0
"mov r0, r3 ",0
"str sb, [sp, -4]! ",0
"str r8, [sp, -4]! ",0
"str lr, [sp, -4]! ",0
"ldr r8, [0x0000e9c8] ",0
"ldr r8, [r8] ",0
"mov lr, pc ",0
"mov pc, r8 ",0
"mov r0, r0 ",0
pop {lr} ,0
pop {r8} ,0
pop {sb} ,0
"add sp, sp, 0 ",0
"ldr r2, [0x0000e9f0] ",0
"add r1, sb, r2 ",0
"mov r3, 0 ",0
"mov r0, r0 ",0
"mov r2, 0x15 ",0
"cmp r3, r2 ",0
"movhs r2, 1 ",0
"movlo r2, 0 ",0
"cmp r2, 0 ",0
bne 0xe708 ,0
"mov r0, r0 ",0
"ldrb r2, [r0, r3] ",0
"strb r2, [r1, r3] ",0
"add r3, r3, 1 ",0
b 0xe6d4 ,0
"mov r0, r0 ",0
"mov r0, r0 ",0
"mov r2, 0 ",0
"strb r2, [r1, 0x15] ",0
b 0xe564 ,0
"mov r0, r0 ",0
"mov r0, r0 ",0
"ldr r3, [0x0000e9f0] ",0
"add r2, sb, r3 ",0
"mov r1, r2 ",0
"mov r3, lr ",0
bl 0xe738 ,0
"andeq r0, r0, sp, lsr 32 ",1
"mov r2, lr ",0
"mov lr, r3 ",0
"mov r0, r2 ",0
"str sb, [sp, -4]! ",0
"str r8, [sp, -4]! ",0
"str lr, [sp, -4]! ",0
"ldr r8, [0x0000e9d4] ",0
"ldr r8, [r8] ",0
"mov lr, pc ",0
"mov pc, r8 ",0
"mov r0, r0 ",0
pop {lr} ,0
pop {r8} ,0
pop {sb} ,0
"add sp, sp, 0 ",0
"ldr r2, [0x0000e9f0] ",0
"add r1, sb, r2 ",0
"mov r3, 0 ",0
"mov r0, r0 ",0
"mov r2, 0x15 ",0
"cmp r3, r2 ",0
"movhs r2, 1 ",0
"movlo r2, 0 ",0
"cmp r2, 0 ",0
bne 0xe7b4 ,0
"mov r0, r0 ",0
"ldrb r2, [r0, r3] ",0
"strb r2, [r1, r3] ",0
"add r3, r3, 1 ",0
b 0xe780 ,0
"mov r0, r0 ",0
"mov r0, r0 ",0
"mov r2, 0 ",0
"strb r2, [r1, 0x15] ",0
"mov r0, r0 ",0
"mov r0, r0 ",0
"mov r0, r0 ",0
"mov r0, r0 ",0
b 0x11e40 ,0
"mov r0, r0 ",0
"mov r0, r0 ",0
"ldrb r0, [sb, 0x486] ",0
"and r0, r0, 0xf ",0
"cmp r0, 9 ",0
"movne r0, 1 ",0
"moveq r0, 0 ",0
"cmp r0, 0 ",0
bne 0xed04 ,0
"mov r0, r0 ",0
"mov r1, lr ",0
bl 0xe808 ,0
"andeq r0, r0, r0 ",0
"mov r0, lr ",0
"mov lr, r1 ",0
"ldr r2, [0x0000e9f0] ",0
"add r1, sb, r2 ",0
"mov r3, 0 ",0
"mov r0, r0 ",0
"mov r2, 1 ",0
"cmp r3, r2 ",0
"movhs r2, 1 ",0
"movlo r2, 0 ",0
"cmp r2, 0 ",0
bne 0xe850 ,0
"mov r0, r0 ",0
"ldrb r2, [r0, r3] ",0
"strb r2, [r1, r3] ",0
"add r3, r3, 1 ",0
b 0xe81c ,0
"mov r0, r0 ",0
"mov r0, r0 ",0
"ldrb r2, [sb, 0x483] ",0
"add r2, r2, 1 ",0
"ldr r3, [0x0000ea00] ",0
"add r3, r3, r2 ",0
"ldrb r2, [sb, r3] ",0
"mov r3, 0x10 ",0
"mov r0, r2 ",0
"mov r1, r3 ",0
"str r3, [sp, -4]! ",0
"str sb, [sp, -4]! ",0
"str r8, [sp, -4]! ",0
"str lr, [sp, -4]! ",0
"ldr r8, [0x0000e9c4] ",0
"ldr r8, [r8] ",0
"mov lr, pc ",0
"mov pc, r8 ",0
"mov r0, r0 ",0
pop {lr} ,0
pop {r8} ,0
pop {sb} ,0
"mov r2, r0 ",0
pop {r3} ,0
"lsl r2, r2, 1 ",0
"add r2, sb, r2 ",0
"add r2, r2, 0x60 ",0
"mov r1, r2 ",0
"ldr r3, [0x0000e9f0] ",0
"add r2, sb, r3 ",0
"mov r0, r2 ",0
"str sb, [sp, -4]! ",0
"str r8, [sp, -4]! ",0
"str lr, [sp, -4]! ",0
"ldr r8, [0x0000e9d4] ",0
"ldr r8, [r8] ",0
"mov lr, pc ",0
"mov pc, r8 ",0
"mov r0, r0 ",0
pop {lr} ,0
pop {r8} ,0
pop {sb} ,0
"add sp, sp, 0 ",0
"ldr r2, [0x0000e9f0] ",0
"add r1, sb, r2 ",0
"mov r3, 0 ",0
"mov r0, r0 ",0
"mov r2, 0x15 ",0
"cmp r3, r2 ",0
"movhs r2, 1 ",0
"movlo r2, 0 ",0
"cmp r2, 0 ",0
bne 0xe938 ,0
"mov r0, r0 ",0
"ldrb r2, [r0, r3] ",0
"strb r2, [r1, r3] ",0
"add r3, r3, 1 ",0
b 0xe904 ,0
"mov r0, r0 ",0
"mov r0, r0 ",0
"mov r2, 0 ",0
"strb r2, [r1, 0x15] ",0
"ldrb r2, [sb, 0x483] ",0
"add r2, r2, 1 ",0
"ldr r3, [0x0000ea00] ",0
"add r3, r3, r2 ",0
"ldrb r2, [sb, r3] ",0
"mov r3, 0x10 ",0
"cmp r3, 0 ",0
beq 0xe9b0 ,0
"mov r0, r0 ",0
"mov r0, r2 ",0
"mov r1, r3 ",0
"str r3, [sp, -4]! ",0
"str sb, [sp, -4]! ",0
"str r8, [sp, -4]! ",0
"str lr, [sp, -4]! ",0
"ldr r8, [0x0000e9c0] ",0
"ldr r8, [r8] ",0
"mov lr, pc ",0
"mov pc, r8 ",0
"mov r0, r0 ",0
pop {lr} ,0
pop {r8} ,0
pop {sb} ,0
"mov r2, r0 ",0
pop {r3} ,0
b 0xea0c ,0
"mov r0, r0 ",0
b 0xea04 ,0
"mov r0, r0 ",0
"andeq r0, r0, r0 ",1
"andeq r0, r0, r0 ",1
"andeq r0, r0, r8, asr 9 ",1
"strheq r0, [r0], -ip ",1
"muleq r0, ip, r2 ",1
"strheq r0, [r0], -r0 ",1
"strheq r0, [r0], -r4 ",1
"andeq r0, r0, r0, lsl 5 ",1
"andeq r0, r0, ip, ror r4 ",1
"andeq r0, r0, r7, asr 8 ",1
invalid ,1
"andeq r0, r0, sl, ror r4 ",1
invalid ,1
"andeq r0, r0, ip, lsl 9 ",1
"andeq r0, r0, r1, ror 8 ",1
"strheq r0, [r0], -r0 ",1
"andeq r0, r0, r0, lsl 2 ",1
"andeq r0, r1, r0 ",1
"strheq r0, [r0], -r0 ",1
"mov r0, r0 ",0
"mov r2, r3 ",0
"mov r0, r0 ",0
"lsl r2, r2, 1 ",0
"add r2, sb, r2 ",0
"add r2, r2, 0x60 ",0
"mov r1, r2 ",0
"ldr r3, [0x0000fa18] ",0
"add r2, sb, r3 ",0
"mov r0, r2 ",0
"str sb, [sp, -4]! ",0
"str r8, [sp, -4]! ",0
"str lr, [sp, -4]! ",0
"ldr r8, [0x0000fa14] ",0
"ldr r8, [r8] ",0
"mov lr, pc ",0
"mov pc, r8 ",0
"mov r0, r0 ",0
pop {lr} ,0
pop {r8} ,0
pop {sb} ,0
"add sp, sp, 0 ",0
"ldr r2, [0x0000fa18] ",0
"add r1, sb, r2 ",0
"mov r3, 0 ",0
"mov r0, r0 ",0
"mov r2, 0x15 ",0
"cmp r3, r2 ",0
"movhs r2, 1 ",0
"movlo r2, 0 ",0
"cmp r2, 0 ",0
bne 0xea9c ,0
"mov r0, r0 ",0
"ldrb r2, [r0, r3] ",0
"strb r2, [r1, r3] ",0
"add r3, r3, 1 ",0
b 0xea68 ,0
"mov r0, r0 ",0
"mov r0, r0 ",0
"mov r2, 0 ",0
"strb r2, [r1, 0x15] ",0
"ldr r2, [0x0000fa18] ",0
"add r1, sb, r2 ",0
"mov r0, r1 ",0
"str sb, [sp, -4]! ",0
"str r8, [sp, -4]! ",0
"str lr, [sp, -4]! ",0
"ldr r8, [0x0000fa10] ",0
"ldr r8, [r8] ",0
"mov lr, pc ",0
"mov pc, r8 ",0
"mov r0, r0 ",0
pop {lr} ,0
pop {r8} ,0
pop {sb} ,0
"add sp, sp, 0 ",0
"cmp r0, 1 ",0
"movgt r0, 1 ",0
"movle r0, 0 ",0
"str r0, [sp, -4]! ",0
"mov r2, 1 ",0
"mov r1, r2 ",0
"ldr r3, [0x0000fa18] ",0
"add r2, sb, r3 ",0
"mov r0, r2 ",0
"str sb, [sp, -4]! ",0
"str r8, [sp, -4]! ",0
"str lr, [sp, -4]! ",0
"ldr r8, [0x0000fa0c] ",0
"ldr r8, [r8] ",0
"mov lr, pc ",0
"mov pc, r8 ",0
"mov r0, r0 ",0
pop {lr} ,0
pop {r8} ,0
pop {sb} ,0
"add sp, sp, 0 ",0
"mov r1, r0 ",0
pop {r0} ,0
"mov r3, lr ",0
bl 0xeb4c ,0
"andeq r0, r0, r6, asr 32 ",1
"mov r2, lr ",0
"mov lr, r3 ",0
"mov r6, 0 ",0
"mov r0, r0 ",0
"ldrb r3, [r1, r6] ",0
"ldrb r4, [r2, r6] ",0
"cmp r3, 0 ",0
beq 0xeb98 ,0
"mov r0, r0 ",0
"cmp r4, 0 ",0
beq 0xeb98 ,0
"mov r0, r0 ",0
"add r6, r6, 1 ",0
"cmp r3, r4 ",0
"moveq r5, 1 ",0
"movne r5, 0 ",0
"cmp r5, 0 ",0
bne 0xeb58 ,0
"mov r0, r0 ",0
"mov r0, r0 ",0
"cmp r3, r4 ",0
"moveq r1, 1 ",0
"movne r1, 0 ",0
"and r0, r0, r1 ",0
"eor r0, r0, 1 ",0
"cmp r0, 0 ",0
bne 0xecf4 ,0
"mov r0, r0 ",0
"mov r3, 1 ",0
"mov r2, r3 ",0
"mov r3, 1 ",0
"mov r1, r3 ",0
"ldr r4, [0x0000fa18] ",0
"add r3, sb, r4 ",0
"mov r0, r3 ",0
"str sb, [sp, -4]! ",0
"str r8, [sp, -4]! ",0
"str lr, [sp, -4]! ",0
"ldr r8, [0x0000fa08] ",0
"ldr r8, [r8] ",0
"mov lr, pc ",0
"mov pc, r8 ",0
"mov r0, r0 ",0
pop {lr} ,0
pop {r8} ,0
pop {sb} ,0
"add sp, sp, 0 ",0
"ldr r2, [0x0000fa18] ",0
"add r1, sb, r2 ",0
"mov r3, 0 ",0
"mov r0, r0 ",0
"mov r2, 0x15 ",0
"cmp r3, r2 ",0
"movhs r2, 1 ",0
"movlo r2, 0 ",0
"cmp r2, 0 ",0
bne 0xec48 ,0
"mov r0, r0 ",0
"ldrb r2, [r0, r3] ",0
"strb r2, [r1, r3] ",0
"add r3, r3, 1 ",0
b 0xec14 ,0
"mov r0, r0 ",0
"mov r0, r0 ",0
"mov r2, 0 ",0
"strb r2, [r1, 0x15] ",0
"ldr r3, [0x0000fa18] ",0
"add r2, sb, r3 ",0
"mov r1, r2 ",0
"mov r3, lr ",0
bl 0xec6c ,0
"andeq r0, r0, sp, lsr 32 ",1
"mov r2, lr ",0
"mov lr, r3 ",0
"mov r0, r2 ",0
"str sb, [sp, -4]! ",0
"str r8, [sp, -4]! ",0
"str lr, [sp, -4]! ",0
"ldr r8, [0x0000fa14] ",0
"ldr r8, [r8] ",0
"mov lr, pc ",0
"mov pc, r8 ",0
"mov r0, r0 ",0
pop {lr} ,0
pop {r8} ,0
pop {sb} ,0
"add sp, sp, 0 ",0
"ldr r2, [0x0000fa18] ",0
"add r1, sb, r2 ",0
"mov r3, 0 ",0
"mov r0, r0 ",0
"mov r2, 0x15 ",0
"cmp r3, r2 ",0
"movhs r2, 1 ",0
"movlo r2, 0 ",0
"cmp r2, 0 ",0
bne 0xece8 ,0
"mov r0, r0 ",0
"ldrb r2, [r0, r3] ",0
"strb r2, [r1, r3] ",0
"add r3, r3, 1 ",0
b 0xecb4 ,0
"mov r0, r0 ",0
"mov r0, r0 ",0
"mov r2, 0 ",0
"strb r2, [r1, 0x15] ",0
"mov r0, r0 ",0
"mov r0, r0 ",0
b 0x11e40 ,0
"mov r0, r0 ",0
"mov r0, r0 ",0
"ldrb r0, [sb, 0x486] ",0
"and r0, r0, 0xf ",0
"cmp r0, 0xa ",0
"movne r0, 1 ",0
"moveq r0, 0 ",0
"cmp r0, 0 ",0
bne 0xf598 ,0
"mov r0, r0 ",0
"mov r1, lr ",0
bl 0xed34 ,0
"andeq r0, r0, r0 ",0
"mov r0, lr ",0
"mov lr, r1 ",0
"ldr r2, [0x0000fa18] ",0
"add r1, sb, r2 ",0
"mov r3, 0 ",0
"mov r0, r0 ",0
"mov r2, 1 ",0
"cmp r3, r2 ",0
"movhs r2, 1 ",0
"movlo r2, 0 ",0
"cmp r2, 0 ",0
bne 0xed7c ,0
"mov r0, r0 ",0
"ldrb r2, [r0, r3] ",0
"strb r2, [r1, r3] ",0
"add r3, r3, 1 ",0
b 0xed48 ,0
"mov r0, r0 ",0
"mov r0, r0 ",0
"ldrb r2, [sb, 0x483] ",0
"add r2, r2, 2 ",0
"ldr r3, [0x0000fa04] ",0
"add r3, r3, r2 ",0
"ldrb r2, [sb, r3] ",0
"mov r3, 0x10 ",0
"mov r0, r2 ",0
"mov r1, r3 ",0
"str r3, [sp, -4]! ",0
"str sb, [sp, -4]! ",0
"str r8, [sp, -4]! ",0
"str lr, [sp, -4]! ",0
"ldr r8, [0x0000fa00] ",0
"ldr r8, [r8] ",0
"mov lr, pc ",0
"mov pc, r8 ",0
"mov r0, r0 ",0
pop {lr} ,0
pop {r8} ,0
pop {sb} ,0
"mov r2, r0 ",0
pop {r3} ,0
"lsl r2, r2, 1 ",0
"add r2, sb, r2 ",0
"add r2, r2, 0x60 ",0
"mov r1, r2 ",0
"ldr r3, [0x0000fa18] ",0
"add r2, sb, r3 ",0
"mov r0, r2 ",0
"str sb, [sp, -4]! ",0
"str r8, [sp, -4]! ",0
"str lr, [sp, -4]! ",0
"ldr r8, [0x0000fa14] ",0
"ldr r8, [r8] ",0
"mov lr, pc ",0
"mov pc, r8 ",0
"mov r0, r0 ",0
pop {lr} ,0
pop {r8} ,0
pop {sb} ,0
"add sp, sp, 0 ",0
"ldr r2, [0x0000fa18] ",0
"add r1, sb, r2 ",0
"mov r3, 0 ",0
"mov r0, r0 ",0
"mov r2, 0x15 ",0
"cmp r3, r2 ",0
"movhs r2, 1 ",0
"movlo r2, 0 ",0
"cmp r2, 0 ",0
bne 0xee64 ,0
"mov r0, r0 ",0
"ldrb r2, [r0, r3] ",0
"strb r2, [r1, r3] ",0
"add r3, r3, 1 ",0
b 0xee30 ,0
"mov r0, r0 ",0
"mov r0, r0 ",0
"mov r2, 0 ",0
"strb r2, [r1, 0x15] ",0
"ldrb r2, [sb, 0x483] ",0
"add r2, r2, 2 ",0
"ldr r3, [0x0000fa04] ",0
"add r3, r3, r2 ",0
"ldrb r2, [sb, r3] ",0
"mov r3, 0x10 ",0
"cmp r3, 0 ",0
beq 0xeedc ,0
"mov r0, r0 ",0
"mov r0, r2 ",0
"mov r1, r3 ",0
"str r3, [sp, -4]! ",0
"str sb, [sp, -4]! ",0
"str r8, [sp, -4]! ",0
"str lr, [sp, -4]! ",0
"ldr r8, [0x0000f9fc] ",0
"ldr r8, [r8] ",0
"mov lr, pc ",0
"mov pc, r8 ",0
"mov r0, r0 ",0
pop {lr} ,0
pop {r8} ,0
pop {sb} ,0
"mov r2, r0 ",0
pop {r3} ,0
b 0xeee4 ,0
"mov r0, r0 ",0
"mov r0, r0 ",0
"mov r2, r3 ",0
"mov r0, r0 ",0
"lsl r2, r2, 1 ",0
"add r2, sb, r2 ",0
"add r2, r2, 0x60 ",0
"mov r1, r2 ",0
"ldr r3, [0x0000fa18] ",0
"add r2, sb, r3 ",0
"mov r0, r2 ",0
"str sb, [sp, -4]! ",0
"str r8, [sp, -4]! ",0
"str lr, [sp, -4]! ",0
"ldr r8, [0x0000fa14] ",0
"ldr r8, [r8] ",0
"mov lr, pc ",0
"mov pc, r8 ",0
"mov r0, r0 ",0
pop {lr} ,0
pop {r8} ,0
pop {sb} ,0
"add sp, sp, 0 ",0
"ldr r2, [0x0000fa18] ",0
"add r1, sb, r2 ",0
"mov r3, 0 ",0
"mov r0, r0 ",0
"mov r2, 0x15 ",0
"cmp r3, r2 ",0
"movhs r2, 1 ",0
"movlo r2, 0 ",0
"cmp r2, 0 ",0
bne 0xef74 ,0
"mov r0, r0 ",0
"ldrb r2, [r0, r3] ",0
"strb r2, [r1, r3] ",0
"add r3, r3, 1 ",0
b 0xef40 ,0
"mov r0, r0 ",0
"mov r0, r0 ",0
"mov r2, 0 ",0
"strb r2, [r1, 0x15] ",0
"ldrb r2, [sb, 0x483] ",0
"add r2, r2, 1 ",0
"ldr r3, [0x0000fa04] ",0
"add r3, r3, r2 ",0
"ldrb r2, [sb, r3] ",0
"mov r3, 0x10 ",0
"mov r0, r2 ",0
"mov r1, r3 ",0
"str r3, [sp, -4]! ",0
"str sb, [sp, -4]! ",0
"str r8, [sp, -4]! ",0
"str lr, [sp, -4]! ",0
"ldr r8, [0x0000fa00] ",0
"ldr r8, [r8] ",0
"mov lr, pc ",0
"mov pc, r8 ",0
"mov r0, r0 ",0
pop {lr} ,0
pop {r8} ,0
pop {sb} ,0
"mov r2, r0 ",0
pop {r3} ,0
"lsl r2, r2, 1 ",0
"add r2, sb, r2 ",0
"add r2, r2, 0x60 ",0
"mov r1, r2 ",0
"ldr r3, [0x0000fa18] ",0
"add r2, sb, r3 ",0
"mov r0, r2 ",0
"str sb, [sp, -4]! ",0
"str r8, [sp, -4]! ",0
"str lr, [sp, -4]! ",0
"ldr r8, [0x0000fa14] ",0
"ldr r8, [r8] ",0
"mov lr, pc ",0
"mov pc, r8 ",0
"mov r0, r0 ",0
pop {lr} ,0
pop {r8} ,0
pop {sb} ,0
"add sp, sp, 0 ",0
"ldr r2, [0x0000fa18] ",0
"add r1, sb, r2 ",0
"mov r3, 0 ",0
"mov r0, r0 ",0
"mov r2, 0x15 ",0
"cmp r3, r2 ",0
"movhs r2, 1 ",0
"movlo r2, 0 ",0
"cmp r2, 0 ",0
bne 0xf064 ,0
"mov r0, r0 ",0
"ldrb r2, [r0, r3] ",0
"strb r2, [r1, r3] ",0
"add r3, r3, 1 ",0
b 0xf030 ,0
"mov r0, r0 ",0
"mov r0, r0 ",0
"mov r2, 0 ",0
"strb r2, [r1, 0x15] ",0
"ldrb r2, [sb, 0x483] ",0
"add r2, r2, 1 ",0
"ldr r3, [0x0000fa04] ",0
"add r3, r3, r2 ",0
"ldrb r2, [sb, r3] ",0
"mov r3, 0x10 ",0
"cmp r3, 0 ",0
beq 0xf0dc ,0
"mov r0, r0 ",0
"mov r0, r2 ",0
"mov r1, r3 ",0
"str r3, [sp, -4]! ",0
"str sb, [sp, -4]! ",0
"str r8, [sp, -4]! ",0
"str lr, [sp, -4]! ",0
"ldr r8, [0x0000f9fc] ",0
"ldr r8, [r8] ",0
"mov lr, pc ",0
"mov pc, r8 ",0
"mov r0, r0 ",0
pop {lr} ,0
pop {r8} ,0
pop {sb} ,0
"mov r2, r0 ",0
pop {r3} ,0
b 0xf0e4 ,0
"mov r0, r0 ",0
"mov r0, r0 ",0
"mov r2, r3 ",0
"mov r0, r0 ",0
"lsl r2, r2, 1 ",0
"add r2, sb, r2 ",0
"add r2, r2, 0x60 ",0
"mov r1, r2 ",0
"ldr r3, [0x0000fa18] ",0
"add r2, sb, r3 ",0
"mov r0, r2 ",0
"str sb, [sp, -4]! ",0
"str r8, [sp, -4]! ",0
"str lr, [sp, -4]! ",0
"ldr r8, [0x0000fa14] ",0
"ldr r8, [r8] ",0
"mov lr, pc ",0
"mov pc, r8 ",0
"mov r0, r0 ",0
pop {lr} ,0
pop {r8} ,0
pop {sb} ,0
"add sp, sp, 0 ",0
"ldr r2, [0x0000fa18] ",0
"add r1, sb, r2 ",0
"mov r3, 0 ",0
"mov r0, r0 ",0
"mov r2, 0x15 ",0
"cmp r3, r2 ",0
"movhs r2, 1 ",0
"movlo r2, 0 ",0
"cmp r2, 0 ",0
bne 0xf174 ,0
"mov r0, r0 ",0
"ldrb r2, [r0, r3] ",0
"strb r2, [r1, r3] ",0
"add r3, r3, 1 ",0
b 0xf140 ,0
"mov r0, r0 ",0
"mov r0, r0 ",0
"mov r2, 0 ",0
"strb r2, [r1, 0x15] ",0
"ldr r2, [0x0000fa18] ",0
"add r1, sb, r2 ",0
"mov r0, r1 ",0
"str sb, [sp, -4]! ",0
"str r8, [sp, -4]! ",0
"str lr, [sp, -4]! ",0
"ldr r8, [0x0000fa10] ",0
"ldr r8, [r8] ",0
"mov lr, pc ",0
"mov pc, r8 ",0
"mov r0, r0 ",0
pop {lr} ,0
pop {r8} ,0
pop {sb} ,0
"add sp, sp, 0 ",0
"cmp r0, 1 ",0
"movgt r0, 1 ",0
"movle r0, 0 ",0
"str r0, [sp, -4]! ",0
"mov r2, 1 ",0
"mov r1, r2 ",0
"ldr r3, [0x0000fa18] ",0
"add r2, sb, r3 ",0
"mov r0, r2 ",0
"str sb, [sp, -4]! ",0
"str r8, [sp, -4]! ",0
"str lr, [sp, -4]! ",0
"ldr r8, [0x0000fa0c] ",0
"ldr r8, [r8] ",0
"mov lr, pc ",0
"mov pc, r8 ",0
"mov r0, r0 ",0
pop {lr} ,0
pop {r8} ,0
pop {sb} ,0
"add sp, sp, 0 ",0
"mov r1, r0 ",0
pop {r0} ,0
"mov r3, lr ",0
bl 0xf224 ,0
"andeq r0, r0, r6, asr 32 ",1
"mov r2, lr ",0
"mov lr, r3 ",0
"mov r6, 0 ",0
"mov r0, r0 ",0
"ldrb r3, [r1, r6] ",0
"ldrb r4, [r2, r6] ",0
"cmp r3, 0 ",0
beq 0xf270 ,0
"mov r0, r0 ",0
"cmp r4, 0 ",0
beq 0xf270 ,0
"mov r0, r0 ",0
"add r6, r6, 1 ",0
"cmp r3, r4 ",0
"moveq r5, 1 ",0
"movne r5, 0 ",0
"cmp r5, 0 ",0
bne 0xf230 ,0
"mov r0, r0 ",0
"mov r0, r0 ",0
"cmp r3, r4 ",0
"moveq r1, 1 ",0
"movne r1, 0 ",0
"and r0, r0, r1 ",0
"eor r0, r0, 1 ",0
"cmp r0, 0 ",0
bne 0xf588 ,0
"mov r0, r0 ",0
"mov r3, 1 ",0
"mov r2, r3 ",0
"mov r3, 1 ",0
"mov r1, r3 ",0
"ldr r4, [0x0000fa18] ",0
"add r3, sb, r4 ",0
"mov r0, r3 ",0
"str sb, [sp, -4]! ",0
"str r8, [sp, -4]! ",0
"str lr, [sp, -4]! ",0
"ldr r8, [0x0000fa08] ",0
"ldr r8, [r8] ",0
"mov lr, pc ",0
"mov pc, r8 ",0
"mov r0, r0 ",0
pop {lr} ,0
pop {r8} ,0
pop {sb} ,0
"add sp, sp, 0 ",0
"ldr r2, [0x0000fa18] ",0
"add r1, sb, r2 ",0
"mov r3, 0 ",0
"mov r0, r0 ",0
"mov r2, 0x15 ",0
"cmp r3, r2 ",0
"movhs r2, 1 ",0
"movlo r2, 0 ",0
"cmp r2, 0 ",0
bne 0xf320 ,0
"mov r0, r0 ",0
"ldrb r2, [r0, r3] ",0
"strb r2, [r1, r3] ",0
"add r3, r3, 1 ",0
b 0xf2ec ,0
"mov r0, r0 ",0
"mov r0, r0 ",0
"mov r2, 0 ",0
"strb r2, [r1, 0x15] ",0
"mov r0, r0 ",0
"ldr r2, [0x0000fa18] ",0
"add r1, sb, r2 ",0
"mov r0, r1 ",0
"str sb, [sp, -4]! ",0
"str r8, [sp, -4]! ",0
"str lr, [sp, -4]! ",0
"ldr r8, [0x0000fa10] ",0
"ldr r8, [r8] ",0
"mov lr, pc ",0
"mov pc, r8 ",0
"mov r0, r0 ",0
pop {lr} ,0
pop {r8} ,0
pop {sb} ,0
"add sp, sp, 0 ",0
"cmp r0, 1 ",0
"movgt r0, 1 ",0
"movle r0, 0 ",0
"str r0, [sp, -4]! ",0
"mov r2, 1 ",0
"mov r1, r2 ",0
"ldr r3, [0x0000fa18] ",0
"add r2, sb, r3 ",0
"mov r0, r2 ",0
"str sb, [sp, -4]! ",0
"str r8, [sp, -4]! ",0
"str lr, [sp, -4]! ",0
"ldr r8, [0x0000fa0c] ",0
"ldr r8, [r8] ",0
"mov lr, pc ",0
"mov pc, r8 ",0
"mov r0, r0 ",0
pop {lr} ,0
pop {r8} ,0
pop {sb} ,0
"add sp, sp, 0 ",0
"mov r1, r0 ",0
pop {r0} ,0
"mov r3, lr ",0
bl 0xf3d4 ,0
"andeq r0, r0, r0, lsr r0 ",0
"mov r2, lr ",0
"mov lr, r3 ",0
"mov r6, 0 ",0
"mov r0, r0 ",0
"ldrb r3, [r1, r6] ",0
"ldrb r4, [r2, r6] ",0
"cmp r3, 0 ",0
beq 0xf420 ,0
"mov r0, r0 ",0
"cmp r4, 0 ",0
beq 0xf420 ,0
"mov r0, r0 ",0
"add r6, r6, 1 ",0
"cmp r3, r4 ",0
"moveq r5, 1 ",0
"movne r5, 0 ",0
"cmp r5, 0 ",0
bne 0xf3e0 ,0
"mov r0, r0 ",0
"mov r0, r0 ",0
"cmp r3, r4 ",0
"moveq r1, 1 ",0
"movne r1, 0 ",0
"and r0, r0, r1 ",0
"eor r0, r0, 1 ",0
"cmp r0, 0 ",0
bne 0xf4e4 ,0
"mov r0, r0 ",0
"mov r3, 1 ",0
"mov r2, r3 ",0
"mov r3, 1 ",0
"mov r1, r3 ",0
"ldr r4, [0x0000fa18] ",0
"add r3, sb, r4 ",0
"mov r0, r3 ",0
"str sb, [sp, -4]! ",0
"str r8, [sp, -4]! ",0
"str lr, [sp, -4]! ",0
"ldr r8, [0x0000fa08] ",0
"ldr r8, [r8] ",0
"mov lr, pc ",0
"mov pc, r8 ",0
"mov r0, r0 ",0
pop {lr} ,0
pop {r8} ,0
pop {sb} ,0
"add sp, sp, 0 ",0
"ldr r2, [0x0000fa18] ",0
"add r1, sb, r2 ",0
"mov r3, 0 ",0
"mov r0, r0 ",0
"mov r2, 0x15 ",0
"cmp r3, r2 ",0
"movhs r2, 1 ",0
"movlo r2, 0 ",0
"cmp r2, 0 ",0
bne 0xf4d0 ,0
"mov r0, r0 ",0
"ldrb r2, [r0, r3] ",0
"strb r2, [r1, r3] ",0
"add r3, r3, 1 ",0
b 0xf49c ,0
"mov r0, r0 ",0
"mov r0, r0 ",0
"mov r2, 0 ",0
"strb r2, [r1, 0x15] ",0
b 0xf32c ,0
"mov r0, r0 ",0
"mov r0, r0 ",0
"ldr r3, [0x0000fa18] ",0
"add r2, sb, r3 ",0
"mov r1, r2 ",0
"mov r3, lr ",0
bl 0xf500 ,0
"andeq r0, r0, sp, lsr 32 ",1
"mov r2, lr ",0
"mov lr, r3 ",0
"mov r0, r2 ",0
"str sb, [sp, -4]! ",0
"str r8, [sp, -4]! ",0
"str lr, [sp, -4]! ",0
"ldr r8, [0x0000fa14] ",0
"ldr r8, [r8] ",0
"mov lr, pc ",0
"mov pc, r8 ",0
"mov r0, r0 ",0
pop {lr} ,0
pop {r8} ,0
pop {sb} ,0
"add sp, sp, 0 ",0
"ldr r2, [0x0000fa18] ",0
"add r1, sb, r2 ",0
"mov r3, 0 ",0
"mov r0, r0 ",0
"mov r2, 0x15 ",0
"cmp r3, r2 ",0
"movhs r2, 1 ",0
"movlo r2, 0 ",0
"cmp r2, 0 ",0
bne 0xf57c ,0
"mov r0, r0 ",0
"ldrb r2, [r0, r3] ",0
"strb r2, [r1, r3] ",0
"add r3, r3, 1 ",0
b 0xf548 ,0
"mov r0, r0 ",0
"mov r0, r0 ",0
"mov r2, 0 ",0
"strb r2, [r1, 0x15] ",0
"mov r0, r0 ",0
"mov r0, r0 ",0
b 0x11e40 ,0
"mov r0, r0 ",0
"mov r0, r0 ",0
"ldrb r0, [sb, 0x486] ",0
"and r0, r0, 0xf ",0
"cmp r0, 0xb ",0
"movne r0, 1 ",0
"moveq r0, 0 ",0
"cmp r0, 0 ",0
bne 0x1005c ,0
"mov r0, r0 ",0
"mov r1, lr ",0
bl 0xf5c8 ,0
"andeq r0, r0, r0 ",0
"mov r0, lr ",0
"mov lr, r1 ",0
"ldr r2, [0x0000fa18] ",0
"add r1, sb, r2 ",0
"mov r3, 0 ",0
"mov r0, r0 ",0
"mov r2, 1 ",0
"cmp r3, r2 ",0
"movhs r2, 1 ",0
"movlo r2, 0 ",0
"cmp r2, 0 ",0
bne 0xf610 ,0
"mov r0, r0 ",0
"ldrb r2, [r0, r3] ",0
"strb r2, [r1, r3] ",0
"add r3, r3, 1 ",0
b 0xf5dc ,0
"mov r0, r0 ",0
"mov r0, r0 ",0
"ldrb r2, [sb, 0x483] ",0
"add r2, r2, 3 ",0
"ldr r3, [0x0000fa04] ",0
"add r3, r3, r2 ",0
"ldrb r2, [sb, r3] ",0
"mov r3, 0x10 ",0
"mov r0, r2 ",0
"mov r1, r3 ",0
"str r3, [sp, -4]! ",0
"str sb, [sp, -4]! ",0
"str r8, [sp, -4]! ",0
"str lr, [sp, -4]! ",0
"ldr r8, [0x0000fa00] ",0
"ldr r8, [r8] ",0
"mov lr, pc ",0
"mov pc, r8 ",0
"mov r0, r0 ",0
pop {lr} ,0
pop {r8} ,0
pop {sb} ,0
"mov r2, r0 ",0
pop {r3} ,0
"lsl r2, r2, 1 ",0
"add r2, sb, r2 ",0
"add r2, r2, 0x60 ",0
"mov r1, r2 ",0
"ldr r3, [0x0000fa18] ",0
"add r2, sb, r3 ",0
"mov r0, r2 ",0
"str sb, [sp, -4]! ",0
"str r8, [sp, -4]! ",0
"str lr, [sp, -4]! ",0
"ldr r8, [0x0000fa14] ",0
"ldr r8, [r8] ",0
"mov lr, pc ",0
"mov pc, r8 ",0
"mov r0, r0 ",0
pop {lr} ,0
pop {r8} ,0
pop {sb} ,0
"add sp, sp, 0 ",0
"ldr r2, [0x0000fa18] ",0
"add r1, sb, r2 ",0
"mov r3, 0 ",0
"mov r0, r0 ",0
"mov r2, 0x15 ",0
"cmp r3, r2 ",0
"movhs r2, 1 ",0
"movlo r2, 0 ",0
"cmp r2, 0 ",0
bne 0xf6f8 ,0
"mov r0, r0 ",0
"ldrb r2, [r0, r3] ",0
"strb r2, [r1, r3] ",0
"add r3, r3, 1 ",0
b 0xf6c4 ,0
"mov r0, r0 ",0
"mov r0, r0 ",0
"mov r2, 0 ",0
"strb r2, [r1, 0x15] ",0
"ldrb r2, [sb, 0x483] ",0
"add r2, r2, 3 ",0
"ldr r3, [0x0000fa04] ",0
"add r3, r3, r2 ",0
"ldrb r2, [sb, r3] ",0
"mov r3, 0x10 ",0
"cmp r3, 0 ",0
beq 0xf770 ,0
"mov r0, r0 ",0
"mov r0, r2 ",0
"mov r1, r3 ",0
"str r3, [sp, -4]! ",0
"str sb, [sp, -4]! ",0
"str r8, [sp, -4]! ",0
"str lr, [sp, -4]! ",0
"ldr r8, [0x0000f9fc] ",0
"ldr r8, [r8] ",0
"mov lr, pc ",0
"mov pc, r8 ",0
"mov r0, r0 ",0
pop {lr} ,0
pop {r8} ,0
pop {sb} ,0
"mov r2, r0 ",0
pop {r3} ,0
b 0xf778 ,0
"mov r0, r0 ",0
"mov r0, r0 ",0
"mov r2, r3 ",0
"mov r0, r0 ",0
"lsl r2, r2, 1 ",0
"add r2, sb, r2 ",0
"add r2, r2, 0x60 ",0
"mov r1, r2 ",0
"ldr r3, [0x0000fa18] ",0
"add r2, sb, r3 ",0
"mov r0, r2 ",0
"str sb, [sp, -4]! ",0
"str r8, [sp, -4]! ",0
"str lr, [sp, -4]! ",0
"ldr r8, [0x0000fa14] ",0
"ldr r8, [r8] ",0
"mov lr, pc ",0
"mov pc, r8 ",0
"mov r0, r0 ",0
pop {lr} ,0
pop {r8} ,0
pop {sb} ,0
"add sp, sp, 0 ",0
"ldr r2, [0x0000fa18] ",0
"add r1, sb, r2 ",0
"mov r3, 0 ",0
"mov r0, r0 ",0
"mov r2, 0x15 ",0
"cmp r3, r2 ",0
"movhs r2, 1 ",0
"movlo r2, 0 ",0
"cmp r2, 0 ",0
bne 0xf808 ,0
"mov r0, r0 ",0
"ldrb r2, [r0, r3] ",0
"strb r2, [r1, r3] ",0
"add r3, r3, 1 ",0
b 0xf7d4 ,0
"mov r0, r0 ",0
"mov r0, r0 ",0
"mov r2, 0 ",0
"strb r2, [r1, 0x15] ",0
"ldrb r2, [sb, 0x483] ",0
"add r2, r2, 2 ",0
"ldr r3, [0x0000fa04] ",0
"add r3, r3, r2 ",0
"ldrb r2, [sb, r3] ",0
"mov r3, 0x10 ",0
"mov r0, r2 ",0
"mov r1, r3 ",0
"str r3, [sp, -4]! ",0
"str sb, [sp, -4]! ",0
"str r8, [sp, -4]! ",0
"str lr, [sp, -4]! ",0
"ldr r8, [0x0000fa00] ",0
"ldr r8, [r8] ",0
"mov lr, pc ",0
"mov pc, r8 ",0
"mov r0, r0 ",0
pop {lr} ,0
pop {r8} ,0
pop {sb} ,0
"mov r2, r0 ",0
pop {r3} ,0
"lsl r2, r2, 1 ",0
"add r2, sb, r2 ",0
"add r2, r2, 0x60 ",0
"mov r1, r2 ",0
"ldr r3, [0x0000fa18] ",0
"add r2, sb, r3 ",0
"mov r0, r2 ",0
"str sb, [sp, -4]! ",0
"str r8, [sp, -4]! ",0
"str lr, [sp, -4]! ",0
"ldr r8, [0x0000fa14] ",0
"ldr r8, [r8] ",0
"mov lr, pc ",0
"mov pc, r8 ",0
"mov r0, r0 ",0
pop {lr} ,0
pop {r8} ,0
pop {sb} ,0
"add sp, sp, 0 ",0
"ldr r2, [0x0000fa18] ",0
"add r1, sb, r2 ",0
"mov r3, 0 ",0
"mov r0, r0 ",0
"mov r2, 0x15 ",0
"cmp r3, r2 ",0
"movhs r2, 1 ",0
"movlo r2, 0 ",0
"cmp r2, 0 ",0
bne 0xf8f8 ,0
"mov r0, r0 ",0
"ldrb r2, [r0, r3] ",0
"strb r2, [r1, r3] ",0
"add r3, r3, 1 ",0
b 0xf8c4 ,0
"mov r0, r0 ",0
"mov r0, r0 ",0
"mov r2, 0 ",0
"strb r2, [r1, 0x15] ",0
"ldrb r2, [sb, 0x483] ",0
"add r2, r2, 2 ",0
"ldr r3, [0x0000fa04] ",0
"add r3, r3, r2 ",0
"ldrb r2, [sb, r3] ",0
"mov r3, 0x10 ",0
"cmp r3, 0 ",0
beq 0xf970 ,0
"mov r0, r0 ",0
"mov r0, r2 ",0
"mov r1, r3 ",0
"str r3, [sp, -4]! ",0
"str sb, [sp, -4]! ",0
"str r8, [sp, -4]! ",0
"str lr, [sp, -4]! ",0
"ldr r8, [0x0000f9fc] ",0
"ldr r8, [r8] ",0
"mov lr, pc ",0
"mov pc, r8 ",0
"mov r0, r0 ",0
pop {lr} ,0
pop {r8} ,0
pop {sb} ,0
"mov r2, r0 ",0
pop {r3} ,0
b 0xf978 ,0
"mov r0, r0 ",0
"mov r0, r0 ",0
"mov r2, r3 ",0
"mov r0, r0 ",0
"lsl r2, r2, 1 ",0
"add r2, sb, r2 ",0
"add r2, r2, 0x60 ",0
"mov r1, r2 ",0
"ldr r3, [0x0000fa18] ",0
"add r2, sb, r3 ",0
"mov r0, r2 ",0
"str sb, [sp, -4]! ",0
"str r8, [sp, -4]! ",0
"str lr, [sp, -4]! ",0
"ldr r8, [0x0000fa14] ",0
"ldr r8, [r8] ",0
"mov lr, pc ",0
"mov pc, r8 ",0
"mov r0, r0 ",0
pop {lr} ,0
pop {r8} ,0
pop {sb} ,0
"add sp, sp, 0 ",0
"ldr r2, [0x0000fa18] ",0
"add r1, sb, r2 ",0
"mov r3, 0 ",0
"mov r0, r0 ",0
"mov r2, 0x15 ",0
"cmp r3, r2 ",0
"movhs r2, 1 ",0
"movlo r2, 0 ",0
"cmp r2, 0 ",0
b 0xfa1c ,0
"mov r0, r0 ",0
"andeq r0, r0, r0 ",1
"andeq r0, r0, r0 ",1
"andeq r0, r0, r8, asr 9 ",1
"strheq r0, [r0], -ip ",1
"strheq r0, [r0], -r0 ",1
"muleq r0, ip, r2 ",1
"strheq r0, [r0], -r0 ",1
"strheq r0, [r0], -r4 ",1
"andeq r0, r0, r0, lsl 5 ",1
"andeq r0, r0, r1, ror 8 ",1
bne 0xfa38 ,0
"mov r0, r0 ",0
"ldrb r2, [r0, r3] ",0
"strb r2, [r1, r3] ",0
"add r3, r3, 1 ",0
b 0xf9d4 ,0
"mov r0, r0 ",0
"mov r0, r0 ",0
"mov r2, 0 ",0
"strb r2, [r1, 0x15] ",0
"ldrb r2, [sb, 0x483] ",0
"add r2, r2, 1 ",0
"ldr r3, [0x00010a44] ",0
"add r3, r3, r2 ",0
"ldrb r2, [sb, r3] ",0
"mov r3, 0x10 ",0
"mov r0, r2 ",0
"mov r1, r3 ",0
"str r3, [sp, -4]! ",0
"str sb, [sp, -4]! ",0
"str r8, [sp, -4]! ",0
"str lr, [sp, -4]! ",0
"ldr r8, [0x00010a40] ",0
"ldr r8, [r8] ",0
"mov lr, pc ",0
"mov pc, r8 ",0
"mov r0, r0 ",0
pop {lr} ,0
pop {r8} ,0
pop {sb} ,0
"mov r2, r0 ",0
pop {r3} ,0
"lsl r2, r2, 1 ",0
"add r2, sb, r2 ",0
"add r2, r2, 0x60 ",0
"mov r1, r2 ",0
"ldr r3, [0x00010a3c] ",0
"add r2, sb, r3 ",0
"mov r0, r2 ",0
"str sb, [sp, -4]! ",0
"str r8, [sp, -4]! ",0
"str lr, [sp, -4]! ",0
"ldr r8, [0x00010a38] ",0
"ldr r8, [r8] ",0
"mov lr, pc ",0
"mov pc, r8 ",0
"mov r0, r0 ",0
pop {lr} ,0
pop {r8} ,0
pop {sb} ,0
"add sp, sp, 0 ",0
"ldr r2, [0x00010a3c] ",0
"add r1, sb, r2 ",0
"mov r3, 0 ",0
"mov r0, r0 ",0
"mov r2, 0x15 ",0
"cmp r3, r2 ",0
"movhs r2, 1 ",0
"movlo r2, 0 ",0
"cmp r2, 0 ",0
bne 0xfb28 ,0
"mov r0, r0 ",0
"ldrb r2, [r0, r3] ",0
"strb r2, [r1, r3] ",0
"add r3, r3, 1 ",0
b 0xfaf4 ,0
"mov r0, r0 ",0
"mov r0, r0 ",0
"mov r2, 0 ",0
"strb r2, [r1, 0x15] ",0
"ldrb r2, [sb, 0x483] ",0
"add r2, r2, 1 ",0
"ldr r3, [0x00010a44] ",0
"add r3, r3, r2 ",0
"ldrb r2, [sb, r3] ",0
"mov r3, 0x10 ",0
"cmp r3, 0 ",0
beq 0xfba0 ,0
"mov r0, r0 ",0
"mov r0, r2 ",0
"mov r1, r3 ",0
"str r3, [sp, -4]! ",0
"str sb, [sp, -4]! ",0
"str r8, [sp, -4]! ",0
"str lr, [sp, -4]! ",0
"ldr r8, [0x00010a34] ",0
"ldr r8, [r8] ",0
"mov lr, pc ",0
"mov pc, r8 ",0
"mov r0, r0 ",0
pop {lr} ,0
pop {r8} ,0
pop {sb} ,0
"mov r2, r0 ",0
pop {r3} ,0
b 0xfba8 ,0
"mov r0, r0 ",0
"mov r0, r0 ",0
"mov r2, r3 ",0
"mov r0, r0 ",0
"lsl r2, r2, 1 ",0
"add r2, sb, r2 ",0
"add r2, r2, 0x60 ",0
"mov r1, r2 ",0
"ldr r3, [0x00010a3c] ",0
"add r2, sb, r3 ",0
"mov r0, r2 ",0
"str sb, [sp, -4]! ",0
"str r8, [sp, -4]! ",0
"str lr, [sp, -4]! ",0
"ldr r8, [0x00010a38] ",0
"ldr r8, [r8] ",0
"mov lr, pc ",0
"mov pc, r8 ",0
"mov r0, r0 ",0
pop {lr} ,0
pop {r8} ,0
pop {sb} ,0
"add sp, sp, 0 ",0
"ldr r2, [0x00010a3c] ",0
"add r1, sb, r2 ",0
"mov r3, 0 ",0
"mov r0, r0 ",0
"mov r2, 0x15 ",0
"cmp r3, r2 ",0
"movhs r2, 1 ",0
"movlo r2, 0 ",0
"cmp r2, 0 ",0
bne 0xfc38 ,0
"mov r0, r0 ",0
"ldrb r2, [r0, r3] ",0
"strb r2, [r1, r3] ",0
"add r3, r3, 1 ",0
b 0xfc04 ,0
"mov r0, r0 ",0
"mov r0, r0 ",0
"mov r2, 0 ",0
"strb r2, [r1, 0x15] ",0
"ldr r2, [0x00010a3c] ",0
"add r1, sb, r2 ",0
"mov r0, r1 ",0
"str sb, [sp, -4]! ",0
"str r8, [sp, -4]! ",0
"str lr, [sp, -4]! ",0
"ldr r8, [0x00010a30] ",0
"ldr r8, [r8] ",0
"mov lr, pc ",0
"mov pc, r8 ",0
"mov r0, r0 ",0
pop {lr} ,0
pop {r8} ,0
pop {sb} ,0
"add sp, sp, 0 ",0
"cmp r0, 1 ",0
"movgt r0, 1 ",0
"movle r0, 0 ",0
"str r0, [sp, -4]! ",0
"mov r2, 1 ",0
"mov r1, r2 ",0
"ldr r3, [0x00010a3c] ",0
"add r2, sb, r3 ",0
"mov r0, r2 ",0
"str sb, [sp, -4]! ",0
"str r8, [sp, -4]! ",0
"str lr, [sp, -4]! ",0
"ldr r8, [0x00010a2c] ",0
"ldr r8, [r8] ",0
"mov lr, pc ",0
"mov pc, r8 ",0
"mov r0, r0 ",0
pop {lr} ,0
pop {r8} ,0
pop {sb} ,0
"add sp, sp, 0 ",0
"mov r1, r0 ",0
pop {r0} ,0
"mov r3, lr ",0
bl 0xfce8 ,0
"andeq r0, r0, r6, asr 32 ",1
"mov r2, lr ",0
"mov lr, r3 ",0
"mov r6, 0 ",0
"mov r0, r0 ",0
"ldrb r3, [r1, r6] ",0
"ldrb r4, [r2, r6] ",0
"cmp r3, 0 ",0
beq 0xfd34 ,0
"mov r0, r0 ",0
"cmp r4, 0 ",0
beq 0xfd34 ,0
"mov r0, r0 ",0
"add r6, r6, 1 ",0
"cmp r3, r4 ",0
"moveq r5, 1 ",0
"movne r5, 0 ",0
"cmp r5, 0 ",0
bne 0xfcf4 ,0
"mov r0, r0 ",0
"mov r0, r0 ",0
"cmp r3, r4 ",0
"moveq r1, 1 ",0
"movne r1, 0 ",0
"and r0, r0, r1 ",0
"eor r0, r0, 1 ",0
"cmp r0, 0 ",0
bne 0x1004c ,0
"mov r0, r0 ",0
"mov r3, 1 ",0
"mov r2, r3 ",0
"mov r3, 1 ",0
"mov r1, r3 ",0
"ldr r4, [0x00010a3c] ",0
"add r3, sb, r4 ",0
"mov r0, r3 ",0
"str sb, [sp, -4]! ",0
"str r8, [sp, -4]! ",0
"str lr, [sp, -4]! ",0
"ldr r8, [0x00010a28] ",0
"ldr r8, [r8] ",0
"mov lr, pc ",0
"mov pc, r8 ",0
"mov r0, r0 ",0
pop {lr} ,0
pop {r8} ,0
pop {sb} ,0
"add sp, sp, 0 ",0
"ldr r2, [0x00010a3c] ",0
"add r1, sb, r2 ",0
"mov r3, 0 ",0
"mov r0, r0 ",0
"mov r2, 0x15 ",0
"cmp r3, r2 ",0
"movhs r2, 1 ",0
"movlo r2, 0 ",0
"cmp r2, 0 ",0
bne 0xfde4 ,0
"mov r0, r0 ",0
"ldrb r2, [r0, r3] ",0
"strb r2, [r1, r3] ",0
"add r3, r3, 1 ",0
b 0xfdb0 ,0
"mov r0, r0 ",0
"mov r0, r0 ",0
"mov r2, 0 ",0
"strb r2, [r1, 0x15] ",0
"mov r0, r0 ",0
"ldr r2, [0x00010a3c] ",0
"add r1, sb, r2 ",0
"mov r0, r1 ",0
"str sb, [sp, -4]! ",0
"str r8, [sp, -4]! ",0
"str lr, [sp, -4]! ",0
"ldr r8, [0x00010a30] ",0
"ldr r8, [r8] ",0
"mov lr, pc ",0
"mov pc, r8 ",0
"mov r0, r0 ",0
pop {lr} ,0
pop {r8} ,0
pop {sb} ,0
"add sp, sp, 0 ",0
"cmp r0, 1 ",0
"movgt r0, 1 ",0
"movle r0, 0 ",0
"str r0, [sp, -4]! ",0
"mov r2, 1 ",0
"mov r1, r2 ",0
"ldr r3, [0x00010a3c] ",0
"add r2, sb, r3 ",0
"mov r0, r2 ",0
"str sb, [sp, -4]! ",0
"str r8, [sp, -4]! ",0
"str lr, [sp, -4]! ",0
"ldr r8, [0x00010a2c] ",0
"ldr r8, [r8] ",0
"mov lr, pc ",0
"mov pc, r8 ",0
"mov r0, r0 ",0
pop {lr} ,0
pop {r8} ,0
pop {sb} ,0
"add sp, sp, 0 ",0
"mov r1, r0 ",0
pop {r0} ,0
"mov r3, lr ",0
bl 0xfe98 ,0
"andeq r0, r0, r0, lsr r0 ",0
"mov r2, lr ",0
"mov lr, r3 ",0
"mov r6, 0 ",0
"mov r0, r0 ",0
"ldrb r3, [r1, r6] ",0
"ldrb r4, [r2, r6] ",0
"cmp r3, 0 ",0
beq 0xfee4 ,0
"mov r0, r0 ",0
"cmp r4, 0 ",0
beq 0xfee4 ,0
"mov r0, r0 ",0
"add r6, r6, 1 ",0
"cmp r3, r4 ",0
"moveq r5, 1 ",0
"movne r5, 0 ",0
"cmp r5, 0 ",0
bne 0xfea4 ,0
"mov r0, r0 ",0
"mov r0, r0 ",0
"cmp r3, r4 ",0
"moveq r1, 1 ",0
"movne r1, 0 ",0
"and r0, r0, r1 ",0
"eor r0, r0, 1 ",0
"cmp r0, 0 ",0
bne 0xffa8 ,0
"mov r0, r0 ",0
"mov r3, 1 ",0
"mov r2, r3 ",0
"mov r3, 1 ",0
"mov r1, r3 ",0
"ldr r4, [0x00010a3c] ",0
"add r3, sb, r4 ",0
"mov r0, r3 ",0
"str sb, [sp, -4]! ",0
"str r8, [sp, -4]! ",0
"str lr, [sp, -4]! ",0
"ldr r8, [0x00010a28] ",0
"ldr r8, [r8] ",0
"mov lr, pc ",0
"mov pc, r8 ",0
"mov r0, r0 ",0
pop {lr} ,0
pop {r8} ,0
pop {sb} ,0
"add sp, sp, 0 ",0
"ldr r2, [0x00010a3c] ",0
"add r1, sb, r2 ",0
"mov r3, 0 ",0
"mov r0, r0 ",0
"mov r2, 0x15 ",0
"cmp r3, r2 ",0
"movhs r2, 1 ",0
"movlo r2, 0 ",0
"cmp r2, 0 ",0
bne 0xff94 ,0
"mov r0, r0 ",0
"ldrb r2, [r0, r3] ",0
"strb r2, [r1, r3] ",0
"add r3, r3, 1 ",0
b 0xff60 ,0
"mov r0, r0 ",0
"mov r0, r0 ",0
"mov r2, 0 ",0
"strb r2, [r1, 0x15] ",0
b 0xfdf0 ,0
"mov r0, r0 ",0
"mov r0, r0 ",0
"ldr r3, [0x00010a3c] ",0
"add r2, sb, r3 ",0
"mov r1, r2 ",0
"mov r3, lr ",0
bl 0xffc4 ,0
"andeq r0, r0, sp, lsr 32 ",1
"mov r2, lr ",0
"mov lr, r3 ",0
"mov r0, r2 ",0
"str sb, [sp, -4]! ",0
"str r8, [sp, -4]! ",0
"str lr, [sp, -4]! ",0
"ldr r8, [0x00010a38] ",0
"ldr r8, [r8] ",0
"mov lr, pc ",0
"mov pc, r8 ",0
"mov r0, r0 ",0
pop {lr} ,0
pop {r8} ,0
pop {sb} ,0
"add sp, sp, 0 ",0
"ldr r2, [0x00010a3c] ",0
"add r1, sb, r2 ",0
"mov r3, 0 ",0
"mov r0, r0 ",0
"mov r2, 0x15 ",0
"cmp r3, r2 ",0
"movhs r2, 1 ",0
"movlo r2, 0 ",0
"cmp r2, 0 ",0
bne 0x10040 ,0
"mov r0, r0 ",0
"ldrb r2, [r0, r3] ",0
"strb r2, [r1, r3] ",0
"add r3, r3, 1 ",0
b 0x1000c ,0
"mov r0, r0 ",0
"mov r0, r0 ",0
"mov r2, 0 ",0
"strb r2, [r1, 0x15] ",0
"mov r0, r0 ",0
"mov r0, r0 ",0
b 0x11e40 ,0
"mov r0, r0 ",0
"mov r0, r0 ",0
"ldrb r0, [sb, 0x486] ",0
"and r0, r0, 0xf ",0
"cmp r0, 0xc ",0
"movne r0, 1 ",0
"moveq r0, 0 ",0
"cmp r0, 0 ",0
bne 0x10d20 ,0
"mov r0, r0 ",0
"mov r1, lr ",0
bl 0x1008c ,0
"andeq r0, r0, r0 ",0
"mov r0, lr ",0
"mov lr, r1 ",0
"ldr r2, [0x00010a3c] ",0
"add r1, sb, r2 ",0
"mov r3, 0 ",0
"mov r0, r0 ",0
"mov r2, 1 ",0
"cmp r3, r2 ",0
"movhs r2, 1 ",0
"movlo r2, 0 ",0
"cmp r2, 0 ",0
bne 0x100d4 ,0
"mov r0, r0 ",0
"ldrb r2, [r0, r3] ",0
"strb r2, [r1, r3] ",0
"add r3, r3, 1 ",0
b 0x100a0 ,0
"mov r0, r0 ",0
"mov r0, r0 ",0
"ldrb r2, [sb, 0x483] ",0
"add r2, r2, 4 ",0
"ldr r3, [0x00010a44] ",0
"add r3, r3, r2 ",0
"ldrb r2, [sb, r3] ",0
"mov r3, 0x10 ",0
"mov r0, r2 ",0
"mov r1, r3 ",0
"str r3, [sp, -4]! ",0
"str sb, [sp, -4]! ",0
"str r8, [sp, -4]! ",0
"str lr, [sp, -4]! ",0
"ldr r8, [0x00010a40] ",0
"ldr r8, [r8] ",0
"mov lr, pc ",0
"mov pc, r8 ",0
"mov r0, r0 ",0
pop {lr} ,0
pop {r8} ,0
pop {sb} ,0
"mov r2, r0 ",0
pop {r3} ,0
"lsl r2, r2, 1 ",0
"add r2, sb, r2 ",0
"add r2, r2, 0x60 ",0
"mov r1, r2 ",0
"ldr r3, [0x00010a3c] ",0
"add r2, sb, r3 ",0
"mov r0, r2 ",0
"str sb, [sp, -4]! ",0
"str r8, [sp, -4]! ",0
"str lr, [sp, -4]! ",0
"ldr r8, [0x00010a38] ",0
"ldr r8, [r8] ",0
"mov lr, pc ",0
"mov pc, r8 ",0
"mov r0, r0 ",0
pop {lr} ,0
pop {r8} ,0
pop {sb} ,0
"add sp, sp, 0 ",0
"ldr r2, [0x00010a3c] ",0
"add r1, sb, r2 ",0
"mov r3, 0 ",0
"mov r0, r0 ",0
"mov r2, 0x15 ",0
"cmp r3, r2 ",0
"movhs r2, 1 ",0
"movlo r2, 0 ",0
"cmp r2, 0 ",0
bne 0x101bc ,0
"mov r0, r0 ",0
"ldrb r2, [r0, r3] ",0
"strb r2, [r1, r3] ",0
"add r3, r3, 1 ",0
b 0x10188 ,0
"mov r0, r0 ",0
"mov r0, r0 ",0
"mov r2, 0 ",0
"strb r2, [r1, 0x15] ",0
"ldrb r2, [sb, 0x483] ",0
"add r2, r2, 4 ",0
"ldr r3, [0x00010a44] ",0
"add r3, r3, r2 ",0
"ldrb r2, [sb, r3] ",0
"mov r3, 0x10 ",0
"cmp r3, 0 ",0
beq 0x10234 ,0
"mov r0, r0 ",0
"mov r0, r2 ",0
"mov r1, r3 ",0
"str r3, [sp, -4]! ",0
"str sb, [sp, -4]! ",0
"str r8, [sp, -4]! ",0
"str lr, [sp, -4]! ",0
"ldr r8, [0x00010a34] ",0
"ldr r8, [r8] ",0
"mov lr, pc ",0
"mov pc, r8 ",0
"mov r0, r0 ",0
pop {lr} ,0
pop {r8} ,0
pop {sb} ,0
"mov r2, r0 ",0
pop {r3} ,0
b 0x1023c ,0
"mov r0, r0 ",0
"mov r0, r0 ",0
"mov r2, r3 ",0
"mov r0, r0 ",0
"lsl r2, r2, 1 ",0
"add r2, sb, r2 ",0
"add r2, r2, 0x60 ",0
"mov r1, r2 ",0
"ldr r3, [0x00010a3c] ",0
"add r2, sb, r3 ",0
"mov r0, r2 ",0
"str sb, [sp, -4]! ",0
"str r8, [sp, -4]! ",0
"str lr, [sp, -4]! ",0
"ldr r8, [0x00010a38] ",0
"ldr r8, [r8] ",0
"mov lr, pc ",0
"mov pc, r8 ",0
"mov r0, r0 ",0
pop {lr} ,0
pop {r8} ,0
pop {sb} ,0
"add sp, sp, 0 ",0
"ldr r2, [0x00010a3c] ",0
"add r1, sb, r2 ",0
"mov r3, 0 ",0
"mov r0, r0 ",0
"mov r2, 0x15 ",0
"cmp r3, r2 ",0
"movhs r2, 1 ",0
"movlo r2, 0 ",0
"cmp r2, 0 ",0
bne 0x102cc ,0
"mov r0, r0 ",0
"ldrb r2, [r0, r3] ",0
"strb r2, [r1, r3] ",0
"add r3, r3, 1 ",0
b 0x10298 ,0
"mov r0, r0 ",0
"mov r0, r0 ",0
"mov r2, 0 ",0
"strb r2, [r1, 0x15] ",0
"ldrb r2, [sb, 0x483] ",0
"add r2, r2, 3 ",0
"ldr r3, [0x00010a44] ",0
"add r3, r3, r2 ",0
"ldrb r2, [sb, r3] ",0
"mov r3, 0x10 ",0
"mov r0, r2 ",0
"mov r1, r3 ",0
"str r3, [sp, -4]! ",0
"str sb, [sp, -4]! ",0
"str r8, [sp, -4]! ",0
"str lr, [sp, -4]! ",0
"ldr r8, [0x00010a40] ",0
"ldr r8, [r8] ",0
"mov lr, pc ",0
"mov pc, r8 ",0
"mov r0, r0 ",0
pop {lr} ,0
pop {r8} ,0
pop {sb} ,0
"mov r2, r0 ",0
pop {r3} ,0
"lsl r2, r2, 1 ",0
"add r2, sb, r2 ",0
"add r2, r2, 0x60 ",0
"mov r1, r2 ",0
"ldr r3, [0x00010a3c] ",0
"add r2, sb, r3 ",0
"mov r0, r2 ",0
"str sb, [sp, -4]! ",0
"str r8, [sp, -4]! ",0
"str lr, [sp, -4]! ",0
"ldr r8, [0x00010a38] ",0
"ldr r8, [r8] ",0
"mov lr, pc ",0
"mov pc, r8 ",0
"mov r0, r0 ",0
pop {lr} ,0
pop {r8} ,0
pop {sb} ,0
"add sp, sp, 0 ",0
"ldr r2, [0x00010a3c] ",0
"add r1, sb, r2 ",0
"mov r3, 0 ",0
"mov r0, r0 ",0
"mov r2, 0x15 ",0
"cmp r3, r2 ",0
"movhs r2, 1 ",0
"movlo r2, 0 ",0
"cmp r2, 0 ",0
bne 0x103bc ,0
"mov r0, r0 ",0
"ldrb r2, [r0, r3] ",0
"strb r2, [r1, r3] ",0
"add r3, r3, 1 ",0
b 0x10388 ,0
"mov r0, r0 ",0
"mov r0, r0 ",0
"mov r2, 0 ",0
"strb r2, [r1, 0x15] ",0
"ldrb r2, [sb, 0x483] ",0
"add r2, r2, 3 ",0
"ldr r3, [0x00010a44] ",0
"add r3, r3, r2 ",0
"ldrb r2, [sb, r3] ",0
"mov r3, 0x10 ",0
"cmp r3, 0 ",0
beq 0x10434 ,0
"mov r0, r0 ",0
"mov r0, r2 ",0
"mov r1, r3 ",0
"str r3, [sp, -4]! ",0
"str sb, [sp, -4]! ",0
"str r8, [sp, -4]! ",0
"str lr, [sp, -4]! ",0
"ldr r8, [0x00010a34] ",0
"ldr r8, [r8] ",0
"mov lr, pc ",0
"mov pc, r8 ",0
"mov r0, r0 ",0
pop {lr} ,0
pop {r8} ,0
pop {sb} ,0
"mov r2, r0 ",0
pop {r3} ,0
b 0x1043c ,0
"mov r0, r0 ",0
"mov r0, r0 ",0
"mov r2, r3 ",0
"mov r0, r0 ",0
"lsl r2, r2, 1 ",0
"add r2, sb, r2 ",0
"add r2, r2, 0x60 ",0
"mov r1, r2 ",0
"ldr r3, [0x00010a3c] ",0
"add r2, sb, r3 ",0
"mov r0, r2 ",0
"str sb, [sp, -4]! ",0
"str r8, [sp, -4]! ",0
"str lr, [sp, -4]! ",0
"ldr r8, [0x00010a38] ",0
"ldr r8, [r8] ",0
"mov lr, pc ",0
"mov pc, r8 ",0
"mov r0, r0 ",0
pop {lr} ,0
pop {r8} ,0
pop {sb} ,0
"add sp, sp, 0 ",0
"ldr r2, [0x00010a3c] ",0
"add r1, sb, r2 ",0
"mov r3, 0 ",0
"mov r0, r0 ",0
"mov r2, 0x15 ",0
"cmp r3, r2 ",0
"movhs r2, 1 ",0
"movlo r2, 0 ",0
"cmp r2, 0 ",0
bne 0x104cc ,0
"mov r0, r0 ",0
"ldrb r2, [r0, r3] ",0
"strb r2, [r1, r3] ",0
"add r3, r3, 1 ",0
b 0x10498 ,0
"mov r0, r0 ",0
"mov r0, r0 ",0
"mov r2, 0 ",0
"strb r2, [r1, 0x15] ",0
"ldrb r2, [sb, 0x483] ",0
"add r2, r2, 2 ",0
"ldr r3, [0x00010a44] ",0
"add r3, r3, r2 ",0
"ldrb r2, [sb, r3] ",0
"mov r3, 0x10 ",0
"mov r0, r2 ",0
"mov r1, r3 ",0
"str r3, [sp, -4]! ",0
"str sb, [sp, -4]! ",0
"str r8, [sp, -4]! ",0
"str lr, [sp, -4]! ",0
"ldr r8, [0x00010a40] ",0
"ldr r8, [r8] ",0
"mov lr, pc ",0
"mov pc, r8 ",0
"mov r0, r0 ",0
pop {lr} ,0
pop {r8} ,0
pop {sb} ,0
"mov r2, r0 ",0
pop {r3} ,0
"lsl r2, r2, 1 ",0
"add r2, sb, r2 ",0
"add r2, r2, 0x60 ",0
"mov r1, r2 ",0
"ldr r3, [0x00010a3c] ",0
"add r2, sb, r3 ",0
"mov r0, r2 ",0
"str sb, [sp, -4]! ",0
"str r8, [sp, -4]! ",0
"str lr, [sp, -4]! ",0
"ldr r8, [0x00010a38] ",0
"ldr r8, [r8] ",0
"mov lr, pc ",0
"mov pc, r8 ",0
"mov r0, r0 ",0
pop {lr} ,0
pop {r8} ,0
pop {sb} ,0
"add sp, sp, 0 ",0
"ldr r2, [0x00010a3c] ",0
"add r1, sb, r2 ",0
"mov r3, 0 ",0
"mov r0, r0 ",0
"mov r2, 0x15 ",0
"cmp r3, r2 ",0
"movhs r2, 1 ",0
"movlo r2, 0 ",0
"cmp r2, 0 ",0
bne 0x105bc ,0
"mov r0, r0 ",0
"ldrb r2, [r0, r3] ",0
"strb r2, [r1, r3] ",0
"add r3, r3, 1 ",0
b 0x10588 ,0
"mov r0, r0 ",0
"mov r0, r0 ",0
"mov r2, 0 ",0
"strb r2, [r1, 0x15] ",0
"ldrb r2, [sb, 0x483] ",0
"add r2, r2, 2 ",0
"ldr r3, [0x00010a44] ",0
"add r3, r3, r2 ",0
"ldrb r2, [sb, r3] ",0
"mov r3, 0x10 ",0
"cmp r3, 0 ",0
beq 0x10634 ,0
"mov r0, r0 ",0
"mov r0, r2 ",0
"mov r1, r3 ",0
"str r3, [sp, -4]! ",0
"str sb, [sp, -4]! ",0
"str r8, [sp, -4]! ",0
"str lr, [sp, -4]! ",0
"ldr r8, [0x00010a34] ",0
"ldr r8, [r8] ",0
"mov lr, pc ",0
"mov pc, r8 ",0
"mov r0, r0 ",0
pop {lr} ,0
pop {r8} ,0
pop {sb} ,0
"mov r2, r0 ",0
pop {r3} ,0
b 0x1063c ,0
"mov r0, r0 ",0
"mov r0, r0 ",0
"mov r2, r3 ",0
"mov r0, r0 ",0
"lsl r2, r2, 1 ",0
"add r2, sb, r2 ",0
"add r2, r2, 0x60 ",0
"mov r1, r2 ",0
"ldr r3, [0x00010a3c] ",0
"add r2, sb, r3 ",0
"mov r0, r2 ",0
"str sb, [sp, -4]! ",0
"str r8, [sp, -4]! ",0
"str lr, [sp, -4]! ",0
"ldr r8, [0x00010a38] ",0
"ldr r8, [r8] ",0
"mov lr, pc ",0
"mov pc, r8 ",0
"mov r0, r0 ",0
pop {lr} ,0
pop {r8} ,0
pop {sb} ,0
"add sp, sp, 0 ",0
"ldr r2, [0x00010a3c] ",0
"add r1, sb, r2 ",0
"mov r3, 0 ",0
"mov r0, r0 ",0
"mov r2, 0x15 ",0
"cmp r3, r2 ",0
"movhs r2, 1 ",0
"movlo r2, 0 ",0
"cmp r2, 0 ",0
bne 0x106cc ,0
"mov r0, r0 ",0
"ldrb r2, [r0, r3] ",0
"strb r2, [r1, r3] ",0
"add r3, r3, 1 ",0
b 0x10698 ,0
"mov r0, r0 ",0
"mov r0, r0 ",0
"mov r2, 0 ",0
"strb r2, [r1, 0x15] ",0
"ldrb r2, [sb, 0x483] ",0
"add r2, r2, 1 ",0
"ldr r3, [0x00010a44] ",0
"add r3, r3, r2 ",0
"ldrb r2, [sb, r3] ",0
"mov r3, 0x10 ",0
"mov r0, r2 ",0
"mov r1, r3 ",0
"str r3, [sp, -4]! ",0
"str sb, [sp, -4]! ",0
"str r8, [sp, -4]! ",0
"str lr, [sp, -4]! ",0
"ldr r8, [0x00010a40] ",0
"ldr r8, [r8] ",0
"mov lr, pc ",0
"mov pc, r8 ",0
"mov r0, r0 ",0
pop {lr} ,0
pop {r8} ,0
pop {sb} ,0
"mov r2, r0 ",0
pop {r3} ,0
"lsl r2, r2, 1 ",0
"add r2, sb, r2 ",0
"add r2, r2, 0x60 ",0
"mov r1, r2 ",0
"ldr r3, [0x00010a3c] ",0
"add r2, sb, r3 ",0
"mov r0, r2 ",0
"str sb, [sp, -4]! ",0
"str r8, [sp, -4]! ",0
"str lr, [sp, -4]! ",0
"ldr r8, [0x00010a38] ",0
"ldr r8, [r8] ",0
"mov lr, pc ",0
"mov pc, r8 ",0
"mov r0, r0 ",0
pop {lr} ,0
pop {r8} ,0
pop {sb} ,0
"add sp, sp, 0 ",0
"ldr r2, [0x00010a3c] ",0
"add r1, sb, r2 ",0
"mov r3, 0 ",0
"mov r0, r0 ",0
"mov r2, 0x15 ",0
"cmp r3, r2 ",0
"movhs r2, 1 ",0
"movlo r2, 0 ",0
"cmp r2, 0 ",0
bne 0x107bc ,0
"mov r0, r0 ",0
"ldrb r2, [r0, r3] ",0
"strb r2, [r1, r3] ",0
"add r3, r3, 1 ",0
b 0x10788 ,0
"mov r0, r0 ",0
"mov r0, r0 ",0
"mov r2, 0 ",0
"strb r2, [r1, 0x15] ",0
"ldrb r2, [sb, 0x483] ",0
"add r2, r2, 1 ",0
"ldr r3, [0x00010a44] ",0
"add r3, r3, r2 ",0
"ldrb r2, [sb, r3] ",0
"mov r3, 0x10 ",0
"cmp r3, 0 ",0
beq 0x10834 ,0
"mov r0, r0 ",0
"mov r0, r2 ",0
"mov r1, r3 ",0
"str r3, [sp, -4]! ",0
"str sb, [sp, -4]! ",0
"str r8, [sp, -4]! ",0
"str lr, [sp, -4]! ",0
"ldr r8, [0x00010a34] ",0
"ldr r8, [r8] ",0
"mov lr, pc ",0
"mov pc, r8 ",0
"mov r0, r0 ",0
pop {lr} ,0
pop {r8} ,0
pop {sb} ,0
"mov r2, r0 ",0
pop {r3} ,0
b 0x1083c ,0
"mov r0, r0 ",0
"mov r0, r0 ",0
"mov r2, r3 ",0
"mov r0, r0 ",0
"lsl r2, r2, 1 ",0
"add r2, sb, r2 ",0
"add r2, r2, 0x60 ",0
"mov r1, r2 ",0
"ldr r3, [0x00010a3c] ",0
"add r2, sb, r3 ",0
"mov r0, r2 ",0
"str sb, [sp, -4]! ",0
"str r8, [sp, -4]! ",0
"str lr, [sp, -4]! ",0
"ldr r8, [0x00010a38] ",0
"ldr r8, [r8] ",0
"mov lr, pc ",0
"mov pc, r8 ",0
"mov r0, r0 ",0
pop {lr} ,0
pop {r8} ,0
pop {sb} ,0
"add sp, sp, 0 ",0
"ldr r2, [0x00010a3c] ",0
"add r1, sb, r2 ",0
"mov r3, 0 ",0
"mov r0, r0 ",0
"mov r2, 0x15 ",0
"cmp r3, r2 ",0
"movhs r2, 1 ",0
"movlo r2, 0 ",0
"cmp r2, 0 ",0
bne 0x108cc ,0
"mov r0, r0 ",0
"ldrb r2, [r0, r3] ",0
"strb r2, [r1, r3] ",0
"add r3, r3, 1 ",0
b 0x10898 ,0
"mov r0, r0 ",0
"mov r0, r0 ",0
"mov r2, 0 ",0
"strb r2, [r1, 0x15] ",0
"ldr r2, [0x00010a3c] ",0
"add r1, sb, r2 ",0
"mov r0, r1 ",0
"str sb, [sp, -4]! ",0
"str r8, [sp, -4]! ",0
"str lr, [sp, -4]! ",0
"ldr r8, [0x00010a30] ",0
"ldr r8, [r8] ",0
"mov lr, pc ",0
"mov pc, r8 ",0
"mov r0, r0 ",0
pop {lr} ,0
pop {r8} ,0
pop {sb} ,0
"add sp, sp, 0 ",0
"cmp r0, 1 ",0
"movgt r0, 1 ",0
"movle r0, 0 ",0
"str r0, [sp, -4]! ",0
"mov r2, 1 ",0
"mov r1, r2 ",0
"ldr r3, [0x00010a3c] ",0
"add r2, sb, r3 ",0
"mov r0, r2 ",0
"str sb, [sp, -4]! ",0
"str r8, [sp, -4]! ",0
"str lr, [sp, -4]! ",0
"ldr r8, [0x00010a2c] ",0
"ldr r8, [r8] ",0
"mov lr, pc ",0
"mov pc, r8 ",0
"mov r0, r0 ",0
pop {lr} ,0
pop {r8} ,0
pop {sb} ,0
"add sp, sp, 0 ",0
"mov r1, r0 ",0
pop {r0} ,0
"mov r3, lr ",0
bl 0x1097c ,0
"andeq r0, r0, r6, asr 32 ",1
"mov r2, lr ",0
"mov lr, r3 ",0
"mov r6, 0 ",0
"mov r0, r0 ",0
"ldrb r3, [r1, r6] ",0
"ldrb r4, [r2, r6] ",0
"cmp r3, 0 ",0
beq 0x109c8 ,0
"mov r0, r0 ",0
"cmp r4, 0 ",0
beq 0x109c8 ,0
"mov r0, r0 ",0
"add r6, r6, 1 ",0
"cmp r3, r4 ",0
"moveq r5, 1 ",0
"movne r5, 0 ",0
"cmp r5, 0 ",0
bne 0x10988 ,0
"mov r0, r0 ",0
"mov r0, r0 ",0
"cmp r3, r4 ",0
"moveq r1, 1 ",0
"movne r1, 0 ",0
"and r0, r0, r1 ",0
"eor r0, r0, 1 ",0
"cmp r0, 0 ",0
bne 0x10d10 ,0
"mov r0, r0 ",0
"mov r3, 1 ",0
"mov r2, r3 ",0
"mov r3, 1 ",0
"mov r1, r3 ",0
"ldr r4, [0x00010a3c] ",0
"add r3, sb, r4 ",0
"mov r0, r3 ",0
"str sb, [sp, -4]! ",0
"str r8, [sp, -4]! ",0
"str lr, [sp, -4]! ",0
"ldr r8, [0x00010a28] ",0
b 0x10a48 ,0
"mov r0, r0 ",0
"andeq r0, r0, r0 ",1
"andeq r0, r0, r0 ",1
"muleq r0, ip, r2 ",1
"strheq r0, [r0], -r0 ",1
"strheq r0, [r0], -r4 ",1
"andeq r0, r0, r8, asr 9 ",1
"andeq r0, r0, r0, lsl 5 ",1
"andeq r0, r0, r1, ror 8 ",1
"strheq r0, [r0], -ip ",1
"strheq r0, [r0], -r0 ",1
"ldr r8, [r8] ",0
"mov lr, pc ",0
"mov pc, r8 ",0
"mov r0, r0 ",0
pop {lr} ,0
pop {r8} ,0
pop {sb} ,0
"add sp, sp, 0 ",0
"ldr r2, [0x00011a60] ",0
"add r1, sb, r2 ",0
"mov r3, 0 ",0
"mov r0, r0 ",0
"mov r2, 0x15 ",0
"cmp r3, r2 ",0
"movhs r2, 1 ",0
"movlo r2, 0 ",0
"cmp r2, 0 ",0
bne 0x10aa8 ,0
"mov r0, r0 ",0
"ldrb r2, [r0, r3] ",0
"strb r2, [r1, r3] ",0
"add r3, r3, 1 ",0
b 0x10a74 ,0
"mov r0, r0 ",0
"mov r0, r0 ",0
"mov r2, 0 ",0
"strb r2, [r1, 0x15] ",0
"mov r0, r0 ",0
"ldr r2, [0x00011a60] ",0
"add r1, sb, r2 ",0
"mov r0, r1 ",0
"str sb, [sp, -4]! ",0
"str r8, [sp, -4]! ",0
"str lr, [sp, -4]! ",0
"ldr r8, [0x00011a5c] ",0
"ldr r8, [r8] ",0
"mov lr, pc ",0
"mov pc, r8 ",0
"mov r0, r0 ",0
pop {lr} ,0
pop {r8} ,0
pop {sb} ,0
"add sp, sp, 0 ",0
"cmp r0, 1 ",0
"movgt r0, 1 ",0
"movle r0, 0 ",0
"str r0, [sp, -4]! ",0
"mov r2, 1 ",0
"mov r1, r2 ",0
"ldr r3, [0x00011a60] ",0
"add r2, sb, r3 ",0
"mov r0, r2 ",0
"str sb, [sp, -4]! ",0
"str r8, [sp, -4]! ",0
"str lr, [sp, -4]! ",0
"ldr r8, [0x00011a58] ",0
"ldr r8, [r8] ",0
"mov lr, pc ",0
"mov pc, r8 ",0
"mov r0, r0 ",0
pop {lr} ,0
pop {r8} ,0
pop {sb} ,0
"add sp, sp, 0 ",0
"mov r1, r0 ",0
pop {r0} ,0
"mov r3, lr ",0
bl 0x10b5c ,0
"andeq r0, r0, r0, lsr r0 ",0
"mov r2, lr ",0
"mov lr, r3 ",0
"mov r6, 0 ",0
"mov r0, r0 ",0
"ldrb r3, [r1, r6] ",0
"ldrb r4, [r2, r6] ",0
"cmp r3, 0 ",0
beq 0x10ba8 ,0
"mov r0, r0 ",0
"cmp r4, 0 ",0
beq 0x10ba8 ,0
"mov r0, r0 ",0
"add r6, r6, 1 ",0
"cmp r3, r4 ",0
"moveq r5, 1 ",0
"movne r5, 0 ",0
"cmp r5, 0 ",0
bne 0x10b68 ,0
"mov r0, r0 ",0
"mov r0, r0 ",0
"cmp r3, r4 ",0
"moveq r1, 1 ",0
"movne r1, 0 ",0
"and r0, r0, r1 ",0
"eor r0, r0, 1 ",0
"cmp r0, 0 ",0
bne 0x10c6c ,0
"mov r0, r0 ",0
"mov r3, 1 ",0
"mov r2, r3 ",0
"mov r3, 1 ",0
"mov r1, r3 ",0
"ldr r4, [0x00011a60] ",0
"add r3, sb, r4 ",0
"mov r0, r3 ",0
"str sb, [sp, -4]! ",0
"str r8, [sp, -4]! ",0
"str lr, [sp, -4]! ",0
"ldr r8, [0x00011a54] ",0
"ldr r8, [r8] ",0
"mov lr, pc ",0
"mov pc, r8 ",0
"mov r0, r0 ",0
pop {lr} ,0
pop {r8} ,0
pop {sb} ,0
"add sp, sp, 0 ",0
"ldr r2, [0x00011a60] ",0
"add r1, sb, r2 ",0
"mov r3, 0 ",0
"mov r0, r0 ",0
"mov r2, 0x15 ",0
"cmp r3, r2 ",0
"movhs r2, 1 ",0
"movlo r2, 0 ",0
"cmp r2, 0 ",0
bne 0x10c58 ,0
"mov r0, r0 ",0
"ldrb r2, [r0, r3] ",0
"strb r2, [r1, r3] ",0
"add r3, r3, 1 ",0
b 0x10c24 ,0
"mov r0, r0 ",0
"mov r0, r0 ",0
"mov r2, 0 ",0
"strb r2, [r1, 0x15] ",0
b 0x10ab4 ,0
"mov r0, r0 ",0
"mov r0, r0 ",0
"ldr r3, [0x00011a60] ",0
"add r2, sb, r3 ",0
"mov r1, r2 ",0
"mov r3, lr ",0
bl 0x10c88 ,0
"andeq r0, r0, sp, lsr 32 ",1
"mov r2, lr ",0
"mov lr, r3 ",0
"mov r0, r2 ",0
"str sb, [sp, -4]! ",0
"str r8, [sp, -4]! ",0
"str lr, [sp, -4]! ",0
"ldr r8, [0x00011a50] ",0
"ldr r8, [r8] ",0
"mov lr, pc ",0
"mov pc, r8 ",0
"mov r0, r0 ",0
pop {lr} ,0
pop {r8} ,0
pop {sb} ,0
"add sp, sp, 0 ",0
"ldr r2, [0x00011a60] ",0
"add r1, sb, r2 ",0
"mov r3, 0 ",0
"mov r0, r0 ",0
"mov r2, 0x15 ",0
"cmp r3, r2 ",0
"movhs r2, 1 ",0
"movlo r2, 0 ",0
"cmp r2, 0 ",0
bne 0x10d04 ,0
"mov r0, r0 ",0
"ldrb r2, [r0, r3] ",0
"strb r2, [r1, r3] ",0
"add r3, r3, 1 ",0
b 0x10cd0 ,0
"mov r0, r0 ",0
"mov r0, r0 ",0
"mov r2, 0 ",0
"strb r2, [r1, 0x15] ",0
"mov r0, r0 ",0
"mov r0, r0 ",0
b 0x11e40 ,0
"mov r0, r0 ",0
"mov r0, r0 ",0
"ldrb r0, [sb, 0x486] ",0
"and r0, r0, 0xf ",0
"cmp r0, 0xe ",0
"movne r0, 1 ",0
"moveq r0, 0 ",0
"cmp r0, 0 ",0
bne 0x11de4 ,0
"mov r0, r0 ",0
"mov r1, lr ",0
bl 0x10d50 ,0
"andeq r0, r0, r0 ",0
"mov r0, lr ",0
"mov lr, r1 ",0
"ldr r2, [0x00011a60] ",0
"add r1, sb, r2 ",0
"mov r3, 0 ",0
"mov r0, r0 ",0
"mov r2, 1 ",0
"cmp r3, r2 ",0
"movhs r2, 1 ",0
"movlo r2, 0 ",0
"cmp r2, 0 ",0
bne 0x10d98 ,0
"mov r0, r0 ",0
"ldrb r2, [r0, r3] ",0
"strb r2, [r1, r3] ",0
"add r3, r3, 1 ",0
b 0x10d64 ,0
"mov r0, r0 ",0
"mov r0, r0 ",0
"ldrb r2, [sb, 0x483] ",0
"add r2, r2, 6 ",0
"ldr r3, [0x00011a4c] ",0
"add r3, r3, r2 ",0
"ldrb r2, [sb, r3] ",0
"mov r3, 0x10 ",0
"mov r0, r2 ",0
"mov r1, r3 ",0
"str r3, [sp, -4]! ",0
"str sb, [sp, -4]! ",0
"str r8, [sp, -4]! ",0
"str lr, [sp, -4]! ",0
"ldr r8, [0x00011a48] ",0
"ldr r8, [r8] ",0
"mov lr, pc ",0
"mov pc, r8 ",0
"mov r0, r0 ",0
pop {lr} ,0
pop {r8} ,0
pop {sb} ,0
"mov r2, r0 ",0
pop {r3} ,0
"lsl r2, r2, 1 ",0
"add r2, sb, r2 ",0
"add r2, r2, 0x60 ",0
"mov r1, r2 ",0
"ldr r3, [0x00011a60] ",0
"add r2, sb, r3 ",0
"mov r0, r2 ",0
"str sb, [sp, -4]! ",0
"str r8, [sp, -4]! ",0
"str lr, [sp, -4]! ",0
"ldr r8, [0x00011a50] ",0
"ldr r8, [r8] ",0
"mov lr, pc ",0
"mov pc, r8 ",0
"mov r0, r0 ",0
pop {lr} ,0
pop {r8} ,0
pop {sb} ,0
"add sp, sp, 0 ",0
"ldr r2, [0x00011a60] ",0
"add r1, sb, r2 ",0
"mov r3, 0 ",0
"mov r0, r0 ",0
"mov r2, 0x15 ",0
"cmp r3, r2 ",0
"movhs r2, 1 ",0
"movlo r2, 0 ",0
"cmp r2, 0 ",0
bne 0x10e80 ,0
"mov r0, r0 ",0
"ldrb r2, [r0, r3] ",0
"strb r2, [r1, r3] ",0
"add r3, r3, 1 ",0
b 0x10e4c ,0
"mov r0, r0 ",0
"mov r0, r0 ",0
"mov r2, 0 ",0
"strb r2, [r1, 0x15] ",0
"ldrb r2, [sb, 0x483] ",0
"add r2, r2, 6 ",0
"ldr r3, [0x00011a4c] ",0
"add r3, r3, r2 ",0
"ldrb r2, [sb, r3] ",0
"mov r3, 0x10 ",0
"cmp r3, 0 ",0
beq 0x10ef8 ,0
"mov r0, r0 ",0
"mov r0, r2 ",0
"mov r1, r3 ",0
"str r3, [sp, -4]! ",0
"str sb, [sp, -4]! ",0
"str r8, [sp, -4]! ",0
"str lr, [sp, -4]! ",0
"ldr r8, [0x00011a44] ",0
"ldr r8, [r8] ",0
"mov lr, pc ",0
"mov pc, r8 ",0
"mov r0, r0 ",0
pop {lr} ,0
pop {r8} ,0
pop {sb} ,0
"mov r2, r0 ",0
pop {r3} ,0
b 0x10f00 ,0
"mov r0, r0 ",0
"mov r0, r0 ",0
"mov r2, r3 ",0
"mov r0, r0 ",0
"lsl r2, r2, 1 ",0
"add r2, sb, r2 ",0
"add r2, r2, 0x60 ",0
"mov r1, r2 ",0
"ldr r3, [0x00011a60] ",0
"add r2, sb, r3 ",0
"mov r0, r2 ",0
"str sb, [sp, -4]! ",0
"str r8, [sp, -4]! ",0
"str lr, [sp, -4]! ",0
"ldr r8, [0x00011a50] ",0
"ldr r8, [r8] ",0
"mov lr, pc ",0
"mov pc, r8 ",0
"mov r0, r0 ",0
pop {lr} ,0
pop {r8} ,0
pop {sb} ,0
"add sp, sp, 0 ",0
"ldr r2, [0x00011a60] ",0
"add r1, sb, r2 ",0
"mov r3, 0 ",0
"mov r0, r0 ",0
"mov r2, 0x15 ",0
"cmp r3, r2 ",0
"movhs r2, 1 ",0
"movlo r2, 0 ",0
"cmp r2, 0 ",0
bne 0x10f90 ,0
"mov r0, r0 ",0
"ldrb r2, [r0, r3] ",0
"strb r2, [r1, r3] ",0
"add r3, r3, 1 ",0
b 0x10f5c ,0
"mov r0, r0 ",0
"mov r0, r0 ",0
"mov r2, 0 ",0
"strb r2, [r1, 0x15] ",0
"ldrb r2, [sb, 0x483] ",0
"add r2, r2, 5 ",0
"ldr r3, [0x00011a4c] ",0
"add r3, r3, r2 ",0
"ldrb r2, [sb, r3] ",0
"mov r3, 0x10 ",0
"mov r0, r2 ",0
"mov r1, r3 ",0
"str r3, [sp, -4]! ",0
"str sb, [sp, -4]! ",0
"str r8, [sp, -4]! ",0
"str lr, [sp, -4]! ",0
"ldr r8, [0x00011a48] ",0
"ldr r8, [r8] ",0
"mov lr, pc ",0
"mov pc, r8 ",0
"mov r0, r0 ",0
pop {lr} ,0
pop {r8} ,0
pop {sb} ,0
"mov r2, r0 ",0
pop {r3} ,0
"lsl r2, r2, 1 ",0
"add r2, sb, r2 ",0
"add r2, r2, 0x60 ",0
"mov r1, r2 ",0
"ldr r3, [0x00011a60] ",0
"add r2, sb, r3 ",0
"mov r0, r2 ",0
"str sb, [sp, -4]! ",0
"str r8, [sp, -4]! ",0
"str lr, [sp, -4]! ",0
"ldr r8, [0x00011a50] ",0
"ldr r8, [r8] ",0
"mov lr, pc ",0
"mov pc, r8 ",0
"mov r0, r0 ",0
pop {lr} ,0
pop {r8} ,0
pop {sb} ,0
"add sp, sp, 0 ",0
"ldr r2, [0x00011a60] ",0
"add r1, sb, r2 ",0
"mov r3, 0 ",0
"mov r0, r0 ",0
"mov r2, 0x15 ",0
"cmp r3, r2 ",0
"movhs r2, 1 ",0
"movlo r2, 0 ",0
"cmp r2, 0 ",0
bne 0x11080 ,0
"mov r0, r0 ",0
"ldrb r2, [r0, r3] ",0
"strb r2, [r1, r3] ",0
"add r3, r3, 1 ",0
b 0x1104c ,0
"mov r0, r0 ",0
"mov r0, r0 ",0
"mov r2, 0 ",0
"strb r2, [r1, 0x15] ",0
"ldrb r2, [sb, 0x483] ",0
"add r2, r2, 5 ",0
"ldr r3, [0x00011a4c] ",0
"add r3, r3, r2 ",0
"ldrb r2, [sb, r3] ",0
"mov r3, 0x10 ",0
"cmp r3, 0 ",0
beq 0x110f8 ,0
"mov r0, r0 ",0
"mov r0, r2 ",0
"mov r1, r3 ",0
"str r3, [sp, -4]! ",0
"str sb, [sp, -4]! ",0
"str r8, [sp, -4]! ",0
"str lr, [sp, -4]! ",0
"ldr r8, [0x00011a44] ",0
"ldr r8, [r8] ",0
"mov lr, pc ",0
"mov pc, r8 ",0
"mov r0, r0 ",0
pop {lr} ,0
pop {r8} ,0
pop {sb} ,0
"mov r2, r0 ",0
pop {r3} ,0
b 0x11100 ,0
"mov r0, r0 ",0
"mov r0, r0 ",0
"mov r2, r3 ",0
"mov r0, r0 ",0
"lsl r2, r2, 1 ",0
"add r2, sb, r2 ",0
"add r2, r2, 0x60 ",0
"mov r1, r2 ",0
"ldr r3, [0x00011a60] ",0
"add r2, sb, r3 ",0
"mov r0, r2 ",0
"str sb, [sp, -4]! ",0
"str r8, [sp, -4]! ",0
"str lr, [sp, -4]! ",0
"ldr r8, [0x00011a50] ",0
"ldr r8, [r8] ",0
"mov lr, pc ",0
"mov pc, r8 ",0
"mov r0, r0 ",0
pop {lr} ,0
pop {r8} ,0
pop {sb} ,0
"add sp, sp, 0 ",0
"ldr r2, [0x00011a60] ",0
"add r1, sb, r2 ",0
"mov r3, 0 ",0
"mov r0, r0 ",0
"mov r2, 0x15 ",0
"cmp r3, r2 ",0
"movhs r2, 1 ",0
"movlo r2, 0 ",0
"cmp r2, 0 ",0
bne 0x11190 ,0
"mov r0, r0 ",0
"ldrb r2, [r0, r3] ",0
"strb r2, [r1, r3] ",0
"add r3, r3, 1 ",0
b 0x1115c ,0
"mov r0, r0 ",0
"mov r0, r0 ",0
"mov r2, 0 ",0
"strb r2, [r1, 0x15] ",0
"ldrb r2, [sb, 0x483] ",0
"add r2, r2, 4 ",0
"ldr r3, [0x00011a4c] ",0
"add r3, r3, r2 ",0
"ldrb r2, [sb, r3] ",0
"mov r3, 0x10 ",0
"mov r0, r2 ",0
"mov r1, r3 ",0
"str r3, [sp, -4]! ",0
"str sb, [sp, -4]! ",0
"str r8, [sp, -4]! ",0
"str lr, [sp, -4]! ",0
"ldr r8, [0x00011a48] ",0
"ldr r8, [r8] ",0
"mov lr, pc ",0
"mov pc, r8 ",0
"mov r0, r0 ",0
pop {lr} ,0
pop {r8} ,0
pop {sb} ,0
"mov r2, r0 ",0
pop {r3} ,0
"lsl r2, r2, 1 ",0
"add r2, sb, r2 ",0
"add r2, r2, 0x60 ",0
"mov r1, r2 ",0
"ldr r3, [0x00011a60] ",0
"add r2, sb, r3 ",0
"mov r0, r2 ",0
"str sb, [sp, -4]! ",0
"str r8, [sp, -4]! ",0
"str lr, [sp, -4]! ",0
"ldr r8, [0x00011a50] ",0
"ldr r8, [r8] ",0
"mov lr, pc ",0
"mov pc, r8 ",0
"mov r0, r0 ",0
pop {lr} ,0
pop {r8} ,0
pop {sb} ,0
"add sp, sp, 0 ",0
"ldr r2, [0x00011a60] ",0
"add r1, sb, r2 ",0
"mov r3, 0 ",0
"mov r0, r0 ",0
"mov r2, 0x15 ",0
"cmp r3, r2 ",0
"movhs r2, 1 ",0
"movlo r2, 0 ",0
"cmp r2, 0 ",0
bne 0x11280 ,0
"mov r0, r0 ",0
"ldrb r2, [r0, r3] ",0
"strb r2, [r1, r3] ",0
"add r3, r3, 1 ",0
b 0x1124c ,0
"mov r0, r0 ",0
"mov r0, r0 ",0
"mov r2, 0 ",0
"strb r2, [r1, 0x15] ",0
"ldrb r2, [sb, 0x483] ",0
"add r2, r2, 4 ",0
"ldr r3, [0x00011a4c] ",0
"add r3, r3, r2 ",0
"ldrb r2, [sb, r3] ",0
"mov r3, 0x10 ",0
"cmp r3, 0 ",0
beq 0x112f8 ,0
"mov r0, r0 ",0
"mov r0, r2 ",0
"mov r1, r3 ",0
"str r3, [sp, -4]! ",0
"str sb, [sp, -4]! ",0
"str r8, [sp, -4]! ",0
"str lr, [sp, -4]! ",0
"ldr r8, [0x00011a44] ",0
"ldr r8, [r8] ",0
"mov lr, pc ",0
"mov pc, r8 ",0
"mov r0, r0 ",0
pop {lr} ,0
pop {r8} ,0
pop {sb} ,0
"mov r2, r0 ",0
pop {r3} ,0
b 0x11300 ,0
"mov r0, r0 ",0
"mov r0, r0 ",0
"mov r2, r3 ",0
"mov r0, r0 ",0
"lsl r2, r2, 1 ",0
"add r2, sb, r2 ",0
"add r2, r2, 0x60 ",0
"mov r1, r2 ",0
"ldr r3, [0x00011a60] ",0
"add r2, sb, r3 ",0
"mov r0, r2 ",0
"str sb, [sp, -4]! ",0
"str r8, [sp, -4]! ",0
"str lr, [sp, -4]! ",0
"ldr r8, [0x00011a50] ",0
"ldr r8, [r8] ",0
"mov lr, pc ",0
"mov pc, r8 ",0
"mov r0, r0 ",0
pop {lr} ,0
pop {r8} ,0
pop {sb} ,0
"add sp, sp, 0 ",0
"ldr r2, [0x00011a60] ",0
"add r1, sb, r2 ",0
"mov r3, 0 ",0
"mov r0, r0 ",0
"mov r2, 0x15 ",0
"cmp r3, r2 ",0
"movhs r2, 1 ",0
"movlo r2, 0 ",0
"cmp r2, 0 ",0
bne 0x11390 ,0
"mov r0, r0 ",0
"ldrb r2, [r0, r3] ",0
"strb r2, [r1, r3] ",0
"add r3, r3, 1 ",0
b 0x1135c ,0
"mov r0, r0 ",0
"mov r0, r0 ",0
"mov r2, 0 ",0
"strb r2, [r1, 0x15] ",0
"ldrb r2, [sb, 0x483] ",0
"add r2, r2, 3 ",0
"ldr r3, [0x00011a4c] ",0
"add r3, r3, r2 ",0
"ldrb r2, [sb, r3] ",0
"mov r3, 0x10 ",0
"mov r0, r2 ",0
"mov r1, r3 ",0
"str r3, [sp, -4]! ",0
"str sb, [sp, -4]! ",0
"str r8, [sp, -4]! ",0
"str lr, [sp, -4]! ",0
"ldr r8, [0x00011a48] ",0
"ldr r8, [r8] ",0
"mov lr, pc ",0
"mov pc, r8 ",0
"mov r0, r0 ",0
pop {lr} ,0
pop {r8} ,0
pop {sb} ,0
"mov r2, r0 ",0
pop {r3} ,0
"lsl r2, r2, 1 ",0
"add r2, sb, r2 ",0
"add r2, r2, 0x60 ",0
"mov r1, r2 ",0
"ldr r3, [0x00011a60] ",0
"add r2, sb, r3 ",0
"mov r0, r2 ",0
"str sb, [sp, -4]! ",0
"str r8, [sp, -4]! ",0
"str lr, [sp, -4]! ",0
"ldr r8, [0x00011a50] ",0
"ldr r8, [r8] ",0
"mov lr, pc ",0
"mov pc, r8 ",0
"mov r0, r0 ",0
pop {lr} ,0
pop {r8} ,0
pop {sb} ,0
"add sp, sp, 0 ",0
"ldr r2, [0x00011a60] ",0
"add r1, sb, r2 ",0
"mov r3, 0 ",0
"mov r0, r0 ",0
"mov r2, 0x15 ",0
"cmp r3, r2 ",0
"movhs r2, 1 ",0
"movlo r2, 0 ",0
"cmp r2, 0 ",0
bne 0x11480 ,0
"mov r0, r0 ",0
"ldrb r2, [r0, r3] ",0
"strb r2, [r1, r3] ",0
"add r3, r3, 1 ",0
b 0x1144c ,0
"mov r0, r0 ",0
"mov r0, r0 ",0
"mov r2, 0 ",0
"strb r2, [r1, 0x15] ",0
"ldrb r2, [sb, 0x483] ",0
"add r2, r2, 3 ",0
"ldr r3, [0x00011a4c] ",0
"add r3, r3, r2 ",0
"ldrb r2, [sb, r3] ",0
"mov r3, 0x10 ",0
"cmp r3, 0 ",0
beq 0x114f8 ,0
"mov r0, r0 ",0
"mov r0, r2 ",0
"mov r1, r3 ",0
"str r3, [sp, -4]! ",0
"str sb, [sp, -4]! ",0
"str r8, [sp, -4]! ",0
"str lr, [sp, -4]! ",0
"ldr r8, [0x00011a44] ",0
"ldr r8, [r8] ",0
"mov lr, pc ",0
"mov pc, r8 ",0
"mov r0, r0 ",0
pop {lr} ,0
pop {r8} ,0
pop {sb} ,0
"mov r2, r0 ",0
pop {r3} ,0
b 0x11500 ,0
"mov r0, r0 ",0
"mov r0, r0 ",0
"mov r2, r3 ",0
"mov r0, r0 ",0
"lsl r2, r2, 1 ",0
"add r2, sb, r2 ",0
"add r2, r2, 0x60 ",0
"mov r1, r2 ",0
"ldr r3, [0x00011a60] ",0
"add r2, sb, r3 ",0
"mov r0, r2 ",0
"str sb, [sp, -4]! ",0
"str r8, [sp, -4]! ",0
"str lr, [sp, -4]! ",0
"ldr r8, [0x00011a50] ",0
"ldr r8, [r8] ",0
"mov lr, pc ",0
"mov pc, r8 ",0
"mov r0, r0 ",0
pop {lr} ,0
pop {r8} ,0
pop {sb} ,0
"add sp, sp, 0 ",0
"ldr r2, [0x00011a60] ",0
"add r1, sb, r2 ",0
"mov r3, 0 ",0
"mov r0, r0 ",0
"mov r2, 0x15 ",0
"cmp r3, r2 ",0
"movhs r2, 1 ",0
"movlo r2, 0 ",0
"cmp r2, 0 ",0
bne 0x11590 ,0
"mov r0, r0 ",0
"ldrb r2, [r0, r3] ",0
"strb r2, [r1, r3] ",0
"add r3, r3, 1 ",0
b 0x1155c ,0
"mov r0, r0 ",0
"mov r0, r0 ",0
"mov r2, 0 ",0
"strb r2, [r1, 0x15] ",0
"ldrb r2, [sb, 0x483] ",0
"add r2, r2, 2 ",0
"ldr r3, [0x00011a4c] ",0
"add r3, r3, r2 ",0
"ldrb r2, [sb, r3] ",0
"mov r3, 0x10 ",0
"mov r0, r2 ",0
"mov r1, r3 ",0
"str r3, [sp, -4]! ",0
"str sb, [sp, -4]! ",0
"str r8, [sp, -4]! ",0
"str lr, [sp, -4]! ",0
"ldr r8, [0x00011a48] ",0
"ldr r8, [r8] ",0
"mov lr, pc ",0
"mov pc, r8 ",0
"mov r0, r0 ",0
pop {lr} ,0
pop {r8} ,0
pop {sb} ,0
"mov r2, r0 ",0
pop {r3} ,0
"lsl r2, r2, 1 ",0
"add r2, sb, r2 ",0
"add r2, r2, 0x60 ",0
"mov r1, r2 ",0
"ldr r3, [0x00011a60] ",0
"add r2, sb, r3 ",0
"mov r0, r2 ",0
"str sb, [sp, -4]! ",0
"str r8, [sp, -4]! ",0
"str lr, [sp, -4]! ",0
"ldr r8, [0x00011a50] ",0
"ldr r8, [r8] ",0
"mov lr, pc ",0
"mov pc, r8 ",0
"mov r0, r0 ",0
pop {lr} ,0
pop {r8} ,0
pop {sb} ,0
"add sp, sp, 0 ",0
"ldr r2, [0x00011a60] ",0
"add r1, sb, r2 ",0
"mov r3, 0 ",0
"mov r0, r0 ",0
"mov r2, 0x15 ",0
"cmp r3, r2 ",0
"movhs r2, 1 ",0
"movlo r2, 0 ",0
"cmp r2, 0 ",0
bne 0x11680 ,0
"mov r0, r0 ",0
"ldrb r2, [r0, r3] ",0
"strb r2, [r1, r3] ",0
"add r3, r3, 1 ",0
b 0x1164c ,0
"mov r0, r0 ",0
"mov r0, r0 ",0
"mov r2, 0 ",0
"strb r2, [r1, 0x15] ",0
"ldrb r2, [sb, 0x483] ",0
"add r2, r2, 2 ",0
"ldr r3, [0x00011a4c] ",0
"add r3, r3, r2 ",0
"ldrb r2, [sb, r3] ",0
"mov r3, 0x10 ",0
"cmp r3, 0 ",0
beq 0x116f8 ,0
"mov r0, r0 ",0
"mov r0, r2 ",0
"mov r1, r3 ",0
"str r3, [sp, -4]! ",0
"str sb, [sp, -4]! ",0
"str r8, [sp, -4]! ",0
"str lr, [sp, -4]! ",0
"ldr r8, [0x00011a44] ",0
"ldr r8, [r8] ",0
"mov lr, pc ",0
"mov pc, r8 ",0
"mov r0, r0 ",0
pop {lr} ,0
pop {r8} ,0
pop {sb} ,0
"mov r2, r0 ",0
pop {r3} ,0
b 0x11700 ,0
"mov r0, r0 ",0
"mov r0, r0 ",0
"mov r2, r3 ",0
"mov r0, r0 ",0
"lsl r2, r2, 1 ",0
"add r2, sb, r2 ",0
"add r2, r2, 0x60 ",0
"mov r1, r2 ",0
"ldr r3, [0x00011a60] ",0
"add r2, sb, r3 ",0
"mov r0, r2 ",0
"str sb, [sp, -4]! ",0
"str r8, [sp, -4]! ",0
"str lr, [sp, -4]! ",0
"ldr r8, [0x00011a50] ",0
"ldr r8, [r8] ",0
"mov lr, pc ",0
"mov pc, r8 ",0
"mov r0, r0 ",0
pop {lr} ,0
pop {r8} ,0
pop {sb} ,0
"add sp, sp, 0 ",0
"ldr r2, [0x00011a60] ",0
"add r1, sb, r2 ",0
"mov r3, 0 ",0
"mov r0, r0 ",0
"mov r2, 0x15 ",0
"cmp r3, r2 ",0
"movhs r2, 1 ",0
"movlo r2, 0 ",0
"cmp r2, 0 ",0
bne 0x11790 ,0
"mov r0, r0 ",0
"ldrb r2, [r0, r3] ",0
"strb r2, [r1, r3] ",0
"add r3, r3, 1 ",0
b 0x1175c ,0
"mov r0, r0 ",0
"mov r0, r0 ",0
"mov r2, 0 ",0
"strb r2, [r1, 0x15] ",0
"ldrb r2, [sb, 0x483] ",0
"add r2, r2, 1 ",0
"ldr r3, [0x00011a4c] ",0
"add r3, r3, r2 ",0
"ldrb r2, [sb, r3] ",0
"mov r3, 0x10 ",0
"mov r0, r2 ",0
"mov r1, r3 ",0
"str r3, [sp, -4]! ",0
"str sb, [sp, -4]! ",0
"str r8, [sp, -4]! ",0
"str lr, [sp, -4]! ",0
"ldr r8, [0x00011a48] ",0
"ldr r8, [r8] ",0
"mov lr, pc ",0
"mov pc, r8 ",0
"mov r0, r0 ",0
pop {lr} ,0
pop {r8} ,0
pop {sb} ,0
"mov r2, r0 ",0
pop {r3} ,0
"lsl r2, r2, 1 ",0
"add r2, sb, r2 ",0
"add r2, r2, 0x60 ",0
"mov r1, r2 ",0
"ldr r3, [0x00011a60] ",0
"add r2, sb, r3 ",0
"mov r0, r2 ",0
"str sb, [sp, -4]! ",0
"str r8, [sp, -4]! ",0
"str lr, [sp, -4]! ",0
"ldr r8, [0x00011a50] ",0
"ldr r8, [r8] ",0
"mov lr, pc ",0
"mov pc, r8 ",0
"mov r0, r0 ",0
pop {lr} ,0
pop {r8} ,0
pop {sb} ,0
"add sp, sp, 0 ",0
"ldr r2, [0x00011a60] ",0
"add r1, sb, r2 ",0
"mov r3, 0 ",0
"mov r0, r0 ",0
"mov r2, 0x15 ",0
"cmp r3, r2 ",0
"movhs r2, 1 ",0
"movlo r2, 0 ",0
"cmp r2, 0 ",0
bne 0x11880 ,0
"mov r0, r0 ",0
"ldrb r2, [r0, r3] ",0
"strb r2, [r1, r3] ",0
"add r3, r3, 1 ",0
b 0x1184c ,0
"mov r0, r0 ",0
"mov r0, r0 ",0
"mov r2, 0 ",0
"strb r2, [r1, 0x15] ",0
"ldrb r2, [sb, 0x483] ",0
"add r2, r2, 1 ",0
"ldr r3, [0x00011a4c] ",0
"add r3, r3, r2 ",0
"ldrb r2, [sb, r3] ",0
"mov r3, 0x10 ",0
"cmp r3, 0 ",0
beq 0x118f8 ,0
"mov r0, r0 ",0
"mov r0, r2 ",0
"mov r1, r3 ",0
"str r3, [sp, -4]! ",0
"str sb, [sp, -4]! ",0
"str r8, [sp, -4]! ",0
"str lr, [sp, -4]! ",0
"ldr r8, [0x00011a44] ",0
"ldr r8, [r8] ",0
"mov lr, pc ",0
"mov pc, r8 ",0
"mov r0, r0 ",0
pop {lr} ,0
pop {r8} ,0
pop {sb} ,0
"mov r2, r0 ",0
pop {r3} ,0
b 0x11900 ,0
"mov r0, r0 ",0
"mov r0, r0 ",0
"mov r2, r3 ",0
"mov r0, r0 ",0
"lsl r2, r2, 1 ",0
"add r2, sb, r2 ",0
"add r2, r2, 0x60 ",0
"mov r1, r2 ",0
"ldr r3, [0x00011a60] ",0
"add r2, sb, r3 ",0
"mov r0, r2 ",0
"str sb, [sp, -4]! ",0
"str r8, [sp, -4]! ",0
"str lr, [sp, -4]! ",0
"ldr r8, [0x00011a50] ",0
"ldr r8, [r8] ",0
"mov lr, pc ",0
"mov pc, r8 ",0
"mov r0, r0 ",0
pop {lr} ,0
pop {r8} ,0
pop {sb} ,0
"add sp, sp, 0 ",0
"ldr r2, [0x00011a60] ",0
"add r1, sb, r2 ",0
"mov r3, 0 ",0
"mov r0, r0 ",0
"mov r2, 0x15 ",0
"cmp r3, r2 ",0
"movhs r2, 1 ",0
"movlo r2, 0 ",0
"cmp r2, 0 ",0
bne 0x11990 ,0
"mov r0, r0 ",0
"ldrb r2, [r0, r3] ",0
"strb r2, [r1, r3] ",0
"add r3, r3, 1 ",0
b 0x1195c ,0
"mov r0, r0 ",0
"mov r0, r0 ",0
"mov r2, 0 ",0
"strb r2, [r1, 0x15] ",0
"ldr r2, [0x00011a60] ",0
"add r1, sb, r2 ",0
"mov r0, r1 ",0
"str sb, [sp, -4]! ",0
"str r8, [sp, -4]! ",0
"str lr, [sp, -4]! ",0
"ldr r8, [0x00011a5c] ",0
"ldr r8, [r8] ",0
"mov lr, pc ",0
"mov pc, r8 ",0
"mov r0, r0 ",0
pop {lr} ,0
pop {r8} ,0
pop {sb} ,0
"add sp, sp, 0 ",0
"cmp r0, 1 ",0
"movgt r0, 1 ",0
"movle r0, 0 ",0
"str r0, [sp, -4]! ",0
"mov r2, 1 ",0
"mov r1, r2 ",0
"ldr r3, [0x00011a60] ",0
"add r2, sb, r3 ",0
"mov r0, r2 ",0
"str sb, [sp, -4]! ",0
"str r8, [sp, -4]! ",0
"str lr, [sp, -4]! ",0
"ldr r8, [0x00011a58] ",0
"ldr r8, [r8] ",0
"mov lr, pc ",0
"mov pc, r8 ",0
"mov r0, r0 ",0
pop {lr} ,0
pop {r8} ,0
pop {sb} ,0
"add sp, sp, 0 ",0
"mov r1, r0 ",0
pop {r0} ,0
b 0x11a64 ,0
"mov r0, r0 ",0
"andeq r0, r0, r0 ",1
"andeq r0, r0, r0 ",1
"andeq r0, r0, r8, asr 9 ",1
"strheq r0, [r0], -ip ",1
"strheq r0, [r0], -r0 ",1
"andeq r0, r0, r0, lsl 5 ",1
"muleq r0, ip, r2 ",1
"strheq r0, [r0], -r0 ",1
"strheq r0, [r0], -r4 ",1
"andeq r0, r0, r1, ror 8 ",1
"mov r3, lr ",0
bl 0x11a70 ,0
"andeq r0, r0, r6, asr 32 ",1
"mov r2, lr ",0
"mov lr, r3 ",0
"mov r6, 0 ",0
"mov r0, r0 ",0
"ldrb r3, [r1, r6] ",0
"ldrb r4, [r2, r6] ",0
"cmp r3, 0 ",0
beq 0x11abc ,0
"mov r0, r0 ",0
"cmp r4, 0 ",0
beq 0x11abc ,0
"mov r0, r0 ",0
"add r6, r6, 1 ",0
"cmp r3, r4 ",0
"moveq r5, 1 ",0
"movne r5, 0 ",0
"cmp r5, 0 ",0
bne 0x11a7c ,0
"mov r0, r0 ",0
"mov r0, r0 ",0
"cmp r3, r4 ",0
"moveq r1, 1 ",0
"movne r1, 0 ",0
"and r0, r0, r1 ",0
"eor r0, r0, 1 ",0
"cmp r0, 0 ",0
bne 0x11dd4 ,0
"mov r0, r0 ",0
"mov r3, 1 ",0
"mov r2, r3 ",0
"mov r3, 1 ",0
"mov r1, r3 ",0
"ldr r4, [0x00012ae8] ",0
"add r3, sb, r4 ",0
"mov r0, r3 ",0
"str sb, [sp, -4]! ",0
"str r8, [sp, -4]! ",0
"str lr, [sp, -4]! ",0
"ldr r8, [0x00012ae4] ",0
"ldr r8, [r8] ",0
"mov lr, pc ",0
"mov pc, r8 ",0
"mov r0, r0 ",0
pop {lr} ,0
pop {r8} ,0
pop {sb} ,0
"add sp, sp, 0 ",0
"ldr r2, [0x00012ae8] ",0
"add r1, sb, r2 ",0
"mov r3, 0 ",0
"mov r0, r0 ",0
"mov r2, 0x15 ",0
"cmp r3, r2 ",0
"movhs r2, 1 ",0
"movlo r2, 0 ",0
"cmp r2, 0 ",0
bne 0x11b6c ,0
"mov r0, r0 ",0
"ldrb r2, [r0, r3] ",0
"strb r2, [r1, r3] ",0
"add r3, r3, 1 ",0
b 0x11b38 ,0
"mov r0, r0 ",0
"mov r0, r0 ",0
"mov r2, 0 ",0
"strb r2, [r1, 0x15] ",0
"mov r0, r0 ",0
"ldr r2, [0x00012ae8] ",0
"add r1, sb, r2 ",0
"mov r0, r1 ",0
"str sb, [sp, -4]! ",0
"str r8, [sp, -4]! ",0
"str lr, [sp, -4]! ",0
"ldr r8, [0x00012ae0] ",0
"ldr r8, [r8] ",0
"mov lr, pc ",0
"mov pc, r8 ",0
"mov r0, r0 ",0
pop {lr} ,0
pop {r8} ,0
pop {sb} ,0
"add sp, sp, 0 ",0
"cmp r0, 1 ",0
"movgt r0, 1 ",0
"movle r0, 0 ",0
"str r0, [sp, -4]! ",0
"mov r2, 1 ",0
"mov r1, r2 ",0
"ldr r3, [0x00012ae8] ",0
"add r2, sb, r3 ",0
"mov r0, r2 ",0
"str sb, [sp, -4]! ",0
"str r8, [sp, -4]! ",0
"str lr, [sp, -4]! ",0
"ldr r8, [0x00012adc] ",0
"ldr r8, [r8] ",0
"mov lr, pc ",0
"mov pc, r8 ",0
"mov r0, r0 ",0
pop {lr} ,0
pop {r8} ,0
pop {sb} ,0
"add sp, sp, 0 ",0
"mov r1, r0 ",0
pop {r0} ,0
"mov r3, lr ",0
bl 0x11c20 ,0
"andeq r0, r0, r0, lsr r0 ",0
"mov r2, lr ",0
"mov lr, r3 ",0
"mov r6, 0 ",0
"mov r0, r0 ",0
"ldrb r3, [r1, r6] ",0
"ldrb r4, [r2, r6] ",0
"cmp r3, 0 ",0
beq 0x11c6c ,0
"mov r0, r0 ",0
"cmp r4, 0 ",0
beq 0x11c6c ,0
"mov r0, r0 ",0
"add r6, r6, 1 ",0
"cmp r3, r4 ",0
"moveq r5, 1 ",0
"movne r5, 0 ",0
"cmp r5, 0 ",0
bne 0x11c2c ,0
"mov r0, r0 ",0
"mov r0, r0 ",0
"cmp r3, r4 ",0
"moveq r1, 1 ",0
"movne r1, 0 ",0
"and r0, r0, r1 ",0
"eor r0, r0, 1 ",0
"cmp r0, 0 ",0
bne 0x11d30 ,0
"mov r0, r0 ",0
"mov r3, 1 ",0
"mov r2, r3 ",0
"mov r3, 1 ",0
"mov r1, r3 ",0
"ldr r4, [0x00012ae8] ",0
"add r3, sb, r4 ",0
"mov r0, r3 ",0
"str sb, [sp, -4]! ",0
"str r8, [sp, -4]! ",0
"str lr, [sp, -4]! ",0
"ldr r8, [0x00012ae4] ",0
"ldr r8, [r8] ",0
"mov lr, pc ",0
"mov pc, r8 ",0
"mov r0, r0 ",0
pop {lr} ,0
pop {r8} ,0
pop {sb} ,0
"add sp, sp, 0 ",0
"ldr r2, [0x00012ae8] ",0
"add r1, sb, r2 ",0
"mov r3, 0 ",0
"mov r0, r0 ",0
"mov r2, 0x15 ",0
"cmp r3, r2 ",0
"movhs r2, 1 ",0
"movlo r2, 0 ",0
"cmp r2, 0 ",0
bne 0x11d1c ,0
"mov r0, r0 ",0
"ldrb r2, [r0, r3] ",0
"strb r2, [r1, r3] ",0
"add r3, r3, 1 ",0
b 0x11ce8 ,0
"mov r0, r0 ",0
"mov r0, r0 ",0
"mov r2, 0 ",0
"strb r2, [r1, 0x15] ",0
b 0x11b78 ,0
"mov r0, r0 ",0
"mov r0, r0 ",0
"ldr r3, [0x00012ae8] ",0
"add r2, sb, r3 ",0
"mov r1, r2 ",0
"mov r3, lr ",0
bl 0x11d4c ,0
"andeq r0, r0, sp, lsr 32 ",1
"mov r2, lr ",0
"mov lr, r3 ",0
"mov r0, r2 ",0
"str sb, [sp, -4]! ",0
"str r8, [sp, -4]! ",0
"str lr, [sp, -4]! ",0
"ldr r8, [0x00012ad8] ",0
"ldr r8, [r8] ",0
"mov lr, pc ",0
"mov pc, r8 ",0
"mov r0, r0 ",0
pop {lr} ,0
pop {r8} ,0
pop {sb} ,0
"add sp, sp, 0 ",0
"ldr r2, [0x00012ae8] ",0
"add r1, sb, r2 ",0
"mov r3, 0 ",0
"mov r0, r0 ",0
"mov r2, 0x15 ",0
"cmp r3, r2 ",0
"movhs r2, 1 ",0
"movlo r2, 0 ",0
"cmp r2, 0 ",0
bne 0x11dc8 ,0
"mov r0, r0 ",0
"ldrb r2, [r0, r3] ",0
"strb r2, [r1, r3] ",0
"add r3, r3, 1 ",0
b 0x11d94 ,0
"mov r0, r0 ",0
"mov r0, r0 ",0
"mov r2, 0 ",0
"strb r2, [r1, 0x15] ",0
"mov r0, r0 ",0
"mov r0, r0 ",0
b 0x11e40 ,0
"mov r0, r0 ",0
"mov r0, r0 ",0
"mov r1, lr ",0
bl 0x11df4 ,0
"andeq r0, r0, r0 ",0
"mov r0, lr ",0
"mov lr, r1 ",0
"ldr r2, [0x00012ae8] ",0
"add r1, sb, r2 ",0
"mov r3, 0 ",0
"mov r0, r0 ",0
"mov r2, 1 ",0
"cmp r3, r2 ",0
"movhs r2, 1 ",0
"movlo r2, 0 ",0
"cmp r2, 0 ",0
bne 0x11e3c ,0
"mov r0, r0 ",0
"ldrb r2, [r0, r3] ",0
"strb r2, [r1, r3] ",0
"add r3, r3, 1 ",0
b 0x11e08 ,0
"mov r0, r0 ",0
"mov r0, r0 ",0
"mov r0, r0 ",0
"mov r0, r0 ",0
"ldr r2, [0x00012ae8] ",0
"add r1, sb, r2 ",0
"mov r0, r1 ",0
"str sb, [sp, -4]! ",0
"str r8, [sp, -4]! ",0
"str lr, [sp, -4]! ",0
"ldr r8, [0x00012ae0] ",0
"ldr r8, [r8] ",0
"mov lr, pc ",0
"mov pc, r8 ",0
"mov r0, r0 ",0
pop {lr} ,0
pop {r8} ,0
pop {sb} ,0
"add sp, sp, 0 ",0
"cmp r0, 1 ",0
"movgt r0, 1 ",0
"movle r0, 0 ",0
"str r0, [sp, -4]! ",0
"mov r2, 1 ",0
"mov r1, r2 ",0
"ldr r3, [0x00012ae8] ",0
"add r2, sb, r3 ",0
"mov r0, r2 ",0
"str sb, [sp, -4]! ",0
"str r8, [sp, -4]! ",0
"str lr, [sp, -4]! ",0
"ldr r8, [0x00012adc] ",0
"ldr r8, [r8] ",0
"mov lr, pc ",0
"mov pc, r8 ",0
"mov r0, r0 ",0
pop {lr} ,0
pop {r8} ,0
pop {sb} ,0
"add sp, sp, 0 ",0
"mov r1, r0 ",0
pop {r0} ,0
"mov r3, lr ",0
bl 0x11eec ,0
"andeq r0, r0, r0, lsr r0 ",0
"mov r2, lr ",0
"mov lr, r3 ",0
"mov r6, 0 ",0
"mov r0, r0 ",0
"ldrb r3, [r1, r6] ",0
"ldrb r4, [r2, r6] ",0
"cmp r3, 0 ",0
beq 0x11f38 ,0
"mov r0, r0 ",0
"cmp r4, 0 ",0
beq 0x11f38 ,0
"mov r0, r0 ",0
"add r6, r6, 1 ",0
"cmp r3, r4 ",0
"moveq r5, 1 ",0
"movne r5, 0 ",0
"cmp r5, 0 ",0
bne 0x11ef8 ,0
"mov r0, r0 ",0
"mov r0, r0 ",0
"cmp r3, r4 ",0
"moveq r1, 1 ",0
"movne r1, 0 ",0
"and r0, r0, r1 ",0
"eor r0, r0, 1 ",0
"cmp r0, 0 ",0
bne 0x11ffc ,0
"mov r0, r0 ",0
"mov r3, 1 ",0
"mov r2, r3 ",0
"mov r3, 1 ",0
"mov r1, r3 ",0
"ldr r4, [0x00012ae8] ",0
"add r3, sb, r4 ",0
"mov r0, r3 ",0
"str sb, [sp, -4]! ",0
"str r8, [sp, -4]! ",0
"str lr, [sp, -4]! ",0
"ldr r8, [0x00012ae4] ",0
"ldr r8, [r8] ",0
"mov lr, pc ",0
"mov pc, r8 ",0
"mov r0, r0 ",0
pop {lr} ,0
pop {r8} ,0
pop {sb} ,0
"add sp, sp, 0 ",0
"ldr r2, [0x00012ae8] ",0
"add r1, sb, r2 ",0
"mov r3, 0 ",0
"mov r0, r0 ",0
"mov r2, 0x15 ",0
"cmp r3, r2 ",0
"movhs r2, 1 ",0
"movlo r2, 0 ",0
"cmp r2, 0 ",0
bne 0x11fe8 ,0
"mov r0, r0 ",0
"ldrb r2, [r0, r3] ",0
"strb r2, [r1, r3] ",0
"add r3, r3, 1 ",0
b 0x11fb4 ,0
"mov r0, r0 ",0
"mov r0, r0 ",0
"mov r2, 0 ",0
"strb r2, [r1, 0x15] ",0
b 0x11e44 ,0
"mov r0, r0 ",0
"mov r0, r0 ",0
"ldrb r0, [sb, 0x5dc] ",0
"add r0, r0, 1 ",0
"strb r0, [sb, 0x5dc] ",0
"ldrb r0, [sb, 0x49f] ",0
"eor r0, r0, 1 ",0
"cmp r0, 0 ",0
bne 0x121dc ,0
"mov r0, r0 ",0
"ldrb r0, [sb, 0x487] ",0
"mov r1, 0xf0 ",0
"and r0, r0, r1 ",0
"cmp r0, 0x40 ",0
"movne r0, 1 ",0
"moveq r0, 0 ",0
"cmp r0, 0 ",0
bne 0x120f4 ,0
"mov r0, r0 ",0
"ldrb r0, [sb, 0x487] ",0
"and r0, r0, 0xf ",0
"sub r0, r0, 9 ",0
"strb r0, [sb, 0x48c] ",0
"mov r1, lr ",0
bl 0x12060 ,0
"andeq r0, r0, r6, asr r0 ",1
"mov r0, lr ",0
"mov lr, r1 ",0
"ldrb r1, [sb, 0x5dc] ",0
"ldr r2, [0x00012ad4] ",0
"add r1, r1, r2 ",0
"mov r2, 0x2c ",0
"mul r1, r1, r2 ",0
"add r1, sb, r1 ",0
"ldr r2, [0x00012ad0] ",0
"add r1, r1, r2 ",0
"mov r3, 0 ",0
"mov r0, r0 ",0
"mov r2, 2 ",0
"cmp r3, r2 ",0
"movhs r2, 1 ",0
"movlo r2, 0 ",0
"cmp r2, 0 ",0
bne 0x120c0 ,0
"mov r0, r0 ",0
"ldrb r2, [r0, r3] ",0
"strb r2, [r1, r3] ",0
"add r3, r3, 1 ",0
b 0x1208c ,0
"mov r0, r0 ",0
"mov r0, r0 ",0
"ldr r8, [0x00012acc] ",0
"ldrsh r0, [r8] ",0
"ldrb r1, [sb, 0x5dc] ",0
"ldr r2, [0x00012ad4] ",0
"add r1, r1, r2 ",0
"mov r2, 0x2c ",0
"mul r1, r1, r2 ",0
"ldr r2, [0x00012ac8] ",0
"add r2, r2, r1 ",0
"strh r0, [sb, r2] ",0
b 0x121d0 ,0
"mov r0, r0 ",0
"mov r0, r0 ",0
"ldrb r0, [sb, 0x487] ",0
"mov r1, 0xf0 ",0
"and r0, r0, r1 ",0
"cmp r0, 0x50 ",0
"movne r0, 1 ",0
"moveq r0, 0 ",0
"cmp r0, 0 ",0
bne 0x121cc ,0
"mov r0, r0 ",0
"ldrb r0, [sb, 0x487] ",0
"and r0, r0, 0xf ",0
"sub r0, r0, 0xc ",0
"strb r0, [sb, 0x48c] ",0
"mov r1, lr ",0
bl 0x12138 ,0
"andeq r0, r0, r1, asr 32 ",1
"mov r0, lr ",0
"mov lr, r1 ",0
"ldrb r1, [sb, 0x5dc] ",0
"ldr r2, [0x00012ad4] ",0
"add r1, r1, r2 ",0
"mov r2, 0x2c ",0
"mul r1, r1, r2 ",0
"add r1, sb, r1 ",0
"ldr r2, [0x00012ad0] ",0
"add r1, r1, r2 ",0
"mov r3, 0 ",0
"mov r0, r0 ",0
"mov r2, 2 ",0
"cmp r3, r2 ",0
"movhs r2, 1 ",0
"movlo r2, 0 ",0
"cmp r2, 0 ",0
bne 0x12198 ,0
"mov r0, r0 ",0
"ldrb r2, [r0, r3] ",0
"strb r2, [r1, r3] ",0
"add r3, r3, 1 ",0
b 0x12164 ,0
"mov r0, r0 ",0
"mov r0, r0 ",0
"ldr r8, [0x00012ac4] ",0
"ldrsh r0, [r8] ",0
"ldrb r1, [sb, 0x5dc] ",0
"ldr r2, [0x00012ad4] ",0
"add r1, r1, r2 ",0
"mov r2, 0x2c ",0
"mul r1, r1, r2 ",0
"ldr r2, [0x00012ac8] ",0
"add r2, r2, r1 ",0
"strh r0, [sb, r2] ",0
b 0x121d0 ,0
"mov r0, r0 ",0
"mov r0, r0 ",0
"mov r0, r0 ",0
b 0x127cc ,0
"mov r0, r0 ",0
"mov r0, r0 ",0
"ldrb r0, [sb, 0x49e] ",0
"eor r0, r0, 1 ",0
"cmp r0, 0 ",0
bne 0x12484 ,0
"mov r0, r0 ",0
"mov r0, 0 ",0
"strb r0, [sb, 0x48c] ",0
"ldrb r0, [sb, 0x485] ",0
"add r0, r0, 1 ",0
"ldr r1, [0x00012ac0] ",0
"add r1, r1, r0 ",0
"ldrb r0, [sb, r1] ",0
"strb r0, [sb, 0x47e] ",0
"mov r0, 0 ",0
"strb r0, [sb, 0x47f] ",0
"mov r0, r0 ",0
"ldrb r0, [sb, 0x47e] ",0
"cmp r0, 0 ",0
"movhi r0, 1 ",0
"movls r0, 0 ",0
"ldrb r1, [sb, 0x47f] ",0
"cmp r1, 7 ",0
"movlo r1, 1 ",0
"movhs r1, 0 ",0
"and r0, r0, r1 ",0
"eor r0, r0, 1 ",0
"cmp r0, 0 ",0
bne 0x12384 ,0
"mov r0, r0 ",0
"ldrb r3, [sb, 0x485] ",0
"ldrb r4, [sb, 0x47e] ",0
"add r3, r3, r4 ",0
"add r3, r3, 1 ",0
"ldr r4, [0x00012ac0] ",0
"add r4, r4, r3 ",0
"ldrb r3, [sb, r4] ",0
"mov r0, r3 ",0
"str sb, [sp, -4]! ",0
"str r8, [sp, -4]! ",0
"str lr, [sp, -4]! ",0
"ldr r8, [0x00012abc] ",0
"ldr r8, [r8] ",0
"mov lr, pc ",0
"mov pc, r8 ",0
"mov r0, r0 ",0
pop {lr} ,0
pop {r8} ,0
pop {sb} ,0
"add sp, sp, 0 ",0
"mov r2, r0 ",0
"mov r1, r2 ",0
"ldrb r2, [sb, 0x5dc] ",0
"ldr r3, [0x00012ad4] ",0
"add r2, r2, r3 ",0
"mov r3, 0x2c ",0
"mul r2, r2, r3 ",0
"add r2, sb, r2 ",0
"ldr r3, [0x00012ad0] ",0
"add r2, r2, r3 ",0
"mov r0, r2 ",0
"str sb, [sp, -4]! ",0
"str r8, [sp, -4]! ",0
"str lr, [sp, -4]! ",0
"ldr r8, [0x00012ad8] ",0
"ldr r8, [r8] ",0
"mov lr, pc ",0
"mov pc, r8 ",0
"mov r0, r0 ",0
pop {lr} ,0
pop {r8} ,0
pop {sb} ,0
"add sp, sp, 0 ",0
"ldrb r1, [sb, 0x5dc] ",0
"ldr r2, [0x00012ad4] ",0
"add r1, r1, r2 ",0
"mov r2, 0x2c ",0
"mul r1, r1, r2 ",0
"add r1, sb, r1 ",0
"ldr r2, [0x00012ad0] ",0
"add r1, r1, r2 ",0
"mov r3, 0 ",0
"mov r0, r0 ",0
"mov r2, 7 ",0
"cmp r3, r2 ",0
"movhs r2, 1 ",0
"movlo r2, 0 ",0
"cmp r2, 0 ",0
bne 0x12358 ,0
"mov r0, r0 ",0
"ldrb r2, [r0, r3] ",0
"strb r2, [r1, r3] ",0
"add r3, r3, 1 ",0
b 0x12324 ,0
"mov r0, r0 ",0
"mov r0, r0 ",0
"mov r2, 0 ",0
"strb r2, [r1, 7] ",0
"ldrb r0, [sb, 0x47e] ",0
"sub r0, r0, 1 ",0
"strb r0, [sb, 0x47e] ",0
"ldrb r0, [sb, 0x47f] ",0
"add r0, r0, 1 ",0
"strb r0, [sb, 0x47f] ",0
b 0x1221c ,0
"mov r0, r0 ",0
"mov r0, r0 ",0
"ldrb r0, [sb, 0x5dc] ",0
"ldr r1, [0x00012ad4] ",0
"add r0, r0, r1 ",0
"mov r1, 0x2c ",0
"mul r0, r0, r1 ",0
"add r0, sb, r0 ",0
"ldr r1, [0x00012ad0] ",0
"add r0, r0, r1 ",0
"mov r2, lr ",0
bl 0x123b4 ,0
"subeq r5, r8, r5, lsr 4 ",1
"mov r1, lr ",0
"mov lr, r2 ",0
"mov r5, 0 ",0
"mov r0, r0 ",0
"ldrb r2, [r0, r5] ",0
"ldrb r3, [r1, r5] ",0
"cmp r2, 0 ",0
beq 0x12400 ,0
"mov r0, r0 ",0
"cmp r3, 0 ",0
beq 0x12400 ,0
"mov r0, r0 ",0
"add r5, r5, 1 ",0
"cmp r2, r3 ",0
"moveq r4, 1 ",0
"movne r4, 0 ",0
"cmp r4, 0 ",0
bne 0x123c0 ,0
"mov r0, r0 ",0
"mov r0, r0 ",0
"cmp r2, r3 ",0
"movne r0, 1 ",0
"moveq r0, 0 ",0
"cmp r0, 0 ",0
bne 0x1244c ,0
"mov r0, r0 ",0
"ldr r8, [0x00012ab8] ",0
"ldrsh r0, [r8] ",0
"ldrb r1, [sb, 0x5dc] ",0
"ldr r2, [0x00012ad4] ",0
"add r1, r1, r2 ",0
"mov r2, 0x2c ",0
"mul r1, r1, r2 ",0
"ldr r2, [0x00012ac8] ",0
"add r2, r2, r1 ",0
"strh r0, [sb, r2] ",0
b 0x12478 ,0
"mov r0, r0 ",0
"mov r0, r0 ",0
"ldr r8, [0x00012ab4] ",0
"ldrsh r0, [r8] ",0
"ldrb r1, [sb, 0x5dc] ",0
"ldr r2, [0x00012ad4] ",0
"add r1, r1, r2 ",0
"mov r2, 0x2c ",0
"mul r1, r1, r2 ",0
"ldr r2, [0x00012ac8] ",0
"add r2, r2, r1 ",0
"strh r0, [sb, r2] ",0
"mov r0, r0 ",0
b 0x127cc ,0
"mov r0, r0 ",0
"mov r0, r0 ",0
"ldrb r0, [sb, 0x487] ",0
"and r0, r0, 0x7f ",0
"mov r1, 0xff ",0
"and r0, r1, r0 ",0
"lsr r0, r0, 3 ",0
"strb r0, [sb, 0x47f] ",0
"ldrb r0, [sb, 0x47f] ",0
"lsl r0, r0, 3 ",0
"add r0, sb, r0 ",0
"ldr r1, [0x00012ab0] ",0
"add r0, r0, r1 ",0
"ldrb r1, [sb, 0x5dc] ",0
"ldr r2, [0x00012ad4] ",0
"add r1, r1, r2 ",0
"mov r2, 0x2c ",0
"mul r1, r1, r2 ",0
"add r1, sb, r1 ",0
"ldr r2, [0x00012ad0] ",0
"add r1, r1, r2 ",0
"mov r3, 0 ",0
"mov r0, r0 ",0
"mov r2, 7 ",0
"cmp r3, r2 ",0
"movhs r2, 1 ",0
"movlo r2, 0 ",0
"cmp r2, 0 ",0
bne 0x1250c ,0
"mov r0, r0 ",0
"ldrb r2, [r0, r3] ",0
"strb r2, [r1, r3] ",0
"add r3, r3, 1 ",0
b 0x124d8 ,0
"mov r0, r0 ",0
"mov r0, r0 ",0
"mov r2, 0 ",0
"strb r2, [r1, 7] ",0
"ldrb r0, [sb, 0x47f] ",0
"ldr r1, [0x00012aac] ",0
"add r1, r1, r0 ",0
"ldrb r0, [sb, r1] ",0
"ldrb r1, [sb, 0x5dc] ",0
"ldr r2, [0x00012ad4] ",0
"add r1, r1, r2 ",0
"mov r2, 0x2c ",0
"mul r1, r1, r2 ",0
"ldr r2, [0x00012ac8] ",0
"add r2, r2, r1 ",0
"strh r0, [sb, r2] ",0
"ldrb r0, [sb, 0x487] ",0
"and r0, r0, 7 ",0
"ldrb r1, [sb, 0x47f] ",0
"ldr r2, [0x00012aa8] ",0
"add r2, r2, r1 ",0
"ldrb r1, [sb, r2] ",0
"sub r0, r0, r1 ",0
"strb r0, [sb, 0x48c] ",0
"ldrb r0, [sb, 0x47f] ",0
"cmp r0, 0xb ",0
"movne r0, 1 ",0
"moveq r0, 0 ",0
"cmp r0, 0 ",0
bne 0x1259c ,0
"mov r0, r0 ",0
"ldrb r0, [sb, 0x487] ",0
"and r0, r0, 3 ",0
"sub r0, r0, 3 ",0
"strb r0, [sb, 0x48c] ",0
b 0x127c8 ,0
"mov r0, r0 ",0
"mov r0, r0 ",0
"ldrb r0, [sb, 0x47f] ",0
"cmp r0, 0xc ",0
"movne r0, 1 ",0
"moveq r0, 0 ",0
"cmp r0, 0 ",0
bne 0x12694 ,0
"mov r0, r0 ",0
"ldrb r0, [sb, 0x487] ",0
"and r0, r0, 3 ",0
"sub r0, r0, 3 ",0
"strb r0, [sb, 0x48c] ",0
"ldrb r0, [sb, 0x487] ",0
"and r0, r0, 0x7c ",0
"cmp r0, 0x64 ",0
"movne r0, 1 ",0
"moveq r0, 0 ",0
"cmp r0, 0 ",0
bne 0x12684 ,0
"mov r0, r0 ",0
"mov r1, lr ",0
bl 0x125f8 ,0
"strheq r4, [r0], -r0 ",1
"mov r0, lr ",0
"mov lr, r1 ",0
"ldrb r1, [sb, 0x5dc] ",0
"ldr r2, [0x00012ad4] ",0
"add r1, r1, r2 ",0
"mov r2, 0x2c ",0
"mul r1, r1, r2 ",0
"add r1, sb, r1 ",0
"ldr r2, [0x00012ad0] ",0
"add r1, r1, r2 ",0
"mov r3, 0 ",0
"mov r0, r0 ",0
"mov r2, 3 ",0
"cmp r3, r2 ",0
"movhs r2, 1 ",0
"movlo r2, 0 ",0
"cmp r2, 0 ",0
bne 0x12658 ,0
"mov r0, r0 ",0
"ldrb r2, [r0, r3] ",0
"strb r2, [r1, r3] ",0
"add r3, r3, 1 ",0
b 0x12624 ,0
"mov r0, r0 ",0
"mov r0, r0 ",0
"ldr r8, [0x00012aa4] ",0
"ldrsh r0, [r8] ",0
"ldrb r1, [sb, 0x5dc] ",0
"ldr r2, [0x00012ad4] ",0
"add r1, r1, r2 ",0
"mov r2, 0x2c ",0
"mul r1, r1, r2 ",0
"ldr r2, [0x00012ac8] ",0
"add r2, r2, r1 ",0
"strh r0, [sb, r2] ",0
"mov r0, r0 ",0
"mov r0, r0 ",0
b 0x127c8 ,0
"mov r0, r0 ",0
"mov r0, r0 ",0
"ldrb r0, [sb, 0x47f] ",0
"cmp r0, 0xd ",0
"movne r0, 1 ",0
"moveq r0, 0 ",0
"cmp r0, 0 ",0
bne 0x127c4 ,0
"mov r0, r0 ",0
"ldrb r0, [sb, 0x487] ",0
"and r0, r0, 0x7c ",0
"cmp r0, 0x68 ",0
"movne r0, 1 ",0
"moveq r0, 0 ",0
"cmp r0, 0 ",0
bne 0x126ec ,0
"mov r0, r0 ",0
"ldrb r0, [sb, 0x487] ",0
"and r0, r0, 3 ",0
"sub r0, r0, 3 ",0
"strb r0, [sb, 0x48c] ",0
b 0x126f8 ,0
"mov r0, r0 ",0
"mov r0, r0 ",0
"mov r0, 0 ",0
"strb r0, [sb, 0x48c] ",0
"mov r0, r0 ",0
"ldrb r0, [sb, 0x487] ",0
"and r0, r0, 0x7f ",0
"cmp r0, 0x6e ",0
"movne r0, 1 ",0
"moveq r0, 0 ",0
"cmp r0, 0 ",0
bne 0x127b4 ,0
"mov r0, r0 ",0
"mov r1, lr ",0
bl 0x12728 ,0
"subeq r4, r1, r8, asr 6 ",1
"mov r0, lr ",0
"mov lr, r1 ",0
"ldrb r1, [sb, 0x5dc] ",0
"ldr r2, [0x00012ad4] ",0
"add r1, r1, r2 ",0
"mov r2, 0x2c ",0
"mul r1, r1, r2 ",0
"add r1, sb, r1 ",0
"ldr r2, [0x00012ad0] ",0
"add r1, r1, r2 ",0
"mov r3, 0 ",0
"mov r0, r0 ",0
"mov r2, 4 ",0
"cmp r3, r2 ",0
"movhs r2, 1 ",0
"movlo r2, 0 ",0
"cmp r2, 0 ",0
bne 0x12788 ,0
"mov r0, r0 ",0
"ldrb r2, [r0, r3] ",0
"strb r2, [r1, r3] ",0
"add r3, r3, 1 ",0
b 0x12754 ,0
"mov r0, r0 ",0
"mov r0, r0 ",0
"ldr r8, [0x00012aa0] ",0
"ldrsh r0, [r8] ",0
"ldrb r1, [sb, 0x5dc] ",0
"ldr r2, [0x00012ad4] ",0
"add r1, r1, r2 ",0
"mov r2, 0x2c ",0
"mul r1, r1, r2 ",0
"ldr r2, [0x00012ac8] ",0
"add r2, r2, r1 ",0
"strh r0, [sb, r2] ",0
"mov r0, r0 ",0
"mov r0, r0 ",0
b 0x127c8 ,0
"mov r0, r0 ",0
"mov r0, r0 ",0
"mov r0, r0 ",0
"mov r0, r0 ",0
"ldr r1, [0x00012a9c] ",0
"add r0, sb, r1 ",0
"mov r2, lr ",0
bl 0x127e4 ,0
"andeq r0, r0, r0 ",0
"mov r1, lr ",0
"mov lr, r2 ",0
"mov r5, 0 ",0
"mov r0, r0 ",0
"ldrb r2, [r0, r5] ",0
"ldrb r3, [r1, r5] ",0
"cmp r2, 0 ",0
beq 0x12830 ,0
"mov r0, r0 ",0
"cmp r3, 0 ",0
beq 0x12830 ,0
"mov r0, r0 ",0
"add r5, r5, 1 ",0
"cmp r2, r3 ",0
"moveq r4, 1 ",0
"movne r4, 0 ",0
"cmp r4, 0 ",0
bne 0x127f0 ,0
"mov r0, r0 ",0
"mov r0, r0 ",0
"cmp r2, r3 ",0
"moveq r0, 1 ",0
"movne r0, 0 ",0
"cmp r0, 0 ",0
bne 0x12b90 ,0
"mov r0, r0 ",0
"ldr r1, [0x00012a9c] ",0
"add r0, sb, r1 ",0
"mov r2, lr ",0
bl 0x12860 ,0
"andeq r5, r0, r6, asr 4 ",1
"mov r1, lr ",0
"mov lr, r2 ",0
"mov r5, 0 ",0
"mov r0, r0 ",0
"ldrb r2, [r0, r5] ",0
"ldrb r3, [r1, r5] ",0
"cmp r2, 0 ",0
beq 0x128ac ,0
"mov r0, r0 ",0
"cmp r3, 0 ",0
beq 0x128ac ,0
"mov r0, r0 ",0
"add r5, r5, 1 ",0
"cmp r2, r3 ",0
"moveq r4, 1 ",0
"movne r4, 0 ",0
"cmp r4, 0 ",0
bne 0x1286c ,0
"mov r0, r0 ",0
"mov r0, r0 ",0
"cmp r2, r3 ",0
"movne r0, 1 ",0
"moveq r0, 0 ",0
"cmp r0, 0 ",0
bne 0x12960 ,0
"mov r0, r0 ",0
"mov r1, lr ",0
bl 0x128d4 ,0
"andeq r7, r0, r8, asr 20 ",1
"mov r0, lr ",0
"mov lr, r1 ",0
"ldrb r1, [sb, 0x5dc] ",0
"ldr r2, [0x00012ad4] ",0
"add r1, r1, r2 ",0
"mov r2, 0x2c ",0
"mul r1, r1, r2 ",0
"add r1, sb, r1 ",0
"ldr r2, [0x00012ad0] ",0
"add r1, r1, r2 ",0
"mov r3, 0 ",0
"mov r0, r0 ",0
"mov r2, 3 ",0
"cmp r3, r2 ",0
"movhs r2, 1 ",0
"movlo r2, 0 ",0
"cmp r2, 0 ",0
bne 0x12934 ,0
"mov r0, r0 ",0
"ldrb r2, [r0, r3] ",0
"strb r2, [r1, r3] ",0
"add r3, r3, 1 ",0
b 0x12900 ,0
"mov r0, r0 ",0
"mov r0, r0 ",0
"ldr r8, [0x00012a98] ",0
"ldrsh r0, [r8] ",0
"ldrb r1, [sb, 0x5dc] ",0
"ldr r2, [0x00012ad4] ",0
"add r1, r1, r2 ",0
"mov r2, 0x2c ",0
"mul r1, r1, r2 ",0
"ldr r2, [0x00012ac8] ",0
"add r2, r2, r1 ",0
"strh r0, [sb, r2] ",0
"mov r0, r0 ",0
"mov r0, r0 ",0
"mov r2, 2 ",0
"mov r1, r2 ",0
"ldr r3, [0x00012a9c] ",0
"add r2, sb, r3 ",0
"mov r0, r2 ",0
"str sb, [sp, -4]! ",0
"str r8, [sp, -4]! ",0
"str lr, [sp, -4]! ",0
"ldr r8, [0x00012adc] ",0
"ldr r8, [r8] ",0
"mov lr, pc ",0
"mov pc, r8 ",0
"mov r0, r0 ",0
pop {lr} ,0
pop {r8} ,0
pop {sb} ,0
"add sp, sp, 0 ",0
"mov r2, lr ",0
bl 0x129b8 ,0
"andeq r4, r0, r0, asr r6 ",1
"mov r1, lr ",0
"mov lr, r2 ",0
"mov r5, 0 ",0
"mov r0, r0 ",0
"ldrb r2, [r0, r5] ",0
"ldrb r3, [r1, r5] ",0
"cmp r2, 0 ",0
beq 0x12a04 ,0
"mov r0, r0 ",0
"cmp r3, 0 ",0
beq 0x12a04 ,0
"mov r0, r0 ",0
"add r5, r5, 1 ",0
"cmp r2, r3 ",0
"moveq r4, 1 ",0
"movne r4, 0 ",0
"cmp r4, 0 ",0
bne 0x129c4 ,0
"mov r0, r0 ",0
"mov r0, r0 ",0
"cmp r2, r3 ",0
"movne r0, 1 ",0
"moveq r0, 0 ",0
"cmp r0, 0 ",0
bne 0x12b1c ,0
"mov r0, r0 ",0
"mov r1, lr ",0
bl 0x12a2c ,0
"andeq r0, r0, r0 ",0
"mov r0, lr ",0
"mov lr, r1 ",0
"ldrb r1, [sb, 0x5dc] ",0
"ldr r2, [0x00012ad4] ",0
"add r1, r1, r2 ",0
"mov r2, 0x2c ",0
"mul r1, r1, r2 ",0
"add r1, sb, r1 ",0
"ldr r2, [0x00012ad0] ",0
"add r1, r1, r2 ",0
"mov r3, 0 ",0
"mov r0, r0 ",0
"mov r2, 1 ",0
"cmp r3, r2 ",0
"movhs r2, 1 ",0
"movlo r2, 0 ",0
"cmp r2, 0 ",0
bne 0x12af0 ,0
"mov r0, r0 ",0
"ldrb r2, [r0, r3] ",0
"strb r2, [r1, r3] ",0
"add r3, r3, 1 ",0
b 0x12a58 ,0
b 0x12aec ,0
"mov r0, r0 ",0
"andeq r0, r0, r0 ",1
"andeq r0, r0, r0 ",1
"andeq r3, r0, sl, ror 2 ",1
"andeq r0, r0, sb, asr r4 ",1
"andeq r3, r0, lr, asr r1 ",1
"andeq r3, r0, r8, asr r1 ",1
"andeq r0, r0, r7, lsr r4 ",1
"andeq r0, r0, r5, lsl 7 ",1
"andeq r0, r0, r5, lsl 6 ",1
"andeq r3, r0, r0, ror 2 ",1
"andeq r3, r0, r8, ror 2 ",1
"andeq r0, r0, ip, ror r2 ",1
"strheq r0, [r0], -r0 ",1
"andeq r3, r0, r6, ror 2 ",1
"andeq r0, r0, sl, lsl 12 ",1
"andeq r3, r0, r2, ror 2 ",1
"strdeq r0, r1, [r0], -sl ",1
invalid ,1
"andeq r0, r0, r0, lsl 5 ",1
"strheq r0, [r0], -r0 ",1
"strheq r0, [r0], -r4 ",1
"muleq r0, ip, r2 ",1
"andeq r0, r0, r1, ror 8 ",1
"mov r0, r0 ",0
"mov r0, r0 ",0
"ldr r8, [0x00013aec] ",0
"ldrsh r0, [r8] ",0
"ldrb r1, [sb, 0x5dc] ",0
"ldr r2, [0x00013ae8] ",0
"add r1, r1, r2 ",0
"mov r2, 0x2c ",0
"mul r1, r1, r2 ",0
"ldr r2, [0x00013ae4] ",0
"add r2, r2, r1 ",0
"strh r0, [sb, r2] ",0
"mov r0, r0 ",0
"mov r0, r0 ",0
"ldr r1, [0x00013ae0] ",0
"add r0, sb, r1 ",0
"ldrb r1, [sb, 0x5dc] ",0
"ldr r2, [0x00013ae8] ",0
"add r1, r1, r2 ",0
"mov r2, 0x2c ",0
"mul r1, r1, r2 ",0
"add r1, sb, r1 ",0
"ldr r2, [0x00013adc] ",0
"add r1, r1, r2 ",0
"mov r3, 0 ",0
"mov r0, r0 ",0
"mov r2, 6 ",0
"cmp r3, r2 ",0
"movhs r2, 1 ",0
"movlo r2, 0 ",0
"cmp r2, 0 ",0
bne 0x12b84 ,0
"mov r0, r0 ",0
"ldrb r2, [r0, r3] ",0
"strb r2, [r1, r3] ",0
"add r3, r3, 1 ",0
b 0x12b50 ,0
"mov r0, r0 ",0
"mov r0, r0 ",0
"mov r2, 0 ",0
"strb r2, [r1, 6] ",0
"mov r0, r0 ",0
"mov r0, r0 ",0
"ldr r0, [0x00013ad8] ",0
"ldrsb r0, [sb, r0] ",0
"ldr r1, [0x00013ad4] ",0
"ldrsb r1, [sb, r1] ",0
"add r0, r0, r1 ",0
"strb r0, [sb, 0x48c] ",0
"ldr r1, [0x00013ad8] ",0
"ldrsb r1, [sb, r1] ",0
"str r1, [sp, -4]! ",0
"mov r0, r1 ",0
"mov r1, 0xe ",0
"str sb, [sp, -4]! ",0
"str r8, [sp, -4]! ",0
"str lr, [sp, -4]! ",0
"ldr r8, [0x00013ad0] ",0
"ldr r8, [r8] ",0
"mov lr, pc ",0
"mov pc, r8 ",0
"mov r0, r0 ",0
pop {lr} ,0
pop {r8} ,0
pop {sb} ,0
pop {r1} ,0
"ldrb r1, [sb, 0x5dc] ",0
"ldr r2, [0x00013ae8] ",0
"add r1, r1, r2 ",0
"mov r2, 0x2c ",0
"mul r1, r1, r2 ",0
"add r1, sb, r1 ",0
"ldr r2, [0x00013acc] ",0
"add r1, r1, r2 ",0
"mov r3, 0 ",0
"mov r0, r0 ",0
"mov r2, 3 ",0
"cmp r3, r2 ",0
"movhs r2, 1 ",0
"movlo r2, 0 ",0
"cmp r2, 0 ",0
bne 0x12c4c ,0
"mov r0, r0 ",0
"ldrb r2, [r0, r3] ",0
"strb r2, [r1, r3] ",0
"add r3, r3, 1 ",0
b 0x12c18 ,0
"mov r0, r0 ",0
"mov r0, r0 ",0
"mov r2, 0 ",0
"strb r2, [r1, 3] ",0
"ldr r1, [0x00013ac8] ",0
"add r0, sb, r1 ",0
"ldrb r1, [sb, 0x5dc] ",0
"ldr r2, [0x00013ae8] ",0
"add r1, r1, r2 ",0
"mov r2, 0x2c ",0
"mul r1, r1, r2 ",0
"add r1, sb, r1 ",0
"ldr r2, [0x00013ac4] ",0
"add r1, r1, r2 ",0
"mov r3, 0 ",0
"mov r0, r0 ",0
"mov r2, 0x15 ",0
"cmp r3, r2 ",0
"movhs r2, 1 ",0
"movlo r2, 0 ",0
"cmp r2, 0 ",0
bne 0x12cb8 ,0
"mov r0, r0 ",0
"ldrb r2, [r0, r3] ",0
"strb r2, [r1, r3] ",0
"add r3, r3, 1 ",0
b 0x12c84 ,0
"mov r0, r0 ",0
"mov r0, r0 ",0
"mov r2, 0 ",0
"strb r2, [r1, 0x15] ",0
"mov r0, r0 ",0
"mov r0, r0 ",0
"mov r0, r0 ",0
"ldrb r0, [sb, 0x483] ",0
"ldrb r1, [sb, 0x488] ",0
"add r0, r0, r1 ",0
"strb r0, [sb, 0x483] ",0
"ldrb r0, [sb, 0x4a0] ",0
"ldrb r1, [sb, 0x483] ",0
"add r1, r1, 3 ",0
"ldr r2, [0x00013ac0] ",0
"ldrsh r2, [sb, r2] ",0
"cmp r1, r2 ",0
"movgt r1, 1 ",0
"movle r1, 0 ",0
"orr r0, r0, r1 ",0
"eor r0, r0, 1 ",0
"cmp r0, 0 ",0
bne 0x9940 ,0
"mov r0, r0 ",0
"mov r0, r0 ",0
b 0x14918 ,0
"mov r0, r0 ",0
"mov r0, r0 ",0
"ldrb r0, [sb, 0x489] ",0
"cmp r0, 1 ",0
"movne r0, 1 ",0
"moveq r0, 0 ",0
"cmp r0, 0 ",0
bne 0x14914 ,0
"mov r0, r0 ",0
"mov r0, r0 ",0
"ldrb r0, [sb, 0x5db] ",0
"add r0, r0, 1 ",0
"strb r0, [sb, 0x5db] ",0
"ldrb r0, [sb, 0x5db] ",0
"lsl r0, r0, 2 ",0
"add r0, r0, 0xb ",0
"ldr r1, [0x00013abc] ",0
"strh r0, [sb, r1] ",0
"mov r1, lr ",0
bl 0x12d70 ,0
"andeq r0, r0, r0 ",0
"mov r0, lr ",0
"mov lr, r1 ",0
"ldr r2, [0x00013ac8] ",0
"add r1, sb, r2 ",0
"mov r3, 0 ",0
"mov r0, r0 ",0
"mov r2, 1 ",0
"cmp r3, r2 ",0
"movhs r2, 1 ",0
"movlo r2, 0 ",0
"cmp r2, 0 ",0
bne 0x12db8 ,0
"mov r0, r0 ",0
"ldrb r2, [r0, r3] ",0
"strb r2, [r1, r3] ",0
"add r3, r3, 1 ",0
b 0x12d84 ,0
"mov r0, r0 ",0
"mov r0, r0 ",0
"ldrb r0, [sb, 0x4bc] ",0
"and r0, r0, 1 ",0
"cmp r0, 0 ",0
"movne r0, 1 ",0
"moveq r0, 0 ",0
"cmp r0, 0 ",0
bne 0x13e8c ,0
"mov r0, r0 ",0
"ldrb r0, [sb, 0x49c] ",0
"eor r0, r0, 1 ",0
"cmp r0, 0 ",0
bne 0x13610 ,0
"mov r0, r0 ",0
"ldr r2, [0x00013abc] ",0
"ldrh r2, [sb, r2] ",0
"ldr r3, [0x00013ab8] ",0
"add r3, r3, r2 ",0
"ldrb r2, [sb, r3] ",0
"mov r3, 0x10 ",0
"mov r0, r2 ",0
"mov r1, r3 ",0
"str r3, [sp, -4]! ",0
"str sb, [sp, -4]! ",0
"str r8, [sp, -4]! ",0
"str lr, [sp, -4]! ",0
"ldr r8, [0x00013ab4] ",0
"ldr r8, [r8] ",0
"mov lr, pc ",0
"mov pc, r8 ",0
"mov r0, r0 ",0
pop {lr} ,0
pop {r8} ,0
pop {sb} ,0
"mov r2, r0 ",0
pop {r3} ,0
"lsl r2, r2, 1 ",0
"add r2, sb, r2 ",0
"add r2, r2, 0x60 ",0
"mov r1, r2 ",0
"ldr r3, [0x00013ac8] ",0
"add r2, sb, r3 ",0
"mov r0, r2 ",0
"str sb, [sp, -4]! ",0
"str r8, [sp, -4]! ",0
"str lr, [sp, -4]! ",0
"ldr r8, [0x00013ab0] ",0
"ldr r8, [r8] ",0
"mov lr, pc ",0
"mov pc, r8 ",0
"mov r0, r0 ",0
pop {lr} ,0
pop {r8} ,0
pop {sb} ,0
"add sp, sp, 0 ",0
"ldr r2, [0x00013ac8] ",0
"add r1, sb, r2 ",0
"mov r3, 0 ",0
"mov r0, r0 ",0
"mov r2, 0x15 ",0
"cmp r3, r2 ",0
"movhs r2, 1 ",0
"movlo r2, 0 ",0
"cmp r2, 0 ",0
bne 0x12ed4 ,0
"mov r0, r0 ",0
"ldrb r2, [r0, r3] ",0
"strb r2, [r1, r3] ",0
"add r3, r3, 1 ",0
b 0x12ea0 ,0
"mov r0, r0 ",0
"mov r0, r0 ",0
"mov r2, 0 ",0
"strb r2, [r1, 0x15] ",0
"ldr r2, [0x00013abc] ",0
"ldrh r2, [sb, r2] ",0
"ldr r3, [0x00013ab8] ",0
"add r3, r3, r2 ",0
"ldrb r2, [sb, r3] ",0
"mov r3, 0x10 ",0
"cmp r3, 0 ",0
beq 0x12f4c ,0
"mov r0, r0 ",0
"mov r0, r2 ",0
"mov r1, r3 ",0
"str r3, [sp, -4]! ",0
"str sb, [sp, -4]! ",0
"str r8, [sp, -4]! ",0
"str lr, [sp, -4]! ",0
"ldr r8, [0x00013aac] ",0
"ldr r8, [r8] ",0
"mov lr, pc ",0
"mov pc, r8 ",0
"mov r0, r0 ",0
pop {lr} ,0
pop {r8} ,0
pop {sb} ,0
"mov r2, r0 ",0
pop {r3} ,0
b 0x12f54 ,0
"mov r0, r0 ",0
"mov r0, r0 ",0
"mov r2, r3 ",0
"mov r0, r0 ",0
"lsl r2, r2, 1 ",0
"add r2, sb, r2 ",0
"add r2, r2, 0x60 ",0
"mov r1, r2 ",0
"ldr r3, [0x00013ac8] ",0
"add r2, sb, r3 ",0
"mov r0, r2 ",0
"str sb, [sp, -4]! ",0
"str r8, [sp, -4]! ",0
"str lr, [sp, -4]! ",0
"ldr r8, [0x00013ab0] ",0
"ldr r8, [r8] ",0
"mov lr, pc ",0
"mov pc, r8 ",0
"mov r0, r0 ",0
pop {lr} ,0
pop {r8} ,0
pop {sb} ,0
"add sp, sp, 0 ",0
"ldr r2, [0x00013ac8] ",0
"add r1, sb, r2 ",0
"mov r3, 0 ",0
"mov r0, r0 ",0
"mov r2, 0x15 ",0
"cmp r3, r2 ",0
"movhs r2, 1 ",0
"movlo r2, 0 ",0
"cmp r2, 0 ",0
bne 0x12fe4 ,0
"mov r0, r0 ",0
"ldrb r2, [r0, r3] ",0
"strb r2, [r1, r3] ",0
"add r3, r3, 1 ",0
b 0x12fb0 ,0
"mov r0, r0 ",0
"mov r0, r0 ",0
"mov r2, 0 ",0
"strb r2, [r1, 0x15] ",0
"ldr r2, [0x00013abc] ",0
"ldrh r2, [sb, r2] ",0
"add r2, r2, 1 ",0
"ldr r3, [0x00013ab8] ",0
"add r3, r3, r2 ",0
"ldrb r2, [sb, r3] ",0
"mov r3, 0x10 ",0
"mov r0, r2 ",0
"mov r1, r3 ",0
"str r3, [sp, -4]! ",0
"str sb, [sp, -4]! ",0
"str r8, [sp, -4]! ",0
"str lr, [sp, -4]! ",0
"ldr r8, [0x00013ab4] ",0
"ldr r8, [r8] ",0
"mov lr, pc ",0
"mov pc, r8 ",0
"mov r0, r0 ",0
pop {lr} ,0
pop {r8} ,0
pop {sb} ,0
"mov r2, r0 ",0
pop {r3} ,0
"lsl r2, r2, 1 ",0
"add r2, sb, r2 ",0
"add r2, r2, 0x60 ",0
"mov r1, r2 ",0
"ldr r3, [0x00013ac8] ",0
"add r2, sb, r3 ",0
"mov r0, r2 ",0
"str sb, [sp, -4]! ",0
"str r8, [sp, -4]! ",0
"str lr, [sp, -4]! ",0
"ldr r8, [0x00013ab0] ",0
"ldr r8, [r8] ",0
"mov lr, pc ",0
"mov pc, r8 ",0
"mov r0, r0 ",0
pop {lr} ,0
pop {r8} ,0
pop {sb} ,0
"add sp, sp, 0 ",0
"ldr r2, [0x00013ac8] ",0
"add r1, sb, r2 ",0
"mov r3, 0 ",0
"mov r0, r0 ",0
"mov r2, 0x15 ",0
"cmp r3, r2 ",0
"movhs r2, 1 ",0
"movlo r2, 0 ",0
"cmp r2, 0 ",0
bne 0x130d8 ,0
"mov r0, r0 ",0
"ldrb r2, [r0, r3] ",0
"strb r2, [r1, r3] ",0
"add r3, r3, 1 ",0
b 0x130a4 ,0
"mov r0, r0 ",0
"mov r0, r0 ",0
"mov r2, 0 ",0
"strb r2, [r1, 0x15] ",0
"ldr r2, [0x00013abc] ",0
"ldrh r2, [sb, r2] ",0
"add r2, r2, 1 ",0
"ldr r3, [0x00013ab8] ",0
"add r3, r3, r2 ",0
"ldrb r2, [sb, r3] ",0
"mov r3, 0x10 ",0
"cmp r3, 0 ",0
beq 0x13154 ,0
"mov r0, r0 ",0
"mov r0, r2 ",0
"mov r1, r3 ",0
"str r3, [sp, -4]! ",0
"str sb, [sp, -4]! ",0
"str r8, [sp, -4]! ",0
"str lr, [sp, -4]! ",0
"ldr r8, [0x00013aac] ",0
"ldr r8, [r8] ",0
"mov lr, pc ",0
"mov pc, r8 ",0
"mov r0, r0 ",0
pop {lr} ,0
pop {r8} ,0
pop {sb} ,0
"mov r2, r0 ",0
pop {r3} ,0
b 0x1315c ,0
"mov r0, r0 ",0
"mov r0, r0 ",0
"mov r2, r3 ",0
"mov r0, r0 ",0
"lsl r2, r2, 1 ",0
"add r2, sb, r2 ",0
"add r2, r2, 0x60 ",0
"mov r1, r2 ",0
"ldr r3, [0x00013ac8] ",0
"add r2, sb, r3 ",0
"mov r0, r2 ",0
"str sb, [sp, -4]! ",0
"str r8, [sp, -4]! ",0
"str lr, [sp, -4]! ",0
"ldr r8, [0x00013ab0] ",0
"ldr r8, [r8] ",0
"mov lr, pc ",0
"mov pc, r8 ",0
"mov r0, r0 ",0
pop {lr} ,0
pop {r8} ,0
pop {sb} ,0
"add sp, sp, 0 ",0
"ldr r2, [0x00013ac8] ",0
"add r1, sb, r2 ",0
"mov r3, 0 ",0
"mov r0, r0 ",0
"mov r2, 0x15 ",0
"cmp r3, r2 ",0
"movhs r2, 1 ",0
"movlo r2, 0 ",0
"cmp r2, 0 ",0
bne 0x131ec ,0
"mov r0, r0 ",0
"ldrb r2, [r0, r3] ",0
"strb r2, [r1, r3] ",0
"add r3, r3, 1 ",0
b 0x131b8 ,0
"mov r0, r0 ",0
"mov r0, r0 ",0
"mov r2, 0 ",0
"strb r2, [r1, 0x15] ",0
"ldr r2, [0x00013abc] ",0
"ldrh r2, [sb, r2] ",0
"add r2, r2, 2 ",0
"ldr r3, [0x00013ab8] ",0
"add r3, r3, r2 ",0
"ldrb r2, [sb, r3] ",0
"mov r3, 0x10 ",0
"mov r0, r2 ",0
"mov r1, r3 ",0
"str r3, [sp, -4]! ",0
"str sb, [sp, -4]! ",0
"str r8, [sp, -4]! ",0
"str lr, [sp, -4]! ",0
"ldr r8, [0x00013ab4] ",0
"ldr r8, [r8] ",0
"mov lr, pc ",0
"mov pc, r8 ",0
"mov r0, r0 ",0
pop {lr} ,0
pop {r8} ,0
pop {sb} ,0
"mov r2, r0 ",0
pop {r3} ,0
"lsl r2, r2, 1 ",0
"add r2, sb, r2 ",0
"add r2, r2, 0x60 ",0
"mov r1, r2 ",0
"ldr r3, [0x00013ac8] ",0
"add r2, sb, r3 ",0
"mov r0, r2 ",0
"str sb, [sp, -4]! ",0
"str r8, [sp, -4]! ",0
"str lr, [sp, -4]! ",0
"ldr r8, [0x00013ab0] ",0
"ldr r8, [r8] ",0
"mov lr, pc ",0
"mov pc, r8 ",0
"mov r0, r0 ",0
pop {lr} ,0
pop {r8} ,0
pop {sb} ,0
"add sp, sp, 0 ",0
"ldr r2, [0x00013ac8] ",0
"add r1, sb, r2 ",0
"mov r3, 0 ",0
"mov r0, r0 ",0
"mov r2, 0x15 ",0
"cmp r3, r2 ",0
"movhs r2, 1 ",0
"movlo r2, 0 ",0
"cmp r2, 0 ",0
bne 0x132e0 ,0
"mov r0, r0 ",0
"ldrb r2, [r0, r3] ",0
"strb r2, [r1, r3] ",0
"add r3, r3, 1 ",0
b 0x132ac ,0
"mov r0, r0 ",0
"mov r0, r0 ",0
"mov r2, 0 ",0
"strb r2, [r1, 0x15] ",0
"ldr r2, [0x00013abc] ",0
"ldrh r2, [sb, r2] ",0
"add r2, r2, 2 ",0
"ldr r3, [0x00013ab8] ",0
"add r3, r3, r2 ",0
"ldrb r2, [sb, r3] ",0
"mov r3, 0x10 ",0
"cmp r3, 0 ",0
beq 0x1335c ,0
"mov r0, r0 ",0
"mov r0, r2 ",0
"mov r1, r3 ",0
"str r3, [sp, -4]! ",0
"str sb, [sp, -4]! ",0
"str r8, [sp, -4]! ",0
"str lr, [sp, -4]! ",0
"ldr r8, [0x00013aac] ",0
"ldr r8, [r8] ",0
"mov lr, pc ",0
"mov pc, r8 ",0
"mov r0, r0 ",0
pop {lr} ,0
pop {r8} ,0
pop {sb} ,0
"mov r2, r0 ",0
pop {r3} ,0
b 0x13364 ,0
"mov r0, r0 ",0
"mov r0, r0 ",0
"mov r2, r3 ",0
"mov r0, r0 ",0
"lsl r2, r2, 1 ",0
"add r2, sb, r2 ",0
"add r2, r2, 0x60 ",0
"mov r1, r2 ",0
"ldr r3, [0x00013ac8] ",0
"add r2, sb, r3 ",0
"mov r0, r2 ",0
"str sb, [sp, -4]! ",0
"str r8, [sp, -4]! ",0
"str lr, [sp, -4]! ",0
"ldr r8, [0x00013ab0] ",0
"ldr r8, [r8] ",0
"mov lr, pc ",0
"mov pc, r8 ",0
"mov r0, r0 ",0
pop {lr} ,0
pop {r8} ,0
pop {sb} ,0
"add sp, sp, 0 ",0
"ldr r2, [0x00013ac8] ",0
"add r1, sb, r2 ",0
"mov r3, 0 ",0
"mov r0, r0 ",0
"mov r2, 0x15 ",0
"cmp r3, r2 ",0
"movhs r2, 1 ",0
"movlo r2, 0 ",0
"cmp r2, 0 ",0
bne 0x133f4 ,0
"mov r0, r0 ",0
"ldrb r2, [r0, r3] ",0
"strb r2, [r1, r3] ",0
"add r3, r3, 1 ",0
b 0x133c0 ,0
"mov r0, r0 ",0
"mov r0, r0 ",0
"mov r2, 0 ",0
"strb r2, [r1, 0x15] ",0
"ldr r2, [0x00013abc] ",0
"ldrh r2, [sb, r2] ",0
"add r2, r2, 3 ",0
"ldr r3, [0x00013ab8] ",0
"add r3, r3, r2 ",0
"ldrb r2, [sb, r3] ",0
"mov r3, 0x10 ",0
"mov r0, r2 ",0
"mov r1, r3 ",0
"str r3, [sp, -4]! ",0
"str sb, [sp, -4]! ",0
"str r8, [sp, -4]! ",0
"str lr, [sp, -4]! ",0
"ldr r8, [0x00013ab4] ",0
"ldr r8, [r8] ",0
"mov lr, pc ",0
"mov pc, r8 ",0
"mov r0, r0 ",0
pop {lr} ,0
pop {r8} ,0
pop {sb} ,0
"mov r2, r0 ",0
pop {r3} ,0
"lsl r2, r2, 1 ",0
"add r2, sb, r2 ",0
"add r2, r2, 0x60 ",0
"mov r1, r2 ",0
"ldr r3, [0x00013ac8] ",0
"add r2, sb, r3 ",0
"mov r0, r2 ",0
"str sb, [sp, -4]! ",0
"str r8, [sp, -4]! ",0
"str lr, [sp, -4]! ",0
"ldr r8, [0x00013ab0] ",0
"ldr r8, [r8] ",0
"mov lr, pc ",0
"mov pc, r8 ",0
"mov r0, r0 ",0
pop {lr} ,0
pop {r8} ,0
pop {sb} ,0
"add sp, sp, 0 ",0
"ldr r2, [0x00013ac8] ",0
"add r1, sb, r2 ",0
"mov r3, 0 ",0
"mov r0, r0 ",0
"mov r2, 0x15 ",0
"cmp r3, r2 ",0
"movhs r2, 1 ",0
"movlo r2, 0 ",0
"cmp r2, 0 ",0
bne 0x134e8 ,0
"mov r0, r0 ",0
"ldrb r2, [r0, r3] ",0
"strb r2, [r1, r3] ",0
"add r3, r3, 1 ",0
b 0x134b4 ,0
"mov r0, r0 ",0
"mov r0, r0 ",0
"mov r2, 0 ",0
"strb r2, [r1, 0x15] ",0
"ldr r2, [0x00013abc] ",0
"ldrh r2, [sb, r2] ",0
"add r2, r2, 3 ",0
"ldr r3, [0x00013ab8] ",0
"add r3, r3, r2 ",0
"ldrb r2, [sb, r3] ",0
"mov r3, 0x10 ",0
"cmp r3, 0 ",0
beq 0x13564 ,0
"mov r0, r0 ",0
"mov r0, r2 ",0
"mov r1, r3 ",0
"str r3, [sp, -4]! ",0
"str sb, [sp, -4]! ",0
"str r8, [sp, -4]! ",0
"str lr, [sp, -4]! ",0
"ldr r8, [0x00013aac] ",0
"ldr r8, [r8] ",0
"mov lr, pc ",0
"mov pc, r8 ",0
"mov r0, r0 ",0
pop {lr} ,0
pop {r8} ,0
pop {sb} ,0
"mov r2, r0 ",0
pop {r3} ,0
b 0x1356c ,0
"mov r0, r0 ",0
"mov r0, r0 ",0
"mov r2, r3 ",0
"mov r0, r0 ",0
"lsl r2, r2, 1 ",0
"add r2, sb, r2 ",0
"add r2, r2, 0x60 ",0
"mov r1, r2 ",0
"ldr r3, [0x00013ac8] ",0
"add r2, sb, r3 ",0
"mov r0, r2 ",0
"str sb, [sp, -4]! ",0
"str r8, [sp, -4]! ",0
"str lr, [sp, -4]! ",0
"ldr r8, [0x00013ab0] ",0
"ldr r8, [r8] ",0
"mov lr, pc ",0
"mov pc, r8 ",0
"mov r0, r0 ",0
pop {lr} ,0
pop {r8} ,0
pop {sb} ,0
"add sp, sp, 0 ",0
"ldr r2, [0x00013ac8] ",0
"add r1, sb, r2 ",0
"mov r3, 0 ",0
"mov r0, r0 ",0
"mov r2, 0x15 ",0
"cmp r3, r2 ",0
"movhs r2, 1 ",0
"movlo r2, 0 ",0
"cmp r2, 0 ",0
bne 0x135fc ,0
"mov r0, r0 ",0
"ldrb r2, [r0, r3] ",0
"strb r2, [r1, r3] ",0
"add r3, r3, 1 ",0
b 0x135c8 ,0
"mov r0, r0 ",0
"mov r0, r0 ",0
"mov r2, 0 ",0
"strb r2, [r1, 0x15] ",0
b 0x13e80 ,0
"mov r0, r0 ",0
"mov r0, r0 ",0
"ldr r2, [0x00013abc] ",0
"ldrh r2, [sb, r2] ",0
"add r2, r2, 3 ",0
"ldr r3, [0x00013ab8] ",0
"add r3, r3, r2 ",0
"ldrb r2, [sb, r3] ",0
"mov r3, 0x10 ",0
"mov r0, r2 ",0
"mov r1, r3 ",0
"str r3, [sp, -4]! ",0
"str sb, [sp, -4]! ",0
"str r8, [sp, -4]! ",0
"str lr, [sp, -4]! ",0
"ldr r8, [0x00013ab4] ",0
"ldr r8, [r8] ",0
"mov lr, pc ",0
"mov pc, r8 ",0
"mov r0, r0 ",0
pop {lr} ,0
pop {r8} ,0
pop {sb} ,0
"mov r2, r0 ",0
pop {r3} ,0
"lsl r2, r2, 1 ",0
"add r2, sb, r2 ",0
"add r2, r2, 0x60 ",0
"mov r1, r2 ",0
"ldr r3, [0x00013ac8] ",0
"add r2, sb, r3 ",0
"mov r0, r2 ",0
"str sb, [sp, -4]! ",0
"str r8, [sp, -4]! ",0
"str lr, [sp, -4]! ",0
"ldr r8, [0x00013ab0] ",0
"ldr r8, [r8] ",0
"mov lr, pc ",0
"mov pc, r8 ",0
"mov r0, r0 ",0
pop {lr} ,0
pop {r8} ,0
pop {sb} ,0
"add sp, sp, 0 ",0
"ldr r2, [0x00013ac8] ",0
"add r1, sb, r2 ",0
"mov r3, 0 ",0
"mov r0, r0 ",0
"mov r2, 0x15 ",0
"cmp r3, r2 ",0
"movhs r2, 1 ",0
"movlo r2, 0 ",0
"cmp r2, 0 ",0
bne 0x136fc ,0
"mov r0, r0 ",0
"ldrb r2, [r0, r3] ",0
"strb r2, [r1, r3] ",0
"add r3, r3, 1 ",0
b 0x136c8 ,0
"mov r0, r0 ",0
"mov r0, r0 ",0
"mov r2, 0 ",0
"strb r2, [r1, 0x15] ",0
"ldr r2, [0x00013abc] ",0
"ldrh r2, [sb, r2] ",0
"add r2, r2, 3 ",0
"ldr r3, [0x00013ab8] ",0
"add r3, r3, r2 ",0
"ldrb r2, [sb, r3] ",0
"mov r3, 0x10 ",0
"cmp r3, 0 ",0
beq 0x13778 ,0
"mov r0, r0 ",0
"mov r0, r2 ",0
"mov r1, r3 ",0
"str r3, [sp, -4]! ",0
"str sb, [sp, -4]! ",0
"str r8, [sp, -4]! ",0
"str lr, [sp, -4]! ",0
"ldr r8, [0x00013aac] ",0
"ldr r8, [r8] ",0
"mov lr, pc ",0
"mov pc, r8 ",0
"mov r0, r0 ",0
pop {lr} ,0
pop {r8} ,0
pop {sb} ,0
"mov r2, r0 ",0
pop {r3} ,0
b 0x13780 ,0
"mov r0, r0 ",0
"mov r0, r0 ",0
"mov r2, r3 ",0
"mov r0, r0 ",0
"lsl r2, r2, 1 ",0
"add r2, sb, r2 ",0
"add r2, r2, 0x60 ",0
"mov r1, r2 ",0
"ldr r3, [0x00013ac8] ",0
"add r2, sb, r3 ",0
"mov r0, r2 ",0
"str sb, [sp, -4]! ",0
"str r8, [sp, -4]! ",0
"str lr, [sp, -4]! ",0
"ldr r8, [0x00013ab0] ",0
"ldr r8, [r8] ",0
"mov lr, pc ",0
"mov pc, r8 ",0
"mov r0, r0 ",0
pop {lr} ,0
pop {r8} ,0
pop {sb} ,0
"add sp, sp, 0 ",0
"ldr r2, [0x00013ac8] ",0
"add r1, sb, r2 ",0
"mov r3, 0 ",0
"mov r0, r0 ",0
"mov r2, 0x15 ",0
"cmp r3, r2 ",0
"movhs r2, 1 ",0
"movlo r2, 0 ",0
"cmp r2, 0 ",0
bne 0x13810 ,0
"mov r0, r0 ",0
"ldrb r2, [r0, r3] ",0
"strb r2, [r1, r3] ",0
"add r3, r3, 1 ",0
b 0x137dc ,0
"mov r0, r0 ",0
"mov r0, r0 ",0
"mov r2, 0 ",0
"strb r2, [r1, 0x15] ",0
"ldr r2, [0x00013abc] ",0
"ldrh r2, [sb, r2] ",0
"add r2, r2, 2 ",0
"ldr r3, [0x00013ab8] ",0
"add r3, r3, r2 ",0
"ldrb r2, [sb, r3] ",0
"mov r3, 0x10 ",0
"mov r0, r2 ",0
"mov r1, r3 ",0
"str r3, [sp, -4]! ",0
"str sb, [sp, -4]! ",0
"str r8, [sp, -4]! ",0
"str lr, [sp, -4]! ",0
"ldr r8, [0x00013ab4] ",0
"ldr r8, [r8] ",0
"mov lr, pc ",0
"mov pc, r8 ",0
"mov r0, r0 ",0
pop {lr} ,0
pop {r8} ,0
pop {sb} ,0
"mov r2, r0 ",0
pop {r3} ,0
"lsl r2, r2, 1 ",0
"add r2, sb, r2 ",0
"add r2, r2, 0x60 ",0
"mov r1, r2 ",0
"ldr r3, [0x00013ac8] ",0
"add r2, sb, r3 ",0
"mov r0, r2 ",0
"str sb, [sp, -4]! ",0
"str r8, [sp, -4]! ",0
"str lr, [sp, -4]! ",0
"ldr r8, [0x00013ab0] ",0
"ldr r8, [r8] ",0
"mov lr, pc ",0
"mov pc, r8 ",0
"mov r0, r0 ",0
pop {lr} ,0
pop {r8} ,0
pop {sb} ,0
"add sp, sp, 0 ",0
"ldr r2, [0x00013ac8] ",0
"add r1, sb, r2 ",0
"mov r3, 0 ",0
"mov r0, r0 ",0
"mov r2, 0x15 ",0
"cmp r3, r2 ",0
"movhs r2, 1 ",0
"movlo r2, 0 ",0
"cmp r2, 0 ",0
bne 0x13904 ,0
"mov r0, r0 ",0
"ldrb r2, [r0, r3] ",0
"strb r2, [r1, r3] ",0
"add r3, r3, 1 ",0
b 0x138d0 ,0
"mov r0, r0 ",0
"mov r0, r0 ",0
"mov r2, 0 ",0
"strb r2, [r1, 0x15] ",0
"ldr r2, [0x00013abc] ",0
"ldrh r2, [sb, r2] ",0
"add r2, r2, 2 ",0
"ldr r3, [0x00013ab8] ",0
"add r3, r3, r2 ",0
"ldrb r2, [sb, r3] ",0
"mov r3, 0x10 ",0
"cmp r3, 0 ",0
beq 0x13980 ,0
"mov r0, r0 ",0
"mov r0, r2 ",0
"mov r1, r3 ",0
"str r3, [sp, -4]! ",0
"str sb, [sp, -4]! ",0
"str r8, [sp, -4]! ",0
"str lr, [sp, -4]! ",0
"ldr r8, [0x00013aac] ",0
"ldr r8, [r8] ",0
"mov lr, pc ",0
"mov pc, r8 ",0
"mov r0, r0 ",0
pop {lr} ,0
pop {r8} ,0
pop {sb} ,0
"mov r2, r0 ",0
pop {r3} ,0
b 0x13988 ,0
"mov r0, r0 ",0
"mov r0, r0 ",0
"mov r2, r3 ",0
"mov r0, r0 ",0
"lsl r2, r2, 1 ",0
"add r2, sb, r2 ",0
"add r2, r2, 0x60 ",0
"mov r1, r2 ",0
"ldr r3, [0x00013ac8] ",0
"add r2, sb, r3 ",0
"mov r0, r2 ",0
"str sb, [sp, -4]! ",0
"str r8, [sp, -4]! ",0
"str lr, [sp, -4]! ",0
"ldr r8, [0x00013ab0] ",0
"ldr r8, [r8] ",0
"mov lr, pc ",0
"mov pc, r8 ",0
"mov r0, r0 ",0
pop {lr} ,0
pop {r8} ,0
pop {sb} ,0
"add sp, sp, 0 ",0
"ldr r2, [0x00013ac8] ",0
"add r1, sb, r2 ",0
"mov r3, 0 ",0
"mov r0, r0 ",0
"mov r2, 0x15 ",0
"cmp r3, r2 ",0
"movhs r2, 1 ",0
"movlo r2, 0 ",0
"cmp r2, 0 ",0
bne 0x13a18 ,0
"mov r0, r0 ",0
"ldrb r2, [r0, r3] ",0
"strb r2, [r1, r3] ",0
"add r3, r3, 1 ",0
b 0x139e4 ,0
"mov r0, r0 ",0
"mov r0, r0 ",0
"mov r2, 0 ",0
"strb r2, [r1, 0x15] ",0
"ldr r2, [0x00013abc] ",0
"ldrh r2, [sb, r2] ",0
"add r2, r2, 1 ",0
"ldr r3, [0x00013ab8] ",0
"add r3, r3, r2 ",0
"ldrb r2, [sb, r3] ",0
"mov r3, 0x10 ",0
"mov r0, r2 ",0
"mov r1, r3 ",0
"str r3, [sp, -4]! ",0
"str sb, [sp, -4]! ",0
"str r8, [sp, -4]! ",0
"str lr, [sp, -4]! ",0
"ldr r8, [0x00013ab4] ",0
"ldr r8, [r8] ",0
"mov lr, pc ",0
"mov pc, r8 ",0
"mov r0, r0 ",0
pop {lr} ,0
pop {r8} ,0
pop {sb} ,0
"mov r2, r0 ",0
pop {r3} ,0
"lsl r2, r2, 1 ",0
"add r2, sb, r2 ",0
"add r2, r2, 0x60 ",0
"mov r1, r2 ",0
"ldr r3, [0x00013ac8] ",0
"add r2, sb, r3 ",0
"mov r0, r2 ",0
b 0x13af0 ,0
"mov r0, r0 ",0
"andeq r0, r0, r0 ",1
"andeq r0, r0, r0 ",1
"andeq r0, r0, r8, asr 9 ",1
"andeq r0, r0, r0, lsl 5 ",1
"strheq r0, [r0], -ip ",1
"strheq r0, [r0], -r0 ",1
"andeq r0, r0, sl, ror r4 ",1
"strheq r0, [r0], -r6 ",1
"andeq r0, r0, r0, ror 11 ",1
"andeq r0, r0, r1, ror 8 ",1
"strdeq r0, r1, [r0], -r6 ",1
"strheq r0, [r0], -r0 ",1
"andeq r0, r0, fp, lsl 9 ",1
"andeq r0, r0, ip, lsl 9 ",1
"andeq r0, r0, r2, lsl 12 ",1
"andeq r0, r0, sb, asr r4 ",1
"andeq r0, r0, sl, lsl 12 ",1
invalid ,1
"andeq r3, r0, r0, ror 2 ",1
"str sb, [sp, -4]! ",0
"str r8, [sp, -4]! ",0
"str lr, [sp, -4]! ",0
"ldr r8, [0x00014a00] ",0
"ldr r8, [r8] ",0
"mov lr, pc ",0
"mov pc, r8 ",0
"mov r0, r0 ",0
pop {lr} ,0
pop {r8} ,0
pop {sb} ,0
"add sp, sp, 0 ",0
"ldr r2, [0x000149fc] ",0
"add r1, sb, r2 ",0
"mov r3, 0 ",0
"mov r0, r0 ",0
"mov r2, 0x15 ",0
"cmp r3, r2 ",0
"movhs r2, 1 ",0
"movlo r2, 0 ",0
"cmp r2, 0 ",0
bne 0x13b60 ,0
"mov r0, r0 ",0
"ldrb r2, [r0, r3] ",0
"strb r2, [r1, r3] ",0
"add r3, r3, 1 ",0
b 0x13b2c ,0
"mov r0, r0 ",0
"mov r0, r0 ",0
"mov r2, 0 ",0
"strb r2, [r1, 0x15] ",0
"ldr r2, [0x000149f8] ",0
"ldrh r2, [sb, r2] ",0
"add r2, r2, 1 ",0
"ldr r3, [0x000149f4] ",0
"add r3, r3, r2 ",0
"ldrb r2, [sb, r3] ",0
"mov r3, 0x10 ",0
"cmp r3, 0 ",0
beq 0x13bdc ,0
"mov r0, r0 ",0
"mov r0, r2 ",0
"mov r1, r3 ",0
"str r3, [sp, -4]! ",0
"str sb, [sp, -4]! ",0
"str r8, [sp, -4]! ",0
"str lr, [sp, -4]! ",0
"ldr r8, [0x000149f0] ",0
"ldr r8, [r8] ",0
"mov lr, pc ",0
"mov pc, r8 ",0
"mov r0, r0 ",0
pop {lr} ,0
pop {r8} ,0
pop {sb} ,0
"mov r2, r0 ",0
pop {r3} ,0
b 0x13be4 ,0
"mov r0, r0 ",0
"mov r0, r0 ",0
"mov r2, r3 ",0
"mov r0, r0 ",0
"lsl r2, r2, 1 ",0
"add r2, sb, r2 ",0
"add r2, r2, 0x60 ",0
"mov r1, r2 ",0
"ldr r3, [0x000149fc] ",0
"add r2, sb, r3 ",0
"mov r0, r2 ",0
"str sb, [sp, -4]! ",0
"str r8, [sp, -4]! ",0
"str lr, [sp, -4]! ",0
"ldr r8, [0x00014a00] ",0
"ldr r8, [r8] ",0
"mov lr, pc ",0
"mov pc, r8 ",0
"mov r0, r0 ",0
pop {lr} ,0
pop {r8} ,0
pop {sb} ,0
"add sp, sp, 0 ",0
"ldr r2, [0x000149fc] ",0
"add r1, sb, r2 ",0
"mov r3, 0 ",0
"mov r0, r0 ",0
"mov r2, 0x15 ",0
"cmp r3, r2 ",0
"movhs r2, 1 ",0
"movlo r2, 0 ",0
"cmp r2, 0 ",0
bne 0x13c74 ,0
"mov r0, r0 ",0
"ldrb r2, [r0, r3] ",0
"strb r2, [r1, r3] ",0
"add r3, r3, 1 ",0
b 0x13c40 ,0
"mov r0, r0 ",0
"mov r0, r0 ",0
"mov r2, 0 ",0
"strb r2, [r1, 0x15] ",0
"ldr r2, [0x000149f8] ",0
"ldrh r2, [sb, r2] ",0
"ldr r3, [0x000149f4] ",0
"add r3, r3, r2 ",0
"ldrb r2, [sb, r3] ",0
"mov r3, 0x10 ",0
"mov r0, r2 ",0
"mov r1, r3 ",0
"str r3, [sp, -4]! ",0
"str sb, [sp, -4]! ",0
"str r8, [sp, -4]! ",0
"str lr, [sp, -4]! ",0
"ldr r8, [0x000149ec] ",0
"ldr r8, [r8] ",0
"mov lr, pc ",0
"mov pc, r8 ",0
"mov r0, r0 ",0
pop {lr} ,0
pop {r8} ,0
pop {sb} ,0
"mov r2, r0 ",0
pop {r3} ,0
"lsl r2, r2, 1 ",0
"add r2, sb, r2 ",0
"add r2, r2, 0x60 ",0
"mov r1, r2 ",0
"ldr r3, [0x000149fc] ",0
"add r2, sb, r3 ",0
"mov r0, r2 ",0
"str sb, [sp, -4]! ",0
"str r8, [sp, -4]! ",0
"str lr, [sp, -4]! ",0
"ldr r8, [0x00014a00] ",0
"ldr r8, [r8] ",0
"mov lr, pc ",0
"mov pc, r8 ",0
"mov r0, r0 ",0
pop {lr} ,0
pop {r8} ,0
pop {sb} ,0
"add sp, sp, 0 ",0
"ldr r2, [0x000149fc] ",0
"add r1, sb, r2 ",0
"mov r3, 0 ",0
"mov r0, r0 ",0
"mov r2, 0x15 ",0
"cmp r3, r2 ",0
"movhs r2, 1 ",0
"movlo r2, 0 ",0
"cmp r2, 0 ",0
bne 0x13d64 ,0
"mov r0, r0 ",0
"ldrb r2, [r0, r3] ",0
"strb r2, [r1, r3] ",0
"add r3, r3, 1 ",0
b 0x13d30 ,0
"mov r0, r0 ",0
"mov r0, r0 ",0
"mov r2, 0 ",0
"strb r2, [r1, 0x15] ",0
"ldr r2, [0x000149f8] ",0
"ldrh r2, [sb, r2] ",0
"ldr r3, [0x000149f4] ",0
"add r3, r3, r2 ",0
"ldrb r2, [sb, r3] ",0
"mov r3, 0x10 ",0
"cmp r3, 0 ",0
beq 0x13ddc ,0
"mov r0, r0 ",0
"mov r0, r2 ",0
"mov r1, r3 ",0
"str r3, [sp, -4]! ",0
"str sb, [sp, -4]! ",0
"str r8, [sp, -4]! ",0
"str lr, [sp, -4]! ",0
"ldr r8, [0x000149f0] ",0
"ldr r8, [r8] ",0
"mov lr, pc ",0
"mov pc, r8 ",0
"mov r0, r0 ",0
pop {lr} ,0
pop {r8} ,0
pop {sb} ,0
"mov r2, r0 ",0
pop {r3} ,0
b 0x13de4 ,0
"mov r0, r0 ",0
"mov r0, r0 ",0
"mov r2, r3 ",0
"mov r0, r0 ",0
"lsl r2, r2, 1 ",0
"add r2, sb, r2 ",0
"add r2, r2, 0x60 ",0
"mov r1, r2 ",0
"ldr r3, [0x000149fc] ",0
"add r2, sb, r3 ",0
"mov r0, r2 ",0
"str sb, [sp, -4]! ",0
"str r8, [sp, -4]! ",0
"str lr, [sp, -4]! ",0
"ldr r8, [0x00014a00] ",0
"ldr r8, [r8] ",0
"mov lr, pc ",0
"mov pc, r8 ",0
"mov r0, r0 ",0
pop {lr} ,0
pop {r8} ,0
pop {sb} ,0
"add sp, sp, 0 ",0
"ldr r2, [0x000149fc] ",0
"add r1, sb, r2 ",0
"mov r3, 0 ",0
"mov r0, r0 ",0
"mov r2, 0x15 ",0
"cmp r3, r2 ",0
"movhs r2, 1 ",0
"movlo r2, 0 ",0
"cmp r2, 0 ",0
bne 0x13e74 ,0
"mov r0, r0 ",0
"ldrb r2, [r0, r3] ",0
"strb r2, [r1, r3] ",0
"add r3, r3, 1 ",0
b 0x13e40 ,0
"mov r0, r0 ",0
"mov r0, r0 ",0
"mov r2, 0 ",0
"strb r2, [r1, 0x15] ",0
"mov r0, r0 ",0
b 0x14134 ,0
"mov r0, r0 ",0
"mov r0, r0 ",0
"ldrb r0, [sb, 0x49c] ",0
"eor r0, r0, 1 ",0
"cmp r0, 0 ",0
bne 0x13fec ,0
"mov r0, r0 ",0
"ldr r0, [0x000149f8] ",0
"ldrh r0, [sb, r0] ",0
"ldr r1, [0x000149f4] ",0
"add r1, r1, r0 ",0
"ldrb r0, [sb, r1] ",0
"strb r0, [sb, 0x48c] ",0
"ldr r0, [0x000149e8] ",0
"ldrsb r0, [sb, r0] ",0
"str r0, [sp, -4]! ",0
"ldrsb r0, [sp] ",0
"add sp, sp, 4 ",0
"ldr r1, [0x000149e4] ",0
"mul r0, r0, r1 ",0
"ldr r1, [0x000149f8] ",0
"ldrh r1, [sb, r1] ",0
"add r1, r1, 1 ",0
"ldr r2, [0x000149f4] ",0
"add r2, r2, r1 ",0
"ldrb r1, [sb, r2] ",0
"mov r2, 0xff ",0
"and r1, r1, r2 ",0
"ldr r2, [0x000149e0] ",0
"mul r1, r1, r2 ",0
"add r0, r0, r1 ",0
"ldr r1, [0x000149f8] ",0
"ldrh r1, [sb, r1] ",0
"add r1, r1, 2 ",0
"ldr r2, [0x000149f4] ",0
"add r2, r2, r1 ",0
"ldrb r1, [sb, r2] ",0
"mov r2, 0xff ",0
"and r1, r1, r2 ",0
"ldr r2, [0x000149dc] ",0
"mul r1, r1, r2 ",0
"add r0, r0, r1 ",0
"ldr r1, [0x000149f8] ",0
"ldrh r1, [sb, r1] ",0
"add r1, r1, 3 ",0
"ldr r2, [0x000149f4] ",0
"add r2, r2, r1 ",0
"ldrb r1, [sb, r2] ",0
"mov r2, 0xff ",0
"and r1, r1, r2 ",0
"add r0, r0, r1 ",0
"str r0, [sb, 0x490] ",0
"ldr r1, [sb, 0x490] ",0
"str r1, [sp, -4]! ",0
"mov r0, r1 ",0
"mov r1, 4 ",0
"str sb, [sp, -4]! ",0
"str r8, [sp, -4]! ",0
"str lr, [sp, -4]! ",0
"ldr r8, [0x000149d8] ",0
"ldr r8, [r8] ",0
"mov lr, pc ",0
"mov pc, r8 ",0
"mov r0, r0 ",0
pop {lr} ,0
pop {r8} ,0
pop {sb} ,0
pop {r1} ,0
"ldr r2, [0x000149fc] ",0
"add r1, sb, r2 ",0
"mov r3, 0 ",0
"mov r0, r0 ",0
"mov r2, 0x15 ",0
"cmp r3, r2 ",0
"movhs r2, 1 ",0
"movlo r2, 0 ",0
"cmp r2, 0 ",0
bne 0x13fd8 ,0
"mov r0, r0 ",0
"ldrb r2, [r0, r3] ",0
"strb r2, [r1, r3] ",0
"add r3, r3, 1 ",0
b 0x13fa4 ,0
"mov r0, r0 ",0
"mov r0, r0 ",0
"mov r2, 0 ",0
"strb r2, [r1, 0x15] ",0
b 0x14130 ,0
"mov r0, r0 ",0
"mov r0, r0 ",0
"ldr r0, [0x000149f8] ",0
"ldrh r0, [sb, r0] ",0
"add r0, r0, 3 ",0
"ldr r1, [0x000149f4] ",0
"add r1, r1, r0 ",0
"ldrb r0, [sb, r1] ",0
"strb r0, [sb, 0x48c] ",0
"ldr r0, [0x000149e8] ",0
"ldrsb r0, [sb, r0] ",0
"str r0, [sp, -4]! ",0
"ldrsb r0, [sp] ",0
"add sp, sp, 4 ",0
"ldr r1, [0x000149e4] ",0
"mul r0, r0, r1 ",0
"ldr r1, [0x000149f8] ",0
"ldrh r1, [sb, r1] ",0
"add r1, r1, 2 ",0
"ldr r2, [0x000149f4] ",0
"add r2, r2, r1 ",0
"ldrb r1, [sb, r2] ",0
"mov r2, 0xff ",0
"and r1, r1, r2 ",0
"ldr r2, [0x000149e0] ",0
"mul r1, r1, r2 ",0
"add r0, r0, r1 ",0
"ldr r1, [0x000149f8] ",0
"ldrh r1, [sb, r1] ",0
"add r1, r1, 1 ",0
"ldr r2, [0x000149f4] ",0
"add r2, r2, r1 ",0
"ldrb r1, [sb, r2] ",0
"mov r2, 0xff ",0
"and r1, r1, r2 ",0
"ldr r2, [0x000149dc] ",0
"mul r1, r1, r2 ",0
"add r0, r0, r1 ",0
"ldr r1, [0x000149f8] ",0
"ldrh r1, [sb, r1] ",0
"ldr r2, [0x000149f4] ",0
"add r2, r2, r1 ",0
"ldrb r1, [sb, r2] ",0
"mov r2, 0xff ",0
"and r1, r1, r2 ",0
"add r0, r0, r1 ",0
"str r0, [sb, 0x490] ",0
"ldr r1, [sb, 0x490] ",0
"str r1, [sp, -4]! ",0
"mov r0, r1 ",0
"mov r1, 4 ",0
"str sb, [sp, -4]! ",0
"str r8, [sp, -4]! ",0
"str lr, [sp, -4]! ",0
"ldr r8, [0x000149d8] ",0
"ldr r8, [r8] ",0
"mov lr, pc ",0
"mov pc, r8 ",0
"mov r0, r0 ",0
pop {lr} ,0
pop {r8} ,0
pop {sb} ,0
pop {r1} ,0
"ldr r2, [0x000149fc] ",0
"add r1, sb, r2 ",0
"mov r3, 0 ",0
"mov r0, r0 ",0
"mov r2, 0x15 ",0
"cmp r3, r2 ",0
"movhs r2, 1 ",0
"movlo r2, 0 ",0
"cmp r2, 0 ",0
bne 0x14124 ,0
"mov r0, r0 ",0
"ldrb r2, [r0, r3] ",0
"strb r2, [r1, r3] ",0
"add r3, r3, 1 ",0
b 0x140f0 ,0
"mov r0, r0 ",0
"mov r0, r0 ",0
"mov r2, 0 ",0
"strb r2, [r1, 0x15] ",0
"mov r0, r0 ",0
"mov r0, r0 ",0
"mov r0, r0 ",0
"ldr r2, [0x000149fc] ",0
"add r1, sb, r2 ",0
"mov r0, r1 ",0
"str sb, [sp, -4]! ",0
"str r8, [sp, -4]! ",0
"str lr, [sp, -4]! ",0
"ldr r8, [0x000149d4] ",0
"ldr r8, [r8] ",0
"mov lr, pc ",0
"mov pc, r8 ",0
"mov r0, r0 ",0
pop {lr} ,0
pop {r8} ,0
pop {sb} ,0
"add sp, sp, 0 ",0
"cmp r0, 1 ",0
"movgt r0, 1 ",0
"movle r0, 0 ",0
"str r0, [sp, -4]! ",0
"mov r2, 1 ",0
"mov r1, r2 ",0
"ldr r3, [0x000149fc] ",0
"add r2, sb, r3 ",0
"mov r0, r2 ",0
"str sb, [sp, -4]! ",0
"str r8, [sp, -4]! ",0
"str lr, [sp, -4]! ",0
"ldr r8, [0x000149d0] ",0
"ldr r8, [r8] ",0
"mov lr, pc ",0
"mov pc, r8 ",0
"mov r0, r0 ",0
pop {lr} ,0
pop {r8} ,0
pop {sb} ,0
"add sp, sp, 0 ",0
"mov r1, r0 ",0
pop {r0} ,0
"mov r3, lr ",0
bl 0x141e0 ,0
"andeq r0, r0, r0, lsr r0 ",0
"mov r2, lr ",0
"mov lr, r3 ",0
"mov r6, 0 ",0
"mov r0, r0 ",0
"ldrb r3, [r1, r6] ",0
"ldrb r4, [r2, r6] ",0
"cmp r3, 0 ",0
beq 0x1422c ,0
"mov r0, r0 ",0
"cmp r4, 0 ",0
beq 0x1422c ,0
"mov r0, r0 ",0
"add r6, r6, 1 ",0
"cmp r3, r4 ",0
"moveq r5, 1 ",0
"movne r5, 0 ",0
"cmp r5, 0 ",0
bne 0x141ec ,0
"mov r0, r0 ",0
"mov r0, r0 ",0
"cmp r3, r4 ",0
"moveq r1, 1 ",0
"movne r1, 0 ",0
"and r0, r0, r1 ",0
"eor r0, r0, 1 ",0
"cmp r0, 0 ",0
bne 0x142f0 ,0
"mov r0, r0 ",0
"mov r3, 1 ",0
"mov r2, r3 ",0
"mov r3, 1 ",0
"mov r1, r3 ",0
"ldr r4, [0x000149fc] ",0
"add r3, sb, r4 ",0
"mov r0, r3 ",0
"str sb, [sp, -4]! ",0
"str r8, [sp, -4]! ",0
"str lr, [sp, -4]! ",0
"ldr r8, [0x000149cc] ",0
"ldr r8, [r8] ",0
"mov lr, pc ",0
"mov pc, r8 ",0
"mov r0, r0 ",0
pop {lr} ,0
pop {r8} ,0
pop {sb} ,0
"add sp, sp, 0 ",0
"ldr r2, [0x000149fc] ",0
"add r1, sb, r2 ",0
"mov r3, 0 ",0
"mov r0, r0 ",0
"mov r2, 0x15 ",0
"cmp r3, r2 ",0
"movhs r2, 1 ",0
"movlo r2, 0 ",0
"cmp r2, 0 ",0
bne 0x142dc ,0
"mov r0, r0 ",0
"ldrb r2, [r0, r3] ",0
"strb r2, [r1, r3] ",0
"add r3, r3, 1 ",0
b 0x142a8 ,0
"mov r0, r0 ",0
"mov r0, r0 ",0
"mov r2, 0 ",0
"strb r2, [r1, 0x15] ",0
b 0x14138 ,0
"mov r0, r0 ",0
"mov r0, r0 ",0
"ldrb r0, [sb, 0x5db] ",0
"add r0, r0, 0xc ",0
"ldr r1, [0x000149f4] ",0
"add r1, r1, r0 ",0
"ldrb r0, [sb, r1] ",0
"and r0, r0, 0x3f ",0
"strb r0, [sb, 0x48c] ",0
"ldr r0, [0x000149e8] ",0
"ldrsb r0, [sb, r0] ",0
"cmp r0, 1 ",0
"movgt r0, 1 ",0
"movle r0, 0 ",0
"ldr r1, [0x000149e8] ",0
"ldrsb r1, [sb, r1] ",0
"cmp r1, 0x38 ",0
"movlt r1, 1 ",0
"movge r1, 0 ",0
"and r0, r0, r1 ",0
"eor r0, r0, 1 ",0
"cmp r0, 0 ",0
bne 0x1460c ,0
"mov r0, r0 ",0
"ldr r0, [0x000149e8] ",0
"ldrsb r0, [sb, r0] ",0
"sub r0, r0, 2 ",0
"mov r1, 3 ",0
"str r1, [sp, -4]! ",0
"str sb, [sp, -4]! ",0
"str r8, [sp, -4]! ",0
"str lr, [sp, -4]! ",0
"ldr r8, [0x000149c8] ",0
"ldr r8, [r8] ",0
"mov lr, pc ",0
"mov pc, r8 ",0
"mov r0, r0 ",0
pop {lr} ,0
pop {r8} ,0
pop {sb} ,0
pop {r1} ,0
"lsl r0, r0, 3 ",0
"add r0, sb, r0 ",0
"ldr r1, [0x000149c4] ",0
"add r0, r0, r1 ",0
"ldrb r1, [sb, 0x5db] ",0
"ldr r2, [0x000149c0] ",0
"add r1, r1, r2 ",0
"mov r2, 0x2c ",0
"mul r1, r1, r2 ",0
"add r1, sb, r1 ",0
"ldr r2, [0x000149bc] ",0
"add r1, r1, r2 ",0
"mov r3, 0 ",0
"mov r0, r0 ",0
"mov r2, 7 ",0
"cmp r3, r2 ",0
"movhs r2, 1 ",0
"movlo r2, 0 ",0
"cmp r2, 0 ",0
bne 0x143f8 ,0
"mov r0, r0 ",0
"ldrb r2, [r0, r3] ",0
"strb r2, [r1, r3] ",0
"add r3, r3, 1 ",0
b 0x143c4 ,0
"mov r0, r0 ",0
"mov r0, r0 ",0
"mov r2, 0 ",0
"strb r2, [r1, 7] ",0
"ldr r0, [0x000149e8] ",0
"ldrsb r0, [sb, r0] ",0
"sub r0, r0, 2 ",0
"mov r1, 3 ",0
"str r1, [sp, -4]! ",0
"str sb, [sp, -4]! ",0
"str r8, [sp, -4]! ",0
"str lr, [sp, -4]! ",0
"ldr r8, [0x000149c8] ",0
"ldr r8, [r8] ",0
"mov lr, pc ",0
"mov pc, r8 ",0
"mov r0, r0 ",0
pop {lr} ,0
pop {r8} ,0
pop {sb} ,0
pop {r1} ,0
"ldr r1, [0x000149b8] ",0
"add r1, r1, r0 ",0
"ldrb r0, [sb, r1] ",0
"ldrb r1, [sb, 0x5db] ",0
"ldr r2, [0x000149c0] ",0
"add r1, r1, r2 ",0
"mov r2, 0x2c ",0
"mul r1, r1, r2 ",0
"ldr r2, [0x000149b4] ",0
"add r2, r2, r1 ",0
"strh r0, [sb, r2] ",0
"ldr r1, [0x000149e8] ",0
"ldrsb r1, [sb, r1] ",0
"sub r1, r1, 2 ",0
"mov r2, 3 ",0
"cmp r2, 0 ",0
beq 0x144e0 ,0
"mov r0, r0 ",0
"str r0, [sp, -4]! ",0
"mov r0, r1 ",0
"mov r1, r2 ",0
"str r2, [sp, -4]! ",0
"str sb, [sp, -4]! ",0
"str r8, [sp, -4]! ",0
"str lr, [sp, -4]! ",0
"ldr r8, [0x000149b0] ",0
"ldr r8, [r8] ",0
"mov lr, pc ",0
"mov pc, r8 ",0
"mov r0, r0 ",0
pop {lr} ,0
pop {r8} ,0
pop {sb} ,0
"mov r1, r0 ",0
pop {r2} ,0
pop {r0} ,0
b 0x144e8 ,0
"mov r0, r0 ",0
"mov r0, r0 ",0
"mov r1, r2 ",0
"mov r0, r0 ",0
"str r1, [sp, -4]! ",0
"mov r0, r1 ",0
"mov r1, 0xe ",0
"str sb, [sp, -4]! ",0
"str r8, [sp, -4]! ",0
"str lr, [sp, -4]! ",0
"ldr r8, [0x000149d8] ",0
"ldr r8, [r8] ",0
"mov lr, pc ",0
"mov pc, r8 ",0
"mov r0, r0 ",0
pop {lr} ,0
pop {r8} ,0
pop {sb} ,0
pop {r1} ,0
"ldrb r1, [sb, 0x5db] ",0
"ldr r2, [0x000149c0] ",0
"add r1, r1, r2 ",0
"mov r2, 0x2c ",0
"mul r1, r1, r2 ",0
"add r1, sb, r1 ",0
"ldr r2, [0x000149ac] ",0
"add r1, r1, r2 ",0
"mov r3, 0 ",0
"mov r0, r0 ",0
"mov r2, 3 ",0
"cmp r3, r2 ",0
"movhs r2, 1 ",0
"movlo r2, 0 ",0
"cmp r2, 0 ",0
bne 0x14580 ,0
"mov r0, r0 ",0
"ldrb r2, [r0, r3] ",0
"strb r2, [r1, r3] ",0
"add r3, r3, 1 ",0
b 0x1454c ,0
"mov r0, r0 ",0
"mov r0, r0 ",0
"mov r2, 0 ",0
"strb r2, [r1, 3] ",0
"ldrb r0, [sb, 0x5dc] ",0
"add r0, r0, 1 ",0
"strb r0, [sb, 0x5dc] ",0
"ldr r1, [0x000149fc] ",0
"add r0, sb, r1 ",0
"ldrb r1, [sb, 0x5dc] ",0
"ldr r2, [0x000149c0] ",0
"add r1, r1, r2 ",0
"mov r2, 0x2c ",0
"mul r1, r1, r2 ",0
"add r1, sb, r1 ",0
"ldr r2, [0x000149a8] ",0
"add r1, r1, r2 ",0
"mov r3, 0 ",0
"mov r0, r0 ",0
"mov r2, 0x15 ",0
"cmp r3, r2 ",0
"movhs r2, 1 ",0
"movlo r2, 0 ",0
"cmp r2, 0 ",0
bne 0x145f8 ,0
"mov r0, r0 ",0
"ldrb r2, [r0, r3] ",0
"strb r2, [r1, r3] ",0
"add r3, r3, 1 ",0
b 0x145c4 ,0
"mov r0, r0 ",0
"mov r0, r0 ",0
"mov r2, 0 ",0
"strb r2, [r1, 0x15] ",0
b 0x148f0 ,0
"mov r0, r0 ",0
"mov r0, r0 ",0
"ldr r0, [0x000149e8] ",0
"ldrsb r0, [sb, r0] ",0
"cmp r0, 0x38 ",0
"movne r0, 1 ",0
"moveq r0, 0 ",0
"cmp r0, 0 ",0
bne 0x14748 ,0
"mov r0, r0 ",0
"ldr r8, [0x000149a4] ",0
"ldrsh r0, [r8] ",0
"ldrb r1, [sb, 0x5db] ",0
"ldr r2, [0x000149c0] ",0
"add r1, r1, r2 ",0
"mov r2, 0x2c ",0
"mul r1, r1, r2 ",0
"ldr r2, [0x000149b4] ",0
"add r2, r2, r1 ",0
"strh r0, [sb, r2] ",0
"mov r1, lr ",0
bl 0x14664 ,0
"andeq r3, r0, sp, lsr 6 ",1
"mov r0, lr ",0
"mov lr, r1 ",0
"ldrb r1, [sb, 0x5db] ",0
"ldr r2, [0x000149c0] ",0
"add r1, r1, r2 ",0
"mov r2, 0x2c ",0
"mul r1, r1, r2 ",0
"add r1, sb, r1 ",0
"ldr r2, [0x000149ac] ",0
"add r1, r1, r2 ",0
"mov r3, 0 ",0
"mov r0, r0 ",0
"mov r2, 3 ",0
"cmp r3, r2 ",0
"movhs r2, 1 ",0
"movlo r2, 0 ",0
"cmp r2, 0 ",0
bne 0x146c4 ,0
"mov r0, r0 ",0
"ldrb r2, [r0, r3] ",0
"strb r2, [r1, r3] ",0
"add r3, r3, 1 ",0
b 0x14690 ,0
"mov r0, r0 ",0
"mov r0, r0 ",0
"ldrb r0, [sb, 0x5dc] ",0
"add r0, r0, 1 ",0
"strb r0, [sb, 0x5dc] ",0
"ldr r1, [0x000149fc] ",0
"add r0, sb, r1 ",0
"ldrb r1, [sb, 0x5dc] ",0
"ldr r2, [0x000149c0] ",0
"add r1, r1, r2 ",0
"mov r2, 0x2c ",0
"mul r1, r1, r2 ",0
"add r1, sb, r1 ",0
"ldr r2, [0x000149a8] ",0
"add r1, r1, r2 ",0
"mov r3, 0 ",0
"mov r0, r0 ",0
"mov r2, 0x15 ",0
"cmp r3, r2 ",0
"movhs r2, 1 ",0
"movlo r2, 0 ",0
"cmp r2, 0 ",0
bne 0x14734 ,0
"mov r0, r0 ",0
"ldrb r2, [r0, r3] ",0
"strb r2, [r1, r3] ",0
"add r3, r3, 1 ",0
b 0x14700 ,0
"mov r0, r0 ",0
"mov r0, r0 ",0
"mov r2, 0 ",0
"strb r2, [r1, 0x15] ",0
b 0x148f0 ,0
"mov r0, r0 ",0
"mov r0, r0 ",0
"ldr r0, [0x000149e8] ",0
"ldrsb r0, [sb, r0] ",0
"cmp r0, 0x39 ",0
"movne r0, 1 ",0
"moveq r0, 0 ",0
"cmp r0, 0 ",0
bne 0x148ec ,0
"mov r0, r0 ",0
"mov r1, lr ",0
bl 0x14778 ,0
"subeq r4, r1, r8, asr 6 ",1
"mov r0, lr ",0
"mov lr, r1 ",0
"ldrb r1, [sb, 0x5db] ",0
"ldr r2, [0x000149c0] ",0
"add r1, r1, r2 ",0
"mov r2, 0x2c ",0
"mul r1, r1, r2 ",0
"add r1, sb, r1 ",0
"ldr r2, [0x000149bc] ",0
"add r1, r1, r2 ",0
"mov r3, 0 ",0
"mov r0, r0 ",0
"mov r2, 4 ",0
"cmp r3, r2 ",0
"movhs r2, 1 ",0
"movlo r2, 0 ",0
"cmp r2, 0 ",0
bne 0x147d8 ,0
"mov r0, r0 ",0
"ldrb r2, [r0, r3] ",0
"strb r2, [r1, r3] ",0
"add r3, r3, 1 ",0
b 0x147a4 ,0
"mov r0, r0 ",0
"mov r0, r0 ",0
"ldr r8, [0x000149a0] ",0
"ldrsh r0, [r8] ",0
"ldrb r1, [sb, 0x5db] ",0
"ldr r2, [0x000149c0] ",0
"add r1, r1, r2 ",0
"mov r2, 0x2c ",0
"mul r1, r1, r2 ",0
"ldr r2, [0x000149b4] ",0
"add r2, r2, r1 ",0
"strh r0, [sb, r2] ",0
"mov r1, lr ",0
bl 0x14810 ,0
"andeq r0, r0, r0 ",0
"mov r0, lr ",0
"mov lr, r1 ",0
"ldrb r1, [sb, 0x5db] ",0
"ldr r2, [0x000149c0] ",0
"add r1, r1, r2 ",0
"mov r2, 0x2c ",0
"mul r1, r1, r2 ",0
"add r1, sb, r1 ",0
"ldr r2, [0x000149ac] ",0
"add r1, r1, r2 ",0
"mov r3, 0 ",0
"mov r0, r0 ",0
"mov r2, 1 ",0
"cmp r3, r2 ",0
"movhs r2, 1 ",0
"movlo r2, 0 ",0
"cmp r2, 0 ",0
bne 0x14870 ,0
"mov r0, r0 ",0
"ldrb r2, [r0, r3] ",0
"strb r2, [r1, r3] ",0
"add r3, r3, 1 ",0
b 0x1483c ,0
"mov r0, r0 ",0
"mov r0, r0 ",0
"ldrb r0, [sb, 0x5dc] ",0
"add r0, r0, 1 ",0
"strb r0, [sb, 0x5dc] ",0
"ldr r1, [0x000149fc] ",0
"add r0, sb, r1 ",0
"ldrb r1, [sb, 0x5dc] ",0
"ldr r2, [0x000149c0] ",0
"add r1, r1, r2 ",0
"mov r2, 0x2c ",0
"mul r1, r1, r2 ",0
"add r1, sb, r1 ",0
"ldr r2, [0x000149a8] ",0
"add r1, r1, r2 ",0
"mov r3, 0 ",0
"mov r0, r0 ",0
"mov r2, 0x15 ",0
"cmp r3, r2 ",0
"movhs r2, 1 ",0
"movlo r2, 0 ",0
"cmp r2, 0 ",0
bne 0x148e0 ,0
"mov r0, r0 ",0
"ldrb r2, [r0, r3] ",0
"strb r2, [r1, r3] ",0
"add r3, r3, 1 ",0
b 0x148ac ,0
"mov r0, r0 ",0
"mov r0, r0 ",0
"mov r2, 0 ",0
"strb r2, [r1, 0x15] ",0
"mov r0, r0 ",0
"mov r0, r0 ",0
"ldrb r0, [sb, 0x5db] ",0
"cmp r0, 2 ",0
"movne r0, 1 ",0
"moveq r0, 0 ",0
"cmp r0, 0 ",0
bne 0x12d40 ,0
"mov r0, r0 ",0
"mov r0, r0 ",0
"mov r0, r0 ",0
"mov r0, r0 ",0
"ldrb r0, [sb, 0x5dc] ",0
"cmp r0, 0 ",0
"movhi r0, 1 ",0
"movls r0, 0 ",0
"ldrb r1, [sb, 0x48a] ",0
"cmp r1, 0x30 ",0
"moveq r1, 1 ",0
"movne r1, 0 ",0
"orr r0, r0, r1 ",0
"eor r0, r0, 1 ",0
"cmp r0, 0 ",0
bne 0x98f4 ,0
"mov r0, r0 ",0
"mov r0, r0 ",0
b 0x14968 ,0
"mov r0, r0 ",0
"mov r0, r0 ",0
"mov r0, 1 ",0
"strb r0, [sb, 0x951] ",0
"mov r0, r0 ",0
"ldrb r0, [sb, 0x5dc] ",0
"cmp r0, 0 ",0
"movne r0, 1 ",0
"moveq r0, 0 ",0
"cmp r0, 0 ",0
bne 0x14990 ,0
"mov r0, r0 ",0
"mov r0, 1 ",0
"strb r0, [sb, 0x951] ",0
"mov r0, r0 ",0
"mov r0, r0 ",0
"mov r0, r0 ",0
"ldmdb fp, {fp, sp, pc} ",0
"andeq r3, r0, lr, asr r1 ",1
"andeq r3, r0, r8, asr r1 ",1
"andeq r0, r0, r0, ror 11 ",1
"strdeq r0, r1, [r0], -r6 ",1
"andeq r0, r0, r4, asr 9 ",1
"andeq r0, r0, sl, lsl 12 ",1
"andeq r0, r0, r5, lsr 8 ",1
"strdeq r0, r1, [r0], -sl ",1
invalid ,1
"muleq r0, r5, r3 ",1
"strheq r0, [r0], -r8 ",1
"muleq r0, ip, r2 ",1
"strheq r0, [r0], -r0 ",1
"strheq r0, [r0], -r4 ",1
"strheq r0, [r0], -r0 ",1
"andeq r0, r0, r0, lsl 2 ",1
"andeq r0, r1, r0 ",1
invalid ,1
"andeq r0, r0, ip, lsl 9 ",1
"strheq r0, [r0], -ip ",1
"andeq r0, r0, r8, asr 9 ",1
"strheq r0, [r0], -r0 ",1
"andeq r0, r0, sl, ror r4 ",1
"andeq r0, r0, r1, ror 8 ",1
"andeq r0, r0, r0, lsl 5 ",1
"mov ip, sp ",0
"push {fp, ip, lr} ",0
"mov fp, ip ",0
"ldr r1, [0x00015a08] ",0
"ldr r1, [r1] ",0
"str r1, [sp, -4]! ",0
"str r0, [sp, -4]! ",0
"mov r2, lr ",0
bl 0x14a2c ,0
"andeq r0, r0, r0, lsr r0 ",0
"mov r1, lr ",0
"mov lr, r2 ",0
"mov r2, sb ",0
"mov r4, 0 ",0
"mov r0, r0 ",0
"mov r3, 1 ",0
"cmp r4, r3 ",0
"movhs r3, 1 ",0
"movlo r3, 0 ",0
"cmp r3, 0 ",0
bne 0x14a70 ,0
"mov r0, r0 ",0
"ldrb r3, [r1, r4] ",0
"strb r3, [r2, r4] ",0
"add r4, r4, 1 ",0
b 0x14a3c ,0
"mov r0, r0 ",0
"mov r0, r0 ",0
"mov r3, 0 ",0
"strb r3, [r2, 1] ",0
"mov r2, lr ",0
bl 0x14a88 ,0
"andeq r0, r0, r1, lsr r0 ",1
"mov r1, lr ",0
"mov lr, r2 ",0
"add r2, sb, 2 ",0
"mov r4, 0 ",0
"mov r0, r0 ",0
"mov r3, 1 ",0
"cmp r4, r3 ",0
"movhs r3, 1 ",0
"movlo r3, 0 ",0
"cmp r3, 0 ",0
bne 0x14acc ,0
"mov r0, r0 ",0
"ldrb r3, [r1, r4] ",0
"strb r3, [r2, r4] ",0
"add r4, r4, 1 ",0
b 0x14a98 ,0
"mov r0, r0 ",0
"mov r0, r0 ",0
"mov r3, 0 ",0
"strb r3, [r2, 1] ",0
"mov r2, lr ",0
bl 0x14ae4 ,0
"andeq r0, r0, r2, lsr r0 ",1
"mov r1, lr ",0
"mov lr, r2 ",0
"add r2, sb, 4 ",0
"mov r4, 0 ",0
"mov r0, r0 ",0
"mov r3, 1 ",0
"cmp r4, r3 ",0
"movhs r3, 1 ",0
"movlo r3, 0 ",0
"cmp r3, 0 ",0
bne 0x14b28 ,0
"mov r0, r0 ",0
"ldrb r3, [r1, r4] ",0
"strb r3, [r2, r4] ",0
"add r4, r4, 1 ",0
b 0x14af4 ,0
"mov r0, r0 ",0
"mov r0, r0 ",0
"mov r3, 0 ",0
"strb r3, [r2, 1] ",0
"mov r2, lr ",0
bl 0x14b40 ,0
"andeq r0, r0, r3, lsr r0 ",1
"mov r1, lr ",0
"mov lr, r2 ",0
"add r2, sb, 6 ",0
"mov r4, 0 ",0
"mov r0, r0 ",0
"mov r3, 1 ",0
"cmp r4, r3 ",0
"movhs r3, 1 ",0
"movlo r3, 0 ",0
"cmp r3, 0 ",0
bne 0x14b84 ,0
"mov r0, r0 ",0
"ldrb r3, [r1, r4] ",0
"strb r3, [r2, r4] ",0
"add r4, r4, 1 ",0
b 0x14b50 ,0
"mov r0, r0 ",0
"mov r0, r0 ",0
"mov r3, 0 ",0
"strb r3, [r2, 1] ",0
"mov r2, lr ",0
bl 0x14b9c ,0
"andeq r0, r0, r4, lsr r0 ",1
"mov r1, lr ",0
"mov lr, r2 ",0
"add r2, sb, 8 ",0
"mov r4, 0 ",0
"mov r0, r0 ",0
"mov r3, 1 ",0
"cmp r4, r3 ",0
"movhs r3, 1 ",0
"movlo r3, 0 ",0
"cmp r3, 0 ",0
bne 0x14be0 ,0
"mov r0, r0 ",0
"ldrb r3, [r1, r4] ",0
"strb r3, [r2, r4] ",0
"add r4, r4, 1 ",0
b 0x14bac ,0
"mov r0, r0 ",0
"mov r0, r0 ",0
"mov r3, 0 ",0
"strb r3, [r2, 1] ",0
"mov r2, lr ",0
bl 0x14bf8 ,0
"andeq r0, r0, r5, lsr r0 ",1
"mov r1, lr ",0
"mov lr, r2 ",0
"add r2, sb, 0xa ",0
"mov r4, 0 ",0
"mov r0, r0 ",0
"mov r3, 1 ",0
"cmp r4, r3 ",0
"movhs r3, 1 ",0
"movlo r3, 0 ",0
"cmp r3, 0 ",0
bne 0x14c3c ,0
"mov r0, r0 ",0
"ldrb r3, [r1, r4] ",0
"strb r3, [r2, r4] ",0
"add r4, r4, 1 ",0
b 0x14c08 ,0
"mov r0, r0 ",0
"mov r0, r0 ",0
"mov r3, 0 ",0
"strb r3, [r2, 1] ",0
"mov r2, lr ",0
bl 0x14c54 ,0
"andeq r0, r0, r6, lsr r0 ",1
"mov r1, lr ",0
"mov lr, r2 ",0
"add r2, sb, 0xc ",0
"mov r4, 0 ",0
"mov r0, r0 ",0
"mov r3, 1 ",0
"cmp r4, r3 ",0
"movhs r3, 1 ",0
"movlo r3, 0 ",0
"cmp r3, 0 ",0
bne 0x14c98 ,0
"mov r0, r0 ",0
"ldrb r3, [r1, r4] ",0
"strb r3, [r2, r4] ",0
"add r4, r4, 1 ",0
b 0x14c64 ,0
"mov r0, r0 ",0
"mov r0, r0 ",0
"mov r3, 0 ",0
"strb r3, [r2, 1] ",0
"mov r2, lr ",0
bl 0x14cb0 ,0
"andeq r0, r0, r7, lsr r0 ",1
"mov r1, lr ",0
"mov lr, r2 ",0
"add r2, sb, 0xe ",0
"mov r4, 0 ",0
"mov r0, r0 ",0
"mov r3, 1 ",0
"cmp r4, r3 ",0
"movhs r3, 1 ",0
"movlo r3, 0 ",0
"cmp r3, 0 ",0
bne 0x14cf4 ,0
"mov r0, r0 ",0
"ldrb r3, [r1, r4] ",0
"strb r3, [r2, r4] ",0
"add r4, r4, 1 ",0
b 0x14cc0 ,0
"mov r0, r0 ",0
"mov r0, r0 ",0
"mov r3, 0 ",0
"strb r3, [r2, 1] ",0
"mov r2, lr ",0
bl 0x14d0c ,0
"andeq r0, r0, r8, lsr r0 ",1
"mov r1, lr ",0
"mov lr, r2 ",0
"add r2, sb, 0x10 ",0
"mov r4, 0 ",0
"mov r0, r0 ",0
"mov r3, 1 ",0
"cmp r4, r3 ",0
"movhs r3, 1 ",0
"movlo r3, 0 ",0
"cmp r3, 0 ",0
bne 0x14d50 ,0
"mov r0, r0 ",0
"ldrb r3, [r1, r4] ",0
"strb r3, [r2, r4] ",0
"add r4, r4, 1 ",0
b 0x14d1c ,0
"mov r0, r0 ",0
"mov r0, r0 ",0
"mov r3, 0 ",0
"strb r3, [r2, 1] ",0
"mov r2, lr ",0
bl 0x14d68 ,0
"andeq r0, r0, sb, lsr r0 ",1
"mov r1, lr ",0
"mov lr, r2 ",0
"add r2, sb, 0x12 ",0
"mov r4, 0 ",0
"mov r0, r0 ",0
"mov r3, 1 ",0
"cmp r4, r3 ",0
"movhs r3, 1 ",0
"movlo r3, 0 ",0
"cmp r3, 0 ",0
bne 0x14dac ,0
"mov r0, r0 ",0
"ldrb r3, [r1, r4] ",0
"strb r3, [r2, r4] ",0
"add r4, r4, 1 ",0
b 0x14d78 ,0
"mov r0, r0 ",0
"mov r0, r0 ",0
"mov r3, 0 ",0
"strb r3, [r2, 1] ",0
"mov r2, lr ",0
bl 0x14dc4 ,0
"andeq r0, r0, sl, lsr r0 ",1
"mov r1, lr ",0
"mov lr, r2 ",0
"add r2, sb, 0x14 ",0
"mov r4, 0 ",0
"mov r0, r0 ",0
"mov r3, 1 ",0
"cmp r4, r3 ",0
"movhs r3, 1 ",0
"movlo r3, 0 ",0
"cmp r3, 0 ",0
bne 0x14e08 ,0
"mov r0, r0 ",0
"ldrb r3, [r1, r4] ",0
"strb r3, [r2, r4] ",0
"add r4, r4, 1 ",0
b 0x14dd4 ,0
"mov r0, r0 ",0
"mov r0, r0 ",0
"mov r3, 0 ",0
"strb r3, [r2, 1] ",0
"mov r2, lr ",0
bl 0x14e20 ,0
"andeq r0, r0, fp, lsr r0 ",1
"mov r1, lr ",0
"mov lr, r2 ",0
"add r2, sb, 0x16 ",0
"mov r4, 0 ",0
"mov r0, r0 ",0
"mov r3, 1 ",0
"cmp r4, r3 ",0
"movhs r3, 1 ",0
"movlo r3, 0 ",0
"cmp r3, 0 ",0
bne 0x14e64 ,0
"mov r0, r0 ",0
"ldrb r3, [r1, r4] ",0
"strb r3, [r2, r4] ",0
"add r4, r4, 1 ",0
b 0x14e30 ,0
"mov r0, r0 ",0
"mov r0, r0 ",0
"mov r3, 0 ",0
"strb r3, [r2, 1] ",0
"mov r2, lr ",0
bl 0x14e7c ,0
"andeq r0, r0, ip, lsr r0 ",1
"mov r1, lr ",0
"mov lr, r2 ",0
"add r2, sb, 0x18 ",0
"mov r4, 0 ",0
"mov r0, r0 ",0
"mov r3, 1 ",0
"cmp r4, r3 ",0
"movhs r3, 1 ",0
"movlo r3, 0 ",0
"cmp r3, 0 ",0
bne 0x14ec0 ,0
"mov r0, r0 ",0
"ldrb r3, [r1, r4] ",0
"strb r3, [r2, r4] ",0
"add r4, r4, 1 ",0
b 0x14e8c ,0
"mov r0, r0 ",0
"mov r0, r0 ",0
"mov r3, 0 ",0
"strb r3, [r2, 1] ",0
"mov r2, lr ",0
bl 0x14ed8 ,0
"andeq r0, r0, sp, lsr r0 ",1
"mov r1, lr ",0
"mov lr, r2 ",0
"add r2, sb, 0x1a ",0
"mov r4, 0 ",0
"mov r0, r0 ",0
"mov r3, 1 ",0
"cmp r4, r3 ",0
"movhs r3, 1 ",0
"movlo r3, 0 ",0
"cmp r3, 0 ",0
bne 0x14f1c ,0
"mov r0, r0 ",0
"ldrb r3, [r1, r4] ",0
"strb r3, [r2, r4] ",0
"add r4, r4, 1 ",0
b 0x14ee8 ,0
"mov r0, r0 ",0
"mov r0, r0 ",0
"mov r3, 0 ",0
"strb r3, [r2, 1] ",0
"mov r2, lr ",0
bl 0x14f34 ,0
"andeq r0, r0, lr, lsr r0 ",1
"mov r1, lr ",0
"mov lr, r2 ",0
"add r2, sb, 0x1c ",0
"mov r4, 0 ",0
"mov r0, r0 ",0
"mov r3, 1 ",0
"cmp r4, r3 ",0
"movhs r3, 1 ",0
"movlo r3, 0 ",0
"cmp r3, 0 ",0
bne 0x14f78 ,0
"mov r0, r0 ",0
"ldrb r3, [r1, r4] ",0
"strb r3, [r2, r4] ",0
"add r4, r4, 1 ",0
b 0x14f44 ,0
"mov r0, r0 ",0
"mov r0, r0 ",0
"mov r3, 0 ",0
"strb r3, [r2, 1] ",0
"mov r2, lr ",0
bl 0x14f90 ,0
"andeq r0, r0, pc, lsr r0 ",1
"mov r1, lr ",0
"mov lr, r2 ",0
"add r2, sb, 0x1e ",0
"mov r4, 0 ",0
"mov r0, r0 ",0
"mov r3, 1 ",0
"cmp r4, r3 ",0
"movhs r3, 1 ",0
"movlo r3, 0 ",0
"cmp r3, 0 ",0
bne 0x14fd4 ,0
"mov r0, r0 ",0
"ldrb r3, [r1, r4] ",0
"strb r3, [r2, r4] ",0
"add r4, r4, 1 ",0
b 0x14fa0 ,0
"mov r0, r0 ",0
"mov r0, r0 ",0
"mov r3, 0 ",0
"strb r3, [r2, 1] ",0
"mov r2, lr ",0
bl 0x14fec ,0
"andeq r0, r0, r0, asr 32 ",0
"mov r1, lr ",0
"mov lr, r2 ",0
"add r2, sb, 0x20 ",0
"mov r4, 0 ",0
"mov r0, r0 ",0
"mov r3, 1 ",0
"cmp r4, r3 ",0
"movhs r3, 1 ",0
"movlo r3, 0 ",0
"cmp r3, 0 ",0
bne 0x15030 ,0
"mov r0, r0 ",0
"ldrb r3, [r1, r4] ",0
"strb r3, [r2, r4] ",0
"add r4, r4, 1 ",0
b 0x14ffc ,0
"mov r0, r0 ",0
"mov r0, r0 ",0
"mov r3, 0 ",0
"strb r3, [r2, 1] ",0
"mov r2, lr ",0
bl 0x15048 ,0
"andeq r0, r0, r1, asr 32 ",1
"mov r1, lr ",0
"mov lr, r2 ",0
"add r2, sb, 0x22 ",0
"mov r4, 0 ",0
"mov r0, r0 ",0
"mov r3, 1 ",0
"cmp r4, r3 ",0
"movhs r3, 1 ",0
"movlo r3, 0 ",0
"cmp r3, 0 ",0
bne 0x1508c ,0
"mov r0, r0 ",0
"ldrb r3, [r1, r4] ",0
"strb r3, [r2, r4] ",0
"add r4, r4, 1 ",0
b 0x15058 ,0
"mov r0, r0 ",0
"mov r0, r0 ",0
"mov r3, 0 ",0
"strb r3, [r2, 1] ",0
"mov r2, lr ",0
bl 0x150a4 ,0
"andeq r0, r0, r2, asr 32 ",1
"mov r1, lr ",0
"mov lr, r2 ",0
"add r2, sb, 0x24 ",0
"mov r4, 0 ",0
"mov r0, r0 ",0
"mov r3, 1 ",0
"cmp r4, r3 ",0
"movhs r3, 1 ",0
"movlo r3, 0 ",0
"cmp r3, 0 ",0
bne 0x150e8 ,0
"mov r0, r0 ",0
"ldrb r3, [r1, r4] ",0
"strb r3, [r2, r4] ",0
"add r4, r4, 1 ",0
b 0x150b4 ,0
"mov r0, r0 ",0
"mov r0, r0 ",0
"mov r3, 0 ",0
"strb r3, [r2, 1] ",0
"mov r2, lr ",0
bl 0x15100 ,0
"andeq r0, r0, r3, asr 32 ",1
"mov r1, lr ",0
"mov lr, r2 ",0
"add r2, sb, 0x26 ",0
"mov r4, 0 ",0
"mov r0, r0 ",0
"mov r3, 1 ",0
"cmp r4, r3 ",0
"movhs r3, 1 ",0
"movlo r3, 0 ",0
"cmp r3, 0 ",0
bne 0x15144 ,0
"mov r0, r0 ",0
"ldrb r3, [r1, r4] ",0
"strb r3, [r2, r4] ",0
"add r4, r4, 1 ",0
b 0x15110 ,0
"mov r0, r0 ",0
"mov r0, r0 ",0
"mov r3, 0 ",0
"strb r3, [r2, 1] ",0
"mov r2, lr ",0
bl 0x1515c ,0
"andeq r0, r0, r4, asr 32 ",1
"mov r1, lr ",0
"mov lr, r2 ",0
"add r2, sb, 0x28 ",0
"mov r4, 0 ",0
"mov r0, r0 ",0
"mov r3, 1 ",0
"cmp r4, r3 ",0
"movhs r3, 1 ",0
"movlo r3, 0 ",0
"cmp r3, 0 ",0
bne 0x151a0 ,0
"mov r0, r0 ",0
"ldrb r3, [r1, r4] ",0
"strb r3, [r2, r4] ",0
"add r4, r4, 1 ",0
b 0x1516c ,0
"mov r0, r0 ",0
"mov r0, r0 ",0
"mov r3, 0 ",0
"strb r3, [r2, 1] ",0
"mov r2, lr ",0
bl 0x151b8 ,0
"andeq r0, r0, r5, asr 32 ",1
"mov r1, lr ",0
"mov lr, r2 ",0
"add r2, sb, 0x2a ",0
"mov r4, 0 ",0
"mov r0, r0 ",0
"mov r3, 1 ",0
"cmp r4, r3 ",0
"movhs r3, 1 ",0
"movlo r3, 0 ",0
"cmp r3, 0 ",0
bne 0x151fc ,0
"mov r0, r0 ",0
"ldrb r3, [r1, r4] ",0
"strb r3, [r2, r4] ",0
"add r4, r4, 1 ",0
b 0x151c8 ,0
"mov r0, r0 ",0
"mov r0, r0 ",0
"mov r3, 0 ",0
"strb r3, [r2, 1] ",0
"mov r2, lr ",0
bl 0x15214 ,0
"andeq r0, r0, r6, asr 32 ",1
"mov r1, lr ",0
"mov lr, r2 ",0
"add r2, sb, 0x2c ",0
"mov r4, 0 ",0
"mov r0, r0 ",0
"mov r3, 1 ",0
"cmp r4, r3 ",0
"movhs r3, 1 ",0
"movlo r3, 0 ",0
"cmp r3, 0 ",0
bne 0x15258 ,0
"mov r0, r0 ",0
"ldrb r3, [r1, r4] ",0
"strb r3, [r2, r4] ",0
"add r4, r4, 1 ",0
b 0x15224 ,0
"mov r0, r0 ",0
"mov r0, r0 ",0
"mov r3, 0 ",0
"strb r3, [r2, 1] ",0
"mov r2, lr ",0
bl 0x15270 ,0
"andeq r0, r0, r7, asr 32 ",1
"mov r1, lr ",0
"mov lr, r2 ",0
"add r2, sb, 0x2e ",0
"mov r4, 0 ",0
"mov r0, r0 ",0
"mov r3, 1 ",0
"cmp r4, r3 ",0
"movhs r3, 1 ",0
"movlo r3, 0 ",0
"cmp r3, 0 ",0
bne 0x152b4 ,0
"mov r0, r0 ",0
"ldrb r3, [r1, r4] ",0
"strb r3, [r2, r4] ",0
"add r4, r4, 1 ",0
b 0x15280 ,0
"mov r0, r0 ",0
"mov r0, r0 ",0
"mov r3, 0 ",0
"strb r3, [r2, 1] ",0
"mov r2, lr ",0
bl 0x152cc ,0
"andeq r0, r0, r8, asr 32 ",1
"mov r1, lr ",0
"mov lr, r2 ",0
"add r2, sb, 0x30 ",0
"mov r4, 0 ",0
"mov r0, r0 ",0
"mov r3, 1 ",0
"cmp r4, r3 ",0
"movhs r3, 1 ",0
"movlo r3, 0 ",0
"cmp r3, 0 ",0
bne 0x15310 ,0
"mov r0, r0 ",0
"ldrb r3, [r1, r4] ",0
"strb r3, [r2, r4] ",0
"add r4, r4, 1 ",0
b 0x152dc ,0
"mov r0, r0 ",0
"mov r0, r0 ",0
"mov r3, 0 ",0
"strb r3, [r2, 1] ",0
"mov r2, lr ",0
bl 0x15328 ,0
"andeq r0, r0, sb, asr 32 ",1
"mov r1, lr ",0
"mov lr, r2 ",0
"add r2, sb, 0x32 ",0
"mov r4, 0 ",0
"mov r0, r0 ",0
"mov r3, 1 ",0
"cmp r4, r3 ",0
"movhs r3, 1 ",0
"movlo r3, 0 ",0
"cmp r3, 0 ",0
bne 0x1536c ,0
"mov r0, r0 ",0
"ldrb r3, [r1, r4] ",0
"strb r3, [r2, r4] ",0
"add r4, r4, 1 ",0
b 0x15338 ,0
"mov r0, r0 ",0
"mov r0, r0 ",0
"mov r3, 0 ",0
"strb r3, [r2, 1] ",0
"mov r2, lr ",0
bl 0x15384 ,0
"andeq r0, r0, sl, asr 32 ",1
"mov r1, lr ",0
"mov lr, r2 ",0
"add r2, sb, 0x34 ",0
"mov r4, 0 ",0
"mov r0, r0 ",0
"mov r3, 1 ",0
"cmp r4, r3 ",0
"movhs r3, 1 ",0
"movlo r3, 0 ",0
"cmp r3, 0 ",0
bne 0x153c8 ,0
"mov r0, r0 ",0
"ldrb r3, [r1, r4] ",0
"strb r3, [r2, r4] ",0
"add r4, r4, 1 ",0
b 0x15394 ,0
"mov r0, r0 ",0
"mov r0, r0 ",0
"mov r3, 0 ",0
"strb r3, [r2, 1] ",0
"mov r2, lr ",0
bl 0x153e0 ,0
"andeq r0, r0, fp, asr 32 ",1
"mov r1, lr ",0
"mov lr, r2 ",0
"add r2, sb, 0x36 ",0
"mov r4, 0 ",0
"mov r0, r0 ",0
"mov r3, 1 ",0
"cmp r4, r3 ",0
"movhs r3, 1 ",0
"movlo r3, 0 ",0
"cmp r3, 0 ",0
bne 0x15424 ,0
"mov r0, r0 ",0
"ldrb r3, [r1, r4] ",0
"strb r3, [r2, r4] ",0
"add r4, r4, 1 ",0
b 0x153f0 ,0
"mov r0, r0 ",0
"mov r0, r0 ",0
"mov r3, 0 ",0
"strb r3, [r2, 1] ",0
"mov r2, lr ",0
bl 0x1543c ,0
"andeq r0, r0, ip, asr 32 ",1
"mov r1, lr ",0
"mov lr, r2 ",0
"add r2, sb, 0x38 ",0
"mov r4, 0 ",0
"mov r0, r0 ",0
"mov r3, 1 ",0
"cmp r4, r3 ",0
"movhs r3, 1 ",0
"movlo r3, 0 ",0
"cmp r3, 0 ",0
bne 0x15480 ,0
"mov r0, r0 ",0
"ldrb r3, [r1, r4] ",0
"strb r3, [r2, r4] ",0
"add r4, r4, 1 ",0
b 0x1544c ,0
"mov r0, r0 ",0
"mov r0, r0 ",0
"mov r3, 0 ",0
"strb r3, [r2, 1] ",0
"mov r2, lr ",0
bl 0x15498 ,0
"andeq r0, r0, sp, asr 32 ",1
"mov r1, lr ",0
"mov lr, r2 ",0
"add r2, sb, 0x3a ",0
"mov r4, 0 ",0
"mov r0, r0 ",0
"mov r3, 1 ",0
"cmp r4, r3 ",0
"movhs r3, 1 ",0
"movlo r3, 0 ",0
"cmp r3, 0 ",0
bne 0x154dc ,0
"mov r0, r0 ",0
"ldrb r3, [r1, r4] ",0
"strb r3, [r2, r4] ",0
"add r4, r4, 1 ",0
b 0x154a8 ,0
"mov r0, r0 ",0
"mov r0, r0 ",0
"mov r3, 0 ",0
"strb r3, [r2, 1] ",0
"mov r2, lr ",0
bl 0x154f4 ,0
"andeq r0, r0, lr, asr 32 ",1
"mov r1, lr ",0
"mov lr, r2 ",0
"add r2, sb, 0x3c ",0
"mov r4, 0 ",0
"mov r0, r0 ",0
"mov r3, 1 ",0
"cmp r4, r3 ",0
"movhs r3, 1 ",0
"movlo r3, 0 ",0
"cmp r3, 0 ",0
bne 0x15538 ,0
"mov r0, r0 ",0
"ldrb r3, [r1, r4] ",0
"strb r3, [r2, r4] ",0
"add r4, r4, 1 ",0
b 0x15504 ,0
"mov r0, r0 ",0
"mov r0, r0 ",0
"mov r3, 0 ",0
"strb r3, [r2, 1] ",0
"mov r2, lr ",0
bl 0x15550 ,0
"andeq r0, r0, pc, asr 32 ",1
"mov r1, lr ",0
"mov lr, r2 ",0
"add r2, sb, 0x3e ",0
"mov r4, 0 ",0
"mov r0, r0 ",0
"mov r3, 1 ",0
"cmp r4, r3 ",0
"movhs r3, 1 ",0
"movlo r3, 0 ",0
"cmp r3, 0 ",0
bne 0x15594 ,0
"mov r0, r0 ",0
"ldrb r3, [r1, r4] ",0
"strb r3, [r2, r4] ",0
"add r4, r4, 1 ",0
b 0x15560 ,0
"mov r0, r0 ",0
"mov r0, r0 ",0
"mov r3, 0 ",0
"strb r3, [r2, 1] ",0
"mov r2, lr ",0
bl 0x155ac ,0
"andeq r0, r0, r0, asr r0 ",0
"mov r1, lr ",0
"mov lr, r2 ",0
"add r2, sb, 0x40 ",0
"mov r4, 0 ",0
"mov r0, r0 ",0
"mov r3, 1 ",0
"cmp r4, r3 ",0
"movhs r3, 1 ",0
"movlo r3, 0 ",0
"cmp r3, 0 ",0
bne 0x155f0 ,0
"mov r0, r0 ",0
"ldrb r3, [r1, r4] ",0
"strb r3, [r2, r4] ",0
"add r4, r4, 1 ",0
b 0x155bc ,0
"mov r0, r0 ",0
"mov r0, r0 ",0
"mov r3, 0 ",0
"strb r3, [r2, 1] ",0
"mov r2, lr ",0
bl 0x15608 ,0
"andeq r0, r0, r1, asr r0 ",1
"mov r1, lr ",0
"mov lr, r2 ",0
"add r2, sb, 0x42 ",0
"mov r4, 0 ",0
"mov r0, r0 ",0
"mov r3, 1 ",0
"cmp r4, r3 ",0
"movhs r3, 1 ",0
"movlo r3, 0 ",0
"cmp r3, 0 ",0
bne 0x1564c ,0
"mov r0, r0 ",0
"ldrb r3, [r1, r4] ",0
"strb r3, [r2, r4] ",0
"add r4, r4, 1 ",0
b 0x15618 ,0
"mov r0, r0 ",0
"mov r0, r0 ",0
"mov r3, 0 ",0
"strb r3, [r2, 1] ",0
"mov r2, lr ",0
bl 0x15664 ,0
"andeq r0, r0, r2, asr r0 ",1
"mov r1, lr ",0
"mov lr, r2 ",0
"add r2, sb, 0x44 ",0
"mov r4, 0 ",0
"mov r0, r0 ",0
"mov r3, 1 ",0
"cmp r4, r3 ",0
"movhs r3, 1 ",0
"movlo r3, 0 ",0
"cmp r3, 0 ",0
bne 0x156a8 ,0
"mov r0, r0 ",0
"ldrb r3, [r1, r4] ",0
"strb r3, [r2, r4] ",0
"add r4, r4, 1 ",0
b 0x15674 ,0
"mov r0, r0 ",0
"mov r0, r0 ",0
"mov r3, 0 ",0
"strb r3, [r2, 1] ",0
"mov r2, lr ",0
bl 0x156c0 ,0
"andeq r0, r0, r3, asr r0 ",1
"mov r1, lr ",0
"mov lr, r2 ",0
"add r2, sb, 0x46 ",0
"mov r4, 0 ",0
"mov r0, r0 ",0
"mov r3, 1 ",0
"cmp r4, r3 ",0
"movhs r3, 1 ",0
"movlo r3, 0 ",0
"cmp r3, 0 ",0
bne 0x15704 ,0
"mov r0, r0 ",0
"ldrb r3, [r1, r4] ",0
"strb r3, [r2, r4] ",0
"add r4, r4, 1 ",0
b 0x156d0 ,0
"mov r0, r0 ",0
"mov r0, r0 ",0
"mov r3, 0 ",0
"strb r3, [r2, 1] ",0
"mov r2, lr ",0
bl 0x1571c ,0
"andeq r0, r0, r4, asr r0 ",1
"mov r1, lr ",0
"mov lr, r2 ",0
"add r2, sb, 0x48 ",0
"mov r4, 0 ",0
"mov r0, r0 ",0
"mov r3, 1 ",0
"cmp r4, r3 ",0
"movhs r3, 1 ",0
"movlo r3, 0 ",0
"cmp r3, 0 ",0
bne 0x15760 ,0
"mov r0, r0 ",0
"ldrb r3, [r1, r4] ",0
"strb r3, [r2, r4] ",0
"add r4, r4, 1 ",0
b 0x1572c ,0
"mov r0, r0 ",0
"mov r0, r0 ",0
"mov r3, 0 ",0
"strb r3, [r2, 1] ",0
"mov r2, lr ",0
bl 0x15778 ,0
"andeq r0, r0, r5, asr r0 ",1
"mov r1, lr ",0
"mov lr, r2 ",0
"add r2, sb, 0x4a ",0
"mov r4, 0 ",0
"mov r0, r0 ",0
"mov r3, 1 ",0
"cmp r4, r3 ",0
"movhs r3, 1 ",0
"movlo r3, 0 ",0
"cmp r3, 0 ",0
bne 0x157bc ,0
"mov r0, r0 ",0
"ldrb r3, [r1, r4] ",0
"strb r3, [r2, r4] ",0
"add r4, r4, 1 ",0
b 0x15788 ,0
"mov r0, r0 ",0
"mov r0, r0 ",0
"mov r3, 0 ",0
"strb r3, [r2, 1] ",0
"mov r2, lr ",0
bl 0x157d4 ,0
"andeq r0, r0, r6, asr r0 ",1
"mov r1, lr ",0
"mov lr, r2 ",0
"add r2, sb, 0x4c ",0
"mov r4, 0 ",0
"mov r0, r0 ",0
"mov r3, 1 ",0
"cmp r4, r3 ",0
"movhs r3, 1 ",0
"movlo r3, 0 ",0
"cmp r3, 0 ",0
bne 0x15818 ,0
"mov r0, r0 ",0
"ldrb r3, [r1, r4] ",0
"strb r3, [r2, r4] ",0
"add r4, r4, 1 ",0
b 0x157e4 ,0
"mov r0, r0 ",0
"mov r0, r0 ",0
"mov r3, 0 ",0
"strb r3, [r2, 1] ",0
"mov r2, lr ",0
bl 0x15830 ,0
"andeq r0, r0, r7, asr r0 ",1
"mov r1, lr ",0
"mov lr, r2 ",0
"add r2, sb, 0x4e ",0
"mov r4, 0 ",0
"mov r0, r0 ",0
"mov r3, 1 ",0
"cmp r4, r3 ",0
"movhs r3, 1 ",0
"movlo r3, 0 ",0
"cmp r3, 0 ",0
bne 0x15874 ,0
"mov r0, r0 ",0
"ldrb r3, [r1, r4] ",0
"strb r3, [r2, r4] ",0
"add r4, r4, 1 ",0
b 0x15840 ,0
"mov r0, r0 ",0
"mov r0, r0 ",0
"mov r3, 0 ",0
"strb r3, [r2, 1] ",0
"mov r2, lr ",0
bl 0x1588c ,0
"andeq r0, r0, r8, asr r0 ",1
"mov r1, lr ",0
"mov lr, r2 ",0
"add r2, sb, 0x50 ",0
"mov r4, 0 ",0
"mov r0, r0 ",0
"mov r3, 1 ",0
"cmp r4, r3 ",0
"movhs r3, 1 ",0
"movlo r3, 0 ",0
"cmp r3, 0 ",0
bne 0x158d0 ,0
"mov r0, r0 ",0
"ldrb r3, [r1, r4] ",0
"strb r3, [r2, r4] ",0
"add r4, r4, 1 ",0
b 0x1589c ,0
"mov r0, r0 ",0
"mov r0, r0 ",0
"mov r3, 0 ",0
"strb r3, [r2, 1] ",0
"mov r2, lr ",0
bl 0x158e8 ,0
"andeq r0, r0, sb, asr r0 ",1
"mov r1, lr ",0
"mov lr, r2 ",0
"add r2, sb, 0x52 ",0
"mov r4, 0 ",0
"mov r0, r0 ",0
"mov r3, 1 ",0
"cmp r4, r3 ",0
"movhs r3, 1 ",0
"movlo r3, 0 ",0
"cmp r3, 0 ",0
bne 0x1592c ,0
"mov r0, r0 ",0
"ldrb r3, [r1, r4] ",0
"strb r3, [r2, r4] ",0
"add r4, r4, 1 ",0
b 0x158f8 ,0
"mov r0, r0 ",0
"mov r0, r0 ",0
"mov r3, 0 ",0
"strb r3, [r2, 1] ",0
"mov r2, lr ",0
bl 0x15944 ,0
"andeq r0, r0, sl, asr r0 ",1
"mov r1, lr ",0
"mov lr, r2 ",0
"add r2, sb, 0x54 ",0
"mov r4, 0 ",0
"mov r0, r0 ",0
"mov r3, 1 ",0
"cmp r4, r3 ",0
"movhs r3, 1 ",0
"movlo r3, 0 ",0
"cmp r3, 0 ",0
bne 0x15988 ,0
"mov r0, r0 ",0
"ldrb r3, [r1, r4] ",0
"strb r3, [r2, r4] ",0
"add r4, r4, 1 ",0
b 0x15954 ,0
"mov r0, r0 ",0
"mov r0, r0 ",0
"mov r3, 0 ",0
"strb r3, [r2, 1] ",0
"mov r2, lr ",0
bl 0x159a0 ,0
"andeq r0, r0, fp, asr r0 ",1
"mov r1, lr ",0
"mov lr, r2 ",0
"add r2, sb, 0x56 ",0
"mov r4, 0 ",0
"mov r0, r0 ",0
"mov r3, 1 ",0
"cmp r4, r3 ",0
"movhs r3, 1 ",0
"movlo r3, 0 ",0
"cmp r3, 0 ",0
bne 0x159e4 ,0
"mov r0, r0 ",0
"ldrb r3, [r1, r4] ",0
"strb r3, [r2, r4] ",0
"add r4, r4, 1 ",0
b 0x159b0 ,0
"mov r0, r0 ",0
"mov r0, r0 ",0
"mov r3, 0 ",0
"strb r3, [r2, 1] ",0
"mov r2, lr ",0
b 0x15a0c ,0
"mov r0, r0 ",1
"stclgt p13, c12, [sp, 0x334] ",1
"stclgt p13, c12, [sp, 0x334] ",1
"andeq r0, r0, r0 ",1
"andeq r6, r0, r8, ror sb ",1
bl 0x15a14 ,1
"andeq r0, r0, ip, asr r0 ",1
"mov r1, lr ",0
"mov lr, r2 ",0
"add r2, sb, 0x58 ",0
"mov r4, 0 ",0
"mov r0, r0 ",0
"mov r3, 1 ",0
"cmp r4, r3 ",0
"movhs r3, 1 ",0
"movlo r3, 0 ",0
"cmp r3, 0 ",0
bne 0x15a58 ,0
"mov r0, r0 ",0
"ldrb r3, [r1, r4] ",0
"strb r3, [r2, r4] ",0
"add r4, r4, 1 ",0
b 0x15a24 ,0
"mov r0, r0 ",0
"mov r0, r0 ",0
"mov r3, 0 ",0
"strb r3, [r2, 1] ",0
"mov r2, lr ",0
bl 0x15a70 ,0
"andeq r0, r0, sp, asr r0 ",1
"mov r1, lr ",0
"mov lr, r2 ",0
"add r2, sb, 0x5a ",0
"mov r4, 0 ",0
"mov r0, r0 ",0
"mov r3, 1 ",0
"cmp r4, r3 ",0
"movhs r3, 1 ",0
"movlo r3, 0 ",0
"cmp r3, 0 ",0
bne 0x15ab4 ,0
"mov r0, r0 ",0
"ldrb r3, [r1, r4] ",0
"strb r3, [r2, r4] ",0
"add r4, r4, 1 ",0
b 0x15a80 ,0
"mov r0, r0 ",0
"mov r0, r0 ",0
"mov r3, 0 ",0
"strb r3, [r2, 1] ",0
"mov r2, lr ",0
bl 0x15acc ,0
"andeq r0, r0, lr, asr r0 ",1
"mov r1, lr ",0
"mov lr, r2 ",0
"add r2, sb, 0x5c ",0
"mov r4, 0 ",0
"mov r0, r0 ",0
"mov r3, 1 ",0
"cmp r4, r3 ",0
"movhs r3, 1 ",0
"movlo r3, 0 ",0
"cmp r3, 0 ",0
bne 0x15b10 ,0
"mov r0, r0 ",0
"ldrb r3, [r1, r4] ",0
"strb r3, [r2, r4] ",0
"add r4, r4, 1 ",0
b 0x15adc ,0
"mov r0, r0 ",0
"mov r0, r0 ",0
"mov r3, 0 ",0
"strb r3, [r2, 1] ",0
"mov r2, lr ",0
bl 0x15b28 ,0
"andeq r0, r0, pc, asr r0 ",1
"mov r1, lr ",0
"mov lr, r2 ",0
"add r2, sb, 0x5e ",0
"mov r4, 0 ",0
"mov r0, r0 ",0
"mov r3, 1 ",0
"cmp r4, r3 ",0
"movhs r3, 1 ",0
"movlo r3, 0 ",0
"cmp r3, 0 ",0
bne 0x15b6c ,0
"mov r0, r0 ",0
"ldrb r3, [r1, r4] ",0
"strb r3, [r2, r4] ",0
"add r4, r4, 1 ",0
b 0x15b38 ,0
"mov r0, r0 ",0
"mov r0, r0 ",0
"mov r3, 0 ",0
"strb r3, [r2, 1] ",0
"mov r2, lr ",0
bl 0x15b84 ,0
"andeq r0, r0, r0, lsr r0 ",0
"mov r1, lr ",0
"mov lr, r2 ",0
"add r2, sb, 0x60 ",0
"mov r4, 0 ",0
"mov r0, r0 ",0
"mov r3, 1 ",0
"cmp r4, r3 ",0
"movhs r3, 1 ",0
"movlo r3, 0 ",0
"cmp r3, 0 ",0
bne 0x15bc8 ,0
"mov r0, r0 ",0
"ldrb r3, [r1, r4] ",0
"strb r3, [r2, r4] ",0
"add r4, r4, 1 ",0
b 0x15b94 ,0
"mov r0, r0 ",0
"mov r0, r0 ",0
"mov r3, 0 ",0
"strb r3, [r2, 1] ",0
"mov r2, lr ",0
bl 0x15be0 ,0
"andeq r0, r0, r1, lsr r0 ",1
"mov r1, lr ",0
"mov lr, r2 ",0
"add r2, sb, 0x62 ",0
"mov r4, 0 ",0
"mov r0, r0 ",0
"mov r3, 1 ",0
"cmp r4, r3 ",0
"movhs r3, 1 ",0
"movlo r3, 0 ",0
"cmp r3, 0 ",0
bne 0x15c24 ,0
"mov r0, r0 ",0
"ldrb r3, [r1, r4] ",0
"strb r3, [r2, r4] ",0
"add r4, r4, 1 ",0
b 0x15bf0 ,0
"mov r0, r0 ",0
"mov r0, r0 ",0
"mov r3, 0 ",0
"strb r3, [r2, 1] ",0
"mov r2, lr ",0
bl 0x15c3c ,0
"andeq r0, r0, r2, lsr r0 ",1
"mov r1, lr ",0
"mov lr, r2 ",0
"add r2, sb, 0x64 ",0
"mov r4, 0 ",0
"mov r0, r0 ",0
"mov r3, 1 ",0
"cmp r4, r3 ",0
"movhs r3, 1 ",0
"movlo r3, 0 ",0
"cmp r3, 0 ",0
bne 0x15c80 ,0
"mov r0, r0 ",0
"ldrb r3, [r1, r4] ",0
"strb r3, [r2, r4] ",0
"add r4, r4, 1 ",0
b 0x15c4c ,0
"mov r0, r0 ",0
"mov r0, r0 ",0
"mov r3, 0 ",0
"strb r3, [r2, 1] ",0
"mov r2, lr ",0
bl 0x15c98 ,0
"andeq r0, r0, r3, lsr r0 ",1
"mov r1, lr ",0
"mov lr, r2 ",0
"add r2, sb, 0x66 ",0
"mov r4, 0 ",0
"mov r0, r0 ",0
"mov r3, 1 ",0
"cmp r4, r3 ",0
"movhs r3, 1 ",0
"movlo r3, 0 ",0
"cmp r3, 0 ",0
bne 0x15cdc ,0
"mov r0, r0 ",0
"ldrb r3, [r1, r4] ",0
"strb r3, [r2, r4] ",0
"add r4, r4, 1 ",0
b 0x15ca8 ,0
"mov r0, r0 ",0
"mov r0, r0 ",0
"mov r3, 0 ",0
"strb r3, [r2, 1] ",0
"mov r2, lr ",0
bl 0x15cf4 ,0
"andeq r0, r0, r4, lsr r0 ",1
"mov r1, lr ",0
"mov lr, r2 ",0
"add r2, sb, 0x68 ",0
"mov r4, 0 ",0
"mov r0, r0 ",0
"mov r3, 1 ",0
"cmp r4, r3 ",0
"movhs r3, 1 ",0
"movlo r3, 0 ",0
"cmp r3, 0 ",0
bne 0x15d38 ,0
"mov r0, r0 ",0
"ldrb r3, [r1, r4] ",0
"strb r3, [r2, r4] ",0
"add r4, r4, 1 ",0
b 0x15d04 ,0
"mov r0, r0 ",0
"mov r0, r0 ",0
"mov r3, 0 ",0
"strb r3, [r2, 1] ",0
"mov r2, lr ",0
bl 0x15d50 ,0
"andeq r0, r0, r5, lsr r0 ",1
"mov r1, lr ",0
"mov lr, r2 ",0
"add r2, sb, 0x6a ",0
"mov r4, 0 ",0
"mov r0, r0 ",0
"mov r3, 1 ",0
"cmp r4, r3 ",0
"movhs r3, 1 ",0
"movlo r3, 0 ",0
"cmp r3, 0 ",0
bne 0x15d94 ,0
"mov r0, r0 ",0
"ldrb r3, [r1, r4] ",0
"strb r3, [r2, r4] ",0
"add r4, r4, 1 ",0
b 0x15d60 ,0
"mov r0, r0 ",0
"mov r0, r0 ",0
"mov r3, 0 ",0
"strb r3, [r2, 1] ",0
"mov r2, lr ",0
bl 0x15dac ,0
"andeq r0, r0, r6, lsr r0 ",1
"mov r1, lr ",0
"mov lr, r2 ",0
"add r2, sb, 0x6c ",0
"mov r4, 0 ",0
"mov r0, r0 ",0
"mov r3, 1 ",0
"cmp r4, r3 ",0
"movhs r3, 1 ",0
"movlo r3, 0 ",0
"cmp r3, 0 ",0
bne 0x15df0 ,0
"mov r0, r0 ",0
"ldrb r3, [r1, r4] ",0
"strb r3, [r2, r4] ",0
"add r4, r4, 1 ",0
b 0x15dbc ,0
"mov r0, r0 ",0
"mov r0, r0 ",0
"mov r3, 0 ",0
"strb r3, [r2, 1] ",0
"mov r2, lr ",0
bl 0x15e08 ,0
"andeq r0, r0, r7, lsr r0 ",1
"mov r1, lr ",0
"mov lr, r2 ",0
"add r2, sb, 0x6e ",0
"mov r4, 0 ",0
"mov r0, r0 ",0
"mov r3, 1 ",0
"cmp r4, r3 ",0
"movhs r3, 1 ",0
"movlo r3, 0 ",0
"cmp r3, 0 ",0
bne 0x15e4c ,0
"mov r0, r0 ",0
"ldrb r3, [r1, r4] ",0
"strb r3, [r2, r4] ",0
"add r4, r4, 1 ",0
b 0x15e18 ,0
"mov r0, r0 ",0
"mov r0, r0 ",0
"mov r3, 0 ",0
"strb r3, [r2, 1] ",0
"mov r2, lr ",0
bl 0x15e64 ,0
"andeq r0, r0, r8, lsr r0 ",1
"mov r1, lr ",0
"mov lr, r2 ",0
"add r2, sb, 0x70 ",0
"mov r4, 0 ",0
"mov r0, r0 ",0
"mov r3, 1 ",0
"cmp r4, r3 ",0
"movhs r3, 1 ",0
"movlo r3, 0 ",0
"cmp r3, 0 ",0
bne 0x15ea8 ,0
"mov r0, r0 ",0
"ldrb r3, [r1, r4] ",0
"strb r3, [r2, r4] ",0
"add r4, r4, 1 ",0
b 0x15e74 ,0
"mov r0, r0 ",0
"mov r0, r0 ",0
"mov r3, 0 ",0
"strb r3, [r2, 1] ",0
"mov r2, lr ",0
bl 0x15ec0 ,0
"andeq r0, r0, sb, lsr r0 ",1
"mov r1, lr ",0
"mov lr, r2 ",0
"add r2, sb, 0x72 ",0
"mov r4, 0 ",0
"mov r0, r0 ",0
"mov r3, 1 ",0
"cmp r4, r3 ",0
"movhs r3, 1 ",0
"movlo r3, 0 ",0
"cmp r3, 0 ",0
bne 0x15f04 ,0
"mov r0, r0 ",0
"ldrb r3, [r1, r4] ",0
"strb r3, [r2, r4] ",0
"add r4, r4, 1 ",0
b 0x15ed0 ,0
"mov r0, r0 ",0
"mov r0, r0 ",0
"mov r3, 0 ",0
"strb r3, [r2, 1] ",0
"mov r2, lr ",0
bl 0x15f1c ,0
"andeq r0, r0, r1, asr 32 ",1
"mov r1, lr ",0
"mov lr, r2 ",0
"add r2, sb, 0x74 ",0
"mov r4, 0 ",0
"mov r0, r0 ",0
"mov r3, 1 ",0
"cmp r4, r3 ",0
"movhs r3, 1 ",0
"movlo r3, 0 ",0
"cmp r3, 0 ",0
bne 0x15f60 ,0
"mov r0, r0 ",0
"ldrb r3, [r1, r4] ",0
"strb r3, [r2, r4] ",0
"add r4, r4, 1 ",0
b 0x15f2c ,0
"mov r0, r0 ",0
"mov r0, r0 ",0
"mov r3, 0 ",0
"strb r3, [r2, 1] ",0
"mov r2, lr ",0
bl 0x15f78 ,0
"andeq r0, r0, r2, asr 32 ",1
"mov r1, lr ",0
"mov lr, r2 ",0
"add r2, sb, 0x76 ",0
"mov r4, 0 ",0
"mov r0, r0 ",0
"mov r3, 1 ",0
"cmp r4, r3 ",0
"movhs r3, 1 ",0
"movlo r3, 0 ",0
"cmp r3, 0 ",0
bne 0x15fbc ,0
"mov r0, r0 ",0
"ldrb r3, [r1, r4] ",0
"strb r3, [r2, r4] ",0
"add r4, r4, 1 ",0
b 0x15f88 ,0
"mov r0, r0 ",0
"mov r0, r0 ",0
"mov r3, 0 ",0
"strb r3, [r2, 1] ",0
"mov r2, lr ",0
bl 0x15fd4 ,0
"andeq r0, r0, r3, asr 32 ",1
"mov r1, lr ",0
"mov lr, r2 ",0
"add r2, sb, 0x78 ",0
"mov r4, 0 ",0
"mov r0, r0 ",0
"mov r3, 1 ",0
"cmp r4, r3 ",0
"movhs r3, 1 ",0
"movlo r3, 0 ",0
"cmp r3, 0 ",0
bne 0x16018 ,0
"mov r0, r0 ",0
"ldrb r3, [r1, r4] ",0
"strb r3, [r2, r4] ",0
"add r4, r4, 1 ",0
b 0x15fe4 ,0
"mov r0, r0 ",0
"mov r0, r0 ",0
"mov r3, 0 ",0
"strb r3, [r2, 1] ",0
"mov r2, lr ",0
bl 0x16030 ,0
"andeq r0, r0, r4, asr 32 ",1
"mov r1, lr ",0
"mov lr, r2 ",0
"add r2, sb, 0x7a ",0
"mov r4, 0 ",0
"mov r0, r0 ",0
"mov r3, 1 ",0
"cmp r4, r3 ",0
"movhs r3, 1 ",0
"movlo r3, 0 ",0
"cmp r3, 0 ",0
bne 0x16074 ,0
"mov r0, r0 ",0
"ldrb r3, [r1, r4] ",0
"strb r3, [r2, r4] ",0
"add r4, r4, 1 ",0
b 0x16040 ,0
"mov r0, r0 ",0
"mov r0, r0 ",0
"mov r3, 0 ",0
"strb r3, [r2, 1] ",0
"mov r2, lr ",0
bl 0x1608c ,0
"andeq r0, r0, r5, asr 32 ",1
"mov r1, lr ",0
"mov lr, r2 ",0
"add r2, sb, 0x7c ",0
"mov r4, 0 ",0
"mov r0, r0 ",0
"mov r3, 1 ",0
"cmp r4, r3 ",0
"movhs r3, 1 ",0
"movlo r3, 0 ",0
"cmp r3, 0 ",0
bne 0x160d0 ,0
"mov r0, r0 ",0
"ldrb r3, [r1, r4] ",0
"strb r3, [r2, r4] ",0
"add r4, r4, 1 ",0
b 0x1609c ,0
"mov r0, r0 ",0
"mov r0, r0 ",0
"mov r3, 0 ",0
"strb r3, [r2, 1] ",0
"mov r2, lr ",0
bl 0x160e8 ,0
"andeq r0, r0, r6, asr 32 ",1
"mov r1, lr ",0
"mov lr, r2 ",0
"add r2, sb, 0x7e ",0
"mov r4, 0 ",0
"mov r0, r0 ",0
"mov r3, 1 ",0
"cmp r4, r3 ",0
"movhs r3, 1 ",0
"movlo r3, 0 ",0
"cmp r3, 0 ",0
bne 0x1612c ,0
"mov r0, r0 ",0
"ldrb r3, [r1, r4] ",0
"strb r3, [r2, r4] ",0
"add r4, r4, 1 ",0
b 0x160f8 ,0
"mov r0, r0 ",0
"mov r0, r0 ",0
"mov r3, 0 ",0
"strb r3, [r2, 1] ",0
"mov r2, lr ",0
bl 0x16148 ,0
"strbvs r7, [r8, -0x44f]! ",1
"andeq r0, r0, r2, ror r0 ",1
"mov r1, lr ",0
"mov lr, r2 ",0
"add r2, sb, 0x80 ",0
"mov r4, 0 ",0
"mov r0, r0 ",0
"mov r3, 6 ",0
"cmp r4, r3 ",0
"movhs r3, 1 ",0
"movlo r3, 0 ",0
"cmp r3, 0 ",0
bne 0x1618c ,0
"mov r0, r0 ",0
"ldrb r3, [r1, r4] ",0
"strb r3, [r2, r4] ",0
"add r4, r4, 1 ",0
b 0x16158 ,0
"mov r0, r0 ",0
"mov r0, r0 ",0
"mov r2, lr ",0
bl 0x1619c ,0
"rsbeq r6, ip, pc, asr 18 ",1
"mov r1, lr ",0
"mov lr, r2 ",0
"add r2, sb, 0x8f ",0
"mov r4, 0 ",0
"mov r0, r0 ",0
"mov r3, 4 ",0
"cmp r4, r3 ",0
"movhs r3, 1 ",0
"movlo r3, 0 ",0
"cmp r3, 0 ",0
bne 0x161e0 ,0
"mov r0, r0 ",0
"ldrb r3, [r1, r4] ",0
"strb r3, [r2, r4] ",0
"add r4, r4, 1 ",0
b 0x161ac ,0
"mov r0, r0 ",0
"mov r0, r0 ",0
"mov r2, lr ",0
bl 0x161f8 ,0
invalid ,1
invalid ,1
"rsbseq r7, sb, sb, ror 8 ",1
"mov r1, lr ",0
"mov lr, r2 ",0
"add r2, sb, 0x9e ",0
"mov r4, 0 ",0
"mov r0, r0 ",0
"mov r3, 0xc ",0
"cmp r4, r3 ",0
"movhs r3, 1 ",0
"movlo r3, 0 ",0
"cmp r3, 0 ",0
bne 0x1623c ,0
"mov r0, r0 ",0
"ldrb r3, [r1, r4] ",0
"strb r3, [r2, r4] ",0
"add r4, r4, 1 ",0
b 0x16208 ,0
"mov r0, r0 ",0
"mov r0, r0 ",0
"mov r2, lr ",0
bl 0x1624c ,0
"rsbseq r6, r3, r7, asr 2 ",1
"mov r1, lr ",0
"mov lr, r2 ",0
"add r2, sb, 0xad ",0
"mov r4, 0 ",0
"mov r0, r0 ",0
"mov r3, 4 ",0
"cmp r4, r3 ",0
"movhs r3, 1 ",0
"movlo r3, 0 ",0
"cmp r3, 0 ",0
bne 0x16290 ,0
"mov r0, r0 ",0
"ldrb r3, [r1, r4] ",0
"strb r3, [r2, r4] ",0
"add r4, r4, 1 ",0
b 0x1625c ,0
"mov r0, r0 ",0
"mov r0, r0 ",0
"mov r2, lr ",0
bl 0x162a8 ,0
"strbtvc r6, [r1], -0x548 ",1
"ldrbtvc r4, [r5], -0xf20 ",1
"rsbseq r6, r4, ip, ror 10 ",1
"mov r1, lr ",0
"mov lr, r2 ",0
"add r2, sb, 0xbc ",0
"mov r4, 0 ",0
"mov r0, r0 ",0
"mov r3, 0xc ",0
"cmp r4, r3 ",0
"movhs r3, 1 ",0
"movlo r3, 0 ",0
"cmp r3, 0 ",0
bne 0x162ec ,0
"mov r0, r0 ",0
"ldrb r3, [r1, r4] ",0
"strb r3, [r2, r4] ",0
"add r4, r4, 1 ",0
b 0x162b8 ,0
"mov r0, r0 ",0
"mov r0, r0 ",0
"mov r2, lr ",0
bl 0x16300 ,0
"qdsubvs r7, r3, r5 ",1
"andeq r0, r0, sp, rrx ",1
"mov r1, lr ",0
"mov lr, r2 ",0
"add r2, sb, 0xcb ",0
"mov r4, 0 ",0
"mov r0, r0 ",0
"mov r3, 6 ",0
"cmp r4, r3 ",0
"movhs r3, 1 ",0
"movlo r3, 0 ",0
"cmp r3, 0 ",0
bne 0x16344 ,0
"mov r0, r0 ",0
"ldrb r3, [r1, r4] ",0
"strb r3, [r2, r4] ",0
"add r4, r4, 1 ",0
b 0x16310 ,0
"mov r0, r0 ",0
"mov r0, r0 ",0
"mov r2, lr ",0
bl 0x1635c ,0
"rsbshs r6, r4, r8, asr 30 ",1
"ldrbvs r6, [r4, -0x157]! ",1
"andeq r0, r0, r2, ror r0 ",1
"mov r1, lr ",0
"mov lr, r2 ",0
"add r2, sb, 0xda ",0
"mov r4, 0 ",0
"mov r0, r0 ",0
"mov r3, 0xa ",0
"cmp r4, r3 ",0
"movhs r3, 1 ",0
"movlo r3, 0 ",0
"cmp r3, 0 ",0
bne 0x163a0 ,0
"mov r0, r0 ",0
"ldrb r3, [r1, r4] ",0
"strb r3, [r2, r4] ",0
"add r4, r4, 1 ",0
b 0x1636c ,0
"mov r0, r0 ",0
"mov r0, r0 ",0
"mov r2, lr ",0
bl 0x163b4 ,0
"ldrbvs r6, [r4, -0x157]! ",1
"andeq r0, r0, r2, ror r0 ",1
"mov r1, lr ",0
"mov lr, r2 ",0
"add r2, sb, 0xe9 ",0
"mov r4, 0 ",0
"mov r0, r0 ",0
"mov r3, 6 ",0
"cmp r4, r3 ",0
"movhs r3, 1 ",0
"movlo r3, 0 ",0
"cmp r3, 0 ",0
bne 0x163f8 ,0
"mov r0, r0 ",0
"ldrb r3, [r1, r4] ",0
"strb r3, [r2, r4] ",0
"add r4, r4, 1 ",0
b 0x163c4 ,0
"mov r0, r0 ",0
"mov r0, r0 ",0
"mov r2, lr ",0
bl 0x16408 ,0
"subeq r4, r1, r8, asr 6 ",1
"mov r1, lr ",0
"mov lr, r2 ",0
"add r2, sb, 0xf8 ",0
"mov r4, 0 ",0
"mov r0, r0 ",0
"mov r3, 4 ",0
"cmp r4, r3 ",0
"movhs r3, 1 ",0
"movlo r3, 0 ",0
"cmp r3, 0 ",0
bne 0x1644c ,0
"mov r0, r0 ",0
"ldrb r3, [r1, r4] ",0
"strb r3, [r2, r4] ",0
"add r4, r4, 1 ",0
b 0x16418 ,0
"mov r0, r0 ",0
"mov r0, r0 ",0
"mov r2, lr ",0
bl 0x16468 ,0
"rsbvc r6, sp, r3, asr 30 ",1
"cmnvc r3, 0x1c800000 ",1
invalid ,1
"andeq r7, r0, sb, ror 4 ",1
"mov r1, lr ",0
"mov lr, r2 ",0
"ldr r3, [0x00017468] ",0
"add r2, sb, r3 ",0
"mov r4, 0 ",0
"mov r0, r0 ",0
"mov r3, 0xe ",0
"cmp r4, r3 ",0
"movhs r3, 1 ",0
"movlo r3, 0 ",0
"cmp r3, 0 ",0
bne 0x164b0 ,0
"mov r0, r0 ",0
"ldrb r3, [r1, r4] ",0
"strb r3, [r2, r4] ",0
"add r4, r4, 1 ",0
b 0x1647c ,0
"mov r0, r0 ",0
"mov r0, r0 ",0
"mov r3, 0 ",0
"strb r3, [r2, 0xe] ",0
"mov r2, lr ",0
bl 0x164d4 ,0
"stclvs p15, c6, [pc], -0x10c ",1
"rsbhs r6, r7, sb, ror 28 ",1
"ldclvs p5, c7, [r4], -0x13c ",1
"andeq r7, r0, r5, ror 8 ",1
"mov r1, lr ",0
"mov lr, r2 ",0
"ldr r3, [0x00017464] ",0
"add r2, sb, r3 ",0
"mov r4, 0 ",0
"mov r0, r0 ",0
"mov r3, 0xe ",0
"cmp r4, r3 ",0
"movhs r3, 1 ",0
"movlo r3, 0 ",0
"cmp r3, 0 ",0
bne 0x1651c ,0
"mov r0, r0 ",0
"ldrb r3, [r1, r4] ",0
"strb r3, [r2, r4] ",0
"add r4, r4, 1 ",0
b 0x164e8 ,0
"mov r0, r0 ",0
"mov r0, r0 ",0
"mov r3, 0 ",0
"strb r3, [r2, 0xe] ",0
"mov r2, lr ",0
bl 0x16540 ,0
"stclvs p15, c6, [pc], -0x10c ",1
"rsbhs r6, r7, sb, ror 28 ",1
"strbvs r6, [ip, -0xe49]! ",1
"andeq r0, r0, r4, ror r0 ",1
"mov r1, lr ",0
"mov lr, r2 ",0
"ldr r3, [0x00017460] ",0
"add r2, sb, r3 ",0
"mov r4, 0 ",0
"mov r0, r0 ",0
"mov r3, 0xe ",0
"cmp r4, r3 ",0
"movhs r3, 1 ",0
"movlo r3, 0 ",0
"cmp r3, 0 ",0
bne 0x16588 ,0
"mov r0, r0 ",0
"ldrb r3, [r1, r4] ",0
"strb r3, [r2, r4] ",0
"add r4, r4, 1 ",0
b 0x16554 ,0
"mov r0, r0 ",0
"mov r0, r0 ",0
"mov r2, lr ",0
bl 0x165a0 ,0
"strbtvc r6, [r1], -0x548 ",1
"stclvs p9, c4, [lr], -0x80 ",1
"andeq r7, r0, r5, ror 8 ",1
"mov r1, lr ",0
"mov lr, r2 ",0
"ldr r3, [0x0001745c] ",0
"add r2, sb, r3 ",0
"mov r4, 0 ",0
"mov r0, r0 ",0
"mov r3, 0xb ",0
"cmp r4, r3 ",0
"movhs r3, 1 ",0
"movlo r3, 0 ",0
"cmp r3, 0 ",0
bne 0x165e8 ,0
"mov r0, r0 ",0
"ldrb r3, [r1, r4] ",0
"strb r3, [r2, r4] ",0
"add r4, r4, 1 ",0
b 0x165b4 ,0
"mov r0, r0 ",0
"mov r0, r0 ",0
"mov r2, lr ",0
bl 0x16604 ,0
"strbtvc r6, [r1], -0x548 ",1
svcvs 0x6f432f ,1
"strbvs r6, [lr, -ip, ror 18]! ",1
"andeq r0, r0, r0 ",0
"mov r1, lr ",0
"mov lr, r2 ",0
"ldr r3, [0x00017458] ",0
"add r2, sb, r3 ",0
"mov r4, 0 ",0
"mov r0, r0 ",0
"mov r3, 0xd ",0
"cmp r4, r3 ",0
"movhs r3, 1 ",0
"movlo r3, 0 ",0
"cmp r3, 0 ",0
bne 0x1664c ,0
"mov r0, r0 ",0
"ldrb r3, [r1, r4] ",0
"strb r3, [r2, r4] ",0
"add r4, r4, 1 ",0
b 0x16618 ,0
"mov r0, r0 ",0
"mov r0, r0 ",0
"mov r2, lr ",0
bl 0x16664 ,0
svchs 0x737542 ,1
"ldrbtvc r7, [r3], -0x953 ",1
"andeq r6, r0, r5, ror 26 ",1
"mov r1, lr ",0
"mov lr, r2 ",0
"ldr r3, [0x00017454] ",0
"add r2, sb, r3 ",0
"mov r4, 0 ",0
"mov r0, r0 ",0
"mov r3, 0xb ",0
"cmp r4, r3 ",0
"movhs r3, 1 ",0
"movlo r3, 0 ",0
"cmp r3, 0 ",0
bne 0x166ac ,0
"mov r0, r0 ",0
"ldrb r3, [r1, r4] ",0
"strb r3, [r2, r4] ",0
"add r4, r4, 1 ",0
b 0x16678 ,0
"mov r0, r0 ",0
"mov r0, r0 ",0
"mov r2, lr ",0
bl 0x166c8 ,0
"mcrvs p14, 3, r6, c11, c5, 2 ",1
"rsbhs r7, lr, pc, ror 14 ",1
"stmdbvs r4!, {r0, r2, r3, r6, r8, sl, sp, lr} ^ ",1
"andeq r6, r0, r5, ror sp ",1
"mov r1, lr ",0
"mov lr, r2 ",0
"ldr r3, [0x00017450] ",0
"add r2, sb, r3 ",0
"mov r4, 0 ",0
"mov r0, r0 ",0
"mov r3, 0xe ",0
"cmp r4, r3 ",0
"movhs r3, 1 ",0
"movlo r3, 0 ",0
"cmp r3, 0 ",0
bne 0x16710 ,0
"mov r0, r0 ",0
"ldrb r3, [r1, r4] ",0
"strb r3, [r2, r4] ",0
"add r4, r4, 1 ",0
b 0x166dc ,0
"mov r0, r0 ",0
"mov r0, r0 ",0
"mov r3, 0 ",0
"strb r3, [r2, 0xe] ",0
"mov r2, lr ",0
bl 0x16730 ,0
"ldrbvs r6, [r3, -0x552]! ",1
"strbtvs r7, [r5], -0x672 ",1
"andeq r0, r0, r0 ",0
"mov r1, lr ",0
"mov lr, r2 ",0
"ldr r3, [0x0001744c] ",0
"add r2, sb, r3 ",0
"mov r4, 0 ",0
"mov r0, r0 ",0
"mov r3, 9 ",0
"cmp r4, r3 ",0
"movhs r3, 1 ",0
"movlo r3, 0 ",0
"cmp r3, 0 ",0
bne 0x16778 ,0
"mov r0, r0 ",0
"ldrb r3, [r1, r4] ",0
"strb r3, [r2, r4] ",0
"add r4, r4, 1 ",0
b 0x16744 ,0
"mov r0, r0 ",0
"mov r0, r0 ",0
"mov r2, lr ",0
bl 0x16790 ,0
"ldrbvs r6, [r3, -0x552]! ",1
"strbtvs r7, [r5], -0x672 ",1
"andeq r0, r0, r0 ",0
"mov r1, lr ",0
"mov lr, r2 ",0
"ldr r3, [0x00017448] ",0
"add r2, sb, r3 ",0
"mov r4, 0 ",0
"mov r0, r0 ",0
"mov r3, 9 ",0
"cmp r4, r3 ",0
"movhs r3, 1 ",0
"movlo r3, 0 ",0
"cmp r3, 0 ",0
bne 0x167d8 ,0
"mov r0, r0 ",0
"ldrb r3, [r1, r4] ",0
"strb r3, [r2, r4] ",0
"add r4, r4, 1 ",0
b 0x167a4 ,0
"mov r0, r0 ",0
"mov r0, r0 ",0
"mov r2, lr ",0
bl 0x167f0 ,0
"ldrbvs r6, [r3, -0x552]! ",1
"strbtvs r7, [r5], -0x672 ",1
"andeq r0, r0, r0 ",0
"mov r1, lr ",0
"mov lr, r2 ",0
"ldr r3, [0x00017444] ",0
"add r2, sb, r3 ",0
"mov r4, 0 ",0
"mov r0, r0 ",0
"mov r3, 9 ",0
"cmp r4, r3 ",0
"movhs r3, 1 ",0
"movlo r3, 0 ",0
"cmp r3, 0 ",0
bne 0x16838 ,0
"mov r0, r0 ",0
"ldrb r3, [r1, r4] ",0
"strb r3, [r2, r4] ",0
"add r4, r4, 1 ",0
b 0x16804 ,0
"mov r0, r0 ",0
"mov r0, r0 ",0
"mov r2, lr ",0
bl 0x16850 ,0
"ldrbvs r6, [r3, -0x552]! ",1
"strbtvs r7, [r5], -0x672 ",1
"andeq r0, r0, r0 ",0
"mov r1, lr ",0
"mov lr, r2 ",0
"ldr r3, [0x00017440] ",0
"add r2, sb, r3 ",0
"mov r4, 0 ",0
"mov r0, r0 ",0
"mov r3, 9 ",0
"cmp r4, r3 ",0
"movhs r3, 1 ",0
"movlo r3, 0 ",0
"cmp r3, 0 ",0
bne 0x16898 ,0
"mov r0, r0 ",0
"ldrb r3, [r1, r4] ",0
"strb r3, [r2, r4] ",0
"add r4, r4, 1 ",0
b 0x16864 ,0
"mov r0, r0 ",0
"mov r0, r0 ",0
"mov r2, lr ",0
bl 0x168b0 ,0
"ldrbvs r6, [r3, -0x552]! ",1
"strbtvs r7, [r5], -0x672 ",1
"andeq r0, r0, r0 ",0
"mov r1, lr ",0
"mov lr, r2 ",0
"ldr r3, [0x0001743c] ",0
"add r2, sb, r3 ",0
"mov r4, 0 ",0
"mov r0, r0 ",0
"mov r3, 9 ",0
"cmp r4, r3 ",0
"movhs r3, 1 ",0
"movlo r3, 0 ",0
"cmp r3, 0 ",0
bne 0x168f8 ,0
"mov r0, r0 ",0
"ldrb r3, [r1, r4] ",0
"strb r3, [r2, r4] ",0
"add r4, r4, 1 ",0
b 0x168c4 ,0
"mov r0, r0 ",0
"mov r0, r0 ",0
"mov r2, lr ",0
bl 0x16910 ,0
"ldrbvs r6, [r3, -0x552]! ",1
"strbtvs r7, [r5], -0x672 ",1
"andeq r0, r0, r0 ",0
"mov r1, lr ",0
"mov lr, r2 ",0
"ldr r3, [0x00017438] ",0
"add r2, sb, r3 ",0
"mov r4, 0 ",0
"mov r0, r0 ",0
"mov r3, 9 ",0
"cmp r4, r3 ",0
"movhs r3, 1 ",0
"movlo r3, 0 ",0
"cmp r3, 0 ",0
bne 0x16958 ,0
"mov r0, r0 ",0
"ldrb r3, [r1, r4] ",0
"strb r3, [r2, r4] ",0
"add r4, r4, 1 ",0
b 0x16924 ,0
"mov r0, r0 ",0
"mov r0, r0 ",0
"mov r2, lr ",0
bl 0x16970 ,0
"strbtvs r6, [ip], -0xf43 ",1
"strbtvc r5, [r1], -0x720 ",1
"andeq r7, r0, r5, ror 4 ",1
"mov r1, lr ",0
"mov lr, r2 ",0
"ldr r3, [0x00017434] ",0
"add r2, sb, r3 ",0
"mov r4, 0 ",0
"mov r0, r0 ",0
"mov r3, 0xb ",0
"cmp r4, r3 ",0
"movhs r3, 1 ",0
"movlo r3, 0 ",0
"cmp r3, 0 ",0
bne 0x169b8 ,0
"mov r0, r0 ",0
"ldrb r3, [r1, r4] ",0
"strb r3, [r2, r4] ",0
"add r4, r4, 1 ",0
b 0x16984 ,0
"mov r0, r0 ",0
"mov r0, r0 ",0
"mov r2, lr ",0
bl 0x169d0 ,0
"stclvs p5, c7, [r1], -0x110 ",1
"strbtvc r5, [r1], -0x720 ",1
"andeq r7, r0, r5, ror 4 ",1
"mov r1, lr ",0
"mov lr, r2 ",0
"ldr r3, [0x00017430] ",0
"add r2, sb, r3 ",0
"mov r4, 0 ",0
"mov r0, r0 ",0
"mov r3, 0xb ",0
"cmp r4, r3 ",0
"movhs r3, 1 ",0
"movlo r3, 0 ",0
"cmp r3, 0 ",0
bne 0x16a18 ,0
"mov r0, r0 ",0
"ldrb r3, [r1, r4] ",0
"strb r3, [r2, r4] ",0
"add r4, r4, 1 ",0
b 0x169e4 ,0
"mov r0, r0 ",0
"mov r0, r0 ",0
"mov r2, lr ",0
bl 0x16a30 ,0
invalid ,1
"ldrbvs r7, [r2, -0x573]! ",1
"andeq r0, r0, r0 ",0
"mov r1, lr ",0
"mov lr, r2 ",0
"ldr r3, [0x0001742c] ",0
"add r2, sb, r3 ",0
"mov r4, 0 ",0
"mov r0, r0 ",0
"mov r3, 9 ",0
"cmp r4, r3 ",0
"movhs r3, 1 ",0
"movlo r3, 0 ",0
"cmp r3, 0 ",0
bne 0x16a78 ,0
"mov r0, r0 ",0
"ldrb r3, [r1, r4] ",0
"strb r3, [r2, r4] ",0
"add r4, r4, 1 ",0
b 0x16a44 ,0
"mov r0, r0 ",0
"mov r0, r0 ",0
"mov r2, lr ",0
bl 0x16a94 ,0
"subhs r2, r4, r1, asr 30 ",1
"strbtvc r6, [lr], -r3, asr 30 ",1
"ldrbvs r7, [r4, -0x265]! ",1
"andeq r0, r0, r2, ror r0 ",1
"mov r1, lr ",0
"mov lr, r2 ",0
"ldr r3, [0x00017428] ",0
"add r2, sb, r3 ",0
"mov r4, 0 ",0
"mov r0, r0 ",0
"mov r3, 0xe ",0
"cmp r4, r3 ",0
"movhs r3, 1 ",0
"movlo r3, 0 ",0
"cmp r3, 0 ",0
bne 0x16adc ,0
"mov r0, r0 ",0
"ldrb r3, [r1, r4] ",0
"strb r3, [r2, r4] ",0
"add r4, r4, 1 ",0
b 0x16aa8 ,0
"mov r0, r0 ",0
"mov r0, r0 ",0
"mov r2, lr ",0
bl 0x16af4 ,0
"ldrbvs r6, [r3, -0x552]! ",1
"strbtvs r7, [r5], -0x672 ",1
"andeq r0, r0, r0 ",0
"mov r1, lr ",0
"mov lr, r2 ",0
"ldr r3, [0x00017424] ",0
"add r2, sb, r3 ",0
"mov r4, 0 ",0
"mov r0, r0 ",0
"mov r3, 9 ",0
"cmp r4, r3 ",0
"movhs r3, 1 ",0
"movlo r3, 0 ",0
"cmp r3, 0 ",0
bne 0x16b3c ,0
"mov r0, r0 ",0
"ldrb r3, [r1, r4] ",0
"strb r3, [r2, r4] ",0
"add r4, r4, 1 ",0
b 0x16b08 ,0
"mov r0, r0 ",0
"mov r0, r0 ",0
"mov r2, lr ",0
bl 0x16b50 ,0
"strbvs r7, [r8, -0x44f]! ",1
"andeq r0, r0, r2, ror r0 ",1
"mov r1, lr ",0
"mov lr, r2 ",0
"ldr r3, [0x00017420] ",0
"add r2, sb, r3 ",0
"mov r4, 0 ",0
"mov r0, r0 ",0
"mov r3, 6 ",0
"cmp r4, r3 ",0
"movhs r3, 1 ",0
"movlo r3, 0 ",0
"cmp r3, 0 ",0
bne 0x16b98 ,0
"mov r0, r0 ",0
"ldrb r3, [r1, r4] ",0
"strb r3, [r2, r4] ",0
"add r4, r4, 1 ",0
b 0x16b64 ,0
"mov r0, r0 ",0
"mov r0, r0 ",0
"mov r2, lr ",0
bl 0x16ba8 ,0
"rsbeq r6, ip, pc, asr 18 ",1
"mov r1, lr ",0
"mov lr, r2 ",0
"ldr r3, [0x0001741c] ",0
"add r2, sb, r3 ",0
"mov r4, 0 ",0
"mov r0, r0 ",0
"mov r3, 4 ",0
"cmp r4, r3 ",0
"movhs r3, 1 ",0
"movlo r3, 0 ",0
"cmp r3, 0 ",0
bne 0x16bf0 ,0
"mov r0, r0 ",0
"ldrb r3, [r1, r4] ",0
"strb r3, [r2, r4] ",0
"add r4, r4, 1 ",0
b 0x16bbc ,0
"mov r0, r0 ",0
"mov r0, r0 ",0
"mov r2, lr ",0
bl 0x16c08 ,0
invalid ,1
invalid ,1
"rsbseq r7, sb, sb, ror 8 ",1
"mov r1, lr ",0
"mov lr, r2 ",0
"ldr r3, [0x00017418] ",0
"add r2, sb, r3 ",0
"mov r4, 0 ",0
"mov r0, r0 ",0
"mov r3, 0xc ",0
"cmp r4, r3 ",0
"movhs r3, 1 ",0
"movlo r3, 0 ",0
"cmp r3, 0 ",0
bne 0x16c50 ,0
"mov r0, r0 ",0
"ldrb r3, [r1, r4] ",0
"strb r3, [r2, r4] ",0
"add r4, r4, 1 ",0
b 0x16c1c ,0
"mov r0, r0 ",0
"mov r0, r0 ",0
"mov r2, lr ",0
bl 0x16c60 ,0
"rsbseq r6, r3, r7, asr 2 ",1
"mov r1, lr ",0
"mov lr, r2 ",0
"ldr r3, [0x00017414] ",0
"add r2, sb, r3 ",0
"mov r4, 0 ",0
"mov r0, r0 ",0
"mov r3, 4 ",0
"cmp r4, r3 ",0
"movhs r3, 1 ",0
"movlo r3, 0 ",0
"cmp r3, 0 ",0
bne 0x16ca8 ,0
"mov r0, r0 ",0
"ldrb r3, [r1, r4] ",0
"strb r3, [r2, r4] ",0
"add r4, r4, 1 ",0
b 0x16c74 ,0
"mov r0, r0 ",0
"mov r0, r0 ",0
"mov r2, lr ",0
bl 0x16cbc ,0
"strbtvc r6, [r1], -0x548 ",1
"andeq r0, r0, r0 ",0
"mov r1, lr ",0
"mov lr, r2 ",0
"ldr r3, [0x00017410] ",0
"add r2, sb, r3 ",0
"mov r4, 0 ",0
"mov r0, r0 ",0
"mov r3, 5 ",0
"cmp r4, r3 ",0
"movhs r3, 1 ",0
"movlo r3, 0 ",0
"cmp r3, 0 ",0
bne 0x16d04 ,0
"mov r0, r0 ",0
"ldrb r3, [r1, r4] ",0
"strb r3, [r2, r4] ",0
"add r4, r4, 1 ",0
b 0x16cd0 ,0
"mov r0, r0 ",0
"mov r0, r0 ",0
"mov r2, lr ",0
bl 0x16d18 ,0
"qdsubvs r7, r3, r5 ",1
"andeq r0, r0, sp, rrx ",1
"mov r1, lr ",0
"mov lr, r2 ",0
"ldr r3, [0x0001740c] ",0
"add r2, sb, r3 ",0
"mov r4, 0 ",0
"mov r0, r0 ",0
"mov r3, 6 ",0
"cmp r4, r3 ",0
"movhs r3, 1 ",0
"movlo r3, 0 ",0
"cmp r3, 0 ",0
bne 0x16d60 ,0
"mov r0, r0 ",0
"ldrb r3, [r1, r4] ",0
"strb r3, [r2, r4] ",0
"add r4, r4, 1 ",0
b 0x16d2c ,0
"mov r0, r0 ",0
"mov r0, r0 ",0
"mov r2, lr ",0
bl 0x16d78 ,0
"rsbshs r6, r4, r8, asr 30 ",1
"ldrbvs r6, [r4, -0x157]! ",1
"andeq r0, r0, r2, ror r0 ",1
"mov r1, lr ",0
"mov lr, r2 ",0
"ldr r3, [0x00017408] ",0
"add r2, sb, r3 ",0
"mov r4, 0 ",0
"mov r0, r0 ",0
"mov r3, 0xa ",0
"cmp r4, r3 ",0
"movhs r3, 1 ",0
"movlo r3, 0 ",0
"cmp r3, 0 ",0
bne 0x16dc0 ,0
"mov r0, r0 ",0
"ldrb r3, [r1, r4] ",0
"strb r3, [r2, r4] ",0
"add r4, r4, 1 ",0
b 0x16d8c ,0
"mov r0, r0 ",0
"mov r0, r0 ",0
"mov r2, lr ",0
bl 0x16dd4 ,0
"ldrbvs r6, [r4, -0x157]! ",1
"andeq r0, r0, r2, ror r0 ",1
"mov r1, lr ",0
"mov lr, r2 ",0
"ldr r3, [0x00017404] ",0
"add r2, sb, r3 ",0
"mov r4, 0 ",0
"mov r0, r0 ",0
"mov r3, 6 ",0
"cmp r4, r3 ",0
"movhs r3, 1 ",0
"movlo r3, 0 ",0
"cmp r3, 0 ",0
bne 0x16e1c ,0
"mov r0, r0 ",0
"ldrb r3, [r1, r4] ",0
"strb r3, [r2, r4] ",0
"add r4, r4, 1 ",0
b 0x16de8 ,0
"mov r0, r0 ",0
"mov r0, r0 ",0
"mov r2, lr ",0
bl 0x16e2c ,0
"subeq r4, r1, r8, asr 6 ",1
"mov r1, lr ",0
"mov lr, r2 ",0
"ldr r3, [0x00017400] ",0
"add r2, sb, r3 ",0
"mov r4, 0 ",0
"mov r0, r0 ",0
"mov r3, 4 ",0
"cmp r4, r3 ",0
"movhs r3, 1 ",0
"movlo r3, 0 ",0
"cmp r3, 0 ",0
bne 0x16e74 ,0
"mov r0, r0 ",0
"ldrb r3, [r1, r4] ",0
"strb r3, [r2, r4] ",0
"add r4, r4, 1 ",0
b 0x16e40 ,0
"mov r0, r0 ",0
"mov r0, r0 ",0
"mov r2, lr ",0
bl 0x16e8c ,0
"ldrbvs r6, [r3, -0x552]! ",1
"strbtvs r7, [r5], -0x672 ",1
"andeq r0, r0, r0 ",0
"mov r1, lr ",0
"mov lr, r2 ",0
"ldr r3, [0x000173fc] ",0
"add r2, sb, r3 ",0
"mov r4, 0 ",0
"mov r0, r0 ",0
"mov r3, 9 ",0
"cmp r4, r3 ",0
"movhs r3, 1 ",0
"movlo r3, 0 ",0
"cmp r3, 0 ",0
bne 0x16ed4 ,0
"mov r0, r0 ",0
"ldrb r3, [r1, r4] ",0
"strb r3, [r2, r4] ",0
"add r4, r4, 1 ",0
b 0x16ea0 ,0
"mov r0, r0 ",0
"mov r0, r0 ",0
"mov r2, lr ",0
bl 0x16ee4 ,0
"rsbseq r6, r3, r7, asr 2 ",1
"mov r1, lr ",0
"mov lr, r2 ",0
"ldr r3, [0x000173f8] ",0
"add r2, sb, r3 ",0
"mov r4, 0 ",0
"mov r0, r0 ",0
"mov r3, 4 ",0
"cmp r4, r3 ",0
"movhs r3, 1 ",0
"movlo r3, 0 ",0
"cmp r3, 0 ",0
bne 0x16f2c ,0
"mov r0, r0 ",0
"ldrb r3, [r1, r4] ",0
"strb r3, [r2, r4] ",0
"add r4, r4, 1 ",0
b 0x16ef8 ,0
"mov r0, r0 ",0
"mov r0, r0 ",0
"mov r2, lr ",0
bl 0x16f40 ,0
"strbtvc r6, [r1], -0x548 ",1
"andeq r0, r0, r0 ",0
"mov r1, lr ",0
"mov lr, r2 ",0
"ldr r3, [0x000173f4] ",0
"add r2, sb, r3 ",0
"mov r4, 0 ",0
"mov r0, r0 ",0
"mov r3, 5 ",0
"cmp r4, r3 ",0
"movhs r3, 1 ",0
"movlo r3, 0 ",0
"cmp r3, 0 ",0
bne 0x16f88 ,0
"mov r0, r0 ",0
"ldrb r3, [r1, r4] ",0
"strb r3, [r2, r4] ",0
"add r4, r4, 1 ",0
b 0x16f54 ,0
"mov r0, r0 ",0
"mov r0, r0 ",0
"mov r2, lr ",0
bl 0x16fa0 ,0
"rsbshs r6, r4, r8, asr 30 ",1
"ldrbvs r6, [r4, -0x157]! ",1
"andeq r0, r0, r2, ror r0 ",1
"mov r1, lr ",0
"mov lr, r2 ",0
"ldr r3, [0x000173f0] ",0
"add r2, sb, r3 ",0
"mov r4, 0 ",0
"mov r0, r0 ",0
"mov r3, 0xa ",0
"cmp r4, r3 ",0
"movhs r3, 1 ",0
"movlo r3, 0 ",0
"cmp r3, 0 ",0
bne 0x16fe8 ,0
"mov r0, r0 ",0
"ldrb r3, [r1, r4] ",0
"strb r3, [r2, r4] ",0
"add r4, r4, 1 ",0
b 0x16fb4 ,0
"mov r0, r0 ",0
"mov r0, r0 ",0
"mov r2, lr ",0
bl 0x16ffc ,0
"ldrbvs r6, [r4, -0x157]! ",1
"andeq r0, r0, r2, ror r0 ",1
"mov r1, lr ",0
"mov lr, r2 ",0
"ldr r3, [0x000173ec] ",0
"add r2, sb, r3 ",0
"mov r4, 0 ",0
"mov r0, r0 ",0
"mov r3, 6 ",0
"cmp r4, r3 ",0
"movhs r3, 1 ",0
"movlo r3, 0 ",0
"cmp r3, 0 ",0
bne 0x17044 ,0
"mov r0, r0 ",0
"ldrb r3, [r1, r4] ",0
"strb r3, [r2, r4] ",0
"add r4, r4, 1 ",0
b 0x17010 ,0
"mov r0, r0 ",0
"mov r0, r0 ",0
"mov r2, lr ",0
bl 0x17054 ,0
"subeq r4, r1, r8, asr 6 ",1
"mov r1, lr ",0
"mov lr, r2 ",0
"ldr r3, [0x000173e8] ",0
"add r2, sb, r3 ",0
"mov r4, 0 ",0
"mov r0, r0 ",0
"mov r3, 4 ",0
"cmp r4, r3 ",0
"movhs r3, 1 ",0
"movlo r3, 0 ",0
"cmp r3, 0 ",0
bne 0x1709c ,0
"mov r0, r0 ",0
"ldrb r3, [r1, r4] ",0
"strb r3, [r2, r4] ",0
"add r4, r4, 1 ",0
b 0x17068 ,0
"mov r0, r0 ",0
"mov r0, r0 ",0
"mov r2, lr ",0
bl 0x170b4 ,0
"ldrbvs r6, [r3, -0x552]! ",1
"strbtvs r7, [r5], -0x672 ",1
"andeq r0, r0, r0 ",0
"mov r1, lr ",0
"mov lr, r2 ",0
"ldr r3, [0x000173e4] ",0
"add r2, sb, r3 ",0
"mov r4, 0 ",0
"mov r0, r0 ",0
"mov r3, 9 ",0
"cmp r4, r3 ",0
"movhs r3, 1 ",0
"movlo r3, 0 ",0
"cmp r3, 0 ",0
bne 0x170fc ,0
"mov r0, r0 ",0
"ldrb r3, [r1, r4] ",0
"strb r3, [r2, r4] ",0
"add r4, r4, 1 ",0
b 0x170c8 ,0
"mov r0, r0 ",0
"mov r0, r0 ",0
"mov r2, lr ",0
bl 0x1710c ,0
"andeq r6, r0, r7, asr r8 ",1
"mov r1, lr ",0
"mov lr, r2 ",0
"ldr r3, [0x000173e0] ",0
"add r2, sb, r3 ",0
"mov r4, 0 ",0
"mov r0, r0 ",0
"mov r3, 3 ",0
"cmp r4, r3 ",0
"movhs r3, 1 ",0
"movlo r3, 0 ",0
"cmp r3, 0 ",0
bne 0x17154 ,0
"mov r0, r0 ",0
"ldrb r3, [r1, r4] ",0
"strb r3, [r2, r4] ",0
"add r4, r4, 1 ",0
b 0x17120 ,0
"mov r0, r0 ",0
"mov r0, r0 ",0
"mov r2, lr ",0
bl 0x17164 ,0
"andeq r0, r0, sl, asr 32 ",1
"mov r1, lr ",0
"mov lr, r2 ",0
"ldr r3, [0x000173dc] ",0
"add r2, sb, r3 ",0
"mov r4, 0 ",0
"mov r0, r0 ",0
"mov r3, 2 ",0
"cmp r4, r3 ",0
"movhs r3, 1 ",0
"movlo r3, 0 ",0
"cmp r3, 0 ",0
bne 0x171ac ,0
"mov r0, r0 ",0
"ldrb r3, [r1, r4] ",0
"strb r3, [r2, r4] ",0
"add r4, r4, 1 ",0
b 0x17178 ,0
"mov r0, r0 ",0
"mov r0, r0 ",0
"mov r2, lr ",0
bl 0x171bc ,0
"eorseq r5, r3, sp, ror 28 ",1
"mov r1, lr ",0
"mov lr, r2 ",0
"ldr r3, [0x000173d8] ",0
"add r2, sb, r3 ",0
"mov r4, 0 ",0
"mov r0, r0 ",0
"mov r3, 4 ",0
"cmp r4, r3 ",0
"movhs r3, 1 ",0
"movlo r3, 0 ",0
"cmp r3, 0 ",0
bne 0x17204 ,0
"mov r0, r0 ",0
"ldrb r3, [r1, r4] ",0
"strb r3, [r2, r4] ",0
"add r4, r4, 1 ",0
b 0x171d0 ,0
"mov r0, r0 ",0
"mov r0, r0 ",0
"mov r2, lr ",0
bl 0x17214 ,0
"andeq r6, r0, fp, ror 14 ",1
"mov r1, lr ",0
"mov lr, r2 ",0
"ldr r3, [0x000173d4] ",0
"add r2, sb, r3 ",0
"mov r4, 0 ",0
"mov r0, r0 ",0
"mov r3, 3 ",0
"cmp r4, r3 ",0
"movhs r3, 1 ",0
"movlo r3, 0 ",0
"cmp r3, 0 ",0
bne 0x1725c ,0
"mov r0, r0 ",0
"ldrb r3, [r1, r4] ",0
"strb r3, [r2, r4] ",0
"add r4, r4, 1 ",0
b 0x17228 ,0
"mov r0, r0 ",0
"mov r0, r0 ",0
"mov r2, lr ",0
bl 0x1726c ,0
"andeq r0, r0, r0 ",0
"mov r1, lr ",0
"mov lr, r2 ",0
"ldr r3, [0x000173d0] ",0
"add r2, sb, r3 ",0
"mov r4, 0 ",0
"mov r0, r0 ",0
"mov r3, 1 ",0
"cmp r4, r3 ",0
"movhs r3, 1 ",0
"movlo r3, 0 ",0
"cmp r3, 0 ",0
bne 0x172b4 ,0
"mov r0, r0 ",0
"ldrb r3, [r1, r4] ",0
"strb r3, [r2, r4] ",0
"add r4, r4, 1 ",0
b 0x17280 ,0
"mov r0, r0 ",0
"mov r0, r0 ",0
"mov r2, lr ",0
bl 0x172c4 ,0
"andeq r0, r0, r7, asr r0 ",1
"mov r1, lr ",0
"mov lr, r2 ",0
"ldr r3, [0x000173cc] ",0
"add r2, sb, r3 ",0
"mov r4, 0 ",0
"mov r0, r0 ",0
"mov r3, 2 ",0
"cmp r4, r3 ",0
"movhs r3, 1 ",0
"movlo r3, 0 ",0
"cmp r3, 0 ",0
bne 0x1730c ,0
"mov r0, r0 ",0
"ldrb r3, [r1, r4] ",0
"strb r3, [r2, r4] ",0
"add r4, r4, 1 ",0
b 0x172d8 ,0
"mov r0, r0 ",0
"mov r0, r0 ",0
"mov r2, lr ",0
bl 0x1731c ,0
"rsbeq r2, r8, sl, asr 30 ",1
"mov r1, lr ",0
"mov lr, r2 ",0
"ldr r3, [0x000173c8] ",0
"add r2, sb, r3 ",0
"mov r4, 0 ",0
"mov r0, r0 ",0
"mov r3, 4 ",0
"cmp r4, r3 ",0
"movhs r3, 1 ",0
"movlo r3, 0 ",0
"cmp r3, 0 ",0
bne 0x17364 ,0
"mov r0, r0 ",0
"ldrb r3, [r1, r4] ",0
"strb r3, [r2, r4] ",0
"add r4, r4, 1 ",0
b 0x17330 ,0
"mov r0, r0 ",0
"mov r0, r0 ",0
"mov r2, lr ",0
bl 0x17378 ,0
svchs 0x335e6d ,1
"andeq r0, r0, r8, rrx ",1
"mov r1, lr ",0
"mov lr, r2 ",0
"ldr r3, [0x000173c4] ",0
"add r2, sb, r3 ",0
"mov r4, 0 ",0
"mov r0, r0 ",0
"mov r3, 6 ",0
"cmp r4, r3 ",0
"movhs r3, 1 ",0
"movlo r3, 0 ",0
"cmp r3, 0 ",0
bne 0x17478 ,0
"mov r0, r0 ",0
"ldrb r3, [r1, r4] ",0
"strb r3, [r2, r4] ",0
b 0x1746c ,0
"mov r0, r0 ",0
"andeq r0, r0, r0 ",1
"andeq r0, r0, r0 ",1
"andeq r0, r0, sp, lsr r3 ",1
"andeq r0, r0, r5, lsr r3 ",1
"andeq r0, r0, sp, lsr 6 ",1
"andeq r0, r0, r5, lsr 6 ",1
"andeq r0, r0, sp, lsl r3 ",1
"andeq r0, r0, r5, lsl r3 ",1
"andeq r0, r0, sp, lsl 6 ",1
"andeq r0, r0, r5, lsl 6 ",1
"strdeq r0, r1, [r0], -r6 ",1
"andeq r0, r0, r7, ror 5 ",1
"ldrdeq r0, r1, [r0], -r8 ",1
"andeq r0, r0, sb, asr 5 ",1
"strheq r0, [r0], -sl ",1
"andeq r0, r0, fp, lsr 5 ",1
"muleq r0, ip, r2 ",1
"andeq r0, r0, sp, lsl 5 ",1
"andeq r0, r0, lr, ror r2 ",1
"andeq r0, r0, pc, ror 4 ",1
"andeq r0, r0, r0, ror 4 ",1
"andeq r0, r0, r1, asr r2 ",1
"andeq r0, r0, r2, asr 4 ",1
"andeq r0, r0, r3, lsr r2 ",1
"andeq r0, r0, r4, lsr 4 ",1
"andeq r0, r0, r5, lsl r2 ",1
"andeq r0, r0, r6, lsl 4 ",1
"strdeq r0, r1, [r0], -r7 ",1
"andeq r0, r0, r8, ror 3 ",1
"ldrdeq r0, r1, [r0], -sb ",1
"andeq r0, r0, sl, asr 3 ",1
"strheq r0, [r0], -fp ",1
"andeq r0, r0, ip, lsr 3 ",1
"muleq r0, sp, r1 ",1
"andeq r0, r0, lr, lsl 3 ",1
"andeq r0, r0, pc, ror r1 ",1
"andeq r0, r0, r0, ror r1 ",1
"andeq r0, r0, r1, ror 2 ",1
"andeq r0, r0, r2, asr r1 ",1
"andeq r0, r0, r3, asr 2 ",1
"andeq r0, r0, r4, lsr r1 ",1
"andeq r0, r0, r5, lsr 2 ",1
"andeq r0, r0, r6, lsl r1 ",1
"andeq r0, r0, r7, lsl 2 ",1
"add r4, r4, 1 ",0
b 0x1738c ,0
"mov r0, r0 ",0
"mov r0, r0 ",0
"mov r2, lr ",0
bl 0x1748c ,0
svchs 0x335e6d ,1
"rsbeq r6, lr, sp, ror 18 ",1
"mov r1, lr ",0
"mov lr, r2 ",0
"ldr r3, [0x00018360] ",0
"add r2, sb, r3 ",0
"mov r4, 0 ",0
"mov r0, r0 ",0
"mov r3, 7 ",0
"cmp r4, r3 ",0
"movhs r3, 1 ",0
"movlo r3, 0 ",0
"cmp r3, 0 ",0
bne 0x174d4 ,0
"mov r0, r0 ",0
"ldrb r3, [r1, r4] ",0
"strb r3, [r2, r4] ",0
"add r4, r4, 1 ",0
b 0x174a0 ,0
"mov r0, r0 ",0
"mov r0, r0 ",0
"mov r3, 0 ",0
"strb r3, [r2, 7] ",0
"mov r2, lr ",0
bl 0x174f0 ,0
svchs 0x335e6d ,1
"andeq r0, r0, r3, ror r0 ",1
"mov r1, lr ",0
"mov lr, r2 ",0
"ldr r3, [0x0001835c] ",0
"add r2, sb, r3 ",0
"mov r4, 0 ",0
"mov r0, r0 ",0
"mov r3, 6 ",0
"cmp r4, r3 ",0
"movhs r3, 1 ",0
"movlo r3, 0 ",0
"cmp r3, 0 ",0
bne 0x17538 ,0
"mov r0, r0 ",0
"ldrb r3, [r1, r4] ",0
"strb r3, [r2, r4] ",0
"add r4, r4, 1 ",0
b 0x17504 ,0
"mov r0, r0 ",0
"mov r0, r0 ",0
"mov r2, lr ",0
bl 0x1754c ,0
"stmdavs pc!, {r0, r1, r3, r5, r6, r8, sb, sl, sp, lr} ",1
"andeq r0, r0, r0 ",0
"mov r1, lr ",0
"mov lr, r2 ",0
"ldr r3, [0x00018358] ",0
"add r2, sb, r3 ",0
"mov r4, 0 ",0
"mov r0, r0 ",0
"mov r3, 5 ",0
"cmp r4, r3 ",0
"movhs r3, 1 ",0
"movlo r3, 0 ",0
"cmp r3, 0 ",0
bne 0x17594 ,0
"mov r0, r0 ",0
"ldrb r3, [r1, r4] ",0
"strb r3, [r2, r4] ",0
"add r4, r4, 1 ",0
b 0x17560 ,0
"mov r0, r0 ",0
"mov r0, r0 ",0
"mov r2, lr ",0
bl 0x175a4 ,0
"strheq r4, [r0], -r0 ",1
"mov r1, lr ",0
"mov lr, r2 ",0
"ldr r3, [0x00018354] ",0
"add r2, sb, r3 ",0
"mov r4, 0 ",0
"mov r0, r0 ",0
"mov r3, 3 ",0
"cmp r4, r3 ",0
"movhs r3, 1 ",0
"movlo r3, 0 ",0
"cmp r3, 0 ",0
bne 0x175ec ,0
"mov r0, r0 ",0
"ldrb r3, [r1, r4] ",0
"strb r3, [r2, r4] ",0
"add r4, r4, 1 ",0
b 0x175b8 ,0
"mov r0, r0 ",0
"mov r0, r0 ",0
"mov r2, lr ",0
bl 0x175fc ,0
"andeq r0, r0, fp, asr 32 ",1
"mov r1, lr ",0
"mov lr, r2 ",0
"ldr r3, [0x00018350] ",0
"add r2, sb, r3 ",0
"mov r4, 0 ",0
"mov r0, r0 ",0
"mov r3, 2 ",0
"cmp r4, r3 ",0
"movhs r3, 1 ",0
"movlo r3, 0 ",0
"cmp r3, 0 ",0
bne 0x17644 ,0
"mov r0, r0 ",0
"ldrb r3, [r1, r4] ",0
"strb r3, [r2, r4] ",0
"add r4, r4, 1 ",0
b 0x17610 ,0
"mov r0, r0 ",0
"mov r0, r0 ",0
"mov r2, lr ",0
bl 0x17654 ,0
"rsbseq r6, r2, r2, ror 2 ",1
"mov r1, lr ",0
"mov lr, r2 ",0
"ldr r3, [0x0001834c] ",0
"add r2, sb, r3 ",0
"mov r4, 0 ",0
"mov r0, r0 ",0
"mov r3, 4 ",0
"cmp r4, r3 ",0
"movhs r3, 1 ",0
"movlo r3, 0 ",0
"cmp r3, 0 ",0
bne 0x1769c ,0
"mov r0, r0 ",0
"ldrb r3, [r1, r4] ",0
"strb r3, [r2, r4] ",0
"add r4, r4, 1 ",0
b 0x17668 ,0
"mov r0, r0 ",0
"mov r0, r0 ",0
"mov r2, lr ",0
bl 0x176ac ,0
"andeq r0, r0, r0 ",0
"mov r1, lr ",0
"mov lr, r2 ",0
"ldr r3, [0x00018348] ",0
"add r2, sb, r3 ",0
"mov r4, 0 ",0
"mov r0, r0 ",0
"mov r3, 1 ",0
"cmp r4, r3 ",0
"movhs r3, 1 ",0
"movlo r3, 0 ",0
"cmp r3, 0 ",0
bne 0x176f4 ,0
"mov r0, r0 ",0
"ldrb r3, [r1, r4] ",0
"strb r3, [r2, r4] ",0
"add r4, r4, 1 ",0
b 0x176c0 ,0
"mov r0, r0 ",0
"mov r0, r0 ",0
"mov r2, lr ",0
bl 0x17704 ,0
"andeq r0, r0, r0 ",0
"mov r1, lr ",0
"mov lr, r2 ",0
"ldr r3, [0x00018344] ",0
"add r2, sb, r3 ",0
"mov r4, 0 ",0
"mov r0, r0 ",0
"mov r3, 1 ",0
"cmp r4, r3 ",0
"movhs r3, 1 ",0
"movlo r3, 0 ",0
"cmp r3, 0 ",0
bne 0x1774c ,0
"mov r0, r0 ",0
"ldrb r3, [r1, r4] ",0
"strb r3, [r2, r4] ",0
"add r4, r4, 1 ",0
b 0x17718 ,0
"mov r0, r0 ",0
"mov r0, r0 ",0
"mov r1, 0x24 ",0
"strb r1, [sb, 0x385] ",0
"mov r1, 0x1a ",0
"strb r1, [sb, 0x386] ",0
"mov r1, 0x2a ",0
"strb r1, [sb, 0x387] ",0
"mov r1, 0x35 ",0
"strb r1, [sb, 0x388] ",0
"mov r1, 0x44 ",0
"strb r1, [sb, 0x389] ",0
"mov r1, 1 ",0
"strb r1, [sb, 0x38a] ",0
"mov r1, 0x10 ",0
"strb r1, [sb, 0x38b] ",0
"mov r1, 0x33 ",0
"strb r1, [sb, 0x38c] ",0
"mov r1, 0x30 ",0
"strb r1, [sb, 0x38d] ",0
"mov r1, 0x2d ",0
"strb r1, [sb, 0x38e] ",0
"mov r1, 0x3b ",0
"strb r1, [sb, 0x38f] ",0
"mov r1, 0x40 ",0
"strb r1, [sb, 0x390] ",0
"mov r1, 0x42 ",0
"strb r1, [sb, 0x391] ",0
"mov r1, 0x3d ",0
"strb r1, [sb, 0x392] ",0
"mov r1, 0x44 ",0
"strb r1, [sb, 0x393] ",0
"mov r1, 0x44 ",0
"strb r1, [sb, 0x394] ",0
"mov r2, lr ",0
bl 0x177dc ,0
"andeq r6, r0, r7, asr r8 ",1
"mov r1, lr ",0
"mov lr, r2 ",0
"ldr r3, [0x00018340] ",0
"add r2, sb, r3 ",0
"mov r4, 0 ",0
"mov r0, r0 ",0
"mov r3, 3 ",0
"cmp r4, r3 ",0
"movhs r3, 1 ",0
"movlo r3, 0 ",0
"cmp r3, 0 ",0
bne 0x17824 ,0
"mov r0, r0 ",0
"ldrb r3, [r1, r4] ",0
"strb r3, [r2, r4] ",0
"add r4, r4, 1 ",0
b 0x177f0 ,0
"mov r0, r0 ",0
"mov r0, r0 ",0
"mov r2, lr ",0
bl 0x17834 ,0
"rsbeq r5, r8, fp, ror 14 ",1
"mov r1, lr ",0
"mov lr, r2 ",0
"ldr r3, [0x0001833c] ",0
"add r2, sb, r3 ",0
"mov r4, 0 ",0
"mov r0, r0 ",0
"mov r3, 4 ",0
"cmp r4, r3 ",0
"movhs r3, 1 ",0
"movlo r3, 0 ",0
"cmp r3, 0 ",0
bne 0x1787c ,0
"mov r0, r0 ",0
"ldrb r3, [r1, r4] ",0
"strb r3, [r2, r4] ",0
"add r4, r4, 1 ",0
b 0x17848 ,0
"mov r0, r0 ",0
"mov r0, r0 ",0
"mov r2, lr ",0
bl 0x1788c ,0
"rsbeq r5, r8, sp, asr 14 ",1
"mov r1, lr ",0
"mov lr, r2 ",0
"ldr r3, [0x00018338] ",0
"add r2, sb, r3 ",0
"mov r4, 0 ",0
"mov r0, r0 ",0
"mov r3, 4 ",0
"cmp r4, r3 ",0
"movhs r3, 1 ",0
"movlo r3, 0 ",0
"cmp r3, 0 ",0
bne 0x178d4 ,0
"mov r0, r0 ",0
"ldrb r3, [r1, r4] ",0
"strb r3, [r2, r4] ",0
"add r4, r4, 1 ",0
b 0x178a0 ,0
"mov r0, r0 ",0
"mov r0, r0 ",0
"mov r2, lr ",0
bl 0x178e4 ,0
"andeq r4, r0, fp, ror 20 ",1
"mov r1, lr ",0
"mov lr, r2 ",0
"ldr r3, [0x00018334] ",0
"add r2, sb, r3 ",0
"mov r4, 0 ",0
"mov r0, r0 ",0
"mov r3, 3 ",0
"cmp r4, r3 ",0
"movhs r3, 1 ",0
"movlo r3, 0 ",0
"cmp r3, 0 ",0
bne 0x1792c ,0
"mov r0, r0 ",0
"ldrb r3, [r1, r4] ",0
"strb r3, [r2, r4] ",0
"add r4, r4, 1 ",0
b 0x178f8 ,0
"mov r0, r0 ",0
"mov r0, r0 ",0
"mov r2, lr ",0
bl 0x1793c ,0
"andeq r4, r0, sp, asr 20 ",1
"mov r1, lr ",0
"mov lr, r2 ",0
"ldr r3, [0x00018330] ",0
"add r2, sb, r3 ",0
"mov r4, 0 ",0
"mov r0, r0 ",0
"mov r3, 3 ",0
"cmp r4, r3 ",0
"movhs r3, 1 ",0
"movlo r3, 0 ",0
"cmp r3, 0 ",0
bne 0x17984 ,0
"mov r0, r0 ",0
"ldrb r3, [r1, r4] ",0
"strb r3, [r2, r4] ",0
"add r4, r4, 1 ",0
b 0x17950 ,0
"mov r0, r0 ",0
"mov r0, r0 ",0
"mov r2, lr ",0
bl 0x17994 ,0
"andeq r4, r0, r7, asr 20 ",1
"mov r1, lr ",0
"mov lr, r2 ",0
"ldr r3, [0x0001832c] ",0
"add r2, sb, r3 ",0
"mov r4, 0 ",0
"mov r0, r0 ",0
"mov r3, 3 ",0
"cmp r4, r3 ",0
"movhs r3, 1 ",0
"movlo r3, 0 ",0
"cmp r3, 0 ",0
bne 0x179dc ,0
"mov r0, r0 ",0
"ldrb r3, [r1, r4] ",0
"strb r3, [r2, r4] ",0
"add r4, r4, 1 ",0
b 0x179a8 ,0
"mov r0, r0 ",0
"mov r0, r0 ",0
"mov r2, lr ",0
bl 0x179ec ,0
"andeq r0, r0, r7, asr r0 ",1
"mov r1, lr ",0
"mov lr, r2 ",0
"ldr r3, [0x00018328] ",0
"add r2, sb, r3 ",0
"mov r4, 0 ",0
"mov r0, r0 ",0
"mov r3, 2 ",0
"cmp r4, r3 ",0
"movhs r3, 1 ",0
"movlo r3, 0 ",0
"cmp r3, 0 ",0
bne 0x17a34 ,0
"mov r0, r0 ",0
"ldrb r3, [r1, r4] ",0
"strb r3, [r2, r4] ",0
"add r4, r4, 1 ",0
b 0x17a00 ,0
"mov r0, r0 ",0
"mov r0, r0 ",0
"mov r2, lr ",0
bl 0x17a44 ,0
"andeq r5, r0, fp, ror 14 ",1
"mov r1, lr ",0
"mov lr, r2 ",0
"ldr r3, [0x00018324] ",0
"add r2, sb, r3 ",0
"mov r4, 0 ",0
"mov r0, r0 ",0
"mov r3, 3 ",0
"cmp r4, r3 ",0
"movhs r3, 1 ",0
"movlo r3, 0 ",0
"cmp r3, 0 ",0
bne 0x17a8c ,0
"mov r0, r0 ",0
"ldrb r3, [r1, r4] ",0
"strb r3, [r2, r4] ",0
"add r4, r4, 1 ",0
b 0x17a58 ,0
"mov r0, r0 ",0
"mov r0, r0 ",0
"mov r2, lr ",0
bl 0x17a9c ,0
"andeq r5, r0, sp, asr 14 ",1
"mov r1, lr ",0
"mov lr, r2 ",0
"ldr r3, [0x00018320] ",0
"add r2, sb, r3 ",0
"mov r4, 0 ",0
"mov r0, r0 ",0
"mov r3, 3 ",0
"cmp r4, r3 ",0
"movhs r3, 1 ",0
"movlo r3, 0 ",0
"cmp r3, 0 ",0
bne 0x17ae4 ,0
"mov r0, r0 ",0
"ldrb r3, [r1, r4] ",0
"strb r3, [r2, r4] ",0
"add r4, r4, 1 ",0
b 0x17ab0 ,0
"mov r0, r0 ",0
"mov r0, r0 ",0
"mov r2, lr ",0
bl 0x17af8 ,0
"stmdavs pc!, {r0, r1, r3, r5, r6, sb, fp, lr} ",1
"andeq r0, r0, r0 ",0
"mov r1, lr ",0
"mov lr, r2 ",0
"ldr r3, [0x0001831c] ",0
"add r2, sb, r3 ",0
"mov r4, 0 ",0
"mov r0, r0 ",0
"mov r3, 5 ",0
"cmp r4, r3 ",0
"movhs r3, 1 ",0
"movlo r3, 0 ",0
"cmp r3, 0 ",0
bne 0x17b40 ,0
"mov r0, r0 ",0
"ldrb r3, [r1, r4] ",0
"strb r3, [r2, r4] ",0
"add r4, r4, 1 ",0
b 0x17b0c ,0
"mov r0, r0 ",0
"mov r0, r0 ",0
"mov r2, lr ",0
bl 0x17b54 ,0
"stmdavs pc!, {r0, r2, r3, r6, sb, fp, lr} ",1
"andeq r0, r0, r0 ",0
"mov r1, lr ",0
"mov lr, r2 ",0
"ldr r3, [0x00018318] ",0
"add r2, sb, r3 ",0
"mov r4, 0 ",0
"mov r0, r0 ",0
"mov r3, 5 ",0
"cmp r4, r3 ",0
"movhs r3, 1 ",0
"movlo r3, 0 ",0
"cmp r3, 0 ",0
bne 0x17b9c ,0
"mov r0, r0 ",0
"ldrb r3, [r1, r4] ",0
"strb r3, [r2, r4] ",0
"add r4, r4, 1 ",0
b 0x17b68 ,0
"mov r0, r0 ",0
"mov r0, r0 ",0
"mov r2, lr ",0
bl 0x17bb0 ,0
"stmdavs pc!, {r0, r1, r2, r6, sb, fp, lr} ",1
"andeq r0, r0, r0 ",0
"mov r1, lr ",0
"mov lr, r2 ",0
"ldr r3, [0x00018314] ",0
"add r2, sb, r3 ",0
"mov r4, 0 ",0
"mov r0, r0 ",0
"mov r3, 5 ",0
"cmp r4, r3 ",0
"movhs r3, 1 ",0
"movlo r3, 0 ",0
"cmp r3, 0 ",0
bne 0x17bf8 ,0
"mov r0, r0 ",0
"ldrb r3, [r1, r4] ",0
"strb r3, [r2, r4] ",0
"add r4, r4, 1 ",0
b 0x17bc4 ,0
"mov r0, r0 ",0
"mov r0, r0 ",0
"mov r2, lr ",0
bl 0x17c08 ,0
"andeq r6, r0, sp, ror 24 ",1
"mov r1, lr ",0
"mov lr, r2 ",0
"ldr r3, [0x00018310] ",0
"add r2, sb, r3 ",0
"mov r4, 0 ",0
"mov r0, r0 ",0
"mov r3, 3 ",0
"cmp r4, r3 ",0
"movhs r3, 1 ",0
"movlo r3, 0 ",0
"cmp r3, 0 ",0
bne 0x17c50 ,0
"mov r0, r0 ",0
"ldrb r3, [r1, r4] ",0
"strb r3, [r2, r4] ",0
"add r4, r4, 1 ",0
b 0x17c1c ,0
"mov r0, r0 ",0
"mov r0, r0 ",0
"mov r2, lr ",0
bl 0x17c60 ,0
"andeq r0, r0, ip, rrx ",1
"mov r1, lr ",0
"mov lr, r2 ",0
"ldr r3, [0x0001830c] ",0
"add r2, sb, r3 ",0
"mov r4, 0 ",0
"mov r0, r0 ",0
"mov r3, 2 ",0
"cmp r4, r3 ",0
"movhs r3, 1 ",0
"movlo r3, 0 ",0
"cmp r3, 0 ",0
bne 0x17ca8 ,0
"mov r0, r0 ",0
"ldrb r3, [r1, r4] ",0
"strb r3, [r2, r4] ",0
"add r4, r4, 1 ",0
b 0x17c74 ,0
"mov r0, r0 ",0
"mov r0, r0 ",0
"mov r2, lr ",0
bl 0x17cb8 ,0
"eorseq r5, r3, sp, ror 28 ",1
"mov r1, lr ",0
"mov lr, r2 ",0
"ldr r3, [0x00018308] ",0
"add r2, sb, r3 ",0
"mov r4, 0 ",0
"mov r0, r0 ",0
"mov r3, 4 ",0
"cmp r4, r3 ",0
"movhs r3, 1 ",0
"movlo r3, 0 ",0
"cmp r3, 0 ",0
bne 0x17d00 ,0
"mov r0, r0 ",0
"ldrb r3, [r1, r4] ",0
"strb r3, [r2, r4] ",0
"add r4, r4, 1 ",0
b 0x17ccc ,0
"mov r0, r0 ",0
"mov r0, r0 ",0
"mov r2, lr ",0
bl 0x17d14 ,0
"stmdavs pc!, {r0, r2, r3, r5, r6, sl, fp, sp, lr} ",1
"andeq r0, r0, r0 ",0
"mov r1, lr ",0
"mov lr, r2 ",0
"ldr r3, [0x00018304] ",0
"add r2, sb, r3 ",0
"mov r4, 0 ",0
"mov r0, r0 ",0
"mov r3, 5 ",0
"cmp r4, r3 ",0
"movhs r3, 1 ",0
"movlo r3, 0 ",0
"cmp r3, 0 ",0
bne 0x17d5c ,0
"mov r0, r0 ",0
"ldrb r3, [r1, r4] ",0
"strb r3, [r2, r4] ",0
"add r4, r4, 1 ",0
b 0x17d28 ,0
"mov r0, r0 ",0
"mov r0, r0 ",0
"mov r2, lr ",0
bl 0x17d6c ,0
"rsbeq r2, r8, ip, ror 30 ",1
"mov r1, lr ",0
"mov lr, r2 ",0
"ldr r3, [0x00018300] ",0
"add r2, sb, r3 ",0
"mov r4, 0 ",0
"mov r0, r0 ",0
"mov r3, 4 ",0
"cmp r4, r3 ",0
"movhs r3, 1 ",0
"movlo r3, 0 ",0
"cmp r3, 0 ",0
bne 0x17db4 ,0
"mov r0, r0 ",0
"ldrb r3, [r1, r4] ",0
"strb r3, [r2, r4] ",0
"add r4, r4, 1 ",0
b 0x17d80 ,0
"mov r0, r0 ",0
"mov r0, r0 ",0
"mov r2, lr ",0
bl 0x17dc8 ,0
svchs 0x335e6d ,1
"andeq r0, r0, r8, rrx ",1
"mov r1, lr ",0
"mov lr, r2 ",0
"ldr r3, [0x000182fc] ",0
"add r2, sb, r3 ",0
"mov r4, 0 ",0
"mov r0, r0 ",0
"mov r3, 6 ",0
"cmp r4, r3 ",0
"movhs r3, 1 ",0
"movlo r3, 0 ",0
"cmp r3, 0 ",0
bne 0x17e10 ,0
"mov r0, r0 ",0
"ldrb r3, [r1, r4] ",0
"strb r3, [r2, r4] ",0
"add r4, r4, 1 ",0
b 0x17ddc ,0
"mov r0, r0 ",0
"mov r0, r0 ",0
"mov r1, 0x24 ",0
"strb r1, [sb, 0x425] ",0
"mov r1, 0x25 ",0
"strb r1, [sb, 0x426] ",0
"mov r1, 0x26 ",0
"strb r1, [sb, 0x427] ",0
"mov r1, 0x1b ",0
"strb r1, [sb, 0x428] ",0
"mov r1, 0x1c ",0
"strb r1, [sb, 0x429] ",0
"mov r1, 0x1d ",0
"strb r1, [sb, 0x42a] ",0
"mov r1, 1 ",0
"strb r1, [sb, 0x42b] ",0
"mov r1, 2 ",0
"strb r1, [sb, 0x42c] ",0
"mov r1, 3 ",0
"strb r1, [sb, 0x42d] ",0
"mov r1, 0x11 ",0
"strb r1, [sb, 0x42e] ",0
"mov r1, 0x12 ",0
"strb r1, [sb, 0x42f] ",0
"mov r1, 0x13 ",0
"strb r1, [sb, 0x430] ",0
"mov r1, 0x28 ",0
"strb r1, [sb, 0x431] ",0
"mov r1, 0x29 ",0
"strb r1, [sb, 0x432] ",0
"mov r1, 0x2a ",0
"strb r1, [sb, 0x433] ",0
"mov r1, 0x31 ",0
"strb r1, [sb, 0x434] ",0
"mov r1, 0x32 ",0
"strb r1, [sb, 0x435] ",0
"mov r1, 0x33 ",0
"strb r1, [sb, 0x436] ",0
"mov r1, 3 ",0
"strb r1, [sb, 0x437] ",0
"mov r1, 0 ",0
"strb r1, [sb, 0x438] ",0
"mov r1, 6 ",0
"strb r1, [sb, 0x439] ",0
"mov r1, 3 ",0
"strb r1, [sb, 0x43a] ",0
"mov r1, 0 ",0
"strb r1, [sb, 0x43b] ",0
"mov r1, 3 ",0
"strb r1, [sb, 0x43c] ",0
"mov r1, 0 ",0
"strb r1, [sb, 0x43d] ",0
"mov r1, 6 ",0
"strb r1, [sb, 0x43e] ",0
"mov r1, 7 ",0
"strb r1, [sb, 0x43f] ",0
"mov r1, 9 ",0
"strb r1, [sb, 0x440] ",0
"mov r1, 3 ",0
"strb r1, [sb, 0x441] ",0
"mov r1, 3 ",0
"strb r1, [sb, 0x442] ",0
"mov r1, 3 ",0
"strb r1, [sb, 0x443] ",0
"mov r1, 3 ",0
"strb r1, [sb, 0x444] ",0
"mov r1, 0 ",0
"strb r1, [sb, 0x445] ",0
"mov r1, 0 ",0
"strb r1, [sb, 0x446] ",0
"mov r1, 1 ",0
"ldr r8, [0x000182f8] ",0
"str r1, [r8] ",0
"mov r0, r0 ",0
"ldr r8, [0x000182f8] ",0
"ldr r1, [r8] ",0
"cmp r1, 0x12 ",0
"movgt r1, 1 ",0
"movle r1, 0 ",0
"cmp r1, 0 ",0
bne 0x17f88 ,0
"mov r0, r0 ",0
"mov r0, 0 ",0
"ldr r8, [0x000182f8] ",0
"ldr r1, [r8] ",0
"ldr r2, [0x000182f4] ",0
"add r1, r1, r2 ",0
"ldr r2, [0x000182f0] ",0
"add r2, r2, r1 ",0
"strb r0, [sb, r2] ",0
"ldr r0, [r8] ",0
"add r0, r0, 1 ",0
"str r0, [r8] ",0
b 0x17f30 ,0
"mov r0, r0 ",0
"mov r0, r0 ",0
"mov r1, lr ",0
bl 0x17f98 ,0
"andeq r0, r0, r0 ",0
"mov r0, lr ",0
"mov lr, r1 ",0
"ldr r2, [0x000182ec] ",0
"add r1, sb, r2 ",0
"mov r3, 0 ",0
"mov r0, r0 ",0
"mov r2, 1 ",0
"cmp r3, r2 ",0
"movhs r2, 1 ",0
"movlo r2, 0 ",0
"cmp r2, 0 ",0
bne 0x17fe0 ,0
"mov r0, r0 ",0
"ldrb r2, [r0, r3] ",0
"strb r2, [r1, r3] ",0
"add r3, r3, 1 ",0
b 0x17fac ,0
"mov r0, r0 ",0
"mov r0, r0 ",0
"mov r1, lr ",0
bl 0x17ff0 ,0
"andeq r0, r0, r0 ",0
"mov r0, lr ",0
"mov lr, r1 ",0
"ldr r2, [0x000182e8] ",0
"add r1, sb, r2 ",0
"mov r3, 0 ",0
"mov r0, r0 ",0
"mov r2, 1 ",0
"cmp r3, r2 ",0
"movhs r2, 1 ",0
"movlo r2, 0 ",0
"cmp r2, 0 ",0
bne 0x18038 ,0
"mov r0, r0 ",0
"ldrb r2, [r0, r3] ",0
"strb r2, [r1, r3] ",0
"add r3, r3, 1 ",0
b 0x18004 ,0
"mov r0, r0 ",0
"mov r0, r0 ",0
"mov r0, 0 ",0
"ldr r1, [0x000182e4] ",0
"strh r0, [sb, r1] ",0
"mov r0, 0 ",0
"ldr r1, [0x000182e0] ",0
"strh r0, [sb, r1] ",0
"mov r0, 0 ",0
"ldr r1, [0x000182dc] ",0
"strh r0, [sb, r1] ",0
"mov r0, 0 ",0
"strb r0, [sb, 0x47e] ",0
"mov r0, 0 ",0
"strb r0, [sb, 0x47f] ",0
"mov r0, 0 ",0
"ldr r1, [0x000182d8] ",0
"strh r0, [sb, r1] ",0
"mov r0, 0 ",0
"strb r0, [sb, 0x482] ",0
"mov r0, 0 ",0
"strb r0, [sb, 0x483] ",0
"mov r0, 0 ",0
"strb r0, [sb, 0x484] ",0
"mov r0, 0 ",0
"strb r0, [sb, 0x485] ",0
"mov r0, 0 ",0
"strb r0, [sb, 0x486] ",0
"mov r0, 0 ",0
"strb r0, [sb, 0x487] ",0
"mov r0, 0 ",0
"strb r0, [sb, 0x488] ",0
"mov r0, 0 ",0
"strb r0, [sb, 0x489] ",0
"mov r0, 0 ",0
"strb r0, [sb, 0x48a] ",0
"mov r0, 0 ",0
"strb r0, [sb, 0x48b] ",0
"mov r0, 0 ",0
"strb r0, [sb, 0x48c] ",0
"mov r0, 0 ",0
"str r0, [sb, 0x490] ",0
"mov r0, 0 ",0
"str r0, [sb, 0x494] ",0
"mov r0, 0 ",0
"str r0, [sb, 0x498] ",0
"mov r0, 0 ",0
"strb r0, [sb, 0x49c] ",0
"mov r0, 0 ",0
"strb r0, [sb, 0x49d] ",0
"mov r0, 0 ",0
"strb r0, [sb, 0x49e] ",0
"mov r0, 0 ",0
"strb r0, [sb, 0x49f] ",0
"mov r0, 0 ",0
"strb r0, [sb, 0x4a0] ",0
"mov r0, 0 ",0
"strb r0, [sb, 0x4a1] ",0
"mov r0, 0 ",0
"strb r0, [sb, 0x4a2] ",0
"mov r0, 0 ",0
"strb r0, [sb, 0x4a3] ",0
"ldr r8, [0x000182d4] ",0
"ldrb r0, [r8] ",0
"str r0, [sp, -4]! ",0
"str sb, [sp, -4]! ",0
"ldr r1, [0x000182d0] ",0
"add sb, sb, r1 ",0
"str sb, [sp, -4]! ",0
"str r8, [sp, -4]! ",0
"str lr, [sp, -4]! ",0
"ldr r8, [0x000182cc] ",0
"ldr r8, [r8] ",0
"mov lr, pc ",0
"mov pc, r8 ",0
"mov r0, r0 ",0
pop {lr} ,0
pop {r8} ,0
pop {sb} ,0
pop {sb} ,0
pop {r0} ,0
"strb r0, [r8, -0x5e2] ",0
"ldrb r0, [r8] ",0
"str r0, [sp, -4]! ",0
"str sb, [sp, -4]! ",0
"ldr r1, [0x000182c8] ",0
"add sb, sb, r1 ",0
"str sb, [sp, -4]! ",0
"str r8, [sp, -4]! ",0
"str lr, [sp, -4]! ",0
"ldr r8, [0x000182c4] ",0
"ldr r8, [r8] ",0
"mov lr, pc ",0
"mov pc, r8 ",0
"mov r0, r0 ",0
pop {lr} ,0
pop {r8} ,0
pop {sb} ,0
pop {sb} ,0
pop {r0} ,0
"strb r0, [r8, -0x5e2] ",0
"mov r0, 1 ",0
"ldr r8, [0x000182f8] ",0
"str r0, [r8] ",0
"mov r0, r0 ",0
"ldr r8, [0x000182f8] ",0
"ldr r0, [r8] ",0
"cmp r0, 0x14 ",0
"movgt r0, 1 ",0
"movle r0, 0 ",0
"cmp r0, 0 ",0
bne 0x18280 ,0
"mov r0, r0 ",0
"ldr r8, [0x000182d4] ",0
"ldrb r0, [r8] ",0
"str r0, [sp, -4]! ",0
"str sb, [sp, -4]! ",0
"ldr r8, [0x000182f8] ",0
"ldr r1, [r8] ",0
"ldr r2, [0x000182f4] ",0
"add r1, r1, r2 ",0
"mov r2, 0x2c ",0
"mul r1, r1, r2 ",0
"add sb, sb, r1 ",0
"ldr r2, [0x000182c0] ",0
"add sb, sb, r2 ",0
"str sb, [sp, -4]! ",0
"str r8, [sp, -4]! ",0
"str lr, [sp, -4]! ",0
"ldr r8, [0x000182bc] ",0
"ldr r8, [r8] ",0
"mov lr, pc ",0
"mov pc, r8 ",0
"mov r0, r0 ",0
pop {lr} ,0
pop {r8} ,0
pop {sb} ,0
pop {sb} ,0
pop {r0} ,0
"ldr r8, [0x000182b8] ",0
"strb r0, [r8] ",0
"ldr r8, [0x000182f8] ",0
"ldr r0, [r8] ",0
"add r0, r0, 1 ",0
"str r0, [r8] ",0
b 0x181d4 ,0
"mov r0, r0 ",0
"mov r0, r0 ",0
"mov r0, 0 ",0
"strb r0, [sb, 0x950] ",0
"mov r0, 0 ",0
"strb r0, [sb, 0x951] ",0
pop {r0} ,0
"cmp r0, 0 ",0
bne 0x182a4 ,0
"mov r0, r0 ",0
"mov r0, r0 ",0
pop {r1} ,0
"ldr r0, [0x000182f8] ",0
"str r1, [r0] ",0
"ldmdb fp, {fp, sp, pc} ",0
"strheq r4, [r0], -r7 ",1
"strheq r0, [r0], -r8 ",1
"andeq r0, r0, r0, ror 11 ",1
"strheq r0, [r0], -r4 ",1
"strheq r0, [r0], -ip ",1
"andeq r0, r0, ip, lsr 1 ",1
"andeq r0, r0, r4, lsr 9 ",1
"muleq r0, sb, r0 ",1
"andeq r0, r0, r0, lsl 9 ",1
"andeq r0, r0, ip, ror r4 ",1
"andeq r0, r0, sl, ror r4 ",1
"andeq r0, r0, r8, ror r4 ",1
"andeq r0, r0, r1, ror 8 ",1
"andeq r0, r0, sb, asr r4 ",1
"andeq r0, r0, r7, asr 8 ",1
invalid ,1
"andeq r6, r0, r8, ror sb ",1
"andeq r0, r0, sp, lsl r4 ",1
"andeq r0, r0, r5, lsl r4 ",1
"andeq r0, r0, sp, lsl 8 ",1
"andeq r0, r0, r5, lsl 8 ",1
"strdeq r0, r1, [r0], -sp ",1
"strdeq r0, r1, [r0], -r5 ",1
"andeq r0, r0, sp, ror 7 ",1
"andeq r0, r0, r5, ror 7 ",1
"ldrdeq r0, r1, [r0], -sp ",1
"ldrdeq r0, r1, [r0], -r5 ",1
"andeq r0, r0, sp, asr 7 ",1
"andeq r0, r0, r5, asr 7 ",1
"strheq r0, [r0], -sp ",1
"strheq r0, [r0], -r5 ",1
"andeq r0, r0, sp, lsr 7 ",1
"andeq r0, r0, r5, lsr 7 ",1
"muleq r0, sp, r3 ",1
"muleq r0, r5, r3 ",1
"andeq r0, r0, sp, ror r3 ",1
"andeq r0, r0, r5, ror r3 ",1
"andeq r0, r0, sp, ror 6 ",1
"andeq r0, r0, r5, ror 6 ",1
"andeq r0, r0, sp, asr r3 ",1
"andeq r0, r0, r5, asr r3 ",1
"andeq r0, r0, sp, asr 6 ",1
"andeq r0, r0, r5, asr 6 ",1
"mov ip, sp ",0
"push {fp, ip, lr} ",0
"mov fp, ip ",0
"ldrb r0, [sb, 0x382] ",0
"cmp r0, 0 ",0
"movne r0, 1 ",0
"moveq r0, 0 ",0
"cmp r0, 0 ",0
bne 0x18458 ,0
"mov r0, r0 ",0
"ldr r0, [sb, 0x390] ",0
"ldrb r0, [r0] ",0
"eor r0, r0, 1 ",0
"cmp r0, 0 ",0
bne 0x18448 ,0
"mov r0, r0 ",0
"ldr r0, [sb, 0x390] ",0
"ldrb r0, [r0, 4] ",0
"cmp r0, 0 ",0
bne 0x183c8 ,0
"mov r0, r0 ",0
"mov r0, 0 ",0
"ldr r1, [sb, 0x390] ",0
"ldr r2, [0x000193b8] ",0
"strh r0, [r1, r2] ",0
"mov r0, r0 ",0
"mov r0, r0 ",0
"mov r0, 1 ",0
"ldr r1, [sb, 0x390] ",0
"strb r0, [r1, 2] ",0
"mov r0, 0 ",0
"ldr r1, [sb, 0x390] ",0
"strb r0, [r1, 0x114] ",0
"mov r0, 0 ",0
"ldr r1, [sb, 0x390] ",0
"strb r0, [r1, 0x116] ",0
"mov r0, 0 ",0
"ldr r1, [sb, 0x390] ",0
"strb r0, [r1, 0x115] ",0
"mov r0, 0 ",0
"ldr r1, [sb, 0x390] ",0
"strb r0, [r1] ",0
"mov r0, 0 ",0
"ldr r1, [0x000193b4] ",0
"strh r0, [sb, r1] ",0
"mov r0, 0 ",0
"ldr r1, [0x000193b0] ",0
"strh r0, [sb, r1] ",0
"mov r0, 0 ",0
"ldr r1, [0x000193ac] ",0
"strh r0, [sb, r1] ",0
"mov r0, 0 ",0
"strb r0, [sb, 0x37e] ",0
"mov r0, 1 ",0
"strb r0, [sb, 0x37d] ",0
"mov r0, 1 ",0
"strb r0, [sb, 0x382] ",0
"mov r0, r0 ",0
"mov r0, r0 ",0
b 0x1a1bc ,0
"mov r0, r0 ",0
"mov r0, r0 ",0
"ldrb r0, [sb, 0x382] ",0
"cmp r0, 1 ",0
"movne r0, 1 ",0
"moveq r0, 0 ",0
"cmp r0, 0 ",0
bne 0x1867c ,0
"mov r0, r0 ",0
"ldrb r0, [sb, 0x37d] ",0
"strb r0, [sb, 0x14d] ",0
"ldrb r0, [sb, 0x387] ",0
"strb r0, [sb, 0x14e] ",0
"ldr r0, [0x000193a8] ",0
"ldrsh r0, [sb, r0] ",0
"ldr r1, [0x000193a4] ",0
"strh r0, [sb, r1] ",0
"ldr r8, [0x000193a0] ",0
"ldrsh r0, [r8] ",0
"ldr r1, [0x0001939c] ",0
"strh r0, [sb, r1] ",0
"ldrsh r0, [r8, 4] ",0
"ldr r1, [0x00019398] ",0
"strh r0, [sb, r1] ",0
"ldrsh r0, [r8, -0x26] ",0
"ldr r1, [0x00019394] ",0
"strh r0, [sb, r1] ",0
"ldr r0, [0x00019390] ",0
"ldrsh r0, [r8, r0] ",0
"ldr r1, [0x0001938c] ",0
"strh r0, [sb, r1] ",0
"ldr r0, [0x000193b4] ",0
"ldrsh r0, [sb, r0] ",0
"ldr r1, [0x00019388] ",0
"strh r0, [sb, r1] ",0
"ldr r1, [0x00019384] ",0
"add r0, sb, r1 ",0
"str r0, [sb, 0x15c] ",0
"ldr r1, [0x00019380] ",0
"add r0, sb, r1 ",0
"str r0, [sb, 0x164] ",0
"ldr r1, [0x000193b0] ",0
"add r0, sb, r1 ",0
"str r0, [sb, 0x168] ",0
"ldr r1, [0x0001937c] ",0
"add r0, sb, r1 ",0
"str r0, [sb, 0x16c] ",0
"str sb, [sp, -4]! ",0
"add sb, sb, 0x18 ",0
"str sb, [sp, -4]! ",0
"str r8, [sp, -4]! ",0
"str lr, [sp, -4]! ",0
"ldr r8, [0x00019378] ",0
"ldr r8, [r8] ",0
"mov lr, pc ",0
"mov pc, r8 ",0
"mov r0, r0 ",0
pop {lr} ,0
pop {r8} ,0
pop {sb} ,0
pop {sb} ,0
"ldrb r0, [sb, 0x160] ",0
"cmp r0, 0 ",0
"movne r0, 1 ",0
"moveq r0, 0 ",0
"cmp r0, 0 ",0
bne 0x1864c ,0
"mov r0, r0 ",0
"ldrb r0, [sb, 0x161] ",0
"eor r0, r0, 1 ",0
"cmp r0, 0 ",0
bne 0x1863c ,0
"mov r0, r0 ",0
"ldrb r0, [sb, 0x38a] ",0
"cmp r0, 0 ",0
"moveq r0, 1 ",0
"movne r0, 0 ",0
"ldrb r1, [sb, 0x38a] ",0
"mov r2, 0xff ",0
"cmp r1, r2 ",0
"moveq r1, 1 ",0
"movne r1, 0 ",0
"orr r0, r0, r1 ",0
"eor r0, r0, 1 ",0
"cmp r0, 0 ",0
bne 0x185c0 ,0
"mov r0, r0 ",0
"mov r0, 3 ",0
"strb r0, [sb, 0x386] ",0
b 0x185cc ,0
"mov r0, r0 ",0
"mov r0, r0 ",0
"ldrb r0, [sb, 0x38a] ",0
"strb r0, [sb, 0x386] ",0
"mov r0, r0 ",0
"mov r0, 0 ",0
"ldr r1, [0x000193b0] ",0
"strh r0, [sb, r1] ",0
"mov r0, 0 ",0
"ldr r1, [0x000193ac] ",0
"strh r0, [sb, r1] ",0
"ldr r0, [sb, 0x390] ",0
"ldrb r0, [r0, 3] ",0
"ldr r1, [sb, 0x390] ",0
"ldr r1, [r1, 8] ",0
"mov r2, 0xff ",0
"cmp r1, r2 ",0
"movhi r1, 1 ",0
"movls r1, 0 ",0
"orr r0, r0, r1 ",0
"eor r0, r0, 1 ",0
"cmp r0, 0 ",0
bne 0x1862c ,0
"mov r0, r0 ",0
"mov r0, 2 ",0
"strb r0, [sb, 0x382] ",0
b 0x18638 ,0
"mov r0, r0 ",0
"mov r0, r0 ",0
"mov r0, 4 ",0
"strb r0, [sb, 0x382] ",0
"mov r0, r0 ",0
"mov r0, r0 ",0
"mov r0, r0 ",0
b 0x18670 ,0
"mov r0, r0 ",0
"mov r0, r0 ",0
"ldrb r0, [sb, 0x160] ",0
"ldr r1, [sb, 0x390] ",0
"strb r0, [r1, 0x116] ",0
"mov r0, 1 ",0
"ldr r1, [sb, 0x390] ",0
"strb r0, [r1, 0x114] ",0
"mov r0, 6 ",0
"strb r0, [sb, 0x382] ",0
"mov r0, r0 ",0
b 0x1a1bc ,0
"mov r0, r0 ",0
"mov r0, r0 ",0
"ldrb r0, [sb, 0x382] ",0
"cmp r0, 2 ",0
"movne r0, 1 ",0
"moveq r0, 0 ",0
"cmp r0, 0 ",0
bne 0x18b38 ,0
"mov r0, r0 ",0
"ldrb r0, [sb, 0x37e] ",0
"cmp r0, 0 ",0
bne 0x18a78 ,0
"mov r0, r0 ",0
"ldr r0, [sb, 0x390] ",0
"ldr r0, [r0, 8] ",0
"mov r1, 0xff ",0
"cmp r0, r1 ",0
"movls r0, 1 ",0
"movhi r0, 0 ",0
"cmp r0, 0 ",0
bne 0x187e8 ,0
"mov r0, r0 ",0
"mov r0, 0x68 ",0
"strb r0, [sb, 0x274] ",0
"mov r0, 0xb ",0
"strb r0, [sb, 0x275] ",0
"mov r0, 0xb ",0
"strb r0, [sb, 0x276] ",0
"mov r0, 0x68 ",0
"strb r0, [sb, 0x277] ",0
"mov r0, 0x73 ",0
"strb r0, [sb, 0x278] ",0
"mov r0, 0xfd ",0
"strb r0, [sb, 0x279] ",0
"mov r0, 0x52 ",0
"strb r0, [sb, 0x27a] ",0
"ldr r0, [sb, 0x390] ",0
"ldr r0, [r0, 8] ",0
"mov r1, 0xff ",0
"and r0, r0, r1 ",0
"mov r1, 0xff ",0
"and r0, r1, r0 ",0
"strb r0, [sb, 0x27b] ",0
"ldr r0, [sb, 0x390] ",0
"ldr r0, [r0, 8] ",0
"lsr r0, r0, 8 ",0
"mov r1, 0xff ",0
"and r0, r0, r1 ",0
"mov r1, 0xff ",0
"and r0, r1, r0 ",0
"strb r0, [sb, 0x27c] ",0
"ldr r0, [sb, 0x390] ",0
"ldr r0, [r0, 8] ",0
"lsr r0, r0, 0x10 ",0
"mov r1, 0xff ",0
"and r0, r0, r1 ",0
"mov r1, 0xff ",0
"and r0, r1, r0 ",0
"strb r0, [sb, 0x27d] ",0
"ldr r0, [sb, 0x390] ",0
"ldr r0, [r0, 8] ",0
"lsr r0, r0, 0x18 ",0
"mov r1, 0xff ",0
"and r0, r0, r1 ",0
"mov r1, 0xff ",0
"and r0, r1, r0 ",0
"strb r0, [sb, 0x27e] ",0
"mov r0, 0xff ",0
"strb r0, [sb, 0x27f] ",0
"mov r0, 0xff ",0
"strb r0, [sb, 0x280] ",0
"mov r0, 0xff ",0
"strb r0, [sb, 0x281] ",0
"mov r0, 0xff ",0
"strb r0, [sb, 0x282] ",0
"mov r0, 0xbe ",0
"ldrb r1, [sb, 0x27b] ",0
"add r0, r0, r1 ",0
"ldrb r1, [sb, 0x27c] ",0
"add r0, r0, r1 ",0
"ldrb r1, [sb, 0x27d] ",0
"add r0, r0, r1 ",0
"ldrb r1, [sb, 0x27e] ",0
"add r0, r0, r1 ",0
"strb r0, [sb, 0x283] ",0
"mov r0, 0x16 ",0
"strb r0, [sb, 0x284] ",0
"mov r0, 0x11 ",0
"ldr r1, [0x000193b4] ",0
"strh r0, [sb, r1] ",0
b 0x18850 ,0
"mov r0, r0 ",0
"mov r0, r0 ",0
"mov r0, 0x10 ",0
"strb r0, [sb, 0x274] ",0
"mov r0, 0x40 ",0
"strb r0, [sb, 0x275] ",0
"ldr r0, [sb, 0x390] ",0
"ldr r0, [r0, 8] ",0
"mov r1, 0xff ",0
"and r0, r0, r1 ",0
"mov r1, 0xff ",0
"and r0, r1, r0 ",0
"strb r0, [sb, 0x276] ",0
"mov r0, 0x40 ",0
"ldr r1, [sb, 0x390] ",0
"ldr r1, [r1, 8] ",0
"mov r2, 0xff ",0
"and r1, r1, r2 ",0
"mov r2, 0xff ",0
"and r1, r2, r1 ",0
"add r0, r0, r1 ",0
"strb r0, [sb, 0x277] ",0
"mov r0, 0x16 ",0
"strb r0, [sb, 0x278] ",0
"mov r0, 5 ",0
"ldr r1, [0x000193b4] ",0
"strh r0, [sb, r1] ",0
"mov r0, r0 ",0
"mov r0, 0 ",0
"ldr r1, [sb, 0x390] ",0
"ldr r2, [0x000193b8] ",0
"strh r0, [r1, r2] ",0
"mov r0, 0 ",0
"ldr r1, [0x000193b0] ",0
"strh r0, [sb, r1] ",0
"mov r0, 0 ",0
"ldr r1, [0x000193ac] ",0
"strh r0, [sb, r1] ",0
"mov r0, 1 ",0
"strb r0, [sb, 0x37e] ",0
"ldrb r0, [sb, 0x37d] ",0
"strb r0, [sb, 0x14d] ",0
"ldrb r0, [sb, 0x387] ",0
"strb r0, [sb, 0x14e] ",0
"ldr r0, [0x000193a8] ",0
"ldrsh r0, [sb, r0] ",0
"ldr r1, [0x000193a4] ",0
"strh r0, [sb, r1] ",0
"ldr r8, [0x000193a0] ",0
"ldrsh r0, [r8] ",0
"ldr r1, [0x0001939c] ",0
"strh r0, [sb, r1] ",0
"ldrsh r0, [r8, 4] ",0
"ldr r1, [0x00019398] ",0
"strh r0, [sb, r1] ",0
"ldrsh r0, [r8, -0x26] ",0
"ldr r1, [0x00019394] ",0
"strh r0, [sb, r1] ",0
"ldr r0, [0x00019390] ",0
"ldrsh r0, [r8, r0] ",0
"ldr r1, [0x0001938c] ",0
"strh r0, [sb, r1] ",0
"ldr r0, [0x000193b4] ",0
"ldrsh r0, [sb, r0] ",0
"ldr r1, [0x00019388] ",0
"strh r0, [sb, r1] ",0
"ldr r1, [0x00019384] ",0
"add r0, sb, r1 ",0
"str r0, [sb, 0x15c] ",0
"ldr r1, [0x00019380] ",0
"add r0, sb, r1 ",0
"str r0, [sb, 0x164] ",0
"ldr r1, [0x000193b0] ",0
"add r0, sb, r1 ",0
"str r0, [sb, 0x168] ",0
"ldr r1, [0x0001937c] ",0
"add r0, sb, r1 ",0
"str r0, [sb, 0x16c] ",0
"str sb, [sp, -4]! ",0
"add sb, sb, 0x18 ",0
"str sb, [sp, -4]! ",0
"str r8, [sp, -4]! ",0
"str lr, [sp, -4]! ",0
"ldr r8, [0x00019378] ",0
"ldr r8, [r8] ",0
"mov lr, pc ",0
"mov pc, r8 ",0
"mov r0, r0 ",0
pop {lr} ,0
pop {r8} ,0
pop {sb} ,0
pop {sb} ,0
"ldrb r0, [sb, 0x160] ",0
"cmp r0, 0 ",0
"movne r0, 1 ",0
"moveq r0, 0 ",0
"cmp r0, 0 ",0
bne 0x18a48 ,0
"mov r0, r0 ",0
"mov r0, 0 ",0
"ldr r1, [sb, 0x390] ",0
"strb r0, [r1, 0x116] ",0
"mov r0, 0 ",0
"strb r0, [sb, 8] ",0
"str r0, [sp, -4]! ",0
"mov r0, sb ",0
"str sb, [sp, -4]! ",0
"str r8, [sp, -4]! ",0
"str lr, [sp, -4]! ",0
"ldr r8, [0x00019374] ",0
"ldr r8, [r8] ",0
"mov lr, pc ",0
"mov pc, r8 ",0
"mov r0, r0 ",0
pop {lr} ,0
pop {r8} ,0
pop {sb} ,0
pop {r0} ,0
"ldr r0, [sb, 0x38c] ",0
"cmp r0, 0 ",0
"movne r0, 1 ",0
"moveq r0, 0 ",0
"cmp r0, 0 ",0
bne 0x189e8 ,0
"mov r0, r0 ",0
"ldr r0, [0x00019370] ",0
"str r0, [sb, 0xc] ",0
b 0x189f4 ,0
"mov r0, r0 ",0
"mov r0, r0 ",0
"ldr r0, [sb, 0x38c] ",0
"str r0, [sb, 0xc] ",0
"mov r0, r0 ",0
"mov r0, 1 ",0
"strb r0, [sb, 8] ",0
"str r0, [sp, -4]! ",0
"mov r0, sb ",0
"str sb, [sp, -4]! ",0
"str r8, [sp, -4]! ",0
"str lr, [sp, -4]! ",0
"ldr r8, [0x00019374] ",0
"ldr r8, [r8] ",0
"mov lr, pc ",0
"mov pc, r8 ",0
"mov r0, r0 ",0
pop {lr} ,0
pop {r8} ,0
pop {sb} ,0
pop {r0} ,0
"mov r0, 3 ",0
"strb r0, [sb, 0x382] ",0
b 0x18a6c ,0
"mov r0, r0 ",0
"mov r0, r0 ",0
"ldrb r0, [sb, 0x160] ",0
"ldr r1, [sb, 0x390] ",0
"strb r0, [r1, 0x116] ",0
"mov r0, 1 ",0
"ldr r1, [sb, 0x390] ",0
"strb r0, [r1, 0x114] ",0
"mov r0, 6 ",0
"strb r0, [sb, 0x382] ",0
"mov r0, r0 ",0
b 0x18b2c ,0
"mov r0, r0 ",0
"mov r0, r0 ",0
"ldrb r0, [sb, 0x37d] ",0
"strb r0, [sb, 0x14d] ",0
"ldrb r0, [sb, 0x387] ",0
"strb r0, [sb, 0x14e] ",0
"ldr r1, [0x00019380] ",0
"add r0, sb, r1 ",0
"str r0, [sb, 0x164] ",0
"ldr r1, [0x000193b0] ",0
"add r0, sb, r1 ",0
"str r0, [sb, 0x168] ",0
"ldr r1, [0x0001937c] ",0
"add r0, sb, r1 ",0
"str r0, [sb, 0x16c] ",0
"str sb, [sp, -4]! ",0
"add sb, sb, 0x18 ",0
"str sb, [sp, -4]! ",0
"str r8, [sp, -4]! ",0
"str lr, [sp, -4]! ",0
"ldr r8, [0x00019378] ",0
"ldr r8, [r8] ",0
"mov lr, pc ",0
"mov pc, r8 ",0
"mov r0, r0 ",0
pop {lr} ,0
pop {r8} ,0
pop {sb} ,0
pop {sb} ,0
"ldrb r0, [sb, 0x160] ",0
"cmp r0, 0 ",0
"moveq r0, 1 ",0
"movne r0, 0 ",0
"cmp r0, 0 ",0
bne 0x18b24 ,0
"mov r0, r0 ",0
"ldrb r0, [sb, 0x160] ",0
"ldr r1, [sb, 0x390] ",0
"strb r0, [r1, 0x116] ",0
"mov r0, 1 ",0
"ldr r1, [sb, 0x390] ",0
"strb r0, [r1, 0x114] ",0
"mov r0, 6 ",0
"strb r0, [sb, 0x382] ",0
"mov r0, r0 ",0
"mov r0, r0 ",0
"mov r0, r0 ",0
b 0x1a1bc ,0
"mov r0, r0 ",0
"mov r0, r0 ",0
"ldrb r0, [sb, 0x382] ",0
"cmp r0, 3 ",0
"movne r0, 1 ",0
"moveq r0, 0 ",0
"cmp r0, 0 ",0
bne 0x18e30 ,0
"mov r0, r0 ",0
"ldrb r0, [sb, 0x37d] ",0
"strb r0, [sb, 0x14d] ",0
"ldrb r0, [sb, 0x387] ",0
"strb r0, [sb, 0x14e] ",0
"ldr r1, [0x00019380] ",0
"add r0, sb, r1 ",0
"str r0, [sb, 0x164] ",0
"ldr r1, [0x000193b0] ",0
"add r0, sb, r1 ",0
"str r0, [sb, 0x168] ",0
"ldr r1, [0x0001937c] ",0
"add r0, sb, r1 ",0
"str r0, [sb, 0x16c] ",0
"str sb, [sp, -4]! ",0
"add sb, sb, 0x18 ",0
"str sb, [sp, -4]! ",0
"str r8, [sp, -4]! ",0
"str lr, [sp, -4]! ",0
"ldr r8, [0x00019378] ",0
"ldr r8, [r8] ",0
"mov lr, pc ",0
"mov pc, r8 ",0
"mov r0, r0 ",0
pop {lr} ,0
pop {r8} ,0
pop {sb} ,0
pop {sb} ,0
"ldrb r0, [sb, 0x160] ",0
"cmp r0, 0 ",0
"movne r0, 1 ",0
"moveq r0, 0 ",0
"cmp r0, 0 ",0
bne 0x18ca4 ,0
"mov r0, r0 ",0
"ldr r0, [0x000193b0] ",0
"ldrsh r0, [sb, r0] ",0
"ldr r1, [0x000193ac] ",0
"ldrsh r1, [sb, r1] ",0
"cmp r0, r1 ",0
"movle r0, 1 ",0
"movgt r0, 0 ",0
"cmp r0, 0 ",0
bne 0x18c88 ,0
"mov r0, r0 ",0
"ldr r0, [0x000193ac] ",0
"ldrsh r0, [sb, r0] ",0
"ldr r1, [0x0001936c] ",0
"add r1, r1, r0 ",0
"ldrb r0, [sb, r1] ",0
"mov r1, 0xe5 ",0
"cmp r0, r1 ",0
"movne r0, 1 ",0
"moveq r0, 0 ",0
"cmp r0, 0 ",0
bne 0x18c80 ,0
"mov r0, r0 ",0
"mov r0, 0 ",0
"strb r0, [sb, 8] ",0
"str r0, [sp, -4]! ",0
"mov r0, sb ",0
"str sb, [sp, -4]! ",0
"str r8, [sp, -4]! ",0
"str lr, [sp, -4]! ",0
"ldr r8, [0x00019374] ",0
"ldr r8, [r8] ",0
"mov lr, pc ",0
"mov pc, r8 ",0
"mov r0, r0 ",0
pop {lr} ,0
pop {r8} ,0
pop {sb} ,0
pop {r0} ,0
"mov r0, 4 ",0
"strb r0, [sb, 0x382] ",0
"mov r0, r0 ",0
"mov r0, r0 ",0
"mov r0, r0 ",0
"mov r0, r0 ",0
"mov r0, 0 ",0
"ldr r1, [sb, 0x390] ",0
"strb r0, [r1, 0x116] ",0
b 0x18cc8 ,0
"mov r0, r0 ",0
"mov r0, r0 ",0
"ldrb r0, [sb, 0x160] ",0
"ldr r1, [sb, 0x390] ",0
"strb r0, [r1, 0x116] ",0
"mov r0, 1 ",0
"ldr r1, [sb, 0x390] ",0
"strb r0, [r1, 0x114] ",0
"mov r0, 6 ",0
"strb r0, [sb, 0x382] ",0
"mov r0, r0 ",0
"str r0, [sp, -4]! ",0
"mov r0, sb ",0
"str sb, [sp, -4]! ",0
"str r8, [sp, -4]! ",0
"str lr, [sp, -4]! ",0
"ldr r8, [0x00019374] ",0
"ldr r8, [r8] ",0
"mov lr, pc ",0
"mov pc, r8 ",0
"mov r0, r0 ",0
pop {lr} ,0
pop {r8} ,0
pop {sb} ,0
pop {r0} ,0
"ldrb r0, [sb, 0x10] ",0
"cmp r0, 1 ",0
"movne r0, 1 ",0
"moveq r0, 0 ",0
"cmp r0, 0 ",0
bne 0x18e20 ,0
"mov r0, r0 ",0
"mov r0, 0 ",0
"strb r0, [sb, 8] ",0
"str r0, [sp, -4]! ",0
"mov r0, sb ",0
"str sb, [sp, -4]! ",0
"str r8, [sp, -4]! ",0
"str lr, [sp, -4]! ",0
"ldr r8, [0x00019374] ",0
"ldr r8, [r8] ",0
"mov lr, pc ",0
"mov pc, r8 ",0
"mov r0, r0 ",0
pop {lr} ,0
pop {r8} ,0
pop {sb} ,0
pop {r0} ,0
"ldrb r0, [sb, 0x386] ",0
"sub r0, r0, 1 ",0
"strb r0, [sb, 0x386] ",0
"ldrb r0, [sb, 0x386] ",0
"cmp r0, 0 ",0
"movhi r0, 1 ",0
"movls r0, 0 ",0
"ldr r1, [sb, 0x390] ",0
"ldr r1, [r1, 8] ",0
"mov r2, 0xff ",0
"cmp r1, r2 ",0
"movne r1, 1 ",0
"moveq r1, 0 ",0
"and r0, r0, r1 ",0
"eor r0, r0, 1 ",0
"cmp r0, 0 ",0
bne 0x18db8 ,0
"mov r0, r0 ",0
"mov r0, 2 ",0
"strb r0, [sb, 0x382] ",0
b 0x18e1c ,0
"mov r0, r0 ",0
"mov r0, r0 ",0
"ldrb r0, [sb, 0x38a] ",0
"cmp r0, 0 ",0
"moveq r0, 1 ",0
"movne r0, 0 ",0
"ldrb r1, [sb, 0x38a] ",0
"mov r2, 0xff ",0
"cmp r1, r2 ",0
"moveq r1, 1 ",0
"movne r1, 0 ",0
"orr r0, r0, r1 ",0
"eor r0, r0, 1 ",0
"cmp r0, 0 ",0
bne 0x18e04 ,0
"mov r0, r0 ",0
"mov r0, 3 ",0
"strb r0, [sb, 0x386] ",0
b 0x18e10 ,0
"mov r0, r0 ",0
"mov r0, r0 ",0
"ldrb r0, [sb, 0x38a] ",0
"strb r0, [sb, 0x386] ",0
"mov r0, r0 ",0
"mov r0, 4 ",0
"strb r0, [sb, 0x382] ",0
"mov r0, r0 ",0
"mov r0, r0 ",0
"mov r0, r0 ",0
b 0x1a1bc ,0
"mov r0, r0 ",0
"mov r0, r0 ",0
"ldrb r0, [sb, 0x382] ",0
"cmp r0, 4 ",0
"movne r0, 1 ",0
"moveq r0, 0 ",0
"cmp r0, 0 ",0
bne 0x196b8 ,0
"mov r0, r0 ",0
"ldr r0, [sb, 0x390] ",0
"ldr r0, [r0, 8] ",0
"mov r1, 0xff ",0
"cmp r0, r1 ",0
"movls r0, 1 ",0
"movhi r0, 0 ",0
"cmp r0, 0 ",0
bne 0x18e80 ,0
"mov r0, r0 ",0
"mov r0, 0xfd ",0
"ldr r1, [sb, 0x390] ",0
"str r0, [r1, 8] ",0
"mov r0, r0 ",0
"mov r0, r0 ",0
"ldr r0, [sb, 0x390] ",0
"ldrb r0, [r0, 4] ",0
"cmp r0, 0 ",0
bne 0x192bc ,0
"mov r0, r0 ",0
"ldrb r0, [sb, 0x37e] ",0
"cmp r0, 0 ",0
bne 0x191fc ,0
"mov r0, r0 ",0
"mov r0, 0x10 ",0
"strb r0, [sb, 0x274] ",0
"ldr r0, [sb, 0x390] ",0
"ldrb r0, [r0, 5] ",0
"eor r0, r0, 1 ",0
"ldrb r1, [sb, 0x38a] ",0
"mov r2, 0xff ",0
"cmp r1, r2 ",0
"moveq r1, 1 ",0
"movne r1, 0 ",0
"orr r0, r0, r1 ",0
"eor r0, r0, 1 ",0
"cmp r0, 0 ",0
bne 0x18ef8 ,0
"mov r0, r0 ",0
"mov r0, 0x5b ",0
"strb r0, [sb, 0x275] ",0
b 0x18f04 ,0
"mov r0, r0 ",0
"mov r0, r0 ",0
"mov r0, 0x7b ",0
"strb r0, [sb, 0x275] ",0
"mov r0, r0 ",0
"ldr r0, [sb, 0x390] ",0
"ldr r0, [r0, 8] ",0
"mov r1, 0xff ",0
"and r0, r0, r1 ",0
"mov r1, 0xff ",0
"and r0, r1, r0 ",0
"strb r0, [sb, 0x276] ",0
"ldr r0, [sb, 0x390] ",0
"ldrb r0, [r0, 5] ",0
"eor r0, r0, 1 ",0
"ldrb r1, [sb, 0x38a] ",0
"mov r2, 0xff ",0
"cmp r1, r2 ",0
"moveq r1, 1 ",0
"movne r1, 0 ",0
"orr r0, r0, r1 ",0
"eor r0, r0, 1 ",0
"cmp r0, 0 ",0
bne 0x18f84 ,0
"mov r0, r0 ",0
"mov r0, 0x5b ",0
"ldr r1, [sb, 0x390] ",0
"ldr r1, [r1, 8] ",0
"mov r2, 0xff ",0
"and r1, r1, r2 ",0
"mov r2, 0xff ",0
"and r1, r2, r1 ",0
"add r0, r0, r1 ",0
"strb r0, [sb, 0x277] ",0
b 0x18fac ,0
"mov r0, r0 ",0
"mov r0, r0 ",0
"mov r0, 0x7b ",0
"ldr r1, [sb, 0x390] ",0
"ldr r1, [r1, 8] ",0
"mov r2, 0xff ",0
"and r1, r1, r2 ",0
"mov r2, 0xff ",0
"and r1, r2, r1 ",0
"add r0, r0, r1 ",0
"strb r0, [sb, 0x277] ",0
"mov r0, r0 ",0
"mov r0, 0x16 ",0
"strb r0, [sb, 0x278] ",0
"mov r0, 5 ",0
"ldr r1, [0x000193b4] ",0
"strh r0, [sb, r1] ",0
"mov r0, 0 ",0
"ldr r1, [sb, 0x390] ",0
"strb r0, [r1, 0x115] ",0
"mov r0, 0 ",0
"strb r0, [sb, 0x383] ",0
"mov r0, 0 ",0
"ldr r1, [sb, 0x390] ",0
"ldr r2, [0x000193b8] ",0
"strh r0, [r1, r2] ",0
"mov r0, 0 ",0
"ldr r1, [0x000193b0] ",0
"strh r0, [sb, r1] ",0
"mov r0, 0 ",0
"ldr r1, [0x000193ac] ",0
"strh r0, [sb, r1] ",0
"mov r0, 1 ",0
"strb r0, [sb, 0x37e] ",0
"ldrb r0, [sb, 0x37d] ",0
"strb r0, [sb, 0x14d] ",0
"ldrb r0, [sb, 0x387] ",0
"strb r0, [sb, 0x14e] ",0
"ldr r0, [0x000193a8] ",0
"ldrsh r0, [sb, r0] ",0
"ldr r1, [0x000193a4] ",0
"strh r0, [sb, r1] ",0
"ldr r8, [0x000193a0] ",0
"ldrsh r0, [r8] ",0
"ldr r1, [0x0001939c] ",0
"strh r0, [sb, r1] ",0
"ldrsh r0, [r8, 4] ",0
"ldr r1, [0x00019398] ",0
"strh r0, [sb, r1] ",0
"ldrsh r0, [r8, -0x26] ",0
"ldr r1, [0x00019394] ",0
"strh r0, [sb, r1] ",0
"ldr r0, [0x00019390] ",0
"ldrsh r0, [r8, r0] ",0
"ldr r1, [0x0001938c] ",0
"strh r0, [sb, r1] ",0
"ldr r0, [0x000193b4] ",0
"ldrsh r0, [sb, r0] ",0
"ldr r1, [0x00019388] ",0
"strh r0, [sb, r1] ",0
"ldr r1, [0x00019384] ",0
"add r0, sb, r1 ",0
"str r0, [sb, 0x15c] ",0
"ldr r1, [0x00019380] ",0
"add r0, sb, r1 ",0
"str r0, [sb, 0x164] ",0
"ldr r1, [0x000193b0] ",0
"add r0, sb, r1 ",0
"str r0, [sb, 0x168] ",0
"ldr r1, [0x0001937c] ",0
"add r0, sb, r1 ",0
"str r0, [sb, 0x16c] ",0
"str sb, [sp, -4]! ",0
"add sb, sb, 0x18 ",0
"str sb, [sp, -4]! ",0
"str r8, [sp, -4]! ",0
"str lr, [sp, -4]! ",0
"ldr r8, [0x00019378] ",0
"ldr r8, [r8] ",0
"mov lr, pc ",0
"mov pc, r8 ",0
"mov r0, r0 ",0
pop {lr} ,0
pop {r8} ,0
pop {sb} ,0
pop {sb} ,0
"ldrb r0, [sb, 0x160] ",0
"cmp r0, 0 ",0
"movne r0, 1 ",0
"moveq r0, 0 ",0
"cmp r0, 0 ",0
bne 0x191cc ,0
"mov r0, r0 ",0
"mov r0, 0 ",0
"ldr r1, [sb, 0x390] ",0
"strb r0, [r1, 0x116] ",0
"mov r0, 0 ",0
"strb r0, [sb, 8] ",0
"str r0, [sp, -4]! ",0
"mov r0, sb ",0
"str sb, [sp, -4]! ",0
"str r8, [sp, -4]! ",0
"str lr, [sp, -4]! ",0
"ldr r8, [0x00019374] ",0
"ldr r8, [r8] ",0
"mov lr, pc ",0
"mov pc, r8 ",0
"mov r0, r0 ",0
pop {lr} ,0
pop {r8} ,0
pop {sb} ,0
pop {r0} ,0
"ldr r0, [sb, 0x38c] ",0
"cmp r0, 0 ",0
"movne r0, 1 ",0
"moveq r0, 0 ",0
"cmp r0, 0 ",0
bne 0x1916c ,0
"mov r0, r0 ",0
"ldr r0, [0x00019370] ",0
"str r0, [sb, 0xc] ",0
b 0x19178 ,0
"mov r0, r0 ",0
"mov r0, r0 ",0
"ldr r0, [sb, 0x38c] ",0
"str r0, [sb, 0xc] ",0
"mov r0, r0 ",0
"mov r0, 1 ",0
"strb r0, [sb, 8] ",0
"str r0, [sp, -4]! ",0
"mov r0, sb ",0
"str sb, [sp, -4]! ",0
"str r8, [sp, -4]! ",0
"str lr, [sp, -4]! ",0
"ldr r8, [0x00019374] ",0
"ldr r8, [r8] ",0
"mov lr, pc ",0
"mov pc, r8 ",0
"mov r0, r0 ",0
pop {lr} ,0
pop {r8} ,0
pop {sb} ,0
pop {r0} ,0
"mov r0, 5 ",0
"strb r0, [sb, 0x382] ",0
b 0x191f0 ,0
"mov r0, r0 ",0
"mov r0, r0 ",0
"ldrb r0, [sb, 0x160] ",0
"ldr r1, [sb, 0x390] ",0
"strb r0, [r1, 0x116] ",0
"mov r0, 1 ",0
"ldr r1, [sb, 0x390] ",0
"strb r0, [r1, 0x114] ",0
"mov r0, 6 ",0
"strb r0, [sb, 0x382] ",0
"mov r0, r0 ",0
b 0x192b0 ,0
"mov r0, r0 ",0
"mov r0, r0 ",0
"ldrb r0, [sb, 0x37d] ",0
"strb r0, [sb, 0x14d] ",0
"ldrb r0, [sb, 0x387] ",0
"strb r0, [sb, 0x14e] ",0
"ldr r1, [0x00019380] ",0
"add r0, sb, r1 ",0
"str r0, [sb, 0x164] ",0
"ldr r1, [0x000193b0] ",0
"add r0, sb, r1 ",0
"str r0, [sb, 0x168] ",0
"ldr r1, [0x0001937c] ",0
"add r0, sb, r1 ",0
"str r0, [sb, 0x16c] ",0
"str sb, [sp, -4]! ",0
"add sb, sb, 0x18 ",0
"str sb, [sp, -4]! ",0
"str r8, [sp, -4]! ",0
"str lr, [sp, -4]! ",0
"ldr r8, [0x00019378] ",0
"ldr r8, [r8] ",0
"mov lr, pc ",0
"mov pc, r8 ",0
"mov r0, r0 ",0
pop {lr} ,0
pop {r8} ,0
pop {sb} ,0
pop {sb} ,0
"ldrb r0, [sb, 0x160] ",0
"cmp r0, 0 ",0
"moveq r0, 1 ",0
"movne r0, 0 ",0
"cmp r0, 0 ",0
bne 0x192a8 ,0
"mov r0, r0 ",0
"ldrb r0, [sb, 0x160] ",0
"ldr r1, [sb, 0x390] ",0
"strb r0, [r1, 0x116] ",0
"mov r0, 1 ",0
"ldr r1, [sb, 0x390] ",0
"strb r0, [r1, 0x114] ",0
"mov r0, 6 ",0
"strb r0, [sb, 0x382] ",0
"mov r0, r0 ",0
"mov r0, r0 ",0
"mov r0, r0 ",0
b 0x196ac ,0
"mov r0, r0 ",0
"mov r0, r0 ",0
"ldrb r0, [sb, 0x37e] ",0
"cmp r0, 0 ",0
bne 0x195f4 ,0
"mov r0, r0 ",0
"mov r0, 0 ",0
"ldr r1, [0x00019368] ",0
"strh r0, [sb, r1] ",0
"mov r0, r0 ",0
"ldr r0, [0x00019368] ",0
"ldrsh r0, [sb, r0] ",0
"ldr r1, [sb, 0x390] ",0
"ldr r2, [0x000193b8] ",0
"ldrsh r1, [r1, r2] ",0
"sub r1, r1, 1 ",0
"cmp r0, r1 ",0
"movgt r0, 1 ",0
"movle r0, 0 ",0
"cmp r0, 0 ",0
bne 0x19358 ,0
"mov r0, r0 ",0
"ldr r0, [0x00019368] ",0
"ldrsh r0, [sb, r0] ",0
"ldr r1, [sb, 0x390] ",0
"mov r2, 0xc ",0
"add r2, r2, r0 ",0
"ldrb r0, [r1, r2] ",0
"ldr r1, [0x00019368] ",0
"ldrsh r1, [sb, r1] ",0
"ldr r2, [0x00019384] ",0
"add r2, r2, r1 ",0
"strb r0, [sb, r2] ",0
"ldr r0, [0x00019368] ",0
"ldrsh r0, [sb, r0] ",0
"add r0, r0, 1 ",0
"ldr r1, [0x00019368] ",0
"strh r0, [sb, r1] ",0
b 0x192dc ,0
"mov r0, r0 ",0
b 0x193bc ,0
"mov r0, r0 ",0
"stclgt p13, c12, [sp, 0x334] ",1
"andeq r0, r0, r0 ",1
"andeq r0, r0, r4, lsl 7 ",1
"andeq r0, r0, r2, ror r1 ",1
"andeq r0, r0, r8, ror 7 ",1
"andeq r0, r0, r8, lsl 6 ",1
"andeq r0, r0, ip, lsr 32 ",1
"andeq r0, r0, ip, ror r3 ",1
"andeq r0, r0, lr, ror r3 ",1
"andeq r0, r0, r4, ror r2 ",1
"andeq r0, r0, sl, asr r1 ",1
"andeq r0, r0, r8, asr r1 ",1
"andeq r0, r0, ip, asr 2 ",1
"andeq r0, r0, r6, asr r1 ",1
"andeq r0, r0, r4, asr r1 ",1
"andeq r0, r0, r2, asr r1 ",1
"andeq r3, r0, lr, asr 1 ",1
"andeq r0, r0, r0, asr r1 ",1
"andeq r0, r0, r8, lsl 7 ",1
"andeq r0, r0, sl, ror r3 ",1
"andeq r0, r0, r0, ror r1 ",1
"andeq r0, r0, r0, lsl 7 ",1
"andeq r0, r0, r2, lsl r1 ",1
"mov r0, r0 ",0
"ldr r0, [sb, 0x390] ",0
"ldr r1, [0x0001a224] ",0
"ldrsh r0, [r0, r1] ",0
"ldr r1, [0x0001a220] ",0
"strh r0, [sb, r1] ",0
"mov r0, 0 ",0
"ldr r1, [sb, 0x390] ",0
"strb r0, [r1, 0x115] ",0
"mov r0, 0 ",0
"ldr r1, [0x0001a21c] ",0
"strh r0, [sb, r1] ",0
"mov r0, 0 ",0
"ldr r1, [0x0001a218] ",0
"strh r0, [sb, r1] ",0
"mov r0, 1 ",0
"strb r0, [sb, 0x37e] ",0
"ldrb r0, [sb, 0x37d] ",0
"strb r0, [sb, 0x14d] ",0
"ldrb r0, [sb, 0x387] ",0
"strb r0, [sb, 0x14e] ",0
"ldr r0, [0x0001a214] ",0
"ldrsh r0, [sb, r0] ",0
"ldr r1, [0x0001a210] ",0
"strh r0, [sb, r1] ",0
"ldr r8, [0x0001a20c] ",0
"ldrsh r0, [r8] ",0
"ldr r1, [0x0001a208] ",0
"strh r0, [sb, r1] ",0
"ldrsh r0, [r8, 4] ",0
"ldr r1, [0x0001a204] ",0
"strh r0, [sb, r1] ",0
"ldrsh r0, [r8, -0x26] ",0
"ldr r1, [0x0001a200] ",0
"strh r0, [sb, r1] ",0
"ldr r0, [0x0001a1fc] ",0
"ldrsh r0, [r8, r0] ",0
"ldr r1, [0x0001a1f8] ",0
"strh r0, [sb, r1] ",0
"ldr r0, [0x0001a220] ",0
"ldrsh r0, [sb, r0] ",0
"ldr r1, [0x0001a1f4] ",0
"strh r0, [sb, r1] ",0
"ldr r1, [0x0001a1f0] ",0
"add r0, sb, r1 ",0
"str r0, [sb, 0x15c] ",0
"ldr r1, [0x0001a1ec] ",0
"add r0, sb, r1 ",0
"str r0, [sb, 0x164] ",0
"ldr r1, [0x0001a21c] ",0
"add r0, sb, r1 ",0
"str r0, [sb, 0x168] ",0
"ldr r1, [0x0001a1e8] ",0
"add r0, sb, r1 ",0
"str r0, [sb, 0x16c] ",0
"str sb, [sp, -4]! ",0
"add sb, sb, 0x18 ",0
"str sb, [sp, -4]! ",0
"str r8, [sp, -4]! ",0
"str lr, [sp, -4]! ",0
"ldr r8, [0x0001a1e4] ",0
"ldr r8, [r8] ",0
"mov lr, pc ",0
"mov pc, r8 ",0
"mov r0, r0 ",0
pop {lr} ,0
pop {r8} ,0
pop {sb} ,0
pop {sb} ,0
"ldrb r0, [sb, 0x160] ",0
"cmp r0, 0 ",0
"movne r0, 1 ",0
"moveq r0, 0 ",0
"cmp r0, 0 ",0
bne 0x195c4 ,0
"mov r0, r0 ",0
"mov r0, 0 ",0
"ldr r1, [sb, 0x390] ",0
"strb r0, [r1, 0x116] ",0
"mov r0, 0 ",0
"strb r0, [sb, 8] ",0
"str r0, [sp, -4]! ",0
"mov r0, sb ",0
"str sb, [sp, -4]! ",0
"str r8, [sp, -4]! ",0
"str lr, [sp, -4]! ",0
"ldr r8, [0x0001a1e0] ",0
"ldr r8, [r8] ",0
"mov lr, pc ",0
"mov pc, r8 ",0
"mov r0, r0 ",0
pop {lr} ,0
pop {r8} ,0
pop {sb} ,0
pop {r0} ,0
"ldr r0, [sb, 0x38c] ",0
"cmp r0, 0 ",0
"movne r0, 1 ",0
"moveq r0, 0 ",0
"cmp r0, 0 ",0
bne 0x19564 ,0
"mov r0, r0 ",0
"ldr r0, [0x0001a1dc] ",0
"str r0, [sb, 0xc] ",0
b 0x19570 ,0
"mov r0, r0 ",0
"mov r0, r0 ",0
"ldr r0, [sb, 0x38c] ",0
"str r0, [sb, 0xc] ",0
"mov r0, r0 ",0
"mov r0, 1 ",0
"strb r0, [sb, 8] ",0
"str r0, [sp, -4]! ",0
"mov r0, sb ",0
"str sb, [sp, -4]! ",0
"str r8, [sp, -4]! ",0
"str lr, [sp, -4]! ",0
"ldr r8, [0x0001a1e0] ",0
"ldr r8, [r8] ",0
"mov lr, pc ",0
"mov pc, r8 ",0
"mov r0, r0 ",0
pop {lr} ,0
pop {r8} ,0
pop {sb} ,0
pop {r0} ,0
"mov r0, 8 ",0
"strb r0, [sb, 0x382] ",0
b 0x195e8 ,0
"mov r0, r0 ",0
"mov r0, r0 ",0
"ldrb r0, [sb, 0x160] ",0
"ldr r1, [sb, 0x390] ",0
"strb r0, [r1, 0x116] ",0
"mov r0, 1 ",0
"ldr r1, [sb, 0x390] ",0
"strb r0, [r1, 0x114] ",0
"mov r0, 6 ",0
"strb r0, [sb, 0x382] ",0
"mov r0, r0 ",0
b 0x196a8 ,0
"mov r0, r0 ",0
"mov r0, r0 ",0
"ldrb r0, [sb, 0x37d] ",0
"strb r0, [sb, 0x14d] ",0
"ldrb r0, [sb, 0x387] ",0
"strb r0, [sb, 0x14e] ",0
"ldr r1, [0x0001a1ec] ",0
"add r0, sb, r1 ",0
"str r0, [sb, 0x164] ",0
"ldr r1, [0x0001a21c] ",0
"add r0, sb, r1 ",0
"str r0, [sb, 0x168] ",0
"ldr r1, [0x0001a1e8] ",0
"add r0, sb, r1 ",0
"str r0, [sb, 0x16c] ",0
"str sb, [sp, -4]! ",0
"add sb, sb, 0x18 ",0
"str sb, [sp, -4]! ",0
"str r8, [sp, -4]! ",0
"str lr, [sp, -4]! ",0
"ldr r8, [0x0001a1e4] ",0
"ldr r8, [r8] ",0
"mov lr, pc ",0
"mov pc, r8 ",0
"mov r0, r0 ",0
pop {lr} ,0
pop {r8} ,0
pop {sb} ,0
pop {sb} ,0
"ldrb r0, [sb, 0x160] ",0
"cmp r0, 0 ",0
"moveq r0, 1 ",0
"movne r0, 0 ",0
"cmp r0, 0 ",0
bne 0x196a0 ,0
"mov r0, r0 ",0
"ldrb r0, [sb, 0x160] ",0
"ldr r1, [sb, 0x390] ",0
"strb r0, [r1, 0x116] ",0
"mov r0, 1 ",0
"ldr r1, [sb, 0x390] ",0
"strb r0, [r1, 0x114] ",0
"mov r0, 6 ",0
"strb r0, [sb, 0x382] ",0
"mov r0, r0 ",0
"mov r0, r0 ",0
"mov r0, r0 ",0
"mov r0, r0 ",0
b 0x1a1bc ,0
"mov r0, r0 ",0
"mov r0, r0 ",0
"ldrb r0, [sb, 0x382] ",0
"cmp r0, 5 ",0
"movne r0, 1 ",0
"moveq r0, 0 ",0
"cmp r0, 0 ",0
bne 0x19df8 ,0
"mov r0, r0 ",0
"ldrb r0, [sb, 0x37d] ",0
"strb r0, [sb, 0x14d] ",0
"ldrb r0, [sb, 0x387] ",0
"strb r0, [sb, 0x14e] ",0
"ldr r1, [0x0001a1ec] ",0
"add r0, sb, r1 ",0
"str r0, [sb, 0x164] ",0
"ldr r1, [0x0001a21c] ",0
"add r0, sb, r1 ",0
"str r0, [sb, 0x168] ",0
"ldr r1, [0x0001a1e8] ",0
"add r0, sb, r1 ",0
"str r0, [sb, 0x16c] ",0
"str sb, [sp, -4]! ",0
"add sb, sb, 0x18 ",0
"str sb, [sp, -4]! ",0
"str r8, [sp, -4]! ",0
"str lr, [sp, -4]! ",0
"ldr r8, [0x0001a1e4] ",0
"ldr r8, [r8] ",0
"mov lr, pc ",0
"mov pc, r8 ",0
"mov r0, r0 ",0
pop {lr} ,0
pop {r8} ,0
pop {sb} ,0
pop {sb} ,0
"ldrb r0, [sb, 0x160] ",0
"cmp r0, 0 ",0
"movne r0, 1 ",0
"moveq r0, 0 ",0
"cmp r0, 0 ",0
bne 0x19c9c ,0
"mov r0, r0 ",0
"ldr r0, [0x0001a21c] ",0
"ldrsh r0, [sb, r0] ",0
"ldr r1, [0x0001a218] ",0
"ldrsh r1, [sb, r1] ",0
"cmp r0, r1 ",0
"moveq r0, 1 ",0
"movne r0, 0 ",0
"cmp r0, 0 ",0
bne 0x19c80 ,0
"mov r0, r0 ",0
"mov r0, r0 ",0
"ldr r0, [0x0001a21c] ",0
"ldrsh r0, [sb, r0] ",0
"ldr r1, [0x0001a218] ",0
"ldrsh r1, [sb, r1] ",0
"cmp r0, r1 ",0
"moveq r0, 1 ",0
"movne r0, 0 ",0
"cmp r0, 0 ",0
bne 0x199f4 ,0
"mov r0, r0 ",0
"ldr r0, [0x0001a218] ",0
"ldrsh r0, [sb, r0] ",0
"ldr r1, [0x0001a1d8] ",0
"add r1, r1, r0 ",0
"ldrb r0, [sb, r1] ",0
"ldr r1, [sb, 0x390] ",0
"ldr r2, [0x0001a224] ",0
"ldrsh r1, [r1, r2] ",0
"ldr r2, [sb, 0x390] ",0
"mov r3, 0xc ",0
"add r3, r3, r1 ",0
"strb r0, [r2, r3] ",0
"ldr r0, [0x0001a218] ",0
"ldrsh r0, [sb, r0] ",0
"add r0, r0, 1 ",0
"ldr r1, [0x0001a1d4] ",0
"cmp r1, 0 ",0
beq 0x1983c ,0
"mov r0, r0 ",0
"str r1, [sp, -4]! ",0
"str sb, [sp, -4]! ",0
"str r8, [sp, -4]! ",0
"str lr, [sp, -4]! ",0
"ldr r8, [0x0001a1d0] ",0
"ldr r8, [r8] ",0
"mov lr, pc ",0
"mov pc, r8 ",0
"mov r0, r0 ",0
pop {lr} ,0
pop {r8} ,0
pop {sb} ,0
pop {r1} ,0
b 0x19844 ,0
"mov r0, r0 ",0
"mov r0, r0 ",0
"mov r0, r1 ",0
"mov r0, r0 ",0
"ldr r1, [0x0001a218] ",0
"strh r0, [sb, r1] ",0
"ldr r0, [sb, 0x390] ",0
"ldr r1, [0x0001a224] ",0
"ldrsh r0, [r0, r1] ",0
"ldr r1, [0x0001a1cc] ",0
"cmp r0, r1 ",0
"movge r0, 1 ",0
"movlt r0, 0 ",0
"cmp r0, 0 ",0
bne 0x19894 ,0
"mov r0, r0 ",0
"ldr r0, [sb, 0x390] ",0
"ldr r1, [0x0001a224] ",0
"ldrsh r0, [r0, r1] ",0
"add r0, r0, 1 ",0
"ldr r1, [sb, 0x390] ",0
"ldr r2, [0x0001a224] ",0
"strh r0, [r1, r2] ",0
"mov r0, r0 ",0
"mov r0, r0 ",0
"ldr r0, [sb, 0x390] ",0
"ldr r1, [0x0001a224] ",0
"ldrsh r0, [r0, r1] ",0
"cmp r0, 1 ",0
"movne r0, 1 ",0
"moveq r0, 0 ",0
"cmp r0, 0 ",0
bne 0x19904 ,0
"mov r0, r0 ",0
"ldr r0, [sb, 0x390] ",0
"ldrb r0, [r0, 0xc] ",0
"cmp r0, 0x68 ",0
"moveq r0, 1 ",0
"movne r0, 0 ",0
"cmp r0, 0 ",0
bne 0x198f4 ,0
"mov r0, r0 ",0
"ldr r0, [sb, 0x390] ",0
"ldrb r0, [r0, 0x115] ",0
"orr r0, r0, 1 ",0
"ldr r1, [sb, 0x390] ",0
"strb r0, [r1, 0x115] ",0
"mov r0, r0 ",0
"mov r0, r0 ",0
b 0x199e8 ,0
"mov r0, r0 ",0
"mov r0, r0 ",0
"ldr r0, [sb, 0x390] ",0
"ldr r1, [0x0001a224] ",0
"ldrsh r0, [r0, r1] ",0
"cmp r0, 3 ",0
"movne r0, 1 ",0
"moveq r0, 0 ",0
"cmp r0, 0 ",0
bne 0x19978 ,0
"mov r0, r0 ",0
"ldr r0, [sb, 0x390] ",0
"ldrb r0, [r0, 0xd] ",0
"ldr r1, [sb, 0x390] ",0
"ldrb r1, [r1, 0xe] ",0
"cmp r0, r1 ",0
"moveq r0, 1 ",0
"movne r0, 0 ",0
"cmp r0, 0 ",0
bne 0x19968 ,0
"mov r0, r0 ",0
"ldr r0, [sb, 0x390] ",0
"ldrb r0, [r0, 0x115] ",0
"orr r0, r0, 2 ",0
"ldr r1, [sb, 0x390] ",0
"strb r0, [r1, 0x115] ",0
"mov r0, r0 ",0
"mov r0, r0 ",0
b 0x199e8 ,0
"mov r0, r0 ",0
"mov r0, r0 ",0
"ldr r0, [sb, 0x390] ",0
"ldr r1, [0x0001a224] ",0
"ldrsh r0, [r0, r1] ",0
"cmp r0, 4 ",0
"movne r0, 1 ",0
"moveq r0, 0 ",0
"cmp r0, 0 ",0
bne 0x199e4 ,0
"mov r0, r0 ",0
"ldr r0, [sb, 0x390] ",0
"ldrb r0, [r0, 0xf] ",0
"cmp r0, 0x68 ",0
"moveq r0, 1 ",0
"movne r0, 0 ",0
"cmp r0, 0 ",0
bne 0x199d4 ,0
"mov r0, r0 ",0
"ldr r0, [sb, 0x390] ",0
"ldrb r0, [r0, 0x115] ",0
"orr r0, r0, 4 ",0
"ldr r1, [sb, 0x390] ",0
"strb r0, [r1, 0x115] ",0
"mov r0, r0 ",0
"mov r0, r0 ",0
b 0x199e8 ,0
"mov r0, r0 ",0
"mov r0, r0 ",0
"mov r0, r0 ",0
b 0x19788 ,0
"mov r0, r0 ",0
"mov r0, r0 ",0
"mov r0, 0 ",0
"strb r0, [sb, 8] ",0
"str r0, [sp, -4]! ",0
"mov r0, sb ",0
"str sb, [sp, -4]! ",0
"str r8, [sp, -4]! ",0
"str lr, [sp, -4]! ",0
"ldr r8, [0x0001a1e0] ",0
"ldr r8, [r8] ",0
"mov lr, pc ",0
"mov pc, r8 ",0
"mov r0, r0 ",0
pop {lr} ,0
pop {r8} ,0
pop {sb} ,0
pop {r0} ,0
"ldr r0, [sb, 0x38c] ",0
"cmp r0, 0 ",0
"movne r0, 1 ",0
"moveq r0, 0 ",0
"cmp r0, 0 ",0
bne 0x19a64 ,0
"mov r0, r0 ",0
"ldr r0, [0x0001a1dc] ",0
"str r0, [sb, 0xc] ",0
b 0x19a70 ,0
"mov r0, r0 ",0
"mov r0, r0 ",0
"ldr r0, [sb, 0x38c] ",0
"str r0, [sb, 0xc] ",0
"mov r0, r0 ",0
"mov r0, 1 ",0
"strb r0, [sb, 8] ",0
"str r0, [sp, -4]! ",0
"mov r0, sb ",0
"str sb, [sp, -4]! ",0
"str r8, [sp, -4]! ",0
"str lr, [sp, -4]! ",0
"ldr r8, [0x0001a1e0] ",0
"ldr r8, [r8] ",0
"mov lr, pc ",0
"mov pc, r8 ",0
"mov r0, r0 ",0
pop {lr} ,0
pop {r8} ,0
pop {sb} ,0
pop {r0} ,0
"ldr r0, [sb, 0x390] ",0
"ldr r1, [0x0001a224] ",0
"ldrsh r0, [r0, r1] ",0
"cmp r0, 4 ",0
"movgt r0, 1 ",0
"movle r0, 0 ",0
"ldr r1, [sb, 0x390] ",0
"ldr r2, [0x0001a224] ",0
"ldrsh r1, [r1, r2] ",0
"ldr r2, [sb, 0x390] ",0
"ldrb r2, [r2, 0xd] ",0
"add r2, r2, 6 ",0
"cmp r1, r2 ",0
"moveq r1, 1 ",0
"movne r1, 0 ",0
"and r0, r0, r1 ",0
"eor r0, r0, 1 ",0
"cmp r0, 0 ",0
bne 0x19c78 ,0
"mov r0, r0 ",0
"ldr r0, [sb, 0x390] ",0
"ldr r1, [0x0001a224] ",0
"ldrsh r0, [r0, r1] ",0
"sub r0, r0, 1 ",0
"ldr r1, [sb, 0x390] ",0
"mov r2, 0xc ",0
"add r2, r2, r0 ",0
"ldrb r0, [r1, r2] ",0
"cmp r0, 0x16 ",0
"movne r0, 1 ",0
"moveq r0, 0 ",0
"cmp r0, 0 ",0
bne 0x19c20 ,0
"mov r0, r0 ",0
"mov r0, 4 ",0
"ldr r1, [0x0001a1c8] ",0
"strh r0, [sb, r1] ",0
"mov r0, r0 ",0
"ldr r0, [0x0001a1c8] ",0
"ldrsh r0, [sb, r0] ",0
"ldr r1, [sb, 0x390] ",0
"ldr r2, [0x0001a224] ",0
"ldrsh r1, [r1, r2] ",0
"sub r1, r1, 3 ",0
"cmp r0, r1 ",0
"movgt r0, 1 ",0
"movle r0, 0 ",0
"cmp r0, 0 ",0
bne 0x19bbc ,0
"mov r0, r0 ",0
"ldrb r0, [sb, 0x383] ",0
"ldr r1, [0x0001a1c8] ",0
"ldrsh r1, [sb, r1] ",0
"ldr r2, [sb, 0x390] ",0
"mov r3, 0xc ",0
"add r3, r3, r1 ",0
"ldrb r1, [r2, r3] ",0
"add r0, r0, r1 ",0
"strb r0, [sb, 0x383] ",0
"ldr r0, [0x0001a1c8] ",0
"ldrsh r0, [sb, r0] ",0
"add r0, r0, 1 ",0
"ldr r1, [0x0001a1c8] ",0
"strh r0, [sb, r1] ",0
b 0x19b48 ,0
"mov r0, r0 ",0
"mov r0, r0 ",0
"ldrb r0, [sb, 0x383] ",0
"ldr r1, [sb, 0x390] ",0
"ldr r2, [0x0001a224] ",0
"ldrsh r1, [r1, r2] ",0
"sub r1, r1, 2 ",0
"ldr r2, [sb, 0x390] ",0
"mov r3, 0xc ",0
"add r3, r3, r1 ",0
"ldrb r1, [r2, r3] ",0
"cmp r0, r1 ",0
"moveq r0, 1 ",0
"movne r0, 0 ",0
"cmp r0, 0 ",0
bne 0x19c10 ,0
"mov r0, r0 ",0
"ldr r0, [sb, 0x390] ",0
"ldrb r0, [r0, 0x115] ",0
"orr r0, r0, 8 ",0
"ldr r1, [sb, 0x390] ",0
"strb r0, [r1, 0x115] ",0
"mov r0, r0 ",0
"mov r0, r0 ",0
b 0x19c38 ,0
"mov r0, r0 ",0
"mov r0, r0 ",0
"ldr r0, [sb, 0x390] ",0
"ldrb r0, [r0, 0x115] ",0
"orr r0, r0, 0x10 ",0
"ldr r1, [sb, 0x390] ",0
"strb r0, [r1, 0x115] ",0
"mov r0, r0 ",0
"ldr r0, [sb, 0x390] ",0
"ldrb r0, [r0, 0x115] ",0
"cmp r0, 0 ",0
"moveq r0, 1 ",0
"movne r0, 0 ",0
"cmp r0, 0 ",0
bne 0x19c68 ,0
"mov r0, r0 ",0
"mov r0, 1 ",0
"ldr r1, [sb, 0x390] ",0
"strb r0, [r1, 0x114] ",0
"mov r0, r0 ",0
"mov r0, r0 ",0
"mov r0, 6 ",0
"strb r0, [sb, 0x382] ",0
"mov r0, r0 ",0
"mov r0, r0 ",0
"mov r0, r0 ",0
"mov r0, r0 ",0
"mov r0, 0 ",0
"ldr r1, [sb, 0x390] ",0
"strb r0, [r1, 0x116] ",0
b 0x19cc0 ,0
"mov r0, r0 ",0
"mov r0, r0 ",0
"ldrb r0, [sb, 0x160] ",0
"ldr r1, [sb, 0x390] ",0
"strb r0, [r1, 0x116] ",0
"mov r0, 6 ",0
"strb r0, [sb, 0x382] ",0
"mov r0, 1 ",0
"ldr r1, [sb, 0x390] ",0
"strb r0, [r1, 0x114] ",0
"mov r0, r0 ",0
"ldrb r0, [sb, 0x382] ",0
"cmp r0, 5 ",0
"movne r0, 1 ",0
"moveq r0, 0 ",0
"cmp r0, 0 ",0
bne 0x19de8 ,0
"mov r0, r0 ",0
"str r0, [sp, -4]! ",0
"mov r0, sb ",0
"str sb, [sp, -4]! ",0
"str r8, [sp, -4]! ",0
"str lr, [sp, -4]! ",0
"ldr r8, [0x0001a1e0] ",0
"ldr r8, [r8] ",0
"mov lr, pc ",0
"mov pc, r8 ",0
"mov r0, r0 ",0
pop {lr} ,0
pop {r8} ,0
pop {sb} ,0
pop {r0} ,0
"ldrb r0, [sb, 0x10] ",0
"cmp r0, 1 ",0
"movne r0, 1 ",0
"moveq r0, 0 ",0
"cmp r0, 0 ",0
bne 0x19de0 ,0
"mov r0, r0 ",0
"mov r0, 0 ",0
"strb r0, [sb, 8] ",0
"str r0, [sp, -4]! ",0
"mov r0, sb ",0
"str sb, [sp, -4]! ",0
"str r8, [sp, -4]! ",0
"str lr, [sp, -4]! ",0
"ldr r8, [0x0001a1e0] ",0
"ldr r8, [r8] ",0
"mov lr, pc ",0
"mov pc, r8 ",0
"mov r0, r0 ",0
pop {lr} ,0
pop {r8} ,0
pop {sb} ,0
pop {r0} ,0
"ldrb r0, [sb, 0x386] ",0
"sub r0, r0, 1 ",0
"strb r0, [sb, 0x386] ",0
"ldrb r0, [sb, 0x386] ",0
"cmp r0, 0 ",0
"movls r0, 1 ",0
"movhi r0, 0 ",0
"cmp r0, 0 ",0
bne 0x19dac ,0
"mov r0, r0 ",0
"mov r0, 4 ",0
"strb r0, [sb, 0x382] ",0
b 0x19ddc ,0
"mov r0, r0 ",0
"mov r0, r0 ",0
"ldr r0, [sb, 0x390] ",0
"ldrb r0, [r0, 0x115] ",0
"mov r1, 0x80 ",0
"orr r0, r0, r1 ",0
"ldr r1, [sb, 0x390] ",0
"strb r0, [r1, 0x115] ",0
"mov r0, 1 ",0
"ldr r1, [sb, 0x390] ",0
"strb r0, [r1, 0x114] ",0
"mov r0, 6 ",0
"strb r0, [sb, 0x382] ",0
"mov r0, r0 ",0
"mov r0, r0 ",0
"mov r0, r0 ",0
"mov r0, r0 ",0
"mov r0, r0 ",0
b 0x1a1bc ,0
"mov r0, r0 ",0
"mov r0, r0 ",0
"ldrb r0, [sb, 0x382] ",0
"cmp r0, 6 ",0
"movne r0, 1 ",0
"moveq r0, 0 ",0
"cmp r0, 0 ",0
bne 0x19eb8 ,0
"mov r0, r0 ",0
"ldrb r0, [sb, 0x160] ",0
"cmp r0, 0 ",0
"movne r0, 1 ",0
"moveq r0, 0 ",0
"cmp r0, 0 ",0
bne 0x19e48 ,0
"mov r0, r0 ",0
"mov r0, 0 ",0
"ldr r1, [sb, 0x390] ",0
"strb r0, [r1, 0x116] ",0
b 0x19e64 ,0
"mov r0, r0 ",0
"mov r0, r0 ",0
"ldrb r0, [sb, 0x160] ",0
"ldr r1, [sb, 0x390] ",0
"strb r0, [r1, 0x116] ",0
"mov r0, 1 ",0
"ldr r1, [sb, 0x390] ",0
"strb r0, [r1, 0x114] ",0
"mov r0, r0 ",0
"mov r0, 0 ",0
"strb r0, [sb, 8] ",0
"str r0, [sp, -4]! ",0
"mov r0, sb ",0
"str sb, [sp, -4]! ",0
"str r8, [sp, -4]! ",0
"str lr, [sp, -4]! ",0
"ldr r8, [0x0001a1e0] ",0
"ldr r8, [r8] ",0
"mov lr, pc ",0
"mov pc, r8 ",0
"mov r0, r0 ",0
pop {lr} ,0
pop {r8} ,0
pop {sb} ,0
pop {r0} ,0
"mov r0, 7 ",0
"strb r0, [sb, 0x382] ",0
b 0x1a1bc ,0
"mov r0, r0 ",0
"mov r0, r0 ",0
"ldrb r0, [sb, 0x382] ",0
"cmp r0, 7 ",0
"movne r0, 1 ",0
"moveq r0, 0 ",0
"cmp r0, 0 ",0
bne 0x19ef4 ,0
"mov r0, r0 ",0
"mov r0, 0 ",0
"ldr r1, [sb, 0x390] ",0
"strb r0, [r1, 2] ",0
"mov r0, 0 ",0
"strb r0, [sb, 0x382] ",0
b 0x1a1bc ,0
"mov r0, r0 ",0
"mov r0, r0 ",0
"ldrb r0, [sb, 0x382] ",0
"cmp r0, 8 ",0
"movne r0, 1 ",0
"moveq r0, 0 ",0
"cmp r0, 0 ",0
bne 0x1a1b8 ,0
"mov r0, r0 ",0
"ldrb r0, [sb, 0x37d] ",0
"strb r0, [sb, 0x14d] ",0
"ldrb r0, [sb, 0x387] ",0
"strb r0, [sb, 0x14e] ",0
"ldr r1, [0x0001a1ec] ",0
"add r0, sb, r1 ",0
"str r0, [sb, 0x164] ",0
"ldr r1, [0x0001a21c] ",0
"add r0, sb, r1 ",0
"str r0, [sb, 0x168] ",0
"ldr r1, [0x0001a1e8] ",0
"add r0, sb, r1 ",0
"str r0, [sb, 0x16c] ",0
"str sb, [sp, -4]! ",0
"add sb, sb, 0x18 ",0
"str sb, [sp, -4]! ",0
"str r8, [sp, -4]! ",0
"str lr, [sp, -4]! ",0
"ldr r8, [0x0001a1e4] ",0
"ldr r8, [r8] ",0
"mov lr, pc ",0
"mov pc, r8 ",0
"mov r0, r0 ",0
pop {lr} ,0
pop {r8} ,0
pop {sb} ,0
pop {sb} ,0
"ldrb r0, [sb, 0x160] ",0
"cmp r0, 0 ",0
"movne r0, 1 ",0
"moveq r0, 0 ",0
"cmp r0, 0 ",0
bne 0x1a060 ,0
"mov r0, r0 ",0
"ldr r0, [0x0001a21c] ",0
"ldrsh r0, [sb, r0] ",0
"ldr r1, [0x0001a218] ",0
"ldrsh r1, [sb, r1] ",0
"cmp r0, r1 ",0
"moveq r0, 1 ",0
"movne r0, 0 ",0
"cmp r0, 0 ",0
bne 0x1a044 ,0
"mov r0, r0 ",0
"ldr r0, [0x0001a218] ",0
"ldrsh r0, [sb, r0] ",0
"ldr r1, [0x0001a1d8] ",0
"add r1, r1, r0 ",0
"ldrb r0, [sb, r1] ",0
"mov r1, 0xe5 ",0
"cmp r0, r1 ",0
"movne r0, 1 ",0
"moveq r0, 0 ",0
"cmp r0, 0 ",0
bne 0x1a03c ,0
"mov r0, r0 ",0
"mov r0, 0 ",0
"strb r0, [sb, 8] ",0
"str r0, [sp, -4]! ",0
"mov r0, sb ",0
"str sb, [sp, -4]! ",0
"str r8, [sp, -4]! ",0
"str lr, [sp, -4]! ",0
"ldr r8, [0x0001a1e0] ",0
"ldr r8, [r8] ",0
"mov lr, pc ",0
"mov pc, r8 ",0
"mov r0, r0 ",0
pop {lr} ,0
pop {r8} ,0
pop {sb} ,0
pop {r0} ,0
"mov r0, 6 ",0
"strb r0, [sb, 0x382] ",0
"mov r0, r0 ",0
"mov r0, r0 ",0
"mov r0, r0 ",0
"mov r0, r0 ",0
"mov r0, 0 ",0
"ldr r1, [sb, 0x390] ",0
"strb r0, [r1, 0x116] ",0
b 0x1a084 ,0
"mov r0, r0 ",0
"mov r0, r0 ",0
"ldrb r0, [sb, 0x160] ",0
"ldr r1, [sb, 0x390] ",0
"strb r0, [r1, 0x116] ",0
"mov r0, 1 ",0
"ldr r1, [sb, 0x390] ",0
"strb r0, [r1, 0x114] ",0
"mov r0, 6 ",0
"strb r0, [sb, 0x382] ",0
"mov r0, r0 ",0
"str r0, [sp, -4]! ",0
"mov r0, sb ",0
"str sb, [sp, -4]! ",0
"str r8, [sp, -4]! ",0
"str lr, [sp, -4]! ",0
"ldr r8, [0x0001a1e0] ",0
"ldr r8, [r8] ",0
"mov lr, pc ",0
"mov pc, r8 ",0
"mov r0, r0 ",0
pop {lr} ,0
pop {r8} ,0
pop {sb} ,0
pop {r0} ,0
"ldrb r0, [sb, 0x10] ",0
"cmp r0, 1 ",0
"movne r0, 1 ",0
"moveq r0, 0 ",0
"cmp r0, 0 ",0
bne 0x1a1a8 ,0
"mov r0, r0 ",0
"mov r0, 0 ",0
"strb r0, [sb, 8] ",0
"str r0, [sp, -4]! ",0
"mov r0, sb ",0
"str sb, [sp, -4]! ",0
"str r8, [sp, -4]! ",0
"str lr, [sp, -4]! ",0
"ldr r8, [0x0001a1e0] ",0
"ldr r8, [r8] ",0
"mov lr, pc ",0
"mov pc, r8 ",0
"mov r0, r0 ",0
pop {lr} ,0
pop {r8} ,0
pop {sb} ,0
pop {r0} ,0
"ldrb r0, [sb, 0x386] ",0
"sub r0, r0, 1 ",0
"strb r0, [sb, 0x386] ",0
"ldrb r0, [sb, 0x386] ",0
"cmp r0, 0 ",0
"movhi r0, 1 ",0
"movls r0, 0 ",0
"ldr r1, [sb, 0x390] ",0
"ldr r1, [r1, 8] ",0
"mov r2, 0xff ",0
"cmp r1, r2 ",0
"movne r1, 1 ",0
"moveq r1, 0 ",0
"and r0, r0, r1 ",0
"eor r0, r0, 1 ",0
"cmp r0, 0 ",0
bne 0x1a174 ,0
"mov r0, r0 ",0
"mov r0, 4 ",0
"strb r0, [sb, 0x382] ",0
b 0x1a1a4 ,0
"mov r0, r0 ",0
"mov r0, r0 ",0
"ldr r0, [sb, 0x390] ",0
"ldrb r0, [r0, 0x115] ",0
"mov r1, 0x80 ",0
"orr r0, r0, r1 ",0
"ldr r1, [sb, 0x390] ",0
"strb r0, [r1, 0x115] ",0
"mov r0, 1 ",0
"ldr r1, [sb, 0x390] ",0
"strb r0, [r1, 0x114] ",0
"mov r0, 6 ",0
"strb r0, [sb, 0x382] ",0
"mov r0, r0 ",0
"mov r0, r0 ",0
"mov r0, r0 ",0
b 0x1a1bc ,0
"mov r0, r0 ",0
"mov r0, r0 ",0
"mov r0, r0 ",0
"mov r0, r0 ",0
"ldmdb fp, {fp, sp, pc} ",0
"andeq r0, r0, r4, lsl 7 ",1
"andeq r0, r0, r5, lsl 2 ",1
"andeq r0, r0, r4, asr 9 ",1
"andeq r0, r0, r0, lsl 2 ",1
"andeq r0, r0, r2, ror r1 ",1
"andeq r0, r0, r8, ror 7 ",1
"andeq r0, r0, r8, lsl 6 ",1
"andeq r0, r0, ip, lsr 32 ",1
"andeq r0, r0, ip, ror r3 ",1
"andeq r0, r0, lr, ror r3 ",1
"andeq r0, r0, r4, ror r2 ",1
"andeq r0, r0, sl, asr r1 ",1
"andeq r0, r0, r8, asr r1 ",1
"andeq r0, r0, ip, asr 2 ",1
"andeq r0, r0, r6, asr r1 ",1
"andeq r0, r0, r4, asr r1 ",1
"andeq r0, r0, r2, asr r1 ",1
"andeq r3, r0, lr, asr 1 ",1
"andeq r0, r0, r0, asr r1 ",1
"andeq r0, r0, r8, lsl 7 ",1
"andeq r0, r0, sl, ror r3 ",1
"andeq r0, r0, r0, ror r1 ",1
"andeq r0, r0, r0, lsl 7 ",1
"andeq r0, r0, r2, lsl r1 ",1
"mov ip, sp ",0
"push {fp, ip, lr} ",0
"mov fp, ip ",0
"ldr r1, [0x0001a470] ",0
"ldr r1, [r1] ",0
"str r1, [sp, -4]! ",0
"str r0, [sp, -4]! ",0
"ldr r8, [0x0001a46c] ",0
"ldrb r1, [r8] ",0
"str r0, [sp, -4]! ",0
"mov r0, sb ",0
"str sb, [sp, -4]! ",0
"str r8, [sp, -4]! ",0
"str lr, [sp, -4]! ",0
"ldr r8, [0x0001a468] ",0
"ldr r8, [r8] ",0
"mov lr, pc ",0
"mov pc, r8 ",0
"mov r0, r0 ",0
pop {lr} ,0
pop {r8} ,0
pop {sb} ,0
pop {r0} ,0
"mov r1, r0 ",0
"strb r1, [r8, -0x5e2] ",0
"ldrb r1, [r8] ",0
"str r0, [sp, -4]! ",0
"str sb, [sp, -4]! ",0
"add sb, sb, 0x18 ",0
"mov r0, r1 ",0
"str r1, [sp, -4]! ",0
"str sb, [sp, -4]! ",0
"str r8, [sp, -4]! ",0
"str lr, [sp, -4]! ",0
"ldr r8, [0x0001a464] ",0
"ldr r8, [r8] ",0
"mov lr, pc ",0
"mov pc, r8 ",0
"mov r0, r0 ",0
pop {lr} ,0
pop {r8} ,0
pop {sb} ,0
pop {r1} ,0
pop {sb} ,0
pop {r0} ,0
"mov r1, r0 ",0
"strb r1, [r8, -0x5e2] ",0
"ldrb r1, [r8] ",0
"str r0, [sp, -4]! ",0
"str sb, [sp, -4]! ",0
"ldr r2, [0x0001a460] ",0
"add sb, sb, r2 ",0
"mov r0, r1 ",0
"str r1, [sp, -4]! ",0
"str sb, [sp, -4]! ",0
"str r8, [sp, -4]! ",0
"str lr, [sp, -4]! ",0
"ldr r8, [0x0001a45c] ",0
"ldr r8, [r8] ",0
"mov lr, pc ",0
"mov pc, r8 ",0
"mov r0, r0 ",0
pop {lr} ,0
pop {r8} ,0
pop {sb} ,0
pop {r1} ,0
pop {sb} ,0
pop {r0} ,0
"mov r1, r0 ",0
"strb r1, [r8, -0x5e2] ",0
"mov r1, 0 ",0
"ldr r8, [0x0001a470] ",0
"str r1, [r8] ",0
"mov r0, r0 ",0
"ldr r8, [0x0001a470] ",0
"ldr r1, [r8] ",0
"ldr r2, [0x0001a458] ",0
"cmp r1, r2 ",0
"movgt r1, 1 ",0
"movle r1, 0 ",0
"cmp r1, 0 ",0
bne 0x1a3a0 ,0
"mov r0, r0 ",0
"mov r0, 0 ",0
"ldr r8, [0x0001a470] ",0
"ldr r1, [r8] ",0
"ldr r2, [0x0001a454] ",0
"add r2, r2, r1 ",0
"strb r0, [sb, r2] ",0
"ldr r0, [r8] ",0
"add r0, r0, 1 ",0
"str r0, [r8] ",0
b 0x1a34c ,0
"mov r0, r0 ",0
"mov r0, r0 ",0
"mov r0, 0 ",0
"ldr r1, [0x0001a450] ",0
"strh r0, [sb, r1] ",0
"mov r0, 0 ",0
"strb r0, [sb, 0x37c] ",0
"mov r0, 0 ",0
"strb r0, [sb, 0x37d] ",0
"mov r0, 0 ",0
"strb r0, [sb, 0x37e] ",0
"mov r0, 0 ",0
"ldr r1, [0x0001a44c] ",0
"strh r0, [sb, r1] ",0
"mov r0, 0 ",0
"strb r0, [sb, 0x382] ",0
"mov r0, 0 ",0
"strb r0, [sb, 0x383] ",0
"mov r0, 0 ",0
"ldr r1, [0x0001a448] ",0
"strh r0, [sb, r1] ",0
"mov r0, 0 ",0
"strb r0, [sb, 0x386] ",0
"mov r0, 2 ",0
"strb r0, [sb, 0x387] ",0
"mov r0, 0xf0 ",0
"ldr r1, [0x0001a444] ",0
"strh r0, [sb, r1] ",0
"mov r0, 3 ",0
"strb r0, [sb, 0x38a] ",0
"ldr r0, [0x0001a440] ",0
"str r0, [sb, 0x38c] ",0
pop {r0} ,0
"cmp r0, 0 ",0
bne 0x1a42c ,0
"mov r0, r0 ",0
"mov r0, r0 ",0
pop {r1} ,0
"ldr r0, [0x0001a470] ",0
"str r1, [r0] ",0
"ldmdb fp, {fp, sp, pc} ",0
"andeq r0, r0, r8, ror 7 ",1
"andeq r0, r0, r8, lsl 7 ",1
"andeq r0, r0, r4, lsl 7 ",1
"andeq r0, r0, r0, lsl 7 ",1
"andeq r0, r0, sl, ror r3 ",1
"andeq r0, r0, r4, ror r2 ",1
"andeq r0, r0, r5, lsl 2 ",1
"andeq r0, r0, r8, asr 32 ",1
"andeq r0, r0, r0, ror r1 ",1
"andeq r0, r0, r0, lsr r0 ",1
"andeq r0, r0, ip, lsl 6 ",1
"muleq r0, sb, r0 ",1
"andeq r6, r0, r8, ror sb ",1
"mov ip, sp ",0
"push {fp, ip, lr} ",0
"mov fp, ip ",0
"ldr r1, [0x0001a57c] ",0
"ldr r1, [r1] ",0
"str r1, [sp, -4]! ",0
"str r0, [sp, -4]! ",0
"mov r1, 0 ",0
"strb r1, [sb] ",0
"mov r1, 0 ",0
"strb r1, [sb, 1] ",0
"mov r1, 0 ",0
"strb r1, [sb, 2] ",0
"mov r1, 0 ",0
"strb r1, [sb, 3] ",0
"mov r1, 0 ",0
"strb r1, [sb, 4] ",0
"mov r1, 1 ",0
"strb r1, [sb, 5] ",0
"mov r1, 0 ",0
"str r1, [sb, 8] ",0
"mov r1, 0 ",0
"ldr r8, [0x0001a57c] ",0
"str r1, [r8] ",0
"mov r0, r0 ",0
"ldr r8, [0x0001a57c] ",0
"ldr r1, [r8] ",0
"ldr r2, [0x0001a578] ",0
"cmp r1, r2 ",0
"movgt r1, 1 ",0
"movle r1, 0 ",0
"cmp r1, 0 ",0
bne 0x1a528 ,0
"mov r0, r0 ",0
"mov r0, 0 ",0
"ldr r8, [0x0001a57c] ",0
"ldr r1, [r8] ",0
"mov r2, 0xc ",0
"add r2, r2, r1 ",0
"strb r0, [sb, r2] ",0
"ldr r0, [r8] ",0
"add r0, r0, 1 ",0
"str r0, [r8] ",0
b 0x1a4d4 ,0
"mov r0, r0 ",0
"mov r0, r0 ",0
"mov r0, 0 ",0
"ldr r1, [0x0001a574] ",0
"strh r0, [sb, r1] ",0
"mov r0, 0 ",0
"strb r0, [sb, 0x114] ",0
"mov r0, 0 ",0
"strb r0, [sb, 0x115] ",0
"mov r0, 0 ",0
"strb r0, [sb, 0x116] ",0
pop {r0} ,0
"cmp r0, 0 ",0
bne 0x1a560 ,0
"mov r0, r0 ",0
"mov r0, r0 ",0
pop {r1} ,0
"ldr r0, [0x0001a57c] ",0
"str r1, [r0] ",0
"ldmdb fp, {fp, sp, pc} ",0
"andeq r0, r0, r2, lsl r1 ",1
"andeq r0, r0, r5, lsl 2 ",1
"andeq r6, r0, r8, ror sb ",1
"mov ip, sp ",0
"push {fp, ip, lr} ",0
"mov fp, ip ",0
"str r0, [sp, -4]! ",0
"mov r1, 0 ",0
"strb r1, [sb] ",0
"mov r2, lr ",0
bl 0x1a5a4 ,0
"andeq r0, r0, r0 ",0
"mov r1, lr ",0
"mov lr, r2 ",0
"add r2, sb, 1 ",0
"mov r4, 0 ",0
"mov r0, r0 ",0
"mov r3, 1 ",0
"cmp r4, r3 ",0
"movhs r3, 1 ",0
"movlo r3, 0 ",0
"cmp r3, 0 ",0
bne 0x1a5e8 ,0
"mov r0, r0 ",0
"ldrb r3, [r1, r4] ",0
"strb r3, [r2, r4] ",0
"add r4, r4, 1 ",0
b 0x1a5b4 ,0
"mov r0, r0 ",0
"mov r0, r0 ",0
"mov r2, lr ",0
bl 0x1a5f8 ,0
"andeq r0, r0, r0 ",0
"mov r1, lr ",0
"mov lr, r2 ",0
"add r2, sb, 0xa ",0
"mov r4, 0 ",0
"mov r0, r0 ",0
"mov r3, 1 ",0
"cmp r4, r3 ",0
"movhs r3, 1 ",0
"movlo r3, 0 ",0
"cmp r3, 0 ",0
bne 0x1a63c ,0
"mov r0, r0 ",0
"ldrb r3, [r1, r4] ",0
"strb r3, [r2, r4] ",0
"add r4, r4, 1 ",0
b 0x1a608 ,0
"mov r0, r0 ",0
"mov r0, r0 ",0
"mov r2, lr ",0
bl 0x1a64c ,0
"andeq r0, r0, r0 ",0
"mov r1, lr ",0
"mov lr, r2 ",0
"add r2, sb, 0xe ",0
"mov r4, 0 ",0
"mov r0, r0 ",0
"mov r3, 1 ",0
"cmp r4, r3 ",0
"movhs r3, 1 ",0
"movlo r3, 0 ",0
"cmp r3, 0 ",0
bne 0x1a690 ,0
"mov r0, r0 ",0
"ldrb r3, [r1, r4] ",0
"strb r3, [r2, r4] ",0
"add r4, r4, 1 ",0
b 0x1a65c ,0
"mov r0, r0 ",0
"mov r0, r0 ",0
"mov r1, 0 ",0
"strb r1, [sb, 0x1d] ",0
"mov r1, 0 ",0
"strb r1, [sb, 0x1e] ",0
"mov r1, 0 ",0
"strb r1, [sb, 0x1f] ",0
"mov r1, 0 ",0
"strb r1, [sb, 0x20] ",0
pop {r0} ,0
"cmp r0, 0 ",0
bne 0x1a6c4 ,0
"mov r0, r0 ",0
"mov r0, r0 ",0
"ldmdb fp, {fp, sp, pc} ",0
"mov ip, sp ",0
"push {fp, ip, lr} ",0
"mov fp, ip ",0
"str r0, [sp, -4]! ",0
"mov r2, lr ",0
bl 0x1a6e8 ,0
"andeq r0, r0, r0 ",0
"mov r1, lr ",0
"mov lr, r2 ",0
"mov r2, sb ",0
"mov r4, 0 ",0
"mov r0, r0 ",0
"mov r3, 1 ",0
"cmp r4, r3 ",0
"movhs r3, 1 ",0
"movlo r3, 0 ",0
"cmp r3, 0 ",0
bne 0x1a72c ,0
"mov r0, r0 ",0
"ldrb r3, [r1, r4] ",0
"strb r3, [r2, r4] ",0
"add r4, r4, 1 ",0
b 0x1a6f8 ,0
"mov r0, r0 ",0
"mov r0, r0 ",0
"mov r2, lr ",0
bl 0x1a73c ,0
"andeq r0, r0, r0 ",0
"mov r1, lr ",0
"mov lr, r2 ",0
"add r2, sb, 0x16 ",0
"mov r4, 0 ",0
"mov r0, r0 ",0
"mov r3, 1 ",0
"cmp r4, r3 ",0
"movhs r3, 1 ",0
"movlo r3, 0 ",0
"cmp r3, 0 ",0
bne 0x1a780 ,0
"mov r0, r0 ",0
"ldrb r3, [r1, r4] ",0
"strb r3, [r2, r4] ",0
"add r4, r4, 1 ",0
b 0x1a74c ,0
"mov r0, r0 ",0
"mov r0, r0 ",0
"mov r2, lr ",0
bl 0x1a790 ,0
"andeq r0, r0, r0 ",0
"mov r1, lr ",0
"mov lr, r2 ",0
"add r2, sb, 0x1a ",0
"mov r4, 0 ",0
"mov r0, r0 ",0
"mov r3, 1 ",0
"cmp r4, r3 ",0
"movhs r3, 1 ",0
"movlo r3, 0 ",0
"cmp r3, 0 ",0
bne 0x1a7d4 ,0
"mov r0, r0 ",0
"ldrb r3, [r1, r4] ",0
"strb r3, [r2, r4] ",0
"add r4, r4, 1 ",0
b 0x1a7a0 ,0
"mov r0, r0 ",0
"mov r0, r0 ",0
"mov r2, lr ",0
bl 0x1a7e4 ,0
"andeq r0, r0, r0 ",0
"mov r1, lr ",0
"mov lr, r2 ",0
"add r2, sb, 0x22 ",0
"mov r4, 0 ",0
"mov r0, r0 ",0
"mov r3, 1 ",0
"cmp r4, r3 ",0
"movhs r3, 1 ",0
"movlo r3, 0 ",0
"cmp r3, 0 ",0
bne 0x1a828 ,0
"mov r0, r0 ",0
"ldrb r3, [r1, r4] ",0
"strb r3, [r2, r4] ",0
"add r4, r4, 1 ",0
b 0x1a7f4 ,0
"mov r0, r0 ",0
"mov r0, r0 ",0
"mov r1, 0 ",0
"strh r1, [sb, 0x2a] ",0
pop {r0} ,0
"cmp r0, 0 ",0
bne 0x1a844 ,0
"mov r0, r0 ",0
"mov r0, r0 ",0
"ldmdb fp, {fp, sp, pc} ",0
"mov ip, sp ",0
"push {fp, ip, lr} ",0
"mov fp, ip ",0
"ldr r0, [0x0001a940] ",0
"ldr r1, [r0] ",0
"str r1, [sp, -4]! ",0
"str sb, [r0] ",0
"mov r0, 0 ",0
"strb r0, [sb, 8] ",0
"mov r0, r0 ",0
"ldr r0, [sb] ",0
"ldr r1, [sb, 0xc] ",0
"ldr r1, [r1] ",0
"add r0, r0, r1 ",0
"mov r0, r0 ",0
"str r0, [sb] ",0
"mov r0, r0 ",0
"mov r0, r0 ",0
"ldr r0, [sb, 4] ",0
"ldrb r0, [r0] ",0
"cmp r0, 0 ",0
"moveq r0, 1 ",0
"movne r0, 0 ",0
"mov r0, r0 ",0
"mov r0, r0 ",0
"cmp r0, 0 ",0
bne 0x1a924 ,0
"mov r0, r0 ",0
"mov r0, r0 ",0
"ldr r0, [sb, 4] ",0
"ldrb r0, [r0] ",0
"mov r0, r0 ",0
"ldr r1, [sb] ",0
"strb r0, [r1] ",0
"mov r0, r0 ",0
"ldr r0, [sb, 4] ",0
"add r0, r0, 1 ",0
"mov r0, r0 ",0
"str r0, [sb, 4] ",0
"mov r0, r0 ",0
"ldr r0, [sb] ",0
"add r0, r0, 1 ",0
"mov r0, r0 ",0
"str r0, [sb] ",0
"mov r0, r0 ",0
"ldr r0, [sb, 0xc] ",0
"ldr r0, [r0] ",0
"add r0, r0, 1 ",0
"mov r0, r0 ",0
"ldr r1, [sb, 0xc] ",0
"str r0, [r1] ",0
"mov r0, r0 ",0
b 0x1a88c ,0
"mov r0, r0 ",0
"mov r0, r0 ",0
"mov r0, r0 ",0
"mov r0, r0 ",0
"ldr r1, [0x0001a940] ",0
pop {r0} ,0
"str r0, [r1] ",0
"ldmdb fp, {fp, sp, pc} ",0
"andeq r2, r0, r0, lsl 5 ",1
"mov ip, sp ",0
"push {fp, ip, lr} ",0
"mov fp, ip ",0
"ldr r0, [0x0001abb8] ",0
"ldr r1, [r0] ",0
"str r1, [sp, -4]! ",0
"str sb, [r0] ",0
"mov r0, r0 ",0
"ldrh r0, [sb, 4] ",0
"ldr r1, [0x0001abb4] ",0
"cmp r0, r1 ",0
"movlo r0, 1 ",0
"movhs r0, 0 ",0
"mov r0, r0 ",0
"mov r0, r0 ",0
"cmp r0, 0 ",0
bne 0x1aa64 ,0
"mov r0, r0 ",0
"mov r0, r0 ",0
"mov r0, 1 ",0
"mov r0, r0 ",0
"strb r0, [sb, 0x18] ",0
"mov r0, r0 ",0
"str sb, [sp, -4]! ",0
"str r8, [sp, -4]! ",0
"str lr, [sp, -4]! ",0
"ldr r8, [0x0001abb0] ",0
"ldr r8, [r8] ",0
"mov lr, pc ",0
"mov pc, r8 ",0
"mov r0, r0 ",0
pop {lr} ,0
pop {r8} ,0
pop {sb} ,0
"mov r0, r0 ",0
"ldr r0, [sb] ",0
"ldr r1, [sb, 0x10] ",0
"str r0, [sp, -4]! ",0
"mov r0, r1 ",0
"str sb, [sp, -4]! ",0
"str r8, [sp, -4]! ",0
"str lr, [sp, -4]! ",0
"ldr r8, [0x0001abac] ",0
"ldr r8, [r8] ",0
"mov lr, pc ",0
"mov pc, r8 ",0
"mov r0, r0 ",0
pop {lr} ,0
pop {r8} ,0
pop {sb} ,0
"mov r1, r0 ",0
pop {r0} ,0
"str r1, [sp, -4]! ",0
"str sb, [sp, -4]! ",0
"str r8, [sp, -4]! ",0
"str lr, [sp, -4]! ",0
"ldr r8, [0x0001aba8] ",0
"ldr r8, [r8] ",0
"mov lr, pc ",0
"mov pc, r8 ",0
"mov r0, r0 ",0
pop {lr} ,0
pop {r8} ,0
pop {sb} ,0
pop {r1} ,0
"mov r0, r0 ",0
"str r0, [sb] ",0
"mov r0, r0 ",0
"ldrh r0, [sb, 4] ",0
"sub r0, r0, 1 ",0
"mov r0, r0 ",0
"strh r0, [sb, 4] ",0
"mov r0, r0 ",0
"mov r0, r0 ",0
"mov r0, r0 ",0
"ldr r0, [sb] ",0
"ldr r1, [sb, 8] ",0
"str r0, [sp, -4]! ",0
"mov r0, r1 ",0
"str sb, [sp, -4]! ",0
"str r8, [sp, -4]! ",0
"str lr, [sp, -4]! ",0
"ldr r8, [0x0001abac] ",0
"ldr r8, [r8] ",0
"mov lr, pc ",0
"mov pc, r8 ",0
"mov r0, r0 ",0
pop {lr} ,0
pop {r8} ,0
pop {sb} ,0
"mov r1, r0 ",0
pop {r0} ,0
"str r1, [sp, -4]! ",0
"str sb, [sp, -4]! ",0
"str r8, [sp, -4]! ",0
"str lr, [sp, -4]! ",0
"ldr r8, [0x0001aba4] ",0
"ldr r8, [r8] ",0
"mov lr, pc ",0
"mov pc, r8 ",0
"mov r0, r0 ",0
pop {lr} ,0
pop {r8} ,0
pop {sb} ,0
pop {r1} ,0
"mov r0, r0 ",0
"str r0, [sb] ",0
"mov r0, r0 ",0
"ldrh r0, [sb, 4] ",0
"add r0, r0, 1 ",0
"mov r0, r0 ",0
"strh r0, [sb, 4] ",0
"mov r0, r0 ",0
"ldr r0, [sb, 8] ",0
"ldr r1, [sb, 0x14] ",0
"cmp r0, r1 ",0
"movge r0, 1 ",0
"movlt r0, 0 ",0
"mov r0, r0 ",0
"mov r0, r0 ",0
"cmp r0, 0 ",0
bne 0x1ab40 ,0
"mov r0, r0 ",0
"mov r0, r0 ",0
"ldr r0, [sb, 8] ",0
"mov r0, r0 ",0
"str r0, [sb, 0x14] ",0
"mov r0, r0 ",0
"mov r0, r0 ",0
"mov r0, r0 ",0
"ldr r0, [sb, 8] ",0
"ldr r1, [sb, 0xc] ",0
"cmp r0, r1 ",0
"movle r0, 1 ",0
"movgt r0, 0 ",0
"mov r0, r0 ",0
"mov r0, r0 ",0
"cmp r0, 0 ",0
bne 0x1ab84 ,0
"mov r0, r0 ",0
"mov r0, r0 ",0
"ldr r0, [sb, 8] ",0
"mov r0, r0 ",0
"str r0, [sb, 0xc] ",0
"mov r0, r0 ",0
"mov r0, r0 ",0
"mov r0, r0 ",0
"mov r0, r0 ",0
"ldr r1, [0x0001abb8] ",0
pop {r0} ,0
"str r0, [r1] ",0
"ldmdb fp, {fp, sp, pc} ",0
"andeq r0, r0, ip, lsr r4 ",1
"andeq r0, r0, r0, asr 8 ",1
"andeq r0, r0, r4, ror 8 ",1
"andeq r0, r0, ip, lsr 6 ",1
"andeq pc, r0, r8, ror 27 ",1
"andeq r2, r0, r4, lsl 5 ",1
"mov ip, sp ",0
"push {fp, ip, lr} ",0
"mov fp, ip ",0
"str r0, [sp, -4]! ",0
"mov r1, 0 ",0
"str r1, [sb] ",0
"mov r1, 0 ",0
"strh r1, [sb, 4] ",0
"mov r1, 0 ",0
"str r1, [sb, 8] ",0
"mov r1, 0 ",0
"str r1, [sb, 0xc] ",0
"mov r1, 0 ",0
"str r1, [sb, 0x10] ",0
"mov r1, 0 ",0
"str r1, [sb, 0x14] ",0
"mov r1, 0 ",0
"strb r1, [sb, 0x18] ",0
pop {r0} ,0
"cmp r0, 0 ",0
bne 0x1ac14 ,0
"mov r0, r0 ",0
"mov r0, r0 ",0
"ldmdb fp, {fp, sp, pc} ",0
"mov ip, sp ",0
"push {fp, ip, lr} ",0
"mov fp, ip ",0
"ldr r0, [0x0001ad0c] ",0
"ldr r1, [r0] ",0
"str r1, [sp, -4]! ",0
"str sb, [r0] ",0
"mov r0, r0 ",0
"ldr r0, [sb] ",0
"ldrh r1, [sb, 4] ",0
"str r0, [sp, -4]! ",0
"mov r0, r1 ",0
"str sb, [sp, -4]! ",0
"str r8, [sp, -4]! ",0
"str lr, [sp, -4]! ",0
"ldr r8, [0x0001ad08] ",0
"ldr r8, [r8] ",0
"mov lr, pc ",0
"mov pc, r8 ",0
"mov r0, r0 ",0
pop {lr} ,0
pop {r8} ,0
pop {sb} ,0
"mov r1, r0 ",0
pop {r0} ,0
"str r1, [sp, -4]! ",0
"str sb, [sp, -4]! ",0
"str r8, [sp, -4]! ",0
"str lr, [sp, -4]! ",0
"ldr r8, [0x0001ad04] ",0
"ldr r8, [r8] ",0
"mov lr, pc ",0
"mov pc, r8 ",0
"mov r0, r0 ",0
pop {lr} ,0
pop {r8} ,0
pop {sb} ,0
pop {r1} ,0
"str sb, [sp, -4]! ",0
"str r8, [sp, -4]! ",0
"str lr, [sp, -4]! ",0
"ldr r8, [0x0001ad00] ",0
"ldr r8, [r8] ",0
"mov lr, pc ",0
"mov pc, r8 ",0
"mov r0, r0 ",0
pop {lr} ,0
pop {r8} ,0
pop {sb} ,0
"mov r0, r0 ",0
"str r0, [sb, 0x10] ",0
"mov r0, r0 ",0
"mov r0, r0 ",0
"ldr r1, [0x0001ad0c] ",0
pop {r0} ,0
"str r0, [r1] ",0
"ldmdb fp, {fp, sp, pc} ",0
"andeq r0, r0, ip, ror 8 ",1
"andeq r0, r0, r8, asr 8 ",1
"andeq r0, r0, r8, ror 8 ",1
"andeq r2, r0, r4, lsl 5 ",1
"mov ip, sp ",0
"push {fp, ip, lr} ",0
"mov fp, ip ",0
"ldr r0, [0x0001add4] ",0
"ldr r1, [r0] ",0
"str r1, [sp, -4]! ",0
"str sb, [r0] ",0
"mov r0, r0 ",0
"ldr r0, [sb, 8] ",0
"mov r0, r0 ",0
"str r0, [sb, 0xc] ",0
"mov r0, r0 ",0
"ldr r0, [sb, 8] ",0
"mov r0, r0 ",0
"str r0, [sb, 0x10] ",0
"mov r0, r0 ",0
"ldr r0, [sb, 8] ",0
"mov r0, r0 ",0
"str r0, [sb, 0x14] ",0
"mov r0, r0 ",0
"mov r0, 0 ",0
"mov r0, r0 ",0
"strb r0, [sb, 0x18] ",0
"mov r0, r0 ",0
"ldr r0, [sb, 8] ",0
"str sb, [sp, -4]! ",0
"str r8, [sp, -4]! ",0
"str lr, [sp, -4]! ",0
"ldr r8, [0x0001add0] ",0
"ldr r8, [r8] ",0
"mov lr, pc ",0
"mov pc, r8 ",0
"mov r0, r0 ",0
pop {lr} ,0
pop {r8} ,0
pop {sb} ,0
"mov r0, r0 ",0
"str r0, [sb] ",0
"mov r0, r0 ",0
"mov r0, 1 ",0
"mov r0, r0 ",0
"strh r0, [sb, 4] ",0
"mov r0, r0 ",0
"mov r0, r0 ",0
"ldr r1, [0x0001add4] ",0
pop {r0} ,0
"str r0, [r1] ",0
"ldmdb fp, {fp, sp, pc} ",0
"andeq r0, r0, r4, ror 8 ",1
"andeq r2, r0, r4, lsl 5 ",1
"mov ip, sp ",0
"push {fp, ip, lr} ",0
"mov fp, ip ",0
"ldr r0, [0x0001af68] ",0
"ldr r1, [r0] ",0
"str r1, [sp, -4]! ",0
"str sb, [r0] ",0
"mov r0, r0 ",0
"ldrh r0, [sb, 4] ",0
"ldr r1, [0x0001af64] ",0
"cmp r0, r1 ",0
"movlo r0, 1 ",0
"movhs r0, 0 ",0
"mov r0, r0 ",0
"mov r0, r0 ",0
"cmp r0, 0 ",0
bne 0x1ae8c ,0
"mov r0, r0 ",0
"mov r0, r0 ",0
"mov r0, 1 ",0
"mov r0, r0 ",0
"strb r0, [sb, 0xe] ",0
"mov r0, r0 ",0
"str sb, [sp, -4]! ",0
"str r8, [sp, -4]! ",0
"str lr, [sp, -4]! ",0
"ldr r8, [0x0001af60] ",0
"ldr r8, [r8] ",0
"mov lr, pc ",0
"mov pc, r8 ",0
"mov r0, r0 ",0
pop {lr} ,0
pop {r8} ,0
pop {sb} ,0
"mov r0, r0 ",0
"ldr r0, [sb] ",0
"ldrsh r1, [sb, 0xa] ",0
"sub r0, r0, r1 ",0
"mov r0, r0 ",0
"str r0, [sb] ",0
"mov r0, r0 ",0
"ldrh r0, [sb, 4] ",0
"sub r0, r0, 1 ",0
"mov r0, r0 ",0
"strh r0, [sb, 4] ",0
"mov r0, r0 ",0
"mov r0, r0 ",0
"mov r0, r0 ",0
"ldr r0, [sb] ",0
"ldrsh r1, [sb, 6] ",0
"add r0, r0, r1 ",0
"mov r0, r0 ",0
"str r0, [sb] ",0
"mov r0, r0 ",0
"ldrh r0, [sb, 4] ",0
"add r0, r0, 1 ",0
"mov r0, r0 ",0
"strh r0, [sb, 4] ",0
"mov r0, r0 ",0
"ldrsh r0, [sb, 6] ",0
"ldrsh r1, [sb, 0xc] ",0
"cmp r0, r1 ",0
"movge r0, 1 ",0
"movlt r0, 0 ",0
"mov r0, r0 ",0
"mov r0, r0 ",0
"cmp r0, 0 ",0
bne 0x1aefc ,0
"mov r0, r0 ",0
"mov r0, r0 ",0
"ldrsh r0, [sb, 6] ",0
"mov r0, r0 ",0
"strh r0, [sb, 0xc] ",0
"mov r0, r0 ",0
"mov r0, r0 ",0
"mov r0, r0 ",0
"ldrsh r0, [sb, 6] ",0
"ldrsh r1, [sb, 8] ",0
"cmp r0, r1 ",0
"movle r0, 1 ",0
"movgt r0, 0 ",0
"mov r0, r0 ",0
"mov r0, r0 ",0
"cmp r0, 0 ",0
bne 0x1af40 ,0
"mov r0, r0 ",0
"mov r0, r0 ",0
"ldrsh r0, [sb, 6] ",0
"mov r0, r0 ",0
"strh r0, [sb, 8] ",0
"mov r0, r0 ",0
"mov r0, r0 ",0
"mov r0, r0 ",0
"mov r0, r0 ",0
"ldr r1, [0x0001af68] ",0
pop {r0} ,0
"str r0, [r1] ",0
"ldmdb fp, {fp, sp, pc} ",0
"andeq r0, r0, ip, lsr r3 ",1
"andeq pc, r0, r8, ror 27 ",1
"andeq r2, r0, r8, lsl 5 ",1
"mov ip, sp ",0
"push {fp, ip, lr} ",0
"mov fp, ip ",0
"str r0, [sp, -4]! ",0
"mov r1, 0 ",0
"str r1, [sb] ",0
"mov r1, 0 ",0
"strh r1, [sb, 4] ",0
"mov r1, 0 ",0
"strh r1, [sb, 6] ",0
"mov r1, 0 ",0
"strh r1, [sb, 8] ",0
"mov r1, 0 ",0
"strh r1, [sb, 0xa] ",0
"mov r1, 0 ",0
"strh r1, [sb, 0xc] ",0
"mov r1, 0 ",0
"strb r1, [sb, 0xe] ",0
pop {r0} ,0
"cmp r0, 0 ",0
bne 0x1afc4 ,0
"mov r0, r0 ",0
"mov r0, r0 ",0
"ldmdb fp, {fp, sp, pc} ",0
"mov ip, sp ",0
"push {fp, ip, lr} ",0
"mov fp, ip ",0
"ldr r0, [0x0001b058] ",0
"ldr r1, [r0] ",0
"str r1, [sp, -4]! ",0
"str sb, [r0] ",0
"mov r0, r0 ",0
"ldr r0, [sb] ",0
"ldrh r1, [sb, 4] ",0
"str r1, [sp, -4]! ",0
"str sb, [sp, -4]! ",0
"str r8, [sp, -4]! ",0
"str lr, [sp, -4]! ",0
"ldr r8, [0x0001b054] ",0
"ldr r8, [r8] ",0
"mov lr, pc ",0
"mov pc, r8 ",0
"mov r0, r0 ",0
pop {lr} ,0
pop {r8} ,0
pop {sb} ,0
pop {r1} ,0
"str r0, [sp, -4]! ",0
"ldrsh r0, [sp] ",0
"add sp, sp, 4 ",0
"mov r0, r0 ",0
"strh r0, [sb, 0xa] ",0
"mov r0, r0 ",0
"mov r0, r0 ",0
"ldr r1, [0x0001b058] ",0
pop {r0} ,0
"str r0, [r1] ",0
"ldmdb fp, {fp, sp, pc} ",0
"strheq r0, [r0], -r8 ",1
"andeq r2, r0, r8, lsl 5 ",1
"mov ip, sp ",0
"push {fp, ip, lr} ",0
"mov fp, ip ",0
"ldr r0, [0x0001b0f0] ",0
"ldr r1, [r0] ",0
"str r1, [sp, -4]! ",0
"str sb, [r0] ",0
"mov r0, r0 ",0
"ldrsh r0, [sb, 6] ",0
"mov r0, r0 ",0
"strh r0, [sb, 8] ",0
"mov r0, r0 ",0
"ldrsh r0, [sb, 6] ",0
"mov r0, r0 ",0
"strh r0, [sb, 0xa] ",0
"mov r0, r0 ",0
"ldrsh r0, [sb, 6] ",0
"mov r0, r0 ",0
"strh r0, [sb, 0xc] ",0
"mov r0, r0 ",0
"mov r0, 0 ",0
"mov r0, r0 ",0
"strb r0, [sb, 0xe] ",0
"mov r0, r0 ",0
"ldrsh r0, [sb, 6] ",0
"mov r0, r0 ",0
"str r0, [sb] ",0
"mov r0, r0 ",0
"mov r0, 1 ",0
"mov r0, r0 ",0
"strh r0, [sb, 4] ",0
"mov r0, r0 ",0
"mov r0, r0 ",0
"ldr r1, [0x0001b0f0] ",0
pop {r0} ,0
"str r0, [r1] ",0
"ldmdb fp, {fp, sp, pc} ",0
"andeq r2, r0, r8, lsl 5 ",1
"mov ip, sp ",0
"push {fp, ip, lr} ",0
"mov fp, ip ",0
"ldr r0, [0x0001b200] ",0
"ldr r1, [r0] ",0
"str r1, [sp, -4]! ",0
"str sb, [r0] ",0
"mov r0, 0 ",0
"strb r0, [sb, 8] ",0
"mov r0, r0 ",0
"mov r0, 1 ",0
"mov r0, r0 ",0
"strb r0, [sb, 8] ",0
"mov r0, r0 ",0
"mov r0, r0 ",0
"ldr r0, [sb, 4] ",0
"ldrb r0, [r0] ",0
"cmp r0, 0 ",0
"movne r0, 1 ",0
"moveq r0, 0 ",0
"ldrb r1, [sb, 8] ",0
"and r0, r0, r1 ",0
"eor r0, r0, 1 ",0
"mov r0, r0 ",0
"mov r0, r0 ",0
"cmp r0, 0 ",0
bne 0x1b1e4 ,0
"mov r0, r0 ",0
"mov r0, r0 ",0
"ldr r0, [sb, 4] ",0
"ldrb r0, [r0] ",0
"ldr r1, [sb] ",0
"ldrb r1, [r1] ",0
"cmp r0, r1 ",0
"moveq r0, 1 ",0
"movne r0, 0 ",0
"mov r0, r0 ",0
"mov r0, r0 ",0
"cmp r0, 0 ",0
bne 0x1b1a8 ,0
"mov r0, r0 ",0
"mov r0, r0 ",0
"mov r0, 0 ",0
"mov r0, r0 ",0
"strb r0, [sb, 8] ",0
"mov r0, r0 ",0
"mov r0, r0 ",0
"mov r0, r0 ",0
"ldr r0, [sb] ",0
"add r0, r0, 1 ",0
"mov r0, r0 ",0
"str r0, [sb] ",0
"mov r0, r0 ",0
"ldr r0, [sb, 4] ",0
"add r0, r0, 1 ",0
"mov r0, r0 ",0
"str r0, [sb, 4] ",0
"mov r0, r0 ",0
b 0x1b128 ,0
"mov r0, r0 ",0
"mov r0, r0 ",0
"mov r0, r0 ",0
"mov r0, r0 ",0
"ldr r1, [0x0001b200] ",0
pop {r0} ,0
"str r0, [r1] ",0
"ldmdb fp, {fp, sp, pc} ",0
"andeq r2, r0, ip, lsl 5 ",1
"mov ip, sp ",0
"push {fp, ip, lr} ",0
"mov fp, ip ",0
"ldr r0, [0x0001c208] ",0
"ldr r1, [r0] ",0
"str r1, [sp, -4]! ",0
"str sb, [r0] ",0
"mov r1, lr ",0
bl 0x1b23c ,0
invalid ,1
svcpl 0x53474f ,1
"ldrtpl r4, [r3], -sb, asr 8 ",1
"movtpl r2, 0x3e33 ",1
"andeq r0, r0, r6, asr r0 ",1
"mov r0, lr ",0
"mov lr, r1 ",0
"mov r1, sb ",0
"mov r3, 0 ",0
"mov r0, r0 ",0
"mov r2, 0x12 ",0
"cmp r3, r2 ",0
"movhs r2, 1 ",0
"movlo r2, 0 ",0
"cmp r2, 0 ",0
bne 0x1b280 ,0
"mov r0, r0 ",0
"ldrb r2, [r0, r3] ",0
"strb r2, [r1, r3] ",0
"add r3, r3, 1 ",0
b 0x1b24c ,0
"mov r0, r0 ",0
"mov r0, r0 ",0
"mov r1, lr ",0
bl 0x1b290 ,0
"andeq r0, r0, r0 ",0
"mov r0, lr ",0
"mov lr, r1 ",0
"add r1, sb, 0x51 ",0
"mov r3, 0 ",0
"mov r0, r0 ",0
"mov r2, 1 ",0
"cmp r3, r2 ",0
"movhs r2, 1 ",0
"movlo r2, 0 ",0
"cmp r2, 0 ",0
bne 0x1b2d4 ,0
"mov r0, r0 ",0
"ldrb r2, [r0, r3] ",0
"strb r2, [r1, r3] ",0
"add r3, r3, 1 ",0
b 0x1b2a0 ,0
"mov r0, r0 ",0
"mov r0, r0 ",0
"mov r0, 0 ",0
"str r0, [sb, 0x108] ",0
"mov r0, 0 ",0
"strb r0, [sb, 0x10c] ",0
"mov r0, r0 ",0
"mov r3, lr ",0
bl 0x1b2f8 ,0
"andeq r0, r0, r2, ror r0 ",1
"mov r2, lr ",0
"mov lr, r3 ",0
"mov r1, r2 ",0
"mov r2, sb ",0
"mov r0, r2 ",0
"str sb, [sp, -4]! ",0
"str r8, [sp, -4]! ",0
"str lr, [sp, -4]! ",0
"ldr r8, [0x0001c204] ",0
"ldr r8, [r8] ",0
"mov lr, pc ",0
"mov pc, r8 ",0
"mov r0, r0 ",0
pop {lr} ,0
pop {r8} ,0
pop {sb} ,0
"add sp, sp, 0 ",0
"mov r0, r0 ",0
"str r0, [sb, 0x108] ",0
"mov r0, r0 ",0
"ldr r0, [sb, 0x108] ",0
"cmp r0, 0 ",0
"movne r0, 1 ",0
"moveq r0, 0 ",0
"mov r0, r0 ",0
"mov r0, r0 ",0
"cmp r0, 0 ",0
bne 0x1b7d4 ,0
"mov r0, r0 ",0
"mov r0, r0 ",0
"mov r3, lr ",0
bl 0x1b37c ,0
"andeq r0, r0, r7, ror r0 ",1
"mov r2, lr ",0
"mov lr, r3 ",0
"mov r1, r2 ",0
"mov r2, sb ",0
"mov r0, r2 ",0
"str sb, [sp, -4]! ",0
"str r8, [sp, -4]! ",0
"str lr, [sp, -4]! ",0
"ldr r8, [0x0001c204] ",0
"ldr r8, [r8] ",0
"mov lr, pc ",0
"mov pc, r8 ",0
"mov r0, r0 ",0
pop {lr} ,0
pop {r8} ,0
pop {sb} ,0
"add sp, sp, 0 ",0
"mov r0, r0 ",0
"str r0, [sb, 0x108] ",0
"mov r0, r0 ",0
"ldr r0, [sb, 0x108] ",0
"cmp r0, 0 ",0
"moveq r0, 1 ",0
"movne r0, 0 ",0
"mov r0, r0 ",0
"mov r0, r0 ",0
"cmp r0, 0 ",0
bne 0x1b7c0 ,0
"mov r0, r0 ",0
"mov r0, r0 ",0
"mov r1, lr ",0
bl 0x1b430 ,0
"ldrbmi r4, [r4, -0x144] ",1
"stclmi p4, c5, [sb, -0xb4] ",1
"vldrhs d19, [r4, -0x114] ",1
"ldrtpl r4, [fp], -0x153 ",1
"eorslo r5, r0, 0xb4000000 ",1
invalid ,1
"ldrtpl r3, [fp], -0x330 ",1
"ldrtlo r5, [r0], -0x32d ",1
invalid ,1
"ldrtpl r3, [fp], -0x530 ",1
"ldrtlo r5, [r0], -sp, lsr 6 ",1
invalid ,1
"eorseq r3, fp, r0, lsr r7 ",1
"mov r0, lr ",0
"mov lr, r1 ",0
"mov r0, r0 ",0
"add r1, sb, 0x51 ",0
"mov r3, 0 ",0
"mov r0, r0 ",0
"mov r2, 0x34 ",0
"cmp r3, r2 ",0
"movhs r2, 1 ",0
"movlo r2, 0 ",0
"cmp r2, 0 ",0
bne 0x1b478 ,0
"mov r0, r0 ",0
"ldrb r2, [r0, r3] ",0
"strb r2, [r1, r3] ",0
"add r3, r3, 1 ",0
b 0x1b444 ,0
"mov r0, r0 ",0
"mov r0, r0 ",0
"mov r0, r0 ",0
"add r4, sb, 0x51 ",0
"mov r0, r4 ",0
"str sb, [sp, -4]! ",0
"str r8, [sp, -4]! ",0
"str lr, [sp, -4]! ",0
"ldr r8, [0x0001c200] ",0
"ldr r8, [r8] ",0
"mov lr, pc ",0
"mov pc, r8 ",0
"mov r0, r0 ",0
pop {lr} ,0
pop {r8} ,0
pop {sb} ,0
"add sp, sp, 0 ",0
"mov r3, r0 ",0
"mov r2, r3 ",0
"add r3, sb, 0x51 ",0
"mov r1, r3 ",0
"ldr r3, [sb, 0x108] ",0
"mov r0, r3 ",0
"str sb, [sp, -4]! ",0
"str r8, [sp, -4]! ",0
"str lr, [sp, -4]! ",0
"ldr r8, [0x0001c1fc] ",0
"ldr r8, [r8] ",0
"mov lr, pc ",0
"mov pc, r8 ",0
"mov r0, r0 ",0
pop {lr} ,0
pop {r8} ,0
pop {sb} ,0
"add sp, sp, 0 ",0
"mov r0, r0 ",0
"mov r2, lr ",0
bl 0x1b538 ,0
"ldrbpl r4, [r2], -0xf50 ",1
"qasxmi r3, sp, r0 ",1
bllo 0x1df72cc ,1
"ldrbpl r4, [r2], -0xf50 ",1
invalid ,1
"ldrmi r7, [fp, -lr, ror 8]! ",1
"teqlo r0, r1, asr 6 ",1
"strbtvc r4, [lr], -0x32d ",1
"movtpl r4, 0x173b ",1
invalid ,1
"eorseq r7, fp, lr, ror 8 ",1
"mov r1, lr ",0
"mov lr, r2 ",0
"mov r0, r0 ",0
"add r2, sb, 0x51 ",0
"mov r4, 0 ",0
"mov r0, r0 ",0
"mov r3, 0x2c ",0
"cmp r4, r3 ",0
"movhs r3, 1 ",0
"movlo r3, 0 ",0
"cmp r3, 0 ",0
bne 0x1b580 ,0
"mov r0, r0 ",0
"ldrb r3, [r1, r4] ",0
"strb r3, [r2, r4] ",0
"add r4, r4, 1 ",0
b 0x1b54c ,0
"mov r0, r0 ",0
"mov r0, r0 ",0
"mov r0, r0 ",0
"str r0, [sp, -4]! ",0
"mov r0, r0 ",0
"add r4, sb, 0x51 ",0
"mov r0, r4 ",0
"str sb, [sp, -4]! ",0
"str r8, [sp, -4]! ",0
"str lr, [sp, -4]! ",0
"ldr r8, [0x0001c200] ",0
"ldr r8, [r8] ",0
"mov lr, pc ",0
"mov pc, r8 ",0
"mov r0, r0 ",0
pop {lr} ,0
pop {r8} ,0
pop {sb} ,0
"add sp, sp, 0 ",0
"mov r3, r0 ",0
"mov r2, r3 ",0
"add r3, sb, 0x51 ",0
"mov r1, r3 ",0
"ldr r3, [sb, 0x108] ",0
"mov r0, r3 ",0
"str sb, [sp, -4]! ",0
"str r8, [sp, -4]! ",0
"str lr, [sp, -4]! ",0
"ldr r8, [0x0001c1fc] ",0
"ldr r8, [r8] ",0
"mov lr, pc ",0
"mov pc, r8 ",0
"mov r0, r0 ",0
pop {lr} ,0
pop {r8} ,0
pop {sb} ,0
"add sp, sp, 0 ",0
"mov r1, r0 ",0
pop {r0} ,0
"mov r0, r0 ",0
"mov r2, lr ",0
bl 0x1b648 ,0
"sublo r5, r2, 0x43000000 ",1
"eorpl r3, sp, r5, lsr r0 ",1
"rsbvc r7, r5, 0x1bc0000 ",1
"subsmi r4, r4, 0xec000000 ",1
"ldchs p5, c3, [r0, -0xc8]! ",1
bllo 0x123136c ,1
"sublo r5, r2, 0x43000000 ",1
invalid ,1
"andeq r4, r0, r7, asr r8 ",1
"mov r1, lr ",0
"mov lr, r2 ",0
"mov r0, r0 ",0
"add r2, sb, 0x51 ",0
"mov r4, 0 ",0
"mov r0, r0 ",0
"mov r3, 0x23 ",0
"cmp r4, r3 ",0
"movhs r3, 1 ",0
"movlo r3, 0 ",0
"cmp r3, 0 ",0
bne 0x1b690 ,0
"mov r0, r0 ",0
"ldrb r3, [r1, r4] ",0
"strb r3, [r2, r4] ",0
"add r4, r4, 1 ",0
b 0x1b65c ,0
"mov r0, r0 ",0
"mov r0, r0 ",0
"mov r0, r0 ",0
"str r0, [sp, -4]! ",0
"mov r0, r0 ",0
"add r4, sb, 0x51 ",0
"mov r0, r4 ",0
"str sb, [sp, -4]! ",0
"str r8, [sp, -4]! ",0
"str lr, [sp, -4]! ",0
"ldr r8, [0x0001c200] ",0
"ldr r8, [r8] ",0
"mov lr, pc ",0
"mov pc, r8 ",0
"mov r0, r0 ",0
pop {lr} ,0
pop {r8} ,0
pop {sb} ,0
"add sp, sp, 0 ",0
"mov r3, r0 ",0
"mov r2, r3 ",0
"add r3, sb, 0x51 ",0
"mov r1, r3 ",0
"ldr r3, [sb, 0x108] ",0
"mov r0, r3 ",0
"str sb, [sp, -4]! ",0
"str r8, [sp, -4]! ",0
"str lr, [sp, -4]! ",0
"ldr r8, [0x0001c1fc] ",0
"ldr r8, [r8] ",0
"mov lr, pc ",0
"mov pc, r8 ",0
"mov r0, r0 ",0
pop {lr} ,0
pop {r8} ,0
pop {sb} ,0
"add sp, sp, 0 ",0
"mov r1, r0 ",0
pop {r0} ,0
"mov r0, r0 ",0
"str r0, [sp, -4]! ",0
"mov r0, r0 ",0
"ldr r8, [0x0001c1f8] ",0
"mov r4, r8 ",0
"mov r0, r4 ",0
"str sb, [sp, -4]! ",0
"str r8, [sp, -4]! ",0
"str lr, [sp, -4]! ",0
"ldr r8, [0x0001c200] ",0
"ldr r8, [r8] ",0
"mov lr, pc ",0
"mov pc, r8 ",0
"mov r0, r0 ",0
pop {lr} ,0
pop {r8} ,0
pop {sb} ,0
"add sp, sp, 0 ",0
"mov r3, r0 ",0
"mov r2, r3 ",0
"mov r3, r8 ",0
"mov r1, r3 ",0
"ldr r3, [sb, 0x108] ",0
"mov r0, r3 ",0
"str sb, [sp, -4]! ",0
"str r8, [sp, -4]! ",0
"str lr, [sp, -4]! ",0
"ldr r8, [0x0001c1fc] ",0
"ldr r8, [r8] ",0
"mov lr, pc ",0
"mov pc, r8 ",0
"mov r0, r0 ",0
pop {lr} ,0
pop {r8} ,0
pop {sb} ,0
"add sp, sp, 0 ",0
"mov r1, r0 ",0
pop {r0} ,0
"mov r0, r0 ",0
"mov r0, r0 ",0
"mov r0, r0 ",0
b 0x1b87c ,0
"mov r0, r0 ",0
"mov r0, r0 ",0
"mov r0, r0 ",0
"ldr r1, [sb, 0x108] ",0
"mov r0, r1 ",0
"str sb, [sp, -4]! ",0
"str r8, [sp, -4]! ",0
"str lr, [sp, -4]! ",0
"ldr r8, [0x0001c1f4] ",0
"ldr r8, [r8] ",0
"mov lr, pc ",0
"mov pc, r8 ",0
"mov r0, r0 ",0
pop {lr} ,0
pop {r8} ,0
pop {sb} ,0
"add sp, sp, 0 ",0
"mov r0, r0 ",0
"str r0, [sp, -4]! ",0
"mov r3, lr ",0
bl 0x1b828 ,0
"andeq r0, r0, r1, rrx ",1
"mov r2, lr ",0
"mov lr, r3 ",0
"mov r1, r2 ",0
"mov r2, sb ",0
"mov r0, r2 ",0
"str sb, [sp, -4]! ",0
"str r8, [sp, -4]! ",0
"str lr, [sp, -4]! ",0
"ldr r8, [0x0001c204] ",0
"ldr r8, [r8] ",0
"mov lr, pc ",0
"mov pc, r8 ",0
"mov r0, r0 ",0
pop {lr} ,0
pop {r8} ,0
pop {sb} ,0
"add sp, sp, 0 ",0
"mov r1, r0 ",0
pop {r0} ,0
"mov r0, r0 ",0
"str r1, [sb, 0x108] ",0
"mov r0, r0 ",0
"mov r0, r0 ",0
"ldr r1, [sb, 0x108] ",0
"cmp r1, 0 ",0
"moveq r1, 1 ",0
"movne r1, 0 ",0
"mov r0, r0 ",0
"mov r0, r0 ",0
"cmp r1, 0 ",0
bne 0x1cfa0 ,0
"mov r0, r0 ",0
"mov r0, r0 ",0
"mov r4, 0xb ",0
"mov r3, r4 ",0
"mov r4, 1 ",0
"mov r2, r4 ",0
"mov r5, lr ",0
bl 0x1b8c8 ,0
"andeq r0, r0, r0, lsr 32 ",0
"mov r4, lr ",0
"mov lr, r5 ",0
"mov r1, r4 ",0
"ldr r8, [0x0001c1f0] ",0
"add r4, r8, 5 ",0
"mov r0, r4 ",0
"str sb, [sp, -4]! ",0
"str r8, [sp, -4]! ",0
"str lr, [sp, -4]! ",0
"ldr r8, [0x0001c1ec] ",0
"ldr r8, [r8] ",0
"mov lr, pc ",0
"mov pc, r8 ",0
"mov r0, r0 ",0
pop {lr} ,0
pop {r8} ,0
pop {sb} ,0
"add sp, sp, 0 ",0
"mov r0, r0 ",0
"add r1, sb, 0x51 ",0
"mov r3, 0 ",0
"mov r0, r0 ",0
"mov r2, 0xb4 ",0
"cmp r3, r2 ",0
"movhs r2, 1 ",0
"movlo r2, 0 ",0
"cmp r2, 0 ",0
bne 0x1b950 ,0
"mov r0, r0 ",0
"ldrb r2, [r0, r3] ",0
"strb r2, [r1, r3] ",0
"add r3, r3, 1 ",0
b 0x1b91c ,0
"mov r0, r0 ",0
"mov r0, r0 ",0
"mov r2, 0 ",0
"strb r2, [r1, 0xb4] ",0
"mov r0, r0 ",0
"add r4, sb, 0x51 ",0
"mov r0, r4 ",0
"str sb, [sp, -4]! ",0
"str r8, [sp, -4]! ",0
"str lr, [sp, -4]! ",0
"ldr r8, [0x0001c200] ",0
"ldr r8, [r8] ",0
"mov lr, pc ",0
"mov pc, r8 ",0
"mov r0, r0 ",0
pop {lr} ,0
pop {r8} ,0
pop {sb} ,0
"add sp, sp, 0 ",0
"mov r3, r0 ",0
"mov r2, r3 ",0
"add r3, sb, 0x51 ",0
"mov r1, r3 ",0
"ldr r3, [sb, 0x108] ",0
"mov r0, r3 ",0
"str sb, [sp, -4]! ",0
"str r8, [sp, -4]! ",0
"str lr, [sp, -4]! ",0
"ldr r8, [0x0001c1fc] ",0
"ldr r8, [r8] ",0
"mov lr, pc ",0
"mov pc, r8 ",0
"mov r0, r0 ",0
pop {lr} ,0
pop {r8} ,0
pop {sb} ,0
"add sp, sp, 0 ",0
"mov r0, r0 ",0
"str r0, [sp, -4]! ",0
"ldr r8, [0x0001c1e8] ",0
"ldrsh r3, [r8] ",0
"mov r0, r3 ",0
"mov r1, 1 ",0
"str r3, [sp, -4]! ",0
"str sb, [sp, -4]! ",0
"str r8, [sp, -4]! ",0
"str lr, [sp, -4]! ",0
"ldr r8, [0x0001c1e4] ",0
"ldr r8, [r8] ",0
"mov lr, pc ",0
"mov pc, r8 ",0
"mov r0, r0 ",0
pop {lr} ,0
pop {r8} ,0
pop {sb} ,0
"mov r2, r0 ",0
pop {r3} ,0
"mov r1, r2 ",0
"mov r3, lr ",0
bl 0x1ba40 ,0
"andeq r0, r0, fp, lsr r0 ",1
"mov r2, lr ",0
"mov lr, r3 ",0
"mov r0, r2 ",0
"str sb, [sp, -4]! ",0
"str r8, [sp, -4]! ",0
"str lr, [sp, -4]! ",0
"ldr r8, [0x0001c1e0] ",0
"ldr r8, [r8] ",0
"mov lr, pc ",0
"mov pc, r8 ",0
"mov r0, r0 ",0
pop {lr} ,0
pop {r8} ,0
pop {sb} ,0
"add sp, sp, 0 ",0
"mov r1, r0 ",0
pop {r0} ,0
"mov r0, r0 ",0
"add r2, sb, 0x51 ",0
"mov r4, 0 ",0
"mov r0, r0 ",0
"mov r3, 0xb4 ",0
"cmp r4, r3 ",0
"movhs r3, 1 ",0
"movlo r3, 0 ",0
"cmp r3, 0 ",0
bne 0x1bac4 ,0
"mov r0, r0 ",0
"ldrb r3, [r1, r4] ",0
"strb r3, [r2, r4] ",0
"add r4, r4, 1 ",0
b 0x1ba90 ,0
"mov r0, r0 ",0
"mov r0, r0 ",0
"mov r3, 0 ",0
"strb r3, [r2, 0xb4] ",0
"mov r0, r0 ",0
"str r0, [sp, -4]! ",0
"mov r3, lr ",0
bl 0x1bae4 ,0
"andeq r0, r0, fp, lsr r0 ",1
"mov r2, lr ",0
"mov lr, r3 ",0
"mov r1, r2 ",0
"add r2, sb, 0x51 ",0
"mov r0, r2 ",0
"str sb, [sp, -4]! ",0
"str r8, [sp, -4]! ",0
"str lr, [sp, -4]! ",0
"ldr r8, [0x0001c1e0] ",0
"ldr r8, [r8] ",0
"mov lr, pc ",0
"mov pc, r8 ",0
"mov r0, r0 ",0
pop {lr} ,0
pop {r8} ,0
pop {sb} ,0
"add sp, sp, 0 ",0
"mov r1, r0 ",0
pop {r0} ,0
"mov r0, r0 ",0
"add r2, sb, 0x51 ",0
"mov r4, 0 ",0
"mov r0, r0 ",0
"mov r3, 0xb4 ",0
"cmp r4, r3 ",0
"movhs r3, 1 ",0
"movlo r3, 0 ",0
"cmp r3, 0 ",0
bne 0x1bb70 ,0
"mov r0, r0 ",0
"ldrb r3, [r1, r4] ",0
"strb r3, [r2, r4] ",0
"add r4, r4, 1 ",0
b 0x1bb3c ,0
"mov r0, r0 ",0
"mov r0, r0 ",0
"mov r3, 0 ",0
"strb r3, [r2, 0xb4] ",0
"mov r0, r0 ",0
"str r0, [sp, -4]! ",0
"ldr r8, [0x0001c1dc] ",0
"ldrsh r3, [r8, 0x78] ",0
"mov r0, r3 ",0
"mov r1, 1 ",0
"str r3, [sp, -4]! ",0
"str sb, [sp, -4]! ",0
"str r8, [sp, -4]! ",0
"str lr, [sp, -4]! ",0
"ldr r8, [0x0001c1e4] ",0
"ldr r8, [r8] ",0
"mov lr, pc ",0
"mov pc, r8 ",0
"mov r0, r0 ",0
pop {lr} ,0
pop {r8} ,0
pop {sb} ,0
"mov r2, r0 ",0
pop {r3} ,0
"mov r1, r2 ",0
"add r2, sb, 0x51 ",0
"mov r0, r2 ",0
"str sb, [sp, -4]! ",0
"str r8, [sp, -4]! ",0
"str lr, [sp, -4]! ",0
"ldr r8, [0x0001c1e0] ",0
"ldr r8, [r8] ",0
"mov lr, pc ",0
"mov pc, r8 ",0
"mov r0, r0 ",0
pop {lr} ,0
pop {r8} ,0
pop {sb} ,0
"add sp, sp, 0 ",0
"mov r1, r0 ",0
pop {r0} ,0
"mov r0, r0 ",0
"add r2, sb, 0x51 ",0
"mov r4, 0 ",0
"mov r0, r0 ",0
"mov r3, 0xb4 ",0
"cmp r4, r3 ",0
"movhs r3, 1 ",0
"movlo r3, 0 ",0
"cmp r3, 0 ",0
bne 0x1bc50 ,0
"mov r0, r0 ",0
"ldrb r3, [r1, r4] ",0
"strb r3, [r2, r4] ",0
"add r4, r4, 1 ",0
b 0x1bc1c ,0
"mov r0, r0 ",0
"mov r0, r0 ",0
"mov r3, 0 ",0
"strb r3, [r2, 0xb4] ",0
"mov r0, r0 ",0
"str r0, [sp, -4]! ",0
"mov r3, lr ",0
bl 0x1bc70 ,0
"andeq r0, r0, fp, lsr r0 ",1
"mov r2, lr ",0
"mov lr, r3 ",0
"mov r1, r2 ",0
"add r2, sb, 0x51 ",0
"mov r0, r2 ",0
"str sb, [sp, -4]! ",0
"str r8, [sp, -4]! ",0
"str lr, [sp, -4]! ",0
"ldr r8, [0x0001c1e0] ",0
"ldr r8, [r8] ",0
"mov lr, pc ",0
"mov pc, r8 ",0
"mov r0, r0 ",0
pop {lr} ,0
pop {r8} ,0
pop {sb} ,0
"add sp, sp, 0 ",0
"mov r1, r0 ",0
pop {r0} ,0
"mov r0, r0 ",0
"add r2, sb, 0x51 ",0
"mov r4, 0 ",0
"mov r0, r0 ",0
"mov r3, 0xb4 ",0
"cmp r4, r3 ",0
"movhs r3, 1 ",0
"movlo r3, 0 ",0
"cmp r3, 0 ",0
bne 0x1bcfc ,0
"mov r0, r0 ",0
"ldrb r3, [r1, r4] ",0
"strb r3, [r2, r4] ",0
"add r4, r4, 1 ",0
b 0x1bcc8 ,0
"mov r0, r0 ",0
"mov r0, r0 ",0
"mov r3, 0 ",0
"strb r3, [r2, 0xb4] ",0
"mov r0, r0 ",0
"str r0, [sp, -4]! ",0
"ldr r8, [0x0001c1d8] ",0
"ldrsh r3, [r8, 0x78] ",0
"mov r0, r3 ",0
"mov r1, 1 ",0
"str r3, [sp, -4]! ",0
"str sb, [sp, -4]! ",0
"str r8, [sp, -4]! ",0
"str lr, [sp, -4]! ",0
"ldr r8, [0x0001c1e4] ",0
"ldr r8, [r8] ",0
"mov lr, pc ",0
"mov pc, r8 ",0
"mov r0, r0 ",0
pop {lr} ,0
pop {r8} ,0
pop {sb} ,0
"mov r2, r0 ",0
pop {r3} ,0
"mov r1, r2 ",0
"add r2, sb, 0x51 ",0
"mov r0, r2 ",0
"str sb, [sp, -4]! ",0
"str r8, [sp, -4]! ",0
"str lr, [sp, -4]! ",0
"ldr r8, [0x0001c1e0] ",0
"ldr r8, [r8] ",0
"mov lr, pc ",0
"mov pc, r8 ",0
"mov r0, r0 ",0
pop {lr} ,0
pop {r8} ,0
pop {sb} ,0
"add sp, sp, 0 ",0
"mov r1, r0 ",0
pop {r0} ,0
"mov r0, r0 ",0
"add r2, sb, 0x51 ",0
"mov r4, 0 ",0
"mov r0, r0 ",0
"mov r3, 0xb4 ",0
"cmp r4, r3 ",0
"movhs r3, 1 ",0
"movlo r3, 0 ",0
"cmp r3, 0 ",0
bne 0x1bddc ,0
"mov r0, r0 ",0
"ldrb r3, [r1, r4] ",0
"strb r3, [r2, r4] ",0
"add r4, r4, 1 ",0
b 0x1bda8 ,0
"mov r0, r0 ",0
"mov r0, r0 ",0
"mov r3, 0 ",0
"strb r3, [r2, 0xb4] ",0
"mov r0, r0 ",0
"str r0, [sp, -4]! ",0
"mov r3, lr ",0
bl 0x1bdfc ,0
"andeq r0, r0, fp, lsr r0 ",1
"mov r2, lr ",0
"mov lr, r3 ",0
"mov r1, r2 ",0
"add r2, sb, 0x51 ",0
"mov r0, r2 ",0
"str sb, [sp, -4]! ",0
"str r8, [sp, -4]! ",0
"str lr, [sp, -4]! ",0
"ldr r8, [0x0001c1e0] ",0
"ldr r8, [r8] ",0
"mov lr, pc ",0
"mov pc, r8 ",0
"mov r0, r0 ",0
pop {lr} ,0
pop {r8} ,0
pop {sb} ,0
"add sp, sp, 0 ",0
"mov r1, r0 ",0
pop {r0} ,0
"mov r0, r0 ",0
"add r2, sb, 0x51 ",0
"mov r4, 0 ",0
"mov r0, r0 ",0
"mov r3, 0xb4 ",0
"cmp r4, r3 ",0
"movhs r3, 1 ",0
"movlo r3, 0 ",0
"cmp r3, 0 ",0
bne 0x1be88 ,0
"mov r0, r0 ",0
"ldrb r3, [r1, r4] ",0
"strb r3, [r2, r4] ",0
"add r4, r4, 1 ",0
b 0x1be54 ,0
"mov r0, r0 ",0
"mov r0, r0 ",0
"mov r3, 0 ",0
"strb r3, [r2, 0xb4] ",0
"mov r0, r0 ",0
"str r0, [sp, -4]! ",0
"ldr r8, [0x0001c1d4] ",0
"ldrsh r3, [r8, 0x78] ",0
"mov r0, r3 ",0
"mov r1, 1 ",0
"str r3, [sp, -4]! ",0
"str sb, [sp, -4]! ",0
"str r8, [sp, -4]! ",0
"str lr, [sp, -4]! ",0
"ldr r8, [0x0001c1e4] ",0
"ldr r8, [r8] ",0
"mov lr, pc ",0
"mov pc, r8 ",0
"mov r0, r0 ",0
pop {lr} ,0
pop {r8} ,0
pop {sb} ,0
"mov r2, r0 ",0
pop {r3} ,0
"mov r1, r2 ",0
"add r2, sb, 0x51 ",0
"mov r0, r2 ",0
"str sb, [sp, -4]! ",0
"str r8, [sp, -4]! ",0
"str lr, [sp, -4]! ",0
"ldr r8, [0x0001c1e0] ",0
"ldr r8, [r8] ",0
"mov lr, pc ",0
"mov pc, r8 ",0
"mov r0, r0 ",0
pop {lr} ,0
pop {r8} ,0
pop {sb} ,0
"add sp, sp, 0 ",0
"mov r1, r0 ",0
pop {r0} ,0
"mov r0, r0 ",0
"add r2, sb, 0x51 ",0
"mov r4, 0 ",0
"mov r0, r0 ",0
"mov r3, 0xb4 ",0
"cmp r4, r3 ",0
"movhs r3, 1 ",0
"movlo r3, 0 ",0
"cmp r3, 0 ",0
bne 0x1bf68 ,0
"mov r0, r0 ",0
"ldrb r3, [r1, r4] ",0
"strb r3, [r2, r4] ",0
"add r4, r4, 1 ",0
b 0x1bf34 ,0
"mov r0, r0 ",0
"mov r0, r0 ",0
"mov r3, 0 ",0
"strb r3, [r2, 0xb4] ",0
"mov r0, r0 ",0
"str r0, [sp, -4]! ",0
"mov r3, lr ",0
bl 0x1bf88 ,0
"andeq r0, r0, fp, lsr r0 ",1
"mov r2, lr ",0
"mov lr, r3 ",0
"mov r1, r2 ",0
"add r2, sb, 0x51 ",0
"mov r0, r2 ",0
"str sb, [sp, -4]! ",0
"str r8, [sp, -4]! ",0
"str lr, [sp, -4]! ",0
"ldr r8, [0x0001c1e0] ",0
"ldr r8, [r8] ",0
"mov lr, pc ",0
"mov pc, r8 ",0
"mov r0, r0 ",0
pop {lr} ,0
pop {r8} ,0
pop {sb} ,0
"add sp, sp, 0 ",0
"mov r1, r0 ",0
pop {r0} ,0
"mov r0, r0 ",0
"add r2, sb, 0x51 ",0
"mov r4, 0 ",0
"mov r0, r0 ",0
"mov r3, 0xb4 ",0
"cmp r4, r3 ",0
"movhs r3, 1 ",0
"movlo r3, 0 ",0
"cmp r3, 0 ",0
bne 0x1c014 ,0
"mov r0, r0 ",0
"ldrb r3, [r1, r4] ",0
"strb r3, [r2, r4] ",0
"add r4, r4, 1 ",0
b 0x1bfe0 ,0
"mov r0, r0 ",0
"mov r0, r0 ",0
"mov r3, 0 ",0
"strb r3, [r2, 0xb4] ",0
"mov r0, r0 ",0
"str r0, [sp, -4]! ",0
"ldr r8, [0x0001c1d0] ",0
"ldrsh r3, [r8, 0x78] ",0
"mov r0, r3 ",0
"mov r1, 1 ",0
"str r3, [sp, -4]! ",0
"str sb, [sp, -4]! ",0
"str r8, [sp, -4]! ",0
"str lr, [sp, -4]! ",0
"ldr r8, [0x0001c1e4] ",0
"ldr r8, [r8] ",0
"mov lr, pc ",0
"mov pc, r8 ",0
"mov r0, r0 ",0
pop {lr} ,0
pop {r8} ,0
pop {sb} ,0
"mov r2, r0 ",0
pop {r3} ,0
"mov r1, r2 ",0
"add r2, sb, 0x51 ",0
"mov r0, r2 ",0
"str sb, [sp, -4]! ",0
"str r8, [sp, -4]! ",0
"str lr, [sp, -4]! ",0
"ldr r8, [0x0001c1e0] ",0
"ldr r8, [r8] ",0
"mov lr, pc ",0
"mov pc, r8 ",0
"mov r0, r0 ",0
pop {lr} ,0
pop {r8} ,0
pop {sb} ,0
"add sp, sp, 0 ",0
"mov r1, r0 ",0
pop {r0} ,0
"mov r0, r0 ",0
"add r2, sb, 0x51 ",0
"mov r4, 0 ",0
"mov r0, r0 ",0
"mov r3, 0xb4 ",0
"cmp r4, r3 ",0
"movhs r3, 1 ",0
"movlo r3, 0 ",0
"cmp r3, 0 ",0
bne 0x1c0f4 ,0
"mov r0, r0 ",0
"ldrb r3, [r1, r4] ",0
"strb r3, [r2, r4] ",0
"add r4, r4, 1 ",0
b 0x1c0c0 ,0
"mov r0, r0 ",0
"mov r0, r0 ",0
"mov r3, 0 ",0
"strb r3, [r2, 0xb4] ",0
"mov r0, r0 ",0
"str r0, [sp, -4]! ",0
"mov r3, lr ",0
bl 0x1c114 ,0
"andeq r0, r0, fp, lsr r0 ",1
"mov r2, lr ",0
"mov lr, r3 ",0
"mov r1, r2 ",0
"add r2, sb, 0x51 ",0
"mov r0, r2 ",0
"str sb, [sp, -4]! ",0
"str r8, [sp, -4]! ",0
"str lr, [sp, -4]! ",0
"ldr r8, [0x0001c1e0] ",0
"ldr r8, [r8] ",0
"mov lr, pc ",0
"mov pc, r8 ",0
"mov r0, r0 ",0
pop {lr} ,0
pop {r8} ,0
pop {sb} ,0
"add sp, sp, 0 ",0
"mov r1, r0 ",0
pop {r0} ,0
"mov r0, r0 ",0
"add r2, sb, 0x51 ",0
"mov r4, 0 ",0
"mov r0, r0 ",0
"mov r3, 0xb4 ",0
"cmp r4, r3 ",0
"movhs r3, 1 ",0
"movlo r3, 0 ",0
"cmp r3, 0 ",0
bne 0x1c1a0 ,0
"mov r0, r0 ",0
"ldrb r3, [r1, r4] ",0
"strb r3, [r2, r4] ",0
"add r4, r4, 1 ",0
b 0x1c16c ,0
"mov r0, r0 ",0
"mov r0, r0 ",0
"mov r3, 0 ",0
"strb r3, [r2, 0xb4] ",0
"mov r0, r0 ",0
"str r0, [sp, -4]! ",0
"ldr r8, [0x0001c1cc] ",0
"ldrsh r3, [r8, 0x78] ",0
b 0x1c20c ,0
"mov r0, r0 ",0
"stclgt p13, c12, [sp, 0x334] ",1
"stclgt p13, c12, [sp, 0x334] ",1
"muleq r0, ip, r1 ",1
"andeq r7, r0, ip, lsl r1 ",1
"muleq r0, ip, r0 ",1
"andeq r7, r0, ip, lsl r0 ",1
"muleq r0, ip, pc ",1
"andeq r0, r0, r0, lsl 5 ",1
"strheq r0, [r0], -r0 ",1
"stmhs r7, {sl, fp, sp, lr, pc} ^ ",1
"andeq r0, r0, ip, asr 5 ",1
"andeq r6, r0, r8, asr 22 ",1
"muleq r0, r0, r1 ",1
"andeq r3, r0, pc, ror 10 ",1
"strheq r0, [r0], -ip ",1
"strheq r0, [r0], -r4 ",1
"andeq r0, r0, ip, lsr 3 ",1
"muleq r0, r0, r2 ",1
"mov r0, r3 ",0
"mov r1, 1 ",0
"str r3, [sp, -4]! ",0
"str sb, [sp, -4]! ",0
"str r8, [sp, -4]! ",0
"str lr, [sp, -4]! ",0
"ldr r8, [0x0001d000] ",0
"ldr r8, [r8] ",0
"mov lr, pc ",0
"mov pc, r8 ",0
"mov r0, r0 ",0
pop {lr} ,0
pop {r8} ,0
pop {sb} ,0
"mov r2, r0 ",0
pop {r3} ,0
"mov r1, r2 ",0
"add r2, sb, 0x51 ",0
"mov r0, r2 ",0
"str sb, [sp, -4]! ",0
"str r8, [sp, -4]! ",0
"str lr, [sp, -4]! ",0
"ldr r8, [0x0001cffc] ",0
"ldr r8, [r8] ",0
"mov lr, pc ",0
"mov pc, r8 ",0
"mov r0, r0 ",0
pop {lr} ,0
pop {r8} ,0
pop {sb} ,0
"add sp, sp, 0 ",0
"mov r1, r0 ",0
pop {r0} ,0
"mov r0, r0 ",0
"add r2, sb, 0x51 ",0
"mov r4, 0 ",0
"mov r0, r0 ",0
"mov r3, 0xb4 ",0
"cmp r4, r3 ",0
"movhs r3, 1 ",0
"movlo r3, 0 ",0
"cmp r3, 0 ",0
bne 0x1c2d0 ,0
"mov r0, r0 ",0
"ldrb r3, [r1, r4] ",0
"strb r3, [r2, r4] ",0
"add r4, r4, 1 ",0
b 0x1c29c ,0
"mov r0, r0 ",0
"mov r0, r0 ",0
"mov r3, 0 ",0
"strb r3, [r2, 0xb4] ",0
"mov r0, r0 ",0
"str r0, [sp, -4]! ",0
"mov r3, lr ",0
bl 0x1c2f0 ,0
"andeq r0, r0, fp, lsr r0 ",1
"mov r2, lr ",0
"mov lr, r3 ",0
"mov r1, r2 ",0
"add r2, sb, 0x51 ",0
"mov r0, r2 ",0
"str sb, [sp, -4]! ",0
"str r8, [sp, -4]! ",0
"str lr, [sp, -4]! ",0
"ldr r8, [0x0001cffc] ",0
"ldr r8, [r8] ",0
"mov lr, pc ",0
"mov pc, r8 ",0
"mov r0, r0 ",0
pop {lr} ,0
pop {r8} ,0
pop {sb} ,0
"add sp, sp, 0 ",0
"mov r1, r0 ",0
pop {r0} ,0
"mov r0, r0 ",0
"add r2, sb, 0x51 ",0
"mov r4, 0 ",0
"mov r0, r0 ",0
"mov r3, 0xb4 ",0
"cmp r4, r3 ",0
"movhs r3, 1 ",0
"movlo r3, 0 ",0
"cmp r3, 0 ",0
bne 0x1c37c ,0
"mov r0, r0 ",0
"ldrb r3, [r1, r4] ",0
"strb r3, [r2, r4] ",0
"add r4, r4, 1 ",0
b 0x1c348 ,0
"mov r0, r0 ",0
"mov r0, r0 ",0
"mov r3, 0 ",0
"strb r3, [r2, 0xb4] ",0
"mov r0, r0 ",0
"str r0, [sp, -4]! ",0
"ldr r8, [0x0001cff8] ",0
"ldrsh r3, [r8, 0x78] ",0
"mov r0, r3 ",0
"mov r1, 1 ",0
"str r3, [sp, -4]! ",0
"str sb, [sp, -4]! ",0
"str r8, [sp, -4]! ",0
"str lr, [sp, -4]! ",0
"ldr r8, [0x0001d000] ",0
"ldr r8, [r8] ",0
"mov lr, pc ",0
"mov pc, r8 ",0
"mov r0, r0 ",0
pop {lr} ,0
pop {r8} ,0
pop {sb} ,0
"mov r2, r0 ",0
pop {r3} ,0
"mov r1, r2 ",0
"add r2, sb, 0x51 ",0
"mov r0, r2 ",0
"str sb, [sp, -4]! ",0
"str r8, [sp, -4]! ",0
"str lr, [sp, -4]! ",0
"ldr r8, [0x0001cffc] ",0
"ldr r8, [r8] ",0
"mov lr, pc ",0
"mov pc, r8 ",0
"mov r0, r0 ",0
pop {lr} ,0
pop {r8} ,0
pop {sb} ,0
"add sp, sp, 0 ",0
"mov r1, r0 ",0
pop {r0} ,0
"mov r0, r0 ",0
"add r2, sb, 0x51 ",0
"mov r4, 0 ",0
"mov r0, r0 ",0
"mov r3, 0xb4 ",0
"cmp r4, r3 ",0
"movhs r3, 1 ",0
"movlo r3, 0 ",0
"cmp r3, 0 ",0
bne 0x1c45c ,0
"mov r0, r0 ",0
"ldrb r3, [r1, r4] ",0
"strb r3, [r2, r4] ",0
"add r4, r4, 1 ",0
b 0x1c428 ,0
"mov r0, r0 ",0
"mov r0, r0 ",0
"mov r3, 0 ",0
"strb r3, [r2, 0xb4] ",0
"mov r0, r0 ",0
"str r0, [sp, -4]! ",0
"mov r0, r0 ",0
"add r4, sb, 0x51 ",0
"mov r0, r4 ",0
"str sb, [sp, -4]! ",0
"str r8, [sp, -4]! ",0
"str lr, [sp, -4]! ",0
"ldr r8, [0x0001cff4] ",0
"ldr r8, [r8] ",0
"mov lr, pc ",0
"mov pc, r8 ",0
"mov r0, r0 ",0
pop {lr} ,0
pop {r8} ,0
pop {sb} ,0
"add sp, sp, 0 ",0
"mov r3, r0 ",0
"mov r2, r3 ",0
"add r3, sb, 0x51 ",0
"mov r1, r3 ",0
"ldr r3, [sb, 0x108] ",0
"mov r0, r3 ",0
"str sb, [sp, -4]! ",0
"str r8, [sp, -4]! ",0
"str lr, [sp, -4]! ",0
"ldr r8, [0x0001cff0] ",0
"ldr r8, [r8] ",0
"mov lr, pc ",0
"mov pc, r8 ",0
"mov r0, r0 ",0
pop {lr} ,0
pop {r8} ,0
pop {sb} ,0
"add sp, sp, 0 ",0
"mov r1, r0 ",0
pop {r0} ,0
"mov r0, r0 ",0
"str r0, [sp, -4]! ",0
"ldr r8, [0x0001cfec] ",0
"ldr r3, [r8, 0xa0] ",0
"ldr r4, [0x0001cfe8] ",0
"mov r0, r3 ",0
"mov r1, r4 ",0
"str r2, [sp, -4]! ",0
"str r4, [sp, -4]! ",0
"str sb, [sp, -4]! ",0
"str r8, [sp, -4]! ",0
"str lr, [sp, -4]! ",0
"ldr r8, [0x0001cfe4] ",0
"ldr r8, [r8] ",0
"mov lr, pc ",0
"mov pc, r8 ",0
"mov r0, r0 ",0
pop {lr} ,0
pop {r8} ,0
pop {sb} ,0
"mov r3, r0 ",0
pop {r4} ,0
pop {r2} ,0
"mov r0, r3 ",0
"mov r1, 4 ",0
"str r3, [sp, -4]! ",0
"str sb, [sp, -4]! ",0
"str r8, [sp, -4]! ",0
"str lr, [sp, -4]! ",0
"ldr r8, [0x0001d000] ",0
"ldr r8, [r8] ",0
"mov lr, pc ",0
"mov pc, r8 ",0
"mov r0, r0 ",0
pop {lr} ,0
pop {r8} ,0
pop {sb} ,0
"mov r2, r0 ",0
pop {r3} ,0
"mov r1, r2 ",0
"mov r3, lr ",0
bl 0x1c5a8 ,0
"andeq r0, r0, fp, lsr r0 ",1
"mov r2, lr ",0
"mov lr, r3 ",0
"mov r0, r2 ",0
"str sb, [sp, -4]! ",0
"str r8, [sp, -4]! ",0
"str lr, [sp, -4]! ",0
"ldr r8, [0x0001cffc] ",0
"ldr r8, [r8] ",0
"mov lr, pc ",0
"mov pc, r8 ",0
"mov r0, r0 ",0
pop {lr} ,0
pop {r8} ,0
pop {sb} ,0
"add sp, sp, 0 ",0
"mov r1, r0 ",0
pop {r0} ,0
"mov r0, r0 ",0
"add r2, sb, 0x51 ",0
"mov r4, 0 ",0
"mov r0, r0 ",0
"mov r3, 0xb4 ",0
"cmp r4, r3 ",0
"movhs r3, 1 ",0
"movlo r3, 0 ",0
"cmp r3, 0 ",0
bne 0x1c62c ,0
"mov r0, r0 ",0
"ldrb r3, [r1, r4] ",0
"strb r3, [r2, r4] ",0
"add r4, r4, 1 ",0
b 0x1c5f8 ,0
"mov r0, r0 ",0
"mov r0, r0 ",0
"mov r3, 0 ",0
"strb r3, [r2, 0xb4] ",0
"mov r0, r0 ",0
"str r0, [sp, -4]! ",0
"mov r3, lr ",0
bl 0x1c64c ,0
"andeq r0, r0, fp, lsr r0 ",1
"mov r2, lr ",0
"mov lr, r3 ",0
"mov r1, r2 ",0
"add r2, sb, 0x51 ",0
"mov r0, r2 ",0
"str sb, [sp, -4]! ",0
"str r8, [sp, -4]! ",0
"str lr, [sp, -4]! ",0
"ldr r8, [0x0001cffc] ",0
"ldr r8, [r8] ",0
"mov lr, pc ",0
"mov pc, r8 ",0
"mov r0, r0 ",0
pop {lr} ,0
pop {r8} ,0
pop {sb} ,0
"add sp, sp, 0 ",0
"mov r1, r0 ",0
pop {r0} ,0
"mov r0, r0 ",0
"add r2, sb, 0x51 ",0
"mov r4, 0 ",0
"mov r0, r0 ",0
"mov r3, 0xb4 ",0
"cmp r4, r3 ",0
"movhs r3, 1 ",0
"movlo r3, 0 ",0
"cmp r3, 0 ",0
bne 0x1c6d8 ,0
"mov r0, r0 ",0
"ldrb r3, [r1, r4] ",0
"strb r3, [r2, r4] ",0
"add r4, r4, 1 ",0
b 0x1c6a4 ,0
"mov r0, r0 ",0
"mov r0, r0 ",0
"mov r3, 0 ",0
"strb r3, [r2, 0xb4] ",0
"mov r0, r0 ",0
"str r0, [sp, -4]! ",0
"ldr r8, [0x0001cfe0] ",0
"ldr r3, [r8] ",0
"mov r0, r3 ",0
"mov r1, 4 ",0
"str r3, [sp, -4]! ",0
"str sb, [sp, -4]! ",0
"str r8, [sp, -4]! ",0
"str lr, [sp, -4]! ",0
"ldr r8, [0x0001d000] ",0
"ldr r8, [r8] ",0
"mov lr, pc ",0
"mov pc, r8 ",0
"mov r0, r0 ",0
pop {lr} ,0
pop {r8} ,0
pop {sb} ,0
"mov r2, r0 ",0
pop {r3} ,0
"mov r1, r2 ",0
"add r2, sb, 0x51 ",0
"mov r0, r2 ",0
"str sb, [sp, -4]! ",0
"str r8, [sp, -4]! ",0
"str lr, [sp, -4]! ",0
"ldr r8, [0x0001cffc] ",0
"ldr r8, [r8] ",0
"mov lr, pc ",0
"mov pc, r8 ",0
"mov r0, r0 ",0
pop {lr} ,0
pop {r8} ,0
pop {sb} ,0
"add sp, sp, 0 ",0
"mov r1, r0 ",0
pop {r0} ,0
"mov r0, r0 ",0
"add r2, sb, 0x51 ",0
"mov r4, 0 ",0
"mov r0, r0 ",0
"mov r3, 0xb4 ",0
"cmp r4, r3 ",0
"movhs r3, 1 ",0
"movlo r3, 0 ",0
"cmp r3, 0 ",0
bne 0x1c7b8 ,0
"mov r0, r0 ",0
"ldrb r3, [r1, r4] ",0
"strb r3, [r2, r4] ",0
"add r4, r4, 1 ",0
b 0x1c784 ,0
"mov r0, r0 ",0
"mov r0, r0 ",0
"mov r3, 0 ",0
"strb r3, [r2, 0xb4] ",0
"mov r0, r0 ",0
"str r0, [sp, -4]! ",0
"mov r3, lr ",0
bl 0x1c7d8 ,0
"andeq r0, r0, fp, lsr r0 ",1
"mov r2, lr ",0
"mov lr, r3 ",0
"mov r1, r2 ",0
"add r2, sb, 0x51 ",0
"mov r0, r2 ",0
"str sb, [sp, -4]! ",0
"str r8, [sp, -4]! ",0
"str lr, [sp, -4]! ",0
"ldr r8, [0x0001cffc] ",0
"ldr r8, [r8] ",0
"mov lr, pc ",0
"mov pc, r8 ",0
"mov r0, r0 ",0
pop {lr} ,0
pop {r8} ,0
pop {sb} ,0
"add sp, sp, 0 ",0
"mov r1, r0 ",0
pop {r0} ,0
"mov r0, r0 ",0
"add r2, sb, 0x51 ",0
"mov r4, 0 ",0
"mov r0, r0 ",0
"mov r3, 0xb4 ",0
"cmp r4, r3 ",0
"movhs r3, 1 ",0
"movlo r3, 0 ",0
"cmp r3, 0 ",0
bne 0x1c864 ,0
"mov r0, r0 ",0
"ldrb r3, [r1, r4] ",0
"strb r3, [r2, r4] ",0
"add r4, r4, 1 ",0
b 0x1c830 ,0
"mov r0, r0 ",0
"mov r0, r0 ",0
"mov r3, 0 ",0
"strb r3, [r2, 0xb4] ",0
"mov r0, r0 ",0
"str r0, [sp, -4]! ",0
"ldr r8, [0x0001cfdc] ",0
"ldr r3, [r8] ",0
"mov r0, r3 ",0
"mov r1, 4 ",0
"str r3, [sp, -4]! ",0
"str sb, [sp, -4]! ",0
"str r8, [sp, -4]! ",0
"str lr, [sp, -4]! ",0
"ldr r8, [0x0001d000] ",0
"ldr r8, [r8] ",0
"mov lr, pc ",0
"mov pc, r8 ",0
"mov r0, r0 ",0
pop {lr} ,0
pop {r8} ,0
pop {sb} ,0
"mov r2, r0 ",0
pop {r3} ,0
"mov r1, r2 ",0
"add r2, sb, 0x51 ",0
"mov r0, r2 ",0
"str sb, [sp, -4]! ",0
"str r8, [sp, -4]! ",0
"str lr, [sp, -4]! ",0
"ldr r8, [0x0001cffc] ",0
"ldr r8, [r8] ",0
"mov lr, pc ",0
"mov pc, r8 ",0
"mov r0, r0 ",0
pop {lr} ,0
pop {r8} ,0
pop {sb} ,0
"add sp, sp, 0 ",0
"mov r1, r0 ",0
pop {r0} ,0
"mov r0, r0 ",0
"add r2, sb, 0x51 ",0
"mov r4, 0 ",0
"mov r0, r0 ",0
"mov r3, 0xb4 ",0
"cmp r4, r3 ",0
"movhs r3, 1 ",0
"movlo r3, 0 ",0
"cmp r3, 0 ",0
bne 0x1c944 ,0
"mov r0, r0 ",0
"ldrb r3, [r1, r4] ",0
"strb r3, [r2, r4] ",0
"add r4, r4, 1 ",0
b 0x1c910 ,0
"mov r0, r0 ",0
"mov r0, r0 ",0
"mov r3, 0 ",0
"strb r3, [r2, 0xb4] ",0
"mov r0, r0 ",0
"str r0, [sp, -4]! ",0
"mov r3, lr ",0
bl 0x1c964 ,0
"andeq r0, r0, fp, lsr r0 ",1
"mov r2, lr ",0
"mov lr, r3 ",0
"mov r1, r2 ",0
"add r2, sb, 0x51 ",0
"mov r0, r2 ",0
"str sb, [sp, -4]! ",0
"str r8, [sp, -4]! ",0
"str lr, [sp, -4]! ",0
"ldr r8, [0x0001cffc] ",0
"ldr r8, [r8] ",0
"mov lr, pc ",0
"mov pc, r8 ",0
"mov r0, r0 ",0
pop {lr} ,0
pop {r8} ,0
pop {sb} ,0
"add sp, sp, 0 ",0
"mov r1, r0 ",0
pop {r0} ,0
"mov r0, r0 ",0
"add r2, sb, 0x51 ",0
"mov r4, 0 ",0
"mov r0, r0 ",0
"mov r3, 0xb4 ",0
"cmp r4, r3 ",0
"movhs r3, 1 ",0
"movlo r3, 0 ",0
"cmp r3, 0 ",0
bne 0x1c9f0 ,0
"mov r0, r0 ",0
"ldrb r3, [r1, r4] ",0
"strb r3, [r2, r4] ",0
"add r4, r4, 1 ",0
b 0x1c9bc ,0
"mov r0, r0 ",0
"mov r0, r0 ",0
"mov r3, 0 ",0
"strb r3, [r2, 0xb4] ",0
"mov r0, r0 ",0
"str r0, [sp, -4]! ",0
"ldr r8, [0x0001cfd8] ",0
"ldr r3, [r8] ",0
"mov r0, r3 ",0
"mov r1, 4 ",0
"str r3, [sp, -4]! ",0
"str sb, [sp, -4]! ",0
"str r8, [sp, -4]! ",0
"str lr, [sp, -4]! ",0
"ldr r8, [0x0001d000] ",0
"ldr r8, [r8] ",0
"mov lr, pc ",0
"mov pc, r8 ",0
"mov r0, r0 ",0
pop {lr} ,0
pop {r8} ,0
pop {sb} ,0
"mov r2, r0 ",0
pop {r3} ,0
"mov r1, r2 ",0
"add r2, sb, 0x51 ",0
"mov r0, r2 ",0
"str sb, [sp, -4]! ",0
"str r8, [sp, -4]! ",0
"str lr, [sp, -4]! ",0
"ldr r8, [0x0001cffc] ",0
"ldr r8, [r8] ",0
"mov lr, pc ",0
"mov pc, r8 ",0
"mov r0, r0 ",0
pop {lr} ,0
pop {r8} ,0
pop {sb} ,0
"add sp, sp, 0 ",0
"mov r1, r0 ",0
pop {r0} ,0
"mov r0, r0 ",0
"add r2, sb, 0x51 ",0
"mov r4, 0 ",0
"mov r0, r0 ",0
"mov r3, 0xb4 ",0
"cmp r4, r3 ",0
"movhs r3, 1 ",0
"movlo r3, 0 ",0
"cmp r3, 0 ",0
bne 0x1cad0 ,0
"mov r0, r0 ",0
"ldrb r3, [r1, r4] ",0
"strb r3, [r2, r4] ",0
"add r4, r4, 1 ",0
b 0x1ca9c ,0
"mov r0, r0 ",0
"mov r0, r0 ",0
"mov r3, 0 ",0
"strb r3, [r2, 0xb4] ",0
"mov r0, r0 ",0
"str r0, [sp, -4]! ",0
"mov r0, r0 ",0
"add r4, sb, 0x51 ",0
"mov r0, r4 ",0
"str sb, [sp, -4]! ",0
"str r8, [sp, -4]! ",0
"str lr, [sp, -4]! ",0
"ldr r8, [0x0001cff4] ",0
"ldr r8, [r8] ",0
"mov lr, pc ",0
"mov pc, r8 ",0
"mov r0, r0 ",0
pop {lr} ,0
pop {r8} ,0
pop {sb} ,0
"add sp, sp, 0 ",0
"mov r3, r0 ",0
"mov r2, r3 ",0
"add r3, sb, 0x51 ",0
"mov r1, r3 ",0
"ldr r3, [sb, 0x108] ",0
"mov r0, r3 ",0
"str sb, [sp, -4]! ",0
"str r8, [sp, -4]! ",0
"str lr, [sp, -4]! ",0
"ldr r8, [0x0001cff0] ",0
"ldr r8, [r8] ",0
"mov lr, pc ",0
"mov pc, r8 ",0
"mov r0, r0 ",0
pop {lr} ,0
pop {r8} ,0
pop {sb} ,0
"add sp, sp, 0 ",0
"mov r1, r0 ",0
pop {r0} ,0
"mov r0, r0 ",0
"str r0, [sp, -4]! ",0
"ldr r8, [0x0001cfd4] ",0
"ldr r3, [r8, 0x50] ",0
"mov r0, r3 ",0
"str r2, [sp, -4]! ",0
"str sb, [sp, -4]! ",0
"str r8, [sp, -4]! ",0
"str lr, [sp, -4]! ",0
"ldr r8, [0x0001cfd0] ",0
"ldr r8, [r8] ",0
"mov lr, pc ",0
"mov pc, r8 ",0
"mov r0, r0 ",0
pop {lr} ,0
pop {r8} ,0
pop {sb} ,0
"mov r3, r0 ",0
pop {r2} ,0
"mov r0, r3 ",0
"mov r1, 4 ",0
"str r3, [sp, -4]! ",0
"str sb, [sp, -4]! ",0
"str r8, [sp, -4]! ",0
"str lr, [sp, -4]! ",0
"ldr r8, [0x0001d000] ",0
"ldr r8, [r8] ",0
"mov lr, pc ",0
"mov pc, r8 ",0
"mov r0, r0 ",0
pop {lr} ,0
pop {r8} ,0
pop {sb} ,0
"mov r2, r0 ",0
pop {r3} ,0
"mov r1, r2 ",0
"mov r3, lr ",0
bl 0x1cc0c ,0
"andeq r0, r0, fp, lsr r0 ",1
"mov r2, lr ",0
"mov lr, r3 ",0
"mov r0, r2 ",0
"str sb, [sp, -4]! ",0
"str r8, [sp, -4]! ",0
"str lr, [sp, -4]! ",0
"ldr r8, [0x0001cffc] ",0
"ldr r8, [r8] ",0
"mov lr, pc ",0
"mov pc, r8 ",0
"mov r0, r0 ",0
pop {lr} ,0
pop {r8} ,0
pop {sb} ,0
"add sp, sp, 0 ",0
"mov r1, r0 ",0
pop {r0} ,0
"mov r0, r0 ",0
"add r2, sb, 0x51 ",0
"mov r4, 0 ",0
"mov r0, r0 ",0
"mov r3, 0xb4 ",0
"cmp r4, r3 ",0
"movhs r3, 1 ",0
"movlo r3, 0 ",0
"cmp r3, 0 ",0
bne 0x1cc90 ,0
"mov r0, r0 ",0
"ldrb r3, [r1, r4] ",0
"strb r3, [r2, r4] ",0
"add r4, r4, 1 ",0
b 0x1cc5c ,0
"mov r0, r0 ",0
"mov r0, r0 ",0
"mov r3, 0 ",0
"strb r3, [r2, 0xb4] ",0
"mov r0, r0 ",0
"str r0, [sp, -4]! ",0
"mov r3, lr ",0
bl 0x1ccb0 ,0
"andeq r0, r0, fp, lsr r0 ",1
"mov r2, lr ",0
"mov lr, r3 ",0
"mov r1, r2 ",0
"add r2, sb, 0x51 ",0
"mov r0, r2 ",0
"str sb, [sp, -4]! ",0
"str r8, [sp, -4]! ",0
"str lr, [sp, -4]! ",0
"ldr r8, [0x0001cffc] ",0
"ldr r8, [r8] ",0
"mov lr, pc ",0
"mov pc, r8 ",0
"mov r0, r0 ",0
pop {lr} ,0
pop {r8} ,0
pop {sb} ,0
"add sp, sp, 0 ",0
"mov r1, r0 ",0
pop {r0} ,0
"mov r0, r0 ",0
"add r2, sb, 0x51 ",0
"mov r4, 0 ",0
"mov r0, r0 ",0
"mov r3, 0xb4 ",0
"cmp r4, r3 ",0
"movhs r3, 1 ",0
"movlo r3, 0 ",0
"cmp r3, 0 ",0
bne 0x1cd3c ,0
"mov r0, r0 ",0
"ldrb r3, [r1, r4] ",0
"strb r3, [r2, r4] ",0
"add r4, r4, 1 ",0
b 0x1cd08 ,0
"mov r0, r0 ",0
"mov r0, r0 ",0
"mov r3, 0 ",0
"strb r3, [r2, 0xb4] ",0
"mov r0, r0 ",0
"str r0, [sp, -4]! ",0
"ldr r8, [0x0001cfcc] ",0
"ldr r3, [r8] ",0
"mov r0, r3 ",0
"mov r1, 5 ",0
"str r3, [sp, -4]! ",0
"str sb, [sp, -4]! ",0
"str r8, [sp, -4]! ",0
"str lr, [sp, -4]! ",0
"ldr r8, [0x0001d000] ",0
"ldr r8, [r8] ",0
"mov lr, pc ",0
"mov pc, r8 ",0
"mov r0, r0 ",0
pop {lr} ,0
pop {r8} ,0
pop {sb} ,0
"mov r2, r0 ",0
pop {r3} ,0
"mov r1, r2 ",0
"add r2, sb, 0x51 ",0
"mov r0, r2 ",0
"str sb, [sp, -4]! ",0
"str r8, [sp, -4]! ",0
"str lr, [sp, -4]! ",0
"ldr r8, [0x0001cffc] ",0
"ldr r8, [r8] ",0
"mov lr, pc ",0
"mov pc, r8 ",0
"mov r0, r0 ",0
pop {lr} ,0
pop {r8} ,0
pop {sb} ,0
"add sp, sp, 0 ",0
"mov r1, r0 ",0
pop {r0} ,0
"mov r0, r0 ",0
"add r2, sb, 0x51 ",0
"mov r4, 0 ",0
"mov r0, r0 ",0
"mov r3, 0xb4 ",0
"cmp r4, r3 ",0
"movhs r3, 1 ",0
"movlo r3, 0 ",0
"cmp r3, 0 ",0
bne 0x1ce1c ,0
"mov r0, r0 ",0
"ldrb r3, [r1, r4] ",0
"strb r3, [r2, r4] ",0
"add r4, r4, 1 ",0
b 0x1cde8 ,0
"mov r0, r0 ",0
"mov r0, r0 ",0
"mov r3, 0 ",0
"strb r3, [r2, 0xb4] ",0
"mov r0, r0 ",0
"str r0, [sp, -4]! ",0
"mov r0, r0 ",0
"add r4, sb, 0x51 ",0
"mov r0, r4 ",0
"str sb, [sp, -4]! ",0
"str r8, [sp, -4]! ",0
"str lr, [sp, -4]! ",0
"ldr r8, [0x0001cff4] ",0
"ldr r8, [r8] ",0
"mov lr, pc ",0
"mov pc, r8 ",0
"mov r0, r0 ",0
pop {lr} ,0
pop {r8} ,0
pop {sb} ,0
"add sp, sp, 0 ",0
"mov r3, r0 ",0
"mov r2, r3 ",0
"add r3, sb, 0x51 ",0
"mov r1, r3 ",0
"ldr r3, [sb, 0x108] ",0
"mov r0, r3 ",0
"str sb, [sp, -4]! ",0
"str r8, [sp, -4]! ",0
"str lr, [sp, -4]! ",0
"ldr r8, [0x0001cff0] ",0
"ldr r8, [r8] ",0
"mov lr, pc ",0
"mov pc, r8 ",0
"mov r0, r0 ",0
pop {lr} ,0
pop {r8} ,0
pop {sb} ,0
"add sp, sp, 0 ",0
"mov r1, r0 ",0
pop {r0} ,0
"mov r0, r0 ",0
"str r0, [sp, -4]! ",0
"mov r0, r0 ",0
"ldr r8, [0x0001cfc8] ",0
"mov r4, r8 ",0
"mov r0, r4 ",0
"str sb, [sp, -4]! ",0
"str r8, [sp, -4]! ",0
"str lr, [sp, -4]! ",0
"ldr r8, [0x0001cff4] ",0
"ldr r8, [r8] ",0
"mov lr, pc ",0
"mov pc, r8 ",0
"mov r0, r0 ",0
pop {lr} ,0
pop {r8} ,0
pop {sb} ,0
"add sp, sp, 0 ",0
"mov r3, r0 ",0
"mov r2, r3 ",0
"mov r3, r8 ",0
"mov r1, r3 ",0
"ldr r3, [sb, 0x108] ",0
"mov r0, r3 ",0
"str sb, [sp, -4]! ",0
"str r8, [sp, -4]! ",0
"str lr, [sp, -4]! ",0
"ldr r8, [0x0001cff0] ",0
"ldr r8, [r8] ",0
"mov lr, pc ",0
"mov pc, r8 ",0
"mov r0, r0 ",0
pop {lr} ,0
pop {r8} ,0
pop {sb} ,0
"add sp, sp, 0 ",0
"mov r1, r0 ",0
pop {r0} ,0
"mov r0, r0 ",0
"str r0, [sp, -4]! ",0
"mov r0, r0 ",0
"ldr r2, [sb, 0x108] ",0
"mov r0, r2 ",0
"str sb, [sp, -4]! ",0
"str r8, [sp, -4]! ",0
"str lr, [sp, -4]! ",0
"ldr r8, [0x0001cfc4] ",0
"ldr r8, [r8] ",0
"mov lr, pc ",0
"mov pc, r8 ",0
"mov r0, r0 ",0
pop {lr} ,0
pop {r8} ,0
pop {sb} ,0
"add sp, sp, 0 ",0
"mov r1, r0 ",0
pop {r0} ,0
"mov r0, r0 ",0
"mov r0, r0 ",0
"mov r0, r0 ",0
"mov r0, r0 ",0
"ldr r2, [0x0001cfc0] ",0
pop {r1} ,0
"str r1, [r2] ",0
"ldmdb fp, {fp, sp, pc} ",0
"muleq r0, r0, r2 ",1
"muleq r0, r0, r1 ",1
"andeq r3, r0, pc, ror 10 ",1
"andhs r4, r0, ip, lsl r0 ",1
"andeq r0, r0, ip, ror 8 ",1
"ldrdeq r5, r6, [r2], -r0 ",1
"andhs r4, r0, r0, lsl r0 ",1
"andhs r4, r0, r8 ",1
"andhs r4, r0, r0 ",1
"strheq r0, [r0], -r8 ",1
"andeq r0, r0, r8, ror 7 ",1
"muleq r0, ip, r2 ",1
"strheq r0, [r0], -ip ",1
"strheq r0, [r0], -r4 ",1
"andeq r7, r0, ip, lsl r2 ",1
"andeq r0, r0, r0, lsl 5 ",1
"strheq r0, [r0], -r0 ",1
"mov ip, sp ",0
"push {fp, ip, lr} ",0
"mov fp, ip ",0
"ldr r0, [0x0001d0a0] ",0
"ldr r1, [r0] ",0
"str r1, [sp, -4]! ",0
"str sb, [r0] ",0
"mov r0, 0 ",0
"strb r0, [sb, 8] ",0
"mov r0, r0 ",0
"ldr r0, [sb] ",0
"ldrb r0, [r0, 3] ",0
"mov r0, r0 ",0
"ldr r1, [sb, 4] ",0
"strb r0, [r1] ",0
"mov r0, r0 ",0
"ldr r0, [sb] ",0
"ldrb r0, [r0, 2] ",0
"mov r0, r0 ",0
"ldr r1, [sb, 4] ",0
"strb r0, [r1, 1] ",0
"mov r0, r0 ",0
"ldr r0, [sb] ",0
"ldrb r0, [r0, 1] ",0
"mov r0, r0 ",0
"ldr r1, [sb, 4] ",0
"strb r0, [r1, 2] ",0
"mov r0, r0 ",0
"ldr r0, [sb] ",0
"ldrb r0, [r0] ",0
"mov r0, r0 ",0
"ldr r1, [sb, 4] ",0
"strb r0, [r1, 3] ",0
"mov r0, r0 ",0
"mov r0, r0 ",0
"ldr r1, [0x0001d0a0] ",0
pop {r0} ,0
"str r0, [r1] ",0
"ldmdb fp, {fp, sp, pc} ",0
"muleq r0, r4, r2 ",1
"mov ip, sp ",0
"push {fp, ip, lr} ",0
"mov fp, ip ",0
"ldr r0, [0x0001d2a0] ",0
"ldr r1, [r0] ",0
"str r1, [sp, -4]! ",0
"str sb, [r0] ",0
"mov r0, r0 ",0
"mov r0, 0 ",0
"mov r0, r0 ",0
"strb r0, [sb, 6] ",0
"mov r0, r0 ",0
"mov r0, 0 ",0
"mov r0, r0 ",0
"strb r0, [sb, 7] ",0
"mov r0, r0 ",0
"ldrb r0, [sb] ",0
"mov r0, r0 ",0
"mov r0, r0 ",0
"cmp r0, 0 ",0
bne 0x1d174 ,0
"mov r0, r0 ",0
"mov r0, r0 ",0
"mov r0, 1 ",0
"mov r0, r0 ",0
"strb r0, [sb] ",0
"mov r0, r0 ",0
"ldrb r0, [sb, 4] ",0
"eor r0, r0, 1 ",0
"mov r0, r0 ",0
"mov r0, r0 ",0
"cmp r0, 0 ",0
bne 0x1d15c ,0
"mov r0, r0 ",0
"mov r0, r0 ",0
"ldrb r0, [sb, 2] ",0
"eor r0, r0, 1 ",0
"mov r0, r0 ",0
"strb r0, [sb, 5] ",0
"mov r0, r0 ",0
"ldrb r0, [sb, 3] ",0
"mov r0, r0 ",0
"strb r0, [sb, 1] ",0
"mov r0, r0 ",0
b 0x1d170 ,0
"mov r0, r0 ",0
"mov r0, r0 ",0
"mov r0, r0 ",0
"ldrb r0, [sb, 2] ",0
"mov r0, r0 ",0
"strb r0, [sb, 5] ",0
"mov r0, r0 ",0
"mov r0, r0 ",0
"mov r0, r0 ",0
"mov r0, r0 ",0
"ldrb r0, [sb, 5] ",0
"ldrb r1, [sb, 2] ",0
"cmp r0, r1 ",0
"moveq r0, 1 ",0
"movne r0, 0 ",0
"mov r0, r0 ",0
"mov r0, r0 ",0
"cmp r0, 0 ",0
bne 0x1d270 ,0
"mov r0, r0 ",0
"mov r0, r0 ",0
"ldrb r0, [sb, 1] ",0
"add r0, r0, 1 ",0
"mov r0, r0 ",0
"strb r0, [sb, 1] ",0
"mov r0, r0 ",0
"ldrb r0, [sb, 1] ",0
"ldrb r1, [sb, 3] ",0
"cmp r0, r1 ",0
"movls r0, 1 ",0
"movhi r0, 0 ",0
"mov r0, r0 ",0
"mov r0, r0 ",0
"cmp r0, 0 ",0
bne 0x1d25c ,0
"mov r0, r0 ",0
"mov r0, r0 ",0
"ldrb r0, [sb, 2] ",0
"mov r0, r0 ",0
"strb r0, [sb, 5] ",0
"mov r0, r0 ",0
"mov r0, 0 ",0
"mov r0, r0 ",0
"strb r0, [sb, 1] ",0
"mov r0, r0 ",0
"ldrb r0, [sb, 5] ",0
"eor r0, r0, 1 ",0
"mov r0, r0 ",0
"mov r0, r0 ",0
"cmp r0, 0 ",0
bne 0x1d244 ,0
"mov r0, r0 ",0
"mov r0, r0 ",0
"mov r0, 1 ",0
"mov r0, r0 ",0
"strb r0, [sb, 6] ",0
"mov r0, r0 ",0
b 0x1d258 ,0
"mov r0, r0 ",0
"mov r0, r0 ",0
"mov r0, r0 ",0
"mov r0, 1 ",0
"mov r0, r0 ",0
"strb r0, [sb, 7] ",0
"mov r0, r0 ",0
"mov r0, r0 ",0
"mov r0, r0 ",0
"mov r0, r0 ",0
b 0x1d284 ,0
"mov r0, r0 ",0
"mov r0, r0 ",0
"mov r0, r0 ",0
"mov r0, 0 ",0
"mov r0, r0 ",0
"strb r0, [sb, 1] ",0
"mov r0, r0 ",0
"mov r0, r0 ",0
"mov r0, r0 ",0
"ldr r1, [0x0001d2a0] ",0
pop {r0} ,0
"str r0, [r1] ",0
"ldmdb fp, {fp, sp, pc} ",0
"muleq r0, ip, r2 ",1
"mov ip, sp ",0
"push {fp, ip, lr} ",0
"mov fp, ip ",0
"str r0, [sp, -4]! ",0
"mov r1, 0 ",0
"strb r1, [sb] ",0
"mov r1, 0 ",0
"strb r1, [sb, 1] ",0
"mov r1, 0 ",0
"strb r1, [sb, 2] ",0
"mov r1, 4 ",0
"strb r1, [sb, 3] ",0
"mov r1, 1 ",0
"strb r1, [sb, 4] ",0
"mov r1, 0 ",0
"strb r1, [sb, 5] ",0
"mov r1, 0 ",0
"strb r1, [sb, 6] ",0
"mov r1, 0 ",0
"strb r1, [sb, 7] ",0
pop {r0} ,0
"cmp r0, 0 ",0
bne 0x1d304 ,0
"mov r0, r0 ",0
"mov r0, r0 ",0
"ldmdb fp, {fp, sp, pc} ",0
"mov ip, sp ",0
"push {fp, ip, lr} ",0
"mov fp, ip ",0
"ldr r0, [0x0001d628] ",0
"ldr r1, [r0] ",0
"str r1, [sp, -4]! ",0
"str sb, [r0] ",0
"mov r0, 0 ",0
"strh r0, [sb] ",0
"mov r0, 0 ",0
"strh r0, [sb, 2] ",0
"mov r0, 0 ",0
"strb r0, [sb, 4] ",0
"mov r0, 0 ",0
"strh r0, [sb, 0x14] ",0
"mov r0, r0 ",0
"mov r0, 0 ",0
"mov r0, r0 ",0
"strh r0, [sb] ",0
"mov r0, r0 ",0
"mov r0, 0 ",0
"mov r0, r0 ",0
"strh r0, [sb, 2] ",0
"mov r0, r0 ",0
"mov r0, r0 ",0
"ldrh r0, [sb, 2] ",0
"ldrh r1, [sb, 0xc] ",0
"cmp r0, r1 ",0
"movhs r0, 1 ",0
"movlo r0, 0 ",0
"mov r0, r0 ",0
"mov r0, r0 ",0
"cmp r0, 0 ",0
bne 0x1d5fc ,0
"mov r0, r0 ",0
"mov r0, r0 ",0
"ldr r0, [sb, 8] ",0
"ldrb r0, [r0] ",0
"cmp r0, 0x61 ",0
"movhs r0, 1 ",0
"movlo r0, 0 ",0
"ldr r1, [sb, 8] ",0
"ldrb r1, [r1] ",0
"cmp r1, 0x66 ",0
"movls r1, 1 ",0
"movhi r1, 0 ",0
"and r0, r0, r1 ",0
"eor r0, r0, 1 ",0
"mov r0, r0 ",0
"mov r0, r0 ",0
"cmp r0, 0 ",0
bne 0x1d400 ,0
"mov r0, r0 ",0
"mov r0, r0 ",0
"ldr r0, [sb, 8] ",0
"ldrb r0, [r0] ",0
"sub r0, r0, 0x57 ",0
"mov r0, r0 ",0
"strb r0, [sb, 4] ",0
b 0x1d4f0 ,0
"mov r0, r0 ",0
"mov r0, r0 ",0
"mov r0, r0 ",0
"ldr r0, [sb, 8] ",0
"ldrb r0, [r0] ",0
"cmp r0, 0x41 ",0
"movhs r0, 1 ",0
"movlo r0, 0 ",0
"ldr r1, [sb, 8] ",0
"ldrb r1, [r1] ",0
"cmp r1, 0x46 ",0
"movls r1, 1 ",0
"movhi r1, 0 ",0
"and r0, r0, r1 ",0
"eor r0, r0, 1 ",0
"mov r0, r0 ",0
"mov r0, r0 ",0
"cmp r0, 0 ",0
bne 0x1d46c ,0
"mov r0, r0 ",0
"mov r0, r0 ",0
"ldr r0, [sb, 8] ",0
"ldrb r0, [r0] ",0
"sub r0, r0, 0x37 ",0
"mov r0, r0 ",0
"strb r0, [sb, 4] ",0
b 0x1d4f0 ,0
"mov r0, r0 ",0
"mov r0, r0 ",0
"mov r0, r0 ",0
"ldr r0, [sb, 8] ",0
"ldrb r0, [r0] ",0
"cmp r0, 0x30 ",0
"movhs r0, 1 ",0
"movlo r0, 0 ",0
"ldr r1, [sb, 8] ",0
"ldrb r1, [r1] ",0
"cmp r1, 0x39 ",0
"movls r1, 1 ",0
"movhi r1, 0 ",0
"and r0, r0, r1 ",0
"eor r0, r0, 1 ",0
"mov r0, r0 ",0
"mov r0, r0 ",0
"cmp r0, 0 ",0
bne 0x1d4dc ,0
"mov r0, r0 ",0
"mov r0, r0 ",0
"ldr r0, [sb, 8] ",0
"ldrb r0, [r0] ",0
"sub r0, r0, 0x30 ",0
"mov r0, r0 ",0
"strb r0, [sb, 4] ",0
"mov r0, r0 ",0
b 0x1d4f0 ,0
"mov r0, r0 ",0
"mov r0, r0 ",0
"mov r0, r0 ",0
"mov r0, 0x10 ",0
"mov r0, r0 ",0
"strb r0, [sb, 4] ",0
"mov r0, r0 ",0
"mov r0, r0 ",0
"ldrb r0, [sb, 4] ",0
"cmp r0, 0x10 ",0
"movhs r0, 1 ",0
"movlo r0, 0 ",0
"mov r0, r0 ",0
"mov r0, r0 ",0
"cmp r0, 0 ",0
bne 0x1d5c0 ,0
"mov r0, r0 ",0
"mov r0, r0 ",0
"ldrh r0, [sb, 2] ",0
"and r0, r0, 1 ",0
"cmp r0, 0 ",0
"movne r0, 1 ",0
"moveq r0, 0 ",0
"mov r0, r0 ",0
"mov r0, r0 ",0
"cmp r0, 0 ",0
bne 0x1d570 ,0
"mov r0, r0 ",0
"mov r0, r0 ",0
"ldrb r0, [sb, 4] ",0
"mov r1, 0x10 ",0
"mul r0, r0, r1 ",0
"mov r0, r0 ",0
"ldr r1, [sb, 0x10] ",0
"strb r0, [r1] ",0
"mov r0, r0 ",0
b 0x1d5bc ,0
"mov r0, r0 ",0
"mov r0, r0 ",0
"mov r0, r0 ",0
"ldr r0, [sb, 0x10] ",0
"ldrb r0, [r0] ",0
"ldrb r1, [sb, 4] ",0
"add r0, r0, r1 ",0
"mov r0, r0 ",0
"ldr r1, [sb, 0x10] ",0
"strb r0, [r1] ",0
"mov r0, r0 ",0
"ldr r0, [sb, 0x10] ",0
"add r0, r0, 1 ",0
"mov r0, r0 ",0
"str r0, [sb, 0x10] ",0
"mov r0, r0 ",0
"ldrh r0, [sb] ",0
"add r0, r0, 1 ",0
"mov r0, r0 ",0
"strh r0, [sb] ",0
"mov r0, r0 ",0
"mov r0, r0 ",0
"mov r0, r0 ",0
"mov r0, r0 ",0
"ldrh r0, [sb, 2] ",0
"add r0, r0, 1 ",0
"mov r0, r0 ",0
"strh r0, [sb, 2] ",0
"mov r0, r0 ",0
"ldr r0, [sb, 8] ",0
"add r0, r0, 1 ",0
"mov r0, r0 ",0
"str r0, [sb, 8] ",0
"mov r0, r0 ",0
b 0x1d368 ,0
"mov r0, r0 ",0
"mov r0, r0 ",0
"mov r0, r0 ",0
"ldrh r0, [sb] ",0
"mov r0, r0 ",0
"strh r0, [sb, 0x14] ",0
"mov r0, r0 ",0
"mov r0, r0 ",0
"ldr r1, [0x0001d628] ",0
pop {r0} ,0
"str r0, [r1] ",0
"ldmdb fp, {fp, sp, pc} ",0
"andeq r2, r0, r0, lsr 5 ",1
"mov ip, sp ",0
"push {fp, ip, lr} ",0
"mov fp, ip ",0
"ldr r0, [0x0001d84c] ",0
"ldr r1, [r0] ",0
"str r1, [sp, -4]! ",0
"str sb, [r0] ",0
"mov r0, 0 ",0
"str r0, [sb, 0x14] ",0
"mov r0, r0 ",0
"ldr r0, [sb, 8] ",0
"ldr r1, [sb, 0x10] ",0
"ldr r2, [sb, 8] ",0
"str r0, [sp, -4]! ",0
"mov r0, r1 ",0
"mov r1, r2 ",0
"str r2, [sp, -4]! ",0
"str sb, [sp, -4]! ",0
"str r8, [sp, -4]! ",0
"str lr, [sp, -4]! ",0
"ldr r8, [0x0001d848] ",0
"ldr r8, [r8] ",0
"mov lr, pc ",0
"mov pc, r8 ",0
"mov r0, r0 ",0
pop {lr} ,0
pop {r8} ,0
pop {sb} ,0
"mov r1, r0 ",0
pop {r2} ,0
pop {r0} ,0
"ldr r2, [sb] ",0
"ldr r3, [sb, 4] ",0
"str r1, [sp, -4]! ",0
"str r0, [sp, -4]! ",0
"mov r0, r2 ",0
"mov r1, r3 ",0
"str r3, [sp, -4]! ",0
"str sb, [sp, -4]! ",0
"str r8, [sp, -4]! ",0
"str lr, [sp, -4]! ",0
"ldr r8, [0x0001d848] ",0
"ldr r8, [r8] ",0
"mov lr, pc ",0
"mov pc, r8 ",0
"mov r0, r0 ",0
pop {lr} ,0
pop {r8} ,0
pop {sb} ,0
"mov r2, r0 ",0
pop {r3} ,0
pop {r0} ,0
pop {r1} ,0
"str r0, [sp, -4]! ",0
"mov r0, r1 ",0
"mov r1, r2 ",0
"str r2, [sp, -4]! ",0
"str sb, [sp, -4]! ",0
"str r8, [sp, -4]! ",0
"str lr, [sp, -4]! ",0
"ldr r8, [0x0001d844] ",0
"ldr r8, [r8] ",0
"mov lr, pc ",0
"mov pc, r8 ",0
"mov r0, r0 ",0
pop {lr} ,0
pop {r8} ,0
pop {sb} ,0
"mov r1, r0 ",0
pop {r2} ,0
pop {r0} ,0
"ldr r2, [sb, 0xc] ",0
"ldr r3, [sb, 4] ",0
"str r1, [sp, -4]! ",0
"str r0, [sp, -4]! ",0
"mov r0, r2 ",0
"mov r1, r3 ",0
"str r3, [sp, -4]! ",0
"str sb, [sp, -4]! ",0
"str r8, [sp, -4]! ",0
"str lr, [sp, -4]! ",0
"ldr r8, [0x0001d848] ",0
"ldr r8, [r8] ",0
"mov lr, pc ",0
"mov pc, r8 ",0
"mov r0, r0 ",0
pop {lr} ,0
pop {r8} ,0
pop {sb} ,0
"mov r2, r0 ",0
pop {r3} ,0
pop {r0} ,0
pop {r1} ,0
"str r0, [sp, -4]! ",0
"mov r0, r1 ",0
"mov r1, r2 ",0
"str r2, [sp, -4]! ",0
"str sb, [sp, -4]! ",0
"str r8, [sp, -4]! ",0
"str lr, [sp, -4]! ",0
"ldr r8, [0x0001d840] ",0
"ldr r8, [r8] ",0
"mov lr, pc ",0
"mov pc, r8 ",0
"mov r0, r0 ",0
pop {lr} ,0
pop {r8} ,0
pop {sb} ,0
"mov r1, r0 ",0
pop {r2} ,0
pop {r0} ,0
"str r1, [sp, -4]! ",0
"str sb, [sp, -4]! ",0
"str r8, [sp, -4]! ",0
"str lr, [sp, -4]! ",0
"ldr r8, [0x0001d83c] ",0
"ldr r8, [r8] ",0
"mov lr, pc ",0
"mov pc, r8 ",0
"mov r0, r0 ",0
pop {lr} ,0
pop {r8} ,0
pop {sb} ,0
pop {r1} ,0
"mov r0, r0 ",0
"str r0, [sb, 0x14] ",0
"mov r0, r0 ",0
"mov r0, r0 ",0
"ldr r1, [0x0001d84c] ",0
pop {r0} ,0
"str r0, [r1] ",0
"ldmdb fp, {fp, sp, pc} ",0
"andeq r0, r0, ip, lsr r4 ",1
"andeq r0, r0, r8, asr 8 ",1
"andeq r0, r0, r4, asr 8 ",1
"andeq r0, r0, r0, asr 8 ",1
"andeq r2, r0, r4, lsr 5 ",1
"mov ip, sp ",0
"push {fp, ip, lr} ",0
"mov fp, ip ",0
"ldr r0, [0x0001dcd8] ",0
"ldr r1, [r0] ",0
"str r1, [sp, -4]! ",0
"str sb, [r0] ",0
"mov r0, 0 ",0
"str r0, [sb] ",0
"mov r0, 0 ",0
"str r0, [sb, 4] ",0
"mov r0, 0 ",0
"str r0, [sb, 8] ",0
"mov r0, 0 ",0
"str r0, [sb, 0xc] ",0
"mov r0, 0 ",0
"strh r0, [sb, 0x22] ",0
"mov r0, r0 ",0
"ldrsh r0, [sb, 0x10] ",0
"str r0, [sp, -4]! ",0
"ldrsh r0, [sp] ",0
"add sp, sp, 4 ",0
"str sb, [sp, -4]! ",0
"str r8, [sp, -4]! ",0
"str lr, [sp, -4]! ",0
"ldr r8, [0x0001dcd4] ",0
"ldr r8, [r8] ",0
"mov lr, pc ",0
"mov pc, r8 ",0
"mov r0, r0 ",0
pop {lr} ,0
pop {r8} ,0
pop {sb} ,0
"mov r0, r0 ",0
"str r0, [sb, 4] ",0
"mov r0, r0 ",0
"ldrsh r0, [sb, 0x12] ",0
"str r0, [sp, -4]! ",0
"ldrsh r0, [sp] ",0
"add sp, sp, 4 ",0
"str sb, [sp, -4]! ",0
"str r8, [sp, -4]! ",0
"str lr, [sp, -4]! ",0
"ldr r8, [0x0001dcd4] ",0
"ldr r8, [r8] ",0
"mov lr, pc ",0
"mov pc, r8 ",0
"mov r0, r0 ",0
pop {lr} ,0
pop {r8} ,0
pop {sb} ,0
"mov r0, r0 ",0
"str r0, [sb, 8] ",0
"mov r0, r0 ",0
"ldr r0, [sb, 8] ",0
"ldr r1, [sb, 4] ",0
"str r1, [sp, -4]! ",0
"str sb, [sp, -4]! ",0
"str r8, [sp, -4]! ",0
"str lr, [sp, -4]! ",0
"ldr r8, [0x0001dcd0] ",0
"ldr r8, [r8] ",0
"mov lr, pc ",0
"mov pc, r8 ",0
"mov r0, r0 ",0
pop {lr} ,0
pop {r8} ,0
pop {sb} ,0
pop {r1} ,0
"ldr r1, [sb, 0x1c] ",0
"ldr r2, [sb, 0x18] ",0
"str r0, [sp, -4]! ",0
"mov r0, r1 ",0
"mov r1, r2 ",0
"str r2, [sp, -4]! ",0
"str sb, [sp, -4]! ",0
"str r8, [sp, -4]! ",0
"str lr, [sp, -4]! ",0
"ldr r8, [0x0001dcd0] ",0
"ldr r8, [r8] ",0
"mov lr, pc ",0
"mov pc, r8 ",0
"mov r0, r0 ",0
pop {lr} ,0
pop {r8} ,0
pop {sb} ,0
"mov r1, r0 ",0
pop {r2} ,0
pop {r0} ,0
"str r1, [sp, -4]! ",0
"str sb, [sp, -4]! ",0
"str r8, [sp, -4]! ",0
"str lr, [sp, -4]! ",0
"ldr r8, [0x0001dccc] ",0
"ldr r8, [r8] ",0
"mov lr, pc ",0
"mov pc, r8 ",0
"mov r0, r0 ",0
pop {lr} ,0
pop {r8} ,0
pop {sb} ,0
pop {r1} ,0
"mov r0, r0 ",0
"str r0, [sb] ",0
"mov r0, r0 ",0
"ldrsh r0, [sb, 0x10] ",0
"str sb, [sp, -4]! ",0
"str r8, [sp, -4]! ",0
"str lr, [sp, -4]! ",0
"ldr r8, [0x0001dcd4] ",0
"ldr r8, [r8] ",0
"mov lr, pc ",0
"mov pc, r8 ",0
"mov r0, r0 ",0
pop {lr} ,0
pop {r8} ,0
pop {sb} ,0
"ldr r1, [sb] ",0
"ldrsh r2, [sb, 0x14] ",0
"str r0, [sp, -4]! ",0
"mov r0, r2 ",0
"str r1, [sp, -4]! ",0
"str sb, [sp, -4]! ",0
"str r8, [sp, -4]! ",0
"str lr, [sp, -4]! ",0
"ldr r8, [0x0001dcd4] ",0
"ldr r8, [r8] ",0
"mov lr, pc ",0
"mov pc, r8 ",0
"mov r0, r0 ",0
pop {lr} ,0
pop {r8} ,0
pop {sb} ,0
"mov r2, r0 ",0
pop {r1} ,0
pop {r0} ,0
"ldr r3, [sb, 0x18] ",0
"str r1, [sp, -4]! ",0
"str r0, [sp, -4]! ",0
"mov r0, r2 ",0
"mov r1, r3 ",0
"str r3, [sp, -4]! ",0
"str sb, [sp, -4]! ",0
"str r8, [sp, -4]! ",0
"str lr, [sp, -4]! ",0
"ldr r8, [0x0001dcd0] ",0
"ldr r8, [r8] ",0
"mov lr, pc ",0
"mov pc, r8 ",0
"mov r0, r0 ",0
pop {lr} ,0
pop {r8} ,0
pop {sb} ,0
"mov r2, r0 ",0
pop {r3} ,0
pop {r0} ,0
pop {r1} ,0
"str r0, [sp, -4]! ",0
"mov r0, r1 ",0
"mov r1, r2 ",0
"str r2, [sp, -4]! ",0
"str sb, [sp, -4]! ",0
"str r8, [sp, -4]! ",0
"str lr, [sp, -4]! ",0
"ldr r8, [0x0001dcc8] ",0
"ldr r8, [r8] ",0
"mov lr, pc ",0
"mov pc, r8 ",0
"mov r0, r0 ",0
pop {lr} ,0
pop {r8} ,0
pop {sb} ,0
"mov r1, r0 ",0
pop {r2} ,0
pop {r0} ,0
"str r1, [sp, -4]! ",0
"str sb, [sp, -4]! ",0
"str r8, [sp, -4]! ",0
"str lr, [sp, -4]! ",0
"ldr r8, [0x0001dcc4] ",0
"ldr r8, [r8] ",0
"mov lr, pc ",0
"mov pc, r8 ",0
"mov r0, r0 ",0
pop {lr} ,0
pop {r8} ,0
pop {sb} ,0
pop {r1} ,0
"mov r0, r0 ",0
"str r0, [sb, 0xc] ",0
"mov r0, r0 ",0
"ldr r0, [sb, 0xc] ",0
"str r0, [sp, -4]! ",0
"mov r2, 0xa ",0
"ldrb r3, [sb, 0x20] ",0
"str r0, [sp, -4]! ",0
"mov r0, r3 ",0
"str r2, [sp, -4]! ",0
"str r3, [sp, -4]! ",0
"str sb, [sp, -4]! ",0
"str r8, [sp, -4]! ",0
"str lr, [sp, -4]! ",0
"ldr r8, [0x0001dcc0] ",0
"ldr r8, [r8] ",0
"mov lr, pc ",0
"mov pc, r8 ",0
"mov r0, r0 ",0
pop {lr} ,0
pop {r8} ,0
pop {sb} ,0
"mov r1, r0 ",0
pop {r3} ,0
pop {r2} ,0
pop {r0} ,0
"mov r3, r1 ",0
"mov r0, r2 ",0
"str r1, [sp, -4]! ",0
"str r2, [sp, -4]! ",0
"str r3, [sp, -4]! ",0
"str sb, [sp, -4]! ",0
"str r8, [sp, -4]! ",0
"str lr, [sp, -4]! ",0
"ldr r8, [0x0001dcc0] ",0
"ldr r8, [r8] ",0
"mov lr, pc ",0
"mov pc, r8 ",0
"mov r0, r0 ",0
pop {lr} ,0
pop {r8} ,0
pop {sb} ,0
pop {r3} ,0
pop {r2} ,0
pop {r1} ,0
"mov r1, r3 ",0
"str sb, [sp, -4]! ",0
"str r8, [sp, -4]! ",0
"str lr, [sp, -4]! ",0
"ldr r8, [0x0001dcbc] ",0
"ldr r8, [r8] ",0
"mov lr, pc ",0
"mov pc, r8 ",0
"mov r0, r0 ",0
pop {lr} ,0
pop {r8} ,0
pop {sb} ,0
"mov r1, r0 ",0
pop {r0} ,0
"str r1, [sp, -4]! ",0
"str sb, [sp, -4]! ",0
"str r8, [sp, -4]! ",0
"str lr, [sp, -4]! ",0
"ldr r8, [0x0001dcc8] ",0
"ldr r8, [r8] ",0
"mov lr, pc ",0
"mov pc, r8 ",0
"mov r0, r0 ",0
pop {lr} ,0
pop {r8} ,0
pop {sb} ,0
pop {r1} ,0
"str sb, [sp, -4]! ",0
"str r8, [sp, -4]! ",0
"str lr, [sp, -4]! ",0
"ldr r8, [0x0001dcb8] ",0
"ldr r8, [r8] ",0
"mov lr, pc ",0
"mov pc, r8 ",0
"mov r0, r0 ",0
pop {lr} ,0
pop {r8} ,0
pop {sb} ,0
"str r0, [sp, -4]! ",0
"ldrsh r0, [sp] ",0
"add sp, sp, 4 ",0
"mov r0, r0 ",0
"strh r0, [sb, 0x22] ",0
"mov r0, r0 ",0
"mov r0, r0 ",0
"ldr r1, [0x0001dcd8] ",0
pop {r0} ,0
"str r0, [r1] ",0
"ldmdb fp, {fp, sp, pc} ",0
"andeq r0, r0, ip, ror 8 ",1
"muleq r0, r8, r4 ",1
"andeq r0, r0, r8, ror 8 ",1
"andeq r0, r0, ip, lsr r4 ",1
"andeq r0, r0, r4, asr 8 ",1
"andeq r0, r0, r8, asr 8 ",1
"andeq r0, r0, r0, asr 8 ",1
"andeq r0, r0, r4, ror 8 ",1
"andeq r2, r0, r8, lsr 5 ",1
"mov ip, sp ",0
"push {fp, ip, lr} ",0
"mov fp, ip ",0
"ldr r0, [0x0001ece0] ",0
"ldr r1, [r0] ",0
"str r1, [sp, -4]! ",0
"str sb, [r0] ",0
"mov r1, lr ",0
bl 0x1dd04 ,0
"andeq r0, r0, r0 ",0
"mov r0, lr ",0
"mov lr, r1 ",0
"mov r1, sb ",0
"mov r3, 0 ",0
"mov r0, r0 ",0
"mov r2, 1 ",0
"cmp r3, r2 ",0
"movhs r2, 1 ",0
"movlo r2, 0 ",0
"cmp r2, 0 ",0
bne 0x1dd48 ,0
"mov r0, r0 ",0
"ldrb r2, [r0, r3] ",0
"strb r2, [r1, r3] ",0
"add r3, r3, 1 ",0
b 0x1dd14 ,0
"mov r0, r0 ",0
"mov r0, r0 ",0
"mov r0, 0 ",0
"strh r0, [sb, 0xa2] ",0
"mov r0, 0 ",0
"strb r0, [sb, 0xfd] ",0
"mov r0, r0 ",0
"ldrsh r0, [sb, 0xa4] ",0
"ldr r8, [0x0001ecdc] ",0
"ldrsh r1, [r8] ",0
"cmp r0, r1 ",0
"movne r0, 1 ",0
"moveq r0, 0 ",0
"mov r0, r0 ",0
"cmp r0, 0 ",0
bne 0x1dda4 ,0
"mov r0, r0 ",0
"mov r0, r0 ",0
"mov r0, 1 ",0
"mov r0, r0 ",0
"ldr r8, [0x0001ecd8] ",0
"strb r0, [r8, 2] ",0
b 0x1de40 ,0
"mov r0, r0 ",0
"mov r0, r0 ",0
"mov r0, r0 ",0
"ldrsh r0, [sb, 0xa4] ",0
"ldr r8, [0x0001ecd4] ",0
"ldrsh r1, [r8] ",0
"cmp r0, r1 ",0
"movne r0, 1 ",0
"moveq r0, 0 ",0
"mov r0, r0 ",0
"cmp r0, 0 ",0
bne 0x1ddf0 ,0
"mov r0, r0 ",0
"mov r0, r0 ",0
"mov r0, 1 ",0
"mov r0, r0 ",0
"ldr r8, [0x0001ecd8] ",0
"strb r0, [r8, 3] ",0
b 0x1de40 ,0
"mov r0, r0 ",0
"mov r0, r0 ",0
"mov r0, r0 ",0
"ldrsh r0, [sb, 0xa4] ",0
"ldr r8, [0x0001ecd0] ",0
"ldrsh r1, [r8] ",0
"cmp r0, r1 ",0
"movne r0, 1 ",0
"moveq r0, 0 ",0
"mov r0, r0 ",0
"cmp r0, 0 ",0
bne 0x1de3c ,0
"mov r0, r0 ",0
"mov r0, r0 ",0
"mov r0, 1 ",0
"mov r0, r0 ",0
"ldr r8, [0x0001ecd8] ",0
"strb r0, [r8, 3] ",0
b 0x1de40 ,0
"mov r0, r0 ",0
"mov r0, r0 ",0
"mov r0, r0 ",0
"mov r0, r0 ",0
"mov r3, lr ",0
bl 0x1de58 ,0
"uqasxvc r4, r5, fp ",1
"andeq r0, r0, sp, lsr r0 ",1
"mov r2, lr ",0
"mov lr, r3 ",0
"mov r1, r2 ",0
"ldr r8, [0x0001ecd8] ",0
"add r2, r8, 5 ",0
"mov r0, r2 ",0
"str sb, [sp, -4]! ",0
"str r8, [sp, -4]! ",0
"str lr, [sp, -4]! ",0
"ldr r8, [0x0001eccc] ",0
"ldr r8, [r8] ",0
"mov lr, pc ",0
"mov pc, r8 ",0
"mov r0, r0 ",0
pop {lr} ,0
pop {r8} ,0
pop {sb} ,0
"add sp, sp, 0 ",0
"mov r0, r0 ",0
"mov r1, sb ",0
"mov r3, 0 ",0
"mov r0, r0 ",0
"mov r2, 0xa0 ",0
"cmp r3, r2 ",0
"movhs r2, 1 ",0
"movlo r2, 0 ",0
"cmp r2, 0 ",0
bne 0x1dee0 ,0
"mov r0, r0 ",0
"ldrb r2, [r0, r3] ",0
"strb r2, [r1, r3] ",0
"add r3, r3, 1 ",0
b 0x1deac ,0
"mov r0, r0 ",0
"mov r0, r0 ",0
"mov r2, 0 ",0
"strb r2, [r1, 0xa0] ",0
"mov r0, r0 ",0
"ldrsh r3, [sb, 0xa4] ",0
"mov r0, r3 ",0
"mov r1, 0xa ",0
"str r3, [sp, -4]! ",0
"str sb, [sp, -4]! ",0
"str r8, [sp, -4]! ",0
"str lr, [sp, -4]! ",0
"ldr r8, [0x0001ecc8] ",0
"ldr r8, [r8] ",0
"mov lr, pc ",0
"mov pc, r8 ",0
"mov r0, r0 ",0
pop {lr} ,0
pop {r8} ,0
pop {sb} ,0
"mov r2, r0 ",0
pop {r3} ,0
"mov r1, r2 ",0
"mov r2, sb ",0
"mov r0, r2 ",0
"str sb, [sp, -4]! ",0
"str r8, [sp, -4]! ",0
"str lr, [sp, -4]! ",0
"ldr r8, [0x0001eccc] ",0
"ldr r8, [r8] ",0
"mov lr, pc ",0
"mov pc, r8 ",0
"mov r0, r0 ",0
pop {lr} ,0
pop {r8} ,0
pop {sb} ,0
"add sp, sp, 0 ",0
"mov r0, r0 ",0
"mov r1, sb ",0
"mov r3, 0 ",0
"mov r0, r0 ",0
"mov r2, 0xa0 ",0
"cmp r3, r2 ",0
"movhs r2, 1 ",0
"movlo r2, 0 ",0
"cmp r2, 0 ",0
bne 0x1dfb0 ,0
"mov r0, r0 ",0
"ldrb r2, [r0, r3] ",0
"strb r2, [r1, r3] ",0
"add r3, r3, 1 ",0
b 0x1df7c ,0
"mov r0, r0 ",0
"mov r0, r0 ",0
"mov r2, 0 ",0
"strb r2, [r1, 0xa0] ",0
"mov r0, r0 ",0
"mov r3, lr ",0
bl 0x1dfd0 ,0
bvs 0x18b1cbc ,1
"andeq r0, r0, sp, lsr r0 ",1
"mov r2, lr ",0
"mov lr, r3 ",0
"mov r1, r2 ",0
"mov r2, sb ",0
"mov r0, r2 ",0
"str sb, [sp, -4]! ",0
"str r8, [sp, -4]! ",0
"str lr, [sp, -4]! ",0
"ldr r8, [0x0001eccc] ",0
"ldr r8, [r8] ",0
"mov lr, pc ",0
"mov pc, r8 ",0
"mov r0, r0 ",0
pop {lr} ,0
pop {r8} ,0
pop {sb} ,0
"add sp, sp, 0 ",0
"mov r0, r0 ",0
"mov r1, sb ",0
"mov r3, 0 ",0
"mov r0, r0 ",0
"mov r2, 0xa0 ",0
"cmp r3, r2 ",0
"movhs r2, 1 ",0
"movlo r2, 0 ",0
"cmp r2, 0 ",0
bne 0x1e054 ,0
"mov r0, r0 ",0
"ldrb r2, [r0, r3] ",0
"strb r2, [r1, r3] ",0
"add r3, r3, 1 ",0
b 0x1e020 ,0
"mov r0, r0 ",0
"mov r0, r0 ",0
"mov r2, 0 ",0
"strb r2, [r1, 0xa0] ",0
"mov r0, r0 ",0
"ldrsh r3, [sb, 0xa6] ",0
"mov r0, r3 ",0
"mov r1, 0xa ",0
"str r3, [sp, -4]! ",0
"str sb, [sp, -4]! ",0
"str r8, [sp, -4]! ",0
"str lr, [sp, -4]! ",0
"ldr r8, [0x0001ecc8] ",0
"ldr r8, [r8] ",0
"mov lr, pc ",0
"mov pc, r8 ",0
"mov r0, r0 ",0
pop {lr} ,0
pop {r8} ,0
pop {sb} ,0
"mov r2, r0 ",0
pop {r3} ,0
"mov r1, r2 ",0
"mov r2, sb ",0
"mov r0, r2 ",0
"str sb, [sp, -4]! ",0
"str r8, [sp, -4]! ",0
"str lr, [sp, -4]! ",0
"ldr r8, [0x0001eccc] ",0
"ldr r8, [r8] ",0
"mov lr, pc ",0
"mov pc, r8 ",0
"mov r0, r0 ",0
pop {lr} ,0
pop {r8} ,0
pop {sb} ,0
"add sp, sp, 0 ",0
"mov r0, r0 ",0
"mov r1, sb ",0
"mov r3, 0 ",0
"mov r0, r0 ",0
"mov r2, 0xa0 ",0
"cmp r3, r2 ",0
"movhs r2, 1 ",0
"movlo r2, 0 ",0
"cmp r2, 0 ",0
bne 0x1e124 ,0
"mov r0, r0 ",0
"ldrb r2, [r0, r3] ",0
"strb r2, [r1, r3] ",0
"add r3, r3, 1 ",0
b 0x1e0f0 ,0
"mov r0, r0 ",0
"mov r0, r0 ",0
"mov r2, 0 ",0
"strb r2, [r1, 0xa0] ",0
"mov r0, r0 ",0
"mov r3, lr ",0
bl 0x1e144 ,0
"stmdavc r4!, {r0, r1, r3, r4, r5, r8, fp, lr} ^ ",1
"andeq r0, r0, sp, lsr r0 ",1
"mov r2, lr ",0
"mov lr, r3 ",0
"mov r1, r2 ",0
"mov r2, sb ",0
"mov r0, r2 ",0
"str sb, [sp, -4]! ",0
"str r8, [sp, -4]! ",0
"str lr, [sp, -4]! ",0
"ldr r8, [0x0001eccc] ",0
"ldr r8, [r8] ",0
"mov lr, pc ",0
"mov pc, r8 ",0
"mov r0, r0 ",0
pop {lr} ,0
pop {r8} ,0
pop {sb} ,0
"add sp, sp, 0 ",0
"mov r0, r0 ",0
"mov r1, sb ",0
"mov r3, 0 ",0
"mov r0, r0 ",0
"mov r2, 0xa0 ",0
"cmp r3, r2 ",0
"movhs r2, 1 ",0
"movlo r2, 0 ",0
"cmp r2, 0 ",0
bne 0x1e1c8 ,0
"mov r0, r0 ",0
"ldrb r2, [r0, r3] ",0
"strb r2, [r1, r3] ",0
"add r3, r3, 1 ",0
b 0x1e194 ,0
"mov r0, r0 ",0
"mov r0, r0 ",0
"mov r2, 0 ",0
"strb r2, [r1, 0xa0] ",0
"mov r0, r0 ",0
"ldrh r3, [sb, 0xa8] ",0
"mov r0, r3 ",0
"mov r1, 3 ",0
"str r3, [sp, -4]! ",0
"str sb, [sp, -4]! ",0
"str r8, [sp, -4]! ",0
"str lr, [sp, -4]! ",0
"ldr r8, [0x0001ecc8] ",0
"ldr r8, [r8] ",0
"mov lr, pc ",0
"mov pc, r8 ",0
"mov r0, r0 ",0
pop {lr} ,0
pop {r8} ,0
pop {sb} ,0
"mov r2, r0 ",0
pop {r3} ,0
"mov r1, r2 ",0
"mov r2, sb ",0
"mov r0, r2 ",0
"str sb, [sp, -4]! ",0
"str r8, [sp, -4]! ",0
"str lr, [sp, -4]! ",0
"ldr r8, [0x0001eccc] ",0
"ldr r8, [r8] ",0
"mov lr, pc ",0
"mov pc, r8 ",0
"mov r0, r0 ",0
pop {lr} ,0
pop {r8} ,0
pop {sb} ,0
"add sp, sp, 0 ",0
"mov r0, r0 ",0
"mov r1, sb ",0
"mov r3, 0 ",0
"mov r0, r0 ",0
"mov r2, 0xa0 ",0
"cmp r3, r2 ",0
"movhs r2, 1 ",0
"movlo r2, 0 ",0
"cmp r2, 0 ",0
bne 0x1e298 ,0
"mov r0, r0 ",0
"ldrb r2, [r0, r3] ",0
"strb r2, [r1, r3] ",0
"add r3, r3, 1 ",0
b 0x1e264 ,0
"mov r0, r0 ",0
"mov r0, r0 ",0
"mov r2, 0 ",0
"strb r2, [r1, 0xa0] ",0
"mov r0, r0 ",0
"mov r3, lr ",0
bl 0x1e2b8 ,0
"rsbsvc r4, r2, 0xec00000 ",1
"andeq r0, r0, sp, lsr r0 ",1
"mov r2, lr ",0
"mov lr, r3 ",0
"mov r1, r2 ",0
"mov r2, sb ",0
"mov r0, r2 ",0
"str sb, [sp, -4]! ",0
"str r8, [sp, -4]! ",0
"str lr, [sp, -4]! ",0
"ldr r8, [0x0001eccc] ",0
"ldr r8, [r8] ",0
"mov lr, pc ",0
"mov pc, r8 ",0
"mov r0, r0 ",0
pop {lr} ,0
pop {r8} ,0
pop {sb} ,0
"add sp, sp, 0 ",0
"mov r0, r0 ",0
"mov r1, sb ",0
"mov r3, 0 ",0
"mov r0, r0 ",0
"mov r2, 0xa0 ",0
"cmp r3, r2 ",0
"movhs r2, 1 ",0
"movlo r2, 0 ",0
"cmp r2, 0 ",0
bne 0x1e33c ,0
"mov r0, r0 ",0
"ldrb r2, [r0, r3] ",0
"strb r2, [r1, r3] ",0
"add r3, r3, 1 ",0
b 0x1e308 ,0
"mov r0, r0 ",0
"mov r0, r0 ",0
"mov r2, 0 ",0
"strb r2, [r1, 0xa0] ",0
"mov r0, r0 ",0
"ldrh r3, [sb, 0xaa] ",0
"mov r0, r3 ",0
"mov r1, 3 ",0
"str r3, [sp, -4]! ",0
"str sb, [sp, -4]! ",0
"str r8, [sp, -4]! ",0
"str lr, [sp, -4]! ",0
"ldr r8, [0x0001ecc8] ",0
"ldr r8, [r8] ",0
"mov lr, pc ",0
"mov pc, r8 ",0
"mov r0, r0 ",0
pop {lr} ,0
pop {r8} ,0
pop {sb} ,0
"mov r2, r0 ",0
pop {r3} ,0
"mov r1, r2 ",0
"mov r2, sb ",0
"mov r0, r2 ",0
"str sb, [sp, -4]! ",0
"str r8, [sp, -4]! ",0
"str lr, [sp, -4]! ",0
"ldr r8, [0x0001eccc] ",0
"ldr r8, [r8] ",0
"mov lr, pc ",0
"mov pc, r8 ",0
"mov r0, r0 ",0
pop {lr} ,0
pop {r8} ,0
pop {sb} ,0
"add sp, sp, 0 ",0
"mov r0, r0 ",0
"mov r1, sb ",0
"mov r3, 0 ",0
"mov r0, r0 ",0
"mov r2, 0xa0 ",0
"cmp r3, r2 ",0
"movhs r2, 1 ",0
"movlo r2, 0 ",0
"cmp r2, 0 ",0
bne 0x1e40c ,0
"mov r0, r0 ",0
"ldrb r2, [r0, r3] ",0
"strb r2, [r1, r3] ",0
"add r3, r3, 1 ",0
b 0x1e3d8 ,0
"mov r0, r0 ",0
"mov r0, r0 ",0
"mov r2, 0 ",0
"strb r2, [r1, 0xa0] ",0
"mov r0, r0 ",0
"mov r0, sb ",0
"mov r0, r0 ",0
"ldr r8, [0x0001ecd8] ",0
"ldrb r1, [r8, 0x63] ",0
"mov r2, 0x51 ",0
"mul r1, r1, r2 ",0
"add r1, r8, r1 ",0
"add r1, r1, 0x64 ",0
"mov r3, 0 ",0
"mov r0, r0 ",0
"mov r2, 0x50 ",0
"cmp r3, r2 ",0
"movhs r2, 1 ",0
"movlo r2, 0 ",0
"cmp r2, 0 ",0
bne 0x1e474 ,0
"mov r0, r0 ",0
"ldrb r2, [r0, r3] ",0
"strb r2, [r1, r3] ",0
"add r3, r3, 1 ",0
b 0x1e440 ,0
"mov r0, r0 ",0
"mov r0, r0 ",0
"mov r2, 0 ",0
"strb r2, [r1, 0x50] ",0
"mov r0, r0 ",0
"add r0, sb, 0xac ",0
"mov r0, r0 ",0
"ldr r8, [0x0001ecd8] ",0
"ldrb r1, [r8, 0x63] ",0
"mov r2, 0x51 ",0
"mul r1, r1, r2 ",0
"add r1, r8, r1 ",0
"ldr r2, [0x0001ecc4] ",0
"add r1, r1, r2 ",0
"mov r3, 0 ",0
"mov r0, r0 ",0
"mov r2, 0x50 ",0
"cmp r3, r2 ",0
"movhs r2, 1 ",0
"movlo r2, 0 ",0
"cmp r2, 0 ",0
bne 0x1e4e0 ,0
"mov r0, r0 ",0
"ldrb r2, [r0, r3] ",0
"strb r2, [r1, r3] ",0
"add r3, r3, 1 ",0
b 0x1e4ac ,0
"mov r0, r0 ",0
"mov r0, r0 ",0
"mov r2, 0 ",0
"strb r2, [r1, 0x50] ",0
"mov r0, r0 ",0
"ldr r8, [0x0001ecd8] ",0
"ldrb r0, [r8, 0x63] ",0
"add r0, r0, 1 ",0
"mov r0, r0 ",0
"strb r0, [r8, 0x63] ",0
"mov r0, r0 ",0
"ldrb r0, [r8, 0x63] ",0
"cmp r0, 5 ",0
"movls r0, 1 ",0
"movhi r0, 0 ",0
"mov r0, r0 ",0
"mov r0, r0 ",0
"cmp r0, 0 ",0
bne 0x1e540 ,0
"mov r0, r0 ",0
"mov r0, r0 ",0
"mov r0, 0 ",0
"mov r0, r0 ",0
"ldr r8, [0x0001ecd8] ",0
"strb r0, [r8, 0x63] ",0
"mov r0, r0 ",0
"mov r0, r0 ",0
"mov r0, r0 ",0
"mov r0, 0 ",0
"mov r0, r0 ",0
"ldr r8, [0x0001ecc0] ",0
"str r0, [r8, 0xbcc] ",0
"mov r0, r0 ",0
"mov r1, sb ",0
"sub sp, sp, 0x10 ",0
"mov r2, sp ",0
"ldr r4, [0x0001ecbc] ",0
"add r3, r8, r4 ",0
"str r3, [r2, 0xc] ",0
"ldr r8, [0x0001ecb8] ",0
"mov r3, r8 ",0
"str r3, [r2, 4] ",0
"ldr r8, [0x0001ecc0] ",0
"ldr r4, [0x0001ecb4] ",0
"add r3, r8, r4 ",0
"str r3, [r2] ",0
"mov sb, r2 ",0
"str r1, [sp, -4]! ",0
"str sb, [sp, -4]! ",0
"str r8, [sp, -4]! ",0
"str lr, [sp, -4]! ",0
"ldr r8, [0x0001ecb0] ",0
"ldr r8, [r8] ",0
"mov lr, pc ",0
"mov pc, r8 ",0
"mov r0, r0 ",0
pop {lr} ,0
pop {r8} ,0
pop {sb} ,0
pop {r1} ,0
"ldrb r0, [sb, 8] ",0
"add sp, sp, 0x10 ",0
"mov sb, r1 ",0
"mov r0, r0 ",0
"str r0, [sp, -4]! ",0
"mov r3, 3 ",0
"mov r2, r3 ",0
"ldr r8, [0x0001ecac] ",0
"ldr r4, [r8] ",0
"mov r0, r4 ",0
"mov r1, 5 ",0
"str r2, [sp, -4]! ",0
"str r4, [sp, -4]! ",0
"str sb, [sp, -4]! ",0
"str r8, [sp, -4]! ",0
"str lr, [sp, -4]! ",0
"ldr r8, [0x0001ecc8] ",0
"ldr r8, [r8] ",0
"mov lr, pc ",0
"mov pc, r8 ",0
"mov r0, r0 ",0
pop {lr} ,0
pop {r8} ,0
pop {sb} ,0
"mov r3, r0 ",0
pop {r4} ,0
pop {r2} ,0
"mov r1, r3 ",0
"mov r4, lr ",0
bl 0x1e650 ,0
"ldrths r4, [sp], -sb, asr 8 ",1
"shsaxhs r3, r1, r6 ",1
"andeq r3, r0, r4, asr 26 ",1
"mov r3, lr ",0
"mov lr, r4 ",0
"mov r0, r3 ",0
"str sb, [sp, -4]! ",0
"str r8, [sp, -4]! ",0
"str lr, [sp, -4]! ",0
"ldr r8, [0x0001eca8] ",0
"ldr r8, [r8] ",0
"mov lr, pc ",0
"mov pc, r8 ",0
"mov r0, r0 ",0
pop {lr} ,0
pop {r8} ,0
pop {sb} ,0
"add sp, sp, 0 ",0
"mov r1, r0 ",0
pop {r0} ,0
"mov r0, r0 ",0
"mov r2, sb ",0
"mov r4, 0 ",0
"mov r0, r0 ",0
"mov r3, 0xa0 ",0
"cmp r4, r3 ",0
"movhs r3, 1 ",0
"movlo r3, 0 ",0
"cmp r3, 0 ",0
bne 0x1e6d4 ,0
"mov r0, r0 ",0
"ldrb r3, [r1, r4] ",0
"strb r3, [r2, r4] ",0
"add r4, r4, 1 ",0
b 0x1e6a0 ,0
"mov r0, r0 ",0
"mov r0, r0 ",0
"mov r3, 0 ",0
"strb r3, [r2, 0xa0] ",0
"mov r0, r0 ",0
"str r0, [sp, -4]! ",0
"ldr r8, [0x0001ecd8] ",0
"add r2, r8, 5 ",0
"mov r1, r2 ",0
"mov r2, sb ",0
"mov r0, r2 ",0
"str sb, [sp, -4]! ",0
"str r8, [sp, -4]! ",0
"str lr, [sp, -4]! ",0
"ldr r8, [0x0001eccc] ",0
"ldr r8, [r8] ",0
"mov lr, pc ",0
"mov pc, r8 ",0
"mov r0, r0 ",0
pop {lr} ,0
pop {r8} ,0
pop {sb} ,0
"add sp, sp, 0 ",0
"mov r1, r0 ",0
pop {r0} ,0
"mov r0, r0 ",0
"mov r2, sb ",0
"mov r4, 0 ",0
"mov r0, r0 ",0
"mov r3, 0xa0 ",0
"cmp r4, r3 ",0
"movhs r3, 1 ",0
"movlo r3, 0 ",0
"cmp r3, 0 ",0
bne 0x1e774 ,0
"mov r0, r0 ",0
"ldrb r3, [r1, r4] ",0
"strb r3, [r2, r4] ",0
"add r4, r4, 1 ",0
b 0x1e740 ,0
"mov r0, r0 ",0
"mov r0, r0 ",0
"mov r3, 0 ",0
"strb r3, [r2, 0xa0] ",0
"mov r0, r0 ",0
"str r0, [sp, -4]! ",0
"mov r3, lr ",0
bl 0x1e794 ,0
"eorseq r5, sp, r6, lsr 6 ",1
"mov r2, lr ",0
"mov lr, r3 ",0
"mov r1, r2 ",0
"mov r2, sb ",0
"mov r0, r2 ",0
"str sb, [sp, -4]! ",0
"str r8, [sp, -4]! ",0
"str lr, [sp, -4]! ",0
"ldr r8, [0x0001eccc] ",0
"ldr r8, [r8] ",0
"mov lr, pc ",0
"mov pc, r8 ",0
"mov r0, r0 ",0
pop {lr} ,0
pop {r8} ,0
pop {sb} ,0
"add sp, sp, 0 ",0
"mov r1, r0 ",0
pop {r0} ,0
"mov r0, r0 ",0
"mov r2, sb ",0
"mov r4, 0 ",0
"mov r0, r0 ",0
"mov r3, 0xa0 ",0
"cmp r4, r3 ",0
"movhs r3, 1 ",0
"movlo r3, 0 ",0
"cmp r3, 0 ",0
bne 0x1e820 ,0
"mov r0, r0 ",0
"ldrb r3, [r1, r4] ",0
"strb r3, [r2, r4] ",0
"add r4, r4, 1 ",0
b 0x1e7ec ,0
"mov r0, r0 ",0
"mov r0, r0 ",0
"mov r3, 0 ",0
"strb r3, [r2, 0xa0] ",0
"mov r0, r0 ",0
"ldr r8, [0x0001ecd8] ",0
"ldrb r1, [r8, 3] ",0
"eor r1, r1, 1 ",0
"mov r0, r0 ",0
"mov r0, r0 ",0
"cmp r1, 0 ",0
bne 0x1e868 ,0
"mov r0, r0 ",0
"mov r0, r0 ",0
"mov r0, 2 ",0
"mov r0, r0 ",0
"strh r0, [sb, 0xa2] ",0
b 0x1e8c0 ,0
"mov r0, r0 ",0
"mov r0, r0 ",0
"mov r0, r0 ",0
"ldr r8, [0x0001ecd8] ",0
"ldrb r0, [r8, 2] ",0
"eor r0, r0, 1 ",0
"mov r0, r0 ",0
"mov r0, r0 ",0
"cmp r0, 0 ",0
bne 0x1e8ac ,0
"mov r0, r0 ",0
"mov r0, r0 ",0
"mov r0, 1 ",0
"mov r0, r0 ",0
"strh r0, [sb, 0xa2] ",0
"mov r0, r0 ",0
b 0x1e8c0 ,0
"mov r0, r0 ",0
"mov r0, r0 ",0
"mov r0, r0 ",0
"mov r0, 0 ",0
"mov r0, r0 ",0
"strh r0, [sb, 0xa2] ",0
"mov r0, r0 ",0
"mov r0, r0 ",0
"ldrsh r3, [sb, 0xa2] ",0
"mov r0, r3 ",0
"mov r1, 1 ",0
"str r3, [sp, -4]! ",0
"str sb, [sp, -4]! ",0
"str r8, [sp, -4]! ",0
"str lr, [sp, -4]! ",0
"ldr r8, [0x0001ecc8] ",0
"ldr r8, [r8] ",0
"mov lr, pc ",0
"mov pc, r8 ",0
"mov r0, r0 ",0
pop {lr} ,0
pop {r8} ,0
pop {sb} ,0
"mov r2, r0 ",0
pop {r3} ,0
"mov r1, r2 ",0
"mov r2, sb ",0
"mov r0, r2 ",0
"str sb, [sp, -4]! ",0
"str r8, [sp, -4]! ",0
"str lr, [sp, -4]! ",0
"ldr r8, [0x0001eccc] ",0
"ldr r8, [r8] ",0
"mov lr, pc ",0
"mov pc, r8 ",0
"mov r0, r0 ",0
pop {lr} ,0
pop {r8} ,0
pop {sb} ,0
"add sp, sp, 0 ",0
"mov r0, r0 ",0
"mov r1, sb ",0
"mov r3, 0 ",0
"mov r0, r0 ",0
"mov r2, 0xa0 ",0
"cmp r3, r2 ",0
"movhs r2, 1 ",0
"movlo r2, 0 ",0
"cmp r2, 0 ",0
bne 0x1e988 ,0
"mov r0, r0 ",0
"ldrb r2, [r0, r3] ",0
"strb r2, [r1, r3] ",0
"add r3, r3, 1 ",0
b 0x1e954 ,0
"mov r0, r0 ",0
"mov r0, r0 ",0
"mov r2, 0 ",0
"strb r2, [r1, 0xa0] ",0
"mov r0, r0 ",0
"mov r1, sb ",0
"sub sp, sp, 0x10 ",0
"mov r2, sp ",0
"ldr r8, [0x0001ecc0] ",0
"ldr r4, [0x0001ecbc] ",0
"add r3, r8, r4 ",0
"str r3, [r2, 0xc] ",0
"mov r3, sb ",0
"str r3, [r2, 4] ",0
"ldr r4, [0x0001ecb4] ",0
"add r3, r8, r4 ",0
"str r3, [r2] ",0
"mov sb, r2 ",0
"str r1, [sp, -4]! ",0
"str sb, [sp, -4]! ",0
"str r8, [sp, -4]! ",0
"str lr, [sp, -4]! ",0
"ldr r8, [0x0001ecb0] ",0
"ldr r8, [r8] ",0
"mov lr, pc ",0
"mov pc, r8 ",0
"mov r0, r0 ",0
pop {lr} ,0
pop {r8} ,0
pop {sb} ,0
pop {r1} ,0
"ldrb r0, [sb, 8] ",0
"add sp, sp, 0x10 ",0
"mov sb, r1 ",0
"mov r0, r0 ",0
"str r0, [sp, -4]! ",0
"ldrsh r3, [sb, 0xa4] ",0
"mov r0, r3 ",0
"mov r1, 0xa ",0
"str r3, [sp, -4]! ",0
"str sb, [sp, -4]! ",0
"str r8, [sp, -4]! ",0
"str lr, [sp, -4]! ",0
"ldr r8, [0x0001ecc8] ",0
"ldr r8, [r8] ",0
"mov lr, pc ",0
"mov pc, r8 ",0
"mov r0, r0 ",0
pop {lr} ,0
pop {r8} ,0
pop {sb} ,0
"mov r2, r0 ",0
pop {r3} ,0
"mov r1, r2 ",0
"mov r3, lr ",0
bl 0x1ea6c ,0
"subspl r4, r2, 0x9800000 ",1
"andeq r0, r0, sp, lsr r0 ",1
"mov r2, lr ",0
"mov lr, r3 ",0
"mov r0, r2 ",0
"str sb, [sp, -4]! ",0
"str r8, [sp, -4]! ",0
"str lr, [sp, -4]! ",0
"ldr r8, [0x0001eccc] ",0
"ldr r8, [r8] ",0
"mov lr, pc ",0
"mov pc, r8 ",0
"mov r0, r0 ",0
pop {lr} ,0
pop {r8} ,0
pop {sb} ,0
"add sp, sp, 0 ",0
"mov r1, r0 ",0
pop {r0} ,0
"mov r0, r0 ",0
"mov r2, sb ",0
"mov r4, 0 ",0
"mov r0, r0 ",0
"mov r3, 0xa0 ",0
"cmp r4, r3 ",0
"movhs r3, 1 ",0
"movlo r3, 0 ",0
"cmp r3, 0 ",0
bne 0x1eaf0 ,0
"mov r0, r0 ",0
"ldrb r3, [r1, r4] ",0
"strb r3, [r2, r4] ",0
"add r4, r4, 1 ",0
b 0x1eabc ,0
"mov r0, r0 ",0
"mov r0, r0 ",0
"mov r3, 0 ",0
"strb r3, [r2, 0xa0] ",0
"mov r0, r0 ",0
"str r0, [sp, -4]! ",0
"mov r3, lr ",0
bl 0x1eb10 ,0
"andeq r0, r0, fp, lsr r0 ",1
"mov r2, lr ",0
"mov lr, r3 ",0
"mov r1, r2 ",0
"mov r2, sb ",0
"mov r0, r2 ",0
"str sb, [sp, -4]! ",0
"str r8, [sp, -4]! ",0
"str lr, [sp, -4]! ",0
"ldr r8, [0x0001eccc] ",0
"ldr r8, [r8] ",0
"mov lr, pc ",0
"mov pc, r8 ",0
"mov r0, r0 ",0
pop {lr} ,0
pop {r8} ,0
pop {sb} ,0
"add sp, sp, 0 ",0
"mov r1, r0 ",0
pop {r0} ,0
"mov r0, r0 ",0
"mov r2, sb ",0
"mov r4, 0 ",0
"mov r0, r0 ",0
"mov r3, 0xa0 ",0
"cmp r4, r3 ",0
"movhs r3, 1 ",0
"movlo r3, 0 ",0
"cmp r3, 0 ",0
bne 0x1eb9c ,0
"mov r0, r0 ",0
"ldrb r3, [r1, r4] ",0
"strb r3, [r2, r4] ",0
"add r4, r4, 1 ",0
b 0x1eb68 ,0
"mov r0, r0 ",0
"mov r0, r0 ",0
"mov r3, 0 ",0
"strb r3, [r2, 0xa0] ",0
"mov r0, r0 ",0
"str r0, [sp, -4]! ",0
"ldrsh r3, [sb, 0xa6] ",0
"mov r0, r3 ",0
"mov r1, 0xa ",0
"str r3, [sp, -4]! ",0
"str sb, [sp, -4]! ",0
"str r8, [sp, -4]! ",0
"str lr, [sp, -4]! ",0
"ldr r8, [0x0001ecc8] ",0
"ldr r8, [r8] ",0
"mov lr, pc ",0
"mov pc, r8 ",0
"mov r0, r0 ",0
pop {lr} ,0
pop {r8} ,0
pop {sb} ,0
"mov r2, r0 ",0
pop {r3} ,0
"mov r1, r2 ",0
"mov r2, sb ",0
"mov r0, r2 ",0
"str sb, [sp, -4]! ",0
"str r8, [sp, -4]! ",0
"str lr, [sp, -4]! ",0
"ldr r8, [0x0001eccc] ",0
"ldr r8, [r8] ",0
"mov lr, pc ",0
"mov pc, r8 ",0
"mov r0, r0 ",0
pop {lr} ,0
pop {r8} ,0
pop {sb} ,0
"add sp, sp, 0 ",0
"mov r1, r0 ",0
pop {r0} ,0
"mov r0, r0 ",0
"mov r2, sb ",0
"mov r4, 0 ",0
"mov r0, r0 ",0
"mov r3, 0xa0 ",0
"cmp r4, r3 ",0
"movhs r3, 1 ",0
"movlo r3, 0 ",0
"cmp r3, 0 ",0
bne 0x1ec78 ,0
"mov r0, r0 ",0
"ldrb r3, [r1, r4] ",0
"strb r3, [r2, r4] ",0
"add r4, r4, 1 ",0
b 0x1ec44 ,0
"mov r0, r0 ",0
"mov r0, r0 ",0
"mov r3, 0 ",0
"strb r3, [r2, 0xa0] ",0
"mov r0, r0 ",0
"str r0, [sp, -4]! ",0
"mov r3, lr ",0
b 0x1ece4 ,0
"mov r0, r0 ",1
"stclgt p13, c12, [sp, 0x334] ",1
"stclgt p13, c12, [sp, 0x334] ",1
"stclgt p13, c12, [sp, 0x334] ",1
"stclgt p13, c12, [sp, 0x334] ",1
"andeq r0, r0, ip, lsr 5 ",1
"andeq r3, r0, r0, asr r0 ",1
"andeq r0, r0, r0, lsr 6 ",1
"andeq r0, r0, ip, ror 11 ",1
"andeq r3, r0, ip, ror r4 ",1
"andeq r0, r0, ip, asr 23 ",1
"andeq r5, r2, r8, lsr 11 ",1
"andeq r0, r0, sl, asr 4 ",1
"strheq r0, [r0], -r0 ",1
"andeq r0, r0, r0, lsl 5 ",1
"andeq r3, r0, r2 ",1
"andeq r3, r0, r0 ",1
"andeq r6, r0, r8, asr 22 ",1
"strdeq r2, r3, [r0], -lr ",1
"strheq r2, [r0], -r4 ",1
bl 0x1ecec ,1
"andeq r0, r0, fp, lsr r0 ",1
"mov r2, lr ",0
"mov lr, r3 ",0
"mov r1, r2 ",0
"mov r2, sb ",0
"mov r0, r2 ",0
"str sb, [sp, -4]! ",0
"str r8, [sp, -4]! ",0
"str lr, [sp, -4]! ",0
"ldr r8, [0x0001f308] ",0
"ldr r8, [r8] ",0
"mov lr, pc ",0
"mov pc, r8 ",0
"mov r0, r0 ",0
pop {lr} ,0
pop {r8} ,0
pop {sb} ,0
"add sp, sp, 0 ",0
"mov r1, r0 ",0
pop {r0} ,0
"mov r0, r0 ",0
"mov r2, sb ",0
"mov r4, 0 ",0
"mov r0, r0 ",0
"mov r3, 0xa0 ",0
"cmp r4, r3 ",0
"movhs r3, 1 ",0
"movlo r3, 0 ",0
"cmp r3, 0 ",0
bne 0x1ed78 ,0
"mov r0, r0 ",0
"ldrb r3, [r1, r4] ",0
"strb r3, [r2, r4] ",0
"add r4, r4, 1 ",0
b 0x1ed44 ,0
"mov r0, r0 ",0
"mov r0, r0 ",0
"mov r3, 0 ",0
"strb r3, [r2, 0xa0] ",0
"mov r0, r0 ",0
"str r0, [sp, -4]! ",0
"ldrh r3, [sb, 0xa8] ",0
"mov r0, r3 ",0
"mov r1, 3 ",0
"str r3, [sp, -4]! ",0
"str sb, [sp, -4]! ",0
"str r8, [sp, -4]! ",0
"str lr, [sp, -4]! ",0
"ldr r8, [0x0001f304] ",0
"ldr r8, [r8] ",0
"mov lr, pc ",0
"mov pc, r8 ",0
"mov r0, r0 ",0
pop {lr} ,0
pop {r8} ,0
pop {sb} ,0
"mov r2, r0 ",0
pop {r3} ,0
"mov r1, r2 ",0
"mov r2, sb ",0
"mov r0, r2 ",0
"str sb, [sp, -4]! ",0
"str r8, [sp, -4]! ",0
"str lr, [sp, -4]! ",0
"ldr r8, [0x0001f308] ",0
"ldr r8, [r8] ",0
"mov lr, pc ",0
"mov pc, r8 ",0
"mov r0, r0 ",0
pop {lr} ,0
pop {r8} ,0
pop {sb} ,0
"add sp, sp, 0 ",0
"mov r1, r0 ",0
pop {r0} ,0
"mov r0, r0 ",0
"mov r2, sb ",0
"mov r4, 0 ",0
"mov r0, r0 ",0
"mov r3, 0xa0 ",0
"cmp r4, r3 ",0
"movhs r3, 1 ",0
"movlo r3, 0 ",0
"cmp r3, 0 ",0
bne 0x1ee54 ,0
"mov r0, r0 ",0
"ldrb r3, [r1, r4] ",0
"strb r3, [r2, r4] ",0
"add r4, r4, 1 ",0
b 0x1ee20 ,0
"mov r0, r0 ",0
"mov r0, r0 ",0
"mov r3, 0 ",0
"strb r3, [r2, 0xa0] ",0
"mov r0, r0 ",0
"str r0, [sp, -4]! ",0
"mov r3, lr ",0
bl 0x1ee74 ,0
"andeq r0, r0, fp, lsr r0 ",1
"mov r2, lr ",0
"mov lr, r3 ",0
"mov r1, r2 ",0
"mov r2, sb ",0
"mov r0, r2 ",0
"str sb, [sp, -4]! ",0
"str r8, [sp, -4]! ",0
"str lr, [sp, -4]! ",0
"ldr r8, [0x0001f308] ",0
"ldr r8, [r8] ",0
"mov lr, pc ",0
"mov pc, r8 ",0
"mov r0, r0 ",0
pop {lr} ,0
pop {r8} ,0
pop {sb} ,0
"add sp, sp, 0 ",0
"mov r1, r0 ",0
pop {r0} ,0
"mov r0, r0 ",0
"mov r2, sb ",0
"mov r4, 0 ",0
"mov r0, r0 ",0
"mov r3, 0xa0 ",0
"cmp r4, r3 ",0
"movhs r3, 1 ",0
"movlo r3, 0 ",0
"cmp r3, 0 ",0
bne 0x1ef00 ,0
"mov r0, r0 ",0
"ldrb r3, [r1, r4] ",0
"strb r3, [r2, r4] ",0
"add r4, r4, 1 ",0
b 0x1eecc ,0
"mov r0, r0 ",0
"mov r0, r0 ",0
"mov r3, 0 ",0
"strb r3, [r2, 0xa0] ",0
"mov r0, r0 ",0
"str r0, [sp, -4]! ",0
"ldrh r3, [sb, 0xaa] ",0
"mov r0, r3 ",0
"mov r1, 3 ",0
"str r3, [sp, -4]! ",0
"str sb, [sp, -4]! ",0
"str r8, [sp, -4]! ",0
"str lr, [sp, -4]! ",0
"ldr r8, [0x0001f304] ",0
"ldr r8, [r8] ",0
"mov lr, pc ",0
"mov pc, r8 ",0
"mov r0, r0 ",0
pop {lr} ,0
pop {r8} ,0
pop {sb} ,0
"mov r2, r0 ",0
pop {r3} ,0
"mov r1, r2 ",0
"mov r2, sb ",0
"mov r0, r2 ",0
"str sb, [sp, -4]! ",0
"str r8, [sp, -4]! ",0
"str lr, [sp, -4]! ",0
"ldr r8, [0x0001f308] ",0
"ldr r8, [r8] ",0
"mov lr, pc ",0
"mov pc, r8 ",0
"mov r0, r0 ",0
pop {lr} ,0
pop {r8} ,0
pop {sb} ,0
"add sp, sp, 0 ",0
"mov r1, r0 ",0
pop {r0} ,0
"mov r0, r0 ",0
"mov r2, sb ",0
"mov r4, 0 ",0
"mov r0, r0 ",0
"mov r3, 0xa0 ",0
"cmp r4, r3 ",0
"movhs r3, 1 ",0
"movlo r3, 0 ",0
"cmp r3, 0 ",0
bne 0x1efdc ,0
"mov r0, r0 ",0
"ldrb r3, [r1, r4] ",0
"strb r3, [r2, r4] ",0
"add r4, r4, 1 ",0
b 0x1efa8 ,0
"mov r0, r0 ",0
"mov r0, r0 ",0
"mov r3, 0 ",0
"strb r3, [r2, 0xa0] ",0
"mov r0, r0 ",0
"str r0, [sp, -4]! ",0
"mov r3, lr ",0
bl 0x1effc ,0
"andeq r0, r0, fp, lsr r0 ",1
"mov r2, lr ",0
"mov lr, r3 ",0
"mov r1, r2 ",0
"mov r2, sb ",0
"mov r0, r2 ",0
"str sb, [sp, -4]! ",0
"str r8, [sp, -4]! ",0
"str lr, [sp, -4]! ",0
"ldr r8, [0x0001f308] ",0
"ldr r8, [r8] ",0
"mov lr, pc ",0
"mov pc, r8 ",0
"mov r0, r0 ",0
pop {lr} ,0
pop {r8} ,0
pop {sb} ,0
"add sp, sp, 0 ",0
"mov r1, r0 ",0
pop {r0} ,0
"mov r0, r0 ",0
"mov r2, sb ",0
"mov r4, 0 ",0
"mov r0, r0 ",0
"mov r3, 0xa0 ",0
"cmp r4, r3 ",0
"movhs r3, 1 ",0
"movlo r3, 0 ",0
"cmp r3, 0 ",0
bne 0x1f088 ,0
"mov r0, r0 ",0
"ldrb r3, [r1, r4] ",0
"strb r3, [r2, r4] ",0
"add r4, r4, 1 ",0
b 0x1f054 ,0
"mov r0, r0 ",0
"mov r0, r0 ",0
"mov r3, 0 ",0
"strb r3, [r2, 0xa0] ",0
"mov r0, r0 ",0
"str r0, [sp, -4]! ",0
"mov r0, r0 ",0
"mov r0, sb ",0
"sub sp, sp, 0x10 ",0
"mov r2, sp ",0
"ldr r8, [0x0001f300] ",0
"ldr r4, [0x0001f2fc] ",0
"add r3, r8, r4 ",0
"str r3, [r2, 0xc] ",0
"mov r3, sb ",0
"str r3, [r2, 4] ",0
"ldr r4, [0x0001f2f8] ",0
"add r3, r8, r4 ",0
"str r3, [r2] ",0
"mov sb, r2 ",0
"str r0, [sp, -4]! ",0
"str sb, [sp, -4]! ",0
"str r8, [sp, -4]! ",0
"str lr, [sp, -4]! ",0
"ldr r8, [0x0001f2f4] ",0
"ldr r8, [r8] ",0
"mov lr, pc ",0
"mov pc, r8 ",0
"mov r0, r0 ",0
pop {lr} ,0
pop {r8} ,0
pop {sb} ,0
pop {r0} ,0
"ldrb r1, [sb, 8] ",0
"add sp, sp, 0x10 ",0
"mov sb, r0 ",0
pop {r0} ,0
"mov r0, r0 ",0
"add r1, sb, 0xac ",0
"mov r0, r0 ",0
"mov r2, sb ",0
"mov r4, 0 ",0
"mov r0, r0 ",0
"mov r3, 0x51 ",0
"cmp r4, r3 ",0
"movhs r3, 1 ",0
"movlo r3, 0 ",0
"cmp r3, 0 ",0
bne 0x1f160 ,0
"mov r0, r0 ",0
"ldrb r3, [r1, r4] ",0
"strb r3, [r2, r4] ",0
"add r4, r4, 1 ",0
b 0x1f12c ,0
"mov r0, r0 ",0
"mov r0, r0 ",0
"mov r0, r0 ",0
"str r0, [sp, -4]! ",0
"mov r0, r0 ",0
"mov r0, sb ",0
"sub sp, sp, 0x10 ",0
"mov r2, sp ",0
"ldr r8, [0x0001f300] ",0
"ldr r4, [0x0001f2fc] ",0
"add r3, r8, r4 ",0
"str r3, [r2, 0xc] ",0
"mov r3, sb ",0
"str r3, [r2, 4] ",0
"ldr r4, [0x0001f2f8] ",0
"add r3, r8, r4 ",0
"str r3, [r2] ",0
"mov sb, r2 ",0
"str r0, [sp, -4]! ",0
"str sb, [sp, -4]! ",0
"str r8, [sp, -4]! ",0
"str lr, [sp, -4]! ",0
"ldr r8, [0x0001f2f4] ",0
"ldr r8, [r8] ",0
"mov lr, pc ",0
"mov pc, r8 ",0
"mov r0, r0 ",0
pop {lr} ,0
pop {r8} ,0
pop {sb} ,0
pop {r0} ,0
"ldrb r1, [sb, 8] ",0
"add sp, sp, 0x10 ",0
"mov sb, r0 ",0
pop {r0} ,0
"mov r0, r0 ",0
"str r0, [sp, -4]! ",0
"mov r0, r0 ",0
"mov r0, sb ",0
"sub sp, sp, 0x10 ",0
"mov r2, sp ",0
"ldr r4, [0x0001f2fc] ",0
"add r3, r8, r4 ",0
"str r3, [r2, 0xc] ",0
"ldr r8, [0x0001f2f0] ",0
"mov r3, r8 ",0
"str r3, [r2, 4] ",0
"ldr r8, [0x0001f300] ",0
"ldr r4, [0x0001f2f8] ",0
"add r3, r8, r4 ",0
"str r3, [r2] ",0
"mov sb, r2 ",0
"str r0, [sp, -4]! ",0
"str sb, [sp, -4]! ",0
"str r8, [sp, -4]! ",0
"str lr, [sp, -4]! ",0
"ldr r8, [0x0001f2f4] ",0
"ldr r8, [r8] ",0
"mov lr, pc ",0
"mov pc, r8 ",0
"mov r0, r0 ",0
pop {lr} ,0
pop {r8} ,0
pop {sb} ,0
pop {r0} ,0
"ldrb r1, [sb, 8] ",0
"add sp, sp, 0x10 ",0
"mov sb, r0 ",0
pop {r0} ,0
"mov r0, r0 ",0
"str r0, [sp, -4]! ",0
"mov r0, r0 ",0
"mov r0, sb ",0
"sub sp, sp, 0xc ",0
"mov r2, sp ",0
"mov sb, r2 ",0
"str r0, [sp, -4]! ",0
"str sb, [sp, -4]! ",0
"str r8, [sp, -4]! ",0
"str lr, [sp, -4]! ",0
"ldr r8, [0x0001f2ec] ",0
"ldr r8, [r8] ",0
"mov lr, pc ",0
"mov pc, r8 ",0
"mov r0, r0 ",0
pop {lr} ,0
pop {r8} ,0
pop {sb} ,0
pop {r0} ,0
"ldrb r1, [sb, 8] ",0
"add sp, sp, 0xc ",0
"mov sb, r0 ",0
pop {r0} ,0
"mov r0, r0 ",0
"mov r0, r0 ",0
"ldr r2, [0x0001f2e8] ",0
pop {r1} ,0
"str r1, [r2] ",0
"ldmdb fp, {fp, sp, pc} ",0
"strheq r2, [r0], -r4 ",1
"andeq r0, r0, ip, ror r3 ",1
"andeq r3, r0, sp, asr 9 ",1
"andeq r0, r0, r0, lsr 6 ",1
"andeq r0, r0, ip, ror 11 ",1
"andeq r0, r0, ip, asr 23 ",1
"andeq r5, r2, r8, lsr 11 ",1
"strheq r0, [r0], -r0 ",1
"andeq r0, r0, r0, lsl 5 ",1
"mov ip, sp ",0
"push {fp, ip, lr} ",0
"mov fp, ip ",0
"mov r0, r0 ",0
"ldr r8, [0x0001fc9c] ",0
"ldrsh r0, [r8] ",0
"ldr r8, [0x0001fc98] ",0
"ldrsh r1, [r8] ",0
"cmp r0, r1 ",0
"movne r0, 1 ",0
"moveq r0, 0 ",0
"mov r0, r0 ",0
"cmp r0, 0 ",0
bne 0x1f390 ,0
"mov r0, r0 ",0
"mov r0, r0 ",0
"mov r0, 0 ",0
"mov r0, r0 ",0
"ldr r8, [0x0001fc9c] ",0
"strb r0, [r8, 2] ",0
"mov r0, r0 ",0
"mov r0, 0 ",0
"mov r0, r0 ",0
"ldr r8, [0x0001fc94] ",0
"strb r0, [r8] ",0
"mov r0, r0 ",0
"ldr r0, [0x0001fc90] ",0
"ldrsh r0, [r8, r0] ",0
"mov r0, r0 ",0
"ldr r8, [0x0001fc9c] ",0
"strh r0, [r8] ",0
b 0x1fb30 ,0
"mov r0, r0 ",0
"mov r0, r0 ",0
"mov r0, r0 ",0
"ldr r8, [0x0001fc9c] ",0
"ldrsh r0, [r8] ",0
"ldr r8, [0x0001fc8c] ",0
"ldrsh r1, [r8] ",0
"cmp r0, r1 ",0
"movne r0, 1 ",0
"moveq r0, 0 ",0
"mov r0, r0 ",0
"cmp r0, 0 ",0
bne 0x1f5b8 ,0
"mov r0, r0 ",0
"mov r0, r0 ",0
"ldr r8, [0x0001fc9c] ",0
"ldrb r0, [r8, 2] ",0
"eor r0, r0, 1 ",0
"mov r0, r0 ",0
"mov r0, r0 ",0
"cmp r0, 0 ",0
bne 0x1f5a4 ,0
"mov r0, r0 ",0
"mov r0, r0 ",0
"ldr r8, [0x0001fc88] ",0
"mov r1, r8 ",0
"mov r0, r1 ",0
"str sb, [sp, -4]! ",0
"str r8, [sp, -4]! ",0
"str lr, [sp, -4]! ",0
"ldr r8, [0x0001fc84] ",0
"ldr r8, [r8] ",0
"mov lr, pc ",0
"mov pc, r8 ",0
"mov r0, r0 ",0
pop {lr} ,0
pop {r8} ,0
pop {sb} ,0
"add sp, sp, 0 ",0
"cmp r0, 0 ",0
"movne r0, 1 ",0
"moveq r0, 0 ",0
"mov r0, r0 ",0
"mov r0, r0 ",0
"cmp r0, 0 ",0
bne 0x1f49c ,0
"mov r0, r0 ",0
"mov r0, r0 ",0
"ldr r8, [0x0001fc80] ",0
"mov r1, r8 ",0
"mov r0, r1 ",0
"str sb, [sp, -4]! ",0
"str r8, [sp, -4]! ",0
"str lr, [sp, -4]! ",0
"ldr r8, [0x0001fc7c] ",0
"ldr r8, [r8] ",0
"mov lr, pc ",0
"mov pc, r8 ",0
"mov r0, r0 ",0
pop {lr} ,0
pop {r8} ,0
pop {sb} ,0
"add sp, sp, 0 ",0
"mov r0, r0 ",0
"str r0, [r8, 0x9e1] ",0
"mov r0, r0 ",0
b 0x1f554 ,0
"mov r0, r0 ",0
"mov r0, r0 ",0
"mov r0, r0 ",0
"ldr r8, [0x0001fc88] ",0
"mov r1, r8 ",0
"mov r0, r1 ",0
"str sb, [sp, -4]! ",0
"str r8, [sp, -4]! ",0
"str lr, [sp, -4]! ",0
"ldr r8, [0x0001fc78] ",0
"ldr r8, [r8] ",0
"mov lr, pc ",0
"mov pc, r8 ",0
"mov r0, r0 ",0
pop {lr} ,0
pop {r8} ,0
pop {sb} ,0
"add sp, sp, 0 ",0
"mov r0, r0 ",0
"str r0, [r8, 0xa2e] ",0
"mov r0, r0 ",0
"mov r1, sb ",0
"sub sp, sp, 0xc ",0
"mov r2, sp ",0
"ldr r4, [0x0001fc74] ",0
"add r3, r8, r4 ",0
"str r3, [r2, 4] ",0
"ldr r4, [0x0001fc70] ",0
"add r3, r8, r4 ",0
"str r3, [r2] ",0
"mov sb, r2 ",0
"str r1, [sp, -4]! ",0
"str sb, [sp, -4]! ",0
"str r8, [sp, -4]! ",0
"str lr, [sp, -4]! ",0
"ldr r8, [0x0001fc6c] ",0
"ldr r8, [r8] ",0
"mov lr, pc ",0
"mov pc, r8 ",0
"mov r0, r0 ",0
pop {lr} ,0
pop {r8} ,0
pop {sb} ,0
pop {r1} ,0
"ldrb r0, [sb, 8] ",0
"add sp, sp, 0xc ",0
"mov sb, r1 ",0
"mov r0, r0 ",0
"mov r0, r0 ",0
"mov r1, 0 ",0
"mov r0, r0 ",0
"ldr r8, [0x0001fc68] ",0
"strb r1, [r8] ",0
"mov r0, r0 ",0
"mov r1, 0 ",0
"mov r0, r0 ",0
"str r1, [r8, 0x5e0] ",0
"mov r0, r0 ",0
"mov r1, 1 ",0
"mov r0, r0 ",0
"strb r1, [r8, -0x66e] ",0
"mov r0, r0 ",0
"ldr r1, [0x0001fc64] ",0
"ldrsh r1, [r8, r1] ",0
"mov r0, r0 ",0
"ldr r8, [0x0001fc9c] ",0
"strh r1, [r8] ",0
"mov r0, r0 ",0
"mov r0, r0 ",0
"mov r0, r0 ",0
b 0x1fb30 ,0
"mov r0, r0 ",0
"mov r0, r0 ",0
"mov r0, r0 ",0
"ldr r8, [0x0001fc9c] ",0
"ldrsh r0, [r8] ",0
"ldr r8, [0x0001fc60] ",0
"ldrsh r1, [r8] ",0
"cmp r0, r1 ",0
"movne r0, 1 ",0
"moveq r0, 0 ",0
"mov r0, r0 ",0
"cmp r0, 0 ",0
bne 0x1f6b0 ,0
"mov r0, r0 ",0
"mov r0, r0 ",0
"ldr r8, [0x0001fc5c] ",0
"ldrb r0, [r8] ",0
"eor r0, r0, 1 ",0
"mov r0, r0 ",0
"mov r0, r0 ",0
"cmp r0, 0 ",0
bne 0x1f63c ,0
"mov r0, r0 ",0
"mov r0, r0 ",0
"mov r0, 1 ",0
"mov r0, r0 ",0
"ldr r8, [0x0001fc68] ",0
"strb r0, [r8] ",0
"mov r0, r0 ",0
"ldr r0, [0x0001fc58] ",0
"ldrsh r0, [r8, r0] ",0
"mov r0, r0 ",0
"ldr r8, [0x0001fc9c] ",0
"strh r0, [r8] ",0
"mov r0, r0 ",0
"mov r0, r0 ",0
"mov r0, r0 ",0
"ldr r8, [0x0001fc54] ",0
"ldr r0, [r8] ",0
"cmp r0, 0 ",0
"movle r0, 1 ",0
"movgt r0, 0 ",0
"mov r0, r0 ",0
"mov r0, r0 ",0
"cmp r0, 0 ",0
bne 0x1f69c ,0
"mov r0, r0 ",0
"mov r0, r0 ",0
"mov r0, 0 ",0
"mov r0, r0 ",0
"ldr r8, [0x0001fc94] ",0
"strb r0, [r8] ",0
"mov r0, r0 ",0
"ldr r0, [0x0001fc50] ",0
"ldrsh r0, [r8, r0] ",0
"mov r0, r0 ",0
"ldr r8, [0x0001fc9c] ",0
"strh r0, [r8] ",0
"mov r0, r0 ",0
"mov r0, r0 ",0
"mov r0, r0 ",0
b 0x1fb30 ,0
"mov r0, r0 ",0
"mov r0, r0 ",0
"mov r0, r0 ",0
"ldr r8, [0x0001fc9c] ",0
"ldrsh r0, [r8] ",0
"ldr r8, [0x0001fc4c] ",0
"ldrsh r1, [r8] ",0
"cmp r0, r1 ",0
"movne r0, 1 ",0
"moveq r0, 0 ",0
"mov r0, r0 ",0
"cmp r0, 0 ",0
bne 0x1f790 ,0
"mov r0, r0 ",0
"mov r0, r0 ",0
"ldr r8, [0x0001fc68] ",0
"ldrb r0, [r8] ",0
"mov r0, r0 ",0
"mov r0, r0 ",0
"cmp r0, 0 ",0
bne 0x1f71c ,0
"mov r0, r0 ",0
"mov r0, r0 ",0
"ldr r8, [0x0001fc48] ",0
"ldrsh r0, [r8] ",0
"mov r0, r0 ",0
"ldr r8, [0x0001fc9c] ",0
"strh r0, [r8] ",0
"mov r0, r0 ",0
"mov r0, r0 ",0
"mov r0, r0 ",0
"ldr r8, [0x0001fc54] ",0
"ldr r0, [r8] ",0
"cmp r0, 0 ",0
"movle r0, 1 ",0
"movgt r0, 0 ",0
"mov r0, r0 ",0
"mov r0, r0 ",0
"cmp r0, 0 ",0
bne 0x1f77c ,0
"mov r0, r0 ",0
"mov r0, r0 ",0
"mov r0, 0 ",0
"mov r0, r0 ",0
"ldr r8, [0x0001fc94] ",0
"strb r0, [r8] ",0
"mov r0, r0 ",0
"ldr r0, [0x0001fc50] ",0
"ldrsh r0, [r8, r0] ",0
"mov r0, r0 ",0
"ldr r8, [0x0001fc9c] ",0
"strh r0, [r8] ",0
"mov r0, r0 ",0
"mov r0, r0 ",0
"mov r0, r0 ",0
b 0x1fb30 ,0
"mov r0, r0 ",0
"mov r0, r0 ",0
"mov r0, r0 ",0
"ldr r8, [0x0001fc9c] ",0
"ldrsh r0, [r8] ",0
"ldr r8, [0x0001fc48] ",0
"ldrsh r1, [r8] ",0
"cmp r0, r1 ",0
"movne r0, 1 ",0
"moveq r0, 0 ",0
"mov r0, r0 ",0
"cmp r0, 0 ",0
bne 0x1fa18 ,0
"mov r0, r0 ",0
"mov r0, r0 ",0
"ldr r8, [0x0001fc5c] ",0
"ldrb r0, [r8] ",0
"cmp r0, 0 ",0
"movne r0, 1 ",0
"moveq r0, 0 ",0
"mov r0, r0 ",0
"mov r0, r0 ",0
"cmp r0, 0 ",0
bne 0x1fa04 ,0
"mov r0, r0 ",0
"mov r0, r0 ",0
"mov r0, 0 ",0
"mov r0, r0 ",0
"ldr r8, [0x0001fc94] ",0
"strb r0, [r8] ",0
"mov r0, r0 ",0
"ldr r0, [r8, 0xc4e] ",0
"cmp r0, 4 ",0
"movge r0, 1 ",0
"movlt r0, 0 ",0
"str r0, [sp, -4]! ",0
"mov r0, sb ",0
"sub sp, sp, 0xc ",0
"mov r2, sp ",0
"ldr r4, [0x0001fc44] ",0
"add r3, r8, r4 ",0
"str r3, [r2, 4] ",0
"ldr r4, [0x0001fc40] ",0
"add r3, r8, r4 ",0
"str r3, [r2] ",0
"mov sb, r2 ",0
"str r0, [sp, -4]! ",0
"str sb, [sp, -4]! ",0
"str r8, [sp, -4]! ",0
"str lr, [sp, -4]! ",0
"ldr r8, [0x0001fc3c] ",0
"ldr r8, [r8] ",0
"mov lr, pc ",0
"mov pc, r8 ",0
"mov r0, r0 ",0
pop {lr} ,0
pop {r8} ,0
pop {sb} ,0
pop {r0} ,0
"ldrb r1, [sb, 8] ",0
"add sp, sp, 0xc ",0
"mov sb, r0 ",0
pop {r0} ,0
"and r0, r0, r1 ",0
"eor r0, r0, 1 ",0
"mov r0, r0 ",0
"mov r0, r0 ",0
"cmp r0, 0 ",0
bne 0x1f9e4 ,0
"mov r0, r0 ",0
"mov r0, r0 ",0
"mov r0, 0 ",0
"mov r0, r0 ",0
"ldr r8, [0x0001fc9c] ",0
"strb r0, [r8, 2] ",0
"mov r0, r0 ",0
"mov r0, 0 ",0
"mov r0, r0 ",0
"ldr r8, [0x0001fc38] ",0
"strb r0, [r8] ",0
"mov r0, r0 ",0
"ldrb r0, [r8, 1] ",0
"ldr r8, [0x0001fc34] ",0
"ldrb r1, [r8] ",0
"cmp r0, r1 ",0
"movhs r0, 1 ",0
"movlo r0, 0 ",0
"mov r0, r0 ",0
"mov r0, r0 ",0
"cmp r0, 0 ",0
bne 0x1f9a4 ,0
"mov r0, r0 ",0
"mov r0, r0 ",0
"str sb, [sp, -4]! ",0
"str r8, [sp, -4]! ",0
"str lr, [sp, -4]! ",0
"ldr r8, [0x0001fc30] ",0
"ldr r8, [r8] ",0
"mov lr, pc ",0
"mov pc, r8 ",0
"mov r0, r0 ",0
pop {lr} ,0
pop {r8} ,0
pop {sb} ,0
"mov r0, r0 ",0
"ldr r8, [0x0001fc9c] ",0
"ldrb r0, [r8, 2] ",0
"cmp r0, 1 ",0
"movne r0, 1 ",0
"moveq r0, 0 ",0
"mov r0, r0 ",0
"mov r0, r0 ",0
"cmp r0, 0 ",0
bne 0x1f97c ,0
"mov r0, r0 ",0
"mov r0, r0 ",0
"ldr r8, [0x0001fc2c] ",0
"ldrb r0, [r8] ",0
"add r0, r0, 1 ",0
"mov r0, r0 ",0
"strb r0, [r8] ",0
"mov r0, r0 ",0
b 0x1f994 ,0
"mov r0, r0 ",0
"mov r0, r0 ",0
"mov r0, r0 ",0
"mov r0, 0 ",0
"mov r0, r0 ",0
"ldr r8, [0x0001fc2c] ",0
"strb r0, [r8] ",0
"mov r0, r0 ",0
"mov r0, r0 ",0
b 0x1f9bc ,0
"mov r0, r0 ",0
"mov r0, r0 ",0
"mov r0, r0 ",0
"mov r0, 0 ",0
"mov r0, r0 ",0
"ldr r8, [0x0001fc2c] ",0
"strb r0, [r8] ",0
"mov r0, r0 ",0
"mov r0, r0 ",0
"ldr r8, [0x0001fc8c] ",0
"ldrsh r0, [r8] ",0
"mov r0, r0 ",0
"ldr r8, [0x0001fc9c] ",0
"strh r0, [r8] ",0
"mov r0, r0 ",0
b 0x1fa00 ,0
"mov r0, r0 ",0
"mov r0, r0 ",0
"mov r0, r0 ",0
"ldr r8, [0x0001fc28] ",0
"ldrsh r0, [r8] ",0
"mov r0, r0 ",0
"ldr r8, [0x0001fc9c] ",0
"strh r0, [r8] ",0
"mov r0, r0 ",0
"mov r0, r0 ",0
"mov r0, r0 ",0
"mov r0, r0 ",0
b 0x1fb30 ,0
"mov r0, r0 ",0
"mov r0, r0 ",0
"mov r0, r0 ",0
"ldr r8, [0x0001fc9c] ",0
"ldrsh r0, [r8] ",0
"ldr r8, [0x0001fc28] ",0
"ldrsh r1, [r8] ",0
"cmp r0, r1 ",0
"movne r0, 1 ",0
"moveq r0, 0 ",0
"mov r0, r0 ",0
"cmp r0, 0 ",0
bne 0x1fb14 ,0
"mov r0, r0 ",0
"mov r0, r0 ",0
"ldr r8, [0x0001fc38] ",0
"ldrb r0, [r8] ",0
"add r0, r0, 1 ",0
"mov r0, r0 ",0
"strb r0, [r8] ",0
"mov r0, r0 ",0
"ldrb r0, [r8] ",0
"ldr r8, [0x0001fc24] ",0
"ldrb r1, [r8] ",0
"cmp r0, r1 ",0
"movls r0, 1 ",0
"movhi r0, 0 ",0
"mov r0, r0 ",0
"mov r0, r0 ",0
"cmp r0, 0 ",0
bne 0x1faec ,0
"mov r0, r0 ",0
"mov r0, r0 ",0
"str sb, [sp, -4]! ",0
"str r8, [sp, -4]! ",0
"str lr, [sp, -4]! ",0
"ldr r8, [0x0001fc20] ",0
"ldr r8, [r8] ",0
"mov lr, pc ",0
"mov pc, r8 ",0
"mov r0, r0 ",0
pop {lr} ,0
pop {r8} ,0
pop {sb} ,0
"mov r0, r0 ",0
"mov r0, 0 ",0
"mov r0, r0 ",0
"ldr r8, [0x0001fc9c] ",0
"strb r0, [r8, 2] ",0
"mov r0, r0 ",0
"mov r0, 0 ",0
"mov r0, r0 ",0
"ldr r8, [0x0001fc38] ",0
"strb r0, [r8] ",0
"mov r0, r0 ",0
"mov r0, r0 ",0
"mov r0, r0 ",0
"ldr r8, [0x0001fc8c] ",0
"ldrsh r0, [r8] ",0
"mov r0, r0 ",0
"ldr r8, [0x0001fc9c] ",0
"strh r0, [r8] ",0
b 0x1fb30 ,0
"mov r0, r0 ",0
"mov r0, r0 ",0
"mov r0, r0 ",0
"ldr r8, [0x0001fc98] ",0
"ldrsh r0, [r8] ",0
"mov r0, r0 ",0
"ldr r8, [0x0001fc9c] ",0
"strh r0, [r8] ",0
"mov r0, r0 ",0
"mov r0, r0 ",0
"ldr r8, [0x0001fc94] ",0
"ldrb r0, [r8] ",0
"strb r0, [r8, 0x636] ",0
"ldr r0, [r8, 0x666] ",0
"str r0, [r8, 0x63a] ",0
"ldr r0, [0x0001fc1c] ",0
"ldrh r0, [r8, r0] ",0
"ldr r1, [0x0001fc18] ",0
"strh r0, [r8, r1] ",0
"ldr r8, [0x0001fc9c] ",0
"add r0, r8, 8 ",0
"ldr r8, [0x0001fc14] ",0
"str r0, [r8, 0x640] ",0
"ldr r8, [0x0001fc9c] ",0
"ldr r0, [r8, 0x5e8] ",0
"ldr r8, [0x0001fc14] ",0
"str r0, [r8, 0x644] ",0
"ldr r0, [0x0001fc10] ",0
"str r0, [r8, 0x648] ",0
"ldr r1, [0x0001fc0c] ",0
"add r0, r8, r1 ",0
"str r0, [r8, 0x654] ",0
"ldr r1, [0x0001fc08] ",0
"add r0, r8, r1 ",0
"str r0, [r8, 0x658] ",0
"ldr r1, [0x0001fc04] ",0
"add r0, r8, r1 ",0
"str r0, [r8, 0x65c] ",0
"mov r0, r0 ",0
"str sb, [sp, -4]! ",0
"mov sb, r8 ",0
"str sb, [sp, -4]! ",0
"str r8, [sp, -4]! ",0
"str lr, [sp, -4]! ",0
"ldr r8, [0x0001fc00] ",0
"ldr r8, [r8] ",0
"mov lr, pc ",0
"mov pc, r8 ",0
"mov r0, r0 ",0
pop {lr} ,0
pop {r8} ,0
pop {sb} ,0
pop {sb} ,0
"ldrb r0, [r8, 0x64c] ",0
"strb r0, [r8, -1] ",0
"ldr r0, [r8, 0x650] ",0
"str r0, [r8, 0x668] ",0
"mov r0, r0 ",0
"mov r0, r0 ",0
"ldmdb fp, {fp, sp, pc} ",0
"andeq r0, r0, ip, lsl r4 ",1
"andeq r0, r0, ip, asr 24 ",1
"andeq r0, r0, sp, ror 12 ",1
"andeq r0, r0, ip, ror 12 ",1
"andeq r2, r0, r0, lsl r7 ",1
"andeq r3, r0, r8, lsr 15 ",1
"andeq r0, r0, lr, lsr r6 ",1
invalid ,1
"andeq r0, r0, r8, ror r3 ",1
"andeq r3, r0, sl, asr r0 ",1
"andeq r3, r0, lr ",1
"strdeq r4, r5, [r0], -r3 ",1
"andeq r0, r0, r4, ror r3 ",1
"andeq r3, r0, fp, asr r0 ",1
"strdeq r4, r5, [r0], -r2 ",1
"andeq r0, r0, r4, asr 6 ",1
"andeq r0, r0, pc, ror 12 ",1
invalid ,1
"andeq r3, r0, ip ",1
"andeq r3, r0, sl ",1
invalid ,1
"andeq r3, r0, r0, lsl lr ",1
invalid ,1
"andeq r3, r0, r7, lsr 15 ",1
"andeq r3, r0, r8 ",1
invalid ,1
"andeq r3, r0, r4, lsl lr ",1
"andeq r0, r0, ip, asr 6 ",1
"andeq r0, r0, lr, lsr 20 ",1
"andeq r0, r0, r2, lsr sl ",1
"andeq r0, r0, r8, ror 3 ",1
"strdeq r0, r1, [r0], -ip ",1
"andeq r3, r0, fp, lsr 8 ",1
"strheq r0, [r0], -r4 ",1
"ldrdeq r3, r4, [r0], -sl ",1
"andeq r3, r0, r6 ",1
invalid ,1
"andeq r3, r0, r6, lsr 15 ",1
"andeq r3, r0, r4 ",1
"andeq r5, r2, r8, lsr 11 ",1
"mov ip, sp ",0
"push {fp, ip, lr} ",0
"mov fp, ip ",0
"mov r0, r0 ",0
"mov r3, lr ",0
bl 0x1fcbc ,0
"andeq r0, r0, r2, ror r0 ",1
"mov r2, lr ",0
"mov lr, r3 ",0
"mov r1, r2 ",0
"ldr r8, [0x000203f8] ",0
"mov r2, r8 ",0
"mov r0, r2 ",0
"str sb, [sp, -4]! ",0
"str r8, [sp, -4]! ",0
"str lr, [sp, -4]! ",0
"ldr r8, [0x000203f4] ",0
"ldr r8, [r8] ",0
"mov lr, pc ",0
"mov pc, r8 ",0
"mov r0, r0 ",0
pop {lr} ,0
pop {r8} ,0
pop {sb} ,0
"add sp, sp, 0 ",0
"mov r0, r0 ",0
"str r0, [r8, 0xd9e] ",0
"mov r0, r0 ",0
"ldr r0, [r8, 0xd9e] ",0
"cmp r0, 0 ",0
"movne r0, 1 ",0
"moveq r0, 0 ",0
"mov r0, r0 ",0
"mov r0, r0 ",0
"cmp r0, 0 ",0
bne 0x1fd40 ,0
"mov r0, r0 ",0
"mov r0, r0 ",0
b 0x203b4 ,0
"mov r0, r0 ",0
"mov r0, r0 ",0
"mov r0, r0 ",0
"mov r0, r0 ",0
"ldr r8, [0x000203f0] ",0
"ldr r2, [r8, 0xbd0] ",0
"mov r1, r2 ",0
"ldr r8, [0x000203ec] ",0
"ldr r2, [r8] ",0
"mov r0, r2 ",0
"str sb, [sp, -4]! ",0
"str r8, [sp, -4]! ",0
"str lr, [sp, -4]! ",0
"ldr r8, [0x000203e8] ",0
"ldr r8, [r8] ",0
"mov lr, pc ",0
"mov pc, r8 ",0
"mov r0, r0 ",0
pop {lr} ,0
pop {r8} ,0
pop {sb} ,0
"add sp, sp, 0 ",0
"mov r0, r0 ",0
"mov r1, 0 ",0
"mov r0, r0 ",0
"ldr r8, [0x000203f0] ",0
"str r1, [r8, 0x5e8] ",0
"mov r0, r0 ",0
"mov r0, r0 ",0
"str r0, [sp, -4]! ",0
"mov r0, r0 ",0
"mov r3, 4 ",0
"mov r2, r3 ",0
"ldr r8, [0x000203f0] ",0
"add r3, r8, 4 ",0
"mov r1, r3 ",0
"ldr r8, [0x000203ec] ",0
"ldr r3, [r8] ",0
"mov r0, r3 ",0
"str sb, [sp, -4]! ",0
"str r8, [sp, -4]! ",0
"str lr, [sp, -4]! ",0
"ldr r8, [0x000203e4] ",0
"ldr r8, [r8] ",0
"mov lr, pc ",0
"mov pc, r8 ",0
"mov r0, r0 ",0
pop {lr} ,0
pop {r8} ,0
pop {sb} ,0
"add sp, sp, 0 ",0
"mov r1, r0 ",0
pop {r0} ,0
"mov r0, r0 ",0
"str r0, [sp, -4]! ",0
"ldr r2, [r8] ",0
"mov r0, r2 ",0
"str sb, [sp, -4]! ",0
"str r8, [sp, -4]! ",0
"str lr, [sp, -4]! ",0
"ldr r8, [0x000203e0] ",0
"ldr r8, [r8] ",0
"mov lr, pc ",0
"mov pc, r8 ",0
"mov r0, r0 ",0
pop {lr} ,0
pop {r8} ,0
pop {sb} ,0
"add sp, sp, 0 ",0
"mov r1, r0 ",0
pop {r0} ,0
"mov r0, r0 ",0
"str r1, [r8, -4] ",0
"mov r0, r0 ",0
"str r0, [sp, -4]! ",0
"mov r0, r0 ",0
"mov r3, 4 ",0
"mov r2, r3 ",0
"ldr r8, [0x000203f0] ",0
"ldr r4, [0x000203dc] ",0
"add r3, r8, r4 ",0
"mov r1, r3 ",0
"ldr r8, [0x000203ec] ",0
"ldr r3, [r8] ",0
"mov r0, r3 ",0
"str sb, [sp, -4]! ",0
"str r8, [sp, -4]! ",0
"str lr, [sp, -4]! ",0
"ldr r8, [0x000203e4] ",0
"ldr r8, [r8] ",0
"mov lr, pc ",0
"mov pc, r8 ",0
"mov r0, r0 ",0
pop {lr} ,0
pop {r8} ,0
pop {sb} ,0
"add sp, sp, 0 ",0
"mov r1, r0 ",0
pop {r0} ,0
"mov r0, r0 ",0
"str r0, [sp, -4]! ",0
"ldr r2, [r8] ",0
"mov r0, r2 ",0
"str sb, [sp, -4]! ",0
"str r8, [sp, -4]! ",0
"str lr, [sp, -4]! ",0
"ldr r8, [0x000203d8] ",0
"ldr r8, [r8] ",0
"mov lr, pc ",0
"mov pc, r8 ",0
"mov r0, r0 ",0
pop {lr} ,0
pop {r8} ,0
pop {sb} ,0
"add sp, sp, 0 ",0
"mov r1, r0 ",0
pop {r0} ,0
"ldr r8, [0x000203f0] ",0
"ldr r2, [r8, 0x5e8] ",0
"cmp r2, 0 ",0
"movne r2, 1 ",0
"moveq r2, 0 ",0
"orr r1, r1, r2 ",0
"eor r1, r1, 1 ",0
"mov r0, r0 ",0
"mov r0, r0 ",0
"cmp r1, 0 ",0
bne 0x1fda8 ,0
"mov r0, r0 ",0
"mov r0, r0 ",0
"mov r0, r0 ",0
"ldr r8, [0x000203ec] ",0
"ldr r1, [r8] ",0
"mov r0, r1 ",0
"str sb, [sp, -4]! ",0
"str r8, [sp, -4]! ",0
"str lr, [sp, -4]! ",0
"ldr r8, [0x000203d4] ",0
"ldr r8, [r8] ",0
"mov lr, pc ",0
"mov pc, r8 ",0
"mov r0, r0 ",0
pop {lr} ,0
pop {r8} ,0
pop {sb} ,0
"add sp, sp, 0 ",0
"mov r0, r0 ",0
"ldr r8, [0x000203f0] ",0
"ldr r1, [r8, 0x5e8] ",0
"cmp r1, 0 ",0
"movne r1, 1 ",0
"moveq r1, 0 ",0
"mov r0, r0 ",0
"mov r0, r0 ",0
"cmp r1, 0 ",0
bne 0x20010 ,0
"mov r0, r0 ",0
"mov r0, r0 ",0
"mov r0, 0 ",0
"mov r0, r0 ",0
"ldr r8, [0x000203f0] ",0
"str r0, [r8, 0xbd0] ",0
"mov r0, r0 ",0
"ldr r8, [0x000203f8] ",0
"mov r1, r8 ",0
"mov r0, r1 ",0
"str sb, [sp, -4]! ",0
"str r8, [sp, -4]! ",0
"str lr, [sp, -4]! ",0
"ldr r8, [0x000203d0] ",0
"ldr r8, [r8] ",0
"mov lr, pc ",0
"mov pc, r8 ",0
"mov r0, r0 ",0
pop {lr} ,0
pop {r8} ,0
pop {sb} ,0
"add sp, sp, 0 ",0
"mov r0, r0 ",0
b 0x203b4 ,0
"mov r0, r0 ",0
"mov r0, r0 ",0
"mov r0, r0 ",0
"mov r0, r0 ",0
"mov r3, lr ",0
bl 0x20028 ,0
"andeq r0, r0, r2, ror r0 ",1
"mov r2, lr ",0
"mov lr, r3 ",0
"mov r1, r2 ",0
"ldr r8, [0x000203cc] ",0
"mov r2, r8 ",0
"mov r0, r2 ",0
"str sb, [sp, -4]! ",0
"str r8, [sp, -4]! ",0
"str lr, [sp, -4]! ",0
"ldr r8, [0x000203f4] ",0
"ldr r8, [r8] ",0
"mov lr, pc ",0
"mov pc, r8 ",0
"mov r0, r0 ",0
pop {lr} ,0
pop {r8} ,0
pop {sb} ,0
"add sp, sp, 0 ",0
"mov r0, r0 ",0
"str r0, [r8, 0xe40] ",0
"mov r0, r0 ",0
"ldr r0, [r8, 0xe40] ",0
"cmp r0, 0 ",0
"moveq r0, 1 ",0
"movne r0, 0 ",0
"mov r0, r0 ",0
"mov r0, r0 ",0
"cmp r0, 0 ",0
bne 0x201b4 ,0
"mov r0, r0 ",0
"mov r0, r0 ",0
"ldr r8, [0x000203f0] ",0
"ldr r2, [r8, 4] ",0
"mov r1, r2 ",0
"ldr r8, [0x000203ec] ",0
"ldr r2, [r8] ",0
"mov r0, r2 ",0
"str sb, [sp, -4]! ",0
"str r8, [sp, -4]! ",0
"str lr, [sp, -4]! ",0
"ldr r8, [0x000203e8] ",0
"ldr r8, [r8] ",0
"mov lr, pc ",0
"mov pc, r8 ",0
"mov r0, r0 ",0
pop {lr} ,0
pop {r8} ,0
pop {sb} ,0
"add sp, sp, 0 ",0
"mov r0, r0 ",0
"str r0, [sp, -4]! ",0
"mov r0, r0 ",0
"ldr r8, [0x000203f0] ",0
"ldr r3, [r8, 0x5e8] ",0
"mov r2, r3 ",0
"add r3, r8, 8 ",0
"mov r1, r3 ",0
"ldr r8, [0x000203ec] ",0
"ldr r3, [r8] ",0
"mov r0, r3 ",0
"str sb, [sp, -4]! ",0
"str r8, [sp, -4]! ",0
"str lr, [sp, -4]! ",0
"ldr r8, [0x000203e4] ",0
"ldr r8, [r8] ",0
"mov lr, pc ",0
"mov pc, r8 ",0
"mov r0, r0 ",0
pop {lr} ,0
pop {r8} ,0
pop {sb} ,0
"add sp, sp, 0 ",0
"mov r1, r0 ",0
pop {r0} ,0
"mov r0, r0 ",0
"mov r1, 1 ",0
"mov r0, r0 ",0
"ldr r8, [0x000203f0] ",0
"strb r1, [r8, 2] ",0
"mov r0, r0 ",0
"str r0, [sp, -4]! ",0
"mov r0, r0 ",0
"ldr r8, [0x000203ec] ",0
"ldr r2, [r8] ",0
"mov r0, r2 ",0
"str sb, [sp, -4]! ",0
"str r8, [sp, -4]! ",0
"str lr, [sp, -4]! ",0
"ldr r8, [0x000203d4] ",0
"ldr r8, [r8] ",0
"mov lr, pc ",0
"mov pc, r8 ",0
"mov r0, r0 ",0
pop {lr} ,0
pop {r8} ,0
pop {sb} ,0
"add sp, sp, 0 ",0
"mov r1, r0 ",0
pop {r0} ,0
"mov r0, r0 ",0
"mov r0, r0 ",0
"mov r0, r0 ",0
"str r0, [sp, -4]! ",0
"mov r3, lr ",0
bl 0x201d0 ,0
"andeq r0, r0, r1, rrx ",1
"mov r2, lr ",0
"mov lr, r3 ",0
"mov r1, r2 ",0
"ldr r8, [0x000203f8] ",0
"mov r2, r8 ",0
"mov r0, r2 ",0
"str sb, [sp, -4]! ",0
"str r8, [sp, -4]! ",0
"str lr, [sp, -4]! ",0
"ldr r8, [0x000203f4] ",0
"ldr r8, [r8] ",0
"mov lr, pc ",0
"mov pc, r8 ",0
"mov r0, r0 ",0
pop {lr} ,0
pop {r8} ,0
pop {sb} ,0
"add sp, sp, 0 ",0
"mov r1, r0 ",0
pop {r0} ,0
"mov r0, r0 ",0
"str r1, [r8, 0xd9e] ",0
"mov r0, r0 ",0
"ldr r1, [r8, 0xd9e] ",0
"cmp r1, 0 ",0
"moveq r1, 1 ",0
"movne r1, 0 ",0
"mov r0, r0 ",0
"mov r0, r0 ",0
"cmp r1, 0 ",0
bne 0x203ac ,0
"mov r0, r0 ",0
"mov r0, r0 ",0
"ldr r8, [0x000203c8] ",0
"ldr r2, [r8] ",0
"mov r1, r2 ",0
"ldr r2, [r8, 4] ",0
"mov r0, r2 ",0
"str sb, [sp, -4]! ",0
"str r8, [sp, -4]! ",0
"str lr, [sp, -4]! ",0
"ldr r8, [0x000203e8] ",0
"ldr r8, [r8] ",0
"mov lr, pc ",0
"mov pc, r8 ",0
"mov r0, r0 ",0
pop {lr} ,0
pop {r8} ,0
pop {sb} ,0
"add sp, sp, 0 ",0
"mov r0, r0 ",0
"mov r1, 0 ",0
"mov r0, r0 ",0
"str r1, [r8, -4] ",0
"mov r0, r0 ",0
"str r0, [sp, -4]! ",0
"mov r0, r0 ",0
"mov r3, 4 ",0
"mov r2, r3 ",0
"ldr r4, [0x000203c4] ",0
"add r3, r8, r4 ",0
"mov r1, r3 ",0
"ldr r3, [r8, 4] ",0
"mov r0, r3 ",0
"str sb, [sp, -4]! ",0
"str r8, [sp, -4]! ",0
"str lr, [sp, -4]! ",0
"ldr r8, [0x000203c0] ",0
"ldr r8, [r8] ",0
"mov lr, pc ",0
"mov pc, r8 ",0
"mov r0, r0 ",0
pop {lr} ,0
pop {r8} ,0
pop {sb} ,0
"add sp, sp, 0 ",0
"mov r1, r0 ",0
pop {r0} ,0
"mov r0, r0 ",0
"str r0, [sp, -4]! ",0
"ldr r2, [r8, 4] ",0
"mov r0, r2 ",0
"str sb, [sp, -4]! ",0
"str r8, [sp, -4]! ",0
"str lr, [sp, -4]! ",0
"ldr r8, [0x000203e0] ",0
"ldr r8, [r8] ",0
"mov lr, pc ",0
"mov pc, r8 ",0
"mov r0, r0 ",0
pop {lr} ,0
pop {r8} ,0
pop {sb} ,0
"add sp, sp, 0 ",0
"mov r1, r0 ",0
pop {r0} ,0
"mov r0, r0 ",0
"ldr r8, [0x000203f0] ",0
"str r1, [r8, 0xbd0] ",0
"mov r0, r0 ",0
"str r0, [sp, -4]! ",0
"mov r0, r0 ",0
"ldr r8, [0x000203ec] ",0
"ldr r2, [r8] ",0
"mov r0, r2 ",0
"str sb, [sp, -4]! ",0
"str r8, [sp, -4]! ",0
"str lr, [sp, -4]! ",0
"ldr r8, [0x000203d4] ",0
"ldr r8, [r8] ",0
"mov lr, pc ",0
"mov pc, r8 ",0
"mov r0, r0 ",0
pop {lr} ,0
pop {r8} ,0
pop {sb} ,0
"add sp, sp, 0 ",0
"mov r1, r0 ",0
pop {r0} ,0
"mov r0, r0 ",0
"mov r0, r0 ",0
"mov r0, r0 ",0
"mov r0, r0 ",0
"ldmdb fp, {fp, sp, pc} ",0
"strheq r0, [r0], -ip ",1
invalid ,1
"strdeq r4, r5, [r0], -ip ",1
"andeq r3, r0, r0, asr 11 ",1
"muleq r0, r8, r1 ",1
"muleq r0, r0, r1 ",1
"muleq r0, ip, r1 ",1
"andeq r0, r0, r8, ror 11 ",1
"andeq r0, r0, r0, lsr 3 ",1
"strheq r0, [r0], -r0 ",1
"strheq r0, [r0], -r8 ",1
"andeq r4, r0, r0, lsl 8 ",1
"andeq r5, r2, r8, lsr 11 ",1
"andeq r0, r0, ip, lsr 3 ",1
"andeq r3, r0, r2, ror 12 ",1
"mov ip, sp ",0
"push {fp, ip, lr} ",0
"mov fp, ip ",0
"mov r0, r0 ",0
"mov r3, lr ",0
bl 0x20418 ,0
"andeq r0, r0, r1, rrx ",1
"mov r2, lr ",0
"mov lr, r3 ",0
"mov r1, r2 ",0
"ldr r8, [0x00020594] ",0
"mov r2, r8 ",0
"mov r0, r2 ",0
"str sb, [sp, -4]! ",0
"str r8, [sp, -4]! ",0
"str lr, [sp, -4]! ",0
"ldr r8, [0x00020590] ",0
"ldr r8, [r8] ",0
"mov lr, pc ",0
"mov pc, r8 ",0
"mov r0, r0 ",0
pop {lr} ,0
pop {r8} ,0
pop {sb} ,0
"add sp, sp, 0 ",0
"mov r0, r0 ",0
"str r0, [r8, 0xd9e] ",0
"mov r0, r0 ",0
"mov r3, 4 ",0
"mov r2, r3 ",0
"ldr r8, [0x0002058c] ",0
"add r3, r8, 4 ",0
"mov r1, r3 ",0
"ldr r8, [0x00020588] ",0
"ldr r3, [r8] ",0
"mov r0, r3 ",0
"str sb, [sp, -4]! ",0
"str r8, [sp, -4]! ",0
"str lr, [sp, -4]! ",0
"ldr r8, [0x00020584] ",0
"ldr r8, [r8] ",0
"mov lr, pc ",0
"mov pc, r8 ",0
"mov r0, r0 ",0
pop {lr} ,0
pop {r8} ,0
pop {sb} ,0
"add sp, sp, 0 ",0
"mov r0, r0 ",0
"str r0, [sp, -4]! ",0
"mov r0, r0 ",0
"mov r3, 4 ",0
"mov r2, r3 ",0
"ldr r8, [0x0002058c] ",0
"ldr r4, [0x00020580] ",0
"add r3, r8, r4 ",0
"mov r1, r3 ",0
"ldr r8, [0x00020588] ",0
"ldr r3, [r8] ",0
"mov r0, r3 ",0
"str sb, [sp, -4]! ",0
"str r8, [sp, -4]! ",0
"str lr, [sp, -4]! ",0
"ldr r8, [0x00020584] ",0
"ldr r8, [r8] ",0
"mov lr, pc ",0
"mov pc, r8 ",0
"mov r0, r0 ",0
pop {lr} ,0
pop {r8} ,0
pop {sb} ,0
"add sp, sp, 0 ",0
"mov r1, r0 ",0
pop {r0} ,0
"mov r0, r0 ",0
"str r0, [sp, -4]! ",0
"mov r0, r0 ",0
"ldr r2, [r8] ",0
"mov r0, r2 ",0
"str sb, [sp, -4]! ",0
"str r8, [sp, -4]! ",0
"str lr, [sp, -4]! ",0
"ldr r8, [0x0002057c] ",0
"ldr r8, [r8] ",0
"mov lr, pc ",0
"mov pc, r8 ",0
"mov r0, r0 ",0
pop {lr} ,0
pop {r8} ,0
pop {sb} ,0
"add sp, sp, 0 ",0
"mov r1, r0 ",0
pop {r0} ,0
"mov r0, r0 ",0
"mov r0, r0 ",0
"ldmdb fp, {fp, sp, pc} ",0
"muleq r0, r0, r1 ",1
"andeq r0, r0, r8, ror 11 ",1
"strheq r0, [r0], -ip ",1
"andeq r4, r0, r0, lsl 8 ",1
"andeq r5, r2, r8, lsr 11 ",1
"andeq r0, r0, ip, lsr 3 ",1
"andeq r3, r0, r2, ror 12 ",1
"mov ip, sp ",0
"push {fp, ip, lr} ",0
"mov fp, ip ",0
"ldr r0, [0x00020bc8] ",0
"ldr r1, [r0] ",0
"str r1, [sp, -4]! ",0
"str sb, [r0] ",0
"mov r0, 0 ",0
"str r0, [sb] ",0
"mov r0, 0 ",0
"str r0, [sb, 4] ",0
"mov r0, 0 ",0
"strb r0, [sb, 8] ",0
"mov r0, r0 ",0
"ldr r8, [0x00020bc4] ",0
"mov r1, r8 ",0
"mov r0, r1 ",0
"str sb, [sp, -4]! ",0
"str r8, [sp, -4]! ",0
"str lr, [sp, -4]! ",0
"ldr r8, [0x00020bc0] ",0
"ldr r8, [r8] ",0
"mov lr, pc ",0
"mov pc, r8 ",0
"mov r0, r0 ",0
pop {lr} ,0
pop {r8} ,0
pop {sb} ,0
"add sp, sp, 0 ",0
"mov r0, r0 ",0
"str r0, [sb, 4] ",0
"mov r0, r0 ",0
"ldr r0, [sb, 4] ",0
"ldr r1, [0x00020bbc] ",0
"cmp r0, r1 ",0
"movls r0, 1 ",0
"movhi r0, 0 ",0
"mov r0, r0 ",0
"mov r0, r0 ",0
"cmp r0, 0 ",0
bne 0x207c0 ,0
"mov r0, r0 ",0
"mov r0, r0 ",0
"mov r3, lr ",0
bl 0x20650 ,0
"andeq r0, r0, r2, ror r0 ",1
"mov r2, lr ",0
"mov lr, r3 ",0
"mov r1, r2 ",0
"ldr r8, [0x00020bb8] ",0
"mov r2, r8 ",0
"mov r0, r2 ",0
"str sb, [sp, -4]! ",0
"str r8, [sp, -4]! ",0
"str lr, [sp, -4]! ",0
"ldr r8, [0x00020bb4] ",0
"ldr r8, [r8] ",0
"mov lr, pc ",0
"mov pc, r8 ",0
"mov r0, r0 ",0
pop {lr} ,0
pop {r8} ,0
pop {sb} ,0
"add sp, sp, 0 ",0
"mov r0, r0 ",0
"str r0, [sb] ",0
"mov r0, r0 ",0
"ldr r0, [sb] ",0
"cmp r0, 0 ",0
"movne r0, 1 ",0
"moveq r0, 0 ",0
"mov r0, r0 ",0
"mov r0, r0 ",0
"cmp r0, 0 ",0
bne 0x2077c ,0
"mov r0, r0 ",0
"mov r0, r0 ",0
"ldr r8, [0x00020bb0] ",0
"mov r1, r8 ",0
"mov r0, r1 ",0
"str sb, [sp, -4]! ",0
"str r8, [sp, -4]! ",0
"str lr, [sp, -4]! ",0
"ldr r8, [0x00020bac] ",0
"ldr r8, [r8] ",0
"mov lr, pc ",0
"mov pc, r8 ",0
"mov r0, r0 ",0
pop {lr} ,0
pop {r8} ,0
pop {sb} ,0
"add sp, sp, 0 ",0
"mov r0, r0 ",0
"str r0, [sp, -4]! ",0
"mov r0, r0 ",0
"mov r2, r8 ",0
"mov r1, r2 ",0
"ldr r3, [0x00020ba8] ",0
"add r2, r8, r3 ",0
"mov r0, r2 ",0
"str sb, [sp, -4]! ",0
"str r8, [sp, -4]! ",0
"str lr, [sp, -4]! ",0
"ldr r8, [0x00020ba4] ",0
"ldr r8, [r8] ",0
"mov lr, pc ",0
"mov pc, r8 ",0
"mov r0, r0 ",0
pop {lr} ,0
pop {r8} ,0
pop {sb} ,0
"add sp, sp, 0 ",0
"mov r1, r0 ",0
pop {r0} ,0
"mov r0, r0 ",0
"mov r1, 0 ",0
"mov r0, r0 ",0
"str r1, [sb, 4] ",0
"mov r0, r0 ",0
b 0x207bc ,0
"mov r0, r0 ",0
"mov r0, r0 ",0
"mov r0, r0 ",0
"ldr r1, [sb] ",0
"mov r0, r1 ",0
"str sb, [sp, -4]! ",0
"str r8, [sp, -4]! ",0
"str lr, [sp, -4]! ",0
"ldr r8, [0x00020ba0] ",0
"ldr r8, [r8] ",0
"mov lr, pc ",0
"mov pc, r8 ",0
"mov r0, r0 ",0
pop {lr} ,0
pop {r8} ,0
pop {sb} ,0
"add sp, sp, 0 ",0
"mov r0, r0 ",0
"mov r0, r0 ",0
"mov r0, r0 ",0
"mov r0, r0 ",0
"str r0, [sp, -4]! ",0
"mov r3, lr ",0
bl 0x207dc ,0
"andeq r0, r0, r1, rrx ",1
"mov r2, lr ",0
"mov lr, r3 ",0
"mov r1, r2 ",0
"ldr r8, [0x00020bc4] ",0
"mov r2, r8 ",0
"mov r0, r2 ",0
"str sb, [sp, -4]! ",0
"str r8, [sp, -4]! ",0
"str lr, [sp, -4]! ",0
"ldr r8, [0x00020bb4] ",0
"ldr r8, [r8] ",0
"mov lr, pc ",0
"mov pc, r8 ",0
"mov r0, r0 ",0
pop {lr} ,0
pop {r8} ,0
pop {sb} ,0
"add sp, sp, 0 ",0
"mov r1, r0 ",0
pop {r0} ,0
"mov r0, r0 ",0
"str r1, [sb] ",0
"mov r0, r0 ",0
"ldr r1, [sb] ",0
"cmp r1, 0 ",0
"moveq r1, 1 ",0
"movne r1, 0 ",0
"mov r0, r0 ",0
"mov r0, r0 ",0
"cmp r1, 0 ",0
bne 0x20908 ,0
"mov r0, r0 ",0
"mov r0, r0 ",0
"ldr r8, [0x00020b9c] ",0
"ldr r3, [r8, 0xbcc] ",0
"mov r2, r3 ",0
"ldr r4, [0x00020b98] ",0
"add r3, r8, r4 ",0
"mov r1, r3 ",0
"ldr r3, [sb] ",0
"mov r0, r3 ",0
"str sb, [sp, -4]! ",0
"str r8, [sp, -4]! ",0
"str lr, [sp, -4]! ",0
"ldr r8, [0x00020b94] ",0
"ldr r8, [r8] ",0
"mov lr, pc ",0
"mov pc, r8 ",0
"mov r0, r0 ",0
pop {lr} ,0
pop {r8} ,0
pop {sb} ,0
"add sp, sp, 0 ",0
"mov r0, r0 ",0
"str r0, [sp, -4]! ",0
"mov r0, r0 ",0
"ldr r2, [sb] ",0
"mov r0, r2 ",0
"str sb, [sp, -4]! ",0
"str r8, [sp, -4]! ",0
"str lr, [sp, -4]! ",0
"ldr r8, [0x00020ba0] ",0
"ldr r8, [r8] ",0
"mov lr, pc ",0
"mov pc, r8 ",0
"mov r0, r0 ",0
pop {lr} ,0
pop {r8} ,0
pop {sb} ,0
"add sp, sp, 0 ",0
"mov r1, r0 ",0
pop {r0} ,0
"mov r0, r0 ",0
b 0x20920 ,0
"mov r0, r0 ",0
"mov r0, r0 ",0
"mov r0, r0 ",0
"mov r0, 1 ",0
"mov r0, r0 ",0
"ldr r8, [0x00020b90] ",0
"strb r0, [r8, 2] ",0
"mov r0, r0 ",0
"mov r0, r0 ",0
"ldr r8, [0x00020b9c] ",0
"ldrb r0, [r8, 2] ",0
"cmp r0, 0 ",0
"movne r0, 1 ",0
"moveq r0, 0 ",0
"mov r0, r0 ",0
"mov r0, r0 ",0
"cmp r0, 0 ",0
bne 0x20a08 ,0
"mov r0, r0 ",0
"mov r0, r0 ",0
"ldr r0, [sb, 4] ",0
"mov r0, r0 ",0
"ldr r8, [0x00020b9c] ",0
"str r0, [r8, 4] ",0
"mov r0, r0 ",0
"mov r1, sb ",0
"sub sp, sp, 0xc ",0
"mov r2, sp ",0
"ldr r3, [r8, 0xbcc] ",0
"ldr r4, [0x00020b8c] ",0
"and r3, r4, r3 ",0
"strh r3, [r2, 8] ",0
"add r3, r8, 8 ",0
"str r3, [r2, 4] ",0
"ldr r4, [0x00020b98] ",0
"add r3, r8, r4 ",0
"str r3, [r2] ",0
"mov sb, r2 ",0
"str r1, [sp, -4]! ",0
"str sb, [sp, -4]! ",0
"str r8, [sp, -4]! ",0
"str lr, [sp, -4]! ",0
"ldr r8, [0x00020b88] ",0
"ldr r8, [r8] ",0
"mov lr, pc ",0
"mov pc, r8 ",0
"mov r0, r0 ",0
pop {lr} ,0
pop {r8} ,0
pop {sb} ,0
pop {r1} ,0
"ldrb r0, [sb, 0xa] ",0
"add sp, sp, 0xc ",0
"mov sb, r1 ",0
"mov r0, r0 ",0
"ldr r1, [r8, 0xbcc] ",0
"mov r0, r0 ",0
"str r1, [r8, 0x5e8] ",0
"mov r0, r0 ",0
"mov r1, 1 ",0
"mov r0, r0 ",0
"strb r1, [r8, 2] ",0
"mov r0, r0 ",0
b 0x20b68 ,0
"mov r0, r0 ",0
"mov r0, r0 ",0
"mov r0, r0 ",0
"mov r3, lr ",0
bl 0x20a1c ,0
"andeq r0, r0, r1, rrx ",1
"mov r2, lr ",0
"mov lr, r3 ",0
"mov r1, r2 ",0
"ldr r8, [0x00020bb8] ",0
"mov r2, r8 ",0
"mov r0, r2 ",0
"str sb, [sp, -4]! ",0
"str r8, [sp, -4]! ",0
"str lr, [sp, -4]! ",0
"ldr r8, [0x00020bb4] ",0
"ldr r8, [r8] ",0
"mov lr, pc ",0
"mov pc, r8 ",0
"mov r0, r0 ",0
pop {lr} ,0
pop {r8} ,0
pop {sb} ,0
"add sp, sp, 0 ",0
"mov r0, r0 ",0
"str r0, [sb] ",0
"mov r0, r0 ",0
"mov r3, 4 ",0
"mov r2, r3 ",0
"add r3, sb, 4 ",0
"mov r1, r3 ",0
"ldr r3, [sb] ",0
"mov r0, r3 ",0
"str sb, [sp, -4]! ",0
"str r8, [sp, -4]! ",0
"str lr, [sp, -4]! ",0
"ldr r8, [0x00020b94] ",0
"ldr r8, [r8] ",0
"mov lr, pc ",0
"mov pc, r8 ",0
"mov r0, r0 ",0
pop {lr} ,0
pop {r8} ,0
pop {sb} ,0
"add sp, sp, 0 ",0
"mov r0, r0 ",0
"str r0, [sp, -4]! ",0
"mov r0, r0 ",0
"mov r3, 4 ",0
"mov r2, r3 ",0
"ldr r8, [0x00020b9c] ",0
"ldr r4, [0x00020b84] ",0
"add r3, r8, r4 ",0
"mov r1, r3 ",0
"ldr r3, [sb] ",0
"mov r0, r3 ",0
"str sb, [sp, -4]! ",0
"str r8, [sp, -4]! ",0
"str lr, [sp, -4]! ",0
"ldr r8, [0x00020b94] ",0
"ldr r8, [r8] ",0
"mov lr, pc ",0
"mov pc, r8 ",0
"mov r0, r0 ",0
pop {lr} ,0
pop {r8} ,0
pop {sb} ,0
"add sp, sp, 0 ",0
"mov r1, r0 ",0
pop {r0} ,0
"mov r0, r0 ",0
"str r0, [sp, -4]! ",0
"mov r0, r0 ",0
"ldr r2, [sb] ",0
"mov r0, r2 ",0
"str sb, [sp, -4]! ",0
"str r8, [sp, -4]! ",0
"str lr, [sp, -4]! ",0
"ldr r8, [0x00020ba0] ",0
"ldr r8, [r8] ",0
"mov lr, pc ",0
"mov pc, r8 ",0
"mov r0, r0 ",0
pop {lr} ,0
pop {r8} ,0
pop {sb} ,0
"add sp, sp, 0 ",0
"mov r1, r0 ",0
pop {r0} ,0
"mov r0, r0 ",0
"mov r0, r0 ",0
"mov r0, r0 ",0
"ldr r2, [0x00020bc8] ",0
pop {r1} ,0
"str r1, [r2] ",0
"ldmdb fp, {fp, sp, pc} ",0
"andeq r0, r0, ip, asr 23 ",1
"andeq r0, r0, r8, lsl 7 ",1
invalid ,1
"andeq r6, r0, r8, asr 22 ",1
"strheq r0, [r0], -ip ",1
"andeq r0, r0, ip, ror 11 ",1
"andeq r5, r2, r8, lsr 11 ",1
"muleq r0, r0, r1 ",1
"strheq r0, [r0], -r4 ",1
invalid ,1
"muleq r0, r8, r1 ",1
"andeq r3, r0, r1, lsl r6 ",1
"andeq r0, r0, ip, lsr 3 ",1
"andeq r3, r0, r2, ror 12 ",1
"ldrbeq lr, [r5, 0x100]! ",1
"andeq r0, r0, r4, lsr 3 ",1
"andeq r3, r0, r0, asr 11 ",1
"strheq r2, [r0], -ip ",1
"mov ip, sp ",0
"push {fp, ip, lr} ",0
"mov fp, ip ",0
"ldr r0, [0x00021bd0] ",0
"ldr r1, [r0] ",0
"str r1, [sp, -4]! ",0
"str sb, [r0] ",0
"mov r1, lr ",0
bl 0x20bf4 ,0
"andeq r0, r0, r0 ",0
"mov r0, lr ",0
"mov lr, r1 ",0
"mov r1, sb ",0
"mov r3, 0 ",0
"mov r0, r0 ",0
"mov r2, 1 ",0
"cmp r3, r2 ",0
"movhs r2, 1 ",0
"movlo r2, 0 ",0
"cmp r2, 0 ",0
bne 0x20c38 ,0
"mov r0, r0 ",0
"ldrb r2, [r0, r3] ",0
"strb r2, [r1, r3] ",0
"add r3, r3, 1 ",0
b 0x20c04 ,0
"mov r0, r0 ",0
"mov r0, r0 ",0
"mov r0, 0 ",0
"strb r0, [sb, 0xa1] ",0
"mov r0, 0 ",0
"strb r0, [sb, 0xa2] ",0
"mov r0, r0 ",0
"mov r0, 0 ",0
"mov r0, r0 ",0
"ldr r8, [0x00021bcc] ",0
"str r0, [r8, 0xbcc] ",0
"mov r0, r0 ",0
"mov r1, sb ",0
"sub sp, sp, 0x10 ",0
"mov r2, sp ",0
"ldr r4, [0x00021bc8] ",0
"add r3, r8, r4 ",0
"str r3, [r2, 0xc] ",0
"ldr r8, [0x00021bc4] ",0
"mov r3, r8 ",0
"str r3, [r2, 4] ",0
"ldr r8, [0x00021bcc] ",0
"ldr r4, [0x00021bc0] ",0
"add r3, r8, r4 ",0
"str r3, [r2] ",0
"mov sb, r2 ",0
"str r1, [sp, -4]! ",0
"str sb, [sp, -4]! ",0
"str r8, [sp, -4]! ",0
"str lr, [sp, -4]! ",0
"ldr r8, [0x00021bbc] ",0
"ldr r8, [r8] ",0
"mov lr, pc ",0
"mov pc, r8 ",0
"mov r0, r0 ",0
pop {lr} ,0
pop {r8} ,0
pop {sb} ,0
pop {r1} ,0
"ldrb r0, [sb, 8] ",0
"add sp, sp, 0x10 ",0
"mov sb, r1 ",0
"mov r0, r0 ",0
"str r0, [sp, -4]! ",0
"mov r3, 3 ",0
"mov r2, r3 ",0
"ldr r8, [0x00021bb8] ",0
"ldr r4, [r8] ",0
"mov r0, r4 ",0
"mov r1, 5 ",0
"str r2, [sp, -4]! ",0
"str r4, [sp, -4]! ",0
"str sb, [sp, -4]! ",0
"str r8, [sp, -4]! ",0
"str lr, [sp, -4]! ",0
"ldr r8, [0x00021bb4] ",0
"ldr r8, [r8] ",0
"mov lr, pc ",0
"mov pc, r8 ",0
"mov r0, r0 ",0
pop {lr} ,0
pop {r8} ,0
pop {sb} ,0
"mov r3, r0 ",0
pop {r4} ,0
pop {r2} ,0
"mov r1, r3 ",0
"mov r4, lr ",0
bl 0x20d54 ,0
"ldrths r4, [sp], -sb, asr 8 ",1
"shsaxhs r3, r1, r6 ",1
"andeq r3, r0, r4, asr 26 ",1
"mov r3, lr ",0
"mov lr, r4 ",0
"mov r0, r3 ",0
"str sb, [sp, -4]! ",0
"str r8, [sp, -4]! ",0
"str lr, [sp, -4]! ",0
"ldr r8, [0x00021bb0] ",0
"ldr r8, [r8] ",0
"mov lr, pc ",0
"mov pc, r8 ",0
"mov r0, r0 ",0
pop {lr} ,0
pop {r8} ,0
pop {sb} ,0
"add sp, sp, 0 ",0
"mov r1, r0 ",0
pop {r0} ,0
"mov r0, r0 ",0
"mov r2, sb ",0
"mov r4, 0 ",0
"mov r0, r0 ",0
"mov r3, 0xa0 ",0
"cmp r4, r3 ",0
"movhs r3, 1 ",0
"movlo r3, 0 ",0
"cmp r3, 0 ",0
bne 0x20dd8 ,0
"mov r0, r0 ",0
"ldrb r3, [r1, r4] ",0
"strb r3, [r2, r4] ",0
"add r4, r4, 1 ",0
b 0x20da4 ,0
"mov r0, r0 ",0
"mov r0, r0 ",0
"mov r3, 0 ",0
"strb r3, [r2, 0xa0] ",0
"mov r0, r0 ",0
"str r0, [sp, -4]! ",0
"ldr r8, [0x00021bac] ",0
"add r2, r8, 5 ",0
"mov r1, r2 ",0
"mov r2, sb ",0
"mov r0, r2 ",0
"str sb, [sp, -4]! ",0
"str r8, [sp, -4]! ",0
"str lr, [sp, -4]! ",0
"ldr r8, [0x00021ba8] ",0
"ldr r8, [r8] ",0
"mov lr, pc ",0
"mov pc, r8 ",0
"mov r0, r0 ",0
pop {lr} ,0
pop {r8} ,0
pop {sb} ,0
"add sp, sp, 0 ",0
"mov r1, r0 ",0
pop {r0} ,0
"mov r0, r0 ",0
"mov r2, sb ",0
"mov r4, 0 ",0
"mov r0, r0 ",0
"mov r3, 0xa0 ",0
"cmp r4, r3 ",0
"movhs r3, 1 ",0
"movlo r3, 0 ",0
"cmp r3, 0 ",0
bne 0x20e78 ,0
"mov r0, r0 ",0
"ldrb r3, [r1, r4] ",0
"strb r3, [r2, r4] ",0
"add r4, r4, 1 ",0
b 0x20e44 ,0
"mov r0, r0 ",0
"mov r0, r0 ",0
"mov r3, 0 ",0
"strb r3, [r2, 0xa0] ",0
"mov r0, r0 ",0
"str r0, [sp, -4]! ",0
"mov r3, lr ",0
bl 0x20e98 ,0
"eorseq r5, sp, r6, lsr 6 ",1
"mov r2, lr ",0
"mov lr, r3 ",0
"mov r1, r2 ",0
"mov r2, sb ",0
"mov r0, r2 ",0
"str sb, [sp, -4]! ",0
"str r8, [sp, -4]! ",0
"str lr, [sp, -4]! ",0
"ldr r8, [0x00021ba8] ",0
"ldr r8, [r8] ",0
"mov lr, pc ",0
"mov pc, r8 ",0
"mov r0, r0 ",0
pop {lr} ,0
pop {r8} ,0
pop {sb} ,0
"add sp, sp, 0 ",0
"mov r1, r0 ",0
pop {r0} ,0
"mov r0, r0 ",0
"mov r2, sb ",0
"mov r4, 0 ",0
"mov r0, r0 ",0
"mov r3, 0xa0 ",0
"cmp r4, r3 ",0
"movhs r3, 1 ",0
"movlo r3, 0 ",0
"cmp r3, 0 ",0
bne 0x20f24 ,0
"mov r0, r0 ",0
"ldrb r3, [r1, r4] ",0
"strb r3, [r2, r4] ",0
"add r4, r4, 1 ",0
b 0x20ef0 ,0
"mov r0, r0 ",0
"mov r0, r0 ",0
"mov r3, 0 ",0
"strb r3, [r2, 0xa0] ",0
"mov r0, r0 ",0
"ldr r8, [0x00021bac] ",0
"ldrb r1, [r8, 3] ",0
"eor r1, r1, 1 ",0
"mov r0, r0 ",0
"mov r0, r0 ",0
"cmp r1, 0 ",0
bne 0x20f6c ,0
"mov r0, r0 ",0
"mov r0, r0 ",0
"mov r0, 2 ",0
"mov r0, r0 ",0
"strb r0, [sb, 0xa1] ",0
b 0x20fc4 ,0
"mov r0, r0 ",0
"mov r0, r0 ",0
"mov r0, r0 ",0
"ldr r8, [0x00021bac] ",0
"ldrb r0, [r8, 2] ",0
"eor r0, r0, 1 ",0
"mov r0, r0 ",0
"mov r0, r0 ",0
"cmp r0, 0 ",0
bne 0x20fb0 ,0
"mov r0, r0 ",0
"mov r0, r0 ",0
"mov r0, 1 ",0
"mov r0, r0 ",0
"strb r0, [sb, 0xa1] ",0
"mov r0, r0 ",0
b 0x20fc4 ,0
"mov r0, r0 ",0
"mov r0, r0 ",0
"mov r0, r0 ",0
"mov r0, 0 ",0
"mov r0, r0 ",0
"strb r0, [sb, 0xa1] ",0
"mov r0, r0 ",0
"mov r0, r0 ",0
"ldrb r3, [sb, 0xa1] ",0
"mov r0, r3 ",0
"mov r1, 2 ",0
"str r3, [sp, -4]! ",0
"str sb, [sp, -4]! ",0
"str r8, [sp, -4]! ",0
"str lr, [sp, -4]! ",0
"ldr r8, [0x00021bb4] ",0
"ldr r8, [r8] ",0
"mov lr, pc ",0
"mov pc, r8 ",0
"mov r0, r0 ",0
pop {lr} ,0
pop {r8} ,0
pop {sb} ,0
"mov r2, r0 ",0
pop {r3} ,0
"mov r1, r2 ",0
"mov r2, sb ",0
"mov r0, r2 ",0
"str sb, [sp, -4]! ",0
"str r8, [sp, -4]! ",0
"str lr, [sp, -4]! ",0
"ldr r8, [0x00021ba8] ",0
"ldr r8, [r8] ",0
"mov lr, pc ",0
"mov pc, r8 ",0
"mov r0, r0 ",0
pop {lr} ,0
pop {r8} ,0
pop {sb} ,0
"add sp, sp, 0 ",0
"mov r0, r0 ",0
"mov r1, sb ",0
"mov r3, 0 ",0
"mov r0, r0 ",0
"mov r2, 0xa0 ",0
"cmp r3, r2 ",0
"movhs r2, 1 ",0
"movlo r2, 0 ",0
"cmp r2, 0 ",0
bne 0x2108c ,0
"mov r0, r0 ",0
"ldrb r2, [r0, r3] ",0
"strb r2, [r1, r3] ",0
"add r3, r3, 1 ",0
b 0x21058 ,0
"mov r0, r0 ",0
"mov r0, r0 ",0
"mov r2, 0 ",0
"strb r2, [r1, 0xa0] ",0
"mov r0, r0 ",0
"mov r1, sb ",0
"sub sp, sp, 0x10 ",0
"mov r2, sp ",0
"ldr r8, [0x00021bcc] ",0
"ldr r4, [0x00021bc8] ",0
"add r3, r8, r4 ",0
"str r3, [r2, 0xc] ",0
"mov r3, sb ",0
"str r3, [r2, 4] ",0
"ldr r4, [0x00021bc0] ",0
"add r3, r8, r4 ",0
"str r3, [r2] ",0
"mov sb, r2 ",0
"str r1, [sp, -4]! ",0
"str sb, [sp, -4]! ",0
"str r8, [sp, -4]! ",0
"str lr, [sp, -4]! ",0
"ldr r8, [0x00021bbc] ",0
"ldr r8, [r8] ",0
"mov lr, pc ",0
"mov pc, r8 ",0
"mov r0, r0 ",0
pop {lr} ,0
pop {r8} ,0
pop {sb} ,0
pop {r1} ,0
"ldrb r0, [sb, 8] ",0
"add sp, sp, 0x10 ",0
"mov sb, r1 ",0
"mov r0, r0 ",0
"str sb, [sp, -4]! ",0
"ldr r8, [0x00021ba4] ",0
"mov sb, r8 ",0
"str r0, [sp, -4]! ",0
"str sb, [sp, -4]! ",0
"str r8, [sp, -4]! ",0
"str lr, [sp, -4]! ",0
"ldr r8, [0x00021ba0] ",0
"ldr r8, [r8] ",0
"mov lr, pc ",0
"mov pc, r8 ",0
"mov r0, r0 ",0
pop {lr} ,0
pop {r8} ,0
pop {sb} ,0
pop {r0} ,0
pop {sb} ,0
"mov r0, r0 ",0
"ldrsh r3, [r8, 0x1e] ",0
"mov r0, r3 ",0
"mov r1, 1 ",0
"str r3, [sp, -4]! ",0
"str sb, [sp, -4]! ",0
"str r8, [sp, -4]! ",0
"str lr, [sp, -4]! ",0
"ldr r8, [0x00021bb4] ",0
"ldr r8, [r8] ",0
"mov lr, pc ",0
"mov pc, r8 ",0
"mov r0, r0 ",0
pop {lr} ,0
pop {r8} ,0
pop {sb} ,0
"mov r2, r0 ",0
pop {r3} ,0
"mov r1, r2 ",0
"mov r3, lr ",0
bl 0x211b4 ,0
"ldrbpl r5, [r0], -r6, lsr 8 ",1
"andeq r0, r0, sp, lsr r0 ",1
"mov r2, lr ",0
"mov lr, r3 ",0
"mov r0, r2 ",0
"str sb, [sp, -4]! ",0
"str r8, [sp, -4]! ",0
"str lr, [sp, -4]! ",0
"ldr r8, [0x00021ba8] ",0
"ldr r8, [r8] ",0
"mov lr, pc ",0
"mov pc, r8 ",0
"mov r0, r0 ",0
pop {lr} ,0
pop {r8} ,0
pop {sb} ,0
"add sp, sp, 0 ",0
"mov r0, r0 ",0
"mov r1, sb ",0
"mov r3, 0 ",0
"mov r0, r0 ",0
"mov r2, 0xa0 ",0
"cmp r3, r2 ",0
"movhs r2, 1 ",0
"movlo r2, 0 ",0
"cmp r2, 0 ",0
bne 0x21230 ,0
"mov r0, r0 ",0
"ldrb r2, [r0, r3] ",0
"strb r2, [r1, r3] ",0
"add r3, r3, 1 ",0
b 0x211fc ,0
"mov r0, r0 ",0
"mov r0, r0 ",0
"mov r2, 0 ",0
"strb r2, [r1, 0xa0] ",0
"mov r0, r0 ",0
"str sb, [sp, -4]! ",0
"ldr r8, [0x00021ba4] ",0
"mov sb, r8 ",0
"str sb, [sp, -4]! ",0
"str r8, [sp, -4]! ",0
"str lr, [sp, -4]! ",0
"ldr r8, [0x00021b9c] ",0
"ldr r8, [r8] ",0
"mov lr, pc ",0
"mov pc, r8 ",0
"mov r0, r0 ",0
pop {lr} ,0
pop {r8} ,0
pop {sb} ,0
pop {sb} ,0
"mov r0, r0 ",0
"mov r3, lr ",0
bl 0x2128c ,0
"andeq r0, r0, fp, lsr r0 ",1
"mov r2, lr ",0
"mov lr, r3 ",0
"mov r1, r2 ",0
"mov r2, sb ",0
"mov r0, r2 ",0
"str sb, [sp, -4]! ",0
"str r8, [sp, -4]! ",0
"str lr, [sp, -4]! ",0
"ldr r8, [0x00021ba8] ",0
"ldr r8, [r8] ",0
"mov lr, pc ",0
"mov pc, r8 ",0
"mov r0, r0 ",0
pop {lr} ,0
pop {r8} ,0
pop {sb} ,0
"add sp, sp, 0 ",0
"mov r0, r0 ",0
"mov r1, sb ",0
"mov r3, 0 ",0
"mov r0, r0 ",0
"mov r2, 0xa0 ",0
"cmp r3, r2 ",0
"movhs r2, 1 ",0
"movlo r2, 0 ",0
"cmp r2, 0 ",0
bne 0x21310 ,0
"mov r0, r0 ",0
"ldrb r2, [r0, r3] ",0
"strb r2, [r1, r3] ",0
"add r3, r3, 1 ",0
b 0x212dc ,0
"mov r0, r0 ",0
"mov r0, r0 ",0
"mov r2, 0 ",0
"strb r2, [r1, 0xa0] ",0
"mov r0, r0 ",0
"ldr r8, [0x00021b98] ",0
"ldrsh r3, [r8, 0x78] ",0
"mov r0, r3 ",0
"mov r1, 1 ",0
"str r3, [sp, -4]! ",0
"str sb, [sp, -4]! ",0
"str r8, [sp, -4]! ",0
"str lr, [sp, -4]! ",0
"ldr r8, [0x00021bb4] ",0
"ldr r8, [r8] ",0
"mov lr, pc ",0
"mov pc, r8 ",0
"mov r0, r0 ",0
pop {lr} ,0
pop {r8} ,0
pop {sb} ,0
"mov r2, r0 ",0
pop {r3} ,0
"mov r1, r2 ",0
"mov r2, sb ",0
"mov r0, r2 ",0
"str sb, [sp, -4]! ",0
"str r8, [sp, -4]! ",0
"str lr, [sp, -4]! ",0
"ldr r8, [0x00021ba8] ",0
"ldr r8, [r8] ",0
"mov lr, pc ",0
"mov pc, r8 ",0
"mov r0, r0 ",0
pop {lr} ,0
pop {r8} ,0
pop {sb} ,0
"add sp, sp, 0 ",0
"mov r0, r0 ",0
"mov r1, sb ",0
"mov r3, 0 ",0
"mov r0, r0 ",0
"mov r2, 0xa0 ",0
"cmp r3, r2 ",0
"movhs r2, 1 ",0
"movlo r2, 0 ",0
"cmp r2, 0 ",0
bne 0x213e4 ,0
"mov r0, r0 ",0
"ldrb r2, [r0, r3] ",0
"strb r2, [r1, r3] ",0
"add r3, r3, 1 ",0
b 0x213b0 ,0
"mov r0, r0 ",0
"mov r0, r0 ",0
"mov r2, 0 ",0
"strb r2, [r1, 0xa0] ",0
"mov r0, r0 ",0
"mov r3, lr ",0
bl 0x21400 ,0
"andeq r0, r0, fp, lsr r0 ",1
"mov r2, lr ",0
"mov lr, r3 ",0
"mov r1, r2 ",0
"mov r2, sb ",0
"mov r0, r2 ",0
"str sb, [sp, -4]! ",0
"str r8, [sp, -4]! ",0
"str lr, [sp, -4]! ",0
"ldr r8, [0x00021ba8] ",0
"ldr r8, [r8] ",0
"mov lr, pc ",0
"mov pc, r8 ",0
"mov r0, r0 ",0
pop {lr} ,0
pop {r8} ,0
pop {sb} ,0
"add sp, sp, 0 ",0
"mov r0, r0 ",0
"mov r1, sb ",0
"mov r3, 0 ",0
"mov r0, r0 ",0
"mov r2, 0xa0 ",0
"cmp r3, r2 ",0
"movhs r2, 1 ",0
"movlo r2, 0 ",0
"cmp r2, 0 ",0
bne 0x21484 ,0
"mov r0, r0 ",0
"ldrb r2, [r0, r3] ",0
"strb r2, [r1, r3] ",0
"add r3, r3, 1 ",0
b 0x21450 ,0
"mov r0, r0 ",0
"mov r0, r0 ",0
"mov r2, 0 ",0
"strb r2, [r1, 0xa0] ",0
"mov r0, r0 ",0
"ldr r8, [0x00021b94] ",0
"ldrsh r3, [r8, 0x78] ",0
"mov r0, r3 ",0
"mov r1, 1 ",0
"str r3, [sp, -4]! ",0
"str sb, [sp, -4]! ",0
"str r8, [sp, -4]! ",0
"str lr, [sp, -4]! ",0
"ldr r8, [0x00021bb4] ",0
"ldr r8, [r8] ",0
"mov lr, pc ",0
"mov pc, r8 ",0
"mov r0, r0 ",0
pop {lr} ,0
pop {r8} ,0
pop {sb} ,0
"mov r2, r0 ",0
pop {r3} ,0
"mov r1, r2 ",0
"mov r2, sb ",0
"mov r0, r2 ",0
"str sb, [sp, -4]! ",0
"str r8, [sp, -4]! ",0
"str lr, [sp, -4]! ",0
"ldr r8, [0x00021ba8] ",0
"ldr r8, [r8] ",0
"mov lr, pc ",0
"mov pc, r8 ",0
"mov r0, r0 ",0
pop {lr} ,0
pop {r8} ,0
pop {sb} ,0
"add sp, sp, 0 ",0
"mov r0, r0 ",0
"mov r1, sb ",0
"mov r3, 0 ",0
"mov r0, r0 ",0
"mov r2, 0xa0 ",0
"cmp r3, r2 ",0
"movhs r2, 1 ",0
"movlo r2, 0 ",0
"cmp r2, 0 ",0
bne 0x21558 ,0
"mov r0, r0 ",0
"ldrb r2, [r0, r3] ",0
"strb r2, [r1, r3] ",0
"add r3, r3, 1 ",0
b 0x21524 ,0
"mov r0, r0 ",0
"mov r0, r0 ",0
"mov r2, 0 ",0
"strb r2, [r1, 0xa0] ",0
"mov r0, r0 ",0
"mov r3, lr ",0
bl 0x21574 ,0
"andeq r0, r0, fp, lsr r0 ",1
"mov r2, lr ",0
"mov lr, r3 ",0
"mov r1, r2 ",0
"mov r2, sb ",0
"mov r0, r2 ",0
"str sb, [sp, -4]! ",0
"str r8, [sp, -4]! ",0
"str lr, [sp, -4]! ",0
"ldr r8, [0x00021ba8] ",0
"ldr r8, [r8] ",0
"mov lr, pc ",0
"mov pc, r8 ",0
"mov r0, r0 ",0
pop {lr} ,0
pop {r8} ,0
pop {sb} ,0
"add sp, sp, 0 ",0
"mov r0, r0 ",0
"mov r1, sb ",0
"mov r3, 0 ",0
"mov r0, r0 ",0
"mov r2, 0xa0 ",0
"cmp r3, r2 ",0
"movhs r2, 1 ",0
"movlo r2, 0 ",0
"cmp r2, 0 ",0
bne 0x215f8 ,0
"mov r0, r0 ",0
"ldrb r2, [r0, r3] ",0
"strb r2, [r1, r3] ",0
"add r3, r3, 1 ",0
b 0x215c4 ,0
"mov r0, r0 ",0
"mov r0, r0 ",0
"mov r2, 0 ",0
"strb r2, [r1, 0xa0] ",0
"mov r0, r0 ",0
"ldr r8, [0x00021b90] ",0
"ldrsh r3, [r8, 0x78] ",0
"mov r0, r3 ",0
"mov r1, 1 ",0
"str r3, [sp, -4]! ",0
"str sb, [sp, -4]! ",0
"str r8, [sp, -4]! ",0
"str lr, [sp, -4]! ",0
"ldr r8, [0x00021bb4] ",0
"ldr r8, [r8] ",0
"mov lr, pc ",0
"mov pc, r8 ",0
"mov r0, r0 ",0
pop {lr} ,0
pop {r8} ,0
pop {sb} ,0
"mov r2, r0 ",0
pop {r3} ,0
"mov r1, r2 ",0
"mov r2, sb ",0
"mov r0, r2 ",0
"str sb, [sp, -4]! ",0
"str r8, [sp, -4]! ",0
"str lr, [sp, -4]! ",0
"ldr r8, [0x00021ba8] ",0
"ldr r8, [r8] ",0
"mov lr, pc ",0
"mov pc, r8 ",0
"mov r0, r0 ",0
pop {lr} ,0
pop {r8} ,0
pop {sb} ,0
"add sp, sp, 0 ",0
"mov r0, r0 ",0
"mov r1, sb ",0
"mov r3, 0 ",0
"mov r0, r0 ",0
"mov r2, 0xa0 ",0
"cmp r3, r2 ",0
"movhs r2, 1 ",0
"movlo r2, 0 ",0
"cmp r2, 0 ",0
bne 0x216cc ,0
"mov r0, r0 ",0
"ldrb r2, [r0, r3] ",0
"strb r2, [r1, r3] ",0
"add r3, r3, 1 ",0
b 0x21698 ,0
"mov r0, r0 ",0
"mov r0, r0 ",0
"mov r2, 0 ",0
"strb r2, [r1, 0xa0] ",0
"mov r0, r0 ",0
"mov r3, lr ",0
bl 0x216e8 ,0
"andeq r0, r0, fp, lsr r0 ",1
"mov r2, lr ",0
"mov lr, r3 ",0
"mov r1, r2 ",0
"mov r2, sb ",0
"mov r0, r2 ",0
"str sb, [sp, -4]! ",0
"str r8, [sp, -4]! ",0
"str lr, [sp, -4]! ",0
"ldr r8, [0x00021ba8] ",0
"ldr r8, [r8] ",0
"mov lr, pc ",0
"mov pc, r8 ",0
"mov r0, r0 ",0
pop {lr} ,0
pop {r8} ,0
pop {sb} ,0
"add sp, sp, 0 ",0
"mov r0, r0 ",0
"mov r1, sb ",0
"mov r3, 0 ",0
"mov r0, r0 ",0
"mov r2, 0xa0 ",0
"cmp r3, r2 ",0
"movhs r2, 1 ",0
"movlo r2, 0 ",0
"cmp r2, 0 ",0
bne 0x2176c ,0
"mov r0, r0 ",0
"ldrb r2, [r0, r3] ",0
"strb r2, [r1, r3] ",0
"add r3, r3, 1 ",0
b 0x21738 ,0
"mov r0, r0 ",0
"mov r0, r0 ",0
"mov r2, 0 ",0
"strb r2, [r1, 0xa0] ",0
"mov r0, r0 ",0
"ldr r8, [0x00021b8c] ",0
"ldrsh r3, [r8, 0x78] ",0
"mov r0, r3 ",0
"mov r1, 1 ",0
"str r3, [sp, -4]! ",0
"str sb, [sp, -4]! ",0
"str r8, [sp, -4]! ",0
"str lr, [sp, -4]! ",0
"ldr r8, [0x00021bb4] ",0
"ldr r8, [r8] ",0
"mov lr, pc ",0
"mov pc, r8 ",0
"mov r0, r0 ",0
pop {lr} ,0
pop {r8} ,0
pop {sb} ,0
"mov r2, r0 ",0
pop {r3} ,0
"mov r1, r2 ",0
"mov r2, sb ",0
"mov r0, r2 ",0
"str sb, [sp, -4]! ",0
"str r8, [sp, -4]! ",0
"str lr, [sp, -4]! ",0
"ldr r8, [0x00021ba8] ",0
"ldr r8, [r8] ",0
"mov lr, pc ",0
"mov pc, r8 ",0
"mov r0, r0 ",0
pop {lr} ,0
pop {r8} ,0
pop {sb} ,0
"add sp, sp, 0 ",0
"mov r0, r0 ",0
"mov r1, sb ",0
"mov r3, 0 ",0
"mov r0, r0 ",0
"mov r2, 0xa0 ",0
"cmp r3, r2 ",0
"movhs r2, 1 ",0
"movlo r2, 0 ",0
"cmp r2, 0 ",0
bne 0x21840 ,0
"mov r0, r0 ",0
"ldrb r2, [r0, r3] ",0
"strb r2, [r1, r3] ",0
"add r3, r3, 1 ",0
b 0x2180c ,0
"mov r0, r0 ",0
"mov r0, r0 ",0
"mov r2, 0 ",0
"strb r2, [r1, 0xa0] ",0
"mov r0, r0 ",0
"mov r3, lr ",0
bl 0x2185c ,0
"andeq r0, r0, fp, lsr r0 ",1
"mov r2, lr ",0
"mov lr, r3 ",0
"mov r1, r2 ",0
"mov r2, sb ",0
"mov r0, r2 ",0
"str sb, [sp, -4]! ",0
"str r8, [sp, -4]! ",0
"str lr, [sp, -4]! ",0
"ldr r8, [0x00021ba8] ",0
"ldr r8, [r8] ",0
"mov lr, pc ",0
"mov pc, r8 ",0
"mov r0, r0 ",0
pop {lr} ,0
pop {r8} ,0
pop {sb} ,0
"add sp, sp, 0 ",0
"mov r0, r0 ",0
"mov r1, sb ",0
"mov r3, 0 ",0
"mov r0, r0 ",0
"mov r2, 0xa0 ",0
"cmp r3, r2 ",0
"movhs r2, 1 ",0
"movlo r2, 0 ",0
"cmp r2, 0 ",0
bne 0x218e0 ,0
"mov r0, r0 ",0
"ldrb r2, [r0, r3] ",0
"strb r2, [r1, r3] ",0
"add r3, r3, 1 ",0
b 0x218ac ,0
"mov r0, r0 ",0
"mov r0, r0 ",0
"mov r2, 0 ",0
"strb r2, [r1, 0xa0] ",0
"mov r0, r0 ",0
"ldr r8, [0x00021b88] ",0
"ldrsh r3, [r8, 0x78] ",0
"mov r0, r3 ",0
"mov r1, 1 ",0
"str r3, [sp, -4]! ",0
"str sb, [sp, -4]! ",0
"str r8, [sp, -4]! ",0
"str lr, [sp, -4]! ",0
"ldr r8, [0x00021bb4] ",0
"ldr r8, [r8] ",0
"mov lr, pc ",0
"mov pc, r8 ",0
"mov r0, r0 ",0
pop {lr} ,0
pop {r8} ,0
pop {sb} ,0
"mov r2, r0 ",0
pop {r3} ,0
"mov r1, r2 ",0
"mov r2, sb ",0
"mov r0, r2 ",0
"str sb, [sp, -4]! ",0
"str r8, [sp, -4]! ",0
"str lr, [sp, -4]! ",0
"ldr r8, [0x00021ba8] ",0
"ldr r8, [r8] ",0
"mov lr, pc ",0
"mov pc, r8 ",0
"mov r0, r0 ",0
pop {lr} ,0
pop {r8} ,0
pop {sb} ,0
"add sp, sp, 0 ",0
"mov r0, r0 ",0
"mov r1, sb ",0
"mov r3, 0 ",0
"mov r0, r0 ",0
"mov r2, 0xa0 ",0
"cmp r3, r2 ",0
"movhs r2, 1 ",0
"movlo r2, 0 ",0
"cmp r2, 0 ",0
bne 0x219b4 ,0
"mov r0, r0 ",0
"ldrb r2, [r0, r3] ",0
"strb r2, [r1, r3] ",0
"add r3, r3, 1 ",0
b 0x21980 ,0
"mov r0, r0 ",0
"mov r0, r0 ",0
"mov r2, 0 ",0
"strb r2, [r1, 0xa0] ",0
"mov r0, r0 ",0
"mov r3, lr ",0
bl 0x219d0 ,0
"andeq r0, r0, fp, lsr r0 ",1
"mov r2, lr ",0
"mov lr, r3 ",0
"mov r1, r2 ",0
"mov r2, sb ",0
"mov r0, r2 ",0
"str sb, [sp, -4]! ",0
"str r8, [sp, -4]! ",0
"str lr, [sp, -4]! ",0
"ldr r8, [0x00021ba8] ",0
"ldr r8, [r8] ",0
"mov lr, pc ",0
"mov pc, r8 ",0
"mov r0, r0 ",0
pop {lr} ,0
pop {r8} ,0
pop {sb} ,0
"add sp, sp, 0 ",0
"mov r0, r0 ",0
"mov r1, sb ",0
"mov r3, 0 ",0
"mov r0, r0 ",0
"mov r2, 0xa0 ",0
"cmp r3, r2 ",0
"movhs r2, 1 ",0
"movlo r2, 0 ",0
"cmp r2, 0 ",0
bne 0x21a54 ,0
"mov r0, r0 ",0
"ldrb r2, [r0, r3] ",0
"strb r2, [r1, r3] ",0
"add r3, r3, 1 ",0
b 0x21a20 ,0
"mov r0, r0 ",0
"mov r0, r0 ",0
"mov r2, 0 ",0
"strb r2, [r1, 0xa0] ",0
"mov r0, r0 ",0
"ldr r8, [0x00021b84] ",0
"ldrsh r3, [r8, 0x78] ",0
"mov r0, r3 ",0
"mov r1, 1 ",0
"str r3, [sp, -4]! ",0
"str sb, [sp, -4]! ",0
"str r8, [sp, -4]! ",0
"str lr, [sp, -4]! ",0
"ldr r8, [0x00021bb4] ",0
"ldr r8, [r8] ",0
"mov lr, pc ",0
"mov pc, r8 ",0
"mov r0, r0 ",0
pop {lr} ,0
pop {r8} ,0
pop {sb} ,0
"mov r2, r0 ",0
pop {r3} ,0
"mov r1, r2 ",0
"mov r2, sb ",0
"mov r0, r2 ",0
"str sb, [sp, -4]! ",0
"str r8, [sp, -4]! ",0
"str lr, [sp, -4]! ",0
"ldr r8, [0x00021ba8] ",0
"ldr r8, [r8] ",0
"mov lr, pc ",0
"mov pc, r8 ",0
"mov r0, r0 ",0
pop {lr} ,0
pop {r8} ,0
pop {sb} ,0
"add sp, sp, 0 ",0
"mov r0, r0 ",0
"mov r1, sb ",0
"mov r3, 0 ",0
"mov r0, r0 ",0
"mov r2, 0xa0 ",0
"cmp r3, r2 ",0
"movhs r2, 1 ",0
"movlo r2, 0 ",0
"cmp r2, 0 ",0
bne 0x21b28 ,0
"mov r0, r0 ",0
"ldrb r2, [r0, r3] ",0
"strb r2, [r1, r3] ",0
"add r3, r3, 1 ",0
b 0x21af4 ,0
"mov r0, r0 ",0
"mov r0, r0 ",0
"mov r2, 0 ",0
"strb r2, [r1, 0xa0] ",0
"mov r0, r0 ",0
"mov r1, sb ",0
"sub sp, sp, 0x10 ",0
"mov r2, sp ",0
"ldr r8, [0x00021bcc] ",0
"ldr r4, [0x00021bc8] ",0
"add r3, r8, r4 ",0
"str r3, [r2, 0xc] ",0
"mov r3, sb ",0
"str r3, [r2, 4] ",0
"ldr r4, [0x00021bc0] ",0
"add r3, r8, r4 ",0
"str r3, [r2] ",0
"mov sb, r2 ",0
"str r1, [sp, -4]! ",0
"str sb, [sp, -4]! ",0
b 0x21bd4 ,0
"mov r0, r0 ",0
"stclgt p13, c12, [sp, 0x334] ",1
"stclgt p13, c12, [sp, 0x334] ",1
"andeq r7, r0, ip, lsl r2 ",1
"muleq r0, ip, r1 ",1
"andeq r7, r0, ip, lsl r1 ",1
"muleq r0, ip, r0 ",1
"andeq r7, r0, ip, lsl r0 ",1
"muleq r0, ip, pc ",1
"andeq r0, r0, r0, ror 7 ",1
"ldrdeq r0, r1, [r0], -ip ",1
"andeq r6, r0, r8, ror pc ",1
"andeq r0, r0, r0, lsl 5 ",1
"andeq r6, r0, r8, asr 22 ",1
"andeq r0, r0, ip, lsr 5 ",1
"strheq r0, [r0], -r0 ",1
"andeq r3, r0, r0, asr r0 ",1
"andeq r0, r0, r0, lsr 6 ",1
"andeq r0, r0, ip, ror 11 ",1
"andeq r3, r0, ip, ror r4 ",1
"andeq r0, r0, ip, asr 23 ",1
"andeq r5, r2, r8, lsr 11 ",1
"andeq r2, r0, r0, asr 5 ",1
"str r8, [sp, -4]! ",0
"str lr, [sp, -4]! ",0
"ldr r8, [0x000228b4] ",0
"ldr r8, [r8] ",0
"mov lr, pc ",0
"mov pc, r8 ",0
"mov r0, r0 ",0
pop {lr} ,0
pop {r8} ,0
pop {sb} ,0
pop {r1} ,0
"ldrb r0, [sb, 8] ",0
"add sp, sp, 0x10 ",0
"mov sb, r1 ",0
"mov r0, r0 ",0
"str r0, [sp, -4]! ",0
"ldr r8, [0x000228b0] ",0
"ldr r3, [r8, 0xa0] ",0
"mov r0, r3 ",0
"mov r1, 4 ",0
"str r3, [sp, -4]! ",0
"str sb, [sp, -4]! ",0
"str r8, [sp, -4]! ",0
"str lr, [sp, -4]! ",0
"ldr r8, [0x000228ac] ",0
"ldr r8, [r8] ",0
"mov lr, pc ",0
"mov pc, r8 ",0
"mov r0, r0 ",0
pop {lr} ,0
pop {r8} ,0
pop {sb} ,0
"mov r2, r0 ",0
pop {r3} ,0
"mov r1, r2 ",0
"mov r3, lr ",0
bl 0x21c74 ,0
"subpl r5, pc, 0x26 ",1
"ldclo p0, c3, [r1, -0x150]! ",1
"andeq r0, r0, r0 ",0
"mov r2, lr ",0
"mov lr, r3 ",0
"mov r0, r2 ",0
"str sb, [sp, -4]! ",0
"str r8, [sp, -4]! ",0
"str lr, [sp, -4]! ",0
"ldr r8, [0x000228a8] ",0
"ldr r8, [r8] ",0
"mov lr, pc ",0
"mov pc, r8 ",0
"mov r0, r0 ",0
pop {lr} ,0
pop {r8} ,0
pop {sb} ,0
"add sp, sp, 0 ",0
"mov r1, r0 ",0
pop {r0} ,0
"mov r0, r0 ",0
"mov r2, sb ",0
"mov r4, 0 ",0
"mov r0, r0 ",0
"mov r3, 0xa0 ",0
"cmp r4, r3 ",0
"movhs r3, 1 ",0
"movlo r3, 0 ",0
"cmp r3, 0 ",0
bne 0x21cf8 ,0
"mov r0, r0 ",0
"ldrb r3, [r1, r4] ",0
"strb r3, [r2, r4] ",0
"add r4, r4, 1 ",0
b 0x21cc4 ,0
"mov r0, r0 ",0
"mov r0, r0 ",0
"mov r3, 0 ",0
"strb r3, [r2, 0xa0] ",0
"mov r0, r0 ",0
"str r0, [sp, -4]! ",0
"mov r3, lr ",0
bl 0x21d18 ,0
"andeq r0, r0, fp, lsr r0 ",1
"mov r2, lr ",0
"mov lr, r3 ",0
"mov r1, r2 ",0
"mov r2, sb ",0
"mov r0, r2 ",0
"str sb, [sp, -4]! ",0
"str r8, [sp, -4]! ",0
"str lr, [sp, -4]! ",0
"ldr r8, [0x000228a8] ",0
"ldr r8, [r8] ",0
"mov lr, pc ",0
"mov pc, r8 ",0
"mov r0, r0 ",0
pop {lr} ,0
pop {r8} ,0
pop {sb} ,0
"add sp, sp, 0 ",0
"mov r1, r0 ",0
pop {r0} ,0
"mov r0, r0 ",0
"mov r2, sb ",0
"mov r4, 0 ",0
"mov r0, r0 ",0
"mov r3, 0xa0 ",0
"cmp r4, r3 ",0
"movhs r3, 1 ",0
"movlo r3, 0 ",0
"cmp r3, 0 ",0
bne 0x21da4 ,0
"mov r0, r0 ",0
"ldrb r3, [r1, r4] ",0
"strb r3, [r2, r4] ",0
"add r4, r4, 1 ",0
b 0x21d70 ,0
"mov r0, r0 ",0
"mov r0, r0 ",0
"mov r3, 0 ",0
"strb r3, [r2, 0xa0] ",0
"mov r0, r0 ",0
"str r0, [sp, -4]! ",0
"ldr r8, [0x000228a4] ",0
"ldr r3, [r8] ",0
"mov r0, r3 ",0
"mov r1, 4 ",0
"str r3, [sp, -4]! ",0
"str sb, [sp, -4]! ",0
"str r8, [sp, -4]! ",0
"str lr, [sp, -4]! ",0
"ldr r8, [0x000228ac] ",0
"ldr r8, [r8] ",0
"mov lr, pc ",0
"mov pc, r8 ",0
"mov r0, r0 ",0
pop {lr} ,0
pop {r8} ,0
pop {sb} ,0
"mov r2, r0 ",0
pop {r3} ,0
"mov r1, r2 ",0
"mov r2, sb ",0
"mov r0, r2 ",0
"str sb, [sp, -4]! ",0
"str r8, [sp, -4]! ",0
"str lr, [sp, -4]! ",0
"ldr r8, [0x000228a8] ",0
"ldr r8, [r8] ",0
"mov lr, pc ",0
"mov pc, r8 ",0
"mov r0, r0 ",0
pop {lr} ,0
pop {r8} ,0
pop {sb} ,0
"add sp, sp, 0 ",0
"mov r1, r0 ",0
pop {r0} ,0
"mov r0, r0 ",0
"mov r2, sb ",0
"mov r4, 0 ",0
"mov r0, r0 ",0
"mov r3, 0xa0 ",0
"cmp r4, r3 ",0
"movhs r3, 1 ",0
"movlo r3, 0 ",0
"cmp r3, 0 ",0
bne 0x21e84 ,0
"mov r0, r0 ",0
"ldrb r3, [r1, r4] ",0
"strb r3, [r2, r4] ",0
"add r4, r4, 1 ",0
b 0x21e50 ,0
"mov r0, r0 ",0
"mov r0, r0 ",0
"mov r3, 0 ",0
"strb r3, [r2, 0xa0] ",0
"mov r0, r0 ",0
"str r0, [sp, -4]! ",0
"mov r3, lr ",0
bl 0x21ea4 ,0
"andeq r0, r0, fp, lsr r0 ",1
"mov r2, lr ",0
"mov lr, r3 ",0
"mov r1, r2 ",0
"mov r2, sb ",0
"mov r0, r2 ",0
"str sb, [sp, -4]! ",0
"str r8, [sp, -4]! ",0
"str lr, [sp, -4]! ",0
"ldr r8, [0x000228a8] ",0
"ldr r8, [r8] ",0
"mov lr, pc ",0
"mov pc, r8 ",0
"mov r0, r0 ",0
pop {lr} ,0
pop {r8} ,0
pop {sb} ,0
"add sp, sp, 0 ",0
"mov r1, r0 ",0
pop {r0} ,0
"mov r0, r0 ",0
"mov r2, sb ",0
"mov r4, 0 ",0
"mov r0, r0 ",0
"mov r3, 0xa0 ",0
"cmp r4, r3 ",0
"movhs r3, 1 ",0
"movlo r3, 0 ",0
"cmp r3, 0 ",0
bne 0x21f30 ,0
"mov r0, r0 ",0
"ldrb r3, [r1, r4] ",0
"strb r3, [r2, r4] ",0
"add r4, r4, 1 ",0
b 0x21efc ,0
"mov r0, r0 ",0
"mov r0, r0 ",0
"mov r3, 0 ",0
"strb r3, [r2, 0xa0] ",0
"mov r0, r0 ",0
"str r0, [sp, -4]! ",0
"ldr r8, [0x000228b0] ",0
"ldrb r3, [r8, 0xa6] ",0
"mov r0, r3 ",0
"mov r1, 2 ",0
"str r3, [sp, -4]! ",0
"str sb, [sp, -4]! ",0
"str r8, [sp, -4]! ",0
"str lr, [sp, -4]! ",0
"ldr r8, [0x000228ac] ",0
"ldr r8, [r8] ",0
"mov lr, pc ",0
"mov pc, r8 ",0
"mov r0, r0 ",0
pop {lr} ,0
pop {r8} ,0
pop {sb} ,0
"mov r2, r0 ",0
pop {r3} ,0
"mov r1, r2 ",0
"mov r2, sb ",0
"mov r0, r2 ",0
"str sb, [sp, -4]! ",0
"str r8, [sp, -4]! ",0
"str lr, [sp, -4]! ",0
"ldr r8, [0x000228a8] ",0
"ldr r8, [r8] ",0
"mov lr, pc ",0
"mov pc, r8 ",0
"mov r0, r0 ",0
pop {lr} ,0
pop {r8} ,0
pop {sb} ,0
"add sp, sp, 0 ",0
"mov r1, r0 ",0
pop {r0} ,0
"mov r0, r0 ",0
"mov r2, sb ",0
"mov r4, 0 ",0
"mov r0, r0 ",0
"mov r3, 0xa0 ",0
"cmp r4, r3 ",0
"movhs r3, 1 ",0
"movlo r3, 0 ",0
"cmp r3, 0 ",0
bne 0x22010 ,0
"mov r0, r0 ",0
"ldrb r3, [r1, r4] ",0
"strb r3, [r2, r4] ",0
"add r4, r4, 1 ",0
b 0x21fdc ,0
"mov r0, r0 ",0
"mov r0, r0 ",0
"mov r3, 0 ",0
"strb r3, [r2, 0xa0] ",0
"mov r0, r0 ",0
"str r0, [sp, -4]! ",0
"mov r0, r0 ",0
"mov r0, sb ",0
"sub sp, sp, 0x10 ",0
"mov r2, sp ",0
"ldr r8, [0x000228a0] ",0
"ldr r4, [0x0002289c] ",0
"add r3, r8, r4 ",0
"str r3, [r2, 0xc] ",0
"mov r3, sb ",0
"str r3, [r2, 4] ",0
"ldr r4, [0x00022898] ",0
"add r3, r8, r4 ",0
"str r3, [r2] ",0
"mov sb, r2 ",0
"str r0, [sp, -4]! ",0
"str sb, [sp, -4]! ",0
"str r8, [sp, -4]! ",0
"str lr, [sp, -4]! ",0
"ldr r8, [0x000228b4] ",0
"ldr r8, [r8] ",0
"mov lr, pc ",0
"mov pc, r8 ",0
"mov r0, r0 ",0
pop {lr} ,0
pop {r8} ,0
pop {sb} ,0
pop {r0} ,0
"ldrb r1, [sb, 8] ",0
"add sp, sp, 0x10 ",0
"mov sb, r0 ",0
pop {r0} ,0
"mov r0, r0 ",0
"str r0, [sp, -4]! ",0
"ldr r8, [0x00022894] ",0
"ldr r3, [r8] ",0
"mov r0, r3 ",0
"mov r1, 4 ",0
"str r3, [sp, -4]! ",0
"str sb, [sp, -4]! ",0
"str r8, [sp, -4]! ",0
"str lr, [sp, -4]! ",0
"ldr r8, [0x000228ac] ",0
"ldr r8, [r8] ",0
"mov lr, pc ",0
"mov pc, r8 ",0
"mov r0, r0 ",0
pop {lr} ,0
pop {r8} ,0
pop {sb} ,0
"mov r2, r0 ",0
pop {r3} ,0
"mov r1, r2 ",0
"mov r3, lr ",0
bl 0x22104 ,0
"movtpl r4, 0x1726 ",1
"eorseq r3, sp, r0, lsr r1 ",1
"mov r2, lr ",0
"mov lr, r3 ",0
"mov r0, r2 ",0
"str sb, [sp, -4]! ",0
"str r8, [sp, -4]! ",0
"str lr, [sp, -4]! ",0
"ldr r8, [0x000228a8] ",0
"ldr r8, [r8] ",0
"mov lr, pc ",0
"mov pc, r8 ",0
"mov r0, r0 ",0
pop {lr} ,0
pop {r8} ,0
pop {sb} ,0
"add sp, sp, 0 ",0
"mov r1, r0 ",0
pop {r0} ,0
"mov r0, r0 ",0
"mov r2, sb ",0
"mov r4, 0 ",0
"mov r0, r0 ",0
"mov r3, 0xa0 ",0
"cmp r4, r3 ",0
"movhs r3, 1 ",0
"movlo r3, 0 ",0
"cmp r3, 0 ",0
bne 0x22188 ,0
"mov r0, r0 ",0
"ldrb r3, [r1, r4] ",0
"strb r3, [r2, r4] ",0
"add r4, r4, 1 ",0
b 0x22154 ,0
"mov r0, r0 ",0
"mov r0, r0 ",0
"mov r3, 0 ",0
"strb r3, [r2, 0xa0] ",0
"mov r0, r0 ",0
"str r0, [sp, -4]! ",0
"mov r3, lr ",0
bl 0x221a8 ,0
"andeq r0, r0, fp, lsr r0 ",1
"mov r2, lr ",0
"mov lr, r3 ",0
"mov r1, r2 ",0
"mov r2, sb ",0
"mov r0, r2 ",0
"str sb, [sp, -4]! ",0
"str r8, [sp, -4]! ",0
"str lr, [sp, -4]! ",0
"ldr r8, [0x000228a8] ",0
"ldr r8, [r8] ",0
"mov lr, pc ",0
"mov pc, r8 ",0
"mov r0, r0 ",0
pop {lr} ,0
pop {r8} ,0
pop {sb} ,0
"add sp, sp, 0 ",0
"mov r1, r0 ",0
pop {r0} ,0
"mov r0, r0 ",0
"mov r2, sb ",0
"mov r4, 0 ",0
"mov r0, r0 ",0
"mov r3, 0xa0 ",0
"cmp r4, r3 ",0
"movhs r3, 1 ",0
"movlo r3, 0 ",0
"cmp r3, 0 ",0
bne 0x22234 ,0
"mov r0, r0 ",0
"ldrb r3, [r1, r4] ",0
"strb r3, [r2, r4] ",0
"add r4, r4, 1 ",0
b 0x22200 ,0
"mov r0, r0 ",0
"mov r0, r0 ",0
"mov r3, 0 ",0
"strb r3, [r2, 0xa0] ",0
"mov r0, r0 ",0
"str r0, [sp, -4]! ",0
"ldr r8, [0x00022890] ",0
"ldrb r3, [r8, 0x2d] ",0
"mov r0, r3 ",0
"mov r1, 2 ",0
"str r3, [sp, -4]! ",0
"str sb, [sp, -4]! ",0
"str r8, [sp, -4]! ",0
"str lr, [sp, -4]! ",0
"ldr r8, [0x000228ac] ",0
"ldr r8, [r8] ",0
"mov lr, pc ",0
"mov pc, r8 ",0
"mov r0, r0 ",0
pop {lr} ,0
pop {r8} ,0
pop {sb} ,0
"mov r2, r0 ",0
pop {r3} ,0
"mov r1, r2 ",0
"mov r2, sb ",0
"mov r0, r2 ",0
"str sb, [sp, -4]! ",0
"str r8, [sp, -4]! ",0
"str lr, [sp, -4]! ",0
"ldr r8, [0x000228a8] ",0
"ldr r8, [r8] ",0
"mov lr, pc ",0
"mov pc, r8 ",0
"mov r0, r0 ",0
pop {lr} ,0
pop {r8} ,0
pop {sb} ,0
"add sp, sp, 0 ",0
"mov r1, r0 ",0
pop {r0} ,0
"mov r0, r0 ",0
"mov r2, sb ",0
"mov r4, 0 ",0
"mov r0, r0 ",0
"mov r3, 0xa0 ",0
"cmp r4, r3 ",0
"movhs r3, 1 ",0
"movlo r3, 0 ",0
"cmp r3, 0 ",0
bne 0x22314 ,0
"mov r0, r0 ",0
"ldrb r3, [r1, r4] ",0
"strb r3, [r2, r4] ",0
"add r4, r4, 1 ",0
b 0x222e0 ,0
"mov r0, r0 ",0
"mov r0, r0 ",0
"mov r3, 0 ",0
"strb r3, [r2, 0xa0] ",0
"mov r0, r0 ",0
"str r0, [sp, -4]! ",0
"mov r0, r0 ",0
"mov r0, sb ",0
"sub sp, sp, 0x10 ",0
"mov r2, sp ",0
"ldr r8, [0x000228a0] ",0
"ldr r4, [0x0002289c] ",0
"add r3, r8, r4 ",0
"str r3, [r2, 0xc] ",0
"mov r3, sb ",0
"str r3, [r2, 4] ",0
"ldr r4, [0x00022898] ",0
"add r3, r8, r4 ",0
"str r3, [r2] ",0
"mov sb, r2 ",0
"str r0, [sp, -4]! ",0
"str sb, [sp, -4]! ",0
"str r8, [sp, -4]! ",0
"str lr, [sp, -4]! ",0
"ldr r8, [0x000228b4] ",0
"ldr r8, [r8] ",0
"mov lr, pc ",0
"mov pc, r8 ",0
"mov r0, r0 ",0
pop {lr} ,0
pop {r8} ,0
pop {sb} ,0
pop {r0} ,0
"ldrb r1, [sb, 8] ",0
"add sp, sp, 0x10 ",0
"mov sb, r0 ",0
pop {r0} ,0
"mov r0, r0 ",0
"str r0, [sp, -4]! ",0
"ldr r8, [0x0002288c] ",0
"ldr r3, [r8] ",0
"mov r0, r3 ",0
"mov r1, 4 ",0
"str r3, [sp, -4]! ",0
"str sb, [sp, -4]! ",0
"str r8, [sp, -4]! ",0
"str lr, [sp, -4]! ",0
"ldr r8, [0x000228ac] ",0
"ldr r8, [r8] ",0
"mov lr, pc ",0
"mov pc, r8 ",0
"mov r0, r0 ",0
pop {lr} ,0
pop {r8} ,0
pop {sb} ,0
"mov r2, r0 ",0
pop {r3} ,0
"mov r1, r2 ",0
"mov r3, lr ",0
bl 0x22408 ,0
"movtpl r4, 0x1726 ",1
"eorseq r3, sp, r0, lsr r2 ",1
"mov r2, lr ",0
"mov lr, r3 ",0
"mov r0, r2 ",0
"str sb, [sp, -4]! ",0
"str r8, [sp, -4]! ",0
"str lr, [sp, -4]! ",0
"ldr r8, [0x000228a8] ",0
"ldr r8, [r8] ",0
"mov lr, pc ",0
"mov pc, r8 ",0
"mov r0, r0 ",0
pop {lr} ,0
pop {r8} ,0
pop {sb} ,0
"add sp, sp, 0 ",0
"mov r1, r0 ",0
pop {r0} ,0
"mov r0, r0 ",0
"mov r2, sb ",0
"mov r4, 0 ",0
"mov r0, r0 ",0
"mov r3, 0xa0 ",0
"cmp r4, r3 ",0
"movhs r3, 1 ",0
"movlo r3, 0 ",0
"cmp r3, 0 ",0
bne 0x2248c ,0
"mov r0, r0 ",0
"ldrb r3, [r1, r4] ",0
"strb r3, [r2, r4] ",0
"add r4, r4, 1 ",0
b 0x22458 ,0
"mov r0, r0 ",0
"mov r0, r0 ",0
"mov r3, 0 ",0
"strb r3, [r2, 0xa0] ",0
"mov r0, r0 ",0
"str r0, [sp, -4]! ",0
"mov r3, lr ",0
bl 0x224ac ,0
"andeq r0, r0, fp, lsr r0 ",1
"mov r2, lr ",0
"mov lr, r3 ",0
"mov r1, r2 ",0
"mov r2, sb ",0
"mov r0, r2 ",0
"str sb, [sp, -4]! ",0
"str r8, [sp, -4]! ",0
"str lr, [sp, -4]! ",0
"ldr r8, [0x000228a8] ",0
"ldr r8, [r8] ",0
"mov lr, pc ",0
"mov pc, r8 ",0
"mov r0, r0 ",0
pop {lr} ,0
pop {r8} ,0
pop {sb} ,0
"add sp, sp, 0 ",0
"mov r1, r0 ",0
pop {r0} ,0
"mov r0, r0 ",0
"mov r2, sb ",0
"mov r4, 0 ",0
"mov r0, r0 ",0
"mov r3, 0xa0 ",0
"cmp r4, r3 ",0
"movhs r3, 1 ",0
"movlo r3, 0 ",0
"cmp r3, 0 ",0
bne 0x22538 ,0
"mov r0, r0 ",0
"ldrb r3, [r1, r4] ",0
"strb r3, [r2, r4] ",0
"add r4, r4, 1 ",0
b 0x22504 ,0
"mov r0, r0 ",0
"mov r0, r0 ",0
"mov r3, 0 ",0
"strb r3, [r2, 0xa0] ",0
"mov r0, r0 ",0
"str r0, [sp, -4]! ",0
"ldr r8, [0x00022888] ",0
"ldrb r3, [r8, 0x2d] ",0
"mov r0, r3 ",0
"mov r1, 2 ",0
"str r3, [sp, -4]! ",0
"str sb, [sp, -4]! ",0
"str r8, [sp, -4]! ",0
"str lr, [sp, -4]! ",0
"ldr r8, [0x000228ac] ",0
"ldr r8, [r8] ",0
"mov lr, pc ",0
"mov pc, r8 ",0
"mov r0, r0 ",0
pop {lr} ,0
pop {r8} ,0
pop {sb} ,0
"mov r2, r0 ",0
pop {r3} ,0
"mov r1, r2 ",0
"mov r2, sb ",0
"mov r0, r2 ",0
"str sb, [sp, -4]! ",0
"str r8, [sp, -4]! ",0
"str lr, [sp, -4]! ",0
"ldr r8, [0x000228a8] ",0
"ldr r8, [r8] ",0
"mov lr, pc ",0
"mov pc, r8 ",0
"mov r0, r0 ",0
pop {lr} ,0
pop {r8} ,0
pop {sb} ,0
"add sp, sp, 0 ",0
"mov r1, r0 ",0
pop {r0} ,0
"mov r0, r0 ",0
"mov r2, sb ",0
"mov r4, 0 ",0
"mov r0, r0 ",0
"mov r3, 0xa0 ",0
"cmp r4, r3 ",0
"movhs r3, 1 ",0
"movlo r3, 0 ",0
"cmp r3, 0 ",0
bne 0x22618 ,0
"mov r0, r0 ",0
"ldrb r3, [r1, r4] ",0
"strb r3, [r2, r4] ",0
"add r4, r4, 1 ",0
b 0x225e4 ,0
"mov r0, r0 ",0
"mov r0, r0 ",0
"mov r3, 0 ",0
"strb r3, [r2, 0xa0] ",0
"mov r0, r0 ",0
"str r0, [sp, -4]! ",0
"mov r0, r0 ",0
"mov r0, sb ",0
"sub sp, sp, 0x10 ",0
"mov r2, sp ",0
"ldr r8, [0x000228a0] ",0
"ldr r4, [0x0002289c] ",0
"add r3, r8, r4 ",0
"str r3, [r2, 0xc] ",0
"mov r3, sb ",0
"str r3, [r2, 4] ",0
"ldr r4, [0x00022898] ",0
"add r3, r8, r4 ",0
"str r3, [r2] ",0
"mov sb, r2 ",0
"str r0, [sp, -4]! ",0
"str sb, [sp, -4]! ",0
"str r8, [sp, -4]! ",0
"str lr, [sp, -4]! ",0
"ldr r8, [0x000228b4] ",0
"ldr r8, [r8] ",0
"mov lr, pc ",0
"mov pc, r8 ",0
"mov r0, r0 ",0
pop {lr} ,0
pop {r8} ,0
pop {sb} ,0
pop {r0} ,0
"ldrb r1, [sb, 8] ",0
"add sp, sp, 0x10 ",0
"mov sb, r0 ",0
pop {r0} ,0
"mov r0, r0 ",0
"ldr r8, [0x00022884] ",0
"mov r1, r8 ",0
"ldr r8, [0x00022880] ",0
"ldr r2, [0x0002287c] ",0
"str r1, [r8, r2] ",0
"mov r0, r0 ",0
"str sb, [sp, -4]! ",0
"mov sb, r8 ",0
"str r0, [sp, -4]! ",0
"str sb, [sp, -4]! ",0
"str r8, [sp, -4]! ",0
"str lr, [sp, -4]! ",0
"ldr r8, [0x00022878] ",0
"ldr r8, [r8] ",0
"mov lr, pc ",0
"mov pc, r8 ",0
"mov r0, r0 ",0
pop {lr} ,0
pop {r8} ,0
pop {sb} ,0
pop {r0} ,0
pop {sb} ,0
"mov r0, r0 ",0
"ldr r8, [0x00022874] ",0
"mov r0, r8 ",0
"ldr r8, [0x00022870] ",0
"str r0, [r8, 0x5c] ",0
"ldr r8, [0x0002286c] ",0
"mov r0, r8 ",0
"ldr r8, [0x00022870] ",0
"str r0, [r8, 0x60] ",0
"mov r0, r0 ",0
"str sb, [sp, -4]! ",0
"mov sb, r8 ",0
"str sb, [sp, -4]! ",0
"str r8, [sp, -4]! ",0
"str lr, [sp, -4]! ",0
"ldr r8, [0x00022868] ",0
"ldr r8, [r8] ",0
"mov lr, pc ",0
"mov pc, r8 ",0
"mov r0, r0 ",0
pop {lr} ,0
pop {r8} ,0
pop {sb} ,0
pop {sb} ,0
"mov r0, r0 ",0
"mov r1, sb ",0
"sub sp, sp, 0x10 ",0
"mov r2, sp ",0
"ldr r4, [0x00022864] ",0
"add r3, r8, r4 ",0
"str r3, [r2, 0xc] ",0
"ldr r8, [0x00022860] ",0
"mov r3, r8 ",0
"str r3, [r2, 4] ",0
"ldr r8, [0x000228a0] ",0
"ldr r4, [0x00022898] ",0
"add r3, r8, r4 ",0
"str r3, [r2] ",0
"mov sb, r2 ",0
"str r1, [sp, -4]! ",0
"str sb, [sp, -4]! ",0
"str r8, [sp, -4]! ",0
"str lr, [sp, -4]! ",0
"ldr r8, [0x000228b4] ",0
"ldr r8, [r8] ",0
"mov lr, pc ",0
"mov pc, r8 ",0
"mov r0, r0 ",0
pop {lr} ,0
pop {r8} ,0
pop {sb} ,0
pop {r1} ,0
"ldrb r0, [sb, 8] ",0
"add sp, sp, 0x10 ",0
"mov sb, r1 ",0
"mov r0, r0 ",0
"str r0, [sp, -4]! ",0
"mov r0, r0 ",0
"mov r0, sb ",0
"sub sp, sp, 0xc ",0
"mov r2, sp ",0
"mov sb, r2 ",0
"str r0, [sp, -4]! ",0
"str sb, [sp, -4]! ",0
"str r8, [sp, -4]! ",0
"str lr, [sp, -4]! ",0
"ldr r8, [0x0002285c] ",0
"ldr r8, [r8] ",0
"mov lr, pc ",0
"mov pc, r8 ",0
"mov r0, r0 ",0
pop {lr} ,0
pop {r8} ,0
pop {sb} ,0
pop {r0} ,0
"ldrb r1, [sb, 8] ",0
"add sp, sp, 0xc ",0
"mov sb, r0 ",0
pop {r0} ,0
"mov r0, r0 ",0
"mov r0, r0 ",0
"ldr r2, [0x00022858] ",0
pop {r1} ,0
"str r1, [r2] ",0
"ldmdb fp, {fp, sp, pc} ",0
"andeq r2, r0, r0, asr 5 ",1
"andeq r0, r0, ip, ror r3 ",1
"andeq r3, r0, sp, asr 9 ",1
"andeq r0, r0, r4, lsr 29 ",1
"andeq r0, r0, r8, asr 7 ",1
"andhs r4, r0, ip, lsl r0 ",1
"ldrdeq r5, r6, [r2], -r0 ",1
"andhs r4, r0, r8, lsl r0 ",1
"andeq r0, r0, r8, lsr 7 ",1
"andeq sp, r1, ip, asr 20 ",1
"andeq r7, r0, r0, lsl 17 ",1
"andeq r7, r0, r8, asr 7 ",1
"andeq r7, r0, ip, lsl 7 ",1
"andhs r4, r0, r0, lsl r0 ",1
"andeq r7, r0, r0, asr r3 ",1
"andhs r4, r0, r8 ",1
"andeq r0, r0, ip, ror 11 ",1
"andeq r0, r0, ip, asr 23 ",1
"andeq r5, r2, r8, lsr 11 ",1
"andhs r4, r0, r0 ",1
"andeq r0, r0, r0, lsl 5 ",1
"strheq r0, [r0], -r0 ",1
"muleq r0, ip, r2 ",1
"andeq r0, r0, r0, lsr 6 ",1
"mov ip, sp ",0
"push {fp, ip, lr} ",0
"mov fp, ip ",0
"ldr r0, [0x00022984] ",0
"ldr r1, [r0] ",0
"str r1, [sp, -4]! ",0
"str sb, [r0] ",0
"mov r0, 0 ",0
"strb r0, [sb, 0xa] ",0
"mov r0, r0 ",0
"mov r0, r0 ",0
"ldrh r0, [sb, 8] ",0
"cmp r0, 0 ",0
"movls r0, 1 ",0
"movhi r0, 0 ",0
"mov r0, r0 ",0
"mov r0, r0 ",0
"cmp r0, 0 ",0
bne 0x22968 ,0
"mov r0, r0 ",0
"mov r0, r0 ",0
"ldr r0, [sb] ",0
"ldrb r0, [r0] ",0
"mov r0, r0 ",0
"ldr r1, [sb, 4] ",0
"strb r0, [r1] ",0
"mov r0, r0 ",0
"ldr r0, [sb, 4] ",0
"add r0, r0, 1 ",0
"mov r0, r0 ",0
"str r0, [sb, 4] ",0
"mov r0, r0 ",0
"ldr r0, [sb] ",0
"add r0, r0, 1 ",0
"mov r0, r0 ",0
"str r0, [sb] ",0
"mov r0, r0 ",0
"ldrh r0, [sb, 8] ",0
"sub r0, r0, 1 ",0
"mov r0, r0 ",0
"strh r0, [sb, 8] ",0
"mov r0, r0 ",0
b 0x228dc ,0
"mov r0, r0 ",0
"mov r0, r0 ",0
"mov r0, r0 ",0
"mov r0, r0 ",0
"ldr r1, [0x00022984] ",0
pop {r0} ,0
"str r0, [r1] ",0
"ldmdb fp, {fp, sp, pc} ",0
"andeq r2, r0, r8, asr 5 ",1
"mov ip, sp ",0
"push {fp, ip, lr} ",0
"mov fp, ip ",0
"ldr r0, [0x00022db4] ",0
"ldr r1, [r0] ",0
"str r1, [sp, -4]! ",0
"str sb, [r0] ",0
"mov r0, r0 ",0
"ldrb r0, [sb, 0x2c] ",0
"strb r0, [sb, 1] ",0
"mov r0, r0 ",0
"str r0, [sp, -4]! ",0
"mov r0, sb ",0
"str sb, [sp, -4]! ",0
"str r8, [sp, -4]! ",0
"str lr, [sp, -4]! ",0
"ldr r8, [0x00022db0] ",0
"ldr r8, [r8] ",0
"mov lr, pc ",0
"mov pc, r8 ",0
"mov r0, r0 ",0
pop {lr} ,0
pop {r8} ,0
pop {sb} ,0
pop {r0} ,0
"mov r0, r0 ",0
"ldrb r0, [sb, 2] ",0
"eor r0, r0, 1 ",0
"mov r0, r0 ",0
"mov r0, r0 ",0
"cmp r0, 0 ",0
bne 0x22a48 ,0
"mov r0, r0 ",0
"mov r0, r0 ",0
"ldr r0, [sb, 0x34] ",0
"ldr r0, [r0] ",0
"add r0, r0, 1 ",0
"mov r0, r0 ",0
"ldr r1, [sb, 0x34] ",0
"str r0, [r1] ",0
"mov r0, r0 ",0
"ldr r0, [sb, 0x34] ",0
"ldr r0, [r0] ",0
"ldrsh r1, [sb, 0x26] ",0
"mul r0, r0, r1 ",0
"mov r0, r0 ",0
"ldr r1, [sb, 0x38] ",0
"str r0, [r1] ",0
"mov r0, r0 ",0
"mov r0, r0 ",0
"mov r0, r0 ",0
"ldrb r0, [sb, 0x2c] ",0
"eor r0, r0, 1 ",0
"strb r0, [sb, 0xc] ",0
"ldr r0, [sb, 0x28] ",0
"str r0, [sb, 0x10] ",0
"mov r0, r0 ",0
"str r0, [sp, -4]! ",0
"add r0, sb, 4 ",0
"str sb, [sp, -4]! ",0
"str r8, [sp, -4]! ",0
"str lr, [sp, -4]! ",0
"ldr r8, [0x00022dac] ",0
"ldr r8, [r8] ",0
"mov lr, pc ",0
"mov pc, r8 ",0
"mov r0, r0 ",0
pop {lr} ,0
pop {r8} ,0
pop {sb} ,0
pop {r0} ,0
"mov r0, r0 ",0
"ldrb r0, [sb, 0x14] ",0
"strb r0, [sb, 0x1d] ",0
"mov r0, r0 ",0
"str r0, [sp, -4]! ",0
"add r0, sb, 0x1c ",0
"str sb, [sp, -4]! ",0
"str r8, [sp, -4]! ",0
"str lr, [sp, -4]! ",0
"ldr r8, [0x00022db0] ",0
"ldr r8, [r8] ",0
"mov lr, pc ",0
"mov pc, r8 ",0
"mov r0, r0 ",0
pop {lr} ,0
pop {r8} ,0
pop {sb} ,0
pop {r0} ,0
"mov r0, r0 ",0
"ldrb r0, [sb, 0x14] ",0
"strb r0, [sb, 0x21] ",0
"mov r0, r0 ",0
"str r0, [sp, -4]! ",0
"add r0, sb, 0x20 ",0
"str sb, [sp, -4]! ",0
"str r8, [sp, -4]! ",0
"str lr, [sp, -4]! ",0
"ldr r8, [0x00022da8] ",0
"ldr r8, [r8] ",0
"mov lr, pc ",0
"mov pc, r8 ",0
"mov r0, r0 ",0
pop {lr} ,0
pop {r8} ,0
pop {sb} ,0
pop {r0} ,0
"mov r0, r0 ",0
"ldrb r0, [sb, 0x1e] ",0
"eor r0, r0, 1 ",0
"mov r0, r0 ",0
"mov r0, r0 ",0
"cmp r0, 0 ",0
bne 0x22c58 ,0
"mov r0, r0 ",0
"mov r0, r0 ",0
"mov r0, 1 ",0
"mov r0, r0 ",0
"strb r0, [sb, 0x2d] ",0
"mov r0, r0 ",0
"ldr r0, [0x00022da4] ",0
"mov r0, r0 ",0
"str r0, [sb, 0x30] ",0
"mov r0, r0 ",0
"mov r1, sb ",0
"ldr r3, [0x00022da0] ",0
"sub sp, sp, r3 ",0
"mov r2, sp ",0
"mov r4, lr ",0
bl 0x22ba4 ,0
"cmnvc r3, 0x13800000 ",1
"ldclmi p14, c6, [0x000229c8] ",1
"stclvs p6, c7, [sb, -0x1bc]! ",1
svcvs 0x746e65 ,1
"andeq r0, r0, r0 ",0
"mov r3, lr ",0
"mov lr, r4 ",0
"add r4, r2, 0xac ",0
"mov r6, 0 ",0
"mov r0, r0 ",0
"mov r5, 0x51 ",0
"cmp r6, r5 ",0
"movhs r5, 1 ",0
"movlo r5, 0 ",0
"cmp r5, 0 ",0
bne 0x22be8 ,0
"mov r0, r0 ",0
"ldrb r5, [r3, r6] ",0
"strb r5, [r4, r6] ",0
"add r6, r6, 1 ",0
b 0x22bb4 ,0
"mov r0, r0 ",0
"mov r0, r0 ",0
"mov r3, 2 ",0
"strh r3, [r2, 0xaa] ",0
"ldrb r3, [sb, 0x24] ",0
"strh r3, [r2, 0xa8] ",0
"ldr r8, [0x00022d9c] ",0
"ldrsh r3, [r8] ",0
"strh r3, [r2, 0xa6] ",0
"ldrsh r3, [r8, -0x36] ",0
"strh r3, [r2, 0xa4] ",0
"mov sb, r2 ",0
"str r1, [sp, -4]! ",0
"str sb, [sp, -4]! ",0
"str r8, [sp, -4]! ",0
"str lr, [sp, -4]! ",0
"ldr r8, [0x00022d98] ",0
"ldr r8, [r8] ",0
"mov lr, pc ",0
"mov pc, r8 ",0
"mov r0, r0 ",0
pop {lr} ,0
pop {r8} ,0
pop {sb} ,0
pop {r1} ,0
"ldrb r0, [sb, 0xfd] ",0
"ldr r2, [0x00022da0] ",0
"add sp, sp, r2 ",0
"mov sb, r1 ",0
"mov r0, r0 ",0
"mov r0, r0 ",0
"mov r0, r0 ",0
"ldrb r1, [sb, 0x22] ",0
"eor r1, r1, 1 ",0
"mov r0, r0 ",0
"mov r0, r0 ",0
"cmp r1, 0 ",0
bne 0x22d74 ,0
"mov r0, r0 ",0
"mov r0, r0 ",0
"mov r0, 0 ",0
"mov r0, r0 ",0
"strb r0, [sb, 0x2d] ",0
"mov r0, r0 ",0
"ldr r0, [0x00022d94] ",0
"mov r0, r0 ",0
"str r0, [sb, 0x30] ",0
"mov r0, r0 ",0
"mov r1, sb ",0
"ldr r3, [0x00022da0] ",0
"sub sp, sp, r3 ",0
"mov r2, sp ",0
"mov r4, lr ",0
bl 0x22cc0 ,0
"andeq r0, r0, r0 ",0
"mov r3, lr ",0
"mov lr, r4 ",0
"add r4, r2, 0xac ",0
"mov r6, 0 ",0
"mov r0, r0 ",0
"mov r5, 0x51 ",0
"cmp r6, r5 ",0
"movhs r5, 1 ",0
"movlo r5, 0 ",0
"cmp r5, 0 ",0
bne 0x22d04 ,0
"mov r0, r0 ",0
"ldrb r5, [r3, r6] ",0
"strb r5, [r4, r6] ",0
"add r6, r6, 1 ",0
b 0x22cd0 ,0
"mov r0, r0 ",0
"mov r0, r0 ",0
"mov r3, 1 ",0
"strh r3, [r2, 0xaa] ",0
"ldrb r3, [sb, 0x24] ",0
"strh r3, [r2, 0xa8] ",0
"ldr r8, [0x00022d9c] ",0
"ldrsh r3, [r8] ",0
"strh r3, [r2, 0xa6] ",0
"ldrsh r3, [r8, -0x38] ",0
"strh r3, [r2, 0xa4] ",0
"mov sb, r2 ",0
"str r1, [sp, -4]! ",0
"str sb, [sp, -4]! ",0
"str r8, [sp, -4]! ",0
"str lr, [sp, -4]! ",0
"ldr r8, [0x00022d98] ",0
"ldr r8, [r8] ",0
"mov lr, pc ",0
"mov pc, r8 ",0
"mov r0, r0 ",0
pop {lr} ,0
pop {r8} ,0
pop {sb} ,0
pop {r1} ,0
"ldrb r0, [sb, 0xfd] ",0
"ldr r2, [0x00022da0] ",0
"add sp, sp, r2 ",0
"mov sb, r1 ",0
"mov r0, r0 ",0
"mov r0, r0 ",0
"mov r0, r0 ",0
"mov r0, r0 ",0
"ldr r2, [0x00022db4] ",0
pop {r1} ,0
"str r1, [r2] ",0
"ldmdb fp, {fp, sp, pc} ",0
"eoreq pc, r0, r0, lsr 32 ",1
"andeq r0, r0, ip, ror 6 ",1
"andeq r3, r0, r4, lsr r0 ",1
"andeq r0, r0, r0, lsl 2 ",1
invalid ,1
"andeq r0, r0, r0, lsr 5 ",1
"andeq r0, r0, r8, lsl 6 ",1
"strheq r0, [r0], -ip ",1
"andeq r2, r0, ip, asr 5 ",1
"mov ip, sp ",0
"push {fp, ip, lr} ",0
"mov fp, ip ",0
"str r0, [sp, -4]! ",0
"ldr r8, [0x00022f34] ",0
"ldrb r1, [r8] ",0
"str r0, [sp, -4]! ",0
"mov r0, sb ",0
"str sb, [sp, -4]! ",0
"str r8, [sp, -4]! ",0
"str lr, [sp, -4]! ",0
"ldr r8, [0x00022f30] ",0
"ldr r8, [r8] ",0
"mov lr, pc ",0
"mov pc, r8 ",0
"mov r0, r0 ",0
pop {lr} ,0
pop {r8} ,0
pop {sb} ,0
pop {r0} ,0
"mov r1, r0 ",0
"strb r1, [r8, -0x5e2] ",0
"ldrb r1, [r8] ",0
"str r0, [sp, -4]! ",0
"add r0, sb, 4 ",0
"str sb, [sp, -4]! ",0
"str r8, [sp, -4]! ",0
"str lr, [sp, -4]! ",0
"ldr r8, [0x00022f2c] ",0
"ldr r8, [r8] ",0
"mov lr, pc ",0
"mov pc, r8 ",0
"mov r0, r0 ",0
pop {lr} ,0
pop {r8} ,0
pop {sb} ,0
pop {r0} ,0
"mov r1, r0 ",0
"strb r1, [r8, -0x5e2] ",0
"ldrb r1, [r8] ",0
"str r0, [sp, -4]! ",0
"add r0, sb, 0x1c ",0
"str sb, [sp, -4]! ",0
"str r8, [sp, -4]! ",0
"str lr, [sp, -4]! ",0
"ldr r8, [0x00022f30] ",0
"ldr r8, [r8] ",0
"mov lr, pc ",0
"mov pc, r8 ",0
"mov r0, r0 ",0
pop {lr} ,0
pop {r8} ,0
pop {sb} ,0
pop {r0} ,0
"mov r1, r0 ",0
"strb r1, [r8, -0x5e2] ",0
"ldrb r1, [r8] ",0
"str r0, [sp, -4]! ",0
"add r0, sb, 0x20 ",0
"str sb, [sp, -4]! ",0
"str r8, [sp, -4]! ",0
"str lr, [sp, -4]! ",0
"ldr r8, [0x00022f28] ",0
"ldr r8, [r8] ",0
"mov lr, pc ",0
"mov pc, r8 ",0
"mov r0, r0 ",0
pop {lr} ,0
pop {r8} ,0
pop {sb} ,0
pop {r0} ,0
"mov r1, r0 ",0
"strb r1, [r8, -0x5e2] ",0
"mov r1, 0 ",0
"strb r1, [sb, 0x24] ",0
"mov r1, 1 ",0
"strh r1, [sb, 0x26] ",0
"ldr r1, [0x00022f24] ",0
"str r1, [sb, 0x28] ",0
"mov r1, 0 ",0
"strb r1, [sb, 0x2c] ",0
"mov r1, 0 ",0
"strb r1, [sb, 0x2d] ",0
"mov r1, 0 ",0
"str r1, [sb, 0x30] ",0
pop {r0} ,0
"cmp r0, 0 ",0
bne 0x22f1c ,0
"mov r0, r0 ",0
"mov r0, r0 ",0
"ldmdb fp, {fp, sp, pc} ",0
"andeq lr, r0, r0, ror 20 ",1
"andeq r0, r0, r4, lsr 5 ",1
"andeq r0, r0, ip, lsl 6 ",1
"andeq r0, r0, r0, asr 5 ",1
"muleq r0, sb, r0 ",1
"mov ip, sp ",0
"push {fp, ip, lr} ",0
"mov fp, ip ",0
"ldr r0, [0x0002305c] ",0
"ldr r1, [r0] ",0
"str r1, [sp, -4]! ",0
"str sb, [r0] ",0
"mov r0, r0 ",0
"ldrb r0, [sb, 1] ",0
"strb r0, [sb, 0x4a3] ",0
"ldrsh r0, [sb, 2] ",0
"ldr r1, [0x00023058] ",0
"strh r0, [sb, r1] ",0
"add r0, sb, 4 ",0
"str r0, [sb, 0x4ac] ",0
"mov r0, r0 ",0
"str sb, [sp, -4]! ",0
"ldr r0, [0x00023054] ",0
"add sb, sb, r0 ",0
"str sb, [sp, -4]! ",0
"str r8, [sp, -4]! ",0
"str lr, [sp, -4]! ",0
"ldr r8, [0x00023050] ",0
"ldr r8, [r8] ",0
"mov lr, pc ",0
"mov pc, r8 ",0
"mov r0, r0 ",0
pop {lr} ,0
pop {r8} ,0
pop {sb} ,0
pop {sb} ,0
"mov r0, r0 ",0
"ldrb r0, [sb, 0x11a] ",0
"cmp r0, 0 ",0
"moveq r0, 1 ",0
"movne r0, 0 ",0
"mov r0, r0 ",0
"mov r0, r0 ",0
"cmp r0, 0 ",0
bne 0x23008 ,0
"mov r0, r0 ",0
"mov r0, r0 ",0
"mov r0, 2 ",0
"mov r0, r0 ",0
"strb r0, [sb, 0x4b0] ",0
"mov r0, r0 ",0
"ldr r0, [0x0002304c] ",0
"mov r0, r0 ",0
"str r0, [sb, 0x4b4] ",0
"mov r0, r0 ",0
b 0x2302c ,0
"mov r0, r0 ",0
"mov r0, r0 ",0
"mov r0, r0 ",0
"mov r0, 0 ",0
"mov r0, r0 ",0
"strb r0, [sb, 0x4b0] ",0
"mov r0, r0 ",0
"ldr r0, [0x00023048] ",0
"mov r0, r0 ",0
"str r0, [sb, 0x4b4] ",0
"mov r0, r0 ",0
"mov r0, r0 ",0
"mov r0, r0 ",0
"ldr r1, [0x0002305c] ",0
pop {r0} ,0
"str r0, [r1] ",0
"ldmdb fp, {fp, sp, pc} ",0
"eoreq pc, r0, r0, lsr 32 ",1
invalid ,1
"muleq r0, r0, r0 ",1
"andeq r0, r0, ip, lsl r1 ",1
"andeq r0, r0, r4, lsr 9 ",1
"ldrdeq r2, r3, [r0], -r0 ",1
"mov ip, sp ",0
"push {fp, ip, lr} ",0
"mov fp, ip ",0
"str r0, [sp, -4]! ",0
"mov r1, 0 ",0
"strb r1, [sb] ",0
"mov r1, 0 ",0
"strb r1, [sb, 1] ",0
"mov r1, 0xb ",0
"strh r1, [sb, 2] ",0
"ldr r8, [0x00023174] ",0
"ldrb r1, [r8] ",0
"str r0, [sp, -4]! ",0
"str sb, [sp, -4]! ",0
"add sb, sb, 4 ",0
"mov r0, r1 ",0
"str r1, [sp, -4]! ",0
"str sb, [sp, -4]! ",0
"str r8, [sp, -4]! ",0
"str lr, [sp, -4]! ",0
"ldr r8, [0x00023170] ",0
"ldr r8, [r8] ",0
"mov lr, pc ",0
"mov pc, r8 ",0
"mov r0, r0 ",0
pop {lr} ,0
pop {r8} ,0
pop {sb} ,0
pop {r1} ,0
pop {sb} ,0
pop {r0} ,0
"mov r1, r0 ",0
"strb r1, [r8, -0x5e2] ",0
"ldrb r1, [r8] ",0
"str r0, [sp, -4]! ",0
"str sb, [sp, -4]! ",0
"ldr r2, [0x0002316c] ",0
"add sb, sb, r2 ",0
"mov r0, r1 ",0
"str r1, [sp, -4]! ",0
"str sb, [sp, -4]! ",0
"str r8, [sp, -4]! ",0
"str lr, [sp, -4]! ",0
"ldr r8, [0x00023168] ",0
"ldr r8, [r8] ",0
"mov lr, pc ",0
"mov pc, r8 ",0
"mov r0, r0 ",0
pop {lr} ,0
pop {r8} ,0
pop {sb} ,0
pop {r1} ,0
pop {sb} ,0
pop {r0} ,0
"mov r1, r0 ",0
"strb r1, [r8, -0x5e2] ",0
"mov r1, 0 ",0
"strb r1, [sb, 0x4b0] ",0
"mov r1, 0 ",0
"str r1, [sb, 0x4b4] ",0
pop {r0} ,0
"cmp r0, 0 ",0
bne 0x23160 ,0
"mov r0, r0 ",0
"mov r0, r0 ",0
"ldmdb fp, {fp, sp, pc} ",0
"muleq r0, r4, r0 ",1
"andeq r0, r0, ip, lsl r1 ",1
"andeq r0, r0, ip, lsr 1 ",1
"muleq r0, sb, r0 ",1
"mov ip, sp ",0
"push {fp, ip, lr} ",0
"mov fp, ip ",0
"ldr r0, [0x000239b4] ",0
"ldr r1, [r0] ",0
"str r1, [sp, -4]! ",0
"str sb, [r0] ",0
"mov r0, r0 ",0
"ldr r0, [0x000239b0] ",0
"ldrb r0, [sb, r0] ",0
"cmp r0, 0 ",0
"movne r0, 1 ",0
"moveq r0, 0 ",0
"mov r0, r0 ",0
"cmp r0, 0 ",0
bne 0x233e0 ,0
"mov r0, r0 ",0
"mov r0, r0 ",0
"ldrb r0, [sb, 0xacc] ",0
"mov r0, r0 ",0
"mov r0, r0 ",0
"cmp r0, 0 ",0
bne 0x233cc ,0
"mov r0, r0 ",0
"mov r0, r0 ",0
"ldr r0, [0x000239ac] ",0
"ldrb r0, [sb, r0] ",0
"eor r0, r0, 1 ",0
"mov r0, r0 ",0
"mov r0, r0 ",0
"cmp r0, 0 ",0
bne 0x23294 ,0
"mov r0, r0 ",0
"mov r0, r0 ",0
"mov r0, 0 ",0
"mov r0, r0 ",0
"ldr r1, [0x000239a8] ",0
"strb r0, [sb, r1] ",0
"mov r0, r0 ",0
"mov r0, 0 ",0
"mov r0, r0 ",0
"ldr r1, [0x000239a4] ",0
"strb r0, [sb, r1] ",0
"mov r0, r0 ",0
"mov r0, 1 ",0
"mov r0, r0 ",0
"ldr r1, [0x000239a0] ",0
"ldr r1, [sb, r1] ",0
"strb r0, [r1, 0x4a6] ",0
"mov r0, r0 ",0
"ldr r0, [0x0002399c] ",0
"mov r0, r0 ",0
"ldr r1, [0x000239a0] ",0
"ldr r1, [sb, r1] ",0
"str r0, [r1, 0x4a8] ",0
"mov r0, r0 ",0
"ldr r0, [0x000239a8] ",0
"ldrb r0, [sb, r0] ",0
"mov r0, r0 ",0
"str r0, [sb, 0x960] ",0
"mov r0, r0 ",0
"mov r0, 1 ",0
"mov r0, r0 ",0
"strb r0, [sb, 0xacc] ",0
"mov r0, r0 ",0
"mov r0, 1 ",0
"mov r0, r0 ",0
"ldr r1, [0x000239b0] ",0
"strb r0, [sb, r1] ",0
b 0x233c8 ,0
"mov r0, r0 ",0
"mov r0, r0 ",0
"mov r0, r0 ",0
"ldr r0, [0x00023998] ",0
"ldrb r0, [sb, r0] ",0
"eor r0, r0, 1 ",0
"mov r0, r0 ",0
"mov r0, r0 ",0
"cmp r0, 0 ",0
bne 0x233c4 ,0
"mov r0, r0 ",0
"mov r0, r0 ",0
"mov r0, 0 ",0
"mov r0, r0 ",0
"ldr r1, [0x000239a8] ",0
"strb r0, [sb, r1] ",0
"mov r0, r0 ",0
"str sb, [sp, -4]! ",0
"str r8, [sp, -4]! ",0
"str lr, [sp, -4]! ",0
"ldr r8, [0x00023994] ",0
"ldr r8, [r8] ",0
"mov lr, pc ",0
"mov pc, r8 ",0
"mov r0, r0 ",0
pop {lr} ,0
pop {r8} ,0
pop {sb} ,0
"mov r0, r0 ",0
"ldr r0, [0x000239a8] ",0
"ldrb r0, [sb, r0] ",0
"ldr r1, [0x00023990] ",0
"ldrb r1, [sb, r1] ",0
"cmp r0, r1 ",0
"movls r0, 1 ",0
"movhi r0, 0 ",0
"mov r0, r0 ",0
"mov r0, r0 ",0
"cmp r0, 0 ",0
bne 0x23354 ,0
"mov r0, r0 ",0
"mov r0, r0 ",0
"mov r0, 0 ",0
"mov r0, r0 ",0
"ldr r1, [0x00023998] ",0
"strb r0, [sb, r1] ",0
"mov r0, r0 ",0
b 0x233c0 ,0
"mov r0, r0 ",0
"mov r0, r0 ",0
"mov r0, r0 ",0
"mov r0, 3 ",0
"mov r0, r0 ",0
"ldr r1, [0x000239a0] ",0
"ldr r1, [sb, r1] ",0
"strb r0, [r1, 0x4a6] ",0
"mov r0, r0 ",0
"ldr r0, [0x0002398c] ",0
"mov r0, r0 ",0
"ldr r1, [0x000239a0] ",0
"ldr r1, [sb, r1] ",0
"str r0, [r1, 0x4a8] ",0
"mov r0, r0 ",0
"ldr r0, [0x000239a8] ",0
"ldrb r0, [sb, r0] ",0
"mov r0, r0 ",0
"str r0, [sb, 0x960] ",0
"mov r0, r0 ",0
"mov r0, 1 ",0
"mov r0, r0 ",0
"strb r0, [sb, 0xacc] ",0
"mov r0, r0 ",0
"mov r0, 2 ",0
"mov r0, r0 ",0
"ldr r1, [0x000239b0] ",0
"strb r0, [sb, r1] ",0
"mov r0, r0 ",0
"mov r0, r0 ",0
"mov r0, r0 ",0
"mov r0, r0 ",0
"mov r0, r0 ",0
"mov r0, r0 ",0
b 0x238e4 ,0
"mov r0, r0 ",0
"mov r0, r0 ",0
"mov r0, r0 ",0
"ldr r0, [0x000239b0] ",0
"ldrb r0, [sb, r0] ",0
"cmp r0, 1 ",0
"movne r0, 1 ",0
"moveq r0, 0 ",0
"mov r0, r0 ",0
"cmp r0, 0 ",0
bne 0x235b0 ,0
"mov r0, r0 ",0
"mov r0, r0 ",0
"ldr r0, [0x000239ac] ",0
"ldrb r0, [sb, r0] ",0
"mov r0, r0 ",0
"mov r0, r0 ",0
"cmp r0, 0 ",0
bne 0x2344c ,0
"mov r0, r0 ",0
"mov r0, r0 ",0
"mov r0, 0 ",0
"mov r0, r0 ",0
"ldr r1, [0x000239b0] ",0
"strb r0, [sb, r1] ",0
"mov r0, r0 ",0
b 0x235a0 ,0
"mov r0, r0 ",0
"mov r0, r0 ",0
"mov r0, r0 ",0
"ldrb r0, [sb, 0xacc] ",0
"mov r0, r0 ",0
"mov r0, r0 ",0
"cmp r0, 0 ",0
bne 0x23598 ,0
"mov r0, r0 ",0
"mov r0, r0 ",0
"str sb, [sp, -4]! ",0
"str r8, [sp, -4]! ",0
"str lr, [sp, -4]! ",0
"ldr r8, [0x00023988] ",0
"ldr r8, [r8] ",0
"mov lr, pc ",0
"mov pc, r8 ",0
"mov r0, r0 ",0
pop {lr} ,0
pop {r8} ,0
pop {sb} ,0
"mov r0, r0 ",0
"str sb, [sp, -4]! ",0
"str r8, [sp, -4]! ",0
"str lr, [sp, -4]! ",0
"ldr r8, [0x00023984] ",0
"ldr r8, [r8] ",0
"mov lr, pc ",0
"mov pc, r8 ",0
"mov r0, r0 ",0
pop {lr} ,0
pop {r8} ,0
pop {sb} ,0
"mov r0, r0 ",0
"ldr r0, [0x000239a8] ",0
"ldrb r0, [sb, r0] ",0
"add r0, r0, 1 ",0
"mov r0, r0 ",0
"ldr r1, [0x000239a8] ",0
"strb r0, [sb, r1] ",0
"mov r0, r0 ",0
"ldr r0, [0x000239a8] ",0
"ldrb r0, [sb, r0] ",0
"ldr r1, [0x00023990] ",0
"ldrb r1, [sb, r1] ",0
"cmp r0, r1 ",0
"movls r0, 1 ",0
"movhi r0, 0 ",0
"mov r0, r0 ",0
"mov r0, r0 ",0
"cmp r0, 0 ",0
bne 0x2356c ,0
"mov r0, r0 ",0
"mov r0, r0 ",0
"ldr r0, [0x000239a4] ",0
"ldrb r0, [sb, r0] ",0
"mov r0, r0 ",0
"ldr r1, [0x00023980] ",0
"strb r0, [sb, r1] ",0
"mov r0, r0 ",0
"ldr r0, [0x0002397c] ",0
"ldrb r0, [sb, r0] ",0
"mov r0, r0 ",0
"ldr r1, [0x000239ac] ",0
"strb r0, [sb, r1] ",0
"mov r0, r0 ",0
"mov r0, 0 ",0
"mov r0, r0 ",0
"ldr r1, [0x000239b0] ",0
"strb r0, [sb, r1] ",0
"mov r0, r0 ",0
b 0x23594 ,0
"mov r0, r0 ",0
"mov r0, r0 ",0
"mov r0, r0 ",0
"ldr r0, [0x000239a8] ",0
"ldrb r0, [sb, r0] ",0
"mov r0, r0 ",0
"str r0, [sb, 0x960] ",0
"mov r0, r0 ",0
"mov r0, 1 ",0
"mov r0, r0 ",0
"strb r0, [sb, 0xacc] ",0
"mov r0, r0 ",0
"mov r0, r0 ",0
"mov r0, r0 ",0
"mov r0, r0 ",0
"mov r0, r0 ",0
b 0x238e4 ,0
"mov r0, r0 ",0
"mov r0, r0 ",0
"mov r0, r0 ",0
"ldr r0, [0x000239b0] ",0
"ldrb r0, [sb, r0] ",0
"cmp r0, 2 ",0
"movne r0, 1 ",0
"moveq r0, 0 ",0
"mov r0, r0 ",0
"cmp r0, 0 ",0
bne 0x237f4 ,0
"mov r0, r0 ",0
"mov r0, r0 ",0
"ldr r0, [0x00023998] ",0
"ldrb r0, [sb, r0] ",0
"eor r0, r0, 1 ",0
"ldr r1, [0x000239ac] ",0
"ldrb r1, [sb, r1] ",0
"orr r0, r0, r1 ",0
"eor r0, r0, 1 ",0
"mov r0, r0 ",0
"mov r0, r0 ",0
"cmp r0, 0 ",0
bne 0x23630 ,0
"mov r0, r0 ",0
"mov r0, r0 ",0
"mov r0, 0 ",0
"mov r0, r0 ",0
"ldr r1, [0x000239b0] ",0
"strb r0, [sb, r1] ",0
"mov r0, r0 ",0
b 0x237e4 ,0
"mov r0, r0 ",0
"mov r0, r0 ",0
"mov r0, r0 ",0
"ldrb r0, [sb, 0xacc] ",0
"mov r0, r0 ",0
"mov r0, r0 ",0
"cmp r0, 0 ",0
bne 0x237dc ,0
"mov r0, r0 ",0
"mov r0, r0 ",0
"str sb, [sp, -4]! ",0
"str r8, [sp, -4]! ",0
"str lr, [sp, -4]! ",0
"ldr r8, [0x00023988] ",0
"ldr r8, [r8] ",0
"mov lr, pc ",0
"mov pc, r8 ",0
"mov r0, r0 ",0
pop {lr} ,0
pop {r8} ,0
pop {sb} ,0
"mov r0, r0 ",0
"str sb, [sp, -4]! ",0
"str r8, [sp, -4]! ",0
"str lr, [sp, -4]! ",0
"ldr r8, [0x00023984] ",0
"ldr r8, [r8] ",0
"mov lr, pc ",0
"mov pc, r8 ",0
"mov r0, r0 ",0
pop {lr} ,0
pop {r8} ,0
pop {sb} ,0
"mov r0, r0 ",0
"ldr r0, [0x000239a8] ",0
"ldrb r0, [sb, r0] ",0
"add r0, r0, 1 ",0
"mov r0, r0 ",0
"ldr r1, [0x000239a8] ",0
"strb r0, [sb, r1] ",0
"mov r0, r0 ",0
"str sb, [sp, -4]! ",0
"str r8, [sp, -4]! ",0
"str lr, [sp, -4]! ",0
"ldr r8, [0x00023994] ",0
"ldr r8, [r8] ",0
"mov lr, pc ",0
"mov pc, r8 ",0
"mov r0, r0 ",0
pop {lr} ,0
pop {r8} ,0
pop {sb} ,0
"mov r0, r0 ",0
"ldr r0, [0x000239a8] ",0
"ldrb r0, [sb, r0] ",0
"ldr r1, [0x00023990] ",0
"ldrb r1, [sb, r1] ",0
"cmp r0, r1 ",0
"movls r0, 1 ",0
"movhi r0, 0 ",0
"mov r0, r0 ",0
"mov r0, r0 ",0
"cmp r0, 0 ",0
bne 0x237b0 ,0
"mov r0, r0 ",0
"mov r0, r0 ",0
"mov r0, 3 ",0
"mov r0, r0 ",0
"ldr r1, [0x000239b0] ",0
"strb r0, [sb, r1] ",0
"mov r0, r0 ",0
"mov r0, 0 ",0
"ldr r1, [0x00023978] ",0
"strb r0, [sb, r1] ",0
"ldr r0, [0x00023974] ",0
"ldr r0, [sb, r0] ",0
"ldr r1, [0x00023970] ",0
"str r0, [sb, r1] ",0
"mov r0, r0 ",0
"str r0, [sp, -4]! ",0
"ldr r1, [0x0002396c] ",0
"add r0, sb, r1 ",0
"str sb, [sp, -4]! ",0
"str r8, [sp, -4]! ",0
"str lr, [sp, -4]! ",0
"ldr r8, [0x00023968] ",0
"ldr r8, [r8] ",0
"mov lr, pc ",0
"mov pc, r8 ",0
"mov r0, r0 ",0
pop {lr} ,0
pop {r8} ,0
pop {sb} ,0
pop {r0} ,0
"mov r0, r0 ",0
b 0x237d8 ,0
"mov r0, r0 ",0
"mov r0, r0 ",0
"mov r0, r0 ",0
"ldr r0, [0x000239a8] ",0
"ldrb r0, [sb, r0] ",0
"mov r0, r0 ",0
"str r0, [sb, 0x960] ",0
"mov r0, r0 ",0
"mov r0, 1 ",0
"mov r0, r0 ",0
"strb r0, [sb, 0xacc] ",0
"mov r0, r0 ",0
"mov r0, r0 ",0
"mov r0, r0 ",0
"mov r0, r0 ",0
"mov r0, r0 ",0
b 0x238e4 ,0
"mov r0, r0 ",0
"mov r0, r0 ",0
"mov r0, r0 ",0
"ldr r0, [0x000239b0] ",0
"ldrb r0, [sb, r0] ",0
"cmp r0, 3 ",0
"movne r0, 1 ",0
"moveq r0, 0 ",0
"mov r0, r0 ",0
"cmp r0, 0 ",0
bne 0x238cc ,0
"mov r0, r0 ",0
"mov r0, r0 ",0
"mov r0, 1 ",0
"ldr r1, [0x00023978] ",0
"strb r0, [sb, r1] ",0
"ldr r0, [0x00023974] ",0
"ldr r0, [sb, r0] ",0
"ldr r1, [0x00023970] ",0
"str r0, [sb, r1] ",0
"mov r0, r0 ",0
"str r0, [sp, -4]! ",0
"ldr r1, [0x0002396c] ",0
"add r0, sb, r1 ",0
"str sb, [sp, -4]! ",0
"str r8, [sp, -4]! ",0
"str lr, [sp, -4]! ",0
"ldr r8, [0x00023968] ",0
"ldr r8, [r8] ",0
"mov lr, pc ",0
"mov pc, r8 ",0
"mov r0, r0 ",0
pop {lr} ,0
pop {r8} ,0
pop {sb} ,0
pop {r0} ,0
"mov r0, r0 ",0
"ldr r0, [0x00023964] ",0
"ldrb r0, [sb, r0] ",0
"eor r0, r0, 1 ",0
"mov r0, r0 ",0
"mov r0, r0 ",0
"cmp r0, 0 ",0
bne 0x238b8 ,0
"mov r0, r0 ",0
"mov r0, r0 ",0
"mov r0, 0 ",0
"mov r0, r0 ",0
"ldr r1, [0x000239b0] ",0
"strb r0, [sb, r1] ",0
"mov r0, r0 ",0
"mov r0, r0 ",0
"mov r0, r0 ",0
b 0x238e4 ,0
"mov r0, r0 ",0
"mov r0, r0 ",0
"mov r0, r0 ",0
"mov r0, 0 ",0
"mov r0, r0 ",0
"ldr r1, [0x000239b0] ",0
"strb r0, [sb, r1] ",0
"mov r0, r0 ",0
"mov r0, r0 ",0
"ldr r0, [0x000239a0] ",0
"ldr r0, [sb, r0] ",0
"add r0, r0, 4 ",0
"str r0, [sb, 0xac4] ",0
"ldr r1, [0x00023960] ",0
"add r0, sb, r1 ",0
"str r0, [sb, 0xac8] ",0
"mov r0, r0 ",0
"str sb, [sp, -4]! ",0
"mov sb, sb ",0
"str sb, [sp, -4]! ",0
"str r8, [sp, -4]! ",0
"str lr, [sp, -4]! ",0
"ldr r8, [0x0002395c] ",0
"ldr r8, [r8] ",0
"mov lr, pc ",0
"mov pc, r8 ",0
"mov r0, r0 ",0
pop {lr} ,0
pop {r8} ,0
pop {sb} ,0
pop {sb} ,0
"mov r0, r0 ",0
"mov r0, r0 ",0
"ldr r1, [0x000239b4] ",0
pop {r0} ,0
"str r0, [r1] ",0
"ldmdb fp, {fp, sp, pc} ",0
"andeq r0, r0, r8, rrx ",1
"andeq r0, r0, ip, asr 21 ",1
"andeq sp, r1, r4, ror 19 ",1
"andeq r0, r0, r8, lsl 6 ",1
"ldrdeq sp, lr, [r1], -r4 ",1
"andeq sp, r1, r0, ror 19 ",1
"andeq sp, r1, r0, asr 20 ",1
"ldrdeq sp, lr, [r1], -ip ",1
"andeq sp, r1, pc, lsr sl ",1
"andeq sp, r1, r6, asr 20 ",1
"strheq r0, [r0], -r4 ",1
"strheq r0, [r0], -r0 ",1
"andeq r0, r0, r8, ror 7 ",1
"andeq sp, r1, lr, lsr sl ",1
"andeq r0, r0, ip, lsr 7 ",1
"andeq sp, r1, r4, asr 20 ",1
"strdeq r0, r1, [r0], -r4 ",1
"andeq sp, r1, ip, asr 20 ",1
"ldrdeq sp, lr, [r1], -r2 ",1
"ldrdeq sp, lr, [r1], -r1 ",1
"andeq sp, r1, r5, asr 20 ",1
"ldrdeq sp, lr, [r1], -r0 ",1
"ldrdeq r2, r3, [r0], -r8 ",1
"mov ip, sp ",0
"push {fp, ip, lr} ",0
"mov fp, ip ",0
"ldr r1, [0x00024428] ",0
"ldr r1, [r1] ",0
"str r1, [sp, -4]! ",0
"str r0, [sp, -4]! ",0
"ldr r8, [0x00024424] ",0
"ldrb r1, [r8] ",0
"str r0, [sp, -4]! ",0
"str sb, [sp, -4]! ",0
"mov sb, sb ",0
"mov r0, r1 ",0
"str r1, [sp, -4]! ",0
"str sb, [sp, -4]! ",0
"str r8, [sp, -4]! ",0
"str lr, [sp, -4]! ",0
"ldr r8, [0x00024420] ",0
"ldr r8, [r8] ",0
"mov lr, pc ",0
"mov pc, r8 ",0
"mov r0, r0 ",0
pop {lr} ,0
pop {r8} ,0
pop {sb} ,0
pop {r1} ,0
pop {sb} ,0
pop {r0} ,0
"mov r1, r0 ",0
"strb r1, [r8, -0x5e2] ",0
"mov r1, 0 ",0
"strb r1, [sb, 0xacc] ",0
"mov r1, 0 ",0
"ldr r8, [0x00024428] ",0
"str r1, [r8] ",0
"mov r0, r0 ",0
"ldr r8, [0x00024428] ",0
"ldr r1, [r8] ",0
"mov r2, 0xff ",0
"cmp r1, r2 ",0
"movgt r1, 1 ",0
"movle r1, 0 ",0
"cmp r1, 0 ",0
bne 0x23a98 ,0
"mov r0, r0 ",0
"mov r0, 0 ",0
"ldr r8, [0x00024428] ",0
"ldr r1, [r8] ",0
"ldr r2, [0x0002441c] ",0
"add r2, r2, r1 ",0
"strb r0, [sb, r2] ",0
"ldr r0, [r8] ",0
"add r0, r0, 1 ",0
"str r0, [r8] ",0
b 0x23a44 ,0
"mov r0, r0 ",0
"mov r0, r0 ",0
"mov r0, 0 ",0
"ldr r8, [0x00024428] ",0
"str r0, [r8] ",0
"mov r0, r0 ",0
"ldr r8, [0x00024428] ",0
"ldr r0, [r8] ",0
"mov r1, 0xff ",0
"cmp r0, r1 ",0
"movgt r0, 1 ",0
"movle r0, 0 ",0
"cmp r0, 0 ",0
bne 0x23afc ,0
"mov r0, r0 ",0
"mov r0, 0 ",0
"ldr r8, [0x00024428] ",0
"ldr r1, [r8] ",0
"ldr r2, [0x00024418] ",0
"add r2, r2, r1 ",0
"strb r0, [sb, r2] ",0
"ldr r0, [r8] ",0
"add r0, r0, 1 ",0
"str r0, [r8] ",0
b 0x23aa8 ,0
"mov r0, r0 ",0
"mov r0, r0 ",0
"mov r0, 0 ",0
"ldr r8, [0x00024428] ",0
"str r0, [r8] ",0
"mov r0, r0 ",0
"ldr r8, [0x00024428] ",0
"ldr r0, [r8] ",0
"mov r1, 0xff ",0
"cmp r0, r1 ",0
"movgt r0, 1 ",0
"movle r0, 0 ",0
"cmp r0, 0 ",0
bne 0x23b60 ,0
"mov r0, r0 ",0
"mov r0, 0 ",0
"ldr r8, [0x00024428] ",0
"ldr r1, [r8] ",0
"ldr r2, [0x00024414] ",0
"add r2, r2, r1 ",0
"strb r0, [sb, r2] ",0
"ldr r0, [r8] ",0
"add r0, r0, 1 ",0
"str r0, [r8] ",0
b 0x23b0c ,0
"mov r0, r0 ",0
"mov r0, r0 ",0
"mov r0, 0 ",0
"ldr r8, [0x00024428] ",0
"str r0, [r8] ",0
"mov r0, r0 ",0
"ldr r8, [0x00024428] ",0
"ldr r0, [r8] ",0
"mov r1, 0xff ",0
"cmp r0, r1 ",0
"movgt r0, 1 ",0
"movle r0, 0 ",0
"cmp r0, 0 ",0
bne 0x23bc8 ,0
"mov r0, r0 ",0
"mov r0, 0 ",0
"ldr r8, [0x00024428] ",0
"ldr r1, [r8] ",0
"lsl r1, r1, 2 ",0
"ldr r2, [0x00024410] ",0
"add r2, r2, r1 ",0
"str r0, [sb, r2] ",0
"ldr r0, [r8] ",0
"add r0, r0, 1 ",0
"str r0, [r8] ",0
b 0x23b70 ,0
"mov r0, r0 ",0
"mov r0, r0 ",0
"mov r0, 0 ",0
"ldr r8, [0x00024428] ",0
"str r0, [r8] ",0
"mov r0, r0 ",0
"ldr r8, [0x00024428] ",0
"ldr r0, [r8] ",0
"mov r1, 0xff ",0
"cmp r0, r1 ",0
"movgt r0, 1 ",0
"movle r0, 0 ",0
"cmp r0, 0 ",0
bne 0x23c80 ,0
"mov r0, r0 ",0
"ldr r8, [0x00024424] ",0
"ldrb r0, [r8] ",0
"str r0, [sp, -4]! ",0
"str sb, [sp, -4]! ",0
"ldr r8, [0x00024428] ",0
"ldr r1, [r8] ",0
"mov r2, 0x24 ",0
"mul r1, r1, r2 ",0
"add sb, sb, r1 ",0
"ldr r2, [0x0002440c] ",0
"add sb, sb, r2 ",0
"str sb, [sp, -4]! ",0
"str r8, [sp, -4]! ",0
"str lr, [sp, -4]! ",0
"ldr r8, [0x00024408] ",0
"ldr r8, [r8] ",0
"mov lr, pc ",0
"mov pc, r8 ",0
"mov r0, r0 ",0
pop {lr} ,0
pop {r8} ,0
pop {sb} ,0
pop {sb} ,0
pop {r0} ,0
"ldr r8, [0x00024404] ",0
"strb r0, [r8] ",0
"ldr r8, [0x00024428] ",0
"ldr r0, [r8] ",0
"add r0, r0, 1 ",0
"str r0, [r8] ",0
b 0x23bd8 ,0
"mov r0, r0 ",0
"mov r0, r0 ",0
"mov r0, 0 ",0
"ldr r8, [0x00024428] ",0
"str r0, [r8] ",0
"mov r0, r0 ",0
"ldr r8, [0x00024428] ",0
"ldr r0, [r8] ",0
"mov r1, 0xff ",0
"cmp r0, r1 ",0
"movgt r0, 1 ",0
"movle r0, 0 ",0
"cmp r0, 0 ",0
bne 0x23d38 ,0
"mov r0, r0 ",0
"ldr r8, [0x00024424] ",0
"ldrb r0, [r8] ",0
"str r0, [sp, -4]! ",0
"str sb, [sp, -4]! ",0
"ldr r8, [0x00024428] ",0
"ldr r1, [r8] ",0
"mov r2, 0x2c ",0
"mul r1, r1, r2 ",0
"add sb, sb, r1 ",0
"ldr r2, [0x00024400] ",0
"add sb, sb, r2 ",0
"str sb, [sp, -4]! ",0
"str r8, [sp, -4]! ",0
"str lr, [sp, -4]! ",0
"ldr r8, [0x000243fc] ",0
"ldr r8, [r8] ",0
"mov lr, pc ",0
"mov pc, r8 ",0
"mov r0, r0 ",0
pop {lr} ,0
pop {r8} ,0
pop {sb} ,0
pop {sb} ,0
pop {r0} ,0
"ldr r8, [0x00024404] ",0
"strb r0, [r8] ",0
"ldr r8, [0x00024428] ",0
"ldr r0, [r8] ",0
"add r0, r0, 1 ",0
"str r0, [r8] ",0
b 0x23c90 ,0
"mov r0, r0 ",0
"mov r0, r0 ",0
"mov r0, 0 ",0
"ldr r8, [0x00024428] ",0
"str r0, [r8] ",0
"mov r0, r0 ",0
"ldr r8, [0x00024428] ",0
"ldr r0, [r8] ",0
"mov r1, 0xff ",0
"cmp r0, r1 ",0
"movgt r0, 1 ",0
"movle r0, 0 ",0
"cmp r0, 0 ",0
bne 0x23df0 ,0
"mov r0, r0 ",0
"ldr r8, [0x00024424] ",0
"ldrb r0, [r8] ",0
"str r0, [sp, -4]! ",0
"str sb, [sp, -4]! ",0
"ldr r8, [0x00024428] ",0
"ldr r1, [r8] ",0
"mov r2, 0x2c ",0
"mul r1, r1, r2 ",0
"add sb, sb, r1 ",0
"ldr r2, [0x000243f8] ",0
"add sb, sb, r2 ",0
"str sb, [sp, -4]! ",0
"str r8, [sp, -4]! ",0
"str lr, [sp, -4]! ",0
"ldr r8, [0x000243fc] ",0
"ldr r8, [r8] ",0
"mov lr, pc ",0
"mov pc, r8 ",0
"mov r0, r0 ",0
pop {lr} ,0
pop {r8} ,0
pop {sb} ,0
pop {sb} ,0
pop {r0} ,0
"ldr r8, [0x00024404] ",0
"strb r0, [r8] ",0
"ldr r8, [0x00024428] ",0
"ldr r0, [r8] ",0
"add r0, r0, 1 ",0
"str r0, [r8] ",0
b 0x23d48 ,0
"mov r0, r0 ",0
"mov r0, r0 ",0
"mov r0, 0 ",0
"ldr r8, [0x00024428] ",0
"str r0, [r8] ",0
"mov r0, r0 ",0
"ldr r8, [0x00024428] ",0
"ldr r0, [r8] ",0
"mov r1, 0xff ",0
"cmp r0, r1 ",0
"movgt r0, 1 ",0
"movle r0, 0 ",0
"cmp r0, 0 ",0
bne 0x23ea8 ,0
"mov r0, r0 ",0
"ldr r8, [0x00024424] ",0
"ldrb r0, [r8] ",0
"str r0, [sp, -4]! ",0
"str sb, [sp, -4]! ",0
"ldr r8, [0x00024428] ",0
"ldr r1, [r8] ",0
"mov r2, 0x2c ",0
"mul r1, r1, r2 ",0
"add sb, sb, r1 ",0
"ldr r2, [0x000243f4] ",0
"add sb, sb, r2 ",0
"str sb, [sp, -4]! ",0
"str r8, [sp, -4]! ",0
"str lr, [sp, -4]! ",0
"ldr r8, [0x000243fc] ",0
"ldr r8, [r8] ",0
"mov lr, pc ",0
"mov pc, r8 ",0
"mov r0, r0 ",0
pop {lr} ,0
pop {r8} ,0
pop {sb} ,0
pop {sb} ,0
pop {r0} ,0
"ldr r8, [0x00024404] ",0
"strb r0, [r8] ",0
"ldr r8, [0x00024428] ",0
"ldr r0, [r8] ",0
"add r0, r0, 1 ",0
"str r0, [r8] ",0
b 0x23e00 ,0
"mov r0, r0 ",0
"mov r0, r0 ",0
"mov r0, 0 ",0
"ldr r8, [0x00024428] ",0
"str r0, [r8] ",0
"mov r0, r0 ",0
"ldr r8, [0x00024428] ",0
"ldr r0, [r8] ",0
"mov r1, 0xff ",0
"cmp r0, r1 ",0
"movgt r0, 1 ",0
"movle r0, 0 ",0
"cmp r0, 0 ",0
bne 0x23f60 ,0
"mov r0, r0 ",0
"ldr r8, [0x00024424] ",0
"ldrb r0, [r8] ",0
"str r0, [sp, -4]! ",0
"str sb, [sp, -4]! ",0
"ldr r8, [0x00024428] ",0
"ldr r1, [r8] ",0
"mov r2, 0x2c ",0
"mul r1, r1, r2 ",0
"add sb, sb, r1 ",0
"ldr r2, [0x000243f0] ",0
"add sb, sb, r2 ",0
"str sb, [sp, -4]! ",0
"str r8, [sp, -4]! ",0
"str lr, [sp, -4]! ",0
"ldr r8, [0x000243fc] ",0
"ldr r8, [r8] ",0
"mov lr, pc ",0
"mov pc, r8 ",0
"mov r0, r0 ",0
pop {lr} ,0
pop {r8} ,0
pop {sb} ,0
pop {sb} ,0
pop {r0} ,0
"ldr r8, [0x00024404] ",0
"strb r0, [r8] ",0
"ldr r8, [0x00024428] ",0
"ldr r0, [r8] ",0
"add r0, r0, 1 ",0
"str r0, [r8] ",0
b 0x23eb8 ,0
"mov r0, r0 ",0
"mov r0, r0 ",0
"mov r0, 0 ",0
"ldr r8, [0x00024428] ",0
"str r0, [r8] ",0
"mov r0, r0 ",0
"ldr r8, [0x00024428] ",0
"ldr r0, [r8] ",0
"mov r1, 0xff ",0
"cmp r0, r1 ",0
"movgt r0, 1 ",0
"movle r0, 0 ",0
"cmp r0, 0 ",0
bne 0x24018 ,0
"mov r0, r0 ",0
"ldr r8, [0x00024424] ",0
"ldrb r0, [r8] ",0
"str r0, [sp, -4]! ",0
"str sb, [sp, -4]! ",0
"ldr r8, [0x00024428] ",0
"ldr r1, [r8] ",0
"mov r2, 0x2c ",0
"mul r1, r1, r2 ",0
"add sb, sb, r1 ",0
"ldr r2, [0x000243ec] ",0
"add sb, sb, r2 ",0
"str sb, [sp, -4]! ",0
"str r8, [sp, -4]! ",0
"str lr, [sp, -4]! ",0
"ldr r8, [0x000243fc] ",0
"ldr r8, [r8] ",0
"mov lr, pc ",0
"mov pc, r8 ",0
"mov r0, r0 ",0
pop {lr} ,0
pop {r8} ,0
pop {sb} ,0
pop {sb} ,0
pop {r0} ,0
"ldr r8, [0x00024404] ",0
"strb r0, [r8] ",0
"ldr r8, [0x00024428] ",0
"ldr r0, [r8] ",0
"add r0, r0, 1 ",0
"str r0, [r8] ",0
b 0x23f70 ,0
"mov r0, r0 ",0
"mov r0, r0 ",0
"mov r0, 0 ",0
"ldr r8, [0x00024428] ",0
"str r0, [r8] ",0
"mov r0, r0 ",0
"ldr r8, [0x00024428] ",0
"ldr r0, [r8] ",0
"mov r1, 0xff ",0
"cmp r0, r1 ",0
"movgt r0, 1 ",0
"movle r0, 0 ",0
"cmp r0, 0 ",0
bne 0x240d0 ,0
"mov r0, r0 ",0
"ldr r8, [0x00024424] ",0
"ldrb r0, [r8] ",0
"str r0, [sp, -4]! ",0
"str sb, [sp, -4]! ",0
"ldr r8, [0x00024428] ",0
"ldr r1, [r8] ",0
"mov r2, 0x2c ",0
"mul r1, r1, r2 ",0
"add sb, sb, r1 ",0
"ldr r2, [0x000243e8] ",0
"add sb, sb, r2 ",0
"str sb, [sp, -4]! ",0
"str r8, [sp, -4]! ",0
"str lr, [sp, -4]! ",0
"ldr r8, [0x000243fc] ",0
"ldr r8, [r8] ",0
"mov lr, pc ",0
"mov pc, r8 ",0
"mov r0, r0 ",0
pop {lr} ,0
pop {r8} ,0
pop {sb} ,0
pop {sb} ,0
pop {r0} ,0
"ldr r8, [0x00024404] ",0
"strb r0, [r8] ",0
"ldr r8, [0x00024428] ",0
"ldr r0, [r8] ",0
"add r0, r0, 1 ",0
"str r0, [r8] ",0
b 0x24028 ,0
"mov r0, r0 ",0
"mov r0, r0 ",0
"mov r0, 0 ",0
"ldr r8, [0x00024428] ",0
"str r0, [r8] ",0
"mov r0, r0 ",0
"ldr r8, [0x00024428] ",0
"ldr r0, [r8] ",0
"mov r1, 0xff ",0
"cmp r0, r1 ",0
"movgt r0, 1 ",0
"movle r0, 0 ",0
"cmp r0, 0 ",0
bne 0x24188 ,0
"mov r0, r0 ",0
"ldr r8, [0x00024424] ",0
"ldrb r0, [r8] ",0
"str r0, [sp, -4]! ",0
"str sb, [sp, -4]! ",0
"ldr r8, [0x00024428] ",0
"ldr r1, [r8] ",0
"mov r2, 0x2c ",0
"mul r1, r1, r2 ",0
"add sb, sb, r1 ",0
"ldr r2, [0x000243e4] ",0
"add sb, sb, r2 ",0
"str sb, [sp, -4]! ",0
"str r8, [sp, -4]! ",0
"str lr, [sp, -4]! ",0
"ldr r8, [0x000243fc] ",0
"ldr r8, [r8] ",0
"mov lr, pc ",0
"mov pc, r8 ",0
"mov r0, r0 ",0
pop {lr} ,0
pop {r8} ,0
pop {sb} ,0
pop {sb} ,0
pop {r0} ,0
"ldr r8, [0x00024404] ",0
"strb r0, [r8] ",0
"ldr r8, [0x00024428] ",0
"ldr r0, [r8] ",0
"add r0, r0, 1 ",0
"str r0, [r8] ",0
b 0x240e0 ,0
"mov r0, r0 ",0
"mov r0, r0 ",0
"mov r0, 0 ",0
"ldr r8, [0x00024428] ",0
"str r0, [r8] ",0
"mov r0, r0 ",0
"ldr r8, [0x00024428] ",0
"ldr r0, [r8] ",0
"mov r1, 0xff ",0
"cmp r0, r1 ",0
"movgt r0, 1 ",0
"movle r0, 0 ",0
"cmp r0, 0 ",0
bne 0x24240 ,0
"mov r0, r0 ",0
"ldr r8, [0x00024424] ",0
"ldrb r0, [r8] ",0
"str r0, [sp, -4]! ",0
"str sb, [sp, -4]! ",0
"ldr r8, [0x00024428] ",0
"ldr r1, [r8] ",0
"mov r2, 0x70 ",0
"mul r1, r1, r2 ",0
"add sb, sb, r1 ",0
"ldr r2, [0x000243e0] ",0
"add sb, sb, r2 ",0
"str sb, [sp, -4]! ",0
"str r8, [sp, -4]! ",0
"str lr, [sp, -4]! ",0
"ldr r8, [0x000243dc] ",0
"ldr r8, [r8] ",0
"mov lr, pc ",0
"mov pc, r8 ",0
"mov r0, r0 ",0
pop {lr} ,0
pop {r8} ,0
pop {sb} ,0
pop {sb} ,0
pop {r0} ,0
"ldr r8, [0x00024404] ",0
"strb r0, [r8] ",0
"ldr r8, [0x00024428] ",0
"ldr r0, [r8] ",0
"add r0, r0, 1 ",0
"str r0, [r8] ",0
b 0x24198 ,0
"mov r0, r0 ",0
"mov r0, r0 ",0
"mov r0, 0 ",0
"ldr r1, [0x000243d8] ",0
"strb r0, [sb, r1] ",0
"mov r0, 0 ",0
"ldr r1, [0x000243d4] ",0
"strb r0, [sb, r1] ",0
"mov r0, 0 ",0
"ldr r1, [0x000243d0] ",0
"strb r0, [sb, r1] ",0
"ldr r8, [0x00024424] ",0
"ldrb r0, [r8] ",0
"str r0, [sp, -4]! ",0
"ldr r2, [0x000243cc] ",0
"add r0, sb, r2 ",0
"mov r1, r0 ",0
"str sb, [sp, -4]! ",0
"str r8, [sp, -4]! ",0
"str lr, [sp, -4]! ",0
"ldr r8, [0x000243c8] ",0
"ldr r8, [r8] ",0
"mov lr, pc ",0
"mov pc, r8 ",0
"mov r0, r0 ",0
pop {lr} ,0
pop {r8} ,0
pop {sb} ,0
pop {r0} ,0
"strb r0, [r8, -0x5e2] ",0
"mov r1, lr ",0
bl 0x242c0 ,0
"andeq r0, r0, r0 ",0
"mov r0, lr ",0
"mov lr, r1 ",0
"ldr r2, [0x000243c4] ",0
"add r1, sb, r2 ",0
"mov r3, 0 ",0
"mov r0, r0 ",0
"mov r2, 1 ",0
"cmp r3, r2 ",0
"movhs r2, 1 ",0
"movlo r2, 0 ",0
"cmp r2, 0 ",0
bne 0x24308 ,0
"mov r0, r0 ",0
"ldrb r2, [r0, r3] ",0
"strb r2, [r1, r3] ",0
"add r3, r3, 1 ",0
b 0x242d4 ,0
"mov r0, r0 ",0
"mov r0, r0 ",0
"mov r0, 0 ",0
"ldr r1, [0x000243c0] ",0
"strb r0, [sb, r1] ",0
"mov r0, 0xfa ",0
"ldr r1, [0x000243bc] ",0
"strb r0, [sb, r1] ",0
"mov r0, 0 ",0
"ldr r1, [0x000243b8] ",0
"strb r0, [sb, r1] ",0
"ldr r0, [0x000243b4] ",0
"ldr r1, [0x000243b0] ",0
"str r0, [sb, r1] ",0
"mov r0, 0 ",0
"ldr r1, [0x000243ac] ",0
"strb r0, [sb, r1] ",0
"mov r0, 0 ",0
"ldr r1, [0x000243a8] ",0
"strb r0, [sb, r1] ",0
"mov r0, 0 ",0
"ldr r1, [0x000243a4] ",0
"strb r0, [sb, r1] ",0
"mov r0, 0 ",0
"ldr r1, [0x000243a0] ",0
"strb r0, [sb, r1] ",0
"mov r0, 0 ",0
"ldr r1, [0x0002439c] ",0
"str r0, [sb, r1] ",0
pop {r0} ,0
"cmp r0, 0 ",0
bne 0x24388 ,0
"mov r0, r0 ",0
"mov r0, r0 ",0
pop {r1} ,0
"ldr r0, [0x00024428] ",0
"str r1, [r0] ",0
"ldmdb fp, {fp, sp, pc} ",0
"andeq sp, r1, r8, asr 20 ",1
"andeq sp, r1, r7, asr 20 ",1
"andeq sp, r1, r6, asr 20 ",1
"andeq sp, r1, r5, asr 20 ",1
"andeq sp, r1, r4, asr 20 ",1
"andeq sp, r1, r0, asr 20 ",1
"strdeq r0, r1, [r0], -r4 ",1
"andeq sp, r1, pc, lsr sl ",1
"andeq sp, r1, lr, lsr sl ",1
"andeq sp, r1, sp, lsr sl ",1
"andeq sp, r1, ip, ror 19 ",1
"andeq r0, r0, ip, lsl 6 ",1
"ldrdeq sp, lr, [r1], -r4 ",1
"ldrdeq sp, lr, [r1], -r2 ",1
"ldrdeq sp, lr, [r1], -r1 ",1
"ldrdeq sp, lr, [r1], -r0 ",1
"andeq r0, r0, r8, lsr r4 ",1
"ldrdeq r6, r7, [r1], -r0 ",1
"ldrdeq r3, r4, [r1], -r0 ",1
"ldrdeq r1, r2, [r1], -r0 ",1
"ldrdeq lr, pc, [r0], -r0 ",1
"ldrdeq fp, ip, [r0], -r0 ",1
"ldrdeq r8, sb, [r0], -r0 ",1
"ldrdeq r6, r7, [r0], -r0 ",1
"strheq r0, [r0], -r8 ",1
"ldrdeq r3, r4, [r0], -r0 ",1
"strheq r4, [r0], -r7 ",1
"strheq r0, [r0], -r4 ",1
"ldrdeq r1, r2, [r0], -r0 ",1
"ldrdeq r0, r1, [r0], -r0 ",1
"andeq r0, r0, sp, asr 25 ",1
"andeq r0, r0, sp, asr 23 ",1
"andeq r0, r0, sp, asr 21 ",1
"andeq r0, r0, ip, rrx ",1
"muleq r0, sb, r0 ",1
"andeq r6, r0, r8, ror sb ",1
"mov ip, sp ",0
"push {fp, ip, lr} ",0
"mov fp, ip ",0
"ldr r0, [0x00024ef8] ",0
"ldr r1, [r0] ",0
"str r1, [sp, -4]! ",0
"str sb, [r0] ",0
"mov r0, 0 ",0
"mov r0, r0 ",0
"ldr r8, [0x00024ef4] ",0
"ldr r1, [0x00024ef0] ",0
"strh r0, [r8, r1] ",0
"mov r0, r0 ",0
"mov r0, r0 ",0
"ldr r8, [0x00024ef4] ",0
"ldr r0, [0x00024ef0] ",0
"ldrh r0, [r8, r0] ",0
"ldrb r1, [r8, -0x2ea] ",0
"cmp r0, r1 ",0
"movhi r0, 1 ",0
"movls r0, 0 ",0
"mov r0, r0 ",0
"cmp r0, 0 ",0
bne 0x24ea8 ,0
"mov r0, r0 ",0
"mov r0, r0 ",0
"ldr r8, [0x00024ef4] ",0
"ldr r0, [0x00024ef0] ",0
"ldrh r0, [r8, r0] ",0
"ldr r8, [0x00024eec] ",0
"ldr r1, [0x00024ee8] ",0
"add r1, r1, r0 ",0
"ldrb r0, [r8, r1] ",0
"cmp r0, 1 ",0
"movne r0, 1 ",0
"moveq r0, 0 ",0
"mov r0, r0 ",0
"mov r0, r0 ",0
"cmp r0, 0 ",0
bne 0x24e7c ,0
"mov r0, r0 ",0
"mov r0, r0 ",0
"mov r3, 4 ",0
"mov r2, r3 ",0
"ldr r8, [0x00024ef4] ",0
"ldr r4, [0x00024ef0] ",0
"ldrh r4, [r8, r4] ",0
"mov r0, r4 ",0
"mov r1, 3 ",0
"str r2, [sp, -4]! ",0
"str r4, [sp, -4]! ",0
"str sb, [sp, -4]! ",0
"str r8, [sp, -4]! ",0
"str lr, [sp, -4]! ",0
"ldr r8, [0x00024ee4] ",0
"ldr r8, [r8] ",0
"mov lr, pc ",0
"mov pc, r8 ",0
"mov r0, r0 ",0
pop {lr} ,0
pop {r8} ,0
pop {sb} ,0
"mov r3, r0 ",0
pop {r4} ,0
pop {r2} ,0
"mov r1, r3 ",0
"mov r4, lr ",0
bl 0x24544 ,0
"subsmi r4, r4, 0x98000000 ",1
"andeq r0, r0, sp, lsr r0 ",1
"mov r3, lr ",0
"mov lr, r4 ",0
"mov r0, r3 ",0
"str sb, [sp, -4]! ",0
"str r8, [sp, -4]! ",0
"str lr, [sp, -4]! ",0
"ldr r8, [0x00024ee0] ",0
"ldr r8, [r8] ",0
"mov lr, pc ",0
"mov pc, r8 ",0
"mov r0, r0 ",0
pop {lr} ,0
pop {r8} ,0
pop {sb} ,0
"add sp, sp, 0 ",0
"mov r0, r0 ",0
"ldr r2, [0x00024edc] ",0
"add r1, r8, r2 ",0
"mov r3, 0 ",0
"mov r0, r0 ",0
"ldr r2, [0x00024ed8] ",0
"cmp r3, r2 ",0
"movhs r2, 1 ",0
"movlo r2, 0 ",0
"cmp r2, 0 ",0
bne 0x245c4 ,0
"mov r0, r0 ",0
"ldrb r2, [r0, r3] ",0
"strb r2, [r1, r3] ",0
"add r3, r3, 1 ",0
b 0x24590 ,0
"mov r0, r0 ",0
"mov r0, r0 ",0
"mov r0, r0 ",0
"ldr r8, [0x00024ef4] ",0
"ldr r0, [0x00024ef0] ",0
"ldrh r0, [r8, r0] ",0
"cmp r0, 0xa ",0
"movhs r0, 1 ",0
"movlo r0, 0 ",0
"mov r0, r0 ",0
"mov r0, r0 ",0
"cmp r0, 0 ",0
bne 0x246a4 ,0
"mov r0, r0 ",0
"mov r0, r0 ",0
"mov r3, 4 ",0
"mov r2, r3 ",0
"mov r4, lr ",0
bl 0x24610 ,0
"andeq r0, r0, r0, lsr r0 ",0
"mov r3, lr ",0
"mov lr, r4 ",0
"mov r1, r3 ",0
"ldr r8, [0x00024ef4] ",0
"ldr r4, [0x00024edc] ",0
"add r3, r8, r4 ",0
"mov r0, r3 ",0
"str sb, [sp, -4]! ",0
"str r8, [sp, -4]! ",0
"str lr, [sp, -4]! ",0
"ldr r8, [0x00024ee0] ",0
"ldr r8, [r8] ",0
"mov lr, pc ",0
"mov pc, r8 ",0
"mov r0, r0 ",0
pop {lr} ,0
pop {r8} ,0
pop {sb} ,0
"add sp, sp, 0 ",0
"mov r0, r0 ",0
"ldr r2, [0x00024edc] ",0
"add r1, r8, r2 ",0
"mov r3, 0 ",0
"mov r0, r0 ",0
"ldr r2, [0x00024ed8] ",0
"cmp r3, r2 ",0
"movhs r2, 1 ",0
"movlo r2, 0 ",0
"cmp r2, 0 ",0
bne 0x246a0 ,0
"mov r0, r0 ",0
"ldrb r2, [r0, r3] ",0
"strb r2, [r1, r3] ",0
"add r3, r3, 1 ",0
b 0x2466c ,0
"mov r0, r0 ",0
"mov r0, r0 ",0
"mov r0, r0 ",0
"mov r0, r0 ",0
"mov r0, r0 ",0
"mov r3, lr ",0
bl 0x246bc ,0
"andeq r0, r0, r0, lsr r0 ",0
"mov r2, lr ",0
"mov lr, r3 ",0
"mov r1, r2 ",0
"ldr r8, [0x00024ef4] ",0
"ldr r3, [0x00024edc] ",0
"add r2, r8, r3 ",0
"mov r0, r2 ",0
"str sb, [sp, -4]! ",0
"str r8, [sp, -4]! ",0
"str lr, [sp, -4]! ",0
"ldr r8, [0x00024ed4] ",0
"ldr r8, [r8] ",0
"mov lr, pc ",0
"mov pc, r8 ",0
"mov r0, r0 ",0
pop {lr} ,0
pop {r8} ,0
pop {sb} ,0
"add sp, sp, 0 ",0
"mov r0, r0 ",0
"ldr r2, [0x00024edc] ",0
"add r1, r8, r2 ",0
"mov r3, 0 ",0
"mov r0, r0 ",0
"ldr r2, [0x00024ed8] ",0
"cmp r3, r2 ",0
"movhs r2, 1 ",0
"movlo r2, 0 ",0
"cmp r2, 0 ",0
bne 0x2474c ,0
"mov r0, r0 ",0
"ldrb r2, [r0, r3] ",0
"strb r2, [r1, r3] ",0
"add r3, r3, 1 ",0
b 0x24718 ,0
"mov r0, r0 ",0
"mov r0, r0 ",0
"mov r0, r0 ",0
"mov r3, lr ",0
bl 0x24760 ,0
"andeq r0, r0, fp, lsr r0 ",1
"mov r2, lr ",0
"mov lr, r3 ",0
"mov r1, r2 ",0
"ldr r8, [0x00024ef4] ",0
"ldr r3, [0x00024edc] ",0
"add r2, r8, r3 ",0
"mov r0, r2 ",0
"str sb, [sp, -4]! ",0
"str r8, [sp, -4]! ",0
"str lr, [sp, -4]! ",0
"ldr r8, [0x00024ed4] ",0
"ldr r8, [r8] ",0
"mov lr, pc ",0
"mov pc, r8 ",0
"mov r0, r0 ",0
pop {lr} ,0
pop {r8} ,0
pop {sb} ,0
"add sp, sp, 0 ",0
"mov r0, r0 ",0
"ldr r2, [0x00024edc] ",0
"add r1, r8, r2 ",0
"mov r3, 0 ",0
"mov r0, r0 ",0
"ldr r2, [0x00024ed8] ",0
"cmp r3, r2 ",0
"movhs r2, 1 ",0
"movlo r2, 0 ",0
"cmp r2, 0 ",0
bne 0x247f0 ,0
"mov r0, r0 ",0
"ldrb r2, [r0, r3] ",0
"strb r2, [r1, r3] ",0
"add r3, r3, 1 ",0
b 0x247bc ,0
"mov r0, r0 ",0
"mov r0, r0 ",0
"mov r0, r0 ",0
"mov r3, lr ",0
bl 0x24804 ,0
"andeq r0, r0, r0, lsr r0 ",0
"mov r2, lr ",0
"mov lr, r3 ",0
"mov r1, r2 ",0
"ldr r8, [0x00024ef4] ",0
"ldr r3, [0x00024edc] ",0
"add r2, r8, r3 ",0
"mov r0, r2 ",0
"str sb, [sp, -4]! ",0
"str r8, [sp, -4]! ",0
"str lr, [sp, -4]! ",0
"ldr r8, [0x00024ed4] ",0
"ldr r8, [r8] ",0
"mov lr, pc ",0
"mov pc, r8 ",0
"mov r0, r0 ",0
pop {lr} ,0
pop {r8} ,0
pop {sb} ,0
"add sp, sp, 0 ",0
"mov r0, r0 ",0
"ldr r2, [0x00024edc] ",0
"add r1, r8, r2 ",0
"mov r3, 0 ",0
"mov r0, r0 ",0
"ldr r2, [0x00024ed8] ",0
"cmp r3, r2 ",0
"movhs r2, 1 ",0
"movlo r2, 0 ",0
"cmp r2, 0 ",0
bne 0x24894 ,0
"mov r0, r0 ",0
"ldrb r2, [r0, r3] ",0
"strb r2, [r1, r3] ",0
"add r3, r3, 1 ",0
b 0x24860 ,0
"mov r0, r0 ",0
"mov r0, r0 ",0
"mov r0, r0 ",0
"mov r3, lr ",0
bl 0x248a8 ,0
"andeq r0, r0, fp, lsr r0 ",1
"mov r2, lr ",0
"mov lr, r3 ",0
"mov r1, r2 ",0
"ldr r8, [0x00024ef4] ",0
"ldr r3, [0x00024edc] ",0
"add r2, r8, r3 ",0
"mov r0, r2 ",0
"str sb, [sp, -4]! ",0
"str r8, [sp, -4]! ",0
"str lr, [sp, -4]! ",0
"ldr r8, [0x00024ed4] ",0
"ldr r8, [r8] ",0
"mov lr, pc ",0
"mov pc, r8 ",0
"mov r0, r0 ",0
pop {lr} ,0
pop {r8} ,0
pop {sb} ,0
"add sp, sp, 0 ",0
"mov r0, r0 ",0
"ldr r2, [0x00024edc] ",0
"add r1, r8, r2 ",0
"mov r3, 0 ",0
"mov r0, r0 ",0
"ldr r2, [0x00024ed8] ",0
"cmp r3, r2 ",0
"movhs r2, 1 ",0
"movlo r2, 0 ",0
"cmp r2, 0 ",0
bne 0x24938 ,0
"mov r0, r0 ",0
"ldrb r2, [r0, r3] ",0
"strb r2, [r1, r3] ",0
"add r3, r3, 1 ",0
b 0x24904 ,0
"mov r0, r0 ",0
"mov r0, r0 ",0
"mov r0, r0 ",0
"mov r3, lr ",0
bl 0x2494c ,0
"andeq r0, r0, r0, lsr r0 ",0
"mov r2, lr ",0
"mov lr, r3 ",0
"mov r1, r2 ",0
"ldr r8, [0x00024ef4] ",0
"ldr r3, [0x00024edc] ",0
"add r2, r8, r3 ",0
"mov r0, r2 ",0
"str sb, [sp, -4]! ",0
"str r8, [sp, -4]! ",0
"str lr, [sp, -4]! ",0
"ldr r8, [0x00024ed4] ",0
"ldr r8, [r8] ",0
"mov lr, pc ",0
"mov pc, r8 ",0
"mov r0, r0 ",0
pop {lr} ,0
pop {r8} ,0
pop {sb} ,0
"add sp, sp, 0 ",0
"mov r0, r0 ",0
"ldr r2, [0x00024edc] ",0
"add r1, r8, r2 ",0
"mov r3, 0 ",0
"mov r0, r0 ",0
"ldr r2, [0x00024ed8] ",0
"cmp r3, r2 ",0
"movhs r2, 1 ",0
"movlo r2, 0 ",0
"cmp r2, 0 ",0
bne 0x249dc ,0
"mov r0, r0 ",0
"ldrb r2, [r0, r3] ",0
"strb r2, [r1, r3] ",0
"add r3, r3, 1 ",0
b 0x249a8 ,0
"mov r0, r0 ",0
"mov r0, r0 ",0
"mov r0, r0 ",0
"mov r3, lr ",0
bl 0x249f0 ,0
"andeq r0, r0, fp, lsr r0 ",1
"mov r2, lr ",0
"mov lr, r3 ",0
"mov r1, r2 ",0
"ldr r8, [0x00024ef4] ",0
"ldr r3, [0x00024edc] ",0
"add r2, r8, r3 ",0
"mov r0, r2 ",0
"str sb, [sp, -4]! ",0
"str r8, [sp, -4]! ",0
"str lr, [sp, -4]! ",0
"ldr r8, [0x00024ed4] ",0
"ldr r8, [r8] ",0
"mov lr, pc ",0
"mov pc, r8 ",0
"mov r0, r0 ",0
pop {lr} ,0
pop {r8} ,0
pop {sb} ,0
"add sp, sp, 0 ",0
"mov r0, r0 ",0
"ldr r2, [0x00024edc] ",0
"add r1, r8, r2 ",0
"mov r3, 0 ",0
"mov r0, r0 ",0
"ldr r2, [0x00024ed8] ",0
"cmp r3, r2 ",0
"movhs r2, 1 ",0
"movlo r2, 0 ",0
"cmp r2, 0 ",0
bne 0x24a80 ,0
"mov r0, r0 ",0
"ldrb r2, [r0, r3] ",0
"strb r2, [r1, r3] ",0
"add r3, r3, 1 ",0
b 0x24a4c ,0
"mov r0, r0 ",0
"mov r0, r0 ",0
"mov r0, r0 ",0
"mov r3, lr ",0
bl 0x24a94 ,0
"andeq r0, r0, r0, lsr r0 ",0
"mov r2, lr ",0
"mov lr, r3 ",0
"mov r1, r2 ",0
"ldr r8, [0x00024ef4] ",0
"ldr r3, [0x00024edc] ",0
"add r2, r8, r3 ",0
"mov r0, r2 ",0
"str sb, [sp, -4]! ",0
"str r8, [sp, -4]! ",0
"str lr, [sp, -4]! ",0
"ldr r8, [0x00024ed4] ",0
"ldr r8, [r8] ",0
"mov lr, pc ",0
"mov pc, r8 ",0
"mov r0, r0 ",0
pop {lr} ,0
pop {r8} ,0
pop {sb} ,0
"add sp, sp, 0 ",0
"mov r0, r0 ",0
"ldr r2, [0x00024edc] ",0
"add r1, r8, r2 ",0
"mov r3, 0 ",0
"mov r0, r0 ",0
"ldr r2, [0x00024ed8] ",0
"cmp r3, r2 ",0
"movhs r2, 1 ",0
"movlo r2, 0 ",0
"cmp r2, 0 ",0
bne 0x24b24 ,0
"mov r0, r0 ",0
"ldrb r2, [r0, r3] ",0
"strb r2, [r1, r3] ",0
"add r3, r3, 1 ",0
b 0x24af0 ,0
"mov r0, r0 ",0
"mov r0, r0 ",0
"mov r0, r0 ",0
"mov r3, lr ",0
bl 0x24b38 ,0
"andeq r0, r0, fp, lsr r0 ",1
"mov r2, lr ",0
"mov lr, r3 ",0
"mov r1, r2 ",0
"ldr r8, [0x00024ef4] ",0
"ldr r3, [0x00024edc] ",0
"add r2, r8, r3 ",0
"mov r0, r2 ",0
"str sb, [sp, -4]! ",0
"str r8, [sp, -4]! ",0
"str lr, [sp, -4]! ",0
"ldr r8, [0x00024ed4] ",0
"ldr r8, [r8] ",0
"mov lr, pc ",0
"mov pc, r8 ",0
"mov r0, r0 ",0
pop {lr} ,0
pop {r8} ,0
pop {sb} ,0
"add sp, sp, 0 ",0
"mov r0, r0 ",0
"ldr r2, [0x00024edc] ",0
"add r1, r8, r2 ",0
"mov r3, 0 ",0
"mov r0, r0 ",0
"ldr r2, [0x00024ed8] ",0
"cmp r3, r2 ",0
"movhs r2, 1 ",0
"movlo r2, 0 ",0
"cmp r2, 0 ",0
bne 0x24bc8 ,0
"mov r0, r0 ",0
"ldrb r2, [r0, r3] ",0
"strb r2, [r1, r3] ",0
"add r3, r3, 1 ",0
b 0x24b94 ,0
"mov r0, r0 ",0
"mov r0, r0 ",0
"mov r0, r0 ",0
"mov r3, lr ",0
bl 0x24bdc ,0
"andeq r0, r0, r0, lsr r0 ",0
"mov r2, lr ",0
"mov lr, r3 ",0
"mov r1, r2 ",0
"ldr r8, [0x00024ef4] ",0
"ldr r3, [0x00024edc] ",0
"add r2, r8, r3 ",0
"mov r0, r2 ",0
"str sb, [sp, -4]! ",0
"str r8, [sp, -4]! ",0
"str lr, [sp, -4]! ",0
"ldr r8, [0x00024ed4] ",0
"ldr r8, [r8] ",0
"mov lr, pc ",0
"mov pc, r8 ",0
"mov r0, r0 ",0
pop {lr} ,0
pop {r8} ,0
pop {sb} ,0
"add sp, sp, 0 ",0
"mov r0, r0 ",0
"ldr r2, [0x00024edc] ",0
"add r1, r8, r2 ",0
"mov r3, 0 ",0
"mov r0, r0 ",0
"ldr r2, [0x00024ed8] ",0
"cmp r3, r2 ",0
"movhs r2, 1 ",0
"movlo r2, 0 ",0
"cmp r2, 0 ",0
bne 0x24c6c ,0
"mov r0, r0 ",0
"ldrb r2, [r0, r3] ",0
"strb r2, [r1, r3] ",0
"add r3, r3, 1 ",0
b 0x24c38 ,0
"mov r0, r0 ",0
"mov r0, r0 ",0
"mov r0, r0 ",0
"mov r3, lr ",0
bl 0x24c80 ,0
"andeq r0, r0, fp, lsr r0 ",1
"mov r2, lr ",0
"mov lr, r3 ",0
"mov r1, r2 ",0
"ldr r8, [0x00024ef4] ",0
"ldr r3, [0x00024edc] ",0
"add r2, r8, r3 ",0
"mov r0, r2 ",0
"str sb, [sp, -4]! ",0
"str r8, [sp, -4]! ",0
"str lr, [sp, -4]! ",0
"ldr r8, [0x00024ed4] ",0
"ldr r8, [r8] ",0
"mov lr, pc ",0
"mov pc, r8 ",0
"mov r0, r0 ",0
pop {lr} ,0
pop {r8} ,0
pop {sb} ,0
"add sp, sp, 0 ",0
"mov r0, r0 ",0
"ldr r2, [0x00024edc] ",0
"add r1, r8, r2 ",0
"mov r3, 0 ",0
"mov r0, r0 ",0
"ldr r2, [0x00024ed8] ",0
"cmp r3, r2 ",0
"movhs r2, 1 ",0
"movlo r2, 0 ",0
"cmp r2, 0 ",0
bne 0x24d10 ,0
"mov r0, r0 ",0
"ldrb r2, [r0, r3] ",0
"strb r2, [r1, r3] ",0
"add r3, r3, 1 ",0
b 0x24cdc ,0
"mov r0, r0 ",0
"mov r0, r0 ",0
"mov r0, r0 ",0
"ldr r8, [0x00024ef4] ",0
"ldr r3, [0x00024ef0] ",0
"ldrh r3, [r8, r3] ",0
"ldr r8, [0x00024eec] ",0
"ldr r4, [0x00024ed0] ",0
"add r4, r4, r3 ",0
"ldrb r3, [r8, r4] ",0
"mov r0, r3 ",0
"mov r1, 2 ",0
"str r3, [sp, -4]! ",0
"str sb, [sp, -4]! ",0
"str r8, [sp, -4]! ",0
"str lr, [sp, -4]! ",0
"ldr r8, [0x00024ee4] ",0
"ldr r8, [r8] ",0
"mov lr, pc ",0
"mov pc, r8 ",0
"mov r0, r0 ",0
pop {lr} ,0
pop {r8} ,0
pop {sb} ,0
"mov r2, r0 ",0
pop {r3} ,0
"mov r1, r2 ",0
"ldr r8, [0x00024ef4] ",0
"ldr r3, [0x00024edc] ",0
"add r2, r8, r3 ",0
"mov r0, r2 ",0
"str sb, [sp, -4]! ",0
"str r8, [sp, -4]! ",0
"str lr, [sp, -4]! ",0
"ldr r8, [0x00024ed4] ",0
"ldr r8, [r8] ",0
"mov lr, pc ",0
"mov pc, r8 ",0
"mov r0, r0 ",0
pop {lr} ,0
pop {r8} ,0
pop {sb} ,0
"add sp, sp, 0 ",0
"mov r0, r0 ",0
"ldr r2, [0x00024edc] ",0
"add r1, r8, r2 ",0
"mov r3, 0 ",0
"mov r0, r0 ",0
"ldr r2, [0x00024ed8] ",0
"cmp r3, r2 ",0
"movhs r2, 1 ",0
"movlo r2, 0 ",0
"cmp r2, 0 ",0
bne 0x24dfc ,0
"mov r0, r0 ",0
"ldrb r2, [r0, r3] ",0
"strb r2, [r1, r3] ",0
"add r3, r3, 1 ",0
b 0x24dc8 ,0
"mov r0, r0 ",0
"mov r0, r0 ",0
"mov r0, r0 ",0
"mov r1, sb ",0
"sub sp, sp, 0x10 ",0
"mov r2, sp ",0
"ldr r8, [0x00024ef4] ",0
"ldr r4, [0x00024ecc] ",0
"add r3, r8, r4 ",0
"str r3, [r2, 0xc] ",0
"ldr r4, [0x00024edc] ",0
"add r3, r8, r4 ",0
"str r3, [r2, 4] ",0
"ldr r4, [0x00024ec8] ",0
"add r3, r8, r4 ",0
"str r3, [r2] ",0
"mov sb, r2 ",0
"str r1, [sp, -4]! ",0
"str sb, [sp, -4]! ",0
"str r8, [sp, -4]! ",0
"str lr, [sp, -4]! ",0
"ldr r8, [0x00024ec4] ",0
"ldr r8, [r8] ",0
"mov lr, pc ",0
"mov pc, r8 ",0
"mov r0, r0 ",0
pop {lr} ,0
pop {r8} ,0
pop {sb} ,0
pop {r1} ,0
"ldrb r0, [sb, 8] ",0
"add sp, sp, 0x10 ",0
"mov sb, r1 ",0
"mov r0, r0 ",0
"mov r0, r0 ",0
"mov r0, r0 ",0
"ldr r8, [0x00024ef4] ",0
"ldr r1, [0x00024ef0] ",0
"ldrh r1, [r8, r1] ",0
"add r1, r1, 1 ",0
"ldr r2, [0x00024ef0] ",0
"strh r1, [r8, r2] ",0
b 0x2445c ,0
"mov r0, r0 ",0
"mov r0, r0 ",0
"mov r0, r0 ",0
"mov r0, r0 ",0
"ldr r1, [0x00024ef8] ",0
pop {r0} ,0
"str r0, [r1] ",0
"ldmdb fp, {fp, sp, pc} ",0
"andeq r0, r0, r0, lsr 6 ",1
"andeq r0, r0, ip, ror 11 ",1
"andeq r0, r0, ip, asr 23 ",1
"andeq r0, r0, sp, asr 25 ",1
"andeq r0, r0, r0, lsl 5 ",1
"andeq r0, r0, r0, lsl 2 ",1
"ldrdeq r0, r1, [r0], -r4 ",1
"andeq r0, r0, ip, lsr 5 ",1
"strheq r0, [r0], -r0 ",1
"andeq r0, r0, sp, asr 21 ",1
"andeq r7, r0, r0, lsl 17 ",1
"ldrdeq r0, r1, [r0], -r6 ",1
"andeq r5, r2, r8, lsr 11 ",1
"ldrdeq r2, r3, [r0], -r8 ",1
"mov ip, sp ",0
"push {fp, ip, lr} ",0
"mov fp, ip ",0
"ldr r0, [0x00024fc8] ",0
"ldr r1, [r0] ",0
"str r1, [sp, -4]! ",0
"str sb, [r0] ",0
"mov r0, r0 ",0
"mov r0, r0 ",0
"ldr r0, [0x00024fc4] ",0
"ldrb r0, [sb, r0] ",0
"ldr r1, [0x00024fc0] ",0
"add r1, r1, r0 ",0
"ldrb r0, [sb, r1] ",0
"cmp r0, 1 ",0
"movne r0, 1 ",0
"moveq r0, 0 ",0
"ldr r1, [0x00024fc4] ",0
"ldrb r1, [sb, r1] ",0
"ldr r2, [0x00024fbc] ",0
"ldrb r2, [sb, r2] ",0
"cmp r1, r2 ",0
"movls r1, 1 ",0
"movhi r1, 0 ",0
"and r0, r0, r1 ",0
"eor r0, r0, 1 ",0
"mov r0, r0 ",0
"mov r0, r0 ",0
"cmp r0, 0 ",0
bne 0x24fa0 ,0
"mov r0, r0 ",0
"mov r0, r0 ",0
"ldr r0, [0x00024fc4] ",0
"ldrb r0, [sb, r0] ",0
"add r0, r0, 1 ",0
"mov r0, r0 ",0
"ldr r1, [0x00024fc4] ",0
"strb r0, [sb, r1] ",0
"mov r0, r0 ",0
b 0x24f18 ,0
"mov r0, r0 ",0
"mov r0, r0 ",0
"mov r0, r0 ",0
"mov r0, r0 ",0
"ldr r1, [0x00024fc8] ",0
pop {r0} ,0
"str r0, [r1] ",0
"ldmdb fp, {fp, sp, pc} ",0
"andeq sp, r1, lr, lsr sl ",1
"andeq r0, r0, sp, asr 21 ",1
"ldrdeq sp, lr, [r1], -r1 ",1
"ldrdeq r2, r3, [r0], -r8 ",1
"mov ip, sp ",0
"push {fp, ip, lr} ",0
"mov fp, ip ",0
"ldr r0, [0x0002587c] ",0
"ldr r1, [r0] ",0
"str r1, [sp, -4]! ",0
"str sb, [r0] ",0
"mov r0, r0 ",0
"ldrb r0, [sb, 0xac0] ",0
"mov r0, r0 ",0
"ldr r1, [0x00025878] ",0
"ldrb r1, [sb, r1] ",0
"ldr r2, [0x00025874] ",0
"add r2, r2, r1 ",0
"strb r0, [sb, r2] ",0
"mov r0, r0 ",0
"ldr r1, [0x00025870] ",0
"add r0, sb, r1 ",0
"mov r0, r0 ",0
"ldr r1, [0x00025878] ",0
"ldrb r1, [sb, r1] ",0
"mov r2, 0x24 ",0
"mul r1, r1, r2 ",0
"add r1, sb, r1 ",0
"ldr r2, [0x0002586c] ",0
"add r1, r1, r2 ",0
"mov r3, 0 ",0
"mov r0, r0 ",0
"mov r2, 0x24 ",0
"cmp r3, r2 ",0
"movhs r2, 1 ",0
"movlo r2, 0 ",0
"cmp r2, 0 ",0
bne 0x2506c ,0
"mov r0, r0 ",0
"ldrb r2, [r0, r3] ",0
"strb r2, [r1, r3] ",0
"add r3, r3, 1 ",0
b 0x25038 ,0
"mov r0, r0 ",0
"mov r0, r0 ",0
"mov r0, r0 ",0
"ldr r1, [0x00025868] ",0
"add r0, sb, r1 ",0
"mov r0, r0 ",0
"ldr r1, [0x00025878] ",0
"ldrb r1, [sb, r1] ",0
"mov r2, 0x2c ",0
"mul r1, r1, r2 ",0
"add r1, sb, r1 ",0
"ldr r2, [0x00025864] ",0
"add r1, r1, r2 ",0
"mov r3, 0 ",0
"mov r0, r0 ",0
"mov r2, 0x2c ",0
"cmp r3, r2 ",0
"movhs r2, 1 ",0
"movlo r2, 0 ",0
"cmp r2, 0 ",0
bne 0x250d4 ,0
"mov r0, r0 ",0
"ldrb r2, [r0, r3] ",0
"strb r2, [r1, r3] ",0
"add r3, r3, 1 ",0
b 0x250a0 ,0
"mov r0, r0 ",0
"mov r0, r0 ",0
"mov r0, r0 ",0
"ldr r1, [0x00025860] ",0
"add r0, sb, r1 ",0
"mov r0, r0 ",0
"ldr r1, [0x00025878] ",0
"ldrb r1, [sb, r1] ",0
"mov r2, 0x2c ",0
"mul r1, r1, r2 ",0
"add r1, sb, r1 ",0
"ldr r2, [0x0002585c] ",0
"add r1, r1, r2 ",0
"mov r3, 0 ",0
"mov r0, r0 ",0
"mov r2, 0x2c ",0
"cmp r3, r2 ",0
"movhs r2, 1 ",0
"movlo r2, 0 ",0
"cmp r2, 0 ",0
bne 0x2513c ,0
"mov r0, r0 ",0
"ldrb r2, [r0, r3] ",0
"strb r2, [r1, r3] ",0
"add r3, r3, 1 ",0
b 0x25108 ,0
"mov r0, r0 ",0
"mov r0, r0 ",0
"mov r0, r0 ",0
"ldr r1, [0x00025858] ",0
"add r0, sb, r1 ",0
"mov r0, r0 ",0
"ldr r1, [0x00025878] ",0
"ldrb r1, [sb, r1] ",0
"mov r2, 0x2c ",0
"mul r1, r1, r2 ",0
"add r1, sb, r1 ",0
"ldr r2, [0x00025854] ",0
"add r1, r1, r2 ",0
"mov r3, 0 ",0
"mov r0, r0 ",0
"mov r2, 0x2c ",0
"cmp r3, r2 ",0
"movhs r2, 1 ",0
"movlo r2, 0 ",0
"cmp r2, 0 ",0
bne 0x251a4 ,0
"mov r0, r0 ",0
"ldrb r2, [r0, r3] ",0
"strb r2, [r1, r3] ",0
"add r3, r3, 1 ",0
b 0x25170 ,0
"mov r0, r0 ",0
"mov r0, r0 ",0
"mov r0, r0 ",0
"ldr r1, [0x00025850] ",0
"add r0, sb, r1 ",0
"mov r0, r0 ",0
"ldr r1, [0x00025878] ",0
"ldrb r1, [sb, r1] ",0
"mov r2, 0x2c ",0
"mul r1, r1, r2 ",0
"add r1, sb, r1 ",0
"ldr r2, [0x0002584c] ",0
"add r1, r1, r2 ",0
"mov r3, 0 ",0
"mov r0, r0 ",0
"mov r2, 0x2c ",0
"cmp r3, r2 ",0
"movhs r2, 1 ",0
"movlo r2, 0 ",0
"cmp r2, 0 ",0
bne 0x2520c ,0
"mov r0, r0 ",0
"ldrb r2, [r0, r3] ",0
"strb r2, [r1, r3] ",0
"add r3, r3, 1 ",0
b 0x251d8 ,0
"mov r0, r0 ",0
"mov r0, r0 ",0
"mov r0, r0 ",0
"ldr r1, [0x00025848] ",0
"add r0, sb, r1 ",0
"mov r0, r0 ",0
"ldr r1, [0x00025878] ",0
"ldrb r1, [sb, r1] ",0
"mov r2, 0x2c ",0
"mul r1, r1, r2 ",0
"add r1, sb, r1 ",0
"ldr r2, [0x00025844] ",0
"add r1, r1, r2 ",0
"mov r3, 0 ",0
"mov r0, r0 ",0
"mov r2, 0x2c ",0
"cmp r3, r2 ",0
"movhs r2, 1 ",0
"movlo r2, 0 ",0
"cmp r2, 0 ",0
bne 0x25274 ,0
"mov r0, r0 ",0
"ldrb r2, [r0, r3] ",0
"strb r2, [r1, r3] ",0
"add r3, r3, 1 ",0
b 0x25240 ,0
"mov r0, r0 ",0
"mov r0, r0 ",0
"mov r0, r0 ",0
"ldr r1, [0x00025840] ",0
"add r0, sb, r1 ",0
"mov r0, r0 ",0
"ldr r1, [0x00025878] ",0
"ldrb r1, [sb, r1] ",0
"mov r2, 0x2c ",0
"mul r1, r1, r2 ",0
"add r1, sb, r1 ",0
"ldr r2, [0x0002583c] ",0
"add r1, r1, r2 ",0
"mov r3, 0 ",0
"mov r0, r0 ",0
"mov r2, 0x2c ",0
"cmp r3, r2 ",0
"movhs r2, 1 ",0
"movlo r2, 0 ",0
"cmp r2, 0 ",0
bne 0x252dc ,0
"mov r0, r0 ",0
"ldrb r2, [r0, r3] ",0
"strb r2, [r1, r3] ",0
"add r3, r3, 1 ",0
b 0x252a8 ,0
"mov r0, r0 ",0
"mov r0, r0 ",0
"mov r0, r0 ",0
"ldr r1, [0x00025838] ",0
"add r0, sb, r1 ",0
"mov r0, r0 ",0
"ldr r1, [0x00025878] ",0
"ldrb r1, [sb, r1] ",0
"mov r2, 0x2c ",0
"mul r1, r1, r2 ",0
"add r1, sb, r1 ",0
"ldr r2, [0x00025834] ",0
"add r1, r1, r2 ",0
"mov r3, 0 ",0
"mov r0, r0 ",0
"mov r2, 0x2c ",0
"cmp r3, r2 ",0
"movhs r2, 1 ",0
"movlo r2, 0 ",0
"cmp r2, 0 ",0
bne 0x25344 ,0
"mov r0, r0 ",0
"ldrb r2, [r0, r3] ",0
"strb r2, [r1, r3] ",0
"add r3, r3, 1 ",0
b 0x25310 ,0
"mov r0, r0 ",0
"mov r0, r0 ",0
"mov r0, r0 ",0
"ldr r0, [0x00025878] ",0
"ldrb r0, [sb, r0] ",0
"ldr r1, [0x00025874] ",0
"add r1, r1, r0 ",0
"ldrb r0, [sb, r1] ",0
"cmp r0, 0 ",0
"moveq r0, 1 ",0
"movne r0, 0 ",0
"mov r0, r0 ",0
"mov r0, r0 ",0
"cmp r0, 0 ",0
bne 0x255f8 ,0
"mov r0, r0 ",0
"mov r0, r0 ",0
"ldr r0, [0x00025878] ",0
"ldrb r0, [sb, r0] ",0
"ldr r1, [0x00025830] ",0
"add r1, r1, r0 ",0
"ldrb r0, [sb, r1] ",0
"cmp r0, 2 ",0
"movne r0, 1 ",0
"moveq r0, 0 ",0
"ldr r1, [0x0002582c] ",0
"ldrb r1, [sb, r1] ",0
"cmp r1, 2 ",0
"moveq r1, 1 ",0
"movne r1, 0 ",0
"and r0, r0, r1 ",0
"eor r0, r0, 1 ",0
"mov r0, r0 ",0
"mov r0, r0 ",0
"cmp r0, 0 ",0
bne 0x2554c ,0
"mov r0, r0 ",0
"mov r0, r0 ",0
"mov r1, sb ",0
"ldr r3, [0x00025828] ",0
"sub sp, sp, r3 ",0
"mov r2, sp ",0
"str r1, [sp, -4]! ",0
"str r2, [sp, -4]! ",0
"ldr r4, [0x00025878] ",0
"ldrb r4, [sb, r4] ",0
"ldr r5, [0x00025874] ",0
"add r5, r5, r4 ",0
"ldrb r4, [sb, r5] ",0
"mov r0, r4 ",0
"mov r1, 2 ",0
"str r4, [sp, -4]! ",0
"str sb, [sp, -4]! ",0
"str r8, [sp, -4]! ",0
"str lr, [sp, -4]! ",0
"ldr r8, [0x00025824] ",0
"ldr r8, [r8] ",0
"mov lr, pc ",0
"mov pc, r8 ",0
"mov r0, r0 ",0
pop {lr} ,0
pop {r8} ,0
pop {sb} ,0
"mov r2, r0 ",0
pop {r4} ,0
"mov r1, r2 ",0
"mov r4, lr ",0
bl 0x25454 ,0
"rsbseq r7, r2, r5, asr 4 ",1
"mov r2, lr ",0
"mov lr, r4 ",0
"mov r0, r2 ",0
"str sb, [sp, -4]! ",0
"str r8, [sp, -4]! ",0
"str lr, [sp, -4]! ",0
"ldr r8, [0x00025820] ",0
"ldr r8, [r8] ",0
"mov lr, pc ",0
"mov pc, r8 ",0
"mov r0, r0 ",0
pop {lr} ,0
pop {r8} ,0
pop {sb} ,0
"add sp, sp, 0 ",0
"mov r3, r0 ",0
pop {r2} ,0
pop {r1} ,0
"add r4, r2, 0xac ",0
"mov r6, 0 ",0
"mov r0, r0 ",0
"mov r5, 0x51 ",0
"cmp r6, r5 ",0
"movhs r5, 1 ",0
"movlo r5, 0 ",0
"cmp r5, 0 ",0
bne 0x254d8 ,0
"mov r0, r0 ",0
"ldrb r5, [r3, r6] ",0
"strb r5, [r4, r6] ",0
"add r6, r6, 1 ",0
b 0x254a4 ,0
"mov r0, r0 ",0
"mov r0, r0 ",0
"mov r3, 2 ",0
"strh r3, [r2, 0xaa] ",0
"ldr r3, [0x00025878] ",0
"ldrb r3, [sb, r3] ",0
"strh r3, [r2, 0xa8] ",0
"ldr r8, [0x0002581c] ",0
"ldrsh r3, [r8] ",0
"strh r3, [r2, 0xa6] ",0
"ldrsh r3, [r8, -0x20] ",0
"strh r3, [r2, 0xa4] ",0
"mov sb, r2 ",0
"str r1, [sp, -4]! ",0
"str sb, [sp, -4]! ",0
"str r8, [sp, -4]! ",0
"str lr, [sp, -4]! ",0
"ldr r8, [0x00025818] ",0
"ldr r8, [r8] ",0
"mov lr, pc ",0
"mov pc, r8 ",0
"mov r0, r0 ",0
pop {lr} ,0
pop {r8} ,0
pop {sb} ,0
pop {r1} ,0
"ldrb r0, [sb, 0xfd] ",0
"ldr r2, [0x00025828] ",0
"add sp, sp, r2 ",0
"mov sb, r1 ",0
"mov r0, r0 ",0
"mov r0, r0 ",0
"mov r0, r0 ",0
"ldr r1, [0x0002582c] ",0
"ldrb r1, [sb, r1] ",0
"cmp r1, 1 ",0
"movne r1, 1 ",0
"moveq r1, 0 ",0
"mov r0, r0 ",0
"mov r0, r0 ",0
"cmp r1, 0 ",0
bne 0x255a0 ,0
"mov r0, r0 ",0
"mov r0, r0 ",0
"mov r0, 0 ",0
"mov r0, r0 ",0
"ldr r1, [0x00025878] ",0
"ldrb r1, [sb, r1] ",0
"ldr r2, [0x00025814] ",0
"add r2, r2, r1 ",0
"strb r0, [sb, r2] ",0
"mov r0, r0 ",0
"mov r0, r0 ",0
"mov r0, r0 ",0
"mov r0, 2 ",0
"mov r0, r0 ",0
"ldr r1, [0x00025878] ",0
"ldrb r1, [sb, r1] ",0
"ldr r2, [0x00025830] ",0
"add r2, r2, r1 ",0
"strb r0, [sb, r2] ",0
"mov r0, r0 ",0
"ldr r0, [0x00025810] ",0
"mov r0, r0 ",0
"ldr r1, [0x00025878] ",0
"ldrb r1, [sb, r1] ",0
"lsl r1, r1, 2 ",0
"ldr r2, [0x0002580c] ",0
"add r2, r2, r1 ",0
"str r0, [sb, r2] ",0
"mov r0, r0 ",0
b 0x257e8 ,0
"mov r0, r0 ",0
"mov r0, r0 ",0
"mov r0, r0 ",0
"ldr r0, [0x00025878] ",0
"ldrb r0, [sb, r0] ",0
"ldr r1, [0x00025830] ",0
"add r1, r1, r0 ",0
"ldrb r0, [sb, r1] ",0
"cmp r0, 0 ",0
"movne r0, 1 ",0
"moveq r0, 0 ",0
"ldr r1, [0x0002582c] ",0
"ldrb r1, [sb, r1] ",0
"cmp r1, 2 ",0
"moveq r1, 1 ",0
"movne r1, 0 ",0
"and r0, r0, r1 ",0
"eor r0, r0, 1 ",0
"mov r0, r0 ",0
"mov r0, r0 ",0
"cmp r0, 0 ",0
bne 0x2572c ,0
"mov r0, r0 ",0
"mov r0, r0 ",0
"mov r1, sb ",0
"ldr r3, [0x00025828] ",0
"sub sp, sp, r3 ",0
"mov r2, sp ",0
"mov r4, lr ",0
bl 0x25674 ,0
svcvs 0x646f4e ,1
"subeq r4, fp, pc, asr pc ",1
"mov r3, lr ",0
"mov lr, r4 ",0
"add r4, r2, 0xac ",0
"mov r6, 0 ",0
"mov r0, r0 ",0
"mov r5, 0x51 ",0
"cmp r6, r5 ",0
"movhs r5, 1 ",0
"movlo r5, 0 ",0
"cmp r5, 0 ",0
bne 0x256b8 ,0
"mov r0, r0 ",0
"ldrb r5, [r3, r6] ",0
"strb r5, [r4, r6] ",0
"add r6, r6, 1 ",0
b 0x25684 ,0
"mov r0, r0 ",0
"mov r0, r0 ",0
"mov r3, 1 ",0
"strh r3, [r2, 0xaa] ",0
"ldr r3, [0x00025878] ",0
"ldrb r3, [sb, r3] ",0
"strh r3, [r2, 0xa8] ",0
"ldr r8, [0x0002581c] ",0
"ldrsh r3, [r8] ",0
"strh r3, [r2, 0xa6] ",0
"ldrsh r3, [r8, -0x24] ",0
"strh r3, [r2, 0xa4] ",0
"mov sb, r2 ",0
"str r1, [sp, -4]! ",0
"str sb, [sp, -4]! ",0
"str r8, [sp, -4]! ",0
"str lr, [sp, -4]! ",0
"ldr r8, [0x00025818] ",0
"ldr r8, [r8] ",0
"mov lr, pc ",0
"mov pc, r8 ",0
"mov r0, r0 ",0
pop {lr} ,0
pop {r8} ,0
pop {sb} ,0
pop {r1} ,0
"ldrb r0, [sb, 0xfd] ",0
"ldr r2, [0x00025828] ",0
"add sp, sp, r2 ",0
"mov sb, r1 ",0
"mov r0, r0 ",0
"mov r0, r0 ",0
"mov r0, r0 ",0
"ldr r1, [0x0002582c] ",0
"ldrb r1, [sb, r1] ",0
"cmp r1, 1 ",0
"movne r1, 1 ",0
"moveq r1, 0 ",0
"mov r0, r0 ",0
"mov r0, r0 ",0
"cmp r1, 0 ",0
bne 0x2579c ,0
"mov r0, r0 ",0
"mov r0, r0 ",0
"mov r0, 1 ",0
"mov r0, r0 ",0
"ldr r1, [0x00025878] ",0
"ldrb r1, [sb, r1] ",0
"ldr r2, [0x00025814] ",0
"add r2, r2, r1 ",0
"strb r0, [sb, r2] ",0
"mov r0, r0 ",0
"ldr r0, [0x00025808] ",0
"ldrb r0, [sb, r0] ",0
"add r0, r0, 1 ",0
"mov r0, r0 ",0
"ldr r1, [0x00025808] ",0
"strb r0, [sb, r1] ",0
"mov r0, r0 ",0
"mov r0, r0 ",0
"mov r0, r0 ",0
"mov r0, 0 ",0
"mov r0, r0 ",0
"ldr r1, [0x00025878] ",0
"ldrb r1, [sb, r1] ",0
"ldr r2, [0x00025830] ",0
"add r2, r2, r1 ",0
"strb r0, [sb, r2] ",0
"mov r0, r0 ",0
"ldr r0, [0x00025804] ",0
"mov r0, r0 ",0
"ldr r1, [0x00025878] ",0
"ldrb r1, [sb, r1] ",0
"lsl r1, r1, 2 ",0
"ldr r2, [0x0002580c] ",0
"add r2, r2, r1 ",0
"str r0, [sb, r2] ",0
"mov r0, r0 ",0
"mov r0, r0 ",0
"mov r0, r0 ",0
"ldr r1, [0x0002587c] ",0
pop {r0} ,0
"str r0, [r1] ",0
"ldmdb fp, {fp, sp, pc} ",0
"eoreq pc, r0, r0, lsr 32 ",1
"ldrdeq sp, lr, [r1], -r2 ",1
"ldrdeq r0, r1, [r0], -r0 ",1
invalid ,1
"andeq r0, r0, sp, asr 21 ",1
"andeq r0, r0, ip, ror 6 ",1
"andeq r3, r0, r0, lsr 32 ",1
"andeq r0, r0, r0, lsl 5 ",1
"strheq r0, [r0], -r0 ",1
"andeq r0, r0, r0, lsl 2 ",1
"ldrdeq sp, lr, [r1], -r0 ",1
"andeq r0, r0, sp, asr 25 ",1
"ldrdeq r3, r4, [r1], -r0 ",1
"muleq r0, r4, sl ",1
"ldrdeq r6, r7, [r0], -r0 ",1
"andeq r0, r0, r8, ror 20 ",1
"ldrdeq r3, r4, [r0], -r0 ",1
"andeq r0, r0, ip, lsr sl ",1
"ldrdeq fp, ip, [r0], -r0 ",1
"andeq r0, r0, r0, lsl sl ",1
"ldrdeq r1, r2, [r1], -r0 ",1
"andeq r0, r0, r4, ror 19 ",1
"ldrdeq r8, sb, [r0], -r0 ",1
"strheq r0, [r0], -r8 ",1
"ldrdeq lr, pc, [r0], -r0 ",1
"andeq r0, r0, ip, lsl 19 ",1
"ldrdeq r1, r2, [r0], -r0 ",1
"andeq r0, r0, r8, ror 18 ",1
"andeq r0, r0, sp, asr 23 ",1
"ldrdeq sp, lr, [r1], -r1 ",1
"ldrdeq r2, r3, [r0], -r8 ",1
"mov ip, sp ",0
"push {fp, ip, lr} ",0
"mov fp, ip ",0
"ldr r0, [0x00025f40] ",0
"ldr r1, [r0] ",0
"str r1, [sp, -4]! ",0
"str sb, [r0] ",0
"mov r0, r0 ",0
"ldr r1, [0x00025f3c] ",0
"ldrb r1, [sb, r1] ",0
"ldr r2, [0x00025f38] ",0
"add r2, r2, r1 ",0
"ldrb r1, [sb, r2] ",0
"mov r3, lr ",0
bl 0x258c0 ,0
"andeq r4, r0, pc, asr 22 ",1
"mov r2, lr ",0
"mov lr, r3 ",0
"mov r4, lr ",0
bl 0x258d8 ,0
"mcrrmi p1, 4, r4, sb, c6 ",1
"andeq r0, r0, r1, lsr 32 ",1
"mov r3, lr ",0
"mov lr, r4 ",0
"cmp r1, 0 ",0
"moveq r2, r3 ",0
"mov r0, r2 ",0
"mov r0, r0 ",0
"ldr r1, [0x00025f3c] ",0
"ldrb r1, [sb, r1] ",0
"mov r2, 0x70 ",0
"mul r1, r1, r2 ",0
"add r1, sb, r1 ",0
"ldr r2, [0x00025f34] ",0
"add r1, r1, r2 ",0
"mov r3, 0 ",0
"mov r0, r0 ",0
"mov r2, 6 ",0
"cmp r3, r2 ",0
"movhs r2, 1 ",0
"movlo r2, 0 ",0
"cmp r2, 0 ",0
bne 0x25944 ,0
"mov r0, r0 ",0
"ldrb r2, [r0, r3] ",0
"strb r2, [r1, r3] ",0
"add r3, r3, 1 ",0
b 0x25910 ,0
"mov r0, r0 ",0
"mov r0, r0 ",0
"mov r0, r0 ",0
"ldr r0, [0x00025f3c] ",0
"ldrb r0, [sb, r0] ",0
"mov r1, 0x24 ",0
"mul r0, r0, r1 ",0
"add r0, sb, r0 ",0
"ldr r1, [0x00025f30] ",0
"add r0, r0, r1 ",0
"mov r0, r0 ",0
"ldr r1, [0x00025f3c] ",0
"ldrb r1, [sb, r1] ",0
"mov r2, 0x70 ",0
"mul r1, r1, r2 ",0
"add r1, sb, r1 ",0
"ldr r2, [0x00025f2c] ",0
"add r1, r1, r2 ",0
"mov r3, 0 ",0
"mov r0, r0 ",0
"mov r2, 4 ",0
"cmp r3, r2 ",0
"movhs r2, 1 ",0
"movlo r2, 0 ",0
"cmp r2, 0 ",0
bne 0x259c0 ,0
"mov r0, r0 ",0
"ldrb r2, [r0, r3] ",0
"strb r2, [r1, r3] ",0
"add r3, r3, 1 ",0
b 0x2598c ,0
"mov r0, r0 ",0
"mov r0, r0 ",0
"mov r0, r0 ",0
"ldr r0, [0x00025f3c] ",0
"ldrb r0, [sb, r0] ",0
"mov r1, 0x24 ",0
"mul r0, r0, r1 ",0
"add r0, sb, r0 ",0
"ldr r1, [0x00025f28] ",0
"add r0, r0, r1 ",0
"mov r0, r0 ",0
"ldr r1, [0x00025f3c] ",0
"ldrb r1, [sb, r1] ",0
"mov r2, 0x70 ",0
"mul r1, r1, r2 ",0
"add r1, sb, r1 ",0
"ldr r2, [0x00025f24] ",0
"add r1, r1, r2 ",0
"mov r3, 0 ",0
"mov r0, r0 ",0
"mov r2, 0xf ",0
"cmp r3, r2 ",0
"movhs r2, 1 ",0
"movlo r2, 0 ",0
"cmp r2, 0 ",0
bne 0x25a3c ,0
"mov r0, r0 ",0
"ldrb r2, [r0, r3] ",0
"strb r2, [r1, r3] ",0
"add r3, r3, 1 ",0
b 0x25a08 ,0
"mov r0, r0 ",0
"mov r0, r0 ",0
"mov r0, r0 ",0
"ldr r0, [0x00025f3c] ",0
"ldrb r0, [sb, r0] ",0
"mov r1, 0x24 ",0
"mul r0, r0, r1 ",0
"add r0, sb, r0 ",0
"ldr r1, [0x00025f20] ",0
"add r0, r0, r1 ",0
"mov r0, r0 ",0
"ldr r1, [0x00025f3c] ",0
"ldrb r1, [sb, r1] ",0
"mov r2, 0x70 ",0
"mul r1, r1, r2 ",0
"add r1, sb, r1 ",0
"ldr r2, [0x00025f1c] ",0
"add r1, r1, r2 ",0
"mov r3, 0 ",0
"mov r0, r0 ",0
"mov r2, 9 ",0
"cmp r3, r2 ",0
"movhs r2, 1 ",0
"movlo r2, 0 ",0
"cmp r2, 0 ",0
bne 0x25ab8 ,0
"mov r0, r0 ",0
"ldrb r2, [r0, r3] ",0
"strb r2, [r1, r3] ",0
"add r3, r3, 1 ",0
b 0x25a84 ,0
"mov r0, r0 ",0
"mov r0, r0 ",0
"mov r0, r0 ",0
"ldr r0, [0x00025f18] ",0
"ldrb r0, [sb, r0] ",0
"cmp r0, 1 ",0
"moveq r0, 1 ",0
"movne r0, 0 ",0
"ldr r1, [0x00025f3c] ",0
"ldrb r1, [sb, r1] ",0
"ldr r2, [0x00025f38] ",0
"add r2, r2, r1 ",0
"ldrb r1, [sb, r2] ",0
"and r0, r0, r1 ",0
"eor r0, r0, 1 ",0
"mov r0, r0 ",0
"mov r0, r0 ",0
"cmp r0, 0 ",0
bne 0x25ee4 ,0
"mov r0, r0 ",0
"mov r0, r0 ",0
"mov r1, lr ",0
bl 0x25b18 ,0
"cdpmi p15, 5, c4, c5, c6, 2 ",1
"andeq r0, r0, r4, asr 32 ",1
"mov r0, lr ",0
"mov lr, r1 ",0
"mov r0, r0 ",0
"ldr r2, [0x00025f14] ",0
"add r1, sb, r2 ",0
"mov r3, 0 ",0
"mov r0, r0 ",0
"mov r2, 6 ",0
"cmp r3, r2 ",0
"movhs r2, 1 ",0
"movlo r2, 0 ",0
"cmp r2, 0 ",0
bne 0x25b64 ,0
"mov r0, r0 ",0
"ldrb r2, [r0, r3] ",0
"strb r2, [r1, r3] ",0
"add r3, r3, 1 ",0
b 0x25b30 ,0
"mov r0, r0 ",0
"mov r0, r0 ",0
"mov r0, r0 ",0
"mov r3, lr ",0
bl 0x25b78 ,0
"andeq r0, r0, pc, asr r0 ",1
"mov r2, lr ",0
"mov lr, r3 ",0
"mov r1, r2 ",0
"ldr r3, [0x00025f14] ",0
"add r2, sb, r3 ",0
"mov r0, r2 ",0
"str sb, [sp, -4]! ",0
"str r8, [sp, -4]! ",0
"str lr, [sp, -4]! ",0
"ldr r8, [0x00025f10] ",0
"ldr r8, [r8] ",0
"mov lr, pc ",0
"mov pc, r8 ",0
"mov r0, r0 ",0
pop {lr} ,0
pop {r8} ,0
pop {sb} ,0
"add sp, sp, 0 ",0
"mov r0, r0 ",0
"ldr r2, [0x00025f14] ",0
"add r1, sb, r2 ",0
"mov r3, 0 ",0
"mov r0, r0 ",0
"mov r2, 0x50 ",0
"cmp r3, r2 ",0
"movhs r2, 1 ",0
"movlo r2, 0 ",0
"cmp r2, 0 ",0
bne 0x25c04 ,0
"mov r0, r0 ",0
"ldrb r2, [r0, r3] ",0
"strb r2, [r1, r3] ",0
"add r3, r3, 1 ",0
b 0x25bd0 ,0
"mov r0, r0 ",0
"mov r0, r0 ",0
"mov r2, 0 ",0
"strb r2, [r1, 0x50] ",0
"mov r0, r0 ",0
"ldr r2, [0x00025f3c] ",0
"ldrb r2, [sb, r2] ",0
"mov r3, 0x24 ",0
"mul r2, r2, r3 ",0
"add r2, sb, r2 ",0
"ldr r3, [0x00025f28] ",0
"add r2, r2, r3 ",0
"mov r1, r2 ",0
"ldr r3, [0x00025f14] ",0
"add r2, sb, r3 ",0
"mov r0, r2 ",0
"str sb, [sp, -4]! ",0
"str r8, [sp, -4]! ",0
"str lr, [sp, -4]! ",0
"ldr r8, [0x00025f10] ",0
"ldr r8, [r8] ",0
"mov lr, pc ",0
"mov pc, r8 ",0
"mov r0, r0 ",0
pop {lr} ,0
pop {r8} ,0
pop {sb} ,0
"add sp, sp, 0 ",0
"mov r0, r0 ",0
"ldr r2, [0x00025f14] ",0
"add r1, sb, r2 ",0
"mov r3, 0 ",0
"mov r0, r0 ",0
"mov r2, 0x50 ",0
"cmp r3, r2 ",0
"movhs r2, 1 ",0
"movlo r2, 0 ",0
"cmp r2, 0 ",0
bne 0x25cb4 ,0
"mov r0, r0 ",0
"ldrb r2, [r0, r3] ",0
"strb r2, [r1, r3] ",0
"add r3, r3, 1 ",0
b 0x25c80 ,0
"mov r0, r0 ",0
"mov r0, r0 ",0
"mov r2, 0 ",0
"strb r2, [r1, 0x50] ",0
"mov r0, r0 ",0
"mov r3, lr ",0
bl 0x25cd0 ,0
"andeq r0, r0, pc, asr r0 ",1
"mov r2, lr ",0
"mov lr, r3 ",0
"mov r1, r2 ",0
"ldr r3, [0x00025f14] ",0
"add r2, sb, r3 ",0
"mov r0, r2 ",0
"str sb, [sp, -4]! ",0
"str r8, [sp, -4]! ",0
"str lr, [sp, -4]! ",0
"ldr r8, [0x00025f10] ",0
"ldr r8, [r8] ",0
"mov lr, pc ",0
"mov pc, r8 ",0
"mov r0, r0 ",0
pop {lr} ,0
pop {r8} ,0
pop {sb} ,0
"add sp, sp, 0 ",0
"mov r0, r0 ",0
"ldr r2, [0x00025f14] ",0
"add r1, sb, r2 ",0
"mov r3, 0 ",0
"mov r0, r0 ",0
"mov r2, 0x50 ",0
"cmp r3, r2 ",0
"movhs r2, 1 ",0
"movlo r2, 0 ",0
"cmp r2, 0 ",0
bne 0x25d5c ,0
"mov r0, r0 ",0
"ldrb r2, [r0, r3] ",0
"strb r2, [r1, r3] ",0
"add r3, r3, 1 ",0
b 0x25d28 ,0
"mov r0, r0 ",0
"mov r0, r0 ",0
"mov r2, 0 ",0
"strb r2, [r1, 0x50] ",0
"mov r0, r0 ",0
"ldr r2, [0x00025f3c] ",0
"ldrb r2, [sb, r2] ",0
"mov r3, 0x24 ",0
"mul r2, r2, r3 ",0
"add r2, sb, r2 ",0
"ldr r3, [0x00025f20] ",0
"add r2, r2, r3 ",0
"mov r1, r2 ",0
"ldr r3, [0x00025f14] ",0
"add r2, sb, r3 ",0
"mov r0, r2 ",0
"str sb, [sp, -4]! ",0
"str r8, [sp, -4]! ",0
"str lr, [sp, -4]! ",0
"ldr r8, [0x00025f10] ",0
"ldr r8, [r8] ",0
"mov lr, pc ",0
"mov pc, r8 ",0
"mov r0, r0 ",0
pop {lr} ,0
pop {r8} ,0
pop {sb} ,0
"add sp, sp, 0 ",0
"mov r0, r0 ",0
"ldr r2, [0x00025f14] ",0
"add r1, sb, r2 ",0
"mov r3, 0 ",0
"mov r0, r0 ",0
"mov r2, 0x50 ",0
"cmp r3, r2 ",0
"movhs r2, 1 ",0
"movlo r2, 0 ",0
"cmp r2, 0 ",0
bne 0x25e0c ,0
"mov r0, r0 ",0
"ldrb r2, [r0, r3] ",0
"strb r2, [r1, r3] ",0
"add r3, r3, 1 ",0
b 0x25dd8 ,0
"mov r0, r0 ",0
"mov r0, r0 ",0
"mov r2, 0 ",0
"strb r2, [r1, 0x50] ",0
"mov r0, r0 ",0
"mov r1, sb ",0
"ldr r3, [0x00025f0c] ",0
"sub sp, sp, r3 ",0
"mov r2, sp ",0
"ldr r4, [0x00025f14] ",0
"add r3, sb, r4 ",0
"add r4, r2, 0xac ",0
"mov r6, 0 ",0
"mov r0, r0 ",0
"mov r5, 0x51 ",0
"cmp r6, r5 ",0
"movhs r5, 1 ",0
"movlo r5, 0 ",0
"cmp r5, 0 ",0
bne 0x25e70 ,0
"mov r0, r0 ",0
"ldrb r5, [r3, r6] ",0
"strb r5, [r4, r6] ",0
"add r6, r6, 1 ",0
b 0x25e3c ,0
"mov r0, r0 ",0
"mov r0, r0 ",0
"mov r3, 0x64 ",0
"strh r3, [r2, 0xaa] ",0
"ldr r3, [0x00025f3c] ",0
"ldrb r3, [sb, r3] ",0
"strh r3, [r2, 0xa8] ",0
"ldr r8, [0x00025f08] ",0
"ldrsh r3, [r8] ",0
"strh r3, [r2, 0xa6] ",0
"ldrsh r3, [r8, -0x24] ",0
"strh r3, [r2, 0xa4] ",0
"mov sb, r2 ",0
"str r1, [sp, -4]! ",0
"str sb, [sp, -4]! ",0
"str r8, [sp, -4]! ",0
"str lr, [sp, -4]! ",0
"ldr r8, [0x00025f04] ",0
"ldr r8, [r8] ",0
"mov lr, pc ",0
"mov pc, r8 ",0
"mov r0, r0 ",0
pop {lr} ,0
pop {r8} ,0
pop {sb} ,0
pop {r1} ,0
"ldrb r0, [sb, 0xfd] ",0
"ldr r2, [0x00025f0c] ",0
"add sp, sp, r2 ",0
"mov sb, r1 ",0
"mov r0, r0 ",0
"mov r0, r0 ",0
"mov r0, r0 ",0
"mov r0, r0 ",0
"ldr r2, [0x00025f40] ",0
pop {r1} ,0
"str r1, [r2] ",0
"ldmdb fp, {fp, sp, pc} ",0
"andeq r0, r0, ip, ror 6 ",1
"andeq r3, r0, r0, lsr 32 ",1
"andeq r0, r0, r0, lsl 2 ",1
"andeq r0, r0, r0, lsl 5 ",1
"andeq sp, r1, ip, ror 19 ",1
"ldrdeq sp, lr, [r1], -r0 ",1
"andeq r6, r1, r3, lsl 20 ",1
"ldrdeq r1, r2, [r0], -r1 ",1
"strdeq r6, r7, [r1], -r2 ",1
"ldrdeq r1, r2, [r0], -lr ",1
"andeq r6, r1, r1, ror 19 ",1
"ldrdeq r1, r2, [r0], -sl ",1
"ldrdeq r6, r7, [r1], -r0 ",1
"andeq r0, r0, sp, asr 21 ",1
"ldrdeq sp, lr, [r1], -r1 ",1
"ldrdeq r2, r3, [r0], -r8 ",1
"mov ip, sp ",0
"push {fp, ip, lr} ",0
"mov fp, ip ",0
"ldr r0, [0x00026e54] ",0
"ldr r1, [r0] ",0
"str r1, [sp, -4]! ",0
"str sb, [r0] ",0
"mov r0, r0 ",0
"ldrb r0, [sb, 0x9c] ",0
"strb r0, [sb, 1] ",0
"mov r0, r0 ",0
"str r0, [sp, -4]! ",0
"mov r0, sb ",0
"str sb, [sp, -4]! ",0
"str r8, [sp, -4]! ",0
"str lr, [sp, -4]! ",0
"ldr r8, [0x00026e50] ",0
"ldr r8, [r8] ",0
"mov lr, pc ",0
"mov pc, r8 ",0
"mov r0, r0 ",0
pop {lr} ,0
pop {r8} ,0
pop {sb} ,0
pop {r0} ,0
"mov r0, r0 ",0
"ldrb r0, [sb, 2] ",0
"eor r0, r0, 1 ",0
"mov r0, r0 ",0
"mov r0, r0 ",0
"cmp r0, 0 ",0
bne 0x26004 ,0
"mov r0, r0 ",0
"mov r0, r0 ",0
"ldr r0, [sb, 0xac] ",0
"ldr r0, [r0] ",0
"add r0, r0, 1 ",0
"mov r0, r0 ",0
"ldr r1, [sb, 0xac] ",0
"str r0, [r1] ",0
"mov r0, r0 ",0
"ldr r0, [sb, 0xac] ",0
"ldr r0, [r0] ",0
"ldrsh r1, [sb, 0x76] ",0
"mul r0, r0, r1 ",0
"mov r0, r0 ",0
"ldr r1, [sb, 0xb0] ",0
"str r0, [r1] ",0
"mov r0, r0 ",0
"mov r0, r0 ",0
"mov r0, r0 ",0
"ldrb r0, [sb, 0x9c] ",0
"eor r0, r0, 1 ",0
"strb r0, [sb, 0xc] ",0
"ldr r0, [sb, 0x78] ",0
"str r0, [sb, 0x10] ",0
"mov r0, r0 ",0
"str r0, [sp, -4]! ",0
"add r0, sb, 4 ",0
"str sb, [sp, -4]! ",0
"str r8, [sp, -4]! ",0
"str lr, [sp, -4]! ",0
"ldr r8, [0x00026e4c] ",0
"ldr r8, [r8] ",0
"mov lr, pc ",0
"mov pc, r8 ",0
"mov r0, r0 ",0
pop {lr} ,0
pop {r8} ,0
pop {sb} ,0
pop {r0} ,0
"mov r0, r0 ",0
"ldrb r0, [sb, 0x14] ",0
"strb r0, [sb, 0x1d] ",0
"mov r0, r0 ",0
"str r0, [sp, -4]! ",0
"add r0, sb, 0x1c ",0
"str sb, [sp, -4]! ",0
"str r8, [sp, -4]! ",0
"str lr, [sp, -4]! ",0
"ldr r8, [0x00026e50] ",0
"ldr r8, [r8] ",0
"mov lr, pc ",0
"mov pc, r8 ",0
"mov r0, r0 ",0
pop {lr} ,0
pop {r8} ,0
pop {sb} ,0
pop {r0} ,0
"mov r0, r0 ",0
"ldrb r0, [sb, 0x14] ",0
"strb r0, [sb, 0x21] ",0
"mov r0, r0 ",0
"str r0, [sp, -4]! ",0
"add r0, sb, 0x20 ",0
"str sb, [sp, -4]! ",0
"str r8, [sp, -4]! ",0
"str lr, [sp, -4]! ",0
"ldr r8, [0x00026e48] ",0
"ldr r8, [r8] ",0
"mov lr, pc ",0
"mov pc, r8 ",0
"mov r0, r0 ",0
pop {lr} ,0
pop {r8} ,0
pop {sb} ,0
pop {r0} ,0
"mov r0, r0 ",0
"ldrb r0, [sb, 0x1e] ",0
"eor r0, r0, 1 ",0
"mov r0, r0 ",0
"mov r0, r0 ",0
"cmp r0, 0 ",0
bne 0x26204 ,0
"mov r0, r0 ",0
"mov r0, r0 ",0
"mov r0, 1 ",0
"mov r0, r0 ",0
"strb r0, [sb, 0xa5] ",0
"mov r0, r0 ",0
"mov r1, sb ",0
"ldr r3, [0x00026e44] ",0
"sub sp, sp, r3 ",0
"mov r2, sp ",0
"mov r4, lr ",0
bl 0x26150 ,0
"cmnvc r3, 0x13800000 ",1
"ldclmi p14, c6, [0x00025f74] ",1
"stclvs p6, c7, [sb, -0x1bc]! ",1
svcvs 0x746e65 ,1
"andeq r0, r0, r0 ",0
"mov r3, lr ",0
"mov lr, r4 ",0
"add r4, r2, 0xac ",0
"mov r6, 0 ",0
"mov r0, r0 ",0
"mov r5, 0x51 ",0
"cmp r6, r5 ",0
"movhs r5, 1 ",0
"movlo r5, 0 ",0
"cmp r5, 0 ",0
bne 0x26194 ,0
"mov r0, r0 ",0
"ldrb r5, [r3, r6] ",0
"strb r5, [r4, r6] ",0
"add r6, r6, 1 ",0
b 0x26160 ,0
"mov r0, r0 ",0
"mov r0, r0 ",0
"mov r3, 5 ",0
"strh r3, [r2, 0xaa] ",0
"ldrb r3, [sb, 0x74] ",0
"strh r3, [r2, 0xa8] ",0
"ldr r8, [0x00026e40] ",0
"ldrsh r3, [r8] ",0
"strh r3, [r2, 0xa6] ",0
"ldrsh r3, [r8, -0x38] ",0
"strh r3, [r2, 0xa4] ",0
"mov sb, r2 ",0
"str r1, [sp, -4]! ",0
"str sb, [sp, -4]! ",0
"str r8, [sp, -4]! ",0
"str lr, [sp, -4]! ",0
"ldr r8, [0x00026e3c] ",0
"ldr r8, [r8] ",0
"mov lr, pc ",0
"mov pc, r8 ",0
"mov r0, r0 ",0
pop {lr} ,0
pop {r8} ,0
pop {sb} ,0
pop {r1} ,0
"ldrb r0, [sb, 0xfd] ",0
"ldr r2, [0x00026e44] ",0
"add sp, sp, r2 ",0
"mov sb, r1 ",0
"mov r0, r0 ",0
"mov r0, r0 ",0
"mov r0, r0 ",0
"ldrb r1, [sb, 0x22] ",0
"eor r1, r1, 1 ",0
"mov r0, r0 ",0
"mov r0, r0 ",0
"cmp r1, 0 ",0
bne 0x26310 ,0
"mov r0, r0 ",0
"mov r0, r0 ",0
"mov r0, 0 ",0
"mov r0, r0 ",0
"strb r0, [sb, 0xa5] ",0
"mov r0, r0 ",0
"mov r1, sb ",0
"ldr r3, [0x00026e44] ",0
"sub sp, sp, r3 ",0
"mov r2, sp ",0
"mov r4, lr ",0
bl 0x2625c ,0
"andeq r0, r0, r0 ",0
"mov r3, lr ",0
"mov lr, r4 ",0
"add r4, r2, 0xac ",0
"mov r6, 0 ",0
"mov r0, r0 ",0
"mov r5, 0x51 ",0
"cmp r6, r5 ",0
"movhs r5, 1 ",0
"movlo r5, 0 ",0
"cmp r5, 0 ",0
bne 0x262a0 ,0
"mov r0, r0 ",0
"ldrb r5, [r3, r6] ",0
"strb r5, [r4, r6] ",0
"add r6, r6, 1 ",0
b 0x2626c ,0
"mov r0, r0 ",0
"mov r0, r0 ",0
"mov r3, 1 ",0
"strh r3, [r2, 0xaa] ",0
"ldrb r3, [sb, 0x74] ",0
"strh r3, [r2, 0xa8] ",0
"ldr r8, [0x00026e40] ",0
"ldrsh r3, [r8] ",0
"strh r3, [r2, 0xa6] ",0
"ldrsh r3, [r8, -0x3a] ",0
"strh r3, [r2, 0xa4] ",0
"mov sb, r2 ",0
"str r1, [sp, -4]! ",0
"str sb, [sp, -4]! ",0
"str r8, [sp, -4]! ",0
"str lr, [sp, -4]! ",0
"ldr r8, [0x00026e3c] ",0
"ldr r8, [r8] ",0
"mov lr, pc ",0
"mov pc, r8 ",0
"mov r0, r0 ",0
pop {lr} ,0
pop {r8} ,0
pop {sb} ,0
pop {r1} ,0
"ldrb r0, [sb, 0xfd] ",0
"ldr r2, [0x00026e44] ",0
"add sp, sp, r2 ",0
"mov sb, r1 ",0
"mov r0, r0 ",0
"mov r0, r0 ",0
"mov r0, r0 ",0
"ldrh r1, [sb, 0x9e] ",0
"ldrh r2, [sb, 0x90] ",0
"cmp r1, r2 ",0
"movhs r1, 1 ",0
"movlo r1, 0 ",0
"mov r0, r0 ",0
"strb r1, [sb, 0x24] ",0
"mov r0, r0 ",0
"ldrh r1, [sb, 0x9e] ",0
"ldrh r2, [sb, 0x92] ",0
"cmp r1, r2 ",0
"movls r1, 1 ",0
"movhi r1, 0 ",0
"mov r0, r0 ",0
"strb r1, [sb, 0x25] ",0
"mov r0, r0 ",0
"ldrb r1, [sb, 0x24] ",0
"ldrb r2, [sb, 0x25] ",0
"orr r1, r1, r2 ",0
"eor r1, r1, 1 ",0
"mov r0, r0 ",0
"strb r1, [sb, 0x26] ",0
"mov r0, r0 ",0
"str r0, [sp, -4]! ",0
"mov r0, sb ",0
"sub sp, sp, 0x18 ",0
"mov r2, sp ",0
"ldr r3, [sb, 0x80] ",0
"str r0, [sp, -4]! ",0
"mov r0, r3 ",0
"str r1, [sp, -4]! ",0
"str r2, [sp, -4]! ",0
"str sb, [sp, -4]! ",0
"str r8, [sp, -4]! ",0
"str lr, [sp, -4]! ",0
"ldr r8, [0x00026e38] ",0
"ldr r8, [r8] ",0
"mov lr, pc ",0
"mov pc, r8 ",0
"mov r0, r0 ",0
pop {lr} ,0
pop {r8} ,0
pop {sb} ,0
"mov r3, r0 ",0
pop {r2} ,0
pop {r1} ,0
pop {r0} ,0
"str r3, [r2, 0x10] ",0
"ldr r3, [sb, 0x88] ",0
"str r3, [r2, 0xc] ",0
"ldr r3, [sb, 0x7c] ",0
"str r0, [sp, -4]! ",0
"mov r0, r3 ",0
"str r1, [sp, -4]! ",0
"str r2, [sp, -4]! ",0
"str sb, [sp, -4]! ",0
"str r8, [sp, -4]! ",0
"str lr, [sp, -4]! ",0
"ldr r8, [0x00026e38] ",0
"ldr r8, [r8] ",0
"mov lr, pc ",0
"mov pc, r8 ",0
"mov r0, r0 ",0
pop {lr} ,0
pop {r8} ,0
pop {sb} ,0
"mov r3, r0 ",0
pop {r2} ,0
pop {r1} ,0
pop {r0} ,0
"str r3, [r2, 8] ",0
"ldr r3, [sb, 0x84] ",0
"str r3, [r2, 4] ",0
"ldrh r3, [sb, 0x9e] ",0
"str r0, [sp, -4]! ",0
"mov r0, r3 ",0
"str r1, [sp, -4]! ",0
"str r2, [sp, -4]! ",0
"str sb, [sp, -4]! ",0
"str r8, [sp, -4]! ",0
"str lr, [sp, -4]! ",0
"ldr r8, [0x00026e34] ",0
"ldr r8, [r8] ",0
"mov lr, pc ",0
"mov pc, r8 ",0
"mov r0, r0 ",0
pop {lr} ,0
pop {r8} ,0
pop {sb} ,0
"mov r3, r0 ",0
pop {r2} ,0
pop {r1} ,0
pop {r0} ,0
"str r3, [r2] ",0
"mov sb, r2 ",0
"str r0, [sp, -4]! ",0
"str sb, [sp, -4]! ",0
"str r8, [sp, -4]! ",0
"str lr, [sp, -4]! ",0
"ldr r8, [0x00026e30] ",0
"ldr r8, [r8] ",0
"mov lr, pc ",0
"mov pc, r8 ",0
"mov r0, r0 ",0
pop {lr} ,0
pop {r8} ,0
pop {sb} ,0
pop {r0} ,0
"ldr r1, [sb, 0x14] ",0
"add sp, sp, 0x18 ",0
"mov sb, r0 ",0
pop {r0} ,0
"str r0, [sp, -4]! ",0
"mov r0, r1 ",0
"str sb, [sp, -4]! ",0
"str r8, [sp, -4]! ",0
"str lr, [sp, -4]! ",0
"ldr r8, [0x00026e2c] ",0
"ldr r8, [r8] ",0
"mov lr, pc ",0
"mov pc, r8 ",0
"mov r0, r0 ",0
pop {lr} ,0
pop {r8} ,0
pop {sb} ,0
"mov r1, r0 ",0
pop {r0} ,0
"mov r0, r0 ",0
"str r1, [sb, 0xa0] ",0
"mov r0, r0 ",0
"ldrb r1, [sb, 0x26] ",0
"eor r1, r1, 1 ",0
"mov r0, r0 ",0
"mov r0, r0 ",0
"cmp r1, 0 ",0
bne 0x26ab0 ,0
"mov r0, r0 ",0
"mov r0, r0 ",0
"ldr r0, [sb, 0xa0] ",0
"str sb, [sp, -4]! ",0
"str r8, [sp, -4]! ",0
"str lr, [sp, -4]! ",0
"ldr r8, [0x00026e38] ",0
"ldr r8, [r8] ",0
"mov lr, pc ",0
"mov pc, r8 ",0
"mov r0, r0 ",0
pop {lr} ,0
pop {r8} ,0
pop {sb} ,0
"ldr r1, [sb, 0x94] ",0
"str r1, [sp, -4]! ",0
"str sb, [sp, -4]! ",0
"str r8, [sp, -4]! ",0
"str lr, [sp, -4]! ",0
"ldr r8, [0x00026e28] ",0
"ldr r8, [r8] ",0
"mov lr, pc ",0
"mov pc, r8 ",0
"mov r0, r0 ",0
pop {lr} ,0
pop {r8} ,0
pop {sb} ,0
pop {r1} ,0
"mov r0, r0 ",0
"strb r0, [sb, 0x27] ",0
"mov r0, r0 ",0
"ldr r0, [sb, 0xa0] ",0
"str sb, [sp, -4]! ",0
"str r8, [sp, -4]! ",0
"str lr, [sp, -4]! ",0
"ldr r8, [0x00026e38] ",0
"ldr r8, [r8] ",0
"mov lr, pc ",0
"mov pc, r8 ",0
"mov r0, r0 ",0
pop {lr} ,0
pop {r8} ,0
pop {sb} ,0
"ldr r1, [sb, 0x98] ",0
"str r1, [sp, -4]! ",0
"str sb, [sp, -4]! ",0
"str r8, [sp, -4]! ",0
"str lr, [sp, -4]! ",0
"ldr r8, [0x00026e24] ",0
"ldr r8, [r8] ",0
"mov lr, pc ",0
"mov pc, r8 ",0
"mov r0, r0 ",0
pop {lr} ,0
pop {r8} ,0
pop {sb} ,0
pop {r1} ,0
"mov r0, r0 ",0
"strb r0, [sb, 0x28] ",0
"mov r0, r0 ",0
"ldrb r0, [sb, 0x27] ",0
"ldrb r1, [sb, 0x28] ",0
"orr r0, r0, r1 ",0
"strb r0, [sb, 0x34] ",0
"ldrsh r0, [sb, 0x8c] ",0
"str r0, [sb, 0x38] ",0
"mov r0, r0 ",0
"str r0, [sp, -4]! ",0
"add r0, sb, 0x2c ",0
"str sb, [sp, -4]! ",0
"str r8, [sp, -4]! ",0
"str lr, [sp, -4]! ",0
"ldr r8, [0x00026e4c] ",0
"ldr r8, [r8] ",0
"mov lr, pc ",0
"mov pc, r8 ",0
"mov r0, r0 ",0
pop {lr} ,0
pop {r8} ,0
pop {sb} ,0
pop {r0} ,0
"mov r0, r0 ",0
"ldrb r0, [sb, 0x3c] ",0
"eor r0, r0, 1 ",0
"mov r0, r0 ",0
"mov r0, r0 ",0
"cmp r0, 0 ",0
bne 0x268a4 ,0
"mov r0, r0 ",0
"mov r0, r0 ",0
"ldrb r0, [sb, 0xa5] ",0
"mov r0, r0 ",0
"mov r0, r0 ",0
"cmp r0, 0 ",0
bne 0x2689c ,0
"mov r0, r0 ",0
"mov r0, r0 ",0
"mov r0, 1 ",0
"mov r0, r0 ",0
"strb r0, [sb, 0xa5] ",0
"mov r0, r0 ",0
"mov r1, sb ",0
"ldr r3, [0x00026e44] ",0
"sub sp, sp, r3 ",0
"mov r2, sp ",0
"ldr r4, [sb, 0xa0] ",0
"str r1, [sp, -4]! ",0
"mov r0, r4 ",0
"mov r1, 4 ",0
"str r2, [sp, -4]! ",0
"str r4, [sp, -4]! ",0
"str sb, [sp, -4]! ",0
"str r8, [sp, -4]! ",0
"str lr, [sp, -4]! ",0
"ldr r8, [0x00026e20] ",0
"ldr r8, [r8] ",0
"mov lr, pc ",0
"mov pc, r8 ",0
"mov r0, r0 ",0
pop {lr} ,0
pop {r8} ,0
pop {sb} ,0
"mov r3, r0 ",0
pop {r4} ,0
pop {r2} ,0
pop {r1} ,0
"add r4, r2, 0xac ",0
"mov r6, 0 ",0
"mov r0, r0 ",0
"mov r5, 0x51 ",0
"cmp r6, r5 ",0
"movhs r5, 1 ",0
"movlo r5, 0 ",0
"cmp r5, 0 ",0
bne 0x26770 ,0
"mov r0, r0 ",0
"ldrb r5, [r3, r6] ",0
"strb r5, [r4, r6] ",0
"add r6, r6, 1 ",0
b 0x2673c ,0
"mov r0, r0 ",0
"mov r0, r0 ",0
"ldr r4, [sb, 0xa0] ",0
"mov r0, r4 ",0
"str r1, [sp, -4]! ",0
"str r2, [sp, -4]! ",0
"str r3, [sp, -4]! ",0
"str sb, [sp, -4]! ",0
"str r8, [sp, -4]! ",0
"str lr, [sp, -4]! ",0
"ldr r8, [0x00026e38] ",0
"ldr r8, [r8] ",0
"mov lr, pc ",0
"mov pc, r8 ",0
"mov r0, r0 ",0
pop {lr} ,0
pop {r8} ,0
pop {sb} ,0
"mov r4, r0 ",0
pop {r3} ,0
pop {r2} ,0
pop {r1} ,0
"ldr r5, [sb, 0x98] ",0
"str r1, [sp, -4]! ",0
"mov r0, r4 ",0
"mov r1, r5 ",0
"str r2, [sp, -4]! ",0
"str r3, [sp, -4]! ",0
"str r5, [sp, -4]! ",0
"str sb, [sp, -4]! ",0
"str r8, [sp, -4]! ",0
"str lr, [sp, -4]! ",0
"ldr r8, [0x00026e1c] ",0
"ldr r8, [r8] ",0
"mov lr, pc ",0
"mov pc, r8 ",0
"mov r0, r0 ",0
pop {lr} ,0
pop {r8} ,0
pop {sb} ,0
"mov r4, r0 ",0
pop {r5} ,0
pop {r3} ,0
pop {r2} ,0
pop {r1} ,0
"mov r5, 2 ",0
"mov r6, 3 ",0
"cmp r4, 0 ",0
"moveq r5, r6 ",0
"mov r3, r5 ",0
"strh r3, [r2, 0xaa] ",0
"ldrb r3, [sb, 0x74] ",0
"strh r3, [r2, 0xa8] ",0
"ldr r8, [0x00026e40] ",0
"ldrsh r3, [r8] ",0
"strh r3, [r2, 0xa6] ",0
"ldrsh r3, [r8, -0x38] ",0
"strh r3, [r2, 0xa4] ",0
"mov sb, r2 ",0
"str r1, [sp, -4]! ",0
"str sb, [sp, -4]! ",0
"str r8, [sp, -4]! ",0
"str lr, [sp, -4]! ",0
"ldr r8, [0x00026e3c] ",0
"ldr r8, [r8] ",0
"mov lr, pc ",0
"mov pc, r8 ",0
"mov r0, r0 ",0
pop {lr} ,0
pop {r8} ,0
pop {sb} ,0
pop {r1} ,0
"ldrb r0, [sb, 0xfd] ",0
"ldr r2, [0x00026e44] ",0
"add sp, sp, r2 ",0
"mov sb, r1 ",0
"mov r0, r0 ",0
"mov r0, r0 ",0
"mov r0, r0 ",0
"mov r0, r0 ",0
"mov r0, r0 ",0
"ldrb r1, [sb, 0x8e] ",0
"ldrb r2, [sb, 0xa5] ",0
"orr r1, r1, r2 ",0
"ldrb r2, [sb, 0xa4] ",0
"orr r1, r1, r2 ",0
"ldrb r2, [sb, 0x3c] ",0
"eor r2, r2, 1 ",0
"and r1, r1, r2 ",0
"eor r1, r1, 1 ",0
"mov r0, r0 ",0
"mov r0, r0 ",0
"cmp r1, 0 ",0
bne 0x26a8c ,0
"mov r0, r0 ",0
"mov r0, r0 ",0
"mov r0, 0 ",0
"strb r0, [sb, 0x34] ",0
"ldrsh r0, [sb, 0x8c] ",0
"str r0, [sb, 0x38] ",0
"mov r0, r0 ",0
"str r0, [sp, -4]! ",0
"add r0, sb, 0x2c ",0
"str sb, [sp, -4]! ",0
"str r8, [sp, -4]! ",0
"str lr, [sp, -4]! ",0
"ldr r8, [0x00026e4c] ",0
"ldr r8, [r8] ",0
"mov lr, pc ",0
"mov pc, r8 ",0
"mov r0, r0 ",0
pop {lr} ,0
pop {r8} ,0
pop {sb} ,0
pop {r0} ,0
"mov r0, r0 ",0
"mov r0, 0 ",0
"strb r0, [sb, 0x64] ",0
"ldrsh r0, [sb, 0x8c] ",0
"str r0, [sb, 0x68] ",0
"mov r0, r0 ",0
"str r0, [sp, -4]! ",0
"add r0, sb, 0x5c ",0
"str sb, [sp, -4]! ",0
"str r8, [sp, -4]! ",0
"str lr, [sp, -4]! ",0
"ldr r8, [0x00026e4c] ",0
"ldr r8, [r8] ",0
"mov lr, pc ",0
"mov pc, r8 ",0
"mov r0, r0 ",0
pop {lr} ,0
pop {r8} ,0
pop {sb} ,0
pop {r0} ,0
"mov r0, r0 ",0
"mov r0, 0 ",0
"mov r0, r0 ",0
"strb r0, [sb, 0x8e] ",0
"mov r0, r0 ",0
"mov r0, 0 ",0
"mov r0, r0 ",0
"strb r0, [sb, 0xa4] ",0
"mov r0, r0 ",0
"mov r0, 0 ",0
"mov r0, r0 ",0
"strb r0, [sb, 0xa5] ",0
"mov r0, r0 ",0
"mov r1, sb ",0
"ldr r3, [0x00026e44] ",0
"sub sp, sp, r3 ",0
"mov r2, sp ",0
"mov r4, lr ",0
bl 0x269d8 ,0
"andeq r0, r0, r0 ",0
"mov r3, lr ",0
"mov lr, r4 ",0
"add r4, r2, 0xac ",0
"mov r6, 0 ",0
"mov r0, r0 ",0
"mov r5, 0x51 ",0
"cmp r6, r5 ",0
"movhs r5, 1 ",0
"movlo r5, 0 ",0
"cmp r5, 0 ",0
bne 0x26a1c ,0
"mov r0, r0 ",0
"ldrb r5, [r3, r6] ",0
"strb r5, [r4, r6] ",0
"add r6, r6, 1 ",0
b 0x269e8 ,0
"mov r0, r0 ",0
"mov r0, r0 ",0
"mov r3, 1 ",0
"strh r3, [r2, 0xaa] ",0
"ldrb r3, [sb, 0x74] ",0
"strh r3, [r2, 0xa8] ",0
"ldr r8, [0x00026e40] ",0
"ldrsh r3, [r8] ",0
"strh r3, [r2, 0xa6] ",0
"ldrsh r3, [r8, -0x3a] ",0
"strh r3, [r2, 0xa4] ",0
"mov sb, r2 ",0
"str r1, [sp, -4]! ",0
"str sb, [sp, -4]! ",0
"str r8, [sp, -4]! ",0
"str lr, [sp, -4]! ",0
"ldr r8, [0x00026e3c] ",0
"ldr r8, [r8] ",0
"mov lr, pc ",0
"mov pc, r8 ",0
"mov r0, r0 ",0
pop {lr} ,0
pop {r8} ,0
pop {sb} ,0
pop {r1} ,0
"ldrb r0, [sb, 0xfd] ",0
"ldr r2, [0x00026e44] ",0
"add sp, sp, r2 ",0
"mov sb, r1 ",0
"mov r0, r0 ",0
"mov r0, r0 ",0
"mov r0, r0 ",0
"ldr r1, [0x00026e18] ",0
"mov r0, r0 ",0
"str r1, [sb, 0xa8] ",0
"mov r0, r0 ",0
b 0x26df8 ,0
"mov r0, r0 ",0
"mov r0, r0 ",0
"mov r0, r0 ",0
"mov r0, 1 ",0
"strb r0, [sb, 0x64] ",0
"ldrsh r0, [sb, 0x8c] ",0
"str r0, [sb, 0x68] ",0
"mov r0, r0 ",0
"str r0, [sp, -4]! ",0
"add r0, sb, 0x5c ",0
"str sb, [sp, -4]! ",0
"str r8, [sp, -4]! ",0
"str lr, [sp, -4]! ",0
"ldr r8, [0x00026e4c] ",0
"ldr r8, [r8] ",0
"mov lr, pc ",0
"mov pc, r8 ",0
"mov r0, r0 ",0
pop {lr} ,0
pop {r8} ,0
pop {sb} ,0
pop {r0} ,0
"mov r0, r0 ",0
"ldrb r0, [sb, 0x6c] ",0
"eor r0, r0, 1 ",0
"mov r0, r0 ",0
"mov r0, r0 ",0
"cmp r0, 0 ",0
bne 0x26dd0 ,0
"mov r0, r0 ",0
"mov r0, r0 ",0
"ldrb r0, [sb, 0xa4] ",0
"mov r0, r0 ",0
"mov r0, r0 ",0
"cmp r0, 0 ",0
bne 0x26dc8 ,0
"mov r0, r0 ",0
"mov r0, r0 ",0
"mov r0, 1 ",0
"mov r0, r0 ",0
"strb r0, [sb, 0xa4] ",0
"mov r0, r0 ",0
"ldrb r0, [sb, 0x24] ",0
"eor r0, r0, 1 ",0
"mov r0, r0 ",0
"mov r0, r0 ",0
"cmp r0, 0 ",0
bne 0x26c84 ,0
"mov r0, r0 ",0
"mov r0, r0 ",0
"mov r1, sb ",0
"ldr r3, [0x00026e44] ",0
"sub sp, sp, r3 ",0
"mov r2, sp ",0
"ldr r4, [sb, 0xa0] ",0
"str r1, [sp, -4]! ",0
"mov r0, r4 ",0
"mov r1, 4 ",0
"str r2, [sp, -4]! ",0
"str r4, [sp, -4]! ",0
"str sb, [sp, -4]! ",0
"str r8, [sp, -4]! ",0
"str lr, [sp, -4]! ",0
"ldr r8, [0x00026e20] ",0
"ldr r8, [r8] ",0
"mov lr, pc ",0
"mov pc, r8 ",0
"mov r0, r0 ",0
pop {lr} ,0
pop {r8} ,0
pop {sb} ,0
"mov r3, r0 ",0
pop {r4} ,0
pop {r2} ,0
pop {r1} ,0
"add r4, r2, 0xac ",0
"mov r6, 0 ",0
"mov r0, r0 ",0
"mov r5, 0x51 ",0
"cmp r6, r5 ",0
"movhs r5, 1 ",0
"movlo r5, 0 ",0
"cmp r5, 0 ",0
bne 0x26c14 ,0
"mov r0, r0 ",0
"ldrb r5, [r3, r6] ",0
"strb r5, [r4, r6] ",0
"add r6, r6, 1 ",0
b 0x26be0 ,0
"mov r0, r0 ",0
"mov r0, r0 ",0
"mov r3, 6 ",0
"strh r3, [r2, 0xaa] ",0
"ldrb r3, [sb, 0x74] ",0
"strh r3, [r2, 0xa8] ",0
"ldr r8, [0x00026e40] ",0
"ldrsh r3, [r8] ",0
"strh r3, [r2, 0xa6] ",0
"ldrsh r3, [r8, -0x36] ",0
"strh r3, [r2, 0xa4] ",0
"mov sb, r2 ",0
"str r1, [sp, -4]! ",0
"str sb, [sp, -4]! ",0
"str r8, [sp, -4]! ",0
"str lr, [sp, -4]! ",0
"ldr r8, [0x00026e3c] ",0
"ldr r8, [r8] ",0
"mov lr, pc ",0
"mov pc, r8 ",0
"mov r0, r0 ",0
pop {lr} ,0
pop {r8} ,0
pop {sb} ,0
pop {r1} ,0
"ldrb r0, [sb, 0xfd] ",0
"ldr r2, [0x00026e44] ",0
"add sp, sp, r2 ",0
"mov sb, r1 ",0
"mov r0, r0 ",0
"mov r0, r0 ",0
"mov r0, r0 ",0
"ldrb r1, [sb, 0x25] ",0
"eor r1, r1, 1 ",0
"mov r0, r0 ",0
"mov r0, r0 ",0
"cmp r1, 0 ",0
bne 0x26dc0 ,0
"mov r0, r0 ",0
"mov r0, r0 ",0
"mov r1, sb ",0
"ldr r3, [0x00026e44] ",0
"sub sp, sp, r3 ",0
"mov r2, sp ",0
"ldr r4, [sb, 0xa0] ",0
"str r1, [sp, -4]! ",0
"mov r0, r4 ",0
"mov r1, 4 ",0
"str r2, [sp, -4]! ",0
"str r4, [sp, -4]! ",0
"str sb, [sp, -4]! ",0
"str r8, [sp, -4]! ",0
"str lr, [sp, -4]! ",0
"ldr r8, [0x00026e20] ",0
"ldr r8, [r8] ",0
"mov lr, pc ",0
"mov pc, r8 ",0
"mov r0, r0 ",0
pop {lr} ,0
pop {r8} ,0
pop {sb} ,0
"mov r3, r0 ",0
pop {r4} ,0
pop {r2} ,0
pop {r1} ,0
"add r4, r2, 0xac ",0
"mov r6, 0 ",0
"mov r0, r0 ",0
"mov r5, 0x51 ",0
"cmp r6, r5 ",0
"movhs r5, 1 ",0
"movlo r5, 0 ",0
"cmp r5, 0 ",0
bne 0x26d50 ,0
"mov r0, r0 ",0
"ldrb r5, [r3, r6] ",0
"strb r5, [r4, r6] ",0
"add r6, r6, 1 ",0
b 0x26d1c ,0
"mov r0, r0 ",0
"mov r0, r0 ",0
"mov r3, 4 ",0
"strh r3, [r2, 0xaa] ",0
"ldrb r3, [sb, 0x74] ",0
"strh r3, [r2, 0xa8] ",0
"ldr r8, [0x00026e40] ",0
"ldrsh r3, [r8] ",0
"strh r3, [r2, 0xa6] ",0
"ldrsh r3, [r8, -0x36] ",0
"strh r3, [r2, 0xa4] ",0
"mov sb, r2 ",0
"str r1, [sp, -4]! ",0
"str sb, [sp, -4]! ",0
"str r8, [sp, -4]! ",0
"str lr, [sp, -4]! ",0
"ldr r8, [0x00026e3c] ",0
"ldr r8, [r8] ",0
"mov lr, pc ",0
"mov pc, r8 ",0
"mov r0, r0 ",0
pop {lr} ,0
pop {r8} ,0
pop {sb} ,0
pop {r1} ,0
"ldrb r0, [sb, 0xfd] ",0
"ldr r2, [0x00026e44] ",0
"add sp, sp, r2 ",0
"mov sb, r1 ",0
"mov r0, r0 ",0
"mov r0, r0 ",0
"mov r0, r0 ",0
"mov r0, r0 ",0
"mov r0, r0 ",0
"mov r0, r0 ",0
"mov r0, r0 ",0
"ldr r1, [0x00026e14] ",0
"mov r0, r0 ",0
"str r1, [sb, 0xa8] ",0
"mov r0, r0 ",0
"mov r1, 1 ",0
"mov r0, r0 ",0
"strb r1, [sb, 0xa6] ",0
"mov r0, r0 ",0
"mov r0, r0 ",0
"mov r0, r0 ",0
"ldr r2, [0x00026e54] ",0
pop {r1} ,0
"str r1, [r2] ",0
"ldmdb fp, {fp, sp, pc} ",0
invalid ,1
"eoreq pc, r0, r0, lsr 32 ",1
"andeq r0, r0, r8, asr r4 ",1
"strheq r0, [r0], -r0 ",1
"andeq r0, r0, r4, asr r4 ",1
"andeq r0, r0, ip, asr r4 ",1
"andeq r0, r0, ip, ror 8 ",1
"andeq r0, r0, r4, ror 6 ",1
"andeq r0, r0, r8, ror 8 ",1
"andeq r0, r0, r4, ror 8 ",1
"andeq r0, r0, ip, ror 6 ",1
"andeq r3, r0, r6, lsr r0 ",1
"andeq r0, r0, r0, lsl 2 ",1
"andeq r0, r0, r0, lsr 5 ",1
"andeq r0, r0, r8, lsl 6 ",1
"strheq r0, [r0], -ip ",1
"ldrdeq r2, r3, [r0], -ip ",1
"mov ip, sp ",0
"push {fp, ip, lr} ",0
"mov fp, ip ",0
"str r0, [sp, -4]! ",0
"ldr r8, [0x00027138] ",0
"ldrb r1, [r8] ",0
"str r0, [sp, -4]! ",0
"mov r0, sb ",0
"str sb, [sp, -4]! ",0
"str r8, [sp, -4]! ",0
"str lr, [sp, -4]! ",0
"ldr r8, [0x00027134] ",0
"ldr r8, [r8] ",0
"mov lr, pc ",0
"mov pc, r8 ",0
"mov r0, r0 ",0
pop {lr} ,0
pop {r8} ,0
pop {sb} ,0
pop {r0} ,0
"mov r1, r0 ",0
"strb r1, [r8, -0x5e2] ",0
"ldrb r1, [r8] ",0
"str r0, [sp, -4]! ",0
"add r0, sb, 4 ",0
"str sb, [sp, -4]! ",0
"str r8, [sp, -4]! ",0
"str lr, [sp, -4]! ",0
"ldr r8, [0x00027130] ",0
"ldr r8, [r8] ",0
"mov lr, pc ",0
"mov pc, r8 ",0
"mov r0, r0 ",0
pop {lr} ,0
pop {r8} ,0
pop {sb} ,0
pop {r0} ,0
"mov r1, r0 ",0
"strb r1, [r8, -0x5e2] ",0
"ldrb r1, [r8] ",0
"str r0, [sp, -4]! ",0
"add r0, sb, 0x1c ",0
"str sb, [sp, -4]! ",0
"str r8, [sp, -4]! ",0
"str lr, [sp, -4]! ",0
"ldr r8, [0x00027134] ",0
"ldr r8, [r8] ",0
"mov lr, pc ",0
"mov pc, r8 ",0
"mov r0, r0 ",0
pop {lr} ,0
pop {r8} ,0
pop {sb} ,0
pop {r0} ,0
"mov r1, r0 ",0
"strb r1, [r8, -0x5e2] ",0
"ldrb r1, [r8] ",0
"str r0, [sp, -4]! ",0
"add r0, sb, 0x20 ",0
"str sb, [sp, -4]! ",0
"str r8, [sp, -4]! ",0
"str lr, [sp, -4]! ",0
"ldr r8, [0x0002712c] ",0
"ldr r8, [r8] ",0
"mov lr, pc ",0
"mov pc, r8 ",0
"mov r0, r0 ",0
pop {lr} ,0
pop {r8} ,0
pop {sb} ,0
pop {r0} ,0
"mov r1, r0 ",0
"strb r1, [r8, -0x5e2] ",0
"mov r1, 0 ",0
"strb r1, [sb, 0x24] ",0
"mov r1, 0 ",0
"strb r1, [sb, 0x25] ",0
"mov r1, 0 ",0
"strb r1, [sb, 0x26] ",0
"mov r1, 0 ",0
"strb r1, [sb, 0x27] ",0
"mov r1, 0 ",0
"strb r1, [sb, 0x28] ",0
"ldrb r1, [r8] ",0
"str r0, [sp, -4]! ",0
"add r0, sb, 0x2c ",0
"str sb, [sp, -4]! ",0
"str r8, [sp, -4]! ",0
"str lr, [sp, -4]! ",0
"ldr r8, [0x00027130] ",0
"ldr r8, [r8] ",0
"mov lr, pc ",0
"mov pc, r8 ",0
"mov r0, r0 ",0
pop {lr} ,0
pop {r8} ,0
pop {sb} ,0
pop {r0} ,0
"mov r1, r0 ",0
"strb r1, [r8, -0x5e2] ",0
"ldrb r1, [r8] ",0
"str r0, [sp, -4]! ",0
"add r0, sb, 0x44 ",0
"str sb, [sp, -4]! ",0
"str r8, [sp, -4]! ",0
"str lr, [sp, -4]! ",0
"ldr r8, [0x00027130] ",0
"ldr r8, [r8] ",0
"mov lr, pc ",0
"mov pc, r8 ",0
"mov r0, r0 ",0
pop {lr} ,0
pop {r8} ,0
pop {sb} ,0
pop {r0} ,0
"mov r1, r0 ",0
"strb r1, [r8, -0x5e2] ",0
"ldrb r1, [r8] ",0
"str r0, [sp, -4]! ",0
"add r0, sb, 0x5c ",0
"str sb, [sp, -4]! ",0
"str r8, [sp, -4]! ",0
"str lr, [sp, -4]! ",0
"ldr r8, [0x00027130] ",0
"ldr r8, [r8] ",0
"mov lr, pc ",0
"mov pc, r8 ",0
"mov r0, r0 ",0
pop {lr} ,0
pop {r8} ,0
pop {sb} ,0
pop {r0} ,0
"mov r1, r0 ",0
"strb r1, [r8, -0x5e2] ",0
"mov r1, 0 ",0
"strb r1, [sb, 0x74] ",0
"mov r1, 1 ",0
"strh r1, [sb, 0x76] ",0
"mov r1, 0 ",0
"str r1, [sb, 0x78] ",0
"mov r1, 0 ",0
"str r1, [sb, 0x7c] ",0
"mov r1, 0 ",0
"str r1, [sb, 0x80] ",0
"mov r1, 0 ",0
"str r1, [sb, 0x84] ",0
"mov r1, 0 ",0
"str r1, [sb, 0x88] ",0
"ldr r1, [0x00027128] ",0
"strh r1, [sb, 0x8c] ",0
"mov r1, 1 ",0
"strb r1, [sb, 0x8e] ",0
"mov r1, 0 ",0
"strh r1, [sb, 0x90] ",0
"mov r1, 0 ",0
"strh r1, [sb, 0x92] ",0
"mov r1, 0 ",0
"str r1, [sb, 0x94] ",0
"mov r1, 0 ",0
"str r1, [sb, 0x98] ",0
"mov r1, 0 ",0
"strb r1, [sb, 0x9c] ",0
"mov r1, 0 ",0
"strh r1, [sb, 0x9e] ",0
"mov r1, 0 ",0
"str r1, [sb, 0xa0] ",0
"mov r1, 0 ",0
"strb r1, [sb, 0xa4] ",0
"mov r1, 0 ",0
"strb r1, [sb, 0xa5] ",0
"mov r1, 0 ",0
"strb r1, [sb, 0xa6] ",0
"mov r1, 0 ",0
"str r1, [sb, 0xa8] ",0
pop {r0} ,0
"cmp r0, 0 ",0
bne 0x27120 ,0
"mov r0, r0 ",0
"mov r0, r0 ",0
"ldmdb fp, {fp, sp, pc} ",0
"ldrdeq r0, r1, [r0], -r0 ",1
"andeq r0, r0, r4, lsr 5 ",1
"andeq r0, r0, ip, lsl 6 ",1
"andeq r0, r0, r0, asr 5 ",1
"muleq r0, sb, r0 ",1
"mov ip, sp ",0
"push {fp, ip, lr} ",0
"mov fp, ip ",0
"ldr r0, [0x00027918] ",0
"ldr r1, [r0] ",0
"str r1, [sp, -4]! ",0
"str sb, [r0] ",0
"mov r0, r0 ",0
"ldr r0, [sb, 0x10] ",0
"str sb, [sp, -4]! ",0
"str r8, [sp, -4]! ",0
"str lr, [sp, -4]! ",0
"ldr r8, [0x00027914] ",0
"ldr r8, [r8] ",0
"mov lr, pc ",0
"mov pc, r8 ",0
"mov r0, r0 ",0
pop {lr} ,0
pop {r8} ,0
pop {sb} ,0
"ldr r1, [0x00027910] ",0
"str r1, [sp, -4]! ",0
"str r0, [sp, -4]! ",0
"ldrsh r3, [sb, 0xa] ",0
"mov r4, 2 ",0
"str r0, [sp, -4]! ",0
"mov r0, r4 ",0
"str r2, [sp, -4]! ",0
"str r3, [sp, -4]! ",0
"str r4, [sp, -4]! ",0
"str sb, [sp, -4]! ",0
"str r8, [sp, -4]! ",0
"str lr, [sp, -4]! ",0
"ldr r8, [0x00027914] ",0
"ldr r8, [r8] ",0
"mov lr, pc ",0
"mov pc, r8 ",0
"mov r0, r0 ",0
pop {lr} ,0
pop {r8} ,0
pop {sb} ,0
"mov r1, r0 ",0
pop {r4} ,0
pop {r3} ,0
pop {r2} ,0
pop {r0} ,0
"mov r4, r1 ",0
"mov r0, r3 ",0
"str r1, [sp, -4]! ",0
"str r2, [sp, -4]! ",0
"str r3, [sp, -4]! ",0
"str r4, [sp, -4]! ",0
"str sb, [sp, -4]! ",0
"str r8, [sp, -4]! ",0
"str lr, [sp, -4]! ",0
"ldr r8, [0x00027914] ",0
"ldr r8, [r8] ",0
"mov lr, pc ",0
"mov pc, r8 ",0
"mov r0, r0 ",0
pop {lr} ,0
pop {r8} ,0
pop {sb} ,0
pop {r4} ,0
pop {r3} ,0
pop {r2} ,0
pop {r1} ,0
"mov r1, r4 ",0
"str sb, [sp, -4]! ",0
"str r8, [sp, -4]! ",0
"str lr, [sp, -4]! ",0
"ldr r8, [0x0002790c] ",0
"ldr r8, [r8] ",0
"mov lr, pc ",0
"mov pc, r8 ",0
"mov r0, r0 ",0
pop {lr} ,0
pop {r8} ,0
pop {sb} ,0
"mov r2, r0 ",0
pop {r0} ,0
pop {r1} ,0
"str r0, [sp, -4]! ",0
"mov r0, r1 ",0
"mov r1, r2 ",0
"str r2, [sp, -4]! ",0
"str sb, [sp, -4]! ",0
"str r8, [sp, -4]! ",0
"str lr, [sp, -4]! ",0
"ldr r8, [0x00027908] ",0
"ldr r8, [r8] ",0
"mov lr, pc ",0
"mov pc, r8 ",0
"mov r0, r0 ",0
pop {lr} ,0
pop {r8} ,0
pop {sb} ,0
"mov r1, r0 ",0
pop {r2} ,0
pop {r0} ,0
"ldr r2, [0x00027904] ",0
"ldrsh r3, [sb, 0xa] ",0
"str r1, [sp, -4]! ",0
"str r0, [sp, -4]! ",0
"str r0, [sp, -4]! ",0
"mov r0, r3 ",0
"str r1, [sp, -4]! ",0
"str r2, [sp, -4]! ",0
"str sb, [sp, -4]! ",0
"str r8, [sp, -4]! ",0
"str lr, [sp, -4]! ",0
"ldr r8, [0x00027914] ",0
"ldr r8, [r8] ",0
"mov lr, pc ",0
"mov pc, r8 ",0
"mov r0, r0 ",0
pop {lr} ,0
pop {r8} ,0
pop {sb} ,0
"mov r3, r0 ",0
pop {r2} ,0
pop {r1} ,0
pop {r0} ,0
"mov r0, r2 ",0
"mov r1, r3 ",0
"str r3, [sp, -4]! ",0
"str sb, [sp, -4]! ",0
"str r8, [sp, -4]! ",0
"str lr, [sp, -4]! ",0
"ldr r8, [0x00027908] ",0
"ldr r8, [r8] ",0
"mov lr, pc ",0
"mov pc, r8 ",0
"mov r0, r0 ",0
pop {lr} ,0
pop {r8} ,0
pop {sb} ,0
"mov r2, r0 ",0
pop {r3} ,0
pop {r0} ,0
pop {r1} ,0
"str r0, [sp, -4]! ",0
"mov r0, r1 ",0
"mov r1, r2 ",0
"str r2, [sp, -4]! ",0
"str sb, [sp, -4]! ",0
"str r8, [sp, -4]! ",0
"str lr, [sp, -4]! ",0
"ldr r8, [0x00027900] ",0
"ldr r8, [r8] ",0
"mov lr, pc ",0
"mov pc, r8 ",0
"mov r0, r0 ",0
pop {lr} ,0
pop {r8} ,0
pop {sb} ,0
"mov r1, r0 ",0
pop {r2} ,0
pop {r0} ,0
"ldr r2, [0x000278fc] ",0
"str r0, [sp, -4]! ",0
"mov r0, r1 ",0
"mov r1, r2 ",0
"str r2, [sp, -4]! ",0
"str sb, [sp, -4]! ",0
"str r8, [sp, -4]! ",0
"str lr, [sp, -4]! ",0
"ldr r8, [0x000278f8] ",0
"ldr r8, [r8] ",0
"mov lr, pc ",0
"mov pc, r8 ",0
"mov r0, r0 ",0
pop {lr} ,0
pop {r8} ,0
pop {sb} ,0
"mov r1, r0 ",0
pop {r2} ,0
pop {r0} ,0
"str r1, [sp, -4]! ",0
"str sb, [sp, -4]! ",0
"str r8, [sp, -4]! ",0
"str lr, [sp, -4]! ",0
"ldr r8, [0x00027908] ",0
"ldr r8, [r8] ",0
"mov lr, pc ",0
"mov pc, r8 ",0
"mov r0, r0 ",0
pop {lr} ,0
pop {r8} ,0
pop {sb} ,0
pop {r1} ,0
"ldr r1, [0x000278f4] ",0
"str r1, [sp, -4]! ",0
"str sb, [sp, -4]! ",0
"str r8, [sp, -4]! ",0
"str lr, [sp, -4]! ",0
"ldr r8, [0x00027908] ",0
"ldr r8, [r8] ",0
"mov lr, pc ",0
"mov pc, r8 ",0
"mov r0, r0 ",0
pop {lr} ,0
pop {r8} ,0
pop {sb} ,0
pop {r1} ,0
"ldrsh r1, [sb, 0xa] ",0
"ldrsh r2, [sb, 0xc] ",0
"sub r1, r1, r2 ",0
"str r1, [sp, -4]! ",0
"str r0, [sp, -4]! ",0
"mov r0, r1 ",0
"str sb, [sp, -4]! ",0
"str r8, [sp, -4]! ",0
"str lr, [sp, -4]! ",0
"ldr r8, [0x00027914] ",0
"ldr r8, [r8] ",0
"mov lr, pc ",0
"mov pc, r8 ",0
"mov r0, r0 ",0
pop {lr} ,0
pop {r8} ,0
pop {sb} ,0
"mov r1, r0 ",0
pop {r0} ,0
"str sb, [sp, -4]! ",0
"str r8, [sp, -4]! ",0
"str lr, [sp, -4]! ",0
"ldr r8, [0x00027908] ",0
"ldr r8, [r8] ",0
"mov lr, pc ",0
"mov pc, r8 ",0
"mov r0, r0 ",0
pop {lr} ,0
pop {r8} ,0
pop {sb} ,0
pop {r1} ,0
"ldr r1, [0x000278f0] ",0
"str r1, [sp, -4]! ",0
"str sb, [sp, -4]! ",0
"str r8, [sp, -4]! ",0
"str lr, [sp, -4]! ",0
"ldr r8, [0x000278ec] ",0
"ldr r8, [r8] ",0
"mov lr, pc ",0
"mov pc, r8 ",0
"mov r0, r0 ",0
pop {lr} ,0
pop {r8} ,0
pop {sb} ,0
pop {r1} ,0
"mov r0, r0 ",0
"str r0, [sb, 0x50] ",0
"mov r0, r0 ",0
"ldrb r0, [sb] ",0
"mov r0, r0 ",0
"mov r0, r0 ",0
"cmp r0, 0 ",0
bne 0x27564 ,0
"mov r0, r0 ",0
"mov r0, r0 ",0
"mov r0, 1 ",0
"mov r0, r0 ",0
"strb r0, [sb] ",0
"mov r0, r0 ",0
b 0x276e4 ,0
"mov r0, r0 ",0
"mov r0, r0 ",0
"mov r0, r0 ",0
"ldr r0, [sb, 0x50] ",0
"ldr r1, [sb, 4] ",0
"str r1, [sp, -4]! ",0
"str sb, [sp, -4]! ",0
"str r8, [sp, -4]! ",0
"str lr, [sp, -4]! ",0
"ldr r8, [0x000278f8] ",0
"ldr r8, [r8] ",0
"mov lr, pc ",0
"mov pc, r8 ",0
"mov r0, r0 ",0
pop {lr} ,0
pop {r8} ,0
pop {sb} ,0
pop {r1} ,0
"mov r1, 0 ",0
"str r1, [sp, -4]! ",0
"str sb, [sp, -4]! ",0
"str r8, [sp, -4]! ",0
"str lr, [sp, -4]! ",0
"ldr r8, [0x000278e8] ",0
"ldr r8, [r8] ",0
"mov lr, pc ",0
"mov pc, r8 ",0
"mov r0, r0 ",0
pop {lr} ,0
pop {r8} ,0
pop {sb} ,0
pop {r1} ,0
"mov r0, r0 ",0
"mov r0, r0 ",0
"cmp r0, 0 ",0
bne 0x276dc ,0
"mov r0, r0 ",0
"mov r0, r0 ",0
"ldr r0, [sb, 0x5c] ",0
"ldr r0, [r0] ",0
"ldr r1, [sb, 0x50] ",0
"ldr r2, [sb, 4] ",0
"str r0, [sp, -4]! ",0
"mov r0, r1 ",0
"mov r1, r2 ",0
"str r2, [sp, -4]! ",0
"str sb, [sp, -4]! ",0
"str r8, [sp, -4]! ",0
"str lr, [sp, -4]! ",0
"ldr r8, [0x000278f8] ",0
"ldr r8, [r8] ",0
"mov lr, pc ",0
"mov pc, r8 ",0
"mov r0, r0 ",0
pop {lr} ,0
pop {r8} ,0
pop {sb} ,0
"mov r1, r0 ",0
pop {r2} ,0
pop {r0} ,0
"ldr r2, [0x000278e4] ",0
"str r0, [sp, -4]! ",0
"mov r0, r1 ",0
"mov r1, r2 ",0
"str r2, [sp, -4]! ",0
"str sb, [sp, -4]! ",0
"str r8, [sp, -4]! ",0
"str lr, [sp, -4]! ",0
"ldr r8, [0x000278ec] ",0
"ldr r8, [r8] ",0
"mov lr, pc ",0
"mov pc, r8 ",0
"mov r0, r0 ",0
pop {lr} ,0
pop {r8} ,0
pop {sb} ,0
"mov r1, r0 ",0
pop {r2} ,0
pop {r0} ,0
"str r1, [sp, -4]! ",0
"str sb, [sp, -4]! ",0
"str r8, [sp, -4]! ",0
"str lr, [sp, -4]! ",0
"ldr r8, [0x000278f8] ",0
"ldr r8, [r8] ",0
"mov lr, pc ",0
"mov pc, r8 ",0
"mov r0, r0 ",0
pop {lr} ,0
pop {r8} ,0
pop {sb} ,0
pop {r1} ,0
"mov r0, r0 ",0
"ldr r1, [sb, 0x5c] ",0
"str r0, [r1] ",0
"mov r0, r0 ",0
"mov r0, r0 ",0
"mov r0, r0 ",0
"mov r0, r0 ",0
"ldr r0, [sb, 0x50] ",0
"mov r0, r0 ",0
"str r0, [sb, 4] ",0
"mov r0, r0 ",0
"ldr r0, [sb, 0x5c] ",0
"ldr r0, [r0] ",0
"ldr r1, [0x000278e0] ",0
"str r1, [sp, -4]! ",0
"str sb, [sp, -4]! ",0
"str r8, [sp, -4]! ",0
"str lr, [sp, -4]! ",0
"ldr r8, [0x000278e8] ",0
"ldr r8, [r8] ",0
"mov lr, pc ",0
"mov pc, r8 ",0
"mov r0, r0 ",0
pop {lr} ,0
pop {r8} ,0
pop {sb} ,0
pop {r1} ,0
"mov r0, r0 ",0
"mov r0, r0 ",0
"cmp r0, 0 ",0
bne 0x277bc ,0
"mov r0, r0 ",0
"mov r0, r0 ",0
"ldr r0, [sb, 0x5c] ",0
"ldr r0, [r0] ",0
"ldr r1, [0x000278e0] ",0
"str r1, [sp, -4]! ",0
"str sb, [sp, -4]! ",0
"str r8, [sp, -4]! ",0
"str lr, [sp, -4]! ",0
"ldr r8, [0x00027900] ",0
"ldr r8, [r8] ",0
"mov lr, pc ",0
"mov pc, r8 ",0
"mov r0, r0 ",0
pop {lr} ,0
pop {r8} ,0
pop {sb} ,0
pop {r1} ,0
"mov r0, r0 ",0
"ldr r1, [sb, 0x5c] ",0
"str r0, [r1] ",0
"mov r0, r0 ",0
"ldr r0, [sb, 0x60] ",0
"ldr r0, [r0] ",0
"add r0, r0, 1 ",0
"mov r0, r0 ",0
"ldr r1, [sb, 0x60] ",0
"str r0, [r1] ",0
"mov r0, r0 ",0
"mov r0, r0 ",0
"mov r0, r0 ",0
"ldrsh r0, [sb, 0xa] ",0
"strh r0, [sb, 0x1a] ",0
"mov r0, r0 ",0
"str sb, [sp, -4]! ",0
"add sb, sb, 0x14 ",0
"str sb, [sp, -4]! ",0
"str r8, [sp, -4]! ",0
"str lr, [sp, -4]! ",0
"ldr r8, [0x000278dc] ",0
"ldr r8, [r8] ",0
"mov lr, pc ",0
"mov pc, r8 ",0
"mov r0, r0 ",0
pop {lr} ,0
pop {r8} ,0
pop {sb} ,0
pop {sb} ,0
"mov r0, r0 ",0
"ldrsh r0, [sb, 0xc] ",0
"strh r0, [sb, 0x2a] ",0
"mov r0, r0 ",0
"str sb, [sp, -4]! ",0
"add sb, sb, 0x24 ",0
"str sb, [sp, -4]! ",0
"str r8, [sp, -4]! ",0
"str lr, [sp, -4]! ",0
"ldr r8, [0x000278dc] ",0
"ldr r8, [r8] ",0
"mov lr, pc ",0
"mov pc, r8 ",0
"mov r0, r0 ",0
pop {lr} ,0
pop {r8} ,0
pop {sb} ,0
pop {sb} ,0
"mov r0, r0 ",0
"ldr r0, [sb, 0x10] ",0
"str r0, [sb, 0x3c] ",0
"mov r0, r0 ",0
"str sb, [sp, -4]! ",0
"add sb, sb, 0x34 ",0
"str sb, [sp, -4]! ",0
"str r8, [sp, -4]! ",0
"str lr, [sp, -4]! ",0
"ldr r8, [0x000278d8] ",0
"ldr r8, [r8] ",0
"mov lr, pc ",0
"mov pc, r8 ",0
"mov r0, r0 ",0
pop {lr} ,0
pop {r8} ,0
pop {sb} ,0
pop {sb} ,0
"mov r0, r0 ",0
"mov r0, 0 ",0
"mov r0, r0 ",0
"strb r0, [sb, 0x54] ",0
"mov r0, r0 ",0
"ldr r0, [0x000278d4] ",0
"mov r0, r0 ",0
"str r0, [sb, 0x58] ",0
"mov r0, r0 ",0
"mov r0, r0 ",0
"ldr r1, [0x00027918] ",0
pop {r0} ,0
"str r0, [r1] ",0
"ldmdb fp, {fp, sp, pc} ",0
"eoreq pc, r0, r0, lsr 32 ",1
"andeq r0, r0, r4, lsr 6 ",1
"andeq r0, r0, r4, lsr r3 ",1
"ldrmi r4, [ip], -r0 ",1
invalid ,1
"andeq r0, r0, r8, asr r4 ",1
"andeq r0, r0, r8, asr 8 ",1
invalid ,1
"addmi pc, r5, r4, asr 20 ",1
"andeq r0, r0, ip, lsr r4 ",1
"ldrbtmi lr, [sl], -0 ",1
"andeq r0, r0, r0, asr 8 ",1
"ldclo p2, c2, [sb], {0x10} ",1
"andeq r0, r0, r4, asr 8 ",1
"muleq r0, r8, r4 ",1
"ldrblt pc, [sb, r8, lsr 29] ",1
"andeq r0, r0, r4, ror 8 ",1
"andeq r2, r0, r0, ror 5 ",1
"mov ip, sp ",0
"push {fp, ip, lr} ",0
"mov fp, ip ",0
"str r0, [sp, -4]! ",0
"mov r1, 0 ",0
"strb r1, [sb] ",0
"mov r1, 0 ",0
"strb r1, [sb, 1] ",0
"mov r1, 0 ",0
"str r1, [sb, 4] ",0
"mov r1, 0 ",0
"strb r1, [sb, 8] ",0
"mov r1, 0 ",0
"strh r1, [sb, 0xa] ",0
"mov r1, 0 ",0
"strh r1, [sb, 0xc] ",0
"mov r1, 0 ",0
"str r1, [sb, 0x10] ",0
"ldr r8, [0x00027aa8] ",0
"ldrb r1, [r8] ",0
"str r0, [sp, -4]! ",0
"str sb, [sp, -4]! ",0
"add sb, sb, 0x14 ",0
"mov r0, r1 ",0
"str r1, [sp, -4]! ",0
"str sb, [sp, -4]! ",0
"str r8, [sp, -4]! ",0
"str lr, [sp, -4]! ",0
"ldr r8, [0x00027aa4] ",0
"ldr r8, [r8] ",0
"mov lr, pc ",0
"mov pc, r8 ",0
"mov r0, r0 ",0
pop {lr} ,0
pop {r8} ,0
pop {sb} ,0
pop {r1} ,0
pop {sb} ,0
pop {r0} ,0
"mov r1, r0 ",0
"strb r1, [r8, -0x5e2] ",0
"ldrb r1, [r8] ",0
"str r0, [sp, -4]! ",0
"str sb, [sp, -4]! ",0
"add sb, sb, 0x24 ",0
"mov r0, r1 ",0
"str r1, [sp, -4]! ",0
"str sb, [sp, -4]! ",0
"str r8, [sp, -4]! ",0
"str lr, [sp, -4]! ",0
"ldr r8, [0x00027aa4] ",0
"ldr r8, [r8] ",0
"mov lr, pc ",0
"mov pc, r8 ",0
"mov r0, r0 ",0
pop {lr} ,0
pop {r8} ,0
pop {sb} ,0
pop {r1} ,0
pop {sb} ,0
pop {r0} ,0
"mov r1, r0 ",0
"strb r1, [r8, -0x5e2] ",0
"ldrb r1, [r8] ",0
"str r0, [sp, -4]! ",0
"str sb, [sp, -4]! ",0
"add sb, sb, 0x34 ",0
"mov r0, r1 ",0
"str r1, [sp, -4]! ",0
"str sb, [sp, -4]! ",0
"str r8, [sp, -4]! ",0
"str lr, [sp, -4]! ",0
"ldr r8, [0x00027aa0] ",0
"ldr r8, [r8] ",0
"mov lr, pc ",0
"mov pc, r8 ",0
"mov r0, r0 ",0
pop {lr} ,0
pop {r8} ,0
pop {sb} ,0
pop {r1} ,0
pop {sb} ,0
pop {r0} ,0
"mov r1, r0 ",0
"strb r1, [r8, -0x5e2] ",0
"mov r1, 0 ",0
"str r1, [sb, 0x50] ",0
"mov r1, 0 ",0
"strb r1, [sb, 0x54] ",0
"mov r1, 0 ",0
"str r1, [sb, 0x58] ",0
pop {r0} ,0
"cmp r0, 0 ",0
bne 0x27a98 ,0
"mov r0, r0 ",0
"mov r0, r0 ",0
"ldmdb fp, {fp, sp, pc} ",0
"andeq r0, r0, r8, lsr 6 ",1
"andeq r0, r0, r8, lsr r3 ",1
"muleq r0, sb, r0 ",1
"mov ip, sp ",0
"push {fp, ip, lr} ",0
"mov fp, ip ",0
"ldr r0, [0x0002867c] ",0
"ldr r1, [r0] ",0
"str r1, [sp, -4]! ",0
"str sb, [r0] ",0
"mov r0, r0 ",0
"mov r3, 4 ",0
"mov r2, r3 ",0
"ldrb r4, [sb, 8] ",0
"mov r0, r4 ",0
"mov r1, 2 ",0
"str r2, [sp, -4]! ",0
"str r4, [sp, -4]! ",0
"str sb, [sp, -4]! ",0
"str r8, [sp, -4]! ",0
"str lr, [sp, -4]! ",0
"ldr r8, [0x00028678] ",0
"ldr r8, [r8] ",0
"mov lr, pc ",0
"mov pc, r8 ",0
"mov r0, r0 ",0
pop {lr} ,0
pop {r8} ,0
pop {sb} ,0
"mov r3, r0 ",0
pop {r4} ,0
pop {r2} ,0
"mov r1, r3 ",0
"mov r4, lr ",0
bl 0x27b34 ,0
"subsmi r4, r4, 0x98000000 ",1
"andeq r0, r0, sp, lsr r0 ",1
"mov r3, lr ",0
"mov lr, r4 ",0
"mov r0, r3 ",0
"str sb, [sp, -4]! ",0
"str r8, [sp, -4]! ",0
"str lr, [sp, -4]! ",0
"ldr r8, [0x00028674] ",0
"ldr r8, [r8] ",0
"mov lr, pc ",0
"mov pc, r8 ",0
"mov r0, r0 ",0
pop {lr} ,0
pop {r8} ,0
pop {sb} ,0
"add sp, sp, 0 ",0
"mov r0, r0 ",0
"ldr r8, [0x00028670] ",0
"ldr r2, [0x0002866c] ",0
"add r1, r8, r2 ",0
"mov r3, 0 ",0
"mov r0, r0 ",0
"ldr r2, [0x00028668] ",0
"cmp r3, r2 ",0
"movhs r2, 1 ",0
"movlo r2, 0 ",0
"cmp r2, 0 ",0
bne 0x27bb8 ,0
"mov r0, r0 ",0
"ldrb r2, [r0, r3] ",0
"strb r2, [r1, r3] ",0
"add r3, r3, 1 ",0
b 0x27b84 ,0
"mov r0, r0 ",0
"mov r0, r0 ",0
"mov r0, r0 ",0
"ldrb r0, [sb, 8] ",0
"cmp r0, 0xa ",0
"movhs r0, 1 ",0
"movlo r0, 0 ",0
"mov r0, r0 ",0
"mov r0, r0 ",0
"cmp r0, 0 ",0
bne 0x27c90 ,0
"mov r0, r0 ",0
"mov r0, r0 ",0
"mov r3, 4 ",0
"mov r2, r3 ",0
"mov r4, lr ",0
bl 0x27bfc ,0
"andeq r0, r0, r0, lsr r0 ",0
"mov r3, lr ",0
"mov lr, r4 ",0
"mov r1, r3 ",0
"ldr r8, [0x00028670] ",0
"ldr r4, [0x0002866c] ",0
"add r3, r8, r4 ",0
"mov r0, r3 ",0
"str sb, [sp, -4]! ",0
"str r8, [sp, -4]! ",0
"str lr, [sp, -4]! ",0
"ldr r8, [0x00028674] ",0
"ldr r8, [r8] ",0
"mov lr, pc ",0
"mov pc, r8 ",0
"mov r0, r0 ",0
pop {lr} ,0
pop {r8} ,0
pop {sb} ,0
"add sp, sp, 0 ",0
"mov r0, r0 ",0
"ldr r2, [0x0002866c] ",0
"add r1, r8, r2 ",0
"mov r3, 0 ",0
"mov r0, r0 ",0
"ldr r2, [0x00028668] ",0
"cmp r3, r2 ",0
"movhs r2, 1 ",0
"movlo r2, 0 ",0
"cmp r2, 0 ",0
bne 0x27c8c ,0
"mov r0, r0 ",0
"ldrb r2, [r0, r3] ",0
"strb r2, [r1, r3] ",0
"add r3, r3, 1 ",0
b 0x27c58 ,0
"mov r0, r0 ",0
"mov r0, r0 ",0
"mov r0, r0 ",0
"mov r0, r0 ",0
"mov r0, r0 ",0
"str sb, [sp, -4]! ",0
"str r8, [sp, -4]! ",0
"str lr, [sp, -4]! ",0
"ldr r8, [0x00028664] ",0
"ldr r8, [r8] ",0
"mov lr, pc ",0
"mov pc, r8 ",0
"mov r0, r0 ",0
pop {lr} ,0
pop {r8} ,0
pop {sb} ,0
"mov r0, r0 ",0
"ldrsh r3, [sb, 0x1e] ",0
"mov r0, r3 ",0
"mov r1, 1 ",0
"str r3, [sp, -4]! ",0
"str sb, [sp, -4]! ",0
"str r8, [sp, -4]! ",0
"str lr, [sp, -4]! ",0
"ldr r8, [0x00028678] ",0
"ldr r8, [r8] ",0
"mov lr, pc ",0
"mov pc, r8 ",0
"mov r0, r0 ",0
pop {lr} ,0
pop {r8} ,0
pop {sb} ,0
"mov r2, r0 ",0
pop {r3} ,0
"mov r1, r2 ",0
"ldr r8, [0x00028670] ",0
"ldr r3, [0x0002866c] ",0
"add r2, r8, r3 ",0
"mov r0, r2 ",0
"str sb, [sp, -4]! ",0
"str r8, [sp, -4]! ",0
"str lr, [sp, -4]! ",0
"ldr r8, [0x00028660] ",0
"ldr r8, [r8] ",0
"mov lr, pc ",0
"mov pc, r8 ",0
"mov r0, r0 ",0
pop {lr} ,0
pop {r8} ,0
pop {sb} ,0
"add sp, sp, 0 ",0
"mov r0, r0 ",0
"ldr r2, [0x0002866c] ",0
"add r1, r8, r2 ",0
"mov r3, 0 ",0
"mov r0, r0 ",0
"ldr r2, [0x00028668] ",0
"cmp r3, r2 ",0
"movhs r2, 1 ",0
"movlo r2, 0 ",0
"cmp r2, 0 ",0
bne 0x27d98 ,0
"mov r0, r0 ",0
"ldrb r2, [r0, r3] ",0
"strb r2, [r1, r3] ",0
"add r3, r3, 1 ",0
b 0x27d64 ,0
"mov r0, r0 ",0
"mov r0, r0 ",0
"mov r0, r0 ",0
"mov r3, lr ",0
bl 0x27dac ,0
"andeq r0, r0, fp, lsr r0 ",1
"mov r2, lr ",0
"mov lr, r3 ",0
"mov r1, r2 ",0
"ldr r8, [0x00028670] ",0
"ldr r3, [0x0002866c] ",0
"add r2, r8, r3 ",0
"mov r0, r2 ",0
"str sb, [sp, -4]! ",0
"str r8, [sp, -4]! ",0
"str lr, [sp, -4]! ",0
"ldr r8, [0x00028660] ",0
"ldr r8, [r8] ",0
"mov lr, pc ",0
"mov pc, r8 ",0
"mov r0, r0 ",0
pop {lr} ,0
pop {r8} ,0
pop {sb} ,0
"add sp, sp, 0 ",0
"mov r0, r0 ",0
"ldr r2, [0x0002866c] ",0
"add r1, r8, r2 ",0
"mov r3, 0 ",0
"mov r0, r0 ",0
"ldr r2, [0x00028668] ",0
"cmp r3, r2 ",0
"movhs r2, 1 ",0
"movlo r2, 0 ",0
"cmp r2, 0 ",0
bne 0x27e3c ,0
"mov r0, r0 ",0
"ldrb r2, [r0, r3] ",0
"strb r2, [r1, r3] ",0
"add r3, r3, 1 ",0
b 0x27e08 ,0
"mov r0, r0 ",0
"mov r0, r0 ",0
"mov r0, r0 ",0
"ldrsh r3, [sb, 0x2e] ",0
"mov r0, r3 ",0
"mov r1, 1 ",0
"str r3, [sp, -4]! ",0
"str sb, [sp, -4]! ",0
"str r8, [sp, -4]! ",0
"str lr, [sp, -4]! ",0
"ldr r8, [0x00028678] ",0
"ldr r8, [r8] ",0
"mov lr, pc ",0
"mov pc, r8 ",0
"mov r0, r0 ",0
pop {lr} ,0
pop {r8} ,0
pop {sb} ,0
"mov r2, r0 ",0
pop {r3} ,0
"mov r1, r2 ",0
"ldr r8, [0x00028670] ",0
"ldr r3, [0x0002866c] ",0
"add r2, r8, r3 ",0
"mov r0, r2 ",0
"str sb, [sp, -4]! ",0
"str r8, [sp, -4]! ",0
"str lr, [sp, -4]! ",0
"ldr r8, [0x00028660] ",0
"ldr r8, [r8] ",0
"mov lr, pc ",0
"mov pc, r8 ",0
"mov r0, r0 ",0
pop {lr} ,0
pop {r8} ,0
pop {sb} ,0
"add sp, sp, 0 ",0
"mov r0, r0 ",0
"ldr r2, [0x0002866c] ",0
"add r1, r8, r2 ",0
"mov r3, 0 ",0
"mov r0, r0 ",0
"ldr r2, [0x00028668] ",0
"cmp r3, r2 ",0
"movhs r2, 1 ",0
"movlo r2, 0 ",0
"cmp r2, 0 ",0
bne 0x27f10 ,0
"mov r0, r0 ",0
"ldrb r2, [r0, r3] ",0
"strb r2, [r1, r3] ",0
"add r3, r3, 1 ",0
b 0x27edc ,0
"mov r0, r0 ",0
"mov r0, r0 ",0
"mov r0, r0 ",0
"mov r3, lr ",0
bl 0x27f24 ,0
"andeq r0, r0, fp, lsr r0 ",1
"mov r2, lr ",0
"mov lr, r3 ",0
"mov r1, r2 ",0
"ldr r8, [0x00028670] ",0
"ldr r3, [0x0002866c] ",0
"add r2, r8, r3 ",0
"mov r0, r2 ",0
"str sb, [sp, -4]! ",0
"str r8, [sp, -4]! ",0
"str lr, [sp, -4]! ",0
"ldr r8, [0x00028660] ",0
"ldr r8, [r8] ",0
"mov lr, pc ",0
"mov pc, r8 ",0
"mov r0, r0 ",0
pop {lr} ,0
pop {r8} ,0
pop {sb} ,0
"add sp, sp, 0 ",0
"mov r0, r0 ",0
"ldr r2, [0x0002866c] ",0
"add r1, r8, r2 ",0
"mov r3, 0 ",0
"mov r0, r0 ",0
"ldr r2, [0x00028668] ",0
"cmp r3, r2 ",0
"movhs r2, 1 ",0
"movlo r2, 0 ",0
"cmp r2, 0 ",0
bne 0x27fb4 ,0
"mov r0, r0 ",0
"ldrb r2, [r0, r3] ",0
"strb r2, [r1, r3] ",0
"add r3, r3, 1 ",0
b 0x27f80 ,0
"mov r0, r0 ",0
"mov r0, r0 ",0
"mov r0, r0 ",0
"ldr r3, [sb, 0x44] ",0
"mov r0, r3 ",0
"mov r1, 4 ",0
"str r3, [sp, -4]! ",0
"str sb, [sp, -4]! ",0
"str r8, [sp, -4]! ",0
"str lr, [sp, -4]! ",0
"ldr r8, [0x00028678] ",0
"ldr r8, [r8] ",0
"mov lr, pc ",0
"mov pc, r8 ",0
"mov r0, r0 ",0
pop {lr} ,0
pop {r8} ,0
pop {sb} ,0
"mov r2, r0 ",0
pop {r3} ,0
"mov r1, r2 ",0
"ldr r8, [0x00028670] ",0
"ldr r3, [0x0002866c] ",0
"add r2, r8, r3 ",0
"mov r0, r2 ",0
"str sb, [sp, -4]! ",0
"str r8, [sp, -4]! ",0
"str lr, [sp, -4]! ",0
"ldr r8, [0x00028660] ",0
"ldr r8, [r8] ",0
"mov lr, pc ",0
"mov pc, r8 ",0
"mov r0, r0 ",0
pop {lr} ,0
pop {r8} ,0
pop {sb} ,0
"add sp, sp, 0 ",0
"mov r0, r0 ",0
"ldr r2, [0x0002866c] ",0
"add r1, r8, r2 ",0
"mov r3, 0 ",0
"mov r0, r0 ",0
"ldr r2, [0x00028668] ",0
"cmp r3, r2 ",0
"movhs r2, 1 ",0
"movlo r2, 0 ",0
"cmp r2, 0 ",0
bne 0x28088 ,0
"mov r0, r0 ",0
"ldrb r2, [r0, r3] ",0
"strb r2, [r1, r3] ",0
"add r3, r3, 1 ",0
b 0x28054 ,0
"mov r0, r0 ",0
"mov r0, r0 ",0
"mov r0, r0 ",0
"mov r3, lr ",0
bl 0x2809c ,0
"andeq r0, r0, fp, lsr r0 ",1
"mov r2, lr ",0
"mov lr, r3 ",0
"mov r1, r2 ",0
"ldr r8, [0x00028670] ",0
"ldr r3, [0x0002866c] ",0
"add r2, r8, r3 ",0
"mov r0, r2 ",0
"str sb, [sp, -4]! ",0
"str r8, [sp, -4]! ",0
"str lr, [sp, -4]! ",0
"ldr r8, [0x00028660] ",0
"ldr r8, [r8] ",0
"mov lr, pc ",0
"mov pc, r8 ",0
"mov r0, r0 ",0
pop {lr} ,0
pop {r8} ,0
pop {sb} ,0
"add sp, sp, 0 ",0
"mov r0, r0 ",0
"ldr r2, [0x0002866c] ",0
"add r1, r8, r2 ",0
"mov r3, 0 ",0
"mov r0, r0 ",0
"ldr r2, [0x00028668] ",0
"cmp r3, r2 ",0
"movhs r2, 1 ",0
"movlo r2, 0 ",0
"cmp r2, 0 ",0
bne 0x2812c ,0
"mov r0, r0 ",0
"ldrb r2, [r0, r3] ",0
"strb r2, [r1, r3] ",0
"add r3, r3, 1 ",0
b 0x280f8 ,0
"mov r0, r0 ",0
"mov r0, r0 ",0
"mov r0, r0 ",0
"str sb, [sp, -4]! ",0
"str r8, [sp, -4]! ",0
"str lr, [sp, -4]! ",0
"ldr r8, [0x0002865c] ",0
"ldr r8, [r8] ",0
"mov lr, pc ",0
"mov pc, r8 ",0
"mov r0, r0 ",0
pop {lr} ,0
pop {r8} ,0
pop {sb} ,0
"mov r0, r0 ",0
"ldr r3, [sb, 0x50] ",0
"ldr r4, [0x00028658] ",0
"mov r0, r3 ",0
"mov r1, r4 ",0
"str r2, [sp, -4]! ",0
"str r4, [sp, -4]! ",0
"str sb, [sp, -4]! ",0
"str r8, [sp, -4]! ",0
"str lr, [sp, -4]! ",0
"ldr r8, [0x00028654] ",0
"ldr r8, [r8] ",0
"mov lr, pc ",0
"mov pc, r8 ",0
"mov r0, r0 ",0
pop {lr} ,0
pop {r8} ,0
pop {sb} ,0
"mov r3, r0 ",0
pop {r4} ,0
pop {r2} ,0
"mov r0, r3 ",0
"str r2, [sp, -4]! ",0
"str sb, [sp, -4]! ",0
"str r8, [sp, -4]! ",0
"str lr, [sp, -4]! ",0
"ldr r8, [0x00028650] ",0
"ldr r8, [r8] ",0
"mov lr, pc ",0
"mov pc, r8 ",0
"mov r0, r0 ",0
pop {lr} ,0
pop {r8} ,0
pop {sb} ,0
"mov r3, r0 ",0
pop {r2} ,0
"mov r0, r3 ",0
"mov r1, 4 ",0
"str r3, [sp, -4]! ",0
"str sb, [sp, -4]! ",0
"str r8, [sp, -4]! ",0
"str lr, [sp, -4]! ",0
"ldr r8, [0x00028678] ",0
"ldr r8, [r8] ",0
"mov lr, pc ",0
"mov pc, r8 ",0
"mov r0, r0 ",0
pop {lr} ,0
pop {r8} ,0
pop {sb} ,0
"mov r2, r0 ",0
pop {r3} ,0
"mov r1, r2 ",0
"ldr r8, [0x00028670] ",0
"ldr r3, [0x0002866c] ",0
"add r2, r8, r3 ",0
"mov r0, r2 ",0
"str sb, [sp, -4]! ",0
"str r8, [sp, -4]! ",0
"str lr, [sp, -4]! ",0
"ldr r8, [0x00028660] ",0
"ldr r8, [r8] ",0
"mov lr, pc ",0
"mov pc, r8 ",0
"mov r0, r0 ",0
pop {lr} ,0
pop {r8} ,0
pop {sb} ,0
"add sp, sp, 0 ",0
"mov r0, r0 ",0
"ldr r2, [0x0002866c] ",0
"add r1, r8, r2 ",0
"mov r3, 0 ",0
"mov r0, r0 ",0
"ldr r2, [0x00028668] ",0
"cmp r3, r2 ",0
"movhs r2, 1 ",0
"movlo r2, 0 ",0
"cmp r2, 0 ",0
bne 0x282b8 ,0
"mov r0, r0 ",0
"ldrb r2, [r0, r3] ",0
"strb r2, [r1, r3] ",0
"add r3, r3, 1 ",0
b 0x28284 ,0
"mov r0, r0 ",0
"mov r0, r0 ",0
"mov r0, r0 ",0
"mov r3, lr ",0
bl 0x282cc ,0
"andeq r0, r0, fp, lsr r0 ",1
"mov r2, lr ",0
"mov lr, r3 ",0
"mov r1, r2 ",0
"ldr r8, [0x00028670] ",0
"ldr r3, [0x0002866c] ",0
"add r2, r8, r3 ",0
"mov r0, r2 ",0
"str sb, [sp, -4]! ",0
"str r8, [sp, -4]! ",0
"str lr, [sp, -4]! ",0
"ldr r8, [0x00028660] ",0
"ldr r8, [r8] ",0
"mov lr, pc ",0
"mov pc, r8 ",0
"mov r0, r0 ",0
pop {lr} ,0
pop {r8} ,0
pop {sb} ,0
"add sp, sp, 0 ",0
"mov r0, r0 ",0
"ldr r2, [0x0002866c] ",0
"add r1, r8, r2 ",0
"mov r3, 0 ",0
"mov r0, r0 ",0
"ldr r2, [0x00028668] ",0
"cmp r3, r2 ",0
"movhs r2, 1 ",0
"movlo r2, 0 ",0
"cmp r2, 0 ",0
bne 0x2835c ,0
"mov r0, r0 ",0
"ldrb r2, [r0, r3] ",0
"strb r2, [r1, r3] ",0
"add r3, r3, 1 ",0
b 0x28328 ,0
"mov r0, r0 ",0
"mov r0, r0 ",0
"mov r0, r0 ",0
"ldr r3, [sb, 0x60] ",0
"ldr r3, [r3] ",0
"mov r0, r3 ",0
"mov r1, 5 ",0
"str r3, [sp, -4]! ",0
"str sb, [sp, -4]! ",0
"str r8, [sp, -4]! ",0
"str lr, [sp, -4]! ",0
"ldr r8, [0x00028678] ",0
"ldr r8, [r8] ",0
"mov lr, pc ",0
"mov pc, r8 ",0
"mov r0, r0 ",0
pop {lr} ,0
pop {r8} ,0
pop {sb} ,0
"mov r2, r0 ",0
pop {r3} ,0
"mov r1, r2 ",0
"ldr r8, [0x00028670] ",0
"ldr r3, [0x0002866c] ",0
"add r2, r8, r3 ",0
"mov r0, r2 ",0
"str sb, [sp, -4]! ",0
"str r8, [sp, -4]! ",0
"str lr, [sp, -4]! ",0
"ldr r8, [0x00028660] ",0
"ldr r8, [r8] ",0
"mov lr, pc ",0
"mov pc, r8 ",0
"mov r0, r0 ",0
pop {lr} ,0
pop {r8} ,0
pop {sb} ,0
"add sp, sp, 0 ",0
"mov r0, r0 ",0
"ldr r2, [0x0002866c] ",0
"add r1, r8, r2 ",0
"mov r3, 0 ",0
"mov r0, r0 ",0
"ldr r2, [0x00028668] ",0
"cmp r3, r2 ",0
"movhs r2, 1 ",0
"movlo r2, 0 ",0
"cmp r2, 0 ",0
bne 0x28434 ,0
"mov r0, r0 ",0
"ldrb r2, [r0, r3] ",0
"strb r2, [r1, r3] ",0
"add r3, r3, 1 ",0
b 0x28400 ,0
"mov r0, r0 ",0
"mov r0, r0 ",0
"mov r0, r0 ",0
"mov r3, lr ",0
bl 0x28448 ,0
"andeq r0, r0, fp, lsr r0 ",1
"mov r2, lr ",0
"mov lr, r3 ",0
"mov r1, r2 ",0
"ldr r8, [0x00028670] ",0
"ldr r3, [0x0002866c] ",0
"add r2, r8, r3 ",0
"mov r0, r2 ",0
"str sb, [sp, -4]! ",0
"str r8, [sp, -4]! ",0
"str lr, [sp, -4]! ",0
"ldr r8, [0x00028660] ",0
"ldr r8, [r8] ",0
"mov lr, pc ",0
"mov pc, r8 ",0
"mov r0, r0 ",0
pop {lr} ,0
pop {r8} ,0
pop {sb} ,0
"add sp, sp, 0 ",0
"mov r0, r0 ",0
"ldr r2, [0x0002866c] ",0
"add r1, r8, r2 ",0
"mov r3, 0 ",0
"mov r0, r0 ",0
"ldr r2, [0x00028668] ",0
"cmp r3, r2 ",0
"movhs r2, 1 ",0
"movlo r2, 0 ",0
"cmp r2, 0 ",0
bne 0x284d8 ,0
"mov r0, r0 ",0
"ldrb r2, [r0, r3] ",0
"strb r2, [r1, r3] ",0
"add r3, r3, 1 ",0
b 0x284a4 ,0
"mov r0, r0 ",0
"mov r0, r0 ",0
"mov r0, r0 ",0
"ldrb r3, [sb, 0x54] ",0
"mov r0, r3 ",0
"mov r1, 2 ",0
"str r3, [sp, -4]! ",0
"str sb, [sp, -4]! ",0
"str r8, [sp, -4]! ",0
"str lr, [sp, -4]! ",0
"ldr r8, [0x00028678] ",0
"ldr r8, [r8] ",0
"mov lr, pc ",0
"mov pc, r8 ",0
"mov r0, r0 ",0
pop {lr} ,0
pop {r8} ,0
pop {sb} ,0
"mov r2, r0 ",0
pop {r3} ,0
"mov r1, r2 ",0
"ldr r8, [0x00028670] ",0
"ldr r3, [0x0002866c] ",0
"add r2, r8, r3 ",0
"mov r0, r2 ",0
"str sb, [sp, -4]! ",0
"str r8, [sp, -4]! ",0
"str lr, [sp, -4]! ",0
"ldr r8, [0x00028660] ",0
"ldr r8, [r8] ",0
"mov lr, pc ",0
"mov pc, r8 ",0
"mov r0, r0 ",0
pop {lr} ,0
pop {r8} ,0
pop {sb} ,0
"add sp, sp, 0 ",0
"mov r0, r0 ",0
"ldr r2, [0x0002866c] ",0
"add r1, r8, r2 ",0
"mov r3, 0 ",0
"mov r0, r0 ",0
"ldr r2, [0x00028668] ",0
"cmp r3, r2 ",0
"movhs r2, 1 ",0
"movlo r2, 0 ",0
"cmp r2, 0 ",0
bne 0x285ac ,0
"mov r0, r0 ",0
"ldrb r2, [r0, r3] ",0
"strb r2, [r1, r3] ",0
"add r3, r3, 1 ",0
b 0x28578 ,0
"mov r0, r0 ",0
"mov r0, r0 ",0
"mov r0, r0 ",0
"mov r1, sb ",0
"sub sp, sp, 0x10 ",0
"mov r2, sp ",0
"ldr r8, [0x00028670] ",0
"ldr r4, [0x0002864c] ",0
"add r3, r8, r4 ",0
"str r3, [r2, 0xc] ",0
"ldr r4, [0x0002866c] ",0
"add r3, r8, r4 ",0
"str r3, [r2, 4] ",0
"ldr r4, [0x00028648] ",0
"add r3, r8, r4 ",0
"str r3, [r2] ",0
"mov sb, r2 ",0
"str r1, [sp, -4]! ",0
"str sb, [sp, -4]! ",0
"str r8, [sp, -4]! ",0
"str lr, [sp, -4]! ",0
"ldr r8, [0x00028644] ",0
"ldr r8, [r8] ",0
"mov lr, pc ",0
"mov pc, r8 ",0
"mov r0, r0 ",0
pop {lr} ,0
pop {r8} ,0
pop {sb} ,0
pop {r1} ,0
"ldrb r0, [sb, 8] ",0
"add sp, sp, 0x10 ",0
"mov sb, r1 ",0
"mov r0, r0 ",0
"mov r0, r0 ",0
"ldr r2, [0x0002867c] ",0
pop {r1} ,0
"str r1, [r2] ",0
"ldmdb fp, {fp, sp, pc} ",0
"andeq r0, r0, r0, lsr 6 ",1
"andeq r0, r0, ip, ror 11 ",1
"andeq r0, r0, ip, asr 23 ",1
"andeq r0, r0, ip, ror 8 ",1
"andeq r0, r0, r4, asr 8 ",1
"ldrbtmi r0, [sl], -0 ",1
"ldrdeq r0, r1, [r0], -r0 ",1
"andeq r0, r0, r0, lsl 5 ",1
"andeq r0, r0, ip, asr 7 ",1
"andeq r0, r0, r0, lsl 2 ",1
"ldrdeq r0, r1, [r0], -r4 ",1
"andeq r5, r2, r8, lsr 11 ",1
"andeq r0, r0, ip, lsr 5 ",1
"strheq r0, [r0], -r0 ",1
"andeq r2, r0, r0, ror 5 ",1
"mov ip, sp ",0
"push {fp, ip, lr} ",0
"mov fp, ip ",0
"ldr r0, [0x00028770] ",0
"ldr r1, [r0] ",0
"str r1, [sp, -4]! ",0
"str sb, [r0] ",0
"mov r0, r0 ",0
"str sb, [sp, -4]! ",0
"add sb, sb, 0x14 ",0
"str sb, [sp, -4]! ",0
"str r8, [sp, -4]! ",0
"str lr, [sp, -4]! ",0
"ldr r8, [0x0002876c] ",0
"ldr r8, [r8] ",0
"mov lr, pc ",0
"mov pc, r8 ",0
"mov r0, r0 ",0
pop {lr} ,0
pop {r8} ,0
pop {sb} ,0
pop {sb} ,0
"mov r0, r0 ",0
"str sb, [sp, -4]! ",0
"add sb, sb, 0x24 ",0
"str sb, [sp, -4]! ",0
"str r8, [sp, -4]! ",0
"str lr, [sp, -4]! ",0
"ldr r8, [0x0002876c] ",0
"ldr r8, [r8] ",0
"mov lr, pc ",0
"mov pc, r8 ",0
"mov r0, r0 ",0
pop {lr} ,0
pop {r8} ,0
pop {sb} ,0
pop {sb} ,0
"mov r0, r0 ",0
"str sb, [sp, -4]! ",0
"add sb, sb, 0x34 ",0
"str sb, [sp, -4]! ",0
"str r8, [sp, -4]! ",0
"str lr, [sp, -4]! ",0
"ldr r8, [0x00028768] ",0
"ldr r8, [r8] ",0
"mov lr, pc ",0
"mov pc, r8 ",0
"mov r0, r0 ",0
pop {lr} ,0
pop {r8} ,0
pop {sb} ,0
pop {sb} ,0
"mov r0, r0 ",0
"mov r0, r0 ",0
"ldr r1, [0x00028770] ",0
pop {r0} ,0
"str r0, [r1] ",0
"ldmdb fp, {fp, sp, pc} ",0
"andeq r0, r0, ip, lsr 6 ",1
"andeq r0, r0, ip, lsr r3 ",1
"andeq r2, r0, r0, ror 5 ",1
"mov ip, sp ",0
"push {fp, ip, lr} ",0
"mov fp, ip ",0
"ldr r0, [0x00028864] ",0
"ldr r1, [r0] ",0
"str r1, [sp, -4]! ",0
"str sb, [r0] ",0
"mov r0, r0 ",0
"str sb, [sp, -4]! ",0
"add sb, sb, 0x14 ",0
"str sb, [sp, -4]! ",0
"str r8, [sp, -4]! ",0
"str lr, [sp, -4]! ",0
"ldr r8, [0x00028860] ",0
"ldr r8, [r8] ",0
"mov lr, pc ",0
"mov pc, r8 ",0
"mov r0, r0 ",0
pop {lr} ,0
pop {r8} ,0
pop {sb} ,0
pop {sb} ,0
"mov r0, r0 ",0
"str sb, [sp, -4]! ",0
"add sb, sb, 0x24 ",0
"str sb, [sp, -4]! ",0
"str r8, [sp, -4]! ",0
"str lr, [sp, -4]! ",0
"ldr r8, [0x00028860] ",0
"ldr r8, [r8] ",0
"mov lr, pc ",0
"mov pc, r8 ",0
"mov r0, r0 ",0
pop {lr} ,0
pop {r8} ,0
pop {sb} ,0
pop {sb} ,0
"mov r0, r0 ",0
"str sb, [sp, -4]! ",0
"add sb, sb, 0x34 ",0
"str sb, [sp, -4]! ",0
"str r8, [sp, -4]! ",0
"str lr, [sp, -4]! ",0
"ldr r8, [0x0002885c] ",0
"ldr r8, [r8] ",0
"mov lr, pc ",0
"mov pc, r8 ",0
"mov r0, r0 ",0
pop {lr} ,0
pop {r8} ,0
pop {sb} ,0
pop {sb} ,0
"mov r0, r0 ",0
"mov r0, r0 ",0
"ldr r1, [0x00028864] ",0
pop {r0} ,0
"str r0, [r1] ",0
"ldmdb fp, {fp, sp, pc} ",0
"andeq r0, r0, r0, lsr r3 ",1
"andeq r0, r0, r0, asr 6 ",1
"andeq r2, r0, r0, ror 5 ",1
"mov ip, sp ",0
"push {fp, ip, lr} ",0
"mov fp, ip ",0
"ldr r0, [0x00029164] ",0
"ldr r1, [r0] ",0
"str r1, [sp, -4]! ",0
"str sb, [r0] ",0
"mov r0, r0 ",0
"ldrsh r0, [sb, 0x18] ",0
"ldrsh r1, [sb, 0xe] ",0
"cmp r0, r1 ",0
"movle r0, 1 ",0
"movgt r0, 0 ",0
"ldrsh r1, [sb, 0x18] ",0
"ldrsh r2, [sb, 0x14] ",0
"cmp r1, r2 ",0
"movge r1, 1 ",0
"movlt r1, 0 ",0
"orr r0, r0, r1 ",0
"eor r0, r0, 1 ",0
"mov r0, r0 ",0
"mov r0, r0 ",0
"cmp r0, 0 ",0
bne 0x28c20 ,0
"mov r0, r0 ",0
"mov r0, r0 ",0
"ldrb r0, [sb, 0x1b] ",0
"mov r0, r0 ",0
"mov r0, r0 ",0
"cmp r0, 0 ",0
bne 0x28c0c ,0
"mov r0, r0 ",0
"mov r0, r0 ",0
"ldrb r0, [sb] ",0
"add r0, r0, 1 ",0
"mov r0, r0 ",0
"strb r0, [sb] ",0
"mov r0, r0 ",0
"ldrb r0, [sb] ",0
"ldrb r1, [sb, 0xb] ",0
"cmp r0, r1 ",0
"movls r0, 1 ",0
"movhi r0, 0 ",0
"mov r0, r0 ",0
"mov r0, r0 ",0
"cmp r0, 0 ",0
bne 0x28c04 ,0
"mov r0, r0 ",0
"mov r0, r0 ",0
"mov r0, 0 ",0
"mov r0, r0 ",0
"strb r0, [sb] ",0
"mov r0, r0 ",0
"mov r0, 1 ",0
"mov r0, r0 ",0
"strb r0, [sb, 0x1b] ",0
"mov r0, r0 ",0
"mov r0, 0 ",0
"mov r0, r0 ",0
"strb r0, [sb, 0x1a] ",0
"mov r0, r0 ",0
"ldrb r0, [sb, 0x16] ",0
"cmp r0, 1 ",0
"moveq r0, 1 ",0
"movne r0, 0 ",0
"ldrsh r1, [sb, 0x18] ",0
"ldrsh r2, [sb, 0xe] ",0
"cmp r1, r2 ",0
"movle r1, 1 ",0
"movgt r1, 0 ",0
"and r0, r0, r1 ",0
"ldrb r1, [sb, 0x16] ",0
"cmp r1, 0 ",0
"moveq r1, 1 ",0
"movne r1, 0 ",0
"ldrsh r2, [sb, 0x18] ",0
"ldrsh r3, [sb, 0x14] ",0
"cmp r2, r3 ",0
"movge r2, 1 ",0
"movlt r2, 0 ",0
"and r1, r1, r2 ",0
"orr r0, r0, r1 ",0
"eor r0, r0, 1 ",0
"mov r0, r0 ",0
"mov r0, r0 ",0
"cmp r0, 0 ",0
bne 0x28ae8 ,0
"mov r0, r0 ",0
"mov r0, r0 ",0
"mov r1, sb ",0
"ldr r3, [0x00029160] ",0
"sub sp, sp, r3 ",0
"mov r2, sp ",0
"ldrsh r4, [sb, 0x18] ",0
"str r1, [sp, -4]! ",0
"mov r0, r4 ",0
"mov r1, 1 ",0
"str r2, [sp, -4]! ",0
"str r4, [sp, -4]! ",0
"str sb, [sp, -4]! ",0
"str r8, [sp, -4]! ",0
"str lr, [sp, -4]! ",0
"ldr r8, [0x0002915c] ",0
"ldr r8, [r8] ",0
"mov lr, pc ",0
"mov pc, r8 ",0
"mov r0, r0 ",0
pop {lr} ,0
pop {r8} ,0
pop {sb} ,0
"mov r3, r0 ",0
pop {r4} ,0
pop {r2} ,0
pop {r1} ,0
"add r4, r2, 0xac ",0
"mov r6, 0 ",0
"mov r0, r0 ",0
"mov r5, 0x51 ",0
"cmp r6, r5 ",0
"movhs r5, 1 ",0
"movlo r5, 0 ",0
"cmp r5, 0 ",0
bne 0x28a6c ,0
"mov r0, r0 ",0
"ldrb r5, [r3, r6] ",0
"strb r5, [r4, r6] ",0
"add r6, r6, 1 ",0
b 0x28a38 ,0
"mov r0, r0 ",0
"mov r0, r0 ",0
"mov r3, 5 ",0
"strh r3, [r2, 0xaa] ",0
"ldrb r3, [sb, 0xa] ",0
"strh r3, [r2, 0xa8] ",0
"ldr r8, [0x00029158] ",0
"ldrsh r3, [r8] ",0
"strh r3, [r2, 0xa6] ",0
"ldrsh r3, [r8, -0x22] ",0
"strh r3, [r2, 0xa4] ",0
"mov sb, r2 ",0
"str r1, [sp, -4]! ",0
"str sb, [sp, -4]! ",0
"str r8, [sp, -4]! ",0
"str lr, [sp, -4]! ",0
"ldr r8, [0x00029154] ",0
"ldr r8, [r8] ",0
"mov lr, pc ",0
"mov pc, r8 ",0
"mov r0, r0 ",0
pop {lr} ,0
pop {r8} ,0
pop {sb} ,0
pop {r1} ,0
"ldrb r0, [sb, 0xfd] ",0
"ldr r2, [0x00029160] ",0
"add sp, sp, r2 ",0
"mov sb, r1 ",0
"mov r0, r0 ",0
b 0x28c00 ,0
"mov r0, r0 ",0
"mov r0, r0 ",0
"mov r0, r0 ",0
"mov r1, sb ",0
"ldr r3, [0x00029160] ",0
"sub sp, sp, r3 ",0
"mov r2, sp ",0
"ldrsh r4, [sb, 0x18] ",0
"str r1, [sp, -4]! ",0
"mov r0, r4 ",0
"mov r1, 1 ",0
"str r2, [sp, -4]! ",0
"str r4, [sp, -4]! ",0
"str sb, [sp, -4]! ",0
"str r8, [sp, -4]! ",0
"str lr, [sp, -4]! ",0
"ldr r8, [0x0002915c] ",0
"ldr r8, [r8] ",0
"mov lr, pc ",0
"mov pc, r8 ",0
"mov r0, r0 ",0
pop {lr} ,0
pop {r8} ,0
pop {sb} ,0
"mov r3, r0 ",0
pop {r4} ,0
pop {r2} ,0
pop {r1} ,0
"add r4, r2, 0xac ",0
"mov r6, 0 ",0
"mov r0, r0 ",0
"mov r5, 0x51 ",0
"cmp r6, r5 ",0
"movhs r5, 1 ",0
"movlo r5, 0 ",0
"cmp r5, 0 ",0
bne 0x28b90 ,0
"mov r0, r0 ",0
"ldrb r5, [r3, r6] ",0
"strb r5, [r4, r6] ",0
"add r6, r6, 1 ",0
b 0x28b5c ,0
"mov r0, r0 ",0
"mov r0, r0 ",0
"mov r3, 4 ",0
"strh r3, [r2, 0xaa] ",0
"ldrb r3, [sb, 0xa] ",0
"strh r3, [r2, 0xa8] ",0
"ldr r8, [0x00029158] ",0
"ldrsh r3, [r8] ",0
"strh r3, [r2, 0xa6] ",0
"ldrsh r3, [r8, -0x22] ",0
"strh r3, [r2, 0xa4] ",0
"mov sb, r2 ",0
"str r1, [sp, -4]! ",0
"str sb, [sp, -4]! ",0
"str r8, [sp, -4]! ",0
"str lr, [sp, -4]! ",0
"ldr r8, [0x00029154] ",0
"ldr r8, [r8] ",0
"mov lr, pc ",0
"mov pc, r8 ",0
"mov r0, r0 ",0
pop {lr} ,0
pop {r8} ,0
pop {sb} ,0
pop {r1} ,0
"ldrb r0, [sb, 0xfd] ",0
"ldr r2, [0x00029160] ",0
"add sp, sp, r2 ",0
"mov sb, r1 ",0
"mov r0, r0 ",0
"mov r0, r0 ",0
"mov r0, r0 ",0
"mov r0, r0 ",0
"mov r0, r0 ",0
"mov r0, r0 ",0
b 0x28fec ,0
"mov r0, r0 ",0
"mov r0, r0 ",0
"mov r0, r0 ",0
"ldrsh r0, [sb, 0x18] ",0
"ldrsh r1, [sb, 0x10] ",0
"cmp r0, r1 ",0
"movle r0, 1 ",0
"movgt r0, 0 ",0
"ldrsh r1, [sb, 0x18] ",0
"ldrsh r2, [sb, 0x12] ",0
"cmp r1, r2 ",0
"movge r1, 1 ",0
"movlt r1, 0 ",0
"orr r0, r0, r1 ",0
"eor r0, r0, 1 ",0
"mov r0, r0 ",0
"mov r0, r0 ",0
"cmp r0, 0 ",0
bne 0x28e4c ,0
"mov r0, r0 ",0
"mov r0, r0 ",0
"ldrb r0, [sb, 0x1a] ",0
"mov r0, r0 ",0
"mov r0, r0 ",0
"cmp r0, 0 ",0
bne 0x28e38 ,0
"mov r0, r0 ",0
"mov r0, r0 ",0
"ldrb r0, [sb] ",0
"add r0, r0, 1 ",0
"mov r0, r0 ",0
"strb r0, [sb] ",0
"mov r0, r0 ",0
"ldrb r0, [sb] ",0
"ldrb r1, [sb, 0xb] ",0
"cmp r0, r1 ",0
"movls r0, 1 ",0
"movhi r0, 0 ",0
"mov r0, r0 ",0
"mov r0, r0 ",0
"cmp r0, 0 ",0
bne 0x28e30 ,0
"mov r0, r0 ",0
"mov r0, r0 ",0
"mov r0, 0 ",0
"mov r0, r0 ",0
"strb r0, [sb] ",0
"mov r0, r0 ",0
"mov r0, 0 ",0
"mov r0, r0 ",0
"strb r0, [sb, 0x1b] ",0
"mov r0, r0 ",0
"mov r0, 1 ",0
"mov r0, r0 ",0
"strb r0, [sb, 0x1a] ",0
"mov r0, r0 ",0
"mov r1, sb ",0
"ldr r3, [0x00029160] ",0
"sub sp, sp, r3 ",0
"mov r2, sp ",0
"ldrsh r4, [sb, 0x18] ",0
"str r1, [sp, -4]! ",0
"mov r0, r4 ",0
"mov r1, 1 ",0
"str r2, [sp, -4]! ",0
"str r4, [sp, -4]! ",0
"str sb, [sp, -4]! ",0
"str r8, [sp, -4]! ",0
"str lr, [sp, -4]! ",0
"ldr r8, [0x0002915c] ",0
"ldr r8, [r8] ",0
"mov lr, pc ",0
"mov pc, r8 ",0
"mov r0, r0 ",0
pop {lr} ,0
pop {r8} ,0
pop {sb} ,0
"mov r3, r0 ",0
pop {r4} ,0
pop {r2} ,0
pop {r1} ,0
"add r4, r2, 0xac ",0
"mov r6, 0 ",0
"mov r0, r0 ",0
"mov r5, 0x51 ",0
"cmp r6, r5 ",0
"movhs r5, 1 ",0
"movlo r5, 0 ",0
"cmp r5, 0 ",0
bne 0x28d9c ,0
"mov r0, r0 ",0
"ldrb r5, [r3, r6] ",0
"strb r5, [r4, r6] ",0
"add r6, r6, 1 ",0
b 0x28d68 ,0
"mov r0, r0 ",0
"mov r0, r0 ",0
"ldrsh r4, [sb, 0x18] ",0
"ldrsh r5, [sb, 0x10] ",0
"cmp r4, r5 ",0
"movle r4, 1 ",0
"movgt r4, 0 ",0
"mov r5, 2 ",0
"mov r6, 3 ",0
"cmp r4, 0 ",0
"moveq r5, r6 ",0
"mov r3, r5 ",0
"strh r3, [r2, 0xaa] ",0
"ldrb r3, [sb, 0xa] ",0
"strh r3, [r2, 0xa8] ",0
"ldr r8, [0x00029158] ",0
"ldrsh r3, [r8] ",0
"strh r3, [r2, 0xa6] ",0
"ldrsh r3, [r8, -0x24] ",0
"strh r3, [r2, 0xa4] ",0
"mov sb, r2 ",0
"str r1, [sp, -4]! ",0
"str sb, [sp, -4]! ",0
"str r8, [sp, -4]! ",0
"str lr, [sp, -4]! ",0
"ldr r8, [0x00029154] ",0
"ldr r8, [r8] ",0
"mov lr, pc ",0
"mov pc, r8 ",0
"mov r0, r0 ",0
pop {lr} ,0
pop {r8} ,0
pop {sb} ,0
pop {r1} ,0
"ldrb r0, [sb, 0xfd] ",0
"ldr r2, [0x00029160] ",0
"add sp, sp, r2 ",0
"mov sb, r1 ",0
"mov r0, r0 ",0
"mov r0, r0 ",0
"mov r0, r0 ",0
"mov r0, r0 ",0
"mov r0, r0 ",0
b 0x28fec ,0
"mov r0, r0 ",0
"mov r0, r0 ",0
"mov r0, r0 ",0
"ldrb r0, [sb, 0xc] ",0
"ldrb r1, [sb, 0x1a] ",0
"orr r0, r0, r1 ",0
"ldrb r1, [sb, 0x1b] ",0
"orr r0, r0, r1 ",0
"eor r0, r0, 1 ",0
"mov r0, r0 ",0
"mov r0, r0 ",0
"cmp r0, 0 ",0
bne 0x28fe4 ,0
"mov r0, r0 ",0
"mov r0, r0 ",0
"ldrb r0, [sb] ",0
"add r0, r0, 1 ",0
"mov r0, r0 ",0
"strb r0, [sb] ",0
"mov r0, r0 ",0
"ldrb r0, [sb] ",0
"ldrb r1, [sb, 0xb] ",0
"cmp r0, r1 ",0
"movls r0, 1 ",0
"movhi r0, 0 ",0
"mov r0, r0 ",0
"mov r0, r0 ",0
"cmp r0, 0 ",0
bne 0x28fdc ,0
"mov r0, r0 ",0
"mov r0, r0 ",0
"mov r0, 0 ",0
"mov r0, r0 ",0
"strb r0, [sb] ",0
"mov r0, r0 ",0
"mov r0, 0 ",0
"mov r0, r0 ",0
"strb r0, [sb, 0xc] ",0
"mov r0, r0 ",0
"mov r0, 0 ",0
"mov r0, r0 ",0
"strb r0, [sb, 0x1b] ",0
"mov r0, r0 ",0
"mov r0, 0 ",0
"mov r0, r0 ",0
"strb r0, [sb, 0x1a] ",0
"mov r0, r0 ",0
"mov r1, sb ",0
"ldr r3, [0x00029160] ",0
"sub sp, sp, r3 ",0
"mov r2, sp ",0
"mov r4, lr ",0
bl 0x28f28 ,0
"rsbvs r7, pc, 80, 4 ",1
blmi 0x1400cbc ,1
"andeq r0, r0, r0 ",0
"mov r3, lr ",0
"mov lr, r4 ",0
"add r4, r2, 0xac ",0
"mov r6, 0 ",0
"mov r0, r0 ",0
"mov r5, 0x51 ",0
"cmp r6, r5 ",0
"movhs r5, 1 ",0
"movlo r5, 0 ",0
"cmp r5, 0 ",0
bne 0x28f6c ,0
"mov r0, r0 ",0
"ldrb r5, [r3, r6] ",0
"strb r5, [r4, r6] ",0
"add r6, r6, 1 ",0
b 0x28f38 ,0
"mov r0, r0 ",0
"mov r0, r0 ",0
"mov r3, 1 ",0
"strh r3, [r2, 0xaa] ",0
"ldrb r3, [sb, 0xa] ",0
"strh r3, [r2, 0xa8] ",0
"ldr r8, [0x00029158] ",0
"ldrsh r3, [r8] ",0
"strh r3, [r2, 0xa6] ",0
"ldrsh r3, [r8, -0x26] ",0
"strh r3, [r2, 0xa4] ",0
"mov sb, r2 ",0
"str r1, [sp, -4]! ",0
"str sb, [sp, -4]! ",0
"str r8, [sp, -4]! ",0
"str lr, [sp, -4]! ",0
"ldr r8, [0x00029154] ",0
"ldr r8, [r8] ",0
"mov lr, pc ",0
"mov pc, r8 ",0
"mov r0, r0 ",0
pop {lr} ,0
pop {r8} ,0
pop {sb} ,0
pop {r1} ,0
"ldrb r0, [sb, 0xfd] ",0
"ldr r2, [0x00029160] ",0
"add sp, sp, r2 ",0
"mov sb, r1 ",0
"mov r0, r0 ",0
"mov r0, r0 ",0
"mov r0, r0 ",0
"mov r0, r0 ",0
"mov r0, r0 ",0
"mov r0, r0 ",0
"ldrh r1, [sb, 8] ",0
"ldr r2, [0x00029150] ",0
"cmp r1, r2 ",0
"movlo r1, 1 ",0
"movhs r1, 0 ",0
"mov r0, r0 ",0
"mov r0, r0 ",0
"cmp r1, 0 ",0
bne 0x29078 ,0
"mov r0, r0 ",0
"mov r0, r0 ",0
"str sb, [sp, -4]! ",0
"str r8, [sp, -4]! ",0
"str lr, [sp, -4]! ",0
"ldr r8, [0x0002914c] ",0
"ldr r8, [r8] ",0
"mov lr, pc ",0
"mov pc, r8 ",0
"mov r0, r0 ",0
pop {lr} ,0
pop {r8} ,0
pop {sb} ,0
"mov r0, r0 ",0
"ldr r0, [sb, 4] ",0
"ldrsh r1, [sb, 0x1e] ",0
"sub r0, r0, r1 ",0
"mov r0, r0 ",0
"str r0, [sb, 4] ",0
"mov r0, r0 ",0
"ldrh r0, [sb, 8] ",0
"sub r0, r0, 1 ",0
"mov r0, r0 ",0
"strh r0, [sb, 8] ",0
"mov r0, r0 ",0
"mov r0, r0 ",0
"mov r0, r0 ",0
"ldr r0, [sb, 4] ",0
"ldrsh r1, [sb, 0x18] ",0
"add r0, r0, r1 ",0
"mov r0, r0 ",0
"str r0, [sb, 4] ",0
"mov r0, r0 ",0
"ldrh r0, [sb, 8] ",0
"add r0, r0, 1 ",0
"mov r0, r0 ",0
"strh r0, [sb, 8] ",0
"mov r0, r0 ",0
"ldrsh r0, [sb, 0x18] ",0
"ldrsh r1, [sb, 0x20] ",0
"cmp r0, r1 ",0
"movge r0, 1 ",0
"movlt r0, 0 ",0
"mov r0, r0 ",0
"mov r0, r0 ",0
"cmp r0, 0 ",0
bne 0x290e8 ,0
"mov r0, r0 ",0
"mov r0, r0 ",0
"ldrsh r0, [sb, 0x18] ",0
"mov r0, r0 ",0
"strh r0, [sb, 0x20] ",0
"mov r0, r0 ",0
"mov r0, r0 ",0
"mov r0, r0 ",0
"ldrsh r0, [sb, 0x18] ",0
"ldrsh r1, [sb, 0x1c] ",0
"cmp r0, r1 ",0
"movle r0, 1 ",0
"movgt r0, 0 ",0
"mov r0, r0 ",0
"mov r0, r0 ",0
"cmp r0, 0 ",0
bne 0x2912c ,0
"mov r0, r0 ",0
"mov r0, r0 ",0
"ldrsh r0, [sb, 0x18] ",0
"mov r0, r0 ",0
"strh r0, [sb, 0x1c] ",0
"mov r0, r0 ",0
"mov r0, r0 ",0
"mov r0, r0 ",0
"mov r0, r0 ",0
"ldr r1, [0x00029164] ",0
pop {r0} ,0
"str r0, [r1] ",0
"ldmdb fp, {fp, sp, pc} ",0
"ldrdeq r0, r1, [r0], -ip ",1
"andeq lr, r0, r0, ror 20 ",1
"andeq r0, r0, ip, ror 6 ",1
"andeq r3, r0, r2, lsr 32 ",1
"strheq r0, [r0], -r0 ",1
"andeq r0, r0, r0, lsl 2 ",1
"andeq r2, r0, r4, ror 5 ",1
"mov ip, sp ",0
"push {fp, ip, lr} ",0
"mov fp, ip ",0
"str r0, [sp, -4]! ",0
"mov r1, 0 ",0
"strb r1, [sb] ",0
"mov r1, 0 ",0
"str r1, [sb, 4] ",0
"mov r1, 0 ",0
"strh r1, [sb, 8] ",0
"mov r1, 0 ",0
"strb r1, [sb, 0xa] ",0
"mov r1, 4 ",0
"strb r1, [sb, 0xb] ",0
"mov r1, 1 ",0
"strb r1, [sb, 0xc] ",0
"ldr r1, [0x00029224] ",0
"strh r1, [sb, 0xe] ",0
"ldr r1, [0x00029220] ",0
"strh r1, [sb, 0x10] ",0
"ldr r1, [0x0002921c] ",0
"strh r1, [sb, 0x12] ",0
"ldr r1, [0x00029218] ",0
"strh r1, [sb, 0x14] ",0
"mov r1, 1 ",0
"strb r1, [sb, 0x16] ",0
"mov r1, 0 ",0
"strh r1, [sb, 0x18] ",0
"mov r1, 0 ",0
"strb r1, [sb, 0x1a] ",0
"mov r1, 0 ",0
"strb r1, [sb, 0x1b] ",0
"mov r1, 0 ",0
"strh r1, [sb, 0x1c] ",0
"mov r1, 0 ",0
"strh r1, [sb, 0x1e] ",0
"mov r1, 0 ",0
"strh r1, [sb, 0x20] ",0
pop {r0} ,0
"cmp r0, 0 ",0
bne 0x29210 ,0
"mov r0, r0 ",0
"mov r0, r0 ",0
"ldmdb fp, {fp, sp, pc} ",0
"andeq r2, r0, r4, lsr r1 ",1
"andeq r0, r0, r4, lsl 7 ",1
invalid ,1
invalid ,1
"mov ip, sp ",0
"push {fp, ip, lr} ",0
"mov fp, ip ",0
"ldr r0, [0x000292b4] ",0
"ldr r1, [r0] ",0
"str r1, [sp, -4]! ",0
"str sb, [r0] ",0
"mov r0, r0 ",0
"ldr r0, [sb, 4] ",0
"ldrh r1, [sb, 8] ",0
"str r1, [sp, -4]! ",0
"str sb, [sp, -4]! ",0
"str r8, [sp, -4]! ",0
"str lr, [sp, -4]! ",0
"ldr r8, [0x000292b0] ",0
"ldr r8, [r8] ",0
"mov lr, pc ",0
"mov pc, r8 ",0
"mov r0, r0 ",0
pop {lr} ,0
pop {r8} ,0
pop {sb} ,0
pop {r1} ,0
"str r0, [sp, -4]! ",0
"ldrsh r0, [sp] ",0
"add sp, sp, 4 ",0
"mov r0, r0 ",0
"strh r0, [sb, 0x1e] ",0
"mov r0, r0 ",0
"mov r0, r0 ",0
"ldr r1, [0x000292b4] ",0
pop {r0} ,0
"str r0, [r1] ",0
"ldmdb fp, {fp, sp, pc} ",0
"strheq r0, [r0], -r8 ",1
"andeq r2, r0, r4, ror 5 ",1
"mov ip, sp ",0
"push {fp, ip, lr} ",0
"mov fp, ip ",0
"ldr r0, [0x0002931c] ",0
"ldr r1, [r0] ",0
"str r1, [sp, -4]! ",0
"str sb, [r0] ",0
"mov r0, r0 ",0
"ldrsh r0, [sb, 0x18] ",0
"mov r0, r0 ",0
"strh r0, [sb, 0x1e] ",0
"mov r0, r0 ",0
"ldrsh r0, [sb, 0x18] ",0
"mov r0, r0 ",0
"str r0, [sb, 4] ",0
"mov r0, r0 ",0
"mov r0, 1 ",0
"mov r0, r0 ",0
"strh r0, [sb, 8] ",0
"mov r0, r0 ",0
"mov r0, r0 ",0
"ldr r1, [0x0002931c] ",0
pop {r0} ,0
"str r0, [r1] ",0
"ldmdb fp, {fp, sp, pc} ",0
"andeq r2, r0, r4, ror 5 ",1
"mov ip, sp ",0
"push {fp, ip, lr} ",0
"mov fp, ip ",0
"ldr r0, [0x00029fbc] ",0
"ldr r1, [r0] ",0
"str r1, [sp, -4]! ",0
"str sb, [r0] ",0
"mov r0, r0 ",0
"ldrh r0, [sb, 0x74] ",0
"ldrh r1, [sb, 0x62] ",0
"cmp r0, r1 ",0
"movhs r0, 1 ",0
"movlo r0, 0 ",0
"mov r0, r0 ",0
"strb r0, [sb] ",0
"mov r0, r0 ",0
"ldrh r0, [sb, 0x74] ",0
"ldrh r1, [sb, 0x64] ",0
"cmp r0, r1 ",0
"movls r0, 1 ",0
"movhi r0, 0 ",0
"mov r0, r0 ",0
"strb r0, [sb, 1] ",0
"mov r0, r0 ",0
"ldrb r0, [sb] ",0
"ldrb r1, [sb, 1] ",0
"orr r0, r0, r1 ",0
"eor r0, r0, 1 ",0
"mov r0, r0 ",0
"strb r0, [sb, 2] ",0
"mov r0, r0 ",0
"mov r1, sb ",0
"sub sp, sp, 0x24 ",0
"mov r2, sp ",0
"ldrb r3, [sb, 0x60] ",0
"strb r3, [r2, 0x20] ",0
"ldr r3, [sb, 0x5c] ",0
"str r3, [r2, 0x1c] ",0
"ldr r3, [sb, 0x58] ",0
"str r3, [r2, 0x18] ",0
"ldrh r3, [sb, 0x74] ",0
"strh r3, [r2, 0x14] ",0
"ldrsh r3, [sb, 0x54] ",0
"strh r3, [r2, 0x12] ",0
"ldrsh r3, [sb, 0x52] ",0
"strh r3, [r2, 0x10] ",0
"mov sb, r2 ",0
"str r1, [sp, -4]! ",0
"str sb, [sp, -4]! ",0
"str r8, [sp, -4]! ",0
"str lr, [sp, -4]! ",0
"ldr r8, [0x00029fb8] ",0
"ldr r8, [r8] ",0
"mov lr, pc ",0
"mov pc, r8 ",0
"mov r0, r0 ",0
pop {lr} ,0
pop {r8} ,0
pop {sb} ,0
pop {r1} ,0
"ldrsh r0, [sb, 0x22] ",0
"add sp, sp, 0x24 ",0
"mov sb, r1 ",0
"mov r0, r0 ",0
"strh r0, [sb, 0x78] ",0
"mov r0, r0 ",0
"ldrb r0, [sb, 2] ",0
"eor r0, r0, 1 ",0
"mov r0, r0 ",0
"mov r0, r0 ",0
"cmp r0, 0 ",0
bne 0x29c2c ,0
"mov r0, r0 ",0
"mov r0, r0 ",0
"ldrsh r0, [sb, 0x78] ",0
"str sb, [sp, -4]! ",0
"str r8, [sp, -4]! ",0
"str lr, [sp, -4]! ",0
"ldr r8, [0x00029fb4] ",0
"ldr r8, [r8] ",0
"mov lr, pc ",0
"mov pc, r8 ",0
"mov r0, r0 ",0
pop {lr} ,0
pop {r8} ,0
pop {sb} ,0
"ldr r1, [sb, 0x68] ",0
"str r1, [sp, -4]! ",0
"str r0, [sp, -4]! ",0
"mov r3, 0xa ",0
"ldrb r4, [sb, 0x60] ",0
"str r0, [sp, -4]! ",0
"mov r0, r4 ",0
"str r2, [sp, -4]! ",0
"str r3, [sp, -4]! ",0
"str r4, [sp, -4]! ",0
"str sb, [sp, -4]! ",0
"str r8, [sp, -4]! ",0
"str lr, [sp, -4]! ",0
"ldr r8, [0x00029fb0] ",0
"ldr r8, [r8] ",0
"mov lr, pc ",0
"mov pc, r8 ",0
"mov r0, r0 ",0
pop {lr} ,0
pop {r8} ,0
pop {sb} ,0
"mov r1, r0 ",0
pop {r4} ,0
pop {r3} ,0
pop {r2} ,0
pop {r0} ,0
"mov r4, r1 ",0
"mov r0, r3 ",0
"str r1, [sp, -4]! ",0
"str r2, [sp, -4]! ",0
"str r3, [sp, -4]! ",0
"str r4, [sp, -4]! ",0
"str sb, [sp, -4]! ",0
"str r8, [sp, -4]! ",0
"str lr, [sp, -4]! ",0
"ldr r8, [0x00029fb0] ",0
"ldr r8, [r8] ",0
"mov lr, pc ",0
"mov pc, r8 ",0
"mov r0, r0 ",0
pop {lr} ,0
pop {r8} ,0
pop {sb} ,0
pop {r4} ,0
pop {r3} ,0
pop {r2} ,0
pop {r1} ,0
"mov r1, r4 ",0
"str sb, [sp, -4]! ",0
"str r8, [sp, -4]! ",0
"str lr, [sp, -4]! ",0
"ldr r8, [0x00029fac] ",0
"ldr r8, [r8] ",0
"mov lr, pc ",0
"mov pc, r8 ",0
"mov r0, r0 ",0
pop {lr} ,0
pop {r8} ,0
pop {sb} ,0
"mov r2, r0 ",0
pop {r0} ,0
pop {r1} ,0
"str r0, [sp, -4]! ",0
"mov r0, r1 ",0
"mov r1, r2 ",0
"str r2, [sp, -4]! ",0
"str sb, [sp, -4]! ",0
"str r8, [sp, -4]! ",0
"str lr, [sp, -4]! ",0
"ldr r8, [0x00029fa8] ",0
"ldr r8, [r8] ",0
"mov lr, pc ",0
"mov pc, r8 ",0
"mov r0, r0 ",0
pop {lr} ,0
pop {r8} ,0
pop {sb} ,0
"mov r1, r0 ",0
pop {r2} ,0
pop {r0} ,0
"str r1, [sp, -4]! ",0
"str sb, [sp, -4]! ",0
"str r8, [sp, -4]! ",0
"str lr, [sp, -4]! ",0
"ldr r8, [0x00029fa4] ",0
"ldr r8, [r8] ",0
"mov lr, pc ",0
"mov pc, r8 ",0
"mov r0, r0 ",0
pop {lr} ,0
pop {r8} ,0
pop {sb} ,0
pop {r1} ,0
"mov r0, r0 ",0
"strb r0, [sb, 3] ",0
"mov r0, r0 ",0
"ldrsh r0, [sb, 0x78] ",0
"str sb, [sp, -4]! ",0
"str r8, [sp, -4]! ",0
"str lr, [sp, -4]! ",0
"ldr r8, [0x00029fb4] ",0
"ldr r8, [r8] ",0
"mov lr, pc ",0
"mov pc, r8 ",0
"mov r0, r0 ",0
pop {lr} ,0
pop {r8} ,0
pop {sb} ,0
"ldr r1, [sb, 0x6c] ",0
"str r1, [sp, -4]! ",0
"str r0, [sp, -4]! ",0
"mov r3, 0xa ",0
"ldrb r4, [sb, 0x60] ",0
"str r0, [sp, -4]! ",0
"mov r0, r4 ",0
"str r2, [sp, -4]! ",0
"str r3, [sp, -4]! ",0
"str r4, [sp, -4]! ",0
"str sb, [sp, -4]! ",0
"str r8, [sp, -4]! ",0
"str lr, [sp, -4]! ",0
"ldr r8, [0x00029fb0] ",0
"ldr r8, [r8] ",0
"mov lr, pc ",0
"mov pc, r8 ",0
"mov r0, r0 ",0
pop {lr} ,0
pop {r8} ,0
pop {sb} ,0
"mov r1, r0 ",0
pop {r4} ,0
pop {r3} ,0
pop {r2} ,0
pop {r0} ,0
"mov r4, r1 ",0
"mov r0, r3 ",0
"str r1, [sp, -4]! ",0
"str r2, [sp, -4]! ",0
"str r3, [sp, -4]! ",0
"str r4, [sp, -4]! ",0
"str sb, [sp, -4]! ",0
"str r8, [sp, -4]! ",0
"str lr, [sp, -4]! ",0
"ldr r8, [0x00029fb0] ",0
"ldr r8, [r8] ",0
"mov lr, pc ",0
"mov pc, r8 ",0
"mov r0, r0 ",0
pop {lr} ,0
pop {r8} ,0
pop {sb} ,0
pop {r4} ,0
pop {r3} ,0
pop {r2} ,0
pop {r1} ,0
"mov r1, r4 ",0
"str sb, [sp, -4]! ",0
"str r8, [sp, -4]! ",0
"str lr, [sp, -4]! ",0
"ldr r8, [0x00029fac] ",0
"ldr r8, [r8] ",0
"mov lr, pc ",0
"mov pc, r8 ",0
"mov r0, r0 ",0
pop {lr} ,0
pop {r8} ,0
pop {sb} ,0
"mov r2, r0 ",0
pop {r0} ,0
pop {r1} ,0
"str r0, [sp, -4]! ",0
"mov r0, r1 ",0
"mov r1, r2 ",0
"str r2, [sp, -4]! ",0
"str sb, [sp, -4]! ",0
"str r8, [sp, -4]! ",0
"str lr, [sp, -4]! ",0
"ldr r8, [0x00029fa8] ",0
"ldr r8, [r8] ",0
"mov lr, pc ",0
"mov pc, r8 ",0
"mov r0, r0 ",0
pop {lr} ,0
pop {r8} ,0
pop {sb} ,0
"mov r1, r0 ",0
pop {r2} ,0
pop {r0} ,0
"str r1, [sp, -4]! ",0
"str sb, [sp, -4]! ",0
"str r8, [sp, -4]! ",0
"str lr, [sp, -4]! ",0
"ldr r8, [0x00029fa0] ",0
"ldr r8, [r8] ",0
"mov lr, pc ",0
"mov pc, r8 ",0
"mov r0, r0 ",0
pop {lr} ,0
pop {r8} ,0
pop {sb} ,0
pop {r1} ,0
"mov r0, r0 ",0
"strb r0, [sb, 4] ",0
"mov r0, r0 ",0
"ldrb r0, [sb, 3] ",0
"ldrb r1, [sb, 4] ",0
"orr r0, r0, r1 ",0
"strb r0, [sb, 0x10] ",0
"ldrsh r0, [sb, 0x70] ",0
"str r0, [sb, 0x14] ",0
"mov r0, r0 ",0
"str r0, [sp, -4]! ",0
"add r0, sb, 8 ",0
"str sb, [sp, -4]! ",0
"str r8, [sp, -4]! ",0
"str lr, [sp, -4]! ",0
"ldr r8, [0x00029f9c] ",0
"ldr r8, [r8] ",0
"mov lr, pc ",0
"mov pc, r8 ",0
"mov r0, r0 ",0
pop {lr} ,0
pop {r8} ,0
pop {sb} ,0
pop {r0} ,0
"mov r0, r0 ",0
"ldrb r0, [sb, 0x18] ",0
"eor r0, r0, 1 ",0
"mov r0, r0 ",0
"mov r0, r0 ",0
"cmp r0, 0 ",0
bne 0x29a20 ,0
"mov r0, r0 ",0
"mov r0, r0 ",0
"ldrb r0, [sb, 0x76] ",0
"mov r0, r0 ",0
"mov r0, r0 ",0
"cmp r0, 0 ",0
bne 0x29a18 ,0
"mov r0, r0 ",0
"mov r0, r0 ",0
"mov r0, 1 ",0
"mov r0, r0 ",0
"strb r0, [sb, 0x76] ",0
"mov r0, r0 ",0
"mov r1, sb ",0
"ldr r3, [0x00029f98] ",0
"sub sp, sp, r3 ",0
"mov r2, sp ",0
"ldrsh r4, [sb, 0x78] ",0
"str r1, [sp, -4]! ",0
"mov r0, r4 ",0
"mov r1, 1 ",0
"str r2, [sp, -4]! ",0
"str r4, [sp, -4]! ",0
"str sb, [sp, -4]! ",0
"str r8, [sp, -4]! ",0
"str lr, [sp, -4]! ",0
"ldr r8, [0x00029f94] ",0
"ldr r8, [r8] ",0
"mov lr, pc ",0
"mov pc, r8 ",0
"mov r0, r0 ",0
pop {lr} ,0
pop {r8} ,0
pop {sb} ,0
"mov r3, r0 ",0
pop {r4} ,0
pop {r2} ,0
pop {r1} ,0
"add r4, r2, 0xac ",0
"mov r6, 0 ",0
"mov r0, r0 ",0
"mov r5, 0x51 ",0
"cmp r6, r5 ",0
"movhs r5, 1 ",0
"movlo r5, 0 ",0
"cmp r5, 0 ",0
bne 0x298ec ,0
"mov r0, r0 ",0
"ldrb r5, [r3, r6] ",0
"strb r5, [r4, r6] ",0
"add r6, r6, 1 ",0
b 0x298b8 ,0
"mov r0, r0 ",0
"mov r0, r0 ",0
"ldrsh r4, [sb, 0x78] ",0
"mov r0, r4 ",0
"str r1, [sp, -4]! ",0
"str r2, [sp, -4]! ",0
"str r3, [sp, -4]! ",0
"str sb, [sp, -4]! ",0
"str r8, [sp, -4]! ",0
"str lr, [sp, -4]! ",0
"ldr r8, [0x00029fb4] ",0
"ldr r8, [r8] ",0
"mov lr, pc ",0
"mov pc, r8 ",0
"mov r0, r0 ",0
pop {lr} ,0
pop {r8} ,0
pop {sb} ,0
"mov r4, r0 ",0
pop {r3} ,0
pop {r2} ,0
pop {r1} ,0
"ldr r5, [sb, 0x6c] ",0
"str r1, [sp, -4]! ",0
"mov r0, r4 ",0
"mov r1, r5 ",0
"str r2, [sp, -4]! ",0
"str r3, [sp, -4]! ",0
"str r5, [sp, -4]! ",0
"str sb, [sp, -4]! ",0
"str r8, [sp, -4]! ",0
"str lr, [sp, -4]! ",0
"ldr r8, [0x00029f90] ",0
"ldr r8, [r8] ",0
"mov lr, pc ",0
"mov pc, r8 ",0
"mov r0, r0 ",0
pop {lr} ,0
pop {r8} ,0
pop {sb} ,0
"mov r4, r0 ",0
pop {r5} ,0
pop {r3} ,0
pop {r2} ,0
pop {r1} ,0
"mov r5, 2 ",0
"mov r6, 3 ",0
"cmp r4, 0 ",0
"moveq r5, r6 ",0
"mov r3, r5 ",0
"strh r3, [r2, 0xaa] ",0
"ldrb r3, [sb, 0x50] ",0
"strh r3, [r2, 0xa8] ",0
"ldr r8, [0x00029f8c] ",0
"ldrsh r3, [r8] ",0
"strh r3, [r2, 0xa6] ",0
"ldrsh r3, [r8, -0x24] ",0
"strh r3, [r2, 0xa4] ",0
"mov sb, r2 ",0
"str r1, [sp, -4]! ",0
"str sb, [sp, -4]! ",0
"str r8, [sp, -4]! ",0
"str lr, [sp, -4]! ",0
"ldr r8, [0x00029f88] ",0
"ldr r8, [r8] ",0
"mov lr, pc ",0
"mov pc, r8 ",0
"mov r0, r0 ",0
pop {lr} ,0
pop {r8} ,0
pop {sb} ,0
pop {r1} ,0
"ldrb r0, [sb, 0xfd] ",0
"ldr r2, [0x00029f98] ",0
"add sp, sp, r2 ",0
"mov sb, r1 ",0
"mov r0, r0 ",0
"mov r0, r0 ",0
"mov r0, r0 ",0
"mov r0, r0 ",0
"mov r0, r0 ",0
"ldrb r1, [sb, 0x72] ",0
"ldrb r2, [sb, 0x76] ",0
"orr r1, r1, r2 ",0
"ldrb r2, [sb, 0x77] ",0
"orr r1, r1, r2 ",0
"ldrb r2, [sb, 0x18] ",0
"eor r2, r2, 1 ",0
"and r1, r1, r2 ",0
"eor r1, r1, 1 ",0
"mov r0, r0 ",0
"mov r0, r0 ",0
"cmp r1, 0 ",0
bne 0x29c08 ,0
"mov r0, r0 ",0
"mov r0, r0 ",0
"mov r0, 0 ",0
"strb r0, [sb, 0x10] ",0
"ldrsh r0, [sb, 0x70] ",0
"str r0, [sb, 0x14] ",0
"mov r0, r0 ",0
"str r0, [sp, -4]! ",0
"add r0, sb, 8 ",0
"str sb, [sp, -4]! ",0
"str r8, [sp, -4]! ",0
"str lr, [sp, -4]! ",0
"ldr r8, [0x00029f9c] ",0
"ldr r8, [r8] ",0
"mov lr, pc ",0
"mov pc, r8 ",0
"mov r0, r0 ",0
pop {lr} ,0
pop {r8} ,0
pop {sb} ,0
pop {r0} ,0
"mov r0, r0 ",0
"mov r0, 0 ",0
"strb r0, [sb, 0x40] ",0
"ldrsh r0, [sb, 0x70] ",0
"str r0, [sb, 0x44] ",0
"mov r0, r0 ",0
"str r0, [sp, -4]! ",0
"add r0, sb, 0x38 ",0
"str sb, [sp, -4]! ",0
"str r8, [sp, -4]! ",0
"str lr, [sp, -4]! ",0
"ldr r8, [0x00029f9c] ",0
"ldr r8, [r8] ",0
"mov lr, pc ",0
"mov pc, r8 ",0
"mov r0, r0 ",0
pop {lr} ,0
pop {r8} ,0
pop {sb} ,0
pop {r0} ,0
"mov r0, r0 ",0
"mov r0, 0 ",0
"mov r0, r0 ",0
"strb r0, [sb, 0x72] ",0
"mov r0, r0 ",0
"mov r0, 0 ",0
"mov r0, r0 ",0
"strb r0, [sb, 0x77] ",0
"mov r0, r0 ",0
"mov r0, 0 ",0
"mov r0, r0 ",0
"strb r0, [sb, 0x76] ",0
"mov r0, r0 ",0
"mov r1, sb ",0
"ldr r3, [0x00029f98] ",0
"sub sp, sp, r3 ",0
"mov r2, sp ",0
"mov r4, lr ",0
bl 0x29b54 ,0
"andeq r0, r0, r0 ",0
"mov r3, lr ",0
"mov lr, r4 ",0
"add r4, r2, 0xac ",0
"mov r6, 0 ",0
"mov r0, r0 ",0
"mov r5, 0x51 ",0
"cmp r6, r5 ",0
"movhs r5, 1 ",0
"movlo r5, 0 ",0
"cmp r5, 0 ",0
bne 0x29b98 ,0
"mov r0, r0 ",0
"ldrb r5, [r3, r6] ",0
"strb r5, [r4, r6] ",0
"add r6, r6, 1 ",0
b 0x29b64 ,0
"mov r0, r0 ",0
"mov r0, r0 ",0
"mov r3, 1 ",0
"strh r3, [r2, 0xaa] ",0
"ldrb r3, [sb, 0x50] ",0
"strh r3, [r2, 0xa8] ",0
"ldr r8, [0x00029f8c] ",0
"ldrsh r3, [r8] ",0
"strh r3, [r2, 0xa6] ",0
"ldrsh r3, [r8, -0x26] ",0
"strh r3, [r2, 0xa4] ",0
"mov sb, r2 ",0
"str r1, [sp, -4]! ",0
"str sb, [sp, -4]! ",0
"str r8, [sp, -4]! ",0
"str lr, [sp, -4]! ",0
"ldr r8, [0x00029f88] ",0
"ldr r8, [r8] ",0
"mov lr, pc ",0
"mov pc, r8 ",0
"mov r0, r0 ",0
pop {lr} ,0
pop {r8} ,0
pop {sb} ,0
pop {r1} ,0
"ldrb r0, [sb, 0xfd] ",0
"ldr r2, [0x00029f98] ",0
"add sp, sp, r2 ",0
"mov sb, r1 ",0
"mov r0, r0 ",0
"mov r0, r0 ",0
"mov r0, r0 ",0
"ldr r1, [0x00029f84] ",0
"mov r0, r0 ",0
"str r1, [sb, 0x7c] ",0
"mov r0, r0 ",0
b 0x29f64 ,0
"mov r0, r0 ",0
"mov r0, r0 ",0
"mov r0, r0 ",0
"mov r0, 1 ",0
"strb r0, [sb, 0x40] ",0
"ldrsh r0, [sb, 0x70] ",0
"str r0, [sb, 0x44] ",0
"mov r0, r0 ",0
"str r0, [sp, -4]! ",0
"add r0, sb, 0x38 ",0
"str sb, [sp, -4]! ",0
"str r8, [sp, -4]! ",0
"str lr, [sp, -4]! ",0
"ldr r8, [0x00029f9c] ",0
"ldr r8, [r8] ",0
"mov lr, pc ",0
"mov pc, r8 ",0
"mov r0, r0 ",0
pop {lr} ,0
pop {r8} ,0
pop {sb} ,0
pop {r0} ,0
"mov r0, r0 ",0
"ldrb r0, [sb, 0x48] ",0
"eor r0, r0, 1 ",0
"mov r0, r0 ",0
"mov r0, r0 ",0
"cmp r0, 0 ",0
bne 0x29f4c ,0
"mov r0, r0 ",0
"mov r0, r0 ",0
"ldrb r0, [sb, 0x77] ",0
"mov r0, r0 ",0
"mov r0, r0 ",0
"cmp r0, 0 ",0
bne 0x29f44 ,0
"mov r0, r0 ",0
"mov r0, r0 ",0
"mov r0, 1 ",0
"mov r0, r0 ",0
"strb r0, [sb, 0x77] ",0
"mov r0, r0 ",0
"ldrb r0, [sb] ",0
"eor r0, r0, 1 ",0
"mov r0, r0 ",0
"mov r0, r0 ",0
"cmp r0, 0 ",0
bne 0x29e00 ,0
"mov r0, r0 ",0
"mov r0, r0 ",0
"mov r1, sb ",0
"ldr r3, [0x00029f98] ",0
"sub sp, sp, r3 ",0
"mov r2, sp ",0
"ldrsh r4, [sb, 0x78] ",0
"str r1, [sp, -4]! ",0
"mov r0, r4 ",0
"mov r1, 1 ",0
"str r2, [sp, -4]! ",0
"str r4, [sp, -4]! ",0
"str sb, [sp, -4]! ",0
"str r8, [sp, -4]! ",0
"str lr, [sp, -4]! ",0
"ldr r8, [0x00029f94] ",0
"ldr r8, [r8] ",0
"mov lr, pc ",0
"mov pc, r8 ",0
"mov r0, r0 ",0
pop {lr} ,0
pop {r8} ,0
pop {sb} ,0
"mov r3, r0 ",0
pop {r4} ,0
pop {r2} ,0
pop {r1} ,0
"add r4, r2, 0xac ",0
"mov r6, 0 ",0
"mov r0, r0 ",0
"mov r5, 0x51 ",0
"cmp r6, r5 ",0
"movhs r5, 1 ",0
"movlo r5, 0 ",0
"cmp r5, 0 ",0
bne 0x29d90 ,0
"mov r0, r0 ",0
"ldrb r5, [r3, r6] ",0
"strb r5, [r4, r6] ",0
"add r6, r6, 1 ",0
b 0x29d5c ,0
"mov r0, r0 ",0
"mov r0, r0 ",0
"mov r3, 6 ",0
"strh r3, [r2, 0xaa] ",0
"ldrb r3, [sb, 0x50] ",0
"strh r3, [r2, 0xa8] ",0
"ldr r8, [0x00029f8c] ",0
"ldrsh r3, [r8] ",0
"strh r3, [r2, 0xa6] ",0
"ldrsh r3, [r8, -0x22] ",0
"strh r3, [r2, 0xa4] ",0
"mov sb, r2 ",0
"str r1, [sp, -4]! ",0
"str sb, [sp, -4]! ",0
"str r8, [sp, -4]! ",0
"str lr, [sp, -4]! ",0
"ldr r8, [0x00029f88] ",0
"ldr r8, [r8] ",0
"mov lr, pc ",0
"mov pc, r8 ",0
"mov r0, r0 ",0
pop {lr} ,0
pop {r8} ,0
pop {sb} ,0
pop {r1} ,0
"ldrb r0, [sb, 0xfd] ",0
"ldr r2, [0x00029f98] ",0
"add sp, sp, r2 ",0
"mov sb, r1 ",0
"mov r0, r0 ",0
"mov r0, r0 ",0
"mov r0, r0 ",0
"ldrb r1, [sb, 1] ",0
"eor r1, r1, 1 ",0
"mov r0, r0 ",0
"mov r0, r0 ",0
"cmp r1, 0 ",0
bne 0x29f3c ,0
"mov r0, r0 ",0
"mov r0, r0 ",0
"mov r1, sb ",0
"ldr r3, [0x00029f98] ",0
"sub sp, sp, r3 ",0
"mov r2, sp ",0
"ldrsh r4, [sb, 0x78] ",0
"str r1, [sp, -4]! ",0
"mov r0, r4 ",0
"mov r1, 1 ",0
"str r2, [sp, -4]! ",0
"str r4, [sp, -4]! ",0
"str sb, [sp, -4]! ",0
"str r8, [sp, -4]! ",0
"str lr, [sp, -4]! ",0
"ldr r8, [0x00029f94] ",0
"ldr r8, [r8] ",0
"mov lr, pc ",0
"mov pc, r8 ",0
"mov r0, r0 ",0
pop {lr} ,0
pop {r8} ,0
pop {sb} ,0
"mov r3, r0 ",0
pop {r4} ,0
pop {r2} ,0
pop {r1} ,0
"add r4, r2, 0xac ",0
"mov r6, 0 ",0
"mov r0, r0 ",0
"mov r5, 0x51 ",0
"cmp r6, r5 ",0
"movhs r5, 1 ",0
"movlo r5, 0 ",0
"cmp r5, 0 ",0
bne 0x29ecc ,0
"mov r0, r0 ",0
"ldrb r5, [r3, r6] ",0
"strb r5, [r4, r6] ",0
"add r6, r6, 1 ",0
b 0x29e98 ,0
"mov r0, r0 ",0
"mov r0, r0 ",0
"mov r3, 4 ",0
"strh r3, [r2, 0xaa] ",0
"ldrb r3, [sb, 0x50] ",0
"strh r3, [r2, 0xa8] ",0
"ldr r8, [0x00029f8c] ",0
"ldrsh r3, [r8] ",0
"strh r3, [r2, 0xa6] ",0
"ldrsh r3, [r8, -0x22] ",0
"strh r3, [r2, 0xa4] ",0
"mov sb, r2 ",0
"str r1, [sp, -4]! ",0
"str sb, [sp, -4]! ",0
"str r8, [sp, -4]! ",0
"str lr, [sp, -4]! ",0
"ldr r8, [0x00029f88] ",0
"ldr r8, [r8] ",0
"mov lr, pc ",0
"mov pc, r8 ",0
"mov r0, r0 ",0
pop {lr} ,0
pop {r8} ,0
pop {sb} ,0
pop {r1} ,0
"ldrb r0, [sb, 0xfd] ",0
"ldr r2, [0x00029f98] ",0
"add sp, sp, r2 ",0
"mov sb, r1 ",0
"mov r0, r0 ",0
"mov r0, r0 ",0
"mov r0, r0 ",0
"mov r0, r0 ",0
"mov r0, r0 ",0
"mov r0, r0 ",0
"mov r0, r0 ",0
"ldr r1, [0x00029f80] ",0
"mov r0, r0 ",0
"str r1, [sb, 0x7c] ",0
"mov r0, r0 ",0
"mov r0, r0 ",0
"mov r0, r0 ",0
"ldr r2, [0x00029fbc] ",0
pop {r1} ,0
"str r1, [r2] ",0
"ldmdb fp, {fp, sp, pc} ",0
invalid ,1
"eoreq pc, r0, r0, lsr 32 ",1
"andeq r0, r0, ip, ror 6 ",1
"andeq r3, r0, r2, lsr 32 ",1
"andeq r0, r0, r8, asr r4 ",1
"strheq r0, [r0], -r0 ",1
"andeq r0, r0, r0, lsl 2 ",1
"andeq r0, r0, r8, lsl 6 ",1
"andeq r0, r0, r4, asr r4 ",1
"andeq r0, r0, ip, asr r4 ",1
"andeq r0, r0, r4, asr 8 ",1
"muleq r0, r8, r4 ",1
"andeq r0, r0, r8, ror 8 ",1
"andeq r0, r0, r4, ror 8 ",1
"andeq r0, r0, r8, ror 6 ",1
"andeq r2, r0, r8, ror 5 ",1
"mov ip, sp ",0
"push {fp, ip, lr} ",0
"mov fp, ip ",0
"str r0, [sp, -4]! ",0
"mov r1, 0 ",0
"strb r1, [sb] ",0
"mov r1, 0 ",0
"strb r1, [sb, 1] ",0
"mov r1, 0 ",0
"strb r1, [sb, 2] ",0
"mov r1, 0 ",0
"strb r1, [sb, 3] ",0
"mov r1, 0 ",0
"strb r1, [sb, 4] ",0
"ldr r8, [0x0002a178] ",0
"ldrb r1, [r8] ",0
"str r0, [sp, -4]! ",0
"add r0, sb, 8 ",0
"str sb, [sp, -4]! ",0
"str r8, [sp, -4]! ",0
"str lr, [sp, -4]! ",0
"ldr r8, [0x0002a174] ",0
"ldr r8, [r8] ",0
"mov lr, pc ",0
"mov pc, r8 ",0
"mov r0, r0 ",0
pop {lr} ,0
pop {r8} ,0
pop {sb} ,0
pop {r0} ,0
"mov r1, r0 ",0
"strb r1, [r8, -0x5e2] ",0
"ldrb r1, [r8] ",0
"str r0, [sp, -4]! ",0
"add r0, sb, 0x20 ",0
"str sb, [sp, -4]! ",0
"str r8, [sp, -4]! ",0
"str lr, [sp, -4]! ",0
"ldr r8, [0x0002a174] ",0
"ldr r8, [r8] ",0
"mov lr, pc ",0
"mov pc, r8 ",0
"mov r0, r0 ",0
pop {lr} ,0
pop {r8} ,0
pop {sb} ,0
pop {r0} ,0
"mov r1, r0 ",0
"strb r1, [r8, -0x5e2] ",0
"ldrb r1, [r8] ",0
"str r0, [sp, -4]! ",0
"add r0, sb, 0x38 ",0
"str sb, [sp, -4]! ",0
"str r8, [sp, -4]! ",0
"str lr, [sp, -4]! ",0
"ldr r8, [0x0002a174] ",0
"ldr r8, [r8] ",0
"mov lr, pc ",0
"mov pc, r8 ",0
"mov r0, r0 ",0
pop {lr} ,0
pop {r8} ,0
pop {sb} ,0
pop {r0} ,0
"mov r1, r0 ",0
"strb r1, [r8, -0x5e2] ",0
"mov r1, 0 ",0
"strb r1, [sb, 0x50] ",0
"mov r1, 0 ",0
"strh r1, [sb, 0x52] ",0
"mov r1, 0 ",0
"strh r1, [sb, 0x54] ",0
"mov r1, 0 ",0
"str r1, [sb, 0x58] ",0
"mov r1, 0 ",0
"str r1, [sb, 0x5c] ",0
"mov r1, 1 ",0
"strb r1, [sb, 0x60] ",0
"mov r1, 0 ",0
"strh r1, [sb, 0x62] ",0
"mov r1, 0 ",0
"strh r1, [sb, 0x64] ",0
"mov r1, 0 ",0
"str r1, [sb, 0x68] ",0
"mov r1, 0 ",0
"str r1, [sb, 0x6c] ",0
"ldr r1, [0x0002a170] ",0
"strh r1, [sb, 0x70] ",0
"mov r1, 1 ",0
"strb r1, [sb, 0x72] ",0
"mov r1, 0 ",0
"strh r1, [sb, 0x74] ",0
"mov r1, 0 ",0
"strb r1, [sb, 0x76] ",0
"mov r1, 0 ",0
"strb r1, [sb, 0x77] ",0
"mov r1, 0 ",0
"strh r1, [sb, 0x78] ",0
"mov r1, 0 ",0
"strb r1, [sb, 0x7a] ",0
"mov r1, 0 ",0
"str r1, [sb, 0x7c] ",0
pop {r0} ,0
"cmp r0, 0 ",0
bne 0x2a168 ,0
"mov r0, r0 ",0
"mov r0, r0 ",0
"ldmdb fp, {fp, sp, pc} ",0
"ldrdeq r0, r1, [r0], -r0 ",1
"andeq r0, r0, ip, lsl 6 ",1
"muleq r0, sb, r0 ",1
"mov ip, sp ",0
"push {fp, ip, lr} ",0
"mov fp, ip ",0
"push {r0, r1, r2, r3, r4, r5, r6, r7, r8, sb, sl, fp, ip, lr} ",0
"mov r0, r0 ",0
"str sb, [sp, -4]! ",0
"str r8, [sp, -4]! ",0
"str lr, [sp, -4]! ",0
"ldr r8, [0x0002a704] ",0
"ldr r8, [r8] ",0
"mov lr, pc ",0
"mov pc, r8 ",0
"mov r0, r0 ",0
pop {lr} ,0
pop {r8} ,0
pop {sb} ,0
"mov r0, r0 ",0
"ldr r8, [0x0002a700] ",0
"ldrsh r0, [r8] ",0
"ldr r8, [0x0002a6fc] ",0
"ldrsh r1, [r8] ",0
"cmp r0, r1 ",0
"movle r0, 1 ",0
"movgt r0, 0 ",0
"mov r0, r0 ",0
"mov r0, r0 ",0
"cmp r0, 0 ",0
bne 0x2a578 ,0
"mov r0, r0 ",0
"mov r0, r0 ",0
"mov r0, 2 ",0
"ldr r8, [0x0002a6f8] ",0
"strb r0, [r8, 0x136] ",0
"ldr r8, [0x0002a6f4] ",0
"ldrsh r0, [r8] ",0
"ldr r8, [0x0002a6f8] ",0
"ldr r1, [0x0002a6f0] ",0
"strh r0, [r8, r1] ",0
"ldr r8, [0x0002a6ec] ",0
"ldrsh r0, [r8] ",0
"ldr r8, [0x0002a6f8] ",0
"ldr r1, [0x0002a6e8] ",0
"strh r0, [r8, r1] ",0
"ldr r8, [0x0002a6e4] ",0
"ldrsh r0, [r8] ",0
"ldr r8, [0x0002a6f8] ",0
"ldr r1, [0x0002a6e0] ",0
"strh r0, [r8, r1] ",0
"ldr r8, [0x0002a6dc] ",0
"ldrsh r0, [r8] ",0
"ldr r8, [0x0002a6f8] ",0
"ldr r1, [0x0002a6d8] ",0
"strh r0, [r8, r1] ",0
"ldr r8, [0x0002a6d4] ",0
"ldrsh r0, [r8] ",0
"ldr r8, [0x0002a6f8] ",0
"ldr r1, [0x0002a6d0] ",0
"strh r0, [r8, r1] ",0
"ldr r1, [0x0002a6cc] ",0
"add r0, r8, r1 ",0
"str r0, [r8, 0x144] ",0
"ldr r1, [0x0002a6c8] ",0
"add r0, r8, r1 ",0
"str r0, [r8, 0x14c] ",0
"ldr r1, [0x0002a6c4] ",0
"add r0, r8, r1 ",0
"str r0, [r8, 0x150] ",0
"ldr r1, [0x0002a6c0] ",0
"add r0, r8, r1 ",0
"str r0, [r8, 0x154] ",0
"mov r0, r0 ",0
"str sb, [sp, -4]! ",0
"mov sb, r8 ",0
"str sb, [sp, -4]! ",0
"str r8, [sp, -4]! ",0
"str lr, [sp, -4]! ",0
"ldr r8, [0x0002a6bc] ",0
"ldr r8, [r8] ",0
"mov lr, pc ",0
"mov pc, r8 ",0
"mov r0, r0 ",0
pop {lr} ,0
pop {r8} ,0
pop {sb} ,0
pop {sb} ,0
"mov r0, r0 ",0
"ldrb r0, [r8, 0x271] ",0
"eor r0, r0, 1 ",0
"mov r0, r0 ",0
"mov r0, r0 ",0
"cmp r0, 0 ",0
bne 0x2a390 ,0
"mov r0, r0 ",0
"mov r0, r0 ",0
"mov r0, 0 ",0
"mov r0, r0 ",0
"ldr r8, [0x0002a6b8] ",0
"strb r0, [r8] ",0
"mov r0, r0 ",0
"mov r0, 5 ",0
"mov r0, r0 ",0
"ldr r1, [0x0002a6b4] ",0
"strh r0, [r8, r1] ",0
"mov r0, r0 ",0
"mov r0, 0x10 ",0
"mov r0, r0 ",0
"strb r0, [r8, -0x15] ",0
"mov r0, r0 ",0
"mov r0, 0x40 ",0
"mov r0, r0 ",0
"strb r0, [r8, -0x14] ",0
"mov r0, r0 ",0
"ldrb r0, [r8, -2] ",0
"mov r0, r0 ",0
"strb r0, [r8, -0x13] ",0
"mov r0, r0 ",0
"ldrb r0, [r8, -0x14] ",0
"ldrb r1, [r8, -0x13] ",0
"add r0, r0, r1 ",0
"mov r0, r0 ",0
"strb r0, [r8, -1] ",0
"mov r0, r0 ",0
"ldrb r0, [r8, -1] ",0
"mov r0, r0 ",0
"strb r0, [r8, -0x12] ",0
"mov r0, r0 ",0
"mov r0, 0x16 ",0
"mov r0, r0 ",0
"strb r0, [r8, -0x11] ",0
"mov r0, r0 ",0
"mov r0, 1 ",0
"mov r0, r0 ",0
"strb r0, [r8, -3] ",0
"mov r0, r0 ",0
"mov r0, r0 ",0
"mov r0, r0 ",0
"ldr r8, [0x0002a6b0] ",0
"ldrb r0, [r8] ",0
"eor r0, r0, 1 ",0
"mov r0, r0 ",0
"mov r0, r0 ",0
"cmp r0, 0 ",0
bne 0x2a4a4 ,0
"mov r0, r0 ",0
"mov r0, r0 ",0
"mov r0, 0 ",0
"mov r0, r0 ",0
"ldr r8, [0x0002a6b0] ",0
"strb r0, [r8] ",0
"mov r0, r0 ",0
"mov r0, 9 ",0
"mov r0, r0 ",0
"ldr r1, [0x0002a6ac] ",0
"strh r0, [r8, r1] ",0
"mov r0, r0 ",0
"mov r0, 0x68 ",0
"mov r0, r0 ",0
"strb r0, [r8, -0x16] ",0
"mov r0, r0 ",0
"mov r0, 3 ",0
"mov r0, r0 ",0
"strb r0, [r8, -0x15] ",0
"mov r0, r0 ",0
"mov r0, 3 ",0
"mov r0, r0 ",0
"strb r0, [r8, -0x14] ",0
"mov r0, r0 ",0
"mov r0, 0x68 ",0
"mov r0, r0 ",0
"strb r0, [r8, -0x13] ",0
"mov r0, r0 ",0
"mov r0, 0x53 ",0
"mov r0, r0 ",0
"strb r0, [r8, -0x12] ",0
"mov r0, r0 ",0
"ldrb r0, [r8, -3] ",0
"mov r0, r0 ",0
"strb r0, [r8, -0x11] ",0
"mov r0, r0 ",0
"mov r0, 0xbb ",0
"mov r0, r0 ",0
"strb r0, [r8, -0x10] ",0
"mov r0, r0 ",0
"ldrb r0, [r8, -0x12] ",0
"ldrb r1, [r8, -0x11] ",0
"add r0, r0, r1 ",0
"ldrb r1, [r8, -0x10] ",0
"add r0, r0, r1 ",0
"mov r0, r0 ",0
"strb r0, [r8, -2] ",0
"mov r0, r0 ",0
"ldrb r0, [r8, -2] ",0
"mov r0, r0 ",0
"strb r0, [r8, -0xf] ",0
"mov r0, r0 ",0
"mov r0, 0x16 ",0
"mov r0, r0 ",0
"strb r0, [r8, -0xe] ",0
"mov r0, r0 ",0
"mov r0, 1 ",0
"mov r0, r0 ",0
"strb r0, [r8, -4] ",0
"mov r0, r0 ",0
"mov r0, r0 ",0
"mov r0, r0 ",0
"ldr r8, [0x0002a6a8] ",0
"ldrb r0, [r8] ",0
"eor r0, r0, 1 ",0
"mov r0, r0 ",0
"mov r0, r0 ",0
"cmp r0, 0 ",0
bne 0x2a570 ,0
"mov r0, r0 ",0
"mov r0, r0 ",0
"mov r0, 0 ",0
"mov r0, r0 ",0
"ldr r8, [0x0002a6a8] ",0
"strb r0, [r8] ",0
"mov r0, r0 ",0
"mov r0, 5 ",0
"mov r0, r0 ",0
"ldr r1, [0x0002a6a4] ",0
"strh r0, [r8, r1] ",0
"mov r0, r0 ",0
"mov r0, 0x10 ",0
"mov r0, r0 ",0
"strb r0, [r8, -0x17] ",0
"mov r0, r0 ",0
"mov r0, 0x5b ",0
"mov r0, r0 ",0
"strb r0, [r8, -0x16] ",0
"mov r0, r0 ",0
"ldrb r0, [r8, -4] ",0
"mov r0, r0 ",0
"strb r0, [r8, -0x15] ",0
"mov r0, r0 ",0
"ldrb r0, [r8, -0x16] ",0
"ldrb r1, [r8, -0x15] ",0
"add r0, r0, r1 ",0
"mov r0, r0 ",0
"strb r0, [r8, -3] ",0
"mov r0, r0 ",0
"ldrb r0, [r8, -3] ",0
"mov r0, r0 ",0
"strb r0, [r8, -0x14] ",0
"mov r0, r0 ",0
"mov r0, 0x16 ",0
"mov r0, r0 ",0
"strb r0, [r8, -0x13] ",0
"mov r0, r0 ",0
"mov r0, 1 ",0
"mov r0, r0 ",0
"strb r0, [r8, -5] ",0
"mov r0, r0 ",0
"mov r0, r0 ",0
"mov r0, r0 ",0
"mov r0, r0 ",0
"mov r0, r0 ",0
"str sb, [sp, -4]! ",0
"str r8, [sp, -4]! ",0
"str lr, [sp, -4]! ",0
"ldr r8, [0x0002a6a0] ",0
"ldr r8, [r8] ",0
"mov lr, pc ",0
"mov pc, r8 ",0
"mov r0, r0 ",0
pop {lr} ,0
pop {r8} ,0
pop {sb} ,0
"mov r0, r0 ",0
"str sb, [sp, -4]! ",0
"str r8, [sp, -4]! ",0
"str lr, [sp, -4]! ",0
"ldr r8, [0x0002a69c] ",0
"ldr r8, [r8] ",0
"mov lr, pc ",0
"mov pc, r8 ",0
"mov r0, r0 ",0
pop {lr} ,0
pop {r8} ,0
pop {sb} ,0
"mov r0, r0 ",0
"str sb, [sp, -4]! ",0
"str r8, [sp, -4]! ",0
"str lr, [sp, -4]! ",0
"ldr r8, [0x0002a698] ",0
"ldr r8, [r8] ",0
"mov lr, pc ",0
"mov pc, r8 ",0
"mov r0, r0 ",0
pop {lr} ,0
pop {r8} ,0
pop {sb} ,0
"mov r0, r0 ",0
"ldr r8, [0x0002a694] ",0
"ldrb r0, [r8, 0x1b] ",0
"eor r0, r0, 1 ",0
"mov r0, r0 ",0
"mov r0, r0 ",0
"cmp r0, 0 ",0
bne 0x2a658 ,0
"mov r0, r0 ",0
"mov r0, r0 ",0
"ldr r8, [0x0002a690] ",0
"ldrsh r0, [r8] ",0
"mov r0, r0 ",0
"ldr r8, [0x0002a68c] ",0
"strh r0, [r8] ",0
"mov r0, r0 ",0
b 0x2a674 ,0
"mov r0, r0 ",0
"mov r0, r0 ",0
"mov r0, r0 ",0
"ldr r8, [0x0002a688] ",0
"ldrsh r0, [r8] ",0
"mov r0, r0 ",0
"ldr r8, [0x0002a68c] ",0
"strh r0, [r8] ",0
"mov r0, r0 ",0
"mov r0, r0 ",0
"mov r0, r0 ",0
"pop {r0, r1, r2, r3, r4, r5, r6, r7, r8, sb, sl, fp, ip, lr} ",0
"ldmdb fp, {fp, sp, pc} ",0
"stmhs r7, {sl, fp, sp, lr, pc} ^ ",1
"andeq r6, r0, lr, lsr fp ",1
"andeq r3, r0, r6, asr r0 ",1
"andeq r6, r0, r8, ror pc ",1
"andeq r0, r0, ip, lsr 8 ",1
"andeq r0, r0, r4, lsl 8 ",1
"andeq r0, r0, r0, ror r3 ",1
invalid ,1
"andeq r5, r2, r7, lsr 11 ",1
invalid ,1
"andeq r5, r2, r6, lsr 11 ",1
invalid ,1
"andeq r5, r2, r5, lsr 11 ",1
"andeq r0, r0, ip, lsr 32 ",1
"andeq r0, r0, sp, ror 4 ",1
"andeq r0, r0, r8, asr r1 ",1
"andeq r0, r0, lr, ror 4 ",1
"andeq r0, r0, ip, asr r2 ",1
"andeq r0, r0, r0, asr 2 ",1
"andeq r3, r0, ip, lsr 1 ",1
"andeq r0, r0, lr, lsr r1 ",1
"andeq r3, r0, r8, lsr 1 ",1
"andeq r0, r0, ip, lsr r1 ",1
"ldrdeq r3, r4, [r0], -r2 ",1
"andeq r0, r0, sl, lsr r1 ",1
"andeq r3, r0, lr, asr 1 ",1
"andeq r0, r0, r8, lsr r1 ",1
"andeq r3, r0, lr, lsl 1 ",1
"andeq r5, r2, r4, lsr r3 ",1
"andeq r3, r0, r6, asr 32 ",1
"andeq r6, r0, r8, asr 22 ",1
"strdeq r0, r1, [r0], -r4 ",1
"mov ip, sp ",0
"push {fp, ip, lr} ",0
"mov fp, ip ",0
"mov r0, r0 ",0
"ldr r8, [0x0002b710] ",0
"ldrsh r0, [r8] ",0
"ldr r8, [0x0002b70c] ",0
"ldrsh r1, [r8] ",0
"cmp r0, r1 ",0
"movne r0, 1 ",0
"moveq r0, 0 ",0
"mov r0, r0 ",0
"cmp r0, 0 ",0
bne 0x2a764 ,0
"mov r0, r0 ",0
"mov r0, r0 ",0
"ldr r8, [0x0002b708] ",0
"ldrsh r0, [r8] ",0
"mov r0, r0 ",0
"ldr r8, [0x0002b710] ",0
"strh r0, [r8] ",0
b 0x2b7fc ,0
"mov r0, r0 ",0
"mov r0, r0 ",0
"mov r0, r0 ",0
"ldr r8, [0x0002b710] ",0
"ldrsh r0, [r8] ",0
"ldr r8, [0x0002b708] ",0
"ldrsh r1, [r8] ",0
"cmp r0, r1 ",0
"movne r0, 1 ",0
"moveq r0, 0 ",0
"mov r0, r0 ",0
"cmp r0, 0 ",0
bne 0x2a848 ,0
"mov r0, r0 ",0
"mov r0, r0 ",0
"mov r1, sb ",0
"sub sp, sp, 0xac ",0
"mov r2, sp ",0
"mov sb, r2 ",0
"str r1, [sp, -4]! ",0
"str sb, [sp, -4]! ",0
"str r8, [sp, -4]! ",0
"str lr, [sp, -4]! ",0
"ldr r8, [0x0002b704] ",0
"ldr r8, [r8] ",0
"mov lr, pc ",0
"mov pc, r8 ",0
"mov r0, r0 ",0
pop {lr} ,0
pop {r8} ,0
pop {sb} ,0
pop {r1} ,0
"ldrb r0, [sb, 0xa8] ",0
"add sp, sp, 0xac ",0
"mov sb, r1 ",0
"mov r0, r0 ",0
"ldr r8, [0x0002b710] ",0
"ldrh r1, [r8, 0x56] ",0
"ldr r2, [0x0002b700] ",0
"cmp r1, r2 ",0
"movls r1, 1 ",0
"movhi r1, 0 ",0
"mov r0, r0 ",0
"mov r0, r0 ",0
"cmp r1, 0 ",0
bne 0x2a834 ,0
"mov r0, r0 ",0
"mov r0, r0 ",0
"ldr r8, [0x0002b6fc] ",0
"ldrsh r0, [r8] ",0
"mov r0, r0 ",0
"ldr r8, [0x0002b710] ",0
"strh r0, [r8] ",0
"mov r0, r0 ",0
"mov r0, r0 ",0
"mov r0, r0 ",0
b 0x2b7fc ,0
"mov r0, r0 ",0
"mov r0, r0 ",0
"mov r0, r0 ",0
"ldr r8, [0x0002b710] ",0
"ldrsh r0, [r8] ",0
"ldr r8, [0x0002b6fc] ",0
"ldrsh r1, [r8] ",0
"cmp r0, r1 ",0
"movne r0, 1 ",0
"moveq r0, 0 ",0
"mov r0, r0 ",0
"cmp r0, 0 ",0
bne 0x2aa10 ,0
"mov r0, r0 ",0
"mov r0, r0 ",0
"mov r1, sb ",0
"ldr r3, [0x0002b6f8] ",0
"sub sp, sp, r3 ",0
"mov r2, sp ",0
"str r1, [sp, -4]! ",0
"str r2, [sp, -4]! ",0
"ldr r8, [0x0002b6f4] ",0
"ldrh r4, [r8] ",0
"mov r0, r4 ",0
"mov r1, 3 ",0
"str r4, [sp, -4]! ",0
"str sb, [sp, -4]! ",0
"str r8, [sp, -4]! ",0
"str lr, [sp, -4]! ",0
"ldr r8, [0x0002b6f0] ",0
"ldr r8, [r8] ",0
"mov lr, pc ",0
"mov pc, r8 ",0
"mov r0, r0 ",0
pop {lr} ,0
pop {r8} ,0
pop {sb} ,0
"mov r2, r0 ",0
pop {r4} ,0
"mov r1, r2 ",0
"mov r4, lr ",0
bl 0x2a900 ,0
"ldrbtvc r7, [r3], -0x953 ",1
"cmpvc pc, 0x1940 ",1
"ldrbtvc r6, [r2], -0x174 ",1
"usub16vc r7, pc, r5 ",1
"andeq r0, r0, r0 ",0
"mov r2, lr ",0
"mov lr, r4 ",0
"mov r0, r2 ",0
"str sb, [sp, -4]! ",0
"str r8, [sp, -4]! ",0
"str lr, [sp, -4]! ",0
"ldr r8, [0x0002b6ec] ",0
"ldr r8, [r8] ",0
"mov lr, pc ",0
"mov pc, r8 ",0
"mov r0, r0 ",0
pop {lr} ,0
pop {r8} ,0
pop {sb} ,0
"add sp, sp, 0 ",0
"mov r3, r0 ",0
pop {r2} ,0
pop {r1} ,0
"add r4, r2, 0xac ",0
"mov r6, 0 ",0
"mov r0, r0 ",0
"mov r5, 0x51 ",0
"cmp r6, r5 ",0
"movhs r5, 1 ",0
"movlo r5, 0 ",0
"cmp r5, 0 ",0
bne 0x2a984 ,0
"mov r0, r0 ",0
"ldrb r5, [r3, r6] ",0
"strb r5, [r4, r6] ",0
"add r6, r6, 1 ",0
b 0x2a950 ,0
"mov r0, r0 ",0
"mov r0, r0 ",0
"mov r3, 1 ",0
"strh r3, [r2, 0xaa] ",0
"mov r3, 0 ",0
"strh r3, [r2, 0xa8] ",0
"ldr r8, [0x0002b6e8] ",0
"ldrsh r3, [r8] ",0
"strh r3, [r2, 0xa6] ",0
"ldrsh r3, [r8, -0x12] ",0
"strh r3, [r2, 0xa4] ",0
"mov sb, r2 ",0
"str r1, [sp, -4]! ",0
"str sb, [sp, -4]! ",0
"str r8, [sp, -4]! ",0
"str lr, [sp, -4]! ",0
"ldr r8, [0x0002b6e4] ",0
"ldr r8, [r8] ",0
"mov lr, pc ",0
"mov pc, r8 ",0
"mov r0, r0 ",0
pop {lr} ,0
pop {r8} ,0
pop {sb} ,0
pop {r1} ,0
"ldrb r0, [sb, 0xfd] ",0
"ldr r2, [0x0002b6f8] ",0
"add sp, sp, r2 ",0
"mov sb, r1 ",0
"mov r0, r0 ",0
"ldrsh r1, [r8, 0x3a] ",0
"mov r0, r0 ",0
"ldr r8, [0x0002b710] ",0
"strh r1, [r8] ",0
b 0x2b7fc ,0
"mov r0, r0 ",0
"mov r0, r0 ",0
"mov r0, r0 ",0
"ldr r8, [0x0002b710] ",0
"ldrsh r0, [r8] ",0
"ldr r8, [0x0002b6e0] ",0
"ldrsh r1, [r8] ",0
"cmp r0, r1 ",0
"movne r0, 1 ",0
"moveq r0, 0 ",0
"mov r0, r0 ",0
"cmp r0, 0 ",0
bne 0x2b738 ,0
"mov r0, r0 ",0
"mov r0, r0 ",0
"ldr r8, [0x0002b6dc] ",0
"ldrb r0, [r8, 0x10] ",0
"eor r0, r0, 1 ",0
"strb r0, [r8, 8] ",0
"mov r0, 0x32 ",0
"str r0, [r8, 0xc] ",0
"mov r0, r0 ",0
"str r0, [sp, -4]! ",0
"mov r0, r8 ",0
"str sb, [sp, -4]! ",0
"str r8, [sp, -4]! ",0
"str lr, [sp, -4]! ",0
"ldr r8, [0x0002b6d8] ",0
"ldr r8, [r8] ",0
"mov lr, pc ",0
"mov pc, r8 ",0
"mov r0, r0 ",0
pop {lr} ,0
pop {r8} ,0
pop {sb} ,0
pop {r0} ,0
"mov r0, r0 ",0
"ldrb r0, [r8, 0x10] ",0
"eor r0, r0, 1 ",0
"mov r0, r0 ",0
"mov r0, r0 ",0
"cmp r0, 0 ",0
bne 0x2aaec ,0
"mov r0, r0 ",0
"mov r0, r0 ",0
"str sb, [sp, -4]! ",0
"str r8, [sp, -4]! ",0
"str lr, [sp, -4]! ",0
"ldr r8, [0x0002b6d4] ",0
"ldr r8, [r8] ",0
"mov lr, pc ",0
"mov pc, r8 ",0
"mov r0, r0 ",0
pop {lr} ,0
pop {r8} ,0
pop {sb} ,0
"mov r0, r0 ",0
"mov r0, r0 ",0
"mov r0, r0 ",0
"ldr r8, [0x0002b6d0] ",0
"ldrb r0, [r8, 0x10] ",0
"eor r0, r0, 1 ",0
"strb r0, [r8, 8] ",0
"ldr r0, [0x0002b6cc] ",0
"str r0, [r8, 0xc] ",0
"mov r0, r0 ",0
"str r0, [sp, -4]! ",0
"mov r0, r8 ",0
"str sb, [sp, -4]! ",0
"str r8, [sp, -4]! ",0
"str lr, [sp, -4]! ",0
"ldr r8, [0x0002b6d8] ",0
"ldr r8, [r8] ",0
"mov lr, pc ",0
"mov pc, r8 ",0
"mov r0, r0 ",0
pop {lr} ,0
pop {r8} ,0
pop {sb} ,0
pop {r0} ,0
"mov r0, r0 ",0
"ldrb r0, [r8, 0x10] ",0
"eor r0, r0, 1 ",0
"mov r0, r0 ",0
"mov r0, r0 ",0
"cmp r0, 0 ",0
bne 0x2b368 ,0
"mov r0, r0 ",0
"mov r0, r0 ",0
"mov r1, sb ",0
"sub sp, sp, 0xac ",0
"mov r2, sp ",0
"mov sb, r2 ",0
"str r1, [sp, -4]! ",0
"str sb, [sp, -4]! ",0
"str r8, [sp, -4]! ",0
"str lr, [sp, -4]! ",0
"ldr r8, [0x0002b704] ",0
"ldr r8, [r8] ",0
"mov lr, pc ",0
"mov pc, r8 ",0
"mov r0, r0 ",0
pop {lr} ,0
pop {r8} ,0
pop {sb} ,0
pop {r1} ,0
"ldrb r0, [sb, 0xa8] ",0
"add sp, sp, 0xac ",0
"mov sb, r1 ",0
"mov r0, r0 ",0
"ldr r8, [0x0002b6c8] ",0
"ldrsh r1, [r8] ",0
"ldr r8, [0x0002b6c4] ",0
"strh r1, [r8, 0x18] ",0
"mov r0, r0 ",0
"str sb, [sp, -4]! ",0
"mov sb, r8 ",0
"str r0, [sp, -4]! ",0
"str sb, [sp, -4]! ",0
"str r8, [sp, -4]! ",0
"str lr, [sp, -4]! ",0
"ldr r8, [0x0002b6c0] ",0
"ldr r8, [r8] ",0
"mov lr, pc ",0
"mov pc, r8 ",0
"mov r0, r0 ",0
pop {lr} ,0
pop {r8} ,0
pop {sb} ,0
pop {r0} ,0
pop {sb} ,0
"mov r0, r0 ",0
"ldr r8, [0x0002b6bc] ",0
"ldrh r0, [r8] ",0
"ldr r8, [0x0002b6b8] ",0
"strh r0, [r8, 0x74] ",0
"mov r0, r0 ",0
"str sb, [sp, -4]! ",0
"mov sb, r8 ",0
"str sb, [sp, -4]! ",0
"str r8, [sp, -4]! ",0
"str lr, [sp, -4]! ",0
"ldr r8, [0x0002b6b4] ",0
"ldr r8, [r8] ",0
"mov lr, pc ",0
"mov pc, r8 ",0
"mov r0, r0 ",0
pop {lr} ,0
pop {r8} ,0
pop {sb} ,0
pop {sb} ,0
"mov r0, r0 ",0
"ldr r8, [0x0002b6b0] ",0
"ldrh r0, [r8] ",0
"ldr r8, [0x0002b6ac] ",0
"strh r0, [r8, 0x74] ",0
"mov r0, r0 ",0
"str sb, [sp, -4]! ",0
"mov sb, r8 ",0
"str sb, [sp, -4]! ",0
"str r8, [sp, -4]! ",0
"str lr, [sp, -4]! ",0
"ldr r8, [0x0002b6b4] ",0
"ldr r8, [r8] ",0
"mov lr, pc ",0
"mov pc, r8 ",0
"mov r0, r0 ",0
pop {lr} ,0
pop {r8} ,0
pop {sb} ,0
pop {sb} ,0
"mov r0, r0 ",0
"ldr r8, [0x0002b6a8] ",0
"ldrh r0, [r8] ",0
"ldr r8, [0x0002b6a4] ",0
"strh r0, [r8, 0x74] ",0
"mov r0, r0 ",0
"str sb, [sp, -4]! ",0
"mov sb, r8 ",0
"str sb, [sp, -4]! ",0
"str r8, [sp, -4]! ",0
"str lr, [sp, -4]! ",0
"ldr r8, [0x0002b6b4] ",0
"ldr r8, [r8] ",0
"mov lr, pc ",0
"mov pc, r8 ",0
"mov r0, r0 ",0
pop {lr} ,0
pop {r8} ,0
pop {sb} ,0
pop {sb} ,0
"mov r0, r0 ",0
"ldr r8, [0x0002b6a0] ",0
"ldrh r0, [r8] ",0
"ldr r8, [0x0002b69c] ",0
"strh r0, [r8, 0x74] ",0
"mov r0, r0 ",0
"str sb, [sp, -4]! ",0
"mov sb, r8 ",0
"str sb, [sp, -4]! ",0
"str r8, [sp, -4]! ",0
"str lr, [sp, -4]! ",0
"ldr r8, [0x0002b6b4] ",0
"ldr r8, [r8] ",0
"mov lr, pc ",0
"mov pc, r8 ",0
"mov r0, r0 ",0
pop {lr} ,0
pop {r8} ,0
pop {sb} ,0
pop {sb} ,0
"mov r0, r0 ",0
"ldr r8, [0x0002b698] ",0
"ldrh r0, [r8] ",0
"ldr r8, [0x0002b694] ",0
"strh r0, [r8, 0x74] ",0
"mov r0, r0 ",0
"str sb, [sp, -4]! ",0
"mov sb, r8 ",0
"str sb, [sp, -4]! ",0
"str r8, [sp, -4]! ",0
"str lr, [sp, -4]! ",0
"ldr r8, [0x0002b6b4] ",0
"ldr r8, [r8] ",0
"mov lr, pc ",0
"mov pc, r8 ",0
"mov r0, r0 ",0
pop {lr} ,0
pop {r8} ,0
pop {sb} ,0
pop {sb} ,0
"mov r0, r0 ",0
"ldr r8, [0x0002b690] ",0
"ldrh r0, [r8] ",0
"ldr r8, [0x0002b68c] ",0
"strh r0, [r8, 0x74] ",0
"mov r0, r0 ",0
"str sb, [sp, -4]! ",0
"mov sb, r8 ",0
"str sb, [sp, -4]! ",0
"str r8, [sp, -4]! ",0
"str lr, [sp, -4]! ",0
"ldr r8, [0x0002b6b4] ",0
"ldr r8, [r8] ",0
"mov lr, pc ",0
"mov pc, r8 ",0
"mov r0, r0 ",0
pop {lr} ,0
pop {r8} ,0
pop {sb} ,0
pop {sb} ,0
"mov r0, r0 ",0
"mov r0, 0 ",0
"mov r0, r0 ",0
"ldr r8, [0x0002b688] ",0
"strh r0, [r8] ",0
"mov r0, r0 ",0
"mov r0, 0 ",0
"mov r0, r0 ",0
"strh r0, [r8, 2] ",0
"mov r0, r0 ",0
"ldr r8, [0x0002b6b8] ",0
"ldrb r0, [r8, 0x77] ",0
"mov r0, r0 ",0
"mov r0, r0 ",0
"cmp r0, 0 ",0
bne 0x2ae74 ,0
"mov r0, r0 ",0
"mov r0, r0 ",0
"ldr r8, [0x0002b688] ",0
"ldrsh r0, [r8] ",0
"ldr r8, [0x0002b6b8] ",0
"ldrsh r1, [r8, 0x78] ",0
"add r0, r0, r1 ",0
"mov r0, r0 ",0
"ldr r8, [0x0002b688] ",0
"strh r0, [r8] ",0
"mov r0, r0 ",0
"ldrsh r0, [r8, 2] ",0
"add r0, r0, 1 ",0
"mov r0, r0 ",0
"strh r0, [r8, 2] ",0
"mov r0, r0 ",0
"mov r0, r0 ",0
"mov r0, r0 ",0
"ldr r8, [0x0002b6ac] ",0
"ldrb r0, [r8, 0x77] ",0
"mov r0, r0 ",0
"mov r0, r0 ",0
"cmp r0, 0 ",0
bne 0x2aed4 ,0
"mov r0, r0 ",0
"mov r0, r0 ",0
"ldr r8, [0x0002b688] ",0
"ldrsh r0, [r8] ",0
"ldr r8, [0x0002b6ac] ",0
"ldrsh r1, [r8, 0x78] ",0
"add r0, r0, r1 ",0
"mov r0, r0 ",0
"ldr r8, [0x0002b688] ",0
"strh r0, [r8] ",0
"mov r0, r0 ",0
"ldrsh r0, [r8, 2] ",0
"add r0, r0, 1 ",0
"mov r0, r0 ",0
"strh r0, [r8, 2] ",0
"mov r0, r0 ",0
"mov r0, r0 ",0
"mov r0, r0 ",0
"ldr r8, [0x0002b6a4] ",0
"ldrb r0, [r8, 0x77] ",0
"mov r0, r0 ",0
"mov r0, r0 ",0
"cmp r0, 0 ",0
bne 0x2af34 ,0
"mov r0, r0 ",0
"mov r0, r0 ",0
"ldr r8, [0x0002b688] ",0
"ldrsh r0, [r8] ",0
"ldr r8, [0x0002b6a4] ",0
"ldrsh r1, [r8, 0x78] ",0
"add r0, r0, r1 ",0
"mov r0, r0 ",0
"ldr r8, [0x0002b688] ",0
"strh r0, [r8] ",0
"mov r0, r0 ",0
"ldrsh r0, [r8, 2] ",0
"add r0, r0, 1 ",0
"mov r0, r0 ",0
"strh r0, [r8, 2] ",0
"mov r0, r0 ",0
"mov r0, r0 ",0
"mov r0, r0 ",0
"ldr r8, [0x0002b684] ",0
"ldrsh r0, [r8] ",0
"cmp r0, 0 ",0
"movle r0, 1 ",0
"movgt r0, 0 ",0
"mov r0, r0 ",0
"mov r0, r0 ",0
"cmp r0, 0 ",0
bne 0x2afc4 ,0
"mov r0, r0 ",0
"mov r0, r0 ",0
"ldr r8, [0x0002b688] ",0
"ldrsh r0, [r8] ",0
"ldrsh r1, [r8, 2] ",0
"str r1, [sp, -4]! ",0
"str sb, [sp, -4]! ",0
"str r8, [sp, -4]! ",0
"str lr, [sp, -4]! ",0
"ldr r8, [0x0002b680] ",0
"ldr r8, [r8] ",0
"mov lr, pc ",0
"mov pc, r8 ",0
"mov r0, r0 ",0
pop {lr} ,0
pop {r8} ,0
pop {sb} ,0
pop {r1} ,0
"mov r0, r0 ",0
"ldr r8, [0x0002b67c] ",0
"strh r0, [r8, 0xa] ",0
"mov r0, r0 ",0
b 0x2afdc ,0
"mov r0, r0 ",0
"mov r0, r0 ",0
"mov r0, r0 ",0
"ldr r0, [0x0002b678] ",0
"mov r0, r0 ",0
"ldr r8, [0x0002b67c] ",0
"strh r0, [r8, 0xa] ",0
"mov r0, r0 ",0
"mov r0, r0 ",0
"mov r0, 0 ",0
"mov r0, r0 ",0
"ldr r8, [0x0002b688] ",0
"strh r0, [r8] ",0
"mov r0, r0 ",0
"mov r0, 0 ",0
"mov r0, r0 ",0
"strh r0, [r8, 2] ",0
"mov r0, r0 ",0
"ldr r8, [0x0002b69c] ",0
"ldrb r0, [r8, 0x77] ",0
"mov r0, r0 ",0
"mov r0, r0 ",0
"cmp r0, 0 ",0
bne 0x2b05c ,0
"mov r0, r0 ",0
"mov r0, r0 ",0
"ldr r8, [0x0002b688] ",0
"ldrsh r0, [r8] ",0
"ldr r8, [0x0002b69c] ",0
"ldrsh r1, [r8, 0x78] ",0
"add r0, r0, r1 ",0
"mov r0, r0 ",0
"ldr r8, [0x0002b688] ",0
"strh r0, [r8] ",0
"mov r0, r0 ",0
"ldrsh r0, [r8, 2] ",0
"add r0, r0, 1 ",0
"mov r0, r0 ",0
"strh r0, [r8, 2] ",0
"mov r0, r0 ",0
"mov r0, r0 ",0
"mov r0, r0 ",0
"ldr r8, [0x0002b694] ",0
"ldrb r0, [r8, 0x77] ",0
"mov r0, r0 ",0
"mov r0, r0 ",0
"cmp r0, 0 ",0
bne 0x2b0bc ,0
"mov r0, r0 ",0
"mov r0, r0 ",0
"ldr r8, [0x0002b688] ",0
"ldrsh r0, [r8] ",0
"ldr r8, [0x0002b694] ",0
"ldrsh r1, [r8, 0x78] ",0
"add r0, r0, r1 ",0
"mov r0, r0 ",0
"ldr r8, [0x0002b688] ",0
"strh r0, [r8] ",0
"mov r0, r0 ",0
"ldrsh r0, [r8, 2] ",0
"add r0, r0, 1 ",0
"mov r0, r0 ",0
"strh r0, [r8, 2] ",0
"mov r0, r0 ",0
"mov r0, r0 ",0
"mov r0, r0 ",0
"ldr r8, [0x0002b68c] ",0
"ldrb r0, [r8, 0x77] ",0
"mov r0, r0 ",0
"mov r0, r0 ",0
"cmp r0, 0 ",0
bne 0x2b11c ,0
"mov r0, r0 ",0
"mov r0, r0 ",0
"ldr r8, [0x0002b688] ",0
"ldrsh r0, [r8] ",0
"ldr r8, [0x0002b68c] ",0
"ldrsh r1, [r8, 0x78] ",0
"add r0, r0, r1 ",0
"mov r0, r0 ",0
"ldr r8, [0x0002b688] ",0
"strh r0, [r8] ",0
"mov r0, r0 ",0
"ldrsh r0, [r8, 2] ",0
"add r0, r0, 1 ",0
"mov r0, r0 ",0
"strh r0, [r8, 2] ",0
"mov r0, r0 ",0
"mov r0, r0 ",0
"mov r0, r0 ",0
"ldr r8, [0x0002b684] ",0
"ldrsh r0, [r8] ",0
"cmp r0, 0 ",0
"movle r0, 1 ",0
"movgt r0, 0 ",0
"mov r0, r0 ",0
"mov r0, r0 ",0
"cmp r0, 0 ",0
bne 0x2b1ac ,0
"mov r0, r0 ",0
"mov r0, r0 ",0
"ldr r8, [0x0002b688] ",0
"ldrsh r0, [r8] ",0
"ldrsh r1, [r8, 2] ",0
"str r1, [sp, -4]! ",0
"str sb, [sp, -4]! ",0
"str r8, [sp, -4]! ",0
"str lr, [sp, -4]! ",0
"ldr r8, [0x0002b680] ",0
"ldr r8, [r8] ",0
"mov lr, pc ",0
"mov pc, r8 ",0
"mov r0, r0 ",0
pop {lr} ,0
pop {r8} ,0
pop {sb} ,0
pop {r1} ,0
"mov r0, r0 ",0
"ldr r8, [0x0002b67c] ",0
"strh r0, [r8, 0xc] ",0
"mov r0, r0 ",0
b 0x2b1c4 ,0
"mov r0, r0 ",0
"mov r0, r0 ",0
"mov r0, r0 ",0
"ldr r0, [0x0002b678] ",0
"mov r0, r0 ",0
"ldr r8, [0x0002b67c] ",0
"strh r0, [r8, 0xc] ",0
"mov r0, r0 ",0
"mov r0, r0 ",0
"ldr r8, [0x0002b67c] ",0
"ldrsh r0, [r8, 0xa] ",0
"ldr r1, [0x0002b678] ",0
"cmp r0, r1 ",0
"moveq r0, 1 ",0
"movne r0, 0 ",0
"ldrsh r1, [r8, 0xc] ",0
"ldr r2, [0x0002b678] ",0
"cmp r1, r2 ",0
"moveq r1, 1 ",0
"movne r1, 0 ",0
"orr r0, r0, r1 ",0
"eor r0, r0, 1 ",0
"mov r0, r0 ",0
"mov r0, r0 ",0
"cmp r0, 0 ",0
bne 0x2b238 ,0
"mov r0, r0 ",0
"mov r0, r0 ",0
"mov r0, 0 ",0
"mov r0, r0 ",0
"ldr r8, [0x0002b67c] ",0
"strh r0, [r8, 0xa] ",0
"mov r0, r0 ",0
"mov r0, 0 ",0
"mov r0, r0 ",0
"strh r0, [r8, 0xc] ",0
"mov r0, r0 ",0
"mov r0, r0 ",0
"mov r0, r0 ",0
"ldr r8, [0x0002b674] ",0
"ldr r0, [r8, 0xa0] ",0
"ldr r8, [0x0002b67c] ",0
"str r0, [r8, 0x10] ",0
"ldr r8, [0x0002b670] ",0
"mov r0, r8 ",0
"ldr r8, [0x0002b67c] ",0
"str r0, [r8, 0x5c] ",0
"ldr r8, [0x0002b66c] ",0
"mov r0, r8 ",0
"ldr r8, [0x0002b67c] ",0
"str r0, [r8, 0x60] ",0
"mov r0, r0 ",0
"str sb, [sp, -4]! ",0
"mov sb, r8 ",0
"str sb, [sp, -4]! ",0
"str r8, [sp, -4]! ",0
"str lr, [sp, -4]! ",0
"ldr r8, [0x0002b668] ",0
"ldr r8, [r8] ",0
"mov lr, pc ",0
"mov pc, r8 ",0
"mov r0, r0 ",0
pop {lr} ,0
pop {r8} ,0
pop {sb} ,0
pop {sb} ,0
"mov r0, r0 ",0
"ldr r1, [0x0002b664] ",0
"ldrb r2, [r1] ",0
"and r0, r2, 0x40 ",0
"lsr r0, r0, 6 ",0
"eor r0, r0, 1 ",0
"mov r0, r0 ",0
"mov r0, r0 ",0
"cmp r0, 0 ",0
bne 0x2b324 ,0
"mov r0, r0 ",0
"mov r0, r0 ",0
"mov r0, 0 ",0
"mov r0, r0 ",0
"ldr r1, [0x0002b664] ",0
"ldrb r2, [r1] ",0
"cmp r0, 0 ",0
beq 0x2b308 ,0
"mov r0, r0 ",0
"orr r2, r2, 0x40 ",0
b 0x2b310 ,0
"mov r0, r0 ",0
"mov r0, r0 ",0
"bic r2, r2, 0x40 ",0
"mov r0, r0 ",0
"strb r2, [r1] ",0
"mov r0, r0 ",0
b 0x2b364 ,0
"mov r0, r0 ",0
"mov r0, r0 ",0
"mov r0, r0 ",0
"mov r0, 1 ",0
"mov r0, r0 ",0
"ldr r1, [0x0002b664] ",0
"ldrb r2, [r1] ",0
"cmp r0, 0 ",0
beq 0x2b354 ,0
"mov r0, r0 ",0
"orr r2, r2, 0x40 ",0
b 0x2b35c ,0
"mov r0, r0 ",0
"mov r0, r0 ",0
"bic r2, r2, 0x40 ",0
"mov r0, r0 ",0
"strb r2, [r1] ",0
"mov r0, r0 ",0
"mov r0, r0 ",0
"mov r0, r0 ",0
"mov r0, r0 ",0
"ldr r8, [0x0002b660] ",0
"ldrb r0, [r8, 0x10] ",0
"eor r0, r0, 1 ",0
"strb r0, [r8, 8] ",0
"ldr r0, [0x0002b65c] ",0
"str r0, [r8, 0xc] ",0
"mov r0, r0 ",0
"str r0, [sp, -4]! ",0
"mov r0, r8 ",0
"str sb, [sp, -4]! ",0
"str r8, [sp, -4]! ",0
"str lr, [sp, -4]! ",0
"ldr r8, [0x0002b6d8] ",0
"ldr r8, [r8] ",0
"mov lr, pc ",0
"mov pc, r8 ",0
"mov r0, r0 ",0
pop {lr} ,0
pop {r8} ,0
pop {sb} ,0
pop {r0} ,0
"mov r0, r0 ",0
"ldrb r0, [r8, 0x10] ",0
"eor r0, r0, 1 ",0
"mov r0, r0 ",0
"mov r0, r0 ",0
"cmp r0, 0 ",0
bne 0x2b4a4 ,0
"mov r0, r0 ",0
"mov r0, r0 ",0
"mov r1, sb ",0
"sub sp, sp, 0xa4 ",0
"mov r2, sp ",0
"mov sb, r2 ",0
"str r1, [sp, -4]! ",0
"str sb, [sp, -4]! ",0
"str r8, [sp, -4]! ",0
"str lr, [sp, -4]! ",0
"ldr r8, [0x0002b658] ",0
"ldr r8, [r8] ",0
"mov lr, pc ",0
"mov pc, r8 ",0
"mov r0, r0 ",0
pop {lr} ,0
pop {r8} ,0
pop {sb} ,0
pop {r1} ,0
"ldrb r0, [sb, 0xa2] ",0
"add sp, sp, 0xa4 ",0
"mov sb, r1 ",0
"mov r0, r0 ",0
"str r0, [sp, -4]! ",0
"mov r0, r0 ",0
"mov r0, sb ",0
"ldr r3, [0x0002b654] ",0
"sub sp, sp, r3 ",0
"mov r2, sp ",0
"mov sb, r2 ",0
"str r0, [sp, -4]! ",0
"str sb, [sp, -4]! ",0
"str r8, [sp, -4]! ",0
"str lr, [sp, -4]! ",0
"ldr r8, [0x0002b650] ",0
"ldr r8, [r8] ",0
"mov lr, pc ",0
"mov pc, r8 ",0
"mov r0, r0 ",0
pop {lr} ,0
pop {r8} ,0
pop {sb} ,0
pop {r0} ,0
"ldrb r1, [sb, 0x10c] ",0
"ldr r2, [0x0002b654] ",0
"add sp, sp, r2 ",0
"mov sb, r0 ",0
pop {r0} ,0
"mov r0, r0 ",0
"mov r0, r0 ",0
"mov r0, r0 ",0
"ldr r2, [0x0002b64c] ",0
"ldrb r3, [r2] ",0
"and r1, r3, 8 ",0
"lsr r1, r1, 3 ",0
"ldr r8, [0x0002b674] ",0
"strb r1, [r8, 0x9c] ",0
"ldr r8, [0x0002b648] ",0
"ldrh r1, [r8] ",0
"ldr r8, [0x0002b674] ",0
"strh r1, [r8, 0x9e] ",0
"ldr r8, [0x0002b644] ",0
"mov r1, r8 ",0
"ldr r8, [0x0002b674] ",0
"str r1, [r8, 0xac] ",0
"ldr r8, [0x0002b640] ",0
"mov r1, r8 ",0
"ldr r8, [0x0002b674] ",0
"str r1, [r8, 0xb0] ",0
"mov r0, r0 ",0
"str sb, [sp, -4]! ",0
"mov sb, r8 ",0
"str r0, [sp, -4]! ",0
"str sb, [sp, -4]! ",0
"str r8, [sp, -4]! ",0
"str lr, [sp, -4]! ",0
"ldr r8, [0x0002b63c] ",0
"ldr r8, [r8] ",0
"mov lr, pc ",0
"mov pc, r8 ",0
"mov r0, r0 ",0
pop {lr} ,0
pop {r8} ,0
pop {sb} ,0
pop {r0} ,0
pop {sb} ,0
"mov r0, r0 ",0
"ldr r1, [0x0002b64c] ",0
"ldrb r2, [r1] ",0
"and r0, r2, 0x20 ",0
"lsr r0, r0, 5 ",0
"strb r0, [r8, 0xe0] ",0
"ldr r8, [0x0002b638] ",0
"mov r0, r8 ",0
"ldr r8, [0x0002b634] ",0
"str r0, [r8, 0x34] ",0
"ldr r8, [0x0002b630] ",0
"mov r0, r8 ",0
"ldr r8, [0x0002b634] ",0
"str r0, [r8, 0x38] ",0
"mov r0, r0 ",0
"str sb, [sp, -4]! ",0
"mov sb, r8 ",0
"str sb, [sp, -4]! ",0
"str r8, [sp, -4]! ",0
"str lr, [sp, -4]! ",0
"ldr r8, [0x0002b62c] ",0
"ldr r8, [r8] ",0
"mov lr, pc ",0
"mov pc, r8 ",0
"mov r0, r0 ",0
pop {lr} ,0
pop {r8} ,0
pop {sb} ,0
pop {sb} ,0
"mov r0, r0 ",0
"ldr r1, [0x0002b64c] ",0
"ldrb r2, [r1] ",0
"and r0, r2, 0x10 ",0
"lsr r0, r0, 4 ",0
"strb r0, [r8, 0x68] ",0
"ldr r8, [0x0002b628] ",0
"mov r0, r8 ",0
"ldr r8, [0x0002b624] ",0
"str r0, [r8, 0x34] ",0
"ldr r8, [0x0002b620] ",0
"mov r0, r8 ",0
"ldr r8, [0x0002b624] ",0
"str r0, [r8, 0x38] ",0
"mov r0, r0 ",0
"str sb, [sp, -4]! ",0
"mov sb, r8 ",0
"str sb, [sp, -4]! ",0
"str r8, [sp, -4]! ",0
"str lr, [sp, -4]! ",0
"ldr r8, [0x0002b62c] ",0
"ldr r8, [r8] ",0
b 0x2b714 ,0
"mov r0, r0 ",0
"stclgt p13, c12, [sp, 0x334] ",1
"stclgt p13, c12, [sp, 0x334] ",1
"stclgt p13, c12, [sp, 0x334] ",1
"stclgt p13, c12, [sp, 0x334] ",1
"andhs r4, r0, r0, lsl r0 ",1
"andeq r7, r0, ip, lsl 7 ",1
"andhs r4, r0, r4, lsl r0 ",1
"muleq r0, r0, r3 ",1
"andhs r4, r0, r8 ",1
"andeq r7, r0, r0, asr r3 ",1
"andhs r4, r0, ip ",1
"strheq r0, [r0], -r8 ",1
"andhs r4, r0, r0 ",1
"andhs r4, r0, r4 ",1
"stmhs r7, {r4, sl, fp, sp, lr, pc} ^ ",1
"stmhs r7, {r3, r4, sl, fp, sp, lr, pc} ^ ",1
"andeq r0, r0, r8, asr 6 ",1
"andeq r0, r0, r0, lsl r1 ",1
"andeq r0, r0, r0, lsl 7 ",1
"andeq sb, r4, r0, ror 7 ",1
"andeq r4, r0, r4, lsr r4 ",1
"stmhs r7, {r2, fp, ip, lr, pc} ^ ",1
"andeq r0, r0, r0, asr 7 ",1
"andhs r4, r0, ip, lsl r0 ",1
"andhs r4, r0, r8, lsl r0 ",1
"muleq r0, ip, r2 ",1
invalid ,1
"ldrdeq r5, r6, [r2], -r0 ",1
"strheq r0, [r0], -r8 ",1
"andeq r4, r0, lr, asr 8 ",1
"andeq r4, r0, ip, asr 8 ",1
"andeq r7, r0, ip, lsl r2 ",1
"stmhs r7, {r2, sl, fp, sp, lr, pc} ^ ",1
"muleq r0, ip, r1 ",1
"stmhs r7, {r1, r2, sl, fp, sp, lr, pc} ^ ",1
"andeq r7, r0, ip, lsl r1 ",1
"stmhs r7, {r3, sl, fp, sp, lr, pc} ^ ",1
"muleq r0, ip, r0 ",1
"stmhs r7, {r1, r3, sl, fp, sp, lr, pc} ^ ",1
"andeq r7, r0, ip, lsl r0 ",1
"stmhs r7, {r2, r3, sl, fp, sp, lr, pc} ^ ",1
"andeq r0, r0, r8, ror 7 ",1
"muleq r0, ip, pc ",1
"stmhs r7, {r1, r2, r3, sl, fp, sp, lr, pc} ^ ",1
"ldrdeq r0, r1, [r0], -r4 ",1
"andeq r6, r0, r8, ror pc ",1
"stmhs r7, {sl, fp, sp, lr, pc} ^ ",1
"strdeq r0, r1, [r0], -r4 ",1
"andeq r4, r0, ip, lsl r4 ",1
"andeq r0, r0, r8, lsl r4 ",1
"andeq r0, r0, r8, lsl 6 ",1
"andeq r4, r0, r4, lsl 8 ",1
"andeq r3, r0, sl, asr 32 ",1
"andeq r0, r0, ip, ror 6 ",1
"andeq r3, r0, r0, lsl r0 ",1
"andeq r0, r0, r0, lsl 5 ",1
"strheq r0, [r0], -r0 ",1
"andeq r3, r0, r4, asr r0 ",1
"andeq r0, r0, r0, lsl 2 ",1
"andeq r3, r0, r6, asr 32 ",1
"ldrdeq r0, r1, [r0], -r0 ",1
"andeq r0, r0, r4, lsl r4 ",1
"andeq r3, r0, r4, asr 32 ",1
"andeq r3, r0, r2, asr 32 ",1
"andeq r6, r0, r8, asr 22 ",1
"mov lr, pc ",0
"mov pc, r8 ",0
"mov r0, r0 ",0
pop {lr} ,0
pop {r8} ,0
pop {sb} ,0
pop {sb} ,0
b 0x2b7fc ,0
"mov r0, r0 ",0
"mov r0, r0 ",0
"mov r0, r0 ",0
"ldr r8, [0x0002b818] ",0
"ldrsh r0, [r8] ",0
"ldr r8, [0x0002b814] ",0
"ldrsh r1, [r8] ",0
"cmp r0, r1 ",0
"movne r0, 1 ",0
"moveq r0, 0 ",0
"mov r0, r0 ",0
"cmp r0, 0 ",0
bne 0x2b78c ,0
"mov r0, r0 ",0
"mov r0, r0 ",0
"ldr r8, [0x0002b810] ",0
"ldrsh r0, [r8] ",0
"mov r0, r0 ",0
"ldr r8, [0x0002b818] ",0
"strh r0, [r8] ",0
b 0x2b7fc ,0
"mov r0, r0 ",0
"mov r0, r0 ",0
"mov r0, r0 ",0
"ldr r8, [0x0002b818] ",0
"ldrsh r0, [r8] ",0
"ldr r8, [0x0002b80c] ",0
"ldrsh r1, [r8] ",0
"cmp r0, r1 ",0
"movne r0, 1 ",0
"moveq r0, 0 ",0
"mov r0, r0 ",0
"cmp r0, 0 ",0
bne 0x2b7e0 ,0
"mov r0, r0 ",0
"mov r0, r0 ",0
"ldr r8, [0x0002b810] ",0
"ldrsh r0, [r8] ",0
"mov r0, r0 ",0
"ldr r8, [0x0002b818] ",0
"strh r0, [r8] ",0
b 0x2b7fc ,0
"mov r0, r0 ",0
"mov r0, r0 ",0
"mov r0, r0 ",0
"ldr r8, [0x0002b810] ",0
"ldrsh r0, [r8] ",0
"mov r0, r0 ",0
"ldr r8, [0x0002b818] ",0
"strh r0, [r8] ",0
"mov r0, r0 ",0
"mov r0, r0 ",0
"mov r0, r0 ",0
"ldmdb fp, {fp, sp, pc} ",0
"andeq r3, r0, lr, asr 32 ",1
"andeq r3, r0, r2, asr 32 ",1
"andeq r3, r0, ip, asr 32 ",1
"andeq r6, r0, r8, asr 22 ",1
"mov ip, sp ",0
"push {fp, ip, lr} ",0
"mov fp, ip ",0
"ldr r0, [0x0002baa8] ",0
"ldr r1, [r0] ",0
"str r1, [sp, -4]! ",0
"str sb, [r0] ",0
"mov r0, 0 ",0
"strh r0, [sb] ",0
"mov r0, 0 ",0
"strh r0, [sb, 0x10] ",0
"mov r0, r0 ",0
"mov r0, 0 ",0
"mov r0, r0 ",0
"strh r0, [sb] ",0
"mov r0, r0 ",0
"mov r0, r0 ",0
"ldrh r0, [sb, 8] ",0
"cmp r0, 0 ",0
"movls r0, 1 ",0
"movhi r0, 0 ",0
"mov r0, r0 ",0
"mov r0, r0 ",0
"cmp r0, 0 ",0
bne 0x2ba78 ,0
"mov r0, r0 ",0
"mov r0, r0 ",0
"ldr r0, [sb, 4] ",0
"ldrb r0, [r0] ",0
"mov r1, 0x10 ",0
"str r1, [sp, -4]! ",0
"str sb, [sp, -4]! ",0
"str r8, [sp, -4]! ",0
"str lr, [sp, -4]! ",0
"ldr r8, [0x0002baa4] ",0
"ldr r8, [r8] ",0
"mov lr, pc ",0
"mov pc, r8 ",0
"mov r0, r0 ",0
pop {lr} ,0
pop {r8} ,0
pop {sb} ,0
pop {r1} ,0
"add r0, r0, 0x30 ",0
"ldr r1, [sb, 4] ",0
"ldrb r1, [r1] ",0
"mov r2, 0x10 ",0
"str r0, [sp, -4]! ",0
"mov r0, r1 ",0
"mov r1, r2 ",0
"str r2, [sp, -4]! ",0
"str sb, [sp, -4]! ",0
"str r8, [sp, -4]! ",0
"str lr, [sp, -4]! ",0
"ldr r8, [0x0002baa4] ",0
"ldr r8, [r8] ",0
"mov lr, pc ",0
"mov pc, r8 ",0
"mov r0, r0 ",0
pop {lr} ,0
pop {r8} ,0
pop {sb} ,0
"mov r1, r0 ",0
pop {r2} ,0
pop {r0} ,0
"mov r2, 0xa ",0
"str r0, [sp, -4]! ",0
"mov r0, r1 ",0
"mov r1, r2 ",0
"str r2, [sp, -4]! ",0
"str sb, [sp, -4]! ",0
"str r8, [sp, -4]! ",0
"str lr, [sp, -4]! ",0
"ldr r8, [0x0002baa4] ",0
"ldr r8, [r8] ",0
"mov lr, pc ",0
"mov pc, r8 ",0
"mov r0, r0 ",0
pop {lr} ,0
pop {r8} ,0
pop {sb} ,0
"mov r1, r0 ",0
pop {r2} ,0
pop {r0} ,0
"mov r2, 7 ",0
"mul r1, r1, r2 ",0
"add r0, r0, r1 ",0
"mov r0, r0 ",0
"ldr r1, [sb, 0xc] ",0
"strb r0, [r1] ",0
"mov r0, r0 ",0
"ldr r0, [sb, 0xc] ",0
"add r0, r0, 1 ",0
"mov r0, r0 ",0
"str r0, [sb, 0xc] ",0
"mov r0, r0 ",0
"ldr r0, [sb, 4] ",0
"ldrb r0, [r0] ",0
"and r0, r0, 0xf ",0
"add r0, r0, 0x30 ",0
"ldr r1, [sb, 4] ",0
"ldrb r1, [r1] ",0
"and r1, r1, 0xf ",0
"mov r2, 0xa ",0
"str r0, [sp, -4]! ",0
"mov r0, r1 ",0
"mov r1, r2 ",0
"str r2, [sp, -4]! ",0
"str sb, [sp, -4]! ",0
"str r8, [sp, -4]! ",0
"str lr, [sp, -4]! ",0
"ldr r8, [0x0002baa4] ",0
"ldr r8, [r8] ",0
"mov lr, pc ",0
"mov pc, r8 ",0
"mov r0, r0 ",0
pop {lr} ,0
pop {r8} ,0
pop {sb} ,0
"mov r1, r0 ",0
pop {r2} ,0
pop {r0} ,0
"mov r2, 7 ",0
"mul r1, r1, r2 ",0
"add r0, r0, r1 ",0
"mov r0, r0 ",0
"ldr r1, [sb, 0xc] ",0
"strb r0, [r1] ",0
"mov r0, r0 ",0
"ldr r0, [sb, 0xc] ",0
"add r0, r0, 1 ",0
"mov r0, r0 ",0
"str r0, [sb, 0xc] ",0
"mov r0, r0 ",0
"ldr r0, [sb, 4] ",0
"add r0, r0, 1 ",0
"mov r0, r0 ",0
"str r0, [sb, 4] ",0
"mov r0, r0 ",0
"ldrh r0, [sb, 8] ",0
"sub r0, r0, 1 ",0
"mov r0, r0 ",0
"strh r0, [sb, 8] ",0
"mov r0, r0 ",0
"ldrh r0, [sb] ",0
"add r0, r0, 2 ",0
"mov r0, r0 ",0
"strh r0, [sb] ",0
"mov r0, r0 ",0
b 0x2b858 ,0
"mov r0, r0 ",0
"mov r0, r0 ",0
"mov r0, r0 ",0
"ldrh r0, [sb] ",0
"mov r0, r0 ",0
"strh r0, [sb, 0x10] ",0
"mov r0, r0 ",0
"mov r0, r0 ",0
"ldr r1, [0x0002baa8] ",0
pop {r0} ,0
"str r0, [r1] ",0
"ldmdb fp, {fp, sp, pc} ",0
"strheq r0, [r0], -ip ",1
"strdeq r2, r3, [r0], -r0 ",1
"mov ip, sp ",0
"push {fp, ip, lr} ",0
"mov fp, ip ",0
"mov r0, r0 ",0
"ldr r8, [0x0002c100] ",0
"ldr r0, [r8] ",0
"cmp r0, 0 ",0
"movne r0, 1 ",0
"moveq r0, 0 ",0
"mov r0, r0 ",0
"cmp r0, 0 ",0
bne 0x2bb3c ,0
"mov r0, r0 ",0
"mov r0, r0 ",0
"mov r0, 0 ",0
"mov r0, r0 ",0
"ldr r8, [0x0002c0fc] ",0
"str r0, [r8] ",0
"mov r0, r0 ",0
"mov r0, 0 ",0
"mov r0, r0 ",0
"strb r0, [r8, -0x5e6] ",0
"mov r0, r0 ",0
"mov r0, 0 ",0
"mov r0, r0 ",0
"str r0, [r8, 0xbc0] ",0
"mov r0, r0 ",0
"mov r0, 1 ",0
"mov r0, r0 ",0
"strb r0, [r8, -0x5e8] ",0
"mov r0, r0 ",0
"mov r0, 1 ",0
"mov r0, r0 ",0
"str r0, [r8, 0xbc4] ",0
b 0x2bfcc ,0
"mov r0, r0 ",0
"mov r0, r0 ",0
"mov r0, r0 ",0
"ldr r8, [0x0002c100] ",0
"ldr r0, [r8] ",0
"cmp r0, 1 ",0
"movne r0, 1 ",0
"moveq r0, 0 ",0
"mov r0, r0 ",0
"cmp r0, 0 ",0
bne 0x2bc34 ,0
"mov r0, r0 ",0
"mov r0, r0 ",0
"ldr r8, [0x0002c0f8] ",0
"ldrb r0, [r8] ",0
"eor r0, r0, 1 ",0
"mov r0, r0 ",0
"mov r0, r0 ",0
"cmp r0, 0 ",0
bne 0x2bbc4 ,0
"mov r0, r0 ",0
"mov r0, r0 ",0
"mov r0, 0 ",0
"mov r0, r0 ",0
"ldr r8, [0x0002c0f4] ",0
"strh r0, [r8] ",0
"mov r0, r0 ",0
"mov r0, 0 ",0
"mov r0, r0 ",0
"ldr r1, [0x0002c0f0] ",0
"strh r0, [r8, r1] ",0
"mov r0, r0 ",0
"mov r0, 2 ",0
"mov r0, r0 ",0
"str r0, [r8, 0xbc6] ",0
"mov r0, r0 ",0
"mov r0, r0 ",0
"mov r0, r0 ",0
"ldr r8, [0x0002c0ec] ",0
"ldr r0, [r8] ",0
"cmp r0, 1 ",0
"movle r0, 1 ",0
"movgt r0, 0 ",0
"mov r0, r0 ",0
"mov r0, r0 ",0
"cmp r0, 0 ",0
bne 0x2bc20 ,0
"mov r0, r0 ",0
"mov r0, r0 ",0
"mov r0, 0 ",0
"mov r0, r0 ",0
"ldr r8, [0x0002c0e8] ",0
"strb r0, [r8] ",0
"mov r0, r0 ",0
"mov r0, 0 ",0
"mov r0, r0 ",0
"ldr r8, [0x0002c100] ",0
"str r0, [r8] ",0
"mov r0, r0 ",0
"mov r0, r0 ",0
"mov r0, r0 ",0
b 0x2bfcc ,0
"mov r0, r0 ",0
"mov r0, r0 ",0
"mov r0, r0 ",0
"ldr r8, [0x0002c100] ",0
"ldr r0, [r8] ",0
"cmp r0, 2 ",0
"movne r0, 1 ",0
"moveq r0, 0 ",0
"mov r0, r0 ",0
"cmp r0, 0 ",0
bne 0x2bfb4 ,0
"mov r0, r0 ",0
"mov r0, r0 ",0
"ldr r8, [0x0002c0e4] ",0
"ldr r0, [r8] ",0
"cmp r0, 0 ",0
"movle r0, 1 ",0
"movgt r0, 0 ",0
"mov r0, r0 ",0
"mov r0, r0 ",0
"cmp r0, 0 ",0
bne 0x2bf64 ,0
"mov r0, r0 ",0
"mov r0, r0 ",0
"ldr r8, [0x0002c0f4] ",0
"ldrh r0, [r8] ",0
"ldr r1, [r8, 0xbc2] ",0
"mov r2, 2 ",0
"str r0, [sp, -4]! ",0
"mov r0, r1 ",0
"mov r1, r2 ",0
"str r2, [sp, -4]! ",0
"str sb, [sp, -4]! ",0
"str r8, [sp, -4]! ",0
"str lr, [sp, -4]! ",0
"ldr r8, [0x0002c0e0] ",0
"ldr r8, [r8] ",0
"mov lr, pc ",0
"mov pc, r8 ",0
"mov r0, r0 ",0
pop {lr} ,0
pop {r8} ,0
pop {sb} ,0
"mov r1, r0 ",0
pop {r2} ,0
pop {r0} ,0
"add r0, r0, r1 ",0
"ldr r8, [0x0002c0dc] ",0
"ldr r1, [r8] ",0
"cmp r0, r1 ",0
"movlt r0, 1 ",0
"movge r0, 0 ",0
"mov r0, r0 ",0
"mov r0, r0 ",0
"cmp r0, 0 ",0
bne 0x2bd34 ,0
"mov r0, r0 ",0
"mov r0, r0 ",0
"mov r0, 0 ",0
"mov r0, r0 ",0
"ldr r8, [0x0002c0f4] ",0
"strh r0, [r8] ",0
"mov r0, r0 ",0
b 0x2bdec ,0
"mov r0, r0 ",0
"mov r0, r0 ",0
"mov r0, r0 ",0
"mov r1, sb ",0
"sub sp, sp, 0x18 ",0
"mov r2, sp ",0
"ldr r8, [0x0002c0f4] ",0
"ldrh r3, [r8] ",0
"add r3, r8, r3 ",0
"ldr r4, [0x0002c0d8] ",0
"add r3, r3, r4 ",0
"str r3, [r2, 0x10] ",0
"ldr r3, [r8, 0xbc2] ",0
"ldr r4, [0x0002c0d4] ",0
"and r3, r4, r3 ",0
"strh r3, [r2, 0xc] ",0
"add r3, r8, 6 ",0
"str r3, [r2, 8] ",0
"mov sb, r2 ",0
"str r1, [sp, -4]! ",0
"str sb, [sp, -4]! ",0
"str r8, [sp, -4]! ",0
"str lr, [sp, -4]! ",0
"ldr r8, [0x0002c0d0] ",0
"ldr r8, [r8] ",0
"mov lr, pc ",0
"mov pc, r8 ",0
"mov r0, r0 ",0
pop {lr} ,0
pop {r8} ,0
pop {sb} ,0
pop {r1} ,0
"ldrh r0, [sb, 0x14] ",0
"add sp, sp, 0x18 ",0
"mov sb, r1 ",0
"mov r0, r0 ",0
"ldr r8, [0x0002c0cc] ",0
"strh r0, [r8] ",0
"mov r0, r0 ",0
"ldr r8, [0x0002c0f4] ",0
"ldrh r0, [r8] ",0
"ldr r8, [0x0002c0cc] ",0
"ldrh r1, [r8] ",0
"add r0, r0, r1 ",0
"mov r0, r0 ",0
"ldr r8, [0x0002c0f4] ",0
"strh r0, [r8] ",0
"mov r0, r0 ",0
"mov r0, r0 ",0
"ldr r8, [0x0002c0f4] ",0
"ldrh r0, [r8] ",0
"cmp r0, 8 ",0
"movlo r0, 1 ",0
"movhs r0, 0 ",0
"mov r0, r0 ",0
"mov r0, r0 ",0
"cmp r0, 0 ",0
bne 0x2bf48 ,0
"mov r0, r0 ",0
"mov r0, r0 ",0
"ldr r8, [0x0002c0c8] ",0
"add r0, r8, 6 ",0
"mov r0, r0 ",0
"str r0, [r8, 0xbbc] ",0
"mov r0, r0 ",0
"ldr r0, [0x0002c0c4] ",0
"ldrh r0, [r8, r0] ",0
"mov r1, 8 ",0
"ldr r2, [r8, 0xbbc] ",0
"ldrh r2, [r2] ",0
"add r1, r1, r2 ",0
"cmp r0, r1 ",0
"movlo r0, 1 ",0
"movhs r0, 0 ",0
"mov r0, r0 ",0
"mov r0, r0 ",0
"cmp r0, 0 ",0
bne 0x2bf40 ,0
"mov r0, r0 ",0
"mov r0, r0 ",0
"ldr r8, [0x0002c0c0] ",0
"ldr r0, [r8] ",0
"ldrh r0, [r0] ",0
"mov r0, r0 ",0
"strh r0, [r8, 0xe] ",0
"mov r0, r0 ",0
"ldr r1, [0x0002c0bc] ",0
"add r0, r8, r1 ",0
"mov r0, r0 ",0
"str r0, [r8] ",0
"mov r0, r0 ",0
"ldr r0, [r8] ",0
"ldrh r0, [r0] ",0
"mov r0, r0 ",0
"strh r0, [r8, -2] ",0
"mov r0, r0 ",0
"ldr r1, [0x0002c0b8] ",0
"add r0, r8, r1 ",0
"mov r0, r0 ",0
"str r0, [r8] ",0
"mov r0, r0 ",0
"ldr r0, [r8] ",0
"ldrh r0, [r0] ",0
"mov r0, r0 ",0
"strh r0, [r8, 8] ",0
"mov r0, r0 ",0
"ldr r1, [0x0002c0b4] ",0
"add r0, r8, r1 ",0
"mov r0, r0 ",0
"str r0, [r8] ",0
"mov r0, r0 ",0
"ldr r0, [r8] ",0
"ldrh r0, [r0] ",0
"mov r0, r0 ",0
"strh r0, [r8, 0xa] ",0
"mov r0, r0 ",0
"str sb, [sp, -4]! ",0
"str r8, [sp, -4]! ",0
"str lr, [sp, -4]! ",0
"ldr r8, [0x0002c0b0] ",0
"ldr r8, [r8] ",0
"mov lr, pc ",0
"mov pc, r8 ",0
"mov r0, r0 ",0
pop {lr} ,0
pop {r8} ,0
pop {sb} ,0
"mov r0, r0 ",0
"mov r0, 0 ",0
"mov r0, r0 ",0
"ldr r8, [0x0002c0f4] ",0
"strh r0, [r8] ",0
"mov r0, r0 ",0
"mov r0, r0 ",0
"mov r0, r0 ",0
"mov r0, r0 ",0
"mov r0, r0 ",0
"mov r0, 0 ",0
"mov r0, r0 ",0
"ldr r8, [0x0002c0e4] ",0
"str r0, [r8] ",0
"mov r0, r0 ",0
"mov r0, r0 ",0
"mov r0, r0 ",0
"ldr r8, [0x0002c0f8] ",0
"ldrb r0, [r8] ",0
"mov r0, r0 ",0
"mov r0, r0 ",0
"cmp r0, 0 ",0
bne 0x2bfa0 ,0
"mov r0, r0 ",0
"mov r0, r0 ",0
"mov r0, 0 ",0
"mov r0, r0 ",0
"ldr r8, [0x0002c100] ",0
"str r0, [r8] ",0
"mov r0, r0 ",0
"mov r0, r0 ",0
"mov r0, r0 ",0
b 0x2bfcc ,0
"mov r0, r0 ",0
"mov r0, r0 ",0
"mov r0, r0 ",0
"mov r0, 0 ",0
"mov r0, r0 ",0
"ldr r8, [0x0002c100] ",0
"str r0, [r8] ",0
"mov r0, r0 ",0
"mov r0, r0 ",0
"ldr r8, [0x0002c0e8] ",0
"ldrb r0, [r8] ",0
"strb r0, [r8, -0x24] ",0
"ldr r8, [0x0002c0ac] ",0
"ldrh r0, [r8] ",0
"ldr r8, [0x0002c0a8] ",0
"ldr r1, [0x0002c0a4] ",0
"strh r0, [r8, r1] ",0
"ldr r0, [0x0002c0a0] ",0
"str r0, [r8, 0x644] ",0
"ldr r1, [0x0002c09c] ",0
"add r0, r8, r1 ",0
"str r0, [r8, 0x648] ",0
"ldr r0, [r8, 0xc4c] ",0
"str r0, [r8, 0x64c] ",0
"ldr r1, [0x0002c098] ",0
"add r0, r8, r1 ",0
"str r0, [r8, 0x658] ",0
"ldr r1, [0x0002c094] ",0
"add r0, r8, r1 ",0
"str r0, [r8, 0x65c] ",0
"ldr r8, [0x0002c0e4] ",0
"mov r0, r8 ",0
"ldr r8, [0x0002c0a8] ",0
"str r0, [r8, 0x660] ",0
"mov r0, r0 ",0
"str sb, [sp, -4]! ",0
"mov sb, r8 ",0
"str sb, [sp, -4]! ",0
"str r8, [sp, -4]! ",0
"str lr, [sp, -4]! ",0
"ldr r8, [0x0002c090] ",0
"ldr r8, [r8] ",0
"mov lr, pc ",0
"mov pc, r8 ",0
"mov r0, r0 ",0
pop {lr} ,0
pop {r8} ,0
pop {sb} ,0
pop {sb} ,0
"ldrb r0, [r8, 0x650] ",0
"strb r0, [r8, 0x665] ",0
"ldr r0, [r8, 0x654] ",0
"str r0, [r8, 0x668] ",0
"mov r0, r0 ",0
"mov r0, r0 ",0
"ldmdb fp, {fp, sp, pc} ",0
"andeq r0, r0, r4, lsr 8 ",1
"andeq r0, r0, r0, asr ip ",1
"andeq r0, r0, r6, ror 12 ",1
"andeq r0, r0, ip, ror 12 ",1
"andeq fp, sp, r0, lsr 23 ",1
"andeq r0, r0, r2, asr 12 ",1
"andeq r4, r0, r0, asr r4 ",1
"andeq r3, r0, ip, asr r0 ",1
"andeq r0, r0, r0, lsl r4 ",1
invalid ,1
invalid ,1
invalid ,1
"andeq r6, r0, r0, lsr 16 ",1
invalid ,1
"andeq r5, r0, r4, ror 24 ",1
"andeq r6, r0, r2, lsr r8 ",1
"andeq r0, r0, r0, ror 6 ",1
invalid ,1
"andeq r0, r0, sl, asr 23 ",1
"andeq r3, r0, r4, rrx ",1
"strheq r0, [r0], -r8 ",1
"andeq r5, r0, ip, asr ip ",1
"strheq r4, [r0], -r4 ",1
"strheq r4, [r0], -r8 ",1
"andeq r0, r0, r0, asr 23 ",1
"muleq r0, sl, r0 ",1
"strheq r4, [r0], -r5 ",1
"muleq r0, ip, r0 ",1
"andeq r5, r0, r0, ror 24 ",1
"mov ip, sp ",0
"push {fp, ip, lr} ",0
"mov fp, ip ",0
"mov r0, r0 ",0
"ldr r8, [0x0002c1e4] ",0
"ldrh r0, [r8] ",0
"cmp r0, 1 ",0
"moveq r0, 1 ",0
"movne r0, 0 ",0
"mov r0, r0 ",0
"mov r0, r0 ",0
"cmp r0, 0 ",0
bne 0x2c15c ,0
"mov r0, r0 ",0
"mov r0, r0 ",0
"mov r0, 2 ",0
"mov r0, r0 ",0
"ldr r8, [0x0002c1e0] ",0
"strh r0, [r8] ",0
"mov r0, r0 ",0
b 0x2c1c8 ,0
"mov r0, r0 ",0
"mov r0, r0 ",0
"mov r0, r0 ",0
"mov r0, r0 ",0
"ldr r8, [0x0002c1dc] ",0
"ldrh r0, [r8] ",0
"cmp r0, 1 ",0
"movne r0, 1 ",0
"moveq r0, 0 ",0
"mov r0, r0 ",0
"cmp r0, 0 ",0
bne 0x2c1ac ,0
"mov r0, r0 ",0
"mov r0, r0 ",0
"mov r0, 1 ",0
"mov r0, r0 ",0
"ldr r8, [0x0002c1d8] ",0
"ldr r1, [0x0002c1d4] ",0
"strb r0, [r8, r1] ",0
b 0x2c1c4 ,0
"mov r0, r0 ",0
"mov r0, r0 ",0
"mov r0, r0 ",0
"mov r0, 3 ",0
"mov r0, r0 ",0
"ldr r8, [0x0002c1e0] ",0
"strh r0, [r8] ",0
"mov r0, r0 ",0
"mov r0, r0 ",0
"mov r0, r0 ",0
"ldmdb fp, {fp, sp, pc} ",0
"andeq sp, r1, r4, asr 20 ",1
"andeq r7, r0, r0, lsl 17 ",1
"andeq r6, r0, sl, lsr 16 ",1
"andeq r6, r0, ip, lsr 16 ",1
"andeq r6, r0, r8, lsr 16 ",1
"mov ip, sp ",0
"push {fp, ip, lr} ",0
"mov fp, ip ",0
"mov r0, r0 ",0
"ldr r8, [0x0002c3f4] ",0
"ldrh r0, [r8] ",0
"cmp r0, 0 ",0
"moveq r0, 1 ",0
"movne r0, 0 ",0
"mov r0, r0 ",0
"mov r0, r0 ",0
"cmp r0, 0 ",0
bne 0x2c240 ,0
"mov r0, r0 ",0
"mov r0, r0 ",0
"mov r0, 2 ",0
"mov r0, r0 ",0
"ldr r8, [0x0002c3f0] ",0
"strh r0, [r8] ",0
"mov r0, r0 ",0
b 0x2c3d0 ,0
"mov r0, r0 ",0
"mov r0, r0 ",0
"mov r0, r0 ",0
"mov r0, r0 ",0
"ldr r8, [0x0002c3ec] ",0
"ldrh r0, [r8] ",0
"cmp r0, 0 ",0
"movne r0, 1 ",0
"moveq r0, 0 ",0
"mov r0, r0 ",0
"cmp r0, 0 ",0
bne 0x2c2c4 ,0
"mov r0, r0 ",0
"mov r0, r0 ",0
"ldr r8, [0x0002c3e8] ",0
"ldrh r0, [r8] ",0
"cmp r0, 0 ",0
"moveq r0, 1 ",0
"movne r0, 0 ",0
"mov r0, r0 ",0
"mov r0, r0 ",0
"cmp r0, 0 ",0
bne 0x2c2b0 ,0
"mov r0, r0 ",0
"mov r0, r0 ",0
"mov r0, 0 ",0
"mov r0, r0 ",0
"ldr r8, [0x0002c3e4] ",0
"str r0, [r8] ",0
"mov r0, r0 ",0
"mov r0, r0 ",0
"mov r0, r0 ",0
b 0x2c3cc ,0
"mov r0, r0 ",0
"mov r0, r0 ",0
"mov r0, r0 ",0
"ldr r8, [0x0002c3ec] ",0
"ldrh r0, [r8] ",0
"cmp r0, 1 ",0
"movne r0, 1 ",0
"moveq r0, 0 ",0
"mov r0, r0 ",0
"cmp r0, 0 ",0
bne 0x2c34c ,0
"mov r0, r0 ",0
"mov r0, r0 ",0
"mov r1, sb ",0
"sub sp, sp, 0xa4 ",0
"mov r2, sp ",0
"mov sb, r2 ",0
"str r1, [sp, -4]! ",0
"str sb, [sp, -4]! ",0
"str r8, [sp, -4]! ",0
"str lr, [sp, -4]! ",0
"ldr r8, [0x0002c3e0] ",0
"ldr r8, [r8] ",0
"mov lr, pc ",0
"mov pc, r8 ",0
"mov r0, r0 ",0
pop {lr} ,0
pop {r8} ,0
pop {sb} ,0
pop {r1} ,0
"ldrb r0, [sb, 0xa2] ",0
"add sp, sp, 0xa4 ",0
"mov sb, r1 ",0
b 0x2c3cc ,0
"mov r0, r0 ",0
"mov r0, r0 ",0
"mov r0, r0 ",0
"ldr r8, [0x0002c3ec] ",0
"ldrh r0, [r8] ",0
"cmp r0, 2 ",0
"movne r0, 1 ",0
"moveq r0, 0 ",0
"mov r0, r0 ",0
"cmp r0, 0 ",0
bne 0x2c3b4 ,0
"mov r0, r0 ",0
"mov r0, r0 ",0
"mov r0, 0 ",0
"mov r0, r0 ",0
"ldr r8, [0x0002c3dc] ",0
"strb r0, [r8, 2] ",0
"mov r0, r0 ",0
"mov r0, 0 ",0
"mov r0, r0 ",0
"strb r0, [r8, 3] ",0
"mov r0, r0 ",0
"mov r0, 0 ",0
"mov r0, r0 ",0
"strb r0, [r8, 4] ",0
b 0x2c3cc ,0
"mov r0, r0 ",0
"mov r0, r0 ",0
"mov r0, r0 ",0
"mov r0, 3 ",0
"mov r0, r0 ",0
"ldr r8, [0x0002c3f0] ",0
"strh r0, [r8] ",0
"mov r0, r0 ",0
"mov r0, r0 ",0
"mov r0, r0 ",0
"ldmdb fp, {fp, sp, pc} ",0
"andeq r6, r0, r8, asr 22 ",1
"andeq r0, r0, r0, lsl 7 ",1
"muleq r0, ip, r0 ",1
"andeq r6, r0, lr, lsr 16 ",1
"andeq r6, r0, sl, lsr 16 ",1
"andeq r6, r0, ip, lsr 16 ",1
"andeq r6, r0, r8, lsr 16 ",1
"mov ip, sp ",0
"push {fp, ip, lr} ",0
"mov fp, ip ",0
"mov r0, r0 ",0
"mov r0, 0 ",0
"mov r0, r0 ",0
"ldr r8, [0x0002c7a0] ",0
"strh r0, [r8] ",0
"mov r0, r0 ",0
"mov r0, 0 ",0
"mov r0, r0 ",0
"strh r0, [r8, 4] ",0
"mov r0, r0 ",0
"mov r0, 0x10 ",0
"mov r0, r0 ",0
"ldr r8, [0x0002c79c] ",0
"str r0, [r8] ",0
"mov r0, r0 ",0
"ldr r8, [0x0002c798] ",0
"ldrh r0, [r8] ",0
"ldr r8, [0x0002c794] ",0
"ldrsh r1, [r8] ",0
"cmp r0, r1 ",0
"movne r0, 1 ",0
"moveq r0, 0 ",0
"mov r0, r0 ",0
"cmp r0, 0 ",0
bne 0x2c4a4 ,0
"mov r0, r0 ",0
"mov r0, r0 ",0
"str sb, [sp, -4]! ",0
"str r8, [sp, -4]! ",0
"str lr, [sp, -4]! ",0
"ldr r8, [0x0002c790] ",0
"ldr r8, [r8] ",0
"mov lr, pc ",0
"mov pc, r8 ",0
"mov r0, r0 ",0
pop {lr} ,0
pop {r8} ,0
pop {sb} ,0
b 0x2c528 ,0
"mov r0, r0 ",0
"mov r0, r0 ",0
"mov r0, r0 ",0
"ldr r8, [0x0002c798] ",0
"ldrh r0, [r8] ",0
"ldr r8, [0x0002c78c] ",0
"ldrsh r1, [r8] ",0
"cmp r0, r1 ",0
"movne r0, 1 ",0
"moveq r0, 0 ",0
"mov r0, r0 ",0
"cmp r0, 0 ",0
bne 0x2c510 ,0
"mov r0, r0 ",0
"mov r0, r0 ",0
"str sb, [sp, -4]! ",0
"str r8, [sp, -4]! ",0
"str lr, [sp, -4]! ",0
"ldr r8, [0x0002c788] ",0
"ldr r8, [r8] ",0
"mov lr, pc ",0
"mov pc, r8 ",0
"mov r0, r0 ",0
pop {lr} ,0
pop {r8} ,0
pop {sb} ,0
b 0x2c528 ,0
"mov r0, r0 ",0
"mov r0, r0 ",0
"mov r0, r0 ",0
"mov r0, 1 ",0
"mov r0, r0 ",0
"ldr r8, [0x0002c7a0] ",0
"strh r0, [r8] ",0
"mov r0, r0 ",0
"mov r0, r0 ",0
"ldr r8, [0x0002c79c] ",0
"ldr r0, [r8] ",0
"cmp r0, 0 ",0
"movle r0, 1 ",0
"movgt r0, 0 ",0
"mov r0, r0 ",0
"mov r0, r0 ",0
"cmp r0, 0 ",0
bne 0x2c760 ,0
"mov r0, r0 ",0
"mov r0, r0 ",0
"mov r1, sb ",0
"sub sp, sp, 0x14 ",0
"mov r2, sp ",0
"ldr r8, [0x0002c784] ",0
"mov r3, r8 ",0
"str r3, [r2, 0xc] ",0
"mov r3, 2 ",0
"strh r3, [r2, 8] ",0
"ldr r8, [0x0002c798] ",0
"mov r3, r8 ",0
"str r3, [r2, 4] ",0
"mov sb, r2 ",0
"str r1, [sp, -4]! ",0
"str sb, [sp, -4]! ",0
"str r8, [sp, -4]! ",0
"str lr, [sp, -4]! ",0
"ldr r8, [0x0002c780] ",0
"ldr r8, [r8] ",0
"mov lr, pc ",0
"mov pc, r8 ",0
"mov r0, r0 ",0
pop {lr} ,0
pop {r8} ,0
pop {sb} ,0
pop {r1} ,0
"ldrh r0, [sb, 0x10] ",0
"add sp, sp, 0x14 ",0
"mov sb, r1 ",0
"mov r0, r0 ",0
"str r0, [sp, -4]! ",0
"mov r0, r0 ",0
"mov r0, sb ",0
"sub sp, sp, 0x14 ",0
"mov r2, sp ",0
"ldr r8, [0x0002c784] ",0
"add r3, r8, 4 ",0
"str r3, [r2, 0xc] ",0
"mov r3, 2 ",0
"strh r3, [r2, 8] ",0
"ldr r8, [0x0002c77c] ",0
"mov r3, r8 ",0
"str r3, [r2, 4] ",0
"mov sb, r2 ",0
"str r0, [sp, -4]! ",0
"str sb, [sp, -4]! ",0
"str r8, [sp, -4]! ",0
"str lr, [sp, -4]! ",0
"ldr r8, [0x0002c780] ",0
"ldr r8, [r8] ",0
"mov lr, pc ",0
"mov pc, r8 ",0
"mov r0, r0 ",0
pop {lr} ,0
pop {r8} ,0
pop {sb} ,0
pop {r0} ,0
"ldrh r1, [sb, 0x10] ",0
"add sp, sp, 0x14 ",0
"mov sb, r0 ",0
pop {r0} ,0
"mov r0, r0 ",0
"str r0, [sp, -4]! ",0
"mov r0, r0 ",0
"mov r0, sb ",0
"sub sp, sp, 0x14 ",0
"mov r2, sp ",0
"ldr r8, [0x0002c784] ",0
"add r3, r8, 8 ",0
"str r3, [r2, 0xc] ",0
"mov r3, 2 ",0
"strh r3, [r2, 8] ",0
"ldr r8, [0x0002c7a0] ",0
"mov r3, r8 ",0
"str r3, [r2, 4] ",0
"mov sb, r2 ",0
"str r0, [sp, -4]! ",0
"str sb, [sp, -4]! ",0
"str r8, [sp, -4]! ",0
"str lr, [sp, -4]! ",0
"ldr r8, [0x0002c780] ",0
"ldr r8, [r8] ",0
"mov lr, pc ",0
"mov pc, r8 ",0
"mov r0, r0 ",0
pop {lr} ,0
pop {r8} ,0
pop {sb} ,0
pop {r0} ,0
"ldrh r1, [sb, 0x10] ",0
"add sp, sp, 0x14 ",0
"mov sb, r0 ",0
pop {r0} ,0
"mov r0, r0 ",0
"str r0, [sp, -4]! ",0
"mov r0, r0 ",0
"mov r0, sb ",0
"sub sp, sp, 0x14 ",0
"mov r2, sp ",0
"ldr r8, [0x0002c784] ",0
"add r3, r8, 0xc ",0
"str r3, [r2, 0xc] ",0
"mov r3, 2 ",0
"strh r3, [r2, 8] ",0
"ldr r8, [0x0002c778] ",0
"mov r3, r8 ",0
"str r3, [r2, 4] ",0
"mov sb, r2 ",0
"str r0, [sp, -4]! ",0
"str sb, [sp, -4]! ",0
"str r8, [sp, -4]! ",0
"str lr, [sp, -4]! ",0
"ldr r8, [0x0002c780] ",0
"ldr r8, [r8] ",0
"mov lr, pc ",0
"mov pc, r8 ",0
"mov r0, r0 ",0
pop {lr} ,0
pop {r8} ,0
pop {sb} ,0
pop {r0} ,0
"ldrh r1, [sb, 0x10] ",0
"add sp, sp, 0x14 ",0
"mov sb, r0 ",0
pop {r0} ,0
"mov r0, r0 ",0
"mov r1, 1 ",0
"mov r0, r0 ",0
"ldr r8, [0x0002c774] ",0
"strb r1, [r8] ",0
"mov r0, r0 ",0
"mov r0, r0 ",0
"mov r0, r0 ",0
"mov r0, r0 ",0
"ldmdb fp, {fp, sp, pc} ",0
"strheq r4, [r0], -r6 ",1
"andeq r6, r0, r0, lsr r8 ",1
"andeq r6, r0, r8, lsr 16 ",1
"strdeq r0, r1, [r0], -ip ",1
"strheq r4, [r0], -ip ",1
"andeq r0, r0, r8, lsl 8 ",1
"andeq r3, r0, r0, lsr 32 ",1
"andeq r0, r0, ip, lsl 8 ",1
"andeq r3, r0, r0, lsl r0 ",1
"andeq r6, r0, lr, lsl r8 ",1
"muleq r0, ip, r0 ",1
"andeq r6, r0, ip, lsr 16 ",1
"mov ip, sp ",0
"push {fp, ip, lr} ",0
"mov fp, ip ",0
"ldr r0, [0x0002cf54] ",0
"ldr r1, [r0] ",0
"str r1, [sp, -4]! ",0
"str sb, [r0] ",0
"mov r0, 0 ",0
"str r0, [sb] ",0
"mov r1, lr ",0
bl 0x2c7d4 ,0
"andeq r0, r0, r0 ",0
"mov r0, lr ",0
"mov lr, r1 ",0
"add r1, sb, 4 ",0
"mov r3, 0 ",0
"mov r0, r0 ",0
"mov r2, 1 ",0
"cmp r3, r2 ",0
"movhs r2, 1 ",0
"movlo r2, 0 ",0
"cmp r2, 0 ",0
bne 0x2c818 ,0
"mov r0, r0 ",0
"ldrb r2, [r0, r3] ",0
"strb r2, [r1, r3] ",0
"add r3, r3, 1 ",0
b 0x2c7e4 ,0
"mov r0, r0 ",0
"mov r0, r0 ",0
"mov r1, lr ",0
bl 0x2c828 ,0
"andeq r0, r0, r0 ",0
"mov r0, lr ",0
"mov lr, r1 ",0
"add r1, sb, 0x55 ",0
"mov r3, 0 ",0
"mov r0, r0 ",0
"mov r2, 1 ",0
"cmp r3, r2 ",0
"movhs r2, 1 ",0
"movlo r2, 0 ",0
"cmp r2, 0 ",0
bne 0x2c86c ,0
"mov r0, r0 ",0
"ldrb r2, [r0, r3] ",0
"strb r2, [r1, r3] ",0
"add r3, r3, 1 ",0
b 0x2c838 ,0
"mov r0, r0 ",0
"mov r0, r0 ",0
"mov r0, 0 ",0
"strb r0, [sb, 0xa6] ",0
"mov r0, 0 ",0
"strb r0, [sb, 0xa7] ",0
"mov r0, 0 ",0
"strb r0, [sb, 0xa8] ",0
"mov r0, r0 ",0
"mov r1, 1 ",0
"mov r0, r1 ",0
"str sb, [sp, -4]! ",0
"str r8, [sp, -4]! ",0
"str lr, [sp, -4]! ",0
"ldr r8, [0x0002cf50] ",0
"ldr r8, [r8] ",0
"mov lr, pc ",0
"mov pc, r8 ",0
"mov r0, r0 ",0
pop {lr} ,0
pop {r8} ,0
pop {sb} ,0
"add sp, sp, 0 ",0
"mov r0, r0 ",0
"str r0, [sb] ",0
"mov r0, r0 ",0
"ldr r0, [sb] ",0
"mov r0, r0 ",0
"ldr r8, [0x0002cf4c] ",0
"str r0, [r8, 0x5c] ",0
"mov r0, r0 ",0
"ldr r1, [sb] ",0
"str r1, [sp, -4]! ",0
"mov r0, r1 ",0
"mov r1, 0x14 ",0
"str sb, [sp, -4]! ",0
"str r8, [sp, -4]! ",0
"str lr, [sp, -4]! ",0
"ldr r8, [0x0002cf48] ",0
"ldr r8, [r8] ",0
"mov lr, pc ",0
"mov pc, r8 ",0
"mov r0, r0 ",0
pop {lr} ,0
pop {r8} ,0
pop {sb} ,0
pop {r1} ,0
"mov r0, r0 ",0
"add r1, sb, 4 ",0
"mov r3, 0 ",0
"mov r0, r0 ",0
"mov r2, 0x50 ",0
"cmp r3, r2 ",0
"movhs r2, 1 ",0
"movlo r2, 0 ",0
"cmp r2, 0 ",0
bne 0x2c964 ,0
"mov r0, r0 ",0
"ldrb r2, [r0, r3] ",0
"strb r2, [r1, r3] ",0
"add r3, r3, 1 ",0
b 0x2c930 ,0
"mov r0, r0 ",0
"mov r0, r0 ",0
"mov r2, 0 ",0
"strb r2, [r1, 0x50] ",0
"mov r0, r0 ",0
"mov r3, 1 ",0
"mov r2, r3 ",0
"mov r3, 3 ",0
"mov r1, r3 ",0
"add r3, sb, 4 ",0
"mov r0, r3 ",0
"str sb, [sp, -4]! ",0
"str r8, [sp, -4]! ",0
"str lr, [sp, -4]! ",0
"ldr r8, [0x0002cf44] ",0
"ldr r8, [r8] ",0
"mov lr, pc ",0
"mov pc, r8 ",0
"mov r0, r0 ",0
pop {lr} ,0
pop {r8} ,0
pop {sb} ,0
"add sp, sp, 0 ",0
"mov r0, r0 ",0
"ldr r8, [0x0002cf4c] ",0
"add r1, r8, 5 ",0
"mov r3, 0 ",0
"mov r0, r0 ",0
"mov r2, 0x50 ",0
"cmp r3, r2 ",0
"movhs r2, 1 ",0
"movlo r2, 0 ",0
"cmp r2, 0 ",0
bne 0x2ca00 ,0
"mov r0, r0 ",0
"ldrb r2, [r0, r3] ",0
"strb r2, [r1, r3] ",0
"add r3, r3, 1 ",0
b 0x2c9cc ,0
"mov r0, r0 ",0
"mov r0, r0 ",0
"mov r2, 0 ",0
"strb r2, [r1, 0x50] ",0
"mov r0, r0 ",0
"mov r3, 4 ",0
"mov r2, r3 ",0
"mov r3, 4 ",0
"mov r1, r3 ",0
"add r3, sb, 4 ",0
"mov r0, r3 ",0
"str sb, [sp, -4]! ",0
"str r8, [sp, -4]! ",0
"str lr, [sp, -4]! ",0
"ldr r8, [0x0002cf40] ",0
"ldr r8, [r8] ",0
"mov lr, pc ",0
"mov pc, r8 ",0
"mov r0, r0 ",0
pop {lr} ,0
pop {r8} ,0
pop {sb} ,0
"add sp, sp, 0 ",0
"mov r0, r0 ",0
"add r1, sb, 0x55 ",0
"mov r3, 0 ",0
"mov r0, r0 ",0
"mov r2, 0x50 ",0
"cmp r3, r2 ",0
"movhs r2, 1 ",0
"movlo r2, 0 ",0
"cmp r2, 0 ",0
bne 0x2ca98 ,0
"mov r0, r0 ",0
"ldrb r2, [r0, r3] ",0
"strb r2, [r1, r3] ",0
"add r3, r3, 1 ",0
b 0x2ca64 ,0
"mov r0, r0 ",0
"mov r0, r0 ",0
"mov r2, 0 ",0
"strb r2, [r1, 0x50] ",0
"mov r0, r0 ",0
"add r1, sb, 0x55 ",0
"str r1, [sp, -4]! ",0
"mov r0, r1 ",0
"mov r1, 3 ",0
"str sb, [sp, -4]! ",0
"str r8, [sp, -4]! ",0
"str lr, [sp, -4]! ",0
"ldr r8, [0x0002cf3c] ",0
"ldr r8, [r8] ",0
"mov lr, pc ",0
"mov pc, r8 ",0
"mov r0, r0 ",0
pop {lr} ,0
pop {r8} ,0
pop {sb} ,0
pop {r1} ,0
"mov r0, r0 ",0
"ldr r8, [0x0002cf4c] ",0
"strh r0, [r8, 0x56] ",0
"mov r0, r0 ",0
"mov r3, 9 ",0
"mov r2, r3 ",0
"mov r3, 2 ",0
"mov r1, r3 ",0
"add r3, sb, 4 ",0
"mov r0, r3 ",0
"str sb, [sp, -4]! ",0
"str r8, [sp, -4]! ",0
"str lr, [sp, -4]! ",0
"ldr r8, [0x0002cf40] ",0
"ldr r8, [r8] ",0
"mov lr, pc ",0
"mov pc, r8 ",0
"mov r0, r0 ",0
pop {lr} ,0
pop {r8} ,0
pop {sb} ,0
"add sp, sp, 0 ",0
"mov r0, r0 ",0
"add r1, sb, 0x55 ",0
"mov r3, 0 ",0
"mov r0, r0 ",0
"mov r2, 0x50 ",0
"cmp r3, r2 ",0
"movhs r2, 1 ",0
"movlo r2, 0 ",0
"cmp r2, 0 ",0
bne 0x2cb80 ,0
"mov r0, r0 ",0
"ldrb r2, [r0, r3] ",0
"strb r2, [r1, r3] ",0
"add r3, r3, 1 ",0
b 0x2cb4c ,0
"mov r0, r0 ",0
"mov r0, r0 ",0
"mov r2, 0 ",0
"strb r2, [r1, 0x50] ",0
"mov r0, r0 ",0
"add r1, sb, 0x55 ",0
"str r1, [sp, -4]! ",0
"mov r0, r1 ",0
"mov r1, 2 ",0
"str sb, [sp, -4]! ",0
"str r8, [sp, -4]! ",0
"str lr, [sp, -4]! ",0
"ldr r8, [0x0002cf3c] ",0
"ldr r8, [r8] ",0
"mov lr, pc ",0
"mov pc, r8 ",0
"mov r0, r0 ",0
pop {lr} ,0
pop {r8} ,0
pop {sb} ,0
pop {r1} ,0
"mov r0, r0 ",0
"ldr r8, [0x0002cf4c] ",0
"strb r0, [r8, 0x58] ",0
"mov r0, r0 ",0
"mov r3, 0xc ",0
"mov r2, r3 ",0
"mov r3, 2 ",0
"mov r1, r3 ",0
"add r3, sb, 4 ",0
"mov r0, r3 ",0
"str sb, [sp, -4]! ",0
"str r8, [sp, -4]! ",0
"str lr, [sp, -4]! ",0
"ldr r8, [0x0002cf40] ",0
"ldr r8, [r8] ",0
"mov lr, pc ",0
"mov pc, r8 ",0
"mov r0, r0 ",0
pop {lr} ,0
pop {r8} ,0
pop {sb} ,0
"add sp, sp, 0 ",0
"mov r0, r0 ",0
"add r1, sb, 0x55 ",0
"mov r3, 0 ",0
"mov r0, r0 ",0
"mov r2, 0x50 ",0
"cmp r3, r2 ",0
"movhs r2, 1 ",0
"movlo r2, 0 ",0
"cmp r2, 0 ",0
bne 0x2cc68 ,0
"mov r0, r0 ",0
"ldrb r2, [r0, r3] ",0
"strb r2, [r1, r3] ",0
"add r3, r3, 1 ",0
b 0x2cc34 ,0
"mov r0, r0 ",0
"mov r0, r0 ",0
"mov r2, 0 ",0
"strb r2, [r1, 0x50] ",0
"mov r0, r0 ",0
"add r1, sb, 0x55 ",0
"str r1, [sp, -4]! ",0
"mov r0, r1 ",0
"mov r1, 2 ",0
"str sb, [sp, -4]! ",0
"str r8, [sp, -4]! ",0
"str lr, [sp, -4]! ",0
"ldr r8, [0x0002cf3c] ",0
"ldr r8, [r8] ",0
"mov lr, pc ",0
"mov pc, r8 ",0
"mov r0, r0 ",0
pop {lr} ,0
pop {r8} ,0
pop {sb} ,0
pop {r1} ,0
"mov r0, r0 ",0
"ldr r8, [0x0002cf4c] ",0
"strb r0, [r8, 0x59] ",0
"mov r0, r0 ",0
"mov r0, 0x20 ",0
"ldrb r1, [r8, 0x58] ",0
"sub r1, r1, 1 ",0
"mul r0, r0, r1 ",0
"ldrb r1, [r8, 0x59] ",0
"add r0, r0, r1 ",0
"sub r0, r0, 1 ",0
"mov r0, r0 ",0
"strh r0, [r8, 0x60] ",0
"mov r0, r0 ",0
"mov r3, 0xf ",0
"mov r2, r3 ",0
"mov r3, 2 ",0
"mov r1, r3 ",0
"add r3, sb, 4 ",0
"mov r0, r3 ",0
"str sb, [sp, -4]! ",0
"str r8, [sp, -4]! ",0
"str lr, [sp, -4]! ",0
"ldr r8, [0x0002cf40] ",0
"ldr r8, [r8] ",0
"mov lr, pc ",0
"mov pc, r8 ",0
"mov r0, r0 ",0
pop {lr} ,0
pop {r8} ,0
pop {sb} ,0
"add sp, sp, 0 ",0
"mov r0, r0 ",0
"add r1, sb, 0x55 ",0
"mov r3, 0 ",0
"mov r0, r0 ",0
"mov r2, 0x50 ",0
"cmp r3, r2 ",0
"movhs r2, 1 ",0
"movlo r2, 0 ",0
"cmp r2, 0 ",0
bne 0x2cd78 ,0
"mov r0, r0 ",0
"ldrb r2, [r0, r3] ",0
"strb r2, [r1, r3] ",0
"add r3, r3, 1 ",0
b 0x2cd44 ,0
"mov r0, r0 ",0
"mov r0, r0 ",0
"mov r2, 0 ",0
"strb r2, [r1, 0x50] ",0
"mov r0, r0 ",0
"add r1, sb, 0x55 ",0
"str r1, [sp, -4]! ",0
"mov r0, r1 ",0
"mov r1, 2 ",0
"str sb, [sp, -4]! ",0
"str r8, [sp, -4]! ",0
"str lr, [sp, -4]! ",0
"ldr r8, [0x0002cf3c] ",0
"ldr r8, [r8] ",0
"mov lr, pc ",0
"mov pc, r8 ",0
"mov r0, r0 ",0
pop {lr} ,0
pop {r8} ,0
pop {sb} ,0
pop {r1} ,0
"mov r0, r0 ",0
"strb r0, [sb, 0xa6] ",0
"mov r0, r0 ",0
"mov r3, 0x12 ",0
"mov r2, r3 ",0
"mov r3, 2 ",0
"mov r1, r3 ",0
"add r3, sb, 4 ",0
"mov r0, r3 ",0
"str sb, [sp, -4]! ",0
"str r8, [sp, -4]! ",0
"str lr, [sp, -4]! ",0
"ldr r8, [0x0002cf40] ",0
"ldr r8, [r8] ",0
"mov lr, pc ",0
"mov pc, r8 ",0
"mov r0, r0 ",0
pop {lr} ,0
pop {r8} ,0
pop {sb} ,0
"add sp, sp, 0 ",0
"mov r0, r0 ",0
"add r1, sb, 0x55 ",0
"mov r3, 0 ",0
"mov r0, r0 ",0
"mov r2, 0x50 ",0
"cmp r3, r2 ",0
"movhs r2, 1 ",0
"movlo r2, 0 ",0
"cmp r2, 0 ",0
bne 0x2ce5c ,0
"mov r0, r0 ",0
"ldrb r2, [r0, r3] ",0
"strb r2, [r1, r3] ",0
"add r3, r3, 1 ",0
b 0x2ce28 ,0
"mov r0, r0 ",0
"mov r0, r0 ",0
"mov r2, 0 ",0
"strb r2, [r1, 0x50] ",0
"mov r0, r0 ",0
"add r1, sb, 0x55 ",0
"str r1, [sp, -4]! ",0
"mov r0, r1 ",0
"mov r1, 2 ",0
"str sb, [sp, -4]! ",0
"str r8, [sp, -4]! ",0
"str lr, [sp, -4]! ",0
"ldr r8, [0x0002cf3c] ",0
"ldr r8, [r8] ",0
"mov lr, pc ",0
"mov pc, r8 ",0
"mov r0, r0 ",0
pop {lr} ,0
pop {r8} ,0
pop {sb} ,0
pop {r1} ,0
"mov r0, r0 ",0
"strb r0, [sb, 0xa7] ",0
"mov r0, r0 ",0
"ldrb r0, [sb, 0xa6] ",0
"lsl r0, r0, 2 ",0
"ldrb r1, [sb, 0xa7] ",0
"mov r2, 0xf ",0
"str r0, [sp, -4]! ",0
"mov r0, r1 ",0
"mov r1, r2 ",0
"str r2, [sp, -4]! ",0
"str sb, [sp, -4]! ",0
"str r8, [sp, -4]! ",0
"str lr, [sp, -4]! ",0
"ldr r8, [0x0002cf38] ",0
"ldr r8, [r8] ",0
"mov lr, pc ",0
"mov pc, r8 ",0
"mov r0, r0 ",0
pop {lr} ,0
pop {r8} ,0
pop {sb} ,0
"mov r1, r0 ",0
pop {r2} ,0
pop {r0} ,0
"add r0, r0, r1 ",0
"mov r0, r0 ",0
"ldr r8, [0x0002cf4c] ",0
"strb r0, [r8, 0x62] ",0
"mov r0, r0 ",0
"mov r0, r0 ",0
"ldr r1, [0x0002cf54] ",0
pop {r0} ,0
"str r0, [r1] ",0
"ldmdb fp, {fp, sp, pc} ",0
"strheq r0, [r0], -ip ",1
"strheq r0, [r0], -r4 ",1
"strheq r0, [r0], -r8 ",1
"muleq r0, ip, r2 ",1
"strheq r0, [r0], -r0 ",1
"andeq r6, r0, r8, asr 22 ",1
"andeq r0, r0, ip, asr 3 ",1
"strdeq r2, r3, [r0], -ip ",1
"mov ip, sp ",0
"push {fp, ip, lr} ",0
"mov fp, ip ",0
"mov r0, r0 ",0
"ldr r1, [0x0002d45c] ",0
"ldrb r2, [r1] ",0
"and r0, r2, 1 ",0
"ldr r8, [0x0002d458] ",0
"strb r0, [r8, 2] ",0
"mov r0, r0 ",0
"str sb, [sp, -4]! ",0
"mov sb, r8 ",0
"str sb, [sp, -4]! ",0
"str r8, [sp, -4]! ",0
"str lr, [sp, -4]! ",0
"ldr r8, [0x0002d454] ",0
"ldr r8, [r8] ",0
"mov lr, pc ",0
"mov pc, r8 ",0
"mov r0, r0 ",0
pop {lr} ,0
pop {r8} ,0
pop {sb} ,0
pop {sb} ,0
"mov r0, r0 ",0
"ldrb r0, [r8, 6] ",0
"eor r0, r0, 1 ",0
"mov r0, r0 ",0
"mov r0, r0 ",0
"cmp r0, 0 ",0
bne 0x2d0b4 ,0
"mov r0, r0 ",0
"mov r0, r0 ",0
"mov r1, sb ",0
"ldr r3, [0x0002d450] ",0
"sub sp, sp, r3 ",0
"mov r2, sp ",0
"mov r4, lr ",0
bl 0x2d000 ,0
"strbpl r5, [r1], -0x453 ",1
"ldrbpl r5, [0x0002ccab] ",1
"andeq r0, r0, r0, asr r0 ",0
"mov r3, lr ",0
"mov lr, r4 ",0
"add r4, r2, 0xac ",0
"mov r6, 0 ",0
"mov r0, r0 ",0
"mov r5, 0x51 ",0
"cmp r6, r5 ",0
"movhs r5, 1 ",0
"movlo r5, 0 ",0
"cmp r5, 0 ",0
bne 0x2d044 ,0
"mov r0, r0 ",0
"ldrb r5, [r3, r6] ",0
"strb r5, [r4, r6] ",0
"add r6, r6, 1 ",0
b 0x2d010 ,0
"mov r0, r0 ",0
"mov r0, r0 ",0
"mov r3, 3 ",0
"strh r3, [r2, 0xaa] ",0
"mov r3, 1 ",0
"strh r3, [r2, 0xa8] ",0
"ldr r8, [0x0002d44c] ",0
"ldrsh r3, [r8] ",0
"strh r3, [r2, 0xa6] ",0
"ldrsh r3, [r8, -0x16] ",0
"strh r3, [r2, 0xa4] ",0
"mov sb, r2 ",0
"str r1, [sp, -4]! ",0
"str sb, [sp, -4]! ",0
"str r8, [sp, -4]! ",0
"str lr, [sp, -4]! ",0
"ldr r8, [0x0002d448] ",0
"ldr r8, [r8] ",0
"mov lr, pc ",0
"mov pc, r8 ",0
"mov r0, r0 ",0
pop {lr} ,0
pop {r8} ,0
pop {sb} ,0
pop {r1} ,0
"ldrb r0, [sb, 0xfd] ",0
"ldr r2, [0x0002d450] ",0
"add sp, sp, r2 ",0
"mov sb, r1 ",0
"mov r0, r0 ",0
"mov r0, r0 ",0
"mov r0, r0 ",0
"ldr r8, [0x0002d458] ",0
"ldrb r1, [r8, 7] ",0
"eor r1, r1, 1 ",0
"mov r0, r0 ",0
"mov r0, r0 ",0
"cmp r1, 0 ",0
bne 0x2d1bc ,0
"mov r0, r0 ",0
"mov r0, r0 ",0
"mov r1, sb ",0
"ldr r3, [0x0002d450] ",0
"sub sp, sp, r3 ",0
"mov r2, sp ",0
"mov r4, lr ",0
bl 0x2d108 ,0
"strbpl r5, [r1], -0x453 ",1
"ldrbmi r5, [pc], -0x355 ",1
"subeq r5, lr, pc, asr 14 ",1
"mov r3, lr ",0
"mov lr, r4 ",0
"add r4, r2, 0xac ",0
"mov r6, 0 ",0
"mov r0, r0 ",0
"mov r5, 0x51 ",0
"cmp r6, r5 ",0
"movhs r5, 1 ",0
"movlo r5, 0 ",0
"cmp r5, 0 ",0
bne 0x2d14c ,0
"mov r0, r0 ",0
"ldrb r5, [r3, r6] ",0
"strb r5, [r4, r6] ",0
"add r6, r6, 1 ",0
b 0x2d118 ,0
"mov r0, r0 ",0
"mov r0, r0 ",0
"mov r3, 4 ",0
"strh r3, [r2, 0xaa] ",0
"mov r3, 1 ",0
"strh r3, [r2, 0xa8] ",0
"ldr r8, [0x0002d44c] ",0
"ldrsh r3, [r8] ",0
"strh r3, [r2, 0xa6] ",0
"ldrsh r3, [r8, -0x14] ",0
"strh r3, [r2, 0xa4] ",0
"mov sb, r2 ",0
"str r1, [sp, -4]! ",0
"str sb, [sp, -4]! ",0
"str r8, [sp, -4]! ",0
"str lr, [sp, -4]! ",0
"ldr r8, [0x0002d448] ",0
"ldr r8, [r8] ",0
"mov lr, pc ",0
"mov pc, r8 ",0
"mov r0, r0 ",0
pop {lr} ,0
pop {r8} ,0
pop {sb} ,0
pop {r1} ,0
"ldrb r0, [sb, 0xfd] ",0
"ldr r2, [0x0002d450] ",0
"add sp, sp, r2 ",0
"mov sb, r1 ",0
"mov r0, r0 ",0
"mov r0, r0 ",0
"mov r0, r0 ",0
"ldr r2, [0x0002d45c] ",0
"ldrb r3, [r2] ",0
"and r1, r3, 2 ",0
"lsr r1, r1, 1 ",0
"ldr r8, [0x0002d444] ",0
"strb r1, [r8, 2] ",0
"mov r0, r0 ",0
"str sb, [sp, -4]! ",0
"mov sb, r8 ",0
"str r0, [sp, -4]! ",0
"str sb, [sp, -4]! ",0
"str r8, [sp, -4]! ",0
"str lr, [sp, -4]! ",0
"ldr r8, [0x0002d454] ",0
"ldr r8, [r8] ",0
"mov lr, pc ",0
"mov pc, r8 ",0
"mov r0, r0 ",0
pop {lr} ,0
pop {r8} ,0
pop {sb} ,0
pop {r0} ,0
pop {sb} ,0
"mov r0, r0 ",0
"ldrb r0, [r8, 6] ",0
"eor r0, r0, 1 ",0
"mov r0, r0 ",0
"mov r0, r0 ",0
"cmp r0, 0 ",0
bne 0x2d324 ,0
"mov r0, r0 ",0
"mov r0, r0 ",0
"mov r1, sb ",0
"ldr r3, [0x0002d450] ",0
"sub sp, sp, r3 ",0
"mov r2, sp ",0
"mov r4, lr ",0
bl 0x2d270 ,0
"strbtvs r7, [r1], -0x551 ",1
"cmpmi pc, 0x1c8 ",1
"ldrbvs r6, [r3, -0xf6c]! ",1
"andeq r0, r0, r0 ",0
"mov r3, lr ",0
"mov lr, r4 ",0
"add r4, r2, 0xac ",0
"mov r6, 0 ",0
"mov r0, r0 ",0
"mov r5, 0x51 ",0
"cmp r6, r5 ",0
"movhs r5, 1 ",0
"movlo r5, 0 ",0
"cmp r5, 0 ",0
bne 0x2d2b4 ,0
"mov r0, r0 ",0
"ldrb r5, [r3, r6] ",0
"strb r5, [r4, r6] ",0
"add r6, r6, 1 ",0
b 0x2d280 ,0
"mov r0, r0 ",0
"mov r0, r0 ",0
"mov r3, 2 ",0
"strh r3, [r2, 0xaa] ",0
"mov r3, 3 ",0
"strh r3, [r2, 0xa8] ",0
"ldr r8, [0x0002d440] ",0
"ldrsh r3, [r8] ",0
"strh r3, [r2, 0xa6] ",0
"ldrsh r3, [r8, -0x18] ",0
"strh r3, [r2, 0xa4] ",0
"mov sb, r2 ",0
"str r1, [sp, -4]! ",0
"str sb, [sp, -4]! ",0
"str r8, [sp, -4]! ",0
"str lr, [sp, -4]! ",0
"ldr r8, [0x0002d448] ",0
"ldr r8, [r8] ",0
"mov lr, pc ",0
"mov pc, r8 ",0
"mov r0, r0 ",0
pop {lr} ,0
pop {r8} ,0
pop {sb} ,0
pop {r1} ,0
"ldrb r0, [sb, 0xfd] ",0
"ldr r2, [0x0002d450] ",0
"add sp, sp, r2 ",0
"mov sb, r1 ",0
"mov r0, r0 ",0
"mov r0, r0 ",0
"mov r0, r0 ",0
"ldr r8, [0x0002d444] ",0
"ldrb r1, [r8, 7] ",0
"eor r1, r1, 1 ",0
"mov r0, r0 ",0
"mov r0, r0 ",0
"cmp r1, 0 ",0
bne 0x2d42c ,0
"mov r0, r0 ",0
"mov r0, r0 ",0
"mov r1, sb ",0
"ldr r3, [0x0002d450] ",0
"sub sp, sp, r3 ",0
"mov r2, sp ",0
"mov r4, lr ",0
bl 0x2d378 ,0
"strbtvs r7, [r1], -0x551 ",1
svcmi 0x5f6f72 ,1
"rsbeq r6, lr, r0, ror r5 ",1
"mov r3, lr ",0
"mov lr, r4 ",0
"add r4, r2, 0xac ",0
"mov r6, 0 ",0
"mov r0, r0 ",0
"mov r5, 0x51 ",0
"cmp r6, r5 ",0
"movhs r5, 1 ",0
"movlo r5, 0 ",0
"cmp r5, 0 ",0
bne 0x2d3bc ,0
"mov r0, r0 ",0
"ldrb r5, [r3, r6] ",0
"strb r5, [r4, r6] ",0
"add r6, r6, 1 ",0
b 0x2d388 ,0
"mov r0, r0 ",0
"mov r0, r0 ",0
"mov r3, 1 ",0
"strh r3, [r2, 0xaa] ",0
"mov r3, 3 ",0
"strh r3, [r2, 0xa8] ",0
"ldr r8, [0x0002d440] ",0
"ldrsh r3, [r8] ",0
"strh r3, [r2, 0xa6] ",0
"ldrsh r3, [r8, -0x16] ",0
"strh r3, [r2, 0xa4] ",0
"mov sb, r2 ",0
"str r1, [sp, -4]! ",0
"str sb, [sp, -4]! ",0
"str r8, [sp, -4]! ",0
"str lr, [sp, -4]! ",0
"ldr r8, [0x0002d448] ",0
"ldr r8, [r8] ",0
"mov lr, pc ",0
"mov pc, r8 ",0
"mov r0, r0 ",0
pop {lr} ,0
pop {r8} ,0
pop {sb} ,0
pop {r1} ,0
"ldrb r0, [sb, 0xfd] ",0
"ldr r2, [0x0002d450] ",0
"add sp, sp, r2 ",0
"mov sb, r1 ",0
"mov r0, r0 ",0
"mov r0, r0 ",0
"mov r0, r0 ",0
"mov r0, r0 ",0
"ldmdb fp, {fp, sp, pc} ",0
"andeq r3, r0, r4, lsl r0 ",1
"andeq r6, r0, r0, asr 16 ",1
"andeq r0, r0, ip, ror 6 ",1
"andeq r3, r0, r2, lsl r0 ",1
"andeq r0, r0, r0, lsl 2 ",1
"andeq r0, r0, r8, asr r3 ",1
"andeq r6, r0, r8, lsr r8 ",1
"stmhs r7, {r3, r4, sl, fp, sp, lr, pc} ^ ",1
"mov ip, sp ",0
"push {fp, ip, lr} ",0
"mov fp, ip ",0
"ldr r0, [0x0002e464] ",0
"ldr r1, [r0] ",0
"str r1, [sp, -4]! ",0
"str sb, [r0] ",0
"mov r0, r0 ",0
"ldrb r0, [sb, 0x634] ",0
"eor r0, r0, 1 ",0
"mov r0, r0 ",0
"mov r0, r0 ",0
"cmp r0, 0 ",0
bne 0x2e360 ,0
"mov r0, r0 ",0
"mov r0, r0 ",0
"ldrb r0, [sb, 8] ",0
"ldrb r1, [sb] ",0
"cmp r0, r1 ",0
"movne r0, 1 ",0
"moveq r0, 0 ",0
"mov r0, r0 ",0
"cmp r0, 0 ",0
bne 0x2d65c ,0
"mov r0, r0 ",0
"mov r0, r0 ",0
"ldr r8, [0x0002e460] ",0
"ldr r3, [r8] ",0
"mov r2, r3 ",0
"ldr r3, [r8, -0x34] ",0
"mov r1, r3 ",0
"ldrsh r3, [r8, -0xd6] ",0
"mov r0, r3 ",0
"str sb, [sp, -4]! ",0
"str r8, [sp, -4]! ",0
"str lr, [sp, -4]! ",0
"ldr r8, [0x0002e45c] ",0
"ldr r8, [r8] ",0
"mov lr, pc ",0
"mov pc, r8 ",0
"mov r0, r0 ",0
pop {lr} ,0
pop {r8} ,0
pop {sb} ,0
"add sp, sp, 0 ",0
"mov r0, r0 ",0
"str r0, [sb, 0x5e8] ",0
"mov r0, r0 ",0
"ldr r0, [sb, 0x5e8] ",0
"cmp r0, 0 ",0
"movlt r0, 1 ",0
"movge r0, 0 ",0
"mov r0, r0 ",0
"mov r0, r0 ",0
"cmp r0, 0 ",0
bne 0x2d628 ,0
"mov r0, r0 ",0
"mov r0, r0 ",0
"ldr r8, [0x0002e458] ",0
"mov r0, r8 ",0
"ldr r1, [0x0002e454] ",0
"cmp r0, r1 ",0
"moveq r0, 1 ",0
"movne r0, 0 ",0
"ldr r8, [0x0002e458] ",0
"mov r1, r8 ",0
"ldr r2, [0x0002e450] ",0
"cmp r1, r2 ",0
"moveq r1, 1 ",0
"movne r1, 0 ",0
"orr r0, r0, r1 ",0
"eor r0, r0, 1 ",0
"mov r0, r0 ",0
"mov r0, r0 ",0
"cmp r0, 0 ",0
bne 0x2d604 ,0
"mov r0, r0 ",0
"mov r0, r0 ",0
"str sb, [sp, -4]! ",0
"str r8, [sp, -4]! ",0
"str lr, [sp, -4]! ",0
"mov r4, 4 ",0
"str r4, [sp, -4]! ",0
"ldr r5, [0x0002e44c] ",0
"add r4, sb, r5 ",0
"mov r3, r4 ",0
"ldr r8, [0x0002e448] ",0
"ldr r4, [r8] ",0
"mov r2, r4 ",0
"mov r4, 6 ",0
"mov r1, r4 ",0
"ldr r4, [sb, 0x5e8] ",0
"mov r0, r4 ",0
"ldr r4, [0x0002e444] ",0
"ldr r4, [r4] ",0
"mov lr, pc ",0
"mov pc, r4 ",0
"mov r0, r0 ",0
"add sp, sp, 4 ",0
pop {lr} ,0
pop {r8} ,0
pop {sb} ,0
"mov r0, r0 ",0
b 0x2d608 ,0
"mov r0, r0 ",0
"mov r0, r0 ",0
"mov r0, r0 ",0
"mov r0, r0 ",0
"ldrb r0, [sb, 2] ",0
"mov r0, r0 ",0
"strb r0, [sb, 8] ",0
"mov r0, r0 ",0
b 0x2d64c ,0
"mov r0, r0 ",0
"mov r0, r0 ",0
"mov r0, r0 ",0
"ldr r0, [0x0002e440] ",0
"mov r0, r0 ",0
"str r0, [sb, 0x650] ",0
"mov r0, r0 ",0
"ldrb r0, [sb, 7] ",0
"mov r0, r0 ",0
"strb r0, [sb, 8] ",0
"mov r0, r0 ",0
"mov r0, r0 ",0
b 0x2e350 ,0
"mov r0, r0 ",0
"mov r0, r0 ",0
"mov r0, r0 ",0
"ldrb r0, [sb, 8] ",0
"ldrb r1, [sb, 2] ",0
"cmp r0, r1 ",0
"movne r0, 1 ",0
"moveq r0, 0 ",0
"mov r0, r0 ",0
"cmp r0, 0 ",0
bne 0x2d7d0 ,0
"mov r0, r0 ",0
"mov r0, r0 ",0
"ldr r4, [0x0002e43c] ",0
"add r3, sb, r4 ",0
"mov r2, r3 ",0
"ldr r8, [0x0002e438] ",0
"ldr r3, [r8] ",0
"mov r1, r3 ",0
"ldr r3, [sb, 0x5e8] ",0
"mov r0, r3 ",0
"str sb, [sp, -4]! ",0
"str r8, [sp, -4]! ",0
"str lr, [sp, -4]! ",0
"ldr r8, [0x0002e434] ",0
"ldr r8, [r8] ",0
"mov lr, pc ",0
"mov pc, r8 ",0
"mov r0, r0 ",0
pop {lr} ,0
pop {r8} ,0
pop {sb} ,0
"add sp, sp, 0 ",0
"mov r0, r0 ",0
"str r0, [sb, 0x600] ",0
"mov r0, r0 ",0
"ldr r0, [sb, 0x600] ",0
"cmp r0, 0 ",0
"moveq r0, 1 ",0
"movne r0, 0 ",0
"mov r0, r0 ",0
"mov r0, r0 ",0
"cmp r0, 0 ",0
bne 0x2d79c ,0
"mov r0, r0 ",0
"mov r0, r0 ",0
"ldr r8, [0x0002e430] ",0
"ldrsh r0, [r8] ",0
"mov r0, r0 ",0
"ldr r1, [0x0002e42c] ",0
"strh r0, [sb, r1] ",0
"mov r0, r0 ",0
"ldr r1, [0x0002e428] ",0
"ldrh r1, [sb, r1] ",0
"mov r0, r1 ",0
"str sb, [sp, -4]! ",0
"str r8, [sp, -4]! ",0
"str lr, [sp, -4]! ",0
"ldr r8, [0x0002e424] ",0
"ldr r8, [r8] ",0
"mov lr, pc ",0
"mov pc, r8 ",0
"mov r0, r0 ",0
pop {lr} ,0
pop {r8} ,0
pop {sb} ,0
"add sp, sp, 0 ",0
"mov r0, r0 ",0
"ldr r1, [0x0002e420] ",0
"strh r0, [sb, r1] ",0
"mov r0, r0 ",0
"ldr r0, [sb, 0x638] ",0
"mov r0, r0 ",0
"str r0, [sb, 0x5f0] ",0
"mov r0, r0 ",0
"ldrb r0, [sb, 3] ",0
"mov r0, r0 ",0
"strb r0, [sb, 8] ",0
"mov r0, r0 ",0
b 0x2d7c0 ,0
"mov r0, r0 ",0
"mov r0, r0 ",0
"mov r0, r0 ",0
"ldr r0, [0x0002e41c] ",0
"mov r0, r0 ",0
"str r0, [sb, 0x650] ",0
"mov r0, r0 ",0
"ldrb r0, [sb, 7] ",0
"mov r0, r0 ",0
"strb r0, [sb, 8] ",0
"mov r0, r0 ",0
"mov r0, r0 ",0
b 0x2e350 ,0
"mov r0, r0 ",0
"mov r0, r0 ",0
"mov r0, r0 ",0
"ldrb r0, [sb, 8] ",0
"ldrb r1, [sb, 3] ",0
"cmp r0, r1 ",0
"movne r0, 1 ",0
"moveq r0, 0 ",0
"mov r0, r0 ",0
"cmp r0, 0 ",0
bne 0x2da98 ,0
"mov r0, r0 ",0
"mov r0, r0 ",0
"mov r0, 1 ",0
"strb r0, [sb, 0x618] ",0
"ldr r0, [sb, 0x648] ",0
"str r0, [sb, 0x61c] ",0
"mov r0, r0 ",0
"str r0, [sp, -4]! ",0
"ldr r1, [0x0002e418] ",0
"add r0, sb, r1 ",0
"str sb, [sp, -4]! ",0
"str r8, [sp, -4]! ",0
"str lr, [sp, -4]! ",0
"ldr r8, [0x0002e414] ",0
"ldr r8, [r8] ",0
"mov lr, pc ",0
"mov pc, r8 ",0
"mov r0, r0 ",0
pop {lr} ,0
pop {r8} ,0
pop {sb} ,0
pop {r0} ,0
"mov r0, r0 ",0
"mov r3, 0x10 ",0
"mov r2, r3 ",0
"ldr r4, [0x0002e42c] ",0
"add r3, sb, r4 ",0
"mov r1, r3 ",0
"ldr r3, [sb, 0x5e8] ",0
"mov r0, r3 ",0
"str sb, [sp, -4]! ",0
"str r8, [sp, -4]! ",0
"str lr, [sp, -4]! ",0
"ldr r8, [0x0002e410] ",0
"ldr r8, [r8] ",0
"mov lr, pc ",0
"mov pc, r8 ",0
"mov r0, r0 ",0
pop {lr} ,0
pop {r8} ,0
pop {sb} ,0
"add sp, sp, 0 ",0
"mov r0, r0 ",0
"strb r0, [sb, 0x604] ",0
"mov r0, r0 ",0
"ldrb r0, [sb, 0x604] ",0
"eor r0, r0, 1 ",0
"mov r0, r0 ",0
"mov r0, r0 ",0
"cmp r0, 0 ",0
bne 0x2d988 ,0
"mov r0, r0 ",0
"mov r0, r0 ",0
"ldr r0, [sb, 0x654] ",0
"ldrb r0, [r0] ",0
"eor r0, r0, 1 ",0
"mov r0, r0 ",0
"mov r0, r0 ",0
"cmp r0, 0 ",0
bne 0x2d908 ,0
"mov r0, r0 ",0
"mov r0, r0 ",0
"ldrb r0, [sb, 4] ",0
"mov r0, r0 ",0
"strb r0, [sb, 8] ",0
"mov r0, r0 ",0
b 0x2d91c ,0
"mov r0, r0 ",0
"mov r0, r0 ",0
"mov r0, r0 ",0
"ldrb r0, [sb, 5] ",0
"mov r0, r0 ",0
"strb r0, [sb, 8] ",0
"mov r0, r0 ",0
"mov r0, r0 ",0
"mov r0, 1 ",0
"mov r0, r0 ",0
"strb r0, [sb, 0x64c] ",0
"mov r0, r0 ",0
"mov r0, 0 ",0
"strb r0, [sb, 0x618] ",0
"mov r0, r0 ",0
"str r0, [sp, -4]! ",0
"ldr r1, [0x0002e418] ",0
"add r0, sb, r1 ",0
"str sb, [sp, -4]! ",0
"str r8, [sp, -4]! ",0
"str lr, [sp, -4]! ",0
"ldr r8, [0x0002e414] ",0
"ldr r8, [r8] ",0
"mov lr, pc ",0
"mov pc, r8 ",0
"mov r0, r0 ",0
pop {lr} ,0
pop {r8} ,0
pop {sb} ,0
pop {r0} ,0
"mov r0, r0 ",0
b 0x2da88 ,0
"mov r0, r0 ",0
"mov r0, r0 ",0
"mov r0, r0 ",0
"ldrb r0, [sb, 0x620] ",0
"eor r0, r0, 1 ",0
"mov r0, r0 ",0
"mov r0, r0 ",0
"cmp r0, 0 ",0
bne 0x2da70 ,0
"mov r0, r0 ",0
"mov r0, r0 ",0
"ldr r0, [0x0002e40c] ",0
"mov r0, r0 ",0
"str r0, [sb, 0x650] ",0
"mov r0, r0 ",0
"mov r0, 0 ",0
"mov r0, r0 ",0
"strb r0, [sb, 0x64c] ",0
"mov r0, r0 ",0
"mov r0, 0 ",0
"strb r0, [sb, 0x618] ",0
"mov r0, r0 ",0
"str r0, [sp, -4]! ",0
"ldr r1, [0x0002e418] ",0
"add r0, sb, r1 ",0
"str sb, [sp, -4]! ",0
"str r8, [sp, -4]! ",0
"str lr, [sp, -4]! ",0
"ldr r8, [0x0002e414] ",0
"ldr r8, [r8] ",0
"mov lr, pc ",0
"mov pc, r8 ",0
"mov r0, r0 ",0
pop {lr} ,0
pop {r8} ,0
pop {sb} ,0
pop {r0} ,0
"mov r0, r0 ",0
"ldrb r0, [sb, 7] ",0
"mov r0, r0 ",0
"strb r0, [sb, 8] ",0
"mov r0, r0 ",0
"ldr r1, [sb, 0x5e8] ",0
"mov r0, r1 ",0
"str sb, [sp, -4]! ",0
"str r8, [sp, -4]! ",0
"str lr, [sp, -4]! ",0
"ldr r8, [0x0002e408] ",0
"ldr r8, [r8] ",0
"mov lr, pc ",0
"mov pc, r8 ",0
"mov r0, r0 ",0
pop {lr} ,0
pop {r8} ,0
pop {sb} ,0
"add sp, sp, 0 ",0
"mov r0, r0 ",0
b 0x2da84 ,0
"mov r0, r0 ",0
"mov r0, r0 ",0
"mov r0, r0 ",0
"ldrb r0, [sb, 3] ",0
"mov r0, r0 ",0
"strb r0, [sb, 8] ",0
"mov r0, r0 ",0
"mov r0, r0 ",0
"mov r0, r0 ",0
b 0x2e350 ,0
"mov r0, r0 ",0
"mov r0, r0 ",0
"mov r0, r0 ",0
"ldrb r0, [sb, 8] ",0
"ldrb r1, [sb, 4] ",0
"cmp r0, r1 ",0
"movne r0, 1 ",0
"moveq r0, 0 ",0
"mov r0, r0 ",0
"cmp r0, 0 ",0
bne 0x2dd8c ,0
"mov r0, r0 ",0
"mov r0, r0 ",0
"mov r4, 0 ",0
"mov r3, r4 ",0
"ldr r4, [sb, 0x644] ",0
"ldr r5, [sb, 0x628] ",0
"sub r4, r4, r5 ",0
"mov r2, r4 ",0
"ldr r4, [sb, 0x640] ",0
"mov r4, r4 ",0
"mov r1, r4 ",0
"ldr r4, [sb, 0x5e8] ",0
"mov r0, r4 ",0
"str sb, [sp, -4]! ",0
"str r8, [sp, -4]! ",0
"str lr, [sp, -4]! ",0
"ldr r8, [0x0002e404] ",0
"ldr r8, [r8] ",0
"mov lr, pc ",0
"mov pc, r8 ",0
"mov r0, r0 ",0
pop {lr} ,0
pop {r8} ,0
pop {sb} ,0
"add sp, sp, 0 ",0
"mov r0, r0 ",0
"str r0, [sb, 0x600] ",0
"mov r0, r0 ",0
"ldr r0, [sb, 0x600] ",0
"ldr r1, [0x0002e400] ",0
"cmp r0, r1 ",0
"movne r0, 1 ",0
"moveq r0, 0 ",0
"mov r0, r0 ",0
"cmp r0, 0 ",0
bne 0x2dc4c ,0
"mov r0, r0 ",0
"mov r0, r0 ",0
"mov r0, 1 ",0
"strb r0, [sb, 0x618] ",0
"ldr r8, [0x0002e3fc] ",0
"ldr r0, [r8] ",0
"str r0, [sb, 0x61c] ",0
"mov r0, r0 ",0
"str r0, [sp, -4]! ",0
"ldr r1, [0x0002e418] ",0
"add r0, sb, r1 ",0
"str sb, [sp, -4]! ",0
"str r8, [sp, -4]! ",0
"str lr, [sp, -4]! ",0
"ldr r8, [0x0002e414] ",0
"ldr r8, [r8] ",0
"mov lr, pc ",0
"mov pc, r8 ",0
"mov r0, r0 ",0
pop {lr} ,0
pop {r8} ,0
pop {sb} ,0
pop {r0} ,0
"mov r0, r0 ",0
"ldrb r0, [sb, 0x620] ",0
"eor r0, r0, 1 ",0
"mov r0, r0 ",0
"mov r0, r0 ",0
"cmp r0, 0 ",0
bne 0x2dc38 ,0
"mov r0, r0 ",0
"mov r0, r0 ",0
"ldr r0, [0x0002e3f8] ",0
"mov r0, r0 ",0
"str r0, [sb, 0x650] ",0
"mov r0, r0 ",0
"mov r0, 0 ",0
"strb r0, [sb, 0x618] ",0
"mov r0, r0 ",0
"str r0, [sp, -4]! ",0
"ldr r1, [0x0002e418] ",0
"add r0, sb, r1 ",0
"str sb, [sp, -4]! ",0
"str r8, [sp, -4]! ",0
"str lr, [sp, -4]! ",0
"ldr r8, [0x0002e414] ",0
"ldr r8, [r8] ",0
"mov lr, pc ",0
"mov pc, r8 ",0
"mov r0, r0 ",0
pop {lr} ,0
pop {r8} ,0
pop {sb} ,0
pop {r0} ,0
"mov r0, r0 ",0
"ldrb r0, [sb, 6] ",0
"mov r0, r0 ",0
"strb r0, [sb, 8] ",0
"mov r0, r0 ",0
"mov r0, r0 ",0
"mov r0, r0 ",0
b 0x2dd7c ,0
"mov r0, r0 ",0
"mov r0, r0 ",0
"mov r0, r0 ",0
"ldr r0, [sb, 0x600] ",0
"cmp r0, 0 ",0
"movne r0, 1 ",0
"moveq r0, 0 ",0
"mov r0, r0 ",0
"cmp r0, 0 ",0
bne 0x2dc9c ,0
"mov r0, r0 ",0
"mov r0, r0 ",0
"ldrb r0, [sb, 6] ",0
"mov r0, r0 ",0
"strb r0, [sb, 8] ",0
"mov r0, r0 ",0
"ldr r0, [0x0002e3f4] ",0
"mov r0, r0 ",0
"str r0, [sb, 0x650] ",0
b 0x2dd7c ,0
"mov r0, r0 ",0
"mov r0, r0 ",0
"mov r0, r0 ",0
"ldr r0, [sb, 0x628] ",0
"ldr r1, [sb, 0x600] ",0
"add r0, r0, r1 ",0
"mov r0, r0 ",0
"str r0, [sb, 0x628] ",0
"mov r0, r0 ",0
"ldr r0, [sb, 0x628] ",0
"ldr r1, [sb, 0x644] ",0
"cmp r0, r1 ",0
"movlt r0, 1 ",0
"movge r0, 0 ",0
"mov r0, r0 ",0
"mov r0, r0 ",0
"cmp r0, 0 ",0
bne 0x2dd28 ,0
"mov r0, r0 ",0
"mov r0, r0 ",0
"mov r0, 0 ",0
"mov r0, r0 ",0
"str r0, [sb, 0x650] ",0
"mov r0, r0 ",0
"ldrb r0, [sb, 5] ",0
"mov r0, r0 ",0
"strb r0, [sb, 8] ",0
"mov r0, r0 ",0
"mov r0, 0 ",0
"mov r0, r0 ",0
"str r0, [sb, 0x628] ",0
"mov r0, r0 ",0
"mov r0, 0 ",0
"mov r0, r0 ",0
"ldr r1, [sb, 0x654] ",0
"strb r0, [r1] ",0
"mov r0, r0 ",0
"mov r0, r0 ",0
"mov r0, r0 ",0
"mov r0, 0 ",0
"strb r0, [sb, 0x618] ",0
"mov r0, r0 ",0
"str r0, [sp, -4]! ",0
"ldr r1, [0x0002e418] ",0
"add r0, sb, r1 ",0
"str sb, [sp, -4]! ",0
"str r8, [sp, -4]! ",0
"str lr, [sp, -4]! ",0
"ldr r8, [0x0002e414] ",0
"ldr r8, [r8] ",0
"mov lr, pc ",0
"mov pc, r8 ",0
"mov r0, r0 ",0
pop {lr} ,0
pop {r8} ,0
pop {sb} ,0
pop {r0} ,0
"mov r0, r0 ",0
"mov r0, r0 ",0
b 0x2e350 ,0
"mov r0, r0 ",0
"mov r0, r0 ",0
"mov r0, r0 ",0
"ldrb r0, [sb, 8] ",0
"ldrb r1, [sb, 5] ",0
"cmp r0, r1 ",0
"movne r0, 1 ",0
"moveq r0, 0 ",0
"mov r0, r0 ",0
"cmp r0, 0 ",0
bne 0x2e140 ,0
"mov r0, r0 ",0
"mov r0, r0 ",0
"mov r4, 0 ",0
"mov r3, r4 ",0
"ldr r4, [0x0002e3f0] ",0
"mov r2, r4 ",0
"add r4, sb, 9 ",0
"mov r1, r4 ",0
"ldr r4, [sb, 0x5e8] ",0
"mov r0, r4 ",0
"str sb, [sp, -4]! ",0
"str r8, [sp, -4]! ",0
"str lr, [sp, -4]! ",0
"ldr r8, [0x0002e3ec] ",0
"ldr r8, [r8] ",0
"mov lr, pc ",0
"mov pc, r8 ",0
"mov r0, r0 ",0
pop {lr} ,0
pop {r8} ,0
pop {sb} ,0
"add sp, sp, 0 ",0
"mov r0, r0 ",0
"str r0, [sb, 0x5fc] ",0
"mov r0, r0 ",0
"ldr r0, [sb, 0x5fc] ",0
"ldr r1, [0x0002e400] ",0
"cmp r0, r1 ",0
"movne r0, 1 ",0
"moveq r0, 0 ",0
"mov r0, r0 ",0
"cmp r0, 0 ",0
bne 0x2df6c ,0
"mov r0, r0 ",0
"mov r0, r0 ",0
"mov r0, 1 ",0
"strb r0, [sb, 0x618] ",0
"ldr r0, [sb, 0x648] ",0
"str r0, [sb, 0x61c] ",0
"mov r0, r0 ",0
"str r0, [sp, -4]! ",0
"ldr r1, [0x0002e418] ",0
"add r0, sb, r1 ",0
"str sb, [sp, -4]! ",0
"str r8, [sp, -4]! ",0
"str lr, [sp, -4]! ",0
"ldr r8, [0x0002e414] ",0
"ldr r8, [r8] ",0
"mov lr, pc ",0
"mov pc, r8 ",0
"mov r0, r0 ",0
pop {lr} ,0
pop {r8} ,0
pop {sb} ,0
pop {r0} ,0
"mov r0, r0 ",0
"ldrb r0, [sb, 0x620] ",0
"eor r0, r0, 1 ",0
"mov r0, r0 ",0
"mov r0, r0 ",0
"cmp r0, 0 ",0
bne 0x2df1c ,0
"mov r0, r0 ",0
"mov r0, r0 ",0
"ldr r0, [0x0002e3e8] ",0
"mov r0, r0 ",0
"str r0, [sb, 0x650] ",0
"mov r0, r0 ",0
"mov r0, 0 ",0
"strb r0, [sb, 0x618] ",0
"mov r0, r0 ",0
"str r0, [sp, -4]! ",0
"ldr r1, [0x0002e418] ",0
"add r0, sb, r1 ",0
"str sb, [sp, -4]! ",0
"str r8, [sp, -4]! ",0
"str lr, [sp, -4]! ",0
"ldr r8, [0x0002e414] ",0
"ldr r8, [r8] ",0
"mov lr, pc ",0
"mov pc, r8 ",0
"mov r0, r0 ",0
pop {lr} ,0
pop {r8} ,0
pop {sb} ,0
pop {r0} ,0
"mov r0, r0 ",0
"ldrb r0, [sb, 6] ",0
"mov r0, r0 ",0
"strb r0, [sb, 8] ",0
"mov r0, r0 ",0
"mov r0, r0 ",0
"mov r0, r0 ",0
"ldr r0, [sb, 0x654] ",0
"ldrb r0, [r0] ",0
"eor r0, r0, 1 ",0
"mov r0, r0 ",0
"mov r0, r0 ",0
"cmp r0, 0 ",0
bne 0x2df58 ,0
"mov r0, r0 ",0
"mov r0, r0 ",0
"ldrb r0, [sb, 4] ",0
"mov r0, r0 ",0
"strb r0, [sb, 8] ",0
"mov r0, r0 ",0
"mov r0, r0 ",0
"mov r0, r0 ",0
b 0x2e130 ,0
"mov r0, r0 ",0
"mov r0, r0 ",0
"mov r0, r0 ",0
"ldr r0, [sb, 0x5fc] ",0
"cmp r0, 0 ",0
"movne r0, 1 ",0
"moveq r0, 0 ",0
"mov r0, r0 ",0
"cmp r0, 0 ",0
bne 0x2dfbc ,0
"mov r0, r0 ",0
"mov r0, r0 ",0
"ldrb r0, [sb, 6] ",0
"mov r0, r0 ",0
"strb r0, [sb, 8] ",0
"mov r0, r0 ",0
"ldr r0, [0x0002e3f4] ",0
"mov r0, r0 ",0
"str r0, [sb, 0x650] ",0
b 0x2e130 ,0
"mov r0, r0 ",0
"mov r0, r0 ",0
"mov r0, r0 ",0
"mov r0, 0 ",0
"mov r0, r0 ",0
"str r0, [sb, 0x650] ",0
"mov r0, r0 ",0
"mov r0, 0 ",0
"strb r0, [sb, 0x618] ",0
"mov r0, r0 ",0
"str r0, [sp, -4]! ",0
"ldr r1, [0x0002e418] ",0
"add r0, sb, r1 ",0
"str sb, [sp, -4]! ",0
"str r8, [sp, -4]! ",0
"str lr, [sp, -4]! ",0
"ldr r8, [0x0002e414] ",0
"ldr r8, [r8] ",0
"mov lr, pc ",0
"mov pc, r8 ",0
"mov r0, r0 ",0
pop {lr} ,0
pop {r8} ,0
pop {sb} ,0
pop {r0} ,0
"mov r0, 0 ",0
"mov r0, r0 ",0
"ldr r1, [0x0002e3e4] ",0
"strh r0, [sb, r1] ",0
"mov r0, r0 ",0
"mov r0, r0 ",0
"ldr r0, [0x0002e3e4] ",0
"ldrsh r0, [sb, r0] ",0
"ldr r1, [sb, 0x5fc] ",0
"str r1, [sp, -4]! ",0
"ldrsh r1, [sp] ",0
"add sp, sp, 4 ",0
"sub r1, r1, 1 ",0
"cmp r0, r1 ",0
"movgt r0, 1 ",0
"movle r0, 0 ",0
"mov r0, r0 ",0
"cmp r0, 0 ",0
bne 0x2e12c ,0
"mov r0, r0 ",0
"mov r0, r0 ",0
"ldr r0, [0x0002e3e4] ",0
"ldrsh r0, [sb, r0] ",0
"mov r1, 9 ",0
"add r1, r1, r0 ",0
"ldrb r0, [sb, r1] ",0
"mov r0, r0 ",0
"ldr r1, [sb, 0x65c] ",0
"ldr r1, [r1] ",0
"ldr r2, [sb, 0x658] ",0
"strb r0, [r2, r1] ",0
"mov r0, r0 ",0
"ldr r0, [sb, 0x65c] ",0
"ldr r0, [r0] ",0
"add r0, r0, 1 ",0
"ldr r1, [0x0002e3f0] ",0
"cmp r1, 0 ",0
beq 0x2e0f4 ,0
"mov r0, r0 ",0
"str r1, [sp, -4]! ",0
"str sb, [sp, -4]! ",0
"str r8, [sp, -4]! ",0
"str lr, [sp, -4]! ",0
"ldr r8, [0x0002e3e0] ",0
"ldr r8, [r8] ",0
"mov lr, pc ",0
"mov pc, r8 ",0
"mov r0, r0 ",0
pop {lr} ,0
pop {r8} ,0
pop {sb} ,0
pop {r1} ,0
b 0x2e0fc ,0
"mov r0, r0 ",0
"mov r0, r0 ",0
"mov r0, r1 ",0
"mov r0, r0 ",0
"mov r0, r0 ",0
"ldr r1, [sb, 0x65c] ",0
"str r0, [r1] ",0
"mov r0, r0 ",0
"ldr r0, [0x0002e3e4] ",0
"ldrsh r0, [sb, r0] ",0
"add r0, r0, 1 ",0
"ldr r1, [0x0002e3e4] ",0
"strh r0, [sb, r1] ",0
b 0x2e02c ,0
"mov r0, r0 ",0
"mov r0, r0 ",0
"mov r0, r0 ",0
"mov r0, r0 ",0
b 0x2e350 ,0
"mov r0, r0 ",0
"mov r0, r0 ",0
"mov r0, r0 ",0
"ldrb r0, [sb, 8] ",0
"ldrb r1, [sb, 6] ",0
"cmp r0, r1 ",0
"movne r0, 1 ",0
"moveq r0, 0 ",0
"mov r0, r0 ",0
"cmp r0, 0 ",0
bne 0x2e2e8 ,0
"mov r0, r0 ",0
"mov r0, r0 ",0
"ldr r8, [0x0002e458] ",0
"mov r0, r8 ",0
"ldr r1, [0x0002e454] ",0
"cmp r0, r1 ",0
"moveq r0, 1 ",0
"movne r0, 0 ",0
"ldr r8, [0x0002e458] ",0
"mov r1, r8 ",0
"ldr r2, [0x0002e450] ",0
"cmp r1, r2 ",0
"moveq r1, 1 ",0
"movne r1, 0 ",0
"orr r0, r0, r1 ",0
"eor r0, r0, 1 ",0
"mov r0, r0 ",0
"mov r0, r0 ",0
"cmp r0, 0 ",0
bne 0x2e1c8 ,0
"mov r0, r0 ",0
"mov r0, r0 ",0
b 0x2e210 ,0
"mov r0, r0 ",0
"mov r0, r0 ",0
"mov r0, r0 ",0
"mov r2, 0 ",0
"mov r1, r2 ",0
"ldr r2, [sb, 0x5e8] ",0
"mov r0, r2 ",0
"str sb, [sp, -4]! ",0
"str r8, [sp, -4]! ",0
"str lr, [sp, -4]! ",0
"ldr r8, [0x0002e3dc] ",0
"ldr r8, [r8] ",0
"mov lr, pc ",0
"mov pc, r8 ",0
"mov r0, r0 ",0
pop {lr} ,0
pop {r8} ,0
pop {sb} ,0
"add sp, sp, 0 ",0
"mov r0, r0 ",0
"mov r0, r0 ",0
"str r0, [sp, -4]! ",0
"ldr r2, [sb, 0x5e8] ",0
"mov r0, r2 ",0
"str sb, [sp, -4]! ",0
"str r8, [sp, -4]! ",0
"str lr, [sp, -4]! ",0
"ldr r8, [0x0002e408] ",0
"ldr r8, [r8] ",0
"mov lr, pc ",0
"mov pc, r8 ",0
"mov r0, r0 ",0
pop {lr} ,0
pop {r8} ,0
pop {sb} ,0
"add sp, sp, 0 ",0
"mov r1, r0 ",0
pop {r0} ,0
"mov r0, r0 ",0
"strb r1, [sb, 0x604] ",0
"mov r0, r0 ",0
"ldr r1, [0x0002e400] ",0
"mov r0, r0 ",0
"str r1, [sb, 0x5e8] ",0
"mov r0, r0 ",0
"mov r1, 0 ",0
"mov r0, r0 ",0
"strb r1, [sb, 8] ",0
"mov r0, r0 ",0
"mov r1, 0 ",0
"mov r0, r0 ",0
"strb r1, [sb, 0x64c] ",0
"mov r0, r0 ",0
"mov r1, 0 ",0
"strb r1, [sb, 0x618] ",0
"mov r0, r0 ",0
"str r0, [sp, -4]! ",0
"ldr r1, [0x0002e418] ",0
"add r0, sb, r1 ",0
"str sb, [sp, -4]! ",0
"str r8, [sp, -4]! ",0
"str lr, [sp, -4]! ",0
"ldr r8, [0x0002e414] ",0
"ldr r8, [r8] ",0
"mov lr, pc ",0
"mov pc, r8 ",0
"mov r0, r0 ",0
pop {lr} ,0
pop {r8} ,0
pop {sb} ,0
pop {r0} ,0
b 0x2e350 ,0
"mov r0, r0 ",0
"mov r0, r0 ",0
"mov r0, r0 ",0
"ldrb r0, [sb, 8] ",0
"ldrb r1, [sb, 7] ",0
"cmp r0, r1 ",0
"movne r0, 1 ",0
"moveq r0, 0 ",0
"mov r0, r0 ",0
"cmp r0, 0 ",0
bne 0x2e32c ,0
"mov r0, r0 ",0
"mov r0, r0 ",0
"mov r0, 0 ",0
"mov r0, r0 ",0
"strb r0, [sb, 0x64c] ",0
b 0x2e350 ,0
"mov r0, r0 ",0
"mov r0, r0 ",0
"mov r0, r0 ",0
"ldrb r0, [sb, 7] ",0
"mov r0, r0 ",0
"strb r0, [sb, 8] ",0
"mov r0, r0 ",0
"ldr r0, [0x0002e3d8] ",0
"mov r0, r0 ",0
"str r0, [sb, 0x650] ",0
"mov r0, r0 ",0
"mov r0, r0 ",0
b 0x2e5b4 ,0
"mov r0, r0 ",0
"mov r0, r0 ",0
"mov r0, r0 ",0
"ldr r0, [sb, 0x5e8] ",0
"cmp r0, 0 ",0
"movlt r0, 1 ",0
"movge r0, 0 ",0
"mov r0, r0 ",0
"mov r0, r0 ",0
"cmp r0, 0 ",0
bne 0x2e520 ,0
"mov r0, r0 ",0
"mov r0, r0 ",0
"ldr r8, [0x0002e458] ",0
"mov r0, r8 ",0
"ldr r1, [0x0002e454] ",0
"cmp r0, r1 ",0
"moveq r0, 1 ",0
"movne r0, 0 ",0
"ldr r8, [0x0002e458] ",0
"mov r1, r8 ",0
"ldr r2, [0x0002e450] ",0
"cmp r1, r2 ",0
"moveq r1, 1 ",0
"movne r1, 0 ",0
"orr r0, r0, r1 ",0
"eor r0, r0, 1 ",0
b 0x2e468 ,0
"mov r0, r0 ",0
"stclgt p13, c12, [sp, 0x334] ",1
"stclgt p13, c12, [sp, 0x334] ",1
"andeq r8, r0, r8 ",1
"andeq r0, r0, r0, lsr r2 ",1
"andeq r0, r0, r4, asr 9 ",1
"andeq r0, r0, ip, lsl 12 ",1
"andeq r8, r0, sb ",1
"andeq r0, r0, r4, lsl r2 ",1
"ldrdeq r0, r1, [r0], -sp ",1
"andeq r8, r0, r3 ",1
"andeq r8, r0, r7 ",1
"andeq r3, r0, ip, ror r0 ",1
invalid ,1
"andeq r0, r0, r0, lsr 4 ",1
"ldrdeq r0, r1, [r0], -ip ",1
"andeq r8, r0, r6 ",1
"andeq r0, r0, r0, ror 3 ",1
"andeq r0, r0, r8, lsl 6 ",1
"andeq r0, r0, r0, lsl r6 ",1
"andeq r8, r0, r4 ",1
"andeq r0, r0, lr, ror 11 ",1
"andeq r0, r0, r0, lsl r2 ",1
"andeq r0, r0, ip, lsr r6 ",1
"andeq r0, r0, ip, ror 11 ",1
"andeq r3, r0, r6, lsr 4 ",1
"andeq r0, r0, r4, lsl 4 ",1
"andeq r3, r0, r8, lsr 6 ",1
"andeq r0, r0, r8, lsl 12 ",1
"andeq r8, r0, r1 ",1
"andeq r0, r0, ip, lsr 4 ",1
"andeq r3, r0, ip, lsr 5 ",1
"andeq r0, r0, ip, lsr 12 ",1
"andhs r0, r0, r0 ",1
"andlo r0, r0, r0 ",1
"andhs r0, r0, r0 ",1
"andeq r0, r0, r4, ror 3 ",1
"strdeq r3, r4, [r0], -ip ",1
"strheq r2, [r0], -r8 ",1
"mov r0, r0 ",0
"mov r0, r0 ",0
"cmp r0, 0 ",0
bne 0x2e488 ,0
"mov r0, r0 ",0
"mov r0, r0 ",0
b 0x2e4d0 ,0
"mov r0, r0 ",0
"mov r0, r0 ",0
"mov r0, r0 ",0
"mov r2, 0 ",0
"mov r1, r2 ",0
"ldr r2, [sb, 0x5e8] ",0
"mov r0, r2 ",0
"str sb, [sp, -4]! ",0
"str r8, [sp, -4]! ",0
"str lr, [sp, -4]! ",0
"ldr r8, [0x0002e5e4] ",0
"ldr r8, [r8] ",0
"mov lr, pc ",0
"mov pc, r8 ",0
"mov r0, r0 ",0
pop {lr} ,0
pop {r8} ,0
pop {sb} ,0
"add sp, sp, 0 ",0
"mov r0, r0 ",0
"mov r0, r0 ",0
"str r0, [sp, -4]! ",0
"mov r0, r0 ",0
"ldr r2, [sb, 0x5e8] ",0
"mov r0, r2 ",0
"str sb, [sp, -4]! ",0
"str r8, [sp, -4]! ",0
"str lr, [sp, -4]! ",0
"ldr r8, [0x0002e5e0] ",0
"ldr r8, [r8] ",0
"mov lr, pc ",0
"mov pc, r8 ",0
"mov r0, r0 ",0
pop {lr} ,0
pop {r8} ,0
pop {sb} ,0
"add sp, sp, 0 ",0
"mov r1, r0 ",0
pop {r0} ,0
"mov r0, r0 ",0
"mov r0, r0 ",0
"mov r0, r0 ",0
"ldr r1, [0x0002e5dc] ",0
"mov r0, r0 ",0
"str r1, [sb, 0x5e8] ",0
"mov r0, r0 ",0
"mov r1, 0 ",0
"mov r0, r0 ",0
"str r1, [sb, 0x650] ",0
"mov r0, r0 ",0
"ldrb r1, [sb] ",0
"mov r0, r0 ",0
"strb r1, [sb, 8] ",0
"mov r0, r0 ",0
"mov r1, 0 ",0
"mov r0, r0 ",0
"strb r1, [sb, 0x64c] ",0
"mov r0, r0 ",0
"mov r1, 0 ",0
"strb r1, [sb, 0x618] ",0
"mov r0, r0 ",0
"str r0, [sp, -4]! ",0
"ldr r1, [0x0002e5d8] ",0
"add r0, sb, r1 ",0
"str sb, [sp, -4]! ",0
"str r8, [sp, -4]! ",0
"str lr, [sp, -4]! ",0
"ldr r8, [0x0002e5d4] ",0
"ldr r8, [r8] ",0
"mov lr, pc ",0
"mov pc, r8 ",0
"mov r0, r0 ",0
pop {lr} ,0
pop {r8} ,0
pop {sb} ,0
pop {r0} ,0
"mov r0, r0 ",0
"mov r0, r0 ",0
"mov r0, r0 ",0
"ldr r1, [0x0002e5d0] ",0
pop {r0} ,0
"str r0, [r1] ",0
"ldmdb fp, {fp, sp, pc} ",0
"strheq r2, [r0], -r8 ",1
"andeq r0, r0, r8, lsl 6 ",1
"andeq r0, r0, r0, lsl r6 ",1
invalid ,1
"ldrdeq r0, r1, [r0], -ip ",1
"andeq r0, r0, r0, lsr r2 ",1
"mov ip, sp ",0
"push {fp, ip, lr} ",0
"mov fp, ip ",0
"ldr r1, [0x0002e81c] ",0
"ldr r1, [r1] ",0
"str r1, [sp, -4]! ",0
"str r0, [sp, -4]! ",0
"mov r1, 0 ",0
"strb r1, [sb] ",0
"mov r1, 1 ",0
"strb r1, [sb, 1] ",0
"mov r1, 2 ",0
"strb r1, [sb, 2] ",0
"mov r1, 0xa ",0
"strb r1, [sb, 3] ",0
"mov r1, 0x14 ",0
"strb r1, [sb, 4] ",0
"mov r1, 0x1e ",0
"strb r1, [sb, 5] ",0
"mov r1, 0x28 ",0
"strb r1, [sb, 6] ",0
"mov r1, 0xc8 ",0
"strb r1, [sb, 7] ",0
"mov r1, 0 ",0
"strb r1, [sb, 8] ",0
"mov r1, 0 ",0
"ldr r8, [0x0002e81c] ",0
"str r1, [r8] ",0
"mov r0, r0 ",0
"ldr r8, [0x0002e81c] ",0
"ldr r1, [r8] ",0
"ldr r2, [0x0002e818] ",0
"cmp r1, r2 ",0
"movgt r1, 1 ",0
"movle r1, 0 ",0
"cmp r1, 0 ",0
bne 0x2e6ac ,0
"mov r0, r0 ",0
"mov r0, 0 ",0
"ldr r8, [0x0002e81c] ",0
"ldr r1, [r8] ",0
"mov r2, 9 ",0
"add r2, r2, r1 ",0
"strb r0, [sb, r2] ",0
"ldr r0, [r8] ",0
"add r0, r0, 1 ",0
"str r0, [r8] ",0
b 0x2e658 ,0
"mov r0, r0 ",0
"mov r0, r0 ",0
"mov r0, 0 ",0
"str r0, [sb, 0x5e8] ",0
"ldr r8, [0x0002e814] ",0
"ldrb r0, [r8] ",0
"str r0, [sp, -4]! ",0
"ldr r2, [0x0002e810] ",0
"add r0, sb, r2 ",0
"mov r1, r0 ",0
"str sb, [sp, -4]! ",0
"str r8, [sp, -4]! ",0
"str lr, [sp, -4]! ",0
"ldr r8, [0x0002e80c] ",0
"ldr r8, [r8] ",0
"mov lr, pc ",0
"mov pc, r8 ",0
"mov r0, r0 ",0
pop {lr} ,0
pop {r8} ,0
pop {sb} ,0
pop {r0} ,0
"strb r0, [r8, -0x5e2] ",0
"mov r0, 0 ",0
"str r0, [sb, 0x5fc] ",0
"mov r0, 0 ",0
"str r0, [sb, 0x600] ",0
"mov r0, 0 ",0
"strb r0, [sb, 0x604] ",0
"mov r0, 1 ",0
"str r0, [sb, 0x608] ",0
"mov r0, 0 ",0
"ldr r1, [0x0002e808] ",0
"strh r0, [sb, r1] ",0
"ldrb r0, [r8] ",0
"str r0, [sp, -4]! ",0
"ldr r2, [0x0002e804] ",0
"add r0, sb, r2 ",0
"mov r1, r0 ",0
"str sb, [sp, -4]! ",0
"str r8, [sp, -4]! ",0
"str lr, [sp, -4]! ",0
"ldr r8, [0x0002e800] ",0
"ldr r8, [r8] ",0
"mov lr, pc ",0
"mov pc, r8 ",0
"mov r0, r0 ",0
pop {lr} ,0
pop {r8} ,0
pop {sb} ,0
pop {r0} ,0
"strb r0, [r8, -0x5e2] ",0
"mov r0, 0 ",0
"str r0, [sb, 0x628] ",0
"mov r0, 1 ",0
"str r0, [sb, 0x62c] ",0
"mov r0, 0 ",0
"str r0, [sb, 0x630] ",0
"mov r0, 0 ",0
"strb r0, [sb, 0x634] ",0
"mov r0, 0 ",0
"str r0, [sb, 0x638] ",0
"mov r0, 0 ",0
"ldr r1, [0x0002e7fc] ",0
"strh r0, [sb, r1] ",0
"mov r0, 0 ",0
"str r0, [sb, 0x640] ",0
"mov r0, 0 ",0
"str r0, [sb, 0x644] ",0
"ldr r0, [0x0002e7f8] ",0
"str r0, [sb, 0x648] ",0
"mov r0, 0 ",0
"strb r0, [sb, 0x64c] ",0
"mov r0, 0 ",0
"str r0, [sb, 0x650] ",0
pop {r0} ,0
"cmp r0, 0 ",0
bne 0x2e7e4 ,0
"mov r0, r0 ",0
"mov r0, r0 ",0
pop {r1} ,0
"ldr r0, [0x0002e81c] ",0
"str r1, [r0] ",0
"ldmdb fp, {fp, sp, pc} ",0
"andeq r2, r0, r0, lsl r7 ",1
"andeq r0, r0, ip, lsr r6 ",1
"andeq r0, r0, ip, lsl 6 ",1
"andeq r0, r0, r0, lsl r6 ",1
"andeq r0, r0, ip, lsl 12 ",1
"andeq r0, r0, r8, lsr r2 ",1
"andeq r0, r0, ip, ror 11 ",1
"muleq r0, sb, r0 ",1
"ldrdeq r0, r1, [r0], -ip ",1
"andeq r6, r0, r8, ror sb ",1
"mov ip, sp ",0
"push {fp, ip, lr} ",0
"mov fp, ip ",0
"ldr r0, [0x0002f824] ",0
"ldr r1, [r0] ",0
"str r1, [sp, -4]! ",0
"str sb, [r0] ",0
"mov r0, r0 ",0
"ldrb r0, [sb, 0x640] ",0
"eor r0, r0, 1 ",0
"mov r0, r0 ",0
"mov r0, r0 ",0
"cmp r0, 0 ",0
bne 0x2f6fc ,0
"mov r0, r0 ",0
"mov r0, r0 ",0
"ldrb r0, [sb, 6] ",0
"ldrb r1, [sb] ",0
"cmp r0, r1 ",0
"movne r0, 1 ",0
"moveq r0, 0 ",0
"mov r0, r0 ",0
"cmp r0, 0 ",0
bne 0x2ebd0 ,0
"mov r0, r0 ",0
"mov r0, r0 ",0
"mov r3, 0 ",0
"mov r2, r3 ",0
"ldr r8, [0x0002f820] ",0
"ldr r3, [r8] ",0
"mov r1, r3 ",0
"ldrsh r3, [r8, -0xa2] ",0
"mov r0, r3 ",0
"str sb, [sp, -4]! ",0
"str r8, [sp, -4]! ",0
"str lr, [sp, -4]! ",0
"ldr r8, [0x0002f81c] ",0
"ldr r8, [r8] ",0
"mov lr, pc ",0
"mov pc, r8 ",0
"mov r0, r0 ",0
pop {lr} ,0
pop {r8} ,0
pop {sb} ,0
"add sp, sp, 0 ",0
"mov r0, r0 ",0
"str r0, [sb, 0x5e4] ",0
"mov r0, r0 ",0
"ldr r0, [sb, 0x5e4] ",0
"ldr r1, [r8, -0xac] ",0
"cmp r0, r1 ",0
"movne r0, 1 ",0
"moveq r0, 0 ",0
"mov r0, r0 ",0
"mov r0, r0 ",0
"cmp r0, 0 ",0
bne 0x2e940 ,0
"mov r0, r0 ",0
"mov r0, r0 ",0
"ldr r0, [0x0002f818] ",0
"mov r0, r0 ",0
"str r0, [sb, 0x654] ",0
"mov r0, r0 ",0
"ldrb r0, [sb, 5] ",0
"mov r0, r0 ",0
"strb r0, [sb, 6] ",0
"mov r0, r0 ",0
b 0x2faf0 ,0
"mov r0, r0 ",0
"mov r0, r0 ",0
b 0x2e944 ,0
"mov r0, r0 ",0
"mov r0, r0 ",0
"mov r0, r0 ",0
"mov r0, r0 ",0
"mov r0, 1 ",0
"mov r0, r0 ",0
"str r0, [sb, 0x63c] ",0
"mov r0, r0 ",0
"str sb, [sp, -4]! ",0
"str r8, [sp, -4]! ",0
"str lr, [sp, -4]! ",0
"mov r4, 4 ",0
"str r4, [sp, -4]! ",0
"ldr r5, [0x0002f814] ",0
"add r4, sb, r5 ",0
"mov r3, r4 ",0
"ldr r8, [0x0002f810] ",0
"ldr r4, [r8] ",0
"mov r2, r4 ",0
"ldrh r4, [r8, -0xa] ",0
"mov r1, r4 ",0
"ldr r4, [sb, 0x5e4] ",0
"mov r0, r4 ",0
"ldr r4, [0x0002f80c] ",0
"ldr r4, [r4] ",0
"mov lr, pc ",0
"mov pc, r4 ",0
"mov r0, r0 ",0
"add sp, sp, 4 ",0
pop {lr} ,0
pop {r8} ,0
pop {sb} ,0
"mov r0, r0 ",0
"ldr r8, [0x0002f808] ",0
"ldrsh r1, [r8] ",0
"mov r0, r0 ",0
"ldr r2, [0x0002f804] ",0
"strh r1, [sb, r2] ",0
"mov r0, r0 ",0
"str r0, [sp, -4]! ",0
"ldr r2, [0x0002f800] ",0
"ldrh r2, [sb, r2] ",0
"mov r0, r2 ",0
"str sb, [sp, -4]! ",0
"str r8, [sp, -4]! ",0
"str lr, [sp, -4]! ",0
"ldr r8, [0x0002f7fc] ",0
"ldr r8, [r8] ",0
"mov lr, pc ",0
"mov pc, r8 ",0
"mov r0, r0 ",0
pop {lr} ,0
pop {r8} ,0
pop {sb} ,0
"add sp, sp, 0 ",0
"mov r1, r0 ",0
pop {r0} ,0
"mov r0, r0 ",0
"ldr r2, [0x0002f7f8] ",0
"strh r1, [sb, r2] ",0
"mov r0, r0 ",0
"ldr r1, [r8, 0xb6] ",0
"mov r0, r0 ",0
"str r1, [sb, 0x5f0] ",0
"mov r0, r0 ",0
"str r0, [sp, -4]! ",0
"mov r0, r0 ",0
"mov r3, 0x10 ",0
"mov r2, r3 ",0
"ldr r4, [0x0002f804] ",0
"add r3, sb, r4 ",0
"mov r1, r3 ",0
"ldr r3, [sb, 0x5e4] ",0
"mov r0, r3 ",0
"str sb, [sp, -4]! ",0
"str r8, [sp, -4]! ",0
"str lr, [sp, -4]! ",0
"ldr r8, [0x0002f7f4] ",0
"ldr r8, [r8] ",0
"mov lr, pc ",0
"mov pc, r8 ",0
"mov r0, r0 ",0
pop {lr} ,0
pop {r8} ,0
pop {sb} ,0
"add sp, sp, 0 ",0
"mov r1, r0 ",0
pop {r0} ,0
"mov r0, r0 ",0
"cmp r1, 0 ",0
bne 0x2ead8 ,0
"mov r0, r0 ",0
"mov r0, r0 ",0
"ldr r0, [0x0002f7f0] ",0
"mov r0, r0 ",0
"str r0, [sb, 0x654] ",0
"mov r0, r0 ",0
"ldrb r0, [sb, 5] ",0
"mov r0, r0 ",0
"strb r0, [sb, 6] ",0
"mov r0, r0 ",0
b 0x2faf0 ,0
"mov r0, r0 ",0
"mov r0, r0 ",0
"mov r0, r0 ",0
"mov r0, r0 ",0
"mov r2, 1 ",0
"mov r1, r2 ",0
"ldr r2, [sb, 0x5e4] ",0
"mov r0, r2 ",0
"str sb, [sp, -4]! ",0
"str r8, [sp, -4]! ",0
"str lr, [sp, -4]! ",0
"ldr r8, [0x0002f7ec] ",0
"ldr r8, [r8] ",0
"mov lr, pc ",0
"mov pc, r8 ",0
"mov r0, r0 ",0
pop {lr} ,0
pop {r8} ,0
pop {sb} ,0
"add sp, sp, 0 ",0
"mov r0, r0 ",0
"cmp r0, 0 ",0
bne 0x2eb54 ,0
"mov r0, r0 ",0
"mov r0, r0 ",0
"ldr r0, [0x0002f7e8] ",0
"mov r0, r0 ",0
"str r0, [sb, 0x654] ",0
"mov r0, r0 ",0
"ldrb r0, [sb, 5] ",0
"mov r0, r0 ",0
"strb r0, [sb, 6] ",0
"mov r0, r0 ",0
"mov r0, r0 ",0
"mov r0, r0 ",0
"ldr r4, [0x0002f7e4] ",0
"add r3, sb, r4 ",0
"mov r2, r3 ",0
"ldr r8, [0x0002f7e0] ",0
"ldr r3, [r8] ",0
"mov r1, r3 ",0
"ldr r3, [sb, 0x5e4] ",0
"mov r0, r3 ",0
"str sb, [sp, -4]! ",0
"str r8, [sp, -4]! ",0
"str lr, [sp, -4]! ",0
"ldr r8, [0x0002f7dc] ",0
"ldr r8, [r8] ",0
"mov lr, pc ",0
"mov pc, r8 ",0
"mov r0, r0 ",0
pop {lr} ,0
pop {r8} ,0
pop {sb} ,0
"add sp, sp, 0 ",0
"mov r0, r0 ",0
"str r0, [sb, 0x600] ",0
"mov r0, r0 ",0
"ldrb r0, [sb, 1] ",0
"mov r0, r0 ",0
"strb r0, [sb, 6] ",0
b 0x2f6ec ,0
"mov r0, r0 ",0
"mov r0, r0 ",0
"mov r0, r0 ",0
"ldrb r0, [sb, 6] ",0
"ldrb r1, [sb, 1] ",0
"cmp r0, r1 ",0
"movne r0, 1 ",0
"moveq r0, 0 ",0
"mov r0, r0 ",0
"cmp r0, 0 ",0
bne 0x2ee08 ,0
"mov r0, r0 ",0
"mov r0, r0 ",0
"mov r0, 0x10 ",0
"mov r0, r0 ",0
"str r0, [sb, 0x608] ",0
"mov r0, r0 ",0
"ldr r4, [0x0002f7d8] ",0
"add r3, sb, r4 ",0
"mov r2, r3 ",0
"ldr r4, [0x0002f804] ",0
"add r3, sb, r4 ",0
"mov r1, r3 ",0
"ldr r3, [sb, 0x5e4] ",0
"mov r0, r3 ",0
"str sb, [sp, -4]! ",0
"str r8, [sp, -4]! ",0
"str lr, [sp, -4]! ",0
"ldr r8, [0x0002f7d4] ",0
"ldr r8, [r8] ",0
"mov lr, pc ",0
"mov pc, r8 ",0
"mov r0, r0 ",0
pop {lr} ,0
pop {r8} ,0
pop {sb} ,0
"add sp, sp, 0 ",0
"mov r0, r0 ",0
"str r0, [sb, 0x5e8] ",0
"mov r0, r0 ",0
"ldrb r0, [sb, 1] ",0
"mov r0, r0 ",0
"str r0, [sb, 0x654] ",0
"mov r0, r0 ",0
"ldr r0, [sb, 0x5e8] ",0
"ldr r8, [0x0002f7d0] ",0
"ldr r1, [r8] ",0
"cmp r0, r1 ",0
"moveq r0, 1 ",0
"movne r0, 0 ",0
"mov r0, r0 ",0
"mov r0, r0 ",0
"cmp r0, 0 ",0
bne 0x2edf4 ,0
"mov r0, r0 ",0
"mov r0, r0 ",0
"mov r0, 1 ",0
"mov r0, r0 ",0
"strb r0, [sb, 0x650] ",0
"mov r0, r0 ",0
"ldr r8, [0x0002f7cc] ",0
"mov r0, r8 ",0
"ldr r1, [0x0002f7c8] ",0
"cmp r0, r1 ",0
"moveq r0, 1 ",0
"movne r0, 0 ",0
"ldr r8, [0x0002f7cc] ",0
"mov r1, r8 ",0
"ldr r2, [0x0002f7c4] ",0
"cmp r1, r2 ",0
"moveq r1, 1 ",0
"movne r1, 0 ",0
"orr r0, r0, r1 ",0
"eor r0, r0, 1 ",0
"mov r0, r0 ",0
"mov r0, r0 ",0
"cmp r0, 0 ",0
bne 0x2ed78 ,0
"mov r0, r0 ",0
"mov r0, r0 ",0
"str sb, [sp, -4]! ",0
"str r8, [sp, -4]! ",0
"str lr, [sp, -4]! ",0
"mov r4, 4 ",0
"str r4, [sp, -4]! ",0
"ldr r5, [0x0002f7c0] ",0
"add r4, sb, r5 ",0
"mov r3, r4 ",0
"ldr r8, [0x0002f7bc] ",0
"ldr r4, [r8] ",0
"mov r2, r4 ",0
"mov r4, 6 ",0
"mov r1, r4 ",0
"ldr r4, [sb, 0x5e8] ",0
"mov r0, r4 ",0
"ldr r4, [0x0002f80c] ",0
"ldr r4, [r4] ",0
"mov lr, pc ",0
"mov pc, r4 ",0
"mov r0, r0 ",0
"add sp, sp, 4 ",0
pop {lr} ,0
pop {r8} ,0
pop {sb} ,0
"mov r0, r0 ",0
b 0x2ed7c ,0
"mov r0, r0 ",0
"mov r0, r0 ",0
"mov r0, r0 ",0
"mov r0, r0 ",0
"ldr r4, [0x0002f7e4] ",0
"add r3, sb, r4 ",0
"mov r2, r3 ",0
"ldr r8, [0x0002f7e0] ",0
"ldr r3, [r8] ",0
"mov r1, r3 ",0
"ldr r3, [sb, 0x5e8] ",0
"mov r0, r3 ",0
"str sb, [sp, -4]! ",0
"str r8, [sp, -4]! ",0
"str lr, [sp, -4]! ",0
"ldr r8, [0x0002f7dc] ",0
"ldr r8, [r8] ",0
"mov lr, pc ",0
"mov pc, r8 ",0
"mov r0, r0 ",0
pop {lr} ,0
pop {r8} ,0
pop {sb} ,0
"add sp, sp, 0 ",0
"mov r0, r0 ",0
"ldrb r1, [sb, 3] ",0
"mov r0, r0 ",0
"strb r1, [sb, 6] ",0
"mov r0, r0 ",0
"mov r1, 0 ",0
"mov r0, r0 ",0
"str r1, [sb, 0x654] ",0
"mov r0, r0 ",0
"mov r0, r0 ",0
"mov r0, r0 ",0
b 0x2f6ec ,0
"mov r0, r0 ",0
"mov r0, r0 ",0
"mov r0, r0 ",0
"ldrb r0, [sb, 6] ",0
"ldrb r1, [sb, 3] ",0
"cmp r0, r1 ",0
"movne r0, 1 ",0
"moveq r0, 0 ",0
"mov r0, r0 ",0
"cmp r0, 0 ",0
bne 0x2f1ac ,0
"mov r0, r0 ",0
"mov r0, r0 ",0
"mov r4, 0 ",0
"mov r3, r4 ",0
"ldr r4, [0x0002f7b8] ",0
"mov r2, r4 ",0
"add r4, sb, 7 ",0
"mov r1, r4 ",0
"ldr r4, [sb, 0x5e8] ",0
"mov r0, r4 ",0
"str sb, [sp, -4]! ",0
"str r8, [sp, -4]! ",0
"str lr, [sp, -4]! ",0
"ldr r8, [0x0002f7b4] ",0
"ldr r8, [r8] ",0
"mov lr, pc ",0
"mov pc, r8 ",0
"mov r0, r0 ",0
pop {lr} ,0
pop {r8} ,0
pop {sb} ,0
"add sp, sp, 0 ",0
"mov r0, r0 ",0
"str r0, [sb, 0x5fc] ",0
"mov r0, r0 ",0
"ldr r0, [sb, 0x5fc] ",0
"ldr r1, [0x0002f7b0] ",0
"cmp r0, r1 ",0
"movne r0, 1 ",0
"moveq r0, 0 ",0
"mov r0, r0 ",0
"cmp r0, 0 ",0
bne 0x2efac ,0
"mov r0, r0 ",0
"mov r0, r0 ",0
"mov r0, 1 ",0
"strb r0, [sb, 0x614] ",0
"ldr r0, [sb, 0x644] ",0
"str r0, [sb, 0x618] ",0
"mov r0, r0 ",0
"str r0, [sp, -4]! ",0
"ldr r1, [0x0002f7ac] ",0
"add r0, sb, r1 ",0
"str sb, [sp, -4]! ",0
"str r8, [sp, -4]! ",0
"str lr, [sp, -4]! ",0
"ldr r8, [0x0002f7a8] ",0
"ldr r8, [r8] ",0
"mov lr, pc ",0
"mov pc, r8 ",0
"mov r0, r0 ",0
pop {lr} ,0
pop {r8} ,0
pop {sb} ,0
pop {r0} ,0
"mov r0, r0 ",0
"ldrb r0, [sb, 0x61c] ",0
"eor r0, r0, 1 ",0
"mov r0, r0 ",0
"mov r0, r0 ",0
"cmp r0, 0 ",0
bne 0x2ef98 ,0
"mov r0, r0 ",0
"mov r0, r0 ",0
"ldrb r0, [sb, 4] ",0
"mov r0, r0 ",0
"strb r0, [sb, 6] ",0
"mov r0, r0 ",0
"mov r0, 0 ",0
"strb r0, [sb, 0x614] ",0
"mov r0, r0 ",0
"str r0, [sp, -4]! ",0
"ldr r1, [0x0002f7ac] ",0
"add r0, sb, r1 ",0
"str sb, [sp, -4]! ",0
"str r8, [sp, -4]! ",0
"str lr, [sp, -4]! ",0
"ldr r8, [0x0002f7a8] ",0
"ldr r8, [r8] ",0
"mov lr, pc ",0
"mov pc, r8 ",0
"mov r0, r0 ",0
pop {lr} ,0
pop {r8} ,0
pop {sb} ,0
pop {r0} ,0
"mov r0, r0 ",0
"ldr r0, [0x0002f7a4] ",0
"mov r0, r0 ",0
"str r0, [sb, 0x654] ",0
"mov r0, r0 ",0
"mov r0, r0 ",0
"mov r0, r0 ",0
b 0x2f160 ,0
"mov r0, r0 ",0
"mov r0, r0 ",0
"mov r0, r0 ",0
"ldr r0, [sb, 0x5fc] ",0
"cmp r0, 0 ",0
"movne r0, 1 ",0
"moveq r0, 0 ",0
"mov r0, r0 ",0
"cmp r0, 0 ",0
bne 0x2effc ,0
"mov r0, r0 ",0
"mov r0, r0 ",0
"ldrb r0, [sb, 4] ",0
"mov r0, r0 ",0
"strb r0, [sb, 6] ",0
"mov r0, r0 ",0
"ldr r0, [0x0002f7e8] ",0
"mov r0, r0 ",0
"str r0, [sb, 0x654] ",0
b 0x2f160 ,0
"mov r0, r0 ",0
"mov r0, r0 ",0
"mov r0, 0 ",0
"mov r0, r0 ",0
"ldr r1, [0x0002f7a0] ",0
"strh r0, [sb, r1] ",0
"mov r0, r0 ",0
"mov r0, r0 ",0
"ldr r0, [0x0002f7a0] ",0
"ldrsh r0, [sb, r0] ",0
"ldr r1, [sb, 0x5fc] ",0
"str r1, [sp, -4]! ",0
"ldrsh r1, [sp] ",0
"add sp, sp, 4 ",0
"sub r1, r1, 1 ",0
"cmp r0, r1 ",0
"movgt r0, 1 ",0
"movle r0, 0 ",0
"mov r0, r0 ",0
"cmp r0, 0 ",0
bne 0x2f110 ,0
"mov r0, r0 ",0
"mov r0, r0 ",0
"ldr r0, [0x0002f7a0] ",0
"ldrsh r0, [sb, r0] ",0
"mov r1, 7 ",0
"add r1, r1, r0 ",0
"ldrb r0, [sb, r1] ",0
"mov r0, r0 ",0
"ldr r1, [sb, 0x660] ",0
"ldr r1, [r1] ",0
"ldr r2, [sb, 0x65c] ",0
"strb r0, [r2, r1] ",0
"mov r0, r0 ",0
"ldr r0, [sb, 0x660] ",0
"ldr r0, [r0] ",0
"add r0, r0, 1 ",0
"ldr r1, [0x0002f79c] ",0
"cmp r1, 0 ",0
beq 0x2f0d8 ,0
"mov r0, r0 ",0
"str r1, [sp, -4]! ",0
"str sb, [sp, -4]! ",0
"str r8, [sp, -4]! ",0
"str lr, [sp, -4]! ",0
"ldr r8, [0x0002f798] ",0
"ldr r8, [r8] ",0
"mov lr, pc ",0
"mov pc, r8 ",0
"mov r0, r0 ",0
pop {lr} ,0
pop {r8} ,0
pop {sb} ,0
pop {r1} ,0
b 0x2f0e0 ,0
"mov r0, r0 ",0
"mov r0, r0 ",0
"mov r0, r1 ",0
"mov r0, r0 ",0
"mov r0, r0 ",0
"ldr r1, [sb, 0x660] ",0
"str r0, [r1] ",0
"mov r0, r0 ",0
"ldr r0, [0x0002f7a0] ",0
"ldrsh r0, [sb, r0] ",0
"add r0, r0, 1 ",0
"ldr r1, [0x0002f7a0] ",0
"strh r0, [sb, r1] ",0
b 0x2f010 ,0
"mov r0, r0 ",0
"mov r0, r0 ",0
"mov r0, r0 ",0
"mov r0, 0 ",0
"strb r0, [sb, 0x614] ",0
"mov r0, r0 ",0
"str r0, [sp, -4]! ",0
"ldr r1, [0x0002f7ac] ",0
"add r0, sb, r1 ",0
"str sb, [sp, -4]! ",0
"str r8, [sp, -4]! ",0
"str lr, [sp, -4]! ",0
"ldr r8, [0x0002f7a8] ",0
"ldr r8, [r8] ",0
"mov lr, pc ",0
"mov pc, r8 ",0
"mov r0, r0 ",0
pop {lr} ,0
pop {r8} ,0
pop {sb} ,0
pop {r0} ,0
"mov r0, r0 ",0
"mov r0, r0 ",0
"ldr r0, [sb, 0x658] ",0
"ldrb r0, [r0] ",0
"eor r0, r0, 1 ",0
"mov r0, r0 ",0
"mov r0, r0 ",0
"cmp r0, 0 ",0
bne 0x2f198 ,0
"mov r0, r0 ",0
"mov r0, r0 ",0
"ldrb r0, [sb, 2] ",0
"mov r0, r0 ",0
"strb r0, [sb, 6] ",0
"mov r0, r0 ",0
"mov r0, r0 ",0
"mov r0, r0 ",0
b 0x2f6ec ,0
"mov r0, r0 ",0
"mov r0, r0 ",0
"mov r0, r0 ",0
"ldrb r0, [sb, 6] ",0
"ldrb r1, [sb, 2] ",0
"cmp r0, r1 ",0
"movne r0, 1 ",0
"moveq r0, 0 ",0
"mov r0, r0 ",0
"cmp r0, 0 ",0
bne 0x2f4a0 ,0
"mov r0, r0 ",0
"mov r0, r0 ",0
"ldr r4, [sb, 0x624] ",0
"mov r3, r4 ",0
"ldr r4, [sb, 0x64c] ",0
"ldr r5, [sb, 0x634] ",0
"sub r4, r4, r5 ",0
"mov r2, r4 ",0
"ldr r4, [sb, 0x634] ",0
"ldr r5, [sb, 0x648] ",0
"add r4, r5, r4 ",0
"mov r1, r4 ",0
"ldr r4, [sb, 0x5e8] ",0
"mov r0, r4 ",0
"str sb, [sp, -4]! ",0
"str r8, [sp, -4]! ",0
"str lr, [sp, -4]! ",0
"ldr r8, [0x0002f794] ",0
"ldr r8, [r8] ",0
"mov lr, pc ",0
"mov pc, r8 ",0
"mov r0, r0 ",0
pop {lr} ,0
pop {r8} ,0
pop {sb} ,0
"add sp, sp, 0 ",0
"mov r0, r0 ",0
"str r0, [sb, 0x600] ",0
"mov r0, r0 ",0
"ldr r0, [sb, 0x600] ",0
"ldr r1, [0x0002f7b0] ",0
"cmp r0, r1 ",0
"movne r0, 1 ",0
"moveq r0, 0 ",0
"mov r0, r0 ",0
"cmp r0, 0 ",0
bne 0x2f360 ,0
"mov r0, r0 ",0
"mov r0, r0 ",0
"mov r0, 1 ",0
"strb r0, [sb, 0x614] ",0
"ldr r0, [sb, 0x644] ",0
"str r0, [sb, 0x618] ",0
"mov r0, r0 ",0
"str r0, [sp, -4]! ",0
"ldr r1, [0x0002f7ac] ",0
"add r0, sb, r1 ",0
"str sb, [sp, -4]! ",0
"str r8, [sp, -4]! ",0
"str lr, [sp, -4]! ",0
"ldr r8, [0x0002f7a8] ",0
"ldr r8, [r8] ",0
"mov lr, pc ",0
"mov pc, r8 ",0
"mov r0, r0 ",0
pop {lr} ,0
pop {r8} ,0
pop {sb} ,0
pop {r0} ,0
"mov r0, r0 ",0
"ldrb r0, [sb, 0x61c] ",0
"eor r0, r0, 1 ",0
"mov r0, r0 ",0
"mov r0, r0 ",0
"cmp r0, 0 ",0
bne 0x2f34c ,0
"mov r0, r0 ",0
"mov r0, r0 ",0
"ldrb r0, [sb, 4] ",0
"mov r0, r0 ",0
"strb r0, [sb, 6] ",0
"mov r0, r0 ",0
"mov r0, 0 ",0
"strb r0, [sb, 0x614] ",0
"mov r0, r0 ",0
"str r0, [sp, -4]! ",0
"ldr r1, [0x0002f7ac] ",0
"add r0, sb, r1 ",0
"str sb, [sp, -4]! ",0
"str r8, [sp, -4]! ",0
"str lr, [sp, -4]! ",0
"ldr r8, [0x0002f7a8] ",0
"ldr r8, [r8] ",0
"mov lr, pc ",0
"mov pc, r8 ",0
"mov r0, r0 ",0
pop {lr} ,0
pop {r8} ,0
pop {sb} ,0
pop {r0} ,0
"mov r0, r0 ",0
"ldr r0, [0x0002f790] ",0
"mov r0, r0 ",0
"str r0, [sb, 0x654] ",0
"mov r0, r0 ",0
"mov r0, r0 ",0
"mov r0, r0 ",0
b 0x2f490 ,0
"mov r0, r0 ",0
"mov r0, r0 ",0
"mov r0, r0 ",0
"ldr r0, [sb, 0x600] ",0
"cmp r0, 0 ",0
"movne r0, 1 ",0
"moveq r0, 0 ",0
"mov r0, r0 ",0
"cmp r0, 0 ",0
bne 0x2f3b0 ,0
"mov r0, r0 ",0
"mov r0, r0 ",0
"ldrb r0, [sb, 4] ",0
"mov r0, r0 ",0
"strb r0, [sb, 6] ",0
"mov r0, r0 ",0
"ldr r0, [0x0002f7e8] ",0
"mov r0, r0 ",0
"str r0, [sb, 0x654] ",0
b 0x2f490 ,0
"mov r0, r0 ",0
"mov r0, r0 ",0
"mov r0, r0 ",0
"ldr r0, [sb, 0x634] ",0
"ldr r1, [sb, 0x600] ",0
"add r0, r0, r1 ",0
"mov r0, r0 ",0
"str r0, [sb, 0x634] ",0
"mov r0, r0 ",0
"ldr r0, [sb, 0x634] ",0
"ldr r1, [sb, 0x64c] ",0
"cmp r0, r1 ",0
"movlt r0, 1 ",0
"movge r0, 0 ",0
"mov r0, r0 ",0
"mov r0, r0 ",0
"cmp r0, 0 ",0
bne 0x2f43c ,0
"mov r0, r0 ",0
"mov r0, r0 ",0
"mov r0, 0 ",0
"mov r0, r0 ",0
"str r0, [sb, 0x654] ",0
"mov r0, r0 ",0
"ldrb r0, [sb, 3] ",0
"mov r0, r0 ",0
"strb r0, [sb, 6] ",0
"mov r0, r0 ",0
"mov r0, 0 ",0
"mov r0, r0 ",0
"str r0, [sb, 0x634] ",0
"mov r0, r0 ",0
"mov r0, 0 ",0
"mov r0, r0 ",0
"ldr r1, [sb, 0x658] ",0
"strb r0, [r1] ",0
"mov r0, r0 ",0
"mov r0, r0 ",0
"mov r0, r0 ",0
"mov r0, 0 ",0
"strb r0, [sb, 0x614] ",0
"mov r0, r0 ",0
"str r0, [sp, -4]! ",0
"ldr r1, [0x0002f7ac] ",0
"add r0, sb, r1 ",0
"str sb, [sp, -4]! ",0
"str r8, [sp, -4]! ",0
"str lr, [sp, -4]! ",0
"ldr r8, [0x0002f7a8] ",0
"ldr r8, [r8] ",0
"mov lr, pc ",0
"mov pc, r8 ",0
"mov r0, r0 ",0
pop {lr} ,0
pop {r8} ,0
pop {sb} ,0
pop {r0} ,0
"mov r0, r0 ",0
"mov r0, r0 ",0
b 0x2f6ec ,0
"mov r0, r0 ",0
"mov r0, r0 ",0
"mov r0, r0 ",0
"ldrb r0, [sb, 6] ",0
"ldrb r1, [sb, 4] ",0
"cmp r0, r1 ",0
"movne r0, 1 ",0
"moveq r0, 0 ",0
"mov r0, r0 ",0
"cmp r0, 0 ",0
bne 0x2f684 ,0
"mov r0, r0 ",0
"mov r0, r0 ",0
"ldr r8, [0x0002f7cc] ",0
"mov r0, r8 ",0
"ldr r1, [0x0002f7c8] ",0
"cmp r0, r1 ",0
"moveq r0, 1 ",0
"movne r0, 0 ",0
"ldr r8, [0x0002f7cc] ",0
"mov r1, r8 ",0
"ldr r2, [0x0002f7c4] ",0
"cmp r1, r2 ",0
"moveq r1, 1 ",0
"movne r1, 0 ",0
"orr r0, r0, r1 ",0
"eor r0, r0, 1 ",0
"mov r0, r0 ",0
"mov r0, r0 ",0
"cmp r0, 0 ",0
bne 0x2f528 ,0
"mov r0, r0 ",0
"mov r0, r0 ",0
b 0x2f5a0 ,0
"mov r0, r0 ",0
"mov r0, r0 ",0
"mov r0, r0 ",0
"ldr r0, [sb, 0x5e8] ",0
"cmp r0, 0 ",0
"movlt r0, 1 ",0
"movge r0, 0 ",0
"mov r0, r0 ",0
"mov r0, r0 ",0
"cmp r0, 0 ",0
bne 0x2f598 ,0
"mov r0, r0 ",0
"mov r0, r0 ",0
"mov r2, 0 ",0
"mov r1, r2 ",0
"ldr r2, [sb, 0x5e8] ",0
"mov r0, r2 ",0
"str sb, [sp, -4]! ",0
"str r8, [sp, -4]! ",0
"str lr, [sp, -4]! ",0
"ldr r8, [0x0002f78c] ",0
"ldr r8, [r8] ",0
"mov lr, pc ",0
"mov pc, r8 ",0
"mov r0, r0 ",0
pop {lr} ,0
pop {r8} ,0
pop {sb} ,0
"add sp, sp, 0 ",0
"mov r0, r0 ",0
"mov r0, r0 ",0
"mov r0, r0 ",0
"mov r0, r0 ",0
"ldr r1, [sb, 0x5e8] ",0
"cmp r1, 0 ",0
"movlt r1, 1 ",0
"movge r1, 0 ",0
"mov r0, r0 ",0
"mov r0, r0 ",0
"cmp r1, 0 ",0
bne 0x2f608 ,0
"mov r0, r0 ",0
"mov r0, r0 ",0
"ldr r1, [sb, 0x5e8] ",0
"mov r0, r1 ",0
"str sb, [sp, -4]! ",0
"str r8, [sp, -4]! ",0
"str lr, [sp, -4]! ",0
"ldr r8, [0x0002f788] ",0
"ldr r8, [r8] ",0
"mov lr, pc ",0
"mov pc, r8 ",0
"mov r0, r0 ",0
pop {lr} ,0
pop {r8} ,0
pop {sb} ,0
"add sp, sp, 0 ",0
"mov r0, r0 ",0
"mov r0, r0 ",0
"mov r0, r0 ",0
"mov r1, 0 ",0
"mov r0, r0 ",0
"strb r1, [sb, 0x650] ",0
"mov r0, r0 ",0
"ldrb r1, [sb, 1] ",0
"mov r0, r0 ",0
"strb r1, [sb, 6] ",0
"mov r0, r0 ",0
"mov r1, 0 ",0
"strb r1, [sb, 0x614] ",0
"mov r0, r0 ",0
"str r0, [sp, -4]! ",0
"ldr r1, [0x0002f7ac] ",0
"add r0, sb, r1 ",0
"str sb, [sp, -4]! ",0
"str r8, [sp, -4]! ",0
"str lr, [sp, -4]! ",0
"ldr r8, [0x0002f7a8] ",0
"ldr r8, [r8] ",0
"mov lr, pc ",0
"mov pc, r8 ",0
"mov r0, r0 ",0
pop {lr} ,0
pop {r8} ,0
pop {sb} ,0
pop {r0} ,0
b 0x2f6ec ,0
"mov r0, r0 ",0
"mov r0, r0 ",0
"mov r0, r0 ",0
"ldrb r0, [sb, 6] ",0
"ldrb r1, [sb, 5] ",0
"cmp r0, r1 ",0
"movne r0, 1 ",0
"moveq r0, 0 ",0
"mov r0, r0 ",0
"cmp r0, 0 ",0
bne 0x2f6c8 ,0
"mov r0, r0 ",0
"mov r0, r0 ",0
"ldrb r0, [sb, 5] ",0
"mov r0, r0 ",0
"strb r0, [sb, 6] ",0
b 0x2f6ec ,0
"mov r0, r0 ",0
"mov r0, r0 ",0
"mov r0, r0 ",0
"ldrb r0, [sb, 5] ",0
"mov r0, r0 ",0
"strb r0, [sb, 6] ",0
"mov r0, r0 ",0
"ldr r0, [0x0002f784] ",0
"mov r0, r0 ",0
"str r0, [sb, 0x654] ",0
"mov r0, r0 ",0
"mov r0, r0 ",0
b 0x2faec ,0
"mov r0, r0 ",0
"mov r0, r0 ",0
"mov r0, r0 ",0
"ldrb r0, [sb, 6] ",0
"ldrb r1, [sb] ",0
"cmp r0, r1 ",0
"moveq r0, 1 ",0
"movne r0, 0 ",0
"mov r0, r0 ",0
"mov r0, r0 ",0
"cmp r0, 0 ",0
bne 0x2fae4 ,0
"mov r0, r0 ",0
"mov r0, r0 ",0
"ldr r8, [0x0002f7cc] ",0
"mov r0, r8 ",0
"ldr r1, [0x0002f7c8] ",0
"cmp r0, r1 ",0
"moveq r0, 1 ",0
"movne r0, 0 ",0
"ldr r8, [0x0002f7cc] ",0
"mov r1, r8 ",0
"ldr r2, [0x0002f7c4] ",0
"cmp r1, r2 ",0
"moveq r1, 1 ",0
"movne r1, 0 ",0
"orr r0, r0, r1 ",0
"eor r0, r0, 1 ",0
"mov r0, r0 ",0
"mov r0, r0 ",0
"cmp r0, 0 ",0
b 0x2f828 ,0
"mov r0, r0 ",0
"stclgt p13, c12, [sp, 0x334] ",1
"stclgt p13, c12, [sp, 0x334] ",1
"andeq r8, r0, r8 ",1
"ldrdeq r0, r1, [r0], -ip ",1
"andeq r0, r0, r0, lsr r2 ",1
"andeq r8, r0, r7 ",1
"andeq r0, r0, r0, lsr 4 ",1
"andeq r0, r0, r4, asr 9 ",1
"strheq r0, [r0], -sb ",1
"andeq r0, r0, r0, lsr r6 ",1
"andeq r8, r0, sb ",1
"andeq r0, r0, r8, lsl 6 ",1
"andeq r0, r0, ip, lsl 12 ",1
invalid ,1
"andeq r0, r0, r4, lsl r2 ",1
"ldrdeq r0, r1, [r0], -sp ",1
"andeq r3, r0, ip, lsr 5 ",1
"andeq r0, r0, r8, lsr r6 ",1
"andhs r0, r0, r0 ",1
"andlo r0, r0, r0 ",1
"andhs r0, r0, r0 ",1
"andeq r3, r0, ip, lsl r2 ",1
"ldrdeq r0, r1, [r0], -r4 ",1
"andeq r0, r0, r8, lsl 12 ",1
"andeq r0, r0, r4, lsl 4 ",1
"andeq r3, r0, r8, lsr 6 ",1
"andeq r0, r0, r8, lsr 12 ",1
"andeq r8, r0, r3 ",1
"andeq r0, r0, r8, lsl 4 ",1
"andeq r8, r0, r2 ",1
"ldrdeq r0, r1, [r0], -r8 ",1
"andeq r0, r0, lr, ror 11 ",1
"strdeq r0, r1, [r0], -r8 ",1
"andeq r0, r0, r2, asr 12 ",1
"andeq r0, r0, ip, ror 11 ",1
"andeq r3, r0, r6, lsr 4 ",1
"andeq r0, r0, ip, lsr 4 ",1
"andeq r3, r0, r8, ror 4 ",1
"andeq r0, r0, ip, lsr r6 ",1
"andeq r8, r0, r1 ",1
"andeq r0, r0, r4, ror 3 ",1
"andeq r3, r0, r8, asr 5 ",1
"strdeq r2, r3, [r0], -r8 ",1
bne 0x2f83c ,0
"mov r0, r0 ",0
"mov r0, r0 ",0
b 0x2f8b4 ,0
"mov r0, r0 ",0
"mov r0, r0 ",0
"mov r0, r0 ",0
"ldr r0, [sb, 0x5e8] ",0
"cmp r0, 0 ",0
"movlt r0, 1 ",0
"movge r0, 0 ",0
"mov r0, r0 ",0
"mov r0, r0 ",0
"cmp r0, 0 ",0
bne 0x2f8ac ,0
"mov r0, r0 ",0
"mov r0, r0 ",0
"mov r2, 0 ",0
"mov r1, r2 ",0
"ldr r2, [sb, 0x5e8] ",0
"mov r0, r2 ",0
"str sb, [sp, -4]! ",0
"str r8, [sp, -4]! ",0
"str lr, [sp, -4]! ",0
"ldr r8, [0x0002fb24] ",0
"ldr r8, [r8] ",0
"mov lr, pc ",0
"mov pc, r8 ",0
"mov r0, r0 ",0
pop {lr} ,0
pop {r8} ,0
pop {sb} ,0
"add sp, sp, 0 ",0
"mov r0, r0 ",0
"mov r0, r0 ",0
"mov r0, r0 ",0
"mov r0, r0 ",0
"ldr r1, [sb, 0x5e8] ",0
"cmp r1, 0 ",0
"movlt r1, 1 ",0
"movge r1, 0 ",0
"mov r0, r0 ",0
"mov r0, r0 ",0
"cmp r1, 0 ",0
bne 0x2f91c ,0
"mov r0, r0 ",0
"mov r0, r0 ",0
"ldr r1, [sb, 0x5e8] ",0
"mov r0, r1 ",0
"str sb, [sp, -4]! ",0
"str r8, [sp, -4]! ",0
"str lr, [sp, -4]! ",0
"ldr r8, [0x0002fb20] ",0
"ldr r8, [r8] ",0
"mov lr, pc ",0
"mov pc, r8 ",0
"mov r0, r0 ",0
pop {lr} ,0
pop {r8} ,0
pop {sb} ,0
"add sp, sp, 0 ",0
"mov r0, r0 ",0
"mov r0, r0 ",0
"mov r0, r0 ",0
"ldr r8, [0x0002fb1c] ",0
"mov r1, r8 ",0
"ldr r2, [0x0002fb18] ",0
"cmp r1, r2 ",0
"moveq r1, 1 ",0
"movne r1, 0 ",0
"ldr r8, [0x0002fb1c] ",0
"mov r2, r8 ",0
"ldr r3, [0x0002fb14] ",0
"cmp r2, r3 ",0
"moveq r2, 1 ",0
"movne r2, 0 ",0
"orr r1, r1, r2 ",0
"eor r1, r1, 1 ",0
"mov r0, r0 ",0
"mov r0, r0 ",0
"cmp r1, 0 ",0
bne 0x2f980 ,0
"mov r0, r0 ",0
"mov r0, r0 ",0
b 0x2f9f8 ,0
"mov r0, r0 ",0
"mov r0, r0 ",0
"mov r0, r0 ",0
"ldr r0, [sb, 0x5e4] ",0
"cmp r0, 0 ",0
"movlt r0, 1 ",0
"movge r0, 0 ",0
"mov r0, r0 ",0
"mov r0, r0 ",0
"cmp r0, 0 ",0
bne 0x2f9f0 ,0
"mov r0, r0 ",0
"mov r0, r0 ",0
"mov r2, 0 ",0
"mov r1, r2 ",0
"ldr r2, [sb, 0x5e4] ",0
"mov r0, r2 ",0
"str sb, [sp, -4]! ",0
"str r8, [sp, -4]! ",0
"str lr, [sp, -4]! ",0
"ldr r8, [0x0002fb24] ",0
"ldr r8, [r8] ",0
"mov lr, pc ",0
"mov pc, r8 ",0
"mov r0, r0 ",0
pop {lr} ,0
pop {r8} ,0
pop {sb} ,0
"add sp, sp, 0 ",0
"mov r0, r0 ",0
"mov r0, r0 ",0
"mov r0, r0 ",0
"mov r0, r0 ",0
"ldr r1, [sb, 0x5e4] ",0
"cmp r1, 0 ",0
"movlt r1, 1 ",0
"movge r1, 0 ",0
"mov r0, r0 ",0
"mov r0, r0 ",0
"cmp r1, 0 ",0
bne 0x2fa60 ,0
"mov r0, r0 ",0
"mov r0, r0 ",0
"ldr r1, [sb, 0x5e4] ",0
"mov r0, r1 ",0
"str sb, [sp, -4]! ",0
"str r8, [sp, -4]! ",0
"str lr, [sp, -4]! ",0
"ldr r8, [0x0002fb20] ",0
"ldr r8, [r8] ",0
"mov lr, pc ",0
"mov pc, r8 ",0
"mov r0, r0 ",0
pop {lr} ,0
pop {r8} ,0
pop {sb} ,0
"add sp, sp, 0 ",0
"mov r0, r0 ",0
"mov r0, r0 ",0
"mov r0, r0 ",0
"mov r1, 0 ",0
"mov r0, r0 ",0
"strb r1, [sb, 0x650] ",0
"mov r0, r0 ",0
"mov r1, 0 ",0
"mov r0, r0 ",0
"str r1, [sb, 0x654] ",0
"mov r0, r0 ",0
"ldrb r1, [sb] ",0
"mov r0, r0 ",0
"strb r1, [sb, 6] ",0
"mov r0, r0 ",0
"mov r1, 0 ",0
"strb r1, [sb, 0x614] ",0
"mov r0, r0 ",0
"str r0, [sp, -4]! ",0
"ldr r1, [0x0002fb10] ",0
"add r0, sb, r1 ",0
"str sb, [sp, -4]! ",0
"str r8, [sp, -4]! ",0
"str lr, [sp, -4]! ",0
"ldr r8, [0x0002fb0c] ",0
"ldr r8, [r8] ",0
"mov lr, pc ",0
"mov pc, r8 ",0
"mov r0, r0 ",0
pop {lr} ,0
pop {r8} ,0
pop {sb} ,0
pop {r0} ,0
"mov r0, r0 ",0
"mov r0, r0 ",0
"mov r0, r0 ",0
"mov r0, r0 ",0
"mov r0, r0 ",0
"ldr r1, [0x0002fb08] ",0
pop {r0} ,0
"str r0, [r1] ",0
"ldmdb fp, {fp, sp, pc} ",0
"strdeq r2, r3, [r0], -r8 ",1
"andeq r0, r0, r8, lsl 6 ",1
"andeq r0, r0, ip, lsl 12 ",1
"andhs r0, r0, r0 ",1
"andlo r0, r0, r0 ",1
"andhs r0, r0, r0 ",1
"ldrdeq r0, r1, [r0], -ip ",1
"andeq r0, r0, r0, lsr r2 ",1
"mov ip, sp ",0
"push {fp, ip, lr} ",0
"mov fp, ip ",0
"ldr r1, [0x0002fd68] ",0
"ldr r1, [r1] ",0
"str r1, [sp, -4]! ",0
"str r0, [sp, -4]! ",0
"mov r1, 0 ",0
"strb r1, [sb] ",0
"mov r1, 1 ",0
"strb r1, [sb, 1] ",0
"mov r1, 0x14 ",0
"strb r1, [sb, 2] ",0
"mov r1, 0x1e ",0
"strb r1, [sb, 3] ",0
"mov r1, 0x28 ",0
"strb r1, [sb, 4] ",0
"mov r1, 0xc8 ",0
"strb r1, [sb, 5] ",0
"mov r1, 0 ",0
"strb r1, [sb, 6] ",0
"mov r1, 0 ",0
"ldr r8, [0x0002fd68] ",0
"str r1, [r8] ",0
"mov r0, r0 ",0
"ldr r8, [0x0002fd68] ",0
"ldr r1, [r8] ",0
"ldr r2, [0x0002fd64] ",0
"cmp r1, r2 ",0
"movgt r1, 1 ",0
"movle r1, 0 ",0
"cmp r1, 0 ",0
bne 0x2fbdc ,0
"mov r0, r0 ",0
"mov r0, 0 ",0
"ldr r8, [0x0002fd68] ",0
"ldr r1, [r8] ",0
"mov r2, 7 ",0
"add r2, r2, r1 ",0
"strb r0, [sb, r2] ",0
"ldr r0, [r8] ",0
"add r0, r0, 1 ",0
"str r0, [r8] ",0
b 0x2fb88 ,0
"mov r0, r0 ",0
"mov r0, r0 ",0
"ldr r0, [0x0002fd60] ",0
"str r0, [sb, 0x5e4] ",0
"ldr r0, [0x0002fd60] ",0
"str r0, [sb, 0x5e8] ",0
"ldr r8, [0x0002fd5c] ",0
"ldrb r0, [r8] ",0
"str r0, [sp, -4]! ",0
"ldr r2, [0x0002fd58] ",0
"add r0, sb, r2 ",0
"mov r1, r0 ",0
"str sb, [sp, -4]! ",0
"str r8, [sp, -4]! ",0
"str lr, [sp, -4]! ",0
"ldr r8, [0x0002fd54] ",0
"ldr r8, [r8] ",0
"mov lr, pc ",0
"mov pc, r8 ",0
"mov r0, r0 ",0
pop {lr} ,0
pop {r8} ,0
pop {sb} ,0
pop {r0} ,0
"strb r0, [r8, -0x5e2] ",0
"mov r0, 0 ",0
"str r0, [sb, 0x5fc] ",0
"mov r0, 0 ",0
"str r0, [sb, 0x600] ",0
"mov r0, 0 ",0
"strb r0, [sb, 0x604] ",0
"mov r0, 0 ",0
"str r0, [sb, 0x608] ",0
"ldrb r0, [r8] ",0
"str r0, [sp, -4]! ",0
"ldr r2, [0x0002fd50] ",0
"add r0, sb, r2 ",0
"mov r1, r0 ",0
"str sb, [sp, -4]! ",0
"str r8, [sp, -4]! ",0
"str lr, [sp, -4]! ",0
"ldr r8, [0x0002fd4c] ",0
"ldr r8, [r8] ",0
"mov lr, pc ",0
"mov pc, r8 ",0
"mov r0, r0 ",0
pop {lr} ,0
pop {r8} ,0
pop {sb} ,0
pop {r0} ,0
"strb r0, [r8, -0x5e2] ",0
"mov r0, 0 ",0
"str r0, [sb, 0x624] ",0
"mov r0, 1 ",0
"str r0, [sb, 0x628] ",0
"mov r0, 0 ",0
"str r0, [sb, 0x62c] ",0
"mov r0, 0 ",0
"ldr r1, [0x0002fd48] ",0
"strh r0, [sb, r1] ",0
"mov r0, 0 ",0
"str r0, [sb, 0x634] ",0
"mov r0, 1 ",0
"str r0, [sb, 0x638] ",0
"mov r0, 0 ",0
"str r0, [sb, 0x63c] ",0
"mov r0, 0 ",0
"strb r0, [sb, 0x640] ",0
"mov r0, 0 ",0
"ldr r1, [0x0002fd44] ",0
"strh r0, [sb, r1] ",0
"ldr r0, [0x0002fd40] ",0
"str r0, [sb, 0x644] ",0
"mov r0, 0 ",0
"str r0, [sb, 0x648] ",0
"mov r0, 0 ",0
"str r0, [sb, 0x64c] ",0
"mov r0, 0 ",0
"strb r0, [sb, 0x650] ",0
"mov r0, 0 ",0
"str r0, [sb, 0x654] ",0
pop {r0} ,0
"cmp r0, 0 ",0
bne 0x2fd2c ,0
"mov r0, r0 ",0
"mov r0, r0 ",0
pop {r1} ,0
"ldr r0, [0x0002fd68] ",0
"str r1, [r0] ",0
"ldmdb fp, {fp, sp, pc} ",0
"andeq ip, r0, r0, asr r3 ",1
"andeq r0, r0, r2, asr 12 ",1
"andeq r0, r0, r0, lsr r6 ",1
"andeq r0, r0, ip, lsl 6 ",1
"andeq r0, r0, ip, lsl 12 ",1
"andeq r0, r0, r8, lsr r2 ",1
"andeq r0, r0, ip, ror 11 ",1
"muleq r0, sb, r0 ",1
invalid ,1
"ldrdeq r0, r1, [r0], -ip ",1
"andeq r6, r0, r8, ror sb ",1
"mov ip, sp ",0
"push {fp, ip, lr} ",0
"mov fp, ip ",0
"mov r0, r0 ",0
"ldr r8, [0x0002ffc8] ",0
"ldrsh r0, [r8] ",0
"ldr r1, [0x0002ffc4] ",0
"ldrsh r1, [r8, r1] ",0
"cmp r0, r1 ",0
"moveq r0, 1 ",0
"movne r0, 0 ",0
"mov r0, r0 ",0
"mov r0, r0 ",0
"cmp r0, 0 ",0
bne 0x2ff90 ,0
"mov r0, r0 ",0
"mov r0, r0 ",0
"ldr r8, [0x0002ffc8] ",0
"ldrsh r0, [r8] ",0
"mov r0, r0 ",0
"ldr r1, [0x0002ffc4] ",0
"strh r0, [r8, r1] ",0
"mov r0, r0 ",0
"ldr r0, [0x0002ffc4] ",0
"ldrsh r0, [r8, r0] ",0
"ldr r8, [0x0002ffc0] ",0
"ldrsh r1, [r8] ",0
"cmp r0, r1 ",0
"movne r0, 1 ",0
"moveq r0, 0 ",0
"mov r0, r0 ",0
"cmp r0, 0 ",0
bne 0x2ff00 ,0
"mov r0, r0 ",0
"mov r0, r0 ",0
"ldr r8, [0x0002ffbc] ",0
"mov r0, r8 ",0
"mov r0, r0 ",0
"str r0, [r8, 0x12c] ",0
"mov r0, r0 ",0
"ldr r3, [0x0002ffb8] ",0
"add r2, r8, r3 ",0
"mov r1, r2 ",0
"mov r2, 1 ",0
"mov r0, r2 ",0
"str sb, [sp, -4]! ",0
"str r8, [sp, -4]! ",0
"str lr, [sp, -4]! ",0
"ldr r8, [0x0002ffb4] ",0
"ldr r8, [r8] ",0
"mov lr, pc ",0
"mov pc, r8 ",0
"mov r0, r0 ",0
pop {lr} ,0
pop {r8} ,0
pop {sb} ,0
"add sp, sp, 0 ",0
"mov r0, r0 ",0
"str r0, [sp, -4]! ",0
"mov r0, r0 ",0
"mov r3, 1 ",0
"mov r2, r3 ",0
"mov r3, 0 ",0
"mov r1, r3 ",0
"mov r3, 1 ",0
"mov r0, r3 ",0
"str sb, [sp, -4]! ",0
"str r8, [sp, -4]! ",0
"str lr, [sp, -4]! ",0
"ldr r8, [0x0002ffb0] ",0
"ldr r8, [r8] ",0
"mov lr, pc ",0
"mov pc, r8 ",0
"mov r0, r0 ",0
pop {lr} ,0
pop {r8} ,0
pop {sb} ,0
"add sp, sp, 0 ",0
"mov r1, r0 ",0
pop {r0} ,0
"mov r0, r0 ",0
"str r0, [sp, -4]! ",0
"mov r0, r0 ",0
"mov r2, 1 ",0
"mov r0, r2 ",0
"str sb, [sp, -4]! ",0
"str r8, [sp, -4]! ",0
"str lr, [sp, -4]! ",0
"ldr r8, [0x0002ffac] ",0
"ldr r8, [r8] ",0
"mov lr, pc ",0
"mov pc, r8 ",0
"mov r0, r0 ",0
pop {lr} ,0
pop {r8} ,0
pop {sb} ,0
"add sp, sp, 0 ",0
"mov r1, r0 ",0
pop {r0} ,0
b 0x2ff8c ,0
"mov r0, r0 ",0
"mov r0, r0 ",0
"mov r0, r0 ",0
"ldr r8, [0x0002ffa8] ",0
"ldrsh r0, [r8] ",0
"ldr r8, [0x0002ffa4] ",0
"ldrsh r1, [r8] ",0
"cmp r0, r1 ",0
"movne r0, 1 ",0
"moveq r0, 0 ",0
"mov r0, r0 ",0
"cmp r0, 0 ",0
bne 0x2ff88 ,0
"mov r0, r0 ",0
"mov r0, r0 ",0
"mov r3, 0 ",0
"mov r2, r3 ",0
"mov r3, 1 ",0
"mov r1, r3 ",0
"mov r3, 1 ",0
"mov r0, r3 ",0
"str sb, [sp, -4]! ",0
"str r8, [sp, -4]! ",0
"str lr, [sp, -4]! ",0
"ldr r8, [0x0002ffb0] ",0
"ldr r8, [r8] ",0
"mov lr, pc ",0
"mov pc, r8 ",0
"mov r0, r0 ",0
pop {lr} ,0
pop {r8} ,0
pop {sb} ,0
"add sp, sp, 0 ",0
b 0x2ff8c ,0
"mov r0, r0 ",0
"mov r0, r0 ",0
"mov r0, r0 ",0
"mov r0, r0 ",0
"mov r0, r0 ",0
"mov r0, r0 ",0
"mov r0, r0 ",0
"ldmdb fp, {fp, sp, pc} ",0
"andeq r3, r0, sl, asr 32 ",1
"andeq r6, r0, r6, lsr r8 ",1
"andeq r0, r0, r0, ror r1 ",1
"andeq r0, r0, ip, ror 2 ",1
"andeq r0, r0, r8, ror 2 ",1
"andeq r0, r0, ip, lsr 2 ",1
"andeq r6, r0, r8, asr 16 ",1
"andeq r3, r0, r2, asr 32 ",1
invalid ,1
"andeq r6, r0, r8, asr 22 ",1
"mov ip, sp ",0
"push {fp, ip, lr} ",0
"mov fp, ip ",0
"ldr r1, [0x00030178] ",0
"ldr r1, [r1] ",0
"str r1, [sp, -4]! ",0
"str r0, [sp, -4]! ",0
"mov r1, 0 ",0
"strh r1, [sb] ",0
"mov r1, 0 ",0
"strb r1, [sb, 2] ",0
"mov r1, 0 ",0
"str r1, [sb, 4] ",0
"mov r1, 0 ",0
"ldr r8, [0x00030178] ",0
"str r1, [r8] ",0
"mov r0, r0 ",0
"ldr r8, [0x00030178] ",0
"ldr r1, [r8] ",0
"ldr r2, [0x00030174] ",0
"cmp r1, r2 ",0
"movgt r1, 1 ",0
"movle r1, 0 ",0
"cmp r1, 0 ",0
bne 0x30060 ,0
"mov r0, r0 ",0
"mov r0, 0 ",0
"ldr r8, [0x00030178] ",0
"ldr r1, [r8] ",0
"mov r2, 8 ",0
"add r2, r2, r1 ",0
"strb r0, [sb, r2] ",0
"ldr r0, [r8] ",0
"add r0, r0, 1 ",0
"str r0, [r8] ",0
b 0x3000c ,0
"mov r0, r0 ",0
"mov r0, r0 ",0
"mov r0, 0 ",0
"str r0, [sb, 0x5e8] ",0
"mov r0, 0 ",0
"ldr r8, [0x00030178] ",0
"str r0, [r8] ",0
"mov r0, r0 ",0
"ldr r8, [0x00030178] ",0
"ldr r0, [r8] ",0
"ldr r1, [0x00030174] ",0
"cmp r0, r1 ",0
"movgt r0, 1 ",0
"movle r0, 0 ",0
"cmp r0, 0 ",0
bne 0x300cc ,0
"mov r0, r0 ",0
"mov r0, 0 ",0
"ldr r8, [0x00030178] ",0
"ldr r1, [r8] ",0
"ldr r2, [0x00030170] ",0
"add r2, r2, r1 ",0
"strb r0, [sb, r2] ",0
"ldr r0, [r8] ",0
"add r0, r0, 1 ",0
"str r0, [r8] ",0
b 0x30078 ,0
"mov r0, r0 ",0
"mov r0, r0 ",0
"mov r0, 0 ",0
"str r0, [sb, 0xbcc] ",0
"mov r0, 0 ",0
"str r0, [sb, 0xbd0] ",0
"mov r1, lr ",0
bl 0x300ec ,0
"andeq r0, r0, r0 ",0
"mov r0, lr ",0
"mov lr, r1 ",0
"ldr r2, [0x0003016c] ",0
"add r1, sb, r2 ",0
"mov r3, 0 ",0
"mov r0, r0 ",0
"mov r2, 1 ",0
"cmp r3, r2 ",0
"movhs r2, 1 ",0
"movlo r2, 0 ",0
"cmp r2, 0 ",0
bne 0x30134 ,0
"mov r0, r0 ",0
"ldrb r2, [r0, r3] ",0
"strb r2, [r1, r3] ",0
"add r3, r3, 1 ",0
b 0x30100 ,0
"mov r0, r0 ",0
"mov r0, r0 ",0
"mov r0, 0 ",0
"ldr r1, [0x00030168] ",0
"strh r0, [sb, r1] ",0
pop {r0} ,0
"cmp r0, 0 ",0
bne 0x30154 ,0
"mov r0, r0 ",0
"mov r0, r0 ",0
pop {r1} ,0
"ldr r0, [0x00030178] ",0
"str r1, [r0] ",0
"ldmdb fp, {fp, sp, pc} ",0
"ldrdeq r0, r1, [r0], -r6 ",1
"ldrdeq r0, r1, [r0], -r4 ",1
"andeq r0, r0, ip, ror 11 ",1
"ldrdeq r0, r1, [r0], -ip ",1
"andeq r6, r0, r8, ror sb ",1
"mov ip, sp ",0
"push {fp, ip, lr} ",0
"mov fp, ip ",0
"ldr r1, [0x000303d8] ",0
"ldr r1, [r1] ",0
"str r1, [sp, -4]! ",0
"str r0, [sp, -4]! ",0
"mov r1, 0 ",0
"strh r1, [sb] ",0
"mov r1, 0 ",0
"strb r1, [sb, 2] ",0
"mov r1, 0 ",0
"strb r1, [sb, 3] ",0
"mov r1, 0 ",0
"strb r1, [sb, 4] ",0
"mov r2, lr ",0
bl 0x301c4 ,0
"andeq r0, r0, r0 ",0
"mov r1, lr ",0
"mov lr, r2 ",0
"add r2, sb, 5 ",0
"mov r4, 0 ",0
"mov r0, r0 ",0
"mov r3, 1 ",0
"cmp r4, r3 ",0
"movhs r3, 1 ",0
"movlo r3, 0 ",0
"cmp r3, 0 ",0
bne 0x30208 ,0
"mov r0, r0 ",0
"ldrb r3, [r1, r4] ",0
"strb r3, [r2, r4] ",0
"add r4, r4, 1 ",0
b 0x301d4 ,0
"mov r0, r0 ",0
"mov r0, r0 ",0
"mov r1, 0 ",0
"strh r1, [sb, 0x56] ",0
"mov r1, 0 ",0
"strb r1, [sb, 0x58] ",0
"mov r1, 0 ",0
"strb r1, [sb, 0x59] ",0
"mov r1, 0 ",0
"str r1, [sb, 0x5c] ",0
"mov r1, 0 ",0
"strh r1, [sb, 0x60] ",0
"mov r1, 0 ",0
"strb r1, [sb, 0x62] ",0
"mov r1, 0 ",0
"strb r1, [sb, 0x63] ",0
"mov r1, 0 ",0
"ldr r8, [0x000303d8] ",0
"str r1, [r8] ",0
"mov r0, r0 ",0
"ldr r8, [0x000303d8] ",0
"ldr r1, [r8] ",0
"cmp r1, 5 ",0
"movgt r1, 1 ",0
"movle r1, 0 ",0
"cmp r1, 0 ",0
bne 0x302f4 ,0
"mov r0, r0 ",0
"mov r1, lr ",0
bl 0x30280 ,0
"andeq r0, r0, r0 ",0
"mov r0, lr ",0
"mov lr, r1 ",0
"ldr r8, [0x000303d8] ",0
"ldr r1, [r8] ",0
"mov r2, 0x51 ",0
"mul r1, r1, r2 ",0
"add r1, sb, r1 ",0
"add r1, r1, 0x64 ",0
"mov r3, 0 ",0
"mov r0, r0 ",0
"mov r2, 1 ",0
"cmp r3, r2 ",0
"movhs r2, 1 ",0
"movlo r2, 0 ",0
"cmp r2, 0 ",0
bne 0x302d8 ,0
"mov r0, r0 ",0
"ldrb r2, [r0, r3] ",0
"strb r2, [r1, r3] ",0
"add r3, r3, 1 ",0
b 0x302a4 ,0
"mov r0, r0 ",0
"mov r0, r0 ",0
"ldr r8, [0x000303d8] ",0
"ldr r0, [r8] ",0
"add r0, r0, 1 ",0
"str r0, [r8] ",0
b 0x30250 ,0
"mov r0, r0 ",0
"mov r0, r0 ",0
"mov r0, 0 ",0
"ldr r8, [0x000303d8] ",0
"str r0, [r8] ",0
"mov r0, r0 ",0
"ldr r8, [0x000303d8] ",0
"ldr r0, [r8] ",0
"cmp r0, 5 ",0
"movgt r0, 1 ",0
"movle r0, 0 ",0
"cmp r0, 0 ",0
bne 0x303ac ,0
"mov r0, r0 ",0
"mov r1, lr ",0
bl 0x30334 ,0
"andeq r0, r0, r0 ",0
"mov r0, lr ",0
"mov lr, r1 ",0
"ldr r8, [0x000303d8] ",0
"ldr r1, [r8] ",0
"mov r2, 0x51 ",0
"mul r1, r1, r2 ",0
"add r1, sb, r1 ",0
"ldr r2, [0x000303d4] ",0
"add r1, r1, r2 ",0
"mov r3, 0 ",0
"mov r0, r0 ",0
"mov r2, 1 ",0
"cmp r3, r2 ",0
"movhs r2, 1 ",0
"movlo r2, 0 ",0
"cmp r2, 0 ",0
bne 0x30390 ,0
"mov r0, r0 ",0
"ldrb r2, [r0, r3] ",0
"strb r2, [r1, r3] ",0
"add r3, r3, 1 ",0
b 0x3035c ,0
"mov r0, r0 ",0
"mov r0, r0 ",0
"ldr r8, [0x000303d8] ",0
"ldr r0, [r8] ",0
"add r0, r0, 1 ",0
"str r0, [r8] ",0
b 0x30304 ,0
"mov r0, r0 ",0
"mov r0, r0 ",0
pop {r0} ,0
"cmp r0, 0 ",0
bne 0x303c0 ,0
"mov r0, r0 ",0
"mov r0, r0 ",0
pop {r1} ,0
"ldr r0, [0x000303d8] ",0
"str r1, [r0] ",0
"ldmdb fp, {fp, sp, pc} ",0
"andeq r0, r0, sl, asr 4 ",1
"andeq r6, r0, r8, ror sb ",1
"mov ip, sp ",0
"push {fp, ip, lr} ",0
"mov fp, ip ",0
"str r0, [sp, -4]! ",0
"mov r2, lr ",0
bl 0x303f8 ,0
"andeq r0, r0, r0 ",0
"mov r1, lr ",0
"mov lr, r2 ",0
"mov r2, sb ",0
"mov r4, 0 ",0
"mov r0, r0 ",0
"mov r3, 1 ",0
"cmp r4, r3 ",0
"movhs r3, 1 ",0
"movlo r3, 0 ",0
"cmp r3, 0 ",0
bne 0x3043c ,0
"mov r0, r0 ",0
"ldrb r3, [r1, r4] ",0
"strb r3, [r2, r4] ",0
"add r4, r4, 1 ",0
b 0x30408 ,0
"mov r0, r0 ",0
"mov r0, r0 ",0
"mov r2, lr ",0
bl 0x3044c ,0
"andeq r0, r0, r0 ",0
"mov r1, lr ",0
"mov lr, r2 ",0
"add r2, sb, 0x11 ",0
"mov r4, 0 ",0
"mov r0, r0 ",0
"mov r3, 1 ",0
"cmp r4, r3 ",0
"movhs r3, 1 ",0
"movlo r3, 0 ",0
"cmp r3, 0 ",0
bne 0x30490 ,0
"mov r0, r0 ",0
"ldrb r3, [r1, r4] ",0
"strb r3, [r2, r4] ",0
"add r4, r4, 1 ",0
b 0x3045c ,0
"mov r0, r0 ",0
"mov r0, r0 ",0
"mov r2, lr ",0
bl 0x304a0 ,0
"andeq r0, r0, r0 ",0
"mov r1, lr ",0
"mov lr, r2 ",0
"add r2, sb, 0x22 ",0
"mov r4, 0 ",0
"mov r0, r0 ",0
"mov r3, 1 ",0
"cmp r4, r3 ",0
"movhs r3, 1 ",0
"movlo r3, 0 ",0
"cmp r3, 0 ",0
bne 0x304e4 ,0
"mov r0, r0 ",0
"ldrb r3, [r1, r4] ",0
"strb r3, [r2, r4] ",0
"add r4, r4, 1 ",0
b 0x304b0 ,0
"mov r0, r0 ",0
"mov r0, r0 ",0
"mov r2, lr ",0
bl 0x304f4 ,0
"andeq r0, r0, r0 ",0
"mov r1, lr ",0
"mov lr, r2 ",0
"add r2, sb, 0x33 ",0
"mov r4, 0 ",0
"mov r0, r0 ",0
"mov r3, 1 ",0
"cmp r4, r3 ",0
"movhs r3, 1 ",0
"movlo r3, 0 ",0
"cmp r3, 0 ",0
bne 0x30538 ,0
"mov r0, r0 ",0
"ldrb r3, [r1, r4] ",0
"strb r3, [r2, r4] ",0
"add r4, r4, 1 ",0
b 0x30504 ,0
"mov r0, r0 ",0
"mov r0, r0 ",0
"mov r2, lr ",0
bl 0x30548 ,0
"andeq r0, r0, r0 ",0
"mov r1, lr ",0
"mov lr, r2 ",0
"add r2, sb, 0x44 ",0
"mov r4, 0 ",0
"mov r0, r0 ",0
"mov r3, 1 ",0
"cmp r4, r3 ",0
"movhs r3, 1 ",0
"movlo r3, 0 ",0
"cmp r3, 0 ",0
bne 0x3058c ,0
"mov r0, r0 ",0
"ldrb r3, [r1, r4] ",0
"strb r3, [r2, r4] ",0
"add r4, r4, 1 ",0
b 0x30558 ,0
"mov r0, r0 ",0
"mov r0, r0 ",0
"mov r2, lr ",0
bl 0x3059c ,0
"andeq r0, r0, r0 ",0
"mov r1, lr ",0
"mov lr, r2 ",0
"add r2, sb, 0x55 ",0
"mov r4, 0 ",0
"mov r0, r0 ",0
"mov r3, 1 ",0
"cmp r4, r3 ",0
"movhs r3, 1 ",0
"movlo r3, 0 ",0
"cmp r3, 0 ",0
bne 0x305e0 ,0
"mov r0, r0 ",0
"ldrb r3, [r1, r4] ",0
"strb r3, [r2, r4] ",0
"add r4, r4, 1 ",0
b 0x305ac ,0
"mov r0, r0 ",0
"mov r0, r0 ",0
"mov r2, lr ",0
bl 0x305f0 ,0
"andeq r0, r0, r0 ",0
"mov r1, lr ",0
"mov lr, r2 ",0
"add r2, sb, 0x5e ",0
"mov r4, 0 ",0
"mov r0, r0 ",0
"mov r3, 1 ",0
"cmp r4, r3 ",0
"movhs r3, 1 ",0
"movlo r3, 0 ",0
"cmp r3, 0 ",0
bne 0x30634 ,0
"mov r0, r0 ",0
"ldrb r3, [r1, r4] ",0
"strb r3, [r2, r4] ",0
"add r4, r4, 1 ",0
b 0x30600 ,0
"mov r0, r0 ",0
"mov r0, r0 ",0
"mov r2, lr ",0
bl 0x30644 ,0
"andeq r0, r0, r0 ",0
"mov r1, lr ",0
"mov lr, r2 ",0
"add r2, sb, 0x67 ",0
"mov r4, 0 ",0
"mov r0, r0 ",0
"mov r3, 1 ",0
"cmp r4, r3 ",0
"movhs r3, 1 ",0
"movlo r3, 0 ",0
"cmp r3, 0 ",0
bne 0x30688 ,0
"mov r0, r0 ",0
"ldrb r3, [r1, r4] ",0
"strb r3, [r2, r4] ",0
"add r4, r4, 1 ",0
b 0x30654 ,0
"mov r0, r0 ",0
"mov r0, r0 ",0
pop {r0} ,0
"cmp r0, 0 ",0
bne 0x3069c ,0
"mov r0, r0 ",0
"mov r0, r0 ",0
"ldmdb fp, {fp, sp, pc} ",0
"mov ip, sp ",0
"push {fp, ip, lr} ",0
"mov fp, ip ",0
"push {r0, r1, r2, r3, r4, r5, r6, r7, r8, sb, sl, fp, ip, lr} ",0
"ldr r2, [0x00031348] ",0
"ldr r1, [0x00031344] ",0
"str r1, [r2] ",0
"ldr r1, [0x00031340] ",0
"str r1, [r2, 4] ",0
"ldr r1, [0x0003133c] ",0
"str r1, [r2, 8] ",0
"ldr r1, [0x00031338] ",0
"str r1, [r2, 0xc] ",0
"ldr r1, [0x00031334] ",0
"str r1, [r2, 0x10] ",0
"mov r1, 5 ",0
"ldr r3, [0x00031330] ",0
"mov r0, r0 ",0
"cmp r1, r3 ",0
"movhs r4, 1 ",0
"movlo r4, 0 ",0
"cmp r4, 0 ",0
bne 0x30720 ,0
"mov r0, r0 ",0
"mov r4, 0 ",0
"mov r5, 4 ",0
"mul r5, r5, r1 ",0
"str r4, [r2, r5] ",0
"add r1, r1, 1 ",0
b 0x306e8 ,0
"mov r0, r0 ",0
"mov r0, r0 ",0
"mov r1, 5 ",0
"mov r2, 4 ",0
"mov r4, 0 ",0
"ldr r5, [0x00031348] ",0
"ldr r6, [0x00031330] ",0
"mov r0, r0 ",0
"mul r3, r2, r1 ",0
"str r4, [r5, r3] ",0
"add r1, r1, 1 ",0
"cmp r1, r6 ",0
"movlo r7, 1 ",0
"movhs r7, 0 ",0
"cmp r7, 0 ",0
bne 0x30738 ,0
"mov r0, r0 ",0
"mov r1, 0xfa ",0
"strh r1, [r0, 0x14] ",0
"mov r1, 2 ",0
"strh r1, [r0, 0x18] ",0
"mov r1, 3 ",0
"strh r1, [r0, 0x16] ",0
"mov r1, 1 ",0
"strh r1, [r0, 0x1a] ",0
"ldr r1, [0x0003132c] ",0
"strh r1, [r0, 0x1c] ",0
"mov r1, 6 ",0
"str r1, [r0, 0x34] ",0
"ldrb r1, [r0, 0x28] ",0
"cmp r1, 0 ",0
beq 0x30ff4 ,0
"mov r0, r0 ",0
"ldr r1, [r0, 0x20] ",0
"ldr r2, [r0, 0x24] ",0
"mov r3, 0 ",0
"ldr r4, [0x00031330] ",0
"mov r0, r0 ",0
"cmp r3, r4 ",0
"movhs r5, 1 ",0
"movlo r5, 0 ",0
"cmp r5, 0 ",0
bne 0x307ec ,0
"mov r0, r0 ",0
"mov r5, 4 ",0
"mul r6, r5, r3 ",0
"mov r5, 0 ",0
"str r5, [r1, r6] ",0
"str r5, [r2, r6] ",0
"add r3, r3, 1 ",0
b 0x307b0 ,0
"mov r0, r0 ",0
"mov r0, r0 ",0
"mov r4, 0 ",0
"str r4, [r1] ",0
"mov r4, 4 ",0
"ldr r5, [0x00031328] ",0
"str r5, [r2, r4] ",0
"mov r6, pc ",0
"ldr r5, [0x00031324] ",0
"add r5, r6, r5 ",0
"str r5, [r1, r4] ",0
"mov r4, 8 ",0
"mov r5, 0x28 ",0
"str r5, [r2, r4] ",0
"ldr r5, [0x00031320] ",0
"add r5, r6, r5 ",0
"str r5, [r1, r4] ",0
"mov r4, 0xc ",0
"mov r5, 0x18 ",0
"str r5, [r2, r4] ",0
"ldr r5, [0x0003131c] ",0
"add r5, r6, r5 ",0
"str r5, [r1, r4] ",0
"mov r4, 0x10 ",0
"mov r5, 0x4c ",0
"str r5, [r2, r4] ",0
"ldr r5, [0x00031318] ",0
"add r5, r6, r5 ",0
"str r5, [r1, r4] ",0
"mov r4, 0x18 ",0
"mov r5, 0x40 ",0
"str r5, [r2, r4] ",0
"ldr r5, [0x00031314] ",0
"add r5, r6, r5 ",0
"str r5, [r1, r4] ",0
"mov r4, 0x24 ",0
"ldr r5, [0x00031310] ",0
"str r5, [r2, r4] ",0
"ldr r5, [0x0003130c] ",0
"add r5, r6, r5 ",0
"str r5, [r1, r4] ",0
"mov r4, 0x28 ",0
"ldr r5, [0x00031308] ",0
"str r5, [r2, r4] ",0
"ldr r5, [0x00031304] ",0
"add r5, r6, r5 ",0
"str r5, [r1, r4] ",0
"mov r4, 0x2c ",0
"mov r5, 0xc4 ",0
"str r5, [r2, r4] ",0
"ldr r5, [0x00031300] ",0
"add r5, r6, r5 ",0
"str r5, [r1, r4] ",0
"mov r4, 0x30 ",0
"ldr r5, [0x000312fc] ",0
"str r5, [r2, r4] ",0
"ldr r5, [0x000312f8] ",0
"add r5, r6, r5 ",0
"str r5, [r1, r4] ",0
"mov r4, 0x34 ",0
"ldr r5, [0x000312f4] ",0
"str r5, [r2, r4] ",0
"ldr r5, [0x000312f0] ",0
"add r5, r6, r5 ",0
"str r5, [r1, r4] ",0
"mov r4, 0x38 ",0
"ldr r5, [0x000312ec] ",0
"str r5, [r2, r4] ",0
"ldr r5, [0x000312e8] ",0
"add r5, r6, r5 ",0
"str r5, [r1, r4] ",0
"mov r4, 0x40 ",0
"mov r5, 0xb0 ",0
"str r5, [r2, r4] ",0
"ldr r5, [0x000312e4] ",0
"add r5, r6, r5 ",0
"str r5, [r1, r4] ",0
"mov r4, 0x60 ",0
"ldr r5, [0x000312e0] ",0
"str r5, [r2, r4] ",0
"ldr r5, [0x000312dc] ",0
"add r5, r6, r5 ",0
"str r5, [r1, r4] ",0
"mov r4, 0x64 ",0
"ldr r5, [0x000312d8] ",0
"str r5, [r2, r4] ",0
"ldr r5, [0x000312d4] ",0
"add r5, r6, r5 ",0
"str r5, [r1, r4] ",0
"mov r4, 0x80 ",0
"ldr r5, [0x000312d0] ",0
"str r5, [r2, r4] ",0
"ldr r5, [0x000312cc] ",0
"add r5, r6, r5 ",0
"str r5, [r1, r4] ",0
"mov r4, 0x84 ",0
"ldr r5, [0x000312c8] ",0
"str r5, [r2, r4] ",0
"ldr r5, [0x000312c4] ",0
"add r5, r6, r5 ",0
"str r5, [r1, r4] ",0
"mov r4, 0x88 ",0
"ldr r5, [0x000312c0] ",0
"str r5, [r2, r4] ",0
"ldr r5, [0x000312bc] ",0
"add r5, r6, r5 ",0
"str r5, [r1, r4] ",0
"mov r4, 0x8c ",0
"ldr r5, [0x000312b8] ",0
"str r5, [r2, r4] ",0
"ldr r5, [0x000312b4] ",0
"add r5, r6, r5 ",0
"str r5, [r1, r4] ",0
"mov r4, 0xa4 ",0
"ldr r5, [0x000312b0] ",0
"str r5, [r2, r4] ",0
"ldr r5, [0x000312ac] ",0
"add r5, r6, r5 ",0
"str r5, [r1, r4] ",0
"mov r4, 0xac ",0
"ldr r5, [0x000312a8] ",0
"str r5, [r2, r4] ",0
"ldr r5, [0x000312a4] ",0
"add r5, r6, r5 ",0
"str r5, [r1, r4] ",0
"mov r4, 0xb0 ",0
"ldr r5, [0x000312a0] ",0
"str r5, [r2, r4] ",0
"ldr r5, [0x0003129c] ",0
"add r5, r6, r5 ",0
"str r5, [r1, r4] ",0
"ldr r4, [0x00031298] ",0
"mov r5, 0xf8 ",0
"str r5, [r2, r4] ",0
"ldr r5, [0x00031294] ",0
"add r5, r6, r5 ",0
"str r5, [r1, r4] ",0
"ldr r4, [0x00031290] ",0
"ldr r5, [0x0003128c] ",0
"str r5, [r2, r4] ",0
"ldr r5, [0x00031288] ",0
"add r5, r6, r5 ",0
"str r5, [r1, r4] ",0
"ldr r4, [0x00031284] ",0
"mov r5, 0x60 ",0
"str r5, [r2, r4] ",0
"ldr r5, [0x00031280] ",0
"add r5, r6, r5 ",0
"str r5, [r1, r4] ",0
"ldr r4, [0x0003127c] ",0
"mov r5, 0xf4 ",0
"str r5, [r2, r4] ",0
"ldr r5, [0x00031278] ",0
"add r5, r6, r5 ",0
"str r5, [r1, r4] ",0
"ldr r4, [0x00031274] ",0
"mov r5, 0xc8 ",0
"str r5, [r2, r4] ",0
"ldr r5, [0x00031270] ",0
"add r5, r6, r5 ",0
"str r5, [r1, r4] ",0
"ldr r4, [0x0003126c] ",0
"ldr r5, [0x00031268] ",0
"str r5, [r2, r4] ",0
"ldr r5, [0x00031264] ",0
"add r5, r6, r5 ",0
"str r5, [r1, r4] ",0
"ldr r4, [0x00031260] ",0
"mov r5, 0x60 ",0
"str r5, [r2, r4] ",0
"ldr r5, [0x0003125c] ",0
"add r5, r6, r5 ",0
"str r5, [r1, r4] ",0
"ldr r4, [0x00031258] ",0
"mov r5, 0x90 ",0
"str r5, [r2, r4] ",0
"ldr r5, [0x00031254] ",0
"add r5, r6, r5 ",0
"str r5, [r1, r4] ",0
"ldr r4, [0x00031250] ",0
"mov r5, 0x98 ",0
"str r5, [r2, r4] ",0
"ldr r5, [0x0003124c] ",0
"add r5, r6, r5 ",0
"str r5, [r1, r4] ",0
"ldr r4, [0x00031248] ",0
"ldr r5, [0x00031244] ",0
"str r5, [r2, r4] ",0
"ldr r5, [0x00031240] ",0
"add r5, r6, r5 ",0
"str r5, [r1, r4] ",0
"ldr r4, [0x0003123c] ",0
"ldr r5, [0x00031238] ",0
"str r5, [r2, r4] ",0
"ldr r5, [0x00031234] ",0
"add r5, r6, r5 ",0
"str r5, [r1, r4] ",0
"ldr r4, [0x00031230] ",0
"mov r5, 0xa0 ",0
"str r5, [r2, r4] ",0
"ldr r5, [0x0003122c] ",0
"add r5, r6, r5 ",0
"str r5, [r1, r4] ",0
"ldr r4, [0x00031228] ",0
"ldr r5, [0x00031224] ",0
"str r5, [r2, r4] ",0
"ldr r5, [0x00031220] ",0
"add r5, r6, r5 ",0
"str r5, [r1, r4] ",0
"ldr r4, [0x0003121c] ",0
"mov r5, 0x68 ",0
"str r5, [r2, r4] ",0
"ldr r5, [0x00031218] ",0
"add r5, r6, r5 ",0
"str r5, [r1, r4] ",0
"ldr r4, [0x00031214] ",0
"ldr r5, [0x00031284] ",0
"str r5, [r2, r4] ",0
"ldr r5, [0x00031210] ",0
"add r5, r6, r5 ",0
"str r5, [r1, r4] ",0
"ldr r4, [0x0003120c] ",0
"ldr r5, [0x00031208] ",0
"str r5, [r2, r4] ",0
"ldr r5, [0x00031204] ",0
"add r5, r6, r5 ",0
"str r5, [r1, r4] ",0
"ldr r4, [0x00031310] ",0
"ldr r5, [0x00031200] ",0
"str r5, [r2, r4] ",0
"ldr r5, [0x000311fc] ",0
"add r5, r6, r5 ",0
"str r5, [r1, r4] ",0
"ldr r4, [0x000311f8] ",0
"ldr r5, [0x000311f4] ",0
"str r5, [r2, r4] ",0
"ldr r5, [0x000311f0] ",0
"add r5, r6, r5 ",0
"str r5, [r1, r4] ",0
"ldr r4, [0x000311ec] ",0
"ldr r5, [0x000311e8] ",0
"str r5, [r2, r4] ",0
"ldr r5, [0x000311e4] ",0
"add r5, r6, r5 ",0
"str r5, [r1, r4] ",0
"ldr r4, [0x000311e0] ",0
"ldr r5, [0x000311dc] ",0
"str r5, [r2, r4] ",0
"ldr r5, [0x000311d8] ",0
"add r5, r6, r5 ",0
"str r5, [r1, r4] ",0
"ldr r4, [0x000311d4] ",0
"ldr r5, [0x000311d0] ",0
"str r5, [r2, r4] ",0
"ldr r5, [0x000311cc] ",0
"add r5, r6, r5 ",0
"str r5, [r1, r4] ",0
"ldr r4, [0x000311c8] ",0
"ldr r5, [0x000311c4] ",0
"str r5, [r2, r4] ",0
"ldr r5, [0x000311c0] ",0
"add r5, r6, r5 ",0
"str r5, [r1, r4] ",0
"ldr r4, [0x000311bc] ",0
"ldr r5, [0x000311b8] ",0
"str r5, [r2, r4] ",0
"ldr r5, [0x000311b4] ",0
"add r5, r6, r5 ",0
"str r5, [r1, r4] ",0
"ldr r4, [0x000311b0] ",0
"mov r5, 0xd0 ",0
"str r5, [r2, r4] ",0
"ldr r5, [0x000311ac] ",0
"add r5, r6, r5 ",0
"str r5, [r1, r4] ",0
"ldr r4, [0x000311a8] ",0
"ldr r5, [0x000311a4] ",0
"str r5, [r2, r4] ",0
"ldr r5, [0x000311a0] ",0
"add r5, r6, r5 ",0
"str r5, [r1, r4] ",0
"ldr r4, [0x0003119c] ",0
"ldr r5, [0x000312a0] ",0
"str r5, [r2, r4] ",0
"ldr r5, [0x00031198] ",0
"add r5, r6, r5 ",0
"str r5, [r1, r4] ",0
"ldr r4, [0x00031194] ",0
"ldr r5, [0x00031190] ",0
"str r5, [r2, r4] ",0
"ldr r5, [0x0003118c] ",0
"add r5, r6, r5 ",0
"str r5, [r1, r4] ",0
"ldr r4, [0x00031188] ",0
"ldr r5, [0x00031184] ",0
"str r5, [r2, r4] ",0
"ldr r5, [0x00031180] ",0
"add r5, r6, r5 ",0
"str r5, [r1, r4] ",0
"ldr r4, [0x0003117c] ",0
"ldr r5, [0x00031178] ",0
"str r5, [r2, r4] ",0
"ldr r5, [0x00031174] ",0
"add r5, r6, r5 ",0
"str r5, [r1, r4] ",0
"ldr r4, [0x00031170] ",0
"ldr r5, [0x0003116c] ",0
"str r5, [r2, r4] ",0
"ldr r5, [0x00031168] ",0
"add r5, r6, r5 ",0
"str r5, [r1, r4] ",0
"ldr r4, [0x00031164] ",0
"ldr r5, [0x00031160] ",0
"str r5, [r2, r4] ",0
"ldr r5, [0x0003115c] ",0
"add r5, r6, r5 ",0
"str r5, [r1, r4] ",0
"ldr r4, [0x00031158] ",0
"mov r5, 0xd0 ",0
"str r5, [r2, r4] ",0
"ldr r5, [0x00031154] ",0
"add r5, r6, r5 ",0
"str r5, [r1, r4] ",0
"ldr r4, [0x00031150] ",0
"ldr r5, [0x0003114c] ",0
"str r5, [r2, r4] ",0
"ldr r5, [0x00031148] ",0
"add r5, r6, r5 ",0
"str r5, [r1, r4] ",0
"ldr r4, [0x00031144] ",0
"ldr r5, [0x00031140] ",0
"str r5, [r2, r4] ",0
"ldr r5, [0x0003113c] ",0
"add r5, r6, r5 ",0
"str r5, [r1, r4] ",0
"ldr r4, [0x00031138] ",0
"ldr r5, [0x00031134] ",0
"str r5, [r2, r4] ",0
"ldr r5, [0x00031130] ",0
"add r5, r6, r5 ",0
"str r5, [r1, r4] ",0
"ldr r4, [0x0003112c] ",0
"ldr r5, [0x00031128] ",0
"str r5, [r2, r4] ",0
"ldr r5, [0x00031124] ",0
"add r5, r6, r5 ",0
"str r5, [r1, r4] ",0
"ldr r4, [0x00031120] ",0
"ldr r5, [0x0003111c] ",0
"str r5, [r2, r4] ",0
"ldr r5, [0x00031118] ",0
"add r5, r6, r5 ",0
"str r5, [r1, r4] ",0
"ldr r4, [0x00031114] ",0
"ldr r5, [0x00031110] ",0
"str r5, [r2, r4] ",0
"ldr r5, [0x0003110c] ",0
"add r5, r6, r5 ",0
"str r5, [r1, r4] ",0
"ldr r4, [0x00031108] ",0
"ldr r5, [0x00031104] ",0
"str r5, [r2, r4] ",0
"ldr r5, [0x00031100] ",0
"add r5, r6, r5 ",0
"str r5, [r1, r4] ",0
"ldr r4, [0x000310fc] ",0
"mov r5, 0xf4 ",0
"str r5, [r2, r4] ",0
"ldr r5, [0x000310f8] ",0
"add r5, r6, r5 ",0
"str r5, [r1, r4] ",0
"ldr r4, [0x000310f4] ",0
"mov r5, 0xf4 ",0
"str r5, [r2, r4] ",0
"ldr r5, [0x000310f0] ",0
"add r5, r6, r5 ",0
"str r5, [r1, r4] ",0
"ldr r4, [0x000310ec] ",0
"ldr r5, [0x000310e8] ",0
"str r5, [r2, r4] ",0
"ldr r5, [0x000310e4] ",0
"add r5, r6, r5 ",0
"str r5, [r1, r4] ",0
"ldr r4, [0x000310e0] ",0
"mov r5, 0xc0 ",0
"str r5, [r2, r4] ",0
"ldr r5, [0x000310dc] ",0
"add r5, r6, r5 ",0
"str r5, [r1, r4] ",0
"ldr r4, [0x000310d8] ",0
"mov r5, 0x90 ",0
"str r5, [r2, r4] ",0
"ldr r5, [0x000310d4] ",0
"add r5, r6, r5 ",0
"str r5, [r1, r4] ",0
"ldr r4, [0x000310d0] ",0
"mov r5, 0x68 ",0
"str r5, [r2, r4] ",0
"ldr r5, [0x000310cc] ",0
"add r5, r6, r5 ",0
"str r5, [r1, r4] ",0
"ldr r4, [0x000310c8] ",0
"ldr r5, [0x000310c4] ",0
"str r5, [r2, r4] ",0
"ldr r5, [0x000310c0] ",0
"add r5, r6, r5 ",0
"str r5, [r1, r4] ",0
"ldr r4, [0x000310bc] ",0
"ldr r5, [0x000310b8] ",0
"str r5, [r2, r4] ",0
"ldr r5, [0x000310b4] ",0
"add r5, r6, r5 ",0
"str r5, [r1, r4] ",0
"ldr r4, [0x000310b0] ",0
"ldr r5, [0x000310ac] ",0
"str r5, [r2, r4] ",0
"ldr r5, [0x000310a8] ",0
"add r5, r6, r5 ",0
"str r5, [r1, r4] ",0
"ldr r4, [0x000310a4] ",0
"ldr r5, [0x000310a0] ",0
"str r5, [r2, r4] ",0
"ldr r5, [0x0003109c] ",0
"add r5, r6, r5 ",0
"str r5, [r1, r4] ",0
"ldr r4, [0x000312d8] ",0
"ldr r5, [0x00031098] ",0
"str r5, [r2, r4] ",0
"ldr r5, [0x00031094] ",0
"add r5, r6, r5 ",0
"str r5, [r1, r4] ",0
"ldr r4, [0x00031090] ",0
"ldr r5, [0x0003108c] ",0
"str r5, [r2, r4] ",0
"ldr r5, [0x00031088] ",0
"add r5, r6, r5 ",0
"str r5, [r1, r4] ",0
"ldr r4, [0x00031084] ",0
"mov r5, 0xe4 ",0
"str r5, [r2, r4] ",0
"ldr r5, [0x00031080] ",0
"add r5, r6, r5 ",0
"str r5, [r1, r4] ",0
"ldr r4, [0x0003107c] ",0
"ldr r5, [0x00031078] ",0
"str r5, [r2, r4] ",0
"ldr r5, [0x00031074] ",0
"add r5, r6, r5 ",0
"str r5, [r1, r4] ",0
"ldr r4, [0x00031070] ",0
"ldr r5, [0x00031144] ",0
"str r5, [r2, r4] ",0
"ldr r5, [0x0003106c] ",0
"add r5, r6, r5 ",0
"str r5, [r1, r4] ",0
"ldr r4, [0x00031068] ",0
"ldr r5, [0x00031064] ",0
"str r5, [r2, r4] ",0
"ldr r5, [0x00031060] ",0
"add r5, r6, r5 ",0
"str r5, [r1, r4] ",0
"ldr r4, [0x0003105c] ",0
"ldr r5, [0x00031058] ",0
"str r5, [r2, r4] ",0
"ldr r5, [0x00031054] ",0
"add r5, r6, r5 ",0
"str r5, [r1, r4] ",0
"ldr r4, [0x00031050] ",0
"ldr r5, [0x0003104c] ",0
"str r5, [r2, r4] ",0
"ldr r5, [0x00031048] ",0
"add r5, r6, r5 ",0
"str r5, [r1, r4] ",0
"ldr r4, [0x00031044] ",0
"ldr r5, [0x00031040] ",0
"str r5, [r2, r4] ",0
"ldr r5, [0x0003103c] ",0
"add r5, r6, r5 ",0
"str r5, [r1, r4] ",0
"ldr r4, [0x00031038] ",0
"ldr r5, [0x00031034] ",0
"str r5, [r2, r4] ",0
"ldr r5, [0x00031030] ",0
"add r5, r6, r5 ",0
"str r5, [r1, r4] ",0
"ldr r4, [0x0003102c] ",0
"ldr r5, [0x00031028] ",0
"str r5, [r2, r4] ",0
"ldr r5, [0x00031024] ",0
"add r5, r6, r5 ",0
"str r5, [r1, r4] ",0
"ldr r4, [0x00031020] ",0
"ldr r5, [0x0003101c] ",0
"str r5, [r2, r4] ",0
"ldr r5, [0x00031018] ",0
"add r5, r6, r5 ",0
"str r5, [r1, r4] ",0
"ldr r4, [0x00031014] ",0
"ldr r5, [0x00031010] ",0
"str r5, [r2, r4] ",0
"ldr r5, [0x0003100c] ",0
"add r5, r6, r5 ",0
"str r5, [r1, r4] ",0
"ldr r4, [0x00031008] ",0
"ldr r5, [0x0003101c] ",0
"str r5, [r2, r4] ",0
"ldr r5, [0x00031004] ",0
"add r5, r6, r5 ",0
"str r5, [r1, r4] ",0
"ldr r4, [0x000311a4] ",0
"ldr r5, [0x000312fc] ",0
"str r5, [r2, r4] ",0
"ldr r5, [0x00031000] ",0
"add r5, r6, r5 ",0
"str r5, [r1, r4] ",0
"mov r0, r0 ",0
"pop {r0, r1, r2, r3, r4, r5, r6, r7, r8, sb, sl, fp, ip, lr} ",0
"ldmdb fp, {fp, sp, pc} ",0
invalid ,1
invalid ,1
"andeq r0, r0, ip, lsr 8 ",1
invalid ,1
"strheq r0, [r0], -r0 ",1
"andeq r0, r0, r8, lsr 8 ",1
invalid ,1
"andeq r0, r0, r0, ror 4 ",1
"andeq r0, r0, r4, lsr 8 ",1
invalid ,1
"andeq r0, r0, r4, asr 4 ",1
"andeq r0, r0, r0, lsr 8 ",1
invalid ,1
"andeq r1, r0, r8, lsl 6 ",1
"andeq r0, r0, ip, lsl r4 ",1
invalid ,1
"andeq r0, r0, r8, lsr r2 ",1
"andeq r0, r0, r8, lsl r4 ",1
invalid ,1
"andeq r1, r0, r8, lsl 3 ",1
"andeq r0, r0, r4, lsl r4 ",1
invalid ,1
"andeq r0, r0, r8, lsl 10 ",1
"andeq r0, r0, r0, lsl r4 ",1
invalid ,1
"strheq r0, [r0], -r4 ",1
"andeq r0, r0, ip, lsl 8 ",1
invalid ,1
"andeq r0, r0, r8, lsl 8 ",1
invalid ,1
"andeq r0, r0, r0, lsl r2 ",1
"andeq r0, r0, r4, lsl 8 ",1
invalid ,1
"andeq r0, r0, r0, lsl 8 ",1
invalid ,1
"andeq r0, r0, r8, asr r6 ",1
"strdeq r0, r1, [r0], -ip ",1
invalid ,1
"muleq r0, r0, r2 ",1
invalid ,1
"andeq r1, r0, r4, lsl r1 ",1
"andeq r0, r0, ip, ror 7 ",1
invalid ,1
"andeq r0, r0, ip, lsl 11 ",1
"andeq r0, r0, r8, ror 7 ",1
invalid ,1
"strheq r0, [r0], -ip ",1
"andeq r0, r0, r4, ror 7 ",1
invalid ,1
"andeq r0, r0, r0, lsr 25 ",1
"andeq r0, r0, r0, ror 7 ",1
invalid ,1
"ldrdeq r0, r1, [r0], -r8 ",1
invalid ,1
"ldrdeq r0, r1, [r0], -r4 ",1
invalid ,1
"ldrdeq r0, r1, [r0], -r0 ",1
invalid ,1
"andeq r0, r0, r0, lsl 18 ",1
"andeq r0, r0, ip, asr 7 ",1
invalid ,1
"andeq r0, r0, r8, asr 7 ",1
invalid ,1
"andeq r0, r0, r4, asr 7 ",1
invalid ,1
"ldrdeq r0, r1, [r0], -r4 ",1
"andeq r0, r0, r0, asr 7 ",1
invalid ,1
"muleq r0, r0, r1 ",1
"strheq r0, [r0], -ip ",1
invalid ,1
"andeq r0, r0, r0, ror 15 ",1
"strheq r0, [r0], -r8 ",1
invalid ,1
"andeq r0, r0, r4, ror 5 ",1
"strheq r0, [r0], -r4 ",1
invalid ,1
"andeq r0, r0, r4, lsl pc ",1
"strheq r0, [r0], -r0 ",1
invalid ,1
"andeq r0, r0, r4, asr 13 ",1
"andeq r0, r0, ip, lsr 7 ",1
invalid ,1
"strheq r0, [r0], -r4 ",1
"andeq r0, r0, r8, lsr 7 ",1
invalid ,1
"andeq r0, r0, r4, lsr 7 ",1
invalid ,1
"ldrdeq r0, r1, [r0], -r0 ",1
"andeq r0, r0, r0, lsr 7 ",1
invalid ,1
"andeq r0, r0, r4, ror sl ",1
"muleq r0, ip, r3 ",1
invalid ,1
"andeq r0, r0, r0, asr 16 ",1
"muleq r0, r8, r3 ",1
invalid ,1
"andeq r0, r0, r8, lsl r1 ",1
"muleq r0, r4, r3 ",1
invalid ,1
"andeq r0, r0, r8, lsr 2 ",1
"muleq r0, r0, r3 ",1
invalid ,1
"andeq r0, r0, ip, lsl 7 ",1
invalid ,1
"andeq r0, r0, r0, lsr r4 ",1
"andeq r0, r0, r8, lsl 7 ",1
invalid ,1
"andeq r0, r0, r0, lsl 7 ",1
invalid ,1
"andeq r1, r0, ip, ror 25 ",1
"andeq r0, r0, r8, ror r3 ",1
invalid ,1
"andeq r0, r0, r4, lsr r6 ",1
"andeq r0, r0, r4, ror r3 ",1
invalid ,1
"muleq r0, ip, r1 ",1
"andeq r0, r0, r0, ror r3 ",1
invalid ,1
"andeq r0, r0, ip, asr r7 ",1
"andeq r0, r0, ip, ror 6 ",1
invalid ,1
"muleq r0, r4, sb ",1
"andeq r0, r0, r8, ror 6 ",1
invalid ,1
"andeq r1, r0, r0, lsr r6 ",1
"andeq r0, r0, r4, ror 6 ",1
invalid ,1
"andeq r0, r0, ip, lsl 9 ",1
invalid ,1
"andeq r0, r0, r4, lsr 4 ",1
"andeq r0, r0, ip, asr r3 ",1
invalid ,1
"andeq r0, r0, r8, asr r3 ",1
invalid ,1
"andeq r0, r0, r4, asr r3 ",1
invalid ,1
"andeq r0, r0, r0, lsl 4 ",1
"andeq r0, r0, r0, asr r3 ",1
invalid ,1
"andeq r0, r0, r4, asr 6 ",1
invalid ,1
"andeq r1, r0, r0, lsl 28 ",1
"andeq r0, r0, r0, asr 6 ",1
invalid ,1
"andeq r0, r0, r0, lsl r1 ",1
"andeq r0, r0, ip, lsr r3 ",1
invalid ,1
"andeq r0, r0, r8, lsr r3 ",1
invalid ,1
"andeq r0, r0, r4, lsr r3 ",1
invalid ,1
"andeq r0, r0, r0, lsr r3 ",1
invalid ,1
"muleq r0, r4, r1 ",1
"andeq r0, r0, ip, lsr 6 ",1
invalid ,1
"andeq r0, r0, r8, lsr 6 ",1
invalid ,1
"andeq r0, r0, r4, lsr 6 ",1
invalid ,1
"andeq r0, r0, r0, lsr 6 ",1
invalid ,1
"andeq r0, r0, r8, ror r2 ",1
"andeq r0, r0, ip, lsl r3 ",1
invalid ,1
"andeq r0, r0, r8, lsl r3 ",1
invalid ,1
"andeq r0, r0, r0, lsl 3 ",1
invalid ,1
"andeq r0, r0, ip, asr 2 ",1
invalid ,1
"andeq r0, r0, ip, lsl 2 ",1
invalid ,1
"andeq r0, r0, ip, asr 4 ",1
invalid ,1
"andeq r1, r0, r4, asr 29 ",1
invalid ,1
"andeq r3, r0, r0, ror 18 ",1
invalid ,1
"andeq sp, r0, ip, asr r0 ",1
invalid ,1
"strdeq r0, r1, [r0], -r4 ",1
invalid ,1
"andeq r3, r0, ip ",1
invalid ,1
invalid ,1
"andeq r0, r0, r4, asr 3 ",1
invalid ,1
"andeq r0, r0, r4, ror 4 ",1
invalid ,1
"andeq r0, r0, r8, asr 5 ",1
invalid ,1
invalid ,1
"ldrdeq r0, r1, [r0], -r0 ",1
invalid ,1
"andeq r0, r0, r0, ror 6 ",1
invalid ,1
invalid ,1
invalid ,1
invalid ,1
invalid ,1
"strdeq r3, r4, [r0], -r8 ",1
"andeq r0, r0, r2, lsr r1 ",1
"strdeq r0, r1, [r0], -pc ",1
"strdeq r2, r3, [r0], -ip ",1
"andhs r4, r0, r0 ",1
"stmhs r7, {fp, ip, lr, pc} ^ ",1
"stmhs r7, {sl, fp, sp, lr, pc} ^ ",1
"andhs r0, r0, r0 ",1
"andeq r2, r0, r0 ",1
"addseq r0, sp, r0 ",1
svceq 0xdc0fd8 ,1
svceq 0xe40fe0 ,1
svceq 0xec0fe8 ,1
svceq 0xf80ff0 ,1
"strdne r0, r1, [r4], -ip ",1
"andsne r1, r0, r8 ",1
"andsne r1, r8, r4, lsl r0 ",1
"eorne r1, r0, ip, lsl r0 ",1
"eorne r1, ip, r4, lsr 32 ",1
"eorsne r1, r4, r0, lsr r0 ",1
"eorsne r1, ip, r8, lsr r0 ",1
"andshs r1, r4, r0, asr 32 ",1
"eorhs r2, ip, r8, lsl r0 ",1
"eorshs r2, r8, r0, lsr r0 ",1
svchs 0x4203c ,1
svchs 0xc2f08 ,1
svchs 0x2c2f10 ,1
svchs 0x402f30 ,1
svchs 0x482f44 ,1
svchs 0x502f4c ,1
svchs 0x5c2f54 ,1
svchs 0x682f64 ,1
svchs 0x702f6c ,1
svchs 0x782f74 ,1
svchs 0x802f7c ,1
svchs 0x8c2f88 ,1
svchs 0x942f90 ,1
svchs 0x9c2f98 ,1
svchs 0xa42fa0 ,1
svchs 0xac2fa8 ,1
svchs 0xb42fb0 ,1
invalid ,1
"strtlo r3, [r4], r0, lsr 13 ",1
"strtlo r3, [ip], r8, lsr 13 ",1
invalid ,1
invalid ,1
"strblo r3, [r4], r0, asr 13 ",1
"ldrblo r3, [r0], r8, asr 13 ",1
invalid ,1
"usatlo r3, 0, ip, asr 0xd ",1
"strbtlo r3, [r8], r4, ror 13 ",1
invalid ,1
"strlo r3, [r8, -r4, lsl 14] ",1
"strlo r3, [r8, -r4, lsr 14]! ",1
"ldrblo r3, [r4, -ip, lsr 14] ",1
invalid ,1
bllo 0x123f3f0 ,1
bllo 0x1440144 ,1
bllo 0x1640168 ,1
"stclo p13, c3, [r4, -0x80]! ",1
"stcllo p13, c3, [r8, 0xa0]! ",1
"rsbsmi r3, r0, ip, ror 27 ",1
"rsbsmi r4, r8, r4, ror r0 ",1
"addmi r4, r0, ip, ror r0 ",1
"addmi r4, r8, r4, lsl 1 ",1
"addsmi r4, r0, ip, lsl 1 ",1
"umullsmi r4, r8, r4, r0 ",1
"movwmi r4, 0x40b4 ",1
"tstmi r8, 20, 6 ",1
"ldrbmi r4, [ip], 0x4d4 ",1
"ldrbpl r4, [ip, 0x58c]! ",1
"qadd16pl r5, ip, r4 ",1
"strbtpl r5, [ip], -r4, asr 12 ",1
"ldrbvs r5, [r0], -r4, lsl 13 ",1
"ldrvc r6, [r8, 0x678] ",1
"stmibvc r0, {r3, r4, r5, r6, r8, fp, ip, sp, lr} ",1
"stmibvc ip, {r3, r7, r8, fp, ip, sp, lr} ",1
"stmdbhi r0!, {r2, r3, r4, r6, r8, fp, pc} ^ ",1
"ldmdbhi r4!, {r2, r5, r6, r8, fp, pc} ^ ",1
"ldmibls ip, {r3, r4, r7, r8, fp, ip, pc} ",1
"ldmibgt ip!, {r2, r5, r7, r8, fp, ip, pc} ",1
"ldmible r8, {r6, r7, r8, fp, ip, lr, pc} ^ ",1
"stmib ip!, {r3, r5, r7, r8, fp, sp, lr, pc} ",1
"ldmib r4!, {r4, r5, r7, r8, fp, sp, lr, pc} ",1
"ldmib ip!, {r3, r4, r5, r7, r8, fp, sp, lr, pc} ",1
invalid ,1
invalid ,1
invalid ,1
invalid ,1
beq 0x431730 ,1
beq 0x633ce8 ,1
beq 0x833d0c ,1
bne 0xb33d40 ,1
bne 0xe37d64 ,1
bne 0x1037d98 ,1
bhs 0xfe037dbc ,1
bhs 0xfe33bed0 ,1
bhs 0xfe83bf24 ,1
bhs 0xfeb3bf48 ,1
bhs 0xff03bf8c ,1
bhs 0xff23bfd0 ,1
blo 0xfe53bff4 ,1
blo 0xfe73ff28 ,1
blo 0xff53ffac ,1
"stmibmi ip, {r3, r7, r8, fp, lr} ",1
"ldmibmi r0!, {r3, r4, r7, r8, fp, lr} ",1
"ldmibmi r8!, {r2, r4, r5, r7, r8, fp, lr} ",1
"stmibmi r0, {r2, r3, r4, r5, r7, r8, fp, lr} ^ ",1
"ldmibmi r8, {r2, r4, r6, r7, r8, fp, lr} ^ ",1
"ldmibpl r0!, {r3, r5, r6, r7, r8, fp, lr} ^ ",1
"adchi r8, r4, 160, 4 ",1
"adcshi r8, r4, 172, 4 ",1
"rschi r8, r0, 188, 4 ",1
invalid ,1
invalid ,1
"bicge sl, ip, r8, asr 3 ",1
"strbge sl, [r4], -0x1f4 ",1
"ldrbge sl, [r0], -0x44c ",1
"ldrbge sl, [r8], -0x454 ",1
"stmdbge r8!, {r2, r5, r6, r8, sl, sp, pc} ",1
blge 0xfe45c340 ,1
blge 0xfe65c364 ,1
"vstmiage r8!, {d26, d27, d28, d29, d30, d31} ",1
"ldclge p12, c10, [r0], 0x3b0 ",1
"ldcge p12, c10, [r8, 0x3d0]! ",1
svcge 0x48adbc ,1
"eorslt sl, ip, r0, asr pc ",1
"sbcslt fp, r8, r0, asr 32 ",1
invalid ,1
"ldrhgt ip, [ip, r8]! ",1
"bicgt ip, r4, r0, asr 3 ",1
"bicgt ip, ip, r8, asr 3 ",1
"ldrsbgt ip, [r8, 0x14] ",1
"ldrdgt ip, sp, [r0, 0x1c]! ",1
"mvngt ip, r4, ror 3 ",1
"mvnsgt ip, ip, ror 3 ",1
svcgt 0xaccfa8 ,1
svcgt 0xb8cfb0 ,1
svcgt 0xcccfbc ,1
svcgt 0xd8cfd4 ,1
svcgt 0xe0cfdc ,1
svcgt 0xe8cfe4 ,1
"addle sp, r8, 0x88 ",1
"stmdale r4!, {r4, sb, sl, ip, lr, pc} ",1
"stmdale ip!, {r3, r5, fp, ip, lr, pc} ",1
"ldmdale r4!, {r4, r5, fp, ip, lr, pc} ",1
"stcle p12, c13, [r4], 0x280 ",1
"stcle p12, c13, [ip], 0x2a0 ",1
"ldcle p12, c13, [r4], 0x2c0 ",1
"ldcle p12, c13, [ip], 0x2e0 ",1
"ldc p12, c13, [r0], {0xc0} ",1
"ldc p12, c14, [r8], {0x94} ",1
"stc p12, c14, [r8], 0x280 ",1
"ldc p12, c14, [r4], 0x2c0 ",1
"ldc p12, c14, [ip], 0x2e0 ",1
"stcl p12, c14, [r4], {0xc0} ",1
"vqdmulh.s16 d30, d16, d0[1] ",1
invalid ,1
invalid ,1
invalid ,1
blx 0xfff70552 ,1
invalid ,1
invalid ,1
invalid ,1
"stc2 p12, c15, [r4], -0x80 ",1
"ldc2 p12, c15, [r4], -0xc0 ",1
"mcrr2 p12, 3, pc, r4, c12 ",1
"mrrc2 p12, 4, pc, r0, c8 ",1
"stc2l p12, c15, [r0], -0x150 ",1
"stc2l p12, c15, [r8], -0x190 ",1
"ldc2l p12, c15, [r0], -0x1b0 ",1
"ldc2l p12, c15, [ip], -0x1d0 ",1
"stc2 p12, c15, [r4], {0x80} ",1
invalid ,1
"movseq r0, 168, 6 ",1
invalid ,1
"biceq r0, r0, 188, 6 ",1
"biceq r0, ip, 200, 6 ",1
"bicseq r0, r4, 208, 6 ",1
"bicseq r0, ip, 216, 6 ",1
"strbeq r0, [r4, -0x3e0]! ",1
"ldrbeq r0, [r0, -0x56c]! ",1
"ldrbeq r0, [r8, -0x574]! ",1
bleq 0x1c32bfc ,1
bleq 0x1f343f0 ,1
bleq 0xfe234424 ,1
bleq 0xfe534448 ,1
bleq 0xfe73447c ,1
bleq 0xfea344a0 ,1
bleq 0xfec344d4 ,1
blne 0x1c383d8 ,1
blne 0x1e383fc ,1
blne 0xfe038420 ,1
blne 0xfe238444 ,1
blne 0xfe438468 ,1
blne 0xfe63848c ,1
blne 0xfe8384b0 ,1
blne 0xfeb384d4 ,1
blne 0xfee38518 ,1
"stmdahs r4, {r6, fp, sp} ^ ",1
"ldmdahs r0, {r3, r6, fp, sp} ^ ",1
"stmdahs r0!, {r3, r4, r6, fp, sp} ^ ",1
"stmdahs ip!, {r3, r5, r6, fp, sp} ^ ",1
"ldmdahs r8!, {r4, r5, r6, fp, sp} ^ ",1
"ldmhs r0, {r3, r7, fp, sp} ",1
"ldmhs r8, {r2, r4, r7, fp, sp} ",1
"stmdbhs ip!, {r2, r3, r4, r7, fp, sp} ^ ",1
"stchs p13, c2, [r4, 0x200] ",1
"ldchs p13, c2, [r4, 0x240] ",1
"ldchs p13, c2, [ip, 0x260] ",1
svchs 0x142f10 ,1
svchs 0x1c2f18 ,1
"sublo r3, r4, r8, lsr r0 ",1
"cmplo r8, r0, asr r1 ",1
"stmdblo r4, {r2, r3, r4, r6, r8, ip, sp} ^ ",1
"stmdblo ip!, {r4, r6, r8, fp, ip, sp} ^ ",1
"ldmdblo ip!, {r4, r5, r6, r8, fp, ip, sp} ^ ",1
"movsmi r3, 156, 18 ",1
invalid ,1
"mvnsmi r4, 236, 6 ",1
"strmi r4, [ip], -0x408 ",1
"mcrmi p4, 5, r4, c12, c0, 0 ",1
"mcrmi p14, 6, r4, c8, c12, 5 ",1
"cdpmi p14, 0xd, c4, c4, c12, 6 ",1
"mcrmi p14, 7, r4, c0, c12, 6 ",1
"stmdapl r0, {r4, r5, r7, r8, sb, sl, fp, lr} ",1
"stmdapl r8, {r2, fp, ip, lr} ",1
"stmdapl r4!, {r2, r3, fp, ip, lr} ^ ",1
"cdppl p14, 0xf, c5, c0, c12, 7 ",1
svcpl 0x285ef8 ,1
"cdpvs p14, 0, c6, c8, c4, 0 ",1
"cdpvs p14, 1, c6, c0, c12, 0 ",1
"mrcvs p14, 0, r6, c8, c4, 0 ",1
"mcrvs p14, 1, r6, c0, c12, 0 ",1
"cdpvs p14, 2, c6, c8, c4, 1 ",1
"mrcvs p14, 1, r6, c4, c0, 1 ",1
"mrcvs p14, 1, r6, c12, c8, 1 ",1
"tstvc r8, r4, lsl r1 ",1
invalid ,1
"stmvc r4, {r6, r7, fp, ip, sp, lr} ^ ",1
"ldmvc r4, {r4, r6, r7, fp, ip, sp, lr} ^ ",1
"stmvc r8!, {r5, r6, r7, fp, ip, sp, lr} ^ ",1
"ldmvc r4!, {r4, r5, r6, r7, fp, ip, sp, lr} ^ ",1
"stmdbvc r0, {r2, r3, r4, r5, r6, r7, fp, ip, sp, lr} ",1
bvc 0xfe350120 ,1
"qadd8hi r7, ip, r0 ",1
"shasxhi r8, ip, r8 ",1
"strbhi r8, [r8], -r4, asr 12 ",1
"ldrbhi r8, [r8], -ip, asr 12 ",1
"uqsaxhi r8, r0, ip ",1
"ldrbhi r8, [r0, -r4, ror 12] ",1
invalid ,1
"stmdahi r8, {r2, r6, fp, pc} ^ ",1
"teqls r4, ip, asr 16 ",1
invalid ,1
invalid ,1
"addsls sb, ip, 152, 4 ",1
svcls 0x709304 ,1
svcls 0x789f74 ,1
svcls 0x849f7c ,1
svcls 0x8c9f88 ,1
svcls 0x949f90 ,1
svcls 0x9c9f98 ,1
svcls 0xa49fa0 ,1
"qdsubge sl, ip, r0 ",1
"uhsub16ge sl, r8, r4 ",1
"sxtab16ge sl, r0, ip, ror 8 ",1
"strge sl, [r8], r4, lsl 13 ",1
invalid ,1
"strtge sl, [r4], r0, lsr 13 ",1
invalid ,1
"ldrbge sl, [r4], ip, asr 13 ",1
"usatge sl, 0, ip, asr 0xd ",1
"strbtge sl, [r8], r4, ror 13 ",1
"strlt sl, [ip], -ip, ror 13 ",1
"sadd16lt fp, ip, r4 ",1
"ldrtlt fp, [r8], -r4, lsr 12 ",1
"strblt fp, [r8], -r0, asr 12 ",1
"usaxlt fp, ip, r0 ",1
"strbtlt fp, [r8], -r4, ror 12 ",1
"ldrbtlt fp, [r0], -ip, ror 12 ",1
"uhsub16lt fp, ip, r4 ",1
"strlt fp, [ip], r4, lsl 13 ",1
invalid ,1
"strtlt fp, [r8], r0, lsr 13 ",1
"ldrtlt fp, [r8], ip, lsr 13 ",1
invalid ,1
"strblt fp, [r8], r4, asr 13 ",1
"ldrblt fp, [r0], ip, asr 13 ",1
invalid ,1
"usatlt fp, 4, ip, asr 0xd ",1
"ldrbtlt fp, [r0], ip, ror 13 ",1
invalid ,1
invalid ,1
"stmdalt r0, {r2, r3, r4, r5, r6, r7, r8, sb, sl, ip, sp, pc} ",1
blt 0xfe4601fc ,1
"addsgt ip, r0, r8, ror r0 ",1
"umullsgt ip, r8, r4, r0 ",1
"adcsgt ip, r0, r8, lsr 1 ",1
"ldrhtgt ip, [r8], r4 ",1
"sbcgt ip, r8, r4, asr 1 ",1
"sbcsgt ip, r0, ip, asr 1 ",1
"ldrsbgt ip, [ip], 4 ",1
"rscgt ip, r4, r0, ror 1 ",1
"bicgt ip, r0, r8, ror 1 ",1
"bicgt ip, r8, r4, asr 3 ",1
"bicgt ip, r4, 204, 2 ",1
"bicgt ip, ip, 200, 6 ",1
"bicsgt ip, r4, 208, 6 ",1
"bicsgt ip, ip, 216, 6 ",1
invalid ,1
"strbgt ip, [r8, -r4, ror 14]! ",1
"ldrbgt ip, [r0, -ip, ror 14]! ",1
invalid ,1
invalid ,1
"strgt ip, [r8, r4, lsl 15] ",1
svcgt 0x24cf20 ,1
svcgt 0x2ccf28 ,1
svcgt 0x34cf30 ,1
svcgt 0x3ccf38 ,1
"strtle sp, [ip], -0x428 ",1
"ldrtle sp, [r4], -0x430 ",1
"strble sp, [r0], -0x43c ",1
"bic lr, r8, 196, 6 ",1
invalid ,1
"mvns lr, 236, 6 ",1
invalid ,1
"ldr lr, [r8], -0x40c ",1
"strt lr, [r0], -0x41c ",1
"ldrt lr, [r0], -0x42c ",1
"strb lr, [r8], -0x444 ",1
"ldr lr, [r8, 0x44c]! ",1
"strb lr, [r8, 0x5bc] ",1
"strb lr, [r8, ip, asr 11]! ",1
invalid ,1
invalid ,1
invalid ,1
"pldw [r0, r0, lsl 15] ",1
invalid ,1
invalid ,1
invalid ,1
invalid ,1
invalid ,1
invalid ,1
invalid ,1
blx 0xffc6f8c4 ,1
blx 0x27046a ,1
"ldc2 p11, c15, [r4, -0x30]! ",1
"stc2l p13, c15, [r4, -0xf0] ",1
invalid ,1
invalid ,1
invalid ,1
invalid ,1
"strheq pc, [r3], -r0 ",1
invalid ,1
"tstne ip, 192, 6 ",1
invalid ,1
"cmpmi r2, 0x14c00000 ",1
"subeq r4, sp, pc, asr 26 ",1
"ldrbmi r0, [r3, -0x11] ",1
"stclmi p3, c4, [0x00031788] ",1
"stmdbvs lr!, {r0, r2, r3, r6, r8, fp, sp, lr} ^ ",1
"andseq r0, r2, r4, ror r0 ",1
svcpl 0x544553 ,1
"movtpl r4, 0x1c46 ",1
"strbmi r4, [lr, -r8, asr 18] ",1
"qdaddpl r5, pc, r5 ",1
"movtmi r4, 0xe555 ",1
"subseq r0, r8, r5, asr 32 ",1
svcpl 0x544553 ,1
"movtpl r4, 0x1c46 ",1
"strbmi r4, [lr, -r8, asr 18] ",1
"qdaddpl r5, pc, r5 ",1
"movtmi r4, 0xe555 ",1
"cdpmi p15, 4, c5, c9, c5, 2 ",1
"subseq r4, r8, r4, asr 10 ",1
"ldrbpl r0, [r3], -0x59 ",1
svcpl 0x545241 ,1
"movtpl r4, 0x1c46 ",1
"strbmi r4, [lr, -r8, asr 18] ",1
"qdaddpl r5, pc, r5 ",1
"movtmi r4, 0xe555 ",1
"subseq r0, sl, r5, asr 32 ",1
"movtpl r4, 0x1c46 ",1
"strbmi r4, [lr, -r8, asr 18] ",1
"qdaddpl r5, pc, r5 ",1
"movtmi r4, 0xe555 ",1
"stmdbvs lr!, {r0, r2, r6, r8, fp, sp, lr} ^ ",1
"subseq r0, sp, r4, ror r0 ",1
"uhsaxmi r7, r3, r3 ",1
invalid ,1
"ldrbvs r6, [r3, -0xf6c]! ",1
"movwpl r6, 0x200 ",1
"stmdbvs r6, {r0, r3, r4, r5, r6, r8, sb, ip, sp, lr} ^ ",1
"strbvs r6, [r4, -0x56c] ",1
"ldrbvs r6, [r4, -0x56c]! ",1
"movwpl r6, 0x400 ",1
"stmdbvs r6, {r0, r3, r4, r5, r6, r8, sb, ip, sp, lr} ^ ",1
svcmi 0x45656c ,1
"rsbeq r0, r5, r6, asr 32 ",1
"uhsaxmi r7, r3, r3 ",1
"strbmi r6, [r5, -sb, ror 24]! ",1
svcvs 0x507465 ,1
"rsbeq r0, r6, r3, ror r0 ",1
"uhsaxmi r7, r3, r3 ",1
"strbmi r6, [r5, -sb, ror 24]! ",1
"ldmdbvs r3, {r0, r2, r5, r6, sl, ip, sp, lr} ^ ",1
"smlsdxvs r0, sl, r5, r6 ",1
"cmnvc sb, 0, 6 ",1
"strbvs r6, [ip, -0x946]! ",1
"cdpvs p0, 6, c7, c5, c15, 2 ",1
"movwpl r6, 0x900 ",1
"stmdbvs r6, {r0, r3, r4, r5, r6, r8, sb, ip, sp, lr} ^ ",1
"ldrbvs r6, [r2, -0x56c] ",1
bvs 0x4ab2c ,1
"cmnvc sb, 0, 6 ",1
"strbvs r6, [ip, -0x946]! ",1
"qdsubvs r6, r2, lr ",1
blvs 0x4af6c ,1
"cmnvc sb, 0, 6 ",1
"strbvs r6, [ip, -0x946]! ",1
"rsbspl r6, r4, r3, asr r5 ",1
invalid ,1
"cmnvc sb, 0, 6 ",1
"strbvs r6, [ip, -0x946]! ",1
"strbtvc r7, [sb], -0x257 ",1
"rsbeq r0, sp, r5, rrx ",1
"rsbspl r7, r3, 0x14c000 ",1
"strbvs r6, [r7, -0x374] ",1
"stclvs p4, c5, [sb, -0x1d0]! ",1
"rsbseq r0, r1, r5, rrx ",1
"cmnpl r3, 0x14c000 ",1
invalid ,1
"rsbvc r6, r5, r3, ror 6 ",1
"rsbseq r0, r3, r4, ror r0 ",1
"cmnpl r3, 0x14c000 ",1
"rsbmi r6, fp, 0xbc000001 ",1
"rsbeq r6, r4, sb, ror 28 ",1
"ldmdbvc r3, {r2, r4, r5, r6} ^ ",1
invalid ,1
svcvs 0x6c436b ,1
"strvc r6, [r0, -0x573] ",1
"cmnvc sb, 0, 6 ",1
blvs 0x190d768 ,1
"cdpvs p15, 6, c6, c14, c3, 2 ",1
"rsbseq r6, r4, r5, ror 6 ",1
"ldmdbvc r3, {r1, r2, r4, r5, r6} ^ ",1
invalid ,1
"ldrbvs r4, [r2, -0x36b]! ",1
"rsbeq r7, r5, r1, ror 8 ",1
"ldmdbvc r3, {r0, r1, r2, r4, r5, r6} ^ ",1
invalid ,1
"strbtvc r4, [r5], -0x76b ",1
"ldrbtvc r6, [r3], -0xf48 ",1
invalid ,1
"stmdavc r0, {r0, r2, r3, r5, r6, r8, sl, sp, lr} ",1
"cmnvc sb, 0, 6 ",1
blvs 0x190d7a0 ,1
"cdpvs p4, 6, c7, c15, c8, 2 ",1
"rsbseq r0, ip, r3, ror r0 ",1
"cmnpl r3, 0x14c000 ",1
"stmdbmi fp!, {r0, r1, r2, r3, r5, r6, r8, sb, sp, lr} ^ ",1
"cmnmi r4, lr, ror 10 ",1
"rsbseq r6, r2, r4, ror 8 ",1
"ldmdbvc r3, {r0, r2, r3, r4, r5, r6} ^ ",1
invalid ,1
invalid ,1
svcvc 0x6c74 ,1
"cmnvc sb, 0, 6 ",1
blvs 0x190d7d0 ,1
"ldrbtvc r6, [r3], -0x94c ",1
"andhi r6, r0, r5, ror 28 ",1
"cmnvc sb, 0, 6 ",1
blvs 0x190d7e0 ,1
"stmdavs pc!, {r1, r2, r3, r6, sl, ip, sp, lr} ^ ",1
"addeq r0, r2, r3, ror r0 ",1
"cmnpl r3, 0x14c000 ",1
"rsbpl r6, fp, 0xbc000001 ",1
"rsbseq r6, r6, r5, ror 6 ",1
"ldmdbvc r3, {r0, r1, r7} ^ ",1
invalid ,1
"cdpvs p3, 6, c5, c5, c11, 3 ",1
"addeq r0, r6, r4, rrx ",1
"cmnpl r3, 0x14c000 ",1
invalid ,1
"subvc r7, pc, r5, ror 8 ",1
"mcrvs p9, 3, r6, c15, c4, 3 ",1
"movwpl r8, 0x900 ",1
svcvs 0x537379 ,1
"ldmdavs r3, {r0, r1, r5, r6, r8, sb, fp, sp, lr} ^ ",1
svcvs 0x647475 ,1
bhi 0x4d4b8 ,1
"movtmi r5, 0xf300 ",1
"strbmi r4, [r4], -0x14b ",1
"cmppl r3, 0x14800000 ",1
"strbtvc r6, [sb], -0xe69 ",1
invalid ,1
"stmdbmi sb, {r0, r1, r4, r6, r8, sb, lr} ^ ",1
"ldrbmi r5, [r4, -0x942] ",1
svcpl 0x4f545f ,1
"ldmdbmi r2, {r0, r1, r4, r6, sl, ip, lr} ^ ",1
"stcls p7, c4, [r0, -0x138] ",1
"cdpmi p3, 4, c4, c15, c0, 0 ",1
"subseq r4, r4, r3, asr 2 ",1
"strbmi r0, [r4, -0x9e] ",1
"ldrbmi r4, [r4, -0x54c] ",1
"strmi sl, [r0], -r0, lsl 10 ",1
"ldmdbmi r2, {r0, r1, r2, r3, r4, r6, sl, ip, lr} ^ ",1
"adceq r0, r6, r7, asr 32 ",1
"subspl r5, r4, 0x118 ",1
"cdpvs p7, 6, c4, c9, c9, 2 ",1
"strge r7, [r0, -sb, ror 8] ",1
"movtpl r4, 0xe900 ",1
"subseq r5, r4, r5, asr 4 ",1
"strbmi r0, [ip, -0xa9] ",1
bge 0x46c54 ,1
"cdpmi p12, 4, c4, c5, c0, 0 ",1
"vstrmi d10, [r0, -0] ",1
invalid ,1
"ldrbpl r5, [pc], -0x200 ",1
"subeq r4, r7, r2, asr sb ",1
svcpl 0x5200ad ,1
"smlsldmi r5, sb, r4, r2 ",1
"strbtvc r6, [sb], -0xe69 ",1
"andpl sl, r0, 0, 28 ",1
invalid ,1
invalid ,1
"cdpmi p4, 4, c5, c15, c0, 0 ",1
"strpl ip, [r0], -0 ",1
"cdpvs p14, 6, c4, c9, c15, 2 ",1
invalid ,1
invalid ,1
"strbtvs r5, [r1], -0xf6c ",1
invalid ,1
"stclvs p5, c6, [r1], -0x1c8 ",1
"rsbsvs r7, r5, 0x7c000001 ",1
"andvc r0, r1, 0, 28 ",1
svcpl 0x6c6165 ,1
"rsbeq r7, ip, sp, ror 10 ",1
"ldrbvs r0, [r2, -0x10f]! ",1
"ldrbvs r6, [pc], -0xc61 ",1
"andne r7, r0, sb, ror 12 ",1
invalid ,1
invalid ,1
"andvc r1, r1, 0, 2 ",1
svcpl 0x6c6165 ,1
"andne r6, r0, 0x1b800000 ",1
invalid ,1
"strbtvc r5, [ip], -0xf6c ",1
"andvc r1, r1, 0, 6 ",1
svcpl 0x6c6165 ,1
"strne r6, [r0], -0x56c ",1
invalid ,1
"strbtvc r5, [r7], -0xf6c ",1
"andvc r1, r1, 0, 10 ",1
svcpl 0x6c6165 ,1
"strne r6, [r0], -r7, ror 10 ",1
"cdpvs p12, 6, c6, c15, c1, 0 ",1
svcvs 0x745f67 ,1
"qdsubvs r7, pc, r5 ",1
"tsteq r7, ip, rrx ",1
"mcrvs p12, 3, r6, c15, c5, 3 ",1
svcvs 0x745f67 ,1
"qdsubvs r7, pc, r5 ",1
"tsteq r8, ip, rrx ",1
"stclvs p5, c6, [r1], -0x1c8 ",1
svcpl 0x6f745f ,1
"strbvs r6, [lr, -ip, ror 30]! ",1
"strvs r1, [r1], -r0, lsl 18 ",1
"strbtvc r6, [r1], -0xf6c ",1
invalid ,1
"strvs r1, [r1], -r0, lsl 20 ",1
"strbtvc r6, [r1], -0xf6c ",1
"mcrvs p3, 3, r7, c9, c15, 2 ",1
"strvs r1, [r1], -r0, lsl 22 ",1
"strbtvc r6, [r1], -0xf6c ",1
invalid ,1
"strvs r1, [r1], -r0, lsl 24 ",1
"strbtvc r6, [r1], -0xf6c ",1
"mcrvs p4, 3, r7, c1, c15, 2 ",1
"strvs r1, [r1], -r0, lsl 26 ",1
"strbtvc r6, [r1], -0xf6c ",1
"cmnvs r4, pc, asr r1 ",1
"tsteq lr, lr, rrx ",1
invalid ,1
invalid ,1
svcne 0x6e69 ,1
svcvs 0x6c6601 ,1
"cmpvs pc, r1, ror 8 ",1
"rsbseq r6, r3, r3, ror 30 ",1
"stclvs p1, c0, [r6], -0x80 ",1
svcpl 0x74616f ,1
invalid ,1
svcvs 0x6c6601 ,1
"mrrcvs p4, 6, r7, pc, c1 ",1
"andhs r6, r0, 0x1bc0000 ",1
svcvs 0x6c6601 ,1
"ldrbvs r7, [0x00031823] ",1
"movwhs r7, 0x78 ",1
svcvs 0x6c6601 ,1
"ldrbvs r7, [0x0003182f] ",1
"rsbseq r7, r4, r8, ror r0 ",1
"stclvs p1, c0, [r6], -0x90 ",1
svcpl 0x74616f ,1
"ldrbtvc r7, [r2], -0x173 ",1
"strvs r2, [r1], -r0, lsl 10 ",1
"strbtvc r6, [r1], -0xf6c ",1
svcpl 0x6f745f ,1
"ldmdbvs r2!, {r0, r1, r4, r5, r6, sl, ip, sp, lr} ^ ",1
"strhs r6, [r0], -lr, ror 14 ",1
"rsbsvc r7, r4, 0x4000000 ",1
svcpl 0x676e69 ,1
"usub16vs r6, pc, r4 ",1
"strbtvc r6, [r1], -0xf6c ",1
"strvs r2, [r1], -r0, lsl 14 ",1
"strbtvc r6, [r1], -0xf6c ",1
svcpl 0x6f745f ,1
"rsbvc r7, pc, 100, 14 ",1
invalid ,1
"stclvs p5, c6, [r1], -0x1c8 ",1
"ldrbvc r7, [r2, -0x45f]! ",1
"stmdbhs r0, {r1, r2, r3, r5, r6, r8, sb, sp, lr} ",1
"stmdbvc lr!, {r0, r8, sp, lr} ^ ",1
svcpl 0x6f745f ,1
"ldmdbvs r2!, {r0, r1, r4, r5, r6, sl, ip, sp, lr} ^ ",1
bhs 0x4baac ,1
"rsbsvc r7, r4, 0x4000000 ",1
svcpl 0x676e69 ,1
"cmpvs pc, r4, ror pc ",1
blhs 0x502bc ,1
"strbvs r7, [sb, -r1, lsl 6]! ",1
svcpl 0x64656e ,1
"rsbseq r6, r6, r4, ror 18 ",1
"cdpvs p1, 7, c0, c5, c12, 1 ",1
"mcrvs p9, 3, r6, c7, c3, 3 ",1
"ldrbvs r6, [pc], -0x465 ",1
"stchs p6, c7, [r0, -0x1a4] ",1
"strbtvc r4, [r5], -0x701 ",1
"strbvs r6, [sp, -0x974]! ",1
"movwvc r2, 0x1e00 ",1
"strbvs r6, [lr, -0x769]! ",1
svcvs 0x6d5f64 ,1
invalid ,1
"ldmdbvs r3!, {r0, r2, r4, r5, r6, sb, sl, fp, sp, lr} ^ ",1
"strbtvs r6, [r5], -0xe67 ",1
"strbtvs r6, [pc], -0xd5f ",1
"movwpl r3, 0x1000 ",1
"strbvs r7, [r4, -0x379] ",1
"stmdami r7!, {r1, r5, r6, r8, sl, ip, sp, lr} ^ ",1
"stclvs p14, c6, [r4], -0x184 ",1
invalid ,1
"andeq r0, r0, r1 ",1
"andeq r0, r0, r4, lsr r1 ",1
"andeq r0, r0, sb ",1
"rsbvc r5, pc, 0x2e ",1
"cmnvs r4, r4, ror r1 ",1
"cmnvs r4, r4, asr pc ",1
svcmi 0x50656c ,1
"teqlo r0, r2, asr r4 ",1
"andeq r0, r0, r0 ",1
"andeq r0, r3, r4 ",1
"andeq r0, r0, r0 ",1
"andeq r0, r0, r4 ",1
"cdpvs p3, 6, c4, c15, c14, 1 ",1
invalid ,1
svcvs 0x546f69 ,1
"strbvs r6, [ip, -0x174]! ",1
"ldrbpl r4, [r2], -0xf50 ",1
"andeq r3, r0, r0, lsr r1 ",1
"andeq r0, r3, r4 ",1
"andeq r0, r0, r4 ",1
"andeq r0, r0, r4 ",1
"rsbvc r5, pc, 0x2e ",1
"cmnvs r4, r4, ror r1 ",1
"cmnvs r4, r4, asr pc ",1
invalid ,1
"eorseq r3, r1, r3, asr r0 ",1
"andeq r0, r3, r4 ",1
"andeq r0, r0, r8 ",1
"andeq r0, r0, r4 ",1
"cdpvs p3, 6, c4, c15, c14, 1 ",1
invalid ,1
svcvs 0x546f69 ,1
"strbvs r6, [ip, -0x174]! ",1
"subslo r4, r3, r7, asr 2 ",1
"andeq r0, r0, r1, lsr r0 ",1
"andeq r0, r3, r4 ",1
"andeq r0, r0, ip ",1
"andeq r0, r0, r4 ",1
"rsbvc r5, pc, 0x2e ",1
"cmnvs r4, r4, ror r1 ",1
"cmnvs r4, r4, asr pc ",1
invalid ,1
"eorseq r3, r2, r3, asr r0 ",1
"andeq r0, r3, r4 ",1
"andeq r0, r0, r0, lsl r0 ",1
"andeq r0, r0, r4 ",1
"cdpvs p3, 6, c4, c15, c14, 1 ",1
invalid ,1
svcvs 0x546f69 ,1
"strbvs r6, [ip, -0x174]! ",1
"subslo r4, r3, r7, asr 2 ",1
"andeq r0, r0, r2, lsr r0 ",1
"andeq r0, r3, r4 ",1
"andeq r0, r0, r4, lsl r0 ",1
"andeq r0, r0, r4 ",1
"subsmi r4, r4, 0xb8000000 ",1
svcpl 0x303532 ,1
"subpl r4, r5, 0x450 ",1
"ldrbpl r5, [pc, -r7, asr 18] ",1
"andeq r0, r0, r8, asr 32 ",1
"andeq r0, r3, r6 ",1
"andeq r0, r0, r8, lsl r0 ",1
"andeq r0, r0, r4 ",1
"subsmi r4, r4, 0xb8000000 ",1
svcpl 0x303532 ,1
"subpl r4, r5, 0x450 ",1
"andeq r5, r0, r7, asr 18 ",1
"andeq r0, r3, r5 ",1
"andeq r0, r0, ip, lsl r0 ",1
"andeq r0, r0, r4 ",1
"strbtvs r4, [pc], -0xd2e ",1
invalid ,1
"stclvs p5, c7, [r1], -0x1b8 ",1
"andeq r0, r0, r0 ",1
"andeq r0, r3, r0 ",1
"andeq r0, r0, r0, lsr 32 ",1
"andeq r0, r0, r1 ",1
"mcrvc p9, 2, sb, c12, c0, 0 ",1
"ldrblo r0, [r0, -r0] ",1
"qaddeq r0, r0, r1 ",1
"andeq r0, r1, r4, asr r0 ",1
"mrseq r0, apsr ",1
invalid ,1
"andseq r0, r1, r8, asr 32 ",1
"andeq r0, r1, r0 ",1
"ldrhs r0, [r0, -r0] ",1
"ldrhs r0, [r0, -r0] ",1
"andeq r0, r1, r0 ",1
invalid ,1
"andeq r0, r0, r0 ",1
invalid ,1
"ldrshteq pc, [sl], 0xff ",1
"strbvs r0, [r4, -0] ",1
"ldclvs p1, c6, [r5], -0x198 ",1
invalid ,1
"andeq r0, r0, fp, rrx ",1
"andeq r0, r0, r0 ",1
"andeq r0, r0, r0 ",1
"andeq r0, r0, r0 ",1
"andeq r0, r0, r0 ",1
invalid ,1
"ldrsheq r0, [r4], -r8 ",1
invalid ,1
"andeq r0, r1, ip ",1
"andeq r0, r0, r0 ",1
invalid ,1
"andeq r0, r2, ip ",1
"andeq r0, r0, r0 ",1
invalid ,1
"andeq r0, r3, ip ",1
"andeq r0, r0, r0 ",1
invalid ,1
"andeq r0, r4, ip ",1
"andeq r0, r0, r0 ",1
invalid ,1
"andeq r0, r5, ip ",1
"andeq r0, r0, r0 ",1
invalid ,1
"andeq r0, r7, ip ",1
"andeq r0, r0, r0 ",1
invalid ,1
"andeq r0, sb, ip ",1
"andeq r0, r0, r0 ",1
invalid ,1
"andeq r0, sl, ip ",1
"andeq r0, r0, r0 ",1
invalid ,1
"andseq r0, r2, ip ",1
"andeq r0, r0, r0 ",1
invalid ,1
"andseq r0, r4, ip ",1
"andeq r0, r0, r0 ",1
invalid ,1
"andseq r0, ip, ip ",1
"andeq r0, r0, r0 ",1
invalid ,1
"andseq r0, sp, ip ",1
"andeq r0, r0, r0 ",1
invalid ,1
"andseq r0, pc, ip ",1
"andeq r0, r0, r0 ",1
invalid ,1
"eoreq r0, r1, ip ",1
"andeq r0, r0, r0 ",1
invalid ,1
"eoreq r0, r2, ip ",1
"andeq r0, r0, r0 ",1
invalid ,1
"mvnseq r0, ip ",1
"andeq r0, r0, r0 ",1
invalid ,1
"rsceq r0, lr, 0xc ",1
"andeq r0, r0, r0 ",1
invalid ,1
"rsceq r0, pc, 0xc ",1
"andeq r0, r0, r0 ",1
invalid ,1
"rscseq r0, r0, 0xc ",1
"andeq r0, r0, r0 ",1
invalid ,1
invalid ,1
"andeq r0, r0, r0 ",1
svcvs 0x430000 ,1
svcvs 0x436d6d ,1
"stmdbmi r0, {r1, r2, r3, r5, r6, sb, sl, sp, lr} ",1
"andeq r0, r0, r6, ror 14 ",1
"andeq r0, r0, r0 ",1
"cdpgt p1, 2, c8, c10, c13, 2 ",1
"rscseq pc, pc, r7, ror pc ",1
invalid ,1
invalid ,1
"andeq r0, r0, r0 ",1
"andeq r0, r0, r0, lsr r0 ",1
"andeq r0, r0, r0 ",1
"andeq r0, r0, r0, lsr r0 ",1
"andmi r0, r0, r0 ",1
"andeq r0, r0, r1 ",1
"andeq r0, r0, r0 ",1
"streq r0, [r0], -0 ",1
"cdphs p13, 0xd, c4, c10, c0, 0 ",1
"andeq r0, r1, r0 ",1
"andeq r0, r0, r0 ",1
"andeq r0, r0, r0 ",1
"andeq r0, r0, r0 ",1
"andeq r1, r0, r0 ",1
"andeq r0, r0, r0 ",1
"andeq r1, r0, r0 ",1
"andeq r0, r0, r0 ",1
"andeq r0, r0, r0, asr 2 ",1
"andeq r0, r0, r0 ",1
"andeq r0, r0, r0 ",1
"mcrr p0, 0, r0, sp, c10 ",1
invalid ,1
"andeq r0, r0, r0 ",1
"andeq r0, r0, r0 ",1
"andeq ip, r0, r0 ",1
"andeq r0, r0, r0, lsl 16 ",1
"andeq r2, r0, r0 ",1
"andeq r0, r0, r0 ",1
"andeq r0, r0, r0 ",1
"andeq r2, r0, r0 ",1
"andhs r0, r0, r0, lsl 4 ",1
"ldrhtne ip, [r7], -0xf1 ",1
"andeq r0, r1, r7, lsr 32 ",1
"andeq r0, r0, r2 ",1
invalid ,1
"ldrhs r7, [r1, -pc, asr 15] ",1
"andeq r0, r0, 0, 2 ",1
"andeq r0, r0, r0 ",1
"andeq r0, r0, r0 ",1
"andeq r0, r0, r0, lsl 8 ",1
"strblo r4, [r1, r0, lsl 6] ",1
"ldrdeq r7, r8, [r1], -r1 ",1
"andeq r0, r0, r1 ",1
"sbceq r0, r0, r0 ",1
"andeq r0, r0, r0 ",1
"teqle r7, r3, asr 2 ",1
invalid ,1
"andeq r0, r0, r0 ",1
"andeq ip, r0, r0, lsl 2 ",1
"movwmi r0, 0 ",1
"ldrbvc r3, [r1, r1, asr 15] ",1
"andeq r0, r1, r3 ",1
"andeq r0, r0, r0 ",1
"andeq r0, r0, r2, asr 1 ",1
"mrsgt r0, spsr ",1
"ldrbteq sp, [r7], -0x137 ",1
"andeq r0, r0, r0, lsl 2 ",1
"movwgt r0, 0 ",1
"andeq r0, r0, r0 ",1
"strbls r4, [ip, r0, lsl 26]! ",1
"andeq r7, r2, r5, lsr r7 ",1
invalid ,1
"andeq r0, r0, r0 ",1
"andeq r0, r0, r0, asr 1 ",1
"andeq r0, r0, r8 ",1
"andeq r0, r0, r0, lsr 32 ",1
"andeq r0, r0, r0 ",1
"andeq r0, r0, r0 ",1
"andeq r0, r0, r0, lsr 32 ",1
invalid ,1
"ldrhs r7, [r0, -pc, asr 15] ",1
"andeq r0, r0, 0, 2 ",1
"andeq r0, r0, r0 ",1
svcgt 0xb12100 ,1
"eoreq r1, r7, r7, ror r1 ",1
"andeq r0, r2, r1 ",1
"andeq r0, r0, r0 ",1
"andeq r0, r0, r0 ",1
"andeq r0, r0, r4 ",1
"teqle r7, r3, asr 2 ",1
invalid ,1
"andeq r0, r0, r0 ",1
"andeq ip, r0, r0, lsl 8 ",1
"movwmi r0, 0 ",1
"ldrbvc r3, [r1, r1, asr 15] ",1
"andeq r0, r1, r2 ",1
"andeq r0, r0, r0 ",1
"andeq r0, r0, r5, asr 1 ",1
"mrsgt r0, spsr ",1
"cmneq r7, 0xc000000d ",1
"andeq r0, r0, r0, lsl 2 ",1
"strgt r0, [r0], -r0 ",1
"andeq r0, r0, r0 ",1
"strblo r4, [r1, r0, lsl 6] ",1
"ldrdeq r7, r8, [r4], -r1 ",1
"andeq r0, r0, r1 ",1
"sbceq r0, r7, r0 ",1
"andeq r0, r0, r0 ",1
"ldrlo r1, [fp, 0x44d]! ",1
"andeq r0, r0, r7, ror r3 ",1
"andeq r0, r2, r0 ",1
"strgt r0, [r0], -0 ",1
"andeq r0, r0, r0 ",1
"andhs r0, r0, r0 ",1
invalid ,1
"andeq r0, r0, r0 ",1
"andhs r0, r0, r0 ",1
"andeq r0, r0, 0 ",1
svcgt 0xb12000 ,1
"eoreq r1, r7, r7, ror r0 ",1
"andeq r0, r2, r1 ",1
"andeq r0, r0, r0 ",1
"strbvc fp, [pc, r1, lsr 2] ",1
invalid ,1
"andeq r0, r0, r0, lsl 4 ",1
"andeq r0, r0, r0 ",1
"streq r0, [r0], -0 ",1
"movwmi r0, 0 ",1
"ldrbvc r3, [r1, r2, asr 15] ",1
"andeq r0, r2, r1 ",1
"andeq r0, r0, r0 ",1
"andeq r0, r0, r0, lsr 32 ",1
"subgt r0, r3, 0 ",1
"rsbseq sp, r7, 0xc000000d ",1
"andeq r0, r0, r0, lsl 4 ",1
invalid ,1
"andeq r0, r0, r0 ",1
"strblo r4, [r2, r0, lsl 6] ",1
"ldrdeq r7, r8, [r3], -r1 ",1
"andeq r0, r0, r2 ",1
"eoreq r0, r2, r0 ",1
"andeq r0, r0, r0 ",1
"teqle r7, r3, asr 4 ",1
"andeq r0, r0, 0x77000000 ",1
"andeq r0, r0, r0 ",1
"andeq r2, r0, r0, lsl 6 ",1
"stcmi p0, c0, [r0, -0] ",1
invalid ,1
"andeq r0, r0, r4 ",1
"andeq r0, r0, r0, lsl 6 ",1
"sbceq r0, r8, r0 ",1
"andeq r0, r0, r0 ",1
"eoreq r0, r0, r0 ",1
"andeq r0, r8, r0 ",1
"andeq r0, r0, r0 ",1
"eoreq r0, r0, r0 ",1
"andeq r0, r2, r0 ",1
"strbvc fp, [pc, r0, lsr 2] ",1
invalid ,1
"andeq r0, r0, r0, lsl 4 ",1
invalid ,1
"ldrhne ip, [r7, -0xf1]! ",1
"andeq r0, r1, r7, lsr 32 ",1
"andeq r0, r0, r2 ",1
"andeq r0, r0, r0 ",1
"andeq r0, r4, r0 ",1
"subgt r0, r3, 0 ",1
"cmneq r7, r7, lsr r1 ",1
"andeq r0, r0, r0, lsl 4 ",1
"strhs r0, [r0], -0 ",1
"andeq r0, r0, r0 ",1
"strblo r4, [r2, r0, lsl 6] ",1
"ldrdeq r7, r8, [r2], -r1 ",1
"andeq r0, r0, r2 ",1
"eoreq r0, r5, r0 ",1
"andeq r0, r0, r0 ",1
"teqle r7, r3, asr 4 ",1
"andeq r0, r0, 0xdc000001 ",1
"andeq r0, r0, r0 ",1
"andeq r2, r0, r0, lsl 12 ",1
"movwmi r0, 0 ",1
"ldrbvc r3, [r1, r2, asr 15] ",1
"andeq r0, r2, r4 ",1
"andeq r0, r0, r0 ",1
"andeq r0, r0, r7, lsr 32 ",1
"sub r0, sp, 0 ",1
"ldrbeq r3, [r7, -0x63f]! ",1
"andeq r0, r0, r0 ",1
"andeq r0, r0, r4 ",1
"andeq sl, r0, r0 ",1
"andeq r2, r0, r0 ",1
"andeq r0, r0, r0 ",1
"andeq r0, r0, r0 ",1
"andeq r0, r0, r0 ",1
"andeq r2, r0, r0 ",1
"andhs r0, r0, r0, lsl 4 ",1
"ldrhtne ip, [r7], -0xf1 ",1
"andeq r0, r1, r7, lsr 32 ",1
"andeq r0, r0, r2 ",1
invalid ,1
"ldrhs r7, [r1, -pc, asr 15] ",1
"andeq r0, r0, 0, 2 ",1
"andeq r0, r0, r0 ",1
"andeq r0, r0, r0 ",1
"andeq r0, r0, r0, lsl 4 ",1
"strblo r4, [lr, r0, lsl 6] ",1
"ldrdeq r7, r8, [r1], -r1 ",1
"andeq r0, r0, r1 ",1
"andeq r0, r0, r1 ",1
"andeq r0, r0, r0 ",1
"teqle r7, r3, asr 28 ",1
invalid ,1
invalid ,1
"andeq r1, r0, r0 ",1
"stcmi p0, c0, [r0, -0] ",1
"ldrvc fp, [r5, -r2, asr 6]! ",1
"andeq r0, r0, r6 ",1
"andeq r0, r0, r0, lsl 10 ",1
"adceq r0, r0, r0 ",1
"eoreq r0, r0, r0 ",1
"andeq r0, r0, r0 ",1
"andeq r0, r0, r0 ",1
"andeq r0, r0, r0 ",1
"eoreq r0, r0, r0 ",1
"andeq r0, r2, r0 ",1
"strbvc fp, [pc, r0, lsr 2] ",1
invalid ,1
"andeq r0, r0, r0, lsl 4 ",1
invalid ,1
"ldrhne ip, [r7, -0xf1]! ",1
"andeq r0, r1, r7, lsr 32 ",1
"andeq r0, r0, r2 ",1
"andeq r0, r0, r0 ",1
"andeq r0, r2, r0 ",1
"strbgt r0, [r3, -0] ",1
"cmneq r7, r7, lsr r1 ",1
"andeq r0, r0, r0, lsl 2 ",1
"andhs r0, r0, r0, lsl 6 ",1
"andeq r0, r0, r0 ",1
"strblo r4, [r5, r0, lsl 6] ",1
"ldrdeq r7, r8, [r2], -r1 ",1
"andeq r0, r0, r1 ",1
"eorseq r0, r0, r3 ",1
"andeq r0, r0, r0 ",1
"ldrlo r4, [r3, 0x24d]! ",1
"andeq r0, r0, r7, ror r7 ",1
"andeq r0, r6, r0 ",1
"andgt r0, r0, r0 ",1
"andhs r0, r0, r0 ",1
"andeq r0, r0, r0 ",1
"andeq r0, r0, r0 ",1
"andeq r0, r0, r0 ",1
"andhs r0, r0, r0 ",1
"andeq r0, r0, 0 ",1
svcgt 0xb12000 ,1
"eoreq r1, r7, r7, ror r0 ",1
"andeq r0, r2, r1 ",1
"andeq r0, r0, r0 ",1
"strbvc fp, [pc, r1, lsr 2] ",1
invalid ,1
"andeq r0, r0, r0, lsl 4 ",1
"andeq r0, r0, r0 ",1
"andeq r0, r0, 0 ",1
"movwmi r0, 0 ",1
"ldrbvc r3, [r1, r5, asr 15] ",1
"andeq r0, r1, r1 ",1
"andeq r0, r3, r0 ",1
"andeq r0, r0, r0, asr 32 ",1
"strbgt r0, [r3, -0] ",1
"rsbseq sp, r7, 0xc000000d ",1
"andeq r0, r0, r0, lsl 2 ",1
"andpl r0, r0, r0, lsl 6 ",1
"andeq r0, r0, r0 ",1
"movtlt r4, 0x2d00 ",1
"andeq r7, r8, r5, lsr r7 ",1
"streq r0, [r0, -r0] ",1
"andeq r0, r0, r0 ",1
"andeq r0, r0, r0, ror 1 ",1
"andeq r0, r0, r0, lsr 32 ",1
"andeq r0, r0, r0 ",1
"andeq r0, r0, r0 ",1
"andeq r0, r0, r0 ",1
"andeq r0, r0, r0, lsr 32 ",1
invalid ,1
"ldrhs r7, [r0, -pc, asr 15] ",1
"andeq r0, r0, 0, 2 ",1
"andeq r0, r0, r0 ",1
svcgt 0xb12100 ,1
"eoreq r1, r7, r7, ror r1 ",1
"andeq r0, r2, r1 ",1
"andeq r0, r0, r0 ",1
"andeq r0, r0, r0 ",1
"andeq r0, r0, r2 ",1
"teqle r7, r3, asr 10 ",1
invalid ,1
"movweq r0, 0 ",1
"andeq r6, r0, r0 ",1
"movwmi r0, 0 ",1
"ldrbvc r3, [r1, r5, asr 15] ",1
"andeq r0, r1, r2 ",1
"andeq r0, r3, r0 ",1
"andeq r0, r0, r0, ror r0 ",1
"submi r0, sp, 0 ",1
"ldmdbeq r7!, {r0, r1, r4, r5, r7, r8, sl, ip, sp} ^ ",1
"andeq r0, r0, r0 ",1
"andeq r0, r0, r8 ",1
"andeq r0, r1, r0 ",1
"andeq r2, r0, r0 ",1
"andeq r0, r0, r0 ",1
"andeq r0, r0, r0 ",1
"andeq r0, r0, r0 ",1
"andeq r2, r0, r0 ",1
"andhs r0, r0, r0, lsl 4 ",1
"ldrhtne ip, [r7], -0xf1 ",1
"andeq r0, r1, r7, lsr 32 ",1
"andeq r0, r0, r2 ",1
invalid ,1
"ldrhs r7, [r1, -pc, asr 15] ",1
"andeq r0, r0, 0, 2 ",1
"andeq r0, r0, r0 ",1
"andeq r0, r0, r0 ",1
"andeq r0, r0, r0, lsl 4 ",1
"strblo r4, [r5, r0, lsl 6] ",1
"ldrdeq r7, r8, [r1], -r1 ",1
"andeq r0, r0, r1 ",1
"addeq r0, r0, r3 ",1
"andeq r0, r0, r0 ",1
"teqle r7, r3, asr 10 ",1
invalid ,1
"movweq r0, 0 ",1
"andeq sb, r0, r0 ",1
"stcmi p0, c0, [r0, -0] ",1
"ldrvc lr, [r5, -sb, lsl 12]! ",1
"andeq r0, r0, sl ",1
"andeq r0, r0, r0, lsl 18 ",1
invalid ,1
"eoreq r0, r0, r0 ",1
"andeq r0, r0, r0 ",1
"eoreq r0, r0, r0 ",1
"andeq r0, r0, r0 ",1
"eoreq r0, r0, r0 ",1
"andeq r0, r2, r0 ",1
"strbvc fp, [pc, r0, lsr 2] ",1
invalid ,1
"andeq r0, r0, r0, lsl 4 ",1
invalid ,1
"ldrhne ip, [r7, -0xf1]! ",1
"andeq r0, r1, r7, lsr 32 ",1
"andeq r0, r0, r2 ",1
"andeq r0, r0, r0 ",1
"andseq r0, r3, r0 ",1
"mrsgt r0, spsr ",1
"cmneq r7, r7, lsr r1 ",1
"andeq r0, r0, r0, lsl 2 ",1
"andge r0, r0, r0 ",1
"andeq r0, r0, r0 ",1
"strblo r4, [r1, r0, lsl 6] ",1
"ldrdeq r7, r8, [r2], -r1 ",1
"andeq r0, r0, r1 ",1
"adceq r0, r1, r0 ",1
"andeq r0, r0, r0 ",1
"teqle r7, r3, asr 2 ",1
invalid ,1
"andeq r0, r0, r0 ",1
"andeq sl, r0, r0, lsl 4 ",1
"movwmi r0, 0 ",1
"ldrbvc r3, [r1, r1, asr 15] ",1
"andeq r0, r1, r4 ",1
"andeq r0, r0, r0 ",1
"andeq r0, r0, r3, lsr 1 ",1
"mrsgt r0, spsr ",1
"ldrbeq sp, [r7, -0x137]! ",1
"andeq r0, r0, r0, lsl 2 ",1
"strge r0, [r0], -0 ",1
"andeq r0, r0, r0 ",1
"strblo r4, [r1, r0, lsl 6] ",1
"ldrdeq r7, r8, [r6], -r1 ",1
"andeq r0, r0, r1 ",1
"adceq r0, r5, r0 ",1
"andeq r0, r0, r0 ",1
"teqle r7, r3, asr 2 ",1
invalid ,1
"andeq r0, r0, r0 ",1
"andeq sl, r0, r0, lsl 12 ",1
"movwmi r0, 0 ",1
"ldrbvc r3, [r1, r3, asr 15] ",1
"andeq r0, r1, r8 ",1
"andeq r0, r2, r0 ",1
"andeq r0, r0, r8, lsr 1 ",1
"movtgt r0, 0x3000 ",1
"ldmdbeq r7!, {r0, r1, r2, r4, r5, r8, ip, lr, pc} ^ ",1
"andeq r0, r0, r0, lsl 2 ",1
"andlt r0, r0, r0, lsl 4 ",1
"andeq r0, r0, r0 ",1
"strblo r4, [r3, r0, lsl 6] ",1
"ldrdeq r7, r8, [sl], -r1 ",1
"andeq r0, r0, r1 ",1
"adcseq r0, r8, r2 ",1
"andeq r0, r0, r0 ",1
"teqle r7, r3, asr 4 ",1
"andeq r0, r0, 0x1dc00 ",1
"andeq r0, r0, r0 ",1
"andeq r0, r0, r0 ",1
"movwmi r0, 0 ",1
"ldrbvc r3, [r1, r2, asr 15] ",1
"andeq r0, r2, ip ",1
"andeq r0, r0, r0 ",1
"andeq r0, r0, r1 ",1
"subgt r0, r3, 0 ",1
"ldcleq p1, c13, [r7, -0xdc]! ",1
"andeq r0, r0, r0, lsl 4 ",1
"andeq r0, r0, 0 ",1
"andeq r0, r0, r0 ",1
"strblo r4, [r2, r0, lsl 6] ",1
"ldrdeq r7, r8, [lr], -r1 ",1
"andeq r0, r0, r2 ",1
"andeq r0, r4, r0 ",1
"andeq r0, r0, r0 ",1
"teqle r7, r3, asr 4 ",1
"andeq r0, r0, 0x1dc ",1
"andeq r0, r0, r0 ",1
"andeq r0, r0, r0, lsl 10 ",1
"movwmi r0, 0 ",1
"ldrbvc r3, [r1, r2, asr 15] ",1
"andeq r0, r2, r0, lsl r0 ",1
"andeq r0, r0, r0 ",1
"andeq r0, r0, r6 ",1
"strbgt r0, [r3], -0 ",1
"cmnne r7, r7, lsr r1 ",1
"andeq r0, r0, r0, lsl 4 ",1
"stmdaeq r0, {sb} ",1
"andeq r0, r0, r0 ",1
"strblo r4, [r4, r0, lsl 6] ",1
"ldrsbeq r7, [r2], -r1 ",1
"andeq r0, r0, r2 ",1
"andseq r0, r0, r2 ",1
"andeq r0, r0, r0 ",1
"teqle r7, r3, asr 8 ",1
"andeq r1, r0, 0xdc000001 ",1
"andeq r0, r0, 0 ",1
"andeq r1, r0, r0, lsl 16 ",1
"stcmi p0, c0, [r0, -0] ",1
invalid ,1
"andeq r0, r0, r2 ",1
"andeq r0, r0, r0, lsl 2 ",1
"andeq r0, r0, r0 ",1
"andne r0, r0, r0 ",1
"andeq r0, r0, r0 ",1
"andne r0, r0, r0 ",1
"andeq r0, r0, r0 ",1
"andeq r0, r0, r0 ",1
"andeq r0, r0, r0 ",1
"andeq r0, r0, r0 ",1
"andeq r0, r0, r0 ",1
"movwle r8, 0xc14d ",1
"andeq r0, r0, r7, ror r3 ",1
"andeq r0, r2, r0 ",1
"andeq r0, r0, r0 ",1
"andeq r0, r0, r0 ",1
"andeq r0, r0, r0, lsl r0 ",1
"andeq r0, r0, r0 ",1
"andeq r0, r0, r0, lsl r0 ",1
"andeq r0, r0, r0 ",1
"andeq r0, r0, r0 ",1
"andeq r0, r0, r0 ",1
"andeq r0, r0, r0 ",1
"stc2l p13, c4, [r0] ",1
"strdeq r0, r1, [r4], -sp ",1
"movweq r0, 0 ",1
"andeq r0, r0, r0 ",1
"andeq r0, r0, r0 ",1
"andeq r0, r0, r0 ",1
"andeq r0, r0, r0 ",1
"andeq r0, r0, r0 ",1
"andeq r0, r0, r0 ",1
"andeq r0, r0, r0 ",1
"andeq r0, r0, r0 ",1
"andeq r0, r0, r0 ",1
"teqeq lr, r0 ",1
"andeq r0, r0, sp ",1
"andeq r0, r0, r1 ",1
"andeq r0, r0, r0, asr 1 ",1
"andeq r0, r0, r0 ",1
"andeq r0, r0, r1, asr 1 ",1
"andeq r0, r0, r0 ",1
"andeq r0, r0, r3, asr 1 ",1
"andeq r0, r0, r0 ",1
"andeq r0, r0, r4, asr 1 ",1
"andeq r0, r0, r0 ",1
"andeq r0, r0, r5, asr 1 ",1
"andeq r0, r0, r0 ",1
"andeq r0, r0, r0 ",1
"andeq r0, r0, r2 ",1
"andeq r0, r0, r4 ",1
"andeq r0, r0, r2 ",1
"andeq r0, r0, r6 ",1
"andeq r0, r0, r2 ",1
"andeq r0, r0, r8 ",1
"andeq r0, r0, r2 ",1
"andeq r0, r0, sl ",1
"andeq r0, r0, r2 ",1
"andeq r0, r0, ip ",1
"andeq r0, r0, r2 ",1
"andeq r0, r0, lr ",1
"andeq r0, r0, r2 ",1
"andeq r0, r0, r0, lsl r0 ",1
"andeq r0, r0, r2 ",1
"andeq r0, r0, r6, lsr 32 ",1
"andeq r0, r0, r0 ",1
blpl 0x1444048 ,1
"mrchs p1, 1, r3, c4, c1, 1 ",1
"rsbeq r7, pc, r0, ror r2 ",1
"strbtvc r6, [r5], -r3, asr 24 ",1
"stmdbvc r7!, {r0, r2, r5, r6, sb, ip, sp, lr} ^ ",1
"stchs p3, c5, [r0, -0x104]! ",1
"cdpvs p3, 6, c5, c1, c0, 1 ",1
"stmdbvs ip!, {r1, r2, r6, r8, sl, sp, lr} ^ ",1
"andeq r6, r0, r3, ror 10 ",1
"rsbvc r6, r4, 0x410 ",1
"eorpl r6, r0, 0x40000019 ",1
invalid ,1
"andeq r6, r0, sb, ror 30 ",1
