inst,ground_truth
54c46       invalid,1
"andeq r0, r1, r1, lsl 2",1
"andeq r0, r0, r0",1
"andeq r0, r0, r0",1
"eoreq r0, r8, r2",1
"andeq r0, r0, r1",1
"andeq sb, r0, r0, lsl 7",1
"andeq r0, r0, r4, lsr r0",1
"andeq lr, r1, r0, ror 10",1
"streq r0, [r0, -2]",1
"eoreq r0, r0, r4, lsr r0",1
"eoreq r0, r8, r8",1
"eoreq r0, r3, r6, lsr 32",1
"andvc r0, r0, r1",1
"andeq r5, r0, ip, lsl 10",1
"andeq sp, r0, ip, lsl 10",1
"andeq sp, r0, ip, lsl 10",1
"andeq r0, r0, r8",1
"andeq r0, r0, r8",1
"andeq r0, r0, r4",1
"andeq r0, r0, r4",1
"andeq r0, r0, r6",1
"andeq r0, r0, r4, lsr r0",1
"andeq r8, r0, r4, lsr r0",1
"andeq r8, r0, r4, lsr r0",1
"andeq r0, r0, r0, lsl 2",1
"andeq r0, r0, r0, lsl 2",1
"andeq r0, r0, r5",1
"andeq r0, r0, r4",1
"andeq r0, r0, r3",1
"andeq r0, r0, r4, lsr r1",1
"andeq r8, r0, r4, lsr r1",1
"andeq r8, r0, r4, lsr r1",1
"andeq r0, r0, r3, lsl r0",1
"andeq r0, r0, r3, lsl r0",1
"andeq r0, r0, r4",1
"andeq r0, r0, r1",1
"andeq r0, r0, r1",1
"andeq r0, r0, r0",1
"andeq r8, r0, r0",1
"andeq r8, r0, r0",1
"andeq r5, r0, r8, lsl r5",1
"andeq r5, r0, r8, lsl r5",1
"andeq r0, r0, r5",1
"andeq r8, r0, r0",1
"andeq r0, r0, r1",1
"andeq r5, r0, r8, lsl r5",1
"andeq r5, r1, r8, lsl r5",1
"andeq r5, r1, r8, lsl r5",1
"andeq r0, r0, r0, asr r2",1
"strheq r0, [r0], -r4",1
"andeq r0, r0, r6",1
"andeq r8, r0, r0",1
"andeq r0, r0, r2",1
"andeq r5, r0, r4, lsr 10",1
"andeq r5, r1, r4, lsr 10",1
"andeq r5, r1, r4, lsr 10",1
"andeq r0, r0, r8, ror 1",1
"andeq r0, r0, r8, ror 1",1
"andeq r0, r0, r6",1
"andeq r0, r0, r4",1
"andeq r0, r0, r4",1
"andeq r0, r0, r8, asr 2",1
"andeq r8, r0, r8, asr 2",1
"andeq r8, r0, r8, asr 2",1
"andeq r0, r0, r4, asr 32",1
"andeq r0, r0, r4, asr 32",1
"andeq r0, r0, r4",1
"andeq r0, r0, r4",1
"ldrbtvs lr, [r4], -0x551",1
"andeq r0, r0, r0",1
"andeq r0, r0, r0",1
"andeq r0, r0, r0",1
"andeq r0, r0, r0",1
"andeq r0, r0, r0",1
"andeq r0, r0, r6",1
"andeq r0, r0, r4",1
"rsbvs r6, sb, 0x2f00",1
"stclhs p12, c6, [r4, -0xbc]!",1
"strbvc r6, [lr, -0x96c]!",1
svcvs 0x732e78,1
"andeq r3, r0, lr, lsr 6",1
"andeq r0, r0, r4",1
"andeq r0, r0, r0, lsl r0",1
"andeq r0, r0, r1",1
"subseq r4, r5, r7, asr 28",1
"andeq r0, r0, r0",1
"andeq r0, r0, r2",1
"andeq r0, r0, r6",1
"andeq r0, r0, r0, lsl r0",1
"andeq r0, r0, r4",1
"andeq r0, r0, r4, lsl r0",1
"andeq r0, r0, r3",1
"subseq r4, r5, r7, asr 28",1
"stclge p6, c0, [ip], -0x1c0",1
invalid,1
"stchs p9, c14, [fp], {0x9f}",1
"rsblo r0, sl, 0xaa00",1
invalid,1
"andeq r0, r0, r3, asr 32",1
"andeq r0, r0, r2",1
"andeq r0, r0, r0, lsl r0",1
"andeq r0, r0, sb",1
"rsceq r4, r2, r2, lsl 19",1
"cdpls p5, 1, c6, c9, c6, 4",1
"stcgt p8, c2, [r2], {0}",1
"andeq r1, r0, r2",1
"stmdbne r1, {r3, r7} ^",1
invalid,1
"stmdane r0, {r0, r5, r7, r8, sl, fp, ip, lr, pc} ^",1
"andeq r0, sl, r0, lsr 16",1
"stmdavs r2, {r1, r2, r3}",1
"strbhs r4, [r2], 0x192",1
"stmeq r0, {r1, r2, r3, r7, ip, sp}",1
"sbchs r2, r0, 0x50",1
"strbths r1, [r1], -0",1
"andeq r0, r0, r0",1
invalid,1
"andseq sl, r1, r0",1
"andeq r0, r0, r0",1
"andeq r0, r0, r2",1
"andeq r0, r0, r0",1
"andeq r0, r0, r3",1
"andeq r0, r0, r5",1
"andeq r0, r0, r6",1
"andeq r0, r0, r7",1
"andeq r0, r0, sl",1
"andeq r0, r0, sp",1
"andeq r0, r0, lr",1
"andeq r0, r0, pc",1
"andeq r0, r0, r1, lsl r0",1
"andeq r0, r0, r2, lsl r0",1
"andeq r0, r0, r0",1
"andeq r0, r0, r4, lsl r0",1
"andeq r0, r0, r5, lsl r0",1
"andeq r0, r0, r0",1
"andeq r0, r0, r6, lsl r0",1
"andeq r0, r0, r0",1
"andeq r0, r0, r7, lsl r0",1
"andeq r0, r0, r0",1
"andeq r0, r0, sl, lsl r0",1
"andeq r0, r0, fp, lsl r0",1
"andeq r0, r0, r0",1
"andeq r0, r0, r0",1
"andeq r0, r0, sp, lsl r0",1
"andeq r0, r0, r0",1
"andeq r0, r0, lr, lsl r0",1
"andeq r0, r0, pc, lsl r0",1
"andeq r0, r0, r0, lsr 32",1
"andeq r0, r0, r1, lsr 32",1
"andeq r0, r0, r0",1
"andeq r0, r0, r0",1
"andeq r0, r0, r2, lsr 32",1
"andeq r0, r0, r3, lsr 32",1
"andeq r0, r0, r0",1
"andeq r0, r0, r0",1
"andeq r0, r0, r4, lsr 32",1
"andeq r0, r0, r6, lsr 32",1
"andeq r0, r0, r7, lsr 32",1
"andeq r0, r0, r0",1
"andeq r0, r0, r8, lsr 32",1
"andeq r0, r0, sl, lsr 32",1
"andeq r0, r0, ip, lsr 32",1
"andeq r0, r0, lr, lsr 32",1
"andeq r0, r0, r1, lsr r0",1
"andeq r0, r0, r0",1
"andeq r0, r0, r2, lsr r0",1
"andeq r0, r0, r4, lsr r0",1
"andeq r0, r0, r0",1
"andeq r0, r0, r0",1
"andeq r0, r0, r5, lsr r0",1
"andeq r0, r0, r0",1
"andeq r0, r0, r6, lsr r0",1
"andeq r0, r0, r0",1
"andeq r0, r0, r0",1
"andeq r0, r0, sl, lsr r0",1
"andeq r0, r0, ip, lsr r0",1
"andeq r0, r0, sp, lsr r0",1
"andeq r0, r0, pc, lsr r0",1
"andeq r0, r0, r0",1
"andeq r0, r0, r1, asr 32",1
"andeq r0, r0, r2, asr 32",1
"andeq r0, r0, r3, asr 32",1
"andeq r0, r0, r0",1
"andeq r0, r0, r4, asr 32",1
"andeq r0, r0, r5, asr 32",1
invalid,1
blmi 0x151431c,1
"strgt r7, [r5, 0x36d]",1
"rschs sp, r1, 0x2b",1
"rscls r5, pc, r3, lsr 21",1
invalid,1
bllo 0xffe9dba0,1
svceq 0x11ed7d,1
"mrcls p0, 3, r5, c6, c12, 5",1
"stcne p2, c15, [fp], {0x38}",1
invalid,1
svcge 0xc3fcd,1
"stc2l p2, c3, [r0, -0xb4]",1
"ldceq p13, c10, [sb, -0xf0]!",1
"stcne p13, c1, [ip], {0x29}",1
"rscvc r6, r3, r7, ror pc",1
"ldrbtge r2, [sb], 0x300",1
svcge 0xe70ad,1
invalid,1
invalid,1
svceq 0x4c18cf,1
invalid,1
"rscsne ip, r7, 0x32000000",1
invalid,1
"stceq p5, c7, [r2, 0x244]",1
"ldcne p6, c9, [r3], {0x5e}",1
"ldcvc p0, c15, [r6], {0x87}",1
"strbtlt lr, [fp], 0x20b",1
"adcseq r7, r0, 0x21000000",1
"fldmiaxvc ip, {d7, d8, d9, d10, d11, d12, d13, d14}",1
"mcreq p6, 7, r8, c15, c15, 5",1
"subhs r4, sb, 0x19c000",1
invalid,1
"ldrt r0, [sp], 0x7c3",1
"ldc2 p15, c8, [sp, -0x100]",1
"tst r1, 0x510",1
svceq 0x6321ef,1
invalid,1
"stc2 p13, c6, [r7, -0x250]",1
"ldrgt r7, [fp, -0x45f]!",1
"stc2 p15, c12, [sb, -0x80]",1
bvc 0xfed4e5d8,1
"stcllo p14, c0, [r0, 0x318]!",1
"fldmiaxne r3, {d11, d12, d13, d14, d15, d16, d17, d18, d19, d20, d21, d22, d23, d24, d25, d26}",1
"rscne sb, pc, 96, 16",1
"ldc2l p7, c3, [r6, -8]!",1
"mcrpl p7, 0, pc, c0, c11, 6",1
"ldcvc p14, c7, [r6], {0x3f}",1
"stceq p5, c7, [r2, 0x90]",1
svceq 0x3938cf,1
svceq 0x3b9a5b,1
invalid,1
"subne lr, r4, r8, lsr r8",1
"rsbvc r2, r3, 0xce00",1
"sbchs r5, fp, sl, asr 11",1
blhs 0x10fab80,1
invalid,1
"cmpvs sp, r1, lsr 21",1
"ldrbne sp, [sp], 0xc5",1
"vldmiane r3, {d13, d14, d15, d16, d17, d18, d19, d20, d21, d22, d23, d24, d25, d26, d27, d28}",1
"ldrbhs sl, [r0, -0x4ad]",1
"ldrbhs sl, [r5, r6, lsl 28]",1
"stceq p8, c11, [r2, 0xc4]",1
"ldreq r6, [r4], sp, lsl 27",1
"tstlt r5, 0xf0000000",1
"ldcne p6, c9, [r3], {0xcb}",1
"ldrlt r7, [r5, -r3, lsl 13]!",1
"stcllt p15, c14, [sb], 0xc4",1
"andeq r0, r0, r0",1
"andeq r0, r0, r0",1
"andeq r0, r0, r0",1
"andeq r0, r0, r0",1
"andeq r0, r0, r1",1
"andeq r0, r0, r0",1
"andeq r0, r0, r0",1
"andeq r0, r0, r0, lsr 32",1
"andeq r0, r0, r3, lsr 3",1
"andeq r8, r0, ip, asr 30",1
"andeq r0, r0, r0",1
"andeq r0, r0, r2, lsl r0",1
"andeq r0, r0, sp, asr 4",1
"strdeq r8, sb, [r0], -r0",1
"andeq r0, r0, r0",1
"andeq r0, r0, r2, lsl r0",1
"andeq r0, r0, sp, asr r1",1
"andeq sb, r0, r8, lsr 1",1
"andeq r0, r0, r0",1
"andeq r0, r0, r2, lsl r0",1
"andeq r0, r0, r5, lsl r2",1
"andeq sb, r0, r8, asr 32",1
"andeq r0, r0, r0",1
"andeq r0, r0, r2, lsl r0",1
"andeq r0, r0, r8, ror 3",1
"strheq r8, [r0], -ip",1
"andeq r0, r0, r0",1
"andeq r0, r0, r2, lsl r0",1
"andeq r0, r0, r3, lsr 4",1
"andeq r8, r0, r0, lsl 29",1
"andeq r0, r0, r0",1
"andeq r0, r0, r2, lsl r0",1
"andeq r0, r0, r1, lsl r1",1
"andeq r8, r0, r4, lsr 29",1
"andeq r0, r0, r0",1
"andeq r0, r0, r2, lsl r0",1
"muleq r0, r4, r0",1
"muleq r0, r0, r0",1
"andeq r0, r0, r0",1
"andeq r0, r0, r2, lsl r0",1
"andeq r0, r0, r1, ror 4",1
"andeq r5, r1, r8, ror 14",1
"andeq r0, r0, r4",1
"andseq r0, r8, r1, lsl r0",1
"andeq r0, r0, lr, lsr 3",1
"andeq r5, r1, r0, lsl 15",1
"andeq r0, r0, r4",1
"andseq r0, r8, r1, lsl r0",1
"ldrdeq r0, r1, [r0], -r6",1
"strheq r8, [r0], -r0",1
"andeq r0, r0, r0",1
"andeq r0, r0, r2, lsl r0",1
"andeq r0, r0, r7, asr 32",1
"andeq sb, r0, r4, lsl 1",1
"andeq r0, r0, r0",1
"andeq r0, r0, r2, lsl r0",1
"andeq r0, r0, sl, lsl r0",1
"andeq r8, r0, r0, lsr 28",1
"andeq r0, r0, r0",1
"andeq r0, r0, r2, lsl r0",1
"andeq r0, r0, r8, asr 2",1
"andeq r8, r0, r4, lsr pc",1
"andeq r0, r0, r0",1
"andeq r0, r0, r2, lsl r0",1
"andeq r0, r0, sl, lsr 2",1
"andeq r5, r1, r4, lsl 15",1
"andeq r0, r0, r4",1
"andseq r0, r8, r1, lsl r0",1
"andeq r0, r0, ip, ror r1",1
"andeq r8, r0, r4, lsl 30",1
"andeq r0, r0, r0",1
"andeq r0, r0, r2, lsl r0",1
"strdeq r0, r1, [r0], -r2",1
"andeq r8, r0, ip, lsr 31",1
"andeq r0, r0, r0",1
"andeq r0, r0, r2, lsl r0",1
"andeq r0, r0, r6, asr r0",1
"andeq sb, r0, r0, lsr r0",1
"andeq r0, r0, r0",1
"andeq r0, r0, r2, lsl r0",1
"andeq r0, r0, pc, asr 1",1
"andeq r8, r0, r4, ror 27",1
"andeq r0, r0, r0",1
"andeq r0, r0, r2, lsl r0",1
"andeq r0, r0, r5, lsr r2",1
"andeq r8, r0, r0, asr 30",1
"andeq r0, r0, r0",1
"andeq r0, r0, r2, lsl r0",1
"andeq r0, r0, r7, asr 4",1
"andeq sb, r0, r4, asr r0",1
"andeq r0, r0, r0",1
"andeq r0, r0, r2, lsl r0",1
"andeq r0, r0, r5, asr r1",1
"andeq r8, r0, r0, asr lr",1
"andeq r0, r0, r0",1
"andeq r0, r0, r2, lsl r0",1
"andeq r0, r0, pc, asr 32",1
"andeq r5, r1, r8, ror r7",1
"andeq r0, r0, r4",1
"andseq r0, r8, r1, lsl r0",1
"strheq r0, [r0], -r5",1
"ldrdeq r8, sb, [r0], -r0",1
"andeq r0, r0, r0",1
"andeq r0, r0, r2, lsl r0",1
"andeq r0, r0, sl, lsr r1",1
"andeq r8, r0, r4, asr 28",1
"andeq r0, r0, r0",1
"andeq r0, r0, r2, lsl r0",1
"andeq r0, r0, lr, lsr 4",1
"andeq r8, r0, r4, lsl lr",1
"andeq r0, r0, r0",1
"andeq r0, r0, r2, lsl r0",1
"andeq r0, r0, ip, asr r2",1
"andeq r8, r0, ip, lsr 28",1
"andeq r0, r0, r0",1
"andeq r0, r0, r2, lsl r0",1
"andeq r0, r0, r8, lsr 32",1
"ldrdeq r8, sb, [r0], -ip",1
"andeq r0, r0, r0",1
"andeq r0, r0, r2, lsl r0",1
"andeq r0, r0, r4, lsl 3",1
"andeq sb, r0, r8, ror r0",1
"andeq r0, r0, r0",1
"andeq r0, r0, r2, lsl r0",1
"andeq r0, r0, lr, ror r0",1
"andeq r8, r0, r8, lsr 30",1
"andeq r0, r0, r0",1
"andeq r0, r0, r2, lsl r0",1
"muleq r0, sl, r0",1
"andeq r8, r0, r8, lsr lr",1
"andeq r0, r0, r0",1
"andeq r0, r0, r2, lsl r0",1
"andeq r0, r0, lr, lsl 3",1
"andeq r8, r0, r0, ror pc",1
"andeq r0, r0, r0",1
"andeq r0, r0, r2, lsl r0",1
"andeq r0, r0, pc, asr 3",1
"andeq r8, r0, ip, ror pc",1
"andeq r0, r0, r0",1
"andeq r0, r0, r2, lsl r0",1
"strheq r0, [r0], -r8",1
"andeq r8, r0, r8, asr 29",1
"andeq r0, r0, r0",1
"andeq r0, r0, r2, lsl r0",1
"andeq r0, r0, lr, lsl 4",1
"ldrdeq r8, sb, [r0], -r8",1
"andeq r0, r0, r0",1
"andeq r0, r0, r2, lsl r0",1
"andeq r0, r0, ip, lsl r1",1
"strdeq r8, sb, [r0], -r4",1
"andeq r0, r0, r0",1
"andeq r0, r0, r2, lsl r0",1
"andeq r0, r0, r8, ror r0",1
"strdeq r8, sb, [r0], -r8",1
"andeq r0, r0, r0",1
"andeq r0, r0, r2, lsl r0",1
"andeq r0, r0, r0, lsr 1",1
"andeq r5, r1, r0, ror r7",1
"andeq r0, r0, r4",1
"andseq r0, r8, r1, lsr 32",1
"andeq r0, r0, r1, ror r0",1
"andeq sb, r0, r0, rrx",1
"andeq r0, r0, r0",1
"andeq r0, r0, r2, lsl r0",1
"andeq r0, r0, pc, lsl r2",1
"andeq sb, r0, ip, rrx",1
"andeq r0, r0, r0",1
"andeq r0, r0, r2, lsl r0",1
"andeq r0, r0, r1, asr 2",1
"andeq sb, r0, r0",1
"andeq r0, r0, r0",1
"andeq r0, r0, r2, lsl r0",1
"andeq r0, r0, r8, ror 2",1
"andeq sb, r0, r8, lsl r0",1
"andeq r0, r0, r0",1
"andeq r0, r0, r2, lsl r0",1
"andeq r0, r0, ip, lsl 1",1
"andeq r8, r0, r4, ror lr",1
"andeq r0, r0, r0",1
"andeq r0, r0, r2, lsl r0",1
"ldrdeq r0, r1, [r0], -r6",1
"muleq r0, r4, pc",1
"andeq r0, r0, r0",1
"andeq r0, r0, r2, lsl r0",1
"andeq r0, r0, r3, lsl 2",1
"andeq r8, r0, r0, lsl pc",1
"andeq r0, r0, r0",1
"andeq r0, r0, r2, lsl r0",1
"andeq r0, r0, r8, asr 3",1
"andeq r8, r0, r8, ror 31",1
"andeq r0, r0, r0",1
"andeq r0, r0, r2, lsl r0",1
"andeq r0, r0, r8, rrx",1
"strheq sb, [r0], -r4",1
"andeq r0, r0, r0",1
"andeq r0, r0, r2, lsl r0",1
"muleq r0, fp, r0",1
"andeq r8, r0, r8, lsl 31",1
"andeq r0, r0, r0",1
"andeq r0, r0, r2, lsl r0",1
"andeq r0, r0, sl, lsl 2",1
"andeq r8, r0, ip, asr lr",1
"andeq r0, r0, r0",1
"andeq r0, r0, r2, lsl r0",1
"andeq r0, r0, r2, ror r0",1
"andeq r8, r0, ip, lsl 29",1
"andeq r0, r0, r0",1
"andeq r0, r0, r2, lsl r0",1
"andeq r0, r0, r2, asr 2",1
"muleq r0, ip, r0",1
"andeq r0, r0, r0",1
"andeq r0, r0, r2, lsl r0",1
"strdeq r0, r1, [r0], -r0",1
"andeq r5, r1, r8, ror 14",1
"andeq r0, r0, r4",1
"andseq r0, r8, r1, lsr 32",1
"andeq r0, r0, pc, asr 2",1
"andeq r8, r0, r8, lsl 28",1
"andeq r0, r0, r0",1
"andeq r0, r0, r2, lsl r0",1
"andeq r0, r0, ip, ror 4",1
"andeq r5, r1, r0, ror r7",1
"andeq r0, r0, r4",1
"andseq r0, r8, r1, lsl r0",1
"ldrdeq r0, r1, [r0], -sp",1
"andeq r8, r0, r0, lsr 31",1
"andeq r0, r0, r0",1
"andeq r0, r0, r2, lsl r0",1
"andeq r0, r0, ip, ror r2",1
"strheq r8, [r0], -r8",1
"andeq r0, r0, r0",1
"andeq r0, r0, r2, lsl r0",1
"muleq r0, ip, r1",1
"andeq r8, r0, ip, lsl pc",1
"andeq r0, r0, r0",1
"andeq r0, r0, r2, lsl r0",1
"andeq r0, r0, r5, lsr r0",1
"andeq sb, r0, r4, lsr 32",1
"andeq r0, r0, r0",1
"andeq r0, r0, r2, lsl r0",1
"andeq r0, r0, r3, lsl 1",1
"muleq r0, r8, lr",1
"andeq r0, r0, r0",1
"andeq r0, r0, r2, lsl r0",1
"andeq r0, r0, fp, ror 1",1
"strdeq r8, sb, [r0], -ip",1
"andeq r0, r0, r0",1
"andeq r0, r0, r2, lsl r0",1
"andeq r0, r0, r1, lsr r1",1
"andeq sb, r0, ip",1
"andeq r0, r0, r0",1
"andeq r0, r0, r2, lsl r0",1
"strheq r0, [r0], -ip",1
"andeq r8, r0, r4, ror 30",1
"andeq r0, r0, r0",1
"andeq r0, r0, r2, lsl r0",1
"andeq r0, r0, r4, ror 1",1
"andeq r8, r0, r4, asr 31",1
"andeq r0, r0, r0",1
"andeq r0, r0, r2, lsl r0",1
"andeq r0, r0, r0, ror r1",1
"andeq sb, r0, ip, lsr r0",1
"andeq r0, r0, r0",1
"andeq r0, r0, r2, lsl r0",1
"ldrdeq r0, r1, [r0], -sp",1
"andeq r8, r0, r0, ror 29",1
"andeq r0, r0, r0",1
"andeq r0, r0, r2, lsl r0",1
"andeq r0, r0, r1, lsr 32",1
"ldrdeq r8, sb, [r0], -r4",1
"andeq r0, r0, r0",1
"andeq r0, r0, r2, lsl r0",1
"andeq r0, r0, pc, lsr r0",1
"andeq r8, r0, ip, ror 29",1
"andeq r0, r0, r0",1
"andeq r0, r0, r2, lsl r0",1
"andeq r0, r0, lr, asr r0",1
"andeq r8, r0, r8, ror 28",1
"andeq r0, r0, r0",1
"andeq r0, r0, r2, lsl r0",1
"ldrbvs r5, [pc, -r0, lsl 30] ; [0x860:4]=0x72617473",1
svcpl 0x6e6f6d,1
"rsbvc r7, r1, 0x73000000",1
"subseq r5, pc, r4, ror pc",1
invalid,1
"cdphs p3, 6, c7, c15, c14, 1",1
"uqasxvs r0, r6, r6",1
"ldmdavs r3!, {r2, r3, r5, r6, r8, sl, ip, sp, lr} ^",1
"rsbsvc r7, r4, 0, 6",1
"rsbseq r7, sb, r3, rrx",1
"rsbsvc r5, r0, 0x17c",1
"ldrbtvs r6, [r4], -sb, ror 28",1
blvs 0x1a1960c,1
"strbtvc r7, [r5], -0x300",1
invalid,1
"stcvs p5, c6, [r0, -0x1b0]",1
svcvs 0x747262,1
"movwvc r6, 0x377",1
invalid,1
svcvs 0x706d,1
"mcrvs p4, 3, r7, c9, c0, 3",1
"ldrbtvc r0, [r3], -0x64",1
"stmdavs r3!, {r1, r4, r5, r6, sb, ip, sp, lr} ^",1
invalid,1
"ldrbtvc r6, [r4], -0x567",1
"rsbseq r7, r4, r5, ror 16",1
invalid,1
"rsbvc r6, sb, 0x65000000",1
"stmdavs r3!, {sb, sl, sp, lr} ^",1
"rsbseq r6, r2, r4, ror 18",1
svcvs 0x727265,1
"ldrbvc r0, [r0, -0x72]!",1
"stmdbvs r0, {r2, r4, r5, r6, r8, sb, ip, sp, lr}",1
"rsbsvc r7, r0, 0x1cc0000",1
"rsbseq r6, r4, sb, ror 28",1
"stclvs p5, c6, [r1], -0x1c8",1
"rsbeq r6, r3, ip, ror 30",1
"rsbvc r6, pc, 0x10000006",1
"ldrbvs r0, [0x00000884]     ; [0x884:4]=0x66746e69",1
"rsbseq r6, r4, r8, ror sb",1
invalid,1
svcpl 0x6d6172,1
svcvs 0x766e69,1
"ldmdbvs r4!, {r0, r1, r5, r6, r8, sp, lr} ^",1
"cdpvs p14, 5, c6, c15, c15, 3",1
"rsbeq r6, r5, r1, ror 26",1
"strbtvc r5, [r3], -0xf5f",1
svcpl 0x657079,1
svcpl 0x746567,1
"cmpvs pc, 0xd0000006",1
"ldclvs p2, c7, [0x00000754]",1
"movwvs r7, 0x861",1
svcvs 0x6c6c61,1
"ldrbtvc r0, [r3], -0x63",1
"mcrvs p12, 3, r6, c5, c2, 3",1
"strbvs r7, [lr, -r0, lsl 10]!",1
"rsbeq r7, r3, r5, ror 8",1
invalid,1
"movwvc r7, 0x465",1
"ldrbtvc r7, [r3], -0x274",1
svcpl 0x5f0072,1
"cdpvs p2, 7, c7, c2, c5, 3",1
svcvs 0x6c5f6f,1
"ldmdbvs r4!, {r0, r1, r5, r6, r8, sp, lr} ^",1
svcvs 0x6e6f,1
"uqsub16lo r6, lr, r0",1
"strbvs r0, [sp, -0x34]!",1
"rsbvc r6, sp, sp, ror 6",1
"ldrbvs r5, [pc], -r0, lsl 30 ; [0x970:4]=0x343674",1
"cmnvs r4, r8, ror r3",1
"eorseq r3, r4, r4, ror r6",1
"rsbvc r5, r6, pc, asr pc",1
"strbtvc r6, [lr], -0x972",1
"stmdavs r3!, {r1, r2, r5, r6, r8, sb, sl, fp, ip, lr} ^",1
"ldrbtvc r0, [r3], -0x6b",1
"ldrbtvc r6, [r5], -0xf64",1
"ldrbvs r6, [r3, -0x600]!",1
"strbtlo r6, [pc], -r5, ror 22",1
"strbvs r0, [sp, -0x34]!",1
"ldmdbvc r0!, {r0, r2, r3, r5, r6, r8, sb, sp, lr} ^",1
"stclvs p6, c6, [r3], -0",1
"rsbeq r7, r5, pc, ror 6",1
"stclvs p1, c6, [ip], -0x1b4",1
"andvc r6, r0, 0xbc000001",1
"ldrbvs r6, [r3, -0x961]!",1
invalid,1
"strbtvc r6, [sb], -0xe69",1
"mrrcvs p15, 0, r5, pc, c0",1
"cmnvs r4, r8, ror r3",1
"eorseq r3, r4, r4, ror r6",1
"uhsaxvs r5, r5, pc",1
"rsbseq r6, r7, ip, ror 30",1
"mrrcvs p12, 6, r6, pc, c14",1
"stmdbvs r7!, {r0, r5, r6, sb, sl, fp, sp, lr} ^",1
"rsbeq r6, pc, lr, ror 12",1
"cdpvs p0, 6, c7, c5, c15, 3",1
"rsbseq r6, r2, r4, ror 18",1
"cmnvc r8, 0x17c",1
"uhsub16lo r6, r4, r4",1
svcpl 0x5f0034,1
"rsbsvc r7, sb, r3, ror 8",1
svcpl 0x625f65,1
"rsbeq r6, r3, ip, ror 30",1
"ldrbvs r6, [r4, -0x567]!",1
svcpl 0x766e,1
"ldrbvs r6, [r2, -0x65f]!",1
"cdpvs p4, 6, c6, c9, c1, 3",1
"ldrbtvc r0, [r3], -0x67",1
"rsbsvc r6, r2, 100, 10",1
"cmnvs r3, 0, 12",1
"rsbeq r6, r6, r1, ror 28",1
svcvs 0x746567,1
"mrrcvs p4, 7, r7, pc, c0",1
"rsbeq r6, r7, pc, ror 28",1
"strbvs r6, [ip, -0x966]!",1
"strvs r6, [r0, -lr, ror 30]",1
"strbvc r7, [r3, -r5, ror 8]!",1
"strbvc r0, [r6, -r4, rrx]!",1
"ldrbvs r6, [r4, -0x972]!",1
"ldrbvs r5, [pc], -r0, lsl 30 ; [0xa3c:4]=0x676e69",1
"strbtvs r6, [lr], -0x570",1
"rsbeq r6, r7, sb, ror 28",1
"strbvs r7, [r5, -0x36c]!",1
"eorseq r3, r4, fp, ror 12",1
invalid,1
svcpl 0x6d6172,1
svcvs 0x766e69,1
"ldmdbvs r4!, {r0, r1, r5, r6, r8, sp, lr} ^",1
"cmpvc pc, 0x6f0",1
"ldrbtvc r6, [r2], -0xf68",1
"stclvs p14, c6, [r1, -0x17c]!",1
"strbtvs r0, [r6], -0x65",1
"cdpvs p0, 6, c7, c5, c15, 3",1
invalid,1
"rsbvc r6, sb, 100, 8",1
"andvs r3, r0, 0x36000000",1
"strbtvc r6, [r4], -0xe69",1
"ldrbtvs r7, [r4], -0x865",1
"stmdbvs r1!, {r0, r1, r2, r3, r5, r6, r8, sl, fp, sp, lr} ^",1
"ldrbtvc r0, [r3], -0x6e",1
"rsbvc r6, sp, r2, ror r3",1
"mrrcvs p15, 0, r5, pc, c0",1
svcpl 0x636269,1
"rsbvc r7, r1, 0x73000000",1
invalid,1
"strvs r6, [r0], -0xe69",1
"strbtvs r7, [r6], -0x269",1
"ldrbvc r6, [r0, -0x600]!",1
"ldrbvc r7, [0x0000073c]     ; [0x73c:4]=0x909c",1
invalid,1
"rsbeq r6, r4, fp, ror 10",1
"strbvs r7, [r5, -0x266]!",1
"subsvc r5, pc, r0, lsl 30",1
"mcrvs p15, 3, r6, c7, c2, 3",1
"rsbeq r6, r5, r1, ror 26",1
"rsbsvc r5, r0, 0x17c",1
invalid,1
"ldrbvs r6, [pc], -sp, ror 10 ; [0xad4:4]=0x78635f5f",1
"rsbeq r6, ip, r5, ror ip",1
"stmdavc r3!, {r0, r1, r2, r3, r4, r6, r8, sb, sl, fp, ip, lr} ^",1
"strbtvc r5, [r1], -0xf61",1
"strbtvc r7, [sb], -0x865",1
"stmdbmi ip, {r8, sb, sl, lr} ^",1
"subslo r4, pc, 0x8000001",1
"andeq r3, r0, lr, lsr 8",1
"andeq r0, r0, r0",1
"andeq r0, r2, r2",1
"andeq r0, r2, r2",1
"andeq r0, r2, r2",1
"andeq r0, r2, r2",1
"andeq r0, r2, r2",1
"andeq r0, r2, r2",1
"andeq r0, r2, r2",1
"andeq r0, r2, r2",1
"andeq r0, r2, r2",1
"andeq r0, r2, r2",1
"andeq r0, r2, r2",1
"andeq r0, r2, r2",1
"andeq r0, r2, r2",1
"andeq r0, r2, r2",1
"andeq r0, r2, r2",1
"andeq r0, r2, r2",1
"andeq r0, r2, r2",1
"andeq r0, r2, r2",1
"andeq r0, r2, r2",1
"andeq r0, r2, r2",1
"andeq r0, r2, r2",1
"andeq r0, r2, r2",1
"andeq r0, r2, r2",1
"andeq r0, r2, r2",1
"andeq r0, r2, r2",1
"andeq r0, r2, r2",1
"andeq r0, r2, r2",1
"andeq r0, r2, r2",1
"andeq r0, r2, r2",1
"andeq r0, r2, r2",1
"andeq r0, r2, r2",1
"andeq r0, r2, r2",1
"andeq r0, r2, r2",1
"andeq r0, r2, r2",1
"andeq r0, r1, r1",1
"andeq r0, r0, r0, lsl r0",1
"andeq r0, r0, r0, lsl r0",1
"andeq r0, r0, r0",1
"stcleq p9, c6, [sb, -0x50]!",1
"andeq r0, r2, r0",1
"andeq r0, r0, sb, lsl 5",1
"andeq r0, r0, r0",1
"andeq r5, r1, r0, lsl r7",1
"andeq r0, r0, r5, lsl r1",1
"andeq r5, r1, r8, ror 14",1
"andeq r0, r0, r4, lsl sl",1
"andeq r5, r1, r0, ror r7",1
"andeq r3, r0, r4, lsl r7",1
"andeq r5, r1, r8, ror r7",1
"andeq r1, r0, r4, lsl r8",1
"andeq r5, r1, r0, lsl 15",1
"andeq r0, r0, r4, lsl fp",1
"andeq r5, r1, r4, lsl 15",1
"andeq r1, r0, r4, lsl r0",1
"andeq r5, r1, r8, lsl r6",1
"andeq r2, r0, r6, lsl r4",1
"andeq r5, r1, ip, lsl r6",1
"andeq r1, r0, r6, lsl r4",1
"andeq r5, r1, r0, lsr 12",1
"andeq r0, r0, r6, lsl r3",1
"andeq r5, r1, r4, lsr 12",1
"andeq r3, r0, r6, lsl sp",1
"andeq r5, r1, r8, lsr 12",1
"andeq r3, r0, r6, lsl r6",1
"andeq r5, r1, ip, lsr 12",1
"andeq r1, r0, r6, lsl fp",1
"andeq r5, r1, r0, lsr r6",1
"andeq r0, r0, r6, lsl lr",1
"andeq r5, r1, r4, lsr r6",1
"andeq r1, r0, r6, lsl ip",1
"andeq r5, r1, r8, lsr r6",1
"andeq r2, r0, r6, lsl r0",1
"andeq r5, r1, ip, lsr r6",1
"andeq r1, r0, r6, lsl sl",1
"andeq r5, r1, r0, asr 12",1
"andeq r1, r0, r6, lsl r7",1
"andeq r5, r1, r4, asr 12",1
"andeq r3, r0, r6, lsl r2",1
"andeq r5, r1, r8, asr 12",1
"andeq r4, r0, r6, lsl r5",1
"andeq r5, r1, ip, asr 12",1
"andeq r2, r0, r6, lsl ip",1
"andeq r5, r1, r0, asr r6",1
"andeq r0, r0, r6, lsl r7",1
"andeq r5, r1, r4, asr r6",1
"andeq r3, r0, r6, lsl r3",1
"andeq r5, r1, r8, asr r6",1
"andeq r3, r0, r6, lsl ip",1
"andeq r5, r1, ip, asr r6",1
"andeq r0, r0, r6, lsl r8",1
"andeq r5, r1, r0, ror 12",1
"andeq r0, r0, r6, lsl ip",1
"andeq r5, r1, r4, ror 12",1
"andeq r0, r0, r6, lsl r6",1
"andeq r5, r1, r8, ror 12",1
"andeq r2, r0, r6, lsl r3",1
"andeq r5, r1, ip, ror 12",1
"andeq r4, r0, r6, lsl r3",1
"andeq r5, r1, r0, ror r6",1
"andeq r4, r0, r6, lsl r2",1
"andeq r5, r1, r4, ror r6",1
"andeq r4, r0, r6, lsl r4",1
"andeq r5, r1, r8, ror r6",1
"andeq r2, r0, r6, lsl r6",1
"andeq r5, r1, ip, ror r6",1
"andeq r1, r0, r6, lsl r1",1
"andeq r5, r1, r0, lsl 13",1
"andeq r2, r0, r6, lsl lr",1
"andeq r5, r1, r4, lsl 13",1
"andeq r3, r0, r6, lsl sl",1
"andeq r5, r1, r8, lsl 13",1
"andeq r1, r0, r6, lsl pc",1
"andeq r5, r1, ip, lsl 13",1
"andeq r0, r0, r6, lsl pc",1
"muleq r1, r0, r6",1
"andeq r1, r0, r6, lsl r5",1
"muleq r1, r4, r6",1
"andeq r0, r0, r6, lsl r2",1
"muleq r1, r8, r6",1
"andeq r0, r0, r6, lsl r1",1
"muleq r1, ip, r6",1
"andeq r3, r0, r6, lsl pc",1
"andeq r5, r1, r0, lsr 13",1
"andeq r2, r0, r6, lsl r1",1
"andeq r5, r1, r4, lsr 13",1
"andeq r2, r0, r6, lsl r2",1
"andeq r5, r1, r8, lsr 13",1
"andeq r3, r0, r6, lsl r1",1
"andeq r5, r1, ip, lsr 13",1
"andeq r2, r0, r6, lsl sp",1
"strheq r5, [r1], -r0",1
"andeq r3, r0, r6, lsl r8",1
"strheq r5, [r1], -r4",1
"andeq r1, r0, r6, lsl r2",1
"strheq r5, [r1], -r8",1
"andeq r3, r0, r6, lsl sb",1
"strheq r5, [r1], -ip",1
"andeq r4, r0, r6, lsl r0",1
"andeq r5, r1, r0, asr 13",1
"andeq r1, r0, r6, lsl sb",1
"andeq r5, r1, r4, asr 13",1
"andeq r1, r0, r6, lsl sp",1
"andeq r5, r1, r8, asr 13",1
"andeq r2, r0, r6, lsl pc",1
"andeq r5, r1, ip, asr 13",1
"andeq r2, r0, r6, lsl r5",1
"ldrdeq r5, r6, [r1], -r0",1
"andeq r2, r0, r6, lsl sl",1
"ldrdeq r5, r6, [r1], -r4",1
"andeq r3, r0, r6, lsl lr",1
"ldrdeq r5, r6, [r1], -r8",1
"andeq r2, r0, r6, lsl fp",1
"ldrdeq r5, r6, [r1], -ip",1
"andeq r3, r0, r6, lsl fp",1
"andeq r5, r1, r0, ror 13",1
"andeq r1, r0, r6, lsl r3",1
"andeq r5, r1, r4, ror 13",1
"andeq r4, r0, r6, lsl r1",1
"andeq r5, r1, r8, ror 13",1
"andeq r0, r0, r6, lsl r5",1
"andeq r5, r1, ip, ror 13",1
"andeq r1, r0, r6, lsl r6",1
"strdeq r5, r6, [r1], -r0",1
"andeq r2, r0, r6, lsl r8",1
"strdeq r5, r6, [r1], -r4",1
"andeq r2, r0, r6, lsl sb",1
"strdeq r5, r6, [r1], -r8",1
"andeq r1, r0, r6, lsl lr",1
"strdeq r5, r6, [r1], -ip",1
"andeq r0, r0, r6, lsl sp",1
"andeq r5, r1, r0, lsl 14",1
"andeq r0, r0, r6, lsl sb",1
"andeq r5, r1, r4, lsl 14",1
"andeq r3, r0, r6, lsl r4",1
"andeq r5, r1, r8, lsl 14",1
"andeq r0, r0, r6, lsl r4",1
"andeq r5, r1, ip, lsl 14",1
"andeq r3, r0, r6, lsl r0",1
"push {r3, lr}",0
bl 0x13bc,0
"pop {r3, pc}",0
"str lr, [sp, -4]!",0
"ldr lr, [0x00000dd4]        ; [0xdd4:4]=0xc838",0
"add lr, pc, lr",0
"ldr pc, [lr, 8]!",0
"andeq ip, r0, r8, lsr r8",0
"add ip, pc, 0, 12",0
"add ip, ip, 12, 20",0
"ldr pc, [ip, 0x838]!",0
"add ip, pc, 0, 12",0
"add ip, ip, 12, 20",0
"ldr pc, [ip, 0x830]!",0
"add ip, pc, 0, 12",0
"add ip, ip, 12, 20",0
"ldr pc, [ip, 0x828]!",0
"add ip, pc, 0, 12",0
"add ip, ip, 12, 20",0
"ldr pc, [ip, 0x820]!",0
"add ip, pc, 0, 12",0
"add ip, ip, 12, 20",0
"ldr pc, [ip, 0x818]!",0
"add ip, pc, 0, 12",0
"add ip, ip, 12, 20",0
"ldr pc, [ip, 0x810]!",0
"add ip, pc, 0, 12",0
"add ip, ip, 12, 20",0
"ldr pc, [ip, 0x808]!",0
"add ip, pc, 0, 12",0
"add ip, ip, 12, 20",0
"ldr pc, [ip, 0x800]!",0
"add ip, pc, 0, 12",0
"add ip, ip, 12, 20",0
"ldr pc, [ip, 0x7f8]!",0
"add ip, pc, 0, 12",0
"add ip, ip, 12, 20",0
"ldr pc, [ip, 0x7f0]!",0
"add ip, pc, 0, 12",0
"add ip, ip, 12, 20",0
"ldr pc, [ip, 0x7e8]!",0
"add ip, pc, 0, 12",0
"add ip, ip, 12, 20",0
"ldr pc, [ip, 0x7e0]!",0
"add ip, pc, 0, 12",0
"add ip, ip, 12, 20",0
"ldr pc, [ip, 0x7d8]!",0
"add ip, pc, 0, 12",0
"add ip, ip, 12, 20",0
"ldr pc, [ip, 0x7d0]!",0
"add ip, pc, 0, 12",0
"add ip, ip, 12, 20",0
"ldr pc, [ip, 0x7c8]!",0
"add ip, pc, 0, 12",0
"add ip, ip, 12, 20",0
"ldr pc, [ip, 0x7c0]!",0
"add ip, pc, 0, 12",0
"add ip, ip, 12, 20",0
"ldr pc, [ip, 0x7b8]!",0
"add ip, pc, 0, 12",0
"add ip, ip, 12, 20",0
"ldr pc, [ip, 0x7b0]!",0
"add ip, pc, 0, 12",0
"add ip, ip, 12, 20",0
"ldr pc, [ip, 0x7a8]!",0
"add ip, pc, 0, 12",0
"add ip, ip, 12, 20",0
"ldr pc, [ip, 0x7a0]!",0
"add ip, pc, 0, 12",0
"add ip, ip, 12, 20",0
"ldr pc, [ip, 0x798]!",0
"add ip, pc, 0, 12",0
"add ip, ip, 12, 20",0
"ldr pc, [ip, 0x790]!",0
"add ip, pc, 0, 12",0
"add ip, ip, 12, 20",0
"ldr pc, [ip, 0x788]!",0
"add ip, pc, 0, 12",0
"add ip, ip, 12, 20",0
"ldr pc, [ip, 0x780]!",0
"add ip, pc, 0, 12",0
"add ip, ip, 12, 20",0
"ldr pc, [ip, 0x778]!",0
"add ip, pc, 0, 12",0
"add ip, ip, 12, 20",0
"ldr pc, [ip, 0x770]!",0
"add ip, pc, 0, 12",0
"add ip, ip, 12, 20",0
"ldr pc, [ip, 0x768]!",0
"add ip, pc, 0, 12",0
"add ip, ip, 12, 20",0
"ldr pc, [ip, 0x760]!",0
"add ip, pc, 0, 12",0
"add ip, ip, 12, 20",0
"ldr pc, [ip, 0x758]!",0
"add ip, pc, 0, 12",0
"add ip, ip, 12, 20",0
"ldr pc, [ip, 0x750]!",0
"add ip, pc, 0, 12",0
"add ip, ip, 12, 20",0
"ldr pc, [ip, 0x748]!",0
"add ip, pc, 0, 12",0
"add ip, ip, 12, 20",0
"ldr pc, [ip, 0x740]!",0
"add ip, pc, 0, 12",0
"add ip, ip, 12, 20",0
"ldr pc, [ip, 0x738]!",0
"add ip, pc, 0, 12",0
"add ip, ip, 12, 20",0
"ldr pc, [ip, 0x730]!",0
"add ip, pc, 0, 12",0
"add ip, ip, 12, 20",0
"ldr pc, [ip, 0x728]!",0
"add ip, pc, 0, 12",0
"add ip, ip, 12, 20",0
"ldr pc, [ip, 0x720]!",0
"add ip, pc, 0, 12",0
"add ip, ip, 12, 20",0
"ldr pc, [ip, 0x718]!",0
"add ip, pc, 0, 12",0
"add ip, ip, 12, 20",0
"ldr pc, [ip, 0x710]!",0
"add ip, pc, 0, 12",0
"add ip, ip, 12, 20",0
"ldr pc, [ip, 0x708]!",0
"add ip, pc, 0, 12",0
"add ip, ip, 12, 20",0
"ldr pc, [ip, 0x700]!",0
"add ip, pc, 0, 12",0
"add ip, ip, 12, 20",0
"ldr pc, [ip, 0x6f8]!",0
"add ip, pc, 0, 12",0
"add ip, ip, 12, 20",0
"ldr pc, [ip, 0x6f0]!",0
"add ip, pc, 0, 12",0
"add ip, ip, 12, 20",0
"ldr pc, [ip, 0x6e8]!",0
"add ip, pc, 0, 12",0
"add ip, ip, 12, 20",0
"ldr pc, [ip, 0x6e0]!",0
"add ip, pc, 0, 12",0
"add ip, ip, 12, 20",0
"ldr pc, [ip, 0x6d8]!",0
"add ip, pc, 0, 12",0
"add ip, ip, 12, 20",0
"ldr pc, [ip, 0x6d0]!",0
"add ip, pc, 0, 12",0
"add ip, ip, 12, 20",0
"ldr pc, [ip, 0x6c8]!",0
"add ip, pc, 0, 12",0
"add ip, ip, 12, 20",0
"ldr pc, [ip, 0x6c0]!",0
"add ip, pc, 0, 12",0
"add ip, ip, 12, 20",0
"ldr pc, [ip, 0x6b8]!",0
"add ip, pc, 0, 12",0
"add ip, ip, 12, 20",0
"ldr pc, [ip, 0x6b0]!",0
"add ip, pc, 0, 12",0
"add ip, ip, 12, 20",0
"ldr pc, [ip, 0x6a8]!",0
"add ip, pc, 0, 12",0
"add ip, ip, 12, 20",0
"ldr pc, [ip, 0x6a0]!",0
"add ip, pc, 0, 12",0
"add ip, ip, 12, 20",0
"ldr pc, [ip, 0x698]!",0
"add ip, pc, 0, 12",0
"add ip, ip, 12, 20",0
"ldr pc, [ip, 0x690]!",0
"add ip, pc, 0, 12",0
"add ip, ip, 12, 20",0
"ldr pc, [ip, 0x688]!",0
"add ip, pc, 0, 12",0
"add ip, ip, 12, 20",0
"ldr pc, [ip, 0x680]!",0
"add ip, pc, 0, 12",0
"add ip, ip, 12, 20",0
"ldr pc, [ip, 0x678]!",0
"add ip, pc, 0, 12",0
"add ip, ip, 12, 20",0
"ldr pc, [ip, 0x670]!",0
"add ip, pc, 0, 12",0
"add ip, ip, 12, 20",0
"ldr pc, [ip, 0x668]!",0
"add ip, pc, 0, 12",0
"add ip, ip, 12, 20",0
"ldr pc, [ip, 0x660]!",0
"add ip, pc, 0, 12",0
"add ip, ip, 12, 20",0
"ldr pc, [ip, 0x658]!",0
"add ip, pc, 0, 12",0
"add ip, ip, 12, 20",0
"ldr pc, [ip, 0x650]!",0
"push {r4, r5, r6, r7, r8, lr}",0
"mov r6, r0",0
"sub sp, sp, 0xd8",0
"ldr r0, [0x0000133c]        ; [0x133c:4]=0xcfe8",0
"mov r4, r1",0
bl 0xf1c,0
"adds r8, r0, 0",0
"ldr r0, [r4]",0
"movne r8, 1",0
bl 0x1f9c,0
"ldr r1, [0x00001340]        ; [0x1340:4]=0xcfe4",0
"mov r0, 6",0
bl 0x1024,0
"ldr r1, [0x00001344]        ; [0x1344:4]=0xcff8",0
"ldr r0, [0x00001348]        ; [0x1348:4]=0xcf24",0
bl 0x106c,0
"ldr r0, [0x00001348]        ; [0x1348:4]=0xcf24",0
bl 0xe80,0
"ldr r0, [0x0000134c]        ; [0x134c:4]=0x9e18",0
bl 0x4b9c,0
"mov r7, 0",0
"str r7, [sp]",0
"mov r0, r6",0
"mov r1, r4",0
"ldr r2, [0x00001350]        ; [0x1350:4]=0xd028",0
"ldr r3, [0x00001354]        ; [0x1354:4]=0xcbd4",0
bl 0xf64,0
"cmn r0, 1",0
"mov r5, 0",0
beq 0x11ac,0
"cmn r0, 2",0
beq 0x11a4,0
bgt 0x117c,0
"cmn r0, 3",0
bne 0x118c,0
"ldr r3, [0x00001358]        ; [0x1358:4]=0xd02c",0
"str r5, [sp, 4]",0
"str r3, [sp]",0
"ldr r3, [0x0000135c]        ; [0x135c:4]=0x15784",0
"ldr r1, [0x00001360]        ; [0x1360:4]=0xcf04",0
"ldr r0, [r3]",0
"ldr r3, [0x00001364]        ; [0x1364:4]=0x15720",0
"ldr r2, [0x00001368]        ; [0x1368:4]=0xcf20",0
"ldr r3, [r3]",0
bl 0x3fb0,0
"mov r0, r5",0
bl 0xf88,0
"cmp r0, 0x4c",0
beq 0x1194,0
"cmp r0, 0x50",0
beq 0x119c,0
"mov r0, 1",0
bl 0x1c20,0
"mov r8, 1",0
b 0x1114,0
"mov r8, r5",0
b 0x1114,0
"mov r0, r5",0
bl 0x1c20,0
"ldr r3, [0x0000136c]        ; [0x136c:4]=0x15778",0
"ldr r3, [r3]",0
"cmp r6, r3",0
bgt 0x1244,0
"cmp r8, 0",0
beq 0x1224,0
"ldr r0, [0x00001370]        ; [0x1370:4]=0xd05c",0
bl 0xf1c,0
"subs r6, r0, 0",0
beq 0x1224,0
"ldrb r3, [r6]",0
"cmp r3, 0x2f",0
"moveq r0, r6",0
beq 0x11ec,0
b 0x1224,0
"add r0, r0, 1",0
"ldr r1, [0x00001374]        ; [0x1374:4]=0xd060",0
bl 0xdfc,0
"cmp r0, 0",0
beq 0x1268,0
"ldrb r3, [r0, 2]",0
"cmp r3, 0",0
"cmpne r3, 0x2f",0
beq 0x1224,0
"cmp r3, 0x2e",0
bne 0x11e8,0
"ldrb r3, [r0, 3]",0
"cmp r3, 0",0
"cmpne r3, 0x2f",0
bne 0x11e8,0
bl 0x44c8,0
"subs r4, r0, 0",0
beq 0x12e0,0
bl 0xf28,0
"mov r0, r4",0
bl 0xe2c,0
"mov r0, 0",0
bl 0xf88,0
"mov r0, r5",0
"ldr r1, [0x00001378]        ; [0x1378:4]=0xd03c",0
"mov r2, 5",0
bl 0xe68,0
"mov r1, r5",0
"mov r2, r0",0
"mov r0, r5",0
bl 0xef8,0
b 0x11bc,0
"mov r0, 3",0
"mov r1, r6",0
"add r2, sp, 8",0
bl 0x1078,0
"cmp r0, 0",0
bne 0x1224,0
"mov r0, 3",0
"ldr r1, [0x0000137c]        ; [0x137c:4]=0xcc48",0
"add r2, sp, 0x70",0
bl 0x1078,0
"subs r7, r0, 0",0
bne 0x1224,0
"add r3, sp, 0xd0",0
"ldm r3, {r2, r3}",0
"add r5, sp, 0x68",0
"ldm r5, {r4, r5}",0
"cmp r5, r3",0
"cmpeq r4, r2",0
bne 0x1224,0
"add r3, sp, 0x70",0
"ldm r3, {r2, r3}",0
"add r5, sp, 8",0
"ldm r5, {r4, r5}",0
"cmp r5, r3",0
"cmpeq r4, r2",0
bne 0x1224,0
"mov r0, r6",0
bl 0xf28,0
"mov r0, r7",0
bl 0xf88,0
"mov r0, 0xc",0
bl 0x42e0,0
"mov r3, 0x2000",0
"mov r5, r0",0
"str r3, [r5, 4]",0
"mov r0, r3",0
bl 0x42e0,0
"ldr r2, [r5, 4]",0
"mov r3, r0",0
"sub r2, r2, 1",0
"add r1, r3, r2",0
"str r3, [r5]",0
"str r1, [r5, 8]",0
"strb r4, [r3, r2]",0
"mov r0, r5",0
bl 0x14b4,0
"ldr r0, [r5, 8]",0
bl 0xf28,0
"ldr r0, [r5]",0
bl 0xe2c,0
"mov r0, r5",0
bl 0xe2c,0
b 0x123c,0
"andeq ip, r0, r8, ror 31",0
"andeq ip, r0, r4, ror 31",0
"strdeq ip, sp, [r0], -r8",0
"andeq ip, r0, r4, lsr 30",0
"andeq sb, r0, r8, lsl lr",0
"andeq sp, r0, r8, lsr 32",0
"ldrdeq ip, sp, [r0], -r4",0
"andeq sp, r0, ip, lsr 32",0
"andeq r5, r1, r4, lsl 15",0
"andeq ip, r0, r4, lsl 30",0
"andeq r5, r1, r0, lsr 14",0
"andeq ip, r0, r0, lsr 30",0
"andeq r5, r1, r8, ror r7",0
"andeq sp, r0, ip, asr r0",0
"andeq sp, r0, r0, rrx",0
"andeq sp, r0, ip, lsr r0",0
"andeq ip, r0, r8, asr 24",0
"mov fp, 0",0
"mov lr, 0",0
pop {r1},0
"mov r2, sp",0
"str r2, [sp, -4]!",0
"str r0, [sp, -4]!",0
"ldr ip, [0x000013b0]        ; [0x13b0:4]=0xcb98",0
"str ip, [sp, -4]!",0
"ldr r0, [0x000013b4]        ; [0x13b4:4]=0x90c0",0
"ldr r3, [0x000013b8]        ; [0x13b8:4]=0xcb34",0
bl 0xf40,0
bl 0x1090,0
"muleq r0, r8, fp",0
"andeq sb, r0, r0, asr 1",0
"andeq ip, r0, r4, lsr fp",0
"ldr r3, [0x000013d8]        ; [0x13d8:4]=0xc240",0
"ldr r2, [0x000013dc]        ; [0x13dc:4]=260",0
"add r3, pc, r3",0
"ldr r2, [r3, r2]",0
"cmp r2, 0",0
bxeq lr,0
b 0xf58,0
"andeq ip, r0, r0, asr 4",0
"andeq r0, r0, r4, lsl 2",0
"push {r3, lr}",0
"ldr r0, [0x0000140c]        ; [0x140c:4]=0x15768",0
"ldr r3, [0x00001410]        ; [0x1410:4]=0x1576b",0
"rsb r3, r0, r3",0
"cmp r3, 6",0
"popls {r3, pc}",0
"ldr r3, [0x00001414]        ; [0x1414:4]=0",0
"cmp r3, 0",0
"popeq {r3, pc}",0
blx r3,0
"pop {r3, pc}",0
"andeq r5, r1, r8, ror 14",0
"andeq r5, r1, fp, ror 14",0
"andeq r0, r0, r0",0
"ldr r0, [0x0000144c]        ; [0x144c:4]=0x15768",0
"ldr r1, [0x00001450]        ; [0x1450:4]=0x15768",0
"push {r3, lr}",0
"rsb r1, r0, r1",0
"asr r1, r1, 2",0
"add r1, r1, r1, lsr 31",0
"asrs r1, r1, 1",0
"popeq {r3, pc}",0
"ldr r3, [0x00001454]        ; [0x1454:4]=0",0
"cmp r3, 0",0
"popeq {r3, pc}",0
blx r3,0
"pop {r3, pc}",0
"andeq r5, r1, r8, ror 14",0
"andeq r5, r1, r8, ror 14",0
"andeq r0, r0, r0",0
"push {r4, lr}",0
"ldr r4, [0x0000147c]        ; [0x147c:4]=0x15788",0
"ldrb r3, [r4]",0
"cmp r3, 0",0
"popne {r4, pc}",0
bl 0x13e0,0
"mov r3, 1",0
"strb r3, [r4]",0
"pop {r4, pc}",0
"andeq r5, r1, r8, lsl 15",0
"ldr r0, [0x000014ac]        ; [0x14ac:4]=0x15520",0
"push {r3, lr}",0
"ldr r3, [r0]",0
"cmp r3, 0",0
beq 0x14a4,0
"ldr r3, [0x000014b0]        ; [0x14b0:4]=0",0
"cmp r3, 0",0
beq 0x14a4,0
blx r3,0
"pop {r3, lr}",0
b 0x1418,0
"andeq r5, r1, r0, lsr 10",0
"andeq r0, r0, r0",0
"push {r4, r5, r6, r7, r8, sb, sl, fp, lr}",0
"sub sp, sp, 0x15c",0
"str r0, [sp, 4]",0
"add r0, sp, 0x10",0
bl 0x3a98,0
"cmp r0, 0",0
"str r0, [sp, 0xc]",0
beq 0x1bbc,0
"mov r0, 3",0
"ldr r1, [0x00001bf8]        ; [0x1bf8:4]=0xcc48",0
"add r2, sp, 0x20",0
bl 0x1078,0
"cmp r0, 0",0
blt 0x1b80,0
"mov r0, 3",0
"mov ip, 1",0
"str r0, [sp]",0
"mov fp, ip",0
"ldr r1, [sp, 0xc]",0
"ldm r1, {r2, r3}",0
"add r1, sp, 0x80",0
"ldm r1, {r0, r1}",0
"cmp r1, r3",0
"cmpeq r0, r2",0
bne 0x1538,0
"ldr r0, [sp, 0xc]",0
"add r3, r0, 8",0
"ldm r3, {r2, r3}",0
"add r1, sp, 0x20",0
"ldm r1, {r0, r1}",0
"cmp r1, r3",0
"cmpeq r0, r2",0
beq 0x1ab4,0
"ldr r0, [0x00001bfc]        ; [0x1bfc:4]=0xcc60",0
bl 0xf04,0
"subs r6, r0, 0",0
beq 0x1a1c,0
bl 0xfac,0
"mov sb, r0",0
"mov r0, r6",0
bl 0x1054,0
"subs r5, r0, 0",0
blt 0x1a0c,0
bl 0x1060,0
"lsr r0, r0, 0x1f",0
"cmp r0, 0",0
bne 0x1954,0
"cmp r5, 0",0
blt 0x19f0,0
"add r1, sp, 0x88",0
"str r1, [sp, 8]",0
"mov r0, 3",0
"mov r1, r5",0
"ldr r2, [sp, 8]",0
bl 0xea4,0
"lsr r0, r0, 0x1f",0
"cmp r0, 0",0
bne 0x18c4,0
"add r3, sp, 0x20",0
"ldm r3, {r2, r3}",0
"add r1, sp, 0x88",0
"ldm r1, {r0, r1}",0
"cmp r1, r3",0
"cmpeq r0, r2",0
"moveq r7, 0",0
"movne r7, 1",0
"mov r8, 0",0
"str r8, [sb]",0
"mov r0, r6",0
bl 0x1048,0
"subs sl, r0, 0",0
beq 0x17f4,0
"ldrb r3, [sl, 0x13]",0
"cmp r3, 0x2e",0
beq 0x17cc,0
"ldm sl, {r0, r1}",0
"orrs r2, r0, r1",0
"movne r3, r7",0
"orreq r3, r7, 1",0
"cmp r3, 0",0
bne 0x1814,0
"add r3, sp, 0x80",0
"ldm r3, {r2, r3}",0
"cmp r3, r1",0
"cmpeq r2, r0",0
bne 0x15c0,0
"cmp r7, 0",0
beq 0x1630,0
"add r3, sp, 0x20",0
"ldm r3, {r2, r3}",0
"add r5, sp, 0xf0",0
"ldm r5, {r4, r5}",0
"cmp r5, r3",0
"cmpeq r4, r2",0
bne 0x15c0,0
"add sl, sl, 0x13",0
"mov r0, sl",0
bl 0xf94,0
"mov r4, r0",0
"ldr r0, [sp, 4]",0
"add r2, r4, 1",0
"ldr r3, [r0, 8]",0
"ldr r8, [r0]",0
"rsb r8, r8, r3",0
"cmp r8, r2",0
"ldrhs r0, [sp, 4]",0
bhs 0x16d0,0
"ldr r5, [r0, 4]",0
"mvn r0, 0",0
"add r5, r5, 1",0
"add r5, r5, r4",0
"mov r1, r5",0
bl 0x4a5c,0
"cmp r0, 1",0
bls 0x1b7c,0
"lsl r5, r5, 1",0
"mov r0, r5",0
bl 0x42e0,0
"ldr r3, [sp, 4]",0
"mov r7, r0",0
"ldm r3, {r1, r2}",0
"rsb r2, r8, r2",0
"rsb r0, r2, r5",0
"add r0, r7, r0",0
"str r0, [r3, 8]",0
"add r1, r1, r8",0
bl 0xe44,0
"ldr r1, [sp, 4]",0
"ldr r0, [r1]",0
bl 0xe2c,0
"ldr r2, [sp, 4]",0
"ldr r3, [r2, 8]",0
"str r7, [r2]",0
"str r5, [r2, 4]",0
"mov r0, r2",0
"mvn r2, r4",0
"add r1, r3, r2",0
"str r1, [r0, 8]",0
"mov r1, 0x2f                ; '/'",0
"strb r1, [r3, r2]",0
"ldr r0, [r0, 8]",0
"mov r1, sl",0
"add r0, r0, 1",0
"mov r2, r4",0
bl 0xe44,0
"mov sl, 1",0
"cmp r6, 0",0
beq 0x1714,0
"mov r0, r6",0
bl 0x10b4,0
"cmp r0, 0",0
beq 0x17a0,0
"ldr r1, [0x00001c00]        ; [0x1c00:4]=0xcc9c",0
"mov r2, 5",0
"mov r0, 0",0
"ldr r7, [sb]",0
bl 0xe68,0
"mov r1, fp",0
"mov r6, r0",0
"mvn r0, 0",0
bl 0x4a5c,0
"cmp r0, 2",0
bls 0x1b7c,0
"ldr r0, [sp]",0
bl 0x42e0,0
"cmp fp, 0",0
"mov r5, r0",0
beq 0x1ad0,0
"ldr r2, [sp]",0
"mov r8, r0",0
"add r4, r0, r2",0
"mov r2, 3",0
"mov r0, r8",0
"ldr r1, [0x00001c04]        ; [0x1c04:4]=0xcc80",0
"add r8, r8, r2",0
bl 0xe44,0
"cmp r8, r4",0
bne 0x1760,0
"mov r3, 0",0
"strb r3, [r8, -1]",0
"mov r0, r5",0
bl 0x3a80,0
"mov r1, r7",0
"mov r3, r0",0
"mov r2, r6",0
"mov r0, 1",0
bl 0xef8,0
"cmp sl, 0",0
beq 0x1838,0
"add r0, sp, 0x20",0
"ldr r1, [sp, 8]",0
"mov r2, 0x68                ; 'h'",0
bl 0xe44,0
"ldr r0, [sp]",0
"add fp, fp, 1",0
"add r0, r0, 3",0
"str r0, [sp]",0
b 0x14fc,0
"ldrb r3, [sl, 0x14]",0
"cmp r3, 0x2e",0
"ldrbeq r3, [sl, 0x15]",0
"cmp r3, 0",0
"cmpne r3, 0x2f",0
bne 0x15e0,0
"mov r0, r6",0
bl 0x1048,0
"subs sl, r0, 0",0
bne 0x15d4,0
"ldr r4, [sb]",0
"cmp r4, 0",0
"moveq sl, r4",0
beq 0x16fc,0
"mov r0, r6",0
bl 0x10b4,0
"str r4, [sb]",0
b 0x1714,0
"mov r0, 3",0
"add r1, sl, 0x13",0
"add r2, sp, 0xf0",0
bl 0x10a8,0
"cmp r0, 0",0
blt 0x15c0,0
"add r1, sp, 0x150",0
"ldm r1, {r0, r1}",0
b 0x15f8,0
"ldr r1, [0x00001c08]        ; [0x1c08:4]=0xccb4",0
"mov r2, 5",0
"mov r0, sl",0
bl 0xe68,0
"mov r1, fp",0
"mov r6, r0",0
"mvn r0, 0",0
bl 0x4a5c,0
"cmp r0, 2",0
bls 0x1b7c,0
"ldr r0, [sp]",0
bl 0x42e0,0
"cmp fp, 0",0
"mov r5, r0",0
beq 0x1ad8,0
"ldr r3, [sp]",0
"mov r7, r0",0
"add r4, r0, r3",0
"mov r2, 3",0
"mov r0, r7",0
"ldr r1, [0x00001c04]        ; [0x1c04:4]=0xcc80",0
"add r7, r7, r2",0
bl 0xe44,0
"cmp r7, r4",0
bne 0x1880,0
"mov r4, 0",0
"strb r4, [r7, -1]",0
"mov r0, r5",0
bl 0x3a80,0
"mov r1, r4",0
"mov r3, r0",0
"mov r2, r6",0
"mov r0, 1",0
bl 0xef8,0
b 0x17a8,0
"ldr r1, [0x00001c0c]        ; [0x1c0c:4]=0xcc4c",0
"mov r2, 5",0
"mov r0, 0",0
"ldr r7, [sb]",0
bl 0xe68,0
"mov r1, fp",0
"mov r8, r0",0
"mvn r0, 0",0
bl 0x4a5c,0
"cmp r0, 2",0
bls 0x1b7c,0
"ldr r0, [sp]",0
bl 0x42e0,0
"cmp fp, 0",0
"mov r5, r0",0
beq 0x1ae8,0
"ldr r3, [sp]",0
"mov sl, r0",0
"add r4, r0, r3",0
"mov r2, 3",0
"mov r0, sl",0
"ldr r1, [0x00001c04]        ; [0x1c04:4]=0xcc80",0
"add sl, sl, r2",0
bl 0xe44,0
"cmp sl, r4",0
bne 0x1910,0
"mov r3, 0",0
"strb r3, [sl, -1]",0
"mov r0, r5",0
bl 0x3a80,0
"mov r1, r7",0
"mov r3, r0",0
"mov r2, r8",0
"mov r0, 1",0
bl 0xef8,0
b 0x159c,0
"ldr r3, [sb]",0
"ldr r1, [0x00001c10]        ; [0x1c10:4]=0xcc84",0
"mov r2, 5",0
"mov r0, 0",0
"str r3, [sp, 8]",0
bl 0xe68,0
"mov r1, fp",0
"mov sl, r0",0
"mvn r0, 0",0
bl 0x4a5c,0
"cmp r0, 2",0
bls 0x1b7c,0
"ldr r0, [sp]",0
bl 0x42e0,0
"cmp fp, 0",0
"mov r7, r0",0
beq 0x1ae0,0
"ldr r0, [sp]",0
"mov r8, r7",0
"add r4, r7, r0",0
"mov r2, 3",0
"mov r0, r8",0
"ldr r1, [0x00001c04]        ; [0x1c04:4]=0xcc80",0
"add r8, r8, r2",0
bl 0xe44,0
"cmp r8, r4",0
bne 0x19a4,0
"mov r3, r8",0
"mov r2, 0",0
"strb r2, [r3, -1]",0
"mov r0, r7",0
bl 0x3a80,0
"ldr r1, [sp, 8]",0
"mov r3, r0",0
"mov r2, sl",0
"mov r0, 1",0
bl 0xef8,0
"cmp r5, 0",0
bge 0x1578,0
"add r2, sp, 0x88",0
"mov r0, 3",0
"ldr r1, [0x00001bf8]        ; [0x1bf8:4]=0xcc48",0
"str r2, [sp, 8]",0
bl 0x1078,0
"lsr r0, r0, 0x1f",0
b 0x1594,0
"ldr r0, [0x00001bfc]        ; [0x1bfc:4]=0xcc60",0
bl 0xe8c,0
"lsr r0, r0, 0x1f",0
b 0x1568,0
bl 0xfac,0
"ldr r1, [0x00001c14]        ; [0x1c14:4]=0xcc64",0
"mov sb, r0",0
"mov r2, 5",0
"mov r0, r6",0
"ldr r7, [sb]",0
bl 0xe68,0
"mov r1, fp",0
"mov r8, r0",0
"mvn r0, 0",0
bl 0x4a5c,0
"cmp r0, 2",0
bls 0x1b7c,0
"ldr r0, [sp]",0
bl 0x42e0,0
"cmp fp, 0",0
"mov r5, r0",0
beq 0x1b74,0
"ldr r1, [sp]",0
"mov sl, r0",0
"add r4, r0, r1",0
"mov r2, 3",0
"mov r0, sl",0
"ldr r1, [0x00001c04]        ; [0x1c04:4]=0xcc80",0
"add sl, sl, r2",0
bl 0xe44,0
"cmp sl, r4",0
bne 0x1a70,0
"mov r3, 0",0
"strb r3, [sl, -1]",0
"mov r0, r5",0
bl 0x3a80,0
"mov r1, r7",0
"mov r3, r0",0
"mov r2, r8",0
"mov r0, 1",0
bl 0xef8,0
b 0x1550,0
"ldr r1, [sp, 4]",0
"ldr r3, [r1, 8]",0
"ldrb r2, [r3]",0
"cmp r2, 0",0
beq 0x1af0,0
"add sp, sp, 0x15c",0
"pop {r4, r5, r6, r7, r8, sb, sl, fp, pc}",0
"mov r8, r0",0
b 0x177c,0
"mov r7, r0",0
b 0x189c,0
"mov r3, r0",0
b 0x19c4,0
"mov sl, r0",0
b 0x192c,0
"ldr r2, [r1]",0
"cmp r3, r2",0
bne 0x1b5c,0
"ldr r4, [r1, 4]",0
"mvn r0, 0",0
"add r4, r4, 1",0
"mov r1, r4",0
bl 0x4a5c,0
"cmp r0, 1",0
bls 0x1b7c,0
"lsl r4, r4, 1",0
"mov r0, r4",0
bl 0x42e0,0
"ldr r3, [sp, 4]",0
"mov r5, r0",0
"ldm r3, {r1, r2}",0
"rsb r0, r2, r4",0
"add r0, r5, r0",0
"str r0, [r3, 8]",0
bl 0xe44,0
"ldr r1, [sp, 4]",0
"ldr r0, [r1]",0
bl 0xe2c,0
"ldr r2, [sp, 4]",0
"ldr r3, [r2, 8]",0
"str r5, [r2]",0
"str r4, [r2, 4]",0
"ldr r0, [sp, 4]",0
"sub r2, r3, 1",0
"str r2, [r0, 8]",0
"mov r2, 0x2f                ; '/'",0
"strb r2, [r3, -1]",0
b 0x1ac8,0
"mov sl, r0",0
b 0x1a8c,0
bl 0x4488,0
bl 0xfac,0
"ldr r1, [0x00001c0c]        ; [0x1c0c:4]=0xcc4c",0
"ldr r4, [r0]",0
"mov r2, 5",0
"mov r0, 0",0
bl 0xe68,0
"mov r5, r0",0
"ldr r0, [0x00001bf8]        ; [0x1bf8:4]=0xcc48",0
bl 0x3a80,0
"mov r1, r4",0
"mov r3, r0",0
"mov r2, r5",0
"mov r0, 1",0
bl 0xef8,0
b 0x14ec,0
bl 0xfac,0
"ldr r1, [0x00001c18]        ; [0x1c18:4]=0xcc24",0
"ldr r4, [r0]",0
"mov r2, 5",0
"ldr r0, [sp, 0xc]",0
bl 0xe68,0
"mov r5, r0",0
"ldr r0, [0x00001c1c]        ; [0x1c1c:4]=0xcc44",0
bl 0x3a80,0
"mov r1, r4",0
"mov r3, r0",0
"mov r2, r5",0
"mov r0, 1",0
bl 0xef8,0
b 0x14d4,0
"andeq ip, r0, r8, asr 24",0
"andeq ip, r0, r0, ror 24",0
"muleq r0, ip, ip",0
"andeq ip, r0, r0, lsl 25",0
"strheq ip, [r0], -r4",0
"andeq ip, r0, ip, asr 24",0
"andeq ip, r0, r4, lsl 25",0
"andeq ip, r0, r4, ror 24",0
"andeq ip, r0, r4, lsr 24",0
"andeq ip, r0, r4, asr 24",0
"subs r4, r0, 0",0
"push {r3, lr}",0
beq 0x1c64,0
"ldr r3, [0x00001db4]        ; [0x1db4:4]=0x15780",0
"ldr r1, [0x00001db8]        ; [0x1db8:4]=0xccf0",0
"mov r2, 5",0
"mov r0, 0",0
"ldr r5, [r3]",0
bl 0xe68,0
"ldr r3, [0x00001dbc]        ; [0x1dbc:4]=0x15794",0
"mov r2, r0",0
"mov r1, 1",0
"mov r0, r5",0
"ldr r3, [r3]",0
bl 0xff4,0
"mov r0, r4",0
bl 0xf88,0
"ldr r1, [0x00001dc0]        ; [0x1dc0:4]=0xcd18",0
"mov r2, 5",0
bl 0xe68,0
"ldr r6, [0x00001dbc]        ; [0x1dbc:4]=0x15794",0
"ldr r5, [0x00001dc4]        ; [0x1dc4:4]=0x15784",0
"mov r1, r0",0
"ldr r2, [r6]",0
"mov r0, 1",0
bl 0xfdc,0
"mov r2, 5",0
"ldr r1, [0x00001dc8]        ; [0x1dc8:4]=0xcd30",0
"mov r0, r4",0
bl 0xe68,0
"ldr r1, [r5]",0
bl 0xdf0,0
"mov r2, 5",0
"ldr r1, [0x00001dcc]        ; [0x1dcc:4]=0xcd6c",0
"mov r0, r4",0
bl 0xe68,0
"ldr r1, [r5]",0
bl 0xdf0,0
"mov r2, 5",0
"ldr r1, [0x00001dd0]        ; [0x1dd0:4]=0xcddc",0
"mov r0, r4",0
bl 0xe68,0
"ldr r1, [r5]",0
bl 0xdf0,0
"mov r2, 5",0
"ldr r1, [0x00001dd4]        ; [0x1dd4:4]=0xce0c",0
"mov r0, r4",0
bl 0xe68,0
"ldr r1, [r5]",0
bl 0xdf0,0
"ldr r1, [0x00001dd8]        ; [0x1dd8:4]=0xce44",0
"mov r2, 5",0
"mov r0, r4",0
bl 0xe68,0
"ldr r2, [0x00001ddc]        ; [0x1ddc:4]=0xcf04",0
"mov r1, r0",0
"mov r0, 1",0
bl 0xfdc,0
"ldr r1, [0x00001de0]        ; [0x1de0:4]=0xcf08",0
"mov r2, 5",0
"mov r0, r4",0
bl 0xe68,0
"ldr r2, [0x00001de4]        ; [0x1de4:4]=0xcf20",0
"mov r1, r0",0
"ldr r3, [0x00001de8]        ; [0x1de8:4]=0xcf30",0
"mov r0, 1",0
bl 0xfdc,0
"mov r0, 5",0
"mov r1, r4",0
bl 0x1024,0
"cmp r0, 0",0
beq 0x1d54,0
"ldr r1, [0x00001dec]        ; [0x1dec:4]=0xcf58",0
"mov r2, 3",0
bl 0x1084,0
"cmp r0, 0",0
bne 0x1d84,0
"ldr r1, [0x00001df0]        ; [0x1df0:4]=0xcfa4",0
"mov r2, 5",0
"mov r0, 0",0
bl 0xe68,0
"mov r5, r0",0
"ldr r0, [r6]",0
bl 0x1f00,0
"mov r1, r5",0
"mov r2, r0",0
"mov r0, 1",0
bl 0xfdc,0
b 0x1c5c,0
"ldr r1, [0x00001df4]        ; [0x1df4:4]=0xcf5c",0
"mov r2, 5",0
"mov r0, r4",0
bl 0xe68,0
"mov r5, r0",0
"ldr r0, [r6]",0
bl 0x1f00,0
"mov r1, r5",0
"mov r2, r0",0
"mov r0, 1",0
bl 0xfdc,0
b 0x1d54,0
"andeq r5, r1, r0, lsl 15",0
"strdeq ip, sp, [r0], -r0",0
"muleq r1, r4, r7",0
"andeq ip, r0, r8, lsl sp",0
"andeq r5, r1, r4, lsl 15",0
"andeq ip, r0, r0, lsr sp",0
"andeq ip, r0, ip, ror 26",0
"ldrdeq ip, sp, [r0], -ip",0
"andeq ip, r0, ip, lsl 28",0
"andeq ip, r0, r4, asr 28",0
"andeq ip, r0, r4, lsl 30",0
"andeq ip, r0, r8, lsl 30",0
"andeq ip, r0, r0, lsr 30",0
"andeq ip, r0, r0, lsr pc",0
"andeq ip, r0, r8, asr pc",0
"andeq ip, r0, r4, lsr 31",0
"andeq ip, r0, ip, asr pc",0
"ldr r3, [0x00001e04]        ; [0x1e04:4]=0x1578c",0
"str r0, [r3]",0
bx lr,0
"andeq r5, r1, ip, lsl 15",0
"ldr r3, [0x00001e14]        ; [0x1e14:4]=0x1578c",0
"strb r0, [r3, 4]",0
bx lr,0
"andeq r5, r1, ip, lsl 15",0
"push {r4, r5, r6, lr}",0
"ldr r3, [0x00001ee4]        ; [0x1ee4:4]=0x15784",0
"sub sp, sp, 8",0
"ldr r0, [r3]",0
bl 0x44fc,0
"cmp r0, 0",0
beq 0x1e54,0
"ldr r4, [0x00001ee8]        ; [0x1ee8:4]=0x1578c",0
"ldrb r3, [r4, 4]",0
"cmp r3, 0",0
beq 0x1e70,0
bl 0xfac,0
"ldr r3, [r0]",0
"cmp r3, 0x20                ; ""`\xe5\x01""",0
bne 0x1e70,0
"ldr r3, [0x00001eec]        ; [0x1eec:4]=0x15780",0
"ldr r0, [r3]",0
bl 0x44fc,0
"cmp r0, 0",0
bne 0x1eb8,0
"add sp, sp, 8",0
"pop {r4, r5, r6, pc}",0
"mov r0, 0",0
"ldr r1, [0x00001ef0]        ; [0x1ef0:4]=0xd090",0
"mov r2, 5",0
bl 0xe68,0
"ldr r4, [r4]",0
"mov r5, r0",0
"cmp r4, 0",0
beq 0x1ec4,0
bl 0xfac,0
"ldr r6, [r0]",0
"mov r0, r4",0
bl 0x3790,0
"str r5, [sp]",0
"mov r3, r0",0
"mov r1, r6",0
"mov r0, 0",0
"ldr r2, [0x00001ef4]        ; [0x1ef4:4]=0xd09c",0
bl 0xef8,0
"ldr r3, [0x00001ef8]        ; [0x1ef8:4]=0x15724",0
"ldr r0, [r3]",0
bl 0xe38,0
bl 0xfac,0
"mov r3, r0",0
"ldr r1, [r3]",0
"mov r0, r4",0
"ldr r2, [0x00001efc]        ; [0x1efc:4]=0xd0a0",0
"mov r3, r5",0
bl 0xef8,0
b 0x1eb8,0
"andeq r5, r1, r4, lsl 15",0
"andeq r5, r1, ip, lsl 15",0
"andeq r5, r1, r0, lsl 15",0
"muleq r0, r0, r0",0
"muleq r0, ip, r0",0
"andeq r5, r1, r4, lsr 14",0
"andeq sp, r0, r0, lsr 1",0
"ldrb r3, [r0]",0
"cmp r3, 0x2f",0
bne 0x1f20,0
"add r2, r0, 1",0
"mov r0, r2",0
"ldrb r3, [r2], 1",0
"cmp r3, 0x2f",0
beq 0x1f10,0
"cmp r3, 0",0
bxeq lr,0
"mov r1, r0",0
"mov r2, 0",0
"cmp r3, 0x2f",0
"moveq r2, 1",0
beq 0x1f48,0
"cmp r2, 0",0
"movne r0, r1",0
"movne r2, 0",0
"ldrb r3, [r1, 1]!",0
"cmp r3, 0",0
bne 0x1f30,0
bx lr,0
"push {r4, lr}",0
"mov r4, r0",0
bl 0xf94,0
"cmp r0, 1",0
"popls {r4, pc}",0
"add r3, r4, r0",0
"ldrb r2, [r3, -1]",0
"cmp r2, 0x2f",0
"popne {r4, pc}",0
"sub r0, r0, 1",0
"cmp r0, 1",0
"sub r3, r3, 1",0
"popeq {r4, pc}",0
"ldrb r2, [r3, -1]",0
"cmp r2, 0x2f",0
beq 0x1f7c,0
"pop {r4, pc}",0
"push {r4, r5, r6, lr}",0
"subs r4, r0, 0",0
beq 0x2018,0
"mov r1, 0x2f                ; '/'",0
bl 0x1030,0
"subs r5, r0, 0",0
beq 0x2004,0
"add r6, r5, 1",0
"rsb r3, r4, r6",0
"cmp r3, 6",0
ble 0x2004,0
"sub r0, r5, 6",0
"ldr r1, [0x00002034]        ; [0x2034:4]=0xd0dc",0
"mov r2, 7",0
bl 0x1084,0
"cmp r0, 0",0
bne 0x2004,0
"mov r0, r6",0
"ldr r1, [0x00002038]        ; [0x2038:4]=0xd0e4",0
"mov r2, 3",0
bl 0x1084,0
"cmp r0, 0",0
"ldreq r3, [0x0000203c]      ; [0x203c:4]=0x15768 ; ""hW\x01""",0
"addeq r4, r5, 4",0
"streq r4, [r3]",0
"movne r4, r6",0
"ldr r3, [0x00002040]        ; [0x2040:4]=0x15794",0
"str r4, [r3]",0
"ldr r3, [0x00002044]        ; [0x2044:4]=0x15770 ; ""pW\x01""",0
"str r4, [r3]",0
"pop {r4, r5, r6, pc}",0
"ldr r3, [0x00002048]        ; [0x2048:4]=0x15780",0
"mov r1, 1",0
"mov r2, 0x37                ; '7'",0
"ldr r3, [r3]",0
"ldr r0, [0x0000204c]        ; [0x204c:4]=0xd0a4",0
bl 0xeb0,0
bl 0x1090,0
"ldrdeq sp, lr, [r0], -ip",0
"andeq sp, r0, r4, ror 1",0
"andeq r5, r1, r8, ror 14",0
"muleq r1, r4, r7",0
"andeq r5, r1, r0, ror r7",0
"andeq r5, r1, r0, lsl 15",0
"andeq sp, r0, r4, lsr 1",0
"push {r3, r4, r5, lr}",0
"mov r4, r0",0
"mov r5, r1",0
bl 0x4580,0
"ldrb r2, [r0]",0
"bic r2, r2, 0x20",0
"cmp r2, 0x55",0
bne 0x20d0,0
"ldrb r2, [r0, 1]",0
"bic r2, r2, 0x20",0
"cmp r2, 0x54",0
bne 0x2100,0
"ldrb r2, [r0, 2]",0
"bic r2, r2, 0x20",0
"cmp r2, 0x46",0
bne 0x2100,0
"ldrb r2, [r0, 3]",0
"cmp r2, 0x2d",0
bne 0x2100,0
"ldrb r2, [r0, 4]",0
"cmp r2, 0x38",0
bne 0x2100,0
"ldrb r3, [r0, 5]",0
"cmp r3, 0",0
bne 0x2100,0
"ldrb r0, [r4]",0
"ldr r3, [0x00002160]        ; [0x2160:4]=0xd140 ; ""@\xd1""",0
"ldr r2, [0x00002164]        ; [0x2164:4]=0xd12c ; "",\xd1""",0
"cmp r0, 0x60",0
"movne r0, r2",0
"moveq r0, r3",0
"pop {r3, r4, r5, pc}",0
"cmp r2, 0x47",0
bne 0x2100,0
"ldrb r2, [r0, 1]",0
"bic r2, r2, 0x20",0
"cmp r2, 0x42",0
bne 0x2100,0
"ldrb r2, [r0, 2]",0
"cmp r2, 0x31",0
bne 0x2100,0
"ldrb r2, [r0, 3]",0
"cmp r2, 0x38",0
beq 0x2114,0
"ldr r3, [0x00002168]        ; [0x2168:4]=0xd138 ; ""8\xd1""",0
"cmp r5, 7",0
"ldr r0, [0x0000216c]        ; [0x216c:4]=0xd134 ; ""4\xd1""",0
"moveq r0, r3",0
"pop {r3, r4, r5, pc}",0
"ldrb r2, [r0, 4]",0
"cmp r2, 0x30",0
bne 0x2100,0
"ldrb r2, [r0, 5]",0
"cmp r2, 0x33",0
bne 0x2100,0
"ldrb r2, [r0, 6]",0
"cmp r2, 0x30",0
bne 0x2100,0
"ldrb r3, [r0, 7]",0
"cmp r3, 0",0
bne 0x2100,0
"ldrb r0, [r4]",0
"ldr r3, [0x00002170]        ; [0x2170:4]=0xd13c ; ""<\xd1""",0
"ldr r2, [0x00002174]        ; [0x2174:4]=0xd130 ; ""0\xd1""",0
"cmp r0, 0x60",0
"movne r0, r2",0
"moveq r0, r3",0
"pop {r3, r4, r5, pc}",0
"andeq sp, r0, r0, asr 2",0
"andeq sp, r0, ip, lsr 2",0
"andeq sp, r0, r8, lsr r1",0
"andeq sp, r0, r4, lsr r1",0
"andeq sp, r0, ip, lsr r1",0
"andeq sp, r0, r0, lsr r1",0
"push {r4, r5, r6, r7, r8, sb, sl, fp, lr}",0
"sub sp, sp, 0x84",0
"mov sb, r3",0
"str r0, [sp, 0x24]",0
"mov fp, r1",0
"mov sl, r2",0
bl 0xec8,0
"ldr ip, [sp, 0xac]",0
"str r0, [sp, 0x40]",0
"lsr r3, ip, 1",0
"ldr ip, [sp, 0xa8]",0
"and r3, r3, 1",0
"str r3, [sp, 0x20]",0
"cmp ip, 8",0
"ldrls pc, [pc, ip, lsl 2]   ; [0x21b8:4]=0xa298",0
b 0x2294,0
"muleq r0, r8, r2",0
"andeq sl, r0, ip, asr 20",0
"andeq sl, r0, r0, lsl 21",0
"andeq sl, r0, r8, asr 21",0
"andeq sl, r0, r4, lsl fp",0
"andeq sl, r0, r8, asr 22",0
"ldrdeq sl, fp, [r0], -ip",0
"ldrdeq sl, fp, [r0], -ip",0
"ldrdeq sl, fp, [r0], -ip",0
"cmp ip, 8",0
beq 0x2224,0
"ldr r4, [0x00002ed4]        ; [0x2ed4:4]=0xd144",0
"mov r0, 0",0
"mov r1, r4",0
"mov r2, 5",0
bl 0xe68,0
"cmp r0, r4",0
"str r0, [sp, 0xb4]",0
beq 0x2e70,0
"ldr r4, [0x00002ed8]        ; [0x2ed8:4]=0xd134",0
"mov r0, 0",0
"mov r1, r4",0
"mov r2, 5",0
bl 0xe68,0
"cmp r0, r4",0
"str r0, [sp, 0xb8]",0
beq 0x2e60,0
"ldr ip, [sp, 0x20]",0
"cmp ip, 0",0
"movne r4, 0",0
bne 0x2268,0
"ldr r0, [sp, 0xb4]",0
"ldrb r3, [r0]",0
"cmp r3, 0",0
beq 0x2e58,0
"ldr r1, [sp, 0x24]",0
"mov r2, r0",0
"mov r4, ip",0
"cmp fp, r4",0
"strbhi r3, [r1, r4]",0
"ldrb r3, [r2, 1]!",0
"add r4, r4, 1",0
"cmp r3, 0",0
bne 0x2250,0
"ldr r0, [sp, 0xb8]",0
bl 0xf94,0
"ldr ip, [sp, 0xb8]",0
"str r0, [sp, 0x1c]",0
"str ip, [sp, 0x34]",0
"mov ip, 1",0
"str ip, [sp, 0x28]",0
"mov r3, 0",0
"mov ip, r0",0
"ldr r0, [sp, 0x28]",0
b 0x22b8,0
bl 0x1090,0
"mov ip, 0",0
"str ip, [sp, 0x20]",0
"mov r3, 1",0
"str ip, [sp, 0x28]",0
"str ip, [sp, 0x1c]",0
"str ip, [sp, 0x34]",0
"mov r4, ip",0
"mov r0, ip",0
"adds ip, ip, 0",0
"movne ip, 1",0
"str ip, [sp, 0x3c]",0
"ldr ip, [sp, 0xa8]",0
"mov r5, 0",0
"subs r2, ip, 2",0
"rsbs ip, r2, 0",0
"adcs ip, ip, r2",0
"str ip, [sp, 0x38]",0
"ldr ip, [sp, 0x20]",0
"eor ip, ip, 1",0
"str ip, [sp, 0x44]",0
"ldr ip, [sp, 0x3c]",0
"and r8, ip, r0",0
"ldr ip, [sp, 0xac]",0
"and ip, ip, 1",0
"str ip, [sp, 0x58]",0
"ldr ip, [sp, 0xac]",0
"and ip, ip, 4",0
"str ip, [sp, 0x5c]",0
"ldr ip, [sp, 0x20]",0
"and ip, ip, r0",0
"str ip, [sp, 0x50]",0
"ldr r0, [sp, 0x20]",0
"ldr ip, [sp, 0x38]",0
"and ip, ip, r0",0
"str ip, [sp, 0x30]",0
"ldr ip, [sp, 0x44]",0
"and r3, ip, r3",0
"sub ip, sl, 1",0
"str r3, [sp, 0x2c]",0
"str ip, [sp, 0x54]",0
"cmn sb, 1",0
beq 0x271c,0
"subs r3, r5, sb",0
"movne r3, 1",0
"cmp r3, 0",0
beq 0x2730,0
"cmp r8, 0",0
"addeq r7, sl, r5",0
"streq r8, [sp, 0x18]",0
beq 0x23c8,0
"ldr ip, [sp, 0x1c]",0
"cmp ip, 1",0
"movls r3, 0",0
"movhi r3, 1",0
"cmn sb, 1",0
"movne r3, 0",0
"cmp r3, 0",0
"add r6, r5, ip",0
beq 0x2390,0
"mov r0, sl",0
bl 0xf94,0
"mov sb, r0",0
"cmp sb, r6",0
"add r7, sl, r5",0
blo 0x2b70,0
"mov r0, r7",0
"ldr r1, [sp, 0x34]",0
"ldr r2, [sp, 0x1c]",0
bl 0xe5c,0
"cmp r0, 0",0
bne 0x2b70,0
"ldr ip, [sp, 0x20]",0
"cmp ip, 0",0
bne 0x27dc,0
"mov ip, 1",0
"str ip, [sp, 0x18]",0
"ldrb r6, [r7]",0
"cmp r6, 0x7e",0
"ldrls pc, [pc, r6, lsl 2]   ; [0x23d8:4]=0xa880",0
b 0x2900,0
"andeq sl, r0, r0, lsl 17",0
"andeq sl, r0, r0, lsl 18",0
"andeq sl, r0, r0, lsl 18",0
"andeq sl, r0, r0, lsl 18",0
"andeq sl, r0, r0, lsl 18",0
"andeq sl, r0, r0, lsl 18",0
"andeq sl, r0, r0, lsl 18",0
"andeq sl, r0, r0, ror 16",0
"andeq sl, r0, r8, asr r8",0
"andeq sl, r0, r0, asr r8",0
"andeq sl, r0, ip, lsr 16",0
"andeq sl, r0, r0, ror r8",0
"andeq sl, r0, r8, ror 16",0
"andeq sl, r0, r8, ror r8",0
"andeq sl, r0, r0, lsl 18",0
"andeq sl, r0, r0, lsl 18",0
"andeq sl, r0, r0, lsl 18",0
"andeq sl, r0, r0, lsl 18",0
"andeq sl, r0, r0, lsl 18",0
"andeq sl, r0, r0, lsl 18",0
"andeq sl, r0, r0, lsl 18",0
"andeq sl, r0, r0, lsl 18",0
"andeq sl, r0, r0, lsl 18",0
"andeq sl, r0, r0, lsl 18",0
"andeq sl, r0, r0, lsl 18",0
"andeq sl, r0, r0, lsl 18",0
"andeq sl, r0, r0, lsl 18",0
"andeq sl, r0, r0, lsl 18",0
"andeq sl, r0, r0, lsl 18",0
"andeq sl, r0, r0, lsl 18",0
"andeq sl, r0, r0, lsl 18",0
"andeq sl, r0, r0, lsl 18",0
"ldrdeq sl, fp, [r0], -r0",0
"ldrdeq sl, fp, [r0], -r0",0
"ldrdeq sl, fp, [r0], -r0",0
"andeq sl, r0, r8, asr 15",0
"ldrdeq sl, fp, [r0], -r0",0
"andeq sl, r0, r0, lsr 13",0
"ldrdeq sl, fp, [r0], -r0",0
"strdeq sl, fp, [r0], -r4",0
"ldrdeq sl, fp, [r0], -r0",0
"ldrdeq sl, fp, [r0], -r0",0
"ldrdeq sl, fp, [r0], -r0",0
"andeq sl, r0, r0, lsr 13",0
"andeq sl, r0, r0, lsr 13",0
"andeq sl, r0, r0, lsr 13",0
"andeq sl, r0, r0, lsr 13",0
"andeq sl, r0, r0, lsr 13",0
"andeq sl, r0, r0, lsr 13",0
"andeq sl, r0, r0, lsr 13",0
"andeq sl, r0, r0, lsr 13",0
"andeq sl, r0, r0, lsr 13",0
"andeq sl, r0, r0, lsr 13",0
"andeq sl, r0, r0, lsr 13",0
"andeq sl, r0, r0, lsr 13",0
"andeq sl, r0, r0, lsr 13",0
"andeq sl, r0, r0, lsr 13",0
"andeq sl, r0, r0, lsr 13",0
"andeq sl, r0, r0, lsr 13",0
"ldrdeq sl, fp, [r0], -r0",0
"ldrdeq sl, fp, [r0], -r0",0
"ldrdeq sl, fp, [r0], -r0",0
"ldrdeq sl, fp, [r0], -r0",0
"ldrdeq sl, fp, [r0], -r4",0
"andeq sl, r0, r0, lsl 18",0
"andeq sl, r0, r0, lsr 13",0
"andeq sl, r0, r0, lsr 13",0
"andeq sl, r0, r0, lsr 13",0
"andeq sl, r0, r0, lsr 13",0
"andeq sl, r0, r0, lsr 13",0
"andeq sl, r0, r0, lsr 13",0
"andeq sl, r0, r0, lsr 13",0
"andeq sl, r0, r0, lsr 13",0
"andeq sl, r0, r0, lsr 13",0
"andeq sl, r0, r0, lsr 13",0
"andeq sl, r0, r0, lsr 13",0
"andeq sl, r0, r0, lsr 13",0
"andeq sl, r0, r0, lsr 13",0
"andeq sl, r0, r0, lsr 13",0
"andeq sl, r0, r0, lsr 13",0
"andeq sl, r0, r0, lsr 13",0
"andeq sl, r0, r0, lsr 13",0
"andeq sl, r0, r0, lsr 13",0
"andeq sl, r0, r0, lsr 13",0
"andeq sl, r0, r0, lsr 13",0
"andeq sl, r0, r0, lsr 13",0
"andeq sl, r0, r0, lsr 13",0
"andeq sl, r0, r0, lsr 13",0
"andeq sl, r0, r0, lsr 13",0
"andeq sl, r0, r0, lsr 13",0
"andeq sl, r0, r0, lsr 13",0
"ldrdeq sl, fp, [r0], -r0",0
"ldrdeq sl, fp, [r0], -r4",0
"andeq sl, r0, r0, lsr 13",0
"ldrdeq sl, fp, [r0], -r0",0
"andeq sl, r0, r0, lsr 13",0
"ldrdeq sl, fp, [r0], -r0",0
"andeq sl, r0, r0, lsr 13",0
"andeq sl, r0, r0, lsr 13",0
"andeq sl, r0, r0, lsr 13",0
"andeq sl, r0, r0, lsr 13",0
"andeq sl, r0, r0, lsr 13",0
"andeq sl, r0, r0, lsr 13",0
"andeq sl, r0, r0, lsr 13",0
"andeq sl, r0, r0, lsr 13",0
"andeq sl, r0, r0, lsr 13",0
"andeq sl, r0, r0, lsr 13",0
"andeq sl, r0, r0, lsr 13",0
"andeq sl, r0, r0, lsr 13",0
"andeq sl, r0, r0, lsr 13",0
"andeq sl, r0, r0, lsr 13",0
"andeq sl, r0, r0, lsr 13",0
"andeq sl, r0, r0, lsr 13",0
"andeq sl, r0, r0, lsr 13",0
"andeq sl, r0, r0, lsr 13",0
"andeq sl, r0, r0, lsr 13",0
"andeq sl, r0, r0, lsr 13",0
"andeq sl, r0, r0, lsr 13",0
"andeq sl, r0, r0, lsr 13",0
"andeq sl, r0, r0, lsr 13",0
"andeq sl, r0, r0, lsr 13",0
"andeq sl, r0, r0, lsr 13",0
"andeq sl, r0, r0, lsr 13",0
"strheq sl, [r0], -r0",0
"ldrdeq sl, fp, [r0], -r0",0
"strheq sl, [r0], -r0",0
"andeq sl, r0, r8, asr 15",0
"ldr ip, [sp, 0xa8]",0
"cmp ip, 2",0
beq 0x2d80,0
"cmp ip, 3",0
bne 0x26a0,0
"ldr ip, [sp, 0x5c]",0
"cmp ip, 0",0
beq 0x26a0,0
"add r3, r5, 2",0
"cmp sb, r3",0
bls 0x26a0,0
"ldrb r2, [r7, 1]",0
"cmp r2, 0x3f",0
bne 0x26a0,0
"ldrb r0, [sl, r3]",0
"sub r1, r0, 0x21",0
"and ip, r1, 0xff",0
"cmp ip, 0x1d",0
bhi 0x26a0,0
"lsl r1, r1, 0x18",0
"asr ip, r1, 0x18",0
"mov r1, 1",0
"lsl ip, r1, ip",0
"ldr r1, [0x00002edc]        ; [0x2edc:4]=0x380051c1",0
"and r1, ip, r1",0
"cmp r1, 0",0
beq 0x26a0,0
"ldr ip, [sp, 0x20]",0
"cmp ip, 0",0
bne 0x27dc,0
"cmp r4, fp",0
"ldrlo ip, [sp, 0x24]",0
"mov r6, r0",0
"strblo r2, [ip, r4]",0
"add r2, r4, 1",0
"cmp fp, r2",0
"ldrhi ip, [sp, 0x24]",0
"movhi r1, 0x22              ; '""'",0
"strbhi r1, [ip, r2]",0
"add r2, r4, 2",0
"cmp fp, r2",0
"ldrhi ip, [sp, 0x24]",0
"movhi r1, 0x22              ; '""'",0
"strbhi r1, [ip, r2]",0
"add r2, r4, 3",0
"cmp fp, r2",0
"ldrhi ip, [sp, 0x24]",0
"movhi r1, 0x3f              ; '?'",0
"strbhi r1, [ip, r2]",0
"add r4, r4, 4",0
"mov r5, r3",0
"ldr ip, [sp, 0x2c]",0
"cmp ip, 0",0
bne 0x26d4,0
"ldr ip, [sp, 0xb0]",0
"cmp ip, 0",0
beq 0x26d4,0
"lsr r3, r6, 5",0
"and r3, r3, 0xff",0
"ldr r2, [ip, r3, lsl 2]",0
"and r3, r6, 0x1f",0
"lsr r3, r2, r3",0
"tst r3, 1",0
bne 0x26e0,0
"ldr ip, [sp, 0x18]",0
"cmp ip, 0",0
beq 0x2700,0
"ldr ip, [sp, 0x20]",0
"cmp ip, 0",0
bne 0x27dc,0
"cmp r4, fp",0
"ldrlo ip, [sp, 0x24]",0
"movlo r0, 0x5c              ; '\'",0
"strblo r0, [ip, r4]",0
"add r4, r4, 1",0
"add r5, r5, 1",0
"cmp r4, fp",0
"ldrlo ip, [sp, 0x24]",0
"strblo r6, [ip, r4]",0
"cmn sb, 1",0
"add r4, r4, 1",0
bne 0x2340,0
"ldrb r3, [sl, r5]",0
"adds r3, r3, 0",0
"movne r3, 1",0
"cmp r3, 0",0
bne 0x2350,0
"ldr r3, [sp, 0x38]",0
"cmp r4, 0",0
"movne r3, 0",0
"andeq r3, r3, 1",0
"cmp r3, 0",0
beq 0x2754,0
"ldr ip, [sp, 0x20]",0
"cmp ip, 0",0
bne 0x27dc,0
"ldr r3, [sp, 0x44]",0
"ldr ip, [sp, 0x34]",0
"cmp ip, 0",0
"moveq r3, 0",0
"andne r3, r3, 1",0
"cmp r3, 0",0
beq 0x279c,0
"ldrb r3, [ip]",0
"cmp r3, 0",0
beq 0x279c,0
"ldr r1, [sp, 0x24]",0
"mov r2, ip",0
"cmp fp, r4",0
"strbhi r3, [r1, r4]",0
"ldrb r3, [r2, 1]!",0
"add r4, r4, 1",0
"cmp r3, 0",0
bne 0x2784,0
"cmp r4, fp",0
"ldrlo ip, [sp, 0x24]",0
"movlo r3, 0",0
"strblo r3, [ip, r4]",0
b 0x2820,0
"cmn sb, 1",0
beq 0x2d90,0
"subs r3, sb, 1",0
"movne r3, 1",0
"cmp r3, 0",0
bne 0x26a0,0
"cmp r5, 0",0
bne 0x26a0,0
"ldr ip, [sp, 0x30]",0
"cmp ip, 0",0
beq 0x26a0,0
"ldr ip, [sp, 0xac]",0
"ldr r0, [sp, 0xb4]",0
"bic r3, ip, 2",0
"ldr ip, [sp, 0xa8]",0
"str r3, [sp, 4]",0
"str ip, [sp]",0
"ldr ip, [sp, 0xb8]",0
"mov r3, 0",0
"str r3, [sp, 8]",0
"str r0, [sp, 0xc]",0
"str ip, [sp, 0x10]",0
"ldr r0, [sp, 0x24]",0
"mov r1, fp",0
"mov r2, sl",0
"mov r3, sb",0
bl 0x2178,0
"mov r4, r0",0
"mov r0, r4",0
"add sp, sp, 0x84",0
"pop {r4, r5, r6, r7, r8, sb, sl, fp, pc}",0
"mov r3, 0x6e                ; 'n'",0
"ldr ip, [sp, 0x30]",0
"cmp ip, 0",0
bne 0x27dc,0
"ldr ip, [sp, 0x28]",0
"cmp ip, 0",0
beq 0x26a0,0
"mov r6, r3",0
b 0x26e0,0
"mov r3, 0x74                ; 't'",0
b 0x2830,0
"mov r3, 0x62                ; 'b'",0
b 0x283c,0
"mov r3, 0x61                ; 'a'",0
b 0x283c,0
"mov r3, 0x66                ; 'f'",0
b 0x283c,0
"mov r3, 0x76                ; 'v'",0
b 0x283c,0
"mov r3, 0x72                ; 'r'",0
b 0x2830,0
"ldr ip, [sp, 0x28]",0
"cmp ip, 0",0
beq 0x2d6c,0
"ldr ip, [sp, 0x20]",0
"cmp ip, 0",0
bne 0x27dc,0
"cmp r4, fp",0
"ldrlo ip, [sp, 0x24]",0
"movlo r0, 0x5c              ; '\'",0
"add r3, r5, 1",0
"strblo r0, [ip, r4]",0
"cmp sb, r3",0
"add r2, r4, 1",0
bls 0x28f4,0
"ldrb r3, [sl, r3]",0
"cmp r3, 0x2f",0
bls 0x28f4,0
"cmp r3, 0x39",0
bhi 0x28f4,0
"cmp fp, r2",0
"ldrhi ip, [sp, 0x24]",0
"movhi r3, 0x30              ; '0'",0
"strbhi r3, [ip, r2]",0
"add r3, r4, 2",0
"cmp fp, r3",0
"ldrhi ip, [sp, 0x24]",0
"movhi r2, 0x30              ; '0'",0
"strbhi r2, [ip, r3]",0
"add r2, r4, 3",0
"mov r4, r2",0
"mov r6, 0x30                ; '0'",0
b 0x26ac,0
"ldr ip, [sp, 0x40]",0
"cmp ip, 1",0
bne 0x2b7c,0
bl 0xf70,0
"ldr r2, [r0]",0
"lsl r3, r6, 1",0
"ldrh r3, [r2, r3]",0
"ldr ip, [sp, 0x40]",0
"lsr r3, r3, 0xe",0
"str ip, [sp, 0x4c]",0
"eor r3, r3, 1",0
"ldr ip, [sp, 0x28]",0
"and r3, r3, 1",0
"and r3, ip, r3",0
"cmp r3, 0",0
beq 0x26a0,0
"ldr r0, [sp, 0x4c]",0
"add r1, r5, r0",0
"ldr ip, [sp, 0x20]",0
"cmp ip, 0",0
bne 0x27dc,0
"ldr ip, [sp, 0x24]",0
"add r3, r4, 3",0
"add r2, ip, r4",0
"mov r0, ip",0
b 0x2980,0
"cmp fp, r3",0
"strbhi r6, [r2, 3]",0
"ldrb r6, [r7, 1]!",0
"add r4, r4, 4",0
"add r3, r3, 4",0
"add r2, r2, 4",0
"cmp fp, r4",0
"movhi ip, 0x5c              ; '\'",0
"strbhi ip, [r0, r4]",0
"add ip, r4, 1",0
"cmp fp, ip",0
"lsrhi ip, r6, 6",0
"addhi ip, ip, 0x30",0
"strbhi ip, [r2, 1]",0
"add ip, r4, 2",0
"cmp ip, fp",0
"lsrlo ip, r6, 3",0
"andlo ip, ip, 7",0
"addlo ip, ip, 0x30",0
"strblo ip, [r2, 2]",0
"add r5, r5, 1",0
"and r6, r6, 7",0
"cmp r5, r1",0
"add r6, r6, 0x30",0
blo 0x2968,0
"mov r4, r3",0
b 0x2704,0
"ldr ip, [sp, 0x50]",0
"cmp ip, 0",0
beq 0x29ec,0
"ldr ip, [sp, 0x3c]",0
"cmp ip, 0",0
bne 0x2700,0
"mov r3, 0x5c                ; '\'",0
b 0x2830,0
"ldr ip, [sp, 0x38]",0
"cmp ip, 0",0
beq 0x26a0,0
"ldr ip, [sp, 0x20]",0
"cmp ip, 0",0
bne 0x27dc,0
"cmp r4, fp",0
"ldrlo ip, [sp, 0x24]",0
"movlo r3, 0x27              ; '''",0
"strblo r3, [ip, r4]",0
"add r3, r4, 1",0
"cmp fp, r3",0
"ldrhi ip, [sp, 0x24]",0
"movhi r0, 0x5c              ; '\'",0
"strbhi r0, [ip, r3]",0
"add r3, r4, 2",0
"cmp fp, r3",0
"ldrhi ip, [sp, 0x24]",0
"movhi r2, 0x27              ; '''",0
"strbhi r2, [ip, r3]",0
"add r4, r4, 3",0
b 0x26a0,0
"mov ip, 0",0
"str ip, [sp, 0x28]",0
"ldr ip, [0x00002ed8]        ; [0x2ed8:4]=0xd134",0
"mov r3, 1",0
"str ip, [sp, 0x34]",0
"mov ip, 2",0
"str ip, [sp, 0xa8]",0
"str r3, [sp, 0x20]",0
"str r3, [sp, 0x1c]",0
"mov r4, 0",0
"mov ip, r3",0
"ldr r0, [sp, 0x28]",0
b 0x22b8,0
"mov ip, r3",0
"cmp ip, 0",0
"mov r3, 1",0
bne 0x2e80,0
"cmp fp, 0",0
beq 0x2db0,0
"ldr ip, [sp, 0x24]",0
"mov r2, 0x27                ; '''",0
"strb r2, [ip]",0
"ldr ip, [sp, 0x20]",0
"str r3, [sp, 0x1c]",0
"str ip, [sp, 0x28]",0
"ldr ip, [0x00002ed8]        ; [0x2ed8:4]=0xd134",0
"mov r4, r3",0
"str ip, [sp, 0x34]",0
"ldr r0, [sp, 0x28]",0
"mov ip, r3",0
b 0x22b8,0
"cmp r3, 0",0
bne 0x2ea4,0
"mov ip, 1",0
"cmp fp, 0",0
"str ip, [sp, 0x28]",0
"moveq r3, fp",0
beq 0x2af8,0
"ldr ip, [sp, 0x24]",0
"mov r3, 0x22                ; '""'",0
"strb r3, [ip]",0
"ldr r3, [sp, 0x20]",0
"mov ip, 1",0
"str ip, [sp, 0x1c]",0
"ldr ip, [0x00002ee0]        ; [0x2ee0:4]=0xd138",0
"mov r4, 1",0
"str ip, [sp, 0x34]",0
"ldr r0, [sp, 0x28]",0
"ldr ip, [sp, 0x1c]",0
b 0x22b8,0
"mov ip, 1",0
"str ip, [sp, 0x28]",0
"str ip, [sp, 0x1c]",0
"str ip, [sp, 0x20]",0
"ldr ip, [0x00002ee0]        ; [0x2ee0:4]=0xd138",0
"mov r3, 0",0
"str ip, [sp, 0x34]",0
"mov ip, 3",0
"str ip, [sp, 0xa8]",0
"mov r4, r3",0
"ldr ip, [sp, 0x1c]",0
"ldr r0, [sp, 0x28]",0
b 0x22b8,0
"mov ip, 1",0
"mov r3, 0",0
"str ip, [sp, 0x28]",0
"str r3, [sp, 0x20]",0
"str r3, [sp, 0x1c]",0
"str r3, [sp, 0x34]",0
"mov r4, r3",0
"mov ip, r3",0
"ldr r0, [sp, 0x28]",0
b 0x22b8,0
"mov ip, 0",0
"str ip, [sp, 0x18]",0
b 0x23c8,0
"mov r0, 0",0
"cmn sb, 1",0
"str r0, [sp, 0x78]",0
"str r0, [sp, 0x7c]",0
beq 0x2da0,0
"mov r0, 0",0
"mov ip, 1",0
"str r7, [sp, 0x6c]",0
"str ip, [sp, 0x48]",0
"mov r7, r5",0
"str r0, [sp, 0x4c]",0
"str r4, [sp, 0x60]",0
"str r6, [sp, 0x64]",0
"str r8, [sp, 0x68]",0
"mov r5, r0",0
"add r4, r5, r7",0
"add r6, sl, r4",0
"add r0, sp, 0x74",0
"mov r1, r6",0
"rsb r2, r4, sb",0
"add r3, sp, 0x78",0
bl 0xeec,0
"subs r8, r0, 0",0
beq 0x2cdc,0
"cmn r8, 1",0
beq 0x2dd0,0
"cmn r8, 2",0
beq 0x2df0,0
"ldr ip, [sp, 0x30]",0
"cmp ip, 0",0
beq 0x2cb0,0
"cmp r8, 1",0
bls 0x2cb0,0
"ldr ip, [sp, 0x54]",0
"add r3, ip, r8",0
"add r4, r3, r4",0
"ldrb r3, [r6, 1]!",0
"sub r3, r3, 0x5b",0
"cmp r3, 0x21",0
"ldrls pc, [pc, r3, lsl 2]   ; [0x2c20:4]=0xa7dc",0
b 0x2ca8,0
"ldrdeq sl, fp, [r0], -ip",0
"ldrdeq sl, fp, [r0], -ip",0
"andeq sl, r0, r8, lsr 25",0
"ldrdeq sl, fp, [r0], -ip",0
"andeq sl, r0, r8, lsr 25",0
"ldrdeq sl, fp, [r0], -ip",0
"andeq sl, r0, r8, lsr 25",0
"andeq sl, r0, r8, lsr 25",0
"andeq sl, r0, r8, lsr 25",0
"andeq sl, r0, r8, lsr 25",0
"andeq sl, r0, r8, lsr 25",0
"andeq sl, r0, r8, lsr 25",0
"andeq sl, r0, r8, lsr 25",0
"andeq sl, r0, r8, lsr 25",0
"andeq sl, r0, r8, lsr 25",0
"andeq sl, r0, r8, lsr 25",0
"andeq sl, r0, r8, lsr 25",0
"andeq sl, r0, r8, lsr 25",0
"andeq sl, r0, r8, lsr 25",0
"andeq sl, r0, r8, lsr 25",0
"andeq sl, r0, r8, lsr 25",0
"andeq sl, r0, r8, lsr 25",0
"andeq sl, r0, r8, lsr 25",0
"andeq sl, r0, r8, lsr 25",0
"andeq sl, r0, r8, lsr 25",0
"andeq sl, r0, r8, lsr 25",0
"andeq sl, r0, r8, lsr 25",0
"andeq sl, r0, r8, lsr 25",0
"andeq sl, r0, r8, lsr 25",0
"andeq sl, r0, r8, lsr 25",0
"andeq sl, r0, r8, lsr 25",0
"andeq sl, r0, r8, lsr 25",0
"andeq sl, r0, r8, lsr 25",0
"ldrdeq sl, fp, [r0], -ip",0
"cmp r6, r4",0
bne 0x2c0c,0
"ldr r0, [sp, 0x74]",0
bl 0xe98,0
"ldr ip, [sp, 0x48]",0
"cmp r0, 0",0
"moveq ip, 0",0
"add r0, sp, 0x78",0
"str ip, [sp, 0x48]",0
bl 0xe50,0
"cmp r0, 0",0
"add r5, r5, r8",0
beq 0x2bb8,0
"ldr ip, [sp, 0x48]",0
"str r5, [sp, 0x4c]",0
"eor r3, ip, 1",0
"ldr ip, [sp, 0x28]",0
"mov r5, r7",0
"and r3, ip, r3",0
"ldr r4, [sp, 0x60]",0
"ldr r6, [sp, 0x64]",0
"ldr r8, [sp, 0x68]",0
"ldr r7, [sp, 0x6c]",0
"and r3, r3, 0xff",0
"ldr r0, [sp, 0x4c]",0
"cmp r0, 1",0
bls 0x2938,0
"cmp r3, 0",0
"mov r2, r0",0
"add r1, r5, r0",0
bne 0x2948,0
"ldr ip, [sp, 0x18]",0
"cmp ip, 0",0
beq 0x2ecc,0
"cmp r4, fp",0
"ldrlo ip, [sp, 0x24]",0
"movlo r0, 0x5c              ; '\'",0
"strblo r0, [ip, r4]",0
"add r4, r4, 1",0
"ldr r3, [sp, 0x24]",0
b 0x2d5c,0
"cmp fp, r4",0
"strbhi r6, [r3, r4]",0
"ldrb r6, [r7, 1]!",0
"add r4, r4, 1",0
"add r5, r5, 1",0
"cmp r1, r5",0
bhi 0x2d4c,0
b 0x2704,0
"ldr ip, [sp, 0x58]",0
"cmp ip, 0",0
"addne r5, r5, 1",0
bne 0x2338,0
b 0x26a0,0
"ldr ip, [sp, 0x20]",0
"cmp ip, 0",0
beq 0x26a0,0
b 0x27dc,0
"ldrb r3, [sl, 1]",0
"adds r3, r3, 0",0
"movne r3, 1",0
b 0x27c0,0
"mov r0, sl",0
bl 0xf94,0
"mov sb, r0",0
b 0x2b90,0
"ldr ip, [0x00002ed8]        ; [0x2ed8:4]=0xd134",0
"str fp, [sp, 0x28]",0
"str ip, [sp, 0x34]",0
"str r3, [sp, 0x1c]",0
"mov r4, r3",0
"mov ip, r3",0
"mov r0, fp",0
b 0x22b8,0
"str r5, [sp, 0x4c]",0
"ldr r4, [sp, 0x60]",0
"mov r5, r7",0
"ldr r6, [sp, 0x64]",0
"ldr r8, [sp, 0x68]",0
"ldr r7, [sp, 0x6c]",0
"ldr r3, [sp, 0x28]",0
b 0x2d08,0
"str r4, [sp, 0x48]",0
"ldr r1, [sp, 0x48]",0
"str r5, [sp, 0x4c]",0
"cmp sb, r1",0
"mov r5, r7",0
"mov ip, r6",0
"ldr r8, [sp, 0x68]",0
"ldr r4, [sp, 0x60]",0
"ldr r6, [sp, 0x64]",0
"ldr r7, [sp, 0x6c]",0
bls 0x2e50,0
"ldrb r3, [ip]",0
"cmp r3, 0",0
beq 0x2e50,0
"ldr r3, [sp, 0x4c]",0
b 0x2e3c,0
"ldrb r2, [r7, r3]",0
"cmp r2, 0",0
beq 0x2e4c,0
"add r3, r3, 1",0
"add r2, r5, r3",0
"cmp sb, r2",0
bhi 0x2e30,0
"str r3, [sp, 0x4c]",0
"ldr r3, [sp, 0x28]",0
b 0x2d08,0
"ldr r4, [sp, 0x20]",0
b 0x2268,0
"ldr r1, [sp, 0xa8]",0
bl 0x2050,0
"str r0, [sp, 0xb8]",0
b 0x2224,0
"ldr r1, [sp, 0xa8]",0
bl 0x2050,0
"str r0, [sp, 0xb4]",0
b 0x2204,0
"mov ip, 0",0
"str ip, [sp, 0x28]",0
"ldr ip, [0x00002ed8]        ; [0x2ed8:4]=0xd134",0
"str r3, [sp, 0x1c]",0
"str ip, [sp, 0x34]",0
"mov r4, 0",0
"mov ip, r3",0
"ldr r0, [sp, 0x28]",0
b 0x22b8,0
"mov ip, 1",0
"str ip, [sp, 0x28]",0
"str ip, [sp, 0x1c]",0
"ldr ip, [0x00002ee0]        ; [0x2ee0:4]=0xd138",0
"mov r3, 0",0
"str ip, [sp, 0x34]",0
"mov r4, r3",0
"ldr ip, [sp, 0x1c]",0
"ldr r0, [sp, 0x28]",0
b 0x22b8,0
"ldr r3, [sp, 0x24]",0
b 0x2d5c,0
"andeq sp, r0, r4, asr 2",0
"andeq sp, r0, r4, lsr r1",0
"stmdalo r0, {r0, r6, r7, r8, ip, lr}",0
"andeq sp, r0, r8, lsr r1",0
"push {r4, r5, r6, r7, r8, sb, sl, fp, lr}",0
"sub sp, sp, 0x2c",0
"mov r6, r0",0
"mov sl, r1",0
"mov sb, r2",0
"mov r4, r3",0
bl 0xfac,0
"ldr r7, [0x0000308c]        ; [0x308c:4]=0x15728",0
"mov r8, r0",0
"ldr r0, [r0]",0
"cmp r6, 0",0
"str r0, [sp, 0x24]",0
"ldr r5, [r7]",0
blt 0x3084,0
"ldr r3, [r7, 4]",0
"cmp r6, r3",0
blo 0x2f70,0
"add fp, r6, 1",0
"cmn fp, 0xe0000001",0
bhi 0x3088,0
"add r3, r7, 8",0
"cmp r5, r3",0
beq 0x305c,0
"mov r0, r5",0
"lsl r1, fp, 3",0
bl 0x4308,0
"mov r5, r0",0
"str r0, [r7]",0
"ldr r0, [r7, 4]",0
"mov r1, 0",0
"rsb r2, r0, fp",0
"lsl r2, r2, 3",0
"add r0, r5, r0, lsl 3",0
bl 0xfc4,0
"str fp, [r7, 4]",0
"ldr r0, [r4, 4]",0
"ldr r1, [r4]",0
"orr r0, r0, 1",0
"str r0, [sp, 0x1c]",0
"add fp, r5, r6, lsl 3",0
"ldr ip, [r5, r6, lsl 3]",0
"ldr r7, [fp, 4]",0
"ldr r2, [r4, 0x28]",0
"ldr r3, [r4, 0x2c]",0
"str r1, [sp]",0
"ldr r1, [sp, 0x1c]",0
"add r0, r4, 8",0
"str r0, [sp, 0x20]",0
"str r1, [sp, 4]",0
"str r0, [sp, 8]",0
"str r2, [sp, 0xc]",0
"str r3, [sp, 0x10]",0
"mov r1, ip",0
"mov r0, r7",0
"mov r2, sl",0
"mov r3, sb",0
"str ip, [sp, 0x18]",0
bl 0x2178,0
"ldr ip, [sp, 0x18]",0
"cmp ip, r0",0
bhi 0x3048,0
"ldr r3, [0x00003090]        ; [0x3090:4]=0x15798",0
"add r1, r0, 1",0
"cmp r7, r3",0
"str r1, [r5, r6, lsl 3]",0
beq 0x2ffc,0
"mov r0, r7",0
"str r1, [sp, 0x18]",0
bl 0xe2c,0
"ldr r1, [sp, 0x18]",0
"mov r0, r1",0
"str r1, [sp, 0x18]",0
bl 0x42e0,0
"ldr r2, [r4]",0
"ldr r3, [r4, 0x28]",0
"ldr ip, [r4, 0x2c]",0
"str r0, [fp, 4]",0
"str r2, [sp]",0
"ldr r2, [sp, 0x1c]",0
"str r3, [sp, 0xc]",0
"str r2, [sp, 4]",0
"ldr r2, [sp, 0x20]",0
"ldr r1, [sp, 0x18]",0
"str r2, [sp, 8]",0
"str ip, [sp, 0x10]",0
"mov r2, sl",0
"mov r3, sb",0
"mov r7, r0",0
bl 0x2178,0
"ldr r3, [sp, 0x24]",0
"mov r0, r7",0
"str r3, [r8]",0
"add sp, sp, 0x2c",0
"pop {r4, r5, r6, r7, r8, sb, sl, fp, pc}",0
"lsl r1, fp, 3",0
"mov r0, 0",0
"str r3, [sp, 0x18]",0
bl 0x4308,0
"ldr r3, [sp, 0x18]",0
"mov r5, r0",0
"str r0, [r7]",0
"ldm r3, {r0, r1}",0
"stm r5, {r0, r1}",0
b 0x2f54,0
bl 0x1090,0
bl 0x4488,0
"andeq r5, r1, r8, lsr 14",0
"muleq r1, r8, r7",0
"push {r4, r5, r6, lr}",0
"mov r5, r0",0
bl 0xfac,0
"cmp r5, 0",0
"ldr r6, [r0]",0
"mov r4, r0",0
"mov r1, 0x30                ; '0'",0
"ldr r0, [0x000030c4]        ; [0x30c4:4]=0x15898",0
"movne r0, r5",0
bl 0x4404,0
"str r6, [r4]",0
"pop {r4, r5, r6, pc}",0
"muleq r1, r8, r8",0
"ldr r3, [0x000030dc]        ; [0x30dc:4]=0x15898",0
"cmp r0, 0",0
"moveq r0, r3",0
"ldr r0, [r0]",0
bx lr,0
"muleq r1, r8, r8",0
"ldr r3, [0x000030f4]        ; [0x30f4:4]=0x15898",0
"cmp r0, 0",0
"moveq r0, r3",0
"str r1, [r0]",0
bx lr,0
"muleq r1, r8, r8",0
"ldr r3, [0x00003138]        ; [0x3138:4]=0x15898",0
"cmp r0, 0",0
"lsr ip, r1, 5",0
"movne r3, r0",0
"add ip, ip, 2",0
"str r4, [sp, -4]!",0
"ldr r4, [r3, ip, lsl 2]",0
"and r1, r1, 0x1f",0
"lsr r0, r4, r1",0
"and r2, r2, 1",0
"and r0, r0, 1",0
"eor r2, r0, r2",0
"eor r1, r4, r2, lsl r1",0
"str r1, [r3, ip, lsl 2]",0
"ldm sp!, {r4}",0
bx lr,0
"muleq r1, r8, r8",0
"ldr r3, [0x00003154]        ; [0x3154:4]=0x15898",0
"cmp r0, 0",0
"movne r3, r0",0
"ldr r0, [r3, 4]",0
"str r1, [r3, 4]",0
bx lr,0
"muleq r1, r8, r8",0
"push {r3, lr}",0
"ldr r3, [0x00003188]        ; [0x3188:4]=0x15898",0
"cmp r0, 0",0
"moveq r0, r3",0
"cmp r1, 0",0
"cmpne r2, 0",0
"mov r3, 8",0
"str r3, [r0]",0
"strne r1, [r0, 0x28]",0
"strne r2, [r0, 0x2c]",0
"popne {r3, pc}",0
bl 0x1090,0
"muleq r1, r8, r8",0
"push {r4, r5, r6, r7, r8, sb, sl, lr}",0
"sub sp, sp, 0x18",0
"ldr r4, [sp, 0x38]",0
"mov r7, r0",0
"ldr r0, [0x00003204]        ; [0x3204:4]=0x15898",0
"cmp r4, 0",0
"moveq r4, r0",0
"mov sl, r2",0
"mov r8, r3",0
"mov sb, r1",0
bl 0xfac,0
"ldr r3, [r4]",0
"ldr r6, [r0]",0
"str r3, [sp]",0
"ldr r2, [r4, 4]",0
"add r3, r4, 8",0
"stmib sp, {r2, r3}",0
"ldr r3, [r4, 0x28]",0
"mov r5, r0",0
"str r3, [sp, 0xc]",0
"ldr r3, [r4, 0x2c]",0
"mov r0, r7",0
"str r3, [sp, 0x10]",0
"mov r1, sb",0
"mov r2, sl",0
"mov r3, r8",0
bl 0x2178,0
"str r6, [r5]",0
"add sp, sp, 0x18",0
"pop {r4, r5, r6, r7, r8, sb, sl, pc}",0
"muleq r1, r8, r8",0
"push {r4, r5, r6, r7, r8, sb, sl, fp, lr}",0
"cmp r2, 0",0
"sub sp, sp, 0x24",0
"ldr r4, [0x000032bc]        ; [0x32bc:4]=0x15898",0
"mov r5, r1",0
"movne r4, r2",0
"mov r6, r0",0
bl 0xfac,0
"ldm r4, {r3, sl}",0
"orr sl, sl, 1",0
"ldr ip, [r0]",0
"stm sp, {r3, sl}",0
"add r8, r4, 8",0
"str r8, [sp, 8]",0
"ldr r3, [r4, 0x28]",0
"mov r7, r0",0
"str r3, [sp, 0xc]",0
"ldr lr, [r4, 0x2c]",0
"mov r0, 0",0
"mov r2, r6",0
"mov r3, r5",0
"str lr, [sp, 0x10]",0
"mov r1, r0",0
"str ip, [sp, 0x1c]",0
bl 0x2178,0
"add sb, r0, 1",0
"mov r0, sb",0
bl 0x42e0,0
"ldr r3, [r4]",0
"str r8, [sp, 8]",0
"stm sp, {r3, sl}",0
"ldr r3, [r4, 0x28]",0
"mov r1, sb",0
"str r3, [sp, 0xc]",0
"ldr r3, [r4, 0x2c]",0
"mov r2, r6",0
"str r3, [sp, 0x10]",0
"mov r3, r5",0
"mov fp, r0",0
bl 0x2178,0
"ldr ip, [sp, 0x1c]",0
"mov r0, fp",0
"str ip, [r7]",0
"add sp, sp, 0x24",0
"pop {r4, r5, r6, r7, r8, sb, sl, fp, pc}",0
"muleq r1, r8, r8",0
"push {r4, r5, r6, r7, r8, sb, sl, fp, lr}",0
"cmp r3, 0",0
"sub sp, sp, 0x24",0
"ldr r4, [0x00003388]        ; [0x3388:4]=0x15898",0
"mov r5, r2",0
"movne r4, r3",0
"mov r6, r1",0
"mov r7, r0",0
bl 0xfac,0
"ldm r4, {r3, sb}",0
"add sl, r4, 8",0
"cmp r5, 0",0
"orreq sb, sb, 1",0
"ldr r2, [r0]",0
"stm sp, {r3, sb, sl}",0
"ldr r3, [r4, 0x28]",0
"mov r8, r0",0
"str r3, [sp, 0xc]",0
"ldr ip, [r4, 0x2c]",0
"mov r0, 0",0
"str ip, [sp, 0x10]",0
"mov r3, r6",0
"str r2, [sp, 0x1c]",0
"mov r1, r0",0
"mov r2, r7",0
bl 0x2178,0
"add r1, r0, 1",0
"mov fp, r0",0
"mov r0, r1",0
"str r1, [sp, 0x18]",0
bl 0x42e0,0
"ldr r3, [r4]",0
"ldr r1, [sp, 0x18]",0
"stm sp, {r3, sb, sl}",0
"ldr r3, [r4, 0x28]",0
"mov r2, r7",0
"str r3, [sp, 0xc]",0
"ldr r3, [r4, 0x2c]",0
"str r0, [sp, 0x18]",0
"str r3, [sp, 0x10]",0
"mov r3, r6",0
bl 0x2178,0
"ldr ip, [sp, 0x18]",0
"ldr r3, [sp, 0x1c]",0
"cmp r5, 0",0
"str r3, [r8]",0
"mov r0, ip",0
"strne fp, [r5]",0
"add sp, sp, 0x24",0
"pop {r4, r5, r6, r7, r8, sb, sl, fp, pc}",0
"muleq r1, r8, r8",0
"push {r4, r5, r6, r7, r8, lr}",0
"ldr r7, [0x0000340c]        ; [0x340c:4]=0x15728",0
"ldr r6, [r7, 4]",0
"ldr r8, [r7]",0
"cmp r6, 1",0
"movhi r5, r8",0
"movhi r4, 1",0
bls 0x33c4,0
"ldr r0, [r5, 0xc]",0
"add r4, r4, 1",0
bl 0xe2c,0
"cmp r4, r6",0
"add r5, r5, 8",0
bne 0x33ac,0
"ldr r0, [r8, 4]",0
"ldr r4, [0x00003410]        ; [0x3410:4]=0x15798",0
"cmp r0, r4",0
beq 0x33e4,0
bl 0xe2c,0
"mov r3, 0x100",0
"str r3, [r7, 8]",0
"str r4, [r7, 0xc]",0
"ldr r4, [0x0000340c]        ; [0x340c:4]=0x15728",0
"add r5, r4, 8",0
"cmp r8, r5",0
beq 0x3400,0
"mov r0, r8",0
bl 0xe2c,0
"str r5, [r4]",0
"mov r3, 1",0
"str r3, [r7, 4]",0
"pop {r4, r5, r6, r7, r8, pc}",0
"andeq r5, r1, r8, lsr 14",0
"muleq r1, r8, r7",0
"ldr r3, [0x00003420]        ; [0x3420:4]=0x15898",0
"mvn r2, 0",0
b 0x2ee4,0
"muleq r1, r8, r8",0
"ldr r3, [pc]                ; [0x342c:4]=0x15898",0
b 0x2ee4,0
"muleq r1, r8, r8",0
"ldr r3, [0x00003444]        ; [0x3444:4]=0x15898",0
"mov r1, r0",0
"mvn r2, 0",0
"mov r0, 0",0
b 0x2ee4,0
"muleq r1, r8, r8",0
"mov r3, r0",0
"mov r2, r1",0
"mov r1, r3",0
"ldr r3, [0x00003460]        ; [0x3460:4]=0x15898",0
"mov r0, 0",0
b 0x2ee4,0
"muleq r1, r8, r8",0
"push {r4, r5, lr}",0
"mov r3, 0",0
"sub sp, sp, 0x64",0
"cmp r1, 8",0
"mov r5, r0",0
"mov r4, r2",0
"str r3, [sp, 0x34]",0
"str r3, [sp, 0x38]",0
"str r3, [sp, 0x3c]",0
"str r3, [sp, 0x40]",0
"str r3, [sp, 0x44]",0
"str r3, [sp, 0x48]",0
"str r3, [sp, 0x4c]",0
"str r3, [sp, 0x50]",0
"str r3, [sp, 0x54]",0
"str r3, [sp, 0x58]",0
"str r3, [sp, 0x5c]",0
beq 0x34ec,0
"str r1, [sp, 0x30]",0
"mov ip, sp",0
"add lr, sp, 0x30",0
"ldm lr!, {r0, r1, r2, r3}",0
"stm ip!, {r0, r1, r2, r3}",0
"ldm lr!, {r0, r1, r2, r3}",0
"stm ip!, {r0, r1, r2, r3}",0
"ldm lr, {r0, r1, r2, r3}",0
"stm ip, {r0, r1, r2, r3}",0
"mov r0, r5",0
"mov r1, r4",0
"mvn r2, 0",0
"mov r3, sp",0
bl 0x2ee4,0
"add sp, sp, 0x64",0
"pop {r4, r5, pc}",0
bl 0x1090,0
"push {r4, r5, r6, lr}",0
"mov ip, 0",0
"sub sp, sp, 0x60",0
"cmp r1, 8",0
"mov r6, r0",0
"mov r5, r2",0
"mov r4, r3",0
"str ip, [sp, 0x34]",0
"str ip, [sp, 0x38]",0
"str ip, [sp, 0x3c]",0
"str ip, [sp, 0x40]",0
"str ip, [sp, 0x44]",0
"str ip, [sp, 0x48]",0
"str ip, [sp, 0x4c]",0
"str ip, [sp, 0x50]",0
"str ip, [sp, 0x54]",0
"str ip, [sp, 0x58]",0
"str ip, [sp, 0x5c]",0
beq 0x357c,0
"str r1, [sp, 0x30]",0
"mov ip, sp",0
"add lr, sp, 0x30",0
"ldm lr!, {r0, r1, r2, r3}",0
"stm ip!, {r0, r1, r2, r3}",0
"ldm lr!, {r0, r1, r2, r3}",0
"stm ip!, {r0, r1, r2, r3}",0
"ldm lr, {r0, r1, r2, r3}",0
"stm ip, {r0, r1, r2, r3}",0
"mov r0, r6",0
"mov r1, r5",0
"mov r2, r4",0
"mov r3, sp",0
bl 0x2ee4,0
"add sp, sp, 0x60",0
"pop {r4, r5, r6, pc}",0
bl 0x1090,0
"push {r4, r5, lr}",0
"cmp r0, 8",0
"sub sp, sp, 0x64",0
"mov r4, 0",0
"mov r5, r1",0
"str r4, [sp, 0x34]",0
"str r4, [sp, 0x38]",0
"str r4, [sp, 0x3c]",0
"str r4, [sp, 0x40]",0
"str r4, [sp, 0x44]",0
"str r4, [sp, 0x48]",0
"str r4, [sp, 0x4c]",0
"str r4, [sp, 0x50]",0
"str r4, [sp, 0x54]",0
"str r4, [sp, 0x58]",0
"str r4, [sp, 0x5c]",0
beq 0x3604,0
"str r0, [sp, 0x30]",0
"mov ip, sp",0
"add lr, sp, 0x30",0
"ldm lr!, {r0, r1, r2, r3}",0
"stm ip!, {r0, r1, r2, r3}",0
"ldm lr!, {r0, r1, r2, r3}",0
"stm ip!, {r0, r1, r2, r3}",0
"ldm lr, {r0, r1, r2, r3}",0
"stm ip, {r0, r1, r2, r3}",0
"mov r0, r4",0
"mov r1, r5",0
"mvn r2, 0",0
"mov r3, sp",0
bl 0x2ee4,0
"add sp, sp, 0x64",0
"pop {r4, r5, pc}",0
bl 0x1090,0
"push {r4, r5, r6, lr}",0
"cmp r0, 8",0
"sub sp, sp, 0x60",0
"mov r4, 0",0
"mov r6, r1",0
"mov r5, r2",0
"str r4, [sp, 0x34]",0
"str r4, [sp, 0x38]",0
"str r4, [sp, 0x3c]",0
"str r4, [sp, 0x40]",0
"str r4, [sp, 0x44]",0
"str r4, [sp, 0x48]",0
"str r4, [sp, 0x4c]",0
"str r4, [sp, 0x50]",0
"str r4, [sp, 0x54]",0
"str r4, [sp, 0x58]",0
"str r4, [sp, 0x5c]",0
beq 0x3690,0
"str r0, [sp, 0x30]",0
"mov ip, sp",0
"add lr, sp, 0x30",0
"ldm lr!, {r0, r1, r2, r3}",0
"stm ip!, {r0, r1, r2, r3}",0
"ldm lr!, {r0, r1, r2, r3}",0
"stm ip!, {r0, r1, r2, r3}",0
"ldm lr, {r0, r1, r2, r3}",0
"stm ip, {r0, r1, r2, r3}",0
"mov r0, r4",0
"mov r1, r6",0
"mov r2, r5",0
"mov r3, sp",0
bl 0x2ee4,0
"add sp, sp, 0x60",0
"pop {r4, r5, r6, pc}",0
bl 0x1090,0
"push {r4, r5, r6, lr}",0
"ldr lr, [0x00003710]        ; [0x3710:4]=0x15898",0
"sub sp, sp, 0x30",0
"mov ip, sp",0
"mov r4, r2",0
"mov r6, r0",0
"mov r5, r1",0
"ldm lr!, {r0, r1, r2, r3}",0
"stm ip!, {r0, r1, r2, r3}",0
"ldm lr!, {r0, r1, r2, r3}",0
"stm ip!, {r0, r1, r2, r3}",0
"ldm lr, {r0, r1, r2, r3}",0
"stm ip, {r0, r1, r2, r3}",0
"lsr ip, r4, 5",0
"add r3, sp, 0x30",0
"add ip, ip, 2",0
"add ip, r3, ip, lsl 2",0
"ldr r3, [ip, -0x30]",0
"and r4, r4, 0x1f",0
"lsr r2, r3, r4",0
"and r2, r2, 1",0
"eor r2, r2, 1",0
"eor r4, r3, r2, lsl r4",0
"mov r1, r6",0
"mov r2, r5",0
"mov r3, sp",0
"str r4, [ip, -0x30]",0
"mov r0, 0",0
bl 0x2ee4,0
"add sp, sp, 0x30",0
"pop {r4, r5, r6, pc}",0
"muleq r1, r8, r8",0
"push {r4, r5, lr}",0
"ldr lr, [0x0000378c]        ; [0x378c:4]=0x15898",0
"sub sp, sp, 0x34",0
"mov ip, sp",0
"mov r4, r1",0
"mov r5, r0",0
"ldm lr!, {r0, r1, r2, r3}",0
"stm ip!, {r0, r1, r2, r3}",0
"ldm lr!, {r0, r1, r2, r3}",0
"stm ip!, {r0, r1, r2, r3}",0
"ldm lr, {r0, r1, r2, r3}",0
"stm ip, {r0, r1, r2, r3}",0
"lsr ip, r4, 5",0
"add r3, sp, 0x30",0
"add ip, ip, 2",0
"add ip, r3, ip, lsl 2",0
"ldr r3, [ip, -0x30]",0
"and r4, r4, 0x1f",0
"lsr r2, r3, r4",0
"and r2, r2, 1",0
"eor r2, r2, 1",0
"eor r4, r3, r2, lsl r4",0
"mov r1, r5",0
"mvn r2, 0",0
"mov r3, sp",0
"str r4, [ip, -0x30]",0
"mov r0, 0",0
bl 0x2ee4,0
"add sp, sp, 0x34",0
"pop {r4, r5, pc}",0
"muleq r1, r8, r8",0
"push {r4, lr}",0
"ldr lr, [0x000037f0]        ; [0x37f0:4]=0x15898",0
"sub sp, sp, 0x30",0
"mov ip, sp",0
"mov r4, r0",0
"ldm lr!, {r0, r1, r2, r3}",0
"stm ip!, {r0, r1, r2, r3}",0
"ldm lr!, {r0, r1, r2, r3}",0
"stm ip!, {r0, r1, r2, r3}",0
"ldm lr, {r0, r1, r2, r3}",0
"stm ip, {r0, r1, r2, r3}",0
"ldr r3, [sp, 0xc]",0
"mov r1, r4",0
"lsr ip, r3, 0x1a",0
"and ip, ip, 1",0
"eor ip, ip, 1",0
"eor ip, r3, ip, lsl 26",0
"mvn r2, 0",0
"mov r3, sp",0
"mov r0, 0",0
"str ip, [sp, 0xc]",0
bl 0x2ee4,0
"add sp, sp, 0x30",0
"pop {r4, pc}",0
"muleq r1, r8, r8",0
"push {r4, r5, lr}",0
"ldr lr, [0x00003858]        ; [0x3858:4]=0x15898",0
"sub sp, sp, 0x34",0
"mov ip, sp",0
"mov r5, r0",0
"mov r4, r1",0
"ldm lr!, {r0, r1, r2, r3}",0
"stm ip!, {r0, r1, r2, r3}",0
"ldm lr!, {r0, r1, r2, r3}",0
"stm ip!, {r0, r1, r2, r3}",0
"ldm lr, {r0, r1, r2, r3}",0
"stm ip, {r0, r1, r2, r3}",0
"ldr r3, [sp, 0xc]",0
"mov r1, r5",0
"lsr ip, r3, 0x1a",0
"and ip, ip, 1",0
"eor ip, ip, 1",0
"eor ip, r3, ip, lsl 26",0
"mov r2, r4",0
"mov r3, sp",0
"mov r0, 0",0
"str ip, [sp, 0xc]",0
bl 0x2ee4,0
"add sp, sp, 0x34",0
"pop {r4, r5, pc}",0
"muleq r1, r8, r8",0
"push {r4, r5, r6, r7, lr}",0
"ldr lr, [0x000038d0]        ; [0x38d0:4]=0x15898",0
"sub sp, sp, 0x34",0
"mov ip, sp",0
"mov r5, r1",0
"mov r4, r2",0
"mov r7, r0",0
"mov r6, r3",0
"ldm lr!, {r0, r1, r2, r3}",0
"stm ip!, {r0, r1, r2, r3}",0
"ldm lr!, {r0, r1, r2, r3}",0
"stm ip!, {r0, r1, r2, r3}",0
"ldm lr, {r0, r1, r2, r3}",0
"cmp r5, 0",0
"cmpne r4, 0",0
"stm ip, {r0, r1, r2, r3}",0
"mov r2, 8",0
"str r2, [sp]",0
beq 0x38cc,0
"mov r0, r7",0
"mov r1, r6",0
"mvn r2, 0",0
"mov r3, sp",0
"str r5, [sp, 0x28]",0
"str r4, [sp, 0x2c]",0
bl 0x2ee4,0
"add sp, sp, 0x34",0
"pop {r4, r5, r6, r7, pc}",0
bl 0x1090,0
"muleq r1, r8, r8",0
"push {r4, r5, r6, r7, lr}",0
"ldr lr, [0x00003948]        ; [0x3948:4]=0x15898",0
"sub sp, sp, 0x34",0
"mov ip, sp",0
"mov r5, r1",0
"mov r4, r2",0
"mov r7, r0",0
"mov r6, r3",0
"ldm lr!, {r0, r1, r2, r3}",0
"stm ip!, {r0, r1, r2, r3}",0
"ldm lr!, {r0, r1, r2, r3}",0
"stm ip!, {r0, r1, r2, r3}",0
"ldm lr, {r0, r1, r2, r3}",0
"cmp r5, 0",0
"cmpne r4, 0",0
"stm ip, {r0, r1, r2, r3}",0
"mov r2, 8",0
"str r2, [sp]",0
beq 0x3944,0
"mov r0, r7",0
"mov r1, r6",0
"ldr r2, [sp, 0x48]",0
"mov r3, sp",0
"str r5, [sp, 0x28]",0
"str r4, [sp, 0x2c]",0
bl 0x2ee4,0
"add sp, sp, 0x34",0
"pop {r4, r5, r6, r7, pc}",0
bl 0x1090,0
"muleq r1, r8, r8",0
"push {r4, r5, r6, lr}",0
"ldr lr, [0x000039c4]        ; [0x39c4:4]=0x15898",0
"sub sp, sp, 0x30",0
"mov ip, sp",0
"mov r5, r0",0
"mov r4, r1",0
"mov r6, r2",0
"ldm lr!, {r0, r1, r2, r3}",0
"stm ip!, {r0, r1, r2, r3}",0
"ldm lr!, {r0, r1, r2, r3}",0
"stm ip!, {r0, r1, r2, r3}",0
"ldm lr, {r0, r1, r2, r3}",0
"cmp r5, 0",0
"cmpne r4, 0",0
"stm ip, {r0, r1, r2, r3}",0
"mov r3, 8",0
"movne lr, 0",0
"moveq lr, 1",0
"str r3, [sp]",0
beq 0x39c0,0
"mov r0, lr",0
"mov r1, r6",0
"mvn r2, 0",0
"mov r3, sp",0
"str r5, [sp, 0x28]",0
"str r4, [sp, 0x2c]",0
bl 0x2ee4,0
"add sp, sp, 0x30",0
"pop {r4, r5, r6, pc}",0
bl 0x1090,0
"muleq r1, r8, r8",0
"push {r4, r5, r6, r7, lr}",0
"ldr lr, [0x00003a44]        ; [0x3a44:4]=0x15898",0
"sub sp, sp, 0x34",0
"mov ip, sp",0
"mov r5, r0",0
"mov r4, r1",0
"mov r7, r2",0
"mov r6, r3",0
"ldm lr!, {r0, r1, r2, r3}",0
"stm ip!, {r0, r1, r2, r3}",0
"ldm lr!, {r0, r1, r2, r3}",0
"stm ip!, {r0, r1, r2, r3}",0
"ldm lr, {r0, r1, r2, r3}",0
"cmp r5, 0",0
"cmpne r4, 0",0
"stm ip, {r0, r1, r2, r3}",0
"mov ip, 8",0
"movne lr, 0",0
"moveq lr, 1",0
"str ip, [sp]",0
beq 0x3a40,0
"mov r0, lr",0
"mov r1, r7",0
"mov r2, r6",0
"mov r3, sp",0
"str r5, [sp, 0x28]",0
"str r4, [sp, 0x2c]",0
bl 0x2ee4,0
"add sp, sp, 0x34",0
"pop {r4, r5, r6, r7, pc}",0
bl 0x1090,0
"muleq r1, r8, r8",0
"ldr r3, [pc]                ; [0x3a50:4]=0x15738 ; ""8W\x01""",0
b 0x2ee4,0
"andeq r5, r1, r8, lsr r7",0
"mov r3, r0",0
"mov r2, r1",0
"mov r1, r3",0
"ldr r3, [0x00003a6c]        ; [0x3a6c:4]=0x15738 ; ""8W\x01""",0
"mov r0, 0",0
b 0x2ee4,0
"andeq r5, r1, r8, lsr r7",0
"ldr r3, [0x00003a7c]        ; [0x3a7c:4]=0x15738 ; ""8W\x01""",0
"mvn r2, 0",0
b 0x2ee4,0
"andeq r5, r1, r8, lsr r7",0
"ldr r3, [0x00003a94]        ; [0x3a94:4]=0x15738",0
"mov r1, r0",0
"mvn r2, 0",0
"mov r0, 0",0
b 0x2ee4,0
"andeq r5, r1, r8, lsr r7",0
"push {r4, lr}",0
"sub sp, sp, 0x68",0
"mov r4, r0",0
"ldr r1, [0x00003ae8]        ; [0x3ae8:4]=0xcc44",0
"mov r0, 3",0
"mov r2, sp",0
bl 0x10a8,0
"cmp r0, 0",0
bne 0x3ae0,0
"add r3, sp, 0x60",0
"ldm r3, {r2, r3}",0
"stm r4, {r2, r3}",0
"ldm sp, {r2, r3}",0
"str r2, [r4, 8]",0
"str r3, [r4, 0xc]",0
"mov r0, r4",0
"add sp, sp, 0x68",0
"pop {r4, pc}",0
"mov r4, 0",0
b 0x3ad4,0
"andeq ip, r0, r4, asr 24",0
"push {r4, r5, r6, r7, r8, sl, lr}",0
"subs lr, r1, 0",0
"sub sp, sp, 0x24",0
"mov r5, r0",0
"mov ip, r2",0
"ldr r4, [sp, 0x40]",0
"ldr r6, [sp, 0x44]",0
beq 0x3e14,0
"str r2, [sp]",0
"str r3, [sp, 4]",0
"mov r1, 1",0
"ldr r2, [0x00003e2c]        ; [0x3e2c:4]=0xd184",0
"mov r3, lr",0
bl 0xff4,0
"ldr r1, [0x00003e30]        ; [0x3e30:4]=0xd198",0
"mov r2, 5",0
"mov r0, 0",0
bl 0xe68,0
"mov r3, r0",0
"ldr r0, [0x00003e34]        ; [0x3e34:4]=0x7dd",0
"mov r1, 1",0
"ldr r2, [0x00003e38]        ; [0x3e38:4]=0xd468 ; ""h\xd4""",0
"str r0, [sp]",0
"mov r0, r5",0
bl 0xff4,0
"ldr r1, [0x00003e3c]        ; [0x3e3c:4]=0xd19c",0
"mov r0, 0",0
"mov r2, 5",0
bl 0xe68,0
"mov r1, r5",0
bl 0xdf0,0
"cmp r6, 9",0
"ldrls pc, [pc, r6, lsl 2]   ; [0x3b74:4]=0xbc0c",0
b 0x3c04,0
"andeq fp, r0, ip, lsl 24",0
"andeq fp, r0, r0, lsl ip",0
"andeq fp, r0, ip, lsr ip",0
"andeq fp, r0, r0, ror ip",0
"andeq fp, r0, r8, lsr 25",0
"andeq fp, r0, r0, ror 25",0
"andeq fp, r0, r4, lsr 26",0
"andeq fp, r0, r8, ror 26",0
"strheq fp, [r0], -r8",0
"muleq r0, ip, fp",0
"ldr r1, [0x00003e40]        ; [0x3e40:4]=0xd374 ; ""t\xd3""",0
"mov r2, 5",0
"mov r0, 0",0
bl 0xe68,0
"ldm r4, {r3, sl}",0
"ldr r1, [r4, 0x20]",0
"ldr r8, [r4, 8]",0
"ldr r7, [r4, 0xc]",0
"ldr r6, [r4, 0x10]",0
"ldr lr, [r4, 0x14]",0
"ldr ip, [r4, 0x18]",0
"mov r2, r0",0
"ldr r0, [r4, 0x1c]",0
"str r1, [sp, 0x1c]",0
"str r0, [sp, 0x18]",0
"str sl, [sp]",0
"str r8, [sp, 4]",0
"str r7, [sp, 8]",0
"str r6, [sp, 0xc]",0
"str lr, [sp, 0x10]",0
"str ip, [sp, 0x14]",0
"mov r0, r5",0
"mov r1, 1",0
bl 0xff4,0
"add sp, sp, 0x24",0
"pop {r4, r5, r6, r7, r8, sl, pc}",0
"ldr r1, [0x00003e44]        ; [0x3e44:4]=0xd3a8",0
b 0x3ba0,0
bl 0x1090,0
"ldr r1, [0x00003e48]        ; [0x3e48:4]=0xd268 ; ""h\xd2""",0
"mov r2, 5",0
"mov r0, 0",0
bl 0xe68,0
"ldr r3, [r4]",0
"mov r2, r0",0
"mov r1, 1",0
"mov r0, r5",0
"add sp, sp, 0x24",0
"pop {r4, r5, r6, r7, r8, sl, lr}",0
b 0xff4,0
"ldr r1, [0x00003e4c]        ; [0x3e4c:4]=0xd278 ; ""x\xd2""",0
"mov r2, 5",0
"mov r0, 0",0
bl 0xe68,0
"ldr r1, [r4, 4]",0
"ldr r3, [r4]",0
"mov r2, r0",0
"str r1, [sp, 0x40]",0
"mov r0, r5",0
"mov r1, 1",0
"add sp, sp, 0x24",0
"pop {r4, r5, r6, r7, r8, sl, lr}",0
b 0xff4,0
"ldr r1, [0x00003e50]        ; [0x3e50:4]=0xd290",0
"mov r2, 5",0
"mov r0, 0",0
bl 0xe68,0
"ldr r3, [r4]",0
"mov r2, r0",0
"ldmib r4, {r0, r1}",0
"str r0, [sp, 0x40]",0
"str r1, [sp, 0x44]",0
"mov r0, r5",0
"mov r1, 1",0
"add sp, sp, 0x24",0
"pop {r4, r5, r6, r7, r8, sl, lr}",0
b 0xff4,0
"ldr r1, [0x00003e54]        ; [0x3e54:4]=0xd2ac",0
"mov r2, 5",0
"mov r0, 0",0
bl 0xe68,0
"ldm r4, {r3, ip}",0
"ldr r1, [r4, 0xc]",0
"mov r2, r0",0
"ldr r0, [r4, 8]",0
"str ip, [sp]",0
"stmib sp, {r0, r1}",0
"mov r0, r5",0
"mov r1, 1",0
bl 0xff4,0
b 0x3bfc,0
"ldr r1, [0x00003e58]        ; [0x3e58:4]=0xd2cc",0
"mov r2, 5",0
"mov r0, 0",0
bl 0xe68,0
"ldm r4, {r3, lr}",0
"ldr r1, [r4, 0x10]",0
"ldr ip, [r4, 8]",0
"mov r2, r0",0
"ldr r0, [r4, 0xc]",0
"str r1, [sp, 0xc]",0
"str r0, [sp, 8]",0
"str lr, [sp]",0
"str ip, [sp, 4]",0
"mov r0, r5",0
"mov r1, 1",0
bl 0xff4,0
b 0x3bfc,0
"ldr r1, [0x00003e5c]        ; [0x3e5c:4]=0xd2f0",0
"mov r2, 5",0
"mov r0, 0",0
bl 0xe68,0
"ldm r4, {r3, r6, lr}",0
"ldr r1, [r4, 0x14]",0
"ldr ip, [r4, 0xc]",0
"mov r2, r0",0
"ldr r0, [r4, 0x10]",0
"str r1, [sp, 0x10]",0
"str r0, [sp, 0xc]",0
"stm sp, {r6, lr}",0
"str ip, [sp, 8]",0
"mov r0, r5",0
"mov r1, 1",0
bl 0xff4,0
b 0x3bfc,0
"ldr r1, [0x00003e60]        ; [0x3e60:4]=0xd318",0
"mov r2, 5",0
"mov r0, 0",0
bl 0xe68,0
"ldm r4, {r3, r7}",0
"ldr r1, [r4, 0x18]",0
"ldr r6, [r4, 8]",0
"ldr lr, [r4, 0xc]",0
"ldr ip, [r4, 0x10]",0
"mov r2, r0",0
"ldr r0, [r4, 0x14]",0
"str r1, [sp, 0x14]",0
"str r0, [sp, 0x10]",0
"str r7, [sp]",0
"stmib sp, {r6, lr}",0
"str ip, [sp, 0xc]",0
"mov r0, r5",0
"mov r1, 1",0
bl 0xff4,0
b 0x3bfc,0
"ldr r1, [0x00003e64]        ; [0x3e64:4]=0xd344 ; ""D\xd3""",0
"mov r2, 5",0
"mov r0, 0",0
bl 0xe68,0
"ldm r4, {r3, r8}",0
"ldr r1, [r4, 0x1c]",0
"ldr r7, [r4, 8]",0
"ldr r6, [r4, 0xc]",0
"ldr lr, [r4, 0x10]",0
"ldr ip, [r4, 0x14]",0
"mov r2, r0",0
"ldr r0, [r4, 0x18]",0
"str r1, [sp, 0x18]",0
"str r0, [sp, 0x14]",0
"str r8, [sp]",0
"str r7, [sp, 4]",0
"str r6, [sp, 8]",0
"str lr, [sp, 0xc]",0
"str ip, [sp, 0x10]",0
"mov r0, r5",0
"mov r1, 1",0
bl 0xff4,0
b 0x3bfc,0
"str r3, [sp]",0
"mov r1, 1",0
"ldr r2, [0x00003e68]        ; [0x3e68:4]=0xd190",0
"mov r3, ip",0
bl 0xff4,0
b 0x3b24,0
"andeq sp, r0, r4, lsl 3",0
"muleq r0, r8, r1",0
"ldrdeq r0, r1, [r0], -sp",0
"andeq sp, r0, r8, ror 8",0
"muleq r0, ip, r1",0
"andeq sp, r0, r4, ror r3",0
"andeq sp, r0, r8, lsr 7",0
"andeq sp, r0, r8, ror 4",0
"andeq sp, r0, r8, ror r2",0
"muleq r0, r0, r2",0
"andeq sp, r0, ip, lsr 5",0
"andeq sp, r0, ip, asr 5",0
"strdeq sp, lr, [r0], -r0",0
"andeq sp, r0, r8, lsl r3",0
"andeq sp, r0, r4, asr 6",0
"muleq r0, r0, r1",0
"push {r4, r5, lr}",0
"sub sp, sp, 0xc",0
"ldr r5, [sp, 0x18]",0
"ldr ip, [r5]",0
"cmp ip, 0",0
beq 0x3e9c,0
"mov lr, r5",0
"mov ip, 0",0
"ldr r4, [lr, 4]!",0
"add ip, ip, 1",0
"cmp r4, 0",0
bne 0x3e8c,0
"stm sp, {r5, ip}",0
bl 0x3aec,0
"add sp, sp, 0xc",0
"pop {r4, r5, pc}",0
"str lr, [sp, -4]!",0
"sub sp, sp, 0x34",0
"ldr ip, [sp, 0x38]",0
"ldr lr, [ip]",0
"cmp lr, 0",0
"str lr, [sp, 8]",0
beq 0x3f5c,0
"ldr lr, [ip, 4]",0
"cmp lr, 0",0
"str lr, [sp, 0xc]",0
beq 0x3f70,0
"ldr lr, [ip, 8]",0
"cmp lr, 0",0
"str lr, [sp, 0x10]",0
beq 0x3f78,0
"ldr lr, [ip, 0xc]",0
"cmp lr, 0",0
"str lr, [sp, 0x14]",0
beq 0x3f80,0
"ldr lr, [ip, 0x10]",0
"cmp lr, 0",0
"str lr, [sp, 0x18]",0
beq 0x3f88,0
"ldr lr, [ip, 0x14]",0
"cmp lr, 0",0
"str lr, [sp, 0x1c]",0
beq 0x3f90,0
"ldr lr, [ip, 0x18]",0
"cmp lr, 0",0
"str lr, [sp, 0x20]",0
beq 0x3f98,0
"ldr lr, [ip, 0x1c]",0
"cmp lr, 0",0
"str lr, [sp, 0x24]",0
beq 0x3fa0,0
"ldr lr, [ip, 0x20]",0
"cmp lr, 0",0
"str lr, [sp, 0x28]",0
beq 0x3fa8,0
"ldr lr, [ip, 0x24]",0
"cmp lr, 0",0
"str lr, [sp, 0x2c]",0
"movne lr, 0xa",0
"moveq lr, 9",0
"add ip, sp, 8",0
"stm sp, {ip, lr}",0
bl 0x3aec,0
"add sp, sp, 0x34",0
"ldm sp!, {pc}",0
"mov lr, 1",0
b 0x3f5c,0
"mov lr, 2",0
b 0x3f5c,0
"mov lr, 3",0
b 0x3f5c,0
"mov lr, 4",0
b 0x3f5c,0
"mov lr, 5",0
b 0x3f5c,0
"mov lr, 6",0
b 0x3f5c,0
"mov lr, 7",0
b 0x3f5c,0
"mov lr, 8",0
b 0x3f5c,0
"str r3, [sp, -4]!",0
"str lr, [sp, -4]!",0
"sub sp, sp, 0x38",0
"ldr ip, [sp, 0x40]",0
"add r3, sp, 0x40",0
"cmp ip, 0",0
"str r3, [sp, 0xc]",0
"str ip, [sp, 0x10]",0
beq 0x4068,0
"ldr ip, [sp, 0x44]",0
"cmp ip, 0",0
"str ip, [sp, 0x14]",0
beq 0x4088,0
"ldr ip, [sp, 0x48]",0
"cmp ip, 0",0
"str ip, [sp, 0x18]",0
beq 0x4090,0
"ldr ip, [sp, 0x4c]",0
"cmp ip, 0",0
"str ip, [sp, 0x1c]",0
beq 0x4098,0
"ldr ip, [sp, 0x50]",0
"cmp ip, 0",0
"str ip, [sp, 0x20]",0
beq 0x40a0,0
"ldr ip, [sp, 0x54]",0
"cmp ip, 0",0
"str ip, [sp, 0x24]",0
beq 0x40a8,0
"ldr ip, [sp, 0x58]",0
"cmp ip, 0",0
"str ip, [sp, 0x28]",0
beq 0x40b0,0
"ldr ip, [sp, 0x5c]",0
"cmp ip, 0",0
"str ip, [sp, 0x2c]",0
beq 0x40b8,0
"ldr ip, [sp, 0x60]",0
"cmp ip, 0",0
"str ip, [sp, 0x30]",0
beq 0x40c0,0
"ldr ip, [sp, 0x64]",0
"cmp ip, 0",0
"str ip, [sp, 0x34]",0
"movne ip, 0xa",0
"moveq ip, 9",0
"add r3, sp, 0x10",0
"stm sp, {r3, ip}",0
"ldr r3, [sp, 0x3c]",0
bl 0x3aec,0
"add sp, sp, 0x38",0
pop {lr},0
"add sp, sp, 4",0
bx lr,0
"mov ip, 1",0
b 0x4068,0
"mov ip, 2",0
b 0x4068,0
"mov ip, 3",0
b 0x4068,0
"mov ip, 4",0
b 0x4068,0
"mov ip, 5",0
b 0x4068,0
"mov ip, 6",0
b 0x4068,0
"mov ip, 7",0
b 0x4068,0
"mov ip, 8",0
b 0x4068,0
"push {r3, lr}",0
"ldr r1, [0x00004130]        ; [0x4130:4]=0xd3e4",0
"mov r2, 5",0
"mov r0, 0",0
bl 0xe68,0
"ldr r2, [0x00004134]        ; [0x4134:4]=0xd3fc",0
"mov r1, r0",0
"mov r0, 1",0
bl 0xfdc,0
"ldr r1, [0x00004138]        ; [0x4138:4]=0xd414",0
"mov r2, 5",0
"mov r0, 0",0
bl 0xe68,0
"ldr r3, [0x0000413c]        ; [0x413c:4]=0xcf30 ; ""0\xcf""",0
"mov r1, r0",0
"ldr r2, [0x00004140]        ; [0x4140:4]=0xcf20 ; "" \xcf""",0
"mov r0, 1",0
bl 0xfdc,0
"ldr r1, [0x00004144]        ; [0x4144:4]=0xd428 ; ""(\xd4""",0
"mov r2, 5",0
"mov r0, 0",0
bl 0xe68,0
"ldr r3, [0x00004148]        ; [0x4148:4]=0x15784",0
"ldr r1, [r3]",0
"pop {r3, lr}",0
b 0xdf0,0
"andeq sp, r0, r4, ror 7",0
"strdeq sp, lr, [r0], -ip",0
"andeq sp, r0, r4, lsl r4",0
"andeq ip, r0, r0, lsr pc",0
"andeq ip, r0, r0, lsr 30",0
"andeq sp, r0, r8, lsr 8",0
"andeq r5, r1, r4, lsl 15",0
"push {r3, r4, r5, lr}",0
"mov r4, r0",0
"mvn r0, 0",0
"mov r5, r1",0
bl 0x4a5c,0
"cmp r0, r4",0
blo 0x4190,0
"mul r4, r5, r4",0
"mov r0, r4",0
bl 0xf34,0
"rsbs r3, r0, 1",0
"movlo r3, 0",0
"cmp r4, 0",0
"moveq r3, 0",0
"cmp r3, 0",0
bne 0x4190,0
"pop {r3, r4, r5, pc}",0
bl 0x4488,0
"push {r4, r5, r6, lr}",0
"mov r5, r1",0
"mov r6, r0",0
"mov r1, r2",0
"mvn r0, 0",0
"mov r4, r2",0
bl 0x4a5c,0
"cmp r0, r5",0
blo 0x420c,0
"muls r4, r5, r4",0
"movne r3, 0",0
"moveq r3, 1",0
"cmp r6, 0",0
"moveq r3, 0",0
"andne r3, r3, 1",0
"cmp r3, 0",0
"mov r0, r6",0
bne 0x4200,0
"mov r1, r4",0
bl 0xe74,0
"rsbs r3, r0, 1",0
"movlo r3, 0",0
"cmp r4, 0",0
"moveq r3, 0",0
"cmp r3, 0",0
bne 0x420c,0
"pop {r4, r5, r6, pc}",0
bl 0xe2c,0
"mov r0, 0",0
"pop {r4, r5, r6, pc}",0
bl 0x4488,0
"push {r3, r4, r5, r6, r7, lr}",0
"subs r7, r0, 0",0
"mov r6, r1",0
"mov r5, r2",0
"ldr r4, [r1]",0
beq 0x4278,0
"ldr r0, [0x000042b4]        ; [0x42b4:4]=0xaaaaaaaa",0
"mov r1, r2",0
bl 0x4a5c,0
"cmp r4, r0",0
bhs 0x4274,0
"add r3, r4, 1",0
"add r4, r4, r3, lsr 1",0
"muls r5, r4, r5",0
"str r4, [r6]",0
beq 0x42a4,0
"mov r1, r5",0
"mov r0, r7",0
bl 0xe74,0
"adds r5, r5, 0",0
"movne r5, 1",0
"cmp r0, 0",0
"movne r5, 0",0
"cmp r5, 0",0
"popeq {r3, r4, r5, r6, r7, pc}",0
bl 0x4488,0
"cmp r4, 0",0
bne 0x4298,0
"mov r0, 0x40                ; '@'",0
"mov r1, r2",0
bl 0x4a5c,0
"cmp r0, 0",0
"movne r4, r0",0
"addeq r4, r0, 1",0
"str r4, [r6]",0
"mul r5, r4, r5",0
b 0x4250,0
"mov r0, r7",0
bl 0xe2c,0
"mov r0, r5",0
"pop {r3, r4, r5, r6, r7, pc}",0
bge 0xfeaaed64,0
"push {r4, lr}",0
"mov r4, r0",0
bl 0xf34,0
"rsbs r3, r0, 1",0
"movlo r3, 0",0
"cmp r4, 0",0
"moveq r3, 0",0
"cmp r3, 0",0
"popeq {r4, pc}",0
bl 0x4488,0
"push {r4, lr}",0
"mov r4, r0",0
bl 0xf34,0
"rsbs r3, r0, 1",0
"movlo r3, 0",0
"cmp r4, 0",0
"moveq r3, 0",0
"cmp r3, 0",0
"popeq {r4, pc}",0
bl 0x4488,0
"rsbs r3, r1, 1",0
"movlo r3, 0",0
"cmp r0, 0",0
"moveq r3, 0",0
"cmp r3, 0",0
"push {r4, lr}",0
"mov r4, r1",0
bne 0x4348,0
bl 0xe74,0
"rsbs r3, r0, 1",0
"movlo r3, 0",0
"cmp r4, 0",0
"moveq r3, 0",0
"cmp r3, 0",0
"popeq {r4, pc}",0
bl 0x4488,0
bl 0xe2c,0
"mov r0, 0",0
"pop {r4, pc}",0
"subs r3, r0, 0",0
"push {r4, lr}",0
"ldr r4, [r1]",0
beq 0x439c,0
"ldr r2, [0x000043b8]        ; [0x43b8:4]=0xaaaaaaa9",0
"cmp r4, r2",0
bhi 0x4398,0
"add r2, r4, 1",0
"add r4, r4, r2, lsr 1",0
"cmp r4, 0",0
"str r4, [r1]",0
beq 0x43ac,0
"mov r0, r3",0
"mov r1, r4",0
bl 0xe74,0
"cmp r0, 0",0
"popne {r4, pc}",0
bl 0x4488,0
"cmp r4, 0",0
"moveq r4, 0x40              ; '@'",0
"streq r4, [r1]",0
b 0x4384,0
bl 0xe2c,0
"mov r0, r4",0
"pop {r4, pc}",0
bge 0xfeaaee64,0
"push {r4, lr}",0
"mov r4, r0",0
bl 0xf34,0
"rsbs r1, r0, 1",0
"movlo r1, 0",0
"cmp r4, 0",0
"moveq r1, 0",0
"cmp r1, 0",0
bne 0x43ec,0
"mov r2, r4",0
"pop {r4, lr}",0
b 0xfc4,0
bl 0x4488,0
"push {r3, lr}",0
bl 0xde4,0
"cmp r0, 0",0
"popne {r3, pc}",0
bl 0x4488,0
"push {r3, r4, r5, lr}",0
"mov r5, r0",0
"mov r0, r1",0
"mov r4, r1",0
bl 0xf34,0
"rsbs r3, r0, 1",0
"movlo r3, 0",0
"cmp r4, 0",0
"moveq r3, 0",0
"cmp r3, 0",0
bne 0x4440,0
"mov r1, r5",0
"mov r2, r4",0
"pop {r3, r4, r5, lr}",0
b 0xe44,0
bl 0x4488,0
"push {r3, r4, r5, lr}",0
"mov r5, r0",0
bl 0xf94,0
"add r4, r0, 1",0
"mov r0, r4",0
bl 0xf34,0
"adds r3, r4, 0",0
"movne r3, 1",0
"cmp r0, 0",0
"movne r3, 0",0
"cmp r3, 0",0
bne 0x4484,0
"mov r1, r5",0
"mov r2, r4",0
"pop {r3, r4, r5, lr}",0
b 0xe44,0
bl 0x4488,0
"push {r3, lr}",0
"ldr r3, [0x000044bc]        ; [0x44bc:4]=0x15724",0
"ldr r1, [0x000044c0]        ; [0x44c0:4]=0xd498",0
"mov r2, 5",0
"mov r0, 0",0
"ldr r4, [r3]",0
bl 0xe68,0
"mov r1, 0",0
"mov r3, r0",0
"ldr r2, [0x000044c4]        ; [0x44c4:4]=0xd0a0",0
"mov r0, r4",0
bl 0xef8,0
bl 0x1090,0
"andeq r5, r1, r4, lsr 14",0
"muleq r0, r8, r4",0
"andeq sp, r0, r0, lsr 1",0
"mov r0, 0",0
"push {r4, lr}",0
"mov r1, r0",0
bl 0xf7c,0
"subs r4, r0, 0",0
beq 0x44e8,0
"mov r0, r4",0
"pop {r4, pc}",0
bl 0xfac,0
"ldr r3, [r0]",0
"cmp r3, 0xc",0
bne 0x44e0,0
bl 0x4488,0
"push {r4, r5, r6, lr}",0
"mov r4, r0",0
bl 0xee0,0
"mov r6, r0",0
"mov r0, r4",0
"ldr r5, [r4]",0
bl 0x48c4,0
"and r5, r5, 0x20",0
"adds r4, r0, 0",0
"movne r4, 1",0
"cmp r5, 0",0
bne 0x454c,0
"cmp r4, 0",0
"moveq r3, r4",0
beq 0x4544,0
"cmp r6, 0",0
beq 0x4568,0
"mvn r3, 0",0
"mov r0, r3",0
"pop {r4, r5, r6, pc}",0
"cmp r4, 0",0
bne 0x4540,0
bl 0xfac,0
"mvn r3, 0",0
"str r4, [r0]",0
"mov r0, r3",0
"pop {r4, r5, r6, pc}",0
bl 0xfac,0
"ldr r3, [r0]",0
"cmp r3, 9",0
"moveq r3, r6",0
"mvnne r3, 0",0
b 0x4544,0
"push {r4, r5, r6, r7, r8, sb, sl, fp, lr}",0
"mov r0, 0xe",0
"sub sp, sp, 0x74",0
bl 0x103c,0
"ldr r7, [0x000048a4]        ; [0x48a4:4]=0x158c8",0
"cmp r0, 0",0
"ldr r4, [r7]",0
"ldr r6, [0x000048a8]        ; [0x48a8:4]=0xcfe4",0
"movne r6, r0",0
"cmp r4, 0",0
beq 0x463c,0
"ldrb r5, [r4]",0
"cmp r5, 0",0
bne 0x45e4,0
b 0x4620,0
bl 0xf94,0
"add r0, r0, 1",0
"add r4, r4, r0",0
"mov r0, r4",0
bl 0xf94,0
"add r0, r0, 1",0
"ldrb r5, [r4, r0]",0
"add r4, r4, r0",0
"cmp r5, 0",0
beq 0x4620,0
"mov r1, r4",0
"mov r0, r6",0
bl 0xe14,0
"cmp r0, 0",0
"mov r0, r4",0
beq 0x4610,0
"cmp r5, 0x2a",0
bne 0x45bc,0
"ldrb r3, [r4, 1]",0
"cmp r3, 0",0
bne 0x45bc,0
"mov r0, r4",0
bl 0xf94,0
"add r0, r0, 1",0
"add r6, r4, r0",0
"ldrb r0, [r6]",0
"ldr r3, [0x000048ac]        ; [0x48ac:4]=0xd4d4",0
"cmp r0, 0",0
"movne r0, r6",0
"moveq r0, r3",0
"add sp, sp, 0x74",0
"pop {r4, r5, r6, r7, r8, sb, sl, fp, pc}",0
"ldr r0, [0x000048b0]        ; [0x48b0:4]=0xd4dc",0
bl 0xf1c,0
"subs r5, r0, 0",0
beq 0x485c,0
"ldrb r3, [r5]",0
"cmp r3, 0",0
beq 0x47f8,0
bl 0xf94,0
"subs sl, r0, 0",0
"subne r3, sl, 1",0
bne 0x4804,0
"mov r3, 0",0
"mov sb, r3",0
"add fp, r3, sl",0
"add r0, fp, 0xe",0
bl 0xf34,0
"subs r8, r0, 0",0
beq 0x4854,0
"mov r2, sl",0
"mov r1, r5",0
bl 0xe44,0
"cmp sb, 0",0
"movne r3, 0x2f              ; '/'",0
"strbne r3, [r8, sl]",0
"ldr r1, [0x000048b4]        ; [0x48b4:4]=0xd4ec",0
"mov r2, 0xe",0
"add r0, r8, fp",0
bl 0xe44,0
"mov r0, r8",0
"mov r1, 0x8000",0
bl 0xf10,0
"subs sl, r0, 0",0
blt 0x4824,0
"ldr r1, [0x000048b8]        ; [0x48b8:4]=0xd4fc",0
bl 0xdd8,0
"subs r5, r0, 0",0
"movne sl, 0",0
beq 0x481c,0
"ldmib r5, {r2, r3}",0
"cmp r2, r3",0
"ldrblo r0, [r2], 1",0
"strlo r2, [r5, 4]",0
bhs 0x4884,0
"cmp r0, 0xa",0
"cmpne r0, 0x20              ; ""`\xe5\x01""",0
beq 0x46d4,0
"cmp r0, 9",0
beq 0x46d4,0
"cmp r0, 0x23",0
beq 0x47a0,0
"mov r1, r5",0
bl 0xfa0,0
"mov r0, r5",0
"ldr r1, [0x000048bc]        ; [0x48bc:4]=0xd500",0
"add r2, sp, 8",0
"add r3, sp, 0x3c",0
bl 0xfd0,0
"cmp r0, 1",0
ble 0x47d0,0
"add r0, sp, 8",0
bl 0xf94,0
"mov fp, r0",0
"add r0, sp, 0x3c",0
bl 0xf94,0
"cmp sl, 0",0
"mov r2, r0",0
bne 0x482c,0
"add sl, r0, fp",0
"add r0, sl, 3",0
"str r2, [sp, 4]",0
bl 0xf34,0
"ldr r2, [sp, 4]",0
"add sl, sl, 2",0
"mov sb, r0",0
"cmp sb, 0",0
beq 0x486c,0
"mvn r3, 1",0
"rsb r4, r2, sl",0
"rsb r3, fp, r3",0
"add r0, r3, r4",0
"add r1, sp, 8",0
"add r0, sb, r0",0
bl 0xed4,0
"sub r0, r4, 1",0
"add r0, sb, r0",0
"add r1, sp, 0x3c",0
bl 0xed4,0
"mov r4, sb",0
b 0x46d4,0
"ldr r2, [r5, 4]",0
"ldr r1, [r5, 8]",0
"mov r3, r2",0
"cmp r2, r1",0
"ldrblo r0, [r3], 1",0
"strlo r3, [r5, 4]",0
bhs 0x4898,0
"cmp r0, 0xa",0
"cmnne r0, 1",0
bne 0x47a0,0
"cmn r0, 1",0
bne 0x46d4,0
"mov r0, r5",0
bl 0x48c4,0
"cmp sl, 0",0
beq 0x4824,0
"mov r3, 0",0
"strb r3, [r4, sl]",0
"mov r0, r8",0
bl 0xe2c,0
"str r4, [r7]",0
b 0x45ac,0
"ldr r5, [0x000048c0]        ; [0x48c0:4]=0xd4ac",0
"mov r3, 0x24                ; '$'",0
"mov sl, 0x25                ; '%'",0
"ldrb r3, [r5, r3]",0
"cmp r3, 0x2f",0
"movne r3, 1",0
"movne sb, r3",0
bne 0x4670,0
b 0x4668,0
"mov r0, sl",0
bl 0x109c,0
"ldr r4, [0x000048a8]        ; [0x48a8:4]=0xcfe4",0
b 0x47e8,0
"add r3, fp, r0",0
"add sl, r3, sl",0
"add r1, sl, 3",0
"mov r0, r4",0
"str r2, [sp, 4]",0
bl 0xe74,0
"add sl, sl, 2",0
"mov sb, r0",0
"ldr r2, [sp, 4]",0
b 0x4764,0
"ldr r4, [0x000048a8]        ; [0x48a8:4]=0xcfe4",0
b 0x47f0,0
"mov r3, 0x24                ; '$'",0
"mov sl, 0x25                ; '%'",0
"ldr r5, [0x000048c0]        ; [0x48c0:4]=0xd4ac",0
b 0x4804,0
"mov r0, r4",0
bl 0xe2c,0
"mov r0, r5",0
bl 0x48c4,0
"ldr r4, [0x000048a8]        ; [0x48a8:4]=0xcfe4",0
b 0x47e8,0
"mov r0, r5",0
bl 0x1018,0
"cmn r0, 1",0
beq 0x47d0,0
b 0x46e8,0
"mov r0, r5",0
bl 0x1018,0
b 0x47bc,0
"andeq r5, r1, r8, asr 17",0
"andeq ip, r0, r4, ror 31",0
"ldrdeq sp, lr, [r0], -r4",0
"ldrdeq sp, lr, [r0], -ip",0
"andeq sp, r0, ip, ror 9",0
"strdeq sp, lr, [r0], -ip",0
"andeq sp, r0, r0, lsl 10",0
"andeq sp, r0, ip, lsr 9",0
"push {r4, r5, r6, lr}",0
"sub sp, sp, 8",0
"mov r4, r0",0
bl 0xfe8,0
"cmp r0, 0",0
"mov r0, r4",0
blt 0x4958,0
bl 0xf4c,0
"cmp r0, 0",0
bne 0x4924,0
"mov r0, r4",0
bl 0x4964,0
"cmp r0, 0",0
beq 0x4954,0
bl 0xfac,0
"ldr r6, [r0]",0
"mov r5, r0",0
"mov r0, r4",0
bl 0x1000,0
"cmp r6, 0",0
"strne r6, [r5]",0
"mvnne r0, 0",0
"add sp, sp, 8",0
"pop {r4, r5, r6, pc}",0
"mov r0, r4",0
bl 0xfe8,0
"mov r3, 1",0
"str r3, [sp]",0
"mov r2, 0",0
"mov r3, 0",0
bl 0xebc,0
"mvn r2, 0",0
"mvn r3, 0",0
"cmp r1, r3",0
"cmpeq r0, r2",0
bne 0x48ec,0
"mov r0, r4",0
"add sp, sp, 8",0
"pop {r4, r5, r6, lr}",0
b 0x1000,0
"push {r4, lr}",0
"subs r4, r0, 0",0
"sub sp, sp, 8",0
beq 0x4980,0
bl 0xf4c,0
"cmp r0, 0",0
bne 0x4990,0
"mov r0, r4",0
"add sp, sp, 8",0
"pop {r4, lr}",0
b 0xe20,0
"ldr r3, [r4]",0
"tst r3, 0x100",0
beq 0x4980,0
"mov r3, 1",0
"str r3, [sp]",0
"mov r0, r4",0
"mov r2, 0",0
"mov r3, 0",0
bl 0x49b8,0
b 0x4980,0
"push {r4, r5, r6, r7, lr}",0
"ldmib r0, {r1, ip}",0
"sub sp, sp, 0x14",0
"cmp ip, r1",0
"mov r6, r0",0
"ldr r4, [sp, 0x28]",0
beq 0x49e8,0
"mov r0, r6",0
"str r4, [sp, 0x28]",0
"add sp, sp, 0x14",0
"pop {r4, r5, r6, r7, lr}",0
b 0x100c,0
"ldr ip, [r0, 0x14]",0
"ldr r1, [r0, 0x10]",0
"cmp ip, r1",0
bne 0x49d4,0
"ldr r7, [r0, 0x24]",0
"cmp r7, 0",0
bne 0x49d4,0
"str r2, [sp, 0xc]",0
"str r3, [sp, 8]",0
bl 0xfe8,0
"str r4, [sp]",0
"ldr r2, [sp, 0xc]",0
"ldr r3, [sp, 8]",0
bl 0xebc,0
"mvn r4, 0",0
"mvn r5, 0",0
"cmp r1, r5",0
"cmpeq r0, r4",0
beq 0x4a54,0
"ldr r3, [r6]",0
"str r0, [r6, 0x50]",0
"str r1, [r6, 0x54]",0
"bic r3, r3, 0x10",0
"str r3, [r6]",0
"mov r0, r7",0
"add sp, sp, 0x14",0
"pop {r4, r5, r6, r7, pc}",0
"mvn r0, 0",0
b 0x4a4c,0
"subs r2, r1, 1",0
bxeq lr,0
blo 0x4af8,0
"cmp r0, r1",0
bls 0x4adc,0
"tst r1, r2",0
beq 0x4ae8,0
"clz r3, r1",0
"clz r2, r0",0
"sub r2, r3, r2",0
"mov r3, 1",0
"lsl r1, r1, r2",0
"lsl r3, r3, r2",0
"mov r2, 0",0
"cmp r0, r1",0
"subhs r0, r0, r1",0
"orrhs r2, r2, r3",0
"cmp r0, r1, lsr 1",0
"subhs r0, r0, r1, lsr 1",0
"orrhs r2, r2, r3, lsr 1",0
"cmp r0, r1, lsr 2",0
"subhs r0, r0, r1, lsr 2",0
"orrhs r2, r2, r3, lsr 2",0
"cmp r0, r1, lsr 3",0
"subhs r0, r0, r1, lsr 3",0
"orrhs r2, r2, r3, lsr 3",0
"cmp r0, 0",0
"lsrsne r3, r3, 4",0
"lsrne r1, r1, 4",0
bne 0x4a94,0
"mov r0, r2",0
bx lr,0
"moveq r0, 1",0
"movne r0, 0",0
bx lr,0
"clz r2, r1",0
"rsb r2, r2, 0x1f",0
"lsr r0, r0, r2",0
bx lr,0
"cmp r0, 0",0
"mvnne r0, 0",0
b 0x4b24,0
"cmp r1, 0",0
beq 0x4af8,0
"push {r0, r1, lr}",0
bl 0x4a5c,0
"pop {r1, r2, lr}",0
"mul r3, r2, r0",0
"sub r1, r1, r3",0
bx lr,0
"push {r1, lr}",0
"mov r0, 8",0
bl 0xe08,0
"pop {r1, pc}",0
"push {r3, r4, r5, r6, r7, r8, sl, lr}",0
"mov r7, r0",0
"ldr r5, [0x00004b90]        ; [0x4b90:4]=0x89c4",0
"mov r8, r1",0
"ldr r6, [0x00004b94]        ; [0x4b94:4]=0x89c0",0
"mov sl, r2",0
"add r5, pc, r5",0
bl 0xdb8,0
"add r6, pc, r6",0
"rsb r6, r5, r6",0
"asrs r6, r6, 2",0
"popeq {r3, r4, r5, r6, r7, r8, sl, pc}",0
"sub r5, r5, 4",0
"mov r4, 0",0
"ldr r3, [r5, 4]!",0
"mov r0, r7",0
"mov r1, r8",0
"mov r2, sl",0
"add r4, r4, 1",0
blx r3,0
"cmp r4, r6",0
bne 0x4b6c,0
"pop {r3, r4, r5, r6, r7, r8, sl, pc}",0
"andeq r8, r0, r4, asr 19",0
"andeq r8, r0, r0, asr 19",0
bx lr,0
"ldr r3, [0x00004bc0]        ; [0x4bc0:4]=0x8a5c",0
"mov r1, 0",0
"ldr r2, [0x00004bc4]        ; [0x4bc4:4]=264",0
"add r3, pc, r3",0
"ldr r3, [r3, r2]",0
"cmp r3, 0",0
"ldrne r2, [r3]",0
"moveq r2, r3",0
b 0xfb8,0
"andeq r8, r0, ip, asr sl",0
"andeq r0, r0, r8, lsl 2",0
"push {r3, lr}",0
"pop {r3, pc}",0
"andeq r0, r2, r1",1
"andeq sp, r0, r4, rrx",1
"andeq r0, r0, r0",1
"andeq r0, r0, r0",1
"andeq r0, r0, ip, asr 32",1
"andeq sp, r0, ip, rrx",1
"andeq r0, r0, r0",1
"andeq r0, r0, r0",1
"andeq r0, r0, r0, asr r0",1
"andeq sp, r0, r8, ror r0",1
"andeq r0, r0, r0",1
"andeq r0, r0, r0",1
invalid,1
"andeq sp, r0, r0, lsl 1",1
"andeq r0, r0, r0",1
"andeq r0, r0, r0",1
invalid,1
"andeq r0, r0, r0",1
"andeq r0, r0, r0",1
"andeq r0, r0, r0",1
"andeq r0, r0, r0",1
"stclvs p1, c6, [sb], -0x198",1
"strtvc r6, [r0], -0x465",1
"strbvs r2, [r7, -0x6f]!",1
"strbtvc r2, [r1], -0x74",1
"rsbvs r7, sb, 116, 4",1
invalid,1
"rsbhs r6, r6, r0, lsr 30",1
"andeq r7, r0, r5, lsr 6",1
"andeq r0, r0, pc, lsr 32",1
"andeq r0, r0, lr, lsr 32",1
"stclvs p1, c6, [sb], -0x198",1
"strtvc r6, [r0], -0x465",1
"ldrbtvc r2, [r3], -0x6f",1
"strhs r7, [r0, -0x461]!",1
"andeq r0, r0, r3, ror r0",1
"andeq r2, r0, lr, lsr 28",1
"cdpvs p1, 6, c6, c14, c3, 3",1
svcvs 0x20746f,1
"rsbhs r6, lr, r0, ror r5",1
"ldrbvs r6, [r2, -0x964]!",1
"rsbvc r7, pc, 0x63000000",1
invalid,1
"andeq r0, r0, r0",1
"eoreq r2, pc, lr, lsr 28",1
"stclvs p1, c6, [sb], -0x198",1
"strtvc r6, [r0], -0x465",1
"stmdavs r3!, {r0, r1, r2, r3, r5, r6, sp} ^",1
"rsbshs r6, r2, r4, ror 18",1
"strhs r6, [r0, -0xf74]!",1
"andeq r0, r0, r3, ror r0",1
"strbtvs r6, [r1], -0x572",1
"rsbhs r6, r7, sb, ror 28",1
"ldrbvs r6, [r2, -0x964]!",1
"rsbvc r7, pc, 0x63000000",1
invalid,1
"andeq r0, r0, r0",1
"ldclvs p15, c6, [r5], -0x18c",1
"strtvc r6, [r7], -0xe64",1
"cdpvs p6, 6, c6, c9, c0, 1",1
"stmdbvs r4!, {r2, r5, r6, sp} ^",1
"strbtvc r6, [r3], -0x572",1
"rsbshs r7, sb, pc, ror 4",1
"rsbsvc r6, r4, 0x650",1
"mcrvs p0, 3, r2, c9, c9, 3",1
"rsbshs r2, r3, r0, lsr 10",1
"ldmdavs r4!, {r0, r1, r2, r4, r5, r6, r8, fp, sp, lr} ^",1
"strbtvc r6, [r1], -0xd20",1
"cdpvs p8, 6, c6, c9, c3, 3",1
"stclhs p0, c2, [sb, -0x19c]!",1
"strbvs r6, [r4, -0xf6e]!",1
"andeq r0, r0, r0",1
"rsbshs r7, sb, r4, asr r2",1
"rsbshs r2, r3, r7, lsr 10",1
"strbvs r2, [r8, -0xd2d]!",1
"eorhs r7, r7, ip, rrx",1
"rsbshs r6, r2, r6, ror 30",1
"ldrbvs r6, [r2, -0xf6d]!",1
"strbtvs r6, [lr], -r0, lsr 18",1
invalid,1
"mcrvs p9, 3, r6, c15, c4, 3",1
"andeq r0, r0, lr, lsr 20",1
invalid,1
"strhs r3, [r0, -0xa65]!",1
svcmi 0x5b2073,1
svcmi 0x495450,1
"cdphs p13, 2, c5, c14, c14, 2",1
"andeq r0, r0, lr, lsr 20",1
"mcrvs p2, 3, r7, c9, c0, 2",1
"ldmdavs r4!, {r2, r4, r5, r6, sp} ^",1
"strbvc r2, [r6, -0x65]!",1
"strtvs r6, [r0], -ip, ror 24",1
"cdpvs p12, 6, c6, c5, c9, 3",1
"rsbhs r6, r5, r1, ror 26",1
"strtvc r6, [r0], -0x66f",1
invalid,1
"ldrbvs r7, [r2, -0x275]!",1
"strvc r7, [r0, -lr, ror 8]!",1
"stmdbvs fp!, {r0, r1, r2, r3, r5, r6, sb, ip, sp, lr} ^",1
"strtvs r6, [r0], -0x76e",1
invalid,1
"ldmdbvc r2!, {r2, r4, r5, r6, r8, sb, sl, fp, sp, lr} ^",1
"andeq r0, sl, lr, lsr 20",1
"stcmi p0, c2, [sp], -0x80",1
"stchs p0, c2, [sp, -0xb0]!",1
"stmdbvs r7!, {r2, r3, r5, r6, r8, sb, sl, fp, sp, lr} ^",1
"rsbhs r6, ip, r3, ror 2",1
"cmnvc r5, 0x20              ; ""`\xe5\x01""",1
"ldrbpl r2, [r0, -r5, rrx]",1
"rsbvc r2, r6, 0x44",1
"strvs r6, [r0, -0xd6f]!",1
"rsbvc r7, sb, 0x6e00000",1
"strbvs r6, [sp, -0xe6f]!",1
"eorhs r7, ip, lr, ror 8",1
"cdpvs p6, 6, c7, c5, c5, 3",1
"rsbhs r6, r6, r0, lsr 18",1
invalid,1
"cmnvs r4, pc, ror 28",1
"rsbshs r6, r3, sb, ror 28",1
"stclvs p9, c7, [sp], -0x1cc",1
invalid,1
"stchs p0, c2, [r0, -0x28]!",1
"stchs p12, c2, [r0, -0x140]!",1
"stmdbvc r8!, {r0, r2, r3, r5, ip, sp, lr} ^",1
invalid,1
invalid,1
"strbtvs r6, [sb], -0xf76",1
"stclvs p1, c6, [ip], -0x80",1
"ldclvs p3, c7, [sb, -0x80]!",1
blvs 0x1b9f38c,1
"andeq r0, r0, r3, ror sl",1
"eorhs r2, r0, r0, lsr 32",1
"stchs p0, c2, [sp, -0x80]!",1
"rsbvc r6, ip, r8, ror 10",1
"eorhs r2, r0, r0, lsr 32",1
invalid,1
"stmdbvc r1!, {r4, r5, r6, sl, fp, sp, lr} ^",1
"stmdbvs r8!, {r5, sl, ip, sp, lr} ^",1
"strbvs r2, [r8, -0x73]!",1
invalid,1
"strvs r6, [r0, -0x46e]!",1
beq 0x1d1f3ec,1
"andeq r0, r0, r0",1
"eorhs r2, r0, r0, lsr 32",1
"stchs p0, c2, [sp, -0x80]!",1
"cmnvc r2, 0x1d800000",1
"rsbhs r6, lr, sb, ror 30",1
"ldrbtvc r6, [r5], -0xf20",1
"rsbshs r7, r4, r0, ror r5",1
"cmnvc r2, 0x1d800000",1
"rsbhs r6, lr, sb, ror 30",1
svcvs 0x666e69,1
"strbtvc r6, [r1], -0xd72",1
"rsbhs r6, lr, sb, ror 30",1
"rsbhs r6, r4, r1, ror 28",1
"strbtvc r7, [sb], -0x865",1
"andeq r0, r0, sl",1
"strbpl r4, [pc], -0xe0a",1
"stmdbvc r0!, {r0, r2, r6, sb, fp, ip, sp}",1
"rsbshs r7, r2, pc, ror 10",1
"stclvs p8, c6, [r5], -0x1cc",1
invalid,1
invalid,1
"stmdbvs r0!, {r1, r2, r4, r5, r6, r8, sl, sp, lr}",1
svcvs 0x207374,1
"qsub16vc r6, r0, r7",1
"ldmdbvs r3!, {r0, r2, r5, r6, sb, ip, sp, lr} ^",1
svcvs 0x206e6f,1
invalid,1
"ldmdavs r7!, {r2, r3, r5, sp} ^",1
"rsbhs r6, r8, sb, ror 6",1
"cmnvs r5, r5, ror r3",1
"rsbshs r6, sb, ip, ror 24",1
"ldrbvs r7, [r0, -0x573]!",1
"strbtvs r7, [r5], -0x372",1
"strvc r7, [sl], -0x365",1
"strtvc r6, [r0], -r8, ror 10",1
"ldmdbvs r3!, {r0, r2, r5, r6, sb, ip, sp, lr} ^",1
"strtvs r6, [r0], -0xe6f",1
"rsbvc r7, r3, 0x94000001",1
"strbtvs r6, [r5], -0x269",1
"rsbvc r6, r5, 32, 16",1
"eorhs r2, r0, r5, ror 28",1
"qdsubvs r6, r0, r5",1
"eorvc r6, r0, 0x1cc00000",1
"rsbvc r6, r5, 0x6500000",1
"rsbhs r7, pc, r0, lsr 8",1
"rsbsvc r6, r5, 0x1e4",1
"strbvs r7, [r8, -0x320]!",1
invalid,1
invalid,1
"mcrvs p13, 3, r6, c5, c5, 3",1
"ldmdbvs r4!, {r2, r4, r5, r6, r8, sp, lr} ^",1
"strvs r6, [sl], -pc, ror 28",1
"strtvs r7, [r0], -0x26f",1
"stmdbvs r1!, {r0, r2, r5, r6, sl, ip, sp, lr} ^",1
invalid,1
"ldrbtvc r6, [r5], -0xf62",1
"strbvs r7, [r8, -0x420]!",1
"ldrbtvc r6, [r0], -0xf20",1
invalid,1
"rsbshs r6, r4, r0, lsr 18",1
"rsbsvc r7, r0, r3, ror r5",1
"cmnvc r4, 0xf0000006",1
"andeq r0, r0, lr, lsr 20",1
"rsbeq r7, r4, r0, ror r7",1
"rsbshs r2, r3, sl, lsl 10",1
"stmdbvs ip!, {r0, r1, r2, r3, r5, r6, sb, sl, fp, sp, lr} ^",1
"stmdavs r0!, {r1, r2, r3, r5, r6, r8, sl, sp, lr}",1
blo 0x1c200b0,1
invalid,1
"andeq r0, r0, lr, lsr sl",1
"subshs r4, r5, r7, asr 28",1
"ldrbvs r6, [r2, -0xf63]!",1
"stclvs p4, c7, [sb], -0x1d4",1
"andeq r0, r0, r3, ror r0",1
"rsbsvc r7, r4, r8, ror 8",1
invalid,1
invalid,1
svcvs 0x2e756e,1
invalid,1
"ldrbvc r6, [r4, -pc, ror 12]!",1
svchs 0x657261,1
"ldrbvs r6, [r2, -0xf63]!",1
"stclvs p4, c7, [sb], -0x1d4",1
"andeq r2, r0, r3, ror pc",1
"subseq r6, pc, r5, ror 28",1
svcvs 0x706552,1
"strhs r7, [r0, -0x472]!",1
"rsbsvc r2, r4, 0x73",1
"ldclvs p14, c6, [r3], -0x184",1
svcvs 0x697461,1
"strbvc r2, [r2, -0x6e]!",1
"strtvc r7, [r0], -0x367",1
"ldmdavs ip!, {r0, r1, r2, r3, r5, r6, sp}",1
blo 0x1c22154,1
"rsbsvc r2, r4, 47, 30",1
"ldclvs p14, c6, [r3], -0x184",1
svcvs 0x697461,1
svcvs 0x72706e,1
"strbtvc r6, [r3], -0x56a",1
"ldrbvs r6, [r2, -lr, lsr 30]!",1
invalid,1
beq 0xf90d58,1
"andeq r0, r0, r0",1
"rsbshs r6, r2, r6, asr 30",1
"rsbvc r6, sp, r3, ror 30",1
"ldrbvs r6, [r4, -0x56c]!",1
invalid,1
"mcrvs p13, 3, r6, c5, c5, 3",1
"ldmdbvs r4!, {r2, r4, r5, r6, r8, sp, lr} ^",1
"eorhs r6, ip, pc, ror 28",1
blo 0x1ba2590,1
"strbtvs r6, [lr], -r0, lsr 18",1
svcvs 0x63206f,1
"ldrbtvc r6, [r5], -0x572",1
"rsbshs r6, r3, sb, ror 24",1
"rsbshs r2, r3, r7, lsr 10",1
svcvs 0x766e69,1
"ldmdbvs r4!, {r0, r1, r5, r6, r8, sp, lr} ^",1
beq 0x9e09a4,1
"andeq r0, r0, r0",1
"ldmdbmi r3, {r4, r6, r8, sb, sl, fp, lr} ^",1
svcpl 0x594c58,1
"subspl r4, r2, 0x10c",1
"subseq r4, r4, r5, asr 6",1
"stclvs p8, c6, [0x00004f44]!",1
"ldmdbvs r4!, {r0, r2, r5, r6, r8, sb, sl, fp, sp} ^",1
"cdpvs p6, 6, c6, c1, c6, 3",1
"eorvs r6, pc, 0x90000007",1
"strbtvs r6, [ip], -0x975",1
"rsbvc r6, pc, 0xbc000000",1
"ldmdbvs r4!, {r0, r2, r5, r6, r8, sl, ip, sp, lr} ^",1
svcmi 0x5f736c,1
"ldmdavs r3!, {r0, r1, r4, r5, r8, sb, sl, fp, sp} ^",1
svchs 0x657261,1
invalid,1
"andeq r6, r0, ip, ror 10",1
"andeq r5, r0, ip, asr 32",1
"rsbhs r6, sp, sl, asr 18",1
"ldrbvs r6, [sb, -0x54d]!",1
invalid,1
"andeq r0, r0, r0",1
svcvs 0x6e6769,1
invalid,1
"cdpvs p14, 6, c6, c15, c0, 1",1
"ldrbtvc r6, [r0], -0xf2d",1
"rsbhs r6, lr, sb, ror 30",1
"strbvc r7, [r7, -0x261]!",1
"strbtvc r6, [lr], -0x56d",1
"andeq r0, r0, r3, ror r0",1
"subeq r5, r4, r0, asr r7",1
"andeq r2, r0, pc, lsr 28",1
"stmdbvs r7!, {r2, r3, r5, r6, r8, sb, sl, fp, sp, lr} ^",1
"rsbeq r6, ip, r3, ror 2",1
"cmnvc sb, 112, 16           ; 0x70",1
"stclvs p3, c6, [r1], -0x1a4",1
"andeq r0, r0, r0",1
"rsbvc r6, ip, r8, ror 10",1
"andeq r0, r0, r0",1
"cmnvc r2, 0x1d800000",1
"rsbeq r6, lr, sb, ror 30",1
"eorslo r2, r2, 56, 28",1
"andeq r0, r0, r0",1
"strbtvc r7, [sb], -0x277",1
"rsbvc r2, r5, 0x65",1
"rsbseq r6, r2, r2, ror pc",1
"eorshs r7, sl, r5, lsr 6",1
"andeq r7, r0, r5, lsr 6",1
"strbpl r2, [lr, -0x41]",1
invalid,1
blpl 0x1d9ee7c,1
invalid,1
"eorvc r7, r0, r1, ror 6",1
"ldrbvs r7, [r3, -0x361]!",1
"ldmdavs r4!, {r2, r5, r6, sp} ^",1
invalid,1
"cdpvs p0, 6, c2, c1, c8, 3",1
"ldrbvs r6, [r8, -0x520]!",1
"ldmdbvc r3!, {r0, r1, r5, r6, sp} ^",1
"stclvs p4, c7, [r5, -0x1cc]!",1
"stclvs p3, c6, [r1], -0x80",1
"andeq r2, sl, ip, ror 28",1
"stmdbvs ip!, {r0, r1, r2, r3, r5, sb, sl, fp, sp} ^",1
"eoreq r7, pc, r2, ror 6",1
"eoreq r7, sp, ip, ror 8",1
"andeq r0, r0, r0",1
"andeq r0, r0, r1",1
"andeq r0, r0, r2",1
"andeq r0, r0, r3",1
"andeq r0, r0, r4",1
"andeq r0, r0, r5",1
"andeq r0, r0, r6",1
"andeq r0, r0, r7",1
"andeq sp, r0, r8, asr 2",1
"andeq sp, r0, r0, asr r1",1
"andeq sp, r0, r8, asr r1",1
"andeq sp, r0, r8, ror 2",1
"andeq sp, r0, ip, ror 2",1
"andeq sp, r0, r4, ror r1",1
"andeq sp, r0, r0, lsr 32",1
"andeq sp, r0, ip, ror r1",1
"andeq r0, r0, r0",1
"addseq r8, sb, r2, ror 1",1
"andeq sl, r0, r1, lsr 31",1
"andeq r0, r0, r7, lsr 32",1
"andeq r0, r0, r2, lsr 32",1
"rsbeq r0, r5, r1, lsr 15",1
"addseq r8, r8, r2, ror 1",1
"andeq r0, r0, r0, rrx",1
"ldrbvs r6, [r4, -0x96c]!",1
"rsbeq r6, ip, r2, ror r1",1
"stclvs p8, c6, [r5], -0x1cc",1
"andeq r0, r0, ip, rrx",1
"stclvs p8, c6, [r5], -0x1cc",1
"stclvs p13, c2, [r1], -0x1b0",1
"cmnvc sb, 0xc000001d",1
"andeq r0, r0, r0",1
"andeq r0, r0, r3, rrx",1
invalid,1
"rsbeq r6, r5, sb, ror r2",1
invalid,1
"andeq r6, r0, r0, ror r5",1
invalid,1
"rsbeq r6, r5, r1, ror 24",1
"stmdahs r0!, {r0, r2, r5, r8, sb, ip, sp, lr}",1
"eorhs r7, sb, r5, lsr 6",1
"andeq r7, sl, r5, lsr 6",1
"strhs r7, [r0, -0x325]!",1
"andeq r0, r0, r3, ror sl",1
"eoreq r4, sb, r8, lsr 6",1
invalid,1
"ldrbvs r6, [r3, -0xe65]!",1
"mrrcmi p7, 2, r4, r0, c0",1
blo 0xad1f88,1
"strbpl r4, [lr, -0x720]",1
"mrrcmi p7, 2, r4, r0, c0",1
"rsbvc r7, r5, 32, 12",1
"mcrvs p9, 3, r6, c15, c3, 3",1
svcvs 0x203320,1
invalid,1
"rsbshs r6, r2, r4, ror r5",1
"ldrbtvc r6, [r4], -0x83c",1
svchs 0x2f3a70,1
"cdphs p14, 7, c6, c5, c7, 3",1
svchs 0x67726f,1
"strbvs r6, [r3, -0x96c]!",1
invalid,1
"ldclvs p7, c6, [r0], -0xbc",1
"ldclvs p8, c6, [r4, -0xb8]!",1
beq 0xb94ba0,1
invalid,1
"rsbshs r6, r3, r0, lsr 18",1
"strbvs r7, [r5, -0x266]!",1
"strbtvs r7, [pc], -r0, lsr 6",1
"rsbvc r7, r1, 116, 14",1
"stmdbvc r0!, {r0, r2, r5, r6, sb, fp, ip, sp}",1
invalid,1
"qsub16vs r6, r0, r2",1
"rsbhs r6, r5, r2, ror r5",1
invalid,1
"strbvs r6, [lr, -r8, ror 2]!",1
"cdpvs p0, 6, c2, c1, c5, 3",1
"ldrbvs r2, [r2, -0x64]!",1
"ldrbtvc r6, [r3], -0x964",1
"strbvc r6, [r2, -0x972]!",1
"stmdbvs r0!, {r2, r4, r5, r6, r8, sl, sp, lr}",1
"strpl r2, [sl], -0xe74",1
"ldrbvs r6, [r2, -0x568]!",1
"rsbshs r6, r3, r0, lsr 18",1
"strpl r4, [r0, -lr, asr 30]!",1
"cmpmi r2, r1, asr 4",1
"mrrchs p4, 4, r5, sb, c14",1
"rsbhs r7, pc, r0, lsr 8",1
"rsbhs r6, r5, r4, ror r8",1
"ldrbvs r7, [r4, -0x865]!",1
"eorvc r7, r0, lr, ror 8",1
"stmdbvs sp!, {r0, r2, r5, r6, sb, ip, sp, lr} ^",1
"strbtvs r7, [r5], -0x474",1
"rsbshs r6, sb, r0, lsr 4",1
"cdphs p1, 7, c6, c7, c12, 3",1
"andeq r0, r0, sl, lsl 20",1
"strbtvc r7, [sb], -0x257",1
"rsbhs r6, lr, r4, ror r5",1
"strhs r7, [r0, -0x962]!",1
"andeq r2, sl, r3, ror lr",1
"strbtvc r7, [sb], -0x257",1
"rsbhs r6, lr, r4, ror r5",1
"strhs r7, [r0, -0x962]!",1
"mcrvs p0, 3, r2, c1, c3, 3",1
invalid,1
"andeq r0, r0, lr, lsr 20",1
"strbtvc r7, [sb], -0x257",1
"rsbhs r6, lr, r4, ror r5",1
"strhs r7, [r0, -0x962]!",1
"strhs r2, [r0, -0xc73]!",1
invalid,1
"strhs r6, [r0, -0x46e]!",1
"andeq r2, sl, r3, ror lr",1
"strbtvc r7, [sb], -0x257",1
"rsbhs r6, lr, r4, ror r5",1
"strhs r7, [r0, -0x962]!",1
"strhs r2, [r0, -0xc73]!",1
"strhs r2, [r0, -0xc73]!",1
invalid,1
"strhs r6, [r0, -0x46e]!",1
"andeq r2, sl, r3, ror lr",1
"strbtvc r7, [sb], -0x257",1
"rsbhs r6, lr, r4, ror r5",1
"strhs r7, [r0, -0x962]!",1
"strhs r2, [r0, -0xc73]!",1
"strhs r2, [r0, -0xc73]!",1
"strhs r2, [sl, -0xc73]",1
invalid,1
"strhs r6, [r0, -0x46e]!",1
"andeq r2, sl, r3, ror lr",1
"strbtvc r7, [sb], -0x257",1
"rsbhs r6, lr, r4, ror r5",1
"strhs r7, [r0, -0x962]!",1
"strhs r2, [r0, -0xc73]!",1
"strhs r2, [r0, -0xc73]!",1
"strhs r2, [sl, -0xc73]",1
"strhs r2, [r0, -0xc73]!",1
invalid,1
"strhs r6, [r0, -0x46e]!",1
"andeq r2, sl, r3, ror lr",1
"strbtvc r7, [sb], -0x257",1
"rsbhs r6, lr, r4, ror r5",1
"strhs r7, [r0, -0x962]!",1
"strhs r2, [r0, -0xc73]!",1
"strhs r2, [r0, -0xc73]!",1
"strhs r2, [sl, -0xc73]",1
"strhs r2, [r0, -0xc73]!",1
"strhs r2, [r0, -0xc73]!",1
invalid,1
"strhs r6, [r0, -0x46e]!",1
"andeq r2, sl, r3, ror lr",1
"strbtvc r7, [sb], -0x257",1
"rsbhs r6, lr, r4, ror r5",1
"strhs r7, [r0, -0x962]!",1
"strhs r2, [r0, -0xc73]!",1
"strhs r2, [r0, -0xc73]!",1
"strhs r2, [sl, -0xc73]",1
"strhs r2, [r0, -0xc73]!",1
"strhs r2, [r0, -0xc73]!",1
"strhs r2, [r0, -0xc73]!",1
invalid,1
"strhs r6, [r0, -0x46e]!",1
"andeq r2, sl, r3, ror lr",1
"strbtvc r7, [sb], -0x257",1
"rsbhs r6, lr, r4, ror r5",1
"strhs r7, [r0, -0x962]!",1
"strhs r2, [r0, -0xc73]!",1
"strhs r2, [r0, -0xc73]!",1
"strhs r2, [sl, -0xc73]",1
"strhs r2, [r0, -0xc73]!",1
"strhs r2, [r0, -0xc73]!",1
"strhs r2, [r0, -0xc73]!",1
"strhs r2, [sl, -0xc73]",1
invalid,1
"strhs r6, [r0, -0x46e]!",1
"andeq r2, sl, r3, ror lr",1
"strbtvc r7, [sb], -0x257",1
"rsbhs r6, lr, r4, ror r5",1
"strhs r7, [r0, -0x962]!",1
"strhs r2, [r0, -0xc73]!",1
"strhs r2, [r0, -0xc73]!",1
"strhs r2, [sl, -0xc73]",1
"strhs r2, [r0, -0xc73]!",1
"strhs r2, [r0, -0xc73]!",1
"strhs r2, [r0, -0xc73]!",1
"strhs r2, [sl, -0xc73]",1
"strhs r2, [r0, -0xc73]!",1
invalid,1
svcvs 0x20646e,1
"rsbvc r6, r5, 116, 16",1
"andeq r2, sl, r3, ror lr",1
"rsbvc r5, r5, sl, lsl 4",1
"rsbshs r7, r4, pc, ror 4",1
invalid,1
blo 0x1be2478,1
beq 0x1cce87c,1
"andeq r0, r0, r0",1
"stclhs p5, c7, [r7, -0x188]!",1
"ldrbvs r6, [r2, -0xf63]!",1
"stclvs p4, c7, [sb], -0x1d4",1
"mcrvs p0, 3, r4, c7, c3, 3",1
"rsbvc r2, pc, 0x750",1
"andeq r0, r0, r7, rrx",1
"stmdavs r0!, {r0, r2, r5, r8, sb, ip, sp, lr}",1
"rsbhs r6, r5, pc, ror 26",1
"strbvs r6, [r7, -0x170]!",1
"ldrhs r2, [ip, -0x3a]!",1
"andeq r3, sl, r3, ror lr",1
"strbvs r6, [lr, -0x547]!",1
"rsbhs r6, ip, r2, ror r1",1
"rsbvc r6, ip, r8, ror 10",1
"ldmdbvs r3!, {r5, r8, sl, ip, sp, lr} ^",1
"strmi r6, [r0, -lr, ror 14]!",1
invalid,1
"ldrbvc r6, [r4, -pc, ror 12]!",1
blo 0x1961dd0,1
"strbtvc r3, [r8], -0xc20",1
svchs 0x3a7074,1
"ldrbvc r7, [r7, -pc, lsr 14]!",1
"strbvc r6, [lr, -0x72e]!",1
"ldrbvs r6, [r2, -lr, lsr 30]!",1
"strbtvc r6, [r5], -0x72f",1
"rsbvc r6, ip, r8, ror 10",1
"andeq r3, sl, pc, lsr 28",1
"ldmdbvc r0!, {r0, r1, r6, r8, sb, sl, fp, sp, lr} ^",1
"stmdavs r7!, {r1, r4, r5, r6, r8, fp, sp, lr} ^",1
invalid,1
"rsbhs r2, r4, r0, lsr 10",1
"strbvs r7, [r5, -0x246]!",1
"strbtvs r5, [pc], -r0, lsr 6",1
"rsbvc r7, r1, 116, 14",1
svcvs 0x462065,1
invalid,1
"mcrvs p9, 3, r6, c15, c4, 3",1
"cdpvs p0, 4, c2, c9, c12, 1",1
"andeq r2, r0, r3, ror 28",1
svcvs 0x6d656d,1
"strvs r7, [r0, -0x972]!",1
"strbvc r6, [r1, -0x878]!",1
"strbtvs r7, [r5], -0x473",1
"andeq r0, r0, r0",1
"stclvs p8, c6, [0x000053f8]!",1
"ldmdbvs r4!, {r0, r2, r5, r6, r8, sb, sl, fp, sp} ^",1
"cdpvs p6, 6, c6, c1, c6, 3",1
"eorvs r6, pc, 0x90000007",1
"strbtvs r6, [ip], -0x975",1
"rsbvc r6, pc, 0xbc000000",1
"ldmdbvs r4!, {r0, r2, r5, r6, r8, sl, ip, sp, lr} ^",1
svcmi 0x5f736c,1
"stmdbvs ip!, {r0, r1, r4, r5, r8, sb, sl, fp, sp} ^",1
"andeq r0, r0, r2, rrx",1
"stmdbmi r3, {r0, r6, r8, sb, ip, lr} ^",1
"andeq r0, r0, sb, asr 32",1
"subpl r4, r1, 0x430000",1
"cmpmi r4, r3, asr r5",1
"movtpl r4, 0x194c",1
"subseq r4, r2, r4, asr 18",1
"rsbvc r6, r1, 0x630000",1
"mrchs p5, 3, r6, c4, c3, 3",1
invalid,1
"andeq r0, r0, r3, ror r0",1
"andeq r0, r0, r2, ror r0",1
"teqvc r0, 0x9400000",1
"eorslo r2, r5, r0, lsr 10",1
"andeq r0, r0, r3, ror r0",1
svcvc 0xffbe74,1
"andeq r0, r0, r1",1
"andeq r0, r0, r0",1
"andeq sb, r0, r0, lsl 9",1
"andeq sb, r0, r8, asr r4",1
"andeq r0, r0, r0",1
"andeq r0, r0, r1",1
"andeq r0, r0, r0, lsl r0",1
"andeq r0, r0, ip",1
"strheq r8, [r0], -r8",1
"andeq r0, r0, sp",1
"andeq ip, r0, r8, asr 23",1
"andeq r0, r0, sb, lsl r0",1
"andeq r5, r1, r8, lsl r5",1
"andeq r0, r0, fp, lsl r0",1
"andeq r0, r0, r4",1
"andeq r0, r0, sl, lsl r0",1
"andeq r5, r1, ip, lsl r5",1
"andeq r0, r0, ip, lsl r0",1
"andeq r0, r0, r4",1
svcvs 0xfffef5,1
"andeq r8, r0, ip, lsl 3",1
"andeq r0, r0, r5",1
"andeq r8, r0, r8, asr r8",1
"andeq r0, r0, r6",1
"strdeq r8, sb, [r0], -r8",1
"andeq r0, r0, sl",1
"muleq r0, r3, r2",1
"andeq r0, r0, fp",1
"andeq r0, r0, r0, lsl r0",1
"andeq r0, r0, r5, lsl r0",1
"andeq r0, r0, r0",1
"andeq r0, r0, r3",1
"andeq r5, r1, ip, lsl 12",1
"andeq r0, r0, r2",1
"strdeq r0, r1, [r0], -r0",1
"andeq r0, r0, r4, lsl r0",1
"andeq r0, r0, r1, lsl r0",1
"andeq r0, r0, r7, lsl r0",1
"andeq r8, r0, r8, asr 23",1
"andeq r0, r0, r1, lsl r0",1
"muleq r0, r8, fp",1
"andeq r0, r0, r2, lsl r0",1
"andeq r0, r0, r0, lsr r0",1
"andeq r0, r0, r3, lsl r0",1
"andeq r0, r0, r8",1
svcvs 0xfffffe,1
"andeq r8, r0, r8, ror fp",1
svcvs 0xffffff,1
"andeq r0, r0, r1",1
svcvs 0xfffff0,1
"andeq r8, r0, ip, ror 21",1
"andeq r0, r0, r0",1
"andeq r0, r0, r0",1
"andeq r0, r0, r0",1
"andeq r0, r0, r0",1
"andeq r0, r0, r0",1
"andeq r0, r0, r0",1
"andeq r0, r0, r0",1
"andeq r0, r0, r0",1
"andeq r0, r0, r0",1
"andeq r0, r0, r0",1
"andeq r0, r0, r0",1
"andeq r0, r0, r0",1
"andeq r5, r1, r4, lsr 10",1
"andeq r0, r0, r0",1
"andeq r0, r0, r0",1
"andeq r8, r0, r4, asr 27",1
"andeq r8, r0, r4, asr 27",1
"andeq r8, r0, r4, asr 27",1
"andeq r8, r0, r4, asr 27",1
"andeq r8, r0, r4, asr 27",1
"andeq r8, r0, r4, asr 27",1
"andeq r8, r0, r4, asr 27",1
"andeq r8, r0, r4, asr 27",1
"andeq r8, r0, r4, asr 27",1
"andeq r8, r0, r4, asr 27",1
"andeq r8, r0, r4, asr 27",1
"andeq r8, r0, r4, asr 27",1
"andeq r8, r0, r4, asr 27",1
"andeq r8, r0, r4, asr 27",1
"andeq r8, r0, r4, asr 27",1
"andeq r8, r0, r4, asr 27",1
"andeq r8, r0, r4, asr 27",1
"andeq r8, r0, r4, asr 27",1
"andeq r8, r0, r4, asr 27",1
"andeq r8, r0, r4, asr 27",1
"andeq r8, r0, r4, asr 27",1
"andeq r8, r0, r4, asr 27",1
"andeq r8, r0, r4, asr 27",1
"andeq r8, r0, r4, asr 27",1
"andeq r8, r0, r4, asr 27",1
"andeq r8, r0, r4, asr 27",1
"andeq r8, r0, r4, asr 27",1
"andeq r8, r0, r4, asr 27",1
"andeq r8, r0, r4, asr 27",1
"andeq r8, r0, r4, asr 27",1
"andeq r8, r0, r4, asr 27",1
"andeq r8, r0, r4, asr 27",1
"andeq r8, r0, r4, asr 27",1
"andeq r8, r0, r4, asr 27",1
"andeq r8, r0, r4, asr 27",1
"andeq r8, r0, r4, asr 27",1
"andeq r8, r0, r4, asr 27",1
"andeq r8, r0, r4, asr 27",1
"andeq r8, r0, r4, asr 27",1
"andeq r8, r0, r4, asr 27",1
"andeq r8, r0, r4, asr 27",1
"andeq r8, r0, r4, asr 27",1
"andeq r8, r0, r4, asr 27",1
"andeq r8, r0, r4, asr 27",1
"andeq r8, r0, r4, asr 27",1
"andeq r8, r0, r4, asr 27",1
"andeq r8, r0, r4, asr 27",1
"andeq r8, r0, r4, asr 27",1
"andeq r8, r0, r4, asr 27",1
"andeq r8, r0, r4, asr 27",1
"andeq r8, r0, r4, asr 27",1
"andeq r8, r0, r4, asr 27",1
"andeq r8, r0, r4, asr 27",1
"andeq r8, r0, r4, asr 27",1
"andeq r8, r0, r4, asr 27",1
"andeq r8, r0, r4, asr 27",1
"andeq r8, r0, r4, asr 27",1
"andeq r8, r0, r4, asr 27",1
"andeq r8, r0, r4, asr 27",1
"andeq r8, r0, r4, asr 27",1
"andeq r8, r0, r4, asr 27",1
"andeq r8, r0, r4, asr 27",1
"andeq r0, r0, r0",1
"andeq r5, r1, ip, lsl r7",1
"andeq r0, r0, r0",1
"andeq r0, r0, r0",1
"andeq sp, r0, r8, lsl 1",1
"andeq r0, r0, r1",1
"andeq r5, r1, r0, lsr r7",1
"andeq r0, r0, r1",1
"andeq r0, r0, r0, lsl 2",1
"muleq r1, r8, r7",1
"andeq r0, r0, r6",1
"andeq r0, r0, r0",1
"andeq r0, r0, r0",1
"andeq r0, r0, r0",1
"andeq r0, r0, r0",1
"andeq r0, r0, r0",1
"andeq r0, r0, r0",1
"andeq r0, r0, r0",1
"andeq r0, r0, r0",1
"andeq r0, r0, r0",1
"andeq r0, r0, r0",1
"andeq r0, r0, r0",1
blo 0x10d648c,1
"cdpmi p8, 4, c2, c7, c0, 1",1
"strtlo r2, [r0], -0x955",1
"eorlo r3, lr, 0xb80000",1
"eorseq r4, r4, r0, lsl 2",1
"strbvs r0, [r1, -0]!",1
"rsbeq r6, sb, r1, ror 4",1
"andeq r2, r0, r1, lsl 20",1
"ldchs p5, c0, [r7, -0]!",1
beq 0x185898,1
invalid,1
"movweq r0, 0xa209",1
"ldreq r0, [r2], -0x10c",1
"tsteq r4, r3, lsl r1",1
"tsteq r7, 0x40000005",1
"tsteq sb, r8, lsl r1",1
"tsteq fp, 0xa0000001",1
"andeq r0, r0, r2, lsr 2",1
"andeq r0, r0, ip, lsl r0",1
"andeq r0, r0, r2",1
"andeq r0, r4, r0",1
"andeq r0, r0, r0",1
"andeq sb, r0, r0, lsl 7",1
"andeq r0, r0, ip, lsr r0",1
"andeq r0, r0, r0",1
"andeq r0, r0, r0",1
"andeq r0, r0, r4, lsl r0",1
"adceq r0, pc, r2",1
"andeq r0, r4, r0",1
"andeq r0, r0, r0",1
"andeq r0, r0, r0",1
"andeq r0, r0, r0",1
"andeq r0, r0, ip, lsr 32",1
"teqeq r8, r2",1
"andeq r0, r4, r0",1
"andeq r0, r0, r0",1
"strheq sb, [r0], -ip",1
"andeq r0, r0, r4, lsr 32",1
"strheq r8, [r0], -r8",1
"andeq r0, r0, r8",1
"andeq ip, r0, r8, asr 23",1
"andeq r0, r0, r4",1
"andeq r0, r0, r0",1
"andeq r0, r0, r0",1
"andeq r0, r0, r4, lsr 32",1
invalid,1
"andeq r0, r4, r0",1
"andeq r0, r0, r0",1
"strheq sb, [r0], -r4",1
"andeq r0, r0, r4, asr 18",1
"andeq sb, r0, r0, asr 1",1
"andeq r0, r0, r0, asr 5",1
"andeq r0, r0, r0",1
"andeq r0, r0, r0",1
"andeq r0, r0, r4, lsl r0",1
"addshs r0, r4, 2",1
"andeq r0, r4, r0",1
"andeq r0, r0, r0",1
"andeq r0, r0, r0",1
"andeq r0, r0, r0",1
"andeq r0, r0, ip, lsl r0",1
"sbcshs r0, r6, 2",1
"andeq r0, r4, r0",1
"andeq r0, r0, r0",1
"strdeq sb, sl, [r0], -r8",1
"andeq r0, r0, r8, lsl 2",1
"andeq r0, r0, r0",1
"andeq r0, r0, r0",1
"andeq r0, r0, ip, lsl r0",1
"ldrbhs r0, [sb, r2]!",1
"andeq r0, r4, r0",1
"andeq r0, r0, r0",1
"andeq sb, r0, r0, lsl 30",1
"muleq r0, ip, r0",1
"andeq r0, r0, r0",1
"andeq r0, r0, r0",1
"andeq r0, r0, r4, lsl r0",1
"ldmdbhs r0!, {r1}",1
"andeq r0, r4, r0",1
"andeq r0, r0, r0",1
"andeq r0, r0, r0",1
"andeq r0, r0, r0",1
"andeq r0, r0, ip, lsl r0",1
"ldmibhs sb!, {r1}",1
"andeq r0, r4, r0",1
"andeq r0, r0, r0",1
"muleq r0, ip, pc",1
"strheq r0, [r0], -r4",1
"andeq r0, r0, r0",1
"andeq r0, r0, r0",1
"andeq r0, r0, ip, lsl r0",1
"cdphs p0, 3, c0, c14, c2, 0",1
"andeq r0, r4, r0",1
"andeq r0, r0, r0",1
"andeq sl, r0, r0, asr r0",1
"andeq r1, r0, r8, asr 20",1
"andeq r0, r0, r0",1
"andeq r0, r0, r0",1
"andeq r0, r0, ip, lsl r0",1
blpl 0xffcc5904,1
"andeq r0, r4, r0",1
"andeq r0, r0, r0",1
"muleq r0, r8, sl",1
"andeq r0, r0, r4, asr r0",1
"andeq r0, r0, r0",1
"andeq r0, r0, r0",1
"andeq r0, r0, ip, lsl r0",1
svcpl 0x400002,1
"andeq r0, r4, r0",1
"andeq r0, r0, r0",1
"andeq fp, r0, ip, ror 21",1
"andeq r0, r0, r0, ror 12",1
"andeq r0, r0, r0",1
"andeq r0, r0, r0",1
"andeq r0, r0, r4, lsl r0",1
blvs 0xff805944,1
"andeq r0, r4, r0",1
"andeq r0, r0, r0",1
"andeq r0, r0, r0",1
"andeq r0, r0, r0",1
"andeq r0, r0, ip, lsl r0",1
"cdpvs p0, 0xf, c0, c2, c2, 0",1
"andeq r0, r4, r0",1
"andeq r0, r0, r0",1
"andeq ip, r0, ip, asr 2",1
"andeq r0, r0, ip, lsr r3",1
"andeq r0, r0, r0",1
"andeq r0, r0, r0",1
"andeq r0, r0, ip, lsl r0",1
"strbvc r0, [sb, r2]",1
"andeq r0, r4, r0",1
"andeq r0, r0, r0",1
"andeq ip, r0, r8, lsl 9",1
"andeq r0, r0, r0, asr 32",1
"andeq r0, r0, r0",1
"andeq r0, r0, r0",1
"andeq r0, r0, ip, lsl r0",1
"ldmdbvc sb, {r1}",1
"andeq r0, r4, r0",1
"andeq r0, r0, r0",1
"andeq ip, r0, r8, asr 9",1
"andeq r0, r0, r4, lsr r0",1
"andeq r0, r0, r0",1
"andeq r0, r0, r0",1
"andeq r0, r0, ip, lsl r0",1
bvc 0x1fc59bc,1
"andeq r0, r4, r0",1
"andeq r0, r0, r0",1
"strdeq ip, sp, [r0], -ip",1
"andeq r0, r0, r4, lsl 1",1
"andeq r0, r0, r0",1
"andeq r0, r0, r0",1
"andeq r0, r0, ip, lsl r0",1
"cdpvc p0, 0xa, c0, c4, c2, 0",1
"andeq r0, r4, r0",1
"andeq r0, r0, r0",1
"andeq ip, r0, r0, lsl 11",1
"andeq r0, r0, r4, asr 6",1
"andeq r0, r0, r0",1
"andeq r0, r0, r0",1
"andeq r0, r0, ip, lsl r0",1
"bicls r0, r2, 2",1
"andeq r0, r4, r0",1
"andeq r0, r0, r0",1
"andeq ip, r0, r4, asr 17",1
"andeq r0, r0, r0, lsr 1",1
"andeq r0, r0, r0",1
"andeq r0, r0, r0",1
"andeq r0, r0, ip, lsl r0",1
"stmdals r4, {r1} ^",1
"andeq r0, r4, r0",1
"andeq r0, r0, r0",1
"andeq ip, r0, r4, ror 18",1
"andeq r0, r0, r4, asr r0",1
"andeq r0, r0, r0",1
"andeq r0, r0, r0",1
"andeq r0, r0, ip, lsl r0",1
"ldcls p0, c0, [pc], -8",1
"andeq r0, r4, r0",1
"andeq r0, r0, r0",1
"strheq ip, [r0], -r8",1
"andeq r0, r0, r4, lsr 1",1
"andeq r0, r0, r0",1
"andeq r0, r0, r0",1
"andeq r0, r0, ip, lsl r0",1
"subge r0, fp, r2",1
"andeq r0, r4, r0",1
"andeq r0, r0, r0",1
"andeq ip, r0, ip, asr sl",1
"andeq r0, r0, r8, asr 1",1
"andeq r0, r0, r0",1
"andeq r0, r0, r0",1
"andeq r0, r0, ip, lsl r0",1
"teqge r7, r2",1
"andeq r0, r4, r0",1
"andeq r0, r0, r0",1
"andeq ip, r0, r4, lsr 22",1
"andeq r0, r0, r0, lsl r0",1
"andeq r0, r0, r0",1
"andeq r0, r0, r0",1
"andeq r0, r0, ip, lsl r0",1
"eorge r0, r3, 2",1
"andeq r0, r4, r0",1
"andeq r0, r0, r0",1
"andeq ip, r0, r4, lsr fp",1
"andeq r0, r0, r8, rrx",1
"andeq r0, r0, r0",1
"andeq r0, r0, r0",1
"andeq r0, r0, ip, lsl r0",1
invalid,1
"andeq r0, r4, r0",1
"andeq r0, r0, r0",1
"muleq r0, ip, fp",1
"andeq r0, r0, ip, lsr 32",1
"andeq r0, r0, r0",1
"andeq r0, r0, r0",1
"andeq r0, r0, r4, lsr 32",1
"strbtge r0, [sl], -2",1
"andeq r0, r4, r0",1
"andeq r0, r0, r0",1
"andeq r8, r0, r0, asr 27",1
"andeq r0, r0, r4",1
"andeq ip, r0, ip, asr 23",1
"andeq r0, r0, r4",1
"andeq r0, r0, r0",1
"andeq r0, r0, r0",1
"andeq r0, r0, fp, lsr 1",1
"andeq r0, r0, r2",1
invalid,1
"andeq r0, r0, r0",1
"andeq sb, r0, r0, lsl 7",1
"strheq sb, [r0], -ip",1
"eorvc r2, pc, lr, lsr 28",1
"cmnvc r4, 0xf0000006",1
"cmnvc sb, 0xbc000000",1
"cmnvc r0, 100, 10           ; 0x64",1
"ldclvs p1, c6, [r2, -0xbc]!",1
"cmnvs r4, pc, lsr 6",1
invalid,1
svcvs 0x682f00,1
bvs 0xbdf0e4,1
blvs 0x1ca30bc,1
"stmdbvc pc!, {r0, r2, r5, r6, sl, ip, sp, lr}",1
svcvs 0x74636f,1
"ldmdbvs r5!, {r0, r1, r2, r3, r5, sb, sp, lr} ^",1
"strtvc r6, [pc], -0x46c",1
"strvc r7, [pc, -sp, rrx]!",1
svchs 0x6b726f,1
"strbtvc r7, [sp], -r1, ror 4",1
"qasxvc r6, sp, r7",1
"cdpvs p0, 2, c7, c13, c6, 3",1
"stclhs p15, c6, [lr, -0x194]!",1
"stmdbvc fp!, {r4, r5, r6, r8, sb, sl, fp, sp, lr} ^",1
"cdpvs p12, 6, c6, c9, c13, 1",1
invalid,1
invalid,1
"strvs r6, [0x0000520e]!",1
"rsbvs r6, sb, 0x6700",1
"cdphs p15, 3, c2, c2, c3, 3",1
"eorvc r3, sp, 0xc40000",1
invalid,1
invalid,1
invalid,1
"stmdbvs ip!, {r0, r1, r2, r4, r5, r8, sb, sl, fp, sp} ^",1
invalid,1
"smlsdxmi r0, r3, r5, r7",1
invalid,1
"mrchs p0, 1, r2, c2, c3, 2",1
invalid,1
"strhi r0, [r0, 0x100]",1
"andeq r0, r0, 0",1
"andeq r1, r0, r0, lsl 8",1
"cdpeq p4, 0, c0, c1, c0, 0",1
invalid,1
"andeq r2, r0, sb, lsl 18",1
"andeq r0, r0, r1, rrx",1
"andeq r0, r0, pc, asr r0",1
invalid,1
"andeq r0, r0, 0",1
"eorseq r0, pc, r2, lsl 14",1
"streq r0, [r2], -0",1
"andeq r2, r0, r7, lsl 8",1
"streq r0, [r4, -r0, lsl 4]",1
"andeq r0, r0, pc, lsl r0",1
"movwlo r0, 0x6102",1
"andeq r0, r0, 0",1
"sbceq r0, fp, r2, lsl 10",1
"streq r0, [r3], -0",1
"strbtvc r6, [lr], -0x905",1
"streq r0, [r8, -0x200]",1
"andeq r0, r0, r0",1
bne 0x1c7c04,1
"andeq r0, r0, 0",1
"andeq r0, r5, r4, lsl 10",1
"streq r0, [r2], -0",1
"andeq sp, r0, r7, lsl 10",1
"stmdaeq r1, {sb}",1
"andeq r0, r0, sl, lsr r0",1
"andeq r5, r0, r4, lsl 4",1
"tsthi r8, 0, 2",1
invalid,1
blgt 0xff406838,1
"strmi r0, [r5, -r0]",1
"andeq r0, r0, r0",1
"andeq r0, r0, r6, lsr 1",1
"subseq r0, r2, r2",1
invalid,1
"andeq r0, r0, r6, lsl 1",1
"andeq r0, r0, r0",1
"eorvc r2, pc, lr, lsr 28",1
"cmnvc r4, 0xf0000006",1
"cmnvc sb, 0xbc000000",1
"cmnvc r0, 100, 10           ; 0x64",1
"ldclvs p1, c6, [r2, -0xbc]!",1
"ldrbtvc r6, [r2], -0x32f",1
"subseq r2, r3, sb, ror 28",1
"stclvs p8, c6, [0x00005ba4]!",1
"rsbvs r2, sl, 0x194",1
"strbvs r7, [fp, -0x275]!",1
svcvs 0x792f74,1
svchs 0x6f7463,1
"stclvs p5, c7, [sb], -0x188",1
"ldclvs p15, c2, [r4, -0x190]!",1
svcvs 0x772f70,1
invalid,1
invalid,1
"ldrbtvs r2, [r6], -r1, ror 26",1
"strbvs r2, [lr, -0xd70]!",1
"eorvc r6, sp, pc, ror 28",1
invalid,1
"strbvc r6, [lr, -0x96c]!",1
"mcrvs p13, 3, r2, c7, c8, 3",1
"rsbvs r6, r1, 0x1d400000",1
"strbvs r2, [r5, -sb, ror 30]!",1
invalid,1
invalid,1
"cmnlo r2, 0xdc0",1
"stclvs p5, c6, [r7], -0xbc",1
"stclhs p2, c6, [r3, -0x1a4]!",1
invalid,1
"rsbvs r6, sb, 0x2f00",1
invalid,1
"mcrmi p0, 2, r0, c7, c5, 3",1
"movtpl r2, 0x1055",1
"eorlo r3, lr, 32, 4",1
"eorseq r2, r1, r3, lsr lr",1
"adchs r8, lr, r1",1
"andeq r0, r2, r0",1
"andeq r0, r0, r4, rrx",1
"andeq r0, lr, r4, lsl 2",1
"andgt r0, r1, 0",1
"str r0, [r0], -r1",1
"stmdale r0, {r0}",1
"andeq r0, r0, r4",1
"andeq r0, r0, r0",1
invalid,1
"andeq r0, r0, 0",1
"eorseq r0, r1, r1, lsl 16",1
"andeq r0, r2, 0",1
"andeq r3, r0, r7, lsl 30",1
"streq r0, [r4, -r0, lsl 4]",1
"andeq r0, r0, r4, lsr 32",1
svcne 0x70402,1
"andeq r0, r0, 0",1
"eorseq r0, r3, r1, lsl 12",1
"andeq r0, r2, 0",1
"andeq ip, r0, r5, lsl 22",1
"streq r0, [r4, -0x300]",1
"rsbseq r6, r4, sb, ror 28",1
"andeq r0, r5, r2, lsl 16",1
"andeq r0, r0, 0",1
"andseq r0, sl, r8, lsl 14",1
"strhs r0, [r4], -r0",1
"streq r0, [r0, -r2]",1
"andeq r5, r0, r7, lsr sl",1
invalid,1
invalid,1
"andeq r0, r0, r1, rrx",1
"andeq lr, r3, r4, lsl 20",1
"orrvc r0, r5, 0, 14",1
"streq r0, [r0], -0",1
"andeq r0, r0, sp, ror 10",1
"eorseq r8, r7, r7, lsl 12",1
"movwls r0, 0x4000",1
"streq r0, [r0, -r1]",1
"andeq r3, r0, r7, lsl 15",1
"ldreq r0, [fp, -0x400]",1
invalid,1
"andeq r0, r0, lr, lsr r0",1
"andeq sl, r6, r4, lsl 30",1
"orrvc r0, sb, 0, 14",1
"streq r0, [r0], -0",1
"strheq r0, [r0], -r1",1
"eorseq r8, r7, r7, lsl 20",1
"strmi r0, [r4, -r0]",1
"streq r0, [r0, -r3]",1
"andeq r3, r0, fp, lsl 15",1
"sbcseq r0, lr, r0, lsl 8",1
invalid,1
"ldrdeq r0, r1, [r0], -r6",1
"streq r0, [r5, -0x402]",1
"streq r0, [r0], -0",1
"andeq r0, r0, fp, ror r5",1
"rsbeq r8, r8, r7, lsl 26",1
"streq r0, [r2], -0",1
"andeq sp, r0, r7, lsl 10",1
"strbeq r0, [r6, 0x400]!",1
"strls r0, [r7], -0",1
"ldrdeq r0, r1, [r0], -r6",1
blo 0x106de8,1
"streq r0, [r0, -r5]",1
"andeq sp, r0, r2, lsr 13",1
"ldrbteq r0, [pc], -0x400    ; [0x5de0:4]=104",1
invalid,1
"andeq r0, r0, r8, rrx",1
"andeq pc, r3, r4, lsl 18",1
"ldrtle r0, [r8], r0, lsl 14",1
"streq r0, [r0], -r0",1
"andeq r2, r1, r4, lsl 6",1
"stmdaeq r1, {sb}",1
"andeq r0, r0, sl, lsr r0",1
"teqeq r0, r6, lsl 8",1
"movwhs r0, 0x7000",1
"stmdaeq r0, {r0}",1
"andeq r0, r0, r7, asr 9",1
bvc 0x1a47e54,1
"stmdbeq r0, {r0}",1
"strdeq r0, r1, [r0], -sp",1
invalid,1
"movwhs r0, 0x2000",1
"ldrbeq r0, [r0, 0x900]",1
"cdpvs p0, 0, c0, c8, c0, 0",1
"andeq r0, r0, r3, asr r0",1
"stmdbeq r4, {r1, r8, sb, sp}",1
"andeq r2, r0, r0, ror 12",1
"cmneq sl, r8, lsl 30",1
"movwhs r0, 0x2000",1
"cmnvs r6, r8, lsl 20",1
"andvc r0, r8, ip, rrx",1
"andeq r0, r0, r3, asr r0",1
"andeq r2, ip, r2, lsl 6",1
"subseq r0, r3, r6, lsl 8",1
svclo 0x40000,1
"stmdbeq r0, {r0, r2}",1
"ldrdeq r3, r4, [r0], -r5",1
"ldrbeq r0, [r5], -0x400",1
"andlo r0, sl, r0",1
"muleq r0, r6, r1",1
"andeq r5, r4, r8, lsl 2",1
invalid,1
"andeq r0, r0, r1, asr r3",1
"andeq r3, sl, sb, lsl 30",1
invalid,1
"andeq r0, r0, 0",1
"str r0, [sb], -r3, lsr 32",1
bleq 0x5e8c,1
"strdeq r1, r2, [r1], -ip",1
"strteq r0, [r3], -0x200",1
"andeq ip, r3, sb, lsl 6",1
invalid,1
"andeq r0, r0, 1",1
"strhi r0, [sb, -0x823]",1
bleq 0x5ebc,1
"strdeq r1, r2, [r1], -lr",1
"stceq p2, c0, [r3], -0",1
"andeq ip, r6, sb, lsl 16",1
invalid,1
"andeq r0, r0, 1",1
invalid,1
bleq 0x5ecc,1
"tsteq sp, r0, lsl 2",1
"movwhs r0, 0x2000",1
"ldreq r0, [r5], -0xb14",1
"mrseq r0, apsr",1
"andeq r1, r1, r1, lsl 26",1
"stmdane r3!, {sb}",1
"andeq r6, r1, fp, lsl 4",1
invalid,1
"andeq r0, r0, sp, lsl r1",1
bleq 0x70eaf4,1
"andeq r0, r0, r4, lsl 4",1
"stcne p3, c0, [r1, -0x2c]",1
"andeq r0, r0, 1",1
"stmdblo fp, {r0, r1, r5, sp}",1
bleq 0x5f0c,1
"tsteq sp, r5, lsl 2",1
"movwhs r0, 0x2000",1
"ldrbeq r0, [r7], -r4, lsr 22",1
"streq r0, [fp], -r0",1
"andeq r1, r1, r1, lsl 26",1
"stmdahs r3!, {sb}",1
"andeq sb, r5, fp, lsl 20",1
invalid,1
"andeq r0, r0, sp, lsl r1",1
bleq 0xb0eb30,1
"andeq r0, r0, r6, ror r4",1
svchi 0x1090b,1
"andeq r0, r0, 3",1
"vhadd.u8 d3, d11, d19",1
bleq 0x5f3c,1
"orrseq r0, r5, 0xc0000002",1
"movwhs r0, 0x2000",1
invalid,1
"stceq p0, c0, [fp, -0]",1
"andeq r5, r0, r1, lsl 6",1
"stmdalo r3!, {sb}",1
"andeq r8, r3, fp, lsl 10",1
"tsteq r1, r0, lsl 22",1
"andeq r0, r0, r3, asr r0",1
bleq 0xf0eb6c,1
"andeq r0, r0, r0, asr r2",1
blgt 0x4ab98,1
"andeq r0, r0, 0",1
"andne r4, fp, r3, lsr 32",1
bleq 0x5f80,1
"eorseq r0, r0, r7, lsl r1",1
"movwhs r0, 0x2000",1
"ldrbeq r0, [pc], 0xb44      ; [0x5f84:4]=0x4501",1
invalid,1
"andeq r4, r0, r1, lsl 10",1
"strtmi r0, [r3], -r0, lsl 4",1
"andeq r4, r1, fp",1
"tsteq sb, r0, lsl 22",1
"muleq r0, fp, r3",1
bleq 0x11ceba8,1
"andeq r0, r0, pc, ror r3",1
blge 0x4d3d4,1
"andeq r0, r0, 3",1
"strpl r4, [fp], -0x823",1
bleq 0x5fbc,1
"sbcseq r0, sp, r6, lsr 2",1
"movwhs r0, 0x2000",1
"strbeq r0, [r2, 0xb50]",1
svchs 0xb0000,1
"andeq pc, r0, r1, lsl 20",1
"stmdapl r3!, {sb}",1
"andeq ip, r5, fp, lsl 18",1
"teqeq r0, r0, lsl 22",1
"strdeq r0, r1, [r0], -sl",1
bleq 0x170ebe4,1
"muleq r0, pc, r2",1
blx 0x52410,1
"andeq r0, r0, 0",1
"stmdale fp, {r0, r1, r5, sp, lr}",1
bleq 0x6004,1
"rscseq r0, sl, r2, lsr r1",1
"movwhs r0, 0x2000",1
"ldrbeq r0, [0x00006b60]     ; [0x6b60:4]=0x36000000",1
"movwlo r0, 0xb000",1
"andeq r8, r1, r1",1
"stmdavs r3!, {sb}",1
"andeq fp, r3, fp, lsl 2",1
"teqeq r5, r0, lsl 22",1
"andeq r0, r0, r3, asr r0",1
bleq 0x1b0ec20,1
"strdeq r0, r1, [r0], -r5",1
invalid,1
"andeq r0, r0, 3",1
invalid,1
"andeq r0, r0, r6, asr 8",1
"strlt sb, [r8, -fp, lsl 22]",1
invalid,1
"orreq sl, pc, 0xc0000002",1
"strvc r0, [sb, -0]",1
bleq 0x6054,1
"andeq r8, r3, r2, lsr 31",1
"eoreq r0, r3, r0, lsl 4",1
"andeq r0, r3, sb, lsl 18",1
"strls r0, [r3, 0xb00]!",1
"andeq r0, r0, 3",1
bvs 0x2470e4,1
bleq 0x606c,1
"andeq r5, r0, r7, lsr 7",1
"stmdaeq r3!, {sb}",1
"stmdapl r4, {sb, sl}",1
"streq r0, [r0], -r3",1
"andeq sb, r1, r4, lsl 12",1
invalid,1
invalid,1
invalid,1
"andeq r0, r0, r0",1
invalid,1
"stceq p0, c0, [r0, -0xc]",1
"andeq r0, r0, r3, lsr 2",1
"andeq r0, r0, r1, asr 7",1
"andeq lr, r0, lr, lsl 16",1
"streq r2, [r0], -0x700",1
"andeq r0, r0, sp, lsl r5",1
"adceq r3, sl, ip, lsl 4",1
invalid,1
invalid,1
"andeq r7, r0, ip, lsr lr",1
"strbeq r0, [r8, 0x400]!",1
blmi 0x3460b4,1
"andeq r0, r0, pc, ror 1",1
"andeq sp, r2, r8, lsl 18",1
"stmdavc sp, {fp}",1
"andeq r0, r0, fp, lsl 8",1
"andeq r6, r4, sb, lsl 30",1
svc 0x7a0d00,1
"andeq r0, r0, 0",1
ble 0x246160,1
"stceq p0, c0, [r0, -0xc]",1
"andeq r1, r1, fp, ror r2",1
"strteq r0, [r3], -0x200",1
"subseq r0, r3, r0, lsl 30",1
invalid,1
"stmdavs r0, {r1, r2}",1
"ldrbteq r2, [sp], 0x60e",1
"movwmi r0, 0x9000",1
"cdpeq p0, 0, c0, c0, c6, 0",1
"andeq r7, r0, r8, lsr 28",1
"eoreq r0, r3, r0, lsl 4",1
"andeq ip, r5, sb, lsl 4",1
"eorlo r0, sb, r0, lsl 28",1
"andeq r0, r0, 0",1
"strvc r0, [sb], -r3, lsr 16",1
"cdpeq p0, 0, c0, c0, c3, 0",1
"andeq sb, r0, sp, lsr 30",1
"stceq p2, c0, [r3], -0",1
"andeq sl, r3, sb, lsl 30",1
"strlt r0, [0x00005324]!",1
"andeq r0, r0, 0",1
"strls r1, [sb], -0x23",1
"cdpeq p0, 0, c0, c0, c4, 0",1
"andeq ip, r0, r0, lsr r0",1
"strtne r0, [r3], -0x200",1
"andeq fp, r2, sb",1
"ldmdbhi r1!, {sb, sl, fp}",1
"andeq r0, r0, 0",1
bllt 0x24c1d4,1
"cdpeq p0, 0, c0, c0, c5, 0",1
"andeq sb, r0, r2, lsr r4",1
"stcne p2, c0, [r3], -0",1
"andeq r2, r5, sb, lsl 6",1
"cdpvc p14, 3, c0, c3, c0, 0",1
"andeq r0, r0, 0",1
"stmdbgt sb, {r0, r1, r5, sp}",1
"cdpeq p0, 0, c0, c0, c5, 0",1
"andeq r3, r0, r4, lsr r0",1
"stmdahs r3!, {sb}",1
"andeq sb, r3, sb, lsl 24",1
"ldcle p14, c0, [r8, -0]!",1
"andeq r0, r0, 0",1
"cdpgt p0, 0, c3, c9, c3, 1",1
"cdpeq p0, 0, c0, c0, c4, 0",1
"andeq pc, r0, sl, lsr ip",1
"stmdalo r3!, {sb}",1
"andeq sl, r2, sb, lsl 12",1
"ldreq r0, [pc, -r0, lsl 28]! ; [0x6194:4]=0x2f094023",1
"andeq r0, r0, 1",1
svchs 0x94023,1
"cdpeq p0, 0, c0, c0, c2, 0",1
"andeq lr, r3, r8, asr 4",1
"stmdami r3!, {sb}",1
"andeq r6, r6, sb, lsl 14",1
"sub r0, sb, 0, 28",1
"andeq r0, r0, 3",1
blx 0x25a244,1
"cdpeq p0, 0, c0, c0, c0, 0",1
"andeq lr, r3, sl, asr 4",1
"stmdapl r3!, {sb}",1
"andeq r7, r3, sb, lsl 16",1
bge 0x16899cc,1
"andeq r0, r0, 0",1
"andne r6, r0, r3, lsr 32",1
"stc2 p6, c0, [r4, -4]",1
"streq r0, [r0], -r4",1
"andeq r0, r5, r4, lsl 22",1
"tsths r2, 0, 2",1
"stmdane r0, {r2}",1
"andsvs r0, r6, r1, lsl 30",1
"stmdbeq r0, {r0, r2}",1
"andeq r0, r0, r7, lsr 11",1
"adceq r1, sl, pc, lsl 24",1
"movwhs r0, 0x2000",1
"tsteq r8, 0, 18",1
"stcne p0, c0, [0x00006204]",1
"ldrdeq r0, r1, [r0], -sp",1
"stmdbeq r8, {r1, r8, sb, sp}",1
"ldrdeq r0, r1, [r0], -r3",1
"eorseq r1, r0, pc, lsl 30",1
"movwhs r0, 0x2000",1
"strteq r0, [ip], 0x910",1
"andhs r0, pc, r0",1
"andeq r0, r0, sb, lsr 32",1
"ldmdbeq r2, {r1, r8, sb, sp}",1
"strdeq r0, r1, [r0], -fp",1
"strbeq r2, [r0, -0x10f]!",1
"movwhs r0, 0x2000",1
"movwhs r0, 0xd013",1
"andvc r0, r0, r1",1
"cdpeq p0, 0, c0, c0, c5, 0",1
"andeq r0, r0, r8, ror 1",1
"ldrmi r0, [r3], -0xff",1
"strne r5, [r0], -0x249",1
"andeq r7, r5, r0, lsl 23",1
"cmpeq pc, 0, 8",1
"strne r0, [r1, -0]",1
"rsbsls r0, fp, r4, lsl 6",1
"strne r0, [r0], -r5",1
"andeq r0, r0, r8, lsl r6",1
"ldreq r0, [r7], -0",1
"strge r4, [r1], -r3, lsl 6",1
"strne r0, [r0], -r5",1
"andeq r0, r0, r1, asr r1",1
invalid,1
"rsbseq r0, sp, r0",1
"andeq r7, r1, r8, lsl 16",1
"ldreq r1, [r0, -r0]",1
"andeq r0, r0, pc, asr 11",1
"andeq r7, r3, sb, lsl 16",1
"mrsgt r1, apsr",1
"andeq r0, r0, 3",1
"movwmi r0, 0x9023",1
"andne r0, r0, r6",1
"andeq ip, r3, sl, lsl 24",1
"stmdaeq r3!, {sb}",1
"ldreq r0, [sb, -r0, lsl 16]",1
invalid,1
"andeq r0, r6, r1, lsr 12",1
"strbvc r0, [r2, -0xa00]!",1
"movwhs r0, 0x1066",1
"andeq r0, r0, sp, lsl r1",1
"stmdbeq r0, {r1, r8, sb, sp}",1
"andeq r0, r0, sl, lsr 8",1
"orreq r2, r0, r1, lsl 8",1
"movwhs r0, 0x2000",1
"ldmdbhs sp, {r2, r8, fp}",1
"strhs r0, [r1, -0]",1
"andeq r0, r0, sp, lsl r1",1
"andeq r2, r8, r2, lsl 6",1
"strteq r0, [r3], 0x118",1
"strvs r0, [r4, -r0]",1
"andeq pc, r0, r1, lsl 20",1
"strteq r0, [fp], -r0, lsl 6",1
"cdpvs p0, 1, c0, c9, c0, 0",1
"rsbhi r0, r7, r0, lsl 8",1
"stmdbne r0, {r0}",1
"smlsdxvs r4, r3, r0, r0",1
"andeq r0, r0, r0, lsl 3",1
"movwls r1, 0x1a00",1
"streq r0, [r0, -5]",1
"rscseq r0, sl, r0, lsr r1",1
"mrseq r0, apsr",1
"andeq r0, r0, r0, ror 12",1
"andeq ip, r1, fp, lsl ip",1
blx 0xc0771c,1
blne 0x6320,1
"andeq r0, r0, r7, lsl 3",1
"streq r3, [r5, -5]",1
invalid,1
"streq r0, [r0, -4]",1
"andeq r8, r1, r0, lsr r0",1
"tsteq sl, r0",1
"andeq r0, r0, r8, asr 5",1
"movwpl r5, 0x1f06",1
"movweq r0, 0",1
"andeq r8, r6, r1, lsl 22",1
"sbcseq r1, r0, 0, 22",1
svcpl 0x60000,1
"andeq r0, r0, fp, lsl 13",1
"andeq sl, r5, fp, lsl sp",1
bhs 0x17c7b5c,1
invalid,1
blhi 0x107b64,1
"stcne p0, c0, [r0, -4]",1
"andeq r7, r6, r1, lsl 16",1
"biceq r0, r6, r0, lsl 4",1
"andeq r5, r0, r1, lsl 6",1
"ldrteq r0, [sp], r0, lsl 6",1
bmi 0x78637c,1
"andeq r0, r0, 1",1
"smlawteq sl, r6, r1, r0",1
invalid,1
"andeq r0, r0, 2",1
"ldrteq r0, [sp], r6, asr 3",1
"streq r0, [r0], -r0",1
"andeq r1, r4, r4",1
"rsbeq r1, r7, 0, 30",1
invalid,1
"ldrbteq r0, [r0], r1, lsl 2",1
invalid,1
"cdpne p0, 0, c0, c0, c6, 0",1
"andeq r0, r0, sb, lsl r7",1
bhs 0x483c0,1
"andhs r0, r0, r1",1
"rsbvc r7, r5, r1, lsr 6",1
"mrseq r0, lr_mon",1
"andeq r0, r0, r3, lsr 2",1
invalid,1
"andeq sb, r4, r2, lsl 26",1
"strvc r1, [r1, -r0, lsl 26]",1
"andeq r0, r0, 6",1
"movwpl r0, 0x11d4",1
"movweq r0, 0",1
"andeq r0, r0, r3, lsr 14",1
"andeq sb, r3, lr, lsl r7",1
"bicseq r0, r4, r0, lsl 4",1
"andeq r0, r0, r3, asr r0",1
"andeq pc, r2, lr, lsl pc",1
"bicseq r0, r4, r0, lsl 4",1
"strheq r0, [r0], -sp",1
"strle r1, [r1], -0xd00",1
"andeq r0, r0, 3",1
"movwpl r0, 0x11cd",1
"movweq r0, 0",1
"andeq r0, r0, pc, asr 14",1
"andeq r4, r1, lr, lsl sl",1
"biceq r0, sp, r0, lsl 4",1
"andeq r0, r0, sl, lsr 2",1
"andeq pc, r2, lr, lsl pc",1
"biceq r0, sp, r0, lsl 4",1
"strheq r0, [r0], -sp",1
"stmdbgt r1, {sb, fp, ip}",1
"streq r0, [r0], -r2",1
"subseq r0, r3, r6, ror 2",1
"mrseq r0, apsr",1
"andeq r0, r0, pc, ror 14",1
"andeq sl, r5, fp, lsl sp",1
bhs 0x1987c40,1
invalid,1
"strteq r2, [ip], -r0, lsl 4",1
"strls r0, [r1], -r0",1
"stmdaeq r1, {r0, r8}",1
"ldrvs r0, [fp], -r0",1
invalid,1
"muleq r6, r6, sp",1
"ldreq r1, [sb, -r0, lsl 22]",1
"strls r0, [r1], -r0",1
"andeq r0, r0, r1, lsl 16",1
"andeq r3, r4, fp, lsl r2",1
"addshi r0, r7, r0, lsl 2",1
"movwhs r0, 1",1
"andeq r0, r0, r2, lsl 2",1
"stmdaeq r7, {r0, r8, fp, ip, pc}",1
"strtvs r0, [r4], -r0",1
bls 0x46614,1
"andeq r0, r0, r3, asr r0",1
"andeq sp, r1, r3, lsr 24",1
"addsne r0, fp, r0, lsl 2",1
"movwhs r0, 4",1
"ldrdeq r0, r1, [r0], -r0",1
"ldrbteq sb, [r0], r1, lsl 24",1
svc 0x230000,1
invalid,1
"muleq r6, sp, r0",1
"strtvs r2, [r4], -0",1
"strlt r0, [r1], -0x70",1
"andeq r0, r0, sp, lsl 16",1
"andeq sp, r1, r3, lsr 30",1
"adcsne r0, r5, r0, lsl 2",1
"strhs r0, [r0], -4",1
"rsbeq r6, pc, sb, ror 28",1
"biceq fp, r1, 0x100000",1
"strths r0, [r0], -0",1
"cdplt p0, 0, c0, c1, c5, 3",1
"andeq r0, r0, r3, asr r0",1
"streq r0, [r0], -r0",1
"andeq ip, r5, r4, lsl 30",1
"andvc r0, r4, r0, lsl 12",1
"streq r0, [r0], -r5",1
"andeq r1, r8, r4, lsl 6",1
"streq r0, [ip, -0x700]",1
"strtge r0, [r5], -0",1
invalid,1
"tsteq sp, fp, ror r1",1
"andpl r0, r1, r0",1
"stmdbne r0, {r3}",1
blvc 0x466bc,1
"andeq r0, r0, r0, lsl 3",1
"ldrbtvs r6, [r5], -r4, lsr 4",1
"ldclne p1, c0, [sp, -0]!",1
"strhs r0, [r0], -1",1
"mcrvc p0, 0, r0, c1, c0, 3",1
"andeq r0, r0, sp, lsl r1",1
invalid,1
"andeq r8, r1, pc, ror r0",1
svcvc 0x1f0000,1
"movweq r0, 2",1
"stceq p1, c0, [r1, -0x54]",1
"movweq r0, 8",1
"andeq r0, r0, ip, ror r8",1
"andeq r0, r1, lr, lsl r2",1
"tsteq r5, r0, lsl 6",1
"andeq r0, r0, r7, lsl 16",1
"rsbvc r2, r4, r0, lsr 2",1
"tsteq sb, r0, lsl 6",1
"andeq r0, r0, sp, lsl 16",1
"cdp p0, 2, c0, c2, c0, 0",1
invalid,1
"movwle r0, 0x1161",1
"stmdbne r0, {r3}",1
invalid,1
"andeq r0, r0, r1, lsl 16",1
invalid,1
"andeq r2, r1, r1, ror 20",1
"strbeq r1, [r0], -0xb00",1
"mrsvs r0, apsr",1
"andeq r0, r0, r0, lsl 3",1
"andeq sb, r1, r3, lsr 22",1
"rsbhi r0, r3, r0, lsl 2",1
"andhs r0, r0, r1",1
"andeq r5, r6, r3, lsr 4",1
"rsbhi r0, r6, r0, lsl 2",1
"strhs r0, [r0], -1",1
blvs 0x4675c,1
"andeq r0, r0, sp, lsl r1",1
"andeq r5, r0, r3, lsr 20",1
"rsbhi r0, ip, r0, lsl 2",1
"andeq r0, r0, r1",1
"cmpeq r1, 0, 12",1
invalid,1
"ldrtls r0, [r4], 0x101",1
"stcls p0, c0, [r0], -0",1
"andeq r0, r0, r0",1
"mrspl r0, apsr",1
"smladhs r0, r4, r0, r0",1
"andeq r0, r0, sb, lsl r7",1
"mrseq r0, apsr",1
"stchs p0, c0, [r0, -0x20]",1
invalid,1
"andeq r0, r0, sb, lsr r4",1
"andhi r0, r1, r1, lsl 22",1
"stcmi p0, c0, [r0, -4]",1
invalid,1
"strheq r0, [r0], -fp",1
"strge r0, [r1], -r1, lsl 24",1
"movweq r0, 5",1
"ldmdahs sp!, {r0, r4, r7, ip, pc} ^",1
"andeq r0, r0, r3, ror r1",1
"mrspl r0, apsr",1
"stcgt p0, c0, [r0, -0x50]",1
invalid,1
"andeq r0, r0, r6, ror 10",1
"andne r0, r1, r1, lsl 28",1
"movweq r0, 4",1
bhs 0x1f6e858,1
"muleq r0, r1, r6",1
"ldrdeq sb, sl, [r0], -r4",1
"andeq sb, r0, r4, ror 9",1
"movwhi r1, 0x1401",1
blhs 0x664c,1
"strheq r0, [r0], -r0",1
"andeq r0, r0, r5, lsl 2",1
"andeq sl, r6, fp, lsr 8",1
"andeq r4, r1, r0, lsl 26",1
"strbtls r2, [r4], 0xc00",1
"ldcne p0, c0, [pc], 0",1
invalid,1
"ldmls r1, {r1, r4, r6, r8, sb}",1
invalid,1
"mcrrgt p3, 0, r0, r8, c5",1
invalid,1
"eorseq r0, r3, r0, asr r1",1
"strbeq r2, [pc, -r0, lsl 28]!",1
"ldrls r0, [r8, -0]!",1
"eoreq r0, r8, r0",1
"stcne p0, c0, [r1, -0]",1
"andseq sl, r2, r1, lsl 6",1
"ldreq r2, [r2, r0, lsl 22]",1
invalid,1
"strhi r0, [0x00006678]!",1
blhs 0x6698,1
"andeq r0, r0, ip, ror r7",1
"andeq r0, r0, r6, lsr 3",1
"andeq r5, r0, r0, lsr r0",1
"ldreq r3, [sp, r0, lsl 2]",1
invalid,1
invalid,1
"stmdavs r0, {r0, r1, r2}",1
"andlo r0, r0, 2",1
"strheq r0, [r0], -r2",1
"cdpvc p1, 8, c9, c8, c3, 0",1
"andeq fp, r7, r1, lsr sp",1
"andeq fp, r2, r0, lsl 26",1
"strbeq r3, [r8, r0, lsl 2]",1
"sbcseq r0, fp, 0",1
invalid,1
"stmdavc r0, {r1, r2}",1
"mulls r0, r5, r0",1
"swpeq r0, r5, [r0]",1
"andeq r2, sl, sb, lsr 11",1
"ldreq r2, [r6, -r0, lsl 22]",1
"movweq r0, 0x6000",1
beq 0xac66d4,1
"strlo r0, [r0], -7",1
invalid,1
"muleq r0, r0, r5",1
"andeq r1, r0, r6, ror 25",1
"ldrbeq r0, [r2], -0x12d",1
"uhadd8eq r8, sp, r1",1
"subseq r0, r1, 0x4000000b",1
invalid,1
"rsbseq r0, sp, r0, asr r3",1
"strlo r0, [r0], -6",1
"andeq r0, r0, r8, ror r0",1
"andeq r0, r0, sp, asr ip",1
"andeq sp, r7, r5, lsr r4",1
"ldrbeq r3, [lr, r0, lsl 4]",1
"mrsls r0, apsr",1
"ldmdb r1!, {r4, r5, r6, r7, sb, sl, fp, ip, sp, lr}",1
"strmi r0, [r0, -r7]",1
"strlo r0, [r0], -r3",1
"andeq r0, r0, r0, asr r8",1
"andeq sb, r0, r4, asr 11",1
"muleq r0, r8, r0",1
beq 0xff0b4b30,1
"eorvs r0, pc, 0",1
"andlo r0, r0, r8",1
"strheq r0, [r0], -r0",1
"andeq r6, r8, r1, lsr pc",1
"andeq r8, r3, r0, lsl 22",1
"strbeq r2, [r3], r0, lsl 28",1
"ldrbls r0, [r4]",1
"sbceq r0, r8, r0",1
bne 0xc6750,1
"andeq sb, sl, r1, lsl 24",1
"ldrbeq r2, [r5], r0, lsl 22",1
invalid,1
"ldcgt p0, c0, [r7], -0",1
"stmdale r0, {r0, r1, r2, r4, r7}",1
"swplo r0, r7, [r0]",1
"andeq r0, r0, r2, ror 13",1
"andeq r0, r0, r6, lsr r4",1
"ldcgt p0, c0, [r8], -0",1
"stceq p0, c0, [r0, -0x254]",1
"andlt r0, r0, sp, lsl r0",1
"stchs p0, c0, [r0, -0x28]",1
"strvc r5, [r2], -r1",1
"stc p0, c0, [ip], -0",1
"stceq p0, c0, [r0, -0x25c]",1
"stchs p0, c0, [r0, -0x74]",1
"strvc r5, [r2], -r1",1
"andeq r0, r0, r0",1
"andeq r7, r8, r3, lsr ip",1
"addseq r4, r6, r0",1
"addseq pc, r6, r0, lsl 24",1
"bics r0, fp, r0, lsl 2",1
blhs 0x67d8,1
"muleq r0, fp, r8",1
"andeq r0, r0, sb, asr 8",1
"andeq sb, r8, fp, lsr 4",1
"andeq r6, r4, r0, lsl 14",1
"stmeq sb, {r8, sb, fp, sp}",1
"ldrbteq r0, [sl], -0",1
"eorsmi r0, r7, r0",1
invalid,1
"swplo r0, r6, [r0]",1
"andeq r0, r0, r6, lsr 17",1
"andeq r0, r0, pc, lsl 9",1
"addseq r6, r6, sb, lsr r0",1
"addseq sp, r6, r0",1
"andeq sb, fp, r0, lsl 28",1
"ldmeq r2!, {r8, ip, sp}",1
"strteq r0, [r2], 0",1
"ldclt p0, c0, [r5, -0]!",1
invalid,1
"andeq r0, r0, r6, asr 17",1
"strheq r0, [r0], -r5",1
"andeq r0, r6, r6, lsr r6",1
"addseq r6, r6, r0, lsl 8",1
"andeq lr, r0, r0",1
"stclpl p1, c0, [fp], -0",1
blhs 0x683c,1
"andeq r0, r0, r1, lsr 12",1
"andeq r0, r0, r8, asr 9",1
"andeq r1, r6, fp, lsr 16",1
"andeq lr, r4, r0, lsl 12",1
"strls r2, [ip], r0, lsl 24",1
"stcne p0, c0, [0x00006828]!",1
invalid,1
"rsbseq r0, r5, r0, asr r2",1
blhs 0xcc6834,1
"stmdage r0, {r1, r2}",1
"mullt r0, r6, r0",1
"swpeq r0, r6, [r0]",1
"andeq sb, fp, lr, ror 8",1
"ldrbeq r2, [r4], -r0, lsl 22",1
"streq r0, [r6, -0]",1
invalid,1
"strhs r0, [r0], -6",1
blhs 0x686c,1
"andeq r0, r0, lr, lsr r6",1
"andeq r0, r0, r8, asr 10",1
"addseq fp, r6, sl, lsr r0",1
"andseq r4, sp, r0, lsl 14",1
"ldclt p0, c0, [sl], -0",1
"stmdavs r0, {r1, r2, r4, r7}",1
"andeq r0, r0, sp, lsl r0",1
"andeq r2, r6, fp, lsr fp",1
"addseq lr, r6, r0, lsl 16",1
"addseq pc, r6, r0, lsl 24",1
blhs 0x1d86c84,1
"andeq r0, r0, sb, asr 12",1
"andeq r0, r0, r6, ror 10",1
"andeq r3, r6, fp, lsr 28",1
"andeq r7, r5, r0, lsl 18",1
"ldrbeq r2, [r4], -r0, lsl 22",1
"ldreq r0, [r5]",1
invalid,1
invalid,1
"stchs p0, c0, [r0, -0x74]",1
"strvc r5, [r2], -0x201",1
"mrspl r2, apsr",1
"andeq r7, r0, r2, lsl 20",1
invalid,1
"andeq sb, r0, r4, lsl 16",1
"andeq sb, r0, r4, lsl r8",1
"andeq r0, r0, r8, lsl 24",1
"andeq pc, r7, r1, lsr r5",1
"andeq fp, r5, r0, lsl 8",1
"stmdals ip, {sl, fp, sp}",1
"ldclne p0, c0, [sp, -0]!",1
invalid,1
"rsbseq r0, r6, r0, asr r2",1
"teqhs r3, 0",1
"strne r0, [r0], -7",1
"strhs r0, [r0], -0x98",1
"swpeq r0, r8, [r0]",1
"andeq r4, ip, ip, asr 25",1
"strbeq r2, [r2, -r0, lsl 22]",1
"strbeq r0, [r7]",1
"strtlo r0, [fp], -r0",1
invalid,1
invalid,1
"andeq sb, r0, r4, lsr 16",1
"muleq r0, r5, sp",1
"cmpeq r2, 0x4000000b",1
"ldclhs p8, c14, [lr, -0x244]!",1
bvc 0x9ad1c,1
"andpl r2, r1, r3, lsl sp",1
"streq r7, [r0], -r3, lsl 26",1
"stclo p0, c0, [ip], -0",1
invalid,1
"stchs p0, c0, [r0, -0x74]",1
bvc 0x9a934,1
"strlo r0, [r0], -r0",1
"andeq r0, r0, r8, lsl r8",1
"andeq sb, r0, r8, lsr 14",1
"andeq r0, r0, r0, lsl 2",1
"ldceq p6, c14, [sb, -4]",1
invalid,1
"movwhs r0, 8",1
"andlo r0, r0, r6",1
"andeq r0, r0, r0, lsr r1",1
"andeq r3, r8, r5, lsr r2",1
"ldmdaeq sp!, {r8, ip, sp}",1
"strbeq r0, [ip], -r0",1
"ldrtmi r0, [r1], -r0",1
"stmdals r0, {r3}",1
"strlo r0, [r0], -r6",1
"andeq r0, r0, r6, lsl 12",1
"andeq sb, r0, r8, lsr 14",1
"andeq r0, r0, r0, ror 2",1
"stcleq p13, c7, [ip], {1}",1
invalid,1
"stmdalt r0, {r1, r2}",1
blhs 0x69a0,1
"andeq r0, r0, r8, lsl r6",1
"andeq r0, r0, r4, asr 14",1
"addseq r4, r7, ip, lsr 16",1
"andseq r2, sp, r0, lsl 30",1
"andpl r2, r1, r0, lsl 26",1
"streq r7, [r0], -r3, lsl 26",1
blhs 0xf069a4,1
"andvs r0, r0, r6",1
"mulhi r0, r7, r0",1
invalid,1
"strbeq r2, [sb], -r3, lsl 23",1
"streq r0, [r0, r0]!",1
"cdplo p0, 2, c0, c11, c0, 0",1
"stmdalt r0, {r1, r2}",1
blhs 0x69e0,1
"andeq r0, r0, r4, asr r6",1
"andeq r0, r0, r3, ror 15",1
"addseq r7, r7, ip, lsr 8",1
"andseq r4, sp, r0, lsl 14",1
"andpl r2, r1, 0, 26",1
"streq r7, [r0], -r3, lsl 26",1
"ldrbeq r0, [r1, -0x12d]",1
"sbceq r8, ip, r3",1
"andpl r2, r1, r0, lsl 26",1
"rsbseq r7, sp, r2, lsl 16",1
"strlo r0, [r0], -r0",1
"andeq r0, r0, r8, lsl r8",1
"andeq sb, r0, r8, asr 16",1
"muleq r0, r8, r1",1
"ldcleq p12, c14, [r5, 4]",1
invalid,1
"strhs r0, [r0, -r8]",1
"andlo r0, r0, r8",1
"andeq r0, r0, r0, asr 3",1
"andeq r3, r8, r5, lsr r2",1
"ldmdaeq sp!, {r8, ip, sp}",1
invalid,1
"ldrtmi r0, [r1], -r0",1
invalid,1
"strlo r0, [r0], -r8",1
"andeq r0, r0, r6, lsl 12",1
"andeq sb, r0, r8, asr 16",1
"andeq r0, r0, r8, ror 3",1
"stceq p13, c7, [r8, 4]",1
invalid,1
"stmdalt r0, {r1, r2}",1
blhs 0x6a5c,1
"andeq r0, r0, r8, lsl r6",1
"andeq r0, r0, r4, asr 14",1
"addseq r6, r8, ip, lsr 16",1
"andseq r2, sp, r0, lsl 30",1
"andpl r2, r1, r0, lsl 26",1
"streq r7, [r0], -r3, lsl 26",1
blhs 0xf06a60,1
"andhi r0, r0, r6",1
"stmdaeq r0, {r3, r4, r7}",1
invalid,1
"strbeq r2, [sb], -r3, lsl 23",1
invalid,1
"cdplo p0, 2, c0, c11, c0, 0",1
"strle r0, [r0], -6",1
blhs 0x6aa0,1
"andeq r0, r0, r4, asr r6",1
"andeq r0, r0, r3, ror 15",1
"addseq sb, r8, ip, lsr 8",1
"andseq r4, sp, r0, lsl 14",1
"andpl r2, r1, 0, 26",1
"streq r7, [r0], -r3, lsl 26",1
"ldrbeq r0, [r1, -0x12d]",1
"sbceq r8, ip, r3",1
"andpl r2, r1, r0, lsl 26",1
"rsbseq r7, sp, r2, lsl 14",1
"strlo r0, [r0], -r0",1
"andeq r0, r0, r8, lsl r8",1
"ldrdeq sb, sl, [r0], -r8",1
"andeq r0, r0, r0, lsr 4",1
"vfnmseq.f64 d10, d1, d1",1
invalid,1
invalid,1
"andlo r0, r0, r8",1
"andeq r0, r0, r8, asr 4",1
"andeq r3, r8, r5, lsr r2",1
"ldmdaeq sp!, {r8, ip, sp}",1
invalid,1
"ldrtmi r0, [r1], -r0",1
"strvc r0, [r0], -8",1
"strlo r0, [r0], -sb",1
"andeq r0, r0, r6, lsl 12",1
"ldrdeq sb, sl, [r0], -r8",1
"andeq r0, r0, r0, ror r2",1
"cdpeq p13, 4, c7, c4, c1, 0",1
invalid,1
"stmdalt r0, {r1, r2}",1
blhs 0x6b18,1
"andeq r0, r0, r8, lsl r6",1
"andeq r0, r0, r4, asr 14",1
"addseq pc, r8, ip, lsr 16",1
"andseq r2, sp, r0, lsl 30",1
"andpl r2, r1, r0, lsl 26",1
"streq r7, [r0], -r3, lsl 26",1
blhs 0xf06b1c,1
"andne r0, r0, r6",1
"mulls r0, sb, r0",1
invalid,1
"strbeq r2, [sb], -r3, lsl 23",1
invalid,1
"cdplo p0, 2, c0, c11, c0, 0",1
invalid,1
blhs 0x6b60,1
"andeq r0, r0, r4, asr r6",1
"andeq r0, r0, r3, ror 15",1
"addseq r2, sb, ip, lsr 8",1
"andseq r4, sp, r0, lsl 14",1
"andpl r2, r1, 0, 26",1
"streq r7, [r0], -r3, lsl 26",1
"ldrbeq r0, [r1, -0x12d]",1
"sbceq r8, ip, r3",1
"andpl r2, r1, r0, lsl 26",1
"rsbseq r7, sp, r2, lsl 20",1
"strlo r0, [r0], -r0",1
"andeq r0, r0, r8, lsl r8",1
"andeq sb, r0, r8, lsl 18",1
"andeq r0, r0, r8, lsr 5",1
svceq 0x4da701,1
invalid,1
"strle r0, [r0, -r8]",1
"andlo r0, r0, sb",1
"ldrdeq r0, r1, [r0], -r8",1
"andeq r3, r8, r5, lsr r2",1
"ldmdaeq sp!, {r8, ip, sp}",1
beq 0x6b94,1
"ldrtmi r0, [r1], -r0",1
"andvs r0, r0, 8",1
"strlo r0, [r0], -sl",1
"andeq r0, r0, r6, lsl 12",1
"andeq sb, r0, ip, ror 18",1
"andeq r0, r0, r8, lsl 6",1
svceq 0x7d01,1
invalid,1
"stmdalt r0, {r1, r2}",1
blhs 0x6bd4,1
"andeq r0, r0, r8, lsl r6",1
"andeq r0, r0, r4, asr 14",1
"addseq r8, sb, ip, lsr 24",1
"andseq r2, sp, r0, lsl 30",1
"andpl r2, r1, r0, lsl 26",1
"streq r7, [r0], -r3, lsl 26",1
blhs 0xf06bd8,1
"strge r0, [r0], -6",1
"stmdahs r0, {r0, r3, r4, r7}",1
invalid,1
"strbeq r2, [sb], -r3, lsl 23",1
beq 0xfe086bec,1
"cdplo p0, 2, c0, c11, c0, 0",1
bls 0x6c0c,1
blhs 0x6c20,1
"andeq r0, r0, r4, asr r6",1
"andeq r0, r0, r3, ror 15",1
"addseq fp, sb, ip, lsr 16",1
"andseq r4, sp, r0, lsl 14",1
"andpl r2, r1, 0, 26",1
"streq r7, [r0], -r3, lsl 26",1
"ldrbeq r0, [r1, -0x12d]",1
"sbceq r8, ip, r3",1
"andpl r2, r1, r0, lsl 26",1
"rsbseq r7, sp, r2, lsl 16",1
"strlo r0, [r0], -r0",1
"andeq r0, r0, r8, lsl r8",1
"muleq r0, ip, sb",1
"andeq r0, r0, r0, asr 6",1
"andsne sl, r6, r1, lsl 4",1
invalid,1
"strgt r0, [r0, -8]",1
"andlo r0, r0, sl",1
"andeq r0, r0, r0, ror r3",1
"andeq r3, r8, r5, lsr r2",1
"ldmdaeq sp!, {r8, ip, sp}",1
beq 0xffb86c50,1
"ldrtmi r0, [r1], -r0",1
blo 0x6c78,1
"strlo r0, [r0], -fp",1
"andeq r0, r0, r6, lsl 12",1
"andeq sb, r0, r8, lsr sl",1
"andeq r0, r0, r0, lsr 7",1
svceq 0xc97d01,1
invalid,1
"stmdalt r0, {r1, r2}",1
blhs 0x6c90,1
"andeq r0, r0, r8, lsl r6",1
"andeq r0, r0, r4, asr 14",1
"addseq r5, sl, r8, lsr r8",1
"andseq r2, sp, r0, lsl 30",1
"andeq fp, pc, r0, lsl 30",1
"andpl r2, r1, r0, lsl 26",1
"streq r7, [r0], -r3, lsl 26",1
blls 0xfe015498,1
"ldclne p0, c0, [r5]",1
invalid,1
"andeq r0, r0, fp, lsr 12",1
"andeq sb, r0, r0, ror sl",1
"andeq r0, r0, r8, asr 7",1
"stmdbmi fp!, {r0, r8, sb, pc}",1
bpl 0x6ccc,1
blhs 0x6ce4,1
"andeq r0, r0, lr, lsr r6",1
"andeq r0, r0, r2, ror fp",1
"andeq r5, r6, fp, lsr 8",1
"andeq lr, r7, r0, lsl 6",1
bls 0xfe111ccc,1
"stclne p0, c0, [r7, -0]",1
invalid,1
"rsbseq r0, sp, r2, asr r3",1
"mrspl r2, apsr",1
"stcgt p3, c0, [r0], {5}",1
invalid,1
"ldclvc p2, c0, [sl, -0x140]!",1
"andeq r0, r0, r0",1
"andeq sb, r6, r3, lsr r1",1
"addseq pc, sb, r0",1
"addseq r0, sl, r0, lsl 8",1
"cdppl p1, 0xa, c0, c9, c0, 0",1
blhs 0x6d40,1
"andeq r0, r0, r4, lsr 13",1
"muleq r0, sp, fp",1
"andeq fp, r6, fp, lsr 32",1
"andeq fp, fp, r0, lsl 10",1
bls 0x111d14,1
"ldcne p0, c0, [pc], 0",1
invalid,1
"addshi r0, r1, r2, asr r4",1
invalid,1
"stmdami r3, {r0, r4, r6, r8, sl}",1
"stchs p0, c0, [r0, -0x330]",1
"stcvc p0, c5, [r3, -4]",1
"andeq r0, r0, r0, lsl 12",1
"addseq r4, r5, r8, lsr r0",1
"andseq sp, sp, r0, lsl 30",1
"andseq r7, r0, r0, lsl 10",1
"andpl r2, r1, r0, lsl 26",1
"stclgt p3, c0, [r0], -0x14",1
blo 0x6d4c,1
"andeq sb, r0, ip, asr 10",1
"strdeq r1, r2, [r0], -r7",1
"addseq r5, r5, r8, lsr r8",1
"andseq r0, lr, r0, lsl 10",1
"andseq sb, r0, r0, lsl 4",1
"andpl r2, r1, r0, lsl 26",1
"andeq r7, r0, r2, lsl 12",1
"addseq r6, r5, r8, lsr r4",1
"andseq r1, lr, r0, lsl 26",1
"andseq sl, r0, r0, lsl 12",1
"andpl r2, r1, r0, lsl 26",1
"andeq r7, r0, r2, lsl 10",1
"addseq r0, r7, r8, lsr ip",1
"andseq r7, sp, r0, lsl 26",1
"andseq fp, r0, r0, lsl 20",1
"andpl r2, r1, r0, lsl 26",1
"andeq r7, r0, r2, lsl 12",1
"addseq r2, r7, r8, lsr r8",1
"andseq r3, lr, r0, lsl 12",1
"andseq sp, r0, r0, lsl 22",1
"andpl r2, r1, 0, 26",1
invalid,1
invalid,1
"stchs p0, c0, [r0, -0x330]",1
"andlo r5, r1, r1",1
"strls r3, [ip, r0, lsl 16]",1
"cdpne p0, 5, c0, c8, c0, 0",1
"rscne r0, pc, r0",1
invalid,1
"rsbseq r0, r5, r0, asr r2",1
"strls r3, [r0, r0, lsl 16]!",1
"cdpne p0, 7, c0, c0, c0, 0",1
invalid,1
invalid,1
"rsbseq r0, r6, r2, asr r2",1
"subseq r0, r1, 0x4000000b",1
invalid,1
"eorseq r0, r1, r0, asr r1",1
"addseq fp, r7, r8, lsr r8",1
"andseq r4, sp, r0, lsl 14",1
"andseq r3, r1, r0, lsl 2",1
"andpl r2, r1, 0, 26",1
"stclhs p8, c0, [r8, -8]!",1
invalid,1
"stchs p13, c7, [r6, -0x200]",1
"mrsls r5, apsr",1
"stmdalo r0, {r3, r4, r7, r8, sl, fp, ip, sp, lr}",1
"andeq sb, r0, r8, asr 16",1
"andeq r1, r0, r6, lsr lr",1
"andeq r1, r0, r3, asr r1",1
"cmpeq r2, sp, lsr 2",1
invalid,1
"ldcgt p3, c0, [r4], 0x14",1
invalid,1
"rsbseq r0, sl, r0, asr r2",1
"stmls ip!, {fp, ip, sp}",1
"cdpne p0, 5, c0, c8, c0, 0",1
invalid,1
invalid,1
"rsbseq r0, r5, r0, asr r2",1
"stmls r0, {fp, ip, sp} ^",1
"cdpne p0, 7, c0, c0, c0, 0",1
"orrne r0, r6, r0",1
invalid,1
"rsbseq r0, r6, r2, asr r2",1
"subseq r0, r1, 0x4000000b",1
invalid,1
"eorseq r0, r1, r0, asr r1",1
"addseq sp, r8, r8, lsr r8",1
"andseq r3, lr, r0, lsl 12",1
"andseq sl, r1, r0, lsl 14",1
"andpl r2, r1, 0, 26",1
invalid,1
invalid,1
"stchs p0, c0, [r0, -0x330]",1
"andlo r5, r1, r1",1
"ldmdbls ip!, {fp, ip, sp}",1
"cdpne p0, 5, c0, c8, c0, 0",1
"movsne r0, r0",1
invalid,1
"rsbseq r0, r5, r0, asr r2",1
"ldmdbls r0, {fp, ip, sp} ^",1
"cdpne p0, 7, c0, c0, c0, 0",1
"bicsne r0, sl, r0",1
invalid,1
"rsbseq r0, r8, r2, asr r2",1
"subseq r0, r1, 0x4000000b",1
invalid,1
"eorseq r0, r1, r0, asr r1",1
"addseq r6, sb, r8, lsr ip",1
"andseq r3, lr, r0, lsl 12",1
"andseq pc, r1, r0, lsl 22",1
"andpl r2, r1, 0, 26",1
invalid,1
"strhi r0, [r3], -0x551",1
"stchs p0, c0, [r0, -0x330]",1
"andlo r5, r1, r1",1
"ldmibls r4, {fp, ip, sp} ^",1
"cdpne p0, 5, c0, c8, c0, 0",1
"andne r0, pc, 0",1
invalid,1
"rsbseq r0, r7, r0, asr r2",1
"stmibls r8!, {fp, ip, sp} ^",1
"cdpne p0, 7, c0, c0, c0, 0",1
"eorsne r0, r0, 0",1
invalid,1
"rsbseq r0, sl, r2, asr r2",1
"ldrbeq r0, [r1], -0x12d",1
"uhadd8eq r8, sp, r1",1
"cmpeq r0, sp, lsr 2",1
"ldrtne r0, [r8], -0x31",1
svchi 0x9a,1
"smladmi r0, lr, r0, r0",1
"stchs p0, c0, [r0, -0x48]",1
"movweq r5, 0x5001",1
"andeq ip, r0, r0, ror 24",1
bls 0x815720,1
"ldclne p0, c0, [r7, 0]!",1
invalid,1
invalid,1
"andvc r0, r0, 0x1e",1
"stchs p0, c0, [r0, -0x48]",1
"strlo r5, [r1, -0x201]",1
"ldrbeq r0, [r1, -0x12d]",1
"sbceq r6, ip, r3, lsl 8",1
"andpl r2, r1, r0, lsl 26",1
"andeq r7, r0, r2, lsl 12",1
"addseq sb, sl, r8, lsr ip",1
"andseq r5, lr, r0, lsl 16",1
"andseq r8, r2, r0, lsl 12",1
"andpl r2, r1, r0, lsl 26",1
"andeq r7, r0, r2, lsl 10",1
"addseq fp, sl, ip, lsr 32",1
"andseq r7, lr, r0",1
"andpl r2, r1, 0, 26",1
"stchs p8, c7, [r0, -8]",1
"strvc r5, [r2, -r1, lsl 2]",1
"andpl r2, r1, r0, lsl 26",1
"andeq r3, r0, r1, lsl 2",1
"ldmdaeq ip!, {sb, fp, sp} ^",1
bls 0xffc06f80,1
blls 0x1d06f84,1
"andhs r0, r1, 0",1
"andseq r7, r3, r1, lsl 24",1
"ldmeq fp, {r8, sb, fp, sp}",1
bleq 0xff8c6f94,1
"eorls r0, fp, 0",1
invalid,1
blhs 0x6fcc,1
"andeq r0, r0, sb, lsl 17",1
"andeq r0, r0, pc, lsl 24",1
"addseq pc, sl, r7, lsr r0",1
"addseq r7, fp, r0, lsl 8",1
"stmeq r6!, {r8, ip, sp}",1
"stceq p0, c0, [r4], -0",1
"ldc2 p0, c0, [r7], -0",1
invalid,1
"swplo r0, fp, [r0]",1
"strheq r0, [r0], -r2",1
"andeq r0, r0, pc, lsr ip",1
"andeq fp, r8, r5, lsr sp",1
"stmeq r6, {sb, ip, sp} ^",1
"andpl r0, r1, 0",1
"andeq r0, r6, r6, lsr r6",1
"addseq r0, fp, r0",1
"andeq lr, r3, r0",1
"stmdalo fp!, {r8} ^",1
blhs 0x7038,1
"andeq r0, r0, r1, lsr 12",1
"andeq r0, r0, r8, asr 9",1
"andeq r1, r6, fp, lsr 16",1
"andeq lr, r4, r0, lsl 12",1
blls 0x912000,1
"stcne p0, c0, [0x00007004]!",1
invalid,1
"rsbseq r0, r4, r0, asr r2",1
blhs 0xd87010,1
invalid,1
"muleq r0, fp, r0",1
invalid,1
"andseq r7, r3, lr, rrx",1
"ldrbeq r2, [r4], -r0, lsl 22",1
"streq r0, [r6, -0]",1
invalid,1
"strhs r0, [r0], -6",1
blhs 0x7048,1
"andeq r0, r0, lr, lsr r6",1
"andeq r0, r0, r8, asr 10",1
"addseq r4, fp, sl, lsr r0",1
"andseq r4, sp, r0, lsl 14",1
"ldcmi p0, c0, [sl], -0",1
"stmdavs r0, {r0, r1, r3, r4, r7}",1
"andeq r0, r0, sp, lsl r0",1
invalid,1
"stmdage r0, {r2, r4, r7}",1
invalid,1
"stchs p0, c0, [r0, -0x4c]",1
"mrsls r5, apsr",1
blo 0x26688,1
"andeq sb, r0, r4, lsl 23",1
"strdeq r1, r2, [r0], -r7",1
"addseq sb, fp, r8, lsr r8",1
"andseq r3, lr, r0, lsl 12",1
"andseq fp, r3, r0, lsl 22",1
"andpl r2, r1, 0, 26",1
invalid,1
invalid,1
"stchs p0, c0, [r0, -0x330]",1
"andlo r5, r1, r1",1
blls 0xfe915094,1
"cdpne p0, 5, c0, c8, c0, 0",1
"bicsne r0, r2, 0",1
invalid,1
"stmdami r3, {r4, r6, r8, sl}",1
"andeq r0, r0, ip, asr 1",1
"addseq fp, fp, r8, lsr r8",1
"andseq r7, lr, r0",1
"andseq pc, r3, r0, lsl 2",1
"andpl r2, r1, 0, 26",1
"stchs p5, c7, [r0, -8]",1
"strvc r5, [r2], -0x101",1
"andpl r2, r1, r0, lsl 26",1
blo 0x134cc,1
"andeq sb, r0, r0, asr 23",1
"strdeq r1, r2, [r0], -r7",1
"addseq sp, fp, r8, lsr r4",1
"andseq r3, lr, r0, lsl 12",1
"andseq r1, r4, r0, lsl 28",1
"andpl r2, r1, 0, 26",1
invalid,1
"strhs r0, [r3], -0x551",1
"stchs p0, c0, [r0, -0x330]",1
invalid,1
"andeq r7, r6, r4, lsl 27",1
"addseq lr, fp, r8, lsr r0",1
"andseq r5, lr, r0, lsl 16",1
"andseq r3, r4, r0, lsl 10",1
"andpl r2, r1, r0, lsl 26",1
"mcrrgt p3, 0, r0, r4, c5",1
invalid,1
"strdeq sb, sl, [r0], -r4",1
"andeq r1, r0, r0, ror lr",1
"subseq r0, r2, 0x4000000b",1
invalid,1
"rsbseq r0, r4, r1, asr r2",1
"cmpeq r0, sp, lsr 2",1
invalid,1
"andeq sl, r5, r4, lsl 12",1
"ldrbeq r3, [lr, 0xd00]!",1
"stcmi p0, c0, [r3, -0]",1
"cdplo p1, 0, c0, c3, c2, 0",1
"ldrdeq r0, r1, [r0], -r7",1
invalid,1
"andseq r7, r4, r3, lsl 24",1
"subeq r3, r4, 0, 30",1
"stclo p0, c0, [r3, -0]",1
"andeq r2, r1, r2, lsl 20",1
"mrseq r0, spsr",1
"andeq r0, r0, sp, lsl 3",1
"andhs r3, r1, r1, lsl 4",1
invalid,1
"andpl r0, r0, 0x9d",1
invalid,1
"andeq r1, r0, r6, ror 15",1
"andeq r1, r6, r1, asr 2",1
"teqpl r2, 0, 2",1
"andvc r0, r0, 0",1
"movwlo r0, 0xc",1
"andeq r1, r0, r7, asr r4",1
"andeq sb, r0, ip, lsr 24",1
"andeq sb, r0, ip, asr ip",1
"ldrne r3, [r2, -0x501]",1
"eorvs r0, lr, r0",1
"strmi r0, [r0], -6",1
"stmdane r0, {r2, r3, r4, r7}",1
"movweq r0, 4",1
"ldrbtne r0, [r4], 0x24f",1
"cdpvc p0, 2, c0, c11, c0, 0",1
"strge r0, [r0], -r6",1
blhs 0x71dc,1
"andeq r0, r0, r3, ror r6",1
"andeq r0, r0, r4, asr 25",1
"addseq r5, ip, ip, lsr 24",1
"andseq ip, lr, r0",1
"mrspl r2, apsr",1
invalid,1
"rsbseq r0, r5, r0, asr r2",1
"strtmi r0, [ip], -0",1
invalid,1
"stchs p0, c0, [r0, -0x78]",1
"strlo r5, [r1, -0x201]",1
"ldrbeq r0, [r1, -0x12d]",1
"sbceq pc, ip, r3",1
"andpl r2, r1, r0, lsl 26",1
"andeq r3, r0, r1",1
"andeq r4, r7, r6, lsr pc",1
"addseq r7, ip, r0",1
"andeq r3, r4, r0",1
"cdplo p1, 3, c0, c8, c0, 0",1
blhs 0x7250,1
"andeq r0, r0, r2, ror 14",1
"ldrdeq r0, r1, [r0], -r7",1
"addseq r8, ip, ip, lsr 16",1
"andseq lr, lr, r0, lsl 6",1
"andpl r2, r1, r0, lsl 26",1
"andeq r3, r0, r1, lsl 2",1
"andeq r4, r7, r6, lsr pc",1
"addseq pc, ip, r0, lsl 16",1
"andeq r4, r4, r0, lsl 16",1
"movtvc r0, 0x3100",1
blhs 0x727c,1
"andeq r0, r0, r2, ror 14",1
"strdeq r0, r1, [r0], -r5",1
"addseq r0, sp, ip, lsr 16",1
"andseq lr, lr, r0, lsl 6",1
"andpl r2, r1, 0, 26",1
svcgt 0x40305,1
invalid,1
"eorseq r0, r1, r0, asr r1",1
"strbtne r3, [r1], -0x300",1
"stcls p0, c0, [r8, -0]",1
"ldclls p0, c0, [r8, 0]!",1
"strmi r0, [r1], -0",1
"andeq r1, r0, fp, ror 13",1
"addseq r0, sp, r7, lsr r8",1
"addseq pc, sp, r0, lsl 16",1
"strbtne r3, [pc], -0x100",1
"ldceq p0, c0, [r3, -0]",1
svcmi 0x2e0000,1
"stmdane r0, {r0, r1, r2}",1
"mulvs r0, sp, r0",1
"movweq r0, 4",1
"ldrbne r0, [r7, 0x23a]",1
"eorvs r0, fp, 0",1
"strhs r0, [r0], -r7",1
invalid,1
"andeq sb, r0, ip, lsr 26",1
"andeq r1, r0, r3, ror 29",1
"ldrbeq r0, [r3, -0x12d]",1
"sbceq r3, pc, r3",1
"andpl r2, r1, 0, 26",1
svcgt 0x200305,1
invalid,1
"eorseq r0, r1, r0, asr r1",1
"strbeq r2, [pc, -r0, lsl 28]",1
"ldclls p0, c0, [r0, -0]!",1
"ldrbteq r0, [r8], -0",1
invalid,1
"andseq r0, r6, r2, lsl 20",1
"strbeq r2, [r2, -r0, lsl 22]!",1
"stcleq p0, c0, [r4, -0]",1
"eorhi r0, ip, r0",1
"movw r0, 0x9d",1
"stchs p0, c0, [r0, -0x78]",1
"strvc r5, [r2, -0x101]",1
"andpl r2, r1, r0, lsl 26",1
"andeq r3, r0, r1, lsl 2",1
"andeq r4, r7, lr, lsr 30",1
"addseq sl, sp, r0",1
"andeq sb, r4, r0",1
"subeq r0, r4, 0, 6",1
"andeq r1, r0, sp, lsr r6",1
"andeq r6, r7, fp, lsr 4",1
"andeq r6, sp, r0, lsl 4",1
"ldcls p12, c2, [r0, 0]!",1
"cdpne p0, 0xe, c0, c3, c0, 0",1
invalid,1
"rsbseq r0, r5, r1, asr r2",1
"cmpeq r0, sp, lsr 2",1
"stmdalo r0, {r0, r4, r5}",1
"andeq sb, r0, r8, lsl sp",1
"andeq r1, r0, r6, lsr lr",1
"andeq r1, r0, pc, asr r6",1
"cmpeq r2, sp, lsr 2",1
invalid,1
svcgt 0x80305,1
invalid,1
"rsbseq r0, r4, r0, asr r2",1
"ldcls p8, c3, [r8, -0]!",1
svcne 0x10000,1
"ldrbtne r0, [r8], -r0",1
invalid,1
"rsbseq r0, r4, r1, asr r2",1
"cmpeq r0, sp, lsr 2",1
"ldcmi p0, c0, [r8], -0xd4",1
"mcrne p0, 0, r0, c0, c13, 4",1
"strls r0, [r0], -0x1f",1
"stchs p0, c0, [r0, -0x58]",1
"movwlo r5, 0x1201",1
"ldrbeq r0, [r1, -0x12d]",1
"sbceq r5, pc, r3, lsl 16",1
"ldrtvs r0, [r8], -0",1
invalid,1
"strlt r0, [r0, -0x1e]",1
"stchs p0, c0, [r0, -0x58]",1
"strlo r5, [r1, -0x201]",1
"ldrbeq r0, [r1, -0x12d]",1
"sbceq sl, pc, r3, lsl 8",1
"andpl r2, r1, r0, lsl 26",1
blo 0x13390,1
"andeq sb, r0, r0, ror sp",1
"andeq r1, r0, r0, asr 30",1
"addseq sb, sp, r8, lsr r4",1
"andseq r3, lr, r0, lsl 12",1
"andseq lr, r6, r0",1
"andpl r2, r1, 0, 26",1
invalid,1
invalid,1
"stchs p0, c0, [r0, -0x33c]",1
"strvc r5, [r2], -1",1
"eorsge r0, sl, r0",1
"mulmi r0, sp, r0",1
"andeq r0, r0, pc, lsl r0",1
"stclls p8, c3, [r4], -0",1
svcne 0x580000,1
"ldrbtne r0, [pc], r0        ; [0x73cc:4]=0x740250",1
invalid,1
"rsbseq r0, r4, r0, asr r2",1
"ldclls p8, c3, [r0], -0",1
"cdpne p0, 3, c0, c6, c0, 0",1
"ldrne r0, [fp, -r0]",1
invalid,1
"ldchs p1, c0, [r5, -0x148]!",1
"movweq r5, 0x5101",1
"andeq ip, r0, r8, lsl sp",1
"ldcls p8, c3, [r8], {0}",1
"cdpne p0, 3, c0, c6, c0, 0",1
"ldrne r0, [sp, -r0]!",1
invalid,1
"ldchs p1, c0, [r5, -0x148]!",1
"movweq r5, 0x5101",1
"andeq ip, r0, r0, lsr sp",1
"subseq r0, r0, 0x4000000b",1
blo 0x75e4,1
"andeq sb, r0, r0, lsr 25",1
"andeq r1, r0, sp, ror 30",1
"addseq fp, ip, r8, lsr r0",1
"andseq r3, lr, r0, lsl 12",1
"andseq r6, r7, r0, lsl 16",1
"andpl r2, r1, 0, 26",1
invalid,1
invalid,1
"stchs p0, c0, [r0, -0x334]",1
"strvc r5, [r2], -1",1
invalid,1
"stcvs p0, c0, [r0, -0x270]",1
"stmdalo r0, {r0, r1, r2, r3, r4}",1
"andeq sb, r0, r8, asr 25",1
"andeq r1, r0, r6, lsr lr",1
"muleq r0, r3, r7",1
"cmpeq r2, sp, lsr 2",1
invalid,1
"ldclgt p3, c0, [ip, 0x14]",1
invalid,1
"rsbseq r0, r4, r0, asr r2",1
"vldmials r0, {s7}",1
svcne 0x6d0000,1
"eors r0, r8, r0",1
invalid,1
"mcrlt p0, 0, r0, c0, c14, 0",1
"stchs p0, c0, [r0, -0x5c]",1
"strlo r5, [r1, -0x201]",1
"ldrbeq r0, [r1, -0x12d]",1
"sbceq r0, lr, r3, lsl 24",1
"andpl r2, r1, r0, lsl 26",1
"andeq r7, r0, r2, lsl 8",1
"addseq lr, ip, sl, lsr r8",1
"andseq r6, pc, r0, lsl 26",1
"ldclls p12, c2, [r8], 0",1
"cdpne p0, 3, c0, c6, c0, 0",1
invalid,1
"ldchs p1, c0, [r5, -0x148]!",1
"movweq r5, 0x5101",1
"andeq ip, r0, r4, asr 28",1
"subseq r0, r0, 0x4000000b",1
"andeq r0, r0, r4, ror r0",1
"andeq sl, r1, pc, lsl r2",1
invalid,1
"andeq r1, r1, r1, lsl 26",1
"stmdane r6!, {r8}",1
invalid,1
invalid,1
"ldreq r0, [r0], -0x12b",1
invalid,1
invalid,1
"ldreq r0, [r0], -0x12c",1
"strvc r0, [r1, -r0]!",1
"stchs p0, c0, [r1, -0x190]",1
"andeq r1, r1, r1, lsl 26",1
"rsbseq r2, r0, r0, lsl 2",1
"stcne p14, c2, [r1, -4]",1
"andeq r0, r0, r1",1
"andeq r8, r6, r5, lsr 26",1
"cmpeq r1, r0, lsl 2",1
"andeq r0, r0, r1, lsl 16",1
"andseq r4, r8, r1, lsl 2",1
"rsbseq r2, r0, r0, lsl 8",1
"stmdaeq r1, {r0, r8, sb, ip, lr}",1
"andhs r0, r0, 0",1
"andeq r0, r0, fp, ror 13",1
invalid,1
"andeq r1, r0, r8, asr r8",1
invalid,1
"andeq r0, r8, sl, asr 2",1
"mrseq r0, spsr",1
"andeq r0, r0, ip, ror 5",1
"mrseq r4, apsr",1
"andeq r0, r0, r3, asr r0",1
"andeq sb, r0, r0, asr 1",1
"andeq sb, r0, r0, lsl 7",1
"andeq r0, r0, r0, lsl 27",1
"andseq r3, ip, r1, lsl 16",1
"ldrbteq r2, [sp], -r0, lsl 14",1
"strmi r0, [r1], -0",1
"andeq r5, r0, r1, lsl 6",1
"andeq sl, sp, r0, lsl 26",1
"streq r2, [ip], -r0, lsl 14",1
"strmi r0, [r1], -0",1
"andseq r3, ip, r1, lsl 16",1
"andeq pc, sp, r0, lsl 4",1
"ldrbtvs r4, [r7], -0x300",1
"mrseq r0, spsr",1
"andeq r0, r0, sp, lsl r1",1
"andeq r0, r0, r7, lsr lr",1
"andeq r3, r6, r8, lsr 22",1
"mrseq r0, spsr",1
"strdeq r0, r1, [r0], -r0",1
"andeq r0, r0, fp, ror 28",1
"addseq r1, r1, sb, lsr r0",1
"addseq sl, r1, r0, lsl 24",1
"andseq r6, sb, r0, lsl 26",1
"rsbeq r4, r3, r0, lsl 6",1
"movwpl r5, 0x1401",1
"cdpvc p0, 0, c0, c0, c0, 0",1
"stmdalo r0, {r1, r2, r3}",1
"andeq sb, r0, ip, lsr 2",1
"andeq r1, r0, fp, lsl 31",1
"andeq r1, r0, r4, lsl 18",1
"ldrbeq r0, [r3, -0x12d]",1
"sbceq sp, fp, r3, lsl 8",1
"andpl r2, r1, 0, 26",1
"eorle r0, r8, r5, lsl 6",1
invalid,1
"rsbseq r0, r4, r1, asr r2",1
"subseq r0, r0, 0x4000000b",1
"eoreq r0, sp, 0x76",1
"smlsdxvc r2, sp, r0, r0",1
"ldrtvc r0, [r8], -0",1
"stcgt p0, c0, [r0, -0x244]",1
"strlo r0, [r0, -0x1f]",1
"stchs p0, c0, [r0, -0x64]",1
"movweq r5, 0x5201",1
"andeq ip, r0, r0, lsr 30",1
"ldrbeq r0, [r1, -0x12d]",1
"sbceq r0, pc, r3, lsl 8",1
"stcvc p13, c2, [r2, -0]",1
"rsbseq r0, r7, r4, lsl 4",1
"rsbseq r0, sp, sp, lsr 4",1
"eorle r0, ip, r5, lsl 6",1
invalid,1
"andeq sb, r0, ip, ror r1",1
"andeq r1, r0, r8, asr pc",1
"andeq r1, r0, sb, asr 18",1
"subseq r0, r0, 0x4000000b",1
"stmdalo r0, {r0, r1, r2, r4, r5, r6}",1
"muleq r0, r4, r1",1
"andeq r1, r0, ip, ror r4",1
"andeq r1, r0, ip, asr sb",1
"cmpeq r0, sp, lsr 2",1
"stcge p0, c0, [ip], -0xc4",1
invalid,1
"stchs p0, c0, [r0, -0x50]",1
"strvc r5, [r2, -1]",1
"cdphs p0, 0, c0, c0, c0, 0",1
"andeq r1, r0, r6, ror 15",1
"andeq sb, r0, r4, asr 3",1
"andeq r0, r0, r8, lsr 9",1
svcpl 0x16e01,1
"andlo r0, r0, sl, lsl r0",1
"andeq r0, r0, r0, asr 9",1
"andseq pc, r7, r2, lsr r8",1
"ldmls r1, {r8, sb}",1
"stmdane r4, {r1, r2, r3, r4, r5, r6, sb, ip, sp}",1
"mrsls r0, apsr",1
"eorsne r7, r1, r0, lsl 31",1
"stclt p0, c0, [r0, -0x60]",1
invalid,1
"andeq r1, r0, fp, lsl r8",1
"andeq r0, r0, r6, ror 29",1
"andeq sb, r6, sl, lsr 2",1
"addseq r6, r2, r0, lsl 16",1
"addseq r7, r2, r0, lsl 16",1
"teqeq sp, r0, lsl 2",1
"andeq r1, r0, sp, ror 19",1
"andeq fp, r6, fp, lsr 32",1
"andeq r0, pc, r0, lsl 30",1
"strteq r2, [r4], r0, lsl 22",1
svceq 0x3e0000,1
invalid,1
svclt 0x92,1
"stchs p0, c0, [r0, -0x70]",1
invalid,1
invalid,1
"rsbseq r0, r6, r1, asr r2",1
"cmpeq r0, sp, lsr 2",1
bhs 0x7790,1
"muleq r0, r1, r6",1
"andeq sb, r0, r0, lsl 5",1
"muleq r0, r0, r2",1
"movwlo r3, 0x1d01",1
blhs 0x7740,1
"strheq r0, [r0], -r0",1
"andeq r0, r0, r1, asr pc",1
"andeq sl, r6, fp, lsr 8",1
"andeq r8, pc, r0",1
"addsls r2, r0, 0, 24",1
"ldcne p0, c0, [pc], 0",1
invalid,1
invalid,1
invalid,1
"mcrrgt p3, 0, r0, r8, c5",1
invalid,1
"eorseq r0, r3, r0, asr r1",1
"bicls r3, ip, r0, lsl 16",1
svcne 0xf10000,1
bne 0x1287714,1
invalid,1
invalid,1
"ldrdeq r0, r1, [r0], -r0",1
"addseq pc, r1, ip, lsr 8",1
"eoreq r0, r0, r0, lsl 20",1
"mrspl r2, apsr",1
"rsble r0, r0, r5, lsl 6",1
"andeq r0, r0, r0",1
"rscls r3, r0, 0, 18",1
"orrls r0, r0, 0",1
blne 0x5c7740,1
invalid,1
invalid,1
"stmdaeq r1, {r1, r2, r3, r4, r5, r6, r8}",1
"strths r0, [sl], -r0",1
"and r0, r0, r8, lsl r0",1
"stmdane r0, {r1, r4, r7}",1
"swpeq r0, r3, [r0]",1
bne 0xff107d58,1
"eors r0, r7, r0",1
"stmdane r0, {r1, r4, r7}",1
"swplo r0, r3, [r0]",1
"andeq r1, r0, r7, lsr r8",1
"muleq r0, r8, pc",1
"addseq lr, r2, r8, lsr r8",1
"andseq r2, sp, r0, lsl 30",1
"andseq fp, sl, r0, lsl 2",1
"andpl r2, r1, r0, lsl 26",1
invalid,1
"strdeq sb, sl, [r0], -ip",1
"andeq r1, r0, pc, lsr 26",1
"cmpeq r0, 0x4000000b",1
"eoreq r0, r0, sl",1
invalid,1
"stmdahs r0, {r3, r4}",1
"mulhi r0, r3, r0",1
"swpeq r0, r3, [r0]",1
bne 0xffe47db0,1
"cdpmi p0, 4, c0, c4, c0, 0",1
invalid,1
"teqls r0, 0x55000",1
"stclne p0, c0, [r8, -0]!",1
invalid,1
"stmdavs r0, {r0, r1, r4, r7}",1
"stchs p0, c0, [r0, -0x74]",1
"strvc r5, [r2, -1]",1
invalid,1
"andeq sb, r0, r0, lsr 6",1
"ldrdeq r0, r1, [r0], -r3",1
"andeq r1, r0, sp, lsl 22",1
"subseq r0, r0, 0x4000000b",1
blo 0x79b8,1
"andeq sb, r0, r8, lsr 6",1
"andeq r2, r0, r8, lsr 32",1
"sbcsls r3, r8, r0, lsl 16",1
svcne 0xf10000,1
blne 0xb877f8,1
invalid,1
"stmda r3, {r4, r6, r8, sl}",1
"andeq r0, r0, pc, asr 1",1
"addseq lr, r0, sl, lsr r8",1
"eoreq r4, r0, r0, lsl 2",1
"rscsls r3, r4, r0, lsl 16",1
svcne 0x10000,1
blne 0x14c7818,1
invalid,1
"str r0, [r3], -0x551",1
"stchs p0, c0, [r0, -0x33c]",1
"strlo r5, [r1], -r1",1
invalid,1
"subshs r0, r5, r0",1
blne 0x1cc7834,1
invalid,1
invalid,1
"stchs p0, c0, [r0, -0x33c]",1
"movweq r5, 0x5001",1
"andeq ip, r0, r4, lsr 30",1
invalid,1
"rsbshs r0, r2, r0",1
blne 0xfe287854,1
invalid,1
"strhs r0, [r3], -0x550",1
"andeq r0, r0, pc, asr 1",1
"addseq r1, r1, sl, lsr r0",1
"eoreq r8, r0, r0, lsl 20",1
"eorls r3, r8, 0, 20",1
"adchs r0, r3, r0",1
"ldrtlo r0, [r8], -0",1
"stmdahs r0, {r1, r4, r7}",1
"andlt r0, r0, r0, lsr 32",1
"stchs p0, c0, [r0, -0x6c]",1
"strvc r5, [r2], -1",1
"ldclo p0, c0, [r8], -0",1
"stmdavs r0, {r1, r4, r7}",1
"strgt r0, [r0], -0x1d",1
"stchs p0, c0, [r0, -0x6c]",1
"strvc r5, [r2], -1",1
"ldrtmi r0, [r8], -0",1
"stmdapl r0, {r1, r4, r7}",1
"smladle r0, pc, r0, r0",1
"stchs p0, c0, [r0, -0x6c]",1
"andlo r5, r1, r1",1
"subsls r3, r4, 0, 16",1
"cdpne p0, 3, c0, c6, c0, 0",1
blne 0xffe478b8,1
invalid,1
"ldchs p1, c0, [r5, -0x148]!",1
"movweq r5, 0x5101",1
"andeq sp, r0, ip, lsr r0",1
"subseq r0, r0, 0x4000000b",1
"stmdalo r0, {r0, r2, r4, r5, r6}",1
"andeq sb, r0, r4, ror 4",1
"andeq r1, r0, r0, ror lr",1
"andeq r1, r0, r3, lsl ip",1
"subseq r0, r1, 0x4000000b",1
invalid,1
"rsbseq r0, r5, r0, asr r2",1
"sbcsls r3, r8, 0, 16",1
"eorhs r0, r8, r0",1
"stcne p0, c0, [r7], -0",1
invalid,1
"rsbseq r0, r6, r0, asr r2",1
"rscls r2, r0, 0, 24",1
svcne 0x580000,1
invalid,1
"rsbseq r0, r7, r0, asr r2",1
"streq r0, [r6], -0",1
"andeq r0, r0, sp, lsl r1",1
"andeq r3, r1, sp, lsl 10",1
"andseq r4, ip, r0, lsl 28",1
"rsceq r0, r8, r0, lsl 28",1
"andeq r0, r4, r0",1
"andeq r1, r1, r5, asr 22",1
svcpl 0x280100,1
"streq r0, [r0, -0x1c]",1
"sbceq sp, fp, r3, lsl 8",1
"ldcne p7, c0, [lr], -0",1
"vhadd.s8 d16, d6, d0",1
"stmdaeq r0, {r0, r1}",1
"andeq r5, r0, r8, asr 6",1
"strmi r0, [r1], -r0, lsl 2",1
"andeq r0, r0, r2, asr 5",1
"orrseq sl, r5, 0xa0000",1
"mrseq r0, apsr",1
"andeq sb, r7, r6, asr 32",1
"strls r0, [sb, 0xa00]!",1
invalid,1
"ldrbeq r4, [sl], -0x601",1
bge 0x287968,1
"muleq r0, r5, r3",1
"cdpne p1, 4, c0, c6, c1, 0",1
invalid,1
"andeq r2, r1, r1, lsl 20",1
"strmi r0, [r1], -r0, lsl 2",1
"andeq r0, r0, r0, lsl 10",1
"streq r1, [fp], -0x212",1
"mrseq r0, apsr",1
"andeq r3, r1, r6, asr 6",1
bhs 0x80c590,1
invalid,1
"movwlt r4, 0x1701",1
"andeq r0, r0, 5",1
"rsbseq r0, r5, 0x80000027",1
"movwpl r0, 0x1000",1
invalid,1
"andeq r1, r0, r6, ror 25",1
"andeq r5, r0, r8, asr 6",1
invalid,1
"stcllt p0, c0, [r8, -0]",1
"andeq r0, r0, r6",1
"ldreq r0, [r1, -0x147]!",1
blls 0x879c4,1
"andeq r8, r6, r1, lsl 4",1
"subseq r0, r3, r0, lsl 2",1
"stceq p0, c0, [r1, -0]",1
"stmdami r0, {r0, r2, r3, r4}",1
"andeq r0, r0, r3, asr r0",1
"andeq r5, r0, r8, asr 6",1
"ldrteq r4, [sp], r0, lsl 16",1
invalid,1
"andeq lr, r3, r1, lsl 4",1
bleq 0xfe98c9ec,1
invalid,1
"andeq r1, r0, sb, lsr 26",1
"andseq r2, sp, r1, lsl 18",1
"stmdaeq r7, {fp, lr}",1
"streq r0, [r0], -r0",1
"andeq r0, r5, r4, lsl 24",1
svcvs 0x14a00,1
"streq r0, [r0], -6",1
"rscseq r0, sl, sb, lsr r1",1
"strmi r0, [r1, -r0]",1
"stmdami r0, {r0, r2, r3, r4}",1
"andeq r0, r0, r0, lsl 3",1
"movwls r4, 0x1b00",1
invalid,1
"strdeq r0, r1, [r0], -sl",1
"stclne p1, c0, [r8, -4]!",1
blx 0x1207a30,1
invalid,1
"andeq r0, r0, r5, lsl 10",1
"andeq lr, r0, r8, asr 16",1
"mrseq r0, spsr",1
"strdeq r0, r1, [r0], -r5",1
invalid,1
"andseq r7, sp, r1, lsl 26",1
"rscseq r4, sl, r0, lsl 16",1
bmi 0x7a54,1
"andeq r0, r3, r1, lsl 30",1
"orrseq r1, r6, r0, lsl 8",1
"andeq r0, r0, r3, asr r0",1
"andseq sb, sp, r1, lsl 10",1
"stmdaeq r7, {fp, lr}",1
"strmi r0, [r0, -r0]",1
"andeq r6, r4, r1, lsl 2",1
invalid,1
"andeq r0, r0, fp, ror 6",1
"andeq r5, r0, r1, lsl 6",1
"ldcne p1, c0, [ip, 0]!",1
"movtpl r0, 0x8000",1
invalid,1
"andeq r0, r0, sl, lsr 2",1
"andeq fp, r6, r8, asr 26",1
"mrseq r0, spsr",1
"andeq r0, r0, r2, lsr r3",1
invalid,1
"andeq r0, r0, r0, lsl 3",1
"andseq sp, sp, r1, lsl 10",1
invalid,1
"cdpmi p0, 0, c0, c0, c0, 0",1
"andeq r5, r2, r1, lsl 24",1
"teqeq r7, r0, lsl 8",1
invalid,1
"strne r0, [r0], -4",1
"stmdaeq r7, {r0, r1, r2, r7, r8}",1
invalid,1
"stmdami r0, {r0, r2, r3, r4}",1
"andeq r0, r0, sl, lsr 2",1
"strpl r4, [r1, -0xf00]",1
svcne 5,1
"cmneq sl, r2, lsr r1",1
bmi 0x47adc,1
"andeq r2, r5, r1, lsl 22",1
"mvneq r1, r0, lsl 8",1
"andeq r0, r0, r3, asr r0",1
"andseq r1, lr, r1, lsl 26",1
"stmdaeq r7, {fp, lr}",1
"stcmi p0, c0, [r0, -0]",1
"andeq sl, r6, r1, lsl 16",1
invalid,1
"andeq r5, r0, r1, lsl 6",1
"cdpne p1, 3, c0, c6, c0, 0",1
"movtpl r0, 0x8000",1
"andeq r0, r0, r0",1
"andseq r0, ip, 0x80000012",1
"tstlo r7, 0",1
"andeq r1, r1, r1, lsl 26",1
"cdpne p1, 5, c0, c8, c0, 0",1
bhs 0x1207b20,1
"stmdami r0, {r0}",1
"andeq r0, r0, sl, lsr 2",1
"andeq r5, r0, r8, asr 6",1
"mrseq r0, spsr",1
"andeq r0, r0, ip, asr lr",1
bhs 0x52b98,1
invalid,1
"andeq r1, r0, r0, ror lr",1
"andeq r2, r1, r8, asr 20",1
"cmpeq r0, r0",1
"andeq r0, r0, sb, lsr 14",1
invalid,1
"andeq r1, r0, pc, lsl 29",1
"andeq r5, r0, r8, asr 6",1
"subseq r4, r3, r0, lsl 16",1
bhs 0x1207b60,1
invalid,1
"stmdbge r1, {r8, sl, fp, lr}",1
"strne r0, [r0], -r6",1
"movwpl r0, 0x11f1",1
invalid,1
"andeq r1, r0, r8, lsr 29",1
"andeq r2, r1, r8, asr 20",1
"mrseq r0, spsr",1
"andeq r0, r0, pc, ror 2",1
invalid,1
invalid,1
"andeq r1, r0, r0, asr 29",1
"andseq r5, r4, r8, asr 2",1
"mrseq r0, spsr",1
"andeq r0, r0, sp, lsl 10",1
"movwpl r5, 0x1506",1
invalid,1
"andeq r1, r0, r3, ror 29",1
"andeq r8, r6, r8, asr 22",1
"subseq r4, r3, r0, lsl 16",1
bhs 0x1207bb4,1
invalid,1
"strlo r4, [r1, -r0, lsl 20]",1
"streq r0, [r0], -r2",1
"subseq r0, r3, r7, asr r1",1
"mrseq r0, apsr",1
"stmdami r0, {r0, r1, r2, r3, r4}",1
"andeq r0, r0, r3, asr r0",1
"andeq r2, r1, r8, asr 20",1
bmi 0xebd8,1
"andeq r8, r3, r1, lsl 26",1
"cmneq sp, r0, lsl 24",1
"andeq r0, r0, sp, lsl r1",1
"andseq r1, pc, r1, lsl 28",1
"subseq r4, r3, r0, lsl 16",1
bhs 0x1207bf0,1
"andeq r0, r0, r1",1
"ldrteq r0, [r3], 0x14a",1
svchi 0x150000,1
"andeq r5, r0, r1, lsl 6",1
svcne 0x400100,1
bhs 0x1207c08,1
"stmdami r0, {r0}",1
"andeq r0, r0, sl, lsr 2",1
"andeq r8, r1, r8, asr 32",1
"mrseq r0, spsr",1
"andeq r0, r0, r6, asr 10",1
"vstrne s4, [r1, -0x74]",1
invalid,1
"andeq r1, r0, r8, asr pc",1
"andeq r2, r1, r8, asr 20",1
"mrseq r0, spsr",1
"andeq r0, r0, r0, lsr r7",1
invalid,1
"andseq r6, pc, r1, lsl 26",1
"subseq r4, r3, r0, lsl 16",1
"stcmi p0, c0, [r0, -0]",1
"andeq fp, r6, r1, lsl 18",1
"sbcseq r0, r6, 0, 20",1
"andeq r5, r0, r1, lsl 6",1
svcne 0x8b0100,1
bhs 0x1207c58,1
"stmdami r0, {r0}",1
"andeq r0, r0, fp, lsl 13",1
invalid,1
"stmdaeq r0, {r1, r2}",1
"subseq r0, r3, lr, lsr 3",1
"strlt r0, [r1, -r0]",1
"stmdami r0, {r0, r1, r2, r3, r4}",1
"andeq r0, r0, r3, asr r0",1
"andseq fp, pc, r8, asr 14",1
invalid,1
"subgt r0, r8, 0",1
"stmdami r0, {r0, r1, r2, r3, r4}",1
"andeq r0, r0, sl, ror r1",1
"stclt p6, c0, [r4, -0]",1
"smladeq r0, pc, r0, r0",1
"andeq r0, r0, sp, lsl r1",1
svcne 0xc80406,1
"strlo r0, [r7, -0]",1
"andpl r0, r0, r1",1
"andeq r2, r3, r1, lsl 12",1
invalid,1
"andseq pc, pc, r1, lsl 2",1
"streq r4, [fp], r0, lsl 16",1
bhs 0x1207cb8,1
"stmdami r0, {r0}",1
"andeq r0, r0, sl, lsr 2",1
"andeq r2, r1, r8, asr 20",1
"stcmi p12, c1, [r0, -0]",1
"andeq fp, r3, r1, lsl 14",1
"eorseq r1, r3, 0, 18",1
"andeq r1, r1, r1, lsl 26",1
"andhs r0, sl, r0, lsl 2",1
bhs 0x1207cdc,1
"andeq r0, r0, r1",1
"orreq r0, r0, sp, asr 2",1
"andspl r0, r5, 0",1
"tsteq sp, r1, lsl 2",1
invalid,1
"stmdami r0, {r5}",1
"andeq r0, r0, sl, lsr 2",1
"andeq r2, r1, r8, asr 20",1
"mrseq r0, spsr",1
"strheq r0, [r0], -lr",1
invalid,1
"andeq r0, r0, r3, asr r0",1
"eoreq r4, r0, r1, lsl 2",1
invalid,1
"andpl r0, r0, r0",1
"andeq r2, r1, r1, lsl 30",1
invalid,1
"eoreq r5, r0, r1, lsl 10",1
invalid,1
bmi 0x7d2c,1
"andeq lr, r2, r1, lsl 4",1
"cmpeq r6, r0, lsl 14",1
"andeq r0, r0, sp, lsl r1",1
"eoreq r7, r0, r1, lsl 4",1
invalid,1
bhs 0x1207d44,1
"andeq r0, r0, r1",1
"rsceq r0, r6, 0x80000012",1
"andspl r0, r7, 0",1
"andeq r1, r1, r1, lsl 26",1
"addhs r0, sl, r0, lsl 2",1
bhs 0x1207d5c,1
"andeq r0, r0, r1",1
"stmdbhs sl, {r0, r2, r3, r6, r8} ^",1
"ldreq r0, [sb], -r0",1
"subseq r0, r3, r2, lsl 2",1
"movwge r0, 0x1000",1
"stmdami r0, {r5}",1
"strdeq r0, r1, [r0], -pc",1
bmi 0x5b97c,1
"andhs r0, r0, r6",1
"tsteq sp, r1, lsl r1",1
"andeq r0, r1, r0",1
"andeq r0, r0, lr, lsr r0",1
"strbeq r0, [r3], 2",1
invalid,1
"andeq r0, r0, lr",1
"andeq pc, r6, r1, lsl 20",1
"andeq lr, r1, r0, lsl 12",1
"andeq fp, r6, r0, lsl 16",1
"tsteq lr, 0, 4",1
"andeq r0, r1, 0",1
"andeq r0, r0, pc, lsr 32",1
"andhs r0, r3, r1, lsl 10",1
"movweq r0, 0x157",1
"andeq r3, r0, r4, lsl 10",1
"eorseq r0, sl, r0, lsl 8",1
"mrseq r0, apsr",1
"andeq r3, r0, r8, lsl 20",1
"ldreq r0, [0x00007dcc]      ; [0x7dcc:4]=0x4ff",1
"andeq r0, r2, r0",1
"strdeq r0, r1, [r0], -pc",1
"andeq r0, lr, r4, lsl 2",1
blvc 0x47ddc,1
"str r0, [r0], -r7",1
invalid,1
"muleq r0, sp, r0",1
invalid,1
"andeq r0, r0, 6",1
"cdpvs p5, 6, c0, c9, c4, 0",1
svclo 0x30074,1
"andeq r0, r0, 5",1
"ldrdeq r3, r4, [r0], -r5",1
"streq r0, [r4, -r0, lsl 8]",1
"andeq r0, r0, r4, lsr 32",1
invalid,1
"streq r0, [r0], -0",1
"eorseq r0, pc, r2, lsl 14",1
"streq r0, [r4], -0",1
"andeq r1, r0, r7, lsl 30",1
"streq r0, [r1], -r0, lsl 8",1
"andeq r0, r0, r3, lsr r0",1
blgt 0x148638,1
"streq r0, [r0], -0",1
"andeq r0, r0, r8, lsl 10",1
invalid,1
"andeq r1, r0, r7, lsl 20",1
"eoreq r0, r6, 0, 6",1
"strlo r0, [r3, -r0]",1
"andeq r0, r0, r1, rrx",1
"andeq sp, r0, r3, lsl 28",1
"strhi r0, [ip, 0x300]",1
"streq r0, [r0], -0",1
"andeq r0, r5, r4, lsl 10",1
blvc 0xc7e58,1
"movweq r0, 5",1
"andeq r6, r0, sp, lsl 31",1
"streq r0, [r4, -r0, lsl 8]",1
"ldrdeq r0, r1, [r0], -r5",1
"streq r0, [r6], -0x405",1
"andeq r0, r0, r6, lsr 1",1
blo 0x208284,1
"movweq r0, 0",1
"andeq r0, r0, r5, asr r4",1
"adcseq r3, r8, r4",1
"mrspl r0, apsr",1
"stmdals r0, {r2}",1
"rsbseq pc, r3, 0x500000",1
svclo 0x80000,1
"streq r0, [r0, -0xa]",1
"strdeq r2, r3, [r0], -r7",1
"eoreq r0, r3, r0, lsl 4",1
"andeq lr, r0, r8, lsl 12",1
"rscsge r0, ip, r0, lsl 10",1
"andeq r0, r0, 0",1
"movwgt r0, 0x8423",1
"streq r0, [r0, -3]",1
"strdeq sl, fp, [r0], -sp",1
"stmdaeq r3!, {sb}",1
"andeq r8, r5, r8, lsl 10",1
"rscsge r0, lr, r0, lsl 10",1
"andeq r0, r0, 0",1
"stmdagt r8, {r0, r1, r5, sl, fp}",1
"streq r0, [r0, -6]",1
"strdeq sl, fp, [r0], -pc",1
"eorne r0, r3, r0, lsl 4",1
"andeq pc, r2, sb, lsl 2",1
invalid,1
"andeq r0, r0, r0, lsr 1",1
"ldmdbeq r4, {r1, r8, sb, sp}",1
"andeq r0, r0, r5, lsl r4",1
"andge r0, r1, r5, lsl 2",1
"andeq r0, r0, 0",1
"andvs r1, sb, 0x230000",1
"streq r0, [r0, -1]",1
"adceq r0, r0, r2, lsl 2",1
"movwhs r0, 0x2000",1
"andeq r0, r4, 28, 18",1
"movweq r0, 0x5000",1
"andeq sl, r0, r1",1
"eorhs r0, r3, r0, lsl 4",1
"andeq r3, r3, sb, lsl 18",1
"mrseq r0, apsr",1
"andeq r0, r0, r0, lsr 1",1
"stmdbeq r4!, {r1, r8, sb, sp}",1
"andeq r0, r0, r7, asr r6",1
"andge r0, r1, r5, lsl 12",1
"andeq r0, r0, 0",1
bls 0x251fbc,1
"streq r0, [r0, -5]",1
"adceq r0, r0, r7, lsl 2",1
"movwhs r0, 0x2000",1
"ldrbteq r0, [r6], -0x92c",1
invalid,1
"andeq fp, r2, r1, lsl 2",1
"eorlo r0, r3, r0, lsl 4",1
"andeq pc, r0, sb, lsl 6",1
"mrseq r0, apsr",1
"strheq r0, [r0], -r7",1
"ldmdbeq r4!, {r1, r8, sb, sp}",1
"strheq r0, [r0], -sl",1
"strhs r0, [r1, -0xd05]",1
"andeq r0, r0, 0",1
"strhi r3, [sb, -0x823]",1
"streq r0, [r0, -3]",1
"eoreq r0, r5, r1, lsl r1",1
"movwhs r0, 0x2000",1
"subseq r0, r0, 60, 18",1
"movwne r0, 0x5000",1
"andeq r7, r0, r1, lsl 20",1
"eormi r0, r3, r0, lsl 4",1
"andeq r1, r2, sb",1
"tsteq r7, r0, lsl 10",1
"andeq r0, r0, r5, asr 32",1
"stmdbeq r4, {r1, r8, sb, sp} ^",1
"ldrdeq r0, r1, [r0], -pc",1
"movwpl r1, 0x1805",1
"andeq r0, r0, 0",1
"andmi r4, sb, r3, lsr 12",1
"streq r0, [r0, -1]",1
"adcseq r0, sp, 0x40000006",1
"movwhs r0, 0x2000",1
"cmneq pc, 0x11c000",1
"stcne p0, c0, [r5, -0]",1
"andeq ip, r2, r1, lsl 26",1
"stmdami r3!, {sb}",1
"andeq r5, r2, sb, lsl 8",1
invalid,1
"andeq r0, r0, ip, lsl 1",1
"ldmdbeq r0, {r1, r8, sb, sp} ^",1
"andeq r0, r0, r2, asr 11",1
"cdpls p15, 0, c2, c1, c5, 0",1
"andeq r0, r0, 0",1
"stmdbgt sb, {r0, r1, r5, fp, ip, lr}",1
"streq r0, [r0, -5]",1
"addseq r0, lr, r0, lsr r1",1
"movwhs r0, 0x2000",1
"addseq r0, pc, 92, 18",1
"mrslo r0, apsr",1
"andeq sb, r0, r1, lsl 28",1
"eorvs r0, r3, r0, lsl 4",1
"andeq sp, r5, sb, lsl 16",1
"teqeq r2, r0, lsl 10",1
"muleq r0, lr, r0",1
"stmdbeq r4!, {r1, r8, sb, sp} ^",1
"ldrdeq r0, r1, [r0], -pc",1
invalid,1
"andeq r0, r0, 0",1
invalid,1
"streq r0, [r0, -3]",1
"eoreq r0, r5, r5, lsr r1",1
"movwhs r0, 0x2000",1
"ldrbeq r0, [r5, 0x96c]!",1
"strlo r0, [r5, -r0]",1
"andeq sp, r2, r1, lsl 6",1
"eorvc r0, r3, r0, lsl 4",1
"strbeq r0, [r6], -0xa00",1
blls 0x148044,1
"andeq fp, r2, r7, lsl 14",1
"mrsge r0, apsr",1
"strheq r0, [r0], -r1",1
"andeq r7, r5, r8, lsl 10",1
invalid,1
"andeq r0, r0, 2",1
"stmdbeq r8, {r0, r1, r5}",1
"streq r0, [r0, -3]",1
"andeq fp, r2, r3, lsr 15",1
"strteq r0, [r3], -0x200",1
"andeq r6, r4, r8, lsl 20",1
"strhs r0, [r7, 0x500]!",1
"andeq r0, r0, 0",1
"streq r0, [r0], -r3, lsr 16",1
"andeq r7, r2, r4, lsl 20",1
"stmdalt r4, {sb, sl}",1
bleq 0x8088,1
"andeq r0, r0, r6, lsr 1",1
"andeq r0, r0, sp, asr 5",1
"andeq sb, r0, ip, lsl 14",1
"streq r0, [r0], -r0",1
"andeq r7, r2, r4, lsl 6",1
"adceq r0, r6, r0, lsl 22",1
"rsceq r0, r3, 0",1
"strls r0, [ip, -r0]",1
"strhs r0, [r0, -r0]",1
"stmdb r4, {sb, sl}",1
"stceq p0, c0, [r0, -8]",1
"andeq r0, r0, r6, lsr 1",1
"andeq r2, r0, lr, lsl 10",1
"stmdaeq r1, {r8, sb, sl, fp}",1
invalid,1
"ldclls p1, c0, [r8, 0xa4]!",1
"cdpls p0, 0, c0, c8, c0, 0",1
"stcvc p0, c0, [r2, -0]",1
"tsteq sl, 0, 2",1
"ldrlo r0, [r0, -0]",1
invalid,1
"andeq lr, r2, sb, lsr 6",1
"subseq r0, r0, r0, lsl 2",1
"ldreq r0, [sl, -pc, lsl 2]!",1
"cdpmi p0, 0, c0, c1, c0, 0",1
"addseq r0, lr, r1, lsl 16",1
"addseq r1, lr, r0, lsl 16",1
"rsbseq r0, sp, r0, lsl 4",1
"andeq r4, r3, r1, lsl 2",1
"ldrbeq r1, [r4, -r0]!",1
"cdpmi p0, 0, c0, c1, c0, 0",1
"andeq r0, r0, r1, asr 6",1
"streq r5, [r0], -1",1
"ldreq r0, [sp], 0x201",1
"tsteq r1, r0",1
"andeq r0, r0, sl, lsl 15",1
"stmdane r1, {r0, r8, sb, fp, sp, lr}",1
"muleq r0, lr, r0",1
invalid,1
invalid,1
"andeq r0, r0, pc, lsr 8",1
"andeq pc, r4, r2, lsl r0",1
"andeq r0, r4, r0, lsl 20",1
"streq r1, [r3, -r0, lsl 6]!",1
"andvc r0, r1, r0",1
"andeq r0, r0, r3, ror 5",1
"andeq r0, r0, r2, ror 31",1
"addseq r8, lr, r4, lsl r0",1
"andeq r8, r4, r0, lsl 10",1
"andeq sb, r3, r0, lsl 22",1
"andpl r1, r1, 0, 10",1
"tsteq r5, r1, lsl 10",1
"andls r0, r3, r1, asr r5",1
"strne r0, [r0, -0xd0]",1
"andlo r5, r1, r1",1
"cdpls p6, 9, c1, c4, c0, 0",1
"strteq r0, [r7], 0",1
"andsge r0, r4, r0",1
bllt 0x83ec,1
"stmdalt r0, {r2}",1
"strne r0, [r0, -3]",1
"strvc r5, [r2], -1",1
invalid,1
"strle r0, [r0], -0x9e",1
invalid,1
"strne r0, [r0, -3]",1
"movweq r5, 0x5201",1
"muleq r0, ip, r0",1
"subseq r0, r1, 0x40000005",1
"tsteq r5, r6, ror r0",1
"ldrne r0, [r0, -0x150]!",1
"andeq r7, r0, 2, 26",1
invalid,1
"andeq sb, r0, r8, asr 29",1
"andeq r0, r0, r7, lsr 9",1
"addseq lr, lr, r7, lsl r0",1
"andeq sp, r4, r0, lsl 8",1
"movwpl r1, 0x1500",1
"strne r7, [r0, -0x502]",1
"movweq r5, 0x5201",1
"andeq sp, r0, r0, lsr 1",1
"subseq r0, r0, 0x40000005",1
"andeq r0, r0, r4, ror r0",1
"addseq r2, lr, r6, lsl ip",1
"andeq pc, r4, r0, lsl 6",1
"cdpls p6, 4, c1, c8, c0, 0",1
"strteq r0, [r7], 0",1
"andsvs r0, r6, r0",1
"vqadd.u8 d0, d16, d14",1
"strne r0, [r0], -r4",1
"andeq sb, r0, r4, asr 29",1
"andeq r0, r0, r1, lsl r5",1
"ldreq r1, [sb, -r0, lsl 16]",1
"strhs r0, [r1], -0",1
"andeq r0, r0, r3, ror 5",1
"strpl r0, [ip, r5, lsl 6]",1
blmi 0x608210,1
invalid,1
"andeq r4, r3, lr, lsr 2",1
"andls r0, r3, r0, lsl 10",1
"stmdbne r0, {r0, r1, r2, r4, r6, r8}",1
"andeq r0, r0, r2, asr 5",1
"adcseq sl, r7, 4, 16",1
"mrseq r0, apsr",1
"andeq sb, r7, sb, lsl r0",1
"strlt r0, [sb, r0, lsl 8]!",1
invalid,1
"ldrbeq r1, [sl], -0x901",1
bge 0x10823c,1
"strheq r0, [r0], -r7",1
"andseq r0, sb, r1, lsl 2",1
"streq r0, [r0], -r5",1
"andeq lr, r2, r2, lsl lr",1
bne 0x48650,1
"andeq r1, r2, r1, lsl 24",1
"teqeq r3, r0, lsl 14",1
"andeq r0, r0, r0, lsr 1",1
"andeq sl, r4, r1, lsl 14",1
"rsceq r1, r3, 0, 22",1
"tst fp, 0",1
blne 0x8274,1
"andeq r0, r0, r5, lsr 32",1
"strpl r1, [r1, -0xc00]",1
beq 0x828c,1
"ldrteq r0, [r5], 0x132",1
"streq r0, [r1], -r0",1
"andeq r2, r0, r4, lsl 10",1
"strvs r1, [r1, -0xd00]",1
"stmdaeq r0, {r0, r1, r2}",1
"andge r0, r1, r8, ror 2",1
invalid,1
"ldrdeq r0, r1, [r0], -r4",1
"andeq lr, r2, fp, lsl r3",1
"tsteq lr, r0",1
"andeq r0, r0, sb, lsr 14",1
invalid,1
"strdeq r0, r1, [r0], -r3",1
"andeq r2, r0, fp, lsl r5",1
"eoreq r1, r5, r0, lsl 22",1
"tst fp, 0",1
svcne 2,1
"stmdapl r1, {sb, fp, ip}",1
"stmdbeq r0, {r0, r1, r2}",1
"eoreq r0, r5, r2, lsl 2",1
bleq 0x482cc,1
blne 0x82e4,1
"andeq r0, r0, fp, lsl 10",1
"stcge p6, c0, [r4, -0]",1
"andhs r0, r0, r0",1
"andeq r2, r7, r1, lsl 30",1
"subseq r0, fp, 0, 24",1
"ldrhs r0, [fp, -0x101]",1
"andeq r0, r0, r0",1
"andeq r3, r1, r0, lsl 6",1
"strlt r0, [r0, -0x200]",1
"streq r0, [r0], -6",1
"andeq r0, r0, r1, lsl 28",1
"ldreq r0, [r5, r0, lsl 2]!",1
invalid,1
svcls 0,1
svcls 0x9c0000,1
invalid,1
"streq r0, [r2], -0",1
"strbtvc r6, [lr], -0x905",1
"ldreq r0, [0x0000801c]!     ; [0x801c:4]=0x5000003",1
"strle r0, [r2, -0]",1
"andeq r0, r0, r7, lsr r0",1
"strhs r0, [r7], -0x404",1
"streq r0, [r0], -0",1
"sbcseq r0, r5, r4, lsl 14",1
"andeq r0, r4, 0",1
"andeq r3, r0, r7, lsl 30",1
"andpl r0, r4, 0, 10",1
"streq r0, [r0], -r0",1
"andeq r0, r0, r7, asr r0",1
blo 0x208758,1
"streq r0, [r0], -0",1
"eorseq r0, r1, r1, lsl 16",1
"mrseq r0, apsr",1
"andeq r0, r0, r6, asr 10",1
"stclt p14, c1, [r1, -4]",1
"andeq r0, r0, r0",1
"stmdapl r0, {r0, r1, r2, r3, r4, r7}",1
"andeq r0, r0, 0x9f",1
"stclt p0, c0, [r1, -0x1f4]",1
invalid,1
"strdeq r0, r1, [r0], -sp",1
"subeq r1, ip, r1, lsl 28",1
"andsne r0, r6, r0",1
"cdphi p0, 0, c0, c9, c0, 0",1
invalid,1
"andeq r4, r0, r0, lsr 24",1
"andseq r3, r0, r0, lsl 14",1
"rsbseq r0, r0, r0, lsl 20",1
"subeq r2, ip, r1, lsl 2",1
"subne r0, sl, r0",1
"andge r0, sb, r0",1
invalid,1
"andeq ip, r0, r2, lsr 6",1
"andseq r7, r0, r0, lsl 10",1
"streq r0, [r5], -0",1
"andeq r0, r0, r7, asr r0",1
"stcls p1, c0, [r2, -0x10]",1
bleq 0x83c8,1
"andeq sb, r7, r1, lsl 14",1
"teqeq sl, r0, lsl 2",1
"andeq r0, r0, ip, lsr 32",1
"andeq sb, r0, r8, asr pc",1
"muleq r0, ip, pc",1
"muleq r0, r4, r0",1
"andeq r2, r1, r1, lsl 2",1
"cdpeq p8, 0xf, c0, c13, c0, 0",1
blo 0x483dc,1
"andeq r0, r0, ip, asr 32",1
"strheq r1, [r0], -r4",1
"cdpvs p12, 6, c6, c5, c12, 0",1
"ldchs p1, c0, [ip], -0",1
invalid,1
"sbfxeq r0, r0, 0x1a, 0xb",1
"stclo p0, c0, [r1, -0]",1
"andeq r0, r0, ip, lsr 32",1
svcls 0x640e00,1
invalid,1
"mrseq r0, apsr",1
"rsbseq r0, r4, r0, asr r2",1
"tsteq r0, r0",1
"andeq r0, r0, r2, lsr r3",1
invalid,1
"andeq r0, r0, ip, lsr 32",1
"subeq r1, ip, r1, lsl 2",1
"andeq r0, r0, r0",1
"andeq r0, r0, r5, lsl 1",1
"ldreq r0, [r0, r2]!",1
invalid,1
"andeq r0, r0, lr",1
"andeq ip, r7, r1, lsl 18",1
"andeq lr, r1, r0, lsl 12",1
"andeq lr, r8, r0, lsl 10",1
"streq r0, [r4, -r0, lsl 4]",1
"andeq r0, r0, r4, lsr 32",1
invalid,1
"andeq r0, r0, 0",1
"eorseq r0, pc, r2, lsl 14",1
"streq r0, [r2], -0",1
"andeq r1, r0, r7, lsl 30",1
"streq r0, [r1], -r0, lsl 4",1
"andeq r0, r0, r3, lsr r0",1
blgt 0x148c70,1
"movweq r0, 0",1
"cdpvs p5, 6, c0, c9, c4, 0",1
"stmdaeq r2, {r2, r4, r5, r6}",1
"andeq r0, r0, r5",1
"streq r0, [r8, -r0, lsl 4]",1
"andeq r0, r0, sl, lsl r0",1
"streq r0, [r5, -0x402]",1
"andeq r0, r0, 0",1
"sbcseq r0, r5, r4, lsl 14",1
invalid,1
"andeq r3, r0, r8, lsl 20",1
"subeq r0, r7, r0, lsl 8",1
"andeq r0, r5, r0",1
invalid,1
"andeq r7, r0, r8, lsl r1",1
"movweq r0, 0x5100",1
"andeq r5, r1, r4, lsr 14",1
"andeq r8, r4, r0, lsl 2",1
"cdp p2, 0, c0, c0, c0, 0",1
"streq r0, [r0], -7",1
"andeq r0, r0, r1, lsl 28",1
"ldrbeq r0, [r8, r0, lsl 2]",1
invalid,1
svcls 0x9c0000,1
"subsge r0, r0, r0",1
invalid,1
"streq r0, [r2], -0",1
"strbtvc r6, [lr], -0x905",1
"ldreq r0, [0x000081dc]!     ; [0x81dc:4]=0x4a70000",1
"strle r0, [r2, -0]",1
"andeq r0, r0, r7, lsr r0",1
"strhs r0, [r7], -0x404",1
"streq r0, [r0], -0",1
"eorseq r0, r1, r1, lsl 16",1
"andeq r0, r4, 0",1
"andeq r3, r0, r7, lsl 30",1
"streq r0, [r4, -r0, lsl 8]",1
"andeq r0, r0, pc, lsl r0",1
"movwlo r0, 0x6104",1
"streq r0, [r0], -0",1
"sbceq r0, fp, r2, lsl 10",1
invalid,1
"andeq r0, r0, r5",1
"streq r0, [r8, -r0, lsl 8]",1
"andeq r0, r0, sl, lsl r0",1
"andeq r2, r2, r3, lsl 12",1
"teqvs r7, r0, lsl 6",1
"movweq r0, 0",1
"ldrdeq r0, r1, [r0], -lr",1
"addeq r8, r5, r3, lsl 24",1
"streq r0, [r4], -0",1
"andeq r0, r0, r5, lsl 10",1
"ldrbeq r0, [fp, -0x300]!",1
"stchi p0, c0, [r3, -0]",1
"andeq r0, r0, pc, rrx",1
"strle r0, [r7, -0x404]",1
"streq r0, [r0, -0]",1
"strge r0, [r4], -r4, lsl 12",1
"streq r0, [r0], -0",1
"eorseq r0, sl, r1, lsl 16",1
"mrspl r0, apsr",1
"stmdals r0, {r2}",1
"rsbeq pc, r8, 4, 12",1
svclo 0x80000,1
"streq r0, [r0], -0xa",1
"strdeq r2, r3, [r0], -r7",1
"eoreq r0, r3, r0, lsl 4",1
"andeq lr, r0, r8, lsl 12",1
"rscsge r0, ip, r0, lsl 8",1
"andeq r0, r0, 0",1
"movwgt r0, 0x8423",1
"streq r0, [r0], -3",1
"strdeq sl, fp, [r0], -sp",1
"stmdaeq r3!, {sb}",1
"andeq r8, r5, r8, lsl 10",1
"rscsge r0, lr, r0, lsl 8",1
"andeq r0, r0, 0",1
"stmdagt r8, {r0, r1, r5, sl, fp}",1
"streq r0, [r0], -6",1
"strdeq sl, fp, [r0], -pc",1
"eorne r0, r3, r0, lsl 4",1
"andeq pc, r2, sb, lsl 2",1
invalid,1
"andeq r0, r0, r0, lsr 1",1
"ldmdbeq r4, {r1, r8, sb, sp}",1
"andeq r0, r0, r5, lsl r4",1
"andge r0, r1, r4, lsl 2",1
"andeq r0, r0, 0",1
"andvs r1, sb, 0x230000",1
"streq r0, [r0], -1",1
"adceq r0, r0, r2, lsl 2",1
"movwhs r0, 0x2000",1
"andeq r0, r4, 28, 18",1
"movweq r0, 0x4000",1
"andeq sl, r0, r1",1
"eorhs r0, r3, r0, lsl 4",1
"andeq r3, r3, sb, lsl 18",1
"mrseq r0, apsr",1
"andeq r0, r0, r0, lsr 1",1
"stmdbeq r4!, {r1, r8, sb, sp}",1
"andeq r0, r0, r7, asr r6",1
"andge r0, r1, r4, lsl 12",1
"andeq r0, r0, 0",1
bls 0x252694,1
"streq r0, [r0], -5",1
"adceq r0, r0, r7, lsl 2",1
"movwhs r0, 0x2000",1
"ldrbteq r0, [r6], -0x92c",1
invalid,1
"andeq sl, r2, r1, lsl 12",1
"eorlo r0, r3, r0, lsl 4",1
"andeq pc, r0, sb, lsl 6",1
"mrseq r0, apsr",1
"andeq r0, r0, ip, lsr 5",1
"ldmdbeq r4!, {r1, r8, sb, sp}",1
"strheq r0, [r0], -sl",1
"strhs r0, [r1, -0xd04]",1
"andeq r0, r0, 0",1
"strhi r3, [sb, -0x823]",1
"streq r0, [r0], -3",1
"eoreq r0, r5, r1, lsl r1",1
"movwhs r0, 0x2000",1
"subseq r0, r0, 60, 18",1
"movwne r0, 0x4000",1
"andeq r7, r0, r1, lsl 20",1
"eormi r0, r3, r0, lsl 4",1
"andeq r1, r2, sb",1
"tsteq r7, r0, lsl 8",1
"andeq r0, r0, r5, asr 32",1
"stmdbeq r4, {r1, r8, sb, sp} ^",1
"ldrdeq r0, r1, [r0], -pc",1
"movwpl r1, 0x1804",1
"andeq r0, r0, 0",1
"andmi r4, sb, r3, lsr 12",1
"streq r0, [r0], -1",1
"adcseq r0, r2, 0x40000006",1
"movwhs r0, 0x2000",1
"cmneq pc, 0x11c000",1
"stcne p0, c0, [r4, -0]",1
"andeq ip, r2, r1, lsl 4",1
"stmdami r3!, {sb}",1
"andeq r5, r2, sb, lsl 8",1
invalid,1
"andeq r0, r0, ip, lsl 1",1
"ldmdbeq r0, {r1, r8, sb, sp} ^",1
"andeq r0, r0, r2, asr 11",1
"cdpls p15, 0, c2, c1, c4, 0",1
"andeq r0, r0, 0",1
"stmdbgt sb, {r0, r1, r5, fp, ip, lr}",1
"streq r0, [r0], -5",1
"addseq r0, lr, r0, lsr r1",1
"movwhs r0, 0x2000",1
"addseq r0, pc, 92, 18",1
invalid,1
"andeq sb, r0, r1, lsl 28",1
"eorvs r0, r3, r0, lsl 4",1
"andeq sp, r5, sb, lsl 16",1
"teqeq r2, r0, lsl 8",1
"muleq r0, lr, r0",1
"stmdbeq r4!, {r1, r8, sb, sp} ^",1
"ldrdeq r0, r1, [r0], -pc",1
invalid,1
"andeq r0, r0, 0",1
invalid,1
"streq r0, [r0], -3",1
"eoreq r0, r5, r5, lsr r1",1
"movwhs r0, 0x2000",1
"ldrbeq r0, [r5, 0x96c]!",1
"strlo r0, [r4, -r0]",1
"andeq ip, r2, r1, lsl 16",1
"eorvc r0, r3, r0, lsl 4",1
"strbeq r0, [r6], -0xa00",1
blls 0x10871c,1
"andeq fp, r2, r7, lsl 14",1
invalid,1
"andeq r0, r0, r6, lsr 5",1
"andeq r7, r5, r8, lsl 10",1
"strtge r0, [r2], r0, lsl 8",1
"andeq r0, r0, 2",1
"stmdbeq r8, {r0, r1, r5}",1
"streq r0, [r0], -3",1
"andeq sl, r2, r3, lsr 25",1
"strteq r0, [r3], -0x200",1
"andeq r6, r4, r8, lsl 20",1
"strhs r0, [r7, 0x400]!",1
"andeq r0, r0, 0",1
"streq r0, [r0], -r3, lsr 16",1
"andeq r6, r2, r4, lsl 30",1
"stcge p6, c0, [r4, -0]",1
bleq 0x8760,1
"andeq r0, r0, r6, lsr 1",1
"andeq r0, r0, r2, asr 5",1
"andeq sb, r0, ip, lsl 14",1
"streq r0, [r0], -r0",1
"andeq r6, r2, r4, lsl 16",1
"adceq r0, r6, r0, lsl 22",1
"sbcseq r0, r8, 0",1
"strls r0, [ip, -r0]",1
"strhs r0, [r0, -r0]",1
"cdple p6, 0, c0, c4, c0, 0",1
"stceq p0, c0, [r0, -8]",1
"andeq r0, r0, r6, lsr 1",1
"rsceq r0, sb, 0x6000000",1
svceq 0xe0000,1
"andeq r2, r1, r1, lsl 30",1
invalid,1
"muleq r0, ip, pc",1
"andeq sl, r0, r0, asr r0",1
"ldrdeq r1, r2, [r0], -r2",1
"andeq fp, r3, r1, lsl 22",1
"ldmdaeq ip!, {ip}",1
"strhs r0, [r1, -r0]",1
"ldrdeq r0, r1, [r0], -r8",1
"strdeq r1, r2, [r0], -r2",1
"eoreq sp, r5, r1, lsl pc",1
"stmdale lr!, {r8}",1
invalid,1
invalid,1
"andeq r0, r0, lr, lsl 11",1
"sbcseq r2, r8, 1, 30",1
"cmpne sl, r0",1
"andslt r0, r2, r0",1
"mcreq p0, 0, r0, c0, c15, 4",1
blmi 0x87f8,1
"movwne r0, 3",1
"stmdaeq r2, {r0, r8, ip, lr}",1
"andpl r1, r1, pc, lsr 6",1
"andeq r7, r0, r2, lsl 8",1
"addseq sp, pc, r2, lsl r8",1
"andeq r2, r4, r0, lsl 24",1
"andeq r6, r3, r0, lsl 26",1
"andpl r1, r1, 0, 6",1
"tsteq r3, r1, lsl 14",1
invalid,1
"movwne r0, 0xd0",1
"strvc r5, [r2, -1]",1
invalid,1
invalid,1
svchi 4,1
"movwne r0, 3",1
"movwlo r5, 0x1201",1
"ldrbeq r0, [r1, -0x113]",1
"sbcseq lr, r0, r3, lsl 8",1
"andpl r1, r1, r0, lsl 6",1
"andeq r7, r0, r2, lsl 12",1
"adceq r3, r0, r2, lsl r0",1
"andeq r4, r4, r0, lsl 28",1
"andeq fp, r3, r0, lsl 2",1
"andpl r1, r1, 0, 6",1
"teqne r7, 0x20000",1
"mrslo r5, apsr",1
"ldrbeq r0, [r0, -0x113]",1
"sbcseq sl, r0, r3, lsl 8",1
"ldrlo r0, [r4], -0",1
"stmdbvc r0, {r5, r7}",1
"andeq r0, r0, r4",1
"andeq r3, r1, r5, lsl r3",1
"stmdale r1!, {r8}",1
invalid,1
"ldrpl r0, [r4, r5, lsl 6]",1
"ldrne r0, [r6], -r1",1
"streq r0, [r0, -8]",1
"andeq sl, r0, r6, lsr r0",1
"strne r0, [r1], -r0, lsl 2",1
"strdeq r0, r1, [r0], -r8",1
"adceq r3, r0, r5, lsl 12",1
"mrseq r0, apsr",1
"andeq ip, r2, r6, lsl r2",1
"stcge p6, c0, [r8], 0",1
invalid,1
"ldreq r1, [r0, r1, lsl 12]",1
invalid,1
"andeq r0, r0, ip, lsr 5",1
bpl 0x588cb4,1
"streq r0, [r0], -r4",1
"andeq sl, r2, sl, lsr 25",1
"strne r0, [r1, -r0, lsl 2]",1
"andeq r2, r8, r1, lsl 28",1
invalid,1
"andeq sl, r0, r1",1
"strteq r0, [ip], -0x100",1
invalid,1
"stmdane r0, {r1}",1
"andeq r0, r0, r5, lsr 32",1
"movwlt r1, 0x1900",1
"streq r0, [r0, -r4]",1
"eoreq r0, r5, pc, lsl 3",1
"cdpmi p0, 0, c0, c1, c0, 0",1
"stmdane r0, {r2}",1
"ldrdeq r0, r1, [r0], -r8",1
"andeq sp, r2, r8, lsl r8",1
"eoreq r1, ip, r0, lsl 16",1
bne 0x88fc,1
"andeq lr, r7, r1, lsl 14",1
invalid,1
invalid,1
"andeq r0, r0, r7, lsr r0",1
"andeq r7, r4, r1, lsl 18",1
"rsceq r1, r3, 0, 16",1
"ldrlo r0, [r8, -r0]",1
invalid,1
"andeq r0, r0, r7, lsr r0",1
"andeq sb, r0, r8, lsl lr",1
"tsteq fp, r0",1
"andeq r0, r0, r6, lsr r8",1
invalid,1
"ldchs p0, c0, [r1, 4]!",1
"andeq r0, r2, r0",1
"andeq r0, r0, r3, ror 18",1
"andeq r0, lr, r4, lsl 2",1
"mrslt r0, apsr",1
"str r0, [r0], -r8",1
"andpl r0, r0, r1",1
"stmdals r0, {r5, r7}",1
"andhs r0, r0, 0xba",1
"andeq r0, r0, 0xa",1
"cdpvs p5, 6, c0, c9, c4, 0",1
svclo 0x30074,1
"streq r0, [r0, -5]",1
"ldrdeq r3, r4, [r0], -r5",1
"streq r0, [r4, -r0, lsl 8]",1
"andeq r0, r0, r4, lsr 32",1
"andeq sp, r8, r5, lsl 8",1
"mrseq r0, spsr",1
"andeq r0, r0, r7, lsr r0",1
"andeq pc, fp, r6, lsl 22",1
"andhs r0, r6, r0, lsl 8",1
"andeq r0, r0, sp, lsl 1",1
"andeq r5, sl, r7, lsl 16",1
"strgt r0, [r7], -r0",1
invalid,1
"andeq r7, sb, r7, lsl 10",1
invalid,1
"movweq r0, 0xb",1
"andeq r3, sb, r7, lsl 2",1
"movweq r0, 0x7400",1
"streq r0, [r0, -0xb]",1
"andeq r4, fp, r7, lsl 28",1
"stcmi p6, c0, [r7, -0]",1
"streq r0, [r0, -fp]",1
"andeq r3, fp, r7, lsl 4",1
"streq r0, [r0], -r0, lsl 16",1
"andeq r0, r0, r8, lsr sl",1
"ldclge p6, c0, [r3], {4}",1
"streq r0, [r0, -r0]",1
"andeq r0, r0, r0, asr 17",1
bleq 0x1b0a5d8,1
"streq r0, [r2, -r0]",1
"andeq r0, r0, r4, asr 25",1
invalid,1
"andeq r3, r0, r8, lsl 2",1
"streq r0, [r2, -r0, lsl 8]",1
"andeq r0, r0, pc, lsr r0",1
svcne 0x70404,1
"streq r0, [r0], -0",1
"eorseq r0, r3, r1, lsl 12",1
"andeq r0, r4, 0",1
"andeq ip, r0, r5, lsl 22",1
"streq r0, [r8, -0x400]",1
"andeq r0, r0, r0",1
bne 0x1caa1c,1
"movweq r0, 0",1
"andeq r0, r0, r6, lsr 4",1
"sbceq r3, pc, r7, lsl 14",1
"cdple p0, 0, c0, c3, c0, 0",1
"streq r0, [r0, -r0]",1
"andeq pc, r0, ip, lsl 7",1
"streq r0, [r4, -0x400]",1
"andeq r0, r0, r5",1
"andeq r7, r5, r3, lsl 22",1
"stcle p7, c0, [sp]",1
"streq r0, [r0], -0",1
"sbcseq r0, r5, r4, lsl 14",1
"str r0, [r3], -r0",1
"streq r0, [r0, -r5]",1
"muleq r0, r4, r3",1
"stmdbeq r4, {fp}",1
"andeq r1, r1, r4, lsl 30",1
"stmdaeq r1, {sl}",1
"andeq r0, r0, sl, lsr r0",1
"andslo r0, r0, sl, lsl 8",1
"andeq r0, r0, r2, lsl 3",1
"andeq r6, lr, r7, lsl 20",1
"streq r8, [r2, -r0]",1
"andeq r0, r0, r6, asr 20",1
"movwvc r0, 0x7480",1
"andhi r0, r0, sp",1
bleq 0xfebca698,1
"addne r0, r0, r0",1
"andeq r8, sl, r7, lsl 10",1
"streq r8, [r0, -r0]!",1
"ldrdeq r0, r1, [r0], -r1",1
"streq ip, [r0, -r0, lsl 1]",1
"andeq r0, r0, r1, ror ip",1
"streq r8, [r1, -r0, lsl 1]",1
"ldrdeq r0, r1, [r0], -r7",1
"streq r8, [r2, -r0, lsl 1]",1
"andeq r0, r0, r3, lsr 28",1
bleq 0xfe98a6a8,1
"streq r0, [r2, -r0]",1
"andeq r0, r0, r0, ror 24",1
"cdpeq p7, 0, c0, c2, c4, 0",1
"andeq r0, r8, r0",1
"orreq r0, r8, sb, lsl 8",1
"movwlt r0, 0xb000",1
invalid,1
"andeq sb, r1, r4, lsl 6",1
"tsteq pc, r0, lsl 22",1
"streq r0, [sb], -0",1
"andeq r0, r0, r5, lsr 32",1
"andeq lr, r5, r3, lsl 16",1
"mcrreq p8, 0, r0, fp, c0",1
invalid,1
"andeq r0, r0, pc, lsl r1",1
"strheq r0, [r0], -sb",1
"andeq r0, r1, sp, lsl 10",1
"stmdbeq r0, {r8, sb}",1
"andeq fp, r1, r4, lsl 30",1
invalid,1
"stmdals r0, {r2}",1
"cmneq fp, 0x900000",1
svclo 0x100000,1
"stmdbeq r0, {r1, r3}",1
"strdeq r2, r3, [r0], -r7",1
"eoreq r0, r3, r0, lsl 4",1
"andeq lr, r0, r0, lsl r6",1
"ldmibne ip!, {r8, fp} ^",1
"andeq r0, r0, 1",1
"tstgt r0, 0x23000000",1
"stmdbeq r0, {r0, r1}",1
"strdeq r1, r2, [r1], -sp",1
"stmdaeq r3!, {sb}",1
"andeq r8, r5, r0, lsl r5",1
"ldmibne lr!, {r8, fp} ^",1
"andeq r0, r0, 1",1
"ldmdagt r0, {r0, r1, r5, sl, fp}",1
"stmdbeq r0, {r1, r2}",1
"strdeq r1, r2, [r1], -pc",1
"eorne r0, r3, r0, lsl 4",1
"andeq pc, r2, r1, lsl r1",1
invalid,1
"andeq r0, r0, sb, lsl r1",1
"tstne r4, r2, lsl 6",1
"andeq r0, r0, r5, lsl r4",1
"stmdbne r1, {r0, r3, r8}",1
"andeq r0, r0, 1",1
"andsvs r1, r1, 0x230000",1
"stmdbeq r0, {r0}",1
"tsteq sb, r2, lsl 2",1
"movwhs r0, 0x2000",1
"andeq r1, r4, 28, 2",1
"movweq r0, 0x9000",1
"andeq r1, r1, r1, lsl 18",1
"eorhs r0, r3, r0, lsl 4",1
"andeq r3, r3, r1, lsl sb",1
"mrseq r0, apsr",1
"andeq r0, r0, sb, lsl r1",1
invalid,1
"andeq r0, r0, r7, asr r6",1
"stmdbne r1, {r0, r3, sb, sl}",1
"andeq r0, r0, 1",1
bls 0x452c2c,1
"stmdbeq r0, {r0, r2}",1
"tsteq sb, r7, lsl 2",1
"movwhs r0, 0x2000",1
"ldrbteq r1, [r6], -0x12c",1
invalid,1
"andeq r1, r4, r1, lsl 30",1
"eorlo r0, r3, r0, lsl 4",1
"andeq pc, r0, r1, lsl r3",1
"mrseq r0, apsr",1
"andeq r0, r0, r5, lsr 8",1
"teqne r4, r2, lsl 6",1
"strheq r0, [r0], -sl",1
"strhs r0, [r1, -0xd09]",1
"andeq r0, r0, 0",1
"ldrhi r3, [r1, -0x823]",1
"stmdbeq r0, {r0, r1}",1
"eoreq r0, r5, r1, lsl r1",1
"movwhs r0, 0x2000",1
"subseq r1, r0, 60, 2",1
"movwne r0, 0x9000",1
"andeq lr, r0, r1, lsl 16",1
"eormi r0, r3, r0, lsl 4",1
"andeq r1, r2, r1, lsl r0",1
"tsteq r7, r0, lsl 18",1
"strheq r0, [r0], -r3",1
invalid,1
"ldrdeq r0, r1, [r0], -pc",1
"mrsgt r1, apsr",1
"andeq r0, r0, 0",1
"andsmi r4, r1, r3, lsr 12",1
"stmdbeq r0, {r0}",1
"strteq r0, [fp], -0x119",1
"movwhs r0, 0x2000",1
"cmneq pc, 0xc0000011",1
"stcne p0, c0, [sb, -0]",1
"andeq r3, r4, r1, lsl 22",1
"stmdami r3!, {sb}",1
"andeq r5, r2, r1, lsl r4",1
invalid,1
"strdeq r0, r1, [r0], -sl",1
"cmpne r0, r2, lsl 6",1
"andeq r0, r0, r2, asr 11",1
"strne r2, [r1, -sb, lsl 30]",1
"andeq r0, r0, 1",1
"ldmdbgt r1, {r0, r1, r5, fp, ip, lr}",1
"stmdbeq r0, {r0, r2}",1
"tsteq r7, r0, lsr r1",1
"movwhs r0, 0x2000",1
"addseq r1, pc, 92, 2",1
"mrslo r0, apsr",1
"andeq r1, r1, r1, lsl 14",1
"eorvs r0, r3, r0, lsl 4",1
"andeq sp, r5, r1, lsl r8",1
"teqeq r2, r0, lsl 18",1
"andeq r0, r0, r7, lsl r1",1
invalid,1
"ldrdeq r0, r1, [r0], -pc",1
invalid,1
"andeq r0, r0, 0",1
"tstlt r1, r3, lsr 16",1
"stmdbeq r0, {r0, r1}",1
"eoreq r0, r5, r5, lsr r1",1
"movwhs r0, 0x2000",1
"ldrbeq r1, [r5, 0x16c]!",1
"strlo r0, [sb, -r0]",1
"andeq r4, r4, r1, lsl 2",1
"eorvc r0, r3, r0, lsl 4",1
"stcleq p5, c0, [ip, -0]!",1
"andvs r0, r5, 0",1
"andeq r3, r0, r1, lsl 14",1
beq 0x10d4bc,1
"andeq sl, r3, r5, asr r6",1
bleq 0x11cd8c4,1
invalid,1
"andeq r0, r0, r7, lsr r0",1
"andeq sl, ip, r3, lsl r2",1
"ldmdbge ip, {sb, fp} ^",1
"andeq r0, r0, r1",1
"andpl r0, sl, 20, 16",1
"andeq r0, r0, fp, asr 7",1
"andeq sb, sb, r0, lsl r0",1
"ldrbhs r0, [r4, -0xa00]",1
"andeq r0, r0, 0",1
ble 0x408d7c,1
beq 0x8d1c,1
"andeq r8, r3, sp, asr r7",1
"strteq r0, [r3], -0x200",1
"stceq p3, c0, [r6], -0",1
"cdppl p0, 0, c0, c10, c0, 0",1
"andeq r0, r0, r6, lsr 7",1
"andeq r2, ip, r3, lsl 16",1
blgt 0x1a8b510,1
"strne r0, [r0, -3]",1
"andeq r0, r0, r6, asr 8",1
"strlt sb, [pc, -sb, lsl 22]",1
invalid,1
"ldreq sl, [pc], -0x109      ; [0x8d24:4]=0x9000005",1
"ldrvc r0, [r0, -0]",1
"stmdbeq r0, {r0, r2}",1
"andeq r1, r4, r2, lsr 31",1
"eoreq r0, r3, r0, lsl 4",1
"andeq r0, r3, r0, lsl sb",1
"strhs r0, [r3, 0x900]!",1
"andeq r0, r0, 4",1
bvs 0x409dd0,1
"stmdbeq r0, {r2}",1
"andeq r2, r0, r7, lsr 11",1
"stmdaeq r3!, {sb}",1
"stmda r4, {r8, fp}",1
"stmdbeq r0, {r0, r1}",1
"andeq ip, r1, r4",1
"tsteq pc, r0, lsl 24",1
"ldrteq r0, [fp], -0",1
"streq r0, [sp, -0]",1
"andeq r0, r0, r1",1
invalid,1
invalid,1
"andeq r0, r0, pc, lsl r1",1
"andeq r0, r0, r1, asr r4",1
"andeq r0, r1, sp, lsl 10",1
svceq 0x2700,1
"andeq r0, r0, r8, lsr ip",1
"ldrtge r0, [r7], -0x130",1
"andne r0, r0, r4",1
"andeq r0, r0, r3, lsl 24",1
"subeq r3, sl, r1, lsl 20",1
"movwhs r0, 0x2000",1
beq 0x100cda0,1
"stclo p0, c0, [r1, -0]",1
"andeq r0, r0, r5, lsr 32",1
"andne r2, r4, r2, lsl 6",1
"ldrdeq r0, r1, [r0], -pc",1
"strteq r4, [r4], 0x101",1
"movwhs r0, 0x2000",1
"cdpeq p0, 5, c1, c7, c8, 0",1
"strmi r0, [r1], -0",1
"andeq r0, r0, sp, lsl 3",1
"eorne r2, r8, r2, lsl 6",1
"strdeq r0, r1, [r0], -pc",1
"orreq r4, sp, r1, lsl 14",1
"movwhs r0, 0x2000",1
"strlo r0, [ip, -ip, lsr 32]",1
"strlt r0, [r0], -0",1
"stceq p0, c0, [r0, -0x10]",1
"andeq r0, r0, r5, lsl 2",1
"ands r0, r6, r7",1
"stmdaeq r0, {r2, r3}",1
"and sp, r2, r1, lsl 6",1
invalid,1
"andeq r1, r0, r3, lsr 32",1
invalid,1
"andeq r0, r0, 0",1
"ldrvc r0, [r7], -r3, lsr 32",1
invalid,1
"ldrsbeq r0, [sb, -r6]",1
"movwhs r0, 0x2000",1
"ldmdbeq r8, {r2}",1
"andeq r0, r0, 0xd",1
"eoreq r0, r5, r3, lsr 3",1
"strvc r0, [r3], -r0",1
"stmdbne r0, {r0, r2}",1
"andeq r3, r0, 0xc000001c",1
"andeq r8, r1, r3, lsr 27",1
"rsbslo r1, r3, 0, 18",1
"stchi p2, c0, [r3, 0]!",1
"stmdbne r0, {r0}",1
"eorseq r3, r0, r3, ror r2",1
"tsteq pc, r2, lsl 6",1
"tstvc sb, 0",1
"andeq r3, r0, 0x8000000c",1
"andeq r1, r1, r3, lsr 31",1
"rsbslo r1, r3, 0, 18",1
"movwge r0, 0x2032",1
"andeq r0, r0, pc, lsl r1",1
"teqlo r2, 0x64000000",1
svcne 0xa30200,1
"stmdbne r0, {r0}",1
"eorseq r3, r4, r3, ror r2",1
"tsteq pc, r2, lsl 6",1
"tstvc sb, 0",1
"andeq r3, r0, 0xc800000",1
"andeq r1, r1, r3, lsr 31",1
"rsbslo r1, r3, 0, 18",1
"movwge r0, 0x2036",1
"andeq r0, r0, pc, lsl r1",1
invalid,1
svcne 0xa30200,1
"stmdbne r0, {r0}",1
"eorseq r3, r8, r3, ror r2",1
"tsteq pc, r2, lsl 6",1
blne 0x688e9c,1
"rsbeq r5, r3, pc, asr pc",1
"eoreq sl, r5, r2, lsl 10",1
"andeq r0, r0, r0",1
"andeq fp, ip, r8, lsl r6",1
"biceq r0, r1, r0, lsl 2",1
"andeq r0, r0, sp, lsl 3",1
"andeq fp, r5, r1, lsl 4",1
"stmdbeq r2!, {sl, fp, ip} ^",1
"mrsgt r0, apsr",1
"andeq r0, r0, sp, lsl 3",1
invalid,1
"andeq r4, r0, r1, asr 21",1
"stmibeq r0, {r8, sl, fp, ip} ^",1
"movwgt r0, 0x1000",1
"andeq r0, r0, sp, lsl 3",1
"andeq r4, sb, sp, lsl r7",1
"stclhi p1, c0, [r4]",1
"andeq r0, r0, r1",1
bleq 0xfee09360,1
invalid,1
"andeq r1, r1, r1, lsl 14",1
"str r0, [r1, -r0, lsl 6]",1
invalid,1
"andeq r0, r0, ip, asr 3",1
"tsteq r7, r3, lsl 24",1
blpl 0x708f04,1
"movweq r0, 0xc",1
"andeq r2, r0, ip, asr 10",1
"ldrbeq r1, [sb], 0xc00",1
invalid,1
"andeq r0, r0, ip, lsr 32",1
"andls r1, r1, r0, lsl 30",1
"streq r0, [r0], -0xc",1
"ldrsbeq r0, [sb, -sl]",1
"movweq r0, 0x3000",1
"stmdbne r0, {r1, r2}",1
ble 0x1090e8,1
"andeq r0, r0, ip, lsr 32",1
invalid,1
invalid,1
"eoreq r0, r5, sl, lsl 3",1
invalid,1
"stmdbne r0, {r1, r2}",1
bhi 0x49108,1
"andeq r0, r0, r8, asr r6",1
invalid,1
"andeq r1, r1, sl, lsl 31",1
"rsbeq r1, sb, r0, lsl 18",1
"eoreq r8, r5, r1, lsl 20",1
"ldrvc r0, [fp, -0]",1
invalid,1
"andeq r0, r0, ip, lsr 1",1
invalid,1
"andeq r5, r6, sp, lsl 29",1
"ldmibeq r8, {r8, sl, fp, ip}",1
svchi 0x10000,1
"andeq r0, r0, r5, lsr 32",1
invalid,1
"muleq r0, r0, r5",1
"streq r0, [sb], -0",1
"andeq r0, r0, r1, asr r4",1
"eorseq r0, r7, sb, lsl 8",1
"ldrpl r0, [r8], -r0",1
"andeq r0, r0, 0xd",1
"eoreq r0, r5, r3, lsr r1",1
"andge r0, r3, 0",1
"stmdbne r0, {r1, r2}",1
"andeq r3, r0, 0xc000001c",1
"andeq r8, r1, r3, lsr sp",1
"rsbslo r1, r3, 0, 18",1
"ldchi p2, c0, [r3, -0]!",1
"stmdbne r0, {r0}",1
"eorseq r3, r8, r3, ror r2",1
"tsteq pc, r2, lsl 6",1
blne 0x688fc8,1
"rsbeq r5, r3, pc, asr pc",1
"eoreq r3, r5, r2, lsl 10",1
"andeq r0, r0, r0",1
"andeq r4, sp, r8, lsl fp",1
"mrslo r0, r8_usr",1
"andeq r0, r0, r5, lsr 32",1
"andeq lr, r6, r3, lsl 22",1
"cmnlo r3, r0, lsl 18",1
"stclhi p2, c0, [r1, -0]",1
"stmdbne r0, {r0}",1
"andeq r3, r0, 0x30000007",1
"andeq r8, r1, r1, asr 26",1
"rsbslo r1, r3, 0, 18",1
invalid,1
"andeq r0, r0, pc, lsl r1",1
"ldmdalo r2!, {r0, r3, r4, r8, sb, ip, sp, lr}",1
svcne 0x410200,1
bne 0x9014,1
"cmpvs pc, 27, 30            ; 0x1b",1
"strbhs r0, [r3, -0x200]",1
"andeq r0, r0, r0",1
"stcleq p8, c1, [r0, -0]",1
svcmi 0x20000,1
"andeq r2, r0, r1, lsl 10",1
"ldreq r0, [pc, -r0, lsl 6]! ; [0x902c:4]=0x4f020031",1
"tstvc sb, 0",1
svcmi 0x20031,1
"andeq r0, r0, sp, lsl 3",1
"eorseq r7, r2, sb, lsl r3",1
"orreq r4, sp, r2, lsl 30",1
"tstvc sb, 0",1
"andeq r3, r0, 0x3200000",1
"andeq r1, r1, pc, asr 30",1
"rsbslo r1, r3, 0, 18",1
svcmi 0x20037,1
"andeq r0, r0, pc, lsl r1",1
"ldmdalo r2!, {r0, r3, r4, r8, sb, ip, sp, lr}",1
svcne 0x4f0200,1
bne 0x9068,1
"cmpvs pc, 27, 30            ; 0x1b",1
"ldrbhs r0, [r1, -0x200]",1
"andeq r0, r0, r0",1
"ldmeq ip, {fp, ip} ^",1
"stcpl p0, c0, [r2, -0]",1
"andeq r2, r0, r1, lsl 10",1
"ldreq r0, [lr, r0, lsl 6]",1
"tstvc sb, 0",1
"stcpl p0, c0, [r2, -0xc4]",1
"andeq r0, r0, sp, lsl 3",1
"eorseq r7, r2, sb, lsl r3",1
"orreq r5, sp, r2, lsl 26",1
"tstvc sb, 0",1
"andeq r3, r0, 0xc800000",1
"andeq r1, r1, sp, asr pc",1
"rsbslo r1, r3, 0, 18",1
"stcpl p0, c0, [r2, -0xd8]",1
"andeq r0, r0, pc, lsl r1",1
invalid,1
svcne 0x5d0200,1
"stmdbne r0, {r0}",1
"eorseq r3, r8, r3, ror r2",1
"tsteq pc, r2, lsl 26",1
blne 0x6890c4,1
"rsbeq r5, r3, pc, asr pc",1
"eoreq r5, r5, r2, lsl 30",1
"andeq r0, r0, r0",1
"andeq r3, sp, r8, lsl r5",1
invalid,1
"andeq r0, r0, r5, lsr 32",1
"andeq r0, r8, r3, lsl 16",1
"cmnlo r3, r0, lsl 18",1
"stclhi p2, c0, [fp, -0]!",1
"stmdbne r0, {r0}",1
"andeq r3, r0, 0x30000007",1
"andeq r8, r1, fp, ror 26",1
"rsbslo r1, r3, 0, 18",1
blvs 0x891cc,1
"andeq r0, r0, pc, lsl r1",1
"ldrlo r7, [r2, -0x319]!",1
svcne 0x6b0200,1
"stmdbne r0, {r0}",1
"eorseq r3, r6, r3, ror r2",1
"tsteq pc, r2, lsl 22",1
"tstvc sb, 0",1
"andeq r3, r0, 0xc80000",1
"andeq r1, r1, fp, ror 30",1
"rsbslo r1, r3, 0, 18",1
blvs 0x89208,1
"andeq r0, r0, pc, lsl r1",1
svcpl 0x5f1b1a,1
"stcvs p0, c0, [r2, -0x18c]",1
"andeq r0, r0, r5, lsr 32",1
bhs 0x60913c,1
"andeq r0, r0, 0xd",1
"eoreq r0, r5, sb, ror r1",1
"stcvc p0, c0, [r3, -0]",1
"stmdbne r0, {r3}",1
"andeq r3, r0, 0xc000001c",1
"andeq r8, r1, sb, ror sp",1
"rsbslo r1, r3, 0, 18",1
"ldclhi p2, c0, [sb, -0]!",1
"stmdbne r0, {r0}",1
"eorseq r3, r3, r3, ror r2",1
"tsteq pc, r2, lsl 18",1
"tstvc sb, 0",1
"andeq r3, r0, 0x32000000",1
"andeq r1, r1, sb, ror pc",1
"rsbslo r1, r3, 0, 18",1
"stmdbvc r2, {r0, r2, r4, r5}",1
"andeq r0, r0, pc, lsl r1",1
"shadd16lo r7, r2, sb",1
svcne 0x790200,1
"stmdbne r0, {r0}",1
"eorseq r3, r7, r3, ror r2",1
"tsteq pc, r2, lsl 18",1
"tstvc sb, 0",1
"andeq r3, r0, 0x320000",1
"andeq r1, r1, sb, ror pc",1
svcpl 0x1b1a00,1
"andeq r6, r0, 0x7c000001",1
"andeq r2, r0, fp, ror r5",1
invalid,1
"andeq r0, r0, pc, lsl sp",1
"strhs r8, [r1, -0x702]",1
"movweq r0, 0",1
"strdeq r0, r1, [r0], -sp",1
"eorseq r7, r1, sb, lsl r3",1
"orreq r8, sp, r2, lsl 14",1
"tstvc sb, 0",1
"smladxhi r2, r2, r0, r0",1
"andeq r0, r0, sp, lsl 3",1
"eorslo r7, r2, 0x64000000",1
svcne 0x870200,1
"stmdbne r0, {r0}",1
"eorseq r3, r3, r3, ror r2",1
"tsteq pc, r2, lsl 14",1
"tstvc sb, 0",1
"andeq r3, r0, 0x32000000",1
"andeq r1, r1, r7, lsl 31",1
"rsbslo r1, r3, 0, 18",1
"smladxhi r2, r5, r0, r0",1
"andeq r0, r0, pc, lsl r1",1
"shadd16lo r7, r2, sb",1
svcne 0x870200,1
"stmdbne r0, {r0}",1
"eorseq r3, r7, r3, ror r2",1
"tsteq pc, r2, lsl 14",1
"tstvc sb, 0",1
"andeq r3, r0, 0x320000",1
"andeq r1, r1, r7, lsl 31",1
svcpl 0x1b1a00,1
"andeq r6, r0, 0x7c000001",1
"andeq r2, r0, sb, lsl 11",1
invalid,1
"andeq r0, r0, r4, lsl sp",1
"strhs sb, [r1, -0x502]",1
"movweq r0, 0",1
"andeq r0, r0, r8, lsl 19",1
"eorseq r7, r1, sb, lsl r3",1
"orreq sb, sp, r2, lsl 10",1
"tstvc sb, 0",1
"strls r0, [r2, -0x32]",1
"andeq r0, r0, sp, lsl 3",1
"teqlo r2, sb, lsl r3",1
svcne 0x950200,1
"stmdbne r0, {r0}",1
"eorseq r3, r2, r3, ror r2",1
"tsteq pc, r2, lsl 10",1
"tstvc sb, 0",1
"andeq r3, r0, 0xc8000000",1
"muleq r1, r5, pc",1
"rsbslo r1, r3, 0, 18",1
"strls r0, [r2, -0x34]",1
"andeq r0, r0, pc, lsl r1",1
"ldrlo r7, [r2, -0x319]!",1
svcne 0x950200,1
"stmdbne r0, {r0}",1
"eorseq r3, r6, r3, ror r2",1
"tsteq pc, r2, lsl 10",1
"tstvc sb, 0",1
"andeq r3, r0, 0xc80000",1
"muleq r1, r5, pc",1
"rsbslo r1, r3, 0, 18",1
"strls r0, [r2, -0x38]",1
"andeq r0, r0, pc, lsl r1",1
svcpl 0x5f1b1a,1
"strls r0, [r2, -r3, rrx]",1
"andeq r0, r0, r5, lsr 32",1
"tstvs r8, r0",1
"andeq r0, r0, 0xd",1
"eoreq r0, r5, sp, lsr 2",1
"cdpge p0, 0, c0, c3, c0, 0",1
"stmdbne r0, {r0, r3}",1
"andeq r3, r0, 0xc000001c",1
"andeq r8, r1, sp, lsr 26",1
"rsbslo r1, r3, 0, 18",1
"stchi p2, c0, [sp, -0]!",1
"andeq r0, r0, r1",1
"andeq r7, r5, r0, lsr 12",1
"adceq r5, r0, r0",1
"adceq r7, r1, r0, lsl 16",1
"andseq r6, r1, r0, lsl 26",1
svceq 0x2c0100,1
"strhi r0, [r1, -r0]!",1
"stchi p0, c0, [r0, -0x14]",1
invalid,1
"muleq r0, r2, r5",1
"andeq r1, r0, fp, lsr 3",1
"andeq sb, r5, r2, lsr 22",1
"cmphs r0, 0, 2",1
"andeq r0, r0, r6, lsr 11",1
"andeq r1, r0, sb, asr 3",1
"andeq lr, r4, r4, lsr 32",1
"adceq r6, r0, r0",1
"adceq sl, r0, r0, lsl 24",1
blmi 0xff709728,1
"strhs r0, [r0, -0xc]",1
"andeq r0, r0, r7, asr 10",1
"ldreq r2, [ip, -0x500]!",1
"strhs r0, [r0, -0]",1
"andeq r0, r0, r1, lsr r5",1
"streq r2, [r6, -0x538]!",1
"strhs r0, [sp, -0]!",1
"andeq r0, r0, fp, lsl r5",1
"ldreq r2, [r0, -0x546]",1
"ldrbhs r0, [r4, -0]",1
"andeq r0, r0, r5, lsl 10",1
"ldrbteq r2, [fp], 0x655",1
invalid,1
"stmdbgt r0, {r2}",1
"smladhs r0, r1, r0, r0",1
"andeq sl, r0, r0, rrx",1
"andeq sl, r0, ip, lsr 1",1
"andeq r5, r5, r5, lsr 26",1
"eorpl r0, r5, 0",1
"andeq r0, r0, r5",1
"andeq lr, r4, r8, lsr 32",1
"adceq r7, r0, r0",1
"adceq sl, r0, r0, lsl 24",1
"bichs r0, r1, r0, lsl 2",1
"andeq r0, r0, r7, asr 10",1
"strdeq r1, r2, [r0], -r2",1
"andeq r3, r5, r1, lsr 24",1
"andseq pc, r1, r0, lsl 4",1
"ldreq r2, [r1, -0x100]!",1
"andne r0, r6, 0",1
"strths r0, [r1], -r0",1
blne 0x93bc,1
invalid,1
"andeq r0, r0, fp, lsl r5",1
"andeq r1, r0, r0, lsr r2",1
"andeq r1, r5, r1, lsr 32",1
"andseq r4, r2, r0, lsl 10",1
"streq r2, [r5, -0x100]",1
"subsne r0, sl, 0",1
blx 0x9893ca,1
invalid,1
"strdeq r0, r1, [r0], -r1",1
"andeq r1, r0, pc, ror 4",1
"adceq r7, r0, r7, lsr 32",1
"adceq sl, r0, r0, lsl 24",1
"ldrbeq r2, [sp, -0x100]",1
invalid,1
"eorpl r0, r1, 0",1
"vhadd.s8 d0, d0, d5",1
"stmdahs r0, {r0, r4}",1
"strdeq r0, r1, [r0], -sp",1
"andeq sl, r0, r0, ror r0",1
"andeq sl, r0, ip, lsr 1",1
"stmdbpl r1!, {r1, sb, fp, sp, pc}",1
"vhadd.s8 d0, d0, d9",1
invalid,1
"andeq r0, r0, lr, asr 18",1
"strdeq r1, r2, [r0], -r2",1
"andeq r4, sb, r1, lsr 6",1
"andseq r0, r2, r0, lsl 12",1
"ldmdbeq r8!, {r8, sp}",1
"andsne r0, fp, 0",1
"stchs p0, c0, [r1, -0]!",1
"andlo r0, r0, sb",1
invalid,1
"andeq r0, r0, r2, lsr 18",1
"andeq r1, r0, r5, asr 4",1
"andeq r1, sb, r6, lsr 16",1
"stmdbeq lr, {r8, sp}",1
"rsbne r0, pc, 0",1
"eorvc r0, r7, r0",1
invalid,1
"smlatbhs r0, r0, r0, r0",1
"andeq r0, r0, pc, ror 18",1
"strdeq r1, r2, [r0], -r2",1
"andeq r6, sb, r1, lsr 8",1
"andseq pc, r1, r0, lsl 4",1
"ldmdaeq sp!, {fp, sp} ^",1
"addge r0, r0, r0",1
"adcge r0, ip, r0",1
invalid,1
"andeq ip, r8, r1, lsr 28",1
"andseq r8, r2, r0, lsl 4",1
"stmeq r3, {r8, sp} ^",1
"addne r0, r2, 0",1
invalid,1
"strls r0, [r0], -r8",1
invalid,1
"andeq r0, r0, sp, lsr 17",1
"andeq r1, r0, fp, lsr 5",1
"andeq sl, r8, r1, lsr 4",1
"andseq ip, r2, r0",1
"ldmeq r8, {sb, sl, sp}",1
"cdphi p0, 2, c0, c1, c0, 0",1
"strle r0, [r0, -8]",1
"smladhs r0, r2, r0, r0",1
"andeq sl, r0, r0, lsl 1",1
"andeq sl, r0, ip, lsr 1",1
"andeq lr, r8, r1, lsr 8",1
"andseq r8, r2, r0, lsl 4",1
"ldmeq sb, {r8, sp} ^",1
"addne r0, r2, 0",1
invalid,1
"andls r0, r0, r8",1
invalid,1
"andeq r0, r0, 0xa0",1
"stmdaeq lr, {r1, r2, r3, r7, r8, sp} ^",1
"rscne r0, r8, 0",1
invalid,1
"stmda r0, {r3}",1
invalid,1
"andeq r0, r0, r8, lsr r8",1
"strdeq r1, r2, [r0], -ip",1
"andeq r2, r8, r1, lsr 26",1
"andseq r1, r3, r0, lsl 2",1
"stmdaeq r3!, {sb, sl, sp}",1
invalid,1
"strhs r0, [r0], -r8",1
"smladhs r0, r3, r0, r0",1
"muleq r0, r0, r0",1
"andeq sl, r0, ip, lsr 1",1
"andeq r6, r8, r1, lsr 8",1
"andseq lr, r2, r0, lsl 16",1
"ldmdaeq sb, {r8, sp} ^",1
"rscne r0, r8, 0",1
"cdpls p0, 2, c0, c8, c0, 0",1
invalid,1
invalid,1
"andeq r0, r0, 0xa0",1
"ldrbeq r2, [sb, r0, lsl 3]",1
"teqne sb, 0",1
"cdpgt p0, 2, c0, c1, c0, 0",1
"stmdblo r0, {r0, r1, r2}",1
invalid,1
"andeq r0, r0, r3, asr 15",1
"andeq r1, r0, sp, asr 6",1
"andeq fp, r7, r6, lsr 18",1
"streq r2, [pc, r0, lsl 2]!",1
invalid,1
"stcls p0, c0, [r7], -0",1
invalid,1
"smlatbhs r0, r0, r0, r0",1
"andeq r0, r0, pc, ror 15",1
"andeq r1, r0, sb, lsr r3",1
"andeq lr, r7, r1, lsr 8",1
"andseq r3, r3, r0, lsl 18",1
"andeq r0, r0, r0",1
"andeq r0, r0, r0",1
"andeq r0, r0, r0",1
"strbteq r2, [r0], 0x900",1
"sbcsge r0, r0, r0",1
"streq r0, [r8, -0]",1
"cdple p0, 0, c0, c1, c0, 0",1
"andeq r0, r0, r2, lsr 30",1
"andeq r4, r5, r1, lsr 14",1
"andseq r7, r3, r0, lsl 10",1
"ldreq r2, [ip, -0x100]!",1
"orrsne r0, r7, 0",1
invalid,1
"strvc r0, [r0, -5]",1
invalid,1
"andeq r0, r0, r6, lsr 10",1
"strheq r1, [r0], -sb",1
"andeq r1, r5, r1, lsr 22",1
"andseq sp, r3, r0, lsl 22",1
"ldreq r2, [r0, -0x100]",1
invalid,1
"streq r0, [r1, -0]!",1
svcne 5,1
invalid,1
"strdeq r0, r1, [r0], -fp",1
"andeq pc, r4, r1, lsr 2",1
"andseq r4, r4, r0, lsl 2",1
"streq r2, [r0, -0xa00]!",1
"stcpl p0, c0, [r1, -0]!",1
svcpl 5,1
invalid,1
"andeq r0, r0, r2, asr r5",1
"andeq r1, r0, pc, asr r4",1
"andeq lr, r4, fp, lsr 32",1
"adceq sp, r0, r0, lsl 16",1
"andeq r3, r5, r0, lsl 16",1
"bichs r0, r1, r0, lsl 2",1
"andeq r0, r0, r7, asr 10",1
"andeq r1, r0, pc, ror r4",1
"andeq r3, r5, r1, lsr 24",1
"andseq sl, r4, r0, lsl 2",1
"ldreq r2, [r1, -0x100]!",1
"ldrbtne r0, [pc], -0        ; [0x961c:4]=0xc3000005",1
"strths r0, [r1], -r0",1
"movwgt r0, 5",1
invalid,1
"andeq r0, r0, fp, lsl r5",1
"andeq r1, r0, r5, ror 9",1
"andeq r1, r5, r1, lsr 32",1
"andseq r0, r5, r0, lsl 14",1
"streq r2, [r5, -0x100]",1
"strne r0, [sb, -0]!",1
blx 0x989646,1
invalid,1
"strdeq r0, r1, [r0], -r1",1
"andeq r1, r0, fp, asr 10",1
"andeq r5, r5, sl, lsr 32",1
"ldrbeq r2, [sp, -0x100]",1
"strbne r0, [sb, -0]!",1
"eorpl r0, r1, 0",1
"stmdbvs r0, {r0, r2}",1
blhs 0x96bc,1
"strdeq r0, r1, [r0], -sp",1
"ldrdeq sl, fp, [r0], -r8",1
"andeq r0, r0, r8, ror 10",1
"stmdbpl r1!, {r1, sb, fp, sp, pc}",1
svcvc 9,1
invalid,1
"andeq r0, r0, lr, asr 18",1
"andeq r1, r0, r1, lsr 9",1
"andeq r4, sb, r1, lsr 6",1
"andseq r7, r4, r0, lsl 30",1
"ldmdbeq r8!, {r8, sp}",1
"strbne r0, [r3], 0",1
"stchs p0, c0, [r1, -0]!",1
"str r0, [r0, -9]",1
invalid,1
"andeq r0, r0, r2, lsr 18",1
"andeq r1, r0, r7, lsl 10",1
"andeq r1, sb, r6, lsr 16",1
"stmdbeq lr, {r8, sp}",1
"strbne r0, [fp, -0]",1
"eorhi r0, sl, r0",1
invalid,1
"andeq r0, r0, pc, ror 18",1
"andeq r1, r0, sb, ror 10",1
"andeq r6, sb, r1, lsr 8",1
"andseq r6, r5, r0, lsl 18",1
"ldmdaeq sp!, {r8, sb, fp, sp} ^",1
"rscge r0, r8, r0",1
"ldreq r0, [r8]",1
invalid,1
"andeq ip, r8, r1, lsr 28",1
"andseq r8, r5, r0, lsl 18",1
"stmeq r3, {r8, sp} ^",1
"strne r0, [fp, 0]!",1
invalid,1
"stmdbhi r0, {r3}",1
invalid,1
"andeq r0, r0, sp, lsr 17",1
"andeq r1, r0, sp, asr 11",1
"andeq sl, r8, r1, lsr 4",1
"andseq lr, r5, r0, lsl 30",1
"ldmeq r8, {sb, sl, sp}",1
"cdphi p0, 2, c0, c1, c0, 0",1
invalid,1
bhs 0x9774,1
"strheq r0, [r0], -r0",1
"andeq lr, r8, r1, lsr 8",1
"andseq r2, r6, r0, lsl 30",1
"ldmeq sb, {r8, sp} ^",1
"strtne r0, [pc], -r0",1
invalid,1
"vst4.8 {d0, d1, d2, d3}, [r0], r8",1
"stmdagt r0, {r5, r7}",1
"andeq r0, r0, 5",1
"stmdaeq lr, {r1, r2, r3, r7, r8, sp} ^",1
"strbne r0, [pc], -r0",1
invalid,1
invalid,1
invalid,1
"andeq r0, r0, r8, lsr r8",1
"andeq r1, r0, pc, asr 12",1
"andeq r2, r8, r1, lsr 26",1
"andseq sb, r6, r0, lsl 6",1
"stmdaeq r3!, {sb, sl, sp}",1
invalid,1
"strlt r0, [r0, -8]",1
bhs 0x97cc,1
"andeq r0, r0, r0, ror 11",1
"andeq r6, r8, r1, lsr 8",1
"andseq sp, r6, r0, lsl 6",1
"ldmdaeq sb, {r8, sp} ^",1
"ldrbne r0, [r3], r0",1
"cdpls p0, 2, c0, c8, c0, 0",1
"strne r0, [r0], -7",1
invalid,1
"andeq r0, r0, 0xa1",1
"ldrbeq r2, [sb, r0, lsl 11]",1
"ldrhs r0, [r0, -0]!",1
"andeq r0, r0, lr, asr 15",1
invalid,1
"ldrths r0, [r0], -r0",1
"strheq r0, [r0], -sb",1
"andeq sl, r7, r1, lsr 30",1
"andseq pc, r6, r0, lsl 6",1
"tstge r4, r0, lsl 14",1
"teqge ip, r0",1
svc 0x250000,1
"andeq r0, r0, r7",1
"andeq lr, r7, r5, lsr 8",1
svclo 0x280000,1
"andhs r0, r0, r7",1
invalid,1
"andeq r0, r0, 0xa1",1
invalid,1
"ldrhs r0, [r0, -0]!",1
"andeq r0, r0, r4, ror 14",1
"smmlareq sl, r3, r6, r2",1
"eorpl r0, r1, r0",1
"streq r0, [r0], -r7",1
"smladhs r0, r7, r0, r0",1
"andeq sl, r0, r0, lsr 2",1
"andeq sl, r0, ip, lsr r1",1
"andeq r8, r7, r5, lsr 10",1
bvc 0x949808,1
"andeq r0, r0, r7",1
"andeq lr, r6, r8, lsr 22",1
"adceq r2, r1, r0, lsl 24",1
"adceq r3, r1, r0, lsl 24",1
"strbhs r0, [r4, -0x200]!",1
"andeq r0, r0, r0, lsl r7",1
"smladxeq r6, r0, r6, r2",1
"stc2 p0, c0, [r1], -0",1
"stmdbne r0, {r1, r2}",1
"smladhs r0, r7, r0, r0",1
"andeq sl, r0, ip, lsr 2",1
"andeq sl, r0, ip, lsr r1",1
"andeq r2, r7, r5, lsr 12",1
blne 0x949840,1
"andeq r0, r0, r7",1
"andeq r0, r0, r0",1
"andeq r0, r0, r0",1
"andeq r0, r0, r0",1
"andeq r0, r0, r0",1
"adceq r6, r0, ip, lsr 32",1
"eoreq r1, ip, r0",1
"strtgt r0, [sp], -r0",1
invalid,1
invalid,1
"cmnge r8, r0",1
"cdpge p0, 0xe, c0, c4, c0, 0",1
"strne r0, [ip, -r0]!",1
invalid,1
"mcrhs p0, 0, r0, c0, c3, 0",1
"andeq r0, r0, r3, ror 16",1
"tsteq sb, r1, lsl 4",1
"ldrbne r0, [sb, -r0]",1
bhi 0xb8988c,1
invalid,1
"strdeq r2, r3, [r0], -r2",1
"andseq r7, r7, r0, lsl 18",1
"rsbvc r2, r1, 0, 30",1
invalid,1
"andeq r0, r0, sp, lsl 3",1
"muleq r0, r7, r7",1
"andeq r0, sp, lr, lsr 2",1
"ldclhs p1, c0, [r3], 0",1
"strlt r0, [r0, -0]",1
"mcrhs p0, 0, r0, c0, c7, 0",1
"strdeq r0, r1, [r0], -fp",1
"subeq pc, sl, r1, lsl 8",1
"strbne r0, [sb, r0]!",1
"eorsmi r0, r0, r0",1
invalid,1
"strdeq r2, r3, [r0], -r4",1
"ldreq r0, [r1], 0x200",1
"andeq sp, sp, r0, lsr pc",1
"ldmpl r5!, {r8} ^",1
"andeq r0, r0, 0x13",1
invalid,1
invalid,1
"strdeq r8, sb, [r1], -r6",1
"andseq sb, r8, r0, lsl 18",1
"ldmeq pc!, {sb, sl, fp, sp} ^",1
invalid,1
"andeq r0, r0, sp, lsl 3",1
"andeq r1, r0, fp, lsr sb",1
invalid,1
"strdeq r2, r3, [r0], -sb",1
"andseq ip, sb, r0, lsl 14",1
"strbvs r3, [ip, -0x100]!",1
blx 0x49acc,1
"andeq r0, r0, ip, lsr 32",1
"ldrdeq r1, r2, [r0], -r5",1
"andeq sl, ip, r2, lsr sb",1
"ldclhi p1, c0, [fp, 0]!",1
"cdpmi p0, 0, c0, c0, c1, 0",1
"andlo r0, r0, 0x1c",1
"andeq r0, r0, r2, asr 16",1
"eoreq pc, ip, r1, lsl 24",1
"stcne p0, c0, [lr, -0]",1
"ldchs p0, c0, [r2], -0",1
invalid,1
"ldrsheq r6, [r3], -sp",1
"andseq sb, sp, r0, lsl 24",1
bleq 0xff89614c,1
"cdp2 p0, 0, c0, c1, c0, 0",1
"andeq r1, r0, r3, ror 6",1
"andeq r1, r0, r0, lsr 28",1
"andeq pc, sb, r2, lsr sb",1
invalid,1
"stmdahi r0, {r0, r1, r4}",1
"movwlo r0, 0x1f",1
"andeq r0, r0, sl, lsl sl",1
invalid,1
"movwlo r0, 0xa7",1
"andeq r0, r0, r3, ror 22",1
invalid,1
"movwlo r0, 0xa8",1
"andeq r0, r0, r3, lsl ip",1
"andlo fp, r1, r1, lsl 24",1
"movwlo r0, 0xa8",1
"ldrdeq r0, r1, [r0], -pc",1
"streq r7, [r2], -0xe01",1
"movwlo r0, 0xa7",1
"andeq r0, r0, r8, ror 18",1
"and r7, r2, r1, lsl 18",1
"strlo r0, [r0], -0xa6",1
"andeq r0, r0, r6, ror r5",1
"andeq sl, r0, r4, ror 3",1
"andeq sl, r0, r4, lsl 4",1
bgt 0x579b8,1
invalid,1
"muleq r0, r2, r5",1
"andeq r1, r0, pc, asr 31",1
"andeq r8, r5, r1, lsr 14",1
"andseq lr, pc, r0, lsl 30",1
invalid,1
"andge r0, r4, 0",1
blls 0x8c99d4,1
"strne r0, [r0, -r5]",1
"strlo r0, [r0, -0x20]",1
"andeq r0, r0, r6, lsr 11",1
"adceq pc, r1, r6, lsr r8",1
"eoreq r1, ip, r0, lsl 28",1
"andpl r3, r1, 0, 14",1
"teqeq r7, r1, lsl 10",1
"rsbseq r0, r4, r1, asr r2",1
"cmpeq r0, r7, lsr r1",1
"andeq r0, r0, r0, lsr r0",1
"andeq r7, r5, r4, lsr r6",1
"adceq r0, r2, r0, lsl 8",1
"adceq r2, r2, r0, lsl 8",1
"teqeq sb, r0, lsl 2",1
"andeq r1, r0, r3, lsr 2",1
"andeq sb, r5, r1, lsr 4",1
"eoreq r5, r0, r0, lsl 18",1
"streq r2, [r7, 0x100]",1
"rsbshs r0, sb, r0",1
"strteq r0, [r7], -0",1
"strhs r0, [r0], -0xa2",1
"movwhs r0, 0xa2",1
"muleq r0, fp, r5",1
"andeq r2, r0, r1, lsr 1",1
"andeq sl, r5, r5, lsr r6",1
"andsge r3, r8, 0, 12",1
invalid,1
"teqeq r7, r0",1
invalid,1
"strvc r5, [r2], -0x101",1
"andpl r3, r1, r0, lsl 14",1
"andeq r3, r0, r1",1
"ldrbeq r3, [r8, 0x800]!",1
"adcsne r0, sb, 0",1
"teqvs sb, 0",1
"cmpeq sb, r0, lsl 2",1
"andeq r0, r0, ip, lsr 1",1
"andeq r2, r0, fp, asr 1",1
"cmnvs r3, 0xe400000",1
"cmpeq sl, r0, lsl 2",1
"andeq r0, r0, ip, lsr 1",1
"andeq r2, r0, sp, ror 3",1
"andeq pc, r8, sl, lsr ip",1
"cmpeq fp, r0, lsl 2",1
"andeq r1, r0, r3, ror 6",1
"andeq r2, r0, r4, lsr r2",1
"andeq r4, r6, r8, lsr r0",1
"andseq r8, r2, r0, lsl 8",1
"rsbeq r3, sp, r0, lsl 18",1
invalid,1
"cdple p0, 0, c0, c0, c0, 0",1
blo 0x9b2c,1
"andeq r0, r0, sp, asr 28",1
"movwvs r1, 0x2001",1
"strvc r0, [r0, -0x13]",1
"stmdalo r0, {r0, r1, r5}",1
"andeq r0, r0, r0, lsl 13",1
"andeq r1, r0, r0, ror 4",1
"andeq sp, fp, fp, lsr sl",1
"andseq r0, sb, 0, 2",1
"ldrdeq r0, r1, [r0], -r6",1
"ldmdalo r0, {r1, r8, ip, pc} ^",1
"andeq r0, r0, r0, asr 13",1
"andeq r1, r0, fp, lsl 4",1
invalid,1
"eorseq r0, lr, r3, lsr 4",1
"bichs r0, pc, 0",1
"eorslt r0, sl, r0",1
invalid,1
"eoreq r0, ip, r4, lsr 4",1
"strhs r0, [r7], -0",1
"eorseq r0, r8, r0",1
"stmdale r0, {r0, r1, r2}",1
"stmdblo r0, {r0, r4}",1
"stclo p0, c0, [r1, -0x1a8]",1
"andeq r2, r0, r2, lsl 24",1
"eoreq r3, r4, r0",1
"ldrtle r0, [ip], -0",1
"andmi r0, r0, fp, lsr 1",1
invalid,1
"smladlo r0, r2, r0, r0",1
invalid,1
"andpl r3, r1, 72, 14",1
"strvc r7, [r0], -0x905",1
"teqeq r7, r0, lsl 24",1
"rsbseq r0, r6, r1, asr r2",1
"subseq r0, r0, 0xc000000d",1
invalid,1
"strheq sl, [r0], -r8",1
"andeq r2, r0, r4, ror ip",1
"ldreq r3, [r2, 0xd00]!",1
blge 0x1f09b44,1
"streq r0, [r0, -r0]!",1
bne 0x49b4c,1
"andseq r3, r2, r2, lsl 22",1
"ldrbeq r2, [fp, 0x100]",1
"strbhs r0, [r4], -0",1
"eorle r0, r1, r0",1
invalid,1
invalid,1
"andeq r0, r0, r5, asr 11",1
"strheq r2, [r0], -r4",1
"ldclge p12, c3, [r0], {0}",1
"stchs p0, c0, [ip], {0}",1
"subne r0, pc, 0",1
"teqeq r7, r0",1
"ldmmi r1, {r4, r6, sb}",1
"stcge p6, c3, [r8, 0]!",1
"ldchs p0, c0, [r0], 0",1
"teqeq r7, r0",1
"rsbseq r0, sl, r0, asr r2",1
invalid,1
bvc 0x9bb4,1
blo 0x9be4,1
"andeq r0, r0, r5, lsl 29",1
invalid,1
"andhs r0, r0, r0",1
"andeq r0, r0, r5, lsr 32",1
"adceq r1, sb, ip, lsr 32",1
"eoreq ip, ip, r0, lsl 18",1
"ldchi p0, c0, [ip], -0",1
"andlt r0, r0, r3, lsr 1",1
"stmdals r0, {r2, r3, r5}",1
"smladlo r0, r2, r0, r0",1
bvc 0x9dbcc,1
"ldcge p0, c0, [r6], -0",1
"stcle p0, c0, [r0, -0x28c]",1
"strlo r0, [r0, -ip, lsr 32]",1
invalid,1
"strlo r7, [r6, -ip, ror 29]",1
invalid,1
"strlo r7, [r6, -r4, lsl 31]",1
"strvc r5, [r2, -r1]",1
invalid,1
"muleq r0, r4, r1",1
"strdeq r2, r3, [r0], -pc",1
"adceq r7, r2, ip, lsr r0",1
"eoreq fp, ip, r0",1
"andseq sp, r2, r0, lsl 14",1
"andpl r3, r1, r0, lsl 14",1
"streq sb, [r8], -r3, lsl 2",1
"addsge r2, r8, 0, 24",1
"stchs p0, c0, [sp, -0]",1
"ldcne p0, c0, [ip], -0",1
invalid,1
invalid,1
"smladlo r0, r3, r0, r0",1
"stmdbvc r2, {r0, r8, sb, ip, lr}",1
"andpl r3, r1, 0, 14",1
"strlo r7, [r0, -r2, lsl 20]",1
blvc 0x9e034,1
"andpl r3, r1, r0, lsl 14",1
"cdpvc p1, 0xf, c9, c4, c4, 0",1
"stcvc p7, c3, [r2, -0x18]",1
"ldmeq r1, {r4, r8, sb}",1
"stcvc p7, c3, [r2, -0x18]",1
"ldreq r0, [r1], 0x30c",1
"stcvc p7, c3, [r2, -0x18]",1
"ldrlo r0, [r0, -r8, lsl 2]!",1
"streq r7, [r4], -r2, lsl 26",1
"stmdbeq r6, {r0, r4, r7, sl, fp, ip, sp, lr}",1
"eorseq r1, r7, 0xfd000",1
invalid,1
invalid,1
"andeq sl, r0, r8, ror 28",1
"andeq r0, r0, lr, lsr 19",1
"andeq r1, r0, r6, asr 6",1
"cmpeq r1, 0xc000000d",1
"muleq r6, r1, r8",1
"adceq r7, lr, r6, lsr r8",1
"andeq sl, sb, r0, lsl 28",1
invalid,1
"ldrbteq sb, [r8], -r3, lsl 2",1
"streq r0, [sb], -0",1
"andeq r1, r0, lr, asr r3",1
"andeq r3, r0, fp, lsl 14",1
"andeq r0, r1, 0, 8",1
"muleq r0, sp, r4",1
"andeq lr, ip, lr, lsr lr",1
"rscseq r0, lr, 0, 2",1
"andeq r1, r1, r1, lsl 18",1
"adceq lr, lr, r0, lsl 8",1
"adcseq sb, r0, r0, lsl 8",1
"eoreq r4, r5, r0, lsl 18",1
"strne r0, [ip, 0x100]",1
"cdpvs p0, 3, c0, c15, c0, 0",1
"rscseq r0, lr, 0, 2",1
"andeq r0, r0, r5, lsr 32",1
"andeq r2, r0, r6, ror r5",1
invalid,1
"rscseq r0, lr, 0, 2",1
"andeq r0, r0, sp, lsl 3",1
"muleq r0, r4, r5",1
"andeq r0, sp, r0, asr 2",1
"rscseq r0, lr, 0, 2",1
"andeq r0, r0, ip, lsr 32",1
"strheq r2, [r0], -r2",1
"andeq r4, ip, r0, asr 32",1
"rscseq r0, pc, 0, 2",1
"andeq r1, r0, ip, lsl 11",1
"ldrdeq r2, r3, [r0], -r0",1
invalid,1
"eoreq r0, r5, r1, lsl 6",1
"strbhs r0, [lr, 0]!",1
"cdpvs p0, 4, c0, c1, c0, 0",1
"movweq r0, 0x1030",1
"andeq r3, r0, r3, lsl 14",1
"ldmdblo r6, {r8} ^",1
invalid,1
"ldrne r0, [r7, 0x304]",1
"strbths r0, [sl], -r0",1
"eorspl r0, r8, r0",1
"stmdals r0, {r0, r1, r2}",1
"stmdblo r0, {r2, r4}",1
invalid,1
"eoreq r0, ip, r0, lsl r3",1
"strths r0, [sb], r0",1
"eors r0, sl, 0",1
invalid,1
invalid,1
"ldrbhs r0, [r2], r0",1
"eorslt r0, sp, 0",1
"stmdapl r0, {r0, r2}",1
"andvc r0, r0, pc, lsr 1",1
invalid,1
"ldrbne r0, [r7], -0x319",1
blle 0x849d60,1
"movwne r0, 5",1
invalid,1
"ldrdeq r0, r1, [r0], -r0",1
"andeq r2, r0, r8, lsr r7",1
"andeq ip, r5, r1, lsr 10",1
"eoreq r4, r7, r0, lsl 24",1
svcge 0x6c3600,1
"ldchs p0, c0, [r8, -0]",1
"teqeq r7, r0",1
"eorseq r0, r0, r1, asr r1",1
svcge 0x4c3c00,1
"ldchs p0, c0, [sb, -0]!",1
"ldrbtne r0, [r3], -0",1
"teqeq r7, r0",1
"rsbseq r0, fp, r1, asr r4",1
"teqeq r7, r3, lsr r4",1
"rsbseq r0, r5, r0, asr r2",1
"rsblt r3, ip, r0, lsl 24",1
"ldchs p0, c0, [sb, -0]!",1
"strne r0, [lr], 0",1
"teqeq r7, r0",1
"rsbseq r0, fp, r1, asr r4",1
"teqeq r7, r3, lsr r4",1
"eorseq r0, r0, r0, asr r1",1
"adcseq r8, r0, ip, lsr 24",1
"eoreq r5, sp, r0, lsl 12",1
invalid,1
"stmdbvc r0, {r0, r1, r2}",1
blo 0x9e28,1
"andeq r1, r0, r3, lsr 32",1
invalid,1
invalid,1
"stmdblo r0, {r0, r1, r2, r5}",1
"rsbeq r6, ip, r6, ror r1",1
"stmdbne r3, {r0, r8, sb, sl, fp, ip}",1
bls 0x9df4,1
blo 0x9e90,1
"andeq r0, r0, r0, asr 20",1
"strhs r2, [r3, -0x101]",1
invalid,1
blo 0x9ea0,1
"strheq r0, [r0], -r5",1
invalid,1
"and r0, r0, 0",1
"stclo p0, c0, [r0, -0x9c]",1
"andeq r0, r0, r7, ror 11",1
"strdeq sl, fp, [r0], -ip",1
"andeq r0, r0, r0, lsr 15",1
"stmdaeq r3, {r0, r8, sl, fp, sp}",1
invalid,1
"strdeq r0, r1, [r0], -sb",1
"andeq r2, r0, r2, lsl 16",1
"adcseq r0, r0, ip, lsr 16",1
"eoreq r6, sp, r0",1
"ldcgt p0, c0, [ip], -0",1
invalid,1
"stmdalo r0, {r0, r1, r2, r3}",1
"smladlo r0, r5, r0, r0",1
"stmdbvc r2, {r0, r8, sb, ip, lr}",1
"andpl r3, r1, 0, 14",1
"strlo r7, [r0, -r2, lsl 20]",1
"strvc r5, [r2, -r1]",1
"stcvc p7, c3, [r2, -0]",1
"ldmmi r1, {r3, r8, sb}",1
"stcvc p7, c3, [r2, -0x18]",1
"ldrmi r0, [r1], 0x304",1
rfeda 3!,1
"stmdavc r0, {r0, r1, r2, r3, r5, r7}",1
invalid,1
"smladlo r0, r5, r0, r0",1
"strvc r5, [r2, -r1]",1
invalid,1
invalid,1
"strlo r0, [r0, -pc]",1
"stmdbvc r2, {r0, r8, sb, ip, lr}",1
"andpl r3, r1, 0, 14",1
"strlo r7, [r0, -r2, lsl 20]",1
"strvc r5, [r2, -r1]",1
"stcvc p7, c3, [r2, -0]",1
"ldmmi r1, {r3, r8, sb}",1
"stcvc p7, c3, [r2, -0x18]",1
"ldrmi r0, [r1], 0x304",1
invalid,1
"andeq sl, r0, r0, lsl 30",1
"andeq r2, r0, sp, lsl 27",1
"adcseq r8, r0, ip, lsr 16",1
"eoreq r0, sp, r0, lsl 26",1
"streq r0, [sb], -0",1
"muleq r0, r2, r5",1
"andeq r5, r4, fp, lsl 2",1
"strlt r0, [r4], -0x900",1
"andmi r0, r0, 4",1
"andeq r3, ip, r1, lsl 4",1
invalid,1
"andeq r0, r0, r8, asr r6",1
"muleq r0, r4, r0",1
"andeq fp, r0, r8, asr 1",1
"andeq r2, r0, r5, lsl r8",1
"andseq r0, r6, r1, lsl 24",1
"rsbeq r2, pc, r0, lsl 30",1
"ldrbeq r6, [r8], -r1, lsl 24",1
invalid,1
"strbvs r0, [r3, -0]",1
"strbhs r0, [lr, -0x100]!",1
invalid,1
"rsbseq r4, r0, r6, asr r3",1
"ldrbeq r6, [r8], -r1, lsl 30",1
"andpl r0, r1, r0",1
"adcseq sl, r0, ip, lsr 32",1
"eoreq r8, sp, r0, lsl 26",1
"adcslt r3, ip, r0, lsl 12",1
"ldchs p0, c0, [fp]",1
"teqeq r7, r0",1
"andlo r0, r8, r1, asr r2",1
"subsne r0, r0, r7, lsr r1",1
"stmdals r3, {r0, r2, r4, r5, r6}",1
"strvc r0, [r0, -0x158]",1
"stmdahs lr!, {ip, sp}",1
"tstne r6, 1",1
"mrseq r0, spsr",1
"andeq r0, r0, r7, ror 19",1
bmi 0x67b4c,1
invalid,1
"strh r0, [r0], -r0",1
"andeq r0, r0, 0xb0",1
"smlsdxlo r1, sp, r0, r0",1
svchs 0x16,1
"strvc r0, [r1, -pc, rrx]",1
"andeq r0, r0, r8, asr r6",1
"andeq r2, r0, r3, asr r8",1
svclt 0x14500,1
invalid,1
"rsclt r0, r0, pc, ror r1",1
"rscslt r0, r8, r0",1
"stcvc p0, c0, [r2, -0]",1
"strbtne r0, [sb], -r0, lsl 2",1
svcvs 0x2f0000,1
"ldmdapl pc!, {r8} ^",1
"strvc r0, [r0], -6",1
"strmi r0, [r0], -r8, lsr 32",1
svcvc 0x10073,1
"andeq r0, r0, sl, asr 32",1
"andhs r5, r0, r1, lsl 2",1
"andeq r0, r0, r3, lsl 12",1
"strdeq fp, ip, [r0], -r8",1
"andeq fp, r0, ip, lsr r1",1
"muleq r0, r5, r8",1
"andseq fp, r6, r1, lsl 26",1
"ldreq r2, [r5], -r0, lsl 2",1
invalid,1
"cdpne p0, 2, c0, c1, c0, 0",1
"strle r0, [r0], -r6",1
invalid,1
"andeq r0, r0, r7, lsr 12",1
"strdeq r2, r3, [r0], -r7",1
"andeq r3, r6, r3, lsr 32",1
"eoreq r1, sb, r0, lsl 16",1
"ldrteq r2, [sl], -r0, lsl 6",1
invalid,1
invalid,1
"strpl r0, [r0, -r6]",1
"andhs r0, r0, 0x29",1
"andeq r0, r0, lr, asr 12",1
"strmi r5, [r0], -1",1
"andeq r3, sl, r1, lsl 8",1
"orrseq r0, sl, r0, lsl 2",1
"andeq r0, r0, r5, lsr 32",1
"andeq fp, r0, ip, lsr r1",1
"andeq fp, r0, r8, asr r1",1
invalid,1
"strdeq r1, r2, [r0], -lr",1
invalid,1
"muleq r6, sl, r8",1
"eoreq r6, sb, r0, lsl 20",1
"rsbeq r4, sb, r0, lsl 12",1
"eoreq sb, r5, r1, lsl 20",1
"mrspl r0, apsr",1
invalid,1
"muleq r0, ip, r5",1
"subseq r0, r0, r0, lsl 2",1
"ldmdbeq lr, {r0, r1, r2, r6, r8}",1
"strge r0, [r1, -0]",1
"strne r0, [ip, -r1, lsl 2]!",1
svcvs 0x190000,1
"stmpl r5!, {r8}",1
invalid,1
"andeq r0, r0, r7, asr lr",1
"orreq sl, sp, r1, lsl 12",1
invalid,1
invalid,1
"andeq r8, r1, r6, lsr 27",1
"cdp2 p0, 2, c0, c0, c0, 0",1
"stmdapl r0, {r1, r2, r4}",1
invalid,1
"stmdahi r0, {r0, r4, r5, r7}",1
invalid,1
"andeq r1, r0, r7, ror 14",1
"andseq r0, r7, r1, lsr 24",1
"eoreq sl, sb, r0, lsl 16",1
"ldrne r2, [r5, -r0, lsl 2]",1
invalid,1
"eorhs r0, r1, r0",1
"streq r0, [r0], -0x17",1
invalid,1
"andeq fp, r0, r8, lsl 3",1
"andeq r2, r0, sp, lsl 26",1
bpl 0x5c09c,1
invalid,1
invalid,1
invalid,1
"stmdaeq r0, {r0, r4, r5, r7}",1
"strhs r0, [r0, -0xb2]",1
invalid,1
"andeq r1, r0, sl, lsr 16",1
"andeq r6, r8, r0, asr 6",1
"adceq r0, r1, 0, 2",1
"andeq r0, r0, sb, lsl r1",1
"andeq r2, r0, r1, asr sl",1
"andeq r8, fp, r0, asr 20",1
"adceq r0, r1, 0, 2",1
"andeq r0, r0, ip, lsr 32",1
"andeq r2, r0, pc, ror 20",1
invalid,1
"adceq r0, r2, 0, 2",1
"andeq r0, r0, sp, lsl 3",1
"andeq r2, r0, sp, lsl 21",1
"andeq r0, sp, r0, asr 2",1
"adceq r0, r2, 0, 2",1
"andeq r0, r0, ip, lsr 32",1
"andeq r2, r0, fp, lsr 21",1
invalid,1
"strne r0, [ip, 0x2a3]",1
invalid,1
"rsbseq r4, r0, r0, lsl 2",1
invalid,1
invalid,1
"rsbeq r4, r5, r4, asr r1",1
"strhs sl, [r2, -0x601]",1
invalid,1
"rsbseq r4, r2, r6, asr r1",1
invalid,1
invalid,1
invalid,1
"stchs p0, c0, [sp]",1
rfeda 3!,1
invalid,1
"strlo r0, [r0, -pc]",1
"stmdavc r2, {r0, r8, sb, ip, lr}",1
"andpl r3, r1, 0, 14",1
"strlo r7, [r0, -r2, lsl 20]",1
"stmdbvc r2, {r0, r8, ip, lr}",1
"andpl r3, r1, r0, lsl 14",1
"strlo r7, [r0, -r2, lsl 14]",1
"andeq r7, r8, 2, 26",1
"andeq r0, r0, r4, ror r8",1
"stmibeq ip, {r1, r3, r6, r8} ^",1
"stclt p0, c0, [r1, -0]",1
"tsteq sb, r2, lsl 2",1
"strge r0, [r1], -0",1
blmi 0xa1d0,1
"rsbeq r7, r7, r1, ror 4",1
"stchi p13, c11, [r2, -4]",1
invalid,1
"andeq r0, r0, r1, lsl 26",1
invalid,1
invalid,1
"andeq r1, r0, r3, lsr 32",1
"strge fp, [r2], -0xd01",1
blmi 0xa1f4,1
"cdplt p0, 0, c0, c1, c15, 3",1
"andseq r8, r5, r2, lsl 24",1
"rsbseq r4, r0, r0, lsl 26",1
invalid,1
"stcmi p0, c0, [r0, -0x54]",1
invalid,1
"andeq r2, r0, r2, lsl 10",1
beq 0x101d9b4,1
"movwgt r0, 0x1000",1
"andeq r2, r0, r2, lsl 10",1
bleq 0xfe55d9c0,1
"strgt r0, [r1], -0",1
"andeq r2, r0, r2, lsl 24",1
"strbvc r4, [r2, -0xd00]!",1
"stmdagt r1, {r1, r2, r5, r6}",1
"andeq r1, r1, r2, lsl 18",1
"streq r0, [sb], -0",1
"andeq r0, r0, ip, lsr 32",1
"ldceq p1, c0, [r4, 0x120]",1
"andlt r0, r1, r0",1
"tsteq sb, r2, lsl 2",1
"andlt r0, r8, 0",1
"sbclt r0, r0, 0",1
bhs 0xff24a1f4,1
b 0x4a1f8,1
svclo 0x19,1
"rsbeq r7, r7, r1, ror 4",1
"stchi p0, c11, [r2, -4]",1
invalid,1
"andmi r0, r0, sl, lsr 32",1
"andeq r0, r0, r1, lsl 26",1
invalid,1
"strne r0, [r0], -0",1
svclo 0x2b,1
invalid,1
"andseq r8, r5, r2, lsl 24",1
"eoreq r3, fp, r0, lsl 4",1
"stmdane sl!, {r8, sb, sl, fp, lr}",1
"andlt r0, ip, 0",1
"ldreq r0, [r8, r0]!",1
"movwlt r0, 0x1000",1
"stmdane r1!, {r1, r8, sp} ^",1
blhs 0x14ca240,1
"strpl r0, [r5, -0]!",1
"andeq r0, r0, r8, lsl r0",1
"andseq r4, r8, r1, lsr 18",1
"eoreq r7, fp, r0, lsl 8",1
"ldmdane sp!, {r8, sp}",1
blhs 0xfe48a258,1
invalid,1
"andhs r0, r0, 7",1
"andeq r1, r0, fp, ror 16",1
"strvc r5, [r3, -0x401]!",1
"andlt r0, r0, r8, lsl r0",1
"andhs r0, r0, 0x2b",1
"andeq r1, r0, pc, ror r8",1
blhi 0x8a0a7c,1
invalid,1
"ldmne r7, {r0, r3, r4, r6, r8, sl, ip, sp}",1
"ldr r0, [sp, -r0]!",1
"andvc r0, r0, r5",1
"stmdane r0, {r1, r4, r5, r7}",1
invalid,1
"ldmdbne ip!, {r3, r6, r7, sb} ^",1
invalid,1
invalid,1
"rsbslt r3, r8, 0x5900000",1
"stclhs p0, c0, [r0, -0]!",1
"teqeq r7, r0",1
"rsbseq r0, sb, r0, asr r2",1
invalid,1
"stchi p0, c0, [r0, -0x2c8]",1
invalid,1
"andeq fp, r0, ip, ror 4",1
"andeq r0, r0, ip, lsr 30",1
"strheq r1, [r0], -r7",1
"subseq r0, r3, 0xc000000d",1
"teqeq r7, r5, ror r0",1
"rsbseq r0, r6, r2, asr r2",1
"cmpeq r1, r7, lsr r1",1
"andpl r3, r1, r0, lsr r7",1
"eorseq r3, r7, 1",1
"stmdavc r2, {r0, r2, r3, r4, r5, r6, fp}",1
"stcvc p7, c3, [r2, -0]",1
"rsbseq r0, sl, r4, lsl 4",1
"adclt r3, r8, 0, 12",1
svceq 0x2c0000,1
"teqeq r7, r0",1
"rsbseq r0, r5, r3, asr r2",1
"subseq r0, r2, 0xc000000d",1
"teqeq r7, r6, ror r0",1
"rsbseq r0, sb, r1, asr r2",1
"subseq r0, r0, 0xc000000d",1
"eorseq r0, r7, 0x7b",1
"stmdavc r2, {r0, r2, r3, r4, r5, r6, fp}",1
"stcvc p7, c3, [r2, -0]",1
"rsbseq r0, sl, r4, lsl 4",1
"andeq r0, r0, r0",1
"andseq r2, r8, r0, lsr 20",1
"adcseq ip, r2, r0",1
"adcseq r8, r3, r0, lsl 24",1
"eoreq ip, fp, r0, lsl 6",1
bne 0xff64a730,1
"stclo p0, c0, [r1, -0]!",1
invalid,1
invalid,1
"andeq r1, r0, sb, asr 16",1
"andeq r2, r0, lr, lsl 24",1
"andseq r5, r8, r1, lsr 10",1
"eoreq r2, ip, r0, lsl 24",1
"stmdane r1!, {r8, sp} ^",1
"mcrrhs p0, 0, r0, sl, c0",1
blvs 0x88a358,1
invalid,1
"ldmdane r5!, {r2, r4, r6, r8, sb, sp} ^",1
"stclhs p0, c0, [fp], -0",1
svcvc 0x220000,1
invalid,1
"stmne fp, {r0, r3, r4, r6, r8, sb, sp}",1
"ldchs p0, c0, [r6], {0}",1
"strls r0, [r2, -r0]!",1
invalid,1
"strbeq r3, [r7, 0x45c]!",1
"teqlt r0, 0",1
"teqlt ip, 0",1
invalid,1
"andseq r7, sl, r2, lsl 18",1
"ldrbeq r2, [sb, 0x100]!",1
"ldchs p0, c0, [r6], {0}",1
"ldclo p0, c0, [r6], -0",1
"strhvs r0, [r0], -r3",1
"strlo r0, [r0, -sp, lsr 32]",1
blvc 0x9e3ac,1
invalid,1
"andeq fp, r0, r4, ror 5",1
"andeq r2, r0, sp, lsl 27",1
"adcseq r2, r3, ip, lsr r8",1
"andeq r2, pc, r0, lsl 24",1
"andseq fp, sl, r0, lsl 8",1
"movwpl r3, 0x1700",1
"strlo r7, [r0, -r2, lsl 12]",1
"strvc r5, [r2, -r1, lsl 4]",1
invalid,1
"teqeq r7, r1",1
invalid,1
"andeq r7, r8, 2, 26",1
"eorseq r0, r7, 0x7a",1
"stmdbvc r2, {r0, r2, r3, r4, r5, r6, sl}",1
invalid,1
invalid,1
"strlo r0, [r0, -pc]",1
"strvc r5, [r2], -r1, lsl 6",1
"andpl r3, r1, 0, 14",1
"strlo r7, [r0, -r2, lsl 14]",1
"andeq r7, r8, 2, 26",1
"eorseq r0, r7, 0x7a",1
"stmdbvc r2, {r0, r2, r3, r4, r5, r6, sl}",1
invalid,1
"andeq r0, sl, r1, lsl 24",1
"rsceq r0, r1, 0, 2",1
"adcseq r8, r3, r1, lsl 24",1
"adcseq r1, r4, r0, lsl 8",1
"eoreq fp, ip, r0, lsl 12",1
blne 0xc8a824,1
"movtvc r0, 0x1000",1
"movw r0, 0x1076",1
"andseq sb, r5, r2, lsl 14",1
"ldmdblo r8, {r8} ^",1
"str r0, [r1], -0x69",1
"andeq r3, r0, r2, lsl 14",1
"eoreq sp, ip, r0, lsl 12",1
invalid,1
"ldclhs p0, c0, [r8, -0]!",1
invalid,1
"stmdavc r0, {r0, r1, r4, r5, r7}",1
"strlo r0, [r0], -sp, lsr 32",1
"strdeq fp, ip, [r0], -ip",1
"andeq r2, r0, r8, ror sp",1
"subseq r0, r0, 0xc000000d",1
"andeq r0, r0, r8, ror r0",1
"ldceq p1, c0, [fp, 0x128]!",1
blo 0x4a46c,1
"tsteq sb, r3, lsl 2",1
invalid,1
blmi 0xa4e4,1
blo 0x4a634,1
"andeq r2, r0, r3, lsl 10",1
"rsbvc r4, r1, 0, 22",1
blo 0x4a624,1
"andeq r8, r1, r3, lsl 26",1
"subslo r0, r2, 0",1
"strne r0, [r0], -0x1b",1
"strhs r0, [r0], -0xb4",1
"andeq r0, r0, 0xb4",1
invalid,1
invalid,1
"andeq r1, r0, r5, asr 22",1
"strdeq r2, r3, [r0], -r5",1
"andseq r4, fp, r1, lsr 30",1
"eoreq r1, sp, r0, lsl 12",1
"strtlt r5, [r0], -0x300",1
bvs 0x4a4bc,1
"smladlo r0, r3, r0, r0",1
"movweq r5, 0x5301",1
"muleq r1, r8, r8",1
"subseq r0, r2, 0xc000000d",1
"teqeq r7, sb, lsl 30",1
invalid,1
"andpl r3, r1, r1, asr r7",1
"andpl pc, r1, r3, lsl 6",1
"mrseq r0, spsr",1
"andeq r0, r0, lr, lsr lr",1
"mrseq r4, apsr",1
"andeq r0, r0, sb, lsl r1",1
"andseq lr, fp, r1, lsl 4",1
"rsbeq r4, lr, r0, lsl 22",1
"strhs r4, [r3, -1]",1
blmi 0xa4fc,1
"rsbeq r7, r7, r1, ror 4",1
"stchi p0, c4, [r3, -4]",1
invalid,1
"andeq r0, r0, r1, lsl 26",1
invalid,1
"andeq r0, r0, r0",1
"andseq sl, fp, r2, asr ip",1
"adcseq r2, r4, r0, lsl 8",1
"adcseq r3, r4, r0",1
"rsbseq r0, sp, r0, lsl 4",1
"andseq r3, ip, r1, lsl 24",1
blne 0xfefd292c,1
"ldchs p0, c0, [r7, -0]!",1
invalid,1
"stmdapl r0, {r0, r1, r3, r4}",1
invalid,1
"ldrdeq r1, r2, [r0], -r5",1
"andeq r2, r0, sb, ror sp",1
"adcseq r2, r4, r3, asr ip",1
invalid,1
"teqeq r7, r0",1
"stmdals r3, {r0, r1, r4, r6, r8, sl}",1
"smlsdlo r0, r8, r1, r0",1
"vhsub.u8 d5, d3, d1",1
"teqeq r7, r1, lsl 4",1
invalid,1
"andpl r3, r1, r1, asr r7",1
"andpl pc, r1, r3, lsl 6",1
"cmpeq r4, r0",1
"andeq r0, r0, fp, lsl 27",1
invalid,1
"andeq r0, r0, sb, lsl r1",1
"andeq fp, r0, r0, lsr r4",1
"andeq fp, r0, r8, asr 8",1
invalid,1
"strheq r1, [r0], -r1",1
invalid,1
"movteq r0, 0x6100",1
"andeq r0, r0, sp, lsl 3",1
"muleq r0, sl, sp",1
"andseq r3, fp, pc, asr 4",1
"adcseq r3, r4, r0",1
"andeq r3, r8, r0",1
"movteq r0, 0x8100",1
"andseq r4, fp, r1, lsr 30",1
"eoreq ip, sp, r0, lsl 12",1
blne 0x11539b8,1
"movwpl r0, 0",1
"andeq fp, r0, r4, asr 8",1
"andseq r6, r3, r1, lsl 20",1
"movwpl r3, 0x1700",1
"ldmpl r8, {r0, r2, r8, sb}",1
"teqeq r7, r1",1
invalid,1
"cmpeq r1, 0xc000000d",1
"smmlsrlo r0, r3, r1, r0",1
"andlo r5, r1, r1",1
"strpl r0, [r0], -0",1
"andeq r8, r8, r1, lsl 10",1
"movteq r0, 0xc100",1
"andeq r1, r1, r1, lsl 18",1
"adcseq r4, r4, r0, lsl 16",1
"adcseq r6, r4, r0, lsl 8",1
"rsbseq r0, sp, r0, lsl 4",1
"andseq r4, sp, r1",1
"rsbvc r3, r1, 0, 30",1
invalid,1
"andeq r8, r1, r3, lsl 26",1
"eoreq pc, sp, r0, lsl 4",1
"stceq p0, c4, [r1, -0]",1
invalid,1
"andeq r2, r0, r3, lsl 24",1
"eoreq r1, lr, r0, lsl 28",1
blne 0xfeb1e224,1
"ldrblt r0, [r0], -0",1
invalid,1
"cdpmi p0, 0, c0, c1, c0, 0",1
blne 0xff552a40,1
"cdphs p0, 4, c0, c10, c0, 0",1
invalid,1
invalid,1
"strhs r0, [r0, -0x2e]",1
"strheq r1, [r0], -pc",1
"strbtlt r5, [r0], -0x300",1
bvs 0x4a650,1
"smladlo r0, r3, r0, r0",1
"movweq r5, 0x5301",1
"muleq r1, r8, r8",1
"cmpeq r2, 0xc000000d",1
"smmlsrlo r1, r3, r1, r0",1
"vrhadd.u8 d5, d3, d1",1
"teqeq r7, r1",1
"eorseq r0, r0, r0, asr r1",1
"mrseq r0, spsr",1
"andeq r0, r0, r0, lsr 17",1
invalid,1
"andeq r0, r0, sb, lsl r1",1
"andseq r7, sp, r1, lsl 28",1
"rsbeq r4, lr, r0, lsl 22",1
"strhs r5, [r3, -0x201]",1
blmi 0xa690,1
"andpl r0, r1, 0x73",1
"andeq r4, r0, r3, lsl 20",1
"rsbvc r4, r1, 0, 22",1
"andpl r0, r1, 0x67",1
"andeq r8, r1, r3, lsl 26",1
"rsbeq r4, pc, r0, lsl 26",1
"andls r5, r3, 0x1000000",1
"andeq r0, r0, r5, lsl r0",1
"andeq r6, r8, r8, lsl sl",1
invalid,1
"andeq r0, r0, r1, asr r4",1
"andseq sl, sp, r1, lsl 8",1
invalid,1
"movwlt r0, 0x1000",1
"andeq r0, r0, sl, asr 32",1
invalid,1
"strheq r5, [r4], -r5",1
"eormi r0, r0, r0",1
"strvs r0, [r0], -0x1d",1
invalid,1
"andge r0, r0, 0xb4",1
invalid,1
"andeq r1, r0, r6, lsr lr",1
"andseq r5, sp, r1, lsr 6",1
"eoreq ip, lr, r0, lsl 30",1
"ldclne p1, c2, [sp, -0]",1
svchs 0x30000,1
"strvs r0, [r1, -r0]!",1
"movwpl r0, 0x1d",1
"andhs r0, r0, 0x2f",1
"andeq r1, r0, r3, ror sp",1
svcvc 0x909103,1
"andseq r7, sp, sp, lsr lr",1
"adcseq r6, r4, r0, lsl 16",1
"andeq r6, r8, r0, lsl 16",1
"cmpeq r4, 0, 2",1
"andeq r1, r0, r3, lsl lr",1
"andseq r8, sp, r1, lsr 30",1
"eoreq r0, pc, r0, lsl 6",1
"ldmeq r0, {sb, fp, sp}",1
bls 0x88a734,1
"andeq r0, r0, 0x1d",1
invalid,1
"stceq p0, c0, [r0, -0x2d0]",1
"andeq r0, r0, sp, lsr 32",1
"strbtlt r3, [r4], 0x600",1
invalid,1
"teqeq r7, r0",1
"rsbseq r0, sp, r3, asr r2",1
"subseq r0, r2, 0xc000000d",1
"teqeq r7, sb, lsl 30",1
"rsbseq r0, r4, r1, asr r2",1
"subseq r0, r0, 0xc000000d",1
"andeq r0, r0, r5, ror r0",1
"stmeq r7!, {r1, r3, r6, r8} ^",1
invalid,1
"tsteq sb, r3, lsl 2",1
"andhi r0, r1, r0",1
blmi 0xa7f4,1
"stmdbpl r1, {r1, r2, r3, r5, r6}",1
"andeq r2, r0, r3, lsl 10",1
"rsbseq r4, r3, r0, lsl 22",1
bmi 0xe0b90,1
blmi 0xa790,1
"rsbeq r7, r7, r1, ror 4",1
"vstrhi s10, [r3, -4]",1
invalid,1
"andeq r0, r0, r1, lsl 26",1
invalid,1
"stcmi p0, c0, [r0, -0]",1
invalid,1
"andseq sb, r5, r3, lsl 4",1
"strtlo r0, [r0], -r0",1
invalid,1
"strhhi r0, [r0], -r4",1
invalid,1
invalid,1
"andeq r1, r0, fp, lsl pc",1
"andseq r4, lr, r1, lsr 18",1
"eoreq fp, pc, r0, lsl 8",1
"cdpne p1, 5, c2, c3, c0, 0",1
svchs 0xe80000,1
"stcpl p0, c0, [r1, -0]!",1
"stmdalo r0, {r1, r2, r3, r4}",1
invalid,1
"andeq r1, r0, sb, ror 28",1
"andeq r3, r0, ip, rrx",1
"andseq r7, lr, r2, lsr 10",1
"addsls r0, r1, r0, lsl 6",1
"ldclne p13, c3, [lr, -0x1fc]!",1
"ldrbtlt r0, [r4], 0",1
invalid,1
invalid,1
"andseq pc, lr, r3, lsl 16",1
"stcne p1, c2, [pc]",1
svchs 0xe80000,1
"eor r0, sl, r0",1
"andhs r0, r0, 8",1
"muleq r0, sl, sp",1
"mcrrhs p1, 0, sb, r0, c2",1
"andeq fp, r0, r0, lsl 11",1
"andeq r2, r0, sp, lsl 26",1
"ldrtvc r0, [r6], -0",1
bvs 0xab04,1
"smladlo r0, r3, r0, r0",1
"stcvc p3, c5, [r2, -4]",1
"andpl r3, r1, 0, 14",1
"strlo r7, [r0, -r2, lsl 8]",1
"strvc r5, [r2, -0x101]",1
"andpl r3, r1, r0, lsl 14",1
"andeq r7, r0, r2, lsl 12",1
"movwpl r4, 0x1800",1
invalid,1
"stmdbne r1, {r0, r5, r6, r8, sb}",1
"andhi r0, r0, r1",1
"stmdaeq r0, {r0, r2, r4, r5, r7}",1
"strhge r0, [r0], -r6",1
invalid,1
"andeq r1, r0, r8, ror 31",1
invalid,1
"subeq r0, sl, r1, ror 6",1
"sbclo r0, sp, r0",1
"teqvs pc, r0",1
invalid,1
"orreq r0, sp, r1, ror 6",1
"tstlo r2, r0",1
"submi r0, pc, r0",1
"strhi r0, [r0], -0x1d",1
"stmdaeq r0, {r0, r2, r4, r5, r7}",1
invalid,1
"strvs r0, [r1, -r3, ror 6]!",1
invalid,1
invalid,1
"andeq r1, r0, sp, asr sp",1
"andeq r3, r0, sp, asr 1",1
"andseq r5, sp, r5, lsr 6",1
"eorlo r0, sl, r0",1
"andhs r0, r0, 9",1
"andeq r1, r0, r3, ror sp",1
svcvc 0x909103,1
"andseq r7, sp, sp, lsr lr",1
"adcseq r8, r5, r0, lsl 8",1
"andeq r5, sb, r0, lsl 16",1
"cmpeq r4, 0, 2",1
"andeq r1, r0, r3, asr 31",1
"andseq r8, sp, r1, lsr 30",1
"eorseq r7, r1, r0, lsl 20",1
"stmibeq r0, {sb, fp, sp}",1
bls 0x88a8e4,1
"andeq r0, r0, 0x1d",1
"stmdaeq ip!, {r0, r4, r7, lr}",1
"stceq p0, c0, [r0, -0x2d8]",1
"andeq r0, r0, sp, lsr 32",1
"ldrblt r3, [ip, 0x600]!",1
invalid,1
"teqeq r7, r0",1
"rsbseq r0, sp, r3, asr r2",1
"subseq r0, r2, 0xc000000d",1
"teqeq r7, sb, lsl 30",1
"rsbseq r0, r5, r1, asr r2",1
"subseq r0, r0, 0xc000000d",1
"andeq r0, r0, r4, ror r0",1
"mrseq r0, spsr",1
"andeq r0, r0, fp, lsl 18",1
invalid,1
"andeq r0, r0, sb, lsl r1",1
"andeq fp, r0, r8, lsl 12",1
"muleq r0, r4, r6",1
"strheq r3, [r0], -pc",1
"eoreq ip, r0, r1, lsl 28",1
"rsbseq r3, r3, r0, lsl 30",1
bmi 0xe4544,1
invalid,1
svclo 0x31,1
"rsbeq r7, r7, r1, ror 4",1
"stchi p7, c6, [r3, -4]",1
invalid,1
"andmi r0, r0, r2, lsr r0",1
"andeq r0, r0, r1, lsl 26",1
invalid,1
"strvs r0, [r0, -0]",1
svcmi 0x32,1
"andeq r1, r0, r6, lsr lr",1
"andeq fp, r0, ip, lsl 12",1
"andeq r0, r0, r8, lsr 19",1
"mrshs r6, apsr",1
"andeq r1, r0, sb, ror 28",1
"muleq r0, sb, r2",1
"andseq r5, lr, r1, lsr 26",1
"eorseq ip, r2, r0, lsl 26",1
"cdpne p1, 5, c2, c3, c0, 0",1
invalid,1
invalid,1
"andeq r0, r0, lr, lsl r0",1
"andeq sp, sb, sl, lsr 32",1
"cdpne p2, 7, c2, c5, c0, 0",1
"mrsls r0, apsr",1
"mrcvc p15, 1, r7, c13, c0, 4",1
invalid,1
invalid,1
invalid,1
"adchs r0, sb, ip, asr r3",1
svchi 0x210000,1
invalid,1
bhs 0xaa90,1
"andeq r0, r0, r0, lsr 20",1
"andseq sb, sp, r2, lsr 20",1
"addsmi r0, r1, r0, lsl 4",1
"adcseq sb, r6, ip, lsr 8",1
"eoreq r0, sp, r0, lsl 26",1
"strlo r0, [r0], -r0",1
"andeq fp, r0, r8, lsl 13",1
"andeq r1, r0, sl, ror 6",1
"subseq r0, r3, 0xc000000d",1
"teqeq r7, sp, ror r0",1
"rsbseq r0, r5, r2, asr r2",1
"subseq r0, r1, 0xc000000d",1
"teqeq r7, r6, ror r0",1
"rsbseq r0, r4, r0, asr r2",1
"andeq r0, r0, r0",1
"cdpeq p1, 7, c0, c3, c10, 2",1
"stcvs p0, c0, [r1, -0]",1
"tsteq sb, r3, lsl 2",1
"mrsne r0, apsr",1
blmi 0xaa98,1
"rsbeq r7, r7, r1, ror 4",1
"stchi p13, c6, [r3, -4]",1
invalid,1
"andeq r0, r0, r1, lsl 26",1
invalid,1
blmi 0xaa2c,1
invalid,1
"tsteq pc, sp, ror 6",1
"submi r0, lr, r0",1
invalid,1
"ldrbeq r0, [r1], -0x36f",1
"andhs r0, r0, r0",1
"andeq r2, r0, lr, asr 1",1
"muleq r0, r4, r6",1
"andeq fp, r0, r4, lsl r7",1
"andeq r3, r0, r6, asr 6",1
"eoreq ip, r1, r1, lsl 2",1
"rschs r2, r1, r0, lsl 2",1
"cmnlo r3, 0",1
"stc p0, c0, [r1, -0]!",1
invalid,1
invalid,1
"strdeq r2, r3, [r0], -sb",1
"andeq r3, r0, pc, lsr 7",1
"eoreq r0, r1, r2, lsr 8",1
"addsmi r0, r1, r0, lsl 4",1
"andeq r0, r6, sp, lsr r3",1
"adcseq ip, r6, r0, lsl 16",1
"andeq r4, sl, r0, lsl 16",1
"cmneq r1, 0, 2",1
"muleq r0, pc, r1",1
"andeq r2, r6, r5, lsr 14",1
"cdpne p1, 2, c0, c1, c0, 0",1
"andle r0, r0, r6",1
"andpl r0, r0, r3, lsr r0",1
"andeq r0, r0, r5, lsl r6",1
"eorvs r5, sl, r1, lsl 26",1
"movwhs r0, 0xa",1
"andeq r0, r0, r0, lsr r6",1
"ldrdeq r3, r4, [r0], -r0",1
"andeq r3, r6, r3, lsr 20",1
"eorseq lr, r3, r0, lsl 6",1
"strbeq r2, [r3], -r0, lsl 6",1
"strtlo r0, [lr], -0",1
"cdpmi p0, 2, c0, c3, c0, 0",1
invalid,1
"andeq r0, r0, r4, lsr r0",1
"strlt r3, [r8, -r0, lsl 12]",1
invalid,1
"teqeq r7, r0",1
"rsbseq r0, sp, r3, asr r2",1
"subseq r0, r2, 0xc000000d",1
"teqeq r7, r5, ror r0",1
"rsbseq r0, r6, r1, asr r2",1
"cmpeq r0, r7, lsr r1",1
bmi 0xabb4,1
"andeq r8, sl, r1, lsl 30",1
"cmneq r6, 0, 2",1
"andeq r1, r1, r1, lsl 18",1
invalid,1
"mrsvs r0, spsr",1
invalid,1
"orreq r0, sp, r6, ror r3",1
"movtvs r0, 0xb000",1
"strvc r0, [r1], -r8, rrx",1
"andeq r1, r1, r3, lsl 30",1
invalid,1
"strne r0, [r0], -0x21",1
"strhls r0, [r0], -r7",1
"strvc r0, [r0, -0xb7]",1
invalid,1
"andeq r2, r0, r2, asr 5",1
"eoreq sp, r1, r1, lsr 8",1
"eorseq sl, r4, r0, lsl 4",1
"mvnhs r2, r0, lsl 2",1
"strblo r0, [r0], 0",1
"cdpgt p0, 4, c0, c15, c0, 0",1
"stmdane r0, {r5}",1
"stmdahi r0, {r0, r1, r2, r4, r5, r7}",1
invalid,1
invalid,1
invalid,1
"strpl r0, [r0, -0x34]",1
"andeq r2, r0, sp, ror 1",1
"rschs r2, r1, pc, ror r1",1
"ldrbtlo r0, [pc], 0         ; [0xab6c:4]=0x2200000a",1
invalid,1
"andhs r0, r0, 0xa",1
"andeq r2, r0, r4, lsl 2",1
"stcllo p1, c9, [r0, -8]",1
"andeq r0, r0, r3, lsl 12",1
"andeq fp, r0, r4, asr 14",1
"ldrdeq r0, r1, [r0], -r0",1
"cdpls p1, 0, c7, c3, c1, 0",1
"strhs r0, [r0, -0x22]",1
"andeq r0, r0, r7, lsr 12",1
"ldreq r5, [r5], -r1",1
"stcpl p0, c0, [r1, -0]",1
"andeq r1, r6, r1, lsr 28",1
"eorseq r1, r5, r0, lsl 26",1
beq 0xffc153a8,1
"eorlo r0, r3, r0",1
"stcne p0, c0, [r0, -0x18]",1
"movwhs r0, 0x35",1
"andeq r0, r0, sl, lsr r6",1
"andeq r3, r0, r0, lsr r5",1
"andeq r4, r6, r3, lsr 6",1
"eorseq r7, r5, r0, lsl 22",1
"strbeq r2, [lr], -r0, lsl 6",1
"strlo r0, [lr]",1
"andeq r0, r0, r0",1
"adcseq r8, r7, r6, lsr r4",1
"andseq r6, r3, r0, lsl 20",1
"movwpl r3, 0x1700",1
"strlo r7, [r0, -r2, lsl 26]",1
"stmdbeq r2, {r0, sb, ip, lr}",1
"strdpl r3, r4, [r1, -pc]",1
"strlo r7, [r0, -r2, lsl 10]",1
"andlo r5, r1, r1",1
"andeq r0, r0, r0",1
"strbeq r0, [r5, -r8, asr 2]!",1
invalid,1
"tsteq sb, r3, lsl 2",1
"ldrlt r0, [r0, r0]",1
"ldrblt r0, [r4, r0]!",1
"strblo r0, [r2]",1
"movwlt r0, 0x1000",1
svclo 0x23,1
"rsbeq r7, r7, r1, ror 4",1
"stchi p12, c7, [r3, -4]",1
"cdp p0, 0, c0, c0, c1, 0",1
svcmi 0x35,1
"andeq r2, r0, r1, asr 3",1
"muleq r0, r4, r7",1
"andeq r0, r0, r8, lsl fp",1
"strhs r7, [r3, -0xe01]",1
"andeq r2, r0, r0, ror 3",1
"bicshs r2, r4, sl, lsr r1",1
"strlo r0, [ip], -r0",1
"cdpgt p0, 4, c0, c15, c0, 0",1
"strls r0, [r0], -0x20",1
"stmdalo r0, {r0, r1, r2, r4, r5, r7}",1
invalid,1
invalid,1
blo 0xacd8,1
"eoreq lr, r0, r5, asr sp",1
invalid,1
invalid,1
bhs 0xad40,1
"andeq r0, r0, r8, asr fp",1
"eoreq r0, r1, r2, lsr 8",1
"ldmmi r1, {sb}",1
"andeq r0, r6, sp, lsr r3",1
"adcseq fp, r7, r0, lsl 24",1
"andeq r8, fp, r0",1
"cmneq r1, 0, 2",1
"andeq r2, r0, lr, lsl 7",1
"andeq r2, r6, r5, lsr 14",1
"ldrbne r0, [r0, -0x100]",1
invalid,1
"ssaxeq r2, lr, sp",1
bhs 0xe8ac9c,1
"andeq r0, r0, r8, lsr 23",1
"andeq r3, r6, r6, asr r0",1
blo 0x8994a8,1
"movweq r0, 6",1
invalid,1
"andeq r0, r0, r3, asr 12",1
invalid,1
"strtlo r0, [sl], -r0",1
"andeq r0, r0, r0",1
"adcseq lr, r7, r6, lsr r8",1
"andseq r6, r3, r0, lsl 20",1
"movwpl r3, 0x1700",1
"strlo r7, [r0, -r2, lsl 26]",1
"stmdbeq r2, {r0, sb, ip, lr}",1
"strdpl r3, r4, [r1, -pc]",1
"strlo r7, [r0, -r2, lsl 8]",1
"andlo r5, r1, r1",1
"andeq r0, r0, r0",1
svc 0x14800,1
invalid,1
"stmdbne r1, {r1, r7, r8, sb}",1
"vst4.8 {d0, d1, d2, d3}, [r0], r1",1
invalid,1
"strhhi r0, [r0], -r8",1
invalid,1
"muleq r0, r7, r4",1
invalid,1
"orreq r0, r2, 0, 2",1
"andeq r0, r0, sp, lsl 3",1
"andeq r3, r0, sp, lsr 13",1
"andeq r0, sp, r0, asr 2",1
"orreq r0, r2, 0, 2",1
"andeq r0, r0, ip, lsr 32",1
"andeq r3, r0, fp, asr 13",1
"eoreq ip, r0, pc, asr 28",1
"adcseq pc, r7, r0, lsl 16",1
"andeq sp, fp, r0",1
"orreq r0, r4, 0, 2",1
"eoreq pc, r0, r5, lsr 18",1
"vstmdb r1!, {s6}",1
"stmdb r0, {r5}",1
invalid,1
"andeq r2, r0, r1, ror 1",1
"andeq r3, r0, r7, lsl 14",1
"andeq pc, fp, sl, lsr 32",1
"mrshs r2, r12_usr",1
invalid,1
"streq r3, [r3], -r0, asr 26",1
invalid,1
invalid,1
"mrsvc r0, apsr",1
"eoreq r7, r4, r3, lsl 6",1
"strteq r2, [r7], -r0, lsl 10",1
"andpl r0, r1, r0",1
"andeq r0, r0, r5, lsl r6",1
"cdpne p13, 2, c5, c5, c1, 0",1
blo 0xad98,1
"andeq r4, ip, sl, lsr 32",1
"ldrteq r5, [r0], -r0, lsl 12",1
"eorshs r0, sl, 0",1
"andeq r0, r0, sl, lsr r6",1
svcls 0x449103,1
"andeq r4, r6, r6, asr r3",1
"vmulmi.f32 s2, s6, s0",1
"strhs r0, [r0, -6]",1
"andeq r0, r0, r7, lsr r0",1
"ldmdalt r0, {sb, sl, ip, sp} ^",1
invalid,1
"teqeq r7, r0",1
"rsbseq r0, sp, r3, asr r2",1
"subseq r0, r2, 0xc000000d",1
"teqeq r7, r4, ror r0",1
"rsbseq r0, r5, r1, asr r2",1
"cmpeq r0, r7, lsr r1",1
"andeq r0, r0, r0, lsr r0",1
"movwge r4, 0x1a00",1
invalid,1
"stmdbne r1, {r3, r7, r8, sb}",1
invalid,1
"ldrdeq r2, r3, [r0], -sb",1
invalid,1
"eoreq r0, r5, r8, lsl 7",1
"strbpl r0, [ip, -r0]",1
invalid,1
"orreq r0, sp, r8, lsl 7",1
invalid,1
invalid,1
"orreq r0, sp, sb, lsl 7",1
"mrsvs r0, spsr",1
invalid,1
"orreq r0, sp, sb, lsl 7",1
bmi 0xae0c,1
"andeq sb, sb, r1, lsl 28",1
"orrseq r0, r0, 0, 2",1
"andeq r1, r1, r1, lsl 18",1
"ldrhs r0, [r1, -0x100]!",1
"cdpvs p0, 4, c0, c11, c0, 0",1
"orrseq r0, r0, 0, 2",1
"andeq r0, r0, r5, lsr 32",1
"andeq r5, lr, ip, asr 14",1
"orrseq r0, r0, 0, 2",1
"andeq r0, r0, sp, lsl 3",1
"andeq pc, r8, ip, asr 30",1
"orrseq r0, r1, 0, 2",1
"andeq r0, r0, sp, lsl 3",1
"ldrbvs r6, [r2, -fp, asr 2]!",1
"orrseq r0, r2, 0, 2",1
"andeq r0, r0, sp, lsl 3",1
"andeq r0, sp, ip, asr 2",1
"orrseq r0, r2, 0, 2",1
"andeq r0, r0, ip, lsr 32",1
invalid,1
"ldrbeq r0, [r1], -0x394",1
"andhs r0, r0, r0",1
"muleq r0, r7, r4",1
"andeq fp, r0, ip, asr r8",1
"ldrdeq fp, ip, [r0], -r4",1
"andeq r3, r0, fp, ror r7",1
"eoreq r0, r6, r1, lsl 22",1
"strths r2, [sl], 0x100",1
"strlo r0, [r8, r0]!",1
"strtlt r0, [r1], -0",1
"strgt r0, [r0], -r4, lsr 32",1
invalid,1
"andeq r2, r0, r0, asr 9",1
"andeq r3, r0, r4, ror 15",1
"eoreq ip, r4, r1, lsr 24",1
"eorseq r0, r8, r0, lsl 4",1
"ldrbhs r4, [sb], 0xf00",1
invalid,1
"stcleq p0, c0, [r8], -0",1
blhi 0x4aeac,1
"ldrhs r5, [sl, -0x503]",1
"cmnhs pc, r0",1
"andeq r2, r0, lr, lsl 10",1
"andeq r3, r0, r0, lsr 16",1
"eoreq r0, r5, r1, lsr 4",1
"eorseq r3, r8, r0, lsl 28",1
"ldrbths r2, [r6], 0x100",1
invalid,1
"stc p0, c0, [r1], -0",1
bvc 0xaf64,1
bhs 0xafb8,1
"muleq r0, r0, ip",1
"eoreq r2, r5, r2, lsr 12",1
"ldmlt r1, {r8, sb}",1
"uxtahne r3, lr, pc, ror 24",1
invalid,1
"ldceq p0, c0, [r8], 0",1
"strls r0, [r1, -0]",1
"eoreq lr, r5, r3, lsl 12",1
"strne r5, [r0, -r0]!",1
"strpl r0, [r1], -0",1
"andseq r1, r7, r0, asr r5",1
"subspl r0, r5, r0, lsl 2",1
"andeq r1, r0, ip, lsl 14",1
"eorle r5, ip, r1, lsl 26",1
"stceq p0, c0, [r0, -0x2e0]",1
"andeq r0, r0, sp, lsr 32",1
"adcseq ip, r8, r6, lsr r4",1
"andseq r6, r3, r0, lsl 20",1
"movwpl r3, 0x1700",1
"strlo r7, [r0, -r2, lsl 26]",1
"stmdbeq r2, {r0, sb, ip, lr}",1
"strdpl r3, r4, [r1, -pc]",1
"strlo r7, [r0, -r2, lsl 12]",1
"strvc r5, [r2, -r1]",1
"andeq r0, r0, r0",1
"ldrbhs r2, [sb], 0",1
invalid,1
invalid,1
invalid,1
"stcge p0, c0, [r1, -0]",1
invalid,1
"andeq r2, r0, ip, ror 9",1
"andeq r3, r0, r5, asr 17",1
"eoreq pc, r4, r1, lsr 12",1
"eorseq lr, r8, r0, lsl 6",1
"strhs r2, [r2, -0x100]",1
invalid,1
"cdpeq p0, 2, c0, c1, c0, 0",1
svcne 0x25,1
"andpl r0, r0, sb, lsr r0",1
"andeq r2, r0, sl, lsl r5",1
"andhs sb, r0, 0x80000000",1
"andeq r2, r0, r6, lsr 10",1
svcvc 0xb89103,1
"andseq pc, r6, sp, lsr lr",1
"adcseq r0, sb, r0, lsl 16",1
"andeq lr, ip, r0",1
"orrseq r0, r5, 0, 2",1
"andeq r2, r0, sb, lsl 13",1
"andseq r2, r7, r0, asr r0",1
"subspl r0, r4, r0, lsl 2",1
"andeq r1, r0, r5, lsl r7",1
"mrrceq p5, 0, r5, r0, c1",1
invalid,1
"stmdblt r8, {r0, r2, r3, r4, r6, sl, fp, sp} ^",1
"stchs p0, c0, [sp, -0]",1
"strlo r0, [r0], -r0",1
"andeq fp, r0, ip, lsr sb",1
"andeq r1, r0, sl, ror 6",1
"subseq r0, r3, 0xc000000d",1
"teqeq r7, sp, ror r0",1
"ldmvc r1, {r1, r4, r6, r8, sb}",1
invalid,1
"strlo r7, [r0, -r2, lsl 12]",1
"strvc r5, [r2, -r1]",1
invalid,1
"andeq fp, sl, r1, lsl 12",1
"orrseq r0, sl, 0, 2",1
"andeq r1, r1, r1, lsl 18",1
"adcseq r4, sb, r0, lsl 24",1
"adcseq ip, sb, r0, lsl 16",1
"eorseq r3, sb, r0, lsl 26",1
"ldrbhs r0, [r1, r0, lsl 2]",1
"strbpl r0, [r0, -r0]",1
invalid,1
invalid,1
invalid,1
invalid,1
invalid,1
invalid,1
invalid,1
"teqvs pc, r0",1
invalid,1
invalid,1
invalid,1
"strbls r0, [0x0000b030]",1
"andpl r0, r0, r4, lsr 32",1
"stmdaeq r0, {r0, r3, r4, r5, r7}",1
invalid,1
"stcgt p3, c0, [r1], -0x274",1
"strgt r0, [r0], -0x24",1
invalid,1
"andeq r2, r0, r0, asr 9",1
"andeq r3, r0, r2, ror 19",1
"eoreq fp, r4, r1, lsr 8",1
"eorseq r0, sl, r0",1
"strths r2, [sl], 0x500",1
svcmi 0,1
"ldrdeq r2, r3, [r0], -sb",1
"andeq fp, r0, r0, asr sb",1
"andeq r0, r0, r0, lsr sp",1
"strpl r8, [r3, -0xb01]",1
"andeq r2, r0, sl, lsl r5",1
"strhs r2, [lr, -0x17f]",1
invalid,1
"eoreq r0, r1, 0",1
"cdpne p0, 0, c0, c0, c5, 1",1
invalid,1
"strdeq r2, r3, [r0], -r6",1
"andeq r3, r0, ip, lsr sl",1
"eoreq lr, r4, r5, lsr 24",1
invalid,1
"andhs r0, r0, 0xd",1
"andeq r2, r0, r6, lsr 10",1
"stcllo p1, c9, [r0, -8]",1
"strdeq r1, r2, [r0], -lr",1
"andeq fp, r0, ip, ror sb",1
"andeq r0, r0, r0, lsl 27",1
"strge sb, [r3], -0x501",1
"andpl r0, r0, r7, lsr 32",1
"andeq r1, r0, r0, lsr 14",1
"ldrbne r5, [r0, -0x401]",1
invalid,1
"smlsdne ip, r5, r0, r5",1
"stcpl p0, c0, [r1, -0]",1
"adcseq ip, sb, ip, lsr 8",1
"eoreq r0, sp, r0, lsl 26",1
invalid,1
bvs 0xb3c0,1
"smladlo r0, r3, r0, r0",1
"stcvc p3, c5, [r2, -4]",1
"andpl r3, r1, 0, 14",1
"ldrblo r0, [pc, r2, lsl 18]! ; [0xb0ec:4]=0x50013700",1
"strvc r5, [r2], -r1, lsl 2",1
"andpl r3, r1, r0, lsl 14",1
"andlo r7, r0, sb, lsl 8",1
"andlo r7, r0, sb, lsr 10",1
"andeq r2, r0, sb, lsr 2",1
invalid,1
"andeq lr, sl, r1, lsl 30",1
invalid,1
"andeq r1, r1, r1, lsl 18",1
"adcseq ip, sb, r0, lsl 16",1
"adcseq r4, sl, r0, lsl 16",1
"eorseq r5, sl, r0, lsl 20",1
"ldmhs r7, {r8} ^",1
"strbpl r0, [r0, -r0]",1
invalid,1
"orreq r0, sp, r1, lsr 7",1
blo 0xfe1cb130,1
invalid,1
invalid,1
"orreq r0, sp, r1, lsr 7",1
blo 0xfe94b140,1
"teqvs pc, r0",1
invalid,1
"orreq r0, sp, r2, lsr 7",1
blo 0xff0cb150,1
"mrseq r0, spsr",1
invalid,1
"eoreq r0, ip, r2, lsr 7",1
blo 0xff84b160,1
invalid,1
invalid,1
"stmdage r0, {r0, r3, r4, r5, r7}",1
invalid,1
bne 0x84c004,1
invalid,1
invalid,1
"andeq r2, r0, lr, lsl 10",1
"andeq r3, r0, sp, lsl fp",1
"eoreq r0, r5, r1, lsr 4",1
"eorseq r3, fp, r0, lsl 22",1
"ldrbths r2, [r6], 0x100",1
bllo 0x164b194,1
"stc p0, c0, [r5], -0",1
"andeq r0, r0, r4, lsr 32",1
"andeq sp, sp, sl, lsr 32",1
"strhs r2, [r6, -0x200]!",1
"mrsls r0, apsr",1
"mrc2 p15, 1, r7, c13, c8, 5",1
invalid,1
invalid,1
invalid,1
"stmhs fp!, {r0, r2, r4, r7, r8, sb}",1
"subshs r0, r0, r0",1
invalid,1
invalid,1
"strpl r0, [r1, -0]",1
"andseq r0, r7, r0, asr ip",1
"mrrchs p1, 0, r0, sp, c0",1
"andeq fp, r0, r4, asr 20",1
"andeq r2, r0, sp, lsl 26",1
blt 0xe189e0,1
invalid,1
"teqeq r7, r0",1
"rsbseq r0, sp, r3, asr r2",1
"subseq r0, r2, 0xc000000d",1
"teqeq r7, r6, ror r0",1
"rsbseq r0, r7, r1, asr r2",1
"ldmdbeq r0, {r0, r1, r2, r4, r5, r8} ^",1
"ldmdbhs r0!, {r2, r4, r5, r6}",1
"ldmdbhs r0!, {r0, r2, r4, r5, r6}",1
"andeq r0, r0, r1, lsr 32",1
"strlt r4, [r1], -0xa00",1
invalid,1
"stchi p3, c0, [r1, -0x2cc]",1
invalid,1
"andeq r2, r0, sp, lsl 18",1
invalid,1
invalid,1
"mrsvs r0, spsr",1
invalid,1
"strheq r0, [sp, r3]",1
"mrseq r0, spsr",1
invalid,1
invalid,1
"andpl r0, r0, 0",1
"ldrdeq r2, r3, [r0], -r7",1
"andeq fp, r0, r8, asr 20",1
"andeq fp, r0, r4, asr sl",1
invalid,1
"andeq r2, r0, r7, ror 18",1
"eoreq lr, r8, r1, lsr 20",1
"eorseq r7, fp, r0, lsl 14",1
"ldmhs r4!, {r8, sp} ^",1
bllo 0xfe60b264,1
"eoreq r0, r1, r0",1
"stmdblt r0, {r0, r3, r5}",1
"movwpl r0, 0x3b",1
"andeq fp, r0, r0, asr sl",1
"andseq r6, r3, r1, lsl 20",1
"movwpl r3, 0x1700",1
"ldrpl r0, [r8, -r5, lsl 6]!",1
"teqeq r7, r1",1
invalid,1
"qaddpl r3, r2, r1",1
invalid,1
"cmpeq r0, 0xc000000d",1
"ldrsheq r0, [r0], -0x13",1
"stmdbeq r1, {sl, ip, lr}",1
invalid,1
"stchi p3, c0, [r1, -0x2e4]",1
"strpl r0, [r0], -1",1
"strhvc r0, [r0], -sl",1
"andeq r0, r0, 0xba",1
invalid,1
svclo 0x29,1
"rsbeq r7, r7, r1, ror 4",1
"stchi p9, c11, [r3, -4]",1
ble 0xb2c8,1
"andmi r0, r0, fp, lsr r0",1
"andeq r0, r0, r1, lsl 26",1
invalid,1
"streq r0, [r0], -r0",1
svcmi 0x3c,1
"ldrdeq r2, r3, [r0], -r7",1
"andeq fp, r0, ip, asr sl",1
"andeq r0, r0, r0, lsr 28",1
invalid,1
"andeq r2, r0, r0, lsl 18",1
"andeq r3, r0, r2, lsr ip",1
"eoreq pc, r8, r1, lsr 8",1
"eorseq r5, ip, r0, lsl 28",1
"stmhs sl!, {r8, sl, sp} ^",1
"movwpl r0, 0",1
"andeq fp, r0, ip, ror 20",1
"andseq r6, r3, r1, lsl 20",1
"movwpl r3, 0x1700",1
"ldrpl r0, [r8, -r5, lsl 6]!",1
"teqeq r7, r1",1
invalid,1
"qaddpl r3, r1, r1",1
"andpl pc, r1, r3, lsl 6",1
"cmpeq r0, r7, lsr r1",1
"andeq r0, r0, r0, lsr r0",1
"cdpeq p1, 6, c0, c2, c10, 2",1
svclt 0x10000,1
"orreq r0, sp, r3, lsl 2",1
"andhs r0, r1, r0",1
blmi 0xb3e4,1
svclt 0x1006e,1
"andeq r2, r0, r3, lsl 10",1
"rsbvc r4, r1, 0, 22",1
svclt 0x10067,1
"andeq r8, r1, r3, lsl 26",1
invalid,1
"andvc r0, r0, sb, lsr 32",1
"strhhi r0, [r0], -sl",1
"andeq r0, r0, 0xba",1
invalid,1
invalid,1
"andeq r2, r0, sb, lsl 20",1
"andeq r3, r0, sl, lsl 25",1
"eoreq r1, sl, r1, lsr 6",1
"eorseq sl, ip, r0, lsl 22",1
"ldmhs r7, {r8, sb, sl, fp, lr} ^",1
blt 0x1c0b380,1
"cdpeq p0, 3, c0, c8, c0, 0",1
"mrsgt r0, apsr",1
"stmdbhs r0, {r0, r1, r8, sl, ip, lr}",1
"ldrbths r0, [pc], -r0       ; [0xb390:4]=0x28ea26",1
"strdeq r2, r3, [r0], -r4",1
"eoreq lr, r8, r6, lsr 20",1
blt 0x1f1ff9c,1
bvs 0x4b3a0,1
"smladlo r0, r3, r0, r0",1
"movweq r5, 0x5301",1
"andeq r5, r1, r8, lsr r7",1
"subseq r0, r2, 0xc000000d",1
"teqeq r7, sb, lsl 30",1
invalid,1
"andpl r3, r1, r1, asr r7",1
"andpl pc, r1, r3, lsl 6",1
"strpl r0, [r0], -0",1
"andeq r5, lr, r1, lsl 24",1
"biceq r0, r5, 0, 2",1
"andeq r8, r1, r1, lsl 26",1
"adcseq r8, sl, r0",1
"adcseq sb, sl, r0, lsl 16",1
"rsbseq r0, sp, r0, lsl 4",1
"eoreq r2, fp, r1, lsl 24",1
"rsbvc r3, r1, 0, 30",1
"strgt r0, [r1, -0x67]",1
"andeq r8, r1, r3, lsl 26",1
"eorseq ip, ip, r0, lsl 24",1
"ldmibhs r6!, {r8, sb, sl, fp, lr} ^",1
blt 0xfe00b3f8,1
"cdpeq p0, 5, c0, c0, c0, 0",1
"strgt r0, [r1, -r0]",1
bhs 0x4d3810,1
"ldcllo p0, c0, [r8], 0",1
invalid,1
"andeq r0, r0, sl, lsr 32",1
"eoreq sp, r8, pc, asr 14",1
"adcseq r8, sl, r0",1
"andeq r7, lr, r0",1
"biceq r0, r1, 0, 2",1
"eoreq r0, sb, r5, asr r0",1
invalid,1
invalid,1
"strhs r0, [r0, -0x3c]",1
"andeq r2, r0, sl, ror 17",1
blt 0xfe520038,1
bvs 0x4b43c,1
"smladlo r0, r3, r0, r0",1
"movweq r5, 0x5301",1
"andeq r5, r1, r8, lsr r7",1
"subseq r0, r2, 0xc000000d",1
"teqeq r7, sb, lsl 30",1
invalid,1
"andpl r3, r1, r0, asr r7",1
"andeq r3, r0, r1",1
bleq 0x15cb460,1
invalid,1
"andeq r5, r4, r6, ror 2",1
"stmdals r3, {r8, sl}",1
invalid,1
"andeq r0, r0, pc, lsl r1",1
"andeq r2, r0, sp, asr 22",1
"andeq r0, r1, sp, lsl 10",1
bllo 0x4b080,1
"andeq r0, r0, r8, ror 25",1
"vstrlo d13, [r2, -4]",1
"streq r0, [r0, -0x2b]",1
"cmpeq r7, r3, lsl 16",1
"ldmdaeq r3, {r8, sb, fp, ip, sp} ^",1
invalid,1
"andeq r3, r0, r2, lsl 14",1
invalid,1
bllo 0xba00,1
"muleq r0, sp, fp",1
"strlt sp, [r2], -0xd01",1
"streq r0, [r0, -4]",1
"cmpeq r7, r3",1
"vstmiaeq r0!, {d19}",1
"cdple p0, 0, c0, c1, c0, 0",1
"andseq sb, r5, r2, lsl 14",1
"stmdahs r3, {r8, sl}",1
invalid,1
"andeq r0, r0, sp, lsl 3",1
"andeq r2, r0, r5, lsr 23",1
"andeq r0, r1, sp, lsl 10",1
"stmdapl r0, {fp}",1
"andeq r0, r0, r8, asr 24",1
blhs 0xfedde0e4,1
"streq r0, [r1, -0]",1
"sbcseq r0, r1, r3, lsl 16",1
blhs 0xfe54e0ec,1
bmi 0x30b4f0,1
invalid,1
"stceq p0, c0, [r0, -0xac]",1
"andeq r0, r0, r5, lsl 2",1
"ldclls p0, c0, [r8, -0x1c]",1
invalid,1
"eoreq sp, fp, sb, asr lr",1
"movweq r0, 0x5100",1
"andeq sp, r0, r8, ror 1",1
"eoreq fp, fp, fp, lsl 24",1
"ldcleq p9, c5, [sl], -0",1
bge 0x4b51c,1
"andeq r5, r4, r3, lsl 2",1
"movweq r0, 0x5100",1
"andeq r5, r1, r8, lsr r7",1
"andeq ip, r2, sl, asr r2",1
"strhs r0, [r8, 0xb00]!",1
invalid,1
"ldreq r5, [r0, r1, lsl 20]",1
invalid,1
"andeq r0, r0, r5, lsr 8",1
"cmpeq fp, r1, lsl 2",1
"andeq r0, r0, ip, ror sp",1
"stchi p0, c2, [r1, -0x3c]",1
invalid,1
"andseq r0, ip, 92, 2",1
"movwlo r0, 0xc000",1
"andeq r1, r1, r1, lsl 18",1
"mcrrhs p1, 0, r0, r0, c0",1
"ldclhi p0, c0, [sp, -0]",1
"stcpl p0, c0, [r0, -4]",1
"andeq r0, r0, sp, lsl 3",1
"andeq r2, r0, sp, asr r5",1
"cmpeq lr, r0",1
"andeq r0, r0, sb, ror 24",1
"mrseq r6, apsr",1
"andeq r0, r0, ip, lsr 32",1
"eoreq r6, ip, r1, lsl 16",1
"stclhs p13, c5, [r8], -0",1
"ldclhi p0, c0, [sp, -0]",1
"stcpl p0, c0, [r0, -4]",1
"andeq r0, r0, ip, lsr 32",1
"eoreq r6, ip, sp, asr lr",1
"streq r0, [sb], -0",1
"andeq r0, r0, lr, lsr r0",1
"bicseq r0, r6, 0x9000000",1
"cmpeq ip, r0",1
"andeq r0, r0, r8, lsl fp",1
"strhs r8, [r1, -0x80d]",1
invalid,1
"andeq r2, r0, ip, lsl 25",1
"andeq r7, r3, sp, asr fp",1
"cmpeq lr, r0",1
"strdeq r0, r1, [r0], -r1",1
"mrseq r6, apsr",1
"andeq r0, r0, r5, lsr 32",1
"eoreq sl, ip, r1, lsl 10",1
"stchs p13, c5, [r5], 0",1
invalid,1
"eoreq sl, ip, r4, lsl 22",1
"bicseq r0, r6, 0, 22",1
"cmpeq lr, r0",1
"andeq r0, r0, r2, lsr r3",1
invalid,1
"andeq r0, r0, ip, lsr 32",1
"eoreq ip, ip, r1, lsl 18",1
"orreq r5, sp, r0, lsl 26",1
blpl 0xb5fc,1
"andeq sb, r8, r1, lsl 4",1
"cmpeq r0, r0",1
"ldrdeq r2, r3, [r0], -r7",1
"andhi r0, r4, 0x4000",1
invalid,1
"andeq sb, ip, r1, lsl 22",1
invalid,1
"andeq r0, r0, r5, lsr 32",1
"eoreq pc, ip, r1, lsl 30",1
invalid,1
invalid,1
"stcpl p0, c0, [r0, -4]",1
"andeq r0, r0, ip, lsr 32",1
"vmlavs.f64 d5, d1, d0",1
invalid,1
"eoreq r0, ip, fp, lsl 3",1
svcpl 0x10000,1
"andeq r3, r8, r1, lsl 12",1
"andeq r1, r2, 0, 2",1
invalid,1
"strheq r0, [r0], -r8",1
"andeq r1, r1, r1, lsl 14",1
"stmdblo r1, {r8}",1
"stcpl p0, c0, [r0, -0xb4]",1
"andeq r0, r0, r7, lsl r1",1
"andeq r2, r0, sp, asr r5",1
"mrseq r5, apsr",1
invalid,1
"andeq r4, sl, r1, lsl 30",1
"teqeq pc, r0, lsl 8",1
"andeq r0, r0, r7, lsl r1",1
"eoreq r5, sp, r1, lsl 12",1
"tsteq r7, r0, lsl 26",1
"mrrchs p0, 0, r0, sp, c0",1
"andeq r0, r0, r0",1
"subseq r0, ip, 0x40000018",1
"strlo r0, [r4, -r0]",1
"cmpeq ip, r1, lsl 2",1
"andeq r0, r0, pc, ror 12",1
"strne r3, [r1, -r4, lsl 18]",1
invalid,1
"andeq r2, r0, r8, ror sp",1
"andeq r2, r0, sp, asr ip",1
invalid,1
"strdeq r0, r1, [r0], -r5",1
invalid,1
"eoreq r8, sp, r1, lsl 26",1
"tsteq r7, r0, lsl 26",1
blpl 0xb6c0,1
"andeq r5, r5, r1, lsl 10",1
"teqeq r2, r0, lsl 4",1
"muleq r0, r8, r1",1
"andhi r6, r1, 0x4000000",1
"streq r0, [r0], -0xb",1
"tsteq r7, r2, asr 2",1
"stcpl p0, c0, [r1, -0]",1
"strheq r0, [r0], -sb",1
"andeq r2, r0, sp, asr ip",1
invalid,1
"andeq r0, r0, 3",1
"andeq r1, pc, r0, lsl 22",1
"cdpeq p4, 0, c0, c1, c0, 0",1
invalid,1
"andeq r0, r0, sl, lsl 29",1
"andeq r0, r0, r6, ror 3",1
"muleq r0, r8, sl",1
"andeq fp, r0, ip, ror 21",1
"ldrdeq r1, r2, [r0], -r7",1
invalid,1
"andeq r0, r0, 0",1
"eorseq r0, pc, r2, lsl 14",1
"streq r0, [r2], -0",1
"andeq r2, r0, r7, lsl 8",1
"streq r0, [r4, -r0, lsl 4]",1
"andeq r0, r0, pc, lsl r0",1
"movwlo r0, 0x6102",1
"andeq r0, r0, 0",1
"sbceq r0, fp, r2, lsl 10",1
"streq r0, [r3], -0",1
"strbtvc r6, [lr], -0x905",1
"streq r0, [r8, -0x200]",1
"andeq r0, r0, r0",1
bne 0x1cd750,1
"streq r0, [r0], -0",1
"andeq r0, r0, r6, lsr 4",1
"subseq r3, r6, r3, lsl 14",1
"strhs r0, [r4], -0",1
"movweq r0, 1",1
"andeq r5, r0, r8, lsr sp",1
invalid,1
"strhi r0, [r3, -0]",1
"andeq r0, r0, pc, rrx",1
"andeq r6, r5, r4, lsl 26",1
"orrlo r0, r6, 0, 6",1
"streq r0, [r0], -0",1
"muleq r0, r3, r1",1
"eorseq r8, r3, r3, lsl 14",1
blne 0x10b784,1
"movweq r0, 5",1
"andeq r3, r0, r8, lsl 21",1
"strteq r0, [pc], r0, lsl 8",1
invalid,1
"andeq r0, r0, pc, rrx",1
"andeq fp, r1, r4, lsl 2",1
"orrlo r0, sl, 0, 6",1
"streq r0, [r0], -0",1
"andeq r0, r0, r7, asr 6",1
"eorseq r8, r3, r3, lsl 22",1
"streq r0, [r2], -0",1
"andeq r0, r0, r5, lsl 10",1
"ldrbeq r0, [fp, -0x400]!",1
"stchi p0, c0, [r3, -0]",1
"andeq r0, r0, r4, rrx",1
"strle r0, [r7, -0x402]",1
"streq r0, [r0], -0",1
"andeq r0, r0, r6, ror 11",1
"sbceq sb, r7, r3, lsl 8",1
blo 0x10b7d4,1
"movweq r0, 5",1
"andeq ip, r0, r2, lsr 15",1
"ldrbteq r0, [pc], -0x400    ; [0xb7e0:4]=100",1
invalid,1
"andeq r0, r0, r4, rrx",1
"andeq pc, r3, r4, lsl 18",1
"ldrgt r0, [r8, r0, lsl 6]!",1
"andeq r0, r0, 0",1
"eorseq r0, sl, r1, lsl 16",1
"stcne p0, c0, [r4, -0]",1
"streq r0, [r0], -5",1
"andeq sl, r0, r2, lsr r6",1
invalid,1
invalid,1
"andeq r0, r0, sl, ror r0",1
"andeq sp, r2, r5, lsl 18",1
"stmdavc r5, {fp}",1
"andeq r0, r0, r2, asr r1",1
"andeq r6, r4, r6, lsl 30",1
"rsbs r0, sl, r0, lsl 10",1
"andeq r0, r0, 0",1
ble 0x18b8b8,1
"streq r0, [r0, -3]",1
"andeq r0, r1, fp, ror r1",1
"strteq r0, [r3], -0x200",1
"stmdapl r4, {r8, sb, sl}",1
"stmdaeq r0, {r0}",1
"andeq r0, r0, ip, lsl 2",1
"andeq r7, r6, r5, lsl 16",1
"strhs r6, [r6], -r0, lsl 16",1
"andeq r0, r0, sl, asr 4",1
"andeq r4, r6, r6, lsl 6",1
bvc 0xa0d058,1
"andeq r0, r0, 0",1
"andgt r0, r6, 0x23",1
"streq r0, [r0], -r5",1
"andeq r2, r0, sb, lsr 24",1
"stmdaeq r3!, {sb}",1
"andeq r7, r3, r6, lsl 12",1
blls 0xb4d074,1
"andeq r0, r0, 0",1
svcge 0x60c23,1
"streq r0, [r0], -r3",1
"andeq fp, r0, pc, lsr 2",1
"eorne r0, r3, r0, lsl 4",1
"andeq sb, r4, r6, lsl 8",1
"ldclt p6, c0, [r0], -0",1
"andeq r0, r0, 0",1
"andlt r1, r6, r3, lsr 8",1
"streq r0, [r0], -r2",1
"andeq r8, r0, r1, lsr r5",1
"stmdane r3!, {sb}",1
"andeq fp, r5, r6, lsl 22",1
"eorsls r0, r2, r0, lsl 12",1
"andeq r0, r0, 0",1
"movwhs r1, 0x6c23",1
"streq r0, [r0], -r5",1
"andeq r7, r0, r3, lsr sl",1
"eorhs r0, r3, r0, lsl 4",1
"andeq ip, r5, r6, lsl 18",1
"ldchs p6, c0, [r4], -0",1
"andeq r0, r0, 0",1
invalid,1
"streq r0, [r0], -r3",1
"andeq ip, r0, r8, lsr lr",1
"eorlo r0, r3, r0, lsl 4",1
"andeq ip, r4, r6, lsl 28",1
bl 0xe8d0e4,1
"andeq r0, r0, 0",1
"strge r3, [r6], -r3, lsr 16",1
"streq r0, [r0], -r2",1
"andeq pc, r0, pc, lsr r6",1
"eormi r0, r3, r0, lsl 4",1
"andeq r2, r2, r6, lsl 30",1
"stmdbhs r8, {sb, sl} ^",1
"andeq r0, r0, 1",1
"strvs r4, [r6, -r3, lsr 16]",1
"streq r0, [r0], -r6",1
"andeq r2, r1, sb, asr 18",1
"eorpl r0, r3, r0, lsl 4",1
"andeq pc, r0, r6, lsl 20",1
"stmdbhs sl, {sb, sl} ^",1
"andeq r0, r0, 1",1
"stmdavc r6, {r0, r1, r5, fp, ip, lr}",1
"streq r0, [r0], -r3",1
"andeq sl, r0, sl, asr r6",1
"eorvs r0, r3, r0, lsl 4",1
"cmneq r8, r0, lsl 10",1
"ldreq r0, [r0, -r0]",1
"andeq r7, r2, r7, lsl 6",1
"cmneq r8, 0, 12",1
invalid,1
"andeq r0, r0, r3, lsl r1",1
"streq r2, [r0], -r2, lsl 6",1
"andeq r0, r0, r3, asr 12",1
"tsteq lr, r7, lsl 20",1
"movwhs r0, 0x2000",1
"mrseq r0, apsr",1
"ldrdeq r0, r1, [r0], -r4",1
"mrseq ip, apsr",1
"andeq r0, r0, pc, asr 32",1
"andeq sb, r2, r3, lsl 30",1
invalid,1
"stcgt p0, c0, [r2, -0]",1
"andeq r5, r1, r1, lsl 4",1
"rscseq r0, pc, 0, 20",1
"stcgt p0, c0, [r2, -0]",1
"andeq sb, r2, r1, lsl 30",1
"streq r0, [r7], -0",1
"andeq r0, r0, sp, asr r1",1
invalid,1
"stcne p0, c0, [r1, -0]",1
"andeq r2, r3, r1, lsl 6",1
"adcseq sb, sl, r0, lsl 16",1
"adcseq lr, sl, r0, lsl 24",1
"eorseq r2, sp, r0, lsl 8",1
invalid,1
"stcls p0, c0, [ip, -0]",1
invalid,1
"andeq r2, r3, sp, lsl r3",1
"eorseq r5, sp, r0, lsl 2",1
"movweq r0, 0x1d00",1
svcne 0x10000,1
"andeq r0, r0, sp, asr r1",1
svcvc 0x909103,1
"andeq r7, r2, lr, lsl 6",1
"adcseq sl, sl, r0, lsl 8",1
"adcseq fp, sl, r0, lsl 8",1
svceq 0x200100,1
"muleq r0, r2, r2",1
"strhi r5, [pc], -r1, lsl 26",1
"streq r0, [r0], -r2",1
"sbceq r4, ip, r3, lsl 8",1
"ldrlt sb, [r0], -0xf00",1
"stmdbhs r0, {r1, r3, r4, r5, r7}",1
invalid,1
"stcvc p2, c5, [r2, -4]",1
"mrspl r1, apsr",1
"mcrrgt p3, 0, r0, r4, c5",1
"tsteq r1, r0",1
"eorseq r0, r3, r0, asr r1",1
"streq r0, [r7], -0",1
"andeq r0, r0, sl, asr 4",1
"strbteq r0, [r1], -0x112",1
invalid,1
"andeq r6, r3, r1, lsl 22",1
"subeq r0, pc, r0, lsl 2",1
"movwne r0, 0x1000",1
"andeq r0, r0, pc, asr 32",1
"andeq r5, r1, r3, lsl r2",1
"addseq r1, pc, 0, 6",1
"andeq r0, r0, r0",1
"muleq r0, ip, ip",1
"eorne r0, r8, r2",1
invalid,1
"andeq r0, r0, lr",1
"andeq sp, lr, r1, lsl 22",1
"andeq lr, r1, r0, lsl 12",1
"adcseq lr, sl, r0, lsl 24",1
"sbceq r4, r1, r0, lsl 24",1
"andseq sb, r2, r0, lsl 22",1
svceq 0x410200,1
invalid,1
"andeq r0, r0, r0, lsr r0",1
"andeq r0, pc, r3, lsl 4",1
"andeq r0, r7, r0, lsl 8",1
"andeq r0, r0, sl, asr 32",1
"andeq r5, pc, r4, lsl 30",1
"andeq r4, r0, r0, lsl 20",1
"eoreq r0, r3, r0, lsl 4",1
"streq r0, [r5], -1",1
"andeq r0, pc, r2, lsl 8",1
"strbhs r0, [r6, -0x300]!",1
"andeq r0, r0, 0",1
"andeq r0, r0, pc, lsr r5",1
"rsbeq sp, r2, r4, lsl 10",1
"streq r0, [r6], -0",1
"andeq r2, r0, r7, lsl 8",1
"stmdaeq r1, {sb, sl}",1
"andeq r0, r0, r1, lsr r0",1
svclo 0x70206,1
"streq r0, [r0], -r0",1
"andseq r0, pc, r4, lsl 14",1
invalid,1
"andeq r3, r0, r6, lsl 6",1
"streq r0, [r2, -0x600]",1
"andeq r0, r0, fp, asr 1",1
"stmdbvs r5, {r0, r1, r2, sl}",1
"streq r7, [r0], -lr, ror 8",1
"andeq r0, r0, r8, lsl 10",1
invalid,1
"andeq r1, r0, r7, lsl 20",1
"eoreq r0, r6, 0, 4",1
"strlo r0, [r5, -r0]",1
"muleq r0, r3, r0",1
"andeq sp, r0, r2, lsl 28",1
"strlt r0, [ip, r0, lsl 10]",1
"streq r0, [r0], -r0",1
"andeq r0, r5, r4, lsl 10",1
blvc 0x8baf4,1
"streq r0, [r0, -5]",1
"andeq sl, r0, sp, lsl 3",1
"streq r0, [r4, -r0, lsl 12]",1
"ldrdeq r0, r1, [r0], -r5",1
"sbcseq r0, r6, r8, lsl 8",1
invalid,1
"andeq r3, r0, r8, lsl 20",1
"ldrbeq r0, [r5], -0x200",1
"andlo r0, r6, r0",1
"andeq r0, r0, r8, ror 1",1
"andeq r5, r4, r3, lsl 2",1
invalid,1
"andeq r0, r0, r3, lsr 5",1
"andeq r3, sl, sb, lsl 30",1
"ldclhi p8, c0, [r7], 0",1
"andeq r0, r0, 0",1
"str r0, [sb], -r3, lsr 32",1
invalid,1
"strdeq sp, lr, [r0], -ip",1
"strteq r0, [r3], -0x200",1
"andeq ip, r3, sb, lsl 6",1
"rscsle r0, sp, r0, lsl 16",1
"andeq r0, r0, 0",1
"strhi r0, [sb, -0x823]",1
"stmdaeq r0, {r0, r2}",1
"strdeq sp, lr, [r0], -lr",1
"stceq p2, c0, [r3], -0",1
"andeq ip, r6, sb, lsl 16",1
"rscsle r0, pc, r0, lsl 16",1
"andeq r0, r0, 0",1
invalid,1
"stmdaeq r0, {r1}",1
"sbcseq r0, r0, r0, lsl 2",1
"movwhs r0, 0x2000",1
"ldreq r0, [r5], -0xa14",1
invalid,1
"andeq sp, r0, r1",1
"stmdane r3!, {sb}",1
"andeq r6, r1, sl, lsl 4",1
invalid,1
"ldrdeq r0, r1, [r0], -r0",1
beq 0x7147a4,1
"andeq r0, r0, r4, lsl 4",1
"andle r0, r1, r8, lsl 6",1
"andeq r0, r0, 0",1
"stmdblo sl, {r0, r1, r5, sp}",1
"stmdaeq r0, {r0, r1}",1
"sbcseq r0, r0, r5, lsl 2",1
"movwhs r0, 0x2000",1
"ldrbeq r0, [r7], -r4, lsr 20",1
"streq r0, [r8], -r0",1
"andeq sp, r0, r1",1
"stmdahs r3!, {sb}",1
"andeq sb, r5, sl, lsl 20",1
"mrseq r0, apsr",1
"ldrdeq r0, r1, [r0], -r0",1
beq 0xb147e0,1
"andeq r0, r0, r6, ror r4",1
"mrs r0, apsr",1
"andeq r0, r0, 2",1
"vhadd.u8 d3, d10, d19",1
invalid,1
"rsceq r0, r7, 0xc0000002",1
"movwhs r0, 0x2000",1
invalid,1
"stceq p0, c0, [r8, -0]",1
"andeq r8, r0, r1, lsl 24",1
"stmdalo r3!, {sb}",1
"andeq r8, r3, sl, lsl 10",1
"tsteq r1, r0, lsl 16",1
"andeq r0, r0, ip, lsl 1",1
beq 0xf1481c,1
"andeq r0, r0, r0, asr r2",1
invalid,1
"andeq r0, r0, 0",1
"andne r4, sl, r3, lsr 32",1
"stmdaeq r0, {r1}",1
"rsbseq r0, r0, r7, lsl r1",1
"movwhs r0, 0x2000",1
"ldrbeq r0, [pc], 0xa44      ; [0xbc34:4]=0x7e01",1
invalid,1
"andeq r7, r0, r1, lsl 28",1
"strtmi r0, [r3], -r0, lsl 4",1
"andeq r4, r1, sl",1
"tsteq sb, r0, lsl 16",1
"andeq r0, r0, sp, ror 5",1
beq 0x11d4858,1
"andeq r0, r0, pc, ror r3",1
"stc2 p13, c1, [r1, -0x20]",1
"andeq r0, r0, 2",1
"strpl r4, [sl], -0x823",1
"stmdaeq r0, {r1}",1
"adcseq r0, lr, r6, lsr 2",1
"movwhs r0, 0x2000",1
"strbeq r0, [r2, 0xa50]",1
svchs 0x80000,1
"andeq r4, r0, r1, lsl 20",1
"stmdapl r3!, {sb}",1
"andeq ip, r5, sl, lsl 18",1
"teqeq r0, r0, lsl 16",1
"andeq r0, r0, sl, asr 32",1
beq 0x1714894,1
"muleq r0, pc, r2",1
bmi 0x580b4,1
"andeq r0, r0, 0",1
"stmdale sl, {r0, r1, r5, sp, lr}",1
"stmdaeq r0, {r0, r2}",1
"subeq r0, sl, r2, lsr r1",1
"movwhs r0, 0x2000",1
"ldrbeq r0, [0x0000c710]     ; [0xc710:4]=0x1f0704",1
"movwlo r0, 0x8000",1
"andeq r5, r0, r1, lsl 14",1
"stmdavs r3!, {sb}",1
"andeq fp, r3, sl, lsl 2",1
"teqeq r5, r0, lsl 16",1
"andeq r0, r0, ip, lsl 1",1
beq 0x1b148d0,1
"strdeq r0, r1, [r0], -r5",1
"movweq r3, 0x1708",1
"andeq r0, r0, 3",1
bleq 0x27d64,1
"andeq r0, r0, r6, asr 8",1
"strlt sb, [r3, -r8, lsl 22]",1
invalid,1
"rsceq sl, r1, 8, 2",1
"strvc r0, [sb, -0]",1
"stmdaeq r0, {r0, r2}",1
"andeq lr, r2, r2, lsr 3",1
"eoreq r0, r3, r0, lsl 4",1
"andeq r0, r3, sb, lsl 18",1
"str r0, [r3, r0, lsl 16]!",1
"andeq r0, r0, 2",1
bvs 0x24cd94,1
"stmdaeq r0, {r2}",1
"andeq r8, r0, r7, lsr 25",1
"stmdaeq r3!, {sb}",1
bge 0x10dd18,1
"stmdaeq r0, {r1}",1
"andeq lr, r0, r4, lsl 16",1
"sbcseq r0, r6, r0, lsl 24",1
"rscseq r0, sp, 0",1
invalid,1
"andeq r0, r0, r0",1
"movwge r0, 0x4800",1
invalid,1
"ldrdeq r0, r1, [r0], -r6",1
"andeq r0, r0, r3, lsl r3",1
"andeq ip, r0, sp, lsl 18",1
"stmdaeq r0, {r8, sb, sl, sp}",1
"andeq r1, r3, r4, lsl 18",1
"sbcseq r0, r6, r0, lsl 28",1
"streq r0, [pc], -0",1
invalid,1
invalid,1
"stcle p0, c0, [r0, -0x3c]",1
"tsteq r1, pc",1
"andeq r0, r0, r8, asr 5",1
invalid,1
"movweq r0, 0",1
"andeq r5, r3, r1, lsl 18",1
"sbcseq r1, r0, 0, 4",1
svcpl 0x20000,1
"andeq r0, r0, sb, asr r3",1
"andeq sl, r5, r2, lsl sp",1
"cmpne pc, 0, 4",1
"movwne r0, 3",1
"stcle p8, c0, [r4, -0]",1
invalid,1
"andeq ip, r2, r1, lsl 18",1
invalid,1
"andeq r0, r0, ip, lsl 1",1
"cmneq pc, 0xc0000000",1
"ldcge p0, c0, [r2, -0]",1
"andeq r0, r0, 5",1
"andeq r1, r3, r6, ror 6",1
"strne r1, [r0], -0x300",1
"andeq ip, lr, r1, lsl 22",1
"teqeq lr, r0, lsl 2",1
"andeq fp, r0, ip, ror 21",1
"andeq fp, r0, ip, ror 28",1
"muleq r0, r6, sp",1
"andeq fp, r8, r1, lsl 6",1
"sbcseq r1, r2, 0, 10",1
"cdplo p0, 0, c0, c1, c0, 0",1
"andeq r0, r0, sb, asr r3",1
"andeq r3, r0, r3, asr 27",1
"andeq pc, lr, r5, lsl r5",1
"teqne pc, 0, 2",1
invalid,1
"strne r0, [r0, -0x3d]",1
"andeq r0, r0, sp, ror 29",1
"tsteq r3, 1, 30",1
"cdplo p0, 4, c0, c7, c0, 0",1
invalid,1
invalid,1
"andeq r1, r3, r0, asr 6",1
"eorseq sb, lr, r0, lsl 14",1
"cdpeq p6, 0xa, c1, c8, c0, 0",1
"mrsmi r0, apsr",1
"strheq r0, [r0], -r3",1
"strne sb, [r0], -r2, lsl 2",1
"andeq r0, r0, r6, lsr 29",1
"subseq r4, r7, r1, lsl 2",1
invalid,1
invalid,1
bllt 0x30be2c,1
bllt 0x90be30,1
"strmi r0, [r1], -0",1
"andeq r0, r0, ip, asr 8",1
"andeq r4, r3, r8, lsl ip",1
"eorseq lr, lr, r0, lsl 20",1
"movteq r1, 0x1800",1
svclo 0x20000,1
"ldrhs r0, [sb], -0",1
invalid,1
bne 0xbe84,1
"vcgt.u8 d5, d3, d1",1
"tsteq sl, r1, lsl 2",1
"strhi r0, [r3], -0x552",1
bne 0xc1a8,1
"mrslo r5, apsr",1
"subseq r0, r0, 0x80000006",1
"andseq r0, sl, 0x75",1
invalid,1
"andseq r5, sl, 0x4000000",1
invalid,1
"andeq r5, r0, r1, lsl 4",1
"andeq r2, r3, r7, lsl lr",1
"adcseq r3, fp, r0, lsl 16",1
"adcseq r5, fp, r0",1
blhi 0x150c290,1
blne 0xbea4,1
"andeq r0, r0, ip, asr 6",1
"andeq r4, r3, r8, lsl r1",1
"eorseq r2, pc, r0",1
bllt 0x14122a4,1
invalid,1
"tsteq sl, r0",1
bne 0xc4c3f4,1
"strvc r5, [r2, -1]",1
"vstrvc s2, [r2, -0]",1
"stcle p3, c0, [sl, -0]",1
invalid,1
"andeq r0, r0, lr, lsr 6",1
"andeq fp, r0, ip, lsr 23",1
"muleq r0, r0, lr",1
"strbteq sl, [r2], 0x701",1
invalid,1
"movwlo r0, 3",1
"stmdane r0, {r0, r1, r2, r3, r4, r5}",1
"andeq r0, r0, r1, asr 6",1
"andeq r3, r0, r1, asr pc",1
"adcseq pc, fp, sb, lsl ip",1
"andeq r1, ip, r0, lsl 14",1
invalid,1
"tsteq sl, r1, lsl 2",1
"rsbseq r0, r5, r0, asr r2",1
"ldcleq p2, c0, [sp], -0x68",1
bne 0x29708,1
"andeq r7, r8, 2, 26",1
"andseq r0, sl, 0x77",1
"stmdavc r2, {r0, r2, r3, r4, r5, r6, sl}",1
"vstrvc s2, [r2, -0]",1
"rsbseq r0, sl, r0, lsl 4",1
"cdphs p0, 1, c0, c12, c0, 0",1
"andhs r0, r0, r3",1
"stmdage r0, {r2, r3, r4, r5, r7}",1
invalid,1
"andeq r1, r5, r6, ror 28",1
"movteq r1, 0xc800",1
svclo 0x640000,1
"tstmi r8, r0",1
"andhi r0, r0, 3",1
"stcne p0, c0, [r0, -0xfc]",1
"andeq fp, r0, ip, lsr ip",1
"andeq r1, ip, r1, lsl 14",1
invalid,1
"tsteq sl, r1, lsl 2",1
"rsbseq r0, r5, r0, asr r2",1
"cdphs p0, 1, c0, c12, c0, 0",1
invalid,1
"stmdagt r0, {r2, r3, r4, r5, r7}",1
invalid,1
"andeq r5, r5, sl, ror 20",1
"movteq r1, 0xc800",1
svclo 0x950000,1
"tstmi r8, r0",1
"movwlt r0, 3",1
"stcne p0, c0, [r0, -0xfc]",1
"andeq fp, r0, r0, ror ip",1
"andeq r1, ip, r1, lsl 14",1
invalid,1
"tsteq sl, r1, lsl 2",1
"rsbseq r0, r5, r0, asr r2",1
"cdphs p0, 1, c0, c12, c0, 0",1
"andhi r0, r0, r3",1
"stmda r0, {r2, r3, r4, r5, r7}",1
invalid,1
"andeq sb, r5, lr, ror 12",1
"movteq r1, 0xc800",1
svclo 0xc60000,1
"tstmi r8, r0",1
"str r0, [r0], -3",1
"stcne p0, c0, [r0, -0xfc]",1
"andeq fp, r0, r8, lsr 25",1
"andeq r1, ip, r1, lsl 14",1
invalid,1
"tsteq sl, r1, lsl 2",1
"rsbseq r0, r5, r0, asr r2",1
"cdphs p0, 1, c0, c12, c0, 0",1
"stmdalt r0, {r0, r1}",1
"stmdaeq r0, {r2, r3, r4, r5, r7}",1
invalid,1
"andeq sp, r5, r5, ror r1",1
"movteq r1, 0xc800",1
svclo 0xf70000,1
"tstmi r8, r0",1
"strne r0, [r0, -3]",1
"stmdbne r0, {r6}",1
"ldrdeq fp, ip, [r0], -ip",1
"andeq r0, r0, r7, lsl ip",1
"cmpeq r1, sl, lsl r1",1
"andpl r1, r1, r1, lsr sl",1
"andeq r7, r0, r2, lsl 10",1
invalid,1
"ldcllt p0, c0, [r0], 0",1
svceq 0x200000,1
invalid,1
"andeq r0, r0, ip, lsl 12",1
"andeq r4, r3, r8, lsl ip",1
"subeq r2, r0, r0, lsl 16",1
"movteq r1, 0x1800",1
"submi r0, r6, r0",1
"andshs r0, sb, r0",1
invalid,1
bne 0xc064,1
"mrslo r5, apsr",1
"subseq r0, r0, 0x80000006",1
"andeq r0, r0, r5, ror r0",1
"andeq r2, r3, ip, lsl lr",1
"adcseq r3, sp, r0, lsl 8",1
"andeq r3, pc, r0, lsl 16",1
"cdpmi p1, 8, c0, c3, c0, 0",1
"stmdane r0, {r1, r2}",1
"andeq r0, r0, ip, asr 6",1
"andeq r4, r0, sb, asr r0",1
"andeq r4, r3, r8, lsl r1",1
"subeq r7, r0, r0, lsl 14",1
"stcllt p9, c1, [r4, -0]!",1
invalid,1
"tsteq sl, r0",1
bne 0xc4c5b8,1
"strvc r5, [r2, -1]",1
"vstrvc s2, [r2, -0]",1
"rsbseq r0, r6, r0, lsl 4",1
"cdphs p0, 1, c0, c12, c0, 0",1
"stmdavc r0, {r0, r1}",1
"strhpl r0, [r0], -sp",1
invalid,1
"andeq sb, r6, fp, lsl 15",1
"movteq r1, 0xc800",1
"addmi r0, sl, r0",1
"tstmi r8, r0",1
"stmdage r0, {r0, r1}",1
"stmdbne r0, {r6}",1
"strheq fp, [r0], -r4",1
"andeq r0, r0, r7, lsl ip",1
"cmpeq r1, sl, lsl r1",1
"andpl r1, r1, r1, lsr sl",1
bne 0x294c4,1
"andeq r7, r4, 2, 26",1
"andseq r0, sl, 0x76",1
"smlsdxvc r2, sp, r0, r0",1
invalid,1
"andeq r0, r0, lr, lsr 6",1
"andeq fp, r0, r8, asr 27",1
"andeq r0, r0, r8, ror 30",1
"strbteq sb, [r7], r1, lsl 6",1
invalid,1
bllt 0xc0f0,1
"stmdane r0, {r6}",1
"andeq r0, r0, r1, asr 6",1
"ldrdeq r4, r5, [r0], -sb",1
"adcseq r1, lr, sb, lsl r0",1
"andeq r1, ip, r0, lsl 14",1
invalid,1
"tsteq sl, r1, lsl 2",1
"rsbseq r0, r5, r0, asr r2",1
"ldmdaeq sp!, {r1, r3, r4, sb} ^",1
bne 0x29914,1
"andeq r7, r4, 2, 26",1
"andseq r0, sl, 0x77",1
"stmdavc r2, {r0, r2, r3, r4, r5, r6}",1
"strne r0, [r0, -r0]",1
"andeq r0, r0, lr, lsr 6",1
"andeq fp, r0, r4, lsl lr",1
"andeq fp, r0, ip, ror 28",1
"ldreq r4, [r7, -r1, lsl 12]!",1
invalid,1
"streq r0, [r0], -r3",1
"sbcseq sb, r1, r3",1
"tstmi r8, r0, lsl 30",1
invalid,1
"stmdbne r0, {r6}",1
"andeq fp, r0, r8, lsr 28",1
"andeq r0, r0, r7, lsl ip",1
"cmpeq r3, 0x80000006",1
bne 0x148c920,1
"movweq r5, 0x5201",1
"muleq r0, r0, r1",1
"cmpeq r1, sl, lsl r1",1
"vstrvc s2, [r2, -0xc4]",1
invalid,1
svcne 0x53,1
"andeq fp, r0, r4, lsr fp",1
"andeq r0, r0, sl, lsr ip",1
"andeq r0, r0, r8, asr r7",1
"cmpeq r2, sl, lsl r1",1
invalid,1
"orrsle r0, r8, r5, lsl 6",1
"tsteq sl, r0",1
"eorseq r0, r0, r0, asr r1",1
"adcseq r6, fp, pc, lsl r0",1
"andeq r3, ip, r0, lsl 20",1
"andeq r7, r7, r0, lsl 18",1
"andpl r1, r1, 0, 20",1
"tsteq sl, r1, lsl 10",1
invalid,1
bne 0xc4ec,1
"andlo r5, r1, r1",1
bllt 0x1a13db0,1
"mrrceq p0, 0, r0, ip, c0",1
"streq r0, [sp, r0]",1
"tsteq sl, r0",1
"rsbseq r0, r5, r1, asr r2",1
bllt 0xfeb13dc4,1
"ldceq p0, c0, [sl], -0",1
"streq r0, [r5, r0]!",1
"tsteq sl, r0",1
bne 0xd4c71c,1
"andlo r5, r1, r1",1
invalid,1
"ldcleq p0, c0, [sl], -0",1
"andshs r0, pc, r0",1
blo 0xc4d8,1
svcgt 0xc,1
bne 0xc20c,1
"strlo r5, [r1, -0x201]",1
"ldrbeq r0, [r1, -0x11a]",1
"sbcseq r6, r2, r3, lsl 16",1
"andpl r1, r1, r0, lsl 20",1
svcne 0x3001,1
"andeq fp, r0, ip, asr 24",1
"andeq r0, r0, sl, lsr ip",1
"strdeq r0, r1, [r0], -r0",1
"cmpeq r2, sl, lsl r1",1
invalid,1
"rsbsle r0, r8, 0x14000000",1
"tsteq sl, r0",1
"eorseq r0, r0, r0, asr r1",1
"adcseq r8, ip, pc, lsl r0",1
"andeq r3, ip, r0, lsl 20",1
"andeq r1, r8, r0, lsl 2",1
"andpl r1, r1, 0, 20",1
"tsteq sl, r1, lsl 10",1
"andls r0, r3, r1, asr r5",1
bne 0xc588,1
"andlo r5, r1, r1",1
"ldclt p15, c1, [r8], 0",1
"ldceq p0, c0, [sl], -0",1
invalid,1
"tsteq sl, r0",1
bne 0xd4c7a0,1
"movweq r5, 0x5101",1
"andeq sp, r0, ip, lsr 5",1
"cmpeq r0, sl, lsl r1",1
invalid,1
blo 0xc55c,1
"movwpl r0, 0xc",1
bne 0xc294,1
"strlo r5, [r1, -0x201]",1
"ldrbeq r0, [r1, -0x11a]",1
"sbcseq ip, r2, r3, lsl 24",1
"andpl r1, r1, r0, lsl 20",1
svcne 0x3001,1
"andeq fp, r0, r4, lsr sp",1
"andeq r0, r0, sl, lsr ip",1
"andeq r0, r0, r4, ror r8",1
"cmpeq r2, sl, lsl r1",1
invalid,1
"rscsle r0, r0, 0x14000000",1
"tsteq sl, r0",1
"eorseq r0, r0, r0, asr r1",1
"adcseq r7, sp, pc, lsl r8",1
"andeq r3, ip, r0, lsl 20",1
"andeq sb, r8, r0, lsl 10",1
"andpl r1, r1, 0, 20",1
"tsteq sl, r1, lsl 10",1
"stmdane r3, {r0, r4, r6, r8, sl}",1
bne 0xc610,1
"andlo r5, r1, r1",1
"stcllt p9, c1, [r8]",1
"ldceq p0, c0, [sl], -0",1
"tsteq sl, r0",1
bne 0xd4c820,1
"movweq r5, 0x5101",1
"andeq sp, r0, r4, asr 6",1
"cmpeq r0, sl, lsl r1",1
"stmdaeq r0, {r4, r5}",1
"andeq fp, r8, r4, lsl 18",1
"tsteq r3, 0, 28",1
"tsteq r4, r0",1
"andeq r0, r0, r4, ror 30",1
invalid,1
invalid,1
beq 0xc5fc,1
invalid,1
"andeq r0, r0, r3, asr 18",1
"andeq sp, r2, r5, lsl r2",1
"ldmibpl r4!, {r8}",1
"strlo r0, [r0], -r3",1
"strne r0, [r0, -0x41]",1
"strdeq r0, r1, [r0], -r5",1
"tsteq r3, 0x400000",1
"cmpmi r7, r0",1
"ldc p0, c0, [r5, -0]",1
invalid,1
"strheq r1, [r3], -r5",1
"subeq r7, r1, r0, lsl 16",1
svceq 0x391500,1
"strlt r0, [r1], -r0",1
"andeq r0, r0, r3, lsl r3",1
"muleq r0, sb, r1",1
"andeq sl, lr, r6, lsl r8",1
invalid,1
"andeq r0, r0, 8",1
"qadd8ge r0, r1, r1",1
invalid,1
"strheq r5, [r0], -r8",1
"subeq fp, r1, r0, lsl 20",1
"cdplt p9, 0xa, c1, c4, c0, 0",1
"cmneq pc, 0",1
"andseq r0, sl, 0",1
"strvc r0, [r2, -0x7d]",1
"andhs r0, r0, 0",1
"andeq r5, pc, r1",1
"biceq r0, r4, r0, lsl 2",1
"andeq sb, sb, r1, lsl 30",1
"sbcseq r1, r2, 0, 4",1
"strgt r0, [r1], -0",1
"andeq r0, r0, sb, asr r3",1
"andeq pc, lr, r2, lsl r5",1
"bicne r0, r5, 0, 2",1
"andne r0, r0, 3",1
"andeq r0, r0, sp, ror 29",1
"tsteq r3, 0x400000",1
invalid,1
invalid,1
"andeq r1, r3, r6, asr 7",1
"cdpeq p2, 0xa, c1, c8, c0, 0",1
"strgt r0, [r1], -r0",1
"andeq r0, r0, ip, asr 32",1
"andeq sl, lr, r3, lsr 12",1
"strbpl r0, [r8, r0, lsl 2]",1
"movwhs r0, 0",1
"andeq r0, r0, fp, lsl pc",1
"ldmibeq pc, {r0, r8, fp, lr, pc}",1
invalid,1
"andeq r0, r0, r3, lsl r3",1
"andeq r0, r0, pc, lsr 19",1
"andeq ip, r0, sp, lsl 18",1
"strhs r0, [r0], -0x900",1
"andeq r0, r0, r3, asr 18",1
"andeq fp, r0, ip, lsr 29",1
"strheq fp, [r0], -r0",1
"ldrdeq r4, r5, [r0], -sb",1
"andeq r1, sl, r1, lsl 10",1
"ldmdbeq r1, {fp, ip} ^",1
"andmi r0, r5, 0",1
invalid,1
invalid,1
"stmdane r0, {r1, r6}",1
"andeq r0, r0, r7, ror 18",1
"andeq r4, r0, sp, asr r2",1
"andeq r7, sb, r8, lsl r2",1
"subeq r8, r2, r0, lsl 18",1
"ldmdbeq sp!, {fp, ip} ^",1
"adcsmi r0, r5, 0",1
invalid,1
"strle r0, [r0, -sb]",1
"strhs r0, [r0], -r3, asr 32",1
"muleq r0, r3, sb",1
"ldmdbne r0, {r1, r8, ip, pc} ^",1
"andeq fp, r0, r8, ror 30",1
"andeq r0, r0, pc, ror r3",1
"rsbseq r0, sp, sl, lsl r2",1
"subeq sb, r8, r2, lsl 2",1
"strhs r1, [r1], -r0, lsl 8",1
invalid,1
svclt 0xb001e3,1
"sbcgt r0, r8, r0",1
"ldrtmi r0, [r7], 0",1
"str r0, [r1, -0]",1
"strne r0, [r0, -0xa]",1
"ldrdeq r0, r1, [r0], -r2",1
"cmpeq sb, 0x4000000",1
"ldrbtmi r0, [r0], 0",1
invalid,1
invalid,1
"andeq r1, r3, r4, ror 7",1
"subeq r1, r5, r0, lsl 24",1
"cdpeq p5, 0xe, c1, c13, c0, 0",1
"str r0, [r1], -0",1
"andeq r0, r0, r3, lsl r3",1
"andeq r4, r0, r8, asr 10",1
"andeq r3, pc, r6, lsl sb",1
invalid,1
"andeq r0, r0, 3",1
invalid,1
"andeq r0, r0, r8, lsr 29",1
"subeq lr, ip, r1, lsl 14",1
invalid,1
"stmdbeq r3, {r2, r3, r6, fp, sp} ^",1
svclt 0xbc0000,1
svceq 0x800000,1
b 0x4c4bc,1
"andeq r7, sb, r8, lsl sp",1
"subeq r7, r5, r0, lsl 8",1
"ldmdbeq r2!, {sb, sl, fp, ip} ^",1
invalid,1
"stmdbeq r7!, {r2, r3, r5, r6, fp, ip} ^",1
"strmi r0, [sl], r0",1
invalid,1
"strlt r0, [r0], -sb",1
"stmdane r0, {r1, r2, r6}",1
"andeq r0, r0, r1, asr sb",1
"andeq r4, r0, r2, ror 13",1
"andeq sl, pc, sb, lsr 16",1
"stmibeq r8, {r8, sl, sp}",1
"strmi r0, [lr, -r0]",1
invalid,1
"andeq r0, r0, 9",1
"ldmdavc sb, {r0, r4, r7, ip, lr}",1
svcvc 0xc0,1
bne 0xc514,1
invalid,1
"andseq r0, sl, 108, 12",1
invalid,1
"andeq r0, r0, r0, asr 32",1
"andlt r1, r1, r0, lsl 8",1
invalid,1
"sbcgt r0, r8, pc, ror 3",1
"mrsgt r0, spsr",1
"strbmi r0, [lr, r0]!",1
"and r0, r1, r0",1
invalid,1
"andeq r0, r0, pc, asr r3",1
"ldrdeq ip, sp, [r0], -ip",1
"ldrdeq r0, r1, [r0], -r0",1
bleq 0xd49948,1
"andsvc r0, r8, 0",1
"cdpeq p0, 0, c0, c0, c3, 0",1
"stmdbne r0, {r3, r6}",1
"andeq ip, r0, ip, ror 1",1
"andeq r0, r0, r5, lsl 25",1
"ldrbeq r0, [r2, -0x11a]",1
"sbcseq pc, r3, r3, lsl 24",1
"andpl r1, r1, r0, lsl 20",1
"andeq r3, r0, r1, lsl 2",1
"andeq r5, r3, ip, lsl pc",1
"sbceq pc, r0, r0, lsl 24",1
"andeq lr, pc, r0, lsl 16",1
"rscsvc r0, fp, 0, 2",1
"stmdane r0, {r0, r1, r3}",1
"andeq r0, r0, r2, ror r3",1
"andeq r4, r0, ip, lsr 16",1
"sbceq r1, r1, sb, lsl r0",1
"andeq r8, ip, r0, lsl 10",1
"movwpl r1, 0x1a00",1
svcgt 0x300305,1
"tsteq sl, r0",1
"andhs r0, r3, r2, asr r5",1
bne 0xc8dc,1
"mrslo r5, apsr",1
invalid,1
blo 0xc8ac,1
"movwls r0, 0xc",1
bne 0xc5e0,1
"strlo r5, [r1, -0x201]",1
"ldrbeq r0, [r1, -0x11a]",1
"sbcseq lr, r3, r3, lsl 8",1
"andpl r1, r1, r0, lsl 20",1
svcne 0x3001,1
"strdeq ip, sp, [r0], -ip",1
"andeq r0, r0, sl, lsr ip",1
"strheq r0, [r0], -r4",1
"cmpeq r2, sl, lsl r1",1
invalid,1
"ldrle r0, [r4], -0x305",1
"tsteq sl, r0",1
"eorseq r0, r0, r0, asr r1",1
"sbceq r2, r1, pc, lsl r0",1
"andeq r3, ip, r0, lsl 20",1
"andeq sp, fp, r0, lsl 10",1
"andpl r1, r1, 0, 20",1
"tsteq sl, r1, lsl 10",1
"stmdahs r3, {r0, r4, r6, r8, sl}",1
bne 0xc954,1
"andlo r5, r1, r1",1
"teqgt r0, r0, lsl 20",1
invalid,1
"andeq r0, r0, ip",1
"andeq ip, r2, fp, lsr 4",1
"str r0, [r8, r0, lsl 12]!",1
invalid,1
"ldreq r2, [r0, r1, lsl 22]",1
invalid,1
"andeq r0, r0, r7, ror 5",1
"strle r0, [ip], -r1, lsl 2",1
"streq r0, [r0, -0]",1
invalid,1
svceq 0x232b00,1
"andhs r0, sb, 0",1
"andeq r0, r0, r2, lsl ip",1
blx 0x38ca4c,1
"stchs p0, c0, [r0, -0x2c]",1
"andeq r0, r5, r1, lsl 26",1
"cmpeq r5, r0, lsl 4",1
"andeq r0, r0, ip, lsl 1",1
"andeq r3, ip, r1, lsl 20",1
"cmpeq sb, 0, 28",1
"stchi p0, c0, [lr], -0",1
"cdphs p0, 0, c0, c0, c0, 0",1
"andeq r0, r0, r3, lsl r3",1
invalid,1
"andeq r0, r0, ip, lsl r2",1
"andle r3, r1, sl, lsl 6",1
invalid,1
"andeq r0, r0, ip, asr ip",1
"andeq r1, r3, lr, lsr 6",1
"tsteq r3, 0, 28",1
"stchi p0, c0, [lr], -0",1
"andeq r0, r0, r0",1
"ldrteq r0, [sb], pc, lsr 2",1
"strle r0, [r6], -r0",1
"addeq r0, ip, r2, lsl 2",1
bvc 0x4c6a0,1
"cdphs p0, 0, c0, c0, c12, 0",1
"andeq r0, r0, r3, lsl r3",1
"andeq r5, r3, lr, lsr 18",1
"teqeq r0, r0",1
"andeq r0, r0, r6, lsr r8",1
invalid,1
"strlo r3, [r1, -r1, lsl 2]",1
"andeq r0, r0, 2",1
"addeq r0, ip, r7, asr r1",1
"cdphs p0, 0, c0, c1, c0, 0",1
"andeq r0, r0, ip, lsl 1",1
"andeq r1, r3, lr, lsr 6",1
"andeq r1, r0, r0, lsl 6",1
"andeq r0, r0, lr, lsl 6",1
"adcne r0, sp, 2",1
invalid,1
"andeq r0, r0, lr",1
"andeq r7, pc, r1, lsl 6",1
"andeq lr, r1, r0, lsl 12",1
"andseq r1, r5, r0, lsl 24",1
"movweq r0, 0x4200",1
"andeq r0, r0, pc, lsr r5",1
"eoreq sp, sl, r1, lsl 10",1
"streq r0, [r4], -0",1
"andeq r2, r0, r7, lsl 8",1
"stmdaeq r1, {sl}",1
"andeq r0, r0, r1, lsr r0",1
svclo 0x70204,1
"streq r0, [r0], -0",1
"andseq r0, pc, r4, lsl 14",1
invalid,1
"andeq r3, r0, r6, lsl 6",1
"streq r0, [r2, -0x400]",1
"andeq r0, r0, fp, asr 1",1
"stmdbvs r5, {r0, r2, sl}",1
"streq r7, [r0], -0x46e",1
"andeq r0, r0, r8, lsl 10",1
invalid,1
"andeq r1, r0, r7, lsl 20",1
"eoreq r0, r6, 0, 6",1
"strlo r0, [r2, -r0]",1
"andeq r0, r0, fp, asr r0",1
"andeq sp, r0, r3, lsl 28",1
svcvc 0x8c0200,1
"streq r0, [r0], -0",1
"andeq r0, r5, r4, lsl 10",1
blvc 0xcc75c,1
"andeq r0, r0, 5",1
"andeq r6, r0, sp, lsl 19",1
"streq r0, [r4, -r0, lsl 8]",1
"ldrdeq r0, r1, [r0], -r5",1
"addseq r0, lr, r6, lsl 8",1
invalid,1
"andeq r3, r0, r8, lsl 20",1
"ldrbeq r0, [r1], -0x700",1
"orrseq r0, r8, 0",1
"strdeq r6, r7, [r2], -r6",1
beq 0xfce788,1
invalid,1
"andeq r0, r0, r4, asr r0",1
"stmdaeq r0, {r1, r8, sb, sp}",1
"andeq r0, r0, r6, ror 1",1
"addseq pc, r8, r3, lsl 24",1
"movwhs r0, 0x2000",1
"biceq r0, r3, 4, 16",1
"stc2 p0, c0, [r3, -0]",1
"muleq r0, r8, r0",1
"stmdaeq r8, {r1, r8, sb, sp}",1
"andeq r0, r0, r5, lsl 11",1
"addseq pc, r8, r3, lsl 28",1
"movwhs r0, 0x2000",1
"strbeq r0, [r8], ip, lsl 16",1
invalid,1
"muleq r0, r8, r0",1
"ldmdbeq r0, {r1, r8, sb, sp}",1
"strdeq r0, r1, [r0], -r1",1
"stmdals r1, {r0, r1}",1
"andeq r0, r0, 0",1
"strne r1, [sb, -0x423]",1
"movweq r0, 4",1
"addseq r0, r8, r1, lsl 2",1
"movwhs r0, 0x2000",1
invalid,1
"andeq r0, r3, 0",1
"andeq sb, r0, r1, lsl 16",1
"stcne p2, c0, [r3], -0",1
"andeq r0, r2, sb, lsl 8",1
"mrseq r0, sp_svc",1
"muleq r0, r8, r0",1
"stmdbeq r0!, {r1, r8, sb, sp}",1
"andeq r0, r0, sb, lsr r3",1
"stmdals r1, {r0, r1, r8, sl}",1
"andeq r0, r0, 0",1
"strpl r2, [sb, -r3, lsr 8]",1
"movweq r0, 6",1
"addseq r0, r8, r6, lsl 2",1
"movwhs r0, 0x2000",1
"ldreq r0, [sl, 0x928]",1
"streq r0, [r3, -r0]",1
"andeq sb, r0, r1, lsl 16",1
"stchs p2, c0, [r3], -0",1
"andeq r7, r4, sb, lsl 12",1
"mrslo r0, r8_usr",1
"muleq r0, lr, r2",1
"ldmdbeq r0!, {r1, r8, sb, sp}",1
"strdeq r0, r1, [r0], -r3",1
"strge r0, [r1], -0xb03",1
"andeq r0, r0, 2",1
blt 0x2598e0,1
"movweq r0, 1",1
"subseq r0, r4, sp, lsl 2",1
"movwhs r0, 0x2000",1
"orreq r0, r5, 56, 18",1
"mrsne r0, apsr",1
"andeq r5, r0, r1, lsl 8",1
"stclo p2, c0, [r3], -0",1
"andeq r5, r2, sb",1
"tsteq r3, r0, lsl 6",1
"andeq r0, r0, r4, ror r0",1
"stmdbeq r0, {r1, r8, sb, sp} ^",1
"andeq r0, r0, r0, lsl r2",1
"stmdalo r1, {r0, r1, r8, sb, sl, ip}",1
"andeq r0, r0, 0",1
svcle 0x94423,1
"movweq r0, 4",1
"subeq r0, r6, r8, lsl r1",1
"movwhs r0, 0x2000",1
invalid,1
invalid,1
"andeq sl, r2, r1, lsl 20",1
"strmi r0, [r3, -r0, lsl 4]!",1
"andeq r7, r3, sb, lsl 30",1
"tsteq sp, r0, lsl 6",1
"strheq r0, [r0], -sl",1
"stmdbeq r8, {r1, r8, sb, sp} ^",1
"andeq r0, r0, r4, asr r2",1
"strhi r2, [r1], -r3, lsl 12",1
"andeq r0, r0, 0",1
"andgt r5, sb, 0x23",1
"movweq r0, 5",1
"andseq r0, sp, pc, lsr 2",1
"movwhs r0, 0x2000",1
"strbeq r0, [sb, 0x958]",1
"andlo r0, r3, r0",1
"andeq r1, r0, r1, lsl 26",1
"stcpl p2, c0, [r3], -0",1
"andeq sb, r2, sb, lsl 30",1
"teqeq r1, r0, lsl 6",1
"andeq r0, r0, sp, lsl r0",1
"stmdbeq r0!, {r1, r8, sb, sp} ^",1
"ldrdeq r0, r1, [r0], -r8",1
"stcne p2, c3, [r1, -0xc]",1
"andeq r0, r0, 0",1
svcle 0x96423,1
"movweq r0, 5",1
"andseq r0, pc, r3, lsr r1",1
"movwhs r0, 0x2000",1
invalid,1
"strlo r0, [r3, -0]",1
"andeq r5, r0, r1, lsl 8",1
"stcvs p2, c0, [r3], -0",1
"andeq pc, r5, sb, lsl 10",1
"teqeq r7, r0, lsl 6",1
"andeq r0, r0, r0, asr 5",1
"rsbseq r2, r0, r2, lsl 6",1
"andeq r4, r4, sl, lsl 12",1
"ldreq r0, [fp, r0, lsl 6]",1
"strheq r0, [r0], -r7",1
"cdpls p3, 0xa, c0, c1, c12, 0",1
"stmdaeq r0, {r1}",1
"andeq r0, r0, r5, ror r5",1
"addseq sl, lr, 0x30000000",1
"movwhs r0, 0x2000",1
"movweq r0, 0x9800",1
"movwge r0, 0x3000",1
"andeq r0, r0, r4, lsr 5",1
"stmdaeq r4, {r1, r8, sb, sp}",1
"andeq r0, r0, sl, ror 8",1
"subseq sl, r4, r3, lsl 14",1
"movwhs r0, 0x2000",1
"streq r0, [r6], -8",1
"andeq r0, r0, r7, ror 4",1
"adceq r0, r5, r6, lsl 8",1
"cdpls p0, 0, c0, c11, c0, 0",1
blt 0xc984,1
invalid,1
"muleq r0, r1, r0",1
"streq r0, [r6], -0",1
"andeq r0, r0, r0, ror 4",1
"andeq sb, r0, fp, lsl 28",1
"andeq sp, r2, r0",1
"addseq r0, r1, r0, lsl 24",1
"eoreq r0, r7, r0",1
"andeq ip, r2, sp, lsl 4",1
"strtge r0, [r8], 0x400",1
invalid,1
"ldreq r0, [r0, r1, lsl 26]",1
invalid,1
"andeq r0, r0, r4, lsr 5",1
"cdpls p1, 0, c0, c11, c1, 0",1
blx 0xc9c4,1
invalid,1
"muleq r0, r1, r0",1
"movwhs r0, 0xe02e",1
"streq r0, [r0, -0xf]",1
"andeq r0, r3, sl, lsl ip",1
"movweq r0, 0x5100",1
"andeq sp, r0, r8, ror 8",1
"andeq lr, r2, pc, lsl 20",1
invalid,1
"andeq r0, r2, r0",1
"andeq r1, r0, r3, ror 6",1
"andeq r0, lr, r4, lsl 2",1
blls 0x4c9f8,1
"str r0, [r0], -pc",1
invalid,1
"stmdahi r0, {r0, r6, r7}",1
"andle r0, r0, r4, asr 1",1
"andeq r0, r0, 0x15",1
"cdpvs p5, 6, c0, c9, c4, 0",1
svclo 0x30074,1
"streq r0, [r0], -r5",1
"ldrdeq r3, r4, [r0], -r5",1
"streq r0, [r4, -r0, lsl 8]",1
"andeq r0, r0, r4, lsr 32",1
invalid,1
"streq r0, [r0], -0",1
"eorseq r0, pc, r2, lsl 14",1
"streq r0, [r4], -0",1
"andeq r1, r0, r7, lsl 30",1
"streq r0, [r1], -r0, lsl 8",1
"andeq r0, r0, r3, lsr r0",1
blgt 0x14d254,1
"streq r0, [r0], -0",1
"andeq r0, r0, r8, lsl 10",1
invalid,1
"andeq r1, r0, r7, lsl 20",1
"streq r0, [r4, -0x400]",1
"andeq r0, r0, r5",1
"strle r0, [r7, -0x404]",1
"streq r0, [r0, -0]",1
"strhi r0, [r4, -0x604]",1
"streq r0, [r0], -0",1
"eorseq r0, sl, r1, lsl 16",1
"streq r0, [r6], -0",1
"muleq r0, r2, r0",1
"andeq r8, r0, r7, lsl 10",1
"stcls p6, c0, [r4, -0]",1
invalid,1
svcne 0x20409,1
"andeq r0, r0, sp, lsr 1",1
"andeq sl, pc, sl, lsl 18",1
bleq 0xce94,1
"andeq fp, fp, r1, lsl 16",1
"mrseq r0, SPSR_mon",1
"andeq r0, r0, sp, ror r0",1
"rsceq r0, r2, r3, lsl 2",1
invalid,1
"movweq r0, 1",1
"andeq r7, r0, ip, asr 26",1
"mrrceq p12, 0, r0, fp, c0",1
invalid,1
"andeq r0, r0, r5, lsr 32",1
"andeq sp, r4, ip, lsl 18",1
"mcrrhs p3, 0, r0, ip, c0",1
"andeq r0, r0, r0",1
"ldreq r0, [r3, 0x10b]",1
"andlo r0, r3, r0",1
"andeq r7, r0, r1, lsl 26",1
"strne r0, [r1, -r0, lsl 6]",1
invalid,1
"andeq r0, r0, ip, asr 3",1
"rsbseq r3, sp, r3",1
"strhi r0, [ip, -r0]",1
"movweq r0, 1",1
"andeq sb, r0, r0, lsr r7",1
"ldrbeq r0, [sb], 0xc00",1
"andlo r0, r3, r0",1
"andeq r0, r0, ip, lsr 32",1
"stmdblt r1, {r8, sl, fp}",1
invalid,1
"ldrhteq r0, [sp], -0x13",1
"stcpl p0, c0, [r3, -0]",1
"cdpeq p0, 0, c0, c0, c1, 0",1
"movwlt r0, 0x1070",1
"andeq r0, r0, sp, ror r0",1
"rsbeq r7, lr, lr",1
"cmpeq sp, r1, lsl 6",1
"movwvc r0, 0xe000",1
"ldchs p1, c0, [r3], 0",1
svceq 0,1
"strlt r0, [r1, -0x6e]",1
"andeq r0, r0, ip, lsr 32",1
invalid,1
svceq 0xde0abf,1
"sbceq r0, r0, r0",1
"streq r0, [r0], -r0",1
"andeq r2, r0, r4, lsl 24",1
svcvs 0x10d00,1
"andeq r0, r0, 6",1
"rsbseq r0, sp, r7, lsr 2",1
invalid,1
"cdpeq p0, 0, c0, c0, c1, 0",1
"strhs r0, [r2, -lr, rrx]",1
"andeq r0, r0, ip, lsr 32",1
"andeq r7, r0, 0xf",1
"andeq r7, r0, sb, lsr 26",1
"tsteq r2, r0",1
"andeq r0, r0, r3, lsr 9",1
"stcvc p7, c6, [r1, -4]",1
invalid,1
"strls r0, [r0], -0xc1",1
bmi 0xce88,1
invalid,1
"andeq r0, r0, sl, lsl 4",1
invalid,1
"andeq r2, r0, r7, ror 24",1
"subeq r6, r8, r0, lsl 20",1
"rsbseq r1, r3, r0, lsl 6",1
"eoreq r6, ip, r1, lsl 14",1
invalid,1
"tstvs r4, 0",1
invalid,1
invalid,1
"smlabteq r0, r1, r0, r0",1
"andeq r0, r2, fp, rrx",1
"cmneq r5, r0, lsl 10",1
invalid,1
invalid,1
invalid,1
"strne r0, [r0, -r1, asr 1]",1
"andeq r0, r0, lr, ror r1",1
"andeq r4, r0, r7, asr 17",1
"sbceq r7, r1, r8, lsl r4",1
"andeq r0, r8, r0, lsl 22",1
"andpl r1, r1, r0, lsl 18",1
"andeq r7, r0, r2, lsl 8",1
"ldrls r0, [sl], -0",1
"strhs r0, [r0], -0xc1",1
"andeq r0, r0, r8",1
beq 0x13cd028,1
"movwlo r0, 0x2000",1
"andeq r7, r0, r1, lsl 26",1
"eoreq r0, pc, 0, 2",1
"andvc r0, lr, r0",1
"ldcvc p2, c0, [r3, -0]!",1
"cdpeq p0, 0, c0, c0, c0, 0",1
"movwlo r0, 0x206e",1
"andeq r0, r0, ip, lsr 32",1
invalid,1
invalid,1
"rsbseq r0, sp, r4, ror r1",1
"orrsgt r0, r4, r0",1
"andsgt r0, r0, 0",1
invalid,1
"strgt r0, [r1, -r0]",1
"movwne r0, 2",1
"strvc r0, [r1], -0x70",1
"andeq r0, r0, sp, ror r0",1
"strdeq r4, r5, [r0], -sl",1
invalid,1
"andeq r2, r0, r4, ror ip",1
"subeq r2, sb, r0, lsl 28",1
"rsbseq r1, r3, r0, lsl 6",1
"eoreq r7, ip, r1, lsl 8",1
invalid,1
beq 0x6ccc5c,1
"stmdalt r0, {r1}",1
"andeq r0, r0, r1, asr 1",1
invalid,1
"andeq fp, r2, r8, ror sp",1
"eoreq r1, r5, 0, 10",1
invalid,1
invalid,1
blls 0xcc84,1
invalid,1
"andeq ip, r0, r4, ror 3",1
"andeq r0, r0, lr, lsr 16",1
"strheq r0, [r0], -r3",1
"subseq r0, r1, 0x40000006",1
"tsteq sb, r4, ror r0",1
"rsbseq r0, r6, r0, asr r2",1
"andgt r1, r4, 0, 20",1
invalid,1
bne 0xcca4,1
"andeq ip, r0, r0, lsl r2",1
"andeq r0, r0, r4, lsr 16",1
"tsteq r7, r0, lsl 26",1
"andsgt r0, r0, 0",1
"adcsgt r0, r8, 0",1
invalid,1
"strvs r0, [r1], -0",1
"strne r0, [r0, -3]",1
"andeq r0, r0, sb, lsr 2",1
"andeq r4, r0, r4, ror 19",1
"andeq r3, r1, r5, lsl r2",1
"subeq r1, sl, r0, lsl 16",1
"teqeq ip, r0, lsl 10",1
bmi 0x130ccdc,1
"ldrmi r0, [r7, -0]",1
invalid,1
blne 0xce10,1
"andeq r0, r0, sl, lsl 4",1
"andeq ip, r0, r4, asr 4",1
"andeq r1, r0, r8, lsl r0",1
"cmpeq r1, 0x40000000",1
"ldrhs r0, [r5, -0]",1
"strgt r0, [r0, -2]",1
"strne r0, [r0, -0x4a]",1
"andeq r0, r0, ip, lsl r2",1
"strdeq r4, r5, [r0], -r3",1
"sbceq r5, r2, ip, lsl ip",1
"andeq r2, r8, r0, lsl 28",1
"andeq r4, r3, r0",1
"mrspl r1, apsr",1
"stmdbne r0, {r1, r8, sl, ip, sp, lr}",1
"strvc r5, [r2, -r1]",1
invalid,1
invalid,1
"stmdbne r0, {r3}",1
"strvc r5, [r2, -r1]",1
"cdpne p0, 0, c0, c0, c0, 0",1
"andeq ip, r0, r0, lsl 5",1
"muleq r0, r8, r2",1
"sbceq r7, r2, sl, lsl r8",1
"andeq r2, r8, r0, lsl 8",1
"tsteq pc, r0",1
"muleq r0, r0, ip",1
svcvc 0x1da01,1
invalid,1
"and r0, r0, r2, asr 1",1
"stmdahs r0, {r1, r6, r7}",1
invalid,1
"ldrdeq r0, r1, [r0], -sb",1
invalid,1
"ldrdeq r2, r3, [r0], -sl",1
"subeq r4, fp, r0, lsl 16",1
invalid,1
"sbcgt r0, r0, 0",1
"rscgt r0, r0, 0",1
invalid,1
"andeq r7, r1, r5, lsl r5",1
"subeq r6, fp, r0, lsl 12",1
"sbcgt r1, r0, 0, 12",1
"rscgt r0, r0, 0",1
"cdpvc p0, 1, c0, c7, c0, 0",1
"strhi r0, [r0], -1",1
invalid,1
"andeq ip, r0, r4, asr 5",1
"andeq r0, r0, fp, lsl 16",1
"andeq r0, r0, sp, asr 7",1
"subseq r0, r0, 0x40000006",1
bne 0xcf84,1
"andeq ip, r0, r0, ror 5",1
"andeq r0, r0, r4, lsr 16",1
invalid,1
"andeq r0, r0, r3, ror 2",1
"andeq ip, r0, r0, ror 5",1
"andeq ip, r0, r8, lsl 6",1
"muleq r0, r7, fp",1
"andeq r1, r4, r1, lsl 30",1
"cmneq r5, r0, lsl 10",1
blmi 0xfedccddc,1
"cdpvc p0, 1, c0, c7, c0, 0",1
"strle r0, [r0, -1]",1
invalid,1
"andeq ip, r0, ip, ror 5",1
"andeq r0, r0, fp, lsl 16",1
"andeq r0, r0, r5, lsl r4",1
"subseq r0, r0, 0x40000006",1
bne 0xcfcc,1
"andeq ip, r0, r8, lsl 6",1
"andeq r0, r0, r4, lsr 16",1
"andeq r2, sl, 0, 2",1
"movwgt r0, 0x8000",1
"cmpgt r4, 0",1
blmi 0xffa0ce14,1
"strvc r0, [r1, -0]",1
"strne r0, [r0, -4]",1
"andeq r0, r0, ip, lsl r2",1
"andeq r4, r0, r8, lsl 24",1
"andeq r2, r2, r5, lsl r5",1
"subeq r4, ip, r0, lsl 26",1
invalid,1
invalid,1
"strbteq r0, [r2], -0",1
"tsteq sb, r0",1
"rsbseq r0, r4, r1, asr r2",1
"cmpeq r0, 0x40000006",1
"ldrsheq r0, [r0], -0x13",1
"sbceq r4, r3, sl, lsl r8",1
"andeq r2, r8, r0, lsl 8",1
"movtgt r1, 0xca00",1
invalid,1
svcne 0,1
"andeq sb, pc, r1, lsl 2",1
"mrslo r0, r8_usr",1
"andeq r0, r0, sp, ror r0",1
"andeq ip, r0, r4, asr r3",1
"strheq ip, [r0], -ip",1
"andeq r4, r0, r1, lsl 25",1
"andeq r3, r5, r1, lsl 18",1
"rsbseq r1, r0, r0, lsl 6",1
"rsbseq r4, sp, r2, lsl 20",1
"stcmi p0, c0, [r1], 0",1
"andsvc r0, r3, r0",1
bmi 0x8d044,1
"andeq r0, r0, sp, asr r1",1
"andeq r4, r0, r6, ror 25",1
"andeq r1, r1, r2, lsr 14",1
"sbceq r5, r3, r0, lsl 8",1
"andseq r3, r0, r0, lsl 16",1
"strbne r0, [ip, -0x200]",1
"andeq r0, r0, r2, lsr r1",1
"andeq r4, r0, r6, ror 25",1
"andeq r2, r1, r5, lsl sb",1
"subeq sl, ip, r0, lsl 2",1
"subsne r2, r0, r0, lsl 6",1
"ldrmi r0, [r7, -0]",1
"andhs r0, r0, r1",1
"strhs r0, [r0], -0x4d",1
"andeq r0, r0, ip, lsr r1",1
"andeq r1, sl, 0x400",1
"cmngt r8, 0",1
"rsbne r0, r8, r0",1
"mrsle r0, apsr",1
"andeq r0, r0, sp, lsr 10",1
"andeq r2, r2, r5, lsl r5",1
"subeq r6, sp, r0, lsl 28",1
"andseq r1, ip, 0, 10",1
"stcmi p0, c0, [ip]",1
"andsls r0, ip, r0",1
"cdphs p0, 0, c0, c0, c3, 6",1
"movwhs r0, 8",1
"stmdbne r0, {r0, r2}",1
"strvc r5, [r2], -0x101",1
"andpl r1, r1, r0, lsl 18",1
"andpl pc, r1, r3, lsl 6",1
"movsgt r1, 0, 20",1
invalid,1
bne 0xcf14,1
"muleq r0, ip, r3",1
"andeq r0, r0, r4, lsr 16",1
svcne 0,1
"andeq r8, pc, r1, lsl 18",1
"cmpeq r4, r0, lsl 4",1
"andeq r0, r0, sp, ror r0",1
"strheq ip, [r0], -ip",1
"strdeq ip, sp, [r0], -r0",1
"andeq r4, r0, r3, asr 27",1
"andeq lr, r5, r1, lsl 12",1
"rsbseq r1, r3, r0, lsl 6",1
"eoreq r5, ip, r2, lsl 8",1
"stclmi p0, c0, [r3, 0]!",1
"tstvs fp, 0",1
"strgt r0, [r0], -1",1
"stmdahi r0, {r0, r1, r6, r7}",1
"andeq r0, r0, 0x10",1
"andeq sl, r5, r6, asr sp",1
"cmneq r5, r0, lsl 10",1
"cdpmi p0, 0, c0, c1, c0, 0",1
"eorge r0, r3, r0",1
"smladne r0, r0, r0, r0",1
"andeq r0, r0, lr, ror r1",1
"andeq r4, r0, pc, lsl lr",1
"sbceq ip, r3, ip, lsl r8",1
"andeq r0, r8, r0, lsl 22",1
"andeq sl, r5, r0, lsl 4",1
"andpl r1, r1, r0, lsl 18",1
"andeq r7, r0, r2, lsl 8",1
"sbceq pc, r3, sl, lsl r0",1
"andeq r2, r8, r0, lsl 8",1
"andhs r0, r0, 0",1
"andeq r0, r0, sp, lsr 1",1
"andeq ip, r0, r0, ror 7",1
"strheq r1, [r0], -r8",1
"ldrle r5, [r5], -r2, lsl 12",1
"stclo p0, c0, [r0, -0]",1
"strne r0, [r0, -0x4e]",1
"andeq r0, r0, fp, asr 1",1
"andeq r4, r0, r0, asr lr",1
"andeq ip, r0, r5, lsr 32",1
invalid,1
"mrsvs r0, apsr",1
"stmdbne r0, {r3}",1
"strvc r5, [r2], -0x201",1
"andeq r0, r0, r0",1
svceq 0xd6011f,1
"stcpl p0, c0, [r2, -0]",1
"andeq r7, r0, r1, lsl 26",1
"sbceq pc, r3, r0",1
"sbceq r0, r4, r0, lsl 8",1
"subeq r6, lr, r0, lsl 8",1
"ldrbeq r0, [r1], -r0, lsl 2",1
"cdpvs p0, 1, c0, c3, c0, 0",1
"mrrchs p2, 0, r0, sp, c0",1
"strhi r0, [r0], -0",1
"movwne r0, 0x4e",1
"stcpl p0, c0, [r2, -0x1cc]",1
"andeq r0, r0, ip, lsr 32",1
"andeq r4, r0, r5, lsr 29",1
"andeq r7, r0, 0x27",1
"andeq r7, r0, pc, asr sp",1
"subeq ip, lr, r0, lsl 12",1
invalid,1
invalid,1
"strbeq r0, [r7], -r0",1
"tsteq sb, r0",1
invalid,1
"andpl r1, r1, r1, asr sb",1
"andpl pc, r1, r3, lsl 6",1
"strgt r1, [r4], -0xa00",1
invalid,1
"stceq p0, c0, [r0, -0]",1
"andeq r8, fp, r1, lsl 4",1
invalid,1
"andeq r0, r0, sp, ror r0",1
"andeq r7, r6, r1, lsl 12",1
"rsbseq r0, r0, r0, lsl 28",1
"addseq r6, r7, r2, lsl 30",1
"movwvc r0, 0xe000",1
"stclhs p2, c0, [pc], -0",1
"andeq r0, r0, r0",1
"andeq r5, r6, r1, lsr 2",1
"sbceq r0, r4, r0, lsl 8",1
"sbceq r4, r4, r0, lsl 8",1
"subeq sp, lr, r0, lsl 18",1
"streq r0, [r6, -r0, lsl 2]!",1
"tstvs r5, 0",1
invalid,1
"strne r0, [r0, -0x4e]",1
"andeq r0, r0, ip, ror 12",1
"andeq r4, r0, r7, lsl pc",1
"andeq r6, r1, fp, lsl r3",1
"sbceq r0, r4, r0, lsl 24",1
"andseq sp, r0, r0",1
"ldrb r0, [r1, -r0, lsl 4]!",1
"strne r0, [r0, -6]",1
"andeq r0, r0, r5, ror r1",1
"andeq r4, r0, r5, lsr pc",1
"andseq pc, r0, r3, lsr 32",1
"cmneq lr, r0, lsl 14",1
svcmi 0x530000,1
invalid,1
bleq 0xd3c4,1
invalid,1
"stmdbne r0, {r1, r2}",1
"strvc r5, [r2], -1",1
"ldrmi r0, [sl], -0",1
"strhs r0, [r0], -0xc4",1
"andeq r0, r0, r8",1
"rsceq r2, r2, r0, lsl 4",1
"ldrtgt r0, [r0], -0",1
"tstne r0, r0",1
invalid,1
"andeq r0, r1, r5, lsl fp",1
"subeq r7, pc, r0, lsl 2",1
invalid,1
svcmi 0x840000,1
invalid,1
"strhs r0, [r0], -r0",1
"andeq ip, r0, r0, asr 8",1
"andeq sl, r8, r1",1
"andpl r1, r1, 0, 18",1
"stmdbne r0, {r1, sl, ip, sp, lr}",1
"strvc r5, [r2, -0x101]",1
"andeq r0, r0, r0",1
svceq 0xc4011f,1
"strvc r0, [r2, -r0]",1
"andeq r7, r0, r1, lsl 30",1
"sbceq r4, r4, r0, lsl 8",1
"sbceq r8, r4, r0, lsl 16",1
"subeq sb, pc, r0, lsl 14",1
"stmdaeq fp, {r8}",1
svcge 0x280000,1
"andeq r0, r0, 0xc",1
"andeq r8, r0, r7, ror ip",1
"subeq fp, pc, r0, lsl 14",1
"ldrbeq r1, [r1], -r0, lsl 22",1
"ldrbgt r0, [r4], -0",1
invalid,1
invalid,1
"strdeq r0, r1, [r0], -sl",1
"andeq r6, r6, sb, lsr 24",1
"ldmdbhs r4, {r8} ^",1
"andeq r0, r0, r3, ror 12",1
"tstvs fp, 0x400000",1
"strpl r0, [r0], -1",1
"andmi r0, r0, r4, asr 1",1
"andeq r0, r0, 0x11",1
"andeq fp, r7, r1, ror fp",1
"cmneq r5, r0, lsl 18",1
"strpl r0, [r1], -0",1
"andseq r5, r1, r3, lsr 16",1
"cmneq lr, r0, lsl 14",1
svcmi 0xd50000,1
invalid,1
bleq 0xd498,1
"andlt r0, r0, r8",1
"stmdbne r0, {r0, r1, r2}",1
"strvc r5, [r2], -1",1
invalid,1
"strhs r0, [r0], -0xc4",1
"andeq r0, r0, r8",1
"rsceq r2, r2, r0, lsl 4",1
"ldrbtgt r0, [r4], -0",1
"cmnne r0, r0",1
invalid,1
"andeq r0, r1, r5, lsl r0",1
"subeq pc, pc, r0, lsl 6",1
"rscseq r2, r5, r0, lsl 10",1
bleq 0x54d1c0,1
"streq r0, [r0], -r1",1
invalid,1
"andeq ip, r0, r4, lsl 9",1
"andeq sl, r8, r1",1
"andpl r1, r1, 0, 18",1
"stmdbne r0, {r1, sl, ip, sp, lr}",1
"strvc r5, [r2, -0x101]",1
"andeq r0, r0, r0",1
"sbceq r5, r4, r8, lsl r0",1
"andeq ip, r8, r0, lsl 2",1
"andpl r1, r1, r0, lsl 18",1
"andeq r7, r0, r2, lsl 10",1
"strge r2, [r1, -0xa00]",1
"streq r0, [r0], -4",1
"stcvc p1, c0, [r1, -0x344]",1
invalid,1
"andeq r0, r0, r4, lsr 16",1
"andeq r2, r0, fp, lsr 24",1
invalid,1
"andeq r0, r0, ip, asr r2",1
invalid,1
svceq 0x93012a,1
svcle 0x40000,1
"rsbseq r0, sp, r1, lsl 2",1
invalid,1
blhs 0xd248,1
"andeq r0, r0, sp, ror r0",1
"andeq r2, r0, fp, lsr 24",1
invalid,1
"strdeq r0, r1, [r0], -r5",1
invalid,1
"andeq r6, r8, r1, lsl 2",1
"rsbseq r2, sp, r0, lsl 22",1
"cdphs p0, 0, c0, c0, c0, 0",1
"andeq fp, fp, r1, lsl 16",1
"rsbseq r0, sp, r0, lsl 2",1
"mrseq r0, apsr",1
"andeq r0, r0, r2, lsl 17",1
"andeq r7, r0, fp, lsr 26",1
"eoreq r2, r5, r0, lsl 22",1
"strtvc r0, [fp], -r0",1
"andeq r0, r0, r0",1
svceq 0xd7012a,1
"movwle r0, 0x4000",1
"rsbseq r0, sp, r1, lsl 2",1
"andge r0, r1, r0",1
blhs 0xd29c,1
"andeq r0, r0, ip, lsr 32",1
"andeq r2, r0, fp, lsr 24",1
invalid,1
"muleq r0, r3, r5",1
"andeq r7, r0, r1, lsl 26",1
"mrsgt r0, apsr",1
blhs 0xd2b8,1
"andeq r0, r0, sp, ror r0",1
"andeq sb, r0, fp, lsr 14",1
"rsbseq r2, r6, r0, lsl 22",1
svchs 0,1
"andeq r3, r3, r1, lsl 4",1
"orreq r0, fp, r0, lsl 10",1
"andeq r2, r0, r1, lsl 24",1
"stchi p1, c0, [fp], -0",1
"andeq r0, r0, r0",1
"andeq r4, r1, r0, lsl 24",1
svcle 0x200,1
"streq r0, [r0], -0x15",1
"andeq r0, r0, r1, lsl 28",1
svceq 0xed0100,1
invalid,1
"strgt r0, [r8], 0",1
"strbgt r0, [r8], 0",1
"strbne r0, [sl, r0]",1
"streq r0, [r2], -0",1
"strbtvc r6, [lr], -0x905",1
"streq r0, [r4, -r0, lsl 6]",1
"andeq r0, r0, r4, lsr 32",1
invalid,1
"movweq r0, 0",1
"eorseq r0, pc, r2, lsl 14",1
"streq r0, [r3], -0",1
"andeq r1, r0, r7, lsl 30",1
"streq r0, [r1], -r0, lsl 6",1
"andeq r0, r0, r3, lsr r0",1
blgt 0x14db1c,1
"movweq r0, 0",1
"andeq r0, r0, r8, lsl 10",1
invalid,1
"andeq r1, r0, r7, lsl 20",1
"streq r0, [r4, -0x300]",1
"andeq r0, r0, r5",1
"strle r0, [r7, -0x403]",1
"streq r0, [r0], -0",1
"andeq r7, r0, r4, lsl 16",1
"stmdaeq r1, {r8, sb}",1
"andeq r0, r0, sl, lsr r0",1
"addeq r0, r5, r4, lsl 8",1
invalid,1
"streq r0, [r0], -r0",1
"andeq r0, r0, r5, lsr 32",1
"subseq r0, ip, 0xc0000001",1
"andhs r0, r1, r0",1
"sbceq r8, r4, r1, lsl 16",1
"sbceq ip, r4, r0, lsl 16",1
"subseq r1, r0, r0, lsl 18",1
"rscseq r0, r6, r0, lsl 2",1
"strge r0, [r8], -0",1
"movweq r0, 0xc4",1
bgt 0xd374,1
invalid,1
"strlo r5, [r1, -0x201]",1
"ldrbeq r0, [r1, -0x109]",1
"sbcseq sb, r4, r3, lsl 16",1
"andpl r0, r1, r0, lsl 18",1
"stmdaeq r0, {r0, ip, sp}",1
"strheq ip, [r0], -r8",1
"andeq r0, r0, r5, lsr 2",1
"andeq r0, r0, ip, ror 1",1
"ldrbeq r0, [r2, -0x109]",1
"sbcseq sl, r0, r3",1
"mrspl r0, apsr",1
"mrseq r3, apsr",1
"rsbseq r0, r4, r0, asr r2",1
"ldrtgt r0, [ip], 0xa00",1
"mrseq r0, spsr",1
bleq 0xd3b4,1
"andeq r0, r0, r0, lsl 10",1
"addeq r1, sl, r2, lsl 4",1
"mrseq r0, apsr",1
"andseq r0, ip, 12, 2",1
"movwlo r0, 0x3000",1
"andeq r7, r0, r1, lsl 4",1
invalid,1
svcvc 0xd0000,1
"stceq p0, c0, [r0, -0]",1
"andeq r0, r0, pc, ror r0",1
"andeq r2, r0, sp, lsl 10",1
invalid,1
"andeq r0, r0, sb, lsr 14",1
invalid,1
"andeq r0, r0, r4, asr 2",1
"andeq r2, r0, sp, lsl 10",1
"eoreq r0, r5, r0, lsl 26",1
svcvc 0xd0000,1
svceq 0,1
"strlo r1, [r1], -r0",1
"streq r0, [r0, -8]",1
invalid,1
"andeq r6, r1, r0, lsl 4",1
"strlt r0, [r0], -0x200",1
"streq r0, [r0], -0x16",1
"andeq r0, r0, r1, lsl 28",1
svceq 0xfe0100,1
invalid,1
"strbgt r0, [r8], 0",1
"ldrbtgt r0, [ip], 0",1
invalid,1
"streq r0, [r2], -0",1
"strbtvc r6, [lr], -0x905",1
"stmdaeq r1, {r8, sb}",1
"andeq r0, r0, r1, lsr r0",1
svclo 0x70203,1
"movweq r0, 0",1
"eoreq r0, r4, r4, lsl 14",1
"streq r0, [r3], -0",1
"andeq r1, r0, r7, lsl 30",1
"streq r0, [r1], -r0, lsl 6",1
"andeq r0, r0, r3, lsr r0",1
blgt 0x14dc6c,1
"movweq r0, 0",1
"andeq r0, r0, r8, lsl 10",1
invalid,1
"andeq r1, r0, r7, lsl 20",1
"streq r0, [r4, -0x300]",1
"andeq r0, r0, r5",1
"strle r0, [r7, -0x403]",1
"streq r0, [r0], -0",1
"andeq r7, r0, r4, lsl 16",1
"stmdaeq r1, {r8, sb}",1
"andeq r0, r0, sl, lsr r0",1
"andeq r3, r5, r5, lsl 30",1
blo 0xff54e094,1
"streq r0, [r0], -r0",1
"andeq sl, r1, r1, lsl 20",1
"biceq r0, r8, r0, lsl 4",1
"andeq r0, r0, r2, ror r0",1
"adcseq r0, r4, r3, lsl 2",1
invalid,1
"andeq r0, r0, 0x10",1
"andeq r7, r0, r8, asr 5",1
"eorne r0, r1, r0, lsl 14",1
invalid,1
"andeq r0, r0, pc, ror r0",1
bmi 0x4f4c4,1
invalid,1
"rsbseq r0, r2, r3, lsr 2",1
"strbgt r0, [r8], 0",1
"ldrbtgt r0, [ip], 0",1
"eorspl r0, sb, r0",1
"strhs r0, [r1], -r0",1
"stmdbeq r0, {r0}",1
"rsbeq r7, r4, r3, ror 14",1
"rsbseq r2, r2, r1, lsl 10",1
"strpl r0, [r1], -0",1
"andeq r8, r0, sl, lsl 20",1
"sbceq ip, r4, r0, lsl 16",1
"andseq r8, r1, r0, lsl 16",1
invalid,1
bleq 0xd504,1
"andeq r0, r0, r8, lsr 1",1
"addseq r0, sp, r0, lsl 22",1
invalid,1
"ldrdeq ip, sp, [r0], -r8",1
"andeq r0, r0, r6, lsr 2",1
"cmpeq r1, sp, lsl 2",1
"andpl r0, r1, r0, lsr sp",1
"andeq r3, r0, r1",1
"sbceq lr, r4, lr, lsl 24",1
"andeq r4, r1, r0, lsl 14",1
"ldrbtgt r0, [ip], 0xe00",1
"cmpeq fp, r0",1
svceq 0,1
"andseq r1, r0, r1, lsl 4",1
bge 0xfefcdd3c,1
invalid,1
"andeq r0, r0, r2, ror r0",1
"andeq r4, r1, r1, lsl 14",1
"rsbseq r1, r2, r0",1
svcvc 0x100000,1
"andeq r0, r0, r0",1
"ldrbeq r0, [r5, -0x111]",1
"andlo r0, r4, 0",1
"andeq r5, r1, r1, lsl 10",1
"streq r0, [r4], -0x100",1
"andeq r0, r0, r5, lsr 32",1
"subseq r0, ip, 0x80000004",1
"strlo r0, [r5, -r0]",1
invalid,1
"andeq r0, r0, 4",1
"andseq ip, r7, r0, lsl 4",1
"cdpeq p4, 0, c0, c1, c0, 0",1
invalid,1
"andeq r1, r0, pc, lsr r0",1
"andeq r0, r0, r6, ror 3",1
"strdeq ip, sp, [r0], -ip",1
"andeq ip, r0, r0, lsl 11",1
"andeq r1, r0, fp, lsl sb",1
"andeq r3, r5, r2, lsl 30",1
"sbcslo r0, r5, r0, lsl 6",1
"movweq r0, 0",1
"eoreq r0, r4, r4, lsl 14",1
"mrseq r0, apsr",1
"andeq r3, r0, r8, lsl 2",1
"streq r0, [r2, -r0, lsl 6]",1
"andeq r0, r0, pc, lsr r0",1
svcne 0x70403,1
"movweq r0, 0",1
"eorseq r0, r3, r1, lsl 12",1
"andeq r0, r3, 0",1
"andeq ip, r0, r5, lsl 22",1
"streq r0, [r4, -0x400]",1
"rsbseq r6, r4, sb, ror 28",1
"andeq r0, r5, r3, lsl 16",1
"movweq r0, 0",1
"andseq r0, sl, r8, lsl 14",1
"strhs r0, [r2], -r0",1
"streq r0, [r0], -2",1
"andeq r6, r0, r7, lsr r1",1
"sbcseq r0, lr, r0, lsl 4",1
invalid,1
"andeq r0, r0, r5, lsl 1",1
"streq r0, [r5, -0x403]",1
"andeq r0, r0, 0",1
"andeq r0, r0, fp, ror r5",1
"rsbeq r8, pc, r4, lsl 26",1
"streq r0, [r3], -0",1
"andeq sp, r0, r7, lsl 10",1
"streq r0, [r4], -r0, lsl 10",1
"andeq sl, r0, r4, lsl 12",1
"stmdaeq r1, {r8, sb}",1
"andeq r0, r0, sl, lsr r0",1
"andeq r5, r4, r2, lsl 10",1
"ldmdalt r0!, {r8, sl}",1
"streq r0, [r0, -r0]",1
"andeq r0, r0, r1, asr r4",1
invalid,1
"stmdaeq r0, {r1}",1
"andeq r0, r0, pc, lsr sl",1
"subseq pc, sl, r6, lsl 14",1
"movwhs r0, 0x2000",1
"rsceq r0, r6, r0, lsl 16",1
invalid,1
"andeq r0, r0, r0, lsr 1",1
"stmdaeq r4, {r1, r8, sb, sp}",1
"andeq r0, r0, r3, asr 7",1
"adceq pc, r0, r6, lsl 26",1
"movwhs r0, 0x2000",1
"streq r0, [r5, 0x808]",1
"cdp2 p0, 0, c0, c6, c0, 0",1
"andeq r0, r0, r0, lsr 1",1
"stmdaeq ip, {r1, r8, sb, sp}",1
"andeq r0, r0, r8, asr 13",1
"adceq pc, r0, r6, lsl 30",1
"movwhs r0, 0x2000",1
"rscseq r0, r1, 16, 18",1
"andeq r0, r6, r0",1
"andeq sl, r0, r1",1
"strtne r0, [r3], -0x200",1
"andeq r1, r4, sb, lsl 10",1
invalid,1
"andeq r0, r0, r0, lsr 1",1
"ldmdbeq r8, {r1, r8, sb, sp}",1
"andeq r0, r0, r2, ror 2",1
"andge r0, r1, r6, lsl 4",1
"andeq r0, r0, 0",1
"streq r1, [sb], -0xc23",1
"streq r0, [r0], -r2",1
"adceq r0, r0, r3, lsl 2",1
"movwhs r0, 0x2000",1
"teqeq sb, 32, 18",1
"streq r0, [r6, -0]",1
"andeq sl, r0, r1",1
"strths r0, [r3], -0x200",1
"andeq r5, r6, sb, lsl 14",1
invalid,1
"andeq r0, r0, r0, lsr 1",1
"stmdbeq r8!, {r1, r8, sb, sp}",1
"muleq r0, sl, r5",1
"andge r0, r1, r6, lsl 14",1
"andeq r0, r0, 0",1
"strvc r2, [sb], -r3, lsr 24",1
"streq r0, [r0], -r4",1
"adcseq r0, r1, 0x40000002",1
"movwhs r0, 0x2000",1
"rscseq r0, r3, r0, lsr sb",1
bleq 0x18d6fc,1
"andeq fp, r2, r1, lsl 14",1
"strtlo r0, [r3], -0x200",1
"andeq fp, r1, sb, lsl 20",1
invalid,1
"andeq r0, r0, sl, asr r0",1
"ldmdbeq r8!, {r1, r8, sb, sp}",1
"andeq r0, r0, r5, lsl 7",1
bpl 0x51b34,1
"andeq r0, r0, 0",1
"andpl r3, sb, r3, lsr 24",1
"streq r0, [r0], -r2",1
"rsbseq r0, sl, r3, lsl r1",1
"movwhs r0, 0x2000",1
"andseq r0, r0, 64, 18",1
"strne r0, [r6, -r0]",1
"andeq r3, r0, r1, lsl 28",1
"strtmi r0, [r3], -0x200",1
"andeq sp, r4, sb, lsl 30",1
"tsteq r8, r0, lsl 12",1
"andeq r0, r0, ip, asr 32",1
"stmdbeq r6, {r1, r8, sb, sp} ^",1
"andeq r0, r0, r0, asr 2",1
"stclt p9, c1, [r1, -0x18]",1
"andeq r0, r0, 2",1
svcvc 0x94723,1
"streq r0, [r0], -r3",1
"sbceq r0, sp, 0x40000007",1
"movwhs r0, 0x2000",1
"subseq r0, r4, 72, 18",1
"strhs r0, [r6], -r0",1
"andeq r8, r0, r1, lsl 24",1
"eorpl r0, r3, r0, lsl 4",1
"andeq ip, r5, sb, lsl 4",1
invalid,1
"muleq r0, lr, r0",1
"ldmdbeq r8, {r1, r8, sb, sp} ^",1
"andeq r0, r0, sb, asr 11",1
"cdpls p0, 0, c3, c1, c6, 0",1
"andeq r0, r0, 0",1
svcls 0x95c23,1
"streq r0, [r0], -r2",1
"addseq r0, lr, r1, lsr r1",1
"movwhs r0, 0x2000",1
"ldrbeq r0, [r8, 0x960]",1
"andlo r0, r6, 0",1
"andeq sb, r0, r1, lsl 28",1
"strtvs r0, [r3], -0x200",1
"andeq sp, r5, sb, lsl 30",1
"teqeq r3, r0, lsl 12",1
"andeq r0, r0, r5, lsr 32",1
"stmdbeq r8!, {r1, r8, sb, sp} ^",1
"strheq r0, [r0], -r1",1
bpl 0x5abe8,1
"andeq r0, r0, 0",1
invalid,1
"streq r0, [r0], -r5",1
"sbcseq r0, r3, 0xc000000d",1
"movwhs r0, 0x2000",1
invalid,1
"streq r0, [r0], -r4",1
"adcseq r0, r7, 0x26c0000",1
"streq r0, [ip], -r0",1
"andeq fp, r2, r1, lsr 3",1
"ldrbeq r0, [r5, -0x800]!",1
"andge r0, r6, 0",1
"strheq r0, [r0], -r1",1
"stmdaeq r0, {r1, r8, sb, sp}",1
"andeq r0, r0, sb, lsl 6",1
"adcseq sl, r7, 0x18000000",1
"movwhs r0, 0x2000",1
"strbteq r0, [sl], -0x804",1
"strge r0, [r6, -r0]",1
"andeq r0, r0, sl, asr r0",1
"andeq r2, r8, r2, lsl 6",1
"rsbseq r0, sl, 0x6000000",1
"streq r0, [r6], -0",1
"strheq r0, [r0], -r8",1
"andeq sl, r0, fp, lsl 12",1
"andeq ip, r2, r0, lsl 26",1
"addseq r0, r7, r0, lsl 24",1
"andeq r0, r0, r0",1
"rsbseq r0, r3, 0x6000000",1
"strge r0, [fp], -r0",1
"movw r0, 0",1
invalid,1
"muleq r0, r7, r0",1
invalid,1
"andeq r1, r0, r2, asr r0",1
bpl 0x6e868,1
"movweq r0, 0",1
"andeq r0, r0, r1, lsl 6",1
"andeq sp, r2, lr",1
"orreq r0, r4, r0, lsl 4",1
"andeq r0, r0, r3",1
"adceq r0, sp, r6, lsl 8",1
"mrseq r0, apsr",1
"andeq r0, r0, r8, asr r7",1
bpl 0x5b888,1
invalid,1
"andhi r0, r0, r4, asr 1",1
"stmdbpl r0, {r0, r2, r6, r7}",1
"qaddeq r0, r0, r0",1
"strheq r0, [r0], -sb",1
"andeq sp, r2, r0, lsl r2",1
"teqeq r8, r0, lsl 2",1
"stmdbvc r0, {r0, r1}",1
"qaddne r0, r0, r0",1
"andeq r1, r0, ip, rrx",1
invalid,1
"adcpl r0, r5, r0",1
"andsvs r0, r2, 0",1
invalid,1
"andeq fp, r3, fp, lsr sb",1
"rsbseq r0, r5, r0, lsl 10",1
"addsne r2, pc, 48, 28",1
"andeq r1, r0, r8, lsr 32",1
invalid,1
"strpl r0, [r1], -0",1
"andeq lr, r2, r3, lsl r3",1
"sbceq r1, r5, r0",1
"andseq sl, r1, r0",1
"cdpvc p1, 3, c0, c11, c0, 0",1
"strne r0, [r0], -3",1
"strdeq r0, r1, [r0], -r5",1
"andeq r5, r0, fp, asr 1",1
"strgt r1, [r8, -0x500]",1
"bicseq r0, pc, 0",1
"orrseq r0, r2, 0",1
"tsteq r6, r0",1
"rsbseq r0, r4, r0, asr r2",1
"ldrgt r1, [r8, -0x500]",1
invalid,1
invalid,1
"tsteq r6, r0",1
"rsbseq r0, r4, r0, asr r2",1
"ldrbgt r1, [r8, -0x700]",1
"ldreq r0, [r0], -0",1
invalid,1
"andne r0, r0, r5, asr 1",1
"andeq r0, r0, r4",1
"andeq fp, r3, r8, lsl lr",1
"andeq r0, r1, 0, 6",1
"muleq r0, sp, r4",1
"andeq ip, r2, sb, lsl r2",1
"strlt r0, [r8, r0, lsl 10]!",1
invalid,1
"ldreq r1, [r0, r1, lsl 18]",1
invalid,1
"strheq r0, [r0], -r7",1
"tsteq sl, r1, lsl 2",1
"andeq r1, r0, sb, ror r0",1
"strhs r4, [r1, -0xb07]",1
invalid,1
"strdeq r0, r1, [r0], -r7",1
"andeq r0, r3, fp, lsl r1",1
"tsteq ip, r0",1
"andeq r1, r0, r4, lsr r0",1
"mrseq lr, apsr",1
"andeq r0, r0, sl, asr r0",1
"andeq r1, r4, r1",1
"movweq r1, 0x1b00",1
"stcne p0, c0, [r0, -0]",1
"andeq r5, r5, r1, lsl 10",1
"teqeq r2, r0, lsl 18",1
"andeq r0, r0, lr, lsl r4",1
bpl 0x10f198,1
"andeq r0, r0, r0",1
"andeq r1, r0, sl, lsl r5",1
"ldmdbne r8, {r1} ^",1
invalid,1
"andeq r0, r0, lr",1
"andseq lr, sl, r1",1
"andeq lr, r1, r0, lsl 12",1
"sbceq r8, r5, r0",1
"sbceq ip, r8, r0, lsl 8",1
"andseq r5, sl, r0, lsl 30",1
"stmdaeq r1, {sb}",1
"andeq r0, r0, r1, lsr r0",1
svclo 0x70202,1
"andeq r0, r0, 0",1
"eoreq r0, r4, r4, lsl 14",1
"streq r0, [r2], -0",1
"andeq r1, r0, r7, lsl 30",1
"streq r0, [r1], -r0, lsl 4",1
"andeq r0, r0, r3, lsr r0",1
blgt 0x14e1ec,1
"movweq r0, 0",1
"cdpvs p5, 6, c0, c9, c4, 0",1
"stmdaeq r2, {r2, r4, r5, r6}",1
"andeq r0, r0, r5",1
"streq r0, [r8, -r0, lsl 4]",1
"andeq r0, r0, sl, lsl r0",1
"andeq r2, r2, r4, lsl 12",1
"ldrtpl r0, [r7], -r0, lsl 10",1
"streq r0, [r0], -0",1
"ldrdeq r0, r1, [r0], -lr",1
"rsbseq r8, sl, r5, lsl 24",1
"streq r0, [r2], -0",1
"andeq r0, r0, r5, lsl 10",1
"ldrbeq r0, [fp, -0x400]!",1
"stchi p0, c0, [r5, -0]",1
"andeq r0, r0, r4, rrx",1
"strle r0, [r7, -0x402]",1
"streq r0, [r0, -0]",1
blls 0x10f240,1
"andeq r0, r0, 0",1
"eorseq r0, sl, r1, lsl 16",1
svclo 0x40000,1
"streq r0, [r0], -r5",1
"ldrdeq r3, r4, [r0], -r5",1
"ldrbeq r0, [r5], -0x400",1
"andlo r0, r7, r0",1
"strheq r0, [r0], -r8",1
"andeq r5, r4, r7, lsl 2",1
invalid,1
"andeq r0, r0, r3, ror r2",1
"andeq r3, sl, r8, lsl 30",1
svcmi 0xf70800,1
"andeq r0, r0, 0",1
"str r0, [r8], -r3, lsr 32",1
invalid,1
"strdeq sb, sl, [r0], -ip",1
"strteq r0, [r3], -0x200",1
"andeq ip, r3, r8, lsl 6",1
"ldrbls r0, [sp, 0x800]!",1
"andeq r0, r0, 0",1
"strhi r0, [r8, -0x823]",1
"stmdaeq r0, {r0, r2}",1
"strdeq sb, sl, [r0], -lr",1
"stceq p2, c0, [r3], -0",1
"andeq ip, r6, r8, lsl 16",1
"ldrbls r0, [0x0000e29c]!    ; [0xe29c:4]=0x2393",1
"andeq r0, r0, 0",1
invalid,1
"stmdaeq r0, {r1}",1
"addseq r0, r5, r0, lsl 2",1
"movwhs r0, 0x2000",1
"ldreq r0, [r5], -0x914",1
invalid,1
"andeq sb, r0, r1, lsl 10",1
"stmdane r3!, {sb}",1
"andeq r6, r1, sb, lsl 4",1
invalid,1
"muleq r0, r5, r0",1
"ldmdbeq ip, {r1, r8, sb, sp}",1
"andeq r0, r0, r4, lsl 4",1
"strls r0, [r1, -0x308]",1
"andeq r0, r0, 0",1
"stmdblo sb, {r0, r1, r5, sp}",1
"stmdaeq r0, {r0, r1}",1
"addseq r0, r5, r5, lsl 2",1
"movwhs r0, 0x2000",1
"ldrbeq r0, [r7], -r4, lsr 18",1
"streq r0, [r8], -r0",1
"andeq sb, r0, r1, lsl 10",1
"stmdahs r3!, {sb}",1
"andeq sb, r5, sb, lsl 20",1
"mrseq r0, apsr",1
"muleq r0, r5, r0",1
"stmdbeq ip!, {r1, r8, sb, sp}",1
"andeq r0, r0, r6, ror r4",1
"mrslt r0, apsr",1
"andeq r0, r0, 2",1
"vhadd.u8 d3, d9, d19",1
invalid,1
"adcseq r0, r7, 0xc0000002",1
"movwhs r0, 0x2000",1
invalid,1
"stceq p0, c0, [r8, -0]",1
"andeq r4, r0, r1, lsl 30",1
"stmdalo r3!, {sb}",1
"andeq r8, r3, sb, lsl 10",1
"tsteq r1, r0, lsl 16",1
"andeq r0, r0, pc, asr 32",1
"ldmdbeq ip!, {r1, r8, sb, sp}",1
"andeq r0, r0, r0, asr r2",1
svcvs 0x11308,1
"andeq r0, r0, 0",1
"andne r4, sb, r3, lsr 32",1
"stmdaeq r0, {r1}",1
"eoreq r0, ip, r7, lsl r1",1
"movwhs r0, 0x2000",1
"ldrbeq r0, [pc], 0x944      ; [0xdb68:4]=0x4101",1
invalid,1
"andeq r4, r0, r1, lsl 2",1
"strtmi r0, [r3], -r0, lsl 4",1
"andeq r4, r1, sb",1
"tsteq sb, r0, lsl 16",1
"strheq r0, [r0], -sp",1
"stmdbeq r7, {r1, r8, sb, sp} ^",1
"andeq r0, r0, pc, ror r3",1
"stcgt p13, c1, [r1, -0x20]",1
"andeq r0, r0, 2",1
"strpl r4, [sb], -0x823",1
"stmdaeq r0, {r1}",1
"addeq r0, r1, r6, lsr 2",1
"movwhs r0, 0x2000",1
"strbeq r0, [r2, 0x950]",1
svchs 0x80000,1
"andeq sb, r0, r1, lsl 6",1
"stmdapl r3!, {sb}",1
"andeq ip, r5, sb, lsl 18",1
"teqeq r0, r0, lsl 16",1
"muleq r0, r3, r0",1
"ldmdbeq ip, {r1, r8, sb, sp} ^",1
"muleq r0, pc, r2",1
"movwls r3, 0x1108",1
"andeq r0, r0, 0",1
"stmdale sb, {r0, r1, r5, sp, lr}",1
"stmdaeq r0, {r0, r2}",1
"addseq r0, r3, r2, lsr r1",1
"movwhs r0, 0x2000",1
"ldrbeq r0, [0x0000e544]     ; [0xe544:4]=0x11248080",1
"movwlo r0, 0x8000",1
"andeq sl, r0, r1, lsl 4",1
"stmdavs r3!, {sb}",1
"andeq fp, r3, sb, lsl 2",1
"teqeq r5, r0, lsl 16",1
"andeq r0, r0, pc, asr 32",1
"stmdbeq ip!, {r1, r8, sb, sp} ^",1
"strdeq r0, r1, [r0], -r5",1
"movwle r3, 0x1708",1
"andeq r0, r0, 2",1
beq 0x29c98,1
"andeq r0, r0, r6, asr 8",1
"strlt sb, [r7, -r8, lsl 22]",1
invalid,1
"adcseq sl, r1, 8, 2",1
"strvc r0, [r8, -0]",1
"stmdaeq r0, {r0, r2}",1
"andeq fp, r2, r2, lsr 3",1
"eoreq r0, r3, r0, lsl 4",1
"andeq r0, r3, r8, lsl 18",1
"strlt r0, [r3, r0, lsl 16]!",1
"andeq r0, r0, 2",1
bvs 0x20ecc8,1
"stmdaeq r0, {r2}",1
"andeq r4, r0, r7, lsr 31",1
"stmdaeq r3!, {sb}",1
bvc 0x10f44c,1
"streq r0, [r0], -r2",1
"andeq fp, r0, r4, lsl 16",1
"addseq r0, fp, r0, lsl 22",1
"sbceq r0, sp, 0",1
invalid,1
"andeq r0, r0, r0",1
"movwvc r0, 0x4600",1
bleq 0xdc74,1
"muleq r0, fp, r0",1
"andeq r0, r0, r3, ror 5",1
"andeq r8, r0, ip, lsl 24",1
"stceq p7, c2, [r0, -0]",1
"andeq r0, r0, r1, asr r4",1
"stmdalt r1, {r3, sl, fp, ip, sp}",1
"streq r0, [r0], -r0",1
"andeq pc, r2, r4, lsl 10",1
"addseq r0, fp, r0, lsl 28",1
"streq r0, [r6], -0",1
"andeq r0, r0, r0, lsl 6",1
"subsne r0, lr, 0xf000000",1
"strhs r0, [sb], -0",1
"andeq r0, r0, pc, asr 32",1
bhs 0x3cece8,1
"strdeq r0, r1, [r0], -r4",1
"andseq r4, pc, r1, lsl sl",1
"stmeq r0, {pc}",1
"andseq r0, fp, r1, lsl pc",1
"stmeq r0, {r8, pc}",1
"andseq r5, pc, r1, lsl r7",1
"stmeq r0, {sb, pc}",1
"andseq r6, pc, r1, lsl r4",1
"stmeq r0, {r8, sb, pc}",1
"andseq r7, pc, r1, lsl r1",1
"stmeq r0, {sl, pc}",1
"andseq r7, pc, r1, lsl lr",1
"stmeq r0, {r8, sl, pc}",1
"andseq r8, pc, r1, lsl fp",1
"stmeq r0, {sb, sl, pc}",1
"andseq r4, pc, r1, lsl ip",1
"stmeq r0, {r8, sb, sl, pc}",1
"andseq r1, fp, r1, lsl r1",1
"stmeq r0, {fp, pc}",1
"andseq r5, pc, r1, lsl sb",1
"stmeq r0, {r8, fp, pc}",1
"andseq r6, pc, r1, lsl r6",1
"stmeq r0, {sb, fp, pc}",1
"andseq r7, pc, r1, lsl r3",1
"stmeq r0, {r8, sb, fp, pc}",1
"andseq r8, pc, r1, lsl r0",1
"stmeq r0, {sl, fp, pc}",1
"andseq r8, pc, r1, lsl sp",1
"stmeq r0, {r8, sl, fp, pc}",1
"andseq sl, r1, r1, lsl sl",1
"stmeq r0, {sb, sl, fp, pc}",1
"andseq fp, r1, r1, lsl r7",1
"stmeq r0, {r8, sb, sl, fp, pc}",1
"andseq ip, r1, r1, lsl r4",1
"stmeq r0, {ip, pc}",1
"andseq sp, r1, r1, lsl r1",1
"stmeq r0, {r8, ip, pc}",1
"andseq sp, r1, r1, lsl lr",1
"stmeq r0, {sb, ip, pc}",1
"andseq lr, r1, r1, lsl fp",1
"stmeq r0, {r8, sb, ip, pc}",1
"andseq pc, r1, r1, lsl r8",1
"stmeq r0, {sl, ip, pc}",1
"andseq r0, r2, r1, lsl r5",1
"stmeq r0, {r8, sl, ip, pc}",1
"andseq r1, r2, r1, lsl r2",1
"stmeq r0, {sb, sl, ip, pc}",1
"eoreq r4, r1, r1, lsl r2",1
"stmeq r0, {r8, sb, sl, ip, pc}",1
"eoreq r5, r1, r1, lsl r0",1
"stmeq r0, {fp, ip, pc}",1
"eoreq r5, r1, r1, lsl lr",1
"stmeq r0, {r8, fp, ip, pc}",1
"andseq sl, r1, r1, lsl ip",1
"stmeq r0, {sb, fp, ip, pc}",1
"andseq fp, r1, r1, lsl sb",1
"stmeq r0, {r8, sb, fp, ip, pc}",1
"andseq ip, r1, r1, lsl r6",1
"stmeq r0, {sl, fp, ip, pc}",1
"andseq sp, r1, r1, lsl r3",1
"stmeq r0, {r8, sl, fp, ip, pc}",1
"andseq lr, r1, r1, lsl r0",1
"stmeq r0, {sb, sl, fp, ip, pc}",1
"andseq lr, r1, r1, lsl sp",1
"stmeq r0, {r8, sb, sl, fp, ip, pc}",1
"andseq pc, r1, r1, lsl sl",1
"stmeq r0, {sp, pc}",1
"andseq r0, r2, r1, lsl r7",1
"stmeq r0, {r8, sp, pc}",1
"andseq r1, r2, r1, lsl r4",1
"stmeq r0, {sb, sp, pc}",1
"eoreq r4, r1, r1, lsl r4",1
"stmeq r0, {r8, sb, sp, pc}",1
"eoreq r5, r1, r1, lsl r2",1
"stmeq r0, {sl, sp, pc}",1
"eoreq r6, r1, r1, lsl r0",1
"stmeq r0, {r8, sl, sp, pc}",1
"andseq lr, sp, r1, lsl sp",1
"stmeq r0, {sb, sl, sp, pc}",1
"andseq r6, sl, r1, lsl sl",1
"stmeq r0, {r8, sb, sl, sp, pc}",1
"andseq r1, r3, r1, lsl r7",1
"stmeq r0, {fp, sp, pc}",1
"eoreq sp, r5, r1, lsl r5",1
"stmeq r0, {r8, fp, sp, pc}",1
"andseq sb, r0, r1, lsl r8",1
"stmeq r0, {sb, fp, sp, pc}",1
"eoreq r6, r6, r1, lsl sl",1
"stmeq r0, {r8, sb, fp, sp, pc}",1
"cmpmi r2, r2, lsl r5",1
"stmeq r0, {sl, fp, sp, pc}",1
"andseq r5, lr, r1, lsl r7",1
"stmeq r0, {r8, sl, fp, sp, pc}",1
"eoreq r3, r4, r1, lsl r3",1
"stmeq r0, {sb, sl, fp, sp, pc}",1
"andseq r2, lr, r1, lsl r0",1
"stmeq r0, {r8, sb, sl, fp, sp, pc}",1
"eoreq pc, r2, r1, lsl ip",1
"stmeq r0, {ip, sp, pc}",1
"andseq lr, r7, r1, lsl sl",1
"stmeq r0, {r8, ip, sp, pc}",1
"andseq r0, r6, r1, lsl r1",1
"stmeq r0, {sb, ip, sp, pc}",1
"andseq sb, r1, r1, lsl r0",1
"stmeq r0, {r8, sb, ip, sp, pc}",1
"andseq r4, pc, r1, lsl r5",1
"stmeq r0, {sl, ip, sp, pc}",1
"andseq r0, fp, r1, lsl sl",1
"stmeq r0, {r8, sl, ip, sp, pc}",1
"andseq r5, pc, r1, lsl r2",1
"stmeq r0, {sb, sl, ip, sp, pc}",1
"andseq r5, pc, r1, lsl pc",1
"stmeq r0, {r8, sb, sl, ip, sp, pc}",1
"andseq r6, pc, r1, lsl ip",1
"stmeq r0, {fp, ip, sp, pc}",1
"andseq r7, pc, r1, lsl sb",1
"stmeq r0, {r8, fp, ip, sp, pc}",1
"andseq r8, pc, r1, lsl r6",1
"stmeq r0, {sb, fp, ip, sp, pc}",1
"andseq r1, r3, r1, lsl pc",1
"stmeq r0, {r8, sb, fp, ip, sp, pc}",1
"andseq r8, r1, r1, lsl r5",1
"stmeq r0, {sl, fp, ip, sp, pc}",1
"andseq r2, r3, r1, lsl sl",1
"stmeq r0, {r8, sl, fp, ip, sp, pc}",1
"andseq r3, r3, r1, lsl r5",1
"stmeq r0, {sb, sl, fp, ip, sp, pc}",1
"andseq r4, r3, r1, lsl r0",1
"stmeq r0, {r8, sb, sl, fp, ip, sp, pc}",1
"andseq r4, r3, r1, lsl fp",1
"stmeq r0, {lr, pc}",1
"andseq r5, r3, r1, lsl r6",1
"stmeq r0, {r8, lr, pc}",1
"andseq sl, r1, r1, lsl r5",1
"stmeq r0, {sb, lr, pc}",1
"andseq fp, r1, r1, lsl r2",1
"stmeq r0, {r8, sb, lr, pc}",1
"andseq fp, r1, r1, lsl pc",1
"stmeq r0, {sl, lr, pc}",1
"andseq ip, r1, r1, lsl ip",1
"stmeq r0, {r8, sl, lr, pc}",1
"andseq sp, r1, r1, lsl sb",1
"stmeq r0, {sb, sl, lr, pc}",1
"andseq lr, r1, r1, lsl r6",1
"stmeq r0, {r8, sb, sl, lr, pc}",1
"andseq pc, r1, r1, lsl r3",1
"stmeq r0, {fp, lr, pc}",1
"andseq r0, r2, r1, lsl r0",1
"stmeq r0, {r8, fp, lr, pc}",1
"andseq r0, r2, r1, lsl sp",1
"stmeq r0, {sb, fp, lr, pc}",1
"eoreq r3, r1, r1, lsl sp",1
"stmeq r0, {r8, sb, fp, lr, pc}",1
"eoreq r4, r1, r1, lsl fp",1
"stmeq r0, {sl, fp, lr, pc}",1
"eoreq r5, r1, r1, lsl sb",1
"stmeq r0, {r8, sl, fp, lr, pc}",1
"andseq r6, lr, r1, lsl r2",1
"stmeq r0, {sb, sl, fp, lr, pc}",1
"andseq r6, lr, r1, lsl sp",1
"stmeq r0, {r8, sb, sl, fp, lr, pc}",1
"andseq r7, lr, r1, lsl r8",1
"stmeq r0, {ip, lr, pc}",1
"andseq r8, lr, r1, lsl r3",1
"stmeq r0, {r8, ip, lr, pc}",1
"andseq r1, r7, r1, lsl r2",1
"stmeq r0, {sb, ip, lr, pc}",1
"andseq r2, r7, r1, lsl sb",1
"stmeq r0, {r8, sb, ip, lr, pc}",1
"andseq r3, r7, r1, lsl r4",1
"stmeq r0, {sl, ip, lr, pc}",1
"andseq r3, r7, r1, lsl pc",1
"stmeq r0, {r8, sl, ip, lr, pc}",1
"andseq r5, r7, r1, lsl fp",1
"stmeq r0, {sb, sl, ip, lr, pc}",1
"andseq sb, r0, r1, lsl lr",1
"stmeq r0, {r8, sb, sl, ip, lr, pc}",1
"andseq sl, r0, r1, lsl sl",1
"stmeq r0, {fp, ip, lr, pc}",1
"andseq fp, r0, r1, lsl r6",1
"stmeq r0, {r8, fp, ip, lr, pc}",1
"andseq lr, sp, r1, lsl r8",1
"stmeq r0, {sb, fp, ip, lr, pc}",1
"andseq r6, sl, r1, lsl r5",1
"stmeq r0, {r8, sb, fp, ip, lr, pc}",1
"andseq r1, r3, r1, lsl r2",1
"stmeq r0, {sl, fp, ip, lr, pc}",1
"eoreq sp, r5, r1, lsl r0",1
"stmeq r0, {r8, sl, fp, ip, lr, pc}",1
"andseq ip, sb, r1, lsl lr",1
"stmeq r0, {sb, sl, fp, ip, lr, pc}",1
"eoreq r6, r6, r1, lsl r5",1
"stmeq r0, {r8, sb, sl, fp, ip, lr, pc}",1
"andseq sp, r8, r1, lsl r5",1
"stmeq r0, {sp, lr, pc}",1
"eoreq r2, r4, r1, lsl lr",1
"stmeq r0, {r8, sp, lr, pc}",1
"andseq r1, lr, r1, lsl fp",1
"stmeq r0, {sb, sp, lr, pc}",1
"eoreq pc, r2, r1, lsl r7",1
"stmeq r0, {r8, sb, sp, lr, pc}",1
"andseq lr, r7, r1, lsl r5",1
"stmeq r0, {sl, sp, lr, pc}",1
"eoreq r1, r7, r1, lsl lr",1
"stmeq r0, {r8, sl, sp, lr, pc}",1
"andseq r5, sb, r1, lsl r8",1
"stmeq r0, {sb, sl, sp, lr, pc}",1
"andseq r1, sp, r1, lsl fp",1
"stmeq r0, {r8, sb, sl, sp, lr, pc}",1
"andseq ip, r0, r1, lsl r7",1
"stmeq r0, {fp, sp, lr, pc}",1
"andseq lr, r3, r1, lsl lr",1
"stmeq r0, {r8, fp, sp, lr, pc}",1
"andseq r8, r4, r1, lsl r1",1
"stmeq r0, {sb, fp, sp, lr, pc}",1
"andseq pc, sp, r1, lsl r4",1
"stmeq r0, {r8, sb, fp, sp, lr, pc}",1
"andseq sl, r2, r1, lsl sl",1
"stmeq r0, {sl, fp, sp, lr, pc}",1
"andseq sl, r2, r1, lsl r5",1
"stmeq r0, {r8, sl, fp, sp, lr, pc}",1
"andseq r3, r1, r1, lsl r1",1
"stmeq r0, {sb, sl, fp, sp, lr, pc}",1
"andseq r6, r2, r1, lsl r6",1
"stmeq r0, {r8, sb, sl, fp, sp, lr, pc}",1
"andseq r1, ip, r1, lsl lr",1
"stceq p0, c8, [r0], {0}",1
"andseq lr, r6, r1, lsl r6",1
"stceq p1, c8, [r0], {0}",1
"eoreq fp, r5, r1, lsl ip",1
"stceq p2, c8, [r0], {0}",1
"andseq fp, r2, r1, lsl r4",1
"stceq p3, c8, [r0], {0}",1
"eoreq sb, r7, r1, lsl ip",1
"stceq p4, c8, [r0], {0}",1
"andseq r2, r8, r1, lsl r1",1
"stceq p5, c8, [r0], {0}",1
"andseq r6, fp, r1, lsl sp",1
"stceq p6, c8, [r0], {0}",1
"andseq r7, fp, r1, lsl lr",1
"stceq p7, c8, [r0], {0}",1
"andseq r8, fp, r1, lsl pc",1
"stceq p8, c8, [r0], {0}",1
"andseq ip, r4, r1, lsl sb",1
"stceq p9, c8, [r0], {0}",1
"andseq r5, fp, r1, lsl r8",1
"vstmiaeq r0, {s16}",1
"andseq r6, r7, r1, lsl r6",1
"vstmiaeq r0, {d8}",1
"andseq ip, r2, r1, lsl sb",1
"stceq p12, c8, [r0], {0}",1
"andseq sb, sp, r1, lsl sp",1
"stceq p13, c8, [r0], {0}",1
"andseq ip, ip, r1, lsl sp",1
"stceq p14, c8, [r0], {0}",1
"andseq lr, lr, r1, lsl pc",1
"stceq p15, c8, [r0], {0}",1
"andseq ip, fp, r1, lsl fp",1
"stceq p0, c9, [r0], {0}",1
"eoreq r3, r3, r1, lsl fp",1
"stceq p1, c9, [r0], {0}",1
"eoreq r6, r0, r1, lsl r7",1
"stceq p2, c9, [r0], {0}",1
"andseq pc, r2, r1, lsl pc",1
"stceq p3, c9, [r0], {0}",1
"andseq ip, r8, r1, lsl r5",1
"ldrlt r0, [r1, -r0]",1
invalid,1
"andseq pc, sb, r1, lsl r4",1
"ldcne p2, c0, [r1, -0]",1
"movweq r0, 0x22",1
"andseq r0, sl, r1, lsl r3",1
"ldrvs r0, [r1, -r0, lsl 8]",1
"streq r0, [r0, -0x21]",1
"andseq r1, sl, r1, lsl r2",1
"tsths r1, r0, lsl 12",1
"smladeq r0, sl, r0, r0",1
"andseq r3, sl, r1, lsl r0",1
svclo 0x110800,1
"stmdbeq r0, {r1, r3, r4}",1
"andseq r2, sb, r1, lsl fp",1
"ldmdbgt r1, {sb, fp}",1
bleq 0xe190,1
"eoreq lr, r1, r1, lsl r8",1
invalid,1
"stceq p0, c0, [r0, -0x70]",1
"andseq r5, r1, r1, lsl r7",1
"andsls r0, r1, r0, lsl 28",1
"mcreq p0, 0, r0, c0, c13, 0",1
"andseq lr, r5, r1, lsl sp",1
"ldrhs r0, [r1, -r0, lsl 30]",1
"andne r0, r0, r3, lsr 32",1
"eoreq pc, r4, r1, lsl r0",1
"ldrls r1, [r1, -0x100]",1
"andne r0, r0, 0x18",1
"eoreq lr, r0, r1, lsl ip",1
invalid,1
"strne r0, [r0], -0x25",1
"andseq fp, sb, r1, lsl r7",1
"cdpvs p5, 1, c1, c1, c0, 0",1
invalid,1
"andseq r4, sl, r1, lsl lr",1
svchs 0x111700,1
"stmdane r0, {r1, r2, r5}",1
"andseq ip, sl, r1, lsl sb",1
"ldrle r1, [r1, -0x900]",1
bne 0xe1f4,1
"andseq pc, sl, r1, lsl r3",1
"ldrmi r1, [r1], -r0, lsl 22",1
invalid,1
"andseq r1, fp, r1, lsl r7",1
"ldcle p13, c1, [r1, -0]",1
"mcrne p0, 0, r0, c0, c15, 0",1
"andseq pc, r4, r1, lsl pc",1
"ldrpl r1, [r1, -r0, lsl 30]",1
"andhs r0, r0, r2, lsr 32",1
"andseq r1, r5, r1, lsl r6",1
"andshi r2, r1, 0, 2",1
"andhs r0, r0, 0x22",1
"andseq r5, r5, r1, lsl r0",1
"tstlt r1, r0, lsl 6",1
"strhs r0, [r0], -0x22",1
"andseq sp, r5, r1, lsl r6",1
"ands r2, r1, r0, lsl 10",1
"strhs r0, [r0], -r2, lsr 32",1
"andseq r1, r6, r1, lsl sl",1
"ldmdaeq r1, {r8, sb, sl, sp}",1
"stmdahs r0, {r0, r1, r5}",1
"andseq ip, r6, r1, lsl pc",1
"ldrne r2, [r1, -r0, lsl 18]",1
bhs 0xe264,1
"andseq pc, r6, r1, lsl fp",1
"vldrlo d2, [r1, -0]",1
invalid,1
"andseq r7, r7, r1, lsl sl",1
"cdpvc p13, 1, c2, c1, c0, 0",1
"cdphs p0, 0, c0, c0, c4, 1",1
"andseq ip, r7, r1, lsl lr",1
"ldrls r2, [r1, -0xf00]",1
"andlo r0, r0, r4, lsr 32",1
"andseq r0, r8, r1, lsl sl",1
"ldmdble r1, {r8, ip, sp}",1
"andlo r0, r0, 0x24",1
"andseq sb, pc, r1, lsl r3",1
"ldrhi r3, [r1], -0x300",1
"strlo r0, [r0], -0x13",1
"andseq fp, pc, r1, lsl r2",1
"tstgt r1, 0, 10",1
invalid,1
"eoreq r1, r0, r1, lsl r4",1
"ldreq r3, [r1, -0x700]",1
"stmdalo r0, {r2, r4}",1
"eoreq r5, r0, r1, lsl r0",1
"ldrhs r3, [r1, -0x900]",1
blo 0xe284,1
"eoreq fp, r0, r1, lsl lr",1
bmi 0x45ce3c,1
invalid,1
"andseq fp, r7, r1, lsl r2",1
blls 0x45d648,1
"mcrlo p0, 0, r0, c0, c9, 0",1
"andseq fp, sp, r1, lsl sl",1
"ldrvc r3, [r1], -r0, lsl 30",1
"andgt r0, r0, r2, lsl r0",1
"strne r1, [r5, 0x100]!",1
"sbceq r0, r1, r0",1
"andseq r7, r5, r1, lsl lr",1
"mrsne ip, r8_usr",1
"andeq r1, r0, r1, ror 6",1
"tstpl r1, 0xc3",1
"strgt r0, [r0], -0x18",1
"rsbshs r1, fp, r0, lsl 2",1
"sbceq r0, r5, r0",1
"eoreq fp, r7, r1, lsl r0",1
invalid,1
"andeq r1, r0, sp, lsl 21",1
"tstpl r1, r7, asr 1",1
"stmdagt r0, {r0, r1, r5}",1
invalid,1
"sbceq r0, sb, r0",1
"eoreq r7, r3, r1, lsl sp",1
invalid,1
"muleq r0, r3, r3",1
"ldmdbge r1, {r0, r1, r3, r6, r7}",1
invalid,1
invalid,1
"sbceq r0, sp, r0",1
"eoreq sp, r3, r1, lsl r5",1
invalid,1
"andeq r2, r0, fp, ror 7",1
"tsteq r1, pc, asr 1",1
"andle r0, r0, r4, lsr 32",1
"stmdbne r1, {r8, ip} ^",1
"sbcseq r0, r1, r0",1
"andseq r6, r5, r1, lsl r7",1
"mrsne sp, r8_usr",1
"andeq r1, r0, sp, ror 18",1
"ldrhi r0, [r1], -0xd3",1
"strle r0, [r0], -0x19",1
"ldrne r1, [0x0000e3e8]!     ; [0xe3e8:4]=0x1d46",1
"sbcseq r0, r5, r0",1
"andseq r7, r6, r1, lsl r5",1
invalid,1
"ldrdeq r1, r2, [r0], -r6",1
"tstne r0, r0, lsl 1",1
"andeq r2, r0, pc, lsr 4",1
"tstne r0, r1, lsl 1",1
"andeq r1, r0, r1, lsr r6",1
"tstne r0, r2, lsl 1",1
"andeq r2, r0, sb, lsr r7",1
"tstne r0, r3, lsl 1",1
"andeq r1, r0, r6, ror 25",1
"tstne r0, r4, lsl 1",1
"andeq r1, r0, lr, lsl 29",1
"tstne r0, r5, lsl 1",1
"andeq r1, r0, fp, ror ip",1
"tstne r0, r6, lsl 1",1
"andeq r2, r0, r3, lsl 12",1
"tstne r0, r7, lsl 1",1
"andeq r1, r0, r6, ror sp",1
"tstne r0, r8, lsl 1",1
"strdeq r2, r3, [r0], -r7",1
"tstne r0, sb, lsl 1",1
"andeq r2, r0, sp, ror 8",1
"tstne r0, sl, lsl 1",1
"andeq r2, r0, ip, lsr 9",1
"tstne r0, fp, lsl 1",1
"andeq r1, r0, r4, ror 12",1
"tstne r0, ip, lsl 1",1
"andeq r1, r0, r0, lsr 23",1
"tstne r0, sp, lsl 1",1
"andeq r1, r0, ip, lsr r4",1
"tstne r0, lr, lsl 1",1
"strdeq r1, r2, [r0], -r4",1
"tstne r0, pc, lsl 1",1
"andeq r1, r0, fp, asr 24",1
invalid,1
"andeq r1, r0, r2, asr 2",1
invalid,1
"andeq r2, r0, lr, ror 4",1
invalid,1
"andeq r1, r0, r1, lsr sp",1
invalid,1
"strdeq r2, r3, [r0], -r8",1
invalid,1
"strheq r1, [r0], -fp",1
invalid,1
"andeq r1, r0, r7, lsr fp",1
invalid,1
"andeq r1, r0, r4, lsr 30",1
invalid,1
"strdeq r1, r2, [r0], -sp",1
invalid,1
"strheq r2, [r0], -ip",1
invalid,1
"andeq r1, r0, r5, asr 12",1
invalid,1
"andeq r2, r0, sl, ror 14",1
invalid,1
"andeq r1, r0, r0, ror 5",1
invalid,1
"andeq r2, r0, fp, lsr 3",1
invalid,1
"andeq r1, r0, r2, lsr 4",1
invalid,1
"andeq r1, r0, r6, asr 26",1
invalid,1
"andeq r1, r0, ip, lsr 13",1
"tstne r0, r0, lsr 1",1
"andeq r2, r0, r2, ror 13",1
"tstne r0, r1, lsr 1",1
"andeq r2, r0, sp, asr 14",1
"tstne r0, r2, lsr 1",1
"andeq r2, r0, fp, asr 3",1
"tstne r0, r3, lsr 1",1
"andeq r1, r0, lr, asr 29",1
"tstne r0, r4, lsr 1",1
"muleq r0, r1, r7",1
"tstne r0, r5, lsr 1",1
"andeq r1, r0, r1, ror 23",1
"tstne r0, r6, lsr 1",1
"andeq r2, r0, r6, lsl 11",1
"tstne r0, r7, lsr 1",1
"muleq r0, r8, r4",1
"tstne r0, r8, lsr 1",1
"andeq r2, r0, r5, lsl r6",1
"tstne r0, sb, lsr 1",1
"ldrdeq r1, r2, [r0], -lr",1
"tstne r0, sl, lsr 1",1
"strdeq r1, r2, [r0], -sp",1
"tstne r0, fp, lsr 1",1
"andeq r2, r0, pc, lsl r1",1
"tstne r0, ip, lsr 1",1
"muleq r0, r0, r2",1
"tstne r0, sp, lsr 1",1
"andeq r2, r0, r3, ror 15",1
"tstne r0, lr, lsr 1",1
"muleq r0, r5, r0",1
"smlabbne r4, r0, r0, r8",1
"andeq r1, r0, r4, asr 29",1
"smlabbne r4, r0, r0, r8",1
"andeq r1, r0, fp, lsl sb",1
"smlabbne r4, r1, r0, r8",1
"andeq r1, r0, sl, lsl r2",1
"smlabbne r4, r1, r0, r8",1
"andeq r2, r0, ip, lsr r8",1
"smlabbne r4, r2, r0, r8",1
"andeq r1, r0, r1, ror r8",1
"smlabbne r4, r3, r0, r8",1
"strdeq r1, r2, [r0], -r7",1
"smlabbne r4, r4, r0, r8",1
"andeq r1, r0, r4, lsl 27",1
"smlabbne r4, r5, r0, r8",1
"andeq r2, r0, sl, lsl 4",1
"smlabbne r4, r6, r0, r8",1
"andeq r2, r0, r8, asr 5",1
"tstne r4, r0, lsl 1",1
"andeq r1, r0, ip, lsl r4",1
"tstne r4, r1, lsl 1",1
"andeq r2, r0, r7, asr 32",1
"tstne r4, r2, lsl 1",1
"andeq r2, r0, r7, lsl 16",1
"tstne r4, r3, lsl 1",1
"andeq r1, r0, r6, lsl 28",1
"tstne r4, r4, lsl 1",1
"andeq r1, r0, ip, lsr r5",1
"tstne r4, r5, lsl 1",1
"andeq r2, r0, pc, lsl 16",1
"tstne ip, r0, lsl 1",1
"muleq r0, fp, r3",1
"tstne ip, r1, lsl 1",1
"strheq r1, [r0], -r2",1
"tstne ip, r2, lsl 1",1
"andeq r1, r0, sl, lsl 26",1
"tstne ip, r3, lsl 1",1
"andeq r1, r0, r5, lsr 21",1
"smlawbne r0, r0, r0, r8",1
"andeq r1, r0, r1, asr 16",1
"smlawbne r0, r1, r0, r8",1
"ldrdeq r1, r2, [r0], -sp",1
"smlawbne r0, r2, r0, r8",1
"andeq r2, r0, sl, lsl 15",1
"smlawbne r0, r3, r0, r8",1
"andeq r1, r0, r4, asr 28",1
"smlawbne r0, r4, r0, r8",1
"andeq r1, r0, lr, ror 9",1
"smlawbne r0, r5, r0, r8",1
"muleq r0, fp, r6",1
"smlawbne r0, r6, r0, r8",1
"andeq r1, r0, lr, lsr 23",1
"smlawbne r0, r7, r0, r8",1
"andeq r2, r0, sb, ror r1",1
"smlawbne r4, r0, r0, r8",1
"andeq r2, r0, r4, asr r4",1
"smlawbne r4, r1, r0, r8",1
"andeq r2, r0, r8, lsl r5",1
"smlawbne r4, r2, r0, r8",1
"andeq r1, r0, fp, lsl 25",1
"smlawbne r4, r3, r0, r8",1
"andeq r1, r0, r3, lsr 25",1
"smlawbne r4, r4, r0, r8",1
"andeq r2, r0, r1, lsr r5",1
"smlawbne r4, r5, r0, r8",1
"muleq r0, sb, r2",1
"smlawbne r4, r6, r0, r8",1
"andeq r1, r0, fp, lsr 28",1
"smlawbne r4, r7, r0, r8",1
"andeq r2, r0, pc, lsl 13",1
"smlawbne r4, r8, r0, r8",1
"andeq r2, r0, lr, asr 13",1
"smlawbne r4, sb, r0, r8",1
"strheq r2, [r0], -r8",1
"smlawbne r4, sl, r0, r8",1
"strheq r1, [r0], -r4",1
"smlawbne r4, fp, r0, r8",1
"muleq r0, lr, lr",1
"smlawbne r4, ip, r0, r8",1
"andeq r2, r0, r5, lsr 13",1
"smlawbne r4, sp, r0, r8",1
"andeq r1, r0, r4, lsl 1",1
"smlawbne r8, r0, r0, r8",1
"andeq r1, r0, r1, lsr ip",1
"smlawbne r8, r1, r0, r8",1
"andeq r2, r0, sl, asr 15",1
"smlawbne r8, r2, r0, r8",1
"andeq r2, r0, r6, lsl 2",1
"smlawbne r8, r3, r0, r8",1
"andeq r2, r0, r1, asr 4",1
"smlawbne r8, r4, r0, r8",1
"andeq r1, r0, r6, lsl 13",1
"smlawbne r8, r5, r0, r8",1
"andeq r2, r0, r0, lsr 11",1
"smlawbne ip, r0, r0, r8",1
"andeq r1, r0, fp, lsr 7",1
"smlawbne ip, r1, r0, r8",1
"andeq r1, r0, sp, lsl 30",1
"smlawbne ip, r2, r0, r8",1
"andeq r2, r0, r5, lsr 1",1
"teqne r0, r0, lsl 1",1
"andeq r2, r0, r5, ror r6",1
"teqne r0, r1, lsl 1",1
"ldrdeq r1, r2, [r0], -sb",1
"teqne r0, r2, lsl 1",1
"muleq r0, r0, r1",1
"teqne r0, r3, lsl 1",1
"andeq r1, r0, r5, asr 4",1
"teqne r0, r4, lsl 1",1
"andeq r1, r0, sl, lsl r1",1
"teqne r0, r5, lsl 1",1
"andeq r1, r0, r1, ror 8",1
"teqne r0, r6, lsl 1",1
"andeq r2, r0, r0, lsr 16",1
"teqne r0, r7, lsl 1",1
"andeq r2, r0, sb, asr 10",1
"teqne r0, r8, lsl 1",1
"andeq r2, r0, fp, lsr 32",1
"teqne r0, sb, lsl 1",1
"strdeq r1, r2, [r0], -fp",1
"teqne r0, sl, lsl 1",1
"andeq r2, r0, r6, ror 10",1
"teqne r0, fp, lsl 1",1
"andeq r1, r0, pc, asr ip",1
"teqne r0, ip, lsl 1",1
"andeq r2, r0, r6, lsl 14",1
"teqne r0, sp, lsl 1",1
"andeq r1, r0, r1, ror sl",1
"teqne r0, lr, lsl 1",1
"andeq r1, r0, sl, lsr 17",1
"teqne r0, pc, lsl 1",1
"andeq r1, r0, r3, ror 17",1
invalid,1
"andeq r2, r0, r7, asr 16",1
"mlaseq r0, r1, r0, r8",1
"ldreq r0, [r3, 0x113]",1
"andlo r0, r2, r0",1
"andeq sb, r0, r1, lsl 6",1
"stmdbhs r1, {r8, sb}",1
"strne r0, [r0], -0xd",1
"andeq r0, r0, ip, asr 3",1
"addseq r3, r3, r2",1
"ldrhi r0, [r4, -r0]",1
"andeq r0, r0, 1",1
"andeq pc, r2, r0, lsr sl",1
"ldrbeq r1, [sb], 0x400",1
"andlo r0, r2, r0",1
"andeq r0, r0, r2, lsr 1",1
"andls r1, r1, r0, lsl 6",1
"movweq r0, 0x18",1
"subeq r0, pc, sb, lsr 2",1
"mrseq r0, apsr",1
"andeq r0, r0, r4, asr sp",1
"andeq r4, r1, r4, lsl sl",1
svc 0x290300,1
"strne r0, [r0], -2",1
"andeq r2, r0, sp, asr r6",1
"subeq r2, pc, r3, lsl 18",1
"andseq r0, r5, r0",1
"sbcshs r0, r2, 0x80000005",1
svclo 0x40000,1
"andeq r4, r0, r1, lsl 30",1
"ldcleq p3, c0, [r2, -0]!",1
invalid,1
"streq r0, [r0], -0x1f",1
"andeq r7, sp, pc, lsr r2",1
"streq r0, [r6], -0",1
"andeq r0, r0, sp, lsr 1",1
"ldrhs r0, [r1, -0x113]",1
"strvs r0, [r2], -r0",1
"andeq sb, r0, r1, lsl 10",1
"andge r0, r1, 0, 6",1
"strne r0, [r0], -0xd",1
"andeq r0, r0, ip, asr 3",1
"addseq r6, r5, r2, lsl 12",1
"ldrhi r0, [r4, -r0]",1
"andeq r0, r0, 1",1
"andeq lr, r2, r6, ror 30",1
ble 0x5ce73c,1
invalid,1
"rsceq r0, pc, 0xc000001e",1
invalid,1
"stmdane r0, {r1, r2, r3}",1
invalid,1
"andeq lr, r2, sp, ror pc",1
"ldrvs r1, [r8], -0x900",1
invalid,1
"andeq lr, r2, r3, lsl 31",1
"streq r1, [lr, 0xa00]",1
"strhi r0, [r1], -0",1
"andeq r0, r0, pc, ror 5",1
"andeq r1, r7, sl, lsl sb",1
"strls r0, [r5, 0x100]",1
blne 0xe778,1
"andeq r0, r0, r6, lsl 28",1
"andseq sl, pc, sl, lsl sl",1
"addge r0, pc, 0, 2",1
bne 0xe788,1
"muleq r0, r7, r7",1
"adceq sb, r2, r1",1
blle 0x68e794,1
invalid,1
"muleq r0, r1, pc",1
invalid,1
invalid,1
"andeq r4, r0, r1, lsr 31",1
"ldrvs r1, [r8], -r0, lsl 18",1
invalid,1
"andeq r0, r0, r2, ror sp",1
"vstmdbne lr!, {s3, s4, s5, s6, s7, s8, s9, s10, s11, s12, s13, s14, s15, s16, s17, s18, s19, s20, s21, s22, s23, s24, s25, s26, s27}",1
"stclt p0, c0, [r1, -0]",1
"muleq r0, r5, r0",1
"andseq r2, fp, sl, lsl lr",1
"adcsge r0, lr, 0, 2",1
invalid,1
invalid,1
"andeq r4, r0, r2, asr 31",1
"vldrne s2, [r8]",1
"movwgt r0, 0x1000",1
"andeq r0, r0, r8, ror lr",1
"andseq ip, r0, sl, lsl r2",1
"stmvc r4, {r8} ^",1
"stmdane r0, {r1, r2, r3}",1
invalid,1
"andeq sl, r0, r5, asr 5",1
"rsblo r1, ip, 0, 16",1
"sbcge r0, r5, 0, 2",1
bne 0xe800,1
"andeq r1, r0, sl, ror 26",1
"addseq ip, r5, r1, lsl 12",1
"andeq r0, r0, r0",1
"andeq r0, r0, r0",1
"andeq sb, r0, fp, lsl 22",1
"andeq r8, lr, r0, lsl 16",1
"addeq r0, ip, r0, lsl 24",1
"eorseq r0, r2, r0",1
"ldcleq p1, c0, [ip, -0x70]!",1
bvs 0x4e828,1
"rsceq r0, pc, 0x40000000",1
"strgt r0, [r0]",1
invalid,1
"rscpl r0, ip, r0",1
invalid,1
"stcne p0, c0, [r0, -0x4c]",1
"andeq r2, r0, pc, lsl r3",1
svc 0x16c01,1
"stmdbne r0, {r1}",1
"stcne p0, c0, [r0, -0x144]",1
"andeq r1, r0, r6, ror 7",1
svc 0x16d01,1
"strvc r0, [r0, -r2]",1
"mcrne p0, 0, r0, c0, c1, 2",1
"andeq r0, r0, r2, lsr 27",1
"muleq r0, r0, r5",1
"strheq r1, [r0], -r8",1
invalid,1
svcne 0x12,1
"andeq r1, r0, r0, ror 3",1
"andeq fp, sp, r0, lsr 6",1
"subseq fp, r1, r0, lsl 12",1
"ldrtgt r2, [ip], -r0, lsl 2",1
invalid,1
"cdplt p0, 2, c0, c0, c0, 0",1
"streq r0, [r0, -0xd]",1
"andhs r0, r0, r2, asr r0",1
"ldrdeq r0, r1, [r0], -r4",1
"andeq r5, r0, sb, lsr r2",1
"andeq ip, sp, r2, lsr 18",1
invalid,1
svcls 0xd4,1
"andseq r0, r2, r3, lsr 16",1
"andeq pc, pc, r0, lsl 8",1
"stcleq p0, c2, [r4, 0]!",1
"rsbspl r0, r8, 0",1
blx 0x80e8bc,1
blhi 0xe8f4,1
"andhs r0, r0, r2, asr r0",1
"andeq r0, r0, pc, ror 27",1
"strheq r5, [r0], -r4",1
"andeq pc, ip, r4, lsr 8",1
"sbceq r8, r6, r0, lsl 8",1
"sbceq sb, r6, r0",1
svcvc 0x950100,1
"strhs r0, [r0, -0xf]",1
"andeq r0, r0, sp, lsl sp",1
"andeq r5, r0, r8, asr 5",1
"andeq r1, sp, r5, lsr 4",1
"subseq sp, r2, r0, lsl 22",1
"stceq p5, c2, [r7, -0]",1
"rscpl r0, lr, 0",1
"eorls r0, r6, r0",1
"stmdbpl r0, {r1, r2, r6, r7}",1
"smladhs r0, r3, r0, r0",1
bvc 0xa310c,1
invalid,1
"strhs r7, [r0, -r2, lsl 10]",1
"stmdavc r2, {r0, ip, lr}",1
"strhs r0, [r0], -0",1
"strdeq r0, r1, [r0], -r4",1
"muleq r0, ip, r6",1
"andeq ip, r0, ip, lsr 13",1
svceq 0xcf9801,1
"eorne r0, r5, 0",1
"andhs r0, r0, 0xd",1
"strhs r0, [r0, -0x53]",1
"andeq r0, r0, r7, lsl 26",1
"andeq r5, r0, sl, asr r3",1
"andeq r1, sp, r5, lsr 26",1
"subseq sb, r3, r0, lsl 26",1
"strtgt r2, [ip], r0, lsl 12",1
"cmpne sb, 0",1
invalid,1
invalid,1
"movweq r5, 0x5101",1
"andeq sp, r0, ip, ror 9",1
"ldrbeq r0, [r0, -0x127]",1
"rsbseq r0, fp, r8, ror r0",1
"stmdahs r0, {r1, r5}",1
"andeq ip, r0, ip, asr r6",1
"andeq r1, r0, sl, ror r3",1
"andeq r0, r0, r3, ror 31",1
"subseq r0, r0, 0xc0000009",1
invalid,1
"andeq ip, r0, ip, ror r6",1
"muleq r0, r3, r3",1
"subseq r0, r0, 0xc0000009",1
"andeq r0, r0, fp, ror lr",1
"andseq r2, r2, r3, lsr 16",1
"andseq sb, r2, r0, lsl 12",1
"cdpeq p2, 0, c2, c7, c0, 0",1
bpl 0x4e99c,1
"andeq r2, sp, r4, lsr 18",1
"sbceq sl, r6, r0, lsl 24",1
"sbceq fp, r6, r0, lsl 16",1
invalid,1
"strhs r0, [r0, -0x10]",1
"andeq r0, r0, r7, asr 26",1
"andeq r5, r0, sb, asr 7",1
"andeq r3, sp, r5, lsr 24",1
"subseq pc, r3, r0, lsl 22",1
"ldrtgt r2, [r8], r0, lsl 12",1
invalid,1
invalid,1
"andeq r0, sl, r1, asr r3",1
"andpl r2, r1, r0, lsl 15",1
"andeq r7, r0, r2, lsl 16",1
"subne r2, r8, 0, 6",1
"addne r0, r5, 0",1
"eorne r0, r0, 0",1
"strhs r0, [r0], -0xe",1
"movwhs r0, 0x54",1
"andeq r1, r0, r8, ror 4",1
"andeq r1, r0, r7, asr r2",1
"andeq r1, lr, r0, lsr 26",1
"subseq r6, r4, r0, lsl 28",1
"cdpeq p0, 2, c2, c8, c0, 0",1
"strbtpl r0, [r5], 0",1
invalid,1
"andlo r0, r0, 0x12",1
"stmdbhs r0, {r1, r4}",1
"andeq r0, r0, r4, lsr lr",1
"andeq r3, lr, r2, lsr 26",1
invalid,1
"mcreq p2, 2, r2, c8, c14, 3",1
"mrsls r0, apsr",1
invalid,1
"andlo r0, r0, lr",1
"andhs r0, r0, r5, asr r0",1
"andeq r0, r0, sp, asr lr",1
"andeq r5, r0, r4, ror 10",1
"andeq r6, lr, r0, lsr 14",1
"subseq sb, r5, r0, lsl 16",1
"vldreq s5, [r4, -0]",1
"ldrbgt r0, [r4], r0",1
"adcsne r0, r0, 0",1
invalid,1
"ldrdeq r1, r2, [r0], -r6",1
"andeq r6, sp, r5, lsr 12",1
"subseq ip, r5, r0, lsl 2",1
"stmgt ip, {sb, sl, sp}",1
"bicne r0, lr, 0",1
invalid,1
"rsbseq r0, r5, r0, asr r2",1
invalid,1
invalid,1
"stmdahi r0, {r0, r1, r2, r6, r7}",1
"smlabteq r0, r7, r0, r0",1
"andseq r1, r1, lr, ror 23",1
"ldceq p5, c2, [r6]",1
"strbpl r0, [sl, 0]!",1
blhi 0x94ea8c,1
"stmdbne r0, {r0, r2, r3}",1
invalid,1
"andeq ip, r0, r8, lsl 15",1
"andeq r1, r0, sp, ror 7",1
"cmpeq r1, 0xc0000009",1
invalid,1
"stmdbvc sl, {r0, ip, lr}",1
"andhs r7, r0, 0, 8",1
"andslo r0, ip, 0x7b",1
"strhs r0, [r0], -0x1c",1
"andeq r0, r0, r8, ror sp",1
"andeq ip, r0, ip, lsl 15",1
"andeq ip, r0, r0, lsr 15",1
"cmpne sp, r1, lsl 30",1
"strtls r0, [r5], -r0",1
blmi 0xeb00,1
"strhs r0, [r0, -0x56]",1
"andeq r0, r0, fp, lsl 27",1
"andeq r5, r0, sl, ror r6",1
"sbceq sb, r7, r6, lsr 16",1
"andseq lr, r3, r0, lsl 26",1
invalid,1
svcvc 0x9c9103,1
"ldrbeq r0, [r0, -r7, lsr 2]",1
"rsbseq r0, r4, sb, ror r0",1
"andseq r3, ip, r2, lsr 2",1
"vldreq s5, [r4, -0]",1
"strgt r0, [r0, r0]!",1
"sbcne r0, r8, 0",1
"mrsle r0, apsr",1
"andeq r1, r0, sl, lsl 3",1
"andeq r6, sp, r5, lsr 12",1
"subseq sb, r6, r0, lsl 8",1
"stmgt r0!, {sb, sl, sp}",1
"bicne r0, lr, 0",1
invalid,1
"rsbseq r0, r5, r0, asr r2",1
"stceq p0, c0, [r8], -0",1
"cdpeq p0, 0, c0, c0, c7, 6",1
"mcrls p0, 0, r0, c0, c4, 0",1
"smladhs r0, r1, r0, r0",1
"strvc r5, [r2, -0x101]",1
"eorhs r0, r8, r0",1
invalid,1
"stmdbgt r0, {r2, r4}",1
"smladhs r0, r1, r0, r0",1
invalid,1
invalid,1
"ldm r1, {r1, r4, r6, r8, sb}",1
invalid,1
"strle r0, [r0, -0x305]",1
invalid,1
"rsbseq r0, r5, r0, asr r2",1
"ldrgt r2, [r0, -r0, lsl 16]!",1
"cmnne sl, 0",1
"bicsne r0, lr, r0",1
invalid,1
"ldm r1, {r4, r6, r8, sb}",1
"stclo p0, c0, [r8], -0x1f8",1
bvc 0xee98,1
"vqadd.u8 d0, d0, d3",1
"smladhs r0, r1, r0, r0",1
"mrsls r5, apsr",1
"stmdahs r0, {r2, r3, r4, r7, r8, sb, sl, fp, ip, sp, lr}",1
"andeq ip, r0, r8, asr r7",1
"muleq r0, r3, r3",1
"andeq r1, r0, r7, lsl 4",1
"subseq r0, r0, 0xc0000009",1
"stmdahs r0, {r1, r3, r4, r5, r6, r8, sb}",1
"andeq ip, r0, r4, asr 16",1
"andeq r1, r0, fp, asr 8",1
"andeq r1, r0, r1, lsr 4",1
"subseq r0, r1, 0xc0000009",1
invalid,1
"rsbseq r0, r4, r0, asr r2",1
"ldmdagt r4!, {sb, sl, sp} ^",1
"strbtne r0, [sb], -0",1
invalid,1
"rsbseq r0, r4, r0, asr r2",1
invalid,1
"cdpvc p0, 0, c0, c0, c7, 6",1
invalid,1
"smladhs r0, r2, r0, r0",1
"strvc r5, [r2, -1]",1
"stcvc p0, c0, [r6], -0",1
"cdpvc p0, 0, c0, c0, c8, 6",1
"smladhs r0, r4, r0, r0",1
"strvc r5, [r2, -1]",1
invalid,1
"andeq ip, r0, r8, asr 13",1
"muleq r0, r7, r4",1
"andeq r1, r0, r4, ror r2",1
"ldrbeq r0, [r1, -0x127]",1
"sbcseq pc, r4, r3, lsl 24",1
"andpl r2, r1, r0, lsl 14",1
"andeq r7, r0, r2, lsl 20",1
"sbceq r2, r8, r6, lsr 8",1
"andseq fp, r4, r0, lsl 10",1
"andpl r2, r1, r0, lsl 14",1
"andeq r7, r0, r2, lsl 20",1
"ldrbgt r2, [r0, r0, lsl 12]!",1
"strbtne r0, [sb], -0",1
invalid,1
"rsbseq r0, r8, r0, asr r2",1
"strtmi r0, [r6], -0",1
"cdpgt p0, 0, c0, c0, c6, 6",1
"smladhs r0, r4, r0, r0",1
"movweq r5, 0x5001",1
"ldrdeq sp, lr, [r0], -ip",1
"andeq r0, r0, r0",1
"sbceq lr, r5, fp, lsr 8",1
"sbceq pc, r5, r0",1
"andseq lr, r2, r0, lsl 16",1
"ldmdane r8!, {sl, fp, sp}",1
invalid,1
"andeq sl, r0, r2, lsl 4",1
"ldrbtne r2, [r8], -0xc00",1
invalid,1
"andeq sl, r0, r2, lsl 4",1
"ldrbgt r2, [r0, 0x600]!",1
"strbtne r0, [r7], 0",1
invalid,1
"rsbseq r0, r4, r1, asr r2",1
"subseq r0, r0, 0xc0000009",1
"andeq r0, r0, r6, ror r0",1
"sbceq sb, r5, r8, lsr 32",1
"andseq r0, r5, r0, lsl 16",1
"andseq pc, r2, r0, lsl 22",1
"andpl r2, r1, r0, lsl 14",1
"stchs p14, c3, [r0, -4]",1
"andeq ip, r0, r0, asr 11",1
"andeq r1, r0, sl, ror r3",1
"sbceq sp, r5, r8, lsr 32",1
"andseq r7, r3, r0, lsl 20",1
"andseq r1, r3, r0, lsl 16",1
"andpl r2, r1, r0, lsl 14",1
"andeq r7, r0, r2, lsl 8",1
"sbceq r1, r6, r6, lsr 16",1
"andseq r7, r3, r0, lsl 20",1
"andpl r2, r1, r0, lsl 14",1
"andeq r7, r0, r2, lsl 8",1
"bicsne r2, lr, 0, 28",1
"strvc r0, [r1, -r0]",1
"andeq r1, r0, sl, lsr r3",1
"stmpl r8, {r0, r2, r8, sb} ^",1
svc 0x2f0001,1
"andlo r0, r0, r2",1
"andeq r0, r0, r2, asr 5",1
"adcseq sl, r7, 0x70000",1
"mrseq r0, apsr",1
"andeq sb, r7, r0, lsr r0",1
"strlt r0, [sb, r0, lsl 14]!",1
invalid,1
"movwls r3, 0x1101",1
invalid,1
"muleq r0, r3, r0",1
"cmnne sl, 0x40000000",1
"teqls r2, 0",1
"andlo r0, r0, 0",1
"strdeq r0, r1, [r0], -sl",1
"andeq r8, r0, r2, lsr ip",1
"teqeq r3, r0",1
"andeq r0, r0, r2, lsr r3",1
invalid,1
"andeq r0, r0, r2, lsr 1",1
"andseq sb, r3, r1, lsl 6",1
"rsceq r3, pc, 0, 4",1
"movwlo r0, 0",1
"andeq sl, r4, r1, lsl 10",1
"bicseq r0, r1, r0, lsl 22",1
"andeq sb, r0, r1, lsl 6",1
invalid,1
"eorsge r0, r2, 0",1
"andeq r0, r0, r0",1
blne 0xfef8f218,1
"andhs r0, r3, r0",1
"andeq r2, r0, r2, lsr r7",1
"andeq r4, r0, r1, lsl 30",1
"bicne r0, lr, 0, 2",1
svc 0x320000,1
"andlo r0, r0, 2",1
"andeq r0, r0, pc, asr 32",1
"teqeq r3, r5, lsl r0",1
"andeq r1, r0, sp, lsr 10",1
"mrseq r8, apsr",1
"andeq r0, r0, pc, asr 32",1
"andseq lr, r3, r1, lsl 14",1
invalid,1
"streq r0, [r0], -r0",1
"andeq lr, r2, r4, lsl 6",1
"streq r3, [r1, -r0, lsl 8]",1
invalid,1
"eoreq r1, r5, r0, lsl 2",1
"addseq r0, r5, r0, lsl 2",1
"cdpeq p0, 0, c0, c1, c0, 0",1
"andlo r0, r0, 0x14",1
"muleq r0, r5, r0",1
"andeq lr, r2, r2, lsr pc",1
"teqeq r3, r0",1
"andeq r2, r0, r5, ror 11",1
invalid,1
"andeq r0, r0, pc, asr 32",1
"andseq r2, r4, r1, lsl 24",1
"subeq r3, pc, r0, lsl 4",1
"eorsvc r0, r2, 0",1
"andeq r0, r0, sp",1
"ldrne r0, [r5, -0x133]!",1
invalid,1
"subeq r0, pc, r1, lsl 2",1
blmi 0x4edd4,1
"andlo r0, r0, 0x14",1
"andeq r0, r0, r2, ror sp",1
"andeq lr, r2, r2, lsr pc",1
"movwlo r1, 0x500",1
"andeq sb, pc, r1, lsl 6",1
"bicseq r0, pc, r0, lsl 22",1
"andeq sb, r0, r1, lsl 6",1
"strbtne r0, [sb], -0x100",1
"teqls r2, 0",1
"andlo r0, r0, 0",1
"andeq r0, r0, r2, lsr 1",1
invalid,1
bleq 0xee20,1
"smlatteq r1, r2, r1, r0",1
"andeq r1, r0, lr, ror r4",1
"andeq sb, r0, r2, lsr r3",1
"teqeq r3, r0",1
"andeq r1, r0, r4, lsr r0",1
"mrseq lr, apsr",1
"andeq r0, r0, pc, asr 32",1
"andseq sb, r4, r1, lsl 14",1
"ldcleq p2, c3, [r2, -0]!",1
"movwlo r0, 0",1
"andseq r8, r8, r1, lsl 28",1
"teqeq r2, r0, lsl 14",1
"andeq r7, sp, r1, lsl 4",1
"ldrtne r0, [r5], 0x100",1
svcmi 0x320000,1
"andlo r0, r0, 0",1
"andeq r0, r0, pc, ror 5",1
"stmdblo r1, {r8, sb, ip, sp}",1
"mcreq p0, 0, r0, c0, c0, 0",1
svcmi 0x10161,1
invalid,1
"andeq r1, r0, lr, asr 9",1
"andeq r4, r0, r2, lsr pc",1
"teqeq r3, r0",1
"strheq r0, [r0], -r7",1
invalid,1
"muleq r0, r5, r0",1
"andseq lr, r4, r1, lsl 14",1
"rsceq r3, pc, 0, 4",1
"strlo r0, [r0], -0",1
"andseq r4, r7, r1, lsl 20",1
"strpl r0, [r0], -0xc00",1
invalid,1
"andeq r0, r0, pc, asr 32",1
"andseq r0, r5, r1, lsl 16",1
"rsceq r3, pc, 0, 4",1
svc 0x320000,1
"andeq r0, r0, r2",1
invalid,1
"strmi r0, [0x0000eea8]",1
"addseq r0, r5, r2, lsl 2",1
"andlo r0, r1, 0",1
"andeq r0, r0, r1, lsl 6",1
"ldrbteq r0, [lr], -0",1
"andeq r0, r2, r0",1
"andeq r1, r0, ip, lsl 24",1
"andeq r0, lr, r4, lsl 2",1
"andvc r0, r1, 0",1
"str r0, [r0], -r8, lsr 32",1
"strgt r0, [r0], -1",1
"strvs r0, [r0], -0xc8",1
"strvc r0, [r0], -sb, asr 1",1
"andeq r0, r0, 0x1c",1
"andeq r0, r0, pc, lsr r5",1
"eorseq sp, r0, r2, lsl 10",1
"streq r0, [r3], -0",1
"andeq r2, r0, r7, lsl 8",1
"stmdaeq r1, {r8, sb}",1
"andeq r0, r0, r1, lsr r0",1
svclo 0x70203,1
"movweq r0, 0",1
"andseq r0, pc, r4, lsl 14",1
"mrseq r0, apsr",1
"andeq r3, r0, r6, lsl 6",1
"streq r0, [r2, -0x300]",1
"andeq r0, r0, fp, asr 1",1
"stmdbvs r5, {r2, sl}",1
"movweq r7, 0x46e",1
"andeq r0, r0, r8, lsl 10",1
invalid,1
"andeq r1, r0, r7, lsl 20",1
"eoreq r0, r6, 0, 4",1
"strlo r0, [r3, -r0]",1
"andeq r0, r0, r1, rrx",1
"andeq sp, r0, r2, lsl 28",1
"strhi r0, [ip, 0x300]",1
"movweq r0, 0",1
"andeq r0, r5, r4, lsl 10",1
blvc 0x8ef44,1
"movweq r0, 5",1
"andeq r6, r0, sp, lsl 31",1
"streq r0, [r4, -r0, lsl 6]",1
"ldrdeq r0, r1, [r0], -r5",1
"streq r0, [r6], -0x405",1
"andeq r0, r0, r6, lsr 1",1
blo 0x20f36c,1
"andeq r0, r0, 0",1
"andeq r0, r0, r5, asr r4",1
"adcseq r3, r8, r4",1
"mrspl r0, apsr",1
"stmdals r0, {r2}",1
"rsbseq pc, r3, 0x500000",1
svclo 0x80000,1
"streq r0, [r0, -0xa]",1
"strdeq r5, r6, [r0], -r7",1
"eoreq r0, r3, r0, lsl 4",1
"andeq lr, r0, r8, lsl 12",1
"rscsge r0, ip, r0, lsl 10",1
"andeq r0, r0, 0",1
"movwgt r0, 0x8423",1
"streq r0, [r0, -3]",1
"strdeq sl, fp, [r0], -sp",1
"stmdaeq r3!, {sb}",1
"andeq r8, r5, r8, lsl 10",1
"rscsge r0, lr, r0, lsl 10",1
"andeq r0, r0, 0",1
"stmdagt r8, {r0, r1, r5, sl, fp}",1
"streq r0, [r0, -6]",1
"strdeq sl, fp, [r0], -pc",1
"eorne r0, r3, r0, lsl 4",1
"andeq pc, r2, sb, lsl 2",1
invalid,1
"andeq r0, r0, r0, lsr 1",1
"ldmdbeq r4, {r1, r8, sb, sp}",1
"andeq r0, r0, r5, lsl r4",1
"andge r0, r1, r5, lsl 2",1
"andeq r0, r0, 0",1
"andvs r1, sb, 0x230000",1
"streq r0, [r0, -1]",1
"adceq r0, r0, r2, lsl 2",1
"movwhs r0, 0x2000",1
"andeq r0, r4, 28, 18",1
"movweq r0, 0x5000",1
"andeq sl, r0, r1",1
"eorhs r0, r3, r0, lsl 4",1
"andeq r3, r3, sb, lsl 18",1
"mrseq r0, apsr",1
"andeq r0, r0, r0, lsr 1",1
"stmdbeq r4!, {r1, r8, sb, sp}",1
"andeq r0, r0, r7, asr r6",1
"andge r0, r1, r5, lsl 12",1
"andeq r0, r0, 0",1
bls 0x2590a8,1
"streq r0, [r0, -5]",1
"adceq r0, r0, r7, lsl 2",1
"movwhs r0, 0x2000",1
"ldrbteq r0, [r6], -0x92c",1
invalid,1
"andeq fp, r2, r1, lsl 2",1
"eorlo r0, r3, r0, lsl 4",1
"andeq pc, r0, sb, lsl 6",1
"mrseq r0, apsr",1
"strheq r0, [r0], -r7",1
"ldmdbeq r4!, {r1, r8, sb, sp}",1
"strheq r0, [r0], -sl",1
bpl 0x52464,1
"andeq r0, r0, 0",1
"strhi r3, [sb, -0x823]",1
"streq r0, [r0, -3]",1
"subseq r0, sl, r1, lsl r1",1
"movwhs r0, 0x2000",1
"subseq r0, r0, 60, 18",1
"movwne r0, 0x5000",1
"andeq r7, r0, r1, lsl 20",1
"eormi r0, r3, r0, lsl 4",1
"andeq r1, r2, sb",1
"tsteq r7, r0, lsl 10",1
"andeq r0, r0, lr, lsr r0",1
"stmdbeq r4, {r1, r8, sb, sp} ^",1
"ldrdeq r0, r1, [r0], -pc",1
invalid,1
"andeq r0, r0, 0",1
"andmi r4, sb, r3, lsr 12",1
"streq r0, [r0, -1]",1
"adcseq r0, sp, 0x40000006",1
"movwhs r0, 0x2000",1
"cmneq pc, 0x11c000",1
"stcne p0, c0, [r5, -0]",1
"andeq ip, r2, r1, lsl 26",1
"stmdami r3!, {sb}",1
"andeq r5, r2, sb, lsl 8",1
invalid,1
"andeq r0, r0, ip, lsl 1",1
"ldmdbeq r0, {r1, r8, sb, sp} ^",1
"andeq r0, r0, r2, asr 11",1
"cdpls p15, 0, c2, c1, c5, 0",1
"andeq r0, r0, 0",1
"stmdbgt sb, {r0, r1, r5, fp, ip, lr}",1
"streq r0, [r0, -5]",1
"addseq r0, lr, r0, lsr r1",1
"movwhs r0, 0x2000",1
"addseq r0, pc, 92, 18",1
"mrslo r0, apsr",1
"andeq sb, r0, r1, lsl 28",1
"eorvs r0, r3, r0, lsl 4",1
"andeq sp, r5, sb, lsl 16",1
"teqeq r2, r0, lsl 10",1
"muleq r0, lr, r0",1
"stmdbeq r4!, {r1, r8, sb, sp} ^",1
"ldrdeq r0, r1, [r0], -pc",1
"strhs r3, [r1, -0x305]",1
"andeq r0, r0, 0",1
invalid,1
"streq r0, [r0, -3]",1
"subseq r0, sl, r5, lsr r1",1
"movwhs r0, 0x2000",1
"ldrbeq r0, [r5, 0x96c]!",1
"strlo r0, [r5, -r0]",1
"andeq sp, r2, r1, lsl 6",1
"eorvc r0, r3, r0, lsl 4",1
"strbeq r0, [r6], -0xa00",1
blls 0x14f130,1
"andeq fp, r2, r7, lsl 14",1
"mrsge r0, apsr",1
"strheq r0, [r0], -r1",1
"andeq r7, r5, r8, lsl 10",1
invalid,1
"andeq r0, r0, 2",1
"stmdbeq r8, {r0, r1, r5}",1
"streq r0, [r0, -3]",1
"andeq fp, r2, r3, lsr 15",1
"strteq r0, [r3], -0x200",1
"andeq r6, r4, r8, lsl 20",1
bpl 0xfe9d0560,1
"andeq r0, r0, 0",1
"streq r0, [r0], -r3, lsr 16",1
"andeq r7, r2, r4, lsl 20",1
"stmdalt r4, {sb, sl}",1
bleq 0xf174,1
"andeq r0, r0, r6, lsr 1",1
"andeq r0, r0, sp, asr 5",1
"andeq sb, r0, ip, lsl 14",1
"streq r0, [r0], -r0",1
"andeq r7, r2, r4, lsl 6",1
"adceq r0, r6, r0, lsl 22",1
"rsceq r0, r3, 0",1
"strls r0, [ip, -r0]",1
"strhs r0, [r0, -r0]",1
"strlo r0, [r1], -0xd00",1
"smladeq r0, r0, r0, r0",1
bpl 0x4f928,1
"strgt r0, [r0], -0",1
"strvs r0, [r0], -0xc8",1
"andlt r0, r0, 0xc9",1
"qaddeq r0, r6, r0",1
"andeq r0, r0, r8, asr 7",1
"rsbseq r6, r0, lr, lsl 12",1
"biceq r3, r8, 0x10000",1
"ldrbpl r0, [lr], r0",1
"strhi r0, [0x0000f1c8]",1
invalid,1
"andeq r5, r0, sl, lsr sl",1
"subseq r1, r7, r0, lsl 4",1
"strbtvs r1, [r6], -0",1
bpl 0xecf5dc,1
"stclo p0, c0, [r0, -0]",1
svceq 0x57,1
"andeq r2, r0, pc, asr 16",1
"subseq r3, sl, r1, lsl 24",1
"ldrbpl r0, [r0, -r0]",1
"ldrle r0, [r1], -0",1
"stmda r0, {r3, r6, r7}",1
"andpl r0, r0, r3",1
"andne r0, r0, 3",1
"strvc r5, [r2], -1",1
"ldr r0, [r1], -0",1
"smlabteq r0, r8, r0, r0",1
"strvs r0, [r0], -4",1
"andne r0, r0, 3",1
"strvc r5, [r2], -1",1
invalid,1
"stmdbne r0, {r3, r6, r7}",1
"stmdavc r0, {r2}",1
"andne r0, r0, 3",1
"strvc r5, [r2], -1",1
"andseq r0, r3, r0",1
"andlo r0, r0, 0xc9",1
invalid,1
"andeq ip, r0, r0, lsl sb",1
"andeq r0, r0, r6, asr 8",1
"muleq r0, r5, r3",1
"subseq r0, r0, 0x80000004",1
invalid,1
"andeq ip, r0, ip, lsr 18",1
"andeq r0, r0, r8, ror 7",1
"andeq r0, r0, sb, lsr 7",1
"subseq r0, r0, 0x80000004",1
invalid,1
"andeq ip, r0, r0, asr 18",1
"andeq r0, r0, lr, asr r4",1
"strheq r0, [r0], -sp",1
"rsbseq r0, sp, r2, lsl r2",1
"strne r3, [r0], -0x101",1
"andeq ip, r0, r4, ror 18",1
"andeq r4, r4, r1, lsl 12",1
"streq r0, [r6], -0",1
"andeq r0, r0, sp, lsr 1",1
"andeq ip, r2, r5, lsl r2",1
"strlt r0, [r8, r0, lsl 8]!",1
invalid,1
"ldreq r1, [r0, r1, lsl 10]",1
invalid,1
"strheq r0, [r0], -r7",1
"tsteq r6, r1, lsl 2",1
"strheq r0, [r0], -fp",1
invalid,1
"andeq r0, r0, sl, asr r0",1
"andeq r0, r4, r1, lsl 2",1
"biceq r1, r8, 0, 14",1
invalid,1
"eoreq r5, r8, r1, lsl 12",1
"teqeq r3, r0, lsl 12",1
"andeq r0, r0, sl, asr r0",1
"andeq r1, r4, r1, lsl 18",1
"biceq r1, r8, 0, 14",1
"strne r0, [r0], -r0",1
"eoreq r6, r8, r1, lsl 2",1
"andeq r0, sp, 0, 14",1
"andeq r5, r0, r1, lsl 20",1
"ldrteq r0, [r2], -0x100",1
invalid,1
"andeq r0, r0, r3",1
"ldrbeq r0, [r5, -0x119]",1
"andlo r0, sb, 0",1
"andeq r4, r4, r1",1
"streq r0, [r6], -0x100",1
"andeq r0, r0, sl, asr r0",1
"eorsne r0, r8, r8, lsl r1",1
"stc p0, c0, [r4, -0]",1
"andeq r5, r0, r1, lsl 20",1
"ldrbeq r0, [lr], -0x100",1
invalid,1
"andeq r0, r0, r3",1
"stmdahs ip!, {r1, r3, r4, r8} ^",1
invalid,1
"eoreq r7, r8, r1, lsl 30",1
"addeq r0, ip, r0, lsl 2",1
"strne r0, [r1, -r0]",1
"andeq r0, r0, sl, asr r0",1
"andeq r8, r0, r7, lsl ip",1
"subseq r1, sl, r0, lsl 14",1
"andeq r0, r0, r0",1
"strdeq r0, r1, [r0], -r7",1
"stcne p0, c0, [r3, 8]",1
invalid,1
"andeq r0, r0, lr",1
"eoreq sb, r8, r1, lsl 6",1
"andeq lr, r1, r0, lsl 12",1
"sbceq r6, sb, r0, lsl 8",1
"sbceq fp, sb, r0, lsl 16",1
"andseq r8, sp, r0, lsl 14",1
"ldreq r0, [0x0000f160]!     ; [0xf160:4]=0x6000823",1
"strle r0, [r2, -0]",1
"andeq r0, r0, r0, lsr r0",1
"strhs r0, [r7], -0x403",1
"movweq r0, 0",1
"eorseq r0, r1, r1, lsl 16",1
"andeq r0, r3, 0",1
"andeq r3, r0, r7, lsl 30",1
"streq r0, [r4, -r0, lsl 6]",1
"andeq r0, r0, pc, lsl r0",1
"movwlo r0, 0x6103",1
"movweq r0, 0",1
"sbceq r0, fp, r2, lsl 10",1
"streq r0, [r4], -0",1
"strbtvc r6, [lr], -0x905",1
"streq r0, [r8, -0x300]",1
"andeq r0, r0, r0",1
bne 0x1d13b0,1
"andeq r0, r0, 0",1
"andeq r0, r0, r6, lsr 4",1
"rsbeq r3, r1, r3, lsl 14",1
"cdple p0, 0, c0, c2, c0, 0",1
"movweq r0, 0",1
"andeq r8, r0, ip, lsl 11",1
"streq r0, [r4, -0x300]",1
"andeq r0, r0, r5",1
"andeq r7, r5, r2, lsl 22",1
svcvs 0x8d0300,1
"movweq r0, 0",1
"sbcseq r0, r5, r4, lsl 14",1
"streq r0, [r5], -0",1
"adceq r0, r6, r6, lsl 8",1
"mrseq r0, apsr",1
"andeq r3, r0, r8, lsl 20",1
"ldrbeq r0, [r5], -0x200",1
"andlo r0, r4, r0",1
"strheq r0, [r0], -r8",1
"andeq r5, r4, r7, lsl 2",1
invalid,1
"andeq r0, r0, r3, ror r2",1
"andeq r3, sl, r8, lsl 30",1
bpl 0xffdd0804,1
"andeq r0, r0, 0",1
"str r0, [r8], -r3, lsr 32",1
"streq r0, [r0, -0]",1
"strdeq sl, fp, [r0], -ip",1
"strteq r0, [r3], -0x200",1
"andeq ip, r3, r8, lsl 6",1
"rscsge r0, sp, r0, lsl 10",1
"andeq r0, r0, 0",1
"strhi r0, [r8, -0x823]",1
"streq r0, [r0, -5]",1
"strdeq sl, fp, [r0], -lr",1
"stceq p2, c0, [r3], -0",1
"andeq ip, r6, r8, lsl 16",1
"rscsge r0, pc, r0, lsl 10",1
"andeq r0, r0, 0",1
invalid,1
"streq r0, [r0, -2]",1
"adceq r0, r0, r0, lsl 2",1
"movwhs r0, 0x2000",1
"ldreq r0, [r5], -0x914",1
"mrseq r0, apsr",1
"andeq sl, r0, r1",1
"stmdane r3!, {sb}",1
"andeq r6, r1, sb, lsl 4",1
invalid,1
"andeq r0, r0, r0, lsr 1",1
"ldmdbeq ip, {r1, r8, sb, sp}",1
"andeq r0, r0, r4, lsl 4",1
"andge r0, r1, r5, lsl 6",1
"andeq r0, r0, 0",1
"stmdblo sb, {r0, r1, r5, sp}",1
"streq r0, [r0, -3]",1
"adceq r0, r0, r5, lsl 2",1
"movwhs r0, 0x2000",1
"ldrbeq r0, [r7], -r4, lsr 18",1
"streq r0, [r5], -r0",1
"andeq sl, r0, r1",1
"stmdahs r3!, {sb}",1
"andeq sb, r5, sb, lsl 20",1
"mrseq r0, apsr",1
"andeq r0, r0, r0, lsr 1",1
"stmdbeq ip!, {r1, r8, sb, sp}",1
"andeq r0, r0, r6, ror r4",1
"mrslt r0, apsr",1
"andeq r0, r0, 2",1
"vhadd.u8 d3, d9, d19",1
"streq r0, [r0, -0]",1
"adcseq r0, r7, 0xc0000002",1
"movwhs r0, 0x2000",1
invalid,1
"stceq p0, c0, [r5, -0]",1
"andeq r5, r0, r1, lsl 20",1
"stmdalo r3!, {sb}",1
"andeq r8, r3, sb, lsl 10",1
"tsteq r1, r0, lsl 10",1
"andeq r0, r0, sl, asr r0",1
"ldmdbeq ip!, {r1, r8, sb, sp}",1
"andeq r0, r0, r0, asr r2",1
bvc 0x54104,1
"andeq r0, r0, 0",1
"andne r4, sb, r3, lsr 32",1
"streq r0, [r0, -2]",1
"eorseq r0, lr, r7, lsl r1",1
"movwhs r0, 0x2000",1
"ldrbeq r0, [pc], 0x944      ; [0xf508:4]=0x4c01",1
invalid,1
"andeq r4, r0, r1, lsl 24",1
"strtmi r0, [r3], -r0, lsl 4",1
"andeq r4, r1, sb",1
"tsteq sb, r0, lsl 10",1
"strheq r0, [r0], -sp",1
"stmdbeq r7, {r1, r8, sb, sp} ^",1
"andeq r0, r0, pc, ror r3",1
"stcgt p13, c1, [r1, -0x14]",1
"andeq r0, r0, 2",1
"strpl r4, [sb], -0x823",1
"streq r0, [r0, -2]",1
"addeq r0, ip, r6, lsr 2",1
"movwhs r0, 0x2000",1
"strbeq r0, [r2, 0x950]",1
svchs 0x50000,1
"andeq sb, r0, r1, lsl 28",1
"stmdapl r3!, {sb}",1
"andeq ip, r5, sb, lsl 18",1
"teqeq r0, r0, lsl 10",1
"muleq r0, lr, r0",1
"ldmdbeq ip, {r1, r8, sb, sp} ^",1
"muleq r0, pc, r2",1
"cdpls p1, 0, c3, c1, c5, 0",1
"andeq r0, r0, 0",1
"stmdale sb, {r0, r1, r5, sp, lr}",1
"streq r0, [r0, -5]",1
"addseq r0, lr, r2, lsr r1",1
"movwhs r0, 0x2000",1
"ldrbeq r0, [0x0000fee4]     ; [0xfee4:4]=0xcb9c00",1
"movwlo r0, 0x5000",1
"andeq r2, r0, r1, lsl 10",1
"stmdavs r3!, {sb}",1
"andeq fp, r3, sb, lsl 2",1
"teqeq r5, r0, lsl 10",1
"andeq r0, r0, sl, asr r0",1
"stmdbeq ip!, {r1, r8, sb, sp} ^",1
"strdeq r0, r1, [r0], -r5",1
"movwle r3, 0x1705",1
"andeq r0, r0, 2",1
beq 0x2b638,1
"andeq r0, r0, r6, asr 8",1
"strlt sb, [r7, -r5, lsl 22]",1
invalid,1
"adcseq sl, r1, 0x40000001",1
"strvc r0, [r8, -0]",1
"streq r0, [r0, -5]",1
"andeq fp, r2, r2, lsr 3",1
"eoreq r0, r3, r0, lsl 4",1
"andeq r0, r3, r8, lsl 18",1
"strlt r0, [r3, r0, lsl 10]!",1
"andeq r0, r0, 2",1
bvs 0x210668,1
"streq r0, [r0, -4]",1
"andeq r5, r0, r7, lsr 21",1
"stmdaeq r3!, {sb}",1
bvc 0x110dec,1
"streq r0, [r0], -r2",1
"andeq fp, r0, r4, lsl 16",1
"adceq r0, r6, r0, lsl 22",1
"sbceq r0, sp, 0",1
"strls r0, [ip, -r0]",1
"andeq r0, r0, r0",1
"movwvc r0, 0x4600",1
bleq 0xf614,1
"andeq r0, r0, r6, lsr 1",1
"andeq r0, r0, r3, ror 5",1
"andeq sb, r0, ip, lsl 14",1
"andeq r2, r0, 0, 14",1
"andeq r0, r0, r0, ror 1",1
"addeq r5, ip, r4, lsl 24",1
"andge r0, sp, r0",1
invalid,1
"streq r0, [r1], -r8, lsr 2",1
"cdpeq p0, 0, c0, c0, c3, 0",1
invalid,1
"andeq r0, r3, r8, lsr 12",1
"streq r0, [r6], -0",1
"andeq r0, r0, sp, lsr 1",1
"stmdahs r1!, {r0, r1, r2, r3, r8} ^",1
"stceq p0, c0, [r6, -0]",1
"subseq r0, sl, r2, lsl 2",1
invalid,1
invalid,1
"strpl r0, [r8, r0]",1
"mrsls r0, apsr",1
"andne r0, r0, r3",1
"ldrdeq r0, r1, [r0], -r2",1
"movweq r7, 0x6c01",1
"ldrpl r0, [r4, r0]!",1
"cdp p0, 1, c0, c1, c0, 0",1
"andls r0, r0, r2",1
"stmdalt r0, {r0, r3, r6, r7}",1
"smlabteq r0, sb, r0, r0",1
"muleq r3, r6, fp",1
"rscseq r1, fp, 0, 4",1
"strpl r0, [r1], -0",1
"sbceq fp, sb, r3, lsl r4",1
"andeq sl, r3, r0, lsl 22",1
"andpl r1, r1, r0, lsl 8",1
"strne r7, [r0], -0x402",1
invalid,1
"strne r0, [r0, -0x31]",1
"andeq ip, r0, r8, ror sb",1
"andeq r0, r0, lr, asr 7",1
"andeq r0, r0, pc, ror r3",1
"subseq r0, r0, 20, 2",1
invalid,1
"muleq r0, r0, sb",1
"andeq lr, r3, r1, lsl 12",1
"andpl r1, r1, r0, lsl 8",1
"andeq r7, r0, r2, lsl 8",1
"sbceq r1, r2, 0, 14",1
invalid,1
"strheq r0, [r0], -r7",1
"andsls r0, r7, r1, lsl 2",1
"streq r0, [r0], -7",1
"andeq fp, r2, sb, lsr 15",1
"stmdane r1, {r8}",1
"eoreq ip, r8, r1, lsl 16",1
"tsteq sl, 0, 12",1
"andeq r5, r0, r1, lsl 20",1
"biceq r0, lr, 0, 2",1
"ldreq r0, [sb], -r0",1
"stmdbne r0, {r0, r1}",1
"andeq r0, r0, r3, ror 5",1
"andeq r5, r0, sb, lsl sl",1
"tsteq sl, r0",1
"andeq r2, r0, r6, asr r8",1
bpl 0x5c32c,1
invalid,1
"andeq r0, r0, r6, ror 7",1
"andeq r0, r3, sb, lsl r6",1
"tsteq fp, r0",1
"andeq r2, r0, r5, ror 16",1
bpl 0x8bf38,1
invalid,1
"andeq r0, r3, sb, lsl r6",1
invalid,1
"andeq r0, r0, 4",1
"andseq pc, lr, r0, lsl 28",1
"cdpeq p4, 0, c0, c1, c0, 0",1
invalid,1
"ldrdeq r2, r3, [r0], -r3",1
"andeq r0, r0, r6, ror 3",1
"strheq ip, [r0], -r8",1
"andeq ip, r0, ip, asr sl",1
"andeq r1, r0, r0, lsl 29",1
bne 0x1d1764,1
"movweq r0, 0",1
"andeq r0, r0, pc, lsr r5",1
"eorseq sp, r7, r2, lsl 10",1
"streq r0, [r2], -0",1
"andeq r2, r0, r7, lsl 8",1
"stmdaeq r1, {sb}",1
"andeq r0, r0, r1, lsr r0",1
svclo 0x70202,1
"andeq r0, r0, 0",1
"andseq r0, pc, r4, lsl 14",1
invalid,1
"andeq r3, r0, r6, lsl 6",1
"streq r0, [r2, -0x200]",1
"andeq r0, r0, fp, asr 1",1
"stmdbvs r5, {r2, sl}",1
"andeq r7, r0, 0x6e000000",1
"andeq r0, r0, r8, lsl 10",1
"strhs r0, [r3], -r0",1
"movweq r0, 2",1
"andeq r6, r0, r7, lsr r8",1
"sbcseq r0, lr, r0, lsl 6",1
invalid,1
"andeq r0, r0, r5, lsl 1",1
"streq r0, [r5, -0x402]",1
"movweq r0, 0",1
"andeq r0, r0, fp, ror r5",1
"rsbeq r8, pc, r3, lsl 26",1
"streq r0, [r2], -0",1
"andeq sp, r0, r7, lsl 10",1
"streq r0, [r4], -r0, lsl 10",1
"andeq sl, r0, r4, lsl 12",1
"stmdaeq r1, {sb}",1
"andeq r0, r0, sl, lsr r0",1
"andeq r5, r4, r3, lsl 10",1
"ldmdalt r0!, {sl}",1
"streq r0, [r0, -r0]",1
"andeq r0, r0, r1, asr r4",1
invalid,1
"stmdaeq r0, {r1}",1
"andeq r0, r0, pc, lsr sl",1
"rsbeq pc, r1, r5, lsl 14",1
"movwhs r0, 0x2000",1
"rsceq r0, r6, r0, lsl 16",1
invalid,1
"andeq r0, r0, r0, lsr 1",1
"stmdaeq r4, {r1, r8, sb, sp}",1
"andeq r0, r0, r3, asr 7",1
"adceq pc, r0, r5, lsl 26",1
"movwhs r0, 0x2000",1
"streq r0, [r5, 0x808]",1
"cdp2 p0, 0, c0, c5, c0, 0",1
"andeq r0, r0, r0, lsr 1",1
"stmdaeq ip, {r1, r8, sb, sp}",1
"andeq r0, r0, r8, asr 13",1
"adceq pc, r0, r5, lsl 30",1
"movwhs r0, 0x2000",1
"rscseq r0, r1, 16, 18",1
"andeq r0, r5, r0",1
"andeq sl, r0, r1",1
"strtne r0, [r3], -0x200",1
"andeq r1, r4, sb, lsl 10",1
"mrseq r0, apsr",1
"andeq r0, r0, r0, lsr 1",1
"ldmdbeq r8, {r1, r8, sb, sp}",1
"andeq r0, r0, r2, ror 2",1
"andge r0, r1, r5, lsl 4",1
"andeq r0, r0, 0",1
"streq r1, [sb], -0xc23",1
"streq r0, [r0, -2]",1
"adceq r0, r0, r3, lsl 2",1
"movwhs r0, 0x2000",1
"teqeq sb, 32, 18",1
"streq r0, [r5, -0]",1
"andeq sl, r0, r1",1
"strths r0, [r3], -0x200",1
"andeq r5, r6, sb, lsl 14",1
invalid,1
"andeq r0, r0, r0, lsr 1",1
"stmdbeq r8!, {r1, r8, sb, sp}",1
"muleq r0, sl, r5",1
"andge r0, r1, r5, lsl 14",1
"andeq r0, r0, 0",1
"strvc r2, [sb], -r3, lsr 24",1
"streq r0, [r0, -4]",1
"adcseq r0, r1, 0x40000002",1
"movwhs r0, 0x2000",1
"rscseq r0, r3, r0, lsr sb",1
bleq 0x14f8bc,1
"andeq fp, r2, r1, lsl 14",1
"strtlo r0, [r3], -0x200",1
"andeq fp, r1, sb, lsl 20",1
"mrseq r0, apsr",1
"andeq r0, r0, r1, rrx",1
"ldmdbeq r8!, {r1, r8, sb, sp}",1
"andeq r0, r0, r5, lsl 7",1
"mrsvs r1, apsr",1
"andeq r0, r0, 0",1
"andpl r3, sb, r3, lsr 24",1
"streq r0, [r0, -2]",1
"rsbseq r0, sl, r3, lsl r1",1
"movwhs r0, 0x2000",1
"andseq r0, r0, 64, 18",1
"strne r0, [r5, -r0]",1
"andeq r4, r0, r1, lsl 10",1
"strtmi r0, [r3], -0x200",1
"andeq sp, r4, sb, lsl 30",1
"tsteq r8, r0, lsl 10",1
"andeq r0, r0, r3, asr r0",1
"stmdbeq r6, {r1, r8, sb, sp} ^",1
"andeq r0, r0, r0, asr 2",1
"stclt p9, c1, [r1, -0x14]",1
"andeq r0, r0, 2",1
svcvc 0x94723,1
"streq r0, [r0, -3]",1
"sbceq r0, sp, 0x40000007",1
"movwhs r0, 0x2000",1
"subseq r0, r4, 72, 18",1
"strhs r0, [r5], -r0",1
"andeq r8, r0, r1, lsl 24",1
"eorpl r0, r3, r0, lsl 4",1
"andeq ip, r5, sb, lsl 4",1
invalid,1
"muleq r0, lr, r0",1
"ldmdbeq r8, {r1, r8, sb, sp} ^",1
"andeq r0, r0, sb, asr 11",1
"cdpls p0, 0, c3, c1, c5, 0",1
"andeq r0, r0, 0",1
svcls 0x95c23,1
"streq r0, [r0, -2]",1
"addseq r0, lr, r1, lsr r1",1
"movwhs r0, 0x2000",1
"ldrbeq r0, [r8, 0x960]",1
"andlo r0, r5, 0",1
"andeq sb, r0, r1, lsl 28",1
"strtvs r0, [r3], -0x200",1
"andeq sp, r5, sb, lsl 30",1
"teqeq r3, r0, lsl 10",1
"andeq r0, r0, ip, lsr 32",1
"stmdbeq r8!, {r1, r8, sb, sp} ^",1
"strheq r0, [r0], -r1",1
"mrsvs r3, apsr",1
"andeq r0, r0, 0",1
invalid,1
"streq r0, [r0, -5]",1
"sbcseq r0, r3, 0xc000000d",1
"movwhs r0, 0x2000",1
invalid,1
"streq r0, [r0, -4]",1
"adcseq r0, r7, 0x26c0000",1
"streq r0, [ip, -0]",1
"andeq fp, r2, r1, lsr 3",1
"ldrbeq r0, [r5, -0x800]!",1
"andge r0, r5, 0",1
"strheq r0, [r0], -r1",1
"stmdaeq r0, {r1, r8, sb, sp}",1
"andeq r0, r0, sb, lsl 6",1
"adcseq sl, r7, 0x14000000",1
"movwhs r0, 0x2000",1
"strbteq r0, [sl], -0x804",1
"strge r0, [r5, -r0]",1
"andeq r0, r0, r1, rrx",1
"andeq r2, r8, r2, lsl 6",1
"rsbseq r0, sl, 0x6000000",1
"streq r0, [r6], -0",1
"strheq r0, [r0], -r8",1
"andeq sl, r0, fp, lsl 12",1
"andeq ip, r2, r0, lsl 26",1
"addseq r0, r7, r0, lsl 24",1
"andeq r0, r0, r0",1
"rsbseq r0, r3, 0x6000000",1
"strge r0, [fp], -r0",1
"movw r0, 0",1
invalid,1
"muleq r0, r7, r0",1
"and r0, r3, r7, lsr 32",1
"streq r0, [r0], -0",1
"andeq r8, r0, ip, asr ip",1
"stmdagt r1, {r8, sl, fp}",1
"streq r0, [r0], -r8, lsr 32",1
invalid,1
invalid,1
invalid,1
"andle r0, r0, 0xca",1
"qaddeq r0, r7, r0",1
"andeq r0, r0, r8, lsl 7",1
"rsbseq r6, r0, lr, lsl 12",1
"orreq r1, r8, 0x100",1
"ldrbpl r0, [lr, r0]!",1
"strpl r0, [0x0000fa50]",1
invalid,1
"andeq lr, r2, ip, lsl r3",1
"subseq r3, r8, r0, lsl 4",1
"stmhs r0!, {ip} ^",1
invalid,1
"andeq r0, r0, r1, rrx",1
invalid,1
"andeq r1, r0, r0, ror 5",1
"andeq r0, r0, r6, ror r3",1
invalid,1
"cmn r3, 0, 2",1
bvc 0xfa88,1
"movwne r0, 0x58",1
"andeq ip, r0, r0, lsl sl",1
"andeq r0, r0, r8, lsr 7",1
"andeq r0, r0, r4, ror 6",1
"subseq r0, r0, 20, 2",1
"strne r0, [r0, -0x76]",1
"andeq ip, r0, r0, lsr 20",1
"andeq r0, r0, r1, asr 7",1
"rsbseq r0, sp, r4, lsl r2",1
"andeq r7, r0, r2, lsl 8",1
"stmibgt r8!, {sb, sl, ip} ^",1
invalid,1
"strne r0, [r0], -3",1
"strvc r5, [r2], -r1",1
"streq r0, [r0], -r0",1
"andeq sl, r0, r4, lsl 26",1
"sbceq r1, r2, 0, 14",1
invalid,1
"strheq r0, [r0], -r7",1
"andsls r0, r7, r1, lsl 2",1
"streq r0, [r0], -7",1
"andeq fp, r2, sb, lsr 15",1
"stmdane r1, {r8}",1
"andeq fp, r1, r1, lsl 22",1
"cmpeq sl, 0, 8",1
"andeq r6, r0, r1, lsl 2",1
"biceq r0, r1, 0, 2",1
invalid,1
"andeq r0, r0, r3",1
"stmdahs ip!, {r1, r3, r4, r8} ^",1
"mrspl r0, apsr",1
"eoreq r7, r8, r1, lsl 30",1
"addeq r0, ip, r0, lsl 2",1
invalid,1
"stmdbne r0, {r0, r1}",1
"andeq r0, r0, r1, rrx",1
"andeq r8, r0, sb, lsl ip",1
"rsbeq r1, r1, r0, lsl 18",1
blne 0xfb1c,1
"eoreq ip, r8, r1, lsl 24",1
"movweq r0, 0xd400",1
"andeq r2, r0, r7, ror 17",1
"andeq r6, r0, r1, lsl 2",1
"ldmdahi sb, {r8}",1
"stmdbne r0, {r0, r1}",1
"andeq r0, r0, ip, lsl 1",1
"andeq r6, r0, sb, lsl r1",1
invalid,1
"andeq r0, r0, 0",1
"eoreq r7, r0, r0, lsl 26",1
"mrshi r0, apsr",1
invalid,1
"strhs r0, [r0], -0xca",1
svchs 0xcb,1
"strbvs r6, [sp, -0xf68]!",1
"strbvc r6, [r2, -0xa2f]!",1
"strbtvc r6, [r5], -0xb72",1
invalid,1
"eorvs r6, pc, 116, 30",1
"strbtvs r6, [ip], -0x975",1
"rsbvc r7, sp, pc, lsr 8",1
"rsbvc r7, pc, 0xbc0000",1
"ldmdavs r3!, {r0, r1, r3, r5, r6, r8, sl, fp, sp} ^",1
"strbtvs r7, [r5], -0x261",1
invalid,1
"strlo r3, [lr, -sp, lsr 8]!",1
"eorvc r3, sp, 0xe0000002",1
invalid,1
"strtlo r6, [sp], -0x363",1
"eorlo r3, lr, 0xb80000",1
"rsbvs r6, sb, 0x2f00",1
svchs 0x636367,1
"strbtvs r6, [lr], -r3, ror 30",1
invalid,1
"stcvs p13, c6, [pc], -0x1c8",1
"ldrtvs r6, [r1], -sb, ror 4",1
invalid,1
svchs 0x532e,1
"strbvs r6, [sp, -0xf68]!",1
"strbvc r6, [r2, -0xa2f]!",1
"strbtvc r6, [r5], -0xb72",1
invalid,1
"eorvs r6, pc, 116, 30",1
"strbtvs r6, [ip], -0x975",1
"rsbvc r7, sp, pc, lsr 8",1
"rsbvc r7, pc, 0xbc0000",1
"rsbvc r2, r1, 0x1ac",1
"teqvs r7, sp, ror 12",1
"rsbvc r7, r6, sp, lsr 12",1
svcvs 0x656e2d,1
svcvs 0x702d6e,1
"stcvs p9, c7, [sp], -0x1ac",1
"ldmdavc r5!, {r0, r3, r5, r6, sb, sl, fp, sp, lr} ^",1
"strbvc r6, [lr, -0x72d]!",1
"stmdbvs r2!, {r0, r2, r5, r6, r8, sp, lr} ^",1
"rsbvs r6, sb, 0x2f00",1
svchs 0x636367,1
"mrchs p14, 1, r2, c7, c4, 1",1
"rsbslo r2, r2, 0xc80",1
"strbvc r2, [r2, -0xf30]!",1
svchs 0x646c69,1
"strbvs r6, [r2, -ip, ror 18]!",1
"strmi r6, [r0, -r3, ror 6]",1
invalid,1
"mrchs p0, 1, r2, c2, c3, 2",1
invalid,1
"stm r0, {r8}",1
"andeq r0, r0, 0",1
"eoreq sb, r0, r0, lsl 2",1
"strlo r0, [r1, -0x400]",1
"strhs r0, [r0], -0x20",1
"strlo r0, [r0], -0xcb",1
svchs 0xcb,1
"strbvs r6, [sp, -0xf68]!",1
"strbvc r6, [r2, -0xa2f]!",1
"strbtvc r6, [r5], -0xb72",1
invalid,1
"eorvs r6, pc, 116, 30",1
"strbtvs r6, [ip], -0x975",1
"rsbvc r7, sp, pc, lsr 8",1
"rsbvc r7, pc, 0xbc0000",1
"ldmdavs r3!, {r0, r1, r3, r5, r6, r8, sl, fp, sp} ^",1
"strbtvs r7, [r5], -0x261",1
invalid,1
"strlo r3, [lr, -sp, lsr 8]!",1
"eorvc r3, sp, 0xe0000002",1
invalid,1
"strtlo r6, [sp], -0x363",1
"eorlo r3, lr, 0xb80000",1
"rsbvs r6, sb, 0x2f00",1
svchs 0x636367,1
"strbtvs r6, [lr], -r3, ror 30",1
invalid,1
"stcvs p13, c6, [pc], -0x1c8",1
"ldrtvs r6, [r1], -sb, ror 4",1
invalid,1
svchs 0x532e,1
"strbvs r6, [sp, -0xf68]!",1
"strbvc r6, [r2, -0xa2f]!",1
"strbtvc r6, [r5], -0xb72",1
invalid,1
"eorvs r6, pc, 116, 30",1
"strbtvs r6, [ip], -0x975",1
"rsbvc r7, sp, pc, lsr 8",1
"rsbvc r7, pc, 0xbc0000",1
"rsbvc r2, r1, 0x1ac",1
"teqvs r7, sp, ror 12",1
"rsbvc r7, r6, sp, lsr 12",1
svcvs 0x656e2d,1
svcvs 0x702d6e,1
"stcvs p9, c7, [sp], -0x1ac",1
"ldmdavc r5!, {r0, r3, r5, r6, sb, sl, fp, sp, lr} ^",1
"strbvc r6, [lr, -0x72d]!",1
"stmdbvs r2!, {r0, r2, r5, r6, r8, sp, lr} ^",1
"rsbvs r6, sb, 0x2f00",1
svchs 0x636367,1
"mrchs p14, 1, r2, c7, c4, 1",1
"rsbslo r2, r2, 0xc80",1
"strbvc r2, [r2, -0xf30]!",1
svchs 0x646c69,1
"strbvs r6, [r2, -ip, ror 18]!",1
"strmi r6, [r0, -r3, ror 6]",1
invalid,1
"mrchs p0, 1, r2, c2, c3, 2",1
invalid,1
"cdplo p1, 8, c0, c0, c0, 0",1
"andeq r0, r0, 1",1
"eoreq sl, r0, r0, lsl 10",1
"cdpeq p4, 0, c0, c1, c0, 0",1
invalid,1
"andeq r2, r0, r5, lsl 18",1
"andeq r0, r0, r1, rrx",1
"andeq ip, r0, r4, lsr fp",1
"muleq r0, ip, fp",1
"andeq r2, r0, fp, asr 1",1
"stmdbvs r5, {r1, sl}",1
"movweq r7, 0x46e",1
"andeq r0, r0, pc, lsr r5",1
"eorseq sp, r7, r2, lsl 10",1
"streq r0, [r4], -0",1
"andeq r2, r0, r7, lsl 8",1
invalid,1
invalid,1
blgt 0xd10260,1
blgt 0xfe60fd64,1
invalid,1
invalid,1
"streq r0, [r0], -r0",1
"andeq r0, r0, sp, ror r6",1
"eoreq r4, r5, r1",1
invalid,1
invalid,1
invalid,1
"andeq ip, r0, r0, asr 18",1
"subseq lr, r8, r0",1
"ldmhs r0!, {sb, sl} ^",1
"andmi r0, r1, r0",1
"andeq r0, r0, sb, asr 1",1
"strdeq r5, r6, [r0], -lr",1
"andseq r2, r0, r7, lsl 6",1
"mrrcle p1, 0, r0, r1, c0",1
invalid,1
"strdeq r1, r2, [r0], -r8",1
"strheq r0, [r0], -pc",1
invalid,1
"andeq r2, r0, r2, asr ip",1
"subseq r1, sb, r0, lsl 24",1
blgt 0xfe1125c0,1
"mrseq r0, apsr",1
"rsbseq r0, sl, r2, asr r2",1
"subseq r0, r1, 0xc0000002",1
invalid,1
"rsbseq r0, r7, r0, asr r2",1
"strpl r0, [ip], -0",1
"strlo r0, [r0, -fp, asr 1]",1
"andeq r0, r0, r1",1
"sbceq r0, pc, sp, lsl 8",1
"streq r0, [sp], -0",1
"ldrdeq r0, r1, [r0], -r5",1
blo 0x210200,1
"cdpeq p0, 0, c0, c0, c0, 0",1
"andeq r0, r0, ip, lsr 32",1
"ldmdbhs r4!, {r0, r1, r2, r3, r8}",1
bpl 0x4fe00,1
"sbceq sb, fp, r1, lsl 16",1
"sbceq sb, fp, r0, lsl 24",1
"rsbseq r0, sp, r0, lsl 4",1
"tsteq r7, r1",1
"mrseq r0, apsr",1
"andseq r0, r1, r0",1
"tsteq r7, r2, lsl r1",1
"ldrhs r0, [r3, -0]",1
"movwne r0, 0",1
"andeq r0, r0, sb, asr 1",1
"andeq ip, r0, r3, lsl sb",1
"streq r0, [sp], -0",1
"andeq r0, r0, r1, lsl 2",1
"eoreq r1, sb, r4, lsl r0",1
invalid,1
invalid,1
"stmdbhs r3!, {r0, sl, ip}",1
"cdphs p0, 0, c0, c1, c0, 0",1
"strdeq r0, r1, [r0], -r6",1
"tsteq r5, r1, lsl 2",1
"muleq r0, r6, r6",1
invalid,1
"andeq r0, r1, r0, lsl 2",1
"andlt r0, r0, 0, 4",1
"streq r0, [r0], -0x21",1
"andeq r0, r0, r1, lsl 28",1
"stmibhs fp, {r8} ^",1
invalid,1
blgt 0xfe70fe74,1
blgt 0xff20fe78,1
"bicshs r0, r6, r0",1
"streq r0, [r2], -0",1
"strbtvc r6, [lr], -0x905",1
"streq r0, [r4, -r0, lsl 6]",1
"andeq r0, r0, r4, lsr 32",1
invalid,1
"movweq r0, 0",1
"eorseq r0, pc, r2, lsl 14",1
"streq r0, [r3], -0",1
"andeq r1, r0, r7, lsl 30",1
"streq r0, [r1], -r0, lsl 6",1
"andeq r0, r0, r3, lsr r0",1
blgt 0x1506b8,1
"movweq r0, 0",1
"andeq r0, r0, r8, lsl 10",1
invalid,1
"andeq r1, r0, r7, lsl 20",1
"streq r0, [r4, -0x300]",1
"andeq r0, r0, r5",1
"strle r0, [r7, -0x403]",1
"streq r0, [r0], -0",1
"stmdaeq r1, {r2, r8, sb}",1
"andeq r0, r0, sl, lsr r0",1
"streq r0, [r6], -0x105",1
"andeq r0, r0, fp, ror r0",1
"stmdbhs sl, {r0, r1, r2, r8} ^",1
"andlo r0, r1, r0",1
"andeq r2, r0, r1, lsl 10",1
"sbceq sb, fp, r0, lsl 24",1
"sbceq ip, fp, r0, lsl 16",1
"rsbseq r0, sp, r0, lsl 4",1
"andeq ip, r0, r1, lsl 14",1
"ldmibhs r4, {fp} ^",1
"andlo r0, r1, r0",1
"andeq r0, r0, sp, ror r0",1
"andeq r5, r0, fp, lsr sb",1
"sbceq ip, fp, sb",1
"sbcseq r0, r4, r0, lsl 2",1
invalid,1
beq 0xc1045c,1
"vhadd.u8 d5, d3, d1",1
"andeq r5, r0, r1",1
"eoreq r5, sb, fp, lsl 2",1
"eorvc r0, r8, 0, 2",1
invalid,1
"strmi r0, [r1], -0xc01",1
"andeq r0, r0, 0x29",1
"eoreq r0, r5, r2, ror 2",1
invalid,1
"stceq p0, c0, [r0, -0]",1
"strdeq r0, r1, [r0], -r6",1
"andeq r7, r0, sp, lsl 4",1
"rsbseq r0, r2, r0, lsl 26",1
"streq r0, [r0], -r0",1
"andeq pc, r0, r4, lsl 24",1
"stceq p14, c0, [r1, -0]",1
"andeq r0, r0, r2, ror r0",1
"adceq r0, r6, r0",1
"andeq r0, r2, r0",1
"andeq r2, r0, ip, ror 4",1
"eorhs r0, fp, 4, 2",1
invalid,1
"cdphs p0, 2, c0, c14, c0, 0",1
"rsbvc r7, pc, 0x2f",1
invalid,1
"strbvs r7, [r4, -0x379]!",1
invalid,1
invalid,1
"mcrhs p4, 3, r7, c14, c2, 3",1
"stmdavs pc!, {r0, r1, r4, r6}",1
svchs 0x656d6f,1
"rsbsvc r6, r5, 0xa0000006",1
svchs 0x74656b,1
"strbtvc r6, [r3], -0xf79",1
"strbvc r2, [r2, -0xf6f]!",1
svchs 0x646c69,1
svchs 0x706d74,1
blvs 0x1cabd8c,1
"ldclvs p1, c6, [r2, -0xbc]!",1
"stclhs p7, c3, [r1, -0x1d8]!",1
"ldclhs p6, c6, [r0, -0x1d8]!",1
"cdpvs p5, 6, c6, c15, c14, 3",1
blvs 0x1bec078,1
"stmdbvs ip!, {r0, r3, r4, r5, r6, r8, sl, fp, sp} ^",1
"ldclhs p5, c7, [r8, -0x1b8]!",1
"ldrbvs r6, [r5, -0xe67]!",1
svchs 0x696261,1
"stmdbvs ip!, {r0, r2, r5, r6, r8, sb, sl, sp, lr} ^",1
"eorlo r6, pc, 0x88000001",1
"ldchs p1, c3, [r7, -0xb8]!",1
"strvs r3, [0x0000fc72]!",1
"rsbvs r6, sb, 0x6700",1
"cdphs p13, 3, c2, c2, c3, 3",1
"stcvs p7, c3, [pc], -0xc4",1
svchs 0x636269,1
"rsbseq r7, r5, r3, ror 6",1
"subshs r4, r5, r7, asr 28",1
"eorlo r5, r0, 0x4000001",1
"cdphs p2, 3, c3, c3, c14, 1",1
"andhi r0, r1, r1, lsr r0",1
"andne r1, r0, r1, lsl 2",1
"andne r1, r1, 0x80000001",1
blne 0x210c18,1
"movwne r2, 0x8508",1
"andeq r0, r0, r5",1
"strhs r1, [r1, -0x101]",1
"movweq r1, 0xb30e",1
"andne r1, lr, lr, lsl 22",1
"andeq r0, r0, 6",1
bleq 0x2d00c0,1
invalid,1
"strhs r0, [r3], -0",1
"vmlalo.f64 d0, d11, d0",1
"andeq r0, r8, fp, lsl 6",1
"eorseq r0, r4, r0, lsl 8",1
bleq 0xe93854,1
"movtne r0, 0x9b3b",1
beq 0x9314c,1
"strhs r0, [r5], -r0",1
"andseq r4, r3, r0, lsl 18",1
"mrsne r0, apsr",1
"strpl r1, [r6, -0]",1
blne 0x210c7c,1
"movwne r2, 0x8508",1
"andeq r0, r0, r5",1
"strhs r1, [r1, -0x101]",1
"movweq r1, 0xb30e",1
"strpl r1, [lr, -0xb0e]",1
"andpl r1, r1, 0x80000001",1
"andeq r1, r6, r1",1
"eoreq r0, r4, r0, lsl 4",1
bleq 0xf92cb4,1
"andeq r0, r0, r3, lsl 28",1
bleq 0x1909c,1
"movweq r3, 0xbe0b",1
"streq r0, [r0], -8",1
"mcreq p0, 0, r0, c3, c6, 0",1
bleq 0xed2d88,1
"andeq r1, r0, sb, asr 6",1
bleq 0x13cbc,1
"streq r0, [r0], -fp",1
bleq 0x2d00ec,1
"andeq r1, r0, sb, asr 6",1
"stmdbmi r0, {r0, r1, r2, sb, sl, sp}",1
"stmdaeq r0, {r0, r1, r4}",1
"mcreq p1, 0, r0, c3, c3, 0",1
bleq 0xe92cf0,1
"movwne r0, 0x1b3b",1
"stceq p0, c0, [sb, -0]",1
blo 0x390cd0,1
"stmdbmi fp, {r0, r1, r3, r8, sb, fp, ip, sp}",1
"andeq r3, sl, r3, lsl r8",1
"andeq r0, sp, r0, lsl 20",1
bleq 0xe920ec,1
"movtne r0, 0x9b3b",1
"andeq r0, r0, r8, lsr sl",1
"movweq r0, 0xd0b",1
bllo 0x2de928,1
"ldmdalo r3, {r0, r2, r8, fp, lr}",1
invalid,1
"mcreq p0, 0, r0, c3, c6, 0",1
bleq 0xed2de8,1
"mrseq r0, apsr",1
"tsteq r3, r1, lsl 18",1
"mcreq p0, 0, r0, c0, c3, 0",1
"movtne r0, 0x9021",1
"andeq r0, r0, pc, lsr 22",1
"stmdbmi r0, {r0, r1, r2, r3, r8, sl, ip, sp}",1
"andne r0, r0, r3, lsl r0",1
"stceq p0, c0, [r7], -0x54",1
"ldrhs r0, [r1], -r0",1
"andne r0, r0, 0",1
"mcreq p1, 0, r0, c3, c3, 0",1
bleq 0xe9155c,1
"movwne r0, 0x1b3b",1
"ldrne r0, [r3], -r0",1
blo 0x210d3c,1
"stmdbmi fp, {r0, r1, r3, r8, sb, fp, ip, sp}",1
"strne r0, [r0], -0x13",1
"mcreq p0, 0, r0, c3, c3, 0",1
"andeq r0, r0, ip, lsr ip",1
bleq 0x511a4,1
bllo 0x2de980,1
"andseq r0, r3, fp, lsl 2",1
"eoreq r1, r8, r0, lsl 12",1
"ldceq p14, c0, [ip, -0xc]",1
"ldreq r0, [r7], -0",1
blo 0x2d2d6c,1
invalid,1
"stmdane r0, {r0, r1, r4}",1
"ldceq p1, c0, [pc], -0xb8",1
bleq 0xe93984,1
invalid,1
bleq 0x814ea4,1
"andeq r1, r0, r1, lsl 6",1
"movweq r0, 0x519",1
bllo 0x2de9ac,1
"andseq r4, r3, fp, lsl 18",1
invalid,1
"mcreq p12, 0, r0, c3, c15, 1",1
bleq 0xed2e84,1
"movtne r0, 0x9c27",1
invalid,1
"andeq r1, r0, r1, lsl 6",1
"movweq r0, 0x51b",1
bllo 0x2de9e8,1
"andseq r4, r3, fp, lsl 18",1
"andseq r1, r8, r0, lsl 24",1
"cdphs p0, 1, c0, c13, c0, 0",1
"movweq r3, 0xcf01",1
bllo 0x2de9fc,1
"stmdbmi ip, {r0, r2, r8, sb, sl, sp}",1
invalid,1
"mcrne p0, 0, r0, c0, c3, 0",1
"cdpeq p0, 0, c0, c3, c5, 0",1
"ldreq r0, [fp, -0xb3a]!",1
"andeq r1, r0, sb, asr 6",1
"movweq r2, 0x1e1f",1
bllo 0x2dea1c,1
"stmdbmi ip, {r0, r2, r8, sb, sl, sp}",1
invalid,1
"andhs r0, r0, r3, lsl r0",1
"andeq r0, r0, fp, lsl 2",1
"movweq r3, 0x421",1
bllo 0x2dea1c,1
"andseq r4, r3, r5, lsl 18",1
invalid,1
bleq 0xe93a14,1
invalid,1
"movwne r0, 0x1b20",1
"strtlo r0, [r3], -0",1
blo 0x390e18,1
"stmdbmi fp, {r0, r1, r3, r8, sb, fp, ip, sp}",1
"strhs r0, [r0], -0x13",1
"stmdaeq r3, {r2, r4, r5}",1
bleq 0xed2f10,1
"andeq r1, r0, sb, asr 6",1
"movweq r2, 0x1e25",1
bllo 0x2dea6c,1
"stmdbmi ip, {r0, r1, r3, r8, sb, sl, sp}",1
invalid,1
invalid,1
"cdpeq p1, 0, c0, c3, c14, 1",1
"ldreq r0, [fp, -0xb3a]!",1
"tsteq r1, r7, lsr 24",1
invalid,1
"swpeq r4, r6, [ip]",1
"smladhs r0, r3, r0, r0",1
"cdpeq p0, 0, c0, c3, c5, 0",1
"ldreq r0, [fp, -0xb3a]!",1
"streq r1, [r2], -sb, asr 6",1
"strtlo r0, [r8], -0",1
blo 0x390e6c,1
"stmdbmi r5, {r0, r1, r3, r8, sb, fp, ip, sp}",1
"andeq r0, r6, r3, lsl r2",1
"eorseq r2, r4, r0, lsl 18",1
bleq 0xe93a88,1
"movtne r0, 0x953b",1
"andeq r0, r0, r2, lsl 20",1
invalid,1
"andne r1, r1, 0xc0000004",1
"stmdbpl fp, {r0, fp, ip, lr}",1
"andseq r0, r3, r5, lsl 2",1
"andeq r2, r5, r0, lsl 22",1
invalid,1
invalid,1
"smlabbne r1, r2, r1, r0",1
"andseq r3, r3, r1, lsl 2",1
"addhi r2, sl, 0, 26",1
beq 0x902b4,1
"muleq sl, r1, r2",1
"tsteq sp, r0, lsl 28",1
"cmpeq r2, r1, lsr r3",1
bleq 0x1611c14,1
"movwne r0, 0x1559",1
"streq r0, [0x000102c8]!",1
"andseq r3, r3, r0, lsl 2",1
"mrseq r3, apsr",1
"andeq r0, r0, r5, asr r6",1
invalid,1
"andeq r0, r6, r3, lsl r2",1
"eorseq r3, r4, r0, lsl 4",1
beq 0x94fa8,1
"ldcne p0, c0, [r3, -0]!",1
"tstne r3, r1, lsl 2",1
"stmdapl r1, {r0, sb, ip}",1
"mrseq r5, apsr",1
"strlo r0, [r0], -0x13",1
"ldrbeq r0, [r5], -fp, lsl 2",1
"andeq r1, r0, r1, lsl 6",1
invalid,1
invalid,1
"teqne r1, 0x40000007",1
"usaxeq r0, r5, r2",1
bleq 0x1653074,1
"andeq r1, r0, r1, lsl 6",1
invalid,1
"andeq r1, r1, r1, lsl 4",1
"addhi r3, sb, 0, 16",1
"tsteq r1, r1, lsl 2",1
"movwne r1, 0x1331",1
bleq 0xe50330,1
"andne r1, r1, 0x40000000",1
"andseq r0, r3, r1, lsl 2",1
"addhi r3, sb, 0, 20",1
"tsteq r1, r1",1
"andeq r1, r0, r1, lsr r3",1
invalid,1
"andne r1, r1, 0xc0000004",1
"stmdbpl fp, {r0, fp, ip, lr}",1
invalid,1
"teqne r1, 0x40000007",1
"usaxeq r0, r5, r2",1
bleq 0x16530c0,1
"cdphs p0, 3, c0, c13, c0, 0",1
blo 0x390f68,1
"strhs r3, [r5, -fp, lsl 22]",1
"andeq r2, fp, ip",1
invalid,1
bleq 0xe93b84,1
"stceq p5, c0, [r7], -0xec",1
"movwne r0, 0x1b20",1
"ldrtlo r0, [pc], -0         ; [0x10384:4]=0x49053b0b",1
blo 0x390f88,1
"stmdbmi r5, {r0, r1, r3, r8, sb, fp, ip, sp}",1
"andmi r0, r0, r3, lsl r0",1
"ldceq p1, c0, [pc], -0xb8",1
bleq 0xe93ba4,1
invalid,1
"tsteq r2, r1, lsl r1",1
"addsmi r0, r7, 64, 12",1
"andseq r0, r3, ip, lsl 2",1
"andeq r4, r5, r0, lsl 2",1
bleq 0xe93bbc,1
"movtne r0, 0x9b3b",1
"andeq r0, r0, r2, lsl 12",1
svclo 0x12e42,1
blo 0x390ff0,1
"strhs r3, [r5, -fp, lsl 22]",1
"tstne r3, ip, lsl 18",1
"andmi r1, r1, r1, lsl 4",1
"mcrreq p7, 0, sb, r2, c6",1
"andeq r1, r0, r1, lsl 6",1
"movweq r3, 0x443",1
bllo 0x2debfc,1
"andseq r4, r3, 0x14000",1
"strmi r0, [r0], -6",1
"teqne r1, 5",1
"andeq r0, r0, r2, lsl 20",1
"movweq r3, 0x445",1
bllo 0x2dec2c,1
"andseq r4, r3, 0x2c000",1
"strmi r0, [r0], -sl",1
"mcreq p0, 0, r0, c3, c4, 1",1
bleq 0xed30ec,1
"ldceq p3, c1, [pc], -0x124",1
"andeq r0, r0, ip, lsr ip",1
svclo 0x12e47,1
blo 0x391044,1
"strhi r3, [r5, -fp, lsl 22]",1
"stceq p14, c0, [r7], -0x100",1
"ldceq p3, c1, [ip], -0x124",1
"andeq r1, r0, r1, lsl 6",1
"stmdbmi r0, {r3, r6, r8, sl}",1
"stmdbmi r0, {r0, r1, r4}",1
"ldceq p1, c0, [pc], -0xb8",1
bleq 0xe93c40,1
"addmi r0, r7, fp, lsr fp",1
"stmdbmi ip, {r1, r2, r3, r8, sb, sl, sp}",1
invalid,1
bmi 0x10490,1
"ldceq p1, c0, [pc], -0xb8",1
bleq 0xe93c58,1
invalid,1
"ldceq p3, c1, [ip], -0x124",1
"andeq r1, r0, r1, lsl 6",1
svclo 0x12e4b,1
"strhs r0, [lr, -ip, lsl 6]",1
"ldrlo r4, [r3], -0x90c",1
invalid,1
invalid,1
"ldceq p1, c0, [pc], -0xb8",1
bleq 0xe93c80,1
"stceq p5, c0, [r7], -0xec",1
"movwne r0, 0x1c3c",1
"cdphs p0, 4, c0, c13, c0, 0",1
"movweq r3, 0xcf01",1
bllo 0x2decc0,1
"stmdbmi ip, {r0, r2, r8, sb, sl, sp}",1
invalid,1
"mcrmi p0, 0, r0, c0, c3, 0",1
"ldceq p0, c0, [pc], -0xb8",1
bleq 0xe93ca8,1
invalid,1
"andeq r0, r0, ip, lsr ip",1
svclo 0x2e4f,1
blo 0x3910dc,1
"strhs r3, [fp, -fp, lsl 22]",1
invalid,1
"andpl r0, r0, ip",1
"ldceq p1, c0, [pc], -0xb8",1
bleq 0xe93ccc,1
invalid,1
"movwne r0, 0x1c3c",1
invalid,1
"mcreq p1, 1, r0, c5, c1, 0",1
invalid,1
"sadd16eq r0, r0, fp",1
"strlo r0, [r2], -0",1
blo 0x3910e0,1
"stmdbmi fp, {r0, r1, r3, r8, sb, fp, ip, sp}",1
"andeq r3, ip, 19, 30",1
"movweq r0, 0xa",1
bleq 0x2d052c,1
"andeq r1, r0, sb, asr 6",1
"stmdbmi r0, {r2, sb, sl, sp}",1
"streq r0, [r0, -0x13]",1
bleq 0x2d0590,1
invalid,1
invalid,1
"mcreq p1, 1, r0, c5, c1, 0",1
invalid,1
"tsteq r1, fp, lsl lr",1
"sadd16eq r0, r0, r2",1
"strhs r0, [r2], -0",1
"vmlalo.f64 d0, d11, d0",1
"andeq r0, r8, fp, lsl 6",1
"andseq r0, r6, r0, lsl 6",1
bleq 0xe93d38,1
"movtne r0, 0x9b3b",1
"strhs r0, [r4], -0",1
"vmlalo.f64 d0, d11, d0",1
"andeq r0, lr, fp, lsl 6",1
"andeq r0, pc, r0, lsl 10",1
"andeq r0, r0, fp, lsl 22",1
bleq 0x14160,1
"andseq r4, r3, fp, lsl 18",1
"tsteq r3, r0, lsl 14",1
bleq 0x2d3d60,1
bleq 0xed3240,1
"andeq r1, r0, r1, lsl 6",1
"movweq r0, 0xd08",1
bllo 0x2ded9c,1
"ldmdalo r3, {r0, r1, r3, r8, fp, lr}",1
"stmdbeq r0, {r1, r3}",1
"cdpeq p0, 0, c0, c3, c13, 0",1
"ldreq r0, [fp, -0xb3a]!",1
beq 0xe1529c,1
"strne r0, [sl], -r0",1
blo 0x391180,1
"andeq r3, fp, fp, lsl 22",1
invalid,1
"movwne r1, 0x1349",1
invalid,1
svchs 0x134900,1
"stceq p0, c0, [r0, -0x2c]",1
"movtne r0, 0x9026",1
"strlo r0, [lr, -0]",1
"andseq r4, r3, r0, lsl 18",1
invalid,1
"mcreq p12, 0, r0, c3, c15, 1",1
bleq 0xed3298,1
"tsteq r1, r7, lsr 24",1
beq 0x1010a00,1
"swpeq r4, r7, [ip]",1
"andne r0, r0, r3, lsl r0",1
"cdpeq p0, 0, c0, c3, c5, 0",1
bleq 0xed32b0,1
beq 0x952f0,1
"cdphs p0, 1, c0, c1, c0, 0",1
"movweq r3, 0xcf01",1
bllo 0x2dee10,1
invalid,1
"andmi r1, r1, r1, lsl 4",1
"mcrreq p7, 0, sb, r2, c6",1
"andeq r1, r0, r1, lsl 6",1
"strpl r0, [r1, -0xb12]",1
"andseq r0, r3, r6, lsl 2",1
"eorseq r1, r4, r0, lsl 6",1
bleq 0xe93e04,1
"movtne r0, 0x9b3b",1
"andeq r0, r0, r2, lsl 12",1
"orreq r8, r2, r4, lsl sb",1
"mrslo r1, apsr",1
"andseq r0, r3, r3, lsl r1",1
"addhi r1, sl, 0, 10",1
beq 0x90618,1
"muleq sl, r1, r2",1
"addhi r1, sb, 0, 12",1
"tsteq r1, r1",1
"andeq r1, r0, r1, lsr r3",1
"orreq r8, r2, r7, lsl sb",1
"mrslo r1, apsr",1
"stmdane r0, {r0, r1, r4}",1
"mcreq p0, 0, r0, c3, c4, 1",1
bleq 0xed3320,1
beq 0x95360,1
"ldrlo r0, [sb], -0",1
blo 0x391244,1
"stmdbmi fp, {r0, r1, r3, r8, sb, fp, ip, sp}",1
invalid,1
bne 0x10680,1
"ldceq p1, c0, [pc], -0xb8",1
bleq 0xe93e64,1
invalid,1
"ldceq p3, c1, [ip], -0x124",1
"andeq r1, r0, r1, lsl 6",1
"stmdbmi r0, {r0, r1, r3, r4, r8, sl}",1
invalid,1
"ldceq p0, c0, [pc], -0xb8",1
bleq 0xe93e80,1
invalid,1
"ldceq p3, c1, [ip], -0x124",1
"cdphs p0, 1, c0, c13, c0, 0",1
"movweq r3, 0xcf01",1
bllo 0x2deec0,1
"stmdbmi ip, {r0, r2, r8, sb, sl, sp}",1
invalid,1
"mcrne p0, 0, r0, c0, c3, 0",1
"ldceq p1, c0, [pc], -0xb8",1
bleq 0xe93ea8,1
invalid,1
"movwne r0, 0x1c3c",1
invalid,1
"andhs r0, r0, r0",1
"ldceq p1, c0, [pc], -0xb8",1
bleq 0xe93ec0,1
"stceq p5, c0, [r7], -0xec",1
"andeq r0, r0, ip, lsr ip",1
"tsteq r1, r0, lsl 2",1
bleq 0x4d3f58,1
"cdpeq p14, 1, c0, c11, c3, 0",1
"tsteq r2, r1, lsl r1",1
"andeq r0, r0, r0, lsl r6",1
bleq 0x196dc,1
"movweq r3, 0xbe0b",1
"movweq r0, 8",1
"mcreq p0, 0, r0, c3, c6, 0",1
bleq 0xed33cc,1
"andeq r1, r0, sb, asr 6",1
bleq 0x196fc,1
"movweq r3, 0xbe0b",1
"streq r0, [r0, -0xe]",1
bleq 0x2d0734,1
"andeq r1, r0, sb, asr 6",1
"stmdbmi r0, {r1, r2, sb, sl, sp}",1
"smladeq r0, r3, r0, r0",1
"ldceq p1, c0, [pc], -0xb8",1
bleq 0xe93f18,1
invalid,1
"tsteq r1, sb, asr 6",1
beq 0x1010b60,1
"swpeq r4, r7, [ip]",1
"stmdaeq r0, {r0, r1, r4}",1
"cdpeq p0, 0, c0, c3, c5, 0",1
bleq 0xed3410,1
"streq r1, [r2], -sb, asr 6",1
"strlo r0, [sb], -0",1
blo 0x391334,1
"stmdbmi fp, {r0, r1, r3, r8, sb, fp, ip, sp}",1
"andeq r0, r6, r3, lsl r2",1
"eorseq r0, r4, r0, lsl 20",1
bleq 0xe92750,1
"movtne r0, 0x9b3b",1
"andeq r0, r0, r2, lsl 12",1
svclo 0x12e0b,1
blo 0x391384,1
"strhs r3, [fp, -fp, lsl 22]",1
"tstne r3, ip, lsl 18",1
"andmi r1, r1, r1, lsl 4",1
"mcrreq p7, 0, sb, r2, c6",1
"andeq r1, r0, r1, lsl 6",1
"movweq r3, 0x40c",1
bllo 0x2def90,1
"andseq r4, r3, 0x2c000",1
"stceq p0, c0, [r0, -0x28]",1
"mcreq p0, 0, r0, c3, c4, 1",1
bleq 0xed3468,1
bleq 0x7154a8,1
invalid,1
"smlabbne r1, r2, r1, r0",1
"andseq r3, r3, r1, lsl 2",1
"addhi r0, sl, 0, 30",1
beq 0x9079c,1
"muleq sl, r1, r2",1
invalid,1
"mcreq p12, 0, r0, c3, c15, 1",1
"ldreq r0, [fp, -0xb3a]!",1
"movtne r0, 0x9c27",1
"andeq r0, r0, ip, lsr ip",1
"stmdbmi r0, {r0, r4, r8, sl}",1
"andeq r0, r0, r3, lsl r0",1
"strhs r1, [r1, -0x101]",1
"movweq r1, 0xb30e",1
"andne r1, lr, lr, lsl 22",1
"andeq r0, r0, 6",1
bleq 0x2d085c,1
invalid,1
"strhs r0, [r3], -0",1
"vmlalo.f64 d0, d11, d0",1
"andeq r0, r8, fp, lsl 6",1
"eorseq r0, r5, r0, lsl 8",1
"andeq r1, r0, sb, asr 6",1
"movweq r3, 0x405",1
bllo 0x2df024,1
svclo 0x13490b,1
"andeq r0, sl, ip, lsl 4",1
"mrsne r0, apsr",1
"movwne r2, 0xe501",1
blne 0x39142c,1
"andne r1, r1, 0x80000003",1
"andeq r1, r6, r1",1
"eoreq r0, r4, r0, lsl 4",1
bleq 0xf9343c,1
"andeq r0, r0, r3, lsl 16",1
"movweq r1, 0x603",1
bllo 0x2df054,1
"andseq r4, r3, fp, lsl 18",1
"eoreq r0, r4, r0, lsl 8",1
bleq 0xf93454,1
"andeq r0, r0, r3, lsl 28",1
bleq 0x14444,1
"streq r0, [r0], -fp",1
bleq 0x2d0874,1
"andeq r1, r0, sb, asr 6",1
"movweq r1, 0x1307",1
blo 0x2d347c,1
invalid,1
"stmdaeq r0, {r0, r1, r4}",1
"cdpeq p0, 0, c0, c3, c13, 0",1
bleq 0xed353c,1
beq 0xe1557c,1
"stceq p0, c0, [sb, -0]",1
blo 0x391460,1
"stmdbmi r5, {r0, r1, r3, r8, sb, fp, ip, sp}",1
"andeq r3, sl, r3, lsl r8",1
"andseq r0, r6, r0, lsl 20",1
bleq 0xe9407c,1
"andeq r0, r0, fp, lsr fp",1
"stmdbmi r1, {r0, r1, r3, r8}",1
"andseq r0, r3, r3, lsl r1",1
"eoreq r0, r1, r0, lsl 24",1
bleq 0xbd55a8,1
"strhs r0, [sp], -r0",1
"andseq r4, r3, r0, lsl 18",1
"eoreq r0, r6, r0, lsl 28",1
"cdphs p0, 0, c0, c15, c0, 0",1
"movweq r3, 0xcf01",1
bllo 0x2df0d4,1
invalid,1
"andmi r1, r1, r1, lsl 4",1
"mcrreq p7, 0, sb, r2, c6",1
"andeq r1, r0, r1, lsl 6",1
"movweq r0, 0x510",1
bllo 0x2df0ec,1
"andseq r4, r3, 0x2c000",1
invalid,1
"mcreq p0, 0, r0, c3, c4, 1",1
bleq 0xed35ac,1
"streq r1, [r2], -sb, asr 6",1
invalid,1
"smlabbne r1, r2, r1, r0",1
"tsteq r3, r1, lsl 2",1
"movwne r0, 0x13",1
"andeq r8, r1, sl, lsl 5",1
"addsmi r0, r1, 0x2000",1
"strne r0, [r0], -0xa",1
"andeq r8, r1, sb, lsl 5",1
"teqne r1, 0x40000004",1
"ldrlo r0, [r5], -0",1
blo 0x3914f4,1
"stmdbmi fp, {r0, r1, r3, r8, sb, fp, ip, sp}",1
"andeq r3, ip, 19, 30",1
"strne r0, [r0], -sl",1
"mcreq p0, 0, r0, c3, c4, 1",1
bleq 0xed35f0,1
"ldceq p3, c1, [pc], -0x124",1
"andeq r0, r0, ip, lsr ip",1
svclo 0x12e17,1
blo 0x391548,1
"strhs r3, [r5, -fp, lsl 22]",1
invalid,1
"andseq r0, r3, ip, lsl 2",1
"andeq r1, r5, r0, lsl 16",1
"andeq r1, r0, sb, asr 6",1
svclo 0x12e19,1
blo 0x391564,1
"strhs r3, [fp, -fp, lsl 22]",1
invalid,1
"andseq r0, r3, ip, lsl 2",1
invalid,1
"mcreq p12, 0, r0, c3, c15, 1",1
bleq 0xed3634,1
"strhs r4, [lr, -r7, lsl 1]",1
invalid,1
"andseq r0, r3, ip, lsl 2",1
"eoreq r1, lr, r0, lsl 22",1
"mcreq p12, 0, r0, c3, c15, 1",1
"ldreq r0, [fp, -0xb3a]!",1
"ldceq p12, c0, [ip], -0x9c",1
invalid,1
"mcreq p1, 1, r0, c5, c1, 0",1
invalid,1
"tsteq r1, fp, lsl lr",1
"sadd16eq r0, r0, r2",1
"strhs r0, [r2], -0",1
"vmlalo.f64 d0, d11, d0",1
"andeq r0, r8, fp, lsl 6",1
"andseq r0, r6, r0, lsl 6",1
bleq 0xe9419c,1
"movtne r0, 0x9b3b",1
"strhs r0, [r4], -0",1
"vmlalo.f64 d0, d11, d0",1
"andeq r0, lr, fp, lsl 6",1
"andseq r0, r6, r0, lsl 10",1
bleq 0xe941b4,1
"movtne r0, 0x953b",1
"streq r0, [r6], -0",1
bleq 0x3915b8,1
bllo 0x2df1e4,1
"andseq r0, r3, fp, lsl 2",1
"eoreq r0, r8, r0, lsl 14",1
"ldceq p14, c0, [ip, -0xc]",1
svceq 0x80000,1
"andeq r0, fp, r0, lsl 22",1
"andeq r0, pc, r0, lsl 18",1
"movtne r0, 0x9b0b",1
"streq r0, [sl], -0",1
blo 0x2d35e0,1
invalid,1
bleq 0x10a30,1
"movtne r0, 0x9026",1
invalid,1
"tsteq r3, r1, lsl 18",1
"stceq p0, c0, [r0, -0x4c]",1
"movtne r0, 0x9021",1
"andeq r0, r0, pc, lsr 22",1
"andeq r2, r0, lr, lsl 12",1
"tsteq r3, r0, lsl 30",1
bleq 0x2d4214,1
bleq 0xed36f4,1
"andeq r1, r0, r1, lsl 6",1
"movweq r0, 0xd10",1
bllo 0x2df250,1
"ldmdalo r3, {r0, r1, r3, r8, fp, lr}",1
invalid,1
"cdpeq p0, 0, c0, c3, c13, 0",1
"ldreq r0, [fp, -0xb3a]!",1
beq 0xe15750,1
"ldrne r0, [r2, -r0]",1
blo 0x2d3638,1
invalid,1
"movwne r0, 0x13",1
"cdpeq p0, 0, c0, c3, c13, 0",1
bleq 0xed372c,1
"andeq r1, r0, sb, asr 6",1
bleq 0x5569c,1
bllo 0x2df27c,1
"andseq r0, r3, fp, lsl 2",1
"andseq r1, r6, r0, lsl 10",1
bleq 0xe94268,1
"andeq r0, r0, fp, lsr fp",1
"movweq r1, 0x1316",1
blo 0x2d36a0,1
invalid,1
"smladne r0, r3, r0, r0",1
"stmdaeq r3, {r0, r2, r3}",1
"ldreq r0, [fp, -0xb3a]!",1
beq 0xe157a0,1
"cdphs p0, 1, c0, c8, c0, 0",1
blo 0x391688,1
"strhs r3, [fp, -fp, lsl 22]",1
"andshs r4, r3, ip, lsl 18",1
"andseq r0, r3, fp, lsl 2",1
"andeq r1, r5, r0, lsl 18",1
bleq 0xe92aa4,1
"movtne r0, 0x9b3b",1
bleq 0x690aa0,1
blne 0x10aa8,1
"stmdaeq r3, {r2, r4, r5}",1
bleq 0xed3794,1
"andeq r1, r0, sb, asr 6",1
"movweq r0, 0x51c",1
bllo 0x2df2f0,1
"andseq r4, r3, fp, lsl 18",1
"eorseq r1, r4, r0, lsl 26",1
bleq 0xe942d0,1
"movtne r0, 0x9b3b",1
"cdphs p0, 1, c0, c14, c0, 0",1
"movweq r3, 0xcf01",1
bllo 0x2df30c,1
"stmdbmi ip, {r0, r1, r3, r8, sb, sl, sp}",1
"strlo r2, [fp], -0x13",1
"andseq r0, r3, ip, lsl 2",1
invalid,1
"mcreq p12, 0, r0, c3, c15, 1",1
bleq 0xed37d4,1
"movtne r0, 0x9c27",1
"movwne r0, 0x1b20",1
"cdphs p0, 2, c0, c0, c0, 0",1
"tstne r3, r1, lsl 2",1
"andmi r1, r1, r1, lsl 4",1
"mcrreq p7, 0, sb, r2, c6",1
"andeq r1, r0, r1, lsl 6",1
invalid,1
"andeq r0, r6, r3, lsl r2",1
"eorseq r2, r4, r0, lsl 4",1
beq 0x957dc,1
"strtlo r0, [r3], -0",1
"andseq r3, r3, 0, 2",1
"strhs r0, [r0], -6",1
"teqne r1, 0x40000007",1
"tsteq r2, r1, lsl r1",1
bleq 0x1653890,1
"andeq r1, r0, r1, lsl 6",1
invalid,1
"andeq r1, fp, r3, lsl ip",1
"andeq r2, r5, r0, lsl 12",1
"andeq r1, r0, r1, lsr r3",1
invalid,1
"andeq r1, r1, r1, lsl 4",1
"tsteq sp, r0, lsl 16",1
"tsteq r1, r1, lsr r3",1
bleq 0x1610fa0,1
"andeq r0, r0, sb, asr fp",1
invalid,1
"strpl r5, [r1, -0x213]",1
"stmdbpl fp, {r1, r2, fp, ip, lr}",1
"andseq r0, r3, fp, lsl 2",1
invalid,1
"andeq r0, r0, r5, asr r6",1
invalid,1
"strpl r5, [r1, -0x213]",1
"stmdbpl fp, {r1, r2, fp, ip, lr}",1
invalid,1
"andeq r8, r1, sb, lsl 5",1
"teqne r1, 0x40000004",1
"cdphs p0, 2, c0, c13, c0, 0",1
blo 0x391798,1
"strhs r3, [fp, -fp, lsl 22]",1
"tstne r3, ip, lsl 18",1
"andmi r1, r1, r1, lsl 4",1
"mcrreq p7, 0, sb, r2, c6",1
"andeq r1, r0, r1, lsl 6",1
"movweq r0, 0x52e",1
bllo 0x2df3e8,1
"andseq r4, r3, 0x2c000",1
svchs 6,1
"stmdaeq r3, {r0, r2}",1
bleq 0xed38a8,1
"streq r1, [r2], -sb, asr 6",1
"ldreq r0, [r0, -0]!",1
blo 0x3917cc,1
"stmdbmi fp, {r0, r1, r3, r8, sb, fp, ip, sp}",1
"andeq r0, sl, r3, lsl r2",1
"eorseq r3, r4, r0, lsl 2",1
bleq 0xe92be8,1
"movtne r0, 0x9b3b",1
"andeq r0, r0, r2, lsl 12",1
"movweq r3, 0x432",1
bllo 0x2df424,1
"andseq r4, r3, 0x2c000",1
"movwlo r0, 6",1
"cdpeq p0, 0, c0, c3, c10, 0",1
"ldreq r0, [fp, -0xb3a]!",1
"andeq r0, r0, r1, lsl r1",1
invalid,1
"andne r1, r1, 0xc0000004",1
"stmdbpl fp, {r0, fp, ip, lr}",1
"andseq r0, r3, r5, lsl 2",1
"eorseq r3, r4, r0, lsl 10",1
"andeq r1, r0, r1, lsr r3",1
"orreq r8, r2, r6, lsr sb",1
"mrslo r1, apsr",1
"smladlo r0, r3, r0, r0",1
"andeq r8, r1, sl, lsl 5",1
"addsmi r0, r1, 0x2000",1
"stmdalo r0, {r1, r3}",1
"ldrbeq r0, [r5], -fp, lsl 2",1
"andeq r1, r0, r1, lsl 6",1
"movweq r3, 0x439",1
bllo 0x2df460,1
"andseq r4, r3, 0x14000",1
blo 0x10c60,1
"mcreq p0, 0, r0, c3, c4, 1",1
"ldreq r0, [fp, -0xb3a]!",1
"streq r1, [r2], -sb, asr 6",1
"ldrtlo r0, [fp], -0",1
blo 0x39185c,1
"stmdbmi r5, {r0, r1, r3, r8, sb, fp, ip, sp}",1
"andeq r0, sl, r3, lsl r2",1
"addhi r3, sb, 0, 24",1
"tsteq r1, r1, lsl 2",1
"movwne r1, 0x1331",1
"ldcne p0, c0, [sp, -0]!",1
"andspl r3, r3, 0x40000000",1
"stmdapl r6, {r0, r8, sl, ip, lr}",1
"mrseq r5, apsr",1
"mcrlo p0, 0, r0, c0, c3, 0",1
"cdpeq p1, 0, c0, c3, c14, 1",1
"ldreq r0, [fp, -0xb3a]!",1
"movtne r0, 0x9c27",1
"tsteq r2, r1, lsl r1",1
"addsmi r0, r7, 64, 12",1
"andseq r0, r3, ip, lsl 2",1
"andeq r3, r5, r0, lsl 30",1
bleq 0xe92cb0,1
"movtne r0, 0x953b",1
"andeq r0, r0, r2, lsl 12",1
"movweq r0, 0x540",1
bllo 0x2df4ec,1
"andseq r4, r3, 0x14000",1
invalid,1
"stmdaeq r3, {r2, r4, r5}",1
"ldreq r0, [fp, -0xb3a]!",1
beq 0x959ec,1
"cdphs p0, 4, c0, c2, c0, 0",1
"movweq r3, 0xcf01",1
bllo 0x2df50c,1
"stmdbmi ip, {r0, r1, r3, r8, sb, sl, sp}",1
"andne r1, r1, 0xc0000004",1
"strls r4, [r6, -r1]",1
"movwne r0, 0x1c42",1
"strblo r0, [r3], -0",1
blo 0x2118ec,1
"stmdbmi fp, {r0, r1, r3, r8, sb, fp, ip, sp}",1
"andeq r0, sl, r3, lsl r2",1
invalid,1
"mcreq p12, 0, r0, c3, c15, 1",1
bleq 0xed39e8,1
"movtne r0, 0x9c27",1
"tsteq r2, r1, lsl r1",1
"addsmi r0, r7, 64, 20",1
"andseq r0, r3, ip, lsl 2",1
invalid,1
"mcreq p12, 0, r0, c3, c15, 1",1
bleq 0xed3a04,1
"tsteq r1, r7, lsr 24",1
beq 0x101116c,1
"swpeq r4, r7, [ip]",1
invalid,1
"stmdaeq r3, {r0, r2}",1
bleq 0xed3a1c,1
beq 0x95a5c,1
"cdphs p0, 4, c0, c7, c0, 0",1
"movweq r3, 0xcf01",1
bllo 0x2df57c,1
"andhs r2, ip, fp, lsl 14",1
"andseq r0, r3, fp, lsl 2",1
invalid,1
"mcreq p12, 0, r0, c3, c15, 1",1
"ldreq r0, [fp, -0xb3a]!",1
"movtne r0, 0x9c27",1
"tsteq r2, r1, lsl r1",1
"addsmi r0, r7, 64, 12",1
"andseq r0, r3, ip, lsl 2",1
"andeq r4, r5, r0, lsl 18",1
bleq 0xe92d7c,1
"movtne r0, 0x953b",1
"andeq r0, r0, r2, lsl 20",1
svclo 0x12e4a,1
blo 0x3919b0,1
"strhs r3, [r5, -fp, lsl 22]",1
"andshs r4, r3, ip, lsl 18",1
"andseq r0, r3, fp, lsl 2",1
"andeq r4, r5, r0, lsl 22",1
bleq 0xe92da0,1
"movtne r0, 0x953b",1
"strbeq r0, [ip, -0]",1
blo 0x3919a0,1
"stmdbmi r5, {r0, r1, r3, r8, sb, fp, ip, sp}",1
"stcmi p0, c0, [r0, -0x4c]",1
"stmdaeq r3, {r2, r4, r5}",1
"ldreq r0, [fp, -0xb3a]!",1
"andeq r1, r0, sb, asr 6",1
"movweq r3, 0x44e",1
bllo 0x2df5f4,1
"andseq r4, r3, r5, lsl 18",1
"tsteq sp, r0, lsl 30",1
"cmpeq r2, r1, lsr r3",1
bleq 0x1612720,1
"andeq r0, r0, sb, asr r5",1
"qaddlo r0, r0, r0",1
"andeq r0, sl, r3, lsl r2",1
invalid,1
"mcreq p12, 0, r0, c3, c15, 1",1
"ldreq r0, [fp, -0xb3a]!",1
"tsteq r1, r7, lsr 24",1
invalid,1
"swpeq r4, r7, [ip]",1
"andpl r0, r0, 0x13",1
"teqne r1, 0x8000000b",1
"tsteq r2, r1, lsl r1",1
"addsmi r0, r7, 64, 20",1
"andseq r0, r3, ip, lsl 2",1
"addhi r5, sb, 0, 6",1
"tsteq r1, r1, lsl 2",1
"swplo r4, r5, [ip]",1
"strpl r0, [r0], -0x13",1
"ldceq p1, c0, [pc], -0xb8",1
bleq 0xe94628,1
"stceq p5, c0, [r7], -0xec",1
"tsteq r1, sb, asr 6",1
beq 0x1011270,1
"swpeq r4, r7, [ip]",1
"strpl r0, [r0, -0x13]",1
"teqne r1, 5",1
"andeq r0, r0, ip, lsl sp",1
"qaddlo r3, r6, r0",1
"andeq r1, fp, r3, lsl ip",1
"eorseq r5, r4, r0, lsl 14",1
bleq 0xe94654,1
"movtne r0, 0x9b3b",1
"andeq r0, r0, r2, lsl 20",1
"movweq r3, 0x458",1
bllo 0x2df690,1
svclo 0x13490b,1
"andeq r0, sl, ip, lsl 4",1
"eorseq r5, r4, r0, lsl 18",1
bleq 0xe94674,1
"movtne r0, 0x953b",1
beq 0x93f6c,1
"ldrblo r0, [sl], -0",1
blo 0x391a78,1
"stmdbmi fp, {r0, r1, r3, r8, sb, fp, ip, sp}",1
invalid,1
blpl 0x10eb4,1
"ldceq p0, c0, [pc], -0xb8",1
bleq 0xe94698,1
invalid,1
"ldceq p3, c1, [ip], -0x124",1
"cdphs p0, 5, c0, c12, c0, 0",1
"movweq r3, 0xcf01",1
bllo 0x2df6d8,1
"stmdbmi ip, {r0, r1, r3, r8, sb, sl, sp}",1
invalid,1
"stcpl p0, c0, [r0, -0x4c]",1
"movtne r0, 0x9005",1
"cdphs p0, 5, c0, c14, c0, 0",1
"movweq r3, 0xcf01",1
bllo 0x2df6f4,1
"stmdbmi ip, {r0, r2, r8, sb, sl, sp}",1
invalid,1
svcpl 0x13,1
"ldceq p0, c0, [pc], -0xb8",1
bleq 0xe946dc,1
"stceq p5, c0, [r7], -0xec",1
"andeq r0, r0, ip, lsr ip",1
svclo 0x12e60,1
"strhs r0, [lr, -ip, lsl 6]",1
"ldrlo r4, [r3], -0x90c",1
invalid,1
invalid,1
"ldceq p0, c0, [pc], -0xb8",1
bleq 0xe94700,1
invalid,1
"andeq r0, r0, ip, lsr ip",1
svclo 0x12e62,1
blo 0x391b34,1
"strhs r3, [r5, -fp, lsl 22]",1
invalid,1
"movwvs r0, 0x13",1
"ldceq p1, c0, [pc], -0xb8",1
bleq 0xe94724,1
invalid,1
"ldceq p3, c1, [ip], -0x124",1
invalid,1
"mcreq p1, 1, r0, c5, c1, 0",1
invalid,1
"tsteq r1, fp, lsl lr",1
"sadd16eq r0, r0, r2",1
"strhs r0, [r2], -0",1
"vmlalo.f64 d0, d11, d0",1
"andeq r0, lr, fp, lsl 6",1
"eoreq r0, r4, r0, lsl 6",1
bleq 0xf93b74,1
"andeq r0, r0, r3, lsl 16",1
"movweq r1, 0x604",1
bllo 0x2df78c,1
"andseq r4, r3, fp, lsl 18",1
"tsteq r3, r0, lsl 10",1
bleq 0x2d476c,1
bleq 0xed3c4c,1
"andeq r1, r0, r1, lsl 6",1
"movweq r0, 0xd06",1
bllo 0x2df7a8,1
"ldmdalo r3, {r0, r1, r3, r8, fp, lr}",1
"streq r0, [r0, -sl]",1
bleq 0x2d0fb8,1
"andeq r1, r0, sb, asr 6",1
"stmdbmi r0, {r3, sb, sl, sp}",1
"stmdbeq r0, {r0, r1, r4}",1
"ldceq p1, c0, [pc], -0xb8",1
bleq 0xe9479c,1
"stceq p5, c0, [r7], -0xec",1
bleq 0x815cbc,1
"andeq r1, r0, r1, lsl 6",1
"movweq r0, 0x50a",1
bllo 0x2df7dc,1
"andseq r4, r3, r5, lsl 18",1
invalid,1
"mcreq p12, 0, r0, c3, c15, 1",1
bleq 0xed3c9c,1
"movtne r0, 0x9c27",1
"tsteq r2, r1, lsl r1",1
"addsmi r0, r7, 64, 12",1
"andseq r0, r3, ip, lsl 2",1
"andeq r0, r5, r0, lsl 24",1
bleq 0xe947d8,1
"movtne r0, 0x9b3b",1
"andeq r0, r0, r2, lsl 12",1
"movweq r3, 0x40d",1
bllo 0x2df814,1
"andseq r4, r3, 0x2c000",1
"cdpeq p0, 0, c0, c0, c10, 0",1
"teqne r1, 0x40000007",1
"tsteq r2, r1, lsl r1",1
bleq 0x1653d50,1
"streq r0, [0x00010ff4]",1
"andseq r3, r3, 0, 2",1
"andne r0, r0, sl",1
"smlabbeq r1, sb, r2, r8",1
"teqne r1, 0x40000004",1
bhi 0x451008,1
"andeq r0, r0, 0x80000020",1
beq 0x10b5438,1
"cdphs p0, 1, c0, c2, c0, 0",1
"movweq r3, 0xcf01",1
bllo 0x2df854,1
"cdpeq p7, 4, c8, c0, c5, 0",1
"movtne r0, 0x9c27",1
"andeq r0, r0, ip, lsr ip",1
"stmdbmi r0, {r0, r1, r4, r8, sl}",1
"andeq r0, r0, r3, lsl r0",1
"strhs r1, [r1, -0x101]",1
"movweq r1, 0xb30e",1
invalid,1
"andne r1, r1, r1, lsl 4",1
"andeq r0, r0, 6",1
"mcreq p0, 0, r0, c3, c6, 0",1
bleq 0xed3d34,1
"andeq r1, r0, sb, asr 6",1
"movweq r1, 0x1303",1
blo 0x2d3c90,1
invalid,1
"streq r0, [r0], -0x13",1
"cdpeq p0, 0, c0, c3, c13, 0",1
beq 0xe15d8c,1
"andeq r0, r0, r4, lsr ip",1
bleq 0x14c84,1
"streq r0, [r0], -fp",1
bleq 0x2d1108,1
invalid,1
"strhs r0, [r7], -0",1
"vmlalo.f64 d0, d11, d0",1
"andeq r0, r8, fp, lsl 6",1
"andeq r0, pc, r0, lsl 16",1
"movtne r0, 0x9b0b",1
"stceq p0, c0, [sb, -0]",1
blo 0x391c98,1
"stmdbmi fp, {r0, r1, r3, r8, sb, fp, ip, sp}",1
"andeq r3, sl, r3, lsl r8",1
"andeq r0, sp, r0, lsl 20",1
bleq 0xe948b4,1
"movtne r0, 0x953b",1
"andeq r0, r0, r8, lsr sl",1
"movweq r1, 0x60b",1
bllo 0x2df8f0,1
invalid,1
"movtne r0, 0x9101",1
"andeq r1, r0, r1, lsl 6",1
"stmdbmi r0, {r0, r2, r3, r8, sp}",1
"andeq r2, fp, r3, lsl pc",1
"eoreq r0, r6, r0, lsl 28",1
"andeq r1, r0, sb, asr 6",1
bleq 0x52114,1
bllo 0x2df908,1
"andseq r0, r3, fp, lsl 2",1
"eoreq r1, r8, r0",1
"ldceq p14, c0, [ip, -0xc]",1
"cdphs p0, 1, c0, c1, c0, 0",1
"movweq r3, 0xcf01",1
bllo 0x2df92c,1
"stmdbmi ip, {r0, r1, r3, r8, sb, sl, sp}",1
"strlo r2, [fp], -0x13",1
"andseq r0, r3, ip, lsl 2",1
"andeq r1, r5, r0, lsl 4",1
bleq 0xe94914,1
"movtne r0, 0x9b3b",1
invalid,1
"strne r0, [r0], -0",1
"ldceq p1, c0, [pc], -0xb8",1
bleq 0xe94928,1
invalid,1
"tsteq r2, r1, lsl r1",1
"addsmi r0, r7, 64, 12",1
"andseq r0, r3, ip, lsl 2",1
"andeq r1, r5, r0, lsl 10",1
bleq 0xe94940,1
"movtne r0, 0x9b3b",1
"andeq r0, r0, r2, lsl 12",1
"movweq r0, 0x516",1
bllo 0x2df97c,1
"andseq r4, r3, 0x2c000",1
"strne r0, [r0, -sl]",1
"teqne r1, 0x40000007",1
"tsteq r2, r1, lsl r1",1
bleq 0x1653eb8,1
"andeq r1, r0, r1, lsl 6",1
invalid,1
"andeq r0, r6, r3, lsl r2",1
"addhi r1, sb, 0, 18",1
"tsteq r1, r1, lsl 2",1
"andeq r1, r0, r1, lsr r3",1
"orreq r8, r2, sl, lsl sl",1
"mrsls r0, r10_fiq",1
"andeq r0, r0, r2, asr 20",1
invalid,1
invalid,1
"teqne r1, 0x40000007",1
"usaxeq r0, r5, r2",1
bleq 0x1653ef0,1
"andeq r1, r0, r1, lsl 6",1
"orreq r8, r2, sp, lsl sb",1
"strls r1, [r1, -0x101]",1
"teqne r1, 0x4200",1
"ldreq r0, [lr, -0]",1
"andseq r3, r3, 0, 2",1
svcne 0xa,1
"smlabbeq r1, sb, r2, r8",1
"teqne r1, 0x40000004",1
"andeq r1, r0, r1, lsl 6",1
"orreq r8, r2, r0, lsr 18",1
"mrslo r1, apsr",1
invalid,1
"mcreq p0, 0, r0, c3, c4, 1",1
bleq 0xed3eb4,1
"streq r1, [r2], -sb, asr 6",1
"cdphs p0, 2, c0, c2, c0, 0",1
"movweq r3, 0xcf01",1
bllo 0x2dfa14,1
"andhs r2, ip, fp, lsl 14",1
"andseq r0, r3, fp, lsl 2",1
"eorseq r2, r4, r0, lsl 6",1
bleq 0xe949f8,1
"movtne r0, 0x9b3b",1
"cdphs p0, 2, c0, c4, c0, 0",1
"tstne r3, r1, lsl 2",1
"andmi r1, r1, r1, lsl 4",1
"mcrreq p7, 0, sb, r2, c6",1
"andeq r1, r0, r1, lsl 6",1
invalid,1
"andeq r0, r6, r3, lsl r2",1
"eorseq r2, r4, r0, lsl 12",1
beq 0x95ed8,1
"strtlo r0, [r7], -0",1
blo 0x391e1c,1
"stmdbmi fp, {r0, r1, r3, r8, sb, fp, ip, sp}",1
"andeq r0, sl, r3, lsl r2",1
"tsteq sp, r0, lsl 16",1
"cmpeq r2, r1, lsr r3",1
bleq 0x1612b84,1
"andeq r0, r0, sb, asr fp",1
"strpl r0, [r1, -0xb29]",1
bhs 0x11254,1
"andeq r8, r1, sb, lsl 5",1
"addsmi r0, r5, 0x40000004",1
"andseq r3, r3, ip, lsl 2",1
"eorseq r2, r4, r0, lsl 22",1
bleq 0xe94a5c,1
"movtne r0, 0x9b3b",1
"ldceq p12, c0, [ip], -0xfc",1
invalid,1
"stchs p0, c0, [r0, -0]",1
"ldceq p1, c0, [pc], -0xb8",1
bleq 0xe94a74,1
invalid,1
"ldceq p3, c1, [ip], -0x124",1
"andeq r1, r0, r1, lsl 6",1
"stmdbmi r0, {r1, r2, r3, r5, r8, sl}",1
svchs 0x13,1
"ldceq p1, c0, [pc], -0xb8",1
bleq 0xe94a90,1
"stceq p5, c0, [r7], -0xec",1
"ldceq p3, c1, [ip], -0x124",1
"andeq r1, r0, r1, lsl 6",1
svclo 0x2e30,1
blo 0x391ec8,1
"strhs r3, [r5, -fp, lsl 22]",1
"andeq r3, ip, ip, lsl 24",1
invalid,1
"mcreq p12, 0, r0, c3, c15, 1",1
bleq 0xed3f94,1
"movtne r0, 0x9c27",1
"andeq r0, r0, ip, lsr ip",1
"tsteq r1, r0, lsl 2",1
bleq 0x4d4b50,1
"cdpeq p14, 1, c0, c11, c3, 0",1
"andeq r0, r0, r0, lsl r6",1
bleq 0x14ed0,1
"movweq r0, 0xb",1
"mcreq p0, 0, r0, c3, c6, 0",1
bleq 0xed3fbc,1
"andeq r1, r0, sb, asr 6",1
bleq 0x1a2ec,1
"movweq r3, 0xbe0b",1
"streq r0, [r0, -0xe]",1
bleq 0x2d1378,1
"stmdaeq r3, {r1, r2, r3, r4, r5, r8, sb, fp}",1
svceq 0x60000,1
"stmdbmi fp, {r8, sb, fp}",1
"smladeq r0, r3, r0, r0",1
"mcreq p1, 0, r0, c3, c3, 0",1
bleq 0xe93f2c,1
"movwne r0, 0x1b3b",1
"stceq p0, c0, [r8, -0]",1
blo 0x391f0c,1
"stmdbmi fp, {r0, r1, r3, r8, sb, fp, ip, sp}",1
"andeq r3, sl, r3, lsl r8",1
"andeq r0, sp, r0, lsl 18",1
bleq 0xe94b28,1
"movtne r0, 0x953b",1
"andeq r0, r0, r8, lsr sl",1
"movweq r1, 0x60a",1
bllo 0x2dfb64,1
bleq 0x1135c,1
"movtne r0, 0x9101",1
"andeq r1, r0, r1, lsl 6",1
"stmdbmi r0, {r2, r3, r8, sp}",1
"andeq r2, fp, r3, lsl pc",1
"eorseq r0, r4, r0, lsl 26",1
bleq 0xe94b54,1
"movtne r0, 0x9b3b",1
"ldceq p12, c0, [ip], -0xfc",1
"strlo r0, [lr], -0",1
blo 0x391f58,1
"stmdbmi fp, {r0, r1, r3, r8, sb, fp, ip, sp}",1
"andeq r3, ip, 19, 30",1
svceq 0xa,1
"movtne r0, 0x9026",1
invalid,1
"mcreq p1, 1, r0, c5, c1, 0",1
invalid,1
"tsteq r1, fp, lsl lr",1
"sadd16eq r0, r0, r2",1
"strhs r0, [r2], -0",1
"vmlalo.f64 d0, d11, d0",1
"andeq r0, r8, fp, lsl 6",1
"andseq r0, r6, r0, lsl 6",1
bleq 0xe94b9c,1
"movtne r0, 0x9b3b",1
"strhs r0, [r4], -0",1
"vmlalo.f64 d0, d11, d0",1
"andeq r0, lr, fp, lsl 6",1
"andeq r0, pc, r0, lsl 10",1
"andeq r0, r0, fp, lsl 22",1
bleq 0x14fc4,1
"andseq r4, r3, fp, lsl 18",1
"eoreq r0, r6, r0, lsl 14",1
"andeq r1, r0, sb, asr 6",1
"andeq r2, r0, r8, lsl 12",1
invalid,1
bleq 0xe93ff0,1
"movwne r0, 0x1b3b",1
invalid,1
invalid,1
bleq 0x11408,1
"ldceq p1, c0, [pc], -0xb8",1
bleq 0xe94be8,1
invalid,1
bleq 0x816108,1
"movwne r0, 0x1c34",1
"streq r0, [ip, -0]",1
blo 0x391ff0,1
"stmdbmi fp, {r0, r1, r3, r8, sb, fp, ip, sp}",1
"stceq p0, c0, [r0, -0x4c]",1
"ldceq p1, c0, [pc], -0xb8",1
bleq 0xe94c0c,1
invalid,1
bleq 0x81612c,1
"andeq r1, r0, r1, lsl 6",1
"movweq r0, 0x50e",1
bllo 0x2dfc34,1
"andseq r4, r3, fp, lsl 18",1
"eorseq r0, r4, r0, lsl 30",1
bleq 0xe9342c,1
"movtne r0, 0x9b3b",1
bleq 0x411428,1
invalid,1
bleq 0x2d1840,1
bleq 0xed411c,1
"cdphs p0, 1, c0, c2, c0, 0",1
"movweq r3, 0xcf01",1
bllo 0x2dfc78,1
"stmdbmi ip, {r0, r1, r3, r8, sb, sl, sp}",1
"andne r1, r1, 0xc0000004",1
"strls r4, [r6], -r1",1
"movwne r0, 0x1c42",1
"ldreq r0, [r3, -0]",1
blo 0x212058,1
"stmdbmi fp, {r0, r1, r3, r8, sb, fp, ip, sp}",1
"andeq r0, r6, r3, lsl r2",1
"tsteq sp, r0, lsl 8",1
"tsteq r1, r1, lsr r3",1
bleq 0x16118b4,1
"movwne r0, 0x1b59",1
"ldreq r0, [r5, -0]",1
"andseq r3, r3, 0, 2",1
"strne r0, [r0], -r6",1
"tsteq r1, fp, lsl 2",1
"andeq r0, r0, r2, lsl r1",1
invalid,1
"andeq r0, r6, r3, lsl r2",1
"addhi r1, sb, 0, 16",1
"tsteq r1, r1, lsl 2",1
"andeq r1, r0, r1, lsr r3",1
"orreq r8, r2, sb, lsl sl",1
"mrsls r0, r10_fiq",1
"andeq r0, r0, r2, asr 20",1
"orreq r8, r2, sl, lsl sb",1
"mrslo r1, apsr",1
blne 0x114fc,1
"teqne r1, 0x40000007",1
"usaxeq r0, r5, r2",1
bleq 0x165421c,1
"andeq r1, r0, r1, lsl 6",1
"orreq r8, r2, ip, lsl sb",1
"mrslo r1, apsr",1
"andseq r0, r3, r3, lsl r1",1
invalid,1
"tsteq r1, r1, lsr r3",1
invalid,1
"swpeq r4, r6, [ip]",1
"mcrne p0, 0, r0, c0, c3, 0",1
"tsteq r1, fp",1
"andeq r0, r0, r2, lsl r1",1
svclo 0x12e1f,1
blo 0x392120,1
"strhs r3, [fp, -fp, lsl 22]",1
"tstne r3, ip, lsl 18",1
"andmi r1, r1, r1, lsl 4",1
"mcrreq p7, 0, sb, r2, c6",1
"andeq r1, r0, r1, lsl 6",1
invalid,1
"andne r1, r1, 0xc0000004",1
"stmdbpl fp, {r0, fp, ip, lr}",1
invalid,1
"teqne r1, 0x8000000b",1
"tsteq r2, r1, lsl r1",1
"addsmi r0, r7, 64, 12",1
"andseq r0, r3, ip, lsl 2",1
"tsteq sp, r0, lsl 4",1
"cmpeq r2, r1, lsr r3",1
bleq 0x1612e84,1
"andeq r0, r0, sb, asr fp",1
"strpl r0, [r1, -0xb23]",1
"strhs r0, [r0], -6",1
"teqne r1, 5",1
"andeq r0, r0, ip, lsl fp",1
invalid,1
invalid,1
"smlabbeq r1, sb, r2, r8",1
"addsmi r0, r5, 0x40000004",1
"andseq r3, r3, ip, lsl 2",1
"eorseq r2, r4, r0, lsl 14",1
bleq 0xe9356c,1
"movtne r0, 0x9b3b",1
"andeq r0, r0, r2, lsl 12",1
"movweq r0, 0x528",1
bllo 0x2dfda8,1
"andseq r4, r3, 0x2c000",1
"stmdbhs r0, {r1, r2}",1
"teqne r1, 5",1
"andeq r0, r0, r2, lsl 20",1
svclo 0x12e2a,1
blo 0x3921b8,1
"strhs r3, [r5, -fp, lsl 22]",1
invalid,1
"andseq r0, r3, ip, lsl 2",1
"andeq r2, r5, r0, lsl 22",1
"andeq r1, r0, sb, asr 6",1
svclo 0x2e2c,1
blo 0x3921d4,1
"strhs r3, [fp, -fp, lsl 22]",1
"andeq r3, ip, ip, lsl 24",1
invalid,1
"mcreq p12, 0, r0, c3, c15, 1",1
"ldreq r0, [fp, -0xb3a]!",1
"ldceq p12, c0, [ip], -0x9c",1
"andeq r1, r0, r1, lsl 6",1
svclo 0x12e2e,1
"strhs r0, [lr, -ip, lsl 6]",1
"ldrlo r4, [r3], -0x90c",1
invalid,1
svchs 0x13,1
"ldceq p1, c0, [pc], -0xb8",1
bleq 0xe94de8,1
"stceq p5, c0, [r7], -0xec",1
"ldceq p3, c1, [ip], -0x124",1
invalid,1
"mcreq p1, 1, r0, c5, c1, 0",1
invalid,1
"tsteq r1, fp, lsl lr",1
"sadd16eq r0, r0, r2",1
"strhs r0, [r2], -0",1
"vmlalo.f64 d0, d11, d0",1
"andeq r0, r8, fp, lsl 6",1
"eoreq r0, r4, r0, lsl 6",1
bleq 0xf94238,1
"andeq r0, r0, r3, lsl 28",1
bleq 0x15224,1
"andseq r4, r3, fp, lsl 18",1
"eoreq r0, r6, r0, lsl 10",1
"andeq r1, r0, sb, asr 6",1
"stmdbmi r0, {r1, r2, r8, sl, ip, sp}",1
"smladeq r0, r3, r0, r0",1
"ldceq p1, c0, [pc], -0xb8",1
bleq 0xe94e3c,1
invalid,1
"tsteq r2, r1, lsl r1",1
"addsmi r0, r7, 64, 12",1
"andseq r0, r3, ip, lsl 2",1
"addhi r0, sb, 0, 16",1
"tsteq r1, r1, lsl 2",1
"movwne r1, 0x1331",1
bhi 0x251650,1
"andeq r0, r0, 0x80000020",1
beq 0x10b5a80,1
invalid,1
"smlabbne r0, r2, r1, r0",1
"andseq r3, r3, r1, lsl 2",1
"eorseq r0, r4, r0, lsl 22",1
bleq 0xe94e78,1
"movtne r0, 0x9b3b",1
"ldceq p12, c0, [ip], -0xfc",1
"cdphs p0, 0, c0, c12, c0, 0",1
"movweq r3, 0xcf01",1
bllo 0x2dfeb8,1
"stmdbmi ip, {r0, r1, r3, r8, sb, sl, sp}",1
invalid,1
"stceq p0, c0, [r0, -0x4c]",1
"movtne r0, 0x9005",1
"cdphs p0, 0, c0, c14, c0, 0",1
"movweq r3, 0xcf01",1
bllo 0x2dfed4,1
invalid,1
"andseq r0, r3, ip, lsl 2",1
"andseq r0, r8, r0, lsl 30",1
"cdphs p0, 1, c0, c0, c0, 0",1
"movweq r3, 0xcf00",1
bllo 0x2dfeec,1
invalid,1
"andeq r0, r0, ip",1
"strhs r1, [r1, -0x101]",1
"movweq r1, 0xb30e",1
invalid,1
"andne r1, r1, r1, lsl 4",1
"andeq r0, r0, 6",1
bleq 0x2d1764,1
"stmdaeq r3, {r1, r2, r3, r4, r5, r8, sb, fp}",1
"strhs r0, [r3], -0",1
"vmlalo.f64 d0, d11, d0",1
"andeq r0, lr, fp, lsl 6",1
"andeq r0, pc, r0, lsl 8",1
"movtne r0, 0x9b0b",1
"strne r0, [r5], -r0",1
blo 0x3922f4,1
"stmdbmi fp, {r0, r1, r3, r8, sb, fp, ip, sp}",1
invalid,1
"ldceq p1, c0, [pc], -0xb8",1
bleq 0xe94f10,1
invalid,1
bleq 0x816430,1
"movwne r0, 0x1c34",1
"streq r0, [r7, -0]",1
blo 0x392318,1
"stmdbmi fp, {r0, r1, r3, r8, sb, fp, ip, sp}",1
"stmdaeq r0, {r0, r1, r4}",1
"ldceq p1, c0, [pc], -0xb8",1
bleq 0xe94f34,1
invalid,1
"tsteq r1, sb, asr 6",1
invalid,1
"swpeq r4, r7, [ip]",1
"stmdbeq r0, {r0, r1, r4}",1
"stmdaeq r3, {r2, r4, r5}",1
bleq 0xed442c,1
beq 0x9646c,1
"stcne p0, c0, [sl, -0]",1
"andspl r3, r3, 0x40000000",1
"stmdapl r6, {r0, r8, sl, ip, lr}",1
"mrseq r5, apsr",1
bleq 0x117a8,1
"teqne r1, 5",1
"andeq r0, r0, ip, lsl fp",1
"orreq r8, r2, ip, lsl 18",1
"mrslo r1, apsr",1
"stceq p0, c0, [r0, -0x4c]",1
"andeq r8, r1, sl, lsl 5",1
"addsmi r0, r1, 0x2000",1
"cdpeq p0, 0, c0, c0, c10, 0",1
"andeq r8, r1, sb, lsl 5",1
"teqne r1, 0x40000004",1
"cdphs p0, 0, c0, c15, c0, 0",1
"movweq r3, 0xcf01",1
bllo 0x2dffc8,1
"cdpeq p7, 4, c8, c0, c11, 0",1
"movtne r0, 0x9c27",1
"movwne r0, 0x1c3c",1
"ldreq r0, [r0, -0]",1
"andseq r4, r3, r0, lsl 18",1
"eoreq r1, lr, r0, lsl 2",1
"mcreq p12, 0, r0, c3, c15, 1",1
bleq 0xed4498,1
"movtne r0, 0x9c27",1
"andeq r0, r0, ip, lsr ip",1
svclo 0x2e12,1
blo 0x3923f0,1
"strhs r3, [fp, -fp, lsl 22]",1
"andeq r3, ip, ip, lsl 24",1
"mrsne r0, apsr",1
"movwne r2, 0xe501",1
blne 0x392400,1
"andne r1, r1, 0x80000003",1
"andeq r1, r6, r1",1
"andseq r0, r6, r0, lsl 4",1
bleq 0xe94ff0,1
"movtne r0, 0x9b3b",1
"strhs r0, [r3], -0",1
"vmlalo.f64 d0, d11, d0",1
"andeq r0, lr, fp, lsl 6",1
"eoreq r0, r4, r0, lsl 8",1
bleq 0xf94428,1
"andeq r0, r0, r3, lsl 16",1
bleq 0x15418,1
"streq r0, [r0], -fp",1
bleq 0x2d1848,1
"andeq r1, r0, sb, asr 6",1
"movweq r1, 0x1307",1
blo 0x2d4450,1
invalid,1
"stmdaeq r0, {r0, r1, r4}",1
"cdpeq p0, 0, c0, c3, c13, 0",1
bleq 0xed4510,1
beq 0xe16550,1
"stceq p0, c0, [sb, -0]",1
blo 0x392434,1
"stmdbmi r5, {r0, r1, r3, r8, sb, fp, ip, sp}",1
"andeq r3, sl, r3, lsl r8",1
"andseq r0, r6, r0, lsl 20",1
bleq 0xe95050,1
"andeq r0, r0, fp, lsr fp",1
"stmdbmi r1, {r0, r1, r3, r8}",1
"andseq r0, r3, r3, lsl r1",1
"eoreq r0, r1, r0, lsl 24",1
bleq 0xbd657c,1
"cdphs p0, 0, c0, c13, c0, 0",1
"movweq r3, 0xcf01",1
bllo 0x2e009c,1
"stmdbmi ip, {r0, r1, r3, r8, sb, sl, sp}",1
invalid,1
"mcreq p0, 0, r0, c0, c3, 0",1
"cdpeq p0, 0, c0, c3, c5, 0",1
bleq 0xed4560,1
"andeq r1, r0, sb, asr 6",1
svclo 0x12e0f,1
blo 0x3924b4,1
"strhs r3, [fp, -fp, lsl 22]",1
"tstne r3, ip, lsl 18",1
"andmi r1, r1, r1, lsl 4",1
"mcrreq p7, 0, sb, r2, c6",1
"andeq r1, r0, r1, lsl 6",1
"movweq r0, 0x510",1
bllo 0x2e00d8,1
"andseq r4, r3, 0x2c000",1
invalid,1
"mcreq p0, 0, r0, c3, c4, 1",1
bleq 0xed4598,1
"streq r1, [r2], -sb, asr 6",1
"ldrlo r0, [r2], -0",1
blo 0x3924bc,1
"stmdbmi fp, {r0, r1, r3, r8, sb, fp, ip, sp}",1
"andeq r0, sl, r3, lsl r2",1
"tsteq sp, r0, lsl 6",1
"cmpeq r2, r1, lsr r3",1
bleq 0x1613224,1
"movwne r0, 0x1b59",1
"ldreq r0, [r4, -0]",1
"andseq r3, r3, 0, 2",1
"strne r0, [r0, -6]",1
"smlabbeq r1, sb, r2, r8",1
"teqne r1, 0x40000004",1
"andeq r1, r0, r1, lsl 6",1
"orreq r8, r2, r6, lsl sl",1
"mrsls r0, r10_fiq",1
"andeq r0, r0, r2, asr 20",1
"orreq r8, r2, r7, lsl sb",1
"mrslo r1, apsr",1
"stmdane r0, {r0, r1, r4}",1
"movtne r0, 0x9026",1
"ldrlo r0, [sb], -0",1
blo 0x392510,1
"stmdbmi fp, {r0, r1, r3, r8, sb, fp, ip, sp}",1
invalid,1
bne 0x1194c,1
"ldceq p1, c0, [pc], -0xb8",1
bleq 0xe95130,1
invalid,1
"ldceq p3, c1, [ip], -0x124",1
"andeq r1, r0, r1, lsl 6",1
"stmdbmi r0, {r0, r1, r3, r4, r8, sl}",1
invalid,1
"ldceq p1, c0, [pc], -0xb8",1
bleq 0xe9514c,1
"stceq p5, c0, [r7], -0xec",1
"ldceq p3, c1, [ip], -0x124",1
"andeq r1, r0, r1, lsl 6",1
svclo 0x2e1d,1
blo 0x392584,1
"strhs r3, [fp, -fp, lsl 22]",1
invalid,1
"andeq r0, r0, ip",1
"strhs r1, [r1, -0x101]",1
"movweq r1, 0xb30e",1
invalid,1
"andne r1, r1, r1, lsl 4",1
"andeq r0, r0, 6",1
bleq 0x2d1a08,1
invalid,1
"strhs r0, [r3], -0",1
"vmlalo.f64 d0, d11, d0",1
"andeq r0, r8, fp, lsl 6",1
"andseq r0, r6, r0, lsl 8",1
bleq 0xe9519c,1
"movtne r0, 0x9b3b",1
svceq 0x50000,1
"andeq r0, fp, r0, lsl 22",1
"andeq r0, pc, r0, lsl 12",1
"movtne r0, 0x9b0b",1
"movwne r0, 0x7000",1
bleq 0x3925b0,1
bllo 0x2e01dc,1
"andseq r0, r3, fp, lsl 2",1
"andeq r0, sp, r0, lsl 16",1
bleq 0xe951c8,1
"movtne r0, 0x9b3b",1
"andeq r0, r0, r8, lsr sl",1
"movweq r0, 0xd09",1
bllo 0x2e0204,1
"ldmdalo r3, {r0, r2, r8, fp, lr}",1
beq 0x119fc,1
"mcreq p0, 0, r0, c3, c6, 0",1
bleq 0xed46c4,1
"mrseq r0, apsr",1
"tsteq r3, r1, lsl 18",1
invalid,1
"movtne r0, 0x9021",1
"andeq r0, r0, pc, lsr 22",1
"movweq r1, 0x60d",1
bllo 0x2e0230,1
"andseq r4, r3, r5, lsl 18",1
"eoreq r0, r6, r0, lsl 28",1
"andeq r1, r0, sb, asr 6",1
"andeq r2, r0, pc, lsl 12",1
invalid,1
bleq 0xe9463c,1
"movwne r0, 0x1b3b",1
invalid,1
invalid,1
"andne r0, r0, 0xd",1
"stmdaeq r3, {r3, r5}",1
"andeq r0, r0, ip, lsl sp",1
svclo 0x12e13,1
blo 0x392660,1
"strhs r3, [fp, -fp, lsl 22]",1
"andshs r4, r3, ip, lsl 18",1
invalid,1
"strne r0, [r0], -0x13",1
"cdpeq p0, 0, c0, c3, c5, 0",1
bleq 0xed4730,1
"andeq r1, r0, sb, asr 6",1
"andeq r1, r0, r5, lsl r8",1
invalid,1
"mcreq p12, 0, r0, c3, c15, 1",1
bleq 0xed4744,1
"movtne r0, 0x9c27",1
"movwne r0, 0x1b20",1
"cdphs p0, 1, c0, c7, c0, 0",1
blo 0x392670,1
"strhs r3, [fp, -fp, lsl 22]",1
"andshs r4, r3, ip, lsl 18",1
"andseq r0, r3, fp, lsl 2",1
"eorseq r1, r4, r0, lsl 16",1
bleq 0xe93a8c,1
"movtne r0, 0x9b3b",1
bleq 0x651a88,1
bne 0x11a90,1
"mcreq p0, 0, r0, c3, c4, 1",1
bleq 0xed477c,1
"andeq r1, r0, sb, asr 6",1
invalid,1
invalid,1
"ldceq p1, c0, [pc], -0xb8",1
bleq 0xe952b4,1
"stceq p5, c0, [r7], -0xec",1
"tsteq r1, sb, asr 6",1
invalid,1
"swpeq r4, r7, [ip]",1
"stcne p0, c0, [r0, -0x4c]",1
"mcreq p0, 0, r0, c3, c4, 1",1
"ldreq r0, [fp, -0xb3a]!",1
"streq r1, [r2], -sb, asr 6",1
"ldcne p0, c0, [lr, -0]",1
"andspl r3, r3, 0x40000000",1
"stmdapl r6, {r0, r8, sl, ip, lr}",1
"mrseq r5, apsr",1
svcne 0x13,1
"ldrbeq r0, [r5], -fp, lsl 2",1
"strtlo r0, [r0], -0",1
"andseq r3, r3, 0, 2",1
invalid,1
"tsteq r1, fp, lsl 2",1
"andeq r0, r0, r2, lsl r1",1
invalid,1
"andeq r0, sl, r3, lsl r2",1
"mrslo r2, r8_usr",1
"movwne r0, 0x1655",1
"stcne p0, c0, [r4, -0]!",1
"tstne r3, r1, lsl 2",1
"stmdapl r1, {r0, sb, ip}",1
"mrseq r5, apsr",1
"strhs r0, [r0, -0x13]",1
"teqne r1, 5",1
"andeq r0, r0, r2, lsl 12",1
"orreq r8, r2, r6, lsr 18",1
"mrslo r1, apsr",1
"smladhs r0, r3, r0, r0",1
"andeq r8, r1, sl, lsl 5",1
"addsmi r0, r1, 0x2000",1
"stmdahs r0, {r1, r3}",1
"smlabbeq r1, sb, r2, r8",1
"teqne r1, 0x40000004",1
"andeq r1, r0, r1, lsl 6",1
invalid,1
bhs 0x11b98,1
"teqne r1, 0x40000007",1
"usaxeq r0, r5, r2",1
bleq 0x16548b8,1
"andeq r1, r0, r1, lsl 6",1
invalid,1
invalid,1
invalid,1
"mcreq p0, 0, r0, c3, c4, 1",1
"ldreq r0, [fp, -0xb3a]!",1
"andeq r1, r0, sb, asr 6",1
"orreq r8, r2, sp, lsr 18",1
"mrslo r1, apsr",1
"mcrhs p0, 0, r0, c0, c3, 0",1
"mcreq p0, 0, r0, c3, c4, 1",1
bleq 0xed4870,1
beq 0x968b0,1
"strlo r0, [0x00011b90]!",1
"andseq r4, r3, r0, lsl 18",1
"eorseq r3, r4, r0",1
bleq 0xe953a8,1
"movtne r0, 0x9b3b",1
"ldceq p12, c0, [ip], -0xfc",1
"cdphs p0, 3, c0, c1, c0, 0",1
"movweq r3, 0xcf01",1
"stmdbmi ip, {r1, r2, r3, r8, sb, sl, sp}",1
invalid,1
"andseq r0, r3, ip, lsl 2",1
"andeq r3, r5, r0, lsl 4",1
"andeq r1, r0, sb, asr 6",1
svclo 0x12e33,1
blo 0x3927f8,1
"strhs r3, [r5, -fp, lsl 22]",1
invalid,1
"andseq r0, r3, ip, lsl 2",1
invalid,1
"mcreq p12, 0, r0, c3, c15, 1",1
bleq 0xed48c8,1
"strhs r4, [lr, -r7, lsl 1]",1
invalid,1
"andseq r0, r3, ip, lsl 2",1
invalid,1
"mcreq p12, 0, r0, c3, c15, 1",1
"ldreq r0, [fp, -0xb3a]!",1
"ldceq p12, c0, [ip], -0x9c",1
"andeq r1, r0, r1, lsl 6",1
svclo 0x12e36,1
blo 0x392838,1
"strhs r3, [r5, -fp, lsl 22]",1
invalid,1
"andeq r0, r0, ip",1
"strhs r1, [r1, -0x101]",1
"movweq r1, 0xb30e",1
invalid,1
"andne r1, r1, r1, lsl 4",1
"andeq r0, r0, 6",1
"mcreq p0, 0, r0, c3, c6, 0",1
bleq 0xed4918,1
"andeq r1, r0, sb, asr 6",1
bleq 0x1ac44,1
"movweq r3, 0xbe0b",1
"streq r0, [r0], -0xe",1
bleq 0x2d1cd4,1
"stmdaeq r3, {r1, r2, r3, r4, r5, r8, sb, fp}",1
svceq 0x50000,1
"andeq r0, fp, r0, lsl 22",1
"andeq r0, pc, r0, lsl 12",1
"movtne r0, 0x9b0b",1
"movwne r0, 0x7000",1
bleq 0x392864,1
bllo 0x2e0490,1
"andseq r0, r3, fp, lsl 2",1
"andeq r0, sp, r0, lsl 16",1
bleq 0xe9547c,1
"movtne r0, 0x9b3b",1
"andeq r0, r0, r8, lsr sl",1
"movweq r0, 0xd09",1
bllo 0x2e04b8,1
"ldmdalo r3, {r0, r2, r8, fp, lr}",1
beq 0x11cb0,1
"mcreq p0, 0, r0, c3, c6, 0",1
bleq 0xed4978,1
"mrseq r0, apsr",1
"tsteq r3, r1, lsl 18",1
invalid,1
"movtne r0, 0x9021",1
"andeq r0, r0, pc, lsr 22",1
svclo 0x12e0d,1
blo 0x3928dc,1
"strhs r3, [r5, -fp, lsl 22]",1
"tstne r3, ip, lsl 18",1
"andmi r1, r1, r1, lsl 4",1
"mcrreq p7, 0, sb, r2, c6",1
"andeq r1, r0, r1, lsl 6",1
"movweq r0, 0x50e",1
bllo 0x2e04e8,1
"andseq r4, r3, 0x2c000",1
svceq 6,1
"mcreq p0, 0, r0, c3, c4, 1",1
bleq 0xed49c0,1
"streq r1, [r2], -sb, asr 6",1
"ldrlo r0, [r0], -0",1
blo 0x2128e4,1
"stmdbmi fp, {r0, r1, r3, r8, sb, fp, ip, sp}",1
"andeq r0, r6, r3, lsl r2",1
"addhi r1, sb, 0, 2",1
"tsteq r1, r1, lsl 2",1
"movwne r1, 0x1331",1
bhi 0x491cfc,1
"andeq r0, r0, 0x80000020",1
beq 0x10b612c,1
invalid,1
"smlabbne r0, r2, r1, r0",1
"andseq r3, r3, r1, lsl 2",1
"addhi r1, sb, 0, 8",1
"tsteq r1, r1",1
"swplo r4, r5, [ip]",1
"strne r0, [r0, -0x13]",1
"mcreq p0, 0, r0, c3, c4, 1",1
bleq 0xed4a10,1
"ldceq p3, c1, [pc], -0x124",1
"andeq r0, r0, ip, lsr ip",1
svclo 0x12e16,1
blo 0x392968,1
"strhs r3, [r5, -fp, lsl 22]",1
invalid,1
"andseq r0, r3, ip, lsl 2",1
"andeq r1, r5, r0, lsl 14",1
"andeq r1, r0, sb, asr 6",1
svclo 0x12e18,1
blo 0x392984,1
"strhs r3, [fp, -fp, lsl 22]",1
invalid,1
"andseq r0, r3, ip, lsl 2",1
"eoreq r1, lr, r0, lsl 18",1
"mcreq p12, 0, r0, c3, c15, 1",1
bleq 0xed4a54,1
"movtne r0, 0x9c27",1
"andeq r0, r0, ip, lsr ip",1
svclo 0x12e1a,1
blo 0x3929ac,1
"strhi r3, [r5, -fp, lsl 22]",1
"stceq p14, c0, [r7], -0x100",1
"ldceq p3, c1, [ip], -0x124",1
invalid,1
"mcreq p1, 1, r0, c5, c1, 0",1
invalid,1
"tsteq r1, fp, lsl lr",1
"sadd16eq r0, r0, r2",1
"strne r0, [r2], -r0",1
blo 0x3929a4,1
"stmdbmi fp, {r0, r1, r3, r8, sb, fp, ip, sp}",1
"movweq r0, 0x13",1
bleq 0x2d1e40,1
invalid,1
"strhs r0, [r4], -0",1
"vmlalo.f64 d0, d11, d0",1
"andeq r0, r8, fp, lsl 6",1
"andeq r0, pc, r0, lsl 10",1
"andeq r0, r0, fp, lsl 22",1
bleq 0x159e4,1
"andseq r4, r3, fp, lsl 18",1
"tsteq r3, r0, lsl 14",1
bleq 0x2d55e4,1
bleq 0xed4ac4,1
"andeq r1, r0, r1, lsl 6",1
"movweq r0, 0xd08",1
bllo 0x2e0620,1
"ldmdalo r3, {r0, r1, r3, r8, fp, lr}",1
"stmdbeq r0, {r1, r3}",1
"cdpeq p0, 0, c0, c3, c13, 0",1
"ldreq r0, [fp, -0xb3a]!",1
beq 0xe16b20,1
"strne r0, [sl], -r0",1
blo 0x392a04,1
"andeq r3, fp, fp, lsl 22",1
invalid,1
"movwne r1, 0x1349",1
invalid,1
svchs 0x134900,1
"stceq p0, c0, [r0, -0x2c]",1
"cdpeq p1, 0, c0, c3, c14, 1",1
bleq 0xed4b0c,1
bleq 0x814ec4,1
"andeq r1, r0, r1, lsl 6",1
"movweq r0, 0x50e",1
bllo 0x2e0654,1
"andseq r4, r3, fp, lsl 18",1
invalid,1
"mcreq p12, 0, r0, c3, c15, 1",1
"ldreq r0, [fp, -0xb3a]!",1
"movtne r0, 0x9c27",1
"tsteq r2, r1, lsl r1",1
"addsmi r0, r7, 64, 12",1
"andseq r0, r3, ip, lsl 2",1
"andeq r1, r5, r0",1
bleq 0xe95668,1
"movtne r0, 0x9b3b",1
"andeq r0, r0, r2, lsl 12",1
invalid,1
"andne r1, r1, 0xc0000004",1
"stmdbpl fp, {r0, fp, ip, lr}",1
"andseq r0, r3, fp, lsl 2",1
"andeq r1, r5, r0, lsl 4",1
beq 0x96b40,1
invalid,1
"smlabbne r1, r2, r1, r0",1
"andseq r3, r3, r1, lsl 2",1
"addhi r1, sl, 0, 8",1
beq 0x91e94,1
"muleq sl, r1, r2",1
"addhi r1, sb, 0, 10",1
"tsteq r1, r1, lsl 2",1
"movwne r1, 0x1331",1
invalid,1
"smlabbne r1, r2, r1, r0",1
"mcrreq p5, 0, sb, r2, c1",1
"andeq r1, r0, r1, lsr r3",1
"movweq r3, 0x417",1
bllo 0x2e06f0,1
svclo 0x13490b,1
"andeq r3, ip, ip, lsl 24",1
invalid,1
"mcreq p12, 0, r0, c3, c15, 1",1
"ldreq r0, [fp, -0xb3a]!",1
"movtne r0, 0x9c27",1
"movwne r0, 0x1c3c",1
"ldreq r0, [sb, -0]",1
"andseq r4, r3, r0, lsl 18",1
invalid,1
"mcreq p12, 0, r0, c3, c15, 1",1
bleq 0xed4bd0,1
"movtne r0, 0x9c27",1
"movwne r0, 0x1c3c",1
"cdphs p0, 1, c0, c11, c0, 0",1
"movweq r3, 0xcf01",1
bllo 0x2e0734,1
"stmdbmi ip, {r0, r1, r3, r8, sb, sl, sp}",1
"andeq r3, ip, r3, lsl ip",1
"mrsne r0, apsr",1
"movwne r2, 0xe501",1
blne 0x392b3c,1
"andne r1, r1, 0x80000003",1
"andeq r1, r6, r1",1
"eoreq r0, r4, r0, lsl 4",1
bleq 0xf94b4c,1
"andeq r0, r0, r3, lsl 28",1
"movweq r1, 0x603",1
bllo 0x2e0764,1
"andseq r4, r3, fp, lsl 18",1
"eoreq r0, r4, r0, lsl 8",1
bleq 0xf94b64,1
"andeq r0, r0, r3, lsl 16",1
bleq 0x15b54,1
"streq r0, [r0], -fp",1
bleq 0x2d1f84,1
"andeq r1, r0, sb, asr 6",1
"movweq r1, 0x1307",1
blo 0x2d4b8c,1
invalid,1
"stmdaeq r0, {r0, r1, r4}",1
"cdpeq p0, 0, c0, c3, c13, 0",1
bleq 0xed4c4c,1
beq 0xe16c8c,1
"stceq p0, c0, [sb, -0]",1
blo 0x392b70,1
"stmdbmi r5, {r0, r1, r3, r8, sb, fp, ip, sp}",1
"andeq r3, sl, r3, lsl r8",1
"andseq r0, r6, r0, lsl 20",1
bleq 0xe9578c,1
"andeq r0, r0, fp, lsr fp",1
"stmdbmi r1, {r0, r1, r3, r8}",1
"andseq r0, r3, r3, lsl r1",1
"eoreq r0, r1, r0, lsl 24",1
bleq 0xbd6cb8,1
"cdphs p0, 0, c0, c13, c0, 0",1
"movweq r3, 0xcf01",1
bllo 0x2e07d8,1
"stmdbmi ip, {r0, r2, r8, sb, sl, sp}",1
"andne r1, r1, 0xc0000004",1
"strls r4, [r6, -r1]",1
"movwne r0, 0x1c42",1
"streq r0, [lr, -0]",1
blo 0x212bb8,1
"stmdbmi fp, {r0, r1, r3, r8, sb, fp, ip, sp}",1
"andeq r0, r6, r3, lsl r2",1
"andeq r0, r5, r0, lsl 30",1
bleq 0xe957d4,1
"movtne r0, 0x9b3b",1
"andeq r0, r0, r2, lsl 12",1
"movweq r0, 0x510",1
bllo 0x2e0810,1
"andseq r4, r3, 0x2c000",1
invalid,1
"ldrbeq r0, [r5], -fp, lsl 2",1
"andeq r1, r0, r1, lsl 6",1
"movweq r3, 0x412",1
bllo 0x2e0810,1
"andseq r4, r3, 0x2c000",1
"movwne r0, 6",1
"smlabbeq r1, sb, r2, r8",1
"teqne r1, 0x40000004",1
"andeq r1, r0, r1, lsl 6",1
"orreq r8, r2, r4, lsl sl",1
"mrsls r0, r10_fiq",1
"andeq r0, r0, r2, asr 20",1
"orreq r8, r2, r5, lsl sb",1
"mrslo r1, apsr",1
invalid,1
"smlabbeq r1, sb, r2, r8",1
"addsmi r0, r5, 0x40000004",1
"andseq r3, r3, ip, lsl 2",1
"eorseq r1, r4, r0, lsl 14",1
bleq 0xe9583c,1
"movtne r0, 0x9b3b",1
"ldceq p12, c0, [ip], -0xfc",1
"cdphs p0, 1, c0, c8, c0, 0",1
"movweq r3, 0xcf01",1
bllo 0x2e087c,1
"stmdbmi ip, {r0, r2, r8, sb, sl, sp}",1
invalid,1
"stmdbne r0, {r0, r1, r4}",1
"movtne r0, 0x9005",1
"cdphs p0, 1, c0, c10, c0, 0",1
"movweq r3, 0xcf01",1
bllo 0x2e0898,1
"cdpeq p7, 4, c8, c0, c5, 0",1
"movtne r0, 0x9c27",1
"movwne r0, 0x1c3c",1
"cdphs p0, 1, c0, c11, c0, 0",1
"movweq r3, 0xcf01",1
bllo 0x2e08b0,1
"cdpeq p7, 4, c8, c0, c5, 0",1
"movtne r0, 0x9c27",1
"andeq r0, r0, ip, lsr ip",1
"andseq r0, r1, r0, lsl 2",1
"tsteq r1, r0, lsl r6",1
"stmdaeq r3, {r1, r4, r8}",1
"stmdaeq r5!, {r0, r1, r3, r4, fp}",1
"andeq r0, r0, r3, lsl r5",1
"andseq r0, r1, r0, lsl 2",1
"tsteq r1, r0, lsl r6",1
"stmdaeq r3, {r1, r4, r8}",1
"stmdaeq r5!, {r0, r1, r3, r4, fp}",1
"andeq r0, r0, r3, lsl r5",1
"tsteq r1, r0, lsl 2",1
bleq 0x4d5948,1
"cdpeq p14, 1, c0, c11, c3, 0",1
"tsteq r2, r1, lsl r1",1
"andeq r0, r0, r0, lsl r6",1
bleq 0x1b0cc,1
"movweq r3, 0xbe0b",1
"movweq r0, 8",1
"mcreq p0, 0, r0, c3, c6, 0",1
bleq 0xed4dbc,1
"andeq r1, r0, sb, asr 6",1
bleq 0x1b0ec,1
"movweq r3, 0xbe0b",1
"streq r0, [r0, -0xe]",1
"ldceq p1, c0, [pc], -0xb8",1
bleq 0xe958f8,1
invalid,1
"tsteq r2, r1, lsl r1",1
"addsmi r0, r7, 64, 12",1
"andseq r0, r3, ip, lsl 2",1
"andeq r0, r5, r0, lsl 12",1
bleq 0xe95910,1
"movtne r0, 0x9b3b",1
"andeq r0, r0, r2, lsl 12",1
"movweq r3, 0x407",1
bllo 0x2e094c,1
"andseq r4, r3, fp, lsl 18",1
"mrseq r0, apsr",1
"movwne r0, 0x1655",1
"strlo r0, [sb], -0",1
blo 0x212d28,1
"stmdbmi fp, {r0, r1, r3, r8, sb, fp, ip, sp}",1
"andeq r0, r6, r3, lsl r2",1
"addhi r0, sb, 0, 20",1
"tsteq r1, r1, lsl 2",1
bhi 0x2d213c,1
"andeq r0, r0, 0x80000020",1
beq 0x10b656c,1
invalid,1
"smlabbne r0, r2, r1, r0",1
"andseq r3, r3, r1, lsl 2",1
"andeq r0, pc, r0, lsl 26",1
"movtne r0, 0x9b0b",1
"strhs r0, [lr], -r0",1
"andseq r4, r3, r0, lsl 18",1
"eoreq r0, lr, r0, lsl 30",1
"mcreq p12, 0, r0, c3, c15, 1",1
bleq 0xed4e54,1
"tsteq r1, r7, lsr 24",1
beq 0x10125bc,1
"muleq ip, r7, r2",1
"mrseq r1, apsr",1
"movwne r1, 0x1349",1
"tsths r1, r0",1
"andne r0, r0, 0",1
"stceq p1, c0, [r7], -0x54",1
"andeq r1, r0, r1, lsl 6",1
"stmdbmi r0, {r0, r1, r4, r8, sl}",1
"strne r0, [r0], -0x13",1
"mcreq p0, 0, r0, c3, c4, 1",1
bleq 0xed4e88,1
"ldceq p3, c1, [pc], -0x124",1
"andeq r0, r0, ip, lsr ip",1
svclo 0x2e15,1
blo 0x392de0,1
"strhs r3, [fp, -fp, lsl 22]",1
"andeq r3, ip, ip, lsl 24",1
"mrsne r0, apsr",1
"movwne r2, 0xe501",1
blne 0x392df0,1
"andne r1, r1, 0x80000003",1
"andeq r1, r6, r1",1
"eoreq r0, r4, r0, lsl 4",1
bleq 0xf94e00,1
"andeq r0, r0, r3, lsl 16",1
bleq 0x1b1e8,1
"movweq r3, 0xbe0b",1
"streq r0, [r0], -0xe",1
bleq 0x2d2224,1
"strne r0, [r5, -0]",1
"andeq r2, ip, r0, lsl 14",1
"andeq r0, pc, r0, lsl 12",1
"movtne r0, 0x9b0b",1
"cdphs p0, 0, c0, c7, c0, 0",1
"movweq r3, 0xcf01",1
bllo 0x2e0a3c,1
"stmdbmi ip, {r0, r1, r3, r8, sb, sl, sp}",1
"andne r1, r1, 0xc0000004",1
"strls r4, [sl, -r1]",1
"movwne r0, 0x1c42",1
"streq r0, [r8, -0]",1
blo 0x392e1c,1
"stmdbmi fp, {r0, r1, r3, r8, sb, fp, ip, sp}",1
"andeq r0, r6, r3, lsl r2",1
"addhi r0, sb, 0, 18",1
"tsteq r1, r1, lsl 2",1
"swplo r4, r5, [ip]",1
beq 0x12280,1
"andeq r8, r1, sl, lsl 5",1
"addsmi r0, r1, 0x2000",1
bleq 0x12268,1
"mcreq p0, 0, r0, c3, c4, 1",1
bleq 0xed4f30,1
"ldceq p3, c1, [pc], -0x124",1
"andeq r0, r0, ip, lsr ip",1
svclo 0x12e0c,1
blo 0x392e88,1
"strhs r3, [fp, -fp, lsl 22]",1
invalid,1
"andseq r0, r3, ip, lsl 2",1
"andeq r0, r5, r0, lsl 26",1
"andeq r1, r0, sb, asr 6",1
"strhs r1, [r1, -lr, lsl 10]",1
"andeq r0, r0, ip",1
"andne r1, r0, r1, lsl 2",1
"movweq r5, 0x6506",1
"strhs r1, [r8, -0xb08]",1
"andeq r1, r5, r8, lsl 6",1
"subseq r0, fp, r0",1
"andeq r0, r2, r0",1
"andeq r0, r0, r3, lsr r0",1
"cdpeq p1, 0xf, c0, c11, c2, 0",1
"mrseq r0, apsr",1
"andeq r0, r0, r1, lsl 2",1
"andeq r0, r0, r0, lsl 2",1
svchs 0x2e2e01,1
"ldrbtvc r6, [r2], -0xf70",1
"ldmdbvc r3!, {r0, r1, r4, r5, r6, r8, sb, sl, fp, sp} ^",1
"rsbvc r6, r5, r3, ror r4",1
"rsbvc r2, r1, 0x1cc",1
"movwvc r0, 0x6d",1
"ldrbtvc r6, [r2], -0x174",1
invalid,1
"andeq r0, r0, r0",1
"orrls r0, r0, 0x50000000",1
"cdpgt p0, 0, c0, c3, c0, 0",1
invalid,1
"teqeq r1, 0xc000000b",1
"teqlo r1, r7, lsl lr",1
"teqeq r2, 0xf0000002",1
svchs 0x342e71,1
invalid,1
"andeq r2, r0, r1, lsl 6",1
"stcne p2, c0, [r0, -0]",1
"andeq r0, r0, 0",1
"vstreq d15, [lr, -4]",1
"mrseq r0, apsr",1
"andeq r0, r0, r1",1
invalid,1
"stmdbvs lr!, {r8, fp, sp, lr} ^",1
"rsbeq r2, r3, r4, ror lr",1
"andeq r0, r0, r0",1
"andeq r0, r0, lr, rrx",1
"eorseq r0, r2, r2",1
invalid,1
"strdeq r0, r1, [sp], -fp",1
"mrseq r0, apsr",1
invalid,1
"cdphs p0, 0, c0, c1, c0, 0",1
svcvs 0x702f2e,1
svchs 0x737472,1
"ldrbtvs r7, [r3], -0x973",1
svchs 0x737065,1
"rsbeq r7, sp, r1, ror 4",1
"ldrbtvc r6, [r2], -0x300",1
"subseq r2, r3, sb, ror 28",1
"andeq r0, r0, r1",1
invalid,1
"movweq r0, 0x93",1
"eorlo r0, pc, sp, lsr r1",1
svchs 0x2f2f2f,1
invalid,1
"andeq r0, r5, 1",1
"strheq r8, [r0], -r8",1
invalid,1
"andeq r0, r2, r0, lsr r2",1
"streq r0, [r0, -0x101]",1
"sbceq ip, fp, r2, lsl 16",1
"sbcseq r0, ip, r0, lsl 6",1
"andeq r0, r2, r1, lsl 4",1
"ldreq r0, [ip, 0x101]!",1
"andeq r0, r2, r0",1
"andeq r0, r0, r4, lsl 4",1
"cdpeq p1, 0xf, c0, c11, c2, 0",1
"mrseq r0, apsr",1
"andeq r0, r0, r1, lsl 2",1
"andeq r0, r0, r0, lsl 2",1
"cmnvs r2, 0x4000000",1
"cmnvc r5, 0, 30",1
"mcrvs p15, 3, r2, c9, c2, 3",1
"ldrbtvs r6, [r5], -0xc63",1
"ldmdbvc r3!, {r0, r2, r5, r6, r8, sb, sl, fp, sp} ^",1
svchs 0x2e0073,1
"rsbeq r6, r2, ip, ror 18",1
"rsbsvc r7, r3, 0xbc00000",1
invalid,1
"strbvs r7, [r4, -0x56c]!",1
"strbtvc r6, [sb], -0x22f",1
"strvc r0, [0x00012355]!",1
"stmdbvs pc!, {r0, r1, r4, r5, r6, sb, ip, sp, lr}",1
"strbvc r6, [ip, -0x36e]!",1
svchs 0x6564,1
svchs 0x727375,1
svchs 0x62696c,1
svchs 0x636367,1
"stclhs p2, c7, [sp, -0x184]!",1
"stmdbvc fp!, {r4, r5, r6, r8, sb, sl, fp, sp, lr} ^",1
"cdpvs p12, 6, c6, c9, c13, 1",1
invalid,1
invalid,1
"strtlo r6, [pc], -0x962",1
"eorlo r3, lr, 0xb80000",1
invalid,1
"strbvs r7, [r4, -0x56c]!",1
"ldrbvc r0, [r0, -r0]!",1
"rsbeq r2, r3, r4, ror 28",1
"movwvc r0, 1",1
"mrchs p1, 3, r6, c4, c4, 3",1
"andeq r0, r2, r8, rrx",1
"cmnvc sb, 0, 6",1
"mcrhs p5, 3, r6, c13, c4, 3",1
"andeq r0, r1, r8, rrx",1
"stclvs p8, c7, [r1], -0",1
"cdphs p15, 6, c6, c3, c12, 3",1
"andeq r0, r3, r8, rrx",1
"rsbsvc r7, r4, 0, 6",1
invalid,1
"streq r6, [r0], -0x82e",1
"ldrbtvc r0, [r3], -0",1
"rsblo r6, pc, 100, 18",1
"streq r6, [r0], -0x82e",1
invalid,1
"mrchs p5, 3, r6, c3, c0, 3",1
"andeq r0, r4, r8, rrx",1
"strbtvc r6, [r5], -0x700",1
"cdphs p0, 7, c7, c4, c15, 3",1
"andeq r0, r5, r8, rrx",1
"ldrbtvs r7, [r4], -0x300",1
"cdphs p5, 6, c6, c6, c4, 3",1
"andeq r0, r6, r8, rrx",1
"ldrbtvs r7, [r4], -0x300",1
"stmdavs lr!, {r0, r3, r5, r6, r8, sb, sl, fp, sp, lr}",1
"andeq r0, r0, r0, lsl 10",1
"stmdbvs r2!, {r2, r3, r5, r6, r8, fp, sp, lr} ^",1
"rsbeq r2, r8, pc, ror 28",1
"strvc r0, [r0], -5",1
invalid,1
"andeq r6, r0, 0x2e0000",1
invalid,1
"stmdavs lr!, {r0, r2, r3, r5, r6, r8, sl, sp, lr}",1
"andeq r0, r0, r0, lsl 10",1
"strbtvc r7, [r1], -0x473",1
"streq r6, [r0], -0x82e",1
invalid,1
"strbtvc r6, [lr], -0x572",1
"streq r6, [r0], -0x82e",1
"strbvs r0, [r4, -0]!",1
"mcrvs p13, 3, r2, c9, c6, 3",1
"rsbeq r2, r8, pc, ror 28",1
"strvc r0, [r0], -r3",1
"ldmdbvs r3!, {r0, r2, r5, r6, sb, ip, sp, lr} ^",1
"stmdavs lr!, {r0, r1, r2, r3, r5, r6, sb, sl, fp, sp, lr}",1
"andeq r0, r0, r0, lsl 2",1
"strbtvc r7, [sb], -0x865",1
"stclvs p1, c6, [sb], -0x198",1
"movweq r6, 0x82e",1
"rsbsvc r0, r0, 0",1
invalid,1
"stmdavs lr!, {r0, r2, r3, r5, r6, r8, sl, sp, lr}",1
"andeq r0, r0, r0, lsl 6",1
"ldrbvs r6, [r2, -0x964]!",1
"stmdavs lr!, {r1, r2, r3, r5, r6, sl, ip, sp, lr}",1
"andeq r0, r0, r0, lsl 10",1
"ldmdbvs r2!, {r0, r1, r4, r5, r6, sl, ip, sp, lr} ^",1
"stmdavs lr!, {r1, r2, r3, r5, r6, r8, sb, sl, sp, lr}",1
"andeq r0, r0, r0, lsl 10",1
invalid,1
"stmdavs lr!, {r2, r4, r5, r6, sl, sp, lr}",1
"andeq r0, r0, r0, lsl 10",1
"stmdbvs r2!, {r2, r3, r5, r6, r8, fp, sp, lr} ^",1
"cdphs p4, 6, c7, c12, c14, 3",1
"andeq r0, r5, r8, rrx",1
svcvs 0x757100,1
"stmdavs lr!, {r2, r4, r5, r6, r8, sl, sp, lr}",1
"andeq r0, r0, r0, lsl 6",1
"stclvs p4, c7, [r4], -0x1cc",1
"stmdavs lr!, {r0, r3, r5, r6, sb, sp, lr}",1
"andeq r0, r0, r0, lsl 10",1
svcvs 0x727265,1
"rsbeq r2, r8, r2, ror lr",1
"andvc r0, r0, 3",1
"ldclhs p15, c6, [r4, -0x1bc]!",1
"ldclhs p5, c6, [r6, -0x190]!",1
"cdphs p14, 6, c6, c15, c9, 3",1
"andeq r0, r3, r8, rrx",1
invalid,1
"cdphs p12, 6, c6, c5, c1, 3",1
"andeq r0, r5, r8, rrx",1
"rsbvc r6, sb, 0, 8",1
"strbvs r6, [sp, -0x16e]!",1
"movweq r6, 0x82e",1
"ldrbvs r0, [r6, -0]!",1
svcvs 0x697372,1
"strbtvc r2, [r5], -0xd6e",1
"rsbeq r2, r8, r3, ror 28",1
"strvs r0, [r0, -3]",1
svcvs 0x6e7272,1
"streq r6, [r0], -0x82e",1
"ldrbvs r0, [r8, -r0]!",1
"strbvc r7, [r3, -r5, ror 8]!",1
"rsbeq r2, r8, r4, ror 28",1
"andeq r0, r0, r3",1
"strlt r0, [r2], -0x500",1
"movweq r0, 0x94",1
bmi 0x52fbc,1
"andeq r4, r4, 0xc40",1
"strvs fp, [r1], -r3, lsl 16",1
invalid,1
invalid,1
"andshi r0, r0, 0x28000001",1
"mrseq r0, r12_usr",1
"movweq sp, 0x6606",1
blmi 0xffcb23cc,1
bmi 0x4c9c8,1
bmi 0x1ff91cc,1
"andeq fp, r4, 0x4b0",1
"andhi sl, r2, 3, 26",1
"movwle r0, 0x3104",1
invalid,1
"movweq pc, 0x4209",1
bmi 0x4a9e4,1
bmi 0x1c13308,1
"cdplt p1, 0, c0, c3, c4, 0",1
"teqeq r0, 0x7f00000",1
"stmeq r3!, {r1, r3, sb, sl, fp, ip, pc}",1
svcvc 0x880322,1
"strvs r2, [sp, -r2, lsl 31]!",1
invalid,1
"strteq r0, [fp], -0x104",1
"streq r4, [r4], 0xd04",1
"streq r6, [r4], -0x701",1
invalid,1
"streq r2, [r4, -0xf2c]",1
"strbteq r4, [r6], -0x603",1
bmi 0xf13214,1
invalid,1
"movweq r0, 0x544b",1
"strteq r7, [lr], -0xfbd",1
invalid,1
"ldrteq r3, [lr], 0x382",1
svcvc 0x840304,1
"movweq r0, 0x149e",1
"strteq r0, [lr], -0xfc",1
svcvc 0x840304,1
invalid,1
"strbeq r1, [sl], -0x603",1
"cdphs p3, 6, c0, c10, c4, 0",1
"strne r0, [r3], -r4, lsl 2",1
"orreq r0, r8, lr, lsr 6",1
"cdpvc p3, 0xf, c0, c5, c14, 1",1
"orreq r0, fp, lr, lsr 6",1
"movweq r0, 0x542e",1
"strteq r7, [lr], -0xeaa",1
"sbcseq r0, r1, r1, lsl 6",1
"movweq r0, 0x5466",1
"strteq r7, [lr], -0xfaf",1
"sbceq r0, lr, r1, lsl 6",1
svcle 0x34f2e,1
svcmi 0xda4a00,1
"cdpne p3, 0, c0, c3, c4, 0",1
"cdpeq p0, 0, c2, c3, c8, 0",1
"strbeq r6, [fp], -0x566",1
svcvc 0xa10301,1
bmi 0x1d933ac,1
"eorlo r0, lr, 0x3000",1
"movweq r0, 0x244b",1
"strbeq r0, [sl], -0x28f",1
"ldclvc p3, c0, [sp, 4]!",1
bne 0xe64a0,1
"movweq r0, 0x4466",1
"streq r7, [r2], 0xefe",1
"orreq r0, r2, r1, lsl 6",1
"movweq r0, 0x442e",1
"strthi r7, [lr], -0xefe",1
"strne r0, [r3], -r4, lsl 2",1
"movweq r0, 0x444a",1
invalid,1
invalid,1
invalid,1
invalid,1
"strteq r0, [lr], -0x18b",1
"cdpvc p3, 0xa, c0, c10, c5, 0",1
"movweq r0, 0x142e",1
"strbteq r0, [r6], -0xd1",1
svcvc 0xaf0305,1
"movweq r0, 0x142e",1
svcmi 0x2e00ce,1
bmi 0x4b6f0,1
"ldrbteq r4, [r2], 3",1
svcvc 0xbf0304,1
"movweq r0, 0x149e",1
"strteq r0, [lr], -0xc1",1
svcvc 0xbf0304,1
invalid,1
"strbeq r1, [sl], -0x603",1
"cdphs p3, 6, c0, c10, c4, 0",1
"strne r0, [r3], -r4, lsl 2",1
"orreq r0, r8, lr, lsr 6",1
"cdpvc p3, 0xf, c0, c5, c14, 1",1
"orreq r0, fp, lr, lsr 6",1
"movweq r0, 0x542e",1
"strteq r7, [lr], -0xeaa",1
"sbcseq r0, r1, r1, lsl 6",1
"movweq r0, 0x5466",1
"strteq r7, [lr], -0xfaf",1
"sbceq r0, lr, r1, lsl 6",1
"strhs r4, [r3], -0xf2e",1
"streq lr, [r4], -0xe4a",1
"ldrteq r4, [sl], 0x303",1
"cdphs p3, 3, c0, c13, c1, 0",1
"movwmi r0, 0x3404",1
invalid,1
"strbeq r1, [sl], -0x603",1
"cdphs p3, 6, c0, c10, c4, 0",1
"strne r0, [r3], -r4, lsl 2",1
"orreq r0, r8, lr, lsr 6",1
"cdpvc p3, 0xf, c0, c5, c14, 1",1
"orreq r0, fp, lr, lsr 6",1
"movweq r0, 0x542e",1
"strteq r7, [lr], -0xeaa",1
"sbcseq r0, r1, r1, lsl 6",1
"movweq r0, 0x5466",1
"strteq r7, [lr], -0xfaf",1
"sbceq r0, lr, r1, lsl 6",1
"andhs r6, r3, lr, lsr 22",1
"andeq sp, r4, 0x128000",1
"strvs sb, [r2], -r3, lsl 30",1
"mrs r0, apsr",1
"andeq r4, r4, 0x7d000",1
"cdphs p15, 0, c9, c2, c3, 0",1
"mrs r0, apsr",1
"mcrvc p14, 2, r2, c6, c13, 3",1
"stmdami r3, {r2, sl}",1
"movweq r0, 0x14d6",1
"streq r2, [r4], -0xe38",1
"strthi r4, [lr], -0x803",1
"strne r0, [r3], -r4, lsl 2",1
"movweq r0, 0x444a",1
invalid,1
invalid,1
invalid,1
invalid,1
"strteq r0, [lr], -0x18b",1
"cdpvc p3, 0xa, c0, c10, c5, 0",1
"movweq r0, 0x142e",1
"strbteq r0, [r6], -0xd1",1
svcvc 0xaf0305,1
"movweq r0, 0x142e",1
svcmi 0x2e00ce,1
"movteq r1, 0xab03",1
"rscsge r0, r2, r0, lsl 3",1
bmi 0x1fc93f0,1
"ldmvs r2!, {r0, r1, sb, sl, sp, lr} ^",1
"ldrteq r0, [r1], -0x404",1
"streq r2, [r4], -0xb01",1
invalid,1
"stchs p4, c0, [r4, -0x19c]",1
"stmdami r3, {r2, r8, sl}",1
"movweq r0, 0x142e",1
"streq r2, [r4, -0xe3a]",1
"strbteq r4, [r6], -0x603",1
"cdphs p3, 3, c0, c12, c1, 0",1
invalid,1
"strbteq r0, [r6], -0x903",1
bmi 0x1b13428,1
blge 0xd2c2c,1
"strgt r2, [r8], -0xe01",1
"rsbseq sl, lr, 0x30000000",1
"ldchs p1, c0, [r3, -0xc8]",1
"movweq r0, 0x342f",1
"strteq r0, [lr], -0x49b",1
"ldcvc p3, c0, [r2], {6}",1
"movweq r0, 0x34ba",1
"strteq r0, [lr], -0x3ee",1
"ldcvc p3, c0, [r2], {6}",1
"movweq r0, 0x142e",1
"andvc r8, r3, 0x50000006",1
"movweq r0, 0x644a",1
invalid,1
"stchs p1, c5, [lr, -0xc]!",1
"andlo r0, r3, r4, lsl 12",1
"movweq r0, 0x142e",1
"mrclt p6, 5, r6, c14, c1, 2",1
invalid,1
"streq r2, [r2], 0x503",1
"cdphs p3, 5, c0, c11, c1, 0",1
"strhs r0, [r3, -0x604]",1
"movweq r0, 0x342e",1
"strbeq r0, [sl], -0x3d2",1
"stcvc p3, c0, [lr], 0x18",1
"movweq r0, 0x3482",1
"strteq r0, [lr], -0x3d2",1
"stcvc p3, c0, [lr], 0x18",1
"movweq r0, 0x342e",1
invalid,1
"ldrbeq r0, [r6], 0xa03",1
"stcvc p3, c0, [r0], 0x18",1
"movweq r0, 0x34d6",1
"strteq r0, [lr], -0x3e0",1
"stcvc p3, c0, [r0], 0x18",1
"movweq r0, 0x342e",1
"strbteq r0, [r6], -0x3dc",1
"stcvc p3, c0, [r4], 0x18",1
"movweq r0, 0x34d6",1
"strteq r0, [lr], -0x3dc",1
"stcvc p3, c0, [r4], 0x18",1
"eoreq r0, r8, lr, lsr 4",1
"streq r0, [r0, -0x101]",1
"addseq ip, r0, r2",1
"sbceq r0, r4, 0, 6",1
invalid,1
svchs 0x312b4d,1
"cdpmi p7, 4, c6, c12, c7, 3",1
invalid,1
"orrseq r0, lr, 0xc00",1
"cmneq r4, 0x750000",1
"strvc r8, [r3, -0x20e]",1
"movteq r4, 0xdd4a",1
"orreq r4, r5, 0x9000",1
"vmlsle.f32 s9, s28, s2",1
"orreq r8, r3, 0x29000000",1
invalid,1
bmi 0x2935bc,1
"strbeq r6, [sl], -0x603",1
"sbcseq r0, lr, r2, lsl 6",1
invalid,1
"rsbshi pc, lr, 0xc00000",1
blhi 0xd3124,1
invalid,1
"rsbshi pc, lr, 0xc00000",1
"str r3, [r8], -0x403",1
"stclvc p3, c0, [r1, 0x12c]!",1
"eorlo r4, sl, 0x4a0",1
svchs 0x2d4b30,1
invalid,1
blmi 0xb933c4,1
bmi 0x1f85944,1
"eoreq r0, r8, fp, asr 4",1
"eoreq r0, sl, r1, lsl 2",1
"andeq r0, r2, r0",1
"andeq r0, r0, r4, lsr 32",1
"cdpeq p1, 0xf, c0, c11, c2, 0",1
"mrseq r0, apsr",1
"andeq r0, r0, r1, lsl 2",1
"andeq r0, r0, r0, lsl 2",1
"cmnvs r2, 0x4000000",1
"ldrbvs r0, [r6, -0]!",1
svcvs 0x697372,1
"rsbeq r2, r3, lr, ror 28",1
"andeq r0, r0, r1",1
"andeq r0, r0, sl, lsr r1",1
invalid,1
invalid,1
"strdeq r0, r1, [sp], -fp",1
"mrseq r0, apsr",1
invalid,1
invalid,1
svchs 0x6269,1
svchs 0x727375,1
svchs 0x62696c,1
svchs 0x636367,1
"stclhs p2, c7, [sp, -0x184]!",1
"stmdbvc fp!, {r4, r5, r6, r8, sb, sl, fp, sp, lr} ^",1
"cdpvs p12, 6, c6, c9, c13, 1",1
invalid,1
invalid,1
"strtlo r6, [pc], -0x962",1
"eorlo r3, lr, 0xb80000",1
invalid,1
"strbvs r7, [r4, -0x56c]!",1
"cmnvc r5, 0, 30",1
"mcrvs p15, 3, r2, c9, c2, 3",1
"ldrbtvs r6, [r5], -0xc63",1
"stmdbvs r2!, {r0, r2, r5, r6, r8, sb, sl, fp, sp} ^",1
svchs 0x7374,1
svchs 0x727375,1
"stclvs p14, c6, [r3], -0x1a4",1
"rsbeq r6, r5, r5, ror r4",1
svcvs 0x6c6300,1
"strbvc r6, [0x00012471]!",1
"rsbeq r2, r3, r4, ror lr",1
"movwvc r0, 1",1
"strbvs r6, [r4, -0x474]!",1
"rsbeq r2, r8, r6, ror 28",1
"strvc r0, [r0], -2",1
invalid,1
"movweq r6, 0x82e",1
"ldrbtvc r0, [r3], -0",1
"cdphs p9, 6, c6, c15, c4, 3",1
"andeq r0, r4, r8, rrx",1
"rsbvs r6, sb, 0, 24",1
"stmdavs lr!, {r0, r3, r5, r6, r8, sb, sl, fp, sp, lr}",1
"andeq r0, r0, r0, lsl 8",1
"strbtvc r7, [sb], -0x865",1
"stclvs p1, c6, [sb], -0x198",1
invalid,1
invalid,1
"strbtvc r6, [lr], -0x962",1
"rsbeq r2, r8, ip, ror 28",1
invalid,1
"ldrbvs r6, [r4, -0xf75]!",1
"cdphs p2, 6, c7, c7, c1, 3",1
"andeq r0, r1, r8, rrx",1
svcvs 0x6c6300,1
invalid,1
invalid,1
"rsbeq r2, r8, sp, ror 28",1
"strvs r0, [r0, -1]",1
svcvs 0x6e7272,1
"movweq r6, 0x82e",1
"rsbvc r0, r5, 0",1
"mrchs p15, 3, r6, c2, c2, 3",1
"andeq r0, r1, r8, rrx",1
"stmdbvs lr!, {r8, sl, ip, sp, lr} ^",1
"mcrhs p4, 3, r7, c4, c3, 3",1
"andeq r0, r4, r8, rrx",1
"streq r0, [r0, -0]",1
"addseq pc, sp, r2, lsl 16",1
invalid,1
"eorhi r0, r4, 0x4c000000",1
"andshi r0, ip, 0x4c000000",1
invalid,1
"mrseq r0, r12_usr",1
"movweq r8, 0x6206",1
"moveq r8, 12, 4",1
"vstrhs s8, [r3, 0x1d0]",1
"stmdbeq r3, {r0, r1, r2, r3, r5, r8, sb, fp, lr}",1
bvc 0xe1ac4,1
"andseq r0, lr, r6, ror 4",1
"adcseq r0, sp, r1, lsl 2",1
"andeq r0, r2, r0",1
"andeq r0, r0, r1, lsl 1",1
"cdpeq p1, 0xf, c0, c11, c2, 0",1
"mrseq r0, apsr",1
"andeq r0, r0, r1, lsl 2",1
"andeq r0, r0, r0, lsl 2",1
"rsbvs r6, sb, 0x100",1
"cmnvc r5, 0, 30",1
"stmdbvs ip!, {r1, r4, r5, r6, r8, sb, sl, fp, sp} ^",1
invalid,1
"rsbvc r2, r1, 0x18c",1
svcvs 0x702d6d,1
"stcvs p9, c7, [sp], -0x1ac",1
"ldmdavc r5!, {r0, r3, r5, r6, sb, sl, fp, sp, lr} ^",1
"strbvc r6, [lr, -0x72d]!",1
"stmdbvs r2!, {r0, r2, r5, r6, r8, sp, lr} ^",1
"strlo r3, [lr, -pc, lsr 8]!",1
"stmdbvs pc!, {r1, r2, r3, r5, sb, ip, sp}",1
"strbvc r6, [ip, -0x36e]!",1
svchs 0x6564,1
svchs 0x727375,1
"stclvs p14, c6, [r3], -0x1a4",1
"rsbeq r6, r5, r5, ror r4",1
invalid,1
"stclvs p14, c6, [r1, -0x194]!",1
"strbvs r2, [ip, -r5, ror 26]!",1
invalid,1
"andeq r0, r0, r0, lsl 2",1
"strbtvs r7, [r4], -0x473",1
"stmdavs lr!, {r0, r2, r5, r6, sb, sl, sp, lr}",1
"andeq r0, r0, r0, lsl 4",1
"ldmdbvs r2!, {r0, r1, r4, r5, r6, sl, ip, sp, lr} ^",1
"stmdavs lr!, {r1, r2, r3, r5, r6, r8, sb, sl, sp, lr}",1
"andeq r0, r0, r0, lsl 6",1
"andeq r0, r5, 0",1
"andeq sb, r0, r0, lsl 30",1
"strne r1, [r1, -r3, lsl 28]",1
"strblo r7, [r6, -0xa03]!",1
"streq r0, [r2], -0x2d",1
"strvs r6, [r6], -r1, lsl 18",1
"stchs p0, c3, [0x00012b38]!",1
"stmdbvc r3, {r4, r5, r8, sl, fp, lr}",1
"strvs r0, [ip], -lr, lsr 6",1
"eorseq r2, r2, r6, lsr lr",1
"streq r0, [r2], -r2, lsl 8",1
"movweq r5, 0x6808",1
"andeq r6, r2, 12, 12",1
blhs 0x52f6c,1
"andeq r0, r0, 0",1
"andeq r2, r0, r0, lsl 10",1
blx 0x5337a,1
invalid,1
"andeq r0, r1, r1, lsl 2",1
"andeq r0, r1, r0",1
"stmdbvs ip!, {r8} ^",1
"strvs r0, [r0, -0x62]",1
"uhsub16vs r6, r4, r8",1
"cdphs p9, 6, c6, c12, c1, 3",1
"andeq r0, r1, r3, rrx",1
invalid,1
"andeq r0, r2, r0",1
"ldrdeq r0, r1, [r0], -r4",1
"cdpeq p1, 0xf, c0, c11, c2, 0",1
"mrseq r0, apsr",1
"andeq r0, r0, r1, lsl 2",1
"andeq r0, r0, r0, lsl 2",1
"rsbvs r6, sb, 0x100",1
"cmnvc r5, 0, 30",1
"stmdbvs ip!, {r1, r4, r5, r6, r8, sb, sl, fp, sp} ^",1
invalid,1
"rsbvc r2, r1, 0x18c",1
svcvs 0x702d6d,1
"stcvs p9, c7, [sp], -0x1ac",1
"ldmdavc r5!, {r0, r3, r5, r6, sb, sl, fp, sp, lr} ^",1
"strbvc r6, [lr, -0x72d]!",1
"stmdbvs r2!, {r0, r2, r5, r6, r8, sp, lr} ^",1
"strlo r3, [lr, -pc, lsr 8]!",1
"stmdbvs pc!, {r1, r2, r3, r5, sb, ip, sp}",1
"strbvc r6, [ip, -0x36e]!",1
svchs 0x6564,1
svchs 0x727375,1
"stclvs p14, c6, [r3], -0x1a4",1
svchs 0x656475,1
"cmnvc r4, 0x188000",1
"cmnvc r5, 0, 30",1
"mcrvs p15, 3, r2, c9, c2, 3",1
"ldrbtvs r6, [r5], -0xc63",1
"andvc r0, r0, r5, rrx",1
"mcrvs p15, 3, r6, c7, c2, 3",1
"cdphs p13, 6, c6, c5, c1, 3",1
"andeq r0, r1, r3, rrx",1
"ldrbtvs r7, [r4], -0x300",1
"cdphs p5, 6, c6, c6, c4, 3",1
"andeq r0, r2, r8, rrx",1
"rsbsvc r7, sb, r0, lsl 8",1
"stmdavs lr!, {r0, r2, r5, r6, r8, sb, ip, sp, lr}",1
"andeq r0, r0, r0, lsl 6",1
"stmdbvs r2!, {r2, r3, r5, r6, r8, fp, sp, lr} ^",1
"rsbeq r2, r8, pc, ror 28",1
"strvs r0, [r0, -4]",1
svcvs 0x6e7272,1
"streq r6, [r0], -0x82e",1
"ldrbtvc r0, [r3], -0",1
"cdphs p9, 6, c6, c15, c4, 3",1
"andeq r0, r4, r8, rrx",1
"rsbsvc r7, r4, 0, 6",1
"cdphs p14, 6, c6, c7, c9, 3",1
"andeq r0, r4, r8, rrx",1
"strbvc r3, [r2, -0xc00]!",1
"ldclhs p12, c6, [r4, -0x1a4]!",1
"eorseq r6, lr, sb, ror 28",1
"movwvc r0, 0",1
"stmdbvs ip!, {r2, r4, r5, r6, sl, sp, lr} ^",1
"rsbeq r2, r8, r2, ror 28",1
"andeq r0, r0, r4",1
invalid,1
"movweq r0, 0x9f",1
bleq 0xd3120,1
"subeq r5, fp, lr, lsr 4",1
"streq r0, [r1], -r2, lsl 8",1
"streq r0, [r2], -0x4a",1
"stmdaeq pc!, {r0, sb, sl}",1
"eorlo sl, sl, 0x23000000",1
invalid,1
"cmpeq r0, 24, 28            ; 0x18",1
"adcseq r6, ip, 92, 12",1
invalid,1
"strheq r0, [r0], -r1",1
"mrseq r0, spsr",1
invalid,1
"strdeq r0, r1, [sp], -fp",1
"mrseq r0, apsr",1
invalid,1
invalid,1
svchs 0x6269,1
svchs 0x727375,1
"stclvs p14, c6, [r3], -0x1a4",1
svchs 0x656475,1
"cmnvc r4, 0x188000",1
"cmnvc r5, 0, 30",1
"stmdbvs ip!, {r1, r4, r5, r6, r8, sb, sl, fp, sp} ^",1
invalid,1
"rsbvc r2, r1, 0x18c",1
svcvs 0x702d6d,1
"stcvs p9, c7, [sp], -0x1ac",1
"ldmdavc r5!, {r0, r3, r5, r6, sb, sl, fp, sp, lr} ^",1
"strbvc r6, [lr, -0x72d]!",1
"stmdbvs r2!, {r0, r2, r5, r6, r8, sp, lr} ^",1
"strlo r3, [lr, -pc, lsr 8]!",1
"stmdbvs pc!, {r1, r2, r3, r5, sb, ip, sp}",1
"strbvc r6, [ip, -0x36e]!",1
svchs 0x6564,1
svchs 0x727375,1
"stclvs p14, c6, [r3], -0x1a4",1
"rsbeq r6, r5, r5, ror r4",1
svcvs 0x757100,1
"rsbvc r6, r1, 116, 10",1
"rsbeq r2, r3, r7, ror 28",1
"movwvs r0, 1",1
"rsbsvc r7, r4, 0xb4000000",1
"ldrbvs r6, [r3, -0x163]!",1
"stmdavs lr!, {r0, r2, r5, r6, r8, ip, sp, lr}",1
"andeq r0, r0, r0, lsl 2",1
"ldmdbvs r2!, {r0, r1, r4, r5, r6, sl, ip, sp, lr} ^",1
"cdphs p7, 3, c6, c3, c14, 3",1
"andeq r0, r2, r8, rrx",1
"stclvs p8, c7, [r1], -0",1
"cdphs p15, 6, c6, c3, c12, 3",1
"andeq r0, r1, r8, rrx",1
"ldrbtvs r7, [r4], -0x300",1
"cdphs p5, 6, c6, c6, c4, 3",1
"andeq r0, r3, r8, rrx",1
svcvs 0x757100,1
"rsbvc r6, r1, 116, 10",1
"rsbeq r2, r8, r7, ror 28",1
"strvc r0, [r0], -1",1
invalid,1
"andeq r6, r0, 0x2e0000",1
invalid,1
"stmdavs lr!, {r0, r2, r3, r5, r6, r8, sl, sp, lr}",1
"andeq r0, r0, r0, lsl 8",1
"stmdbvs r2!, {r2, r3, r5, r6, r8, fp, sp, lr} ^",1
"rsbeq r2, r8, pc, ror 28",1
"strvc r0, [r0, -r4]",1
"rsbvc r6, r1, 0x630000",1
"streq r6, [r0], -0x82e",1
"ldrbtvc r0, [r3], -0",1
"cdphs p9, 6, c6, c15, c4, 3",1
"andeq r0, r4, r8, rrx",1
"rsbvs r6, sb, 0, 24",1
"ldclvs p14, c6, [r4], -0x1a4",1
"streq r6, [r0], -0x82e",1
"cmnvs r7, 0",1
"ldrbvs r7, [r0, -0x974]!",1
"streq r6, [r0], -0x82e",1
"ldrbtvc r0, [r3], -0",1
invalid,1
"streq r6, [r0], -0x82e",1
svcvs 0x6c0000,1
invalid,1
"cmnvc r2, 104, 2            ; 0x68",1
"stmdavs lr!, {r0, r2, r5, r6, sl, ip, sp, lr}",1
"andeq r0, r0, r0, lsl 2",1
"rsbsvc r7, sb, r3, ror 8",1
"rsbeq r2, r8, r5, ror 28",1
"movwvc r0, 4",1
"stmdbvs ip!, {r2, r4, r5, r6, sl, sp, lr} ^",1
"rsbeq r2, r8, r2, ror 28",1
"strvs r0, [r0, -4]",1
svcvs 0x6e7272,1
"andeq r6, r0, 0x2e0000",1
"andeq r0, r0, r0",1
"subsge r0, r0, r5, lsl 4",1
"andgt r0, r3, r0",1
invalid,1
"andeq r4, r4, 0x1a000",1
invalid,1
"andvc r8, r3, 0x20000007",1
"rsbshi r0, r2, 0x8000002",1
invalid,1
invalid,1
"cdphs p13, 0, c15, c0, c3, 0",1
"movweq r0, 0x244b",1
"andvc sp, r3, 72, 12",1
"rsbshi r0, r2, 0x28000001",1
"strbteq r7, [r6], -0x203",1
"rsceq r0, r6, r1, lsl 6",1
"andeq r8, r4, 0x98000001",1
"vaddhs.f64 d24, d15, d3",1
invalid,1
"andvc r6, r3, 0x7200000",1
"movweq r0, 0x1466",1
blmi 0xb934bc,1
"andls r1, r8, r3, lsl 18",1
"stchs p8, c8, [0x00012d30]!",1
"cdphs p3, 0, c0, c11, c15, 1",1
invalid,1
"strne r4, [r3, -fp, lsl 20]",1
"andge r7, r3, 8, 8",1
blhs 0xfe865868,1
blhs 0xfe85db34,1
"rscseq r0, r5, r1, lsr r3",1
svcvc 0xbf032e,1
"sbceq r0, r1, sl, asr 6",1
"streq r0, [r2], -0x2e",1
"andhi r2, r6, 1, 30",1
svchs 0x496706,1
svchs 0x494e2d,1
"movteq r2, 0xed2d",1
invalid,1
"movteq r7, 0xafba",1
"stchs p14, c2, [sp, -0x1cc]!",1
"rsceq r0, r4, sp, lsr 6",1
"sbcseq r0, pc, sl, asr 6",1
svcvc 0x9a0366,1
"rsceq r0, r6, lr, lsr 6",1
invalid,1
"stclvc p3, c0, [fp, 0x208]!",1
bmi 0x9d3c50,1
invalid,1
invalid,1
"orreq r0, r2, 0x4000002d",1
"movteq r7, 0xacff",1
invalid,1
invalid,1
"movweq r0, 0x1402",1
"eoreq r0, lr, r5, ror 1",1
"streq r0, [r2], -r2, lsl 8",1
"stmmi r8, {r1, r3, r6, sb, sl}",1
"bicslo r3, r1, 48, 10",1
"mrseq r0, r12_usr",1
invalid,1
"mrchs p3, 3, r0, c10, c4, 1",1
"stclmi p12, c11, [r8, -0xd0]!",1
"andseq r0, sp, 0xbc000000",1
"strge r0, [r1], -r4, lsl 5",1
"streq r0, [r2], -0x67",1
"strbteq r0, [r6], -r1, lsl 12",1
bvs 0xfe5d50a4,1
svcls 0x4b2a4e,1
"mulle r3, pc, pc",1
"strbvs r2, [r7, -r1, lsl 28]!",1
"stmdavs sl!, {r2, r3, r4, r7, r8, sl, fp, lr} ^",1
"ldclvc p3, c0, [r8, 0x2f4]",1
"adceq r0, r8, 0x98000001",1
"ldclvc p3, c0, [r8, 0xb8]",1
"streq r0, [r2], -0x2e",1
"strteq r0, [lr], -r1, lsl 12",1
"vmlals.f64 d10, d2, d3",1
"andeq r6, r0, 0x2ec000",1
svcls 0xd70104,1
"stcmi p15, c2, [sp, -0x124]!",1
"cdpvc p3, 0xb, c0, c15, c15, 1",1
"streq r0, [r2], -0x82",1
"subeq r0, sl, r2, lsl 12",1
bmi 0xd3f54,1
"andne r4, r3, r6, lsl 28",1
invalid,1
"strtne r0, [r2], -r6, ror 4",1
"ldrbtvs sb, [lr], -r3, lsl 26",1
blvs 0xb95b6c,1
bmi 0x1c13d04,1
"cdpmi p9, 4, c4, c12, c6, 2",1
svcvc 0xbd0348,1
"stclvs p8, c6, [r8], -0x128",1
"strtlo r7, [lr], -0xa03",1
"strtlo r7, [lr], -0xa03",1
"mrseq r0, r12_usr",1
"andge r2, r6, r6, lsl 28",1
"mcrls p3, 1, r0, c6, c15, 4",1
"strvs lr, [r0], -r3, lsl 30",1
"andeq r8, r0, 0x4000001a",1
"cdplo p1, 0, c0, c3, c4, 0",1
invalid,1
invalid,1
"stclhs p14, c9, [fp, -8]",1
"strbvs r7, [r6, -r3, lsl 8]!",1
"stmdbvc r3, {r0, r1, r2, r3, r4, r7, sb, lr, pc}",1
"stmdbvc r3, {r1, r2, r3, r5, r8, sl, ip, sp}",1
invalid,1
"andeq r6, r0, 0x7e00000",1
"strvs r0, [r6], -r4, lsl 2",1
blhs 0xd4950,1
svcls 0x68684a,1
"mrcvc p3, 4, r0, c3, c15, 4",1
"strheq r0, [lr], 0x3a",1
svcvc 0xbf034a,1
"sbceq r0, r1, lr, lsr 6",1
svcvc 0xbf032e,1
bmi 0xf13c8c,1
svcvc 0xae0334,1
"sbceq r0, pc, lr, lsr 6",1
svchs 0x2d2f9e,1
"mrseq r0, r12_usr",1
"andeq r4, r0, 0x6000",1
"movweq r0, 0x6104",1
"strhteq r7, [r6], -0xf3",1
"movweq r0, 0x1402",1
"eoreq r0, lr, pc, asr 1",1
"movweq r0, 0x1402",1
invalid,1
"movweq r0, 0x1402",1
"eoreq r0, lr, lr, asr 1",1
"stchs p4, c0, [r1, -8]",1
"mrseq r0, r12_usr",1
"subhi r0, r6, 0xbc000000",1
"stchs p13, c2, [0x00012ee8]!",1
"mrseq r0, r12_usr",1
"andeq r4, r0, 0x6000",1
"strhi r0, [r6, -0x104]",1
"stchs p14, c2, [r6, -0x18]",1
bvc 0xdf0dc,1
"teqeq r0, 0x8000002",1
"teqeq r4, 0x790",1
beq 0xdea10,1
"cdphs p3, 7, c0, c6, c14, 1",1
"movteq r7, 0xa003",1
invalid,1
"cdphs p3, 0, c0, c15, c14, 1",1
"cdphs p3, 6, c0, c2, c15, 1",1
invalid,1
"movweq r8, 0x4200",1
"ldrbtvs pc, [sp], -r3, lsl 18",1
bgt 0xd346c,1
"movweq r2, 0x4e03",1
"cdphs p6, 7, c11, c12, c3, 0",1
bgt 0xd3478,1
"strls r4, [r3, -r3, lsl 20]",1
svc 0x32e7f,1
"ldmdale ip!, {fp}",1
"stceq p15, c4, [r3, -0x130]",1
"streq r0, [r2], -0x4a",1
"strlt r6, [r3], -0xa01",1
"vstrgt s8, [r3, -0x1f4]",1
"cdpmi p6, 0, c6, c2, c2, 0",1
bmi 0x313cd0,1
"eorlo r6, sl, 0x4b000",1
"strvc r3, [r8, -r7, asr 2]",1
bmi 0x353f20,1
"vstrhs d29, [fp, -0x1a0]",1
"cdpvc p3, 9, c0, c13, c12, 1",1
"andeq sl, r0, 0x8200000",1
"stclo p1, c0, [r3, -0x10]",1
"sbcseq r0, r5, r2, lsl 7",1
"cdpvc p3, 0xa, c0, c12, c2, 4",1
svcvc 0xb20382,1
"sbceq r0, lr, lr, lsr 6",1
invalid,1
invalid,1
"mrseq r0, r12_usr",1
invalid,1
"andeq r0, r4, 0, 4",1
"stclhs p6, c0, [r7, -0x278]!",1
blt 0x1f858e0,1
"cdpgt p15, 0, c3, c3, c8, 0",1
"vstmdbhs pc!, {s8}",1
"cdphs p15, 7, c10, c15, c3, 0",1
"stcmi p9, c1, [r2], {3}",1
"teqeq r1, 0xb400",1
"strhi r2, [r3], -r6, ror 28",1
bmi 0xf15100,1
svcmi 0x2b3183,1
"teqlo r0, sb, lsr 2",1
"movtlo r3, 0x816d",1
"movweq r0, 0x34d9",1
"strteq r7, [lr], -0xabb",1
"strbeq r0, [r5, 0x301]",1
"movweq r0, 0x342e",1
"strteq r7, [lr], -0xabb",1
"strbeq r0, [r6, 0x301]",1
"stchs p5, c3, [0x00012f80]!",1
"ldrthi r4, [r1], -0xb47",1
"stmdbvs r2, {r3, r6, fp} ^",1
svchs 0x2d2f2d,1
"movweq r0, 0x442f",1
"streq r7, [r2], 0xbb0",1
"ldrbeq r0, [r2], 0x301",1
"strteq r6, [pc], -0x566",1
blvc 0xfeb93d48,1
invalid,1
"cdphs p2, 0, c13, c4, c3, 0",1
invalid,1
"strbhi r5, [sl], -0xf03",1
svcvs 0x34c2c,1
"cdphs p3, 0, c0, c13, c6, 3",1
"ldrbtvs sp, [sl], -r3, lsl 18",1
"stchs p15, c2, [0x000130a0]!",1
svcmi 0x30844b,1
invalid,1
"ldrne r0, [sl, 0xa03]!",1
"ldchs p9, c2, [r3, -0x210]!",1
svchs 0x2d2f2f,1
"ldrvs r6, [r5, -r8, ror 28]",1
"sublo r3, pc, pc, lsr 32",1
svchs 0x4d4968,1
invalid,1
blmi 0x12a598c,1
"stchs p8, c6, [0x00012ff0]!",1
"pushmi {r0, r1, r2, r3, r5, r8, sb, fp, lr}",1
"ldcvs p5, c15, [r0], -0xbc",1
invalid,1
"mcreq p14, 0, r2, c3, c2, 3",1
"cdphs p3, 7, c0, c2, c14, 1",1
invalid,1
svceq 0x32e72,1
"stchs p1, c3, [sp], -0xb8",1
invalid,1
"movweq r0, 0x4431",1
invalid,1
"stc p1, c0, [r3, -0x10]",1
"streq r4, [r4], -0xa03",1
"ldmdaeq ip!, {r0, r1, r8, sb, ip, pc} ^",1
"movweq r0, 0x143c",1
"smulwtlo lr, sp, r3",1
invalid,1
"stmdavs r3, {r3, r4, sb, sl, fp, sp}",1
"strvs r0, [fp], -lr, lsr 6",1
"stchs p13, c2, [0x00013118]!",1
invalid,1
invalid,1
"orrslo r3, fp, r7, asr 2",1
"stmdals r3, {r2, sl}",1
invalid,1
"strvs lr, [r3], -r3, lsl 26",1
svchs 0x2d5c08,1
"eorlo r3, ip, sp, lsr 4",1
svchs 0x661203,1
"eorseq r2, r0, r0, lsr ip",1
"movwhi r0, 0x2402",1
"andeq r0, r4, 0, 4",1
"streq r0, [r2], -0x2d",1
"andeq r2, r0, 2, 30",1
"stmdavs sp!, {r2, sb}",1
"sublo r2, fp, r4, lsl 31",1
"teqeq r0, 132, 22",1
"orrsne r0, lr, 0xc9",1
"movtne r1, 0xf14b",1
"movteq r1, 0xf12f",1
bleq 0xd37fc,1
"cdphs p3, 7, c0, c5, c14, 1",1
"movteq r0, 0xad03",1
invalid,1
"strvc r0, [r3, -0x14a]",1
"strvs r0, [sp], -sl, asr 6",1
"movweq r7, 0x1303",1
"and r4, r3, 0x11000",1
"mcrls p14, 0, r2, c3, c10, 3",1
"movw r2, 0x3e05",1
"stcls p14, c2, [r3, -0x1e8]",1
"and r2, r3, 5, 28",1
"stmdbpl r8, {r1, r3, r4, r5, r6, sb, fp, lr}",1
invalid,1
"orrseq pc, pc, 0x50000000",1
"movteq r7, 0xaae1",1
invalid,1
invalid,1
invalid,1
invalid,1
invalid,1
"stmdaeq r6!, {r1, r3, r4, r6, r7, sb, fp, ip, sp, lr} ^",1
invalid,1
svcls 0xf205a4,1
bmi 0x1ec9694,1
"vmlahs.f64 d10, d5, d3",1
"cdphs p4, 7, c13, c10, c3, 0",1
"cdphs p12, 0, c10, c5, c3, 0",1
"cdphs p3, 7, c13, c10, c3, 0",1
"cdphs p13, 0, c10, c5, c3, 0",1
"cdphs p3, 7, c13, c10, c3, 0",1
svchs 0x305908,1
invalid,1
"orrseq r0, lr, 3, 30",1
"movteq r7, 0xaad3",1
invalid,1
invalid,1
invalid,1
invalid,1
invalid,1
"stmdaeq sl, {r0, r2, r3, r6, r7, sb, fp, ip, sp, lr} ^",1
invalid,1
invalid,1
"stcgt p14, c9, [r3, -0x34]",1
"smlsdxlt r3, sl, sl, r4",1
"ldchs p14, c2, [r0], -0x14",1
invalid,1
"umlalslo r7, sl, lr, sl",1
"movteq r2, 0xbf81",1
"movteq r0, 0xa5e1",1
invalid,1
blmi 0xb94a78,1
"cdphs p3, 7, c0, c9, c10, 3",1
"mrchs p3, 3, r0, c9, c5, 1",1
bmi 0x1e53fd4,1
blt 0x1ebab10,1
blmi 0xbf37c8,1
bmi 0x18b718,1
"ldrbtvs sb, [sl], -r3, lsl 30",1
"cdphs p1, 0, c14, c5, c3, 0",1
"movwvc r6, 0x3a51",1
"cdphs p3, 0, c0, c13, c14, 1",1
invalid,1
"movwvc r2, 0x3e0d",1
bvc 0xfe813fe0,1
"strbeq r0, [r2, 0x3ba]!",1
bvc 0xfe793fe8,1
invalid,1
svcls 0x34a05,1
invalid,1
"stceq p14, c2, [r3, -0x14]",1
"vstrvs s12, [r3, -0xb8]",1
"cdphs p3, 1, c0, c3, c14, 1",1
invalid,1
"stcvs p14, c2, [r3, -0x4c]",1
bvc 0xfe81407c,1
"strbeq r0, [r2, 0x3ba]!",1
bvc 0xfe794014,1
invalid,1
svcls 0x34a05,1
invalid,1
"movwne r2, 0x3e05",1
beq 0xee028,1
"cdphs p3, 7, c0, c6, c14, 1",1
invalid,1
beq 0xded54,1
bvc 0xfe5d4188,1
"strbeq r0, [sb, 0x39e]!",1
bvc 0xfe5940b0,1
bl 0xe6044,1
"strls r2, [r3, -r5, lsl 28]",1
invalid,1
invalid,1
svcls 0x32e77,1
"smlsdx r3, sl, sl, r4",1
"vstmdbhs pc!, {s8, s9, s10, s11, s12}",1
"orreq r2, r3, 0xbc0",1
"orrseq r7, lr, 0x97000",1
"movteq r0, 0xa5e9",1
blmi 0xbb1e0c,1
"vmlahs.f64 d14, d5, d3",1
"rsbshi sb, sl, 0xc0000",1
"strbeq r0, [r8, 0x32f]!",1
"strls r2, [r3, -0xf2e]",1
invalid,1
"stmdavc r3, {r0, r2, sb, fp, lr}",1
"stmdavc r3, {r1, r2, r3, r5, sb, sl, ip, sp}",1
"stmdavc r3, {r1, r2, r3, r5, sb, sl, ip, sp}",1
bvc 0xfe5d4170,1
"strbeq r0, [sb, 0x39e]!",1
bvc 0xfe594108,1
svchs 0x492f2e,1
"vmlahs.f64 d14, d5, d3",1
"rsbshi sb, sl, 0xc0000",1
"strbeq r0, [r8, 0x32f]!",1
"cdphi p6, 0, c3, c3, c14, 1",1
invalid,1
invalid,1
"cdphs p3, 0, c0, c15, c14, 1",1
invalid,1
invalid,1
bvc 0xfe5d4214,1
"strbeq r0, [sb, 0x39e]!",1
bvc 0xfe59413c,1
svchs 0x492f2e,1
"vmlahs.f64 d14, d5, d3",1
"rsbshi sb, sl, 0xc0000",1
"strbeq r0, [r8, 0x32f]!",1
"cdphs p3, 1, c0, c0, c14, 1",1
bmi 0x1eb4c38,1
bmi 0x1b543c,1
svcmi 0x112f13,1
invalid,1
bleq 0xd3a20,1
"cmneq r5, sl, asr 6",1
"movteq r0, 0xad03",1
invalid,1
invalid,1
invalid,1
"movwne r2, 0x3e6f",1
invalid,1
invalid,1
"andeq ip, r0, r1",1
bls 0x13c64,1
"andeq r0, r0, 0",1
"vstreq d15, [lr, -4]",1
"mrseq r0, apsr",1
"andeq r0, r0, r1",1
invalid,1
"rsbeq r6, r2, ip, ror 18",1
"rsbsvc r7, r3, 0xbc00000",1
invalid,1
"strbvs r7, [r4, -0x56c]!",1
"cmnvc sb, 0xbc000000",1
"cmnvc r5, 0, 30",1
"mcrvs p15, 3, r2, c9, c2, 3",1
"ldrbtvs r6, [r5], -0xc63",1
"stmdbvs r2!, {r0, r2, r5, r6, r8, sb, sl, fp, sp} ^",1
svchs 0x7374,1
svchs 0x727375,1
"stclvs p14, c6, [r3], -0x1a4",1
"rsbeq r6, r5, r5, ror r4",1
svcvs 0x6f7200,1
"strbvs r2, [r4, -0xd74]!",1
"mcrvs p13, 3, r2, c9, c6, 3",1
"rsbeq r2, r3, pc, ror 28",1
"movwvc r0, 1",1
"mrchs p1, 3, r6, c4, c4, 3",1
"andeq r0, r2, r8, rrx",1
"rsbsvc r7, sb, r0, lsl 8",1
"stmdavs lr!, {r0, r2, r5, r6, r8, sb, ip, sp, lr}",1
"andeq r0, r0, r0, lsl 6",1
"ldrbvs r7, [r0, -0x974]!",1
"rsbeq r2, r8, r3, ror lr",1
"strvc r0, [r0], -2",1
"cdphs p13, 6, c6, c5, c9, 3",1
"andeq r0, r4, r8, rrx",1
"cmnvs r4, r0, lsl 6",1
"rsbeq r2, r8, r4, ror lr",1
"strvs r0, [r0], -3",1
"pushvs {r0, r2, r5, r6, sb, sl, ip, sp, lr}",1
"stmdavs lr!, {r1, r2, r3, r5, r6, r8, sb, sl, fp, sp, lr}",1
"andeq r0, r0, r0, lsl 2",1
"andeq r0, r5, 0",1
"muleq r0, r8, sl",1
bmi 0x5a918,1
invalid,1
invalid,1
"rsbshi sp, ip, 0xc0000000",1
"rsbvs r6, r8, 76, 14",1
invalid,1
"andeq r7, r2, r1, lsl 26",1
invalid,1
"andeq r0, r0, 0",1
"vstreq d15, [lr, -4]",1
"mrseq r0, apsr",1
"andeq r0, r0, r1",1
invalid,1
"rsbeq r6, r2, ip, ror 18",1
"rsbsvc r7, r3, 0xbc00000",1
invalid,1
"strbvs r7, [r4, -0x56c]!",1
"strbtvc r6, [sb], -0x22f",1
"strvc r0, [0x000134e1]!",1
"stcvs p2, c7, [pc], -0x1cc",1
"strvs r6, [pc, -sb, ror 4]!",1
invalid,1
"eorvc r6, sp, r2, ror sp",1
invalid,1
"strbvc r6, [lr, -0x96c]!",1
"mcrvs p13, 3, r2, c7, c8, 3",1
"rsbvs r6, r1, 0x1d400000",1
"cdphs p15, 3, c2, c4, c9, 3",1
svchs 0x322e37,1
"stclvs p14, c6, [r3], -0x1a4",1
"rsbeq r6, r5, r5, ror r4",1
"rsbsvc r7, r3, 0xbc00000",1
invalid,1
"strbvs r7, [r4, -0x56c]!",1
"ldrbvs r0, [r6, -0]!",1
svcvs 0x697372,1
"strbtvc r2, [r5], -0xd6e",1
"rsbeq r2, r3, r3, ror 28",1
"movwvc r0, 1",1
svcvs 0x696474,1
"rsbeq r2, r8, r2, lsr lr",1
"movwvc r0, 2",1
"rsbvc r6, r1, 116, 8",1
"rsbeq r2, r8, r7, ror 28",1
"movwvc r0, 3",1
"strbvs r6, [r4, -0x474]!",1
"rsbeq r2, r8, r6, ror 28",1
"strvc r0, [r0], -3",1
invalid,1
"andeq r6, r0, 0x2e0000",1
"ldrbtvc r0, [r3], -0",1
"cdphs p9, 6, c6, c15, c4, 3",1
"andeq r0, r4, r8, rrx",1
"strbvc r3, [r2, -0xc00]!",1
"ldclhs p12, c6, [r4, -0x1a4]!",1
"eorseq r6, lr, sb, ror 28",1
invalid,1
svcvs 0x696269,1
"streq r6, [r0], -0x82e",1
"ldrbvs r0, [r6, -0]!",1
svcvs 0x697372,1
"strbtvc r2, [r5], -0xd6e",1
"rsbeq r2, r8, r3, ror 28",1
invalid,1
"cdpvs p2, 6, c6, c9, c9, 3",1
"stmdavs lr!, {r2, r4, r5, r6, sl, fp, sp, lr}",1
"andeq r0, r0, r0, lsl 8",1
"stclvs p4, c7, [r4], -0x1cc",1
"stmdavs lr!, {r0, r3, r5, r6, sb, sp, lr}",1
"andeq r0, r0, r0, lsl 8",1
"andeq r0, r5, 0",1
"andeq fp, r0, ip, ror 21",1
invalid,1
invalid,1
"cdpne p2, 0, c0, c3, c4, 0",1
"movweq r0, 0x142e",1
"andeq fp, r4, 0x73000",1
"ldreq r0, [lr], 0xd03",1
blt 0x1d54248,1
invalid,1
"orrseq r0, r0, 0x3d0000",1
"andeq r2, r4, 11, 28",1
"ldrbtvs fp, [pc], -r3, lsl 20 ; [0x13654:4]=0x204d600",1
"strgt r0, [r3], -r4, lsl 2",1
"andeq sp, r4, 0, 12",1
"vaddhs.f32 s23, s30, s6",1
invalid,1
"cmneq r4, 0, 16",1
invalid,1
"ldrteq r4, [r1], -0xa7f",1
invalid,1
"stmdbhs r2, {r0, r1, r4, r5, sl}",1
invalid,1
"andeq r4, r4, 0, 20",1
bmi 0x2000690,1
"stmdbeq r3, {r2, r8}",1
"movweq r0, 0x242e",1
invalid,1
"strbeq r0, [sl], -0x903",1
"cdphs p3, 7, c0, c7, c2, 0",1
invalid,1
"andeq r6, r4, 0, 12",1
bmi 0x20006b0,1
"stceq p1, c0, [r3, -0x10]",1
"movweq r0, 0x242e",1
invalid,1
"strteq r0, [lr], -0xd03",1
"cdphs p3, 7, c0, c3, c2, 0",1
invalid,1
"andeq sb, r4, 0, 28",1
bmi 0x20006d0,1
"strne r0, [r3], -0x104",1
"movweq r0, 0x242e",1
invalid,1
"strbeq r1, [sl], -0x403",1
"cdphs p3, 6, c0, c12, c2, 0",1
blne 0xd3aec,1
"movweq r0, 0x24d6",1
invalid,1
"strbteq r1, [r6], -0xb03",1
"cdphs p3, 6, c0, c5, c2, 0",1
"andhs r0, r3, 4, 2",1
"andeq r2, r4, 8",1
"streq r5, [r2], 0xe03",1
"strtvs r0, [r2], -r1, lsl 6",1
"cdppl p2, 0, c0, c3, c4, 0",1
"movweq r0, 0x142e",1
"strteq r0, [r0], -0x82a",1
"subshi r0, r6, 0x8000000",1
bhs 0xd3b20,1
"movweq r0, 0x249e",1
"qaddeq r2, r6, r4",1
invalid,1
"cdpmi p2, 0, c0, c3, c4, 0",1
"movweq r0, 0x1482",1
"andeq fp, r4, 0x32000",1
"strteq r4, [lr], -0xe03",1
"sbcseq r0, r6, r1, lsl 6",1
bmi 0x6473c,1
"streq r0, [r2], -0x31",1
"ldreq r0, [lr], r2, lsl 12",1
beq 0xe6550,1
"eorseq r4, r4, 0x4a000",1
"stcmi p6, c1, [sp], -0x148",1
"ldmdaeq r8, {r1, r2, r6, r8, sb}",1
"strbtvs r0, [r7], -r4, ror 7",1
invalid,1
invalid,1
"cdphs p3, 6, c0, c4, c14, 1",1
"ldchs p14, c4, [r6, -8]",1
invalid,1
"andhs r8, r3, 0x20000006",1
"ldrteq lr, [r3], -0x408",1
"cdpvc p3, 0xf, c0, c3, c2, 0",1
"movweq r0, 0x1482",1
"strteq r0, [lr], -0x18d",1
"cdpvc p3, 0xf, c0, c3, c2, 0",1
"movweq r0, 0x142e",1
"strbeq r0, [sl], -0x193",1
"cdpvc p3, 0xe, c0, c13, c2, 0",1
"movweq r0, 0x1482",1
"strteq r0, [lr], -0x193",1
"cdpvc p3, 0xe, c0, c13, c2, 0",1
"movweq r0, 0x142e",1
"stcllt p1, c0, [r6], -0x260",1
"andseq r0, r0, ip, lsr 4",1
"adcseq r0, r0, r1, lsl 2",1
"andeq r0, r2, r0",1
"andeq r0, r0, sl, lsr 1",1
"cdpeq p1, 0xf, c0, c11, c2, 0",1
"mrseq r0, apsr",1
"andeq r0, r0, r1, lsl 2",1
"andeq r0, r0, r0, lsl 2",1
"cmnvc r5, 1, 30",1
"stmdbvs ip!, {r1, r4, r5, r6, r8, sb, sl, fp, sp} ^",1
invalid,1
"rsbvc r2, r1, 0x18c",1
svcvs 0x702d6d,1
"stcvs p9, c7, [sp], -0x1ac",1
"ldmdavc r5!, {r0, r3, r5, r6, sb, sl, fp, sp, lr} ^",1
"strbvc r6, [lr, -0x72d]!",1
"stmdbvs r2!, {r0, r2, r5, r6, r8, sp, lr} ^",1
"strlo r3, [lr, -pc, lsr 8]!",1
"stmdbvs pc!, {r1, r2, r3, r5, sb, ip, sp}",1
"strbvc r6, [ip, -0x36e]!",1
svchs 0x6564,1
svchs 0x727375,1
"stclvs p14, c6, [r3], -0x1a4",1
svchs 0x656475,1
"cmnvc r4, 0x188000",1
"cmnvc r5, 0, 30",1
"mcrvs p15, 3, r2, c9, c2, 3",1
"ldrbtvs r6, [r5], -0xc63",1
"stmdbvs ip!, {r0, r2, r5, r6} ^",1
"movwvc r0, 0x62",1
"strbvs r6, [r4, -0x474]!",1
"rsbeq r2, r8, r6, ror 28",1
"strvc r0, [r0], -1",1
invalid,1
"andeq r6, r0, 0x2e0000",1
invalid,1
"cdphs p9, 6, c6, c15, c2, 3",1
"andeq r0, r3, r8, rrx",1
"ldrbtvs r7, [r4], -0x300",1
"stmdavs lr!, {r0, r3, r5, r6, r8, sb, sl, fp, sp, lr}",1
"andeq r0, r0, r0, lsl 6",1
"cmnvc r2, 0x1d800000",1
"stclhs p15, c6, [lr, -0x1a4]!",1
"stclhs p4, c7, [r3, -0x194]!",1
"cdphs p3, 6, c7, c6, c6, 3",1
"andeq r0, r4, r3, rrx",1
invalid,1
"andeq r0, r2, r0",1
"strheq r0, [r0], -r2",1
"cdpeq p1, 0xf, c0, c11, c2, 0",1
"mrseq r0, apsr",1
"andeq r0, r0, r1, lsl 2",1
"andeq r0, r0, r0, lsl 2",1
"rsbvs r6, sb, 0x100",1
"cmnvc r5, 0, 30",1
"mcrvs p15, 3, r2, c9, c2, 3",1
"ldrbtvs r6, [r5], -0xc63",1
"stmdbvs r2!, {r0, r2, r5, r6, r8, sb, sl, fp, sp} ^",1
svchs 0x7374,1
svchs 0x727375,1
"stclvs p14, c6, [r3], -0x1a4",1
"rsbeq r6, r5, r5, ror r4",1
"rsbsvc r7, r3, 0xbc00000",1
"rsbvs r6, sb, 0x2f00",1
invalid,1
"ldclvs p1, c6, [r2, -0xbc]!",1
blvs 0x1bef95c,1
"stmdbvs ip!, {r0, r3, r4, r5, r6, r8, sl, fp, sp} ^",1
"ldclhs p5, c7, [r8, -0x1b8]!",1
"ldrbvs r6, [r5, -0xe67]!",1
svchs 0x696261,1
"mrchs p14, 1, r2, c7, c4, 1",1
"mcrvs p15, 3, r2, c9, c2, 1",1
"ldrbtvs r6, [r5], -0xc63",1
"stmdavc r0, {r0, r2, r5, r6}",1
svcvs 0x6c6c61,1
"rsbeq r2, r8, r3, ror 28",1
"stmdavc r0, {r0}",1
"stclvs p1, c6, [ip], -0x1b4",1
invalid,1
"andeq r0, r0, r0, lsl 2",1
"ldmdbvs r2!, {r0, r1, r4, r5, r6, sl, ip, sp, lr} ^",1
"cdphs p7, 3, c6, c3, c14, 3",1
"andeq r0, r2, r8, rrx",1
"ldrbtvs r7, [r4], -0x300",1
"cdphs p9, 6, c6, c2, c12, 3",1
"andeq r0, r3, r8, rrx",1
"rsbsvc r7, r4, 0, 6",1
"cdphs p14, 6, c6, c7, c9, 3",1
"andeq r0, r3, r8, rrx",1
"ldrbtvs r7, [r4], -0x300",1
"cdphs p5, 6, c6, c6, c4, 3",1
"andeq r0, r4, r8, rrx",1
"streq r0, [r0, -0]",1
"sbceq r4, r1, r2, lsl 24",1
"rsceq r0, r7, r0, lsl 6",1
"stchs p14, c2, [0x0001391c]!",1
"andeq r6, r4, 0x2f0000",1
"cdphs p14, 7, c11, c15, c3, 0",1
"movweq r0, 0x144b",1
"ldchs p0, c0, [sl], 0x308",1
"vmulhs.f64 d0, d14, d3",1
"strteq r4, [pc], -0x94b",1
svcvc 0xbf0302,1
"strtlo sp, [sl], -r6, ror 20",1
"movweq r0, 0x144b",1
"andeq fp, r4, 0x3b000",1
svchs 0x2e4003,1
"stclo p1, c0, [r3, -0x10]",1
"cdphs p3, 3, c0, c13, c10, 2",1
"sublo r2, fp, r1, lsr fp",1
"eorge r1, lr, r3, lsl 8",1
"stmda r3, {r2, sb}",1
invalid,1
"vmlahs.f64 d9, d1, d3",1
"str r0, [r3, -0x204]",1
invalid,1
"cdphi p1, 0, c0, c3, c4, 0",1
"vstrvs s22, [r3, -4]",1
invalid,1
"strteq r6, [pc], -0x60e",1
"cdpvc p3, 0xe, c0, c8, c2, 0",1
invalid,1
"strvs sl, [r1], -r3, lsl 2",1
"movweq r0, 0x242e",1
svchs 0x2e7ece,1
svchs 0x2e2bbb,1
"stmdbeq r3, {r0, r1, r2, r3, r5, r8, sb, fp, ip, sp, pc}",1
svchs 0x9d132e,1
invalid,1
invalid,1
invalid,1
invalid,1
"strls r0, [r3], -0x204",1
invalid,1
"vmlahs.f32 s28, s0, s6",1
"mrchs p3, 0, r0, c4, c0, 1",1
"movweq r0, 0x2468",1
"strbeq r7, [sl], -0xee8",1
"orrseq r0, fp, r1, lsl 6",1
"movweq r0, 0x242e",1
"strtlo r7, [lr], -r5, ror 29",1
"movweq r0, 0x1467",1
"movteq r0, 0xa18e",1
"strne r2, [r3, -sp, ror 28]",1
"movweq r0, 0x242e",1
svchs 0x667ee9,1
"vmulhs.f64 d17, d6, d3",1
svchs 0x2e5403,1
bhs 0xd4604,1
"strhlo r0, [r2, -sl]",1
"strteq r0, [fp], -0x304",1
"cdphs p3, 5, c0, c7, c2, 0",1
"strtlo r3, [lr], -0x303",1
"cdphs p3, 0, c0, c10, c8, 3",1
svcvc 0xb9032e,1
"sbceq r0, r7, lr, lsr 6",1
svcvc 0xb9032e,1
"movweq r2, 0x4f2e",1
"ldrteq r0, [sl], 0x903",1
bmi 0xfd4628,1
invalid,1
"movweq r0, 0x242e",1
"stcgt p14, c2, [r3, -0x1e0]",1
svchs 0x2e2e00,1
bmi 0x1fffa40,1
"movweq r0, 0x344b",1
"andeq fp, r4, 0x9000",1
bmi 0x4564c,1
"stmdblt r3, {r2, r8, sb}",1
"andeq r2, r4, 0x7f0",1
"eoreq r7, lr, 0x30000",1
"mrseq r0, apsr",1
"andeq r0, r0, lr, ror r0",1
"rsbeq r0, r6, r2",1
invalid,1
"strdeq r0, r1, [sp], -fp",1
"mrseq r0, apsr",1
invalid,1
invalid,1
svchs 0x6269,1
svchs 0x727375,1
"stclvs p14, c6, [r3], -0x1a4",1
"rsbeq r6, r5, r5, ror r4",1
"stclvs p8, c7, [r1], -0",1
"stclhs p15, c6, [r3, -0x1b0]!",1
"cdphs p9, 6, c6, c5, c4, 3",1
"andeq r0, r1, r3, rrx",1
"ldmdbvs r8!, {r8, sl, sp, lr} ^",1
"stmdbvs r1!, {r2, r4, r5, r6, sb, sl, sp, lr} ^",1
"rsbeq r2, r8, ip, ror 28",1
invalid,1
"cdpvs p2, 6, c6, c9, c9, 3",1
"stmdavs lr!, {r2, r4, r5, r6, sl, fp, sp, lr}",1
"andeq r0, r0, r0, lsl 4",1
svcvs 0x727265,1
"rsbeq r2, r8, r2, ror lr",1
"movwvc r0, 1",1
"stmdbvs ip!, {r2, r4, r5, r6, sl, sp, lr} ^",1
"rsbeq r2, r8, r2, ror 28",1
"andeq r0, r0, r2",1
"stmdahi r2, {r8, sl}",1
"movweq r0, 0xc4",1
"stmdaeq pc!, {r5, r8}",1
"andeq r0, r8, lr, asr r2",1
"sbceq r0, fp, r1, lsl 2",1
"andeq r0, r2, r0",1
"muleq r0, r7, r0",1
"cdpeq p1, 0xf, c0, c11, c2, 0",1
"mrseq r0, apsr",1
"andeq r0, r0, r1, lsl 2",1
"andeq r0, r0, r0, lsl 2",1
"rsbvs r6, sb, 0x100",1
"cmnvc r5, 0, 30",1
"mcrvs p15, 3, r2, c9, c2, 3",1
"ldrbtvs r6, [r5], -0xc63",1
"stmdbvs r2!, {r0, r2, r5, r6, r8, sb, sl, fp, sp} ^",1
svchs 0x7374,1
svchs 0x727375,1
svchs 0x62696c,1
svchs 0x636367,1
"stclhs p2, c7, [sp, -0x184]!",1
"stmdbvc fp!, {r4, r5, r6, r8, sb, sl, fp, sp, lr} ^",1
"cdpvs p12, 6, c6, c9, c13, 1",1
invalid,1
invalid,1
"strtlo r6, [pc], -0x962",1
"eorlo r3, lr, 0xb80000",1
invalid,1
"strbvs r7, [r4, -0x56c]!",1
"ldrbvs r0, [r8, -r0]!",1
"strbvc r7, [r3, -r5, ror 8]!",1
"rsbeq r2, r3, r4, ror 28",1
"strvc r0, [r0, -1]",1
"ldrbtvc r6, [r3], -0x96e",1
"rsbeq r2, r8, r4, ror 28",1
"movwvc r0, 2",1
"strbvs r6, [r4, -0x474]!",1
"rsbeq r2, r8, r6, ror 28",1
"strvs r0, [r0, -3]",1
svcvs 0x6e7272,1
"andeq r6, r0, 0x2e0000",1
"cmnvs r8, r0",1
invalid,1
invalid,1
"andeq r0, r0, r0",1
"strbgt r0, [r8], 0x205",1
"movwhs r0, 0x3000",1
"movweq r0, 0x2401",1
"streq r0, [r1], -0x1ae",1
"cdpvc p3, 0xd, c0, c2, c1, 0",1
"movweq r0, 0x242e",1
"strteq r0, [lr], -0x1ae",1
"cdpvc p3, 0xd, c0, c4, c1, 0",1
"andeq r4, r0, 0x1280",1
"movthi r0, 0x7104",1
invalid,1
"andeq r4, r1, r1",1
"stcle p2, c0, [r0, -0]",1
"andeq r0, r0, 0",1
"vstreq d15, [lr, -4]",1
"mrseq r0, apsr",1
"andeq r0, r0, r1",1
invalid,1
"rsbeq r6, r2, ip, ror 18",1
"rsbsvc r7, r3, 0xbc00000",1
invalid,1
"strbvs r7, [r4, -0x56c]!",1
"strbtvc r6, [sb], -0x22f",1
"strvc r0, [0x00013b61]!",1
"stcvs p2, c7, [pc], -0x1cc",1
"strvs r6, [pc, -sb, ror 4]!",1
invalid,1
"eorvc r6, sp, r2, ror sp",1
invalid,1
"strbvc r6, [lr, -0x96c]!",1
"mcrvs p13, 3, r2, c7, c8, 3",1
"rsbvs r6, r1, 0x1d400000",1
"cdphs p15, 3, c2, c4, c9, 3",1
svchs 0x322e37,1
"stclvs p14, c6, [r3], -0x1a4",1
"rsbeq r6, r5, r5, ror r4",1
"rsbsvc r7, r3, 0xbc00000",1
invalid,1
"strbvs r7, [r4, -0x56c]!",1
"stcvs p14, c2, [pc], -0",1
"andeq r6, r0, sb, ror 4",1
invalid,1
"ldrbtvc r2, [r3], -0xd65",1
"stclvs p5, c6, [r1, -0x1c8]!",1
invalid,1
"ldrbtvc r0, [r3], -0",1
"cdphs p9, 6, c6, c15, c4, 3",1
"andeq r0, r2, r8, rrx",1
"ldrbtvs r7, [r4], -0x300",1
"cdphs p5, 6, c6, c6, c4, 3",1
"andeq r0, r3, r8, rrx",1
"rsbsvc r7, sb, r0, lsl 8",1
"stmdavs lr!, {r0, r2, r5, r6, r8, sb, ip, sp, lr}",1
"andeq r0, r0, r0, lsl 4",1
"stmdbvs r4!, {r0, r1, r4, r5, r6, sl, ip, sp, lr} ^",1
"rsbeq r2, r8, pc, ror 28",1
invalid,1
svcvs 0x696269,1
"streq r6, [r0], -0x82e",1
"ldrbtvc r0, [r3], -0",1
svcpl 0x6f6964,1
"cdphs p8, 7, c7, c4, c5, 3",1
"andeq r0, r4, r8, rrx",1
"ldrbtvs r7, [r4], -0x300",1
"stmdavs lr!, {r0, r3, r5, r6, r8, sb, sl, fp, sp, lr}",1
"andeq r0, r0, r0, lsl 10",1
"cdpvs p2, 7, c7, c2, c5, 3",1
"rsbeq r2, r8, pc, ror 28",1
"andeq r0, r0, r2",1
invalid,1
"movweq r0, 0xc4",1
svchs 0x2e0138,1
"movweq r0, 0x244c",1
"strteq r0, [lr], -0xca",1
svcvc 0xb60301,1
"movweq r0, 0x242e",1
"strteq r0, [lr], -0xca",1
svcvc 0xb60301,1
bmi 0x294968,1
"mrseq r0, r12_usr",1
"andeq r4, r0, 0x6000",1
"strlo r0, [r6, -0x104]",1
"mrseq r0, r12_usr",1
bvs 0xbb20d0,1
bmi 0x1e94990,1
invalid,1
"mrseq r0, r12_usr",1
"subeq r7, sl, r3, lsl 16",1
"stcvs p4, c0, [r1, -8]",1
"mrseq r0, r12_usr",1
"strtne r7, [lr], -r3, lsl 18",1
invalid,1
"andeq r1, r2, r1, lsl 6",1
bhs 0x144ec,1
"andeq r0, r0, 1",1
"vstreq d15, [lr, -4]",1
"mrseq r0, apsr",1
"andeq r0, r0, r1",1
invalid,1
"rsbeq r6, r2, ip, ror 18",1
"rsbsvc r7, r3, 0xbc00000",1
invalid,1
"strbvs r7, [r4, -0x56c]!",1
"strbtvc r6, [sb], -0x22f",1
"strvc r0, [0x00013ca5]!",1
"stcvs p2, c7, [pc], -0x1cc",1
"strvs r6, [pc, -sb, ror 4]!",1
invalid,1
"eorvc r6, sp, r2, ror sp",1
invalid,1
"strbvc r6, [lr, -0x96c]!",1
"mcrvs p13, 3, r2, c7, c8, 3",1
"rsbvs r6, r1, 0x1d400000",1
"cdphs p15, 3, c2, c4, c9, 3",1
svchs 0x322e37,1
"stclvs p14, c6, [r3], -0x1a4",1
"rsbeq r6, r5, r5, ror r4",1
"rsbsvc r7, r3, 0xbc00000",1
invalid,1
"strbvs r7, [r4, -0x56c]!",1
"stcvs p14, c2, [pc], -0",1
"andeq r6, r0, sb, ror 4",1
invalid,1
invalid,1
"strbtvc r7, [r5], -0x372",1
invalid,1
"ldrbtvc r0, [r3], -0",1
invalid,1
"rsbeq r2, r8, r3, lsr lr",1
"strvs r0, [r0], -r2",1
"ldclvs p14, c6, [r4], -0x18c",1
"rsbeq r2, r8, r2, lsr lr",1
"movwvc r0, 2",1
svcvs 0x696474,1
"andeq r6, r0, 0x2e0000",1
invalid,1
"mrchs p5, 3, r6, c3, c0, 3",1
"andeq r0, r2, r8, rrx",1
"ldrbtvs r7, [r4], -0x300",1
"cdphs p5, 6, c6, c6, c4, 3",1
"andeq r0, r3, r8, rrx",1
"ldrbtvs r7, [r4], -0x300",1
"stmdavs lr!, {r0, r3, r5, r6, r8, sb, sl, fp, sp, lr}",1
"andeq r0, r0, r0, lsl 8",1
"stmdbvs r2!, {r2, r3, r5, r6, r8, fp, sp, lr} ^",1
"rsbeq r2, r8, pc, ror 28",1
"cdpvs p0, 0, c0, c0, c4, 0",1
"ldmdbvc r4!, {r2, r3, r5, r6, r8, sb, sl, fp, ip, lr} ^",1
"mrchs p5, 3, r6, c3, c0, 3",1
"andeq r0, r4, r8, rrx",1
"rsbsvc r7, r4, 0, 6",1
"cdphs p14, 6, c6, c7, c9, 3",1
"andeq r0, r4, r8, rrx",1
"ldrbtvs r7, [r4], -0x300",1
"cdphs p9, 6, c6, c2, c12, 3",1
"andeq r0, r4, r8, rrx",1
"strbvc r3, [r2, -0xc00]!",1
"ldclhs p12, c6, [r4, -0x1a4]!",1
"eorseq r6, lr, sb, ror 28",1
"movwvc r0, 0",1
svcvs 0x696474,1
"streq r6, [r0, -0x82e]",1
"cdpvs p0, 7, c0, c5, c0, 0",1
"ldrbtvs r7, [r4], -0x369",1
"streq r6, [r0], -0x82e",1
invalid,1
"cdpvs p7, 6, c6, c9, c14, 3",1
"stmdavs lr!, {r1, r2, r5, r6, r8, sb, sl, fp, sp, lr}",1
"andeq r0, r0, r0, lsl 8",1
"andeq r0, r5, 0",1
"andeq ip, r0, r0, lsl 11",1
invalid,1
invalid,1
"stmdbeq r3, {r0, r1, r2, r4, r5, r6, sb, sl, fp, sp}",1
"cdpvc p3, 8, c0, c11, c14, 1",1
"orrseq r0, r4, 0xb8000000",1
"stclvc p3, c0, [ip], 0xb8",1
"orrseq r0, r4, 0xb8000000",1
"stclvc p3, c0, [sp], 0xb8",1
"orrseq r0, r7, 0x28000001",1
"stmdblt r8!, {r1, r3, r6, r8, sl, fp, sp} ^",1
invalid,1
"andeq r2, r0, 47, 30",1
bmi 0x194264,1
svchs 0x896806,1
invalid,1
blmi 0xfe7b31cc,1
"ldrvs r3, [pc, r3, lsr 1]   ; [0x13e64:4]=0x1044a7f",1
"andge r0, r3, r4, lsl 4",1
invalid,1
"strvs lr, [r0], -r3, lsl 6",1
"movweq r0, 0x242f",1
"strbeq r7, [sl], -0xf9c",1
invalid,1
"strvs pc, [r0], -r3, lsl 14",1
"streq r4, [r4], -0xb51",1
"ldrbtvs r8, [pc], -r3, lsl 26 ; [0x13e88:4]=0x3a09e01",1
bhi 0xd429c,1
"moveq sb, 1, 28",1
"stmdale fp, {r1, r3, sb, fp, lr} ^",1
"eorlo r4, ip, r7, ror 24",1
svchs 0x812f30,1
"andeq r5, r4, 0x4000000d",1
"rsbshi pc, lr, 0x3000",1
"strhi r0, [r3, -r4, lsl 2]",1
"andeq r6, r4, 0x100000",1
"cdphs p9, 7, c15, c14, c3, 0",1
"stmdbpl r3, {r2, sl}",1
"movweq r0, 0x149e",1
"bfivs r0, r1, 3, 0x14",1
blmi 0x129b6cc,1
"cdple p0, 0, c5, c3, c14, 2",1
"andlt r4, r3, r0, lsl 20",1
"sublo r4, pc, lr, ror sl",1
blmi 0xfee9d6dc,1
blmi 0x129eee0,1
"stmdblt r3, {r0, r7, r8, sb, sl, fp, sp}",1
invalid,1
invalid,1
"subpl r0, sl, r1, ror 1",1
"movweq r0, 0x444c",1
"strbeq r7, [sl], -0xece",1
"orreq r0, r8, r1, lsl 6",1
"movweq r0, 0x444a",1
"rsbeq r7, r6, 248, 28",1
invalid,1
"andeq r0, r0, sp, lsl 2",1
"sbcseq r0, r8, r2",1
invalid,1
"strdeq r0, r1, [sp], -fp",1
"mrseq r0, apsr",1
invalid,1
invalid,1
svchs 0x6269,1
svchs 0x727375,1
svchs 0x62696c,1
svchs 0x636367,1
"stclhs p2, c7, [sp, -0x184]!",1
"stmdbvc fp!, {r4, r5, r6, r8, sb, sl, fp, sp, lr} ^",1
"cdpvs p12, 6, c6, c9, c13, 1",1
invalid,1
invalid,1
"strtlo r6, [pc], -0x962",1
"eorlo r3, lr, 0xb80000",1
invalid,1
"strbvs r7, [r4, -0x56c]!",1
"cmnvc r5, 0, 30",1
"mcrvs p15, 3, r2, c9, c2, 3",1
"ldrbtvs r6, [r5], -0xc63",1
"stmdbvs r2!, {r0, r2, r5, r6, r8, sb, sl, fp, sp} ^",1
svchs 0x7374,1
svchs 0x727375,1
"stclvs p14, c6, [r3], -0x1a4",1
"rsbeq r6, r5, r5, ror r4",1
"stmdbvs ip!, {r1, r2, r3, r5, r8, sb, sl, fp, sp} ^",1
"strvs r0, [r0], -r2, rrx",1
invalid,1
"rsbeq r2, r3, r5, ror 28",1
"movwvc r0, 1",1
"strbvs r6, [r4, -0x474]!",1
"rsbeq r2, r8, r6, ror 28",1
"strvc r0, [r0], -2",1
invalid,1
"movweq r6, 0x82e",1
"ldrbtvc r0, [r3], -0",1
"cdphs p9, 6, c6, c15, c4, 3",1
"andeq r0, r4, r8, rrx",1
"rsbvs r6, sb, 0, 24",1
"stmdavs lr!, {r0, r3, r5, r6, r8, sb, sl, fp, sp, lr}",1
"andeq r0, r0, r0, lsl 8",1
"stmdbvs r4!, {r0, r1, r4, r5, r6, sl, ip, sp, lr} ^",1
"stmdavc r5!, {r0, r1, r2, r3, r5, r6, r8, sb, sl, fp, ip, lr} ^",1
"rsbeq r2, r8, r4, ror lr",1
"movwvc r0, 4",1
svcvs 0x696474,1
"streq r6, [r0, -0x82e]",1
"cdpvs p0, 7, c0, c5, c0, 0",1
"ldrbtvs r7, [r4], -0x369",1
"streq r6, [r0], -0x82e",1
"rsbvc r0, r5, 0",1
"mcrhs p14, 3, r6, c15, c2, 3",1
"andeq r0, r3, r8, rrx",1
"streq r0, [r0, -0]",1
"sbceq ip, r8, r2, lsl 8",1
"teqeq r8, r0, lsl 6",1
svchs 0x2f344a,1
invalid,1
svcmi 0x661a03,1
"eorseq r2, r2, r0, lsr pc",1
"movweq r0, 0x1402",1
invalid,1
invalid,1
bmi 0x1d14cc0,1
invalid,1
"andeq pc, r0, r1, lsl 10",1
"mrsgt r0, r8_usr",1
"andeq r0, r0, 0",1
"vstreq d15, [lr, -4]",1
"mrseq r0, apsr",1
"andeq r0, r0, r1",1
invalid,1
"rsbeq r6, r2, ip, ror 18",1
"rsbsvc r7, r3, 0xbc00000",1
"rsbvs r6, sb, 0x2f00",1
invalid,1
"ldclvs p1, c6, [r2, -0xbc]!",1
blvs 0x1bf00f4,1
"stmdbvs ip!, {r0, r3, r4, r5, r6, r8, sl, fp, sp} ^",1
"ldclhs p5, c7, [r8, -0x1b8]!",1
"ldrbvs r6, [r5, -0xe67]!",1
svchs 0x696261,1
"mrchs p14, 1, r2, c7, c4, 1",1
"mcrvs p15, 3, r2, c9, c2, 1",1
"ldrbtvs r6, [r5], -0xc63",1
"strvc r0, [0x00013ffb]!",1
"stmdbvs pc!, {r0, r1, r4, r5, r6, sb, ip, sp, lr}",1
"strbvc r6, [ip, -0x36e]!",1
"eorvs r6, pc, 100, 10",1
"rsbseq r7, r3, sb, ror 8",1
"rsbsvc r7, r3, 0xbc00000",1
invalid,1
"strbvs r7, [r4, -0x56c]!",1
"stcvs p14, c2, [pc], -0",1
"andeq r6, r0, sb, ror 4",1
"strbvc r6, [ip, -0x666]!",1
invalid,1
"andeq r0, r0, r0, lsl 2",1
"strbtvs r7, [r4], -0x473",1
"stmdavs lr!, {r0, r2, r5, r6, sb, sl, sp, lr}",1
"andeq r0, r0, r0, lsl 4",1
"ldrbvs r7, [r0, -0x974]!",1
"rsbeq r2, r8, r3, ror lr",1
"movwvc r0, 3",1
svcvs 0x696474,1
"streq r6, [r0], -0x82e",1
invalid,1
"cdphs p9, 6, c6, c15, c2, 3",1
"andeq r0, r4, r8, rrx",1
"ldrbtvs r7, [r4], -0x300",1
"stmdavs lr!, {r0, r3, r5, r6, r8, sb, sl, fp, sp, lr}",1
"andeq r0, r0, r0, lsl 10",1
"stmdbvs r4!, {r0, r1, r4, r5, r6, sl, ip, sp, lr} ^",1
"stmdavc r5!, {r0, r1, r2, r3, r5, r6, r8, sb, sl, fp, ip, lr} ^",1
"rsbeq r2, r8, r4, ror lr",1
"andeq r0, r0, r4",1
"strvs r0, [r2], -0x500",1
"movweq r0, 0xc9",1
"movweq r0, 0x10fc",1
invalid,1
"cdphs p3, 1, c0, c4, c14, 1",1
"mrseq r0, r12_usr",1
"stcvs p14, c2, [r6, -0x18]",1
"cdphs p9, 0, c12, c0, c3, 0",1
bmi 0x2001d08,1
"cdphs p2, 7, c9, c15, c3, 0",1
"andeq r0, lr, r8, ror 4",1
"rscseq r0, sp, r1, lsl 2",1
"andeq r0, r2, r0",1
"strheq r0, [r0], -lr",1
"cdpeq p1, 0xf, c0, c11, c2, 0",1
"mrseq r0, apsr",1
"andeq r0, r0, r1, lsl 2",1
"andeq r0, r0, r0, lsl 2",1
"rsbvs r6, sb, 0x100",1
"cmnvc r5, 0, 30",1
"stmdbvs ip!, {r1, r4, r5, r6, r8, sb, sl, fp, sp} ^",1
invalid,1
"rsbvc r2, r1, 0x18c",1
svcvs 0x702d6d,1
"stcvs p9, c7, [sp], -0x1ac",1
"ldmdavc r5!, {r0, r3, r5, r6, sb, sl, fp, sp, lr} ^",1
"strbvc r6, [lr, -0x72d]!",1
"stmdbvs r2!, {r0, r2, r5, r6, r8, sp, lr} ^",1
"strlo r3, [lr, -pc, lsr 8]!",1
"stmdbvs pc!, {r1, r2, r3, r5, sb, ip, sp}",1
"strbvc r6, [ip, -0x36e]!",1
svchs 0x6564,1
svchs 0x727375,1
"stclvs p14, c6, [r3], -0x1a4",1
svchs 0x656475,1
"cmnvc r4, 0x188000",1
"cmnvc r5, 0, 30",1
"mcrvs p15, 3, r2, c9, c2, 3",1
"ldrbtvs r6, [r5], -0xc63",1
svchs 0x2e0065,1
"rsbeq r6, r2, ip, ror 18",1
"ldrbvs r6, [r3, -0x600]!",1
"vnmulhs.f64 d22, d15, d21",1
"andeq r0, r1, r3, rrx",1
"ldrbtvs r7, [r4], -0x300",1
"cdphs p5, 6, c6, c6, c4, 3",1
"andeq r0, r2, r8, rrx",1
"rsbsvc r7, sb, r0, lsl 8",1
"stmdavs lr!, {r0, r2, r5, r6, r8, sb, ip, sp, lr}",1
"andeq r0, r0, r0, lsl 6",1
"stmdbvs r4!, {r0, r1, r4, r5, r6, sl, ip, sp, lr} ^",1
"rsbeq r2, r8, pc, ror 28",1
invalid,1
svcvs 0x696269,1
"streq r6, [r0], -0x82e",1
"ldrbtvc r0, [r3], -0",1
"cdphs p9, 6, c6, c15, c4, 3",1
"andeq r0, r5, r8, rrx",1
"stmdbvs lr!, {r8, sl, ip, sp, lr} ^",1
"mcrhs p4, 3, r7, c4, c3, 3",1
"andeq r0, r4, r8, rrx",1
"streq r0, [r0, -0]",1
"sbceq fp, sb, r2, lsl 16",1
invalid,1
invalid,1
"stmdbeq r3, {r0, r1, r2, r4, r5, r6, sb, sl, fp, sp}",1
"cdphs p3, 7, c0, c7, c14, 1",1
"movteq r0, 0xa903",1
blmi 0xb94598,1
svcvc 0x960349,1
"cdplo p3, 0, c8, c3, c14, 1",1
"stmdbeq r3, {r1, r2, r5, r6, r8, sb, sl, ip, lr, pc}",1
"movteq r2, 0x9f9e",1
"teqeq r1, 0x1f000",1
"streq r4, [r2], -0xa5a",1
"andlt r0, r1, r0, lsl 2",1
"andeq r0, r0, 0",1
"andeq r7, r0, r0, lsl 12",1
blx 0x54a16,1
invalid,1
"andeq r0, r1, r1, lsl 2",1
"andeq r0, r1, r0",1
"stmdavs pc!, {r8}",1
svchs 0x656d6f,1
"rsbsvc r6, r5, 0xa0000006",1
svchs 0x74656b,1
"strbtvc r6, [r3], -0xf79",1
"strbvc r2, [r2, -0xf6f]!",1
svchs 0x646c69,1
svchs 0x706d74,1
blvs 0x1cb0020,1
invalid,1
svchs 0x646572,1
"stclhs p3, c6, [r3, -0x19c]!",1
"mrchs p14, 1, r2, c7, c4, 1",1
"rsbslo r2, r2, 0xc80",1
invalid,1
"cdphs p13, 3, c2, c4, c3, 3",1
svchs 0x322e37,1
"strbvs r6, [r2, -ip, ror 18]!",1
invalid,1
"stmdbvs r6!, {r0, r1, r2, r3, r5, r6, sb, sl, fp, sp, lr} ^",1
"rsbvc r2, r1, 0x19c",1
invalid,1
"ldrtvs r6, [r1], -sb, ror 4",1
invalid,1
invalid,1
"andeq r0, r0, r0",1
bgt 0x1714aa0,1
invalid,1
svchs 0x300107,1
svchs 0x2f2f2f,1
"cdphs p4, 7, c15, c12, c3, 0",1
"bicseq r2, r6, 0xc000",1
"str r0, [r8], -0x2e7",1
svchs 0x2f312f,1
"eorlo r4, pc, 48, 24",1
svchs 0x661603,1
svchs 0x2f2f2f,1
"andeq r2, r2, 47, 30",1
"andls r0, r1, 0, 2",1
"andeq r0, r0, 0",1
"andeq r7, r0, r0, lsl 12",1
blx 0x54aca,1
invalid,1
"andeq r0, r1, r1, lsl 2",1
"andeq r0, r1, r0",1
"stmdavs pc!, {r8}",1
svchs 0x656d6f,1
"rsbsvc r6, r5, 0xa0000006",1
svchs 0x74656b,1
"strbtvc r6, [r3], -0xf79",1
"strbvc r2, [r2, -0xf6f]!",1
svchs 0x646c69,1
svchs 0x706d74,1
blvs 0x1cb00d4,1
invalid,1
svchs 0x646572,1
"stclhs p3, c6, [r3, -0x19c]!",1
"mrchs p14, 1, r2, c7, c4, 1",1
"rsbslo r2, r2, 0xc80",1
invalid,1
"cdphs p13, 3, c2, c4, c3, 3",1
svchs 0x322e37,1
"strbvs r6, [r2, -ip, ror 18]!",1
invalid,1
"stmdbvs r6!, {r0, r1, r2, r3, r5, r6, sb, sl, fp, sp, lr} ^",1
"rsbvc r2, r1, 0x19c",1
invalid,1
"ldrtvs r6, [r1], -sb, ror 4",1
invalid,1
invalid,1
"andeq r0, r0, r0",1
blgt 0x914b54,1
"stcge p0, c0, [r3, -0]",1
svchs 0x2f010a,1
"vaddhs.f64 d27, d7, d3",1
invalid,1
"andeq r0, r1, r1, lsl 14",1
"strgt r0, [r0, -r0, lsl 4]",1
"andeq r0, r0, 0",1
"vstreq d15, [lr, -4]",1
"mrseq r0, apsr",1
"andeq r0, r0, r1",1
invalid,1
"stclvs p8, c6, [0x000142b4]!",1
"rsbvs r2, sl, 0x194",1
"strbvs r7, [fp, -0x275]!",1
svcvs 0x792f74,1
svchs 0x6f7463,1
"stclvs p5, c7, [sb], -0x188",1
"ldclvs p15, c2, [r4, -0x190]!",1
"ldmdbvc r3!, {r4, r5, r6, r8, sb, sl, fp, sp} ^",1
svcvs 0x6f7273,1
"stmdavc pc!, {r2, r4, r5, r6, r8, sb, ip, sp, lr}",1
"uasxlo r3, pc, r8",1
"stmdbvs ip!, {r2, r4, r5, r8, sl, fp, sp} ^",1
svchs 0x78756e,1
svchs 0x727375,1
svchs 0x62696c,1
"strbtvc r7, [sp], -r1, ror 4",1
"qasxvc r6, sp, r7",1
"cdpvs p0, 2, c7, c13, c6, 3",1
"stclhs p15, c6, [lr, -0x194]!",1
"stmdbvc fp!, {r4, r5, r6, r8, sb, sl, fp, sp, lr} ^",1
"cdpvs p12, 6, c6, c9, c13, 1",1
invalid,1
invalid,1
"strvs r6, [lr, -r2, ror 18]!",1
invalid,1
"cmnvc r3, 0x1c8",1
"stmdbvs lr!, {r0, r2, r3, r5, r8, fp, sp, lr} ^",1
"stclvs p9, c6, [r1], -0x1d0",1
invalid,1
"ldclvs p1, c6, [r2, -0xbc]!",1
blvs 0x1bf049c,1
"stmdbvs ip!, {r0, r3, r4, r5, r6, r8, sl, fp, sp} ^",1
"ldclhs p5, c7, [r8, -0x1b8]!",1
"ldrbvs r6, [r5, -0xe67]!",1
svchs 0x696261,1
"mrchs p14, 1, r2, c7, c4, 1",1
"mcrvs p15, 3, r2, c9, c2, 1",1
"ldrbtvs r6, [r5], -0xc63",1
"strvs r0, [r0, -0x65]",1
"pushvs {r2, r3, r5, r6, sb, sl, sp, lr}",1
"cdphs p9, 7, c6, c4, c14, 3",1
"andeq r0, r0, r3, rrx",1
"ldrbtvs r7, [r4], -0x300",1
"cdphs p5, 6, c6, c6, c4, 3",1
"andeq r0, r1, r8, rrx",1
"streq r0, [r0, -0]",1
"sbceq r3, fp, r2, lsl 8",1
"sbceq r0, r0, r0, lsl 6",1
"andne r2, r3, r1, lsl 28",1
"cdphs p3, 7, c0, c0, c14, 1",1
invalid,1
"andne r2, r3, r0, ror lr",1
blmi 0xc1f4f8,1
"andeq r0, r4, 0, 4",1
"streq r0, [r2], -0x83",1
"andeq r8, r0, 0x80000000",1
"eoreq r0, pc, r4, lsl 4",1
"stchs p4, c0, [r2, -8]",1
"addseq r0, lr, 0xc000",1
"mrseq r0, apsr",1
"andeq r0, r0, r1, asr r0",1
"eorseq r0, r6, r2",1
invalid,1
"strdeq r0, r1, [sp], -fp",1
"mrseq r0, apsr",1
invalid,1
"cdphs p0, 0, c0, c1, c0, 0",1
"cdpvs p15, 6, c2, c9, c14, 1",1
"ldrbtvs r6, [r5], -0xc63",1
invalid,1
"ldmdbvs r8!, {r2, r4, r5, r6, r8, sl, sp, lr} ^",1
"rsbeq r2, r3, r4, ror lr",1
"movwvc r0, 0",1
"stmdbvs ip!, {r2, r4, r5, r6, sl, sp, lr} ^",1
"rsbeq r2, r8, r2, ror 28",1
"andeq r0, r0, r1",1
invalid,1
"movweq r0, 0xcb",1
svchs 0x10130,1
"addne r2, r4, sb, asr 30",1
invalid,1
"andeq r5, r0, r1, lsl 12",1
"andlo r0, r0, 0, 4",1
"andeq r0, r0, 0",1
"vstreq d15, [lr, -4]",1
"mrseq r0, apsr",1
"andeq r0, r0, r1",1
invalid,1
"eorvc r2, pc, lr, lsr 28",1
"cmnvc r4, 0xf0000006",1
"cmnvc sb, 0xbc000000",1
"cmnvc r0, 100, 10           ; 0x64",1
"ldclvs p1, c6, [r2, -0xbc]!",1
"rsbvc r0, r3, 0",1
invalid,1
"andeq r0, r0, r0, lsl 2",1
"andeq r0, r5, 0",1
"andeq r8, r0, r0, asr 27",1
"andeq r2, r1, 3, 26",1
"mrseq r0, apsr",1
invalid,1
"movweq r0, 0xcb",1
"andeq r0, r2, 0x4000000d",1
"andeq r0, r1, r0, lsl 2",1
"andeq r0, r0, ip",1
invalid,1
invalid,1
"andeq r0, sp, lr, lsl 24",1
"andeq r0, r0, r8, lsr 32",1
"andeq r0, r0, r0",1
"strheq sb, [r0], -r4",1
"andeq r0, r0, ip, ror 14",1
"strthi r0, [r4], -0xe42",1
"strhi r8, [r8], -sb, lsl 10",1
"stmdahi r6, {r0, r1, r2, r8, sb, sl, pc}",1
bhi 0x136950,1
"vmlahi.f64 d8, d2, d3",1
"andhi r4, lr, r1, lsl 4",1
"andeq r0, r0, r3",1
"andeq r0, r0, r4, lsl r0",1
"andeq r0, r0, r0",1
"andeq sb, r0, r0, lsr 24",1
"ldrdeq r0, r1, [r0], -r8",1
"movwhi r0, 0x8e44",1
"andeq r8, r1, r2, lsl 28",1
"andeq r0, r0, r0, lsr 32",1
"andeq r0, r0, r0",1
"andeq sb, r0, r0, asr 1",1
"andeq r0, r0, r0, asr 5",1
"ldrhi r0, [r8], -0xe42",1
"strhi r8, [r5], -r6, lsl 10",1
"stmdahi r3, {r2, r8, sb, sl, pc}",1
"strmi r8, [r1], -0xe02",1
"andeq pc, r1, lr",1
"andeq r0, r0, ip",1
invalid,1
invalid,1
"andeq r0, sp, lr, lsl 24",1
"andeq r0, r0, ip",1
"andeq r0, r0, r8, ror r0",1
"strdeq sb, sl, [r0], -r8",1
"andeq r0, r0, r0, lsl r0",1
"andeq r0, r0, ip",1
"andeq r0, r0, r8, ror r0",1
"andeq sb, r0, r8, lsl 28",1
"andeq r0, r0, r0, lsl r0",1
"andeq r0, r0, ip, lsl r0",1
"andeq r0, r0, r8, ror r0",1
"andeq sb, r0, r8, lsl lr",1
"andeq r0, r0, r8, ror 1",1
"ldrhi r0, [r0], -0xe42",1
"strhi r8, [r3], -r4, lsl 10",1
"strmi r8, [r1], -0xe02",1
"andeq r1, r0, lr, lsl 16",1
"andeq r0, r0, ip",1
invalid,1
invalid,1
"andeq r0, sp, lr, lsl 24",1
"andeq r0, r0, ip",1
"andeq r0, r0, r8, asr 1",1
"andeq sb, r0, r0, lsl 30",1
"andeq r0, r0, r8, asr r0",1
"andeq r0, r0, r4, lsl r0",1
"andeq r0, r0, r8, asr 1",1
"andeq sb, r0, r8, asr pc",1
"andeq r0, r0, r4, asr 32",1
"strhi r0, [r8], -0xe42",1
"andeq r8, r1, r2, lsl 28",1
"andeq r0, r0, ip",1
invalid,1
invalid,1
"andeq r0, sp, lr, lsl 24",1
"andeq r0, r0, r8, lsl r0",1
"andeq r0, r0, r0, lsl 2",1
"muleq r0, ip, pc",1
"strheq r0, [r0], -r4",1
"ldrhi r0, [r0], -0xe42",1
"strhi r8, [r3], -r4, lsl 10",1
"andeq r8, r1, r2, lsl 28",1
"andeq r0, r0, ip",1
invalid,1
invalid,1
"andeq r0, sp, lr, lsl 24",1
"andeq r0, r0, r8, lsl r0",1
"andeq r0, r0, ip, lsr 2",1
"andeq sl, r0, r0, asr r0",1
"andeq r0, r0, r8, lsr 2",1
"tsthi r0, 0x420",1
"strhi r8, [r3, -0x404]",1
"andeq r8, r1, r2, lsl 28",1
"andeq r0, r0, r8, lsr 32",1
"andeq r0, r0, ip, lsr 2",1
"andeq sl, r0, r8, ror r1",1
"andeq r0, r0, ip, ror 26",1
"strthi r0, [r4], -0xe42",1
"strhi r8, [r8], -sb, lsl 10",1
"stmdahi r6, {r0, r1, r2, r8, sb, sl, pc}",1
bhi 0x136a98,1
"vmlahi.f64 d8, d2, d3",1
"stmdage lr, {r0, sb, lr}",1
"andeq r0, r0, r1",1
"andeq r0, r0, r4, lsr 32",1
"andeq r0, r0, ip, lsr 2",1
"andeq sl, r0, r4, ror 29",1
"strheq r0, [r0], -r0",1
"strthi r0, [r4], -0xe42",1
"strhi r8, [r8], -sb, lsl 10",1
"stmdahi r6, {r0, r1, r2, r8, sb, sl, pc}",1
bhi 0x136ac4,1
"vmlahi.f64 d8, d2, d3",1
"andpl r4, lr, r1, lsl 4",1
"andeq r0, r0, r8, lsl r0",1
"andeq r0, r0, ip, lsr 2",1
"muleq r0, r4, r0",1
"andeq r0, r0, r4, lsr r0",1
"ldrhi r0, [r0], -0xe42",1
"strhi r8, [r3], -r4, lsl 10",1
"andeq r8, r1, r2, lsl 28",1
"andeq r0, r0, ip",1
"andeq r0, r0, ip, lsr 2",1
"andeq fp, r0, r8, asr 1",1
"andeq r0, r0, r8, lsl r0",1
"andeq r0, r0, ip",1
"andeq r0, r0, ip, lsr 2",1
"andeq fp, r0, r0, ror 1",1
"andeq r0, r0, r8, lsl r0",1
"andeq r0, r0, r4, lsl r0",1
"andeq r0, r0, ip, lsr 2",1
"strdeq fp, ip, [r0], -r8",1
"andeq r0, r0, r4, asr 32",1
"strhi r0, [r4], -0xe4c",1
"andeq r0, r0, r1",1
"andeq r0, r0, ip",1
"andeq r0, r0, ip, lsr 2",1
"andeq fp, r0, ip, lsr r1",1
"andeq r0, r0, ip, lsl r0",1
"andeq r0, r0, r4, lsl r0",1
"andeq r0, r0, ip, lsr 2",1
"andeq fp, r0, r8, asr r1",1
"andeq r0, r0, r4, lsr r0",1
"movwhi r0, 0x8e42",1
"andeq r8, r1, r2, lsl 28",1
"andeq r0, r0, r4, lsr 32",1
"andeq r0, r0, ip, lsr 2",1
"andeq fp, r0, ip, lsl 3",1
"andeq r0, r0, ip, ror r0",1
"strthi r0, [r0], -0xe42",1
"strhi r8, [r7], -r8, lsl 10",1
"stmdahi r5, {r1, r2, r8, sb, sl, pc}",1
bhi 0xf6b64,1
"andmi r8, r1, 2, 28",1
"andeq r3, r0, lr, lsl 16",1
"andeq r0, r0, r4, lsr 32",1
"andeq r0, r0, ip, lsr 2",1
"andeq fp, r0, r8, lsl 4",1
"strheq r0, [r0], -r8",1
"strthi r0, [r4], -0xe42",1
"strhi r8, [r8], -sb, lsl 10",1
"stmdahi r6, {r0, r1, r2, r8, sb, sl, pc}",1
bhi 0x136b90,1
"vmlahi.f64 d8, d2, d3",1
"stmdami lr, {r0, sl, lr}",1
"andeq r0, r0, r4, lsr 32",1
"andeq r0, r0, ip, lsr 2",1
"andeq fp, r0, r0, asr 5",1
"andeq r0, r0, ip, asr 1",1
"strthi r0, [r4], -0xe42",1
"strhi r8, [r8], -sb, lsl 10",1
"stmdahi r6, {r0, r1, r2, r8, sb, sl, pc}",1
bhi 0x136bb8,1
"vmlahi.f64 d8, d2, d3",1
"stmdami lr, {r0, sl, lr}",1
"andeq r0, r0, ip, lsl r0",1
"andeq r0, r0, ip, lsr 2",1
"andeq fp, r0, ip, lsl 7",1
"andeq r0, r0, r8, lsl 1",1
"ldrhi r0, [r8], -0xe42",1
"strhi r8, [r5], -r6, lsl 10",1
"stmdahi r3, {r2, r8, sb, sl, pc}",1
"andeq r8, r1, r2, lsl 28",1
"andeq r0, r0, ip",1
"andeq r0, r0, ip, lsr 2",1
"andeq fp, r0, r4, lsl r4",1
"andeq r0, r0, r0, lsl r0",1
"andeq r0, r0, ip",1
"andeq r0, r0, ip, lsr 2",1
"andeq fp, r0, r4, lsr 8",1
"andeq r0, r0, ip",1
"andeq r0, r0, ip",1
"andeq r0, r0, ip, lsr 2",1
"andeq fp, r0, r0, lsr r4",1
"andeq r0, r0, r8, lsl r0",1
"andeq r0, r0, ip",1
"andeq r0, r0, ip, lsr 2",1
"andeq fp, r0, r8, asr 8",1
"andeq r0, r0, ip, lsl r0",1
"andeq r0, r0, r8, lsl r0",1
"andeq r0, r0, ip, lsr 2",1
"andeq fp, r0, r4, ror 8",1
"andeq r0, r0, ip, lsl 1",1
"strhi r0, [ip], -0xe42",1
"cdphi p5, 0, c8, c2, c3, 0",1
"andvc r4, lr, r1, lsl 8",1
"andeq r0, r0, ip, lsl r0",1
"andeq r0, r0, ip, lsr 2",1
"strdeq fp, ip, [r0], -r0",1
"muleq r0, r0, r0",1
"ldrhi r0, [r0], -0xe42",1
"strhi r8, [r3], -r4, lsl 10",1
"strmi r8, [r1], -0xe02",1
"andeq r7, r0, lr",1
"andeq r0, r0, r8, lsl r0",1
"andeq r0, r0, ip, lsr 2",1
"andeq fp, r0, r0, lsl 11",1
"andeq r0, r0, r8, lsl 1",1
"strhi r0, [ip], -0xe42",1
"cdphi p5, 0, c8, c2, c3, 0",1
"andvc r4, lr, r1, lsl 8",1
"andeq r0, r0, ip, lsl r0",1
"andeq r0, r0, ip, lsr 2",1
"andeq fp, r0, r8, lsl 12",1
"andeq r0, r0, ip, lsl 1",1
"ldrhi r0, [r0], -0xe42",1
"strhi r8, [r3], -r4, lsl 10",1
"strmi r8, [r1], -0xe02",1
"andeq r7, r0, lr",1
"andeq r0, r0, ip, lsl r0",1
"andeq r0, r0, ip, lsr 2",1
"muleq r0, r4, r6",1
"andeq r0, r0, r0, lsl 1",1
"ldrhi r0, [r0], -0xe42",1
"strhi r8, [r3], -r4, lsl 10",1
"strmi r8, [r1], -0xe02",1
"andeq r4, r0, lr",1
"andeq r0, r0, r8, lsl r0",1
"andeq r0, r0, ip, lsr 2",1
"andeq fp, r0, r4, lsl r7",1
"andeq r0, r0, ip, ror r0",1
"strhi r0, [ip], -0xe42",1
"cdphi p5, 0, c8, c2, c3, 0",1
"andmi r4, lr, r1, lsl 8",1
"andeq r0, r0, r8, lsl r0",1
"andeq r0, r0, ip, lsr 2",1
"muleq r0, r0, r7",1
"andeq r0, r0, r4, rrx",1
"strhi r0, [r8], -0xe42",1
"strmi r8, [r1], -0xe02",1
"andeq r3, r0, lr, lsl 16",1
"andeq r0, r0, r8, lsl r0",1
"andeq r0, r0, ip, lsr 2",1
"strdeq fp, ip, [r0], -r4",1
"andeq r0, r0, r8, rrx",1
"strhi r0, [ip], -0xe42",1
"cdphi p5, 0, c8, c2, c3, 0",1
"andmi r4, lr, r1, lsl 8",1
"andeq r0, r0, ip, lsl r0",1
"andeq r0, r0, ip, lsr 2",1
"andeq fp, r0, ip, asr r8",1
"andeq r0, r0, r8, ror r0",1
"ldrhi r0, [r4], -0xe42",1
"strhi r8, [r4], -r5, lsl 10",1
"cdphi p7, 0, c8, c2, c3, 0",1
"stmdami lr, {r0, sl, lr}",1
"andeq r0, r0, ip, lsl r0",1
"andeq r0, r0, ip, lsr 2",1
"ldrdeq fp, ip, [r0], -r4",1
"andeq r0, r0, r8, ror r0",1
"ldrhi r0, [r4], -0xe42",1
"strhi r8, [r4], -r5, lsl 10",1
"cdphi p7, 0, c8, c2, c3, 0",1
"stmdami lr, {r0, sl, lr}",1
"andeq r0, r0, ip, lsl r0",1
"andeq r0, r0, ip, lsr 2",1
"andeq fp, r0, ip, asr 18",1
"andeq r0, r0, ip, ror r0",1
"ldrhi r0, [r0], -0xe42",1
"strhi r8, [r3], -r4, lsl 10",1
"strmi r8, [r1], -0xe02",1
"andeq r4, r0, lr",1
"andeq r0, r0, ip, lsl r0",1
"andeq r0, r0, ip, lsr 2",1
"andeq fp, r0, r8, asr 19",1
"andeq r0, r0, r0, lsl 1",1
"ldrhi r0, [r4], -0xe42",1
"strhi r8, [r4], -r5, lsl 10",1
"cdphi p7, 0, c8, c2, c3, 0",1
"stmdami lr, {r0, sl, lr}",1
"andeq r0, r0, ip",1
"andeq r0, r0, ip, lsr 2",1
"andeq fp, r0, r8, asr 20",1
"andeq r0, r0, ip",1
"andeq r0, r0, ip",1
"andeq r0, r0, ip, lsr 2",1
"andeq fp, r0, r4, asr sl",1
"andeq r0, r0, ip, lsl r0",1
"andeq r0, r0, ip",1
"andeq r0, r0, ip, lsr 2",1
"andeq fp, r0, r0, ror sl",1
"andeq r0, r0, r0, lsl r0",1
"andeq r0, r0, ip",1
"andeq r0, r0, ip, lsr 2",1
"andeq fp, r0, r0, lsl 21",1
"andeq r0, r0, r8, lsl r0",1
"andeq r0, r0, ip",1
invalid,1
invalid,1
"andeq r0, sp, lr, lsl 24",1
"andeq r0, r0, r8, lsl r0",1
"andeq r0, r0, ip, lsr 9",1
"muleq r0, r8, sl",1
"andeq r0, r0, r4, asr r0",1
"strhi r0, [r8], -0xe42",1
"andmi r8, r1, 2, 28",1
"andeq r7, r0, lr",1
"andeq r0, r0, ip",1
invalid,1
invalid,1
"andeq r0, sp, lr, lsl 24",1
"andeq r0, r0, r0, lsr 32",1
"ldrdeq r0, r1, [r0], -r8",1
"andeq fp, r0, ip, ror 21",1
"andeq r0, r0, r0, lsl 7",1
"ldrhi r0, [ip], -0xe42",1
"strhi r8, [r6], -r7, lsl 10",1
"stmdahi r4, {r0, r2, r8, sb, sl, pc}",1
"vmlahi.f32 s16, s4, s6",1
"andmi r4, lr, r1, lsl 8",1
"andeq r0, r0, r8, lsl r0",1
"ldrdeq r0, r1, [r0], -r8",1
"andeq fp, r0, ip, ror 28",1
"andeq r0, r0, r0, asr 32",1
"strhi r0, [ip], -0xe42",1
"cdphi p5, 0, c8, c2, c3, 0",1
"stmdane lr, {r0, sb, lr}",1
"andeq r0, r0, r4, lsl r0",1
"ldrdeq r0, r1, [r0], -r8",1
"andeq fp, r0, ip, lsr 29",1
"andeq r0, r0, r4, lsl 2",1
"cdphi p14, 0, c0, c4, c2, 2",1
"stmdalo lr, {r0, sb, lr}",1
"andeq r0, r0, ip, lsl r0",1
"ldrdeq r0, r1, [r0], -r8",1
"strheq fp, [r0], -r0",1
"andeq r0, r0, r8, lsl r1",1
"movwhi r0, 0x4e42",1
"stmdaeq lr, {r0, sb, lr}",1
"cdpeq p2, 4, c0, c2, c14, 4",1
"andeq r0, r0, r0, asr 32",1
"andeq r0, r0, r4, lsl r0",1
"ldrdeq r0, r1, [r0], -r8",1
"andeq ip, r0, r8, asr 1",1
"andeq r0, r0, r4, lsl 1",1
"movwhi r0, 0x8e42",1
"andeq r8, r1, r2, lsl 28",1
"andeq r0, r0, ip",1
invalid,1
invalid,1
"andeq r0, sp, lr, lsl 24",1
"andeq r0, r0, r8, lsl r0",1
"andeq r0, r0, r8, ror r5",1
"andeq ip, r0, ip, asr 2",1
"andeq r0, r0, r8, asr 32",1
"tsthi r0, 0x420",1
"strhi r8, [r3, -0x404]",1
"andeq r8, r1, r2, lsl 28",1
"andeq r0, r0, r8, lsl r0",1
"andeq r0, r0, r8, ror r5",1
"muleq r0, r4, r1",1
"andeq r0, r0, ip, ror r0",1
"ldrhi r0, [r0], -0xe42",1
"strhi r8, [r3], -r4, lsl 10",1
"andeq r8, r1, r2, lsl 28",1
"andeq r0, r0, ip, lsl r0",1
"andeq r0, r0, r8, ror r5",1
"andeq ip, r0, r0, lsl r2",1
"andeq r0, r0, r8, lsr 1",1
"tsthi r8, 0x420",1
"strhi r8, [r5, -0x406]",1
"strhi r8, [r3, -r4, lsl 12]",1
"andeq r8, r1, r2, lsl 28",1
"andeq r0, r0, r4, lsl r0",1
"andeq r0, r0, r8, ror r5",1
"strheq ip, [r0], -r8",1
"andeq r0, r0, r8, lsr 32",1
"strhi r0, [r8], -0xe42",1
"andeq r8, r1, r2, lsl 28",1
"andeq r0, r0, r4, lsl r0",1
"andeq r0, r0, r8, ror r5",1
"andeq ip, r0, r0, ror 5",1
"andeq r0, r0, r8, lsr 32",1
"strhi r0, [r8], -0xe42",1
"andeq r8, r1, r2, lsl 28",1
"andeq r0, r0, r4, lsl r0",1
"andeq r0, r0, r8, ror r5",1
"andeq ip, r0, r8, lsl 6",1
"andeq r0, r0, ip, asr 32",1
"strhi r0, [r8], -0xe4c",1
"andeq r8, r1, r2, lsl 28",1
"andeq r0, r0, r4, lsl r0",1
"andeq r0, r0, r8, ror r5",1
"andeq ip, r0, r4, asr r3",1
"andeq r0, r0, r8, rrx",1
"strhi r0, [r8], -0xe44",1
"andeq r8, r1, r2, lsl 28",1
"andeq r0, r0, r4, lsl r0",1
"andeq r0, r0, r8, ror r5",1
"strheq ip, [r0], -ip",1
"andeq r0, r0, r4, lsr r0",1
"strhi r0, [r8], -0xe42",1
"andeq r8, r1, r2, lsl 28",1
"andeq r0, r0, r4, lsl r0",1
"andeq r0, r0, r8, ror r5",1
"strdeq ip, sp, [r0], -r0",1
"andeq r0, r0, r4, lsl r0",1
"movwhi r0, 0x8e42",1
"andeq r8, r1, r2, lsl 28",1
"andeq r0, r0, r8, lsl r0",1
"andeq r0, r0, r8, ror r5",1
"andeq ip, r0, r4, lsl 8",1
"andeq r0, r0, r0, asr 32",1
"tsthi r0, 0x420",1
"strhi r8, [r3, -0x404]",1
"andeq r8, r1, r2, lsl 28",1
"andeq r0, r0, r8, lsl r0",1
"andeq r0, r0, r8, ror r5",1
"andeq ip, r0, r4, asr 8",1
"andeq r0, r0, r4, asr 32",1
"tsthi r0, 0x420",1
"strhi r8, [r3, -0x404]",1
"andeq r8, r1, r2, lsl 28",1
"andeq r0, r0, ip",1
invalid,1
invalid,1
"andeq r0, sp, lr, lsl 24",1
"andeq r0, r0, r4, lsl r0",1
"andeq r0, r0, r8, lsr 13",1
"andeq ip, r0, r8, lsl 9",1
"andeq r0, r0, r0, asr 32",1
"movwhi r0, 0x8e42",1
"andeq r8, r1, r2, lsl 28",1
"andeq r0, r0, ip",1
invalid,1
invalid,1
"andeq r0, sp, lr, lsl 24",1
"andeq r0, r0, r4, lsl r0",1
"ldrdeq r0, r1, [r0], -r0",1
"andeq ip, r0, r8, asr 9",1
"andeq r0, r0, r4, lsr r0",1
"strhi r0, [r8], -0xe44",1
"andeq r8, r1, r2, lsl 28",1
"andeq r0, r0, ip",1
invalid,1
invalid,1
"andeq r0, sp, lr, lsl 24",1
"andeq r0, r0, r8, lsl r0",1
"strdeq r0, r1, [r0], -r8",1
"strdeq ip, sp, [r0], -ip",1
"andeq r0, r0, r4, lsl 1",1
"ldrhi r0, [r0], -0xe42",1
"strhi r8, [r3], -r4, lsl 10",1
"andeq r8, r1, r2, lsl 28",1
"andeq r0, r0, ip",1
invalid,1
invalid,1
"andeq r0, sp, lr, lsl 24",1
"andeq r0, r0, r8, lsr 32",1
"andeq r0, r0, r4, lsr 14",1
"andeq ip, r0, r0, lsl 11",1
"andeq r0, r0, r4, asr 6",1
"strthi r0, [r4], -0xe42",1
"strhi r8, [r8], -sb, lsl 10",1
"stmdahi r6, {r0, r1, r2, r8, sb, sl, pc}",1
bhi 0x137074,1
"vmlahi.f64 d8, d2, d3",1
"stmdals lr, {r0, sl, lr}",1
"andeq r0, r0, r1",1
"andeq r0, r0, ip",1
invalid,1
invalid,1
"andeq r0, sp, lr, lsl 24",1
"andeq r0, r0, ip, lsl r0",1
"andeq r0, r0, r0, ror 14",1
"andeq ip, r0, r4, asr 17",1
"andeq r0, r0, r0, lsr 1",1
"ldrhi r0, [r0], -0xe42",1
"strhi r8, [r3], -r4, lsl 10",1
"andmi r8, r1, 2, 28",1
"andeq r1, r0, lr, lsl 16",1
"andeq r0, r0, ip",1
invalid,1
invalid,1
"andeq r0, sp, lr, lsl 24",1
"andeq r0, r0, r8, lsl r0",1
"muleq r0, r0, r7",1
"andeq ip, r0, r4, ror 18",1
"andeq r0, r0, r4, asr r0",1
"strhi r0, [r8], -0xe42",1
"strmi r8, [r1], -0xe02",1
"andeq r1, r0, lr",1
"andeq r0, r0, ip",1
invalid,1
invalid,1
"andeq r0, sp, lr, lsl 24",1
"andeq r0, r0, ip, lsl r0",1
"strheq r0, [r0], -ip",1
"strheq ip, [r0], -r8",1
"andeq r0, r0, r4, lsr 1",1
"ldrhi r0, [r4], -0xe42",1
"strhi r8, [r4], -r5, lsl 10",1
"cdphi p7, 0, c8, c2, c3, 0",1
"stmdahs lr, {r0, sl, lr}",1
"andeq r0, r0, ip",1
invalid,1
invalid,1
"andeq r0, sp, lr, lsl 24",1
"andeq r0, r0, ip",1
"andeq r0, r0, ip, ror 15",1
"andeq ip, r0, ip, asr sl",1
"andeq r0, r0, r8, lsr 1",1
"andeq r0, r0, ip",1
invalid,1
invalid,1
"andeq r0, sp, lr, lsl 24",1
"andeq r0, r0, r0, lsr 32",1
"andeq r0, r0, ip, lsl 16",1
"andeq ip, r0, r4, lsr fp",1
"andeq r0, r0, r4, rrx",1
invalid,1
"strhi r8, [r7, -0x408]",1
"strhi r8, [r5, -r6, lsl 12]",1
bhi 0xf6d58,1
"andeq r8, r1, r2, lsl 28",1
"andeq r0, r0, ip",1
"andeq r0, r0, ip, lsl 16",1
"muleq r0, r8, fp",1
"andeq r0, r0, r4",1
"andeq r0, r0, ip",1
invalid,1
invalid,1
"andeq r0, sp, lr, lsl 24",1
"andeq r0, r0, ip",1
"andeq r0, r0, r0, asr r8",1
"muleq r0, ip, fp",1
"andeq r0, r0, ip, lsr 32",1
"strbvs r6, [lr, -ip, ror 30]!",1
"cdpvs p12, 6, c6, c15, c0, 1",1
"cdpvs p0, 6, c2, c9, c7, 3",1
"mcrmi p0, 2, r0, c7, c4, 3",1
"subhs r2, r3, r5, asr r0",1
"mrchs p14, 1, r2, c7, c4, 1",1
svcvs 0x6c0032,1
"stcvs p7, c6, [r0], -0x1b8",1
"rsbhs r6, r7, pc, ror 28",1
"ldmdbvs r3!, {r0, r2, r4, r5, r6, sb, sl, fp, sp, lr} ^",1
"strbtvs r6, [r5], -0xe67",1
"strbtvc r6, [lr], -0x920",1
invalid,1
"strbvs r6, [lr, -0x769]!",1
"stmdavs r3!, {r2, r5, r6, sp} ^",1
"movwvc r7, 0x261",1
"ldrbtvc r6, [r2], -0xf68",1
invalid,1
"strbvs r6, [lr, -0x769]!",1
"cdpvs p0, 6, c2, c9, c4, 3",1
"ldmdbmi pc, {r2, r4, r5, r6} ^",1
"ldrbtvc r5, [r3], -0xf4f",1
svcpl 0x6e6964,1
"strbtvs r7, [r5], -0x375",1
svcvs 0x682f00,1
bvs 0xbee398,1
blvs 0x1cb2370,1
"stmdbvc pc!, {r0, r2, r5, r6, sl, ip, sp, lr}",1
svcvs 0x74636f,1
"ldmdbvs r5!, {r0, r1, r2, r3, r5, sb, sp, lr} ^",1
"strtvc r6, [pc], -0x46c",1
"strvc r7, [pc, -sp, rrx]!",1
svchs 0x6b726f,1
"strbtvc r7, [sp], -r1, ror 4",1
"qasxvc r6, sp, r7",1
"cdpvs p0, 2, c7, c13, c6, 3",1
"stclhs p15, c6, [lr, -0x194]!",1
"stmdbvc fp!, {r4, r5, r6, r8, sb, sl, fp, sp, lr} ^",1
"cdpvs p12, 6, c6, c9, c13, 1",1
invalid,1
invalid,1
"strvs r6, [0x000144c2]!",1
"rsbvs r6, sb, 0x6700",1
"cdphs p15, 3, c2, c2, c3, 3",1
"eorvc r3, sp, 0xc40000",1
invalid,1
invalid,1
invalid,1
"stmdbvs ip!, {r0, r1, r2, r4, r5, r8, sb, sl, fp, sp} ^",1
invalid,1
"movwvc r7, 0x573",1
"ldrbtvc r6, [r2], -0xf68",1
"strbtvc r6, [lr], -0x920",1
bvc 0x1a71a54,1
"rsbsvc r7, sb, r5, ror 8",1
svcpl 0x5f0065,1
svcpl 0x66666f,1
"ldmdbmi pc, {r2, r4, r5, r6} ^",1
"ldrbvs r5, [r2, -0xf4f]!",1
"subsvc r6, pc, r1, ror 8",1
svcpl 0x7274,1
"stmdbvs r1!, {r0, r1, r5, r6, fp, sp, lr} ^",1
"ldrbtvc r0, [r3], -0x6e",1
"ldmdbvs r4!, {r0, r1, r2, r3, r4, r6, r8, sb, sp, lr} ^",1
"stmdbvs r4!, {r0, r2, r3, r5, r6} ^",1
"smlsdxmi r0, r2, r0, r7",1
"subpl r5, pc, r5, asr 8",1
"ldrbmi r5, [r6, -0xf54]",1
svcmi 0x495352,1
"stmdami r3, {r1, r2, r3, r6, r8, sb, sl, fp, ip, lr} ^",1
invalid,1
svcvs 0x676e6f,1
"rsbseq r7, r3, r0, ror r4",1
svcpl 0x755f5f,1
"strbtvs r7, [r1], -0x571",1
"movwvc r7, 0x45f",1
"subsvc r7, pc, r5, ror 8",1
"rsbvc r6, r7, 0x1c8",1
"cdpvs p13, 5, c6, c15, c1, 3",1
"rsbeq r6, r5, r1, ror 26",1
svcvs 0x68735f,1
"strbvc r7, [r2, -0x472]!",1
svcpl 0x5f0066,1
"ldmdavs r4!, {r4, r5, r6, r8, sp, lr} ^",1
"strbpl r4, [r5], -0x700",1
svcpl 0x54504f,1
"subpl r4, ip, r8, asr 10",1
"qdaddmi r4, pc, r8",1
"ldmdbmi pc, {r1, r4, r6} ^",1
"strbvc r5, [r2, -0xf4f]!",1
invalid,1
"smlsdxvs r0, r3, r5, r6",1
"subsvc r7, pc, 0x65000000",1
svcpl 0x746f6f,1
svcpl 0x766564,1
"rsbeq r6, pc, sb, ror 28",1
"cmnvc r2, 0x73000000",1
svcpl 0x7274,1
"cmnvs r2, 0x7c000001",1
"cmnvs r3, r0, lsl 10",1
svcpl 0x6567,1
"strbtvs r6, [sb], -0x75f",1
"mcrvs p4, 0, r7, c0, c15, 2",1
"ldrbvs r6, [r2, -0x65f]!",1
svcvs 0x6c0065,1
invalid,1
"strbvs r5, [r7, -0xf6c]!",1
"ldrbtvs r6, [r7], -0x374",1
"ldclvs p15, c5, [0x00014f30]",1
svcpl 0x65646f,1
"usub16vs r0, pc, r4",1
"cdpvs p12, 6, c6, c5, c9, 3",1
"rsbsvc r0, r3, 0x6f",1
"ldrbvc r2, [r0, -r3, ror 30]!",1
"rsbeq r2, r3, r4, ror 28",1
"strbvs r5, [r4, -0xf5f]!",1
"strvs r7, [r0], -0x473",1
invalid,1
"rsbeq r6, lr, ip, ror 10",1
"ldrbvs r6, [r2, -0x170]!",1
"cmpvc pc, 0x6e000000",1
"stmdavs pc!, {r1, r5, r6}",1
svchs 0x656d6f,1
"uqsub16vs r6, r6, r4",1
"rsbsvs r6, sb, 0x610",1
"rsbvc r6, pc, 0xbc000000",1
"ldmdbvs r4!, {r0, r2, r5, r6, r8, sl, ip, sp, lr} ^",1
"stmdalo sp!, {r2, r3, r5, r6, r8, sb, ip, sp, lr}",1
"eorseq r3, r2, lr, lsr 4",1
svcpl 0x4f495f,1
svcpl 0x667562,1
"rsbeq r6, r4, r5, ror 28",1
"rsbsvc r6, r5, 0x7c000001",1
"stclvs p3, c6, [pc], -0x17c",1
"rsbeq r6, lr, r5, ror sp",1
"strbvs r6, [r7, -0x364]!",1
"stmdavc r5!, {r2, r4, r5, r6, sl, ip, sp, lr} ^",1
svcpl 0x5f0074,1
"strbtvs r7, [r1], -0x571",1
"movwvc r7, 0x45f",1
"strbtvc r5, [r1], -0xf74",1
svcpl 0x6d69,1
"ldmdbvs r2!, {r0, r1, r2, r3, r4, r6, ip, sp, lr} ^",1
svcpl 0x66746e,1
"rsbeq r6, fp, r3, ror 16",1
"ldclvs p3, c6, [0x00014e14]",1
"cmnvs r3, r5, ror 6",1
"rsbseq r6, r3, r7, ror 10",1
"strbtvs r6, [ip], -0xf5f",1
"uqsaxvs r6, r6, pc",1
"rsbseq r6, r4, r3, ror r5",1
"stclvs p1, c6, [ip], -0x1e0",1
"ldrbvs r6, [pc], -0x36f     ; [0x14fe0:4]=0x6f5f746f",1
"strvs r6, [r0], -0x569",1
svcvs 0x5f746f,1
svcvs 0x645f72,1
"strbtvc r6, [pc], -0x474",1
"ldmdavc pc, {r8, sb, sl, fp, ip, lr} ^",1
"strbtvc r7, [r1], -0x473",1
"andvc r3, r0, 0x36000000",1
"strbtvs r6, [r4], -0x165",1
"ldmdbvs pc, {r0, r3, r5, r6, sb, ip, sp, lr} ^",1
"rsbvc r6, pc, 0x670",1
svcpl 0x676e69,1
svcpl 0x746f64,1
svcpl 0x646e61,1
"ldrbtvs r6, [r4], -0xf64",1
svcpl 0x746f,1
"strbtvs r7, [r1], -0x5f",1
"ldrbtvc r0, [r3], -0x33",1
svcvs 0x6c625f,1
"rsbseq r6, r3, r3, ror 22",1
"ldrbvc r7, [0x00014bbd]     ; [0x14bbd:4]=0x14000d0c",1
svcpl 0x6469,1
"ldclvs p15, c4, [0x00014f14]",1
"strbvs r7, [fp, -0x261]!",1
"ldrbtvc r0, [r3], -0x72",1
"rsbeq r6, lr, r4, ror 18",1
"ldmdbvs r2!, {r1, r2, r5, r6, ip, sp, lr} ^",1
"rsbeq r7, r6, lr, ror 8",1
"ldrbtvc r5, [r3], -0xf5f",1
"stclvs p5, c6, [r1, -0x1c8]!",1
"stclvs p4, c7, [sb, -0]!",1
"ldrbvs r7, [r0, -0x365]!",1
"stmdbvs r2!, {r0, r1, r5, r6} ^",1
"ldrbvs r6, [r4, -0x46e]!",1
svcvs 0x647478,1
"cdpvs p1, 6, c6, c9, c13, 3",1
svcmi 0x495f00,1
"ldmdbvs r2!, {r0, r1, r2, r3, r4, r6, r8, sb, sl, ip, sp, lr} ^",1
"subsvc r6, pc, r4, ror r5",1
svcpl 0x7274,1
"cmnvs r4, pc, asr r3",1
"uhsub16vs r6, r5, r4",1
"rsbsvs r5, r3, 0, 30",1
"movwvs r6, 0x675",1
"ldrbvs r6, [r3, -0xf6c]!",1
"rsbseq r6, r2, r4, ror 18",1
"strbtvs r5, [pc], -r4, ror 30",1
"ldrbvs r0, [r6, -0x66]",1
svcvs 0x697372,1
"ldrbvs r0, [r6, -0x6e]!",1
svcvs 0x697372,1
"strbtvc r5, [r5], -0xf6e",1
"ldrbtvc r0, [r3], -0x63",1
"mcrvs p12, 3, r6, c5, c2, 3",1
svcmi 0x495f00,1
"uqsaxvc r7, r1, pc",1
invalid,1
svcpl 0x6573,1
"stmdbvs ip!, {r0, r1, r2, r3, r4, r6, sb, sl, fp, sp, lr} ^",1
"ldrbvc r6, [pc], -0xb6e     ; [0x150cc:4]=0x5f747375",1
"rsbvs r7, pc, 0, 4",1
svcpl 0x747375,1
"cmnvs r4, 0x19c00000",1
svcpl 0x6477,1
"rsbvc r6, sb, 0x5f000000",1
"ldrbvs r7, [r2, -0x473]!",1
svcpl 0x6d61,1
"cmnvc r8, 0x5f00",1
"uhsub16lo r6, r4, r4",1
svcpl 0x5f0034,1
"ldmdbvs pc, {r0, r1, r4, r5, r6, sl, ip, sp, lr} ^",1
svcpl 0x6f6e,1
blvs 0x18f0eb0,1
"stclvs p15, c5, [r6], -0",1
"rsbslo r6, r3, 0x1840000",1
"strbtvc r7, [r5], -0x300",1
invalid,1
svcpl 0x656c,1
"rsbeq r6, r4, pc, asr r6",1
"cmpvc pc, 0x73000000",1
"rsbeq r7, r5, sb, ror 20",1
svcpl 0x68746e,1
"ldrbvs r6, [r2, -0x170]!",1
"movwvc r7, 0x46e",1
svcvs 0x6d5f74,1
"strvs r6, [r0, -r4, ror 10]",1
"cdpvs p4, 6, c7, c5, c5, 3",1
"ldrbvc r0, [r0, -0x76]!",1
svcpl 0x7374,1
"subsvc r4, pc, 0x124",1
svcpl 0x646165,1
"rsbeq r6, r4, r5, ror 28",1
svcpl 0x657375,1
"cmnvs r4, ip, ror 6",1
"uhsub16vc r0, r4, r4",1
"ldrbvs r6, [r3, -0xe5f]!",1
"ldrbvs r0, [r2, -0x63]!",1
"stmdbvs r4!, {r0, r5, r6, sl, sp, lr} ^",1
svcpl 0x5f0072,1
svcpl 0x766564,1
"rsbvc r0, pc, r4, ror r0",1
"strbtvs r6, [lr], -0x974",1
"cmpvc pc, 0, 30",1
invalid,1
"cmpvc pc, 108, 24           ; 0x6c",1
"strbvs r6, [lr, -ip, ror 30]!",1
"andvc r7, r0, 0x5f000000",1
"strbtvs r6, [r4], -0x165",1
"ldrtlo r7, [r6], -0x269",1
svcmi 0x495f00,1
"ldmdbvs r2!, {r0, r1, r2, r3, r4, r6, r8, sb, sl, ip, sp, lr} ^",1
"ldrbvs r6, [0x00014c28]     ; [0x14c28:4]=0x18e02",1
"strvs r6, [r0], -0x46e",1
"cdpvs p2, 6, c7, c5, c9, 3",1
svcpl 0x6e0074,1
svcvs 0x6c6c61,1
"cmnvs r0, r3, rrx",1
"strbtvc r6, [lr], -0x572",1
"stmdbvs r5!, {r0, r1, r2, r3, r4, r6, fp, sp, lr} ^",1
"rsbseq r6, r4, r7, ror 16",1
"strbvs r5, [ip, -0xf73]!",1
"ldmdbmi pc, {r1, r2, r3, r5, r6} ^",1
svcvs 0x6c5f4f,1
"ldrbvc r6, [pc], -0xb63     ; [0x151cc:4]=0x4c49465f",1
svcmi 0x495f00,1
"mcrrmi p6, 5, r4, sb, c15",1
"ldrbtvc r0, [r3], -0x45",1
"rsbsvc r6, r2, 100, 10",1
"mrrcvs p15, 0, r5, pc, c0",1
"cmnvs r4, r8, ror r3",1
"subsvc r0, pc, r4, ror r0",1
"strvc r7, [r0], -0x36f",1
"ldrbvs r5, [r3, -0xf76]!",1
"ldclvs p0, c0, [0x00015068]",1
"strbvs r7, [fp, -0x261]!",1
svcpl 0x7372,1
blvs 0x1b2db7c,1
"ldrbtlo r6, [r4], -r3, ror 28",1
"rsbseq r5, r4, r4, lsr pc",1
"cdpvs p0, 6, c7, c5, c15, 3",1
"rsbseq r6, r2, r4, ror 18",1
"mrcvs p4, 2, r7, c15, c3, 3",1
blvs 0x1baf7c8,1
svcvs 0x425f00,1
"stmdavc r0, {r0, r1, r2, r3, r5, r6, sl, fp, sp, lr}",1
"stclvs p13, c6, [r1], -0x1b8",1
"rsbeq r6, r3, ip, ror 30",1
"ldmdbvc r4!, {r2, r5, r6, r8, sb, sl, fp, ip, lr} ^",1
"movwvc r6, 0x570",1
invalid,1
"strvs r7, [r0], -0x6d",1
"ldmdbvs pc, {r0, r2, r5, r6, sb, sl, ip, sp, lr} ^",1
"subsvs r6, pc, 0x1b8",1
svcvs 0x6675,1
svcvs 0x697470,1
"ldrbtvc r0, [r3], -0x6e",1
blvs 0x1b2dbcc,1
"ldrbvs r6, [sl, -0x973]!",1
"mrrcvs p15, 0, r5, pc, c0",1
svcpl 0x6e65,1
"rsbvs r7, r1, 0x76000000",1
svcvs 0x5f656c,1
"ldrbvs r6, [r3, -0x666]!",1
"stmdbvs r6!, {r2, r4, r5, r6} ^",1
"cdpvs p5, 5, c6, c15, c12, 3",1
svcpl 0x656d61,1
"rsbvc r7, r5, r0, ror r2",1
"rsbeq r6, r4, r5, ror 28",1
"strbtvc r7, [sb], -0x865",1
"stmdbvs r1!, {r0, r1, r2, r3, r4, r6, sb, sl, sp, lr} ^",1
"ldrbvs r7, [r2, -0x56c]!",1
"ldrbvs r5, [pc], -r0, lsl 30 ; [0x1528c:4]=0x635f6674",1
"mcrvs p2, 3, r7, c9, c0, 3",1
"cmpvs pc, 116, 12           ; 0x74",1
svcpl 0x6b68,1
svcvs 0x6e695f,1
"movwvc r7, 0x45f",1
"ldrbtvs r5, [r2], -0xf74",1
"strvs r7, [r0], -0x665",1
"strbtvs r7, [r6], -0x269",1
"ldrbvs r5, [pc], -r0, lsl 30 ; [0x152b0:4]=0x5f5f0074",1
"cmnvs r4, r8, ror r3",1
svcpl 0x5f0074,1
invalid,1
svcpl 0x657a69,1
invalid,1
"cmpvs pc, 0x73000000",1
svcvs 0x706d6f,1
"strbtvc r6, [lr], -0x56e",1
"ldrbvs r5, [0x000143d4]     ; [0x143d4:4]=0x6c616974",1
svcvs 0x6e7272,1
invalid,1
svcvs 0x697461,1
svcvs 0x64006e,1
"rsbsvs r5, r3, 116, 30",1
"ldrbvc r5, [0x000143ec]     ; [0x143ec:4]=0x65756e67",1
"ldrbvc r6, [pc], -0x469     ; [0x152f0:4]=0x5f007478",1
"strbvs r5, [lr, -0xf00]!",1
svcpl 0x7478,1
"uqsaxvs r6, r6, pc",1
"ldrbvc r3, [pc], -0x436     ; [0x15300:4]=0x6165725f",1
svcmi 0x495f00,1
"qdsubvs r7, pc, r5",1
invalid,1
"stcvs p5, c6, [r0, -0x1cc]",1
"rsbvc r6, r3, r5, ror 26",1
"ldmdbmi pc, {r0, r3, r4, r5, r6} ^",1
"cmnvs r3, pc, asr 30",1
"ldrbvs r6, [0x00014daa]     ; [0x14daa:4]=0x6769736e",1
"strvs r6, [r0], -0x46e",1
svcvs 0x6e695f,1
"ldrbvs r5, [pc], -r0, lsl 30 ; [0x1532c:4]=0x7473785f",1
svcpl 0x746d,1
"ldrbtvc r7, [r3], -0x85f",1
"movwvc r7, 0x461",1
"stmdbvs r7!, {r2, r4, r5, r6, r8, sb, sl, fp, ip, lr} ^",1
svcpl 0x5f0064,1
invalid,1
"subsvc r5, pc, r0, lsl 30",1
"eorseq r6, r2, r1, ror 8",1
svcpl 0x736168,1
"rsbeq r7, r7, r1, ror 4",1
"cmnvs r0, pc, asr pc",1
svcpl 0x3464,1
"strbtvs r7, [r1], -0x5f",1
svcpl 0x5f0035,1
"strbvs r6, [sp, -0x974]!",1
invalid,1
"strbtvs r7, [lr], -0x56f",1
"cdpvs p15, 7, c5, c5, c0, 0",1
"strbtvs r7, [r5], -0x375",1
"stclvs p0, c0, [r5, -0xc8]!",1
"ldrbvc r7, [pc], -0x469     ; [0x15380:4]=0x706c65",1
"ldmdavs pc, {r1, r4, r5, r6, r8, fp, ip, sp, lr} ^",1
"rsbseq r6, r0, r5, ror 24",1
"strbtvc r7, [r7], -r1, ror 4",1
"cmnvs r4, r0, lsl 6",1
"rsbseq r7, r3, r4, ror r5",1
svcpl 0x544f4e,1
"ldmdbmi pc, {r0, r6, sb, sl, fp, lr} ^",1
"strbmi r4, [r4, -0xf4e]",1
"ldclmi p14, c4, [r5, -0x17c]",1
"subseq r4, r2, r2, asr 10",1
"strbtvs r6, [lr], -0x966",1
"rsbvc r6, sb, 0x5f000000",1
"strbtvc r6, [lr], -0x55f",1
invalid,1
invalid,1
"movwvc r6, 0xc61",1
"strbvs r5, [r4, -0xf74]!",1
invalid,1
"strbvc r7, [r3, -r5, ror 8]!",1
invalid,1
svcpl 0x666c,1
"subsvs r4, pc, 0x124",1
"strbvc r6, [fp, -0x361]!",1
invalid,1
"movwvc r6, 0x573",1
"strbtvc r5, [sp], -0xf74",1
"stmdavc r0, {r0, r3, r5, r6, r8, sl, fp, sp, lr}",1
"stclvs p1, c6, [ip], -0x1b4",1
"strvs r6, [r0], -pc, ror 6",1
"strbtvc r7, [r1], -0x473",1
"ldrbvs r6, [r2, -r0, lsl 2]!",1
svcpl 0x5f0063,1
"ldrbtvc r7, [r3], -0x866",1
"ldrtlo r7, [r6], -0x461",1
"stclvs p6, c6, [sb], -0",1
invalid,1
"ldmdbvs pc, {r0, r2, r3, r5, r6, r8, sl, sp, lr} ^",1
"rsbseq r6, r4, lr, ror 18",1
svcvs 0x746567,1
"mrrcvs p4, 7, r7, pc, c0",1
"rsbeq r6, r7, pc, ror 28",1
"strbtvs r6, [r8], -0x366",1
svcpl 0x7269,1
svcvs 0x6e695f,1
"ldrbvc r3, [pc], -0x436     ; [0x15434:4]=0x755f7374",1
"ldrbvc r6, [r0, -0x600]!",1
"ldrbvc r7, [0x000150c8]     ; [0x150c8:4]=0x626f7200",1
invalid,1
"rsbeq r6, r4, fp, ror 10",1
svcpl 0x4f495f,1
"strbtvc r7, [sb], -0x277",1
invalid,1
"strvs r6, [r0, -0x573]",1
svcpl 0x74696d,1
"stmdbvs r3!, {r0, r5, r6, sb, sl, fp, sp, lr} ^",1
"rsbvc r6, r1, 108, 24",1
"mcrvs p15, 3, r5, c9, c9, 3",1
"strvs r6, [r0], -r6, ror 30",1
svcpl 0x656c69,1
"strbvs r6, [sp, -0x16e]!",1
"ldrbvs r6, [r2, -0x65f]!",1
"rsbsvc r0, r3, 0x65",1
"ldrbvs r2, [r6, -0xf63]!",1
svcvs 0x697372,1
"rsbeq r2, r3, lr, ror 28",1
invalid,1
"ldrbtvc r5, [r3], -0xf65",1
"ldrbtvc r6, [r5], -0xf64",1
"strbtvc r7, [r5], -0x35f",1
"stclvs p6, c6, [sb], -0x17c",1
invalid,1
"strvc r6, [r0, -sp, ror 10]",1
"ldrbvs r6, [r4, -0x972]!",1
"rsbsvc r6, r2, 0x17c00000",1
svcpl 0x726f,1
"strbtvc r7, [sb], -0x865",1
"stclvs p6, c6, [sb], -0",1
"stclvs p0, c0, [r3], -0x194",1
svcpl 0x65736f,1
svcvs 0x647473,1
"cmpvc pc, 0x75000000",1
"ldmdbvs pc, {r0, r2, r5, r6, sl, ip, sp, lr} ^",1
"rsbvc r6, pc, 0x670",1
"subpl r5, r5, r5, ror 30",1
"subeq r5, r5, sb, asr 32",1
invalid,1
"ldrbtvc r5, [r3], -0xf65",1
"stclvs p5, c6, [r1, -0x1c8]!",1
svcvs 0x757100,1
"rsbvc r6, r1, 116, 10",1
svcvs 0x635f67,1
"rsbeq r6, lr, ip, ror 30",1
svcvs 0x6e6769,1
invalid,1
invalid,1
"ldrbvs r6, [r3, -0xf6c]!",1
"cdphs p5, 7, c7, c4, c15, 3",1
"stclvs p0, c0, [r3], -0x18c",1
svcpl 0x65736f,1
svcvs 0x647473,1
"andvs r7, r0, 0x75000000",1
svcpl 0x657361,1
"rsbeq r6, lr, ip, ror 10",1
svcpl 0x776173,1
invalid,1
"rsbsvc r0, r0, 0x68",1
"stmdavc sb!, {r0, r2, r5, r6, sb, sl, sp, lr} ^",1
"mcrvs p12, 3, r6, c5, c15, 2",1
"rsbvs r6, sb, 0, 24",1
invalid,1
"stclvs p14, c6, [r1, -0x194]!",1
"strbvs r2, [ip, -r5, ror 26]!",1
invalid,1
"rsbvs r6, sb, 0, 24",1
"ldmdbvs r8!, {r0, r1, r2, r3, r5, r8, sl, sp, lr} ^",1
"stmdbvs r1!, {r2, r4, r5, r6, sb, sl, sp, lr} ^",1
"rsbeq r2, r3, ip, ror 28",1
svchs 0x62696c,1
invalid,1
"strbvs r6, [sp, -0x16e]!",1
svcpl 0x632e,1
"ldmdbvs r5!, {r0, r1, r2, r3, r4, r6, sb, sp, lr} ^",1
"cdpvs p4, 6, c7, c9, c12, 3",1
"rsbsvc r6, r7, 0x5f00000",1
"rsbeq r7, r5, sb, ror 8",1
invalid,1
svcpl 0x6d6172,1
svcvs 0x766e69,1
"ldmdbvs r4!, {r0, r1, r5, r6, r8, sp, lr} ^",1
"cmpvc pc, 0x6f0",1
"ldrbtvc r6, [r2], -0xf68",1
"stclvs p14, c6, [r1, -0x17c]!",1
"rsbsvc r0, r0, 0x65",1
"cmnvs r2, pc, ror 14",1
"cdpvs p15, 6, c5, c9, c13, 3",1
invalid,1
"mcrvs p9, 3, r6, c15, c4, 3",1
"stclvs p14, c6, [r1, -0x17c]!",1
"ldrbtvc r0, [r3], -0x65",1
"stmdavs r3!, {r1, r4, r5, r6, sb, ip, sp, lr} ^",1
"rsbvs r0, r1, 0x72",1
"rsbseq r7, r4, pc, ror 4",1
"strbtvc r7, [r7], -r1, ror 4",1
"ldrbvc r0, [r1, -0x30]!",1
svcpl 0x65746f,1
"ldmdbvs r2!, {r0, r1, r4, r5, r6, sl, ip, sp, lr} ^",1
"mrrcvs p7, 6, r6, pc, c14",1
"cdpvs p14, 0, c6, c0, c5, 3",1
"strbtvc r6, [pc], -0xc73",1
"ldrbvc r0, [r1, -0x73]!",1
invalid,1
"subsvs r6, pc, 0x1c80000",1
"strbvs r6, [r6, -0x675]!",1
"ldrbvc r0, [r1, -0x72]!",1
"cdpvs p4, 6, c7, c9, c15, 3",1
"rsbvc r5, pc, r7, ror 30",1
"mcrvs p9, 3, r6, c15, c4, 3",1
"rsbvc r5, r6, 0x1cc",1
"cmpvc pc, 0x1bc0",1
"strbvs r7, [ip, -0x974]!",1
svcvs 0x757100,1
"rsbvc r6, r1, 116, 10",1
"strbvs r5, [sp, -0xf67]!",1
svcpl 0x5f006d,1
"rsbsvc r7, sb, r3, ror 8",1
svcpl 0x625f65,1
"rsbeq r6, r3, ip, ror 30",1
"strbtvc r7, [pc], -0x571",1
"ldrbvs r6, [r2, -r5, ror 2]!",1
"cmpvc pc, 0x5f0",1
"strbvs r7, [ip, -0x974]!",1
"rsbvs r6, sb, 0, 24",1
svcvs 0x75712f,1
"rsbvc r6, r1, 116, 10",1
"rsbeq r2, r3, r7, ror 28",1
"ldrbmi r4, [0x000154ef]     ; [0x154ef:4]=0x65726f",1
"strbmi r4, [r4, -0x94c]",1
"mrrcmi p14, 5, r4, r5, c15",1
"stmdbpl r2, {r2, r3, r6, r8, sb, sl, fp, ip, lr} ^",1
"subseq r4, r3, r4, asr r5",1
invalid,1
"rsbseq r5, r4, r2, ror pc",1
"cmnvs r2, 0x73000000",1
"strbvs r7, [r5, -0x361]!",1
invalid,1
"ldrbvs r6, [r4, -0xf75]!",1
svcpl 0x677261,1
"ldrbtvc r5, [r3], -0xf6e",1
svcpl 0x656c79,1
"rsbeq r6, sp, sp, ror 10",1
"subsvc r7, pc, 0xa4000001",1
"strbtvc r6, [r8], -0x769",1
svcvs 0x75715f,1
invalid,1
"ldrbvs r6, [r4, -0xf75]!",1
svcpl 0x677261,1
"ldclvs p4, c7, [sb], -0x1cc",1
"strbvs r5, [sp, -0xf65]!",1
"ldrbvs r0, [r3, -0x6d]!",1
"strbvc r5, [r3, -0xf74]!",1
"stclvs p4, c7, [0x000154d8]!",1
svcvs 0x75715f,1
invalid,1
"ldclvs p3, c6, [0x000156b0]",1
"strbvs r7, [r2, -0x961]!",1
svcvs 0x75715f,1
invalid,1
"ldmdbvc r4!, {r0, r1, r2, r3, r4, r6, r8, sb, ip, sp, lr} ^",1
invalid,1
"stclvs p3, c6, [r1], -0x1bc",1
svcvs 0x635f65,1
invalid,1
"ldrbvs r6, [r4, -0xf75]!",1
svcpl 0x677261,1
"ldclvs p4, c7, [sb], -0x1cc",1
invalid,1
"rsbeq r6, r4, r7, ror 18",1
"rsbvc r7, pc, 0x73000000",1
invalid,1
"ldrbvs r6, [r0, -0x163]!",1
"strbvs r7, [r8, -0x300]!",1
"cmpvs pc, ip, ror 24",1
"stmdbvc r1!, {r2, r3, r5, r6, r8, sb, sl, ip, sp, lr} ^",1
"ldrbvc r5, [r1, -0xf73]!",1
"cdpvs p4, 6, c7, c9, c15, 3",1
"ldrbtvc r5, [r3], -0xf67",1
"rsbeq r6, r5, sb, ror ip",1
svcvs 0x635f5f,1
"rsbseq r6, r4, r5, ror lr",1
"uqsub16vs r6, sb, r3",1
"ldrbvc r0, [r1, -0x74]!",1
invalid,1
"mrcvs p7, 2, r6, c15, c2, 3",1
"cmnvc r5, 0x7c000001",1
svcpl 0x6d6f74,1
"rsbeq r6, sp, sp, ror 10",1
"strbtvc r7, [pc], -0x571",1
svcpl 0x6e5f65,1
"rsbeq r6, sp, sp, ror 10",1
"mcrvs p2, 3, r7, c1, c4, 3",1
"strbtvc r6, [r1], -0xc73",1
"rsbeq r6, lr, sb, ror 30",1
"strbtvc r7, [pc], -0x571",1
"ldrbvs r6, [r2, -r5, ror 2]!",1
"stclvs p1, c6, [ip], -0x17c",1
"ldclvs p3, c6, [0x0001559c]",1
"movwvc r6, 0xd65",1
"ldrbvs r6, [r2, -0xf74]!",1
"smlsdvs r0, pc, r3, r6",1
"cmpvc pc, r5, ror 8",1
"ldmdbvs r4!, {r0, r2, r4, r5, r6, r8, sb, sl, fp, sp, lr} ^",1
"cmpvc pc, 0x1b80000",1
"strbvs r7, [ip, -0x974]!",1
"stmdbvs ip!, {r8, sl, sp, lr} ^",1
svcvs 0x5f6564,1
"rsbvc r7, r5, 0x75000000",1
svcvs 0x75715f,1
"rsbseq r6, r3, r4, ror r5",1
"strbtvc r7, [pc], -0x571",1
"ldrbvs r6, [r2, -r5, ror 2]!",1
"ldrbvs r6, [r2, -0x65f]!",1
svcvs 0x660065,1
svcpl 0x656372,1
"ldrbvs r7, [r4, -0x56f]!",1
"ldrbvc r5, [r1, -0xf72]!",1
"cdpvs p4, 6, c7, c9, c15, 3",1
"ldrbtvc r5, [r3], -0xf67",1
"rsbeq r6, r5, sb, ror ip",1
svcpl 0x746573,1
"strbtvc r7, [pc], -0x571",1
svcpl 0x676e69,1
"strbvs r6, [r1, -r6, ror 24]!",1
"ldmdbmi pc, {r0, r1, r4, r5, r6} ^",1
invalid,1
"stmdavc r0, {r0, r2, r5, r6, sb, ip, sp, lr}",1
"stclvs p5, c6, [r1], -0x1c8",1
"rsbeq r6, r3, ip, ror 30",1
"ldrbvs r6, [r4, -0x96c]!",1
svcpl 0x6c6172,1
"strbtvc r7, [pc], -0x571",1
svcpl 0x676e69,1
"ldclvs p4, c7, [sb], -0x1cc",1
svcpl 0x5f0065,1
"rsbsvc r7, sb, r3, ror 8",1
"strbvs r5, [r7, -0xf65]!",1
"rsbvs r5, sp, 116, 30",1
"rsbsvc r6, r5, 0x7c000001",1
"stmdavc r1!, {r0, r1, r2, r3, r4, r6, r8, sl, fp, sp, lr} ^",1
"movtpl r5, 0x9f00",1
invalid,1
invalid,1
"ldrbvs r6, [r4, -0xf75]!",1
svcpl 0x677261,1
"rsbvc r6, r1, 0x630000",1
svcvs 0x757100,1
invalid,1
"ldmdbvc r4!, {r0, r1, r2, r3, r4, r6, r8, sb, ip, sp, lr} ^",1
"ldrbvc r6, [pc], -ip, ror 10 ; [0x15828:4]=0x65747962",1
"rsbseq r6, r3, r1, ror 24",1
"ldrbvs r7, [r4, -0x962]!",1
"ldrbvc r0, [r1, -0x73]!",1
invalid,1
"cmpvs pc, 0x1c80000",1
svcvs 0x747375,1
"ldmdavs r3!, {r0, r2, r3, r5, r6} ^",1
svcpl 0x6c6c65,1
"strbtvc r7, [pc], -0x571",1
svcpl 0x676e69,1
"ldclvs p4, c7, [sb], -0x1cc",1
svcpl 0x5f0065,1
"strbvc r6, [ip, -0x176]!",1
"rsbsvc r0, r0, 0x65",1
"stclvs p1, c6, [ip], -0x194",1
"strbtvc r6, [r1], -0x36f",1
invalid,1
"ldrbvs r6, [r4, -0xf75]!",1
svcpl 0x677261,1
"ldrbtvc r7, [r3], -0x563",1
"ldclvs p13, c6, [0x000156c0]",1
"strvs r6, [r0, -0xd65]",1
"rsbvc r6, r1, r3, ror r3",1
"ldrbvc r5, [r1, -0xf65]!",1
"cdpvs p4, 6, c7, c9, c15, 3",1
"ldrbtvc r5, [r3], -0xf67",1
"rsbeq r6, r5, sb, ror ip",1
"rsbsvc r7, r7, sb, ror 6",1
"strbtvc r6, [lr], -0x972",1
"strbtvc r7, [r5], -0x300",1
"qdsubvs r6, pc, r8",1
"ldrbvc r5, [r1, -0xf72]!",1
"cdpvs p4, 6, c7, c9, c15, 3",1
"strbvc r0, [r3, -0x67]!",1
"stclvs p4, c7, [0x000156e8]!",1
svcvs 0x75715f,1
invalid,1
"ldmdbvc r4!, {r0, r1, r2, r3, r4, r6, r8, sb, ip, sp, lr} ^",1
svcpl 0x656c,1
"stmdavs r3!, {r0, r1, r2, r3, r4, r6, r8, sb, sl, ip, sp, lr} ^",1
svcvs 0x6c6300,1
"strbvs r6, [ip, -0x163]!",1
svcvs 0x75715f,1
invalid,1
"ldmdbvc r4!, {r0, r1, r2, r3, r4, r6, r8, sb, ip, sp, lr} ^",1
"movwvs r6, 0x56c",1
"cmnvs r3, 0x17c00000",1
"rsbeq r7, r5, r1, rrx",1
"ldrbmi r4, [0x0001579b]     ; [0x1579b:4]=0x715f7265",1
"strbmi r4, [r4, -0x94c]",1
"ldrbpl r4, [r5], -0xf5f",1
"cmppl pc, r5, asr 4",1
"ldrbmi r4, [r4, -0xf55]",1
"ldclvs p0, c0, [r8, -0x14c]!",1
"strbvc r6, [r4, -0xd65]!",1
"strbvc r0, [r2, -0x70]!",1
"rsbvc r6, r5, 0x6600000",1
"ldrbvs r6, [sl, -0x973]!",1
"ldrbtvs r6, [r5], -r0, lsl 4",1
"ldrbvs r6, [sl, -0x973]!",1
svcvs 0x6c7300,1
invalid,1
"ldmdbmi pc, {r4, r5} ^",1
"strbtvc r6, [lr], -0x353",1
svcpl 0x6c72,1
"stmdbvs r4!, {r0, r3, r6, r8, sb, ip, lr} ^",1
"rsbseq r6, r4, r7, ror 18",1
invalid,1
"movwvc r7, 0x465",1
"cmpvc pc, r5, ror 8",1
"ldmdbvs r4!, {r0, r2, r4, r5, r6, r8, sb, sl, fp, sp, lr} ^",1
"cmpvc pc, 0x1b80000",1
"strbvs r7, [ip, -0x974]!",1
"movtpl r5, 0x9f00",1
invalid,1
"rsbvs r0, sp, 0x65",1
"strbtvc r7, [r1], -0x473",1
"cdpvs p0, 7, c0, c5, c5, 3",1
"ldrbtvc r6, [sb], -0x269",1
svcvs 0x6c5f65,1
"strbvs r6, [ip, -0x163]!",1
invalid,1
"strbtvc r6, [sb], -0xe69",1
"cmpvc pc, r0, lsl 6",1
"ldmdbvs r4!, {r0, r2, r4, r5, r6, r8, sb, sl, fp, sp, lr} ^",1
"cmpvc pc, 0x1b80000",1
"strbvs r7, [ip, -0x974]!",1
svcvs 0x757100,1
"ldclvs p5, c6, [0x000157bc]",1
"movwvs r6, 0xd65",1
"strbtvs r6, [lr], -0x15f",1
"strbvs r7, [r8, -0x35f]!",1
"ldrbvs r6, [0x00014d30]     ; [0x14d30:4]=100",1
"rsbvc r6, r1, r3, ror r3",1
svcpl 0x5f0065,1
"ldrbtvc r6, [r3], -0x26d",1
svcpl 0x657461,1
"stclvs p0, c0, [r3], -0x1d0",1
svcpl 0x656e6f,1
"strbtvc r7, [pc], -0x571",1
svcpl 0x676e69,1
"ldmdbvs r4!, {r0, r1, r2, r3, r5, r6, ip, sp, lr} ^",1
"rsbseq r6, r3, pc, ror 28",1
"strbtvc r7, [pc], -0x571",1
svcpl 0x676e69,1
"ldclvs p4, c7, [sb], -0x1cc",1
"rsbvc r5, r1, 0x194",1
svcpl 0x7367,1
"rsbeq r6, r8, pc, asr r3",1
"subsvc r4, r3, pc, asr sb",1
"strbtvc r6, [r3], -0xe75",1
"rsbvc r6, r2, 0, 26",1
"cmnvs r7, 116, 30           ; 0x74",1
"movtpl r5, 0x9f00",1
"mcrvs p2, 3, r7, c9, c0, 3",1
"ldrbvc r0, [r1, -0x74]!",1
svcpl 0x65746f,1
"strbtvc r7, [pc], -0x571",1
svcpl 0x676e69,1
"ldmdbvs r4!, {r0, r1, r2, r3, r5, r6, ip, sp, lr} ^",1
"rsbseq r6, r3, pc, ror 28",1
invalid,1
"stclvs p1, c6, [ip], -0x1c8",1
"stcvs p3, c6, [r0, -0x1bc]",1
"stclvs p13, c6, [r3, -0x194]!",1
svcpl 0x5f0070,1
"rsbvs r6, r8, 0xdc000001",1
svcvs 0x757100,1
"cmpvc pc, 116, 10           ; 0x74",1
"mcrvs p2, 3, r7, c9, c4, 3",1
"strbvs r0, [r7, -0x67]!",1
"stmdavc r5!, {r2, r4, r5, r6, sl, ip, sp, lr} ^",1
"ldrbvc r5, [r1, -0xf74]!",1
"rsbeq r7, r5, pc, ror 8",1
"cmppl pc, 0x40000014",1
"strbpl r4, [sb], -0xc50",1
"ldmdbmi r2, {r0, r1, r2, r3, r4, r6, sl, ip, lr} ^",1
"subpl r5, r1, r7, asr 4",1
svcpl 0x5348,1
"rsbvc r5, r7, 0x24000001",1
"rsbeq r7, r8, r1, rrx",1
"strbtvc r6, [pc], -0xc73",1
"rsbeq r6, r3, r6, ror r5",1
"strbtvc r6, [pc], -0xc73",1
"ldrbvc r0, [r1, -0x30]!",1
invalid,1
"mrcvs p7, 2, r6, c15, c2, 3",1
"ldrbtvc r6, [r0], -0xf5f",1
invalid,1
"ldrbvs r6, [r2, -r0, lsl 2]!",1
"ldrbvs r6, [sl, -0x973]!",1
"rsbsvc r7, r4, 0, 6",1
"ldrbvs r6, [r3, -0x163]!",1
"eorseq r7, r0, r5, ror 2",1
"cmnvs r2, 0x73000000",1
"strbvs r7, [r5, -0x361]!",1
"movwvc r3, 0x171",1
invalid,1
invalid,1
"ldrbtvc r0, [r3], -0x32",1
invalid,1
"cmnlo r1, 0x19400000",1
"rsbsvc r7, r4, 0, 6",1
"ldrbvs r6, [r3, -0x163]!",1
"eorseq r7, r4, r5, ror 2",1
"cmnvs r2, 0x73000000",1
"strbvs r7, [r5, -0x361]!",1
"movwvc r3, 0x671",1
invalid,1
invalid,1
"ldrbtvc r0, [r3], -0x37",1
invalid,1
"ldmdalo r1!, {r0, r2, r5, r6, r8, sl, sp, lr} ^",1
"rsbsvc r7, r4, 0, 6",1
"ldrbvs r6, [r3, -0x163]!",1
"eorseq r7, sb, r5, ror 2",1
"strbtvc r6, [lr], -0x977",1
svcpl 0x745f,1
"stclvs p3, c5, [r1], -0x124",1
"rsbeq r6, r1, r0, ror r8",1
invalid,1
"cmpvs pc, 108, 10           ; 0x6c",1
"cmnvc r2, 104, 2            ; 0x68",1
invalid,1
"ldrbvs r6, [r4, -0xf75]!",1
"rsbeq r7, r7, r1, ror 4",1
"strbtvc r7, [pc], -0x571",1
"ldrbvs r6, [r2, -r5, ror 2]!",1
"stclvs p1, c6, [ip], -0x17c",1
invalid,1
"ldrbvs r6, [r4, -0xf75]!",1
svcpl 0x677261,1
"strbvc r5, [r3, -0xf6e]!",1
"stclvs p4, c7, [0x00015964]!",1
"ldmdbvs r3!, {r8, ip, sp, lr} ^",1
invalid,1
"ldrbvs r6, [r4, -0xf75]!",1
svcpl 0x677261,1
"ldrbvc r0, [r1, -0x6e]!",1
invalid,1
"subsvs r6, pc, 0x1c80000",1
"strbvs r6, [r6, -0x675]!",1
"ldrbvs r5, [r2, -0xf72]!",1
"ldclvs p4, c7, [sb], -0x1cc",1
invalid,1
"ldrbvs r6, [r4, -0xf75]!",1
"strbvs r7, [r8, -0x45f]!",1
"ldrbvc r6, [pc], -0x573     ; [0x15b68:4]=0x65746f75",1
invalid,1
"ldrbvs r6, [r4, -0xf75]!",1
svcpl 0x677261,1
svcvs 0x6c6f63,1
"strbvs r5, [sp, -0xf6e]!",1
"ldmdbmi pc, {r0, r2, r3, r5, r6} ^",1
"mcrvs p1, 3, r6, c12, c3, 2",1
"strvs r6, [r0], -0xd75",1
"strbvc r6, [r1, -0x665]!",1
"cmpvc pc, ip, ror 8",1
"ldmdbvs r4!, {r0, r2, r4, r5, r6, r8, sb, sl, fp, sp, lr} ^",1
svcvs 0x5f676e,1
svcvs 0x697470,1
svcpl 0x736e,1
"stclvs p3, c5, [r2], -0x124",1
"rsbeq r6, fp, r1, ror 28",1
blvs 0x18ee134,1
invalid,1
invalid,1
"ldrbvs r6, [r0, -0x163]!",1
"ldrbvc r0, [r1, -0x73]!",1
invalid,1
"mrcvs p7, 2, r6, c15, c2, 3",1
"stclvs p13, c6, [r5, -0x17c]!",1
"ldmdbvs r2!, {ip, sp, lr} ^",1
"rsbvs r7, r1, 0x6e000000",1
invalid,1
svcpl 0x746665,1
"strbtvc r7, [pc], -0x571",1
"ldrbvc r0, [r1, -0x65]!",1
svcpl 0x65746f,1
"ldmdbmi pc, {r1, r2, r3, r5, r6} ^",1
"rsbsvc r7, r0, r3, asr r5",1
invalid,1
"ldrbvs r6, [r4, -0xf75]!",1
svcpl 0x677261,1
"rsbvc r6, r1, 0x630000",1
"stclvs p13, c6, [r5, -0x17c]!",1
"stmdbvs ip!, {r8, fp, sp, lr} ^",1
"stmdbvs ip!, {r0, r2, r3, r5, r6} ^",1
svcvs 0x722f62,1
"strtvs r7, [sp], -0x46f",1
"pushvs {r0, r2, r5, r6, sb, sl, ip, sp, lr}",1
invalid,1
svcvs 0x6f7200,1
svcpl 0x645f74,1
svcpl 0x6e0069,1
"ldmdavs r4!, {r0, r5, r6, r8, sl, ip, sp, lr} ^",1
"rsbseq r7, r3, pc, ror 4",1
"strbtvc r6, [sb], -0xd65",1
invalid,1
"rsbvc r7, r5, pc, asr r2",1
"ldmdbvs r4!, {r0, r1, r2, r3, r5, r6, sb, ip, sp, lr} ^",1
"cmpvs pc, lr, ror 14",1
"ldrbvs r6, [r2, -0x464]!",1
invalid,1
"ldmdbvs r3!, {r0, r2, r5, r6, sb, ip, sp, lr} ^",1
"ldrbvs r6, [0x00014de1]     ; [0x14de1:4]=0x656b7275",1
"cmpvs pc, r4, ror r3",1
invalid,1
"strtvc r6, [pc], -sb, ror 4",1
"ldmdbvs r3!, {r0, r2, r5, r6, sb, ip, sp, lr} ^",1
"strvs r6, [sp, -0xe6f]!",1
invalid,1
invalid,1
"strbvs r6, [r7, -0x16b]!",1
"stclvs p3, c6, [0x00015c74]!",1
"strbtvs r6, [lr], -0x16d",1
"stclvs p14, c6, [r1, -0x17c]!",1
svcpl 0x5f0065,1
"mrrcvs p1, 7, r6, pc, c6",1
"rsbseq r7, r4, sb, ror 6",1
"ldmdbpl r0, {r0, r1, r6, r8, sb, sl, fp, lr} ^",1
"stmdami r7, {r1, r4, r6, r8, fp, lr} ^",1
"ldrbmi r5, [sb, -0xf54]",1
invalid,1
"strbtvc r7, [r8], -0x475",1
"strvc r6, [r0], -r1, ror 4",1
"ldmdbvs r3!, {r0, r2, r5, r6, sb, ip, sp, lr} ^",1
"ldrbvs r6, [0x00014e39]     ; [0x14e39:4]=0x62696c2f",1
"cmpvs pc, 116, 6            ; 0x74",1
"rsbsvc r7, sb, 0x6f",1
"strbtvc r6, [r8], -0x769",1
"rsbvc r7, r5, 0, 12",1
"mcrvs p9, 3, r6, c15, c3, 3",1
"ldrbvs r5, [pc, -r0, lsl 30] ; [0x15cc0:4]=0x6c5f6176",1
svcpl 0x63756e,1
"mrrcvs p1, 7, r6, pc, c6",1
"rsbseq r7, r4, sb, ror 6",1
"cmnvc r2, 0x1d800000",1
svcpl 0x6e6f69,1
svcpl 0x637465,1
svcpl 0x6176,1
"rsbseq r6, r0, pc, asr r1",1
"cmnvc r2, 0x1d800000",1
svcpl 0x6e6f69,1
svcpl 0x637465,1
invalid,1
"strtvc r6, [pc], -sb, ror 4",1
"ldmdbvs r3!, {r0, r2, r5, r6, sb, ip, sp, lr} ^",1
"strvs r6, [sp, -0xe6f]!",1
"qsub16vs r6, sp, r4",1
invalid,1
"cmnvs sl, r0, lsl 16",1
invalid,1
"eorsvc r7, r2, 0, 16",1
"stclvs p1, c6, [ip], -0x194",1
invalid,1
"stmdavc pc!, {r0, r3, r5, r6, sb, sp, lr}",1
"stclvs p1, c6, [ip], -0x1b4",1
invalid,1
"strbpl r4, [r1], -r0, lsl 16",1
"cdpmi p15, 4, c5, c7, c5, 2",1
"qdaddmi r5, r5, r3",1
"movtmi r4, 0xfc4c",1
"cdpvs p8, 3, c7, c2, c0, 0",1
"stclvs p5, c6, [r1], -0x1c8",1
"rsbeq r6, r3, ip, ror 30",1
"rsbsvc r7, r4, 120, 6",1
"rsbseq r7, r0, r4, ror 10",1
"ldrbvs r6, [r2, -0xe78]!",1
svcvs 0x6c6c61,1
"cmnvs r8, 0x63",1
svcvs 0x6c6c61,1
"strbmi r0, [r4, -0x63]",1
"mrrcmi p1, 4, r4, r5, c6",1
"stmdapl sp, {r2, r4, r6, r8, sb, sl, fp, ip, lr} ^",1
"ldrbpl r4, [r3], -0x146",1
"rsbvs r6, sb, 0, 24",1
"stclvs p8, c7, [r1], -0xbc",1
"stclhs p15, c6, [r3, -0x1b0]!",1
"cdphs p9, 6, c6, c5, c4, 3",1
"stmdbvs ip!, {r0, r1, r5, r6} ^",1
"ldrbvs r2, [r8, -r2, ror 30]!",1
"strbvc r7, [r3, -r5, ror 8]!",1
"rsbeq r2, r3, r4, ror 28",1
"strbvc r5, [r2, -0xf5f]!",1
svcpl 0x5f0066,1
"cmnvs r4, 0x19c00000",1
"cmpvs pc, r7, ror r4",1
invalid,1
"cmpvc pc, 0, 30",1
"rsbeq r7, r5, sb, ror 20",1
svcvs 0x6c6366,1
"usub16vs r6, pc, r3",1
"rsbeq r6, ip, r1, ror 18",1
svcpl 0x6c7072,1
svcvs 0x6c6366,1
invalid,1
invalid,1
"ldrbvs r6, [r3, -0xf6c]!",1
"rsbsvc r7, r4, 0xb4000000",1
"cdphs p1, 6, c6, c13, c5, 3",1
"strbvs r0, [r6, -0x63]!",1
"rsbvc r7, pc, 0x20000007",1
"stclvs p5, c7, [lr], -0x17c",1
"strbvs r6, [fp, -0x36f]!",1
"rsbsvc r0, r0, 0x64",1
"ldrbvs r7, [pc], -r5, ror 12 ; [0x15de4:4]=0x656d6f73",1
"rsbeq r6, ip, r1, ror 18",1
"strbvs r6, [sp, -0xf73]!",1
"mcrvs p0, 3, r7, c5, c15, 2",1
"strbvs r6, [lr, -r4, ror 18]!",1
"ldrbvs r5, [pc], -r0, lsl 30 ; [0x15df8:4]=0x676e69",1
"strbtvs r6, [lr], -0x570",1
"rsbeq r6, r7, sb, ror 28",1
svcpl 0x4c4e5f,1
"strbmi r4, [ip, -0x554]",1
"mcrmi p8, 2, r4, c15, c0, 2",1
"ldrbmi r5, [r4, -0xf45]",1
"cdpmi p15, 4, c5, c9, c12, 2",1
"stclmi p15, c5, [r6, -0x150]",1
"mrcmi p0, 2, r0, c15, c4, 2",1
"ldclmi p15, c5, [r7, -0x130]",1
"cmplo pc, pc, asr 28",1
"mrcmi p0, 2, r0, c15, c0, 1",1
"ldclmi p15, c5, [r7, -0x130]",1
"cmplo pc, pc, asr 28",1
"mrcmi p0, 2, r0, c15, c1, 1",1
"ldclmi p15, c5, [r7, -0x130]",1
"cmplo pc, pc, asr 28",1
"strbvc r0, [r2, -0x32]!",1
svcpl 0x3266,1
"ldrbpl r4, [pc], -0xc4e     ; [0x15e48:4]=0x53524946",1
svcpl 0x454d49,1
"cmppl r2, 0x118000",1
"ldrbmi r5, [r7, -0xf54]",1
invalid,1
"mrcmi p0, 2, r0, c15, c9, 2",1
svcmi 0x4d5f4c,1
"cmpmi r4, lr, asr 10",1
"cmpmi pc, 0x148000",1
"ldrbmi r4, [r6, -0xe4f]",1
svcmi 0x495352,1
"cmpmi r2, lr, asr 30",1
svcpl 0x4554,1
"ldmdbmi pc, {r1, r2, r3, r6, sl, fp, lr} ^",1
"strbpl r4, [lr], -0x544",1
"movtmi r4, 0x9649",1
svcmi 0x495441,1
"subpl r5, r1, lr, asr 30",1
"movtmi r4, 0x9c50",1
svcmi 0x495441,1
"cdpmi p0, 5, c0, c15, c14, 2",1
"strbmi r5, [sb], -0xf4c",1
"ldmdbmi r4, {r0, r2, r6, sb, sl, fp, lr} ^",1
invalid,1
"mcrmi p9, 2, r4, c15, c4, 2",1
"mcrrmi p4, 5, r5, r5, c15",1
"mcrrmi p15, 0, r5, lr, c0",1
"stclmi p4, c5, [sb, -0x17c]",1
svcmi 0x435f45,1
"ldrbmi r4, [r3, -0x544]",1
svcpl 0x5f0054,1
svcpl 0x544e49,1
"ldrbmi r5, [r3, -0xf50]",1
"stmdbpl r2, {r4, r6, r8, sb, sl, fp, ip, lr} ^",1
"cmpmi r0, pc, asr r3",1
svcpl 0x4543,1
"cmpmi pc, 0x4e00            ; ""nd exit\n""",1
"ldrbmi r5, [r0, -0x954]",1
"strbmi r4, [pc], -0x35f",1
"strbpl r5, [r5], -0x345",1
"stclmi p14, c4, [r1, -0x17c]",1
"cdpmi p0, 5, c0, c15, c5, 2",1
"strbpl r5, [r3], -0xf4c",1
svcpl 0x455059,1
"stmdbmi r4, {r0, r3, r6, sb, sl, fp, lr} ^",1
"cmppl r4, 0x11c000",1
"submi r5, sp, 50, 30",1
"mcrrmi p15, 0, r5, lr, c0",1
"qdaddmi r5, pc, r4",1
"eorseq r5, r2, sb, asr pc",1
svcpl 0x4c4e5f,1
"strbmi r4, [sp, -0x954]",1
"cmpmi r2, pc, asr r5",1
"strbpl r4, [lr], -0x55f",1
"movtpl r4, 0x5952",1
"mcrrmi p15, 0, r5, lr, c0",1
"submi r5, r1, 0x17c0000",1
svcpl 0x4e4f4d,1
"mrcmi p0, 2, r0, c15, c1, 1",1
"cmpmi r7, ip, asr 30",1
"cdpmi p13, 4, c4, c15, c2, 2",1
svcpl 0x325f,1
"ldrbpl r4, [pc, -lr, asr 24] ; [0x15f40:4]=0x335f4e",1
svcmi 0x4d4241,1
"eorseq r5, r3, lr, asr 30",1
svcpl 0x4c4e5f,1
"stclmi p1, c4, [r2, -0x15c]",1
"ldrblo r4, [pc], -0xe4f     ; [0x15f54:4]=0x4241575f",1
"mcrrmi p15, 0, r5, lr, c0",1
"submi r5, r1, 0x17c0000",1
svcpl 0x4e4f4d,1
"mrcmi p0, 2, r0, c15, c5, 1",1
"cmpmi r7, ip, asr 30",1
"cdpmi p13, 4, c4, c15, c2, 2",1
svcpl 0x365f,1
"ldrbpl r4, [pc, -lr, asr 24] ; [0x15f74:4]=0x375f4e",1
svcmi 0x4d4241,1
"eorseq r5, r7, lr, asr 30",1
svcpl 0x4c4e5f,1
"stclmi p1, c4, [r2, -0x15c]",1
"ldmdalo pc, {r0, r1, r2, r3, r6, sb, sl, fp, lr} ^",1
"mcrrmi p15, 0, r5, lr, c0",1
"submi r5, r1, 0x17c0000",1
svcpl 0x4e4f4d,1
"ldmdami r4, {r0, r3, r4, r5} ^",1
"ldrbmi r5, [r3, -0x54f]",1
"mrcmi p0, 2, r0, c15, c0, 2",1
svcmi 0x4d5f4c,1
"cmpmi r4, lr, asr 10",1
"ldrbmi r5, [pc], -0x952     ; [0x15fac:4]=0x505f544e",1
"ldmdbmi pc, {r0, r2, r4, r6, r8, sb, sl, fp, lr} ^",1
"subspl r5, pc, lr, asr 8",1
svcpl 0x53435f,1
"movtmi r5, 0x5250",1
"movtpl r4, 0x5445",1
"mcrrmi p15, 0, r5, lr, c0",1
"strbmi r4, [r4, -0x95f]",1
"strbmi r5, [sb], -lr, asr 8",1
"strbpl r4, [r1], -0x349",1
svcpl 0x4e4f49,1
"stmdbmi r1, {r0, r2, r6, r8, sl, fp, lr} ^",1
"stclvs p0, c0, [lr], -0x130",1
"ldrbvs r6, [r4, -0x95f]!",1
"cdpmi p0, 5, c0, c15, c13, 3",1
"strbpl r5, [lr, -0xf4c]",1
"movtmi r5, 0xcf4d",1
"stclmi p4, c5, [sb, -0x17c]",1
"cdpmi p0, 5, c0, c15, c5, 2",1
"strbpl r5, [r3], -0xf4c",1
svcpl 0x455059,1
"mcrmi p2, 2, r5, c1, c4, 2",1
"strbpl r4, [sb], -0xc53",1
svcpl 0x4f545f,1
"subseq r4, r8, sb, asr 8",1
svcpl 0x4c4e5f,1
"strbmi r4, [lr, -0xf4d]",1
"ldmdbpl r2, {r2, r4, r6, r8, lr} ^",1
"strbmi r4, [pc], -0x35f",1
"strbpl r5, [r5], -0x345",1
"mcrrmi p15, 0, r5, lr, c0",1
"ldrbmi r5, [pc], -0x75f     ; [0x16028:4]=0x544d46",1
svcpl 0x455441,1
"subseq r4, r4, r6, asr 26",1
svcpl 0x4c4e5f,1
"mcrrmi p15, 4, r4, ip, c3",1
svcpl 0x455441,1
"smlsldmi r4, sb, r7, r5",1
"submi r5, sp, 72, 8",1
"mcrrmi p15, 0, r5, lr, c0",1
"mcrrmi p3, 5, r4, pc, c15",1
"ldrbmi r4, [r4, -0x14c]",1
"strbmi r4, [lr], -0x95f",1
"movtmi r5, 0x5249",1
"subeq r5, r3, r4, asr r7",1
svcpl 0x4c4e5f,1
"strbmi r4, [lr, -0xf4d]",1
"ldmdbpl r2, {r2, r4, r6, r8, lr} ^",1
svcmi 0x55445f,1
"cmpmi pc, 0x5f0",1
"subspl r5, r0, 0x14c",1
"strbmi r4, [r5], -0x345",1
svcpl 0x5345,1
"cdpmi p12, 5, c4, c15, c14, 2",1
"mrrcmi p13, 5, r4, pc, c5",1
svcmi 0x435f43,1
"strbpl r4, [r1], -0xc4c",1
"cdpmi p0, 5, c0, c15, c5, 2",1
"ldrbmi r5, [r7], -0xf4c",1
"usaxmi r5, pc, pc",1
svcpl 0x544d,1
"ldrbpl r4, [pc, -lr, asr 24] ; [0x160a0:4]=0x4e5f0031",1
svcpl 0x594144,1
"mrcmi p0, 2, r0, c15, c1, 1",1
"ldrbmi r5, [r7], -0xf4c",1
"cmplo pc, 0x104000",1
"mcrrmi p15, 0, r5, lr, c0",1
"qdaddmi r5, pc, r4",1
"eorseq r5, r4, sb, asr pc",1
svcpl 0x4c4e5f,1
"stmdbpl r1, {r0, r1, r2, r4, r6, sl, lr} ^",1
svcpl 0x355f,1
"ldrbpl r4, [pc, -lr, asr 24] ; [0x160cc:4]=0x4e5f0036",1
svcpl 0x594144,1
"mrcmi p0, 2, r0, c15, c6, 1",1
"ldrbmi r5, [r7], -0xf4c",1
"ldrblo r5, [pc, -r1, asr 18] ; [0x160dc:4]=0x5954435f",1
"mcrrmi p15, 0, r5, lr, c0",1
"ldmdbpl r4, {r0, r1, r2, r3, r4, r6, r8, sb, lr} ^",1
"ldrbpl r4, [pc], -0x550     ; [0x160e8:4]=0x5f54494c",1
"movtpl r4, 0xe152",1
svcpl 0x54494c,1
invalid,1
svcpl 0x544c55,1
"cmppl r3, 0x134000",1
"subeq r4, r7, sb, asr 28",1
svcpl 0x4c4e5f,1
"subspl r5, sb, r3, asr 8",1
"strbpl r5, [0x000151c7]",1
"smlsldmi r4, sb, r4, r4",1
svcpl 0x315449,1
svcpl 0x4357,1
"subspl r4, pc, lr, asr 24",1
"subpl r5, r5, 0x41",1
"strbmi r5, [sb], -0x75f",1
svcpl 0x4854,1
"ldclmi p12, c4, [0x00015ff4]",1
"ldrbpl r4, [r3, -0x145]",1
"strbmi r4, [sp, -0x552]",1
"cmpmi pc, 0x4e000000",1
"movtpl r4, 0x544f",1
svcpl 0x5445,1
"cmpmi pc, 0x4e00            ; ""nd exit\n""",1
"ldrbmi r5, [r0, -0x954]",1
"ldrbpl r4, [r5], -0xf5f",1
"stmdbmi r7, {r2, r6, r8, fp, lr} ^",1
invalid,1
"strbvs r0, [r7, -0x43]!",1
"stmdavs r3!, {r2, r4, r5, r6, r8, sb, sl, fp, ip, lr} ^",1
"ldrbvs r7, [r3, -0x261]!",1
"stclvs p15, c5, [r1], -0x1d0",1
"ldrbvs r6, [r3, -0x169]!",1
"mrcmi p0, 2, r0, c15, c3, 3",1
"ldmdbmi r4, {r2, r3, r6, r8, sb, sl, fp, ip, lr} ^",1
"ldrbmi r4, [pc], -sp, asr 10 ; [0x16174:4]=0x524f575f",1
"ldrbpl r5, [r3], -0x249",1
"subpl r5, pc, 0x17c0000",1
"stmdbpl r1, {r0, r1, r3, r6, sl, lr} ^",1
"mcrrmi p15, 0, r5, lr, c0",1
"ldmdbpl r4, {r0, r1, r2, r3, r4, r6, r8, sb, lr} ^",1
svcmi 0x5f4550,1
"stmdbmi r4, {r0, r2, r4, r6, sl, ip, lr} ^",1
"ldrblo r4, [r4, -0x947]",1
"subeq r5, r3, pc, asr r7",1
svcmi 0x4e5f5f,1
"subspl r5, r0, 0x450000",1
"mcrrmi p15, 0, r5, lr, c0",1
"ldmdbpl r4, {r0, r1, r2, r3, r4, r6, r8, sb, lr} ^",1
svcmi 0x5f4550,1
"stmdbmi r4, {r0, r2, r4, r6, sl, ip, lr} ^",1
"ldrblo r4, [r4, -r7, asr 18]",1
"subeq r5, r3, pc, asr r7",1
svcpl 0x4e5f5f,1
"mcrmi p9, 2, r4, c7, c3, 2",1
"movtpl r5, 0xf05f",1
"cdpmi p0, 5, c0, c15, c14, 2",1
"strbpl r5, [r3], -0xf4c",1
svcpl 0x455059,1
"ldrbmi r5, [r4], -0x54f",1
"strbpl r4, [sb], -0x749",1
"cmpmi r7, 57, 30            ; 0x39",1
"mcrrmi p15, 0, r5, lr, c0",1
"strbmi r4, [r4, -0x95f]",1
"strbmi r5, [sb], -lr, asr 8",1
"strbpl r4, [r1], -0x349",1
svcpl 0x4e4f49,1
"subseq r4, r8, r6, asr 2",1
"rsbslo r5, r3, 0x17c",1
"mcrvs p12, 3, r6, c5, c15, 2",1
"mcrrmi p15, 0, r5, lr, c0",1
"stclmi p4, c5, [sb, -0x17c]",1
invalid,1
"stmdbmi r4, {r2, r3, r6, r8, sb, sl, fp, ip, lr} ^",1
"strbpl r4, [r3], -0x552",1
"subeq r4, lr, sb, asr 30",1
svcpl 0x4c4e5f,1
"strbmi r4, [lr, -0xf4d]",1
"ldmdbpl r2, {r2, r4, r6, r8, lr} ^",1
svcmi 0x55445f,1
"mcrrmi p6, 5, r5, r1, c15",1
"ldrbmi r4, [pc], -sb, asr 8 ; [0x1622c:4]=0x5f4c4e5f",1
"subeq r4, sp, r2, asr pc",1
svcpl 0x4c4e5f,1
"subpl r4, r4, 0x41000000",1
svcpl 0x535345,1
"strbmi r4, [lr, -ip, asr 2]",1
"submi r4, sb, 0x5f00",1
"mcrrmi p15, 0, r5, lr, c0",1
"mcrrmi p3, 5, r4, pc, c15",1
"ldrbmi r4, [r4, -0x14c]",1
"submi r5, r1, 0x5f000000",1
"cmpmi r7, 76, 10            ; 0x4c",1
"mcrrmi p15, 0, r5, lr, c0",1
"stclmi p14, c4, [r1, -0x17c]",1
invalid,1
"ldclmi p5, c4, [0x00016134]",1
"mrcmi p0, 2, r0, c15, c2, 2",1
invalid,1
"cdpmi p5, 5, c4, c15, c13, 2",1
svcpl 0x454d41,1
svcpl 0x534d,1
"cmpmi pc, 0x4e00            ; ""nd exit\n""",1
"ldrbmi r5, [r0, -0x954]",1
"strbmi r4, [lr], -0x95f",1
"strbpl r4, [sb], -0x749",1
invalid,1
"cdpmi p0, 5, c0, c15, c3, 2",1
"strbpl r5, [r3], -0xf4c",1
svcpl 0x455059,1
"stmdbmi r4, {r0, r3, r6, sb, sl, fp, lr} ^",1
"cmppl r4, 0x11c000",1
"cmpmi r7, 50, 30            ; 0x32",1
"ldrbvc r5, [0x000153ac]     ; [0x153ac:4]=0x746e655f",1
"strbvc r6, [pc, -r6, ror 24]!",1
"cmnvs r3, 0, 12",1
"rsbeq r6, r6, r1, ror 28",1
svcpl 0x4c4e5f,1
svcpl 0x4d554e,1
"ldclmi p3, c4, [0x00016194]",1
"cmpmi r3, r5, asr 6",1
"subseq r4, r3, r7, asr 10",1
svcpl 0x4c4e5f,1
"subspl r5, sb, r3, asr 8",1
"cdpmi p15, 4, c5, c9, c5, 2",1
"stmdbmi r7, {r2, r6, r8, fp, lr} ^",1
svcpl 0x345354,1
svcpl 0x4357,1
"cmpmi pc, 0x4e00            ; ""nd exit\n""",1
"ldrbmi r5, [r0, -0x954]",1
"ldrbpl r4, [r8], -0x55f",1
"ldclmi p1, c4, [0x000161ac]",1
"cmplo pc, r1, asr 32",1
"mrcmi p0, 2, r0, c15, c1, 1",1
"strbpl r5, [r3], -0xf4c",1
svcpl 0x455059,1
"mcrmi p2, 2, r5, c1, c4, 2",1
"strbpl r4, [sb], -0xc53",1
invalid,1
"strbpl r5, [ip], -0x541",1
"movtpl r4, 0x9d5f",1
"smlsldmi r4, lr, r3, sb",1
"mcrmi p12, 2, r4, c5, c15, 2",1
"mcrrmi p15, 0, r5, lr, c0",1
"ldmdbpl r4, {r0, r1, r2, r3, r4, r6, r8, sb, lr} ^",1
"ldrbpl r4, [pc], -0x550     ; [0x1632c:4]=0x5f54494c",1
"movtpl r4, 0xe152",1
svcpl 0x54494c,1
"ldrbpl r4, [pc], -0xf54     ; [0x16338:4]=0x435f4c4e",1
svcpl 0x4c42,1
"cmpmi pc, 0x4e00            ; ""nd exit\n""",1
"ldrbmi r5, [r0, -0x954]",1
"ldrbpl r4, [r8], -0x55f",1
"ldclmi p1, c4, [0x00016204]",1
"cmplo pc, r1, asr 32",1
"mrcmi p0, 2, r0, c15, c4, 1",1
"strbpl r5, [r3], -0xf4c",1
svcpl 0x455059,1
"stmdbmi r4, {r0, r3, r6, sb, sl, fp, lr} ^",1
"cmppl r4, 0x11c000",1
"cmpmi r7, 54, 30            ; 0x36",1
"mcrrmi p15, 0, r5, lr, c0",1
"ldmdbpl r4, {r0, r1, r2, r3, r4, r6, r8, sb, lr} ^",1
"ldrbpl r4, [pc], -0x550     ; [0x16374:4]=0x32335245",1
"subspl r5, r0, pc, asr 10",1
"eorslo r5, r3, 0x50000004",1
"mcrrmi p15, 0, r5, lr, c0",1
"stclmi p4, c5, [sb, -0x17c]",1
"subpl r5, r5, 0x114",1
"strbpl r5, [lr, -0xf41]",1
"cdpmi p15, 4, c5, c5, c13, 2",1
"strbmi r5, [sb, -0x254]",1
"mrcmi p0, 2, r0, c15, c3, 2",1
"strbpl r5, [r3], -0xf4c",1
svcpl 0x455059,1
"stmdbmi r4, {r0, r3, r6, sb, sl, fp, lr} ^",1
"cmppl r4, 0x11c000",1
"cmpmi r7, 56, 30            ; 0x38",1
"ldclmi p15, c5, [0x000163b0]",1
"ldrbmi r4, [pc], -0xe4f     ; [0x163b4:4]=0x505f4c41",1
"stclmi p3, c4, [sb, -0x114]",1
"subspl r4, pc, r1, asr 24",1
"strbpl r4, [lr], -0x94f",1
"mcrrmi p15, 0, r5, lr, c0",1
"mcrmi p13, 2, r4, c15, c15, 2",1
"subpl r5, r1, 0x45000000",1
"strbpl r5, [r4, -0xf59]",1
svcpl 0x505f4f,1
"subspl r5, pc, r3, asr 6",1
"strbmi r4, [r3, -0x552]",1
"subseq r4, r3, r4, asr 10",1
svcpl 0x4e5f5f,1
svcpl 0x504553,1
"cmppl pc, 0x108000",1
"strbmi r4, [r3, -0x150]",1
"mcrrmi p15, 0, r5, lr, c0",1
"ldclmi p14, c4, [r5, -0x17c]",1
svcpl 0x434c5f,1
"subspl r5, sb, r3, asr 8",1
"cdpmi p0, 5, c0, c15, c5, 2",1
"strbpl r5, [lr, -0xf4c]",1
"movtmi r5, 0xcf4d",1
"mcrrmi p4, 5, r5, r5, c15",1
svcmi 0x485045,1
svcpl 0x454e,1
"cdpmi p12, 5, c4, c15, c14, 2",1
svcpl 0x454d41,1
"strbmi r4, [r4, -0xf43]",1
"subseq r4, r4, r3, asr r5",1
svcpl 0x4c4e5f,1
"strbmi r4, [lr, -0xf4d]",1
"ldmdbpl r2, {r2, r4, r6, r8, lr} ^",1
svcmi 0x55445f,1
"strbpl r4, [lr], -0x95f",1
"cmpmi pc, 0x5f0",1
"subspl r5, r0, 0x14c",1
"strbmi r4, [r5], -0x345",1
svcpl 0x5345,1
"cmpmi pc, 0x4e00            ; ""nd exit\n""",1
"ldrbmi r5, [r0, -0x954]",1
"ldrbpl r4, [r5], -0xf5f",1
"stmdbmi r7, {r2, r6, r8, fp, lr} ^",1
"ldclmi p0, c3, [0x00016310]",1
"cdpmi p0, 5, c0, c15, c2, 2",1
svcmi 0x435f4c,1
"strbpl r4, [r1], -0xc4c",1
"ldrbpl r5, [r2, -0xf45]",1
"ldrbmi r4, [r3, -0x54c]",1
svcpl 0x5354,1
"cmpmi pc, 0x4e00            ; ""nd exit\n""",1
"ldrbmi r5, [r0, -0x954]",1
"ldrbpl r4, [r5], -0xf5f",1
"stmdbmi r7, {r2, r6, r8, fp, lr} ^",1
"ldclmi p2, c3, [0x0001633c]",1
"cdpmi p0, 5, c0, c15, c2, 2",1
"ldclmi p15, c5, [r7, -0x130]",1
"ldrblo r4, [0x00015649]     ; [0x15649:4]=0x77005345",1
svcpl 0x6c6e00,1
"strbvs r6, [lr, -ip, ror 2]!",1
svcvs 0x666e69,1
"mcrrmi p15, 0, r5, lr, c0",1
svcmi 0x4d575f,1
"eorseq r5, r6, lr, asr 30",1
svcpl 0x4c4e5f,1
"mcrmi p13, 2, r4, c15, c7, 2",1
svcpl 0x375f,1
"ldrbpl r4, [pc, -lr, asr 24] ; [0x164c0:4]=0x5f5f0038",1
svcpl 0x4e4f4d,1
svcpl 0x5f0038,1
"stclvs p5, c7, [sb], -0x188",1
svcpl 0x6e6974,1
"cmnvs r2, 0x73000000",1
svcpl 0x706d,1
"ldrbpl r4, [pc, -lr, asr 24] ; [0x164dc:4]=0x4e5f0039",1
svcpl 0x4e4f4d,1
"mrcmi p0, 2, r0, c15, c9, 1",1
svcmi 0x435f4c,1
"strbpl r4, [r1], -0xc4c",1
"stmdapl r5, {r0, r2, r6, r8, sb, sl, fp, ip, lr} ^",1
"smlsldpl r5, r1, r4, r2",1
"cdpmi p0, 5, c0, c15, c3, 2",1
"strbpl r5, [r3], -0xf4c",1
svcpl 0x455059,1
"ldrbmi r5, [r4], -0x54f",1
"strbpl r4, [sb], -0x749",1
"submi r5, sp, 52, 30",1
"mcrrmi p15, 0, r5, lr, c0",1
"mcrmi p13, 2, r4, c15, c15, 2",1
"subpl r5, r1, 0x45000000",1
"strbpl r5, [r4, -0xf59]",1
"cdpmi p15, 4, c5, c9, c15, 2",1
svcpl 0x4e5f54,1
"mcrmi p9, 2, r4, c7, c3, 2",1
"movtpl r5, 0xf05f",1
"cdpmi p0, 5, c0, c15, c14, 2",1
"strbpl r5, [r3], -0xf4c",1
svcpl 0x455059,1
"mcrmi p2, 2, r5, c1, c4, 2",1
"strbpl r4, [sb], -0xc53",1
"submi r5, r1, 0x5f000000",1
bpl 0x126b2c4,1
"cdpmi p0, 5, c0, c15, c5, 2",1
"strbpl r5, [r3], -0xf4c",1
svcpl 0x455059,1
"ldrbmi r5, [r4], -0x54f",1
"strbpl r4, [sb], -0x749",1
"submi r5, sp, 54, 30",1
"mcrrmi p15, 0, r5, lr, c0",1
"subpl r5, r5, 0x17c0000",1
svcpl 0x545f41,1
"subseq r4, r4, r6, asr 26",1
svcpl 0x4c4e5f,1
"strbmi r4, [lr, -0xf4d]",1
"ldmdbpl r2, {r2, r4, r6, r8, lr} ^",1
"mrcmi p3, 2, r4, c2, c15, 2",1
"ldrbpl r5, [r3], -0x943",1
"mrcmi p0, 2, r0, c15, c2, 2",1
"strbpl r5, [r3], -0xf4c",1
svcpl 0x455059,1
"ldrbmi r5, [r4], -0x54f",1
"strbpl r4, [sb], -0x749",1
"submi r5, sp, 56, 30",1
"mcrrmi p15, 0, r5, lr, c0",1
"mcrrmi p3, 5, r4, pc, c15",1
"ldrbmi r4, [r4, -0x14c]",1
"strbmi r4, [lr], -0x95f",1
"movtmi r5, 0x5249",1
"subeq r4, r2, r4, asr sp",1
"cmnlo r3, pc, asr pc",1
"mcrvs p12, 3, r6, c5, c15, 2",1
"mcrrmi p15, 0, r5, lr, c0",1
"stclmi p14, c4, [r1, -0x17c]",1
invalid,1
"ldrbmi r4, [pc, -sp, asr 10] ; [0x165cc:4]=0x435f4c4e",1
svcpl 0x4e45,1
"cmpmi pc, 0x4e00            ; ""nd exit\n""",1
"ldrbmi r5, [r0, -0x954]",1
"cmpmi r2, pc, asr r4",1
"stmdbmi ip, {r1, r2, r3, r6, r8, sb, ip, lr} ^",1
"smlsldmi r5, sb, r4, pc",1
"ldrbmi r4, [r2, -0xf4e]",1
"mcrmi p12, 2, r4, c5, c15, 2",1
"mcrrmi p15, 0, r5, lr, c0",1
"ldclmi p14, c4, [r5, -0x17c]",1
"movtmi r5, 0x9245",1
"movtmi r4, 0x545f",1
"mcrrmi p13, 4, r4, r1, c9",1
"stmdbmi pc, {r0, r1, r2, r3, r4, r6, ip, lr} ^",1
"ldrbpl r5, [pc, -lr, asr 8] ; [0x16608:4]=0x6e65706f",1
"strbtvs r0, [r6], -0x43",1
"cdpvs p0, 6, c7, c5, c15, 3",1
"mcrrmi p15, 0, r5, lr, c0",1
"ldmdbpl r4, {r0, r1, r2, r3, r4, r6, r8, sb, lr} ^",1
"ldclmi p5, c4, [0x000164dc]",1
svcmi 0x5f5041,1
"ldrbmi r4, [r3, -0x646]",1
"mrcmi p0, 2, r0, c15, c4, 2",1
"strbmi r5, [sb], -0xf4c",1
"ldmdbmi r4, {r0, r2, r6, sb, sl, fp, lr} ^",1
invalid,1
"mcrmi p9, 2, r4, c15, c4, 2",1
"strbmi r4, [pc], -0x35f",1
"strbpl r5, [r5], -0x345",1
"mcrrmi p15, 0, r5, lr, c0",1
"ldmdbpl r4, {r0, r1, r2, r3, r4, r6, r8, sb, lr} ^",1
"cmpmi pc, 80, 10            ; 0x50",1
"cmppl r3, 76, 2             ; 0x4c",1
"mcrrmi p15, 0, r5, lr, c0",1
"subpl r5, r5, 0x17c0000",1
"ldrbmi r5, [sb, -0xf41]",1
svcpl 0x5241,1
"cdpmi p12, 5, c4, c15, c14, 2",1
"mrrcmi p13, 5, r4, pc, c5",1
"strbmi r5, [sb], -0xf43",1
"ldmdbmi r4, {r0, r2, r6, sb, sl, fp, lr} ^",1
invalid,1
"mcrmi p9, 2, r4, c15, c4, 2",1
"mcrrmi p15, 0, r5, lr, c0",1
"mcrmi p13, 2, r4, c15, c15, 2",1
"subpl r5, r1, 0x45000000",1
"strbmi r5, [r4, -0xf59]",1
invalid,1
svcmi 0x505f4c,1
svcpl 0x544e49,1
svcpl 0x4357,1
svcmi 0x48545f,1
"mcrmi p3, 2, r5, c1, c5, 2",1
"cmppl pc, 68, 6             ; 0x44",1
svcpl 0x5045,1
"cmpmi pc, 0x4e00            ; ""nd exit\n""",1
"ldrbmi r5, [r0, -0x954]",1
"qdaddmi r4, pc, ip",1
"mrcmi p3, 2, r5, c15, c3, 2",1
"movtpl r4, 0x5d41",1
"mcrrmi p15, 0, r5, lr, c0",1
"ldmdbpl r4, {r0, r1, r2, r3, r4, r6, r8, sb, lr} ^",1
"ldrbmi r4, [0x00016178]     ; [0x16178:4]=0x5941444b",1
"cmpmi r2, r8, asr r4",1
"subpl r4, r1, pc, asr sp",1
"eorseq r3, r0, pc, asr r1",1
svcpl 0x4c4e5f,1
"strbmi r4, [sp, -0x954]",1
"strbmi r5, [r5, -0x75f]",1
"teqpl r1, 0x12c",1
"stmdbpl r1, {r2, r4, r6, sl, lr} ^",1
"mcrrmi p15, 0, r5, lr, c0",1
"ldmdbpl r4, {r0, r1, r2, r3, r4, r6, r8, sb, lr} ^",1
"ldrbmi r4, [0x000161a4]     ; [0x161a4:4]=0x4f5f4550",1
"cmpmi r2, r8, asr r4",1
"subpl r4, r1, pc, asr sp",1
"eorseq r3, r2, pc, asr r1",1
svcpl 0x4c4e5f,1
"subspl r5, sb, r3, asr 8",1
"stmdapl r5, {r0, r2, r6, r8, sb, sl, fp, ip, lr} ^",1
svcpl 0x415254,1
svcpl 0x50414d,1
svcpl 0x3331,1
"cmpmi pc, 0x4e00            ; ""nd exit\n""",1
"ldrbmi r5, [r0, -0x954]",1
"cmpmi r2, pc, asr r4",1
"stmdbmi ip, {r1, r2, r3, r6, r8, sb, ip, lr} ^",1
"subpl r5, r6, 84, 30",1
"ldmdbmi pc, {r0, r1, r2, r3, r6, r8, sl, fp, lr} ^",1
svcpl 0x5844,1
"cmpmi pc, 0x4e00            ; ""nd exit\n""",1
"ldrbmi r5, [r0, -0x954]",1
"strbmi r4, [lr], -0x95f",1
"strbpl r4, [sb], -0x749",1
"ldclmi p1, c3, [0x000165fc]",1
"cdpmi p0, 5, c0, c15, c2, 2",1
"ldrbpl r5, [r7], -0xf4c",1
"strbpl r4, [sp], -0x65f",1
"mcrrmi p15, 0, r5, lr, c0",1
"strbmi r4, [r4, -0x95f]",1
"strbmi r5, [sb], -lr, asr 8",1
"strbpl r4, [r1], -0x349",1
svcpl 0x4e4f49,1
"subpl r4, r4, 0x41000000",1
"subseq r5, r3, r5, asr 6",1
svcpl 0x4c4e5f,1
"subspl r5, sb, r3, asr 8",1
invalid,1
svcpl 0x3150,1
"cmpmi pc, 0x4e00            ; ""nd exit\n""",1
"ldrbmi r5, [r0, -0x954]",1
"subpl r4, r1, pc, asr r7",1
"mrcmi p0, 2, r0, c15, c2, 1",1
"strbpl r5, [r3], -0xf4c",1
svcpl 0x455059,1
"cmplo r0, 0xc0000011",1
"mcrrmi p15, 0, r5, lr, c0",1
"ldmdbpl r4, {r0, r1, r2, r3, r4, r6, r8, sb, lr} ^",1
invalid,1
"eorseq r5, r4, r1, asr 32",1
svcpl 0x4c4e5f,1
"subspl r5, sb, r3, asr 8",1
invalid,1
svcpl 0x3550,1
"cmpmi pc, 0x4e00            ; ""nd exit\n""",1
"ldrbmi r5, [r0, -0x954]",1
"subpl r4, r1, pc, asr r7",1
"mrcmi p0, 2, r0, c15, c6, 1",1
"strbpl r5, [r3], -0xf4c",1
svcpl 0x455059,1
"stmdbmi r4, {r0, r3, r6, sb, sl, fp, lr} ^",1
"cmppl r4, 0x11c000",1
"submi r5, sp, 51, 30",1
"mcrrmi p15, 0, r5, lr, c0",1
"ldclmi p7, c5, [r0, -0x17c]",1
"subspl r5, r4, 0x7c000001",1
"mcrrmi p15, 0, r5, lr, c0",1
"strbmi r4, [r4, -0x95f]",1
"strbmi r5, [sb], -lr, asr 8",1
"strbpl r4, [r1], -0x349",1
svcpl 0x4e4f49,1
"ldrbmi r4, [r4, -0x143]",1
"ldmdbpl r2, {r0, r1, r2, r6, r8, sb, sl, fp, lr} ^",1
"mcrrmi p15, 0, r5, lr, c0",1
"ldmdbpl r4, {r0, r1, r2, r3, r4, r6, r8, sb, lr} ^",1
"mrcmi p5, 2, r4, c15, c0, 2",1
"movtpl r4, 0x1e4f",1
svcpl 0x494943,1
"ldrbmi r4, [r3, -0x143]",1
"mcrrmi p15, 0, r5, lr, c0",1
"stclmi p14, c4, [r1, -0x17c]",1
invalid,1
"ldrbmi r4, [pc], -sp, asr 10 ; [0x16830:4]=0x435f4c4e",1
svcpl 0x544d,1
"cmpmi pc, 0x4e00            ; ""nd exit\n""",1
"ldrbmi r5, [r0, -0x954]",1
"strbpl r5, [0x000163e1]",1
"subpl r5, r5, 0x50",1
"mcrrmi p15, 0, r5, lr, c0",1
"ldmdbpl r4, {r0, r1, r2, r3, r4, r6, r8, sb, lr} ^",1
"ldmdbmi pc, {r4, r6, r8, sl, lr} ^",1
"strbmi r4, [sb, -lr, asr 8]",1
"ldrblo r5, [r3, -0x449]",1
"subeq r4, r2, pc, asr sp",1
svchs 0x62696c,1
invalid,1
invalid,1
"strbtvc r7, [r5], -0x372",1
svcpl 0x632e,1
"cmpmi pc, 0x4e00            ; ""nd exit\n""",1
"ldrbmi r5, [r0, -0x954]",1
"strbmi r4, [lr], -0x95f",1
"strbpl r4, [sb], -0x749",1
"ldclmi p7, c3, [0x00016738]",1
"cdpmi p0, 5, c0, c15, c2, 2",1
"cmpmi r7, ip, asr 30",1
"stmdbpl r1, {r1, r6, sl, lr} ^",1
svcpl 0x325f,1
"cmpmi pc, 0x4e00            ; ""nd exit\n""",1
"ldrbmi r5, [r0, -0x954]",1
"strbmi r4, [lr], -0x95f",1
"strbpl r4, [sb], -0x749",1
"ldclmi p9, c3, [0x0001675c]",1
"ldrbvs r0, [r2, -0x42]!",1
"ldmdbvs r3!, {r0, r1, r4, r5, r6, r8, sb, sl, fp, ip, lr} ^",1
svcpl 0x657a,1
"ldclmi p12, c4, [0x00016780]",1
"strbpl r4, [r5], -0xe4f",1
svcpl 0x595241,1
svcpl 0x4f5544,1
svcpl 0x544e49,1
"subspl r5, r2, 0x10c00000",1
"ldclmi p3, c5, [sb, -0x17c]",1
"subeq r4, ip, r2, asr 30",1
svcpl 0x4c4e5f,1
"mcrrmi p15, 4, r4, ip, c3",1
svcpl 0x455441,1
"smlsldmi r4, sb, r7, r5",1
"cmpmi r7, 72, 8             ; 0x48",1
"mcrrmi p15, 0, r5, lr, c0",1
"mcrrmi p3, 5, r4, pc, c15",1
"ldrbmi r4, [r4, -0x14c]",1
"subpl r4, r1, pc, asr r7",1
"mrcmi p0, 2, r0, c15, c1, 1",1
svcmi 0x435f4c,1
"strbpl r4, [r1], -0xc4c",1
invalid,1
svcpl 0x3250,1
"cmpmi pc, 0x4e00            ; ""nd exit\n""",1
invalid,1
invalid,1
"eorseq r5, r3, r1, asr 32",1
svcpl 0x505f5f,1
"mcrmi p9, 2, r4, c7, c3, 2",1
"movtpl r5, 0xf05f",1
"cdpmi p0, 5, c0, c15, c14, 2",1
"strbpl r5, [lr, -0xf4c]",1
"movtmi r5, 0xcf4d",1
"stclmi p14, c4, [r1, -0x17c]",1
svcpl 0x5f0045,1
"cdpvs p0, 6, c7, c5, c15, 3",1
"stmdbvs ip!, {r0, r1, r2, r3, r4, r6, r8, sp, lr} ^",1
svcpl 0x7361,1
"cmpmi pc, 0x4e00            ; ""nd exit\n""",1
invalid,1
"cmpmi pc, 84, 10            ; 0x54",1
"movtpl r4, 0xcc4f",1
"submi r5, sp, 0x40000011",1
"mcrrmi p15, 0, r5, lr, c0",1
"mcrmi p13, 2, r4, c15, c15, 2",1
"subpl r5, r1, 0x45000000",1
"mrcmi p15, 2, r5, c5, c9, 2",1
"cmpmi r6, pc, asr 30",1
svcpl 0x44494c,1
"stclmi p2, c5, [0x00016860]",1
"mcrrmi p15, 0, r5, lr, c0",1
"mcrmi p13, 2, r4, c15, c15, 2",1
"subpl r5, r1, 0x45000000",1
"strbpl r5, [r4, -0xf59]",1
"cdpmi p15, 4, c5, c9, c15, 2",1
"subpl r5, r6, 84, 30",1
"ldrbmi r4, [pc], -0x341     ; [0x16994:4]=0x4e5f0053",1
"strbpl r4, [sb], -0x749",1
"mrcmi p0, 2, r0, c15, c3, 2",1
svcmi 0x435f4c,1
"strbpl r4, [r1], -0xc4c",1
"subpl r5, lr, 0x114",1
"movtpl r4, 0x5c55",1
"mcrrmi p15, 0, r5, lr, c0",1
"mcrrmi p4, 5, r5, r5, c15",1
svcmi 0x485045,1
"ldrbpl r4, [pc], -0x54e     ; [0x169bc:4]=0x465f4d4f",1
"ldrbmi r4, [pc], -0xc45     ; [0x169c0:4]=0x5f00544d",1
"ldrbmi r4, [pc], -pc, asr 26 ; [0x169c4:4]=0x544e495f",1
svcpl 0x544d,1
"strbpl r4, [lr], -0x95f",1
"cmpmi pc, 0x5f",1
"subspl r5, r0, 0x14c",1
"strbmi r4, [r5], -0x345",1
svcpl 0x5345,1
"ldmdbmi pc, {r1, r2, r3, r6, sl, fp, lr} ^",1
"strbpl r4, [lr], -0x544",1
"movtmi r4, 0x9649",1
svcmi 0x495441,1
"ldrbmi r5, [r2, -0xf4e]",1
"ldmdbmi r3, {r1, r2, r4, r6, r8, fp, lr} ^",1
svcpl 0x4e4f,1
"smlsldmi r4, r5, pc, lr",1
"strbpl r5, [sb], -r1, asr 8",1
"ldmdbmi r3, {r0, r2, r6, r8, sb, sl, fp, ip, lr} ^",1
svcpl 0x4e47,1
"cmpmi pc, lr, asr 24",1
"ldrbmi r4, [r2, -0x444]",1
"cmpmi pc, 0x4c000001",1
"strbpl r5, [lr], -0x54f",1
"cmpmi pc, r2, asr sb",1
svcpl 0x3242,1
"cmpmi pc, lr, asr 24",1
"ldrbmi r4, [r2, -0x444]",1
"cmpmi pc, 0x4c000001",1
"strbpl r5, [lr], -0x54f",1
"cmpmi pc, r2, asr sb",1
svcpl 0x3342,1
"strbpl r4, [lr], -0x95f",1
"cmppl pc, 0x5f0",1
svcpl 0x4e4749,1
"mrcmi p15, 2, r4, c3, c0, 2",1
"mcrrmi p15, 0, r5, lr, c0",1
"mcrrmi p3, 5, r4, pc, c15",1
"ldrbmi r4, [r4, -0x14c]",1
"ldclmi p3, c5, [sb, -0x17c]",1
"cmpmi r4, r2, asr 30",1
"stclmi p12, c4, [r5, -0x108]",1
svcpl 0x5f0042,1
svcpl 0x4e4f4d,1
"strbpl r5, [0x00016825]",1
"smlsldmi r4, lr, r0, sb",1
"mcrrmi p15, 0, r5, lr, c0",1
"ldmdbpl r4, {r0, r1, r2, r3, r4, r6, r8, sb, lr} ^",1
"ldclmi p5, c4, [0x0001693c]",1
"strbpl r5, [r3, -0xf42]",1
"qdaddmi r5, r2, sp",1
"mrcmi p0, 2, r0, c15, c8, 2",1
"strbpl r5, [lr, -0xf4c]",1
"movtmi r5, 0xcf4d",1
"subpl r5, r1, pc, asr r0",1
svcpl 0x5245,1
"ldrbpl r4, [pc], -0xc4e     ; [0x16a9c:4]=0x4b454557",1
svcpl 0x454d49,1
blmi 0x1168000,1
"ldrbpl r3, [r3], -0x15f",1
blmi 0x1168008,1
"ldmdbmi pc, {r8, sb, sl, fp, ip, lr} ^",1
"cdpmi p4, 5, c5, c15, c14, 2",1
"subpl r5, r5, pc, asr r3",1
svcpl 0x59425f,1
"movtmi r5, 0x1053",1
"cdpmi p0, 5, c0, c15, c5, 2",1
svcmi 0x4d5f4c,1
"cmpmi r4, lr, asr 10",1
"ldrbmi r5, [pc], -0x952     ; [0x16ad0:4]=0x505f544e",1
"ldmdbmi pc, {r0, r2, r4, r6, r8, sb, sl, fp, lr} ^",1
"subspl r5, pc, lr, asr 8",1
"subpl r5, r5, pc, asr r3",1
svcpl 0x59425f,1
"movtmi r5, 0x1053",1
"stclvs p0, c0, [pc], -0x114",1
"ldrbvs r5, [r2, -0xf64]!",1
"ldrbtvc r5, [r0], -0xf73",1
svcpl 0x5f0072,1
"movtmi r5, 0x1246",1
"smlsldmi r4, sb, pc, r4",1
"subseq r5, r3, sb, asr 8",1
svcpl 0x4c4e5f,1
"strbmi r5, [sp, -0x54e]",1
svcpl 0x434952,1
"strbmi r4, [r4, -0xf43]",1
"subseq r4, r4, r3, asr r5",1
invalid,1
"mcrrmi p15, 0, r5, lr, c0",1
"mcrrmi p3, 5, r4, pc, c15",1
"ldrbmi r4, [r4, -0x14c]",1
"ldclmi p3, c5, [sb, -0x17c]",1
invalid,1
"cmppl pc, 0x530000",1
"vstrmi s11, [r5, -0x124]",1
"cdpmi p0, 5, c0, c15, c2, 2",1
"strbpl r5, [r3], -0xf4c",1
svcpl 0x455059,1
"mcrmi p2, 2, r5, c1, c4, 2",1
"strbpl r4, [sb], -0xc53",1
svcmi 0x52465f,1
"subsmi r5, r4, 0x134",1
svcpl 0x5f004c,1
svcpl 0x544e49,1
"subspl r5, r2, 0x10c00000",1
"ldclmi p3, c5, [sb, -0x17c]",1
"subeq r4, ip, r2, asr 30",1
svcpl 0x4c4e5f,1
svcpl 0x4d4157,1
"subseq r5, r2, r3, asr r4",1
svcpl 0x4c4e5f,1
"strbmi r4, [sp, -0x954]",1
"stclmi p4, c5, [sb, -0x17c]",1
"vmlsmi.f32 s11, s30, s10",1
"cdpmi p0, 5, c0, c15, c5, 2",1
"strbmi r5, [sp, -0xf4c]",1
"smlsldmi r5, r1, r3, r3",1
"cmpmi pc, 0x14000001",1
"movtpl r4, 0x544f",1
svcpl 0x5445,1
"ldrbpl r4, [pc, -lr, asr 24] ; [0x16b9c:4]=0x49474944",1
svcpl 0x544c41,1
"stmdbmi r7, {r2, r6, r8, fp, lr} ^",1
svcpl 0x5354,1
"cmpmi pc, lr, asr 24",1
"ldrbmi r4, [r2, -0x444]",1
"cmpmi pc, 0x4c000001",1
"strbpl r5, [lr], -0x54f",1
"ldmdbmi pc, {r1, r4, r6, r8, fp, ip, lr} ^",1
"subeq r4, lr, r3, asr r2",1
svcpl 0x4c4e5f,1
"strbmi r4, [sp, -0x14e]",1
"stclmi p14, c4, [r1, -0x17c]",1
"stmdbmi sp, {r0, r2, r6, r8, sb, sl, fp, ip, lr} ^",1
svcpl 0x5353,1
"cmpmi r2, pc, asr r5",1
"qdaddmi r5, pc, r5",1
"mrcmi p0, 2, r0, c15, c2, 2",1
"ldclmi p15, c5, [r7, -0x130]",1
"cmplo pc, pc, asr 28",1
"mcrrmi p15, 0, r5, lr, c0",1
svcmi 0x4d575f,1
"eorseq r5, r2, lr, asr 30",1
svcpl 0x4c4e5f,1
"mcrmi p13, 2, r4, c15, c7, 2",1
svcpl 0x335f,1
"ldrbpl r4, [pc, -lr, asr 24] ; [0x16c04:4]=0x5f5f0034",1
svcpl 0x4e4f4d,1
svcpl 0x5f0034,1
"ldmdbmi r3, {r4, r6, r8, sb, sl, fp, lr} ^",1
"ldrbmi r4, [r6, -0x954]",1
"smlsldmi r5, sb, pc, r3",1
"cdpmi p0, 5, c0, c15, c14, 2",1
"strbmi r5, [r1], -0xf4c",1
"movtpl r5, 0x5244",1
svcmi 0x435f53,1
"ldrbmi r4, [r3, -0x544]",1
"mrcmi p0, 2, r0, c15, c4, 2",1
"cmpmi r0, ip, asr 30",1
svcpl 0x524550,1
"strbmi r4, [r4, -0xf43]",1
"subseq r4, r4, r3, asr r5",1
"stmdbmi r4, {r1, r4, r6, r8, lr} ^",1
"qdaddmi r4, r8, r8",1
"mrcmi p0, 2, r0, c15, c2, 2",1
svcmi 0x4d5f4c,1
"cmpmi r4, lr, asr 10",1
"ldrbmi r5, [pc], -0x952     ; [0x16c58:4]=0x505f544e",1
"ldmdbmi pc, {r0, r2, r4, r6, r8, sb, sl, fp, lr} ^",1
"subspl r5, pc, lr, asr 8",1
"smlsldmi r5, sb, pc, r3",1
svcmi 0x505f4e,1
svcpl 0x4e53,1
"cmpmi pc, 0x4e00            ; ""nd exit\n""",1
invalid,1
"cmppl pc, 84, 10            ; 0x54",1
svcpl 0x424d59,1
"subspl r5, r4, 0x450000",1
"subeq r4, r2, r1, asr 26",1
"rsbvc r5, r6, pc, asr pc",1
"mcrrmi p15, 0, r5, lr, c0",1
"ldclmi p14, c4, [r5, -0x17c]",1
svcpl 0x434c5f,1
"movtpl r4, 0x154d",1
"stclmi p2, c5, [r5, -0x154]",1
"subseq r4, r4, r5, asr 28",1
svcpl 0x4c4e5f,1
"strbmi r4, [lr, -0xf4d]",1
"ldmdbpl r2, {r2, r4, r6, r8, lr} ^",1
svcmi 0x55445f,1
"subspl r4, r5, 0x7c000001",1
"movtmi r4, 0xe552",1
"ldmdbpl r3, {r0, r3, r4, r6, r8, sb, sl, fp, ip, lr} ^",1
"mcrrmi p2, 4, r4, pc, c13",1
"mcrrmi p15, 0, r5, lr, c0",1
"submi r5, r1, 0x17c0000",1
svcpl 0x594144,1
"mrcmi p0, 2, r0, c15, c1, 1",1
"cmpmi r7, ip, asr 30",1
"stmdbpl r1, {r1, r6, sl, lr} ^",1
svcpl 0x335f,1
"ldrbpl r4, [pc, -lr, asr 24] ; [0x16ce0:4]=0x345f59",1
invalid,1
"eorseq r5, r4, sb, asr pc",1
svcpl 0x4c4e5f,1
"strbmi r4, [r2], -0x157",1
"ldrblo r5, [0x000163b3]     ; [0x163b3:4]=0x5f4c414d",1
"mcrrmi p15, 0, r5, lr, c0",1
"submi r5, r1, 0x17c0000",1
svcpl 0x594144,1
"mrcmi p0, 2, r0, c15, c6, 1",1
"cmpmi r7, ip, asr 30",1
"stmdbpl r1, {r1, r6, sl, lr} ^",1
svcpl 0x375f,1
"cmpmi pc, 0x4e00            ; ""nd exit\n""",1
"ldrbmi r5, [r0, -0x954]",1
"ldrbpl r4, [r5], -0xf5f",1
"stmdbmi r7, {r2, r6, r8, fp, lr} ^",1
invalid,1
"stmdbvs r4!, {r0, r1, r6} ^",1
"strbvs r5, [ip, -0xf72]!",1
"cdpmi p0, 5, c0, c15, c14, 3",1
"strbpl r5, [r3], -0xf4c",1
svcpl 0x455059,1
"ldrbmi r5, [r4], -0x54f",1
"strbpl r4, [sb], -0x749",1
"cmpmi r7, 50, 30            ; 0x32",1
"mcrrmi p15, 0, r5, lr, c0",1
"ldmdbpl r4, {r0, r1, r2, r3, r4, r6, r8, sb, lr} ^",1
"ldclmi p5, c4, [0x00016c10]",1
"cdpmi p0, 5, c5, c15, c1, 2",1
"movtpl r4, 0x5d41",1
"mcrrmi p15, 0, r5, lr, c0",1
"ldmdbpl r4, {r0, r1, r2, r3, r4, r6, r8, sb, lr} ^",1
"ldmdbmi pc, {r4, r6, r8, sl, lr} ^",1
"strbmi r4, [sb, -lr, asr 8]",1
svcpl 0x535449,1
"mrrcmi p3, 5, r4, pc, c7",1
svcpl 0x4e45,1
"cdpmi p12, 5, c4, c15, c14, 2",1
"subpl r4, r5, 0x1540",1
"ldrbpl r4, [pc], -0x349     ; [0x16d80:4]=0x53444e41",1
"cmppl r5, 72, 30            ; 0x48",1
"movtpl r4, 0x4e41",1
"subpl r5, r5, pc, asr r3",1
"subeq r5, r3, pc, asr r7",1
svcpl 0x4c4e5f,1
"subspl r5, sb, r3, asr 8",1
"strbpl r5, [0x00015e57]",1
"smlsldmi r4, sb, r4, r4",1
svcpl 0x345449,1
svcpl 0x4357,1
"ldmdbmi pc, {r1, r2, r3, r6, sl, fp, lr} ^",1
"strbpl r4, [lr], -0x544",1
"movtmi r4, 0x9649",1
svcmi 0x495441,1
"strbpl r5, [r1, -0xf4e]",1
"cdpmi p9, 4, c4, c5, c4, 2",1
svcpl 0x4543,1
"movtpl r5, 0x595f",1
"subseq r5, r2, r3, asr r4",1
svcpl 0x4c4e5f,1
"subspl r5, sb, r3, asr 8",1
"strbpl r5, [0x00015e93]",1
"smlsldmi r4, sb, r4, r4",1
svcpl 0x365449,1
svcpl 0x4357,1
"cmpmi pc, 0x4e00            ; ""nd exit\n""",1
invalid,1
"cmpmi pc, 84, 10            ; 0x54",1
"movtpl r4, 0x544f",1
svcpl 0x5445,1
"cmpmi pc, 0x4e00            ; ""nd exit\n""",1
"ldrbmi r5, [r0, -0x954]",1
"cmpmi r2, pc, asr r4",1
"stmdbmi ip, {r1, r2, r3, r6, r8, sb, ip, lr} ^",1
"smlsldmi r5, sb, r4, pc",1
"ldrbmi r4, [r2, -0xf4e]",1
"ldrbmi r5, [pc], -0xf00     ; [0x16e14:4]=0x505f4c41",1
"stclmi p3, c4, [sb, -0x114]",1
"subspl r4, pc, r1, asr 24",1
"strbpl r4, [lr], -0x94f",1
"mcrrmi p15, 0, r5, lr, c0",1
"strbmi r4, [r4, -0x95f]",1
"strbmi r5, [sb], -lr, asr 8",1
"strbpl r4, [r1], -0x349",1
svcpl 0x4e4f49,1
"mrrcmi p9, 5, r4, r4, c4",1
"cdpmi p0, 5, c0, c15, c5, 2",1
"strbpl r5, [r3], -0xf4c",1
svcpl 0x455059,1
"ldrbmi r5, [r4], -0x54f",1
"strbpl r4, [sb], -0x749",1
"cmpmi r7, 56, 30            ; 0x38",1
"mcrrmi p15, 0, r5, lr, c0",1
"ldmdbpl r4, {r0, r1, r2, r3, r4, r6, r8, sb, lr} ^",1
"ldmdbmi pc, {r4, r6, r8, sl, lr} ^",1
"strbmi r4, [sb, -lr, asr 8]",1
"ldrblo r5, [r3], -sb, asr 8",1
"subeq r4, r2, pc, asr sp",1
svcpl 0x4c4e5f,1
"subspl r5, sb, r3, asr 8",1
"cdpmi p15, 4, c5, c9, c5, 2",1
"stmdbmi r7, {r2, r6, r8, fp, lr} ^",1
"ldclmi p3, c5, [0x00016d2c]",1
"strbmi r5, [ip, -0xf42]",1
"cdpmi p0, 5, c0, c15, c14, 2",1
"ldrbmi r5, [r4, -0xf4c]",1
"ldmdami r0, {r2, r3, r6, r8, sl, lr} ^",1
svcpl 0x454e4f,1
svcpl 0x544e49,1
invalid,1
svcpl 0x5849,1
"ldclmi p12, c4, [0x00016d68]",1
"strbpl r4, [r5], -0xe4f",1
svcpl 0x595241,1
"strbpl r4, [0x00016658]",1
"strbmi r4, [lr], -0x153",1
"ldrbmi r5, [r3, -0xf53]",1
"cmpmi r7, 80, 30            ; 0x50",1
"mcrrmi p15, 0, r5, lr, c0",1
"submi r5, r1, 0x17c0000",1
svcpl 0x4e4f4d,1
svcpl 0x3031,1
"ldrbpl r4, [pc, -lr, asr 24] ; [0x16ecc:4]=0x31315f4e",1
svcmi 0x4d4241,1
"teqlo r1, lr, asr 30",1
"mcrrmi p15, 0, r5, lr, c0",1
"submi r5, r1, 0x17c0000",1
svcpl 0x4e4f4d,1
svcpl 0x3231,1
"cmpmi pc, 0x4e00            ; ""nd exit\n""",1
"ldrbmi r5, [r0, -0x954]",1
"qdaddmi r4, pc, ip",1
"eorslo r5, r3, 0x4c000001",1
"mcrrmi p15, 0, r5, lr, c0",1
"strbmi r4, [r4], -0x15f",1
"cmppl r3, 0x14800000",1
"movtpl r5, 0xf05f",1
svcpl 0x4c4154,1
"subseq r4, r4, r6, asr 26",1
svcpl 0x4c4e5f,1
"cdpmi p4, 4, c4, c5, c9, 2",1
"stmdbmi r6, {r2, r4, r6, r8, fp, lr} ^",1
"ldmdbmi r4, {r0, r1, r6, r8, lr} ^",1
"cmpmi pc, 0x4f0",1
"cmpmi r4, pc, asr 28",1
svcpl 0x5443,1
"ldclmi p12, c4, [0x00016df4]",1
"strbpl r4, [r5], -0xe4f",1
svcpl 0x595241,1
svcpl 0x4f5544,1
"ldrbmi r5, [r3, -0xf4e]",1
"stmdbpl r2, {r4, r6, r8, sb, sl, fp, ip, lr} ^",1
"cmpmi r0, pc, asr r3",1
svcpl 0x4543,1
"ldclmi p12, c4, [0x00016e14]",1
"strbpl r4, [r5], -0xe4f",1
svcpl 0x595241,1
svcpl 0x4f5544,1
"ldmdbmi r3, {r1, r2, r3, r6, r8, sb, sl, fp, ip, lr} ^",1
"subspl r4, pc, r7, asr 28",1
"subeq r5, lr, pc, asr 6",1
svcpl 0x4c4e5f,1
"subspl r5, sb, r3, asr 8",1
"ldmdbmi r7, {r0, r2, r6, r8, sb, sl, fp, ip, lr} ^",1
"subeq r5, r8, r4, asr 8",1
"mcrmi p15, 2, r5, c9, c15, 2",1
svcpl 0x505f54,1
"mcrmi p9, 2, r4, c7, c3, 2",1
"movtpl r5, 0xf05f",1
"cdpmi p0, 5, c0, c15, c14, 2",1
"strbpl r5, [lr, -0xf4c]",1
"movtmi r5, 0xcf4d",1
"ldclmi p14, c4, [r5, -0x17c]",1
"movtmi r5, 0x9245",1
"mcrrmi p15, 0, r5, lr, c0",1
"ldmdbpl r4, {r0, r1, r2, r3, r4, r6, r8, sb, lr} ^",1
"ldrbpl r4, [pc], -0x550     ; [0x16fa4:4]=0x5f005245",1
"strbpl r4, [pc, -pc, asr 24]",1
svcpl 0x5245,1
"subspl r4, r5, 0x7c000001",1
"movtmi r4, 0xe552",1
"ldmdbpl r3, {r0, r3, r4, r6, r8, sb, sl, fp, ip, lr} ^",1
"mcrrmi p2, 4, r4, pc, c13",1
"mcrrmi p15, 0, r5, lr, c0",1
"mcrrmi p4, 5, r5, r5, c15",1
svcmi 0x485045,1
"cmpmi pc, 0x13800000",1
"movtpl r4, 0x544f",1
svcpl 0x5445,1
"cmpmi pc, 0x4e00            ; ""nd exit\n""",1
"ldrbmi r5, [r0, -0x954]",1
"strbmi r4, [lr], -0x95f",1
"strbpl r4, [sb], -0x749",1
invalid,1
svcpl 0x5f0043,1
svcpl 0x544e49,1
"movtpl r5, 0x3f4e",1
"ldrbmi r5, [r2, -0x5f]",1
"strbmi r4, [r4, -0x543]",1
"mrcmi p0, 2, r0, c15, c3, 2",1
"strbpl r5, [r3], -0xf4c",1
svcpl 0x455059,1
"stmdbmi r4, {r0, r3, r6, sb, sl, fp, lr} ^",1
"cmppl r4, 0x11c000",1
"cmpmi r7, 51, 30            ; 0x33",1
"mcrrmi p15, 0, r5, lr, c0",1
"strbmi r4, [r4], -0x15f",1
"cmppl r3, 0x14800000",1
"strbpl r4, [0x00016cc5]",1
"ldmdbpl r2, {r1, r2, r3, r6, sl, ip, lr} ^",1
"ldclmi p14, c4, [r5, -0x17c]",1
"mcrrmi p15, 0, r5, lr, c0",1
"ldmdbpl r4, {r0, r1, r2, r3, r4, r6, r8, sb, lr} ^",1
"ldmdbmi pc, {r4, r6, r8, sl, lr} ^",1
"strbmi r4, [sb, -lr, asr 8]",1
"ldrblo r5, [r3, -0x449]",1
"subeq r5, r3, pc, asr r7",1
"ldrbmi r5, [sb, -0xf5f]",1
"subspl r4, r8, r3, asr r5",1
"strbvs r0, [r7, -0x52]!",1
"ldrbvc r6, [0x00016ce0]     ; [0x16ce0:4]=0x345f59",1
invalid,1
"rsbeq r6, r4, fp, ror 10",1
svcpl 0x4c4e5f,1
"subspl r5, sb, r3, asr 8",1
"cdpmi p15, 4, c5, c9, c5, 2",1
"stmdbmi r7, {r2, r6, r8, fp, lr} ^",1
svcpl 0x375354,1
svcpl 0x4357,1
"ldrbpl r4, [pc, -lr, asr 24] ; [0x17078:4]=0x5f545f44",1
svcpl 0x415245,1
svcpl 0x545f44,1
"subseq r4, r4, r6, asr 26",1
svcpl 0x4c4e5f,1
"subspl r5, sb, r3, asr 8",1
"cdpmi p15, 4, c5, c9, c5, 2",1
"stmdbmi r7, {r2, r6, r8, fp, lr} ^",1
svcpl 0x395354,1
"movwvs r4, 0x357",1
invalid,1
svcpl 0x7465,1
"cmpmi pc, 0x4e00            ; ""nd exit\n""",1
"ldrbmi r5, [r0, -0x954]",1
"mcrrmi p4, 5, r5, pc, c15",1
"subpl r5, r5, 0x13c0000",1
svcpl 0x3233,1
"cmpmi pc, 0x4e00            ; ""nd exit\n""",1
invalid,1
"cmpmi pc, 84, 10            ; 0x54",1
"movtpl r4, 0xcc4f",1
"cmpmi r7, 0x40000011",1
"mcrrmi p15, 0, r5, lr, c0",1
"ldmdbpl r4, {r0, r1, r2, r3, r4, r6, r8, sb, lr} ^",1
"ldrbmi r4, [0x00016b88]     ; [0x16b88:4]=0x435f5345",1
"cmpmi r2, r8, asr r4",1
"subpl r4, r1, pc, asr sp",1
svcpl 0x315f,1
"cmpmi pc, 0x4e00            ; ""nd exit\n""",1
"ldrbmi r5, [r0, -0x954]",1
"ldrbpl r4, [r8], -0x55f",1
"ldclmi p1, c4, [0x00016fac]",1
"subslo r5, pc, 0x41",1
"mcrrmi p15, 0, r5, lr, c0",1
"ldmdbpl r4, {r0, r1, r2, r3, r4, r6, r8, sb, lr} ^",1
"ldrbmi r4, [0x00016bb4]     ; [0x16bb4:4]=0x495f5952",1
"cmpmi r2, r8, asr r4",1
"subpl r4, r1, pc, asr sp",1
svcpl 0x335f,1
"cmpmi pc, 0x4e00            ; ""nd exit\n""",1
"ldrbmi r5, [r0, -0x954]",1
"ldrbpl r4, [r8], -0x55f",1
"ldclmi p1, c4, [0x00016fd8]",1
"ldrblo r5, [pc], -0x41      ; [0x17124:4]=0x5954435f",1
"mcrrmi p15, 0, r5, lr, c0",1
"ldmdbpl r4, {r0, r1, r2, r3, r4, r6, r8, sb, lr} ^",1
"ldrbmi r4, [0x00016be0]     ; [0x16be0:4]=0x315f4e4f",1
"cmpmi r2, r8, asr r4",1
"subpl r4, r1, pc, asr sp",1
svcpl 0x355f,1
"cmpmi pc, 0x4e00            ; ""nd exit\n""",1
"ldrbmi r5, [r0, -0x954]",1
"ldrbpl r4, [r8], -0x55f",1
"ldclmi p1, c4, [0x00017004]",1
"ldrblo r5, [pc], -r1, asr 32 ; [0x17150:4]=0x5954435f",1
"mcrrmi p15, 0, r5, lr, c0",1
"ldmdbpl r4, {r0, r1, r2, r3, r4, r6, r8, sb, lr} ^",1
"ldrbmi r4, [0x00016c0c]     ; [0x16c0c:4]=0x45564954",1
"cmpmi r2, r8, asr r4",1
"subpl r4, r1, pc, asr sp",1
svcpl 0x375f,1
"cmpmi pc, 0x4e00            ; ""nd exit\n""",1
"ldrbmi r5, [r0, -0x954]",1
"ldrbpl r4, [r8], -0x55f",1
"ldclmi p1, c4, [0x00017030]",1
"ldmdalo pc, {r0, r6, ip, lr} ^",1
"mcrrmi p15, 0, r5, lr, c0",1
"ldmdbpl r4, {r0, r1, r2, r3, r4, r6, r8, sb, lr} ^",1
"ldrbmi r4, [0x00016c38]     ; [0x16c38:4]=0x544553",1
"cmpmi r2, r8, asr r4",1
"subpl r4, r1, pc, asr sp",1
svcpl 0x395f,1
"cmpmi pc, 0x4e00            ; ""nd exit\n""",1
"ldrbmi r5, [r0, -0x954]",1
"ldrbpl r4, [r5], -0xf5f",1
"stmdbmi r7, {r2, r6, r8, fp, lr} ^",1
"ldclmi p1, c3, [0x00017058]",1
"cdpmi p0, 5, c0, c15, c2, 2",1
"ldrbmi r5, [r7, -0xf4c]",1
"ldrbmi r4, [pc], -0x152     ; [0x171b4:4]=0x4c4e5f00",1
"strbpl r4, [sp], -0x65f",1
"mcrrmi p15, 0, r5, lr, c0",1
"ldmdbpl r4, {r0, r1, r2, r3, r4, r6, r8, sb, lr} ^",1
svcmi 0x5f4550,1
"stmdbmi r4, {r0, r2, r4, r6, sl, ip, lr} ^",1
"cmplo r4, 0x11c000",1
"subeq r4, r2, pc, asr sp",1
svcpl 0x4c4e5f,1
"subpl r4, r4, 0x41000000",1
svcpl 0x535345,1
"cdpmi p15, 5, c4, c5, c3, 2",1
svcpl 0x595254,1
"strbmi r4, [sp, -0x14e]",1
"subspl r5, pc, r0, lsl 30",1
"subpl r5, r5, pc, asr r3",1
svcpl 0x59425f,1
"movtmi r5, 0x1053",1
"cdpmi p0, 5, c0, c15, c5, 2",1
"strbpl r5, [r3], -0xf4c",1
svcpl 0x455059,1
"ldrbmi r5, [r4], -0x54f",1
"strbpl r4, [sb], -0x749",1
"submi r5, sp, 53, 30",1
"mcrrmi p15, 0, r5, lr, c0",1
"ldmdbpl r4, {r0, r1, r2, r3, r4, r6, r8, sb, lr} ^",1
svcmi 0x5f4550,1
"stmdbmi r4, {r0, r2, r4, r6, sl, ip, lr} ^",1
"ldrblo r4, [r4, -r7, asr 18]",1
"subeq r4, r2, pc, asr sp",1
svcpl 0x4e5f5f,1
"subspl r5, pc, r3, asr 6",1
"strbmi r4, [r3, -0x552]",1
"subseq r4, r3, r4, asr 10",1
svcpl 0x4c4e5f,1
"strbmi r4, [lr, -0xf4d]",1
"ldmdbpl r2, {r2, r4, r6, r8, lr} ^",1
svcmi 0x55445f,1
"cmpmi r2, pc, asr r6",1
"stmdbmi r4, {r0, r1, r6, r8, sb, sl, fp, ip, lr} ^",1
"cmppl r4, 0x11c000",1
"mcrrmi p15, 0, r5, lr, c0",1
"ldmdbpl r4, {r0, r1, r2, r3, r4, r6, r8, sb, lr} ^",1
svcmi 0x5f4550,1
"stmdbmi r4, {r0, r2, r4, r6, sl, ip, lr} ^",1
"ldmdblo r4, {r0, r1, r2, r6, r8, fp, lr} ^",1
"subeq r4, r2, pc, asr sp",1
svcpl 0x4c4e5f,1
"subspl r5, sb, r3, asr 8",1
"mcrrmi p15, 4, r5, r3, c5",1
svcpl 0x535341,1
"movtpl r4, 0x664f",1
svcpl 0x5445,1
"ldmdbvs r5!, {r0, r1, r2, r3, r4, r6, sb, sp, lr} ^",1
"cdpvs p4, 6, c7, c9, c12, 3",1
"rsbsvc r7, r4, 0x7c000001",1
"rsbseq r7, sb, r3, rrx",1
svcpl 0x4c4e5f,1
"subpl r4, r4, 0x41000000",1
svcpl 0x535345,1
"cdpmi p15, 5, c4, c5, c3, 2",1
svcpl 0x595254,1
"ldrbpl r4, [r3], -0xf50",1
"mcrrmi p15, 0, r5, lr, c0",1
"strbmi r4, [r4], -0x15f",1
"cmppl r3, 0x14800000",1
"strbpl r4, [0x00016f5d]",1
"ldmdbpl r2, {r1, r2, r3, r6, sl, ip, lr} ^",1
"subpl r4, r1, 0x7c000001",1
"mcrrmi p15, 0, r5, lr, c0",1
"strbmi r4, [r4, -0x95f]",1
"strbmi r5, [sb], -lr, asr 8",1
"strbpl r4, [r1], -0x349",1
svcpl 0x4e4f49,1
"subspl r4, r2, 84, 10",1
"subpl r5, pc, 0x49000000",1
"mrcmi p0, 2, r0, c15, c9, 2",1
"strbmi r5, [sb], -0xf4c",1
"ldmdbmi r4, {r0, r2, r6, sb, sl, fp, lr} ^",1
invalid,1
"mcrmi p9, 2, r4, c15, c4, 2",1
"submi r4, r2, 0xc0000017",1
"ldmdbmi r6, {r1, r4, r6, r8, sl, lr} ^",1
svcmi 0x495441,1
"cdpmi p0, 5, c0, c15, c14, 2",1
svcmi 0x4d5f4c,1
"cmpmi r4, lr, asr 10",1
"ldrbpl r5, [0x000169be]     ; [0x169be:4]=0x544d465f",1
"ldrbpl r4, [pc], -lr, asr 30 ; [0x17314:4]=0x4f545f",1
"strbmi r4, [sb], -0xc41",1
"subeq r5, pc, pc, asr r4",1
svcpl 0x4c4e5f,1
"movtpl r4, 0x154d",1
"stclmi p2, c5, [r5, -0x154]",1
svcpl 0x544e45,1
"movtpl r4, 0x154d",1
"stclmi p2, c5, [r5, -0x154]",1
"subseq r4, r4, r5, asr 28",1
svcpl 0x4c4e5f,1
"mcrrmi p15, 4, r4, ip, c3",1
svcpl 0x455441,1
"mcrrmi p1, 5, r4, r2, c4",1
"subeq r4, r2, r5, asr 26",1
svcpl 0x4c4e5f,1
"usaxmi r4, pc, r7",1
invalid,1
"cmpvc pc, 100, 8            ; 0x64",1
"ldmdavs r3!, {r2, r3, r5, r6, r8, sp, lr} ^",1
"strbvs r7, [lr, -r0, lsl 10]!",1
"rsbeq r7, r3, r5, ror 8",1
svcpl 0x4c4e5f,1
"subspl r5, sb, r3, asr 8",1
"cdpmi p15, 4, c5, c9, c5, 2",1
"stmdbmi r7, {r2, r6, r8, fp, lr} ^",1
svcpl 0x305354,1
svcpl 0x424d,1
"strbpl r4, [lr], -0x95f",1
"cmpmi r2, pc, asr r6",1
"stmdbmi r4, {r0, r1, r6, r8, sb, sl, fp, ip, lr} ^",1
"cmppl r4, 0x11c000",1
"mcrrmi p15, 0, r5, lr, c0",1
"mcrmi p13, 2, r4, c15, c15, 2",1
"subpl r5, r1, 0x45000000",1
"strbpl r5, [r4, -0xf59]",1
"cmpmi r6, pc, asr 30",1
svcpl 0x44494c,1
svcpl 0x4f54,1
"cmpmi pc, 0x4e00            ; ""nd exit\n""",1
"ldrbmi r5, [r0, -0x954]",1
"strbmi r4, [lr], -0x95f",1
"strbpl r4, [sb], -0x749",1
"ldclmi p4, c3, [0x00017274]",1
"cdpmi p0, 5, c0, c15, c2, 2",1
"strbpl r5, [r3], -0xf4c",1
svcpl 0x455059,1
"stmdbmi r4, {r0, r3, r6, sb, sl, fp, lr} ^",1
"cmppl r4, 0x11c000",1
"submi r5, sp, 56, 30",1
svcvs 0x5f5f00,1
"strbvs r6, [r1, -r6, ror 24]!",1
"mcrrmi p15, 0, r5, lr, c0",1
svcpl 0x54575f,1
svcpl 0x544d46,1
"ldclmi p13, c4, [r0, -0x104]",1
"mcrrmi p15, 0, r5, lr, c0",1
"strbmi r4, [r4, -0x95f]",1
"strbmi r5, [sb], -lr, asr 8",1
"strbpl r4, [r1], -0x349",1
svcpl 0x4e4f49,1
"subspl r4, r5, 0x14c",1
svcpl 0x4543,1
"cmpmi pc, lr, asr 24",1
"ldrbmi r4, [r2, -0x444]",1
"mrrcmi p3, 5, r5, pc, c3",1
svcpl 0x474e41,1
"strbmi r4, [sp, -0x14e]",1
"mcrrmi p15, 0, r5, lr, c0",1
"ldclmi p14, c4, [r5, -0x17c]",1
svcpl 0x434c5f,1
"subpl r4, r4, 0x41000000",1
"subseq r5, r3, r5, asr 6",1
svcpl 0x4c4e5f,1
"subpl r4, r4, 0x41000000",1
svcpl 0x535345,1
"strbmi r4, [lr, -ip, asr 2]",1
"subpl r5, r5, 0x5f000000",1
"cdpmi p0, 5, c0, c15, c13, 2",1
"strbmi r5, [r1], -0xf4c",1
"movtpl r5, 0x5244",1
"qdaddmi r5, r3, ip",1
"cmpmi pc, lr, asr 14",1
"cdpmi p0, 5, c0, c15, c2, 2",1
svcmi 0x4d5f4c,1
"cmpmi r4, lr, asr 10",1
"ldrbmi r5, [pc], -0x952     ; [0x1746c:4]=0x4e5f544e",1
"ldmdbmi pc, {r0, r2, r4, r6, r8, sb, sl, fp, lr} ^",1
"cdpmi p4, 5, c5, c15, c14, 2",1
"subpl r5, r5, pc, asr r3",1
svcpl 0x59425f,1
"movtmi r5, 0x1053",1
"cdpmi p0, 5, c0, c15, c5, 2",1
"strbmi r5, [sb], -0xf4c",1
"ldmdbmi r4, {r0, r2, r6, sb, sl, fp, lr} ^",1
invalid,1
"mcrmi p9, 2, r4, c15, c4, 2",1
"strbpl r4, [r1], -0x45f",1
"cdpmi p0, 5, c0, c15, c5, 2",1
"ldmdbmi r4, {r2, r3, r6, r8, sb, sl, fp, ip, lr} ^",1
"ldrbpl r4, [pc, -sp, asr 10] ; [0x174a4:4]=0x5941444e",1
svcpl 0x4b4545,1
"stmdbpl r1, {r1, r2, r3, r6, sl, lr} ^",1
"rsbvc r0, pc, r3, asr r0",1
"ldrtlo r6, [r6], -0xe65",1
"ldclmi p15, c5, [0x000174b8]",1
"ldrbpl r4, [pc], -0xe4f     ; [0x174bc:4]=0x53444e41",1
"cmppl r5, 72, 30            ; 0x48",1
"movtpl r4, 0x4e41",1
"subpl r5, r5, pc, asr r3",1
"mcrrmi p15, 0, r5, lr, c0",1
"mcrmi p13, 2, r4, c15, c15, 2",1
"subpl r5, r1, 0x45000000",1
"strbpl r5, [r4, -0xf59]",1
svcpl 0x505f4f,1
"mcrmi p9, 2, r4, c7, c3, 2",1
"movtpl r5, 0xf05f",1
"cdpmi p0, 5, c0, c15, c14, 2",1
svcmi 0x4d5f4c,1
"cmpmi r4, lr, asr 10",1
"ldrbmi r5, [pc], -0x952     ; [0x174f4:4]=0x5045535f",1
"subspl r4, pc, r5, asr pc",1
"subpl r5, r5, pc, asr r3",1
svcpl 0x59425f,1
"movtmi r5, 0x1053",1
"cdpmi p0, 5, c0, c15, c5, 2",1
invalid,1
"cdpmi p5, 5, c4, c15, c13, 2",1
svcpl 0x454d41,1
"subseq r5, r3, sp, asr 4",1
svcpl 0x4c4e5f,1
"mcrrmi p15, 4, r4, ip, c3",1
svcpl 0x455441,1
"subspl r5, r4, 0x450000",1
"subeq r4, r2, r1, asr 26",1
svcpl 0x4c4e5f,1
"subspl r5, sb, r3, asr 8",1
invalid,1
svcmi 0x545f50,1
"mcrmi p14, 2, r4, c15, c15, 2",1
"stmdbmi r3, {r0, r6, r8, sb, ip, lr} ^",1
"cdpmi p0, 5, c0, c15, c9, 2",1
"ldrbmi r5, [r4, -0xf4c]",1
"ldmdami r0, {r2, r3, r6, r8, sl, lr} ^",1
svcpl 0x454e4f,1
svcpl 0x544e49,1
"strbmi r4, [ip, -0x553]",1
svcpl 0x5443,1
"cdpmi p12, 5, c4, c15, c14, 2",1
"mrrcmi p13, 5, r4, pc, c5",1
svcmi 0x4d5f43,1
"cmpmi r4, lr, asr 10",1
svcpl 0x5952,1
"cmpmi pc, 0x5f",1
"subspl r5, r0, 0x14c",1
"strbmi r4, [r5], -0x345",1
svcpl 0x5345,1
"movtpl r4, 0xfe5f",1
svcpl 0x5254,1
"subspl r4, pc, lr, asr 24",1
"subpl r5, r5, 0x41",1
"stmdbmi r5, {r0, r1, r2, r3, r4, r6, fp, lr} ^",1
"subseq r4, r4, r7, asr 16",1
svcpl 0x4c4e5f,1
"cdpmi p4, 4, c4, c5, c9, 2",1
"stmdbmi r6, {r2, r4, r6, r8, fp, lr} ^",1
"ldmdbmi r4, {r0, r1, r6, r8, lr} ^",1
"mrrcmi p14, 4, r4, pc, c15",1
"strbpl r4, [r7, -0xe41]",1
"subeq r4, r5, r1, asr 14",1
"subpl r5, r7, 0x17c",1
"ldmdbmi r0, {r0, r1, r2, r3, r6, r8, sl, ip, lr} ^",1
svcpl 0x474e,1
"cdpmi p12, 5, c4, c15, c14, 2",1
"andvc r4, r0, 0x1540",1
"ldclvs p3, c7, [r5], -0x194",1
svcpl 0x5f0074,1
invalid,1
"strbvs r6, [lr, -r4, ror 18]!",1
"ldclvs p2, c7, [r0], -0",1
"stclvs p6, c6, [r6], -0x17c",1
"rsbeq r7, r8, r5, ror r3",1
"strbvs r7, [r5, -0x36c]!",1
"stmdbvs ip!, {r0, r1, r3, r5, r6} ^",1
invalid,1
"ldrbvs r6, [r3, -0xf6c]!",1
invalid,1
blvs 0x1970bcc,1
"movwvc r3, 0x436",1
"strbtvs r7, [r5], -0x661",1
"rsbsvc r6, r2, 0x17c00000",1
invalid,1
"strtvs r6, [pc], -sb, ror 4",1
"cmnvc r5, 0x6600            ; ""f\x05""",1
"rsbeq r2, r3, r8, ror 28",1
invalid,1
"mrcvs p15, 3, r5, c5, c2, 3",1
"cmnvs r4, 0x19c00000",1
"uhsaxvs r6, r5, pc",1
svcpl 0x726566,1
invalid,1
"ldmdbvs r6!, {r0, r2, r5, r6, sb, ip, sp, lr} ^",1
"subsvc r6, pc, lr, ror 14",1
"strbtvc r7, [sb], -0x36f",1
"rsbeq r6, lr, sb, ror 30",1
svcpl 0x6c7072,1
"strbvs r7, [r5, -0x366]!",1
invalid,1
"strtvs r6, [pc], -sb, ror 4",1
blvs 0x1970c24,1
"rsbeq r2, r3, pc, ror 28",1
"mcrvs p8, 3, r6, c5, c7, 3",1
"strvs r6, [r0], -r3, ror 10",1
blvs 0x1970c34,1
"eorseq r3, r4, pc, ror 12",1
"rsbsvc r6, r6, r5, ror 28",1
"mrrcvs p15, 0, r5, pc, c0",1
svcpl 0x636269,1
svcpl 0x757363,1
"strbtvc r6, [sb], -0xe69",1
"strbtvs r6, [ip], -r0, lsl 10",1
"stmdbvs lr!, {r0, r2, r3, r5, r8, fp, sp, lr} ^",1
"rsbeq r2, r3, r4, ror lr",1
"mcrvs p15, 3, r5, c9, c15, 2",1
"cmpvs pc, sb, ror 8",1
"stmdbvc r1!, {r1, r4, r5, r6, sb, ip, sp, lr} ^",1
"cmnvs r4, pc, asr r3",1
svcpl 0x7472,1
"stmdbvs lr!, {r0, r1, r2, r3, r4, r6, r8, fp, sp, lr} ^",1
"rsbvc r5, r1, 116, 30",1
svcpl 0x796172,1
"rsbeq r6, r4, r5, ror 28",1
"stmdbvs ip!, {r0, r1, r2, r3, r4, r6, r8, sb, sl, fp, ip, lr} ^",1
"cmpvs pc, 0x88000001",1
"usub16vs r7, pc, r3",1
"rsbeq r6, sb, sb, ror 28",1
"stmdavc r3!, {r0, r1, r2, r3, r4, r6, r8, sb, sl, fp, ip, lr} ^",1
"strbtvc r5, [r1], -0xf61",1
"strbtvc r7, [sb], -0x865",1
"ldrbvs r5, [pc], -0xf00     ; [0x176d0:4]=0x6c646e61",1
"ldmdavs pc, {r0, r1, r4, r5, r6, r8, sb, sl, fp, sp, lr} ^",1
"stclvs p14, c6, [r4], -0x184",1
"stmdavs pc!, {r0, r2, r5, r6}",1
svchs 0x656d6f,1
"rsbsvc r6, r5, 0xa0000006",1
svchs 0x74656b,1
"strbtvc r6, [r3], -0xf79",1
"strbvc r2, [r2, -0xf6f]!",1
svchs 0x646c69,1
svchs 0x706d74,1
blvs 0x1cb34d8,1
"ldclvs p1, c6, [r2, -0xbc]!",1
"stclhs p7, c3, [r1, -0x1d8]!",1
"ldclhs p6, c6, [r0, -0x1d8]!",1
"cdpvs p5, 6, c6, c15, c14, 3",1
blvs 0x1bf37c4,1
"stmdbvs ip!, {r0, r3, r4, r5, r6, r8, sl, fp, sp} ^",1
"ldclhs p5, c7, [r8, -0x1b8]!",1
"ldrbvs r6, [r5, -0xe67]!",1
svchs 0x696261,1
"stmdbvs ip!, {r0, r2, r5, r6, r8, sb, sl, sp, lr} ^",1
"eorlo r6, pc, 0x88000001",1
"ldchs p1, c3, [r7, -0xb8]!",1
"strvs r3, [0x000173be]!",1
"rsbvs r6, sb, 0x6700",1
"cdphs p13, 3, c2, c2, c3, 3",1
"stcvs p7, c3, [pc], -0xc4",1
svchs 0x636269,1
"stclvs p4, c7, [r4], -0x1cc",1
invalid,1
"ldmdbvs r8!, {r2, r4, r5, r6, r8, sl, sp, lr} ^",1
"rsbeq r2, r3, r4, ror lr",1
invalid,1
"addseq fp, r4, r0, lsl 8",1
"addseq fp, r4, r0, lsl 16",1
"stcvc p2, c0, [r0, -0]",1
"addseq fp, r4, r0, lsl 16",1
"addseq fp, r4, r0, lsl 24",1
"stcvc p2, c0, [r0, -0]",1
"addseq fp, r4, r4, lsr 24",1
"addseq r2, ip, r0",1
"stcvc p3, c0, [r0, -0]",1
"andeq r0, r0, r0, lsl 7",1
"andeq r0, r0, r0",1
"ldrtls r0, [r4], 0",1
"strbls r0, [r4], 0",1
"andeq r0, r1, r0",1
"addseq ip, r4, r0, asr r4",1
"addseq r2, ip, r0",1
"mrsls r0, lr_irq",1
"strdeq r7, r8, [r0], -ip",1
"andeq r0, r0, r0",1
"ldrtls r0, [r4], 0",1
"ldrbtls r0, [ip], 0",1
"andeq r0, r2, r0",1
"ldrbtls sb, [ip], 0xf31",1
"ldrls r0, [r8, -0]!",1
"andeq r0, r1, r0",1
"addseq r3, r5, fp, asr r8",1
"addseq ip, r7, r0",1
blvc 0x183c4,1
"strbls sb, [r0, r1, lsl 30]",1
"strbls r0, [ip, r0]",1
"andeq r0, r1, r0",1
"addseq ip, r7, fp, asr ip",1
"addseq fp, sl, r0, lsl 8",1
blvc 0x183dc,1
bls 0xfed3f3e4,1
bls 0xff4177e4,1
"andeq r0, r1, r0",1
"addseq sp, sl, fp, asr r0",1
"addseq pc, sl, r0",1
blvc 0x183f4,1
bls 0xffc3f3fc,1
blls 0x1d177fc,1
"andeq r0, r1, r0",1
"addseq r7, fp, fp, asr r4",1
"addseq r7, fp, r0, lsl 24",1
blvc 0x1840c,1
blls 0xfe03f414,1
"stcls p0, c0, [r0], -0",1
"andeq r0, r2, r0",1
"andeq sb, r0, r1, lsr pc",1
"andeq r0, r0, r0",1
"strbls r0, [r8], 0",1
"ldrbls r0, [r4], 0",1
"andeq r0, r1, r0",1
"addseq sp, r4, r0, asr r4",1
"addseq fp, fp, r0, lsl 24",1
"mrsls r0, lr_irq",1
blls 0xfef36e4c,1
blls 0xfefd7840,1
"andeq r0, r1, r0",1
"addseq fp, fp, r0, asr pc",1
"addseq r2, ip, r0",1
"mrsls r0, lr_irq",1
"andeq r7, r0, r4, lsl 27",1
"andeq r0, r0, r0",1
"ldrbls r0, [r4], 0",1
"strbtls r0, [r0], 0",1
"andeq r0, r4, r0",1
svcls 0x7d9891,1
"andeq sb, r0, r0, ror 9",1
"andeq sb, r0, r3, ror 9",1
"cmp r2, 1",1
invalid,1
"streq r0, [r0], -0x97",1
"ldcvc p1, c9, [r8]",1
"umullseq sl, r7, pc, ip",1
"addseq fp, r7, r0, lsl 14",1
"andpl r0, r0, r0, lsl 2",1
"strheq sb, [r0], -r7",1
"strheq sb, [r0], -ip",1
"ldmls r1, {r2}",1
"andeq sb, r0, sp, ror pc",1
"andeq r0, r0, r0",1
"ldrbls r0, [r4], 0",1
blls 0xfef178a8,1
"andeq r0, r6, r0",1
"sbceq r4, ip, r3, lsl 16",1
"andeq sb, r0, r0, lsl 30",1
"andeq r0, r0, r0",1
"ldrls r0, [r8, -0]!",1
"strbls r0, [r0, r0]",1
"andeq r0, r1, r0",1
"addseq ip, r7, fp, asr r0",1
"addseq ip, r7, r0, lsl 24",1
blvc 0x184d0,1
invalid,1
bls 0xfed178d8,1
"andeq r0, r1, r0",1
"addseq sp, sl, fp, asr r0",1
"addseq pc, sl, r0",1
blpl 0x17ce8,1
"andeq sb, r0, r4, ror fp",1
"andeq sb, r0, ip, ror fp",1
"subseq r0, fp, r1",1
"andeq r0, r0, r0",1
invalid,1
invalid,1
"streq r0, [r0], -0x97",1
"ldcvc p1, c9, [r8]",1
"umullseq sl, r7, pc, ip",1
"addseq fp, r7, r0, lsl 14",1
"andpl r0, r0, r0, lsl 2",1
"strheq sb, [r0], -r7",1
"strheq sb, [r0], -r4",1
"ldmls r1, {r2}",1
bls 0xff43f718,1
bls 0xffc17928,1
"andeq r0, r4, r0",1
svcls 0x7d9891,1
"andeq sb, r0, r4, ror fp",1
"andeq sb, r0, ip, ror fp",1
"ldmls r1, {r2}",1
"andeq sb, r0, sp, ror pc",1
"andeq r0, r0, r0",1
"strbls r0, [r0, -0]",1
"strbls r0, [fp, -0]",1
"andeq r0, r1, r0",1
"addseq r4, r5, r0, asr fp",1
"addseq r1, r7, r0, lsl 8",1
"strpl r0, [r0], -r0, lsl 2",1
"andeq sb, r0, ip, asr 15",1
"andeq sb, r0, r0, lsl r8",1
"subsne r0, r6, r1",1
"strne r0, [r0], -0x98",1
"andeq r0, r0, 0x98",1
"ldrne r3, [pc], 0           ; [0x17974:4]=0x1000098",1
"stmdalo r0, {r3, r4, r7}",1
"swpeq r0, r8, [r0]",1
"stmls r4, {sb, sl, ip, lr} ^",1
bls 0x717984,1
"andeq r0, r1, r0",1
"addseq r1, sl, r6, asr ip",1
"addseq r1, sl, r0, lsl 30",1
"andpl r0, r0, r0, lsl 2",1
"andeq sb, r0, pc, lsl sl",1
"strheq sb, [r0], -r4",1
"subs r0, r6, r1",1
invalid,1
"swpeq r0, sl, [r0]",1
blls 0x1d2d1ac,1
blls 0x1f179b0,1
"andeq r0, r1, r0",1
"andeq r0, r0, r6, asr r0",1
"andeq r0, r0, r0",1
"addseq r5, r5, r0, lsl 16",1
"addseq r6, r5, r0, lsl 6",1
"andpl r0, r0, r0, lsl 2",1
"andeq sb, r0, r3, ror 10",1
"muleq r0, ip, r5",1
"ldrbgt r0, [r5], -1",1
"muleq r0, r8, r0",1
"swpeq r0, sb, [r0]",1
"ldmdbls r4, {r8, sl, ip, lr} ^",1
bls 0x3179e4,1
"andeq r0, r1, r0",1
"addseq r0, sl, r5, asr ip",1
"addseq r1, sl, r0",1
"andpl r0, r0, r0, lsl 2",1
"andeq sb, r0, r0, lsl sl",1
"andeq sb, r0, ip, lsl sl",1
"subs r0, r5, r1",1
"stmda r0, {r1, r3, r4, r7}",1
"swpeq r0, sl, [r0]",1
"andeq r5, r0, r0, lsl 10",1
"andeq r0, r0, r0",1
"ldrls r0, [ip, 0]!",1
"ldrls r0, [r4], r0",1
"andeq r0, r1, r0",1
"addseq ip, r7, r7, asr ip",1
"addseq r3, r8, r0, lsl 16",1
"strpl r0, [r0, -r0, lsl 2]",1
"andeq r0, r0, r0",1
"andeq r0, r0, r0",1
"strheq sb, [r0], -ip",1
"strdeq sb, sl, [r0], -ip",1
svcls 0x300002,1
"strdeq sb, sl, [r0], -ip",1
"andeq sb, r0, r4, lsl r7",1
"mrrcgt p0, 0, r0, sl, c1",1
"stmdalo r0, {r0, r1, r2, r4, r7}",1
"andeq r0, r0, 0x98",1
"addseq r3, pc, r0",1
"andeq r0, r0, r0",1
invalid,1
invalid,1
"streq r0, [r0], -0x95",1
"cdpvc p1, 8, c9, c0, c0, 0",1
"umullseq r7, r5, pc, ip",1
"addseq r8, r5, r0, lsl 16",1
invalid,1
"andeq sb, r0, r8, lsl 11",1
"muleq r0, r4, r5",1
"addshi r0, r1, r3",1
"andeq r0, r0, sp, ror r0",1
"andeq r0, r0, r0",1
"addseq r7, r5, r0, lsl 16",1
"addseq sb, r5, r0, lsl 8",1
"strpl r0, [r0, -0x100]",1
"andeq r0, r0, r0",1
"andeq r0, r0, r0",1
"andeq sb, r0, r4, ror 11",1
"andeq sb, r0, r8, lsr r6",1
"cmpls r0, 6",1
"ldreq r5, [r3], 0x104",1
"andeq sb, r0, r4, lsl r8",1
"andeq sb, r0, r8, lsl r8",1
"cmpls r0, 6",1
"ldreq r5, [r3], 0x104",1
"andeq sb, r0, r8, lsl r8",1
"andeq sb, r0, r3, lsr 16",1
"rsbseq r0, sl, r2",1
"andeq sb, r0, r4, lsr r8",1
"andeq sb, r0, r8, lsr r8",1
"cmpls r0, 6",1
"ldreq r5, [r3], 0x104",1
"andeq r0, r0, r0",1
"andeq r0, r0, r0",1
"andeq sb, r0, ip, asr 11",1
"andeq sb, r0, r4, ror 11",1
"ldrb r0, [r0], -1",1
"strlo r0, [r0], -0x95",1
"swpeq r0, r6, [r0]",1
"ldrtls r5, [r4], -r0, lsl 20",1
"ldrbtls r0, [ip], r0",1
"andeq r0, r3, r0",1
"ldcgt p13, c6, [pc], {0x7a}",1
"stmda r0, {r0, r1, r2, r4, r7}",1
"swpeq r0, r7, [r0]",1
"strbls r5, [r8, r0]!",1
"strbls r0, [ip, r0]!",1
"andeq r0, r1, r0",1
"addseq lr, r7, sl, asr ip",1
"addseq r0, r8, r0, lsl 16",1
"andpl r0, r0, r0, lsl 2",1
"andeq sb, r0, r4, lsl r8",1
"andeq sb, r0, r8, lsr r8",1
"subseq r0, sl, r1",1
"andeq r0, r0, r0",1
"strle r0, [r0], -0",1
"str r0, [r0], -0x95",1
"movweq r0, 0x95",1
svcls 0x137000,1
"andeq sb, r0, r4, ror 11",1
"andeq sb, r0, r4, lsr r6",1
"cmnne sl, 3",1
"umullseq r3, r6, pc, r4",1
"addseq pc, r6, r0, lsl 24",1
bpl 0x17f5c,1
"andeq sb, r0, ip, asr 15",1
"andeq sb, r0, r8, ror 15",1
"cmnne r0, 3",1
"umullseq lr, r7, pc, r8",1
"addseq pc, r7, r0",1
bvc 0x18774,1
"ldmdals r4, {r0, r1, r4, r8, sb, sl, fp, ip, pc}",1
invalid,1
"andeq r0, r3, r0",1
"addseq r1, pc, sl, ror r3",1
"andeq r0, r0, r0",1
invalid,1
bl 0x17dec,1
"swpeq r0, r7, [r0]",1
"andeq r5, r0, r0, lsl 6",1
"andeq r0, r0, r0",1
"strbls r0, [r0], -r0",1
"strbls r0, [r4], -r0",1
"andeq r0, r1, r0",1
"addseq r4, r6, r0, asr r4",1
"addseq pc, r6, r0, lsl 24",1
"strpl r0, [r0], -0x100",1
"andeq r0, r0, r0",1
"andeq r0, r0, r0",1
"andeq sb, r0, r0, asr 12",1
"strdeq sb, sl, [r0], -ip",1
"subseq r0, sl, r1",1
"andeq r0, r0, r0",1
"andmi r0, r0, r0",1
invalid,1
"movweq r0, 0x96",1
"ldclvc p1, c9, [ip], 0",1
"andeq r0, r0, r0",1
"andeq r0, r0, r0",1
"andeq sb, r0, r4, asr r6",1
"strdeq sb, sl, [r0], -ip",1
"subseq r0, r8, r1",1
"andeq r0, r0, r0",1
"andvc r0, r0, r0",1
"strhi r0, [r0], -0x96",1
"swpeq r0, r6, [r0]",1
"andeq r5, r0, r0, lsl 10",1
"andeq r0, r0, r0",1
"ldrls r0, [ip], r0",1
"strtls r0, [pc], r0",1
"andeq r0, r1, r0",1
"andeq r0, r0, r2, asr r0",1
"andeq r0, r0, r0",1
"addseq r7, r6, r0",1
"addseq r8, r6, r0, lsl 8",1
"strpl r0, [r0, -0x100]",1
"andeq sb, r0, r8, lsl 22",1
"andeq sb, r0, ip, lsl fp",1
"subseq r0, r4, r1",1
"andeq r0, r0, r0",1
"andvc r0, r0, r0",1
"mulle r0, r6, r0",1
"andeq r0, r0, 0x96",1
"ldmeq pc, {sb, ip, sp}",1
invalid,1
"andeq r0, r0, 0x9b",1
"addseq r3, pc, r0, lsl 4",1
"andeq r0, r0, r0",1
invalid,1
svcge 0x96,1
"swpeq r0, r6, [r0]",1
blls 0xf2c468,1
blls 0xfd7c6c,1
"andeq r0, r1, r0",1
"andeq r0, r0, r2, asr r0",1
"andeq r0, r0, r0",1
"addseq sl, r6, r0, lsl 24",1
"addseq sl, r6, r0, lsl 30",1
"movwvc r0, 0x700",1
"rsbseq r0, r8, r0, lsl 12",1
blls 0xf3f914,1
blls 0xfd7c90,1
"andeq r0, r1, r0",1
"andeq r0, r0, r1, asr r0",1
"andeq r0, r0, r0",1
"addseq sl, r6, r0, lsl 24",1
"addseq sl, r6, r0, lsl 30",1
"andpl r0, r0, r0, lsl 2",1
"andeq sb, r0, ip, lsr fp",1
"andeq sb, r0, pc, lsr fp",1
"subseq r0, r0, r1",1
"andeq r0, r0, r0",1
"str r0, [r0], -0",1
invalid,1
"swpeq r0, r6, [r0]",1
"andeq r5, r0, r0, lsl 20",1
"andeq r0, r0, r0",1
"strbtls r0, [r4], r0",1
"ldrbtls r0, [r7], r0",1
"andeq r0, sl, r0",1
"uhadd8eq pc, ip, r1",1
"movwhs r0, 0x6823",1
"andeq sb, r0, r1, lsl 30",1
"andeq r0, r0, r0",1
"strbtls r0, [r4], r0",1
"ldrbtls r0, [ip], r0",1
"andeq r0, r1, r0",1
"addseq r7, fp, r4, asr r0",1
"addseq r7, fp, r0, lsl 8",1
"andlo r0, r0, r0, lsl 4",1
"muleq r0, pc, r0",1
"andeq r0, r0, r0",1
"addseq r0, r8, r0, lsl 8",1
"addseq r1, r8, r0, lsl 8",1
"strpl r0, [r0], -0x100",1
"andeq r0, r0, r0",1
"andeq r0, r0, r0",1
"andeq sb, r0, r4, lsl r8",1
"andeq sb, r0, r0, lsr 16",1
"ldm r1, {r2}",1
"stmdals r0!, {r1, r2, r3, r4, r5, r6, r8, sb, sl, fp, ip, pc}",1
invalid,1
"andeq r0, r1, r0",1
"addseq r2, r8, r2, asr r3",1
"addseq r3, r8, r0, lsl 16",1
invalid,1
"addseq r7, pc, r8, ror 29",1
"andeq r0, r0, r0",1
"strne r0, [r0], -0",1
invalid,1
"movweq r0, 0x98",1
svcls 0x137a00,1
"andeq sb, r0, ip, lsl r8",1
"andeq sb, r0, r3, lsr 16",1
"cmphs r1, 1",1
"stmdalo r0, {r3, r4, r7}",1
"movweq r0, 0x98",1
svcls 0x137a00,1
"andeq r0, r0, r0",1
"andeq r0, r0, r0",1
"andeq sb, r0, r0, lsr r7",1
"andeq sb, r0, r7, lsr r7",1
"ldrblo r0, [r1, -r1]",1
"mulge r0, r7, r0",1
"swpeq r0, r7, [r0]",1
bls 0xff42e990,1
bls 0xff617d94,1
"andeq r0, r1, r0",1
"andeq r0, r0, fp, asr r0",1
"andeq r0, r0, r0",1
"addseq r5, r7, r0",1
"addseq r6, r7, r0",1
"andpl r0, r0, r0, lsl 2",1
"andeq sb, r0, r0, ror 14",1
"andeq sb, r0, r0, ror r7",1
"subsvc r0, r8, r1",1
"movwvc r0, 0x97",1
"swpeq r0, r7, [r0]",1
"ldrbls r5, [r3, -r0]!",1
"ldrbls r0, [r4, -r0]!",1
"andeq r0, r3, r0",1
"ldrvc r7, [pc], 0xd78       ; [0x17dd0:4]=0x1000097",1
"mulge r0, r7, r0",1
"swpeq r0, r7, [r0]",1
bls 0xff42dddc,1
bls 0xff617de0,1
"andeq r0, r1, r0",1
"andeq r0, r0, r0, asr r0",1
"andeq r0, r0, r0",1
"addseq r5, r7, r0",1
"addseq r6, r7, r0",1
"andlo r0, r0, r0, lsl 4",1
"umullseq sp, sl, pc, r0",1
"addseq sp, sl, r0, lsl 16",1
"andlo r0, r0, r0, lsl 4",1
"muleq r0, pc, r0",1
"andeq r0, r0, r0",1
"addseq r3, r7, r0",1
"addseq r3, r7, r0, lsl 14",1
invalid,1
"andeq sb, r0, r7, lsr r7",1
"andeq sb, r0, r0, lsr 15",1
"subspl r0, fp, r1",1
invalid,1
"swpeq r0, r8, [r0]",1
"ldmdals r7, {r8, ip, lr} ^",1
invalid,1
"andeq r0, r1, r0",1
"addseq lr, r8, fp, asr r0",1
"addseq lr, r8, r0, lsl 14",1
invalid,1
"andeq sb, r0, r7, ror 17",1
"andeq sb, r0, r4, asr sb",1
"ldrbvc r0, [fp], -1",1
blvc 0x180b8,1
"swpeq r0, sb, [r0]",1
"ldmdbls fp!, {r8, ip, lr} ^",1
invalid,1
"andeq r0, r1, r0",1
"addseq r4, sl, fp, asr r0",1
"addseq r4, sl, r0, lsl 14",1
invalid,1
"andeq sb, r0, r7, asr 20",1
"strheq sb, [r0], -r4",1
"subsle r0, fp, r1",1
invalid,1
"swpeq r0, sl, [r0]",1
blls 0x1d2ea88,1
blls 0x1f17e8c,1
"andeq r0, r1, r0",1
"andeq r0, r0, fp, asr r0",1
"andeq r0, r0, r0",1
"addseq r3, r7, r0",1
"addseq sl, r7, r0",1
"movwlo r0, 0x200",1
"umullseq r5, r8, pc, r0",1
"addseq ip, r8, r0, lsl 8",1
"movwlo r0, 0x200",1
"umullseq lr, r8, pc, r0",1
"addseq r5, sb, r0, lsl 8",1
"movwlo r0, 0x200",1
"umullseq r7, sb, pc, r4",1
"addseq pc, sb, r0",1
"movwlo r0, 0x200",1
"umullseq r4, sl, pc, r0",1
"addseq fp, sl, r0, lsl 8",1
"movwlo r0, 0x200",1
"umullseq sp, sl, pc, r0",1
"addseq pc, sl, r0",1
"movwlo r0, 0x200",1
"umullseq r7, fp, pc, r4",1
"addseq r7, fp, r0, lsl 24",1
"movwlo r0, 0x200",1
"muleq r0, pc, r0",1
"andeq r0, r0, r0",1
"addseq r6, r7, r0",1
"addseq r7, r7, r0, lsl 24",1
"movweq r0, 0x600",1
"andeq ip, r0, r0, lsl 25",1
"muleq r0, pc, r0",1
"andeq r0, r0, r0",1
"addseq r6, r7, r0",1
"addseq r7, r7, r0",1
"stmdapl r0, {r8}",1
"andeq sb, r0, r0, ror r7",1
"andeq sb, r0, r3, ror r7",1
"cmpvc r0, 1",1
invalid,1
"movweq r0, 0x97",1
svcls 0x7d7800,1
"andeq r0, r0, r0",1
"andeq r0, r0, r0",1
"andeq sb, r0, r0, ror 14",1
"andeq sb, r0, ip, ror r7",1
svcls 0x330002,1
"andeq sb, r0, r0, lsl 17",1
"muleq r0, ip, r8",1
svcls 0x330002,1
"andeq sb, r0, r0, lsl sb",1
"andeq sb, r0, ip, lsr 18",1
svcls 0x330002,1
"andeq sb, r0, r4, lsr 19",1
"andeq sb, r0, r4, asr 19",1
svcls 0x330002,1
"andeq sb, r0, r0, ror sl",1
"andeq sb, r0, ip, lsl 21",1
svcls 0x330002,1
"andeq r0, r0, r0",1
"andeq r0, r0, r0",1
"andeq sb, r0, r0, asr r8",1
"andeq sb, r0, r7, asr r8",1
"ldrbpl r0, [r1, -r1]",1
"strgt r0, [r0], -0x98",1
"swpeq r0, r8, [r0]",1
bls 0xff62eb94,1
bls 0xff817f98,1
"andeq r0, r1, r0",1
"andeq r0, r0, fp, asr r0",1
"andeq r0, r0, r0",1
"addseq r7, r8, r0",1
"addseq r8, r8, r0",1
"andpl r0, r0, r0, lsl 2",1
"andeq sb, r0, r0, lsl 17",1
"muleq r0, r0, r8",1
"subsls r0, r7, r1",1
"movwls r0, 0x98",1
"swpeq r0, r8, [r0]",1
"ldmls r3, {ip, lr}",1
invalid,1
"andeq r0, r3, r0",1
"ldrls r7, [pc], 0xd77       ; [0x17fd4:4]=0x1000098",1
"strgt r0, [r0], -0x98",1
"swpeq r0, r8, [r0]",1
bls 0xff62dbe0,1
bls 0xff817fe4,1
"andeq r0, r1, r0",1
"andeq r0, r0, r0, asr r0",1
"andeq r0, r0, r0",1
"addseq r7, r8, r0",1
"addseq r8, r8, r0",1
"andlo r0, r0, r0, lsl 4",1
"umullseq sp, sl, pc, r8",1
"addseq lr, sl, r0",1
"andlo r0, r0, r0, lsl 4",1
"muleq r0, pc, r0",1
"andeq r0, r0, r0",1
"addseq r8, r8, r0",1
"addseq sb, r8, r0, lsl 24",1
"movweq r0, 0x600",1
"andeq ip, r0, r0, lsl 25",1
"muleq r0, pc, r0",1
"andeq r0, r0, r0",1
"addseq r8, r8, r0",1
"addseq sb, r8, r0",1
"strpl r0, [r0, -r0, lsl 2]",1
"muleq r0, r0, r8",1
"muleq r0, r3, r8",1
"cmpls r0, 1",1
invalid,1
"movweq r0, 0x98",1
svcls 0x7d7700,1
"andeq r0, r0, r0",1
"andeq r0, r0, r0",1
"andeq sb, r0, r0, ror 17",1
"andeq sb, r0, r7, ror 17",1
"ldrb r0, [r1, -r1]",1
"strpl r0, [r0], -0x98",1
"swpeq r0, sb, [r0]",1
bls 0xffa2ec6c,1
bls 0xffc18070,1
"andeq r0, r1, r0",1
"andeq r0, r0, fp, asr r0",1
"andeq r0, r0, r0",1
"addseq r0, sb, r0",1
"addseq r1, sb, r0",1
"andpl r0, r0, r0, lsl 2",1
"andeq sb, r0, r0, lsl sb",1
"andeq sb, r0, r0, lsr 18",1
"subshs r0, sl, r1",1
"movwhs r0, 0x99",1
"swpeq r0, sb, [r0]",1
"stmdbls r3!, {ip, lr}",1
invalid,1
"andeq r0, r3, r0",1
"ldrhs r7, [pc], 0xd7a       ; [0x180ac:4]=0x1000099",1
"strpl r0, [r0], -0x99",1
"swpeq r0, sb, [r0]",1
bls 0xffa2e8b8,1
bls 0xffc180bc,1
"andeq r0, r1, r0",1
"andeq r0, r0, r0, asr r0",1
"andeq r0, r0, r0",1
"addseq r0, sb, r0",1
"addseq r1, sb, r0",1
"andlo r0, r0, r0, lsl 4",1
"umullseq lr, sl, pc, r8",1
"addseq pc, sl, r0",1
"andlo r0, r0, r0, lsl 4",1
"muleq r0, pc, r0",1
"andeq r0, r0, r0",1
"addseq r1, sb, r0",1
"addseq r2, sb, r0, lsl 24",1
"movweq r0, 0x600",1
"andeq ip, r0, r0, lsl 25",1
"muleq r0, pc, r0",1
"andeq r0, r0, r0",1
"addseq r1, sb, r0",1
"addseq r2, sb, r0",1
bpl 0x1850c,1
"andeq sb, r0, r0, lsr 18",1
"andeq sb, r0, r3, lsr 18",1
"cmphs r0, 1",1
invalid,1
"movweq r0, 0x99",1
svcls 0x7d7a00,1
"andeq r0, r0, r0",1
"andeq r0, r0, r0",1
"andeq sb, r0, r4, ror sb",1
"andeq sb, r0, fp, ror sb",1
blvc 0x145813c,1
invalid,1
"swpeq r0, sb, [r0]",1
bls 0xff82ed44,1
bls 0xffa18148,1
"andeq r0, r1, r0",1
"andeq r0, r0, fp, asr r0",1
"andeq r0, r0, r0",1
"addseq sb, sb, r0, lsl 8",1
"addseq sb, sb, r0, lsl 24",1
"andpl r0, r0, r0, lsl 2",1
"muleq r0, ip, sb",1
"andeq sb, r0, r4, lsr 19",1
"ldrbge r0, [r7], -1",1
"strlt r0, [r0], -0x99",1
"swpeq r0, sb, [r0]",1
"ldmibls r4!, {fp, ip, lr}",1
invalid,1
"andeq r0, r1, r0",1
"addseq fp, sb, r0, asr r7",1
"addseq fp, sb, r0, lsl 16",1
"stmdavc r0, {r8, sb}",1
"ldmibls r8!, {r0, r2, r3, r4, r5, r6, r8, sb, sl, fp, ip, pc}",1
invalid,1
"andeq r0, r1, r0",1
"addseq ip, sb, r8, asr r4",1
"addseq sp, sb, r0, lsl 6",1
"movwpl r0, 0x100",1
"andeq sb, r0, r0, ror 21",1
"andeq sb, r0, r8, ror 21",1
"subseq r0, r0, r1",1
"andeq r0, r0, r0",1
"strls r0, [r0], -0",1
"strge r0, [r0], -0x99",1
"andeq r0, r0, 0x99",1
"adds r3, pc, r0",1
"stmda r0, {r1, r3, r4, r7}",1
"andeq r0, r0, 0x9a",1
"addseq r3, pc, r0",1
"andeq r0, r0, r0",1
"strge r0, [r0], -0",1
"strgt r0, [r0], -0x99",1
invalid,1
"stcgt p3, c0, [r0], {0}",1
"addseq r0, pc, r0",1
"andeq r0, r0, r0",1
"strge r0, [r0], -0",1
"strlt r0, [r0], -0x99",1
"swpeq r0, sb, [r0]",1
"ldmibls r4!, {fp, ip, lr}",1
invalid,1
"andeq r0, r1, r0",1
"addseq fp, sb, r0, asr r7",1
"addseq ip, sb, r0, lsl 8",1
"stmdavc r0, {r8, sb}",1
"andeq sb, r0, sp, ror pc",1
"andeq r0, r0, r0",1
bls 0x101821c,1
bls 0x11d8220,1
"andeq r0, r1, r0",1
"addseq r4, sl, r1, asr r7",1
"addseq fp, sl, r0, lsl 8",1
blpl 0x18630,1
"andeq sb, r0, r4, ror fp",1
"andeq sb, r0, ip, ror fp",1
"subseq r0, fp, r1",1
"andeq r0, r0, r0",1
"andvs r0, r0, r0",1
"mulvc r0, sl, r0",1
"swpeq r0, sl, [r0]",1
bls 0x1c2c250,1
bls 0xfe018254,1
"andeq r0, r1, r0",1
"addseq r8, sl, sl, asr r0",1
"addseq r8, sl, r0, lsl 6",1
"andpl r0, r0, r0, lsl 2",1
"andeq sb, r0, r3, lsl 21",1
"andeq sb, r0, r4, lsl 21",1
"ldclvc p0, c0, [sl, -0xc]!",1
"umullseq r8, sl, pc, r4",1
"addseq fp, sl, r0, lsl 8",1
bpl 0x1867c,1
"andeq sb, r0, r4, ror fp",1
"andeq sb, r0, ip, ror fp",1
"subseq r0, r0, r1",1
"andeq r0, r0, r0",1
"andvs r0, r0, r0",1
"mulvc r0, sl, r0",1
"andeq r0, r0, 0x9a",1
"ldrvc r3, [pc], 0           ; [0x1829c:4]=0x200009b",1
invalid,1
"andeq r0, r0, 0x9b",1
"addseq r3, pc, r0",1
"andeq r0, r0, r0",1
"andvc r0, r0, r0",1
invalid,1
invalid,1
"stcgt p3, c0, [r0], {0}",1
"addseq r0, pc, r0",1
"andeq r0, r0, r0",1
"andvc r0, r0, r0",1
"mulhi r0, sl, r0",1
"swpeq r0, sl, [r0]",1
bls 0xfe02ead4,1
bls 0xfe0d82d8,1
"andeq r0, r1, r0",1
"addseq r8, sl, r0, asr r3",1
"addseq r8, sl, r0, lsl 24",1
bvc 0x18ee8,1
"andeq sb, r0, sp, ror pc",1
"andeq r0, r0, r0",1
invalid,1
bls 0x3182f8,1
"andeq r0, r6, r0",1
"sbceq r4, ip, r3, lsl 16",1
"andeq sb, r0, r0, lsl 30",1
"andeq r0, r0, r0",1
invalid,1
invalid,1
"andeq r0, r4, r0",1
svcls 0x7e8091,1
"strdeq sb, sl, [r0], -r4",1
"andeq sb, r0, r3, lsl 20",1
"cmpeq r2, 1",1
invalid,1
"movweq r0, 0x9a",1
"stcvc p1, c9, [r0]",1
"andeq r0, r0, r0",1
"andeq r0, r0, r0",1
"strdeq sb, sl, [r0], -r0",1
"andeq sb, r0, r4, ror fp",1
svcls 0x300002,1
"andeq r0, r0, r0",1
"andeq r0, r0, r0",1
"strdeq sb, sl, [r0], -r0",1
"andeq sb, r0, r4, ror fp",1
"str r0, [r3], -6",1
svcls 0xcf,1
"andeq r0, r0, r0",1
"andeq r0, r0, r0",1
"strdeq sb, sl, [r0], -r0",1
"andeq sb, r0, r4, ror fp",1
"ldc2 p0, c0, [r1], {3}",1
"andeq r0, r0, ip, ror r0",1
"andeq r0, r0, r0",1
"addseq pc, sl, r0",1
"addseq r0, fp, r0, lsl 30",1
"movwvc r0, 0x900",1
"ldclvc p1, c9, [ip], 0",1
svcls 0x1c0606,1
"andeq r0, r0, r0",1
"andeq r0, r0, r0",1
"andeq sb, r0, r8, lsl 22",1
"andeq sb, r0, ip, lsl fp",1
"subseq r0, r4, r1",1
"andeq r0, r0, r0",1
"andhs r0, r0, r0",1
"stmdahs r0, {r2, r3, r4, r7}",1
"andeq r0, r0, 0x9c",1
"stmdahs r0, {r8, sl, fp, ip, sp, lr}",1
invalid,1
"andeq r0, r0, 0x9d",1
"andeq r7, r8, r0, lsl 26",1
"andeq r0, r0, r0",1
"andhs r0, r0, r0",1
invalid,1
"swpeq r0, ip, [r0]",1
"ldcls p0, c5, [ip], -0",1
"stclls p0, c0, [r4], -0",1
"andeq r0, r1, r0",1
"addseq r6, ip, r4, asr r4",1
"addseq r6, ip, r0, lsl 30",1
"andpl r0, r0, r0, lsl 2",1
"andeq sb, r0, pc, ror 24",1
"strdeq sb, sl, [r0], -r8",1
"subseq r0, r4, r1",1
"andeq r0, r0, r0",1
invalid,1
"strpl r0, [r0], -0x9c",1
"swpeq r0, ip, [r0]",1
"mrrcls p0, 0, r5, r4, c0",1
"mrrcls p0, 0, r0, fp, c0",1
"andeq r0, r1, r0",1
"andeq r0, r0, r2, asr r0",1
"andeq r0, r0, r0",1
"addseq r4, ip, r0, lsl 24",1
"addseq r5, ip, r0, lsl 24",1
"strpl r0, [r0, -0x100]",1
"andeq r0, r0, r0",1
"andeq r0, r0, r0",1
"andeq sb, r0, ip, ror ip",1
"andeq sb, r0, r4, lsl 25",1
"ldrbhi r0, [r0], -1",1
invalid,1
"swpeq r0, ip, [r0]",1
"andeq r5, r0, r0, lsl 2",1
"andeq r0, r0, r0",1
"stcls p0, c0, [r0, -0]",1
"stcls p0, c0, [r4, -0]",1
"andeq r0, r1, r0",1
"addseq r0, sp, r0, asr r4",1
"addseq r0, sp, r0, lsl 14",1
invalid,1
"andeq r0, r0, r0",1
"andeq r0, r0, r0",1
"andeq sb, r0, r8, lsr sp",1
"andeq sb, r0, fp, asr 26",1
"subseq r0, r0, r1",1
"andeq r0, r0, r0",1
"andhs r0, r0, r0",1
"stmdahs r0, {r0, r2, r3, r4, r7}",1
"swpeq r0, sp, [r0]",1
"stcls p0, c5, [r8, -0]!",1
"stcls p0, c0, [fp, -0]!",1
"andeq r0, r1, r0",1
"andeq r0, r0, r1, asr r0",1
"andeq r0, r0, r0",1
"addseq r7, sp, r0, lsl 16",1
"addseq r7, sp, r0, lsl 30",1
invalid,1
"andeq sb, r0, pc, ror sp",1
"andeq sb, r0, r4, lsl 27",1
"subseq r0, r5, r1",1
"andeq r0, r0, r0",1
invalid,1
svcge 0x9d,1
"swpeq r0, sp, [r0]",1
"stcls p1, c5, [0x000184c4]!",1
"ldclls p0, c0, [r8, 0]!",1
"andeq r0, r1, r0",1
"andeq r0, r0, r5, asr r0",1
"andeq r0, r0, r0",1
"addseq ip, r0, r0",1
"addseq ip, r0, r0, lsl 8",1
"stcvc p2, c0, [r0, -0]",1
"addseq ip, r0, r0, lsl 8",1
"addseq ip, r0, r0, lsl 24",1
"stcvc p2, c0, [r0, -0]",1
"addseq ip, r0, r8, lsl ip",1
"addseq r8, r3, r0",1
"stcvc p3, c0, [r0, -0]",1
"strdeq r0, r1, [r0], -r0",1
"andeq r0, r0, r0",1
"sbcls r0, r0, r0",1
"sbcsls r0, r0, r0",1
"andeq r0, r1, r0",1
"addseq sp, r0, r0, asr r0",1
"addseq sp, r1, r0",1
"strpl r0, [r0], -r0, lsl 2",1
"ldrdeq sb, sl, [r0], -r0",1
"andeq sb, r0, r4, asr 4",1
invalid,1
"subls sb, r4, 80, 30",1
"rsbls r0, r8, 0",1
"andeq r0, r1, r0",1
"addseq r6, r2, r6, asr r8",1
"addseq r8, r3, r0",1
"vshl.u8 d0, d0, d0",1
"addseq r5, pc, r1",1
"andeq r0, r0, r0",1
"andgt r0, r0, r0",1
invalid,1
"swpeq r0, r0, [r0]",1
"sbcsls r5, r7, r0, lsl 2",1
"eorls r0, r4, 0",1
"andeq r0, r1, r0",1
"addseq r2, r2, r4, asr r4",1
"addseq r4, r2, r0, lsl 8",1
"vshl.u8 d0, d0, d0",1
"ldrmi r5, [pc], 0x101       ; [0x1856c:4]=0x1000092",1
"stmdage r0, {r1, r4, r7}",1
"swpeq r0, r2, [r0]",1
"adcls r5, r8, 0, 8",1
"orrls r0, r0, 0",1
"andeq r0, r4, r0",1
svcls 0x5101f3,1
"andeq r0, r0, r0",1
"andeq r0, r0, r0",1
"andeq sb, r0, r8, lsr 4",1
"andeq sb, r0, r3, lsr r2",1
"cmplo r0, 1",1
"strmi r0, [r0], -0x92",1
"swpeq r0, r2, [r0]",1
"rscls r5, r0, 0, 8",1
"rscls r0, r4, 0",1
"andeq r0, r1, r0",1
"addseq lr, r2, r0, asr r4",1
"addseq r8, r3, r0",1
"strpl r0, [r0], -0x100",1
"andeq r0, r0, r0",1
"andeq r0, r0, r0",1
"andeq sb, r0, r4, ror 1",1
"andeq sb, r0, r4, lsl r1",1
"subseq r0, r8, r1",1
"andeq r0, r0, r0",1
invalid,1
"strvs r0, [r0], -0x91",1
"swpeq r0, r1, [r0]",1
"cmnls ip, r0",1
"orrsls r0, r0, r0",1
"andeq r0, r1, r0",1
"addseq sb, r1, r0, asr r4",1
"addseq sl, r1, r0, lsl 16",1
"andpl r0, r0, r0, lsl 2",1
"andeq sb, r0, ip, lsr 3",1
"strheq sb, [r0], -ip",1
"ldrbmi r0, [r0], -1",1
"stmdami r0, {r1, r4, r7}",1
"swpeq r0, r2, [r0]",1
"andeq r5, r0, r0",1
"andeq r0, r0, r0",1
"bicls r0, ip, r0",1
"mvnls r0, r0",1
"andeq r0, r1, r0",1
"addseq lr, r1, r0, asr r0",1
"addseq r2, r2, r0, lsl 8",1
"strpl r0, [r0], -r0, lsl 2",1
"andeq sb, r0, r8, ror 4",1
"andeq sb, r0, r0, ror 5",1
"subseq r0, r6, r1",1
"andeq r0, r0, r0",1
invalid,1
"vqadd.u8 d0, d16, d1",1
"swpeq r0, r1, [r0]",1
invalid,1
"eorls r0, r4, 0",1
"andeq r0, r1, r0",1
"addseq r6, r2, r0, asr r8",1
"addseq r6, r2, r0, lsl 24",1
"andpl r0, r0, r0, lsl 2",1
"andeq r0, r0, r0",1
"andeq r0, r0, r0",1
"andeq sb, r0, r8, ror 4",1
"andeq sb, r0, r4, ror r2",1
"addsls r0, r1, r4",1
"rsbsls sb, r4, 0x1f8",1
"rsbsls r0, r7, 0",1
"andeq r0, r1, r0",1
"addseq r7, r2, r2, asr r7",1
"addseq lr, r2, r0",1
invalid,1
"umullseq r7, pc, r0, lr",1
"andeq r0, r0, r0",1
invalid,1
"mul r0, r2, r0",1
"swpeq r0, r2, [r0]",1
"andeq r5, r0, r0, lsl 12",1
"andeq r0, r0, r0",1
"addls r0, r0, 0",1
"addls r0, ip, 0",1
"andeq r0, r4, r0",1
svcls 0x7ef891,1
"andeq sb, r0, ip, lsl 5",1
"andeq sb, r0, pc, lsl 5",1
svchi 0x520001,1
"mul r0, r2, r0",1
"streq r0, [r0], -0x92",1
"cdpvc p1, 0xf, c9, c8, c0, 0",1
"muleq r0, pc, r0",1
"andeq r0, r0, r0",1
"addseq r8, r2, r0",1
"addseq lr, r2, r0",1
"movweq r0, 0x600",1
"andeq ip, r0, r8, asr 24",1
"muleq r0, pc, r0",1
"andeq r0, r0, r0",1
"addseq pc, r2, r0",1
"addseq pc, r2, r0, lsl 16",1
"andpl r0, r0, r0, lsl 2",1
"strdeq sb, sl, [r0], -r8",1
"andeq sb, r0, r0, lsl 7",1
"subseq r0, r5, r1",1
"andeq r0, r0, r0",1
"andhs r0, r0, r0",1
"strhs r0, [r0], -0",1
"andeq r0, r0, 0",1
"strhs r7, [r0], -0xd00",1
invalid,1
"andeq r0, r0, 0",1
invalid,1
invalid,1
"andeq r0, r0, 1",1
"andseq r7, r8, r0, lsl 26",1
"andeq r0, r0, r0",1
"andls r0, r0, r0",1
blls 0x1873c,1
invalid,1
"addseq r5, fp, r0",1
"sbceq r0, r0, r0",1
"andeq r0, r1, r0",1
"andeq ip, r0, r5, asr ip",1
"andeq ip, r0, r0, lsl 30",1
"andpl r0, r0, r0, lsl 2",1
"andeq r0, r0, pc, asr 1",1
"andeq r0, r0, r8, lsl 2",1
"subseq r0, r5, r1",1
"andeq r0, r0, r0",1
"andeq r0, r0, r0",1
"andne r0, r0, r0",1
invalid,1
"andseq r5, r0, r0",1
"subseq r0, r8, r0",1
"andeq r0, r4, r0",1
svcls 0x5001f3,1
"andeq r0, r0, r0",1
"andeq r0, r0, r0",1
"andeq r0, r0, r0",1
"andeq r0, r0, r0, lsr r0",1
"subseq r0, r0, r1",1
"andeq r0, r0, r0",1
"andhs r0, r0, r0",1
"andlo r0, r0, r0",1
invalid,1
"subeq r5, r8, r0",1
"subeq r0, ip, r0",1
"andeq r0, r3, r0",1
"ldcmi p1, c0, [pc], {0x71}",1
invalid,1
invalid,1
"andeq r5, r0, r0, lsl 2",1
"andeq r0, r0, r0",1
"andeq r0, r0, r0",1
"eorseq r0, r0, r0",1
"andeq r0, r2, r0",1
"subeq sb, r8, r0, lsr pc",1
"subseq r0, r8, r0",1
"andeq r0, r1, r0",1
"andeq r0, r0, r2, asr r0",1
"andeq r0, r0, r0",1
"andeq r5, r0, r0, lsl 16",1
"andeq r5, r0, r0, lsl 24",1
"stcvc p2, c0, [r0, -0]",1
"andeq r5, r0, r0, lsl 24",1
"andeq sb, r0, r0, lsl 24",1
"stcvc p2, c0, [r0, -0]",1
"andeq r0, r0, r8",1
"andeq r0, r0, r0",1
"andeq r5, r0, r0, lsl 16",1
"andeq r6, r0, r0, lsl 6",1
"andpl r0, r0, r0, lsl 2",1
"andeq r0, r0, r3, rrx",1
"muleq r0, ip, r0",1
"subseq r0, r4, r1",1
"andeq r0, r0, r0",1
"andeq r0, r0, r0",1
"streq r0, [r0], -0",1
"andeq r0, r0, 0",1
"streq r7, [r0], -0xd00",1
"strlt r0, [r0], -0",1
"andeq r0, r0, 0",1
"andseq r7, r0, r0, lsl 26",1
"andeq r0, r0, r0",1
"andeq r0, r0, r0",1
"movwne r0, 0",1
invalid,1
"andseq r5, r3, r0",1
"subeq r0, r4, r0",1
"andeq r0, r1, r0",1
"andeq r4, r0, r4, asr r4",1
"andeq r6, r0, r0",1
"strpl r0, [r0], -r0, lsl 2",1
"andeq r0, r0, r0, rrx",1
"andeq r0, r0, ip, ror r0",1
"mrrcvc p0, 0, r0, r4, c1",1
"andls r0, r0, r0",1
invalid,1
"addseq r5, r0, r0",1
"adcseq r0, r4, r0",1
"andeq r0, r1, r0",1
"andeq r0, r0, r4, asr r0",1
"andeq r0, r0, r0",1
"andeq r1, r0, r0, lsl 8",1
"andeq r3, r0, r0",1
"andpl r0, r0, r0, lsl 2",1
"andeq r0, r0, r0, lsr r0",1
"andeq r0, r0, ip, ror r0",1
"subseq r0, r5, r1",1
"andeq r0, r0, r0",1
"andhs r0, r0, r0",1
invalid,1
invalid,1
"andeq r5, r0, r0, lsl 12",1
"andeq r0, r0, r0",1
"andeq r0, r0, r0",1
"andeq r0, r4, r0",1
"andeq r0, r2, r0",1
"andeq r0, r4, sp, ror r0",1
invalid,1
"andeq r0, r2, r0",1
"andeq r1, r0, sp, ror r0",1
"andeq r0, r0, r0",1
"andeq r0, r0, r0",1
"andeq r0, pc, r0",1
"andeq r0, r1, r0",1
"andeq r0, r0, r0, asr pc",1
"andeq r2, r1, r0, lsl 16",1
"strpl r0, [r0], -0x100",1
"andeq r0, r0, r0",1
"andeq r0, r0, r0",1
"andeq r0, r0, r0",1
"andeq r0, r0, pc",1
svceq 0x510001,1
invalid,1
invalid,1
"andeq r5, r0, r0, lsl 10",1
"andeq r0, r0, r0",1
"andseq r0, r0, r0",1
"rsbeq r0, r8, r0",1
"andeq r0, r1, r0",1
"andeq r8, r0, r0, asr r0",1
"andeq fp, r0, r0, lsl 24",1
"andpl r0, r0, r0, lsl 2",1
"andeq r0, r0, r4, asr 1",1
"strdeq r0, r1, [r0], -r8",1
"subseq r0, r0, r1",1
"andeq r0, r0, r0",1
"andhs r0, r0, r0",1
"andhi r0, r0, r0",1
"andeq r0, r0, 0",1
"addseq r3, pc, r0",1
"andeq r0, r0, r0",1
"andhs r0, r0, r0",1
"andhi r0, r0, r0",1
"movweq r0, 0",1
svcls 0x380800,1
"andeq r0, r0, r0",1
"andeq r0, r0, r0",1
"andeq r0, r0, r0, lsr 32",1
"andeq r0, r0, r0, lsl 1",1
"stchs p0, c0, [r8, -0xc]",1
"muleq r0, pc, r0",1
"andeq r0, r0, r0",1
"andeq r2, r0, r0",1
"andeq r8, r0, r0",1
"stmdaeq r0, {r8, sb}",1
"andeq sb, r0, r6, asr 30",1
"andeq r0, r0, r0",1
"eoreq r0, r0, r0",1
"addeq r0, r0, r0",1
"andeq r0, r3, r0",1
"addseq r5, pc, r8, lsl 8",1
"andeq r0, r0, r0",1
"andhs r0, r0, r0",1
"andhi r0, r0, r0",1
"movweq r0, 0",1
svcls 0x550800,1
"andeq r0, r0, r0",1
"andeq r0, r0, r0",1
"andeq r0, r0, r0, lsr 32",1
"andeq r0, r0, r8, rrx",1
"subseq r0, r0, r1",1
"andeq r0, r0, r0",1
"andlo r0, r0, r0",1
"andhi r0, r0, r0",1
"andeq r0, r0, 0",1
"addseq r3, pc, r0",1
"andeq r0, r0, r0",1
"andlo r0, r0, r0",1
"andhi r0, r0, r0",1
"movweq r0, 0",1
svcls 0x380800,1
"andeq r0, r0, r0",1
"andeq r0, r0, r0",1
"andeq r0, r0, r0, lsr r0",1
"andeq r0, r0, r0, lsl 1",1
"stchs p0, c0, [r8, -0xc]",1
"muleq r0, pc, r0",1
"andeq r0, r0, r0",1
"andeq r3, r0, r0",1
"andeq r8, r0, r0",1
"stmdaeq r0, {r8, sb}",1
"andeq sb, r0, r6, asr 30",1
"andeq r0, r0, r0",1
"eorseq r0, r0, r0",1
"rsbeq r0, r8, r0",1
"andeq r0, r1, r0",1
"andeq r0, r0, r0, asr r0",1
"andeq r0, r0, r0",1
"andeq r4, r0, r0",1
"andeq r8, r0, r0",1
"andlo r0, r0, r0, lsl 4",1
"muleq r0, pc, r0",1
"andeq r0, r0, r0",1
"andeq r4, r0, r0",1
"andeq r8, r0, r0",1
"stmdaeq r0, {r8, sb}",1
"andeq sb, r0, r8, lsr pc",1
"andeq r0, r0, r0",1
"subeq r0, r0, r0",1
"addeq r0, r0, r0",1
"andeq r0, r3, r0",1
"addseq r2, pc, r8, lsl 26",1
"andeq r0, r0, r0",1
"andmi r0, r0, r0",1
invalid,1
invalid,1
"andeq r5, r0, r0",1
"andeq r0, r0, r0",1
"subeq r0, ip, r0",1
"addeq r0, r0, r0",1
"andeq r0, r2, r0",1
"andeq sb, r0, r0, lsr pc",1
"andeq r0, r0, r0",1
"subeq r0, ip, r0",1
"addeq r0, r0, r0",1
"andeq r0, r3, r0",1
"addseq r3, pc, r8, lsl 16",1
"andeq r0, r0, r0",1
invalid,1
invalid,1
invalid,1
"andeq r5, r0, r0",1
"andeq r0, r0, r0",1
"addeq r0, r0, r0",1
"adcseq r0, r0, r0",1
"andeq r0, r3, r0",1
"ldrgt r3, [pc], 8           ; [0x18ad8:4]=0x3000001",1
invalid,1
"movweq r0, 1",1
svcls 0x300800,1
"andeq r0, r0, r0",1
"andeq r0, r0, r0",1
"andeq r0, r0, r0, lsl 1",1
"strheq r0, [r0], -r0",1
"movwlo r0, 0x8003",1
"muleq r0, pc, r4",1
"andeq r2, r1, r0, lsl 16",1
"stmdaeq r0, {r8, sb}",1
"andeq sb, r0, r3, lsr pc",1
"andeq r0, r0, r0",1
"addeq r0, r0, r0",1
"adcseq r0, r0, r0",1
"andeq r0, r3, r0",1
"ldrgt r3, [pc], 0x808       ; [0x18b1c:4]=0x3000001",1
invalid,1
"movweq r0, 1",1
svcls 0x380800,1
"andeq r0, r0, r0",1
"andeq r0, r0, r0",1
"andeq r0, r0, r0, lsl 1",1
"strheq r0, [r0], -r0",1
invalid,1
"muleq r0, pc, r4",1
"andeq r2, r1, r0, lsl 16",1
"stmdaeq r0, {r8, sb}",1
"andeq sb, r0, r1, lsr pc",1
"andeq r0, r0, r0",1
"addeq r0, r0, r0",1
"adcseq r0, r0, r0",1
"andeq r0, r3, r0",1
"ldrgt r4, [pc], 0x208       ; [0x18b60:4]=0x3000001",1
invalid,1
"movweq r0, 1",1
svcls 0x420800,1
"andeq r0, r0, r0",1
"andeq r0, r0, r0",1
"andeq r0, r0, r0, lsl 1",1
"strheq r0, [r0], -r0",1
"strmi r0, [r8, -r3]",1
"muleq r0, pc, r4",1
"andeq r2, r1, r0, lsl 16",1
"stmdaeq r0, {r8, sb}",1
"andeq sb, r0, r7, asr 30",1
"andeq r0, r0, r0",1
"addeq r0, r0, r0",1
"adcseq r0, r0, r0",1
"andeq r0, r1, r0",1
"andeq ip, r0, r0, asr r4",1
"andeq pc, r0, r0, lsl 16",1
"andpl r0, r0, r0, lsl 2",1
"andeq r0, r0, r0",1
"andeq r0, r0, r0",1
"andeq r0, r0, r0, lsl 1",1
"strheq r0, [r0], -r0",1
svcls 0x300002,1
"andeq r0, r0, r4, asr 1",1
"andeq r0, r0, r8, lsr 2",1
svcls 0x300002,1
"andeq r0, r0, r0",1
"andeq r0, r0, r0",1
"andeq r0, r0, r8, lsl 1",1
"strheq r0, [r0], -r0",1
"andlo r0, r8, r3",1
"muleq r0, pc, r4",1
"andeq r2, r1, r0, lsl 16",1
"stmdaeq r0, {r8, sb}",1
"andeq sb, r0, r0, lsr pc",1
"andeq r0, r0, r0",1
"addeq r0, r8, r0",1
"adcseq r0, r0, r0",1
"andeq r0, r3, r0",1
"ldrgt r3, [pc], 0x308       ; [0x18c04:4]=0x3000001",1
invalid,1
"movweq r0, 1",1
svcls 0x330800,1
"andeq r0, r0, r0",1
"andeq r0, r0, r0",1
"andeq r0, r0, r8, lsl 1",1
"strheq r0, [r0], -r0",1
"stmdalo r8, {r0, r1}",1
"muleq r0, pc, r4",1
"andeq r2, r1, r0, lsl 16",1
"stmdaeq r0, {r8, sb}",1
"andeq sb, r0, r8, lsr pc",1
"andeq r0, r0, r0",1
"addeq r0, r8, r0",1
"adcseq r0, r0, r0",1
"andeq r0, r3, r0",1
"ldrgt r3, [pc], 0x108       ; [0x18c48:4]=0x3000001",1
invalid,1
"movweq r0, 1",1
svcls 0x310800,1
"andeq r0, r0, r0",1
"andeq r0, r0, r0",1
"andeq r0, r0, r8, lsl 1",1
"strheq r0, [r0], -r0",1
"andmi r0, r8, 3",1
"muleq r0, pc, r4",1
"andeq r2, r1, r0, lsl 16",1
"stmdaeq r0, {r8, sb}",1
"andeq sb, r0, r2, asr 30",1
"andeq r0, r0, r0",1
"addeq r0, r8, r0",1
"adcseq r0, r0, r0",1
"andeq r0, r3, r0",1
"ldrgt r4, [pc], 0x708       ; [0x18c8c:4]=0x3000001",1
invalid,1
"movweq r0, 1",1
svcls 0x470800,1
"andeq r0, r0, r0",1
"andeq r0, r0, r0",1
"andeq r0, r0, r8, lsl 1",1
"strheq r0, [r0], -r0",1
"ldrbgt r0, [r0], -1",1
invalid,1
invalid,1
"andeq r5, r0, r0",1
"andeq r0, r0, r0",1
"addeq r0, r8, r0",1
"adcseq r0, r0, r0",1
"andeq r0, r2, r0",1
"sbceq sb, r4, r0, lsr pc",1
invalid,1
"andeq r0, r2, r0",1
"andeq sb, r0, r0, lsr pc",1
"andeq r0, r0, r0",1
"addseq r0, r8, r0",1
"adcseq r0, r0, r0",1
"andeq r0, r3, r0",1
"ldrgt r3, [pc], 8           ; [0x18cec:4]=0x3000001",1
invalid,1
"movweq r0, 1",1
svcls 0x300800,1
"andeq r0, r0, r0",1
"andeq r0, r0, r0",1
"muleq r0, r8, r0",1
"strheq r0, [r0], -r0",1
"movwlo r0, 0x8003",1
"muleq r0, pc, r4",1
"andeq r2, r1, r0, lsl 16",1
"stmdaeq r0, {r8, sb}",1
"andeq sb, r0, r3, lsr pc",1
"andeq r0, r0, r0",1
"addseq r0, r8, r0",1
"adcseq r0, r0, r0",1
"andeq r0, r3, r0",1
"ldrgt r3, [pc], 0x808       ; [0x18d30:4]=0x3000001",1
invalid,1
"movweq r0, 1",1
svcls 0x380800,1
"andeq r0, r0, r0",1
"andeq r0, r0, r0",1
"muleq r0, r8, r0",1
"strheq r0, [r0], -r0",1
invalid,1
"muleq r0, pc, r4",1
"andeq r2, r1, r0, lsl 16",1
"stmdaeq r0, {r8, sb}",1
"andeq sb, r0, r1, lsr pc",1
"andeq r0, r0, r0",1
"addseq r0, r8, r0",1
"adcseq r0, r0, r0",1
"andeq r0, r1, r0",1
"andeq ip, r0, r0, asr r4",1
"andeq pc, r0, r0, lsl 16",1
"andpl r0, r0, r0, lsl 2",1
"andeq r0, r0, r0",1
"andeq r0, r0, r0",1
"muleq r0, r8, r0",1
"strheq r0, [r0], -r0",1
svcls 0x300002,1
"andeq r0, r0, r4, asr 1",1
"andeq r0, r0, r8, lsr 2",1
svcls 0x300002,1
"andeq r0, r0, r0",1
"andeq r0, r0, r0",1
"andeq r0, r0, r4, lsr 1",1
"strheq r0, [r0], -r0",1
"andlo r0, r8, r3",1
"muleq r0, pc, r4",1
"andeq r2, r1, r0, lsl 16",1
"stmdaeq r0, {r8, sb}",1
"andeq sb, r0, r0, lsr pc",1
"andeq r0, r0, r0",1
"adceq r0, r4, r0",1
"adcseq r0, r0, r0",1
"andeq r0, r3, r0",1
"ldrgt r3, [pc], 0x308       ; [0x18dd4:4]=0x3000001",1
invalid,1
"movweq r0, 1",1
svcls 0x330800,1
"andeq r0, r0, r0",1
"andeq r0, r0, r0",1
"andeq r0, r0, r4, lsr 1",1
"strheq r0, [r0], -r0",1
"stmdalo r8, {r0, r1}",1
"muleq r0, pc, r4",1
"andeq r2, r1, r0, lsl 16",1
"stmdaeq r0, {r8, sb}",1
"andeq sb, r0, r8, lsr pc",1
"andeq r0, r0, r0",1
"adceq r0, r4, r0",1
"adcseq r0, r0, r0",1
"andeq r0, r1, r0",1
"andeq ip, r0, r0, asr r4",1
"andeq pc, r0, r0, lsl 16",1
"andpl r0, r0, r0, lsl 2",1
"andeq r0, r0, r0",1
"andeq r0, r0, r0",1
"andeq r0, r0, r4, lsr 1",1
"strheq r0, [r0], -r0",1
svcls 0x300002,1
"andeq r0, r0, r4, asr 1",1
"andeq r0, r0, r8, lsr 2",1
svcls 0x300002,1
"andeq r0, r0, r0",1
"andeq r0, r0, r0",1
"andeq r0, r0, r4, asr 1",1
"strdeq r0, r1, [r0], -r8",1
"subseq r0, r0, r1",1
"andeq r0, r0, r0",1
"andle r0, r0, r0",1
invalid,1
invalid,1
"andeq r5, r0, r0",1
"andeq r0, r0, r0",1
"sbcseq r0, ip, r0",1
"rscseq r0, r8, r0",1
"andeq r0, r1, r0",1
"andeq r0, r0, r0, asr r0",1
"andeq r0, r0, r0",1
"andeq r2, r1, r0, lsl 16",1
"andeq r2, r1, r0, lsl 24",1
"stcvc p2, c0, [r0, -0]",1
"andeq r2, r1, r0, lsl 24",1
"andeq r3, r1, r0",1
"stcvc p2, c0, [r0, -0]",1
"andeq r3, r1, r4, lsr 32",1
"andeq sb, lr, r0, lsl 8",1
"stcvc p3, c0, [r0, -0]",1
"andeq r0, r0, r8, lsr 3",1
"andeq r0, r0, r0",1
invalid,1
"mrseq r0, spsr",1
"andeq r0, r1, r0",1
"andeq r4, r1, r0, asr r3",1
"andeq sb, lr, r0, lsl 8",1
"mrsls r0, lr_irq",1
"strdeq r7, r8, [r0], -r4",1
"andeq r0, r0, r0",1
invalid,1
"mrseq r0, spsr",1
"andeq r0, r1, r0",1
"andeq r4, r1, r1, asr r3",1
"andeq sb, lr, r0, lsl 8",1
blpl 0x192e4,1
"andeq r0, r0, r0",1
"andeq r0, r0, r0",1
"andeq r0, r0, r8, lsr 2",1
"andeq r0, r0, r3, asr 2",1
"cmpmi r2, 1",1
"strls r0, [r0], -1",1
invalid,1
"andeq r5, r0, r0, lsl 20",1
"andeq r0, r0, r0",1
invalid,1
"mrseq r0, spsr",1
"andeq r0, r1, r0",1
"andeq r4, r1, r3, asr r3",1
"andeq r5, sp, r0, lsl 24",1
"stmdbpl r0, {r8}",1
"andeq r0, r0, ip, asr sp",1
"andeq r0, r0, r0, ror 26",1
"subsvs r0, r0, r1",1
"strls r0, [r0], -0xd",1
invalid,1
"andeq r5, r0, r0, lsl 18",1
"andeq r0, r0, r0",1
invalid,1
"rsbeq r0, r8, 0",1
"andeq r0, r2, r0",1
"rsbeq r0, r8, 0x91",1
invalid,1
"andeq r0, r2, r0",1
"ldmibeq ip!, {r0, r4, r7, fp, ip, sp, lr} ^",1
beq 0xc18f5c,1
"andeq r0, r2, r0",1
beq 0xc40c2c,1
beq 0xd18f68,1
"andeq r0, r2, r0",1
beq 0xd191b4,1
beq 0x1e18f74,1
"andeq r0, r2, r0",1
beq 0x1e40c44,1
beq 0xffe18f80,1
"andeq r0, r2, r0",1
beq 0xffe40c54,1
bleq 0x818f8c,1
"andeq r0, r2, r0",1
bleq 0x8191d8,1
"stcleq p0, c0, [r0, -0]!",1
"andeq r0, r2, r0",1
"stcleq p8, c7, [r0, -0x244]!",1
"stceq p0, c0, [r0]",1
"andeq r0, r2, r0",1
"stceq p15, c9, [r0, 0xc8]",1
"cdpeq p0, 0, c0, c8, c0, 0",1
"andeq r0, r2, r0",1
"mcreq p8, 0, r7, c8, c1, 4",1
"cdpeq p0, 3, c0, c0, c0, 0",1
"andeq r0, r2, r0",1
"mrceq p0, 1, r0, c0, c1, 4",1
"cdpeq p0, 5, c0, c4, c0, 0",1
"andeq r0, r2, r0",1
"mrceq p15, 2, sb, c4, c2, 1",1
"cdpeq p0, 7, c0, c12, c0, 0",1
"andeq r0, r2, r0",1
"mrceq p15, 3, sb, c12, c3, 1",1
"cdpeq p0, 9, c0, c4, c0, 0",1
"andeq r0, r2, r0",1
"muleq r0, r1, r8",1
"andeq r0, r0, r0",1
invalid,1
"movseq r0, r0",1
"andeq r0, r2, r0",1
invalid,1
"andeq r0, r0, 0",1
"andeq r0, r2, r0",1
"andeq r0, r0, 0x91000000",1
"andseq r0, r8, 0",1
"andeq r0, r1, r0",1
"andeq r1, r2, r0, asr r8",1
"andeq r4, r2, r0, lsl 8",1
"mrsls r0, r8_usr",1
"andeq r4, r2, r4, lsl 8",1
"andeq r6, r2, r0, lsl 16",1
"mrsls r0, r8_usr",1
"andeq r6, r2, ip, lsl 16",1
"andeq pc, sb, r0, lsl 24",1
"mrsls r0, r8_usr",1
"andeq pc, sb, r4, lsl 24",1
"andeq r2, fp, r0",1
"mrsls r0, r8_usr",1
"andeq r2, fp, ip",1
"andeq r6, sp, r0",1
"mrsls r0, r8_usr",1
"andeq r6, sp, r4",1
"andeq r8, sp, r0",1
"mrsls r0, r8_usr",1
"andeq r8, sp, ip",1
"andeq r0, lr, r0, lsl 16",1
"mrsls r0, r8_usr",1
"andeq r0, lr, r4, lsl 16",1
"andeq r1, lr, r0",1
"andpl r0, r0, r0, lsl 2",1
"andeq r0, r0, r0, lsr 28",1
"andeq r0, r0, ip, ror lr",1
"ldceq p0, c0, [r1], {2}",1
"andeq r0, r0, ip, ror lr",1
"muleq r0, r4, lr",1
"ldreq r0, [r1], 2",1
"andeq r0, r0, r0",1
"andeq r0, r0, r0",1
"andeq r0, r0, r8, lsr 2",1
"ldrdeq r0, r1, [r0], -r4",1
"addsne r0, r1, r2",1
"ldrdeq r0, r1, [r0], -r4",1
"andeq r0, r0, r4, asr 4",1
"ldmeq r1, {r1}",1
"andeq r0, r0, r4, asr 4",1
"andeq r0, r0, r8, ror 4",1
"addsne r0, r1, r2",1
"andeq r0, r0, r8, ror 4",1
"strdeq r0, r1, [r0], -ip",1
"ldmeq r1, {r1}",1
"strdeq r0, r1, [r0], -ip",1
"andeq r0, r0, r0, lsr 22",1
"addsne r0, r1, r2",1
"andeq r0, r0, r0, lsr 22",1
"andeq r0, r0, r0, ror 26",1
"ldmeq r1, {r1}",1
"andeq r0, r0, r0, ror 26",1
"andeq r0, r0, r0, lsl 27",1
"addsne r0, r1, r2",1
"andeq r0, r0, r0, lsl 27",1
"andeq r0, r0, r0, lsl lr",1
"ldmeq r1, {r1}",1
"andeq r0, r0, r0, lsl lr",1
"andeq r0, r0, ip, lsl lr",1
"addsne r0, r1, r2",1
"andeq r0, r0, r0, lsr 28",1
"andeq r0, r0, ip, ror lr",1
"addsne r0, r1, r2",1
"andeq r0, r0, ip, ror lr",1
"muleq r0, r4, lr",1
"ldmeq r1, {r1}",1
"andeq r0, r0, r0",1
"andeq r0, r0, r0",1
"andeq r0, r0, r8, ror 4",1
"andeq r0, r0, r8, ror 5",1
svcls 0x300002,1
"andeq r0, r0, r8, ror 5",1
"strdeq r0, r1, [r0], -ip",1
"mrrc2 p0, 0, r0, r5, c1",1
"andpl r0, r0, r5",1
invalid,1
"ldrbeq r5, [r0], -r0, lsl 6",1
"ldrteq r0, [r4], r0",1
"andeq r0, r1, r0",1
"andeq ip, r6, r5, asr r8",1
"andeq r8, r7, r0, lsl 24",1
"strpl r0, [r0, -0x100]",1
"ldrdeq r0, r1, [r0], -ip",1
"andeq r0, r0, r8, lsl sb",1
"ldmdane r5, {r0} ^",1
"stmdahs r0, {r0, r3}",1
"movweq r0, 9",1
svcls 0x7f7500,1
"andeq r0, r0, r8, lsr 18",1
"andeq r0, r0, ip, ror 18",1
"mrrcvs p0, 0, r0, r5, c1",1
"strhi r0, [r0], -9",1
"movweq r0, 9",1
svcls 0x7f7500,1
"andeq r0, r0, r4, lsl 19",1
"strdeq r0, r1, [r0], -ip",1
"subshs r0, r5, r1",1
"stmdavs r0, {r0, r1, r3}",1
invalid,1
bleq 0x1a2e59c,1
"ldceq p0, c0, [r4], 0",1
"andeq r0, r1, r0",1
"andeq fp, ip, r7, asr r4",1
"andeq pc, ip, r0, lsl 24",1
"strpl r0, [r0, -0x100]",1
"strdeq r0, r1, [r0], -ip",1
"andeq r0, r0, ip, lsl 26",1
svcvc 0x750003,1
"muleq sp, pc, ip",1
"andeq r1, sp, r0",1
"strpl r0, [r0, -0x100]",1
"andeq r0, r0, r0, lsl sp",1
"andeq r0, r0, ip, lsl sp",1
svcvc 0x750003,1
"muleq sp, pc, ip",1
"andeq r2, sp, r0, lsl 16",1
"strpl r0, [r0, -0x100]",1
"andeq r0, r0, r0, lsr sp",1
"andeq r0, r0, r0, ror 26",1
"subshi r0, r5, r1",1
"stmdals r0, {r0, r2, r3}",1
invalid,1
"ldceq p7, c5, [r8]",1
"stceq p0, c0, [r0, 0]!",1
"andeq r0, r1, r0",1
"andeq sl, sp, r5, asr r0",1
"andeq ip, sp, r0, lsl 16",1
"strpl r0, [r0, -r0, lsl 2]",1
"andeq r0, r0, r8, asr 27",1
"andeq r0, r0, r8, lsl 28",1
"mrrcvc p0, 0, r0, r5, c1",1
"strls r0, [r0], -0xe",1
invalid,1
"andeq r5, r0, r0, lsl 10",1
"andeq r0, r0, r0",1
invalid,1
"andeq r0, r0, 0",1
"andeq r0, r2, r0",1
"andseq sb, r0, 48, 30",1
"subeq r0, r4, 0",1
"andeq r0, r1, r0",1
"andeq r4, r2, r4, asr r4",1
"andeq r6, r2, r0, lsl 16",1
"andlo r0, r0, r0, lsl 4",1
"muleq r2, pc, r8",1
"andeq r1, r6, r0",1
"strpl r0, [r0], -0x100",1
"andeq r0, r0, r0, lsl r6",1
"andeq r0, r0, ip, asr 12",1
"mrrcmi p0, 0, r0, r2, c1",1
"andhs r0, r0, r6",1
invalid,1
"strbeq r5, [r4, -r0, lsl 8]",1
"streq r0, [ip, r0]",1
"andeq r0, r1, r0",1
"andeq sp, r7, r4, asr ip",1
"andeq r6, r8, r0, lsl 8",1
"strpl r0, [r0], -0x100",1
"andeq r0, r0, r4, ror 16",1
"muleq r0, r0, r8",1
"subsls r0, r2, r1",1
"strge r0, [r0], -8",1
invalid,1
"stmeq r4!, {r8, sb, ip, lr}",1
invalid,1
"andeq r0, r1, r0",1
"andeq fp, r8, r2, asr r0",1
"andeq lr, r8, r0, lsl 16",1
"strpl r0, [r0], -0x100",1
"andeq r0, r0, r8, lsl sb",1
"andeq r0, r0, r8, lsr 18",1
"ldmdahs r3, {r0} ^",1
invalid,1
invalid,1
"ldmdbeq ip!, {sl, ip, lr}",1
invalid,1
"andeq r0, r3, r0",1
"addsmi r0, pc, r4, ror r1",1
"stmdami r0, {r0, r3}",1
invalid,1
"stmdbeq r8, {sl, fp, ip, lr} ^",1
invalid,1
"andeq r0, r3, r0",1
"addspl r0, pc, r4, ror r1",1
"strpl r0, [r0], -9",1
"movweq r0, 9",1
svcls 0x27400,1
"andeq r0, r0, r4, asr sb",1
"andeq r0, r0, ip, asr sb",1
"mrrcpl p0, 0, r0, ip, c1",1
"stmdavs r0, {r0, r3}",1
"movweq r0, 9",1
svcls 0x27400,1
"andeq r0, r0, r8, ror 18",1
"andeq r0, r0, r4, lsl 19",1
"ldrbhi r0, [r3], -1",1
"andle r0, r0, sb",1
invalid,1
"ldmibeq r0, {sl, ip, lr} ^",1
invalid,1
"andeq r0, r1, r0",1
"andeq pc, sb, r3, asr r8",1
"andeq pc, sb, r0, lsl 24",1
"strpl r0, [r0], -0x100",1
"strdeq r0, r1, [r0], -ip",1
"andeq r0, r0, r0, lsr 22",1
svcls 0x300002,1
"andeq r0, r0, r0, lsr 22",1
"andeq r0, r0, r8, ror 22",1
"ldmdavs r4, {r0} ^",1
invalid,1
"movweq r0, 0xc",1
svcvc 0xb09100,1
"ldrdeq r0, r1, [r0], -ip",1
"andeq r0, r0, r0, ror 26",1
"subsvs r0, r4, r1",1
"andhi r0, r0, sp",1
"andeq r0, r0, 0xd",1
"addshi r3, pc, r0",1
"stmdaeq r0, {r0, r2, r3}",1
"movweq r0, 0xe",1
svcvc 0xb09100,1
"andeq r0, r0, r8, lsl 28",1
"andeq r0, r0, ip, ror lr",1
svcls 0x300002,1
"andeq r0, r0, ip, ror lr",1
"muleq r0, r4, lr",1
"subseq r0, r4, r1",1
"andeq r0, r0, r0",1
invalid,1
"str r0, [r0], -1",1
"andeq r0, r0, 1",1
"ldr r3, [pc], 0             ; [0x193b0:4]=0x2000002",1
"andeq r0, r0, r1",1
"andeq r0, r0, 2",1
"stmdane r4, {r8, ip, pc}",1
"strmi r0, [r0], -2",1
"andeq r0, r0, 2",1
"strmi sb, [r8], -0x100",1
"stmdavs r0, {r1}",1
"andeq r0, r0, 2",1
"ldmvs pc, {ip, sp}",1
"andhs r0, r0, r2",1
"movweq r0, 7",1
svcvc 0x849100,1
"andeq r0, r0, r0, lsr 14",1
"andeq r0, r0, r4, lsr r7",1
"subsvs r0, ip, r1",1
"andle r0, r0, r7",1
"movweq r0, 7",1
svcvc 0x849100,1
"ldrdeq r0, r1, [r0], -ip",1
"strdeq r0, r1, [r0], -ip",1
"ldrhi r0, [r1], 3",1
"andeq pc, sb, pc, ror ip",1
"andeq r2, fp, r0",1
"andlo r0, r0, r0, lsl 4",1
"muleq fp, pc, r0",1
"andeq r6, sp, r0",1
"mrsls r0, lr_irq",1
"stcleq p15, c7, [r0, -0x210]!",1
"stceq p0, c0, [r0]",1
"andeq r0, r2, r0",1
"stceq p15, c9, [r0, 0xc0]",1
"cdpeq p0, 0, c0, c8, c0, 0",1
"andeq r0, r3, r0",1
"ldmdaeq pc!, {r0, r4, r7, sl, pc} ^",1
"andne r0, r0, lr",1
invalid,1
"cdpeq p0, 1, c5, c0, c0, 0",1
"cdpeq p0, 7, c0, c12, c0, 0",1
"andeq r0, r2, r0",1
"mrceq p15, 3, sb, c12, c0, 1",1
"cdpeq p0, 9, c0, c4, c0, 0",1
"andeq r0, r3, r0",1
invalid,1
"andeq r0, r0, r0",1
invalid,1
"stmdahs r0, {r0}",1
"andeq r0, r0, 2",1
"ldmhs pc, {ip, sp}",1
"andmi r0, r0, r2",1
invalid,1
"subeq r5, r0, 0",1
"subeq r0, r4, 0",1
"andeq r0, r1, r0",1
"andeq r4, r2, ip, asr r4",1
"andeq r6, r2, r0, lsl 16",1
"andlo r0, r0, r0, lsl 4",1
"muleq r2, pc, r8",1
"andeq pc, sb, r0, lsl 24",1
"mrsls r0, lr_irq",1
"ldmibeq ip!, {r2, r3, r5, r6, r7, sb, sl, fp, ip, sp, lr} ^",1
bleq 0x8194a4,1
"andeq r0, r2, r0",1
bleq 0x84116c,1
"stcleq p0, c0, [r0, -0]!",1
"andeq r0, r3, r0",1
invalid,1
"andhi r0, r0, sp",1
"andeq r0, r0, 0xd",1
"addshi r3, pc, r0",1
"stmdaeq r0, {r0, r2, r3}",1
"movweq r0, 0xe",1
"cdpvc p1, 0xe, c9, c12, c0, 0",1
"andeq r0, r0, r8, lsl 28",1
"andeq r0, r0, ip, ror lr",1
svcls 0x300002,1
"andeq r0, r0, ip, ror lr",1
"muleq r0, r4, lr",1
"ldc p0, c0, [r1], {3}",1
"andeq r0, r0, lr, ror r0",1
"andeq r0, r0, r0",1
"andeq r2, r1, r0, lsl 16",1
"andeq r1, r2, r0, lsl 16",1
"andlo r0, r0, r0, lsl 4",1
"muleq r2, pc, r8",1
"andeq r4, r2, r0, lsl 8",1
"mrslo r0, r8_usr",1
"muleq r2, pc, r4",1
"andeq r6, r2, r0, lsl 16",1
"andlo r0, r0, r0, lsl 4",1
"muleq r2, pc, r8",1
"andeq pc, sb, r0, lsl 24",1
"mrsls r0, lr_irq",1
"ldmibeq ip!, {r3, r4, r5, r6, r7, sb, sl, fp, ip, sp, lr} ^",1
bleq 0x819528,1
"andeq r0, r2, r0",1
bleq 0x8411f0,1
"stcleq p0, c0, [r0, -0]!",1
"andeq r0, r3, r0",1
invalid,1
"andhi r0, r0, sp",1
"andeq r0, r0, 0xd",1
"addshi r3, pc, r0",1
"stmdaeq r0, {r0, r2, r3}",1
"movweq r0, 0xe",1
"cdpvc p1, 0xf, c9, c8, c0, 0",1
"andeq r0, r0, r8, lsl 28",1
"andeq r0, r0, ip, ror lr",1
svcls 0x300002,1
"andeq r0, r0, ip, ror lr",1
"muleq r0, r4, lr",1
invalid,1
"andeq r0, r0, lr, ror r0",1
"andeq r0, r0, r0",1
"andeq r4, r1, r0, lsl 24",1
"andeq sb, r1, r0, lsl 24",1
"andvc r0, r0, r0, lsl 10",1
svcls 0x293100,1
"muleq r0, ip, r1",1
"andeq r0, r0, r4, asr 4",1
"addsls r0, r1, r7",1
"ldmdbhs r1!, {r0, r1, r2, r3, r4, r5, r6, sb, sl}",1
"muleq r2, pc, r4",1
"andeq r4, r2, r0, lsl 14",1
"andvc r0, r0, r0, lsl 10",1
svcls 0x293100,1
"andeq r0, r0, r7, asr 4",1
"andeq r0, r0, r8, asr 4",1
"addsls r0, r1, r7",1
"ldmdbhs r1!, {r0, r1, r2, r3, r4, r5, r6, sb, sl}",1
"muleq r2, pc, r8",1
"andeq r6, r2, r0, lsl 16",1
"andvc r0, r0, r0, lsl 10",1
svcls 0x293100,1
"andeq r0, r0, r8, ror 4",1
"strdeq r0, r1, [r0], -ip",1
"addsls r0, r1, r7",1
"ldmdbhs r1!, {r0, r1, r2, r3, r4, r5, r6, sb, sl}",1
"muleq sb, pc, ip",1
"andeq r2, sl, r0, lsl 24",1
"andvc r0, r0, r0, lsl 10",1
svcls 0x293100,1
"andeq r0, r0, ip, lsr 20",1
"andeq r0, r0, r0, lsr sl",1
"addsls r0, r1, r7",1
"ldmdbhs r1!, {r0, r1, r2, r3, r4, r5, r6, sb, sl}",1
"muleq sl, pc, r0",1
"andeq r7, sl, r0",1
"andvc r0, r0, r0, lsl 10",1
svcls 0x293100,1
"andeq r0, r0, r0, ror sl",1
"andeq r0, r0, r8, ror sl",1
"addsls r0, r1, r7",1
"ldmdbhs r1!, {r0, r1, r2, r3, r4, r5, r6, sb, sl}",1
"muleq sl, pc, r8",1
"andeq fp, sl, r0, lsl 24",1
"andvc r0, r0, r0, lsl 10",1
svcls 0x293100,1
"strheq r0, [r0], -ip",1
"andeq r0, r0, r4, asr 21",1
"addsls r0, r1, r7",1
"ldmdbhs r1!, {r0, r1, r2, r3, r4, r5, r6, sb, sl}",1
"muleq sl, pc, r4",1
"andeq pc, sl, r0, lsl 8",1
"andvc r0, r0, r0, lsl 10",1
svcls 0x293100,1
"strdeq r0, r1, [r0], -r4",1
"strdeq r0, r1, [r0], -r8",1
"addsls r0, r1, r7",1
"ldmdbhs r1!, {r0, r1, r2, r3, r4, r5, r6, sb, sl}",1
"muleq sl, pc, r8",1
"andeq r1, fp, r0, lsl 24",1
"andvc r0, r0, r0, lsl 10",1
svcls 0x293100,1
"andeq r0, r0, ip, lsl fp",1
"andeq r0, r0, r0, ror 26",1
"addsls r0, r1, r7",1
"ldmdbhs r1!, {r0, r1, r2, r3, r4, r5, r6, sb, sl}",1
"muleq sp, pc, r0",1
"andeq r7, sp, r0, lsl 24",1
"andvc r0, r0, r0, lsl 10",1
svcls 0x293100,1
"andeq r0, r0, ip, ror sp",1
"andeq r0, r0, r0, lsr lr",1
"addsls r0, r1, r7",1
"ldmdbhs r1!, {r0, r1, r2, r3, r4, r5, r6, sb, sl}",1
"muleq lr, pc, r0",1
"andeq r5, lr, r0",1
"andvc r0, r0, r0, lsl 10",1
svcls 0x293100,1
"andeq r0, r0, r0, asr lr",1
"andeq r0, r0, r4, asr lr",1
"addsls r0, r1, r7",1
"ldmdbhs r1!, {r0, r1, r2, r3, r4, r5, r6, sb, sl}",1
"muleq lr, pc, r4",1
"andeq r7, lr, r0, lsl 16",1
"andvc r0, r0, r0, lsl 10",1
svcls 0x293100,1
"andeq r0, r0, r8, ror lr",1
"muleq r0, r4, lr",1
"addsls r0, r1, r7",1
"ldmdbhs r1!, {r0, r1, r2, r3, r4, r5, r6, sb, sl}",1
"muleq r0, pc, r0",1
"andeq r0, r0, r0",1
"andeq r5, r1, r0, lsl 24",1
"andeq pc, sb, r0, lsl 24",1
"mrsls r0, lr_irq",1
"ldmibeq ip!, {r4, r5, r6, r7, sb, sl, fp, ip, sp, lr} ^",1
beq 0xc196f0,1
"andeq r0, r2, r0",1
beq 0xc413bc,1
beq 0xff1196fc,1
"andeq r0, r3, r0",1
"ldrbtgt pc, [lr], -0x91",1
invalid,1
"andeq r0, r0, 0xa",1
invalid,1
"strls r0, [r0], -0xa",1
"movweq r0, 0xe",1
"cdpvc p1, 0xf, c9, c0, c0, 0",1
"andeq r0, r0, r0",1
"andeq r0, r0, r0",1
"muleq r0, r4, r1",1
"ldrdeq r0, r1, [r0], -r4",1
"ldmvc r1, {r1}",1
"andeq r0, r0, r0, lsl lr",1
"andeq r0, r0, r0, lsr lr",1
"ldmvc r1, {r1}",1
"andeq r0, r0, r0",1
"andeq r0, r0, r0",1
"muleq r0, r4, r1",1
"ldrdeq r0, r1, [r0], -r4",1
"strmi r0, [r3], -6",1
svcls 0xd1,1
"andeq r0, r0, r0, lsl lr",1
"andeq r0, r0, r0, lsr lr",1
"strmi r0, [r3], -6",1
svcls 0xd1,1
"andeq r0, r0, r0",1
"andeq r0, r0, r0",1
"strheq r0, [r0], -r0",1
"strheq r0, [r0], -r4",1
"ldrblt r0, [r0], -1",1
"strle r0, [r0], -1",1
"andeq r0, r0, 1",1
"andne sb, r4, r0, lsl 2",1
"andhs r0, r0, lr",1
"andeq r0, r0, 0xe",1
"andhs sb, r4, r0, lsl 2",1
"strhs r0, [r0, -lr]",1
invalid,1
"cdpeq p0, 2, c5, c7, c0, 0",1
"cdpeq p0, 3, c0, c0, c0, 0",1
"andeq r0, r2, r0",1
"muleq r0, r1, r4",1
"andeq r0, r0, r0",1
"movseq r0, r0",1
"bicseq r0, r4, r0",1
"andeq r0, r2, r0",1
"mrceq p8, 0, r7, c0, c1, 4",1
"cdpeq p0, 2, c0, c0, c0, 0",1
"andeq r0, r2, r0",1
"muleq r0, r1, r8",1
"andeq r0, r0, r0",1
"movseq r0, r0",1
"bicseq r0, r4, r0",1
"andeq r0, r6, r0",1
"sbcseq r3, r1, r3, lsl 8",1
"cdpeq p15, 1, c9, c0, c0, 0",1
"cdpeq p0, 2, c0, c0, c0, 0",1
"andeq r0, r6, r0",1
"sbcseq r3, r1, r3, lsl 8",1
"andeq sb, r0, r0, lsl 30",1
"andeq r0, r0, r0",1
"bicseq r0, r0, r0",1
"bicseq r0, r4, r0",1
"andeq r0, r1, r0",1
"andeq r1, lr, r0, asr r0",1
"andeq r1, lr, r0, lsl 14",1
"andpl r0, r0, r0, lsl 2",1
"andeq r0, r0, r7, lsl lr",1
"andeq r0, r0, r0, lsr 28",1
"ldmeq r1, {r1}",1
"andeq r0, r0, r0",1
"andeq r0, r0, r0",1
"andeq r0, r0, ip, ror r3",1
"strdeq r0, r1, [r0], -ip",1
"rsbseq r0, r7, r2",1
"strdeq r0, r1, [r0], -ip",1
"andeq r0, r0, r0, asr r6",1
"rsbseq r0, sl, r5",1
"eorpl r0, r2, r3, ror r0",1
invalid,1
invalid,1
"ldreq r5, [r0], r0, lsl 12",1
"ldrteq r0, [r0], r0",1
"andeq r0, r1, r0",1
"andeq fp, r6, r6, asr r4",1
"andeq ip, r6, r0, lsl 24",1
"strpl r0, [r0], -r0, lsl 2",1
"andeq r0, r0, r0, ror 14",1
"andeq r0, r0, ip, lsl 15",1
"rsbseq r0, r7, r2",1
"ldrdeq r0, r1, [r0], -ip",1
"andeq r0, r0, r4, lsr 17",1
"rsbseq r0, r7, r2",1
"andeq r0, r0, r4, lsr 17",1
"strheq r0, [r0], -r0",1
"andlo r0, r8, r3",1
"muleq r8, pc, r0",1
"andeq fp, r8, r0, lsl 30",1
"strvc r0, [r0, -r0, lsl 4]",1
"andeq fp, r8, r0, lsl 30",1
"andeq lr, r8, r0, lsl 16",1
"strpl r0, [r0], -r0, lsl 2",1
"andeq r0, r0, r8, lsl sb",1
"andeq r0, r0, r4, lsr 18",1
"ldmdahs r6, {r0} ^",1
"andlo r0, r0, sb",1
"andeq r0, r0, 9",1
"andlo r7, r0, r0, lsl 14",1
"andvc r0, r0, sb",1
invalid,1
"ldmdbeq r8!, {sb, sl, ip, lr} ^",1
invalid,1
"andeq r0, r1, r0",1
"andeq r8, sb, r6, asr r4",1
"andeq pc, sb, r0, lsl 24",1
"strvc r0, [r0, -r0, lsl 4]",1
"andeq r2, fp, r0, lsl 24",1
"andeq r4, fp, r0",1
"strvc r0, [r0, -r0, lsl 4]",1
"andeq r4, fp, r0",1
"andeq r6, fp, r0, lsl 16",1
"strpl r0, [r0], -r0, lsl 2",1
"andeq r0, r0, r8, ror 22",1
"ldrdeq r0, r1, [r0], -ip",1
"ldrlt r0, [r1], 3",1
"andeq sp, ip, pc, ror ip",1
"andeq r0, sp, r0, lsl 16",1
"strpl r0, [r0], -r0, lsl 2",1
"andeq r0, r0, ip, lsl 26",1
"andeq r0, r0, ip, lsl sp",1
"mrrcne p0, 0, r0, r6, c1",1
"strpl r0, [r0, -sp]",1
"andeq r0, r0, 0xd",1
"strpl r7, [r0, -r0, lsl 14]",1
"andvs r0, r0, sp",1
invalid,1
"stceq p6, c5, [r0]",1
"cdpeq p0, 0, c0, c8, c0, 0",1
"andeq r0, r3, r0",1
"ldclvc p4, c11, [pc], -0x244",1
"strls r0, [r0], -0xe",1
invalid,1
"andeq r5, r0, r0, lsl 12",1
"andeq r0, r0, r0",1
"strbeq r0, [r0, r0]!",1
invalid,1
"andeq r0, r1, r0",1
"andeq r0, r8, r3, asr r0",1
"andeq r0, r8, r0, lsl 16",1
"stmdaeq r0, {r8, sb}",1
"ldmdaeq r8, {r2, r4, r5, r6, r8, sb, sl, fp, ip, pc}",1
invalid,1
"andeq r0, r3, r0",1
"addshs r6, pc, r8, lsl 12",1
"stmdahs r0, {r3}",1
"movweq r0, 8",1
svcls 0x760800,1
"andeq r0, r0, r4, lsl 19",1
"andeq r0, r0, r4, lsr 19",1
invalid,1
"muleq r0, pc, r0",1
"andeq r0, r0, r0",1
"andeq r0, r3, r0",1
"andeq r7, r3, r0, lsl 16",1
"andlo r0, r0, r0, lsl 4",1
"muleq r3, pc, r8",1
"andeq fp, r6, r0, lsl 8",1
"mrsls r0, lr_irq",1
"strbeq r7, [r0, -r8, ror 29]!",1
"streq r0, [ip, r0]",1
"andeq r0, r3, r0",1
"ldclle p8, c14, [lr], -0x244",1
"stmdane r0, {r0, r1, r2}",1
"movweq r0, 9",1
"cdpvc p1, 0xe, c9, c8, c0, 0",1
"andeq r0, r0, r4, lsl 19",1
"strdeq r0, r1, [r0], -ip",1
"ldm r1, {r0, r1}",1
"andeq r2, fp, lr, ror r0",1
"andeq r2, fp, r0, lsl 24",1
"andlo r0, r0, r0, lsl 4",1
"muleq fp, pc, ip",1
"andeq sp, ip, r0, lsl 24",1
"mrsls r0, lr_irq",1
"ldcleq p14, c7, [ip], {0xe8}",1
"stcleq p0, c0, [r8], 0",1
"andeq r0, r1, r0",1
"andeq lr, ip, ip, asr r8",1
"andeq pc, ip, r0, lsl 8",1
"mrsls r0, lr_irq",1
"ldcleq p14, c7, [r4], 0x3a0",1
"ldceq p0, c0, [ip, -0]",1
"andeq r0, r2, r0",1
"ldceq p15, c9, [ip, -0xc0]",1
"stcleq p0, c0, [r0, -0]!",1
"andeq r0, r3, r0",1
invalid,1
"stmdaeq r0, {r0, r2, r3}",1
"movweq r0, 0xe",1
"cdpvc p1, 0xe, c9, c8, c0, 0",1
"andeq r0, r0, ip, ror lr",1
"muleq r0, r4, lr",1
"subseq r0, ip, r1",1
"andeq r0, r0, r0",1
invalid,1
"stmda r0, {r3}",1
"andeq r0, r0, 8",1
"ldclo p1, c3, [pc], {0}",1
"stmdavs r0, {r0, r1, r3}",1
"andeq r0, r0, 0xb",1
"ldmvs pc, {ip, sp}",1
"andge r0, r0, fp",1
invalid,1
"stceq p5, c5, [r0], 0",1
"ldceq p0, c0, [ip, -0]",1
"andeq r0, r3, r0",1
invalid,1
"andvs r0, r0, sp",1
"andeq r0, r0, 0xd",1
"addshi r3, pc, r0",1
invalid,1
invalid,1
"stceq p5, c5, [ip]",1
"stceq p0, c0, [r0, 0]!",1
"andeq r0, r3, r0",1
invalid,1
"strlt r0, [r0], -0xd",1
invalid,1
"ldceq p5, c5, [r4, 0]!",1
"stcleq p0, c0, [r0, 0]!",1
"andeq r0, r3, r0",1
invalid,1
"andeq r0, r0, sp",1
invalid,1
"cdpeq p3, 0, c5, c0, c0, 0",1
"cdpeq p0, 0, c0, c8, c0, 0",1
"andeq r0, r3, r0",1
"ldclvc p12, c9, [pc], -0x244",1
"strls r0, [r0], -0xe",1
invalid,1
"andeq r5, r0, r0",1
"andeq r0, r0, r0",1
invalid,1
invalid,1
"andseq r0, r6, r0",1
invalid,1
"eorvc r3, r4, sl, lsl r1",1
"strtls r0, [r2], -0x600",1
"andmi r0, r0, r2, lsl 20",1
"eorlo r4, r4, sl, lsl r0",1
bleq 0xf417a4,1
bleq 0x1a19af0,1
"andeq r0, r2, r0",1
bleq 0x1a417bc,1
"ldceq p0, c0, [r8], 0",1
"andeq r0, r3, r0",1
invalid,1
"andvs r0, r0, sp",1
"andeq r0, r0, 0xd",1
"addshi r3, pc, r0, lsl 2",1
"streq r0, [r0], -0xd",1
"movweq r0, 0xe",1
svcvc 0x989100,1
"andeq r0, r0, r0",1
"andeq r0, r0, r0",1
"andeq r0, r0, r8, ror 5",1
"strdeq r0, r1, [r0], -ip",1
"ldrmi r0, [r1], 2",1
"andeq r0, r0, r0, lsr 22",1
"andeq r0, r0, r0, ror 26",1
"ldrmi r0, [r1], 2",1
"andeq r0, r0, r0, lsl 27",1
"andeq r0, r0, r8, lsl 28",1
"ldrmi r0, [r1], 2",1
"andeq r0, r0, ip, ror lr",1
"muleq r0, r4, lr",1
"ldrmi r0, [r1], 2",1
"andeq r0, r0, r0",1
"andeq r0, r0, r0",1
"andeq r0, r0, r4, lsl 23",1
"andeq r0, r0, r4, ror 24",1
"ldrbvs r0, [r0], -1",1
"andlt r0, r0, ip",1
invalid,1
"stceq p8, c5, [r0]",1
"cdpeq p0, 0, c0, c8, c0, 0",1
"andeq r0, r1, r0",1
"andeq r0, r0, r0, asr r0",1
"andeq r0, r0, r0",1
"andeq sl, fp, r0, lsl 16",1
"andeq fp, fp, r0, lsl 24",1
"mrslo r0, r8_usr",1
"muleq r0, pc, r0",1
"andeq r0, r0, r0",1
"andeq r2, fp, r0, lsl 24",1
"andeq r1, sp, r0, lsl 24",1
"stmdalo r0, {sb}",1
"muleq sp, pc, r0",1
"andeq r6, sp, r0",1
"stmdalo r0, {sb}",1
"muleq sp, pc, r0",1
"andeq r0, lr, r0, lsl 16",1
"stmdalo r0, {sb}",1
"muleq lr, pc, ip",1
"andeq sb, lr, r0, lsl 8",1
"stmdalo r0, {sb}",1
"muleq r0, pc, r0",1
"andeq r0, r0, r0",1
"andeq r2, fp, r0, lsl 24",1
"andeq r1, sp, r0, lsl 24",1
"andlo r0, r0, r0, lsl 4",1
"muleq sp, pc, r0",1
"andeq r6, sp, r0",1
"andlo r0, r0, r0, lsl 4",1
"muleq sp, pc, r0",1
"andeq r0, lr, r0, lsl 16",1
"andlo r0, r0, r0, lsl 4",1
"muleq lr, pc, ip",1
"andeq sb, lr, r0, lsl 8",1
"andlo r0, r0, r0, lsl 4",1
"muleq r0, pc, r0",1
"andeq r0, r0, r0",1
"andeq r2, fp, r0, lsl 24",1
"andeq r8, fp, r0",1
"mrsls r0, lr_irq",1
bleq 0xfe041938,1
bleq 0xfe0d9c1c,1
"andeq r0, r1, r0",1
"andeq r8, fp, r3, asr r3",1
"andeq r7, ip, r0, lsl 16",1
"mrsls r0, lr_irq",1
"ldcleq p15, c9, [r8], -0x120",1
"ldcleq p0, c0, [pc], -0",1
"andeq r0, r1, r0",1
"andeq r7, ip, r0, asr pc",1
"andeq r1, sp, r0, lsl 24",1
"mrsls r0, lr_irq",1
"ldcleq p15, c9, [r0, -0x120]",1
"stcleq p0, c0, [r0, -0]!",1
"andeq r0, r3, r0",1
"umullshi r4, pc, r1, r8",1
"stmdaeq r0, {r0, r2, r3}",1
"movweq r0, 0xe",1
svcls 0x489100,1
"andeq r0, r0, ip, ror lr",1
"muleq r0, r4, lr",1
"ldmmi r1, {r0, r1}",1
"muleq r0, pc, r0",1
"andeq r0, r0, r0",1
"andeq pc, r8, r0, lsl 16",1
"andeq r8, sb, r0, lsl 8",1
invalid,1
"ldrdeq r0, r1, [r0], -r0",1
"andeq r0, r0, ip, lsl sp",1
"mrrcvc p0, 0, r0, r1, c1",1
"strls r0, [r0], -0xe",1
invalid,1
"andeq r5, r0, r0, lsl 2",1
"andeq r0, r0, r0",1
"cdpeq p0, 9, c0, c4, c0, 0",1
"cdpeq p0, 9, c0, c8, c0, 0",1
"andeq r0, r2, r0",1
"mrceq p0, 4, r0, c8, c13, 3",1
"cdpeq p0, 9, c0, c12, c0, 0",1
"andeq r0, r2, r0",1
"mrceq p4, 4, r2, c12, c13, 3",1
"subne r0, r4, r0",1
"andeq r0, r3, r0",1
"andeq sp, r0, sp, ror r0",1
"andeq r0, r0, r0",1
"strls r0, [r0], -0",1
svcge 0xe,1
invalid,1
"cdpeq p0, 0xa, c5, c15, c0, 0",1
"subne r0, r4, r0",1
"andeq r0, r1, r0",1
"andeq r0, r0, r6, asr r0",1
"andeq r0, r0, r0",1
"andeq sb, lr, r0, lsl 8",1
"andeq sl, lr, r0, lsl 30",1
invalid,1
"andeq r0, r0, pc, lsr 29",1
"andeq r1, r0, r4, asr 32",1
"subseq r0, sl, r1",1
"andeq r0, r0, r0",1
"strls r0, [r0], -0",1
svcge 0xe,1
invalid,1
"cdpeq p2, 0xa, c5, c15, c0, 0",1
"subne r0, r4, r0",1
"andeq r0, r1, r0",1
"andeq r0, r0, sb, asr r0",1
"andeq r0, r0, r0",1
"andeq sb, lr, r0, lsl 8",1
"andeq sl, lr, r0, lsl 30",1
"movwpl r0, 0x100",1
"andeq r0, r0, pc, lsr 29",1
"andeq r1, r0, r4, asr 32",1
"subseq r0, r4, r1",1
"andeq r0, r0, r0",1
"strgt r0, [r0], -0",1
"vst4.8 {d0, d1, d2, d3}, [r0], lr",1
invalid,1
"cdpeq p0, 0xf, c5, c4, c0, 0",1
"cdpeq p0, 0xf, c0, c11, c0, 0",1
"andeq r0, r2, r0",1
"mrceq p0, 7, r0, c11, c8, 3",1
"andne r0, ip, r0",1
"andeq r0, r2, r0",1
"mulne ip, r1, ip",1
"andsne r0, r4, r0",1
"andeq r0, r1, r0",1
"andseq r1, r0, r0, asr r4",1
"andseq r1, r0, r0, lsl 22",1
"stmdavc r0, {sb}",1
"andseq r1, r0, r0, lsl 22",1
"andseq r3, r0, r0, lsl 8",1
"mrsls r0, r8_usr",1
"andseq r3, r0, ip, asr 8",1
"andseq r3, r0, r0, lsl 14",1
"andpl r0, r0, r0, lsl 2",1
"andeq r1, r0, r7, lsr r0",1
"andeq r1, r0, r8, lsr r0",1
"ldcmi p0, c0, [r1], {2}",1
"andeq r1, r0, r8, lsr r0",1
"andeq r1, r0, fp, lsr r0",1
bllo 0x1419db0,1
"strmi r0, [r0], -0x10",1
"andeq r0, r0, 0x10",1
"subeq sb, ip, r0, lsl 2",1
"andeq r0, r0, r0",1
invalid,1
"andeq r0, r0, lr",1
invalid,1
svceq 0x5500,1
svceq 0x40000,1
"andeq r0, r1, r0",1
"andeq r0, pc, r0, asr r4",1
"andseq r2, r0, r0, lsl 8",1
"strpl r0, [r0, -0x100]",1
"andeq r1, r0, r4, lsr 32",1
"andeq r1, r0, ip, lsr 32",1
"mrrchs p0, 0, r0, r0, c1",1
"strmi r0, [r0], -0x10",1
invalid,1
"andeq r5, r0, r0, lsl 10",1
"andeq r0, r0, r0",1
"cdpeq p0, 0xd, c0, c12, c0, 0",1
svceq 0x200000,1
"andeq r0, r1, r0",1
"andseq r0, r0, fp, asr ip",1
"andseq r3, r0, r0, lsl 8",1
blpl 0x1a214,1
"andeq r1, r0, r8, lsr r0",1
"andeq r1, r0, r4, asr 32",1
"subseq r0, fp, r1",1
"andeq r0, r0, r0",1
invalid,1
"andeq r0, r0, lr",1
"stmdbeq r0, {r0, r1, r2, r3}",1
"movweq r7, 0x500",1
"andeq r5, r1, r0, lsr r7",1
"andne sb, ip, sb, lsr 30",1
"eorne r0, r4, r0",1
"andeq r0, sb, r0",1
"andlo r0, r3, r5, ror r0",1
"stmdbhs r0, {r0, r1, r2, r4, r6, r8}",1
"mulseq r0, pc, r8",1
"andseq r4, r0, r0, lsl 8",1
"strvc r0, [r0, -0x900]",1
"ldrpl r0, [r0, -r0, lsl 6]!",1
svcls 0x290001,1
"andeq r0, r0, r0",1
"andeq r0, r0, r0",1
"andeq r0, r0, r8, lsl 30",1
"andeq r0, r0, r4, lsl pc",1
"rsbseq r0, fp, r8",1
"tstlo ip, 0x70",1
svceq 0x149f24,1
svceq 0x1b0000,1
"andeq r0, r1, r0",1
"andeq r0, r0, r2, asr r0",1
"andeq r0, r0, r0",1
"andeq r0, pc, r0, lsl 16",1
"andeq r2, pc, r0",1
"andlo r0, r0, r0, lsl 4",1
"muleq r0, pc, r0",1
"andeq r0, r0, r0",1
"andeq r0, pc, r0, lsl 16",1
"andeq r1, pc, r0, lsl 16",1
"andvc r0, r0, r0, lsl 16",1
"strvc r3, [r4, -0x300]!",1
"ldmne pc, {sb, sp}",1
blne 0x19ef4,1
invalid,1
"strpl r0, [ip, -r0, lsl 6]!",1
"movwlo r0, 0x6001",1
"andhs r7, r0, 36, 10",1
"muleq r0, pc, r0",1
"andeq r0, r0, r0",1
"andeq r3, pc, r0, lsl 16",1
"andeq r7, pc, r0, lsl 22",1
invalid,1
"muleq r0, r0, pc",1
"andeq r0, r0, r7, lsr 31",1
"subseq r0, r1, r1",1
"andeq r0, r0, r0",1
invalid,1
"vst4.8 {d0, d1, d2, d3}, [r0]",1
invalid,1
svceq 0xf85700,1
"andne r0, ip, r0",1
"andeq r0, r1, r0",1
"andeq r0, r0, r7, asr r0",1
"andeq r0, r0, r0",1
"andeq r3, pc, r0, lsl 24",1
"andeq r5, pc, r0",1
"andpl r0, r0, r0, lsl 2",1
"andeq r0, r0, r0, asr pc",1
"andeq r0, r0, r8, ror 30",1
"ldmdavs r1, {r0} ^",1
invalid,1
"andeq r0, r0, 0x10",1
"subeq sb, r4, r0, lsl 2",1
"andeq r0, r0, r0",1
invalid,1
"andge r0, r0, pc",1
invalid,1
svceq 0xa05000,1
svceq 0xa70000,1
"andeq r0, r3, r0",1
"addseq r7, pc, r1, ror pc",1
"andeq r0, r0, r0",1
invalid,1
"strlt r0, [r0, -pc]",1
invalid,1
"andeq r5, r0, r0, lsl 2",1
"andeq r0, r0, r0",1
"subne r0, r4, r0",1
"subne r0, r8, r0",1
"andeq r0, r2, r0",1
"subne r0, r8, sp, ror r0",1
"rsbsne r0, r8, r0",1
"andeq r0, r2, r0",1
"andeq r1, r0, sp, ror r0",1
"andeq r0, r0, r0",1
"subne r0, r4, r0",1
"subne r0, pc, r0",1
"andeq r0, r1, r0",1
"andseq r4, r0, r0, asr pc",1
"andseq r7, r0, r0, lsl 16",1
"strpl r0, [r0, -0x100]",1
"andeq r0, r0, r0",1
"andeq r0, r0, r0",1
"andeq r1, r0, r8, ror r0",1
"andeq r1, r0, r4, lsl 1",1
"ldrbhi r0, [r0], -1",1
"andls r0, r0, r0, lsl r0",1
"streq r0, [r0], -0x10",1
"andpl pc, r1, r0, lsl 6",1
"muleq r0, pc, r0",1
"andeq r0, r0, r0",1
"andseq sb, r0, r0",1
"andseq sb, r0, r0, lsl 24",1
"andpl r0, r0, r0, lsl 2",1
"muleq r0, ip, r0",1
"andeq r1, r0, r8, lsr 1",1
invalid,1
"andeq sb, r0, r0, asr pc",1
"andeq r0, r0, r0",1
"adcne r0, r8, r0",1
"sbcne r0, r0, r0",1
"andeq r0, r2, r0",1
"sbcne r0, r0, sp, ror r0",1
"rscne r0, ip, r0",1
"andeq r0, r2, r0",1
"andeq r0, r0, sp, ror r4",1
"andeq r0, r0, r0",1
"adcne r0, r8, r0",1
"sbcne r0, ip, r0",1
"andeq r0, r1, r0",1
"andseq ip, r0, r0, asr ip",1
"andseq lr, r0, r0, lsl 24",1
"vshl.u8 d0, d0, d0",1
"addseq r5, pc, r1",1
"andeq r0, r0, r0",1
invalid,1
"stmdagt r0, {r4}",1
invalid,1
"sbcne r5, r8, r0, lsl 2",1
"rscne r0, ip, r0",1
"andeq r0, r4, r0",1
svcls 0x5101f3,1
"andeq r0, r0, r0",1
"andeq r0, r0, r0",1
"andeq r1, r0, r8, lsr 1",1
"ldrdeq r1, r2, [r0], -r0",1
"subsle r0, r2, r1",1
invalid,1
"streq r0, [r0], -0x10",1
"andpl pc, r1, 0, 6",1
"muleq r0, pc, r0",1
"andeq r0, r0, r0",1
"andseq sl, r0, r0, lsl 16",1
"andseq ip, r0, r0, lsl 16",1
invalid,1
"andeq r0, r0, r0",1
"andeq r0, r0, r0",1
"strheq r1, [r0], -r8",1
"strheq r1, [r0], -ip",1
"rsbseq r0, ip, 8",1
"rsbseq r2, r3, r2, lsr r4",1
"adcsne sb, ip, r2, lsr 30",1
"rscne r0, ip, r0",1
"andeq r0, r8, r0",1
"ldrths r0, [r2], -0x7c",1
svcls 0x220073,1
"andeq r0, r0, r0",1
"andeq r0, r0, r0",1
"andeq r1, r0, r8, asr 1",1
"ldrdeq r1, r2, [r0], -ip",1
"subseq r0, r1, r1",1
"andeq r0, r0, r0",1
invalid,1
invalid,1
invalid,1
"rscsne r5, r8, r0",1
invalid,1
"andeq r0, r1, r0",1
"andeq r0, r0, r3, asr r0",1
"andeq r0, r0, r0",1
"andseq r0, r1, r0, lsl 16",1
"andseq r0, r1, r0, lsl 24",1
"stcvc p2, c0, [r0, -0]",1
"andseq r0, r1, r0, lsl 24",1
"andseq r3, r1, r0, lsl 24",1
"stcvc p2, c0, [r0, -0]",1
"andeq r0, r0, r8",1
"andeq r0, r0, r0",1
"andseq r0, r1, r0, lsl 16",1
"andseq r1, r1, r0, lsl 16",1
"andpl r0, r0, r0, lsl 2",1
"andeq r1, r0, r8, lsl r1",1
"andeq r1, r0, r7, lsr r1",1
"ldrblo r0, [r0, -r1]",1
invalid,1
"movwne r0, 0x11",1
"ldmpl r8, {r8, sb}",1
invalid,1
"andpl pc, r1, r0, asr r3",1
invalid,1
svcls 0x131600,1
"andeq r0, r0, r0",1
"andeq r0, r0, r0",1
"andeq r1, r0, r8, lsl 2",1
"andeq r1, r0, r7, lsr r1",1
"ldrblo r0, [r1, -r1]",1
invalid,1
"streq r0, [r0], -0x11",1
"mrspl pc, sp_irq",1
"muleq r0, pc, r0",1
"andeq r0, r0, r0",1
"andseq r0, r1, r0, lsl 16",1
"andseq r3, r1, r0, lsl 14",1
"andpl r0, r0, 0, 2",1
"andeq r1, r0, r7, lsr r1",1
"andeq r1, r0, ip, lsr r1",1
invalid,1
"andeq sb, r0, r2, asr pc",1
"andeq r0, r0, r0",1
"teqne ip, r0",1
"mrsne r0, spsr",1
"andeq r0, r2, r0",1
hvc 0xd,1
"mrsne r0, spsr",1
"andeq r0, r2, r0",1
hvc 0x420d,1
"movsne r0, r0",1
"andeq r0, r2, r0",1
"andeq r3, r0, sp, ror r8",1
"andeq r0, r0, r0",1
"teqne ip, r0",1
"cmpne r0, r0",1
"andeq r0, r1, r0",1
"andseq r5, r1, r0, asr r0",1
"andseq fp, r1, r0, lsl 16",1
"strpl r0, [r0, -r0, lsl 2]",1
"andeq r0, r0, r0",1
"andeq r0, r0, r0",1
"andeq r1, r0, ip, lsr r1",1
"andeq r1, r0, r7, ror 2",1
"ldrbvs r0, [r1, -r1]",1
"stmdalt r0, {r0, r4}",1
invalid,1
"andeq r5, r0, r0, lsl 18",1
"andeq r0, r0, r0",1
"teqne ip, r0",1
invalid,1
"andeq r0, r1, r0",1
"andseq r6, r1, r2, asr r7",1
"andseq fp, r1, r0, lsl 16",1
bpl 0x1a5f8,1
"andeq r0, r0, r0",1
"andeq r0, r0, r0",1
"andeq r1, r0, ip, lsr r1",1
"andeq r1, r0, r7, ror 2",1
"ldrbvs r0, [r3, -r1]",1
"stmdalt r0, {r0, r4}",1
invalid,1
"andeq r5, r0, r0, lsl 16",1
"andeq r0, r0, r0",1
"movsne r0, r0",1
"movsne r0, r0",1
"andeq r0, r2, r0",1
invalid,1
"bicne r0, r4, r0",1
"andeq r0, r2, r0",1
"bicne r2, r4, sp, ror r4",1
"rsbsne r0, r0, 0",1
"andeq r0, r3, r0",1
"andeq ip, r0, sp, ror r8",1
"andeq r0, r0, r0",1
invalid,1
"smladle r0, r1, r0, r0",1
invalid,1
"bicsne r5, r7, r0",1
"rsbsne r0, r0, 0",1
"andeq r0, r1, r0",1
"andeq r0, r0, r6, asr r0",1
"andeq r0, r0, r0",1
"andseq fp, r1, r0, lsl 16",1
"andseq sp, r1, r0, lsl 14",1
invalid,1
"ldrdeq r1, r2, [r0], -r7",1
"andeq r1, r0, r0, ror r2",1
"subseq r0, r5, r1",1
"andeq r0, r0, r0",1
invalid,1
"smladle r0, r1, r0, r0",1
invalid,1
"bicsne r5, r7, r0, lsl 4",1
"rsbsne r0, r0, 0",1
"andeq r0, r4, r0",1
svcls 0x5201f3,1
"andeq r0, r0, r0",1
"andeq r0, r0, r0",1
"ldrdeq r1, r2, [r0], -r4",1
"ldrdeq r1, r2, [r0], -r7",1
"ldrble r0, [r2, -r1]",1
"andvc r0, r0, r1, lsl r0",1
"streq r0, [r0], -0x12",1
"andpl pc, r1, 0, 6",1
"muleq r0, pc, r0",1
"andeq r0, r0, r0",1
"andseq sp, r1, r0, lsl 8",1
"andseq sp, r1, r0, lsl 14",1
invalid,1
"ldrdeq r1, r2, [r0], -r7",1
"andeq r1, r0, r0, ror r2",1
"subseq r0, r5, r1",1
"andeq r0, r0, r0",1
"strle r0, [r0], -0",1
"smladle r0, r1, r0, r0",1
invalid,1
"bicsne r5, r7, r0",1
"rsbsne r0, r0, 0",1
"andeq r0, r1, r0",1
"andeq r0, r0, r6, asr r0",1
"andeq r0, r0, r0",1
"andseq lr, r1, r0, lsl 8",1
"andseq r1, r2, r0, lsl 22",1
invalid,1
"andeq r0, r0, r0",1
"andeq r0, r0, r0",1
"andeq r1, r0, r0, ror r2",1
"andeq r1, r0, r4, ror r2",1
"rsbseq r0, sp, r2",1
"andeq r1, r0, r4, ror r2",1
"andeq r1, r0, ip, ror r2",1
"ldrbths r0, [sp], -2",1
"andeq r1, r0, ip, ror r2",1
"andeq r1, r0, ip, lsr r3",1
"ldmdagt sp!, {r0, r1} ^",1
"andeq r0, r0, r0",1
"andeq r0, r0, r0",1
"andseq r7, r2, r0",1
"andseq sb, r2, r0, lsl 6",1
"andpl r0, r0, r0, lsl 2",1
"muleq r0, r3, r2",1
"andeq r1, r0, ip, lsr r3",1
"subseq r0, r7, r1",1
"andeq r0, r0, r0",1
"andvc r0, r0, r0",1
"movwls r0, 0x12",1
invalid,1
"addsne r5, r3, 0, 2",1
"teqne ip, 0",1
"andeq r0, r1, r0",1
"andeq r0, r0, r6, asr r0",1
"andeq r0, r0, r0",1
"andseq r7, r2, r0",1
"andseq sb, r2, r0, lsl 6",1
"andpl r0, r0, 0, 2",1
"muleq r0, r3, r2",1
"andeq r1, r0, ip, lsr r3",1
"subseq r0, r5, r1",1
"andeq r0, r0, r0",1
"andvc r0, r0, r0",1
"movwls r0, 0x12",1
invalid,1
"addsne r5, r3, 0, 6",1
"teqne ip, 0",1
"andeq r0, r4, r0",1
svcls 0x5301f3,1
"andeq r0, r0, r0",1
"andeq r0, r0, r0",1
"andeq r1, r0, ip, asr 5",1
"ldrdeq r1, r2, [r0], -r4",1
"ldrble r0, [r2], -1",1
"smladle r0, r2, r0, r0",1
"andeq r0, r0, 0x12",1
"strle r7, [r0, -r0, lsl 16]",1
invalid,1
"andeq r0, r0, 0x13",1
"subeq sb, ip, r0, lsl 2",1
"andeq r0, r0, r0",1
invalid,1
bl 0x1a438,1
invalid,1
"rscne r5, fp, 0, 2",1
"teqne ip, 0",1
"andeq r0, r3, r0",1
"addseq r0, pc, fp, ror r1",1
"andeq r0, r0, r0",1
invalid,1
"andmi r0, r0, r3, lsl r0",1
"andeq r0, r0, 0x13",1
"andmi r7, r0, r0, lsl 26",1
"strgt r0, [r0], -0x13",1
"andeq r0, r0, 0x13",1
"andseq r7, r8, r0, lsl 26",1
"andeq r0, r0, r0",1
invalid,1
invalid,1
"andeq r0, r0, 0x13",1
"ldmvs pc, {r8, ip, sp}",1
"strvc r0, [r0], -0x13",1
invalid,1
"andeq r5, r0, r0, lsl 8",1
"andeq r0, r0, r0",1
"bicne r0, r4, 0",1
"bicne r0, pc, 0",1
"andeq r0, r1, r0",1
"andseq ip, r3, r0, asr pc",1
"andseq sp, r3, r0, lsl 8",1
"vshl.u8 d0, d0, d0",1
"addseq r5, pc, r1",1
"andeq r0, r0, r0",1
"strgt r0, [r0], -0",1
svcgt 0x13,1
invalid,1
"bicne r5, pc, 0, 2",1
"bicsne r0, r4, 0",1
"andeq r0, r4, r0",1
svcls 0x5101f3,1
"andeq r0, r0, r0",1
"andeq r0, r0, r0",1
"ldrdeq r1, r2, [r0], -r4",1
"ldrdeq r1, r2, [r0], -fp",1
blle 0x141a49c,1
"and r0, r0, r3, lsl r0",1
"streq r0, [r0], -0x13",1
"andpl pc, r1, r0, lsl 6",1
"muleq r0, pc, r0",1
"andeq r0, r0, r0",1
"andseq sp, r3, r0, lsl 8",1
"andseq sp, r3, r0, lsl 22",1
invalid,1
"ldrdeq r1, r2, [r0], -fp",1
"andeq r1, r0, r0, ror 7",1
invalid,1
"andeq sb, r0, r1, asr pc",1
"andeq r0, r0, r0",1
"bicsne r0, r4, 0",1
"bicsne r0, fp, 0",1
"andeq r0, r1, r0",1
"andseq sp, r3, r2, asr fp",1
"andseq lr, r3, r0",1
"vshl.u8 d0, d0, d0",1
"addseq r5, pc, r1, lsl 4",1
"andeq r0, r0, r0",1
"and r0, r0, r0",1
invalid,1
invalid,1
"mvnsne r5, 0",1
invalid,1
"andeq r0, r1, r0",1
"andseq pc, r3, r1, asr r3",1
"andseq pc, r3, r0, lsl 16",1
"vshl.u8 d0, d0, d0",1
"addseq r5, pc, r1",1
"andeq r0, r0, r0",1
invalid,1
invalid,1
invalid,1
"mvnsne r5, 0",1
invalid,1
"andeq r0, r1, r0",1
"andseq pc, r3, r1, asr r3",1
"andseq pc, r3, r0, lsl 16",1
"vshl.u8 d0, d0, d0",1
"addseq r5, pc, r1",1
"andeq r0, r0, r0",1
invalid,1
invalid,1
invalid,1
"strne r5, [ip], -0",1
"strne r0, [pc], -0",1
"andeq r0, r1, r0",1
"andseq r0, r4, r1, asr pc",1
"andseq r1, r4, r0, lsl 8",1
"vshl.u8 d0, d0, d0",1
"addseq r5, pc, r1",1
"andeq r0, r0, r0",1
invalid,1
"streq r0, [r0], -0x13",1
invalid,1
"strne r5, [r4], -0x100",1
"strne r0, [pc], -0",1
"andeq r0, r1, r0",1
"andseq r0, r4, r2, asr pc",1
"andseq r1, r4, r0, lsl 8",1
"vshl.u8 d0, d0, d0",1
"addseq r5, pc, r1, lsl 2",1
"andeq r0, r0, r0",1
"andeq r0, r0, r0",1
"streq r0, [r0], -0x14",1
invalid,1
"strne r5, [r4], -0x100",1
"strne r0, [pc], -0",1
"andeq r0, r1, r0",1
"andseq r0, r4, r2, asr pc",1
"andseq r1, r4, r0, lsl 8",1
"vshl.u8 d0, d0, d0",1
"addseq r5, pc, r1, lsl 2",1
"andeq r0, r0, r0",1
invalid,1
invalid,1
invalid,1
"strne r5, [ip], -0",1
"strne r0, [pc], -0",1
"andeq r0, r1, r0",1
"andseq r0, r4, r1, asr pc",1
"andseq r1, r4, r0, lsl 8",1
"vshl.u8 d0, d0, d0",1
"addseq r5, pc, r1",1
"andeq r0, r0, r0",1
"strne r0, [r0], -0",1
"stmdane r0, {r2, r4}",1
"andeq r0, r0, 0x14",1
"stmdane r0, {r8, sl, fp, ip, sp, lr}",1
"andhs r0, r0, r4, lsl r0",1
"andeq r0, r0, 0x14",1
"andhs r7, ip, r0, lsl 26",1
"andge r0, r0, r4, lsl r0",1
"movweq r0, 0x14",1
"rscseq r7, r0, r0, lsl 26",1
"andeq r0, r0, r0",1
"andeq r0, r0, r0",1
"andeq r1, r0, r4, lsl r4",1
"andeq r1, r0, ip, ror 8",1
"mrrcvs p0, 0, r0, r0, c1",1
invalid,1
invalid,1
"ldrne r5, [ip], 0x500",1
"ldrne r0, [pc], 0           ; [0x1a640:4]=0x149f50",1
"andeq r0, r1, r0",1
"andseq sb, r4, r0, asr pc",1
"andseq sl, r4, r0",1
"strpl r0, [r0, -0x100]",1
"andeq r0, r0, r0",1
"andeq r0, r0, r0",1
"andeq r1, r0, r4, lsl r4",1
"andeq r1, r0, ip, ror 8",1
"mrrcvs p0, 0, r0, r1, c1",1
"strvc r0, [r0], -0x14",1
invalid,1
"ldrbtne r5, [r4], -0",1
"ldrne r0, [r3], 0",1
"andeq r0, r2, r0",1
"ldrne r0, [r3], 0x7d",1
"ldrne r0, [ip], 0",1
"andeq r0, r3, r0",1
"ldclls p8, c11, [pc], -0x244",1
svcls 0x14,1
invalid,1
"ldrne r5, [pc], 0x100       ; [0x1a694:4]=0x40000",1
"strtne r0, [r0], 0",1
"andeq r0, r4, r0",1
svcls 0x5101f3,1
"andeq r0, r0, r0",1
"andeq r0, r0, r0",1
"andeq r1, r0, r4, lsl r4",1
"andeq r1, r0, ip, ror 8",1
"mrrcvs p0, 0, r0, r2, c1",1
invalid,1
invalid,1
"ldrne r5, [ip], 0x400",1
"ldrne r0, [pc], 0           ; [0x1a6c4:4]=0x149f52",1
"andeq r0, r1, r0",1
"andseq sb, r4, r2, asr pc",1
"andseq sl, r4, r0",1
"strpl r0, [r0], -0x100",1
"andeq r0, r0, r0",1
"andeq r0, r0, r0",1
"andeq r1, r0, r0, lsr 9",1
"andeq r1, r0, r4, lsr 9",1
"rsbseq r0, sp, r2",1
"andeq r1, r0, r4, lsr 9",1
"andeq r1, r0, ip, lsr 9",1
"rsbsne r0, sp, r2",1
"andeq r1, r0, ip, lsr 9",1
"andeq r1, r0, r0, lsr r5",1
invalid,1
"andeq r0, r0, r0",1
"andeq r0, r0, r0",1
"andseq sl, r4, r0",1
"andseq pc, r4, r0, lsl 24",1
"andpl r0, r0, r0, lsl 2",1
"strdeq r1, r2, [r0], -ip",1
"andeq r1, r0, ip, lsr 10",1
"mrrchs p0, 0, r0, r6, c1",1
svchs 0x15,1
invalid,1
"strne r5, [0x0001a72c]!",1
"ldrne r0, [r0, -0]!",1
"andeq r0, r1, r0",1
"andeq r0, r0, r6, asr r0",1
"andeq r0, r0, r0",1
"andseq sl, r4, r0",1
"andseq pc, r4, r0, lsl 24",1
invalid,1
"strdeq r1, r2, [r0], -ip",1
"andeq r1, r0, r4, lsl 10",1
"ldrbeq r0, [r0], -1",1
"movwhs r0, 0x15",1
"andeq r0, r0, 0x15",1
"movwhs r7, 0xd00",1
invalid,1
"movweq r0, 0x15",1
svcvc 0xb89100,1
"andeq r1, r0, ip, lsr 10",1
"andeq r1, r0, pc, lsr 10",1
svchs 0x510001,1
"andlo r0, r0, r5, lsl r0",1
"streq r0, [r0], -0x15",1
"mrspl pc, sp_irq",1
"muleq r0, pc, r0",1
"andeq r0, r0, r0",1
"andseq sl, r4, r0",1
"andseq pc, r4, r0, lsl 24",1
"andpl r0, r0, 0, 2",1
"strdeq r1, r2, [r0], -ip",1
"andeq r1, r0, ip, lsr 10",1
"mrrchs p0, 0, r0, r5, c1",1
svchs 0x15,1
invalid,1
"strne r5, [0x0001a5b0]!",1
"ldrne r0, [r0, -0]!",1
"andeq r0, r1, r0",1
"andeq r0, r0, r5, asr r0",1
"andeq r0, r0, r0",1
"andseq sl, r4, r0",1
"andseq pc, r4, r0, lsl 24",1
"movwpl r0, 0x100",1
"strdeq r1, r2, [r0], -ip",1
"andeq r1, r0, ip, lsr 10",1
"mrrchs p0, 0, r0, r4, c1",1
svchs 0x15,1
invalid,1
"strne r5, [0x0001a4e4]!",1
"ldrne r0, [r0, -0]!",1
"andeq r0, r1, r0",1
"andeq r0, r0, r4, asr r0",1
"andeq r0, r0, r0",1
"andseq r3, r5, r0",1
"andseq r3, r5, r0, lsl 8",1
"stcvc p2, c0, [r0, -0]",1
"andseq r3, r5, r0, lsl 8",1
"andseq r3, r5, r0, lsl 24",1
"stcvc p2, c0, [r0, -0]",1
"andseq r3, r5, ip, lsl 24",1
"andseq fp, r5, r0, lsl 16",1
"stcvc p3, c0, [r0, -0]",1
"strdeq r0, r1, [r0], -r0",1
"andeq r0, r0, r0",1
"ldrne r0, [r0, -0]!",1
"strne r0, [ip]",1
"andeq r0, r1, r0",1
"andseq r8, r5, r0, asr ip",1
"andseq sl, r5, r0, lsl 22",1
"stcvc p2, c0, [r0, -0]",1
"andseq sl, r5, r0, lsl 22",1
"andseq fp, r5, r0, lsl 8",1
"mrsls r0, lr_irq",1
"ldrne r7, [r4, 0xfb8]!",1
"ldrne r0, [r7, 0]!",1
"andeq r0, r1, r0",1
"andseq fp, r5, r0, asr r7",1
"andseq fp, r5, r0, lsl 16",1
"vshl.u8 d0, d0, d0",1
"addseq r5, pc, r1",1
"andeq r0, r0, r0",1
"andlo r0, r0, r0",1
"strhi r0, [r0], -0x15",1
invalid,1
"strne r5, [r4, 0x100]",1
"ldrne r0, [r4, 0]!",1
"andeq r0, r1, r0",1
"andseq fp, r5, r5, asr r4",1
"andseq fp, r5, r0, lsl 14",1
invalid,1
"strheq r1, [r0], -r7",1
"strheq r1, [r0], -r8",1
"subseq r0, r5, r1",1
"andeq r0, r0, r0",1
"strmi r0, [r0], -0",1
"strhi r0, [r0], -0x15",1
invalid,1
"strne r5, [r4, 0x100]",1
"ldrne r0, [r4, 0]!",1
"andeq r0, r1, r0",1
"andseq fp, r5, r5, asr r4",1
"andseq fp, r5, r0, lsl 14",1
invalid,1
"strheq r1, [r0], -r7",1
"strheq r1, [r0], -r8",1
"subseq r0, r5, r1",1
"andeq r0, r0, r0",1
"strmi r0, [r0], -0",1
invalid,1
invalid,1
"strne r5, [ip]",1
"strne r0, [fp, 0]!",1
"andeq r0, r2, r0",1
"strne r0, [fp, 0x7d]!",1
"ldrne r0, [r4, 0]!",1
"andeq r0, r3, r0",1
"ldrbtlt fp, [pc], -0x891    ; [0x1a8f4:4]=0x1000015",1
"smladlt r0, r5, r0, r0",1
invalid,1
"ldrne r5, [r7, 0]!",1
"ldrne r0, [r8, 0]!",1
"andeq r0, r4, r0",1
svcls 0x5001f3,1
"andeq r0, r0, r0",1
"andeq r0, r0, r0",1
"strheq r1, [r0], -r8",1
"strheq r1, [r0], -ip",1
"rsbseq r0, sp, r2",1
"strheq r1, [r0], -ip",1
"andeq r1, r0, r4, asr 11",1
"rsbsne r0, sp, r2",1
"andeq r1, r0, r4, asr 11",1
"andeq r1, r0, r4, asr 12",1
invalid,1
"andeq r0, r0, r0",1
"andeq r0, r0, r0",1
"andseq fp, r5, r0, lsl 16",1
"andseq r1, r6, r0, lsl 16",1
"andpl r0, r0, r0, lsl 2",1
"andeq r1, r0, r8, lsl r6",1
"andeq r1, r0, r7, lsr r6",1
"rsbseq r0, sp, r2",1
"andeq r1, r0, r7, lsr r6",1
"andeq r1, r0, r0, asr 12",1
"ldmlt r1, {r0, r1}",1
"andseq r4, r6, pc, ror r0",1
"andseq r4, r6, r0, lsl 6",1
"andpl r0, r0, r0, lsl 2",1
"andeq r1, r0, r3, asr 12",1
"andeq r1, r0, r4, asr 12",1
invalid,1
"andeq sb, r0, r0, asr pc",1
"andeq r0, r0, r0",1
"ldrne r0, [r8, 0]!",1
"ldrne r0, [r0], -r0",1
"andeq r0, r1, r0",1
"andseq r1, r6, r1, asr r0",1
"andseq r4, r6, r0",1
"strpl r0, [r0], -r0, lsl 2",1
"andeq r1, r0, r0, asr 12",1
"andeq r1, r0, r3, asr 12",1
"cmpmi r1, 1",1
"strmi r0, [r0], -0x16",1
invalid,1
"andeq r5, r0, r0, lsl 12",1
"andeq r0, r0, r0",1
"ldrne r0, [r8, 0]!",1
"ldrne r0, [r0], -r0",1
"andeq r0, r1, r0",1
"andseq r1, r6, r2, asr r0",1
"andseq r4, r6, r0",1
"strpl r0, [r0, -0x100]",1
"andeq r1, r0, r0, asr 12",1
"andeq r1, r0, r3, asr 12",1
"cmpmi r2, 1",1
"strmi r0, [r0], -0x16",1
invalid,1
"andeq r5, r0, r0, lsl 10",1
"andeq r0, r0, r0",1
"ldrbne r0, [r0]",1
"ldrne r0, [r0], -r0",1
"andeq r0, r1, r0",1
"andseq r1, r6, r2, asr r0",1
"andseq r4, r6, r0",1
"strpl r0, [r0, -0x100]",1
"andeq r1, r0, r0, asr 12",1
"andeq r1, r0, r3, asr 12",1
"cmpmi r2, 1",1
"strmi r0, [r0], -0x16",1
invalid,1
"andeq r5, r0, r0, lsl 10",1
"andeq r0, r0, r0",1
"strbne r0, [ip]",1
"ldrne r0, [r0], -r0",1
"andeq r0, r1, r0",1
"andseq r1, r6, r1, asr r0",1
"andseq r4, r6, r0",1
"strpl r0, [r0], -r0, lsl 2",1
"andeq r1, r0, r0, asr 12",1
"andeq r1, r0, r3, asr 12",1
"cmpmi r1, 1",1
"strmi r0, [r0], -0x16",1
invalid,1
"andeq r5, r0, r0, lsl 12",1
"andeq r0, r0, r0",1
"ldrbne r0, [r0]",1
"ldrne r0, [r8], -r0",1
"andeq r0, r1, r0",1
"andseq r1, r6, r0, asr r8",1
"andseq r3, r6, r0, lsl 14",1
"stcvc p2, c0, [r0, -0]",1
"andseq r3, r6, r0, lsl 14",1
"andseq r4, r6, r0",1
"mrsls r0, lr_irq",1
invalid,1
"strbne r0, [r3], -r0",1
"andeq r0, r1, r0",1
"andseq r4, r6, r0, asr r3",1
"andseq r4, r6, r0, lsl 8",1
"vshl.u8 d0, d0, d0",1
"addseq r5, pc, r1",1
"andeq r0, r0, r0",1
"strmi r0, [r0], -0",1
"stmdami r0, {r1, r2, r4}",1
"andeq r0, r0, 0x16",1
"stmdami r0, {r8, sl, fp, ip, sp, lr}",1
"andpl r0, r0, r6, lsl r0",1
"andeq r0, r0, 0x16",1
"andspl r7, r0, r0, lsl 26",1
"strgt r0, [r0], -0x16",1
"movweq r0, 0x16",1
"sbceq r7, r0, r0, lsl 26",1
"andeq r0, r0, r0",1
"andeq r0, r0, r0",1
"andeq r1, r0, r4, asr 12",1
"andeq r1, r0, r4, ror 12",1
"ldrbvs r0, [r0], -1",1
"strgt r0, [r0], -0x16",1
invalid,1
"andeq r5, r0, r0, lsl 12",1
"andeq r0, r0, r0",1
"strbne r0, [r4], -r0",1
"strbtne r0, [r4], -r0",1
"andeq r0, r1, r0",1
"andseq r6, r6, r1, asr r4",1
"andseq ip, r6, r0, lsl 8",1
"strpl r0, [r0, -0x100]",1
"andeq r0, r0, r0",1
"andeq r0, r0, r0",1
"andeq r1, r0, r4, asr 12",1
"andeq r1, r0, r4, ror 12",1
"ldrbvs r0, [r2], -1",1
"strgt r0, [r0], -0x16",1
"streq r0, [r0], -0x16",1
"andpl pc, r1, 0, 6",1
"muleq r0, pc, r0",1
"andeq r0, r0, r0",1
"andseq r7, r6, r0, lsl 16",1
"andseq sb, r6, r0",1
"strpl r0, [r0], -0x100",1
"andeq r0, r0, r0",1
"andeq r0, r0, r0",1
"andeq r1, r0, ip, ror r6",1
"andeq r1, r0, r4, lsl 13",1
"rsbseq r0, ip, 0xb",1
"ldcvc p4, c2, [r1], {0x32}",1
"mcrrne p8, 2, r0, r4, c2",1
"mulseq r6, pc, r4",1
"andseq r8, r6, r0, lsl 16",1
invalid,1
invalid,1
"strmi r2, [r8], -0x27c",1
"pkhbtne sb, r8, ip, lsl 0x1e",1
"ldrne r0, [r0], r0",1
"andeq r0, pc, r0",1
"ldrhs r0, [r5, -0x74]!",1
"ldrths r0, [r2], -0x223",1
"stmdaeq r2!, {r0, r4, r7, sl, fp, ip, sp, lr}",1
"addseq r1, pc, r4, asr 24",1
"andeq r0, r0, r0",1
"andls r0, r0, r0",1
"andge r0, r0, r6, lsl r0",1
invalid,1
"andeq r5, r0, r0, lsl 8",1
"andeq r0, r0, r0",1
"ldrne r0, [r0], r0",1
"ldrne r0, [r8], r0",1
"andeq r0, r8, r0",1
"rsbseq r0, r4, r3, ror r0",1
svcls 0x1a3125,1
"muleq r0, r8, r6",1
"muleq r0, ip, r6",1
"mrrcls p0, 0, r0, r2, c1",1
"stmdage r0, {r1, r2, r4}",1
"streq r0, [r0, -0x16]",1
"mrslo r7, r8_usr",1
"andeq sb, r0, r7, lsr 30",1
"andeq r0, r0, r0",1
"strbne r0, [r4], r0",1
"strbne r0, [r8], r0",1
"andeq r0, r2, r0",1
"uxtab16ne r0, r8, sp",1
"ldrbne r0, [r0], r0",1
"andeq r0, r2, r0",1
invalid,1
"strbne r0, [r0, -r0]",1
"andeq r0, r3, r0",1
"andeq ip, r0, sp, ror r0",1
"andeq r0, r0, r0",1
"strgt r0, [r0], -0",1
"and r0, r0, r6, lsl r0",1
invalid,1
"strbtne r5, [r0], r0",1
"strbne r0, [r0, -r0]",1
"andeq r0, r1, r0",1
"andeq r0, r0, r5, asr r0",1
"andeq r0, r0, r0",1
"andseq ip, r6, r0, lsl 8",1
"andseq lr, r6, r0",1
invalid,1
"andeq r1, r0, r0, ror 13",1
"andeq r1, r0, r0, asr 14",1
invalid,1
"andeq sb, r0, r1, asr pc",1
"andeq r0, r0, r0",1
"ldrbne r0, [ip], r0",1
"strbtne r0, [r0], r0",1
"andeq r0, r1, r0",1
"andseq lr, r6, r1, asr r0",1
"andseq r0, r7, r0, lsl 24",1
"strpl r0, [r0], -0x100",1
"andeq r0, r0, r0",1
"andeq r0, r0, r0",1
"ldrdeq r1, r2, [r0], -ip",1
"andeq r1, r0, r0, ror 13",1
"subs r0, r0, r1",1
"andmi r0, r0, r6, lsl r0",1
invalid,1
"andeq r5, r0, r0, lsl 10",1
"andeq r0, r0, r0",1
"ldrbtne r0, [r4], r0",1
"strne r0, [ip, -r0]",1
"andeq r0, r1, r0",1
"andeq r0, r0, r4, asr r0",1
"andeq r0, r0, r0",1
"andseq pc, r6, r0, lsl 16",1
"andseq r0, r7, r0",1
invalid,1
invalid,1
"strmi r2, [r8], -0x27c",1
"smladne r0, ip, pc, sb",1
"strne r0, [r4, -r0]",1
"andeq r0, fp, r0",1
"ldrths r0, [r2], -0x7c",1
"stmdaeq r2!, {r0, r4, r7, sl, fp, ip, sp, lr}",1
"ldreq r1, [pc], 0xc44       ; [0x1acb0:4]=0xf000017",1
invalid,1
svceq 0x17,1
"strlo r7, [r0, -0x400]",1
"andlo r2, r2, 0x94000000",1
"rsbshs sb, ip, 36, 2",1
svcls 0x1c4408,1
"andeq r0, r0, r0",1
"andeq r0, r0, r0",1
"andeq r1, r0, ip, lsl 14",1
"andeq r1, r0, ip, lsl r7",1
"subseq r0, r4, r1",1
"andeq r0, r0, r0",1
invalid,1
"strne r0, [r0], -0x17",1
"stmdaeq r0, {r0, r1, r2, r4}",1
"strvc r7, [r0], -0x300",1
bne 0xc640f4,1
"mulseq r7, pc, r4",1
"andseq r1, r7, r0, lsl 16",1
"andpl r0, r0, 0, 2",1
"andeq r1, r0, r8, lsl r7",1
"andeq r1, r0, r4, lsr 14",1
"rsbseq r0, r2, r5",1
"addseq r2, pc, r1, lsr r7",1
"andeq r0, r0, r0",1
"andmi r0, r0, r0",1
"strmi r0, [r0], -0x17",1
"andeq r0, r0, 0x17",1
"strmi r7, [r0], -0xd00",1
invalid,1
"andeq r0, r0, 0x17",1
invalid,1
"strge r0, [r0], -0x17",1
"andeq r0, r0, 0x17",1
"eorseq r7, r8, r0, lsl 26",1
"andeq r0, r0, r0",1
"andmi r0, r0, r0",1
"stmdapl r0, {r0, r1, r2, r4}",1
invalid,1
"ldrbne r5, [r8, -r0]",1
"strne r0, [r4, r0]!",1
"andeq r0, r1, r0",1
"andeq r0, r0, r4, asr r0",1
"andeq r0, r0, r0",1
"andseq r5, r7, r0, lsl 8",1
"andseq r5, r7, r0, lsl 16",1
"andpl r0, r0, r0, lsl 2",1
"andeq r1, r0, r8, asr r7",1
"andeq r1, r0, r4, lsr 15",1
"subseq r0, r4, r1",1
"andeq r0, r0, r0",1
"andvc r0, r0, r0",1
invalid,1
"smladeq r0, r7, r0, r0",1
bmi 0x3798c,1
svcls 0x1a3125,1
"andeq r1, r0, ip, ror r7",1
"andeq r1, r0, r0, lsl 15",1
"subshi r0, ip, r1",1
"strhi r0, [r0], -0x17",1
"streq r0, [r0, -0x17]",1
invalid,1
"strne sb, [r4, r7, lsr 30]",1
"strne r0, [ip, r0]",1
"andeq r0, r7, r0",1
"strbhs r0, [sl, -0x73]",1
"vldmiahi pc, {s2, s3, s4, s5, s6, s7, s8, s9, s10, s11, s12, s13, s14, s15, s16, s17, s18, s19, s20, s21, s22, s23, s24, s25, s26, s27, s28, s29, s30, s31}",1
"smladls r0, r7, r0, r0",1
"stmdaeq r0, {r0, r1, r2, r4}",1
"strbeq sb, [ip], -r0, lsl 2",1
bne 0xc642f4,1
"muleq r0, pc, r0",1
"andeq r0, r0, r0",1
"andseq sl, r7, r0, lsl 8",1
"andseq sl, r7, r0, lsl 16",1
"stcvc p2, c0, [r0, -0]",1
"andseq sl, r7, r0, lsl 16",1
"andseq fp, r7, r0",1
"stcvc p2, c0, [r0, -0]",1
"andseq fp, r7, ip",1
"andseq r0, r8, r0, lsl 24",1
"stcvc p3, c0, [r0, -0]",1
"andeq r0, r0, r0, asr 1",1
"andeq r0, r0, r0",1
"strne r0, [r4, r0]!",1
"strbne r0, [r0, r0]",1
"andeq r0, r1, r0",1
"andseq ip, r7, r0, asr r0",1
"andseq r0, r8, r0, lsl 24",1
"strpl r0, [r0, -0x100]",1
"andeq r0, r0, r0",1
"andeq r0, r0, r0",1
"andeq r1, r0, r4, lsr 15",1
"andeq r1, r0, r0, asr 15",1
"subsgt r0, r1, r1",1
invalid,1
invalid,1
"andeq r5, r0, r0, lsl 8",1
"andeq r0, r0, r0",1
"ldrne r0, [ip, r0]!",1
"strbne r0, [r0, r0]",1
"andeq r0, r1, r0",1
"andseq ip, r7, r1, asr r0",1
"andseq r0, r8, r0, lsl 24",1
"strpl r0, [r0], -0x100",1
"andeq r0, r0, r0",1
"andeq r0, r0, r0",1
"strheq r1, [r0], -r8",1
"andeq r1, r0, r0, asr 15",1
"subsgt r0, r0, r1",1
invalid,1
invalid,1
"andeq r5, r0, r0, lsl 10",1
"andeq r0, r0, r0",1
"ldrbne r0, [r8, r0]",1
"strbne r0, [r4, r0]!",1
"andeq r0, r7, r0",1
"strbhs r0, [sl, -0x73]",1
"ldr r1, [pc], 0xa31         ; [0x1ae8c:4]=0x1000017",1
"stmda r0, {r0, r1, r2, r4}",1
invalid,1
"strbne r5, [r8, r0, lsl 24]!",1
"strbne r0, [ip, r0]!",1
"andeq r0, r5, r0",1
invalid,1
"mulseq r7, pc, ip",1
"andseq pc, r7, r0, lsl 8",1
"movwvc r0, 0x700",1
invalid,1
invalid,1
"ldrbne r0, [0x0001aebc]!    ; [0x1aebc:4]=0x4a064491",1
"andeq r0, r8, r0",1
bmi 0x1ac108,1
svcls 0x1a3125,1
"andeq r0, r0, r0",1
"andeq r0, r0, r0",1
"andeq r1, r0, ip, lsl 16",1
"andeq r1, r0, r0, lsl r8",1
"rsbseq r0, sp, r2",1
"andeq r1, r0, r0, lsl r8",1
"andeq r1, r0, r8, lsl r8",1
"ldrbtne r0, [sp], -2",1
"andeq r1, r0, r8, lsl r8",1
"andeq r1, r0, r4, lsl 17",1
"ldmdagt sp!, {r0, r1} ^",1
"andeq r0, r0, r0",1
"andeq r0, r0, r0",1
"andseq r0, r8, r0, lsl 24",1
"andseq r3, r8, r0",1
"andpl r0, r0, r0, lsl 2",1
"andeq r1, r0, r0, lsr r8",1
"andeq r1, r0, r4, lsl 17",1
"subseq r0, r7, r1",1
"andeq r0, r0, r0",1
invalid,1
"andlo r0, r0, r8, lsl r0",1
invalid,1
"ldmdane r0!, {r8, ip, lr}",1
invalid,1
"andeq r0, r1, r0",1
"andeq r0, r0, r5, asr r0",1
"andeq r0, r0, r0",1
"andseq r0, r8, r0, lsl 24",1
"andseq r3, r8, r0",1
"andpl r0, r0, 0, 2",1
"andeq r1, r0, r0, lsr r8",1
"andeq r1, r0, r4, lsl 17",1
"subseq r0, r4, r1",1
"andeq r0, r0, r0",1
invalid,1
"andlo r0, r0, r8, lsl r0",1
invalid,1
"ldmdane r0!, {r8, sb, ip, lr}",1
invalid,1
"andeq r0, r1, r0",1
"andeq r0, r0, r6, asr r0",1
"andeq r0, r0, r0",1
"andseq r2, r8, r0, lsl 24",1
"andseq r3, r8, r0",1
"movwpl r0, 0x100",1
"andeq r1, r0, r0, lsr r8",1
"andeq r1, r0, r4, lsl 17",1
"subseq r0, r6, r1",1
"andeq r0, r0, r0",1
invalid,1
"andlo r0, r0, r8, lsl r0",1
invalid,1
"ldmdane r0!, {sb, ip, lr}",1
invalid,1
"andeq r0, r1, r0",1
"andeq r0, r0, r4, asr r0",1
"andeq r0, r0, r0",1
"andseq r2, r8, r0, lsl 16",1
"andseq r3, r8, r0",1
invalid,1
"andeq r1, r0, r0, lsr r8",1
"andeq r1, r0, r4, lsl 17",1
"subseq r0, r5, r1",1
"andeq r0, r0, r0",1
invalid,1
"andlo r0, r0, r8, lsl r0",1
invalid,1
"ldmdane r0!, {ip, lr}",1
invalid,1
"andeq r0, r1, r0",1
"andeq r0, r0, r7, asr r0",1
"andeq r0, r0, r0",1
"andseq r8, r8, r0, lsl 8",1
"andseq r8, r8, r0, lsl 16",1
"stcvc p2, c0, [r0, -0]",1
"andseq r8, r8, r0, lsl 16",1
"andseq sb, r8, r0",1
"stcvc p2, c0, [r0, -0]",1
"andseq sb, r8, r4, lsl r0",1
"andseq pc, r8, r0, lsl 24",1
"stcvc p3, c0, [r0, -0]",1
"andeq r0, r0, r8, asr 1",1
"andeq r0, r0, r0",1
invalid,1
invalid,1
"andeq r0, r1, r0",1
"andseq sl, r8, r0, asr r8",1
"andseq pc, r8, r0, lsl 24",1
"strpl r0, [r0, -r0, lsl 2]",1
"andeq r0, r0, r0",1
"andeq r0, r0, r0",1
"andeq r1, r0, r4, lsl 17",1
"andeq r1, r0, r8, lsr 17",1
"ldmdage r1, {r0} ^",1
invalid,1
invalid,1
"andeq r5, r0, r0, lsl 10",1
"andeq r0, r0, r0",1
invalid,1
invalid,1
"andeq r0, r1, r0",1
"andseq sl, r8, r2, asr r8",1
"andseq pc, r8, r0, lsl 24",1
"strpl r0, [r0], -0x100",1
"andeq r0, r0, r0",1
"andeq r0, r0, r0",1
"andeq r1, r0, r4, lsl 17",1
"andeq r1, r0, r8, lsr 17",1
"ldmdage r3, {r0} ^",1
invalid,1
invalid,1
"andeq r5, r0, r0, lsl 12",1
"andeq r0, r0, r0",1
invalid,1
invalid,1
"andeq r0, r2, r0",1
"stmdbne r0, {r0, r2, r3, r4, r5, r6}",1
invalid,1
"andeq r0, r2, r0",1
"stmdbne r8, {r0, r2, r3, r4, r5, r6, ip}",1
invalid,1
"andeq r0, r3, r0",1
"andeq ip, r0, sp, ror r0",1
"andeq r0, r0, r0",1
invalid,1
invalid,1
invalid,1
"ldmdbne ip, {ip, lr}",1
invalid,1
"andeq r0, r1, r0",1
"andeq r0, r0, r5, asr r0",1
"andeq r0, r0, r0",1
"andseq pc, r8, r0, lsl 24",1
"andseq r1, sb, r0, lsl 24",1
invalid,1
"andeq r1, r0, ip, lsl sb",1
"andeq r1, r0, r8, ror sb",1
"subseq r0, r4, r1",1
"andeq r0, r0, r0",1
invalid,1
invalid,1
invalid,1
"ldmdbne ip, {sb, ip, lr}",1
invalid,1
"andeq r0, r1, r0",1
"andeq r0, r0, r6, asr r0",1
"andeq r0, r0, r0",1
"andseq r1, sb, r0, lsl 16",1
"andseq r1, sb, r0, lsl 24",1
"andpl r0, r0, 0, 2",1
"andeq r1, r0, ip, lsl sb",1
"andeq r1, r0, r8, ror sb",1
"subseq r0, r6, r1",1
"andeq r0, r0, r0",1
"strne r0, [r0], -0",1
invalid,1
invalid,1
"ldmdbne ip, {r8, ip, lr}",1
invalid,1
"andeq r0, r1, r0",1
"andeq r0, r0, r4, asr r0",1
"andeq r0, r0, r0",1
"andseq r1, sb, r0",1
"andseq r1, sb, r0, lsl 24",1
"andpl r0, r0, r0, lsl 2",1
"andeq r1, r0, ip, lsl sb",1
"andeq r1, r0, r8, ror sb",1
"subseq r0, r5, r1",1
"andeq r0, r0, r0",1
invalid,1
invalid,1
invalid,1
"ldmdbne ip, {r8, ip, lr}",1
invalid,1
"andeq r0, r1, r0",1
"andeq r0, r0, r4, asr r0",1
"andeq r0, r0, r0",1
"andseq r1, sb, r0, lsl 16",1
"andseq r1, sb, r0, lsl 24",1
"andpl r0, r0, r0, lsl 2",1
"andeq r1, r0, ip, lsl sb",1
"andeq r1, r0, r8, ror sb",1
"subseq r0, r5, r1",1
"andeq r0, r0, r0",1
invalid,1
invalid,1
"andeq r0, r0, 0x19",1
invalid,1
"strhi r0, [r0], -0x19",1
"andeq r0, r0, 0x19",1
"ldrhi r7, [r4], -0xd00",1
invalid,1
"movweq r0, 0x19",1
"sbceq r7, r8, r0, lsl 26",1
"andeq r0, r0, r0",1
"andeq r0, r0, r0",1
"andeq r1, r0, r8, ror sb",1
"muleq r0, ip, sb",1
"mrrcls p0, 0, r0, r0, c1",1
invalid,1
invalid,1
"andeq r5, r0, r0, lsl 10",1
"andeq r0, r0, r0",1
invalid,1
invalid,1
"andeq r0, r1, r0",1
"andseq sb, sb, r1, asr ip",1
"andseq pc, sb, r0, lsl 16",1
"strpl r0, [r0], -0x100",1
"andeq r0, r0, r0",1
"andeq r0, r0, r0",1
"andeq r1, r0, r8, ror sb",1
"muleq r0, ip, sb",1
"mrrcls p0, 0, r0, r2, c1",1
invalid,1
invalid,1
"andeq r5, r0, r0, lsl 14",1
"andeq r0, r0, r0",1
invalid,1
invalid,1
"andeq r0, r1, r0",1
"andseq sb, sb, r3, asr ip",1
"andseq pc, sb, r0, lsl 16",1
"strpl r0, [r0], -r0, lsl 2",1
"andeq r0, r0, r0",1
"andeq r0, r0, r0",1
"muleq r0, r8, sb",1
"muleq r0, ip, sb",1
"mrrcls p0, 0, r0, r3, c1",1
invalid,1
invalid,1
"andeq r5, r0, r0, lsl 12",1
"andeq r0, r0, r0",1
invalid,1
invalid,1
"andeq r0, r1, r0",1
"andseq sb, sb, r2, asr ip",1
"andseq pc, sb, r0, lsl 16",1
"strpl r0, [r0, -r0, lsl 2]",1
"andeq r0, r0, r0",1
"andeq r0, r0, r0",1
"muleq r0, r0, sb",1
"muleq r0, ip, sb",1
"mrrcls p0, 0, r0, r1, c1",1
invalid,1
invalid,1
"andeq r5, r0, r0, lsl 8",1
"andeq r0, r0, r0",1
invalid,1
invalid,1
"andeq r0, r1, r0",1
"andseq sb, sb, r0, asr ip",1
"andseq pc, sb, r0, lsl 16",1
"strpl r0, [r0, -0x100]",1
"andeq r0, r0, r0",1
"andeq r0, r0, r0",1
"strdeq r1, r2, [r0], -r8",1
"strdeq r1, r2, [r0], -pc",1
invalid,1
"streq r0, [r0], -0x19",1
"streq r0, [r0], -0x1a",1
"andpl pc, r1, r0, lsl 6",1
"muleq r0, pc, r0",1
"andeq r0, r0, r0",1
"andseq pc, sb, r0, lsl 16",1
"andseq pc, sb, r0, lsl 30",1
invalid,1
"strdeq r1, r2, [r0], -pc",1
"andeq r1, r0, r4, lsl 20",1
invalid,1
"andeq sb, r0, r1, asr pc",1
"andeq r0, r0, r0",1
invalid,1
invalid,1
"andeq r0, r1, r0",1
"andseq pc, sb, r2, asr pc",1
"andseq r0, sl, r0, lsl 8",1
"vshl.u8 d0, d0, d0",1
"addseq r5, pc, r1, lsl 4",1
"andeq r0, r0, r0",1
"streq r0, [r0], -0",1
"stmdane r0, {r1, r3, r4}",1
invalid,1
bne 0x62f33c,1
bne 0x6db340,1
"andeq r0, r1, r0",1
"andseq r1, sl, r1, asr fp",1
"andseq r2, sl, r0",1
"vshl.u8 d0, d0, d0",1
"addseq r5, pc, r1",1
"andeq r0, r0, r0",1
"streq r0, [r0], -0",1
"andne r0, r0, sl, lsl r0",1
invalid,1
bne 0x42f768,1
bne 0x6db36c,1
"andeq r0, r1, r0",1
"andseq r1, sl, r2, asr fp",1
"andseq r2, sl, r0",1
"vshl.u8 d0, d0, d0",1
"addseq r5, pc, r1, lsl 2",1
"andeq r0, r0, r0",1
invalid,1
"andne r0, r0, sl, lsl r0",1
invalid,1
bne 0x42f794,1
bne 0x6db398,1
"andeq r0, r1, r0",1
"andseq r1, sl, r2, asr fp",1
"andseq r2, sl, r0",1
"vshl.u8 d0, d0, d0",1
"addseq r5, pc, r1, lsl 2",1
"andeq r0, r0, r0",1
invalid,1
"stmdane r0, {r1, r3, r4}",1
invalid,1
bne 0x62f3c0,1
bne 0x6db3c4,1
"andeq r0, r1, r0",1
"andseq r1, sl, r1, asr fp",1
"andseq r2, sl, r0",1
"vshl.u8 d0, d0, d0",1
"addseq r5, pc, r1",1
"andeq r0, r0, r0",1
"andhs r0, r0, r0",1
blhs 0x1b44c,1
invalid,1
bne 0xaef3ec,1
bne 0xc1b3f0,1
"andeq r0, r4, r0",1
svcls 0x5001f3,1
"andeq r0, r0, r0",1
"andeq r0, r0, r0",1
"andeq r1, r0, r0, lsr 20",1
"andeq r1, r0, fp, lsr 20",1
blhs 0x145b410,1
"andlo r0, r0, sl, lsl r0",1
"streq r0, [r0], -0x1a",1
"mrspl pc, sp_irq",1
"muleq r0, pc, r0",1
"andeq r0, r0, r0",1
"andseq r3, sl, r0",1
"andseq r4, sl, r0",1
"andpl r0, r0, r0, lsl 2",1
"andeq r1, r0, r0, asr 20",1
"andeq r1, r0, r3, asr 20",1
"cmpmi r1, 1",1
"stmdami r0, {r1, r3, r4}",1
"streq r0, [r0], -0x1a",1
"andpl pc, r1, r0, lsl 6",1
"muleq r0, pc, r0",1
"andeq r0, r0, r0",1
"andseq r3, sl, r0, lsl 16",1
"andseq r4, sl, r0",1
"andpl r0, r0, r0, lsl 2",1
"andeq r1, r0, r0, asr 20",1
"andeq r1, r0, r3, asr 20",1
"cmpmi r1, 1",1
"stmdami r0, {r1, r3, r4}",1
"streq r0, [r0], -0x1a",1
"andpl pc, r1, r0, lsl 6",1
"muleq r0, pc, r0",1
"andeq r0, r0, r0",1
"andeq r0, r0, r0",1
"andeq r0, r0, r0, lsl 8",1
"stcvc p2, c0, [r0, -0]",1
"andeq r0, r0, r0, lsl 8",1
"andeq r0, r0, r0, lsl 16",1
"stcvc p2, c0, [r0, -0]",1
"andeq r0, r0, r8, lsl 16",1
"andeq r5, r0, r0, lsl 8",1
"stcvc p3, c0, [r0, -0]",1
"strdeq r0, r1, [r0], -r0",1
"andeq r0, r0, r0",1
"andeq r0, r0, r0",1
"andseq r0, r4, r0",1
"andeq r0, r1, r0",1
"andeq r1, r0, r0, asr r4",1
"andeq r3, r0, r0, lsl 24",1
"strpl r0, [r0], -0x100",1
"andeq r0, r0, ip, lsr r0",1
"andeq r0, r0, r8, asr 32",1
invalid,1
"subeq sb, r8, r0, asr pc",1
"subeq r0, ip, r0",1
"andeq r0, r1, r0",1
"andeq r4, r0, r4, asr ip",1
"andeq r5, r0, r0, lsl 8",1
"vshl.u8 d0, d0, d0",1
"addseq r5, pc, r1",1
"andeq r0, r0, r0",1
"andeq r0, r0, r0",1
"streq r0, [r0], -0",1
"andeq r0, r0, 0",1
"streq r7, [r0], -0xd00",1
invalid,1
"andeq r0, r0, 0",1
invalid,1
"andhi r0, r0, r0",1
"movweq r0, 3",1
"sbceq r7, r0, r0, lsl 26",1
"andeq r0, r0, r0",1
"andeq r0, r0, r0",1
"andeq r0, r0, r0",1
"andeq r0, r0, r7, lsr r0",1
"ldrblo r0, [r0, -r1]",1
invalid,1
invalid,1
invalid,1
"teqeq fp, 0",1
"andeq r0, r1, r0",1
"andeq r3, r3, r0, asr fp",1
"andeq r8, r3, r0",1
"strpl r0, [r0, -0x100]",1
"andeq r0, r0, r0",1
"andeq r0, r0, r0",1
"andeq r0, r0, r0",1
"andeq r0, r0, ip, lsr 32",1
"mrrchs p0, 0, r0, r1, c1",1
"strlo r0, [r0, -r0]",1
invalid,1
"eorseq r5, r7, r0, lsl 28",1
invalid,1
"andeq r0, r4, r0",1
svcls 0x5101f3,1
"andeq r0, r0, r8, lsr 6",1
"andeq r0, r0, r0, lsr r3",1
"subslo r0, r1, r1",1
bllo 0x1b58c,1
invalid,1
"teqeq fp, 0, 28",1
"orreq r0, r0, 0",1
"andeq r0, r4, r0",1
svcls 0x5101f3,1
"andeq r0, r0, r0",1
"andeq r0, r0, r0",1
"andeq r0, r0, r0",1
"andeq r0, r0, r0, lsr r0",1
"subslo r0, r2, r1",1
"strlo r0, [r0, -r0]",1
invalid,1
"eorseq r5, r7, r0, lsl 24",1
invalid,1
"andeq r0, r4, r0",1
svcls 0x5201f3,1
"andeq r0, r0, r8, lsr 6",1
"andeq r0, r0, r4, lsr r3",1
"ldrblo r0, [r2], -1",1
bllo 0x1b5dc,1
invalid,1
"teqeq fp, 0, 24",1
"orreq r0, r0, 0",1
"andeq r0, r4, r0",1
svcls 0x5201f3,1
"andeq r0, r0, r0",1
"andeq r0, r0, r0",1
"andeq r0, r0, r0",1
"andeq r0, r0, r4, lsr r0",1
"ldrblo r0, [r3], -1",1
"strlo r0, [r0, -r0]",1
"movweq r0, 0",1
svcvc 0xbc9100,1
"andeq r0, r0, r7, lsr r0",1
"andeq r0, r0, r8, lsr 6",1
invalid,1
invalid,1
"teqeq r8, 0",1
"andeq r0, r1, r0",1
"andeq r3, r3, r3, asr r8",1
"andeq r3, r3, r0, lsl 22",1
"stcvc p2, c0, [r0, -0]",1
"andeq r3, r3, r0, lsl 22",1
"andeq r8, r3, r0",1
"vshl.u8 d0, d0, d0",1
"addseq r5, pc, r1, lsl 6",1
"andeq r0, r0, r0",1
"andhs r0, r0, r0",1
invalid,1
"streq r0, [r0], -r0",1
"orrle r0, r4, r0, lsl 6",1
"addseq r0, pc, r0",1
"andeq r0, r0, r0",1
"andhs r0, r0, r0",1
"strlo r0, [r0, -r0]",1
invalid,1
"eorseq r5, r7, r0",1
"eorseq r0, r8, r0",1
"andeq r0, r1, r0",1
"andeq r0, r0, r5, asr r0",1
"andeq r0, r0, r0",1
"andeq r4, r0, r0, lsl 24",1
"andeq r2, r3, r0, lsl 16",1
"strpl r0, [r0, -0x100]",1
"andeq r0, r0, r0",1
"andeq r0, r0, r0",1
"andeq r0, r0, r0, ror 1",1
"andeq r0, r0, r4, ror 1",1
"ldrb r0, [r0], -1",1
svceq 0,1
invalid,1
"andeq r5, r0, r0, lsl 4",1
"andeq r0, r0, r0",1
"rsceq r0, r0, r0",1
"tsteq r0, r0",1
"andeq r0, r1, r0",1
"andeq r0, r0, r5, asr r0",1
"andeq r0, r0, r0",1
"andeq r3, r1, r0, lsl 24",1
"andeq r4, r1, r0, lsl 8",1
"andpl r0, r0, r0, lsl 2",1
"andeq r0, r0, r4, asr 2",1
"andeq r0, r0, pc, asr 2",1
"subseq r0, r2, r1",1
"andeq r0, r0, r0",1
invalid,1
"andpl r0, r0, r1",1
invalid,1
"andeq r5, r0, r0, lsl 10",1
"andeq r0, r0, r0",1
invalid,1
"cmneq r4, r0",1
"andeq r0, r1, r0",1
"andeq r7, r1, r0, asr r4",1
"andeq r8, r1, r0, lsl 6",1
"andpl r0, r0, 0, 2",1
"andeq r0, r0, r0",1
"andeq r0, r0, r0",1
"andeq r0, r0, ip, ror 2",1
"andeq r0, r0, r4, lsl 3",1
"subseq r0, r5, r1",1
"andeq r0, r0, r0",1
invalid,1
"andge r0, r0, r1",1
invalid,1
"moveq r5, r0",1
"movseq r0, r0",1
"andeq r0, r1, r0",1
"andeq r0, r0, r2, asr r0",1
"andeq r0, r0, r0",1
"andeq sb, r1, r0, lsl 24",1
"andeq fp, r1, r0, lsl 24",1
"strpl r0, [r0, -0x100]",1
"andeq r0, r0, r0",1
"andeq r0, r0, r0",1
"ldrdeq r0, r1, [r0], -r8",1
"ldrdeq r0, r1, [r0], -ip",1
"mrrcle p0, 0, r0, r0, c1",1
svc 1,1
invalid,1
"andeq r5, r0, r0, lsl 4",1
"andeq r0, r0, r0",1
"bicseq r0, r8, r0",1
invalid,1
"andeq r0, r1, r0",1
"andeq r0, r0, r5, asr r0",1
"andeq r0, r0, r0",1
"andeq r1, r2, r0, lsl 8",1
"andeq r1, r2, r0, lsl 16",1
"andpl r0, r0, r0, lsl 2",1
"andeq r0, r0, r8, lsl r2",1
"andeq r0, r0, r3, lsr r2",1
"subseq r0, r2, r1",1
"andeq r0, r0, r0",1
"strne r0, [r0], -0",1
"stmdalo r0, {r1}",1
invalid,1
"andeq r5, r0, r0, lsl 10",1
"andeq r0, r0, r0",1
"subseq r0, r8, 0",1
"subseq r0, ip, 0",1
"andeq r0, r1, r0",1
"andeq r5, r2, r0, asr ip",1
"andeq r7, r2, r0, lsl 14",1
"andpl r0, r0, 0, 2",1
"andeq r0, r0, r0",1
"andeq r0, r0, r0",1
"andeq r0, r0, r8, asr r2",1
"andeq r0, r0, ip, ror r2",1
"subseq r0, r5, r1",1
"andeq r0, r0, r0",1
"strge r0, [r0], -0",1
"stmdage r0, {r1}",1
invalid,1
"adceq r5, r8, 0",1
"sbceq r0, r7, 0",1
"andeq r0, r1, r0",1
"andeq r0, r0, r2, asr r0",1
"andeq r0, r0, r0",1
"andeq sl, r2, r0, lsl 8",1
"andeq ip, r2, r0, lsl 24",1
"strpl r0, [r0, -0x100]",1
"andeq r0, r0, r0",1
"andeq r0, r0, r0",1
"strdeq r0, r1, [r0], -r8",1
"strdeq r0, r1, [r0], -ip",1
"mrrc2 p0, 0, r0, r0, c1",1
"movwhs r0, 2",1
invalid,1
"andeq r5, r0, r0, lsl 4",1
"andeq r0, r0, r0",1
"rscseq r0, r8, 0",1
invalid,1
"andeq r0, r1, r0",1
"andeq r0, r0, r5, asr r0",1
"andeq r0, r0, r0",1
"andeq r2, r3, r0, lsl 16",1
"andeq r3, r3, r0, lsl 22",1
"andpl r0, r0, r0, lsl 2",1
"andeq r0, r0, fp, lsr r3",1
"andeq r0, r0, r0, lsl 7",1
"subseq r0, r5, r1",1
"andeq r0, r0, r0",1
"andhi r0, r0, r0",1
"strhi r0, [r0], -3",1
"andeq r0, r0, 3",1
"strhi r7, [r0], -0xd00",1
"stmdahi r0, {r0, r1}",1
"andeq r0, r0, 3",1
"stmdahi ip, {r8, sl, fp, ip, sp, lr}",1
"andgt r0, r0, r3",1
"andeq r0, r0, 3",1
"andseq r7, r8, r0, lsl 26",1
"andeq r0, r0, r0",1
"andhi r0, r0, r0",1
"strlt r0, [r0, -r3]",1
invalid,1
invalid,1
"biceq r0, r0, 0",1
"andeq r0, r4, r0",1
svcls 0x5001f3,1
"andeq r0, r0, r0",1
"andeq r0, r0, r0",1
"andeq r0, r0, r0, lsl 7",1
"strheq r0, [r0], -r7",1
"ldrblt r0, [r1, -r1]",1
"andgt r0, r0, r3",1
"streq r0, [r0], -3",1
"mrspl pc, sp_irq",1
"muleq r0, pc, r0",1
"andeq r0, r0, r0",1
"andeq r8, r3, r0",1
"andeq fp, r3, r0, lsl 14",1
"andpl r0, r0, 0, 2",1
"strheq r0, [r0], -r7",1
"andeq r0, r0, r0, asr 7",1
invalid,1
"andeq sb, r0, r2, asr pc",1
"andeq r0, r0, r0",1
"orreq r0, r0, 0",1
invalid,1
"andeq r0, r1, r0",1
"andeq fp, r3, r3, asr r7",1
"andeq ip, r3, r0",1
"vshl.u8 d0, d0, d0",1
"addseq r5, pc, r1, lsl 6",1
"andeq r0, r0, r0",1
"andhi r0, r0, r0",1
"andge r0, r0, r3",1
"andeq r0, r0, 3",1
"ldmge pc, {ip, sp}",1
"andlt r0, r0, r3",1
invalid,1
"andeq r5, r0, r0, lsl 24",1
"andeq r0, r0, r0",1
"biceq r0, r0, 0",1
"biceq r0, r4, 0",1
"andeq r0, r2, r0",1
"biceq r0, r4, 0x7d",1
"biceq r0, r8, 0",1
"andeq r0, r2, r0",1
"biceq r0, r8, 0x7d000000",1
"strbeq r0, [r4], 0",1
"andeq r0, r2, r0",1
"andeq r3, r0, sp, ror r8",1
"andeq r0, r0, r0",1
"biceq r0, r0, 0",1
"ldrbteq r0, [fp], -0",1
"andeq r0, r1, r0",1
"andeq r7, r4, r0, asr fp",1
"andeq r8, r4, r0, lsl 8",1
"vshl.u8 d0, d0, d0",1
"ldrhi r5, [pc], 1           ; [0x1b974:4]=0x1000004",1
"strgt r0, [r0], -4",1
invalid,1
"andeq r5, r0, r0",1
"andeq r0, r0, r0",1
"biceq r0, r0, 0",1
"ldrbteq r0, [fp], -0",1
"andeq r0, r1, r0",1
"andeq r7, r4, r1, asr fp",1
"andeq r8, r4, r0, lsl 8",1
"vshl.u8 d0, d0, d0",1
"ldrhi r5, [pc], 0x101       ; [0x1b9a0:4]=0x1000004",1
"strgt r0, [r0], -4",1
invalid,1
"andeq r5, r0, r0, lsl 2",1
"andeq r0, r0, r0",1
"biceq r0, r0, 0",1
"ldrbteq r0, [fp], -0",1
"andeq r0, r1, r0",1
"andeq r7, r4, r2, asr fp",1
"andeq r8, r4, r0, lsl 8",1
"vshl.u8 d0, d0, d0",1
"ldrhi r5, [pc], 0x201       ; [0x1b9cc:4]=0x1000004",1
"strgt r0, [r0], -4",1
invalid,1
"andeq r5, r0, r0, lsl 4",1
"andeq r0, r0, r0",1
"biceq r0, r0, 0",1
"ldrbteq r0, [fp], -0",1
"andeq r0, r1, r0",1
"andeq r7, r4, r3, asr fp",1
"andeq r8, r4, r0, lsl 8",1
"vshl.u8 d0, d0, d0",1
"ldrhi r5, [pc], 0x301       ; [0x1b9f8:4]=0x1000004",1
"strgt r0, [r0], -4",1
invalid,1
"andeq r5, r0, r0, lsl 6",1
"andeq r0, r0, r0",1
"biceq r0, r0, 0",1
"biceq r0, ip, 0",1
"andeq r0, r2, r0",1
"biceq r0, ip, 0x91",1
"bicseq r0, ip, 0",1
"andeq r0, r5, r0",1
"orrsls r0, pc, 124, 8",1
"andeq sp, r3, r4, lsl 24",1
"andeq lr, r3, r0, lsl 24",1
invalid,1
"ldreq sb, [r3], 0xf08",1
"andeq r0, r0, ip, ror 7",1
"strdeq r0, r1, [r0], -ip",1
"ldcleq p0, c0, [ip], -0x14",1
invalid,1
invalid,1
"streq r0, [r0, -4]",1
svcls 0x107c00,1
"streq r0, [ip], -0x493",1
"ldreq r0, [ip], -0",1
"andeq r0, r5, r0",1
"orrsls r1, pc, 124, 8",1
"andeq r1, r4, r4, lsl 24",1
"andeq r2, r4, r0, lsl 24",1
invalid,1
"ldreq sb, [r3], 0xf18",1
"andeq r0, r0, ip, lsr 8",1
"andeq r0, r0, ip, lsr r4",1
"ldclne p0, c0, [ip], -0x14",1
invalid,1
invalid,1
"streq r0, [r0, -4]",1
svcls 0x207c00,1
"strbeq r0, [ip], -0x493",1
"ldrbeq r0, [ip], -0",1
"andeq r0, r5, r0",1
"orrsls r2, pc, 124, 8",1
"andeq r5, r4, r4, lsl 24",1
"andeq r7, r4, r0",1
invalid,1
"ldreq sb, [r3], 0xf28",1
"andeq r0, r0, r4, lsl 9",1
"andeq r0, r0, ip, lsl 9",1
"ldmdaeq ip!, {r0, r2} ^",1
invalid,1
"strls r0, [r0], -4",1
"streq r0, [r0, -4]",1
svcls 0xc7c00,1
"ldreq r0, [r4], 0x493",1
"ldreq r0, [ip], 0",1
"andeq r0, r5, r0",1
"orrsls r1, pc, 0x7c",1
"andeq sb, r4, r4, lsl 24",1
"andeq sl, r4, r0, lsl 8",1
invalid,1
"ldreq sb, [r3], 0xf14",1
"andeq r0, r0, r4, lsr 9",1
"andeq r0, r0, ip, lsr 9",1
"ldmdane ip!, {r0, r2} ^",1
invalid,1
"strlt r0, [r0], -4",1
"streq r0, [r0, -4]",1
svcls 0x1c7c00,1
"ldrteq r0, [r4], 0x493",1
"ldrteq r0, [ip], 0",1
"andeq r0, r5, r0",1
"orrsls r2, pc, 0x7c",1
"andeq fp, r4, r4, lsl 24",1
"andeq ip, r4, r0, lsl 8",1
invalid,1
"ldreq sb, [r3], 0xf24",1
"andeq r0, r0, r0",1
"andeq r0, r0, r0",1
"andeq r0, r0, r0, asr 7",1
"ldrdeq r0, r1, [r0], -ip",1
svcls 0x300002,1
"ldrdeq r0, r1, [r0], -ip",1
"andeq r0, r0, ip, ror 7",1
svcls 0x310002,1
"andeq r0, r0, ip, ror 7",1
"strdeq r0, r1, [r0], -ip",1
svcls 0x320002,1
"strdeq r0, r1, [r0], -ip",1
"andeq r0, r0, ip, lsl 8",1
svcls 0x330002,1
"andeq r0, r0, ip, lsl 8",1
"andeq r0, r0, ip, lsl r4",1
svcls 0x340002,1
"andeq r0, r0, ip, lsl r4",1
"andeq r0, r0, ip, lsr 8",1
svcls 0x350002,1
"andeq r0, r0, ip, lsr 8",1
"andeq r0, r0, ip, lsr r4",1
svcls 0x360002,1
"andeq r0, r0, ip, lsr r4",1
"andeq r0, r0, ip, asr 8",1
svcls 0x370002,1
"andeq r0, r0, ip, asr 8",1
"andeq r0, r0, ip, asr r4",1
svcls 0x380002,1
"andeq r0, r0, ip, asr r4",1
"andeq r0, r0, r0, ror r4",1
svcls 0x390002,1
"andeq r0, r0, r4, lsl 9",1
"andeq r0, r0, ip, lsl 9",1
svcls 0x310002,1
"andeq r0, r0, ip, lsl 9",1
"muleq r0, r4, r4",1
svcls 0x320002,1
"muleq r0, r4, r4",1
"muleq r0, ip, r4",1
svcls 0x330002,1
"muleq r0, ip, r4",1
"andeq r0, r0, r4, lsr 9",1
svcls 0x340002,1
"andeq r0, r0, r4, lsr 9",1
"andeq r0, r0, ip, lsr 9",1
svcls 0x350002,1
"andeq r0, r0, ip, lsr 9",1
"strheq r0, [r0], -r4",1
svcls 0x360002,1
"strheq r0, [r0], -r4",1
"strheq r0, [r0], -ip",1
svcls 0x370002,1
"strheq r0, [r0], -ip",1
"andeq r0, r0, r4, asr 9",1
svcls 0x380002,1
"andeq r0, r0, r0",1
"andeq r0, r0, r0",1
"andeq r0, r0, r4, asr 9",1
"andeq r0, r0, r8, asr 9",1
"rsbseq r0, sp, r2",1
"andeq r0, r0, r8, asr 9",1
"andeq r0, r0, ip, asr 9",1
"ldrbteq r0, [sp], -2",1
"andeq r0, r0, ip, asr 9",1
"ldrdeq r0, r1, [r0], -r0",1
"ldmdaeq sp!, {r1} ^",1
"ldrdeq r0, r1, [r0], -r0",1
"ldrdeq r0, r1, [r0], -ip",1
"rsbsgt r0, sp, r3",1
"andeq r0, r0, r0",1
"andeq r0, r0, r0",1
"andeq ip, r4, r0, lsl 8",1
"andeq r8, r5, r0, lsl 22",1
"andpl r0, r0, r0, lsl 2",1
"andeq r0, r0, fp, lsl 11",1
"muleq r0, ip, r5",1
invalid,1
"ldreq sb, [ip, 0xf50]",1
"ldrbeq r0, [ip]",1
"andeq r0, r1, r0",1
"andeq r0, r0, r0, asr r0",1
"andeq r0, r0, r0",1
"andeq ip, r4, r0, lsl 8",1
"andeq r8, r5, r0, lsl 22",1
invalid,1
"andeq r0, r0, fp, lsl 11",1
"muleq r0, ip, r5",1
invalid,1
"ldreq sb, [ip, 0xf51]",1
"ldrbeq r0, [ip]",1
"andeq r0, r1, r0",1
"andeq r0, r0, r1, asr r0",1
"andeq r0, r0, r0",1
"andeq ip, r4, r0, lsl 8",1
"andeq r8, r5, r0, lsl 22",1
"andpl r0, r0, 0, 2",1
"andeq r0, r0, fp, lsl 11",1
"muleq r0, ip, r5",1
invalid,1
"ldreq sb, [ip, 0xf52]",1
"ldrbeq r0, [ip]",1
"andeq r0, r1, r0",1
"andeq r0, r0, r2, asr r0",1
"andeq r0, r0, r0",1
"andeq lr, r4, r0",1
"andeq lr, r4, r0, lsl 16",1
"movwvc r0, 0x500",1
"ldreq sb, [r3], 0xf04",1
"andeq r0, r0, r8, ror 9",1
"strdeq r0, r1, [r0], -r8",1
"ldmdaeq r3!, {r0, r2} ^",1
invalid,1
"stmdaeq r0, {r2}",1
"streq r0, [r0, -5]",1
svcls 0xc7300,1
"streq r0, [r8, -0x493]",1
"ldreq r0, [r8, -0]",1
"andeq r0, r5, r0",1
"orrsls r1, pc, 0x73",1
"andeq r1, r5, r4, lsl 16",1
"andeq r2, r5, r0, lsl 16",1
"movwvc r0, 0x500",1
"ldreq sb, [r3], 0xf14",1
"andeq r0, r0, r8, lsr 10",1
"andeq r0, r0, r8, lsr r5",1
"ldmdane r3!, {r0, r2} ^",1
"stmdalo r4, {r0, r1, r2, r3, r4, r7, r8, sb, ip, pc}",1
"stmdami r0, {r0, r2}",1
"streq r0, [r0, -5]",1
svcls 0x1c7300,1
"strbeq r0, [r8, -0x493]",1
"ldrbeq r0, [r8, -0]",1
"andeq r0, r5, r0",1
"orrsls r2, pc, 0x73",1
"andeq r5, r5, r4, lsl 16",1
"andeq r6, r5, r0, lsl 16",1
"movwvc r0, 0x500",1
"ldreq sb, [r3], 0xf24",1
"andeq r0, r0, r8, ror 10",1
"andeq r0, r0, ip, ror r5",1
"ldmdahs r3!, {r0, r2} ^",1
invalid,1
"strge r0, [r0], -5",1
"streq r0, [r0, -5]",1
svcls 0x87300,1
"streq r0, [r4, 0x493]!",1
"streq r0, [ip, 0]!",1
"andeq r0, r5, r0",1
"orrsls r0, pc, 0x7300",1
"andeq sl, r5, r4, lsl 24",1
"andeq fp, r5, r0, lsl 8",1
"movwvc r0, 0x500",1
"ldreq sb, [r3], 0xf10",1
"strheq r0, [r0], -r4",1
"strheq r0, [r0], -ip",1
"ldrbtne r0, [r3], -5",1
invalid,1
"strgt r0, [r0], -5",1
"streq r0, [r0, -5]",1
svcls 0x187300,1
"strbeq r0, [r4, 0x493]",1
"strbeq r0, [ip]",1
"andeq r0, r5, r0",1
"orrsls r1, pc, 0x7300",1
"andeq ip, r5, r4, lsl 24",1
"andeq sp, r5, r0, lsl 8",1
"movwvc r0, 0x500",1
"ldreq sb, [r3], 0xf20",1
"ldrdeq r0, r1, [r0], -r4",1
"ldrdeq r0, r1, [r0], -ip",1
"ldrbths r0, [r3], -5",1
"muleq r4, pc, r3",1
"andeq r0, r0, r0",1
"and r0, r0, r0",1
blhi 0x1bdf4,1
invalid,1
"streq r5, [fp, 0x200]",1
"ldreq r0, [ip]",1
"andeq r0, r4, r0",1
svcls 0x5201f3,1
"muleq r0, ip, r5",1
"ldrdeq r0, r1, [r0], -ip",1
"subseq r0, r2, r1",1
"andeq r0, r0, r0",1
"and r0, r0, r0",1
blhi 0x1be20,1
invalid,1
"streq r5, [fp, 0x100]",1
"ldreq r0, [ip]",1
"andeq r0, r4, r0",1
svcls 0x5101f3,1
"muleq r0, ip, r5",1
"ldrdeq r0, r1, [r0], -ip",1
"subseq r0, r1, r1",1
"andeq r0, r0, r0",1
"and r0, r0, r0",1
blhi 0x1be4c,1
invalid,1
"streq r5, [fp]",1
"ldreq r0, [ip]",1
"andeq r0, r4, r0",1
svcls 0x5001f3,1
"muleq r0, ip, r5",1
"ldrdeq r0, r1, [r0], -ip",1
"subseq r0, r0, r1",1
"andeq r0, r0, r0",1
"and r0, r0, r0",1
"stmda r0, {r2}",1
"andeq r0, r0, 4",1
"ldm pc, {ip, sp}",1
invalid,1
"andeq r0, r0, 4",1
invalid,1
"stmdaeq r0, {r2}",1
"andeq r0, r0, 5",1
"ldmeq pc, {sb, ip, sp}",1
"stmdane r0, {r0, r2}",1
"andeq r0, r0, 5",1
"ldmne pc, {r8, sb, ip, sp}",1
"stmdahs r0, {r0, r2}",1
"andeq r0, r0, 5",1
"ldmhs pc, {sl, ip, sp}",1
"stmdalo r0, {r0, r2}",1
"andeq r0, r0, 5",1
"ldmlo pc, {r8, sl, ip, sp}",1
"stmdami r0, {r0, r2}",1
"andeq r0, r0, 5",1
"ldmmi pc, {sb, sl, ip, sp}",1
"stmdapl r0, {r0, r2}",1
"andeq r0, r0, 5",1
"ldmpl pc, {r8, sb, sl, ip, sp}",1
"stmdavs r0, {r0, r2}",1
"andeq r0, r0, 5",1
"ldmvs pc, {fp, ip, sp}",1
invalid,1
"andeq r0, r0, 5",1
"ldcls p9, c3, [pc], {0}",1
"strge r0, [r0], -5",1
"andeq r0, r0, 5",1
"ldrge r3, [pc], 0x100       ; [0x1bee8:4]=0x2000005",1
invalid,1
"andeq r0, r0, 5",1
"ldcge p2, c3, [pc], {0}",1
"strlt r0, [r0], -5",1
"andeq r0, r0, 5",1
"ldrlt r3, [pc], 0x300       ; [0x1bf00:4]=0x2000005",1
invalid,1
"andeq r0, r0, 5",1
"ldclt p4, c3, [pc], {0}",1
"strgt r0, [r0], -5",1
"andeq r0, r0, 5",1
"ldrgt r3, [pc], 0x500       ; [0x1bf18:4]=0x2000005",1
invalid,1
"andeq r0, r0, 5",1
"ldcgt p6, c3, [pc], {0}",1
"strle r0, [r0], -5",1
"andeq r0, r0, 5",1
"ldrle r3, [pc], 0x700       ; [0x1bf30:4]=0x2000005",1
invalid,1
"andeq r0, r0, 5",1
"addseq r3, pc, r0, lsl 16",1
"andeq r0, r0, r0",1
invalid,1
"and r0, r0, r5",1
"andeq r0, r0, 5",1
"and r7, r0, r0, lsl 26",1
"andvs r0, r0, r5",1
"andeq r0, r0, 6",1
"andeq r7, r8, r0, lsl 26",1
"andeq r0, r0, r0",1
invalid,1
invalid,1
invalid,1
"ldrbeq r5, [ip, 0]!",1
"ldrbeq r0, [0x0001bf74]!    ; [0x1bf74:4]=81",1
"andeq r0, r1, r0",1
"andeq r0, r0, r1, asr r0",1
"andeq r0, r0, r0",1
"andeq r1, r6, r0, lsl 16",1
"andeq r2, r6, r0",1
"andpl r0, r0, r0, lsl 2",1
"andeq r0, r0, r0, lsr 12",1
"andeq r0, r0, r3, lsr 12",1
"subseq r0, r1, r1",1
"andeq r0, r0, r0",1
"andeq r0, r0, r0",1
"streq r0, [r0], -0",1
"andeq r0, r0, 0",1
"streq r7, [r0], -0xd00",1
invalid,1
"andeq r0, r0, 0",1
"andseq r7, r0, r0, lsl 26",1
"andeq r0, r0, r0",1
"andeq r0, r0, r0",1
invalid,1
invalid,1
"andeq r5, ip, r0",1
"eoreq r0, r0, r0",1
"andeq r0, r1, r0",1
"andeq r2, r0, r4, asr r0",1
"andeq r4, r0, r0, lsl 16",1
"vshl.u8 d0, d0, d0",1
"addseq r5, pc, r1",1
"andeq r0, r0, r0",1
"andeq r0, r0, r0",1
"movwne r0, 0",1
invalid,1
"andseq r5, r3, r0, lsl 2",1
"subeq r0, r8, r0",1
"andeq r0, r1, r0",1
"andeq r0, r0, r5, asr r0",1
"andeq r0, r0, r0",1
"andeq r2, r0, r0",1
"andeq r4, r0, r0, lsl 8",1
"strpl r0, [r0], -0x100",1
"andeq r0, r0, r0",1
"andeq r0, r0, r0",1
"andeq r0, r0, r8, lsr 32",1
"andeq r0, r0, r4, asr 32",1
"subseq r0, r0, r1",1
"andeq r0, r0, r0",1
invalid,1
invalid,1
"andeq r0, r0, 0",1
invalid,1
"strgt r0, [r0], -0",1
"andeq r0, r0, 0",1
"andseq r7, r0, r0, lsl 26",1
"andeq r0, r0, r0",1
invalid,1
invalid,1
invalid,1
"subseq r5, ip, r0",1
"adcseq r0, r4, r0",1
"andeq r0, r1, r0",1
"andeq fp, r0, r6, asr r4",1
"andeq fp, r0, r0, lsl 14",1
"andpl r0, r0, r0, lsl 2",1
"strheq r0, [r0], -r7",1
"andeq r0, r0, r4, asr 1",1
"subseq r0, r6, r1",1
"andeq r0, r0, r0",1
invalid,1
invalid,1
invalid,1
"subseq r5, r8, r0, lsl 2",1
"sbceq r0, r4, r0",1
"andeq r0, r1, r0",1
"andeq r0, r0, r5, asr r0",1
"andeq r0, r0, r0",1
"andeq r4, r0, r0, lsl 16",1
"andeq r6, r0, r0, lsl 6",1
"andpl r0, r0, 0, 2",1
"andeq r0, r0, r3, rrx",1
"andeq r0, r0, r0, ror r0",1
"subsvc r0, r4, r1",1
"strgt r0, [r0], -0",1
"streq r0, [r0], -0",1
"andpl pc, r1, 0, 6",1
"muleq r0, pc, r0",1
"andeq r0, r0, r0",1
"andeq r6, r0, r0, lsl 24",1
"andeq r7, r0, r0",1
"strvc r0, [r0, -0x600]",1
"cdpne p4, 0, c7, c0, c0, 0",1
"muleq r0, pc, r0",1
"andeq ip, r0, r0",1
"strpl r0, [r0], -0x100",1
"andeq r0, r0, r0",1
"andeq r0, r0, r0",1
"andeq r0, r0, ip, rrx",1
"muleq r0, r8, r0",1
"ldmdals r6, {r0} ^",1
"strlt r0, [r0, -r0]",1
invalid,1
"adcseq r5, r7, r0",1
"sbceq r0, r0, r0",1
"andeq r0, r1, r0",1
"andeq r0, r0, r6, asr r0",1
"andeq r0, r0, r0",1
"andeq ip, r0, r0, lsl 8",1
"andeq ip, r0, r0, lsl 16",1
"stcvc p2, c0, [r0, -0]",1
"andeq ip, r0, r0, lsl 16",1
"andeq r6, r1, r0, lsl 24",1
"stcvc p2, c0, [r0, -0]",1
"andeq r0, r0, r8, lsl r0",1
"andeq r0, r0, r0",1
"andeq ip, r0, r0, lsl 8",1
"andeq lr, r0, r0",1
"andpl r0, r0, r0, lsl 2",1
"andeq r0, r0, r0, ror 1",1
"andeq r0, r0, ip, lsr 2",1
"mrrchs p0, 0, r0, r7, c1",1
"stmdalo r0, {r0}",1
invalid,1
"teqeq r8, r0",1
invalid,1
"andeq r0, r1, r0",1
"andeq r0, r0, r7, asr r0",1
"andeq r0, r0, r0",1
"andeq ip, r0, r0, lsl 8",1
"andeq lr, r0, r0, lsl 8",1
invalid,1
"andeq r0, r0, r4, ror 1",1
"andeq r0, r0, ip, lsr 2",1
"mrrchs p0, 0, r0, r6, c1",1
invalid,1
invalid,1
"teqeq ip, r0, lsl 2",1
invalid,1
"andeq r0, r1, r0",1
"andeq r0, r0, r6, asr r0",1
"andeq r0, r0, r0",1
"andeq ip, r0, r0, lsl 8",1
"andeq lr, r0, r0, lsl 14",1
"andpl r0, r0, 0, 2",1
"andeq r0, r0, r7, ror 1",1
"strdeq r0, r1, [r0], -ip",1
"mrrc2 p0, 0, r0, r5, c1",1
invalid,1
"streq r0, [r0], -1",1
"andpl pc, r1, 0, 6",1
"muleq r1, pc, ip",1
"andeq r3, r1, r0, lsl 30",1
"andpl r0, r0, 0, 2",1
"andeq r0, r0, pc, lsr r1",1
"andeq r0, r0, r4, asr r1",1
"ldrbpl r0, [r5], -1",1
invalid,1
"streq r0, [r0], -1",1
"andpl pc, r1, 0, 6",1
"muleq r0, pc, r0",1
"andeq r0, r0, r0",1
"andeq sp, r0, r0, lsl 16",1
"andeq r4, r1, r0",1
"strpl r0, [r0], -0x100",1
"andeq r0, r0, r0, asr 2",1
"andeq r0, r0, ip, asr 2",1
"mrrcmi p0, 0, r0, r0, c1",1
invalid,1
invalid,1
"andeq r5, r0, r0, lsl 8",1
"andeq r0, r0, r0",1
"rscseq r0, r8, r0",1
"rscseq r0, ip, r0",1
"andeq r0, r6, r0",1
"rsbseq r0, r4, r5, ror r0",1
"rscseq sb, ip, lr, lsl pc",1
"tsteq r8, r0",1
"andeq r0, r1, r0",1
"andeq r5, r1, r5, asr r4",1
"andeq r6, r1, r0, lsl 24",1
"strpl r0, [r0, -0x100]",1
"andeq r0, r0, r0",1
"andeq r0, r0, r0",1
"strdeq r0, r1, [r0], -r8",1
"andeq r0, r0, r4, lsl 2",1
"subsne r0, r7, r1",1
"stmdahs r0, {r0}",1
invalid,1
"cmpeq r4, r0",1
"cmpeq r8, r0",1
"andeq r0, r2, r0",1
"cmpeq r8, r0, lsr pc",1
invalid,1
"andeq r0, r1, r0",1
"andeq r0, r0, r7, asr r0",1
"andeq r0, r0, r0",1
"andeq r6, r1, r0, lsl 24",1
"andeq r7, r1, r0",1
"stcvc p2, c0, [r0, -0]",1
"andeq r7, r1, r0",1
"andeq sb, r1, r0, lsl 8",1
"stcvc p2, c0, [r0, -0]",1
"andeq r0, r0, r8",1
"andeq r0, r0, r0",1
"andeq r6, r1, r0, lsl 24",1
"andeq r7, r1, r0, lsl 14",1
"andpl r0, r0, r0, lsl 2",1
"andeq r0, r0, r7, ror r1",1
"muleq r0, r4, r1",1
"subseq r0, r4, r1",1
"andeq r0, r0, r0",1
"strvc r0, [r0], -0",1
"strvc r0, [r0, -r1]",1
invalid,1
"cmneq r7, r0",1
"orrseq r0, r4, r0",1
"andeq r0, r1, r0",1
"andeq r0, r0, r4, asr r0",1
"andeq r0, r0, r0",1
"andeq r7, r1, r0, lsl 16",1
"andeq sb, r1, r0, lsl 6",1
"andpl r0, r0, r0, lsl 2",1
"andeq r0, r0, r0",1
"andeq r0, r0, r0",1
"muleq r0, r4, r1",1
"muleq r0, r8, r1",1
"rsbseq r0, sp, r2",1
"muleq r0, r8, r1",1
"strheq r0, [r0], -ip",1
"ldmdaeq sp!, {r1} ^",1
"andeq r0, r0, r0",1
"andeq r0, r0, r0",1
"muleq r0, r4, r1",1
"muleq r0, pc, r1",1
svcls 0x500001,1
invalid,1
invalid,1
"andeq r5, r0, r0, lsl 8",1
"andeq r0, r0, r0",1
"moveq r0, r0",1
"movseq r0, r0",1
"andeq r0, r1, r0",1
"andeq r0, r0, r0, asr r0",1
"andeq r0, r0, r0",1
"andeq fp, r1, r0, lsl 24",1
"andeq sp, r1, r0, lsl 8",1
"stcvc p2, c0, [r0, -0]",1
"andeq sp, r1, r0, lsl 8",1
"andeq r0, r2, r0, lsl 16",1
"stcvc p2, c0, [r0, -0]",1
"andeq r0, r0, r8",1
"andeq r0, r0, r0",1
"andeq fp, r1, r0, lsl 24",1
"andeq sp, r1, r0, lsl 30",1
"andpl r0, r0, r0, lsl 2",1
"ldrdeq r0, r1, [r0], -pc",1
"andeq r0, r0, r0, ror 3",1
invalid,1
"mvneq sb, r0, asr pc",1
invalid,1
"andeq r0, r1, r0",1
"andeq pc, r1, r0, asr ip",1
"andeq pc, r1, r0, lsl 30",1
"andpl r0, r0, r0, lsl 2",1
"strdeq r0, r1, [r0], -pc",1
"andeq r0, r0, r8, lsl 4",1
invalid,1
"andeq sb, r0, r0, asr pc",1
"andeq r0, r0, r0",1
"movseq r0, r0",1
"bicseq r0, pc, r0",1
"andeq r0, r1, r0",1
"andeq sp, r1, r1, asr pc",1
"andeq pc, r1, r0, lsl 24",1
"strpl r0, [r0], -0x100",1
"strdeq r0, r1, [r0], -ip",1
"strdeq r0, r1, [r0], -pc",1
invalid,1
"stmdaeq r0, {r0}",1
invalid,1
"andeq r5, r0, r0, lsl 8",1
"andeq r0, r0, r0",1
"andeq r0, r8, 0",1
"andseq r0, r0, 0",1
"andeq r0, r2, r0",1
"andseq r0, r0, 0x7d",1
"rsbseq r0, r0, 0",1
"andeq r0, r2, r0",1
"andeq r0, r0, sp, ror r8",1
"andeq r0, r0, r0",1
"andeq r0, r8, 0",1
"eorseq r0, ip, 0",1
"andeq r0, r1, r0",1
"andeq r3, r2, r0, asr ip",1
"andeq r4, r2, r0, lsl 6",1
"movwpl r0, 0x100",1
"andeq r0, r0, r3, asr 4",1
"andeq r0, r0, r0, asr r2",1
invalid,1
"subseq sb, r0, 80, 30",1
"rsbeq r0, r3, 0",1
"andeq r0, r1, r0",1
"andeq r6, r2, r0, asr r3",1
"andeq r7, r2, r0",1
"vshl.u8 d0, d0, d0",1
"addseq r5, pc, r1",1
"andeq r0, r0, r0",1
invalid,1
"andmi r0, r0, r2",1
invalid,1
"subeq r5, r0, 0, 2",1
"subseq r0, r0, 0",1
"andeq r0, r4, r0",1
svcls 0x5101f3,1
"andeq r0, r0, r0, asr r2",1
"andeq r0, r0, r3, ror 4",1
"cmpvs r1, 1",1
"andvc r0, r0, r2",1
"streq r0, [r0], -2",1
"mrspl pc, sp_irq",1
"muleq r0, pc, r0",1
"andeq r0, r0, r0",1
"andeq r1, r2, r0, lsl 8",1
"andeq r3, r2, r0, lsl 16",1
"strpl r0, [r0], -0x100",1
"andeq r0, r0, r8, lsr r2",1
"andeq r0, r0, r0, asr 4",1
"rsbseq r0, r1, r2",1
"andeq r0, r0, r0, asr 4",1
"andeq r0, r0, r0, asr r2",1
invalid,1
"andeq r5, r2, r1, asr r0",1
"andeq r5, r2, r0, lsl 16",1
"strpl r0, [r0], -0x100",1
"andeq r0, r0, r8, asr r2",1
"andeq r0, r0, r0, ror 4",1
"rsbseq r0, r1, r2",1
"andeq r0, r0, r0, ror 4",1
"andeq r0, r0, r0, ror r2",1
"subseq r0, r4, r1",1
"andeq r0, r0, r0",1
"strlo r0, [r0], -0",1
"stmdalo r0, {r1}",1
invalid,1
"rsbeq r5, r0, 0, 8",1
"rsbseq r0, r0, 0",1
"andeq r0, r1, r0",1
"andeq r0, r0, r4, asr r0",1
"andeq r0, r0, r0",1
"andeq r3, r2, r0, lsl 8",1
"andeq r3, r2, r0, lsl 16",1
"andpl r0, r0, r0, lsl 2",1
"andeq r0, r0, r4, asr 4",1
"andeq r0, r0, ip, asr 4",1
"subsvs r0, r0, r1",1
"movwvs r0, 2",1
invalid,1
"rsbeq r5, r3, 0",1
"rsbseq r0, r0, 0",1
"andeq r0, r4, r0",1
svcls 0x5001f3,1
"andeq r0, r0, r0",1
"andeq r0, r0, r0",1
"andeq r0, r0, r0, ror r2",1
"andeq r0, r0, r4, ror r2",1
"rsbseq r0, sp, r2",1
"andeq r0, r0, r4, ror r2",1
"andeq r0, r0, r4, lsr 5",1
"ldmdaeq sp!, {r1} ^",1
"andeq r0, r0, r0",1
"andeq r0, r0, r0",1
"andeq r0, r0, r0, ror r2",1
"andeq r0, r0, fp, ror r2",1
blvc 0x141c548,1
"strge r0, [r0], -2",1
invalid,1
"andeq r5, r0, r0, lsl 8",1
"andeq r0, r0, r0",1
"rsbseq r0, r8, 0",1
"rsbseq r0, fp, 0",1
"andeq r0, r1, r0",1
"andeq r7, r2, r0, asr fp",1
"andeq sl, r2, r0, lsl 8",1
"strpl r0, [r0], -0x100",1
"andeq r0, r0, r0",1
"andeq r0, r0, r0",1
"andeq r0, r0, ip, ror r2",1
"muleq r0, pc, r2",1
"subsge r0, r0, r1",1
"movwge r0, 2",1
invalid,1
"andeq r5, r0, r0",1
"andeq r0, r0, r0",1
"addseq r0, r4, 0",1
"adceq r0, r0, 0",1
"andeq r0, r1, r0",1
"andeq r0, r0, r4, asr r0",1
"andeq r0, r0, r0",1
"andeq sb, r2, r0, lsl 8",1
"andeq sl, r2, r0",1
"andlo r0, r0, r0, lsl 4",1
"muleq r0, pc, r0",1
"andeq r0, r0, r0",1
"andeq sl, r2, r0, lsl 8",1
"andeq sl, r2, r0, lsl 16",1
"stcvc p2, c0, [r0, -0]",1
"andeq sl, r2, r0, lsl 16",1
"andeq fp, r2, r0, lsl 16",1
"stcvc p2, c0, [r0, -0]",1
"andeq r0, r0, r8",1
"andeq r0, r0, r0",1
"andeq sl, r2, r0, lsl 8",1
"andeq sl, r2, r0, lsl 22",1
"andpl r0, r0, r0, lsl 2",1
"andeq r0, r0, fp, lsr 5",1
"strheq r0, [r0], -r8",1
invalid,1
"andeq sb, r0, r0, asr pc",1
"andeq r0, r0, r0",1
"adceq r0, r4, 0",1
"adceq r0, fp, 0",1
"andeq r0, r1, r0",1
"andeq sl, r2, r1, asr fp",1
"andeq fp, r2, r0, lsl 16",1
"vshl.u8 d0, d0, d0",1
"addseq r5, pc, r1, lsl 2",1
"andeq r0, r0, r0",1
invalid,1
"strlt r0, [r0, -r2]",1
invalid,1
"andeq r5, r0, r0",1
"andeq r0, r0, r0",1
"adcseq r0, r8, 0",1
"adcseq r0, ip, 0",1
"andeq r0, r2, r0",1
"adcseq r0, ip, 0x7d",1
"rscseq r0, r8, 0",1
"andeq r0, r2, r0",1
"andeq r1, r0, sp, ror r0",1
"andeq r0, r0, r0",1
"adcseq r0, r8, 0",1
"sbceq r0, r4, 0",1
"andeq r0, r1, r0",1
"andeq ip, r2, r0, asr r4",1
"andeq pc, r2, r0, lsl 16",1
"strpl r0, [r0, -0x100]",1
"andeq r0, r0, r0",1
"andeq r0, r0, r0",1
"strheq r0, [r0], -r8",1
"andeq r0, r0, fp, asr 5",1
blgt 0x145c67c,1
invalid,1
invalid,1
"andeq r5, r0, r0, lsl 8",1
"andeq r0, r0, r0",1
"sbceq r0, r8, 0",1
"sbceq r0, fp, 0",1
"andeq r0, r1, r0",1
"andeq ip, r2, r1, asr fp",1
"andeq pc, r2, r0, lsl 16",1
"strpl r0, [r0], -0x100",1
"andeq r0, r0, r0",1
"andeq r0, r0, r0",1
"andeq r0, r0, ip, asr 5",1
"strdeq r0, r1, [r0], -r3",1
invalid,1
invalid,1
invalid,1
"andeq r5, r0, r0",1
"andeq r0, r0, r0",1
"rsceq r0, r4, 0",1
"rscseq r0, r4, 0",1
"andeq r0, r1, r0",1
"andeq r0, r0, r4, asr r0",1
"andeq r0, r0, r0",1
"andeq lr, r2, r0, lsl 8",1
"andeq pc, r2, r0, lsl 8",1
"strpl r0, [r0, -0x100]",1
"andeq r0, r0, r0",1
"andeq r0, r0, r0",1
"strdeq r0, r1, [r0], -r8",1
"strdeq r0, r1, [r0], -ip",1
"rsbseq r0, sp, r2",1
"strdeq r0, r1, [r0], -ip",1
"andeq r0, r0, ip, lsr r3",1
"rsbsne r0, sp, r2",1
"andeq r0, r0, r0",1
"andeq r0, r0, r0",1
"strdeq r0, r1, [r0], -r8",1
"andeq r0, r0, r3, lsl 6",1
"cmpeq r0, 1",1
invalid,1
invalid,1
"andeq r5, r0, r0, lsl 10",1
"andeq r0, r0, r0",1
"tsteq r0, 0",1
"teqeq r7, 0",1
"andeq r0, r1, r0",1
"andeq r3, r3, r0, asr r8",1
"andeq r3, r3, r0, lsl 22",1
"andpl r0, r0, r0, lsl 2",1
"andeq r0, r0, r0",1
"andeq r0, r0, r0",1
"andeq r0, r0, r8, lsr 6",1
"andeq r0, r0, r8, lsr r3",1
"subseq r0, r5, r1",1
"andeq r0, r0, r0",1
invalid,1
"stmdalo r0, {r0, r1}",1
invalid,1
"andeq r5, r0, r0, lsl 8",1
"andeq r0, r0, r0",1
"andeq r0, r0, r0",1
"andeq r0, r4, r0",1
"andeq r0, r2, r0",1
"andeq r0, r4, sp, ror r0",1
"subeq r0, r0, r0",1
"andeq r0, r2, r0",1
"andeq r0, r0, sp, ror r8",1
"andeq r0, r0, r0",1
"andeq r0, r0, r0",1
"andeq r0, r8, r0",1
"andeq r0, r2, r0",1
"andeq r0, r8, sp, ror r0",1
"eorseq r0, r4, r0",1
"andeq r0, r2, r0",1
"andeq r0, r0, sp, ror r8",1
"andeq r0, r0, r0",1
"andeq r0, r0, r0",1
"andeq r0, r4, r0",1
"andeq r0, r2, r0",1
"andeq r0, r4, sp, ror r0",1
"addeq r0, r4, r0",1
"andeq r0, r2, r0",1
"andeq r1, r0, sp, ror r0",1
"andeq r0, r0, r0",1
"andeq r0, r0, r0",1
"andeq r0, fp, r0",1
"andeq r0, r1, r0",1
"andeq r0, r0, r0, asr fp",1
"andeq r2, r0, r0, lsl 8",1
"strpl r0, [r0], -0x100",1
"andeq r0, r0, r4, lsr 32",1
"andeq r0, r0, r4, lsl 1",1
invalid,1
"andeq sb, r0, r0, asr pc",1
"andeq r0, r0, r0",1
"andseq r0, r0, r0",1
"andseq r0, r4, r0",1
"andeq r0, r5, r0",1
"mrchs p0, 1, r0, c0, c0, 3",1
"muleq r0, pc, r4",1
"andeq r8, r0, r0, lsl 8",1
"strvc r0, [r0], -r0, lsl 10",1
svcls 0x2e3000,1
"andeq r0, r0, r0",1
"andeq r0, r0, r0",1
"andeq r0, r0, r0, lsl r0",1
"andeq r0, r0, r4, lsr 32",1
"ldrbhs r0, [r4], -1",1
"strhi r0, [r0], -0",1
"streq r0, [r0], -0",1
"andpl pc, r1, r0, lsl 6",1
"muleq r0, pc, r0",1
"andeq r0, r0, r0",1
"andeq r0, r0, r0",1
"andeq r0, r0, r0, lsl 8",1
"stcvc p2, c0, [r0, -0]",1
"andeq r0, r0, r0, lsl 8",1
"andeq r0, r0, r0, lsl 24",1
"stcvc p2, c0, [r0, -0]",1
"andeq r0, r0, r4, lsr 24",1
"andeq r4, r3, r0, lsl 8",1
"stcvc p3, c0, [r0, -0]",1
"muleq r0, r8, r1",1
"andeq r0, r0, r0",1
"andseq r0, r0, r0",1
"eoreq r0, r4, r0",1
"andeq r0, r1, r0",1
"andeq r2, r0, r0, asr r4",1
"andeq sl, r0, r0, lsl 16",1
"strpl r0, [r0], -r0, lsl 2",1
"andeq r0, r0, r8, lsr 1",1
"strheq r0, [r0], -r0",1
"rsbseq r0, r6, lr",1
"rsbseq r0, r0, r3, ror r0",1
invalid,1
svcls 0x131600,1
"strheq r0, [r0], -r0",1
"strheq r0, [r0], -ip",1
"rsbseq r0, r6, r3, lsl r0",1
"rsbseq r0, r6, r3, ror r0",1
invalid,1
"stmdahs lr!, {r1, r3, r4, ip, sp}",1
"tstne r6, 1",1
"muleq r0, pc, ip",1
"andeq r4, r3, r0, lsl 8",1
"strpl r0, [r0], -r0, lsl 2",1
"andeq r0, r0, r0",1
"andeq r0, r0, r0",1
"andeq r0, r0, ip, lsr 32",1
"andeq r0, r0, ip, lsr r0",1
"mrrclo p0, 0, r0, r4, c1",1
svclo 0,1
invalid,1
"eorseq r5, pc, r0",1
"rsbseq r0, ip, r0",1
"andeq r0, r1, r0",1
"andeq r7, r0, r4, asr ip",1
"andeq sb, r0, r0, lsl 8",1
"andpl r0, r0, r0, lsl 2",1
"muleq r0, r4, r0",1
"strheq r0, [r0], -ip",1
"subseq r0, r4, r1",1
"andeq r0, r0, r0",1
"strhs r0, [r0], -0",1
invalid,1
invalid,1
"adcseq r5, ip, r0, lsl 8",1
"cmpeq r4, r0",1
"andeq r0, r1, r0",1
"andeq r6, r2, r4, asr r8",1
"andeq sl, r2, r0, lsl 8",1
"strpl r0, [r0], -0x100",1
"andeq r0, r0, r4, lsr 5",1
"andeq r0, r0, ip, lsr 5",1
"str r0, [r3], -6",1
svcls 0xcf,1
"ldrdeq r0, r1, [r0], -r4",1
"ldrdeq r0, r1, [r0], -r8",1
"mrrcle p0, 0, r0, r4, c1",1
invalid,1
invalid,1
"andeq r5, r0, r0, lsl 8",1
"andeq r0, r0, r0",1
"sbceq r0, r4, r0",1
"sbcseq r0, fp, r0",1
"andeq r0, r1, r0",1
"andeq sp, r0, r0, asr fp",1
"andeq lr, r0, r0, lsl 16",1
"strpl r0, [r0, -0x100]",1
"andeq r0, r0, r8, ror r2",1
"andeq r0, r0, r4, lsl 5",1
"mrrcle p0, 0, r0, r0, c1",1
invalid,1
invalid,1
"andeq r5, r0, r0",1
"andeq r0, r0, r0",1
"rscseq r0, ip, r0",1
"mrseq r0, apsr",1
"andeq r0, r1, r0",1
"andeq r0, r1, r0, asr pc",1
"andeq r7, r2, r0, lsl 16",1
"stmdapl r0, {r8}",1
"muleq r0, ip, r2",1
"ldrdeq r0, r1, [r0], -r4",1
"ldrble r0, [r8], -1",1
invalid,1
invalid,1
"rsceq r5, ip, 0",1
"movteq r0, 0x4000",1
"andeq r0, r1, r0",1
"andeq r0, r0, r8, asr r0",1
"andeq r0, r0, r0",1
"andeq sp, r0, r0, lsl 24",1
"andeq lr, r0, r0, lsl 16",1
"andpl r0, r0, r0, lsl 2",1
"andeq r0, r0, r0",1
"andeq r0, r0, r0",1
"strdeq r0, r1, [r0], -r0",1
"andeq r0, r0, r4, asr r1",1
"mrrcls p0, 0, r0, sb, c1",1
"strge r0, [r0], -2",1
invalid,1
"sbcseq r5, r4, 0, 18",1
"sbcseq r0, ip, 0",1
"andeq r0, r1, r0",1
"andeq r0, r0, sb, asr r0",1
"andeq r0, r0, r0",1
"andeq sp, r0, r0, lsl 24",1
"andeq lr, r0, r0, lsl 16",1
"stclo p2, c0, [r0, -0]",1
"muleq r0, pc, r0",1
"andeq r0, r0, r0",1
"andeq r0, r1, r0, lsl 8",1
"andeq r3, r1, r0, lsl 24",1
bpl 0x1ce28,1
"andeq r0, r0, r0",1
"andeq r0, r0, r0",1
"andeq r0, r0, r4, lsl 2",1
"andeq r0, r0, ip, asr 2",1
"subseq r0, r5, r1",1
"andeq r0, r0, r0",1
"streq r0, [r0], -0",1
svceq 1,1
invalid,1
"mrseq r5, apsr",1
"rsbseq r0, r0, 0",1
"andeq r0, r1, r0",1
"andeq sb, r2, r8, asr ip",1
"andeq sp, r2, r0, lsl 8",1
"stmdapl r0, {r8}",1
"andeq r0, r0, ip, ror 5",1
"andeq r0, r0, r4, asr 6",1
"subseq r0, r8, r1",1
"andeq r0, r0, r0",1
"andne r0, r0, r0",1
"andvc r0, r0, r1",1
"streq r0, [r0], -r2",1
"strbtle r0, [ip], 0x300",1
"ldcls p0, c0, [pc], {0}",1
"strle r0, [r0], -2",1
"streq r0, [r0], -r2",1
"strbtle r0, [ip], 0x300",1
"ldc p0, c0, [pc], {0}",1
"strmi r0, [r0], -2",1
"streq r0, [r0], -r3",1
"strbtle r0, [ip], 0x300",1
"addseq r0, pc, r0",1
"andeq r0, r0, r0",1
"andne r0, r0, r0",1
"stmdahs r0, {r0}",1
"streq r0, [r0], -r1",1
blvc 0x3aabc,1
"ldmhs pc, {sb, sp}",1
blhs 0x1cac8,1
invalid,1
invalid,1
"cmpeq r4, r0",1
"andeq r0, r6, r0",1
"rsbseq r0, fp, r8, ror r0",1
"addseq sb, ip, 34, 30",1
"adceq r0, r4, 0",1
"andeq r0, r6, r0",1
"rsbseq r0, fp, r8, ror r0",1
"andeq sb, r0, r2, lsr 30",1
"andeq r0, r0, r0",1
"tsteq r0, r0",1
"rsbseq r0, r0, 0",1
"andeq r0, r2, r0",1
"addseq sb, ip, 62, 30",1
"sbcseq r0, r4, 0",1
"andeq r0, r2, r0",1
"rsceq sb, ip, 62, 30",1
"movteq r0, 0x4000",1
"andeq r0, r2, r0",1
"andeq sb, r0, lr, lsr pc",1
"andeq r0, r0, r0",1
invalid,1
"rsbseq r0, r0, 0",1
"andeq r0, r4, r0",1
svcls 0x80000a,1
"muleq r0, ip, r2",1
"ldrdeq r0, r1, [r0], -r4",1
"andeq r0, sl, r4",1
"rsceq sb, ip, 128, 30",1
"movteq r0, 0x4000",1
"andeq r0, r4, r0",1
svcls 0x80000a,1
"andeq r0, r0, r0",1
"andeq r0, r0, r0",1
"andeq r0, r0, ip, lsr 2",1
"andeq r0, r0, r0, ror r2",1
"mrrcls p0, 0, r0, r8, c1",1
"strle r0, [r0], -2",1
invalid,1
"rsceq r5, ip, 0, 16",1
"movteq r0, 0x4000",1
"andeq r0, r1, r0",1
"andeq r0, r0, r8, asr r0",1
"andeq r0, r0, r0",1
"andeq r4, r1, r0, lsl 16",1
"andeq r5, r1, r0, lsl 8",1
"andpl r0, r0, r0, lsl 2",1
"andeq r0, r0, r4, asr r1",1
"andeq r0, r0, r8, ror 4",1
"mrrcls p0, 0, r0, r5, c1",1
"andge r0, r0, r2",1
invalid,1
"adceq r5, r0, 0",1
"adceq r0, r4, 0",1
"andeq r0, r1, r0",1
"andeq sl, r2, r5, asr ip",1
"andeq sp, r2, r0, lsl 8",1
"strpl r0, [r0, -0x100]",1
"andeq r0, r0, ip, ror 5",1
"andeq r0, r0, r4, asr 6",1
"subseq r0, r5, r1",1
"andeq r0, r0, r0",1
"strpl r0, [r0], -0",1
"str r0, [r0], -1",1
invalid,1
invalid,1
invalid,1
"andeq r0, r1, r0",1
"andeq pc, r1, r0, asr ip",1
"andeq r2, r2, r0",1
"stmdbpl r0, {r8}",1
"andeq r0, r0, r0, lsr 4",1
"andeq r0, r0, r8, ror 4",1
"mrrcge p0, 0, r0, r4, c1",1
invalid,1
invalid,1
"sbceq r5, ip, 0, 8",1
"sbcseq r0, r4, 0",1
"andeq r0, r1, r0",1
"andeq lr, r2, r0, asr ip",1
"andeq pc, r2, r0",1
"andpl r0, r0, r0, lsl 2",1
"strdeq r0, r1, [r0], -r0",1
"strdeq r0, r1, [r0], -r4",1
invalid,1
"streq r0, [r0], -2",1
"andeq r0, r0, 3",1
"ldreq r3, [pc], 0           ; [0x1cc28:4]=0x1000003",1
"strmi r0, [r0], -3",1
invalid,1
"andeq r5, r0, r0, lsl 8",1
"andeq r0, r0, r0",1
"cmpeq r4, r0",1
"biceq r0, ip, r0",1
"andeq r0, r1, r0",1
"andeq lr, r1, sl, asr r0",1
"andeq r6, r2, r0, lsl 16",1
bpl 0x1d050,1
"andeq r0, r0, ip, lsr 5",1
"strheq r0, [r0], -r4",1
"ldmdagt sl, {r0} ^",1
"strle r0, [r0], -2",1
invalid,1
"rsceq r5, ip, 0, 20",1
"movweq r0, 0x4000",1
"andeq r0, r2, r0",1
"movweq sb, 0x4f30",1
"movteq r0, 0x4000",1
"andeq r0, r1, r0",1
"andeq r0, r0, sl, asr r0",1
"andeq r0, r0, r0",1
"andeq fp, r1, r0, lsl 8",1
"andeq fp, r1, r0, lsl 16",1
"andpl r0, r0, r0, lsl 2",1
"strheq r0, [r0], -r8",1
"andeq r0, r0, r0, lsr 4",1
"mrrcge p0, 0, r0, fp, c1",1
"strle r0, [r0], -2",1
invalid,1
"rsceq r5, ip, 0, 22",1
"movweq r0, 0x4000",1
"andeq r0, r1, r0",1
"andeq r0, r0, fp, asr r0",1
"andeq r0, r0, r0",1
"andeq ip, r1, r0, lsl 8",1
"andeq sp, r1, r0",1
"andpl r0, r0, r0, lsl 2",1
"ldrdeq r0, r1, [r0], -r0",1
"ldrdeq r0, r1, [r0], -r7",1
"mrrcge p0, 0, r0, r2, c1",1
invalid,1
invalid,1
"adcseq r5, ip, 0",1
"sbceq r0, r3, 0",1
"andeq r0, r1, r0",1
"andeq r0, r0, r2, asr r0",1
"andeq r0, r0, r0",1
"andeq ip, r1, r0, lsl 8",1
"andeq pc, r1, r0, lsl 8",1
"strpl r0, [r0], -0x100",1
"andeq r0, r0, ip, lsr 5",1
"ldrdeq r0, r1, [r0], -r4",1
"mrrc p0, 0, r0, r4, c1",1
"andeq r0, r0, r2",1
invalid,1
"andeq r5, r0, r0, lsl 8",1
"andeq r0, r0, r0",1
"cmpeq r4, r0",1
"rsbeq r0, r8, 0",1
"andeq r0, r1, r0",1
"andeq sl, r2, r5, asr ip",1
"andeq sp, r2, r0, lsl 8",1
"strpl r0, [r0, -0x100]",1
"andeq r0, r0, ip, ror 5",1
"andeq r0, r0, r4, asr 6",1
"subseq r0, r5, r1",1
"andeq r0, r0, r0",1
"vst4.8 {d0, d1, d2, d3}, [r0], r0",1
"andeq r0, r0, r1",1
"streq r0, [r0], -2",1
"cdpvc p1, 0xe, c9, c8, c0, 0",1
"muleq r2, pc, r0",1
"andeq r0, r2, r0, lsl 14",1
invalid,1
"andeq r0, r0, r7, lsl 4",1
"andeq r0, r0, r0, lsr 4",1
"ldm r1, {r2}",1
"andeq sb, r0, lr, ror pc",1
"andeq r0, r0, r0",1
invalid,1
invalid,1
"andeq r0, fp, r0",1
"rsbseq r0, r4, r0, ror r0",1
invalid,1
"ldc2 p12, c1, [pc], {0x32}",1
invalid,1
bleq 0x1cd94,1
"strvc r7, [r0], -0x900",1
"rsbseq r2, fp, r0, lsl 4",1
svcls 0x1c321c,1
"andeq r0, r0, r0",1
"andeq r0, r0, r0",1
"andeq r0, r0, r8, lsl 4",1
"andeq r0, r0, r4, lsl r2",1
"ldcls p0, c0, [r1], {4}",1
"andseq sb, r4, 0x1fc",1
"andseq r0, r7, 0",1
"andeq r0, r1, r0",1
"andeq r1, r2, r1, asr r7",1
"andeq r2, r2, r0",1
invalid,1
"umullseq r7, pc, ip, pc",1
"andeq r0, r0, r0",1
invalid,1
invalid,1
"stmdaeq r0, {r1}",1
"strvc r7, [r0], -0x900",1
"ldcne p2, c2, [r1], -0",1
"muleq r0, pc, r0",1
"andeq r0, r0, r0",1
"andeq r2, r2, r0",1
"andeq r5, r2, r0",1
"strpl r0, [r0, -0x100]",1
"andeq r0, r0, r8, lsl r3",1
"andeq r0, r0, r4, asr 6",1
"subseq r0, r5, r1",1
"andeq r0, r0, r0",1
"andeq r0, r0, r0",1
"streq r0, [r0], -0",1
"andeq r0, r0, 0",1
"streq r7, [r0], -0xd00",1
invalid,1
"andeq r0, r0, 0",1
"ldmdaeq r0, {r8, sl, fp, ip, sp, lr}",1
"andge r0, r0, r0",1
"andeq r0, r0, 0",1
"andseq r7, r8, r0, lsl 26",1
"andeq r0, r0, r0",1
"andeq r0, r0, r0",1
svceq 0,1
invalid,1
"andeq r5, pc, r0",1
"addseq r0, r4, r0",1
"andeq r0, r1, r0",1
"andeq sb, r0, r4, asr r4",1
"andeq sb, r0, r0, lsl 30",1
"andpl r0, r0, r0, lsl 2",1
"muleq r0, pc, r0",1
"andeq r0, r0, r0, lsr 1",1
"subseq r0, r4, r1",1
"andeq r0, r0, r0",1
"andeq r0, r0, r0",1
"andmi r0, r0, r0",1
"andeq r0, r0, 0",1
"addsmi r3, pc, r0",1
"andvs r0, r0, r0",1
invalid,1
"rsbeq r5, r0, r0, lsl 12",1
"adceq r0, r0, r0",1
"andeq r0, r2, r0",1
"andeq sb, r0, r0, lsr pc",1
"andeq r0, r0, r0",1
"andseq r0, r0, r0",1
"andseq r0, r8, r0",1
"andeq r0, r1, r0",1
"andeq r0, r0, r0, asr r0",1
"andeq r0, r0, r0",1
"andeq r0, r0, r0",1
"andeq r4, r0, r0, lsl 24",1
"andlo r0, r0, r0, lsl 4",1
"muleq r0, pc, ip",1
"andeq r5, r0, r0, lsl 8",1
"andpl r0, r0, r0, lsl 2",1
"andeq r0, r0, r4, asr r0",1
"andeq r0, r0, r8, asr r0",1
invalid,1
"muleq r0, pc, r0",1
"andeq sl, r0, r0",1
"andlo r0, r0, r0, lsl 4",1
"muleq r0, pc, r0",1
"andeq r0, r0, r0",1
"andeq r0, r0, r0",1
"andeq r0, r0, r0, lsl 8",1
"stcvc p2, c0, [r0, -0]",1
"andeq r0, r0, r0, lsl 8",1
"andeq r0, r0, r0, lsl 24",1
"stcvc p2, c0, [r0, -0]",1
"andeq r0, r0, r8, lsl 24",1
"andeq r5, r0, r0, lsl 8",1
"stcvc p2, c0, [r0, -0]",1
"andeq r0, r0, r0, lsl r0",1
"andeq r0, r0, r0",1
"andeq r0, r0, r0",1
"andeq r1, r0, r0, lsl 6",1
"andpl r0, r0, r0, lsl 2",1
"andeq r0, r0, r3, lsl r0",1
"andeq r0, r0, r4, asr r0",1
"subseq r0, r4, r1",1
"andeq r0, r0, r0",1
"andeq r0, r0, r0",1
"streq r0, [r0], -0",1
"andeq r0, r0, 0",1
"streq r7, [r0], -0xd00",1
invalid,1
"andeq r0, r0, 0",1
invalid,1
"strge r0, [r0], -0",1
"andeq r0, r0, 0",1
"eoreq r7, r8, r0, lsl 26",1
"andeq r0, r0, r0",1
"andeq r0, r0, r0",1
"andhs r0, r0, r0",1
invalid,1
"eoreq r5, r0, r0",1
"eorseq r0, r0, r0",1
"andeq r0, r1, r0",1
"andeq r3, r0, r6, asr r0",1
"andeq r5, r0, r0, lsl 14",1
"andpl r0, r0, r0, lsl 2",1
"andeq r0, r0, r7, asr r0",1
"andeq r0, r0, r4, lsr 1",1
"subseq r0, r6, r1",1
"andeq r0, r0, r0",1
"andeq r0, r0, r0",1
svchs 0,1
"streq r0, [r0], -r0",1
"ldreq r5, [r3], 0x200",1
svchs 0x49353,1
"andlo r0, r0, r0",1
"streq r0, [r0], -r0",1
invalid,1
"addslo r2, pc, r2, lsl 10",1
"strpl r0, [r0, -r0]",1
"streq r0, [r0], -r0",1
"ldreq r5, [r3], 0x200",1
"smlsdpl r4, r3, r3, sb",1
"strge r0, [r0], -0",1
"streq r0, [r0], -r0",1
invalid,1
"addseq r2, pc, r2, lsl 10",1
"andeq r0, r0, r0",1
invalid,1
"strls r0, [r0], -0",1
"streq r0, [r0], -r0",1
"ldreq r5, [r3], 0",1
invalid,1
"andge r0, r0, r0",1
"streq r0, [r0], -r0",1
"ldreq r5, [r3], 0",1
"andeq sb, r4, r1, asr r3",1
"andeq r0, r0, r0",1
"andeq r0, r0, r0",1
"streq r0, [r0], -0",1
"andeq r0, r0, 0",1
"streq r7, [r0], -0xd00",1
"strvs r0, [r0], -0",1
"andeq r0, r0, 0",1
"eoreq r7, r0, r0, lsl 26",1
"andeq r0, r0, r0",1
"andeq r0, r0, r0",1
svcne 0,1
invalid,1
"andseq r5, pc, r0",1
"rsbeq r0, r4, r0",1
"andeq r0, r1, r0",1
"andeq r0, r0, r7, asr r0",1
"andeq r0, r0, r0",1
"andeq r0, r0, r0",1
"andeq r1, r0, r0, lsl 30",1
invalid,1
"andeq r0, r0, pc, lsl r0",1
"andeq r0, r0, r4, rrx",1
"subseq r0, r8, r1",1
"andeq r0, r0, r0",1
"andeq r0, r0, r0",1
svcne 0,1
invalid,1
"andseq r5, pc, r0, lsl 4",1
"rsbeq r0, r4, r0",1
"andeq r0, r1, r0",1
"andeq r0, r0, sl, asr r0",1
"andeq r0, r0, r0",1
"andeq r2, r0, r0",1
"andeq r3, r0, r0, lsl 16",1
"andlo r0, r0, r0, lsl 4",1
"muleq r0, pc, r0",1
"andeq r6, r0, r0, lsl 8",1
"strpl r0, [r0], -0x100",1
"andeq r0, r0, r0",1
"andeq r0, r0, r0",1
"andeq r0, r0, r0",1
"andeq r0, r0, r3, lsr 32",1
"cmphs r0, 1",1
invalid,1
"streq r0, [r0], -0",1
"andpl pc, r1, r0, lsl 6",1
"muleq r0, pc, r0",1
"andeq r0, r0, r0",1
"andeq r0, r0, r0",1
invalid,1
"andeq r0, r0, r0",1
"strheq sb, [r0], -ip",1
"andeq sb, r0, r0, ror 7",1
"strheq r8, [r0], -r8",1
"andeq r8, r0, r0, asr 27",1
"andeq ip, r0, r8, asr 23",1
"andeq ip, r0, ip, asr 23",1
"andeq r0, r0, r0",1
"andeq r0, r0, r0",1
"andeq sb, r0, r8, lsr r5",1
"andeq sb, r0, r8, ror 20",1
"andeq sb, r0, ip, ror 20",1
"strheq sb, [r0], -r4",1
"ldrdeq sb, sl, [r0], -r0",1
"strdeq sb, sl, [r0], -r0",1
"andeq sb, r0, r4, ror fp",1
"andeq sb, r0, r0, lsl 23",1
"andeq r0, r0, r0",1
"andeq r0, r0, r0",1
"andeq sb, r0, r8, lsr r5",1
"andeq sb, r0, r8, ror 20",1
"andeq sb, r0, ip, ror 20",1
"strheq sb, [r0], -r4",1
"ldrdeq sb, sl, [r0], -r0",1
"strdeq sb, sl, [r0], -r0",1
"andeq sb, r0, r4, ror fp",1
"andeq sb, r0, r0, lsl 23",1
"andeq r0, r0, r0",1
"andeq r0, r0, r0",1
"strheq sb, [r0], -ip",1
"strdeq sb, sl, [r0], -ip",1
"andeq sb, r0, r8, asr r7",1
"andeq sb, r0, ip, asr r7",1
"andeq sb, r0, ip, asr 15",1
"andeq sb, r0, r8, lsr r8",1
"andeq r0, r0, r0",1
"andeq r0, r0, r0",1
"andeq sb, r0, r4, asr 11",1
"andeq sb, r0, r0, ror 11",1
"andeq sb, r0, ip, asr 15",1
"strdeq sb, sl, [r0], -r4",1
"andeq r0, r0, r0",1
"andeq r0, r0, r0",1
"andeq sb, r0, r4, asr 11",1
"andeq sb, r0, r0, ror 11",1
"andeq sb, r0, ip, asr 15",1
"strdeq sb, sl, [r0], -r4",1
"andeq r0, r0, r0",1
"andeq r0, r0, r0",1
"ldrdeq sb, sl, [r0], -r4",1
"andeq sb, r0, r0, ror 11",1
"andeq sb, r0, ip, asr 15",1
"ldrdeq sb, sl, [r0], -r8",1
"andeq r0, r0, r0",1
"andeq r0, r0, r0",1
"andeq sb, r0, r4, ror 12",1
"andeq sb, r0, r8, ror 12",1
"andeq sb, r0, r0, ror r6",1
"andeq sb, r0, ip, lsl 13",1
"muleq r0, r0, r6",1
"muleq r0, r4, r6",1
"andeq r0, r0, r0",1
"andeq r0, r0, r0",1
"andeq sb, r0, r8, lsr 14",1
"andeq sb, r0, ip, lsr 14",1
"andeq sb, r0, r0, lsr r7",1
"andeq sb, r0, r8, asr r7",1
"andeq sb, r0, ip, asr r7",1
"andeq sb, r0, r4, lsl 15",1
"andeq sb, r0, r8, ror r8",1
"andeq sb, r0, ip, ror r8",1
"ldrdeq sb, sl, [r0], -r0",1
"ldrdeq sb, sl, [r0], -r8",1
"andeq r0, r0, r0",1
"andeq r0, r0, r0",1
"andeq sb, r0, r8, lsr 14",1
"andeq sb, r0, ip, lsr 14",1
"andeq sb, r0, r0, lsr r7",1
"andeq sb, r0, r8, asr r7",1
"andeq sb, r0, ip, asr r7",1
"andeq sb, r0, r4, lsl 15",1
"andeq sb, r0, r8, ror r8",1
"andeq sb, r0, ip, ror r8",1
"ldrdeq sb, sl, [r0], -r0",1
"ldrdeq sb, sl, [r0], -r8",1
"andeq r0, r0, r0",1
"andeq r0, r0, r0",1
"andeq sb, r0, r8, lsr 14",1
"andeq sb, r0, ip, lsr 14",1
"andeq sb, r0, r0, lsr r7",1
"andeq sb, r0, r8, asr 14",1
"andeq sb, r0, ip, asr 14",1
"andeq sb, r0, r0, asr r7",1
"andeq r0, r0, r0",1
"andeq r0, r0, r0",1
"andeq sb, r0, r0, ror 14",1
"andeq sb, r0, ip, ror 14",1
"andeq sb, r0, r0, ror r7",1
"andeq sb, r0, r4, ror r7",1
"andeq r0, r0, r0",1
"andeq r0, r0, r0",1
"andeq sb, r0, r8, asr 16",1
"andeq sb, r0, ip, asr 16",1
"andeq sb, r0, r0, asr r8",1
"andeq sb, r0, r8, ror r8",1
"andeq sb, r0, ip, ror r8",1
"andeq sb, r0, r4, lsr 17",1
"ldrdeq sb, sl, [r0], -r8",1
"andeq sb, r0, r0, ror 21",1
"andeq r0, r0, r0",1
"andeq r0, r0, r0",1
"andeq sb, r0, r8, asr 16",1
"andeq sb, r0, ip, asr 16",1
"andeq sb, r0, r0, asr r8",1
"andeq sb, r0, r8, ror r8",1
"andeq sb, r0, ip, ror r8",1
"andeq sb, r0, r4, lsr 17",1
"ldrdeq sb, sl, [r0], -r8",1
"andeq sb, r0, r0, ror 21",1
"andeq r0, r0, r0",1
"andeq r0, r0, r0",1
"andeq sb, r0, r8, asr 16",1
"andeq sb, r0, ip, asr 16",1
"andeq sb, r0, r0, asr r8",1
"andeq sb, r0, r8, ror 16",1
"andeq sb, r0, ip, ror 16",1
"andeq sb, r0, r0, ror r8",1
"andeq r0, r0, r0",1
"andeq r0, r0, r0",1
"andeq sb, r0, r0, lsl 17",1
"andeq sb, r0, ip, lsl 17",1
"muleq r0, r0, r8",1
"muleq r0, r4, r8",1
"andeq r0, r0, r0",1
"andeq r0, r0, r0",1
"ldrdeq sb, sl, [r0], -r8",1
"ldrdeq sb, sl, [r0], -ip",1
"andeq sb, r0, r0, ror 17",1
"andeq sb, r0, r8, lsl 18",1
"andeq sb, r0, ip, lsl 18",1
"andeq sb, r0, r4, lsr sb",1
"andeq sb, r0, r8, ror 21",1
"strdeq sb, sl, [r0], -r0",1
"andeq r0, r0, r0",1
"andeq r0, r0, r0",1
"ldrdeq sb, sl, [r0], -r8",1
"ldrdeq sb, sl, [r0], -ip",1
"andeq sb, r0, r0, ror 17",1
"andeq sb, r0, r8, lsl 18",1
"andeq sb, r0, ip, lsl 18",1
"andeq sb, r0, r4, lsr sb",1
"andeq sb, r0, r8, ror 21",1
"strdeq sb, sl, [r0], -r0",1
"andeq r0, r0, r0",1
"andeq r0, r0, r0",1
"ldrdeq sb, sl, [r0], -r8",1
"ldrdeq sb, sl, [r0], -ip",1
"andeq sb, r0, r0, ror 17",1
"strdeq sb, sl, [r0], -r8",1
"strdeq sb, sl, [r0], -ip",1
"andeq sb, r0, r0, lsl 18",1
"andeq r0, r0, r0",1
"andeq r0, r0, r0",1
"andeq sb, r0, r0, lsl sb",1
"andeq sb, r0, ip, lsl sb",1
"andeq sb, r0, r0, lsr 18",1
"andeq sb, r0, r4, lsr 18",1
"andeq r0, r0, r0",1
"andeq r0, r0, r0",1
"andeq sb, r0, r8, lsl 18",1
"andeq sb, r0, ip, lsl 18",1
"andeq sb, r0, ip, ror 18",1
"andeq sb, r0, r0, ror sb",1
"andeq sb, r0, r4, ror sb",1
"muleq r0, ip, sb",1
"andeq sb, r0, r0, lsr 19",1
"andeq sb, r0, ip, asr 19",1
"andeq sb, r0, r0, ror 21",1
"andeq sb, r0, r8, ror 21",1
"andeq r0, r0, r0",1
"andeq r0, r0, r0",1
"andeq sb, r0, r8, lsl 18",1
"andeq sb, r0, ip, lsl 18",1
"andeq sb, r0, ip, ror 18",1
"andeq sb, r0, r0, ror sb",1
"andeq sb, r0, r4, ror sb",1
"muleq r0, ip, sb",1
"andeq sb, r0, r0, lsr 19",1
"andeq sb, r0, ip, asr 19",1
"andeq sb, r0, r0, ror 21",1
"andeq sb, r0, r8, ror 21",1
"andeq r0, r0, r0",1
"andeq r0, r0, r0",1
"andeq sb, r0, ip, ror 18",1
"andeq sb, r0, r0, ror sb",1
"andeq sb, r0, r4, ror sb",1
"andeq sb, r0, ip, lsl 19",1
"muleq r0, r0, sb",1
"muleq r0, r4, sb",1
"andeq r0, r0, r0",1
"andeq r0, r0, r0",1
"andeq sb, r0, r4, lsr 19",1
"strheq sb, [r0], -r0",1
"strheq sb, [r0], -r4",1
"strheq sb, [r0], -r8",1
"andeq r0, r0, r0",1
"andeq r0, r0, r0",1
"muleq r0, ip, sb",1
"andeq sb, r0, r0, lsr 19",1
"andeq sb, r0, r8, lsr sl",1
"andeq sb, r0, ip, lsr sl",1
"andeq sb, r0, r0, asr 20",1
"andeq sb, r0, r8, ror 20",1
"andeq sb, r0, ip, ror 20",1
"muleq r0, r4, sl",1
"andeq sb, r0, r4, ror fp",1
"andeq sb, r0, r0, lsl 23",1
"andeq r0, r0, r0",1
"andeq r0, r0, r0",1
"muleq r0, ip, sb",1
"andeq sb, r0, r0, lsr 19",1
"andeq sb, r0, r8, lsr sl",1
"andeq sb, r0, ip, lsr sl",1
"andeq sb, r0, r0, asr 20",1
"andeq sb, r0, r8, ror 20",1
"andeq sb, r0, ip, ror 20",1
"muleq r0, r4, sl",1
"andeq sb, r0, r4, ror fp",1
"andeq sb, r0, r0, lsl 23",1
"andeq r0, r0, r0",1
"andeq r0, r0, r0",1
"andeq sb, r0, r8, lsr sl",1
"andeq sb, r0, ip, lsr sl",1
"andeq sb, r0, r0, asr 20",1
"andeq sb, r0, r8, asr sl",1
"andeq sb, r0, ip, asr sl",1
"andeq sb, r0, r0, ror 20",1
"andeq sb, r0, ip, ror fp",1
"andeq sb, r0, r0, lsl 23",1
"andeq r0, r0, r0",1
"andeq r0, r0, r0",1
"andeq sb, r0, r0, ror sl",1
"andeq sb, r0, ip, ror sl",1
"andeq sb, r0, r0, lsl 21",1
"andeq sb, r0, r4, lsl 21",1
"andeq r0, r0, r0",1
"andeq r0, r0, r0",1
"andeq sb, r0, r0, lsl 22",1
"andeq sb, r0, r4, lsl 22",1
"andeq sb, r0, r8, lsl 22",1
"andeq sb, r0, r4, lsr 22",1
"andeq sb, r0, r8, lsr 22",1
"andeq sb, r0, ip, lsr 22",1
"andeq r0, r0, r0",1
"andeq r0, r0, r0",1
"andeq sb, r0, ip, lsr 22",1
"andeq sb, r0, r0, lsr fp",1
"andeq sb, r0, ip, lsr fp",1
"andeq sb, r0, r0, asr 22",1
"andeq r0, r0, r0",1
"andeq r0, r0, r0",1
"andeq sb, r0, r4, asr 24",1
"andeq sb, r0, r8, asr 24",1
"andeq sb, r0, ip, asr 24",1
"andeq sb, r0, ip, asr ip",1
"andeq r0, r0, r0",1
"andeq r0, r0, r0",1
"andeq sb, r0, r0, ror ip",1
"andeq sb, r0, r4, ror ip",1
"andeq sb, r0, ip, ror ip",1
"andeq sb, r0, r8, lsl 25",1
"andeq r0, r0, r0",1
"andeq r0, r0, r0",1
"strdeq sb, sl, [r0], -r8",1
"strdeq sb, sl, [r0], -ip",1
"andeq sb, r0, r0, lsl 26",1
"andeq sb, r0, r8, lsl 26",1
"andeq r0, r0, r0",1
"andeq r0, r0, r0",1
"andeq sb, r0, r8, lsl sp",1
"andeq sb, r0, ip, lsl sp",1
"andeq sb, r0, r0, lsr 26",1
"andeq sb, r0, ip, lsr 26",1
"andeq r0, r0, r0",1
"andeq r0, r0, r0",1
"andeq sb, r0, r0, ror sp",1
"andeq sb, r0, r4, ror sp",1
"andeq sb, r0, r8, ror sp",1
"andeq sb, r0, r4, lsl 27",1
"andeq r0, r0, r0",1
"andeq r0, r0, r0",1
"andeq sb, r0, r0, lsr 27",1
"andeq sb, r0, r4, lsr 27",1
"andeq sb, r0, r8, lsr 27",1
"strdeq sb, sl, [r0], -r8",1
"andeq r0, r0, r0",1
"andeq r0, r0, r0",1
"andeq sb, r0, r4, asr 3",1
"andeq sb, r0, r4, lsr 4",1
"andeq sb, r0, r8, ror 4",1
"ldrdeq sb, sl, [r0], -r0",1
"andeq r0, r0, r0",1
"andeq r0, r0, r0",1
"andeq sb, r0, r4, asr 3",1
"andeq sb, r0, r4, lsr 4",1
"andeq sb, r0, r8, ror 4",1
"ldrdeq sb, sl, [r0], -r0",1
"andeq r0, r0, r0",1
"andeq r0, r0, r0",1
"strheq sb, [r0], -r4",1
"strdeq sb, sl, [r0], -r8",1
"andeq sb, r0, r0, asr 1",1
"andeq sb, r0, r0, lsl 7",1
"andeq r0, r0, r0",1
"andeq r0, r0, r0",1
"andeq r0, r0, r8, ror r0",1
"andeq r0, r0, r0, asr 1",1
"andeq r0, r0, ip, asr 1",1
"andeq r0, r0, r8, lsl 2",1
"andeq r0, r0, r0",1
"andeq r0, r0, r0",1
"andeq r0, r0, r0, lsl 1",1
"strheq r0, [r0], -r0",1
"andeq r0, r0, r4, asr 1",1
"andeq r0, r0, ip, ror 1",1
"andeq r0, r0, r0",1
"andeq r0, r0, r0",1
"andeq r0, r0, r0, lsl 1",1
"strheq r0, [r0], -r0",1
"andeq r0, r0, r4, asr 1",1
"andeq r0, r0, ip, ror 1",1
"andeq r0, r0, r0",1
"andeq r0, r0, r0",1
"andeq r0, r0, r8, lsl 1",1
"strheq r0, [r0], -r0",1
"andeq r0, r0, r4, asr 1",1
"andeq r0, r0, ip, ror 1",1
"andeq r0, r0, r0",1
"andeq r0, r0, r0",1
"andeq r0, r0, r8, lsl 1",1
"strheq r0, [r0], -r0",1
"andeq r0, r0, r4, asr 1",1
"andeq r0, r0, ip, ror 1",1
"andeq r0, r0, r0",1
"andeq r0, r0, r0",1
"andeq r0, r0, r8, lsl 1",1
"strheq r0, [r0], -r0",1
"andeq r0, r0, r4, asr 1",1
"andeq r0, r0, ip, ror 1",1
"andeq r0, r0, r0",1
"andeq r0, r0, r0",1
"andeq r0, r0, r8, lsl 1",1
"strheq r0, [r0], -r0",1
"andeq r0, r0, r4, asr 1",1
"andeq r0, r0, ip, ror 1",1
"andeq r0, r0, r0",1
"andeq r0, r0, r0",1
"muleq r0, r8, r0",1
"strheq r0, [r0], -r0",1
"andeq r0, r0, r4, asr 1",1
"andeq r0, r0, ip, ror 1",1
"andeq r0, r0, r0",1
"andeq r0, r0, r0",1
"muleq r0, r8, r0",1
"strheq r0, [r0], -r0",1
"andeq r0, r0, r4, asr 1",1
"andeq r0, r0, ip, ror 1",1
"andeq r0, r0, r0",1
"andeq r0, r0, r0",1
"andeq r0, r0, r4, lsr 1",1
"strheq r0, [r0], -r0",1
"andeq r0, r0, r4, asr 1",1
"andeq r0, r0, ip, ror 1",1
"andeq r0, r0, r0",1
"andeq r0, r0, r0",1
"andeq r0, r0, r4, lsr 1",1
"strheq r0, [r0], -r0",1
"andeq r0, r0, r4, asr 1",1
"andeq r0, r0, ip, ror 1",1
"andeq r0, r0, r0",1
"andeq r0, r0, r0",1
"andeq r0, r0, r8, ror 4",1
"andeq r0, r0, r8, ror r2",1
"andeq r0, r0, ip, ror r2",1
"andeq r0, r0, r8, ror 5",1
"andeq r0, r0, r0, lsl 6",1
"andeq r0, r0, r0, asr 13",1
"andeq r0, r0, r4, asr 13",1
"andeq r0, r0, r8, asr 13",1
"andeq r0, r0, r0, ror 14",1
"andeq r0, r0, ip, lsl 15",1
"ldrdeq r0, r1, [r0], -ip",1
"strdeq r0, r1, [r0], -ip",1
"andeq r0, r0, r0, lsr 22",1
"andeq r0, r0, r0, ror 26",1
"muleq r0, r8, sp",1
"andeq r0, r0, r8, lsl 28",1
"andeq r0, r0, r0",1
"andeq r0, r0, r0",1
"ldrdeq r0, r1, [r0], -ip",1
"andeq r0, r0, r0, ror 5",1
"andeq r0, r0, r4, ror 5",1
"andeq r0, r0, r8, ror 5",1
"strheq r0, [r0], -r0",1
"andeq r0, r0, r4, lsl 19",1
"andeq r0, r0, ip, lsr 22",1
"andeq r0, r0, r0, asr 22",1
"andeq r0, r0, r8, ror 22",1
"andeq r0, r0, ip, lsl sp",1
"andeq r0, r0, r0, asr sp",1
"andeq r0, r0, r0, ror 26",1
"muleq r0, r8, sp",1
"andeq r0, r0, r8, lsl 28",1
"andeq r0, r0, r0",1
"andeq r0, r0, r0",1
"ldrdeq r0, r1, [r0], -ip",1
"andeq r0, r0, r0, ror 5",1
"andeq r0, r0, r4, ror 5",1
"andeq r0, r0, r8, ror 5",1
"andeq r0, r0, ip, asr 17",1
"andeq r0, r0, r8, ror 17",1
"andeq r0, r0, ip, lsr 22",1
"andeq r0, r0, r0, asr 22",1
"andeq r0, r0, r8, ror 22",1
"strheq r0, [r0], -r8",1
"andeq r0, r0, r0, asr sp",1
"andeq r0, r0, r0, ror 26",1
"muleq r0, r8, sp",1
"andeq r0, r0, r8, lsl 28",1
"andeq r0, r0, r0",1
"andeq r0, r0, r0",1
"ldrdeq r0, r1, [r0], -ip",1
"andeq r0, r0, r0, ror 5",1
"andeq r0, r0, r4, ror 5",1
"andeq r0, r0, r8, ror 5",1
"andeq r0, r0, ip, asr 17",1
"andeq r0, r0, r8, ror 17",1
"andeq r0, r0, r8, ror 22",1
"andeq r0, r0, r4, ror ip",1
"andeq r0, r0, r8, ror ip",1
"andeq r0, r0, ip, ror ip",1
"andeq r0, r0, r4, lsl 25",1
"andeq r0, r0, r8, lsl 25",1
"muleq r0, r8, sp",1
"andeq r0, r0, r8, lsl 28",1
"andeq r0, r0, r0",1
"andeq r0, r0, r0",1
"ldrdeq r0, r1, [r0], -ip",1
"andeq r0, r0, r0, ror 5",1
"andeq r0, r0, r4, ror 5",1
"andeq r0, r0, r8, ror 5",1
"andeq r0, r0, r8, lsr 23",1
"andeq r0, r0, r0, ror 24",1
"andeq r0, r0, r0",1
"andeq r0, r0, r0",1
"andeq r0, r0, ip, lsr 22",1
"andeq r0, r0, r0, lsr fp",1
"andeq r0, r0, r4, lsr fp",1
"andeq r0, r0, ip, lsr fp",1
"andeq r0, r0, r0",1
"andeq r0, r0, r0",1
"strdeq r0, r1, [r0], -r0",1
"andeq r0, r0, r4, lsl 19",1
"andeq r0, r0, ip, asr 25",1
"andeq r0, r0, ip, lsl sp",1
"andeq r0, r0, r0",1
"andeq r0, r0, r0",1
"ldrdeq r0, r1, [r0], -r8",1
"andeq r0, r0, r0, lsr 30",1
"andeq r1, r0, ip",1
"andeq r1, r0, r4, lsr r0",1
"andeq r1, r0, r8, lsr r0",1
"andeq r1, r0, r4, asr 32",1
"andeq r0, r0, r0",1
"andeq r0, r0, r0",1
"andeq r0, r0, r8, lsl 30",1
"andeq r0, r0, ip, lsl 30",1
"andeq r0, r0, r0, lsl pc",1
"andeq r0, r0, ip, lsl pc",1
"andeq r0, r0, r0",1
"andeq r0, r0, r0",1
"andeq r0, r0, r0, lsr 30",1
"strdeq r0, r1, [r0], -ip",1
"andeq r1, r0, r0",1
"andeq r1, r0, r4",1
"andeq r0, r0, r0",1
"andeq r0, r0, r0",1
"andeq r0, r0, ip, lsr 31",1
"strheq r0, [r0], -r8",1
"strdeq r0, r1, [r0], -r0",1
"strdeq r0, r1, [r0], -r4",1
"andeq r0, r0, r0",1
"andeq r0, r0, r0",1
"strheq r1, [r0], -ip",1
"andeq r1, r0, r0, asr 3",1
"andeq r1, r0, r4, asr 3",1
"andeq r1, r0, r8, asr 3",1
"andeq r1, r0, ip, asr 3",1
"ldrdeq r1, r2, [r0], -r0",1
"ldrdeq r1, r2, [r0], -r4",1
"andeq r1, r0, ip, asr r2",1
"andeq r1, r0, r0, ror 4",1
"andeq r1, r0, r4, ror 4",1
"andeq r0, r0, r0",1
"andeq r0, r0, r0",1
"strheq r1, [r0], -ip",1
"andeq r1, r0, r0, asr 3",1
"andeq r1, r0, r4, asr 3",1
"andeq r1, r0, r8, asr 3",1
"andeq r1, r0, ip, asr 3",1
"ldrdeq r1, r2, [r0], -r0",1
"ldrdeq r1, r2, [r0], -r4",1
"andeq r1, r0, ip, asr r2",1
"andeq r1, r0, r0, ror 4",1
"andeq r1, r0, r4, ror 4",1
"andeq r0, r0, r0",1
"andeq r0, r0, r0",1
"andeq r1, r0, r0, lsr 4",1
"andeq r1, r0, r8, lsr 4",1
"andeq r1, r0, r0, asr r2",1
"andeq r1, r0, r4, asr r2",1
"andeq r0, r0, r0",1
"andeq r0, r0, r0",1
"andeq r1, r0, r0, ror 7",1
"andeq r1, r0, r4, ror 7",1
"andeq r1, r0, r8, ror 7",1
"strdeq r1, r2, [r0], -r0",1
"strdeq r1, r2, [r0], -r0",1
"strdeq r1, r2, [r0], -r8",1
"andeq r0, r0, r0",1
"andeq r0, r0, r0",1
"andeq r1, r0, r0, lsl 8",1
"andeq r1, r0, ip, lsl 8",1
"andeq r1, r0, ip, lsl 8",1
"andeq r1, r0, r4, lsl r4",1
"andeq r0, r0, r0",1
"andeq r0, r0, r0",1
"andeq r1, r0, r8, lsl r4",1
"andeq r1, r0, ip, lsl r4",1
"andeq r1, r0, r0, lsr 8",1
"andeq r1, r0, r4, lsr 8",1
"andeq r1, r0, ip, lsr 8",1
"andeq r1, r0, r0, lsl 9",1
"muleq r0, ip, r4",1
"andeq r1, r0, r0, lsr 9",1
"andeq r0, r0, r0",1
"andeq r0, r0, r0",1
"andeq r1, r0, r8, lsl r4",1
"andeq r1, r0, ip, lsl r4",1
"andeq r1, r0, r0, lsr 8",1
"andeq r1, r0, r4, lsr 8",1
"andeq r1, r0, ip, lsr 8",1
"andeq r1, r0, r0, lsl 9",1
"muleq r0, ip, r4",1
"andeq r1, r0, r0, lsr 9",1
"andeq r0, r0, r0",1
"andeq r0, r0, r0",1
"andeq r1, r0, r4, lsr 9",1
"andeq r1, r0, r8, lsr 9",1
"andeq r1, r0, ip, lsr 9",1
"strheq r1, [r0], -r0",1
"strheq r1, [r0], -ip",1
"andeq r1, r0, r0, lsl r5",1
"andeq r1, r0, ip, lsr 10",1
"andeq r1, r0, r0, lsr r5",1
"andeq r0, r0, r0",1
"andeq r0, r0, r0",1
"andeq r1, r0, r4, lsr 9",1
"andeq r1, r0, r8, lsr 9",1
"andeq r1, r0, ip, lsr 9",1
"strheq r1, [r0], -r0",1
"strheq r1, [r0], -ip",1
"andeq r1, r0, r0, lsl r5",1
"andeq r1, r0, ip, lsr 10",1
"andeq r1, r0, r0, lsr r5",1
"andeq r0, r0, r0",1
"andeq r0, r0, r0",1
"andeq r1, r0, r4, lsr r5",1
"andeq r1, r0, r8, lsr r5",1
"andeq r1, r0, ip, lsr r5",1
"andeq r1, r0, r0, asr 10",1
"andeq r1, r0, r4, asr 10",1
"andeq r1, r0, ip, lsr 11",1
"strheq r1, [r0], -r4",1
"strheq r1, [r0], -r8",1
"andeq r0, r0, r0",1
"andeq r0, r0, r0",1
"andeq r1, r0, r4, lsr r5",1
"andeq r1, r0, r8, lsr r5",1
"andeq r1, r0, ip, lsr r5",1
"andeq r1, r0, r0, asr 10",1
"andeq r1, r0, r4, asr 10",1
"andeq r1, r0, ip, lsr 11",1
"strheq r1, [r0], -r4",1
"strheq r1, [r0], -r8",1
"andeq r0, r0, r0",1
"andeq r0, r0, r0",1
"andeq r1, r0, r4, lsr r5",1
"andeq r1, r0, r8, lsr r5",1
"andeq r1, r0, ip, lsr r5",1
"andeq r1, r0, r0, asr 10",1
"andeq r1, r0, r4, asr 10",1
"muleq r0, r8, r5",1
"strheq r1, [r0], -r4",1
"strheq r1, [r0], -r8",1
"andeq r0, r0, r0",1
"andeq r0, r0, r0",1
"andeq r1, r0, r4, lsr r5",1
"andeq r1, r0, r8, lsr r5",1
"andeq r1, r0, ip, lsr r5",1
"andeq r1, r0, r0, asr 10",1
"andeq r1, r0, r4, asr 10",1
"muleq r0, r8, r5",1
"strheq r1, [r0], -r4",1
"strheq r1, [r0], -r8",1
"andeq r0, r0, r0",1
"andeq r0, r0, r0",1
"strheq r1, [r0], -ip",1
"andeq r1, r0, r0, asr 11",1
"andeq r1, r0, r4, asr 11",1
"andeq r1, r0, r8, asr 11",1
"ldrdeq r1, r2, [r0], -r0",1
"andeq r1, r0, r8, lsr r6",1
"andeq r1, r0, r0, asr 12",1
"andeq r1, r0, r4, asr 12",1
"andeq r0, r0, r0",1
"andeq r0, r0, r0",1
"strheq r1, [r0], -ip",1
"andeq r1, r0, r0, asr 11",1
"andeq r1, r0, r4, asr 11",1
"andeq r1, r0, r8, asr 11",1
"ldrdeq r1, r2, [r0], -r0",1
"andeq r1, r0, r8, lsr r6",1
"andeq r1, r0, r0, asr 12",1
"andeq r1, r0, r4, asr 12",1
"andeq r0, r0, r0",1
"andeq r0, r0, r0",1
"strheq r1, [r0], -ip",1
"andeq r1, r0, r0, asr 11",1
"andeq r1, r0, r4, asr 11",1
"andeq r1, r0, r8, asr 11",1
"ldrdeq r1, r2, [r0], -r0",1
"andeq r1, r0, r4, lsr 12",1
"andeq r1, r0, r0, asr 12",1
"andeq r1, r0, r4, asr 12",1
"andeq r0, r0, r0",1
"andeq r0, r0, r0",1
"strheq r1, [r0], -ip",1
"andeq r1, r0, r0, asr 11",1
"andeq r1, r0, r4, asr 11",1
"andeq r1, r0, r8, asr 11",1
"ldrdeq r1, r2, [r0], -r0",1
"andeq r1, r0, r4, lsr 12",1
"andeq r1, r0, r0, asr 12",1
"andeq r1, r0, r4, asr 12",1
"andeq r0, r0, r0",1
"andeq r0, r0, r0",1
"andeq r1, r0, r8, ror r6",1
"andeq r1, r0, r0, lsr 13",1
"andeq r1, r0, ip, lsr 13",1
"strheq r1, [r0], -r0",1
"andeq r0, r0, r0",1
"andeq r0, r0, r0",1
"andeq r1, r0, r8, ror r6",1
"andeq r1, r0, ip, lsl 13",1
"muleq r0, r0, r6",1
"muleq r0, r4, r6",1
"muleq r0, r8, r6",1
"andeq r1, r0, r0, lsr 13",1
"andeq r1, r0, ip, lsr 13",1
"strheq r1, [r0], -r0",1
"andeq r0, r0, r0",1
"andeq r0, r0, r0",1
"andeq r1, r0, r8, asr 13",1
"andeq r1, r0, ip, asr 13",1
"ldrdeq r1, r2, [r0], -r0",1
"ldrdeq r1, r2, [r0], -r4",1
"ldrdeq r1, r2, [r0], -ip",1
"andeq r1, r0, r4, lsr r7",1
"andeq r0, r0, r0",1
"andeq r0, r0, r0",1
"andeq r1, r0, r8, asr 13",1
"andeq r1, r0, ip, asr 13",1
"ldrdeq r1, r2, [r0], -r0",1
"ldrdeq r1, r2, [r0], -r4",1
"ldrdeq r1, r2, [r0], -ip",1
"andeq r1, r0, r4, lsl r7",1
"andeq r1, r0, r8, lsl r7",1
"andeq r1, r0, r4, lsr r7",1
"andeq r0, r0, r0",1
"andeq r0, r0, r0",1
"strdeq r1, r2, [r0], -r4",1
"andeq r1, r0, r4, lsl r7",1
"andeq r1, r0, r8, lsl r7",1
"andeq r1, r0, ip, lsl r7",1
"andeq r1, r0, r8, lsr 14",1
"andeq r1, r0, ip, lsr 14",1
"andeq r0, r0, r0",1
"andeq r0, r0, r0",1
"strdeq r1, r2, [r0], -r4",1
"andeq r1, r0, r8, lsl 14",1
"andeq r1, r0, ip, lsl 14",1
"andeq r1, r0, r0, lsl r7",1
"andeq r1, r0, r8, lsl r7",1
"andeq r1, r0, ip, lsl r7",1
"andeq r1, r0, r8, lsr 14",1
"andeq r1, r0, ip, lsr 14",1
"andeq r0, r0, r0",1
"andeq r0, r0, r0",1
"andeq r1, r0, r4, asr 14",1
"andeq r1, r0, r8, asr 14",1
"andeq r1, r0, ip, asr 14",1
"andeq r1, r0, r0, asr r7",1
"andeq r1, r0, r4, asr r7",1
"muleq r0, r8, r7",1
"andeq r0, r0, r0",1
"andeq r0, r0, r0",1
"andeq r1, r0, r4, asr 14",1
"andeq r1, r0, r8, asr 14",1
"andeq r1, r0, ip, asr 14",1
"andeq r1, r0, r0, asr r7",1
"andeq r1, r0, r4, asr r7",1
"muleq r0, r8, r7",1
"andeq r0, r0, r0",1
"andeq r0, r0, r0",1
"andeq r1, r0, r4, asr 14",1
"andeq r1, r0, r8, asr 14",1
"andeq r1, r0, ip, asr 14",1
"andeq r1, r0, r0, asr r7",1
"andeq r1, r0, r4, asr r7",1
"andeq r1, r0, ip, ror r7",1
"andeq r1, r0, r0, lsl 15",1
"muleq r0, r8, r7",1
"andeq r0, r0, r0",1
"andeq r0, r0, r0",1
"andeq r1, r0, ip, ror 14",1
"andeq r1, r0, r0, ror r7",1
"andeq r1, r0, r4, ror r7",1
"andeq r1, r0, ip, ror r7",1
"andeq r1, r0, r0, lsl 15",1
"andeq r1, r0, r4, lsl 15",1
"muleq r0, r0, r7",1
"muleq r0, r4, r7",1
"andeq r0, r0, r0",1
"andeq r0, r0, r0",1
"andeq r1, r0, ip, ror 14",1
"andeq r1, r0, r0, ror r7",1
"andeq r1, r0, r4, ror r7",1
"andeq r1, r0, r8, ror r7",1
"andeq r1, r0, r0, lsl 15",1
"andeq r1, r0, r4, lsl 15",1
"muleq r0, r0, r7",1
"muleq r0, r4, r7",1
"andeq r0, r0, r0",1
"andeq r0, r0, r0",1
"andeq r1, r0, r8, lsr 15",1
"andeq r1, r0, ip, lsr 15",1
"strheq r1, [r0], -r0",1
"strheq r1, [r0], -r4",1
"strheq r1, [r0], -ip",1
"andeq r1, r0, r0, lsl 16",1
"andeq r0, r0, r0",1
"andeq r0, r0, r0",1
"andeq r1, r0, r8, lsr 15",1
"andeq r1, r0, ip, lsr 15",1
"strheq r1, [r0], -r0",1
"strheq r1, [r0], -r4",1
"strheq r1, [r0], -ip",1
"andeq r1, r0, r4, ror 15",1
"andeq r1, r0, r8, ror 15",1
"andeq r1, r0, r0, lsl 16",1
"andeq r0, r0, r0",1
"andeq r0, r0, r0",1
"ldrdeq r1, r2, [r0], -r4",1
"ldrdeq r1, r2, [r0], -r8",1
"ldrdeq r1, r2, [r0], -ip",1
"andeq r1, r0, r4, ror 15",1
"andeq r1, r0, r8, ror 15",1
"andeq r1, r0, ip, ror 15",1
"strdeq r1, r2, [r0], -r8",1
"strdeq r1, r2, [r0], -ip",1
"andeq r0, r0, r0",1
"andeq r0, r0, r0",1
"ldrdeq r1, r2, [r0], -r4",1
"ldrdeq r1, r2, [r0], -r8",1
"ldrdeq r1, r2, [r0], -ip",1
"andeq r1, r0, r0, ror 15",1
"andeq r1, r0, r8, ror 15",1
"andeq r1, r0, ip, ror 15",1
"strdeq r1, r2, [r0], -r8",1
"strdeq r1, r2, [r0], -ip",1
"andeq r0, r0, r0",1
"andeq r0, r0, r0",1
"andeq r1, r0, r0, lsl r8",1
"andeq r1, r0, r4, lsl r8",1
"andeq r1, r0, r8, lsl r8",1
"andeq r1, r0, ip, lsl r8",1
"andeq r1, r0, ip, lsr 16",1
"andeq r1, r0, r4, ror r8",1
"andeq r1, r0, ip, ror r8",1
"andeq r1, r0, r4, lsl 17",1
"andeq r0, r0, r0",1
"andeq r0, r0, r0",1
"andeq r1, r0, r0, lsl r8",1
"andeq r1, r0, r4, lsl r8",1
"andeq r1, r0, r8, lsl r8",1
"andeq r1, r0, ip, lsl r8",1
"andeq r1, r0, ip, lsr 16",1
"andeq r1, r0, r4, ror r8",1
"andeq r1, r0, ip, ror r8",1
"andeq r1, r0, r4, lsl 17",1
"andeq r0, r0, r0",1
"andeq r0, r0, r0",1
"andeq r1, r0, r0, asr 16",1
"andeq r1, r0, r8, asr 16",1
"andeq r1, r0, ip, asr 16",1
"andeq r1, r0, r8, asr r8",1
"andeq r1, r0, r8, ror 16",1
"andeq r1, r0, r0, ror r8",1
"andeq r1, r0, ip, ror r8",1
"andeq r1, r0, r4, lsl 17",1
"andeq r0, r0, r0",1
"andeq r0, r0, r0",1
"strheq r1, [r0], -r8",1
"andeq r1, r0, r0, asr 17",1
"andeq r1, r0, r4, asr 17",1
"ldrdeq r1, r2, [r0], -r0",1
"andeq r1, r0, r0, ror 17",1
"andeq r1, r0, r8, ror 17",1
"strdeq r1, r2, [r0], -r4",1
"strdeq r1, r2, [r0], -ip",1
"andeq r0, r0, r0",1
"andeq r0, r0, r0",1
"andeq r1, r0, r0, lsl 18",1
"andeq r1, r0, r4, lsl 18",1
"andeq r1, r0, r8, lsl 18",1
"andeq r1, r0, ip, lsl 18",1
"andeq r1, r0, r8, lsl sb",1
"andeq r1, r0, r8, ror 18",1
"andeq r1, r0, r0, ror sb",1
"andeq r1, r0, r8, ror sb",1
"andeq r0, r0, r0",1
"andeq r0, r0, r0",1
"andeq r1, r0, r0, lsl 18",1
"andeq r1, r0, r4, lsl 18",1
"andeq r1, r0, r8, lsl 18",1
"andeq r1, r0, ip, lsl 18",1
"andeq r1, r0, r8, lsl sb",1
"andeq r1, r0, r8, ror 18",1
"andeq r1, r0, r0, ror sb",1
"andeq r1, r0, r8, ror sb",1
"andeq r0, r0, r0",1
"andeq r0, r0, r0",1
"andeq r1, r0, r0, lsl 18",1
"andeq r1, r0, r4, lsl 18",1
"andeq r1, r0, r8, lsl 18",1
"andeq r1, r0, ip, lsl 18",1
"andeq r1, r0, r8, lsl sb",1
"andeq r1, r0, r8, ror 18",1
"andeq r1, r0, r0, ror sb",1
"andeq r1, r0, r8, ror sb",1
"andeq r0, r0, r0",1
"andeq r0, r0, r0",1
"andeq r1, r0, ip, lsr 18",1
"andeq r1, r0, r4, lsr sb",1
"andeq r1, r0, r8, lsr sb",1
"andeq r1, r0, ip, asr 18",1
"andeq r1, r0, ip, asr sb",1
"andeq r1, r0, r4, ror 18",1
"andeq r1, r0, r0, ror sb",1
"andeq r1, r0, r8, ror sb",1
"andeq r0, r0, r0",1
"andeq r0, r0, r0",1
"andeq r1, r0, ip, ror sb",1
"andeq r1, r0, r0, lsl 19",1
"andeq r1, r0, r4, lsl 19",1
"andeq r1, r0, r8, lsl 19",1
"muleq r0, r8, sb",1
"andeq r1, r0, r8, ror 19",1
"strdeq r1, r2, [r0], -r0",1
"strdeq r1, r2, [r0], -r8",1
"andeq r0, r0, r0",1
"andeq r0, r0, r0",1
"andeq r1, r0, ip, ror sb",1
"andeq r1, r0, r0, lsl 19",1
"andeq r1, r0, r4, lsl 19",1
"andeq r1, r0, r8, lsl 19",1
"muleq r0, r8, sb",1
"andeq r1, r0, r8, ror 19",1
"strdeq r1, r2, [r0], -r0",1
"strdeq r1, r2, [r0], -r8",1
"andeq r0, r0, r0",1
"andeq r0, r0, r0",1
"andeq r1, r0, ip, lsr 19",1
"strheq r1, [r0], -r4",1
"strheq r1, [r0], -r8",1
"andeq r1, r0, ip, asr 19",1
"ldrdeq r1, r2, [r0], -ip",1
"andeq r1, r0, r4, ror 19",1
"strdeq r1, r2, [r0], -r0",1
"strdeq r1, r2, [r0], -r8",1
"andeq r0, r0, r0",1
"andeq r0, r0, r0",1
"andeq r1, r0, ip, lsl 20",1
"andeq r1, r0, r8, lsl sl",1
"andeq r1, r0, r8, lsl sl",1
"andeq r1, r0, r0, lsr 20",1
"andeq r0, r0, r0",1
"andeq r0, r0, r0",1
"andeq r1, r0, r0, lsr 20",1
"andeq r1, r0, r8, lsr 20",1
"andeq r1, r0, r8, lsr 20",1
"andeq r1, r0, r0, lsr sl",1
"andeq r0, r0, r0",1
"andeq r0, r0, r0",1
"andeq r1, r0, r0, lsr sl",1
"andeq r1, r0, r4, lsr sl",1
"andeq r1, r0, r8, lsr sl",1
"andeq r1, r0, r0, asr 20",1
"andeq r1, r0, r0, asr 20",1
"andeq r1, r0, r8, asr 20",1
"andeq r0, r0, r0",1
"andeq r0, r0, r0",1
"andeq r1, r0, r0, lsr sl",1
"andeq r1, r0, r4, lsr sl",1
"andeq r1, r0, r8, lsr sl",1
"andeq r1, r0, r0, asr 20",1
"andeq r1, r0, r0, asr 20",1
"andeq r1, r0, r8, asr 20",1
"andeq r0, r0, r0",1
"andeq r0, r0, r0",1
"andeq r0, r0, r0, asr 1",1
"ldrdeq r0, r1, [r0], -ip",1
"andeq r0, r0, r0, ror 1",1
"andeq r0, r0, r0, lsl r1",1
"andeq r0, r0, r0",1
"andeq r0, r0, r0",1
"andeq r0, r0, r4, lsr r1",1
"andeq r0, r0, r8, lsr r1",1
"andeq r0, r0, ip, lsr r1",1
"andeq r0, r0, r4, asr 2",1
"andeq r0, r0, ip, asr 2",1
"andeq r0, r0, r0, asr r1",1
"andeq r0, r0, r0",1
"andeq r0, r0, r0",1
"andeq r0, r0, r0, ror 2",1
"andeq r0, r0, r8, ror 2",1
"andeq r0, r0, ip, ror 2",1
"andeq r0, r0, r8, ror r1",1
"andeq r0, r0, r0, lsl 3",1
"andeq r0, r0, r4, lsl 3",1
"andeq r0, r0, r0",1
"andeq r0, r0, r0",1
"muleq r0, r4, r1",1
"muleq r0, r8, r1",1
"muleq r0, ip, r1",1
"strheq r0, [r0], -r0",1
"strheq r0, [r0], -r8",1
"strheq r0, [r0], -ip",1
"andeq r0, r0, r0",1
"andeq r0, r0, r0",1
"andeq r0, r0, ip, asr 3",1
"ldrdeq r0, r1, [r0], -r4",1
"ldrdeq r0, r1, [r0], -r8",1
"strdeq r0, r1, [r0], -r4",1
"andeq r0, r0, r0",1
"andeq r0, r0, r0",1
"andeq r0, r0, r4, lsl 4",1
"andeq r0, r0, r0, lsl r2",1
"andeq r0, r0, r4, lsl r2",1
"andeq r0, r0, r8, lsr r2",1
"andeq r0, r0, r0",1
"andeq r0, r0, r0",1
"andeq r0, r0, r8, asr 4",1
"andeq r0, r0, r4, asr r2",1
"andeq r0, r0, r8, asr r2",1
"andeq r0, r0, ip, ror r2",1
"andeq r0, r0, r0",1
"andeq r0, r0, r0",1
"andeq r0, r0, ip, lsl 5",1
"andeq r0, r0, r0, lsr 5",1
"andeq r0, r0, r4, lsr 5",1
"andeq r0, r0, ip, asr 5",1
"andeq r0, r0, r0",1
"andeq r0, r0, r0",1
"ldrdeq r0, r1, [r0], -ip",1
"strdeq r0, r1, [r0], -r4",1
"strdeq r0, r1, [r0], -r8",1
"andeq r0, r0, r8, lsr 6",1
"andeq r0, r0, r0",1
"andeq r0, r0, r0",1
"ldrdeq r0, r1, [r0], -r0",1
"ldrdeq r0, r1, [r0], -r4",1
"ldrdeq r0, r1, [r0], -r8",1
"ldrdeq r0, r1, [r0], -ip",1
"andeq r0, r0, r0, ror 9",1
"andeq r0, r0, ip, lsl 11",1
"muleq r0, ip, r5",1
"ldrdeq r0, r1, [r0], -ip",1
"andeq r0, r0, r0",1
"andeq r0, r0, r0",1
"ldrdeq r0, r1, [r0], -r0",1
"ldrdeq r0, r1, [r0], -r4",1
"ldrdeq r0, r1, [r0], -r8",1
"ldrdeq r0, r1, [r0], -ip",1
"andeq r0, r0, r0, ror 9",1
"andeq r0, r0, ip, lsl 11",1
"muleq r0, ip, r5",1
"ldrdeq r0, r1, [r0], -ip",1
"andeq r0, r0, r0",1
"andeq r0, r0, r0",1
"strdeq r0, r1, [r0], -r0",1
"strdeq r0, r1, [r0], -r4",1
"strdeq r0, r1, [r0], -r8",1
"andeq r0, r0, r0, lsl 12",1
"andeq r0, r0, r0",1
"andeq r0, r0, r0",1
"andeq r0, r0, r0, lsl r6",1
"andeq r0, r0, r4, lsl r6",1
"andeq r0, r0, r8, lsl r6",1
"andeq r0, r0, r4, lsr 12",1
"andeq r0, r0, r0",1
"andeq r0, r0, r0",1
"andeq r0, r0, ip, rrx",1
"strheq r0, [r0], -r0",1
"strheq r0, [r0], -r4",1
"andeq r0, r0, r0, asr 1",1
"andeq r0, r0, r0",1
"andeq r0, r0, r0",1
"strdeq r0, r1, [r0], -r8",1
"strdeq r0, r1, [r0], -ip",1
"andeq r0, r0, r0, lsl 2",1
"andeq r0, r0, r8, lsr 2",1
"andeq r0, r0, r8, asr r1",1
"andeq r0, r0, ip, ror 2",1
"andeq r0, r0, r0",1
"andeq r0, r0, r0",1
"andeq r0, r0, r8, lsl 4",1
"andeq r0, r0, ip, lsl 4",1
"andeq r0, r0, r0, lsl r2",1
"andeq r0, r0, r0, ror r2",1
"andeq r0, r0, r0",1
"andeq r0, r0, r0",1
"andeq r0, r0, r8, lsl 4",1
"andeq r0, r0, ip, lsl 4",1
"andeq r0, r0, r0, lsl r2",1
"andeq r0, r0, r0, ror r2",1
"andeq r0, r0, r0",1
"andeq r0, r0, r0",1
"andeq r0, r0, ip, lsr 4",1
"andeq r0, r0, r0, lsr r2",1
"andeq r0, r0, r4, lsr r2",1
"andeq r0, r0, ip, asr 4",1
"andeq r0, r0, r0, ror 4",1
"andeq r0, r0, r0, ror r2",1
"andeq r0, r0, r0",1
"andeq r0, r0, r0",1
"andeq r0, r0, r8, ror r2",1
"muleq r0, r4, r2",1
"andeq r0, r0, r0, lsr 5",1
"andeq r0, r0, r4, lsr 5",1
"andeq r0, r0, r0",1
"andeq r0, r0, r0",1
"andeq r0, r0, r8, ror r2",1
"muleq r0, r4, r2",1
"andeq r0, r0, r0, lsr 5",1
"andeq r0, r0, r4, lsr 5",1
"andeq r0, r0, r0",1
"andeq r0, r0, r0",1
"muleq r0, r4, r2",1
"muleq r0, r8, r2",1
"muleq r0, ip, r2",1
"andeq r0, r0, r0, lsr 5",1
"andeq r0, r0, r0",1
"andeq r0, r0, r0",1
"andeq r0, r0, r0, asr 5",1
"andeq r0, r0, r4, asr 5",1
"andeq r0, r0, r8, asr 5",1
"andeq r0, r0, r4, ror 5",1
"strdeq r0, r1, [r0], -r4",1
"strdeq r0, r1, [r0], -r8",1
"andeq r0, r0, r0",1
"andeq r0, r0, r0",1
"andeq r0, r0, r0, asr 5",1
"andeq r0, r0, r4, asr 5",1
"andeq r0, r0, r8, asr 5",1
"andeq r0, r0, r4, ror 5",1
"strdeq r0, r1, [r0], -r4",1
"strdeq r0, r1, [r0], -r8",1
"andeq r0, r0, r0",1
"andeq r0, r0, r0",1
"andeq r0, r0, r4, ror 5",1
"andeq r0, r0, ip, ror 5",1
"strdeq r0, r1, [r0], -r0",1
"strdeq r0, r1, [r0], -r4",1
"andeq r0, r0, r0",1
"andeq r0, r0, r0",1
"andeq r0, r0, r8, lsl 6",1
"andeq r0, r0, r0, lsr r3",1
"andeq r0, r0, r4, lsr r3",1
"andeq r0, r0, ip, lsr r3",1
"andeq r0, r0, r0",1
"andeq r0, r0, r0",1
"andeq r0, r0, r8, lsl 6",1
"andeq r0, r0, r8, lsr 6",1
"andeq r0, r0, r8, lsr r3",1
"andeq r0, r0, ip, lsr r3",1
"andeq r0, r0, r0",1
"andeq r0, r0, r0",1
"andeq r0, r0, r8, lsl 6",1
"andeq r0, r0, r8, lsr 6",1
"andeq r0, r0, r8, lsr r3",1
"andeq r0, r0, ip, lsr r3",1
"andeq r0, r0, r0",1
"andeq r0, r0, r0",1
"andeq r0, r0, r8, lsr 6",1
"andeq r0, r0, r0, lsr r3",1
"andeq r0, r0, r4, lsr r3",1
"andeq r0, r0, r8, lsr r3",1
"andeq r0, r0, r0",1
"andeq r0, r0, r0",1
"andeq r0, r0, r0",1
"andeq r0, r0, r4",1
"andeq r0, r0, r8",1
"andeq r0, r0, r0, lsl r0",1
"andeq r0, r0, r0",1
"andeq r0, r0, r0",1
"andeq r0, r0, r4, lsl r0",1
"andeq r0, r0, r8, lsl r0",1
"andeq r0, r0, ip, lsl r0",1
"andeq r0, r0, r0, lsr 32",1
"andeq r0, r0, r0",1
"andeq r0, r0, r0",1
"andeq r0, r0, r0, lsl r0",1
"andeq r0, r0, r4, lsl r0",1
"andeq r0, r0, r8, lsl r0",1
"andeq r0, r0, ip, lsl r0",1
"andeq r0, r0, r4, lsr 32",1
"andeq r0, r0, ip, lsr 32",1
"strheq r0, [r0], -ip",1
"andeq r0, r0, r4, asr 6",1
"andeq r0, r0, r0",1
"andeq r0, r0, r0",1
"andeq r0, r0, r0, lsl r0",1
"andeq r0, r0, r4, lsl r0",1
"andeq r0, r0, r8, lsl r0",1
"andeq r0, r0, ip, lsl r0",1
"andeq r0, r0, r4, lsr 32",1
"andeq r0, r0, ip, lsr 32",1
"strheq r0, [r0], -ip",1
"andeq r0, r0, r4, asr 6",1
"andeq r0, r0, r0",1
"andeq r0, r0, r0",1
"ldrdeq r0, r1, [r0], -r8",1
"andeq r0, r0, ip, lsr 2",1
"andeq r0, r0, r4, lsl 5",1
"muleq r0, ip, r2",1
"ldrdeq r0, r1, [r0], -r4",1
"ldrdeq r0, r1, [r0], -ip",1
"andeq r0, r0, r0",1
"andeq r0, r0, r0",1
"andeq r0, r0, ip, lsr 2",1
"andeq r0, r0, r0, ror r2",1
"muleq r0, ip, r2",1
"ldrdeq r0, r1, [r0], -r4",1
"andeq r0, r0, ip, ror 5",1
"andeq r0, r0, r4, asr 6",1
"andeq r0, r0, r0",1
"andeq r0, r0, r0",1
"andeq r0, r0, r0, asr 2",1
"andeq r0, r0, r8, ror 4",1
"muleq r0, ip, r2",1
"ldrdeq r0, r1, [r0], -r4",1
"andeq r0, r0, ip, ror 5",1
"andeq r0, r0, r4, asr 6",1
"andeq r0, r0, r0",1
"andeq r0, r0, r0",1
"andeq r0, r0, r4, asr r1",1
"andeq r0, r0, r8, ror 4",1
"andeq r0, r0, ip, lsr 5",1
"ldrdeq r0, r1, [r0], -r4",1
"andeq r0, r0, ip, ror 5",1
"andeq r0, r0, r4, asr 6",1
"andeq r0, r0, r0",1
"andeq r0, r0, r0",1
"andeq r0, r0, r4, asr r1",1
"andeq r0, r0, r0, asr r2",1
"andeq r0, r0, ip, lsr 5",1
"ldrdeq r0, r1, [r0], -r4",1
"andeq r0, r0, ip, ror 5",1
"strdeq r0, r1, [r0], -r4",1
"andeq r0, r0, r4, lsl 6",1
"andeq r0, r0, r4, asr 6",1
"andeq r0, r0, r0",1
"andeq r0, r0, r0",1
"andeq r0, r0, r4, asr r1",1
"andeq r0, r0, r8, ror 2",1
"andeq r0, r0, r4, lsl 6",1
"andeq r0, r0, ip, lsl 6",1
"andeq r0, r0, r0",1
"andeq r0, r0, r0",1
"andeq r0, r0, r0, lsr 4",1
"andeq r0, r0, ip, lsr r2",1
"andeq r0, r0, r8, lsl r3",1
"andeq r0, r0, r4, asr 6",1
"andeq r0, r0, r0",1
"andeq r0, r0, r0",1
"andeq r0, r0, ip, asr 32",1
"muleq r0, r4, r0",1
"muleq r0, ip, r0",1
"andeq r0, r0, r4, lsr 1",1
"andeq r0, r0, r0",1
"andeq r0, r0, r0",1
"andeq r0, r0, r8",1
"andeq r0, r0, ip",1
"andeq r0, r0, r0, lsl r0",1
"andeq r0, r0, r4, lsl r0",1
"andeq r0, r0, r8, lsl r0",1
"andeq r0, r0, ip, lsl r0",1
"andeq r0, r0, r0, lsr 32",1
"andeq r0, r0, r4, rrx",1
"andeq r0, r0, r0",1
"andeq r0, r0, r0",1
invalid,1
"andeq r0, r0, r0",1
"andeq r8, r0, r0, asr 27",1
"andeq r8, r0, r4, asr 27",1
"andeq ip, r0, ip, asr 23",1
"ldrdeq ip, sp, [r0], -r0",1
"andeq r0, r0, r0",1
"andeq r0, r0, r0",1
"ldmdbvc r3!, {sb, sl, fp, sp} ^",1
"rsbvs r7, r1, 0x6d000000",1
"ldrbtvc r2, [r3], -0xe00",1
"rsbvs r7, r1, 0x72000000",1
"ldmdavs r3!, {sb, sl, fp, sp} ^",1
"ldrbtvc r7, [r2], -0x473",1
"cdphs p2, 0, c6, c0, c1, 3",1
"ldrbvs r6, [r4, -0xe69]!",1
"mcrhs p0, 0, r7, c0, c2, 3",1
"ldrbvs r6, [r4, -0xf6e]!",1
"stmdbmi r2, {r1, r2, r3, r5, r8, lr} ^",1
"strbvs r7, [r1, -sp, lsr 8]!",1
svcvs 0x6e2e00,1
invalid,1
"eorvs r7, lr, 0x1b800000",1
"strbtvs r6, [ip], -0x975",1
"rsbeq r6, r4, sp, lsr 18",1
"strbvc r6, [lr, -0x72e]!",1
invalid,1
"strtvs r0, [lr], -0x68",1
"ldmdbvc r3!, {r0, r3, r4, r5, r6, sb, sl, fp, sp, lr} ^",1
"strtvs r0, [lr], -0x6d",1
"ldrbtvc r6, [r3], -0xe79",1
invalid,1
"strtvc r7, [lr], -lr, ror 10",1
"ldmdbvs r3!, {r0, r2, r5, r6, sb, ip, sp, lr} ^",1
"cdphs p14, 0, c6, c0, c15, 3",1
"cdphs p14, 7, c6, c5, c7, 3",1
"cmnvc r2, 0x1d800000",1
svcpl 0x6e6f69,1
"eorvc r0, lr, 0x72",1
"strtvs r6, [lr], -0xc65",1
"mcrhs p14, 0, r6, c0, c9, 3",1
"mcrhs p5, 3, r6, c12, c2, 3",1
"rsbseq r6, r4, r0, ror ip",1
"stmdbvs lr!, {r1, r2, r3, r5, r8, fp, sp, lr} ^",1
"strtvc r0, [lr], -0x74",1
"rsbseq r7, r4, r5, ror 16",1
"cdpvs p6, 6, c6, c9, c14, 1",1
"eorvc r0, lr, 0x69",1
"strbtvc r6, [r1], -0x46f",1
invalid,1
"strvs r4, [lr, -0xd52]!",1
"stmdavc r4!, {r3, r4, r5, r6, r8, fp, sp, lr} ^",1
"stmdavs r5!, {sb, sl, fp, sp} ^",1
"cmnvs r2, pc, asr r6",1
"cdphs p5, 0, c6, c0, c13, 3",1
"strbtvc r6, [sb], -0xe69",1
"rsbsvc r6, r2, 0xc0000017",1
"cdphs p9, 0, c7, c0, c1, 3",1
"stmdbvs lr!, {r1, r2, r5, r6, r8, fp, sp, lr} ^",1
"rsbsvc r6, r2, 0xc0000017",1
"cdphs p9, 0, c7, c0, c1, 3",1
"rsbseq r6, r2, sl, ror 6",1
"cdpvs p4, 7, c6, c9, c14, 1",1
invalid,1
svcvs 0x672e00,1
"strtvs r0, [lr], -0x74",1
"rsbeq r7, r1, r1, ror 8",1
"cmnvc r3, 0xe0000002",1
svcvs 0x632e00,1
"cdpvs p13, 6, c6, c5, c13, 3",1
invalid,1
"qsubvs r4, r2, lr",1
"ldmdbvs r2!, {r2, r4, r5, r6, sl, ip, sp, lr} ^",1
"ldrbvs r7, [r4, -0x562]!",1
"strtvs r0, [lr], -0x73",1
"ldrbvs r6, [r5, -r5, ror 4]!",1
"cmnvs r2, pc, asr r1",1
invalid,1
"strbvs r2, [r4, -0xe00]!",1
svcpl 0x677562,1
svcvs 0x666e69,1
"strbvs r2, [r4, -0xe00]!",1
svcpl 0x677562,1
"rsbvc r6, r2, 0x10000006",1
"cdphs p6, 0, c7, c0, c5, 3",1
"strbvc r6, [r2, -0x564]!",1
"stmdbvs ip!, {r0, r1, r2, r5, r6, r8, sb, sl, fp, ip, lr} ^",1
"cdphs p5, 0, c6, c0, c14, 3",1
"strbvc r6, [r2, -0x564]!",1
"rsbvc r5, r6, 0x19c",1
"rsbeq r6, r5, r1, ror 26",1
"rsbvs r6, r5, 0x2e000000",1
"cmpvc pc, 0x1d40000",1
"mcrhs p2, 0, r7, c0, c4, 3",1
"strbvc r6, [r2, -0x564]!",1
svcvs 0x6c5f67,1
"strtvs r0, [lr], -0x63",1
"ldrbvs r6, [r5, -r5, ror 4]!",1
"mcrvs p2, 3, r7, c1, c15, 2",1
"rsbseq r6, r3, r7, ror 10",1
"andeq r0, r0, r0",1
"andeq r0, r0, r0",1
"andeq r0, r0, r0",1
"andeq r0, r0, r0",1
"andeq r0, r0, r0",1
"andeq r0, r0, r0",1
"andeq r0, r0, r0",1
"andeq r0, r0, r0",1
"andeq r0, r0, r0",1
"andeq r0, r0, r0",1
"andeq r0, r0, fp, lsl r0",1
"andeq r0, r0, r1",1
"andeq r0, r0, r2",1
"andeq r8, r0, r4, lsr r1",1
"andeq r0, r0, r4, lsr r1",1
"andeq r0, r0, r3, lsl r0",1
"andeq r0, r0, r0",1
"andeq r0, r0, r0",1
"andeq r0, r0, r1",1
"andeq r0, r0, r0",1
"andeq r0, r0, r3, lsr 32",1
"andeq r0, r0, r7",1
"andeq r0, r0, r2",1
"andeq r8, r0, r8, asr 2",1
"andeq r0, r0, r8, asr 2",1
"andeq r0, r0, r0, lsr 32",1
"andeq r0, r0, r0",1
"andeq r0, r0, r0",1
"andeq r0, r0, r4",1
"andeq r0, r0, r0",1
"andeq r0, r0, r1, lsr r0",1
"andeq r0, r0, r7",1
"andeq r0, r0, r2",1
"andeq r8, r0, r8, ror 2",1
"andeq r0, r0, r8, ror 2",1
"andeq r0, r0, r4, lsr 32",1
"andeq r0, r0, r0",1
"andeq r0, r0, r0",1
"andeq r0, r0, r4",1
"andeq r0, r0, r0",1
"andeq r0, r0, r4, asr 32",1
svcvs 0xfffff6,1
"andeq r0, r0, r2",1
"andeq r8, r0, ip, lsl 3",1
"andeq r0, r0, ip, lsl 3",1
"andeq r0, r0, ip, ror 4",1
"andeq r0, r0, r5",1
"andeq r0, r0, r0",1
"andeq r0, r0, r4",1
"andeq r0, r0, r4",1
"andeq r0, r0, lr, asr 32",1
"andeq r0, r0, fp",1
"andeq r0, r0, r2",1
"strdeq r8, sb, [r0], -r8",1
"strdeq r0, r1, [r0], -r8",1
"andeq r0, r0, r0, ror 8",1
"andeq r0, r0, r6",1
"andeq r0, r0, r1",1
"andeq r0, r0, r4",1
"andeq r0, r0, r0, lsl r0",1
"andeq r0, r0, r6, asr r0",1
"andeq r0, r0, r3",1
"andeq r0, r0, r2",1
"andeq r8, r0, r8, asr r8",1
"andeq r0, r0, r8, asr r8",1
"muleq r0, r3, r2",1
"andeq r0, r0, r0",1
"andeq r0, r0, r0",1
"andeq r0, r0, r1",1
"andeq r0, r0, r0",1
"andeq r0, r0, lr, asr r0",1
svcvs 0xffffff,1
"andeq r0, r0, r2",1
"andeq r8, r0, ip, ror 21",1
"andeq r0, r0, ip, ror 21",1
"andeq r0, r0, ip, lsl 1",1
"andeq r0, r0, r5",1
"andeq r0, r0, r0",1
"andeq r0, r0, r2",1
"andeq r0, r0, r2",1
"andeq r0, r0, fp, rrx",1
svcvs 0xfffffe,1
"andeq r0, r0, r2",1
"andeq r8, r0, r8, ror fp",1
"andeq r0, r0, r8, ror fp",1
"andeq r0, r0, r0, lsr 32",1
"andeq r0, r0, r6",1
"andeq r0, r0, r1",1
"andeq r0, r0, r4",1
"andeq r0, r0, r0",1
"andeq r0, r0, sl, ror r0",1
"andeq r0, r0, sb",1
"andeq r0, r0, r2",1
"muleq r0, r8, fp",1
"muleq r0, r8, fp",1
"andeq r0, r0, r0, lsr r0",1
"andeq r0, r0, r5",1
"andeq r0, r0, r0",1
"andeq r0, r0, r4",1
"andeq r0, r0, r8",1
"andeq r0, r0, r3, lsl 1",1
"andeq r0, r0, sb",1
"andeq r0, r0, r2",1
"andeq r8, r0, r8, asr 23",1
"andeq r0, r0, r8, asr 23",1
"strdeq r0, r1, [r0], -r0",1
"andeq r0, r0, r5",1
"andeq r0, r0, ip",1
"andeq r0, r0, r4",1
"andeq r0, r0, r8",1
"andeq r0, r0, ip, lsl 1",1
"andeq r0, r0, r1",1
"andeq r0, r0, r6",1
"strheq r8, [r0], -r8",1
"strheq r0, [r0], -r8",1
"andeq r0, r0, ip",1
"andeq r0, r0, r0",1
"andeq r0, r0, r0",1
"andeq r0, r0, r4",1
"andeq r0, r0, r0",1
"andeq r0, r0, r7, lsl 1",1
"andeq r0, r0, r1",1
"andeq r0, r0, r6",1
"andeq r8, r0, r4, asr 27",1
"andeq r0, r0, r4, asr 27",1
"strdeq r0, r1, [r0], -ip",1
"andeq r0, r0, r0",1
"andeq r0, r0, r0",1
"andeq r0, r0, r4",1
"andeq r0, r0, r4",1
"muleq r0, r2, r0",1
"andeq r0, r0, r1",1
"andeq r0, r0, r6",1
"andeq sb, r0, r0, asr 1",1
"andeq r1, r0, r0, asr 1",1
"andeq r3, r0, r8, lsl 22",1
"andeq r0, r0, r0",1
"andeq r0, r0, r0",1
"andeq r0, r0, r4",1
"andeq r0, r0, r0",1
"muleq r0, r8, r0",1
"andeq r0, r0, r1",1
"andeq r0, r0, r6",1
"andeq ip, r0, r8, asr 23",1
"andeq r4, r0, r8, asr 23",1
"andeq r0, r0, r8",1
"andeq r0, r0, r0",1
"andeq r0, r0, r0",1
"andeq r0, r0, r4",1
"andeq r0, r0, r0",1
"muleq r0, lr, r0",1
"andeq r0, r0, r1",1
"andeq r0, r0, r2",1
"ldrdeq ip, sp, [r0], -r0",1
"ldrdeq r4, r5, [r0], -r0",1
"andeq r0, r0, ip, lsr sb",1
"andeq r0, r0, r0",1
"andeq r0, r0, r0",1
"andeq r0, r0, r4",1
"andeq r0, r0, r0",1
"andeq r0, r0, r6, lsr 1",1
"andvc r0, r0, r1",1
"andeq r0, r0, r2, lsl 1",1
"andeq sp, r0, ip, lsl 10",1
"andeq r5, r0, ip, lsl 10",1
"andeq r0, r0, r8",1
"andeq r0, r0, sp",1
"andeq r0, r0, r0",1
"andeq r0, r0, r4",1
"andeq r0, r0, r0",1
"strheq r0, [r0], -r1",1
"andeq r0, r0, r1",1
"andeq r0, r0, r2",1
"andeq sp, r0, r4, lsl r5",1
"andeq r5, r0, r4, lsl r5",1
"andeq r0, r0, r4",1
"andeq r0, r0, r0",1
"andeq r0, r0, r0",1
"andeq r0, r0, r4",1
"andeq r0, r0, r0",1
"strheq r0, [r0], -fp",1
"andeq r0, r0, lr",1
"andeq r0, r0, r3",1
"andeq r5, r1, r8, lsl r5",1
"andeq r5, r0, r8, lsl r5",1
"andeq r0, r0, r4",1
"andeq r0, r0, r0",1
"andeq r0, r0, r0",1
"andeq r0, r0, r4",1
"andeq r0, r0, r0",1
"andeq r0, r0, r7, asr 1",1
"andeq r0, r0, pc",1
"andeq r0, r0, r3",1
"andeq r5, r1, ip, lsl r5",1
"andeq r5, r0, ip, lsl r5",1
"andeq r0, r0, r4",1
"andeq r0, r0, r0",1
"andeq r0, r0, r0",1
"andeq r0, r0, r4",1
"andeq r0, r0, r0",1
"ldrdeq r0, r1, [r0], -r3",1
"andeq r0, r0, r1",1
"andeq r0, r0, r3",1
"andeq r5, r1, r0, lsr 10",1
"andeq r5, r0, r0, lsr 10",1
"andeq r0, r0, r4",1
"andeq r0, r0, r0",1
"andeq r0, r0, r0",1
"andeq r0, r0, r4",1
"andeq r0, r0, r0",1
"ldrdeq r0, r1, [r0], -r8",1
"andeq r0, r0, r6",1
"andeq r0, r0, r3",1
"andeq r5, r1, r4, lsr 10",1
"andeq r5, r0, r4, lsr 10",1
"andeq r0, r0, r8, ror 1",1
"andeq r0, r0, r6",1
"andeq r0, r0, r0",1
"andeq r0, r0, r4",1
"andeq r0, r0, r8",1
"andeq r0, r0, r1, ror 1",1
"andeq r0, r0, r1",1
"andeq r0, r0, r3",1
"andeq r5, r1, ip, lsl 12",1
"andeq r5, r0, ip, lsl 12",1
"andeq r0, r0, ip, lsl 2",1
"andeq r0, r0, r0",1
"andeq r0, r0, r0",1
"andeq r0, r0, r4",1
"andeq r0, r0, r4",1
"andeq r0, r0, r6, ror 1",1
"andeq r0, r0, r1",1
"andeq r0, r0, r3",1
"andeq r5, r1, r8, lsl r7",1
"andeq r5, r0, r8, lsl r7",1
"andeq r0, r0, r0, asr r0",1
"andeq r0, r0, r0",1
"andeq r0, r0, r0",1
"andeq r0, r0, r4",1
"andeq r0, r0, r0",1
"andeq r0, r0, ip, ror 1",1
"andeq r0, r0, r8",1
"andeq r0, r0, r3",1
"andeq r5, r1, r8, ror 14",1
"andeq r5, r0, r8, ror 14",1
"andeq r0, r0, r4, ror 2",1
"andeq r0, r0, r0",1
"andeq r0, r0, r0",1
"andeq r0, r0, r8",1
"andeq r0, r0, r0",1
"strdeq r0, r1, [r0], -r1",1
"andeq r0, r0, r1",1
"andeq r0, r0, r0, lsr r0",1
"andeq r0, r0, r0",1
"andeq r5, r0, r8, ror 14",1
"andeq r0, r0, r1, lsl r0",1
"andeq r0, r0, r0",1
"andeq r0, r0, r0",1
"andeq r0, r0, r1",1
"andeq r0, r0, r1",1
"strdeq r0, r1, [r0], -sl",1
"andvc r0, r0, r3",1
"andeq r0, r0, r0",1
"andeq r0, r0, r0",1
"andeq r5, r0, sb, ror r7",1
"andeq r0, r0, r5, lsr r0",1
"andeq r0, r0, r0",1
"andeq r0, r0, r0",1
"andeq r0, r0, r1",1
"andeq r0, r0, r0",1
"andeq r0, r0, sl, lsl 2",1
"andeq r0, r0, r1",1
"andeq r0, r0, r0",1
"andeq r0, r0, r0",1
"strheq r5, [r0], -r0",1
"andeq r0, r0, r0, asr 6",1
"andeq r0, r0, r0",1
"andeq r0, r0, r0",1
"andeq r0, r0, r8",1
"andeq r0, r0, r0",1
"andeq r0, r0, sb, lsl r1",1
"andeq r0, r0, r1",1
"andeq r0, r0, r0",1
"andeq r0, r0, r0",1
"strdeq r5, r6, [r0], -r0",1
"andeq sl, r0, r4, lsl r5",1
"andeq r0, r0, r0",1
"andeq r0, r0, r0",1
"andeq r0, r0, r1",1
"andeq r0, r0, r0",1
"andeq r0, r0, r5, lsr 2",1
"andeq r0, r0, r1",1
"andeq r0, r0, r0",1
"andeq r0, r0, r0",1
"andeq r0, r1, r4",1
"andeq r2, r0, lr, ror r2",1
"andeq r0, r0, r0",1
"andeq r0, r0, r0",1
"andeq r0, r0, r1",1
"andeq r0, r0, r0",1
"andeq r0, r0, r3, lsr r1",1
"andeq r0, r0, r1",1
"andeq r0, r0, r0",1
"andeq r0, r0, r0",1
"andeq r2, r1, r2, lsl 5",1
"andeq r2, r0, r5, lsl 5",1
"andeq r0, r0, r0",1
"andeq r0, r0, r0",1
"andeq r0, r0, r1",1
"andeq r0, r0, r0",1
"andeq r0, r0, pc, lsr r1",1
"andeq r0, r0, r1",1
"andeq r0, r0, r0",1
"andeq r0, r0, r0",1
"andeq r4, r1, r8, lsl 10",1
"andeq r0, r0, r0, ror r8",1
"andeq r0, r0, r0",1
"andeq r0, r0, r0",1
"andeq r0, r0, r4",1
"andeq r0, r0, r0",1
"andeq r0, r0, ip, asr 2",1
"andeq r0, r0, r1",1
"andeq r0, r0, r0, lsr r0",1
"andeq r0, r0, r0",1
"andeq r4, r1, r8, ror sp",1
"ldrdeq r2, r3, [r0], -sb",1
"andeq r0, r0, r0",1
"andeq r0, r0, r0",1
"andeq r0, r0, r1",1
"andeq r0, r0, r1",1
"andeq r0, r0, r7, asr r1",1
"andeq r0, r0, r1",1
"andeq r0, r0, r0",1
"andeq r0, r0, r0",1
"andeq r7, r1, r1, asr r7",1
"andeq r5, r0, ip, asr sb",1
"andeq r0, r0, r0",1
"andeq r0, r0, r0",1
"andeq r0, r0, r1",1
"andeq r0, r0, r0",1
"andeq r0, r0, r2, ror 2",1
"andeq r0, r0, r1",1
"andeq r0, r0, r0",1
"andeq r0, r0, r0",1
"strheq sp, [r1], -r0",1
"andeq r1, r0, r0, asr 6",1
"andeq r0, r0, r0",1
"andeq r0, r0, r0",1
"andeq r0, r0, r8",1
"andeq r0, r0, r0",1
"andeq r0, r0, r1, lsl r0",1
"andeq r0, r0, r3",1
"andeq r0, r0, r0",1
"andeq r0, r0, r0",1
"strdeq lr, pc, [r1], -r0",1
"andeq r0, r0, r0, ror r1",1
"andeq r0, r0, r0",1
"andeq r0, r0, r0",1
"andeq r0, r0, r1",1
"andeq r0, r0, r0",1
"andeq r0, r0, r1",1
"andeq r0, r0, r2",1
"andeq r0, r0, r0",1
"andeq r0, r0, r0",1
"andeq lr, r1, r0, asr fp",1
"andeq r1, r0, r0, ror 22",1
"andeq r0, r0, r5, lsr 32",1
"andeq r0, r0, r3, lsl r1",1
"andeq r0, r0, r4",1
"andeq r0, r0, r0, lsl r0",1
"andeq r0, r0, sb",1
"andeq r0, r0, r3",1
"andeq r0, r0, r0",1
"andeq r0, r0, r0",1
"strheq r0, [r2], -r0",1
"andeq r0, r0, r5, lsr 30",1
"andeq r0, r0, r0",1
"andeq r0, r0, r0",1
"andeq r0, r0, r1",1
"andeq r0, r0, r0",1
"andeq r0, r0, r0",1
"andeq r0, r0, r0",1
"andeq r0, r0, r0",1
"andeq r0, r0, r0",1
"andeq r0, r0, r0",1
"andeq r8, r0, r4, lsr r1",1
"andeq r0, r0, r0",1
"andeq r0, r1, r3",1
"andeq r0, r0, r0",1
"andeq r8, r0, r8, asr 2",1
"andeq r0, r0, r0",1
"andeq r0, r2, r3",1
"andeq r0, r0, r0",1
"andeq r8, r0, r8, ror 2",1
"andeq r0, r0, r0",1
"andeq r0, r3, r3",1
"andeq r0, r0, r0",1
"andeq r8, r0, ip, lsl 3",1
"andeq r0, r0, r0",1
"andeq r0, r4, r3",1
"andeq r0, r0, r0",1
"strdeq r8, sb, [r0], -r8",1
"andeq r0, r0, r0",1
"andeq r0, r5, r3",1
"andeq r0, r0, r0",1
"andeq r8, r0, r8, asr r8",1
"andeq r0, r0, r0",1
"andeq r0, r6, r3",1
"andeq r0, r0, r0",1
"andeq r8, r0, ip, ror 21",1
"andeq r0, r0, r0",1
"andeq r0, r7, r3",1
"andeq r0, r0, r0",1
"andeq r8, r0, r8, ror fp",1
"andeq r0, r0, r0",1
"andeq r0, r8, r3",1
"andeq r0, r0, r0",1
"muleq r0, r8, fp",1
"andeq r0, r0, r0",1
"andeq r0, sb, r3",1
"andeq r0, r0, r0",1
"andeq r8, r0, r8, asr 23",1
"andeq r0, r0, r0",1
"andeq r0, sl, r3",1
"andeq r0, r0, r0",1
"strheq r8, [r0], -r8",1
"andeq r0, r0, r0",1
"andeq r0, fp, r3",1
"andeq r0, r0, r0",1
"andeq r8, r0, r4, asr 27",1
"andeq r0, r0, r0",1
"andeq r0, ip, r3",1
"andeq r0, r0, r0",1
"andeq sb, r0, r0, asr 1",1
"andeq r0, r0, r0",1
"andeq r0, sp, r3",1
"andeq r0, r0, r0",1
"andeq ip, r0, r8, asr 23",1
"andeq r0, r0, r0",1
"andeq r0, lr, r3",1
"andeq r0, r0, r0",1
"ldrdeq ip, sp, [r0], -r0",1
"andeq r0, r0, r0",1
"andeq r0, pc, r3",1
"andeq r0, r0, r0",1
"andeq sp, r0, ip, lsl 10",1
"andeq r0, r0, r0",1
"andseq r0, r0, r3",1
"andeq r0, r0, r0",1
"andeq sp, r0, r4, lsl r5",1
"andeq r0, r0, r0",1
"andseq r0, r1, r3",1
"andeq r0, r0, r0",1
"andeq r5, r1, r8, lsl r5",1
"andeq r0, r0, r0",1
"andseq r0, r2, r3",1
"andeq r0, r0, r0",1
"andeq r5, r1, ip, lsl r5",1
"andeq r0, r0, r0",1
"andseq r0, r3, r3",1
"andeq r0, r0, r0",1
"andeq r5, r1, r0, lsr 10",1
"andeq r0, r0, r0",1
"andseq r0, r4, r3",1
"andeq r0, r0, r0",1
"andeq r5, r1, r4, lsr 10",1
"andeq r0, r0, r0",1
"andseq r0, r5, r3",1
"andeq r0, r0, r0",1
"andeq r5, r1, ip, lsl 12",1
"andeq r0, r0, r0",1
"andseq r0, r6, r3",1
"andeq r0, r0, r0",1
"andeq r5, r1, r8, lsl r7",1
"andeq r0, r0, r0",1
"andseq r0, r7, r3",1
"andeq r0, r0, r0",1
"andeq r5, r1, r8, ror 14",1
"andeq r0, r0, r0",1
"andseq r0, r8, r3",1
"andeq r0, r0, r0",1
"andeq r0, r0, r0",1
"andeq r0, r0, r0",1
"andseq r0, sb, r3",1
"andeq r0, r0, r0",1
"andeq r0, r0, r0",1
"andeq r0, r0, r0",1
"andseq r0, sl, r3",1
"andeq r0, r0, r0",1
"andeq r0, r0, r0",1
"andeq r0, r0, r0",1
"andseq r0, fp, r3",1
"andeq r0, r0, r0",1
"andeq r0, r0, r0",1
"andeq r0, r0, r0",1
"andseq r0, ip, r3",1
"andeq r0, r0, r0",1
"andeq r0, r0, r0",1
"andeq r0, r0, r0",1
"andseq r0, sp, r3",1
"andeq r0, r0, r0",1
"andeq r0, r0, r0",1
"andeq r0, r0, r0",1
"andseq r0, lr, r3",1
"andeq r0, r0, r0",1
"andeq r0, r0, r0",1
"andeq r0, r0, r0",1
"andseq r0, pc, r3",1
"andeq r0, r0, r0",1
"andeq r0, r0, r0",1
"andeq r0, r0, r0",1
"eoreq r0, r0, r3",1
"andeq r0, r0, r0",1
"andeq r0, r0, r0",1
"andeq r0, r0, r0",1
"eoreq r0, r1, r3",1
"andeq r0, r0, r0",1
"andeq r0, r0, r0",1
"andeq r0, r0, r0",1
"eoreq r0, r2, r3",1
"andeq r0, r0, r1",1
"andeq r0, r0, r0",1
"andeq r0, r0, r0",1
invalid,1
"andeq r0, r0, r2, lsl 1",1
"andeq r8, r0, r8, asr 2",1
"andeq r0, r0, r0",1
"andeq r0, r2, r0",1
"andeq r0, r0, r5, lsl 1",1
"andeq r0, r0, r0",1
"andeq r0, r0, r0",1
invalid,1
"andeq r0, r0, r3, lsl 2",1
"andeq sb, r0, r0, lsl 7",1
"andeq r0, r0, r0",1
"andeq r0, sp, r0",1
"andeq r0, r0, r2, lsl 1",1
"andeq sp, r0, ip, lsl 10",1
"andeq r0, r0, r0",1
"andseq r0, r0, r0",1
"andeq r0, r0, r2, lsl 1",1
"strheq sb, [r0], -r0",1
"andeq r0, r0, r0",1
"andeq r0, sp, r0",1
"andeq r0, r0, r2, lsl 1",1
"andeq r0, r0, ip",1
"andeq r0, r0, r0",1
"andseq r0, fp, r0",1
"andeq r0, r0, r6, lsl 2",1
"andeq r0, r0, r0",1
"andeq r0, r0, r0",1
invalid,1
"andeq r0, r0, r2, lsl 1",1
"ldrdeq ip, sp, [r0], -r0",1
"andeq r0, r0, r0",1
"andeq r0, pc, r0",1
"andeq r0, r0, r0",1
"andeq r0, r0, r0",1
"andeq r0, r0, r0",1
invalid,1
"andeq r0, r0, r2, lsl 1",1
"andeq r5, r1, r8, lsl r7",1
"andeq r0, r0, r0",1
"andseq r0, r7, r0",1
"andeq r0, r0, sp, lsl 2",1
"andeq r0, r0, r0",1
"andeq r0, r0, r0",1
invalid,1
"andeq r0, r0, r3, lsl 2",1
"strheq sb, [r0], -ip",1
"andeq r0, r0, r0",1
"andeq r0, sp, r0",1
"andeq r0, r0, r7, asr 2",1
"strheq sb, [r0], -ip",1
"andeq r0, r0, r0",1
"andeq r0, sp, r2",1
"andeq r0, r0, r2, lsl 1",1
"ldrdeq sb, sl, [r0], -r8",1
"andeq r0, r0, r0",1
"andeq r0, sp, r0",1
"andeq r0, r0, r3, lsl 2",1
"strheq r8, [r0], -r8",1
"andeq r0, r0, r0",1
"andeq r0, fp, r0",1
"andeq r0, r0, r3, lsl 2",1
"andeq ip, r0, r8, asr 23",1
"andeq r0, r0, r0",1
"andeq r0, lr, r0",1
"andeq r0, r0, r2, lsl 1",1
"andeq r0, r0, r4, asr 32",1
"andeq r0, r0, r0",1
"andseq r0, fp, r0",1
"andeq r0, r0, r4, asr r1",1
"andeq r0, r0, r0",1
"andeq r0, r0, r0",1
invalid,1
"andeq r0, r0, r3, lsl 2",1
"andeq r8, r0, r0, asr 27",1
"andeq r0, r0, r0",1
"andeq r0, fp, r0",1
"andeq r0, r0, r3, lsl 2",1
"andeq ip, r0, ip, asr 23",1
"andeq r0, r0, r0",1
"andeq r0, lr, r0",1
"andeq r0, r0, r2, lsl 1",1
"andeq r0, r0, r4, lsr 6",1
"andeq r0, r0, r0",1
"andseq r0, fp, r0",1
"andeq r0, r0, lr, lsl 3",1
"andeq r0, r0, r0",1
"andeq r0, r0, r0",1
invalid,1
"andeq r0, r0, r3, lsl 2",1
"strheq sb, [r0], -r4",1
"andeq r0, r0, r0",1
"andeq r0, sp, r0",1
"muleq r0, r4, r1",1
"strheq sb, [r0], -r4",1
"andeq r0, r0, ip, ror 14",1
"andeq r0, sp, r2",1
"andeq r0, r0, r2, lsl 1",1
"strdeq sb, sl, [r0], -r8",1
"andeq r0, r0, r0",1
"andeq r0, sp, r0",1
"andeq r0, r0, r3, lsl 2",1
"andeq sb, r0, r0, lsr 24",1
"andeq r0, r0, r0",1
"andeq r0, sp, r0",1
"andeq r0, r0, r2, lsl 1",1
"strheq sb, [r0], -r4",1
"andeq r0, r0, r0",1
"andeq r0, sp, r0",1
"andeq r0, r0, r3, lsl 2",1
"andeq sb, r0, r0, asr 1",1
"andeq r0, r0, r0",1
"andeq r0, sp, r0",1
"andeq r0, r0, r2, lsl 1",1
"andeq sb, r0, ip, lsr r3",1
"andeq r0, r0, r0",1
"andeq r0, sp, r0",1
"andeq r0, r0, r2, lsl 1",1
"ldrdeq ip, sp, [r0], -r4",1
"andeq r0, r0, r0",1
"andeq r0, pc, r0",1
"andeq r0, r0, r2, lsr 3",1
"ldrdeq ip, sp, [r0], -r4",1
"andeq r0, r0, r0, asr r0",1
"andeq r0, pc, r1",1
"andeq r0, r0, r2, lsl 1",1
"andeq ip, r0, r4, lsr 24",1
"andeq r0, r0, r0",1
"andeq r0, pc, r0",1
"andeq r0, r0, r2, lsl 1",1
"andeq r0, r0, r0, lsl r0",1
"andeq r0, r0, r0",1
"andseq r0, pc, r0",1
"andeq r0, r0, fp, lsr 3",1
"andeq r0, r0, r0",1
"andeq r0, r0, r0",1
invalid,1
"strheq r0, [r0], -r6",1
"andeq r5, r1, r0, lsr 10",1
"andeq r0, r0, r0",1
"andseq r0, r4, r1",1
"andeq r0, r0, r3, lsl 2",1
"andeq sb, r0, r0, ror 7",1
"andeq r0, r0, r0",1
"andeq r0, sp, r0",1
"andeq r0, r0, r3, asr 3",1
"andeq sb, r0, r0, ror 7",1
"andeq r0, r0, r0",1
"andeq r0, sp, r2",1
"andeq r0, r0, r2, lsl 1",1
"andeq sb, r0, ip, lsl 8",1
"andeq r0, r0, r0",1
"andeq r0, sp, r0",1
"andeq r0, r0, r3, lsl 2",1
"andeq sb, r0, r8, lsl r4",1
"andeq r0, r0, r0",1
"andeq r0, sp, r0",1
"ldrdeq r0, r1, [r0], -r8",1
"andeq sb, r0, r8, lsl r4",1
"andeq r0, r0, r0",1
"andeq r0, sp, r2",1
"andeq r0, r0, r2, lsl 1",1
"andeq sb, r0, ip, asr 8",1
"andeq r0, r0, r0",1
"andeq r0, sp, r0",1
"andeq r0, r0, r2, lsl 1",1
"andeq r5, r1, ip, lsl r7",1
"andeq r0, r0, r0",1
"andseq r0, r7, r0",1
"andeq r0, r0, r3, lsl 2",1
"andeq sb, r0, r8, asr r4",1
"andeq r0, r0, r0",1
"andeq r0, sp, r0",1
"andeq r0, r0, fp, ror 3",1
"andeq sb, r0, r8, asr r4",1
"andeq r0, r0, r0",1
"andeq r0, sp, r2",1
"andeq r0, r0, r2, lsl 1",1
"andeq sb, r0, ip, ror r4",1
"andeq r0, r0, r0",1
"andeq r0, sp, r0",1
"andeq r0, r0, r1, lsl 4",1
"andeq r5, r1, r8, lsl 15",1
"andeq r0, r0, r1",1
"andseq r0, r8, r1",1
"andeq r0, r0, r2, lsl 1",1
"andeq r5, r1, ip, lsl r5",1
"andeq r0, r0, r0",1
"andseq r0, r3, r0",1
"andeq r0, r0, r0, lsl r2",1
"andeq r5, r1, ip, lsl r5",1
"andeq r0, r0, r0",1
"andseq r0, r3, r1",1
"andeq r0, r0, r3, lsl 2",1
"andeq sb, r0, r0, lsl 9",1
"andeq r0, r0, r0",1
"andeq r0, sp, r0",1
"andeq r0, r0, r7, lsr r2",1
"andeq sb, r0, r0, lsl 9",1
"andeq r0, r0, r0",1
"andeq r0, sp, r2",1
"andeq r0, r0, r2, lsl 1",1
"andeq sb, r0, ip, lsr 9",1
"andeq r0, r0, r0",1
"andeq r0, sp, r0",1
"andeq r0, r0, r2, lsl 1",1
"andeq r5, r1, r8, lsl r5",1
"andeq r0, r0, r0",1
"andseq r0, r2, r0",1
"andeq r0, r0, r3, asr 4",1
"andeq r5, r1, r8, lsl r5",1
"andeq r0, r0, r0",1
"andseq r0, r2, r1",1
"andeq r0, r0, r2, lsl 1",1
"andeq r5, r1, r8, lsl 15",1
"andeq r0, r0, r0",1
"andseq r0, r8, r0",1
"andeq r0, r0, r2, ror 4",1
"andeq r0, r0, r0",1
"andeq r0, r0, r0",1
invalid,1
"andeq r0, r0, r2, lsl 1",1
"andeq r5, r1, r0, lsr 14",1
"andeq r0, r0, r0",1
"andseq r0, r7, r0",1
"andeq r0, r0, r2, lsl 1",1
"andeq sp, r0, r8, lsl 1",1
"andeq r0, r0, r0",1
"andeq r0, pc, r0",1
"andeq r0, r0, ip, ror 4",1
"andeq r0, r0, r0",1
"andeq r0, r0, r0",1
invalid,1
"andeq r0, r0, r3, lsl 2",1
"strdeq sb, sl, [r0], -r8",1
"andeq r0, r0, r0",1
"andeq r0, sp, r0",1
"andeq r0, r0, r2, lsl 1",1
"andeq sb, r0, r4, lsl 28",1
"andeq r0, r0, r0",1
"andeq r0, sp, r0",1
"andeq r0, r0, r3, lsl 2",1
"andeq sb, r0, r8, lsl 28",1
"andeq r0, r0, r0",1
"andeq r0, sp, r0",1
"andeq r0, r0, r2, lsl 1",1
"andeq sb, r0, r4, lsl lr",1
"andeq r0, r0, r0",1
"andeq r0, sp, r0",1
"andeq r0, r0, r3, lsl 2",1
"andeq sb, r0, r8, lsl lr",1
"andeq r0, r0, r0",1
"andeq r0, sp, r0",1
"andeq r0, r0, r2, lsl 1",1
"andeq sb, r0, r4, ror 29",1
"andeq r0, r0, r0",1
"andeq r0, sp, r0",1
"andeq r0, r0, r2, lsl 1",1
"muleq r0, r0, r0",1
"andeq r0, r0, r0",1
"andeq r0, pc, r0",1
"andeq r0, r0, r2, lsl 1",1
"andeq r5, r1, ip, lsl 15",1
"andeq r0, r0, r0",1
"andseq r0, r8, r0",1
"andeq r0, r0, r7, ror r2",1
"andeq r5, r1, ip, lsl 15",1
"andeq r0, r0, r4",1
"andseq r0, r8, r1",1
"andeq r0, r0, r1, lsl 5",1
"muleq r1, r0, r7",1
"andeq r0, r0, r1",1
"andseq r0, r8, r1",1
"andeq r0, r0, r2, lsl 1",1
"andeq r0, r0, r8, lsl 1",1
"andeq r0, r0, r0",1
"andseq r0, pc, r0",1
"andeq r0, r0, lr, lsl 5",1
"andeq r0, r0, r0",1
"andeq r0, r0, r0",1
invalid,1
"andeq r0, r0, r3, lsl 2",1
"andeq sb, r0, r0, lsl 30",1
"andeq r0, r0, r0",1
"andeq r0, sp, r0",1
"andeq r0, r0, r2, lsl 1",1
"ldrdeq r0, r1, [r0], -r8",1
"andeq r0, r0, r0",1
"andseq r0, pc, r0",1
"muleq r0, lr, r2",1
"andeq r0, r0, r0",1
"andeq r0, r0, r0",1
invalid,1
"andeq r0, r0, r2, lsl 1",1
"andeq r5, r1, r4, lsr 14",1
"andeq r0, r0, r0",1
"andseq r0, r7, r0",1
"andeq r0, r0, sb, lsr 5",1
"andeq r0, r0, r0",1
"andeq r0, r0, r0",1
invalid,1
"andeq r0, r0, r3, lsl 2",1
"muleq r0, ip, pc",1
"andeq r0, r0, r0",1
"andeq r0, sp, r0",1
"andeq r0, r0, r2, lsl 1",1
"andeq sl, r0, r4, lsr r0",1
"andeq r0, r0, r0",1
"andeq r0, sp, r0",1
"andeq r0, r0, r2, lsl 1",1
"andeq sp, r0, r4, lsr 1",1
"andeq r0, r0, r0",1
"andeq r0, pc, r0",1
"andeq r0, r0, r2, lsl 1",1
"muleq r1, r4, r7",1
"andeq r0, r0, r0",1
"andseq r0, r8, r0",1
"andeq r0, r0, r2, lsl 1",1
"andeq r0, r0, r0, lsl r1",1
"andeq r0, r0, r0",1
"andseq r0, pc, r0",1
"strheq r0, [r0], -r4",1
"andeq r0, r0, r0",1
"andeq r0, r0, r0",1
invalid,1
"andeq r0, r0, r3, lsl 2",1
"andeq sl, r0, r0, asr r0",1
"andeq r0, r0, r0",1
"andeq r0, sp, r0",1
"strheq r0, [r0], -pc",1
"andeq sl, r0, r0, asr r0",1
"andeq r0, r0, r8, lsr 2",1
"andeq r0, sp, r2",1
"andeq r0, r0, r2, lsl 1",1
"andeq sl, r0, r0, ror 2",1
"andeq r0, r0, r0",1
"andeq r0, sp, r0",1
"andeq r0, r0, r3, lsl 2",1
"andeq sl, r0, r8, ror r1",1
"andeq r0, r0, r0",1
"andeq r0, sp, r0",1
"ldrdeq r0, r1, [r0], -r4",1
"andeq sl, r0, r8, ror r1",1
"andeq r0, r0, ip, ror 26",1
"andeq r0, sp, r2",1
"andeq r0, r0, r2, lsl 1",1
"strheq sl, [r0], -r8",1
"andeq r0, r0, r0",1
"andeq r0, sp, r0",1
"andeq r0, r0, r3, lsl 2",1
"ldrdeq sl, fp, [r0], -ip",1
"andeq r0, r0, r0",1
"andeq r0, sp, r0",1
"andeq r0, r0, r2, lsl 1",1
"ldrdeq sl, fp, [r0], -r8",1
"andeq r0, r0, r0",1
"andeq r0, sp, r0",1
"andeq r0, r0, r3, lsl 2",1
"ldrdeq sl, fp, [r0], -r4",1
"andeq r0, r0, r0",1
"andeq r0, sp, r0",1
"andeq r0, r0, r2, lsl 1",1
"andeq sl, r0, r0, lsr 24",1
"andeq r0, r0, r0",1
"andeq r0, sp, r0",1
"andeq r0, r0, r3, lsl 2",1
"andeq sl, r0, r8, lsr 25",1
"andeq r0, r0, r0",1
"andeq r0, sp, r0",1
"andeq r0, r0, r2, lsl 1",1
"ldrdeq sl, fp, [r0], -r4",1
"andeq r0, r0, r0",1
"andeq r0, sp, r0",1
"andeq r0, r0, r3, lsl 2",1
"andeq sl, r0, r4, ror 29",1
"andeq r0, r0, r0",1
"andeq r0, sp, r0",1
"andeq r0, r0, sp, ror 5",1
"andeq sl, r0, r4, ror 29",1
"strheq r0, [r0], -r0",1
"andeq r0, sp, r2",1
"andeq r0, r0, r2, lsl 1",1
"andeq fp, r0, ip, lsl 1",1
"andeq r0, r0, r0",1
"andeq r0, sp, r0",1
"andeq r0, r0, r3, lsl 2",1
"muleq r0, r4, r0",1
"andeq r0, r0, r0",1
"andeq r0, sp, r0",1
"andeq r0, r0, r2, lsl 1",1
"andeq fp, r0, r4, asr 1",1
"andeq r0, r0, r0",1
"andeq r0, sp, r0",1
"andeq r0, r0, r3, lsl 2",1
"andeq fp, r0, r8, asr 1",1
"andeq r0, r0, r0",1
"andeq r0, sp, r0",1
"andeq r0, r0, r2, lsl 1",1
"ldrdeq fp, ip, [r0], -ip",1
"andeq r0, r0, r0",1
"andeq r0, sp, r0",1
"andeq r0, r0, r3, lsl 2",1
"andeq fp, r0, r0, ror 1",1
"andeq r0, r0, r0",1
"andeq r0, sp, r0",1
"andeq r0, r0, r2, lsl 1",1
"strdeq fp, ip, [r0], -r4",1
"andeq r0, r0, r0",1
"andeq r0, sp, r0",1
"andeq r0, r0, r3, lsl 2",1
"strdeq fp, ip, [r0], -r8",1
"andeq r0, r0, r0",1
"andeq r0, sp, r0",1
"andeq r0, r0, r2, lsl 1",1
"andeq fp, r0, r8, lsr r1",1
"andeq r0, r0, r0",1
"andeq r0, sp, r0",1
"andeq r0, r0, r3, lsl 2",1
"andeq fp, r0, ip, lsr r1",1
"andeq r0, r0, r0",1
"andeq r0, sp, r0",1
"andeq r0, r0, r2, lsl 1",1
"andeq fp, r0, r4, asr r1",1
"andeq r0, r0, r0",1
"andeq r0, sp, r0",1
"andeq r0, r0, r3, lsl 2",1
"andeq fp, r0, r8, asr r1",1
"andeq r0, r0, r0",1
"andeq r0, sp, r0",1
"andeq r0, r0, r2, lsl 1",1
"andeq fp, r0, r8, lsl 3",1
"andeq r0, r0, r0",1
"andeq r0, sp, r0",1
"andeq r0, r0, r3, lsl 2",1
"andeq fp, r0, ip, lsl 3",1
"andeq r0, r0, r0",1
"andeq r0, sp, r0",1
"andeq r0, r0, r2, lsl 1",1
"andeq fp, r0, r4, lsl 4",1
"andeq r0, r0, r0",1
"andeq r0, sp, r0",1
"andeq r0, r0, r3, lsl 2",1
"andeq fp, r0, r8, lsl 4",1
"andeq r0, r0, r0",1
"andeq r0, sp, r0",1
"andeq r0, r0, r2, lsl 1",1
"strheq fp, [r0], -ip",1
"andeq r0, r0, r0",1
"andeq r0, sp, r0",1
"andeq r0, r0, r3, lsl 2",1
"andeq fp, r0, r0, asr 5",1
"andeq r0, r0, r0",1
"andeq r0, sp, r0",1
"andeq r0, r0, r2, lsl 1",1
"andeq fp, r0, r8, lsl 7",1
"andeq r0, r0, r0",1
"andeq r0, sp, r0",1
"andeq r0, r0, r3, lsl 2",1
"andeq fp, r0, ip, lsl 7",1
"andeq r0, r0, r0",1
"andeq r0, sp, r0",1
"andeq r0, r0, r2, lsl 1",1
"andeq fp, r0, ip, lsl 8",1
"andeq r0, r0, r0",1
"andeq r0, sp, r0",1
"andeq r0, r0, r3, lsl 2",1
"andeq fp, r0, r4, lsl r4",1
"andeq r0, r0, r0",1
"andeq r0, sp, r0",1
"andeq r0, r0, r2, lsl 1",1
"andeq fp, r0, r0, lsr 8",1
"andeq r0, r0, r0",1
"andeq r0, sp, r0",1
"andeq r0, r0, r3, lsl 2",1
"andeq fp, r0, r4, lsr 8",1
"andeq r0, r0, r0",1
"andeq r0, sp, r0",1
"andeq r0, r0, r2, lsl 1",1
"andeq fp, r0, ip, lsr 8",1
"andeq r0, r0, r0",1
"andeq r0, sp, r0",1
"andeq r0, r0, r3, lsl 2",1
"andeq fp, r0, r0, lsr r4",1
"andeq r0, r0, r0",1
"andeq r0, sp, r0",1
"andeq r0, r0, r2, lsl 1",1
"andeq fp, r0, r4, asr 8",1
"andeq r0, r0, r0",1
"andeq r0, sp, r0",1
"andeq r0, r0, r3, lsl 2",1
"andeq fp, r0, r8, asr 8",1
"andeq r0, r0, r0",1
"andeq r0, sp, r0",1
"andeq r0, r0, r2, lsl 1",1
"andeq fp, r0, r0, ror 8",1
"andeq r0, r0, r0",1
"andeq r0, sp, r0",1
"andeq r0, r0, r3, lsl 2",1
"andeq fp, r0, r4, ror 8",1
"andeq r0, r0, r0",1
"andeq r0, sp, r0",1
"andeq r0, r0, r2, lsl 1",1
"andeq fp, r0, r0, lsl r7",1
"andeq r0, r0, r0",1
"andeq r0, sp, r0",1
"andeq r0, r0, r3, lsl 2",1
"andeq fp, r0, r4, lsl r7",1
"andeq r0, r0, r0",1
"andeq r0, sp, r0",1
"andeq r0, r0, r2, lsl 1",1
"andeq fp, r0, ip, lsl 15",1
"andeq r0, r0, r0",1
"andeq r0, sp, r0",1
"andeq r0, r0, r3, lsl 2",1
"muleq r0, r0, r7",1
"andeq r0, r0, r0",1
"andeq r0, sp, r0",1
"andeq r0, r0, r2, lsl 1",1
"strdeq fp, ip, [r0], -r0",1
"andeq r0, r0, r0",1
"andeq r0, sp, r0",1
"andeq r0, r0, r3, lsl 2",1
"strdeq fp, ip, [r0], -r4",1
"andeq r0, r0, r0",1
"andeq r0, sp, r0",1
"andeq r0, r0, r2, lsl 1",1
"andeq fp, r0, r8, asr r8",1
"andeq r0, r0, r0",1
"andeq r0, sp, r0",1
"andeq r0, r0, r3, lsl 2",1
"andeq fp, r0, ip, asr r8",1
"andeq r0, r0, r0",1
"andeq r0, sp, r0",1
"andeq r0, r0, r2, lsl 1",1
"ldrdeq fp, ip, [r0], -r0",1
"andeq r0, r0, r0",1
"andeq r0, sp, r0",1
"andeq r0, r0, r3, lsl 2",1
"ldrdeq fp, ip, [r0], -r4",1
"andeq r0, r0, r0",1
"andeq r0, sp, r0",1
"andeq r0, r0, r2, lsl 1",1
"andeq fp, r0, r8, asr 18",1
"andeq r0, r0, r0",1
"andeq r0, sp, r0",1
"andeq r0, r0, r3, lsl 2",1
"andeq fp, r0, ip, asr 18",1
"andeq r0, r0, r0",1
"andeq r0, sp, r0",1
"andeq r0, r0, r2, lsl 1",1
"andeq fp, r0, r4, asr 19",1
"andeq r0, r0, r0",1
"andeq r0, sp, r0",1
"andeq r0, r0, r3, lsl 2",1
"andeq fp, r0, r8, asr 19",1
"andeq r0, r0, r0",1
"andeq r0, sp, r0",1
"andeq r0, r0, r2, lsl 1",1
"andeq fp, r0, r4, asr 20",1
"andeq r0, r0, r0",1
"andeq r0, sp, r0",1
"andeq r0, r0, r3, lsl 2",1
"andeq fp, r0, r8, asr 20",1
"andeq r0, r0, r0",1
"andeq r0, sp, r0",1
"andeq r0, r0, r2, lsl 1",1
"andeq fp, r0, r0, asr sl",1
"andeq r0, r0, r0",1
"andeq r0, sp, r0",1
"andeq r0, r0, r3, lsl 2",1
"andeq fp, r0, r4, asr sl",1
"andeq r0, r0, r0",1
"andeq r0, sp, r0",1
"andeq r0, r0, r2, lsl 1",1
"andeq fp, r0, ip, ror 20",1
"andeq r0, r0, r0",1
"andeq r0, sp, r0",1
"andeq r0, r0, r3, lsl 2",1
"andeq fp, r0, r0, ror sl",1
"andeq r0, r0, r0",1
"andeq r0, sp, r0",1
"andeq r0, r0, r2, lsl 1",1
"andeq fp, r0, ip, ror sl",1
"andeq r0, r0, r0",1
"andeq r0, sp, r0",1
"andeq r0, r0, r3, lsl 2",1
"andeq fp, r0, r0, lsl 21",1
"andeq r0, r0, r0",1
"andeq r0, sp, r0",1
"andeq r0, r0, r2, lsl 1",1
"muleq r0, r4, sl",1
"andeq r0, r0, r0",1
"andeq r0, sp, r0",1
"andeq r0, r0, r2, lsl 1",1
"andeq sp, r0, r8, ror 1",1
"andeq r0, r0, r0",1
"andeq r0, pc, r0",1
"andeq r0, r0, r2, lsl 1",1
"andeq r5, r1, r8, lsr 14",1
"andeq r0, r0, r0",1
"andseq r0, r7, r0",1
"andeq r0, r0, r0, lsl 6",1
"andeq r5, r1, r8, lsr 14",1
"andeq r0, r0, r4",1
"andseq r0, r7, r1",1
"andeq r0, r0, r8, lsl 6",1
"andeq r5, r1, r0, lsr r7",1
"andeq r0, r0, r8",1
"andseq r0, r7, r1",1
"andeq r0, r0, r1, lsl r3",1
"andeq r5, r1, ip, lsr 14",1
"andeq r0, r0, r4",1
"andseq r0, r7, r1",1
"andeq r0, r0, r8, lsl r3",1
"muleq r1, r8, r7",1
"andeq r0, r0, r0, lsl 2",1
"andseq r0, r8, r1",1
"andeq r0, r0, r2, lsl 1",1
"andeq sp, r0, ip, lsr 2",1
"andeq r0, r0, r0",1
"andeq r0, pc, r0",1
"andeq r0, r0, r2, lsl 1",1
"muleq r1, r8, r7",1
"andeq r0, r0, r0",1
"andseq r0, r8, r0",1
"andeq r0, r0, lr, lsl r3",1
"muleq r1, r8, r8",1
"andeq r0, r0, r0, lsr r0",1
"andseq r0, r8, r1",1
"andeq r0, r0, r2, lsl 1",1
"andeq r0, r0, ip, lsr r1",1
"andeq r0, r0, r0",1
"andseq r0, pc, r0",1
"andeq r0, r0, r6, lsr r3",1
"andeq r0, r0, r0",1
"andeq r0, r0, r0",1
invalid,1
"andeq r0, r0, r3, lsl 2",1
"muleq r0, r8, sl",1
"andeq r0, r0, r0",1
"andeq r0, sp, r0",1
"andeq r0, r0, r2, lsl 1",1
"andeq fp, r0, r8, ror 21",1
"andeq r0, r0, r0",1
"andeq r0, sp, r0",1
"andeq r0, r0, r2, lsl 1",1
"andeq ip, r0, r4, asr 24",1
"andeq r0, r0, r0",1
"andeq r0, pc, r0",1
"andeq r0, r0, r2, lsl 1",1
"strheq r0, [r0], -ip",1
"andeq r0, r0, r0",1
"andseq r0, pc, r0",1
"andeq r0, r0, r5, asr 6",1
"andeq r0, r0, r0",1
"andeq r0, r0, r0",1
invalid,1
"andeq r0, r0, r3, lsl 2",1
"andeq fp, r0, ip, ror 21",1
"andeq r0, r0, r0",1
"andeq r0, sp, r0",1
"andeq r0, r0, r2, lsl 1",1
"andeq fp, r0, r4, ror fp",1
"andeq r0, r0, r0",1
"andeq r0, sp, r0",1
"andeq r0, r0, r3, lsl 2",1
"muleq r0, ip, fp",1
"andeq r0, r0, r0",1
"andeq r0, sp, r0",1
"andeq r0, r0, r2, lsl 1",1
"andeq fp, r0, ip, lsr 28",1
"andeq r0, r0, r0",1
"andeq r0, sp, r0",1
"andeq r0, r0, r3, lsl 2",1
"andeq fp, r0, ip, ror 28",1
"andeq r0, r0, r0",1
"andeq r0, sp, r0",1
"andeq r0, r0, r2, lsl 1",1
"andeq ip, r0, r0, lsr r1",1
"andeq r0, r0, r0",1
"andeq r0, sp, r0",1
"andeq r0, r0, r2, lsl 1",1
"andeq sp, r0, r4, lsl 3",1
"andeq r0, r0, r0",1
"andeq r0, pc, r0",1
"andeq r0, r0, r2, lsl 1",1
"andeq r0, r0, r8, ror 9",1
"andeq r0, r0, r0",1
"andseq r0, pc, r0",1
"andeq r0, r0, r3, asr r3",1
"andeq r0, r0, r0",1
"andeq r0, r0, r0",1
invalid,1
"andeq r0, r0, r2, lsl 1",1
"andeq sp, r0, r8, ror 8",1
"andeq r0, r0, r0",1
"andeq r0, pc, r0",1
"andeq r0, r0, r5, ror 6",1
"andeq r0, r0, r0",1
"andeq r0, r0, r0",1
invalid,1
"andeq r0, r0, r3, lsl 2",1
"andeq ip, r0, ip, asr 2",1
"andeq r0, r0, r0",1
"andeq r0, sp, r0",1
"andeq r0, r0, r2, lsl 1",1
"strheq ip, [r0], -r4",1
"andeq r0, r0, r0",1
"andeq r0, sp, r0",1
"andeq r0, r0, r3, lsl 2",1
"strheq ip, [r0], -r8",1
"andeq r0, r0, r0",1
"andeq r0, sp, r0",1
"andeq r0, r0, r2, lsl 1",1
"strheq ip, [r0], -r8",1
"andeq r0, r0, r0",1
"andeq r0, sp, r0",1
"andeq r0, r0, r3, lsl 2",1
"strheq ip, [r0], -ip",1
"andeq r0, r0, r0",1
"andeq r0, sp, r0",1
"andeq r0, r0, r2, lsl 1",1
"andeq r0, r0, r8, lsl 11",1
"andeq r0, r0, r0",1
"andseq r0, pc, r0",1
"andeq r0, r0, pc, ror 6",1
"andeq r0, r0, r0",1
"andeq r0, r0, r0",1
invalid,1
"andeq r0, r0, r3, lsl 2",1
"andeq ip, r0, r8, lsl 9",1
"andeq r0, r0, r0",1
"andeq r0, sp, r0",1
"andeq r0, r0, r2, lsl 1",1
"strheq ip, [r0], -ip",1
"andeq r0, r0, r0",1
"andeq r0, sp, r0",1
"andeq r0, r0, r2, lsl 1",1
"muleq r0, r8, r4",1
"andeq r0, r0, r0",1
"andeq r0, pc, r0",1
"andeq r0, r0, r2, lsl 1",1
"strheq r0, [r0], -r8",1
"andeq r0, r0, r0",1
"andseq r0, pc, r0",1
"andeq r0, r0, ip, ror r3",1
"andeq r0, r0, r0",1
"andeq r0, r0, r0",1
invalid,1
"andeq r0, r0, r3, lsl 2",1
"andeq ip, r0, r8, asr 9",1
"andeq r0, r0, r0",1
"andeq r0, sp, r0",1
"andeq r0, r0, r2, lsl 1",1
"andeq r0, r0, r0, ror 13",1
"andeq r0, r0, r0",1
"andseq r0, pc, r0",1
"andeq r0, r0, r6, lsl 7",1
"andeq r0, r0, r0",1
"andeq r0, r0, r0",1
invalid,1
"andeq r0, r0, r3, lsl 2",1
"strdeq ip, sp, [r0], -ip",1
"andeq r0, r0, r0",1
"andeq r0, sp, r0",1
"andeq r0, r0, r2, lsl 1",1
"andeq r0, r0, r8, lsl 14",1
"andeq r0, r0, r0",1
"andseq r0, pc, r0",1
"muleq r0, r5, r3",1
"andeq r0, r0, r0",1
"andeq r0, r0, r0",1
invalid,1
"andeq r0, r0, r3, lsl 2",1
"andeq ip, r0, r0, lsl 11",1
"andeq r0, r0, r0",1
"andeq r0, sp, r0",1
"andeq r0, r0, r2, lsl 1",1
"andeq ip, r0, r4, lsr 17",1
"andeq r0, r0, r0",1
"andeq r0, sp, r0",1
"andeq r0, r0, r2, lsl 1",1
"andeq ip, r0, r4, ror 31",1
"andeq r0, r0, r0",1
"andeq r0, pc, r0",1
"andeq r0, r0, r2, lsl 1",1
"andeq r5, r1, r8, asr 17",1
"andeq r0, r0, r0",1
"andseq r0, r8, r0",1
"andeq r0, r0, r4, lsr 7",1
"andeq r5, r1, r8, asr 17",1
"andeq r0, r0, r4",1
"andseq r0, r8, r1",1
"andeq r0, r0, r2, lsl 1",1
"andeq r0, r0, r4, lsr r7",1
"andeq r0, r0, r0",1
"andseq r0, pc, r0",1
"strheq r0, [r0], -r4",1
"andeq r0, r0, r0",1
"andeq r0, r0, r0",1
invalid,1
"andeq r0, r0, r3, lsl 2",1
"andeq ip, r0, r4, asr 17",1
"andeq r0, r0, r0",1
"andeq r0, sp, r0",1
"andeq r0, r0, r2, lsl 1",1
"andeq r0, r0, r0, ror r7",1
"andeq r0, r0, r0",1
"andseq r0, pc, r0",1
"strheq r0, [r0], -sp",1
"andeq r0, r0, r0",1
"andeq r0, r0, r0",1
invalid,1
"andeq r0, r0, r3, lsl 2",1
"andeq ip, r0, r4, ror 18",1
"andeq r0, r0, r0",1
"andeq r0, sp, r0",1
"andeq r0, r0, r2, lsl 1",1
"andeq r0, r0, r0, lsr 15",1
"andeq r0, r0, r0",1
"andseq r0, pc, r0",1
"andeq r0, r0, r6, asr 7",1
"andeq r0, r0, r0",1
"andeq r0, r0, r0",1
invalid,1
"andeq r0, r0, r3, lsl 2",1
"strheq ip, [r0], -r8",1
"andeq r0, r0, r0",1
"andeq r0, sp, r0",1
"andeq r0, r0, r2, lsl 1",1
"andeq r0, r0, ip, asr 15",1
"andeq r0, r0, r0",1
"andseq r0, pc, r0",1
"andeq r0, r0, pc, asr 7",1
"andeq r0, r0, r0",1
"andeq r0, r0, r0",1
invalid,1
"andeq r0, r0, r3, lsl 2",1
"andeq ip, r0, ip, asr sl",1
"andeq r0, r0, r0",1
"andeq r0, sp, r0",1
"ldrdeq r0, r1, [r0], -sl",1
"andeq ip, r0, ip, asr sl",1
"andeq r0, r0, r0",1
"andeq r0, sp, r0",1
"andeq r0, r0, r2, lsl 1",1
"strdeq r0, r1, [r0], -ip",1
"andeq r0, r0, r0",1
"andseq r0, pc, r0",1
"andeq r0, r0, r2, lsl 1",1
"andeq r0, r0, r4, lsr 5",1
"andeq r0, r0, r0",1
"andseq r0, fp, r0",1
"strdeq r0, r1, [r0], -r2",1
"andeq r0, r0, r0",1
"andeq r0, r0, r0",1
invalid,1
"andeq r0, r0, r3, lsl 2",1
"andeq ip, r0, r4, lsr 22",1
"andeq r0, r0, r0",1
"andeq r0, sp, r0",1
"andeq r0, r0, r2, lsl 1",1
"andeq r0, r0, r4, asr 5",1
"andeq r0, r0, r0",1
"andseq r0, fp, r0",1
"strdeq r0, r1, [r0], -lr",1
"andeq r0, r0, r0",1
"andeq r0, r0, r0",1
invalid,1
"andeq r0, r0, r3, lsl 2",1
"andeq ip, r0, r4, lsr fp",1
"andeq r0, r0, r0",1
"andeq r0, sp, r0",1
"andeq r0, r0, r2, lsl 1",1
"muleq r0, r0, fp",1
"andeq r0, r0, r0",1
"andeq r0, sp, r0",1
"andeq r0, r0, r3, lsl 2",1
"muleq r0, r8, fp",1
"andeq r0, r0, r0",1
"andeq r0, sp, r0",1
"andeq r0, r0, r2, lsl 1",1
"andeq r0, r0, ip, lsl r8",1
"andeq r0, r0, r0",1
"andseq r0, pc, r0",1
"andeq r0, r0, sb, lsl 8",1
"andeq r0, r0, r0",1
"andeq r0, r0, r0",1
invalid,1
"andeq r0, r0, r3, lsl 2",1
"muleq r0, ip, fp",1
"andeq r0, r0, r0",1
"andeq r0, sp, r0",1
"andeq r0, r0, r2, lsl 1",1
"andeq ip, r0, r0, asr 23",1
"andeq r0, r0, r0",1
"andeq r0, sp, r0",1
"andeq r0, r0, r2, lsl 1",1
"andeq r0, r0, r0, ror 16",1
"andeq r0, r0, r0",1
"andseq r0, pc, r0",1
"andeq r0, r0, fp, lsr 3",1
"andeq r0, r0, r0",1
"andeq r0, r0, r0",1
invalid,1
"andeq r0, r0, r2, lsl 1",1
"andeq sp, r0, r4, lsl r5",1
"andeq r0, r0, r0",1
"andseq r0, r1, r0",1
"andeq r0, r0, r2, lsl r4",1
"andeq sp, r0, r4, lsl r5",1
"andeq r0, r0, r0",1
"andseq r0, r1, r1",1
"andeq r0, r0, r2, lsl 1",1
"andeq r5, r1, r0, lsr 10",1
"andeq r0, r0, r0",1
"andseq r0, r4, r0",1
"andeq r0, r0, r0, lsr 8",1
"andeq r5, r1, r0, lsr 10",1
"andeq r0, r0, r0",1
"andseq r0, r4, r1",1
"andeq r0, r0, r0",1
"andeq r0, r0, r0",1
"andeq r0, r0, r0",1
invalid,1
"andeq r0, r0, ip, lsr 8",1
"andeq r5, r1, ip, lsl r5",1
"andeq r0, r0, r0",1
"andseq r0, r2, r0",1
"andeq r0, r0, sp, lsr r4",1
"andeq r5, r1, ip, lsl r7",1
"andeq r0, r0, r0",1
"andseq r0, r7, r1",1
"andeq r0, r0, sl, asr 8",1
"andeq r5, r1, r4, lsr 10",1
"andeq r0, r0, r0",1
"andseq r0, r5, r1",1
"andeq r0, r0, r3, asr r4",1
"andeq r5, r1, r8, lsl r5",1
"andeq r0, r0, r0",1
"andseq r0, r2, r0",1
"andeq r0, r0, r6, ror 8",1
"andeq r5, r1, ip, lsl 12",1
"andeq r0, r0, r0",1
"andseq r0, r6, r1",1
"andeq r0, r0, r3, lsl 2",1
"andeq r8, r0, r4, asr 27",1
"andeq r0, r0, r0",1
"andeq r0, ip, r0",1
"andeq r0, r0, r2, lsl 1",1
"ldrdeq r8, sb, [r0], -r4",1
"andeq r0, r0, r0",1
"andeq r0, ip, r0",1
"andeq r0, r0, r3, lsl 2",1
"ldrdeq r8, sb, [r0], -r8",1
"andeq r0, r0, r0",1
"andeq r0, ip, r0",1
"andeq r0, r0, ip, ror r4",1
"andeq fp, r0, r4, lsr 8",1
"andeq r0, r0, ip",1
"andeq r0, sp, r2, lsl r0",1
"andeq r0, r0, fp, lsl 9",1
"andeq sb, r0, r8, asr pc",1
"andeq r0, r0, r4, asr 32",1
"andeq r0, sp, r2, lsl r0",1
"muleq r0, r4, r4",1
"muleq r0, r8, fp",1
"andeq r0, r0, r4",1
"andeq r0, sp, r2, lsl r0",1
"andeq r0, r0, r4, lsr 9",1
"ldrdeq r8, sb, [r0], -r8",1
"andeq r0, r0, r0",1
"andeq r0, r0, r2, lsl r0",1
"strheq r0, [r0], -r6",1
"andeq fp, r0, r4, lsl r7",1
"andeq r0, r0, ip, ror r0",1
"andeq r0, sp, r2, lsl r0",1
"andeq r0, r0, r4, asr 9",1
"andeq r8, r0, r4, ror 27",1
"andeq r0, r0, r0",1
"andeq r0, r0, r2, lsl r0",1
"ldrdeq r0, r1, [r0], -r6",1
"strdeq r8, sb, [r0], -r0",1
"andeq r0, r0, r0",1
"andeq r0, r0, r2, lsl r0",1
"strdeq r0, r1, [r0], -r0",1
"strdeq r8, sb, [r0], -ip",1
"andeq r0, r0, r0",1
"andeq r0, r0, r2, lsl r0",1
"andeq r0, r0, r2, lsl 10",1
"andeq r8, r0, r8, lsl 28",1
"andeq r0, r0, r0",1
"andeq r0, r0, r2, lsl r0",1
"andeq r0, r0, r3, lsl r5",1
"andeq r5, r1, r8, ror 14",1
"andeq r0, r0, r4",1
"andseq r0, r8, r1, lsl r0",1
"andeq r0, r0, sb, lsr 10",1
"strheq fp, [r0], -r0",1
"andeq r0, r0, r8, lsl r1",1
"andeq r0, sp, r2, lsl r0",1
"andeq r0, r0, r5, lsr r5",1
"andeq ip, r0, ip, asr sl",1
"andeq r0, r0, r0",1
"andeq r0, sp, r2, lsl r2",1
"andeq r0, r0, r3, asr 10",1
"andeq r5, r1, r8, lsr r7",1
"andeq r0, r0, r0, lsr r0",1
"andseq r0, r7, r1, lsl r0",1
"andeq r0, r0, sb, asr r5",1
"andeq r8, r0, r4, lsl lr",1
"andeq r0, r0, r0",1
"andeq r0, r0, r2, lsl r0",1
"andeq r0, r0, fp, ror 10",1
"andeq fp, r0, r0, asr 5",1
"andeq r0, r0, ip, asr 1",1
"andeq r0, sp, r2, lsl r0",1
"andeq r0, r0, lr, ror r5",1
"andeq r0, r0, r0",1
"andeq r0, r0, r0",1
"andeq r0, r0, r0, lsr 32",1
"muleq r0, sl, r5",1
"andeq r5, r1, r8, lsl r7",1
"andeq r0, r0, r0",1
"andseq r0, r7, r0, lsr 32",1
"andeq r0, r0, r5, lsr 11",1
"andeq fp, r0, ip, lsr r1",1
"andeq r0, r0, ip, lsl r0",1
"andeq r0, sp, r2, lsl r0",1
"strheq r0, [r0], -r7",1
"andeq r5, r1, r8, ror 14",1
"andeq r0, r0, r0",1
"andseq r0, r8, r0, lsl r0",1
"andeq r0, r0, r5, asr 11",1
"andeq fp, r0, r4, ror 8",1
"andeq r0, r0, ip, lsl 1",1
"andeq r0, sp, r2, lsl r0",1
"ldrdeq r0, r1, [r0], -r6",1
"andeq fp, r0, ip, lsl 3",1
"andeq r0, r0, ip, ror r0",1
"andeq r0, sp, r2, lsl r0",1
"andeq r0, r0, r6, ror 11",1
"andeq r8, r0, r0, lsr 28",1
"andeq r0, r0, r0",1
"andeq r0, r0, r2, lsl r0",1
"strdeq r0, r1, [r0], -r8",1
"muleq r0, ip, pc",1
"strheq r0, [r0], -r4",1
"andeq r0, sp, r2, lsl r0",1
"andeq r0, r0, sb, lsl 12",1
"andeq fp, r0, ip, asr r8",1
"andeq r0, r0, r8, ror r0",1
"andeq r0, sp, r2, lsl r0",1
"andeq r0, r0, fp, lsl r6",1
"muleq r0, ip, fp",1
"andeq r0, r0, ip, lsr 32",1
"andeq r0, sp, r2, lsl r2",1
"andeq r0, r0, r2, lsr 12",1
"andeq r8, r0, ip, lsr 28",1
"andeq r0, r0, r0",1
"andeq r0, r0, r2, lsl r0",1
"andeq r0, r0, r2, lsr r6",1
"ldrdeq fp, ip, [r0], -r4",1
"andeq r0, r0, r8, ror r0",1
"andeq r0, sp, r2, lsl r0",1
"andeq r0, r0, r8, asr 12",1
"andeq fp, r0, r0, lsl 11",1
"andeq r0, r0, r8, lsl 1",1
"andeq r0, sp, r2, lsl r0",1
"andeq r0, r0, r7, asr r6",1
"andeq r8, r0, r8, lsr lr",1
"andeq r0, r0, r0",1
"andeq r0, r0, r2, lsl r0",1
"andeq r0, r0, r8, ror 12",1
"andeq r8, r0, r4, asr 28",1
"andeq r0, r0, r0",1
"andeq r0, r0, r2, lsl r0",1
"andeq r0, r0, sl, ror r6",1
"andeq r5, r1, ip, asr 17",1
"andeq r0, r0, r0",1
"andseq r0, r8, r0, lsl r0",1
"andeq r0, r0, r5, lsl 13",1
"andeq r5, r1, r8, ror 14",1
"andeq r0, r0, r0",1
"andseq r0, r7, r0, lsl r0",1
"andeq r0, r0, ip, lsl 13",1
"andeq r8, r0, r0, asr lr",1
"andeq r0, r0, r0",1
"andeq r0, r0, r2, lsl r0",1
"muleq r0, pc, r6",1
"andeq r8, r0, ip, asr lr",1
"andeq r0, r0, r0",1
"andeq r0, r0, r2, lsl r0",1
"strheq r0, [r0], -r1",1
"andeq ip, r0, r8, asr 23",1
"andeq r0, r0, r0",1
"andeq r0, lr, r2, lsl r0",1
"strheq r0, [r0], -r7",1
"andeq r5, r1, r0, ror r7",1
"andeq r0, r0, r4",1
"andseq r0, r8, r1, lsl r0",1
"ldrdeq r0, r1, [r0], -r2",1
"andeq r5, r1, r8, ror r7",1
"andeq r0, r0, r4",1
"andseq r0, r8, r1, lsl r0",1
"andeq r0, r0, r4, ror 13",1
"andeq r8, r0, r8, ror 28",1
"andeq r0, r0, r0",1
"andeq r0, r0, r2, lsl r0",1
"strdeq r0, r1, [r0], -sb",1
"andeq r5, r1, ip, asr 17",1
"andeq r0, r0, r0",1
"andseq r0, r8, r0, lsl r0",1
"andeq r0, r0, r5, lsl 14",1
"andeq ip, r0, r4, asr r3",1
"andeq r0, r0, r8, rrx",1
"andeq r0, sp, r2, lsl r0",1
"andeq r0, r0, pc, lsl 14",1
"andeq r8, r0, r4, ror lr",1
"andeq r0, r0, r0",1
"andeq r0, r0, r2, lsl r0",1
"andeq r0, r0, r2, lsr 14",1
"andeq ip, r0, r8, lsl 6",1
"andeq r0, r0, ip, asr 32",1
"andeq r0, sp, r2, lsl r0",1
"andeq r0, r0, fp, lsr 14",1
"andeq r8, r0, r0, lsl 29",1
"andeq r0, r0, r0",1
"andeq r0, r0, r2, lsl r0",1
"andeq r0, r0, r1, asr 14",1
"andeq r5, r1, r0, lsr 14",1
"andeq r0, r0, r4",1
"andseq r0, r7, r1, lsl r0",1
"andeq r0, r0, sb, asr 14",1
"andeq r8, r0, ip, lsl 29",1
"andeq r0, r0, r0",1
"andeq r0, r0, r2, lsl r0",1
"andeq r0, r0, sl, asr r7",1
"andeq ip, r0, r4, ror 18",1
"andeq r0, r0, r4, asr r0",1
"andeq r0, sp, r2, lsl r0",1
"andeq r0, r0, r5, ror 14",1
"muleq r0, r8, lr",1
"andeq r0, r0, r0",1
"andeq r0, r0, r2, lsl r0",1
"andeq r0, r0, sb, ror r7",1
"andeq r8, r0, r4, lsr 29",1
"andeq r0, r0, r0",1
"andeq r0, r0, r2, lsl r0",1
"andeq r0, r0, pc, lsl 15",1
"andeq r5, r1, r0, lsl 15",1
"andeq r0, r0, r4",1
"andseq r0, r8, r1, lsl r0",1
"andeq r0, r0, r1, lsr 15",1
"strheq r8, [r0], -r0",1
"andeq r0, r0, r0",1
"andeq r0, r0, r2, lsl r0",1
"strheq r0, [r0], -r3",1
"andeq ip, r0, r0, ror 5",1
"andeq r0, r0, r8, lsr 32",1
"andeq r0, sp, r2, lsl r0",1
"strheq r0, [r0], -fp",1
"andeq fp, r0, r8, asr 8",1
"andeq r0, r0, ip, lsl r0",1
"andeq r0, sp, r2, lsl r0",1
"andeq r0, r0, r8, asr 15",1
"strheq r8, [r0], -ip",1
"andeq r0, r0, r0",1
"andeq r0, r0, r2, lsl r0",1
"ldrdeq r0, r1, [r0], -fp",1
"andeq ip, r0, r4, asr 8",1
"andeq r0, r0, r4, asr 32",1
"andeq r0, sp, r2, lsl r0",1
"andeq r0, r0, r3, ror 15",1
"andeq r8, r0, r8, asr 29",1
"andeq r0, r0, r0",1
"andeq r0, r0, r2, lsl r0",1
"andeq r0, r0, r5, lsl 16",1
"ldrdeq r8, sb, [r0], -r4",1
"andeq r0, r0, r0",1
"andeq r0, r0, r2, lsl r0",1
"andeq r0, r0, r7, lsl r8",1
"andeq fp, r0, ip, ror 28",1
"andeq r0, r0, r0, asr 32",1
"andeq r0, sp, r2, lsl r0",1
"andeq r0, r0, r6, lsr 16",1
"andeq r8, r0, r0, ror 29",1
"andeq r0, r0, r0",1
"andeq r0, r0, r2, lsl r0",1
"andeq r0, r0, ip, lsr r8",1
"andeq r8, r0, ip, ror 29",1
"andeq r0, r0, r0",1
"andeq r0, r0, r2, lsl r0",1
"andeq r0, r0, pc, asr 16",1
"andeq sb, r0, r8, lsl lr",1
"andeq r0, r0, r8, ror 1",1
"andeq r0, sp, r2, lsl r0",1
"andeq r0, r0, ip, asr r8",1
"andeq sb, r0, r0, lsl 30",1
"andeq r0, r0, r8, asr r0",1
"andeq r0, sp, r2, lsl r0",1
"andeq r0, r0, fp, ror 16",1
"strdeq r8, sb, [r0], -r8",1
"andeq r0, r0, r0",1
"andeq r0, r0, r2, lsl r0",1
"andeq r0, r0, ip, ror r8",1
"andeq ip, r0, r4, lsr 22",1
"andeq r0, r0, r0, lsl r0",1
"andeq r0, sp, r2, lsr 4",1
"andeq r0, r0, sl, lsl 17",1
"muleq r0, r4, r1",1
"andeq r0, r0, ip, ror r0",1
"andeq r0, sp, r2, lsl r0",1
"muleq r0, r4, r8",1
"andeq r8, r0, r4, lsl 30",1
"andeq r0, r0, r0",1
"andeq r0, r0, r2, lsl r0",1
"andeq r0, r0, r7, lsr 17",1
"strheq ip, [r0], -r8",1
"andeq r0, r0, r8, lsr 32",1
"andeq r0, sp, r2, lsl r0",1
"strheq r0, [r0], -r2",1
"andeq fp, r0, ip, asr 18",1
"andeq r0, r0, ip, ror r0",1
"andeq r0, sp, r2, lsl r0",1
"andeq r0, r0, r2, asr 17",1
"andeq r8, r0, r0, lsl pc",1
"andeq r0, r0, r0",1
"andeq r0, r0, r2, lsl r0",1
"ldrdeq r0, r1, [r0], -r4",1
"andeq r8, r0, ip, lsl pc",1
"andeq r0, r0, r0",1
"andeq r0, r0, r2, lsl r0",1
"andeq r0, r0, r6, ror 17",1
"strdeq fp, ip, [r0], -r4",1
"andeq r0, r0, r8, rrx",1
"andeq r0, sp, r2, lsl r0",1
"strdeq r0, r1, [r0], -sb",1
"andeq r5, r1, r8, lsl r7",1
"andeq r0, r0, r0",1
"andseq r0, r7, r0, lsl r0",1
"andeq r0, r0, r6, lsl 18",1
"andeq r8, r0, r8, lsr 30",1
"andeq r0, r0, r0",1
"andeq r0, r0, r2, lsl r0",1
"andeq r0, r0, r6, lsl sb",1
"andeq fp, r0, r0, ror 1",1
"andeq r0, r0, r8, lsl r0",1
"andeq r0, sp, r2, lsl r0",1
"andeq r0, r0, r8, lsr 18",1
"andeq r8, r0, r4, lsr pc",1
"andeq r0, r0, r0",1
"andeq r0, r0, r2, lsl r0",1
"andeq r0, r0, sl, lsr sb",1
"andeq fp, r0, r8, asr 20",1
"andeq r0, r0, ip",1
"andeq r0, sp, r2, lsl r0",1
"andeq r0, r0, r6, asr 18",1
"andeq r8, r0, r0, asr 30",1
"andeq r0, r0, r0",1
"andeq r0, r0, r2, lsl r0",1
"andeq r0, r0, r3, ror 18",1
"muleq r0, r4, r0",1
"andeq r0, r0, r4, lsr r0",1
"andeq r0, sp, r2, lsl r0",1
"andeq r0, r0, sb, ror sb",1
"andeq fp, r0, ip, lsl 7",1
"andeq r0, r0, r8, lsl 1",1
"andeq r0, sp, r2, lsl r0",1
"andeq r0, r0, r7, lsl 19",1
"andeq r8, r0, ip, asr 30",1
"andeq r0, r0, r0",1
"andeq r0, r0, r2, lsl r0",1
"muleq r0, sp, sb",1
"andeq ip, r0, r8, lsl 9",1
"andeq r0, r0, r0, asr 32",1
"andeq r0, sp, r2, lsl r0",1
"andeq r0, r0, r8, lsr 19",1
"andeq r0, r0, r0",1
"andeq r0, r0, r0",1
"andeq r0, r0, r0, lsr 32",1
"strheq r0, [r0], -r7",1
"andeq r8, r0, r4, ror 30",1
"andeq r0, r0, r0",1
"andeq r0, r0, r2, lsl r0",1
"andeq r0, r0, lr, asr 19",1
"andeq ip, r0, ip, asr sl",1
"andeq r0, r0, r8, lsr 1",1
"andeq r0, sp, r2, lsl r2",1
"ldrdeq r0, r1, [r0], -r8",1
"andeq r8, r0, r0, ror pc",1
"andeq r0, r0, r0",1
"andeq r0, r0, r2, lsl r0",1
"strdeq r0, r1, [r0], -r1",1
"andeq r8, r0, ip, ror pc",1
"andeq r0, r0, r0",1
"andeq r0, r0, r2, lsl r0",1
"andeq r0, r0, r3, lsl 20",1
"andeq r8, r0, r8, lsl 31",1
"andeq r0, r0, r0",1
"andeq r0, r0, r2, lsl r0",1
"andeq r0, r0, r3, lsl sl",1
"andeq sb, r0, r8, lsl 28",1
"andeq r0, r0, r0, lsl r0",1
"andeq r0, sp, r2, lsl r0",1
"andeq r0, r0, r1, lsr sl",1
"ldrdeq ip, sp, [r0], -r0",1
"andeq r0, r0, r4",1
"andeq r0, pc, r1, lsl r0",1
"andeq r0, r0, r0, asr 20",1
"andeq ip, r0, r0, lsl r2",1
"andeq r0, r0, r8, lsr 1",1
"andeq r0, sp, r2, lsl r0",1
"andeq r0, r0, fp, asr 20",1
"muleq r0, r4, pc",1
"andeq r0, r0, r0",1
"andeq r0, r0, r2, lsl r0",1
"andeq r0, r0, sp, asr sl",1
"andeq ip, r0, r4, asr 17",1
"andeq r0, r0, r0, lsr 1",1
"andeq r0, sp, r2, lsl r0",1
"andeq r0, r0, r8, ror 20",1
"andeq sp, r0, r8, ror 1",1
"andeq r0, r0, r0, lsr 32",1
"andeq r0, pc, r1, lsl r0",1
"andeq r0, r0, fp, ror sl",1
"andeq r8, r0, r0, lsr 31",1
"andeq r0, r0, r0",1
"andeq r0, r0, r2, lsl r0",1
"andeq r0, r0, sp, lsl 21",1
"andeq ip, r0, r4, lsr fp",1
"andeq r0, r0, r4, rrx",1
"andeq r0, sp, r2, lsl r0",1
"muleq r0, sp, sl",1
"andeq fp, r0, r4, asr sl",1
"andeq r0, r0, ip, lsl r0",1
"andeq r0, sp, r2, lsl r0",1
"andeq r0, r0, r7, lsr 21",1
"andeq fp, r0, r8, asr 19",1
"andeq r0, r0, r0, lsl 1",1
"andeq r0, sp, r2, lsl r0",1
"strheq r0, [r0], -fp",1
"andeq r8, r0, ip, lsr 31",1
"andeq r0, r0, r0",1
"andeq r0, r0, r2, lsl r0",1
"ldrdeq r0, r1, [r0], -r7",1
"strheq r8, [r0], -r8",1
"andeq r0, r0, r0",1
"andeq r0, r0, r2, lsl r0",1
"andeq r0, r0, pc, ror 21",1
"andeq sp, r0, r8, lsl 2",1
"andeq r0, r0, r4, lsr 32",1
"andeq r0, pc, r1, lsl r0",1
"andeq r0, r0, r2, lsl 22",1
"andeq r8, r0, r4, asr 31",1
"andeq r0, r0, r0",1
"andeq r0, r0, r2, lsl r0",1
"andeq r0, r0, r4, lsl fp",1
"andeq r5, r1, ip, asr 17",1
"andeq r0, r0, r0",1
"andseq r0, r8, r0, lsl r0",1
"andeq r0, r0, sb, lsl fp",1
"ldrdeq r8, sb, [r0], -r0",1
"andeq r0, r0, r0",1
"andeq r0, r0, r2, lsl r0",1
"andeq r0, r0, fp, lsr 22",1
"andeq sb, r0, r0, lsl 7",1
"andeq r0, r0, r0",1
"andeq r0, sp, r2, lsl r0",1
"andeq r0, r0, r2, lsr fp",1
"andeq fp, r0, r8, lsl 4",1
"strheq r0, [r0], -r8",1
"andeq r0, sp, r2, lsl r0",1
"andeq r0, r0, r1, asr 22",1
"ldrdeq r8, sb, [r0], -ip",1
"andeq r0, r0, r0",1
"andeq r0, r0, r2, lsl r0",1
"andeq r0, r0, sb, asr fp",1
"andeq r8, r0, r8, ror 31",1
"andeq r0, r0, r0",1
"andeq r0, r0, r2, lsl r0",1
"andeq r0, r0, fp, ror 22",1
"andeq r5, r1, ip, asr 17",1
"andeq r0, r0, r0",1
"andseq r0, r8, r0, lsl r0",1
"andeq r0, r0, r3, ror fp",1
"andeq ip, r0, r4, lsr 22",1
"andeq r0, r0, r0, lsl r0",1
"andeq r0, sp, r2, lsr 4",1
"andeq r0, r0, r1, lsl 23",1
"strdeq r8, sb, [r0], -r4",1
"andeq r0, r0, r0",1
"andeq r0, r0, r2, lsl r0",1
"muleq r0, sl, fp",1
"andeq fp, r0, r0, lsr r4",1
"andeq r0, r0, r8, lsl r0",1
"andeq r0, sp, r2, lsl r0",1
"andeq r0, r0, r3, lsr 23",1
"andeq r5, r1, r4, lsl 15",1
"andeq r0, r0, r4",1
"andseq r0, r8, r1, lsl r0",1
"strheq r0, [r0], -r5",1
"andeq r5, r1, r8, ror 14",1
"andeq r0, r0, r0",1
"andseq r0, r8, r0, lsl r0",1
"andeq r0, r0, r1, asr 23",1
"andeq sb, r0, r0",1
"andeq r0, r0, r0",1
"andeq r0, r0, r2, lsl r0",1
"ldrdeq r0, r1, [r0], -r3",1
"andeq sb, r0, r0, asr 1",1
"andeq r0, r0, r0, asr 5",1
"andeq r0, sp, r2, lsl r0",1
"ldrdeq r0, r1, [r0], -r8",1
"andeq sb, r0, ip",1
"andeq r0, r0, r0",1
"andeq r0, r0, r2, lsl r0",1
"andeq r0, r0, ip, ror 23",1
"andeq sb, r0, r0, lsr 24",1
"ldrdeq r0, r1, [r0], -r8",1
"andeq r0, sp, r2, lsl r0",1
"strdeq r0, r1, [r0], -r2",1
"andeq fp, r0, r8, asr 1",1
"andeq r0, r0, r8, lsl r0",1
"andeq r0, sp, r2, lsl r0",1
"andeq r0, r0, r4, lsl 24",1
"andeq r5, r1, r4, lsr 14",1
"andeq r0, r0, r4",1
"andseq r0, r7, r1, lsl r0",1
"andeq r0, r0, r1, lsl ip",1
"muleq r0, r0, r7",1
"andeq r0, r0, r4, rrx",1
"andeq r0, sp, r2, lsl r0",1
"andeq r0, r0, r0, lsr 24",1
"andeq sb, r0, r8, lsl r0",1
"andeq r0, r0, r0",1
"andeq r0, r0, r2, lsl r0",1
"andeq r0, r0, r3, lsr ip",1
"andeq fp, r0, r8, lsl 12",1
"andeq r0, r0, ip, lsl 1",1
"andeq r0, sp, r2, lsl r0",1
"andeq r0, r0, r6, asr 24",1
"andeq sb, r0, r4, lsr 32",1
"andeq r0, r0, r0",1
"andeq r0, r0, r2, lsl r0",1
"andeq r0, r0, fp, asr ip",1
"strdeq fp, ip, [r0], -r0",1
"muleq r0, r0, r0",1
"andeq r0, sp, r2, lsl r0",1
"andeq r0, r0, r0, ror ip",1
"andeq r5, r1, r0, ror r7",1
"andeq r0, r0, r4",1
"andseq r0, r8, r1, lsr 32",1
"muleq r0, r3, ip",1
"andeq sb, r0, r0, lsr r0",1
"andeq r0, r0, r0",1
"andeq r0, r0, r2, lsl r0",1
"andeq r0, r0, r6, lsr 25",1
"andeq fp, r0, r0, lsl 21",1
"andeq r0, r0, r8, lsl r0",1
"andeq r0, sp, r2, lsl r0",1
"andeq r0, r0, ip, lsr 25",1
"andeq sb, r0, ip, lsr r0",1
"andeq r0, r0, r0",1
"andeq r0, r0, r2, lsl r0",1
"andeq r0, r0, r3, asr 25",1
"muleq r0, r8, sl",1
"andeq r0, r0, r4, asr r0",1
"andeq r0, sp, r2, lsl r0",1
"ldrdeq r0, r1, [r0], -r4",1
"andeq fp, r0, r8, asr r1",1
"andeq r0, r0, r4, lsr r0",1
"andeq r0, sp, r2, lsl r0",1
"andeq r0, r0, r7, ror 25",1
"muleq r1, r4, r7",1
"andeq r0, r0, r4",1
"andseq r0, r8, r1, lsl r0",1
"strdeq r0, r1, [r0], -r4",1
"muleq r0, r4, r6",1
"andeq r0, r0, r0, lsl 1",1
"andeq r0, sp, r2, lsl r0",1
"andeq r0, r0, r6, lsl 26",1
"andeq ip, r0, r4, lsl 22",1
"andeq r0, r0, r0, lsr 32",1
"andeq r0, sp, r2, lsl r2",1
"andeq r0, r0, r7, lsl sp",1
"strheq ip, [r0], -ip",1
"andeq r0, r0, r4, lsr r0",1
"andeq r0, sp, r2, lsl r0",1
"andeq r0, r0, pc, lsl sp",1
"andeq r0, r0, r0",1
"andeq r0, r0, r0",1
"andeq r0, r0, r0, lsr 32",1
"andeq r0, r0, r3, lsr sp",1
"andeq sb, r0, r8, asr 32",1
"andeq r0, r0, r0",1
"andeq r0, r0, r2, lsl r0",1
"andeq r0, r0, r8, asr 26",1
"andeq sb, r0, r4, asr r0",1
"andeq r0, r0, r0",1
"andeq r0, r0, r2, lsl r0",1
"andeq r0, r0, sb, asr sp",1
"andeq sp, r0, r8, ror 8",1
"andeq r0, r0, pc, lsr 32",1
"andeq r0, pc, r1, lsl r0",1
"andeq r0, r0, pc, ror 26",1
"andeq fp, r0, r4, lsl r4",1
"andeq r0, r0, r0, lsl r0",1
"andeq r0, sp, r2, lsl r0",1
"andeq r0, r0, sl, ror sp",1
"andeq sb, r0, r0, rrx",1
"andeq r0, r0, r0",1
"andeq r0, r0, r2, lsl r0",1
"andeq r0, r0, ip, lsl 27",1
"andeq fp, r0, r0, ror sl",1
"andeq r0, r0, r0, lsl r0",1
"andeq r0, sp, r2, lsl r0",1
"muleq r0, r4, sp",1
"strheq ip, [r0], -r8",1
"andeq r0, r0, r4, lsr 1",1
"andeq r0, sp, r2, lsl r0",1
"muleq r0, pc, sp",1
"andeq r5, r1, r8, ror 14",1
"andeq r0, r0, r0",1
"andseq r0, r7, r1, lsl r2",1
"andeq r0, r0, fp, lsr 27",1
"andeq r5, r1, r8, ror 14",1
"andeq r0, r0, r4",1
"andseq r0, r8, r1, lsr 32",1
"ldrdeq r0, r1, [r0], -r4",1
"andeq sb, r0, ip, rrx",1
"andeq r0, r0, r0",1
"andeq r0, r0, r2, lsl r0",1
"andeq r0, r0, lr, ror 27",1
"strdeq fp, ip, [r0], -r8",1
"andeq r0, r0, r4, asr 32",1
"andeq r0, sp, r2, lsl r0",1
"strdeq r0, r1, [r0], -pc",1
"andeq r0, r0, r0",1
"andeq r0, r0, r0",1
"andeq r0, r0, r0, lsr 32",1
"andeq r0, r0, sb, lsl lr",1
"andeq ip, r0, r8, asr 1",1
"andeq r0, r0, r4, lsl 1",1
"andeq r0, sp, r2, lsl r0",1
"andeq r0, r0, r4, lsr lr",1
"strdeq sb, sl, [r0], -r8",1
"andeq r0, r0, r0, lsl r0",1
"andeq r0, sp, r2, lsl r0",1
"andeq r0, r0, pc, asr 28",1
"andeq ip, r0, r4, lsl 8",1
"andeq r0, r0, r0, asr 32",1
"andeq r0, sp, r2, lsl r0",1
"andeq r0, r0, r7, asr lr",1
"andeq ip, r0, r0, lsl 11",1
"andeq r0, r0, r4, asr 6",1
"andeq r0, sp, r2, lsl r0",1
"andeq r0, r0, r6, ror 28",1
"andeq sb, r0, r8, ror r0",1
"andeq r0, r0, r0",1
"andeq r0, r0, r2, lsl r0",1
"andeq r0, r0, fp, ror lr",1
"strdeq ip, sp, [r0], -ip",1
"andeq r0, r0, r4, lsl 1",1
"andeq r0, sp, r2, lsl r0",1
"andeq r0, r0, r8, lsl 29",1
"andeq sb, r0, r4, lsl 1",1
"andeq r0, r0, r0",1
"andeq r0, r0, r2, lsl r0",1
"muleq r0, fp, lr",1
"andeq fp, r0, ip, ror 21",1
"andeq r0, r0, r0, lsl 7",1
"andeq r0, sp, r2, lsl r0",1
"andeq r0, r0, fp, lsr 29",1
"muleq r0, r0, r0",1
"andeq r0, r0, r0",1
"andeq r0, r0, r2, lsl r0",1
"strheq r0, [r0], -ip",1
"andeq fp, r0, ip, lsr 29",1
"andeq r0, r0, r4, lsl 2",1
"andeq r0, sp, r2, lsl r0",1
"andeq r0, r0, fp, asr 29",1
"strheq r8, [r0], -r8",1
"andeq r0, r0, r0",1
"andeq r0, fp, r2, lsl r0",1
"ldrdeq r0, r1, [r0], -r1",1
"muleq r0, ip, r0",1
"andeq r0, r0, r0",1
"andeq r0, r0, r2, lsl r0",1
"andeq r0, r0, r2, ror 29",1
"strdeq ip, sp, [r0], -r0",1
"andeq r0, r0, r4, lsl r0",1
"andeq r0, sp, r2, lsl r0",1
"andeq r0, r0, sl, ror 29",1
"andeq sb, r0, r8, lsr 1",1
"andeq r0, r0, r0",1
"andeq r0, r0, r2, lsl r0",1
"andeq r0, r0, r0, lsl 30",1
"strheq sb, [r0], -r4",1
"andeq r0, r0, r0",1
"andeq r0, r0, r2, lsl r0",1
"andeq r0, r0, r4, lsl pc",1
"andeq ip, r0, ip, asr 2",1
"andeq r0, r0, r8, asr 32",1
"andeq r0, sp, r2, lsl r0",1
"andeq r0, r0, sp, lsl pc",1
"andeq ip, r0, r8, asr 9",1
"andeq r0, r0, r4, lsr r0",1
"andeq r0, sp, r2, lsl r0",1
svcvs 0x682f00,1
bvs 0xbf9c70,1
blvs 0x1cbdc48,1
"stmdbvc pc!, {r0, r2, r5, r6, sl, ip, sp, lr}",1
svcvs 0x74636f,1
"ldmdbvs r5!, {r0, r1, r2, r3, r5, sb, sp, lr} ^",1
"strtvc r6, [pc], -0x46c",1
"strvc r7, [pc, -sp, rrx]!",1
svchs 0x6b726f,1
"strbtvc r7, [sp], -r1, ror 4",1
"qasxvc r6, sp, r7",1
"cdpvs p0, 2, c7, c13, c6, 3",1
"stclhs p15, c6, [lr, -0x194]!",1
"stmdbvc fp!, {r4, r5, r6, r8, sb, sl, fp, sp, lr} ^",1
"cdpvs p12, 6, c6, c9, c13, 1",1
invalid,1
invalid,1
"strvs r6, [0x0001fd9a]!",1
"rsbvs r6, sb, 0x6700",1
"cdphs p15, 3, c2, c2, c3, 3",1
"eorvc r3, sp, 0xc40000",1
"strbvc r2, [r2, -0xf33]!",1
"stclhs p12, c6, [r4, -0x1a4]!",1
"stclhs p2, c7, [sp, -0x184]!",1
"stmdbvc fp!, {r4, r5, r6, r8, sb, sl, fp, sp, lr} ^",1
"cdpvs p12, 6, c6, c9, c13, 1",1
invalid,1
invalid,1
invalid,1
invalid,1
"cdpvs p9, 2, c6, c13, c2, 3",1
"cdphs p4, 6, c7, c5, c15, 3",1
"strtvs r0, [r4], -0x6f",1
svcvs 0x682f00,1
bvs 0xbf9cf4,1
blvs 0x1cbdccc,1
"stmdbvc pc!, {r0, r2, r5, r6, sl, ip, sp, lr}",1
svcvs 0x74636f,1
"ldmdbvs r5!, {r0, r1, r2, r3, r5, sb, sp, lr} ^",1
"strtvc r6, [pc], -0x46c",1
"strvc r7, [pc, -sp, rrx]!",1
svchs 0x6b726f,1
"strbtvc r7, [sp], -r1, ror 4",1
"qasxvc r6, sp, r7",1
"cdpvs p0, 2, c7, c13, c6, 3",1
"stclhs p15, c6, [lr, -0x194]!",1
"stmdbvc fp!, {r4, r5, r6, r8, sb, sl, fp, sp, lr} ^",1
"cdpvs p12, 6, c6, c9, c13, 1",1
invalid,1
invalid,1
"strvs r6, [0x0001fe1e]!",1
"rsbvs r6, sb, 0x6700",1
"cdphs p15, 3, c2, c2, c3, 3",1
"eorvc r3, sp, 0xc40000",1
"strbvc r2, [r2, -0xf33]!",1
"stclhs p12, c6, [r4, -0x1a4]!",1
"stclhs p2, c7, [sp, -0x184]!",1
"stmdbvc fp!, {r4, r5, r6, r8, sb, sl, fp, sp, lr} ^",1
"cdpvs p12, 6, c6, c9, c13, 1",1
invalid,1
invalid,1
invalid,1
invalid,1
"ldrbtvc r6, [r2], -0x174",1
"strhs r6, [r0], -0xf2e",1
"cdpvs p0, 6, c0, c9, c1, 3",1
invalid,1
"cmnvc r5, 0, 30",1
"stmdbvs ip!, {r1, r4, r5, r6, r8, sb, sl, fp, sp} ^",1
invalid,1
"rsbvc r2, r1, 0x18c",1
svcvs 0x702d6d,1
"stcvs p9, c7, [sp], -0x1ac",1
"ldmdavc r5!, {r0, r3, r5, r6, sb, sl, fp, sp, lr} ^",1
"strbvc r6, [lr, -0x72d]!",1
"stmdbvs r2!, {r0, r2, r5, r6, r8, sp, lr} ^",1
"strlo r3, [lr, -pc, lsr 8]!",1
"cdphs p2, 2, c3, c15, c14, 1",1
"cdphs p15, 2, c2, c14, c14, 1",1
svchs 0x2e2e2f,1
"ldmdbvs r4!, {r0, r1, r5, r6, sb, ip, sp, lr} ^",1
"movwvs r6, 0xf2e",1
svcpl 0x6c6c61,1
blvs 0x1879de0,1
"rsbeq r6, lr, pc, asr r6",1
"rsbsvc r7, r3, 0xbc00000",1
"rsbvs r6, sb, 0x2f00",1
invalid,1
"ldclvs p1, c6, [r2, -0xbc]!",1
blvs 0x1bfc8d0,1
"stmdbvs ip!, {r0, r3, r4, r5, r6, r8, sl, fp, sp} ^",1
"ldclhs p5, c7, [r8, -0x1b8]!",1
"ldrbvs r6, [r5, -0xe67]!",1
svchs 0x696261,1
"mrchs p14, 1, r2, c7, c4, 1",1
"mcrhs p15, 1, r2, c14, c2, 1",1
svchs 0x2e2e2f,1
invalid,1
"mcrhs p4, 3, r7, c14, c2, 3",1
"ldrbvc r0, [r0, -pc, rrx]!",1
"rsbeq r2, r3, r4, ror 28",1
"strbvc r6, [r2, -0xf72]!",1
invalid,1
"strbvc r7, [r3, -r5, ror 8]!",1
svcvs 0x6c0064,1
"rsbvc r6, pc, lr, ror 14",1
"movwvs r7, 0x374",1
"ldrbtvc r7, [r3], -0x472",1
"mcrhs p6, 3, r6, c6, c5, 3",1
svcpl 0x5f0063,1
svcpl 0x52434a,1
"ldrbpl r4, [r3], -0x94c",1
"strvs r5, [r0], -0xf5f",1
"strbvs r7, [r5, -r5, ror 4]!",1
"ldrbvs r7, [r4, -0x369]!",1
"ldclvs p15, c5, [r4, -0x1c8]!",1
svcvs 0x6c635f,1
"rsbseq r6, r3, lr, ror 10",1
"stmdbvs r7!, {r1, r4, r5, r6, r8, sl, sp, lr} ^",1
"rsbvc r7, r5, 0x73000000",1
svcpl 0x6d745f,1
"cdpvs p12, 6, c6, c15, c3, 3",1
svcpl 0x7365,1
svcpl 0x6f645f,1
"rsbvs r6, pc, 0x6700",1
"ldrbvs r6, [pc], -0xc61     ; [0x208ac:4]=0x7875615f",1
"cmnvc r2, 116, 30           ; 0x74",1
"ldmdavc r5!, {r0, r1, r2, r3, r4, r6, r8, sp, lr} ^",1
"stclvs p3, c6, [0x000208b8]!",1
"strbtvc r6, [r5], -0xc70",1
"stmdblo lr!, {r0, r2, r5, r6, sl, sp, lr}",1
"eorseq r3, r2, r4, lsr r5",1
svcvs 0x645f5f,1
svcvs 0x6c675f,1
svcpl 0x6c6162,1
"rsbvc r7, pc, 100, 8",1
"strbvc r5, [r1, -0xf73]!",1
"stmdbvs r6!, {r3, r4, r5, r6, r8, sb, sl, fp, ip, lr} ^",1
"cmpvs pc, lr, ror 18",1
"stmdbvc r1!, {r1, r4, r5, r6, sb, ip, sp, lr} ^",1
"strbtvc r6, [lr], -0x55f",1
invalid,1
"strbvs r6, [sp, -0x172]!",1
"ldclvs p4, c6, [r5, -0x17c]!",1
svcpl 0x796d,1
"cmnvs r2, pc, asr r6",1
"ldrbvs r6, [pc], -0x56d     ; [0x20900:4]=0x696e695f",1
"stmdbvc sp!, {r0, r2, r4, r5, r6, r8, sl, fp, sp, lr} ^",1
"stmdbvs lr!, {r0, r1, r2, r3, r4, r6, r8, fp, sp, lr} ^",1
"rsbvc r5, r1, 116, 30",1
svcpl 0x796172,1
"rsbsvc r6, r4, 0x650",1
"ldrbvs r0, [r6, -0x79]!",1
svcvs 0x697372,1
"rsbeq r2, r3, lr, ror 28",1
invalid,1
"ldrbtvc r6, [r5], -0xf65",1
"strvs r6, [r0], -lr, lsr 6",1
svcpl 0x656c69,1
"strbvs r6, [sp, -0x16e]!",1
"cdpvs p9, 6, c6, c7, c0, 0",1
svcpl 0x65726f,1
"subpl r5, sb, r5, asr 32",1
invalid,1
invalid,1
"stcvs p5, c6, [sp], -0x1b4",1
"cdphs p0, 6, c7, c12, c7, 3",1
"stmdavc r5!, {r0, r1, r5, r6} ^",1
invalid,1
invalid,1
svcvs 0x727000,1
"stclvs p14, c6, [r1, -0x19c]!",1
"rsbeq r2, r3, r5, ror 28",1
"strbtvc r7, [pc], -0x571",1
"ldrbvs r6, [r2, -r5, ror 2]!",1
"strvs r6, [r0, -lr, lsr 6]",1
"ldrbvs r7, [r4, -0x465]!",1
"cmpvc pc, r8, ror r4",1
"ldrbvs r6, [r4, -0xf75]!",1
"rsbvc r7, r1, 0x2e",1
"eorseq r2, r1, r4, ror lr",1
"strbtvc r7, [pc], -0x571",1
"ldrbvs r6, [r2, -r5, ror 2]!",1
"uhsaxvs r6, r5, pc",1
svcpl 0x726566,1
"ldrbtvc r6, [r3], -0x572",1
"strbtvs r6, [r5], -0xc79",1
svcvs 0x757100,1
"rsbvc r6, r1, 116, 10",1
svcpl 0x6e5f67,1
"ldmdbvs r4!, {r0, r1, r2, r3, r5, r6, ip, sp, lr} ^",1
"rsbseq r6, r3, pc, ror 28",1
"strbtvc r6, [pc], -0xc73",1
"rsbeq r6, r3, r6, ror r5",1
"strbtvc r6, [pc], -0xc73",1
"rsblo r6, r3, r6, ror r5",1
"ldclvs p14, c6, [r3], -0",1
"rsbseq r7, r3, pc, ror 8",1
"strbtvc r6, [pc], -0xc73",1
"strbvs r0, [r4, -0x30]!",1
"ldclvs p1, c6, [r5], -0x198",1
"ldrbvc r5, [r1, -0xf74]!",1
"cdpvs p4, 6, c7, c9, c15, 3",1
"rsbvc r5, pc, r7, ror 30",1
"mcrvs p9, 3, r6, c15, c4, 3",1
svcvs 0x720073,1
"strtvs r7, [sp], -0x46f",1
"pushvs {r0, r2, r5, r6, sb, sl, ip, sp, lr}",1
invalid,1
"rsbvc r7, r5, 0, 12",1
"mcrvs p9, 3, r6, c15, c3, 3",1
"cmnvs r4, 0xb400000",1
"strvc r6, [r0], -lr, lsr 6",1
"ldmdbvs r3!, {r0, r2, r5, r6, sb, ip, sp, lr} ^",1
"strvs r6, [sp, -0xe6f]!",1
"qsub16vs r6, sp, r4",1
invalid,1
invalid,1
invalid,1
"stmdavc r0, {r1, r2, r3, r5, r8, sb, sp, lr}",1
svcvs 0x6c6c61,1
"stmdbvs r4!, {r0, r1, r5, r6, r8, sl, fp, sp} ^",1
"rsbeq r2, r3, r5, ror 28",1
"strbtvc r6, [r5], -0x778",1
"cdphs p7, 6, c7, c4, c3, 3",1
"stclvs p0, c0, [r3], -0x18c",1
"stclhs p3, c7, [r5, -0x1bc]!",1
"ldrbvs r7, [r2, -0x473]!",1
invalid,1
invalid,1
"stmdavs r3!, {r0, r5, r6, sl, fp, sp, lr} ^",1
"ldrbvs r7, [r3, -0x261]!",1
"rsbeq r2, r3, r4, ror lr",1
"rsbvc r6, r1, 0x630000",1
svcpl 0x746573,1
invalid,1
"rsbseq r6, r3, r3, ror r5",1
svcvs 0x6c6366,1
invalid,1
"stclvs p6, c6, [r6], -0",1
"mcrhs p3, 3, r7, c8, c5, 3",1
invalid,1
svcvs 0x6b6565,1
svcpl 0x632e,1
"uqsub16vc r6, sb, r5",1
"mrchs p9, 1, r6, c3, c3, 3",1
"strvc r0, [lr, -0x6f]!",1
"cmnvc r6, 100, 18           ; 0x64",1
"cmpvc pc, 0xa4000001",1
svcpl 0x70696b,1
"rsbslo r6, r6, r4, ror 18",1
invalid,1
"ldrbvs r0, [pc], -0x74      ; [0x20aa8:4]=0x2e786e6c",1
svcpl 0x646d76,1
"cdphs p14, 7, c6, c8, c12, 3",1
"stclvs p0, c0, [r5], -0x1bc",1
"cdpvs p13, 6, c2, c9, c6, 3",1
invalid,1
"ldrbvs r6, [r4, -0x100]!",1
"mrchs p9, 3, r6, c4, c8, 3",1
svcpl 0x5f0063,1
"stclmi p2, c5, [r1, -0x118]",1
"cdpmi p15, 4, c5, c5, c5, 2",1
"subseq r5, pc, r4, asr 30",1
"movtmi r5, 0xaf5f",1
"mcrmi p15, 2, r5, c5, c2, 2",1
"subseq r5, pc, r4, asr 30",1
"mcrvs p15, 3, r5, c9, c15, 2",1
"cmpvs pc, sb, ror 8",1
"stmdbvc r1!, {r1, r4, r5, r6, sb, ip, sp, lr} ^",1
"strbtvs r6, [lr], -0x55f",1
"ldrbvs r5, [pc], -0xf00     ; [0x20af4:4]=0x6c646e61",1
"ldmdavs pc, {r0, r1, r4, r5, r6, r8, sb, sl, fp, sp, lr} ^",1
"stclvs p14, c6, [r4], -0x184",1
"ldrbmi r0, [pc], -0x65      ; [0x20b00:4]=0x5f004349",1
"stclmi p14, c4, [r1, -0x164]",1
svcpl 0x4349,1
"stmdbvs lr!, {r0, r1, r2, r3, r4, r6, r8, fp, sp, lr} ^",1
"rsbvc r5, r1, 116, 30",1
svcpl 0x796172,1
"rsbvc r7, r1, 0x73000000",1
invalid,1
invalid,1
"strbmi r5, [pc], -ip, asr 30",1
"strbpl r5, [r5], -0x346",1
"submi r5, r1, 0x5f000000",1
"subseq r4, pc, ip, asr 10",1
"strbtvc r7, [pc], -0x571",1
"ldrbvs r6, [r2, -r5, ror 2]!",1
"ldclvs p14, c6, [0x000209c0]",1
"andvs r6, r0, 0x1940",1
svcpl 0x657361,1
"rsbeq r6, lr, ip, ror 10",1
"stmdbvs ip!, {r0, r1, r2, r3, r4, r6, r8, sb, sl, fp, ip, lr} ^",1
"cmpvs pc, 0x88000001",1
"usub16vs r7, pc, r3",1
"rsbeq r6, sb, sb, ror 28",1
"rsbvc r6, pc, r6, ror 8",1
"submi r6, r0, r5, ror 28",1
"submi r4, sb, 0x4700",1
"cdphs p15, 3, c5, c2, c3, 2",1
"ldrbvc r0, [r1, -0x34]!",1
invalid,1
"cmpvs pc, 0x1c80000",1
"rsbseq r6, r2, r8, ror 2",1
"stclvs p1, c6, [ip], -0x18c",1
"submi r6, r0, pc, ror 6",1
"submi r4, sb, 0x4700",1
"cdphs p15, 3, c5, c2, c3, 2",1
"rsbvc r0, r6, r4, lsr r0",1
svcpl 0x737475,1
svcvs 0x6c6e75,1
"strbtvs r6, [r5], -0xb63",1
"mcrrmi p0, 4, r4, r7, c0",1
svcpl 0x434249,1
"eorseq r2, r4, r2, lsr lr",1
"cmnvc r2, 0x73000000",1
"submi r7, r0, r4, ror r2",1
"submi r4, sb, 0x4700",1
"cdphs p15, 3, c5, c2, c3, 2",1
"cmnvs r2, r4, lsr r0",1
"rsbmi r7, r5, sb, ror 6",1
"stmdbmi ip, {r6, r8, sb, sl, lr} ^",1
"subslo r4, pc, 0x8000001",1
svcpl 0x342e,1
svcvs 0x72705f,1
"stclvs p14, c6, [r1, -0x19c]!",1
"strbmi r4, [r0, -r5, rrx]",1
"movtmi r4, 0x294c",1
"strtlo r3, [lr], -0x25f",1
"rsbvc r7, r5, 0, 12",1
"mcrvs p9, 3, r6, c15, c3, 3",1
"cmnvs r4, 0x17c00000",1
"cmpvs pc, r0, lsl 30",1
"stmdbvs r2!, {r0, r2, r5, r6, r8, sp, lr} ^",1
"strbtvs r7, [sb], -0x55f",1
invalid,1
"ldrbvs r6, [r4, -0xf75]!",1
svcvs 0x75715f,1
invalid,1
"ldrbtvc r6, [r0], -0xf5f",1
invalid,1
"rsbsvc r7, r4, 0, 6",1
"rsbsmi r6, r0, r3, ror 26",1
"stmdbmi ip, {r6, r8, sb, sl, lr} ^",1
"subslo r4, pc, 0x8000001",1
invalid,1
"ldrbvs r6, [r4, -0xf75]!",1
svcpl 0x677261,1
svcvs 0x6c6c61,1
"strbvs r5, [sp, -0xf63]!",1
"ldmdbmi pc, {r0, r2, r3, r5, r6} ^",1
"ldrbvs r4, [pc], -0xd54     ; [0x20c38:4]=0x65747369",1
"strbvs r7, [r5, -r5, ror 4]!",1
"ldrbvs r7, [r4, -0x369]!",1
"movtmi r5, 0xd472",1
"strbvs r6, [lr, -0xf6c]!",1
"stclvs p1, c6, [r2], -0x150",1
invalid,1
"cmpvc pc, 116, 2            ; 0x74",1
"ldrbtvc r6, [r2], -0x174",1
"strbtvc r7, [r5], -0x300",1
svcvs 0x75715f,1
invalid,1
"qdsubvs r6, pc, ip",1
svcpl 0x7367,1
"cmnvc r3, 0xf0000005",1
"cmnvs r4, pc, asr r3",1
svcpl 0x5f7472,1
svcvs 0x757100,1
"rsbvc r6, r1, 116, 10",1
svcpl 0x6e5f67,1
"ldclvs p4, c7, [sb], -0x1cc",1
"ldrbvc r0, [r1, -0x65]!",1
invalid,1
"subsvs r6, pc, 0x1c80000",1
"strbvs r6, [r6, -0x675]!",1
"uqsub16vs r0, r6, r2",1
"ldmdavs r3!, {r2, r3, r5, r6, r8, sl, ip, sp, lr} ^",1
"mcrrmi p0, 4, r4, r7, c0",1
svcpl 0x434249,1
"eorseq r2, r4, r2, lsr lr",1
svcpl 0x746573,1
invalid,1
svcpl 0x6d6172,1
"strbvs r6, [sp, -0x16e]!",1
svcvs 0x757100,1
"rsbvc r6, r1, 116, 10",1
svcpl 0x6e5f67,1
"ldrbtvc r7, [r3], -0x563",1
invalid,1
"ldmdbvs r8!, {r2, r4, r5, r6, r8, sl, sp, lr} ^",1
"rsbvc r0, r6, 0x74",1
"submi r6, r0, r5, ror 10",1
"submi r4, sb, 0x4700",1
"cdphs p15, 3, c5, c2, c3, 2",1
"ldrbvc r0, [r1, -0x34]!",1
invalid,1
"mrcvs p7, 2, r6, c15, c2, 3",1
"cmnvc r5, 0x7c000001",1
svcpl 0x6d6f74,1
"rsbeq r6, sp, sp, ror 10",1
"strbtvc r7, [pc], -0x571",1
"ldrbvs r6, [r2, -r5, ror 2]!",1
"ldmdbvc r4!, {r0, r1, r2, r3, r4, r6, r8, sb, ip, sp, lr} ^",1
svcpl 0x656c,1
"strbtvc r7, [sb], -0x865",1
"mcrrmi p0, 4, r4, r7, c0",1
svcpl 0x434249,1
"eorseq r2, r4, r2, lsr lr",1
invalid,1
"submi r7, r0, r0, ror sb",1
"submi r4, sb, 0x4700",1
"cdphs p15, 3, c5, c2, c3, 2",1
"subsvs r0, pc, 0x34",1
"ldrbvs r7, [0x000209c1]     ; [0x209c1:4]=0x6f6c736e",1
svcpl 0x5f646e,1
"strbtvs r5, [r5], -0xf00",1
"rsbeq r7, r1, r1, ror 8",1
"ldmdbvs r3!, {r0, r2, r3, r5, r6, sb, sp, lr} ^",1
"rsbsmi r6, r4, lr, ror 18",1
"stmdbmi ip, {r6, r8, sb, sl, lr} ^",1
"subslo r4, pc, 0x8000001",1
"stcvs p4, c3, [r0, -0xb8]",1
"stclvs p13, c6, [r3, -0x194]!",1
"smlsldxmi r4, r0, r0, r0",1
"movtmi r4, 0x294c",1
"strtlo r3, [lr], -0x25f",1
"stmdbvs r6!, {r8, sb, sl, fp, ip, lr} ^",1
svcpl 0x696e,1
svcvs 0x72705f,1
"stclvs p14, c6, [r1, -0x19c]!",1
"strbvc r5, [r6, -0xf65]!",1
"submi r6, r0, ip, ror 24",1
"submi r4, sb, 0x4700",1
"cdphs p15, 3, c5, c2, c3, 2",1
"rsbvc r0, pc, r4, lsr r0",1
"strbtvs r6, [lr], -0x974",1
"mcrrmi p0, 4, r4, r7, c0",1
svcpl 0x434249,1
"eorseq r2, r4, r2, lsr lr",1
"strbvs r6, [r7, -0x364]!",1
"stmdavc r5!, {r2, r4, r5, r6, sl, ip, sp, lr} ^",1
"smlsldxmi r4, r0, r4, r0",1
"movtmi r4, 0x294c",1
"strtlo r3, [lr], -0x25f",1
"subsvs r5, pc, 0, 30",1
"ldrbvs r7, [0x00020a41]     ; [0x20a41:4]=0x632e6d",1
svcpl 0x5f646e,1
"eorsvc r7, r2, 0, 16",1
"stclvs p1, c6, [ip], -0x194",1
"andvc r6, r0, 0xbc000001",1
"stclvs p1, c6, [ip], -0x194",1
"submi r6, r0, pc, ror 6",1
"submi r4, sb, 0x4700",1
"cdphs p15, 3, c5, c2, c3, 2",1
"rsbsvc r0, r8, 0x34",1
"stclvs p1, c6, [ip], -0x194",1
"strvc r6, [r0], -0x36f",1
"ldrbtvs r7, [r4], -0x865",1
"stmdbvs r1!, {r0, r1, r2, r3, r5, r6, r8, sl, fp, sp, lr} ^",1
"strbmi r4, [r0, -lr, rrx]",1
"movtmi r4, 0x294c",1
"strtlo r3, [lr], -0x25f",1
"rsbvc r5, r5, 0, 12",1
"mcrvs p9, 3, r6, c15, c3, 3",1
"strbtvs r6, [r8], -0x300",1
"submi r7, r0, sb, ror 4",1
"submi r4, sb, 0x4700",1
"cdphs p15, 3, c5, c2, c3, 2",1
"rsbsvc r0, r2, r4, lsr r0",1
"strbtvs r5, [r6], -ip, ror 30",1
"ldmdavs r3!, {r2, r3, r5, r6, r8, sl, ip, sp, lr} ^",1
"ldrbvc r6, [r3, -r0, lsl 18]!",1
"mcrvs p2, 3, r7, c9, c0, 3",1
"smlsldxmi r4, r0, r4, r0",1
"movtmi r4, 0x294c",1
"strtlo r3, [lr], -0x25f",1
"ldrbvs r5, [pc], -r0, lsl 30 ; [0x20e30:4]=0x40343674",1
"cmnvs r4, r8, ror r3",1
"eorsmi r3, r4, r4, ror r6",1
"stmdbmi ip, {r6, r8, sb, sl, lr} ^",1
"subslo r4, pc, 0x8000001",1
"movwvc r3, 0x42e",1
"rsbvc r6, r5, 116, 8",1
"smlsldxmi r4, r0, r2, r0",1
"movtmi r4, 0x294c",1
"strtlo r3, [lr], -0x25f",1
"rsbsvc r6, r7, 0, 12",1
"rsbmi r7, r5, sb, ror 8",1
"stmdbmi ip, {r6, r8, sb, sl, lr} ^",1
"subslo r4, pc, 0x8000001",1
"stmdavc r0, {r1, r2, r3, r5, sl, ip, sp}",1
"stclvs p1, c6, [ip], -0x1b4",1
invalid,1
"ldrbvs r6, [r4, -0xf75]!",1
svcpl 0x677261,1
"rsbeq r6, sp, sp, ror 10",1
"strbvs r7, [r5, -0x36c]!",1
"eorsmi r3, r4, fp, ror 12",1
"stmdbmi ip, {r6, r8, sb, sl, lr} ^",1
"subslo r4, pc, 0x8000001",1
"stmdavc r0, {r1, r2, r3, r5, sl, ip, sp}",1
"ldrbtvs r7, [r2], -0x473",1
svcpl 0x7075,1
"ldmdbvc r4!, {r0, r1, r2, r3, r4, r6, r8, sb, sp, lr} ^",1
invalid,1
"ldclvs p4, c7, [0x00020d10]",1
"strbvc r5, [r3, -0xf62]!",1
invalid,1
"smlsldxmi r4, r0, r8, r0",1
"movtmi r4, 0x294c",1
"strtlo r3, [lr], -0x25f",1
"rsbsvc r7, r4, 0, 6",1
"rsbsmi r7, sb, r3, rrx",1
"stmdbmi ip, {r6, r8, sb, sl, lr} ^",1
"subslo r4, pc, 0x8000001",1
"strvc r3, [r0], -lr, lsr 8",1
"ldmdbvs r3!, {r0, r2, r5, r6, sb, ip, sp, lr} ^",1
"ldrbvs r6, [0x00020065]     ; [0x20065:4]=0x100000cb",1
"cmpvs pc, r4, ror r3",1
svcpl 0x5f0072,1
"cdpvs p0, 6, c7, c5, c6, 3",1
"strbvs r6, [lr, -r4, ror 18]!",1
"mcrrmi p0, 4, r4, r7, c0",1
svcpl 0x434249,1
"eorseq r2, r4, r2, lsr lr",1
"ldrbtvc r6, [r2], -0x26d",1
"rsbmi r7, r3, pc, ror 14",1
"stmdbmi ip, {r6, r8, sb, sl, lr} ^",1
"subslo r4, pc, 0x8000001",1
"movwvs r3, 0x42e",1
"ldrbvs r6, [r3, -0xf6c]!",1
"ldrbtvs r7, [r4], -0x35f",1
"rsbseq r7, r4, pc, ror 10",1
"ldrbtvc r6, [r3], -0x16c",1
"stclvs p3, c6, [0x00020d9c]!",1
"strbvs r6, [lr, -0xf70]!",1
"strvs r7, [r0, -0x46e]",1
"rsbvc r7, pc, 0x20000007",1
"mcrrmi p0, 4, r4, r7, c0",1
svcpl 0x434249,1
"eorseq r2, r4, r2, lsr lr",1
"strbvs r5, [r1, -0xf5f]!",1
svcpl 0x696261,1
"strbtvc r6, [sb], -ip, ror 8",1
"mrcvs p0, 3, r0, c8, c0, 1",1
"stclvs p5, c6, [r1], -0x1c8",1
"rsbeq r6, r3, ip, ror 30",1
"cdpvs p0, 6, c7, c5, c15, 3",1
"rsbsmi r6, r2, r4, ror 18",1
"stmdbmi ip, {r6, r8, sb, sl, lr} ^",1
"subslo r4, pc, 0x8000001",1
"stmdavc r0, {r1, r2, r3, r5, sl, ip, sp}",1
"rsbvc r6, r1, 0x630000",1
svcvs 0x6c6c61,1
"ldrbvc r0, [r1, -0x63]!",1
invalid,1
"cmpvs pc, 0x1c80000",1
svcvs 0x747375,1
"rsbvc r0, pc, sp, rrx",1
"ldrtlo r6, [r6], -0xe65",1
"mcrrmi p0, 4, r4, r7, c0",1
svcpl 0x434249,1
"eorseq r2, r4, r2, lsr lr",1
"ldrbvs r6, [r4, -0x567]!",1
"submi r7, r0, lr, ror 12",1
"submi r4, sb, 0x4700",1
"cdphs p15, 3, c5, c2, c3, 2",1
"ldrbvc r0, [r1, -0x34]!",1
invalid,1
"cmpvs pc, 0x1c80000",1
"cdpvs p12, 6, c6, c15, c15, 3",1
"stclvs p13, c6, [r5, -0x17c]!",1
"ldrbvs r5, [pc], -0xf00     ; [0x20fb0:4]=0x72617473",1
svcpl 0x617461,1
"rsbvc r7, r1, 0x73000000",1
"ldrbvc r0, [r0, -0x74]!",1
"submi r7, r0, r4, ror r3",1
"submi r4, sb, 0x4700",1
"cdphs p15, 3, c5, c2, c3, 2",1
"ldrbvs r0, [r3, -0x34]!",1
"ldrbvc r5, [r1, -0xf74]!",1
"cdpvs p4, 6, c7, c9, c15, 3",1
"ldrbtvc r5, [r3], -0xf67",1
"rsbeq r6, r5, sb, ror ip",1
"stclvs p1, c6, [ip], -0x1b4",1
"submi r6, r0, pc, ror 6",1
"submi r4, sb, 0x4700",1
"cdphs p15, 3, c5, c2, c3, 2",1
"ldrbvc r0, [r1, -0x34]!",1
svcpl 0x65746f,1
"strbvs r5, [sp, -0xf6e]!",1
svcpl 0x5f006d,1
invalid,1
"cmnvs r4, pc, asr r3",1
"ldclvs p4, c7, [0x00020e40]",1
"rsbmi r6, lr, r1, ror 18",1
"stmdbmi ip, {r6, r8, sb, sl, lr} ^",1
"subslo r4, pc, 0x8000001",1
"movwvs r3, 0x42e",1
"strbvs r6, [lr, -0xf6c]!",1
svcvs 0x75715f,1
invalid,1
"ldrbtvc r6, [r0], -0xf5f",1
invalid,1
svcvs 0x757100,1
"rsbvc r6, r1, 116, 10",1
"rsbvc r5, r6, 0x19c",1
svcpl 0x6565,1
"ldrbvs r6, [r2, -0x65f]!",1
"cdpvs p4, 6, c6, c9, c1, 3",1
"strbmi r4, [r0, -r7, rrx]",1
"movtmi r4, 0x294c",1
"strtlo r3, [lr], -0x25f",1
"stclvs p8, c7, [r1], -0",1
svcpl 0x636f6c,1
"rsbeq r6, r5, r4, ror 18",1
"stclvs p15, c5, [r7, -0x17c]!",1
"cmpvc pc, 0x6f0",1
"ldrbtvc r6, [r2], -0x174",1
"smlsdvs r0, pc, pc, r5",1
"rsbvc r7, pc, r5, ror 8",1
svcvs 0x6c5f74,1
"submi r6, r0, lr, ror 14",1
"submi r4, sb, 0x4700",1
"cdphs p15, 3, c5, c2, c3, 2",1
svcpl 0x5f0034,1
"uqsub16vc r6, sb, r5",1
"eorseq r6, r3, r3, ror sb",1
"strbtvc r5, [r3], -0xf5f",1
svcpl 0x657079,1
svcvs 0x6c5f62,1
"strbmi r4, [r0, -r3, rrx]",1
"movtmi r4, 0x294c",1
"strtlo r3, [lr], -0x25f",1
"strbtvc r6, [r5], -0x700",1
"rsbmi r7, r4, r3, ror 14",1
"stmdbmi ip, {r6, r8, sb, sl, lr} ^",1
"subslo r4, pc, 0x8000001",1
"strvs r3, [r0, -0x42e]",1
"rsbsmi r6, r4, r8, ror sb",1
"stmdbmi ip, {r6, r8, sb, sl, lr} ^",1
"subslo r4, pc, 0x8000001",1
"movwvs r3, 0x42e",1
"ldrbvs r6, [r3, -0xf6c]!",1
"ldrbtvs r7, [r4], -0x35f",1
svcpl 0x74756f,1
svcpl 0x746573,1
svcvs 0x6e6769,1
"ldrbmi r6, [0x00020b6e]     ; [0x20b6e:4]=0x6168635f",1
"ldrbmi r4, [r0, -0x950]",1
svcmi 0x495f00,1
"ldrbtvs r7, [r4], -0x35f",1
"ldrbvc r6, [0x00020287]     ; [0x20287:4]=0",1
"rsbeq r6, r4, r3, ror r5",1
"rsbvc r3, lr, 120, 4",1
"stclvs p1, c6, [ip], -0x194",1
"movwvc r6, 0x36f",1
"strbvs r7, [ip, -0x274]!",1
"strbmi r4, [r0, -lr, rrx]",1
"movtmi r4, 0x294c",1
"strtlo r3, [lr], -0x25f",1
"ldclvs p2, c7, [r0], -0",1
"stclvs p6, c6, [r3], -0x17c",1
"rsbeq r7, r5, pc, ror 6",1
"strbtvc r7, [pc], -0x571",1
svcpl 0x676e69,1
"ldclvs p4, c7, [sb], -0x1cc",1
"cmnvs r6, r5, ror 30",1
"strvc r7, [r0, -0x36c]",1
"strbtvc r6, [r5], -0x76e",1
"strbmi r4, [r0, -r3, rrx]",1
"movtmi r4, 0x294c",1
"strtlo r3, [lr], -0x25f",1
"mrrcvs p15, 0, r5, pc, c0",1
svcpl 0x636269,1
svcpl 0x757363,1
"strbtvc r6, [sb], -0xe69",1
svcvs 0x757100,1
"ldclvs p5, c6, [0x00020f88]",1
invalid,1
"ldrbvs r6, [r4, -0xf75]!",1
svcpl 0x677261,1
"ldrbtvc r7, [r3], -0x563",1
"ldclvs p13, c6, [0x00020fb0]",1
svcpl 0x6d65,1
"rsbsvc r6, r2, 0x17c00000",1
"mrrcvs p15, 6, r6, pc, c14",1
"strbtvc r6, [r1], -0x36f",1
"rsbmi r6, lr, sb, ror 30",1
"stmdbmi ip, {r6, r8, sb, sl, lr} ^",1
"subslo r4, pc, 0x8000001",1
svcpl 0x342e,1
"cmnvs r8, pc, asr r3",1
"ldrbvs r6, [r4, -0x15f]!",1
"rsbsmi r6, r4, r8, ror sb",1
"stmdbmi ip, {r6, r8, sb, sl, lr} ^",1
"subslo r4, pc, 0x8000001",1
invalid,1
"ldmdbvs r4!, {r0, r2, r4, r5, r6, r8, sb, sl, fp, sp, lr} ^",1
"cmpvc pc, 0x1b80000",1
"strbvs r7, [ip, -0x974]!",1
invalid,1
"strbvs r0, [sp, -0x73]!",1
"strbtvc r7, [r5], -0x36d",1
"mcrrmi p0, 4, r4, r7, c0",1
svcpl 0x434249,1
"eorseq r2, r4, r2, lsr lr",1
"strbtvs r6, [lr], -0x55f",1
"cmnvs r3, 0, 12",1
"rsbmi r6, r6, r1, ror 28",1
"stmdbmi ip, {r6, r8, sb, sl, lr} ^",1
"subslo r4, pc, 0x8000001",1
svcpl 0x342e,1
"rsbvc r7, r1, 0x73000000",1
"ldrbvc r0, [r1, -0x74]!",1
invalid,1
"cmpvs pc, r2, ror r7",1
invalid,1
"subsvc r5, pc, r0, lsl 30",1
"strbtvc r6, [lr], -0x972",1
"stmdavs r3!, {r1, r2, r5, r6, r8, sb, sl, fp, ip, lr} ^",1
"strbmi r4, [r0, -fp, rrx]",1
"movtmi r4, 0x294c",1
"strtlo r3, [lr], -0x25f",1
"stclvs p6, c6, [sb], -0",1
"rsbmi r6, pc, r5, ror 28",1
"stmdbmi ip, {r6, r8, sb, sl, lr} ^",1
"subslo r4, pc, 0x8000001",1
svcpl 0x342e,1
"strbtvs r6, [lr], -0x55f",1
svcpl 0x5f5f,1
"qdsubvs r6, pc, r5",1
"ldmdbvs pc, {r1, r5, r6, r8, fp, sp, lr} ^",1
"rsbslo r6, r6, r4, ror 18",1
"ldrbvs r5, [pc], -r0, lsl 30 ; [0x21238:4]=0x635f6674",1
"mcrvs p2, 3, r7, c9, c0, 3",1
"cmpvs pc, 116, 12           ; 0x74",1
"submi r6, r0, r8, ror 22",1
"submi r4, sb, 0x4700",1
"cdphs p15, 3, c5, c2, c3, 2",1
"ldrbvc r0, [r1, -0x34]!",1
invalid,1
"movwvc r6, 0x772",1
"strbvc r6, [0x00020de8]!",1
"smlsldxmi r4, r0, r4, r0",1
"movtmi r4, 0x294c",1
"strtlo r3, [lr], -0x25f",1
"subsvs r5, pc, 0, 30",1
"cmpvc pc, 0xcc000001",1
"ldrbtvc r6, [r2], -0x174",1
"stclvs p6, c6, [r3], -0",1
"rsbmi r7, r5, pc, ror 6",1
"stmdbmi ip, {r6, r8, sb, sl, lr} ^",1
"subslo r4, pc, 0x8000001",1
"stcvs p4, c3, [r0, -0xb8]",1
"rsbeq r6, lr, r1, ror 18",1
"strbvs r7, [r5, -0x366]!",1
"ldrtlo r6, [r6], -0xf6b",1
"mcrrmi p0, 4, r4, r7, c0",1
svcpl 0x434249,1
"eorseq r2, r4, r2, lsr lr",1
invalid,1
"strbvs r0, [r7, -0x65]!",1
"ldrbvc r5, [r1, -0xf74]!",1
"cdpvs p4, 6, c7, c9, c15, 3",1
"ldrbtvc r5, [r3], -0xf67",1
"rsbeq r6, r5, sb, ror ip",1
"strbtvc r7, [sb], -0x865",1
"stmdbvs r1!, {r0, r1, r2, r3, r4, r6, sb, sl, sp, lr} ^",1
"ldrbvs r7, [r2, -0x56c]!",1
svcvs 0x757100,1
"rsbvc r6, r1, 116, 10",1
svcvs 0x635f67,1
"rsbeq r6, lr, ip, ror 30",1
"uhsaxvs r5, r5, pc",1
"rsbsmi r6, r7, ip, ror 30",1
"stmdbmi ip, {r6, r8, sb, sl, lr} ^",1
"subslo r4, pc, 0x8000001",1
invalid,1
"ldrbvs r6, [r4, -0xf75]!",1
svcpl 0x677261,1
"ldclvs p4, c7, [sb], -0x1cc",1
"strbvs r5, [sp, -0xf65]!",1
"ldrbvs r0, [r3, -0x6d]!",1
invalid,1
"rsbmi r6, r5, r1, ror 24",1
"stmdbmi ip, {r6, r8, sb, sl, lr} ^",1
"subslo r4, pc, 0x8000001",1
invalid,1
"ldrbvs r6, [r4, -0xf75]!",1
svcpl 0x677261,1
"ldrbtvc r5, [r3], -0xf6e",1
svcpl 0x656c79,1
"rsbeq r6, sp, sp, ror 10",1
invalid,1
svcpl 0x6d6172,1
svcvs 0x766e69,1
"ldmdbvs r4!, {r0, r1, r5, r6, r8, sp, lr} ^",1
"cdpvs p14, 5, c6, c15, c15, 3",1
"rsbmi r6, r5, r1, ror 26",1
"stmdbmi ip, {r6, r8, sb, sl, lr} ^",1
"subslo r4, pc, 0x8000001",1
"movwvc r3, 0x42e",1
"cmnvs r2, 116, 4            ; 0x74",1
"submi r7, r0, r8, ror 4",1
"submi r4, sb, 0x4700",1
"cdphs p15, 3, c5, c2, c3, 2",1
"ldrbvc r0, [r1, -0x34]!",1
"rsbeq r7, r5, pc, ror 8",1
"mrrcvs p12, 6, r6, pc, c14",1
"stmdbvs r7!, {r0, r5, r6, sb, sl, fp, sp, lr} ^",1
"rsbmi r6, pc, lr, ror 12",1
"stmdbmi ip, {r6, r8, sb, sl, lr} ^",1
"subslo r4, pc, 0x8000001",1
"strvs r3, [r0, -lr, lsr 8]",1
"subsvc r7, pc, 0x65000000",1
svcpl 0x746f6f,1
svcpl 0x766564,1
"rsbeq r6, pc, sb, ror 28",1
svcpl 0x746573,1
"ldrbtvc r7, [r3], -0x563",1
"cmpvc pc, pc, ror 26",1
"ldmdbvs r4!, {r0, r2, r4, r5, r6, r8, sb, sl, fp, sp, lr} ^",1
"andvc r6, r0, lr, ror 14",1
"rsbvc r6, r7, 0x1c8",1
"cdpvs p13, 5, c6, c15, c1, 3",1
"rsbeq r6, r5, r1, ror 26",1
"strbtvc r7, [pc], -0x571",1
"ldrbvs r6, [r2, -r5, ror 2]!",1
"qdsubvs r6, pc, r8",1
"strbvs r5, [sp, -0xf72]!",1
svcpl 0x5f006d,1
"rsbvs r6, r1, 0x18400000",1
"ldmdbvs r5!, {r0, r3, r5, r6, r8, sb, sl, fp, ip, lr} ^",1
"ldclvs p9, c6, [r6, -0x190]!",1
"stmdavc r0, {r0, r1, r2, r3, r5, r6, sl, sp, lr}",1
"stclvs p1, c6, [ip], -0x1e8",1
svcpl 0x636f,1
"subspl r7, pc, 0x4a00000",1
invalid,1
"cmnmi r2, 116, 10           ; 0x74",1
"cmnvc r3, 108, 2            ; 0x6c",1
"andvc r7, r0, 0x94000001",1
"strbtvs r6, [r4], -0x165",1
"ldrtlo r7, [r6], -0x269",1
"mcrrmi p0, 4, r4, r7, c0",1
svcpl 0x434249,1
"eorseq r2, r4, r2, lsr lr",1
"ldrbtvs r6, [r2], -r4, ror 18",1
"strbmi r4, [r0, -r4, rrx]",1
"movtmi r4, 0x294c",1
"strtlo r3, [lr], -0x25f",1
"rsbvc r7, r5, 0, 12",1
"mcrvs p9, 3, r6, c15, c3, 3",1
"cmnvs r4, 0x17c00000",1
"rsbvc r6, pc, pc, asr r3",1
invalid,1
invalid,1
"ldrbvs r6, [r4, -0xf75]!",1
svcpl 0x677261,1
invalid,1
"rsbvc r6, sb, 104, 8",1
"mcrrmi p0, 4, r4, r7, c0",1
svcpl 0x434249,1
"eorseq r2, r4, r2, lsr lr",1
"strbtvc r7, [pc], -0x571",1
"rsbeq r5, lr, r5, ror 30",1
svcpl 0x6c7072,1
"strbvs r7, [r5, -0x366]!",1
svcpl 0x6f6b,1
"movtmi r5, 0xd45f",1
"strbmi r4, [lr], -0x55f",1
"andvc r5, r0, pc, asr pc",1
"rsbvc r6, r7, 0x1c8",1
"ldmdbvs pc, {r0, r5, r6, r8, sl, fp, sp, lr} ^",1
invalid,1
svcvs 0x697461,1
"ldmdavs r3!, {r1, r2, r3, r5, r6, r8, sb, sl, fp, ip, lr} ^",1
svcpl 0x74726f,1
"strbvs r6, [sp, -0x16e]!",1
"mcrrmi p0, 4, r4, r7, c0",1
svcpl 0x434249,1
"eorseq r2, r4, r2, lsr lr",1
"strbtvs r6, [lr], -0x962",1
"ldrbtvc r6, [r8], -0x574",1
invalid,1
"submi r6, r0, sb, ror 28",1
"submi r4, sb, 0x4700",1
"cdphs p15, 3, c5, c2, c3, 2",1
"ldrbvs r0, [r3, -0x34]!",1
"stmdavs r3!, {r2, r4, r5, r6, r8, sb, sl, fp, ip, lr} ^",1
"cmpvc pc, r1, ror 4",1
"ldmdbvs r4!, {r0, r2, r4, r5, r6, r8, sb, sl, fp, sp, lr} ^",1
svcpl 0x676e,1
svcpl 0x4d5449,1
"stmdbvs r7!, {r1, r4, r5, r6, r8, sl, sp, lr} ^",1
"rsbvc r7, r5, 0x73000000",1
"mcrrvs p13, 5, r4, r3, c4",1
"strbtpl r6, [r5], -0xe6f",1
"strbvs r6, [ip, -0x261]!",1
"stmdbvs sp!, {r8, sl, sp, lr} ^",1
"strbvc r5, [r2, -0xf74]!",1
"ldrbvs r5, [r2, -0xf67]!",1
"ldrbtvc r6, [r2], -0xf70",1
svcpl 0x676e69,1
"rsbvc r6, r4, 0x61000000",1
"rsbseq r7, r3, r5, ror 6",1
invalid,1
"ldrbtvc r5, [r3], -0xf65",1
"ldrbtvc r6, [r5], -0xf64",1
"strbtvc r7, [r5], -0x35f",1
"stclvs p6, c6, [sb], -0x17c",1
invalid,1
"stmdavc r0, {r0, r2, r3, r5, r6, r8, sl, sp, lr}",1
"strbtvs r6, [sp], -0x56d",1
invalid,1
"stclvs p3, c6, [r1], -0x1bc",1
"stmdavs r3!, {r0, r2, r5, r6, r8, sb, sl, fp, ip, lr} ^",1
"ldrbvs r7, [r3, -0x261]!",1
svcpl 0x5f0074,1
"cmnvs r4, r8, ror r3",1
"eorsmi r3, r4, r4, ror r6",1
"stmdbmi ip, {r6, r8, sb, sl, lr} ^",1
"subslo r4, pc, 0x8000001",1
"movwvs r3, 0x42e",1
"ldrbvs r6, [r3, -0xf6c]!",1
"rsbsvc r7, r4, 0x7c000001",1
"rsbeq r6, sp, r5, ror 2",1
"mrcvs p4, 3, r7, c2, c3, 3",1
"rsbsmi r6, r0, r3, ror 26",1
"stmdbmi ip, {r6, r8, sb, sl, lr} ^",1
"subslo r4, pc, 0x8000001",1
"strvc r3, [r0], -lr, lsr 8",1
"ldmdbvs r3!, {r0, r2, r5, r6, sb, ip, sp, lr} ^",1
"ldrbvs r6, [0x000206e9]     ; [0x206e9:4]=0x756e696c",1
"cmpvs pc, r4, ror r3",1
invalid,1
"ldrbtvc r6, [r2], -0xf62",1
"mcrrmi p0, 4, r4, r7, c0",1
svcpl 0x434249,1
"eorseq r2, r4, r2, lsr lr",1
"cmnvc r2, 0x1d800000",1
svcpl 0x6e6f69,1
svcpl 0x637465,1
svcpl 0x6176,1
"strbtvc r6, [sb], -0xe69",1
svcvs 0x6c6300,1
"submi r6, r0, r3, ror r5",1
"submi r4, sb, 0x4700",1
"cdphs p15, 3, c5, c2, c3, 2",1
"cmnvs r8, 0x34",1
svcvs 0x6c6c61,1
svcpl 0x5f0063,1
"ldrbtvc r7, [r3], -0x86c",1
"ldrtlo r7, [r6], -0x461",1
"mcrrmi p0, 4, r4, r7, c0",1
svcpl 0x434249,1
"eorseq r2, r4, r2, lsr lr",1
invalid,1
"rsbvc r6, sb, 0x65000000",1
"mcrrmi p0, 4, r4, r7, c0",1
svcpl 0x434249,1
"eorseq r2, r4, r2, lsr lr",1
invalid,1
invalid,1
"strbvs r7, [r7, -0x800]!",1
"ldrbtvs r6, [r7], -0x374",1
invalid,1
,1
