inst,ground_truth
54c46       invalid,1
"andeq r0, r1, r1, lsl 2",1
"andeq r0, r0, r0",1
"andeq r0, r0, r0",1
"eoreq r0, r8, r2",1
"andeq r0, r0, r1",1
"andeq sb, r0, r0, lsl 7",1
"andeq r0, r0, r4, lsr r0",1
"andeq sl, r1, r0, ror 18",1
"streq r0, [r0, -2]",1
"eoreq r0, r0, r4, lsr r0",1
"eoreq r0, r8, r8",1
"eoreq r0, r3, r6, lsr 32",1
"andvc r0, r0, r1",1
"andeq r4, r0, r8, asr fp",1
"andeq ip, r0, r8, asr fp",1
"andeq ip, r0, r8, asr fp",1
"andeq r0, r0, r8",1
"andeq r0, r0, r8",1
"andeq r0, r0, r4",1
"andeq r0, r0, r4",1
"andeq r0, r0, r6",1
"andeq r0, r0, r4, lsr r0",1
"andeq r8, r0, r4, lsr r0",1
"andeq r8, r0, r4, lsr r0",1
"andeq r0, r0, r0, lsl 2",1
"andeq r0, r0, r0, lsl 2",1
"andeq r0, r0, r5",1
"andeq r0, r0, r4",1
"andeq r0, r0, r3",1
"andeq r0, r0, r4, lsr r1",1
"andeq r8, r0, r4, lsr r1",1
"andeq r8, r0, r4, lsr r1",1
"andeq r0, r0, r3, lsl r0",1
"andeq r0, r0, r3, lsl r0",1
"andeq r0, r0, r4",1
"andeq r0, r0, r1",1
"andeq r0, r0, r1",1
"andeq r0, r0, r0",1
"andeq r8, r0, r0",1
"andeq r8, r0, r0",1
"andeq r4, r0, r4, ror 22",1
"andeq r4, r0, r4, ror 22",1
"andeq r0, r0, r5",1
"andeq r8, r0, r0",1
"andeq r0, r0, r1",1
"andeq r4, r0, r4, ror 22",1
"andeq r4, r1, r4, ror 22",1
"andeq r4, r1, r4, ror 22",1
"andeq r0, r0, r0, asr r2",1
"strheq r0, [r0], -r8",1
"andeq r0, r0, r6",1
"andeq r8, r0, r0",1
"andeq r0, r0, r2",1
"andeq r4, r0, r0, ror fp",1
"andeq r4, r1, r0, ror fp",1
"andeq r4, r1, r0, ror fp",1
"andeq r0, r0, r8, ror 1",1
"andeq r0, r0, r8, ror 1",1
"andeq r0, r0, r6",1
"andeq r0, r0, r4",1
"andeq r0, r0, r4",1
"andeq r0, r0, r8, asr 2",1
"andeq r8, r0, r8, asr 2",1
"andeq r8, r0, r8, asr 2",1
"andeq r0, r0, r4, asr 32",1
"andeq r0, r0, r4, asr 32",1
"andeq r0, r0, r4",1
"andeq r0, r0, r4",1
"ldrbtvs lr, [r4], -0x551",1
"andeq r0, r0, r0",1
"andeq r0, r0, r0",1
"andeq r0, r0, r0",1
"andeq r0, r0, r0",1
"andeq r0, r0, r0",1
"andeq r0, r0, r6",1
"andeq r0, r0, r4",1
"rsbvs r6, sb, 0x2f00",1
"stclhs p12, c6, [r4, -0xbc]!",1
"strbvc r6, [lr, -0x96c]!",1
svcvs 0x732e78,1
"andeq r3, r0, lr, lsr 6",1
"andeq r0, r0, r4",1
"andeq r0, r0, r0, lsl r0",1
"andeq r0, r0, r1",1
"subseq r4, r5, r7, asr 28",1
"andeq r0, r0, r0",1
"andeq r0, r0, r2",1
"andeq r0, r0, r6",1
"andeq r0, r0, r0, lsl r0",1
"andeq r0, r0, r4",1
"andeq r0, r0, r4, lsl r0",1
"andeq r0, r0, r3",1
"subseq r4, r5, r7, asr 28",1
"strlo fp, [r4, 0x829]",1
svc 0xdf8cf7,1
"strdhs sp, lr, [r4], r2",1
invalid,1
"strpl r5, [r7], 0x7d6",1
"andeq r0, r0, r3, asr 32",1
"andeq r0, r0, r2",1
"andeq r0, r0, r0, lsl r0",1
"andeq r0, r0, sb",1
"rsceq r4, r2, r2, lsl 19",1
"cdpls p5, 1, c6, c9, c6, 4",1
"stcgt p8, c2, [r2], {0}",1
"andeq r1, r0, r2",1
"stmdbne r1, {r3, r7} ^",1
invalid,1
"stmdane r0, {r0, r5, r7, r8, sl, fp, ip, lr, pc} ^",1
"andeq r0, sl, r0, lsr 16",1
"stmdavs r2, {r1, r2, r3}",1
"strbhs r4, [r2], 0x192",1
"stmeq r0, {r1, r2, r3, r7, ip, sp}",1
"sbchs r2, r0, 0x50",1
"strbths r1, [r1], -0",1
"andeq r0, r0, r0",1
invalid,1
"andseq sl, r1, r0",1
"andeq r0, r0, r0",1
"andeq r0, r0, r2",1
"andeq r0, r0, r0",1
"andeq r0, r0, r3",1
"andeq r0, r0, r5",1
"andeq r0, r0, r6",1
"andeq r0, r0, r7",1
"andeq r0, r0, sl",1
"andeq r0, r0, sp",1
"andeq r0, r0, lr",1
"andeq r0, r0, pc",1
"andeq r0, r0, r1, lsl r0",1
"andeq r0, r0, r2, lsl r0",1
"andeq r0, r0, r0",1
"andeq r0, r0, r4, lsl r0",1
"andeq r0, r0, r5, lsl r0",1
"andeq r0, r0, r0",1
"andeq r0, r0, r6, lsl r0",1
"andeq r0, r0, r0",1
"andeq r0, r0, r7, lsl r0",1
"andeq r0, r0, r0",1
"andeq r0, r0, sl, lsl r0",1
"andeq r0, r0, fp, lsl r0",1
"andeq r0, r0, r0",1
"andeq r0, r0, r0",1
"andeq r0, r0, sp, lsl r0",1
"andeq r0, r0, r0",1
"andeq r0, r0, lr, lsl r0",1
"andeq r0, r0, pc, lsl r0",1
"andeq r0, r0, r0, lsr 32",1
"andeq r0, r0, r1, lsr 32",1
"andeq r0, r0, r0",1
"andeq r0, r0, r0",1
"andeq r0, r0, r2, lsr 32",1
"andeq r0, r0, r3, lsr 32",1
"andeq r0, r0, r0",1
"andeq r0, r0, r0",1
"andeq r0, r0, r4, lsr 32",1
"andeq r0, r0, r6, lsr 32",1
"andeq r0, r0, r7, lsr 32",1
"andeq r0, r0, r0",1
"andeq r0, r0, r8, lsr 32",1
"andeq r0, r0, sl, lsr 32",1
"andeq r0, r0, ip, lsr 32",1
"andeq r0, r0, lr, lsr 32",1
"andeq r0, r0, r1, lsr r0",1
"andeq r0, r0, r0",1
"andeq r0, r0, r2, lsr r0",1
"andeq r0, r0, r4, lsr r0",1
"andeq r0, r0, r0",1
"andeq r0, r0, r0",1
"andeq r0, r0, r5, lsr r0",1
"andeq r0, r0, r0",1
"andeq r0, r0, r6, lsr r0",1
"andeq r0, r0, r0",1
"andeq r0, r0, r0",1
"andeq r0, r0, sl, lsr r0",1
"andeq r0, r0, ip, lsr r0",1
"andeq r0, r0, sp, lsr r0",1
"andeq r0, r0, pc, lsr r0",1
"andeq r0, r0, r0",1
"andeq r0, r0, r1, asr 32",1
"andeq r0, r0, r2, asr 32",1
"andeq r0, r0, r3, asr 32",1
"andeq r0, r0, r0",1
"andeq r0, r0, r4, asr 32",1
"andeq r0, r0, r5, asr 32",1
invalid,1
blmi 0x151431c,1
"strgt r7, [r5, 0x36d]",1
"rschs sp, r1, 0x2b",1
"rscls r5, pc, r3, lsr 21",1
invalid,1
bllo 0xffe9dba0,1
svceq 0x11ed7d,1
"mrcls p0, 3, r5, c6, c12, 5",1
"stcne p2, c15, [fp], {0x38}",1
invalid,1
svcge 0xc3fcd,1
"stc2l p2, c3, [r0, -0xb4]",1
"ldceq p13, c10, [sb, -0xf0]!",1
"stcne p13, c1, [ip], {0x29}",1
"rscvc r6, r3, r7, ror pc",1
"ldrbtge r2, [sb], 0x300",1
svcge 0xe70ad,1
invalid,1
invalid,1
svceq 0x4c18cf,1
invalid,1
"rscsne ip, r7, 0x32000000",1
invalid,1
"stceq p5, c7, [r2, 0x244]",1
"ldcne p6, c9, [r3], {0x5e}",1
"ldcvc p0, c15, [r6], {0x87}",1
"strbtlt lr, [fp], 0x20b",1
"adcseq r7, r0, 0x21000000",1
"fldmiaxvc ip, {d7, d8, d9, d10, d11, d12, d13, d14}",1
"mcreq p6, 7, r8, c15, c15, 5",1
"subhs r4, sb, 0x19c000",1
invalid,1
"ldrt r0, [sp], 0x7c3",1
"ldc2 p15, c8, [sp, -0x100]",1
"tst r1, 0x510",1
svceq 0x6321ef,1
invalid,1
"stc2 p13, c6, [r7, -0x250]",1
"ldrgt r7, [fp, -0x45f]!",1
"stc2 p15, c12, [sb, -0x80]",1
bvc 0xfed4e5d8,1
"stcllo p14, c0, [r0, 0x318]!",1
"fldmiaxne r3, {d11, d12, d13, d14, d15, d16, d17, d18, d19, d20, d21, d22, d23, d24, d25, d26}",1
"rscne sb, pc, 96, 16",1
"ldc2l p7, c3, [r6, -8]!",1
"mcrpl p7, 0, pc, c0, c11, 6",1
"ldcvc p14, c7, [r6], {0x3f}",1
"stceq p5, c7, [r2, 0x90]",1
svceq 0x3938cf,1
svceq 0x3b9a5b,1
invalid,1
"subne lr, r4, r8, lsr r8",1
"rsbvc r2, r3, 0xce00",1
"sbchs r5, fp, sl, asr 11",1
blhs 0x10fab80,1
invalid,1
"cmpvs sp, r1, lsr 21",1
"ldrbne sp, [sp], 0xc5",1
"vldmiane r3, {d13, d14, d15, d16, d17, d18, d19, d20, d21, d22, d23, d24, d25, d26, d27, d28}",1
"ldrbhs sl, [r0, -0x4ad]",1
"ldrbhs sl, [r5, r6, lsl 28]",1
"stceq p8, c11, [r2, 0xc4]",1
"ldreq r6, [r4], sp, lsl 27",1
"tstlt r5, 0xf0000000",1
"ldcne p6, c9, [r3], {0xcb}",1
"ldrlt r7, [r5, -r3, lsl 13]!",1
"stcllt p15, c14, [sb], 0xc4",1
"andeq r0, r0, r0",1
"andeq r0, r0, r0",1
"andeq r0, r0, r0",1
"andeq r0, r0, r0",1
"andeq r0, r0, r1",1
"andeq r0, r0, r0",1
"andeq r0, r0, r0",1
"andeq r0, r0, r0, lsr 32",1
"andeq r0, r0, r3, lsr 3",1
"andeq r8, r0, ip, asr 30",1
"andeq r0, r0, r0",1
"andeq r0, r0, r2, lsl r0",1
"andeq r0, r0, sp, asr 4",1
"strdeq r8, sb, [r0], -r0",1
"andeq r0, r0, r0",1
"andeq r0, r0, r2, lsl r0",1
"andeq r0, r0, sp, asr r1",1
"andeq sb, r0, r8, lsr 1",1
"andeq r0, r0, r0",1
"andeq r0, r0, r2, lsl r0",1
"andeq r0, r0, r5, lsl r2",1
"andeq sb, r0, r8, asr 32",1
"andeq r0, r0, r0",1
"andeq r0, r0, r2, lsl r0",1
"andeq r0, r0, r8, ror 3",1
"strheq r8, [r0], -ip",1
"andeq r0, r0, r0",1
"andeq r0, r0, r2, lsl r0",1
"andeq r0, r0, r3, lsr 4",1
"andeq r8, r0, r0, lsl 29",1
"andeq r0, r0, r0",1
"andeq r0, r0, r2, lsl r0",1
"andeq r0, r0, r1, lsl r1",1
"andeq r8, r0, r4, lsr 29",1
"andeq r0, r0, r0",1
"andeq r0, r0, r2, lsl r0",1
"muleq r0, r4, r0",1
"muleq r0, r0, r0",1
"andeq r0, r0, r0",1
"andeq r0, r0, r2, lsl r0",1
"andeq r0, r0, r1, ror 4",1
"strheq r4, [r1], -r8",1
"andeq r0, r0, r4",1
"andseq r0, r8, r1, lsl r0",1
"andeq r0, r0, lr, lsr 3",1
"ldrdeq r4, r5, [r1], -r0",1
"andeq r0, r0, r4",1
"andseq r0, r8, r1, lsl r0",1
"ldrdeq r0, r1, [r0], -r6",1
"strheq r8, [r0], -r0",1
"andeq r0, r0, r0",1
"andeq r0, r0, r2, lsl r0",1
"andeq r0, r0, r7, asr 32",1
"andeq sb, r0, r4, lsl 1",1
"andeq r0, r0, r0",1
"andeq r0, r0, r2, lsl r0",1
"andeq r0, r0, sl, lsl r0",1
"andeq r8, r0, r0, lsr 28",1
"andeq r0, r0, r0",1
"andeq r0, r0, r2, lsl r0",1
"andeq r0, r0, r8, asr 2",1
"andeq r8, r0, r4, lsr pc",1
"andeq r0, r0, r0",1
"andeq r0, r0, r2, lsl r0",1
"andeq r0, r0, sl, lsr 2",1
"ldrdeq r4, r5, [r1], -r4",1
"andeq r0, r0, r4",1
"andseq r0, r8, r1, lsl r0",1
"andeq r0, r0, ip, ror r1",1
"andeq r8, r0, r4, lsl 30",1
"andeq r0, r0, r0",1
"andeq r0, r0, r2, lsl r0",1
"strdeq r0, r1, [r0], -r2",1
"andeq r8, r0, ip, lsr 31",1
"andeq r0, r0, r0",1
"andeq r0, r0, r2, lsl r0",1
"andeq r0, r0, r6, asr r0",1
"andeq sb, r0, r0, lsr r0",1
"andeq r0, r0, r0",1
"andeq r0, r0, r2, lsl r0",1
"andeq r0, r0, pc, asr 1",1
"andeq r8, r0, r4, ror 27",1
"andeq r0, r0, r0",1
"andeq r0, r0, r2, lsl r0",1
"andeq r0, r0, r5, lsr r2",1
"andeq r8, r0, r0, asr 30",1
"andeq r0, r0, r0",1
"andeq r0, r0, r2, lsl r0",1
"andeq r0, r0, r7, asr 4",1
"andeq sb, r0, r4, asr r0",1
"andeq r0, r0, r0",1
"andeq r0, r0, r2, lsl r0",1
"andeq r0, r0, r5, asr r1",1
"andeq r8, r0, r0, asr lr",1
"andeq r0, r0, r0",1
"andeq r0, r0, r2, lsl r0",1
"andeq r0, r0, pc, asr 32",1
"andeq r4, r1, r8, asr 27",1
"andeq r0, r0, r4",1
"andseq r0, r8, r1, lsl r0",1
"strheq r0, [r0], -r5",1
"ldrdeq r8, sb, [r0], -r0",1
"andeq r0, r0, r0",1
"andeq r0, r0, r2, lsl r0",1
"andeq r0, r0, sl, lsr r1",1
"andeq r8, r0, r4, asr 28",1
"andeq r0, r0, r0",1
"andeq r0, r0, r2, lsl r0",1
"andeq r0, r0, lr, lsr 4",1
"andeq r8, r0, r4, lsl lr",1
"andeq r0, r0, r0",1
"andeq r0, r0, r2, lsl r0",1
"andeq r0, r0, ip, asr r2",1
"andeq r8, r0, ip, lsr 28",1
"andeq r0, r0, r0",1
"andeq r0, r0, r2, lsl r0",1
"andeq r0, r0, r8, lsr 32",1
"ldrdeq r8, sb, [r0], -ip",1
"andeq r0, r0, r0",1
"andeq r0, r0, r2, lsl r0",1
"andeq r0, r0, r4, lsl 3",1
"andeq sb, r0, r8, ror r0",1
"andeq r0, r0, r0",1
"andeq r0, r0, r2, lsl r0",1
"andeq r0, r0, lr, ror r0",1
"andeq r8, r0, r8, lsr 30",1
"andeq r0, r0, r0",1
"andeq r0, r0, r2, lsl r0",1
"muleq r0, sl, r0",1
"andeq r8, r0, r8, lsr lr",1
"andeq r0, r0, r0",1
"andeq r0, r0, r2, lsl r0",1
"andeq r0, r0, lr, lsl 3",1
"andeq r8, r0, r0, ror pc",1
"andeq r0, r0, r0",1
"andeq r0, r0, r2, lsl r0",1
"andeq r0, r0, pc, asr 3",1
"andeq r8, r0, ip, ror pc",1
"andeq r0, r0, r0",1
"andeq r0, r0, r2, lsl r0",1
"strheq r0, [r0], -r8",1
"andeq r8, r0, r8, asr 29",1
"andeq r0, r0, r0",1
"andeq r0, r0, r2, lsl r0",1
"andeq r0, r0, lr, lsl 4",1
"ldrdeq r8, sb, [r0], -r8",1
"andeq r0, r0, r0",1
"andeq r0, r0, r2, lsl r0",1
"andeq r0, r0, ip, lsl r1",1
"strdeq r8, sb, [r0], -r4",1
"andeq r0, r0, r0",1
"andeq r0, r0, r2, lsl r0",1
"andeq r0, r0, r8, ror r0",1
"strdeq r8, sb, [r0], -r8",1
"andeq r0, r0, r0",1
"andeq r0, r0, r2, lsl r0",1
"andeq r0, r0, r0, lsr 1",1
"andeq r4, r1, r0, asr 27",1
"andeq r0, r0, r4",1
"andseq r0, r8, r1, lsr 32",1
"andeq r0, r0, r1, ror r0",1
"andeq sb, r0, r0, rrx",1
"andeq r0, r0, r0",1
"andeq r0, r0, r2, lsl r0",1
"andeq r0, r0, pc, lsl r2",1
"andeq sb, r0, ip, rrx",1
"andeq r0, r0, r0",1
"andeq r0, r0, r2, lsl r0",1
"andeq r0, r0, r1, asr 2",1
"andeq sb, r0, r0",1
"andeq r0, r0, r0",1
"andeq r0, r0, r2, lsl r0",1
"andeq r0, r0, r8, ror 2",1
"andeq sb, r0, r8, lsl r0",1
"andeq r0, r0, r0",1
"andeq r0, r0, r2, lsl r0",1
"andeq r0, r0, ip, lsl 1",1
"andeq r8, r0, r4, ror lr",1
"andeq r0, r0, r0",1
"andeq r0, r0, r2, lsl r0",1
"ldrdeq r0, r1, [r0], -r6",1
"muleq r0, r4, pc",1
"andeq r0, r0, r0",1
"andeq r0, r0, r2, lsl r0",1
"andeq r0, r0, r3, lsl 2",1
"andeq r8, r0, r0, lsl pc",1
"andeq r0, r0, r0",1
"andeq r0, r0, r2, lsl r0",1
"andeq r0, r0, r8, asr 3",1
"andeq r8, r0, r8, ror 31",1
"andeq r0, r0, r0",1
"andeq r0, r0, r2, lsl r0",1
"andeq r0, r0, r8, rrx",1
"strheq sb, [r0], -r4",1
"andeq r0, r0, r0",1
"andeq r0, r0, r2, lsl r0",1
"muleq r0, fp, r0",1
"andeq r8, r0, r8, lsl 31",1
"andeq r0, r0, r0",1
"andeq r0, r0, r2, lsl r0",1
"andeq r0, r0, sl, lsl 2",1
"andeq r8, r0, ip, asr lr",1
"andeq r0, r0, r0",1
"andeq r0, r0, r2, lsl r0",1
"andeq r0, r0, r2, ror r0",1
"andeq r8, r0, ip, lsl 29",1
"andeq r0, r0, r0",1
"andeq r0, r0, r2, lsl r0",1
"andeq r0, r0, r2, asr 2",1
"muleq r0, ip, r0",1
"andeq r0, r0, r0",1
"andeq r0, r0, r2, lsl r0",1
"strdeq r0, r1, [r0], -r0",1
"strheq r4, [r1], -r8",1
"andeq r0, r0, r4",1
"andseq r0, r8, r1, lsr 32",1
"andeq r0, r0, pc, asr 2",1
"andeq r8, r0, r8, lsl 28",1
"andeq r0, r0, r0",1
"andeq r0, r0, r2, lsl r0",1
"andeq r0, r0, ip, ror 4",1
"andeq r4, r1, r0, asr 27",1
"andeq r0, r0, r4",1
"andseq r0, r8, r1, lsl r0",1
"ldrdeq r0, r1, [r0], -sp",1
"andeq r8, r0, r0, lsr 31",1
"andeq r0, r0, r0",1
"andeq r0, r0, r2, lsl r0",1
"andeq r0, r0, ip, ror r2",1
"strheq r8, [r0], -r8",1
"andeq r0, r0, r0",1
"andeq r0, r0, r2, lsl r0",1
"muleq r0, ip, r1",1
"andeq r8, r0, ip, lsl pc",1
"andeq r0, r0, r0",1
"andeq r0, r0, r2, lsl r0",1
"andeq r0, r0, r5, lsr r0",1
"andeq sb, r0, r4, lsr 32",1
"andeq r0, r0, r0",1
"andeq r0, r0, r2, lsl r0",1
"andeq r0, r0, r3, lsl 1",1
"muleq r0, r8, lr",1
"andeq r0, r0, r0",1
"andeq r0, r0, r2, lsl r0",1
"andeq r0, r0, fp, ror 1",1
"strdeq r8, sb, [r0], -ip",1
"andeq r0, r0, r0",1
"andeq r0, r0, r2, lsl r0",1
"andeq r0, r0, r1, lsr r1",1
"andeq sb, r0, ip",1
"andeq r0, r0, r0",1
"andeq r0, r0, r2, lsl r0",1
"strheq r0, [r0], -ip",1
"andeq r8, r0, r4, ror 30",1
"andeq r0, r0, r0",1
"andeq r0, r0, r2, lsl r0",1
"andeq r0, r0, r4, ror 1",1
"andeq r8, r0, r4, asr 31",1
"andeq r0, r0, r0",1
"andeq r0, r0, r2, lsl r0",1
"andeq r0, r0, r0, ror r1",1
"andeq sb, r0, ip, lsr r0",1
"andeq r0, r0, r0",1
"andeq r0, r0, r2, lsl r0",1
"ldrdeq r0, r1, [r0], -sp",1
"andeq r8, r0, r0, ror 29",1
"andeq r0, r0, r0",1
"andeq r0, r0, r2, lsl r0",1
"andeq r0, r0, r1, lsr 32",1
"ldrdeq r8, sb, [r0], -r4",1
"andeq r0, r0, r0",1
"andeq r0, r0, r2, lsl r0",1
"andeq r0, r0, pc, lsr r0",1
"andeq r8, r0, ip, ror 29",1
"andeq r0, r0, r0",1
"andeq r0, r0, r2, lsl r0",1
"andeq r0, r0, lr, asr r0",1
"andeq r8, r0, r8, ror 28",1
"andeq r0, r0, r0",1
"andeq r0, r0, r2, lsl r0",1
"ldrbvs r5, [pc, -r0, lsl 30] ; [0x860:4]=0x72617473",1
svcpl 0x6e6f6d,1
"rsbvc r7, r1, 0x73000000",1
"subseq r5, pc, r4, ror pc",1
invalid,1
"cdphs p3, 6, c7, c15, c14, 1",1
"uqasxvs r0, r6, r6",1
"ldmdavs r3!, {r2, r3, r5, r6, r8, sl, ip, sp, lr} ^",1
"rsbsvc r7, r4, 0, 6",1
"rsbseq r7, sb, r3, rrx",1
"rsbsvc r5, r0, 0x17c",1
"ldrbtvs r6, [r4], -sb, ror 28",1
blvs 0x1a1960c,1
"strbtvc r7, [r5], -0x300",1
invalid,1
"stcvs p5, c6, [r0, -0x1b0]",1
svcvs 0x747262,1
"movwvc r6, 0x377",1
invalid,1
svcvs 0x706d,1
"mcrvs p4, 3, r7, c9, c0, 3",1
"ldrbtvc r0, [r3], -0x64",1
"stmdavs r3!, {r1, r4, r5, r6, sb, ip, sp, lr} ^",1
invalid,1
"ldrbtvc r6, [r4], -0x567",1
"rsbseq r7, r4, r5, ror 16",1
invalid,1
"rsbvc r6, sb, 0x65000000",1
"stmdavs r3!, {sb, sl, sp, lr} ^",1
"rsbseq r6, r2, r4, ror 18",1
svcvs 0x727265,1
"ldrbvc r0, [r0, -0x72]!",1
"stmdbvs r0, {r2, r4, r5, r6, r8, sb, ip, sp, lr}",1
"rsbsvc r7, r0, 0x1cc0000",1
"rsbseq r6, r4, sb, ror 28",1
"stclvs p5, c6, [r1], -0x1c8",1
"rsbeq r6, r3, ip, ror 30",1
"rsbvc r6, pc, 0x10000006",1
"ldrbvs r0, [0x00000884]     ; [0x884:4]=0x66746e69",1
"rsbseq r6, r4, r8, ror sb",1
invalid,1
svcpl 0x6d6172,1
svcvs 0x766e69,1
"ldmdbvs r4!, {r0, r1, r5, r6, r8, sp, lr} ^",1
"cdpvs p14, 5, c6, c15, c15, 3",1
"rsbeq r6, r5, r1, ror 26",1
"strbtvc r5, [r3], -0xf5f",1
svcpl 0x657079,1
svcpl 0x746567,1
"cmpvs pc, 0xd0000006",1
"ldclvs p2, c7, [0x00000754]",1
"movwvs r7, 0x861",1
svcvs 0x6c6c61,1
"ldrbtvc r0, [r3], -0x63",1
"mcrvs p12, 3, r6, c5, c2, 3",1
"strbvs r7, [lr, -r0, lsl 10]!",1
"rsbeq r7, r3, r5, ror 8",1
invalid,1
"movwvc r7, 0x465",1
"ldrbtvc r7, [r3], -0x274",1
svcpl 0x5f0072,1
"cdpvs p2, 7, c7, c2, c5, 3",1
svcvs 0x6c5f6f,1
"ldmdbvs r4!, {r0, r1, r5, r6, r8, sp, lr} ^",1
svcvs 0x6e6f,1
"uqsub16lo r6, lr, r0",1
"strbvs r0, [sp, -0x34]!",1
"rsbvc r6, sp, sp, ror 6",1
"ldrbvs r5, [pc], -r0, lsl 30 ; [0x970:4]=0x343674",1
"cmnvs r4, r8, ror r3",1
"eorseq r3, r4, r4, ror r6",1
"rsbvc r5, r6, pc, asr pc",1
"strbtvc r6, [lr], -0x972",1
"stmdavs r3!, {r1, r2, r5, r6, r8, sb, sl, fp, ip, lr} ^",1
"ldrbtvc r0, [r3], -0x6b",1
"ldrbtvc r6, [r5], -0xf64",1
"ldrbvs r6, [r3, -0x600]!",1
"strbtlo r6, [pc], -r5, ror 22",1
"strbvs r0, [sp, -0x34]!",1
"ldmdbvc r0!, {r0, r2, r3, r5, r6, r8, sb, sp, lr} ^",1
"stclvs p6, c6, [r3], -0",1
"rsbeq r7, r5, pc, ror 6",1
"stclvs p1, c6, [ip], -0x1b4",1
"andvc r6, r0, 0xbc000001",1
"ldrbvs r6, [r3, -0x961]!",1
invalid,1
"strbtvc r6, [sb], -0xe69",1
"mrrcvs p15, 0, r5, pc, c0",1
"cmnvs r4, r8, ror r3",1
"eorseq r3, r4, r4, ror r6",1
"uhsaxvs r5, r5, pc",1
"rsbseq r6, r7, ip, ror 30",1
"mrrcvs p12, 6, r6, pc, c14",1
"stmdbvs r7!, {r0, r5, r6, sb, sl, fp, sp, lr} ^",1
"rsbeq r6, pc, lr, ror 12",1
"cdpvs p0, 6, c7, c5, c15, 3",1
"rsbseq r6, r2, r4, ror 18",1
"cmnvc r8, 0x17c",1
"uhsub16lo r6, r4, r4",1
svcpl 0x5f0034,1
"rsbsvc r7, sb, r3, ror 8",1
svcpl 0x625f65,1
"rsbeq r6, r3, ip, ror 30",1
"ldrbvs r6, [r4, -0x567]!",1
svcpl 0x766e,1
"ldrbvs r6, [r2, -0x65f]!",1
"cdpvs p4, 6, c6, c9, c1, 3",1
"ldrbtvc r0, [r3], -0x67",1
"rsbsvc r6, r2, 100, 10",1
"cmnvs r3, 0, 12",1
"rsbeq r6, r6, r1, ror 28",1
svcvs 0x746567,1
"mrrcvs p4, 7, r7, pc, c0",1
"rsbeq r6, r7, pc, ror 28",1
"strbvs r6, [ip, -0x966]!",1
"strvs r6, [r0, -lr, ror 30]",1
"strbvc r7, [r3, -r5, ror 8]!",1
"strbvc r0, [r6, -r4, rrx]!",1
"ldrbvs r6, [r4, -0x972]!",1
"ldrbvs r5, [pc], -r0, lsl 30 ; [0xa3c:4]=0x676e69",1
"strbtvs r6, [lr], -0x570",1
"rsbeq r6, r7, sb, ror 28",1
"strbvs r7, [r5, -0x36c]!",1
"eorseq r3, r4, fp, ror 12",1
invalid,1
svcpl 0x6d6172,1
svcvs 0x766e69,1
"ldmdbvs r4!, {r0, r1, r5, r6, r8, sp, lr} ^",1
"cmpvc pc, 0x6f0",1
"ldrbtvc r6, [r2], -0xf68",1
"stclvs p14, c6, [r1, -0x17c]!",1
"strbtvs r0, [r6], -0x65",1
"cdpvs p0, 6, c7, c5, c15, 3",1
invalid,1
"rsbvc r6, sb, 100, 8",1
"andvs r3, r0, 0x36000000",1
"strbtvc r6, [r4], -0xe69",1
"ldrbtvs r7, [r4], -0x865",1
"stmdbvs r1!, {r0, r1, r2, r3, r5, r6, r8, sl, fp, sp, lr} ^",1
"ldrbtvc r0, [r3], -0x6e",1
"rsbvc r6, sp, r2, ror r3",1
"mrrcvs p15, 0, r5, pc, c0",1
svcpl 0x636269,1
"rsbvc r7, r1, 0x73000000",1
invalid,1
"strvs r6, [r0], -0xe69",1
"strbtvs r7, [r6], -0x269",1
"ldrbvc r6, [r0, -0x600]!",1
"ldrbvc r7, [0x0000073c]     ; [0x73c:4]=0x909c",1
invalid,1
"rsbeq r6, r4, fp, ror 10",1
"strbvs r7, [r5, -0x266]!",1
"subsvc r5, pc, r0, lsl 30",1
"mcrvs p15, 3, r6, c7, c2, 3",1
"rsbeq r6, r5, r1, ror 26",1
"rsbsvc r5, r0, 0x17c",1
invalid,1
"ldrbvs r6, [pc], -sp, ror 10 ; [0xad4:4]=0x78635f5f",1
"rsbeq r6, ip, r5, ror ip",1
"stmdavc r3!, {r0, r1, r2, r3, r4, r6, r8, sb, sl, fp, ip, lr} ^",1
"strbtvc r5, [r1], -0xf61",1
"strbtvc r7, [sb], -0x865",1
"stmdbmi ip, {r8, sb, sl, lr} ^",1
"subslo r4, pc, 0x8000001",1
"andeq r3, r0, lr, lsr 8",1
"andeq r0, r0, r0",1
"andeq r0, r2, r2",1
"andeq r0, r2, r2",1
"andeq r0, r2, r2",1
"andeq r0, r2, r2",1
"andeq r0, r2, r2",1
"andeq r0, r2, r2",1
"andeq r0, r2, r2",1
"andeq r0, r2, r2",1
"andeq r0, r2, r2",1
"andeq r0, r2, r2",1
"andeq r0, r2, r2",1
"andeq r0, r2, r2",1
"andeq r0, r2, r2",1
"andeq r0, r2, r2",1
"andeq r0, r2, r2",1
"andeq r0, r2, r2",1
"andeq r0, r2, r2",1
"andeq r0, r2, r2",1
"andeq r0, r2, r2",1
"andeq r0, r2, r2",1
"andeq r0, r2, r2",1
"andeq r0, r2, r2",1
"andeq r0, r2, r2",1
"andeq r0, r2, r2",1
"andeq r0, r2, r2",1
"andeq r0, r2, r2",1
"andeq r0, r2, r2",1
"andeq r0, r2, r2",1
"andeq r0, r2, r2",1
"andeq r0, r2, r2",1
"andeq r0, r2, r2",1
"andeq r0, r2, r2",1
"andeq r0, r2, r2",1
"andeq r0, r2, r2",1
"andeq r0, r1, r1",1
"andeq r0, r0, r0, lsl r0",1
"andeq r0, r0, r0, lsl r0",1
"andeq r0, r0, r0",1
"stcleq p9, c6, [sb, -0x50]!",1
"andeq r0, r2, r0",1
"andeq r0, r0, sb, lsl 5",1
"andeq r0, r0, r0",1
"andeq r4, r1, ip, asr sp",1
"andeq r0, r0, r5, lsl r1",1
"strheq r4, [r1], -r8",1
"andeq r0, r0, r4, lsl sl",1
"andeq r4, r1, r0, asr 27",1
"andeq r3, r0, r4, lsl r7",1
"andeq r4, r1, r8, asr 27",1
"andeq r1, r0, r4, lsl r8",1
"ldrdeq r4, r5, [r1], -r0",1
"andeq r0, r0, r4, lsl fp",1
"ldrdeq r4, r5, [r1], -r4",1
"andeq r1, r0, r4, lsl r0",1
"andeq r4, r1, r4, ror 24",1
"andeq r2, r0, r6, lsl r4",1
"andeq r4, r1, r8, ror 24",1
"andeq r1, r0, r6, lsl r4",1
"andeq r4, r1, ip, ror 24",1
"andeq r0, r0, r6, lsl r3",1
"andeq r4, r1, r0, ror ip",1
"andeq r3, r0, r6, lsl sp",1
"andeq r4, r1, r4, ror ip",1
"andeq r3, r0, r6, lsl r6",1
"andeq r4, r1, r8, ror ip",1
"andeq r1, r0, r6, lsl fp",1
"andeq r4, r1, ip, ror ip",1
"andeq r0, r0, r6, lsl lr",1
"andeq r4, r1, r0, lsl 25",1
"andeq r1, r0, r6, lsl ip",1
"andeq r4, r1, r4, lsl 25",1
"andeq r2, r0, r6, lsl r0",1
"andeq r4, r1, r8, lsl 25",1
"andeq r1, r0, r6, lsl sl",1
"andeq r4, r1, ip, lsl 25",1
"andeq r1, r0, r6, lsl r7",1
"muleq r1, r0, ip",1
"andeq r3, r0, r6, lsl r2",1
"muleq r1, r4, ip",1
"andeq r4, r0, r6, lsl r5",1
"muleq r1, r8, ip",1
"andeq r2, r0, r6, lsl ip",1
"muleq r1, ip, ip",1
"andeq r0, r0, r6, lsl r7",1
"andeq r4, r1, r0, lsr 25",1
"andeq r3, r0, r6, lsl r3",1
"andeq r4, r1, r4, lsr 25",1
"andeq r3, r0, r6, lsl ip",1
"andeq r4, r1, r8, lsr 25",1
"andeq r0, r0, r6, lsl r8",1
"andeq r4, r1, ip, lsr 25",1
"andeq r0, r0, r6, lsl ip",1
"strheq r4, [r1], -r0",1
"andeq r0, r0, r6, lsl r6",1
"strheq r4, [r1], -r4",1
"andeq r2, r0, r6, lsl r3",1
"strheq r4, [r1], -r8",1
"andeq r4, r0, r6, lsl r3",1
"strheq r4, [r1], -ip",1
"andeq r4, r0, r6, lsl r2",1
"andeq r4, r1, r0, asr 25",1
"andeq r4, r0, r6, lsl r4",1
"andeq r4, r1, r4, asr 25",1
"andeq r2, r0, r6, lsl r6",1
"andeq r4, r1, r8, asr 25",1
"andeq r1, r0, r6, lsl r1",1
"andeq r4, r1, ip, asr 25",1
"andeq r2, r0, r6, lsl lr",1
"ldrdeq r4, r5, [r1], -r0",1
"andeq r3, r0, r6, lsl sl",1
"ldrdeq r4, r5, [r1], -r4",1
"andeq r1, r0, r6, lsl pc",1
"ldrdeq r4, r5, [r1], -r8",1
"andeq r0, r0, r6, lsl pc",1
"ldrdeq r4, r5, [r1], -ip",1
"andeq r1, r0, r6, lsl r5",1
"andeq r4, r1, r0, ror 25",1
"andeq r0, r0, r6, lsl r2",1
"andeq r4, r1, r4, ror 25",1
"andeq r0, r0, r6, lsl r1",1
"andeq r4, r1, r8, ror 25",1
"andeq r3, r0, r6, lsl pc",1
"andeq r4, r1, ip, ror 25",1
"andeq r2, r0, r6, lsl r1",1
"strdeq r4, r5, [r1], -r0",1
"andeq r2, r0, r6, lsl r2",1
"strdeq r4, r5, [r1], -r4",1
"andeq r3, r0, r6, lsl r1",1
"strdeq r4, r5, [r1], -r8",1
"andeq r2, r0, r6, lsl sp",1
"strdeq r4, r5, [r1], -ip",1
"andeq r3, r0, r6, lsl r8",1
"andeq r4, r1, r0, lsl 26",1
"andeq r1, r0, r6, lsl r2",1
"andeq r4, r1, r4, lsl 26",1
"andeq r3, r0, r6, lsl sb",1
"andeq r4, r1, r8, lsl 26",1
"andeq r4, r0, r6, lsl r0",1
"andeq r4, r1, ip, lsl 26",1
"andeq r1, r0, r6, lsl sb",1
"andeq r4, r1, r0, lsl sp",1
"andeq r1, r0, r6, lsl sp",1
"andeq r4, r1, r4, lsl sp",1
"andeq r2, r0, r6, lsl pc",1
"andeq r4, r1, r8, lsl sp",1
"andeq r2, r0, r6, lsl r5",1
"andeq r4, r1, ip, lsl sp",1
"andeq r2, r0, r6, lsl sl",1
"andeq r4, r1, r0, lsr 26",1
"andeq r3, r0, r6, lsl lr",1
"andeq r4, r1, r4, lsr 26",1
"andeq r2, r0, r6, lsl fp",1
"andeq r4, r1, r8, lsr 26",1
"andeq r3, r0, r6, lsl fp",1
"andeq r4, r1, ip, lsr 26",1
"andeq r1, r0, r6, lsl r3",1
"andeq r4, r1, r0, lsr sp",1
"andeq r4, r0, r6, lsl r1",1
"andeq r4, r1, r4, lsr sp",1
"andeq r0, r0, r6, lsl r5",1
"andeq r4, r1, r8, lsr sp",1
"andeq r1, r0, r6, lsl r6",1
"andeq r4, r1, ip, lsr sp",1
"andeq r2, r0, r6, lsl r8",1
"andeq r4, r1, r0, asr 26",1
"andeq r2, r0, r6, lsl sb",1
"andeq r4, r1, r4, asr 26",1
"andeq r1, r0, r6, lsl lr",1
"andeq r4, r1, r8, asr 26",1
"andeq r0, r0, r6, lsl sp",1
"andeq r4, r1, ip, asr 26",1
"andeq r0, r0, r6, lsl sb",1
"andeq r4, r1, r0, asr sp",1
"andeq r3, r0, r6, lsl r4",1
"andeq r4, r1, r4, asr sp",1
"andeq r0, r0, r6, lsl r4",1
"andeq r4, r1, r8, asr sp",1
"andeq r3, r0, r6, lsl r0",1
"push {r3, lr}",0
bl 0x13bc,0
"pop {r3, pc}",0
"str lr, [sp, -4]!",0
"ldr lr, [0x00000dd4]        ; [0xdd4:4]=0xbe84",0
"add lr, pc, lr",0
"ldr pc, [lr, 8]!",0
"andeq fp, r0, r4, lsl 29",0
"add ip, pc, 0, 12",0
"add ip, ip, 0xb000",0
"ldr pc, [ip, 0xe84]!",0
"add ip, pc, 0, 12",0
"add ip, ip, 0xb000",0
"ldr pc, [ip, 0xe7c]!",0
"add ip, pc, 0, 12",0
"add ip, ip, 0xb000",0
"ldr pc, [ip, 0xe74]!",0
"add ip, pc, 0, 12",0
"add ip, ip, 0xb000",0
"ldr pc, [ip, 0xe6c]!",0
"add ip, pc, 0, 12",0
"add ip, ip, 0xb000",0
"ldr pc, [ip, 0xe64]!",0
"add ip, pc, 0, 12",0
"add ip, ip, 0xb000",0
"ldr pc, [ip, 0xe5c]!",0
"add ip, pc, 0, 12",0
"add ip, ip, 0xb000",0
"ldr pc, [ip, 0xe54]!",0
"add ip, pc, 0, 12",0
"add ip, ip, 0xb000",0
"ldr pc, [ip, 0xe4c]!",0
"add ip, pc, 0, 12",0
"add ip, ip, 0xb000",0
"ldr pc, [ip, 0xe44]!",0
"add ip, pc, 0, 12",0
"add ip, ip, 0xb000",0
"ldr pc, [ip, 0xe3c]!",0
"add ip, pc, 0, 12",0
"add ip, ip, 0xb000",0
"ldr pc, [ip, 0xe34]!",0
"add ip, pc, 0, 12",0
"add ip, ip, 0xb000",0
"ldr pc, [ip, 0xe2c]!",0
"add ip, pc, 0, 12",0
"add ip, ip, 0xb000",0
"ldr pc, [ip, 0xe24]!",0
"add ip, pc, 0, 12",0
"add ip, ip, 0xb000",0
"ldr pc, [ip, 0xe1c]!",0
"add ip, pc, 0, 12",0
"add ip, ip, 0xb000",0
"ldr pc, [ip, 0xe14]!",0
"add ip, pc, 0, 12",0
"add ip, ip, 0xb000",0
"ldr pc, [ip, 0xe0c]!",0
"add ip, pc, 0, 12",0
"add ip, ip, 0xb000",0
"ldr pc, [ip, 0xe04]!",0
"add ip, pc, 0, 12",0
"add ip, ip, 0xb000",0
"ldr pc, [ip, 0xdfc]!",0
"add ip, pc, 0, 12",0
"add ip, ip, 0xb000",0
"ldr pc, [ip, 0xdf4]!",0
"add ip, pc, 0, 12",0
"add ip, ip, 0xb000",0
"ldr pc, [ip, 0xdec]!",0
"add ip, pc, 0, 12",0
"add ip, ip, 0xb000",0
"ldr pc, [ip, 0xde4]!",0
"add ip, pc, 0, 12",0
"add ip, ip, 0xb000",0
"ldr pc, [ip, 0xddc]!",0
"add ip, pc, 0, 12",0
"add ip, ip, 0xb000",0
"ldr pc, [ip, 0xdd4]!",0
"add ip, pc, 0, 12",0
"add ip, ip, 0xb000",0
"ldr pc, [ip, 0xdcc]!",0
"add ip, pc, 0, 12",0
"add ip, ip, 0xb000",0
"ldr pc, [ip, 0xdc4]!",0
"add ip, pc, 0, 12",0
"add ip, ip, 0xb000",0
"ldr pc, [ip, 0xdbc]!",0
"add ip, pc, 0, 12",0
"add ip, ip, 0xb000",0
"ldr pc, [ip, 0xdb4]!",0
"add ip, pc, 0, 12",0
"add ip, ip, 0xb000",0
"ldr pc, [ip, 0xdac]!",0
"add ip, pc, 0, 12",0
"add ip, ip, 0xb000",0
"ldr pc, [ip, 0xda4]!",0
"add ip, pc, 0, 12",0
"add ip, ip, 0xb000",0
"ldr pc, [ip, 0xd9c]!",0
"add ip, pc, 0, 12",0
"add ip, ip, 0xb000",0
"ldr pc, [ip, 0xd94]!",0
"add ip, pc, 0, 12",0
"add ip, ip, 0xb000",0
"ldr pc, [ip, 0xd8c]!",0
"add ip, pc, 0, 12",0
"add ip, ip, 0xb000",0
"ldr pc, [ip, 0xd84]!",0
"add ip, pc, 0, 12",0
"add ip, ip, 0xb000",0
"ldr pc, [ip, 0xd7c]!",0
"add ip, pc, 0, 12",0
"add ip, ip, 0xb000",0
"ldr pc, [ip, 0xd74]!",0
"add ip, pc, 0, 12",0
"add ip, ip, 0xb000",0
"ldr pc, [ip, 0xd6c]!",0
"add ip, pc, 0, 12",0
"add ip, ip, 0xb000",0
"ldr pc, [ip, 0xd64]!",0
"add ip, pc, 0, 12",0
"add ip, ip, 0xb000",0
"ldr pc, [ip, 0xd5c]!",0
"add ip, pc, 0, 12",0
"add ip, ip, 0xb000",0
"ldr pc, [ip, 0xd54]!",0
"add ip, pc, 0, 12",0
"add ip, ip, 0xb000",0
"ldr pc, [ip, 0xd4c]!",0
"add ip, pc, 0, 12",0
"add ip, ip, 0xb000",0
"ldr pc, [ip, 0xd44]!",0
"add ip, pc, 0, 12",0
"add ip, ip, 0xb000",0
"ldr pc, [ip, 0xd3c]!",0
"add ip, pc, 0, 12",0
"add ip, ip, 0xb000",0
"ldr pc, [ip, 0xd34]!",0
"add ip, pc, 0, 12",0
"add ip, ip, 0xb000",0
"ldr pc, [ip, 0xd2c]!",0
"add ip, pc, 0, 12",0
"add ip, ip, 0xb000",0
"ldr pc, [ip, 0xd24]!",0
"add ip, pc, 0, 12",0
"add ip, ip, 0xb000",0
"ldr pc, [ip, 0xd1c]!",0
"add ip, pc, 0, 12",0
"add ip, ip, 0xb000",0
"ldr pc, [ip, 0xd14]!",0
"add ip, pc, 0, 12",0
"add ip, ip, 0xb000",0
"ldr pc, [ip, 0xd0c]!",0
"add ip, pc, 0, 12",0
"add ip, ip, 0xb000",0
"ldr pc, [ip, 0xd04]!",0
"add ip, pc, 0, 12",0
"add ip, ip, 0xb000",0
"ldr pc, [ip, 0xcfc]!",0
"add ip, pc, 0, 12",0
"add ip, ip, 0xb000",0
"ldr pc, [ip, 0xcf4]!",0
"add ip, pc, 0, 12",0
"add ip, ip, 0xb000",0
"ldr pc, [ip, 0xcec]!",0
"add ip, pc, 0, 12",0
"add ip, ip, 0xb000",0
"ldr pc, [ip, 0xce4]!",0
"add ip, pc, 0, 12",0
"add ip, ip, 0xb000",0
"ldr pc, [ip, 0xcdc]!",0
"add ip, pc, 0, 12",0
"add ip, ip, 0xb000",0
"ldr pc, [ip, 0xcd4]!",0
"add ip, pc, 0, 12",0
"add ip, ip, 0xb000",0
"ldr pc, [ip, 0xccc]!",0
"add ip, pc, 0, 12",0
"add ip, ip, 0xb000",0
"ldr pc, [ip, 0xcc4]!",0
"add ip, pc, 0, 12",0
"add ip, ip, 0xb000",0
"ldr pc, [ip, 0xcbc]!",0
"add ip, pc, 0, 12",0
"add ip, ip, 0xb000",0
"ldr pc, [ip, 0xcb4]!",0
"add ip, pc, 0, 12",0
"add ip, ip, 0xb000",0
"ldr pc, [ip, 0xcac]!",0
"add ip, pc, 0, 12",0
"add ip, ip, 0xb000",0
"ldr pc, [ip, 0xca4]!",0
"add ip, pc, 0, 12",0
"add ip, ip, 0xb000",0
"ldr pc, [ip, 0xc9c]!",0
"push {r4, r5, r6, r7, r8, lr}",0
"mov r6, r0",0
"sub sp, sp, 0xd8",0
"ldr r0, [0x0000133c]        ; [0x133c:4]=0xc634",0
"mov r4, r1",0
bl 0xf1c,0
"adds r8, r0, 0",0
"ldr r0, [r4]",0
"movne r8, 1",0
bl 0x1db0,0
"ldr r1, [0x00001340]        ; [0x1340:4]=0xc630",0
"mov r0, 6",0
bl 0x1024,0
"ldr r1, [0x00001344]        ; [0x1344:4]=0xc644",0
"ldr r0, [0x00001348]        ; [0x1348:4]=0xc570",0
bl 0x106c,0
"ldr r0, [0x00001348]        ; [0x1348:4]=0xc570",0
bl 0xe80,0
"ldr r0, [0x0000134c]        ; [0x134c:4]=0x9c2c",0
bl 0x41e8,0
"mov r7, 0",0
"str r7, [sp]",0
"mov r0, r6",0
"mov r1, r4",0
"ldr r2, [0x00001350]        ; [0x1350:4]=0xc674",0
"ldr r3, [0x00001354]        ; [0x1354:4]=0xc220",0
bl 0xf64,0
"cmn r0, 1",0
"mov r5, 0",0
beq 0x11ac,0
"cmn r0, 2",0
beq 0x11a4,0
bgt 0x117c,0
"cmn r0, 3",0
bne 0x118c,0
"ldr r3, [0x00001358]        ; [0x1358:4]=0xc678",0
"str r5, [sp, 4]",0
"str r3, [sp]",0
"ldr r3, [0x0000135c]        ; [0x135c:4]=0x14dd4",0
"ldr r1, [0x00001360]        ; [0x1360:4]=0xc550",0
"ldr r0, [r3]",0
"ldr r3, [0x00001364]        ; [0x1364:4]=0x14d6c",0
"ldr r2, [0x00001368]        ; [0x1368:4]=0xc56c",0
"ldr r3, [r3]",0
bl 0x3818,0
"mov r0, r5",0
bl 0xf88,0
"cmp r0, 0x4c",0
beq 0x1194,0
"cmp r0, 0x50",0
beq 0x119c,0
"mov r0, 1",0
bl 0x1a34,0
"mov r8, 1",0
b 0x1114,0
"mov r8, r5",0
b 0x1114,0
"mov r0, r5",0
bl 0x1a34,0
"ldr r3, [0x0000136c]        ; [0x136c:4]=0x14dc8",0
"ldr r3, [r3]",0
"cmp r6, r3",0
bgt 0x1244,0
"cmp r8, 0",0
beq 0x1224,0
"ldr r0, [0x00001370]        ; [0x1370:4]=0xc6a8",0
bl 0xf1c,0
"subs r6, r0, 0",0
beq 0x1224,0
"ldrb r3, [r6]",0
"cmp r3, 0x2f",0
"moveq r0, r6",0
beq 0x11ec,0
b 0x1224,0
"add r0, r0, 1",0
"ldr r1, [0x00001374]        ; [0x1374:4]=0xc6ac",0
bl 0xdfc,0
"cmp r0, 0",0
beq 0x1268,0
"ldrb r3, [r0, 2]",0
"cmp r3, 0",0
"cmpne r3, 0x2f",0
beq 0x1224,0
"cmp r3, 0x2e",0
bne 0x11e8,0
"ldrb r3, [r0, 3]",0
"cmp r3, 0",0
"cmpne r3, 0x2f",0
bne 0x11e8,0
bl 0x3b14,0
"subs r4, r0, 0",0
beq 0x12e0,0
bl 0xf28,0
"mov r0, r4",0
bl 0xe2c,0
"mov r0, 0",0
bl 0xf88,0
"mov r0, r5",0
"ldr r1, [0x00001378]        ; [0x1378:4]=0xc688",0
"mov r2, 5",0
bl 0xe68,0
"mov r1, r5",0
"mov r2, r0",0
"mov r0, r5",0
bl 0xef8,0
b 0x11bc,0
"mov r0, 3",0
"mov r1, r6",0
"add r2, sp, 8",0
bl 0x1078,0
"cmp r0, 0",0
bne 0x1224,0
"mov r0, 3",0
"ldr r1, [0x0000137c]        ; [0x137c:4]=0xc298",0
"add r2, sp, 0x70",0
bl 0x1078,0
"subs r7, r0, 0",0
bne 0x1224,0
"add r3, sp, 0xd0",0
"ldm r3, {r2, r3}",0
"add r5, sp, 0x68",0
"ldm r5, {r4, r5}",0
"cmp r5, r3",0
"cmpeq r4, r2",0
bne 0x1224,0
"add r3, sp, 0x70",0
"ldm r3, {r2, r3}",0
"add r5, sp, 8",0
"ldm r5, {r4, r5}",0
"cmp r5, r3",0
"cmpeq r4, r2",0
bne 0x1224,0
"mov r0, r6",0
bl 0xf28,0
"mov r0, r7",0
bl 0xf88,0
"mov r0, 0xc",0
bl 0x38cc,0
"mov r3, 0x2000",0
"mov r5, r0",0
"str r3, [r5, 4]",0
"mov r0, r3",0
bl 0x38cc,0
"ldr r2, [r5, 4]",0
"mov r3, r0",0
"sub r2, r2, 1",0
"add r1, r3, r2",0
"str r3, [r5]",0
"str r1, [r5, 8]",0
"strb r4, [r3, r2]",0
"mov r0, r5",0
bl 0x15e4,0
"ldr r0, [r5, 8]",0
bl 0xf28,0
"ldr r0, [r5]",0
bl 0xe2c,0
"mov r0, r5",0
bl 0xe2c,0
b 0x123c,0
"andeq ip, r0, r4, lsr r6",0
"andeq ip, r0, r0, lsr r6",0
"andeq ip, r0, r4, asr 12",0
"andeq ip, r0, r0, ror r5",0
"andeq sb, r0, ip, lsr 24",0
"andeq ip, r0, r4, ror r6",0
"andeq ip, r0, r0, lsr 4",0
"andeq ip, r0, r8, ror r6",0
"ldrdeq r4, r5, [r1], -r4",0
"andeq ip, r0, r0, asr r5",0
"andeq r4, r1, ip, ror 26",0
"andeq ip, r0, ip, ror 10",0
"andeq r4, r1, r8, asr 27",0
"andeq ip, r0, r8, lsr 13",0
"andeq ip, r0, ip, lsr 13",0
"andeq ip, r0, r8, lsl 13",0
"muleq r0, r8, r2",0
"mov fp, 0",0
"mov lr, 0",0
pop {r1},0
"mov r2, sp",0
"str r2, [sp, -4]!",0
"str r0, [sp, -4]!",0
"ldr ip, [0x000013b0]        ; [0x13b0:4]=0xc1e4",0
"str ip, [sp, -4]!",0
"ldr r0, [0x000013b4]        ; [0x13b4:4]=0x90c0",0
"ldr r3, [0x000013b8]        ; [0x13b8:4]=0xc180",0
bl 0xf40,0
bl 0x1090,0
"andeq ip, r0, r4, ror 3",0
"andeq sb, r0, r0, asr 1",0
"andeq ip, r0, r0, lsl 3",0
"ldr r3, [0x000013d8]        ; [0x13d8:4]=0xb88c",0
"ldr r2, [0x000013dc]        ; [0x13dc:4]=260",0
"add r3, pc, r3",0
"ldr r2, [r3, r2]",0
"cmp r2, 0",0
bxeq lr,0
b 0xf58,0
"andeq fp, r0, ip, lsl 17",0
"andeq r0, r0, r4, lsl 2",0
"push {r3, lr}",0
"ldr r0, [0x0000140c]        ; [0x140c:4]=0x14db4",0
"ldr r3, [0x00001410]        ; [0x1410:4]=0x14db7",0
"rsb r3, r0, r3",0
"cmp r3, 6",0
"popls {r3, pc}",0
"ldr r3, [0x00001414]        ; [0x1414:4]=0",0
"cmp r3, 0",0
"popeq {r3, pc}",0
blx r3,0
"pop {r3, pc}",0
"strheq r4, [r1], -r4",0
"strheq r4, [r1], -r7",0
"andeq r0, r0, r0",0
"ldr r0, [0x0000144c]        ; [0x144c:4]=0x14db4",0
"ldr r1, [0x00001450]        ; [0x1450:4]=0x14db4",0
"push {r3, lr}",0
"rsb r1, r0, r1",0
"asr r1, r1, 2",0
"add r1, r1, r1, lsr 31",0
"asrs r1, r1, 1",0
"popeq {r3, pc}",0
"ldr r3, [0x00001454]        ; [0x1454:4]=0",0
"cmp r3, 0",0
"popeq {r3, pc}",0
blx r3,0
"pop {r3, pc}",0
"strheq r4, [r1], -r4",0
"strheq r4, [r1], -r4",0
"andeq r0, r0, r0",0
"push {r4, lr}",0
"ldr r4, [0x0000147c]        ; [0x147c:4]=0x14dd8",0
"ldrb r3, [r4]",0
"cmp r3, 0",0
"popne {r4, pc}",0
bl 0x13e0,0
"mov r3, 1",0
"strb r3, [r4]",0
"pop {r4, pc}",0
"ldrdeq r4, r5, [r1], -r8",0
"ldr r0, [0x000014ac]        ; [0x14ac:4]=0x14b6c",0
"push {r3, lr}",0
"ldr r3, [r0]",0
"cmp r3, 0",0
beq 0x14a4,0
"ldr r3, [0x000014b0]        ; [0x14b0:4]=0",0
"cmp r3, 0",0
beq 0x14a4,0
blx r3,0
"pop {r3, lr}",0
b 0x1418,0
"andeq r4, r1, ip, ror 22",0
"andeq r0, r0, r0",0
"push {r4, r5, r6, lr}",0
"mov r1, r0",0
"mov r4, r0",0
"mvn r0, 0",0
bl 0x40a8,0
"cmp r0, 2",0
bls 0x1524,0
"add r5, r4, r4, lsl 1",0
"mov r0, r5",0
bl 0x38cc,0
"cmp r4, 0",0
"mov r6, r0",0
beq 0x151c,0
"add r5, r0, r5",0
"mov r4, r0",0
"mov r2, 3",0
"mov r0, r4",0
"ldr r1, [0x00001528]        ; [0x1528:4]=0xc270",0
"add r4, r4, r2",0
bl 0xe44,0
"cmp r4, r5",0
bne 0x14f0,0
"mov r3, 0",0
"strb r3, [r4, -1]",0
"mov r0, r6",0
"pop {r4, r5, r6, pc}",0
"mov r4, r0",0
b 0x150c,0
bl 0x3ad4,0
"andeq ip, r0, r0, ror r2",0
"push {r3, r4, r5, r6, r7, r8, sl, lr}",0
"ldr r3, [r0, 8]",0
"ldr r6, [r0]",0
"mov r5, r2",0
"rsb r6, r6, r3",0
"add r2, r2, 1",0
"cmp r6, r2",0
"mov r4, r0",0
"mov sl, r1",0
bhs 0x15b4,0
"ldr r7, [r0, 4]",0
"mvn r0, 0",0
"add r7, r7, 1",0
"add r7, r7, r5",0
"mov r1, r7",0
bl 0x40a8,0
"cmp r0, 1",0
bls 0x15e0,0
"lsl r7, r7, 1",0
"mov r0, r7",0
bl 0x38cc,0
"ldm r4, {r1, r2}",0
"rsb r2, r6, r2",0
"mov r8, r0",0
"rsb r0, r2, r7",0
"add r0, r8, r0",0
"add r1, r1, r6",0
"str r0, [r4, 8]",0
bl 0xe44,0
"ldr r0, [r4]",0
bl 0xe2c,0
"ldr r3, [r4, 8]",0
"str r8, [r4]",0
"str r7, [r4, 4]",0
"mvn r2, r5",0
"add r1, r3, r2",0
"str r1, [r4, 8]",0
"mov r1, 0x2f                ; '/'",0
"strb r1, [r3, r2]",0
"ldr r0, [r4, 8]",0
"mov r1, sl",0
"add r0, r0, 1",0
"mov r2, r5",0
"pop {r3, r4, r5, r6, r7, r8, sl, lr}",0
b 0xe44,0
bl 0x3ad4,0
"push {r4, r5, r6, r7, r8, sb, sl, fp, lr}",0
"sub sp, sp, 0x15c",0
"str r0, [sp, 0xc]",0
"add r0, sp, 0x10",0
bl 0x33bc,0
"subs r5, r0, 0",0
beq 0x19d0,0
"mov r0, 3",0
"ldr r1, [0x00001a0c]        ; [0x1a0c:4]=0xc298",0
"add r2, sp, 0x20",0
bl 0x1078,0
"cmp r0, 0",0
blt 0x1994,0
"mov fp, 1",0
"ldm r5, {r2, r3}",0
"add r1, sp, 0x80",0
"ldm r1, {r0, r1}",0
"cmp r1, r3",0
"cmpeq r0, r2",0
bne 0x1650,0
"add r3, r5, 8",0
"ldm r3, {r2, r3}",0
"add r1, sp, 0x20",0
"ldm r1, {r0, r1}",0
"cmp r1, r3",0
"cmpeq r0, r2",0
beq 0x196c,0
"ldr r0, [0x00001a10]        ; [0x1a10:4]=0xc2b0",0
bl 0xf04,0
"add r2, fp, 1",0
"subs r6, r0, 0",0
"str r2, [sp, 8]",0
beq 0x1928,0
bl 0xfac,0
"mov r7, r0",0
"mov r0, r6",0
bl 0x1054,0
"subs r4, r0, 0",0
blt 0x1918,0
bl 0x1060,0
"lsr r0, r0, 0x1f",0
"cmp r0, 0",0
bne 0x18bc,0
"cmp r4, 0",0
blt 0x18fc,0
"add r3, sp, 0x88",0
"mov r0, 3",0
"mov r1, r4",0
"mov r2, r3",0
"str r3, [sp, 4]",0
bl 0xea4,0
"lsr r0, r0, 0x1f",0
"cmp r0, 0",0
bne 0x1880,0
"add r3, sp, 0x20",0
"ldm r3, {r2, r3}",0
"add r1, sp, 0x88",0
"ldm r1, {r0, r1}",0
"cmp r1, r3",0
"cmpeq r0, r2",0
"moveq r8, 0",0
"movne r8, 1",0
"mov sb, 0",0
"str sb, [r7]",0
"mov r0, r6",0
bl 0x1048,0
"subs sl, r0, 0",0
beq 0x183c,0
"ldrb r3, [sl, 0x13]",0
"cmp r3, 0x2e",0
beq 0x1814,0
"ldm sl, {r0, r1}",0
"orrs r3, r0, r1",0
"movne r3, r8",0
"orreq r3, r8, 1",0
"cmp r3, 0",0
bne 0x185c,0
"add r3, sp, 0x80",0
"ldm r3, {r2, r3}",0
"cmp r3, r1",0
"cmpeq r2, r0",0
bne 0x16e0,0
"cmp r8, 0",0
beq 0x1750,0
"add r3, sp, 0x20",0
"ldm r3, {r2, r3}",0
"add r1, sp, 0xf0",0
"ldm r1, {r0, r1}",0
"cmp r1, r3",0
"cmpeq r0, r2",0
bne 0x16e0,0
"add sl, sl, 0x13",0
"mov r0, sl",0
bl 0xf94,0
"mov r1, sl",0
"mov r2, r0",0
"ldr r0, [sp, 0xc]",0
bl 0x152c,0
"mov sl, 1",0
"cmp r6, 0",0
beq 0x1788,0
"mov r0, r6",0
bl 0x10b4,0
"cmp r0, 0",0
beq 0x17c0,0
"ldr r1, [0x00001a14]        ; [0x1a14:4]=0xc2e8",0
"mov r2, 5",0
"mov r0, 0",0
"ldr r4, [r7]",0
bl 0xe68,0
"mov r6, r0",0
"mov r0, fp",0
bl 0x14b4,0
bl 0x33b0,0
"mov r1, r4",0
"mov r3, r0",0
"mov r2, r6",0
"mov r0, 1",0
bl 0xef8,0
"cmp sl, 0",0
bne 0x17fc,0
"ldr r1, [0x00001a18]        ; [0x1a18:4]=0xc300",0
"mov r2, 5",0
"mov r0, sl",0
bl 0xe68,0
"mov r4, r0",0
"mov r0, fp",0
bl 0x14b4,0
bl 0x33b0,0
"mov r1, sl",0
"mov r3, r0",0
"mov r2, r4",0
"mov r0, 1",0
bl 0xef8,0
"add r0, sp, 0x20",0
"ldr r1, [sp, 4]",0
"mov r2, 0x68                ; 'h'",0
bl 0xe44,0
"ldr fp, [sp, 8]",0
b 0x161c,0
"ldrb r3, [sl, 0x14]",0
"cmp r3, 0x2e",0
"ldrbeq r3, [sl, 0x15]",0
"cmp r3, 0",0
"cmpne r3, 0x2f",0
bne 0x1700,0
"mov r0, r6",0
bl 0x1048,0
"subs sl, r0, 0",0
bne 0x16f4,0
"ldr r4, [r7]",0
"cmp r4, 0",0
"moveq sl, r4",0
beq 0x1770,0
"mov r0, r6",0
bl 0x10b4,0
"str r4, [r7]",0
b 0x1788,0
"mov r0, 3",0
"add r1, sl, 0x13",0
"add r2, sp, 0xf0",0
bl 0x10a8,0
"cmp r0, 0",0
blt 0x16e0,0
"add r1, sp, 0x150",0
"ldm r1, {r0, r1}",0
b 0x1718,0
"ldr r1, [0x00001a1c]        ; [0x1a1c:4]=0xc29c",0
"mov r2, 5",0
"mov r0, 0",0
"ldr r4, [r7]",0
bl 0xe68,0
"mov r8, r0",0
"mov r0, fp",0
bl 0x14b4,0
bl 0x33b0,0
"mov r1, r4",0
"mov r3, r0",0
"mov r2, r8",0
"mov r0, 1",0
bl 0xef8,0
b 0x16bc,0
"ldr r1, [0x00001a20]        ; [0x1a20:4]=0xc2d0",0
"mov r2, 5",0
"mov r0, 0",0
"ldr sl, [r7]",0
bl 0xe68,0
"mov r8, r0",0
"mov r0, fp",0
bl 0x14b4,0
bl 0x33b0,0
"mov r1, sl",0
"mov r3, r0",0
"mov r2, r8",0
"mov r0, 1",0
bl 0xef8,0
"cmp r4, 0",0
bge 0x1698,0
"add r2, sp, 0x88",0
"mov r0, 3",0
"ldr r1, [0x00001a0c]        ; [0x1a0c:4]=0xc298",0
"str r2, [sp, 4]",0
bl 0x1078,0
"lsr r0, r0, 0x1f",0
b 0x16b4,0
"ldr r0, [0x00001a10]        ; [0x1a10:4]=0xc2b0",0
bl 0xe8c,0
"lsr r0, r0, 0x1f",0
b 0x1688,0
bl 0xfac,0
"ldr r1, [0x00001a24]        ; [0x1a24:4]=0xc2b4",0
"mov r2, 5",0
"mov r7, r0",0
"mov r0, r6",0
"ldr r4, [r7]",0
bl 0xe68,0
"mov r8, r0",0
"mov r0, fp",0
bl 0x14b4,0
bl 0x33b0,0
"mov r1, r4",0
"mov r3, r0",0
"mov r2, r8",0
"mov r0, 1",0
bl 0xef8,0
b 0x1670,0
"ldr r2, [sp, 0xc]",0
"ldr r3, [r2, 8]",0
"ldrb r2, [r3]",0
"cmp r2, 0",0
bne 0x198c,0
"ldr r0, [sp, 0xc]",0
"ldr r1, [0x00001a28]        ; [0x1a28:4]=0xc630",0
bl 0x152c,0
"add sp, sp, 0x15c",0
"pop {r4, r5, r6, r7, r8, sb, sl, fp, pc}",0
bl 0xfac,0
"ldr r1, [0x00001a1c]        ; [0x1a1c:4]=0xc29c",0
"ldr r4, [r0]",0
"mov r2, 5",0
"mov r0, 0",0
bl 0xe68,0
"mov r6, r0",0
"ldr r0, [0x00001a0c]        ; [0x1a0c:4]=0xc298",0
bl 0x33b0,0
"mov r1, r4",0
"mov r3, r0",0
"mov r2, r6",0
"mov r0, 1",0
bl 0xef8,0
b 0x1618,0
bl 0xfac,0
"ldr r1, [0x00001a2c]        ; [0x1a2c:4]=0xc274",0
"ldr r4, [r0]",0
"mov r2, 5",0
"mov r0, r5",0
bl 0xe68,0
"mov r6, r0",0
"ldr r0, [0x00001a30]        ; [0x1a30:4]=0xc294",0
bl 0x33b0,0
"mov r1, r4",0
"mov r3, r0",0
"mov r2, r6",0
"mov r0, 1",0
bl 0xef8,0
b 0x1600,0
"muleq r0, r8, r2",0
"strheq ip, [r0], -r0",0
"andeq ip, r0, r8, ror 5",0
"andeq ip, r0, r0, lsl 6",0
"muleq r0, ip, r2",0
"ldrdeq ip, sp, [r0], -r0",0
"strheq ip, [r0], -r4",0
"andeq ip, r0, r0, lsr r6",0
"andeq ip, r0, r4, ror r2",0
"muleq r0, r4, r2",0
"subs r4, r0, 0",0
"push {r3, lr}",0
beq 0x1a78,0
"ldr r3, [0x00001bc8]        ; [0x1bc8:4]=0x14dd0",0
"ldr r1, [0x00001bcc]        ; [0x1bcc:4]=0xc33c",0
"mov r2, 5",0
"mov r0, 0",0
"ldr r5, [r3]",0
bl 0xe68,0
"ldr r3, [0x00001bd0]        ; [0x1bd0:4]=0x14de4",0
"mov r2, r0",0
"mov r1, 1",0
"mov r0, r5",0
"ldr r3, [r3]",0
bl 0xff4,0
"mov r0, r4",0
bl 0xf88,0
"ldr r1, [0x00001bd4]        ; [0x1bd4:4]=0xc364",0
"mov r2, 5",0
bl 0xe68,0
"ldr r6, [0x00001bd0]        ; [0x1bd0:4]=0x14de4",0
"ldr r5, [0x00001bd8]        ; [0x1bd8:4]=0x14dd4",0
"mov r1, r0",0
"ldr r2, [r6]",0
"mov r0, 1",0
bl 0xfdc,0
"mov r2, 5",0
"ldr r1, [0x00001bdc]        ; [0x1bdc:4]=0xc37c",0
"mov r0, r4",0
bl 0xe68,0
"ldr r1, [r5]",0
bl 0xdf0,0
"mov r2, 5",0
"ldr r1, [0x00001be0]        ; [0x1be0:4]=0xc3b8",0
"mov r0, r4",0
bl 0xe68,0
"ldr r1, [r5]",0
bl 0xdf0,0
"mov r2, 5",0
"ldr r1, [0x00001be4]        ; [0x1be4:4]=0xc428",0
"mov r0, r4",0
bl 0xe68,0
"ldr r1, [r5]",0
bl 0xdf0,0
"mov r2, 5",0
"ldr r1, [0x00001be8]        ; [0x1be8:4]=0xc458",0
"mov r0, r4",0
bl 0xe68,0
"ldr r1, [r5]",0
bl 0xdf0,0
"ldr r1, [0x00001bec]        ; [0x1bec:4]=0xc490",0
"mov r2, 5",0
"mov r0, r4",0
bl 0xe68,0
"ldr r2, [0x00001bf0]        ; [0x1bf0:4]=0xc550",0
"mov r1, r0",0
"mov r0, 1",0
bl 0xfdc,0
"ldr r1, [0x00001bf4]        ; [0x1bf4:4]=0xc554",0
"mov r2, 5",0
"mov r0, r4",0
bl 0xe68,0
"ldr r2, [0x00001bf8]        ; [0x1bf8:4]=0xc56c",0
"mov r1, r0",0
"ldr r3, [0x00001bfc]        ; [0x1bfc:4]=0xc57c",0
"mov r0, 1",0
bl 0xfdc,0
"mov r0, 5",0
"mov r1, r4",0
bl 0x1024,0
"cmp r0, 0",0
beq 0x1b68,0
"ldr r1, [0x00001c00]        ; [0x1c00:4]=0xc5a4",0
"mov r2, 3",0
bl 0x1084,0
"cmp r0, 0",0
bne 0x1b98,0
"ldr r1, [0x00001c04]        ; [0x1c04:4]=0xc5f0",0
"mov r2, 5",0
"mov r0, 0",0
bl 0xe68,0
"mov r5, r0",0
"ldr r0, [r6]",0
bl 0x1d14,0
"mov r1, r5",0
"mov r2, r0",0
"mov r0, 1",0
bl 0xfdc,0
b 0x1a70,0
"ldr r1, [0x00001c08]        ; [0x1c08:4]=0xc5a8",0
"mov r2, 5",0
"mov r0, r4",0
bl 0xe68,0
"mov r5, r0",0
"ldr r0, [r6]",0
bl 0x1d14,0
"mov r1, r5",0
"mov r2, r0",0
"mov r0, 1",0
bl 0xfdc,0
b 0x1b68,0
"ldrdeq r4, r5, [r1], -r0",0
"andeq ip, r0, ip, lsr r3",0
"andeq r4, r1, r4, ror 27",0
"andeq ip, r0, r4, ror 6",0
"ldrdeq r4, r5, [r1], -r4",0
"andeq ip, r0, ip, ror r3",0
"strheq ip, [r0], -r8",0
"andeq ip, r0, r8, lsr 8",0
"andeq ip, r0, r8, asr r4",0
"muleq r0, r0, r4",0
"andeq ip, r0, r0, asr r5",0
"andeq ip, r0, r4, asr r5",0
"andeq ip, r0, ip, ror 10",0
"andeq ip, r0, ip, ror r5",0
"andeq ip, r0, r4, lsr 11",0
"strdeq ip, sp, [r0], -r0",0
"andeq ip, r0, r8, lsr 11",0
"ldr r3, [0x00001c18]        ; [0x1c18:4]=0x14ddc",0
"str r0, [r3]",0
bx lr,0
"ldrdeq r4, r5, [r1], -ip",0
"ldr r3, [0x00001c28]        ; [0x1c28:4]=0x14ddc",0
"strb r0, [r3, 4]",0
bx lr,0
"ldrdeq r4, r5, [r1], -ip",0
"push {r4, r5, r6, lr}",0
"ldr r3, [0x00001cf8]        ; [0x1cf8:4]=0x14dd4",0
"sub sp, sp, 8",0
"ldr r0, [r3]",0
bl 0x3b48,0
"cmp r0, 0",0
beq 0x1c68,0
"ldr r4, [0x00001cfc]        ; [0x1cfc:4]=0x14ddc",0
"ldrb r3, [r4, 4]",0
"cmp r3, 0",0
beq 0x1c84,0
bl 0xfac,0
"ldr r3, [r0]",0
"cmp r3, 0x20                ; ""`\xa9\x01""",0
bne 0x1c84,0
"ldr r3, [0x00001d00]        ; [0x1d00:4]=0x14dd0",0
"ldr r0, [r3]",0
bl 0x3b48,0
"cmp r0, 0",0
bne 0x1ccc,0
"add sp, sp, 8",0
"pop {r4, r5, r6, pc}",0
"mov r0, 0",0
"ldr r1, [0x00001d04]        ; [0x1d04:4]=0xc6dc",0
"mov r2, 5",0
bl 0xe68,0
"ldr r4, [r4]",0
"mov r5, r0",0
"cmp r4, 0",0
beq 0x1cd8,0
bl 0xfac,0
"ldr r6, [r0]",0
"mov r0, r4",0
bl 0x329c,0
"str r5, [sp]",0
"mov r3, r0",0
"mov r1, r6",0
"mov r0, 0",0
"ldr r2, [0x00001d08]        ; [0x1d08:4]=0xc6e8",0
bl 0xef8,0
"ldr r3, [0x00001d0c]        ; [0x1d0c:4]=0x14d70",0
"ldr r0, [r3]",0
bl 0xe38,0
bl 0xfac,0
"mov r3, r0",0
"ldr r1, [r3]",0
"mov r0, r4",0
"ldr r2, [0x00001d10]        ; [0x1d10:4]=0xc6ec",0
"mov r3, r5",0
bl 0xef8,0
b 0x1ccc,0
"ldrdeq r4, r5, [r1], -r4",0
"ldrdeq r4, r5, [r1], -ip",0
"ldrdeq r4, r5, [r1], -r0",0
"ldrdeq ip, sp, [r0], -ip",0
"andeq ip, r0, r8, ror 13",0
"andeq r4, r1, r0, ror sp",0
"andeq ip, r0, ip, ror 13",0
"ldrb r3, [r0]",0
"cmp r3, 0x2f",0
bne 0x1d34,0
"add r2, r0, 1",0
"mov r0, r2",0
"ldrb r3, [r2], 1",0
"cmp r3, 0x2f",0
beq 0x1d24,0
"cmp r3, 0",0
bxeq lr,0
"mov r1, r0",0
"mov r2, 0",0
"cmp r3, 0x2f",0
"moveq r2, 1",0
beq 0x1d5c,0
"cmp r2, 0",0
"movne r0, r1",0
"movne r2, 0",0
"ldrb r3, [r1, 1]!",0
"cmp r3, 0",0
bne 0x1d44,0
bx lr,0
"push {r4, lr}",0
"mov r4, r0",0
bl 0xf94,0
"cmp r0, 1",0
"popls {r4, pc}",0
"add r3, r4, r0",0
"ldrb r2, [r3, -1]",0
"cmp r2, 0x2f",0
"popne {r4, pc}",0
"sub r0, r0, 1",0
"cmp r0, 1",0
"sub r3, r3, 1",0
"popeq {r4, pc}",0
"ldrb r2, [r3, -1]",0
"cmp r2, 0x2f",0
beq 0x1d90,0
"pop {r4, pc}",0
"push {r4, r5, r6, lr}",0
"subs r4, r0, 0",0
beq 0x1e2c,0
"mov r1, 0x2f                ; '/'",0
bl 0x1030,0
"subs r5, r0, 0",0
beq 0x1e18,0
"add r6, r5, 1",0
"rsb r3, r4, r6",0
"cmp r3, 6",0
ble 0x1e18,0
"sub r0, r5, 6",0
"ldr r1, [0x00001e48]        ; [0x1e48:4]=0xc728",0
"mov r2, 7",0
bl 0x1084,0
"cmp r0, 0",0
bne 0x1e18,0
"mov r0, r6",0
"ldr r1, [0x00001e4c]        ; [0x1e4c:4]=0xc730",0
"mov r2, 3",0
bl 0x1084,0
"cmp r0, 0",0
"ldreq r3, [0x00001e50]      ; [0x1e50:4]=0x14db8",0
"addeq r4, r5, 4",0
"streq r4, [r3]",0
"movne r4, r6",0
"ldr r3, [0x00001e54]        ; [0x1e54:4]=0x14de4",0
"str r4, [r3]",0
"ldr r3, [0x00001e58]        ; [0x1e58:4]=0x14dc0",0
"str r4, [r3]",0
"pop {r4, r5, r6, pc}",0
"ldr r3, [0x00001e5c]        ; [0x1e5c:4]=0x14dd0",0
"mov r1, 1",0
"mov r2, 0x37                ; '7'",0
"ldr r3, [r3]",0
"ldr r0, [0x00001e60]        ; [0x1e60:4]=0xc6f0",0
bl 0xeb0,0
bl 0x1090,0
"andeq ip, r0, r8, lsr 14",0
"andeq ip, r0, r0, lsr r7",0
"strheq r4, [r1], -r8",0
"andeq r4, r1, r4, ror 27",0
"andeq r4, r1, r0, asr 27",0
"ldrdeq r4, r5, [r1], -r0",0
"strdeq ip, sp, [r0], -r0",0
"push {r3, lr}",0
"mov r2, 0",0
"mov r3, r0",0
"str r2, [r3], 4",0
"add r3, r3, 4",0
"str r2, [r3], 4",0
"str r2, [r3], 4",0
"str r2, [r3], 4",0
"str r2, [r3], 4",0
"str r2, [r3], 4",0
"str r2, [r3], 4",0
"str r2, [r3], 4",0
"str r2, [r3], 4",0
"str r2, [r3], 4",0
"cmp r1, 8",0
"str r2, [r0, 4]",0
"str r2, [r3]",0
beq 0x1eb4,0
"str r1, [r0]",0
"pop {r3, pc}",0
bl 0x1090,0
"push {r3, r4, r5, lr}",0
"mov r4, r0",0
"mov r5, r1",0
bl 0x3bcc,0
"ldrb r2, [r0]",0
"bic r2, r2, 0x20",0
"cmp r2, 0x55",0
bne 0x1f38,0
"ldrb r2, [r0, 1]",0
"bic r2, r2, 0x20",0
"cmp r2, 0x54",0
bne 0x1f68,0
"ldrb r2, [r0, 2]",0
"bic r2, r2, 0x20",0
"cmp r2, 0x46",0
bne 0x1f68,0
"ldrb r2, [r0, 3]",0
"cmp r2, 0x2d",0
bne 0x1f68,0
"ldrb r2, [r0, 4]",0
"cmp r2, 0x38",0
bne 0x1f68,0
"ldrb r3, [r0, 5]",0
"cmp r3, 0",0
bne 0x1f68,0
"ldrb r0, [r4]",0
"ldr r3, [0x00001fc8]        ; [0x1fc8:4]=0xc78c",0
"ldr r2, [0x00001fcc]        ; [0x1fcc:4]=0xc778",0
"cmp r0, 0x60",0
"movne r0, r2",0
"moveq r0, r3",0
"pop {r3, r4, r5, pc}",0
"cmp r2, 0x47",0
bne 0x1f68,0
"ldrb r2, [r0, 1]",0
"bic r2, r2, 0x20",0
"cmp r2, 0x42",0
bne 0x1f68,0
"ldrb r2, [r0, 2]",0
"cmp r2, 0x31",0
bne 0x1f68,0
"ldrb r2, [r0, 3]",0
"cmp r2, 0x38",0
beq 0x1f7c,0
"ldr r3, [0x00001fd0]        ; [0x1fd0:4]=0xc784",0
"cmp r5, 7",0
"ldr r0, [0x00001fd4]        ; [0x1fd4:4]=0xc780",0
"moveq r0, r3",0
"pop {r3, r4, r5, pc}",0
"ldrb r2, [r0, 4]",0
"cmp r2, 0x30",0
bne 0x1f68,0
"ldrb r2, [r0, 5]",0
"cmp r2, 0x33",0
bne 0x1f68,0
"ldrb r2, [r0, 6]",0
"cmp r2, 0x30",0
bne 0x1f68,0
"ldrb r3, [r0, 7]",0
"cmp r3, 0",0
bne 0x1f68,0
"ldrb r0, [r4]",0
"ldr r3, [0x00001fd8]        ; [0x1fd8:4]=0xc788",0
"ldr r2, [0x00001fdc]        ; [0x1fdc:4]=0xc77c",0
"cmp r0, 0x60",0
"movne r0, r2",0
"moveq r0, r3",0
"pop {r3, r4, r5, pc}",0
"andeq ip, r0, ip, lsl 15",0
"andeq ip, r0, r8, ror r7",0
"andeq ip, r0, r4, lsl 15",0
"andeq ip, r0, r0, lsl 15",0
"andeq ip, r0, r8, lsl 15",0
"andeq ip, r0, ip, ror r7",0
"push {r4, r5, r6, r7, r8, sb, sl, fp, lr}",0
"sub sp, sp, 0x6c",0
"mov fp, r3",0
"str r0, [sp, 0x2c]",0
"mov sb, r1",0
"str r2, [sp, 0x24]",0
bl 0xec8,0
"ldr ip, [sp, 0x94]",0
"str r0, [sp, 0x3c]",0
"lsr r3, ip, 1",0
"ldr ip, [sp, 0x90]",0
"and r3, r3, 1",0
"str r3, [sp, 0x28]",0
"cmp ip, 8",0
"ldrls pc, [pc, ip, lsl 2]   ; [0x2020:4]=0xa0f8",0
b 0x20f4,0
"strdeq sl, fp, [r0], -r8",0
"strheq sl, [r0], -r4",0
"andeq sl, r0, r4, lsr r8",0
"andeq sl, r0, r4, ror r8",0
"andeq sl, r0, r4, ror 17",0
"andeq sl, r0, ip, lsl 18",0
"andeq sl, r0, r4, asr 32",0
"andeq sl, r0, r4, asr 32",0
"andeq sl, r0, r4, asr 32",0
"ldr ip, [sp, 0x90]",0
"cmp ip, 8",0
beq 0x2090,0
"ldr r4, [0x00002c9c]        ; [0x2c9c:4]=0xc790",0
"mov r0, 0",0
"mov r1, r4",0
"mov r2, 5",0
bl 0xe68,0
"cmp r0, r4",0
"str r0, [sp, 0x9c]",0
beq 0x2c40,0
"ldr r4, [0x00002ca0]        ; [0x2ca0:4]=0xc780",0
"mov r0, 0",0
"mov r1, r4",0
"mov r2, 5",0
bl 0xe68,0
"cmp r0, r4",0
"str r0, [sp, 0xa0]",0
beq 0x2c58,0
"ldr ip, [sp, 0x28]",0
"cmp ip, 0",0
"movne r4, 0",0
bne 0x20d4,0
"ldr r1, [sp, 0x9c]",0
"ldrb r3, [r1]",0
"cmp r3, 0",0
beq 0x2c50,0
"mov r2, r1",0
"ldr r1, [sp, 0x2c]",0
"mov r4, ip",0
"cmp sb, r4",0
"strbhi r3, [r1, r4]",0
"ldrb r3, [r2, 1]!",0
"add r4, r4, 1",0
"cmp r3, 0",0
bne 0x20bc,0
"ldr r0, [sp, 0xa0]",0
bl 0xf94,0
"ldr ip, [sp, 0xa0]",0
"str r0, [sp, 0x20]",0
"str ip, [sp, 0x34]",0
"mov ip, 1",0
"str ip, [sp, 0x1c]",0
b 0x2110,0
bl 0x1090,0
"mov ip, 0",0
"str ip, [sp, 0x28]",0
"str ip, [sp, 0x1c]",0
"str ip, [sp, 0x20]",0
"str ip, [sp, 0x34]",0
"mov r4, ip",0
"ldr ip, [sp, 0x28]",0
"ldr r1, [sp, 0x28]",0
"eor r2, ip, 1",0
"ldr ip, [sp, 0x1c]",0
"mov sl, 0",0
"eor r3, ip, 1",0
"and r3, r2, r3",0
"and ip, r1, ip",0
"str r3, [sp, 0x30]",0
"str ip, [sp, 0x40]",0
"cmn fp, 1",0
beq 0x24c4,0
"subs r3, sl, fp",0
"movne r3, 1",0
"cmp r3, 0",0
beq 0x24dc,0
"ldr ip, [sp, 0x20]",0
"adds r8, ip, 0",0
"ldr ip, [sp, 0x1c]",0
"movne r8, 1",0
"ands r7, r8, ip",0
bne 0x2930,0
"ldr ip, [sp, 0x24]",0
"add r6, ip, sl",0
"ldrb r5, [r6]",0
"cmp r5, 0x7e",0
"ldrls pc, [pc, r5, lsl 2]   ; [0x2180:4]=0xa648",0
b 0x26cc,0
"andeq sl, r0, r8, asr 12",0
"andeq sl, r0, ip, asr 13",0
"andeq sl, r0, ip, asr 13",0
"andeq sl, r0, ip, asr 13",0
"andeq sl, r0, ip, asr 13",0
"andeq sl, r0, ip, asr 13",0
"andeq sl, r0, ip, asr 13",0
"andeq sl, r0, r0, asr 12",0
"andeq sl, r0, r8, lsr r6",0
"andeq sl, r0, r0, lsr r6",0
"andeq sl, r0, r8, lsr 12",0
"andeq sl, r0, r0, lsr 12",0
"andeq sl, r0, r8, lsl r6",0
"andeq sl, r0, r4, ror 11",0
"andeq sl, r0, ip, asr 13",0
"andeq sl, r0, ip, asr 13",0
"andeq sl, r0, ip, asr 13",0
"andeq sl, r0, ip, asr 13",0
"andeq sl, r0, ip, asr 13",0
"andeq sl, r0, ip, asr 13",0
"andeq sl, r0, ip, asr 13",0
"andeq sl, r0, ip, asr 13",0
"andeq sl, r0, ip, asr 13",0
"andeq sl, r0, ip, asr 13",0
"andeq sl, r0, ip, asr 13",0
"andeq sl, r0, ip, asr 13",0
"andeq sl, r0, ip, asr 13",0
"andeq sl, r0, ip, asr 13",0
"andeq sl, r0, ip, asr 13",0
"andeq sl, r0, ip, asr 13",0
"andeq sl, r0, ip, asr 13",0
"andeq sl, r0, ip, asr 13",0
"andeq sl, r0, r8, ror r5",0
"andeq sl, r0, r8, ror r5",0
"andeq sl, r0, r8, ror r5",0
"andeq sl, r0, r0, ror r5",0
"andeq sl, r0, r8, ror r5",0
"andeq sl, r0, ip, asr 8",0
"andeq sl, r0, r8, ror r5",0
"ldrdeq sl, fp, [r0], -ip",0
"andeq sl, r0, r8, ror r5",0
"andeq sl, r0, r8, ror r5",0
"andeq sl, r0, r8, ror r5",0
"andeq sl, r0, ip, asr 8",0
"andeq sl, r0, ip, asr 8",0
"andeq sl, r0, ip, asr 8",0
"andeq sl, r0, ip, asr 8",0
"andeq sl, r0, ip, asr 8",0
"andeq sl, r0, ip, asr 8",0
"andeq sl, r0, ip, asr 8",0
"andeq sl, r0, ip, asr 8",0
"andeq sl, r0, ip, asr 8",0
"andeq sl, r0, ip, asr 8",0
"andeq sl, r0, ip, asr 8",0
"andeq sl, r0, ip, asr 8",0
"andeq sl, r0, ip, asr 8",0
"andeq sl, r0, ip, asr 8",0
"andeq sl, r0, ip, asr 8",0
"andeq sl, r0, ip, asr 8",0
"andeq sl, r0, r8, ror r5",0
"andeq sl, r0, r8, ror r5",0
"andeq sl, r0, r8, ror r5",0
"andeq sl, r0, r8, ror r5",0
"andeq sl, r0, ip, ror r3",0
"andeq sl, r0, ip, asr 13",0
"andeq sl, r0, ip, asr 8",0
"andeq sl, r0, ip, asr 8",0
"andeq sl, r0, ip, asr 8",0
"andeq sl, r0, ip, asr 8",0
"andeq sl, r0, ip, asr 8",0
"andeq sl, r0, ip, asr 8",0
"andeq sl, r0, ip, asr 8",0
"andeq sl, r0, ip, asr 8",0
"andeq sl, r0, ip, asr 8",0
"andeq sl, r0, ip, asr 8",0
"andeq sl, r0, ip, asr 8",0
"andeq sl, r0, ip, asr 8",0
"andeq sl, r0, ip, asr 8",0
"andeq sl, r0, ip, asr 8",0
"andeq sl, r0, ip, asr 8",0
"andeq sl, r0, ip, asr 8",0
"andeq sl, r0, ip, asr 8",0
"andeq sl, r0, ip, asr 8",0
"andeq sl, r0, ip, asr 8",0
"andeq sl, r0, ip, asr 8",0
"andeq sl, r0, ip, asr 8",0
"andeq sl, r0, ip, asr 8",0
"andeq sl, r0, ip, asr 8",0
"andeq sl, r0, ip, asr 8",0
"andeq sl, r0, ip, asr 8",0
"andeq sl, r0, ip, asr 8",0
"andeq sl, r0, r8, ror r5",0
"andeq sl, r0, r0, asr 15",0
"andeq sl, r0, ip, asr 8",0
"andeq sl, r0, r8, ror r5",0
"andeq sl, r0, ip, asr 8",0
"andeq sl, r0, r8, ror r5",0
"andeq sl, r0, ip, asr 8",0
"andeq sl, r0, ip, asr 8",0
"andeq sl, r0, ip, asr 8",0
"andeq sl, r0, ip, asr 8",0
"andeq sl, r0, ip, asr 8",0
"andeq sl, r0, ip, asr 8",0
"andeq sl, r0, ip, asr 8",0
"andeq sl, r0, ip, asr 8",0
"andeq sl, r0, ip, asr 8",0
"andeq sl, r0, ip, asr 8",0
"andeq sl, r0, ip, asr 8",0
"andeq sl, r0, ip, asr 8",0
"andeq sl, r0, ip, asr 8",0
"andeq sl, r0, ip, asr 8",0
"andeq sl, r0, ip, asr 8",0
"andeq sl, r0, ip, asr 8",0
"andeq sl, r0, ip, asr 8",0
"andeq sl, r0, ip, asr 8",0
"andeq sl, r0, ip, asr 8",0
"andeq sl, r0, ip, asr 8",0
"andeq sl, r0, ip, asr 8",0
"andeq sl, r0, ip, asr 8",0
"andeq sl, r0, ip, asr 8",0
"andeq sl, r0, ip, asr 8",0
"andeq sl, r0, ip, asr 8",0
"andeq sl, r0, ip, asr 8",0
"andeq sl, r0, r8, asr r5",0
"andeq sl, r0, r8, ror r5",0
"andeq sl, r0, r8, asr r5",0
"andeq sl, r0, r0, ror r5",0
"ldr ip, [sp, 0x90]",0
"cmp ip, 2",0
beq 0x2b64,0
"cmp ip, 3",0
bne 0x244c,0
"ldr ip, [sp, 0x94]",0
"tst ip, 4",0
beq 0x244c,0
"add r3, sl, 2",0
"cmp fp, r3",0
bls 0x244c,0
"ldrb r2, [r6, 1]",0
"cmp r2, 0x3f",0
bne 0x244c,0
"ldr ip, [sp, 0x24]",0
"ldrb r0, [ip, r3]",0
"sub r1, r0, 0x21",0
"and ip, r1, 0xff",0
"cmp ip, 0x1d",0
bhi 0x244c,0
"lsl r1, r1, 0x18",0
"asr r1, r1, 0x18",0
"mov ip, 1",0
"lsl ip, ip, r1",0
"ldr r1, [0x00002ca4]        ; [0x2ca4:4]=0x380051c1",0
"and r1, ip, r1",0
"cmp r1, 0",0
beq 0x244c,0
"ldr ip, [sp, 0x28]",0
"cmp ip, 0",0
bne 0x2594,0
"cmp r4, sb",0
"ldrlo ip, [sp, 0x2c]",0
"mov r5, r0",0
"strblo r2, [ip, r4]",0
"add r2, r4, 1",0
"cmp sb, r2",0
"ldrhi ip, [sp, 0x2c]",0
"movhi r1, 0x22              ; '""'",0
"strbhi r1, [ip, r2]",0
"add r2, r4, 2",0
"cmp sb, r2",0
"ldrhi ip, [sp, 0x2c]",0
"movhi r1, 0x22              ; '""'",0
"strbhi r1, [ip, r2]",0
"add r2, r4, 3",0
"cmp sb, r2",0
"ldrhi ip, [sp, 0x2c]",0
"movhi r1, 0x3f              ; '?'",0
"strbhi r1, [ip, r2]",0
"add r4, r4, 4",0
"mov sl, r3",0
"ldr ip, [sp, 0x30]",0
"cmp ip, 0",0
bne 0x2480,0
"ldr ip, [sp, 0x98]",0
"cmp ip, 0",0
beq 0x2480,0
"lsr r3, r5, 5",0
"and r3, r3, 0xff",0
"ldr r2, [ip, r3, lsl 2]",0
"and r3, r5, 0x1f",0
"lsr r3, r2, r3",0
"tst r3, 1",0
bne 0x2488,0
"cmp r7, 0",0
beq 0x24a8,0
"ldr ip, [sp, 0x28]",0
"cmp ip, 0",0
bne 0x2594,0
"cmp r4, sb",0
"ldrlo ip, [sp, 0x2c]",0
"movlo r3, 0x5c              ; '\'",0
"strblo r3, [ip, r4]",0
"add r4, r4, 1",0
"add sl, sl, 1",0
"cmp r4, sb",0
"ldrlo ip, [sp, 0x2c]",0
"strblo r5, [ip, r4]",0
"cmn fp, 1",0
"add r4, r4, 1",0
bne 0x2140,0
"ldr ip, [sp, 0x24]",0
"ldrb r3, [ip, sl]",0
"adds r3, r3, 0",0
"movne r3, 1",0
"cmp r3, 0",0
bne 0x2150,0
"ldr ip, [sp, 0x90]",0
"cmp r4, 0",0
"cmpeq ip, 2",0
bne 0x24f8,0
"ldr ip, [sp, 0x28]",0
"cmp ip, 0",0
bne 0x2594,0
"ldr ip, [sp, 0x28]",0
"eor r3, ip, 1",0
"ldr ip, [sp, 0x34]",0
"cmp ip, 0",0
"moveq r3, 0",0
"andne r3, r3, 1",0
"cmp r3, 0",0
beq 0x2544,0
"ldrb r3, [ip]",0
"cmp r3, 0",0
beq 0x2544,0
"ldr r1, [sp, 0x2c]",0
"mov r2, ip",0
"cmp sb, r4",0
"strbhi r3, [r1, r4]",0
"ldrb r3, [r2, 1]!",0
"add r4, r4, 1",0
"cmp r3, 0",0
bne 0x252c,0
"cmp r4, sb",0
"ldrlo ip, [sp, 0x2c]",0
"movlo r3, 0",0
"strblo r3, [ip, r4]",0
b 0x25d8,0
"cmn fp, 1",0
beq 0x2b74,0
"subs r3, fp, 1",0
"movne r3, 1",0
"cmp r3, 0",0
bne 0x244c,0
"cmp sl, 0",0
bne 0x244c,0
"ldr r3, [sp, 0x28]",0
"ldr ip, [sp, 0x90]",0
"cmp ip, 2",0
"movne r3, 0",0
"andeq r3, r3, 1",0
"cmp r3, 0",0
beq 0x244c,0
"ldr ip, [sp, 0x94]",0
"ldr r1, [sp, 0x9c]",0
"bic r3, ip, 2",0
"ldr ip, [sp, 0x90]",0
"str r3, [sp, 4]",0
"str ip, [sp]",0
"ldr ip, [sp, 0xa0]",0
"mov r3, 0",0
"str r3, [sp, 8]",0
"str r1, [sp, 0xc]",0
"str ip, [sp, 0x10]",0
"ldr r0, [sp, 0x2c]",0
"mov r1, sb",0
"ldr r2, [sp, 0x24]",0
"mov r3, fp",0
bl 0x1fe0,0
"mov r4, r0",0
"mov r0, r4",0
"add sp, sp, 0x6c",0
"pop {r4, r5, r6, r7, r8, sb, sl, fp, pc}",0
"mov r3, 0x72                ; 'r'",0
"ldr r2, [sp, 0x28]",0
"ldr ip, [sp, 0x90]",0
"cmp ip, 2",0
"movne r2, 0",0
"andeq r2, r2, 1",0
"cmp r2, 0",0
bne 0x2594,0
"ldr ip, [sp, 0x1c]",0
"cmp ip, 0",0
beq 0x244c,0
"mov r5, r3",0
b 0x2488,0
"mov r3, 0x66                ; 'f'",0
b 0x2604,0
"mov r3, 0x76                ; 'v'",0
b 0x2604,0
"mov r3, 0x6e                ; 'n'",0
b 0x25e8,0
"mov r3, 0x74                ; 't'",0
b 0x25e8,0
"mov r3, 0x62                ; 'b'",0
b 0x2604,0
"mov r3, 0x61                ; 'a'",0
b 0x2604,0
"ldr ip, [sp, 0x1c]",0
"cmp ip, 0",0
beq 0x2b50,0
"ldr ip, [sp, 0x28]",0
"cmp ip, 0",0
bne 0x2594,0
"cmp r4, sb",0
"ldrlo ip, [sp, 0x2c]",0
"movlo r3, 0x5c              ; '\'",0
"strblo r3, [ip, r4]",0
"add r3, sl, 1",0
"cmp fp, r3",0
"add r2, r4, 1",0
bls 0x26c0,0
"ldr ip, [sp, 0x24]",0
"ldrb r3, [ip, r3]",0
"cmp r3, 0x2f",0
bls 0x26c0,0
"cmp r3, 0x39",0
bhi 0x26c0,0
"cmp sb, r2",0
"ldrhi ip, [sp, 0x2c]",0
"movhi r3, 0x30              ; '0'",0
"strbhi r3, [ip, r2]",0
"add r3, r4, 2",0
"cmp sb, r3",0
"ldrhi ip, [sp, 0x2c]",0
"movhi r2, 0x30              ; '0'",0
"strbhi r2, [ip, r3]",0
"add r2, r4, 3",0
"mov r4, r2",0
"mov r5, 0x30                ; '0'",0
b 0x2458,0
"ldr ip, [sp, 0x3c]",0
"cmp ip, 1",0
bne 0x29a4,0
bl 0xf70,0
"ldr r2, [r0]",0
"lsl r3, r5, 1",0
"ldrh r2, [r2, r3]",0
"ldr ip, [sp, 0x3c]",0
"lsr r2, r2, 0xe",0
"eor r2, r2, 1",0
"str ip, [sp, 0x38]",0
"and r2, r2, 1",0
"ldr ip, [sp, 0x1c]",0
"tst r2, ip",0
beq 0x244c,0
"mov r2, 1",0
"ldr r3, [sp, 0x38]",0
"mov r0, 0x5c                ; '\'",0
"add r1, r3, sl",0
"ldr r8, [sp, 0x28]",0
"ldr r3, [sp, 0x2c]",0
"str fp, [sp, 0x38]",0
b 0x278c,0
"cmp r8, 0",0
bne 0x2b88,0
"add ip, r4, 1",0
"cmp r4, sb",0
"strblo r0, [r3, r4]",0
"cmp sb, ip",0
"lsrhi fp, r5, 6",0
"addhi fp, fp, 0x30",0
"strbhi fp, [r3, ip]",0
"add ip, r4, 2",0
"cmp sb, ip",0
"lsrhi fp, r5, 3",0
"andhi fp, fp, 7",0
"addhi fp, fp, 0x30",0
"and r5, r5, 7",0
"strbhi fp, [r3, ip]",0
"add r4, r4, 3",0
"add r5, r5, 0x30",0
"add sl, sl, 1",0
"cmp r1, sl",0
bls 0x27b8,0
"cmp r4, sb",0
"strblo r5, [r3, r4]",0
"ldrb r5, [r6, 1]!",0
"add r4, r4, 1",0
"cmp r2, 0",0
bne 0x2728,0
"cmp r7, 0",0
beq 0x2770,0
"cmp r4, sb",0
"add sl, sl, 1",0
"strblo r0, [r3, r4]",0
"cmp r1, sl",0
"add r4, r4, 1",0
"mov r7, 0",0
bhi 0x277c,0
"ldr fp, [sp, 0x38]",0
b 0x24ac,0
"ldr ip, [sp, 0x40]",0
"cmp ip, 0",0
beq 0x27d4,0
"cmp r8, 0",0
bne 0x24a8,0
"mov r3, 0x5c                ; '\'",0
b 0x25e8,0
"ldr ip, [sp, 0x90]",0
"cmp ip, 2",0
bne 0x244c,0
"ldr ip, [sp, 0x28]",0
"cmp ip, 0",0
bne 0x2594,0
"cmp r4, sb",0
"ldrlo ip, [sp, 0x2c]",0
"movlo r3, 0x27              ; '''",0
"strblo r3, [ip, r4]",0
"add r3, r4, 1",0
"cmp sb, r3",0
"ldrhi ip, [sp, 0x2c]",0
"movhi r2, 0x5c              ; '\'",0
"strbhi r2, [ip, r3]",0
"add r3, r4, 2",0
"cmp sb, r3",0
"ldrhi ip, [sp, 0x2c]",0
"movhi r2, 0x27              ; '''",0
"strbhi r2, [ip, r3]",0
"add r4, r4, 3",0
b 0x244c,0
"ldr ip, [sp, 0x28]",0
"cmp ip, 0",0
bne 0x2c68,0
"mov ip, 1",0
"cmp sb, 0",0
"str ip, [sp, 0x20]",0
beq 0x2ba0,0
"ldr ip, [sp, 0x2c]",0
"mov r3, 0x27                ; '''",0
"strb r3, [ip]",0
"ldr ip, [sp, 0x28]",0
"mov r4, 1",0
"str ip, [sp, 0x1c]",0
"ldr ip, [0x00002ca0]        ; [0x2ca0:4]=0xc780",0
"str ip, [sp, 0x34]",0
b 0x2110,0
"ldr ip, [sp, 0x28]",0
"cmp ip, 0",0
"mov ip, 1",0
"str ip, [sp, 0x1c]",0
bne 0x2c88,0
"cmp sb, 0",0
beq 0x2bb4,0
"ldr ip, [sp, 0x2c]",0
"mov r3, 0x22                ; '""'",0
"strb r3, [ip]",0
"mov ip, 1",0
"str ip, [sp, 0x20]",0
"ldr ip, [0x00002ca8]        ; [0x2ca8:4]=0xc784",0
"mov r4, 1",0
"str ip, [sp, 0x34]",0
b 0x2110,0
"mov ip, 1",0
"str ip, [sp, 0x28]",0
"mov ip, 0",0
"str ip, [sp, 0x1c]",0
"mov ip, 1",0
"str ip, [sp, 0x20]",0
"ldr ip, [0x00002ca0]        ; [0x2ca0:4]=0xc780",0
"mov r4, 0",0
"str ip, [sp, 0x34]",0
"mov ip, 2",0
"str ip, [sp, 0x90]",0
b 0x2110,0
"mov ip, 1",0
"str ip, [sp, 0x28]",0
"str ip, [sp, 0x1c]",0
"str ip, [sp, 0x20]",0
"ldr ip, [0x00002ca8]        ; [0x2ca8:4]=0xc784",0
"mov r4, 0",0
"str ip, [sp, 0x34]",0
"mov ip, 3",0
"str ip, [sp, 0x90]",0
b 0x2110,0
"mov ip, 0",0
"str ip, [sp, 0x28]",0
"mov ip, 1",0
"str ip, [sp, 0x1c]",0
"mov ip, 0",0
"str ip, [sp, 0x20]",0
"str ip, [sp, 0x34]",0
"mov r4, ip",0
b 0x2110,0
"ldr ip, [sp, 0x20]",0
"cmp ip, 1",0
"movls r3, 0",0
"movhi r3, 1",0
"cmn fp, 1",0
"movne r3, 0",0
"cmp r3, 0",0
"add r5, sl, ip",0
beq 0x2960,0
"ldr r0, [sp, 0x24]",0
bl 0xf94,0
"mov fp, r0",0
"ldr ip, [sp, 0x24]",0
"cmp fp, r5",0
"add r6, ip, sl",0
blo 0x299c,0
"mov r0, r6",0
"ldr r1, [sp, 0x34]",0
"ldr r2, [sp, 0x20]",0
bl 0xe5c,0
"cmp r0, 0",0
bne 0x299c,0
"ldr ip, [sp, 0x28]",0
"cmp ip, 0",0
bne 0x2594,0
"mov r7, 1",0
b 0x2170,0
"mov r7, 0",0
b 0x2170,0
"mov r3, 0",0
"cmn fp, 1",0
"str r3, [sp, 0x60]",0
"str r3, [sp, 0x64]",0
beq 0x2b90,0
"ldr r2, [sp, 0x24]",0
"mov r1, 0",0
"mov ip, 1",0
"sub r2, r2, 1",0
"str r5, [sp, 0x4c]",0
"str r6, [sp, 0x54]",0
"str r1, [sp, 0x38]",0
"str r2, [sp, 0x44]",0
"str r4, [sp, 0x48]",0
"str r7, [sp, 0x50]",0
"mov r5, r1",0
"mov r6, ip",0
"ldr ip, [sp, 0x24]",0
"add r8, r5, sl",0
"add r4, ip, r8",0
"add r0, sp, 0x5c",0
"mov r1, r4",0
"rsb r2, r8, fp",0
"add r3, sp, 0x60",0
bl 0xeec,0
"subs r7, r0, 0",0
beq 0x2b18,0
"cmn r7, 1",0
beq 0x2bc8,0
"cmn r7, 2",0
beq 0x2be4,0
"ldr r3, [sp, 0x28]",0
"ldr ip, [sp, 0x90]",0
"cmp ip, 2",0
"movne r3, 0",0
"andeq r3, r3, 1",0
"cmp r3, 0",0
beq 0x2af4,0
"cmp r7, 1",0
bls 0x2af4,0
"ldr ip, [sp, 0x44]",0
"add r3, ip, r7",0
"add r8, r3, r8",0
"ldrb r3, [r4, 1]!",0
"sub r3, r3, 0x5b",0
"cmp r3, 0x21",0
"ldrls pc, [pc, r3, lsl 2]   ; [0x2a64:4]=0xa594",0
b 0x2aec,0
"muleq r0, r4, r5",0
"muleq r0, r4, r5",0
"andeq sl, r0, ip, ror 21",0
"muleq r0, r4, r5",0
"andeq sl, r0, ip, ror 21",0
"muleq r0, r4, r5",0
"andeq sl, r0, ip, ror 21",0
"andeq sl, r0, ip, ror 21",0
"andeq sl, r0, ip, ror 21",0
"andeq sl, r0, ip, ror 21",0
"andeq sl, r0, ip, ror 21",0
"andeq sl, r0, ip, ror 21",0
"andeq sl, r0, ip, ror 21",0
"andeq sl, r0, ip, ror 21",0
"andeq sl, r0, ip, ror 21",0
"andeq sl, r0, ip, ror 21",0
"andeq sl, r0, ip, ror 21",0
"andeq sl, r0, ip, ror 21",0
"andeq sl, r0, ip, ror 21",0
"andeq sl, r0, ip, ror 21",0
"andeq sl, r0, ip, ror 21",0
"andeq sl, r0, ip, ror 21",0
"andeq sl, r0, ip, ror 21",0
"andeq sl, r0, ip, ror 21",0
"andeq sl, r0, ip, ror 21",0
"andeq sl, r0, ip, ror 21",0
"andeq sl, r0, ip, ror 21",0
"andeq sl, r0, ip, ror 21",0
"andeq sl, r0, ip, ror 21",0
"andeq sl, r0, ip, ror 21",0
"andeq sl, r0, ip, ror 21",0
"andeq sl, r0, ip, ror 21",0
"andeq sl, r0, ip, ror 21",0
"muleq r0, r4, r5",0
"cmp r4, r8",0
bne 0x2a50,0
"ldr r0, [sp, 0x5c]",0
bl 0xe98,0
"cmp r0, 0",0
"add r0, sp, 0x60",0
"moveq r6, 0",0
bl 0xe50,0
"cmp r0, 0",0
"add r5, r5, r7",0
beq 0x29e8,0
"mov ip, r6",0
"str r5, [sp, 0x38]",0
"eor r2, ip, 1",0
"ldr r4, [sp, 0x48]",0
"ldr r7, [sp, 0x50]",0
"ldr r5, [sp, 0x4c]",0
"ldr r6, [sp, 0x54]",0
"and r2, r2, 0xff",0
"ldr r1, [sp, 0x38]",0
"cmp r1, 1",0
bls 0x26fc,0
"ldr ip, [sp, 0x1c]",0
"and r2, r2, ip",0
b 0x270c,0
"ldr ip, [sp, 0x94]",0
"tst ip, 1",0
"addne sl, sl, 1",0
bne 0x2138,0
b 0x244c,0
"ldr ip, [sp, 0x28]",0
"cmp ip, 0",0
beq 0x244c,0
b 0x2594,0
"ldr ip, [sp, 0x24]",0
"ldrb r3, [ip, 1]",0
"adds r3, r3, 0",0
"movne r3, 1",0
b 0x2568,0
"ldr fp, [sp, 0x38]",0
b 0x2594,0
"ldr r0, [sp, 0x24]",0
bl 0xf94,0
"mov fp, r0",0
b 0x29b8,0
"ldr ip, [0x00002ca0]        ; [0x2ca0:4]=0xc780",0
"str sb, [sp, 0x1c]",0
"str ip, [sp, 0x34]",0
"mov r4, 1",0
b 0x2110,0
"str ip, [sp, 0x20]",0
"ldr ip, [0x00002ca8]        ; [0x2ca8:4]=0xc784",0
"mov r4, 1",0
"str ip, [sp, 0x34]",0
b 0x2110,0
"str r5, [sp, 0x38]",0
"ldr r4, [sp, 0x48]",0
"ldr r7, [sp, 0x50]",0
"ldr r5, [sp, 0x4c]",0
"ldr r6, [sp, 0x54]",0
"mov r2, 1",0
b 0x2b38,0
"cmp fp, r8",0
"str r5, [sp, 0x38]",0
"mov ip, r4",0
"ldr r7, [sp, 0x50]",0
"ldr r5, [sp, 0x4c]",0
"ldr r4, [sp, 0x48]",0
"ldr r6, [sp, 0x54]",0
bls 0x2c38,0
"ldrb r3, [ip]",0
"cmp r3, 0",0
beq 0x2c38,0
"ldr r3, [sp, 0x38]",0
b 0x2c24,0
"ldrb r2, [r6, r3]",0
"cmp r2, 0",0
beq 0x2c34,0
"add r3, r3, 1",0
"add r2, sl, r3",0
"cmp r2, fp",0
blo 0x2c18,0
"str r3, [sp, 0x38]",0
"mov r2, 1",0
b 0x2b38,0
"ldr r1, [sp, 0x90]",0
bl 0x1eb8,0
"str r0, [sp, 0x9c]",0
b 0x2070,0
"ldr r4, [sp, 0x28]",0
b 0x20d4,0
"ldr r1, [sp, 0x90]",0
bl 0x1eb8,0
"str r0, [sp, 0xa0]",0
b 0x2090,0
"mov ip, 0",0
"str ip, [sp, 0x1c]",0
"mov ip, 1",0
"str ip, [sp, 0x20]",0
"ldr ip, [0x00002ca0]        ; [0x2ca0:4]=0xc780",0
"mov r4, 0",0
"str ip, [sp, 0x34]",0
b 0x2110,0
"str ip, [sp, 0x20]",0
"ldr ip, [0x00002ca8]        ; [0x2ca8:4]=0xc784",0
"mov r4, 0",0
"str ip, [sp, 0x34]",0
b 0x2110,0
"muleq r0, r0, r7",0
"andeq ip, r0, r0, lsl 15",0
"stmdalo r0, {r0, r6, r7, r8, ip, lr}",0
"andeq ip, r0, r4, lsl 15",0
"push {r4, r5, r6, r7, r8, sb, sl, fp, lr}",0
"sub sp, sp, 0x2c",0
"mov r6, r0",0
"mov sl, r1",0
"mov sb, r2",0
"mov r4, r3",0
bl 0xfac,0
"ldr r7, [0x00002e54]        ; [0x2e54:4]=0x14d74 ; ""tM\x01""",0
"mov r8, r0",0
"ldr r0, [r0]",0
"cmp r6, 0",0
"str r0, [sp, 0x24]",0
"ldr r5, [r7]",0
blt 0x2e4c,0
"ldr r3, [r7, 4]",0
"cmp r6, r3",0
blo 0x2d38,0
"add fp, r6, 1",0
"cmn fp, 0xe0000001",0
bhi 0x2e50,0
"add r3, r7, 8",0
"cmp r5, r3",0
beq 0x2e24,0
"mov r0, r5",0
"lsl r1, fp, 3",0
bl 0x3924,0
"mov r5, r0",0
"str r0, [r7]",0
"ldr r0, [r7, 4]",0
"mov r1, 0",0
"rsb r2, r0, fp",0
"lsl r2, r2, 3",0
"add r0, r5, r0, lsl 3",0
bl 0xfc4,0
"str fp, [r7, 4]",0
"ldr r0, [r4, 4]",0
"ldr r1, [r4]",0
"orr r0, r0, 1",0
"str r0, [sp, 0x1c]",0
"add fp, r5, r6, lsl 3",0
"ldr ip, [r5, r6, lsl 3]",0
"ldr r7, [fp, 4]",0
"ldr r2, [r4, 0x28]",0
"ldr r3, [r4, 0x2c]",0
"str r1, [sp]",0
"ldr r1, [sp, 0x1c]",0
"add r0, r4, 8",0
"str r0, [sp, 0x20]",0
"str r1, [sp, 4]",0
"str r0, [sp, 8]",0
"str r2, [sp, 0xc]",0
"str r3, [sp, 0x10]",0
"mov r1, ip",0
"mov r0, r7",0
"mov r2, sl",0
"mov r3, sb",0
"str ip, [sp, 0x18]",0
bl 0x1fe0,0
"ldr ip, [sp, 0x18]",0
"cmp ip, r0",0
bhi 0x2e10,0
"ldr r3, [0x00002e58]        ; [0x2e58:4]=0x14de8",0
"add r1, r0, 1",0
"cmp r7, r3",0
"str r1, [r5, r6, lsl 3]",0
beq 0x2dc4,0
"mov r0, r7",0
"str r1, [sp, 0x18]",0
bl 0xe2c,0
"ldr r1, [sp, 0x18]",0
"mov r0, r1",0
"str r1, [sp, 0x18]",0
bl 0x38cc,0
"ldr r2, [r4]",0
"ldr r3, [r4, 0x28]",0
"ldr ip, [r4, 0x2c]",0
"str r0, [fp, 4]",0
"str r2, [sp]",0
"ldr r2, [sp, 0x1c]",0
"str r3, [sp, 0xc]",0
"str r2, [sp, 4]",0
"ldr r2, [sp, 0x20]",0
"ldr r1, [sp, 0x18]",0
"str r2, [sp, 8]",0
"str ip, [sp, 0x10]",0
"mov r2, sl",0
"mov r3, sb",0
"mov r7, r0",0
bl 0x1fe0,0
"ldr r3, [sp, 0x24]",0
"mov r0, r7",0
"str r3, [r8]",0
"add sp, sp, 0x2c",0
"pop {r4, r5, r6, r7, r8, sb, sl, fp, pc}",0
"lsl r1, fp, 3",0
"mov r0, 0",0
"str r3, [sp, 0x18]",0
bl 0x3924,0
"ldr r3, [sp, 0x18]",0
"mov r5, r0",0
"str r0, [r7]",0
"ldm r3, {r0, r1}",0
"stm r5, {r0, r1}",0
b 0x2d1c,0
bl 0x1090,0
bl 0x3ad4,0
"andeq r4, r1, r4, ror sp",0
"andeq r4, r1, r8, ror 27",0
"push {r4, r5, r6, lr}",0
"mov r5, r0",0
bl 0xfac,0
"cmp r5, 0",0
"ldr r6, [r0]",0
"mov r4, r0",0
"mov r1, 0x30                ; '0'",0
"ldr r0, [0x00002e8c]        ; [0x2e8c:4]=0x14ee8",0
"movne r0, r5",0
bl 0x3a94,0
"str r6, [r4]",0
"pop {r4, r5, r6, pc}",0
"andeq r4, r1, r8, ror 29",0
"ldr r3, [0x00002ea4]        ; [0x2ea4:4]=0x14ee8",0
"cmp r0, 0",0
"moveq r0, r3",0
"ldr r0, [r0]",0
bx lr,0
"andeq r4, r1, r8, ror 29",0
"ldr r3, [0x00002ebc]        ; [0x2ebc:4]=0x14ee8",0
"cmp r0, 0",0
"moveq r0, r3",0
"str r1, [r0]",0
bx lr,0
"andeq r4, r1, r8, ror 29",0
"ldr r3, [0x00002f00]        ; [0x2f00:4]=0x14ee8",0
"cmp r0, 0",0
"lsr ip, r1, 5",0
"movne r3, r0",0
"add ip, ip, 2",0
"str r4, [sp, -4]!",0
"ldr r4, [r3, ip, lsl 2]",0
"and r1, r1, 0x1f",0
"lsr r0, r4, r1",0
"and r2, r2, 1",0
"and r0, r0, 1",0
"eor r2, r0, r2",0
"eor r1, r4, r2, lsl r1",0
"str r1, [r3, ip, lsl 2]",0
"ldm sp!, {r4}",0
bx lr,0
"andeq r4, r1, r8, ror 29",0
"ldr r3, [0x00002f1c]        ; [0x2f1c:4]=0x14ee8",0
"cmp r0, 0",0
"movne r3, r0",0
"ldr r0, [r3, 4]",0
"str r1, [r3, 4]",0
bx lr,0
"andeq r4, r1, r8, ror 29",0
"push {r3, lr}",0
"ldr r3, [0x00002f50]        ; [0x2f50:4]=0x14ee8",0
"cmp r0, 0",0
"moveq r0, r3",0
"cmp r1, 0",0
"cmpne r2, 0",0
"mov r3, 8",0
"str r3, [r0]",0
"strne r1, [r0, 0x28]",0
"strne r2, [r0, 0x2c]",0
"popne {r3, pc}",0
bl 0x1090,0
"andeq r4, r1, r8, ror 29",0
"push {r4, r5, r6, r7, r8, sb, sl, lr}",0
"sub sp, sp, 0x18",0
"ldr r4, [sp, 0x38]",0
"mov r7, r0",0
"ldr r0, [0x00002fcc]        ; [0x2fcc:4]=0x14ee8",0
"cmp r4, 0",0
"moveq r4, r0",0
"mov sl, r2",0
"mov r8, r3",0
"mov sb, r1",0
bl 0xfac,0
"ldr r3, [r4]",0
"ldr r6, [r0]",0
"str r3, [sp]",0
"ldr r2, [r4, 4]",0
"add r3, r4, 8",0
"stmib sp, {r2, r3}",0
"ldr r3, [r4, 0x28]",0
"mov r5, r0",0
"str r3, [sp, 0xc]",0
"ldr r3, [r4, 0x2c]",0
"mov r0, r7",0
"str r3, [sp, 0x10]",0
"mov r1, sb",0
"mov r2, sl",0
"mov r3, r8",0
bl 0x1fe0,0
"str r6, [r5]",0
"add sp, sp, 0x18",0
"pop {r4, r5, r6, r7, r8, sb, sl, pc}",0
"andeq r4, r1, r8, ror 29",0
"push {r4, r5, r6, r7, r8, sb, sl, fp, lr}",0
"cmp r3, 0",0
"sub sp, sp, 0x24",0
"ldr r4, [0x00003098]        ; [0x3098:4]=0x14ee8",0
"mov r5, r2",0
"movne r4, r3",0
"mov r6, r1",0
"mov r7, r0",0
bl 0xfac,0
"ldm r4, {r3, sb}",0
"add sl, r4, 8",0
"cmp r5, 0",0
"orreq sb, sb, 1",0
"ldr r2, [r0]",0
"stm sp, {r3, sb, sl}",0
"ldr r3, [r4, 0x28]",0
"mov r8, r0",0
"str r3, [sp, 0xc]",0
"ldr ip, [r4, 0x2c]",0
"mov r0, 0",0
"str ip, [sp, 0x10]",0
"mov r3, r6",0
"str r2, [sp, 0x1c]",0
"mov r1, r0",0
"mov r2, r7",0
bl 0x1fe0,0
"add r1, r0, 1",0
"mov fp, r0",0
"mov r0, r1",0
"str r1, [sp, 0x18]",0
bl 0x38cc,0
"ldr r3, [r4]",0
"ldr r1, [sp, 0x18]",0
"stm sp, {r3, sb, sl}",0
"ldr r3, [r4, 0x28]",0
"mov r2, r7",0
"str r3, [sp, 0xc]",0
"ldr r3, [r4, 0x2c]",0
"str r0, [sp, 0x18]",0
"str r3, [sp, 0x10]",0
"mov r3, r6",0
bl 0x1fe0,0
"ldr ip, [sp, 0x18]",0
"ldr r3, [sp, 0x1c]",0
"cmp r5, 0",0
"str r3, [r8]",0
"mov r0, ip",0
"strne fp, [r5]",0
"add sp, sp, 0x24",0
"pop {r4, r5, r6, r7, r8, sb, sl, fp, pc}",0
"andeq r4, r1, r8, ror 29",0
"mov r3, r2",0
"mov r2, 0",0
b 0x2fd0,0
"push {r4, r5, r6, r7, r8, lr}",0
"ldr r7, [0x00003128]        ; [0x3128:4]=0x14d74 ; ""tM\x01""",0
"ldr r6, [r7, 4]",0
"ldr r8, [r7]",0
"cmp r6, 1",0
"movhi r5, r8",0
"movhi r4, 1",0
bls 0x30e0,0
"ldr r0, [r5, 0xc]",0
"add r4, r4, 1",0
bl 0xe2c,0
"cmp r4, r6",0
"add r5, r5, 8",0
bne 0x30c8,0
"ldr r0, [r8, 4]",0
"ldr r4, [0x0000312c]        ; [0x312c:4]=0x14de8",0
"cmp r0, r4",0
beq 0x3100,0
bl 0xe2c,0
"mov r3, 0x100",0
"str r3, [r7, 8]",0
"str r4, [r7, 0xc]",0
"ldr r4, [0x00003128]        ; [0x3128:4]=0x14d74 ; ""tM\x01""",0
"add r5, r4, 8",0
"cmp r8, r5",0
beq 0x311c,0
"mov r0, r8",0
bl 0xe2c,0
"str r5, [r4]",0
"mov r3, 1",0
"str r3, [r7, 4]",0
"pop {r4, r5, r6, r7, r8, pc}",0
"andeq r4, r1, r4, ror sp",0
"andeq r4, r1, r8, ror 27",0
"ldr r3, [0x0000313c]        ; [0x313c:4]=0x14ee8",0
"mvn r2, 0",0
b 0x2cac,0
"andeq r4, r1, r8, ror 29",0
"ldr r3, [pc]                ; [0x3148:4]=0x14ee8",0
b 0x2cac,0
"andeq r4, r1, r8, ror 29",0
"mov r1, r0",0
"mov r0, 0",0
b 0x3130,0
"mov r3, r0",0
"mov r2, r1",0
"mov r0, 0",0
"mov r1, r3",0
b 0x3140,0
"push {r4, r5, lr}",0
"sub sp, sp, 0x34",0
"mov r5, r2",0
"mov r4, r0",0
"mov r0, sp",0
bl 0x1e64,0
"mov r0, r4",0
"mov r1, r5",0
"mvn r2, 0",0
"mov r3, sp",0
bl 0x2cac,0
"add sp, sp, 0x34",0
"pop {r4, r5, pc}",0
"push {r4, r5, r6, lr}",0
"sub sp, sp, 0x30",0
"mov r5, r2",0
"mov r6, r3",0
"mov r4, r0",0
"mov r0, sp",0
bl 0x1e64,0
"mov r0, r4",0
"mov r1, r5",0
"mov r2, r6",0
"mov r3, sp",0
bl 0x2cac,0
"add sp, sp, 0x30",0
"pop {r4, r5, r6, pc}",0
"mov r3, r0",0
"mov r2, r1",0
"mov r0, 0",0
"mov r1, r3",0
b 0x316c,0
"str r4, [sp, -4]!",0
"mov ip, r1",0
"mov r4, r0",0
"mov r3, r2",0
"mov r0, 0",0
"mov r1, r4",0
"mov r2, ip",0
"ldm sp!, {r4}",0
b 0x31a0,0
"push {r4, r5, r6, lr}",0
"ldr lr, [0x0000328c]        ; [0x328c:4]=0x14ee8",0
"sub sp, sp, 0x30",0
"mov ip, sp",0
"mov r4, r2",0
"mov r6, r0",0
"mov r5, r1",0
"ldm lr!, {r0, r1, r2, r3}",0
"stm ip!, {r0, r1, r2, r3}",0
"ldm lr!, {r0, r1, r2, r3}",0
"stm ip!, {r0, r1, r2, r3}",0
"ldm lr, {r0, r1, r2, r3}",0
"stm ip, {r0, r1, r2, r3}",0
"lsr ip, r4, 5",0
"add r3, sp, 0x30",0
"add ip, ip, 2",0
"add ip, r3, ip, lsl 2",0
"ldr r3, [ip, -0x30]",0
"and r4, r4, 0x1f",0
"lsr r2, r3, r4",0
"and r2, r2, 1",0
"eor r2, r2, 1",0
"eor r4, r3, r2, lsl r4",0
"mov r1, r6",0
"mov r2, r5",0
"mov r3, sp",0
"str r4, [ip, -0x30]",0
"mov r0, 0",0
bl 0x2cac,0
"add sp, sp, 0x30",0
"pop {r4, r5, r6, pc}",0
"andeq r4, r1, r8, ror 29",0
"mov r2, r1",0
"mvn r1, 0",0
b 0x3210,0
"mov r1, 0x3a                ; ':'",0
b 0x3290,0
"mov r2, 0x3a                ; ':'",0
b 0x3210,0
"push {r4, r5, r6, r7, lr}",0
"ldr lr, [0x00003310]        ; [0x3310:4]=0x14ee8",0
"sub sp, sp, 0x34",0
"mov ip, sp",0
"mov r5, r0",0
"mov r7, r1",0
"mov r6, r2",0
"mov r4, r3",0
"ldm lr!, {r0, r1, r2, r3}",0
"stm ip!, {r0, r1, r2, r3}",0
"ldm lr!, {r0, r1, r2, r3}",0
"stm ip!, {r0, r1, r2, r3}",0
"ldm lr, {r0, r1, r2, r3}",0
"stm ip, {r0, r1, r2, r3}",0
"mov r0, sp",0
"mov r1, r7",0
"mov r2, r6",0
bl 0x2f20,0
"mov r0, r5",0
"mov r1, r4",0
"ldr r2, [sp, 0x48]",0
"mov r3, sp",0
bl 0x2cac,0
"add sp, sp, 0x34",0
"pop {r4, r5, r6, r7, pc}",0
"andeq r4, r1, r8, ror 29",0
"str lr, [sp, -4]!",0
"mvn ip, 0",0
"sub sp, sp, 0xc",0
"str ip, [sp]",0
bl 0x32ac,0
"add sp, sp, 0xc",0
"ldm sp!, {pc}",0
"str r4, [sp, -4]!",0
"mov ip, r1",0
"mov r4, r0",0
"mov r3, r2",0
"mov r0, 0",0
"mov r1, r4",0
"mov r2, ip",0
"ldm sp!, {r4}",0
b 0x3314,0
"push {r4, lr}",0
"mov ip, r2",0
"mov r4, r0",0
"mov lr, r1",0
"sub sp, sp, 8",0
"str r3, [sp]",0
"mov r1, r4",0
"mov r2, lr",0
"mov r3, ip",0
"mov r0, 0",0
bl 0x32ac,0
"add sp, sp, 8",0
"pop {r4, pc}",0
"ldr r3, [pc]                ; [0x3390:4]=0x14d84",0
b 0x2cac,0
"andeq r4, r1, r4, lsl 27",0
"mov r3, r0",0
"mov r2, r1",0
"mov r0, 0",0
"mov r1, r3",0
b 0x3388,0
"mvn r2, 0",0
b 0x3388,0
"mov r1, r0",0
"mov r0, 0",0
b 0x33a8,0
"push {r4, lr}",0
"sub sp, sp, 0x68",0
"mov r4, r0",0
"ldr r1, [0x0000340c]        ; [0x340c:4]=0xc294",0
"mov r0, 3",0
"mov r2, sp",0
bl 0x10a8,0
"cmp r0, 0",0
bne 0x3404,0
"add r3, sp, 0x60",0
"ldm r3, {r2, r3}",0
"stm r4, {r2, r3}",0
"ldm sp, {r2, r3}",0
"str r2, [r4, 8]",0
"str r3, [r4, 0xc]",0
"mov r0, r4",0
"add sp, sp, 0x68",0
"pop {r4, pc}",0
"mov r4, 0",0
b 0x33f8,0
"muleq r0, r4, r2",0
"push {r4, r5, r6, r7, r8, sl, lr}",0
"subs lr, r1, 0",0
"sub sp, sp, 0x24",0
"mov r5, r0",0
"mov ip, r2",0
"ldr r4, [sp, 0x40]",0
"ldr r6, [sp, 0x44]",0
beq 0x3738,0
"str r2, [sp]",0
"str r3, [sp, 4]",0
"mov r1, 1",0
"ldr r2, [0x00003750]        ; [0x3750:4]=0xc7d0",0
"mov r3, lr",0
bl 0xff4,0
"ldr r1, [0x00003754]        ; [0x3754:4]=0xc7e4",0
"mov r2, 5",0
"mov r0, 0",0
bl 0xe68,0
"mov r3, r0",0
"ldr r0, [0x00003758]        ; [0x3758:4]=0x7dd",0
"mov r1, 1",0
"ldr r2, [0x0000375c]        ; [0x375c:4]=0xcab4",0
"str r0, [sp]",0
"mov r0, r5",0
bl 0xff4,0
"ldr r1, [0x00003760]        ; [0x3760:4]=0xc7e8",0
"mov r0, 0",0
"mov r2, 5",0
bl 0xe68,0
"mov r1, r5",0
bl 0xdf0,0
"cmp r6, 9",0
"ldrls pc, [pc, r6, lsl 2]   ; [0x3498:4]=0xb530",0
b 0x3528,0
"andeq fp, r0, r0, lsr r5",0
"andeq fp, r0, r4, lsr r5",0
"andeq fp, r0, r0, ror 10",0
"muleq r0, r4, r5",0
"andeq fp, r0, ip, asr 11",0
"andeq fp, r0, r4, lsl 12",0
"andeq fp, r0, r8, asr 12",0
"andeq fp, r0, ip, lsl 13",0
"ldrdeq fp, ip, [r0], -ip",0
"andeq fp, r0, r0, asr 9",0
"ldr r1, [0x00003764]        ; [0x3764:4]=0xc9c0",0
"mov r2, 5",0
"mov r0, 0",0
bl 0xe68,0
"ldm r4, {r3, sl}",0
"ldr r1, [r4, 0x20]",0
"ldr r8, [r4, 8]",0
"ldr r7, [r4, 0xc]",0
"ldr r6, [r4, 0x10]",0
"ldr lr, [r4, 0x14]",0
"ldr ip, [r4, 0x18]",0
"mov r2, r0",0
"ldr r0, [r4, 0x1c]",0
"str r1, [sp, 0x1c]",0
"str r0, [sp, 0x18]",0
"str sl, [sp]",0
"str r8, [sp, 4]",0
"str r7, [sp, 8]",0
"str r6, [sp, 0xc]",0
"str lr, [sp, 0x10]",0
"str ip, [sp, 0x14]",0
"mov r0, r5",0
"mov r1, 1",0
bl 0xff4,0
"add sp, sp, 0x24",0
"pop {r4, r5, r6, r7, r8, sl, pc}",0
"ldr r1, [0x00003768]        ; [0x3768:4]=0xc9f4",0
b 0x34c4,0
bl 0x1090,0
"ldr r1, [0x0000376c]        ; [0x376c:4]=0xc8b4",0
"mov r2, 5",0
"mov r0, 0",0
bl 0xe68,0
"ldr r3, [r4]",0
"mov r2, r0",0
"mov r1, 1",0
"mov r0, r5",0
"add sp, sp, 0x24",0
"pop {r4, r5, r6, r7, r8, sl, lr}",0
b 0xff4,0
"ldr r1, [0x00003770]        ; [0x3770:4]=0xc8c4",0
"mov r2, 5",0
"mov r0, 0",0
bl 0xe68,0
"ldr r1, [r4, 4]",0
"ldr r3, [r4]",0
"mov r2, r0",0
"str r1, [sp, 0x40]",0
"mov r0, r5",0
"mov r1, 1",0
"add sp, sp, 0x24",0
"pop {r4, r5, r6, r7, r8, sl, lr}",0
b 0xff4,0
"ldr r1, [0x00003774]        ; [0x3774:4]=0xc8dc",0
"mov r2, 5",0
"mov r0, 0",0
bl 0xe68,0
"ldr r3, [r4]",0
"mov r2, r0",0
"ldmib r4, {r0, r1}",0
"str r0, [sp, 0x40]",0
"str r1, [sp, 0x44]",0
"mov r0, r5",0
"mov r1, 1",0
"add sp, sp, 0x24",0
"pop {r4, r5, r6, r7, r8, sl, lr}",0
b 0xff4,0
"ldr r1, [0x00003778]        ; [0x3778:4]=0xc8f8",0
"mov r2, 5",0
"mov r0, 0",0
bl 0xe68,0
"ldm r4, {r3, ip}",0
"ldr r1, [r4, 0xc]",0
"mov r2, r0",0
"ldr r0, [r4, 8]",0
"str ip, [sp]",0
"stmib sp, {r0, r1}",0
"mov r0, r5",0
"mov r1, 1",0
bl 0xff4,0
b 0x3520,0
"ldr r1, [0x0000377c]        ; [0x377c:4]=0xc918",0
"mov r2, 5",0
"mov r0, 0",0
bl 0xe68,0
"ldm r4, {r3, lr}",0
"ldr r1, [r4, 0x10]",0
"ldr ip, [r4, 8]",0
"mov r2, r0",0
"ldr r0, [r4, 0xc]",0
"str r1, [sp, 0xc]",0
"str r0, [sp, 8]",0
"str lr, [sp]",0
"str ip, [sp, 4]",0
"mov r0, r5",0
"mov r1, 1",0
bl 0xff4,0
b 0x3520,0
"ldr r1, [0x00003780]        ; [0x3780:4]=0xc93c",0
"mov r2, 5",0
"mov r0, 0",0
bl 0xe68,0
"ldm r4, {r3, r6, lr}",0
"ldr r1, [r4, 0x14]",0
"ldr ip, [r4, 0xc]",0
"mov r2, r0",0
"ldr r0, [r4, 0x10]",0
"str r1, [sp, 0x10]",0
"str r0, [sp, 0xc]",0
"stm sp, {r6, lr}",0
"str ip, [sp, 8]",0
"mov r0, r5",0
"mov r1, 1",0
bl 0xff4,0
b 0x3520,0
"ldr r1, [0x00003784]        ; [0x3784:4]=0xc964",0
"mov r2, 5",0
"mov r0, 0",0
bl 0xe68,0
"ldm r4, {r3, r7}",0
"ldr r1, [r4, 0x18]",0
"ldr r6, [r4, 8]",0
"ldr lr, [r4, 0xc]",0
"ldr ip, [r4, 0x10]",0
"mov r2, r0",0
"ldr r0, [r4, 0x14]",0
"str r1, [sp, 0x14]",0
"str r0, [sp, 0x10]",0
"str r7, [sp]",0
"stmib sp, {r6, lr}",0
"str ip, [sp, 0xc]",0
"mov r0, r5",0
"mov r1, 1",0
bl 0xff4,0
b 0x3520,0
"ldr r1, [0x00003788]        ; [0x3788:4]=0xc990",0
"mov r2, 5",0
"mov r0, 0",0
bl 0xe68,0
"ldm r4, {r3, r8}",0
"ldr r1, [r4, 0x1c]",0
"ldr r7, [r4, 8]",0
"ldr r6, [r4, 0xc]",0
"ldr lr, [r4, 0x10]",0
"ldr ip, [r4, 0x14]",0
"mov r2, r0",0
"ldr r0, [r4, 0x18]",0
"str r1, [sp, 0x18]",0
"str r0, [sp, 0x14]",0
"str r8, [sp]",0
"str r7, [sp, 4]",0
"str r6, [sp, 8]",0
"str lr, [sp, 0xc]",0
"str ip, [sp, 0x10]",0
"mov r0, r5",0
"mov r1, 1",0
bl 0xff4,0
b 0x3520,0
"str r3, [sp]",0
"mov r1, 1",0
"ldr r2, [0x0000378c]        ; [0x378c:4]=0xc7dc",0
"mov r3, ip",0
bl 0xff4,0
b 0x3448,0
"ldrdeq ip, sp, [r0], -r0",0
"andeq ip, r0, r4, ror 15",0
"ldrdeq r0, r1, [r0], -sp",0
"strheq ip, [r0], -r4",0
"andeq ip, r0, r8, ror 15",0
"andeq ip, r0, r0, asr 19",0
"strdeq ip, sp, [r0], -r4",0
"strheq ip, [r0], -r4",0
"andeq ip, r0, r4, asr 17",0
"ldrdeq ip, sp, [r0], -ip",0
"strdeq ip, sp, [r0], -r8",0
"andeq ip, r0, r8, lsl sb",0
"andeq ip, r0, ip, lsr sb",0
"andeq ip, r0, r4, ror 18",0
"muleq r0, r0, sb",0
"ldrdeq ip, sp, [r0], -ip",0
"push {r4, r5, lr}",0
"sub sp, sp, 0xc",0
"ldr r5, [sp, 0x18]",0
"ldr ip, [r5]",0
"cmp ip, 0",0
beq 0x37c0,0
"mov lr, r5",0
"mov ip, 0",0
"ldr r4, [lr, 4]!",0
"add ip, ip, 1",0
"cmp r4, 0",0
bne 0x37b0,0
"stm sp, {r5, ip}",0
bl 0x3410,0
"add sp, sp, 0xc",0
"pop {r4, r5, pc}",0
"push {r4, r5, r6, lr}",0
"sub sp, sp, 0x30",0
"mov ip, 0",0
"ldr r6, [sp, 0x40]",0
"mov lr, ip",0
"add r5, sp, 8",0
"ldr r4, [r6, ip]",0
"cmp r4, 0",0
"str r4, [r5, ip]",0
beq 0x3808,0
"add lr, lr, 1",0
"cmp lr, 0xa",0
"add ip, ip, 4",0
bne 0x37e8,0
"stm sp, {r5, lr}",0
bl 0x3410,0
"add sp, sp, 0x30",0
"pop {r4, r5, r6, pc}",0
"str r3, [sp, -4]!",0
"str lr, [sp, -4]!",0
"sub sp, sp, 0x10",0
"add ip, sp, 0x18",0
"str ip, [sp]",0
"ldr r3, [sp, 0x14]",0
"str ip, [sp, 0xc]",0
bl 0x37d0,0
"add sp, sp, 0x10",0
pop {lr},0
"add sp, sp, 4",0
bx lr,0
"push {r3, lr}",0
"ldr r1, [0x000038b0]        ; [0x38b0:4]=0xca30",0
"mov r2, 5",0
"mov r0, 0",0
bl 0xe68,0
"ldr r2, [0x000038b4]        ; [0x38b4:4]=0xca48",0
"mov r1, r0",0
"mov r0, 1",0
bl 0xfdc,0
"ldr r1, [0x000038b8]        ; [0x38b8:4]=0xca60",0
"mov r2, 5",0
"mov r0, 0",0
bl 0xe68,0
"ldr r3, [0x000038bc]        ; [0x38bc:4]=0xc57c",0
"mov r1, r0",0
"ldr r2, [0x000038c0]        ; [0x38c0:4]=0xc56c",0
"mov r0, 1",0
bl 0xfdc,0
"ldr r1, [0x000038c4]        ; [0x38c4:4]=0xca74",0
"mov r2, 5",0
"mov r0, 0",0
bl 0xe68,0
"ldr r3, [0x000038c8]        ; [0x38c8:4]=0x14dd4",0
"ldr r1, [r3]",0
"pop {r3, lr}",0
b 0xdf0,0
"andeq ip, r0, r0, lsr sl",0
"andeq ip, r0, r8, asr 20",0
"andeq ip, r0, r0, ror 20",0
"andeq ip, r0, ip, ror r5",0
"andeq ip, r0, ip, ror 10",0
"andeq ip, r0, r4, ror sl",0
"ldrdeq r4, r5, [r1], -r4",0
"push {r4, lr}",0
"mov r4, r0",0
bl 0xf34,0
"rsbs r3, r0, 1",0
"movlo r3, 0",0
"cmp r4, 0",0
"moveq r3, 0",0
"cmp r3, 0",0
"popeq {r4, pc}",0
bl 0x3ad4,0
b 0x38cc,0
"push {r3, r4, r5, lr}",0
"mov r4, r0",0
"mvn r0, 0",0
"mov r5, r1",0
bl 0x40a8,0
"cmp r0, r4",0
blo 0x3920,0
"mul r0, r4, r5",0
"pop {r3, r4, r5, lr}",0
b 0x38cc,0
bl 0x3ad4,0
"rsbs r3, r1, 1",0
"movlo r3, 0",0
"cmp r0, 0",0
"moveq r3, 0",0
"cmp r3, 0",0
"push {r4, lr}",0
"mov r4, r1",0
bne 0x3964,0
bl 0xe74,0
"rsbs r3, r0, 1",0
"movlo r3, 0",0
"cmp r4, 0",0
"moveq r3, 0",0
"cmp r3, 0",0
"popeq {r4, pc}",0
bl 0x3ad4,0
bl 0xe2c,0
"mov r0, 0",0
"pop {r4, pc}",0
"push {r3, r4, r5, r6, r7, lr}",0
"subs r7, r0, 0",0
"mov r5, r1",0
"mov r6, r2",0
"ldr r4, [r1]",0
beq 0x39b8,0
"ldr r0, [0x000039e0]        ; [0x39e0:4]=0xaaaaaaaa",0
"mov r1, r2",0
bl 0x40a8,0
"cmp r4, r0",0
"addlo r3, r4, 1",0
"addlo r4, r4, r3, lsr 1",0
bhs 0x39dc,0
"mul r1, r6, r4",0
"mov r0, r7",0
"str r4, [r5]",0
"pop {r3, r4, r5, r6, r7, lr}",0
b 0x3924,0
"cmp r4, 0",0
bne 0x39a4,0
"mov r0, 0x40                ; '@'",0
"mov r1, r2",0
bl 0x40a8,0
"cmp r0, 0",0
"movne r4, r0",0
"addeq r4, r0, 1",0
b 0x39a4,0
bl 0x3ad4,0
bge 0xfeaae490,0
"push {r4, r5, r6, lr}",0
"mov r5, r1",0
"mov r6, r0",0
"mov r1, r2",0
"mvn r0, 0",0
"mov r4, r2",0
bl 0x40a8,0
"cmp r0, r5",0
blo 0x3a18,0
"mul r1, r5, r4",0
"mov r0, r6",0
"pop {r4, r5, r6, lr}",0
b 0x3924,0
bl 0x3ad4,0
"cmp r0, 0",0
"push {r3, lr}",0
"ldr r3, [r1]",0
beq 0x3a50,0
"ldr r2, [0x00003a60]        ; [0x3a60:4]=0xaaaaaaa9",0
"cmp r3, r2",0
"addls r2, r3, 1",0
"addls r3, r3, r2, lsr 1",0
bhi 0x3a5c,0
"str r3, [r1]",0
"mov r1, r3",0
"pop {r3, lr}",0
b 0x3924,0
"cmp r3, 0",0
"moveq r3, 0x40              ; '@'",0
b 0x3a40,0
bl 0x3ad4,0
bge 0xfeaae50c,0
"push {r4, lr}",0
"mov r4, r0",0
bl 0x38cc,0
"mov r1, 0",0
"mov r2, r4",0
"pop {r4, lr}",0
b 0xfc4,0
"push {r3, lr}",0
bl 0xde4,0
"cmp r0, 0",0
"popne {r3, pc}",0
bl 0x3ad4,0
"push {r3, r4, r5, lr}",0
"mov r5, r0",0
"mov r0, r1",0
"mov r4, r1",0
bl 0x38cc,0
"mov r1, r5",0
"mov r2, r4",0
"pop {r3, r4, r5, lr}",0
b 0xe44,0
"push {r4, lr}",0
"mov r4, r0",0
bl 0xf94,0
"add r1, r0, 1",0
"mov r0, r4",0
"pop {r4, lr}",0
b 0x3a94,0
"push {r3, lr}",0
"ldr r3, [0x00003b08]        ; [0x3b08:4]=0x14d70",0
"ldr r1, [0x00003b0c]        ; [0x3b0c:4]=0xcae4",0
"mov r2, 5",0
"mov r0, 0",0
"ldr r4, [r3]",0
bl 0xe68,0
"mov r1, 0",0
"mov r3, r0",0
"ldr r2, [0x00003b10]        ; [0x3b10:4]=0xc6ec",0
"mov r0, r4",0
bl 0xef8,0
bl 0x1090,0
"andeq r4, r1, r0, ror sp",0
"andeq ip, r0, r4, ror 21",0
"andeq ip, r0, ip, ror 13",0
"mov r0, 0",0
"push {r4, lr}",0
"mov r1, r0",0
bl 0xf7c,0
"subs r4, r0, 0",0
beq 0x3b34,0
"mov r0, r4",0
"pop {r4, pc}",0
bl 0xfac,0
"ldr r3, [r0]",0
"cmp r3, 0xc",0
bne 0x3b2c,0
bl 0x3ad4,0
"push {r4, r5, r6, lr}",0
"mov r4, r0",0
bl 0xee0,0
"mov r6, r0",0
"mov r0, r4",0
"ldr r5, [r4]",0
bl 0x3f10,0
"and r5, r5, 0x20",0
"adds r4, r0, 0",0
"movne r4, 1",0
"cmp r5, 0",0
bne 0x3b98,0
"cmp r4, 0",0
"moveq r3, r4",0
beq 0x3b90,0
"cmp r6, 0",0
beq 0x3bb4,0
"mvn r3, 0",0
"mov r0, r3",0
"pop {r4, r5, r6, pc}",0
"cmp r4, 0",0
bne 0x3b8c,0
bl 0xfac,0
"mvn r3, 0",0
"str r4, [r0]",0
"mov r0, r3",0
"pop {r4, r5, r6, pc}",0
bl 0xfac,0
"ldr r3, [r0]",0
"cmp r3, 9",0
"moveq r3, r6",0
"mvnne r3, 0",0
b 0x3b90,0
"push {r4, r5, r6, r7, r8, sb, sl, fp, lr}",0
"mov r0, 0xe",0
"sub sp, sp, 0x74",0
bl 0x103c,0
"ldr r7, [0x00003ef0]        ; [0x3ef0:4]=0x14f18",0
"cmp r0, 0",0
"ldr r4, [r7]",0
"ldr r6, [0x00003ef4]        ; [0x3ef4:4]=0xc630",0
"movne r6, r0",0
"cmp r4, 0",0
beq 0x3c88,0
"ldrb r5, [r4]",0
"cmp r5, 0",0
bne 0x3c30,0
b 0x3c6c,0
bl 0xf94,0
"add r0, r0, 1",0
"add r4, r4, r0",0
"mov r0, r4",0
bl 0xf94,0
"add r0, r0, 1",0
"ldrb r5, [r4, r0]",0
"add r4, r4, r0",0
"cmp r5, 0",0
beq 0x3c6c,0
"mov r1, r4",0
"mov r0, r6",0
bl 0xe14,0
"cmp r0, 0",0
"mov r0, r4",0
beq 0x3c5c,0
"cmp r5, 0x2a",0
bne 0x3c08,0
"ldrb r3, [r4, 1]",0
"cmp r3, 0",0
bne 0x3c08,0
"mov r0, r4",0
bl 0xf94,0
"add r0, r0, 1",0
"add r6, r4, r0",0
"ldrb r0, [r6]",0
"ldr r3, [0x00003ef8]        ; [0x3ef8:4]=0xcb20",0
"cmp r0, 0",0
"movne r0, r6",0
"moveq r0, r3",0
"add sp, sp, 0x74",0
"pop {r4, r5, r6, r7, r8, sb, sl, fp, pc}",0
"ldr r0, [0x00003efc]        ; [0x3efc:4]=0xcb28",0
bl 0xf1c,0
"subs r5, r0, 0",0
beq 0x3ea8,0
"ldrb r3, [r5]",0
"cmp r3, 0",0
beq 0x3e44,0
bl 0xf94,0
"subs sl, r0, 0",0
"subne r3, sl, 1",0
bne 0x3e50,0
"mov r3, 0",0
"mov sb, r3",0
"add fp, sl, r3",0
"add r0, fp, 0xe",0
bl 0xf34,0
"subs r8, r0, 0",0
beq 0x3ea0,0
"mov r2, sl",0
"mov r1, r5",0
bl 0xe44,0
"cmp sb, 0",0
"movne r3, 0x2f              ; '/'",0
"strbne r3, [r8, sl]",0
"ldr r1, [0x00003f00]        ; [0x3f00:4]=0xcb38 ; ""8\xcb""",0
"mov r2, 0xe",0
"add r0, r8, fp",0
bl 0xe44,0
"mov r0, r8",0
"mov r1, 0x8000",0
bl 0xf10,0
"subs sl, r0, 0",0
blt 0x3e70,0
"ldr r1, [0x00003f04]        ; [0x3f04:4]=0xcb48",0
bl 0xdd8,0
"subs r5, r0, 0",0
"movne sl, 0",0
beq 0x3e68,0
"ldmib r5, {r2, r3}",0
"cmp r2, r3",0
"ldrblo r0, [r2], 1",0
"strlo r2, [r5, 4]",0
bhs 0x3ed0,0
"cmp r0, 0xa",0
"cmpne r0, 0x20              ; ""`\xa9\x01""",0
beq 0x3d20,0
"cmp r0, 9",0
beq 0x3d20,0
"cmp r0, 0x23",0
beq 0x3dec,0
"mov r1, r5",0
bl 0xfa0,0
"mov r0, r5",0
"ldr r1, [0x00003f08]        ; [0x3f08:4]=0xcb4c",0
"add r2, sp, 8",0
"add r3, sp, 0x3c",0
bl 0xfd0,0
"cmp r0, 1",0
ble 0x3e1c,0
"add r0, sp, 8",0
bl 0xf94,0
"mov fp, r0",0
"add r0, sp, 0x3c",0
bl 0xf94,0
"cmp sl, 0",0
"mov r2, r0",0
bne 0x3e78,0
"add sl, r0, fp",0
"add r0, sl, 3",0
"str r2, [sp, 4]",0
bl 0xf34,0
"ldr r2, [sp, 4]",0
"add sl, sl, 2",0
"mov sb, r0",0
"cmp sb, 0",0
beq 0x3eb8,0
"mvn r3, 1",0
"rsb r4, r2, sl",0
"rsb r3, fp, r3",0
"add r0, r3, r4",0
"add r1, sp, 8",0
"add r0, sb, r0",0
bl 0xed4,0
"sub r0, r4, 1",0
"add r0, sb, r0",0
"add r1, sp, 0x3c",0
bl 0xed4,0
"mov r4, sb",0
b 0x3d20,0
"ldr r2, [r5, 4]",0
"ldr r1, [r5, 8]",0
"mov r3, r2",0
"cmp r2, r1",0
"ldrblo r0, [r3], 1",0
"strlo r3, [r5, 4]",0
bhs 0x3ee4,0
"cmp r0, 0xa",0
"cmnne r0, 1",0
bne 0x3dec,0
"cmn r0, 1",0
bne 0x3d20,0
"mov r0, r5",0
bl 0x3f10,0
"cmp sl, 0",0
beq 0x3e70,0
"mov r3, 0",0
"strb r3, [r4, sl]",0
"mov r0, r8",0
bl 0xe2c,0
"str r4, [r7]",0
b 0x3bf8,0
"ldr r5, [0x00003f0c]        ; [0x3f0c:4]=0xcaf8",0
"mov r3, 0x24                ; '$'",0
"mov sl, 0x25                ; '%'",0
"ldrb r3, [r5, r3]",0
"cmp r3, 0x2f",0
"movne r3, 1",0
"movne sb, r3",0
bne 0x3cbc,0
b 0x3cb4,0
"mov r0, sl",0
bl 0x109c,0
"ldr r4, [0x00003ef4]        ; [0x3ef4:4]=0xc630",0
b 0x3e34,0
"add r3, fp, r0",0
"add sl, r3, sl",0
"add r1, sl, 3",0
"mov r0, r4",0
"str r2, [sp, 4]",0
bl 0xe74,0
"add sl, sl, 2",0
"mov sb, r0",0
"ldr r2, [sp, 4]",0
b 0x3db0,0
"ldr r4, [0x00003ef4]        ; [0x3ef4:4]=0xc630",0
b 0x3e3c,0
"mov r3, 0x24                ; '$'",0
"mov sl, 0x25                ; '%'",0
"ldr r5, [0x00003f0c]        ; [0x3f0c:4]=0xcaf8",0
b 0x3e50,0
"mov r0, r4",0
bl 0xe2c,0
"mov r0, r5",0
bl 0x3f10,0
"ldr r4, [0x00003ef4]        ; [0x3ef4:4]=0xc630",0
b 0x3e34,0
"mov r0, r5",0
bl 0x1018,0
"cmn r0, 1",0
beq 0x3e1c,0
b 0x3d34,0
"mov r0, r5",0
bl 0x1018,0
b 0x3e08,0
"andeq r4, r1, r8, lsl pc",0
"andeq ip, r0, r0, lsr r6",0
"andeq ip, r0, r0, lsr 22",0
"andeq ip, r0, r8, lsr 22",0
"andeq ip, r0, r8, lsr fp",0
"andeq ip, r0, r8, asr 22",0
"andeq ip, r0, ip, asr 22",0
"strdeq ip, sp, [r0], -r8",0
"push {r4, r5, r6, lr}",0
"sub sp, sp, 8",0
"mov r4, r0",0
bl 0xfe8,0
"cmp r0, 0",0
"mov r0, r4",0
blt 0x3fa4,0
bl 0xf4c,0
"cmp r0, 0",0
bne 0x3f70,0
"mov r0, r4",0
bl 0x3fb0,0
"cmp r0, 0",0
beq 0x3fa0,0
bl 0xfac,0
"ldr r6, [r0]",0
"mov r5, r0",0
"mov r0, r4",0
bl 0x1000,0
"cmp r6, 0",0
"strne r6, [r5]",0
"mvnne r0, 0",0
"add sp, sp, 8",0
"pop {r4, r5, r6, pc}",0
"mov r0, r4",0
bl 0xfe8,0
"mov r3, 1",0
"str r3, [sp]",0
"mov r2, 0",0
"mov r3, 0",0
bl 0xebc,0
"mvn r2, 0",0
"mvn r3, 0",0
"cmp r1, r3",0
"cmpeq r0, r2",0
bne 0x3f38,0
"mov r0, r4",0
"add sp, sp, 8",0
"pop {r4, r5, r6, lr}",0
b 0x1000,0
"push {r4, lr}",0
"subs r4, r0, 0",0
"sub sp, sp, 8",0
beq 0x3fcc,0
bl 0xf4c,0
"cmp r0, 0",0
bne 0x3fdc,0
"mov r0, r4",0
"add sp, sp, 8",0
"pop {r4, lr}",0
b 0xe20,0
"ldr r3, [r4]",0
"tst r3, 0x100",0
beq 0x3fcc,0
"mov r3, 1",0
"str r3, [sp]",0
"mov r0, r4",0
"mov r2, 0",0
"mov r3, 0",0
bl 0x4004,0
b 0x3fcc,0
"push {r4, r5, r6, r7, lr}",0
"ldmib r0, {r1, ip}",0
"sub sp, sp, 0x14",0
"cmp ip, r1",0
"mov r6, r0",0
"ldr r4, [sp, 0x28]",0
beq 0x4034,0
"mov r0, r6",0
"str r4, [sp, 0x28]",0
"add sp, sp, 0x14",0
"pop {r4, r5, r6, r7, lr}",0
b 0x100c,0
"ldr ip, [r0, 0x14]",0
"ldr r1, [r0, 0x10]",0
"cmp ip, r1",0
bne 0x4020,0
"ldr r7, [r0, 0x24]",0
"cmp r7, 0",0
bne 0x4020,0
"str r2, [sp, 0xc]",0
"str r3, [sp, 8]",0
bl 0xfe8,0
"str r4, [sp]",0
"ldr r2, [sp, 0xc]",0
"ldr r3, [sp, 8]",0
bl 0xebc,0
"mvn r4, 0",0
"mvn r5, 0",0
"cmp r1, r5",0
"cmpeq r0, r4",0
beq 0x40a0,0
"ldr r3, [r6]",0
"str r0, [r6, 0x50]",0
"str r1, [r6, 0x54]",0
"bic r3, r3, 0x10",0
"str r3, [r6]",0
"mov r0, r7",0
"add sp, sp, 0x14",0
"pop {r4, r5, r6, r7, pc}",0
"mvn r0, 0",0
b 0x4098,0
"subs r2, r1, 1",0
bxeq lr,0
blo 0x4144,0
"cmp r0, r1",0
bls 0x4128,0
"tst r1, r2",0
beq 0x4134,0
"clz r3, r1",0
"clz r2, r0",0
"sub r2, r3, r2",0
"mov r3, 1",0
"lsl r1, r1, r2",0
"lsl r3, r3, r2",0
"mov r2, 0",0
"cmp r0, r1",0
"subhs r0, r0, r1",0
"orrhs r2, r2, r3",0
"cmp r0, r1, lsr 1",0
"subhs r0, r0, r1, lsr 1",0
"orrhs r2, r2, r3, lsr 1",0
"cmp r0, r1, lsr 2",0
"subhs r0, r0, r1, lsr 2",0
"orrhs r2, r2, r3, lsr 2",0
"cmp r0, r1, lsr 3",0
"subhs r0, r0, r1, lsr 3",0
"orrhs r2, r2, r3, lsr 3",0
"cmp r0, 0",0
"lsrsne r3, r3, 4",0
"lsrne r1, r1, 4",0
bne 0x40e0,0
"mov r0, r2",0
bx lr,0
"moveq r0, 1",0
"movne r0, 0",0
bx lr,0
"clz r2, r1",0
"rsb r2, r2, 0x1f",0
"lsr r0, r0, r2",0
bx lr,0
"cmp r0, 0",0
"mvnne r0, 0",0
b 0x4170,0
"cmp r1, 0",0
beq 0x4144,0
"push {r0, r1, lr}",0
bl 0x40a8,0
"pop {r1, r2, lr}",0
"mul r3, r2, r0",0
"sub r1, r1, r3",0
bx lr,0
"push {r1, lr}",0
"mov r0, 8",0
bl 0xe08,0
"pop {r1, pc}",0
"push {r3, r4, r5, r6, r7, r8, sl, lr}",0
"mov r7, r0",0
"ldr r5, [0x000041dc]        ; [0x41dc:4]=0x89c4",0
"mov r8, r1",0
"ldr r6, [0x000041e0]        ; [0x41e0:4]=0x89c0",0
"mov sl, r2",0
"add r5, pc, r5",0
bl 0xdb8,0
"add r6, pc, r6",0
"rsb r6, r5, r6",0
"asrs r6, r6, 2",0
"popeq {r3, r4, r5, r6, r7, r8, sl, pc}",0
"sub r5, r5, 4",0
"mov r4, 0",0
"ldr r3, [r5, 4]!",0
"mov r0, r7",0
"mov r1, r8",0
"mov r2, sl",0
"add r4, r4, 1",0
blx r3,0
"cmp r4, r6",0
bne 0x41b8,0
"pop {r3, r4, r5, r6, r7, r8, sl, pc}",0
"andeq r8, r0, r4, asr 19",0
"andeq r8, r0, r0, asr 19",0
bx lr,0
"ldr r3, [0x0000420c]        ; [0x420c:4]=0x8a5c",0
"mov r1, 0",0
"ldr r2, [0x00004210]        ; [0x4210:4]=264",0
"add r3, pc, r3",0
"ldr r3, [r3, r2]",0
"cmp r3, 0",0
"ldrne r2, [r3]",0
"moveq r2, r3",0
b 0xfb8,0
"andeq r8, r0, ip, asr sl",0
"andeq r0, r0, r8, lsl 2",0
"push {r3, lr}",0
"pop {r3, pc}",0
"andeq r0, r2, r1",1
"strheq ip, [r0], -r0",1
"andeq r0, r0, r0",1
"andeq r0, r0, r0",1
"andeq r0, r0, ip, asr 32",1
"strheq ip, [r0], -r8",1
"andeq r0, r0, r0",1
"andeq r0, r0, r0",1
"andeq r0, r0, r0, asr r0",1
"andeq ip, r0, r4, asr 13",1
"andeq r0, r0, r0",1
"andeq r0, r0, r0",1
invalid,1
"andeq ip, r0, ip, asr 13",1
"andeq r0, r0, r0",1
"andeq r0, r0, r0",1
invalid,1
"andeq r0, r0, r0",1
"andeq r0, r0, r0",1
"andeq r0, r0, r0",1
"andeq r0, r0, r0",1
"eoreq r2, pc, lr, lsr 28",1
"stclvs p1, c6, [sb], -0x198",1
"strtvc r6, [r0], -0x465",1
"strbvs r2, [r7, -0x6f]!",1
"strbtvc r2, [r1], -0x74",1
"rsbvs r7, sb, 116, 4",1
invalid,1
"rsbhs r6, r6, r0, lsr 30",1
"andeq r7, r0, r5, lsr 6",1
"andeq r0, r0, pc, lsr 32",1
"andeq r0, r0, lr, lsr 32",1
"stclvs p1, c6, [sb], -0x198",1
"strtvc r6, [r0], -0x465",1
"ldrbtvc r2, [r3], -0x6f",1
"strhs r7, [r0, -0x461]!",1
"andeq r0, r0, r3, ror r0",1
"andeq r2, r0, lr, lsr 28",1
"cdpvs p1, 6, c6, c14, c3, 3",1
svcvs 0x20746f,1
"rsbhs r6, lr, r0, ror r5",1
"ldrbvs r6, [r2, -0x964]!",1
"rsbvc r7, pc, 0x63000000",1
invalid,1
"andeq r0, r0, r0",1
"stclvs p1, c6, [sb], -0x198",1
"strtvc r6, [r0], -0x465",1
"stmdavs r3!, {r0, r1, r2, r3, r5, r6, sp} ^",1
"rsbshs r6, r2, r4, ror 18",1
"strhs r6, [r0, -0xf74]!",1
"andeq r0, r0, r3, ror r0",1
"strbtvs r6, [r1], -0x572",1
"rsbhs r6, r7, sb, ror 28",1
"ldrbvs r6, [r2, -0x964]!",1
"rsbvc r7, pc, 0x63000000",1
invalid,1
"andeq r0, r0, r0",1
"ldclvs p15, c6, [r5], -0x18c",1
"strtvc r6, [r7], -0xe64",1
"cdpvs p6, 6, c6, c9, c0, 1",1
"stmdbvs r4!, {r2, r5, r6, sp} ^",1
"strbtvc r6, [r3], -0x572",1
"rsbshs r7, sb, pc, ror 4",1
"rsbsvc r6, r4, 0x650",1
"mcrvs p0, 3, r2, c9, c9, 3",1
"rsbshs r2, r3, r0, lsr 10",1
"ldmdavs r4!, {r0, r1, r2, r4, r5, r6, r8, fp, sp, lr} ^",1
"strbtvc r6, [r1], -0xd20",1
"cdpvs p8, 6, c6, c9, c3, 3",1
"stclhs p0, c2, [sb, -0x19c]!",1
"strbvs r6, [r4, -0xf6e]!",1
"andeq r0, r0, r0",1
"rsbshs r7, sb, r4, asr r2",1
"rsbshs r2, r3, r7, lsr 10",1
"strbvs r2, [r8, -0xd2d]!",1
"eorhs r7, r7, ip, rrx",1
"rsbshs r6, r2, r6, ror 30",1
"ldrbvs r6, [r2, -0xf6d]!",1
"strbtvs r6, [lr], -r0, lsr 18",1
invalid,1
"mcrvs p9, 3, r6, c15, c4, 3",1
"andeq r0, r0, lr, lsr 20",1
invalid,1
"strhs r3, [r0, -0xa65]!",1
svcmi 0x5b2073,1
svcmi 0x495450,1
"cdphs p13, 2, c5, c14, c14, 2",1
"andeq r0, r0, lr, lsr 20",1
"mcrvs p2, 3, r7, c9, c0, 2",1
"ldmdavs r4!, {r2, r4, r5, r6, sp} ^",1
"strbvc r2, [r6, -0x65]!",1
"strtvs r6, [r0], -ip, ror 24",1
"cdpvs p12, 6, c6, c5, c9, 3",1
"rsbhs r6, r5, r1, ror 26",1
"strtvc r6, [r0], -0x66f",1
invalid,1
"ldrbvs r7, [r2, -0x275]!",1
"strvc r7, [r0, -lr, ror 8]!",1
"stmdbvs fp!, {r0, r1, r2, r3, r5, r6, sb, ip, sp, lr} ^",1
"strtvs r6, [r0], -0x76e",1
invalid,1
"ldmdbvc r2!, {r2, r4, r5, r6, r8, sb, sl, fp, sp, lr} ^",1
"andeq r0, sl, lr, lsr 20",1
"stcmi p0, c2, [sp], -0x80",1
"stchs p0, c2, [sp, -0xb0]!",1
"stmdbvs r7!, {r2, r3, r5, r6, r8, sb, sl, fp, sp, lr} ^",1
"rsbhs r6, ip, r3, ror 2",1
"cmnvc r5, 0x20              ; ""`\xa9\x01""",1
"ldrbpl r2, [r0, -r5, rrx]",1
"rsbvc r2, r6, 0x44",1
"strvs r6, [r0, -0xd6f]!",1
"rsbvc r7, sb, 0x6e00000",1
"strbvs r6, [sp, -0xe6f]!",1
"eorhs r7, ip, lr, ror 8",1
"cdpvs p6, 6, c7, c5, c5, 3",1
"rsbhs r6, r6, r0, lsr 18",1
invalid,1
"cmnvs r4, pc, ror 28",1
"rsbshs r6, r3, sb, ror 28",1
"stclvs p9, c7, [sp], -0x1cc",1
invalid,1
"stchs p0, c2, [r0, -0x28]!",1
"stchs p12, c2, [r0, -0x140]!",1
"stmdbvc r8!, {r0, r2, r3, r5, ip, sp, lr} ^",1
invalid,1
invalid,1
"strbtvs r6, [sb], -0xf76",1
"stclvs p1, c6, [ip], -0x80",1
"ldclvs p3, c7, [sb, -0x80]!",1
blvs 0x1b9e9d8,1
"andeq r0, r0, r3, ror sl",1
"eorhs r2, r0, r0, lsr 32",1
"stchs p0, c2, [sp, -0x80]!",1
"rsbvc r6, ip, r8, ror 10",1
"eorhs r2, r0, r0, lsr 32",1
invalid,1
"stmdbvc r1!, {r4, r5, r6, sl, fp, sp, lr} ^",1
"stmdbvs r8!, {r5, sl, ip, sp, lr} ^",1
"strbvs r2, [r8, -0x73]!",1
invalid,1
"strvs r6, [r0, -0x46e]!",1
beq 0x1d1ea38,1
"andeq r0, r0, r0",1
"eorhs r2, r0, r0, lsr 32",1
"stchs p0, c2, [sp, -0x80]!",1
"cmnvc r2, 0x1d800000",1
"rsbhs r6, lr, sb, ror 30",1
"ldrbtvc r6, [r5], -0xf20",1
"rsbshs r7, r4, r0, ror r5",1
"cmnvc r2, 0x1d800000",1
"rsbhs r6, lr, sb, ror 30",1
svcvs 0x666e69,1
"strbtvc r6, [r1], -0xd72",1
"rsbhs r6, lr, sb, ror 30",1
"rsbhs r6, r4, r1, ror 28",1
"strbtvc r7, [sb], -0x865",1
"andeq r0, r0, sl",1
"strbpl r4, [pc], -0xe0a",1
"stmdbvc r0!, {r0, r2, r6, sb, fp, ip, sp}",1
"rsbshs r7, r2, pc, ror 10",1
"stclvs p8, c6, [r5], -0x1cc",1
invalid,1
invalid,1
"stmdbvs r0!, {r1, r2, r4, r5, r6, r8, sl, sp, lr}",1
svcvs 0x207374,1
"qsub16vc r6, r0, r7",1
"ldmdbvs r3!, {r0, r2, r5, r6, sb, ip, sp, lr} ^",1
svcvs 0x206e6f,1
invalid,1
"ldmdavs r7!, {r2, r3, r5, sp} ^",1
"rsbhs r6, r8, sb, ror 6",1
"cmnvs r5, r5, ror r3",1
"rsbshs r6, sb, ip, ror 24",1
"ldrbvs r7, [r0, -0x573]!",1
"strbtvs r7, [r5], -0x372",1
"strvc r7, [sl], -0x365",1
"strtvc r6, [r0], -r8, ror 10",1
"ldmdbvs r3!, {r0, r2, r5, r6, sb, ip, sp, lr} ^",1
"strtvs r6, [r0], -0xe6f",1
"rsbvc r7, r3, 0x94000001",1
"strbtvs r6, [r5], -0x269",1
"rsbvc r6, r5, 32, 16",1
"eorhs r2, r0, r5, ror 28",1
"qdsubvs r6, r0, r5",1
"eorvc r6, r0, 0x1cc00000",1
"rsbvc r6, r5, 0x6500000",1
"rsbhs r7, pc, r0, lsr 8",1
"rsbsvc r6, r5, 0x1e4",1
"strbvs r7, [r8, -0x320]!",1
invalid,1
invalid,1
"mcrvs p13, 3, r6, c5, c5, 3",1
"ldmdbvs r4!, {r2, r4, r5, r6, r8, sp, lr} ^",1
"strvs r6, [sl], -pc, ror 28",1
"strtvs r7, [r0], -0x26f",1
"stmdbvs r1!, {r0, r2, r5, r6, sl, ip, sp, lr} ^",1
invalid,1
"ldrbtvc r6, [r5], -0xf62",1
"strbvs r7, [r8, -0x420]!",1
"ldrbtvc r6, [r0], -0xf20",1
invalid,1
"rsbshs r6, r4, r0, lsr 18",1
"rsbsvc r7, r0, r3, ror r5",1
"cmnvc r4, 0xf0000006",1
"andeq r0, r0, lr, lsr 20",1
"rsbeq r7, r4, r0, ror r7",1
"rsbshs r2, r3, sl, lsl 10",1
"stmdbvs ip!, {r0, r1, r2, r3, r5, r6, sb, sl, fp, sp, lr} ^",1
"stmdavs r0!, {r1, r2, r3, r5, r6, r8, sl, sp, lr}",1
blo 0x1c1f6fc,1
invalid,1
"andeq r0, r0, lr, lsr sl",1
"subshs r4, r5, r7, asr 28",1
"ldrbvs r6, [r2, -0xf63]!",1
"stclvs p4, c7, [sb], -0x1d4",1
"andeq r0, r0, r3, ror r0",1
"rsbsvc r7, r4, r8, ror 8",1
invalid,1
invalid,1
svcvs 0x2e756e,1
invalid,1
"ldrbvc r6, [r4, -pc, ror 12]!",1
svchs 0x657261,1
"ldrbvs r6, [r2, -0xf63]!",1
"stclvs p4, c7, [sb], -0x1d4",1
"andeq r2, r0, r3, ror pc",1
"subseq r6, pc, r5, ror 28",1
svcvs 0x706552,1
"strhs r7, [r0, -0x472]!",1
"rsbsvc r2, r4, 0x73",1
"ldclvs p14, c6, [r3], -0x184",1
svcvs 0x697461,1
"strbvc r2, [r2, -0x6e]!",1
"strtvc r7, [r0], -0x367",1
"ldmdavs ip!, {r0, r1, r2, r3, r5, r6, sp}",1
blo 0x1c217a0,1
"rsbsvc r2, r4, 47, 30",1
"ldclvs p14, c6, [r3], -0x184",1
svcvs 0x697461,1
svcvs 0x72706e,1
"strbtvc r6, [r3], -0x56a",1
"ldrbvs r6, [r2, -lr, lsr 30]!",1
invalid,1
beq 0xf903a4,1
"andeq r0, r0, r0",1
"rsbshs r6, r2, r6, asr 30",1
"rsbvc r6, sp, r3, ror 30",1
"ldrbvs r6, [r4, -0x56c]!",1
invalid,1
"mcrvs p13, 3, r6, c5, c5, 3",1
"ldmdbvs r4!, {r2, r4, r5, r6, r8, sp, lr} ^",1
"eorhs r6, ip, pc, ror 28",1
blo 0x1ba1bdc,1
"strbtvs r6, [lr], -r0, lsr 18",1
svcvs 0x63206f,1
"ldrbtvc r6, [r5], -0x572",1
"rsbshs r6, r3, sb, ror 24",1
"rsbshs r2, r3, r7, lsr 10",1
svcvs 0x766e69,1
"ldmdbvs r4!, {r0, r1, r5, r6, r8, sp, lr} ^",1
beq 0x9dfff0,1
"andeq r0, r0, r0",1
"ldmdbmi r3, {r4, r6, r8, sb, sl, fp, lr} ^",1
svcpl 0x594c58,1
"subspl r4, r2, 0x10c",1
"subseq r4, r4, r5, asr 6",1
"stclvs p8, c6, [0x00004590]!",1
"ldmdbvs r4!, {r0, r2, r5, r6, r8, sb, sl, fp, sp} ^",1
"cdpvs p6, 6, c6, c1, c6, 3",1
"eorvs r6, pc, 0x90000007",1
"strbtvs r6, [ip], -0x975",1
"rsbvc r6, pc, 0xbc000000",1
"ldmdbvs r4!, {r0, r2, r5, r6, r8, sl, ip, sp, lr} ^",1
svcmi 0x5f736c,1
"ldmdavs r3!, {r1, r4, r5, r8, sb, sl, fp, sp} ^",1
svchs 0x657261,1
invalid,1
"andeq r6, r0, ip, ror 10",1
"andeq r5, r0, ip, asr 32",1
"rsbhs r6, sp, sl, asr 18",1
"ldrbvs r6, [sb, -0x54d]!",1
invalid,1
"andeq r0, r0, r0",1
svcvs 0x6e6769,1
invalid,1
"cdpvs p14, 6, c6, c15, c0, 1",1
"ldrbtvc r6, [r0], -0xf2d",1
"rsbhs r6, lr, sb, ror 30",1
"strbvc r7, [r7, -0x261]!",1
"strbtvc r6, [lr], -0x56d",1
"andeq r0, r0, r3, ror r0",1
"subeq r5, r4, r0, asr r7",1
"andeq r2, r0, pc, lsr 28",1
"stmdbvs r7!, {r2, r3, r5, r6, r8, sb, sl, fp, sp, lr} ^",1
"rsbeq r6, ip, r3, ror 2",1
"cmnvc sb, 112, 16           ; 0x70",1
"stclvs p3, c6, [r1], -0x1a4",1
"andeq r0, r0, r0",1
"rsbvc r6, ip, r8, ror 10",1
"andeq r0, r0, r0",1
"cmnvc r2, 0x1d800000",1
"rsbeq r6, lr, sb, ror 30",1
"eorslo r2, r2, 56, 28",1
"andeq r0, r0, r0",1
"strbtvc r7, [sb], -0x277",1
"rsbvc r2, r5, 0x65",1
"rsbseq r6, r2, r2, ror pc",1
"eorshs r7, sl, r5, lsr 6",1
"andeq r7, r0, r5, lsr 6",1
"strbpl r2, [lr, -0x41]",1
invalid,1
blpl 0x1d9e4c8,1
invalid,1
"eorvc r7, r0, r1, ror 6",1
"ldrbvs r7, [r3, -0x361]!",1
"ldmdavs r4!, {r2, r5, r6, sp} ^",1
invalid,1
"cdpvs p0, 6, c2, c1, c8, 3",1
"ldrbvs r6, [r8, -0x520]!",1
"ldmdbvc r3!, {r0, r1, r5, r6, sp} ^",1
"stclvs p4, c7, [r5, -0x1cc]!",1
"stclvs p3, c6, [r1], -0x80",1
"andeq r2, sl, ip, ror 28",1
"stmdbvs ip!, {r0, r1, r2, r3, r5, sb, sl, fp, sp} ^",1
"eoreq r7, pc, r2, ror 6",1
"eoreq r7, sp, ip, ror 8",1
"andeq r0, r0, r0",1
"andeq r0, r0, r1",1
"andeq r0, r0, r2",1
"andeq r0, r0, r3",1
"andeq r0, r0, r4",1
"andeq r0, r0, r5",1
"andeq r0, r0, r6",1
"andeq r0, r0, r7",1
"muleq r0, r4, r7",1
"muleq r0, ip, r7",1
"andeq ip, r0, r4, lsr 15",1
"strheq ip, [r0], -r4",1
"strheq ip, [r0], -r8",1
"andeq ip, r0, r0, asr 15",1
"andeq ip, r0, ip, ror 12",1
"andeq ip, r0, r8, asr 15",1
"andeq r0, r0, r0",1
"addseq r8, sb, r2, ror 1",1
"andeq sl, r0, r1, lsr 31",1
"andeq r0, r0, r7, lsr 32",1
"andeq r0, r0, r2, lsr 32",1
"rsbeq r0, r5, r1, lsr 15",1
"addseq r8, r8, r2, ror 1",1
"andeq r0, r0, r0, rrx",1
"ldrbvs r6, [r4, -0x96c]!",1
"rsbeq r6, ip, r2, ror r1",1
"stclvs p8, c6, [r5], -0x1cc",1
"andeq r0, r0, ip, rrx",1
"stclvs p8, c6, [r5], -0x1cc",1
"stclvs p13, c2, [r1], -0x1b0",1
"cmnvc sb, 0xc000001d",1
"andeq r0, r0, r0",1
"andeq r0, r0, r3, rrx",1
invalid,1
"rsbeq r6, r5, sb, ror r2",1
invalid,1
"andeq r6, r0, r0, ror r5",1
invalid,1
"rsbeq r6, r5, r1, ror 24",1
"stmdahs r0!, {r0, r2, r5, r8, sb, ip, sp, lr}",1
"eorhs r7, sb, r5, lsr 6",1
"andeq r7, sl, r5, lsr 6",1
"strhs r7, [r0, -0x325]!",1
"andeq r0, r0, r3, ror sl",1
"eoreq r4, sb, r8, lsr 6",1
invalid,1
"ldrbvs r6, [r3, -0xe65]!",1
"mrrcmi p7, 2, r4, r0, c0",1
blo 0xad15d4,1
"strbpl r4, [lr, -0x720]",1
"mrrcmi p7, 2, r4, r0, c0",1
"rsbvc r7, r5, 32, 12",1
"mcrvs p9, 3, r6, c15, c3, 3",1
svcvs 0x203320,1
invalid,1
"rsbshs r6, r2, r4, ror r5",1
"ldrbtvc r6, [r4], -0x83c",1
svchs 0x2f3a70,1
"cdphs p14, 7, c6, c5, c7, 3",1
svchs 0x67726f,1
"strbvs r6, [r3, -0x96c]!",1
invalid,1
"ldclvs p7, c6, [r0], -0xbc",1
"ldclvs p8, c6, [r4, -0xb8]!",1
beq 0xb941ec,1
invalid,1
"rsbshs r6, r3, r0, lsr 18",1
"strbvs r7, [r5, -0x266]!",1
"strbtvs r7, [pc], -r0, lsr 6",1
"rsbvc r7, r1, 116, 14",1
"stmdbvc r0!, {r0, r2, r5, r6, sb, fp, ip, sp}",1
invalid,1
"qsub16vs r6, r0, r2",1
"rsbhs r6, r5, r2, ror r5",1
invalid,1
"strbvs r6, [lr, -r8, ror 2]!",1
"cdpvs p0, 6, c2, c1, c5, 3",1
"ldrbvs r2, [r2, -0x64]!",1
"ldrbtvc r6, [r3], -0x964",1
"strbvc r6, [r2, -0x972]!",1
"stmdbvs r0!, {r2, r4, r5, r6, r8, sl, sp, lr}",1
"strpl r2, [sl], -0xe74",1
"ldrbvs r6, [r2, -0x568]!",1
"rsbshs r6, r3, r0, lsr 18",1
"strpl r4, [r0, -lr, asr 30]!",1
"cmpmi r2, r1, asr 4",1
"mrrchs p4, 4, r5, sb, c14",1
"rsbhs r7, pc, r0, lsr 8",1
"rsbhs r6, r5, r4, ror r8",1
"ldrbvs r7, [r4, -0x865]!",1
"eorvc r7, r0, lr, ror 8",1
"stmdbvs sp!, {r0, r2, r5, r6, sb, ip, sp, lr} ^",1
"strbtvs r7, [r5], -0x474",1
"rsbshs r6, sb, r0, lsr 4",1
"cdphs p1, 7, c6, c7, c12, 3",1
"andeq r0, r0, sl, lsl 20",1
"strbtvc r7, [sb], -0x257",1
"rsbhs r6, lr, r4, ror r5",1
"strhs r7, [r0, -0x962]!",1
"andeq r2, sl, r3, ror lr",1
"strbtvc r7, [sb], -0x257",1
"rsbhs r6, lr, r4, ror r5",1
"strhs r7, [r0, -0x962]!",1
"mcrvs p0, 3, r2, c1, c3, 3",1
invalid,1
"andeq r0, r0, lr, lsr 20",1
"strbtvc r7, [sb], -0x257",1
"rsbhs r6, lr, r4, ror r5",1
"strhs r7, [r0, -0x962]!",1
"strhs r2, [r0, -0xc73]!",1
invalid,1
"strhs r6, [r0, -0x46e]!",1
"andeq r2, sl, r3, ror lr",1
"strbtvc r7, [sb], -0x257",1
"rsbhs r6, lr, r4, ror r5",1
"strhs r7, [r0, -0x962]!",1
"strhs r2, [r0, -0xc73]!",1
"strhs r2, [r0, -0xc73]!",1
invalid,1
"strhs r6, [r0, -0x46e]!",1
"andeq r2, sl, r3, ror lr",1
"strbtvc r7, [sb], -0x257",1
"rsbhs r6, lr, r4, ror r5",1
"strhs r7, [r0, -0x962]!",1
"strhs r2, [r0, -0xc73]!",1
"strhs r2, [r0, -0xc73]!",1
"strhs r2, [sl, -0xc73]",1
invalid,1
"strhs r6, [r0, -0x46e]!",1
"andeq r2, sl, r3, ror lr",1
"strbtvc r7, [sb], -0x257",1
"rsbhs r6, lr, r4, ror r5",1
"strhs r7, [r0, -0x962]!",1
"strhs r2, [r0, -0xc73]!",1
"strhs r2, [r0, -0xc73]!",1
"strhs r2, [sl, -0xc73]",1
"strhs r2, [r0, -0xc73]!",1
invalid,1
"strhs r6, [r0, -0x46e]!",1
"andeq r2, sl, r3, ror lr",1
"strbtvc r7, [sb], -0x257",1
"rsbhs r6, lr, r4, ror r5",1
"strhs r7, [r0, -0x962]!",1
"strhs r2, [r0, -0xc73]!",1
"strhs r2, [r0, -0xc73]!",1
"strhs r2, [sl, -0xc73]",1
"strhs r2, [r0, -0xc73]!",1
"strhs r2, [r0, -0xc73]!",1
invalid,1
"strhs r6, [r0, -0x46e]!",1
"andeq r2, sl, r3, ror lr",1
"strbtvc r7, [sb], -0x257",1
"rsbhs r6, lr, r4, ror r5",1
"strhs r7, [r0, -0x962]!",1
"strhs r2, [r0, -0xc73]!",1
"strhs r2, [r0, -0xc73]!",1
"strhs r2, [sl, -0xc73]",1
"strhs r2, [r0, -0xc73]!",1
"strhs r2, [r0, -0xc73]!",1
"strhs r2, [r0, -0xc73]!",1
invalid,1
"strhs r6, [r0, -0x46e]!",1
"andeq r2, sl, r3, ror lr",1
"strbtvc r7, [sb], -0x257",1
"rsbhs r6, lr, r4, ror r5",1
"strhs r7, [r0, -0x962]!",1
"strhs r2, [r0, -0xc73]!",1
"strhs r2, [r0, -0xc73]!",1
"strhs r2, [sl, -0xc73]",1
"strhs r2, [r0, -0xc73]!",1
"strhs r2, [r0, -0xc73]!",1
"strhs r2, [r0, -0xc73]!",1
"strhs r2, [sl, -0xc73]",1
invalid,1
"strhs r6, [r0, -0x46e]!",1
"andeq r2, sl, r3, ror lr",1
"strbtvc r7, [sb], -0x257",1
"rsbhs r6, lr, r4, ror r5",1
"strhs r7, [r0, -0x962]!",1
"strhs r2, [r0, -0xc73]!",1
"strhs r2, [r0, -0xc73]!",1
"strhs r2, [sl, -0xc73]",1
"strhs r2, [r0, -0xc73]!",1
"strhs r2, [r0, -0xc73]!",1
"strhs r2, [r0, -0xc73]!",1
"strhs r2, [sl, -0xc73]",1
"strhs r2, [r0, -0xc73]!",1
invalid,1
svcvs 0x20646e,1
"rsbvc r6, r5, 116, 16",1
"andeq r2, sl, r3, ror lr",1
"rsbvc r5, r5, sl, lsl 4",1
"rsbshs r7, r4, pc, ror 4",1
invalid,1
blo 0x1be1ac4,1
beq 0x1ccdec8,1
"andeq r0, r0, r0",1
"stclhs p5, c7, [r7, -0x188]!",1
"ldrbvs r6, [r2, -0xf63]!",1
"stclvs p4, c7, [sb], -0x1d4",1
"mcrvs p0, 3, r4, c7, c3, 3",1
"rsbvc r2, pc, 0x750",1
"andeq r0, r0, r7, rrx",1
"stmdavs r0!, {r0, r2, r5, r8, sb, ip, sp, lr}",1
"rsbhs r6, r5, pc, ror 26",1
"strbvs r6, [r7, -0x170]!",1
"ldrhs r2, [ip, -0x3a]!",1
"andeq r3, sl, r3, ror lr",1
"strbvs r6, [lr, -0x547]!",1
"rsbhs r6, ip, r2, ror r1",1
"rsbvc r6, ip, r8, ror 10",1
"ldmdbvs r3!, {r5, r8, sl, ip, sp, lr} ^",1
"strmi r6, [r0, -lr, ror 14]!",1
invalid,1
"ldrbvc r6, [r4, -pc, ror 12]!",1
blo 0x196141c,1
"strbtvc r3, [r8], -0xc20",1
svchs 0x3a7074,1
"ldrbvc r7, [r7, -pc, lsr 14]!",1
"strbvc r6, [lr, -0x72e]!",1
"ldrbvs r6, [r2, -lr, lsr 30]!",1
"strbtvc r6, [r5], -0x72f",1
"rsbvc r6, ip, r8, ror 10",1
"andeq r3, sl, pc, lsr 28",1
"ldmdbvc r0!, {r0, r1, r6, r8, sb, sl, fp, sp, lr} ^",1
"stmdavs r7!, {r1, r4, r5, r6, r8, fp, sp, lr} ^",1
invalid,1
"rsbhs r2, r4, r0, lsr 10",1
"strbvs r7, [r5, -0x246]!",1
"strbtvs r5, [pc], -r0, lsr 6",1
"rsbvc r7, r1, 116, 14",1
svcvs 0x462065,1
invalid,1
"mcrvs p9, 3, r6, c15, c4, 3",1
"cdpvs p0, 4, c2, c9, c12, 1",1
"andeq r2, r0, r3, ror 28",1
svcvs 0x6d656d,1
"strvs r7, [r0, -0x972]!",1
"strbvc r6, [r1, -0x878]!",1
"strbtvs r7, [r5], -0x473",1
"andeq r0, r0, r0",1
"stclvs p8, c6, [0x00004a44]!",1
"ldmdbvs r4!, {r0, r2, r5, r6, r8, sb, sl, fp, sp} ^",1
"cdpvs p6, 6, c6, c1, c6, 3",1
"eorvs r6, pc, 0x90000007",1
"strbtvs r6, [ip], -0x975",1
"rsbvc r6, pc, 0xbc000000",1
"ldmdbvs r4!, {r0, r2, r5, r6, r8, sl, ip, sp, lr} ^",1
svcmi 0x5f736c,1
"stmdbvs ip!, {r1, r4, r5, r8, sb, sl, fp, sp} ^",1
"andeq r0, r0, r2, rrx",1
"stmdbmi r3, {r0, r6, r8, sb, ip, lr} ^",1
"andeq r0, r0, sb, asr 32",1
"subpl r4, r1, 0x430000",1
"cmpmi r4, r3, asr r5",1
"movtpl r4, 0x194c",1
"subseq r4, r2, r4, asr 18",1
"rsbvc r6, r1, 0x630000",1
"mrchs p5, 3, r6, c4, c3, 3",1
invalid,1
"andeq r0, r0, r3, ror r0",1
"andeq r0, r0, r2, ror r0",1
"teqvc r0, 0x9400000",1
"eorslo r2, r5, r0, lsr 10",1
"andeq r0, r0, r3, ror r0",1
svcvc 0xffc828,1
"andeq r0, r0, r1",1
"andeq r0, r0, r0",1
"andeq sb, r0, r0, lsl 9",1
"andeq sb, r0, r8, asr r4",1
"andeq r0, r0, r0",1
"andeq r0, r0, r1",1
"andeq r0, r0, r0, lsl r0",1
"andeq r0, r0, ip",1
"strheq r8, [r0], -r8",1
"andeq r0, r0, sp",1
"andeq ip, r0, r4, lsl r2",1
"andeq r0, r0, sb, lsl r0",1
"andeq r4, r1, r4, ror 22",1
"andeq r0, r0, fp, lsl r0",1
"andeq r0, r0, r4",1
"andeq r0, r0, sl, lsl r0",1
"andeq r4, r1, r8, ror 22",1
"andeq r0, r0, ip, lsl r0",1
"andeq r0, r0, r4",1
svcvs 0xfffef5,1
"andeq r8, r0, ip, lsl 3",1
"andeq r0, r0, r5",1
"andeq r8, r0, r8, asr r8",1
"andeq r0, r0, r6",1
"strdeq r8, sb, [r0], -r8",1
"andeq r0, r0, sl",1
"muleq r0, r3, r2",1
"andeq r0, r0, fp",1
"andeq r0, r0, r0, lsl r0",1
"andeq r0, r0, r5, lsl r0",1
"andeq r0, r0, r0",1
"andeq r0, r0, r3",1
"andeq r4, r1, r8, asr ip",1
"andeq r0, r0, r2",1
"strdeq r0, r1, [r0], -r0",1
"andeq r0, r0, r4, lsl r0",1
"andeq r0, r0, r1, lsl r0",1
"andeq r0, r0, r7, lsl r0",1
"andeq r8, r0, r8, asr 23",1
"andeq r0, r0, r1, lsl r0",1
"muleq r0, r8, fp",1
"andeq r0, r0, r2, lsl r0",1
"andeq r0, r0, r0, lsr r0",1
"andeq r0, r0, r3, lsl r0",1
"andeq r0, r0, r8",1
svcvs 0xfffffe,1
"andeq r8, r0, r8, ror fp",1
svcvs 0xffffff,1
"andeq r0, r0, r1",1
svcvs 0xfffff0,1
"andeq r8, r0, ip, ror 21",1
"andeq r0, r0, r0",1
"andeq r0, r0, r0",1
"andeq r0, r0, r0",1
"andeq r0, r0, r0",1
"andeq r0, r0, r0",1
"andeq r0, r0, r0",1
"andeq r0, r0, r0",1
"andeq r0, r0, r0",1
"andeq r0, r0, r0",1
"andeq r0, r0, r0",1
"andeq r0, r0, r0",1
"andeq r0, r0, r0",1
"andeq r4, r1, r0, ror fp",1
"andeq r0, r0, r0",1
"andeq r0, r0, r0",1
"andeq r8, r0, r4, asr 27",1
"andeq r8, r0, r4, asr 27",1
"andeq r8, r0, r4, asr 27",1
"andeq r8, r0, r4, asr 27",1
"andeq r8, r0, r4, asr 27",1
"andeq r8, r0, r4, asr 27",1
"andeq r8, r0, r4, asr 27",1
"andeq r8, r0, r4, asr 27",1
"andeq r8, r0, r4, asr 27",1
"andeq r8, r0, r4, asr 27",1
"andeq r8, r0, r4, asr 27",1
"andeq r8, r0, r4, asr 27",1
"andeq r8, r0, r4, asr 27",1
"andeq r8, r0, r4, asr 27",1
"andeq r8, r0, r4, asr 27",1
"andeq r8, r0, r4, asr 27",1
"andeq r8, r0, r4, asr 27",1
"andeq r8, r0, r4, asr 27",1
"andeq r8, r0, r4, asr 27",1
"andeq r8, r0, r4, asr 27",1
"andeq r8, r0, r4, asr 27",1
"andeq r8, r0, r4, asr 27",1
"andeq r8, r0, r4, asr 27",1
"andeq r8, r0, r4, asr 27",1
"andeq r8, r0, r4, asr 27",1
"andeq r8, r0, r4, asr 27",1
"andeq r8, r0, r4, asr 27",1
"andeq r8, r0, r4, asr 27",1
"andeq r8, r0, r4, asr 27",1
"andeq r8, r0, r4, asr 27",1
"andeq r8, r0, r4, asr 27",1
"andeq r8, r0, r4, asr 27",1
"andeq r8, r0, r4, asr 27",1
"andeq r8, r0, r4, asr 27",1
"andeq r8, r0, r4, asr 27",1
"andeq r8, r0, r4, asr 27",1
"andeq r8, r0, r4, asr 27",1
"andeq r8, r0, r4, asr 27",1
"andeq r8, r0, r4, asr 27",1
"andeq r8, r0, r4, asr 27",1
"andeq r8, r0, r4, asr 27",1
"andeq r8, r0, r4, asr 27",1
"andeq r8, r0, r4, asr 27",1
"andeq r8, r0, r4, asr 27",1
"andeq r8, r0, r4, asr 27",1
"andeq r8, r0, r4, asr 27",1
"andeq r8, r0, r4, asr 27",1
"andeq r8, r0, r4, asr 27",1
"andeq r8, r0, r4, asr 27",1
"andeq r8, r0, r4, asr 27",1
"andeq r8, r0, r4, asr 27",1
"andeq r8, r0, r4, asr 27",1
"andeq r8, r0, r4, asr 27",1
"andeq r8, r0, r4, asr 27",1
"andeq r8, r0, r4, asr 27",1
"andeq r8, r0, r4, asr 27",1
"andeq r8, r0, r4, asr 27",1
"andeq r8, r0, r4, asr 27",1
"andeq r8, r0, r4, asr 27",1
"andeq r8, r0, r4, asr 27",1
"andeq r8, r0, r4, asr 27",1
"andeq r8, r0, r4, asr 27",1
"andeq r0, r0, r0",1
"andeq r4, r1, r8, ror 26",1
"andeq r0, r0, r0",1
"andeq r0, r0, r0",1
"ldrdeq ip, sp, [r0], -r4",1
"andeq r0, r0, r1",1
"andeq r4, r1, ip, ror sp",1
"andeq r0, r0, r1",1
"andeq r0, r0, r0, lsl 2",1
"andeq r4, r1, r8, ror 27",1
"andeq r0, r0, r6",1
"andeq r0, r0, r0",1
"andeq r0, r0, r0",1
"andeq r0, r0, r0",1
"andeq r0, r0, r0",1
"andeq r0, r0, r0",1
"andeq r0, r0, r0",1
"andeq r0, r0, r0",1
"andeq r0, r0, r0",1
"andeq r0, r0, r0",1
"andeq r0, r0, r0",1
"andeq r0, r0, r0",1
blo 0x10d5ad8,1
"cdpmi p8, 4, c2, c7, c0, 1",1
"strtlo r2, [r0], -0x955",1
"eorlo r3, lr, 0xb80000",1
"eorseq r4, r4, r0, lsl 2",1
"strbvs r0, [r1, -0]!",1
"rsbeq r6, sb, r1, ror 4",1
"andeq r2, r0, r1, lsl 20",1
"ldchs p5, c0, [r7, -0]!",1
beq 0x184ee4,1
invalid,1
"movweq r0, 0xa209",1
"ldreq r0, [r2], -0x10c",1
"tsteq r4, r3, lsl r1",1
"tsteq r7, 0x40000005",1
"tsteq sb, r8, lsl r1",1
"tsteq fp, 0xa0000001",1
"andeq r0, r0, r2, lsr 2",1
"andeq r0, r0, r0",1
"andeq r0, r0, ip, lsl r0",1
"andeq r0, r0, r2",1
"andeq r0, r4, r0",1
"andeq r0, r0, r0",1
"andeq sb, r0, r0, lsl 7",1
"andeq r0, r0, ip, lsr r0",1
"andeq r0, r0, r0",1
"andeq r0, r0, r0",1
"andeq r0, r0, r4, lsl r0",1
"adceq r0, pc, r2",1
"andeq r0, r4, r0",1
"andeq r0, r0, r0",1
"andeq r0, r0, r0",1
"andeq r0, r0, r0",1
"andeq r0, r0, ip, lsr 32",1
"teqeq r8, r2",1
"andeq r0, r4, r0",1
"andeq r0, r0, r0",1
"strheq sb, [r0], -ip",1
"andeq r0, r0, r4, lsr 32",1
"strheq r8, [r0], -r8",1
"andeq r0, r0, r8",1
"andeq ip, r0, r4, lsl r2",1
"andeq r0, r0, r4",1
"andeq r0, r0, r0",1
"andeq r0, r0, r0",1
"andeq r0, r0, r4, lsr 32",1
invalid,1
"andeq r0, r4, r0",1
"andeq r0, r0, r0",1
"strheq sb, [r0], -r4",1
"andeq r0, r0, r8, asr r7",1
"andeq sb, r0, r0, asr 1",1
"andeq r0, r0, r0, asr 5",1
"andeq r0, r0, r0",1
"andeq r0, r0, r0",1
"andeq r0, r0, r4, lsl r0",1
"cdpne p0, 0xd, c0, c5, c2, 0",1
"andeq r0, r4, r0",1
"andeq r0, r0, r0",1
"andeq r0, r0, r0",1
"andeq r0, r0, r0",1
"andeq r0, r0, ip, lsl r0",1
svcne 0x170002,1
"andeq r0, r4, r0",1
"andeq r0, r0, r0",1
"andeq sb, r0, ip, lsl 24",1
"andeq r0, r0, r8, lsl 2",1
"andeq r0, r0, r0",1
"andeq r0, r0, r0",1
"andeq r0, r0, ip, lsl r0",1
"ldrths r0, [sl], -2",1
"andeq r0, r4, r0",1
"andeq r0, r0, r0",1
"andeq sb, r0, r4, lsl sp",1
"muleq r0, ip, r0",1
"andeq r0, r0, r0",1
"andeq r0, r0, r0",1
"andeq r0, r0, r4, lsl r0",1
"ldrbhs r0, [r1, -2]!",1
"andeq r0, r4, r0",1
"andeq r0, r0, r0",1
"andeq r0, r0, r0",1
"andeq r0, r0, r0",1
"andeq r0, r0, ip, lsl r0",1
"ldrbhs r0, [sl, 2]!",1
"andeq r0, r4, r0",1
"andeq r0, r0, r0",1
"strheq sb, [r0], -r0",1
"strheq r0, [r0], -r4",1
"andeq r0, r0, r0",1
"andeq r0, r0, r0",1
"andeq r0, r0, ip, lsl r0",1
bhs 0x1fc4f34,1
"andeq r0, r4, r0",1
"andeq r0, r0, r0",1
"andeq sb, r0, r4, ror 28",1
"andeq r1, r0, r8, asr r5",1
"andeq r0, r0, r0",1
"andeq r0, r0, r0",1
"andeq r0, r0, ip, lsl r0",1
"rsbspl r0, sl, r2",1
"andeq r0, r4, r0",1
"andeq r0, r0, r0",1
"strheq fp, [r0], -ip",1
"andeq r0, r0, r4, asr r0",1
"andeq r0, r0, r0",1
"andeq r0, r0, r0",1
"andeq r0, r0, ip, lsl r0",1
"bicpl r0, r7, 2",1
"andeq r0, r4, r0",1
"andeq r0, r0, r0",1
"andeq fp, r0, r0, lsl r4",1
"strheq r0, [r0], -ip",1
"andeq r0, r0, r0",1
"andeq r0, r0, r0",1
"andeq r0, r0, r4, lsl r0",1
svcpl 0xfb0002,1
"andeq r0, r4, r0",1
"andeq r0, r0, r0",1
"andeq r0, r0, r0",1
"andeq r0, r0, r0",1
"andeq r0, r0, ip, lsl r0",1
"movwvs r0, 0xd002",1
"andeq r0, r4, r0",1
"andeq r0, r0, r0",1
"andeq fp, r0, ip, asr 17",1
"andeq r0, r0, r8, lsl 4",1
"andeq r0, r0, r0",1
"andeq r0, r0, r0",1
"andeq r0, r0, ip, lsl r0",1
"ldmibvs r0!, {r1}",1
"andeq r0, r4, r0",1
"andeq r0, r0, r0",1
"ldrdeq fp, ip, [r0], -r4",1
"andeq r0, r0, r0, asr 32",1
"andeq r0, r0, r0",1
"andeq r0, r0, r0",1
"andeq r0, r0, ip, lsl r0",1
blvs 0x4fec,1
"andeq r0, r4, r0",1
"andeq r0, r0, r0",1
"andeq fp, r0, r4, lsl fp",1
"andeq r0, r0, r4, lsr r0",1
"andeq r0, r0, r0",1
"andeq r0, r0, r0",1
"andeq r0, r0, ip, lsl r0",1
"stclvs p0, c0, [r6], -8",1
"andeq r0, r4, r0",1
"andeq r0, r0, r0",1
"andeq fp, r0, r8, asr 22",1
"andeq r0, r0, r4, lsl 1",1
"andeq r0, r0, r0",1
"andeq r0, r0, r0",1
"andeq r0, r0, ip, lsl r0",1
"addvc r0, fp, r2",1
"andeq r0, r4, r0",1
"andeq r0, r0, r0",1
"andeq fp, r0, ip, asr 23",1
"andeq r0, r0, r4, asr 6",1
"andeq r0, r0, r0",1
"andeq r0, r0, r0",1
"andeq r0, r0, ip, lsl r0",1
"strhi r0, [sb, 2]!",1
"andeq r0, r4, r0",1
"andeq r0, r0, r0",1
"andeq fp, r0, r0, lsl pc",1
"andeq r0, r0, r0, lsr 1",1
"andeq r0, r0, r0",1
"andeq r0, r0, r0",1
"andeq r0, r0, ip, lsl r0",1
bhi 0xac506c,1
"andeq r0, r4, r0",1
"andeq r0, r0, r0",1
"strheq fp, [r0], -r0",1
"andeq r0, r0, r4, asr r0",1
"andeq r0, r0, r0",1
"andeq r0, r0, r0",1
"andeq r0, r0, ip, lsl r0",1
"cdphi p0, 2, c0, c6, c2, 0",1
"andeq r0, r4, r0",1
"andeq r0, r0, r0",1
"andeq ip, r0, r4",1
"andeq r0, r0, r4, lsr 1",1
"andeq r0, r0, r0",1
"andeq r0, r0, r0",1
"andeq r0, r0, ip, lsl r0",1
"eorsls r0, r2, 2",1
"andeq r0, r4, r0",1
"andeq r0, r0, r0",1
"andeq ip, r0, r8, lsr 1",1
"andeq r0, r0, r8, asr 1",1
"andeq r0, r0, r0",1
"andeq r0, r0, r0",1
"andeq r0, r0, ip, lsl r0",1
"tstls lr, 2",1
"andeq r0, r4, r0",1
"andeq r0, r0, r0",1
"andeq ip, r0, r0, ror r1",1
"andeq r0, r0, r0, lsl r0",1
"andeq r0, r0, r0",1
"andeq r0, r0, r0",1
"andeq r0, r0, ip, lsl r0",1
"strls r0, [sl], -2",1
"andeq r0, r4, r0",1
"andeq r0, r0, r0",1
"andeq ip, r0, r0, lsl 3",1
"andeq r0, r0, r8, rrx",1
"andeq r0, r0, r0",1
"andeq r0, r0, r0",1
"andeq r0, r0, ip, lsl r0",1
"strbls r0, [ip, -2]",1
"andeq r0, r4, r0",1
"andeq r0, r0, r0",1
"andeq ip, r0, r8, ror 3",1
"andeq r0, r0, ip, lsr 32",1
"andeq r0, r0, r0",1
"andeq r0, r0, r0",1
"andeq r0, r0, r4, lsr 32",1
"ldrbls r0, [r1], -r2",1
"andeq r0, r4, r0",1
"andeq r0, r0, r0",1
"andeq r8, r0, r0, asr 27",1
"andeq r0, r0, r4",1
"andeq ip, r0, r8, lsl r2",1
"andeq r0, r0, r4",1
"andeq r0, r0, r0",1
"andeq r0, r0, r0",1
"andeq r0, r0, fp, lsr 1",1
"andeq r0, r0, r2",1
invalid,1
"andeq r0, r0, r0",1
"andeq sb, r0, r0, lsl 7",1
"strheq sb, [r0], -ip",1
"eorvc r2, pc, lr, lsr 28",1
"cmnvc r4, 0xf0000006",1
"cmnvc sb, 0xbc000000",1
"cmnvc r0, 100, 10           ; 0x64",1
"ldclvs p1, c6, [r2, -0xbc]!",1
"cmnvs r4, pc, lsr 6",1
invalid,1
svcvs 0x682f00,1
bvs 0xbde734,1
blvs 0x1ca270c,1
"stmdbvc pc!, {r0, r2, r5, r6, sl, ip, sp, lr}",1
svcvs 0x74636f,1
"ldmdbvs r5!, {r0, r1, r2, r3, r5, sb, sp, lr} ^",1
"strtvc r6, [pc], -0x46c",1
"strvc r7, [pc, -sp, rrx]!",1
svchs 0x6b726f,1
"strbtvc r7, [sp], -r1, ror 4",1
"qasxvc r6, sp, r7",1
"cdpvs p0, 2, c7, c13, c6, 3",1
"stclhs p15, c6, [lr, -0x194]!",1
"stmdbvc fp!, {r4, r5, r6, r8, sb, sl, fp, sp, lr} ^",1
"cdpvs p12, 6, c6, c9, c13, 1",1
invalid,1
invalid,1
"strvs r6, [0x0000485e]!",1
"rsbvs r6, sb, 0x6700",1
"cdphs p15, 3, c2, c2, c3, 3",1
"eorvc r3, sp, 0xc40000",1
invalid,1
invalid,1
invalid,1
"stmdbvs ip!, {r0, r1, r2, r4, r5, r8, sb, sl, fp, sp} ^",1
invalid,1
"smlsdxmi r0, r3, r5, r7",1
invalid,1
"mrchs p0, 1, r2, c2, c3, 2",1
invalid,1
"strhi r0, [r0, 0x100]",1
"andeq r0, r0, 0",1
"andeq r1, r0, r0, lsl 8",1
"cdpeq p4, 0, c0, c1, c0, 0",1
invalid,1
"andeq r2, r0, sb, lsl 18",1
"andeq r0, r0, r1, rrx",1
"andeq r0, r0, pc, asr r0",1
invalid,1
"andeq r0, r0, 0",1
"eorseq r0, pc, r2, lsl 14",1
"streq r0, [r2], -0",1
"andeq r2, r0, r7, lsl 8",1
"streq r0, [r4, -r0, lsl 4]",1
"andeq r0, r0, pc, lsl r0",1
"movwlo r0, 0x6102",1
"andeq r0, r0, 0",1
"sbceq r0, fp, r2, lsl 10",1
"streq r0, [r3], -0",1
"strbtvc r6, [lr], -0x905",1
"streq r0, [r8, -0x200]",1
"andeq r0, r0, r0",1
bne 0x1c7254,1
"andeq r0, r0, 0",1
"andeq r0, r5, r4, lsl 10",1
"streq r0, [r2], -0",1
"andeq sp, r0, r7, lsl 10",1
"stmdaeq r1, {sb}",1
"andeq r0, r0, sl, lsr r0",1
"andeq r5, r0, r4, lsl 4",1
"tsthi r8, 0, 2",1
invalid,1
"andsgt r0, ip, 0x14000000",1
"strmi r0, [r5, -r0]",1
"andeq r0, r0, r0",1
"andeq r0, r0, r6, lsr 1",1
"subseq r0, r2, r2",1
invalid,1
"andeq r0, r0, r6, lsl 1",1
"andeq r0, r0, r0",1
"eorvc r2, pc, lr, lsr 28",1
"cmnvc r4, 0xf0000006",1
"cmnvc sb, 0xbc000000",1
"cmnvc r0, 100, 10           ; 0x64",1
"ldclvs p1, c6, [r2, -0xbc]!",1
"ldrbtvc r6, [r2], -0x32f",1
"subseq r2, r3, sb, ror 28",1
"stclvs p8, c6, [0x000051f4]!",1
"rsbvs r2, sl, 0x194",1
"strbvs r7, [fp, -0x275]!",1
svcvs 0x792f74,1
svchs 0x6f7463,1
"stclvs p5, c7, [sb], -0x188",1
"ldclvs p15, c2, [r4, -0x190]!",1
svcvs 0x772f70,1
invalid,1
invalid,1
"ldrbtvs r2, [r6], -r1, ror 26",1
"strbvs r2, [lr, -0xd70]!",1
"eorvc r6, sp, pc, ror 28",1
invalid,1
"strbvc r6, [lr, -0x96c]!",1
"mcrvs p13, 3, r2, c7, c8, 3",1
"rsbvs r6, r1, 0x1d400000",1
"strbvs r2, [r5, -sb, ror 30]!",1
invalid,1
invalid,1
"cmnlo r2, 0xdc0",1
"stclvs p5, c6, [r7], -0xbc",1
"stclhs p2, c6, [r3, -0x1a4]!",1
invalid,1
"rsbvs r6, sb, 0x2f00",1
invalid,1
"mcrmi p0, 2, r0, c7, c5, 3",1
"movtpl r2, 0x1055",1
"eorlo r3, lr, 32, 4",1
"eorseq r2, r1, r3, lsr lr",1
"stclne p0, c8, [pc], 4",1
"andeq r0, r2, r0",1
"andeq r0, r0, r4, rrx",1
"andeq r0, lr, r4, lsl 2",1
"andgt r0, r1, 0",1
"str r0, [r0], -r1",1
"stmdalo r0, {r0}",1
"andeq r0, r0, r2",1
"andeq r0, r0, r0",1
invalid,1
"andeq r0, r0, 0",1
"eorseq r0, r1, r1, lsl 16",1
"andeq r0, r2, 0",1
"andeq r3, r0, r7, lsl 30",1
"streq r0, [r4, -r0, lsl 4]",1
"andeq r0, r0, r4, lsr 32",1
svcne 0x70402,1
"andeq r0, r0, 0",1
"eorseq r0, r3, r1, lsl 12",1
"andeq r0, r2, 0",1
"andeq ip, r0, r5, lsl 22",1
"streq r0, [r4, -0x300]",1
"rsbseq r6, r4, sb, ror 28",1
"andeq r0, r5, r2, lsl 16",1
"andeq r0, r0, 0",1
"andseq r0, sl, r8, lsl 14",1
"strhs r0, [r4], -r0",1
"streq r0, [r0, -r2]",1
"andeq r5, r0, r7, lsr sl",1
invalid,1
invalid,1
"andeq r0, r0, r1, rrx",1
"andeq lr, r3, r4, lsl 20",1
"orrvc r0, r5, 0, 14",1
"streq r0, [r0], -0",1
"andeq r0, r0, sp, ror 10",1
"eorseq r8, r7, r7, lsl 12",1
"movwls r0, 0x4000",1
"streq r0, [r0, -r1]",1
"andeq r3, r0, r7, lsl 15",1
"ldreq r0, [fp, -0x400]",1
invalid,1
"andeq r0, r0, lr, lsr r0",1
"andeq sl, r6, r4, lsl 30",1
"orrvc r0, sb, 0, 14",1
"streq r0, [r0], -0",1
"strheq r0, [r0], -r1",1
"eorseq r8, r7, r7, lsl 20",1
"strmi r0, [r4, -r0]",1
"streq r0, [r0, -r3]",1
"andeq r3, r0, fp, lsl 15",1
"sbcseq r0, lr, r0, lsl 8",1
invalid,1
"ldrdeq r0, r1, [r0], -r6",1
"streq r0, [r5, -0x402]",1
"streq r0, [r0], -0",1
"andeq r0, r0, fp, ror r5",1
"rsbeq r8, r8, r7, lsl 26",1
"streq r0, [r2], -0",1
"andeq sp, r0, r7, lsl 10",1
"strbeq r0, [r6, 0x400]!",1
"strls r0, [r7], -0",1
"ldrdeq r0, r1, [r0], -r6",1
blo 0x106438,1
"streq r0, [r0, -r5]",1
"andeq sp, r0, r2, lsr 13",1
"ldrbteq r0, [pc], -0x400    ; [0x5430:4]=104 ; ""h""",1
invalid,1
"andeq r0, r0, r8, rrx",1
"andeq pc, r3, r4, lsl 18",1
"ldrtle r0, [r8], r0, lsl 14",1
"streq r0, [r0], -r0",1
"andeq r2, r1, r4, lsl 6",1
"stmdaeq r1, {sb}",1
"andeq r0, r0, sl, lsr r0",1
"teqeq r0, r6, lsl 8",1
"movwhs r0, 0x7000",1
"stmdaeq r0, {r0}",1
"andeq r0, r0, r7, asr 9",1
bvc 0x1a474a4,1
"stmdbeq r0, {r0}",1
"strdeq r0, r1, [r0], -sp",1
invalid,1
"movwhs r0, 0x2000",1
"ldrbeq r0, [r0, 0x900]",1
"cdpvs p0, 0, c0, c8, c0, 0",1
"andeq r0, r0, r3, asr r0",1
"stmdbeq r4, {r1, r8, sb, sp}",1
"andeq r2, r0, r0, ror 12",1
"cmneq sl, r8, lsl 30",1
"movwhs r0, 0x2000",1
"cmnvs r6, r8, lsl 20",1
"andvc r0, r8, ip, rrx",1
"andeq r0, r0, r3, asr r0",1
"andeq r2, ip, r2, lsl 6",1
"subseq r0, r3, r6, lsl 8",1
svclo 0x40000,1
"stmdbeq r0, {r0, r2}",1
"ldrdeq r3, r4, [r0], -r5",1
"ldrbeq r0, [r5], -0x400",1
"andlo r0, sl, r0",1
"muleq r0, r6, r1",1
"andeq r5, r4, r8, lsl 2",1
invalid,1
"andeq r0, r0, r1, asr r3",1
"andeq r3, sl, sb, lsl 30",1
invalid,1
"andeq r0, r0, 0",1
"str r0, [sb], -r3, lsr 32",1
bleq 0x54dc,1
"strdeq r1, r2, [r1], -ip",1
"strteq r0, [r3], -0x200",1
"andeq ip, r3, sb, lsl 6",1
invalid,1
"andeq r0, r0, 1",1
"strhi r0, [sb, -0x823]",1
bleq 0x550c,1
"strdeq r1, r2, [r1], -lr",1
"stceq p2, c0, [r3], -0",1
"andeq ip, r6, sb, lsl 16",1
invalid,1
"andeq r0, r0, 1",1
invalid,1
bleq 0x551c,1
"tsteq sp, r0, lsl 2",1
"movwhs r0, 0x2000",1
"ldreq r0, [r5], -0xb14",1
"mrseq r0, apsr",1
"andeq r1, r1, r1, lsl 26",1
"stmdane r3!, {sb}",1
"andeq r6, r1, fp, lsl 4",1
invalid,1
"andeq r0, r0, sp, lsl r1",1
bleq 0x70e144,1
"andeq r0, r0, r4, lsl 4",1
"stcne p3, c0, [r1, -0x2c]",1
"andeq r0, r0, 1",1
"stmdblo fp, {r0, r1, r5, sp}",1
bleq 0x555c,1
"tsteq sp, r5, lsl 2",1
"movwhs r0, 0x2000",1
"ldrbeq r0, [r7], -r4, lsr 22",1
"streq r0, [fp], -r0",1
"andeq r1, r1, r1, lsl 26",1
"stmdahs r3!, {sb}",1
"andeq sb, r5, fp, lsl 20",1
invalid,1
"andeq r0, r0, sp, lsl r1",1
bleq 0xb0e180,1
"andeq r0, r0, r6, ror r4",1
svchi 0x1090b,1
"andeq r0, r0, 3",1
"vhadd.u8 d3, d11, d19",1
bleq 0x558c,1
"orrseq r0, r5, 0xc0000002",1
"movwhs r0, 0x2000",1
invalid,1
"stceq p0, c0, [fp, -0]",1
"andeq r5, r0, r1, lsl 6",1
"stmdalo r3!, {sb}",1
"andeq r8, r3, fp, lsl 10",1
"tsteq r1, r0, lsl 22",1
"andeq r0, r0, r3, asr r0",1
bleq 0xf0e1bc,1
"andeq r0, r0, r0, asr r2",1
blgt 0x4a1e8,1
"andeq r0, r0, 0",1
"andne r4, fp, r3, lsr 32",1
bleq 0x55d0,1
"eorseq r0, r0, r7, lsl r1",1
"movwhs r0, 0x2000",1
"ldrbeq r0, [pc], 0xb44      ; [0x55d4:4]=0x4501",1
invalid,1
"andeq r4, r0, r1, lsl 10",1
"strtmi r0, [r3], -r0, lsl 4",1
"andeq r4, r1, fp",1
"tsteq sb, r0, lsl 22",1
"muleq r0, fp, r3",1
bleq 0x11ce1f8,1
"andeq r0, r0, pc, ror r3",1
blge 0x4ca24,1
"andeq r0, r0, 3",1
"strpl r4, [fp], -0x823",1
bleq 0x560c,1
"sbcseq r0, sp, r6, lsr 2",1
"movwhs r0, 0x2000",1
"strbeq r0, [r2, 0xb50]",1
svchs 0xb0000,1
"andeq pc, r0, r1, lsl 20",1
"stmdapl r3!, {sb}",1
"andeq ip, r5, fp, lsl 18",1
"teqeq r0, r0, lsl 22",1
"strdeq r0, r1, [r0], -sl",1
bleq 0x170e234,1
"muleq r0, pc, r2",1
blx 0x51a60,1
"andeq r0, r0, 0",1
"stmdale fp, {r0, r1, r5, sp, lr}",1
bleq 0x5654,1
"rscseq r0, sl, r2, lsr r1",1
"movwhs r0, 0x2000",1
"ldrbeq r0, [0x000061b0]     ; [0x61b0:4]=0x76f0000",1
"movwlo r0, 0xb000",1
"andeq r8, r1, r1",1
"stmdavs r3!, {sb}",1
"andeq fp, r3, fp, lsl 2",1
"teqeq r5, r0, lsl 22",1
"andeq r0, r0, r3, asr r0",1
bleq 0x1b0e270,1
"strdeq r0, r1, [r0], -r5",1
invalid,1
"andeq r0, r0, 3",1
invalid,1
"andeq r0, r0, r6, asr 8",1
"strlt sb, [r8, -fp, lsl 22]",1
invalid,1
"orreq sl, pc, 0xc0000002",1
"strvc r0, [sb, -0]",1
bleq 0x56a4,1
"andeq r8, r3, r2, lsr 31",1
"eoreq r0, r3, r0, lsl 4",1
"andeq r0, r3, sb, lsl 18",1
"strls r0, [r3, 0xb00]!",1
"andeq r0, r0, 3",1
bvs 0x246734,1
bleq 0x56bc,1
"andeq r5, r0, r7, lsr 7",1
"stmdaeq r3!, {sb}",1
"stmdapl r4, {sb, sl}",1
"streq r0, [r0], -r3",1
"andeq sb, r1, r4, lsl 12",1
invalid,1
invalid,1
invalid,1
"andeq r0, r0, r0",1
invalid,1
"stceq p0, c0, [r0, -0xc]",1
"andeq r0, r0, r3, lsr 2",1
"andeq r0, r0, r1, asr 7",1
"andeq lr, r0, lr, lsl 16",1
"streq r2, [r0], -0x700",1
"andeq r0, r0, sp, lsl r5",1
"adceq r3, sl, ip, lsl 4",1
invalid,1
invalid,1
"andeq r7, r0, ip, lsr lr",1
"strbeq r0, [r8, 0x400]!",1
blmi 0x345704,1
"andeq r0, r0, pc, ror 1",1
"andeq sp, r2, r8, lsl 18",1
"stmdavc sp, {fp}",1
"andeq r0, r0, fp, lsl 8",1
"andeq r6, r4, sb, lsl 30",1
svc 0x7a0d00,1
"andeq r0, r0, 0",1
ble 0x2457b0,1
"stceq p0, c0, [r0, -0xc]",1
"andeq r1, r1, fp, ror r2",1
"strteq r0, [r3], -0x200",1
"subseq r0, r3, r0, lsl 30",1
invalid,1
"stmdavs r0, {r1, r2}",1
"ldrbteq r2, [sp], 0x60e",1
"movwmi r0, 0x9000",1
"cdpeq p0, 0, c0, c0, c6, 0",1
"andeq r7, r0, r8, lsr 28",1
"eoreq r0, r3, r0, lsl 4",1
"andeq ip, r5, sb, lsl 4",1
"eorlo r0, sb, r0, lsl 28",1
"andeq r0, r0, 0",1
"strvc r0, [sb], -r3, lsr 16",1
"cdpeq p0, 0, c0, c0, c3, 0",1
"andeq sb, r0, sp, lsr 30",1
"stceq p2, c0, [r3], -0",1
"andeq sl, r3, sb, lsl 30",1
"strlt r0, [0x00004974]!",1
"andeq r0, r0, 0",1
"strls r1, [sb], -0x23",1
"cdpeq p0, 0, c0, c0, c4, 0",1
"andeq ip, r0, r0, lsr r0",1
"strtne r0, [r3], -0x200",1
"andeq fp, r2, sb",1
"ldmdbhi r1!, {sb, sl, fp}",1
"andeq r0, r0, 0",1
bllt 0x24b824,1
"cdpeq p0, 0, c0, c0, c5, 0",1
"andeq sb, r0, r2, lsr r4",1
"stcne p2, c0, [r3], -0",1
"andeq r2, r5, sb, lsl 6",1
"cdpvc p14, 3, c0, c3, c0, 0",1
"andeq r0, r0, 0",1
"stmdbgt sb, {r0, r1, r5, sp}",1
"cdpeq p0, 0, c0, c0, c5, 0",1
"andeq r3, r0, r4, lsr r0",1
"stmdahs r3!, {sb}",1
"andeq sb, r3, sb, lsl 24",1
"ldcle p14, c0, [r8, -0]!",1
"andeq r0, r0, 0",1
"cdpgt p0, 0, c3, c9, c3, 1",1
"cdpeq p0, 0, c0, c0, c4, 0",1
"andeq pc, r0, sl, lsr ip",1
"stmdalo r3!, {sb}",1
"andeq sl, r2, sb, lsl 12",1
"ldreq r0, [pc, -r0, lsl 28]! ; [0x57e4:4]=0x2f094023",1
"andeq r0, r0, 1",1
svchs 0x94023,1
"cdpeq p0, 0, c0, c0, c2, 0",1
"andeq lr, r3, r8, asr 4",1
"stmdami r3!, {sb}",1
"andeq r6, r6, sb, lsl 14",1
"sub r0, sb, 0, 28",1
"andeq r0, r0, 3",1
blx 0x259894,1
"cdpeq p0, 0, c0, c0, c0, 0",1
"andeq lr, r3, sl, asr 4",1
"stmdapl r3!, {sb}",1
"andeq r7, r3, sb, lsl 16",1
bge 0x168901c,1
"andeq r0, r0, 0",1
"andne r6, r0, r3, lsr 32",1
"stc2 p6, c0, [r4, -4]",1
"streq r0, [r0], -r4",1
"andeq r0, r5, r4, lsl 22",1
"tsths r2, 0, 2",1
"stmdane r0, {r2}",1
"andsvs r0, r6, r1, lsl 30",1
"stmdbeq r0, {r0, r2}",1
"andeq r0, r0, r7, lsr 11",1
"adceq r1, sl, pc, lsl 24",1
"movwhs r0, 0x2000",1
"tsteq r8, 0, 18",1
"stcne p0, c0, [0x00005854]",1
"ldrdeq r0, r1, [r0], -sp",1
"stmdbeq r8, {r1, r8, sb, sp}",1
"ldrdeq r0, r1, [r0], -r3",1
"eorseq r1, r0, pc, lsl 30",1
"movwhs r0, 0x2000",1
"strteq r0, [ip], 0x910",1
"andhs r0, pc, r0",1
"andeq r0, r0, sb, lsr 32",1
"ldmdbeq r2, {r1, r8, sb, sp}",1
"strdeq r0, r1, [r0], -fp",1
"strbeq r2, [r0, -0x10f]!",1
"movwhs r0, 0x2000",1
"movwhs r0, 0xd013",1
"andvc r0, r0, r1",1
"cdpeq p0, 0, c0, c0, c5, 0",1
"andeq r0, r0, r8, ror 1",1
"ldrmi r0, [r3], -0xff",1
"strne r5, [r0], -0x249",1
"andeq r7, r5, r0, lsl 23",1
"cmpeq pc, 0, 8",1
"strne r0, [r1, -0]",1
"rsbsls r0, fp, r4, lsl 10",1
"strne r0, [r0], -r5",1
"andeq r0, r0, r8, lsl r6",1
"ldreq r0, [r7], -0",1
"strge r4, [r1], -r5, lsl 6",1
"strne r0, [r0], -r5",1
"andeq r0, r0, r1, asr r1",1
invalid,1
"rsbseq r0, sp, r0",1
"andeq r7, r1, r8, lsl 16",1
"ldreq r1, [r0, -r0]",1
"andeq r0, r0, pc, asr 11",1
"andeq r7, r3, sb, lsl 16",1
"mrsgt r1, apsr",1
"andeq r0, r0, 3",1
"movwmi r0, 0x9023",1
"andne r0, r0, r6",1
"andeq ip, r3, sl, lsl 24",1
"stmdaeq r3!, {sb}",1
"ldreq r0, [sb, -r0, lsl 16]",1
invalid,1
"andeq r0, r6, r1, lsr 12",1
"strbvc r0, [r2, -0xa00]!",1
"movwhs r0, 0x1066",1
"andeq r0, r0, sp, lsl r1",1
"stmdbeq r0, {r1, r8, sb, sp}",1
"andeq r0, r0, sl, lsr 8",1
"orreq r2, r0, r1, lsl 8",1
"movwhs r0, 0x2000",1
"ldmdbhs sp, {r2, r8, fp}",1
"strhs r0, [r1, -0]",1
"andeq r0, r0, sp, lsl r1",1
"andeq r2, r8, r2, lsl 6",1
"strteq r0, [r3], 0x118",1
"strvs r0, [r2, -r0]",1
"andeq pc, r0, r1, lsl 20",1
"strteq r0, [fp], -r0, lsl 6",1
"cdpvs p0, 1, c0, c9, c0, 0",1
"rsbhi r0, r7, r0, lsl 4",1
"stmdbne r0, {r0}",1
"smlsdxvs r2, r3, r0, r0",1
"andeq r0, r0, r0, lsl 3",1
"movwls r1, 0x1a00",1
"movweq r0, 5",1
"rscseq r0, sl, r0, lsr r1",1
"mrseq r0, apsr",1
"andeq r0, r0, r0, ror 12",1
"andeq ip, r1, fp, lsl ip",1
blx 0xc0656c,1
blne 0x5970,1
"andeq r0, r0, r7, lsl 3",1
"streq r3, [r5, -3]",1
invalid,1
"movweq r0, 4",1
"andeq r8, r1, r0, lsr r0",1
"tsteq sl, r0",1
"andeq r0, r0, r8, asr 5",1
"movwpl r5, 0x1f06",1
"movweq r0, 0",1
"andeq r8, r6, r1, lsl 22",1
"sbcseq r1, r0, 0, 22",1
svcpl 0x60000,1
"andeq r0, r0, fp, lsl 13",1
"andeq sl, r5, fp, lsl sp",1
bhs 0x17c71ac,1
invalid,1
blhi 0x1071b4,1
"stcne p0, c0, [r0, -4]",1
"andeq r7, r6, r1, lsl 16",1
"biceq r0, r6, r0, lsl 8",1
"andeq r5, r0, r1, lsl 6",1
"ldrteq r0, [sp], r0, lsl 6",1
bmi 0x7859cc,1
"streq r0, [r0], -1",1
"smlawteq sl, r6, r1, r0",1
invalid,1
"streq r0, [r0], -2",1
"ldrteq r0, [sp], r6, asr 3",1
"streq r0, [r0], -r0",1
"andeq r1, r4, r4",1
"rsbeq r1, r7, 0, 30",1
invalid,1
"ldrbteq r0, [r0], r1, lsl 2",1
invalid,1
"cdpne p0, 0, c0, c0, c6, 0",1
"andeq r0, r0, sb, lsl r7",1
bhs 0x47a18,1
"andhs r0, r0, r1",1
"rsbvc r7, r5, r1, lsr 6",1
invalid,1
"andeq r0, r0, r3, lsr 2",1
invalid,1
"andeq sb, r4, r2, lsl 26",1
"strvc r1, [r1, -r0, lsl 26]",1
"streq r0, [r0], -6",1
"movwpl r0, 0x11d4",1
"movweq r0, 0",1
"andeq r0, r0, r3, lsr 14",1
"andeq sb, r3, lr, lsl r7",1
"bicseq r0, r4, r0, lsl 8",1
"andeq r0, r0, r3, asr r0",1
"andeq pc, r2, lr, lsl pc",1
"bicseq r0, r4, r0, lsl 8",1
"strheq r0, [r0], -sp",1
"strle r1, [r1], -0xd00",1
"streq r0, [r0], -3",1
"movwpl r0, 0x11cd",1
"movweq r0, 0",1
"andeq r0, r0, pc, asr 14",1
"andeq r4, r1, lr, lsl sl",1
"biceq r0, sp, r0, lsl 8",1
"andeq r0, r0, sl, lsr 2",1
"andeq pc, r2, lr, lsl pc",1
"biceq r0, sp, r0, lsl 8",1
"strheq r0, [r0], -sp",1
"stmdbgt r1, {sb, fp, ip}",1
"streq r0, [r0], -r2",1
"subseq r0, r3, r6, ror 2",1
"mrseq r0, apsr",1
"andeq r0, r0, pc, ror 14",1
"andeq sl, r5, fp, lsl sp",1
bhs 0x1987290,1
invalid,1
invalid,1
blvc 0x45a9c,1
"andeq r1, r1, r1, lsl 26",1
"addseq fp, r4, r0, lsl 8",1
"addseq r2, r5, r0, lsl 24",1
"andeq r0, r0, r0",1
"stmdaeq sl, {r8} ^",1
"cdpvs p0, 2, c0, c3, c0, 0",1
"rsbshi r0, fp, r0, lsl 2",1
"andhs r0, r0, r1",1
"strhs r0, [r0], -0",1
"rsbeq r7, r6, r2, ror 10",1
"tsteq sp, r1, lsl 26",1
"strpl r0, [r1], -r0",1
invalid,1
"andeq r1, r1, lr, ror sp",1
"andeq r7, r0, r0, lsl 22",1
"rsbeq r2, sb, r0, lsl 10",1
"orreq r7, r0, r1, lsl 30",1
"sbceq r0, r7, r0",1
"strteq r0, [r6], -r0",1
"stmdalt r0, {r1, r2}",1
"stmdahs r0, {r2, r4, r7}",1
invalid,1
"andeq r0, r8, sp, ror r0",1
"strteq r2, [r1], -r0, lsl 14",1
"rsceq r0, r7, r0",1
invalid,1
"movweq r0, 6",1
"addseq sp, r4, sb, lsr 24",1
"andseq r0, sb, r0",1
"andeq pc, r7, r0, lsl 12",1
"andpl r2, r1, r0, lsl 20",1
"andeq r7, r0, r2, lsl 10",1
"addseq r2, r5, fp, lsr 16",1
"andseq r1, sb, r0, lsl 16",1
blhs 0xb05b28,1
invalid,1
"mulpl r0, r4, r0",1
invalid,1
"ldrbeq r2, [r4], -r3, lsl 15",1
"mrseq r0, spsr",1
invalid,1
"strpl r0, [r0], -r6",1
"strhs r0, [r0, -r1]",1
"andeq r0, r0, lr, lsr r6",1
"andeq r0, r0, lr, ror 2",1
"addseq r0, r5, sp, lsr 8",1
"andseq r2, sb, r0, lsl 4",1
"andpl r2, r1, 0, 20",1
invalid,1
"andvc r0, r3, r1, asr r5",1
bhs 0x5e70,1
"strvc r5, [r2], -1",1
"andeq r0, r0, sp, ror r0",1
"andeq lr, r4, lr, lsr 28",1
invalid,1
"andeq sb, r0, ip, lsr 10",1
"andeq sb, r0, r4, ror 11",1
"muleq r0, sb, r1",1
"andeq sb, sb, r1, lsl 2",1
"rsbseq r2, r0, r0, lsl 6",1
"ldmibeq r1, {r0, r8, sp, lr}",1
"movseq r0, r0",1
invalid,1
bhs 0x1845f9c,1
"strle r0, [r0, -r1]",1
svchs 1,1
"andeq r0, r0, r0, asr 8",1
"orreq r6, r0, r1, lsl 2",1
invalid,1
blls 0xc05bb4,1
invalid,1
"andeq r8, r1, r3, rrx",1
"cmplo r6, r0, lsl 2",1
"andeq r0, r0, r8, rrx",1
"andeq r0, r0, lr, asr 18",1
"andeq r5, r6, r2, lsr r2",1
"rsbhi r0, r6, r0, lsl 2",1
"movwne r0, 1",1
"movwlo r0, 2",1
blvs 0x45da0,1
"andeq r0, r0, sp, lsl r1",1
"andeq r5, r0, r2, lsr sl",1
"rsbhi r0, ip, r0, lsl 2",1
invalid,1
"strhs r0, [r0], -r2",1
"andeq r0, r0, r6, lsl 12",1
"andeq sb, r0, r8, asr r5",1
"andeq r0, r0, r0, lsl 1",1
"stmdbeq ip, {r0, r8, sb, fp, sp, lr}",1
invalid,1
"movwne r0, 6",1
"strhs r0, [r0, -r2]",1
"andeq r0, r0, r8, lsl r6",1
"andeq r0, r0, r4, asr 4",1
"addseq r8, r5, sb, lsr 32",1
"andseq r0, sb, r0",1
"andeq r0, sb, r0, lsl 4",1
"andpl r2, r1, r0, lsl 20",1
"andeq r7, r0, r2, lsl 14",1
"addseq lr, r5, fp, lsr 8",1
"andseq r1, sb, r0, lsl 16",1
blhs 0x985c34,1
"strls r0, [r0], -6",1
"stmdage r0, {r0, r2, r4, r7}",1
invalid,1
"andeq r4, sb, lr, ror 8",1
"ldrbeq r2, [r4], -r0, lsl 14",1
"rsbeq r0, r4, 0",1
invalid,1
"strvc r0, [r0, -r6]",1
"strhs r0, [r0, -r2]",1
"andeq r0, r0, lr, lsr r6",1
"muleq r0, r0, r2",1
"addseq sl, r5, fp, lsr 32",1
"andseq r2, sb, r0, lsl 4",1
invalid,1
"movwmi r0, 0x95",1
"andeq r0, r0, sb, lsl r0",1
"andeq r2, r6, ip, lsr 22",1
"addseq ip, r5, r0, lsl 24",1
"andeq ip, r0, r0",1
"ldrbhs r0, [r6, -r0, lsl 2]!",1
"andeq r0, r0, r4, asr r6",1
"andeq r0, r0, r3, lsr 5",1
"andeq r4, r6, r7, lsr 18",1
"andeq fp, r2, r0, lsl 12",1
"ldrteq r2, [lr], -r0, lsl 14",1
"sbceq r0, sb, 0",1
"eors r0, r4, r0",1
"swpeq r0, r5, [r0]",1
"andeq r1, r0, r2, lsr 18",1
"subseq r0, r2, 0x8000000a",1
invalid,1
"rsbseq r0, sl, r1, asr r2",1
"streq r0, [r0], -r0",1
"andeq ip, r5, r4, lsl 30",1
"strteq r3, [ip], -r0, lsl 10",1
"strls r0, [r1], -r0",1
beq 0xa460cc,1
"ldrvs r0, [fp], -r0",1
invalid,1
"muleq r6, r6, sp",1
"ldreq r1, [sb, -r0, lsl 22]",1
"strls r0, [r1], -r0",1
"muleq r0, r1, sb",1
"andeq r3, r4, fp, lsl r2",1
"addshi r0, r7, r0, lsl 2",1
"strlo r0, [r0], -r1",1
"andeq r0, r0, r2, lsl 2",1
beq 0xa6c0f8,1
"ldrtvs r0, [r3], -r0",1
bls 0x45e8c,1
"andeq r0, r0, r3, asr r0",1
"andeq sp, r1, r6, lsr ip",1
"addsne r0, fp, r0, lsl 2",1
"strlo r0, [r0], -r4",1
"ldrdeq r0, r1, [r0], -r0",1
"ldrbteq sb, [r0], r1, lsl 24",1
svc 0x360000,1
invalid,1
"muleq r6, sp, r0",1
"ldrtvs r2, [r3], -0",1
"strlt r0, [r1], -0x70",1
"andeq r0, r0, pc, lsr 20",1
"andeq sp, r1, r6, lsr pc",1
"adcsne r0, r5, r0, lsl 2",1
"movwlo r0, 4",1
"rsbeq r6, pc, sb, ror 28",1
"biceq fp, r1, 0x100000",1
invalid,1
"cdplt p0, 0, c0, c1, c5, 3",1
"andeq r0, r0, r3, asr r0",1
"streq r0, [r0], -r0",1
"andeq r7, r5, r4",1
"strlo r0, [r4, -0x600]",1
"streq r0, [r0, -sl]",1
"andeq r0, r0, ip, lsl 10",1
"andeq r7, r2, pc, lsl pc",1
"tsteq r5, r0, lsl 10",1
"andeq r2, sl, r1, lsl 30",1
beq 0x1986970,1
"andseq r0, lr, 0",1
"streq r0, [r0, -1]",1
beq 0xa461d0,1
invalid,1
"streq r7, [r0, -0x64]",1
beq 0xbc61ec,1
"andeq r0, r0, r0",1
"andeq r5, r3, r7, lsr r1",1
"mrseq r0, apsr",1
"addseq lr, r5, r1, lsl 8",1
"addseq r3, sl, r0, lsl 8",1
"andeq lr, r2, r0, lsl 24",1
"addsne r0, r2, r0, lsl 2",1
invalid,1
invalid,1
"ldmibeq r1, {r0, r3, r8}",1
"tsteq sb, 0",1
invalid,1
invalid,1
"orreq r0, r0, fp, lsl 2",1
"teqeq sb, 0",1
bllt 0xe85dc8,1
invalid,1
"streq r0, [r6, 0x10c]!",1
"mrsls r0, apsr",1
"teqvc sb, 144, 26",1
invalid,1
"addsne r0, r2, sp, lsl 2",1
"orrseq r0, pc, 0",1
"ldrtvs r0, [sl], -r0",1
invalid,1
"ldreq r0, [r0], -0x10e",1
"mrsls r0, apsr",1
"teqls fp, r0, lsr 27",1
"andeq r0, r0, r6",1
"mulne r0, r6, r0",1
"swpeq r0, r6, [r0]",1
bleq 0x586258,1
"eorlt r0, r7, r0",1
"movwle r0, 6",1
"strhs r0, [r0, -r3]",1
"andeq r0, r0, r4, lsr 13",1
"andeq r0, r0, fp, lsl r4",1
"addseq r1, r6, sp, lsr 32",1
"andseq r5, sb, r0, lsl 16",1
"andpl r2, r1, 0, 20",1
"ldcvc p1, c9, [r8, 0xc]",1
"ldrbeq r0, [r1, -0x12a]",1
"sbceq sb, r2, r3, lsl 16",1
"andpl r2, r1, r0, lsl 20",1
"andeq r3, r0, r1, lsl 6",1
"andeq sb, sb, ip, lsr r7",1
"addseq r5, r6, r0",1
"andeq sp, r0, r0, lsl 16",1
"tsteq sp, r0, lsl 2",1
"andeq r0, r0, r0, lsr 31",1
"andeq fp, sb, r7, lsr 20",1
"andeq r3, r4, r0, lsl 6",1
"stmibeq pc!, {r8, sl, fp, ip, sp}",1
"strtge r0, [r7], -0",1
"andvs r0, r0, 9",1
"cdplo p0, 0, c0, c0, c4, 0",1
"strdeq r0, r1, [r0], -r8",1
"andeq ip, sb, pc, lsr r5",1
"andeq sb, r4, r0, lsl 2",1
"ldmibeq r0, {r8, sb, sl, fp, ip, sp} ^",1
"strbteq r0, [r7], 0",1
ble 0x1005e80,1
"movweq r0, 9",1
svclo 0x7e8891,1
"andeq r0, r0, r5, ror 19",1
"andeq r0, r0, r1, lsr r5",1
"andeq pc, sb, pc, lsr r0",1
"andeq r4, r5, r0, lsl 8",1
"ldrbteq r4, [r7], r0, lsl 2",1
"ldrls r0, [r8], r0",1
"ldrtls r0, [r0], r0",1
invalid,1
"strheq r0, [r0], -r6",1
"andeq r1, r7, r7, lsr 12",1
"andeq r7, r5, r0, lsl 22",1
"streq r2, [sl, -r0, lsl 14]",1
"streq r0, [sb, 0]!",1
"eorlt r0, sp, r0",1
svcvc 0x96,1
bhs 0x5f2c,1
invalid,1
bhs 0x1a52c0,1
"strvc r5, [r2], -0x101",1
"andpl r2, r1, r0, lsl 20",1
"andeq r3, r0, r1, lsl 6",1
"andeq r1, r1, r1, lsr r8",1
"andeq lr, ip, r0, lsl 18",1
"ldmibeq ip!, {sb, lr} ^",1
"strbeq r0, [r0], -r0",1
"movweq r0, 0xa",1
svclo 0x7ef091,1
"andeq r0, r0, r1, lsl sl",1
"strheq r0, [r0], -ip",1
"andeq r3, sl, r6, lsr 20",1
"addseq lr, r6, r0, lsl 8",1
"andeq r3, r1, r0",1
invalid,1
"stclo p0, c0, [r0, -0x30]",1
"andeq r0, r0, ip, asr 20",1
"andeq r4, r1, lr, lsr r8",1
beq 0x1655b1c,1
"streq r0, [r0], -r0",1
"teqgt ip, 0",1
"vst4.8 {d0, d1, d2, d3}, [r0], r6",1
"mulvs r0, r6, r0",1
"streq r0, [r0, -1]",1
"stceq p1, c0, [sp], -0x68",1
"strle r0, [r7, -0]!",1
"strpl r0, [r0, -r6]",1
"movwmi r0, 6",1
"andeq sb, r0, r4, lsl r8",1
"andeq sb, r0, r0, lsr 16",1
"andeq lr, r6, pc, lsr r2",1
"andeq r7, r6, r0, lsl 18",1
invalid,1
"andeq sb, r0, ip, ror 13",1
"andeq r1, r0, r6, lsr 19",1
"andeq r0, r0, r1, asr 24",1
"subseq r0, r0, 0x8000000a",1
"stchs p0, c0, [r0, -0x1d8]",1
"andeq sb, r0, r4, lsr r8",1
"andeq r1, r0, r6, lsr 19",1
"subseq r0, r0, 0x8000000a",1
"andeq r0, r0, r6, ror r0",1
"stmdals ip, {sl, lr} ^",1
invalid,1
"ldcleq p0, c0, [sl], -0",1
"ldcne p0, c0, [0x00005f88]!",1
invalid,1
"stchs p0, c0, [r0, -0x18]",1
"andeq sb, r0, r4, asr r8",1
"andeq r1, r0, r8, asr 19",1
"subseq r0, r0, 0x8000000a",1
"andeq r0, r0, r6, ror r0",1
"andeq r2, r7, r1, asr 6",1
"addseq r5, r8, r0, lsl 24",1
"addseq r6, r8, r0, lsl 24",1
"stcllt p1, c0, [ip], {0}",1
"strhs r0, [r0, -ip]",1
"andeq r0, r0, r2, asr 14",1
"muleq r0, pc, r6",1
"andeq r3, r7, r7, lsr 12",1
"andeq ip, r6, r0, lsl 28",1
"stmdals ip!, {r8, sl, fp, sp} ^",1
invalid,1
invalid,1
"ldm r1, {r1, r4, r6, r8, sb}",1
invalid,1
bhs 0x4e47e4,1
"movwlo r5, 0x1001",1
"stcpl p0, c0, [sb], -0",1
invalid,1
"andle r0, r0, sl, lsl r0",1
bhs 0x6020,1
bvc 0x99ff8,1
"stcvs p0, c0, [sp], -0",1
bmi 0x6258,1
bhs 0x6020,1
bvc 0x9a408,1
"andpl r2, r1, r0, lsl 20",1
"stcvc p1, c9, [r4, 0x10]",1
invalid,1
"muleq r0, r1, r6",1
"strdeq sb, sl, [r0], -ip",1
"andeq sb, r0, r0, lsl sb",1
"stceq p9, c10, [0x0000601c]!",1
"strtge r0, [r7], -0",1
blx 0x6042,1
"strhs r0, [r0, -r6]",1
"strheq r0, [r0], -r0",1
"andeq r0, r0, r3, lsl r7",1
"addseq r1, sb, sp, lsr 32",1
"andseq r5, sb, r0, lsl 16",1
"andpl r2, r1, 0, 20",1
"ldclvc p1, c9, [ip], 0x10",1
invalid,1
"addsgt r0, r8, 0x14000000",1
invalid,1
"eorseq r0, r3, r0, asr r1",1
"ldrbls r2, [r8], -r0, lsl 18",1
bne 0x80605c,1
"stcleq p0, c0, [r6, -0]",1
invalid,1
"andlt r0, r3, r0, asr r5",1
"andeq r0, r0, r2, asr 1",1
"addseq r6, r6, fp, lsr 24",1
"andseq r3, sl, r0, lsl 16",1
"ldrbtls r2, [r8], -r0, lsl 18",1
bne 0x118607c,1
"stcleq p0, c0, [r3, -0]!",1
invalid,1
"rsbseq r0, r6, r0, asr r2",1
"strls r2, [r4], r0, lsl 18",1
bne 0x1786090,1
"ldcleq p0, c0, [r7, -0]!",1
invalid,1
"rsbseq r0, r4, r0, asr r2",1
"strls r2, [r0, r0, lsl 18]",1
invalid,1
"stceq p0, c0, [fp]",1
invalid,1
"rsbseq r0, r6, r0, asr r2",1
"ldrls r2, [ip, r0, lsl 18]",1
bne 0x1dc60b8,1
"stceq p0, c0, [sp, 0]!",1
invalid,1
bhs 0xd4660c,1
"movweq r5, 0x5101",1
"andeq ip, r0, r8, ror 5",1
"subseq r0, r0, 0x8000000a",1
"stmdbhs r0, {r0, r3, r4, r5, r6}",1
"andeq sb, r0, r8, lsr 15",1
"andeq r0, r0, pc, ror 14",1
"andeq r0, r0, r1, asr 27",1
"subseq r0, r0, 0x8000000a",1
blhs 0x62d4,1
"andeq sb, r0, ip, lsr 15",1
"muleq r0, sb, sl",1
"addseq ip, r7, sb, lsr 32",1
"andseq fp, sl, r0, lsl 2",1
"andeq lr, sp, r0, lsl 18",1
"andpl r2, r1, 0, 20",1
bhs 0x2390c,1
"strvc r5, [r2], -0x101",1
"andpl r2, r1, r0, lsl 20",1
"stmdbhs r0, {r0, r8, ip, sp}",1
"ldrdeq sb, sl, [r0], -r8",1
"andeq r1, r0, r7, ror sl",1
"andeq r0, r0, fp, lsl 28",1
"cmpeq r2, sl, lsr 2",1
invalid,1
"movwgt r0, 0x305",1
invalid,1
"rsbseq r0, sl, r0, asr r2",1
"strbls r2, [r4, r0, lsl 18]!",1
"strbeq r0, [0x00006138]!",1
"cdpeq p0, 1, c0, c15, c0, 0",1
invalid,1
"rsbseq r0, fp, r0, asr r2",1
"strbls r2, [r8, r0, lsl 22]!",1
bne 0xfe64614c,1
"stc2 p0, c0, [sb], -0",1
"swplt r0, r7, [r0]",1
"smladmi r0, sl, r0, r0",1
bhs 0x6194,1
"strvc r5, [r2], -0x201",1
invalid,1
bhs 0x24970,1
"mrslo r5, apsr",1
"stmdals ip, {r8, fp, sp}",1
invalid,1
"cdpeq p0, 6, c0, c10, c0, 0",1
invalid,1
"stmdavs r8, {r1, r4, r6, sb}",1
"ldrbeq r0, [r1], -0x12a",1
"uhadd8eq pc, ip, r1",1
"cmpeq r0, 0x8000000a",1
invalid,1
"addseq sb, r8, sb, lsr 8",1
"andseq r7, sl, r0, lsl 14",1
"andeq r8, lr, r0, lsl 22",1
"andpl r2, r1, 0, 20",1
invalid,1
invalid,1
bhs 0x64b4,1
"andlo r5, r1, r1",1
"stmls r0!, {r8, fp, sp}",1
"strbeq r0, [0x000061b8]!",1
"cdpeq p0, 9, c0, c15, c0, 0",1
invalid,1
"rsbseq r0, fp, r0, asr r2",1
"stmls r4!, {r8, sb, fp, sp}",1
bne 0xfe6461cc,1
invalid,1
"swplt r0, r8, [r0]",1
"smladgt r0, sl, r0, r0",1
bhs 0x6214,1
"stmdavc r2, {r0, sb, ip, lr}",1
invalid,1
bhs 0x231f0,1
"mrslo r5, apsr",1
"ldmls r0, {r8, fp, sp} ^",1
bne 0x1dc61f4,1
"cdpeq p0, 0xe, c0, c8, c0, 0",1
invalid,1
bhs 0xd46748,1
"movweq r5, 0x5101",1
"ldrdeq ip, sp, [r0], -r0",1
"cmpeq r0, sl, lsr 2",1
"stcle p0, c0, [sb], -0xc0",1
svcvs 0x98,1
invalid,1
bhs 0x6254,1
blvc 0x9a224,1
"eor r0, fp, r0",1
"stmdbls r0, {r3, r4, r7}",1
"stmdbhs r0, {r1, r3, r4}",1
"strdeq sb, sl, [r0], -r4",1
"strheq r1, [r0], -r1",1
"andeq r0, r0, r4, lsr 30",1
"subseq r0, r2, 0x8000000a",1
invalid,1
"rsbseq r0, sl, r1, asr r2",1
"cmpeq r0, sl, lsr 2",1
"eorhs r0, sb, r1, lsr r0",1
"mulle r0, sb, r0",1
bllo 0x62bc,1
bhs 0x6294,1
"movweq r5, 0x5001",1
"strheq ip, [r0], -r0",1
"stmdbls ip!, {r8, sb, fp, sp}",1
bne 0xe06268,1
"strtmi r0, [sb], -0",1
invalid,1
invalid,1
bhs 0x62b4,1
"strlo r5, [r1, -0x201]",1
"ldrbeq r0, [r1, -0x12a]",1
"sbceq fp, r2, r3, lsl 8",1
"andpl r2, r1, r0, lsl 20",1
"andeq r7, r0, r2, lsl 12",1
"addseq r5, sb, sb, lsr 32",1
"andeq r6, r7, r0, lsl 30",1
"andeq r7, pc, r0, lsl 20",1
"andpl r2, r1, r0, lsl 20",1
"andeq r7, r0, r2, lsl 22",1
"addseq r5, sb, fp, lsr 8",1
"andseq sb, sl, r0, lsl 18",1
"stmdbls r8!, {r8, sl, fp, sp} ^",1
bne 0xfec462b0,1
invalid,1
"rsbseq r0, r8, r2, asr r2",1
"subseq r0, r1, 0x8000000a",1
invalid,1
"eorseq r0, r1, r0, asr r1",1
invalid,1
"stmdb r0, {r0, r2, r4, r7}",1
"strlt r0, [r0, -0x1a]",1
bhs 0x6310,1
"mrsls r5, apsr",1
"stmdbhs r0, {r3, r7, r8, sl, fp, ip, sp, lr}",1
"andeq sb, r0, ip, lsl 19",1
"andeq r0, r0, sl, asr 16",1
"ldrdeq r0, r1, [r0], -r4",1
"ldrbeq r0, [r1, -0x12a]",1
"sbceq r3, r6, r3",1
"andpl r2, r1, r0, lsl 20",1
"stcvc p1, c9, [r4, 0x10]",1
"stmdals fp!, {r1, r2}",1
"stmdalo r0, {r0, r3, r4, r7}",1
"stmdbhs r0, {r1, r3, r4}",1
"andeq sb, r0, ip, lsr 19",1
"andeq r1, r0, r7, ror sl",1
"strdeq r0, r1, [r0], -lr",1
"cmpeq r2, sl, lsr 2",1
invalid,1
"addsgt r0, ip, 0x14000000",1
invalid,1
"eorseq r0, r0, r0, asr r1",1
"addseq fp, sb, sb, lsr 16",1
"andseq sb, sl, r0, lsl 18",1
"andseq r1, r0, r0, lsl 10",1
"andpl r2, r1, r0, lsl 20",1
"addsgt r0, r8, 0x14000000",1
invalid,1
"andeq sb, r0, ip, asr 19",1
"strheq r1, [r0], -r1",1
"andeq r1, r0, r4, lsr r0",1
"subseq r0, r2, 0x8000000a",1
invalid,1
"rsbseq r0, r4, r1, asr r2",1
"cmpeq r0, sl, lsr 2",1
"strtle r0, [fp], -0x31",1
"stmdalo r0, {r0, r3, r4, r7}",1
"stmdbhs r0, {r1, r3, r4}",1
"andeq sb, r0, r8, ror 19",1
"andeq r1, r0, r7, ror sl",1
"andeq r1, r0, pc, asr r0",1
"cmpeq r2, sl, lsr 2",1
invalid,1
"rsbsgt r0, r4, 0x14000000",1
invalid,1
"rsbseq r0, r5, r0, asr r2",1
"ldmibls r4!, {r8, fp, sp} ^",1
bne 0xfe64638c,1
"rsbsne r0, r6, r0",1
invalid,1
"strls r0, [r3], -0x550",1
"andeq r0, r0, r2, asr 1",1
"addseq r0, sl, sp, lsr 16",1
"andseq fp, sl, r0, lsl 2",1
"andpl r2, r1, 0, 20",1
bhs 0x23bb4,1
"strvc r5, [r2], -0x101",1
"andpl r2, r1, r0, lsl 20",1
"andeq r3, r0, r1, lsl 2",1
"streq r0, [r6, 0x406]!",1
"cdp2 p0, 4, c0, c5, c0, 0",1
"streq r0, [r0, -5]",1
"movweq r0, 0x124d",1
"andeq sp, r6, r6, asr 14",1
"eorseq r0, r8, 0, 10",1
"adcsne r0, sp, r1, lsl 6",1
"strbmi r0, [r7], -0",1
"streq r0, [r0, -2]",1
invalid,1
invalid,1
"andeq r8, r1, r1, lsl 26",1
"teqeq r2, r0, lsl 2",1
"andeq sb, r0, r4, lsr sl",1
"andeq sb, r0, ip, lsl 24",1
"andeq r0, r0, r1, asr 14",1
"andseq r2, r4, r1, lsl 14",1
"ldreq r2, [r1], -r0, lsl 30",1
"andlo r0, r1, 0",1
"andeq r0, r0, r3, asr r0",1
"andeq r0, r0, r1, ror 14",1
"andseq sb, r0, r1, asr 16",1
"addseq r4, sl, r0",1
"addseq r7, sl, r0",1
"teqpl r5, 0, 2",1
invalid,1
"andeq r0, r0, r0, ror 12",1
"andeq sb, r0, r8, asr sl",1
"andeq r0, r0, r8, ror r1",1
"strlo r4, [r2, -0xf05]",1
"smladhs r0, r1, r0, r0",1
"andeq r0, r0, lr, ror r6",1
"muleq r0, r5, r7",1
"andeq r7, r6, r7, lsr 6",1
"andeq fp, r7, r0, lsl 6",1
bls 0x1c11848,1
blne 0x4644c,1
invalid,1
bhs 0xc46998,1
"strvc r5, [r2, -1]",1
"stchs p0, c0, [r0, -0]",1
"andeq sb, r0, r8, asr sl",1
"andeq r1, r0, r7, ror sl",1
"cmpeq r2, sl, lsr 2",1
invalid,1
"teqgt ip, 0x14000000",1
invalid,1
"eorseq r0, r0, r0, asr r1",1
"strbeq r2, [pc, -r0, lsl 12]",1
bls 0xfe106480,1
"orrseq r0, r0, r0",1
invalid,1
"andeq r1, r0, pc, ror r1",1
"andeq r6, r7, r7, lsr 4",1
"andeq ip, r7, r0, lsl 12",1
bls 0xfe711898,1
blne 0x90649c,1
invalid,1
"eorseq r0, r1, r0, asr r1",1
"strbeq r2, [pc, -r0, lsl 12]",1
blls 0x3064ac,1
"moveq r0, r0",1
"movwmi r0, 0x1000",1
"strheq r1, [r0], -r4",1
"andeq r6, r7, r7, lsr 4",1
"andeq lr, r7, r0, lsl 8",1
blls 0x7118c4,1
blne 0x9064c8,1
invalid,1
"andpl r0, r3, r2, asr r5",1
bhs 0x67e8,1
"mrslo r5, apsr",1
"subge r0, r1, 0",1
invalid,1
invalid,1
"swpeq r0, ip, [r0]",1
"andseq r2, r3, r4, asr 24",1
blls 0x7170f0,1
invalid,1
"eorslt r0, pc, r0",1
"andeq r0, r0, 0x10",1
invalid,1
"andeq r0, r0, pc, asr 14",1
"andeq sb, r0, ip, lsr 22",1
"andeq r0, r0, r0, asr 3",1
"stmdane r2, {r0, r2, sb, fp, ip, sp}",1
"smladhs r0, r2, r0, r0",1
"andeq r0, r0, r2, ror 14",1
"andeq r0, r0, r5, lsl r8",1
"addseq r4, fp, sp, lsr 32",1
"andseq r2, fp, r0, lsl 8",1
"movwpl r2, 0x1a00",1
"ldrbgt r0, [ip, -0x305]!",1
invalid,1
invalid,1
bhs 0x684c,1
"mrslo r5, apsr",1
svcmi 0x3c0000,1
"strhi r0, [r0], -7",1
"stmdale r0, {r0, r1, r3, r4, r7}",1
"streq r0, [r0, -1]",1
"subne r0, fp, 72, 4",1
"eorvs r0, r7, 0",1
"movwlo r0, 7",1
"stchs p0, c0, [r0, -0x20]",1
"muleq r0, r4, fp",1
"andeq r1, r0, r4, lsr 22",1
"subseq r0, r1, 0x8000000a",1
invalid,1
"eorseq r0, r1, r0, asr r1",1
"strbeq r3, [pc, -r0, lsl 24]",1
blls 0xfed06578,1
"mvnseq r0, r0",1
"strmi r0, [r5], -0",1
"andseq r7, r2, r2, lsl 28",1
"strbeq r2, [r2, -r0, lsl 14]!",1
invalid,1
"strtgt r0, [sp], -0",1
"strhs r0, [r0], -0x9b",1
bhs 0x6604,1
"strvc r5, [r2, -0x101]",1
"andpl r2, r1, r0, lsl 20",1
"andeq r3, r0, r1, lsl 2",1
"addseq r2, fp, sb, lsr 24",1
"andseq r7, sl, r0, lsl 14",1
"andseq sl, r2, r0",1
"andpl r2, r1, 0, 20",1
invalid,1
"strpl r0, [r3], -0x551",1
bhs 0x68d4,1
"strvc r5, [r2], -1",1
"stcmi p0, c0, [sb], -0",1
"andmi r0, r0, 0x9b",1
"stmdblt r0, {r0, r1, r3, r4}",1
bhs 0x661c,1
"strvc r5, [r2], -0x101",1
"andpl r2, r1, r0, lsl 20",1
"stmdbhs r0, {r0, r8, sl, ip, sp}",1
"andeq sb, r0, r0, ror 22",1
"andeq r1, r0, pc, asr fp",1
"ldrdeq r1, r2, [r0], -r5",1
"cmpeq r2, sl, lsr 2",1
invalid,1
"strgt r0, [r4, 0x305]!",1
invalid,1
"andeq sb, r0, r8, ror fp",1
"andeq r1, r0, r7, ror sl",1
"strdeq r1, r2, [r0], -r6",1
"cmpeq r2, sl, lsr 2",1
invalid,1
"ldrbgt r0, [r0, 0x305]!",1
invalid,1
"eorseq r0, r0, r0, asr r1",1
"addseq r8, fp, fp, lsr 8",1
"andseq r8, fp, r0, lsl 2",1
blls 0xfea10a28,1
bne 0x1dc662c,1
invalid,1
invalid,1
bhs 0xd46b80,1
"movweq r5, 0x5101",1
"andeq ip, r0, r8, lsr 11",1
"subseq r0, r0, 0x8000000a",1
blhs 0x6818,1
"strheq sb, [r0], -r4",1
"andeq r1, r0, r1, lsl 23",1
invalid,1
"stmdbls r0, {r1, r3, r4, r7}",1
"andmi r0, r0, fp, lsl r0",1
bhs 0x66ac,1
"strvc r5, [r2], -1",1
"strthi r0, [sb], -0",1
invalid,1
invalid,1
bhs 0x66c0,1
"strlo r5, [r1, -0x201]",1
"ldrbeq r0, [r1, -0x12a]",1
"sbceq r6, r3, r3, lsl 8",1
"stcge p0, c0, [sb], -0",1
invalid,1
"mcrvc p0, 0, r0, c0, c10, 0",1
bhs 0x66dc,1
"strlo r5, [r1, -0x201]",1
"ldrbeq r0, [r1, -0x12a]",1
"sbceq r7, r3, r3, lsl 24",1
"andpl r2, r1, r0, lsl 20",1
"andeq r7, r0, r2, lsl 8",1
"addseq fp, sl, fp, lsr 8",1
"andseq sl, fp, r0, lsl 28",1
bls 0xff110ab0,1
bne 0x1dc66b4,1
invalid,1
invalid,1
bhs 0xd46c08,1
"movweq r5, 0x5101",1
"strheq ip, [r0], -r8",1
"subseq r0, r0, 0x8000000a",1
blhs 0x68a0,1
"andeq sb, r0, ip, asr 21",1
"andeq r1, r0, lr, lsr 23",1
"addseq sp, sl, sb, lsr 24",1
"andseq r7, sl, r0, lsl 14",1
"andseq sp, r3, r0, lsl 8",1
"andpl r2, r1, 0, 20",1
invalid,1
"stmdahs r3, {r0, r4, r6, r8, sl}",1
bhs 0x6a04,1
"strvc r5, [r2], -1",1
"strt r0, [fp], -0",1
"mcrge p0, 0, r0, c0, c10, 4",1
"stmdbhs r0, {r0, r1, r3, r4}",1
"strdeq sb, sl, [r0], -r4",1
"andeq r1, r0, r7, ror sl",1
"strdeq r1, r2, [r0], -pc",1
"cmpeq r2, sl, lsr 2",1
invalid,1
"ldrbgt r0, [r8], -0x305",1
invalid,1
"rsbseq r0, r4, r0, asr r2",1
bls 0xfff11328,1
blne 0xfeb8672c,1
"stceq p0, c0, [sp], -0",1
invalid,1
bhs 0x67a0,1
"strlo r5, [r1, -0x201]",1
"ldrbeq r0, [r1, -0x12a]",1
"sbceq sb, r4, r3",1
"andpl r2, r1, r0, lsl 20",1
"andeq r7, r0, r2, lsl 8",1
invalid,1
invalid,1
"tsteq sp, r1, lsl 2",1
"strvs r0, [r1, -r0]",1
invalid,1
"eorseq r7, r1, r3, ror r4",1
"andne r2, r1, r1, lsl 22",1
invalid,1
"eorseq r7, r2, r3, ror r4",1
"andne r2, r1, r1, lsl 24",1
invalid,1
invalid,1
"tsteq sp, sp, lsr 2",1
"eorvc r0, r1, r0",1
invalid,1
"andeq r0, r0, sp, lsl r1",1
"streq r4, [sp], r0, lsl 18",1
"mrspl r0, apsr",1
"andeq sb, sb, r1, lsl 2",1
"strne r0, [r2], 0x100",1
"eorsvc r0, r3, r0",1
"cmpls r3, r0, lsl 2",1
"andeq r0, r0, sb",1
"andeq lr, r6, r5, lsr fp",1
"mrseq r0, spsr",1
"andseq sb, r4, r1, lsl 18",1
"rsbseq r1, r0, r0, lsl 18",1
"ldmibeq r1, {r0, sb, fp, lr}",1
bmi 0x67c0,1
"andeq lr, r2, r1, lsl 24",1
"mrseq r0, spsr",1
"andeq r5, r0, r1, lsl 6",1
"addseq ip, r0, r0",1
"addseq r8, r3, r0",1
"andeq r6, r8, r0, lsl 30",1
"ldmdane sb!, {r8} ^",1
"ldcvc p0, c0, [r8, -0]!",1
invalid,1
"subseq r0, r3, r4, asr 2",1
invalid,1
"ldceq p0, c0, [r8], -0",1
invalid,1
"ldmdane sb!, {r2, r6, r8} ^",1
invalid,1
"strbvc r0, [fp, -r0]",1
"strmi r0, [r1], -r4, rrx",1
"andeq r1, r1, r1, lsl 26",1
"andeq r2, sb, r0, lsl 12",1
"ldrteq r3, [fp], -r0, lsl 18",1
invalid,1
"andeq pc, r6, r1",1
"andeq r5, sb, r0, lsl 20",1
"tstls r0, r0, lsl 8",1
"movls r0, r0",1
"strne r0, [lr, 0]!",1
"movtvs r0, 0xb000",1
"cmpeq r4, r0, lsl 2",1
"andeq r0, r0, r3, asr r0",1
"andeq r0, r0, sp, ror 18",1
"addseq r2, r1, sb, lsr 24",1
"andseq ip, fp, r0, lsl 24",1
"andseq r4, r5, r0, lsl 10",1
"movwpl r2, 0x1a00",1
"eorgt r0, r0, 0x14000000",1
invalid,1
"strvc r0, [r3], -0x552",1
bhs 0x6b70,1
"strvc r5, [r2], -0x101",1
"andpl r2, r1, r0, lsl 20",1
bhs 0x2406c,1
"andeq r7, r0, 2, 26",1
"stmdbhs r0, {r0, r1, r2, r4, r5, r6}",1
"andeq sb, r0, r4, ror r1",1
"andeq r1, r0, lr, lsl 24",1
"andeq r1, r0, r6, ror r5",1
"ldrbeq r0, [r2, -0x12a]",1
"sbceq r6, r5, r3, lsl 24",1
invalid,1
"ldrbgt r0, [r0, -0x305]",1
"eoreq r0, sl, 0",1
"smlsdxvc r2, sp, r4, r0",1
"vstrvc s4, [r2, -0]",1
"stmdavc r3, {r8, sl}",1
"andeq r0, r0, r6, asr 1",1
"addseq r7, r1, sb, lsr 24",1
"andseq sb, fp, r0, lsl 18",1
"andseq r8, r5, r0, lsl 20",1
"andpl r2, r1, r0, lsl 20",1
"andeq r7, r0, r2, lsl 14",1
"addseq sb, r1, sb, lsr 8",1
"andseq fp, r0, r0, lsl 26",1
"andseq sb, r5, r0, lsl 26",1
"andpl r2, r1, r0, lsl 20",1
"stchs p1, c3, [r0, -4]",1
"andeq sb, r0, ip, lsr 3",1
"strheq r1, [r0], -sp",1
"subseq r0, r0, 0x8000000a",1
"andeq r0, r0, r5, ror r0",1
"andseq r2, r4, ip, lsr r7",1
"addseq ip, r1, r0, lsl 8",1
"andeq r0, r2, r0, lsl 16",1
invalid,1
"andeq r1, r0, r0, lsr 13",1
"andeq r2, r2, lr, lsr r0",1
"ldrtne r4, [sb], -0",1
"mrsls r0, apsr",1
"strbmi r7, [r0, -0xe98]",1
"movweq r0, 0x14",1
svclo 0x7f8091,1
"andeq r1, r0, r1, asr r4",1
"andeq r0, r0, ip, lsr 19",1
"andseq r5, r4, pc, lsr ip",1
"andeq sp, sb, r0, lsl 10",1
"ldreq r3, [r1], r0, lsl 22",1
"rsbls r0, r8, 0",1
"rsbsls r0, r8, 0",1
"stclo p0, c0, [r1, -0]",1
"andseq r2, r6, r1, lsl 28",1
"ldrteq r2, [r0], r0, lsl 14",1
invalid,1
"strtge r0, [r7], -0",1
"stchs p0, c0, [r0, -0x18]",1
"stchs p0, c0, [r0, -0x28]",1
"andeq sb, r0, r8, ror r2",1
"andeq r1, r0, r8, asr sb",1
"cmpeq r2, 0x8000000a",1
bhs 0x1faab8c,1
"strvc r5, [r2], -r1, lsl 2",1
"andpl r2, r1, r0, lsl 20",1
"andeq r3, r0, r1, lsl 6",1
"andeq sb, r6, fp, lsr r1",1
"addseq r8, r2, r0",1
"addseq sb, r2, r0",1
"teqeq sp, r0, lsl 2",1
"andeq r1, r0, r4, ror r6",1
"andeq fp, r6, r7, lsr 32",1
"andeq r4, sl, r0",1
"strteq r2, [r4], r0, lsl 14",1
beq 0x1bc6978,1
"eorls r0, sp, r0",1
"stmdapl r0, {r1, r4, r7}",1
bhs 0x69e8,1
invalid,1
"strdeq r7, r8, [sl, -r8]!",1
"stmdals r3, {r0, r4, r6, r8, sl}",1
bhs 0x6c9c,1
"movwlo r5, 0x1001",1
"stcgt p0, c0, [sb], -0",1
"andlo r0, r0, 0x91",1
blhi 0x6a14,1
bhs 0x6a00,1
"movweq r5, 0x5001",1
"andeq ip, r0, r8, lsr 13",1
invalid,1
"mcrrne p0, 0, r0, fp, c0",1
invalid,1
invalid,1
"andeq r0, r0, r6, asr 1",1
"sub r0, r4, r0",1
"mulhi r0, r2, r0",1
"stmdapl r0, {r0, r1, r4, r7}",1
"smladmi r0, r7, r0, r0",1
"andeq r0, r0, sb, lsl r7",1
invalid,1
bllo 0x6a04,1
"andeq r1, r0, r7, ror 8",1
"andeq sb, r0, r0, ror 5",1
"andeq sb, r0, r8, lsl r3",1
"streq r7, [r1, -0xe01]",1
"movwmi r0, 0x17",1
"andeq sb, r0, r0, ror 5",1
"andeq sb, r0, r8, lsl r3",1
"andseq r7, r4, pc, lsr r8",1
"andeq r8, sl, r0, lsl 14",1
"rscls r2, r8, 0, 18",1
invalid,1
"ldrbtne r0, [r2], r0",1
invalid,1
"eorseq r0, ip, r0, asr r1",1
"addseq pc, r2, sp, lsr 24",1
"andseq r0, sb, r0",1
"andpl r2, r1, r0, lsl 20",1
"andhs r0, r0, r3, lsl 20",1
bllo 0x6a2c,1
"andeq r1, r0, r2, lsl 9",1
"andeq sb, r0, r8, lsr 6",1
"andeq sb, r0, r0, lsl 7",1
blo 0x66e40,1
invalid,1
"andeq r1, r0, pc, lsl 9",1
"eorlo r5, fp, r1, lsl 10",1
"movwmi r0, 0x93",1
"stchs p0, c0, [r0, -0x64]",1
"andeq sb, r0, r8, lsr r3",1
"andeq r1, r0, r3, asr 18",1
"subseq r0, r0, 0x8000000a",1
"andeq r0, r0, r5, ror r0",1
"addseq r2, r3, sb, lsr 32",1
"andeq r6, sl, r0, lsl 12",1
"andseq r4, r7, r0, lsl 28",1
"andpl r2, r1, r0, lsl 20",1
"andeq r7, r0, r2, lsl 10",1
"addseq r2, r3, fp, lsr 16",1
"andseq r6, ip, r0, lsl 18",1
invalid,1
"andlo r0, r0, 0x90",1
svcvs 0x1c,1
bhs 0x6ae8,1
"movweq r5, 0x5001",1
"andeq ip, r0, r4, lsr r6",1
"rscls r2, r8, r0, lsl 22",1
"stcne p0, c0, [r2], {0}",1
"vld4.8 {d0, d1, d2, d3}, [sb], r0",1
"andmi r0, r0, 0x90",1
"strls r0, [r0], -0x1b",1
bhs 0x6b08,1
"movweq r5, 0x5101",1
"andeq ip, r0, r0, lsr r6",1
"cmpeq r0, sl, lsr 2",1
"eoreq r0, sb, r6, lsr r0",1
invalid,1
"strlt r0, [r0], -0x1c",1
bhs 0x6b24,1
"movweq r5, 0x5101",1
"andeq ip, r0, r4, asr 12",1
"ldrbeq r0, [r0, -0x12a]",1
"sbceq r7, r5, r3",1
invalid,1
"movwlt r0, 0x91",1
blgt 0x6b54,1
bhs 0x6b44,1
"movweq r5, 0x5001",1
"andeq ip, r0, r0, ror r5",1
"tstls r0, r0, lsl 22",1
"stclne p0, c0, [fp], {0}",1
invalid,1
"str r0, [r0], -0x92",1
"stmdbhs r0, {r2, r3, r4}",1
"andeq sb, r0, r4, lsr r2",1
"andeq r1, r0, sb, ror 24",1
"strdeq r1, r2, [r0], -r1",1
"subseq r0, r0, 0x8000000a",1
"stmdbhs r0, {r2, r4, r5, r6}",1
"andeq sb, r0, ip, lsr r2",1
"andeq r1, r0, r3, asr 18",1
"andeq r1, r0, r5, lsl 16",1
"subseq r0, r0, 0x8000000a",1
"stmdbhs r0, {r2, r4, r5, r6}",1
"andeq sb, r0, r4, asr 4",1
"muleq r0, sb, fp",1
"andeq r1, r0, r8, lsl r8",1
"cmpeq r0, sl, lsr 2",1
"strtpl r0, [sb], -0x30",1
invalid,1
blo 0x6bb0,1
bhs 0x6bac,1
"strlo r5, [r1, -0x201]",1
"ldrbeq r0, [r1, -0x12a]",1
"sbceq r8, r6, r3, lsl 16",1
"andpl r2, r1, r0, lsl 20",1
"andeq r7, r0, r2, lsl 10",1
"addseq r6, r2, sb, lsr 8",1
"andseq fp, sl, r0, lsl 2",1
"andseq r5, r8, r0, lsl 8",1
invalid,1
bhs 0x23f7c,1
"strvc r5, [r2, -1]",1
invalid,1
"stmdbvs r0, {r1, r4, r7}",1
"stmdavs r0, {r2, r3, r4}",1
bhs 0x6be8,1
"strvc r5, [r2], -r1",1
"eor r0, sp, r0",1
"stmdbls r0, {r1, r4, r7}",1
bhs 0x6c04,1
"strvc r5, [r2, -r1]",1
"streq r0, [r0], -r0",1
"andeq r1, r1, r4, lsl 26",1
"teqeq r5, r0, lsl 26",1
invalid,1
invalid,1
"streq r0, [r0], -0",1
"tsteq fp, r0",1
invalid,1
"andeq r1, r0, r0, lsr 17",1
"eorgt r0, r0, 0x14000000",1
svcvc 0x70000,1
"stcmi p0, c0, [r0, -0x60]",1
"strdeq r0, r1, [r0], -r2",1
"subseq r4, r3, r8, lsl 16",1
"mrseq r0, apsr",1
"andeq ip, r2, sp, asr 4",1
"strls r0, [r8, 0xa00]!",1
invalid,1
"ldreq r4, [r0, r1, lsl 26]",1
invalid,1
"muleq r0, r5, r3",1
bpl 0x1346ff8,1
beq 0x6c08,1
"andeq sb, r3, sl, lsr 11",1
"stcmi p1, c0, [r1, -0]",1
"andeq r0, r0, lr, lsl r3",1
invalid,1
"mrseq r0, apsr",1
"andeq r0, r5, sp, asr 32",1
bleq 0x48b414,1
invalid,1
"teqeq r3, r1, lsl 26",1
"andshs r0, r3, r0",1
"andeq r0, r0, sl, lsr 2",1
"mrseq r0, spsr",1
"andeq r0, r0, pc, ror 12",1
blx 0x55038,1
invalid,1
"andeq r1, r0, r8, lsl sb",1
"andeq r8, r1, pc, asr 32",1
"cmpeq r0, r0",1
"andeq r0, r0, ip, asr r2",1
invalid,1
"ldreq r0, [r3, 0x151]",1
blx 0x46c50,1
invalid,1
"andseq r4, sb, r1, lsl 6",1
"rscseq r4, sl, r0, lsl 30",1
"strbeq r0, [0x00006c60]",1
svcmi 5,1
"andeq r0, r0, r8, ror 1",1
invalid,1
"stmdbne r0, {r1, r2}",1
"smlatteq r1, r2, r1, r0",1
"andeq r1, r0, r8, asr sb",1
"andeq pc, r0, pc, asr 20",1
"cmpeq r3, r0",1
"strheq r0, [r0], -r3",1
"strvc sb, [r1, -0xe04]",1
invalid,1
"andeq r0, r0, r3, asr r0",1
"andseq r7, sb, r1, lsl 30",1
"subseq r4, r3, r0, lsl 30",1
bhs 0x13c6c9c,1
svcmi 1,1
"strheq r0, [r0], -sp",1
"mrslo r5, sp_irq",1
"streq r0, [r0], -5",1
"pkhbteq r0, r2, fp, lsl 3",1
"movwpl r0, 0x1000",1
invalid,1
"andeq r1, r0, r6, lsr 19",1
"andeq r5, r0, pc, asr 6",1
"subseq r4, r3, r0, lsl 30",1
"stcllt p0, c0, [0x00006cc8]",1
"andeq r0, r0, r6",1
invalid,1
"ldrge r0, [r4], -r0",1
"andeq r0, r0, fp, lsl 8",1
"andseq ip, sb, r1, lsl 4",1
"stmibne r2, {r8} ^",1
invalid,1
"andeq r0, r0, sl",1
"streq r0, [ip, -0x406]",1
"mrseq r0, spsr",1
"andeq r0, r0, pc, lsl 6",1
"movwpl sb, 0x1614",1
invalid,1
"andeq r1, r0, r0, ror 19",1
"andeq r2, sl, pc, asr 18",1
"cmpeq r3, r0",1
"andeq r0, r0, r1, ror 8",1
blvs 0x6f120,1
invalid,1
"andeq r0, r0, r3, asr r0",1
"andseq r0, sl, r1, lsl 14",1
"subseq r4, r3, r0, lsl 30",1
bhs 0x13c6d24,1
svcmi 1,1
"strheq r0, [r0], -sp",1
"andlo r5, r1, 0, 10",1
"strne r0, [r0, -3]",1
"andhi r0, r1, fp, lsl 3",1
invalid,1
"andeq r1, r0, r0, lsr 20",1
"andeq r2, r1, pc, asr 20",1
"mrseq r0, spsr",1
"andeq r0, r0, ip, lsl 9",1
"stmdbhs r1, {r2, r4, r8, sb, sl, pc}",1
invalid,1
"andeq r1, r0, r8, lsr sl",1
"andeq r2, r1, pc, asr 20",1
"cmpeq r6, r0",1
"andeq r0, r0, r5, asr r5",1
bvc 0x535e4,1
invalid,1
"streq r0, [fp, -0x14e]!",1
"ands r0, r4, r0",1
"andeq r5, r0, r1, lsl 6",1
bne 0x178717c,1
invalid,1
"andeq r0, r0, sl",1
"ssateq r0, 9, r5, asr 2",1
invalid,1
"subseq r0, r3, r1, lsl 2",1
"strvc r0, [r1, -r0]",1
svcmi 0x1a,1
"andeq r0, r0, r3, asr r0",1
invalid,1
"strne r0, [r0, -r2]",1
"tsteq sp, r3, lsr r1",1
invalid,1
svcmi 0x1a,1
"andeq r0, r0, sl, lsr 2",1
"andeq r2, r1, pc, asr 20",1
"subseq r4, r3, r0, lsl 30",1
"cdpmi p0, 0, c0, c0, c0, 0",1
"andeq r5, lr, r1, lsl 24",1
invalid,1
"andeq r0, r0, sl, lsr 2",1
"andseq fp, sl, r1, lsl 2",1
invalid,1
"strpl r0, [r0, -r0]",1
"andeq r2, r7, r1, lsl 18",1
invalid,1
"andseq sp, sl, r1",1
"subseq r4, r3, r0, lsl 30",1
"movtpl r0, 0xf000",1
svcmi 0,1
"andeq r0, r0, sl, lsr 2",1
"cmpeq r5, ip, lsl r0",1
"andeq r0, r0, sb, lsr 13",1
invalid,1
"andeq r0, r0, r3, asr r0",1
"andseq lr, sl, r1, lsl 18",1
invalid,1
"cdpmi p0, 0, c0, c0, c0, 0",1
"andeq r6, r1, r1, lsl 30",1
"tsteq sb, r0, lsl 22",1
"muleq r0, r2, r0",1
"andseq r0, fp, r1, lsl 2",1
"addsne r4, r2, r0, lsl 30",1
"cdpmi p0, 0, c0, c0, c0, 0",1
"andeq r0, r5, r1, lsl 26",1
"cmpeq r5, r0, lsl 12",1
"andeq r0, r0, r3, asr r0",1
"andseq r2, fp, r1, lsl 8",1
"streq r4, [fp], r0, lsl 30",1
"movtpl r0, 0xf000",1
svcmi 0,1
"andeq r0, r0, sl, lsr 2",1
invalid,1
"andeq r0, r0, r7, lsr r2",1
"movwpl r5, 0x1706",1
invalid,1
"andeq r1, r0, r2, asr 22",1
"andeq r5, r0, pc, asr 6",1
invalid,1
"andseq r0, ip, r0",1
"orreq r0, sp, 0x80000013",1
"ldcvc p0, c0, [ip, -0]",1
"andeq r1, r1, r1, lsl 26",1
blne 0x17c7278,1
"movtpl r0, 0xf000",1
svcmi 0,1
"andeq r0, r0, sl, lsr 2",1
"movwlt r4, 0x1e00",1
"strne r0, [r0, -4]",1
"subseq r0, r3, pc, lsl 3",1
"mrshi r0, apsr",1
svcmi 0x1b,1
"andeq r0, r0, sl, lsr 2",1
"andeq r2, r1, pc, asr 20",1
"orreq r4, r0, r0, lsl 30",1
"cdpmi p0, 0, c0, c0, c0, 0",1
"andeq r4, r5, r1, lsl 12",1
invalid,1
"andeq r0, r0, sp, lsl r1",1
"andseq sb, fp, r1, lsl 18",1
invalid,1
"andpl r0, r0, 0",1
"andeq r3, r7, r1",1
"andseq r1, lr, 0, 18",1
blne 0xfeb872d0,1
"movtpl r0, 0xf000",1
"andeq r0, r0, r0",1
"ssateq r0, 0x1a, r5, asr 2",1
"strle r0, [sl], -r0",1
"subseq r0, r3, r2, lsl 2",1
invalid,1
svcmi 0x1b,1
"andeq r0, r0, sl, lsr 2",1
"andeq r8, r6, pc, asr 22",1
"mrseq r0, spsr",1
"muleq r0, ip, r6",1
"movwpl sl, 0x1e08",1
invalid,1
"strdeq r1, r2, [r0], -r8",1
"andeq r5, r0, pc, asr 6",1
blne 0xffe1ab0c,1
bhs 0x13c6f10,1
svcmi 1,1
"andeq r1, r0, r3, lsl 24",1
"andeq r7, r1, pc, asr 20",1
"streq r0, [r6], -0",1
"strdeq r1, r2, [r0], -lr",1
"andeq r1, r1, r7, lsl 26",1
"stmdbeq r4, {sb, sl}",1
"smladeq r0, ip, r0, r0",1
"andeq r0, r0, r5, lsr r1",1
invalid,1
"ldrmi r0, [lr, -0]",1
"ldcne p1, c0, [r2], -4",1
blhi 0x13c6f44,1
svcmi 6,1
"andeq r0, r0, sl, lsr 2",1
"andeq r2, r1, pc, asr 20",1
invalid,1
"andseq r0, ip, r0",1
invalid,1
"tstlo sb, 0",1
"tsteq sp, r2, lsl 2",1
blmi 0x46f68,1
svcmi 0x1c,1
"andeq r0, r0, sl, lsr 2",1
"andhi r5, r1, r0, lsl 10",1
"strne r0, [r0, -1]",1
"stcne p1, c0, [r1, -0x148]",1
invalid,1
"andeq r1, r0, sb, ror 24",1
"andeq r2, r1, pc, asr 20",1
invalid,1
"strpl r0, [r0, -0]",1
"andeq fp, r3, r1, lsl 28",1
"adcseq r0, r7, 0, 20",1
"andeq r5, r0, r1, lsl 6",1
"stcne p1, c0, [r2], {0}",1
bhs 0x13c6fa4,1
"andeq r0, r0, r1",1
"qsubeq r0, r7, pc",1
"ldrhs r0, [r3, -0]",1
"ldcne p1, c0, [r6], {1}",1
bhs 0x13c6fb8,1
"andeq r0, r0, r1",1
"rsceq r0, r2, 0x80000013",1
"ldrpl r0, [r7], -r0",1
"andeq r1, r1, r1, lsl 26",1
"ldcne p1, c0, [r3], 0",1
bhs 0x13c6fd0,1
svcmi 1,1
"andeq r0, r0, sl, lsr 2",1
"str r4, [r1], -r0, lsl 28",1
"strne r0, [r0, -r2]",1
"tsteq sp, r2, asr r1",1
blgt 0x46fe8,1
svcmi 0x1c,1
"andeq r0, r0, sl, lsr 2",1
bmi 0x5c3f4,1
"stmdbne r0, {r0, r3, r5}",1
"movwpl r0, 0x1206",1
invalid,1
"andeq r1, r0, r4, ror 25",1
"andeq pc, r4, pc, asr 30",1
"cmpeq r6, r0",1
"andeq r0, r0, sl, asr 12",1
"stcne p1, c1, [r1, -0x80]",1
invalid,1
"andeq r3, r0, r0, lsl 28",1
"stmdblo r0, {sb}",1
"streq r0, [r0], -5",1
"andeq r0, r0, r1, lsl 28",1
"ldrbteq r0, [sl], r0, lsl 2",1
invalid,1
"ldreq r0, [sb]",1
"cdpne p0, 0, c0, c2, c0, 0",1
invalid,1
"andeq r2, r0, r2, lsl 30",1
"movweq r0, 0x5100",1
"andeq r4, r1, ip, ror 26",1
"eorseq r0, r5, r3, lsl 8",1
blo 0x107050,1
"streq r0, [r0, -0]",1
"eorseq r0, sl, r1, lsl 16",1
svcne 0,1
"andeq r0, r0, 5",1
"andeq r7, r5, r0, lsl 10",1
"cdpeq p4, 0, c0, c1, c0, 0",1
invalid,1
"andeq r0, r0, fp, ror r7",1
"andeq r0, r0, r6, ror 3",1
"andeq sb, r0, ip, lsl 24",1
"andeq sb, r0, r4, lsl sp",1
"andeq r0, r0, r7, asr 11",1
"stmdbvs r5, {r1, sl}",1
"movweq r7, 0x46e",1
"andeq r0, r0, pc, lsr r5",1
"eorseq sp, r7, r2, lsl 10",1
"streq r0, [r4], -0",1
"andeq r2, r0, r7, lsl 8",1
"stmdaeq r1, {sl}",1
"andeq r0, r0, r1, lsr r0",1
svclo 0x70204,1
"streq r0, [r0], -0",1
"andseq r0, pc, r4, lsl 14",1
invalid,1
"andeq r3, r0, r6, lsl 6",1
"streq r0, [r2, -0x400]",1
"andeq r0, r0, fp, asr 1",1
"andeq r0, r5, r4, lsl 16",1
"streq r0, [r0], -0",1
"andseq r0, sl, r8, lsl 14",1
"strhs r0, [r3], -r0",1
"movweq r0, 2",1
"andeq r6, r0, r7, lsr r1",1
"sbcseq r0, lr, r0, lsl 6",1
invalid,1
"andeq r0, r0, r5, lsl 1",1
"streq r0, [r5, -0x404]",1
"movweq r0, 0",1
"andeq r0, r0, fp, ror r5",1
"rsbeq r8, pc, r3, lsl 26",1
"streq r0, [r4], -0",1
"andeq sp, r0, r7, lsl 10",1
"streq r0, [r4], -r0, lsl 10",1
"andeq sl, r0, r4, lsl 12",1
"stmdaeq r1, {sl}",1
"andeq r0, r0, sl, lsr r0",1
"andeq r5, r4, r3, lsl 10",1
"ldmdalt r0!, {sl}",1
"streq r0, [r0, -r0]",1
"andeq r0, r0, r1, asr r4",1
invalid,1
"stmdaeq r0, {r1}",1
"andeq r0, r0, pc, lsr sl",1
"eoreq pc, r5, r5, lsl 14",1
"movwhs r0, 0x2000",1
"rsceq r0, r6, r0, lsl 16",1
invalid,1
"andeq r0, r0, r0, lsr 1",1
"stmdaeq r4, {r1, r8, sb, sp}",1
"andeq r0, r0, r3, asr 7",1
"adceq pc, r0, r5, lsl 26",1
"movwhs r0, 0x2000",1
"streq r0, [r5, 0x808]",1
"cdp2 p0, 0, c0, c5, c0, 0",1
"andeq r0, r0, r0, lsr 1",1
"stmdaeq ip, {r1, r8, sb, sp}",1
"andeq r0, r0, r8, asr 13",1
"adceq pc, r0, r5, lsl 30",1
"movwhs r0, 0x2000",1
"rscseq r0, r1, 16, 18",1
"andeq r0, r5, r0",1
"andeq sl, r0, r1",1
"strtne r0, [r3], -0x200",1
"andeq r1, r4, sb, lsl 10",1
"mrseq r0, apsr",1
"andeq r0, r0, r0, lsr 1",1
"ldmdbeq r8, {r1, r8, sb, sp}",1
"andeq r0, r0, r2, ror 2",1
"andge r0, r1, r5, lsl 4",1
"andeq r0, r0, 0",1
"streq r1, [sb], -0xc23",1
"streq r0, [r0, -2]",1
"adceq r0, r0, r3, lsl 2",1
"movwhs r0, 0x2000",1
"teqeq sb, 32, 18",1
"streq r0, [r5, -0]",1
"andeq sl, r0, r1",1
"strths r0, [r3], -0x200",1
"andeq r5, r6, sb, lsl 14",1
invalid,1
"andeq r0, r0, r0, lsr 1",1
"stmdbeq r8!, {r1, r8, sb, sp}",1
"muleq r0, sl, r5",1
"andge r0, r1, r5, lsl 14",1
"andeq r0, r0, 0",1
"strvc r2, [sb], -r3, lsr 24",1
"streq r0, [r0, -4]",1
"adcseq r0, r1, 0x40000002",1
"movwhs r0, 0x2000",1
"rscseq r0, r3, r0, lsr sb",1
bleq 0x1471e4,1
"andeq fp, r2, r1, lsl 14",1
"strtlo r0, [r3], -0x200",1
"andeq fp, r1, sb, lsl 20",1
"mrseq r0, apsr",1
"andeq r0, r0, r5, lsr 32",1
"ldmdbeq r8!, {r1, r8, sb, sp}",1
"andeq r0, r0, r5, lsl 7",1
"strhs r1, [r1, -0x105]",1
"andeq r0, r0, 0",1
"andpl r3, sb, r3, lsr 24",1
"streq r0, [r0, -2]",1
"rsbseq r0, sl, r3, lsl r1",1
"movwhs r0, 0x2000",1
"andseq r0, r0, 64, 18",1
"strne r0, [r5, -r0]",1
"andeq r4, r0, r1, lsl 10",1
"strtmi r0, [r3], -0x200",1
"andeq sp, r4, sb, lsl 30",1
"tsteq r8, r0, lsl 10",1
"andeq r0, r0, r3, asr r0",1
"stmdbeq r6, {r1, r8, sb, sp} ^",1
"andeq r0, r0, r0, asr 2",1
"stclt p9, c1, [r1, -0x14]",1
"andeq r0, r0, 2",1
svcvc 0x94723,1
"streq r0, [r0, -3]",1
"sbceq r0, sp, 0x40000007",1
"movwhs r0, 0x2000",1
"subseq r0, r4, 72, 18",1
"strhs r0, [r5], -r0",1
"andeq r8, r0, r1, lsl 24",1
"eorpl r0, r3, r0, lsl 4",1
"andeq ip, r5, sb, lsl 4",1
invalid,1
"muleq r0, lr, r0",1
"ldmdbeq r8, {r1, r8, sb, sp} ^",1
"andeq r0, r0, sb, asr 11",1
"cdpls p0, 0, c3, c1, c5, 0",1
"andeq r0, r0, 0",1
svcls 0x95c23,1
"streq r0, [r0, -2]",1
"addseq r0, lr, r1, lsr r1",1
"movwhs r0, 0x2000",1
"ldrbeq r0, [r8, 0x960]",1
"andlo r0, r5, 0",1
"andeq sb, r0, r1, lsl 28",1
"strtvs r0, [r3], -0x200",1
"andeq sp, r5, sb, lsl 30",1
"teqeq r3, r0, lsl 10",1
"andeq r0, r0, ip, lsr 32",1
"stmdbeq r8!, {r1, r8, sb, sp} ^",1
"strheq r0, [r0], -r1",1
"strhs r3, [r1, -0x505]",1
"andeq r0, r0, 0",1
invalid,1
"streq r0, [r0, -5]",1
"sbcseq r0, r3, 0xc000000d",1
"movwhs r0, 0x2000",1
invalid,1
"streq r0, [r0, -4]",1
"adcseq r0, r7, 0x26c0000",1
"streq r0, [ip, -0]",1
"andeq fp, r2, r1, lsr 3",1
"ldrbeq r0, [r5, -0x800]!",1
"andge r0, r5, 0",1
"strheq r0, [r0], -r1",1
"stmdaeq r0, {r1, r8, sb, sp}",1
"andeq r0, r0, sb, lsl 6",1
"adcseq sl, r7, 0x14000000",1
"movwhs r0, 0x2000",1
"strbteq r0, [sl], -0x804",1
"strge r0, [r5, -r0]",1
"andeq r0, r0, r5, lsr 32",1
"andeq r2, r8, r2, lsl 6",1
"rsbseq r0, sl, 0x6000000",1
"streq r0, [r6], -0",1
"strheq r0, [r0], -r8",1
"andeq sl, r0, fp, lsl 12",1
"andeq ip, r2, r0, lsl 26",1
"addseq r0, r7, r0, lsl 24",1
"andeq r0, r0, r0",1
"rsbseq r0, r3, 0x6000000",1
"strge r0, [fp], -r0",1
"movw r0, 0",1
invalid,1
"muleq r0, r7, r0",1
"streq r0, [r6], -0x27",1
"andeq r0, r0, sb, ror 5",1
"andeq sl, r0, sp, lsl 12",1
"eoreq r0, r5, r0, lsl 28",1
"mrseq r0, apsr",1
"andeq r0, r0, r8, lsl 14",1
invalid,1
invalid,1
"andeq r0, r0, 0x9c",1
bne 0x47558,1
"andne r0, r0, r3",1
"andeq r0, r0, r5, lsr r7",1
"rsceq r2, r3, 0x4000",1
"andpl r0, r1, r0",1
blo 0x4af78,1
invalid,1
invalid,1
"stcls p0, c0, [ip], -0",1
"stcvc p0, c0, [r2, -0]",1
"movteq r0, 0x1100",1
"ldrvc r0, [r0], -0",1
invalid,1
"andeq r4, r3, lr, asr 2",1
"subseq r0, r0, r0, lsl 2",1
"stcls p1, c0, [r2, -0x10]",1
invalid,1
"andeq r8, r7, r1, lsl 20",1
invalid,1
"andeq sb, r0, ip, lsr 24",1
"andeq sb, r0, r4, lsl sp",1
"andeq r0, r0, r5, lsr 21",1
"andeq r2, r4, r1, lsl 30",1
"subseq r1, r0, 0, 4",1
"streq r0, [sl], -0",1
"tsths r3, 0",1
invalid,1
"andeq lr, r2, r0, ror r3",1
"andeq sp, sl, r0, lsl 2",1
"ldcls p4, c1, [r4], {0}",1
"streq r0, [r5], 0",1
"orrseq r0, fp, 0",1
"tsteq r5, r0",1
"ldrne r0, [r5, -0x152]!",1
"movweq r5, 0x5101",1
"ldrdeq ip, sp, [r0], -ip",1
"cmpeq r0, r5, lsl r1",1
"ldmdage r6, {r4, r5}",1
invalid,1
"strne r0, [r0], -4",1
"strheq sb, [r0], -r4",1
"strheq r0, [r0], -fp",1
"strheq r0, [r0], -r8",1
"subseq r0, r0, 0x40000005",1
"strne r0, [r0], -0x74",1
"andeq sb, r0, ip, asr 25",1
"ldrdeq r0, r1, [r0], -r4",1
"andeq r0, r0, r1, ror 7",1
"ldrbeq r0, [r2, -0x115]",1
"sbceq lr, r6, r3, lsl 16",1
"mrspl r1, apsr",1
"strne r7, [r0, -0x602]",1
"andlo r5, r1, r1",1
"rsbseq r0, sp, r5, lsl r2",1
"andeq r7, r0, r2, lsl 10",1
"addseq sp, ip, r6, lsl ip",1
"andeq sl, r4, r0, lsl 14",1
"ldclls p7, c1, [r4], 0",1
"ldrbeq r0, [r4], 0",1
"tsteq r5, r0",1
"rsbseq r0, r5, r3, asr r2",1
"ldrbeq r0, [r2, -0x115]",1
"sbceq lr, r6, r3, lsl 24",1
"andpl r1, r1, r0, lsl 10",1
"andeq r7, r0, r2, lsl 8",1
"mcrrls p6, 0, r1, r0, c0",1
"ldrbteq r0, [r3], 0",1
invalid,1
invalid,1
"strne r0, [r0], -r4",1
"andeq sb, r0, r4, ror ip",1
"strdeq r0, r1, [r0], -r3",1
"addseq sp, ip, r6, lsl r8",1
"andeq r1, r5, r0, lsl 2",1
invalid,1
invalid,1
"andeq lr, r2, r4, lsr 6",1
invalid,1
"stmdane r0, {r0, r2, r3, r6, r8}",1
"andeq r0, r0, fp, asr 14",1
"movteq r2, 0x1e01",1
"movweq r0, 0x5000",1
"andeq r4, r1, r0, ror 27",1
"andeq ip, r2, sb, lsl r2",1
"strlt r0, [r8, r0, lsl 8]!",1
invalid,1
"ldreq r1, [r0, r1, lsl 18]",1
invalid,1
"strheq r0, [r0], -r7",1
bpl 0x6478cc,1
"streq r0, [r0], -4",1
"andeq fp, r2, sl, lsr 15",1
"stmdbne r1, {r8}",1
"andeq r0, r0, r0, lsl 10",1
"rsceq r1, lr, 0x60000000",1
"mrseq r0, apsr",1
"andseq r0, ip, 0x80000006",1
"movwlo r0, 0x7000",1
"andeq sl, r0, r1",1
"strteq r0, [r7], 0x100",1
"tst fp, 0",1
blne 0x7500,1
"andeq r0, r0, r3, ror 5",1
"andeq r2, r0, fp, lsl r5",1
"tsteq ip, r0",1
"andeq r0, r0, r5, asr r5",1
"strlt r3, [r1, -0x20a]",1
invalid,1
"eoreq r0, r5, r6, lsl 8",1
"tsteq sp, r0",1
"andeq r0, r0, r5, ror 14",1
"mrseq r6, apsr",1
"andeq r0, r0, r0, lsr 1",1
"andeq sp, r4, r1, lsl 8",1
"rsceq r1, r3, 0, 22",1
"cdpne p0, 0, c0, c0, c0, 0",1
"andeq r2, r7, r1, lsl 18",1
invalid,1
"andeq pc, r4, r1, lsl 6",1
"eoreq r1, r5, r0, lsl 22",1
"ldrhs r0, [fp, -0]",1
blne 0x7548,1
"andeq r0, r0, r3, ror 5",1
"tsteq sl, pc, lsl r0",1
"andeq r0, r0, r8, asr r7",1
"strhs r0, [r1, -0x209]",1
invalid,1
"andeq r0, r0, fp, lsl 10",1
"andeq r0, r5, fp, lsl fp",1
"streq r0, [r6], -0",1
"andeq r0, r0, sp, lsr 1",1
"streq r0, [pc, -r0, lsr 2]!",1
blpl 0x307574,1
blne 0x47980,1
"andeq r0, r0, r5, lsr 32",1
"teqeq r3, r0",1
"andeq r0, r2, r0",1
"andeq r0, r0, fp, lsr 14",1
"andeq r0, lr, r4, lsl 2",1
"strlt r0, [r1, -0]",1
"str r0, [r0], -r7",1
"strne r0, [r0], -1",1
"mullt r0, sp, r0",1
"streq r0, [r0, -0x9d]",1
"andeq r0, r0, 7",1
"cdpvs p5, 6, c0, c9, c4, 0",1
svclo 0x30074,1
"andeq r0, r0, 5",1
"ldrdeq r3, r4, [r0], -r5",1
"streq r0, [r4, -r0, lsl 8]",1
"andeq r0, r0, r4, lsr 32",1
"strle r0, [r7, -0x404]",1
"streq r0, [r0], -0",1
"eorseq r0, pc, r2, lsl 14",1
"streq r0, [r5], -0",1
"andeq r0, r0, r2, asr r0",1
"andeq r5, r0, r6, lsl 14",1
"stmdaeq r1, {sl}",1
"andeq r0, r0, sl, lsr r0",1
invalid,1
"streq r0, [r0, -r0]",1
"andeq r4, r5, r1, lsl 12",1
"tsteq lr, r0, lsl 2",1
"strheq r0, [r0], -sp",1
"andeq sb, r0, r4, lsl sp",1
"andeq sb, r0, ip, ror 26",1
invalid,1
"strheq r0, [r0], -sp",1
"andeq pc, lr, r8, lsl 26",1
invalid,1
"streq r0, [r0, -0]",1
"stmdbeq r0, {r0, r1, r3}",1
"andeq r0, r0, lr, lsl 11",1
"subeq r2, ip, r1",1
bleq 0x98761c,1
"andvc r0, sl, r0",1
"stcmi p1, c0, [r1], -0",1
invalid,1
"stmdbeq r0, {r0, r1, r3}",1
"andeq r0, r0, r0, lsr 15",1
"sbceq r2, r3, r1, lsl 4",1
bleq 0x1907638,1
"streq r0, [r0, -0]",1
"andeq r5, r0, r4, lsl 14",1
"andeq r0, r1, 0, 8",1
"muleq r0, sp, r4",1
"ldreq r0, [r7, fp, lsl 2]",1
blo 0x47650,1
"andeq r2, r0, r1, lsl 24",1
"addseq r6, sp, r0, lsl 24",1
"addseq fp, sp, r0",1
"andeq r8, fp, r0, lsl 6",1
invalid,1
"stc2 p0, c0, [r8, -0]",1
invalid,1
"andeq r4, r0, sl, lsr ip",1
"andeq sl, fp, r0, lsl 6",1
"strbvs r0, [ip, -0xc00]!",1
invalid,1
"andeq r0, r0, ip, lsr 32",1
bge 0x35b688,1
invalid,1
"andeq r2, r0, sp, lsr ip",1
invalid,1
"swphs r0, sp, [r0]",1
svceq 1,1
"strvc r5, [r2], -1",1
"andne r0, r0, r0",1
"andeq r3, r3, r1, lsl 4",1
"orreq r0, fp, r0, lsl 6",1
"andeq r2, r0, r1, lsl 24",1
invalid,1
"andeq r0, r0, r0",1
"andeq r8, r0, r0, lsl 10",1
"strhs r0, [r0], -r0, lsl 4",1
"streq r0, [r0], -8",1
"andeq r0, r0, r1, lsl 28",1
"strbeq r0, [sb, r0, lsl 2]",1
invalid,1
"strbeq r0, [r6, r0]",1
"streq r0, [r2], -0",1
"andeq r2, r0, r7, lsl 8",1
"stmdaeq r1, {sb}",1
"andeq r0, r0, r1, lsr r0",1
svclo 0x70202,1
"andeq r0, r0, 0",1
"andseq r0, pc, r4, lsl 14",1
invalid,1
"andeq r3, r0, r6, lsl 6",1
"streq r0, [r2, -0x200]",1
"andeq r0, r0, fp, asr 1",1
"stmdbvs r5, {r0, r1, sl}",1
"andeq r7, r0, 0x6e000000",1
"andeq r0, r0, r8, lsl 10",1
invalid,1
"andeq r1, r0, r7, lsl 20",1
"streq r0, [r4, -0x200]",1
"andeq r0, r0, r5",1
"strle r0, [r7, -0x402]",1
"andeq r0, r0, 0",1
"eorseq r0, sl, r1, lsl 16",1
"strmi r0, [r4, -r0]",1
"streq r0, [r0, -0]",1
"andeq r0, r0, r0, lsl 10",1
"rsbseq r1, r1, r1, lsl 16",1
"streq r0, [r1, -0]",1
"mrseq r7, spsr",1
"streq r0, [r1], 0",1
"andeq r0, r2, r0",1
"andeq r0, r0, r4, ror 16",1
"andeq r0, lr, r4, lsl 2",1
invalid,1
"str r0, [r0], -r7",1
"andlt r0, r0, r1",1
"strvs r0, [r0], -0x9d",1
invalid,1
"andeq r0, r0, 7",1
"cdpvs p5, 6, c0, c9, c4, 0",1
svclo 0x30074,1
"andeq r0, r0, 5",1
"ldrdeq r3, r4, [r0], -r5",1
"streq r0, [r4, -r0, lsl 8]",1
"andeq r0, r0, r4, lsr 32",1
invalid,1
"streq r0, [r0], -0",1
"eorseq r0, pc, r2, lsl 14",1
"streq r0, [r4], -0",1
"andeq r1, r0, r7, lsl 30",1
"streq r0, [r1], -r0, lsl 8",1
"andeq r0, r0, r3, lsr r0",1
blgt 0x147fac,1
"streq r0, [r0], -0",1
"andeq r0, r0, r8, lsl 10",1
invalid,1
"andeq r1, r0, r7, lsl 20",1
"eoreq r0, r6, 0, 6",1
"strlo r0, [r3, -r0]",1
"andeq r0, r0, r1, rrx",1
"andeq sp, r0, r3, lsl 28",1
"strhi r0, [ip, 0x300]",1
"streq r0, [r0], -0",1
"andeq r0, r5, r4, lsl 10",1
blvc 0xc77cc,1
"movweq r0, 5",1
"andeq r6, r0, sp, lsl 31",1
"streq r0, [r4, -r0, lsl 8]",1
"ldrdeq r0, r1, [r0], -r5",1
"streq r0, [r6], -0x405",1
"andeq r0, r0, r6, lsr 1",1
blo 0x207bf8,1
"streq r0, [r0, -r0]",1
"andeq r0, r0, r1, asr r4",1
"ldmvs r6!, {r3, r4, r7, sl} ^",1
"stmdaeq r0, {r1}",1
"andeq r0, r0, pc, lsr sl",1
"eoreq pc, r5, r4, lsl 14",1
"movwhs r0, 0x2000",1
"rsceq r0, r6, r0, lsl 16",1
invalid,1
"andeq r0, r0, r0, lsr 1",1
"stmdaeq r4, {r1, r8, sb, sp}",1
"andeq r0, r0, r3, asr 7",1
"adceq pc, r0, r4, lsl 26",1
"movwhs r0, 0x2000",1
"streq r0, [r5, 0x808]",1
"cdp2 p0, 0, c0, c4, c0, 0",1
"andeq r0, r0, r0, lsr 1",1
"stmdaeq ip, {r1, r8, sb, sp}",1
"andeq r0, r0, r8, asr 13",1
"adceq pc, r0, r4, lsl 30",1
"movwhs r0, 0x2000",1
"rscseq r0, r1, 16, 18",1
"andeq r0, r4, r0",1
"andeq sl, r0, r1",1
"strtne r0, [r3], -0x200",1
"andeq r1, r4, sb, lsl 10",1
"mrseq r0, apsr",1
"andeq r0, r0, r0, lsr 1",1
"ldmdbeq r8, {r1, r8, sb, sp}",1
"andeq r0, r0, r2, ror 2",1
"andge r0, r1, r4, lsl 4",1
"andeq r0, r0, 0",1
"streq r1, [sb], -0xc23",1
"streq r0, [r0], -2",1
"adceq r0, r0, r3, lsl 2",1
"movwhs r0, 0x2000",1
"teqeq sb, 32, 18",1
"streq r0, [r4, -0]",1
"andeq sl, r0, r1",1
"strths r0, [r3], -0x200",1
"andeq r5, r6, sb, lsl 14",1
invalid,1
"andeq r0, r0, r0, lsr 1",1
"stmdbeq r8!, {r1, r8, sb, sp}",1
"muleq r0, sl, r5",1
"andge r0, r1, r4, lsl 14",1
"andeq r0, r0, 0",1
"strvc r2, [sb], -r3, lsr 24",1
"streq r0, [r0], -4",1
"adceq r0, r6, 0x40000002",1
"movwhs r0, 0x2000",1
"rscseq r0, r3, r0, lsr sb",1
bleq 0x1078bc,1
"andeq sl, r2, r1, lsl 24",1
"strtlo r0, [r3], -0x200",1
"andeq fp, r1, sb, lsl 20",1
"mrseq r0, apsr",1
"andeq r0, r0, r5, lsr 32",1
"ldmdbeq r8!, {r1, r8, sb, sp}",1
"andeq r0, r0, r5, lsl 7",1
"strhs r1, [r1, -0x104]",1
"andeq r0, r0, 0",1
"andpl r3, sb, r3, lsr 24",1
"streq r0, [r0], -2",1
"rsbseq r0, sl, r3, lsl r1",1
"movwhs r0, 0x2000",1
"andseq r0, r0, 64, 18",1
"strne r0, [r4, -r0]",1
"andeq r4, r0, r1, lsl 10",1
"strtmi r0, [r3], -0x200",1
"andeq sp, r4, sb, lsl 30",1
"tsteq r8, r0, lsl 8",1
"andeq r0, r0, r3, asr r0",1
"stmdbeq r6, {r1, r8, sb, sp} ^",1
"andeq r0, r0, r0, asr 2",1
"andlt r1, r1, 4, 18",1
"andeq r0, r0, 2",1
svcvc 0x94723,1
"streq r0, [r0], -3",1
"sbceq r0, r2, 0x40000007",1
"movwhs r0, 0x2000",1
"subseq r0, r4, 72, 18",1
"strhs r0, [r4], -r0",1
"andeq r8, r0, r1, lsl 24",1
"eorpl r0, r3, r0, lsl 4",1
"andeq ip, r5, sb, lsl 4",1
invalid,1
"muleq r0, lr, r0",1
"ldmdbeq r8, {r1, r8, sb, sp} ^",1
"andeq r0, r0, sb, asr 11",1
"cdpls p0, 0, c3, c1, c4, 0",1
"andeq r0, r0, 0",1
svcls 0x95c23,1
"streq r0, [r0], -2",1
"addseq r0, lr, r1, lsr r1",1
"movwhs r0, 0x2000",1
"ldrbeq r0, [r8, 0x960]",1
"andlo r0, r4, 0",1
"andeq sb, r0, r1, lsl 28",1
"strtvs r0, [r3], -0x200",1
"andeq sp, r5, sb, lsl 30",1
"teqeq r3, r0, lsl 8",1
"andeq r0, r0, ip, lsr 32",1
"stmdbeq r8!, {r1, r8, sb, sp} ^",1
"strheq r0, [r0], -r1",1
"strhs r3, [r1, -0x504]",1
"andeq r0, r0, 0",1
invalid,1
"streq r0, [r0], -5",1
"sbceq r0, r8, 0xc000000d",1
"movwhs r0, 0x2000",1
invalid,1
"streq r0, [r0], -4",1
"adcseq r0, r7, 0x26c0000",1
"streq r0, [ip], -0",1
"andeq sl, r2, r1, lsr 13",1
"ldrbeq r0, [r5, -0x800]!",1
"andge r0, r4, 0",1
"andeq r0, r0, r6, lsr 5",1
"stmdaeq r0, {r1, r8, sb, sp}",1
"andeq r0, r0, sb, lsl 6",1
"adceq sl, ip, 4, 6",1
"movwhs r0, 0x2000",1
"strbteq r0, [sl], -0x804",1
"strge r0, [r4, -r0]",1
"andeq r0, r0, r5, lsr 32",1
"andeq r2, r8, r2, lsl 6",1
"rsbeq r0, pc, 0x6000000",1
"streq r0, [r6], -0",1
"andeq r0, r0, sp, lsr 1",1
"andeq sl, r0, fp, lsl 12",1
"andeq ip, r2, r0, lsl 4",1
"addseq r0, r7, r0, lsl 24",1
"andeq r0, r0, r0",1
"rsbeq r0, r8, 0x6000000",1
"strge r0, [fp], -r0",1
invalid,1
invalid,1
"muleq r0, r7, r0",1
"streq r0, [r6], -0x27",1
"ldrdeq r0, r1, [r0], -lr",1
"andeq sl, r0, sp, lsl 12",1
"stmdb r4, {sb, sl}",1
"cdpeq p0, 0, c0, c0, c2, 0",1
invalid,1
"strhs r0, [r1, -r0]",1
"addseq fp, sp, r1",1
"addseq r6, lr, r0, lsl 8",1
"andeq ip, fp, r0, lsl 2",1
invalid,1
invalid,1
invalid,1
"andeq sp, r2, r7, lsr 16",1
"andeq lr, fp, r0, lsl 2",1
"ldrbhs r1, [0x00007b54]     ; [0x7b54:4]=0x2c010000",1
"cdphs p0, 0, c0, c1, c0, 0",1
"ldrdeq r0, r1, [r0], -r8",1
"andeq r0, r0, fp, lsr 24",1
"andeq r8, r5, r1, lsl lr",1
"stmdale pc!, {r8}",1
"stmdbmi r0, {r1}",1
"andne r0, r0, 0xc",1
"andeq sb, r0, r4, asr 27",1
"andeq r0, r0, lr, lsl 8",1
"andeq r0, r0, fp, asr 6",1
"subseq r0, r1, 0xc0000004",1
"tsteq r3, r8, lsl 30",1
"rsbseq r0, r4, r0, asr r2",1
"stclls p2, c1, [ip, 0]!",1
"strteq r0, [ip], -0",1
invalid,1
"tsteq r3, r0",1
"teqne r7, 0x80000014",1
"movweq r5, 0x5101",1
"andeq ip, r0, r8, lsr 14",1
"subseq r0, r0, 0xc0000004",1
"andne r7, r0, 0x75000",1
"andeq sb, r0, r4, lsl 28",1
"andeq r0, r0, ip, lsr 8",1
"andeq r0, r0, pc, lsl 7",1
"cmpeq r2, r3, lsl r1",1
invalid,1
"ldrgt r0, [r0, -r5, lsl 6]!",1
"tsteq r3, r0",1
"rsbseq r0, r6, r0, asr r2",1
"cdpls p2, 4, c1, c4, c0, 0",1
"strbeq r0, [lr], -0",1
invalid,1
"tsteq r3, r0",1
"smlsdlo r8, r2, r2, r0",1
"cmpeq r1, r3, lsl r1",1
"andpl r1, r1, r1, lsr r3",1
"ldrbtgt r0, [r0], r5, lsl 6",1
"strne r0, [r0], -0",1
"andeq sb, r0, r8, asr 28",1
"andeq r0, r0, sb, ror r4",1
"teqeq r3, r0, lsl 10",1
"mrshs r0, apsr",1
"ldrdeq r0, r1, [r0], -r8",1
"str r0, [r3], -0x501",1
"strne r0, [r0], -sp, asr 2",1
"andeq r0, r0, r6, lsl r8",1
"adceq r3, r0, r5, lsl 12",1
"mrseq r0, apsr",1
"andeq pc, r7, r6, lsl r8",1
"eorsge r0, r6, r0, lsl 10",1
invalid,1
"sbceq r1, r2, 0x100000",1
invalid,1
"andeq r0, r0, ip, lsr 5",1
"andsls r0, r6, r1, lsl 2",1
"streq r0, [r0], -r7",1
"andeq sl, r2, sb, lsr 25",1
"strne r0, [r1], -r0, lsl 2",1
"andeq r0, r0, sl, asr r4",1
"adceq sl, ip, 0x6000",1
"mrseq r0, apsr",1
"stmdaeq lr!, {r0, r1, r2, r4, r8}",1
"movweq r0, 0x7000",1
"adceq r0, r0, r1, lsl 2",1
invalid,1
"stmdane r0, {r2}",1
"ldrdeq r0, r1, [r0], -r8",1
"andeq r2, r0, r8, lsl r5",1
"tsteq sb, r0",1
"strheq r0, [r0], -r3",1
"strhs r8, [r1, -0xf07]",1
invalid,1
"andeq r0, r0, lr, asr 8",1
"andeq sp, r2, r8, lsl r8",1
"sbcseq r1, r8, 0, 16",1
invalid,1
"andeq r0, r0, r0",1
invalid,1
"andeq r0, r8, r0",1
"strdeq r0, r1, [r0], -r1",1
"andeq r3, r0, r1, lsl 14",1
"ldrbteq r0, [sb], -0x100",1
"tst r8, 0",1
"stmdane r0, {r1}",1
"andeq r0, r0, r7, lsr r0",1
"andeq r3, r0, r8, lsl r7",1
"addseq r1, lr, r0, lsl 16",1
blne 0x7bb8,1
"andeq r3, r8, r1, lsl 12",1
"andeq r0, r2, 0, 18",1
invalid,1
"andeq r0, r0, 0x25",1
"andeq sp, sb, r0, lsl 18",1
"cdpeq p4, 0, c0, c1, c0, 0",1
invalid,1
"strheq r0, [r0], -r1",1
"andeq r0, r0, r6, ror 3",1
"andeq sb, r0, r4, ror 28",1
"strheq fp, [r0], -ip",1
"andeq r0, r0, r3, lsl 18",1
"stmdbvs r5, {r1, sl}",1
"movweq r7, 0x46e",1
"andeq r0, r0, pc, lsr r5",1
"eorseq sp, r7, r5, lsl 10",1
"streq r0, [r4], -0",1
"andeq r2, r0, r7, lsl 8",1
"ldmeq r4, {r8, sl} ^",1
"strmi r0, [r5, -0]",1
"andeq r3, r0, r1, lsl 14",1
bleq 0xffec9410,1
"streq r0, [r4], -r0",1
"andeq r8, r0, r0, lsr 26",1
beq 0x160981c,1
"streq r0, [r0, -r0]",1
"andeq r0, r0, r6, asr 21",1
"ldmdbeq r5!, {r0, r8, sb, sl} ^",1
"streq r0, [r2, -r0]",1
"strdeq r0, r1, [r0], -sb",1
"ldmdbeq r1!, {r0, r1, r8, sb, sl}",1
"streq r0, [r4, -r0]",1
"andeq r0, r0, r3, lsl 22",1
bleq 0x1389854,1
"streq r0, [r6, -r0]",1
"andeq r0, r0, sp, asr 22",1
bleq 0xc89868,1
"andeq r0, r8, r0",1
"andeq r3, sl, r6, lsl 16",1
"movwle r0, 0x6400",1
"andeq r0, r0, ip, lsr 1",1
"andeq ip, r8, r7",1
invalid,1
"andeq r0, r0, 0xb",1
"andeq ip, ip, r7, lsl 8",1
"streq r0, [r0], -0x400",1
"eorseq r0, r1, r1, lsl 16",1
"andeq r0, r4, 0",1
"andeq r3, r0, r7, lsl 30",1
"streq r0, [r4, -r0, lsl 8]",1
"andeq r0, r0, pc, lsl r0",1
"movwlo r0, 0x6104",1
"streq r0, [r0], -0",1
"sbceq r0, fp, r2, lsl 10",1
invalid,1
"andeq r0, r0, r5",1
"streq r0, [r8, -r0, lsl 8]",1
"andeq r0, r0, sl, lsl r0",1
"andeq r2, r2, r3, lsl 12",1
svcgt 0x370700,1
"movweq r0, 0",1
"ldrdeq r0, r1, [r0], -lr",1
"rscseq r8, r3, r7, lsl 24",1
"streq r0, [r4], -0",1
"andeq r0, r0, r5, lsl 10",1
"ldrbeq r0, [fp, -0x300]!",1
"stchi p0, c0, [r7, -0]",1
"ldrdeq r0, r1, [r0], -sp",1
"strle r0, [r7, -0x404]",1
"movweq r0, 0",1
"andeq r0, r0, r6, ror 11",1
"rscseq sb, r3, r7, lsl 8",1
"streq r0, [r8], -0",1
"tsteq pc, sb, lsl 8",1
invalid,1
"andeq r3, r0, r8, lsl 20",1
"andne r0, r4, r0, lsl 20",1
"andeq r8, r1, r0, lsr r2",1
"cdpeq p7, 6, c0, c10, c0, 0",1
"addeq r0, r0, 0",1
"andeq r4, sl, r7, lsl 12",1
"streq r8, [r4, -r0]",1
"andeq r0, r0, r3, ror sp",1
svcge 0x70880,1
"andhi r0, r0, fp",1
beq 0xfe149950,1
"addhs r0, r0, r0",1
"andeq sp, fp, r7, lsl 2",1
"sbceq r8, r0, r0",1
"andeq r7, ip, r7, lsl 2",1
"orreq r8, r0, r0",1
"andeq sp, ip, r7, lsl 14",1
"addeq r8, r0, 0",1
"andeq r2, lr, r7, lsl 6",1
"strge r0, [r7], -r0, lsl 2",1
"andeq r0, r0, 0xb",1
"andeq r6, ip, r7",1
"andeq r0, r7, 0, 8",1
"stmdaeq r0, {r1, r2, r3}",1
"stmdahi r4, {r8, fp}",1
bleq 0x7d50,1
"strheq r0, [r0], -r3",1
"orrseq r0, r3, sb, lsl 8",1
svcne 0xb0000,1
"stmdbeq r0, {r0}",1
"andeq r2, r0, r4, lsl 10",1
"strbeq r0, [r8, 0x300]!",1
blmi 0x207d68,1
"andeq r0, r0, ip, lsl 2",1
"andeq r1, r1, ip, lsl 30",1
"andeq fp, r1, r0, lsl 18",1
"mrseq r0, apsr",1
"andeq r0, r3, r0",1
invalid,1
svceq 0xe0000,1
"andeq r0, r0, r1, asr r4",1
blvc 0xffd8a3ec,1
"andne r0, r0, r3",1
"andeq r0, r0, pc, lsr sl",1
"eoreq pc, r5, sb, lsl 14",1
"movwhs r0, 0x2000",1
"rsceq r1, r6, r0",1
invalid,1
"andeq r0, r0, sb, lsl r1",1
"andne r2, r4, r2, lsl 6",1
"andeq r0, r0, r3, asr 7",1
"tsteq sb, sb, lsl 26",1
"movwhs r0, 0x2000",1
"streq r1, [r5, 8]",1
"cdp2 p0, 0, c0, c9, c0, 0",1
"andeq r0, r0, sb, lsl r1",1
"andne r2, ip, r2, lsl 6",1
"andeq r0, r0, r8, asr 13",1
"tsteq sb, sb, lsl 30",1
"movwhs r0, 0x2000",1
"rscseq r1, r1, 16, 2",1
"andeq r0, sb, r0",1
"andeq r1, r1, r1, lsl 18",1
"strtne r0, [r3], -0x200",1
"andeq r1, r4, r1, lsl r5",1
"mrseq r0, apsr",1
"andeq r0, r0, sb, lsl r1",1
"tstne r8, r2, lsl 6",1
"andeq r0, r0, r2, ror 2",1
"stmdbne r1, {r0, r3, sb}",1
"andeq r0, r0, 1",1
"ldreq r1, [r1], -0xc23",1
"stmdbeq r0, {r1}",1
"tsteq sb, r3, lsl 2",1
"movwhs r0, 0x2000",1
"teqeq sb, 32, 2",1
"streq r0, [sb, -0]",1
"andeq r1, r1, r1, lsl 18",1
"strths r0, [r3], -0x200",1
"andeq r5, r6, r1, lsl r7",1
invalid,1
"andeq r0, r0, sb, lsl r1",1
invalid,1
"muleq r0, sl, r5",1
"stmdbne r1, {r0, r3, r8, sb, sl}",1
"andeq r0, r0, 1",1
"ldrvc r2, [r1], -r3, lsr 24",1
"stmdbeq r0, {r2}",1
"ldreq r0, [pc], -0x109      ; [0x7e48:4]=0xf31130 ; ""0\x11\xf3""",1
"movwhs r0, 0x2000",1
"rscseq r1, r3, r0, lsr r1",1
bleq 0x247e54,1
"andeq r2, r4, r1, lsl 10",1
"strtlo r0, [r3], -0x200",1
"andeq fp, r1, r1, lsl sl",1
"mrseq r0, apsr",1
"andeq r0, r0, r5, lsr 32",1
"teqne r8, r2, lsl 6",1
"andeq r0, r0, r5, lsl 7",1
"strhs r1, [r1, -0x109]",1
"andeq r0, r0, 0",1
"andspl r3, r1, r3, lsr 24",1
"stmdbeq r0, {r1}",1
"rsceq r0, r8, r3, lsl r1",1
"movwhs r0, 0x2000",1
"andseq r1, r0, 64, 2",1
"strne r0, [sb, -r0]",1
"andeq fp, r0, r1, lsl 6",1
"strtmi r0, [r3], -0x200",1
"andeq sp, r4, r1, lsl pc",1
"tsteq r8, r0, lsl 18",1
"andeq r0, r0, r1, asr 1",1
invalid,1
"andeq r0, r0, r0, asr 2",1
blhs 0x4e2d4,1
"andeq r0, r0, 4",1
svcvc 0x114723,1
"stmdbeq r0, {r0, r1}",1
"ldrteq r0, [fp], -0x11d",1
"movwhs r0, 0x2000",1
"subseq r1, r4, 72, 2",1
"strhs r0, [sb], -r0",1
"andeq pc, r0, r1, lsl 20",1
"eorpl r0, r3, r0, lsl 4",1
"andeq ip, r5, r1, lsl r2",1
invalid,1
"andeq r0, r0, r7, lsl r1",1
"cmpne r8, r2, lsl 6",1
"andeq r0, r0, sb, asr 11",1
"strne r3, [r1, -sb]",1
"andeq r0, r0, 1",1
svcls 0x115c23,1
"stmdbeq r0, {r1}",1
"tsteq r7, r1, lsr r1",1
"movwhs r0, 0x2000",1
"ldrbeq r1, [r8, 0x160]",1
"andlo r0, sb, 0",1
"andeq r1, r1, r1, lsl 14",1
"strtvs r0, [r3], -0x200",1
"andeq sp, r5, r1, lsl pc",1
"teqeq r3, r0, lsl 18",1
"andeq r0, r0, ip, lsr 32",1
invalid,1
"strheq r0, [r0], -r1",1
"strhs r3, [r1, -0x509]",1
"andeq r0, r0, 0",1
invalid,1
"stmdbeq r0, {r0, r2}",1
"strbeq r0, [r1], -0x137",1
"movwhs r0, 0x2000",1
invalid,1
"streq r0, [r0, -0xd]",1
"eorseq r0, r7, r2, ror 2",1
"ldreq r0, [r2], -0",1
invalid,1
"ldrmi r0, [r3, -r0]",1
beq 0x7f84,1
"andeq r3, r0, r8, asr r7",1
"stceq p3, c1, [r2], 0",1
invalid,1
"andeq r0, r0, sb, lsr 3",1
beq 0x20cf6c,1
"andeq ip, r3, r2, asr fp",1
"ldmibeq r0, {ip}",1
"strpl r0, [sl], -0",1
"andeq r0, r0, r5, lsr 32",1
"andne r2, r0, r2, lsl 6",1
"ldrdeq r0, r1, [r0], -sl",1
"orreq r5, r7, 0x280",1
"movwhs r0, 0x2000",1
"strhs r0, [r3], -r4",1
beq 0x7fc4,1
"andeq sl, r3, lr, asr r6",1
"stceq p3, c0, [r8], -0",1
bvs 0x287fa0,1
"andeq r0, r0, fp, asr 7",1
"andeq r4, r4, r5, lsl r6",1
svceq 0x9b0900,1
"strheq r0, [r0], -r7",1
svcne 0xa1090c,1
"andne r0, r0, r4",1
"andeq r0, r0, r5, ror r5",1
"ldreq sl, [pc], -0x209      ; [0x7fc0:4]=0x3091000",1
"movwhs r0, 0x2000",1
"movweq r1, 0x9000",1
"movwge r0, 0x9000",1
"andeq r0, r0, r5, lsr 8",1
"andne r2, r4, r2, lsl 6",1
"andeq r0, r0, sl, ror 8",1
"eoreq sl, r5, sb, lsl 14",1
"movwhs r0, 0x2000",1
"streq r0, [sb], -8",1
"andeq r0, r0, r8, ror 7",1
"biceq r0, r0, sb, lsl 8",1
svcne 0xc0000,1
bllo 0x7ff8,1
"stceq p0, c0, [r0, -0x10]",1
"andeq r0, r0, r5, lsl 2",1
"streq r0, [sb], -0",1
"andeq r0, r0, r1, ror 7",1
"andeq r1, r1, ip, lsl 30",1
"andeq r5, r4, r0, lsl 2",1
"mrseq r0, apsr",1
"eoreq r0, r7, r0",1
"andeq r3, ip, pc, lsl 16",1
"strlo r3, [r1, -r0]",1
"andeq r0, r0, r4, lsr 9",1
"andeq r0, ip, r0, lsl r3",1
bmi 0xe88428,1
"andeq r0, r0, 0",1
"andsmi r0, r0, r3, lsr 32",1
invalid,1
"andeq r2, r0, sp, lsr r5",1
"strteq r0, [r3], -0x200",1
"andeq sp, sp, r0, lsl pc",1
"strbge r0, [r1], -0x100",1
"andeq r0, r0, 4",1
"ldrpl r0, [r0, -r3, lsr 16]",1
invalid,1
"andeq r8, r1, r4, asr 26",1
"stmdahs r3!, {sb}",1
"andeq pc, r8, r0, lsl pc",1
"stclhi p1, c0, [r7, -0]",1
"andeq r0, r0, 1",1
invalid,1
"andeq r0, r0, r7, lsr r0",1
"strheq r0, [r0], -r4",1
"andeq r0, r1, sp, lsl 10",1
"strne r0, [r0], -r0, lsl 14",1
"andeq r0, r0, r0, ror 25",1
"sbcseq r0, r3, 8, 2",1
"andeq r0, r0, r0, ror 9",1
"andseq r2, r0, r1, lsl r3",1
"sbcseq r0, r5, 0, 2",1
"andeq r0, r0, ip, lsr 32",1
"strne r2, [r0, -r2, lsl 6]",1
"rsbeq r6, ip, r6, ror r1",1
"stmdbne r2, {r0, sb, sl, ip, lr, pc}",1
"andeq r0, r0, 1",1
"stmdane r0, {r0, r1, r5, sl}",1
"andeq r0, r0, sb, lsl 26",1
"strhs sl, [r1, -0x302]",1
"movweq r0, 0",1
"andeq r0, r0, r6, ror r5",1
"eorseq r7, r1, sb, lsl r3",1
"orreq sl, sp, r2, lsl 6",1
"tstvc sb, 0",1
"movwge r0, 0x2032",1
"andeq r0, r0, sp, lsl 3",1
"eorslo r7, r2, sb, lsl r3",1
svcne 0xa30200,1
"stmdbne r0, {r0}",1
"eorseq r3, r1, r3, ror r2",1
"tsteq pc, r2, lsl 6",1
"tstvc sb, 0",1
"andeq r3, r0, 0x20000003",1
"andeq r1, r1, r3, lsr 31",1
"rsbslo r1, r3, 0, 18",1
"movwge r0, 0x2033",1
"andeq r0, r0, pc, lsl r1",1
"ldrtlo r7, [r2], -0x319",1
svcne 0xa30200,1
"stmdbne r0, {r0}",1
"eorseq r3, r5, r3, ror r2",1
"tsteq pc, r2, lsl 6",1
"tstvc sb, 0",1
"andeq r3, r0, 0x3200000",1
"andeq r1, r1, r3, lsr 31",1
"rsbslo r1, r3, 0, 18",1
"movwge r0, 0x2037",1
"andeq r0, r0, pc, lsl r1",1
"ldmdalo r2!, {r0, r3, r4, r8, sb, ip, sp, lr}",1
svcne 0xa30200,1
bne 0x8130,1
"cmpvs pc, 27, 30            ; 0x1b",1
"strhs r0, [r5, 0x200]!",1
"andeq r0, r0, r0",1
"ldceq p8, c1, [r6], 0",1
"mrsgt r0, apsr",1
"andeq r8, r1, r1, lsl 26",1
"ldreq r0, [r2, 0x100]!",1
"andsvs r0, ip, 0",1
invalid,1
"andeq r8, r1, r1, asr 27",1
"rsbseq r1, r3, r0, lsl 18",1
"subeq ip, sl, r1, lsl 2",1
"andsgt r0, sp, r0",1
invalid,1
"andeq r8, r1, r3, asr 27",1
"stmdbeq r7, {r8, sl, fp, ip} ^",1
"strgt r0, [r1], -0",1
"andeq r0, r0, sp, lsl 3",1
"stmdalt r1, {sb, sl, fp, ip}",1
"movweq r0, 0xb",1
"tsteq r7, ip, asr 2",1
"mrseq r0, apsr",1
"andeq r0, r0, r7, ror 11",1
"andeq ip, r1, ip, lsl ip",1
"strbne r0, [ip, -r0, lsl 6]",1
invalid,1
"andeq r0, r0, fp, asr ip",1
"eoreq r4, r5, r3, lsl 24",1
invalid,1
"movweq r0, 4",1
"andeq r2, r0, ip, asr 24",1
"tsteq pc, r0",1
"muleq r0, r0, ip",1
"stmdbne r1, {r2, sb, fp, ip, lr, pc}",1
"movweq r0, 1",1
"andeq r0, r0, r3, lsl 12",1
"streq r6, [r0], -0xe19",1
"ldrdeq r2, r3, [r0], -sl",1
"tsteq pc, r0",1
"andeq r0, r0, r1, lsr 22",1
"strhs r8, [r1, -0xa01]",1
invalid,1
"andeq r0, r0, r8, asr r6",1
invalid,1
"andeq r5, r6, sl, lsl 17",1
"rsbeq r1, r3, r0, lsl 18",1
"tsteq pc, r1, lsl 20",1
invalid,1
"strhs r0, [sl, 0x100]",1
blne 0x81f4,1
invalid,1
"andeq sl, r0, ip, lsl 25",1
"rsbseq r1, r0, r0, lsl 22",1
"ldrbeq r8, [lr], -r1, lsl 26",1
invalid,1
invalid,1
"andeq r2, r0, pc, lsl 11",1
"rsbseq r1, r2, r0, lsl 22",1
"eoreq sb, r5, r1",1
invalid,1
"andeq r5, r4, r4, lsl 2",1
"strlo r0, [r4, -r0, lsl 18]",1
invalid,1
"andeq r0, r0, r6, asr sp",1
"strhs r3, [r1, -0x302]",1
"movweq r0, 0",1
"andeq r0, r0, r2, lsr 13",1
"eorseq r7, r1, sb, lsl r3",1
"orreq r3, sp, r2, lsl 6",1
"tstvc sb, 0",1
"movwlo r0, 0x2032",1
"andeq r0, r0, sp, lsl 3",1
"ldmdalo r2!, {r0, r3, r4, r8, sb, ip, sp, lr}",1
svcne 0x330200,1
bne 0x825c,1
"cmpvs pc, 27, 30            ; 0x1b",1
"ldrhs r0, [r5, -0x200]!",1
"andeq r0, r0, r0",1
"stcleq p8, c1, [fp, -0]",1
invalid,1
"andeq r2, r0, r1, lsl 10",1
"strbteq r0, [fp], r0, lsl 6",1
"tstvc sb, 0",1
invalid,1
"andeq r0, r0, sp, lsl 3",1
"eorseq r7, r2, sb, lsl r3",1
"orreq r4, sp, r2, lsl 2",1
"tstvc sb, 0",1
"andeq r3, r0, 0xc80000",1
"andeq r1, r1, r1, asr 30",1
"rsbslo r1, r3, 0, 18",1
invalid,1
"andeq r0, r0, pc, lsl r1",1
svcpl 0x5f1b1a,1
"movwmi r0, 0x2063",1
"andeq r0, r0, r5, lsr 32",1
"andsmi r0, r8, r0",1
"andeq r0, r0, 0xd",1
"eoreq r0, r5, pc, asr 2",1
svclo 0x30000,1
"stmdbne r0, {r0, r1, r2}",1
"andeq r3, r0, 0xc000001c",1
"andeq r8, r1, pc, asr 26",1
"rsbslo r1, r3, 0, 18",1
"stclhi p2, c0, [0x000082d0]",1
"stmdbne r0, {r0}",1
"eorseq r3, r6, r3, ror r2",1
"tsteq pc, r2, lsl 30",1
"tstvc sb, 0",1
"andeq r3, r0, 0xc80000",1
"andeq r1, r1, pc, asr 30",1
"rsbslo r1, r3, 0, 18",1
svcmi 0x20038,1
"andeq r0, r0, pc, lsl r1",1
svcpl 0x5f1b1a,1
invalid,1
"andeq r0, r0, r5, lsr 32",1
invalid,1
"andeq r0, r0, 8",1
"eoreq r0, r5, sp, asr r1",1
"cdpls p0, 0, c0, c3, c0, 0",1
"stmdbne r0, {r0, r1, r2}",1
"andeq r3, r0, 0xc000001c",1
"andeq r8, r1, sp, asr sp",1
"rsbslo r1, r3, 0, 18",1
"ldclhi p2, c0, [sp, -0]",1
"stmdbne r0, {r0}",1
"eorseq r3, r5, r3, ror r2",1
"tsteq pc, r2, lsl 26",1
"tstvc sb, 0",1
"andeq r3, r0, 0x3200000",1
"andeq r1, r1, sp, asr pc",1
"rsbslo r1, r3, 0, 18",1
"stcpl p0, c0, [r2, -0xdc]",1
"andeq r0, r0, pc, lsl r1",1
"ldmdalo r2!, {r0, r3, r4, r8, sb, ip, sp, lr}",1
svcne 0x5d0200,1
bne 0x8358,1
"cmpvs pc, 27, 30            ; 0x1b",1
"ldrbhs r0, [0x0000815c]     ; [0x815c:4]=0x1000009",1
"andeq r0, r0, r0",1
"ldceq p8, c1, [r5, -0]!",1
blvs 0x88368,1
"andeq r2, r0, r1, lsl 10",1
"stmdaeq r8, {r8, sb}",1
"tstvc sb, 0",1
blvs 0x8843c,1
"andeq r0, r0, sp, lsl 3",1
"eorseq r7, r2, sb, lsl r3",1
"orreq r6, sp, r2, lsl 22",1
"tstvc sb, 0",1
"andeq r3, r0, 0x32000000",1
"andeq r1, r1, fp, ror 30",1
"rsbslo r1, r3, 0, 18",1
blvs 0x8846c,1
"andeq r0, r0, pc, lsl r1",1
"shadd16lo r7, r2, sb",1
svcne 0x6b0200,1
"stmdbne r0, {r0}",1
"eorseq r3, r7, r3, ror r2",1
"tsteq pc, r2, lsl 22",1
"tstvc sb, 0",1
"andeq r3, r0, 0x320000",1
"andeq r1, r1, fp, ror 30",1
svcpl 0x1b1a00,1
"andeq r6, r0, 0x7c000001",1
"andeq r2, r0, sp, ror 10",1
invalid,1
"andeq r0, r0, sl, lsr 26",1
"strhs r7, [r1, -0x902]",1
"movweq r0, 0",1
"andeq r0, r0, sp, ror r8",1
"eorseq r7, r1, sb, lsl r3",1
"orreq r7, sp, r2, lsl 18",1
"tstvc sb, 0",1
"stmdbvc r2, {r1, r4, r5}",1
"andeq r0, r0, sp, lsl 3",1
"teqlo r2, 0x64000000",1
svcne 0x790200,1
"stmdbne r0, {r0}",1
"eorseq r3, r4, r3, ror r2",1
"tsteq pc, r2, lsl 18",1
"tstvc sb, 0",1
"andeq r3, r0, 0xc800000",1
"andeq r1, r1, sb, ror pc",1
"rsbslo r1, r3, 0, 18",1
"stmdbvc r2, {r1, r2, r4, r5}",1
"andeq r0, r0, pc, lsl r1",1
invalid,1
svcne 0x790200,1
"stmdbne r0, {r0}",1
"eorseq r3, r8, r3, ror r2",1
"tsteq pc, r2, lsl 18",1
blne 0x688434,1
"rsbeq r5, r3, pc, asr pc",1
"eoreq r7, r5, r2, lsl 22",1
"andeq r0, r0, r0",1
"andeq r1, sp, r8, lsl pc",1
"orreq r0, r7, r0, lsl 4",1
"andeq r0, r0, r5, lsr 32",1
"andeq pc, r8, r3, lsl 26",1
"cmnlo r3, r0, lsl 18",1
"stchi p2, c0, [r7]",1
"stmdbne r0, {r0}",1
"andeq r3, r0, 0x30000007",1
"andeq r8, r1, r7, lsl 27",1
"rsbslo r1, r3, 0, 18",1
"smladxhi r2, r2, r0, r0",1
"andeq r0, r0, pc, lsl r1",1
"teqlo r2, 0x64000000",1
svcne 0x870200,1
"stmdbne r0, {r0}",1
"eorseq r3, r4, r3, ror r2",1
"tsteq pc, r2, lsl 14",1
"tstvc sb, 0",1
"andeq r3, r0, 0xc800000",1
"andeq r1, r1, r7, lsl 31",1
"rsbslo r1, r3, 0, 18",1
"smladxhi r2, r6, r0, r0",1
"andeq r0, r0, pc, lsl r1",1
invalid,1
svcne 0x870200,1
"stmdbne r0, {r0}",1
"eorseq r3, r8, r3, ror r2",1
"tsteq pc, r2, lsl 14",1
blne 0x6884b4,1
"rsbeq r5, r3, pc, asr pc",1
"eoreq r8, r5, r2, lsl 18",1
"andeq r0, r0, r0",1
"andeq r1, sp, r8, lsl r4",1
"orrseq r0, r5, r0, lsl 4",1
"andeq r0, r0, r5, lsr 32",1
"andeq r8, sb, r3, lsl 16",1
"cmnlo r3, r0, lsl 18",1
"ldchi p2, c0, [r5]",1
"stmdbne r0, {r0}",1
"andeq r3, r0, 0x30000007",1
"muleq r1, r5, sp",1
"rsbslo r1, r3, 0, 18",1
"strls r0, [r2, -0x31]",1
"andeq r0, r0, pc, lsl r1",1
"eorslo r7, r2, 0x64000000",1
svcne 0x950200,1
"stmdbne r0, {r0}",1
"eorseq r3, r3, r3, ror r2",1
"tsteq pc, r2, lsl 10",1
"tstvc sb, 0",1
"andeq r3, r0, 0x32000000",1
"muleq r1, r5, pc",1
"rsbslo r1, r3, 0, 18",1
"strls r0, [r2, -0x35]",1
"andeq r0, r0, pc, lsl r1",1
"shadd16lo r7, r2, sb",1
svcne 0x950200,1
"stmdbne r0, {r0}",1
"eorseq r3, r7, r3, ror r2",1
"tsteq pc, r2, lsl 10",1
"tstvc sb, 0",1
"andeq r3, r0, 0x320000",1
"muleq r1, r5, pc",1
svcpl 0x1b1a00,1
"andeq r6, r0, 0x7c000001",1
"muleq r0, r7, r5",1
"andhs r0, r0, r0",1
"andeq r0, r0, sl, ror 16",1
invalid,1
"strvs r0, [r0], -4",1
"stmdalt r0, {r1, r2, r3, r4, r7}",1
invalid,1
invalid,1
"andeq r0, r0, fp, asr 19",1
"andeq r0, ip, r1, lsr 6",1
bmi 0xfecc8970,1
invalid,1
"andhs r0, r0, 0xc",1
"strlt r0, [r1, -0x6f]",1
"andeq r0, r0, r1, asr r4",1
"muleq r0, sp, ip",1
"addseq fp, lr, r3, lsr 16",1
"eoreq r5, r4, r0, lsl 12",1
"tstvs r8, r0",1
"andeq r0, r0, 0xd",1
"eoreq r0, r5, sp, lsr 2",1
invalid,1
"stmdbne r0, {r0, r3}",1
"andeq r3, r0, 0xc000001c",1
"andeq r8, r1, sp, lsr 26",1
"rsbslo r1, r3, 0, 18",1
"stchi p2, c0, [sp, -0]!",1
"andeq r0, r0, r1",1
"andeq r7, r5, r4, lsr 12",1
"addseq fp, lr, r0, lsl 16",1
"addseq lr, pc, r0",1
"andeq fp, ip, r0, lsl 28",1
svceq 0x6f0100,1
"strhi r0, [r5, -r0]!",1
"cdple p0, 0, c0, c0, c5, 0",1
"strhs r0, [r0, -0xc]",1
"muleq r0, r2, r5",1
"strdeq r0, r1, [r0], -ip",1
"andeq sb, r5, r6, lsr 22",1
"ldrbhs r0, [r0, -r0, lsl 2]",1
"andeq r0, r0, r6, lsr 11",1
"andeq r0, r0, sl, lsl sp",1
"andeq lr, r4, r8, lsr 32",1
"addseq ip, lr, r0, lsl 16",1
"addseq r1, pc, r0, lsl 8",1
"cdphi p1, 0xd, c0, c12, c0, 0",1
"stmdbhs r0, {r2, r3}",1
"andeq r0, r0, r7, asr 10",1
"ldreq r2, [ip, -0x900]!",1
invalid,1
"andeq r0, r0, r1, lsr r5",1
"streq r2, [r6, -0x938]!",1
invalid,1
"andeq r0, r0, fp, lsl r5",1
"ldreq r2, [r0, -0x946]",1
invalid,1
"andeq r0, r0, r5, lsl 10",1
"ldrbteq r2, [fp], 0xa55",1
invalid,1
bne 0x8644,1
blhs 0x866c,1
"andeq sb, r0, r8, asr 29",1
"andeq sb, r0, r4, lsl pc",1
"andeq r5, r5, sb, lsr 26",1
"eorpl r0, sb, 0",1
"andeq r0, r0, r5",1
"andeq lr, r4, ip, lsr 32",1
"addseq sp, lr, r0, lsl 16",1
"addseq r1, pc, r0, lsl 8",1
"strbhs r0, [r1, 0x100]",1
"andeq r0, r0, r7, asr 10",1
"andeq r0, r0, r3, asr 26",1
"andeq r3, r5, r5, lsr 24",1
"andeq r4, sp, r0, lsl 6",1
"ldreq r2, [r1, -0x500]!",1
"ldcleq p0, c0, [r7, -0]",1
"strths r0, [r5], -r0",1
invalid,1
"strhs r0, [r0, -0xd]",1
"andeq r0, r0, fp, lsl r5",1
"andeq r0, r0, r1, lsl 27",1
"andeq r1, r5, r5, lsr 32",1
"andeq sb, sp, r0, lsl 12",1
"streq r2, [r5, -0x500]",1
"stceq p0, c0, [fp, 0]!",1
blx 0xa8869e,1
"strhs r0, [r0, -4]",1
"strdeq r0, r1, [r0], -r1",1
"andeq r0, r0, r0, asr 27",1
"addseq sp, lr, fp, lsr 16",1
"addseq r1, pc, r0, lsl 8",1
"ldrbeq r2, [sp, -0x500]",1
"stcleq p0, c0, [r3, -0]",1
"eorpl r0, r5, 0",1
"movwmi r0, 5",1
invalid,1
"strdeq r0, r1, [r0], -sp",1
"ldrdeq sb, sl, [r0], -r8",1
"andeq sb, r0, r4, lsl pc",1
"stmdbpl r5!, {r1, sb, fp, sp, pc}",1
"movwmi r0, 9",1
"strhs r0, [r0, -0xd]",1
"andeq r0, r0, lr, asr 18",1
"andeq r0, r0, r3, asr 26",1
"andeq r4, sb, r5, lsr 6",1
"andeq r5, sp, r0, lsl 14",1
"ldmdbeq r8!, {r8, sl, sp}",1
"stcleq p0, c0, [ip, -0]!",1
"stchs p0, c0, [r5, -0]!",1
invalid,1
"strhs r0, [r0, -0xd]",1
"andeq r0, r0, r2, lsr 18",1
"muleq r0, r6, sp",1
"andeq r1, sb, sl, lsr 16",1
"stmdbeq lr, {r8, sl, sp}",1
"stcleq p0, c0, [r0]",1
invalid,1
"strne r0, [r0], -0x9e",1
"strhs r0, [r0, -0x9f]",1
"andeq r0, r0, pc, ror 18",1
"andeq r0, r0, r3, asr 26",1
"andeq r6, sb, r5, lsr 8",1
"andeq r4, sp, r0, lsl 6",1
"ldmdaeq sp!, {sl, fp, sp} ^",1
"cdpls p0, 0xe, c0, c8, c0, 0",1
svcls 0x140000,1
invalid,1
"andeq ip, r8, r5, lsr 28",1
"andeq sp, sp, r0, lsl 6",1
"stmeq r3, {r8, sl, sp} ^",1
"ldcleq p0, c0, [r3]",1
invalid,1
"str r0, [r0, -r8]",1
"strhs r0, [r0, -0xd]",1
"andeq r0, r0, sp, lsr 17",1
"strdeq r0, r1, [r0], -ip",1
"andeq sl, r8, r5, lsr 4",1
"andeq r1, lr, r0, lsl 2",1
"ldmeq r8, {sb, fp, sp}",1
"cdphi p0, 2, c0, c5, c0, 0",1
"strhs r0, [r0], -r8",1
blhs 0x87b4,1
"andeq sb, r0, r8, ror 29",1
"andeq sb, r0, r4, lsl pc",1
"andeq lr, r8, r5, lsr 8",1
"andeq sp, sp, r0, lsl 6",1
"ldmeq sb, {r8, sl, sp} ^",1
"ldcleq p0, c0, [r3]",1
invalid,1
invalid,1
"strne r0, [r0], -0x9e",1
"andeq r0, r0, 0x9f",1
"stmdaeq lr, {r1, r2, r3, r7, r8, sl, sp} ^",1
"cdpeq p0, 3, c0, c9, c0, 0",1
invalid,1
"stmdblo r0, {r3}",1
"strhs r0, [r0, -0xe]",1
"andeq r0, r0, r8, lsr r8",1
"andeq r0, r0, sp, asr 28",1
"andeq r2, r8, r5, lsr 26",1
"andeq r6, lr, r0, lsl 4",1
"stmdaeq r3!, {sb, fp, sp}",1
invalid,1
"strvc r0, [r0, -r8]",1
blhs 0x8810,1
"strdeq sb, sl, [r0], -r8",1
"andeq sb, r0, r4, lsl pc",1
"andeq r6, r8, r5, lsr 8",1
"andeq r3, lr, r0, lsl 18",1
"ldmdaeq sb, {r8, sl, sp} ^",1
"cdpeq p0, 3, c0, c9, c0, 0",1
"cdpls p0, 2, c0, c12, c0, 0",1
"streq r0, [r0], -7",1
"strne r0, [r0], -0x9f",1
"andeq r0, r0, 0x9f",1
"ldrbeq r2, [sb, r0, lsl 11]",1
"cdpeq p0, 8, c0, c10, c0, 0",1
"cdpgt p0, 2, c0, c5, c0, 0",1
bhi 0x882c,1
"strhs r0, [r0, -0xe]",1
"andeq r0, r0, r3, asr 15",1
"muleq r0, lr, lr",1
"andeq fp, r7, sl, lsr 18",1
"streq r2, [pc, r0, lsl 10]!",1
"cdpeq p0, 0xb, c0, c3, c0, 0",1
"strteq r0, [fp], -0",1
"strne r0, [r0], -0x9f",1
"strhs r0, [r0, -0x9f]",1
"andeq r0, r0, pc, ror 15",1
"andeq r0, r0, sl, lsl 29",1
"andeq lr, r7, r5, lsr 8",1
"andeq r8, lr, r0, lsl 20",1
"andeq r0, r0, r0",1
"andeq r0, r0, r0",1
"andeq r0, r0, r0",1
"strbteq r2, [r0], 0xd00",1
svcls 0x380000,1
"rsbeq r0, r8, 0",1
"cdple p0, 0, c0, c1, c0, 0",1
"andeq r0, r0, r5, ror 30",1
"andeq r4, r5, r5, lsr 14",1
"andeq ip, lr, r0, lsl 12",1
"ldreq r2, [ip, -0x500]!",1
"cdpeq p0, 0xe, c0, c8, c0, 0",1
invalid,1
"strgt r0, [r0], -r5",1
"strhs r0, [r0, -0xe]",1
"andeq r0, r0, r6, lsr 10",1
"andeq r0, r0, sl, lsl 30",1
"andeq r1, r5, r5, lsr 22",1
"andeq r2, pc, r0, lsl 24",1
"ldreq r2, [r0, -0x500]",1
svceq 0x4e0000,1
"streq r0, [r5, -0]!",1
"andvc r0, r0, r5",1
bhs 0x88e0,1
"strdeq r0, r1, [r0], -fp",1
"andeq pc, r4, r5, lsr 2",1
"andeq sb, pc, r0, lsl 4",1
"addeq r2, r0, 0, 28",1
"stcpl p0, c0, [r5, -0]!",1
"andlt r0, r0, r5",1
"strhs r0, [r0, -0xf]",1
"andeq r0, r0, r2, asr r5",1
"strheq r0, [r0], -r0",1
"andeq lr, r4, pc, lsr 32",1
"addseq r4, pc, r0",1
"andeq sb, r2, r0, lsl 16",1
"strbhs r0, [r1, 0x100]",1
"andeq r0, r0, r7, asr 10",1
"ldrdeq r0, r1, [r0], -r0",1
"andeq r3, r5, r5, lsr 24",1
"andeq pc, pc, r0, lsl 4",1
"ldreq r2, [r1, -0x500]!",1
svceq 0xd00000,1
"strths r0, [r5], -r0",1
"strne r0, [r0], -5",1
"strhs r0, [r0, -0x10]",1
"andeq r0, r0, fp, lsl r5",1
"andeq r1, r0, r6, lsr r0",1
"andeq r1, r5, r5, lsr 32",1
"andseq r5, r0, r0, lsl 16",1
"streq r2, [r5, -0x500]",1
"rsbsne r0, sl, r0",1
blx 0xa8891a,1
"strhs r0, [r0, -4]",1
"strdeq r0, r1, [r0], -r1",1
"muleq r0, ip, r0",1
"andeq fp, r2, lr, lsr 32",1
"ldrbeq r2, [sp, -0x500]",1
"adcsne r0, sl, r0",1
"eorpl r0, r5, 0",1
blt 0x894c,1
svchs 0x10,1
"strdeq r0, r1, [r0], -sp",1
"andeq sb, r0, r0, asr 30",1
"andeq r0, r0, r8, asr 5",1
"stmdbpl r5!, {r1, sb, fp, sp, pc}",1
"andle r0, r0, sb",1
"strhs r0, [r0, -0xf]",1
"andeq r0, r0, lr, asr 18",1
"strdeq r0, r1, [r0], -r2",1
"andeq r4, sb, r5, lsr 6",1
"andeq sp, pc, r0",1
"ldmdbeq r8!, {r8, sl, sp}",1
"andsne r0, r4, r0",1
"stchs p0, c0, [r5, -0]!",1
"strlo r0, [r0], -sb",1
"strhs r0, [r0, -0x10]",1
"andeq r0, r0, r2, lsr 18",1
"andeq r1, r0, r8, asr r0",1
"andeq r1, sb, sl, lsr 16",1
"stmdbeq lr, {r8, sl, sp}",1
"addsne r0, ip, r0",1
"eor r0, lr, r0",1
"strhs r0, [r0, -2]",1
"andeq r0, r0, pc, ror 18",1
"strheq r1, [r0], -sl",1
"andeq r6, sb, r5, lsr 8",1
"andseq fp, r0, r0, lsl 20",1
"ldmdaeq sp!, {r8, sb, sl, fp, sp} ^",1
svcls 0x500000,1
"rscseq r0, r8, 0",1
invalid,1
"andeq ip, r8, r5, lsr 28",1
"andseq sp, r0, r0, lsl 20",1
"stmeq r3, {r8, sl, sp} ^",1
"rscsne r0, ip, r0",1
invalid,1
ble 0x89ec,1
"strhs r0, [r0, -0x10]",1
"andeq r0, r0, sp, lsr 17",1
"andeq r1, r0, lr, lsl r1",1
"andeq sl, r8, r5, lsr 4",1
"andseq r4, r1, r0",1
"ldmeq r8, {sb, fp, sp}",1
"cdphi p0, 2, c0, c5, c0, 0",1
"andvs r0, r0, 8",1
"mcrhs p0, 0, r0, c0, c1, 0",1
"andeq r0, r0, r0, lsl r3",1
"andeq lr, r8, r5, lsr 8",1
"andseq r8, r1, r0",1
"ldmeq sb, {r8, sl, sp} ^",1
"orrne r0, r0, r0",1
invalid,1
invalid,1
"stmdahs r0, {r0, r1, r2, r3, r4, r7}",1
"andeq r0, r0, 3",1
"stmdaeq lr, {r1, r2, r3, r7, r8, sl, sp} ^",1
"movne r0, r0",1
invalid,1
"andgt r0, r0, 8",1
"strhs r0, [r0, -0x11]",1
"andeq r0, r0, r8, lsr r8",1
"andeq r1, r0, r0, lsr 3",1
"andeq r2, r8, r5, lsr 26",1
"andseq lr, r1, r0, lsl 8",1
"stmdaeq r3!, {sb, fp, sp}",1
invalid,1
"streq r0, [r0], -r8",1
"mcrhs p0, 0, r0, c0, c2, 0",1
"andeq r0, r0, r0, asr 6",1
"andeq r6, r8, r5, lsr 8",1
"andseq r2, r2, r0, lsl 8",1
"ldmdaeq sb, {r8, sl, sp} ^",1
"eorne r0, r4, 0",1
"cdpls p0, 2, c0, c12, c0, 0",1
invalid,1
"strge r0, [r0], -0x9f",1
"andeq r0, r0, 0x9f",1
"ldrbeq r2, [sb, r0, lsl 19]",1
invalid,1
"andeq r0, r0, lr, asr 15",1
invalid,1
bhs 0xc08a80,1
"strheq r0, [r0], -sb",1
"andeq sl, r7, r5, lsr 30",1
"andseq r4, r2, r0, lsl 8",1
svcls 0x7c2b00,1
svcls 0xa40000,1
svc 0x290000,1
"andeq r0, r0, r7",1
"andeq lr, r7, sb, lsr 8",1
svclo 0x2c0000,1
"stmdahi r0, {r0, r1, r2}",1
"strge r0, [r0], -0x9f",1
"andeq r0, r0, 0x9f",1
invalid,1
invalid,1
"andeq r0, r0, r4, ror 14",1
"smmlareq sl, r3, sl, r2",1
"eorpl r0, r5, r0",1
"strpl r0, [r0, -r7]",1
blhs 0x8b14,1
"andeq sb, r0, r8, lsl 31",1
"andeq sb, r0, r4, lsr 31",1
"andeq r8, r7, sb, lsr 10",1
bvc 0xa48adc,1
"andeq r0, r0, r7",1
"andeq lr, r6, ip, lsr 22",1
"addseq sb, pc, r0, lsl 8",1
"addseq sl, pc, r0, lsl 8",1
"stmdbhs r4!, {sb} ^",1
"andeq r0, r0, r0, lsl r7",1
"smladxeq r6, r0, sl, r2",1
"stc2 p0, c0, [r5], -0",1
bvs 0x8b18,1
blhs 0x8b4c,1
"muleq r0, r4, pc",1
"andeq sb, r0, r4, lsr 31",1
"andeq r2, r7, sb, lsr 12",1
blne 0xa48b14,1
"andeq r0, r0, r7",1
"andeq r0, r0, r0",1
"andeq r0, r0, r0",1
"andeq r0, r0, r0",1
"andeq r0, r0, r0",1
"addseq ip, lr, r3, lsr 16",1
"eoreq r6, r4, r0, lsl 2",1
"strtgt r0, [r0], -r0",1
invalid,1
invalid,1
svcls 0xe00000,1
"stcge p0, c0, [ip], 0",1
"rsbsne r0, sp, 0",1
"strge r0, [r1, -0]",1
invalid,1
"andeq r0, r0, r3, ror 16",1
"tsteq sb, r1, lsl 4",1
"adcne r0, sl, 0",1
bhi 0x848b60,1
invalid,1
"strdeq r2, r3, [r0], -r2",1
"andseq ip, r2, r0, lsl 20",1
"rsbvc r3, r1, 0",1
invalid,1
"andeq r0, r0, sp, lsl 3",1
"andeq r1, r0, r8, ror 5",1
"andeq r0, sp, r1, lsr 2",1
"ldclhs p1, c0, [r3], 0",1
invalid,1
invalid,1
"strdeq r0, r1, [r0], -fp",1
"subeq pc, sl, r1, lsl 8",1
invalid,1
"eorsmi r0, r1, r0",1
invalid,1
"strdeq r2, r3, [r0], -r4",1
"ldreq r0, [r1], 0x200",1
"andeq sp, sp, r1, lsr pc",1
"ldrbge r0, [r5, 0x100]!",1
"andeq r0, r0, 0x13",1
invalid,1
invalid,1
"strdeq r8, sb, [r1], -r6",1
"andseq r1, r4, r0, lsl 24",1
"ldmeq pc!, {r8, sp} ^",1
invalid,1
"andeq r0, r0, sp, lsl 3",1
"andeq r1, r0, r7, lsr 9",1
invalid,1
"strdeq r2, r3, [r0], -sb",1
"andseq r3, r5, r0, lsl 30",1
"strbvs r2, [ip, -0x200]!",1
blx 0x48da0,1
"andeq r0, r0, ip, lsr 32",1
"ldrdeq r1, r2, [r0], -r0",1
"andeq sl, ip, r2, lsr sb",1
"ldclhi p1, c0, [fp, 0]!",1
"stmdb r0, {r0}",1
"andlo r0, r0, 0x16",1
"andeq r0, r0, r2, asr 16",1
"eoreq pc, ip, r1, lsl 24",1
"strne r0, [r8, r0]!",1
"ldchs p0, c0, [r2], -0",1
invalid,1
"ldrsheq fp, [r3], -sp",1
"andseq r1, r8, r0, lsl 28",1
bleq 0xff895420,1
"cdp2 p0, 0, c0, c1, c0, 0",1
"strheq r1, [r0], -r0",1
"muleq r0, r5, r8",1
"andeq pc, sb, r2, lsr sb",1
"rscslt r0, pc, r0, lsl 2",1
invalid,1
"movwlo r0, 0x19",1
"andeq r0, r0, sl, lsl sl",1
"strls r8, [r2], -0xe01",1
"movwlo r0, 0xa5",1
"andeq r0, r0, r3, ror 22",1
"streq ip, [r1], -0x101",1
"movwlo r0, 0xa6",1
"andeq r0, r0, r3, lsl ip",1
"stmda r1, {r0, sl, fp, ip, sp, pc}",1
"movwlo r0, 0xa5",1
"ldrdeq r0, r1, [r0], -pc",1
invalid,1
"movwlo r0, 0xa4",1
"andeq r0, r0, r8, ror 18",1
"stmdahi r2, {r0, r8, fp, ip, sp, lr}",1
"strlo r0, [r0], -0xa4",1
"andeq r0, r0, r6, ror r5",1
"andeq sl, r0, r0, asr r0",1
"andeq sl, r0, r0, ror r0",1
"stceq p8, c3, [r1, -4]",1
"strhs r0, [r0, -0x11]",1
"muleq r0, r2, r5",1
"andeq r1, r0, sl, ror sb",1
"andeq r8, r5, r5, lsr 14",1
"andseq fp, sb, r0, lsl 2",1
"subsge r2, r0, r0, lsl 22",1
"rsbsge r0, r0, r0",1
blls 0x9c8ca8,1
"stmdb r0, {r0, r2}",1
"strlo r0, [r0, -0x19]",1
"andeq r0, r0, r6, lsr 11",1
"adceq r6, r0, r6, lsr r4",1
"eoreq r6, r4, r0, lsl 30",1
"andpl r3, r1, 0, 14",1
"teqeq r7, r1, lsl 10",1
"rsbseq r0, r4, r1, asr r2",1
"cmpeq r0, r7, lsr r1",1
"andeq r0, r0, r0, lsr r0",1
"andeq r7, r5, r4, lsr r6",1
"adceq r7, r0, r0",1
"adceq sb, r0, r0",1
"teqeq sb, r0, lsl 2",1
"andeq r1, r0, r6, ror 2",1
"andeq sb, r5, r5, lsr 4",1
"andseq r2, sl, r0, lsl 22",1
"streq r2, [r7, 0x500]",1
bne 0x12c8cf4,1
"eorvc r0, fp, r0",1
"andls r0, r0, r0, lsr 1",1
"strhs r0, [r0, -r0, lsr 1]",1
"muleq r0, fp, r5",1
"andeq r1, r0, r3, ror sl",1
"andeq sl, r5, r5, lsr r6",1
"addge r3, r4, r0, lsl 12",1
"strbths r0, [pc], -0",1
"teqeq r7, r0",1
invalid,1
"strvc r5, [r2], -0x101",1
"andpl r3, r1, r0, lsl 14",1
"andeq r3, r0, r1",1
"cmpeq r8, 0, 16",1
"movwne r0, 0x4000",1
"teqvs sb, 0",1
"cmpeq sb, r0, lsl 2",1
"andeq r0, r0, ip, lsr 1",1
"muleq r0, sp, sl",1
"cmnvs r3, 0xe400000",1
"cmpeq sl, r0, lsl 2",1
"andeq r0, r0, ip, lsr 1",1
"andeq r1, r0, fp, lsr 23",1
"andeq pc, r8, sl, lsr ip",1
"cmpeq fp, r0, lsl 2",1
"strheq r1, [r0], -r0",1
"strdeq r1, r2, [r0], -r2",1
"andeq sl, r3, r8, lsr r0",1
"andseq ip, r2, r0, lsl 26",1
"rsbeq r3, sp, r0, lsl 18",1
invalid,1
blls 0x8d74,1
blo 0x8de8,1
"andeq r0, r0, sp, asr 28",1
"andlt r1, r2, r1",1
"smladhs r0, r3, r0, r0",1
"stmdalo r0, {r0, r2, r3, r4}",1
"ldrdeq r0, r1, [r0], -r8",1
"andeq r1, r0, r5, lsr 5",1
"andeq sp, fp, fp, lsr sl",1
"andseq r0, sb, 0, 2",1
"ldrdeq r0, r1, [r0], -r6",1
"ldmdalo r0, {r1, r8, ip, pc} ^",1
"andeq r0, r0, r0, lsl r4",1
"andeq r1, r0, lr, asr 4",1
invalid,1
"eorseq r0, lr, r3, lsr 4",1
"stcne p0, c0, [r8]",1
"eorslt r0, sl, r0",1
invalid,1
"eoreq r0, ip, r4, lsr 4",1
"ldcne p0, c0, [r4, 0]!",1
"eorspl r0, r8, r0",1
blne 0x8ddc,1
"stmdblo r0, {r1, r4}",1
"stclo p0, c0, [r1, -0x1a8]",1
"andeq r2, r0, r2, lsl 24",1
"andseq sp, sp, r0, lsl 26",1
invalid,1
"smlatbls r0, sl, r0, r0",1
"strmi r0, [r0], -0x24",1
"smladlo r0, r2, r0, r0",1
invalid,1
"andpl r3, r1, 72, 14",1
"stmdavc r0, {r0, r2, r8, sb, fp, ip, sp, lr}",1
"teqeq r7, r0, lsl 24",1
"rsbseq r0, r4, r1, asr r2",1
"subseq r0, r0, 0xc000000d",1
"movwhs r4, 0x491",1
"strdeq sl, fp, [r0], -ip",1
"andeq r2, r0, r5, asr 9",1
"ldreq r3, [r2, 0xd00]!",1
invalid,1
"ldrbteq r0, [r8], -0",1
bne 0x48e20,1
"andseq r7, r2, r2, lsl 28",1
"ldrbeq r2, [fp, 0x500]",1
"ldclne p0, c0, [r1, 0]!",1
"eorle r0, r5, r0",1
"stcne p0, c0, [r0, -0x14]",1
"strhs r0, [r0, -0x1e]",1
"andeq r0, r0, r5, asr 11",1
"andeq r1, r0, sb, asr 28",1
blge 0x317e44,1
"ldrbhs r0, [sp], 0",1
"addsne r0, r2, 0",1
"teqeq r7, r0",1
"ldmmi r1, {r4, r6, sb}",1
blge 0xfe616658,1
"strhs r0, [r1, -0]",1
"teqeq r7, r0",1
"ldchi p4, c0, [r1], {0x50}",1
"andeq r0, r0, pc, ror r6",1
"adceq r0, r7, lr, lsr ip",1
"adceq ip, r7, r0",1
"andseq ip, r2, r0, lsl 6",1
"vdiveq.f32 s6, s10, s0",1
"strpl r0, [r1], -r0",1
"andeq r2, r0, r2, lsl 24",1
"andseq sl, lr, r0, lsl 16",1
"stcle p0, c0, [r3], -0",1
bne 0x9124,1
"andeq r0, r0, r5, lsr 32",1
"adceq r5, sb, ip, lsr ip",1
"eoreq r0, r5, r0, lsl 2",1
"andseq lr, r2, r0, lsl 6",1
"andpl r3, r1, r0, lsl 14",1
svcvc 0x8c9104,1
"eorshi r0, r6, r6",1
"cdphs p0, 0, c0, c0, c9, 5",1
"strlo r0, [r0, -r5, lsr 32]",1
invalid,1
"strlo r7, [r6, -r8, lsl 31]",1
invalid,1
invalid,1
"strvc r5, [r2], -r1",1
"movwhs r0, 0",1
"strdeq sb, sl, [r0], -ip",1
"andeq r2, r0, r0, asr r5",1
"adceq sp, r0, ip, lsr ip",1
"eoreq r0, r5, r0, lsl 2",1
"andseq r2, r3, r0, lsl 4",1
"andpl r3, r1, r0, lsl 14",1
"streq sb, [r8], -r3, lsl 2",1
"rscsge r2, r8, r0, lsl 6",1
"ldrbhs r0, [r6], -0",1
"ldrtle r0, [ip], -0",1
svcvs 0xa5,1
"cdpvc p0, 0, c0, c0, c15, 0",1
"smladlo r0, r3, r0, r0",1
blvc 0x9db04,1
"andpl r3, r1, 0, 14",1
svcvc 0x8c9104,1
invalid,1
"strlo r7, [r0, -r2, lsl 18]",1
invalid,1
invalid,1
"tsteq r0, 2, 26",1
invalid,1
"movweq r7, 0xcd02",1
invalid,1
invalid,1
"stcvc p7, c3, [r2, -0xc0]",1
"ldcvc p6, c0, [r1], {4}",1
bne 0xfff4b350,1
"rsbseq r0, sp, r7, lsr r2",1
"ldrbteq sb, [r8], -r3, lsl 2",1
"mcrrge p12, 0, r3, r8, c0",1
invalid,1
"orrsne r0, r3, 0",1
"teqeq r7, r0",1
"ldmvc r1, {r0, r4, r6, r8, sb}",1
"eorsvs r0, r6, r6",1
invalid,1
"strlo r0, [r0, -sb]",1
"mrsls r5, apsr",1
"andeq r0, r0, r8, ror r6",1
invalid,1
"strlo r0, [fp, -r0]",1
"streq r0, [r0], -0",1
"ldreq r0, [sp], 0x201",1
"cdp p0, 3, c0, c15, c0, 0",1
invalid,1
"stmdbne r1, {r1, r2, r3, r4, r5, r6, r7, sb}",1
invalid,1
invalid,1
"strgt r0, [r0], -lr, lsr 1",1
invalid,1
"ldrdeq r1, r2, [r0], -sb",1
invalid,1
invalid,1
"cdpne p0, 0xf, c0, c3, c0, 0",1
"mrsvs r0, spsr",1
invalid,1
"strdeq r0, r1, [sp, lr]",1
svcne 0x110000,1
"mrseq r0, spsr",1
invalid,1
invalid,1
svcne 0x2f0000,1
"submi r0, r1, r0",1
invalid,1
"ldrbne r0, [sb, 0x2ff]",1
svcne 0x4d0000,1
"ldrvs r0, [sb, -0]!",1
"movweq r0, 0x1100",1
"andeq r0, r0, r5, lsr 32",1
"andeq r1, r0, fp, ror 30",1
"eorseq r6, r0, r2, asr 28",1
"strlo r0, [r3, -r1, lsl 6]",1
invalid,1
"uhsaxvc r3, r3, r6",1
"movweq r0, 0x4100",1
"andeq r1, r0, r4, ror 11",1
"andeq r1, r0, r7, ror 31",1
"andeq sb, r4, r8, lsr r0",1
"andseq lr, r4, r0, lsl 10",1
invalid,1
"tsteq r0, 0, 2",1
"andeq r0, r0, ip, lsr 32",1
"andeq r2, r0, r6, lsr 32",1
"andeq lr, sl, sl, lsr r2",1
"tsteq r1, 0, 2",1
"strheq r1, [r0], -r0",1
"andeq r2, r0, pc, asr 32",1
"andeq fp, r5, sp, lsr r2",1
"adceq r2, sp, r0",1
"andeq fp, r4, r0",1
"tsteq sb, 0, 2",1
"andeq r1, r0, r4, lsr 9",1
"andeq sp, r5, r5, lsr 22",1
"eoreq sb, r0, r0",1
"ldrbeq r2, [r0, 0x500]",1
"adcshs r0, r5, r0",1
"strgt r0, [r5, -0]!",1
"stmdbgt r0, {r0, r2}",1
"strlo r0, [r0], -r0, lsr 32",1
"andeq sl, r0, r4, lsr sp",1
"andeq r2, r0, lr, asr r5",1
"cmpeq r1, r7, lsr r1",1
invalid,1
"andeq sl, r0, r4, lsl sp",1
"andeq r2, r0, pc, ror r5",1
"andeq r1, r0, r0, asr 9",1
"ldrbeq r0, [r1], -0x137",1
"ldrths r0, [r3], -0x7b",1
"subseq r0, r0, 0xc000000d",1
invalid,1
"andeq sl, r0, r4, lsr lr",1
"andeq r2, r0, pc, ror r5",1
"ldrdeq r1, r2, [r0], -fp",1
"ldrbeq r0, [r1], -0x137",1
"ldrths r0, [r3], -0x7b",1
"cmpeq r0, r7, lsr r1",1
"strtpl r0, [r3], -0x30",1
invalid,1
"andeq r0, r0, r5, lsr 32",1
"andeq ip, r4, r8, lsr r8",1
"andseq ip, r5, r0, lsl 12",1
"eorne r3, r3, r0, lsl 20",1
"cdpne p0, 0, c0, c1, c0, 0",1
"andeq r2, r0, r3, lsl 24",1
"eoreq pc, r0, r0, lsl 18",1
"cmnvs r6, r0, lsl 18",1
svcne 0x1006c,1
"andeq r1, r1, r3, lsl 18",1
"eoreq r1, r1, r0, lsl 14",1
beq 0x10178d4,1
"mrshs r0, apsr",1
"andeq r2, r0, r3, lsl 10",1
"eoreq r3, r1, r0, lsl 10",1
invalid,1
"andhs r0, r1, 0",1
"andeq r2, r0, r3, lsl 24",1
"eoreq r5, r1, r0, lsl 30",1
"strbeq r3, [r7, 0xd00]!",1
"stclge p0, c0, [r4]",1
"strbteq r0, [r0], 0",1
"stchs p0, c0, [r1, -0]",1
"andseq r5, r5, r3, lsl 10",1
"ldrbeq r2, [sb, 0x500]!",1
"cmnhs pc, r0",1
"eorle r0, r3, r0",1
"strge r0, [r0], -sp, lsr 1",1
"andeq r0, r0, r5, lsr 32",1
"adceq sb, sp, ip, lsr r4",1
"andeq r6, pc, r0, lsl 30",1
"andseq r8, r5, r0, lsl 10",1
"movwpl r3, 0x1700",1
"strlo r7, [r0, -r2, lsl 18]",1
bvc 0x9d934,1
"andpl r3, r1, r0, lsl 14",1
"strlo r7, [r0, -r2, lsl 14]",1
"movweq r7, 0x8d02",1
invalid,1
"movweq r7, 0x4d02",1
"muleq r6, r1, r4",1
"adceq ip, sp, ip, lsr r0",1
"eoreq fp, r5, r0, lsl 28",1
"andseq sb, r5, r0, lsl 18",1
"andpl r3, r1, r0, lsl 14",1
"andeq r7, r0, r2, lsl 14",1
"adceq r1, lr, r6, lsr r0",1
"andeq r6, pc, r0, lsl 30",1
"movwpl r3, 0x1700",1
"strlo r7, [r0, -r2, lsl 18]",1
bvc 0x9d974,1
"andpl r3, r1, r0, lsl 14",1
"strlo r7, [r0, -r2, lsl 14]",1
"movweq r7, 0x8d02",1
invalid,1
"movweq r7, 0x4d02",1
"muleq r6, r1, r4",1
"stclge p3, c2, [r8], {0}",1
"ldrbhs r0, [r3]",1
"eorpl r0, r3, r0",1
"strpl r0, [r0], -lr, lsr 1",1
"andeq r0, r0, r4, lsr 32",1
"ldrbne r0, [0x000095a9]     ; [0x95a9:4]=0x3530137",1
"mrspl r0, apsr",1
"stmdbeq r0, {r2}",1
"andeq fp, r4, r4, lsl 8",1
"andlo r4, r1, 0, 6",1
invalid,1
"ldrbeq r0, [r8], -ip, ror 2",1
"cdpge p0, 5, c0, c12, c0, 0",1
"cdpge p0, 9, c0, c0, c0, 0",1
"orrshs r0, r2, r0",1
invalid,1
"andlo r0, r0, r6, lsl r0",1
invalid,1
"andeq r0, r0, r8, asr r6",1
"strheq r2, [r0], -r2",1
invalid,1
"andeq r2, r0, lr, ror 10",1
"ldrbmi r0, [r6], -0x100",1
svcvs 0x10070,1
"andeq r0, r0, r8, asr r6",1
"stmdavs r3!, {r0, ip, lr}",1
"movwle r0, 0xae",1
"strlo r0, [r0], -r5, lsr 32",1
"andeq sl, r0, r4, lsl 29",1
"andeq r2, r0, r1, ror 11",1
"subseq r0, r1, 0xc000000d",1
"teqeq r7, r8",1
"rsbseq r1, r5, r0, asr r0",1
"mrseq lr, spsr",1
"andlo r7, r0, r0, lsl 10",1
"andeq r2, r1, lr, lsr 16",1
"andeq r1, r0, r6, lsl r3",1
"stmibeq r7!, {r0, r2, r6, r8} ^",1
"strvc r0, [r1, -r0]",1
"andeq r4, r0, r1, lsl 20",1
"adceq sb, lr, r0",1
"adceq sl, lr, r0, lsl 16",1
"rsbseq r0, sp, r0, lsl 4",1
"andseq r8, r6, r1, lsl 8",1
"rsbeq r3, pc, r0",1
"ldrbeq r7, [r8], -r1, lsl 14",1
"bicshs r0, r0, r0",1
"strmi r0, [r0], -r0",1
"andeq fp, fp, r1, lsl 30",1
"cmneq pc, r0, lsl 2",1
"andeq sl, r0, r8, lsr 29",1
"andeq sl, r0, r0, asr 29",1
invalid,1
"strheq r1, [r0], -r6",1
invalid,1
"andeq r5, r6, pc, ror r8",1
"eoreq pc, r1, r0, lsl 2",1
"rsbseq r4, r3, r0, lsl 14",1
"subeq r7, sl, r1, lsl 30",1
"mrspl r0, apsr",1
"streq r2, [r3], -r0, lsl 8",1
"cdpge p0, 0xc, c0, c0, c0, 0",1
svcge 0x40000,1
"andshs r0, r2, 0",1
beq 0x4928c,1
"strhs r0, [r0, -0x17]",1
"andeq r0, r0, r5, lsl r6",1
"andeq r2, r0, r2, lsr r2",1
"andeq r1, r6, r5, lsr 28",1
"eoreq r5, r2, r0, lsl 6",1
"strteq r2, [r7], -r0, lsl 10",1
"rsbshs r0, r4, 0",1
"eorlo r0, r7, r0",1
"strls r0, [r0, -6]",1
"strhs r0, [r0, -r2, lsr 32]",1
"andeq r0, r0, sl, lsr r6",1
"andeq r2, r0, r8, lsr 5",1
"andeq r4, r6, r7, lsr 6",1
"eoreq sp, r2, r0, lsl 8",1
"strbeq r2, [lr], -r0, lsl 12",1
"andpl r0, r1, r0",1
"strlo r4, [r1], -0x500",1
invalid,1
"mlaeq r5, sl, r1, r0",1
svcge 0x40000,1
svcge 0x200000,1
"stcvc p0, c0, [r2, -0]",1
"strbne r0, [fp, -r0, lsl 2]",1
svcvs 0x300000,1
"ldmpl sl, {r8}",1
"str r0, [r0, -r6]",1
"strmi r0, [r0, -r2, lsr 32]",1
bls 0x494a0,1
"andeq r0, r0, r5, lsr 32",1
"subvc r5, r4, 0x40000000",1
"ldrhs r0, [ip, 0x100]",1
invalid,1
"qdaddeq r0, r0, r8",1
"andeq r0, r0, lr, lsl sb",1
"andhs sl, r1, r1, lsl 10",1
"strpl r0, [r0], -0xaf",1
"streq r0, [r0, -0xaf]",1
invalid,1
"muleq r0, sl, r7",1
invalid,1
"andeq r5, r6, r5, lsr 17",1
"eoreq r2, r3, r0, lsl 10",1
"cdpeq p1, 5, c2, c7, c0, 0",1
"strge r0, [r1], -r0",1
"andeq r0, r0, sp, lsl 3",1
"andeq r2, r0, r0, ror 6",1
"andeq pc, r8, r1, lsr 30",1
"stchi p1, c0, [r6, 0]!",1
invalid,1
"movwhs r0, 0x23",1
"andeq sl, r0, r0, asr pc",1
"andeq r2, r0, r6, asr r4",1
bpl 0x5b760,1
invalid,1
invalid,1
"strpl r0, [r0], -0",1
"andle r0, r0, pc, lsr 1",1
"andge r0, r0, 0xaf",1
invalid,1
"andeq r1, r0, sp, asr r8",1
"andeq r6, r8, r1, asr 6",1
"adceq r0, r1, 0, 2",1
"andeq r0, r0, sb, lsl r1",1
"andeq r2, r0, lr, asr 7",1
"andeq r8, fp, r1, asr 20",1
"adceq r0, r1, 0, 2",1
"andeq r0, r0, ip, lsr 32",1
"andeq r2, r0, ip, ror 7",1
"ldrbvs r6, [r2, -r0, asr 2]!",1
"adceq r0, r2, 0, 2",1
"andeq r0, r0, sp, lsl 3",1
"andeq r2, r0, sl, lsl 8",1
"andeq r0, sp, r1, asr 2",1
"adceq r0, r2, 0, 2",1
"andeq r0, r0, ip, lsr 32",1
"andeq r2, r0, r8, lsr 8",1
invalid,1
"ldrbne r0, [sb, 0x2a3]",1
invalid,1
"rsbseq r4, r0, r0, lsl 4",1
"stmdble r2, {r0, r8, sl, sp, pc}",1
invalid,1
"rsbeq r4, r5, r4, asr r2",1
"strhs sl, [r2, -0x601]",1
invalid,1
"rsbseq r4, r2, r6, asr r2",1
invalid,1
invalid,1
svcge 0x802350,1
"ldrbhs r0, [r3]",1
"eorsgt r0, r6, r0",1
svcvs 0xaf,1
"strlo r0, [r0, -pc]",1
"stmdavc r2, {r0, r8, sb, ip, lr}",1
"andpl r3, r1, 0, 14",1
"strlo r7, [r0, -r2, lsl 20]",1
"stmdbvc r2, {r0, r8, ip, lr}",1
"andpl r3, r1, r0, lsl 14",1
"strlo r7, [r0, -r2, lsl 14]",1
"andeq r7, r8, 2, 26",1
"andeq r0, r0, r4, ror r8",1
"stmibeq ip, {r0, r3, r6, r8} ^",1
"stclt p0, c0, [r1, -0]",1
"tsteq sb, r2, lsl 2",1
svcge 0xd00000,1
"addslt r0, ip, r0",1
"strbhs r0, [r6], -0",1
"cdphi p0, 0, c0, c1, c0, 0",1
"andmi r0, r0, sb, lsl r0",1
"rsbeq r7, r7, r1, ror 4",1
"stchi p13, c11, [r2, -4]",1
"movwvc r0, 1",1
invalid,1
"andeq r0, r0, r1, lsl 26",1
invalid,1
invalid,1
invalid,1
"andeq r1, r0, r3, lsr 32",1
"cdphi p13, 0, c11, c2, c1, 0",1
svcge 0x19,1
"andmi r0, r0, r4, lsr 32",1
"cdplt p0, 0, c0, c1, c15, 3",1
"andseq sp, r5, r2, lsl 18",1
"eoreq ip, r4, r0, lsl 26",1
"rsbseq r4, r0, r0, lsl 4",1
"stmdble r2, {r0, lr, pc}",1
invalid,1
"rsbeq r3, r5, r4, asr sb",1
"strhs ip, [r2, -0x101]",1
"cdp p0, 0, c0, c0, c0, 0",1
bllo 0x9528,1
"andeq r0, r0, r0, asr 20",1
"strhs ip, [r2, -0x301]",1
invalid,1
bleq 0xfe557e0c,1
"strgt r0, [r1], -0",1
"andeq r2, r0, r2, lsl 24",1
"eoreq r1, r5, r0, lsl 18",1
"strbvc r4, [r2, -0x200]!",1
"stmdagt r1, {r1, r2, r5, r6}",1
"andeq r1, r1, r2, lsl 18",1
"ldrblo r0, [ip], -0x100",1
"andeq r0, r0, r7, ror 11",1
"andeq fp, r0, r0, asr 32",1
"andeq fp, r0, ip, asr 32",1
"cdphs p8, 0, c12, c2, c1, 0",1
"strhs r0, [r0, -0x19]",1
"strdeq r0, r1, [r0], -sb",1
"andeq r2, r0, sb, lsl r5",1
"adcseq r4, r0, r6, lsr ip",1
"eoreq sl, r5, r0, lsl 12",1
"andpl r3, r1, r0, lsl 14",1
"andeq r7, r1, r2, lsl 22",1
svcge 0xf42300,1
"ldrbhs r0, [r3]",1
invalid,1
svcvs 0xb0,1
"stmdbvs r0, {r0, r1, r2, r3}",1
"smladlo r0, sb, r0, r0",1
"strvc r5, [r2], -r1, lsl 6",1
"andpl r3, r1, 0, 14",1
"strlo r7, [r0, -r2, lsl 14]",1
"andlo r5, r1, r1, lsl 2",1
"cmpeq r0, r7, lsr r1",1
"stcvc p7, c3, [r2, -0xc0]",1
"rsbseq r0, sl, r8, lsl 4",1
"ldrbteq r0, [sp], -0x237",1
"andeq r7, r0, r2, lsl 18",1
"adcseq r7, r0, r6, lsr r8",1
"andeq r6, pc, r0, lsl 30",1
"movwpl r3, 0x1700",1
"strlo r7, [r0, -r2, lsl 12]",1
"strvc r5, [r2, -r1, lsl 4]",1
"stcvc p7, c3, [r2, -0]",1
"rsbseq r0, sl, r8, lsl 4",1
"ldrbteq r0, [sp], -0x237",1
"andeq r7, r0, r2, lsl 18",1
invalid,1
blmi 0x9558,1
"andeq sb, sp, r1, lsl 8",1
"adcseq r0, r0, 0, 2",1
"andeq r1, r1, r1, lsl 18",1
"adcseq sb, r0, r0, lsl 24",1
"adcseq sl, r0, r0, lsl 16",1
"rsbseq r0, sp, r0, lsl 4",1
"andseq r0, sl, r1, lsl 12",1
"rsbvc r4, r1, 0",1
"andlt r0, r1, r7, rrx",1
"andeq r8, r1, r2, lsl 26",1
"eoreq r3, r5, r0, lsl 18",1
"stceq p1, c4, [r1, -0]",1
"andlt r0, r1, r0",1
"andeq r2, r0, r2, lsl 24",1
"eoreq r5, r5, r0, lsl 20",1
"rsbeq r4, pc, r0",1
"stmdble r2, {r0, r8, ip, sp, pc}",1
blvc 0x95f4,1
invalid,1
"andeq fp, r0, r8, lsr 1",1
"andseq r5, r8, r1, lsl 26",1
"movwpl r3, 0x1700",1
"andpl pc, r1, 0xc000000",1
"cmpeq r2, r7, lsr r1",1
invalid,1
invalid,1
"cmpeq r0, 0xc000000d",1
"ldrsheq r0, [r0], -0x13",1
invalid,1
invalid,1
"stmdage r1, {r0, r5, r6, r7, sb}",1
"strhlo r0, [r0], -r0",1
invalid,1
invalid,1
"andeq r1, r0, pc, asr sl",1
"rsbseq r7, r6, r2, asr 6",1
"str lr, [r2], -0x301",1
invalid,1
"rsbeq r3, sb, r8, asr sb",1
"strlo lr, [r2, -r1, lsl 8]",1
"strgt r0, [r0, -r0]",1
"movwhs r0, 0x25",1
"ldrdeq fp, ip, [r0], -r4",1
"strheq r2, [r0], -lr",1
"adcseq pc, r0, r3, lsr 8",1
"eoreq fp, r5, r0, lsl 28",1
"tstlt r8, r0, lsl 12",1
"ldrhs r0, [lr, 0]!",1
"teqeq r7, r0",1
"rsbseq r0, r8, r0, asr r2",1
"mrseq r0, spsr",1
"strheq r0, [r0], -fp",1
invalid,1
"andeq r0, r0, sb, lsl r1",1
"andeq fp, r0, r0, lsr r1",1
"andeq fp, r0, r0, asr 2",1
invalid,1
"andeq r1, r0, r4, asr 21",1
invalid,1
"eoreq r0, r5, sl, lsr r3",1
"strbhs r0, [r6, 0]!",1
"mrsvs r0, spsr",1
invalid,1
"orreq r0, sp, sl, lsr r3",1
"strhs r0, [r7], -r0",1
"mcrrlo p0, 0, r0, ip, c0",1
"strheq r0, [r0, -r1]",1
"strheq r1, [r0], -r7",1
"ldrbeq r0, [r3, -0x137]",1
"mrseq lr, spsr",1
"andpl r3, r1, 0, 14",1
"ldrblo r0, [pc, r2, lsl 18]! ; [0x9678:4]=0x1375101",1
"vrhadd.u8 d5, d3, d1",1
"teqeq r7, r1, lsl 2",1
invalid,1
blmi 0x97c8,1
"andeq r3, lr, r1, lsl 28",1
"movteq r0, 0x100",1
"andeq r1, r1, r1, lsl 18",1
"adcseq r4, r1, r0",1
"adcseq r4, r1, r0, lsl 24",1
"rsbseq r0, sp, r0, lsl 4",1
"andseq r3, fp, r1, lsl 20",1
"rsbeq r4, lr, r0",1
"strhs r4, [r3, -1]",1
invalid,1
"andmi r0, r0, r6, lsr 32",1
"rsbeq r7, r7, r1, ror 4",1
"stchi p0, c4, [r3, -4]",1
"stmdbmi r0, {r0}",1
invalid,1
"andeq r0, r0, r1, lsl 26",1
invalid,1
bvs 0x96d0,1
invalid,1
"andeq fp, r0, r8, asr 2",1
"andseq fp, r3, r1, lsl 14",1
"movwpl r3, 0x1700",1
"cdpmi p3, 0xe, c0, c8, c5, 0",1
"teqeq r7, r1",1
invalid,1
"qaddpl r3, r2, r1",1
invalid,1
"cmpeq r0, 0xc000000d",1
"ldrsheq r0, [r0], -0x13",1
blhi 0x5c300,1
invalid,1
"stmdbne r1, {r1, r2, r6, r8, sb}",1
invalid,1
"stmdapl r0, {r0, r4, r5, r7}",1
"andeq r0, r0, 0xb1",1
"andhi r0, r1, sp, ror r0",1
"andmi r0, r0, fp, lsl r0",1
"rsbeq r7, r7, r1, ror 4",1
"stchi p6, c4, [r3, -4]",1
blhi 0x972c,1
invalid,1
"andeq fp, r0, r8, asr r1",1
"andseq r5, sl, r1, lsl 30",1
invalid,1
"andpl pc, r1, r3, lsl 6",1
"cmpeq r0, r7, lsr r1",1
blmi 0x9804,1
"andeq r8, r8, r1, lsl 10",1
"movteq r0, 0xc100",1
"andeq r1, r1, r1, lsl 18",1
"adcseq r5, r1, r0, lsl 16",1
"adcseq r6, r1, r0, lsl 24",1
"rsbseq r0, sp, r0, lsl 4",1
"andseq sp, fp, r1, lsl 26",1
"rsbvc r4, r1, 0",1
invalid,1
"andeq r8, r1, r3, lsl 26",1
"eoreq fp, r6, r0, lsl 14",1
"stceq p1, c4, [r1, -0]",1
invalid,1
"andeq r2, r0, r3, lsl 24",1
"eoreq lr, r6, r0, lsl 6",1
invalid,1
"strgt r0, [r1], -0",1
"smladlo r0, sl, r0, r0",1
"vhsub.u8 d5, d3, d1",1
"teqeq r7, r1, lsl 2",1
invalid,1
"andpl r3, r1, r0, asr r7",1
"andeq r3, r0, r1",1
"stmeq r0!, {r0, r3, r6, r8}",1
"andpl r0, r1, 0",1
"tsteq sb, r3, lsl 2",1
invalid,1
"movlt r0, r0",1
"strhs r0, [0x000097b8]",1
"movwvc r0, 0x1000",1
"andmi r0, r0, ip, lsl r0",1
"andpl r0, r1, 0x6e",1
"andeq r2, r0, r3, lsl 10",1
"eoreq r3, r7, r0, lsl 24",1
"rsbseq r4, r3, r0",1
bmi 0xddfd8,1
bpl 0x97d8,1
"andmi r0, r0, r7, lsr 32",1
"rsbeq r7, r7, r1, ror 4",1
"stchi p2, c5, [r3, -4]",1
blvc 0x97ec,1
"andmi r0, r0, 0x27",1
"strpl r0, [r1], -0x6f",1
"andseq sp, r5, r3, lsl 30",1
"addsmi r0, r1, r0, lsl 4",1
"adcseq r8, r1, ip, lsr r4",1
"andeq r8, sb, r0, lsl 16",1
"andseq r5, ip, r0",1
invalid,1
invalid,1
"subseq r0, r0, 0xc000000d",1
invalid,1
"muleq r0, r8, r1",1
"strheq r1, [r0], -r7",1
"subseq r0, r3, 0xc000000d",1
"teqeq r7, sp, ror r0",1
invalid,1
"subseq r0, r1, 0xc000000d",1
"teqeq r7, r5, ror r0",1
"rsbseq r0, r4, r0, asr r2",1
"mrseq r0, spsr",1
"andeq r0, r0, r7, ror 17",1
"mrseq r5, apsr",1
"andeq r0, r0, sb, lsl r1",1
"andeq fp, r0, r0, lsr 3",1
"ldrdeq fp, ip, [r0], -r8",1
"muleq r0, sb, r7",1
"andseq r1, sp, r1, lsl 18",1
"rsbeq r4, lr, r0",1
"strhs r5, [r3, -0x901]",1
"strgt r0, [r0], -r0",1
"andmi r0, r0, r7, lsr 32",1
"stmdbpl r1, {r0, r1, r4, r5, r6}",1
"andeq r4, r0, r3, lsl 20",1
"eoreq lr, r7, r0, lsl 8",1
"rsbvc r4, r1, 0",1
bpl 0x49a14,1
"andeq r8, r1, r3, lsl 26",1
"eoreq r0, r8, r0, lsl 10",1
"stceq p1, c4, [r1, -0]",1
bpl 0x49888,1
"andeq r2, r0, r3, lsl 24",1
"eoreq r2, r8, r0, lsl 6",1
"rsbeq r4, pc, r0, lsl 4",1
svcle 0x35c01,1
"andeq r0, r0, 0x15",1
"ldclt p0, c4, [ip], -0x244",1
"stmdahi r0, {r0, r4, r5, r7}",1
invalid,1
"smladlo r0, ip, r0, r0",1
"vrhadd.u8 d5, d3, d1",1
"teqeq r7, r1, lsl 2",1
"rsbseq r0, sp, r0, asr r2",1
"bicslt r3, r0, r0, lsl 12",1
invalid,1
"teqeq r7, r0",1
"rsbseq r0, sp, r3, asr r2",1
"subseq r0, r2, 0xc000000d",1
"teqeq r7, r6, ror r0",1
"rsbseq r0, r5, r1, asr r2",1
"subseq r0, r0, 0xc000000d",1
"andeq r0, r0, r4, ror r0",1
"ldmdbeq r3, {r0, r1, r3, r6, r8} ^",1
"mrsvs r0, apsr",1
"tsteq sb, r3, lsl 2",1
"bicslt r0, r8, r0",1
invalid,1
"stcvc p0, c0, [r2, -0]",1
"ldclne p1, c0, [r4, -0]!",1
"movtvc r0, 0",1
invalid,1
"andeq r0, r0, sl, asr 32",1
"andeq r2, r0, r1, asr 16",1
"ldrbvs r6, [r2, -r0, asr 2]!",1
invalid,1
"andeq r0, r0, sp, lsl 3",1
"andeq r2, r0, sp, ror 16",1
"adcseq lr, r1, ip, asr 24",1
blne 0xff749d20,1
"teqeq r7, r0",1
invalid,1
"qaddpl r3, r1, r1",1
"andpl pc, r1, r3, lsl 6",1
"cmpeq r0, r7, lsr r1",1
"stmdbmi r0, {r4, r5}",1
"andeq r0, sb, r1, lsl 22",1
invalid,1
"andeq r1, r1, r1, lsl 18",1
"adcseq lr, r1, r0, lsl 24",1
"adcseq r1, r2, r0",1
"eoreq sb, r8, r0, lsl 18",1
"stclne p1, c0, [r6, 0]!",1
"movtvc r0, 0",1
invalid,1
"andeq r0, r0, sl, asr 32",1
"strheq r2, [r0], -sb",1
"ldrbvs r6, [r2, -r0, asr 2]!",1
invalid,1
"andeq r0, r0, sp, lsl 3",1
"ldrdeq r2, r3, [r0], -r7",1
"andeq r0, sp, r1, asr 2",1
invalid,1
"andeq r0, r0, ip, lsr 32",1
"andeq r2, r0, r3, lsl 18",1
"adcseq r1, r2, ip, asr 32",1
"ldclne p1, c0, [r3], -0",1
"teqeq r7, r0",1
invalid,1
"andpl r3, r1, 0x1480000",1
invalid,1
"subseq r0, r1, 0xc000000d",1
"teqeq r7, r4, ror r0",1
"eorseq r0, r0, r0, asr r1",1
"movwvc r4, 0x1900",1
invalid,1
"stmdbne r1, {r0, r2, r3, r5, r6, r8, sb}",1
"andne r0, r0, r1",1
"strhls r0, [r0], -r2",1
svchs 0xb2,1
invalid,1
"strheq r1, [r0], -sl",1
"ldrbvs r6, [r2, -r0, asr 2]!",1
invalid,1
"andeq r0, r0, sp, lsl 3",1
"andeq r2, r0, ip, asr sb",1
"andeq r0, sp, r1, asr 2",1
invalid,1
"andeq r0, r0, ip, lsr 32",1
"andeq r2, r0, sl, ror sb",1
"rsbeq r6, r8, r0, asr 6",1
svcne 0x36d01,1
"stmdals r0, {r0}",1
bllo 0x9a9c,1
"andeq r0, r0, r0, asr 24",1
invalid,1
"andeq r0, r0, 4",1
"teqeq sp, 0x91",1
"strmi r0, [r0], -6",1
invalid,1
invalid,1
"mrcne p3, 4, r0, c8, c1, 3",1
"strhs r0, [sb, -r0]!",1
invalid,1
"andeq r1, r6, r5, lsr 28",1
"eoreq fp, sb, r0, lsl 18",1
"ldreq r4, [r5], -r0, lsl 28",1
"stcpl p0, c0, [r1, -0]",1
"andeq r1, r5, lr, lsr 32",1
"ldrteq r2, [r0], -r0, lsl 14",1
invalid,1
blo 0x9c9a40,1
invalid,1
"strhs r0, [r0, -sb, lsr 32]",1
"andeq r0, r0, r3, asr 12",1
"andeq r2, r0, r7, lsl sl",1
"andeq r4, r6, r7, lsr 28",1
"eoreq r2, sl, r0, lsl 20",1
"strlo r0, [r0], -r0",1
"andeq fp, r0, r4, lsl 5",1
"strheq r1, [r0], -r7",1
"subseq r0, r3, 0xc000000d",1
"teqeq r7, sp, ror r0",1
"rsbseq r0, r5, r2, asr r2",1
"subseq r0, r1, 0xc000000d",1
"teqeq r7, r6, ror r0",1
"eorseq r0, r0, r0, asr r1",1
svchi 0x14b00,1
invalid,1
"stmdbne r1, {r1, r2, r4, r5, r6, r8, sb}",1
"andls r0, r0, r1",1
invalid,1
"andeq r0, r0, 0xb2",1
"andne r0, r1, sp, ror r0",1
"andmi r0, r0, pc, lsl r0",1
"rsbeq r7, r7, r1, ror 4",1
"stchi p6, c7, [r3, -4]",1
"cdppl p0, 0, c0, c0, c1, 0",1
"andmi r0, r0, sl, lsr 32",1
invalid,1
"tsteq pc, r6, ror r3",1
bhs 0x1fc9ab8,1
"mcrrls p0, 0, r0, ip, c0",1
"strheq r0, [r0, -r2]",1
"andeq r1, r0, r6, ror 27",1
"subseq r0, r1, 0xc000000d",1
"teqeq r7, sb, lsl 30",1
invalid,1
blmi 0x9c14,1
"andeq r6, r7, r1, lsl 10",1
"cmneq ip, 0, 2",1
"andeq r1, r1, r1, lsl 18",1
"adcseq sb, r2, r0, lsl 24",1
"adcseq sl, r2, r0, lsl 8",1
"rsbseq r0, sp, r0, lsl 4",1
"andseq r5, pc, r1, lsl 14",1
"rsbvc r4, r1, 0",1
invalid,1
"andeq r8, r1, r3, lsl 26",1
"eoreq sl, sl, r0",1
"adclt r4, r4, 0, 24",1
blt 0x49b08,1
"smladlo r0, lr, r0, r0",1
"stmdaeq r2, {r0, r8, ip, lr}",1
"andpl r3, r1, sl, lsr r7",1
"andpl pc, r1, r3, lsl 6",1
"mrseq r0, spsr",1
"andeq r0, r0, pc, ror 27",1
invalid,1
"andeq r0, r0, sb, lsl r1",1
"andeq fp, r0, r4, lsr 5",1
"andeq fp, r0, ip, lsr 5",1
invalid,1
"strheq r1, [r0], -r5",1
"ldrbvs r6, [r2, -r0, asr 2]!",1
"orreq r0, r2, 0, 2",1
"andeq r0, r0, sp, lsl 3",1
"andeq r2, r0, r1, asr 21",1
"andeq r0, sp, r1, asr 2",1
"orreq r0, r2, 0, 2",1
"andeq r0, r0, ip, lsr 32",1
"andeq r2, r0, r2, ror 21",1
"adcseq sl, r2, ip, asr 24",1
"stclne p1, c0, [r6, 0]!",1
"teqeq r7, r0",1
blo 0x20a4b0,1
"cmpeq r1, 0xc000000d",1
"smmlsrlo r1, r3, r1, r0",1
"vhadd.u8 d5, d3, d1",1
"andeq r5, r0, r1",1
"ldmibeq lr, {r0, r3, r6, r8}",1
"andls r0, r1, r0",1
"tsteq sb, r3, lsl 2",1
"adclt r0, ip, 0",1
"tstlt r4, 0",1
blhs 0xc9b90,1
"movwvc r0, 0x1000",1
"andmi r0, r0, r0, lsr 32",1
"andls r0, r1, lr, rrx",1
"andeq r2, r0, r3, lsl 10",1
"eoreq r3, fp, r0",1
"cdpeq p1, 5, c4, c7, c0, 0",1
"andls r0, r1, r0",1
"andeq r8, r1, r3, lsl 26",1
"eoreq r4, fp, r0, lsl 28",1
"ldmeq pc!, {r8, lr} ^",1
"mrsls r0, apsr",1
"andeq r8, r1, r3, lsl 26",1
"eoreq r6, fp, r0, lsl 24",1
"rsbvc r4, r1, 0",1
"andls r0, r1, 0x67",1
"andeq r8, r1, r3, lsl 26",1
"eoreq r8, fp, r0, lsl 20",1
"stceq p15, c4, [r1, -0]",1
"andls r0, r1, 0",1
"andeq r2, r0, r3, lsl 24",1
"addseq r0, r1, r0, lsl 4",1
invalid,1
"ldrbeq r0, [r1], -0x394",1
"mrsls r0, apsr",1
invalid,1
blmi 0x9ec0,1
svcmi 0x17,1
"strlo r0, [r0, -r0, lsr 32]",1
"strvc r5, [r2], -r1, lsl 4",1
invalid,1
"strlo r7, [r0, -r2, lsl 14]",1
"stcvc p0, c5, [r2, -4]",1
invalid,1
invalid,1
"smladlo r0, r3, r0, r0",1
"stcvc p3, c5, [r2, -4]",1
"andpl r3, r1, 0, 14",1
"ldrbteq sb, [r8], -r3, lsl 2",1
"subseq r0, r1, 0xc000000d",1
"teqeq r7, r4, ror r0",1
"rsbseq r0, r5, r0, asr r2",1
"mrseq r0, spsr",1
"andeq r0, r0, r3, lsr 27",1
"mrseq r8, apsr",1
"andeq r0, r0, sb, lsl r1",1
"andeq fp, r0, r4, lsl r3",1
"andeq fp, r0, r0, lsr r3",1
"andeq r2, r0, r8, lsr 23",1
"eoreq pc, r0, r1, lsl 28",1
"rsbeq r4, lr, r0",1
"strhs r8, [r3, -0x801]",1
"strle r0, [r0], -0",1
invalid,1
"andeq r0, r0, r7, asr lr",1
"stchi p8, c8, [r3, -4]",1
invalid,1
invalid,1
"strdeq r0, r1, [r0], -pc",1
"stchi p9, c8, [r3, -4]",1
"strne r0, [r0], -r1",1
"andmi r0, r0, ip, lsr 32",1
"rsbeq r7, r7, r1, ror 4",1
"stchi p9, c8, [r3, -4]",1
"strlo r0, [r0, -r1]",1
"strlo r0, [r0], -ip, lsr 32",1
"andeq fp, r0, r8, lsr 6",1
"strheq r1, [r0], -r5",1
"cmpeq r3, 0xc000000d",1
"smmlsrlo r3, r3, r1, r0",1
"vhsub.u8 d5, d3, d1",1
"teqeq r7, r1, lsl 4",1
invalid,1
"andpl r3, r1, r1, asr r7",1
"andpl pc, r1, r3, lsl 6",1
"rsbseq r0, sp, r7, lsr r2",1
"rscseq r0, pc, r2, lsl 18",1
"strlt r4, [r1], -r0, lsl 18",1
invalid,1
"stmdbne r1, {r1, r3, r4, r7, r8, sb}",1
"andlo r0, r0, r1",1
"strpl r0, [r0], -0xb3",1
"stmdapl r0, {r0, r1, r4, r5, r7}",1
invalid,1
"andeq r2, r0, r2, ror r1",1
"andeq r5, lr, r1, asr 14",1
"orrseq r0, sl, 0, 2",1
"andeq r0, r0, sp, lsl 3",1
"andeq r2, r0, r8, ror ip",1
"andeq pc, r8, r1, asr 30",1
"orrseq r0, sl, 0, 2",1
"andeq r0, r0, sp, lsl 3",1
"muleq r0, r6, ip",1
"ldrbvs r6, [r2, -r0, asr 2]!",1
"orrseq r0, fp, 0, 2",1
"andeq r0, r0, sp, lsl 3",1
"andeq r2, r0, r2, asr 25",1
"adcseq r5, r3, ip, asr 8",1
"rsbshs r0, r3, r0, lsl 2",1
"teqeq r7, r0",1
invalid,1
"andpl r3, r1, 0x1480000",1
invalid,1
"subseq r0, r1, 0xc000000d",1
"teqeq r7, r4, ror r0",1
"eorseq r0, r0, r0, asr r1",1
svc 0x14900,1
invalid,1
"stmdbne r1, {r0, r5, r7, r8, sb}",1
"strpl r0, [r0], -1",1
"stmdahi r0, {r0, r1, r4, r5, r7}",1
"mcr p0, 0, r0, c0, c3, 5",1
invalid,1
"strdeq r2, r3, [r0], -sp",1
"andeq r5, lr, r1, asr 14",1
invalid,1
"andeq r0, r0, sp, lsl 3",1
"andeq r2, r0, sl, lsl sp",1
"andeq pc, r8, r1, asr 30",1
invalid,1
"andeq r0, r0, sp, lsl 3",1
"andeq r2, r0, r3, asr 26",1
"ldrbvs r6, [r2, -r0, asr 2]!",1
invalid,1
"andeq r0, r0, sp, lsl 3",1
"andeq r2, r0, pc, ror 26",1
"andeq r0, sp, r1, asr 2",1
invalid,1
"andeq r0, r0, ip, lsr 32",1
"muleq r0, fp, sp",1
"adcseq r8, r3, r6, lsr r0",1
"andseq fp, pc, r0, lsl 10",1
"movwpl r3, 0x1700",1
"andpl pc, r1, 0xc000000",1
"cmpeq r2, 0xc000000d",1
"smmlsrlo r1, r3, r1, r0",1
"strvc r5, [r2], -0x101",1
"andpl r3, r1, r0, lsl 14",1
"eorseq r3, r7, 1",1
invalid,1
"andeq r5, r0, r1, lsl 6",1
"ldmibeq r4!, {r0, r1, r3, r6, r8}",1
"movwlt r0, 0x1000",1
"orreq r0, sp, r3, lsl 2",1
"orrlt r0, r8, 0",1
"orrslt r0, r4, 0",1
"stcvc p0, c0, [r2, -0]",1
"rsbshs r0, r3, 0, 2",1
"cdpvs p0, 4, c0, c0, c0, 0",1
invalid,1
"andeq r0, r0, r5, lsr 32",1
"andeq r2, r0, r8, asr 27",1
"ldrbvs r6, [r2, -r0, asr 2]!",1
invalid,1
"andeq r0, r0, sp, lsl 3",1
"andeq r2, r0, sb, ror 27",1
"andeq r0, sp, r1, asr 2",1
invalid,1
"andeq r0, r0, ip, lsr 32",1
"andeq r2, r0, sl, lsl 28",1
"adcseq sb, r3, ip, asr 32",1
invalid,1
"teqeq r7, r0",1
"strhi r0, [r3], -0x553",1
"strlo r0, [r0, -sp, asr 2]",1
"vhsub.u8 d5, d3, d1",1
"teqeq r7, r1, lsl 4",1
invalid,1
"andpl r3, r1, r1, asr r7",1
"andpl pc, r1, r3, lsl 6",1
"mrseq r0, spsr",1
"andeq r0, r0, sb, lsl 24",1
"mrseq fp, apsr",1
"andeq r0, r0, sp, lsl 3",1
"muleq r0, r4, r3",1
"andeq fp, r0, r8, lsr 7",1
invalid,1
"ldrdeq r2, r3, [r0], -r0",1
"ldrbvs r6, [r2, -r0, asr 2]!",1
invalid,1
"andeq r0, r0, sp, lsl 3",1
"andeq r2, r0, fp, lsr 28",1
"andeq r0, sp, r1, asr 2",1
invalid,1
"andeq r0, r0, ip, lsr 32",1
"andeq r2, r0, r7, asr lr",1
"adcseq sl, r3, ip, asr 16",1
invalid,1
"teqeq r7, r0",1
invalid,1
"qaddpl r3, r1, r1",1
"andpl pc, r1, r3, lsl 6",1
"cmpeq r0, r7, lsr r1",1
blmi 0x9f54,1
"andeq r6, lr, r1, lsl 4",1
invalid,1
"andeq r8, r1, r1, lsl 26",1
"adcseq sl, r3, r0, lsl 16",1
"adcseq fp, r3, r0",1
"rsbseq r0, sp, r0, lsl 4",1
"eoreq r2, r3, r1, lsl 24",1
"rsbeq r4, lr, r0",1
"strhs fp, [r3, -0xf01]",1
"movwhi r0, 0",1
"andmi r0, r0, lr, lsr 32",1
"rsbeq r7, r7, r1, ror 4",1
"stchi p15, c11, [r3, -4]",1
"strge r0, [r0], -1",1
invalid,1
"strheq fp, [r0], -r0",1
"eoreq pc, r1, r1, lsl 26",1
"andpl r3, r1, 0, 14",1
"ldrblo r0, [pc, r2, lsl 18]! ; [0x9ee0:4]=0x1375101",1
"vrhadd.u8 d5, d3, d1",1
"teqeq r7, r1, lsl 2",1
invalid,1
blmi 0xa030,1
"andeq r5, lr, r1, lsl 24",1
"biceq r0, r5, 0, 2",1
"andeq r8, r1, r1, lsl 26",1
"adcseq fp, r3, r0",1
"adcseq fp, r3, r0, lsl 24",1
"rsbseq r0, sp, r0, lsl 4",1
"eoreq r7, r3, r1, lsl 4",1
"rsbvc r4, r1, 0",1
"strgt r0, [r1, -0x67]",1
"andeq r8, r1, r3, lsl 26",1
"eoreq ip, lr, r0, lsl 10",1
invalid,1
"andle r0, r1, r0",1
"strlo r0, [r0, -r2, lsr 32]",1
"vrhadd.u8 d5, d3, d1",1
"teqeq r7, r1",1
"eorseq r0, r0, r0, asr r1",1
"cdpeq p0, 0, c5, c11, c0, 0",1
"strvs r0, [r1], -r0",1
"andeq r0, r0, r1, asr r4",1
"cdpmi p3, 0xe, c0, c8, c5, 0",1
svcne 0xc0001,1
"movwls r0, 1",1
"stceq p0, c0, [r0, -0x8c]",1
"andeq r0, r0, r5, lsl 2",1
"ldmda fp!, {r0, r1, r2, r3, r4, r5, r6, r7}",1
invalid,1
"orrhs r0, r3, 0xb000000d",1
"movweq r0, 0x5000",1
"andeq r4, r1, r8, ror 27",1
"andeq r5, r8, fp, lsr r3",1
"sbcseq r0, ip, 0, 2",1
"andeq r0, r0, r7, lsr r0",1
"ldclmi p3, c0, [r8, -0x14]!",1
"ldcls p0, c0, [fp, -4]!",1
invalid,1
"ldrteq r0, [r4], 0x2dd",1
"movweq r0, 0x5000",1
"andeq r4, r1, ip, ror sp",1
"andeq lr, ip, fp, lsr r0",1
"sbcseq r0, lr, 0, 2",1
"andeq r1, r0, r4, ror 11",1
"ldclmi p3, c0, [r4, -0x14]!",1
"stchi p0, c0, [ip, -4]",1
bl 0x9fa8,1
"stceq p0, c0, [r0, -0x8c]",1
"andeq r0, r0, r5, lsl 2",1
"ldmdami r1, {r3} ^",1
invalid,1
"eoreq pc, r3, fp, asr 26",1
"movweq r0, 0x5100",1
"andeq ip, r0, r4, asr r7",1
"eoreq sp, r3, fp, lsl 22",1
"subeq r0, sl, r0, lsl 24",1
"ldrhs r0, [r2], -0",1
"streq r0, [sp, -0]",1
"streq r0, [r0, -r1]",1
beq 0xfe75e3d8,1
invalid,1
"andeq r2, r0, r4, lsr 8",1
"strlo r0, [r3], -0x501",1
bleq 0xa304,1
"andeq r2, r0, r2, lsl 8",1
"andeq r7, ip, r2, asr sl",1
invalid,1
"andeq r0, r0, r1, asr r4",1
"strhi r0, [r3], -0x501",1
"movwpl r0, 0x14d",1
"andeq r0, r0, r2, asr 5",1
"strteq sl, [r5], -0x80b",1
"mrseq r0, apsr",1
"andeq sb, r7, r3, asr r0",1
"strhs r0, [sb, 0xb00]!",1
invalid,1
"strlo r5, [r1], -r1, lsl 8",1
invalid,1
invalid,1
"ldcleq p1, c0, [ip, -0x154]!",1
"andhs r0, pc, r0",1
"andeq r8, r1, r1, lsl 26",1
"cmpeq r6, r0, lsl 2",1
"andeq r0, r0, ip, lsl r2",1
"stmdbne r1, {r2, r3, r8, sb, ip, sp}",1
invalid,1
"muleq r0, r1, r4",1
"andeq r8, r1, r7, asr sp",1
"orreq r5, sp, r0, lsl 14",1
"ldrbhs r0, [r7, -0]",1
"andeq r0, r0, r0",1
"stcleq p1, c0, [sb], -0x160",1
"stcvs p0, c0, [sl, -0]",1
"eoreq r0, ip, r1, lsl 2",1
invalid,1
"strpl r0, [r0, -r4, lsr 32]",1
"strheq r2, [r0], -sb",1
"andeq r8, r1, r7, asr sp",1
"eoreq r5, ip, r0, lsl 14",1
svclt 0x570000,1
"andeq r0, r0, r4, lsr 32",1
"eorseq r0, lr, sb, lsl 8",1
"streq r0, [sb], -0",1
"ldrdeq r0, r1, [r0], -r6",1
bleq 0x60a5e4,1
invalid,1
"andeq r2, r0, r1, lsl 10",1
"ldrbhs r0, [sp], 0x100",1
blvc 0x15ca09c,1
"andeq r0, r0, r3",1
bleq 0xffc4a604,1
invalid,1
"eoreq r0, r5, r1, lsl 2",1
invalid,1
"strpl r0, [r0, -r4, lsr 32]",1
"strdeq r2, r3, [r0], -r6",1
invalid,1
bleq 0xa150,1
"ldrdeq r0, r1, [r0], -r6",1
"teqeq r2, 88, 2",1
blhi 0x38a0cc,1
"eoreq r0, ip, r1, lsl 2",1
bne 0x4a0d4,1
"strpl r0, [r0, -r5, lsr 32]",1
"andeq r0, r0, sp, lsl 3",1
"andls r5, r1, 0, 10",1
"andne r0, r0, r8",1
"strhs r0, [r8, -0x150]!",1
invalid,1
"andeq r8, r1, r4, lsl 4",1
blls 0x5f8f4,1
"cdpeq p0, 0, c0, c0, c12, 0",1
"eoreq r0, r5, r1, asr 2",1
"andpl r0, r1, r0",1
"strpl r0, [r0, -r5, lsr 32]",1
"strheq r0, [r0], -sb",1
"andeq fp, r1, r7, asr sb",1
"eoreq r5, ip, r0, lsl 14",1
"strpl r0, [r0, -0]",1
"andeq r6, sl, r1, lsl 28",1
"orreq r1, fp, r0, lsl 2",1
"andeq r0, r0, ip, lsr 32",1
"stmdalt r1, {r0, r8, fp, ip, lr}",1
invalid,1
"andeq r0, r0, r7, lsl r1",1
"ldrbhs r0, [0x0000a02f]!    ; [0xa02f:4]=0x21c01",1
"ldrbne r0, [r7, -r0]",1
"strpl r0, [r0, -r1]",1
"andeq r0, r0, r5, lsr 32",1
"andeq r0, r1, r7, asr r5",1
"cmpeq r6, r0",1
"andeq r0, r0, pc, asr 20",1
"strne r3, [r1, -r4, lsl 30]",1
invalid,1
"muleq r0, ip, r5",1
"andeq r1, r1, r7, asr r7",1
"eoreq r5, ip, r0, lsl 14",1
bpl 0xa160,1
"andeq r5, r2, r1, lsl 24",1
"teqeq r7, r0, lsl 8",1
svcvs 0x15601,1
"streq r0, [r0], -6",1
"tsteq r7, sb, lsr r1",1
"cdplt p0, 0, c0, c1, c0, 0",1
"strpl r0, [r0, -r5, lsr 32]",1
"andeq r0, r0, ip, lsr 32",1
invalid,1
invalid,1
"smlatteq r1, r2, r1, r0",1
"ldrdeq r2, r3, [r0], -r3",1
"andeq r1, r1, r7, asr r7",1
"cmpeq r5, r0",1
"andeq r0, r0, r5, asr r5",1
"stmdals r1, {r1, r4, sb, ip, sp}",1
invalid,1
bleq 0xfe08a718,1
"andmi r0, r4, 0",1
"andeq r1, r1, r1, lsl 14",1
"ldmdblt r7, {r8} ^",1
"strpl r0, [r0, -r1]",1
"andeq r0, r0, ip, lsr 32",1
"movteq r0, 0x9000",1
"andeq r0, r2, r0",1
"andeq r0, r0, r6, lsr pc",1
"andeq r0, lr, r4, lsl 2",1
bhi 0x4a1d0,1
"str r0, [r0], -lr",1
invalid,1
"strhne r0, [r0], -r3",1
invalid,1
"andeq r0, r0, 0xe",1
"eorseq r0, r1, r1, lsl 16",1
"andeq r0, r2, 0",1
"andeq r3, r0, r7, lsl 30",1
"streq r0, [r4, -r0, lsl 4]",1
"andeq r0, r0, r4, lsr 32",1
svcne 0x70402,1
"andeq r0, r0, 0",1
"eorseq r0, r3, r1, lsl 12",1
"andeq r0, r2, 0",1
"andeq ip, r0, r5, lsl 22",1
"streq r0, [r4, -0x300]",1
"rsbseq r6, r4, sb, ror 28",1
"andeq r0, r5, r2, lsl 16",1
"andeq r0, r0, 0",1
"andseq r0, sl, r8, lsl 14",1
"strhs r0, [r4], -r0",1
"movweq r0, 2",1
"andeq r5, r0, r7, lsr r6",1
invalid,1
invalid,1
"andeq r0, r0, sp, asr r0",1
"andeq lr, r3, r4, lsl 20",1
svcvs 0x850300,1
"streq r0, [r0], -0",1
"andeq r0, r0, sp, ror 10",1
"eorseq r8, r3, r3, lsl 12",1
"movwls r0, 0x4000",1
"movweq r0, 1",1
"andeq r3, r0, r7, lsl 7",1
"ldreq r0, [fp, -0x400]",1
invalid,1
"andeq r0, r0, sl, lsr r0",1
"andeq sl, r6, r4, lsl 30",1
svcvs 0x890300,1
"streq r0, [r0], -0",1
"strheq r0, [r0], -r1",1
"eorseq r8, r3, r3, lsl 20",1
"strmi r0, [r4, -r0]",1
"movweq r0, 3",1
"andeq r3, r0, fp, lsl 7",1
"streq r0, [r4, -0x200]",1
"andeq r0, r0, r5",1
"andeq r7, r5, r4, lsl 22",1
"strvs r0, [sp], 0x300",1
"andeq r0, r0, 0",1
"sbcseq r0, r5, r4, lsl 14",1
"str r0, [r4], -r0",1
"movweq r0, 5",1
"muleq r0, r4, r7",1
"ldreq r0, [sl, -0x400]!",1
"andge r0, r3, 0",1
"andeq r0, r0, r7, asr 1",1
"andeq r7, r4, r4, lsl 30",1
"strtvs r0, [r8], 0x300",1
"streq r0, [r0], -0",1
"strdeq r0, r1, [r0], -sb",1
"sbceq fp, r7, r3, lsl 16",1
invalid,1
"andeq r3, r0, r8, lsl 20",1
"ldreq r0, [sp, -0x400]",1
"andlo r0, r4, 0",1
"andeq r0, r0, r6, lsr 1",1
"andeq lr, r3, r4, lsl 24",1
bvc 0xf0b2e4,1
"streq r0, [r0, -0]",1
"ldrdeq r0, r1, [r0], -sb",1
"rsbspl r0, r8, 8, 10",1
"streq r0, [r0], -r1",1
"andeq r0, r0, pc, ror 8",1
"rsceq r7, r0, r5, lsl 20",1
"movwhs r0, 0x2000",1
"bicseq r0, sl, 0, 12",1
blvc 0x14a308,1
"andeq r0, r0, r1, lsl 2",1
"andeq r2, r4, r2, lsl 6",1
"cmpeq r8, r7, lsl 8",1
invalid,1
"streq r0, [r0, -1]",1
"andeq r0, r0, r8, ror r6",1
bmi 0x98bcc4,1
"streq r0, [r0], -r2",1
"andeq r0, r0, r3, asr 12",1
"rsbseq r2, sl, r6, lsl 16",1
"movwhs r0, 0x2000",1
"strbeq r0, [r2, 0x600]",1
invalid,1
"andeq r0, r0, ip, lsr 32",1
"streq r2, [r8], -r2, lsl 6",1
"andeq r0, r0, r6, ror r3",1
"addseq r2, fp, r6, lsl 26",1
"movwhs r0, 0x2000",1
invalid,1
svchs 0x60000,1
"strheq r0, [r0], -r1",1
"ldreq r2, [r0], -r2, lsl 6",1
"muleq r0, r4, r4",1
"adcseq r3, ip, r6",1
"movwhs r0, 0x2000",1
"adcseq r0, r0, 20, 12",1
invalid,1
"andeq r0, r0, r5, lsl 1",1
"ldreq r2, [r8], -r2, lsl 6",1
"strheq r0, [r0], -fp",1
"addseq r3, r0, r6, lsl 4",1
"movwhs r0, 0x2000",1
"streq r0, [r3, -0x61c]!",1
"movwlo r0, 0x6000",1
"andeq r0, r0, sl, ror r0",1
"strteq r2, [r0], -r2, lsl 6",1
"andeq r0, r0, sb, asr 11",1
"eoreq r3, ip, r6, lsl 8",1
"movwhs r0, 0x2000",1
"orrseq r0, ip, 40, 12",1
invalid,1
"andeq r0, r0, lr, asr 1",1
"ldrteq r2, [r0], -r2, lsl 6",1
"andeq r0, r0, lr, asr 9",1
"rsceq r3, fp, r6, lsl 20",1
"movwhs r0, 0x2000",1
"adceq r0, r6, 56, 12",1
svclo 0x60000,1
"strdeq r0, r1, [r0], -r6",1
"strbeq r2, [r0], -r2, lsl 6",1
"andeq r0, r0, pc, lsr 4",1
invalid,1
"movwhs r0, 0x2000",1
"strbteq r0, [r7], -r8, asr 12",1
invalid,1
"andeq r0, r0, sb, lsr 2",1
"ldrbeq r2, [r0], -r2, lsl 6",1
"strdeq r0, r1, [r0], -sl",1
invalid,1
"movwhs r0, 0x2000",1
"cmneq r8, 88, 12            ; 0x58",1
bpl 0x18a400,1
"andeq r0, r0, r6, lsr 1",1
"rsbeq r2, r0, r2, lsl 6",1
"andeq r7, r1, r5, lsl 16",1
"streq r1, [r7, -r0]",1
"andeq r0, r0, r3, ror r2",1
"andeq r7, r3, r6, lsl 16",1
"movwne r0, 0x9700",1
"andeq r0, r0, 1",1
"movwmi r0, 0x6023",1
"streq r0, [r0, -r6]",1
"andeq r1, r1, sl, lsl 28",1
"stmdaeq r3!, {sb}",1
"strle r0, [r1], -0x900",1
"andeq r0, r0, 3",1
svcmi 0x101cd,1
"movweq r0, 0",1
"muleq r0, pc, r2",1
"andeq r4, r1, sl, lsl 20",1
"biceq r0, sp, r0, lsl 4",1
"andeq r0, r0, r2, asr r1",1
"andeq pc, r2, sl, lsl 30",1
"biceq r0, sp, r0, lsl 4",1
"muleq r0, pc, r2",1
"stcpl p7, c0, [r4, -0]",1
bleq 0xa468,1
"andeq r6, r1, r1, lsl 30",1
"tsteq sp, r0, lsl 2",1
"andeq r0, r0, r3, lsr 6",1
"strheq fp, [r0], -ip",1
"andeq fp, r0, r0, lsl r4",1
"strdeq r2, r3, [r0], -r1",1
"andeq r2, r3, r1, lsl 6",1
"cdpeq p12, 9, c0, c13, c0, 0",1
"stcne p0, c0, [r1, -0]",1
"andeq r0, r0, r3, lsr 6",1
"andeq r2, r0, lr, lsl pc",1
"andeq r0, r3, sp, lsl 2",1
"ldcpl p1, c0, [0x0000a498]",1
"movweq r0, 1",1
"mrceq p0, 3, sb, c15, c1, 4",1
"andeq r0, r0, r3, ror r2",1
"andeq fp, r0, r8, asr 7",1
"ldrdeq fp, ip, [r0], -r8",1
"andls r2, pc, 1",1
invalid,1
"addeq r0, r6, 0x174",1
"movweq r0, 0x6000",1
"muleq r0, r4, r2",1
"bicslt r1, r8, 0x9f",1
invalid,1
"tsteq r1, r0",1
"rsbseq r0, sp, r2, asr r2",1
"ldrbeq r0, [r1, -0x111]",1
"sbceq sb, r2, r3, lsl 8",1
"andpl r1, r1, r0, lsl 2",1
"andeq r3, r0, r1, lsl 6",1
bmi 0x10c0e4,1
"andne r0, r0, 2",1
"andeq r6, r4, r1, lsl 2",1
invalid,1
"andeq r0, r0, fp, ror 6",1
"andeq r4, r0, r1, lsl 30",1
svcmi 0x130100,1
"movwne r0, 0",1
"andeq r0, r0, r2, asr r1",1
"andeq sb, r2, r3, lsl pc",1
"andlo r0, r0, r0",1
"andeq r0, r0, 0xc",1
"andseq r4, r0, r0, lsl 6",1
"cdpeq p4, 0, c0, c1, c0, 0",1
invalid,1
"ldrdeq r0, r1, [r0], -fp",1
"andeq r0, r0, r6, ror 3",1
"andeq fp, r0, r0, lsl r4",1
"andeq fp, r0, ip, asr 17",1
"andeq r0, r0, r0, lsl 31",1
"andeq r4, pc, r2, lsl 2",1
"eorlo r0, r8, r0, lsl 6",1
"movweq r0, 0",1
"andeq r0, r0, r2, lsl 30",1
bmi 0xc154,1
"streq r0, [r0], -0",1
"andeq r0, r0, pc, asr pc",1
"andeq r0, r0, sl, asr 32",1
invalid,1
"andeq r0, r4, 0, 10",1
"andeq r0, r0, r4, lsl 30",1
"eoreq r6, r5, r3, lsl 12",1
svclo 0x20000,1
"streq r0, [r0], -5",1
"ldrdeq r6, r7, [r0], -r5",1
"streq r0, [r4, -r0, lsl 12]",1
"andeq r0, r0, r4, lsr 32",1
invalid,1
"streq r0, [r0], -r0",1
"eorseq r0, pc, r2, lsl 14",1
"streq r0, [r6], -0",1
"andeq r1, r0, r7, lsl 30",1
"streq r0, [r1], -r0, lsl 12",1
"andeq r0, r0, r3, lsr r0",1
blgt 0x14adac,1
"streq r0, [r0, -r0]",1
"cdpvs p5, 6, c0, c9, c4, 0",1
"stmdaeq r6, {r2, r4, r5, r6}",1
"andeq r0, r0, r5",1
"streq r0, [r8, -r0, lsl 12]",1
"andeq r0, r0, sl, lsl r0",1
"andeq r2, r2, r2, lsl 12",1
"teqls r7, 0, 10",1
"andeq r0, r0, 0",1
"ldrdeq r0, r1, [r0], -lr",1
"adcseq r8, r7, r5, lsl 24",1
"streq r0, [r6], -0",1
"andeq r0, r0, r5, lsl 10",1
"ldrbeq r0, [fp, -0x200]!",1
"stchi p0, c0, [r5, -0]",1
"andeq r0, r0, r1, lsr 1",1
"strle r0, [r7, -0x406]",1
invalid,1
"andeq sp, r0, r4, lsl 12",1
"stmdaeq r1, {sb, sl}",1
"andeq r0, r0, sl, lsr r0",1
"andeq r5, r4, r2, lsl 10",1
"ldmda r0!, {sb, sl}",1
"movweq r0, 0",1
"andeq r0, r0, r1, asr r4",1
invalid,1
"stmdbeq r0, {r1}",1
"andeq r0, r0, pc, lsr sl",1
"addeq pc, ip, r8, lsl 14",1
"movwhs r0, 0x2000",1
"rsceq r0, r6, r0, lsl 18",1
invalid,1
"ldrdeq r0, r1, [r0], -r0",1
"stmdbeq r4, {r1, r8, sb, sp}",1
"andeq r0, r0, r3, asr 7",1
"sbcseq pc, r0, r8, lsl 26",1
"movwhs r0, 0x2000",1
"streq r0, [r5, 0x908]",1
"cdp2 p0, 0, c0, c8, c0, 0",1
"ldrdeq r0, r1, [r0], -r0",1
"stmdbeq ip, {r1, r8, sb, sp}",1
"andeq r0, r0, r8, asr 13",1
"sbcseq pc, r0, r8, lsl 30",1
"movwhs r0, 0x2000",1
"rscseq r0, r1, 16, 20",1
"andeq r0, r8, r0",1
"andeq sp, r0, r1",1
"strtne r0, [r3], -0x200",1
"andeq r1, r4, sl, lsl 10",1
"mrseq r0, apsr",1
"ldrdeq r0, r1, [r0], -r0",1
beq 0x61326c,1
"andeq r0, r0, r2, ror 2",1
"andle r0, r1, r8, lsl 4",1
"andeq r0, r0, 0",1
"streq r1, [sl], -0xc23",1
"stmdaeq r0, {r1}",1
"sbcseq r0, r0, r3, lsl 2",1
"movwhs r0, 0x2000",1
"teqeq sb, 32, 20",1
"streq r0, [r8, -0]",1
"andeq sp, r0, r1",1
"strths r0, [r3], -0x200",1
"andeq r5, r6, sl, lsl 14",1
invalid,1
"ldrdeq r0, r1, [r0], -r0",1
beq 0xa132a8,1
"muleq r0, sl, r5",1
"andle r0, r1, r8, lsl 14",1
"andeq r0, r0, 0",1
"strvc r2, [sl], -r3, lsr 24",1
"stmdaeq r0, {r2}",1
"rsceq r0, r1, 0x40000002",1
"movwhs r0, 0x2000",1
"rscseq r0, r3, r0, lsr sl",1
bleq 0x20a6c4,1
"andeq lr, r2, r1, lsl 14",1
"strtlo r0, [r3], -0x200",1
"andeq fp, r1, sl, lsl 20",1
"mrseq r0, apsr",1
"andeq r0, r0, ip, lsl 1",1
beq 0xe132e4,1
"andeq r0, r0, r5, lsl 7",1
invalid,1
"andeq r0, r0, 0",1
"andpl r3, sl, r3, lsr 24",1
"stmdaeq r0, {r1}",1
"adceq r0, ip, r3, lsl r1",1
"movwhs r0, 0x2000",1
"andseq r0, r0, 64, 20",1
"strne r0, [r8, -r0]",1
"andeq r7, r0, r1",1
"strtmi r0, [r3], -0x200",1
"andeq sp, r4, sl, lsl 30",1
"tsteq r8, r0, lsl 16",1
"andeq r0, r0, lr, ror r0",1
beq 0x1193320,1
"andeq r0, r0, r0, asr 2",1
"stc p9, c1, [r1, -0x20]",1
"andeq r0, r0, 2",1
svcvc 0xa4723,1
"stmdaeq r0, {r0, r1}",1
"rscseq r0, sp, 0x40000007",1
"movwhs r0, 0x2000",1
"subseq r0, r4, 72, 20",1
"strhs r0, [r8], -r0",1
"andeq fp, r0, r1, lsl 28",1
"eorpl r0, r3, r0, lsl 4",1
"andeq ip, r5, sl, lsl 4",1
invalid,1
"andeq r0, r0, sl, asr 32",1
beq 0x161335c,1
"andeq r0, r0, sb, asr 11",1
bmi 0x5677c,1
"andeq r0, r0, 0",1
svcls 0xa5c23,1
"stmdaeq r0, {r1}",1
"subeq r0, sl, r1, lsr r1",1
"movwhs r0, 0x2000",1
"ldrbeq r0, [r8, 0xa60]",1
"andlo r0, r8, 0",1
"andeq r4, r0, r1, lsl 20",1
"strtvs r0, [r3], -0x200",1
"andeq sp, r5, sl, lsl 30",1
"teqeq r3, r0, lsl 16",1
"andeq r0, r0, r7, asr r0",1
beq 0x1a13398,1
"strheq r0, [r0], -r1",1
invalid,1
"andeq r0, r0, 0",1
invalid,1
"stmdaeq r0, {r0, r2}",1
"movweq r0, 0x3137",1
"movwhs r0, 0x2000",1
invalid,1
"stmdaeq r0, {r2}",1
"adcseq r0, r7, 0x6c000002",1
invalid,1
"andeq lr, r2, r1, lsr 3",1
"ldrbeq r0, [r5, -0x900]!",1
"andge r0, r8, 0",1
"andeq r0, r0, r1, ror 5",1
"stmdbeq r0, {r1, r8, sb, sp}",1
"andeq r0, r0, sb, lsl 6",1
"rsceq sl, r7, 8, 6",1
"movwhs r0, 0x2000",1
"strbteq r0, [sl], -0x904",1
"strge r0, [r8, -r0]",1
"andeq r0, r0, ip, lsl 1",1
"andeq r2, r8, r2, lsl 6",1
"adceq r0, sl, 8, 8",1
"streq r0, [r8], -0",1
"andeq r0, r0, r8, ror 1",1
"andeq sp, r0, ip, lsl 12",1
"andeq pc, r2, r0, lsl 26",1
"sbceq r0, sb, r0, lsl 26",1
"andeq r0, r0, r0",1
"adceq r0, r3, 8, 8",1
"strle r0, [ip], -r0",1
"movwne r0, 0",1
"stceq p0, c0, [r0, -0xc]",1
"andeq r0, r0, sb, asr 1",1
"streq r0, [r8], -0x27",1
"andeq r0, r0, sb, lsl r3",1
"andeq sp, r0, lr, lsl 12",1
invalid,1
"andeq r2, r3, sb, lsr 28",1
svceq 0xc1000,1
svceq 0xdd0000,1
"stmdagt r1, {r8, ip}",1
"andeq r0, r0, 2",1
"addeq r0, ip, pc, asr r1",1
"mrseq r0, apsr",1
"andeq r0, r0, sb, asr r3",1
"andeq sp, r2, r2, lsl r0",1
"ldmdbpl pc, {sb} ^",1
"andne r0, r0, 3",1
"andeq r0, r0, sp, lsr 11",1
"tsteq r3, 2, 30",1
"andseq r0, r3, r0",1
"sbcseq r0, sp, r8, lsl 8",1
"tsteq r1, r0",1
"andeq r0, r0, sb, asr 5",1
invalid,1
"movweq r0, 0",1
"andeq r7, r3, r1, lsl 30",1
"streq r1, [sp, 0x200]!",1
"strvs r0, [r2], -r0",1
"andeq r0, r0, r3, lsl r3",1
"tsteq r4, r3, lsl r0",1
"andeq r0, r0, fp, asr 29",1
"andne r3, r1, r1, lsl 28",1
"strhls r0, [r0], -r4",1
"movwvs r0, 0xb7",1
invalid,1
"strheq r0, [r0], -r3",1
"andeq sp, r2, r5, lsl r2",1
"ldmdbpl lr!, {r8}",1
"andls r0, r0, r3",1
"strne r0, [r0, -0x2f]",1
"strdeq r0, r1, [r0], -r5",1
"tsteq r3, 1, 30",1
svchs 0xc40000,1
"ldc p0, c0, [r5, -0]",1
invalid,1
"andeq r1, r3, pc, lsr r3",1
"eorseq r1, r0, r0, lsl 8",1
svceq 0x391500,1
"andmi r0, r1, r0",1
"andeq r0, r0, r3, lsl r3",1
"andeq r3, r0, r4, rrx",1
"andeq sl, lr, r6, lsl r8",1
"movtlt r0, 0x1100",1
"andeq r0, r0, 8",1
"sadd8ge r0, r6, r1",1
invalid,1
"andeq r5, r0, r1, asr 14",1
"ldreq r0, [r1], 0x200",1
"andeq r2, r3, r7, lsl lr",1
"adcseq r3, r4, r0",1
"adcseq r4, r4, r0, lsl 16",1
"mcrrmi p1, 0, r0, r4, c0",1
"stmdane r0, {r2}",1
"andeq r0, r0, ip, asr 6",1
"strheq r3, [r0], -r7",1
"andeq r4, r3, r8, lsl r1",1
"eorseq ip, r0, r0, lsl 30",1
"strblt r1, [r8], -0x900",1
bleq 0xfeaca928,1
"tsteq sl, r0",1
invalid,1
"andpl r1, r1, 0x51000",1
"ldrbgt r0, [r0, r5, lsl 6]",1
"tsteq sl, r0",1
bne 0xc4ae84,1
"strvc r5, [r2, -1]",1
"vstrvc s2, [r2, -0]",1
invalid,1
"vstrvc s2, [r2, -0x14c]",1
invalid,1
"smlsdne r0, r2, r0, r0",1
"andeq r0, r0, lr, lsr 6",1
"andeq fp, r0, ip, asr r4",1
"andeq fp, r0, r4, ror r4",1
"streq r5, [fp], 0x401",1
invalid,1
"stmdane r0, {r0, r1}",1
"andeq r0, r0, r1, asr 6",1
"andeq r3, r0, sp, ror 1",1
"adcseq r7, r4, sb, lsl r4",1
"andeq sl, fp, r0, lsl 22",1
invalid,1
"tsteq sl, r1, lsl 2",1
"rsbseq r0, r5, r0, asr r2",1
"rsbseq r0, sp, sl, lsl r2",1
"ldrbeq r0, [sp, r3, lsl 20]",1
"cdphs p0, 1, c0, c12, c0, 0",1
"andle r0, r0, r3",1
"stmdalo r0, {r2, r4, r5, r7}",1
invalid,1
"andeq lr, r4, r7, lsr 5",1
"movteq r1, 0xc800",1
invalid,1
"tstmi r8, r0",1
"cdpne p0, 0, c0, c0, c3, 0",1
"stmdbne r0, {r0, r4, r5}",1
"andeq fp, r0, r0, lsr 10",1
"andeq r0, r0, fp, lsr 23",1
"cmpeq r1, sl, lsl r1",1
"andpl r1, r1, r1, lsr sl",1
bne 0x27dd8,1
"andeq r7, ip, 2, 26",1
"andseq r0, sl, 0x76",1
"smlsdxvc r2, sp, r8, r0",1
"vstrvc s2, [r2, -0]",1
"rsbseq r0, r8, r4, lsl 4",1
"rsbseq r0, sp, sl, lsl r2",1
"andeq r7, r0, r2, lsl 20",1
invalid,1
"strblt r0, [r4, -0]",1
"ldrbeq r0, [r0, -0]",1
"strvs r0, [r1], -r0",1
"andeq r0, r0, lr, lsl r5",1
"andeq r4, r3, r8, lsl ip",1
"eorseq r3, r1, r0, lsl 2",1
"movteq r1, 0x1800",1
"mrslo r0, spsr",1
"andsvs r0, sp, r0",1
"strheq r0, [r0, -r5]",1
"andeq r0, r0, fp, lsr 23",1
"cmpeq r1, sl, lsl r1",1
"andpl r1, r1, r1, lsr sl",1
"andeq r7, r0, r2, lsl 10",1
invalid,1
"ldrblt r0, [r0, -0]!",1
"ldrbeq r0, [r0, -0]!",1
bvs 0x4aa38,1
"andeq r0, r0, sl, asr r5",1
"andeq r4, r3, r8, lsl ip",1
"eorseq r6, r1, r0, lsl 4",1
"movteq r1, 0x1800",1
"orrlo r0, r0, r0",1
"ldrls r0, [sp], -0",1
"strheq r0, [r0, -r5]",1
"andeq r0, r0, fp, lsr 23",1
"cmpeq r1, sl, lsl r1",1
"andpl r1, r1, r1, lsr sl",1
"andeq r7, r0, r2, lsl 10",1
invalid,1
"strlt r0, [r4, 0]!",1
"ldreq r0, [r0]",1
"cdpvs p0, 0, c0, c1, c0, 0",1
"muleq r0, r6, r5",1
"andeq r4, r3, r8, lsl ip",1
"eorseq sb, r1, r0, lsl 6",1
"movteq r1, 0x1800",1
"movslo r0, r0",1
invalid,1
"strheq r0, [r0, -r5]",1
"andeq r0, r0, fp, lsr 23",1
"cmpeq r1, sl, lsl r1",1
"andpl r1, r1, r1, lsr sl",1
"andeq r7, r0, r2, lsl 10",1
invalid,1
"ldrblt r0, [ip]",1
"ldreq r0, [r0, 0]!",1
"strvc r0, [r1, -0]",1
"ldrdeq r0, r1, [r0], -r1",1
"andeq r4, r3, r8, lsl ip",1
"eorseq ip, r1, r0, lsl 8",1
"movteq r1, 0x1800",1
invalid,1
"andseq r0, sb, r0",1
blge 0xada4,1
bne 0xaafc,1
"mrslo r5, apsr",1
"subseq r0, r0, 0x80000006",1
"andeq r0, r0, r5, ror r0",1
"andeq r2, r3, ip, lsl lr",1
"adcseq r1, r6, r0, lsl 8",1
"andeq ip, r5, r0, lsl 16",1
"ldcleq p1, c0, [ip], -0",1
"stmdane r0, {r1, r2}",1
"andeq r0, r0, ip, asr 6",1
"strdeq r3, r4, [r0], -r5",1
"andeq r4, r3, r8, lsl r1",1
"eorseq r1, r2, r0, lsl 6",1
"strblt r1, [r4], -r0, lsl 18",1
bleq 0xfeacab08,1
"tsteq sl, r0",1
bne 0xc4b054,1
"strvc r5, [r2, -1]",1
invalid,1
"andeq r0, r0, lr, lsr 6",1
"andeq fp, r0, r8, asr r6",1
"andeq r0, r0, r0, ror 11",1
"strbeq r8, [lr], -r1, lsl 6",1
invalid,1
"strhs r0, [r0], -r3",1
"stmdane r0, {r1, r4, r5}",1
"andeq r0, r0, r1, asr 6",1
"andeq r3, r0, r4, asr 4",1
"adcseq r8, r6, sb, lsl r8",1
"andeq sl, fp, r0, lsl 22",1
invalid,1
"tsteq sl, r1, lsl 2",1
"rsbseq r0, r5, r0, asr r2",1
"rsbseq r0, sp, sl, lsl r2",1
"andeq r7, r0, r2, lsl 12",1
invalid,1
"ldrlt r0, [ip], r0",1
"ldrbeq r0, [r8, 0]!",1
blhi 0x4ab68,1
"muleq r0, r7, r6",1
"andeq r4, r3, r8, lsl ip",1
"eorseq r5, r2, r0, lsl 14",1
"movteq r1, 0x1800",1
"rsbslo r0, r5, 0",1
invalid,1
blge 0xae5c,1
bne 0xabb4,1
"mrslo r5, apsr",1
"subseq r0, r0, 0x80000006",1
"andseq r0, sl, 0x75",1
invalid,1
"vstrvc s2, [r2, -0]",1
"rsbseq r0, r7, r0, lsl 4",1
"cdphs p0, 1, c0, c12, c0, 0",1
invalid,1
"strhne r0, [r0], -r6",1
invalid,1
"muleq r6, r3, r7",1
"movteq r1, 0xc800",1
"addlo r0, r8, 0",1
"tstmi r8, r0",1
"strge r0, [r0], -r3",1
"stmdbne r0, {r1, r4, r5}",1
"andeq fp, r0, r4, lsr r7",1
"andeq r0, r0, fp, lsr 23",1
"cmpeq r1, sl, lsl r1",1
"andpl r1, r1, r1, lsr sl",1
bne 0x27fe4,1
"andeq r7, r8, 2, 26",1
"andseq r0, sl, 0x76",1
"smlsdxvc r2, sp, r4, r0",1
"vstrvc s2, [r2, -0]",1
"rsbseq r0, r8, r0, lsl 4",1
"cdphs p0, 1, c0, c7, c0, 0",1
"stmdalo r0, {r0, r1}",1
"strhls r0, [r0], -r7",1
"strheq r0, [r0, -r7]",1
"andeq r3, r7, r6, asr 14",1
"movteq r1, 0xce00",1
"movweq r0, 0x6000",1
"ldrdeq ip, sp, [r0], -ip",1
"movteq r1, 0x189f",1
"adcslo r0, sb, 0",1
invalid,1
blge 0xaefc,1
bne 0xac50,1
"vcgt.u8 d5, d3, d1",1
"tsteq sl, r1, lsl 4",1
invalid,1
bne 0xaf50,1
"mrslo r5, apsr",1
"rsbseq r0, sp, sl, lsl r2",1
"movwpl pc, 0x1303",1
invalid,1
"mcrgt p0, 0, r0, c0, c4, 5",1
"stmdapl r0, {r0, r1, r3}",1
bne 0xac6c,1
"strlo r5, [r1, -0x201]",1
"ldrbeq r0, [r1, -0x11a]",1
"sbceq lr, r7, r3, lsl 8",1
"andpl r1, r1, r0, lsl 20",1
svcne 0x3001,1
"andeq fp, r0, r4, lsl 9",1
"andeq r0, r0, lr, asr 23",1
"andeq r0, r0, sb, ror r7",1
"cmpeq r2, sl, lsl r1",1
invalid,1
"strbgt r0, [r8, r5, lsl 6]!",1
"tsteq sl, r0",1
"eorseq r0, r0, r0, asr r1",1
"adcseq r8, r4, pc, lsl ip",1
"andeq pc, fp, r0",1
"andeq r8, r7, r0, lsl 26",1
invalid,1
"andeq r7, r0, r2, lsl 10",1
"adcseq sp, r4, pc, lsl r0",1
"andeq ip, fp, r0, lsl 28",1
"andeq sl, r7, r0, lsl 10",1
"andpl r1, r1, 0, 20",1
"tsteq sl, r1, lsl 10",1
"eorseq r0, r0, r0, asr r1",1
"adcseq r3, r5, r0, lsr 8",1
"andeq r0, ip, r0, lsl 28",1
"strblt r1, [r4, -0xf00]",1
bleq 0xff38acc0,1
"strbeq r0, [0x0000acc4]",1
"tsteq sl, r0",1
bne 0xd4b214,1
"movweq r5, 0x5101",1
"strheq ip, [r0], -r4",1
"cmpeq r0, sl, lsl r1",1
"andsvc r0, pc, r0, lsr r0",1
"mcrgt p0, 0, r0, c0, c5, 5",1
invalid,1
bne 0xad04,1
"strlo r5, [r1, -0x201]",1
"ldrbeq r0, [r1, -0x11a]",1
"sbceq ip, r8, r3, lsl 8",1
"andpl r1, r1, r0, lsl 20",1
svcne 0x3001,1
"andeq fp, r0, r4, lsr 11",1
"andeq r0, r0, lr, asr 23",1
"andeq r0, r0, r1, lsl r8",1
"cmpeq r2, sl, lsl r1",1
invalid,1
"ldmgt ip, {r0, r2, r8, sb} ^",1
"tsteq sl, r0",1
"eorseq r0, r0, r0, asr r1",1
"adcseq sp, r5, pc, lsl ip",1
"andeq ip, fp, r0, lsl 28",1
"andeq r3, r8, r0, lsl 4",1
"andpl r1, r1, 0, 20",1
"tsteq sl, r1, lsl 10",1
invalid,1
bne 0xb058,1
"andlo r5, r1, r1",1
"ldrlt r1, [r4], -r0, lsl 30",1
bleq 0xff38ad44,1
invalid,1
"tsteq sl, r0",1
bne 0xd4b298,1
"movweq r5, 0x5101",1
"andeq ip, r0, r8, lsl sb",1
"cmpeq r0, sl, lsl r1",1
"ldmdapl pc, {r4, r5}",1
"mcrgt p0, 0, r0, c0, c6, 5",1
"strvc r0, [r0], -0xb",1
bne 0xad8c,1
"strlo r5, [r1, -0x201]",1
"ldrbeq r0, [r1, -0x11a]",1
"sbceq r3, sb, r3, lsl 24",1
"andpl r1, r1, r0, lsl 20",1
svcne 0x3001,1
"muleq r0, ip, r6",1
"andeq r0, r0, lr, asr 23",1
"muleq r0, r5, r8",1
"cmpeq r2, sl, lsl r1",1
invalid,1
"stmdbgt r4!, {r0, r2, r8, sb} ^",1
"tsteq sl, r0",1
"eorseq r0, r0, r0, asr r1",1
"adcseq lr, r6, sb, lsl ip",1
"andeq ip, fp, r0, lsl 28",1
"andpl r1, r1, 0, 20",1
"tsteq sl, r1, lsl 10",1
"andls r0, r3, r1, asr r5",1
bne 0xb0dc,1
"andlo r5, r1, r1",1
"streq r0, [r8], -0",1
"strheq r0, [r0], -sb",1
"andeq r1, r3, lr, lsl 6",1
"strvs r1, [r1], -0x400",1
invalid,1
invalid,1
"ldrblt r0, [r0, r0]",1
"sbcslo r0, r7, 0",1
"movwmi r0, 0x1000",1
"strne r0, [r0, -9]",1
"ldrdeq r0, r1, [r0], -r2",1
"cmpeq sb, 0x1000000",1
"movwlo r0, 0x3000",1
invalid,1
invalid,1
"strheq r1, [r3], -r5",1
"eorseq r2, r3, r0, lsl 8",1
"cdpeq p5, 0xe, c1, c13, c0, 0",1
"strlt r0, [r1, -0]",1
"andeq r0, r0, r3, lsl r3",1
"andeq r3, r0, r5, asr 6",1
"andeq r3, pc, r5, lsl sb",1
invalid,1
"strvs r0, [r0], -r3",1
invalid,1
"andeq r0, r0, r8, lsr 29",1
"ldmeq r3!, {r0, sb, sl, ip, sp, pc}",1
invalid,1
"cdpeq p1, 0xa, c2, c6, c0, 0",1
invalid,1
"andeq r0, r0, r7, asr r0",1
"andeq r3, r0, r7, lsl 7",1
"adcseq ip, r7, sb, lsl r8",1
"andeq r7, r3, r0, lsl 30",1
"vstrvc s2, [r2, -0]",1
"rsbseq r0, r5, r0, lsl 4",1
"tsteq r4, r0",1
"andeq r0, r0, r0, asr pc",1
"andle ip, r1, r1, lsl 8",1
"stmdane r0, {r0, r1, r2, r4, r5, r7}",1
invalid,1
invalid,1
"ldrdeq r0, r1, [r0], -r7",1
"andeq sp, r2, r5, lsl r2",1
"stmibpl r4, {r8} ^",1
"movwle r0, 3",1
"strne r0, [r0, -0x33]",1
"strdeq r0, r1, [r0], -r5",1
"tsteq r3, 0x400000",1
invalid,1
"ldc p0, c0, [r5, -0]",1
invalid,1
"andeq r1, r3, r5, asr 7",1
"eorseq r1, r4, r0, lsl 10",1
svceq 0x391500,1
"strgt r0, [r1], -r0",1
"andeq r0, r0, r3, lsl r3",1
"andeq r3, r0, r6, lsr r4",1
"andeq sl, lr, r5, lsl r8",1
"stclmi p1, c0, [r6], {0}",1
"strpl r0, [r0, -r0]",1
invalid,1
"andeq r0, r0, r6, lsr 29",1
"subseq ip, r7, r1, lsl 16",1
"ldrbtlo r0, [r8], -0",1
blne 0x88aec4,1
invalid,1
"andeq sp, sb, sb, asr 15",1
"ldmmi r1, {sb}",1
"adcseq r1, r8, sb, lsl r0",1
"andeq r7, r3, r0, lsl 30",1
"vstrvc s2, [r2, -0]",1
"rsbseq r0, r5, r0, lsl 4",1
"movwne r0, 0xc000",1
"str r0, [r0, -r3]",1
"stceq p0, c0, [r0, -0x24]",1
"andeq r0, r0, sb, asr 1",1
"tsteq r4, sb",1
"andeq r0, r0, r6, lsr 6",1
"stmdane r1, {r0, r8, sb, sp, lr, pc}",1
"stmdami r0, {r3, r4, r5, r7}",1
invalid,1
invalid,1
"andeq r0, r0, sb, ror sl",1
"andeq sp, r2, r5, lsl r2",1
"stmibpl r3!, {r8} ^",1
svcgt 3,1
"strne r0, [r0, -0x34]",1
"strdeq r0, r1, [r0], -r5",1
"tsteq r3, 0x1000000",1
"ldrbtlo r0, [r0], 0",1
"ldc p0, c0, [r5, -0]",1
invalid,1
"andeq r1, r3, r4, ror 7",1
"eorseq r1, r5, r0, lsl 2",1
svceq 0x391600,1
"str r0, [r1, -0]",1
"andeq r0, r0, r3, lsl r3",1
"cmnne ip, 0x80000000",1
"andeq sl, lr, r2, lsr 16",1
"stclmi p1, c0, [r7], 0",1
"andeq r0, r0, 0",1
"ldmdalo sb, {r0, r4, r7, sl, ip, sp, lr}",1
"movwmi r0, 0xb8",1
bne 0xaf84,1
invalid,1
"tsteq sl, ip, ror 12",1
invalid,1
"qaddpl r1, r2, r1",1
invalid,1
"cmpeq r0, 0x80000006",1
bne 0x140b748,1
"andeq r7, r0, 2, 26",1
"muleq r0, r1, r0",1
"mrceq p1, 5, r0, c0, c4, 0",1
svc 0x10000,1
"adcseq r4, r8, r1, lsl 16",1
"adcseq ip, r8, r0, lsl 24",1
"eorseq r3, r5, r0, lsl 4",1
bleq 0x1d0b39c,1
svcpl 0x1c0000,1
invalid,1
"stmdahs r0, {r3, r4, r5, r7}",1
invalid,1
"strdeq ip, sp, [sl], -r5",1
"cmneq r2, 0, 16",1
"ldrblo r0, [r2, -0]",1
invalid,1
"stmdbne r0, {r3, r4, r5, r7}",1
bne 0xaff4,1
"movweq r5, 0x5201",1
"andeq ip, r0, r8, asr 20",1
"cmpeq r0, sl, lsl r1",1
invalid,1
"andeq r0, r0, pc, asr r3",1
"andeq fp, r0, ip, ror r8",1
"andeq r0, r0, r0, asr 12",1
bleq 0x1c9be8,1
"andsvc r0, r8, 0",1
"andvc r0, r0, r3",1
"stmdbne r0, {r0, r2, r4, r5}",1
"muleq r0, r0, r8",1
"andeq r0, r0, sb, lsl ip",1
"ldrbeq r0, [r3, -0x11a]",1
"sbceq r7, r5, r3, lsl 24",1
"andpl r1, r1, 0, 20",1
"strbgt r0, [ip, -0x305]!",1
"tsteq sl, r0",1
"eorseq r0, r1, r0, asr r1",1
"ldmdalt ip, {r8, sb, sl, fp, ip} ^",1
bleq 0xff38b018,1
bleq 0x9cb01c,1
"tsteq sl, r0",1
bne 0xd4b56c,1
"movweq r5, 0x5101",1
"andeq ip, r0, r0, lsr sl",1
"cmpeq r0, sl, lsl r1",1
invalid,1
"mcrgt p0, 0, r0, c0, c8, 5",1
"stmdami r0, {r0, r1, r3}",1
bne 0xb06c,1
"strlo r5, [r1, -0x201]",1
"ldrbeq r0, [r1, -0x11a]",1
"sbceq r6, sl, r3",1
"andpl r1, r1, r0, lsl 20",1
svcne 0x3001,1
"andeq fp, r0, r0, lsr 17",1
"andeq r0, r0, lr, asr 23",1
"andeq r0, r0, sb, ror 22",1
"cmpeq r2, sl, lsl r1",1
invalid,1
bgt 0x1d0bc80,1
"tsteq sl, r0",1
"eorseq r0, r0, r0, asr r1",1
"adcseq fp, r8, r3, lsr 32",1
bleq 0xffc0b47c,1
"strhs r0, [r0], -0",1
"andeq r0, r0, r2, asr 5",1
"rsceq sl, r7, 0x60000",1
"mrseq r0, apsr",1
"andeq sb, r7, r4, lsr 32",1
"str r0, [sb, r0, lsl 12]!",1
invalid,1
"sbcseq r0, r6, r1, lsl 24",1
bleq 0xfe64b0a0,1
"eoreq r0, r5, r0",1
"andeq r2, pc, r4, lsr 6",1
"strtge r0, [r2], -r0, lsl 18",1
invalid,1
bleq 0xfe38e8b8,1
invalid,1
"andeq r0, r0, sp, lsl 10",1
invalid,1
invalid,1
"andeq r0, r0, lr, asr 23",1
"andeq r5, r3, r7, lsr 18",1
"addeq r2, ip, r0, lsl 14",1
invalid,1
"movwne r0, 3",1
invalid,1
beq 0xb0e8,1
"sbcseq r0, r0, r3, lsr r1",1
invalid,1
"strhs r0, [r0, -fp]",1
"andeq r0, r0, r3, lsl r3",1
"andeq r1, r3, r7, lsr 6",1
"addeq r2, ip, r0, lsl 14",1
invalid,1
"andeq fp, r6, r1, lsl 18",1
"sbcseq r0, r6, 0, 12",1
"andeq r8, r0, r1, lsl 24",1
invalid,1
invalid,1
"strhs r0, [r0, -r3]",1
"andeq r0, r0, sb, asr r3",1
"strlo r2, [r1], -r0, lsl 18",1
bleq 0xb140,1
invalid,1
"eorseq r0, r7, 0x8000000a",1
"strpl r0, [r2, -r0]",1
"andeq r8, r0, r1, lsl 24",1
"stchi p1, c0, [r7], -0",1
"strhs r0, [r0, -r0]",1
"andeq r0, r0, r3, lsl r3",1
"mcreq p0, 0, r0, c0, c3, 0",1
"andeq r0, r0, 3",1
"andseq r6, r2, r0, lsl 28",1
"cdpeq p4, 0, c0, c1, c0, 0",1
invalid,1
"andeq r0, r0, r3, ror pc",1
"andeq r0, r0, r6, ror 3",1
"andeq r1, r0, r8, ror 3",1
svclo 0x30402,1
invalid,1
"ldrdeq r2, r3, [r0], -r5",1
"streq r0, [r4, -r0, lsl 8]",1
"andeq r0, r0, r4, lsr 32",1
invalid,1
"streq r0, [r0], -0",1
"eorseq r0, pc, r2, lsl 14",1
"streq r0, [r4], -0",1
"andeq r1, r0, r7, lsl 30",1
"streq r0, [r1], -r0, lsl 8",1
"andeq r0, r0, r3, lsr r0",1
blgt 0x14b9a0,1
"streq r0, [r0, -0]",1
"cdpvs p5, 6, c0, c9, c4, 0",1
"stmdaeq r4, {r2, r4, r5, r6}",1
"andeq r0, r0, r5",1
"streq r0, [r8, -r0, lsl 8]",1
"andeq r0, r0, sl, lsl r0",1
"andeq r2, r2, r3, lsl 12",1
blpl 0xdcb9b0,1
"movweq r0, 0",1
"ldrdeq r0, r1, [r0], -lr",1
"rsbseq r8, pc, r2, lsl 24",1
"streq r0, [r4], -0",1
"andeq r0, r0, r5, lsl 10",1
"ldrbeq r0, [fp, -0x300]!",1
"stchi p0, c0, [r2, -0]",1
"andeq r0, r0, sb, rrx",1
"strle r0, [r7, -0x404]",1
"streq r0, [r0], -r0",1
"andeq sb, r0, r4, lsl 28",1
"stmdaeq r1, {sl}",1
"andeq r0, r0, sl, lsr r0",1
"andeq r5, r4, r7, lsl 2",1
invalid,1
"andeq r0, r0, r0, ror 4",1
"andeq r3, sl, r8, lsl 30",1
"ldrbtpl r0, [r7], 0x300",1
"andeq r0, r0, 0",1
"str r0, [r8], -r3, lsr 32",1
"movweq r0, 0",1
"strdeq sb, sl, [r0], -ip",1
"strteq r0, [r3], -0x200",1
"andeq ip, r3, r8, lsl 6",1
"ldmls sp!, {r8, sb} ^",1
"andeq r0, r0, 0",1
"strhi r0, [r8, -0x823]",1
"movweq r0, 5",1
"strdeq sb, sl, [r0], -lr",1
"stceq p2, c0, [r3], -0",1
"andeq ip, r6, r8, lsl 16",1
"ldmls pc!, {r8, sb} ^",1
"andeq r0, r0, 0",1
invalid,1
"movweq r0, 2",1
"addseq r0, r8, r0, lsl 2",1
"movwhs r0, 0x2000",1
"ldreq r0, [r5], -0x914",1
"mrseq r0, apsr",1
"andeq sb, r0, r1, lsl 16",1
"stmdane r3!, {sb}",1
"andeq r6, r1, sb, lsl 4",1
"mrseq r0, lr_svc",1
"muleq r0, r8, r0",1
"ldmdbeq ip, {r1, r8, sb, sp}",1
"andeq r0, r0, r4, lsl 4",1
"stmdals r1, {r0, r1, r8, sb}",1
"andeq r0, r0, 0",1
"stmdblo sb, {r0, r1, r5, sp}",1
"movweq r0, 3",1
"addseq r0, r8, r5, lsl 2",1
"movwhs r0, 0x2000",1
"ldrbeq r0, [r7], -r4, lsr 18",1
"streq r0, [r3], -r0",1
"andeq sb, r0, r1, lsl 16",1
"stmdahs r3!, {sb}",1
"andeq sb, r5, sb, lsl 20",1
"mrseq r0, sp_und",1
"muleq r0, r8, r0",1
"stmdbeq ip!, {r1, r8, sb, sp}",1
"andeq r0, r0, r6, ror r4",1
"cdpls p9, 0, c0, c1, c3, 0",1
"andeq r0, r0, 2",1
"vhadd.u8 d3, d9, d19",1
"movweq r0, 0",1
"adceq r0, r4, 0xc0000002",1
"movwhs r0, 0x2000",1
invalid,1
"stceq p0, c0, [r3, -0]",1
"andeq r5, r0, r1, lsl 8",1
"stmdalo r3!, {sb}",1
"andeq r8, r3, sb, lsl 10",1
"tsteq r1, r0, lsl 6",1
"andeq r0, r0, r4, asr r0",1
"ldmdbeq ip!, {r1, r8, sb, sp}",1
"andeq r0, r0, r0, asr r2",1
"strvc r1, [r1], -0x303",1
"andeq r0, r0, 0",1
"andne r4, sb, r3, lsr 32",1
"movweq r0, 2",1
"eorseq r0, r8, r7, lsl r1",1
"movwhs r0, 0x2000",1
"ldrbeq r0, [pc], 0x944      ; [0xb2fc:4]=0x4601",1
invalid,1
"andeq r4, r0, r1, lsl 12",1
"strtmi r0, [r3], -r0, lsl 4",1
"andeq r4, r1, sb",1
"tsteq sb, r0, lsl 6",1
"andeq r0, r0, sl, lsr 5",1
"stmdbeq r7, {r1, r8, sb, sp} ^",1
"andeq r0, r0, pc, ror r3",1
blt 0x5272c,1
"andeq r0, r0, 2",1
"strpl r4, [sb], -0x823",1
"movweq r0, 2",1
"addeq r0, r6, r6, lsr 2",1
"movwhs r0, 0x2000",1
"strbeq r0, [r2, 0x950]",1
svchs 0x30000,1
"andeq r1, r0, r1, lsl 26",1
"stmdapl r3!, {sb}",1
"andeq ip, r5, sb, lsl 18",1
"teqeq r0, r0, lsl 6",1
"andeq r0, r0, sp, lsl r0",1
"ldmdbeq ip, {r1, r8, sb, sp} ^",1
"muleq r0, pc, r2",1
"stcne p1, c3, [r1, -0xc]",1
"andeq r0, r0, 0",1
"stmdale sb, {r0, r1, r5, sp, lr}",1
"movweq r0, 5",1
"andseq r0, sp, r2, lsr r1",1
"movwhs r0, 0x2000",1
"ldrbeq r0, [0x0000bcd8]     ; [0xbcd8:4]=0xb401",1
"movwlo r0, 0x3000",1
"andeq r1, r0, r1, lsl 30",1
"stmdavs r3!, {sb}",1
"andeq fp, r3, sb, lsl 2",1
"teqeq r5, r0, lsl 6",1
"andeq r0, r0, r4, asr r0",1
"stmdbeq ip!, {r1, r8, sb, sp} ^",1
"strdeq r0, r1, [r0], -r5",1
"andgt r3, r1, r3, lsl 14",1
"andeq r0, r0, 2",1
beq 0x2742c,1
"andeq r0, r0, r6, asr 8",1
"strlt sb, [r7, -r3, lsl 22]",1
invalid,1
"addseq sl, lr, 0xc0000000",1
"strvc r0, [r8, -0]",1
"movweq r0, 5",1
"andeq sb, r2, r2, lsr 29",1
"eoreq r0, r3, r0, lsl 4",1
"andeq r0, r3, r8, lsl 18",1
"strtge r0, [r3], 0x300",1
"andeq r0, r0, 2",1
bvs 0x20c45c,1
"movweq r0, 4",1
"andeq r5, r0, r7, lsr 9",1
"stmdaeq r3!, {sb}",1
"strvs r0, [r4, -r0, lsl 12]",1
"streq r0, [r0], -r2",1
"andeq sl, r0, r4, lsl 10",1
"addseq r0, lr, r0, lsl 22",1
"adcseq r0, sl, 0",1
invalid,1
"andeq r0, r0, r0",1
"andvs r0, r4, r0, lsl 12",1
bleq 0xb408,1
"muleq r0, lr, r0",1
"ldrdeq r0, r1, [r0], -r0",1
"andeq sb, r0, ip, lsl 2",1
"stceq p7, c2, [r0, -0]",1
"andeq r0, r0, r2, asr 5",1
"adceq sl, r4, 4, 16",1
"mrseq r0, apsr",1
"andeq sb, r7, sp",1
"strtge r0, [sb], 0x400",1
invalid,1
"addseq r0, lr, r1, lsl 22",1
"rscseq r0, sl, 0",1
invalid,1
"cdphs p0, 0, c0, c0, c0, 0",1
svceq 0x230e00,1
bne 0x14b440,1
"andeq r0, r0, ip, lsl 6",1
"strlt r0, [r3], -0x501",1
svceq 0xca,1
"andeq r0, r0, sl, ror 5",1
"andeq sb, r6, r0, lsl 30",1
"strhs r0, [r0], -0x200",1
"streq r0, [r0], -0x13",1
"andeq r0, r0, r1, lsl 28",1
svceq 0x9b0100,1
invalid,1
invalid,1
blt 0xff50b470,1
"addsne r0, ip, 0",1
"streq r0, [r2], -0",1
"strbtvc r6, [lr], -0x905",1
"ldreq r0, [0x0000b180]!     ; [0xb180:4]=0x6010400",1
"strle r0, [r6, -0]",1
"andeq r0, r0, r7, lsr r0",1
"strhs r0, [r7], -0x404",1
"streq r0, [r0], -0",1
"eorseq r0, r1, r1, lsl 16",1
"andeq r0, r4, 0",1
"andeq r3, r0, r7, lsl 30",1
"streq r0, [r4, -r0, lsl 8]",1
"andeq r0, r0, pc, lsl r0",1
"movwlo r0, 0x6104",1
"streq r0, [r0], -0",1
"sbceq r0, fp, r2, lsl 10",1
invalid,1
"andeq r0, r0, r5",1
"streq r0, [r8, -r0, lsl 8]",1
"andeq r0, r0, sl, lsl r0",1
"streq r0, [r5, -0x404]",1
"streq r0, [r0], -0",1
"sbcseq r0, r5, r4, lsl 14",1
"streq r0, [r5], -0",1
"addeq r0, r5, r6, lsl 8",1
invalid,1
"andeq r3, r0, r8, lsl 20",1
"andls r0, r4, 0, 12",1
"streq r0, [r0, -r0]",1
"andeq r0, r0, r5, lsl 1",1
"addseq r0, sp, r6, lsl 8",1
invalid,1
"ldcge p1, c0, [0x0000b4e4]",1
beq 0xb4f8,1
"andeq r0, r0, sb, lsr 31",1
"mrseq r0, apsr",1
"strheq r0, [r0], -r8",1
"stcvc p12, c4, [r1, -0xc]",1
"movweq r0, 0",1
"andeq lr, r0, r1, lsl 4",1
"biceq r0, ip, r0, lsl 24",1
invalid,1
"andeq r0, r0, sp, ror r0",1
"andeq r5, ip, ip, lsl 22",1
"strbhs r0, [ip, -0x300]",1
invalid,1
"ldrdeq r0, r1, [r0], -sb",1
"eoreq r4, ip, r3, lsl 24",1
bleq 0xb534,1
"andeq sb, r5, r1, lsl 6",1
"teqeq r0, r0, lsl 6",1
"andeq r0, r0, sp, ror r0",1
"tsteq r7, r3, lsl 2",1
invalid,1
"movweq r0, 1",1
"andeq r7, r0, r0, lsr sp",1
"orreq r0, r7, r0, lsl 24",1
"andlo r0, r3, r0",1
"muleq r0, r7, r0",1
"andeq sp, r4, ip, lsl 18",1
"ldchs p3, c0, [r0], -0",1
"andeq r0, r0, r0",1
"strbteq r0, [pc], -sp, lsl 2",1
"strhs r0, [r1, -r0]",1
"andeq r7, r0, r1, lsl 26",1
"adcseq ip, r8, r0, lsl 24",1
"adcseq pc, r8, r0, lsl 8",1
"eorseq r8, r5, r0, lsl 28",1
invalid,1
"cdpvs p0, 0, c0, c14, c0, 0",1
"stchs p1, c0, [r7], -0",1
"cdpge p0, 0, c0, c0, c0, 0",1
svceq 0x35,1
"stmdbhs r1, {r4, r5, r6}",1
"andeq r0, r0, sp, ror r0",1
"andeq r3, r0, ip, asr 11",1
"adcseq sp, r8, r0, lsl r8",1
"andeq sp, r5, r0, lsl 14",1
"andeq r6, r1, r0, lsl 6",1
"andpl r1, r1, r0, lsl 2",1
"andeq r7, r0, r2, lsl 8",1
"adcseq pc, r8, r2, lsl r4",1
"andeq pc, r5, r0",1
"tsteq r3, r0",1
"muleq r0, r0, ip",1
svcvc 0x1da02,1
"vst4.8 {d0, d1, d2, d3}, [r0], r0",1
invalid,1
"andeq r0, r0, 0xb8",1
bge 0x4b7cc,1
"cdpeq p0, 0, c0, c0, c1, 0",1
ble 0x8b798,1
"andeq r0, r0, ip, lsr 32",1
"ldrdeq r3, r4, [r0], -pc",1
"adcseq pc, r8, r4, lsl r8",1
"tsteq r7, r0, lsl 2",1
"tsteq r1, r0",1
invalid,1
"strne r0, [r0, -0x50]",1
"andeq sl, r4, r1, lsl 6",1
invalid,1
"andeq r0, r0, sp, ror r0",1
"strdeq fp, ip, [r0], -r8",1
"andeq fp, r0, r4, lsr 18",1
"andeq r3, r0, r0, lsl 12",1
"andeq r0, r2, r1, lsl 8",1
"rsbeq r0, lr, r0, lsl 28",1
"eoreq r6, ip, r2, lsl 14",1
"strtlo r0, [r0], -r0",1
"movwvc r0, 0xe000",1
"stclhs p2, c0, [r7], -0",1
"cdplo p0, 0, c0, c0, c0, 0",1
invalid,1
"andeq fp, r0, r0, lsr 18",1
"andeq r1, r1, r1, lsl 14",1
"andeq pc, r1, r0, lsl 20",1
"andpl r1, r1, r0, lsl 2",1
"strvc r7, [r0, -0x405]",1
"andne r1, r0, 0, 28",1
"andeq fp, r0, r4, lsr 18",1
"strdeq r0, r1, [r0], -r0",1
svcmi 0x10d00,1
invalid,1
"rsbseq r0, sp, r3, lsr r1",1
invalid,1
invalid,1
"ldrblo r0, [ip], -r0",1
bvs 0x4b670,1
"cdpeq p0, 0, c0, c0, c2, 0",1
"movwlo r0, 0x1070",1
"andeq r0, r0, sp, ror r0",1
"andeq r3, r0, ip, ror r6",1
invalid,1
"andeq r2, r0, r3, lsr ip",1
"eorseq ip, r6, r0, lsl 2",1
"stmdblt r8, {ip} ^",1
"ldrbeq r0, [sl, 0]!",1
"subseq r0, r7, 0",1
"tsteq r1, r0",1
"rsbseq r0, r4, r1, asr r2",1
"cmpeq r0, 0x40000004",1
"ldrsheq r0, [r0], -0x13",1
"adcseq r6, sb, r2, lsl r4",1
"andeq pc, r5, r0",1
"stmdblt r8!, {sb, ip} ^",1
"ldreq r0, [r8], -r0",1
"strne r0, [r0, -r0]",1
"andeq fp, pc, r1, lsl 18",1
invalid,1
"andeq r0, r0, sp, ror r0",1
"andeq fp, r2, r3",1
"rsbseq r1, r0, r0, lsl 16",1
"rsbseq fp, sp, r2, lsl 6",1
"andsvc r0, r8, r0",1
"movwlt r0, 0x206e",1
"strheq r0, [r0], -r0",1
"andeq r7, r0, 24, 6",1
"strheq r2, [r0], -r3",1
"rsbeq r1, lr, r0, lsl 18",1
"eoreq fp, ip, r2, lsl 10",1
blne 0x68b6f4,1
beq 0xfefcbf08,1
"ldrdeq r0, r1, [r0], -lr",1
"andeq r0, r0, r0, asr 1",1
invalid,1
invalid,1
"andeq r0, r0, sl, ror 4",1
"andeq fp, r0, r0, ror sb",1
"andeq fp, r0, r4, ror 19",1
"strdeq r3, r4, [r0], -r5",1
"andeq r2, r3, r1, lsl 2",1
"rsbseq r1, ip, 0, 26",1
"ldrlo r0, [r5, -r0]",1
"ldrhi r0, [sp, -0]",1
"stmdbmi r0, {r1}",1
"stcne p0, c0, [r0, -0xdc]",1
"andeq r0, r0, pc, lsl 5",1
"andeq r3, r0, sp, ror r7",1
"andeq sb, r2, lr, lsl r8",1
"eorseq fp, r7, r0, lsl 2",1
"stmiblt r0, {r8, sb, sl, fp, ip} ^",1
invalid,1
invalid,1
"strheq r0, [r0, -sb]",1
"andeq r0, r0, r4, lsl 4",1
"andeq r0, r0, r7, lsl r3",1
"ldrbeq r0, [r1, -0x111]",1
"rsbseq r0, r4, r6, ror r0",1
"andpl r1, r1, lr, lsl r1",1
"andeq r7, r0, r2, lsl 14",1
"adcseq lr, sb, r2, lsl r0",1
"andeq pc, r5, r0",1
"tsteq r5, r0",1
"andeq r0, r0, ip, asr 31",1
"stcvc p4, c7, [r1, -8]",1
"str r0, [r0], -0",1
invalid,1
"str r0, [r0, -0xba]",1
invalid,1
"andeq r0, r0, lr, lsl 7",1
"andeq r7, r0, 0xe",1
"andeq r7, r0, r4, ror sp",1
"eorseq r0, r8, r0, lsl 10",1
"rsbeq r0, lr, r0, lsl 28",1
"eoreq r7, ip, r2, lsl 8",1
invalid,1
"movwvc r0, 0xe000",1
"ldclhs p2, c0, [r4], -0",1
invalid,1
invalid,1
"andeq fp, r0, r8, lsl sl",1
"andeq r0, r2, r1, lsl 8",1
"andeq r8, r3, r0, lsl 8",1
"mrspl r1, apsr",1
"strvc r7, [r0], -0x505",1
"tsteq r1, r0, lsl 28",1
"rsbseq r0, r6, r0, asr r2",1
blt 0x70ffd8,1
"ldrbeq r0, [r0, 0]!",1
"stceq p0, c0, [r0, -0]",1
"andeq sb, pc, r1, lsl 2",1
"mrseq r0, spsr",1
"andeq r0, r0, sp, ror r0",1
"andeq fp, r0, ip, lsl sl",1
"andeq fp, r0, r4, ror 20",1
"andeq r3, r0, pc, asr r8",1
"andeq r1, r4, r1, lsl 4",1
"rsbseq r0, r0, r0, lsl 28",1
"rsbseq r4, sp, r1, lsl 20",1
invalid,1
"andvc r0, lr, r0",1
bmi 0x4b9c8,1
"strheq r0, [r0], -r0",1
"strheq r3, [r0], -sb",1
"andeq r6, r2, r0, lsr 20",1
"adcseq r1, sl, r0, lsl 24",1
"andeq r5, r6, r0, lsl 16",1
"mrshs r0, spsr",1
"andeq r0, r0, pc, lsl 5",1
"addeq r1, r5, 1, 26",1
invalid,1
invalid,1
svcvc 2,1
"andhs r0, r0, 0x38",1
"andeq r0, r0, r8, ror r6",1
"andeq sb, r2, lr, lsl r8",1
"eorseq pc, r8, r0, lsl 6",1
blt 0x1414450,1
"streq r0, [r1], -0",1
"andne r0, r0, 2",1
"andeq fp, r0, r0, ror 20",1
"strdeq r0, r1, [r0], -r0",1
"stceq p0, c0, [r0, -0]",1
"andeq r8, pc, r1, lsl 18",1
"cmpeq r4, r0, lsl 2",1
"andeq r0, r0, sp, ror r0",1
"andeq fp, r0, r4, ror 20",1
"andeq fp, r0, r0, lsl 21",1
"andeq r3, r0, r4, lsr sb",1
"andeq r8, r4, r1, lsl 28",1
"rsbseq r0, r3, r0, lsl 28",1
"eoreq r5, ip, r1, lsl 8",1
invalid,1
"stcge p0, c0, [r4, -0]!",1
"andvc r0, r0, r0",1
"stmdals r0, {r1, r3, r4, r5, r7}",1
invalid,1
"andeq r7, r4, r6, asr sp",1
"sbcseq r2, r6, r0, lsl 10",1
"strpl r0, [r1], -0",1
"andeq ip, r0, r1, lsr 22",1
"andsgt r0, sp, r0",1
"andvc r0, r0, 0",1
"strne r0, [r0], -0x39",1
"andeq fp, r0, r0, lsl 21",1
"andeq r2, r6, r1, lsl 26",1
"andpl r1, r1, 0, 2",1
invalid,1
"andlo r5, r1, r1, lsl 2",1
"eorvc r0, r6, r0",1
invalid,1
invalid,1
"strvc r5, [r2], -1",1
"stceq p0, c0, [r0, -0]",1
"andeq sp, pc, r1, lsl 12",1
"cmpeq sp, r0, lsl 2",1
"andeq r0, r0, sp, ror r0",1
"andeq fp, r0, r0, lsl 21",1
"muleq r0, r4, sl",1
"andeq r3, r0, r5, lsl 19",1
"andeq pc, r4, r1, lsl 18",1
"rsbeq r0, lr, r0, lsl 28",1
"eoreq r5, ip, r1, lsl 26",1
invalid,1
"movwvc r0, 0xe000",1
"mrrchs p1, 0, r0, sp, c0",1
"strgt r0, [r0], -r0",1
svceq 0x39,1
svcpl 0x10070,1
"andeq r0, r0, sp, ror r0",1
"andeq r3, r0, r7, ror 19",1
"adcseq r8, sl, r0, lsl r8",1
"andeq r4, r6, r0, lsl 28",1
"andeq lr, r4, r0, lsl 30",1
"mrspl r1, apsr",1
invalid,1
"cmpeq r0, 0x40000004",1
"ldrsheq r0, [r0], -0x13",1
"adcseq sb, sl, r2, lsl r4",1
"andeq pc, r5, r0",1
"mrseq r0, apsr",1
"andeq r0, r0, r2, lsl 23",1
"stcvc p15, c6, [r1, -4]",1
"strls r0, [r0], -0",1
"stmdalt r0, {r1, r3, r4, r5, r7}",1
blx 0xbc48,1
invalid,1
"andeq r0, r0, r4, lsl 11",1
invalid,1
"andeq sb, r0, pc, ror 14",1
"eorseq r1, sl, r0, lsl 20",1
"rsbseq r0, r3, r0, lsl 28",1
"eoreq r6, ip, r1, lsl 30",1
blo 0xe0b980,1
"eor r0, r4, 0",1
invalid,1
"strhlt r0, [r0], -sl",1
invalid,1
"andeq r7, r5, r1, ror r3",1
"mrseq r2, apsr",1
"strpl r0, [r1], -0",1
"andeq r0, r1, r5, lsr 32",1
"ldclne p1, c0, [r5, -0]",1
"strdeq r0, r1, [r0], -r5",1
"andeq r3, r0, r6, asr sl",1
"adcseq fp, sl, r4, lsl r8",1
"strbteq r0, [ip], -r0, lsl 2",1
"tsteq r1, r0",1
"rsbseq r0, r4, r2, asr r2",1
"subseq r0, r1, 0x40000004",1
"andeq r0, r0, r5, ror r0",1
"adcseq sl, sl, r6, lsr 16",1
"andeq r1, r1, r0, lsl 14",1
"andpl r1, r1, r0, lsl 2",1
"andeq r7, r0, r2, lsl 8",1
"strgt r0, [r1], -0xd00",1
invalid,1
"rsbseq r0, pc, r7, ror r1",1
blt 0xfee0b9e4,1
blt 0xff50b9e8,1
blo 0x1a4b9ec,1
"strle r0, [r1, -r0]",1
"strhs r0, [r0, -r5]",1
"andeq r0, r0, pc, lsr 25",1
"addeq r7, ip, r1, lsl 14",1
blo 0xfe24ba00,1
"ldrgt r0, [r0], -0",1
"stchi p0, c0, [r0, -0x2e8]",1
"strgt r0, [r0, -6]",1
invalid,1
"strvc r5, [r2], -1",1
"ldrle r0, [r4], -0",1
"strheq r0, [r0, -sl]",1
"strdeq r0, r1, [r0], -sb",1
"subseq r0, r0, 0x40000004",1
"andeq r0, r0, r4, ror r0",1
"strteq r0, [r5], 0x128",1
invalid,1
"rsbseq r0, sp, r1, lsl 2",1
invalid,1
"stmdbhs r0, {r0, r2}",1
"andeq r0, r0, ip, lsr 32",1
invalid,1
"andeq r0, r0, 2",1
"stmdahs r1, {r0, r1, r2, r4, r5, r8}",1
"andeq sb, pc, r1, lsl 6",1
"bicseq r0, pc, r0, lsl 8",1
"andeq r7, r0, r1, lsl 26",1
"ldreq r0, [r8], -r0, lsl 2",1
"stcvc p0, c0, [sb, -0]!",1
invalid,1
"andeq r0, r0, ip, lsr 32",1
invalid,1
"streq r0, [r0], -6",1
"smlatteq r1, r2, r1, r0",1
"andeq r0, r0, sp, lsr 12",1
"andeq r7, r0, sb, lsr 26",1
invalid,1
"strheq r0, [r0], -r8",1
"andeq r7, r0, r1, lsl 26",1
"cdpmi p1, 0, c0, c1, c0, 0",1
"stmdbhs r0, {r1, r2}",1
"andeq r0, r0, sp, ror r0",1
"andeq r2, r0, sb, lsr 10",1
"rsbseq r2, r6, r0, lsl 18",1
invalid,1
"andeq sp, pc, r1, lsl 14",1
"bicseq r0, r3, r0, lsl 8",1
"andeq r7, r0, r1, lsl 26",1
"strbteq r0, [ip], -r0, lsl 2",1
"stchs p0, c0, [sb], -0",1
invalid,1
"andeq r0, r0, ip, lsr 32",1
"movwls r2, 0x1c00",1
invalid,1
"andeq r0, r0, sp, ror r0",1
"streq r0, [sp], r1, lsl 2",1
"stcvc p0, c0, [sb, -0]!",1
invalid,1
"muleq r0, r7, r0",1
"andeq r7, r0, sb, lsr 12",1
invalid,1
"andeq r0, r0, r2, lsr r3",1
invalid,1
"andeq r0, r0, ip, lsr 32",1
"addeq r2, ip, r1, lsl 18",1
"andeq r0, r0, r0",1
"andeq r0, r0, ip, asr 2",1
"ldrne r0, [r8, 2]",1
invalid,1
"andeq r0, r0, lr",1
"andeq lr, pc, r1, lsl 26",1
"andeq lr, r1, r0, lsl 12",1
"adcseq sp, sl, r0, lsl 8",1
"adcseq r1, fp, r0, lsl 8",1
"andseq r1, r4, r0, lsl 28",1
"streq r0, [r4, -0x200]",1
"rsbseq r6, r4, sb, ror 28",1
"strhs r0, [r7], -0x403",1
"movweq r0, 0",1
"eorseq r0, r1, r1, lsl 16",1
"andeq r0, r3, 0",1
"andeq r3, r0, r7, lsl 30",1
"streq r0, [r4, -r0, lsl 6]",1
"andeq r0, r0, pc, lsl r0",1
"movwlo r0, 0x6103",1
"movweq r0, 0",1
"sbceq r0, fp, r2, lsl 10",1
invalid,1
"andeq r0, r0, r5",1
"streq r0, [r8, -r0, lsl 6]",1
"andeq r0, r0, sl, lsl r0",1
"streq r0, [r5, -0x403]",1
"movweq r0, 0",1
"sbcseq r0, r5, r4, lsl 14",1
"streq r0, [r4], -0",1
"andeq r0, r0, r8, ror r0",1
blo 0x20bf7c,1
"streq r0, [r0], -0",1
"andeq r8, r0, r4, lsl 10",1
"rsbseq r0, r8, r0, lsl 10",1
"strhs r0, [r6, -0]",1
"streq r0, [r0, -r0]",1
"andeq r5, r2, r1, lsl 24",1
invalid,1
"ldrdeq fp, ip, [r0], -r4",1
"andeq fp, r0, r4, lsl fp",1
"andeq r3, r0, r7, lsr 21",1
"andeq pc, r0, r1, lsl 12",1
blt 0xffc0dba0,1
"mrseq r0, apsr",1
"sbceq r0, sl, r0",1
"mrseq r0, apsr",1
"ldmdbeq r5!, {r1, r4, r6, r8}",1
"movweq r5, 0x5101",1
"andeq ip, r0, r4, ror 21",1
"cmpeq r0, sb, lsl 2",1
"streq r0, [r8], -0x30",1
"strhs r0, [r0, -0xbb]",1
invalid,1
invalid,1
"movweq r5, 0x5201",1
"andeq ip, r0, ip, ror 13",1
"cmpeq r1, sb, lsl 2",1
"andpl r0, r1, r0, lsr sb",1
"andeq r7, r0, r2, lsl 8",1
"adcseq r0, fp, sl, lsl 16",1
"andeq r4, r1, r0, lsl 8",1
"andeq r0, fp, r0",1
"andeq r0, r0, 5",1
"andeq r8, r0, r2, lsl sl",1
invalid,1
"andeq r1, r2, r1, lsl 24",1
"teqeq r3, r0, lsl 6",1
"andeq r0, r0, r2, ror r0",1
"andeq r2, r1, r1, lsl 10",1
"rsbseq r0, pc, r0, lsl 26",1
svcvc 0xd0000,1
"stceq p0, c0, [r0, -0]",1
"andeq r0, r0, r5, lsr 32",1
"stmdbhs r1, {sb, sl, fp}",1
"streq r0, [r0], -7",1
"strmi r0, [r1], -0x12a",1
"stceq p0, c0, [r0, -4]",1
"andeq r0, r0, r5, lsr 32",1
"andeq r2, r0, sp, lsl 10",1
"rsbseq r0, pc, r0, lsl 26",1
"andeq r0, pc, r0",1
"ldmdaeq r6!, {r4, r8}",1
"andeq r0, r5, 0",1
"andeq r0, r1, r2, lsl 2",1
"andeq r0, r0, r2, ror 2",1
"strbtne r0, [sp], -r2",1
invalid,1
"andeq r0, r0, lr",1
"andeq pc, pc, r1, lsl 28",1
"andeq lr, r1, r0, lsl 12",1
"adcseq r1, fp, r0, lsl 8",1
"adcseq r4, fp, r0, lsl 16",1
"andseq sl, r4, r0",1
"streq r0, [r4, -0x200]",1
"rsbseq r6, r4, sb, ror 28",1
invalid,1
"movweq r0, 0",1
"eorseq r0, pc, r2, lsl 14",1
"streq r0, [r3], -0",1
"andeq r2, r0, r7, lsl 8",1
"streq r0, [r4, -r0, lsl 6]",1
"andeq r0, r0, pc, lsl r0",1
"movwlo r0, 0x6103",1
"movweq r0, 0",1
"sbceq r0, fp, r2, lsl 10",1
invalid,1
"andeq r0, r0, r5",1
"streq r0, [r8, -r0, lsl 6]",1
"andeq r0, r0, sl, lsl r0",1
"streq r0, [r5, -0x403]",1
"movweq r0, 0",1
"sbcseq r0, r5, r4, lsl 14",1
"streq r0, [r4], -0",1
"andeq r0, r0, r8, ror r0",1
blo 0x20c0cc,1
"streq r0, [r0, -0]",1
"andeq r0, r0, pc, lsr r5",1
"eorseq sp, sl, r3, lsl 10",1
invalid,1
"andeq r0, r0, sl, lsr 3",1
"andvc ip, r1, 0x20000",1
"movweq r0, 0",1
"andeq fp, r0, r1, lsl 8",1
"andne r0, ip, r0, lsl 14",1
invalid,1
"andeq r0, r0, r2, ror r0",1
"andseq r2, r0, r7, lsl 2",1
svcvc 0xc80200,1
"andeq r0, r0, r0",1
"strbeq r0, [sl], -r8, lsl 2",1
"movwhs r0, 0x1000",1
"andeq r7, r0, r1, lsl 4",1
"adcseq r1, fp, r0, lsl 8",1
"adcseq r4, fp, r0, lsl 16",1
"eorseq ip, sl, r0, lsl 14",1
invalid,1
"movwvs r0, 0x9000",1
invalid,1
"andeq r7, r0, r5, lsr 4",1
beq 0x150c124,1
"andeq r0, r0, sl, lsl 1",1
"andeq fp, r0, r4, lsl fp",1
"andeq r0, r0, r8, asr 13",1
"tsteq r3, r1, lsl 10",1
invalid,1
"andeq r0, r0, r0",1
"andeq sb, r0, fp, lsl 26",1
"strhs r0, [ip], -0",1
invalid,1
"stceq p0, c0, [r0, -4]",1
"andlo r5, r1, r1, lsl 2",1
"cmpeq r0, sp, lsl 2",1
"mcreq p0, 0, r0, c0, c0, 1",1
"andeq fp, r0, r8, lsr fp",1
"andeq r0, r0, r7, asr 2",1
"adcseq r4, fp, lr, lsl 16",1
"andeq r5, r1, r0, lsl 22",1
"mrseq r0, apsr",1
"andeq r1, r0, r2, lsl r0",1
invalid,1
"andvc r0, r1, 0",1
invalid,1
"andeq r0, r0, r7, asr 2",1
"andeq r7, r0, r0, lsl r2",1
"rsbseq r1, pc, r0",1
invalid,1
"andeq r5, r5, r1, lsl 10",1
"teqeq r2, r0, lsl 8",1
"andeq r0, r0, r5, asr r1",1
"strhs r0, [r4, -0x401]",1
"andne r0, r0, 0",1
"andeq r5, r2, r1, lsl 24",1
"teqeq r7, r0, lsl 10",1
"strteq r0, [r1], -1",1
"andeq r0, r2, r0",1
"andeq r1, r0, fp, ror r7",1
"andeq r0, lr, r4, lsl 2",1
svclo 0x10000,1
invalid,1
"stmdami r0, {r0}",1
invalid,1
svcvs 0xbb,1
"andeq r0, r0, 0x15",1
"andeq r0, r0, pc, lsr r5",1
"eorseq sp, r0, r3, lsl 10",1
"streq r0, [r3], -0",1
"andeq r2, r0, r7, lsl 8",1
"stmdaeq r1, {r8, sb}",1
"andeq r0, r0, r1, lsr r0",1
svclo 0x70203,1
"movweq r0, 0",1
"andseq r0, pc, r4, lsl 14",1
"mrseq r0, apsr",1
"andeq r3, r0, r6, lsl 6",1
"streq r0, [r2, -0x300]",1
"andeq r0, r0, fp, asr 1",1
"stmdbvs r5, {r2, sl}",1
"movweq r7, 0x46e",1
"andeq r0, r0, r8, lsl 10",1
invalid,1
"andeq r1, r0, r7, lsl 20",1
"eoreq r0, r6, 0, 4",1
"strlo r0, [r4, -r0]",1
"andeq r0, r0, r1, rrx",1
"andeq sp, r0, r2, lsl 28",1
"strhi r0, [ip, 0x400]",1
"movweq r0, 0",1
"andeq r0, r5, r4, lsl 10",1
blvc 0x8be38,1
"streq r0, [r0], -5",1
"andeq r6, r0, sp, lsl 31",1
"streq r0, [r4, -r0, lsl 6]",1
"ldrdeq r0, r1, [r0], -r5",1
"streq r0, [r6], -0x405",1
"andeq r0, r0, r6, lsr 1",1
blo 0x20c260,1
"andeq r0, r0, 0",1
"andeq r0, r0, r5, asr r4",1
"adcseq r3, r8, r5",1
"mrspl r0, apsr",1
"stmdals r0, {r2}",1
"rsbseq pc, r3, 0x600000",1
svclo 0x80000,1
"streq r0, [r0], -sl",1
"strdeq r5, r6, [r0], -r7",1
"eoreq r0, r3, r0, lsl 4",1
"andeq lr, r0, r8, lsl 12",1
"rscsge r0, ip, r0, lsl 12",1
"andeq r0, r0, 0",1
"movwgt r0, 0x8423",1
"streq r0, [r0], -r3",1
"strdeq sl, fp, [r0], -sp",1
"stmdaeq r3!, {sb}",1
"andeq r8, r5, r8, lsl 10",1
"rscsge r0, lr, r0, lsl 12",1
"andeq r0, r0, 0",1
"stmdagt r8, {r0, r1, r5, sl, fp}",1
"streq r0, [r0], -r6",1
"strdeq sl, fp, [r0], -pc",1
"eorne r0, r3, r0, lsl 4",1
"andeq pc, r2, sb, lsl 2",1
invalid,1
"andeq r0, r0, r0, lsr 1",1
"ldmdbeq r4, {r1, r8, sb, sp}",1
"andeq r0, r0, r5, lsl r4",1
"andge r0, r1, r6, lsl 2",1
"andeq r0, r0, 0",1
"andvs r1, sb, 0x230000",1
"streq r0, [r0], -r1",1
"adceq r0, r0, r2, lsl 2",1
"movwhs r0, 0x2000",1
"andeq r0, r4, 28, 18",1
"movweq r0, 0x6000",1
"andeq sl, r0, r1",1
"eorhs r0, r3, r0, lsl 4",1
"andeq r3, r3, sb, lsl 18",1
invalid,1
"andeq r0, r0, r0, lsr 1",1
"stmdbeq r4!, {r1, r8, sb, sp}",1
"andeq r0, r0, r7, asr r6",1
"andge r0, r1, r6, lsl 12",1
"andeq r0, r0, 0",1
bls 0x255f9c,1
"streq r0, [r0], -r5",1
"adceq r0, r0, r7, lsl 2",1
"movwhs r0, 0x2000",1
"ldrbteq r0, [r6], -0x92c",1
invalid,1
"andeq fp, r2, r1, lsl 2",1
"eorlo r0, r3, r0, lsl 4",1
"andeq pc, r0, sb, lsl 6",1
invalid,1
"strheq r0, [r0], -r7",1
"ldmdbeq r4!, {r1, r8, sb, sp}",1
"strheq r0, [r0], -sl",1
bpl 0x4f35c,1
"andeq r0, r0, 0",1
"strhi r3, [sb, -0x823]",1
"streq r0, [r0], -r3",1
"subseq r0, sl, r1, lsl r1",1
"movwhs r0, 0x2000",1
"subseq r0, r0, 60, 18",1
"movwne r0, 0x6000",1
"andeq r7, r0, r1, lsl 20",1
"eormi r0, r3, r0, lsl 4",1
"andeq r1, r2, sb",1
"tsteq r7, r0, lsl 12",1
"andeq r0, r0, lr, lsr r0",1
"stmdbeq r4, {r1, r8, sb, sp} ^",1
"ldrdeq r0, r1, [r0], -pc",1
invalid,1
"andeq r0, r0, 0",1
"andmi r4, sb, r3, lsr 12",1
"streq r0, [r0], -r1",1
"adcseq r0, sp, 0x40000006",1
"movwhs r0, 0x2000",1
"cmneq pc, 0x11c000",1
"stcne p0, c0, [r6, -0]",1
"andeq ip, r2, r1, lsl 26",1
"stmdami r3!, {sb}",1
"andeq r5, r2, sb, lsl 8",1
invalid,1
"andeq r0, r0, ip, lsl 1",1
"ldmdbeq r0, {r1, r8, sb, sp} ^",1
"andeq r0, r0, r2, asr 11",1
"cdpls p15, 0, c2, c1, c6, 0",1
"andeq r0, r0, 0",1
"stmdbgt sb, {r0, r1, r5, fp, ip, lr}",1
"streq r0, [r0], -r5",1
"addseq r0, lr, r0, lsr r1",1
"movwhs r0, 0x2000",1
"addseq r0, pc, 92, 18",1
invalid,1
"andeq sb, r0, r1, lsl 28",1
"eorvs r0, r3, r0, lsl 4",1
"andeq sp, r5, sb, lsl 16",1
"teqeq r2, r0, lsl 12",1
"muleq r0, lr, r0",1
"stmdbeq r4!, {r1, r8, sb, sp} ^",1
"ldrdeq r0, r1, [r0], -pc",1
"strhs r3, [r1, -0x306]",1
"andeq r0, r0, 0",1
invalid,1
"streq r0, [r0], -r3",1
"subseq r0, sl, r5, lsr r1",1
"movwhs r0, 0x2000",1
"ldrbeq r0, [r5, 0x96c]!",1
"strlo r0, [r6, -r0]",1
"andeq sp, r2, r1, lsl 6",1
"eorvc r0, r3, r0, lsl 4",1
"strbeq r0, [r6], -0xa00",1
blls 0x18c024,1
"andeq fp, r2, r7, lsl 14",1
invalid,1
"strheq r0, [r0], -r1",1
"andeq r7, r5, r8, lsl 10",1
invalid,1
"andeq r0, r0, 2",1
"stmdbeq r8, {r0, r1, r5}",1
"streq r0, [r0], -r3",1
"andeq fp, r2, r3, lsr 15",1
"strteq r0, [r3], -0x200",1
"andeq r6, r4, r8, lsl 20",1
bpl 0xfe9cd854,1
"andeq r0, r0, 0",1
"streq r0, [r0], -r3, lsr 16",1
"andeq r7, r2, r4, lsl 20",1
"stmdalt r4, {sb, sl}",1
bleq 0xc068,1
"andeq r0, r0, r6, lsr 1",1
"andeq r0, r0, sp, asr 5",1
"andeq sb, r0, ip, lsl 14",1
"streq r0, [r0], -r0",1
"andeq r7, r2, r4, lsl 6",1
"adceq r0, r6, r0, lsl 22",1
"rsceq r0, r3, 0",1
"strls r0, [ip, -r0]",1
"strhs r0, [r0, -r0]",1
"andpl r0, r1, 0, 26",1
"andeq r0, r0, 0x10",1
"subseq r0, sl, r4, lsl 3",1
"mrseq r0, apsr",1
"cdpeq p0, 0, c0, c0, c3, 0",1
"ldrdeq r0, r1, [r0], -r0",1
"movweq r8, 0x1402",1
"streq r0, [r0], -r0",1
"andeq sl, r0, r4, lsl 26",1
"stmdapl r1, {r8, sb, sl, fp}",1
invalid,1
"subseq r0, sl, r8, lsr r1",1
bllt 0x120c0c0,1
bllt 0xff30c0c4,1
blo 0xff9cc0c8,1
invalid,1
"andne r0, r0, r3",1
"ldrdeq r0, r1, [r0], -r2",1
"movweq r3, 0x1801",1
bllo 0x1cc0dc,1
invalid,1
invalid,1
"andeq fp, r3, sl, lsr sb",1
"eorseq r3, fp, r0, lsl 6",1
"rsbne r1, r2, r0, lsl 4",1
bllo 0x4c0f4,1
"strheq r0, [r0], -sb",1
"andlo r7, r0, r5, lsl 10",1
"ldmdahs r2, {r1, r2, r3, r5, r8, sb, sl, fp, ip, pc}",1
invalid,1
"andeq fp, r3, ip, lsr sb",1
"cmpne r4, 0, 2",1
"andeq r0, r0, r3, ror 5",1
"andeq fp, r0, ip, asr fp",1
"andeq r0, r0, r0, ror 13",1
"cmneq lr, 0x400",1
invalid,1
"stmdbpl r0, {r1}",1
"andeq r0, r0, fp, lsr r0",1
"adcseq r5, fp, r5, lsl r4",1
"andeq sp, r3, r0, lsl 30",1
"andeq sb, r3, r0, lsl 4",1
"andpl r1, r1, r0, lsl 12",1
"andeq r7, r0, r2, lsl 8",1
"adcseq r6, fp, r5, lsl r4",1
"andeq pc, r3, r0, lsl 14",1
"andeq sl, r3, r0, lsl 12",1
"andpl r1, r1, r0, lsl 12",1
"andeq r7, r0, r2, lsl 8",1
"adcseq sl, fp, r7, lsl r4",1
"andeq r1, r4, r0",1
bllt 0xfee11d5c,1
"ldreq r0, [r0], -0",1
invalid,1
"strheq r0, [r0], -lr",1
"stcls p1, c0, [r2, -0xc]",1
"stmdbne r0, {r2}",1
"andeq r0, r0, r2, asr 5",1
"adcseq sl, r7, 0x50000",1
"mrseq r0, apsr",1
"andeq sb, r7, sb, lsl r0",1
"strlt r0, [sb, r0, lsl 10]!",1
invalid,1
"stmdbvc r1, {r0, sb, fp, ip}",1
"smladeq r0, r0, r0, r0",1
"eoreq r0, r5, fp, asr 2",1
invalid,1
blne 0xc1a8,1
"andeq r0, r0, r1, lsl 6",1
"strlo r1, [r1], -0xc00",1
"stmdaeq r0, {r4}",1
bpl 0x4c930,1
invalid,1
"andeq r0, r0, r0, lsl r4",1
"andeq r0, r3, fp, lsl r1",1
"tsteq sp, r0",1
"andeq r0, r0, r5, asr r5",1
"cdpne p2, 0, c3, c1, c9, 0",1
invalid,1
"subseq r0, sl, r6, lsl 8",1
bne 0xc1d0,1
"andeq r0, r0, 0x15",1
"andseq r1, sb, r0, lsl 2",1
"cdpeq p4, 0, c0, c1, c0, 0",1
invalid,1
"andeq r1, r0, r0, ror 21",1
"andeq r0, r0, r6, ror 3",1
"andeq fp, r0, ip, asr 23",1
"andeq fp, r0, r0, lsl pc",1
"strheq r1, [r0], -r3",1
invalid,1
"andeq r0, r0, 0",1
"eorseq r0, pc, r2, lsl 14",1
"streq r0, [r2], -0",1
"andeq r2, r0, r7, lsl 8",1
"streq r0, [r4, -r0, lsl 4]",1
"andeq r0, r0, pc, lsl r0",1
"movwlo r0, 0x6102",1
"andeq r0, r0, 0",1
"sbceq r0, fp, r2, lsl 10",1
"streq r0, [r3], -0",1
"strbtvc r6, [lr], -0x905",1
"streq r0, [r8, -0x200]",1
"andeq r0, r0, r0",1
bne 0x1ce238,1
"streq r0, [r0], -0",1
"andeq r0, r0, r6, lsr 4",1
"subseq r3, r6, r5, lsl 14",1
"cdple p0, 0, c0, c4, c0, 0",1
"streq r0, [r0, -0]",1
"andeq r7, r0, ip, lsl 21",1
"streq r0, [r4, -0x200]",1
"andeq r0, r0, r5",1
"andeq r7, r5, r4, lsl 22",1
"strvs r0, [sp], 0x500",1
"andeq r0, r0, 0",1
"sbcseq r0, r5, r4, lsl 14",1
"streq r0, [r5], -0",1
"addseq r0, fp, r6, lsl 8",1
invalid,1
"andeq r3, r0, r8, lsl 20",1
"ldreq r0, [0x0000be74]!     ; [0xbe74:4]=0x230200",1
"strle r0, [r6, -0]",1
"andeq r0, r0, r3, lsr r0",1
"andeq r5, r4, r4, lsl 10",1
"ldmdalt r0!, {r8, sb, sl}",1
"streq r0, [r0, -r0]",1
"andeq r0, r0, r1, asr r4",1
invalid,1
"stmdaeq r0, {r1}",1
"andeq r0, r0, pc, lsr sl",1
"subeq pc, pc, r8, lsl 14",1
"movwhs r0, 0x2000",1
"rsceq r0, r6, r0, lsl 16",1
invalid,1
"muleq r0, r5, r0",1
"stmdaeq r4, {r1, r8, sb, sp}",1
"andeq r0, r0, r3, asr 7",1
"addseq pc, r5, r8, lsl 26",1
"movwhs r0, 0x2000",1
"streq r0, [r5, 0x808]",1
"cdp2 p0, 0, c0, c8, c0, 0",1
"muleq r0, r5, r0",1
"stmdaeq ip, {r1, r8, sb, sp}",1
"andeq r0, r0, r8, asr 13",1
"addseq pc, r5, r8, lsl 30",1
"movwhs r0, 0x2000",1
"rscseq r0, r1, 16, 18",1
"andeq r0, r8, r0",1
"andeq sb, r0, r1, lsl 10",1
"strtne r0, [r3], -0x200",1
"andeq r1, r4, sb, lsl 10",1
"mrseq r0, apsr",1
"muleq r0, r5, r0",1
"ldmdbeq r8, {r1, r8, sb, sp}",1
"andeq r0, r0, r2, ror 2",1
"strls r0, [r1, -0x208]",1
"andeq r0, r0, 0",1
"streq r1, [sb], -0xc23",1
"stmdaeq r0, {r1}",1
"addseq r0, r5, r3, lsl 2",1
"movwhs r0, 0x2000",1
"teqeq sb, 32, 18",1
"streq r0, [r8, -0]",1
"andeq sb, r0, r1, lsl 10",1
"strths r0, [r3], -0x200",1
"andeq r5, r6, sb, lsl 14",1
invalid,1
"muleq r0, r5, r0",1
"stmdbeq r8!, {r1, r8, sb, sp}",1
"muleq r0, sl, r5",1
"strls r0, [r1, -0x708]",1
"andeq r0, r0, 0",1
"strvc r2, [sb], -r3, lsr 24",1
"stmdaeq r0, {r2}",1
"adcseq r0, r1, 0x40000002",1
"movwhs r0, 0x2000",1
"rscseq r0, r3, r0, lsr sb",1
bleq 0x20c358,1
"andeq fp, r2, r1, lsl 14",1
"strtlo r0, [r3], -0x200",1
"andeq fp, r1, sb, lsl 20",1
"mrseq r0, apsr",1
"andeq r0, r0, pc, asr 32",1
"ldmdbeq r8!, {r1, r8, sb, sp}",1
"andeq r0, r0, r5, lsl 7",1
svcmi 0x11108,1
"andeq r0, r0, 0",1
"andpl r3, sb, r3, lsr 24",1
"stmdaeq r0, {r1}",1
"rsbeq r0, pc, r3, lsl r1",1
"movwhs r0, 0x2000",1
"andseq r0, r0, 64, 18",1
"strne r0, [r8, -r0]",1
"andeq r2, r0, r1, lsl 24",1
"strtmi r0, [r3], -0x200",1
"andeq sp, r4, sb, lsl 30",1
"tsteq r8, r0, lsl 16",1
"andeq r0, r0, r1, asr 32",1
"stmdbeq r6, {r1, r8, sb, sp} ^",1
"andeq r0, r0, r0, asr 2",1
"stclt p9, c1, [r1, -0x20]",1
"andeq r0, r0, 2",1
svcvc 0x94723,1
"stmdaeq r0, {r0, r1}",1
"sbceq r0, sp, 0x40000007",1
"movwhs r0, 0x2000",1
"subseq r0, r4, 72, 18",1
"strhs r0, [r8], -r0",1
"andeq r8, r0, r1, lsl 2",1
"eorpl r0, r3, r0, lsl 4",1
"andeq ip, r5, sb, lsl 4",1
invalid,1
"muleq r0, r3, r0",1
"ldmdbeq r8, {r1, r8, sb, sp} ^",1
"andeq r0, r0, sb, asr 11",1
"movwls r3, 0x1008",1
"andeq r0, r0, 0",1
svcls 0x95c23,1
"stmdaeq r0, {r1}",1
"addseq r0, r3, r1, lsr r1",1
"movwhs r0, 0x2000",1
"ldrbeq r0, [r8, 0x960]",1
"andlo r0, r8, 0",1
"andeq sb, r0, r1, lsl 6",1
"strtvs r0, [r3], -0x200",1
"andeq sp, r5, sb, lsl 30",1
"teqeq r3, r0, lsl 16",1
"andeq r0, r0, r2, lsr 1",1
"stmdbeq r8!, {r1, r8, sb, sp} ^",1
"strheq r0, [r0], -r1",1
svcmi 0x13508,1
"andeq r0, r0, 0",1
invalid,1
"stmdaeq r0, {r0, r2}",1
"sbcseq r0, r3, 0xc000000d",1
"movwhs r0, 0x2000",1
invalid,1
"stmdaeq r0, {r2}",1
"adcseq r0, r7, 0x26c0000",1
invalid,1
"andeq fp, r2, r1, lsr 3",1
"ldrbeq r0, [r5, -0x800]!",1
"andge r0, r8, 0",1
"strheq r0, [r0], -r1",1
"stmdaeq r0, {r1, r8, sb, sp}",1
"andeq r0, r0, sb, lsl 6",1
"adcseq sl, r7, 8, 6",1
"movwhs r0, 0x2000",1
"strbteq r0, [sl], -0x804",1
"strge r0, [r8, -r0]",1
"andeq r0, r0, pc, asr 32",1
"andeq r2, r8, r2, lsl 6",1
"rsbseq r0, sl, 0x6000000",1
"streq r0, [r6], -0",1
"strheq r0, [r0], -r8",1
"andeq sb, r0, fp, lsl 22",1
"andeq ip, r2, r0, lsl 26",1
"addeq r0, ip, r0, lsl 24",1
"andeq r0, r0, r0",1
"rsbseq r0, r3, 0x6000000",1
blls 0x2cc4a4,1
"movw r0, 0",1
invalid,1
"andeq r0, r0, ip, lsl 1",1
invalid,1
"stmdaeq r0, {r2}",1
"adcseq r0, r8, ip, lsr r1",1
"streq r0, [r6], -0",1
"strdeq r0, r1, [r0], -r5",1
"andeq sb, r0, lr, lsl 22",1
"andeq r0, r4, r0, lsl 12",1
svceq 3,1
"andseq r5, r2, r4, lsl 28",1
svcmi 0x240900,1
"andne r0, r0, r0",1
invalid,1
invalid,1
"andeq r1, r0, sl, asr 30",1
"smlabbne r8, r0, r0, r8",1
"andeq r1, r0, pc, lsl 22",1
"smlabbne r8, r1, r0, r8",1
"andeq r1, r0, r7, asr pc",1
"smlabbne r8, r2, r0, r8",1
"andeq r1, r0, r4, ror 30",1
"smlabbne r8, r3, r0, r8",1
"andeq r1, r0, r1, ror pc",1
"smlabbne r8, r4, r0, r8",1
"andeq r1, r0, lr, ror pc",1
"smlabbne r8, r5, r0, r8",1
"andeq r1, r0, fp, lsl 31",1
"smlabbne r8, r6, r0, r8",1
"andeq r1, r0, ip, asr 30",1
"smlabbne r8, r7, r0, r8",1
"andeq r1, r0, r1, lsl fp",1
"smlabbne r8, r8, r0, r8",1
"andeq r1, r0, sb, asr pc",1
"smlabbne r8, sb, r0, r8",1
"andeq r1, r0, r6, ror 30",1
"smlabbne r8, sl, r0, r8",1
"andeq r1, r0, r3, ror pc",1
"smlabbne r8, fp, r0, r8",1
"andeq r1, r0, r0, lsl 31",1
"smlabbne r8, ip, r0, r8",1
"andeq r1, r0, sp, lsl 31",1
"smlabbne r8, sp, r0, r8",1
"andeq r1, r0, sl, lsr 3",1
"smlabbne r8, lr, r0, r8",1
"strheq r1, [r0], -r7",1
"smlabbne r8, pc, r0, r8",1
"andeq r1, r0, r4, asr 3",1
"swpne r8, r0, [r8]",1
"ldrdeq r1, r2, [r0], -r1",1
"swpne r8, r1, [r8]",1
"ldrdeq r1, r2, [r0], -lr",1
"swpne r8, r2, [r8]",1
"andeq r1, r0, fp, ror 3",1
"swpne r8, r3, [r8]",1
"strdeq r1, r2, [r0], -r8",1
"swpne r8, r4, [r8]",1
"andeq r1, r0, r5, lsl 4",1
"swpne r8, r5, [r8]",1
"andeq r1, r0, r2, lsl r2",1
"swpne r8, r6, [r8]",1
"andeq r2, r0, r2, asr 2",1
"swpne r8, r7, [r8]",1
"andeq r2, r0, r0, asr r1",1
"swpne r8, r8, [r8]",1
"andeq r2, r0, lr, asr r1",1
"swpne r8, sb, [r8]",1
"andeq r1, r0, ip, lsr 3",1
"swpne r8, sl, [r8]",1
"strheq r1, [r0], -sb",1
"swpne r8, fp, [r8]",1
"andeq r1, r0, r6, asr 3",1
"swpne r8, ip, [r8]",1
"ldrdeq r1, r2, [r0], -r3",1
"swpne r8, sp, [r8]",1
"andeq r1, r0, r0, ror 3",1
"swpne r8, lr, [r8]",1
"andeq r1, r0, sp, ror 3",1
"swpne r8, pc, [r8]",1
"strdeq r1, r2, [r0], -sl",1
"smlatbne r8, r0, r0, r8",1
"andeq r1, r0, r7, lsl 4",1
"smlatbne r8, r1, r0, r8",1
"andeq r1, r0, r4, lsl r2",1
"smlatbne r8, r2, r0, r8",1
"andeq r2, r0, r4, asr 2",1
"smlatbne r8, r3, r0, r8",1
"andeq r2, r0, r2, asr r1",1
"smlatbne r8, r4, r0, r8",1
"andeq r2, r0, r0, ror 2",1
"smlatbne r8, r5, r0, r8",1
"andeq r1, r0, sp, ror 27",1
"smlatbne r8, r6, r0, r8",1
"andeq r1, r0, sl, ror 20",1
"smlatbne r8, r7, r0, r8",1
"andeq r1, r0, r7, lsl r3",1
"smlatbne r8, r8, r0, r8",1
"ldrdeq r2, r3, [r0], -r5",1
"smlatbne r8, sb, r0, r8",1
"muleq r0, r8, r0",1
"smlatbne r8, sl, r0, r8",1
"andeq r2, r0, sl, ror 12",1
"andne r8, r8, 0xab",1
"subeq r5, r1, r5, asr 4",1
"smlatbne r8, ip, r0, r8",1
"andeq r1, r0, r7, asr lr",1
"smlatbne r8, sp, r0, r8",1
"andeq r2, r0, r3, lsr r4",1
"smlatbne r8, lr, r0, r8",1
"andeq r1, r0, r0, lsr 28",1
"smlatbne r8, pc, r0, r8",1
"strdeq r2, r3, [r0], -ip",1
"strhne r8, [r8, -r0]",1
"andeq r1, r0, sl, ror 15",1
"strhne r8, [r8, -r1]",1
"andeq r1, r0, r1, lsl 12",1
"strhne r8, [r8, -r2]",1
"muleq r0, r0, r1",1
"strhne r8, [r8, -r3]",1
"andeq r1, r0, r5, asr 30",1
"strhne r8, [r8, -r4]",1
"andeq r1, r0, sl, lsl 22",1
"strhne r8, [r8, -r5]",1
"andeq r1, r0, r2, asr pc",1
"strhne r8, [r8, -r6]",1
"andeq r1, r0, pc, asr pc",1
"strhne r8, [r8, -r7]",1
"andeq r1, r0, ip, ror 30",1
"strhne r8, [r8, -r8]",1
"andeq r1, r0, sb, ror pc",1
"strhne r8, [r8, -sb]",1
"andeq r1, r0, r6, lsl 31",1
"strhne r8, [r8, -sl]",1
"andeq r1, r0, pc, lsl r3",1
"strhne r8, [r8, -fp]",1
"andeq r1, r0, r5, lsl 3",1
"strhne r8, [r8, -ip]",1
"andeq r1, r0, sl, lsr 6",1
"strhne r8, [r8, -sp]",1
"andeq r1, r0, r5, lsr r3",1
"strhne r8, [r8, -lr]",1
"andeq r1, r0, r0, asr 6",1
"strhne r8, [r8, -pc]",1
"andeq r1, r0, fp, asr 6",1
"smlabtne r8, r0, r0, r8",1
"andeq r1, r0, r6, asr r3",1
"smlabtne r8, r1, r0, r8",1
"andeq r1, r0, r5, lsr 3",1
"smlabtne r8, r2, r0, r8",1
"strheq r1, [r0], -r2",1
"smlabtne r8, r3, r0, r8",1
"strheq r1, [r0], -pc",1
"smlabtne r8, r4, r0, r8",1
"andeq r1, r0, ip, asr 3",1
"smlabtne r8, r5, r0, r8",1
"ldrdeq r1, r2, [r0], -sb",1
"smlabtne r8, r6, r0, r8",1
"andeq r1, r0, r6, ror 3",1
"smlabtne r8, r7, r0, r8",1
"strdeq r1, r2, [r0], -r3",1
"smlabtne r8, r8, r0, r8",1
"andeq r1, r0, r0, lsl 4",1
"smlabtne r8, sb, r0, r8",1
"andeq r1, r0, sp, lsl 4",1
"smlabtne r8, sl, r0, r8",1
"andeq r2, r0, sp, lsr r1",1
"smlabtne r8, fp, r0, r8",1
"andeq r2, r0, fp, asr 2",1
"smlabtne r8, ip, r0, r8",1
"andeq r2, r0, sb, asr r1",1
"smlabtne r8, sp, r0, r8",1
"andeq r1, r0, r2, ror 28",1
"smlabtne r8, lr, r0, r8",1
"andeq r1, r0, sp, ror 28",1
"smlabtne r8, pc, r0, r8",1
"andeq r1, r0, r8, ror lr",1
"ldrdne r8, sb, [r8, -r0]",1
"andeq r1, r0, r3, lsl 29",1
"ldrdne r8, sb, [r8, -r1]",1
"andeq r1, r0, r2, lsl r7",1
"ldrdne r8, sb, [r8, -r2]",1
"andeq r1, r0, sb, lsr 14",1
"ldrdne r8, sb, [r8, -r3]",1
"andeq r1, r0, r4, lsr r7",1
"ldrdne r8, sb, [r8, -r4]",1
"andeq r1, r0, pc, lsr r7",1
"ldrdne r8, sb, [r8, -r5]",1
"andeq r1, r0, fp, asr r7",1
"ldrdne r8, sb, [r8, -r6]",1
"muleq r0, lr, r0",1
"ldrdne r8, sb, [r8, -r7]",1
"andeq r1, r0, sl, lsr 1",1
"ldrdne r8, sb, [r8, -r8]",1
"strheq r1, [r0], -r6",1
"ldrdne r8, sb, [r8, -sb]",1
"andeq r1, r0, r8, ror 27",1
"ldrdne r8, sb, [r8, -sl]",1
"andeq r1, r0, r5, ror 20",1
"ldrdne r8, sb, [r8, -fp]",1
"andeq r1, r0, r2, lsl r3",1
"ldrdne r8, sb, [r8, -ip]",1
"ldrdeq r2, r3, [r0], -r0",1
"ldrdne r8, sb, [r8, -sp]",1
"andeq r1, r0, lr, asr 19",1
"ldrdne r8, sb, [r8, -lr]",1
"andeq r2, r0, r5, ror 12",1
"ldrdne r8, sb, [r8, -pc]",1
"ldrdeq r1, r2, [r0], -r5",1
"smlattne r8, r0, r0, r8",1
"andeq r2, r0, lr, lsr 8",1
"smlattne r8, r1, r0, r8",1
"andeq r1, r0, fp, lsl lr",1
"smlattne r8, r2, r0, r8",1
"strdeq r2, r3, [r0], -r7",1
"smlattne r8, r3, r0, r8",1
"andeq r1, r0, r5, ror 15",1
"smlattne r8, r4, r0, r8",1
"andeq r2, r0, lr, lsl r7",1
"smlattne r8, r5, r0, r8",1
"andeq r1, r0, r8, asr sb",1
"smlattne r8, r6, r0, r8",1
"andeq r1, r0, fp, lsl sp",1
"smlattne r8, r7, r0, r8",1
"andeq r1, r0, r7, asr 1",1
"smlattne r8, r8, r0, r8",1
"andeq r1, r0, lr, ror 7",1
"smlattne r8, sb, r0, r8",1
"andeq r1, r0, r1, lsl 9",1
"smlattne r8, sl, r0, r8",1
"strdeq r1, r2, [r0], -r4",1
"smlattne r8, fp, r0, r8",1
"andeq r1, r0, sl, lsr 5",1
"smlattne r8, ip, r0, r8",1
"andeq r1, r0, r5, lsr 5",1
"smlattne r8, sp, r0, r8",1
"andeq r1, r0, r1, lsr r1",1
"smlattne r8, lr, r0, r8",1
"andeq r1, r0, r6, ror 4",1
"smlattne r8, pc, r0, r8",1
"andeq r1, r0, lr, lsl ip",1
"smlabbne ip, r0, r0, r8",1
"andeq r1, r0, r6, ror 13",1
"smlabbne ip, r1, r0, r8",1
"strheq r2, [r0], -ip",1
"smlabbne ip, r2, r0, r8",1
"strheq r1, [r0], -r4",1
"smlabbne ip, r3, r0, r8",1
"muleq r0, ip, r7",1
"smlabbne ip, r4, r0, r8",1
"andeq r1, r0, r1, lsr 16",1
"smlabbne ip, r5, r0, r8",1
"andeq r1, r0, sp, ror 22",1
"smlabbne ip, r6, r0, r8",1
"andeq r1, r0, lr, ror fp",1
"smlabbne ip, r7, r0, r8",1
"andeq r1, r0, pc, lsl 23",1
"smlabbne ip, r8, r0, r8",1
"andeq r1, r0, sb, asr 9",1
"smlabbne ip, sb, r0, r8",1
"andeq r1, r0, r8, asr fp",1
"smlabbne ip, sl, r0, r8",1
"andeq r1, r0, r6, ror 14",1
"smlabbne ip, fp, r0, r8",1
"andeq r1, r0, sb, asr 5",1
"smlabbne ip, ip, r0, r8",1
"muleq r0, sp, sp",1
"smlabbne ip, sp, r0, r8",1
"andeq r1, r0, sp, asr 25",1
"smlabbne ip, lr, r0, r8",1
"andeq r1, r0, pc, ror 29",1
"smlabbne ip, pc, r0, r8",1
"andeq r1, r0, fp, asr 23",1
"swpne r8, r0, [ip]",1
"andeq r2, r0, fp, lsr r3",1
"swpne r8, r1, [ip]",1
"andeq r2, r0, r7, rrx",1
"swpne r8, r2, [ip]",1
"strdeq r1, r2, [r0], -pc",1
"swpne r8, r3, [ip]",1
"andeq r1, r0, r5, asr 17",1
bne 0xfedd0d0c,1
"mrsne r0, apsr",1
"strdeq r1, r2, [r0], -r4",1
"andshs r1, sp, 0x80000000",1
"mrsne r0, apsr",1
"andeq r1, r0, r3, lsl 20",1
invalid,1
"mrsne r0, apsr",1
"andeq r1, r0, r2, lsl sl",1
bne 0x850d48,1
"mrsne r0, apsr",1
"andeq r1, r0, r0, lsr sl",1
bne 0xfd0d5c,1
"mrsne r0, apsr",1
"andeq r1, r0, fp, lsr 18",1
svcne 0xc9110a,1
"mrsne r0, apsr",1
"andeq r2, r0, r8, ror 3",1
"ldclne p1, c1, [r5], 0x30",1
"mrsne r0, apsr",1
"andeq r1, r0, r7, asr r1",1
"ldcne p1, c1, [r0, 0x38]",1
invalid,1
"andeq r1, r0, sp, ror 11",1
invalid,1
"tstne r0, r0",1
"strdeq r2, r3, [r0], -r0",1
"ldmne r5, {r0, r4, r8, ip}",1
"tstne r2, r0",1
"andeq r2, r0, ip, ror 1",1
"strbhs r1, [ip, 0x113]!",1
"tstne r4, r0",1
"strheq r1, [r0], -r7",1
invalid,1
"tstne r6, r0",1
"andeq r1, r0, lr, asr 20",1
"qadd16hs r1, pc, r7",1
"tstne r8, r0",1
"andeq r1, r0, sb, asr 21",1
"sbcshs r1, r5, sb, lsl r1",1
"tstne sl, r0",1
"strdeq r1, r2, [r0], -r3",1
invalid,1
"tstne ip, r0",1
"andeq r1, r0, r7, lsl fp",1
svcne 0xdd111d,1
"tstne lr, r0",1
"strdeq r1, r2, [r0], -pc",1
"subshs r1, r7, 0xc0000007",1
invalid,1
"andeq r1, r0, r6, lsl r5",1
"addhs r1, r2, 0x40000008",1
invalid,1
"andeq r1, r0, r0, asr r5",1
"adcshs r1, r1, 0xc0000008",1
invalid,1
"ldrdeq r1, r2, [r0], -r6",1
"rschs r1, r0, 0x40000009",1
invalid,1
"andeq r1, r0, sl, lsl r6",1
"movwhs r1, 0x8127",1
invalid,1
"andeq r1, r0, pc, asr 13",1
"ldrhs r1, [r7], -0x129",1
invalid,1
"strdeq r1, r2, [r0], -fp",1
"ldrths r1, [sp], -0x12b",1
invalid,1
"andeq r1, r0, sl, ror r7",1
"ldrbths r1, [lr], -0x12d",1
invalid,1
"andeq r1, r0, lr, asr 15",1
"ldrhs r1, [r5], 0x12f",1
"teqne r0, r0",1
"andeq r1, r0, sl, lsl 16",1
"ldrbhs r1, [sb], 0x131",1
"teqne r2, r0",1
"muleq r0, r3, pc",1
"orrne r1, r4, 0xc000000c",1
"teqne r4, r0",1
"strheq r1, [r0], -r2",1
"bicne r1, r3, 0x4000000d",1
"teqne r6, r0",1
"andeq r2, r0, r4, lsl r0",1
"strne r1, [r5], -0x137",1
"teqne r8, r0",1
"andeq r2, r0, r0, asr r0",1
"strtne r1, [r5], -0x139",1
"teqne sl, r0",1
"strheq r2, [r0], -lr",1
"strbne r1, [sl], -0x13b",1
"teqne ip, r0",1
"strheq r1, [r0], -r2",1
"ldmibne fp, {r0, r2, r3, r4, r5, r8, ip}",1
"teqne lr, r0",1
"strheq r1, [r0], -sl",1
"rsbsne r1, r6, 0xc000000f",1
"sbceq r0, r0, r0",1
"andseq sl, r5, r1, lsl r5",1
invalid,1
"andeq r1, r0, lr, ror r5",1
"tstvs r1, r2, asr 1",1
"movwgt r0, 0x13",1
"ldmdane r3, {r8, ip} ^",1
"sbceq r0, r4, r0",1
"eoreq r7, r0, r1, lsl fp",1
invalid,1
"strheq r2, [r0], -r0",1
"ldchi p0, c0, [r1, -0x318]",1
"smladgt r0, sl, r0, r0",1
"cmphs r1, 0, 2",1
"sbceq r0, r8, r0",1
"eoreq r6, r3, r1, lsl r7",1
invalid,1
"andeq r2, r0, sp, ror r3",1
"tstls r1, 0xca",1
blgt 0xcb68,1
invalid,1
"sbceq r0, ip, r0",1
"eoreq fp, r3, r1, lsl pc",1
invalid,1
"ldrdeq r2, r3, [r0], -r5",1
bl 0x44ce2c,1
svcgt 0x23,1
"strhs r1, [r1], -0x100",1
"sbcseq r0, r0, r0",1
"andseq r4, sb, r1, lsl r1",1
invalid,1
"andeq r1, r0, r7, ror 10",1
"ldcvs p0, c0, [r1, -0x348]",1
"movwle r0, 0x19",1
"stmibne r4, {r8, ip}",1
"sbcseq r0, r4, r0",1
"andseq fp, r5, r1, lsl pc",1
invalid,1
"andeq r1, r0, r5, ror r6",1
invalid,1
"andhi r0, r0, sp, lsl r0",1
svchs 0x111080,1
invalid,1
"tstlo r1, r0, lsl 1",1
"andhi r0, r0, 0x16",1
"ldmdblo r1, {r7, ip}",1
"movwhi r0, 0x27",1
"ldr r1, [r1], -r0, lsl 1",1
"strhi r0, [r0], -0x1c",1
"cdphi p0, 1, c1, c1, c0, 4",1
"strhi r0, [r0, -0x1e]",1
blvc 0x450d5c,1
invalid,1
"tsteq r1, 0x80",1
"strhi r0, [r0, -r6, lsr 32]",1
"ldrvc r1, [r1], -r0, lsl 1",1
"stmdahi r0, {r0, r2, r3, r4}",1
invalid,1
"stmdbhi r0, {r0, r1, r2, r5}",1
"ldcvs p0, c1, [r1, -0x200]",1
bhi 0xcc10,1
invalid,1
blhi 0xcc18,1
"ldrvs r1, [r1], -0x80",1
invalid,1
"andsge r1, r1, r0, lsl 1",1
"stchi p0, c0, [r0, -0x6c]",1
invalid,1
"mcrhi p0, 0, r0, c0, c4, 0",1
invalid,1
svchi 0x17,1
blmi 0x450dac,1
"andls r0, r0, ip, lsl r0",1
"andsmi r1, r1, 0x80",1
invalid,1
"cdpvs p0, 1, c1, c1, c0, 4",1
"andls r0, r0, 0x22",1
"tstlo r1, r0, lsl 1",1
"movwls r0, 0x1d",1
invalid,1
"strls r0, [r0], -0x21",1
bllt 0x450dd4,1
"strls r0, [r0, -0x1c]",1
"ldrlo r1, [r1, -r0, lsl 1]",1
invalid,1
"ldrhs r1, [r1], -0x80",1
"smladls r0, pc, r0, r0",1
"ldc2 p0, c1, [r1, -0x200]",1
"stmdals r0, {r0, r1, r3, r4}",1
invalid,1
"stmdbls r0, {r2, r5}",1
"ldrmi r1, [r1, -0x80]",1
bls 0xcc58,1
bvs 0x450e04,1
blls 0xcca4,1
"ands r1, r1, r0, lsl 1",1
invalid,1
blge 0x450e14,1
"stcls p0, c0, [r0, -0x84]",1
"andshs r1, r1, 0x80",1
"mcrls p0, 0, r0, c0, c2, 0",1
"ldrmi r1, [r1], -r0, lsl 1",1
svcls 0x1d,1
invalid,1
"andge r0, r0, r6, lsl r0",1
"ands r1, r1, 0x80",1
invalid,1
"ldcmi p0, c1, [r1, -0x200]",1
"andge r0, r0, 0x27",1
blgt 0x450e44,1
"movwge r0, 0x21",1
"cdpgt p0, 1, c1, c1, c0, 4",1
"strge r0, [r0], -0x1e",1
"tstls r1, r0, lsl 1",1
"strge r0, [r0, -0x17]",1
"tst r1, r0, lsl 1",1
invalid,1
"ldrhi r1, [r1], -r0, lsl 1",1
"strge r0, [r0, -r5, lsr 32]",1
"ldmdals r1, {r7, ip}",1
"stmdage r0, {r2, r4}",1
"ldrne r1, [r1, -0x80]",1
"stmdbge r0, {r1, r2, r5}",1
"cdple p0, 1, c1, c1, c0, 4",1
bge 0xccc0,1
"ldc2 p0, c1, [r1, -0x200]",1
blge 0xcce8,1
svcne 0x111080,1
invalid,1
"andsls r1, r1, r0, lsl 1",1
"stcge p0, c0, [r0, -0x48]",1
"tst r1, 0x80",1
"cdpge p0, 0, c0, c0, c7, 1",1
"ldrls r1, [r1, -0x80]",1
"andhi r0, r0, r0, lsr 32",1
"ldrgt r0, [r1], -0x480",1
"andhi r0, r0, lr, lsl r0",1
blne 0x44deb4,1
invalid,1
bne 0x44debc,1
invalid,1
invalid,1
"andhi r0, r0, 0x28",1
"tstvc r1, r0, lsl 9",1
"movwhi r0, 0x18",1
invalid,1
"strhi r0, [r0], -0x1f",1
"ldrhi r0, [r1], -0x480",1
"strhi r0, [r0, -0x1d]",1
beq 0x44dee4,1
"strhi r0, [r0], -r2, lsr 32",1
"ldmdagt r1, {r7, sl}",1
"andhi r0, r0, r2, lsr 32",1
invalid,1
invalid,1
"ldrmi r1, [r1, -r0, lsl 9]",1
"andhi r0, r0, 0x20",1
"ldreq r1, [r1, -r0, lsl 9]",1
"movwhi r0, 0x28",1
"ldreq r1, [r1], -r0, lsl 9",1
"strhi r0, [r0], -0x1e",1
invalid,1
"strhi r0, [r0, -0x15]",1
svceq 0x111480,1
"andhi r0, r0, r8, lsr 32",1
blls 0x453f24,1
invalid,1
"andslt r1, r1, 128, 24",1
"andhi r0, r0, 0x1e",1
beq 0x453f34,1
"movwhi r0, 0x1d",1
"ldrge r1, [r1, -0xc80]",1
"andhi r0, r0, sl, lsl r0",1
"tstmi r1, r0, lsl 1",1
invalid,1
"ldcle p0, c2, [r1, -0x200]",1
"andhi r0, r0, 0x14",1
bhi 0x454f54,1
"movwhi r0, 0x27",1
"ldrmi r2, [r1], -0x80",1
"strhi r0, [r0], -0x1e",1
"cdp p0, 1, c2, c1, c0, 4",1
"strhi r0, [r0, -0x14]",1
blls 0x454f6c,1
invalid,1
"cdpge p0, 1, c2, c1, c0, 4",1
"smladhi r0, fp, r0, r0",1
"ldmdbvc r1, {r7, sp}",1
"andhi r0, r0, r1, lsr 32",1
"ldrpl r2, [r1], -0x480",1
invalid,1
"ldmdane r1, {r7, sl, sp}",1
"andhi r0, r0, 0x25",1
blhi 0x455f94,1
"movwhi r0, 0x1c",1
"tstge r1, 128, 8            ; 0x80",1
"strhi r0, [r0], -0x1c",1
"tstlo r1, r0, lsl 9",1
"strhi r0, [r0, -0x25]",1
"ldmdbls r1, {r7, sl, sp}",1
"strhi r0, [r0], -r2, lsr 32",1
blhs 0x455fb4,1
"smladhi r0, lr, r0, r0",1
svchi 0x112480,1
"stmdahi r0, {r1, r2, r5}",1
"cdpgt p4, 1, c2, c1, c0, 4",1
"stmdbhi r0, {r1, r2, r5}",1
"ldmdalt r1, {r7, sl, sp}",1
bhi 0xce68,1
"ldrlt r2, [r1], -0x480",1
blhi 0xce28,1
"cdpls p4, 1, c2, c1, c0, 4",1
invalid,1
"ldrge r2, [r1, -0x480]",1
"stchi p0, c0, [r0, -0x98]",1
"ldrhi r2, [r1], -0x480",1
"andhi r0, r0, r0, lsl r0",1
"tstlo r1, r0, lsl 17",1
invalid,1
bgt 0x456ffc,1
"andhi r0, r0, 0x27",1
"ldreq r2, [r1], -r0, lsl 17",1
"movwhi r0, 0x21",1
"tstmi r1, r0, lsl 17",1
"strhi r0, [r0], -0x22",1
"ldrhi r2, [r1], -r0, lsl 17",1
"strhi r0, [r0, -0x16]",1
"andsge r2, r1, r0, lsl 17",1
"andhi r0, r0, r5, lsr 32",1
blge 0x458024,1
invalid,1
"ldceq p12, c2, [r1, -0x200]",1
"andhi r0, r0, 0x1f",1
"ldrge r2, [r1, -0xc80]",1
"andhi r0, r0, r0, lsr 32",1
"ldrvc r3, [r1, -0x80]",1
invalid,1
"ldmdble r1, {r7, ip, sp}",1
"andhi r0, r0, 0x19",1
"andsls r3, r1, r0, lsl 1",1
"movwhi r0, 0x21",1
"ldrmi r3, [r1, -0x80]",1
"strhi r0, [r0], -0x12",1
bne 0x45905c,1
"strhi r0, [r0, -0x11]",1
"tstvs r1, r0, lsl 1",1
invalid,1
"andshs r3, r1, r0, lsl 1",1
"strhi r0, [r0, -r8, lsr 32]",1
"ldmdbmi r1, {r7, ip, sp}",1
"stmdahi r0, {r0, r2, r5}",1
blhs 0x45907c,1
"stmdbhi r0, {r5}",1
blx 0x459086,1
bhi 0xcec8,1
"ldrvs r3, [r1], -r0, lsl 1",1
blhi 0xcf24,1
svcpl 0x113080,1
invalid,1
"ldreq r3, [r1], -r0, lsl 1",1
"stchi p0, c0, [r0, -0x9c]",1
"tstvc r1, r0, lsl 1",1
"mcrhi p0, 0, r0, c0, c10, 0",1
bge 0x4590ac,1
svchi 0x18,1
"tst r1, 0x80",1
"andls r0, r0, r8, lsl r0",1
"ldrmi r3, [r1, -r0, lsl 1]",1
invalid,1
"movwne r3, 0x80",1
"andeq sb, r5, r1, lsl 6",1
"teqeq r0, r0, lsl 4",1
"muleq r0, r3, r0",1
"stceq p1, c0, [sb, -0xc]!",1
invalid,1
"andeq r0, r0, 1",1
"andeq sb, r0, r0, lsr r3",1
"orreq r1, r7, r0, lsl 8",1
"andlo r0, r2, r0",1
"strdeq r0, r1, [r0], -sl",1
"andeq sp, r4, r4, lsl sb",1
"eorsge r0, r0, 0, 4",1
"andeq r0, r0, r0",1
"ldmne r0, {r0, r1, r4, r8}",1
invalid,1
"andeq r4, r0, r1, lsl 30",1
"strpl r0, [r1], -0x300",1
"strne r0, [r0], -0xd",1
"andeq r0, r0, sl, asr 2",1
"rsceq r2, pc, 0xc000",1
"ldcpl p0, c0, [r4, -0]",1
"movweq r0, 0x26",1
"andeq r4, r0, sb, lsr 30",1
"strne r1, [r0], -r0, lsl 10",1
"eoreq sp, r2, r1, lsl 4",1
"teqeq pc, r0, lsl 8",1
"andeq r0, r0, pc, asr 32",1
"andeq r7, sp, r3, lsl 4",1
svcne 0x81400,1
svclo 0x40000,1
"andeq r0, r0, r2, ror sp",1
"stcge p6, c0, [r4, -0]",1
"movwne r0, 0",1
"eoreq r1, r5, r1, lsl 2",1
invalid,1
"muleq r0, r5, r0",1
"stceq p1, c0, [r2, 0xc]!",1
invalid,1
"andeq r0, r0, 1",1
"andeq sb, r0, r6, ror 10",1
"orreq r1, r7, r0, lsl 8",1
"strvs r0, [r2], -r0",1
"andeq r0, r0, pc, ror 5",1
"bicsne r1, sl, 0, 14",1
blvc 0x4cf78,1
"andeq lr, r2, r1, lsl 30",1
"cdpeq p1, 7, c0, c8, c0, 0",1
"tstvs r8, 0",1
"stcvc p0, c0, [r1, -0x1c0]",1
"andeq r0, r0, pc, ror 5",1
"stmdbvs r4!, {r0, r3, r4, fp, ip} ^",1
"movwhi r0, 0x1072",1
"andeq r0, r0, pc, ror 5",1
"andeq r8, r5, sl, lsl lr",1
svc 0x840100,1
bne 0xcfac,1
"andeq r0, r0, sb, lsl r7",1
"addseq r8, r5, r1, lsl 10",1
"ldreq r0, [fp], -r0",1
bne 0xcfec,1
"andeq r1, r0, sl, lsr 31",1
"adceq r8, r2, r1, lsl 30",1
"ldrls r0, [sl, -r0]",1
invalid,1
"muleq r0, r0, r2",1
"ldrbhs r1, [fp, 0xa00]",1
"mrsls r0, apsr",1
"andeq r0, r0, pc, asr 32",1
"ldrvs r1, [r8], -r0, lsl 18",1
invalid,1
"andeq r0, r0, pc, asr 32",1
"rsbvc r1, r6, sb, lsl r8",1
"adcsvc r0, r1, 0, 2",1
"stmdbne r0, {r0, r2, r3}",1
"andseq r6, sp, sl, lsl lr",1
"ldrls r0, [sp, 0x100]!",1
bne 0xcff8,1
"andeq r1, r0, lr, lsr 22",1
"adceq fp, r2, r1, lsl 28",1
invalid,1
"andgt r0, r1, 0x63",1
"andeq r0, r0, pc, asr 32",1
"andseq sb, sp, sl, lsl r8",1
"stmvc r3, {r8} ^",1
bne 0xd050,1
"andeq r1, r0, r2, asr 1",1
"cdpeq p4, 7, c12, c8, c1, 0",1
invalid,1
"strgt r0, [r1, -0x31]",1
"andeq r0, r0, r2, lsr 1",1
"eorseq r6, r2, r8, lsl ip",1
"adceq ip, r2, r1, lsl 10",1
bvs 0x68d038,1
invalid,1
"andeq sb, r0, r6, asr 11",1
"andeq r0, r0, r0",1
bleq 0xd048,1
"muleq r0, fp, r0",1
"andeq r0, r0, r8, lsl 29",1
"andeq r8, r0, ip, lsl 24",1
invalid,1
"andeq r7, sp, r1, lsl 24",1
invalid,1
"andeq lr, r2, r1, lsl 30",1
"adcseq ip, fp, r0, lsl 24",1
"adcseq r1, pc, r0",1
"eorseq r7, fp, r0, lsl 20",1
invalid,1
svcne 0x1d0000,1
invalid,1
"rsceq r0, pc, 108, 2",1
bllo 0xfe9cd084,1
"ldr r0, [sp], -r0",1
invalid,1
"rsceq r0, pc, 0x4000001b",1
invalid,1
"andsge r0, lr, 0",1
invalid,1
invalid,1
invalid,1
"adcne r0, ip, 0x60000001",1
"andshs r0, pc, r0",1
"andhs r0, r0, r7",1
"strheq r0, [r0], -r3",1
"andeq r3, r0, r4, asr 24",1
"adcseq r8, ip, r1, lsr 16",1
"adcseq r1, pc, r0",1
"ldceq p0, c2, [lr, 0]!",1
"ldclo p0, c0, [r3], {0}",1
"strtle r0, [r0], -0",1
"strgt r0, [r0, -sp]",1
"andhs r0, r0, 0x3c",1
"andeq r0, r0, sb, asr 27",1
blgt 0xe0dcf4,1
"orrshs r0, pc, 0",1
"andeq r0, r0, r8, asr 14",1
"strdeq r0, r1, [r0], -r4",1
"andeq lr, sp, r0, lsr 8",1
"eorseq r0, sp, r0, lsl 12",1
"ldcleq p0, c2, [sl, 0]!",1
"ldclo p0, c0, [sb, -0]",1
svc 0x200000,1
"andmi r0, r0, 0xd",1
"strhs r0, [r0], -0x3d",1
"strdeq r0, r1, [r0], -r4",1
"ldrdeq fp, ip, [r0], -r0",1
"ldrdeq fp, ip, [r0], -ip",1
svceq 0x7f9501,1
"stcne p0, c0, [r5, -0]!",1
"strpl r0, [r0], -sp",1
"strhs r0, [r0, -0x3d]",1
"andeq r0, r0, r2, lsl sp",1
"andeq r3, r0, sb, ror 26",1
"andeq r0, sp, r5, lsr 14",1
"eorseq r7, sp, r0, lsl 24",1
"ldcllt p6, c2, [ip], {0}",1
"cmpne sb, 0",1
invalid,1
"rsbseq r0, sl, r2, asr r2",1
"subseq r0, r1, 0xc0000009",1
invalid,1
"rsbseq r0, r8, r0, asr r2",1
"vld4.8 {d0, d1, d2, d3}, [r4], r0",1
"stmda r0, {r2, r3}",1
invalid,1
"strheq r0, [r0, -ip]",1
"muleq pc, r8, pc",1
"ldceq p5, c2, [r2, -0]",1
"ldclo p0, c0, [r0, 0]!",1
"streq r0, [r5, -r0]!",1
"stmda r0, {r0, r2, r3}",1
"strhs r0, [r0, -0x3d]",1
"andeq r0, r0, sp, lsl sp",1
"andeq r3, r0, fp, lsr 28",1
"adcseq pc, ip, r6, lsr 16",1
"andseq r5, r3, r0, lsl 18",1
"andpl r2, r1, 0, 14",1
invalid,1
"stmdalo r3, {r0, r4, r6, r8, sl}",1
"strhs r0, [r0, -fp, asr 1]",1
"stmdavc r5, {r0, ip, lr}",1
"andhs r7, r0, 0, 22",1
invalid,1
bvc 0xd494,1
"movw r0, 0x13",1
"strhs r0, [r0, -pc]",1
"strvc r5, [r2, -1]",1
invalid,1
"movwls r0, 0xbc",1
"smladhs r0, r3, r0, r0",1
blvc 0xa11c4,1
"movwhs r0, 0xe",1
"andeq r0, r0, r8, ror 14",1
"muleq r0, r6, r2",1
"andeq r0, lr, r2, lsr 14",1
"ldrbhs r0, [sl], -0x100",1
"andeq r0, r0, sb, lsr 26",1
"strdeq fp, ip, [r0], -r8",1
"andeq fp, r0, r4, lsl 26",1
"subne sl, r1, r1, lsl 20",1
"strmi r0, [r5, -r0]!",1
"strpl r0, [r0, -sp]",1
"strhs r0, [r0, -0x3e]",1
"andeq r0, r0, ip, lsr sp",1
"andeq r3, r0, sb, lsl 29",1
"adcseq r0, sp, r6, lsr 8",1
"andseq sl, r3, r0, lsl 24",1
invalid,1
"andhi r0, r0, r3, lsl 20",1
"subseq r0, r0, 0xc0000009",1
"andeq r0, r0, r8, ror r0",1
"andeq r8, r7, r3, lsr 16",1
"andseq r8, r2, r0, lsl 10",1
"cdpeq p0, 1, c2, c2, c0, 0",1
"cdplo p0, 0xb, c0, c2, c0, 0",1
invalid,1
"strpl r0, [r0, -r7]",1
"andhs r0, r0, r2, lsl r0",1
"andeq r0, r0, sp, lsl lr",1
"strdeq r3, r4, [r0], -ip",1
"andeq r2, lr, r0, lsr 16",1
"eorseq r7, pc, r0, lsl 6",1
"strbeq r2, [r8, r0, lsl 6]",1
"eorsne r0, r2, 0",1
"strtlo r0, [sb], -0",1
"andhs r0, r0, 0xe",1
"andeq r0, r0, sp, lsr lr",1
"cdpvc p1, 0xf, c9, c0, c3, 0",1
"andeq r4, lr, r2, lsr 16",1
"ldrge r0, [r1], 0x300",1
"mrceq p0, 2, r2, c3, c15, 3",1
svclo 0xbe0000,1
"stcpl p0, c0, [r0, -0]!",1
"vhadd.s8 d0, d0, d14",1
"andhs r0, r0, pc, lsr r0",1
"andeq r0, r0, r7, ror 28",1
"andeq r4, r0, r6, lsr 32",1
"andeq r5, sp, sl, lsr 8",1
"adcseq r2, sp, r0",1
"andeq pc, r7, r0",1
"strble r0, [r8], r0, lsl 2",1
"strhs r0, [r0, -0x10]",1
"andeq r0, r0, r6, ror 26",1
"andeq r4, r0, pc, asr 32",1
"adcseq sp, lr, r6, lsr 16",1
"andseq ip, r3, r0, lsl 28",1
"andpl r2, r1, r0, lsl 14",1
"andeq r7, r0, r2, lsl 10",1
"ldcleq p4, c2, [r8, -0]!",1
"stcllt p0, c0, [r8]",1
"ldcllt p0, c0, [r4]",1
"cdp p0, 0, c0, c1, c0, 0",1
"andeq r1, r0, fp, lsl r1",1
"andeq sb, sp, r5, lsr 12",1
"subeq r7, r0, r0, lsl 16",1
"stceq p5, c2, [fp]",1
"adcmi r0, r7, r0",1
"strtle r0, [r6], -0",1
"stc p0, c0, [r0, -0x2f4]",1
"smladhs r0, r3, r0, r0",1
"mrsls r5, apsr",1
"smulwteq r7, r8, lr",1
"rsbseq r0, sb, r0, asr sl",1
blvc 0x88d4b4,1
"ldcne p12, c1, [r2], -0",1
invalid,1
"stmdale r0, {r0, r2, r3}",1
invalid,1
"strheq r0, [r0, -sp]",1
"andseq r5, r1, pc, ror 27",1
"ldceq p5, c2, [r6]",1
"sbcsmi r0, sb, r0",1
blhi 0x94d308,1
"stmdaeq r0, {r0, r2, r3}",1
"strhs r0, [r0], -r1, asr 32",1
"andeq fp, r0, r4, ror 27",1
"andeq r1, r0, sp, ror 7",1
"cmpeq r1, 0xc0000009",1
invalid,1
"stmdbvc r7, {r0, ip, lr}",1
"andhs r7, r0, 0, 8",1
"andeq r1, r0, r1, lsr ip",1
"andeq r5, sp, sl, lsr 8",1
"adcseq lr, sp, r0, lsl 24",1
"andeq r0, r8, r0, lsl 16",1
bhi 0xff44d73c,1
"strhs r0, [r0, -0x11]",1
"andeq r0, r0, r6, ror 26",1
"andeq r4, r0, r2, lsr 2",1
"adcseq lr, lr, r6, lsr 24",1
"andseq ip, r3, r0, lsl 28",1
"andpl r2, r1, r0, lsl 14",1
"andeq r7, r0, r2, lsl 10",1
"ldcllt p8, c2, [r8, -0]",1
"strne r0, [lr], -0",1
"orrsne r0, lr, r0",1
invalid,1
"rsbseq r0, r5, r1, asr r2",1
"stcllt p8, c2, [ip, -0]!",1
"strtne r0, [ip], -0",1
"bicne r0, sb, r0",1
invalid,1
"ldcls p3, c0, [r1], {0x53}",1
"andpl r2, r1, 0x1fc0000",1
"cdpvc p1, 0xe, c9, c8, c3, 0",1
"ldrbeq r0, [r1, -0x127]",1
"sbceq r4, fp, r3, lsl 24",1
"andpl r2, r1, r0, lsl 14",1
"andeq r7, r0, r2, lsl 10",1
"adcseq r7, sp, r8, lsr 24",1
"andseq r7, r3, r0, lsl 20",1
"andseq sp, r1, r0, lsl 28",1
"andpl r2, r1, r0, lsl 14",1
"cdpvc p1, 0xe, c9, c8, c3, 0",1
"stclt p8, c2, [r8]",1
"cmnne sl, 0",1
invalid,1
invalid,1
"ldcls p3, c0, [r1], {0x50}",1
"strtge r0, [r8], -0x7f",1
"movwls r0, 0xbd",1
"smladeq r0, r3, r0, r0",1
"smladhs r0, r2, r0, r0",1
bvc 0xa13d8,1
"eorls r0, r8, r3",1
blmi 0xd6d4,1
invalid,1
"smladhs r0, r2, r0, r0",1
bvc 0xa17ec,1
"andpl r2, r1, r3, lsl 14",1
"andeq r7, r0, r2, lsl 8",1
"adcseq ip, lr, r6, lsr 32",1
"andseq r6, r4, r0, lsl 18",1
"andpl r2, r1, r0, lsl 14",1
"andeq r7, r0, r2, lsl 8",1
"cdplt p8, 2, c2, c4, c0, 0",1
"ldrbtne r0, [lr], -0",1
"subne r0, r6, 0",1
invalid,1
"rsbseq r0, r5, r0, asr r2",1
"cdplt p6, 0xc, c2, c8, c0, 0",1
"ldrbtne r0, [lr], -0",1
invalid,1
"rsbseq r0, r5, r0, asr r2",1
"strtne r0, [r8], -0",1
invalid,1
"strvc r0, [r0], -0x14",1
"smladhs r0, r2, r0, r0",1
"movweq r5, 0x5101",1
"andeq ip, r0, r8, asr 22",1
"subseq r0, r0, 0xc0000009",1
invalid,1
"andeq fp, r0, r0, ror lr",1
"strheq r1, [r0], -r5",1
"subseq r0, r0, 0xc0000009",1
"andeq r0, r0, sl, ror r0",1
"adcseq r3, lr, r6, lsr 24",1
"andseq r6, r4, r0, lsl 18",1
"andpl r2, r1, r0, lsl 14",1
"andeq r7, r0, r2, lsl 16",1
"ldclt p6, c2, [r0], {0}",1
"strbne r0, [lr], 0",1
invalid,1
"stmdahs r3, {r4, r6, r8, sl}",1
"andeq r0, r0, fp, asr 1",1
blhs 0xd47c,1
"andeq fp, r0, r0, lsr ip",1
"andeq fp, r0, ip, lsr ip",1
"andeq r1, r0, r8, ror 5",1
"andseq r3, r8, ip, lsr 16",1
"andseq r0, sb, 0, 2",1
"andeq r0, r0, r2, lsr 1",1
"andseq r7, r4, ip, lsr 16",1
"andseq r0, sb, 0, 2",1
"andeq r0, r0, r2, lsr 1",1
"adcseq r3, ip, r6, lsr 24",1
"andseq lr, r4, r0, lsl 14",1
invalid,1
"strhs r7, [r0, -r2, lsl 8]",1
"strvc r5, [r2], -r1",1
invalid,1
"ldrdeq fp, ip, [r0], -ip",1
"andeq r1, r0, r8, lsl 10",1
"strdeq r1, r2, [r0], -fp",1
"cmpeq r0, r7, lsr 2",1
"stceq p0, c0, [sp], -0xf8",1
bvc 0xd7c0,1
"stmdahs r0, {r0, r1, r4}",1
"andeq fp, r0, ip, lsl ip",1
"andeq r1, r0, sl, ror r3",1
"andeq r1, r0, r8, lsl r3",1
"subseq r0, r0, 0xc0000009",1
invalid,1
"andeq fp, r0, r4, ror 24",1
"andeq r1, r0, sl, ror r3",1
"subseq r0, r0, 0xc0000009",1
"andeq r0, r0, r4, ror r0",1
"andseq sp, r3, lr, lsr 28",1
blo 0x1dcd900,1
"streq r0, [r0, -0x13]",1
"mrseq r1, spsr",1
"rsceq r2, pc, 0, 30",1
"eorsgt r0, r0, 0",1
"streq r0, [r0, -r2]",1
"andeq fp, r2, r8, lsr 15",1
"andlo r0, r1, r0, lsl 2",1
"muleq r0, r0, r7",1
"adcseq sl, r7, 0x1c000",1
"mrseq r0, apsr",1
"ldreq r0, [r3, 0x131]",1
"movwls r0, 0x1000",1
invalid,1
"andseq r7, r3, r1, lsl 20",1
"addseq r3, r3, r0, lsl 4",1
blx 0xc8d540,1
"andlo r0, r0, 2",1
"andeq r0, r0, ip, lsl 1",1
"andlo r3, r1, 0, 6",1
beq 0xd55c,1
"andge r0, r1, 0xc0000022",1
invalid,1
"muleq r0, r3, r3",1
"andeq lr, r2, r2, lsr pc",1
"teqeq r3, r0",1
"andeq r0, r0, r5, lsr 9",1
"mrseq sp, apsr",1
"muleq r0, r3, r0",1
"andseq sl, r3, r1, lsl 24",1
"adceq r3, r2, r0, lsl 4",1
"strlo r0, [r0], -0",1
"andseq fp, fp, r1, lsl 28",1
"eorlo r0, r0, 0, 6",1
invalid,1
"andeq r0, r0, pc, asr 32",1
"andseq ip, r3, r1, lsl 28",1
"rsceq r3, pc, 0, 4",1
svcmi 0x320000,1
"strne r0, [r0, -0]",1
"stchs p3, c3, [r1, -0]",1
"stmdaeq r0, {r0, r2, r4}",1
svcmi 0x10188,1
invalid,1
"andeq r1, r0, r7, ror 7",1
"andseq lr, r3, r2, lsr r7",1
"streq r0, [r6], -0",1
"andeq r0, r0, r3, ror 5",1
"strhs r0, [r7, -0x134]",1
"andeq r0, ip, r0",1
"andeq r2, r0, r1, lsl r5",1
"andeq sb, r0, r1, lsl 10",1
"strne r0, [lr], -0x100",1
"ldrls r0, [r2, -0]!",1
"andlo r0, r0, 0",1
"andeq r0, r0, pc, ror 5",1
"str r3, [r1, -0x300]",1
"streq r0, [r0, -r5, lsr 32]",1
svcmi 0x102be,1
invalid,1
"andeq r1, r0, ip, lsr 8",1
"andeq r4, r0, r2, lsr pc",1
"ldcleq p2, c3, [r2, -0]!",1
"movwlo r0, 0",1
"andseq r3, r5, r1, lsl 10",1
invalid,1
"andeq r4, r0, r1, lsl 30",1
"strbne r0, [fp], -0x100",1
"eorsvc r0, r2, 0",1
"andlo r0, r0, 0xd",1
"andeq r0, r0, pc, ror 5",1
"teqeq r3, r5, lsl r0",1
"muleq r0, r3, pc",1
invalid,1
"muleq r0, r3, r0",1
"andseq r6, r4, r1, lsl 18",1
"addseq r3, r3, r0, lsl 4",1
"eorsge r0, r2, 0",1
"andeq r0, r0, r0",1
invalid,1
"and r0, fp, 0",1
"cdpvc p1, 0, c0, c1, c1, 0",1
"andlo r0, r0, 0x14",1
"muleq r0, r3, r0",1
"strlo r3, [r1], -0x300",1
"stceq p0, c0, [r0, -0x40]",1
svcmi 0x101e1,1
invalid,1
"muleq r0, r7, r4",1
"andeq r7, sp, r2, lsr r2",1
"teqeq r3, r0",1
"andeq r1, r0, lr, lsl 17",1
invalid,1
"andeq r0, r0, r2, ror sp",1
"andseq fp, r4, r1, lsl 10",1
"subeq r3, pc, r0, lsl 4",1
svc 0x320000,1
"andeq r0, r0, r2",1
"eorsne r0, sb, r3, lsr r1",1
invalid,1
"subeq r0, pc, r1, lsl 2",1
"cdpgt p0, 0, c0, c1, c0, 0",1
"andlo r0, r0, 0x14",1
"andeq r0, r0, pc, asr 32",1
"strlt r3, [r1, -r0, lsl 6]",1
bleq 0xd6b0,1
"strls r0, [r1, -0x233]",1
invalid,1
"andeq r1, r0, r7, ror 9",1
"andeq lr, r2, r2, lsr pc",1
"teqeq r4, r0",1
"andeq r1, r0, sl, asr 14",1
"ldrbne r0, [r4, -ip]",1
svcmi 0x10000,1
invalid,1
"andeq r1, r0, r8, lsl 10",1
"andeq lr, r2, r2, lsr pc",1
"rsceq r3, pc, 0, 4",1
"strlo r0, [r0], -r0",1
"andseq r1, r7, r1, lsl 26",1
"subeq r0, r7, 0, 30",1
"andeq sb, r0, r1, lsl 10",1
"teqeq r2, r0, lsl 2",1
"andeq r0, r0, r3",1
"andeq r7, r4, r0, lsl 28",1
"strgt r0, [r0, -0x200]",1
"streq r0, [r0], -0x1b",1
"andeq r0, r0, r1, lsl 28",1
"ldmdahs r2!, {r8} ^",1
invalid,1
svclt 0x100000,1
svclt 0xb00000,1
invalid,1
svclo 0x20000,1
"andeq r0, r0, 5",1
"ldrdeq r3, r4, [r0], -r5",1
"streq r0, [r4, -r0, lsl 6]",1
"andeq r0, r0, r4, lsr 32",1
invalid,1
"movweq r0, 0",1
"eorseq r0, pc, r2, lsl 14",1
"streq r0, [r3], -0",1
"andeq r1, r0, r7, lsl 30",1
"streq r0, [r1], -r0, lsl 6",1
"andeq r0, r0, r3, lsr r0",1
blgt 0x14df50,1
"streq r0, [r0], -0",1
"cdpvs p5, 6, c0, c9, c4, 0",1
"stmdaeq r3, {r2, r4, r5, r6}",1
"andeq r0, r0, r5",1
"streq r0, [r8, -r0, lsl 6]",1
"andeq r0, r0, sl, lsl r0",1
"andeq r2, r2, r2, lsl 12",1
"teqvs r7, r0, lsl 6",1
"andeq r0, r0, 0",1
"ldrdeq r0, r1, [r0], -lr",1
"addeq r8, r5, r3, lsl 24",1
"streq r0, [r3], -0",1
"andeq r0, r0, r5, lsl 10",1
"ldrbeq r0, [fp, -0x200]!",1
"stchi p0, c0, [r3, -0]",1
"andeq r0, r0, pc, rrx",1
"strle r0, [r7, -0x403]",1
"streq r0, [r0, -0]",1
"strge r0, [r4], -r4, lsl 12",1
"movweq r0, 0",1
"eorseq r0, sl, r1, lsl 16",1
"strpl r0, [r2, -0]",1
"streq r0, [r0], -4",1
"andeq fp, r0, r0, lsr r8",1
"ldrbeq r0, [r1], -0x700",1
"ldreq r0, [r8]",1
"strdeq r7, r8, [r2], -r6",1
beq 0xfcf7b4,1
invalid,1
"andeq r0, r0, sl, asr r0",1
"stmdaeq r0, {r1, r8, sb, sp}",1
"andeq r0, r0, r6, ror 1",1
"adceq pc, r0, r5, lsl 24",1
"movwhs r0, 0x2000",1
"biceq r0, r3, 4, 16",1
"stc2 p0, c0, [r5, -0]",1
"andeq r0, r0, r0, lsr 1",1
"stmdaeq r8, {r1, r8, sb, sp}",1
"andeq r0, r0, r5, lsl 11",1
"adceq pc, r0, r5, lsl 28",1
"movwhs r0, 0x2000",1
"strbeq r0, [r8], ip, lsl 16",1
invalid,1
"andeq r0, r0, r0, lsr 1",1
"ldmdbeq r0, {r1, r8, sb, sp}",1
"strdeq r0, r1, [r0], -r1",1
"andge r0, r1, r5",1
"andeq r0, r0, 0",1
"strne r1, [sb, -0x423]",1
"streq r0, [r0, -4]",1
"adceq r0, r0, r1, lsl 2",1
"movwhs r0, 0x2000",1
invalid,1
"andeq r0, r5, 0",1
"andeq sl, r0, r1",1
"stcne p2, c0, [r3], -0",1
"andeq r0, r2, sb, lsl 8",1
"mrseq r0, apsr",1
"andeq r0, r0, r0, lsr 1",1
"stmdbeq r0!, {r1, r8, sb, sp}",1
"andeq r0, r0, sb, lsr r3",1
"andge r0, r1, r5, lsl 10",1
"andeq r0, r0, 0",1
"strpl r2, [sb, -r3, lsr 8]",1
"streq r0, [r0, -6]",1
"adceq r0, r0, r6, lsl 2",1
"movwhs r0, 0x2000",1
"ldreq r0, [sl, 0x928]",1
"streq r0, [r5, -r0]",1
"andeq sl, r0, r1",1
"stchs p2, c0, [r3], -0",1
"andeq r7, r4, sb, lsl 12",1
"mrseq r0, apsr",1
"strheq r0, [r0], -r1",1
"ldmdbeq r0!, {r1, r8, sb, sp}",1
"strdeq r0, r1, [r0], -r3",1
"strlt r0, [r1, -r5, lsl 22]",1
"andeq r0, r0, 2",1
blt 0x25a90c,1
"streq r0, [r0, -1]",1
"subseq r0, sl, sp, lsl 2",1
"movwhs r0, 0x2000",1
"orreq r0, r5, 56, 18",1
"mrsne r0, apsr",1
"andeq r5, r0, r1, lsl 20",1
"stclo p2, c0, [r3], -0",1
"andeq r5, r2, sb",1
"tsteq r3, r0, lsl 10",1
"andeq r0, r0, sl, ror r0",1
"stmdbeq r0, {r1, r8, sb, sp} ^",1
"andeq r0, r0, r0, lsl r2",1
"cdplo p7, 0, c1, c1, c5, 0",1
"andeq r0, r0, 0",1
svcle 0x94423,1
"streq r0, [r0, -4]",1
"subeq r0, ip, r8, lsl r1",1
"movwhs r0, 0x2000",1
invalid,1
invalid,1
"andeq fp, r2, r1, lsl 26",1
"strmi r0, [r3, -r0, lsl 4]!",1
"andeq r7, r3, sb, lsl 30",1
"tsteq sp, r0, lsl 10",1
"andeq r0, r0, sp, asr 5",1
"stmdbeq r8, {r1, r8, sb, sp} ^",1
"andeq r0, r0, r4, asr r2",1
invalid,1
"andeq r0, r0, 0",1
"andgt r5, sb, 0x23",1
"streq r0, [r0, -5]",1
"addseq r0, lr, pc, lsr 2",1
"movwhs r0, 0x2000",1
"strbeq r0, [sb, 0x958]",1
"andlo r0, r5, r0",1
"andeq sb, r0, r1, lsl 28",1
"stcpl p2, c0, [r3], -0",1
"andeq sb, r2, sb, lsl 30",1
"teqeq r1, r0, lsl 10",1
"muleq r0, lr, r0",1
"stmdbeq r0!, {r1, r8, sb, sp} ^",1
"ldrdeq r0, r1, [r0], -r8",1
"cdpls p2, 0, c3, c1, c5, 0",1
"andeq r0, r0, 0",1
svcle 0x96423,1
"streq r0, [r0, -5]",1
"eoreq r0, r5, r3, lsr r1",1
"movwhs r0, 0x2000",1
invalid,1
"strlo r0, [r5, -0]",1
"andeq r5, r0, r1, lsl 20",1
"stcvs p2, c0, [r3], -0",1
"andeq pc, r5, sb, lsl 10",1
"teqeq r7, r0, lsl 10",1
"ldrdeq r0, r1, [r0], -r3",1
"rsbseq r2, r0, r2, lsl 6",1
"andeq r4, r4, sl, lsl 12",1
"ldreq r0, [fp, r0, lsl 10]",1
"strheq r0, [r0], -r7",1
invalid,1
"stmdaeq r0, {r1}",1
"andeq r0, r0, r5, ror r5",1
"adcseq sl, r1, 0x50000000",1
"movwhs r0, 0x2000",1
"movweq r0, 0x9800",1
"movwge r0, 0x5000",1
"strheq r0, [r0], -r7",1
"stmdaeq r4, {r1, r8, sb, sp}",1
"andeq r0, r0, sl, ror 8",1
"subseq sl, sl, r5, lsl 14",1
"movwhs r0, 0x2000",1
"streq r0, [r6], -8",1
"andeq r0, r0, sl, ror r2",1
"adcseq r0, r8, r6, lsl 8",1
"strge r0, [fp], -r0",1
"stcgt p0, c0, [r0, -0]",1
invalid,1
"muleq r0, r7, r0",1
"streq r0, [r6], -0",1
"andeq r0, r0, r3, ror r2",1
"andeq sl, r0, fp, lsl 12",1
"andeq lr, r2, r0, lsl 6",1
"addseq r0, r7, r0, lsl 24",1
"eoreq r0, r7, r0",1
"eorsne r0, r4, sp, lsl 2",1
"mrs r0, apsr",1
"subseq r0, sl, r1, lsl 2",1
svclt 0x100000,1
svclt 0xb00000,1
"mrsmi r0, spsr",1
invalid,1
"cdpeq p0, 0, c0, c0, c3, 0",1
invalid,1
"andeq ip, r3, r8, lsr r8",1
"subeq r6, r1, r0, lsl 24",1
"stmhs r7, {r8, sb, sl, fp}",1
blo 0x4da04,1
"andeq r0, r0, sl, asr r0",1
"andeq r4, r0, r0, lsr 3",1
"rsbeq r6, r4, r0, lsl r6",1
"subseq r3, sl, r1, lsl 22",1
"bicmi r0, fp, r0",1
svcmi 0xf0000,1
invalid,1
"andeq r5, r0, ip, lsr sl",1
"subeq sp, r1, r0, lsl 28",1
svclt 0x201100,1
invalid,1
"cmpeq r0, 0",1
"tsteq r2, r0",1
"rsbseq r0, r4, r0, asr r2",1
svclt 0x301100,1
"streq r0, [r1], -0",1
invalid,1
"tsteq r2, r0",1
"rsbseq r0, r4, r0, asr r2",1
svclt 0x401100,1
"ldreq r0, [sb], -0",1
"cmneq r8, 0",1
"tsteq r2, r0",1
"rsbseq r0, r4, r0, asr r2",1
svclt 0x4c1300,1
"ldrteq r0, [r2], -0",1
invalid,1
invalid,1
"strls r0, [r0, -4]",1
"andne r0, r0, 3",1
"strvc r5, [r2], -1",1
invalid,1
"stmda r0, {r0, r1, r2, r3, r4, r5, r7}",1
"stmdbge r0, {r0, r1}",1
"andne r0, r0, 3",1
"strvc r5, [r2], -1",1
invalid,1
"mcrpl p0, 0, r0, c0, c15, 5",1
"stclt p0, c0, [r0, -0x10]",1
"andne r0, r0, 3",1
invalid,1
"andslt r0, r4, r1, lsr r0",1
"strheq r0, [r0, -pc]",1
"andeq r0, r0, r6, asr 8",1
"stcge p6, c0, [r4, -0]",1
"strne r0, [r0, -0]",1
"andeq r0, r0, r2, asr 5",1
"adcseq sl, r7, 4, 16",1
"mrseq r0, apsr",1
"andeq sb, r7, r5, lsl r0",1
"strlt r0, [sb, r0, lsl 8]!",1
invalid,1
bllt 0x532dc,1
"streq r0, [r0], -1",1
bpl 0x4e848,1
invalid,1
"andeq r0, r0, r1, lsl 8",1
"andeq ip, r3, r7, lsl r8",1
"tsteq r8, r0",1
"andeq r2, r0, r6, asr r8",1
bpl 0x5a710,1
invalid,1
"andeq r0, r0, sb, lsl r4",1
"andeq ip, r3, r7, lsl r8",1
"tsteq r6, r0",1
"andeq r2, r0, r1, ror 16",1
invalid,1
"andeq r0, r0, sl, asr r0",1
"andeq r3, r4, r1, lsl 4",1
"biceq r1, r8, 0, 14",1
invalid,1
"andeq r5, r5, r1, lsl 10",1
"teqeq r2, r0, lsl 18",1
"andeq r0, r0, r0, asr 8",1
bpl 0x10f334,1
invalid,1
"andseq r3, r0, r1, lsl 16",1
invalid,1
"andeq r0, r0, sl, asr r0",1
"andeq r5, r4, r1, lsl 28",1
"biceq r1, r8, 0, 14",1
bne 0xdb4c,1
"eoreq r6, r8, r1, lsl 24",1
"cmpeq r1, r0, lsl 16",1
"andeq r2, r0, pc, ror r8",1
"andeq r8, r0, r1, lsl 24",1
bpl 0x5cdf60,1
"strne r0, [r0, -r0]",1
"andeq r0, r0, ip, lsl 1",1
"andeq r5, r0, r7, lsl sl",1
invalid,1
"andeq r0, r0, 3",1
"andseq r3, sp, r0, lsl 24",1
"cdpeq p4, 0, c0, c1, c0, 0",1
invalid,1
"muleq r0, r3, r8",1
"andeq r0, r0, r6, ror 3",1
"strheq fp, [r0], -r0",1
"andeq ip, r0, r4",1
"ldrdeq r1, r2, [r0], -fp",1
"andeq r3, r5, r2, lsl 30",1
"sbcslo r0, r5, r0, lsl 4",1
"movweq r0, 0",1
"eoreq r0, r4, r4, lsl 14",1
"mrseq r0, apsr",1
"andeq r3, r0, r8, lsl 2",1
"streq r0, [r2, -r0, lsl 6]",1
"andeq r0, r0, pc, lsr r0",1
svcne 0x70403,1
"movweq r0, 0",1
"eorseq r0, r3, r1, lsl 12",1
"andeq r0, r3, 0",1
"andeq ip, r0, r5, lsl 22",1
"streq r0, [r4, -0x400]",1
"rsbseq r6, r4, sb, ror 28",1
"andeq r0, r5, r3, lsl 16",1
"movweq r0, 0",1
"andseq r0, sl, r8, lsl 14",1
"strhs r0, [r2], -r0",1
"movweq r0, 2",1
"andeq r6, r0, r7, lsr r1",1
"sbcseq r0, lr, r0, lsl 4",1
invalid,1
"andeq r0, r0, r5, lsl 1",1
"streq r0, [r5, -0x403]",1
"andeq r0, r0, 0",1
"andeq r0, r0, fp, ror r5",1
"rsbeq r8, pc, r3, lsl 26",1
"streq r0, [r3], -0",1
"andeq sp, r0, r7, lsl 10",1
"streq r0, [r4], -r0, lsl 10",1
"andeq sl, r0, r4, lsl 12",1
"stmdaeq r1, {r8, sb}",1
"andeq r0, r0, sl, lsr r0",1
"andeq r5, r4, r2, lsl 10",1
"ldmdalt r0!, {sl}",1
"streq r0, [r0, -r0]",1
"andeq r0, r0, r1, asr r4",1
invalid,1
"stmdaeq r0, {r1}",1
"andeq r0, r0, pc, lsr sl",1
"subseq pc, sl, r5, lsl 14",1
"movwhs r0, 0x2000",1
"rsceq r0, r6, r0, lsl 16",1
invalid,1
"andeq r0, r0, r0, lsr 1",1
"stmdaeq r4, {r1, r8, sb, sp}",1
"andeq r0, r0, r3, asr 7",1
"adceq pc, r0, r5, lsl 26",1
"movwhs r0, 0x2000",1
"streq r0, [r5, 0x808]",1
"cdp2 p0, 0, c0, c5, c0, 0",1
"andeq r0, r0, r0, lsr 1",1
"stmdaeq ip, {r1, r8, sb, sp}",1
"andeq r0, r0, r8, asr 13",1
"adceq pc, r0, r5, lsl 30",1
"movwhs r0, 0x2000",1
"rscseq r0, r1, 16, 18",1
"andeq r0, r5, r0",1
"andeq sl, r0, r1",1
"strtne r0, [r3], -0x200",1
"andeq r1, r4, sb, lsl 10",1
"mrseq r0, apsr",1
"andeq r0, r0, r0, lsr 1",1
"ldmdbeq r8, {r1, r8, sb, sp}",1
"andeq r0, r0, r2, ror 2",1
"andge r0, r1, r5, lsl 4",1
"andeq r0, r0, 0",1
"streq r1, [sb], -0xc23",1
"streq r0, [r0, -2]",1
"adceq r0, r0, r3, lsl 2",1
"movwhs r0, 0x2000",1
"teqeq sb, 32, 18",1
"streq r0, [r5, -0]",1
"andeq sl, r0, r1",1
"strths r0, [r3], -0x200",1
"andeq r5, r6, sb, lsl 14",1
invalid,1
"andeq r0, r0, r0, lsr 1",1
"stmdbeq r8!, {r1, r8, sb, sp}",1
"muleq r0, sl, r5",1
"andge r0, r1, r5, lsl 14",1
"andeq r0, r0, 0",1
"strvc r2, [sb], -r3, lsr 24",1
"streq r0, [r0, -4]",1
"adcseq r0, r1, 0x40000002",1
"movwhs r0, 0x2000",1
"rscseq r0, r3, r0, lsr sb",1
bleq 0x14dcf8,1
"andeq fp, r2, r1, lsl 14",1
"strtlo r0, [r3], -0x200",1
"andeq fp, r1, sb, lsl 20",1
"mrseq r0, apsr",1
"andeq r0, r0, sl, asr r0",1
"ldmdbeq r8!, {r1, r8, sb, sp}",1
"andeq r0, r0, r5, lsl 7",1
bpl 0x5212c,1
"andeq r0, r0, 0",1
"andpl r3, sb, r3, lsr 24",1
"streq r0, [r0, -2]",1
"rsbseq r0, sl, r3, lsl r1",1
"movwhs r0, 0x2000",1
"andseq r0, r0, 64, 18",1
"strne r0, [r5, -r0]",1
"andeq r3, r0, r1, lsl 28",1
"strtmi r0, [r3], -0x200",1
"andeq sp, r4, sb, lsl 30",1
"tsteq r8, r0, lsl 10",1
"andeq r0, r0, ip, asr 32",1
"stmdbeq r6, {r1, r8, sb, sp} ^",1
"andeq r0, r0, r0, asr 2",1
"stclt p9, c1, [r1, -0x14]",1
"andeq r0, r0, 2",1
svcvc 0x94723,1
"streq r0, [r0, -3]",1
"sbceq r0, sp, 0x40000007",1
"movwhs r0, 0x2000",1
"subseq r0, r4, 72, 18",1
"strhs r0, [r5], -r0",1
"andeq r8, r0, r1, lsl 24",1
"eorpl r0, r3, r0, lsl 4",1
"andeq ip, r5, sb, lsl 4",1
invalid,1
"muleq r0, lr, r0",1
"ldmdbeq r8, {r1, r8, sb, sp} ^",1
"andeq r0, r0, sb, asr 11",1
"cdpls p0, 0, c3, c1, c5, 0",1
"andeq r0, r0, 0",1
svcls 0x95c23,1
"streq r0, [r0, -2]",1
"addseq r0, lr, r1, lsr r1",1
"movwhs r0, 0x2000",1
"ldrbeq r0, [r8, 0x960]",1
"andlo r0, r5, 0",1
"andeq sb, r0, r1, lsl 28",1
"strtvs r0, [r3], -0x200",1
"andeq sp, r5, sb, lsl 30",1
"teqeq r3, r0, lsl 10",1
"andeq r0, r0, r5, lsr 32",1
"stmdbeq r8!, {r1, r8, sb, sp} ^",1
"strheq r0, [r0], -r1",1
bpl 0x5b1e0,1
"andeq r0, r0, 0",1
invalid,1
"streq r0, [r0, -5]",1
"sbcseq r0, r3, 0xc000000d",1
"movwhs r0, 0x2000",1
invalid,1
"streq r0, [r0, -4]",1
"adcseq r0, r7, 0x26c0000",1
"streq r0, [ip, -0]",1
"andeq fp, r2, r1, lsr 3",1
"ldrbeq r0, [r5, -0x800]!",1
"andge r0, r5, 0",1
"strheq r0, [r0], -r1",1
"stmdaeq r0, {r1, r8, sb, sp}",1
"andeq r0, r0, sb, lsl 6",1
"adcseq sl, r7, 0x14000000",1
"movwhs r0, 0x2000",1
"strbteq r0, [sl], -0x804",1
"strge r0, [r5, -r0]",1
"andeq r0, r0, sl, asr r0",1
"andeq r2, r8, r2, lsl 6",1
"rsbseq r0, sl, 0x6000000",1
"streq r0, [r6], -0",1
"strheq r0, [r0], -r8",1
"andeq sl, r0, fp, lsl 12",1
"andeq ip, r2, r0, lsl 26",1
"addseq r0, r7, r0, lsl 24",1
"andeq r0, r0, r0",1
"rsbseq r0, r3, 0x6000000",1
"strge r0, [fp], -r0",1
"movw r0, 0",1
invalid,1
"muleq r0, r7, r0",1
"and r0, r2, r7, lsr 32",1
"streq r0, [r0], -0",1
"andeq r8, r0, ip, asr ip",1
"stmhs r0!, {r8, sl, fp}",1
invalid,1
"movweq r0, 0x6101",1
"strvs r0, [lr], -r0",1
"stmdahs r1, {r4, r5, r6}",1
"andeq r0, r0, r6, lsl 6",1
"stcge p6, c0, [r4, -0]",1
svceq 0,1
"eoreq r6, r8, r1, lsl 2",1
"andeq r0, sp, 0, 12",1
"andeq r5, r0, r1, lsl 20",1
"adcseq fp, pc, r0",1
"sbceq r0, r0, r0, lsl 8",1
"subeq r1, r2, r0, lsl 12",1
"orrseq r0, r1, 0, 2",1
"andsle r0, r0, 0",1
invalid,1
"andeq r0, r3, ip, ror r6",1
"subeq r4, r2, r0, lsl 4",1
"rsceq r1, lr, 0, 2",1
svclt 0xdc0000,1
"andgt r0, r4, r0",1
"strls r0, [r1], -r0",1
"andeq r0, r0, fp, ror 6",1
"andeq pc, r2, r2, lsl fp",1
"cmpne r4, 0, 2",1
"andeq ip, r0, r0",1
"andeq r0, r0, fp, lsr 7",1
"subseq r0, r0, 20, 2",1
"andseq r0, r4, 0x74",1
invalid,1
"ldrgt r0, [r5], -0",1
"mcrgt p0, 0, r0, c0, c15, 5",1
svcvc 3,1
"strne r0, [r0], -3",1
"strvc r5, [r2], -1",1
invalid,1
"strheq r0, [r0, -pc]",1
"andeq r0, r0, r6, ror 7",1
"subseq r0, r0, 20, 2",1
"andeq r0, r0, r4, ror r0",1
"andeq ip, r2, r7, lsl r2",1
"strlt r0, [r8, r0, lsl 8]!",1
invalid,1
"ldreq r1, [r0, r1, lsl 14]",1
invalid,1
"strheq r0, [r0], -r7",1
"tsteq r8, r1, lsl 2",1
"andeq r2, r0, r8, asr 17",1
invalid,1
"andeq r0, r0, sl, asr r0",1
"andeq ip, r3, r1, lsl 28",1
"movweq r1, 0x6900",1
"tst sb, 0",1
"stmdbne r0, {r1}",1
"andeq r0, r0, sl, asr r0",1
"strpl r1, [r1], -r0, lsl 20",1
"streq r0, [r0, -r8, lsr 32]",1
"subseq r0, sl, r3, lsr r1",1
"str r0, [r1], -r0",1
"stmdbne r0, {r0, r1}",1
"andeq r0, r0, r6, lsl 6",1
"strvs r1, [r1, -0xb00]",1
"streq r0, [r0], -0x28",1
"ldrsheq r0, [sl], -0x12",1
invalid,1
"andeq r0, r0, r6, lsl 6",1
"streq r0, [r8], -0",1
"andeq r0, r2, r0",1
"strheq r1, [r0], -r7",1
"andeq r0, lr, r4, lsl 2",1
"movwle r0, 0x1000",1
"str r0, [r0], -r8, lsr 32",1
"streq r0, [r0], -1",1
"stmdage r0, {r6, r7}",1
"strle r0, [r0], -0xc0",1
"andeq r0, r0, 0x1a",1
"andseq r0, sl, r8, lsl 14",1
svclo 0x30000,1
"andeq r0, r0, 5",1
"ldrdeq r3, r4, [r0], -r5",1
"streq r0, [r4, -r0, lsl 4]",1
"andeq r0, r0, r4, lsr 32",1
invalid,1
"andeq r0, r0, 0",1
"eorseq r0, pc, r2, lsl 14",1
"streq r0, [r2], -0",1
"andeq r1, r0, r7, lsl 30",1
"streq r0, [r1], -r0, lsl 4",1
"andeq r0, r0, r3, lsr r0",1
blgt 0x14e7d0,1
"streq r0, [r0], -0",1
"cdpvs p5, 6, c0, c9, c4, 0",1
"stmdaeq r2, {r2, r4, r5, r6}",1
"andeq r0, r0, r5",1
"eoreq r0, r6, 0, 6",1
"strlo r0, [r3, -r0]",1
"andeq r0, r0, r8, rrx",1
"andeq sp, r0, r3, lsl 28",1
"strhi r0, [ip, 0x300]",1
"andeq r0, r0, 0",1
"andeq r0, r5, r4, lsl 10",1
blvc 0xcdff8,1
"movweq r0, 5",1
"andeq r6, r0, sp, lsl 31",1
"streq r0, [r4, -r0, lsl 4]",1
"ldrdeq r0, r1, [r0], -r5",1
"streq r0, [r6], -0x405",1
"andeq r0, r0, r6, lsr 1",1
blo 0x20e41c,1
"movweq r0, 0",1
"andeq r0, r0, r5, asr r4",1
"adcseq r3, r8, r4",1
"mrspl r0, apsr",1
"stmdals r0, {r2}",1
"rsbseq pc, r3, 0x500000",1
svclo 0x80000,1
"streq r0, [r0, -0xa]",1
"strdeq r6, r7, [r0], -r7",1
"eoreq r0, r3, r0, lsl 4",1
"andeq lr, r0, r8, lsl 12",1
"rscsge r0, ip, r0, lsl 10",1
"andeq r0, r0, 0",1
"movwgt r0, 0x8423",1
"streq r0, [r0, -3]",1
"strdeq sl, fp, [r0], -sp",1
"stmdaeq r3!, {sb}",1
"andeq r8, r5, r8, lsl 10",1
"rscsge r0, lr, r0, lsl 10",1
"andeq r0, r0, 0",1
"stmdagt r8, {r0, r1, r5, sl, fp}",1
"streq r0, [r0, -6]",1
"strdeq sl, fp, [r0], -pc",1
"eorne r0, r3, r0, lsl 4",1
"andeq pc, r2, sb, lsl 2",1
invalid,1
"andeq r0, r0, r0, lsr 1",1
"ldmdbeq r4, {r1, r8, sb, sp}",1
"andeq r0, r0, r5, lsl r4",1
"andge r0, r1, r5, lsl 2",1
"andeq r0, r0, 0",1
"andvs r1, sb, 0x230000",1
"streq r0, [r0, -1]",1
"adceq r0, r0, r2, lsl 2",1
"movwhs r0, 0x2000",1
"andeq r0, r4, 28, 18",1
"movweq r0, 0x5000",1
"andeq sl, r0, r1",1
"eorhs r0, r3, r0, lsl 4",1
"andeq r3, r3, sb, lsl 18",1
"mrseq r0, apsr",1
"andeq r0, r0, r0, lsr 1",1
"stmdbeq r4!, {r1, r8, sb, sp}",1
"andeq r0, r0, r7, asr r6",1
"andge r0, r1, r5, lsl 12",1
"andeq r0, r0, 0",1
bls 0x25815c,1
"streq r0, [r0, -5]",1
"adceq r0, r0, r7, lsl 2",1
"movwhs r0, 0x2000",1
"ldrbteq r0, [r6], -0x92c",1
invalid,1
"andeq fp, r2, r1, lsl 2",1
"eorlo r0, r3, r0, lsl 4",1
"andeq pc, r0, sb, lsl 6",1
"mrseq r0, apsr",1
"strheq r0, [r0], -r7",1
"ldmdbeq r4!, {r1, r8, sb, sp}",1
"strheq r0, [r0], -sl",1
"mrsvs r0, apsr",1
"andeq r0, r0, 0",1
"strhi r3, [sb, -0x823]",1
"streq r0, [r0, -3]",1
"rsbeq r0, r1, r1, lsl r1",1
"movwhs r0, 0x2000",1
"subseq r0, r0, 60, 18",1
"movwne r0, 0x5000",1
"andeq r7, r0, r1, lsl 20",1
"eormi r0, r3, r0, lsl 4",1
"andeq r1, r2, sb",1
"tsteq r7, r0, lsl 10",1
"andeq r0, r0, r5, asr 32",1
"stmdbeq r4, {r1, r8, sb, sp} ^",1
"ldrdeq r0, r1, [r0], -pc",1
"movwpl r1, 0x1805",1
"andeq r0, r0, 0",1
"andmi r4, sb, r3, lsr 12",1
"streq r0, [r0, -1]",1
"adcseq r0, sp, 0x40000006",1
"movwhs r0, 0x2000",1
"cmneq pc, 0x11c000",1
"stcne p0, c0, [r5, -0]",1
"andeq ip, r2, r1, lsl 26",1
"stmdami r3!, {sb}",1
"andeq r5, r2, sb, lsl 8",1
invalid,1
"andeq r0, r0, ip, lsl 1",1
"ldmdbeq r0, {r1, r8, sb, sp} ^",1
"andeq r0, r0, r2, asr 11",1
"cdpls p15, 0, c2, c1, c5, 0",1
"andeq r0, r0, 0",1
"stmdbgt sb, {r0, r1, r5, fp, ip, lr}",1
"streq r0, [r0, -5]",1
"addseq r0, lr, r0, lsr r1",1
"movwhs r0, 0x2000",1
"addseq r0, pc, 92, 18",1
"mrslo r0, apsr",1
"andeq sb, r0, r1, lsl 28",1
"eorvs r0, r3, r0, lsl 4",1
"andeq sp, r5, sb, lsl 16",1
"teqeq r2, r0, lsl 10",1
"muleq r0, lr, r0",1
"stmdbeq r4!, {r1, r8, sb, sp} ^",1
"ldrdeq r0, r1, [r0], -pc",1
invalid,1
"andeq r0, r0, 0",1
invalid,1
"streq r0, [r0, -3]",1
"rsbeq r0, r1, r5, lsr r1",1
"movwhs r0, 0x2000",1
"ldrbeq r0, [r5, 0x96c]!",1
"strlo r0, [r5, -r0]",1
"andeq sp, r2, r1, lsl 6",1
"eorvc r0, r3, r0, lsl 4",1
"strbeq r0, [r6], -0xa00",1
blls 0x14e1e4,1
"andeq fp, r2, r7, lsl 14",1
"mrsge r0, apsr",1
"strheq r0, [r0], -r1",1
"andeq r7, r5, r8, lsl 10",1
invalid,1
"andeq r0, r0, 2",1
"stmdbeq r8, {r0, r1, r5}",1
"streq r0, [r0, -3]",1
"andeq fp, r2, r3, lsr 15",1
"strteq r0, [r3], -0x200",1
"andeq r6, r4, r8, lsl 20",1
invalid,1
"andeq r0, r0, 0",1
"streq r0, [r0], -r3, lsr 16",1
"andeq r7, r2, r4, lsl 20",1
"stmdalt r4, {sb, sl}",1
bleq 0xe228,1
"andeq r0, r0, r6, lsr 1",1
"andeq r0, r0, sp, asr 5",1
"andeq sb, r0, ip, lsl 14",1
"streq r0, [r0], -r0",1
"andeq r7, r2, r4, lsl 6",1
"adceq r0, r6, r0, lsl 22",1
"rsceq r0, r3, 0",1
"strls r0, [ip, -r0]",1
"strhs r0, [r0, -r0]",1
"rsceq r0, r0, r0, lsl 6",1
invalid,1
"andeq r0, r0, ip, lsl 1",1
"stmhs r8, {r0, r2, r3, r8} ^",1
bne 0x18e260,1
"rsbeq r0, r1, r3, lsl 2",1
"andgt r0, r4, r0",1
"adcgt r0, r8, r0",1
"rsbmi r0, r0, 0",1
invalid,1
"cdpeq p0, 0, c0, c0, c3, 0",1
invalid,1
"andeq r8, r3, ip, lsl r8",1
"subeq r8, r2, r0, lsl 24",1
"subseq r0, r5, 0, 30",1
invalid,1
"andeq r0, r0, r3, ror 5",1
"andeq r4, r0, r0, asr 5",1
"eoreq lr, r8, r0, lsl r0",1
"tstvs ip, r0, lsl 2",1
"andeq r0, r0, 0",1
"mulshs r1, r1, r0",1
"strvc r0, [r0], -r8",1
"andne r0, r0, 3",1
"rsbseq r6, r3, r0, ror pc",1
"rsceq r7, r3, 0x4000000",1
"movwmi r0, 0x8000",1
invalid,1
"stmdage r0, {r6, r7}",1
"strvs r0, [r0], -3",1
"strne r0, [r0], -3",1
"strvc r5, [r2], -r1",1
invalid,1
"smlabtgt r0, r0, r0, r0",1
"strne r0, [r0], -3",1
"andeq r7, r0, 2, 26",1
"andeq r0, r0, r4, ror r0",1
"sbceq r3, r0, r6, lsl r4",1
invalid,1
"tsteq r4, r0",1
"rsbseq r0, r6, r0, asr r2",1
"streq r0, [r6], -0",1
"andeq r0, r0, sp, lsr 1",1
"andeq ip, r2, r7, lsl r2",1
"strlt r0, [r8, r0, lsl 8]!",1
invalid,1
"ldreq r1, [r0, r1, lsl 14]",1
invalid,1
"strheq r0, [r0], -r7",1
"tsteq r8, r1, lsl 2",1
"strheq r0, [r0], -fp",1
invalid,1
"andeq r0, r0, r1, rrx",1
"andeq ip, r3, r1, lsl 2",1
"orreq r1, r8, 0, 18",1
bne 0xe32c,1
"eoreq r6, r8, r1, lsl 24",1
"cmpeq r1, r0, lsl 14",1
"andeq r2, r0, pc, ror r8",1
"andeq r8, r0, r1, lsl 24",1
invalid,1
"tstvs sb, r0",1
invalid,1
"andeq r0, r0, ip, lsl 1",1
"andeq r6, r0, sb, lsl r1",1
"tsteq fp, r0",1
"andeq r2, r0, ip, asr 17",1
"str r0, [r3, -r4, lsl 26]",1
invalid,1
"andeq r0, r0, r1, rrx",1
"orreq r1, r8, 0x4000",1
invalid,1
invalid,1
"andeq r0, r0, r1, rrx",1
"rsceq r0, r8, r0",1
"andeq r0, r2, r0",1
"andeq r2, r0, r6, lsr r0",1
blne 0xff54e794,1
"adcgt r0, r8, r0",1
"cmngt r0, r0",1
invalid,1
svchs 0x656d6f,1
"rsbsvc r6, r5, 0xa0000006",1
svchs 0x74656b,1
"strbtvc r6, [r3], -0xf79",1
"strbvc r2, [r2, -0xf6f]!",1
svchs 0x646c69,1
svchs 0x706d74,1
blvs 0x1caa18c,1
invalid,1
svchs 0x646572,1
"stclhs p3, c6, [r3, -0x19c]!",1
"mrchs p14, 1, r2, c7, c4, 1",1
"rsbslo r2, r2, 0xc80",1
invalid,1
"cdphs p13, 3, c2, c4, c3, 3",1
svchs 0x322e37,1
"strbvs r6, [r2, -ip, ror 18]!",1
invalid,1
"stmdbvs r6!, {r0, r1, r2, r3, r5, r6, sb, sl, fp, sp, lr} ^",1
"rsbvc r2, r1, 0x19c",1
"stmdbvs ip!, {r0, r2, r3, r5, r6, r8, sb, sl, fp, sp} ^",1
"strbvc r3, [r6, -0x162]!",1
"cdphs p3, 7, c6, c3, c14, 3",1
"stmdavs pc!, {r0, r1, r4, r6}",1
svchs 0x656d6f,1
"rsbsvc r6, r5, 0xa0000006",1
svchs 0x74656b,1
"strbtvc r6, [r3], -0xf79",1
"strbvc r2, [r2, -0xf6f]!",1
svchs 0x646c69,1
svchs 0x706d74,1
blvs 0x1caa1ec,1
"ldclvs p1, c6, [r2, -0xbc]!",1
"stclhs p7, c3, [r1, -0x1d8]!",1
"ldclhs p6, c6, [r0, -0x1d8]!",1
"cdpvs p5, 6, c6, c15, c14, 3",1
blvs 0x1bea4d8,1
"stmdbvs ip!, {r0, r3, r4, r5, r6, r8, sl, fp, sp} ^",1
"ldclhs p5, c7, [r8, -0x1b8]!",1
"ldrbvs r6, [r5, -0xe67]!",1
svchs 0x696261,1
"strbvs r6, [r2, -ip, ror 18]!",1
"strtlo r6, [pc], -0x363",1
"eorlo r3, lr, 0xb80000",1
"eorslo r7, r2, sp, lsr 4",1
"ldmdbvs r5!, {r0, r1, r2, r3, r5, sb, sp, lr} ^",1
"stcvs p4, c6, [pc], -0x1b0",1
invalid,1
"cdpmi p0, 4, c0, c7, c3, 3",1
"movtpl r2, 0x1055",1
"eorlo r3, lr, 32, 4",1
"eorseq r2, r1, r3, lsr lr",1
"rsceq r8, r8, r1",1
"andeq r0, r2, r0",1
"andeq r2, r0, sl, asr 32",1
"stcne p1, c0, [sb], {4}",1
"cmngt r0, r0",1
"orrgt r0, r0, r0",1
invalid,1
svchs 0x656d6f,1
"rsbsvc r6, r5, 0xa0000006",1
svchs 0x74656b,1
"strbtvc r6, [r3], -0xf79",1
"strbvc r2, [r2, -0xf6f]!",1
svchs 0x646c69,1
svchs 0x706d74,1
blvs 0x1caa278,1
invalid,1
svchs 0x646572,1
"stclhs p3, c6, [r3, -0x19c]!",1
"mrchs p14, 1, r2, c7, c4, 1",1
"rsbslo r2, r2, 0xc80",1
invalid,1
"cdphs p13, 3, c2, c4, c3, 3",1
svchs 0x322e37,1
"strbvs r6, [r2, -ip, ror 18]!",1
invalid,1
"stmdbvs r6!, {r0, r1, r2, r3, r5, r6, sb, sl, fp, sp, lr} ^",1
"rsbvc r2, r1, 0x19c",1
"stmdbvs ip!, {r0, r2, r3, r5, r6, r8, sb, sl, fp, sp} ^",1
"strbvc r3, [r6, -0x162]!",1
"cdphs p3, 7, c6, c3, c14, 3",1
"stmdavs pc!, {r0, r1, r4, r6}",1
svchs 0x656d6f,1
"rsbsvc r6, r5, 0xa0000006",1
svchs 0x74656b,1
"strbtvc r6, [r3], -0xf79",1
"strbvc r2, [r2, -0xf6f]!",1
svchs 0x646c69,1
svchs 0x706d74,1
blvs 0x1caa2d8,1
"ldclvs p1, c6, [r2, -0xbc]!",1
"stclhs p7, c3, [r1, -0x1d8]!",1
"ldclhs p6, c6, [r0, -0x1d8]!",1
"cdpvs p5, 6, c6, c15, c14, 3",1
blvs 0x1bea5c4,1
"stmdbvs ip!, {r0, r3, r4, r5, r6, r8, sl, fp, sp} ^",1
"ldclhs p5, c7, [r8, -0x1b8]!",1
"ldrbvs r6, [r5, -0xe67]!",1
svchs 0x696261,1
"strbvs r6, [r2, -ip, ror 18]!",1
"strtlo r6, [pc], -0x363",1
"eorlo r3, lr, 0xb80000",1
"eorslo r7, r2, sp, lsr 4",1
"ldmdbvs r5!, {r0, r1, r2, r3, r5, sb, sp, lr} ^",1
"stcvs p4, c6, [pc], -0x1b0",1
invalid,1
"cdpmi p0, 4, c0, c7, c3, 3",1
"movtpl r2, 0x1055",1
"eorlo r3, lr, 32, 4",1
"eorseq r2, r1, r3, lsr lr",1
"teqeq lr, r1",1
"andeq r0, r2, r0",1
"andeq r2, r0, lr, asr r0",1
"andeq r0, lr, r4, lsl 2",1
"streq r0, [r1, -0]",1
invalid,1
"andhi r0, r0, r0",1
"stmda r0, {r0, r6, r7}",1
svcne 0xc1,1
"andeq r0, r0, 0x1d",1
"cdpvs p5, 6, c0, c9, c4, 0",1
svclo 0x30074,1
"andeq r0, r0, 5",1
"ldrdeq r3, r4, [r0], -r5",1
"streq r0, [r4, -r0, lsl 8]",1
"andeq r0, r0, r4, lsr 32",1
"ldmhs r5!, {r0, r2, r8} ^",1
"andmi r0, r1, r0",1
"sbceq r8, r1, r1",1
"sbceq lr, r1, r0, lsl 8",1
"subeq r3, r3, r0",1
"sbceq r0, sb, r0, lsl 2",1
"stcvc p0, c0, [r6, -0]",1
invalid,1
"andeq r2, r0, r0, asr 10",1
"subeq r5, r3, r0",1
"streq r0, [ip], -r0, lsl 12",1
"andmi r0, r1, r0",1
"andeq r0, r0, sb, asr 1",1
"andeq r4, r0, lr, ror 6",1
"eoreq pc, r8, r6",1
"stmdbgt r0, {r8} ^",1
invalid,1
"streq r0, [r0, -r3, asr 32]",1
"andeq r1, r0, r3, lsr 32",1
"sbcseq r5, ip, r1, lsl 2",1
invalid,1
svclt 8,1
invalid,1
"andpl r0, r1, 0x69",1
"andeq r0, r0, ip, lsr 32",1
"andeq r4, r0, sl, lsr 7",1
"sbceq sp, r1, sl",1
"andpl r0, r1, 0, 22",1
bleq 0x2ce08,1
"stmdavc r2, {r0, r8, ip, lr}",1
"andpl r0, r1, r0, lsl 22",1
"andeq r7, r0, r2, lsl 14",1
"lslgt r0, r0, 0x18",1
"teqeq r7, r0",1
"stceq p0, c0, [r0, -0]",1
"andeq ip, r0, r4, lsl 30",1
"strle r0, [r4, -0xd00]",1
"streq r0, [r0], -0",1
"eorseq r0, sl, r1, lsl 16",1
invalid,1
svceq 0,1
"eoreq r3, sb, r1, lsl 8",1
"cmpeq sl, r0, lsl 2",1
"andeq ip, r0, r4, ror 3",1
"andeq ip, r0, r8, ror 3",1
invalid,1
"andeq r1, r1, r0, lsl r7",1
"andeq r0, r1, r0, lsl 2",1
"andne r1, r0, 0, 2",1
"andeq r1, r1, r1, lsl 14",1
"eoreq r1, r5, r0, lsl 6",1
invalid,1
"movwne r0, 0",1
"andeq r0, r0, sb, asr 1",1
invalid,1
"strne r0, [r0], -1",1
"andeq r2, r0, r0, lsl sb",1
"rscseq r2, r6, r1, lsl 24",1
"mrseq r0, apsr",1
"eoreq r2, sb, r4, lsl r3",1
invalid,1
invalid,1
"strls r1, [r1], -r1, lsl 10",1
invalid,1
"andeq r0, r1, r6, lsr r1",1
"andeq r0, r0, r1, lsl 2",1
invalid,1
invalid,1
"andeq r0, r0, lr",1
"eoreq ip, sb, r1, lsl 22",1
"eoreq r5, sb, r0, lsl 28",1
"sbceq lr, r1, r0, lsl 16",1
"sbceq r1, r2, r0, lsl 8",1
"andseq r2, lr, r0, lsl 20",1
"streq r0, [r4, -0x200]",1
"rsbseq r6, r4, sb, ror 28",1
"strhs r0, [r7], -0x403",1
"movweq r0, 0",1
"eorseq r0, r1, r1, lsl 16",1
"andeq r0, r3, 0",1
"andeq r3, r0, r7, lsl 30",1
"streq r0, [r4, -r0, lsl 6]",1
"andeq r0, r0, pc, lsl r0",1
"movwlo r0, 0x6103",1
"movweq r0, 0",1
"sbceq r0, fp, r2, lsl 10",1
invalid,1
"andeq r0, r0, r5",1
"streq r0, [r8, -r0, lsl 6]",1
"andeq r0, r0, sl, lsl r0",1
"streq r0, [r5, -0x403]",1
"movweq r0, 0",1
"sbcseq r0, r5, r4, lsl 14",1
"streq r0, [r4], -0",1
blo 0x20eb14,1
"streq r0, [r0, -0]",1
blvc 0x10ff14,1
"streq r0, [r0, -r0]",1
"eoreq r4, sb, r1, lsl 20",1
"teqeq r0, r0, lsl 2",1
"andeq r0, r0, r5, lsr 32",1
"andeq ip, r0, r8, ror 3",1
"andeq ip, r0, r4, lsl r2",1
invalid,1
"andeq r0, r0, r7, asr 1",1
"eoreq sp, sb, r8, lsl 8",1
"ldcvc p1, c0, [r0, -0]!",1
invalid,1
"stmdbeq r0, {r0, r1, r6}",1
"andeq ip, r0, ip, lsl 4",1
"andeq sp, r0, r1, lsl 8",1
invalid,1
invalid,1
invalid,1
bleq 0xe898,1
"andeq r2, r0, r1, asr sb",1
"rsbseq r2, r2, r1, lsl 16",1
"mrseq r0, apsr",1
"stmdbhs r4, {r2, r3, r8} ^",1
"andvs r0, r2, 0",1
"andeq r2, r0, r1, lsl 10",1
"rscseq r0, r6, r0, lsl 2",1
invalid,1
"stceq p0, c0, [r0, -0]",1
"andeq r0, r0, r2, ror r0",1
"andeq r7, r0, sp, lsl 4",1
"streq r0, [r6], -0",1
"strdeq r0, r1, [r0], -ip",1
"andvc r0, sp, 0x80000003",1
"andeq r0, r0, r0",1
"andeq sl, r0, r0, lsl 12",1
"strhs r0, [r0, -0x200]",1
"streq r0, [r0], -0x22",1
"andseq r7, lr, r1, lsl 30",1
"andeq r6, r8, r0",1
svchs 0x2e2e00,1
"ldrbtvc r6, [r2], -0xf70",1
"ldmdbvc r3!, {r0, r1, r4, r5, r6, r8, sb, sl, fp, sp} ^",1
"rsbvc r6, r5, r3, ror r4",1
"rsbvc r2, r1, 0x1cc",1
"rsbvc r2, r3, 0x1b4",1
invalid,1
svcvs 0x682f00,1
bvs 0xbe7d80,1
blvs 0x1cabd58,1
"stmdbvc pc!, {r0, r2, r5, r6, sl, ip, sp, lr}",1
svcvs 0x74636f,1
"ldmdbvs r5!, {r0, r1, r2, r3, r5, sb, sp, lr} ^",1
"strtvc r6, [pc], -0x46c",1
"strvc r7, [pc, -sp, rrx]!",1
svchs 0x6b726f,1
"strbtvc r7, [sp], -r1, ror 4",1
"qasxvc r6, sp, r7",1
"cdpvs p0, 2, c7, c13, c6, 3",1
"stclhs p15, c6, [lr, -0x194]!",1
"stmdbvc fp!, {r4, r5, r6, r8, sb, sl, fp, sp, lr} ^",1
"cdpvs p12, 6, c6, c9, c13, 1",1
invalid,1
invalid,1
"strvs r6, [0x0000deaa]!",1
"rsbvs r6, sb, 0x6700",1
"cdphs p15, 3, c2, c2, c3, 3",1
"eorvc r3, sp, 0xc40000",1
invalid,1
invalid,1
invalid,1
"stmdbvs ip!, {r0, r1, r2, r4, r5, r8, sb, sl, fp, sp} ^",1
invalid,1
"smlsdxmi r0, r3, r5, r7",1
invalid,1
"mrchs p0, 1, r2, c2, c3, 2",1
invalid,1
"orreq r0, r0, r0, lsl 2",1
"sadd16eq r0, r0, r1",1
"tsteq r2, r1, lsl r1",1
"ldmdaeq fp, {r0, r1, fp}",1
"ldreq r0, [r3, -0x825]",1
invalid,1
"mcreq p1, 1, r0, c5, c1, 0",1
invalid,1
"sadd16eq r0, r0, fp",1
"strhs r0, [r2], -0",1
"vmlalo.f64 d0, d11, d0",1
"andeq r0, lr, fp, lsl 6",1
"eoreq r0, r4, r0, lsl 6",1
bleq 0xf914a0,1
"andeq r0, r0, r3, lsl 16",1
"movweq r3, 0x404",1
bllo 0x2dd0b8,1
svclo 0x13490b,1
"andeq r0, sl, ip, lsl 4",1
"eoreq r0, r6, r0, lsl 10",1
"andeq r1, r0, sb, asr 6",1
"andseq r0, r1, r0, lsl 2",1
"uadd16eq r0, r5, r0",1
"ldmdaeq fp, {r0, r1, fp}",1
"ldreq r0, [r3, -0x825]",1
invalid,1
"mcreq p1, 1, r0, c5, c1, 0",1
invalid,1
"uadd16eq r0, r5, fp",1
"cmpeq r2, r1, lsl r1",1
"andeq r0, r0, r0, lsl r6",1
bleq 0x178c4,1
"movweq r3, 0xbe0b",1
"movweq r0, 0xe",1
bleq 0x2ce958,1
"stmdaeq r3, {r1, r2, r3, r4, r5, r8, sb, fp}",1
"strne r0, [r4], -r0",1
blo 0x38f4d4,1
"stmdbmi fp, {r0, r1, r3, r8, sb, fp, ip, sp}",1
"streq r0, [r0, -0x13]",1
bleq 0x2ce91c,1
svceq 0x60000,1
"stmdbmi fp, {r8, sb, fp}",1
"smladeq r0, r3, r0, r0",1
"movtne r0, 0x9026",1
"movwne r0, 0x8000",1
bleq 0x38f4fc,1
bllo 0x2dd128,1
"andseq r0, r3, fp, lsl 2",1
"andeq r0, sp, r0, lsl 18",1
bleq 0xe92114,1
"movtne r0, 0x9b3b",1
"andeq r0, r0, r8, lsr sl",1
"movweq r0, 0xd0a",1
bllo 0x2dd138,1
"ldmdalo r3, {r0, r1, r3, r8, fp, lr}",1
bleq 0xe948,1
"cdpeq p0, 0, c0, c3, c13, 0",1
"ldreq r0, [fp, -0xb3a]!",1
beq 0xe13650,1
"strne r0, [ip], -r0",1
blo 0x38f534,1
"andeq r3, fp, fp, lsl 22",1
"mrseq r0, apsr",1
"movwne r1, 0x1349",1
invalid,1
svchs 0x134900,1
svceq 0xb,1
"movtne r0, 0x9035",1
"ldrne r0, [r0, -0]",1
"andeq r2, ip, r0, lsl 14",1
"eoreq r1, r6, r0, lsl 2",1
"tstne r2, 0",1
bleq 0x38f568,1
bllo 0x2dd17c,1
"andseq r0, r3, fp, lsl 2",1
"andseq r1, r6, r0, lsl 6",1
bleq 0xe90980,1
"movtne r0, 0x9b3b",1
"tstne r4, 0",1
invalid,1
"strne r0, [r0, -0xc]",1
bleq 0x2ced98,1
bleq 0xed1674,1
"andeq r1, r0, r1, lsl 6",1
"movweq r2, 0x816",1
"andeq r1, sp, lr, lsl 24",1
invalid,1
bleq 0xe915cc,1
"movwne r0, 0x153b",1
"cdphs p0, 1, c0, c8, c0, 0",1
"movweq r3, 0xcf01",1
bllo 0x2dd1e8,1
"stmdbmi ip, {r0, r1, r3, r8, sb, sl, sp}",1
invalid,1
"stmdbne r0, {r0, r1, r4}",1
"stmdaeq r3, {r0, r2}",1
bleq 0xed16ac,1
"andeq r1, r0, sb, asr 6",1
svclo 0x12e1a,1
blo 0x38f600,1
"strhs r3, [fp, -fp, lsl 22]",1
"andshs r4, r3, ip, lsl 18",1
invalid,1
blne 0xea2c,1
"cdpeq p0, 0, c0, c3, c5, 0",1
bleq 0xed16d0,1
"andeq r1, r0, sb, asr 6",1
"andeq r1, r0, ip, lsl r8",1
invalid,1
"mcreq p12, 0, r0, c3, c15, 1",1
"ldreq r0, [fp, -0xb3a]!",1
"movtne r0, 0x9c27",1
"movwne r0, 0x1b20",1
"ldreq r0, [lr, -0]",1
blo 0x38f60c,1
"stmdbmi r5, {r0, r1, r3, r8, sb, fp, ip, sp}",1
svcne 0x13,1
"cdpeq p1, 0, c0, c3, c14, 1",1
"ldreq r0, [fp, -0xb3a]!",1
"movtne r0, 0x9c27",1
"movwne r0, 0x1b20",1
bleq 0x80ea28,1
invalid,1
"stmdaeq r3, {r2, r4, r5}",1
"ldreq r0, [fp, -0xb3a]!",1
"andeq r1, r0, sb, asr 6",1
"movweq r2, 0x1e22",1
bllo 0x2dd278,1
"stmdbmi ip, {r0, r1, r3, r8, sb, sl, sp}",1
"andne r1, r1, 0xc0000004",1
"strls r4, [r6], -r1",1
"movwne r0, 0x1c42",1
"streq r0, [r3, -0]!",1
blo 0x20f658,1
"stmdbmi fp, {r0, r1, r3, r8, sb, fp, ip, sp}",1
"andeq r0, r6, r3, lsl r2",1
"eorseq r2, r4, r0, lsl 8",1
bleq 0xe90a74,1
"movtne r0, 0x9b3b",1
"andeq r0, r0, r2, lsl 20",1
"movweq r3, 0x425",1
bllo 0x2dd298,1
"andseq r4, r3, 0x2c000",1
"strhs r0, [r0], -r6",1
"teqne r1, 0x40000007",1
"usaxeq r0, r5, r2",1
bleq 0x16517ec,1
"andeq r1, r0, r1, lsl 6",1
invalid,1
"andeq r0, r6, r3, lsl r2",1
"andeq r2, r5, r0, lsl 16",1
bleq 0x713764,1
invalid,1
"smlabbne r1, r2, r1, r0",1
"tsteq r3, r1, lsl 2",1
bhs 0xeafc,1
"andeq r8, r1, sl, lsl 5",1
"addsmi r0, r1, 0x2000",1
blhs 0xeae4,1
"andeq r8, r1, sb, lsl 5",1
"teqne r1, 0x40000004",1
"stcne p0, c0, [ip, -0]!",1
"andspl r3, r3, 0x40000000",1
"stmdapl r6, {r0, r8, sl, ip, lr}",1
"andeq r5, fp, fp, lsl 18",1
"addhi r2, sb, 0, 26",1
"tsteq r1, r1, lsl 2",1
"andeq r1, r0, r1, lsr r3",1
"movweq r2, 0x1e2e",1
bllo 0x2dd320,1
invalid,1
"andmi r1, r1, r1, lsl 4",1
"mcrreq p6, 0, sb, r2, c6",1
"andeq r1, r0, r1, lsl 6",1
"movweq r0, 0x52f",1
bllo 0x2dd338,1
"andseq r4, r3, 0x2c000",1
"andlo r0, r0, r6",1
"mcreq p0, 0, r0, c3, c4, 1",1
bleq 0xed17f8,1
beq 0x93838,1
bleq 0xc4eb18,1
invalid,1
"andlo r0, r0, 0x13",1
"mcreq p0, 0, r0, c3, c4, 1",1
bleq 0xed1810,1
"streq r1, [r2], -sb, asr 6",1
"ldrtlo r0, [r3], -0",1
blo 0x20f734,1
"stmdbmi fp, {r0, r1, r3, r8, sb, fp, ip, sp}",1
"strlo r0, [r0], -0x13",1
"smlabbeq r1, sb, r2, r8",1
"addsmi r0, r5, 0x40000004",1
"andseq r3, r3, ip, lsl 2",1
invalid,1
bleq 0xe9235c,1
invalid,1
"movwne r0, 0x1b20",1
"ldrtlo r0, [r6], -0",1
blo 0x38f760,1
"stmdbmi fp, {r0, r1, r3, r8, sb, fp, ip, sp}",1
"smladlo r0, r3, r0, r0",1
"cdpeq p1, 0, c0, c3, c14, 1",1
"ldreq r0, [fp, -0xb3a]!",1
"tsteq r1, r7, lsr 24",1
invalid,1
"swpeq r4, r7, [ip]",1
"stmdalo r0, {r0, r1, r4}",1
"cdpeq p0, 0, c0, c3, c5, 0",1
"ldreq r0, [fp, -0xb3a]!",1
"streq r1, [r2], -sb, asr 6",1
"ldrtlo r0, [sb], -0",1
blo 0x38f794,1
"stmdbmi r5, {r0, r1, r3, r8, sb, fp, ip, sp}",1
"andeq r0, r6, r3, lsl r2",1
"eorseq r3, r4, r0, lsl 20",1
bleq 0xe923b0,1
"movtne r0, 0x953b",1
"andeq r0, r0, r2, lsl 20",1
invalid,1
"andne r1, r1, 0xc0000004",1
"stmdbpl fp, {r0, fp, ip, lr}",1
"andseq r0, r3, r5, lsl 2",1
"tsteq sp, r0, lsl 24",1
"cmpeq r2, r1, lsr r3",1
bleq 0x161051c,1
"movwne r0, 0x1559",1
"ldreq r0, [sp, -0]!",1
"andseq r3, r3, r0, lsl 2",1
invalid,1
"andeq r0, r0, r5, asr r6",1
invalid,1
"andeq r0, r6, r3, lsl r2",1
"eorseq r4, r4, r0",1
beq 0x938b0,1
"stclne p0, c0, [r1, -0]",1
"tstne r3, r1, lsl 2",1
"stmdapl r1, {r0, sb, ip}",1
"mrseq r5, apsr",1
"andmi r0, r0, 0x13",1
"teqne r1, 0x34",1
bleq 0x10cec08,1
"andne r1, r1, 0x40000000",1
"strmi r0, [r0], -1",1
"tsteq r1, fp, lsl 2",1
"movwne r0, 0x1112",1
"cdphs p0, 4, c0, c5, c0, 0",1
blo 0x38f820,1
"strhs r3, [r5, -fp, lsl 22]",1
"andeq r2, fp, ip",1
invalid,1
bleq 0xe9243c,1
"stceq p5, c0, [r7], -0xec",1
"movwne r0, 0x1b20",1
"strblo r0, [r7], -0",1
blo 0x38f840,1
"stmdbmi r5, {r0, r1, r3, r8, sb, fp, ip, sp}",1
"stmdami r0, {r0, r1, r4}",1
"ldceq p1, c0, [pc], -0xb8",1
bleq 0xe9245c,1
invalid,1
"tsteq r2, r1, lsl r1",1
"addsmi r0, r7, 64, 12",1
"andseq r0, r3, ip, lsl 2",1
invalid,1
bleq 0xe92474,1
invalid,1
bleq 0x813994,1
"andeq r1, r0, r1, lsl 6",1
svclo 0x12e4a,1
blo 0x38f8ac,1
"strhs r3, [r5, -fp, lsl 22]",1
"tstne r3, ip, lsl 18",1
"andmi r1, r1, r1, lsl 4",1
"mcrreq p7, 0, sb, r2, c6",1
"andeq r1, r0, r1, lsl 6",1
"movweq r3, 0x44b",1
bllo 0x2dd4b8,1
"andseq r4, r3, 0x14000",1
invalid,1
"teqne r1, 5",1
"andeq r0, r0, r2, lsl 20",1
"movweq r3, 0x44d",1
bllo 0x2dd4e8,1
svclo 0x13490b,1
"andeq r3, ip, ip, lsl 24",1
invalid,1
"mcreq p12, 0, r0, c3, c15, 1",1
bleq 0xed19ac,1
"movtne r0, 0x9c27",1
"movwne r0, 0x1c3c",1
"strbeq r0, [0x0000ecd0]",1
"andseq r4, r3, r0, lsl 18",1
"eoreq r5, lr, r0",1
"mcreq p12, 0, r0, c3, c15, 1",1
bleq 0xed19c8,1
"ldceq p12, c0, [ip], -0x9c",1
"cdphs p0, 5, c0, c1, c0, 0",1
"movweq r3, 0xcf01",1
"stmdbmi ip, {r1, r2, r3, r8, sb, sl, sp}",1
invalid,1
"andseq r0, r3, ip, lsl 2",1
invalid,1
"mcreq p12, 0, r0, c3, c15, 1",1
"ldreq r0, [fp, -0xb3a]!",1
"ldceq p12, c0, [ip], -0x9c",1
"andeq r1, r0, r1, lsl 6",1
svclo 0x12e53,1
blo 0x38f944,1
"strhi r3, [r5, -fp, lsl 22]",1
"stceq p14, c0, [r7], -0x100",1
"ldceq p3, c1, [ip], -0x124",1
"andeq r1, r0, r1, lsl 6",1
svclo 0x12e54,1
blo 0x38f95c,1
"strhi r3, [fp, -fp, lsl 22]",1
"stceq p14, c0, [r7], -0x100",1
"ldceq p3, c1, [ip], -0x124",1
"andeq r1, r0, r1, lsl 6",1
svclo 0x12e55,1
blo 0x38f974,1
"strhs r3, [r5, -fp, lsl 22]",1
invalid,1
"andseq r0, r3, ip, lsl 2",1
"eoreq r5, lr, r0, lsl 12",1
"mcreq p12, 0, r0, c3, c15, 1",1
bleq 0xed1a44,1
"movtne r0, 0x9c27",1
"andeq r0, r0, ip, lsr ip",1
svclo 0x12e57,1
blo 0x38f99c,1
"strhs r3, [fp, -fp, lsl 22]",1
invalid,1
"andeq r0, r0, r3, lsl r0",1
"strhs r1, [r1, -0x101]",1
"movweq r1, 0xb30e",1
"andne r1, lr, lr, lsl 22",1
"andeq r0, r0, 6",1
"mcreq p0, 0, r0, c3, c4, 1",1
bleq 0xed1a78,1
"ldceq p3, c1, [pc], -0x124",1
"andeq r0, r0, r2, lsl 20",1
bleq 0x129a8,1
"andseq r4, r3, fp, lsl 18",1
"eoreq r0, r6, r0, lsl 8",1
"andeq r1, r0, sb, asr 6",1
bleq 0x17dc0,1
"movweq r3, 0xbe0b",1
"andeq r0, r0, lr",1
"strhs r1, [r1, -0x101]",1
"movweq r1, 0xb30e",1
invalid,1
"andne r1, r1, r1, lsl 4",1
"andeq r0, r0, 6",1
bleq 0x2cee5c,1
"stmdaeq r3, {r1, r2, r3, r4, r5, r8, sb, fp}",1
"strne r0, [r3], -r0",1
blo 0x38f9d8,1
"stmdbmi fp, {r0, r1, r3, r8, sb, fp, ip, sp}",1
"streq r0, [r0], -0x13",1
bleq 0x2cee74,1
invalid,1
svceq 0x50000,1
"andeq r0, fp, r0, lsl 22",1
"andeq r0, pc, r0, lsl 12",1
"movtne r0, 0x9b0b",1
"movwne r0, 0x7000",1
bleq 0x38fa04,1
bllo 0x2dd630,1
"andseq r0, r3, fp, lsl 2",1
"andeq r0, sp, r0, lsl 16",1
bleq 0xe9261c,1
"movtne r0, 0x9b3b",1
"andeq r0, r0, r8, lsr sl",1
"movweq r0, 0xd09",1
bllo 0x2dd658,1
"ldmdalo r3, {r0, r2, r8, fp, lr}",1
beq 0xee50,1
"mcreq p0, 0, r0, c3, c6, 0",1
bleq 0xed1b18,1
"mrseq r0, apsr",1
"tsteq r3, r1, lsl 18",1
invalid,1
"movtne r0, 0x9021",1
"andeq r0, r0, pc, lsr 22",1
"stmdbmi r0, {r0, r2, r3, sb, sl, sp}",1
"mcreq p0, 0, r0, c0, c3, 0",1
"movtne r0, 0x9035",1
"cdphs p0, 0, c0, c15, c0, 0",1
"movweq r3, 0xcf01",1
bllo 0x2dd694,1
invalid,1
"andmi r1, r1, r1, lsl 4",1
"mcrreq p7, 0, sb, r2, c10",1
"andeq r1, r0, r1, lsl 6",1
"movweq r0, 0x510",1
bllo 0x2dd6ac,1
"andseq r4, r3, 0x2c000",1
invalid,1
"ldceq p1, c0, [pc], -0xb8",1
bleq 0xe92690,1
invalid,1
"tsteq r2, r1, lsl r1",1
"addsmi r0, r7, 64, 12",1
"andseq r0, r3, ip, lsl 2",1
"mrseq r1, r11_fiq",1
"movwne r0, 0x1655",1
"ldrlo r0, [r3], -0",1
blo 0x38faa4,1
"stmdbmi fp, {r0, r1, r3, r8, sb, fp, ip, sp}",1
"andeq r0, r6, r3, lsl r2",1
"addhi r1, sb, 0, 8",1
"tsteq r1, r1, lsl 2",1
"movwne r1, 0x1331",1
bhi 0x54eebc,1
"andeq r0, r0, 0x80000020",1
beq 0x10b32ec,1
invalid,1
"smlabbne r0, r2, r1, r0",1
"andseq r3, r3, r1, lsl 2",1
"addhi r1, sb, 0, 14",1
"tsteq r1, r1, lsl 2",1
"andeq r1, r0, r1, lsr r3",1
"movweq r3, 0x418",1
bllo 0x2dd71c,1
"andseq r4, r3, 0x2c000",1
"stmdbne r0, {r1, r3}",1
"mcreq p0, 0, r0, c3, c4, 1",1
bleq 0xed1bdc,1
"ldceq p3, c1, [pc], -0x124",1
"andeq r0, r0, ip, lsr ip",1
svclo 0x12e1a,1
blo 0x38fb34,1
"strhs r3, [fp, -fp, lsl 22]",1
invalid,1
"andseq r0, r3, ip, lsl 2",1
"andeq r1, r5, r0, lsl 22",1
"andeq r1, r0, sb, asr 6",1
svclo 0x2e1c,1
blo 0x38fb50,1
"strhs r3, [fp, -fp, lsl 22]",1
invalid,1
"stcne p0, c0, [r0, -0x30]",1
"ldceq p1, c0, [pc], -0xb8",1
bleq 0xe92740,1
"stceq p5, c0, [r7], -0xec",1
"ldceq p3, c1, [ip], -0x124",1
"andeq r1, r0, r1, lsl 6",1
svclo 0x12e1e,1
blo 0x38fb78,1
"strhs r3, [fp, -fp, lsl 22]",1
invalid,1
svcne 0x13,1
"andeq r0, r0, r8, lsl r0",1
svclo 0x12e20,1
blo 0x38fb90,1
"strhs r3, [r5, -fp, lsl 22]",1
"andeq r3, ip, ip, lsl 24",1
"mrsne r0, apsr",1
"movwne r2, 0xe501",1
blne 0x38fba0,1
"andne r1, r1, 0x80000003",1
"andeq r1, r6, r1",1
"eoreq r0, r4, r0, lsl 4",1
bleq 0xf91bb0,1
"andeq r0, r0, r3, lsl 16",1
"movweq r1, 0x603",1
bllo 0x2dd7c8,1
"andseq r4, r3, fp, lsl 18",1
"eoreq r0, r4, r0, lsl 8",1
bleq 0xf91bc8,1
"andeq r0, r0, r3, lsl 28",1
bleq 0x12bb8,1
"andseq r4, r3, fp, lsl 18",1
"eoreq r0, r6, r0, lsl 12",1
"andeq r1, r0, sb, asr 6",1
svclo 0x12e07,1
blo 0x38fbe8,1
"strhs r3, [fp, -fp, lsl 22]",1
"tstne r3, ip, lsl 18",1
"andmi r1, r1, r1, lsl 4",1
"mcrreq p7, 0, sb, r2, c10",1
"andeq r1, r0, r1, lsl 6",1
"movweq r0, 0x508",1
bllo 0x2dd80c,1
"andseq r4, r3, 0x2c000",1
"stmdbeq r0, {r1, r2}",1
"mcreq p0, 0, r0, c3, c4, 1",1
bleq 0xed1ccc,1
"streq r1, [r2], -sb, asr 6",1
"strlo r0, [sl], -0",1
blo 0x20fbf0,1
"stmdbmi fp, {r0, r1, r3, r8, sb, fp, ip, sp}",1
"andeq r0, r6, r3, lsl r2",1
invalid,1
"mcreq p12, 0, r0, c3, c15, 1",1
bleq 0xed1cec,1
"movtne r0, 0x9c27",1
"tsteq r2, r1, lsl r1",1
"addsmi r0, r7, 64, 12",1
"andseq r0, r3, ip, lsl 2",1
"eorseq r0, r4, r0, lsl 24",1
bleq 0xe91028,1
"movtne r0, 0x9b3b",1
"andeq r0, r0, r2, lsl 20",1
"movweq r3, 0x40d",1
bllo 0x2dd864,1
invalid,1
"cdpeq p0, 0, c0, c0, c11, 0",1
"smlabbeq r1, sb, r2, r8",1
"teqne r1, 0x40000004",1
bhi 0x3cf040,1
"andeq r0, r0, 0x80000020",1
beq 0x10b3470,1
"cdphs p0, 1, c0, c0, c0, 0",1
"movweq r3, 0xcf01",1
bllo 0x2dd88c,1
"stmdbmi ip, {r0, r2, r8, sb, sl, sp}",1
"andeq r3, ip, r3, lsl ip",1
"andeq r1, r5, r0, lsl 2",1
"andeq r1, r0, sb, asr 6",1
"tsteq r1, r0, lsl 2",1
bleq 0x4d2900,1
"cdpeq p14, 1, c0, c11, c3, 0",1
"andeq r0, r0, r0, lsl r6",1
bleq 0x18080,1
"movweq r3, 0xbe0b",1
"movweq r0, 0xe",1
bleq 0x2cf114,1
"stmdaeq r3, {r1, r2, r3, r4, r5, r8, sb, fp}",1
"strlo r0, [r4, -0]",1
"andseq r4, r3, r0, lsl 18",1
"eorseq r0, r4, r0, lsl 10",1
bleq 0xe928a4,1
"movtne r0, 0x9b3b",1
beq 0x9219c,1
invalid,1
"mcreq p1, 1, r0, c5, c1, 0",1
invalid,1
"tsteq r1, fp, lsl lr",1
"sadd16eq r0, r0, r2",1
"strhs r0, [r2], -0",1
"vmlalo.f64 d0, d11, d0",1
"andeq r0, r8, fp, lsl 6",1
"andseq r0, r6, r0, lsl 6",1
bleq 0xe928d4,1
"movtne r0, 0x9b3b",1
"strhs r0, [r4], -0",1
"vmlalo.f64 d0, d11, d0",1
"andeq r0, lr, fp, lsl 6",1
"andeq r0, pc, r0, lsl 10",1
"andeq r0, r0, fp, lsl 22",1
bleq 0x12cfc,1
"andseq r4, r3, fp, lsl 18",1
"tsteq r3, r0, lsl 14",1
bleq 0x2d28fc,1
bleq 0xed1ddc,1
"andeq r1, r0, r1, lsl 6",1
"movweq r0, 0xd08",1
bllo 0x2dd938,1
"ldmdalo r3, {r0, r1, r3, r8, fp, lr}",1
"stmdbeq r0, {r1, r3}",1
"cdpeq p0, 0, c0, c3, c13, 0",1
"ldreq r0, [fp, -0xb3a]!",1
beq 0xe13e38,1
"strne r0, [sl], -r0",1
blo 0x38fd1c,1
"andeq r3, fp, fp, lsl 22",1
invalid,1
"movwne r1, 0x1349",1
invalid,1
svchs 0x134900,1
"stceq p0, c0, [r0, -0x2c]",1
"movtne r0, 0x9026",1
"strhs r0, [lr], -r0",1
svceq 0,1
"ldceq p1, c0, [pc], -0xb8",1
bleq 0xe92954,1
invalid,1
"tsteq r2, r1, lsl r1",1
"addsmi r0, r7, 64, 12",1
"andseq r0, r3, ip, lsl 2",1
"andeq r1, r5, r0",1
bleq 0xe9296c,1
"movtne r0, 0x9b3b",1
"andeq r0, r0, r2, lsl 12",1
"movweq r3, 0x411",1
bllo 0x2dd9a8,1
"andseq r4, r3, 0x2c000",1
"andne r0, r0, 6",1
"smlabbeq r1, sb, r2, r8",1
"teqne r1, 0x40000004",1
"andeq r1, r0, r1, lsl 6",1
"orreq r8, r2, r3, lsl sl",1
"mrsls r0, r10_fiq",1
"andeq r0, r0, r2, asr 20",1
"orreq r8, r2, r4, lsl sb",1
"mrslo r1, apsr",1
"strne r0, [r0, -0x13]",1
"mcreq p0, 0, r0, c3, c4, 1",1
bleq 0xed1e8c,1
"ldceq p3, c1, [pc], -0x124",1
"andeq r0, r0, r2, lsl 20",1
"movweq r3, 0x416",1
bllo 0x2dd9ec,1
svclo 0x13490b,1
"andeq r3, ip, ip, lsl 24",1
invalid,1
"mcreq p12, 0, r0, c3, c15, 1",1
"ldreq r0, [fp, -0xb3a]!",1
"movtne r0, 0x9c27",1
"movwne r0, 0x1c3c",1
"ldreq r0, [r8, -0]",1
"andseq r4, r3, r0, lsl 18",1
invalid,1
"mcreq p12, 0, r0, c3, c15, 1",1
bleq 0xed1ecc,1
"movtne r0, 0x9c27",1
"movwne r0, 0x1c3c",1
"cdphs p0, 1, c0, c10, c0, 0",1
"movweq r3, 0xcf01",1
bllo 0x2dda30,1
"cdpeq p7, 4, c8, c0, c11, 0",1
"movtne r0, 0x9c27",1
"movwne r0, 0x1c3c",1
"cdphs p0, 1, c0, c11, c0, 0",1
"movweq r3, 0xcf00",1
bllo 0x2dda48,1
invalid,1
"andeq r0, r0, ip",1
"strhs r1, [r1, -0x101]",1
"movweq r1, 0xb30e",1
invalid,1
"andne r1, r1, r1, lsl 4",1
"andeq r0, r0, 6",1
bleq 0x2cf2c0,1
"stmdaeq r3, {r1, r2, r3, r4, r5, r8, sb, fp}",1
"strne r0, [r3], -r0",1
blo 0x38fe3c,1
"stmdbmi fp, {r0, r1, r3, r8, sb, fp, ip, sp}",1
"streq r0, [r0], -0x13",1
bleq 0x2cf2d8,1
invalid,1
"strne r0, [r5], -r0",1
blo 0x38fe54,1
"stmdbmi r5, {r0, r1, r3, r8, sb, fp, ip, sp}",1
invalid,1
"cdpeq p1, 0, c0, c3, c4, 0",1
bleq 0xe91e90,1
"movwne r0, 0x1b3b",1
invalid,1
invalid,1
"stmdaeq r0, {r0, r2, r3}",1
bleq 0x2cf2b4,1
svceq 0x90000,1
"stmdbmi fp, {r8, sb, fp}",1
beq 0xf2d0,1
bleq 0x2cf698,1
bleq 0xed1f74,1
"andeq r1, r0, r1, lsl 6",1
"stmdbmi r0, {r0, r1, r3, sb, sl, sp}",1
invalid,1
"movtne r0, 0x9101",1
"andeq r1, r0, r1, lsl 6",1
"stmdbmi r0, {r0, r2, r3, r8, sp}",1
"andeq r2, fp, r3, lsl pc",1
"eoreq r0, r6, r0, lsl 28",1
"movwne r0, 0xf000",1
bleq 0x38feb8,1
bllo 0x2ddae4,1
"andseq r0, r3, fp, lsl 2",1
"andeq r1, sp, r0",1
bleq 0xe92ad0,1
"movtne r0, 0x9b3b",1
"andeq r0, r0, r8, lsr sl",1
"movweq r0, 0xd11",1
bllo 0x2ddb0c,1
"ldmdalo r3, {r0, r2, r8, fp, lr}",1
"andne r0, r0, 0xa",1
bleq 0x2cf73c,1
bleq 0xed1fcc,1
"andeq r1, r0, r1, lsl 6",1
"movweq r0, 0xd13",1
bllo 0x2ddb28,1
"andseq r4, r3, fp, lsl 18",1
"tsteq r3, r0, lsl 8",1
bleq 0xe91f28,1
"movwne r0, 0x1b3b",1
"ldrne r0, [r5], -r0",1
blo 0x38ff08,1
"andeq r3, fp, fp, lsl 22",1
"tsteq r3, r0, lsl 12",1
bleq 0x2d2b20,1
"ldreq r0, [fp, -0xb3a]!",1
"andeq r1, r0, r1, lsl 6",1
"movweq r0, 0xd17",1
bllo 0x2ddb44,1
"ldmdalo r3, {r0, r2, r8, fp, lr}",1
"stmdane r0, {r1, r3}",1
"cdpeq p1, 0, c0, c3, c14, 1",1
bleq 0xed201c,1
"movtne r0, 0x9c27",1
"movwne r0, 0x1b20",1
"ldreq r0, [sb, -0]",1
blo 0x20ff44,1
"stmdbmi fp, {r0, r1, r3, r8, sb, fp, ip, sp}",1
bne 0xf398,1
"andeq r0, r0, fp, lsl 2",1
"movweq r3, 0x41b",1
bllo 0x2ddb78,1
"andseq r4, r3, fp, lsl 18",1
"andeq r1, r5, r0, lsl 24",1
bleq 0xe92b70,1
"movtne r0, 0x9b3b",1
"ldrlo r0, [sp], -0",1
blo 0x38ff70,1
"stmdbmi fp, {r0, r1, r3, r8, sb, fp, ip, sp}",1
"mcrne p0, 0, r0, c0, c3, 0",1
"ldceq p1, c0, [pc], -0xb8",1
bleq 0xe92b8c,1
invalid,1
bleq 0x8140ac,1
"movwne r0, 0x1c34",1
"cdphs p0, 1, c0, c15, c0, 0",1
"movweq r3, 0xcf01",1
bllo 0x2ddbd0,1
"stmdbmi ip, {r0, r1, r3, r8, sb, sl, sp}",1
invalid,1
"andhs r0, r0, r3, lsl r0",1
"cdpeq p1, 0, c0, c3, c14, 1",1
bleq 0xed2094,1
"movtne r0, 0x9c27",1
"tsteq r2, r1, lsl r1",1
"addsmi r0, r7, 64, 12",1
"andseq r0, r3, ip, lsl 2",1
"andeq r2, r5, r0, lsl 2",1
bleq 0xe92bd0,1
"movtne r0, 0x9b3b",1
"andeq r0, r0, r2, lsl 12",1
"movweq r3, 0x422",1
bllo 0x2ddbf4,1
"andseq r4, r3, 0x2c000",1
"movwhs r0, 6",1
"andeq r8, r1, sb, lsl 5",1
"teqne r1, 0x40000004",1
"cdphs p0, 2, c0, c4, c0, 0",1
"tstne r3, r1, lsl 2",1
"andmi r1, r1, r1, lsl 4",1
"mcrreq p7, 0, sb, r2, c6",1
"andeq r1, r0, r1, lsl 6",1
invalid,1
"andeq r0, r6, r3, lsl r2",1
"eorseq r2, r4, r0, lsl 12",1
beq 0x940cc,1
"strtlo r0, [r7], -0",1
"andseq r3, r3, 0, 2",1
"stmdahs r0, {r1, r2}",1
"teqne r1, 0x40000007",1
"tsteq r2, r1, lsl r1",1
bleq 0x1652180,1
"andeq r1, r0, r1, lsl 6",1
invalid,1
"andeq r1, fp, r3, lsl ip",1
"andeq r2, r5, r0, lsl 20",1
"andeq r1, r0, r1, lsr r3",1
invalid,1
"andeq r1, r1, r1, lsl 4",1
"tsteq sp, r0, lsl 24",1
"tsteq r1, r1, lsr r3",1
bleq 0x160f890,1
"andeq r0, r0, sb, asr fp",1
invalid,1
"strpl r5, [r1, -0x213]",1
"stmdbpl fp, {r1, r2, fp, ip, lr}",1
"andseq r0, r3, fp, lsl 2",1
invalid,1
"andeq r0, r0, r5, asr r6",1
invalid,1
"strpl r5, [r1, -0x213]",1
"stmdbpl fp, {r1, r2, fp, ip, lr}",1
"andlo r0, r0, fp",1
"stmdaeq r3, {r0, r2}",1
bleq 0xed2164,1
"streq r1, [r2], -sb, asr 6",1
"ldreq r0, [r1, -0]!",1
blo 0x390088,1
"stmdbmi fp, {r0, r1, r3, r8, sb, fp, ip, sp}",1
"andeq r0, sl, r3, lsl r2",1
"eorseq r3, r4, r0, lsl 4",1
bleq 0xe92ca4,1
"movtne r0, 0x9b3b",1
"andeq r0, r0, r2, lsl 12",1
"movweq r0, 0xa33",1
bllo 0x2ddce0,1
"andeq r1, r1, r5, lsl 2",1
"tsteq sp, r0, lsl 8",1
"tsteq r1, r1, lsr r3",1
bleq 0x160f900,1
"movwne r0, 0x1559",1
"ldrtlo r0, [r5], -0",1
"andseq r3, r3, r0, lsl 2",1
"addhi r3, sb, 0, 12",1
"tsteq r1, r1, lsl 2",1
"andeq r1, r0, r1, lsr r3",1
"orreq r8, r2, r7, lsr sl",1
"mrsls r0, r10_fiq",1
"andeq r0, r0, r2, asr 20",1
"strpl r0, [r1, -0xb38]",1
"andseq r0, r3, r6, lsl 2",1
"eorseq r3, r4, r0, lsl 18",1
bleq 0xe914f8,1
"movtne r0, 0x953b",1
"andeq r0, r0, r2, lsl 12",1
"movweq r3, 0x43a",1
bllo 0x2ddd34,1
"andseq r4, r3, 0x14000",1
bllo 0xf51c,1
"mcreq p0, 0, r0, c3, c4, 1",1
"ldreq r0, [fp, -0xb3a]!",1
beq 0x94234,1
invalid,1
"smlabbne r1, r2, r1, r0",1
"tsteq r3, r1, lsl 2",1
"stclo p0, c0, [r0, -0x4c]",1
"teqne r1, 0x40000007",1
"usaxeq r0, r5, r2",1
"ldrbeq r0, [sb, -0xb58]",1
"andeq r1, r0, r1, lsl 6",1
invalid,1
invalid,1
svclo 0x13,1
"cdpeq p1, 0, c0, c3, c14, 1",1
"ldreq r0, [fp, -0xb3a]!",1
"movtne r0, 0x9c27",1
"tsteq r2, r1, lsl r1",1
"addsmi r0, r7, 64, 12",1
"andseq r0, r3, ip, lsl 2",1
"andeq r4, r5, r0",1
bleq 0xe91568,1
"movtne r0, 0x953b",1
"andeq r0, r0, r2, lsl 12",1
"movweq r0, 0x541",1
bllo 0x2ddda4,1
"andseq r4, r3, 0x14000",1
"andmi r0, r0, 6",1
"stmdaeq r3, {r2, r4, r5}",1
"ldreq r0, [fp, -0xb3a]!",1
beq 0x942a4,1
"cdphs p0, 4, c0, c3, c0, 0",1
"movweq r3, 0xcf01",1
bllo 0x2dddc4,1
"stmdbmi ip, {r0, r1, r3, r8, sb, sl, sp}",1
"andne r1, r1, 0xc0000004",1
"strls r4, [r6, -r1]",1
"movwne r0, 0x1c42",1
"strblo r0, [r4], -0",1
blo 0x2101a4,1
"stmdbmi fp, {r0, r1, r3, r8, sb, fp, ip, sp}",1
"andeq r0, sl, r3, lsl r2",1
invalid,1
"mcreq p12, 0, r0, c3, c15, 1",1
bleq 0xed22a0,1
"movtne r0, 0x9c27",1
"tsteq r2, r1, lsl r1",1
"addsmi r0, r7, 64, 20",1
"andseq r0, r3, ip, lsl 2",1
invalid,1
"mcreq p12, 0, r0, c3, c15, 1",1
bleq 0xed22bc,1
"tsteq r1, r7, lsr 24",1
beq 0x100fa24,1
"swpeq r4, r7, [ip]",1
"smladmi r0, r3, r0, r0",1
"stmdaeq r3, {r0, r2}",1
bleq 0xed22d4,1
beq 0x94314,1
"cdphs p0, 4, c0, c8, c0, 0",1
"movweq r3, 0xcf01",1
bllo 0x2dde34,1
invalid,1
"andmi r1, r1, r1, lsl 4",1
"mcrreq p7, 0, sb, r2, c6",1
"andeq r1, r0, r1, lsl 6",1
svclo 0x12e49,1
blo 0x390244,1
"strhs r3, [r5, -fp, lsl 22]",1
"tstne r3, ip, lsl 18",1
"andmi r1, r1, r1, lsl 4",1
"mcrreq p7, 0, sb, r2, c6",1
"andeq r1, r0, r1, lsl 6",1
"movweq r0, 0x54a",1
bllo 0x2dde50,1
"andseq r4, r3, 0x14000",1
blmi 0xf660,1
"ldceq p1, c0, [pc], -0xb8",1
bleq 0xe92e4c,1
"stceq p5, c0, [r7], -0xec",1
"tsteq r1, sb, asr 6",1
beq 0x100fa94,1
"swpeq r4, r7, [ip]",1
invalid,1
"smlabbeq r1, sb, r2, r8",1
"addsmi r0, r5, 0x40000004",1
"andseq r3, r3, ip, lsl 2",1
invalid,1
"mcreq p12, 0, r0, c3, c15, 1",1
"ldreq r0, [fp, -0xb3a]!",1
"tsteq r1, r7, lsr 24",1
invalid,1
"swpeq r4, r7, [ip]",1
"mcrmi p0, 0, r0, c0, c3, 0",1
"teqne r1, 5",1
"andeq r0, r0, r2, lsl 20",1
"movweq r0, 0x54f",1
bllo 0x2ddec4,1
"andseq r4, r3, 0x14000",1
"andpl r0, r0, sl",1
"mcreq p0, 0, r0, c3, c4, 1",1
bleq 0xed2384,1
beq 0x943c4,1
"ldrblo r0, [r1], -0",1
blo 0x3902a8,1
"stmdbmi fp, {r0, r1, r3, r8, sb, fp, ip, sp}",1
"andeq r3, ip, 19, 30",1
"andpl r0, r0, 0xa",1
"mcreq p0, 0, r0, c3, c4, 1",1
"ldreq r0, [fp, -0xb3a]!",1
"ldceq p3, c1, [pc], -0x124",1
"andeq r0, r0, r2, lsl 20",1
"movweq r3, 0x453",1
bllo 0x2ddf04,1
svclo 0x13490b,1
"andeq r3, ip, ip, lsl 24",1
"eoreq r5, lr, r0, lsl 8",1
"mcreq p12, 0, r0, c3, c15, 1",1
"ldreq r0, [fp, -0xb3a]!",1
"ldceq p12, c0, [ip], -0x9c",1
"cdphs p0, 5, c0, c5, c0, 0",1
"movweq r3, 0xcf00",1
bllo 0x2ddf28,1
"stmdbmi ip, {r0, r1, r3, r8, sb, sl, sp}",1
"andeq r3, ip, r3, lsl ip",1
invalid,1
"mcreq p12, 0, r0, c3, c15, 1",1
bleq 0xed23ec,1
"movtne r0, 0x9c27",1
"movwne r0, 0x1c3c",1
"ldrbeq r0, [r7, -0]",1
"andseq r4, r3, r0, lsl 18",1
invalid,1
"mcreq p12, 0, r0, c3, c15, 1",1
"ldreq r0, [fp, -0xb3a]!",1
"movtne r0, 0x9c27",1
"movwne r0, 0x1c3c",1
"cdphs p0, 5, c0, c9, c0, 0",1
"movweq r3, 0xcf01",1
"stmdbmi ip, {r1, r2, r3, r8, sb, sl, sp}",1
invalid,1
"andseq r0, r3, ip, lsl 2",1
"eoreq r5, lr, r0, lsl 20",1
"mcreq p12, 0, r0, c3, c15, 1",1
bleq 0xed2430,1
"ldceq p12, c0, [ip], -0x9c",1
"cdphs p0, 5, c0, c11, c0, 0",1
"movweq r3, 0xcf01",1
bllo 0x2ddf90,1
invalid,1
"andseq r0, r3, ip, lsl 2",1
invalid,1
"mcreq p12, 0, r0, c3, c15, 1",1
bleq 0xed2454,1
"movtne r0, 0x9c27",1
"andeq r0, r0, ip, lsr ip",1
"tsteq r1, r0, lsl 2",1
bleq 0x4d3010,1
"cdpeq p14, 1, c0, c11, c3, 0",1
"tsteq r2, r1, lsl r1",1
"andeq r0, r0, r0, lsl r6",1
bleq 0x18794,1
"movweq r3, 0xbe0b",1
"movweq r0, 0xe",1
bleq 0x2cf828,1
"stmdaeq r3, {r1, r2, r3, r4, r5, r8, sb, fp}",1
"strne r0, [r4], -r0",1
blo 0x3903a4,1
"stmdbmi fp, {r0, r1, r3, r8, sb, fp, ip, sp}",1
"streq r0, [r0, -0x13]",1
"mcreq p1, 0, r0, c3, c3, 0",1
bleq 0xe923e0,1
"movwne r0, 0x1b3b",1
"stceq p0, c0, [r6, -0]",1
blo 0x3903c0,1
"stmdbmi fp, {r0, r1, r3, r8, sb, fp, ip, sp}",1
"andeq r3, sl, r3, lsl r8",1
"andeq r0, pc, r0, lsl 14",1
"movtne r0, 0x9b0b",1
"strhs r0, [r8], -r0",1
"andseq r4, r3, r0, lsl 18",1
invalid,1
"mcreq p12, 0, r0, c3, c15, 1",1
"ldreq r0, [fp, -0xb3a]!",1
"movtne r0, 0x9c27",1
"movwne r0, 0x1b20",1
"streq r0, [sl, -0]",1
blo 0x3903f4,1
"stmdbmi r5, {r0, r1, r3, r8, sb, fp, ip, sp}",1
bleq 0xf848,1
"ldceq p1, c0, [pc], -0xb8",1
bleq 0xe93010,1
invalid,1
"tsteq r1, sb, asr 6",1
invalid,1
"swpeq r4, r7, [ip]",1
invalid,1
"cdpeq p0, 0, c0, c3, c5, 0",1
bleq 0xed2508,1
"streq r1, [r2], -sb, asr 6",1
"strlo r0, [sp], -0",1
blo 0x39042c,1
"stmdbmi fp, {r0, r1, r3, r8, sb, fp, ip, sp}",1
"andeq r0, sl, r3, lsl r2",1
"tsteq sp, r0, lsl 28",1
"tsteq r1, r1, lsr r3",1
bleq 0x160fc88,1
"andeq r0, r0, sb, asr fp",1
invalid,1
"andeq r0, sl, r3, lsl r2",1
"addhi r1, sb, 0",1
"tsteq r1, r1, lsl 2",1
"andeq r1, r0, r1, lsr r3",1
"orreq r8, r2, r1, lsl sl",1
"mrsls r0, r10_fiq",1
"andeq r0, r0, r2, asr 20",1
svclo 0x12e12,1
blo 0x39049c,1
"strhi r3, [r5, -fp, lsl 22]",1
"stceq p14, c0, [r7], -0x100",1
"ldceq p3, c1, [ip], -0x124",1
"ldreq r0, [r3, -0]",1
"andseq r4, r3, r0, lsl 18",1
"mrsne r0, apsr",1
"movwne r2, 0xe501",1
blne 0x3904b8,1
"andne r1, r1, 0x80000003",1
"andeq r1, r6, r1",1
"andseq r0, r6, r0, lsl 4",1
bleq 0xe930a8,1
"movtne r0, 0x9b3b",1
"movwne r0, 0x3000",1
bleq 0x3904ac,1
bllo 0x2de0d8,1
"andseq r0, r3, fp, lsl 2",1
"andeq r0, sp, r0, lsl 8",1
"movtne r0, 0x9e03",1
invalid,1
svceq 0x50000,1
"andeq r0, fp, r0, lsl 22",1
"eoreq r0, r4, r0, lsl 12",1
bleq 0xf924f8,1
"andeq r0, r0, r3, lsl 28",1
bleq 0x188f0,1
"movweq r3, 0xbe0b",1
"stmdaeq r0, {r3}",1
bleq 0x2cf91c,1
"andeq r1, r0, sb, asr 6",1
"movweq r0, 0xd09",1
bllo 0x2de124,1
"ldmdalo r3, {r0, r1, r3, r8, fp, lr}",1
beq 0xf91c,1
"cdpeq p0, 0, c0, c3, c13, 0",1
"ldreq r0, [fp, -0xb3a]!",1
beq 0xe14624,1
"strne r0, [fp], -r0",1
blo 0x390508,1
"andeq r3, fp, fp, lsl 22",1
"mrseq r0, apsr",1
"movwne r1, 0x1349",1
"mrshs r0, apsr",1
svchs 0x134900,1
"cdpeq p0, 0, c0, c0, c11, 0",1
"movtne r0, 0x9026",1
"streq r0, [pc], -0",1
blo 0x2d2530,1
invalid,1
"andne r0, r0, r3, lsl r0",1
"cdpeq p0, 0, c0, c3, c8, 1",1
"andeq r0, r0, ip, lsl sp",1
svclo 0x12e11,1
blo 0x390574,1
"strhs r3, [fp, -fp, lsl 22]",1
"andshs r4, r3, ip, lsl 18",1
invalid,1
"andne r0, r0, 0x13",1
"cdpeq p0, 0, c0, c3, c5, 0",1
bleq 0xed2644,1
"andeq r1, r0, sb, asr 6",1
"andeq r1, r0, r3, lsl r8",1
invalid,1
"mcreq p12, 0, r0, c3, c15, 1",1
bleq 0xed2658,1
"tsteq r1, r7, lsr 24",1
invalid,1
"swpeq r4, r7, [ip]",1
"strne r0, [r0, -0x13]",1
"cdpeq p0, 0, c0, c3, c5, 0",1
bleq 0xed2670,1
"streq r1, [r2], -sb, asr 6",1
"ldreq r0, [r6, -0]",1
blo 0x390594,1
"stmdbmi fp, {r0, r1, r3, r8, sb, fp, ip, sp}",1
"andeq r0, sl, r3, lsl r2",1
"tsteq sp, r0, lsl 14",1
"tsteq r1, r1, lsr r3",1
bleq 0x160fdf0,1
"movwne r0, 0x1b59",1
"ldreq r0, [r8, -0]",1
"andseq r3, r3, 0, 2",1
"stmdbne r0, {r1, r2}",1
"smlabbeq r1, sb, r2, r8",1
"teqne r1, 0x40000004",1
bhi 0x68f9c4,1
"andeq r0, r0, 0x80000020",1
beq 0x10b3df4,1
"ldreq r0, [fp, -0]",1
"andseq r3, r3, r0, lsl 2",1
"tsteq sp, r0, lsl 24",1
"cmpeq r2, r1, lsr r3",1
bleq 0x1611334,1
"movwne r0, 0x1b59",1
invalid,1
"smlabbne r1, r2, r1, r0",1
"mcrreq p5, 0, sb, r2, c1",1
"andeq r1, r0, r1, lsr r3",1
invalid,1
"andeq r0, sl, r3, lsl r2",1
"addhi r1, sb, 0, 30",1
"tsteq r1, r1, lsl 2",1
"movwne r1, 0x1331",1
invalid,1
"smlabbne r0, r2, r1, r0",1
"andseq r3, r3, r1, lsl 2",1
"eorseq r2, r4, r0, lsl 2",1
bleq 0xe93228,1
"movtne r0, 0x9b3b",1
"andeq r0, r0, r2, lsl 12",1
"movweq r3, 0x422",1
bllo 0x2de264,1
"andseq r4, r3, 0x2c000",1
"movwhs r0, 0xa",1
"andeq r8, r1, sb, lsl 5",1
"addsmi r0, r5, 0x40000004",1
"andseq r3, r3, ip, lsl 2",1
"eorseq r2, r4, r0, lsl 8",1
bleq 0xe93254,1
"movtne r0, 0x9b3b",1
"ldceq p12, c0, [ip], -0xfc",1
invalid,1
"strhs r0, [r0], -r0",1
"ldceq p1, c0, [pc], -0xb8",1
bleq 0xe9326c,1
invalid,1
"ldceq p3, c1, [ip], -0x124",1
"andeq r1, r0, r1, lsl 6",1
"stmdbmi r0, {r0, r1, r2, r5, r8, sl}",1
"stmdahs r0, {r0, r1, r4}",1
"ldceq p1, c0, [pc], -0xb8",1
bleq 0xe93288,1
"stceq p5, c0, [r7], -0xec",1
"ldceq p3, c1, [ip], -0x124",1
"andeq r1, r0, r1, lsl 6",1
svclo 0x2e29,1
blo 0x3906c0,1
"strhs r3, [r5, -fp, lsl 22]",1
"andeq r3, ip, ip, lsl 24",1
invalid,1
"mcreq p12, 0, r0, c3, c15, 1",1
bleq 0xed278c,1
"movtne r0, 0x9c27",1
"andeq r0, r0, ip, lsr ip",1
"tsteq r1, r0, lsl 2",1
bleq 0x4d3348,1
"cdpeq p14, 1, c0, c11, c3, 0",1
"andeq r0, r0, r0, lsl r6",1
bleq 0x136c8,1
"movweq r0, 0xb",1
"mcreq p0, 0, r0, c3, c6, 0",1
bleq 0xed27b4,1
"andeq r1, r0, sb, asr 6",1
bleq 0x18ae4,1
"movweq r3, 0xbe0b",1
"streq r0, [r0, -0xe]",1
bleq 0x2cfb70,1
"stmdaeq r3, {r1, r2, r3, r4, r5, r8, sb, fp}",1
svceq 0x60000,1
"stmdbmi fp, {r8, sb, fp}",1
"smladeq r0, r3, r0, r0",1
"mcreq p1, 0, r0, c3, c3, 0",1
bleq 0xe92724,1
"movwne r0, 0x1b3b",1
"stceq p0, c0, [r8, -0]",1
blo 0x390704,1
"stmdbmi fp, {r0, r1, r3, r8, sb, fp, ip, sp}",1
"andeq r3, sl, r3, lsl r8",1
"andeq r0, sp, r0, lsl 18",1
bleq 0xe93320,1
"movtne r0, 0x953b",1
"andeq r0, r0, r8, lsr sl",1
"movweq r1, 0x60a",1
bllo 0x2de35c,1
bleq 0xfb54,1
"movtne r0, 0x9101",1
"andeq r1, r0, r1, lsl 6",1
"stmdbmi r0, {r2, r3, r8, sp}",1
"andeq r2, fp, r3, lsl pc",1
"eorseq r0, r4, r0, lsl 26",1
bleq 0xe9334c,1
"movtne r0, 0x9b3b",1
"ldceq p12, c0, [ip], -0xfc",1
"strlo r0, [lr], -0",1
blo 0x390750,1
"stmdbmi fp, {r0, r1, r3, r8, sb, fp, ip, sp}",1
"andeq r3, ip, 19, 30",1
svceq 0xa,1
"movtne r0, 0x9026",1
invalid,1
"mcreq p1, 1, r0, c5, c1, 0",1
invalid,1
"tsteq r1, fp, lsl lr",1
"sadd16eq r0, r0, r2",1
"strhs r0, [r2], -0",1
"vmlalo.f64 d0, d11, d0",1
"andeq r0, r8, fp, lsl 6",1
"andseq r0, r6, r0, lsl 6",1
bleq 0xe93394,1
"movtne r0, 0x9b3b",1
"strhs r0, [r4], -0",1
"vmlalo.f64 d0, d11, d0",1
"andeq r0, lr, fp, lsl 6",1
"andeq r0, pc, r0, lsl 10",1
"andeq r0, r0, fp, lsl 22",1
bleq 0x137bc,1
"andseq r4, r3, fp, lsl 18",1
"eoreq r0, r6, r0, lsl 14",1
"andeq r1, r0, sb, asr 6",1
"andeq r2, r0, r8, lsl 12",1
invalid,1
bleq 0xe927e8,1
"movwne r0, 0x1b3b",1
invalid,1
invalid,1
bleq 0xfc00,1
"ldceq p1, c0, [pc], -0xb8",1
bleq 0xe933e0,1
invalid,1
bleq 0x814900,1
"movwne r0, 0x1c34",1
"streq r0, [ip, -0]",1
blo 0x3907e8,1
"stmdbmi fp, {r0, r1, r3, r8, sb, fp, ip, sp}",1
"stceq p0, c0, [r0, -0x4c]",1
"ldceq p1, c0, [pc], -0xb8",1
bleq 0xe93404,1
invalid,1
"tsteq r1, sb, asr 6",1
invalid,1
"swpeq r4, r7, [ip]",1
"mcreq p0, 0, r0, c0, c3, 0",1
"stmdaeq r3, {r0, r2}",1
bleq 0xed28fc,1
"streq r1, [r2], -sb, asr 6",1
"strlo r0, [pc], -0",1
blo 0x210820,1
"stmdbmi fp, {r0, r1, r3, r8, sb, fp, ip, sp}",1
"andeq r0, r6, r3, lsl r2",1
"addhi r1, sb, 0",1
"tsteq r1, r1, lsl 2",1
"movwne r1, 0x1331",1
bhi 0x44fc38,1
"andeq r0, r0, 0x80000020",1
beq 0x10b4068,1
invalid,1
"smlabbne r0, r2, r1, r0",1
"andseq r3, r3, r1, lsl 2",1
invalid,1
"mcreq p12, 0, r0, c3, c15, 1",1
bleq 0xed2940,1
"movtne r0, 0x9c27",1
"tsteq r2, r1, lsl r1",1
"addsmi r0, r7, 64, 20",1
"andseq r0, r3, ip, lsl 2",1
"addhi r1, sb, 0, 8",1
"tsteq r1, r1, lsl 2",1
"swplo r4, r5, [ip]",1
"strne r0, [r0, -0x13]",1
"ldceq p1, c0, [pc], -0xb8",1
bleq 0xe9348c,1
invalid,1
"tsteq r1, sb, asr 6",1
invalid,1
"swpeq r4, r6, [ip]",1
invalid,1
"smlabbeq r1, sb, r2, r8",1
"addsmi r0, r5, 0x40000004",1
"tsteq r3, ip, lsl 2",1
"smladne r0, r3, r0, r0",1
"ldceq p1, c0, [pc], -0xb8",1
bleq 0xe934b8,1
invalid,1
bleq 0x8149d8,1
"andeq r1, r0, r1, lsl 6",1
"movweq r0, 0x518",1
bllo 0x2de4e0,1
"andseq r4, r3, fp, lsl 18",1
"eorseq r1, r4, r0, lsl 18",1
bleq 0xe91cd8,1
"movtne r0, 0x9b3b",1
bleq 0x68fcd4,1
blne 0xfcdc,1
bleq 0x2d00ec,1
bleq 0xed29c8,1
"cdphs p0, 1, c0, c12, c0, 0",1
"tstne r3, r1, lsl 2",1
"andmi r1, r1, r1, lsl 4",1
"mcrreq p6, 0, sb, r2, c6",1
"andeq r1, r0, r1, lsl 6",1
invalid,1
"andeq r0, r6, r3, lsl r2",1
"eorseq r1, r4, r0, lsl 28",1
invalid,1
bleq 0x7cfd08,1
"andne r1, r1, 0, 2",1
"andhs r0, r0, r1",1
"teqne r1, 0x40000007",1
"usaxeq r0, r5, r2",1
bleq 0x1652a7c,1
"streq r0, [r1, -0]!",1
invalid,1
"andhs r0, r0, 0xb",1
"ldrbeq r0, [r5], -fp, lsl 2",1
invalid,1
"smlabbne r0, r2, r1, r0",1
"mcrreq p5, 0, sb, r2, c1",1
"andeq r1, r0, r1, lsr r3",1
invalid,1
"strpl r5, [r1, -0x213]",1
"stmdbpl fp, {r1, r2, fp, ip, lr}",1
"andseq r0, r3, fp, lsl 2",1
"andeq r2, r5, r0, lsl 10",1
beq 0x94a18,1
invalid,1
"smlabbne r1, r2, r1, r0",1
"andseq r3, r3, r1, lsl 2",1
"andeq r2, r5, r0, lsl 14",1
bleq 0xe93574,1
"movtne r0, 0x9b3b",1
"andeq r0, r0, r2, lsl 12",1
svclo 0x12e28,1
blo 0x3909a8,1
"strhs r3, [r5, -fp, lsl 22]",1
invalid,1
"andseq r0, r3, ip, lsl 2",1
"andeq r2, r5, r0, lsl 18",1
"andeq r1, r0, sb, asr 6",1
svclo 0x2e2a,1
blo 0x3909c4,1
"strhs r3, [fp, -fp, lsl 22]",1
"andeq r3, ip, ip, lsl 24",1
invalid,1
"mcreq p12, 0, r0, c3, c15, 1",1
"ldreq r0, [fp, -0xb3a]!",1
"ldceq p12, c0, [ip], -0x9c",1
"andeq r1, r0, r1, lsl 6",1
svclo 0x12e2c,1
"strhs r0, [lr, -ip, lsl 6]",1
"ldrlo r4, [r3], -0x90c",1
invalid,1
"stchs p0, c0, [r0, -0x4c]",1
"ldceq p1, c0, [pc], -0xb8",1
bleq 0xe935d8,1
"stceq p5, c0, [r7], -0xec",1
"ldceq p3, c1, [ip], -0x124",1
invalid,1
"mcreq p1, 1, r0, c5, c1, 0",1
invalid,1
"tsteq r1, fp, lsl lr",1
"sadd16eq r0, r0, r2",1
"strhs r0, [r2], -0",1
"vmlalo.f64 d0, d11, d0",1
"andeq r0, r8, fp, lsl 6",1
"eoreq r0, r4, r0, lsl 6",1
bleq 0xf92a28,1
"andeq r0, r0, r3, lsl 28",1
bleq 0x13a14,1
"andseq r4, r3, fp, lsl 18",1
"eoreq r0, r6, r0, lsl 10",1
"andeq r1, r0, sb, asr 6",1
"stmdbmi r0, {r1, r2, r8, sl, ip, sp}",1
"smladeq r0, r3, r0, r0",1
"ldceq p1, c0, [pc], -0xb8",1
bleq 0xe9362c,1
invalid,1
"tsteq r2, r1, lsl r1",1
"addsmi r0, r7, 64, 12",1
"andseq r0, r3, ip, lsl 2",1
"addhi r0, sb, 0, 16",1
"tsteq r1, r1, lsl 2",1
"movwne r1, 0x1331",1
bhi 0x24fe40,1
"andeq r0, r0, 0x80000020",1
beq 0x10b4270,1
invalid,1
"smlabbne r0, r2, r1, r0",1
"andseq r3, r3, r1, lsl 2",1
"eorseq r0, r4, r0, lsl 22",1
bleq 0xe93668,1
"movtne r0, 0x9b3b",1
"ldceq p12, c0, [ip], -0xfc",1
"cdphs p0, 0, c0, c12, c0, 0",1
"movweq r3, 0xcf01",1
bllo 0x2de6a8,1
"stmdbmi ip, {r0, r1, r3, r8, sb, sl, sp}",1
invalid,1
"stceq p0, c0, [r0, -0x4c]",1
"movtne r0, 0x9005",1
"cdphs p0, 0, c0, c14, c0, 0",1
"movweq r3, 0xcf01",1
bllo 0x2de6c4,1
invalid,1
"andseq r0, r3, ip, lsl 2",1
"andseq r0, r8, r0, lsl 30",1
"cdphs p0, 1, c0, c0, c0, 0",1
"movweq r3, 0xcf00",1
bllo 0x2de6dc,1
invalid,1
"andeq r0, r0, ip",1
"strhs r1, [r1, -0x101]",1
"movweq r1, 0xb30e",1
invalid,1
"andne r1, r1, r1, lsl 4",1
"andeq r0, r0, 6",1
bleq 0x2cff54,1
"stmdaeq r3, {r1, r2, r3, r4, r5, r8, sb, fp}",1
"strhs r0, [r3], -0",1
"vmlalo.f64 d0, d11, d0",1
"andeq r0, lr, fp, lsl 6",1
"andeq r0, pc, r0, lsl 8",1
"movtne r0, 0x9b0b",1
"strne r0, [r5], -r0",1
blo 0x390ae4,1
"stmdbmi fp, {r0, r1, r3, r8, sb, fp, ip, sp}",1
invalid,1
"ldceq p1, c0, [pc], -0xb8",1
bleq 0xe93700,1
invalid,1
bleq 0x814c20,1
"movwne r0, 0x1c34",1
"streq r0, [r7, -0]",1
blo 0x390b08,1
"stmdbmi fp, {r0, r1, r3, r8, sb, fp, ip, sp}",1
"stmdaeq r0, {r0, r1, r4}",1
"ldceq p1, c0, [pc], -0xb8",1
bleq 0xe93724,1
invalid,1
"tsteq r1, sb, asr 6",1
invalid,1
"swpeq r4, r7, [ip]",1
"stmdbeq r0, {r0, r1, r4}",1
"stmdaeq r3, {r2, r4, r5}",1
bleq 0xed2c1c,1
beq 0x94c5c,1
"stcne p0, c0, [sl, -0]",1
"andspl r3, r3, 0x40000000",1
"stmdapl r6, {r0, r8, sl, ip, lr}",1
"mrseq r5, apsr",1
bleq 0xff98,1
"teqne r1, 5",1
"andeq r0, r0, ip, lsl fp",1
"orreq r8, r2, ip, lsl 18",1
"mrslo r1, apsr",1
"stceq p0, c0, [r0, -0x4c]",1
"andeq r8, r1, sl, lsl 5",1
"addsmi r0, r1, 0x2000",1
"cdpeq p0, 0, c0, c0, c10, 0",1
"andeq r8, r1, sb, lsl 5",1
"teqne r1, 0x40000004",1
"cdphs p0, 0, c0, c15, c0, 0",1
"movweq r3, 0xcf01",1
bllo 0x2de7b8,1
"cdpeq p7, 4, c8, c0, c11, 0",1
"movtne r0, 0x9c27",1
"movwne r0, 0x1c3c",1
"ldreq r0, [r0, -0]",1
"andseq r4, r3, r0, lsl 18",1
"eoreq r1, lr, r0, lsl 2",1
"mcreq p12, 0, r0, c3, c15, 1",1
bleq 0xed2c88,1
"movtne r0, 0x9c27",1
"andeq r0, r0, ip, lsr ip",1
svclo 0x2e12,1
blo 0x390be0,1
"strhs r3, [fp, -fp, lsl 22]",1
"andeq r3, ip, ip, lsl 24",1
"mrsne r0, apsr",1
"movwne r2, 0xe501",1
blne 0x390bf0,1
"andne r1, r1, 0x80000003",1
"andeq r1, r6, r1",1
"andseq r0, r6, r0, lsl 4",1
bleq 0xe937e0,1
"movtne r0, 0x9b3b",1
"strhs r0, [r3], -0",1
"vmlalo.f64 d0, d11, d0",1
"andeq r0, lr, fp, lsl 6",1
"eoreq r0, r4, r0, lsl 8",1
bleq 0xf92c18,1
"andeq r0, r0, r3, lsl 16",1
bleq 0x13c08,1
"streq r0, [r0], -fp",1
bleq 0x2d0038,1
"andeq r1, r0, sb, asr 6",1
"movweq r1, 0x1307",1
blo 0x2d2c40,1
invalid,1
"stmdaeq r0, {r0, r1, r4}",1
"cdpeq p0, 0, c0, c3, c13, 0",1
bleq 0xed2d00,1
beq 0xe14d40,1
"stceq p0, c0, [sb, -0]",1
blo 0x390c24,1
"stmdbmi r5, {r0, r1, r3, r8, sb, fp, ip, sp}",1
"andeq r3, sl, r3, lsl r8",1
"andseq r0, r6, r0, lsl 20",1
bleq 0xe93840,1
"andeq r0, r0, fp, lsr fp",1
"stmdbmi r1, {r0, r1, r3, r8}",1
"andseq r0, r3, r3, lsl r1",1
"eoreq r0, r1, r0, lsl 24",1
bleq 0xbd4d6c,1
"cdphs p0, 0, c0, c13, c0, 0",1
"movweq r3, 0xcf01",1
bllo 0x2de88c,1
"stmdbmi ip, {r0, r1, r3, r8, sb, sl, sp}",1
invalid,1
"mcreq p0, 0, r0, c0, c3, 0",1
"cdpeq p0, 0, c0, c3, c5, 0",1
bleq 0xed2d50,1
"andeq r1, r0, sb, asr 6",1
svclo 0x12e0f,1
blo 0x390ca4,1
"strhs r3, [fp, -fp, lsl 22]",1
"tstne r3, ip, lsl 18",1
"andmi r1, r1, r1, lsl 4",1
"mcrreq p7, 0, sb, r2, c6",1
"andeq r1, r0, r1, lsl 6",1
"movweq r0, 0x510",1
bllo 0x2de8c8,1
"andseq r4, r3, 0x2c000",1
invalid,1
"mcreq p0, 0, r0, c3, c4, 1",1
bleq 0xed2d88,1
"streq r1, [r2], -sb, asr 6",1
"ldrlo r0, [r2], -0",1
blo 0x390cac,1
"stmdbmi fp, {r0, r1, r3, r8, sb, fp, ip, sp}",1
"andeq r0, sl, r3, lsl r2",1
"tsteq sp, r0, lsl 6",1
"cmpeq r2, r1, lsr r3",1
bleq 0x1611a14,1
"movwne r0, 0x1b59",1
"ldreq r0, [r4, -0]",1
"andseq r3, r3, 0, 2",1
"strne r0, [r0, -6]",1
"smlabbeq r1, sb, r2, r8",1
"teqne r1, 0x40000004",1
"andeq r1, r0, r1, lsl 6",1
"orreq r8, r2, r6, lsl sl",1
"mrsls r0, r10_fiq",1
"andeq r0, r0, r2, asr 20",1
"orreq r8, r2, r7, lsl sb",1
"mrslo r1, apsr",1
"stmdane r0, {r0, r1, r4}",1
"movtne r0, 0x9026",1
"ldrlo r0, [sb], -0",1
blo 0x390d00,1
"stmdbmi fp, {r0, r1, r3, r8, sb, fp, ip, sp}",1
invalid,1
bne 0x1013c,1
"ldceq p1, c0, [pc], -0xb8",1
bleq 0xe93920,1
invalid,1
"ldceq p3, c1, [ip], -0x124",1
"andeq r1, r0, r1, lsl 6",1
"stmdbmi r0, {r0, r1, r3, r4, r8, sl}",1
invalid,1
"ldceq p1, c0, [pc], -0xb8",1
bleq 0xe9393c,1
"stceq p5, c0, [r7], -0xec",1
"ldceq p3, c1, [ip], -0x124",1
"andeq r1, r0, r1, lsl 6",1
svclo 0x2e1d,1
blo 0x390d74,1
"strhs r3, [fp, -fp, lsl 22]",1
invalid,1
"andeq r0, r0, ip",1
"strhs r1, [r1, -0x101]",1
"movweq r1, 0xb30e",1
invalid,1
"andne r1, r1, r1, lsl 4",1
"andeq r0, r0, 6",1
bleq 0x2d01f8,1
invalid,1
"strhs r0, [r3], -0",1
"vmlalo.f64 d0, d11, d0",1
"andeq r0, r8, fp, lsl 6",1
"andseq r0, r6, r0, lsl 8",1
bleq 0xe9398c,1
"movtne r0, 0x9b3b",1
svceq 0x50000,1
"andeq r0, fp, r0, lsl 22",1
"andeq r0, pc, r0, lsl 12",1
"movtne r0, 0x9b0b",1
"movwne r0, 0x7000",1
bleq 0x390da0,1
bllo 0x2de9cc,1
"andseq r0, r3, fp, lsl 2",1
"andeq r0, sp, r0, lsl 16",1
bleq 0xe939b8,1
"movtne r0, 0x9b3b",1
"andeq r0, r0, r8, lsr sl",1
"movweq r0, 0xd09",1
bllo 0x2de9f4,1
"ldmdalo r3, {r0, r2, r8, fp, lr}",1
beq 0x101ec,1
"mcreq p0, 0, r0, c3, c6, 0",1
bleq 0xed2eb4,1
"mrseq r0, apsr",1
"tsteq r3, r1, lsl 18",1
invalid,1
"movtne r0, 0x9021",1
"andeq r0, r0, pc, lsr 22",1
"movweq r1, 0x60d",1
bllo 0x2dea20,1
"andseq r4, r3, r5, lsl 18",1
"eoreq r0, r6, r0, lsl 28",1
"andeq r1, r0, sb, asr 6",1
"andeq r2, r0, pc, lsl 12",1
invalid,1
bleq 0xe92e2c,1
"movwne r0, 0x1b3b",1
invalid,1
invalid,1
"andne r0, r0, 0xd",1
"stmdaeq r3, {r3, r5}",1
"andeq r0, r0, ip, lsl sp",1
svclo 0x12e13,1
blo 0x390e50,1
"strhs r3, [fp, -fp, lsl 22]",1
"andshs r4, r3, ip, lsl 18",1
invalid,1
"strne r0, [r0], -0x13",1
"cdpeq p0, 0, c0, c3, c5, 0",1
bleq 0xed2f20,1
"andeq r1, r0, sb, asr 6",1
"andeq r1, r0, r5, lsl r8",1
invalid,1
"mcreq p12, 0, r0, c3, c15, 1",1
bleq 0xed2f34,1
"movtne r0, 0x9c27",1
"movwne r0, 0x1b20",1
"cdphs p0, 1, c0, c7, c0, 0",1
blo 0x390e60,1
"strhs r3, [fp, -fp, lsl 22]",1
"andshs r4, r3, ip, lsl 18",1
"andseq r0, r3, fp, lsl 2",1
"eorseq r1, r4, r0, lsl 16",1
bleq 0xe9227c,1
"movtne r0, 0x9b3b",1
bleq 0x650278,1
bne 0x10280,1
"mcreq p0, 0, r0, c3, c4, 1",1
bleq 0xed2f6c,1
"andeq r1, r0, sb, asr 6",1
invalid,1
invalid,1
"ldceq p1, c0, [pc], -0xb8",1
bleq 0xe93aa4,1
"stceq p5, c0, [r7], -0xec",1
"tsteq r1, sb, asr 6",1
invalid,1
"swpeq r4, r7, [ip]",1
"stcne p0, c0, [r0, -0x4c]",1
"mcreq p0, 0, r0, c3, c4, 1",1
"ldreq r0, [fp, -0xb3a]!",1
"streq r1, [r2], -sb, asr 6",1
"ldcne p0, c0, [lr, -0]",1
"andspl r3, r3, 0x40000000",1
"stmdapl r6, {r0, r8, sl, ip, lr}",1
"mrseq r5, apsr",1
svcne 0x13,1
"ldrbeq r0, [r5], -fp, lsl 2",1
"strtlo r0, [r0], -0",1
"andseq r3, r3, 0, 2",1
invalid,1
"tsteq r1, fp, lsl 2",1
"andeq r0, r0, r2, lsl r1",1
invalid,1
"andeq r0, sl, r3, lsl r2",1
"mrslo r2, r8_usr",1
"movwne r0, 0x1655",1
"stcne p0, c0, [r4, -0]!",1
"tstne r3, r1, lsl 2",1
"stmdapl r1, {r0, sb, ip}",1
"mrseq r5, apsr",1
"strhs r0, [r0, -0x13]",1
"teqne r1, 5",1
"andeq r0, r0, r2, lsl 12",1
"orreq r8, r2, r6, lsr 18",1
"mrslo r1, apsr",1
"smladhs r0, r3, r0, r0",1
"andeq r8, r1, sl, lsl 5",1
"addsmi r0, r1, 0x2000",1
"stmdahs r0, {r1, r3}",1
"smlabbeq r1, sb, r2, r8",1
"teqne r1, 0x40000004",1
"andeq r1, r0, r1, lsl 6",1
invalid,1
bhs 0x10388,1
"teqne r1, 0x40000007",1
"usaxeq r0, r5, r2",1
bleq 0x16530a8,1
"andeq r1, r0, r1, lsl 6",1
invalid,1
invalid,1
invalid,1
"mcreq p0, 0, r0, c3, c4, 1",1
"ldreq r0, [fp, -0xb3a]!",1
"andeq r1, r0, sb, asr 6",1
"orreq r8, r2, sp, lsr 18",1
"mrslo r1, apsr",1
"mcrhs p0, 0, r0, c0, c3, 0",1
"mcreq p0, 0, r0, c3, c4, 1",1
bleq 0xed3060,1
beq 0x950a0,1
"strlo r0, [0x00010380]!",1
"andseq r4, r3, r0, lsl 18",1
"eorseq r3, r4, r0",1
bleq 0xe93b98,1
"movtne r0, 0x9b3b",1
"ldceq p12, c0, [ip], -0xfc",1
"cdphs p0, 3, c0, c1, c0, 0",1
"movweq r3, 0xcf01",1
"stmdbmi ip, {r1, r2, r3, r8, sb, sl, sp}",1
invalid,1
"andseq r0, r3, ip, lsl 2",1
"andeq r3, r5, r0, lsl 4",1
"andeq r1, r0, sb, asr 6",1
svclo 0x12e33,1
blo 0x390fe8,1
"strhs r3, [r5, -fp, lsl 22]",1
invalid,1
"andseq r0, r3, ip, lsl 2",1
invalid,1
"mcreq p12, 0, r0, c3, c15, 1",1
bleq 0xed30b8,1
"strhs r4, [lr, -r7, lsl 1]",1
invalid,1
"andseq r0, r3, ip, lsl 2",1
invalid,1
"mcreq p12, 0, r0, c3, c15, 1",1
"ldreq r0, [fp, -0xb3a]!",1
"ldceq p12, c0, [ip], -0x9c",1
"andeq r1, r0, r1, lsl 6",1
svclo 0x12e36,1
blo 0x391028,1
"strhs r3, [r5, -fp, lsl 22]",1
invalid,1
"andeq r0, r0, ip",1
"strhs r1, [r1, -0x101]",1
"movweq r1, 0xb30e",1
invalid,1
"andne r1, r1, r1, lsl 4",1
"andeq r0, r0, 6",1
"mcreq p0, 0, r0, c3, c6, 0",1
bleq 0xed3108,1
"andeq r1, r0, sb, asr 6",1
bleq 0x19434,1
"movweq r3, 0xbe0b",1
"streq r0, [r0], -0xe",1
bleq 0x2d04c4,1
"stmdaeq r3, {r1, r2, r3, r4, r5, r8, sb, fp}",1
svceq 0x50000,1
"andeq r0, fp, r0, lsl 22",1
"andeq r0, pc, r0, lsl 12",1
"movtne r0, 0x9b0b",1
"movwne r0, 0x7000",1
bleq 0x391054,1
bllo 0x2dec80,1
"andseq r0, r3, fp, lsl 2",1
"andeq r0, sp, r0, lsl 16",1
bleq 0xe93c6c,1
"movtne r0, 0x9b3b",1
"andeq r0, r0, r8, lsr sl",1
"movweq r0, 0xd09",1
bllo 0x2deca8,1
"ldmdalo r3, {r0, r2, r8, fp, lr}",1
beq 0x104a0,1
"mcreq p0, 0, r0, c3, c6, 0",1
bleq 0xed3168,1
"mrseq r0, apsr",1
"tsteq r3, r1, lsl 18",1
invalid,1
"movtne r0, 0x9021",1
"andeq r0, r0, pc, lsr 22",1
svclo 0x12e0d,1
blo 0x3910cc,1
"strhs r3, [r5, -fp, lsl 22]",1
"tstne r3, ip, lsl 18",1
"andmi r1, r1, r1, lsl 4",1
"mcrreq p7, 0, sb, r2, c6",1
"andeq r1, r0, r1, lsl 6",1
"movweq r0, 0x50e",1
bllo 0x2decd8,1
"andseq r4, r3, 0x2c000",1
svceq 6,1
"mcreq p0, 0, r0, c3, c4, 1",1
bleq 0xed31b0,1
"streq r1, [r2], -sb, asr 6",1
"ldrlo r0, [r0], -0",1
blo 0x2110d4,1
"stmdbmi fp, {r0, r1, r3, r8, sb, fp, ip, sp}",1
"andeq r0, r6, r3, lsl r2",1
"addhi r1, sb, 0, 2",1
"tsteq r1, r1, lsl 2",1
"movwne r1, 0x1331",1
bhi 0x4904ec,1
"andeq r0, r0, 0x80000020",1
beq 0x10b491c,1
invalid,1
"smlabbne r0, r2, r1, r0",1
"andseq r3, r3, r1, lsl 2",1
"addhi r1, sb, 0, 8",1
"tsteq r1, r1",1
"swplo r4, r5, [ip]",1
"strne r0, [r0, -0x13]",1
"mcreq p0, 0, r0, c3, c4, 1",1
bleq 0xed3200,1
"ldceq p3, c1, [pc], -0x124",1
"andeq r0, r0, ip, lsr ip",1
svclo 0x12e16,1
blo 0x391158,1
"strhs r3, [r5, -fp, lsl 22]",1
invalid,1
"andseq r0, r3, ip, lsl 2",1
"andeq r1, r5, r0, lsl 14",1
"andeq r1, r0, sb, asr 6",1
svclo 0x12e18,1
blo 0x391174,1
"strhs r3, [fp, -fp, lsl 22]",1
invalid,1
"andseq r0, r3, ip, lsl 2",1
"eoreq r1, lr, r0, lsl 18",1
"mcreq p12, 0, r0, c3, c15, 1",1
bleq 0xed3244,1
"movtne r0, 0x9c27",1
"andeq r0, r0, ip, lsr ip",1
svclo 0x12e1a,1
blo 0x39119c,1
"strhi r3, [r5, -fp, lsl 22]",1
"stceq p14, c0, [r7], -0x100",1
"ldceq p3, c1, [ip], -0x124",1
invalid,1
"mcreq p1, 1, r0, c5, c1, 0",1
invalid,1
"tsteq r1, fp, lsl lr",1
"sadd16eq r0, r0, r2",1
"strne r0, [r2], -r0",1
blo 0x391194,1
"stmdbmi fp, {r0, r1, r3, r8, sb, fp, ip, sp}",1
"movweq r0, 0x13",1
bleq 0x2d0630,1
invalid,1
"strhs r0, [r4], -0",1
"vmlalo.f64 d0, d11, d0",1
"andeq r0, r8, fp, lsl 6",1
"andeq r0, pc, r0, lsl 10",1
"andeq r0, r0, fp, lsl 22",1
bleq 0x141d4,1
"andseq r4, r3, fp, lsl 18",1
"tsteq r3, r0, lsl 14",1
bleq 0x2d3dd4,1
bleq 0xed32b4,1
"andeq r1, r0, r1, lsl 6",1
"movweq r0, 0xd08",1
bllo 0x2dee10,1
"ldmdalo r3, {r0, r1, r3, r8, fp, lr}",1
"stmdbeq r0, {r1, r3}",1
"cdpeq p0, 0, c0, c3, c13, 0",1
"ldreq r0, [fp, -0xb3a]!",1
beq 0xe15310,1
"strne r0, [sl], -r0",1
blo 0x3911f4,1
"andeq r3, fp, fp, lsl 22",1
invalid,1
"movwne r1, 0x1349",1
invalid,1
svchs 0x134900,1
"stceq p0, c0, [r0, -0x2c]",1
"cdpeq p1, 0, c0, c3, c14, 1",1
bleq 0xed32fc,1
bleq 0x8136b4,1
"andeq r1, r0, r1, lsl 6",1
"movweq r0, 0x50e",1
bllo 0x2dee44,1
"andseq r4, r3, fp, lsl 18",1
invalid,1
"mcreq p12, 0, r0, c3, c15, 1",1
"ldreq r0, [fp, -0xb3a]!",1
"movtne r0, 0x9c27",1
"tsteq r2, r1, lsl r1",1
"addsmi r0, r7, 64, 12",1
"andseq r0, r3, ip, lsl 2",1
"andeq r1, r5, r0",1
bleq 0xe93e58,1
"movtne r0, 0x9b3b",1
"andeq r0, r0, r2, lsl 12",1
invalid,1
"andne r1, r1, 0xc0000004",1
"stmdbpl fp, {r0, fp, ip, lr}",1
"andseq r0, r3, fp, lsl 2",1
"andeq r1, r5, r0, lsl 4",1
beq 0x95330,1
invalid,1
"smlabbne r1, r2, r1, r0",1
"andseq r3, r3, r1, lsl 2",1
"addhi r1, sl, 0, 8",1
beq 0x90684,1
"muleq sl, r1, r2",1
"addhi r1, sb, 0, 10",1
"tsteq r1, r1, lsl 2",1
"movwne r1, 0x1331",1
invalid,1
"smlabbne r1, r2, r1, r0",1
"mcrreq p5, 0, sb, r2, c1",1
"andeq r1, r0, r1, lsr r3",1
"movweq r3, 0x417",1
bllo 0x2deee0,1
svclo 0x13490b,1
"andeq r3, ip, ip, lsl 24",1
invalid,1
"mcreq p12, 0, r0, c3, c15, 1",1
"ldreq r0, [fp, -0xb3a]!",1
"movtne r0, 0x9c27",1
"movwne r0, 0x1c3c",1
"ldreq r0, [sb, -0]",1
"andseq r4, r3, r0, lsl 18",1
invalid,1
"mcreq p12, 0, r0, c3, c15, 1",1
bleq 0xed33c0,1
"movtne r0, 0x9c27",1
"movwne r0, 0x1c3c",1
"cdphs p0, 1, c0, c11, c0, 0",1
"movweq r3, 0xcf01",1
bllo 0x2def24,1
"stmdbmi ip, {r0, r1, r3, r8, sb, sl, sp}",1
"andeq r3, ip, r3, lsl ip",1
"mrsne r0, apsr",1
"movwne r2, 0xe501",1
blne 0x39132c,1
"andne r1, r1, 0x80000003",1
"andeq r1, r6, r1",1
"eoreq r0, r4, r0, lsl 4",1
bleq 0xf9333c,1
"andeq r0, r0, r3, lsl 28",1
"movweq r1, 0x603",1
bllo 0x2def54,1
"andseq r4, r3, fp, lsl 18",1
"eoreq r0, r4, r0, lsl 8",1
bleq 0xf93354,1
"andeq r0, r0, r3, lsl 16",1
bleq 0x14344,1
"streq r0, [r0], -fp",1
bleq 0x2d0774,1
"andeq r1, r0, sb, asr 6",1
"movweq r1, 0x1307",1
blo 0x2d337c,1
invalid,1
"stmdaeq r0, {r0, r1, r4}",1
"cdpeq p0, 0, c0, c3, c13, 0",1
bleq 0xed343c,1
beq 0xe1547c,1
"stceq p0, c0, [sb, -0]",1
blo 0x391360,1
"stmdbmi r5, {r0, r1, r3, r8, sb, fp, ip, sp}",1
"andeq r3, sl, r3, lsl r8",1
"andseq r0, r6, r0, lsl 20",1
bleq 0xe93f7c,1
"andeq r0, r0, fp, lsr fp",1
"stmdbmi r1, {r0, r1, r3, r8}",1
"andseq r0, r3, r3, lsl r1",1
"eoreq r0, r1, r0, lsl 24",1
bleq 0xbd54a8,1
"cdphs p0, 0, c0, c13, c0, 0",1
"movweq r3, 0xcf01",1
bllo 0x2defc8,1
"stmdbmi ip, {r0, r2, r8, sb, sl, sp}",1
"andne r1, r1, 0xc0000004",1
"strls r4, [r6, -r1]",1
"movwne r0, 0x1c42",1
"streq r0, [lr, -0]",1
blo 0x2113a8,1
"stmdbmi fp, {r0, r1, r3, r8, sb, fp, ip, sp}",1
"andeq r0, r6, r3, lsl r2",1
"andeq r0, r5, r0, lsl 30",1
bleq 0xe93fc4,1
"movtne r0, 0x9b3b",1
"andeq r0, r0, r2, lsl 12",1
"movweq r0, 0x510",1
bllo 0x2df000,1
"andseq r4, r3, 0x2c000",1
invalid,1
"ldrbeq r0, [r5], -fp, lsl 2",1
"andeq r1, r0, r1, lsl 6",1
"movweq r3, 0x412",1
bllo 0x2df000,1
"andseq r4, r3, 0x2c000",1
"movwne r0, 6",1
"smlabbeq r1, sb, r2, r8",1
"teqne r1, 0x40000004",1
"andeq r1, r0, r1, lsl 6",1
"orreq r8, r2, r4, lsl sl",1
"mrsls r0, r10_fiq",1
"andeq r0, r0, r2, asr 20",1
"orreq r8, r2, r5, lsl sb",1
"mrslo r1, apsr",1
invalid,1
"smlabbeq r1, sb, r2, r8",1
"addsmi r0, r5, 0x40000004",1
"andseq r3, r3, ip, lsl 2",1
"eorseq r1, r4, r0, lsl 14",1
bleq 0xe9402c,1
"movtne r0, 0x9b3b",1
"ldceq p12, c0, [ip], -0xfc",1
"cdphs p0, 1, c0, c8, c0, 0",1
"movweq r3, 0xcf01",1
bllo 0x2df06c,1
"stmdbmi ip, {r0, r2, r8, sb, sl, sp}",1
invalid,1
"stmdbne r0, {r0, r1, r4}",1
"movtne r0, 0x9005",1
"cdphs p0, 1, c0, c10, c0, 0",1
"movweq r3, 0xcf01",1
bllo 0x2df088,1
"cdpeq p7, 4, c8, c0, c5, 0",1
"movtne r0, 0x9c27",1
"movwne r0, 0x1c3c",1
"cdphs p0, 1, c0, c11, c0, 0",1
"movweq r3, 0xcf01",1
bllo 0x2df0a0,1
"cdpeq p7, 4, c8, c0, c5, 0",1
"movtne r0, 0x9c27",1
"andeq r0, r0, ip, lsr ip",1
"andseq r0, r1, r0, lsl 2",1
"tsteq r1, r0, lsl r6",1
"stmdaeq r3, {r1, r4, r8}",1
"stmdaeq r5!, {r0, r1, r3, r4, fp}",1
"andeq r0, r0, r3, lsl r5",1
"andseq r0, r1, r0, lsl 2",1
"tsteq r1, r0, lsl r6",1
"stmdaeq r3, {r1, r4, r8}",1
"stmdaeq r5!, {r0, r1, r3, r4, fp}",1
"andeq r0, r0, r3, lsl r5",1
"tsteq r1, r0, lsl 2",1
bleq 0x4d4138,1
"cdpeq p14, 1, c0, c11, c3, 0",1
"tsteq r2, r1, lsl r1",1
"andeq r0, r0, r0, lsl r6",1
bleq 0x198bc,1
"movweq r3, 0xbe0b",1
"movweq r0, 8",1
"mcreq p0, 0, r0, c3, c6, 0",1
bleq 0xed35ac,1
"andeq r1, r0, sb, asr 6",1
bleq 0x198dc,1
"movweq r3, 0xbe0b",1
"streq r0, [r0, -0xe]",1
"ldceq p1, c0, [pc], -0xb8",1
bleq 0xe940e8,1
invalid,1
"tsteq r2, r1, lsl r1",1
"addsmi r0, r7, 64, 12",1
"andseq r0, r3, ip, lsl 2",1
"andeq r0, r5, r0, lsl 12",1
bleq 0xe94100,1
"movtne r0, 0x9b3b",1
"andeq r0, r0, r2, lsl 12",1
"movweq r3, 0x407",1
bllo 0x2df13c,1
"andseq r4, r3, fp, lsl 18",1
"mrseq r0, apsr",1
"movwne r0, 0x1655",1
"strlo r0, [sb], -0",1
blo 0x211518,1
"stmdbmi fp, {r0, r1, r3, r8, sb, fp, ip, sp}",1
"andeq r0, r6, r3, lsl r2",1
"addhi r0, sb, 0, 20",1
"tsteq r1, r1, lsl 2",1
bhi 0x2d092c,1
"andeq r0, r0, 0x80000020",1
beq 0x10b4d5c,1
invalid,1
"smlabbne r0, r2, r1, r0",1
"andseq r3, r3, r1, lsl 2",1
"andeq r0, pc, r0, lsl 26",1
"movtne r0, 0x9b0b",1
"strhs r0, [lr], -r0",1
"andseq r4, r3, r0, lsl 18",1
"eoreq r0, lr, r0, lsl 30",1
"mcreq p12, 0, r0, c3, c15, 1",1
bleq 0xed3644,1
"tsteq r1, r7, lsr 24",1
beq 0x1010dac,1
"muleq ip, r7, r2",1
"mrseq r1, apsr",1
"movwne r1, 0x1349",1
"tsths r1, r0",1
"andne r0, r0, 0",1
"stceq p1, c0, [r7], -0x54",1
"andeq r1, r0, r1, lsl 6",1
"stmdbmi r0, {r0, r1, r4, r8, sl}",1
"strne r0, [r0], -0x13",1
"mcreq p0, 0, r0, c3, c4, 1",1
bleq 0xed3678,1
"ldceq p3, c1, [pc], -0x124",1
"andeq r0, r0, ip, lsr ip",1
svclo 0x2e15,1
blo 0x3915d0,1
"strhs r3, [fp, -fp, lsl 22]",1
"andeq r3, ip, ip, lsl 24",1
"mrsne r0, apsr",1
"movwne r2, 0xe501",1
blne 0x3915e0,1
"andne r1, r1, 0x80000003",1
"andeq r1, r6, r1",1
"eoreq r0, r4, r0, lsl 4",1
bleq 0xf935f0,1
"andeq r0, r0, r3, lsl 16",1
bleq 0x199d8,1
"movweq r3, 0xbe0b",1
"streq r0, [r0], -0xe",1
bleq 0x2d0a14,1
"strne r0, [r5, -0]",1
"andeq r2, ip, r0, lsl 14",1
"andeq r0, pc, r0, lsl 12",1
"movtne r0, 0x9b0b",1
"cdphs p0, 0, c0, c7, c0, 0",1
"movweq r3, 0xcf01",1
bllo 0x2df22c,1
"stmdbmi ip, {r0, r1, r3, r8, sb, sl, sp}",1
"andne r1, r1, 0xc0000004",1
"strls r4, [sl, -r1]",1
"movwne r0, 0x1c42",1
"streq r0, [r8, -0]",1
blo 0x39160c,1
"stmdbmi fp, {r0, r1, r3, r8, sb, fp, ip, sp}",1
"andeq r0, r6, r3, lsl r2",1
"addhi r0, sb, 0, 18",1
"tsteq r1, r1, lsl 2",1
"swplo r4, r5, [ip]",1
beq 0x10a70,1
"andeq r8, r1, sl, lsl 5",1
"addsmi r0, r1, 0x2000",1
bleq 0x10a58,1
"mcreq p0, 0, r0, c3, c4, 1",1
bleq 0xed3720,1
"ldceq p3, c1, [pc], -0x124",1
"andeq r0, r0, ip, lsr ip",1
svclo 0x12e0c,1
blo 0x391678,1
"strhs r3, [fp, -fp, lsl 22]",1
invalid,1
"andseq r0, r3, ip, lsl 2",1
"andeq r0, r5, r0, lsl 26",1
"andeq r1, r0, sb, asr 6",1
"strhs r1, [r1, -lr, lsl 10]",1
"andeq r0, r0, ip",1
"andne r1, r0, r1, lsl 2",1
"movweq r5, 0x6506",1
"strhs r1, [r8, -0xb08]",1
"andeq r1, r5, r8, lsl 6",1
"subseq r0, fp, r0",1
"andeq r0, r2, r0",1
"andeq r0, r0, r3, lsr r0",1
"cdpeq p1, 0xf, c0, c11, c2, 0",1
"mrseq r0, apsr",1
"andeq r0, r0, r1, lsl 2",1
"andeq r0, r0, r0, lsl 2",1
svchs 0x2e2e01,1
"ldrbtvc r6, [r2], -0xf70",1
"ldmdbvc r3!, {r0, r1, r4, r5, r6, r8, sb, sl, fp, sp} ^",1
"rsbvc r6, r5, r3, ror r4",1
"rsbvc r2, r1, 0x1cc",1
"movwvc r0, 0x6d",1
"ldrbtvc r6, [r2], -0x174",1
invalid,1
"andeq r0, r0, r0",1
"orrls r0, r0, 0x50000000",1
"cdpgt p0, 0, c0, c3, c0, 0",1
invalid,1
"teqeq r1, 0xc000000b",1
"teqlo r1, r7, lsl lr",1
"teqeq r2, 0xf0000002",1
svchs 0x342e71,1
invalid,1
"andeq r2, r0, r1, lsl 6",1
"stcne p2, c0, [r0, -0]",1
"andeq r0, r0, 0",1
"vstreq d15, [lr, -4]",1
"mrseq r0, apsr",1
"andeq r0, r0, r1",1
invalid,1
"stmdbvs lr!, {r8, fp, sp, lr} ^",1
"rsbeq r2, r3, r4, ror lr",1
"andeq r0, r0, r0",1
"andeq r0, r0, lr, rrx",1
"eorseq r0, r2, r2",1
invalid,1
"strdeq r0, r1, [sp], -fp",1
"mrseq r0, apsr",1
invalid,1
"cdphs p0, 0, c0, c1, c0, 0",1
svcvs 0x702f2e,1
svchs 0x737472,1
"ldrbtvs r7, [r3], -0x973",1
svchs 0x737065,1
"rsbeq r7, sp, r1, ror 4",1
"ldrbtvc r6, [r2], -0x300",1
"subseq r2, r3, sb, ror 28",1
"andeq r0, r0, r1",1
invalid,1
"movweq r0, 0x93",1
"eorlo r0, pc, sp, lsr r1",1
svchs 0x2f2f2f,1
invalid,1
"andeq r0, r5, 1",1
"strheq r8, [r0], -r8",1
invalid,1
"andeq r0, r2, r0, lsr r2",1
"streq r0, [r0, -0x101]",1
"sbceq r1, r2, r2, lsl 8",1
"sbcseq r0, ip, r0, lsl 6",1
"andeq r0, r2, r1, lsl 4",1
"ldreq r0, [sp], 0x101",1
"andeq r0, r2, r0",1
"andeq r0, r0, r4, lsl 4",1
"cdpeq p1, 0xf, c0, c11, c2, 0",1
"mrseq r0, apsr",1
"andeq r0, r0, r1, lsl 2",1
"andeq r0, r0, r0, lsl 2",1
"cmnvs r2, 0x4000000",1
"stcvs p14, c2, [pc], -0",1
svchs 0x6269,1
svchs 0x727375,1
"stclvs p14, c6, [r3], -0x1a4",1
svchs 0x656475,1
"cmnvc r4, 0x188000",1
"cmnvc r5, 0, 30",1
"mcrvs p15, 3, r2, c9, c2, 3",1
"ldrbtvs r6, [r5], -0xc63",1
"ldmdbvc r3!, {r0, r2, r5, r6, r8, sb, sl, fp, sp} ^",1
"strvc r0, [0x00010b45]!",1
"stmdbvs pc!, {r0, r1, r4, r5, r6, sb, ip, sp, lr}",1
"strbvc r6, [ip, -0x36e]!",1
svchs 0x6564,1
svchs 0x727375,1
svchs 0x62696c,1
svchs 0x636367,1
"stclhs p2, c7, [sp, -0x184]!",1
"stmdbvc fp!, {r4, r5, r6, r8, sb, sl, fp, sp, lr} ^",1
"cdpvs p12, 6, c6, c9, c13, 1",1
invalid,1
invalid,1
"strtlo r6, [pc], -0x962",1
"eorlo r3, lr, 0xb80000",1
invalid,1
"strbvs r7, [r4, -0x56c]!",1
"ldrbvc r0, [r0, -r0]!",1
"rsbeq r2, r3, r4, ror 28",1
"stmdavc r0, {r0}",1
svcvs 0x6c6c61,1
"rsbeq r2, r8, r3, ror 28",1
"movwvc r0, 2",1
"mcrvs p2, 3, r7, c9, c4, 3",1
"stmdavs lr!, {r0, r1, r2, r5, r6, r8, sb, ip, sp}",1
"andeq r0, r0, r0, lsl 6",1
"strbtvc r7, [r1], -0x473",1
"streq r6, [r0], -0x82e",1
invalid,1
"stclvs p4, c7, [r5, -0x1cc]!",1
invalid,1
"ldrbtvc r0, [r3], -0",1
"rsblo r6, pc, 100, 18",1
"movweq r6, 0x82e",1
invalid,1
"mrchs p5, 3, r6, c3, c0, 3",1
"andeq r0, r3, r8, rrx",1
"strbtvc r6, [r5], -0x700",1
"cdphs p0, 7, c7, c4, c15, 3",1
"andeq r0, r5, r8, rrx",1
"ldrbtvs r7, [r4], -0x300",1
"cdphs p5, 6, c6, c6, c4, 3",1
"andeq r0, r6, r8, rrx",1
"ldrbtvs r7, [r4], -0x300",1
"stmdavs lr!, {r0, r3, r5, r6, r8, sb, sl, fp, sp, lr}",1
"andeq r0, r0, r0, lsl 10",1
"stmdbvs r2!, {r2, r3, r5, r6, r8, fp, sp, lr} ^",1
"rsbeq r2, r8, pc, ror 28",1
"strvc r0, [r0], -5",1
invalid,1
"streq r6, [r0], -0x82e",1
invalid,1
"stmdavs lr!, {r0, r2, r3, r5, r6, r8, sl, sp, lr}",1
"andeq r0, r0, r0, lsl 10",1
"strbtvc r7, [r1], -0x473",1
"movweq r6, 0x82e",1
invalid,1
"strbtvc r6, [lr], -0x572",1
"movweq r6, 0x82e",1
"strbvs r0, [r4, -0]!",1
"mcrvs p13, 3, r2, c9, c6, 3",1
"rsbeq r2, r8, pc, ror 28",1
"strvc r0, [r0], -r2",1
"ldmdbvs r3!, {r0, r2, r5, r6, sb, ip, sp, lr} ^",1
"stmdavs lr!, {r0, r1, r2, r3, r5, r6, sb, sl, fp, sp, lr}",1
"andeq r0, r0, r0, lsl 2",1
"strbtvc r7, [sb], -0x865",1
"stclvs p1, c6, [sb], -0x198",1
"andeq r6, r0, 0x2e0000",1
"rsbsvc r0, r0, 0",1
invalid,1
"stmdavs lr!, {r0, r2, r3, r5, r6, r8, sl, sp, lr}",1
"andeq r0, r0, r0, lsl 4",1
"ldrbvs r6, [r2, -0x964]!",1
"stmdavs lr!, {r1, r2, r3, r5, r6, sl, ip, sp, lr}",1
"andeq r0, r0, r0, lsl 10",1
"ldmdbvs r2!, {r0, r1, r4, r5, r6, sl, ip, sp, lr} ^",1
"stmdavs lr!, {r1, r2, r3, r5, r6, r8, sb, sl, sp, lr}",1
"andeq r0, r0, r0, lsl 10",1
invalid,1
"stmdavs lr!, {r2, r4, r5, r6, sl, sp, lr}",1
"andeq r0, r0, r0, lsl 10",1
"stmdbvs r2!, {r2, r3, r5, r6, r8, fp, sp, lr} ^",1
"cdphs p4, 6, c7, c12, c14, 3",1
"andeq r0, r5, r8, rrx",1
svcvs 0x757100,1
"stmdavs lr!, {r2, r4, r5, r6, r8, sl, sp, lr}",1
"andeq r0, r0, r0, lsl 4",1
"stclvs p4, c7, [r4], -0x1cc",1
"stmdavs lr!, {r0, r3, r5, r6, sb, sp, lr}",1
"andeq r0, r0, r0, lsl 10",1
svcvs 0x727265,1
"rsbeq r2, r8, r2, ror lr",1
"andvc r0, r0, 2",1
"ldclhs p15, c6, [r4, -0x1bc]!",1
"ldclhs p5, c6, [r6, -0x190]!",1
"cdphs p14, 6, c6, c15, c9, 3",1
"andeq r0, r2, r8, rrx",1
invalid,1
"cdphs p12, 6, c6, c5, c1, 3",1
"andeq r0, r5, r8, rrx",1
"rsbvc r6, sb, 0, 8",1
"strbvs r6, [sp, -0x16e]!",1
"andeq r6, r0, 0x2e0000",1
"ldrbvs r0, [r6, -0]!",1
svcvs 0x697372,1
"strbtvc r2, [r5], -0xd6e",1
"rsbeq r2, r8, r3, ror 28",1
"strvs r0, [r0, -2]",1
svcvs 0x6e7272,1
"movweq r6, 0x82e",1
"ldrbvs r0, [r8, -r0]!",1
"strbvc r7, [r3, -r5, ror 8]!",1
"rsbeq r2, r8, r4, ror 28",1
"andeq r0, r0, r2",1
"strlt r0, [r2], -0x500",1
"movweq r0, 0x94",1
"streq r0, [r1], -0xfb",1
"cdphs p3, 6, c0, c13, c2, 0",1
"movwne r0, 0x3104",1
"movweq r0, 0x242e",1
"streq r2, [r4], 0xe6d",1
"ldrvs r0, [r6], -r1, lsl 6",1
bvs 0xd15b0,1
"movweq r0, 0x142e",1
bvc 0xdc600,1
"movweq r3, 0x412e",1
"cdphs p5, 7, c11, c15, c3, 0",1
"mrsle r0, apsr",1
"movweq r6, 0x4600",1
"cdphs p15, 7, c10, c15, c3, 0",1
"cdpgt p1, 0, c0, c3, c4, 0",1
"mcrrmi p14, 0, r2, pc, c0",1
"strbeq r7, [sl], -0x603",1
bmi 0x1b119d4,1
"stmdavc r3, {r2, r8}",1
svchs 0x492f4a,1
"sublo r4, ip, pc, lsr 16",1
"ldrteq r0, [r1], -0x204",1
"andeq r2, r4, 0x400",1
invalid,1
"andeq r2, r4, 0x6900",1
"andlo r0, r1, sp, lsr 8",1
"strmi r0, [r3], -r4, lsl 6",1
"movweq r0, 0x144a",1
"movweq r2, 0x4e3a",1
"strteq r4, [lr], -0x603",1
"cdphs p3, 3, c0, c12, c1, 0",1
"ldrvs r2, [r1, -r7, ror 30]!",1
"movweq r0, 0x344b",1
"strteq r7, [lr], -0xfbd",1
"sbceq r0, r4, r1, lsl 6",1
"movweq r0, 0x3466",1
"strteq r7, [lr], -0xfbc",1
"cdphs p3, 3, c0, c7, c2, 0",1
"andge r0, r3, r4, lsl 2",1
invalid,1
"movweq r0, 0x444d",1
"strbeq r0, [sl], -0x1b8",1
"cdpvc p3, 0xc, c0, c12, c1, 0",1
bmi 0x1d91c3c,1
"eoreq r1, lr, r3",1
"streq r0, [r1], -r2, lsl 8",1
"strhi r0, [r3, -0x6ba]",1
"mcr2 p6, 0, sp, c3, c15, 3",1
"movwhi r4, 0x3a00",1
"stc2 p14, c2, [r3, -0x1fc]",1
"movwhi r2, 0x3e00",1
"stmdb r3, {r0, r1, r2, r3, r4, r5, r6, sb, sl, fp, sp}",1
blls 0xdc658,1
invalid,1
"stcge p4, c0, [r3, -0x10]",1
invalid,1
"ldrbtvs sp, [sp], -r3, lsl 6",1
"stcge p4, c0, [r3, -0x10]",1
invalid,1
"cdphs p3, 7, c13, c13, c3, 0",1
invalid,1
"mrs r0, apsr",1
"movteq r4, 0xba00",1
invalid,1
"ldrbtvs fp, [pc], -r3, lsl 28 ; [0x10e88:4]=0xd72208a3",1
"mcrls p3, 0, r0, c10, c0, 1",1
"strle r0, [r2, -r3, lsr 17]!",1
"ldmibmi fp!, {r0, r1, r4, r5, sb, sl, fp, ip, sp, pc}",1
"ldmmi pc, {r1, r2, r3, r4, r5, r7, sl, fp, lr}",1
"eorhi r0, pc, 0xf8000002",1
svcvs 0x30504,1
"strvs r0, [lr], -sl, asr 6",1
invalid,1
bmi 0x1ff92b8,1
"movteq r7, 0xa603",1
blmi 0xc9c6dc,1
svchi 0x30404,1
invalid,1
"rsbshi pc, sp, 3, 26",1
"ldrbvs r0, [sb], -pc, asr 6",1
bllt 0xff4a35b4,1
"streq fp, [r4], -0xd49",1
"strvs sb, [r2], -r3, lsl 30",1
"mrs r0, apsr",1
"streq r4, [r4], -0xa7d",1
"cdphs p15, 0, c9, c2, c3, 0",1
"mrs r0, apsr",1
"mcrvc p14, 2, r2, c6, c13, 3",1
"strdhi r4, r5, [r3], -r3",1
"ldrvs sp, [pc, r1, lsl 12]  ; [0x10eec:4]=0x7ea203c4",1
"stmdaeq sl, {r0, r1, sb, ip, sp, lr} ^",1
"cdpvc p3, 0xa, c0, c2, c4, 6",1
"movwne r3, 0x1202",1
"streq r2, [r4, -0xf2d]",1
"vmlahs.f64 d9, d4, d3",1
"andls r0, r3, 4, 12",1
"streq fp, [r4, -0xa7c]",1
"cdphs p14, 0, c14, c3, c3, 0",1
"andls r0, r3, 4, 12",1
invalid,1
"orreq r6, r2, 0xc00000",1
invalid,1
"strbteq r3, [r6], -3",1
"cdphs p3, 5, c0, c1, c1, 0",1
"movweq r0, 0x642d",1
invalid,1
"cdplt p1, 6, c5, c6, c3, 0",1
"ldrteq fp, [fp], 0xbbe",1
"eorhi r0, r5, 0x18000000",1
blpl 0xd134c,1
"movweq r0, 0x642e",1
"streq r2, [r4, -0xe25]",1
bmi 0x105754,1
"cdpge p6, 0, c0, c3, c4, 0",1
"streq r8, [r4, -0x27c]",1
"cdphs p2, 0, c13, c3, c3, 0",1
"cdpge p6, 0, c0, c3, c4, 0",1
"streq r2, [r4, -0xe7c]",1
"strvs sp, [r3], -r3, lsl 10",1
"strle r0, [sl], -r7, ror 6",1
"andge r0, r3, r4, lsl 12",1
"streq sp, [r4, -0x67c]",1
"cdphs p0, 0, c14, c3, c3, 0",1
"andge r0, r3, r4, lsl 12",1
"streq r2, [r4, -0xe7c]",1
"strvs sp, [r3], -r3, lsl 24",1
"strge r0, [r3], -0x604",1
"streq sp, [r4, -0x67c]",1
"cdphs p12, 0, c13, c3, c3, 0",1
"strge r0, [r3], -0x604",1
"stmdahs r2, {r2, r3, r4, r5, r6, sb, sl, fp, sp}",1
"andeq r0, r1, r0, lsl 2",1
"sbcls r0, r0, r5, lsl 4",1
"strgt r0, [r3], -0",1
blhs 0x1a513a8,1
invalid,1
"stclmi p7, c6, [r7], -0xbc",1
svchs 0x2dd74e,1
"mcrls p3, 0, r0, c11, c0, 1",1
"strvc r7, [r8], -0x503",1
"orreq r0, r2, 3, 28",1
"vstrmi s9, [sp, -0x1d4]",1
"strbhi r0, [sl, -0x903]",1
"cdpmi p1, 4, c4, c10, c3, 0",1
"orrhi r2, r4, 0x378000",1
svchs 0xba3f03,1
beq 0xdcd00,1
bmi 0x1991cfc,1
"cdple p4, 0, c0, c3, c4, 0",1
"strteq r0, [r0], -0x800",1
"cdpvc p3, 0xf, c0, c5, c1, 0",1
"movweq r0, 0x4482",1
"strbeq r0, [sl], -0x18b",1
"cdpvc p3, 0xf, c0, c5, c1, 0",1
"ldmdaeq r4!, {r1, r7, r8, sb}",1
"smlatt r3, r4, fp, r4",1
bhs 0x13a39ec,1
"stclhs p0, c3, [fp, -0xc8]",1
svchs 0x2f492f,1
"cdphs p4, 0, c10, c2, c3, 0",1
"stclvc p3, c0, [ip, 0x12c]",1
"stmdahs r2, {r1, r3, r6, r8, sb, fp, lr}",1
bhs 0x51410,1
"andeq r0, r0, 0",1
"andeq r2, r0, r0, lsl 8",1
blx 0x5181e,1
invalid,1
"andeq r0, r1, r1, lsl 2",1
"andeq r0, r1, r0",1
"rsbsvc r0, r3, 0, 2",1
"strvc r0, [r0], -r3, rrx",1
"ldmdbvs r3!, {r0, r2, r5, r6, sb, ip, sp, lr} ^",1
invalid,1
"andeq r0, r0, r0, lsl 2",1
"andeq r3, r1, r0, lsl 20",1
"andeq r0, r0, r0, lsl 4",1
"andeq r0, r0, 1",1
"vstreq d15, [lr, -4]",1
"mrseq r0, apsr",1
"andeq r0, r0, r1",1
invalid,1
"rsbeq r6, r2, ip, ror 18",1
"rsbsvc r7, r3, 0xbc00000",1
"rsbvs r6, sb, 0x2f00",1
invalid,1
"ldclvs p1, c6, [r2, -0xbc]!",1
blvs 0x1bed124,1
"stmdbvs ip!, {r0, r3, r4, r5, r6, r8, sl, fp, sp} ^",1
"ldclhs p5, c7, [r8, -0x1b8]!",1
"ldrbvs r6, [r5, -0xe67]!",1
svchs 0x696261,1
"mrchs p14, 1, r2, c7, c4, 1",1
"mcrvs p15, 3, r2, c9, c2, 1",1
"ldrbtvs r6, [r5], -0xc63",1
"strvc r0, [0x0001102b]!",1
"stmdbvs pc!, {r0, r1, r4, r5, r6, sb, ip, sp, lr}",1
"strbvc r6, [ip, -0x36e]!",1
"eorvs r6, pc, 100, 10",1
"rsbseq r7, r3, sb, ror 8",1
"rsbsvc r7, r3, 0xbc00000",1
invalid,1
"strbvs r7, [r4, -0x56c]!",1
"stclvs p0, c0, [r3], -0",1
svcvs 0x65736f,1
invalid,1
"andeq r0, r0, r0, lsl 2",1
"strbtvs r7, [r4], -0x473",1
"stmdavs lr!, {r0, r2, r5, r6, sb, sl, sp, lr}",1
"andeq r0, r0, r0, lsl 4",1
"ldrbvs r7, [r0, -0x974]!",1
"rsbeq r2, r8, r3, ror lr",1
"movwvc r0, 3",1
svcvs 0x696474,1
"streq r6, [r0], -0x82e",1
invalid,1
"cdphs p9, 6, c6, c15, c2, 3",1
"andeq r0, r4, r8, rrx",1
"ldmdbvs r8!, {r8, sl, sp, lr} ^",1
"stmdbvs r1!, {r2, r4, r5, r6, sb, sl, sp, lr} ^",1
"rsbeq r2, r8, ip, ror 28",1
invalid,1
"cdpvs p2, 6, c6, c9, c9, 3",1
"stmdavs lr!, {r2, r4, r5, r6, sl, fp, sp, lr}",1
"andeq r0, r0, r0, lsl 8",1
"strbtvc r7, [pc], -0x571",1
"ldrbvs r6, [r2, -r5, ror 2]!",1
invalid,1
"stclvs p0, c0, [r3], -0",1
"stclhs p3, c7, [r5, -0x1bc]!",1
"ldrbvs r7, [r2, -0x473]!",1
"stmdavs lr!, {r0, r5, r6, r8, sl, fp, sp, lr}",1
"andeq r0, r0, r0, lsl 2",1
"cdpvs p2, 7, c7, c2, c5, 3",1
"rsbeq r2, r8, pc, ror 28",1
"strvs r0, [r0, -3]",1
"rsbvc r7, pc, 0x20000007",1
invalid,1
"cdpvs p0, 7, c0, c5, c0, 0",1
"ldrbtvs r7, [r4], -0x369",1
"streq r6, [r0], -0x82e",1
"andeq r0, r0, r0",1
invalid,1
invalid,1
"strhs r1, [r3], -0x301",1
invalid,1
svchs 0x2d2f82,1
"streq r0, [r2], -0x83",1
"streq r0, [r2], r1, lsl 12",1
"addge r0, r2, r3, lsl 24",1
"movthi r7, 0xa403",1
"movteq r2, 0xbf2d",1
"teqeq ip, 0x90000",1
"mcrne p6, 0, r6, c2, c10, 3",1
"stclt p1, c0, [r1, -0]",1
"andeq r0, r0, 0",1
"andeq r8, r0, r0, lsl 2",1
blx 0x5198a,1
invalid,1
"andeq r0, r1, r1, lsl 2",1
"andeq r0, r1, r0",1
"stmdbvs ip!, {r8} ^",1
"strvc r0, [0x0001113a]!",1
"stcvs p2, c7, [pc], -0x1cc",1
"strvs r6, [pc, -sb, ror 4]!",1
invalid,1
"eorvc r6, sp, r2, ror sp",1
invalid,1
"strbvc r6, [lr, -0x96c]!",1
"mcrvs p13, 3, r2, c7, c8, 3",1
"rsbvs r6, r1, 0x1d400000",1
"cdphs p15, 3, c2, c4, c9, 3",1
svchs 0x322e37,1
"stclvs p14, c6, [r3], -0x1a4",1
"rsbeq r6, r5, r5, ror r4",1
"rsbsvc r7, r3, 0xbc00000",1
invalid,1
"strbvs r7, [r4, -0x56c]!",1
invalid,1
invalid,1
"stcvs p5, c6, [sp], -0x1b4",1
"cdphs p0, 6, c7, c12, c7, 3",1
"andeq r0, r1, r3, rrx",1
"ldrbtvs r7, [r4], -0x300",1
"cdphs p5, 6, c6, c6, c4, 3",1
"andeq r0, r2, r8, rrx",1
"rsbsvc r7, r4, 0, 6",1
"cdphs p14, 6, c6, c7, c9, 3",1
"andeq r0, r3, r8, rrx",1
"streq r0, [r0, -0]",1
"addseq r1, sp, r2, lsl 8",1
"tsteq lr, r0, lsl 6",1
"uhadd16vs r0, sl, r7",1
"andeq r2, r0, 0xd40",1
"strbteq r0, [sb], -r4, lsl 2",1
svchs 0x300666,1
"movteq r3, 0xd02d",1
invalid,1
"eorlo r3, lr, 0x6600000",1
"andeq r0, r4, 0, 4",1
"ldrbeq r0, [r8], -r6, lsl 16",1
"rsbeq r0, r6, 0x300",1
"mrseq r0, apsr",1
"andeq r0, r0, fp, lsr 32",1
"eoreq r0, r5, r2",1
invalid,1
"strdeq r0, r1, [sp], -fp",1
"mrseq r0, apsr",1
invalid,1
invalid,1
"andeq r6, r0, sb, ror 4",1
"strbtvc r7, [sb], -0x865",1
"stclvs p1, c6, [sb], -0x198",1
invalid,1
beq 0x1126c,1
"andeq r0, r0, 1",1
"andeq sp, r0, r0, lsl 8",1
blx 0x51a7a,1
invalid,1
"andeq r0, r1, r1, lsl 2",1
"andeq r0, r1, r0",1
"stmdbvs ip!, {r8} ^",1
"strvc r0, [0x0001122a]!",1
"stcvs p2, c7, [pc], -0x1cc",1
"strvs r6, [pc, -sb, ror 4]!",1
invalid,1
"eorvc r6, sp, r2, ror sp",1
invalid,1
"strbvc r6, [lr, -0x96c]!",1
"mcrvs p13, 3, r2, c7, c8, 3",1
"rsbvs r6, r1, 0x1d400000",1
"cdphs p15, 3, c2, c4, c9, 3",1
svchs 0x322e37,1
"stclvs p14, c6, [r3], -0x1a4",1
"rsbeq r6, r5, r5, ror r4",1
"rsbsvc r7, r3, 0xbc00000",1
invalid,1
"strbvs r7, [r4, -0x56c]!",1
"strbtvc r6, [sb], -0x22f",1
"strvc r0, [0x0001125d]!",1
"stmdbvs pc!, {r0, r1, r4, r5, r6, sb, ip, sp, lr}",1
"strbvc r6, [ip, -0x36e]!",1
"andeq r6, r0, r4, ror 10",1
invalid,1
"strbvs r6, [sp, -0x16e]!",1
invalid,1
"ldrbtvc r0, [r3], -0",1
"strbtvs r6, [r5], -r4, ror 8",1
"andeq r6, r0, 0x2e0000",1
invalid,1
"mrchs p5, 3, r6, c3, c0, 3",1
"andeq r0, r3, r8, rrx",1
"rsbvs r6, sb, 0, 24",1
"stmdavs lr!, {r0, r3, r5, r6, r8, sb, sl, fp, sp, lr}",1
"andeq r0, r0, r0, lsl 8",1
"cdpvs p2, 7, c7, c2, c5, 3",1
"rsbeq r2, r8, pc, ror 28",1
"movwvc r0, 4",1
svcvs 0x696474,1
"streq r6, [r0], -0x82e",1
"ldrbtvc r0, [r3], -0",1
invalid,1
"streq r6, [r0], -0x82e",1
"eorsvs r0, ip, 0",1
"strbtvc r6, [ip], -0x975",1
"cdplo p9, 6, c6, c14, c13, 1",1
"andeq r0, r0, r0",1
"stclvs p4, c7, [r4], -0x1cc",1
"stmdavs lr!, {r0, r3, r5, r6, sb, sp, lr}",1
"andeq r0, r0, r0, lsl 8",1
"andeq r0, r5, 0",1
"strheq sb, [r0], -r0",1
"movweq r2, 0x1703",1
blmi 0x149cb84,1
"mrseq r0, r12_usr",1
"andeq r4, r0, 0x6000",1
svchs 0x60104,1
bhs 0xfe919f88,1
"mrchs p3, 3, r0, c6, c2, 1",1
"eorpl r1, lr, r3, lsl 16",1
"stcllt p12, c5, [r6], -0xc",1
invalid,1
"andeq fp, r5, r1, lsl 10",1
"stmdbmi r0, {sb}",1
"andeq r0, r0, 1",1
"vstreq d15, [lr, -4]",1
"mrseq r0, apsr",1
"andeq r0, r0, r1",1
invalid,1
"rsbeq r6, r2, ip, ror 18",1
"rsbsvc r7, r3, 0xbc00000",1
invalid,1
"strbvs r7, [r4, -0x56c]!",1
"strbtvc r6, [sb], -0x22f",1
"strvc r0, [0x00011339]!",1
"stcvs p2, c7, [pc], -0x1cc",1
"strvs r6, [pc, -sb, ror 4]!",1
invalid,1
"eorvc r6, sp, r2, ror sp",1
invalid,1
"strbvc r6, [lr, -0x96c]!",1
"mcrvs p13, 3, r2, c7, c8, 3",1
"rsbvs r6, r1, 0x1d400000",1
"cdphs p15, 3, c2, c4, c9, 3",1
svchs 0x322e37,1
"stclvs p14, c6, [r3], -0x1a4",1
"rsbeq r6, r5, r5, ror r4",1
"rsbsvc r7, r3, 0xbc00000",1
invalid,1
"strbvs r7, [r4, -0x56c]!",1
"ldrbvc r0, [r1, -0]!",1
invalid,1
invalid,1
"andeq r0, r0, r0, lsl 2",1
"ldrbtvc r2, [r3], -0xd63",1
invalid,1
"cdphs p5, 7, c6, c1, c5, 3",1
"andeq r0, r1, r8, rrx",1
"rsbsvc r7, r4, 0, 6",1
invalid,1
"andeq r6, r0, 0x2e0000",1
"cmnvs r8, r0",1
invalid,1
invalid,1
"ldrbtvc r0, [r3], -0",1
"strbtvs r6, [r5], -r4, ror 8",1
"movweq r6, 0x82e",1
"ldrbvc r0, [r1, -0]!",1
invalid,1
"stmdavs lr!, {r1, r4, r5, r6, r8, sb, sl, sp, lr}",1
"andeq r0, r0, r0, lsl 2",1
"ldrbvs r7, [r0, -0x974]!",1
"rsbeq r2, r8, r3, ror lr",1
"strvc r0, [r0], -2",1
"cdphs p13, 6, c6, c5, c9, 3",1
"andeq r0, r4, r8, rrx",1
"rsbvs r6, sb, 0, 24",1
"stmdavs lr!, {r0, r3, r5, r6, r8, sb, sl, fp, sp, lr}",1
"andeq r0, r0, r0, lsl 8",1
invalid,1
"rsbeq r2, r8, r2, ror lr",1
"movwvc r0, 4",1
svcvs 0x696474,1
"streq r6, [r0], -0x82e",1
invalid,1
"strbtvc r6, [lr], -0x962",1
"rsbeq r2, r8, ip, ror 28",1
"strvc r0, [r0, -r4]",1
"rsbsvc r7, sb, r3, ror 8",1
"rsbeq r2, r8, r5, ror 28",1
"movwvc r0, 4",1
"mcrvs p2, 3, r7, c9, c4, 3",1
"rsbeq r2, r8, r7, ror 28",1
invalid,1
"stclvs p3, c6, [r1], -0x1bc",1
"rsbvc r6, r1, 0x630000",1
"mrchs p5, 3, r6, c4, c3, 3",1
"andeq r0, r1, r8, rrx",1
"ldmdbvc r4!, {r8, sb, sp, lr} ^",1
"stmdavs lr!, {r4, r5, r6, r8, sl, sp, lr}",1
"andeq r0, r0, r0, lsl 8",1
"stclvs p4, c7, [r4], -0x1cc",1
"stmdavs lr!, {r0, r3, r5, r6, sb, sp, lr}",1
"andeq r0, r0, r0, lsl 8",1
"cdpvs p2, 7, c7, c2, c5, 3",1
"rsbeq r2, r8, pc, ror 28",1
"andeq r0, r0, r2",1
"strvs r0, [r2], -0x500",1
"movweq r0, 0x9e",1
svchs 0x101b3,1
blmi 0xb758fc,1
invalid,1
invalid,1
"andeq r4, r4, 0x1a000",1
invalid,1
"andvc r8, r3, 0x20000007",1
"rsbshi r0, r2, 0x8000002",1
invalid,1
invalid,1
"cdphs p13, 0, c15, c0, c3, 0",1
"movweq r0, 0x244b",1
"andvc sp, r3, 72, 12",1
"rsbshi r0, r2, 0x28000001",1
"strbteq r7, [r6], -0x203",1
"rsceq r0, r6, r1, lsl 6",1
"andeq r8, r4, 0x98000001",1
"vaddhs.f64 d24, d15, d3",1
invalid,1
"andvc r6, r3, 0x7200000",1
"movweq r0, 0x1466",1
blmi 0xb91b98,1
"andls r1, r8, r3, lsl 18",1
"stchs p8, c8, [0x0001140c]!",1
"cdphs p3, 0, c0, c11, c15, 1",1
invalid,1
"strne r4, [r3, -fp, lsl 20]",1
"andge r7, r3, 8, 8",1
blhs 0xfe86af44,1
blhs 0xfe85c210,1
"rscseq r0, r5, r1, lsr r3",1
svcvc 0xbf032e,1
"sbceq r0, r1, sl, asr 6",1
"streq r0, [r2], -0x2e",1
"cdpls p15, 0, c2, c6, c1, 0",1
svchs 0x494b06,1
svchs 0x494e2d,1
"movteq r2, 0xed2d",1
invalid,1
"stclhs p15, c7, [sl, -0x2b4]",1
invalid,1
"strgt r2, [r3], -r2, lsl 28",1
blt 0xdcf78,1
"str r2, [r3], -0xe01",1
invalid,1
"strgt r2, [r3], -r2, lsl 28",1
blt 0xe3f88,1
"strgt r2, [r3], -r1, lsl 28",1
"andeq r2, r0, 0x7e0",1
"cdpls p1, 0, c0, c3, c4, 0",1
"andeq r2, r0, 0x7f0",1
bmi 0x191db4,1
svchs 0x498906,1
"andhi r0, pc, 0xb4000000",1
"andseq r0, sp, 0xbc000000",1
"strge r0, [r1], -r4, lsl 5",1
"streq r0, [r2], -0x67",1
"strbteq r0, [r6], -r1, lsl 12",1
bvs 0xfecd375c,1
svcls 0x4b2a4e,1
"mulle r3, pc, pc",1
"strbvs r2, [r7, -r1, lsl 28]!",1
"stmdavs lr, {r2, r3, r4, r7, r8, sl, fp, lr} ^",1
"ldclvc p3, c0, [r8, 0x2f4]",1
"adceq r0, r8, 0x98000001",1
"ldclvc p3, c0, [r8, 0xb8]",1
"streq r0, [r2], -0x2e",1
"strteq r0, [lr], -r1, lsl 12",1
blt 0xbc1f4,1
"andeq r6, r0, 0x20c000",1
svcls 0xf30104,1
"stcmi p15, c2, [sp, -0x124]!",1
"cdpvc p3, 0xb, c0, c15, c15, 1",1
"streq r0, [r2], -0x82",1
"subeq r0, sl, r2, lsl 12",1
bmi 0xd260c,1
"andne r4, r3, r6, lsl 28",1
invalid,1
invalid,1
"ldrbtvs sb, [lr], -r3, lsl 28",1
blle 0xb93e24,1
bmi 0x1b523bc,1
"strbmi r4, [ip], -lr, asr 14",1
bmi 0x1052348,1
"orreq r6, r8, 104, 16",1
"eorseq r4, r4, sl, ror sl",1
"streq r0, [r1], -r2, lsl 8",1
svcls 0xbc062e,1
"orrseq r2, lr, 0x300000",1
"stmdbvs r6!, {r0, r1, r2, r3, r5, r6, r7} ^",1
"streq r0, [r2], -0x81",1
"cdpls p3, 3, c0, c14, c1, 0",1
"andlo r6, r6, 0x600000",1
invalid,1
svceq 0x32e71,1
"rsbshi r0, r7, 0xb8000000",1
"orrshi r6, pc, 76, 14",1
"ldmdavs r5!, {r0, r2, r3, r5, r8, sb, fp, lr}",1
"andvc r2, r3, fp, asr 26",1
bmi 0x25231c,1
invalid,1
"teqeq r0, 43, 30",1
invalid,1
"streq r0, [r1], -r2, lsl 8",1
"movweq r4, 0x6a66",1
"stmdavs r8!, {r0, r1, r3, r5, sb, fp, lr} ^",1
svcle 0x39f9f,1
invalid,1
"andeq r2, r0, 48, 24",1
"cdphs p1, 0, c0, c6, c4, 0",1
"mrseq r0, r12_usr",1
svcvc 0xb30306,1
"streq r0, [r2], -0x66",1
"sbceq r0, sp, r1, lsl 6",1
"streq r0, [r2], -0x2e",1
svcvc 0xb30301,1
"streq r0, [r2], -0x2e",1
"sbceq r0, lr, r1, lsl 6",1
"strbvs r0, [r6], -lr, lsr 6",1
"eoreq r4, pc, ip, asr 16",1
"streq r0, [r1], -r2, lsl 8",1
"streq r0, [r2], -0x4a",1
"rsbeq r0, sb, r1, lsl 12",1
"stmdbmi r1, {r1, sl}",1
"mrseq r0, r12_usr",1
"streq r0, [r2], -0x2c",1
"andlo r3, r3, 1",1
svcvc 0xb7034a,1
"sbceq r0, pc, sl, asr 6",1
svcge 0x3494a,1
invalid,1
svclt 0x32e00,1
svcmi 0x6a2e7f,1
invalid,1
"cdphs p3, 1, c0, c10, c14, 1",1
invalid,1
"movteq r6, 0x9610",1
"vstrhs s9, [sb, -0x18c]",1
bmi 0x4bf0c,1
"andeq r3, r0, 0x44000003",1
"cdphs p1, 0, c0, c6, c4, 0",1
bvc 0xeb324,1
bvc 0xde7c8,1
"ldmvs ip!, {r1, r2, r3, r5, sl, ip, sp}",1
"strbeq r7, [sl], -0x203",1
"ldclvc p3, c0, [sb, 0xc]!",1
"movweq r0, 0x144a",1
"strteq r0, [lr], -0x3ca",1
"ldcvc p3, c0, [r6], 0xc",1
"movweq r0, 0x142e",1
"movteq r0, 0xa3ca",1
invalid,1
invalid,1
"movteq r7, 0xaebd",1
invalid,1
invalid,1
invalid,1
"stceq p15, c4, [r3, -0x130]",1
"streq r0, [r2], -0x4a",1
"strlt sp, [r3], -0xa01",1
"vstrgt s8, [r3, -0x1f4]",1
"cdpmi p6, 0, c6, c2, c2, 0",1
bmi 0x3123a4,1
"eorlo r3, sl, 0xb0000004",1
"movwhs r3, 0x8147",1
blt 0x1fbe378,1
"streq r0, [r2], -0xa6",1
"eorshi r0, sp, 0x4000000",1
"strle sp, [r0], -r3, lsl 10",1
"rsbshi sl, lr, 0x300",1
"cdphs p2, 7, c11, c15, c3, 0",1
"cdphs p14, 0, c12, c0, c3, 0",1
bmi 0x12d243c,1
"teqeq r0, 0x2d00",1
"smullseq r0, r6, r4, r2",1
"andpl r0, r1, 0x2000000",1
"andeq pc, r0, 0x60000000",1
"ldreq r0, [lr], r4, lsl 4",1
bgt 0xdcd3c,1
"ldclt p8, c0, [ip, -0x1f4]!",1
bmi 0x453b4,1
svcvc 0xaf0349,1
"sbcseq r0, r1, lr, lsr 6",1
bmi 0x129246c,1
"cdphs p3, 6, c0, c6, c13, 1",1
invalid,1
bmi 0xfee92770,1
svcmi 0x2b3183,1
"teqlo r0, sb, lsr 2",1
"movtlo r3, 0x816d",1
"movweq r0, 0x34d9",1
"strteq r7, [lr], -0xabb",1
"strbeq r0, [r5, 0x301]",1
"movweq r0, 0x342e",1
"strteq r7, [lr], -0xabb",1
"strbeq r0, [r6, 0x301]",1
"stchs p5, c3, [0x00011650]!",1
"ldrthi r4, [r1], -0xb47",1
"stmdbvs r2, {r3, r6, fp} ^",1
svchs 0x2d2f2d,1
"movweq r0, 0x442f",1
"streq r7, [r2], 0xbb0",1
"ldrbeq r0, [r2], 0x301",1
"strteq r6, [pc], -0x566",1
blvc 0xfeb92418,1
invalid,1
"cdphs p2, 0, c13, c4, c3, 0",1
invalid,1
"strbhi r5, [sl], -0xf03",1
svcvs 0x34c2c,1
"cdphs p3, 0, c0, c13, c6, 3",1
"ldrbtvs sp, [sl], -r3, lsl 18",1
"stchs p15, c2, [0x00011770]!",1
svcmi 0x30844b,1
invalid,1
"ldrne r0, [sl, 0xa03]!",1
"ldchs p9, c2, [r3, -0x210]!",1
svchs 0x2d2f2f,1
"ldrvs r6, [r5, -r8, ror 28]",1
"sublo r3, pc, pc, lsr 32",1
svchs 0x4d4968,1
invalid,1
blmi 0x12a405c,1
"stchs p8, c6, [0x000116c0]!",1
"pushmi {r0, r1, r2, r3, r5, r8, sb, fp, lr}",1
"teqeq r0, 0xbc00000",1
"stchs p6, c6, [0x00011814]!",1
"stchs p13, c2, [0x000117a8]!",1
"stchs p1, c3, [pc], -0x130",1
invalid,1
"streq r3, [r4], -0x19b",1
"cdpls p8, 7, c9, c12, c3, 0",1
"stc p1, c0, [r3, -0x10]",1
invalid,1
"eorlo r2, sp, 45, 30",1
"andvs r3, r3, 0x2c",1
svchs 0x2f0166,1
"mcrhs p3, 1, r0, c15, c1, 0",1
"eorlo r3, ip, pc, lsr 32",1
"andeq r0, r4, 0, 4",1
"streq r0, [r2], -0x83",1
"andeq r2, r0, 2, 26",1
"eoreq r0, pc, r4, lsl 4",1
"stchs p4, c0, [r2, -8]",1
blmi 0xbf2a48,1
"sublo r8, fp, r0, lsr r4",1
"cdpls p9, 0, c12, c0, c3, 0",1
svcmi 0x114b13,1
svcmi 0x112f13,1
invalid,1
blmi 0x12d1d8c,1
blmi 0x129e508,1
bmi 0x13f95f4,1
"vfnmami.f64 d4, d15, d23",1
invalid,1
invalid,1
"ldchs p3, c3, [r0], -0xb4",1
invalid,1
"umlalslo r7, sl, lr, sl",1
"movteq r2, 0xbf81",1
"movteq r0, 0xa5e1",1
invalid,1
blmi 0xb93074,1
svchs 0x2f016a,1
svchs 0x133311,1
svchs 0x133311,1
"mcrhs p3, 0, r0, c15, c1, 0",1
"stchs p13, c2, [0x00011848]!",1
svcls 0x83bb83,1
svchs 0x667303,1
"movteq r2, 0xcf2d",1
"strvs r4, [lr, -pc, lsl 20]!",1
svcls 0x342d67,1
bmi 0x39280c,1
svcmi 0x112f13,1
invalid,1
invalid,1
svchs 0x2f0133,1
"andeq r0, r2, r1, lsl r2",1
"sbceq r0, r0, r1, lsl 2",1
"andeq r0, r2, r0",1
"muleq r0, sl, r0",1
"cdpeq p1, 0xf, c0, c11, c2, 0",1
"mrseq r0, apsr",1
"andeq r0, r0, r1, lsl 2",1
"andeq r0, r0, r0, lsl 2",1
"rsbvs r6, sb, 0x100",1
"cmnvc r5, 0, 30",1
"mcrvs p15, 3, r2, c9, c2, 3",1
"ldrbtvs r6, [r5], -0xc63",1
"ldmdbvc r3!, {r0, r2, r5, r6, r8, sb, sl, fp, sp} ^",1
"strvc r0, [0x000118f1]!",1
"stmdbvs pc!, {r0, r1, r4, r5, r6, sb, ip, sp, lr}",1
"strbvc r6, [ip, -0x36e]!",1
"eorvs r6, pc, 100, 10",1
"rsbseq r7, r3, sb, ror 8",1
"rsbsvc r7, r3, 0xbc00000",1
invalid,1
"strbvs r7, [r4, -0x56c]!",1
svcvs 0x720000,1
"strtvs r7, [sp], -0x46f",1
"pushvs {r0, r2, r5, r6, sb, sl, ip, sp, lr}",1
invalid,1
"andeq r0, r0, r0, lsl 2",1
"strbtvc r7, [r1], -0x473",1
"andeq r6, r0, 0x2e0000",1
invalid,1
"mrchs p5, 3, r6, c3, c0, 3",1
"andeq r0, r3, r8, rrx",1
"rsbsvc r7, sb, r0, lsl 8",1
"stmdavs lr!, {r0, r2, r5, r6, r8, sb, ip, sp, lr}",1
"andeq r0, r0, r0, lsl 4",1
"strbvs r6, [sp, -0x974]!",1
"streq r6, [r0], -0x82e",1
"ldrbtvc r0, [r3], -0",1
"stmdavs lr!, {r0, r5, r6, sl, ip, sp, lr}",1
"andeq r0, r0, r0, lsl 6",1
"ldclhs p5, c6, [r6, -0x190]!",1
"cdphs p14, 6, c6, c15, c9, 3",1
"andeq r0, r1, r8, rrx",1
"streq r0, [r0, -0]",1
"adcseq fp, r3, r2, lsl 24",1
"tsteq sp, r0, lsl 6",1
"movweq r0, 0x244a",1
"strteq r0, [lr], -0x3b1",1
"ldclvc p3, c0, [r1], {1}",1
"stmdavs r7!, {r1, r7, sl, fp, lr} ^",1
"andeq r0, r6, r2, ror 4",1
"rsbeq r0, r4, 0x40000000",1
"andeq r0, r2, r0",1
"strdeq r0, r1, [r0], -r6",1
"cdpeq p1, 0xf, c0, c11, c2, 0",1
"mrseq r0, apsr",1
"andeq r0, r0, r1, lsl 2",1
"andeq r0, r0, r0, lsl 2",1
"rsbvs r6, sb, 0x100",1
"cmnvc r5, 0, 30",1
"mcrvs p15, 3, r2, c9, c2, 3",1
"ldrbtvs r6, [r5], -0xc63",1
"stmdbvs r2!, {r0, r2, r5, r6, r8, sb, sl, fp, sp} ^",1
svchs 0x7374,1
svchs 0x727375,1
svchs 0x62696c,1
svchs 0x636367,1
"stclhs p2, c7, [sp, -0x184]!",1
"stmdbvc fp!, {r4, r5, r6, r8, sb, sl, fp, sp, lr} ^",1
"cdpvs p12, 6, c6, c9, c13, 1",1
invalid,1
invalid,1
"strtlo r6, [pc], -0x962",1
"eorlo r3, lr, 0xb80000",1
invalid,1
"strbvs r7, [r4, -0x56c]!",1
"cmnvc r5, 0, 30",1
"mcrvs p15, 3, r2, c9, c2, 3",1
"ldrbtvs r6, [r5], -0xc63",1
"strvc r0, [r0], -r5, rrx",1
"ldmdbvs r3!, {r0, r2, r5, r6, sb, ip, sp, lr} ^",1
"strvs r6, [sp, -0xe6f]!",1
invalid,1
"andeq r0, r0, r0, lsl 2",1
"stmdbvs r4!, {r0, r1, r4, r5, r6, sl, ip, sp, lr} ^",1
"stmdavs lr!, {r0, r1, r2, r3, r5, r6, sb, ip, sp}",1
"andeq r0, r0, r0, lsl 4",1
invalid,1
"stmdavs lr!, {r1, r4, r5, r6, r8, sb, sl, sp, lr}",1
"andeq r0, r0, r0, lsl 6",1
"strbtvs r7, [r4], -0x473",1
"stmdavs lr!, {r0, r2, r5, r6, sb, sl, sp, lr}",1
"andeq r0, r0, r0, lsl 6",1
"ldrbvs r7, [r0, -0x974]!",1
"rsbeq r2, r8, r3, ror lr",1
"movwvc r0, 2",1
svcvs 0x696474,1
"streq r6, [r0], -0x82e",1
"eorsvs r0, ip, 0",1
"strbtvc r6, [ip], -0x975",1
"cdplo p9, 6, c6, c14, c13, 1",1
"andeq r0, r0, r0",1
"stmdbvs r2!, {r2, r3, r5, r6, r8, fp, sp, lr} ^",1
"rsbeq r2, r8, pc, ror 28",1
"strvc r0, [r0], -r4",1
"ldmdbvs r3!, {r0, r2, r5, r6, sb, ip, sp, lr} ^",1
"strvs r6, [sp, -0xe6f]!",1
"stmdavs lr!, {r2, r4, r5, r6, r8, sb, sp, lr}",1
"andeq r0, r0, r0, lsl 2",1
"stmdbvs r2!, {r2, r3, r5, r6, r8, fp, sp, lr} ^",1
"cdphs p4, 6, c7, c12, c14, 3",1
"andeq r0, r4, r8, rrx",1
"ldrbtvs r7, [r4], -0x300",1
"cdphs p9, 6, c6, c2, c12, 3",1
"andeq r0, r4, r8, rrx",1
"streq r0, [r0, -0]",1
"adcseq r1, r4, r2",1
"sbceq r0, r1, r0, lsl 6",1
"cdphs p15, 2, c2, c13, c1, 0",1
"movweq r0, 0x2483",1
invalid,1
"ldrteq r7, [sl], 0x303",1
"cdpls p3, 0, c0, c13, c2, 0",1
"strvc r0, [r3, -0x104]",1
blt 0x252a04,1
"andls r3, r8, r3, lsl 26",1
"strteq r0, [lr], -0xb03",1
svcvc 0xba0302,1
"movweq r0, 0x1466",1
"ldrbeq r0, [r6], 0xc6",1
svcvc 0xba0302,1
"movweq r0, 0x142e",1
"strvc r0, [r8], -0xcc",1
"movteq r7, 0xaa03",1
"strhlo r7, [sl, -0xfc]",1
"ldrbteq r0, [sp], -0x204",1
"andeq r3, r4, 0x4000000",1
"movweq r0, 0x1429",1
"strbeq r0, [sl], -0xcc",1
svcvc 0xb40302,1
"movweq r0, 0x144a",1
"andeq r2, r4, 9, 28",1
"streq r7, [r2], 0x703",1
bmi 0x25276c,1
"strvc r0, [r3, -r4, lsl 4]",1
"movweq r0, 0x142e",1
"strbteq r0, [r6], -0xcc",1
svcvc 0xb40302,1
"movweq r0, 0x144a",1
"andeq r2, r4, 13, 28",1
"streq r7, [r2], 0x303",1
"cdphs p3, 0, c0, c13, c1, 0",1
"movwvc r0, 0x3204",1
"movweq r0, 0x142e",1
"ldreq r0, [lr], 0xcc",1
svcvc 0xb40302,1
"movweq r0, 0x144a",1
"andeq r2, r4, 20, 28",1
"streq r6, [r2], 0xc03",1
bmi 0x5127ac,1
invalid,1
"movweq r0, 0x142e",1
"andeq sp, r4, 0x1b00000",1
"streq r6, [r2], 0x503",1
"ldrvs r0, [fp], -r1, lsl 6",1
"strvs r0, [r3, -0x204]",1
"movweq r0, 0x142e",1
"strteq r0, [r0], -0x822",1
"subshi r0, lr, 0x8000000",1
"andhs r0, r3, 4, 2",1
"movweq r0, 0x2466",1
"qaddeq r2, lr, r4",1
"andhs r2, r8, r3, lsl 20",1
"strpl r0, [r3], -r4, lsl 4",1
"movweq r0, 0x1482",1
"andeq sb, r4, 0x2a0",1
"strteq r5, [lr], -0x603",1
"ldmdaeq r2!, {r0, r8, sb}",1
"movweq r0, 0x243c",1
invalid,1
"ldrteq r3, [sl], 0x203",1
"cdphs p3, 4, c0, c14, c2, 0",1
"strle r0, [r3], -r4, lsl 2",1
"mrslo r0, r8_usr",1
"andeq r3, r0, 0x80000012",1
"cdpls p2, 0, c0, c6, c4, 0",1
"movteq r8, 0xb406",1
"vmlami.f32 s9, s20, s20",1
blvs 0xaf294c,1
bmi 0x512950,1
svchs 0x492f69,1
"ldrteq r8, [r3], -0x630",1
"cdpvc p3, 0xf, c0, c3, c2, 0",1
"movweq r0, 0x1482",1
"strteq r0, [lr], -0x18d",1
"cdpvc p3, 0xf, c0, c3, c2, 0",1
"movweq r0, 0x142e",1
"strbeq r0, [sl], -0x193",1
"cdpvc p3, 0xe, c0, c13, c2, 0",1
"movweq r0, 0x1482",1
"strteq r0, [lr], -0x193",1
"cdpvc p3, 0xe, c0, c13, c2, 0",1
"movweq r0, 0x142e",1
"stcllt p1, c0, [r6], -0x260",1
"andseq r0, r0, ip, lsr 4",1
"adcseq r0, r0, r1, lsl 2",1
"andeq r0, r2, r0",1
"andeq r0, r0, sl, lsr 1",1
"cdpeq p1, 0xf, c0, c11, c2, 0",1
"mrseq r0, apsr",1
"andeq r0, r0, r1, lsl 2",1
"andeq r0, r0, r0, lsl 2",1
"cmnvc r5, 1, 30",1
"stmdbvs ip!, {r1, r4, r5, r6, r8, sb, sl, fp, sp} ^",1
invalid,1
"rsbvc r2, r1, 0x18c",1
svcvs 0x702d6d,1
"stcvs p9, c7, [sp], -0x1ac",1
"ldmdavc r5!, {r0, r3, r5, r6, sb, sl, fp, sp, lr} ^",1
"strbvc r6, [lr, -0x72d]!",1
"stmdbvs r2!, {r0, r2, r5, r6, r8, sp, lr} ^",1
"strlo r3, [lr, -pc, lsr 8]!",1
"stmdbvs pc!, {r1, r2, r3, r5, sb, ip, sp}",1
"strbvc r6, [ip, -0x36e]!",1
svchs 0x6564,1
svchs 0x727375,1
"stclvs p14, c6, [r3], -0x1a4",1
svchs 0x656475,1
"cmnvc r4, 0x188000",1
"cmnvc r5, 0, 30",1
"mcrvs p15, 3, r2, c9, c2, 3",1
"ldrbtvs r6, [r5], -0xc63",1
"stmdbvs ip!, {r0, r2, r5, r6} ^",1
"movwvc r0, 0x62",1
"strbvs r6, [r4, -0x474]!",1
"rsbeq r2, r8, r6, ror 28",1
"strvc r0, [r0], -1",1
invalid,1
"andeq r6, r0, 0x2e0000",1
invalid,1
"cdphs p9, 6, c6, c15, c2, 3",1
"andeq r0, r3, r8, rrx",1
"ldrbtvs r7, [r4], -0x300",1
"stmdavs lr!, {r0, r3, r5, r6, r8, sb, sl, fp, sp, lr}",1
"andeq r0, r0, r0, lsl 6",1
"cmnvc r2, 0x1d800000",1
"stclhs p15, c6, [lr, -0x1a4]!",1
"stclhs p4, c7, [r3, -0x194]!",1
"cdphs p3, 6, c7, c6, c6, 3",1
"andeq r0, r4, r3, rrx",1
"cmneq lr, r0",1
"andeq r0, r2, r0",1
"strheq r0, [r0], -r2",1
"cdpeq p1, 0xf, c0, c11, c2, 0",1
"mrseq r0, apsr",1
"andeq r0, r0, r1, lsl 2",1
"andeq r0, r0, r0, lsl 2",1
"rsbvs r6, sb, 0x100",1
"cmnvc r5, 0, 30",1
"mcrvs p15, 3, r2, c9, c2, 3",1
"ldrbtvs r6, [r5], -0xc63",1
"stmdbvs r2!, {r0, r2, r5, r6, r8, sb, sl, fp, sp} ^",1
svchs 0x7374,1
svchs 0x727375,1
"stclvs p14, c6, [r3], -0x1a4",1
"rsbeq r6, r5, r5, ror r4",1
"rsbsvc r7, r3, 0xbc00000",1
"rsbvs r6, sb, 0x2f00",1
invalid,1
"ldclvs p1, c6, [r2, -0xbc]!",1
blvs 0x1bede18,1
"stmdbvs ip!, {r0, r3, r4, r5, r6, r8, sl, fp, sp} ^",1
"ldclhs p5, c7, [r8, -0x1b8]!",1
"ldrbvs r6, [r5, -0xe67]!",1
svchs 0x696261,1
"mrchs p14, 1, r2, c7, c4, 1",1
"mcrvs p15, 3, r2, c9, c2, 1",1
"ldrbtvs r6, [r5], -0xc63",1
"stmdavc r0, {r0, r2, r5, r6}",1
"stclvs p1, c6, [ip], -0x1b4",1
invalid,1
"andeq r0, r0, r0, lsl 2",1
"stclvs p1, c6, [ip], -0x1e0",1
"stmdavs lr!, {r0, r1, r2, r3, r5, r6, r8, sb, sp, lr}",1
"andeq r0, r0, r0, lsl 2",1
"ldmdbvs r2!, {r0, r1, r4, r5, r6, sl, ip, sp, lr} ^",1
"cdphs p7, 3, c6, c3, c14, 3",1
"andeq r0, r2, r8, rrx",1
"ldrbtvs r7, [r4], -0x300",1
"cdphs p9, 6, c6, c2, c12, 3",1
"andeq r0, r3, r8, rrx",1
"rsbsvc r7, r4, 0, 6",1
"cdphs p14, 6, c6, c7, c9, 3",1
"andeq r0, r3, r8, rrx",1
"ldrbtvs r7, [r4], -0x300",1
"cdphs p5, 6, c6, c6, c4, 3",1
"andeq r0, r4, r8, rrx",1
"streq r0, [r0, -0]",1
"adcseq ip, r8, r2, lsl 24",1
invalid,1
bllt 0xbdda94,1
"andlt r0, r3, r4, lsl 4",1
"tstne r4, r1, lsl 28",1
"cdphs p12, 7, c8, c15, c3, 0",1
svchs 0x2d2f2e,1
"stchs p15, c2, [sp, -0x1a0]!",1
bmi 0xd2204,1
svchs 0x9d132e,1
invalid,1
"strteq r2, [pc], -0xe7a",1
"rscseq r0, sl, r2, lsl 6",1
blmi 0xade330,1
"mrchs p3, 0, r0, c4, c0, 1",1
"ldmdbmi r4!, {r2, r7, fp, lr}",1
"stmdavs r3, {r4, r5, r8, sl, fp, sp}",1
invalid,1
"stmdbge r3, {r1, r3, sb, pc}",1
blmi 0xba481c,1
blmi 0x1a1db48,1
invalid,1
"strteq r5, [lr], -0x403",1
"rsceq r0, ip, r2, lsl 6",1
"movweq r0, 0x1401",1
"strteq r7, [lr], -0xf94",1
"rsceq r0, sl, r2, lsl 6",1
"strne r3, [r3], -0x2e",1
"movtlo r4, 0x8c2e",1
"movweq r0, 0x142f",1
"strteq r7, [lr], -0xefc",1
"orreq r0, r4, r2, lsl 6",1
"cdphs p3, 7, c0, c1, c14, 1",1
"strbteq r0, [r6], -0xa03",1
svcvc 0x890301,1
"strteq r2, [pc], -0xe4a",1
invalid,1
blhs 0xd2f9c,1
beq 0xd227c,1
invalid,1
svchs 0x2e2e0a,1
"movweq r2, 0x4f2d",1
"strteq r4, [lr], -0x203",1
bmi 0xfd2a84,1
invalid,1
"movweq r0, 0x142e",1
"cdphs p0, 2, c0, c14, c5, 6",1
"eoreq r6, sp, 0xbc0000",1
"mrseq r0, apsr",1
"andeq r0, r0, lr, ror r0",1
"rsbeq r0, r6, r2",1
invalid,1
"strdeq r0, r1, [sp], -fp",1
"mrseq r0, apsr",1
invalid,1
invalid,1
svchs 0x6269,1
svchs 0x727375,1
"stclvs p14, c6, [r3], -0x1a4",1
"rsbeq r6, r5, r5, ror r4",1
"stclvs p8, c7, [r1], -0",1
"stclhs p15, c6, [r3, -0x1b0]!",1
"cdphs p9, 6, c6, c5, c4, 3",1
"andeq r0, r1, r3, rrx",1
"ldmdbvs r8!, {r8, sl, sp, lr} ^",1
"stmdbvs r1!, {r2, r4, r5, r6, sb, sl, sp, lr} ^",1
"rsbeq r2, r8, ip, ror 28",1
invalid,1
"cdpvs p2, 6, c6, c9, c9, 3",1
"stmdavs lr!, {r2, r4, r5, r6, sl, fp, sp, lr}",1
"andeq r0, r0, r0, lsl 4",1
svcvs 0x727265,1
"rsbeq r2, r8, r2, ror lr",1
"movwvc r0, 1",1
"stmdbvs ip!, {r2, r4, r5, r6, sl, sp, lr} ^",1
"rsbeq r2, r8, r2, ror 28",1
"andeq r0, r0, r2",1
"strle r0, [r2], -0x500",1
"movweq r0, 0xba",1
"stmdaeq pc!, {r5, r8}",1
"andeq r0, r8, lr, asr r2",1
"sbceq r0, fp, r1, lsl 2",1
"andeq r0, r2, r0",1
"muleq r0, r7, r0",1
"cdpeq p1, 0xf, c0, c11, c2, 0",1
"mrseq r0, apsr",1
"andeq r0, r0, r1, lsl 2",1
"andeq r0, r0, r0, lsl 2",1
"rsbvs r6, sb, 0x100",1
"cmnvc r5, 0, 30",1
"mcrvs p15, 3, r2, c9, c2, 3",1
"ldrbtvs r6, [r5], -0xc63",1
"stmdbvs r2!, {r0, r2, r5, r6, r8, sb, sl, fp, sp} ^",1
svchs 0x7374,1
svchs 0x727375,1
svchs 0x62696c,1
svchs 0x636367,1
"stclhs p2, c7, [sp, -0x184]!",1
"stmdbvc fp!, {r4, r5, r6, r8, sb, sl, fp, sp, lr} ^",1
"cdpvs p12, 6, c6, c9, c13, 1",1
invalid,1
invalid,1
"strtlo r6, [pc], -0x962",1
"eorlo r3, lr, 0xb80000",1
invalid,1
"strbvs r7, [r4, -0x56c]!",1
"ldrbvs r0, [r8, -r0]!",1
"strbvc r7, [r3, -r5, ror 8]!",1
"rsbeq r2, r3, r4, ror 28",1
"strvc r0, [r0, -1]",1
"ldrbtvc r6, [r3], -0x96e",1
"rsbeq r2, r8, r4, ror 28",1
"movwvc r0, 2",1
"strbvs r6, [r4, -0x474]!",1
"rsbeq r2, r8, r6, ror 28",1
"strvs r0, [r0, -3]",1
svcvs 0x6e7272,1
"andeq r6, r0, 0x2e0000",1
"cmnvs r8, r0",1
invalid,1
invalid,1
"andeq r0, r0, r0",1
bllt 0x5127d0,1
"movwhs r0, 0x3000",1
"movweq r0, 0x2401",1
"streq r0, [r1], -0x1ae",1
"cdpvc p3, 0xd, c0, c2, c1, 0",1
"movweq r0, 0x242e",1
"strteq r0, [lr], -0x1ae",1
"cdpvc p3, 0xd, c0, c4, c1, 0",1
"andeq r4, r0, 0x1280",1
"movthi r0, 0x7104",1
invalid,1
"andeq r4, r1, r1",1
"stcle p2, c0, [r0, -0]",1
"andeq r0, r0, 0",1
"vstreq d15, [lr, -4]",1
"mrseq r0, apsr",1
"andeq r0, r0, r1",1
invalid,1
"rsbeq r6, r2, ip, ror 18",1
"rsbsvc r7, r3, 0xbc00000",1
invalid,1
"strbvs r7, [r4, -0x56c]!",1
"strbtvc r6, [sb], -0x22f",1
"strvc r0, [0x00011fa5]!",1
"stcvs p2, c7, [pc], -0x1cc",1
"strvs r6, [pc, -sb, ror 4]!",1
invalid,1
"eorvc r6, sp, r2, ror sp",1
invalid,1
"strbvc r6, [lr, -0x96c]!",1
"mcrvs p13, 3, r2, c7, c8, 3",1
"rsbvs r6, r1, 0x1d400000",1
"cdphs p15, 3, c2, c4, c9, 3",1
svchs 0x322e37,1
"stclvs p14, c6, [r3], -0x1a4",1
"rsbeq r6, r5, r5, ror r4",1
"rsbsvc r7, r3, 0xbc00000",1
invalid,1
"strbvs r7, [r4, -0x56c]!",1
"stcvs p14, c2, [pc], -0",1
"andeq r6, r0, sb, ror 4",1
invalid,1
"ldrbtvc r2, [r3], -0xd65",1
"stclvs p5, c6, [r1, -0x1c8]!",1
invalid,1
"ldrbtvc r0, [r3], -0",1
"cdphs p9, 6, c6, c15, c4, 3",1
"andeq r0, r2, r8, rrx",1
"ldrbtvs r7, [r4], -0x300",1
"cdphs p5, 6, c6, c6, c4, 3",1
"andeq r0, r3, r8, rrx",1
"rsbsvc r7, sb, r0, lsl 8",1
"stmdavs lr!, {r0, r2, r5, r6, r8, sb, ip, sp, lr}",1
"andeq r0, r0, r0, lsl 4",1
"stmdbvs r4!, {r0, r1, r4, r5, r6, sl, ip, sp, lr} ^",1
"rsbeq r2, r8, pc, ror 28",1
invalid,1
svcvs 0x696269,1
"streq r6, [r0], -0x82e",1
"ldrbtvc r0, [r3], -0",1
svcpl 0x6f6964,1
"cdphs p8, 7, c7, c4, c5, 3",1
"andeq r0, r4, r8, rrx",1
"ldrbtvs r7, [r4], -0x300",1
"stmdavs lr!, {r0, r3, r5, r6, r8, sb, sl, fp, sp, lr}",1
"andeq r0, r0, r0, lsl 10",1
"cdpvs p2, 7, c7, c2, c5, 3",1
"rsbeq r2, r8, pc, ror 28",1
"andeq r0, r0, r2",1
"stmdami r2, {r8, sl}",1
"movweq r0, 0xbb",1
svchs 0x2e0138,1
"movweq r0, 0x244c",1
"strteq r0, [lr], -0xca",1
svcvc 0xb60301,1
"movweq r0, 0x242e",1
"strteq r0, [lr], -0xca",1
svcvc 0xb60301,1
bmi 0x292dac,1
"mrseq r0, r12_usr",1
"andeq r4, r0, 0x6000",1
"strlo r0, [r6, -0x104]",1
"mrseq r0, r12_usr",1
bvs 0xbb0514,1
bmi 0x1e92dd4,1
invalid,1
"mrseq r0, r12_usr",1
"subeq r7, sl, r3, lsl 16",1
"stcvs p4, c0, [r1, -8]",1
"mrseq r0, r12_usr",1
"strtne r7, [lr], -r3, lsl 18",1
invalid,1
"andeq r1, r2, r1, lsl 6",1
bhs 0x12930,1
"andeq r0, r0, 1",1
"vstreq d15, [lr, -4]",1
"mrseq r0, apsr",1
"andeq r0, r0, r1",1
invalid,1
"rsbeq r6, r2, ip, ror 18",1
"rsbsvc r7, r3, 0xbc00000",1
invalid,1
"strbvs r7, [r4, -0x56c]!",1
"strbtvc r6, [sb], -0x22f",1
"strvc r0, [0x000120e9]!",1
"stcvs p2, c7, [pc], -0x1cc",1
"strvs r6, [pc, -sb, ror 4]!",1
invalid,1
"eorvc r6, sp, r2, ror sp",1
invalid,1
"strbvc r6, [lr, -0x96c]!",1
"mcrvs p13, 3, r2, c7, c8, 3",1
"rsbvs r6, r1, 0x1d400000",1
"cdphs p15, 3, c2, c4, c9, 3",1
svchs 0x322e37,1
"stclvs p14, c6, [r3], -0x1a4",1
"rsbeq r6, r5, r5, ror r4",1
"rsbsvc r7, r3, 0xbc00000",1
invalid,1
"strbvs r7, [r4, -0x56c]!",1
"stcvs p14, c2, [pc], -0",1
"andeq r6, r0, sb, ror 4",1
invalid,1
invalid,1
"strbtvc r7, [r5], -0x372",1
invalid,1
"ldrbtvc r0, [r3], -0",1
invalid,1
"rsbeq r2, r8, r3, lsr lr",1
"strvs r0, [r0], -r2",1
"ldclvs p14, c6, [r4], -0x18c",1
"rsbeq r2, r8, r2, lsr lr",1
"movwvc r0, 2",1
svcvs 0x696474,1
"andeq r6, r0, 0x2e0000",1
invalid,1
"mrchs p5, 3, r6, c3, c0, 3",1
"andeq r0, r2, r8, rrx",1
"ldrbtvs r7, [r4], -0x300",1
"cdphs p5, 6, c6, c6, c4, 3",1
"andeq r0, r3, r8, rrx",1
"ldrbtvs r7, [r4], -0x300",1
"stmdavs lr!, {r0, r3, r5, r6, r8, sb, sl, fp, sp, lr}",1
"andeq r0, r0, r0, lsl 8",1
"stmdbvs r2!, {r2, r3, r5, r6, r8, fp, sp, lr} ^",1
"rsbeq r2, r8, pc, ror 28",1
"cdpvs p0, 0, c0, c0, c4, 0",1
"ldmdbvc r4!, {r2, r3, r5, r6, r8, sb, sl, fp, ip, lr} ^",1
"mrchs p5, 3, r6, c3, c0, 3",1
"andeq r0, r4, r8, rrx",1
"rsbsvc r7, r4, 0, 6",1
"cdphs p14, 6, c6, c7, c9, 3",1
"andeq r0, r4, r8, rrx",1
"ldrbtvs r7, [r4], -0x300",1
"cdphs p9, 6, c6, c2, c12, 3",1
"andeq r0, r4, r8, rrx",1
"strbvc r3, [r2, -0xc00]!",1
"ldclhs p12, c6, [r4, -0x1a4]!",1
"eorseq r6, lr, sb, ror 28",1
"movwvc r0, 0",1
svcvs 0x696474,1
"streq r6, [r0, -0x82e]",1
"cdpvs p0, 7, c0, c5, c0, 0",1
"ldrbtvs r7, [r4], -0x369",1
"streq r6, [r0], -0x82e",1
invalid,1
"cdpvs p7, 6, c6, c9, c14, 3",1
"stmdavs lr!, {r1, r2, r5, r6, r8, sb, sl, fp, sp, lr}",1
"andeq r0, r0, r0, lsl 8",1
"andeq r0, r5, 0",1
"andeq fp, r0, ip, asr 23",1
invalid,1
invalid,1
"stmdbeq r3, {r0, r1, r2, r4, r5, r6, sb, sl, fp, sp}",1
"cdpvc p3, 8, c0, c11, c14, 1",1
"orrseq r0, r4, 0xb8000000",1
"stclvc p3, c0, [ip], 0xb8",1
"orrseq r0, r4, 0xb8000000",1
"stclvc p3, c0, [sp], 0xb8",1
"orrseq r0, r7, 0x28000001",1
"stmdblt r8!, {r1, r3, r6, r8, sl, fp, sp} ^",1
invalid,1
"andeq r2, r0, 47, 30",1
bmi 0x1926a8,1
svchs 0x896806,1
invalid,1
blmi 0xfe7b1610,1
"ldrvs r3, [pc, r3, lsr 1]   ; [0x122a8:4]=0x1044a7f",1
"andge r0, r3, r4, lsl 4",1
invalid,1
"strvs lr, [r0], -r3, lsl 6",1
"movweq r0, 0x242f",1
"strbeq r7, [sl], -0xf9c",1
invalid,1
"strvs pc, [r0], -r3, lsl 14",1
"streq r4, [r4], -0xb51",1
"ldrbtvs r8, [pc], -r3, lsl 26 ; [0x122cc:4]=0x3a09e01",1
bhi 0xd26e0,1
"moveq sb, 1, 28",1
"stmdale fp, {r1, r3, sb, fp, lr} ^",1
"eorlo r4, ip, r7, ror 24",1
svchs 0x812f30,1
"andeq r5, r4, 0x4000000d",1
"rsbshi pc, lr, 0x3000",1
"strhi r0, [r3, -r4, lsl 2]",1
"andeq r6, r4, 0x100000",1
"cdphs p9, 7, c15, c14, c3, 0",1
"stmdbpl r3, {r2, sl}",1
"movweq r0, 0x149e",1
"bfivs r0, r1, 3, 0x14",1
blmi 0x1299b10,1
"cdple p0, 0, c5, c3, c14, 2",1
"andlt r4, r3, r0, lsl 20",1
"sublo r4, pc, lr, ror sl",1
blmi 0xfee9bb20,1
blmi 0x129d324,1
"stmdblt r3, {r0, r7, r8, sb, sl, fp, sp}",1
invalid,1
invalid,1
"subpl r0, sl, r1, ror 1",1
"movweq r0, 0x444c",1
"strbeq r7, [sl], -0xece",1
"orreq r0, r8, r1, lsl 6",1
"movweq r0, 0x444a",1
"rsbeq r7, r6, 248, 28",1
invalid,1
"andeq r0, r0, sp, lsl 2",1
"sbcseq r0, r8, r2",1
invalid,1
"strdeq r0, r1, [sp], -fp",1
"mrseq r0, apsr",1
invalid,1
invalid,1
svchs 0x6269,1
svchs 0x727375,1
svchs 0x62696c,1
svchs 0x636367,1
"stclhs p2, c7, [sp, -0x184]!",1
"stmdbvc fp!, {r4, r5, r6, r8, sb, sl, fp, sp, lr} ^",1
"cdpvs p12, 6, c6, c9, c13, 1",1
invalid,1
invalid,1
"strtlo r6, [pc], -0x962",1
"eorlo r3, lr, 0xb80000",1
invalid,1
"strbvs r7, [r4, -0x56c]!",1
"cmnvc r5, 0, 30",1
"mcrvs p15, 3, r2, c9, c2, 3",1
"ldrbtvs r6, [r5], -0xc63",1
"stmdbvs r2!, {r0, r2, r5, r6, r8, sb, sl, fp, sp} ^",1
svchs 0x7374,1
svchs 0x727375,1
"stclvs p14, c6, [r3], -0x1a4",1
"rsbeq r6, r5, r5, ror r4",1
"stmdbvs ip!, {r1, r2, r3, r5, r8, sb, sl, fp, sp} ^",1
"strvs r0, [r0], -r2, rrx",1
invalid,1
"rsbeq r2, r3, r5, ror 28",1
"movwvc r0, 1",1
"strbvs r6, [r4, -0x474]!",1
"rsbeq r2, r8, r6, ror 28",1
"strvc r0, [r0], -2",1
invalid,1
"movweq r6, 0x82e",1
"ldrbtvc r0, [r3], -0",1
"cdphs p9, 6, c6, c15, c4, 3",1
"andeq r0, r4, r8, rrx",1
"rsbvs r6, sb, 0, 24",1
"stmdavs lr!, {r0, r3, r5, r6, r8, sb, sl, fp, sp, lr}",1
"andeq r0, r0, r0, lsl 8",1
"stmdbvs r4!, {r0, r1, r4, r5, r6, sl, ip, sp, lr} ^",1
"stmdavc r5!, {r0, r1, r2, r3, r5, r6, r8, sb, sl, fp, ip, lr} ^",1
"rsbeq r2, r8, r4, ror lr",1
"movwvc r0, 4",1
svcvs 0x696474,1
"streq r6, [r0, -0x82e]",1
"cdpvs p0, 7, c0, c5, c0, 0",1
"ldrbtvs r7, [r4], -0x369",1
"streq r6, [r0], -0x82e",1
"rsbvc r0, r5, 0",1
"mcrhs p14, 3, r6, c15, c2, 3",1
"andeq r0, r3, r8, rrx",1
"streq r0, [r0, -0]",1
"adcseq r1, pc, r2",1
"teqeq r8, r0, lsl 6",1
svchs 0x2f344a,1
invalid,1
svcmi 0x661a03,1
"eorseq r2, r2, r0, lsr pc",1
"movweq r0, 0x1402",1
invalid,1
invalid,1
bmi 0x1d13104,1
invalid,1
"andeq pc, r0, r1, lsl 10",1
"mrsgt r0, r8_usr",1
"andeq r0, r0, 0",1
"vstreq d15, [lr, -4]",1
"mrseq r0, apsr",1
"andeq r0, r0, r1",1
invalid,1
"rsbeq r6, r2, ip, ror 18",1
"rsbsvc r7, r3, 0xbc00000",1
"rsbvs r6, sb, 0x2f00",1
invalid,1
"ldclvs p1, c6, [r2, -0xbc]!",1
blvs 0x1bee538,1
"stmdbvs ip!, {r0, r3, r4, r5, r6, r8, sl, fp, sp} ^",1
"ldclhs p5, c7, [r8, -0x1b8]!",1
"ldrbvs r6, [r5, -0xe67]!",1
svchs 0x696261,1
"mrchs p14, 1, r2, c7, c4, 1",1
"mcrvs p15, 3, r2, c9, c2, 1",1
"ldrbtvs r6, [r5], -0xc63",1
"strvc r0, [0x0001243f]!",1
"stmdbvs pc!, {r0, r1, r4, r5, r6, sb, ip, sp, lr}",1
"strbvc r6, [ip, -0x36e]!",1
"eorvs r6, pc, 100, 10",1
"rsbseq r7, r3, sb, ror 8",1
"rsbsvc r7, r3, 0xbc00000",1
invalid,1
"strbvs r7, [r4, -0x56c]!",1
"stcvs p14, c2, [pc], -0",1
"andeq r6, r0, sb, ror 4",1
"strbvc r6, [ip, -0x666]!",1
invalid,1
"andeq r0, r0, r0, lsl 2",1
"strbtvs r7, [r4], -0x473",1
"stmdavs lr!, {r0, r2, r5, r6, sb, sl, sp, lr}",1
"andeq r0, r0, r0, lsl 4",1
"ldrbvs r7, [r0, -0x974]!",1
"rsbeq r2, r8, r3, ror lr",1
"movwvc r0, 3",1
svcvs 0x696474,1
"streq r6, [r0], -0x82e",1
invalid,1
"cdphs p9, 6, c6, c15, c2, 3",1
"andeq r0, r4, r8, rrx",1
"ldrbtvs r7, [r4], -0x300",1
"stmdavs lr!, {r0, r3, r5, r6, r8, sb, sl, fp, sp, lr}",1
"andeq r0, r0, r0, lsl 10",1
"stmdbvs r4!, {r0, r1, r4, r5, r6, sl, ip, sp, lr} ^",1
"stmdavc r5!, {r0, r1, r2, r3, r5, r6, r8, sb, sl, fp, ip, lr} ^",1
"rsbeq r2, r8, r4, ror lr",1
"andeq r0, r0, r4",1
"andlt r0, r2, r0, lsl 10",1
"movweq r0, 0xbf",1
"movweq r0, 0x10fc",1
invalid,1
"cdphs p3, 1, c0, c4, c14, 1",1
"mrseq r0, r12_usr",1
"stcvs p14, c2, [r6, -0x18]",1
"cdphs p9, 0, c12, c0, c3, 0",1
bmi 0x200014c,1
"cdphs p2, 7, c9, c15, c3, 0",1
"andeq r0, lr, r8, ror 4",1
"rscseq r0, sp, r1, lsl 2",1
"andeq r0, r2, r0",1
"strheq r0, [r0], -lr",1
"cdpeq p1, 0xf, c0, c11, c2, 0",1
"mrseq r0, apsr",1
"andeq r0, r0, r1, lsl 2",1
"andeq r0, r0, r0, lsl 2",1
"rsbvs r6, sb, 0x100",1
"cmnvc r5, 0, 30",1
"stmdbvs ip!, {r1, r4, r5, r6, r8, sb, sl, fp, sp} ^",1
invalid,1
"rsbvc r2, r1, 0x18c",1
svcvs 0x702d6d,1
"stcvs p9, c7, [sp], -0x1ac",1
"ldmdavc r5!, {r0, r3, r5, r6, sb, sl, fp, sp, lr} ^",1
"strbvc r6, [lr, -0x72d]!",1
"stmdbvs r2!, {r0, r2, r5, r6, r8, sp, lr} ^",1
"strlo r3, [lr, -pc, lsr 8]!",1
"stmdbvs pc!, {r1, r2, r3, r5, sb, ip, sp}",1
"strbvc r6, [ip, -0x36e]!",1
svchs 0x6564,1
svchs 0x727375,1
"stclvs p14, c6, [r3], -0x1a4",1
svchs 0x656475,1
"cmnvc r4, 0x188000",1
"cmnvc r5, 0, 30",1
"mcrvs p15, 3, r2, c9, c2, 3",1
"ldrbtvs r6, [r5], -0xc63",1
svchs 0x2e0065,1
"rsbeq r6, r2, ip, ror 18",1
"ldrbvs r6, [r3, -0x600]!",1
"vnmulhs.f64 d22, d15, d21",1
"andeq r0, r1, r3, rrx",1
"ldrbtvs r7, [r4], -0x300",1
"cdphs p5, 6, c6, c6, c4, 3",1
"andeq r0, r2, r8, rrx",1
"rsbsvc r7, sb, r0, lsl 8",1
"stmdavs lr!, {r0, r2, r5, r6, r8, sb, ip, sp, lr}",1
"andeq r0, r0, r0, lsl 6",1
"stmdbvs r4!, {r0, r1, r4, r5, r6, sl, ip, sp, lr} ^",1
"rsbeq r2, r8, pc, ror 28",1
invalid,1
svcvs 0x696269,1
"streq r6, [r0], -0x82e",1
"ldrbtvc r0, [r3], -0",1
"cdphs p9, 6, c6, c15, c4, 3",1
"andeq r0, r5, r8, rrx",1
"stmdbvs lr!, {r8, sl, ip, sp, lr} ^",1
"mcrhs p4, 3, r7, c4, c3, 3",1
"andeq r0, r4, r8, rrx",1
"streq r0, [r0, -0]",1
"sbceq r0, r0, r2, lsl 8",1
invalid,1
invalid,1
"stmdbeq r3, {r0, r1, r2, r4, r5, r6, sb, sl, fp, sp}",1
"cdphs p3, 7, c0, c7, c14, 1",1
"movteq r0, 0xa903",1
blmi 0xb929dc,1
svcvc 0x960349,1
"cdplo p3, 0, c8, c3, c14, 1",1
"stmdbeq r3, {r1, r2, r5, r6, r8, sb, sl, ip, lr, pc}",1
"movteq r2, 0x9f9e",1
"teqeq r1, 0x1f000",1
"streq r4, [r2], -0xa5a",1
"andlt r0, r1, r0, lsl 2",1
"andeq r0, r0, 0",1
"andeq r7, r0, r0, lsl 12",1
blx 0x52e5a,1
invalid,1
"andeq r0, r1, r1, lsl 2",1
"andeq r0, r1, r0",1
"stmdavs pc!, {r8}",1
svchs 0x656d6f,1
"rsbsvc r6, r5, 0xa0000006",1
svchs 0x74656b,1
"strbtvc r6, [r3], -0xf79",1
"strbvc r2, [r2, -0xf6f]!",1
svchs 0x646c69,1
svchs 0x706d74,1
blvs 0x1cae464,1
invalid,1
svchs 0x646572,1
"stclhs p3, c6, [r3, -0x19c]!",1
"mrchs p14, 1, r2, c7, c4, 1",1
"rsbslo r2, r2, 0xc80",1
invalid,1
"cdphs p13, 3, c2, c4, c3, 3",1
svchs 0x322e37,1
"strbvs r6, [r2, -ip, ror 18]!",1
invalid,1
"stmdbvs r6!, {r0, r1, r2, r3, r5, r6, sb, sl, fp, sp, lr} ^",1
"rsbvc r2, r1, 0x19c",1
invalid,1
"ldrtvs r6, [r1], -sb, ror 4",1
invalid,1
invalid,1
"andeq r0, r0, r0",1
"adcgt r0, r8, r5, lsl 4",1
invalid,1
svchs 0x300107,1
svchs 0x2f2f2f,1
"cdphs p4, 7, c15, c12, c3, 0",1
"bicseq r2, r6, 0xc000",1
"str r0, [r8], -0x2e7",1
svchs 0x2f312f,1
"eorlo r4, pc, 48, 24",1
svchs 0x661603,1
svchs 0x2f2f2f,1
"andeq r2, r2, 47, 30",1
"andls r0, r1, 0, 2",1
"andeq r0, r0, 0",1
"andeq r7, r0, r0, lsl 12",1
blx 0x52f0e,1
invalid,1
"andeq r0, r1, r1, lsl 2",1
"andeq r0, r1, r0",1
"stmdavs pc!, {r8}",1
svchs 0x656d6f,1
"rsbsvc r6, r5, 0xa0000006",1
svchs 0x74656b,1
"strbtvc r6, [r3], -0xf79",1
"strbvc r2, [r2, -0xf6f]!",1
svchs 0x646c69,1
svchs 0x706d74,1
blvs 0x1cae518,1
invalid,1
svchs 0x646572,1
"stclhs p3, c6, [r3, -0x19c]!",1
"mrchs p14, 1, r2, c7, c4, 1",1
"rsbslo r2, r2, 0xc80",1
invalid,1
"cdphs p13, 3, c2, c4, c3, 3",1
svchs 0x322e37,1
"strbvs r6, [r2, -ip, ror 18]!",1
invalid,1
"stmdbvs r6!, {r0, r1, r2, r3, r5, r6, sb, sl, fp, sp, lr} ^",1
"rsbvc r2, r1, 0x19c",1
invalid,1
"ldrtvs r6, [r1], -sb, ror 4",1
invalid,1
invalid,1
"andeq r0, r0, r0",1
"cmngt r0, r5, lsl 4",1
"stcge p0, c0, [r3, -0]",1
svchs 0x2f010a,1
"vaddhs.f64 d27, d7, d3",1
invalid,1
"andeq r0, r1, r1, lsl 14",1
"strgt r0, [r0, -r0, lsl 4]",1
"andeq r0, r0, 0",1
"vstreq d15, [lr, -4]",1
"mrseq r0, apsr",1
"andeq r0, r0, r1",1
invalid,1
"stclvs p8, c6, [0x000126f8]!",1
"rsbvs r2, sl, 0x194",1
"strbvs r7, [fp, -0x275]!",1
svcvs 0x792f74,1
svchs 0x6f7463,1
"stclvs p5, c7, [sb], -0x188",1
"ldclvs p15, c2, [r4, -0x190]!",1
"ldmdbvc r3!, {r4, r5, r6, r8, sb, sl, fp, sp} ^",1
svcvs 0x6f7273,1
"stmdavc pc!, {r2, r4, r5, r6, r8, sb, ip, sp, lr}",1
"uasxlo r3, pc, r8",1
"stmdbvs ip!, {r2, r4, r5, r8, sl, fp, sp} ^",1
svchs 0x78756e,1
svchs 0x727375,1
svchs 0x62696c,1
"strbtvc r7, [sp], -r1, ror 4",1
"qasxvc r6, sp, r7",1
"cdpvs p0, 2, c7, c13, c6, 3",1
"stclhs p15, c6, [lr, -0x194]!",1
"stmdbvc fp!, {r4, r5, r6, r8, sb, sl, fp, sp, lr} ^",1
"cdpvs p12, 6, c6, c9, c13, 1",1
invalid,1
invalid,1
"strvs r6, [lr, -r2, ror 18]!",1
invalid,1
"cmnvc r3, 0x1c8",1
"stmdbvs lr!, {r0, r2, r3, r5, r8, fp, sp, lr} ^",1
"stclvs p9, c6, [r1], -0x1d0",1
invalid,1
"ldclvs p1, c6, [r2, -0xbc]!",1
blvs 0x1bee8e0,1
"stmdbvs ip!, {r0, r3, r4, r5, r6, r8, sl, fp, sp} ^",1
"ldclhs p5, c7, [r8, -0x1b8]!",1
"ldrbvs r6, [r5, -0xe67]!",1
svchs 0x696261,1
"mrchs p14, 1, r2, c7, c4, 1",1
"mcrvs p15, 3, r2, c9, c2, 1",1
"ldrbtvs r6, [r5], -0xc63",1
"strvs r0, [r0, -0x65]",1
"pushvs {r2, r3, r5, r6, sb, sl, sp, lr}",1
"cdphs p9, 7, c6, c4, c14, 3",1
"andeq r0, r0, r3, rrx",1
"ldrbtvs r7, [r4], -0x300",1
"cdphs p5, 6, c6, c6, c4, 3",1
"andeq r0, r1, r8, rrx",1
"streq r0, [r0, -0]",1
"sbceq r8, r1, r2",1
"sbceq r0, r0, r0, lsl 6",1
"andne r2, r3, r1, lsl 28",1
"cdphs p3, 7, c0, c0, c14, 1",1
invalid,1
"andne r2, r3, r0, ror lr",1
blmi 0xc1d93c,1
"andeq r0, r4, 0, 4",1
"streq r0, [r2], -0x83",1
"andeq r8, r0, 0x80000000",1
"eoreq r0, pc, r4, lsl 4",1
"stchs p4, c0, [r2, -8]",1
"addseq r0, lr, 0xc000",1
"mrseq r0, apsr",1
"andeq r0, r0, r1, asr r0",1
"eorseq r0, r6, r2",1
invalid,1
"strdeq r0, r1, [sp], -fp",1
"mrseq r0, apsr",1
invalid,1
"cdphs p0, 0, c0, c1, c0, 0",1
"cdpvs p15, 6, c2, c9, c14, 1",1
"ldrbtvs r6, [r5], -0xc63",1
invalid,1
"ldmdbvs r8!, {r2, r4, r5, r6, r8, sl, sp, lr} ^",1
"rsbeq r2, r3, r4, ror lr",1
"movwvc r0, 0",1
"stmdbvs ip!, {r2, r4, r5, r6, sl, sp, lr} ^",1
"rsbeq r2, r8, r2, ror 28",1
"andeq r0, r0, r1",1
"stmda r2, {r8, sl}",1
"movweq r0, 0xc1",1
svchs 0x10130,1
"addne r2, r4, sb, asr 30",1
invalid,1
"andeq r5, r0, r1, lsl 12",1
"andlo r0, r0, 0, 4",1
"andeq r0, r0, 0",1
"vstreq d15, [lr, -4]",1
"mrseq r0, apsr",1
"andeq r0, r0, r1",1
invalid,1
"eorvc r2, pc, lr, lsr 28",1
"cmnvc r4, 0xf0000006",1
"cmnvc sb, 0xbc000000",1
"cmnvc r0, 100, 10           ; 0x64",1
"ldclvs p1, c6, [r2, -0xbc]!",1
"rsbvc r0, r3, 0",1
invalid,1
"andeq r0, r0, r0, lsl 2",1
"andeq r0, r5, 0",1
"andeq r8, r0, r0, asr 27",1
"andeq r2, r1, 3, 26",1
"mrseq r0, apsr",1
"stmdane r2, {r8, sl}",1
"movweq r0, 0xc2",1
"andeq r0, r2, 0x4000000d",1
"andeq r0, r1, r0, lsl 2",1
"andeq r0, r0, ip",1
invalid,1
invalid,1
"andeq r0, sp, lr, lsl 24",1
"andeq r0, r0, r8, lsl r0",1
"andeq r0, r0, r0",1
"strheq sb, [r0], -r4",1
"andeq r0, r0, r8, ror r0",1
"ldrhi r0, [r0], -0xe42",1
"strhi r8, [r3], -r4, lsl 10",1
"andeq r8, r1, r2, lsl 28",1
"andeq r0, r0, r0, lsr 32",1
"andeq r0, r0, r0",1
"andeq sb, r0, ip, lsr 10",1
"strheq r0, [r0], -r8",1
invalid,1
"strhi r8, [r7, -0x408]",1
"strhi r8, [r5, -r6, lsl 12]",1
bhi 0xf49ac,1
"andeq r8, r1, r2, lsl 28",1
"andeq r0, r0, r8, lsr 32",1
"andeq r0, r0, r0",1
"andeq sb, r0, r4, ror 11",1
"andeq r0, r0, r0, asr r4",1
"strthi r0, [r4], -0xe42",1
"strhi r8, [r8], -sb, lsl 10",1
"stmdahi r6, {r0, r1, r2, r8, sb, sl, pc}",1
bhi 0x134dd4,1
"vmlahi.f64 d8, d2, d3",1
"andhi r4, lr, r1, lsl 4",1
"andeq r0, r0, r3",1
"andeq r0, r0, r4, lsl r0",1
"andeq r0, r0, r0",1
"andeq sb, r0, r4, lsr sl",1
"ldrdeq r0, r1, [r0], -r8",1
"movwhi r0, 0x8e44",1
"andeq r8, r1, r2, lsl 28",1
"andeq r0, r0, r0, lsr 32",1
"andeq r0, r0, r0",1
"andeq sb, r0, r0, asr 1",1
"andeq r0, r0, r0, asr 5",1
"ldrhi r0, [r8], -0xe42",1
"strhi r8, [r5], -r6, lsl 10",1
"stmdahi r3, {r2, r8, sb, sl, pc}",1
"strmi r8, [r1], -0xe02",1
"andeq pc, r1, lr",1
"andeq r0, r0, ip",1
invalid,1
invalid,1
"andeq r0, sp, lr, lsl 24",1
"andeq r0, r0, ip",1
"strheq r0, [r0], -r8",1
"andeq sb, r0, ip, lsl 24",1
"andeq r0, r0, r0, lsl r0",1
"andeq r0, r0, ip",1
"strheq r0, [r0], -r8",1
"andeq sb, r0, ip, lsl ip",1
"andeq r0, r0, r0, lsl r0",1
"andeq r0, r0, ip, lsl r0",1
"strheq r0, [r0], -r8",1
"andeq sb, r0, ip, lsr 24",1
"andeq r0, r0, r8, ror 1",1
"ldrhi r0, [r0], -0xe42",1
"strhi r8, [r3], -r4, lsl 10",1
"strmi r8, [r1], -0xe02",1
"andeq r1, r0, lr, lsl 16",1
"andeq r0, r0, ip",1
invalid,1
invalid,1
"andeq r0, sp, lr, lsl 24",1
"andeq r0, r0, ip",1
"andeq r0, r0, r8, lsl 2",1
"andeq sb, r0, r4, lsl sp",1
"andeq r0, r0, r8, asr r0",1
"andeq r0, r0, r4, lsl r0",1
"andeq r0, r0, r8, lsl 2",1
"andeq sb, r0, ip, ror 26",1
"andeq r0, r0, r4, asr 32",1
"strhi r0, [r8], -0xe42",1
"andeq r8, r1, r2, lsl 28",1
"andeq r0, r0, ip",1
invalid,1
invalid,1
"andeq r0, sp, lr, lsl 24",1
"andeq r0, r0, r8, lsl r0",1
"andeq r0, r0, r0, asr 2",1
"strheq sb, [r0], -r0",1
"strheq r0, [r0], -r4",1
"ldrhi r0, [r0], -0xe42",1
"strhi r8, [r3], -r4, lsl 10",1
"andeq r8, r1, r2, lsl 28",1
"andeq r0, r0, ip",1
invalid,1
invalid,1
"andeq r0, sp, lr, lsl 24",1
"andeq r0, r0, r4, lsl r0",1
"andeq r0, r0, ip, ror 2",1
"andeq sb, r0, r4, ror 28",1
"andeq r0, r0, r4, asr r0",1
"movwhi r0, 0x8e42",1
"andeq r8, r1, r2, lsl 28",1
"andeq r0, r0, r8, lsl r0",1
"andeq r0, r0, ip, ror 2",1
"strheq sb, [r0], -r8",1
"andeq r0, r0, r8, lsr 2",1
"tsthi r0, 0x420",1
"strhi r8, [r3, -0x404]",1
"andeq r8, r1, r2, lsl 28",1
"andeq r0, r0, r8, lsr 32",1
"andeq r0, r0, ip, ror 2",1
"andeq sb, r0, r0, ror 31",1
"andeq r0, r0, ip, asr 25",1
"strthi r0, [r4], -0xe42",1
"strhi r8, [r8], -sb, lsl 10",1
"stmdahi r6, {r0, r1, r2, r8, sb, sl, pc}",1
bhi 0x134f34,1
"vmlahi.f64 d8, d2, d3",1
"andls r4, lr, r1, lsl 4",1
"andeq r0, r0, r1",1
"andeq r0, r0, r4, lsr 32",1
"andeq r0, r0, ip, ror 2",1
"andeq sl, r0, ip, lsr 25",1
"strheq r0, [r0], -r0",1
"strthi r0, [r4], -0xe42",1
"strhi r8, [r8], -sb, lsl 10",1
"stmdahi r6, {r0, r1, r2, r8, sb, sl, pc}",1
bhi 0x134f60,1
"vmlahi.f64 d8, d2, d3",1
"andpl r4, lr, r1, lsl 4",1
"andeq r0, r0, r8, lsl r0",1
"andeq r0, r0, ip, ror 2",1
"andeq sl, r0, ip, asr lr",1
"andeq r0, r0, r4, lsr r0",1
"ldrhi r0, [r0], -0xe42",1
"strhi r8, [r3], -r4, lsl 10",1
"andeq r8, r1, r2, lsl 28",1
"andeq r0, r0, ip",1
"andeq r0, r0, ip, ror 2",1
"muleq r0, r0, lr",1
"andeq r0, r0, r8, lsl r0",1
"andeq r0, r0, ip",1
"andeq r0, r0, ip, ror 2",1
"andeq sl, r0, r8, lsr 29",1
"andeq r0, r0, r8, lsl r0",1
"andeq r0, r0, r4, lsl r0",1
"andeq r0, r0, ip, ror 2",1
"andeq sl, r0, r0, asr 29",1
"andeq r0, r0, r4, asr 32",1
"strhi r0, [r4], -0xe4c",1
"andeq r0, r0, r1",1
"andeq r0, r0, ip",1
"andeq r0, r0, ip, ror 2",1
"andeq sl, r0, r4, lsl 30",1
"andeq r0, r0, ip, lsl r0",1
"andeq r0, r0, r4, lsl r0",1
"andeq r0, r0, ip, ror 2",1
"andeq sl, r0, r0, lsr 30",1
"andeq r0, r0, r4, lsr r0",1
"movwhi r0, 0x8e42",1
"andeq r8, r1, r2, lsl 28",1
"andeq r0, r0, r4, lsr 32",1
"andeq r0, r0, ip, ror 2",1
"andeq sl, r0, r4, asr pc",1
"andeq r0, r0, ip, ror r0",1
"strthi r0, [r0], -0xe42",1
"strhi r8, [r7], -r8, lsl 10",1
"stmdahi r5, {r1, r2, r8, sb, sl, pc}",1
bhi 0xf5000,1
"andmi r8, r1, 2, 28",1
"andeq r3, r0, lr, lsl 16",1
"andeq r0, r0, r4, lsr 32",1
"andeq r0, r0, ip, ror 2",1
"ldrdeq sl, fp, [r0], -r0",1
"andeq r0, r0, ip, asr 1",1
"strthi r0, [r4], -0xe42",1
"strhi r8, [r8], -sb, lsl 10",1
"stmdahi r6, {r0, r1, r2, r8, sb, sl, pc}",1
bhi 0x13502c,1
"vmlahi.f64 d8, d2, d3",1
"stmdami lr, {r0, sl, lr}",1
"andeq r0, r0, ip",1
"andeq r0, r0, ip, ror 2",1
"muleq r0, ip, r0",1
"andeq r0, r0, ip",1
"andeq r0, r0, ip, lsl r0",1
"andeq r0, r0, ip, ror 2",1
"andeq fp, r0, r8, lsr 1",1
"andeq r0, r0, r8, lsl 1",1
"ldrhi r0, [r8], -0xe42",1
"strhi r8, [r5], -r6, lsl 10",1
"stmdahi r3, {r2, r8, sb, sl, pc}",1
"andeq r8, r1, r2, lsl 28",1
"andeq r0, r0, ip",1
"andeq r0, r0, ip, ror 2",1
"andeq fp, r0, r0, lsr r1",1
"andeq r0, r0, r0, lsl r0",1
"andeq r0, r0, ip",1
"andeq r0, r0, ip, ror 2",1
"andeq fp, r0, r0, asr 2",1
"andeq r0, r0, ip",1
"andeq r0, r0, ip",1
"andeq r0, r0, ip, ror 2",1
"andeq fp, r0, ip, asr 2",1
"andeq r0, r0, ip",1
"andeq r0, r0, ip",1
"andeq r0, r0, ip, ror 2",1
"andeq fp, r0, r8, asr r1",1
"andeq r0, r0, r4, lsl r0",1
"andeq r0, r0, r8, lsl r0",1
"andeq r0, r0, ip, ror 2",1
"andeq fp, r0, ip, ror 2",1
"andeq r0, r0, r4, lsr r0",1
"strhi r0, [ip], -0xe42",1
"cdphi p5, 0, c8, c2, c3, 0",1
"andmi r4, lr, r1, lsl 4",1
"andeq r0, r0, ip, lsl r0",1
"andeq r0, r0, ip, ror 2",1
"andeq fp, r0, r0, lsr 3",1
"andeq r0, r0, r8, lsr r0",1
"ldrhi r0, [r0], -0xe42",1
"strhi r8, [r3], -r4, lsl 10",1
"andmi r8, r1, 2, 28",1
"andeq r4, r0, lr",1
"andeq r0, r0, ip",1
"andeq r0, r0, ip, ror 2",1
"ldrdeq fp, ip, [r0], -r8",1
"andeq r0, r0, r4, lsl r0",1
"andeq r0, r0, r4, lsl r0",1
"andeq r0, r0, ip, ror 2",1
"andeq fp, r0, ip, ror 3",1
"andeq r0, r0, r4, lsr 32",1
"strhi r0, [r4], -0xe42",1
"andeq r0, r0, r1",1
"andeq r0, r0, ip, lsl r0",1
"andeq r0, r0, ip, ror 2",1
"andeq fp, r0, r0, lsl r2",1
"andeq r0, r0, r0, lsl 1",1
"ldrhi r0, [r0], -0xe42",1
"strhi r8, [r3], -r4, lsl 10",1
"strmi r8, [r1], -0xe02",1
"andeq r4, r0, lr",1
"andeq r0, r0, ip",1
"andeq r0, r0, ip, ror 2",1
"muleq r0, r0, r2",1
"andeq r0, r0, ip",1
"andeq r0, r0, ip",1
"andeq r0, r0, ip, ror 2",1
"muleq r0, ip, r2",1
"andeq r0, r0, r8",1
"andeq r0, r0, ip",1
"andeq r0, r0, ip, ror 2",1
"andeq fp, r0, r4, lsr 5",1
"andeq r0, r0, r8",1
"andeq r0, r0, ip, lsl r0",1
"andeq r0, r0, ip, ror 2",1
"andeq fp, r0, ip, lsr 5",1
"andeq r0, r0, r8, rrx",1
"ldrhi r0, [r4], -0xe42",1
"strhi r8, [r4], -r5, lsl 10",1
"cdphi p7, 0, c8, c2, c3, 0",1
"stmdami lr, {r0, sl, lr}",1
"andeq r0, r0, r4, lsl r0",1
"andeq r0, r0, ip, ror 2",1
"andeq fp, r0, r4, lsl r3",1
"andeq r0, r0, ip, lsl r0",1
"cdphi p14, 0, c0, c4, c2, 2",1
"andne r4, lr, r1, lsl 8",1
"andeq r0, r0, r4, lsl r0",1
"andeq r0, r0, ip, ror 2",1
"andeq fp, r0, r0, lsr r3",1
"andeq r0, r0, r4, lsr 32",1
"strhi r0, [r4], -0xe42",1
"andeq r0, r0, r1",1
"andeq r0, r0, r8, lsl r0",1
"andeq r0, r0, ip, ror 2",1
"andeq fp, r0, r4, asr r3",1
"andeq r0, r0, r4, lsr r0",1
"strhi r0, [r8], -0xe42",1
"stmdami r1, {r1, sb, sl, fp, pc}",1
"andeq r1, r0, lr",1
"andeq r0, r0, ip",1
"andeq r0, r0, ip, ror 2",1
"andeq fp, r0, r8, lsl 7",1
"andeq r0, r0, ip",1
"andeq r0, r0, ip",1
"andeq r0, r0, ip, ror 2",1
"muleq r0, r4, r3",1
"andeq r0, r0, r4, lsl r0",1
"andeq r0, r0, ip",1
"andeq r0, r0, ip, ror 2",1
"andeq fp, r0, r8, lsr 7",1
"andeq r0, r0, r8",1
"andeq r0, r0, ip",1
"andeq r0, r0, ip, ror 2",1
"strheq fp, [r0], -r0",1
"andeq r0, r0, ip",1
"andeq r0, r0, ip",1
invalid,1
invalid,1
"andeq r0, sp, lr, lsl 24",1
"andeq r0, r0, r8, lsl r0",1
"andeq r0, r0, r0, lsr 9",1
"strheq fp, [r0], -ip",1
"andeq r0, r0, r4, asr r0",1
"strhi r0, [r8], -0xe42",1
"andmi r8, r1, 2, 28",1
"andeq r7, r0, lr",1
"andeq r0, r0, ip",1
invalid,1
invalid,1
"andeq r0, sp, lr, lsl 24",1
"andeq r0, r0, r0, lsr 32",1
"andeq r0, r0, ip, asr 9",1
"andeq fp, r0, r0, lsl r4",1
"andeq r0, r0, r0, lsl 7",1
"ldrhi r0, [ip], -0xe42",1
"strhi r8, [r6], -r7, lsl 10",1
"stmdahi r4, {r0, r2, r8, sb, sl, pc}",1
"vmlahi.f32 s16, s4, s6",1
"andmi r4, lr, r1, lsl 8",1
"andeq r0, r0, r8, lsl r0",1
"andeq r0, r0, ip, asr 9",1
"muleq r0, r0, r7",1
"andeq r0, r0, r0, asr 32",1
"strhi r0, [ip], -0xe42",1
"cdphi p5, 0, c8, c2, c3, 0",1
"stmdane lr, {r0, sb, lr}",1
"andeq r0, r0, ip, lsl r0",1
"andeq r0, r0, ip, asr 9",1
"ldrdeq fp, ip, [r0], -r0",1
"andeq r0, r0, r8, asr 32",1
"ldrhi r0, [r0], -0xe42",1
"strhi r8, [r3], -r4, lsl 10",1
"andmi r8, r1, 2, 28",1
"andeq r4, r0, lr",1
"andeq r0, r0, ip, lsl r0",1
"andeq r0, r0, ip, asr 9",1
"andeq fp, r0, r8, lsl r8",1
"andeq r0, r0, r0, lsr r0",1
"movwhi r0, 0x4e42",1
"stmdaeq lr, {r0, sb, lr}",1
"cdpeq p2, 4, c0, c2, c14, 4",1
"andeq r0, r0, r8, lsl r0",1
"andeq r0, r0, r4, lsl r0",1
"andeq r0, r0, ip, asr 9",1
"andeq fp, r0, r8, asr 16",1
"andeq r0, r0, r4, lsl 1",1
"movwhi r0, 0x8e42",1
"andeq r8, r1, r2, lsl 28",1
"andeq r0, r0, ip",1
invalid,1
invalid,1
"andeq r0, sp, lr, lsl 24",1
"andeq r0, r0, r4, lsl r0",1
"andeq r0, r0, r4, ror r5",1
"andeq fp, r0, ip, asr 17",1
"andeq r0, r0, r8, lsr 32",1
"strhi r0, [r8], -0xe42",1
"andeq r8, r1, r2, lsl 28",1
"andeq r0, r0, ip",1
"andeq r0, r0, r4, ror r5",1
"strdeq fp, ip, [r0], -r4",1
"andeq r0, r0, r4",1
"andeq r0, r0, r8, lsl r0",1
"andeq r0, r0, r4, ror r5",1
"strdeq fp, ip, [r0], -r8",1
"andeq r0, r0, ip, lsr 32",1
"tsthi r0, 0x420",1
"strhi r8, [r3, -0x404]",1
"andeq r8, r1, r2, lsl 28",1
"andeq r0, r0, r4, lsl r0",1
"andeq r0, r0, r4, ror r5",1
"andeq fp, r0, r4, lsr 18",1
"andeq r0, r0, ip, asr 32",1
"strhi r0, [r8], -0xe4c",1
"andeq r8, r1, r2, lsl 28",1
"andeq r0, r0, ip, lsl r0",1
"andeq r0, r0, r4, ror r5",1
"andeq fp, r0, r0, ror sb",1
"andeq r0, r0, r4, ror r0",1
"tsthi r8, 0x420",1
"strhi r8, [r5, -0x406]",1
"strhi r8, [r3, -r4, lsl 12]",1
"andeq r8, r1, r2, lsl 28",1
"andeq r0, r0, r8, lsl r0",1
"andeq r0, r0, r4, ror r5",1
"andeq fp, r0, r4, ror 19",1
"andeq r0, r0, r8, lsr r0",1
"ldrhi r0, [r0], -0xe42",1
"strhi r8, [r3], -r4, lsl 10",1
"andeq r8, r1, r2, lsl 28",1
"andeq r0, r0, r4, lsl r0",1
"andeq r0, r0, r4, ror r5",1
"andeq fp, r0, ip, lsl sl",1
"andeq r0, r0, r8, asr 32",1
"movwhi r0, 0x8e44",1
"andeq r8, r1, r2, lsl 28",1
"andeq r0, r0, r4, lsl r0",1
"andeq r0, r0, r4, ror r5",1
"andeq fp, r0, r4, ror 20",1
"andeq r0, r0, ip, lsl r0",1
"strhi r0, [r8], -0xe42",1
"andeq r8, r1, r2, lsl 28",1
"andeq r0, r0, r4, lsl r0",1
"andeq r0, r0, r4, ror r5",1
"andeq fp, r0, r0, lsl 21",1
"andeq r0, r0, r4, lsl r0",1
"movwhi r0, 0x8e42",1
"andeq r8, r1, r2, lsl 28",1
"andeq r0, r0, r8, lsl r0",1
"andeq r0, r0, r4, ror r5",1
"muleq r0, r4, sl",1
"andeq r0, r0, r4, lsr 32",1
"tsthi r0, 0x420",1
"strhi r8, [r3, -0x404]",1
"andeq r8, r1, r2, lsl 28",1
"andeq r0, r0, r4, lsl r0",1
"andeq r0, r0, r4, ror r5",1
"strheq fp, [r0], -r8",1
"andeq r0, r0, ip, lsl r0",1
"strhi r0, [r8], -0xe42",1
"andeq r8, r1, r2, lsl 28",1
"andeq r0, r0, ip",1
invalid,1
invalid,1
"andeq r0, sp, lr, lsl 24",1
"andeq r0, r0, r4, lsl r0",1
"muleq r0, r8, r6",1
"ldrdeq fp, ip, [r0], -r4",1
"andeq r0, r0, r0, asr 32",1
"movwhi r0, 0x8e42",1
"andeq r8, r1, r2, lsl 28",1
"andeq r0, r0, ip",1
invalid,1
invalid,1
"andeq r0, sp, lr, lsl 24",1
"andeq r0, r0, r4, lsl r0",1
"andeq r0, r0, r0, asr 13",1
"andeq fp, r0, r4, lsl fp",1
"andeq r0, r0, r4, lsr r0",1
"strhi r0, [r8], -0xe44",1
"andeq r8, r1, r2, lsl 28",1
"andeq r0, r0, ip",1
invalid,1
invalid,1
"andeq r0, sp, lr, lsl 24",1
"andeq r0, r0, r8, lsl r0",1
"andeq r0, r0, r8, ror 13",1
"andeq fp, r0, r8, asr 22",1
"andeq r0, r0, r4, lsl 1",1
"ldrhi r0, [r0], -0xe42",1
"strhi r8, [r3], -r4, lsl 10",1
"andeq r8, r1, r2, lsl 28",1
"andeq r0, r0, ip",1
invalid,1
invalid,1
"andeq r0, sp, lr, lsl 24",1
"andeq r0, r0, r8, lsr 32",1
"andeq r0, r0, r4, lsl r7",1
"andeq fp, r0, ip, asr 23",1
"andeq r0, r0, r4, asr 6",1
"strthi r0, [r4], -0xe42",1
"strhi r8, [r8], -sb, lsl 10",1
"stmdahi r6, {r0, r1, r2, r8, sb, sl, pc}",1
bhi 0x1354a8,1
"vmlahi.f64 d8, d2, d3",1
"stmdals lr, {r0, sl, lr}",1
"andeq r0, r0, r1",1
"andeq r0, r0, ip",1
invalid,1
invalid,1
"andeq r0, sp, lr, lsl 24",1
"andeq r0, r0, ip, lsl r0",1
"andeq r0, r0, r0, asr r7",1
"andeq fp, r0, r0, lsl pc",1
"andeq r0, r0, r0, lsr 1",1
"ldrhi r0, [r0], -0xe42",1
"strhi r8, [r3], -r4, lsl 10",1
"andmi r8, r1, 2, 28",1
"andeq r1, r0, lr, lsl 16",1
"andeq r0, r0, ip",1
invalid,1
invalid,1
"andeq r0, sp, lr, lsl 24",1
"andeq r0, r0, r8, lsl r0",1
"andeq r0, r0, r0, lsl 15",1
"strheq fp, [r0], -r0",1
"andeq r0, r0, r4, asr r0",1
"strhi r0, [r8], -0xe42",1
"strmi r8, [r1], -0xe02",1
"andeq r1, r0, lr",1
"andeq r0, r0, ip",1
invalid,1
invalid,1
"andeq r0, sp, lr, lsl 24",1
"andeq r0, r0, ip, lsl r0",1
"andeq r0, r0, ip, lsr 15",1
"andeq ip, r0, r4",1
"andeq r0, r0, r4, lsr 1",1
"ldrhi r0, [r4], -0xe42",1
"strhi r8, [r4], -r5, lsl 10",1
"cdphi p7, 0, c8, c2, c3, 0",1
"stmdahs lr, {r0, sl, lr}",1
"andeq r0, r0, ip",1
invalid,1
invalid,1
"andeq r0, sp, lr, lsl 24",1
"andeq r0, r0, ip",1
"ldrdeq r0, r1, [r0], -ip",1
"andeq ip, r0, r8, lsr 1",1
"andeq r0, r0, r8, lsr 1",1
"andeq r0, r0, ip",1
invalid,1
invalid,1
"andeq r0, sp, lr, lsl 24",1
"andeq r0, r0, r0, lsr 32",1
"strdeq r0, r1, [r0], -ip",1
"andeq ip, r0, r0, lsl 3",1
"andeq r0, r0, r4, rrx",1
invalid,1
"strhi r8, [r7, -0x408]",1
"strhi r8, [r5, -r6, lsl 12]",1
bhi 0xf518c,1
"andeq r8, r1, r2, lsl 28",1
"andeq r0, r0, ip",1
"strdeq r0, r1, [r0], -ip",1
"andeq ip, r0, r4, ror 3",1
"andeq r0, r0, r4",1
"andeq r0, r0, ip",1
invalid,1
invalid,1
"andeq r0, sp, lr, lsl 24",1
"andeq r0, r0, ip",1
"andeq r0, r0, r0, asr 16",1
"andeq ip, r0, r8, ror 3",1
"andeq r0, r0, ip, lsr 32",1
"strbvs r6, [lr, -ip, ror 30]!",1
"cdpvs p12, 6, c6, c15, c0, 1",1
"cdpvs p0, 6, c2, c9, c7, 3",1
"mcrmi p0, 2, r0, c7, c4, 3",1
"subhs r2, r3, r5, asr r0",1
"mrchs p14, 1, r2, c7, c4, 1",1
svcvs 0x6c0032,1
"stcvs p7, c6, [r0], -0x1b8",1
"rsbhs r6, r7, pc, ror 28",1
"ldmdbvs r3!, {r0, r2, r4, r5, r6, sb, sl, fp, sp, lr} ^",1
"strbtvs r6, [r5], -0xe67",1
"strbtvc r6, [lr], -0x920",1
invalid,1
"strbvs r6, [lr, -0x769]!",1
"stmdavs r3!, {r2, r5, r6, sp} ^",1
"movwvc r7, 0x261",1
"ldrbtvc r6, [r2], -0xf68",1
invalid,1
"strbvs r6, [lr, -0x769]!",1
"cdpvs p0, 6, c2, c9, c4, 3",1
"ldmdbmi pc, {r2, r4, r5, r6} ^",1
"ldrbtvc r5, [r3], -0xf4f",1
svcpl 0x6e6964,1
"strbtvs r7, [r5], -0x375",1
svcvs 0x682f00,1
bvs 0xbec7cc,1
blvs 0x1cb07a4,1
"stmdbvc pc!, {r0, r2, r5, r6, sl, ip, sp, lr}",1
svcvs 0x74636f,1
"ldmdbvs r5!, {r0, r1, r2, r3, r5, sb, sp, lr} ^",1
"strtvc r6, [pc], -0x46c",1
"strvc r7, [pc, -sp, rrx]!",1
svchs 0x6b726f,1
"strbtvc r7, [sp], -r1, ror 4",1
"qasxvc r6, sp, r7",1
"cdpvs p0, 2, c7, c13, c6, 3",1
"stclhs p15, c6, [lr, -0x194]!",1
"stmdbvc fp!, {r4, r5, r6, r8, sb, sl, fp, sp, lr} ^",1
"cdpvs p12, 6, c6, c9, c13, 1",1
invalid,1
invalid,1
"strvs r6, [0x000128f6]!",1
"rsbvs r6, sb, 0x6700",1
"cdphs p15, 3, c2, c2, c3, 3",1
"eorvc r3, sp, 0xc40000",1
invalid,1
invalid,1
invalid,1
"stmdbvs ip!, {r0, r1, r2, r4, r5, r8, sb, sl, fp, sp} ^",1
invalid,1
"movwvc r7, 0x573",1
"ldrbtvc r6, [r2], -0xf68",1
"strbtvc r6, [lr], -0x920",1
bvc 0x1a6fe88,1
"rsbsvc r7, sb, r5, ror 8",1
svcpl 0x5f0065,1
svcpl 0x66666f,1
"ldmdbmi pc, {r2, r4, r5, r6} ^",1
"ldrbvs r5, [r2, -0xf4f]!",1
"subsvc r6, pc, r1, ror 8",1
svcpl 0x7274,1
"stmdbvs r1!, {r0, r1, r5, r6, fp, sp, lr} ^",1
"ldrbtvc r0, [r3], -0x6e",1
"ldmdbvs r4!, {r0, r1, r2, r3, r4, r6, r8, sb, sp, lr} ^",1
"stmdbvs r4!, {r0, r2, r3, r5, r6} ^",1
"smlsdxmi r0, r2, r0, r7",1
"subpl r5, pc, r5, asr 8",1
"ldrbmi r5, [r6, -0xf54]",1
svcmi 0x495352,1
"stmdami r3, {r1, r2, r3, r6, r8, sb, sl, fp, ip, lr} ^",1
invalid,1
svcvs 0x676e6f,1
"rsbseq r7, r3, r0, ror r4",1
svcpl 0x755f5f,1
"strbtvs r7, [r1], -0x571",1
"movwvc r7, 0x45f",1
"subsvc r7, pc, r5, ror 8",1
"rsbvc r6, r7, 0x1c8",1
"cdpvs p13, 5, c6, c15, c1, 3",1
"rsbeq r6, r5, r1, ror 26",1
svcvs 0x68735f,1
"strbvc r7, [r2, -0x472]!",1
svcpl 0x5f0066,1
"ldmdavs r4!, {r4, r5, r6, r8, sp, lr} ^",1
"strbpl r4, [r5], -0x700",1
svcpl 0x54504f,1
"subpl r4, ip, r8, asr 10",1
"qdaddmi r4, pc, r8",1
"ldmdbmi pc, {r1, r4, r6} ^",1
"strbvc r5, [r2, -0xf4f]!",1
invalid,1
"smlsdxvs r0, r3, r5, r6",1
"subsvc r7, pc, 0x65000000",1
svcpl 0x746f6f,1
svcpl 0x766564,1
"rsbeq r6, pc, sb, ror 28",1
"cmnvc r2, 0x73000000",1
svcpl 0x7274,1
"cmnvs r2, 0x7c000001",1
"cmnvs r3, r0, lsl 10",1
svcpl 0x6567,1
"strbtvs r6, [sb], -0x75f",1
"mcrvs p4, 0, r7, c0, c15, 2",1
"ldrbvs r6, [r2, -0x65f]!",1
svcvs 0x6c0065,1
invalid,1
"strbvs r5, [r7, -0xf6c]!",1
"ldrbtvs r6, [r7], -0x374",1
"ldclvs p15, c5, [0x00013364]",1
svcpl 0x65646f,1
"usub16vs r0, pc, r4",1
"cdpvs p12, 6, c6, c5, c9, 3",1
"rsbsvc r0, r3, 0x6f",1
"ldrbvc r2, [r0, -r3, ror 30]!",1
"rsbeq r2, r3, r4, ror 28",1
"strbvs r5, [r4, -0xf5f]!",1
"strvs r7, [r0], -0x473",1
invalid,1
"rsbeq r6, lr, ip, ror 10",1
"ldrbvs r6, [r2, -0x170]!",1
"cmpvc pc, 0x6e000000",1
"stmdavs pc!, {r1, r5, r6}",1
svchs 0x656d6f,1
"uqsub16vs r6, r6, r4",1
"rsbsvs r6, sb, 0x610",1
"rsbvc r6, pc, 0xbc000000",1
"ldmdbvs r4!, {r0, r2, r5, r6, r8, sl, ip, sp, lr} ^",1
"stmdalo sp!, {r2, r3, r5, r6, r8, sb, ip, sp, lr}",1
"eorseq r3, r2, lr, lsr 4",1
svcpl 0x4f495f,1
svcpl 0x667562,1
"rsbeq r6, r4, r5, ror 28",1
"rsbsvc r6, r5, 0x7c000001",1
"stclvs p3, c6, [pc], -0x17c",1
"rsbeq r6, lr, r5, ror sp",1
"strbvs r6, [r7, -0x364]!",1
"stmdavc r5!, {r2, r4, r5, r6, sl, ip, sp, lr} ^",1
svcpl 0x5f0074,1
"strbtvs r7, [r1], -0x571",1
"movwvc r7, 0x45f",1
"strbtvc r5, [r1], -0xf74",1
svcpl 0x6d69,1
"ldmdbvs r2!, {r0, r1, r2, r3, r4, r6, ip, sp, lr} ^",1
svcpl 0x66746e,1
"rsbeq r6, fp, r3, ror 16",1
"ldclvs p3, c6, [0x00013248]",1
"cmnvs r3, r5, ror 6",1
"rsbseq r6, r3, r7, ror 10",1
"strbtvs r6, [ip], -0xf5f",1
"uqsaxvs r6, r6, pc",1
"rsbseq r6, r4, r3, ror r5",1
"stclvs p1, c6, [ip], -0x1e0",1
"ldrbvs r6, [pc], -0x36f     ; [0x13414:4]=0x6f5f746f",1
"strvs r6, [r0], -0x569",1
svcvs 0x5f746f,1
svcvs 0x645f72,1
"strbtvc r6, [pc], -0x474",1
"ldmdavc pc, {r8, sb, sl, fp, ip, lr} ^",1
"strbtvc r7, [r1], -0x473",1
"andvc r3, r0, 0x36000000",1
"strbtvs r6, [r4], -0x165",1
"ldmdbvs pc, {r0, r3, r5, r6, sb, ip, sp, lr} ^",1
"rsbvc r6, pc, 0x670",1
svcpl 0x676e69,1
svcpl 0x746f64,1
svcpl 0x646e61,1
"ldrbtvs r6, [r4], -0xf64",1
svcpl 0x746f,1
"strbtvs r7, [r1], -0x5f",1
"ldrbtvc r0, [r3], -0x33",1
svcvs 0x6c625f,1
"rsbseq r6, r3, r3, ror 22",1
"ldrbvc r7, [0x00012ff1]     ; [0x12ff1:4]=0x14000d0c",1
svcpl 0x6469,1
"ldclvs p15, c4, [0x00013348]",1
"strbvs r7, [fp, -0x261]!",1
"ldrbtvc r0, [r3], -0x72",1
"rsbeq r6, lr, r4, ror 18",1
"ldmdbvs r2!, {r1, r2, r5, r6, ip, sp, lr} ^",1
"rsbeq r7, r6, lr, ror 8",1
"ldrbtvc r5, [r3], -0xf5f",1
"stclvs p5, c6, [r1, -0x1c8]!",1
"stclvs p4, c7, [sb, -0]!",1
"ldrbvs r7, [r0, -0x365]!",1
"stmdbvs r2!, {r0, r1, r5, r6} ^",1
"ldrbvs r6, [r4, -0x46e]!",1
svcvs 0x647478,1
"cdpvs p1, 6, c6, c9, c13, 3",1
svcmi 0x495f00,1
"ldmdbvs r2!, {r0, r1, r2, r3, r4, r6, r8, sb, sl, ip, sp, lr} ^",1
"subsvc r6, pc, r4, ror r5",1
svcpl 0x7274,1
"cmnvs r4, pc, asr r3",1
"uhsub16vs r6, r5, r4",1
"rsbsvs r5, r3, 0, 30",1
"movwvs r6, 0x675",1
"ldrbvs r6, [r3, -0xf6c]!",1
"rsbseq r6, r2, r4, ror 18",1
"strbtvs r5, [pc], -r4, ror 30",1
"ldrbvs r0, [r6, -0x66]",1
svcvs 0x697372,1
"ldrbvs r0, [r6, -0x6e]!",1
svcvs 0x697372,1
"strbtvc r5, [r5], -0xf6e",1
"ldrbtvc r0, [r3], -0x63",1
"mcrvs p12, 3, r6, c5, c2, 3",1
svcmi 0x495f00,1
"uqsaxvc r7, r1, pc",1
invalid,1
svcpl 0x6573,1
"stmdbvs ip!, {r0, r1, r2, r3, r4, r6, sb, sl, fp, sp, lr} ^",1
"ldrbvc r6, [pc], -0xb6e     ; [0x13500:4]=0x5f747375",1
"rsbvs r7, pc, 0, 4",1
svcpl 0x747375,1
"cmnvs r4, 0x19c00000",1
svcpl 0x6477,1
"rsbvc r6, sb, 0x5f000000",1
"ldrbvs r7, [r2, -0x473]!",1
svcpl 0x6d61,1
"cmnvc r8, 0x5f00",1
"uhsub16lo r6, r4, r4",1
svcpl 0x5f0034,1
"ldmdbvs pc, {r0, r1, r4, r5, r6, sl, ip, sp, lr} ^",1
svcpl 0x6f6e,1
blvs 0x18ef2e4,1
"stclvs p15, c5, [r6], -0",1
"rsbslo r6, r3, 0x1840000",1
"strbtvc r7, [r5], -0x300",1
invalid,1
svcpl 0x656c,1
"rsbeq r6, r4, pc, asr r6",1
"cmpvc pc, 0x73000000",1
"rsbeq r7, r5, sb, ror 20",1
svcpl 0x68746e,1
"ldrbvs r6, [r2, -0x170]!",1
"movwvc r7, 0x46e",1
svcvs 0x6d5f74,1
"strvs r6, [r0, -r4, ror 10]",1
"cdpvs p4, 6, c7, c5, c5, 3",1
"ldrbvc r0, [r0, -0x76]!",1
svcpl 0x7374,1
"subsvc r4, pc, 0x124",1
svcpl 0x646165,1
"rsbeq r6, r4, r5, ror 28",1
svcpl 0x657375,1
"cmnvs r4, ip, ror 6",1
"uhsub16vc r0, r4, r4",1
"ldrbvs r6, [r3, -0xe5f]!",1
"ldrbvs r0, [r2, -0x63]!",1
"stmdbvs r4!, {r0, r5, r6, sl, sp, lr} ^",1
svcpl 0x5f0072,1
svcpl 0x766564,1
"rsbvc r0, pc, r4, ror r0",1
"strbtvs r6, [lr], -0x974",1
"cmpvc pc, 0, 30",1
invalid,1
"cmpvc pc, 108, 24           ; 0x6c",1
"strbvs r6, [lr, -ip, ror 30]!",1
"andvc r7, r0, 0x5f000000",1
"strbtvs r6, [r4], -0x165",1
"ldrtlo r7, [r6], -0x269",1
svcmi 0x495f00,1
"ldmdbvs r2!, {r0, r1, r2, r3, r4, r6, r8, sb, sl, ip, sp, lr} ^",1
"ldrbvs r6, [0x0001305c]     ; [0x1305c:4]=0x18e02",1
"strvs r6, [r0], -0x46e",1
"cdpvs p2, 6, c7, c5, c9, 3",1
svcpl 0x6e0074,1
svcvs 0x6c6c61,1
"cmnvs r0, r3, rrx",1
"strbtvc r6, [lr], -0x572",1
"stmdbvs r5!, {r0, r1, r2, r3, r4, r6, fp, sp, lr} ^",1
"rsbseq r6, r4, r7, ror 16",1
"strbvs r5, [ip, -0xf73]!",1
"ldmdbmi pc, {r1, r2, r3, r5, r6} ^",1
svcvs 0x6c5f4f,1
"ldrbvc r6, [pc], -0xb63     ; [0x13600:4]=0x4c49465f",1
svcmi 0x495f00,1
"mcrrmi p6, 5, r4, sb, c15",1
"ldrbtvc r0, [r3], -0x45",1
"rsbsvc r6, r2, 100, 10",1
"mrrcvs p15, 0, r5, pc, c0",1
"cmnvs r4, r8, ror r3",1
"subsvc r0, pc, r4, ror r0",1
"strvc r7, [r0], -0x36f",1
"ldrbvs r5, [r3, -0xf76]!",1
"ldclvs p0, c0, [0x0001349c]",1
"strbvs r7, [fp, -0x261]!",1
svcpl 0x7372,1
blvs 0x1b2bfb0,1
"ldrbtlo r6, [r4], -r3, ror 28",1
"rsbseq r5, r4, r4, lsr pc",1
"cdpvs p0, 6, c7, c5, c15, 3",1
"rsbseq r6, r2, r4, ror 18",1
"mrcvs p4, 2, r7, c15, c3, 3",1
blvs 0x1badbfc,1
svcvs 0x425f00,1
"stmdavc r0, {r0, r1, r2, r3, r5, r6, sl, fp, sp, lr}",1
"stclvs p13, c6, [r1], -0x1b8",1
"rsbeq r6, r3, ip, ror 30",1
"ldmdbvc r4!, {r2, r5, r6, r8, sb, sl, fp, ip, lr} ^",1
"movwvc r6, 0x570",1
invalid,1
"strvs r7, [r0], -0x6d",1
"ldmdbvs pc, {r0, r2, r5, r6, sb, sl, ip, sp, lr} ^",1
"subsvs r6, pc, 0x1b8",1
svcvs 0x6675,1
svcvs 0x697470,1
"ldrbtvc r0, [r3], -0x6e",1
blvs 0x1b2c000,1
"ldrbvs r6, [sl, -0x973]!",1
"mrrcvs p15, 0, r5, pc, c0",1
svcpl 0x6e65,1
"rsbvs r7, r1, 0x76000000",1
svcvs 0x5f656c,1
"ldrbvs r6, [r3, -0x666]!",1
"stmdbvs r6!, {r2, r4, r5, r6} ^",1
"cdpvs p5, 5, c6, c15, c12, 3",1
svcpl 0x656d61,1
"rsbvc r7, r5, r0, ror r2",1
"rsbeq r6, r4, r5, ror 28",1
"strbtvc r7, [sb], -0x865",1
"stmdbvs r1!, {r0, r1, r2, r3, r4, r6, sb, sl, sp, lr} ^",1
"ldrbvs r7, [r2, -0x56c]!",1
"ldrbvs r5, [pc], -r0, lsl 30 ; [0x136c0:4]=0x635f6674",1
"mcrvs p2, 3, r7, c9, c0, 3",1
"cmpvs pc, 116, 12           ; 0x74",1
svcpl 0x6b68,1
svcvs 0x6e695f,1
"movwvc r7, 0x45f",1
"ldrbtvs r5, [r2], -0xf74",1
"strvs r7, [r0], -0x665",1
"strbtvs r7, [r6], -0x269",1
"ldrbvs r5, [pc], -r0, lsl 30 ; [0x136e4:4]=0x5f5f0074",1
"cmnvs r4, r8, ror r3",1
svcpl 0x5f0074,1
invalid,1
svcpl 0x657a69,1
invalid,1
"cmpvs pc, 0x73000000",1
svcvs 0x706d6f,1
"strbtvc r6, [lr], -0x56e",1
"ldrbvs r5, [0x00012808]     ; [0x12808:4]=0x672e6962",1
svcvs 0x6e7272,1
invalid,1
svcvs 0x697461,1
svcvs 0x64006e,1
"rsbsvs r5, r3, 116, 30",1
"ldrbvc r5, [0x00012820]     ; [0x12820:4]=0x6d72612f",1
"ldrbvc r6, [pc], -0x469     ; [0x13724:4]=0x5f007478",1
"strbvs r5, [lr, -0xf00]!",1
svcpl 0x7478,1
"uqsaxvs r6, r6, pc",1
"ldrbvc r3, [pc], -0x436     ; [0x13734:4]=0x6165725f",1
svcmi 0x495f00,1
"qdsubvs r7, pc, r5",1
invalid,1
"stcvs p5, c6, [r0, -0x1cc]",1
"rsbvc r6, r3, r5, ror 26",1
"ldmdbmi pc, {r0, r3, r4, r5, r6} ^",1
"cmnvs r3, pc, asr 30",1
"ldrbvs r6, [0x000131de]     ; [0x131de:4]=0x6769736e",1
"strvs r6, [r0], -0x46e",1
svcvs 0x6e695f,1
"ldrbvs r5, [pc], -r0, lsl 30 ; [0x13760:4]=0x7473785f",1
svcpl 0x746d,1
"ldrbtvc r7, [r3], -0x85f",1
"movwvc r7, 0x461",1
"stmdbvs r7!, {r2, r4, r5, r6, r8, sb, sl, fp, ip, lr} ^",1
svcpl 0x5f0064,1
invalid,1
"subsvc r5, pc, r0, lsl 30",1
"eorseq r6, r2, r1, ror 8",1
svcpl 0x736168,1
"rsbeq r7, r7, r1, ror 4",1
"cmnvs r0, pc, asr pc",1
svcpl 0x3464,1
"strbtvs r7, [r1], -0x5f",1
svcpl 0x5f0035,1
"strbvs r6, [sp, -0x974]!",1
invalid,1
"strbtvs r7, [lr], -0x56f",1
"cdpvs p15, 7, c5, c5, c0, 0",1
"strbtvs r7, [r5], -0x375",1
"stclvs p0, c0, [r5, -0xc8]!",1
"ldrbvc r7, [pc], -0x469     ; [0x137b4:4]=0x706c65",1
"ldmdavs pc, {r1, r4, r5, r6, r8, fp, ip, sp, lr} ^",1
"rsbseq r6, r0, r5, ror 24",1
"strbtvc r7, [r7], -r1, ror 4",1
"cmnvs r4, r0, lsl 6",1
"rsbseq r7, r3, r4, ror r5",1
svcpl 0x544f4e,1
"ldmdbmi pc, {r0, r6, sb, sl, fp, lr} ^",1
"strbmi r4, [r4, -0xf4e]",1
"ldclmi p14, c4, [r5, -0x17c]",1
"subseq r4, r2, r2, asr 10",1
"strbtvs r6, [lr], -0x966",1
"rsbvc r6, sb, 0x5f000000",1
"strbtvc r6, [lr], -0x55f",1
invalid,1
invalid,1
"movwvc r6, 0xc61",1
"strbvs r5, [r4, -0xf74]!",1
invalid,1
"strbvc r7, [r3, -r5, ror 8]!",1
invalid,1
svcpl 0x666c,1
"subsvs r4, pc, 0x124",1
"strbvc r6, [fp, -0x361]!",1
invalid,1
"movwvc r6, 0x573",1
"strbtvc r5, [sp], -0xf74",1
"stmdavc r0, {r0, r3, r5, r6, r8, sl, fp, sp, lr}",1
"stclvs p1, c6, [ip], -0x1b4",1
"strvs r6, [r0], -pc, ror 6",1
"strbtvc r7, [r1], -0x473",1
"ldrbvs r6, [r2, -r0, lsl 2]!",1
svcpl 0x5f0063,1
"ldrbtvc r7, [r3], -0x866",1
"ldrtlo r7, [r6], -0x461",1
"stclvs p6, c6, [sb], -0",1
invalid,1
"ldmdbvs pc, {r0, r2, r3, r5, r6, r8, sl, sp, lr} ^",1
"rsbseq r6, r4, lr, ror 18",1
svcvs 0x746567,1
"mrrcvs p4, 7, r7, pc, c0",1
"rsbeq r6, r7, pc, ror 28",1
"strbtvs r6, [r8], -0x366",1
svcpl 0x7269,1
svcvs 0x6e695f,1
"ldrbvc r3, [pc], -0x436     ; [0x13868:4]=0x755f7374",1
"ldrbvc r6, [r0, -0x600]!",1
"ldrbvc r7, [0x000134fc]     ; [0x134fc:4]=0x626f7200",1
invalid,1
"rsbeq r6, r4, fp, ror 10",1
svcpl 0x4f495f,1
"strbtvc r7, [sb], -0x277",1
invalid,1
"strvs r6, [r0, -0x573]",1
svcpl 0x74696d,1
"stmdbvs r3!, {r0, r5, r6, sb, sl, fp, sp, lr} ^",1
"rsbvc r6, r1, 108, 24",1
"mcrvs p15, 3, r5, c9, c9, 3",1
"strvs r6, [r0], -r6, ror 30",1
svcpl 0x656c69,1
"strbvs r6, [sp, -0x16e]!",1
"ldrbvs r6, [r2, -0x65f]!",1
"rsbsvc r0, r3, 0x65",1
"ldrbvs r2, [r6, -0xf63]!",1
svcvs 0x697372,1
"rsbeq r2, r3, lr, ror 28",1
invalid,1
"ldrbtvc r5, [r3], -0xf65",1
"ldrbtvc r6, [r5], -0xf64",1
"strbtvc r7, [r5], -0x35f",1
"stclvs p6, c6, [sb], -0x17c",1
invalid,1
"strvc r6, [r0, -sp, ror 10]",1
"ldrbvs r6, [r4, -0x972]!",1
"rsbsvc r6, r2, 0x17c00000",1
svcpl 0x726f,1
"strbtvc r7, [sb], -0x865",1
"stclvs p6, c6, [sb], -0",1
"stclvs p0, c0, [r3], -0x194",1
svcpl 0x65736f,1
svcvs 0x647473,1
"cmpvc pc, 0x75000000",1
"ldmdbvs pc, {r0, r2, r5, r6, sl, ip, sp, lr} ^",1
"rsbvc r6, pc, 0x670",1
"subpl r5, r5, r5, ror 30",1
"subeq r5, r5, sb, asr 32",1
invalid,1
"ldrbtvc r5, [r3], -0xf65",1
"stclvs p5, c6, [r1, -0x1c8]!",1
svcvs 0x757100,1
"rsbvc r6, r1, 116, 10",1
svcvs 0x635f67,1
"rsbeq r6, lr, ip, ror 30",1
svcvs 0x6e6769,1
invalid,1
invalid,1
"ldrbvs r6, [r3, -0xf6c]!",1
"cdphs p5, 7, c7, c4, c15, 3",1
"stclvs p0, c0, [r3], -0x18c",1
svcpl 0x65736f,1
svcvs 0x647473,1
"andvs r7, r0, 0x75000000",1
svcpl 0x657361,1
"rsbeq r6, lr, ip, ror 10",1
svcpl 0x776173,1
invalid,1
"rsbsvc r0, r0, 0x68",1
"stmdavc sb!, {r0, r2, r5, r6, sb, sl, sp, lr} ^",1
"mcrvs p12, 3, r6, c5, c15, 2",1
"rsbvs r6, sb, 0, 24",1
invalid,1
"stclvs p14, c6, [r1, -0x194]!",1
"strbvs r2, [ip, -r5, ror 26]!",1
invalid,1
"rsbvs r6, sb, 0, 24",1
"ldmdbvs r8!, {r0, r1, r2, r3, r5, r8, sl, sp, lr} ^",1
"stmdbvs r1!, {r2, r4, r5, r6, sb, sl, sp, lr} ^",1
"rsbeq r2, r3, ip, ror 28",1
svchs 0x62696c,1
invalid,1
"strbvs r6, [sp, -0x16e]!",1
svcpl 0x632e,1
"ldmdbvs r5!, {r0, r1, r2, r3, r4, r6, sb, sp, lr} ^",1
"cdpvs p4, 6, c7, c9, c12, 3",1
"rsbsvc r6, r7, 0x5f00000",1
"rsbeq r7, r5, sb, ror 8",1
invalid,1
svcpl 0x6d6172,1
svcvs 0x766e69,1
"ldmdbvs r4!, {r0, r1, r5, r6, r8, sp, lr} ^",1
"cmpvc pc, 0x6f0",1
"ldrbtvc r6, [r2], -0xf68",1
"stclvs p14, c6, [r1, -0x17c]!",1
"rsbsvc r0, r0, 0x65",1
"cmnvs r2, pc, ror 14",1
"cdpvs p15, 6, c5, c9, c13, 3",1
invalid,1
"mcrvs p9, 3, r6, c15, c4, 3",1
"stclvs p14, c6, [r1, -0x17c]!",1
"ldrbtvc r0, [r3], -0x65",1
"stmdavs r3!, {r1, r4, r5, r6, sb, ip, sp, lr} ^",1
"rsbvs r0, r1, 0x72",1
"rsbseq r7, r4, pc, ror 4",1
"strbtvc r7, [r7], -r1, ror 4",1
"ldrbvc r0, [r1, -0x30]!",1
svcpl 0x65746f,1
"ldmdbvs r2!, {r0, r1, r4, r5, r6, sl, ip, sp, lr} ^",1
"mrrcvs p7, 6, r6, pc, c14",1
"cdpvs p14, 0, c6, c0, c5, 3",1
"strbtvc r6, [pc], -0xc73",1
"ldrbvc r0, [r1, -0x73]!",1
invalid,1
"subsvs r6, pc, 0x1c80000",1
"strbvs r6, [r6, -0x675]!",1
"ldrbvc r0, [r1, -0x72]!",1
"cdpvs p4, 6, c7, c9, c15, 3",1
"rsbvc r5, pc, r7, ror 30",1
"mcrvs p9, 3, r6, c15, c4, 3",1
"rsbvc r5, r6, 0x1cc",1
"cmpvc pc, 0x1bc0",1
"strbvs r7, [ip, -0x974]!",1
svcvs 0x757100,1
"rsbvc r6, r1, 116, 10",1
"strbvs r5, [sp, -0xf67]!",1
svcpl 0x5f006d,1
"rsbsvc r7, sb, r3, ror 8",1
svcpl 0x625f65,1
"rsbeq r6, r3, ip, ror 30",1
"strbtvc r7, [pc], -0x571",1
"ldrbvs r6, [r2, -r5, ror 2]!",1
"cmpvc pc, 0x5f0",1
"strbvs r7, [ip, -0x974]!",1
"rsbvs r6, sb, 0, 24",1
svcvs 0x75712f,1
"rsbvc r6, r1, 116, 10",1
"rsbeq r2, r3, r7, ror 28",1
"ldrbmi r4, [0x00013923]     ; [0x13923:4]=0x65726f",1
"strbmi r4, [r4, -0x94c]",1
"mrrcmi p14, 5, r4, r5, c15",1
"stmdbpl r2, {r2, r3, r6, r8, sb, sl, fp, ip, lr} ^",1
"subseq r4, r3, r4, asr r5",1
invalid,1
"rsbseq r5, r4, r2, ror pc",1
"cmnvs r2, 0x73000000",1
"strbvs r7, [r5, -0x361]!",1
invalid,1
"ldrbvs r6, [r4, -0xf75]!",1
svcpl 0x677261,1
"ldrbtvc r5, [r3], -0xf6e",1
svcpl 0x656c79,1
"rsbeq r6, sp, sp, ror 10",1
"subsvc r7, pc, 0xa4000001",1
"strbtvc r6, [r8], -0x769",1
svcvs 0x75715f,1
invalid,1
"ldrbvs r6, [r4, -0xf75]!",1
svcpl 0x677261,1
"ldclvs p4, c7, [sb], -0x1cc",1
"strbvs r5, [sp, -0xf65]!",1
"ldrbvs r0, [r3, -0x6d]!",1
"strbvc r5, [r3, -0xf74]!",1
"stclvs p4, c7, [0x0001390c]!",1
svcvs 0x75715f,1
invalid,1
"ldclvs p3, c6, [0x00013ae4]",1
"strbvs r7, [r2, -0x961]!",1
svcvs 0x75715f,1
invalid,1
"ldmdbvc r4!, {r0, r1, r2, r3, r4, r6, r8, sb, ip, sp, lr} ^",1
invalid,1
"stclvs p3, c6, [r1], -0x1bc",1
svcvs 0x635f65,1
invalid,1
"ldrbvs r6, [r4, -0xf75]!",1
svcpl 0x677261,1
"ldclvs p4, c7, [sb], -0x1cc",1
invalid,1
"rsbeq r6, r4, r7, ror 18",1
"rsbvc r7, pc, 0x73000000",1
invalid,1
"ldrbvs r6, [r0, -0x163]!",1
"strbvs r7, [r8, -0x300]!",1
"cmpvs pc, ip, ror 24",1
"stmdbvc r1!, {r2, r3, r5, r6, r8, sb, sl, ip, sp, lr} ^",1
"ldrbvc r5, [r1, -0xf73]!",1
"cdpvs p4, 6, c7, c9, c15, 3",1
"ldrbtvc r5, [r3], -0xf67",1
"rsbeq r6, r5, sb, ror ip",1
svcvs 0x635f5f,1
"rsbseq r6, r4, r5, ror lr",1
"uqsub16vs r6, sb, r3",1
"ldrbvc r0, [r1, -0x74]!",1
invalid,1
"mrcvs p7, 2, r6, c15, c2, 3",1
"cmnvc r5, 0x7c000001",1
svcpl 0x6d6f74,1
"rsbeq r6, sp, sp, ror 10",1
"strbtvc r7, [pc], -0x571",1
svcpl 0x6e5f65,1
"rsbeq r6, sp, sp, ror 10",1
"mcrvs p2, 3, r7, c1, c4, 3",1
"strbtvc r6, [r1], -0xc73",1
"rsbeq r6, lr, sb, ror 30",1
"strbtvc r7, [pc], -0x571",1
"ldrbvs r6, [r2, -r5, ror 2]!",1
"stclvs p1, c6, [ip], -0x17c",1
"ldclvs p3, c6, [0x000139d0]",1
"movwvc r6, 0xd65",1
"ldrbvs r6, [r2, -0xf74]!",1
"smlsdvs r0, pc, r3, r6",1
"cmpvc pc, r5, ror 8",1
"ldmdbvs r4!, {r0, r2, r4, r5, r6, r8, sb, sl, fp, sp, lr} ^",1
"cmpvc pc, 0x1b80000",1
"strbvs r7, [ip, -0x974]!",1
"stmdbvs ip!, {r8, sl, sp, lr} ^",1
svcvs 0x5f6564,1
"rsbvc r7, r5, 0x75000000",1
svcvs 0x75715f,1
"rsbseq r6, r3, r4, ror r5",1
"strbtvc r7, [pc], -0x571",1
"ldrbvs r6, [r2, -r5, ror 2]!",1
"ldrbvs r6, [r2, -0x65f]!",1
svcvs 0x660065,1
svcpl 0x656372,1
"ldrbvs r7, [r4, -0x56f]!",1
"ldrbvc r5, [r1, -0xf72]!",1
"cdpvs p4, 6, c7, c9, c15, 3",1
"ldrbtvc r5, [r3], -0xf67",1
"rsbeq r6, r5, sb, ror ip",1
svcpl 0x746573,1
"strbtvc r7, [pc], -0x571",1
svcpl 0x676e69,1
"strbvs r6, [r1, -r6, ror 24]!",1
"ldmdbmi pc, {r0, r1, r4, r5, r6} ^",1
invalid,1
"stmdavc r0, {r0, r2, r5, r6, sb, ip, sp, lr}",1
"stclvs p5, c6, [r1], -0x1c8",1
"rsbeq r6, r3, ip, ror 30",1
"ldrbvs r6, [r4, -0x96c]!",1
svcpl 0x6c6172,1
"strbtvc r7, [pc], -0x571",1
svcpl 0x676e69,1
"ldclvs p4, c7, [sb], -0x1cc",1
svcpl 0x5f0065,1
"rsbsvc r7, sb, r3, ror 8",1
"strbvs r5, [r7, -0xf65]!",1
"rsbvs r5, sp, 116, 30",1
"rsbsvc r6, r5, 0x7c000001",1
"stmdavc r1!, {r0, r1, r2, r3, r4, r6, r8, sl, fp, sp, lr} ^",1
"movtpl r5, 0x9f00",1
invalid,1
invalid,1
"ldrbvs r6, [r4, -0xf75]!",1
svcpl 0x677261,1
"rsbvc r6, r1, 0x630000",1
svcvs 0x757100,1
invalid,1
"ldmdbvc r4!, {r0, r1, r2, r3, r4, r6, r8, sb, ip, sp, lr} ^",1
"ldrbvc r6, [pc], -ip, ror 10 ; [0x13c5c:4]=0x65747962",1
"rsbseq r6, r3, r1, ror 24",1
"ldrbvs r7, [r4, -0x962]!",1
"ldrbvc r0, [r1, -0x73]!",1
invalid,1
"cmpvs pc, 0x1c80000",1
svcvs 0x747375,1
"ldmdavs r3!, {r0, r2, r3, r5, r6} ^",1
svcpl 0x6c6c65,1
"strbtvc r7, [pc], -0x571",1
svcpl 0x676e69,1
"ldclvs p4, c7, [sb], -0x1cc",1
svcpl 0x5f0065,1
"strbvc r6, [ip, -0x176]!",1
"rsbsvc r0, r0, 0x65",1
"stclvs p1, c6, [ip], -0x194",1
"strbtvc r6, [r1], -0x36f",1
invalid,1
"ldrbvs r6, [r4, -0xf75]!",1
svcpl 0x677261,1
"ldrbtvc r7, [r3], -0x563",1
"ldclvs p13, c6, [0x00013af4]",1
"strvs r6, [r0, -0xd65]",1
"rsbvc r6, r1, r3, ror r3",1
"ldrbvc r5, [r1, -0xf65]!",1
"cdpvs p4, 6, c7, c9, c15, 3",1
"ldrbtvc r5, [r3], -0xf67",1
"rsbeq r6, r5, sb, ror ip",1
"rsbsvc r7, r7, sb, ror 6",1
"strbtvc r6, [lr], -0x972",1
"strbtvc r7, [r5], -0x300",1
"qdsubvs r6, pc, r8",1
"ldrbvc r5, [r1, -0xf72]!",1
"cdpvs p4, 6, c7, c9, c15, 3",1
"strbvc r0, [r3, -0x67]!",1
"stclvs p4, c7, [0x00013b1c]!",1
svcvs 0x75715f,1
invalid,1
"ldmdbvc r4!, {r0, r1, r2, r3, r4, r6, r8, sb, ip, sp, lr} ^",1
svcpl 0x656c,1
"stmdavs r3!, {r0, r1, r2, r3, r4, r6, r8, sb, sl, ip, sp, lr} ^",1
svcvs 0x6c6300,1
"strbvs r6, [ip, -0x163]!",1
svcvs 0x75715f,1
invalid,1
"ldmdbvc r4!, {r0, r1, r2, r3, r4, r6, r8, sb, ip, sp, lr} ^",1
"movwvs r6, 0x56c",1
"cmnvs r3, 0x17c00000",1
"rsbeq r7, r5, r1, rrx",1
"ldrbmi r4, [0x00013bcf]     ; [0x13bcf:4]=0x715f7265",1
"strbmi r4, [r4, -0x94c]",1
"ldrbpl r4, [r5], -0xf5f",1
"cmppl pc, r5, asr 4",1
"ldrbmi r4, [r4, -0xf55]",1
"ldclvs p0, c0, [r8, -0x14c]!",1
"strbvc r6, [r4, -0xd65]!",1
"strbvc r0, [r2, -0x70]!",1
"rsbvc r6, r5, 0x6600000",1
"ldrbvs r6, [sl, -0x973]!",1
"ldrbtvs r6, [r5], -r0, lsl 4",1
"ldrbvs r6, [sl, -0x973]!",1
svcvs 0x6c7300,1
invalid,1
"ldmdbmi pc, {r4, r5} ^",1
"strbtvc r6, [lr], -0x353",1
svcpl 0x6c72,1
"stmdbvs r4!, {r0, r3, r6, r8, sb, ip, lr} ^",1
"rsbseq r6, r4, r7, ror 18",1
invalid,1
"movwvc r7, 0x465",1
"cmpvc pc, r5, ror 8",1
"ldmdbvs r4!, {r0, r2, r4, r5, r6, r8, sb, sl, fp, sp, lr} ^",1
"cmpvc pc, 0x1b80000",1
"strbvs r7, [ip, -0x974]!",1
"movtpl r5, 0x9f00",1
invalid,1
"rsbvs r0, sp, 0x65",1
"strbtvc r7, [r1], -0x473",1
"cdpvs p0, 7, c0, c5, c5, 3",1
"ldrbtvc r6, [sb], -0x269",1
svcvs 0x6c5f65,1
"strbvs r6, [ip, -0x163]!",1
invalid,1
"strbtvc r6, [sb], -0xe69",1
"cmpvc pc, r0, lsl 6",1
"ldmdbvs r4!, {r0, r2, r4, r5, r6, r8, sb, sl, fp, sp, lr} ^",1
"cmpvc pc, 0x1b80000",1
"strbvs r7, [ip, -0x974]!",1
svcvs 0x757100,1
"ldclvs p5, c6, [0x00013bf0]",1
"movwvs r6, 0xd65",1
"strbtvs r6, [lr], -0x15f",1
"strbvs r7, [r8, -0x35f]!",1
"ldrbvs r6, [0x00013164]     ; [0x13164:4]=100",1
"rsbvc r6, r1, r3, ror r3",1
svcpl 0x5f0065,1
"ldrbtvc r6, [r3], -0x26d",1
svcpl 0x657461,1
"stclvs p0, c0, [r3], -0x1d0",1
svcpl 0x656e6f,1
"strbtvc r7, [pc], -0x571",1
svcpl 0x676e69,1
"ldmdbvs r4!, {r0, r1, r2, r3, r5, r6, ip, sp, lr} ^",1
"rsbseq r6, r3, pc, ror 28",1
"strbtvc r7, [pc], -0x571",1
svcpl 0x676e69,1
"ldclvs p4, c7, [sb], -0x1cc",1
"rsbvc r5, r1, 0x194",1
svcpl 0x7367,1
"rsbeq r6, r8, pc, asr r3",1
"subsvc r4, r3, pc, asr sb",1
"strbtvc r6, [r3], -0xe75",1
"rsbvc r6, r2, 0, 26",1
"cmnvs r7, 116, 30           ; 0x74",1
"movtpl r5, 0x9f00",1
"mcrvs p2, 3, r7, c9, c0, 3",1
"ldrbvc r0, [r1, -0x74]!",1
svcpl 0x65746f,1
"strbtvc r7, [pc], -0x571",1
svcpl 0x676e69,1
"ldmdbvs r4!, {r0, r1, r2, r3, r5, r6, ip, sp, lr} ^",1
"rsbseq r6, r3, pc, ror 28",1
invalid,1
"stclvs p1, c6, [ip], -0x1c8",1
"stcvs p3, c6, [r0, -0x1bc]",1
"stclvs p13, c6, [r3, -0x194]!",1
svcpl 0x5f0070,1
"rsbvs r6, r8, 0xdc000001",1
svcvs 0x757100,1
"cmpvc pc, 116, 10           ; 0x74",1
"mcrvs p2, 3, r7, c9, c4, 3",1
"strbvs r0, [r7, -0x67]!",1
"stmdavc r5!, {r2, r4, r5, r6, sl, ip, sp, lr} ^",1
"ldrbvc r5, [r1, -0xf74]!",1
"rsbeq r7, r5, pc, ror 8",1
"cmppl pc, 0x40000014",1
"strbpl r4, [sb], -0xc50",1
"ldmdbmi r2, {r0, r1, r2, r3, r4, r6, sl, ip, lr} ^",1
"subpl r5, r1, r7, asr 4",1
svcpl 0x5348,1
"rsbvc r5, r7, 0x24000001",1
"rsbeq r7, r8, r1, rrx",1
"strbtvc r6, [pc], -0xc73",1
"rsbeq r6, r3, r6, ror r5",1
"strbtvc r6, [pc], -0xc73",1
"ldrbvc r0, [r1, -0x30]!",1
invalid,1
"mrcvs p7, 2, r6, c15, c2, 3",1
"ldrbtvc r6, [r0], -0xf5f",1
invalid,1
"ldrbvs r6, [r2, -r0, lsl 2]!",1
"ldrbvs r6, [sl, -0x973]!",1
"rsbsvc r7, r4, 0, 6",1
"ldrbvs r6, [r3, -0x163]!",1
"eorseq r7, r0, r5, ror 2",1
"cmnvs r2, 0x73000000",1
"strbvs r7, [r5, -0x361]!",1
"movwvc r3, 0x171",1
invalid,1
invalid,1
"ldrbtvc r0, [r3], -0x32",1
invalid,1
"cmnlo r1, 0x19400000",1
"rsbsvc r7, r4, 0, 6",1
"ldrbvs r6, [r3, -0x163]!",1
"eorseq r7, r4, r5, ror 2",1
"cmnvs r2, 0x73000000",1
"strbvs r7, [r5, -0x361]!",1
"movwvc r3, 0x671",1
invalid,1
invalid,1
"ldrbtvc r0, [r3], -0x37",1
invalid,1
"ldmdalo r1!, {r0, r2, r5, r6, r8, sl, sp, lr} ^",1
"rsbsvc r7, r4, 0, 6",1
"ldrbvs r6, [r3, -0x163]!",1
"eorseq r7, sb, r5, ror 2",1
"strbtvc r6, [lr], -0x977",1
svcpl 0x745f,1
"stclvs p3, c5, [r1], -0x124",1
"rsbeq r6, r1, r0, ror r8",1
invalid,1
"cmpvs pc, 108, 10           ; 0x6c",1
"cmnvc r2, 104, 2            ; 0x68",1
invalid,1
"ldrbvs r6, [r4, -0xf75]!",1
"rsbeq r7, r7, r1, ror 4",1
"strbtvc r7, [pc], -0x571",1
"ldrbvs r6, [r2, -r5, ror 2]!",1
"stclvs p1, c6, [ip], -0x17c",1
invalid,1
"ldrbvs r6, [r4, -0xf75]!",1
svcpl 0x677261,1
"strbvc r5, [r3, -0xf6e]!",1
"stclvs p4, c7, [0x00013d98]!",1
"ldmdbvs r3!, {r8, ip, sp, lr} ^",1
invalid,1
"ldrbvs r6, [r4, -0xf75]!",1
svcpl 0x677261,1
"ldrbvc r0, [r1, -0x6e]!",1
invalid,1
"subsvs r6, pc, 0x1c80000",1
"strbvs r6, [r6, -0x675]!",1
"ldrbvs r5, [r2, -0xf72]!",1
"ldclvs p4, c7, [sb], -0x1cc",1
invalid,1
"ldrbvs r6, [r4, -0xf75]!",1
"strbvs r7, [r8, -0x45f]!",1
"ldrbvc r6, [pc], -0x573     ; [0x13f9c:4]=0x65746f75",1
invalid,1
"ldrbvs r6, [r4, -0xf75]!",1
svcpl 0x677261,1
svcvs 0x6c6f63,1
"strbvs r5, [sp, -0xf6e]!",1
"ldmdbmi pc, {r0, r2, r3, r5, r6} ^",1
"mcrvs p1, 3, r6, c12, c3, 2",1
"strvs r6, [r0], -0xd75",1
"strbvc r6, [r1, -0x665]!",1
"cmpvc pc, ip, ror 8",1
"ldmdbvs r4!, {r0, r2, r4, r5, r6, r8, sb, sl, fp, sp, lr} ^",1
svcvs 0x5f676e,1
svcvs 0x697470,1
svcpl 0x736e,1
"stclvs p3, c5, [r2], -0x124",1
"rsbeq r6, fp, r1, ror 28",1
blvs 0x18ec568,1
invalid,1
invalid,1
"ldrbvs r6, [r0, -0x163]!",1
"ldrbvc r0, [r1, -0x73]!",1
invalid,1
"mrcvs p7, 2, r6, c15, c2, 3",1
"stclvs p13, c6, [r5, -0x17c]!",1
"ldmdbvs r2!, {ip, sp, lr} ^",1
"rsbvs r7, r1, 0x6e000000",1
invalid,1
svcpl 0x746665,1
"strbtvc r7, [pc], -0x571",1
"ldrbvc r0, [r1, -0x65]!",1
svcpl 0x65746f,1
"ldmdbmi pc, {r1, r2, r3, r5, r6} ^",1
"rsbsvc r7, r0, r3, asr r5",1
invalid,1
"ldrbvs r6, [r4, -0xf75]!",1
svcpl 0x677261,1
"rsbvc r6, r1, 0x630000",1
"stclvs p13, c6, [r5, -0x17c]!",1
"stmdbvs ip!, {r8, fp, sp, lr} ^",1
"stmdbvs ip!, {r0, r2, r3, r5, r6} ^",1
svcvs 0x722f62,1
"strtvs r7, [sp], -0x46f",1
"pushvs {r0, r2, r5, r6, sb, sl, ip, sp, lr}",1
invalid,1
svcvs 0x6f7200,1
svcpl 0x645f74,1
svcpl 0x6e0069,1
"ldmdavs r4!, {r0, r5, r6, r8, sl, ip, sp, lr} ^",1
"rsbseq r7, r3, pc, ror 4",1
"strbtvc r6, [sb], -0xd65",1
invalid,1
"rsbvc r7, r5, pc, asr r2",1
"ldmdbvs r4!, {r0, r1, r2, r3, r5, r6, sb, ip, sp, lr} ^",1
"cmpvs pc, lr, ror 14",1
"ldrbvs r6, [r2, -0x464]!",1
invalid,1
"ldmdbvs r3!, {r0, r2, r5, r6, sb, ip, sp, lr} ^",1
"ldrbvs r6, [0x00013215]     ; [0x13215:4]=0x656b7275",1
"cmpvs pc, r4, ror r3",1
invalid,1
"strtvc r6, [pc], -sb, ror 4",1
"ldmdbvs r3!, {r0, r2, r5, r6, sb, ip, sp, lr} ^",1
"strvs r6, [sp, -0xe6f]!",1
invalid,1
invalid,1
"strbvs r6, [r7, -0x16b]!",1
"stclvs p3, c6, [0x000140a8]!",1
"strbtvs r6, [lr], -0x16d",1
"stclvs p14, c6, [r1, -0x17c]!",1
svcpl 0x5f0065,1
"mrrcvs p1, 7, r6, pc, c6",1
"rsbseq r7, r4, sb, ror 6",1
"ldmdbpl r0, {r0, r1, r6, r8, sb, sl, fp, lr} ^",1
"stmdami r7, {r1, r4, r6, r8, fp, lr} ^",1
"ldrbmi r5, [sb, -0xf54]",1
invalid,1
"strbtvc r7, [r8], -0x475",1
"strvc r6, [r0], -r1, ror 4",1
"ldmdbvs r3!, {r0, r2, r5, r6, sb, ip, sp, lr} ^",1
"ldrbvs r6, [0x0001326d]     ; [0x1326d:4]=0x62696c2f",1
"cmpvs pc, 116, 6            ; 0x74",1
"rsbsvc r7, sb, 0x6f",1
"strbtvc r6, [r8], -0x769",1
"rsbvc r7, r5, 0, 12",1
"mcrvs p9, 3, r6, c15, c3, 3",1
"ldrbvs r5, [pc, -r0, lsl 30] ; [0x140f4:4]=0x6c5f6176",1
svcpl 0x63756e,1
"mrrcvs p1, 7, r6, pc, c6",1
"rsbseq r7, r4, sb, ror 6",1
"cmnvc r2, 0x1d800000",1
svcpl 0x6e6f69,1
svcpl 0x637465,1
svcpl 0x6176,1
"rsbseq r6, r0, pc, asr r1",1
"cmnvc r2, 0x1d800000",1
svcpl 0x6e6f69,1
svcpl 0x637465,1
invalid,1
"strtvc r6, [pc], -sb, ror 4",1
"ldmdbvs r3!, {r0, r2, r5, r6, sb, ip, sp, lr} ^",1
"strvs r6, [sp, -0xe6f]!",1
"qsub16vs r6, sp, r4",1
invalid,1
"cmnvs sl, r0, lsl 16",1
invalid,1
"eorsvc r7, r2, 0, 16",1
"stclvs p1, c6, [ip], -0x194",1
invalid,1
"stmdavc pc!, {r0, r3, r5, r6, sb, sp, lr}",1
"stclvs p1, c6, [ip], -0x1b4",1
invalid,1
"strbpl r4, [r1], -r0, lsl 16",1
"cdpmi p15, 4, c5, c7, c5, 2",1
"qdaddmi r5, r5, r3",1
"movtmi r4, 0xfc4c",1
"cdpvs p8, 3, c7, c2, c0, 0",1
"stclvs p5, c6, [r1], -0x1c8",1
"rsbeq r6, r3, ip, ror 30",1
"rsbsvc r7, r4, 120, 6",1
"rsbseq r7, r0, r4, ror 10",1
"ldrbvs r6, [r2, -0xe78]!",1
svcvs 0x6c6c61,1
"cmnvs r8, 0x63",1
svcvs 0x6c6c61,1
"strbmi r0, [r4, -0x63]",1
"mrrcmi p1, 4, r4, r5, c6",1
"stmdapl sp, {r2, r4, r6, r8, sb, sl, fp, ip, lr} ^",1
"ldrbpl r4, [r3], -0x146",1
"rsbvs r6, sb, 0, 24",1
"stclvs p8, c7, [r1], -0xbc",1
"stclhs p15, c6, [r3, -0x1b0]!",1
"cdphs p9, 6, c6, c5, c4, 3",1
"stmdbvs ip!, {r0, r1, r5, r6} ^",1
"ldrbvs r2, [r8, -r2, ror 30]!",1
"strbvc r7, [r3, -r5, ror 8]!",1
"rsbeq r2, r3, r4, ror 28",1
"strbvc r5, [r2, -0xf5f]!",1
svcpl 0x5f0066,1
"cmnvs r4, 0x19c00000",1
"cmpvs pc, r7, ror r4",1
invalid,1
"cmpvc pc, 0, 30",1
"rsbeq r7, r5, sb, ror 20",1
svcvs 0x6c6366,1
"usub16vs r6, pc, r3",1
"rsbeq r6, ip, r1, ror 18",1
svcpl 0x6c7072,1
svcvs 0x6c6366,1
invalid,1
invalid,1
"ldrbvs r6, [r3, -0xf6c]!",1
"rsbsvc r7, r4, 0xb4000000",1
"cdphs p1, 6, c6, c13, c5, 3",1
"strbvs r0, [r6, -0x63]!",1
"rsbvc r7, pc, 0x20000007",1
"stclvs p5, c7, [lr], -0x17c",1
"strbvs r6, [fp, -0x36f]!",1
"rsbsvc r0, r0, 0x64",1
"ldrbvs r7, [pc], -r5, ror 12 ; [0x14218:4]=0x656d6f73",1
"rsbeq r6, ip, r1, ror 18",1
"strbvs r6, [sp, -0xf73]!",1
"mcrvs p0, 3, r7, c5, c15, 2",1
"strbvs r6, [lr, -r4, ror 18]!",1
"ldrbvs r5, [pc], -r0, lsl 30 ; [0x1422c:4]=0x676e69",1
"strbtvs r6, [lr], -0x570",1
"rsbeq r6, r7, sb, ror 28",1
svcpl 0x4c4e5f,1
"strbmi r4, [ip, -0x554]",1
"mcrmi p8, 2, r4, c15, c0, 2",1
"ldrbmi r5, [r4, -0xf45]",1
"cdpmi p15, 4, c5, c9, c12, 2",1
"stclmi p15, c5, [r6, -0x150]",1
"mrcmi p0, 2, r0, c15, c4, 2",1
"ldclmi p15, c5, [r7, -0x130]",1
"cmplo pc, pc, asr 28",1
"mrcmi p0, 2, r0, c15, c0, 1",1
"ldclmi p15, c5, [r7, -0x130]",1
"cmplo pc, pc, asr 28",1
"mrcmi p0, 2, r0, c15, c1, 1",1
"ldclmi p15, c5, [r7, -0x130]",1
"cmplo pc, pc, asr 28",1
"strbvc r0, [r2, -0x32]!",1
svcpl 0x3266,1
"ldrbpl r4, [pc], -0xc4e     ; [0x1427c:4]=0x53524946",1
svcpl 0x454d49,1
"cmppl r2, 0x118000",1
"ldrbmi r5, [r7, -0xf54]",1
invalid,1
"mrcmi p0, 2, r0, c15, c9, 2",1
svcmi 0x4d5f4c,1
"cmpmi r4, lr, asr 10",1
"cmpmi pc, 0x148000",1
"ldrbmi r4, [r6, -0xe4f]",1
svcmi 0x495352,1
"cmpmi r2, lr, asr 30",1
svcpl 0x4554,1
"ldmdbmi pc, {r1, r2, r3, r6, sl, fp, lr} ^",1
"strbpl r4, [lr], -0x544",1
"movtmi r4, 0x9649",1
svcmi 0x495441,1
"subpl r5, r1, lr, asr 30",1
"movtmi r4, 0x9c50",1
svcmi 0x495441,1
"cdpmi p0, 5, c0, c15, c14, 2",1
"strbmi r5, [sb], -0xf4c",1
"ldmdbmi r4, {r0, r2, r6, sb, sl, fp, lr} ^",1
invalid,1
"mcrmi p9, 2, r4, c15, c4, 2",1
"mcrrmi p4, 5, r5, r5, c15",1
"mcrrmi p15, 0, r5, lr, c0",1
"stclmi p4, c5, [sb, -0x17c]",1
svcmi 0x435f45,1
"ldrbmi r4, [r3, -0x544]",1
svcpl 0x5f0054,1
svcpl 0x544e49,1
"ldrbmi r5, [r3, -0xf50]",1
"stmdbpl r2, {r4, r6, r8, sb, sl, fp, ip, lr} ^",1
"cmpmi r0, pc, asr r3",1
svcpl 0x4543,1
"cmpmi pc, 0x4e00",1
"ldrbmi r5, [r0, -0x954]",1
"strbmi r4, [pc], -0x35f",1
"strbpl r5, [r5], -0x345",1
"stclmi p14, c4, [r1, -0x17c]",1
"cdpmi p0, 5, c0, c15, c5, 2",1
"strbpl r5, [r3], -0xf4c",1
svcpl 0x455059,1
"stmdbmi r4, {r0, r3, r6, sb, sl, fp, lr} ^",1
"cmppl r4, 0x11c000",1
"submi r5, sp, 50, 30",1
"mcrrmi p15, 0, r5, lr, c0",1
"qdaddmi r5, pc, r4",1
"eorseq r5, r2, sb, asr pc",1
svcpl 0x4c4e5f,1
"strbmi r4, [sp, -0x954]",1
"cmpmi r2, pc, asr r5",1
"strbpl r4, [lr], -0x55f",1
"movtpl r4, 0x5952",1
"mcrrmi p15, 0, r5, lr, c0",1
"submi r5, r1, 0x17c0000",1
svcpl 0x4e4f4d,1
"mrcmi p0, 2, r0, c15, c1, 1",1
"cmpmi r7, ip, asr 30",1
"cdpmi p13, 4, c4, c15, c2, 2",1
svcpl 0x325f,1
"ldrbpl r4, [pc, -lr, asr 24] ; [0x14374:4]=0x335f4e",1
svcmi 0x4d4241,1
"eorseq r5, r3, lr, asr 30",1
svcpl 0x4c4e5f,1
"stclmi p1, c4, [r2, -0x15c]",1
"ldrblo r4, [pc], -0xe4f     ; [0x14388:4]=0x4241575f",1
"mcrrmi p15, 0, r5, lr, c0",1
"submi r5, r1, 0x17c0000",1
svcpl 0x4e4f4d,1
"mrcmi p0, 2, r0, c15, c5, 1",1
"cmpmi r7, ip, asr 30",1
"cdpmi p13, 4, c4, c15, c2, 2",1
svcpl 0x365f,1
"ldrbpl r4, [pc, -lr, asr 24] ; [0x143a8:4]=0x375f4e",1
svcmi 0x4d4241,1
"eorseq r5, r7, lr, asr 30",1
svcpl 0x4c4e5f,1
"stclmi p1, c4, [r2, -0x15c]",1
"ldmdalo pc, {r0, r1, r2, r3, r6, sb, sl, fp, lr} ^",1
"mcrrmi p15, 0, r5, lr, c0",1
"submi r5, r1, 0x17c0000",1
svcpl 0x4e4f4d,1
"ldmdami r4, {r0, r3, r4, r5} ^",1
"ldrbmi r5, [r3, -0x54f]",1
"mrcmi p0, 2, r0, c15, c0, 2",1
svcmi 0x4d5f4c,1
"cmpmi r4, lr, asr 10",1
"ldrbmi r5, [pc], -0x952     ; [0x143e0:4]=0x505f544e",1
"ldmdbmi pc, {r0, r2, r4, r6, r8, sb, sl, fp, lr} ^",1
"subspl r5, pc, lr, asr 8",1
svcpl 0x53435f,1
"movtmi r5, 0x5250",1
"movtpl r4, 0x5445",1
"mcrrmi p15, 0, r5, lr, c0",1
"strbmi r4, [r4, -0x95f]",1
"strbmi r5, [sb], -lr, asr 8",1
"strbpl r4, [r1], -0x349",1
svcpl 0x4e4f49,1
"stmdbmi r1, {r0, r2, r6, r8, sl, fp, lr} ^",1
"stclvs p0, c0, [lr], -0x130",1
"ldrbvs r6, [r4, -0x95f]!",1
"cdpmi p0, 5, c0, c15, c13, 3",1
"strbpl r5, [lr, -0xf4c]",1
"movtmi r5, 0xcf4d",1
"stclmi p4, c5, [sb, -0x17c]",1
"cdpmi p0, 5, c0, c15, c5, 2",1
"strbpl r5, [r3], -0xf4c",1
svcpl 0x455059,1
"mcrmi p2, 2, r5, c1, c4, 2",1
"strbpl r4, [sb], -0xc53",1
svcpl 0x4f545f,1
"subseq r4, r8, sb, asr 8",1
svcpl 0x4c4e5f,1
"strbmi r4, [lr, -0xf4d]",1
"ldmdbpl r2, {r2, r4, r6, r8, lr} ^",1
"strbmi r4, [pc], -0x35f",1
"strbpl r5, [r5], -0x345",1
"mcrrmi p15, 0, r5, lr, c0",1
"ldrbmi r5, [pc], -0x75f     ; [0x1445c:4]=0x544d46",1
svcpl 0x455441,1
"subseq r4, r4, r6, asr 26",1
svcpl 0x4c4e5f,1
"mcrrmi p15, 4, r4, ip, c3",1
svcpl 0x455441,1
"smlsldmi r4, sb, r7, r5",1
"submi r5, sp, 72, 8",1
"mcrrmi p15, 0, r5, lr, c0",1
"mcrrmi p3, 5, r4, pc, c15",1
"ldrbmi r4, [r4, -0x14c]",1
"strbmi r4, [lr], -0x95f",1
"movtmi r5, 0x5249",1
"subeq r5, r3, r4, asr r7",1
svcpl 0x4c4e5f,1
"strbmi r4, [lr, -0xf4d]",1
"ldmdbpl r2, {r2, r4, r6, r8, lr} ^",1
svcmi 0x55445f,1
"cmpmi pc, 0x5f0",1
"subspl r5, r0, 0x14c",1
"strbmi r4, [r5], -0x345",1
svcpl 0x5345,1
"cdpmi p12, 5, c4, c15, c14, 2",1
"mrrcmi p13, 5, r4, pc, c5",1
svcmi 0x435f43,1
"strbpl r4, [r1], -0xc4c",1
"cdpmi p0, 5, c0, c15, c5, 2",1
"ldrbmi r5, [r7], -0xf4c",1
"usaxmi r5, pc, pc",1
svcpl 0x544d,1
"ldrbpl r4, [pc, -lr, asr 24] ; [0x144d4:4]=0x4e5f0031",1
svcpl 0x594144,1
"mrcmi p0, 2, r0, c15, c1, 1",1
"ldrbmi r5, [r7], -0xf4c",1
"cmplo pc, 0x104000",1
"mcrrmi p15, 0, r5, lr, c0",1
"qdaddmi r5, pc, r4",1
"eorseq r5, r4, sb, asr pc",1
svcpl 0x4c4e5f,1
"stmdbpl r1, {r0, r1, r2, r4, r6, sl, lr} ^",1
svcpl 0x355f,1
"ldrbpl r4, [pc, -lr, asr 24] ; [0x14500:4]=0x4e5f0036",1
svcpl 0x594144,1
"mrcmi p0, 2, r0, c15, c6, 1",1
"ldrbmi r5, [r7], -0xf4c",1
"ldrblo r5, [pc, -r1, asr 18] ; [0x14510:4]=0x5954435f",1
"mcrrmi p15, 0, r5, lr, c0",1
"ldmdbpl r4, {r0, r1, r2, r3, r4, r6, r8, sb, lr} ^",1
"ldrbpl r4, [pc], -0x550     ; [0x1451c:4]=0x5f54494c",1
"movtpl r4, 0xe152",1
svcpl 0x54494c,1
invalid,1
svcpl 0x544c55,1
"cmppl r3, 0x134000",1
"subeq r4, r7, sb, asr 28",1
svcpl 0x4c4e5f,1
"subspl r5, sb, r3, asr 8",1
"strbpl r5, [0x000135fb]",1
"smlsldmi r4, sb, r4, r4",1
svcpl 0x315449,1
svcpl 0x4357,1
"subspl r4, pc, lr, asr 24",1
"subpl r5, r5, 0x41",1
"strbmi r5, [sb], -0x75f",1
svcpl 0x4854,1
"ldclmi p12, c4, [0x00014428]",1
"ldrbpl r4, [r3, -0x145]",1
"strbmi r4, [sp, -0x552]",1
"cmpmi pc, 0x4e000000",1
"movtpl r4, 0x544f",1
svcpl 0x5445,1
"cmpmi pc, 0x4e00",1
"ldrbmi r5, [r0, -0x954]",1
"ldrbpl r4, [r5], -0xf5f",1
"stmdbmi r7, {r2, r6, r8, fp, lr} ^",1
invalid,1
"strbvs r0, [r7, -0x43]!",1
"stmdavs r3!, {r2, r4, r5, r6, r8, sb, sl, fp, ip, lr} ^",1
"ldrbvs r7, [r3, -0x261]!",1
"stclvs p15, c5, [r1], -0x1d0",1
"ldrbvs r6, [r3, -0x169]!",1
"mrcmi p0, 2, r0, c15, c3, 3",1
"ldmdbmi r4, {r2, r3, r6, r8, sb, sl, fp, ip, lr} ^",1
"ldrbmi r4, [pc], -sp, asr 10 ; [0x145a8:4]=0x524f575f",1
"ldrbpl r5, [r3], -0x249",1
"subpl r5, pc, 0x17c0000",1
"stmdbpl r1, {r0, r1, r3, r6, sl, lr} ^",1
"mcrrmi p15, 0, r5, lr, c0",1
"ldmdbpl r4, {r0, r1, r2, r3, r4, r6, r8, sb, lr} ^",1
svcmi 0x5f4550,1
"stmdbmi r4, {r0, r2, r4, r6, sl, ip, lr} ^",1
"ldrblo r4, [r4, -0x947]",1
"subeq r5, r3, pc, asr r7",1
svcmi 0x4e5f5f,1
"subspl r5, r0, 0x450000",1
"mcrrmi p15, 0, r5, lr, c0",1
"ldmdbpl r4, {r0, r1, r2, r3, r4, r6, r8, sb, lr} ^",1
svcmi 0x5f4550,1
"stmdbmi r4, {r0, r2, r4, r6, sl, ip, lr} ^",1
"ldrblo r4, [r4, -r7, asr 18]",1
"subeq r5, r3, pc, asr r7",1
svcpl 0x4e5f5f,1
"mcrmi p9, 2, r4, c7, c3, 2",1
"movtpl r5, 0xf05f",1
"cdpmi p0, 5, c0, c15, c14, 2",1
"strbpl r5, [r3], -0xf4c",1
svcpl 0x455059,1
"ldrbmi r5, [r4], -0x54f",1
"strbpl r4, [sb], -0x749",1
"cmpmi r7, 57, 30            ; 0x39",1
"mcrrmi p15, 0, r5, lr, c0",1
"strbmi r4, [r4, -0x95f]",1
"strbmi r5, [sb], -lr, asr 8",1
"strbpl r4, [r1], -0x349",1
svcpl 0x4e4f49,1
"subseq r4, r8, r6, asr 2",1
"rsbslo r5, r3, 0x17c",1
"mcrvs p12, 3, r6, c5, c15, 2",1
"mcrrmi p15, 0, r5, lr, c0",1
"stclmi p4, c5, [sb, -0x17c]",1
invalid,1
"stmdbmi r4, {r2, r3, r6, r8, sb, sl, fp, ip, lr} ^",1
"strbpl r4, [r3], -0x552",1
"subeq r4, lr, sb, asr 30",1
svcpl 0x4c4e5f,1
"strbmi r4, [lr, -0xf4d]",1
"ldmdbpl r2, {r2, r4, r6, r8, lr} ^",1
svcmi 0x55445f,1
"mcrrmi p6, 5, r5, r1, c15",1
"ldrbmi r4, [pc], -sb, asr 8 ; [0x14660:4]=0x5f4c4e5f",1
"subeq r4, sp, r2, asr pc",1
svcpl 0x4c4e5f,1
"subpl r4, r4, 0x41000000",1
svcpl 0x535345,1
"strbmi r4, [lr, -ip, asr 2]",1
"submi r4, sb, 0x5f00",1
"mcrrmi p15, 0, r5, lr, c0",1
"mcrrmi p3, 5, r4, pc, c15",1
"ldrbmi r4, [r4, -0x14c]",1
"submi r5, r1, 0x5f000000",1
"cmpmi r7, 76, 10            ; 0x4c",1
"mcrrmi p15, 0, r5, lr, c0",1
"stclmi p14, c4, [r1, -0x17c]",1
invalid,1
"ldclmi p5, c4, [0x00014568]",1
"mrcmi p0, 2, r0, c15, c2, 2",1
invalid,1
"cdpmi p5, 5, c4, c15, c13, 2",1
svcpl 0x454d41,1
svcpl 0x534d,1
"cmpmi pc, 0x4e00",1
"ldrbmi r5, [r0, -0x954]",1
"strbmi r4, [lr], -0x95f",1
"strbpl r4, [sb], -0x749",1
invalid,1
"cdpmi p0, 5, c0, c15, c3, 2",1
"strbpl r5, [r3], -0xf4c",1
svcpl 0x455059,1
"stmdbmi r4, {r0, r3, r6, sb, sl, fp, lr} ^",1
"cmppl r4, 0x11c000",1
"cmpmi r7, 50, 30            ; 0x32",1
"ldrbvc r5, [0x000137e0]     ; [0x137e0:4]=0x746e655f",1
"strbvc r6, [pc, -r6, ror 24]!",1
"cmnvs r3, 0, 12",1
"rsbeq r6, r6, r1, ror 28",1
svcpl 0x4c4e5f,1
svcpl 0x4d554e,1
"ldclmi p3, c4, [0x000145c8]",1
"cmpmi r3, r5, asr 6",1
"subseq r4, r3, r7, asr 10",1
svcpl 0x4c4e5f,1
"subspl r5, sb, r3, asr 8",1
"cdpmi p15, 4, c5, c9, c5, 2",1
"stmdbmi r7, {r2, r6, r8, fp, lr} ^",1
svcpl 0x345354,1
svcpl 0x4357,1
"cmpmi pc, 0x4e00",1
"ldrbmi r5, [r0, -0x954]",1
"ldrbpl r4, [r8], -0x55f",1
"ldclmi p1, c4, [0x000145e0]",1
"cmplo pc, r1, asr 32",1
"mrcmi p0, 2, r0, c15, c1, 1",1
"strbpl r5, [r3], -0xf4c",1
svcpl 0x455059,1
"mcrmi p2, 2, r5, c1, c4, 2",1
"strbpl r4, [sb], -0xc53",1
invalid,1
"strbpl r5, [ip], -0x541",1
"movtpl r4, 0x9d5f",1
"smlsldmi r4, lr, r3, sb",1
"mcrmi p12, 2, r4, c5, c15, 2",1
"mcrrmi p15, 0, r5, lr, c0",1
"ldmdbpl r4, {r0, r1, r2, r3, r4, r6, r8, sb, lr} ^",1
"ldrbpl r4, [pc], -0x550     ; [0x14760:4]=0x5f54494c",1
"movtpl r4, 0xe152",1
svcpl 0x54494c,1
"ldrbpl r4, [pc], -0xf54     ; [0x1476c:4]=0x435f4c4e",1
svcpl 0x4c42,1
"cmpmi pc, 0x4e00",1
"ldrbmi r5, [r0, -0x954]",1
"ldrbpl r4, [r8], -0x55f",1
"ldclmi p1, c4, [0x00014638]",1
"cmplo pc, r1, asr 32",1
"mrcmi p0, 2, r0, c15, c4, 1",1
"strbpl r5, [r3], -0xf4c",1
svcpl 0x455059,1
"stmdbmi r4, {r0, r3, r6, sb, sl, fp, lr} ^",1
"cmppl r4, 0x11c000",1
"cmpmi r7, 54, 30            ; 0x36",1
"mcrrmi p15, 0, r5, lr, c0",1
"ldmdbpl r4, {r0, r1, r2, r3, r4, r6, r8, sb, lr} ^",1
"ldrbpl r4, [pc], -0x550     ; [0x147a8:4]=0x32335245",1
"subspl r5, r0, pc, asr 10",1
"eorslo r5, r3, 0x50000004",1
"mcrrmi p15, 0, r5, lr, c0",1
"stclmi p4, c5, [sb, -0x17c]",1
"subpl r5, r5, 0x114",1
"strbpl r5, [lr, -0xf41]",1
"cdpmi p15, 4, c5, c5, c13, 2",1
"strbmi r5, [sb, -0x254]",1
"mrcmi p0, 2, r0, c15, c3, 2",1
"strbpl r5, [r3], -0xf4c",1
svcpl 0x455059,1
"stmdbmi r4, {r0, r3, r6, sb, sl, fp, lr} ^",1
"cmppl r4, 0x11c000",1
"cmpmi r7, 56, 30            ; 0x38",1
"ldclmi p15, c5, [0x000147e4]",1
"ldrbmi r4, [pc], -0xe4f     ; [0x147e8:4]=0x505f4c41",1
"stclmi p3, c4, [sb, -0x114]",1
"subspl r4, pc, r1, asr 24",1
"strbpl r4, [lr], -0x94f",1
"mcrrmi p15, 0, r5, lr, c0",1
"mcrmi p13, 2, r4, c15, c15, 2",1
"subpl r5, r1, 0x45000000",1
"strbpl r5, [r4, -0xf59]",1
svcpl 0x505f4f,1
"subspl r5, pc, r3, asr 6",1
"strbmi r4, [r3, -0x552]",1
"subseq r4, r3, r4, asr 10",1
svcpl 0x4e5f5f,1
svcpl 0x504553,1
"cmppl pc, 0x108000",1
"strbmi r4, [r3, -0x150]",1
"mcrrmi p15, 0, r5, lr, c0",1
"ldclmi p14, c4, [r5, -0x17c]",1
svcpl 0x434c5f,1
"subspl r5, sb, r3, asr 8",1
"cdpmi p0, 5, c0, c15, c5, 2",1
"strbpl r5, [lr, -0xf4c]",1
"movtmi r5, 0xcf4d",1
"mcrrmi p4, 5, r5, r5, c15",1
svcmi 0x485045,1
svcpl 0x454e,1
"cdpmi p12, 5, c4, c15, c14, 2",1
svcpl 0x454d41,1
"strbmi r4, [r4, -0xf43]",1
"subseq r4, r4, r3, asr r5",1
svcpl 0x4c4e5f,1
"strbmi r4, [lr, -0xf4d]",1
"ldmdbpl r2, {r2, r4, r6, r8, lr} ^",1
svcmi 0x55445f,1
"strbpl r4, [lr], -0x95f",1
"cmpmi pc, 0x5f0",1
"subspl r5, r0, 0x14c",1
"strbmi r4, [r5], -0x345",1
svcpl 0x5345,1
"cmpmi pc, 0x4e00",1
"ldrbmi r5, [r0, -0x954]",1
"ldrbpl r4, [r5], -0xf5f",1
"stmdbmi r7, {r2, r6, r8, fp, lr} ^",1
"ldclmi p0, c3, [0x00014744]",1
"cdpmi p0, 5, c0, c15, c2, 2",1
svcmi 0x435f4c,1
"strbpl r4, [r1], -0xc4c",1
"ldrbpl r5, [r2, -0xf45]",1
"ldrbmi r4, [r3, -0x54c]",1
svcpl 0x5354,1
"cmpmi pc, 0x4e00",1
"ldrbmi r5, [r0, -0x954]",1
"ldrbpl r4, [r5], -0xf5f",1
"stmdbmi r7, {r2, r6, r8, fp, lr} ^",1
"ldclmi p2, c3, [0x00014770]",1
"cdpmi p0, 5, c0, c15, c2, 2",1
"ldclmi p15, c5, [r7, -0x130]",1
"ldrblo r4, [0x00013a7d]     ; [0x13a7d:4]=0x77005345",1
svcpl 0x6c6e00,1
"strbvs r6, [lr, -ip, ror 2]!",1
svcvs 0x666e69,1
"mcrrmi p15, 0, r5, lr, c0",1
svcmi 0x4d575f,1
"eorseq r5, r6, lr, asr 30",1
svcpl 0x4c4e5f,1
"mcrmi p13, 2, r4, c15, c7, 2",1
svcpl 0x375f,1
"ldrbpl r4, [pc, -lr, asr 24] ; [0x148f4:4]=0x5f5f0038",1
svcpl 0x4e4f4d,1
svcpl 0x5f0038,1
"stclvs p5, c7, [sb], -0x188",1
svcpl 0x6e6974,1
"cmnvs r2, 0x73000000",1
svcpl 0x706d,1
"ldrbpl r4, [pc, -lr, asr 24] ; [0x14910:4]=0x4e5f0039",1
svcpl 0x4e4f4d,1
"mrcmi p0, 2, r0, c15, c9, 1",1
svcmi 0x435f4c,1
"strbpl r4, [r1], -0xc4c",1
"stmdapl r5, {r0, r2, r6, r8, sb, sl, fp, ip, lr} ^",1
"smlsldpl r5, r1, r4, r2",1
"cdpmi p0, 5, c0, c15, c3, 2",1
"strbpl r5, [r3], -0xf4c",1
svcpl 0x455059,1
"ldrbmi r5, [r4], -0x54f",1
"strbpl r4, [sb], -0x749",1
"submi r5, sp, 52, 30",1
"mcrrmi p15, 0, r5, lr, c0",1
"mcrmi p13, 2, r4, c15, c15, 2",1
"subpl r5, r1, 0x45000000",1
"strbpl r5, [r4, -0xf59]",1
"cdpmi p15, 4, c5, c9, c15, 2",1
svcpl 0x4e5f54,1
"mcrmi p9, 2, r4, c7, c3, 2",1
"movtpl r5, 0xf05f",1
"cdpmi p0, 5, c0, c15, c14, 2",1
"strbpl r5, [r3], -0xf4c",1
svcpl 0x455059,1
"mcrmi p2, 2, r5, c1, c4, 2",1
"strbpl r4, [sb], -0xc53",1
"submi r5, r1, 0x5f000000",1
bpl 0x12696f8,1
"cdpmi p0, 5, c0, c15, c5, 2",1
"strbpl r5, [r3], -0xf4c",1
svcpl 0x455059,1
"ldrbmi r5, [r4], -0x54f",1
"strbpl r4, [sb], -0x749",1
"submi r5, sp, 54, 30",1
"mcrrmi p15, 0, r5, lr, c0",1
"subpl r5, r5, 0x17c0000",1
svcpl 0x545f41,1
"subseq r4, r4, r6, asr 26",1
svcpl 0x4c4e5f,1
"strbmi r4, [lr, -0xf4d]",1
"ldmdbpl r2, {r2, r4, r6, r8, lr} ^",1
"mrcmi p3, 2, r4, c2, c15, 2",1
"ldrbpl r5, [r3], -0x943",1
"mrcmi p0, 2, r0, c15, c2, 2",1
"strbpl r5, [r3], -0xf4c",1
svcpl 0x455059,1
"ldrbmi r5, [r4], -0x54f",1
"strbpl r4, [sb], -0x749",1
"submi r5, sp, 56, 30",1
"mcrrmi p15, 0, r5, lr, c0",1
"mcrrmi p3, 5, r4, pc, c15",1
"ldrbmi r4, [r4, -0x14c]",1
"strbmi r4, [lr], -0x95f",1
"movtmi r5, 0x5249",1
"subeq r4, r2, r4, asr sp",1
"cmnlo r3, pc, asr pc",1
"mcrvs p12, 3, r6, c5, c15, 2",1
"mcrrmi p15, 0, r5, lr, c0",1
"stclmi p14, c4, [r1, -0x17c]",1
invalid,1
"ldrbmi r4, [pc, -sp, asr 10] ; [0x14a00:4]=0x435f4c4e",1
svcpl 0x4e45,1
"cmpmi pc, 0x4e00",1
"ldrbmi r5, [r0, -0x954]",1
"cmpmi r2, pc, asr r4",1
"stmdbmi ip, {r1, r2, r3, r6, r8, sb, ip, lr} ^",1
"smlsldmi r5, sb, r4, pc",1
"ldrbmi r4, [r2, -0xf4e]",1
"mcrmi p12, 2, r4, c5, c15, 2",1
"mcrrmi p15, 0, r5, lr, c0",1
"ldclmi p14, c4, [r5, -0x17c]",1
"movtmi r5, 0x9245",1
"movtmi r4, 0x545f",1
"mcrrmi p13, 4, r4, r1, c9",1
"stmdbmi pc, {r0, r1, r2, r3, r4, r6, ip, lr} ^",1
"ldrbpl r5, [pc, -lr, asr 8] ; [0x14a3c:4]=0x6e65706f",1
"strbtvs r0, [r6], -0x43",1
"cdpvs p0, 6, c7, c5, c15, 3",1
"mcrrmi p15, 0, r5, lr, c0",1
"ldmdbpl r4, {r0, r1, r2, r3, r4, r6, r8, sb, lr} ^",1
"ldclmi p5, c4, [0x00014910]",1
svcmi 0x5f5041,1
"ldrbmi r4, [r3, -0x646]",1
"mrcmi p0, 2, r0, c15, c4, 2",1
"strbmi r5, [sb], -0xf4c",1
"ldmdbmi r4, {r0, r2, r6, sb, sl, fp, lr} ^",1
invalid,1
"mcrmi p9, 2, r4, c15, c4, 2",1
"strbmi r4, [pc], -0x35f",1
"strbpl r5, [r5], -0x345",1
"mcrrmi p15, 0, r5, lr, c0",1
"ldmdbpl r4, {r0, r1, r2, r3, r4, r6, r8, sb, lr} ^",1
"cmpmi pc, 80, 10            ; 0x50",1
"cmppl r3, 76, 2             ; 0x4c",1
"mcrrmi p15, 0, r5, lr, c0",1
"subpl r5, r5, 0x17c0000",1
"ldrbmi r5, [sb, -0xf41]",1
svcpl 0x5241,1
"cdpmi p12, 5, c4, c15, c14, 2",1
"mrrcmi p13, 5, r4, pc, c5",1
"strbmi r5, [sb], -0xf43",1
"ldmdbmi r4, {r0, r2, r6, sb, sl, fp, lr} ^",1
invalid,1
"mcrmi p9, 2, r4, c15, c4, 2",1
"mcrrmi p15, 0, r5, lr, c0",1
"mcrmi p13, 2, r4, c15, c15, 2",1
"subpl r5, r1, 0x45000000",1
"strbmi r5, [r4, -0xf59]",1
invalid,1
svcmi 0x505f4c,1
svcpl 0x544e49,1
svcpl 0x4357,1
svcmi 0x48545f,1
"mcrmi p3, 2, r5, c1, c5, 2",1
"cmppl pc, 68, 6             ; 0x44",1
svcpl 0x5045,1
"cmpmi pc, 0x4e00",1
"ldrbmi r5, [r0, -0x954]",1
"qdaddmi r4, pc, ip",1
"mrcmi p3, 2, r5, c15, c3, 2",1
"movtpl r4, 0x5d41",1
"mcrrmi p15, 0, r5, lr, c0",1
"ldmdbpl r4, {r0, r1, r2, r3, r4, r6, r8, sb, lr} ^",1
"ldrbmi r4, [0x000145ac]     ; [0x145ac:4]=0x5941444b",1
"cmpmi r2, r8, asr r4",1
"subpl r4, r1, pc, asr sp",1
"eorseq r3, r0, pc, asr r1",1
svcpl 0x4c4e5f,1
"strbmi r4, [sp, -0x954]",1
"strbmi r5, [r5, -0x75f]",1
"teqpl r1, 0x12c",1
"stmdbpl r1, {r2, r4, r6, sl, lr} ^",1
"mcrrmi p15, 0, r5, lr, c0",1
"ldmdbpl r4, {r0, r1, r2, r3, r4, r6, r8, sb, lr} ^",1
"ldrbmi r4, [0x000145d8]     ; [0x145d8:4]=0x4f5f4550",1
"cmpmi r2, r8, asr r4",1
"subpl r4, r1, pc, asr sp",1
"eorseq r3, r2, pc, asr r1",1
svcpl 0x4c4e5f,1
"subspl r5, sb, r3, asr 8",1
"stmdapl r5, {r0, r2, r6, r8, sb, sl, fp, ip, lr} ^",1
svcpl 0x415254,1
svcpl 0x50414d,1
svcpl 0x3331,1
"cmpmi pc, 0x4e00",1
"ldrbmi r5, [r0, -0x954]",1
"cmpmi r2, pc, asr r4",1
"stmdbmi ip, {r1, r2, r3, r6, r8, sb, ip, lr} ^",1
"subpl r5, r6, 84, 30",1
"ldmdbmi pc, {r0, r1, r2, r3, r6, r8, sl, fp, lr} ^",1
svcpl 0x5844,1
"cmpmi pc, 0x4e00",1
"ldrbmi r5, [r0, -0x954]",1
"strbmi r4, [lr], -0x95f",1
"strbpl r4, [sb], -0x749",1
"ldclmi p1, c3, [0x00014a30]",1
"cdpmi p0, 5, c0, c15, c2, 2",1
"ldrbpl r5, [r7], -0xf4c",1
"strbpl r4, [sp], -0x65f",1
"mcrrmi p15, 0, r5, lr, c0",1
"strbmi r4, [r4, -0x95f]",1
"strbmi r5, [sb], -lr, asr 8",1
"strbpl r4, [r1], -0x349",1
svcpl 0x4e4f49,1
"subpl r4, r4, 0x41000000",1
"subseq r5, r3, r5, asr 6",1
svcpl 0x4c4e5f,1
"subspl r5, sb, r3, asr 8",1
invalid,1
svcpl 0x3150,1
"cmpmi pc, 0x4e00",1
"ldrbmi r5, [r0, -0x954]",1
"subpl r4, r1, pc, asr r7",1
"mrcmi p0, 2, r0, c15, c2, 1",1
"strbpl r5, [r3], -0xf4c",1
svcpl 0x455059,1
"cmplo r0, 0xc0000011",1
"mcrrmi p15, 0, r5, lr, c0",1
"ldmdbpl r4, {r0, r1, r2, r3, r4, r6, r8, sb, lr} ^",1
invalid,1
"eorseq r5, r4, r1, asr 32",1
svcpl 0x4c4e5f,1
"subspl r5, sb, r3, asr 8",1
invalid,1
svcpl 0x3550,1
"cmpmi pc, 0x4e00",1
"ldrbmi r5, [r0, -0x954]",1
"subpl r4, r1, pc, asr r7",1
"mrcmi p0, 2, r0, c15, c6, 1",1
"strbpl r5, [r3], -0xf4c",1
svcpl 0x455059,1
"stmdbmi r4, {r0, r3, r6, sb, sl, fp, lr} ^",1
"cmppl r4, 0x11c000",1
"submi r5, sp, 51, 30",1
"mcrrmi p15, 0, r5, lr, c0",1
"ldclmi p7, c5, [r0, -0x17c]",1
"subspl r5, r4, 0x7c000001",1
"mcrrmi p15, 0, r5, lr, c0",1
"strbmi r4, [r4, -0x95f]",1
"strbmi r5, [sb], -lr, asr 8",1
"strbpl r4, [r1], -0x349",1
svcpl 0x4e4f49,1
"ldrbmi r4, [r4, -0x143]",1
"ldmdbpl r2, {r0, r1, r2, r6, r8, sb, sl, fp, lr} ^",1
"mcrrmi p15, 0, r5, lr, c0",1
"ldmdbpl r4, {r0, r1, r2, r3, r4, r6, r8, sb, lr} ^",1
"mrcmi p5, 2, r4, c15, c0, 2",1
"movtpl r4, 0x1e4f",1
svcpl 0x494943,1
"ldrbmi r4, [r3, -0x143]",1
"mcrrmi p15, 0, r5, lr, c0",1
"stclmi p14, c4, [r1, -0x17c]",1
invalid,1
"ldrbmi r4, [pc], -sp, asr 10 ; [0x14c64:4]=0x435f4c4e",1
svcpl 0x544d,1
"cmpmi pc, 0x4e00",1
"ldrbmi r5, [r0, -0x954]",1
"strbpl r5, [0x00014815]",1
"subpl r5, r5, 0x50",1
"mcrrmi p15, 0, r5, lr, c0",1
"ldmdbpl r4, {r0, r1, r2, r3, r4, r6, r8, sb, lr} ^",1
"ldmdbmi pc, {r4, r6, r8, sl, lr} ^",1
"strbmi r4, [sb, -lr, asr 8]",1
"ldrblo r5, [r3, -0x449]",1
"subeq r4, r2, pc, asr sp",1
svchs 0x62696c,1
invalid,1
invalid,1
"strbtvc r7, [r5], -0x372",1
svcpl 0x632e,1
"cmpmi pc, 0x4e00",1
"ldrbmi r5, [r0, -0x954]",1
"strbmi r4, [lr], -0x95f",1
"strbpl r4, [sb], -0x749",1
"ldclmi p7, c3, [0x00014b6c]",1
"cdpmi p0, 5, c0, c15, c2, 2",1
"cmpmi r7, ip, asr 30",1
"stmdbpl r1, {r1, r6, sl, lr} ^",1
svcpl 0x325f,1
"cmpmi pc, 0x4e00",1
"ldrbmi r5, [r0, -0x954]",1
"strbmi r4, [lr], -0x95f",1
"strbpl r4, [sb], -0x749",1
"ldclmi p9, c3, [0x00014b90]",1
"ldrbvs r0, [r2, -0x42]!",1
"ldmdbvs r3!, {r0, r1, r4, r5, r6, r8, sb, sl, fp, ip, lr} ^",1
svcpl 0x657a,1
"ldclmi p12, c4, [0x00014bb4]",1
"strbpl r4, [r5], -0xe4f",1
svcpl 0x595241,1
svcpl 0x4f5544,1
svcpl 0x544e49,1
"subspl r5, r2, 0x10c00000",1
"ldclmi p3, c5, [sb, -0x17c]",1
"subeq r4, ip, r2, asr 30",1
svcpl 0x4c4e5f,1
"mcrrmi p15, 4, r4, ip, c3",1
svcpl 0x455441,1
"smlsldmi r4, sb, r7, r5",1
"cmpmi r7, 72, 8             ; 0x48",1
"mcrrmi p15, 0, r5, lr, c0",1
"mcrrmi p3, 5, r4, pc, c15",1
"ldrbmi r4, [r4, -0x14c]",1
"subpl r4, r1, pc, asr r7",1
"mrcmi p0, 2, r0, c15, c1, 1",1
svcmi 0x435f4c,1
"strbpl r4, [r1], -0xc4c",1
invalid,1
svcpl 0x3250,1
"cmpmi pc, 0x4e00",1
invalid,1
invalid,1
"eorseq r5, r3, r1, asr 32",1
svcpl 0x505f5f,1
"mcrmi p9, 2, r4, c7, c3, 2",1
"movtpl r5, 0xf05f",1
"cdpmi p0, 5, c0, c15, c14, 2",1
"strbpl r5, [lr, -0xf4c]",1
"movtmi r5, 0xcf4d",1
"stclmi p14, c4, [r1, -0x17c]",1
svcpl 0x5f0045,1
"cdpvs p0, 6, c7, c5, c15, 3",1
"stmdbvs ip!, {r0, r1, r2, r3, r4, r6, r8, sp, lr} ^",1
svcpl 0x7361,1
"cmpmi pc, 0x4e00",1
invalid,1
"cmpmi pc, 84, 10            ; 0x54",1
"movtpl r4, 0xcc4f",1
"submi r5, sp, 0x40000011",1
"mcrrmi p15, 0, r5, lr, c0",1
"mcrmi p13, 2, r4, c15, c15, 2",1
"subpl r5, r1, 0x45000000",1
"mrcmi p15, 2, r5, c5, c9, 2",1
"cmpmi r6, pc, asr 30",1
svcpl 0x44494c,1
"stclmi p2, c5, [0x00014c94]",1
"mcrrmi p15, 0, r5, lr, c0",1
"mcrmi p13, 2, r4, c15, c15, 2",1
"subpl r5, r1, 0x45000000",1
"strbpl r5, [r4, -0xf59]",1
"cdpmi p15, 4, c5, c9, c15, 2",1
"subpl r5, r6, 84, 30",1
"ldrbmi r4, [pc], -0x341     ; [0x14dc8:4]=0x4e5f0053",1
"strbpl r4, [sb], -0x749",1
"mrcmi p0, 2, r0, c15, c3, 2",1
svcmi 0x435f4c,1
"strbpl r4, [r1], -0xc4c",1
"subpl r5, lr, 0x114",1
"movtpl r4, 0x5c55",1
"mcrrmi p15, 0, r5, lr, c0",1
"mcrrmi p4, 5, r5, r5, c15",1
svcmi 0x485045,1
"ldrbpl r4, [pc], -0x54e     ; [0x14df0:4]=0x465f4d4f",1
"ldrbmi r4, [pc], -0xc45     ; [0x14df4:4]=0x5f00544d",1
"ldrbmi r4, [pc], -pc, asr 26 ; [0x14df8:4]=0x544e495f",1
svcpl 0x544d,1
"strbpl r4, [lr], -0x95f",1
"cmpmi pc, 0x5f",1
"subspl r5, r0, 0x14c",1
"strbmi r4, [r5], -0x345",1
svcpl 0x5345,1
"ldmdbmi pc, {r1, r2, r3, r6, sl, fp, lr} ^",1
"strbpl r4, [lr], -0x544",1
"movtmi r4, 0x9649",1
svcmi 0x495441,1
"ldrbmi r5, [r2, -0xf4e]",1
"ldmdbmi r3, {r1, r2, r4, r6, r8, fp, lr} ^",1
svcpl 0x4e4f,1
"smlsldmi r4, r5, pc, lr",1
"strbpl r5, [sb], -r1, asr 8",1
"ldmdbmi r3, {r0, r2, r6, r8, sb, sl, fp, ip, lr} ^",1
svcpl 0x4e47,1
"cmpmi pc, lr, asr 24",1
"ldrbmi r4, [r2, -0x444]",1
"cmpmi pc, 0x4c000001",1
"strbpl r5, [lr], -0x54f",1
"cmpmi pc, r2, asr sb",1
svcpl 0x3242,1
"cmpmi pc, lr, asr 24",1
"ldrbmi r4, [r2, -0x444]",1
"cmpmi pc, 0x4c000001",1
"strbpl r5, [lr], -0x54f",1
"cmpmi pc, r2, asr sb",1
svcpl 0x3342,1
"strbpl r4, [lr], -0x95f",1
"cmppl pc, 0x5f0",1
svcpl 0x4e4749,1
"mrcmi p15, 2, r4, c3, c0, 2",1
"mcrrmi p15, 0, r5, lr, c0",1
"mcrrmi p3, 5, r4, pc, c15",1
"ldrbmi r4, [r4, -0x14c]",1
"ldclmi p3, c5, [sb, -0x17c]",1
"cmpmi r4, r2, asr 30",1
"stclmi p12, c4, [r5, -0x108]",1
svcpl 0x5f0042,1
svcpl 0x4e4f4d,1
"strbpl r5, [0x00014c59]",1
"smlsldmi r4, lr, r0, sb",1
"mcrrmi p15, 0, r5, lr, c0",1
"ldmdbpl r4, {r0, r1, r2, r3, r4, r6, r8, sb, lr} ^",1
"ldclmi p5, c4, [0x00014d70]",1
"strbpl r5, [r3, -0xf42]",1
"qdaddmi r5, r2, sp",1
"mrcmi p0, 2, r0, c15, c8, 2",1
"strbpl r5, [lr, -0xf4c]",1
"movtmi r5, 0xcf4d",1
"subpl r5, r1, pc, asr r0",1
svcpl 0x5245,1
"ldrbpl r4, [pc], -0xc4e     ; [0x14ed0:4]=0x4b454557",1
svcpl 0x454d49,1
blmi 0x1166434,1
"ldrbpl r3, [r3], -0x15f",1
blmi 0x116643c,1
"ldmdbmi pc, {r8, sb, sl, fp, ip, lr} ^",1
"cdpmi p4, 5, c5, c15, c14, 2",1
"subpl r5, r5, pc, asr r3",1
svcpl 0x59425f,1
"movtmi r5, 0x1053",1
"cdpmi p0, 5, c0, c15, c5, 2",1
svcmi 0x4d5f4c,1
"cmpmi r4, lr, asr 10",1
"ldrbmi r5, [pc], -0x952     ; [0x14f04:4]=0x505f544e",1
"ldmdbmi pc, {r0, r2, r4, r6, r8, sb, sl, fp, lr} ^",1
"subspl r5, pc, lr, asr 8",1
"subpl r5, r5, pc, asr r3",1
svcpl 0x59425f,1
"movtmi r5, 0x1053",1
"stclvs p0, c0, [pc], -0x114",1
"ldrbvs r5, [r2, -0xf64]!",1
"ldrbtvc r5, [r0], -0xf73",1
svcpl 0x5f0072,1
"movtmi r5, 0x1246",1
"smlsldmi r4, sb, pc, r4",1
"subseq r5, r3, sb, asr 8",1
svcpl 0x4c4e5f,1
"strbmi r5, [sp, -0x54e]",1
svcpl 0x434952,1
"strbmi r4, [r4, -0xf43]",1
"subseq r4, r4, r3, asr r5",1
invalid,1
"mcrrmi p15, 0, r5, lr, c0",1
"mcrrmi p3, 5, r4, pc, c15",1
"ldrbmi r4, [r4, -0x14c]",1
"ldclmi p3, c5, [sb, -0x17c]",1
invalid,1
"cmppl pc, 0x530000",1
"vstrmi s11, [r5, -0x124]",1
"cdpmi p0, 5, c0, c15, c2, 2",1
"strbpl r5, [r3], -0xf4c",1
svcpl 0x455059,1
"mcrmi p2, 2, r5, c1, c4, 2",1
"strbpl r4, [sb], -0xc53",1
svcmi 0x52465f,1
"subsmi r5, r4, 0x134",1
svcpl 0x5f004c,1
svcpl 0x544e49,1
"subspl r5, r2, 0x10c00000",1
"ldclmi p3, c5, [sb, -0x17c]",1
"subeq r4, ip, r2, asr 30",1
svcpl 0x4c4e5f,1
svcpl 0x4d4157,1
"subseq r5, r2, r3, asr r4",1
svcpl 0x4c4e5f,1
"strbmi r4, [sp, -0x954]",1
"stclmi p4, c5, [sb, -0x17c]",1
"vmlsmi.f32 s11, s30, s10",1
"cdpmi p0, 5, c0, c15, c5, 2",1
"strbmi r5, [sp, -0xf4c]",1
"smlsldmi r5, r1, r3, r3",1
"cmpmi pc, 0x14000001",1
"movtpl r4, 0x544f",1
svcpl 0x5445,1
"ldrbpl r4, [pc, -lr, asr 24] ; [0x14fd0:4]=0x49474944",1
svcpl 0x544c41,1
"stmdbmi r7, {r2, r6, r8, fp, lr} ^",1
svcpl 0x5354,1
"cmpmi pc, lr, asr 24",1
"ldrbmi r4, [r2, -0x444]",1
"cmpmi pc, 0x4c000001",1
"strbpl r5, [lr], -0x54f",1
"ldmdbmi pc, {r1, r4, r6, r8, fp, ip, lr} ^",1
"subeq r4, lr, r3, asr r2",1
svcpl 0x4c4e5f,1
"strbmi r4, [sp, -0x14e]",1
"stclmi p14, c4, [r1, -0x17c]",1
"stmdbmi sp, {r0, r2, r6, r8, sb, sl, fp, ip, lr} ^",1
svcpl 0x5353,1
"cmpmi r2, pc, asr r5",1
"qdaddmi r5, pc, r5",1
"mrcmi p0, 2, r0, c15, c2, 2",1
"ldclmi p15, c5, [r7, -0x130]",1
"cmplo pc, pc, asr 28",1
"mcrrmi p15, 0, r5, lr, c0",1
svcmi 0x4d575f,1
"eorseq r5, r2, lr, asr 30",1
svcpl 0x4c4e5f,1
"mcrmi p13, 2, r4, c15, c7, 2",1
svcpl 0x335f,1
"ldrbpl r4, [pc, -lr, asr 24] ; [0x15038:4]=0x5f5f0034",1
svcpl 0x4e4f4d,1
svcpl 0x5f0034,1
"ldmdbmi r3, {r4, r6, r8, sb, sl, fp, lr} ^",1
"ldrbmi r4, [r6, -0x954]",1
"smlsldmi r5, sb, pc, r3",1
"cdpmi p0, 5, c0, c15, c14, 2",1
"strbmi r5, [r1], -0xf4c",1
"movtpl r5, 0x5244",1
svcmi 0x435f53,1
"ldrbmi r4, [r3, -0x544]",1
"mrcmi p0, 2, r0, c15, c4, 2",1
"cmpmi r0, ip, asr 30",1
svcpl 0x524550,1
"strbmi r4, [r4, -0xf43]",1
"subseq r4, r4, r3, asr r5",1
"stmdbmi r4, {r1, r4, r6, r8, lr} ^",1
"qdaddmi r4, r8, r8",1
"mrcmi p0, 2, r0, c15, c2, 2",1
svcmi 0x4d5f4c,1
"cmpmi r4, lr, asr 10",1
"ldrbmi r5, [pc], -0x952     ; [0x1508c:4]=0x505f544e",1
"ldmdbmi pc, {r0, r2, r4, r6, r8, sb, sl, fp, lr} ^",1
"subspl r5, pc, lr, asr 8",1
"smlsldmi r5, sb, pc, r3",1
svcmi 0x505f4e,1
svcpl 0x4e53,1
"cmpmi pc, 0x4e00",1
invalid,1
"cmppl pc, 84, 10            ; 0x54",1
svcpl 0x424d59,1
"subspl r5, r4, 0x450000",1
"subeq r4, r2, r1, asr 26",1
"rsbvc r5, r6, pc, asr pc",1
"mcrrmi p15, 0, r5, lr, c0",1
"ldclmi p14, c4, [r5, -0x17c]",1
svcpl 0x434c5f,1
"movtpl r4, 0x154d",1
"stclmi p2, c5, [r5, -0x154]",1
"subseq r4, r4, r5, asr 28",1
svcpl 0x4c4e5f,1
"strbmi r4, [lr, -0xf4d]",1
"ldmdbpl r2, {r2, r4, r6, r8, lr} ^",1
svcmi 0x55445f,1
"subspl r4, r5, 0x7c000001",1
"movtmi r4, 0xe552",1
"ldmdbpl r3, {r0, r3, r4, r6, r8, sb, sl, fp, ip, lr} ^",1
"mcrrmi p2, 4, r4, pc, c13",1
"mcrrmi p15, 0, r5, lr, c0",1
"submi r5, r1, 0x17c0000",1
svcpl 0x594144,1
"mrcmi p0, 2, r0, c15, c1, 1",1
"cmpmi r7, ip, asr 30",1
"stmdbpl r1, {r1, r6, sl, lr} ^",1
svcpl 0x335f,1
"ldrbpl r4, [pc, -lr, asr 24] ; [0x15114:4]=0x345f59",1
invalid,1
"eorseq r5, r4, sb, asr pc",1
svcpl 0x4c4e5f,1
"strbmi r4, [r2], -0x157",1
"ldrblo r5, [0x000147e7]     ; [0x147e7:4]=0x5f4c414d",1
"mcrrmi p15, 0, r5, lr, c0",1
"submi r5, r1, 0x17c0000",1
svcpl 0x594144,1
"mrcmi p0, 2, r0, c15, c6, 1",1
"cmpmi r7, ip, asr 30",1
"stmdbpl r1, {r1, r6, sl, lr} ^",1
svcpl 0x375f,1
"cmpmi pc, 0x4e00",1
"ldrbmi r5, [r0, -0x954]",1
"ldrbpl r4, [r5], -0xf5f",1
"stmdbmi r7, {r2, r6, r8, fp, lr} ^",1
invalid,1
"stmdbvs r4!, {r0, r1, r6} ^",1
"strbvs r5, [ip, -0xf72]!",1
"cdpmi p0, 5, c0, c15, c14, 3",1
"strbpl r5, [r3], -0xf4c",1
svcpl 0x455059,1
"ldrbmi r5, [r4], -0x54f",1
"strbpl r4, [sb], -0x749",1
"cmpmi r7, 50, 30            ; 0x32",1
"mcrrmi p15, 0, r5, lr, c0",1
"ldmdbpl r4, {r0, r1, r2, r3, r4, r6, r8, sb, lr} ^",1
"ldclmi p5, c4, [0x00015044]",1
"cdpmi p0, 5, c5, c15, c1, 2",1
"movtpl r4, 0x5d41",1
"mcrrmi p15, 0, r5, lr, c0",1
"ldmdbpl r4, {r0, r1, r2, r3, r4, r6, r8, sb, lr} ^",1
"ldmdbmi pc, {r4, r6, r8, sl, lr} ^",1
"strbmi r4, [sb, -lr, asr 8]",1
svcpl 0x535449,1
"mrrcmi p3, 5, r4, pc, c7",1
svcpl 0x4e45,1
"cdpmi p12, 5, c4, c15, c14, 2",1
"subpl r4, r5, 0x1540",1
"ldrbpl r4, [pc], -0x349     ; [0x151b4:4]=0x53444e41",1
"cmppl r5, 72, 30            ; 0x48",1
"movtpl r4, 0x4e41",1
"subpl r5, r5, pc, asr r3",1
"subeq r5, r3, pc, asr r7",1
svcpl 0x4c4e5f,1
"subspl r5, sb, r3, asr 8",1
"strbpl r5, [0x0001428b]",1
"smlsldmi r4, sb, r4, r4",1
svcpl 0x345449,1
svcpl 0x4357,1
"ldmdbmi pc, {r1, r2, r3, r6, sl, fp, lr} ^",1
"strbpl r4, [lr], -0x544",1
"movtmi r4, 0x9649",1
svcmi 0x495441,1
"strbpl r5, [r1, -0xf4e]",1
"cdpmi p9, 4, c4, c5, c4, 2",1
svcpl 0x4543,1
"movtpl r5, 0x595f",1
"subseq r5, r2, r3, asr r4",1
svcpl 0x4c4e5f,1
"subspl r5, sb, r3, asr 8",1
"strbpl r5, [0x000142c7]",1
"smlsldmi r4, sb, r4, r4",1
svcpl 0x365449,1
svcpl 0x4357,1
"cmpmi pc, 0x4e00",1
invalid,1
"cmpmi pc, 84, 10            ; 0x54",1
"movtpl r4, 0x544f",1
svcpl 0x5445,1
"cmpmi pc, 0x4e00",1
"ldrbmi r5, [r0, -0x954]",1
"cmpmi r2, pc, asr r4",1
"stmdbmi ip, {r1, r2, r3, r6, r8, sb, ip, lr} ^",1
"smlsldmi r5, sb, r4, pc",1
"ldrbmi r4, [r2, -0xf4e]",1
"ldrbmi r5, [pc], -0xf00     ; [0x15248:4]=0x505f4c41",1
"stclmi p3, c4, [sb, -0x114]",1
"subspl r4, pc, r1, asr 24",1
"strbpl r4, [lr], -0x94f",1
"mcrrmi p15, 0, r5, lr, c0",1
"strbmi r4, [r4, -0x95f]",1
"strbmi r5, [sb], -lr, asr 8",1
"strbpl r4, [r1], -0x349",1
svcpl 0x4e4f49,1
"mrrcmi p9, 5, r4, r4, c4",1
"cdpmi p0, 5, c0, c15, c5, 2",1
"strbpl r5, [r3], -0xf4c",1
svcpl 0x455059,1
"ldrbmi r5, [r4], -0x54f",1
"strbpl r4, [sb], -0x749",1
"cmpmi r7, 56, 30            ; 0x38",1
"mcrrmi p15, 0, r5, lr, c0",1
"ldmdbpl r4, {r0, r1, r2, r3, r4, r6, r8, sb, lr} ^",1
"ldmdbmi pc, {r4, r6, r8, sl, lr} ^",1
"strbmi r4, [sb, -lr, asr 8]",1
"ldrblo r5, [r3], -sb, asr 8",1
"subeq r4, r2, pc, asr sp",1
svcpl 0x4c4e5f,1
"subspl r5, sb, r3, asr 8",1
"cdpmi p15, 4, c5, c9, c5, 2",1
"stmdbmi r7, {r2, r6, r8, fp, lr} ^",1
"ldclmi p3, c5, [0x00015160]",1
"strbmi r5, [ip, -0xf42]",1
"cdpmi p0, 5, c0, c15, c14, 2",1
"ldrbmi r5, [r4, -0xf4c]",1
"ldmdami r0, {r2, r3, r6, r8, sl, lr} ^",1
svcpl 0x454e4f,1
svcpl 0x544e49,1
invalid,1
svcpl 0x5849,1
"ldclmi p12, c4, [0x0001519c]",1
"strbpl r4, [r5], -0xe4f",1
svcpl 0x595241,1
"strbpl r4, [0x00014a8c]",1
"strbmi r4, [lr], -0x153",1
"ldrbmi r5, [r3, -0xf53]",1
"cmpmi r7, 80, 30            ; 0x50",1
"mcrrmi p15, 0, r5, lr, c0",1
"submi r5, r1, 0x17c0000",1
svcpl 0x4e4f4d,1
svcpl 0x3031,1
"ldrbpl r4, [pc, -lr, asr 24] ; [0x15300:4]=0x31315f4e",1
svcmi 0x4d4241,1
"teqlo r1, lr, asr 30",1
"mcrrmi p15, 0, r5, lr, c0",1
"submi r5, r1, 0x17c0000",1
svcpl 0x4e4f4d,1
svcpl 0x3231,1
"cmpmi pc, 0x4e00",1
"ldrbmi r5, [r0, -0x954]",1
"qdaddmi r4, pc, ip",1
"eorslo r5, r3, 0x4c000001",1
"mcrrmi p15, 0, r5, lr, c0",1
"strbmi r4, [r4], -0x15f",1
"cmppl r3, 0x14800000",1
"movtpl r5, 0xf05f",1
svcpl 0x4c4154,1
"subseq r4, r4, r6, asr 26",1
svcpl 0x4c4e5f,1
"cdpmi p4, 4, c4, c5, c9, 2",1
"stmdbmi r6, {r2, r4, r6, r8, fp, lr} ^",1
"ldmdbmi r4, {r0, r1, r6, r8, lr} ^",1
"cmpmi pc, 0x4f0",1
"cmpmi r4, pc, asr 28",1
svcpl 0x5443,1
"ldclmi p12, c4, [0x00015228]",1
"strbpl r4, [r5], -0xe4f",1
svcpl 0x595241,1
svcpl 0x4f5544,1
"ldrbmi r5, [r3, -0xf4e]",1
"stmdbpl r2, {r4, r6, r8, sb, sl, fp, ip, lr} ^",1
"cmpmi r0, pc, asr r3",1
svcpl 0x4543,1
"ldclmi p12, c4, [0x00015248]",1
"strbpl r4, [r5], -0xe4f",1
svcpl 0x595241,1
svcpl 0x4f5544,1
"ldmdbmi r3, {r1, r2, r3, r6, r8, sb, sl, fp, ip, lr} ^",1
"subspl r4, pc, r7, asr 28",1
"subeq r5, lr, pc, asr 6",1
svcpl 0x4c4e5f,1
"subspl r5, sb, r3, asr 8",1
"ldmdbmi r7, {r0, r2, r6, r8, sb, sl, fp, ip, lr} ^",1
"subeq r5, r8, r4, asr 8",1
"mcrmi p15, 2, r5, c9, c15, 2",1
svcpl 0x505f54,1
"mcrmi p9, 2, r4, c7, c3, 2",1
"movtpl r5, 0xf05f",1
"cdpmi p0, 5, c0, c15, c14, 2",1
"strbpl r5, [lr, -0xf4c]",1
"movtmi r5, 0xcf4d",1
"ldclmi p14, c4, [r5, -0x17c]",1
"movtmi r5, 0x9245",1
"mcrrmi p15, 0, r5, lr, c0",1
"ldmdbpl r4, {r0, r1, r2, r3, r4, r6, r8, sb, lr} ^",1
"ldrbpl r4, [pc], -0x550     ; [0x153d8:4]=0x5f005245",1
"strbpl r4, [pc, -pc, asr 24]",1
svcpl 0x5245,1
"subspl r4, r5, 0x7c000001",1
"movtmi r4, 0xe552",1
"ldmdbpl r3, {r0, r3, r4, r6, r8, sb, sl, fp, ip, lr} ^",1
"mcrrmi p2, 4, r4, pc, c13",1
"mcrrmi p15, 0, r5, lr, c0",1
"mcrrmi p4, 5, r5, r5, c15",1
svcmi 0x485045,1
"cmpmi pc, 0x13800000",1
"movtpl r4, 0x544f",1
svcpl 0x5445,1
"cmpmi pc, 0x4e00",1
"ldrbmi r5, [r0, -0x954]",1
"strbmi r4, [lr], -0x95f",1
"strbpl r4, [sb], -0x749",1
invalid,1
svcpl 0x5f0043,1
svcpl 0x544e49,1
"movtpl r5, 0x3f4e",1
"ldrbmi r5, [r2, -0x5f]",1
"strbmi r4, [r4, -0x543]",1
"mrcmi p0, 2, r0, c15, c3, 2",1
"strbpl r5, [r3], -0xf4c",1
svcpl 0x455059,1
"stmdbmi r4, {r0, r3, r6, sb, sl, fp, lr} ^",1
"cmppl r4, 0x11c000",1
"cmpmi r7, 51, 30            ; 0x33",1
"mcrrmi p15, 0, r5, lr, c0",1
"strbmi r4, [r4], -0x15f",1
"cmppl r3, 0x14800000",1
"strbpl r4, [0x000150f9]",1
"ldmdbpl r2, {r1, r2, r3, r6, sl, ip, lr} ^",1
"ldclmi p14, c4, [r5, -0x17c]",1
"mcrrmi p15, 0, r5, lr, c0",1
"ldmdbpl r4, {r0, r1, r2, r3, r4, r6, r8, sb, lr} ^",1
"ldmdbmi pc, {r4, r6, r8, sl, lr} ^",1
"strbmi r4, [sb, -lr, asr 8]",1
"ldrblo r5, [r3, -0x449]",1
"subeq r5, r3, pc, asr r7",1
"ldrbmi r5, [sb, -0xf5f]",1
"subspl r4, r8, r3, asr r5",1
"strbvs r0, [r7, -0x52]!",1
"ldrbvc r6, [0x00015114]     ; [0x15114:4]=0x345f59",1
invalid,1
"rsbeq r6, r4, fp, ror 10",1
svcpl 0x4c4e5f,1
"subspl r5, sb, r3, asr 8",1
"cdpmi p15, 4, c5, c9, c5, 2",1
"stmdbmi r7, {r2, r6, r8, fp, lr} ^",1
svcpl 0x375354,1
svcpl 0x4357,1
"ldrbpl r4, [pc, -lr, asr 24] ; [0x154ac:4]=0x5f545f44",1
svcpl 0x415245,1
svcpl 0x545f44,1
"subseq r4, r4, r6, asr 26",1
svcpl 0x4c4e5f,1
"subspl r5, sb, r3, asr 8",1
"cdpmi p15, 4, c5, c9, c5, 2",1
"stmdbmi r7, {r2, r6, r8, fp, lr} ^",1
svcpl 0x395354,1
"movwvs r4, 0x357",1
invalid,1
svcpl 0x7465,1
"cmpmi pc, 0x4e00",1
"ldrbmi r5, [r0, -0x954]",1
"mcrrmi p4, 5, r5, pc, c15",1
"subpl r5, r5, 0x13c0000",1
svcpl 0x3233,1
"cmpmi pc, 0x4e00",1
invalid,1
"cmpmi pc, 84, 10            ; 0x54",1
"movtpl r4, 0xcc4f",1
"cmpmi r7, 0x40000011",1
"mcrrmi p15, 0, r5, lr, c0",1
"ldmdbpl r4, {r0, r1, r2, r3, r4, r6, r8, sb, lr} ^",1
"ldrbmi r4, [0x00014fbc]     ; [0x14fbc:4]=0x435f5345",1
"cmpmi r2, r8, asr r4",1
"subpl r4, r1, pc, asr sp",1
svcpl 0x315f,1
"cmpmi pc, 0x4e00",1
"ldrbmi r5, [r0, -0x954]",1
"ldrbpl r4, [r8], -0x55f",1
"ldclmi p1, c4, [0x000153e0]",1
"subslo r5, pc, 0x41",1
"mcrrmi p15, 0, r5, lr, c0",1
"ldmdbpl r4, {r0, r1, r2, r3, r4, r6, r8, sb, lr} ^",1
"ldrbmi r4, [0x00014fe8]     ; [0x14fe8:4]=0x495f5952",1
"cmpmi r2, r8, asr r4",1
"subpl r4, r1, pc, asr sp",1
svcpl 0x335f,1
"cmpmi pc, 0x4e00",1
"ldrbmi r5, [r0, -0x954]",1
"ldrbpl r4, [r8], -0x55f",1
"ldclmi p1, c4, [0x0001540c]",1
"ldrblo r5, [pc], -0x41      ; [0x15558:4]=0x5954435f",1
"mcrrmi p15, 0, r5, lr, c0",1
"ldmdbpl r4, {r0, r1, r2, r3, r4, r6, r8, sb, lr} ^",1
"ldrbmi r4, [0x00015014]     ; [0x15014:4]=0x315f4e4f",1
"cmpmi r2, r8, asr r4",1
"subpl r4, r1, pc, asr sp",1
svcpl 0x355f,1
"cmpmi pc, 0x4e00",1
"ldrbmi r5, [r0, -0x954]",1
"ldrbpl r4, [r8], -0x55f",1
"ldclmi p1, c4, [0x00015438]",1
"ldrblo r5, [pc], -r1, asr 32 ; [0x15584:4]=0x5954435f",1
"mcrrmi p15, 0, r5, lr, c0",1
"ldmdbpl r4, {r0, r1, r2, r3, r4, r6, r8, sb, lr} ^",1
"ldrbmi r4, [0x00015040]     ; [0x15040:4]=0x45564954",1
"cmpmi r2, r8, asr r4",1
"subpl r4, r1, pc, asr sp",1
svcpl 0x375f,1
"cmpmi pc, 0x4e00",1
"ldrbmi r5, [r0, -0x954]",1
"ldrbpl r4, [r8], -0x55f",1
"ldclmi p1, c4, [0x00015464]",1
"ldmdalo pc, {r0, r6, ip, lr} ^",1
"mcrrmi p15, 0, r5, lr, c0",1
"ldmdbpl r4, {r0, r1, r2, r3, r4, r6, r8, sb, lr} ^",1
"ldrbmi r4, [0x0001506c]     ; [0x1506c:4]=0x544553",1
"cmpmi r2, r8, asr r4",1
"subpl r4, r1, pc, asr sp",1
svcpl 0x395f,1
"cmpmi pc, 0x4e00",1
"ldrbmi r5, [r0, -0x954]",1
"ldrbpl r4, [r5], -0xf5f",1
"stmdbmi r7, {r2, r6, r8, fp, lr} ^",1
"ldclmi p1, c3, [0x0001548c]",1
"cdpmi p0, 5, c0, c15, c2, 2",1
"ldrbmi r5, [r7, -0xf4c]",1
"ldrbmi r4, [pc], -0x152     ; [0x155e8:4]=0x4c4e5f00",1
"strbpl r4, [sp], -0x65f",1
"mcrrmi p15, 0, r5, lr, c0",1
"ldmdbpl r4, {r0, r1, r2, r3, r4, r6, r8, sb, lr} ^",1
svcmi 0x5f4550,1
"stmdbmi r4, {r0, r2, r4, r6, sl, ip, lr} ^",1
"cmplo r4, 0x11c000",1
"subeq r4, r2, pc, asr sp",1
svcpl 0x4c4e5f,1
"subpl r4, r4, 0x41000000",1
svcpl 0x535345,1
"cdpmi p15, 5, c4, c5, c3, 2",1
svcpl 0x595254,1
"strbmi r4, [sp, -0x14e]",1
"subspl r5, pc, r0, lsl 30",1
"subpl r5, r5, pc, asr r3",1
svcpl 0x59425f,1
"movtmi r5, 0x1053",1
"cdpmi p0, 5, c0, c15, c5, 2",1
"strbpl r5, [r3], -0xf4c",1
svcpl 0x455059,1
"ldrbmi r5, [r4], -0x54f",1
"strbpl r4, [sb], -0x749",1
"submi r5, sp, 53, 30",1
"mcrrmi p15, 0, r5, lr, c0",1
"ldmdbpl r4, {r0, r1, r2, r3, r4, r6, r8, sb, lr} ^",1
svcmi 0x5f4550,1
"stmdbmi r4, {r0, r2, r4, r6, sl, ip, lr} ^",1
"ldrblo r4, [r4, -r7, asr 18]",1
"subeq r4, r2, pc, asr sp",1
svcpl 0x4e5f5f,1
"subspl r5, pc, r3, asr 6",1
"strbmi r4, [r3, -0x552]",1
"subseq r4, r3, r4, asr 10",1
svcpl 0x4c4e5f,1
"strbmi r4, [lr, -0xf4d]",1
"ldmdbpl r2, {r2, r4, r6, r8, lr} ^",1
svcmi 0x55445f,1
"cmpmi r2, pc, asr r6",1
"stmdbmi r4, {r0, r1, r6, r8, sb, sl, fp, ip, lr} ^",1
"cmppl r4, 0x11c000",1
"mcrrmi p15, 0, r5, lr, c0",1
"ldmdbpl r4, {r0, r1, r2, r3, r4, r6, r8, sb, lr} ^",1
svcmi 0x5f4550,1
"stmdbmi r4, {r0, r2, r4, r6, sl, ip, lr} ^",1
"ldmdblo r4, {r0, r1, r2, r6, r8, fp, lr} ^",1
"subeq r4, r2, pc, asr sp",1
svcpl 0x4c4e5f,1
"subspl r5, sb, r3, asr 8",1
"mcrrmi p15, 4, r5, r3, c5",1
svcpl 0x535341,1
"movtpl r4, 0x664f",1
svcpl 0x5445,1
"ldmdbvs r5!, {r0, r1, r2, r3, r4, r6, sb, sp, lr} ^",1
"cdpvs p4, 6, c7, c9, c12, 3",1
"rsbsvc r7, r4, 0x7c000001",1
"rsbseq r7, sb, r3, rrx",1
svcpl 0x4c4e5f,1
"subpl r4, r4, 0x41000000",1
svcpl 0x535345,1
"cdpmi p15, 5, c4, c5, c3, 2",1
svcpl 0x595254,1
"ldrbpl r4, [r3], -0xf50",1
"mcrrmi p15, 0, r5, lr, c0",1
"strbmi r4, [r4], -0x15f",1
"cmppl r3, 0x14800000",1
"strbpl r4, [0x00015391]",1
"ldmdbpl r2, {r1, r2, r3, r6, sl, ip, lr} ^",1
"subpl r4, r1, 0x7c000001",1
"mcrrmi p15, 0, r5, lr, c0",1
"strbmi r4, [r4, -0x95f]",1
"strbmi r5, [sb], -lr, asr 8",1
"strbpl r4, [r1], -0x349",1
svcpl 0x4e4f49,1
"subspl r4, r2, 84, 10",1
"subpl r5, pc, 0x49000000",1
"mrcmi p0, 2, r0, c15, c9, 2",1
"strbmi r5, [sb], -0xf4c",1
"ldmdbmi r4, {r0, r2, r6, sb, sl, fp, lr} ^",1
invalid,1
"mcrmi p9, 2, r4, c15, c4, 2",1
"submi r4, r2, 0xc0000017",1
"ldmdbmi r6, {r1, r4, r6, r8, sl, lr} ^",1
svcmi 0x495441,1
"cdpmi p0, 5, c0, c15, c14, 2",1
svcmi 0x4d5f4c,1
"cmpmi r4, lr, asr 10",1
"ldrbpl r5, [0x00014df2]     ; [0x14df2:4]=0x544d465f",1
"ldrbpl r4, [pc], -lr, asr 30 ; [0x15748:4]=0x4f545f",1
"strbmi r4, [sb], -0xc41",1
"subeq r5, pc, pc, asr r4",1
svcpl 0x4c4e5f,1
"movtpl r4, 0x154d",1
"stclmi p2, c5, [r5, -0x154]",1
svcpl 0x544e45,1
"movtpl r4, 0x154d",1
"stclmi p2, c5, [r5, -0x154]",1
"subseq r4, r4, r5, asr 28",1
svcpl 0x4c4e5f,1
"mcrrmi p15, 4, r4, ip, c3",1
svcpl 0x455441,1
"mcrrmi p1, 5, r4, r2, c4",1
"subeq r4, r2, r5, asr 26",1
svcpl 0x4c4e5f,1
"usaxmi r4, pc, r7",1
invalid,1
"cmpvc pc, 100, 8            ; 0x64",1
"ldmdavs r3!, {r2, r3, r5, r6, r8, sp, lr} ^",1
"strbvs r7, [lr, -r0, lsl 10]!",1
"rsbeq r7, r3, r5, ror 8",1
svcpl 0x4c4e5f,1
"subspl r5, sb, r3, asr 8",1
"cdpmi p15, 4, c5, c9, c5, 2",1
"stmdbmi r7, {r2, r6, r8, fp, lr} ^",1
svcpl 0x305354,1
svcpl 0x424d,1
"strbpl r4, [lr], -0x95f",1
"cmpmi r2, pc, asr r6",1
"stmdbmi r4, {r0, r1, r6, r8, sb, sl, fp, ip, lr} ^",1
"cmppl r4, 0x11c000",1
"mcrrmi p15, 0, r5, lr, c0",1
"mcrmi p13, 2, r4, c15, c15, 2",1
"subpl r5, r1, 0x45000000",1
"strbpl r5, [r4, -0xf59]",1
"cmpmi r6, pc, asr 30",1
svcpl 0x44494c,1
svcpl 0x4f54,1
"cmpmi pc, 0x4e00",1
"ldrbmi r5, [r0, -0x954]",1
"strbmi r4, [lr], -0x95f",1
"strbpl r4, [sb], -0x749",1
"ldclmi p4, c3, [0x000156a8]",1
"cdpmi p0, 5, c0, c15, c2, 2",1
"strbpl r5, [r3], -0xf4c",1
svcpl 0x455059,1
"stmdbmi r4, {r0, r3, r6, sb, sl, fp, lr} ^",1
"cmppl r4, 0x11c000",1
"submi r5, sp, 56, 30",1
svcvs 0x5f5f00,1
"strbvs r6, [r1, -r6, ror 24]!",1
"mcrrmi p15, 0, r5, lr, c0",1
svcpl 0x54575f,1
svcpl 0x544d46,1
"ldclmi p13, c4, [r0, -0x104]",1
"mcrrmi p15, 0, r5, lr, c0",1
"strbmi r4, [r4, -0x95f]",1
"strbmi r5, [sb], -lr, asr 8",1
"strbpl r4, [r1], -0x349",1
svcpl 0x4e4f49,1
"subspl r4, r5, 0x14c",1
svcpl 0x4543,1
"cmpmi pc, lr, asr 24",1
"ldrbmi r4, [r2, -0x444]",1
"mrrcmi p3, 5, r5, pc, c3",1
svcpl 0x474e41,1
"strbmi r4, [sp, -0x14e]",1
"mcrrmi p15, 0, r5, lr, c0",1
"ldclmi p14, c4, [r5, -0x17c]",1
svcpl 0x434c5f,1
"subpl r4, r4, 0x41000000",1
"subseq r5, r3, r5, asr 6",1
svcpl 0x4c4e5f,1
"subpl r4, r4, 0x41000000",1
svcpl 0x535345,1
"strbmi r4, [lr, -ip, asr 2]",1
"subpl r5, r5, 0x5f000000",1
"cdpmi p0, 5, c0, c15, c13, 2",1
"strbmi r5, [r1], -0xf4c",1
"movtpl r5, 0x5244",1
"qdaddmi r5, r3, ip",1
"cmpmi pc, lr, asr 14",1
"cdpmi p0, 5, c0, c15, c2, 2",1
svcmi 0x4d5f4c,1
"cmpmi r4, lr, asr 10",1
"ldrbmi r5, [pc], -0x952     ; [0x158a0:4]=0x4e5f544e",1
"ldmdbmi pc, {r0, r2, r4, r6, r8, sb, sl, fp, lr} ^",1
"cdpmi p4, 5, c5, c15, c14, 2",1
"subpl r5, r5, pc, asr r3",1
svcpl 0x59425f,1
"movtmi r5, 0x1053",1
"cdpmi p0, 5, c0, c15, c5, 2",1
"strbmi r5, [sb], -0xf4c",1
"ldmdbmi r4, {r0, r2, r6, sb, sl, fp, lr} ^",1
invalid,1
"mcrmi p9, 2, r4, c15, c4, 2",1
"strbpl r4, [r1], -0x45f",1
"cdpmi p0, 5, c0, c15, c5, 2",1
"ldmdbmi r4, {r2, r3, r6, r8, sb, sl, fp, ip, lr} ^",1
"ldrbpl r4, [pc, -sp, asr 10] ; [0x158d8:4]=0x5941444e",1
svcpl 0x4b4545,1
"stmdbpl r1, {r1, r2, r3, r6, sl, lr} ^",1
"rsbvc r0, pc, r3, asr r0",1
"ldrtlo r6, [r6], -0xe65",1
"ldclmi p15, c5, [0x000158ec]",1
"ldrbpl r4, [pc], -0xe4f     ; [0x158f0:4]=0x53444e41",1
"cmppl r5, 72, 30            ; 0x48",1
"movtpl r4, 0x4e41",1
"subpl r5, r5, pc, asr r3",1
"mcrrmi p15, 0, r5, lr, c0",1
"mcrmi p13, 2, r4, c15, c15, 2",1
"subpl r5, r1, 0x45000000",1
"strbpl r5, [r4, -0xf59]",1
svcpl 0x505f4f,1
"mcrmi p9, 2, r4, c7, c3, 2",1
"movtpl r5, 0xf05f",1
"cdpmi p0, 5, c0, c15, c14, 2",1
svcmi 0x4d5f4c,1
"cmpmi r4, lr, asr 10",1
"ldrbmi r5, [pc], -0x952     ; [0x15928:4]=0x5045535f",1
"subspl r4, pc, r5, asr pc",1
"subpl r5, r5, pc, asr r3",1
svcpl 0x59425f,1
"movtmi r5, 0x1053",1
"cdpmi p0, 5, c0, c15, c5, 2",1
invalid,1
"cdpmi p5, 5, c4, c15, c13, 2",1
svcpl 0x454d41,1
"subseq r5, r3, sp, asr 4",1
svcpl 0x4c4e5f,1
"mcrrmi p15, 4, r4, ip, c3",1
svcpl 0x455441,1
"subspl r5, r4, 0x450000",1
"subeq r4, r2, r1, asr 26",1
svcpl 0x4c4e5f,1
"subspl r5, sb, r3, asr 8",1
invalid,1
svcmi 0x545f50,1
"mcrmi p14, 2, r4, c15, c15, 2",1
"stmdbmi r3, {r0, r6, r8, sb, ip, lr} ^",1
"cdpmi p0, 5, c0, c15, c9, 2",1
"ldrbmi r5, [r4, -0xf4c]",1
"ldmdami r0, {r2, r3, r6, r8, sl, lr} ^",1
svcpl 0x454e4f,1
svcpl 0x544e49,1
"strbmi r4, [ip, -0x553]",1
svcpl 0x5443,1
"cdpmi p12, 5, c4, c15, c14, 2",1
"mrrcmi p13, 5, r4, pc, c5",1
svcmi 0x4d5f43,1
"cmpmi r4, lr, asr 10",1
svcpl 0x5952,1
"cmpmi pc, 0x5f",1
"subspl r5, r0, 0x14c",1
"strbmi r4, [r5], -0x345",1
svcpl 0x5345,1
"movtpl r4, 0xfe5f",1
svcpl 0x5254,1
"subspl r4, pc, lr, asr 24",1
"subpl r5, r5, 0x41",1
"stmdbmi r5, {r0, r1, r2, r3, r4, r6, fp, lr} ^",1
"subseq r4, r4, r7, asr 16",1
svcpl 0x4c4e5f,1
"cdpmi p4, 4, c4, c5, c9, 2",1
"stmdbmi r6, {r2, r4, r6, r8, fp, lr} ^",1
"ldmdbmi r4, {r0, r1, r6, r8, lr} ^",1
"mrrcmi p14, 4, r4, pc, c15",1
"strbpl r4, [r7, -0xe41]",1
"subeq r4, r5, r1, asr 14",1
"subpl r5, r7, 0x17c",1
"ldmdbmi r0, {r0, r1, r2, r3, r6, r8, sl, ip, lr} ^",1
svcpl 0x474e,1
"cdpmi p12, 5, c4, c15, c14, 2",1
"andvc r4, r0, 0x1540",1
"ldclvs p3, c7, [r5], -0x194",1
svcpl 0x5f0074,1
invalid,1
"strbvs r6, [lr, -r4, ror 18]!",1
"ldclvs p2, c7, [r0], -0",1
"stclvs p6, c6, [r6], -0x17c",1
"rsbeq r7, r8, r5, ror r3",1
"strbvs r7, [r5, -0x36c]!",1
"stmdbvs ip!, {r0, r1, r3, r5, r6} ^",1
invalid,1
"ldrbvs r6, [r3, -0xf6c]!",1
invalid,1
blvs 0x196f000,1
"movwvc r3, 0x436",1
"strbtvs r7, [r5], -0x661",1
"rsbsvc r6, r2, 0x17c00000",1
invalid,1
"strtvs r6, [pc], -sb, ror 4",1
"cmnvc r5, 0x6600",1
"rsbeq r2, r3, r8, ror 28",1
invalid,1
"mrcvs p15, 3, r5, c5, c2, 3",1
"cmnvs r4, 0x19c00000",1
"uhsaxvs r6, r5, pc",1
svcpl 0x726566,1
invalid,1
"ldmdbvs r6!, {r0, r2, r5, r6, sb, ip, sp, lr} ^",1
"subsvc r6, pc, lr, ror 14",1
"strbtvc r7, [sb], -0x36f",1
"rsbeq r6, lr, sb, ror 30",1
svcpl 0x6c7072,1
"strbvs r7, [r5, -0x366]!",1
invalid,1
"strtvs r6, [pc], -sb, ror 4",1
blvs 0x196f058,1
"rsbeq r2, r3, pc, ror 28",1
"mcrvs p8, 3, r6, c5, c7, 3",1
"strvs r6, [r0], -r3, ror 10",1
blvs 0x196f068,1
"eorseq r3, r4, pc, ror 12",1
"rsbsvc r6, r6, r5, ror 28",1
"mrrcvs p15, 0, r5, pc, c0",1
svcpl 0x636269,1
svcpl 0x757363,1
"strbtvc r6, [sb], -0xe69",1
"strbtvs r6, [ip], -r0, lsl 10",1
"stmdbvs lr!, {r0, r2, r3, r5, r8, fp, sp, lr} ^",1
"rsbeq r2, r3, r4, ror lr",1
"mcrvs p15, 3, r5, c9, c15, 2",1
"cmpvs pc, sb, ror 8",1
"stmdbvc r1!, {r1, r4, r5, r6, sb, ip, sp, lr} ^",1
"cmnvs r4, pc, asr r3",1
svcpl 0x7472,1
"stmdbvs lr!, {r0, r1, r2, r3, r4, r6, r8, fp, sp, lr} ^",1
"rsbvc r5, r1, 116, 30",1
svcpl 0x796172,1
"rsbeq r6, r4, r5, ror 28",1
"stmdbvs ip!, {r0, r1, r2, r3, r4, r6, r8, sb, sl, fp, ip, lr} ^",1
"cmpvs pc, 0x88000001",1
"usub16vs r7, pc, r3",1
"rsbeq r6, sb, sb, ror 28",1
"stmdavc r3!, {r0, r1, r2, r3, r4, r6, r8, sb, sl, fp, ip, lr} ^",1
"strbtvc r5, [r1], -0xf61",1
"strbtvc r7, [sb], -0x865",1
"ldrbvs r5, [pc], -0xf00     ; [0x15b04:4]=0x6c646e61",1
"ldmdavs pc, {r0, r1, r4, r5, r6, r8, sb, sl, fp, sp, lr} ^",1
"stclvs p14, c6, [r4], -0x184",1
"stmdavs pc!, {r0, r2, r5, r6}",1
svchs 0x656d6f,1
"rsbsvc r6, r5, 0xa0000006",1
svchs 0x74656b,1
"strbtvc r6, [r3], -0xf79",1
"strbvc r2, [r2, -0xf6f]!",1
svchs 0x646c69,1
svchs 0x706d74,1
blvs 0x1cb190c,1
"ldclvs p1, c6, [r2, -0xbc]!",1
"stclhs p7, c3, [r1, -0x1d8]!",1
"ldclhs p6, c6, [r0, -0x1d8]!",1
"cdpvs p5, 6, c6, c15, c14, 3",1
blvs 0x1bf1bf8,1
"stmdbvs ip!, {r0, r3, r4, r5, r6, r8, sl, fp, sp} ^",1
"ldclhs p5, c7, [r8, -0x1b8]!",1
"ldrbvs r6, [r5, -0xe67]!",1
svchs 0x696261,1
"stmdbvs ip!, {r0, r2, r5, r6, r8, sb, sl, sp, lr} ^",1
"eorlo r6, pc, 0x88000001",1
"ldchs p1, c3, [r7, -0xb8]!",1
"strvs r3, [0x000157f2]!",1
"rsbvs r6, sb, 0x6700",1
"cdphs p13, 3, c2, c2, c3, 3",1
"stcvs p7, c3, [pc], -0xc4",1
svchs 0x636269,1
"stclvs p4, c7, [r4], -0x1cc",1
invalid,1
"ldmdbvs r8!, {r2, r4, r5, r6, r8, sl, sp, lr} ^",1
"rsbeq r2, r3, r4, ror lr",1
invalid,1
"addseq fp, r4, r0, lsl 8",1
"addseq fp, r4, r0, lsl 16",1
"stcvc p2, c0, [r0, -0]",1
"addseq fp, r4, r0, lsl 16",1
"addseq r2, r5, r0, lsl 24",1
"stcvc p2, c0, [r0, -0]",1
"andeq r0, r0, r0, lsl r0",1
"andeq r0, r0, r0",1
"addseq fp, r4, r0, lsl 8",1
"addseq ip, r4, r0, lsl 8",1
"andpl r0, r0, r0, lsl 2",1
"andeq sb, r0, r4, asr 9",1
"andeq sb, r0, r7, asr 9",1
"ldrbgt r0, [r1, -r1]",1
invalid,1
"swpeq r0, r4, [r0]",1
"ldrbtls r5, [r0], 0x400",1
"ldrls r0, [ip, -0]",1
"andeq r0, r4, r0",1
svcls 0x5001f3,1
"andeq sb, r0, ip, lsl r5",1
"andeq sb, r0, r0, lsr 10",1
"subshs r0, r4, r1",1
"strhs r0, [r0], -0x95",1
"streq r0, [r0], -0x95",1
"andpl pc, r1, r0, lsl 6",1
"umullseq r2, r5, pc, r4",1
"addseq r2, r5, r0, lsl 24",1
"strpl r0, [r0], -0x100",1
"andeq r0, r0, r0",1
"andeq r0, r0, r0",1
"andeq sb, r0, r4, ror 9",1
"strdeq sb, sl, [r0], -r0",1
invalid,1
"muleq r0, r4, r0",1
"swpeq r0, r5, [r0]",1
"strls r5, [r0, -0x400]",1
"strls r0, [r3, -0]",1
"andeq r0, r1, r0",1
"addseq r0, r5, r0, asr r3",1
"addseq r0, r5, r0, lsl 8",1
"strvc r0, [r0], -0x300",1
"strls sb, [r4, -0xf7d]",1
"ldrls r0, [ip, -0]",1
"andeq r0, r1, r0",1
"addseq r1, r5, r4, asr ip",1
"addseq r2, r5, r0, lsl 8",1
"andpl r0, r0, r0, lsl 2",1
"andeq r0, r0, r0",1
"andeq r0, r0, r0",1
"andeq sb, r0, r4, ror 9",1
"strdeq sb, sl, [r0], -r0",1
svcls 0x300002,1
"andeq sb, r0, ip, lsl r5",1
"andeq sb, r0, r4, lsr 10",1
svcls 0x300002,1
"andeq r0, r0, r0",1
"andeq r0, r0, r0",1
"andeq sb, r0, r0, asr 9",1
"andeq sb, r0, r4, asr 9",1
"ldrbgt r0, [r0], -1",1
invalid,1
"swpeq r0, r4, [r0]",1
"strbls r5, [r7], 0x100",1
"ldrbtls r0, [r0], 0",1
"andeq r0, r1, r0",1
"addseq pc, r4, r4, asr r0",1
"addseq r1, r5, r0, lsl 24",1
"vshl.u8 d0, d0, d0",1
"ldcne p0, c5, [pc], {1}",1
"mulhs r0, r5, r0",1
"swpeq r0, r5, [r0]",1
"strls r5, [r0, -0x400]!",1
"strls r0, [r4, -0]!",1
"andeq r0, r4, r0",1
svcls 0x5001f3,1
"andeq sb, r0, r4, lsr 10",1
"andeq sb, r0, ip, lsr 10",1
"subseq r0, r4, r1",1
"andeq r0, r0, r0",1
invalid,1
invalid,1
"andeq r0, r0, 0x95",1
"addseq r3, pc, r0, lsl 6",1
"andeq r0, r0, r0",1
invalid,1
invalid,1
invalid,1
"rsbsgt r0, r0, 0, 6",1
"addseq r0, pc, r0",1
"andeq r0, r0, r0",1
invalid,1
"muleq r0, r4, r0",1
"swpeq r0, r5, [r0]",1
"strls r5, [r0, -0x400]",1
"strls r0, [r3, -0]",1
"andeq r0, r1, r0",1
"addseq r0, r5, r0, asr r3",1
"addseq r0, r5, r0, lsl 24",1
"strvc r0, [r0], -0x300",1
"andeq sb, r0, sp, ror pc",1
"andeq r0, r0, r0",1
"strls r0, [ip, -0]!",1
"ldrls r0, [r0, -0]!",1
"andeq r0, r2, r0",1
"ldrls r0, [r0, -0x7d]!",1
"strbls r0, [r4, 0]!",1
"andeq r0, r2, r0",1
"andeq r2, r0, sp, ror r0",1
"andeq r0, r0, r0",1
"strls r0, [ip, -0]!",1
"ldrbls r0, [ip, -0]",1
"andeq r0, r1, r0",1
"addseq r5, r5, r0, asr ip",1
"addseq lr, r5, r0, lsl 8",1
"strpl r0, [r0], -0x100",1
"andeq r0, r0, r0",1
"andeq r0, r0, r0",1
"andeq sb, r0, ip, lsr 10",1
"andeq sb, r0, r8, ror 10",1
"ldmdavs r1, {r0} ^",1
"str r0, [r0], -0x95",1
"swpeq r0, r5, [r0]",1
"andeq r5, r0, r0, lsl 20",1
"andeq r0, r0, r0",1
"strls r0, [ip, -0]!",1
"strbls r0, [r4, -0]",1
"andeq r0, r1, r0",1
"addseq r4, r5, r2, asr r4",1
"addseq lr, r5, r0, lsl 8",1
"strpl r0, [r0, -0x100]",1
"andeq r0, r0, r0",1
"andeq r0, r0, r0",1
"andeq sb, r0, r4, ror 10",1
"andeq sb, r0, r8, ror r5",1
"subs r0, r7, r1",1
"str r0, [r0], -0x95",1
"swpeq r0, r5, [r0]",1
"andeq r5, r0, r0, lsl 14",1
"andeq r0, r0, r0",1
"strls r0, [ip]",1
"ldrls r0, [pc]              ; [0x15dc0:4]=82",1
"andeq r0, r1, r0",1
"andeq r0, r0, r2, asr r0",1
"andeq r0, r0, r0",1
"addseq r6, r5, r0, lsl 8",1
"addseq fp, r5, r0, lsl 8",1
"andlo r0, r0, 0, 4",1
"umullseq lr, r5, pc, r0",1
"addseq lr, r5, r0, lsl 8",1
"andlo r0, r0, 0, 4",1
"muleq r0, pc, r0",1
"andeq r0, r0, r0",1
"addseq sb, r5, r0, lsl 24",1
"addseq sb, r5, r0, lsl 30",1
"andpl r0, r0, 0, 2",1
"andeq r0, r0, r0",1
"andeq r0, r0, r0",1
"muleq r0, ip, r5",1
"muleq r0, pc, r5",1
"rsbseq r0, r4, r7",1
"andhs r7, r0, 0x600000",1
"muleq r0, pc, r0",1
"andeq r0, r0, r0",1
"addseq sb, r5, r0, lsl 24",1
"addseq sb, r5, r0, lsl 30",1
"andpl r0, r0, r0, lsl 2",1
"andeq r0, r0, r0",1
"andeq r0, r0, r0",1
"andeq sb, r0, r8, asr 11",1
"andeq sb, r0, r0, ror 11",1
"subseq r0, r5, r1",1
"andeq r0, r0, r0",1
invalid,1
"mul r0, r5, r0",1
"swpeq r0, r5, [r0]",1
"andeq r5, r0, r0, lsl 20",1
"andeq r0, r0, r0",1
"strbls r0, [r8]",1
"ldrbls r0, [r4]",1
"andeq r0, r6, r0",1
"movwhs r0, 0x6874",1
"ldrbls sb, [r4, 0xf01]",1
"ldrbls r0, [pc]             ; [0x15e68:4]=80",1
"andeq r0, r1, r0",1
"andeq r0, r0, r0, asr r0",1
"andeq r0, r0, r0",1
"addseq lr, r5, r0, lsl 8",1
"addseq lr, r5, r0, lsl 16",1
"stcvc p2, c0, [r0, -0]",1
"addseq lr, r5, r0, lsl 16",1
"addseq lr, r5, r0, lsl 24",1
"stcvc p2, c0, [r0, -0]",1
"addseq lr, r5, r4, lsr 24",1
"addseq r3, sl, r0, lsl 8",1
"stcvc p3, c0, [r0, -0]",1
"andeq r0, r0, r0, lsl 7",1
"andeq r0, r0, r0",1
"strbls r0, [r4, 0]!",1
"ldrbls r0, [r4, 0]!",1
"andeq r0, r1, r0",1
"addseq pc, r5, r0, asr r4",1
"addseq r3, sl, r0, lsl 8",1
"mrsls r0, lr_irq",1
"andeq r7, r0, r4, lsl 27",1
"andeq r0, r0, r0",1
"strbls r0, [r4, 0]!",1
"ldrls r0, [ip], -r0",1
"andeq r0, r2, r0",1
"sasxls sb, ip, r1",1
"strbtls r0, [r4], -r0",1
"andeq r0, r1, r0",1
"addseq r6, r6, fp, asr r4",1
"addseq r6, r6, r0, lsl 22",1
"andpl r0, r0, 0, 2",1
"andeq sb, r0, fp, ror 12",1
"andeq sb, r0, r8, lsr 18",1
"addshi r0, r1, r3",1
"addseq r2, sb, sp, ror r8",1
"addseq r2, sb, r0, lsl 22",1
"andpl r0, r0, 0, 2",1
"andeq sb, r0, fp, lsr 18",1
"andeq sb, r0, ip, ror 18",1
"addshi r0, r1, r3",1
"addseq r6, sb, sp, ror ip",1
"addseq sb, sb, r0, lsl 8",1
blpl 0x16314,1
"muleq r0, r4, sb",1
"andeq sb, r0, r4, lsr sl",1
svcls 0x310002,1
"andeq r0, r0, r0",1
"andeq r0, r0, r0",1
"strdeq sb, sl, [r0], -r8",1
"andeq sb, r0, r0, lsl 12",1
"subseq r0, r0, r1",1
"mulle r0, r6, r0",1
"swpeq r0, sb, [r0]",1
"ldmibls r0, {r8, sl, ip, lr} ^",1
invalid,1
"andeq r0, r1, r0",1
"addseq sp, sb, r0, asr r3",1
"addseq r3, sl, r0, lsl 8",1
"strpl r0, [r0, -0x100]",1
"andeq r0, r0, r0",1
"andeq r0, r0, r0",1
"andeq sb, r0, r0, lsl 12",1
"andeq sb, r0, ip, lsl 12",1
"ldmls r1, {r2}",1
invalid,1
"strls r0, [pc], -r0",1
"andeq r0, r1, r0",1
"addseq r0, r6, r2, asr pc",1
"addseq r0, r8, r0",1
invalid,1
"umullseq r7, pc, r8, sp",1
bleq 0x161e8,1
"swpeq r0, r8, [r0]",1
"stmdals fp, {ip, lr}",1
invalid,1
"andeq r0, r4, r0",1
svcls 0x7d9891,1
"andeq r0, r0, r0",1
"andeq r0, r0, r0",1
"andeq sb, r0, r0, lsl 12",1
"ldrdeq sb, sl, [r0], -r0",1
"stmdals r3, {r1, r2}",1
svcls 0xc2,1
"andeq r0, r0, r0",1
"andeq r0, r0, r0",1
"andeq sb, r0, r4, ror 12",1
"andeq sb, r0, r0, lsl r8",1
"subsne r0, fp, r1",1
"strne r0, [r0], -0x98",1
invalid,1
"stcvc p1, c9, [r0]",1
svcls 0x1c3106,1
"andeq sb, r0, r4, lsl r8",1
"andeq sb, r0, ip, ror 18",1
"subseq r0, fp, r1",1
"andeq r0, r0, r0",1
"strvs r0, [r0], -0",1
"muleq r0, r6, r0",1
"streq r0, [r0], -0x98",1
"ldcvc p1, c9, [r8]",1
"umullseq r0, r8, pc, r0",1
"addseq r0, r8, r0, lsl 22",1
"andpl r0, r0, r0, lsl 2",1
"andeq sb, r0, fp, lsl 16",1
"andeq sb, r0, ip, ror 18",1
"ldmls r1, {r2}",1
"andeq sb, r0, sp, ror pc",1
"andeq r0, r0, r0",1
"strbtls r0, [r4], -r0",1
"strbtls r0, [fp], -r0",1
"andeq r0, r1, r0",1
"addseq r6, r6, r0, asr fp",1
"addseq r8, r7, r0, lsl 16",1
"strpl r0, [r0], -r0, lsl 2",1
"andeq sb, r0, r4, lsl r8",1
"andeq sb, r0, r8, asr r8",1
"ldmdapl r6, {r0} ^",1
invalid,1
"andeq r0, r0, 0x98",1
"ldcpl p0, c3, [pc], {0}",1
"stmdahs r0, {r3, r4, r7}",1
"swpeq r0, sb, [r0]",1
"stmdbls r8!, {sb, sl, ip, lr}",1
invalid,1
"andeq r0, r1, r0",1
"addseq r2, sb, r0, asr fp",1
"addseq r6, sb, r0, lsl 24",1
"strpl r0, [r0], -r0, lsl 2",1
"andeq r0, r0, r0",1
"andeq r0, r0, r0",1
"andeq sb, r0, r8, ror r6",1
"andeq sb, r0, r3, lsl 13",1
"cmphi r0, 1",1
invalid,1
"swpeq r0, r6, [r0]",1
"stmls r0, {sl, ip, lr}",1
invalid,1
"andeq r0, r1, r0",1
"addseq fp, r8, r4, asr ip",1
"addseq r1, sb, r0, lsl 16",1
"strpl r0, [r0], -0x100",1
"andeq sb, r0, r8, lsl sb",1
"andeq sb, r0, ip, lsl sb",1
"mrrcne p0, 0, r0, r0, c1",1
"stmdahs r0, {r0, r3, r4, r7}",1
"swpeq r0, sb, [r0]",1
"andeq r5, r0, r0, lsl 8",1
"andeq r0, r0, r0",1
"ldrbls r0, [ip], r0",1
invalid,1
"andeq r0, r1, r0",1
"andeq r0, r0, r8, asr r0",1
"andeq r0, r0, r0",1
"addseq sp, r6, r0, lsl 24",1
"addseq r6, r7, r0, lsl 24",1
"andlo r0, r0, r0, lsl 4",1
"umullseq r6, r7, pc, ip",1
"addseq r7, r7, r0",1
"mrslo r0, r8_usr",1
"umullseq r7, r7, pc, r0",1
"addseq r8, r7, r0, lsl 16",1
bpl 0x164f0,1
"andeq sb, r0, r4, lsl r8",1
"andeq sb, r0, r0, lsl 17",1
svcls 0x300002,1
"andeq r0, r0, r0",1
"andeq r0, r0, r0",1
"muleq r0, r8, r6",1
"muleq r0, ip, r6",1
"addshi r0, r1, r4",1
invalid,1
"strtls r0, [pc], r0",1
"andeq r0, r1, r0",1
"addseq sl, r6, r3, asr pc",1
"addseq fp, r6, r0, lsl 8",1
"mrsls r0, lr_irq",1
"strdeq r7, r8, [r0], -ip",1
"andeq r0, r0, r0",1
"ldrls r0, [r8], r0",1
"ldrtls r0, [r4], r0",1
"andeq r0, r1, r0",1
"andeq r0, r0, r4, asr r0",1
"andeq r0, r0, r0",1
"addseq r0, r7, r0, lsl 8",1
"addseq r4, r7, r0, lsl 8",1
"andpl r0, r0, r0, lsl 12",1
"cmpls r1, 0x93000000",1
"addseq r5, r8, r4, lsl 24",1
"addseq r6, r8, r0",1
"andpl r0, r0, r0, lsl 12",1
"cmpls r1, 0x93000000",1
"addseq r6, r8, r4",1
"addseq r6, r8, r0, lsl 22",1
bvc 0x16970,1
"addseq r7, r8, r0, lsl 24",1
"addseq r8, r8, r0",1
"andpl r0, r0, r0, lsl 12",1
"cmpls r1, 0x93000000",1
"andeq r0, r0, r4",1
"andeq r0, r0, r0",1
"addseq lr, r6, r0, lsl 24",1
"addseq r0, r7, r0, lsl 8",1
"andpl r0, r0, r0, lsl 2",1
"andeq sb, r0, r4, lsl 14",1
"andeq sb, r0, r4, asr r7",1
"ldrbpl r0, [sl], -1",1
"mulvc r0, r7, r0",1
"movweq r0, 0x97",1
svcls 0x6d7a00,1
"andeq sb, r0, r4, lsl r8",1
"andeq sb, r0, r0, lsr r8",1
"subslo r0, r0, r1",1
"strlo r0, [r0], -0x98",1
"swpeq r0, r8, [r0]",1
"ldmdals r4!, {sb, fp, ip, lr}",1
invalid,1
"andeq r0, r1, r0",1
"addseq r5, r8, r0, asr ip",1
"addseq r8, r8, r0",1
bpl 0x165d8,1
"andeq r0, r0, r0",1
"andeq r0, r0, r0",1
"strdeq sb, sl, [r0], -r0",1
"strdeq sb, sl, [r0], -r4",1
"cmnne r0, 3",1
"umullseq r3, r8, pc, r8",1
"addseq r3, r8, r0, lsl 24",1
"andvc r0, r0, r0, lsl 6",1
"andeq sb, r0, r3, lsl pc",1
"andeq r0, r0, r0",1
invalid,1
invalid,1
"andeq r0, r1, r0",1
"andeq r0, r0, r3, asr r0",1
"andeq r0, r0, r0",1
"addseq r4, r8, r0, lsl 24",1
"addseq r5, r8, r0, lsl 24",1
"strpl r0, [r0], -0x100",1
"andeq r0, r0, r0",1
"andeq r0, r0, r0",1
"andeq sb, r0, ip, asr r8",1
"andeq sb, r0, r8, ror 16",1
"ldm r1, {r2}",1
"stmdals r8!, {r1, r2, r3, r4, r5, r6, r8, sb, sl, fp, ip, pc} ^",1
invalid,1
"andeq r0, r1, r0",1
"addseq r6, r8, r2, asr fp",1
"addseq r8, r8, r0",1
invalid,1
"addseq r7, pc, r8, ror 29",1
"andeq r0, r0, r0",1
invalid,1
"strvs r0, [r0], -0x98",1
"movweq r0, 0x98",1
svcls 0x137a00,1
"andeq sb, r0, r4, ror 16",1
"andeq sb, r0, fp, ror 16",1
blvs 0x1456274,1
"mulhi r0, r8, r0",1
"movweq r0, 0x98",1
svcls 0x137a00,1
"andeq r0, r0, r0",1
"andeq r0, r0, r0",1
"strdeq sb, sl, [r0], -ip",1
"andeq sb, r0, r8, lsl sb",1
"stmdals r3, {r1, r2}",1
svcls 0xc2,1
"andeq r0, r0, r0",1
"andeq r0, r0, r0",1
"strdeq sb, sl, [r0], -ip",1
"andeq sb, r0, r0, lsl 18",1
"addshi r0, r1, r4",1
"stmdbls r0, {r1, r2, r3, r4, r5, r6, r8, sb, sl, fp, ip, pc}",1
invalid,1
"andeq r0, r1, r0",1
"addseq r0, sb, r2, asr pc",1
"addseq r1, sb, r0, lsl 16",1
"mrsls r0, lr_irq",1
"strdeq r7, r8, [r0], -ip",1
"andeq r0, r0, r0",1
bls 0xd162cc,1
bls 0xf162d0,1
"andeq r0, r2, r0",1
bls 0xf164cc,1
invalid,1
"andeq r0, r2, r0",1
"andeq r0, r0, sp, ror r8",1
"andeq r0, r0, r0",1
bls 0xd162ec,1
bls 0x14162f0,1
"andeq r0, r1, r0",1
"addseq r5, sl, r0, asr r0",1
"addseq r7, sl, r0, lsl 16",1
"strpl r0, [r0], -0x100",1
"andeq sb, r0, r8, ror sl",1
"andeq sb, r0, r3, lsl 21",1
"cmphi r0, 1",1
invalid,1
"swpeq r0, ip, [r0]",1
"andeq r5, r0, r0, lsl 8",1
"andeq r0, r0, r0",1
bls 0x1816320,1
bls 0x1a16324,1
"andeq r0, r1, r0",1
"addseq r6, sl, r0, asr r8",1
"addseq r6, sl, r0, lsl 30",1
"andpl r0, r0, 0, 2",1
"andeq r0, r0, r0",1
"andeq r0, r0, r0",1
"andeq sb, r0, r0, ror 20",1
"andeq sb, r0, r0, ror sl",1
"subseq r0, r5, r1",1
"andeq r0, r0, r0",1
"andls r0, r0, r0",1
"stmdals r0, {r1, r3, r4, r7}",1
"swpeq r0, sl, [r0]",1
bls 0xfe62a35c,1
bls 0xfe6d6360,1
"andeq r0, r1, r0",1
"andeq r0, r0, r1, asr r0",1
"andeq r0, r0, r0",1
"addseq r1, fp, r0, lsl 8",1
"addseq r1, fp, r0, lsl 16",1
"andpl r0, r0, r0, lsl 2",1
"andeq sb, r0, r8, lsl fp",1
"andeq sb, r0, fp, lsl fp",1
"subseq r0, r1, r1",1
"andeq r0, r0, r0",1
invalid,1
svcpl 0x9b,1
"swpeq r0, fp, [r0]",1
"andeq r5, r0, r0",1
"andeq r0, r0, r0",1
blls 0xd163a0,1
blls 0xf163a4,1
"andeq r0, r1, r0",1
"addseq r3, fp, r0, asr ip",1
"addseq r3, fp, r0, lsl 30",1
invalid,1
"andeq r0, r0, r0",1
"andeq r0, r0, r0",1
"andeq sb, r0, ip, lsl 23",1
"muleq r0, r3, fp",1
"cmpls r1, 1",1
"stmdals r0, {r0, r1, r3, r4, r7}",1
"swpeq r0, fp, [r0]",1
"andeq r5, r0, r0, lsl 10",1
"andeq r0, r0, r0",1
blls 0xfef163dc,1
blls 0xff0d63e0,1
"andeq r0, r1, r0",1
"addseq ip, fp, r1, asr r3",1
"addseq r0, ip, r0, lsl 24",1
"strpl r0, [r0, -0x100]",1
"andeq r0, r0, r0",1
"andeq r0, r0, r0",1
"andeq sb, r0, r0, asr 1",1
"andeq sb, r0, r4, asr 1",1
"rsbseq r0, sp, r2",1
"andeq sb, r0, r4, asr 1",1
"andeq sb, r0, ip, asr 1",1
"ldmdane sp!, {r1} ^",1
"andeq sb, r0, ip, asr 1",1
"andeq sb, r0, r0, lsl 7",1
invalid,1
"andeq r0, r0, r1",1
"andeq r0, r0, r0",1
"addseq ip, r0, r0",1
"addseq sp, r0, r0",1
"andpl r0, r0, r0, lsl 2",1
"ldrdeq sb, sl, [r0], -r0",1
"ldrdeq sb, sl, [r0], -r0",1
"subsle r0, r6, r1",1
"strmi r0, [r0], -0x91",1
"streq r0, [r0], -0x92",1
"andpl pc, r1, r0, lsl 6",1
"umullseq r4, r2, pc, r4",1
"addseq r6, r2, r0, lsl 16",1
"strpl r0, [r0], -r0, lsl 2",1
"andeq sb, r0, r8, ror 4",1
"andeq sb, r0, r0, lsl 7",1
invalid,1
"andeq sb, r0, r0, asr pc",1
"andeq r0, r0, r0",1
"sbcls r0, r0, r0",1
"sbcsls r0, r7, r0",1
"andeq r0, r1, r0",1
"addseq sp, r0, r1, asr r7",1
"addseq r2, r2, r0, lsl 8",1
"strpl r0, [r0], -0x100",1
"andeq sb, r0, r4, lsr 4",1
"andeq sb, r0, r4, asr 4",1
invalid,1
"subls sb, r4, 0x144",1
"adcls r0, r8, 0",1
"andeq r0, r1, r0",1
"addseq sl, r2, r4, asr r8",1
"addseq r8, r3, r0",1
"vshl.u8 d0, d0, d0",1
"addseq r5, pc, r1, lsl 2",1
"andeq r0, r0, r0",1
invalid,1
"movwlo r0, 0x92",1
"swpeq r0, r2, [r0]",1
"eorsls r5, r3, 0",1
"subls r0, r4, 0",1
"andeq r0, r1, r0",1
"addseq lr, r2, r4, asr r0",1
"addseq lr, r2, r0, lsl 8",1
"andpl r0, r0, r0, lsl 2",1
"andeq sb, r0, r4, ror 5",1
"andeq sb, r0, r0, lsl 7",1
"subseq r0, r4, r1",1
"andeq r0, r0, r0",1
"str r0, [r0], -0",1
"strne r0, [r0], -0x90",1
"swpeq r0, r1, [r0]",1
"andeq r5, r0, r0, lsl 16",1
"andeq r0, r0, r0",1
invalid,1
invalid,1
"andeq r0, r1, r0",1
"addseq r7, r1, r0, asr ip",1
"addseq sb, r1, r0",1
"andpl r0, r0, r0, lsl 2",1
"muleq r0, r4, r1",1
"andeq sb, r0, r8, lsr 3",1
"mrrcge p0, 0, r0, r0, c1",1
invalid,1
"swpeq r0, r1, [r0]",1
"subls r5, r4, 0",1
"subls r0, r8, 0",1
"andeq r0, r1, r0",1
"andeq r0, r0, r0, asr r0",1
"andeq r0, r0, r0",1
"addseq ip, r1, r0, lsl 24",1
"addseq lr, r1, r0",1
"andpl r0, r0, r0, lsl 2",1
"andeq sb, r0, r0, ror 3",1
"andeq sb, r0, r4, lsr 4",1
"ldmdavs r6, {r0} ^",1
"mul r0, r2, r0",1
"swpeq r0, r2, [r0]",1
"andeq r5, r0, r0, lsl 12",1
"andeq r0, r0, r0",1
invalid,1
invalid,1
"andeq r0, r1, r0",1
"addseq pc, r1, r0, asr r4",1
"addseq r2, r2, r0, lsl 8",1
"andpl r0, r0, r0, lsl 2",1
"andeq sb, r0, r8, ror 4",1
"andeq sb, r0, ip, ror 4",1
"subseq r0, r0, r1",1
"andeq r0, r0, r0",1
invalid,1
"strvc r0, [r0], -0x92",1
"streq r0, [r0], -0x92",1
"cdpvc p1, 9, c9, c0, c0, 0",1
"umullseq r7, r2, pc, r4",1
"addseq r7, r2, r0, lsl 14",1
"andpl r0, r0, 0, 2",1
"andeq sb, r0, r7, ror r2",1
"andeq sb, r0, r0, ror 5",1
"addsls r0, r1, r4",1
"andeq sb, r0, lr, ror pc",1
"andeq r0, r0, r0",1
"rsbls r0, r8, 0",1
"rscls r0, r0, 0",1
"andeq r0, r1, r0",1
"andeq r0, r0, r6, asr r0",1
"andeq r0, r0, r0",1
"addseq r8, r2, r0",1
"addseq r8, r2, r0, lsl 24",1
invalid,1
"ldchi p14, c7, [pc], {0xf8}",1
svchi 0x92,1
"swpeq r0, r2, [r0]",1
"addls r5, pc, 0, 4",1
"rscls r0, r0, 0",1
"andeq r0, r4, r0",1
svcls 0x7ef891,1
"andeq r0, r0, r0",1
"andeq r0, r0, r0",1
"andeq sb, r0, r0, lsl 5",1
"andeq sb, r0, r0, ror 5",1
"stmdals r3, {r1, r2}",1
svcls 0xc2,1
"andeq r0, r0, r0",1
"andeq r0, r0, r0",1
"strdeq sb, sl, [r0], -r0",1
"strdeq sb, sl, [r0], -r8",1
invalid,1
"mulhi r0, r2, r0",1
"swpeq r0, r3, [r0]",1
"andeq r5, r0, r0, lsl 10",1
"andeq r0, r0, r0",1
"eoreq r0, r0, r0",1
"eoreq r0, r4, r0",1
"andeq r0, r2, r0",1
"eoreq r0, r4, sp, ror r0",1
"eoreq r0, ip, r0",1
"andeq r0, r2, r0",1
"eoreq r1, ip, sp, ror r0",1
invalid,1
"andeq r0, r2, r0",1
"andeq r1, r0, sp, ror r8",1
"andeq r0, r0, r0",1
"addseq r0, r0, r0",1
"addseq r0, fp, r0",1
"andeq r0, r1, r0",1
"andeq sb, r0, r0, asr fp",1
"andeq ip, r0, r0",1
"strpl r0, [r0, -0x100]",1
"andeq r0, r0, ip, asr 1",1
"andeq r0, r0, pc, asr 1",1
svcgt 0x500001,1
invalid,1
invalid,1
"andeq r5, r0, r0, lsl 10",1
"andeq r0, r0, r0",1
"andeq r0, r0, r0",1
"andseq r0, r0, r0",1
"andeq r0, r1, r0",1
"andeq r1, r0, r0, asr r0",1
"andeq r5, r0, r0, lsl 16",1
"vshl.u8 d0, d0, d0",1
"addseq r5, pc, r1",1
"andeq r0, r0, r0",1
"andeq r0, r0, r0",1
"andlo r0, r0, r0",1
invalid,1
"andeq r5, r0, r0",1
"andeq r0, r0, r0",1
"eoreq r0, r0, r0",1
"eorseq r0, r0, r0",1
"andeq r0, r1, r0",1
"andeq r4, r0, r0, asr r8",1
"andeq r4, r0, r0, lsl 24",1
"mrsvc r0, lr_irq",1
"subeq sb, ip, r1, lsl 30",1
"subseq r0, r8, r0",1
"andeq r0, r1, r0",1
"andeq r0, r0, r1, asr r0",1
"andeq r0, r0, r0",1
"andeq r0, r0, r0",1
"andeq r3, r0, r0",1
"andlo r0, r0, r0, lsl 4",1
"muleq r0, pc, r8",1
"andeq r5, r0, r0, lsl 16",1
"andpl r0, r0, 0, 2",1
"andeq r0, r0, r0",1
"andeq r0, r0, r0",1
"andeq r0, r0, r8, asr r0",1
"andeq r0, r0, ip, asr r0",1
"rsbseq r0, sp, r2",1
"andeq r0, r0, ip, asr r0",1
"muleq r0, ip, r0",1
"ldmdaeq sp!, {r1} ^",1
"andeq r0, r0, r0",1
"andeq r0, r0, r0",1
"andeq r0, r0, r8, asr r0",1
"andeq r0, r0, r3, rrx",1
"cmpvs r0, 1",1
invalid,1
invalid,1
"andeq r5, r0, r0, lsl 8",1
"andeq r0, r0, r0",1
"andeq r0, r0, r0",1
"andeq r0, r4, r0",1
"andeq r0, r2, r0",1
"andeq r0, r4, sp, ror r0",1
"adcseq r0, r4, r0",1
"andeq r0, r2, r0",1
"andeq r1, r0, sp, ror r0",1
"andeq r0, r0, r0",1
"andeq r0, r0, r0",1
"andseq r0, r3, r0",1
"andeq r0, r1, r0",1
"andeq r1, r0, r0, asr r3",1
"andeq r4, r0, r0, lsl 8",1
"strpl r0, [r0], -0x100",1
"andeq r0, r0, r4, asr 32",1
"andeq r0, r0, r0, rrx",1
"subsvs r0, r6, r1",1
invalid,1
invalid,1
"rsbseq r5, ip, r0, lsl 8",1
"addseq r0, r0, r0",1
"andeq r0, r1, r0",1
"andeq sb, r0, r0, asr r0",1
"andeq fp, r0, r0, lsl 8",1
"strpl r0, [r0], -0x100",1
"andeq r0, r0, r0",1
"andeq r0, r0, r0",1
"andeq r0, r0, r4, lsl r0",1
"andeq r0, r0, r0, lsr r0",1
"subslo r0, r0, r1",1
invalid,1
invalid,1
"andeq r5, r0, r0, lsl 10",1
"andeq r0, r0, r0",1
"eoreq r0, r0, r0",1
"rsbeq r0, r8, r0",1
"andeq r0, r1, r0",1
"andeq r0, r0, r6, asr r0",1
"andeq r0, r0, r0",1
"andeq r0, r0, r0",1
"andeq r0, r0, r0, lsl 8",1
"stcvc p2, c0, [r0, -0]",1
"andeq r0, r0, r0, lsl 8",1
"andeq r5, r0, r0, lsl 8",1
"stcvc p2, c0, [r0, -0]",1
"andeq r0, r0, r8",1
"andeq r0, r0, r0",1
"andeq r0, r0, r0",1
"andeq r5, r0, r0, lsl 6",1
invalid,1
"andeq r0, r0, r3, asr r0",1
"andeq r0, r0, r4, asr r0",1
invalid,1
"andeq sb, r0, r1, asr pc",1
"andeq r0, r0, r0",1
"andeq r0, r0, r0",1
"subseq r0, r3, r0",1
"andeq r0, r2, r0",1
"subseq r0, r3, r0, ror r0",1
"subseq r0, r4, r0",1
"andeq r0, r3, r0",1
"ldrsheq r0, [r0], -0x13",1
"andeq r0, r0, r0",1
"strpl r0, [r0], -0",1
invalid,1
"andeq r0, r0, 0",1
"stmdapl r0, {r8, sl, fp, ip, sp, lr}",1
invalid,1
"andeq r0, r0, 1",1
"andseq r7, r0, r0, lsl 26",1
"andeq r0, r0, r0",1
"strpl r0, [r0], -0",1
"movwvs r0, 0",1
invalid,1
"rsbeq r5, r3, r0",1
"cmneq ip, r0",1
"andeq r0, r1, r0",1
"andeq r0, r0, r4, asr r0",1
"andeq r0, r0, r0",1
"andeq r5, r0, r0, lsl 8",1
"andeq r6, r0, r0, lsl 6",1
invalid,1
"andeq r0, r0, r3, rrx",1
"andeq r0, r0, ip, ror r1",1
"subseq r0, r5, r1",1
"andeq r0, r0, r0",1
"strvs r0, [r0], -0",1
invalid,1
invalid,1
"sbcseq r5, r4, r0",1
"tsteq r0, r0",1
"andeq r0, r1, r0",1
"andeq r1, r1, r0, asr r8",1
"andeq r4, r1, r0, lsl 24",1
"andpl r0, r0, r0, lsl 2",1
"andeq r0, r0, r0",1
"andeq r0, r0, r0",1
"andeq r0, r0, r4, ror r0",1
"ldrdeq r0, r1, [r0], -r4",1
svcls 0x300002,1
"andeq r0, r0, r0",1
"andeq r0, r0, r0",1
"andeq r0, r0, r4, ror r0",1
"ldrdeq r0, r1, [r0], -r4",1
"stmdalo r8, {r0, r1}",1
"muleq r0, pc, r0",1
"andeq r0, r0, r0",1
"andeq r7, r0, r0, lsl 8",1
"andeq sp, r0, r0, lsl 8",1
"stmdaeq r0, {r8, sb}",1
"andeq sb, r0, sp, lsr 30",1
"andeq r0, r0, r0",1
"rsbseq r0, r4, r0",1
"sbcseq r0, r4, r0",1
"andeq r0, r3, r0",1
"addseq r4, pc, r8, lsl 12",1
"andeq r0, r0, r0",1
"strvc r0, [r0], -0",1
"strle r0, [r0], -0",1
"movweq r0, 0",1
svcls 0x540800,1
"andeq r0, r0, r0",1
"andeq r0, r0, r0",1
"andeq r0, r0, r4, ror r0",1
"ldrdeq r0, r1, [r0], -r4",1
"strpl r0, [r8, -3]",1
"muleq r0, pc, r0",1
"andeq r0, r0, r0",1
"andeq r7, r0, r0, lsl 8",1
"andeq fp, r0, r0, lsl 24",1
"andpl r0, r0, r0, lsl 2",1
"andeq r0, r0, r0",1
"andeq r0, r0, r0",1
"andeq r0, r0, r4, lsl 1",1
"ldrdeq r0, r1, [r0], -r4",1
svcls 0x300002,1
"andeq r0, r0, r0",1
"andeq r0, r0, r0",1
"andeq r0, r0, r4, lsl 1",1
"ldrdeq r0, r1, [r0], -r4",1
"stmdalo r8, {r0, r1}",1
"muleq r0, pc, r0",1
"andeq r0, r0, r0",1
"andeq r8, r0, r0, lsl 8",1
"andeq sp, r0, r0, lsl 8",1
"stmdaeq r0, {r8, sb}",1
"andeq sb, r0, sp, lsr 30",1
"andeq r0, r0, r0",1
"addeq r0, r4, r0",1
"sbcseq r0, r4, r0",1
"andeq r0, r3, r0",1
"addseq r4, pc, r8, lsl 12",1
"andeq r0, r0, r0",1
"strhi r0, [r0], -0",1
invalid,1
invalid,1
"andeq r5, r0, r0",1
"andeq r0, r0, r0",1
"addseq r0, r4, r0",1
"sbcseq r0, r4, r0",1
"andeq r0, r2, r0",1
"andeq sb, r0, r0, lsr pc",1
"andeq r0, r0, r0",1
"addseq r0, r4, r0",1
"sbcseq r0, r4, r0",1
"andeq r0, r3, r0",1
"addseq r3, pc, r8, lsl 16",1
"andeq r0, r0, r0",1
"strls r0, [r0], -0",1
"strle r0, [r0], -0",1
"movweq r0, 0",1
svcls 0x2d0800,1
"andeq r0, r0, r0",1
"andeq r0, r0, r0",1
"muleq r0, r4, r0",1
"strheq r0, [r0], -ip",1
"subseq r0, r0, r1",1
"andeq r0, r0, r0",1
"andge r0, r0, r0",1
"strle r0, [r0], -0",1
"andeq r0, r0, 0",1
"addseq r3, pc, r0",1
"andeq r0, r0, r0",1
"andge r0, r0, r0",1
"strle r0, [r0], -0",1
"movweq r0, 0",1
svcls 0x380800,1
"andeq r0, r0, r0",1
"andeq r0, r0, r0",1
"andeq r0, r0, r0, lsr 1",1
"strheq r0, [r0], -ip",1
"subseq r0, r0, r1",1
"andeq r0, r0, r0",1
"strle r0, [r0], -0",1
"streq r0, [r0], -0",1
"movweq r0, 1",1
svcls 0x300800,1
"andeq r0, r0, r8, lsl r1",1
"andeq r0, r0, ip, ror r1",1
"andlo r0, r8, r3",1
"muleq r0, pc, r0",1
"andeq r0, r0, r0",1
"andeq sp, r0, r0, lsl 8",1
"andeq r0, r1, r0, lsl 8",1
"stmdaeq r0, {r8, sb}",1
"tsteq r8, r3, lsr pc",1
"cmneq ip, r0",1
"andeq r0, r3, r0",1
"addseq r3, pc, r8, lsl 6",1
"andeq r0, r0, r0",1
"strle r0, [r0], -0",1
"streq r0, [r0], -0",1
"movweq r0, 1",1
svcls 0x380800,1
"andeq r0, r0, r8, lsl r1",1
"andeq r0, r0, ip, ror r1",1
"stmdalo r8, {r0, r1}",1
"muleq r0, pc, r0",1
"andeq r0, r0, r0",1
"andeq sp, r0, r0, lsl 8",1
"andeq r0, r1, r0, lsl 8",1
"stmdaeq r0, {r8, sb}",1
"tsteq r8, r1, lsr pc",1
"cmneq ip, r0",1
"andeq r0, r3, r0",1
"addseq r3, pc, r8, lsl 2",1
"andeq r0, r0, r0",1
"strle r0, [r0], -0",1
"streq r0, [r0], -0",1
"movweq r0, 1",1
svcls 0x420800,1
"andeq r0, r0, r8, lsl r1",1
"andeq r0, r0, ip, ror r1",1
"andmi r0, r8, 3",1
"muleq r0, pc, r0",1
"andeq r0, r0, r0",1
"andeq sp, r0, r0, lsl 8",1
"andeq r0, r1, r0, lsl 8",1
"stmdaeq r0, {r8, sb}",1
"tsteq r8, r7, asr 30",1
"cmneq ip, r0",1
"andeq r0, r3, r0",1
"addseq r4, pc, r8, lsl 14",1
"andeq r0, r0, r0",1
"strle r0, [r0], -0",1
"streq r0, [r0], -0",1
invalid,1
"tsteq r8, r0",1
"mrseq r0, spsr",1
"andeq r0, r1, r0",1
"andeq r0, r0, r0, asr r0",1
"andeq r0, r0, r0",1
"andeq sp, r0, r0, lsl 8",1
"andeq r0, r1, r0, lsl 8",1
"andlo r0, r0, r0, lsl 4",1
"muleq r1, pc, r8",1
"andeq r7, r1, r0, lsl 24",1
"andlo r0, r0, r0, lsl 4",1
"muleq r0, pc, r0",1
"andeq r0, r0, r0",1
"andeq sp, r0, r0, lsl 24",1
"andeq r0, r1, r0, lsl 8",1
"stmdaeq r0, {r8, sb}",1
"tsteq r8, r0, lsr pc",1
"cmneq ip, r0",1
"andeq r0, r3, r0",1
"addseq r3, pc, r8",1
"andeq r0, r0, r0",1
invalid,1
"streq r0, [r0], -0",1
"movweq r0, 1",1
svcls 0x330800,1
"andeq r0, r0, r8, lsl r1",1
"andeq r0, r0, ip, ror r1",1
"movwlo r0, 0x8003",1
"muleq r0, pc, r0",1
"andeq r0, r0, r0",1
"andeq sp, r0, r0, lsl 24",1
"andeq r0, r1, r0, lsl 8",1
"stmdaeq r0, {r8, sb}",1
"tsteq r8, r8, lsr pc",1
"cmneq ip, r0",1
"andeq r0, r3, r0",1
"addseq r3, pc, r8, lsl 16",1
"andeq r0, r0, r0",1
invalid,1
"streq r0, [r0], -0",1
"movweq r0, 1",1
svcls 0x310800,1
"andeq r0, r0, r8, lsl r1",1
"andeq r0, r0, ip, ror r1",1
invalid,1
"muleq r0, pc, r0",1
"andeq r0, r0, r0",1
"andeq sp, r0, r0, lsl 24",1
"andeq r0, r1, r0, lsl 8",1
"stmdaeq r0, {r8, sb}",1
"tsteq r8, r2, asr 30",1
"cmneq ip, r0",1
"andeq r0, r3, r0",1
"addseq r4, pc, r8, lsl 4",1
"andeq r0, r0, r0",1
invalid,1
"streq r0, [r0], -0",1
"movweq r0, 1",1
svcls 0x470800,1
"andeq r0, r0, r8, lsl r1",1
"andeq r0, r0, ip, ror r1",1
"strmi r0, [r8, -r3]",1
"muleq r0, pc, r0",1
"andeq r0, r0, r0",1
"andeq sp, r0, r0, lsl 24",1
"andeq r0, r1, r0, lsl 8",1
"andpl r0, r0, r0, lsl 2",1
"andeq r0, r0, r8, lsl r1",1
"andeq r0, r0, ip, asr 2",1
"subseq r0, r0, r1",1
"andeq r0, r0, r0",1
invalid,1
"streq r0, [r0], -0",1
"andeq r0, r0, 1",1
"ldmne pc, {ip, sp}",1
invalid,1
"andeq r0, r0, 1",1
"addseq r3, pc, r0",1
"andeq r0, r0, r0",1
invalid,1
"streq r0, [r0], -0",1
"movweq r0, 1",1
svcls 0x300800,1
"andeq r0, r0, r8, lsl r1",1
"andeq r0, r0, ip, ror r1",1
"andlo r0, r8, r3",1
"muleq r0, pc, r0",1
"andeq r0, r0, r0",1
"andeq lr, r0, r0, lsl 24",1
"andeq r0, r1, r0, lsl 8",1
"stmdaeq r0, {r8, sb}",1
"tsteq r8, r3, lsr pc",1
"cmneq ip, r0",1
"andeq r0, r3, r0",1
"addseq r3, pc, r8, lsl 6",1
"andeq r0, r0, r0",1
invalid,1
"streq r0, [r0], -0",1
"movweq r0, 1",1
svcls 0x380800,1
"andeq r0, r0, r8, lsl r1",1
"andeq r0, r0, ip, ror r1",1
"stmdalo r8, {r0, r1}",1
"muleq r0, pc, r0",1
"andeq r0, r0, r0",1
"andeq lr, r0, r0, lsl 24",1
"andeq r0, r1, r0, lsl 8",1
"stmdaeq r0, {r8, sb}",1
"tsteq r8, r1, lsr pc",1
"cmneq ip, r0",1
"andeq r0, r3, r0",1
"addseq r3, pc, r8, lsl 2",1
"andeq r0, r0, r0",1
invalid,1
"streq r0, [r0], -0",1
invalid,1
"tsteq r8, r0",1
"mrseq r0, spsr",1
"andeq r0, r1, r0",1
"andeq r0, r0, r0, asr r0",1
"andeq r0, r0, r0",1
"andeq lr, r0, r0, lsl 24",1
"andeq r0, r1, r0, lsl 8",1
"andlo r0, r0, r0, lsl 4",1
"muleq r1, pc, r8",1
"andeq r7, r1, r0, lsl 24",1
"andlo r0, r0, r0, lsl 4",1
"muleq r0, pc, r0",1
"andeq r0, r0, r0",1
"andeq pc, r0, r0, lsl 16",1
"andeq r0, r1, r0, lsl 8",1
"stmdaeq r0, {r8, sb}",1
"tsteq r8, r0, lsr pc",1
"cmneq ip, r0",1
"andeq r0, r3, r0",1
"addseq r3, pc, r8",1
"andeq r0, r0, r0",1
invalid,1
"streq r0, [r0], -0",1
"movweq r0, 1",1
svcls 0x330800,1
"andeq r0, r0, r8, lsl r1",1
"andeq r0, r0, ip, ror r1",1
"movwlo r0, 0x8003",1
"muleq r0, pc, r0",1
"andeq r0, r0, r0",1
"andeq pc, r0, r0, lsl 16",1
"andeq r0, r1, r0, lsl 8",1
"stmdaeq r0, {r8, sb}",1
"tsteq r8, r8, lsr pc",1
"cmneq ip, r0",1
"andeq r0, r3, r0",1
"addseq r3, pc, r8, lsl 16",1
"andeq r0, r0, r0",1
invalid,1
"streq r0, [r0], -0",1
invalid,1
"tsteq r8, r0",1
"mrseq r0, spsr",1
"andeq r0, r1, r0",1
"andeq r0, r0, r0, asr r0",1
"andeq r0, r0, r0",1
"andeq pc, r0, r0, lsl 16",1
"andeq r0, r1, r0, lsl 8",1
"andlo r0, r0, r0, lsl 4",1
"muleq r1, pc, r8",1
"andeq r7, r1, r0, lsl 24",1
"andlo r0, r0, r0, lsl 4",1
"muleq r0, pc, r0",1
"andeq r0, r0, r0",1
"andeq r1, r1, r0, lsl 16",1
"andeq r4, r1, r0, lsl 24",1
"andpl r0, r0, r0, lsl 2",1
"andeq r0, r0, r0",1
"andeq r0, r0, r0",1
"andeq r0, r0, r4, lsr 2",1
"andeq r0, r0, ip, asr 2",1
"subseq r0, r0, r1",1
"andeq r0, r0, r0",1
"andlo r0, r0, r0",1
invalid,1
invalid,1
"andeq r5, r0, r0",1
"andeq r0, r0, r0",1
"cmneq ip, r0",1
"orreq r0, r0, r0",1
"andeq r0, r2, r0",1
"orreq r0, r0, sp, ror r0",1
"orreq r0, r4, r0",1
"andeq r0, r2, r0",1
"orreq r2, r4, sp, ror r4",1
"cdpeq p0, 4, c0, c8, c0, 0",1
"andeq r0, r3, r0",1
"andeq sb, r1, sp, ror r0",1
"andeq r0, r0, r0",1
invalid,1
"strls r0, [r0, -r1]",1
invalid,1
"orrseq r5, r7, r0",1
"cdpeq p0, 4, c0, c8, c0, 0",1
"andeq r0, r3, r0",1
invalid,1
"andeq r0, r0, r0",1
invalid,1
"strls r0, [r0, -r1]",1
invalid,1
"orrseq r5, r7, r0, lsl 2",1
"cdpeq p0, 4, c0, c8, c0, 0",1
"andeq r0, r1, r0",1
"andeq r0, r0, sb, asr r0",1
"andeq r0, r0, r0",1
"andeq r7, r1, r0, lsl 24",1
"andeq sb, r1, r0, lsl 14",1
"andpl r0, r0, 0, 2",1
"muleq r0, r7, r1",1
"andeq r0, r0, r8, asr 28",1
"ldchi p0, c0, [r1], {3}",1
"andeq r0, r0, pc, ror r0",1
"andeq r0, r0, r0",1
"andeq r7, r1, r0, lsl 24",1
"andeq sb, r1, r0, lsl 14",1
"movwpl r0, 0x100",1
"muleq r0, r7, r1",1
"andeq r0, r0, r4, asr 17",1
"ldrbgt r0, [fp], -1",1
invalid,1
"movweq r0, 9",1
svcvc 0xa09100,1
"andeq r0, r0, ip, asr sb",1
"andeq r0, r0, r4, lsr 26",1
"ldrbhs r0, [fp], -1",1
invalid,1
"movweq r0, 0xd",1
svcvc 0xa09100,1
"andeq r0, r0, ip, lsr 26",1
"andeq r0, r0, r8, lsr sp",1
"ldmdalo fp, {r0} ^",1
invalid,1
invalid,1
"ldceq p0, c5, [ip, -0]!",1
"cdpeq p0, 4, c0, c8, c0, 0",1
"andeq r0, r1, r0",1
"andeq r0, r0, fp, asr r0",1
"andeq r0, r0, r0",1
"andeq r7, r1, r0, lsl 24",1
"andeq sl, r2, r0, lsl 24",1
"mrsls r0, r8_usr",1
"andeq sl, r2, r0, lsl 24",1
"andeq sp, sb, r0",1
"mrsls r0, r8_usr",1
"andeq sp, sb, r8, ror r0",1
"andeq r1, sl, r0",1
"andlo r0, r0, 0, 4",1
"muleq sl, pc, r0",1
"andeq r5, sl, r0",1
"movwlo r0, 0x200",1
"muleq sl, pc, r0",1
"andeq r8, sl, r0",1
"andlo r0, r0, 0, 4",1
"muleq sl, pc, r0",1
"andeq sl, sl, r0, lsl 16",1
"movwlo r0, 0x200",1
"muleq sl, pc, r8",1
"andeq ip, sl, r0, lsl 24",1
"mrsls r0, r8_usr",1
"andeq ip, sl, r0, lsl 24",1
"andeq r3, sp, r0, lsl 24",1
"mrsls r0, r8_usr",1
"andeq r3, sp, r8, ror ip",1
"andeq r5, sp, r0",1
"andlo r0, r0, 0, 4",1
"muleq sp, pc, r0",1
"andeq r6, sp, r0, lsl 8",1
"movwlo r0, 0x200",1
"muleq sp, pc, r4",1
"andeq sp, sp, r0, lsl 24",1
"mrsls r0, r8_usr",1
"andeq sp, sp, r8, ror ip",1
"andeq r0, lr, r0, lsl 8",1
"mrsls r0, r8_usr",1
"andeq r0, lr, r0, lsl 8",1
"andeq r2, lr, r0, lsl 8",1
"andlo r0, r0, 0, 4",1
"muleq lr, pc, r4",1
"andeq r4, lr, r0, lsl 16",1
"movwlo r0, 0x200",1
"muleq r0, pc, r0",1
"andeq r0, r0, r0",1
"andeq r7, r1, r0, lsl 24",1
"andeq r0, r2, r0, lsl 24",1
"mrsls r0, r8_usr",1
"andeq r2, r2, ip, lsl 24",1
"andeq sb, r2, r0",1
"mrsls r0, r8_usr",1
"andeq sb, r2, r4",1
"andeq sl, r2, r0, lsl 24",1
"mrsls r0, r8_usr",1
"andeq sl, r2, ip, lsl 24",1
"andeq sp, sb, r0",1
"mrsls r0, r8_usr",1
"andeq sp, sb, r4",1
"andeq ip, sl, r0, lsl 24",1
"mrsls r0, r8_usr",1
"andeq ip, sl, ip, lsl 24",1
"andeq r3, sp, r0, lsl 24",1
"mrsls r0, r8_usr",1
"andeq r3, sp, r4, lsl 24",1
"andeq r6, sp, r0, lsl 8",1
"mrsls r0, r8_usr",1
"andeq r6, sp, ip, lsl 8",1
"andeq sp, sp, r0, lsl 24",1
"mrsls r0, r8_usr",1
"andeq sp, sp, r4, lsl 24",1
"andeq lr, sp, r0, lsl 24",1
"mrsls r0, r8_usr",1
"andeq lr, sp, ip, lsl 24",1
"andeq pc, sp, r0, lsl 8",1
invalid,1
"andeq r0, r0, r4, lsl 28",1
"andeq r0, r0, r8, asr 28",1
"ldceq p0, c0, [r1], {2}",1
"andeq r0, r0, r0",1
"andeq r0, r0, r0",1
"andeq r0, r0, ip, ror r1",1
"andeq r0, r0, ip, lsr 4",1
"addsne r0, r1, r2",1
"andeq r0, r0, ip, lsr 4",1
"muleq r0, r0, r2",1
"ldmeq r1, {r1}",1
"muleq r0, r0, r2",1
"andeq r0, r0, ip, lsr 5",1
"addsne r0, r1, r2",1
"andeq r0, r0, ip, lsr 5",1
"ldrdeq r0, r1, [r0], -r0",1
"ldmeq r1, {r1}",1
"ldrdeq r0, r1, [r0], -r0",1
"andeq r0, r0, ip, asr 21",1
"addsne r0, r1, r2",1
"andeq r0, r0, ip, asr 21",1
"andeq r0, r0, ip, lsr sp",1
"ldmeq r1, {r1}",1
"andeq r0, r0, ip, lsr sp",1
"andeq r0, r0, r4, ror 26",1
"addsne r0, r1, r2",1
"andeq r0, r0, r4, ror 26",1
"ldrdeq r0, r1, [r0], -ip",1
"ldmeq r1, {r1}",1
"ldrdeq r0, r1, [r0], -ip",1
"andeq r0, r0, ip, ror 27",1
"addsne r0, r1, r2",1
"andeq r0, r0, ip, ror 27",1
"strdeq r0, r1, [r0], -r4",1
"ldmeq r1, {r1}",1
"strdeq r0, r1, [r0], -r4",1
"andeq r0, r0, r0, lsl 28",1
"addsne r0, r1, r2",1
"andeq r0, r0, r4, lsl 28",1
"andeq r0, r0, r8, asr 28",1
"addsne r0, r1, r2",1
"andeq r0, r0, r0",1
"andeq r0, r0, r0",1
"andeq r0, r0, ip, lsr 5",1
"ldrdeq r0, r1, [r0], -r4",1
svcls 0x300002,1
"ldrdeq r0, r1, [r0], -r4",1
"muleq r0, r4, r5",1
"ldrbls r0, [sl], -1",1
"stmda r0, {r0, r2}",1
invalid,1
"strbeq r5, [r8, 0x300]!",1
"strbeq r0, [r8], -r0",1
"andeq r0, r1, r0",1
"andeq r5, r6, sl, asr ip",1
"andeq r1, sb, r0",1
bpl 0x17500,1
"andeq r0, r0, r0, lsl sb",1
"andeq r0, r0, r8, lsl sb",1
svcvc 0x7a0003,1
"muleq sb, pc, r8",1
"andeq r4, sb, r0",1
bpl 0x17518,1
"andeq r0, r0, r0, asr 18",1
"andeq r0, r0, r4, asr sb",1
svcvc 0x7a0003,1
"muleq sb, pc, ip",1
"andeq sp, sb, r0",1
bpl 0x17530,1
"andeq r0, r0, ip, asr 21",1
"strdeq r0, r1, [r0], -r8",1
"subseq r0, sl, r1",1
invalid,1
invalid,1
"vstmdbeq r4!, {s11}",1
"ldcleq p0, c0, [ip]",1
"andeq r0, r1, r0",1
"andeq r0, r0, sl, asr r0",1
"andeq r0, r0, r0",1
"andeq r7, r1, r0, lsl 24",1
"andeq r5, r2, r0, lsl 16",1
"andlo r0, r0, r0, lsl 4",1
"muleq r2, pc, r8",1
"andeq sb, r2, r0",1
"strpl r0, [r0], -0x100",1
"muleq r0, r0, r2",1
"andeq r0, r0, ip, lsr 5",1
svcls 0x300002,1
"andeq r0, r0, ip, lsr 5",1
"andeq r0, r0, r8, lsr 11",1
"ldmdage r4, {r0} ^",1
"str r0, [r0], -5",1
invalid,1
"strbeq r5, [r4, 0x200]!",1
"ldrteq r0, [r4], r0",1
"andeq r0, r1, r0",1
"andeq sp, r6, r4, asr r8",1
"andeq r3, r7, r0",1
"strpl r0, [r0], -0x100",1
"andeq r0, r0, r0, lsl 15",1
"andeq r0, r0, r8, lsl r8",1
"ldmdane r4, {r0} ^",1
"stmdami r0, {r3}",1
invalid,1
"stmdaeq r8, {sb, ip, lr} ^",1
invalid,1
"andeq r0, r1, r0",1
"andeq r5, r8, r3, asr ip",1
"andeq r6, r8, r0, lsl 16",1
"andpl r0, r0, 0, 2",1
"andeq r0, r0, r8, ror 16",1
"muleq r0, r8, r8",1
"ldrbgt r0, [r4], -1",1
"andle r0, r0, r8",1
invalid,1
"ldmeq r0, {sl, ip, lr} ^",1
invalid,1
"andeq r0, r1, r0",1
"andeq r0, sb, ip, asr r8",1
"andeq sl, sb, r0, lsl 8",1
"strpl r0, [r0], -0x100",1
"andeq r0, r0, r4, lsr 19",1
"andeq r0, r0, ip, asr 19",1
"mrrcgt p0, 0, r0, r3, c1",1
"andle r0, r0, sb",1
invalid,1
"ldmibeq r0, {sl, ip, lr} ^",1
beq 0xff31721c,1
"andeq r0, r2, r0",1
beq 0xff33eee4,1
bleq 0xfe117228,1
"andeq r0, r1, r0",1
"andeq r8, fp, r4, asr r4",1
"andeq lr, ip, r0, lsl 24",1
"mrsls r0, lr_irq",1
"stcleq p15, c7, [ip], 0x2c0",1
"ldceq p0, c0, [ip, -0]!",1
"andeq r0, r1, r0",1
"andeq r3, sp, r4, asr ip",1
"andeq r6, sp, r0, lsl 8",1
"andlo r0, r0, r0, lsl 4",1
"muleq sp, pc, r4",1
"andeq sp, sp, r0, lsl 24",1
"mrsls r0, lr_irq",1
"ldcleq p15, c7, [ip, 0x2c0]",1
"cdpeq p0, 4, c0, c8, c0, 0",1
"andeq r0, r2, r0",1
"andeq sb, r0, r0, lsr pc",1
"andeq r0, r0, r0",1
"cmneq ip, r0",1
"eorseq r0, ip, 0",1
"andeq r0, r2, r0",1
"eorseq sb, ip, 48, 30",1
"subseq r0, r8, 0",1
"andeq r0, r2, r0",1
"rsbseq r0, r0, 0x91000000",1
"addseq r0, r0, 0",1
"andeq r0, r2, r0",1
"addseq r0, r0, 0x910000",1
"adceq r0, ip, 0",1
"andeq r0, r2, r0",1
"adceq sb, ip, 48, 30",1
"ldrteq r0, [r4], r0",1
"andeq r0, r3, r0",1
"ldrbtlt sb, [pc], -0xc91    ; [0x172b0:4]=0x1000006",1
"stmdagt r0, {r1, r2}",1
invalid,1
"ldrbteq r5, [r4], r0, lsl 24",1
"ldrbeq r0, [r4, -r0]!",1
"andeq r0, r3, r0",1
invalid,1
"andle r0, r0, r7",1
"movweq r0, 9",1
svcvc 0x9c9100,1
"ldrdeq r0, r1, [r0], -r0",1
"andeq r0, r0, ip, asr 21",1
svcls 0x300002,1
"andeq r0, r0, ip, asr 21",1
"andeq r0, r0, ip, lsr sp",1
"ldcls p0, c0, [r1], {3}",1
"andeq r3, sp, pc, ror ip",1
"andeq r6, sp, r0, lsl 8",1
"andlo r0, r0, r0, lsl 4",1
"muleq sp, pc, r4",1
"andeq sp, sp, r0, lsl 24",1
"mrsls r0, lr_irq",1
"ldcleq p15, c7, [ip, 0x270]",1
"stcleq p0, c0, [ip, 0]!",1
"andeq r0, r2, r0",1
"stcleq p15, c9, [ip, 0xc0]!",1
"ldcleq p0, c0, [r4, 0]!",1
"andeq r0, r1, r0",1
"andeq pc, sp, r1, asr r4",1
"andeq r4, lr, r0, lsl 16",1
"andlo r0, r0, r0, lsl 4",1
"muleq r0, pc, r0",1
"andeq r0, r0, r0",1
"andeq r7, r1, r0, lsl 24",1
"andeq r8, r2, r0",1
"andlo r0, r0, r0, lsl 4",1
"muleq r2, pc, r0",1
"andeq sb, r2, r0",1
"andpl r0, r0, r0, lsl 2",1
"muleq r0, r0, r2",1
"andeq r0, r0, ip, lsr 5",1
svcls 0x300002,1
"andeq r0, r0, ip, lsr 5",1
"ldrdeq r0, r1, [r0], -r0",1
"ldmhi r1, {r0, r1}",1
"andeq sp, sb, pc, ror r0",1
"andeq ip, sl, r0, lsl 24",1
"andlo r0, r0, r0, lsl 4",1
"muleq sl, pc, ip",1
"andeq r3, sp, r0, lsl 24",1
"mrsls r0, lr_irq",1
"ldceq p15, c7, [ip, -0x220]!",1
"stcleq p0, c0, [r4, -0]!",1
"andeq r0, r2, r0",1
"stcleq p15, c9, [r4, -0xc0]!",1
"ldcleq p0, c0, [ip]",1
"andeq r0, r3, r0",1
"ldclle p8, c8, [pc], -0x244",1
"stmdami r0, {r0, r2, r3}",1
"andeq r0, r0, 0xe",1
"addseq r3, pc, r0",1
"andeq r0, r0, r0",1
invalid,1
"andvc r0, r0, r1",1
"andeq r0, r0, 2",1
"addsvc r3, pc, r0",1
"andls r0, r0, r2",1
"andeq r0, r0, 2",1
"addsls r3, pc, r0, lsl 2",1
invalid,1
"andeq r0, r0, 2",1
"ldcge p0, c3, [pc], {0}",1
"andle r0, r0, r2",1
"movweq r0, 9",1
svcvc 0x849100,1
"ldrdeq r0, r1, [r0], -r0",1
"andeq r0, r0, ip, asr 21",1
svcls 0x300002,1
"andeq r0, r0, ip, asr 21",1
"andeq r0, r0, ip, lsr sp",1
"ldrhi r0, [r1], 3",1
"andeq r3, sp, pc, ror ip",1
"andeq r6, sp, r0, lsl 8",1
"andlo r0, r0, r0, lsl 4",1
"muleq sp, pc, r4",1
"andeq sp, sp, r0, lsl 24",1
"mrsls r0, lr_irq",1
"ldcleq p15, c7, [ip, 0x210]",1
"cdpeq p0, 4, c0, c8, c0, 0",1
"andeq r0, r2, r0",1
"andeq sb, r0, r0, lsr pc",1
"andeq r0, r0, r0",1
"moveq r0, r0",1
invalid,1
"andeq r0, r5, r0",1
"ldmdbhs r1!, {r4, r5, r6}",1
"muleq r1, pc, r4",1
"andeq sb, r2, r0",1
invalid,1
"smlatblo r6, r4, pc, r7",1
"addseq sb, r0, 41, 30",1
"addseq r0, r3, 0",1
"andeq r0, r5, r0",1
"ldmdbhs r1!, {r4, r5, r6}",1
"muleq r2, pc, r3",1
"andeq sb, r2, r0, lsl 8",1
invalid,1
"smlatblo r6, r4, pc, r7",1
"addseq sb, r4, 41, 30",1
"adceq r0, ip, 0",1
"andeq r0, r5, r0",1
"ldmdbhs r1!, {r4, r5, r6}",1
"muleq r2, pc, ip",1
"andeq sp, sb, r0",1
invalid,1
"smlatblo r6, r4, pc, r7",1
"ldmibeq r0, {r0, r3, r5, r8, sb, sl, fp, ip, pc} ^",1
beq 0xff317484,1
"andeq r0, r5, r0",1
"ldmdbhs r1!, {r4, r5, r6}",1
"muleq sl, pc, ip",1
"andeq r3, sp, r0, lsl 24",1
invalid,1
"smlatblo r6, r4, pc, r7",1
"ldceq p15, c9, [ip, -0xa4]!",1
"stcleq p0, c0, [r4, -0]!",1
"andeq r0, r5, r0",1
"ldmdbhs r1!, {r4, r5, r6}",1
"muleq sp, pc, r4",1
"andeq r0, lr, r0, lsl 8",1
invalid,1
"smlatblo r6, r4, pc, r7",1
"cdpeq p15, 0, c9, c4, c9, 1",1
"cdpeq p0, 4, c0, c8, c0, 0",1
"andeq r0, r5, r0",1
"ldmdbhs r1!, {r4, r5, r6}",1
"muleq r0, pc, r0",1
"andeq r0, r0, r0",1
"andeq fp, r1, r0",1
"andeq r5, sl, r0",1
"mrsls r0, lr_irq",1
beq 0x1437324,1
beq 0xfea174e8,1
"andeq r0, r2, r0",1
beq 0xfea3f1b4,1
"cdpeq p0, 4, c0, c8, c0, 0",1
"andeq r0, r3, r0",1
invalid,1
"andeq r0, r0, r0",1
invalid,1
invalid,1
invalid,1
invalid,1
"eoreq r0, ip, 0",1
"andeq r0, r2, r0",1
"ldcleq p8, c7, [ip, 0x244]",1
"stcleq p0, c0, [ip, 0]!",1
"andeq r0, r2, r0",1
"ldcleq p8, c7, [r4, 0x244]!",1
"cdpeq p0, 0, c0, c4, c0, 0",1
"andeq r0, r2, r0",1
"muleq r0, r1, r8",1
"andeq r0, r0, r0",1
invalid,1
"eoreq r0, ip, 0",1
"andeq r0, r6, r0",1
"sbceq sb, r7, r3",1
"ldcleq p15, c9, [ip]",1
"stcleq p0, c0, [ip, 0]!",1
"andeq r0, r6, r0",1
"sbceq sb, r7, r3",1
"ldcleq p15, c9, [r4, 0]!",1
"cdpeq p0, 0, c0, c4, c0, 0",1
"andeq r0, r6, r0",1
"sbceq sb, r7, r3",1
"andeq sb, r0, r0, lsl 30",1
"andeq r0, r0, r0",1
"andeq r0, r8, 0",1
"andeq r0, ip, 0",1
"andeq r0, r1, r0",1
"andeq r0, r2, r0, asr ip",1
"andeq r2, r2, r0, lsl 24",1
"mrsls r0, r8_usr",1
"andeq sp, sp, r4, lsl 24",1
"andeq lr, sp, r0, lsl 6",1
"andpl r0, r0, r0, lsl 2",1
"andeq r0, r0, r3, ror 27",1
"andeq r0, r0, ip, ror 27",1
"ldreq r0, [r1], 2",1
"strdeq r0, r1, [r0], -r4",1
"andeq r0, r0, r4, lsl 28",1
"ldreq r0, [r1], 2",1
"andeq r0, r0, r0",1
"andeq r0, r0, r0",1
"andeq r0, r0, ip, lsl 4",1
"andeq r0, r0, ip, lsr 4",1
"ldmvc r1, {r1}",1
"strdeq r0, r1, [r0], -r4",1
"andeq r0, r0, r4, lsl 28",1
"ldmvc r1, {r1}",1
"andeq r0, r0, r0",1
"andeq r0, r0, r0",1
"andeq r0, r0, ip, lsl 4",1
"andeq r0, r0, ip, lsr 4",1
"andhi r0, r3, r6",1
svcls 0xc7,1
"strdeq r0, r1, [r0], -r4",1
"andeq r0, r0, r4, lsl 28",1
"andhi r0, r3, r6",1
svcls 0xc7,1
"andeq r0, r0, r0",1
"andeq r0, r0, r0",1
"andeq r0, r0, r8, lsr 4",1
"andeq r0, r0, ip, lsr 4",1
invalid,1
blx 0x17642,1
invalid,1
"ldcleq p0, c5, [fp, 0]!",1
"cdpeq p0, 0, c0, c4, c0, 0",1
"andeq r0, r2, r0",1
"muleq r0, r1, r8",1
"andeq r0, r0, r0",1
"tsteq r0, 0",1
"ldreq r0, [r4]",1
"andeq r0, r2, r0",1
"ldreq r0, [r4, 0x76]",1
"strbeq r0, [r8, 0]!",1
"andeq r0, r7, r0",1
"uhadd8eq r8, pc, r1",1
"stmda r2!, {r0, r1, r4, r5, r6}",1
"vst4.8 {d0, d1, d2, d3}, [r0], r5",1
invalid,1
"strteq r5, [r4], -r0, lsl 10",1
"strbeq r0, [r4], -r0",1
"andeq r0, r1, r0",1
"andeq r4, r6, r5, asr r8",1
"andeq r6, r6, r0",1
"strpl r0, [r0, -0x100]",1
"strdeq r0, r1, [r0], -r4",1
"andeq r0, r0, r0, lsr r7",1
"rsbseq r0, r6, r2",1
"andeq r0, r0, r0, lsl 15",1
"andeq r0, r0, ip, asr r8",1
"rsbseq r0, r6, r2",1
"andeq r0, r0, ip, asr r8",1
"andeq r0, r0, r8, ror 16",1
"andlo r0, r8, r3",1
"muleq r8, pc, r8",1
"andeq r7, r8, r0, lsl 14",1
"strvc r0, [r0], -r0, lsl 4",1
"andeq r7, r8, r0, lsl 14",1
"andeq sb, r8, r0, lsl 16",1
"strpl r0, [r0, -0x100]",1
"andeq r0, r0, r4, asr 17",1
"andeq r0, r0, r0, lsl 18",1
"mrrceq p0, 0, r0, r5, c1",1
"stmdane r0, {r0, r3}",1
invalid,1
"stmdbeq r8!, {r8, sl, ip, lr}",1
invalid,1
"andeq r0, r1, r0",1
"andeq r5, sb, r5, asr ip",1
"andeq sp, sb, r0",1
"strvc r0, [r0], -r0, lsl 4",1
"andeq r4, fp, r0",1
"andeq r5, fp, r0, lsl 8",1
"strvc r0, [r0], -r0, lsl 4",1
"andeq r5, fp, r0, lsl 8",1
"andeq r8, fp, r0",1
"strpl r0, [r0, -0x100]",1
"andeq r0, r0, r0, lsl 23",1
"andeq r0, r0, ip, ror 25",1
"ldrlt r0, [r1], 3",1
"andeq lr, ip, pc, ror ip",1
"andeq r2, sp, r0, lsl 8",1
"strvc r0, [r0], -r0, lsl 4",1
"andeq r2, sp, r0, lsl 8",1
"andeq r2, sp, r0, lsl 24",1
"strpl r0, [r0, -0x100]",1
"andeq r0, r0, ip, lsr 26",1
"andeq r0, r0, r3, lsr sp",1
"rsbseq r0, r6, r2",1
"andeq r0, r0, r3, lsr sp",1
"andeq r0, r0, ip, lsr sp",1
"ldrbvs r0, [r5], -1",1
invalid,1
"movweq r0, 0xd",1
svcvc 0xb49100,1
"andeq r0, r0, r0",1
"andeq r0, r0, r0",1
"andeq r0, r0, r4, lsl 15",1
"strheq r0, [r0], -r4",1
"ldrblt r0, [r3], -1",1
invalid,1
"movweq r0, 7",1
svcls 0x660800,1
"strheq r0, [r0], -ip",1
"andeq r0, r0, r4, asr 15",1
"strvc r0, [r8], -r3",1
"muleq r7, pc, ip",1
"andeq sp, r7, r0, lsl 8",1
"stmdaeq r0, {r8, sb}",1
"ldmdbeq ip, {r2, r4, r5, r6, r8, sb, sl, fp, ip, pc} ^",1
invalid,1
"andeq r0, r3, r0",1
"addseq r5, pc, r8, lsl 24",1
"andeq r0, r0, r0",1
invalid,1
invalid,1
"andeq r0, r0, 3",1
"ldceq p0, c3, [pc], {0}",1
"stmda r0, {r0, r1}",1
invalid,1
"ldrbteq r5, [r4], r0, lsl 14",1
"ldreq r0, [r0, -r0]!",1
"andeq r0, r1, r0",1
"andeq r8, r7, r7, asr r0",1
"andeq sb, r8, r0, lsl 16",1
"strpl r0, [r0, -r0, lsl 2]",1
"andeq r0, r0, r4, asr 17",1
"andeq r0, r0, r8, lsl sb",1
"ldmdahs r7, {r0} ^",1
invalid,1
invalid,1
"stmdbeq ip, {r8, sb, sl, ip, lr} ^",1
invalid,1
"andeq r0, r2, r0",1
"ldmdbeq r0, {r4, r5, r8, sb, sl, fp, ip, pc} ^",1
invalid,1
"andeq r0, r1, r0",1
"andeq r5, sb, r7, asr ip",1
"andeq sp, sb, r0",1
"strpl r0, [r0, -r0, lsl 2]",1
"andeq r0, r0, ip, asr 21",1
"andeq r0, r0, r0, asr 22",1
svcls 0x300002,1
"andeq r0, r0, r0, asr 22",1
"andeq r0, r0, r4, lsl 23",1
"ldrbhi r0, [r7], -1",1
invalid,1
"movweq r0, 0xc",1
svcvc 0xb89100,1
"andeq r0, r0, ip, ror 25",1
"andeq r0, r0, ip, lsr sp",1
"ldrbvs r0, [r7], -1",1
invalid,1
"movweq r0, 0xd",1
svcvc 0xb89100,1
"andeq r0, r0, r0",1
"andeq r0, r0, r0",1
"andeq r0, r0, r4, ror r8",1
"muleq r0, r8, r8",1
svcls 0x310002,1
"andeq r0, r0, r0, asr fp",1
"andeq r0, r0, r4, lsl 23",1
svcls 0x300002,1
"andeq r0, r0, r4, lsl 23",1
"andeq r0, r0, ip, asr 25",1
"mrrcgt p0, 0, r0, r5, c1",1
invalid,1
"movweq r0, 0xc",1
svcvc 0xa09100,1
"andeq r0, r0, ip, lsr 26",1
"andeq r0, r0, ip, lsr sp",1
svcls 0x300002,1
"andeq r0, r0, r4, ror 26",1
"andeq r0, r0, r4, ror sp",1
"ldrbvc r0, [r5], -1",1
"andhi r0, r0, sp",1
"movweq r0, 0xd",1
svcvc 0xa09100,1
"andeq r0, r0, r0, lsl 27",1
"muleq r0, r4, sp",1
"ldrbls r0, [r5], -1",1
"strlt r0, [r0], -0xd",1
"movweq r0, 0xd",1
svcvc 0xa09100,1
"strheq r0, [r0], -r4",1
"ldrdeq r0, r1, [r0], -r4",1
"ldrble r0, [r3], -1",1
invalid,1
"movweq r0, 0xd",1
svcvc 0xa09100,1
"andeq r0, r0, r0",1
"andeq r0, r0, r0",1
"andeq r0, r0, r8, ror r8",1
"muleq r0, r8, r8",1
"rsbseq r0, r5, r6, lsl r0",1
"tstlo sl, r8, lsl 30",1
"streq r7, [r0], -r4, lsr 32",1
beq 0xbc950,1
"andsmi r4, sl, r0",1
svcls 0x2e3024,1
"andeq r0, r0, r0, asr fp",1
"andeq r0, r0, r4, lsl 23",1
svcls 0x310002,1
"andeq r0, r0, r4, lsl 23",1
"strheq r0, [r0], -r4",1
"mrrchs p0, 0, r0, r6, c1",1
invalid,1
"andeq r0, r0, 0xd",1
"ldrvs r3, [pc], 0x100       ; [0x178f4:4]=0x100000d",1
"stmdavc r0, {r0, r2, r3}",1
invalid,1
"stceq p6, c5, [r0]",1
"ldceq p0, c0, [ip]",1
"andeq r0, r1, r0",1
"andeq r0, r0, r6, asr r0",1
"andeq r0, r0, r0",1
"andeq sp, r2, r0, lsl 8",1
"andeq sp, sb, r0",1
"mrsls r0, r8_usr",1
"andeq ip, sl, r4, asr 24",1
"andeq r3, sp, r0, lsl 24",1
"mrsls r0, r8_usr",1
"andeq r6, sp, r4, asr 8",1
"andeq sp, sp, r0, lsl 24",1
"mrsls r0, r8_usr",1
"andeq r0, r0, r4, asr 32",1
"andeq r0, r0, r0",1
"andeq sl, fp, r0, lsl 8",1
"andeq sb, ip, r0, lsl 8",1
"andpl r0, r0, r0, lsl 2",1
"muleq r0, r4, ip",1
"andeq r0, r0, r8, asr 25",1
"ldrbvs r0, [r7], -1",1
invalid,1
invalid,1
"andeq r5, r0, r0",1
"andeq r0, r0, r0",1
bleq 0xff617968,1
bleq 0xffb1796c,1
"andeq r0, r2, r0",1
"andeq sb, r0, r1, lsr pc",1
"andeq r0, r0, r0",1
bleq 0x101797c,1
"stcleq p0, c0, [ip], 0",1
"andeq r0, r2, r0",1
"stceq p15, c9, [ip, -0xe0]!",1
"ldceq p0, c0, [ip, -0]!",1
"andeq r0, r2, r0",1
"stcleq p15, c9, [r4, -0xe0]!",1
"ldcleq p0, c0, [ip]",1
"andeq r0, r2, r0",1
"andeq sb, r0, r8, lsr pc",1
"andeq r0, r0, r0",1
bleq 0x10179a8,1
"stcleq p0, c0, [ip], 0",1
"andeq r0, r2, r0",1
"stceq p15, c9, [ip, -0xc0]!",1
"ldceq p0, c0, [ip, -0]!",1
"andeq r0, r2, r0",1
"stcleq p15, c9, [r4, -0xc0]!",1
"ldcleq p0, c0, [ip]",1
"andeq r0, r2, r0",1
"andeq sb, r0, r0, lsr pc",1
"andeq r0, r0, r0",1
bleq 0x10179d4,1
bleq 0xfe8179d8,1
"andeq r0, r3, r0",1
"umullsge r4, pc, r1, r8",1
"movwge r0, 0xb",1
invalid,1
bleq 0xfe8ec5ec,1
"stceq p0, c0, [r0], 0",1
"andeq r0, r3, r0",1
"umullsge r4, pc, r1, r8",1
"strge r0, [r0, -ip]",1
invalid,1
"stceq p0, c5, [r7], 0",1
"stcleq p0, c0, [ip], 0",1
"andeq r0, r3, r0",1
"ldchs p8, c4, [pc], {0x91}",1
invalid,1
"movweq r0, 0xd",1
svcls 0x489100,1
"andeq r0, r0, r4, ror 26",1
"ldrdeq r0, r1, [r0], -ip",1
"ldmmi r1, {r0, r1}",1
"muleq r0, pc, r0",1
"andeq r0, r0, r0",1
"andeq fp, r8, r0, lsl 8",1
"andeq r5, sb, r0, lsl 24",1
invalid,1
"andeq r0, r0, r4, lsr 26",1
"andeq r0, r0, ip, lsr 26",1
"subseq r0, r1, r1",1
"andeq r0, r0, r0",1
invalid,1
invalid,1
"andeq r0, r0, 0xe",1
invalid,1
"andpl r0, r0, lr",1
"andeq r0, r0, 0xe",1
"eorpl r7, r4, r0, lsl 26",1
invalid,1
"movweq r0, 0xf",1
"sbcseq r7, r0, r0, lsl 26",1
"andeq r0, r0, r0",1
"andeq r0, r0, r0",1
"andeq r0, r0, r8, asr 28",1
"andeq r0, r0, r3, ror 28",1
"cmpvs r0, 1",1
invalid,1
invalid,1
"andeq r5, r0, r0, lsl 12",1
"andeq r0, r0, r0",1
"cdpeq p0, 4, c0, c8, c0, 0",1
"cdpeq p0, 6, c0, c3, c0, 0",1
"andeq r0, r1, r0",1
"andeq r6, lr, r1, asr r3",1
"andeq pc, pc, r0, lsl 16",1
bpl 0x17eb0,1
"andeq r0, r0, r0",1
"andeq r0, r0, r0",1
"andeq r0, r0, r8, asr 28",1
"andeq r0, r0, r3, ror 28",1
"cmpvs r2, 1",1
invalid,1
invalid,1
"andeq r5, r0, r0, lsl 18",1
"andeq r0, r0, r0",1
"cdpeq p0, 4, c0, c8, c0, 0",1
"cdpeq p0, 6, c0, c3, c0, 0",1
"andeq r0, r1, r0",1
"andeq r6, lr, r3, asr r3",1
"andeq pc, pc, r0, lsl 16",1
"strpl r0, [r0], -0x100",1
"andeq r0, r0, r0",1
"andeq r0, r0, r0",1
"andeq r0, r0, r8, ror lr",1
"andeq r0, r0, r8, lsr 29",1
"ldmdage r0, {r0} ^",1
svcge 0xe,1
"andeq r0, r0, 0xe",1
svcge 0x7800,1
"andgt r0, r0, lr",1
"andeq r0, r0, 0xf",1
"subgt sb, ip, r0, lsl 2",1
"stmdagt r0, {r0, r1, r2, r3}",1
invalid,1
svceq 0xc85000,1
svceq 0xcf0000,1
"andeq r0, r2, r0",1
svceq 0xcf0078,1
svceq 0xe80000,1
"andeq r0, r2, r0",1
svceq 0xe84c91,1
svceq 0xeb0000,1
"andeq r0, r1, r0",1
"andeq lr, pc, r0, asr fp",1
"andeq lr, pc, r0, lsl 24",1
"mrsls r0, r8_usr",1
"andeq lr, pc, ip, asr 24",1
"andeq lr, pc, r0, lsl 30",1
"andpl r0, r0, r0, lsl 2",1
"andeq r0, r0, pc, ror 31",1
"strdeq r0, r1, [r0], -r8",1
"ldcmi p0, c0, [r1], {2}",1
"andeq r0, r0, r0",1
"andeq r0, r0, r0",1
"andeq r0, r0, ip, ror lr",1
"strheq r0, [r0], -r4",1
"ldrblt r0, [r5], -1",1
"stmdalt r0, {r1, r2, r3}",1
invalid,1
"cdpeq p0, 0xb, c5, c8, c0, 0",1
svceq 0xd80000,1
"andeq r0, r1, r0",1
"andeq sp, pc, r5, asr r8",1
"andeq lr, pc, r0",1
"andpl r0, r0, r0, lsl 2",1
"andeq r0, r0, r0, ror 31",1
"strdeq r0, r1, [r0], -r8",1
"subseq r0, r5, r1",1
"andeq r0, r0, r0",1
"andls r0, r0, r0",1
"strle r0, [r0], -0xe",1
invalid,1
svceq 0xc05b00,1
svceq 0xe80000,1
"andeq r0, r1, r0",1
"andeq lr, pc, fp, asr ip",1
"andeq pc, pc, r0, lsl 16",1
blpl 0x17fd0,1
"andeq r0, r0, r0",1
"andeq r0, r0, r0",1
"muleq r0, r0, lr",1
"strheq r0, [r0], -r4",1
"rsbseq r0, r5, sb",1
"mrseq r7, spsr",1
"addsgt r2, pc, r0, lsl 18",1
"stmdale r0, {r0, r1, r2, r3}",1
"stmdbeq r0, {r0, r1, r2, r3}",1
"movweq r7, 0x500",1
"andeq r4, r1, ip, ror sp",1
svceq 0xec9f29,1
svceq 0xf80000,1
"andeq r0, sb, r0",1
invalid,1
"stmdbhs r0, {r0, r2, r3, r6, r8}",1
"muleq r0, pc, r0",1
"andeq r0, r0, r0",1
"andeq fp, lr, r0, lsl 24",1
"andeq ip, lr, r0, lsl 16",1
blvc 0x19c24,1
invalid,1
"ldmgt pc, {r0, r1, r4, r5, sl, sp}",1
svcgt 0xe,1
invalid,1
"andeq r5, r0, r0, lsl 4",1
"andeq r0, r0, r0",1
"cdpeq p0, 0xb, c0, c12, c0, 0",1
"cdpeq p0, 0xd, c0, c4, c0, 0",1
"andeq r0, r2, r0",1
"andeq sb, r0, r0, lsr pc",1
"andeq r0, r0, r0",1
"cdpeq p0, 0xb, c0, c12, c0, 0",1
"cdpeq p0, 0xc, c0, c12, c0, 0",1
"andeq r0, r8, r0",1
"ldrths r0, [r3], -0x70",1
svcls 0x220075,1
"andeq r0, r0, ip, asr 29",1
"andeq r0, r0, pc, asr 29",1
"stmdavc r3, {r2, r3}",1
"streq r0, [r0], -sp, asr 2",1
"rsbseq r2, r5, r3, lsr r4",1
"andeq sb, r0, r2, lsr 30",1
"andeq r0, r0, r0",1
"cdpeq p0, 0xe, c0, c12, c0, 0",1
svceq 0x2f0000,1
"andeq r0, r1, r0",1
"andeq r4, pc, ip, asr r4",1
"andeq r5, pc, r0, lsl 22",1
invalid,1
"andeq r0, r0, r0",1
"andeq r0, r0, r0",1
"strdeq r0, r1, [r0], -r0",1
"andeq r0, r0, r8, lsr 31",1
"mrrcge p0, 0, r0, r7, c1",1
"andgt r0, r0, pc",1
invalid,1
"andeq r5, r0, r0, lsl 14",1
"andeq r0, r0, r0",1
"cdpeq p0, 0xf, c0, c0, c0, 0",1
svceq 0x40000,1
"andeq r0, r1, r0",1
"andeq r0, pc, r0, asr r4",1
"andeq r1, pc, r0, lsl 24",1
invalid,1
"andeq r0, r0, ip, lsl pc",1
"andeq r0, r0, r0, asr 31",1
"ldrmi r0, [r1], 2",1
"andeq r0, r0, r0",1
"andeq r0, r0, r0",1
"andeq r0, r0, r0, lsr pc",1
"andeq r0, r0, r4, asr pc",1
"ldrbpl r0, [r0], -1",1
blpl 0x17d34,1
"movweq r0, 0xf",1
svcls 0x7f7100,1
"andeq r0, r0, r0",1
"andeq r0, r0, r0",1
"andeq r0, r0, r0, ror 30",1
"andeq r0, r0, fp, ror 30",1
"subseq r0, r1, r1",1
"andeq r0, r0, r0",1
invalid,1
invalid,1
"andeq r0, r0, 0xf",1
invalid,1
invalid,1
"andeq r0, r0, 0x10",1
"andseq r7, r0, r0, lsl 26",1
"andeq r0, r0, r0",1
invalid,1
"movweq r0, 0xf",1
invalid,1
"andne r5, r3, r0",1
"eorne r0, ip, r0",1
"andeq r0, r1, r0",1
"andeq r0, r0, r5, asr r0",1
"andeq r0, r0, r0",1
"andseq r2, r0, r0, lsl 24",1
"andseq r3, r0, r0, lsl 16",1
"andpl r0, r0, r0, lsl 2",1
"andeq r1, r0, r8, lsr r0",1
"andeq r1, r0, r4, asr 32",1
invalid,1
"andeq sb, r0, r0, asr pc",1
"andeq r0, r0, r0",1
"subne r0, r4, r0",1
"subsne r0, r0, r0",1
"andeq r0, r1, r0",1
"andseq r5, r0, r0, asr r0",1
"andseq r5, r0, r0, lsl 24",1
"vshl.u8 d0, d0, d0",1
"addseq r5, pc, r1",1
"andeq r0, r0, r0",1
invalid,1
"strvc r0, [r0], -0x10",1
"andeq r0, r0, 0x10",1
"strvc r7, [r0], -0xd00",1
"andge r0, r0, r0, lsl r0",1
"andeq r0, r0, 0x10",1
"andeq r7, r4, r0, lsl 26",1
"andeq r0, r0, r0",1
invalid,1
"andhi r0, r0, r0, lsl r0",1
invalid,1
"addne r5, r0, r0",1
"adcne r0, r0, r0",1
"andeq r0, r4, r0",1
svcls 0x5001f3,1
"andeq r0, r0, r0",1
"andeq r0, r0, r0",1
"andeq r1, r0, ip, asr r0",1
"andeq r1, r0, ip, ror r0",1
"mrrcvc p0, 0, r0, r1, c1",1
"andge r0, r0, r0, lsl r0",1
"streq r0, [r0], -0x10",1
"mrspl pc, sp_irq",1
"muleq r0, pc, r0",1
"andeq r0, r0, r0",1
"andseq r5, r0, r0, lsl 24",1
"andseq r8, r0, r0, lsl 8",1
"andpl r0, r0, 0, 2",1
"andeq r1, r0, r4, lsl 1",1
"andeq r1, r0, r0, lsr 1",1
invalid,1
"andeq sb, r0, r2, asr pc",1
"andeq r0, r0, r0",1
"subsne r0, ip, r0",1
"rsbsne r0, ip, r0",1
"andeq r0, r1, r0",1
"andeq r0, r0, r1, asr r0",1
"andeq r0, r0, r0",1
"andseq r6, r0, r0, lsl 24",1
"andseq r7, r0, r0",1
invalid,1
invalid,1
"addsvc r2, pc, r0, lsl 4",1
"andge r0, r0, r0, lsl r0",1
"stmdaeq r0, {r4}",1
"andlo r7, r0, 0, 24",1
"andhs r7, r0, 36, 6",1
"muleq r0, pc, r0",1
"andeq r0, r0, r0",1
"andseq r7, r0, r0, lsl 24",1
"andseq sb, r0, r0",1
invalid,1
"andeq r0, r0, r0",1
"andeq r0, r0, r0",1
"andeq r1, r0, r0, lsr 1",1
"andeq r1, r0, ip, lsr 1",1
"mrrcge p0, 0, r0, r0, c1",1
invalid,1
invalid,1
"andeq r5, r0, r0, lsl 6",1
"andeq r0, r0, r0",1
"adcsne r0, ip, r0",1
"sbcne r0, r0, r0",1
"andeq r0, r2, r0",1
"sbcne r0, r0, sp, ror r0",1
"rscsne r0, r0, r0",1
"andeq r0, r2, r0",1
"andeq r0, r0, sp, ror r8",1
"andeq r0, r0, r0",1
"adcsne r0, ip, r0",1
"sbcne r0, ip, r0",1
"andeq r0, r1, r0",1
"andseq ip, r0, r0, asr ip",1
"andseq lr, r0, r0, lsl 22",1
"andpl r0, r0, r0, lsl 2",1
"andeq r1, r0, fp, ror 1",1
"strdeq r1, r2, [r0], -r0",1
"stmda r3, {r0, r1, r4}",1
"vrhadd.u8 q0, q0, q7",1
invalid,1
"stmdahs sb!, {r4, r6, ip, sp}",1
"tstne r6, 1",1
"muleq r0, pc, r0",1
"andeq r0, r0, r0",1
"andseq fp, r0, r0, lsl 24",1
"andseq lr, r0, r0, lsl 22",1
invalid,1
"andeq r1, r0, fp, ror 1",1
"strdeq r1, r2, [r0], -r0",1
invalid,1
"andeq sb, r0, r1, asr pc",1
"andeq r0, r0, r0",1
"adcsne r0, ip, r0",1
"rscne r0, fp, r0",1
"andeq r0, r1, r0",1
"andseq lr, r0, r2, asr fp",1
"andseq pc, r0, r0",1
"vshl.u8 d0, d0, d0",1
"addseq r5, pc, r1, lsl 4",1
"andeq r0, r0, r0",1
invalid,1
"vst4.8 {d0, d1, d2, d3}, [r0:0x40], r0",1
"andeq r0, r0, 0x10",1
invalid,1
invalid,1
"andeq r0, r0, 0x10",1
invalid,1
invalid,1
"andeq r0, r0, 0x11",1
"eorseq r7, r8, r0, lsl 26",1
"andeq r0, r0, r0",1
invalid,1
"streq r0, [r0], -0x10",1
invalid,1
invalid,1
invalid,1
"andeq r0, r1, r0",1
"andeq r0, r0, r7, asr r0",1
"andeq r0, r0, r0",1
"andseq pc, r0, r0",1
"andseq r1, r1, r0, lsl 22",1
invalid,1
"andeq r1, r0, fp, lsl r1",1
"andeq r1, r0, ip, ror 2",1
"subseq r0, sb, r1",1
"andeq r0, r0, r0",1
invalid,1
blne 0x17fd8,1
invalid,1
"tstne fp, r0, lsl 4",1
invalid,1
"andeq r0, r1, r0",1
"andeq r0, r0, sl, asr r0",1
"andeq r0, r0, r0",1
"andseq pc, r0, r0",1
"andseq r1, r1, r0, lsl 22",1
"movwpl r0, 0x100",1
"andeq r1, r0, fp, lsl r1",1
"andeq r1, r0, ip, ror 2",1
"subseq r0, r8, r1",1
"andeq r0, r0, r0",1
invalid,1
"andvc r0, r0, r1, lsl r0",1
"andeq r0, r0, 0x11",1
"andvc r7, r0, r0, lsl 26",1
"stmdavc r0, {r0, r4}",1
"andeq r0, r0, 0x11",1
"stmdavc r4!, {r8, sl, fp, ip, sp, lr}",1
"stmdalo r0, {r0, r4}",1
"movweq r0, 0x12",1
"sbceq r7, r8, r0, lsl 26",1
"andeq r0, r0, r0",1
"andeq r0, r0, r0",1
"andeq r1, r0, ip, ror 2",1
"andeq r1, r0, pc, lsl 3",1
svchi 0x500001,1
"stmdalo r0, {r0, r4}",1
invalid,1
"andeq r5, r0, r0, lsl 14",1
"andeq r0, r0, r0",1
invalid,1
"orrne r0, pc, r0",1
"andeq r0, r1, r0",1
"andseq r8, r1, r1, asr pc",1
"andseq r3, r2, r0, lsl 16",1
"strpl r0, [r0], -r0, lsl 2",1
"andeq r0, r0, r0",1
"andeq r0, r0, r0",1
"andeq r1, r0, ip, ror 2",1
"andeq r1, r0, pc, lsl 3",1
svchi 0x520001,1
"stmdalo r0, {r0, r4}",1
invalid,1
"andeq r5, r0, r0, lsl 10",1
"andeq r0, r0, r0",1
invalid,1
"orrne r0, pc, r0",1
"andeq r0, r1, r0",1
"andseq r8, r1, r3, asr pc",1
"andseq r3, r2, r0, lsl 16",1
"vshl.u8 d0, d0, d0",1
"addseq r5, pc, r1, lsl 6",1
"andeq r0, r0, r0",1
invalid,1
"andle r0, r0, r1, lsl r0",1
invalid,1
"bicsne r5, r0, r0, lsl 4",1
"bicsne r0, r3, r0",1
"andeq r0, r2, r0",1
"bicsne r0, r3, r8, ror r0",1
"eorsne r0, r8, 0",1
"andeq r0, r2, r0",1
"muleq r0, r1, ip",1
"andeq r0, r0, r0",1
"bicsne r0, r8, r0",1
invalid,1
"andeq r0, r1, r0",1
"andseq lr, r1, r1, asr r7",1
"andseq r3, r2, r0, lsl 16",1
blvc 0x18cb8,1
"andeq sb, r0, r1, lsl 30",1
"andeq r0, r0, r0",1
"eorsne r0, r8, 0",1
"subne r0, r3, 0",1
"andeq r0, r1, r0",1
"andseq r4, r2, r0, asr r3",1
"andseq r4, r2, r0, lsl 8",1
"vshl.u8 d0, d0, d0",1
"addseq r5, pc, r1",1
"andeq r0, r0, r0",1
invalid,1
"movwmi r0, 0x12",1
invalid,1
"subne r5, r3, 0, 2",1
"subne r0, r4, 0",1
"andeq r0, r4, r0",1
svcls 0x5101f3,1
"andeq r0, r0, r0",1
"andeq r0, r0, r0",1
"andeq r1, r0, r8, lsr r2",1
"andeq r1, r0, r0, asr 4",1
"subsmi r0, r2, r1",1
"movwmi r0, 0x12",1
invalid,1
"subne r5, r3, 0, 6",1
"subne r0, r4, 0",1
"andeq r0, r4, r0",1
svcls 0x5201f3,1
"andeq r0, r0, r0",1
"andeq r0, r0, r0",1
"andeq r1, r0, r4, asr 4",1
"andeq r1, r0, r8, asr 4",1
"rsbseq r0, sp, r2",1
"andeq r1, r0, r8, asr 4",1
"andeq r1, r0, ip, asr 5",1
"ldmdane sp!, {r1} ^",1
"andeq r0, r0, r0",1
"andeq r0, r0, r0",1
"andeq r1, r0, r4, asr r2",1
"andeq r1, r0, r4, ror 4",1
svcls 0x310002,1
"andeq r1, r0, r0, ror r2",1
"andeq r1, r0, ip, ror r2",1
"subseq r0, r4, r1",1
"andeq r0, r0, r0",1
invalid,1
"smladle r0, r2, r0, r0",1
invalid,1
"sbcsne r5, r7, 0",1
"sbcsne r0, ip, 0",1
"andeq r0, r4, r0",1
svcls 0x5001f3,1
"andeq r0, r0, r0",1
"andeq r0, r0, r0",1
"andeq r1, r0, ip, asr 5",1
"ldrdeq r1, r2, [r0], -r7",1
"ldrble r0, [r1, -r1]",1
invalid,1
"streq r0, [r0], -0x12",1
"mrspl pc, sp_irq",1
"muleq r0, pc, r0",1
"andeq r0, r0, r0",1
"andseq sp, r2, r0, lsl 24",1
"andseq lr, r2, r0, lsl 6",1
"andpl r0, r0, r0, lsl 2",1
"andeq r1, r0, r3, ror 5",1
"andeq r1, r0, r8, ror 5",1
invalid,1
"andeq sb, r0, r0, asr pc",1
"andeq r0, r0, r0",1
"sbcsne r0, ip, 0",1
"rscne r0, r3, 0",1
"andeq r0, r1, r0",1
"andseq lr, r2, r1, asr r3",1
"andseq lr, r2, r0, lsl 16",1
"vshl.u8 d0, d0, d0",1
"addseq r5, pc, r1, lsl 2",1
"andeq r0, r0, r0",1
invalid,1
"movw r0, 0x12",1
invalid,1
"rscne r5, r3, 0, 4",1
"rscne r0, r8, 0",1
"andeq r0, r4, r0",1
svcls 0x5201f3,1
"andeq r0, r0, r0",1
"andeq r0, r0, r0",1
"andeq r1, r0, r8, ror 5",1
"strdeq r1, r2, [r0], -r0",1
invalid,1
"vqadd.u8 d0, d0, d2",1
invalid,1
"rscsne r5, r3, 0, 2",1
"rscsne r0, r4, 0",1
"andeq r0, r4, r0",1
svcls 0x5001f3,1
"andeq r0, r0, r0",1
"andeq r0, r0, r0",1
"strdeq r1, r2, [r0], -r4",1
"andeq r1, r0, r0, lsl 6",1
"subseq r0, r0, r1",1
"smladeq r0, r3, r0, r0",1
invalid,1
"movwne r5, 0x7300",1
"movwne r0, 0x8000",1
"andeq r0, r4, r0",1
svcls 0x5001f3,1
"andeq r0, r0, r0",1
"andeq r0, r0, r0",1
"strdeq r1, r2, [r0], -r4",1
"andeq r1, r0, r4, lsl 6",1
"ldrbeq r0, [r1], -1",1
"smladeq r0, r3, r0, r0",1
invalid,1
"movwne r5, 0x7200",1
"movwne r0, 0x8000",1
"andeq r0, r4, r0",1
svcls 0x5101f3,1
"andeq r0, r0, r0",1
"andeq r0, r0, r0",1
"andeq r1, r0, r8, lsl 6",1
"andeq r1, r0, ip, lsl 6",1
"rsbseq r0, sp, r2",1
"andeq r1, r0, ip, lsl 6",1
"andeq r1, r0, r0, lsl r3",1
"ldcleq p0, c0, [sp], -8",1
"andeq r1, r0, r0, lsl r3",1
"andeq r1, r0, ip, lsr r3",1
"rsbsgt r0, sp, r3",1
"andeq r0, r0, r0",1
"andeq r0, r0, r0",1
"andseq r0, r3, r0, lsl 16",1
"andseq r1, r3, r0, lsl 24",1
"andpl r0, r0, r0, lsl 2",1
"andeq r1, r0, ip, lsl r3",1
"andeq r1, r0, ip, lsr r3",1
"subseq r0, r4, r1",1
"andeq r0, r0, r0",1
invalid,1
svcne 0x13,1
invalid,1
"tstne pc, 0, 2",1
"teqne ip, 0",1
"andeq r0, r4, r0",1
svcls 0x5101f3,1
"andeq r0, r0, r0",1
"andeq r0, r0, r0",1
"andeq r1, r0, r8, lsl 6",1
"andeq r1, r0, pc, lsl r3",1
svcne 0x520001,1
invalid,1
invalid,1
"andeq r5, r0, r0, lsl 10",1
"andeq r0, r0, r0",1
"teqne ip, 0",1
"movtne r0, 0",1
"andeq r0, r2, r0",1
"movtne r0, 0x7d",1
"movtne r0, 0x4000",1
"andeq r0, r2, r0",1
"movtne r1, 0x407d",1
"cmnne r4, 0",1
"andeq r0, r3, r0",1
"andeq ip, r0, sp, ror r0",1
"andeq r0, r0, r0",1
invalid,1
"strpl r0, [r0], -0x13",1
invalid,1
"cmpne r4, 0",1
"cmnne r4, 0",1
"andeq r0, r1, r0",1
"andeq r0, r0, r4, asr r0",1
"andeq r0, r0, r0",1
"andseq r3, r3, r0, lsl 24",1
"andseq r5, r3, r0, lsl 14",1
invalid,1
"andeq r1, r0, r7, asr r3",1
"andeq r1, r0, r4, ror r3",1
invalid,1
"andeq sb, r0, r1, asr pc",1
"andeq r0, r0, r0",1
"teqne ip, 0",1
"cmpne r7, 0",1
"andeq r0, r1, r0",1
"andseq r5, r3, r2, asr r7",1
"andseq r7, r3, r0, lsl 8",1
"strpl r0, [r0, -0x100]",1
"andeq r0, r0, r0",1
"andeq r0, r0, r0",1
"andeq r1, r0, ip, lsr r3",1
"andeq r1, r0, r7, asr r3",1
"ldrbpl r0, [r3, -r1]",1
"strvc r0, [r0], -0x13",1
invalid,1
"andeq r5, r0, r0, lsl 12",1
"andeq r0, r0, r0",1
"cmnne r4, 0",1
"orrne r0, r0, 0",1
"andeq r0, r1, r0",1
"andseq r8, r3, r0, asr r0",1
"andseq r8, r3, r0, lsl 14",1
"movwpl r0, 0x100",1
"andeq r1, r0, r7, lsl 7",1
"andeq r1, r0, r8, lsl 7",1
invalid,1
"andeq sb, r0, r0, asr pc",1
"andeq r0, r0, r0",1
"cmnne r4, 0",1
"orrne r0, r4, 0",1
"andeq r0, r1, r0",1
"andseq r8, r3, r1, asr r4",1
"andseq r8, r3, r0, lsl 14",1
"andpl r0, r0, 0, 2",1
"andeq r1, r0, r7, lsl 7",1
"andeq r1, r0, r8, lsl 7",1
invalid,1
"andeq sb, r0, r1, asr pc",1
"andeq r0, r0, r0",1
"orrne r0, r8, 0",1
"orrne r0, ip, 0",1
"andeq r0, r2, r0",1
"orrne r0, ip, 0x7d",1
invalid,1
"andeq r0, r2, r0",1
"andeq r0, r0, sp, ror r4",1
"andeq r0, r0, r0",1
"orrne r0, r8, 0",1
"orrsne r0, ip, 0",1
"andeq r0, r1, r0",1
"andseq sb, r3, r0, asr ip",1
"andseq sl, r3, r0, lsl 24",1
"strpl r0, [r0], -0x100",1
"andeq r0, r0, r0",1
"andeq r0, r0, r0",1
"andeq r1, r0, r8, lsl 7",1
"andeq r1, r0, r0, lsr 7",1
"subsge r0, r1, r1",1
blge 0x184bc,1
invalid,1
invalid,1
invalid,1
"andeq r0, r4, r0",1
svcls 0x5101f3,1
"andeq r0, r0, r0",1
"andeq r0, r0, r0",1
"andeq r1, r0, r8, lsl 7",1
"andeq r1, r0, r4, lsr 7",1
"ldrbge r0, [r2], -1",1
blge 0x184e8,1
invalid,1
invalid,1
invalid,1
"andeq r0, r4, r0",1
svcls 0x5201f3,1
"andeq r0, r0, r0",1
"andeq r0, r0, r0",1
"andeq r1, r0, ip, lsr 7",1
"strheq r1, [r0], -r0",1
"rsbseq r0, sp, r2",1
"strheq r1, [r0], -r0",1
"strheq r1, [r0], -r8",1
"rsbsne r0, sp, r2",1
"strheq r1, [r0], -r8",1
"andeq r1, r0, ip, lsr 8",1
"rsbsgt r0, sp, r3",1
"andeq r0, r0, r0",1
"andeq r0, r0, r0",1
"andseq sl, r3, r0, lsl 24",1
"andseq ip, r3, r0, lsl 24",1
"andpl r0, r0, r0, lsl 2",1
"andeq r1, r0, ip, asr 7",1
"andeq r1, r0, ip, lsr 8",1
"subseq r0, r6, r1",1
"andeq r0, r0, r0",1
invalid,1
invalid,1
invalid,1
"bicne r5, ip, 0, 2",1
"strtne r0, [ip], -0",1
"andeq r0, r1, r0",1
"andeq r0, r0, r5, asr r0",1
"andeq r0, r0, r0",1
"andseq sl, r3, r0, lsl 24",1
"andseq ip, r3, r0, lsl 24",1
"andpl r0, r0, 0, 2",1
"andeq r1, r0, ip, asr 7",1
"andeq r1, r0, ip, lsr 8",1
invalid,1
"andeq sb, r0, r2, asr pc",1
"andeq r0, r0, r0",1
"mvnne r0, 0",1
invalid,1
"andeq r0, r1, r0",1
"andeq r0, r0, r4, asr r0",1
"andeq r0, r0, r0",1
"andseq lr, r3, r0, lsl 8",1
"andseq lr, r3, r0, lsl 24",1
invalid,1
invalid,1
"strmi r2, [r8], -0x27c",1
invalid,1
"mvnsne r0, 0",1
"andeq r0, fp, r0",1
"ldrths r0, [r2], -0x7c",1
"stmdaeq r2!, {r0, r4, r7, sl, fp, ip, sp, lr}",1
invalid,1
invalid,1
svceq 0x13,1
"strlo r7, [r0, -0x400]",1
"andlo r2, r2, 0x94000000",1
"rsbshs sb, ip, 36, 2",1
svcls 0x1c4408,1
"andeq r0, r0, r0",1
"andeq r0, r0, r0",1
"strdeq r1, r2, [r0], -r8",1
"andeq r1, r0, r8, lsl 8",1
"subseq r0, r4, r1",1
"andeq r0, r0, r0",1
invalid,1
"andeq r0, r0, r3, lsl r0",1
"stmdaeq r0, {r2, r4}",1
"strvc r7, [r0], -0x300",1
bne 0xc619c4,1
"mulseq r4, pc, r0",1
"andseq r0, r4, r0, lsl 8",1
"andpl r0, r0, 0, 2",1
"andeq r1, r0, r4, lsl 8",1
"andeq r1, r0, r0, lsl r4",1
"rsbseq r0, r2, r5",1
"addseq r2, pc, r1, lsr r7",1
"andeq r0, r0, r0",1
invalid,1
"smladlo r0, r4, r0, r0",1
invalid,1
"ldrtne r5, [r7], -0",1
"ldrtne r0, [r8], -0",1
"andeq r0, r4, r0",1
svcls 0x5001f3,1
"andeq r0, r0, r0",1
"andeq r0, r0, r0",1
"andeq r1, r0, ip, lsr 8",1
"andeq r1, r0, r4, lsr r4",1
"ldrblo r0, [r1], -1",1
"stmdalo r0, {r2, r4}",1
"streq r0, [r0], -0x14",1
"mrspl pc, sp_irq",1
"muleq r0, pc, r0",1
"andeq r0, r0, r0",1
"andseq r3, r4, r0, lsl 16",1
"andseq r3, r4, r0, lsl 30",1
"andpl r0, r0, r0, lsl 2",1
"andeq r1, r0, pc, lsr r4",1
"andeq r1, r0, r0, asr 8",1
invalid,1
"andeq sb, r0, r0, asr pc",1
"andeq r0, r0, r0",1
"strbne r0, [r0], -0",1
"strbne r0, [r7], -0",1
"andeq r0, r1, r0",1
"andseq r4, r4, r0, asr r7",1
"andseq r4, r4, r0, lsl 16",1
"vshl.u8 d0, d0, d0",1
"addseq r5, pc, r1",1
"andeq r0, r0, r0",1
"andmi r0, r0, r0",1
"smladmi r0, r4, r0, r0",1
invalid,1
"strbne r5, [r7], -0x100",1
"strbne r0, [r8], -0",1
"andeq r0, r4, r0",1
svcls 0x5101f3,1
"andeq r0, r0, r0",1
"andeq r0, r0, r0",1
"andeq r1, r0, r8, asr 8",1
"andeq r1, r0, ip, asr 8",1
"rsbseq r0, sp, r2",1
"andeq r1, r0, ip, asr 8",1
"andeq r1, r0, r4, asr r4",1
"ldrbtne r0, [sp], -2",1
"andeq r1, r0, r4, asr r4",1
"strheq r1, [r0], -r0",1
"ldmdagt sp!, {r0, r1} ^",1
"andeq r0, r0, r0",1
"andeq r0, r0, r0",1
"andseq r4, r4, r0, lsl 16",1
"andseq r6, r4, r0, lsl 24",1
"andpl r0, r0, r0, lsl 2",1
"andeq r1, r0, ip, ror 8",1
"strheq r1, [r0], -r0",1
"subseq r0, r5, r1",1
"andeq r0, r0, r0",1
invalid,1
invalid,1
invalid,1
"strbtne r5, [ip], -0x100",1
"ldrtne r0, [r0], 0",1
"andeq r0, r1, r0",1
"andeq r0, r0, r7, asr r0",1
"andeq r0, r0, r0",1
"andseq r4, r4, r0, lsl 16",1
"andseq r6, r4, r0, lsl 24",1
"andpl r0, r0, 0, 2",1
"andeq r1, r0, ip, ror 8",1
"strheq r1, [r0], -r0",1
"subseq r0, r6, r1",1
"andeq r0, r0, r0",1
invalid,1
invalid,1
invalid,1
"strbtne r5, [ip], -0x300",1
"ldrtne r0, [r0], 0",1
"andeq r0, r1, r0",1
"andeq r0, r0, r4, asr r0",1
"andeq r0, r0, r0",1
"andseq fp, r4, r0",1
"andseq fp, r4, r0, lsl 8",1
"stcvc p2, c0, [r0, -0]",1
"andseq fp, r4, r0, lsl 8",1
"andseq fp, r4, r0, lsl 24",1
"stcvc p2, c0, [r0, -0]",1
"andseq fp, r4, r4, lsl 24",1
"andseq ip, r4, r0, lsl 24",1
"stcvc p2, c0, [r0, -0]",1
"andeq r0, r0, r0, lsl r0",1
"andeq r0, r0, r0",1
"andseq fp, r4, r0",1
"andseq ip, r4, r0, lsl 6",1
"andpl r0, r0, r0, lsl 2",1
"andeq r1, r0, r3, asr 9",1
"andeq r1, r0, ip, asr 9",1
invalid,1
"andeq sb, r0, r0, asr pc",1
"andeq r0, r0, r0",1
"ldrtne r0, [r0], 0",1
"strbne r0, [r3], 0",1
"andeq r0, r1, r0",1
"andseq ip, r4, r1, asr r3",1
"andseq ip, r4, r0, lsl 24",1
"vshl.u8 d0, d0, d0",1
"addseq r5, pc, r1, lsl 2",1
"andeq r0, r0, r0",1
"andlt r0, r0, r0",1
"movwgt r0, 0x14",1
invalid,1
"strbne r5, [r3], 0x200",1
"strbne r0, [ip], 0",1
"andeq r0, r4, r0",1
svcls 0x5201f3,1
"andeq r0, r0, r0",1
"andeq r0, r0, r0",1
"strheq r1, [r0], -r0",1
"andeq r1, r0, r3, asr 9",1
"cmpgt r3, 1",1
invalid,1
"streq r0, [r0], -0x14",1
"movwpl pc, 0x1300",1
"muleq r0, pc, r0",1
"andeq r0, r0, r0",1
"andseq ip, r4, r0, lsl 24",1
"andseq sp, r4, r0",1
"stcvc p2, c0, [r0, -0]",1
"andseq sp, r4, r0",1
"andseq pc, r4, r0",1
"stcvc p2, c0, [r0, -0]",1
"andeq r0, r0, r4",1
"andeq r0, r0, r0",1
"andseq ip, r4, r0, lsl 24",1
"andseq lr, r4, r0",1
"andpl r0, r0, r0, lsl 2",1
"andeq r1, r0, r0, ror 9",1
"strdeq r1, r2, [r0], -r0",1
"subseq r0, r4, r1",1
"andeq r0, r0, r0",1
invalid,1
"str r0, [r0], -0x14",1
invalid,1
"strbtne r5, [r4], 0x100",1
"strbtne r0, [pc], 0",1
"andeq r0, r1, r0",1
"andseq lr, r4, ip, asr pc",1
"andseq pc, r4, r0",1
"vshl.u8 d0, d0, d0",1
"addseq r5, pc, r1, lsl 2",1
"andeq r0, r0, r0",1
invalid,1
"stmda r0, {r2, r4}",1
invalid,1
"strbtne r5, [r8], 0x200",1
"strbtne r0, [pc], 0",1
"andeq r0, r1, r0",1
"andseq lr, r4, r3, asr pc",1
"andseq pc, r4, r0",1
"vshl.u8 d0, d0, d0",1
"addseq r5, pc, r1, lsl 4",1
"andeq r0, r0, r0",1
invalid,1
"vst4.8 {d0, d1, d2, d3}, [r0:0x40], r4",1
"andeq r0, r0, 0x14",1
invalid,1
"streq r0, [r0], -0x14",1
"andeq r0, r0, 0x15",1
"streq r7, [r8], -0xd00",1
"strhs r0, [r0], -0x15",1
"andeq r0, r0, 0x15",1
"andseq r7, r0, r0, lsl 26",1
"andeq r0, r0, r0",1
invalid,1
"stmdane r0, {r2, r4}",1
invalid,1
"ldrne r5, [r8, -0]",1
"ldrne r0, [fp, -0]",1
"andeq r0, r1, r0",1
"andseq r1, r5, r1, asr fp",1
"andseq r2, r5, r0, lsl 8",1
"strpl r0, [r0], -0x100",1
"andeq r0, r0, r0",1
"andeq r0, r0, r0",1
"strdeq r1, r2, [r0], -r0",1
"andeq r1, r0, ip, lsl 10",1
"mrrceq p0, 0, r0, r1, c1",1
blne 0x18930,1
invalid,1
"ldrne r5, [fp, -0xe00]",1
"strne r0, [r4, -0]!",1
"andeq r0, r4, r0",1
svcls 0x5101f3,1
"andeq r0, r0, r0",1
"andeq r0, r0, r0",1
"strdeq r1, r2, [r0], -r0",1
"andeq r1, r0, r0, lsl r5",1
"subsne r0, r2, r1",1
blne 0x1895c,1
invalid,1
"ldrne r5, [fp, -0xc00]",1
"strne r0, [r4, -0]!",1
"andeq r0, r4, r0",1
svcls 0x5201f3,1
"andeq r0, r0, r0",1
"andeq r0, r0, r0",1
"strdeq r1, r2, [r0], -r0",1
"andeq r1, r0, r4, lsl r5",1
"ldrbne r0, [r3], -1",1
blne 0x18988,1
"andeq r0, r0, 0x15",1
blne 0x37d3c,1
"strhs r0, [r0], -0x15",1
"streq r0, [r0], -0x15",1
"movwpl pc, 0x1300",1
"muleq r0, pc, r0",1
"andeq r0, r0, r0",1
"andseq r2, r5, r0, lsl 8",1
"andseq r2, r5, r0, lsl 22",1
"andpl r0, r0, r0, lsl 2",1
"andeq r1, r0, fp, lsr 10",1
"andeq r1, r0, r0, lsr r5",1
invalid,1
"andeq sb, r0, r0, asr pc",1
"andeq r0, r0, r0",1
"strne r0, [r4, -0]!",1
"strne r0, [fp, -0]!",1
"andeq r0, r1, r0",1
"andseq r2, r5, r1, asr fp",1
"andseq r3, r5, r0",1
"vshl.u8 d0, d0, d0",1
"addseq r5, pc, r1, lsl 2",1
"andeq r0, r0, r0",1
"strhs r0, [r0], -0",1
blhs 0x189ec,1
invalid,1
"strne r5, [fp, -0x200]!",1
"ldrne r0, [r0, -0]!",1
"andeq r0, r4, r0",1
svcls 0x5201f3,1
"andeq r0, r0, r0",1
"andeq r0, r0, r0",1
"andeq r1, r0, r0, lsr r5",1
"andeq r1, r0, ip, lsr r5",1
"mrrclo p0, 0, r0, r0, c1",1
"movwmi r0, 0x15",1
invalid,1
"strbne r5, [r3, -0x300]",1
"strbne r0, [r4, -0]",1
"andeq r0, r4, r0",1
svcls 0x5001f3,1
"andeq r0, r0, r0",1
"andeq r0, r0, r0",1
"andeq r1, r0, r0, lsr r5",1
"andeq r1, r0, r0, asr 10",1
"subsmi r0, r1, r1",1
"movwmi r0, 0x15",1
invalid,1
"strbne r5, [r3, -0x200]",1
"strbne r0, [r4, -0]",1
"andeq r0, r4, r0",1
svcls 0x5101f3,1
"andeq r0, r0, r0",1
"andeq r0, r0, r0",1
"andeq r1, r0, r4, asr 10",1
"andeq r1, r0, fp, asr 10",1
blmi 0x1418a1c,1
invalid,1
"streq r0, [r0], -0x15",1
"andpl pc, r1, r0, lsl 6",1
"muleq r0, pc, r0",1
"andeq r0, r0, r0",1
"andseq r4, r5, r0, lsl 8",1
"andseq r4, r5, r0, lsl 22",1
invalid,1
"andeq r1, r0, fp, asr 10",1
"andeq r1, r0, ip, asr 10",1
invalid,1
"andeq sb, r0, r1, asr pc",1
"andeq r0, r0, r0",1
"strbne r0, [ip, -0]",1
"ldrbne r0, [r4, -0]",1
"andeq r0, r1, r0",1
"andseq r5, r5, r0, asr r4",1
"andseq r5, r5, r0, lsl 14",1
invalid,1
"andeq r1, r0, r7, asr r5",1
"andeq r1, r0, r8, asr r5",1
invalid,1
"andeq sb, r0, r0, asr pc",1
"andeq r0, r0, r0",1
"andeq r0, r0, r0",1
"andeq r0, r4, r0",1
"andeq r0, r2, r0",1
"andeq r0, r4, sp, ror r0",1
"andeq r0, r8, r0",1
"andeq r0, r2, r0",1
"andeq r0, r8, sp, ror r8",1
"subseq r0, r4, r0",1
"andeq r0, r3, r0",1
"andeq pc, r0, sp, ror r0",1
"andeq r0, r0, r0",1
"andeq r0, r0, r0",1
"strne r0, [r0], -0",1
invalid,1
"andseq r5, r4, r0",1
"eorseq r0, ip, r0",1
"andeq r0, r1, r0",1
"andeq r3, r0, r4, asr ip",1
"andeq r4, r0, r0, lsl 16",1
"vshl.u8 d0, d0, d0",1
"ldmmi pc, {r0, ip, lr}",1
invalid,1
invalid,1
"subeq r5, ip, r0, lsl 8",1
"subseq r0, r4, r0",1
"andeq r0, r4, r0",1
svcls 0x5001f3,1
"andeq r0, r0, r0",1
"andeq r0, r0, r0",1
"andeq r0, r0, r0",1
"andeq r0, r0, r4",1
"rsbseq r0, sp, r2",1
"andeq r0, r0, r4",1
"andeq r0, r0, ip",1
"ldclne p0, c0, [sp], -8",1
"andeq r0, r0, ip",1
"andeq r0, r0, r0, lsl 7",1
"rsbsgt r0, sp, r3",1
"andeq r0, r0, r0",1
"andeq r0, r0, r0",1
"andeq r0, r0, r0",1
"andeq r3, r0, r0, lsl 14",1
"andpl r0, r0, r0, lsl 2",1
"andeq r0, r0, r7, lsr r0",1
"andeq r0, r0, r8, lsr 6",1
"ldmdahs r5, {r0} ^",1
bllo 0x18b40,1
invalid,1
"teqeq fp, 0",1
"orreq r0, r0, 0",1
"andeq r0, r1, r0",1
"andeq r0, r0, r5, asr r0",1
"andeq r0, r0, r0",1
"andeq r0, r0, r0",1
"andeq r2, r0, r0, lsl 24",1
invalid,1
"andeq r0, r0, ip, lsr 32",1
"andeq r0, r0, r7, lsr r0",1
"ldrblo r0, [lr, -r1]",1
invalid,1
"streq r0, [r0], -3",1
"mrspl pc, sp_irq",1
"muleq r3, pc, r8",1
"andeq r3, r3, r0",1
invalid,1
"andeq r0, r0, r0, lsr r3",1
"andeq r0, r0, fp, lsr r3",1
bllo 0x1798b8c,1
"andhi r0, r0, r3",1
"streq r0, [r0], -3",1
"mrspl pc, sp_irq",1
"muleq r0, pc, r0",1
"andeq r0, r0, r0",1
"andeq r0, r0, r0",1
"andeq r3, r0, r0",1
"andpl r0, r0, 0, 2",1
"andeq r0, r0, r0, lsr r0",1
"andeq r0, r0, r7, lsr r0",1
"ldrblo r0, [ip, -r1]",1
invalid,1
"streq r0, [r0], -3",1
"andpl pc, r1, 0, 6",1
"muleq r3, pc, r8",1
"andeq r3, r3, r0, lsl 8",1
"andpl r0, r0, 0, 2",1
"andeq r0, r0, r4, lsr r3",1
"andeq r0, r0, fp, lsr r3",1
bllo 0x1718bdc,1
"andhi r0, r0, r3",1
"streq r0, [r0], -3",1
"andpl pc, r1, 0, 6",1
"muleq r0, pc, r0",1
"andeq r0, r0, r0",1
"andeq r0, r0, r0",1
"andeq r3, r0, r0, lsl 8",1
"movwpl r0, 0x100",1
"andeq r0, r0, r4, lsr r0",1
"andeq r0, r0, r7, lsr r0",1
"ldclt p0, c0, [r1], {3}",1
"andeq r3, r0, pc, ror r7",1
"andeq r2, r3, r0, lsl 16",1
"vshl.u8 d0, d0, d0",1
"ldmhs pc, {r0, r8, sb, ip, lr}",1
"stmdalo r0, {r0, r1}",1
invalid,1
"teqeq r8, 0, 6",1
"teqeq fp, 0",1
"andeq r0, r2, r0",1
"teqeq fp, 0x7d",1
"orreq r0, r0, 0",1
"andeq r0, r4, r0",1
svcls 0x5301f3,1
"andeq r0, r0, r0",1
"andeq r0, r0, r0",1
"andeq r0, r0, r0, lsr 32",1
"andeq r0, r0, r8, lsr r0",1
"andle r0, r3, r6",1
svcls 0xc7,1
"andeq r0, r0, r0",1
"andeq r0, r0, r0",1
"andeq r0, r0, r0, lsr 32",1
"andeq r0, r0, r7, lsr r0",1
"ldrblo r0, [r0, -r1]",1
invalid,1
invalid,1
"andeq r5, r0, r0, lsl 10",1
"andeq r0, r0, r0",1
"subeq r0, ip, r0",1
invalid,1
"andeq r0, r1, r0",1
"andeq r0, r0, r5, asr r0",1
"andeq r0, r0, r0",1
"andeq lr, r0, r0",1
"andeq lr, r0, r0, lsl 8",1
"andpl r0, r0, r0, lsl 2",1
"andeq r0, r0, r4, ror 1",1
"andeq r0, r0, pc, lsl 2",1
"subseq r0, r2, r1",1
"andeq r0, r0, r0",1
"and r0, r0, r0",1
"andne r0, r0, r0",1
invalid,1
"andeq r5, r0, r0, lsl 10",1
"andeq r0, r0, r0",1
"teqeq ip, r0",1
"mrseq r0, spsr",1
"andeq r0, r1, r0",1
"andeq r4, r1, r0, asr r4",1
"andeq r4, r1, r0, lsl 30",1
"andpl r0, r0, 0, 2",1
"andeq r0, r0, r0",1
"andeq r0, r0, r0",1
"andeq r0, r0, ip, lsr r1",1
"andeq r0, r0, r0, asr r1",1
"subseq r0, r5, r1",1
"andeq r0, r0, r0",1
invalid,1
"strvc r0, [r0], -1",1
invalid,1
"cmneq r4, r0",1
"orreq r0, r3, r0",1
"andeq r0, r1, r0",1
"andeq r0, r0, r2, asr r0",1
"andeq r0, r0, r0",1
"andeq r6, r1, r0, lsl 24",1
"andeq r8, r1, r0, lsl 8",1
"strpl r0, [r0, -0x100]",1
"andeq r0, r0, r0",1
"andeq r0, r0, r0",1
"muleq r0, ip, r1",1
"andeq r0, r0, r0, lsr 3",1
"subsge r0, r0, r1",1
bllt 0x18d30,1
invalid,1
"andeq r5, r0, r0, lsl 4",1
"andeq r0, r0, r0",1
"orrseq r0, ip, r0",1
"movseq r0, r0",1
"andeq r0, r1, r0",1
"andeq r0, r0, r5, asr r0",1
"andeq r0, r0, r0",1
"andeq sp, r1, r0, lsl 16",1
"andeq sp, r1, r0, lsl 24",1
"andpl r0, r0, r0, lsl 2",1
"ldrdeq r0, r1, [r0], -ip",1
"andeq r0, r0, pc, ror 3",1
"subseq r0, r2, r1",1
"andeq r0, r0, r0",1
invalid,1
"vst4.8 {d0, d1, d2, d3}, [r0], r1",1
invalid,1
"andeq r5, r0, r0, lsl 10",1
"andeq r0, r0, r0",1
"andseq r0, r4, 0",1
"andseq r0, r8, 0",1
"andeq r0, r1, r0",1
"andeq r1, r2, r0, asr r8",1
"andeq r3, r2, r0, lsl 6",1
"andpl r0, r0, 0, 2",1
"andeq r0, r0, r0",1
"andeq r0, r0, r0",1
"andeq r0, r0, r4, lsl r2",1
"andeq r0, r0, r8, lsr r2",1
"subseq r0, r5, r1",1
"andeq r0, r0, r0",1
invalid,1
invalid,1
invalid,1
"subseq r5, ip, 0",1
"rsbseq r0, r7, 0",1
"andeq r0, r1, r0",1
"andeq r0, r0, r2, asr r0",1
"andeq r0, r0, r0",1
"andeq r5, r2, r0, lsl 16",1
"andeq r7, r2, r0, lsl 24",1
"strpl r0, [r0, -0x100]",1
"andeq r0, r0, r0",1
"andeq r0, r0, r0",1
"andeq r0, r0, r4, lsr 5",1
"andeq r0, r0, r8, lsr 5",1
"ldmdage r0, {r0} ^",1
"strgt r0, [r0, -r2]",1
invalid,1
"andeq r5, r0, r0, lsl 4",1
"andeq r0, r0, r0",1
"adceq r0, r4, 0",1
"sbceq r0, ip, 0",1
"andeq r0, r1, r0",1
"andeq r0, r0, r5, asr r0",1
"andeq r0, r0, r0",1
"andeq pc, r2, r0, lsl 16",1
"andeq pc, r2, r0, lsl 24",1
"andpl r0, r0, r0, lsl 2",1
"strdeq r0, r1, [r0], -ip",1
"andeq r0, r0, r3, lsr 6",1
"subseq r0, r2, r1",1
"andeq r0, r0, r0",1
invalid,1
"stmdahs r0, {r1}",1
invalid,1
"andeq r5, r0, r0, lsl 10",1
"andeq r0, r0, r0",1
invalid,1
"teqeq fp, 0",1
"andeq r0, r1, r0",1
"andeq r3, r3, r0, asr fp",1
"andeq r8, r3, r0",1
"strpl r0, [r0, -0x100]",1
"andeq r0, r0, r0",1
"andeq r0, r0, r0",1
"andeq r0, r0, r0, lsl 7",1
"andeq r0, r0, r4, lsl 7",1
"rsbseq r0, sp, r2",1
"andeq r0, r0, r4, lsl 7",1
"andeq r0, r0, r8, lsl 7",1
"ldcleq p0, c0, [sp], -8",1
"andeq r0, r0, r8, lsl 7",1
"andeq r0, r0, r0, asr 7",1
"ldmdane sp!, {r1} ^",1
"andeq r0, r0, r0",1
"andeq r0, r0, r0",1
"andeq r0, r0, r0, lsl 7",1
"strheq r0, [r0], -r7",1
"ldrblt r0, [r0, -r1]",1
"andgt r0, r0, r3",1
"streq r0, [r0], -3",1
"andpl pc, r1, r0, lsl 6",1
"muleq r0, pc, r0",1
"andeq r0, r0, r0",1
"andeq r8, r3, r0",1
"andeq fp, r3, r0, lsl 14",1
invalid,1
"strheq r0, [r0], -r7",1
"andeq r0, r0, r0, asr 7",1
invalid,1
"andeq sb, r0, r1, asr pc",1
"andeq r0, r0, r0",1
"orreq r0, r0, 0",1
invalid,1
"andeq r0, r1, r0",1
"andeq fp, r3, r2, asr r7",1
"andeq ip, r3, r0",1
"vshl.u8 d0, d0, d0",1
"addseq r5, pc, r1, lsl 4",1
"andeq r0, r0, r0",1
"andhi r0, r0, r0",1
"strlt r0, [r0, -r3]",1
invalid,1
invalid,1
"biceq r0, r0, 0",1
"andeq r0, r4, r0",1
svcls 0x5301f3,1
"andeq r0, r0, r0",1
"andeq r0, r0, r0",1
"andeq r0, r0, r0, lsl 7",1
"andeq r0, r0, r0, lsr 7",1
svcls 0x300002,1
"andeq r0, r0, r8, lsr 7",1
"strheq r0, [r0], -r0",1
"subseq r0, ip, r1",1
"andeq r0, r0, r0",1
"andgt r0, r0, r0",1
"strgt r0, [r0], -3",1
"andeq r0, r0, 3",1
"strgt r7, [r0], -0xd00",1
"stmdagt r0, {r0, r1}",1
"andeq r0, r0, 3",1
"ldmdagt r0, {r8, sl, fp, ip, sp, lr}",1
"stmdaeq r0, {r0, r1}",1
"movweq r0, 4",1
"sbceq r7, r0, r0, lsl 26",1
"andeq r0, r0, r0",1
"andeq r0, r0, r0",1
"andeq r0, r0, r0, asr 7",1
"strdeq r0, r1, [r0], -pc",1
invalid,1
"stmdaeq r0, {r0, r1}",1
"streq r0, [r0], -4",1
"andpl pc, r1, r0, lsl 6",1
"muleq r0, pc, r0",1
"andeq r0, r0, r0",1
"andeq ip, r3, r0",1
"andeq pc, r3, r0, lsl 30",1
invalid,1
"strdeq r0, r1, [r0], -pc",1
"andeq r0, r0, r8, lsl 8",1
invalid,1
"andeq sb, r0, r1, asr pc",1
"andeq r0, r0, r0",1
"biceq r0, r0, 0",1
invalid,1
"andeq r0, r1, r0",1
"andeq pc, r3, r2, asr pc",1
"andeq r0, r4, r0, lsl 16",1
"vshl.u8 d0, d0, d0",1
"addseq r5, pc, r1, lsl 4",1
"andeq r0, r0, r0",1
"andgt r0, r0, r0",1
invalid,1
invalid,1
invalid,1
"streq r0, [r8], -0",1
"andeq r0, r4, r0",1
svcls 0x5301f3,1
"andeq r0, r0, r0",1
"andeq r0, r0, r0",1
"andeq r0, r0, r0, asr 7",1
"ldrdeq r0, r1, [r0], -r0",1
"addseq r0, r1, r2",1
"ldrdeq r0, r1, [r0], -r0",1
"ldrdeq r0, r1, [r0], -r8",1
"cmpls r6, 3",1
"andeq r0, r0, r4",1
"andeq r0, r0, r0",1
"andeq sp, r3, r0",1
"andeq sp, r3, r0, lsl 16",1
"andlo r0, r0, r0, lsl 4",1
"muleq r3, pc, ip",1
"andeq pc, r3, r0, lsl 16",1
"cdppl p1, 0, c0, c0, c0, 0",1
"andeq r0, r0, r0",1
"andeq r0, r0, r0",1
"andeq r0, r0, r8, lsl 8",1
"andeq r0, r0, ip, lsl 8",1
"rsbseq r0, sp, r2",1
"andeq r0, r0, ip, lsl 8",1
"andeq r0, r0, r0, lsl r4",1
"ldrbteq r0, [sp], -2",1
"andeq r0, r0, r0, lsl r4",1
"andeq r0, r0, r4, lsl r4",1
"ldmdaeq sp!, {r1} ^",1
"andeq r0, r0, r4, lsl r4",1
"andeq r0, r0, r8, lsr r4",1
"ldmdane sp!, {r1} ^",1
"andeq r0, r0, r0",1
"andeq r0, r0, r0",1
"andeq r0, r0, r8, lsl 8",1
"andeq r0, r0, r7, lsr 8",1
"ldrbhs r0, [r0, -r1]",1
"stmdalo r0, {r2}",1
"streq r0, [r0], -4",1
"andpl pc, r1, r0, lsl 6",1
"muleq r0, pc, r0",1
"andeq r0, r0, r0",1
"andeq r0, r4, r0, lsl 16",1
"andeq r2, r4, r0, lsl 14",1
invalid,1
"andeq r0, r0, r7, lsr 8",1
"andeq r0, r0, r8, lsr r4",1
invalid,1
"andeq sb, r0, r1, asr pc",1
"andeq r0, r0, r0",1
"streq r0, [r8], -0",1
"strteq r0, [r7], -0",1
"andeq r0, r1, r0",1
"andeq r2, r4, r2, asr r7",1
"andeq r3, r4, r0, lsl 16",1
"vshl.u8 d0, d0, d0",1
"addseq r5, pc, r1, lsl 4",1
"andeq r0, r0, r0",1
invalid,1
invalid,1
"andeq r0, r0, 4",1
invalid,1
invalid,1
"andeq r0, r0, 4",1
"andeq r7, r8, r0, lsl 26",1
"andeq r0, r0, r0",1
"strpl r0, [r0], -0",1
"stmdapl r0, {r2}",1
invalid,1
"ldrbeq r5, [r8], -0",1
"ldrbeq r0, [fp], -0",1
"andeq r0, r1, r0",1
"andeq r0, r0, r1, asr r0",1
"andeq r0, r0, r0",1
"andeq r7, r4, r0, lsl 8",1
"andeq r7, r4, r0, lsl 24",1
"andpl r0, r0, r0, lsl 2",1
"andeq r0, r0, ip, ror r4",1
"andeq r0, r0, pc, ror r4",1
"subseq r0, r1, r1",1
"andeq r0, r0, r0",1
"andeq r0, r0, r0",1
"streq r0, [r0], -0",1
"andeq r0, r0, 0",1
"streq r7, [r0], -0xd00",1
invalid,1
"andeq r0, r0, 0",1
"andeq r7, r8, r0, lsl 26",1
"andeq r0, r0, r0",1
"andeq r0, r0, r0",1
bleq 0x1913c,1
invalid,1
"andeq r5, fp, r0",1
"eoreq r0, r8, r0",1
"andeq r0, r1, r0",1
"andeq r0, r0, r4, asr r0",1
"andeq r0, r0, r0",1
"andeq r0, r0, r0, lsl 24",1
"andeq r2, r0, r0, lsl 14",1
"andpl r0, r0, r0, lsl 2",1
"andeq r0, r0, r0",1
"andeq r0, r0, r0",1
"andeq r0, r0, r8, lsr 32",1
"andeq r0, r0, fp, lsr 32",1
blhs 0x1419178,1
invalid,1
"streq r0, [r0], -0",1
"andpl pc, r1, r0, lsl 6",1
"muleq r0, pc, r0",1
"andeq r0, r0, r0",1
"andeq r2, r0, r0, lsl 24",1
"andeq r3, r0, r0",1
"stcvc p2, c0, [r0, -0]",1
"andeq r3, r0, r0",1
"andeq r5, r0, r0, lsl 16",1
"stcvc p2, c0, [r0, -0]",1
"andeq r0, r0, r0, lsl r0",1
"andeq r0, r0, r0",1
"andeq r2, r0, r0, lsl 24",1
"andeq r3, r0, r0, lsl 16",1
"andpl r0, r0, r0, lsl 2",1
"andeq r0, r0, r8, lsr r0",1
"andeq r0, r0, r8, asr r0",1
"subseq r0, r4, r1",1
"andeq r0, r0, r0",1
invalid,1
svclo 0,1
invalid,1
"eorseq r5, pc, r0, lsl 2",1
"subseq r0, r8, r0",1
"andeq r0, r1, r0",1
"andeq r0, r0, r5, asr r0",1
"andeq r0, r0, r0",1
"andeq r5, r0, r0, lsl 16",1
"andeq r7, r0, r0",1
"stcvc p2, c0, [r0, -0]",1
"andeq r7, r0, r0",1
"andeq sl, r0, r0, lsl 8",1
"stcvc p2, c0, [r0, -0]",1
"andeq r0, r0, r8",1
"andeq r0, r0, r0",1
"andeq r5, r0, r0, lsl 16",1
"andeq r7, r0, r0, lsl 22",1
"andpl r0, r0, r0, lsl 2",1
"andeq r0, r0, fp, ror r0",1
"andeq r0, r0, ip, ror r0",1
invalid,1
"rsbseq sb, ip, r0, asr pc",1
"addseq r0, r7, r0",1
"andeq r0, r1, r0",1
"andeq sb, r0, r0, asr r8",1
"andeq sb, r0, r0, lsl 22",1
"andpl r0, r0, r0, lsl 2",1
"muleq r0, fp, r0",1
"andeq r0, r0, r4, lsr 1",1
invalid,1
"andeq sb, r0, r0, asr pc",1
"andeq r0, r0, r0",1
"subseq r0, r8, r0",1
"rsbseq r0, fp, r0",1
"andeq r0, r1, r0",1
"andeq r7, r0, r1, asr fp",1
"andeq sb, r0, r0, lsl 16",1
"strpl r0, [r0], -0x100",1
"muleq r0, r8, r0",1
"muleq r0, fp, r0",1
blls 0x1459270,1
"strge r0, [r0], -0",1
invalid,1
"andeq r5, r0, r0, lsl 8",1
"andeq r0, r0, r0",1
"adceq r0, r4, r0",1
"adceq r0, r8, r0",1
"andeq r0, r2, r0",1
"adceq r0, r8, sp, ror r0",1
"tsteq r8, r0",1
"andeq r0, r2, r0",1
"andeq r1, r0, sp, ror r8",1
"andeq r0, r0, r0",1
"adceq r0, r4, r0",1
"sbceq r0, r0, r0",1
"andeq r0, r1, r0",1
"andeq ip, r0, r0, asr r0",1
"andeq lr, r0, r0, lsl 24",1
"strpl r0, [r0, -r0, lsl 2]",1
"andeq r0, r0, ip, ror 1",1
"strdeq r0, r1, [r0], -r8",1
invalid,1
invalid,1
invalid,1
"andeq r5, r0, r0, lsl 14",1
"andeq r0, r0, r0",1
"adceq r0, r4, r0",1
"sbceq r0, r4, r0",1
"andeq r0, r1, r0",1
"andeq ip, r0, r1, asr r4",1
"andeq lr, r0, r0, lsl 24",1
"strpl r0, [r0, -0x100]",1
"andeq r0, r0, ip, ror 1",1
"strdeq r0, r1, [r0], -ip",1
"mrrc2 p0, 0, r0, r1, c1",1
invalid,1
invalid,1
"andeq r5, r0, r0, lsl 10",1
"andeq r0, r0, r0",1
"adceq r0, r4, r0",1
"sbceq r0, r7, r0",1
"andeq r0, r1, r0",1
"andeq ip, r0, r2, asr r7",1
"andeq lr, r0, r0, lsl 24",1
"strpl r0, [r0], -r0, lsl 2",1
"andeq r0, r0, ip, ror 1",1
"strdeq r0, r1, [r0], -pc",1
invalid,1
invalid,1
invalid,1
"andeq r5, r0, r0, lsl 12",1
"andeq r0, r0, r0",1
"adcseq r0, r8, r0",1
"sbcseq r0, r4, r0",1
"andeq r0, r1, r0",1
"andeq sp, r0, r4, asr r8",1
"andeq r0, r1, r0",1
"strpl r0, [r0], -0x100",1
"andeq r0, r0, r0, lsl 2",1
"andeq r0, r0, ip, lsl 2",1
"mrrceq p0, 0, r0, r0, c1",1
"andne r0, r0, r1",1
invalid,1
"andeq r5, r0, r0, lsl 8",1
"andeq r0, r0, r0",1
"tsteq r8, r0",1
"tsteq ip, r0",1
"andeq r0, r2, r0",1
"tsteq ip, sp, ror r0",1
"cmpeq r0, r0",1
"andeq r0, r2, r0",1
"andeq r1, r0, sp, ror r0",1
"andeq r0, r0, r0",1
"tsteq r8, r0",1
invalid,1
"andeq r0, r1, r0",1
"andeq r2, r1, r0, asr ip",1
"andeq r5, r1, r0",1
"strpl r0, [r0], -r0, lsl 2",1
"andeq r0, r0, r0",1
"andeq r0, r0, r0",1
"andeq r0, r0, r8, lsl r1",1
"andeq r0, r0, r8, lsr 2",1
"ldmdahs r1, {r0} ^",1
"andpl r0, r0, r1",1
invalid,1
"andeq r5, r0, r0, lsl 10",1
"andeq r0, r0, r0",1
"tsteq r8, r0",1
"teqeq r3, r0",1
"andeq r0, r1, r0",1
"andeq r3, r1, r2, asr r3",1
"andeq r5, r1, r0",1
"strpl r0, [r0], -0x100",1
"andeq r0, r0, r0",1
"andeq r0, r0, r0",1
"andeq r0, r0, r0, asr r1",1
"andeq r0, r0, r8, asr r1",1
"rsbseq r0, sp, r2",1
"andeq r0, r0, r8, asr r1",1
"muleq r0, r8, r1",1
"ldmdaeq sp!, {r1} ^",1
"andeq r0, r0, r0",1
"andeq r0, r0, r0",1
"andeq r0, r0, r0, asr r1",1
"andeq r0, r0, r3, lsl 3",1
"cmphi r0, 1",1
"strhi r0, [r0], -1",1
"streq r0, [r0], -1",1
"andpl pc, r1, r0, lsl 6",1
"muleq r1, pc, r4",1
"andeq sb, r1, r0, lsl 6",1
"andpl r0, r0, r0, lsl 2",1
"muleq r0, r3, r1",1
"muleq r0, r8, r1",1
invalid,1
"andeq sb, r0, r0, asr pc",1
"andeq r0, r0, r0",1
"cmpeq r0, r0",1
"cmneq ip, r0",1
"andeq r0, r1, r0",1
"andeq r7, r1, r1, asr ip",1
"andeq r8, r1, r0, lsl 8",1
"vshl.u8 d0, d0, d0",1
"ldrhi r5, [pc], 0x101       ; [0x1945c:4]=0x1000001",1
"movwls r0, 1",1
invalid,1
"orrseq r5, r3, r0, lsl 2",1
"orrseq r0, r8, r0",1
"andeq r0, r4, r0",1
svcls 0x5101f3,1
"andeq r0, r0, r0",1
"andeq r0, r0, r0",1
"andeq r0, r0, ip, asr r1",1
"andeq r0, r0, r0, ror r1",1
"subsvc r0, r3, r1",1
"strvc r0, [r0], -1",1
"andeq r0, r0, 1",1
"strvc r7, [r0], -0x100",1
"movwhi r0, 1",1
invalid,1
"orreq r5, r4, r0, lsl 6",1
"orreq r0, ip, r0",1
"andeq r0, r1, r0",1
"andeq r8, r1, r3, asr ip",1
"andeq sb, r1, r0, lsl 6",1
"mrsvc r0, r8_usr",1
"andeq r0, r0, r0",1
"andeq r0, r0, r0",1
"andeq sb, r1, r0, lsl 16",1
"andeq sb, r1, r0, lsl 24",1
"stcvc p2, c0, [r0, -0]",1
"andeq sb, r1, r0, lsl 24",1
"andeq fp, r1, r0, lsl 8",1
"stcvc p2, c0, [r0, -0]",1
"andeq r0, r0, r8",1
"andeq r0, r0, r0",1
"andeq sb, r1, r0, lsl 16",1
"andeq sl, r1, r0, lsl 6",1
"andpl r0, r0, r0, lsl 2",1
"andeq r0, r0, r3, lsr 3",1
"strheq r0, [r0], -r4",1
"subseq r0, r4, r1",1
"andeq r0, r0, r0",1
"strge r0, [r0], -0",1
"movwlt r0, 1",1
invalid,1
"andeq r5, r0, r0",1
"andeq r0, r0, r0",1
"movseq r0, r0",1
"movseq r0, r0",1
"andeq r0, r2, r0",1
invalid,1
"biceq r0, r8, r0",1
"andeq r0, r2, r0",1
"andeq r0, r0, sp, ror r8",1
"andeq r0, r0, r0",1
"movseq r0, r0",1
"movseq r0, r0",1
"andeq r0, r1, r0",1
"andeq fp, r1, r0, asr fp",1
"andeq ip, r1, r0, lsl 16",1
"vshl.u8 d0, d0, d0",1
"addseq r5, pc, r1",1
"andeq r0, r0, r0",1
"strlt r0, [r0], -0",1
bllt 0x19558,1
invalid,1
invalid,1
"biceq r0, r8, r0",1
"andeq r0, r4, r0",1
svcls 0x5101f3,1
"andeq r0, r0, r0",1
"andeq r0, r0, r0",1
"strheq r0, [r0], -ip",1
"andeq r0, r0, r7, asr 3",1
"subseq r0, r0, r1",1
"andeq r0, r0, r0",1
invalid,1
invalid,1
"andeq r0, r0, 1",1
invalid,1
invalid,1
"andeq r0, r0, 1",1
"andseq r7, r0, r0, lsl 26",1
"andeq r0, r0, r0",1
invalid,1
"strle r0, [r0], -1",1
invalid,1
"bicseq r5, r4, r0",1
invalid,1
"andeq r0, r1, r0",1
"andeq r0, r0, r5, asr r0",1
"andeq r0, r0, r0",1
"andeq ip, r1, r0, lsl 16",1
"andeq sp, r1, r0, lsl 22",1
invalid,1
"ldrdeq r0, r1, [r0], -fp",1
"andeq r0, r0, ip, ror 3",1
"subseq r0, r4, r1",1
"andeq r0, r0, r0",1
invalid,1
bl 0x195e8,1
invalid,1
"andeq r5, r0, r0",1
"andeq r0, r0, r0",1
invalid,1
"mvnseq r0, r0",1
"andeq r0, r2, r0",1
"mvnseq r0, sp, ror r0",1
"andeq r0, r8, 0",1
"andeq r0, r2, r0",1
"andeq r0, r0, sp, ror r8",1
"andeq r0, r0, r0",1
invalid,1
invalid,1
"andeq r0, r1, r0",1
"andeq pc, r1, r0, asr r7",1
"andeq r0, r2, r0, lsl 16",1
"strpl r0, [r0], -0x100",1
"andeq r0, r0, r0",1
"andeq r0, r0, r0",1
"andeq r0, r0, r0",1
"andeq r0, r0, r4",1
"rsbseq r0, sp, r2",1
"andeq r0, r0, r4",1
"andeq r0, r0, r0, asr 32",1
"ldmdaeq sp!, {r1} ^",1
"andeq r0, r0, r0",1
"andeq r0, r0, r0",1
"andeq r0, r0, r0",1
"andeq r0, r0, r8",1
"rsbseq r0, sp, r2",1
"andeq r0, r0, r8",1
"andeq r0, r0, r4, lsr r0",1
"ldmdaeq sp!, {r1} ^",1
"andeq r0, r0, r0",1
"andeq r0, r0, r0",1
"andeq r0, r0, r0",1
"andeq r0, r0, r4",1
"rsbseq r0, sp, r2",1
"andeq r0, r0, r4",1
"andeq r0, r0, r4, lsl 1",1
"rsbsne r0, sp, r2",1
"andeq r0, r0, r0",1
"andeq r0, r0, r0",1
"andeq r0, r0, r0",1
"andeq r0, r0, fp",1
bleq 0x14196a0,1
"strhs r0, [r0], -0",1
invalid,1
"eoreq r5, r4, r0, lsl 8",1
"addeq r0, r4, r0",1
"andeq r0, r4, r0",1
svcls 0x5001f3,1
"andeq r0, r0, r0",1
"andeq r0, r0, r0",1
"andeq r0, r0, r0, lsl r0",1
"andeq r0, r0, r4, lsl r0",1
"rsbseq r0, r0, r5",1
"ldrne r2, [pc], 0xe30       ; [0x196cc:4]=0x5000000",1
"strhi r0, [r0], -0",1
"streq r0, [r0, -0]",1
"andlo r7, r0, r0, lsl 12",1
"andeq sb, r0, lr, lsr 30",1
"andeq r0, r0, r0",1
"andseq r0, r0, r0",1
"eoreq r0, r4, r0",1
"andeq r0, r1, r0",1
"andeq r2, r0, r4, asr r4",1
"andeq r8, r0, r0, lsl 8",1
"vshl.u8 d0, d0, d0",1
"addseq r5, pc, r1",1
"andeq r0, r0, r0",1
"andeq r0, r0, r0",1
"streq r0, [r0], -0",1
"andeq r0, r0, 0",1
"streq r7, [r0], -0xd00",1
invalid,1
"andeq r0, r0, 0",1
"stceq p13, c7, [r4], -0",1
"strmi r0, [r0], -0",1
"movweq r0, 3",1
"orrseq r7, r8, r0, lsl 26",1
"andeq r0, r0, r0",1
"andeq r0, r0, r0",1
"andeq r0, r0, r0, lsl r0",1
"andeq r0, r0, r4, lsr 32",1
"ldrbhs r0, [r0], -1",1
invalid,1
invalid,1
"adceq r5, r8, r0, lsl 12",1
"adcseq r0, r0, r0",1
"andeq r0, lr, r0",1
"rsbseq r0, r3, r6, ror r0",1
"mrchs p0, 1, r0, c0, c0, 3",1
"strne r0, [r0], -r8, lsr 2",1
"adcseq sb, r0, r3, lsl pc",1
"adcseq r0, ip, r0",1
"andseq r0, r3, r0",1
"rsbseq r0, r3, r6, ror r0",1
"orrseq r0, r4, r6, ror r0",1
"andslo pc, sl, r8, lsl 30",1
"andeq r2, r1, lr, lsr 16",1
"ldclt p3, c1, [pc], {0x16}",1
"strmi r0, [r0], -0",1
invalid,1
"andeq r5, r0, r0, lsl 12",1
"andeq r0, r0, r0",1
"eoreq r0, ip, r0",1
"eorseq r0, ip, r0",1
"andeq r0, r1, r0",1
"andeq r3, r0, r4, asr ip",1
"andeq r3, r0, r0, lsl 30",1
"andpl r0, r0, r0, lsl 2",1
"andeq r0, r0, pc, lsr r0",1
"andeq r0, r0, ip, ror r0",1
"mrrcvc p0, 0, r0, r4, c1",1
"strls r0, [r0], -0",1
invalid,1
"addseq r5, r4, r0",1
"adcseq r0, ip, r0",1
"andeq r0, r1, r0",1
"andeq r0, r0, r4, asr r0",1
"andeq r0, r0, r0",1
"andeq r2, r0, r0, lsl 8",1
"andeq r3, r0, r0, lsl 24",1
"strpl r0, [r0], -0x100",1
"strheq r0, [r0], -ip",1
"andeq r0, r0, r4, asr r1",1
"ldmdavs r4, {r0} ^",1
"strge r0, [r0], -2",1
invalid,1
"adceq r5, r4, 0, 8",1
"adceq r0, ip, 0",1
"andeq r0, r6, r0",1
"sbceq r3, r6, r3",1
"sbcseq sb, r4, 0, 30",1
"sbcseq r0, r8, 0",1
"andeq r0, r1, r0",1
"andeq sp, r2, r4, asr ip",1
"andeq lr, r2, r0, lsl 24",1
"strpl r0, [r0], -0x100",1
"andeq r0, r0, r0",1
"andeq r0, r0, r0",1
"andeq r0, r0, r4, asr 1",1
"ldrdeq r0, r1, [r0], -fp",1
blle 0x141982c,1
invalid,1
invalid,1
"rsbseq r5, r8, 0, 10",1
"addeq r0, r4, 0",1
"andeq r0, r1, r0",1
"andeq sp, r2, r0, asr ip",1
"andeq lr, r2, r0, lsl 24",1
"andpl r0, r0, r0, lsl 2",1
"andeq r0, r0, r0",1
"andeq r0, r0, r0",1
"strdeq r0, r1, [r0], -ip",1
"andeq r0, r0, pc, lsl 2",1
svceq 0x500001,1
"stmdavc r0, {r0}",1
invalid,1
"addseq r5, ip, 0, 16",1
"sbcseq r0, r4, 0",1
"andeq r0, r1, r0",1
"andeq sp, r2, r8, asr r4",1
"andeq sp, r2, r0, lsl 24",1
"andpl r0, r0, r0, lsl 2",1
"andeq r0, r0, ip, ror 5",1
"andeq r0, r0, r4, asr 6",1
"subseq r0, r8, r1",1
"andeq r0, r0, r0",1
invalid,1
invalid,1
invalid,1
"andeq r5, r0, r0",1
"andeq r0, r0, r0",1
"rscseq r0, r0, r0",1
"cmpeq r4, r0",1
"andeq r0, r1, r0",1
"andeq sb, r2, sb, asr ip",1
"andeq sl, r2, r0, lsl 8",1
"stmdbpl r0, {r8}",1
"ldrdeq r0, r1, [r0], -r4",1
"ldrdeq r0, r1, [r0], -ip",1
"subseq r0, sb, r1",1
"andeq r0, r0, r0",1
invalid,1
invalid,1
"andeq r0, r0, 0",1
"addseq r3, pc, r0, lsl 26",1
"andeq r0, r0, r0",1
"streq r0, [r0], -0",1
invalid,1
invalid,1
"andeq r5, r0, r0, lsl 20",1
"andeq r0, r0, r0",1
invalid,1
"mrseq r0, spsr",1
"andeq r0, r1, r0",1
"andeq r0, r0, r5, asr r0",1
"andeq r0, r0, r0",1
"andeq r0, r1, r0, lsl 8",1
"andeq r0, r1, r0, lsl 30",1
"andpl r0, r0, r0, lsl 2",1
"andeq r0, r0, pc, lsl 2",1
"andeq r0, r0, r0, ror r2",1
"mrrcls p0, 0, r0, r8, c1",1
"strle r0, [r0], -2",1
invalid,1
"rsceq r5, ip, 0, 16",1
"movteq r0, 0x4000",1
"andeq r0, r1, r0",1
"andeq r0, r0, r8, asr r0",1
"andeq r0, r0, r0",1
"andeq r1, r1, r0",1
"andeq r7, r2, r0",1
"movweq r0, 0x600",1
"andeq ip, r0, r8, lsr fp",1
"muleq r2, pc, ip",1
"andeq sp, r2, r0, lsl 8",1
"movweq r0, 0x600",1
"andeq ip, r0, r8, lsr fp",1
"muleq r2, pc, ip",1
"andeq r4, r3, r0, lsl 8",1
"movweq r0, 0x600",1
"andeq ip, r0, r8, lsr fp",1
"muleq r0, pc, r0",1
"andeq r0, r0, r0",1
"andeq r1, r1, r0",1
"andeq r2, r1, r0, lsl 16",1
"stmdavc r0, {sb, sl}",1
"andhs r7, r0, 0, 22",1
"muleq r1, pc, r8",1
"andeq r2, r1, r0, lsl 22",1
"andpl r0, r0, r0, lsl 2",1
"andeq r0, r0, fp, lsr 2",1
"andeq r0, r0, r4, asr r1",1
"rsbseq r0, r8, r6",1
svcls 0x22007b,1
"muleq r0, ip, r2",1
"andeq r0, r0, r4, lsr 5",1
"rsbseq r0, r8, r6",1
svcls 0x22007b,1
"andeq r0, r0, r0",1
"andeq r0, r0, r0",1
"andeq r0, r0, r0, lsl r1",1
"andeq r0, r0, r0, ror r2",1
svcls 0x3e0002,1
"muleq r0, ip, r2",1
"ldrdeq r0, r1, [r0], -r4",1
svcls 0x3e0002,1
"andeq r0, r0, ip, ror 5",1
"andeq r0, r0, r4, asr 6",1
svcls 0x3e0002,1
"andeq r0, r0, r0",1
"andeq r0, r0, r0",1
"andeq r0, r0, ip, lsr 2",1
"andeq r0, r0, r0, ror r2",1
"andeq r0, sl, r4",1
"addseq sb, ip, 128, 30",1
"sbcseq r0, r4, 0",1
"andeq r0, r4, r0",1
svcls 0x80000a,1
"andeq r0, r0, ip, ror 5",1
"andeq r0, r0, r4, asr 6",1
"andeq r0, sl, r4",1
"andeq sb, r0, r0, lsl 31",1
"andeq r0, r0, r0",1
invalid,1
"rsbseq r0, r0, 0",1
"andeq r0, r1, r0",1
"andeq sb, r2, r8, asr ip",1
"andeq sp, r2, r0, lsl 8",1
"stmdapl r0, {r8}",1
"andeq r0, r0, ip, ror 5",1
"andeq r0, r0, r4, asr 6",1
"subseq r0, r8, r1",1
"andeq r0, r0, r0",1
invalid,1
"strpl r0, [r0], -1",1
invalid,1
"cmpeq r4, r0",1
"rsbeq r0, r8, 0",1
"andeq r0, r1, r0",1
"andeq sb, r2, r5, asr ip",1
"andeq sl, r2, r0",1
"andpl r0, r0, r0, lsl 2",1
"andeq r0, r0, r0, lsr 5",1
"andeq r0, r0, r4, lsr 5",1
"mrrcge p0, 0, r0, r5, c1",1
"strle r0, [r0], -2",1
invalid,1
"rsceq r5, ip, 0, 10",1
"movteq r0, 0x4000",1
"andeq r0, r1, r0",1
"andeq r0, r0, r5, asr r0",1
"andeq r0, r0, r0",1
"andeq r5, r1, r0, lsl 8",1
"andeq lr, r1, r0, lsl 8",1
"strpl r0, [r0], -0x100",1
"andeq r0, r0, r4, ror 3",1
"strdeq r0, r1, [r0], -ip",1
"mrrc2 p0, 0, r0, r0, c1",1
"andhs r0, r0, r1",1
invalid,1
"eoreq r5, r0, 0, 18",1
"rsbeq r0, r8, 0",1
"andeq r0, r1, r0",1
"andeq sl, r2, r4, asr ip",1
"andeq ip, r2, r0, lsl 24",1
"strpl r0, [r0], -0x100",1
"andeq r0, r0, ip, asr 5",1
"ldrdeq r0, r1, [r0], -r4",1
"mrrc p0, 0, r0, r0, c1",1
invalid,1
invalid,1
"rscseq r5, r0, 0",1
"rscseq r0, r4, 0",1
"andeq r0, r1, r0",1
"andeq pc, r2, sb, asr r4",1
"andeq r0, r3, r0, lsl 8",1
"andlo r0, r0, r0, lsl 4",1
"muleq r3, pc, r4",1
"andeq r4, r3, r0, lsl 8",1
"strpl r0, [r0], -0x100",1
"andeq r0, r0, r0",1
"andeq r0, r0, r0",1
"andeq r0, r0, r4, asr r1",1
"andeq r0, r0, ip, asr 3",1
"subs r0, sl, r1",1
"stmdavs r0, {r0}",1
invalid,1
"adceq r5, ip, 0, 20",1
"adcseq r0, r4, 0",1
"andeq r0, r1, r0",1
"andeq ip, r2, sl, asr r8",1
"andeq sp, r2, r0, lsl 8",1
bpl 0x19f28,1
"andeq r0, r0, ip, ror 5",1
"andeq r0, r0, r4, lsl 6",1
svcls 0x300002,1
"andeq r0, r0, r4, lsl 6",1
"andeq r0, r0, r4, asr 6",1
"subseq r0, sl, r1",1
"andeq r0, r0, r0",1
"strlt r0, [r0], -0",1
"stmdalt r0, {r0}",1
invalid,1
invalid,1
"eoreq r0, r0, 0",1
"andeq r0, r1, r0",1
"andeq sl, r2, fp, asr ip",1
"andeq sp, r2, r0, lsl 8",1
blpl 0x19f68,1
"andeq r0, r0, ip, ror 5",1
"andeq r0, r0, r4, lsl 6",1
"subseq r0, fp, r1",1
"andeq r0, r0, r0",1
"strgt r0, [r0], -0",1
"andle r0, r0, r1",1
invalid,1
"bicseq r5, r0, r0",1
"bicseq r0, r7, r0",1
"andeq r0, r1, r0",1
"andeq sl, r2, r2, asr ip",1
"andeq fp, r2, r0, lsl 24",1
"andpl r0, r0, r0, lsl 2",1
"strheq r0, [r0], -ip",1
"andeq r0, r0, r3, asr 5",1
"subseq r0, r2, r1",1
"andeq r0, r0, r0",1
"strgt r0, [r0], -0",1
"vst4.8 {d0, d1, d2, d3}, [r0], r1",1
invalid,1
"adceq r5, ip, 0, 8",1
"sbcseq r0, r4, 0",1
"andeq r0, r1, r0",1
"andeq lr, r2, r4, asr ip",1
"andeq r0, r3, r0",1
"strpl r0, [r0], -0x100",1
"andeq r0, r0, r0",1
"andeq r0, r0, r0",1
"andeq r0, r0, r4, asr r1",1
"andeq r0, r0, r8, ror 4",1
"mrrcge p0, 0, r0, r5, c1",1
"strle r0, [r0], -2",1
invalid,1
"rsceq r5, ip, 0, 10",1
"movteq r0, 0x4000",1
"andeq r0, r1, r0",1
"andeq r0, r0, r5, asr r0",1
"andeq r0, r0, r0",1
"andeq pc, r1, r0, lsl 8",1
"andeq r0, r2, r0",1
invalid,1
"addseq r7, pc, r8, ror 29",1
"streq r0, [r0, -r2]",1
invalid,1
"andeq r5, r7, 0, 2",1
"eoreq r0, r0, 0",1
"andeq r0, r4, r0",1
svcls 0x7ee891,1
"andeq r0, r0, r0",1
"andeq r0, r0, r0",1
"strdeq r0, r1, [r0], -r4",1
"strdeq r0, r1, [r0], -ip",1
"rsbseq r0, r0, fp",1
blvc 0x899e10,1
"ldcne p12, c1, [r2], -0",1
"muleq r1, pc, ip",1
"andeq r1, r2, r0, lsl 24",1
"stmdbvc r0, {r8, sb, fp}",1
"andhs r7, r0, 0, 8",1
"andslo r0, ip, 0x7b",1
"andeq sb, r0, ip, lsl pc",1
"andeq r0, r0, r0",1
"andeq r0, r8, 0",1
"andseq r0, r4, 0",1
"andeq r0, r4, r0",1
svcls 0x7f9c91,1
"andeq r0, r0, r4, lsl r2",1
"andeq r0, r0, r7, lsl r2",1
"ldrbne r0, [r1, -r1]",1
"andhs r0, r0, r2",1
"streq r0, [r0], -2",1
svcvc 0x9c9100,1
"muleq r0, pc, r0",1
"andeq r0, r0, r0",1
"andeq r0, r2, r0, lsl 16",1
"andeq r1, r2, r0, lsl 24",1
"stmdbvc r0, {fp}",1
"andhs r7, r0, 0, 8",1
"addseq r1, pc, r1, lsr ip",1
"andeq r0, r0, r0",1
"andhs r0, r0, r0",1
"andpl r0, r0, r2",1
invalid,1
"tsteq r8, 0, 10",1
"movteq r0, 0x4000",1
"andeq r0, r1, r0",1
"andeq r0, r0, r5, asr r0",1
"andeq r0, r0, r0",1
"andeq r0, r0, r0",1
"andeq r0, r0, r0, lsl 8",1
"stcvc p2, c0, [r0, -0]",1
"andeq r0, r0, r0, lsl 8",1
"andeq r0, r0, r0, lsl 16",1
"stcvc p2, c0, [r0, -0]",1
"andeq r0, r0, r0, lsl r8",1
"andeq sl, r0, r0",1
"stcvc p2, c0, [r0, -0]",1
"andeq r0, r0, r8, lsl r0",1
"andeq r0, r0, r0",1
"andeq r0, r0, r0",1
"andeq r0, r0, r0, lsl 30",1
"andpl r0, r0, r0, lsl 2",1
"andeq r0, r0, pc",1
"muleq r0, r4, r0",1
"ldrbls r0, [r4], -1",1
svcls 0,1
invalid,1
"addseq r5, pc, r0",1
"adceq r0, r0, r0",1
"andeq r0, r1, r0",1
"andeq r0, r0, r4, asr r0",1
"andeq r0, r0, r0",1
"andeq r0, r0, r0",1
"andeq r4, r0, r0",1
"andlo r0, r0, r0, lsl 4",1
"muleq r0, pc, r0",1
"andeq r6, r0, r0",1
"strpl r0, [r0], -r0, lsl 2",1
"andeq r0, r0, r0, rrx",1
"andeq r0, r0, r0, lsr 1",1
svcls 0x300002,1
"andeq r0, r0, r0",1
"andeq r0, r0, r0",1
"andeq r0, r0, r0, lsl r0",1
"andeq r0, r0, r8, lsl r0",1
"subseq r0, r0, r1",1
"andeq r0, r0, r0",1
"andeq r0, r0, r0",1
invalid,1
"andeq r0, r0, 0",1
"ldcmi p0, c3, [pc], {0}",1
"strpl r0, [r0], -0",1
invalid,1
"subseq r5, r4, r0",1
"subseq r0, r8, r0",1
"andeq r0, r3, r0",1
"addsvs pc, pc, sb, lsl 30   ; [0x19d8c:4]=0x2000000",1
"andge r0, r0, r0",1
"andeq r0, r0, 0",1
"addseq r3, pc, r0",1
"andeq r0, r0, r0",1
"andeq r0, r0, r0",1
"streq r0, [r0], -0",1
"andeq r0, r0, 0",1
"streq r7, [r0], -0xd00",1
invalid,1
"andeq r0, r0, 0",1
invalid,1
"strpl r0, [r0], -0",1
"andeq r0, r0, 0",1
"andseq r7, r0, r0, lsl 26",1
"andeq r0, r0, r0",1
"andeq r0, r0, r0",1
"movwne r0, 0",1
invalid,1
"andseq r5, r3, r0",1
"subseq r0, r4, r0",1
"andeq r0, r1, r0",1
"andeq r0, r0, r4, asr r0",1
"andeq r0, r0, r0",1
"andeq r0, r0, r0",1
"andeq r0, r0, r0, lsl 8",1
"stcvc p2, c0, [r0, -0]",1
"andeq r0, r0, r0, lsl 8",1
"andeq r0, r0, r0, lsl 24",1
"stcvc p2, c0, [r0, -0]",1
"andeq r0, r0, r4, lsl ip",1
"andeq sl, r0, r0, lsl 8",1
"stcvc p2, c0, [r0, -0]",1
"andeq r0, r0, r8, lsr 32",1
"andeq r0, r0, r0",1
"andeq r0, r0, r0",1
"andeq r2, r0, r0",1
"andpl r0, r0, r0, lsl 2",1
"andeq r0, r0, r0, lsr 32",1
"andeq r0, r0, r0, lsr r0",1
"subslo r0, r6, r1",1
"strpl r0, [r0, -r0]",1
invalid,1
"subseq r5, r7, r0",1
"adceq r0, r4, r0",1
"andeq r0, r1, r0",1
"andeq r0, r0, r6, asr r0",1
"andeq r0, r0, r0",1
"andeq r0, r0, r0",1
"andeq r2, r0, r0, lsl 30",1
"andpl r0, r0, 0, 12",1
"cmpls r3, 0x93000000",1
"andeq r2, r0, r4, lsl 30",1
"andeq r3, r0, r0",1
"vmax.u8 d0, d0, d0",1
"strhs pc, [r2, -0x503]",1
"muleq r0, pc, r0",1
"andeq r5, r0, r0, lsl 14",1
"andpl r0, r0, 0, 12",1
"cmpls r3, 0x93000000",1
"andeq r5, r0, r4, lsl 14",1
"andeq sl, r0, r0, lsl 8",1
"vmax.u8 d0, d0, d0",1
"strhs pc, [r2, -0x503]",1
"muleq r0, pc, r0",1
"andeq r0, r0, r0",1
"andeq r6, r0, r0, lsl 16",1
"andeq sb, r0, r0, lsl 8",1
"andpl r0, r0, r0, lsl 12",1
"cmpls r1, 0x93000000",1
"andeq sb, r0, r4, lsl 24",1
"andeq sl, r0, r0",1
"andpl r0, r0, r0, lsl 12",1
"cmpls r1, 0x93000000",1
"andeq r0, r0, r4",1
"andeq r0, r0, r0",1
"andeq r0, r0, r0",1
"andeq r0, r0, r0, lsl 8",1
"stcvc p2, c0, [r0, -0]",1
"andeq r0, r0, r0, lsl 8",1
"andeq r6, r0, r0, lsl 8",1
"stcvc p2, c0, [r0, -0]",1
"andeq r0, r0, r0, lsr 32",1
"andeq r0, r0, r0",1
"andeq r0, r0, r0",1
"andeq r1, r0, r0, lsl 30",1
"andpl r0, r0, r0, lsl 2",1
"andeq r0, r0, pc, lsl r0",1
"andeq r0, r0, r4, rrx",1
"subseq r0, r7, r1",1
"andeq r0, r0, r0",1
"andeq r0, r0, r0",1
svcne 0,1
invalid,1
"andseq r5, pc, r0, lsl 2",1
"rsbeq r0, r4, r0",1
"andeq r0, r1, r0",1
"andeq r0, r0, r8, asr r0",1
"andeq r0, r0, r0",1
"andeq r0, r0, r0",1
"andeq r1, r0, r0, lsl 30",1
"andpl r0, r0, 0, 2",1
"andeq r0, r0, pc, lsl r0",1
"andeq r0, r0, r4, rrx",1
"subseq r0, sl, r1",1
"andeq r0, r0, r0",1
"andhs r0, r0, r0",1
invalid,1
"andeq r0, r0, 0",1
"addspl r3, pc, r0",1
"strvs r0, [r0], -0",1
invalid,1
"andeq r5, r0, r0, lsl 8",1
"andeq r0, r0, r0",1
"andeq r0, r0, r0",1
"eoreq r0, r3, r0",1
"andeq r0, r1, r0",1
"andeq r2, r0, r0, asr r3",1
"andeq r2, r0, r0, lsl 24",1
"vshl.u8 d0, d0, d0",1
"addseq r5, pc, r1",1
"andeq r0, r0, r0",1
"andeq r0, r0, r0",1
invalid,1
"andeq r0, r0, r0",1
"strheq sb, [r0], -ip",1
"andeq sb, r0, r0, ror 7",1
"strheq r8, [r0], -r8",1
"andeq r8, r0, r0, asr 27",1
"andeq ip, r0, r4, lsl r2",1
"andeq ip, r0, r8, lsl r2",1
"andeq r0, r0, r0",1
"andeq r0, r0, r0",1
"strheq sb, [r0], -r8",1
"strheq sb, [r0], -ip",1
"andeq sb, r0, r0, asr 9",1
"ldrdeq sb, sl, [r0], -ip",1
"andeq sb, r0, r0, ror 9",1
"andeq sb, r0, r4, ror 9",1
"andeq sb, r0, r4, lsr 10",1
"andeq sb, r0, ip, lsr 10",1
"andeq r0, r0, r0",1
"andeq r0, r0, r0",1
"strdeq sb, sl, [r0], -r0",1
"strdeq sb, sl, [r0], -ip",1
"andeq sb, r0, r0, lsl 10",1
"andeq sb, r0, r4, lsl 10",1
"andeq r0, r0, r0",1
"andeq r0, r0, r0",1
"andeq sb, r0, r4, asr r5",1
"strheq sb, [r0], -r4",1
"andeq sb, r0, r0, ror 11",1
"andeq sb, r0, r4, ror 11",1
"andeq r0, r0, r0",1
"andeq r0, r0, r0",1
"andeq sb, r0, r8, asr r5",1
"andeq sb, r0, ip, asr r5",1
"andeq sb, r0, r4, ror 10",1
"andeq sb, r0, r0, lsl 11",1
"andeq sb, r0, r8, lsl 11",1
"andeq sb, r0, ip, lsl 11",1
"andeq sb, r0, r0, ror 11",1
"andeq sb, r0, r4, ror 11",1
"andeq r0, r0, r0",1
"andeq r0, r0, r0",1
"muleq r0, r4, r5",1
"muleq r0, r8, r5",1
"muleq r0, ip, r5",1
"andeq sb, r0, r0, lsr 11",1
"andeq r0, r0, r0",1
"andeq r0, r0, r0",1
"andeq sb, r0, ip, asr 11",1
"ldrdeq sb, sl, [r0], -r8",1
"ldrdeq sb, sl, [r0], -ip",1
"andeq sb, r0, r0, ror 11",1
"andeq r0, r0, r0",1
"andeq r0, r0, r0",1
"andeq sb, r0, r0, asr r6",1
"andeq sb, r0, r8, asr r6",1
"andeq sb, r0, ip, asr r6",1
"andeq sb, r0, r0, ror 12",1
"andeq sb, r0, r4, ror 12",1
"andeq sb, r0, ip, ror 18",1
"andeq r0, r0, r0",1
"andeq r0, r0, r0",1
"andeq sb, r0, r0, asr r6",1
"andeq sb, r0, r8, asr r6",1
"andeq sb, r0, ip, asr r6",1
"andeq sb, r0, r0, ror 12",1
"andeq sb, r0, r4, ror 12",1
"andeq sb, r0, ip, ror 18",1
"andeq r0, r0, r0",1
"andeq r0, r0, r0",1
"ldrdeq sb, sl, [r0], -ip",1
"andeq sb, r0, r0, ror r7",1
"andeq sb, r0, r4, lsl r8",1
"andeq sb, r0, r0, lsl 17",1
"andeq r0, r0, r0",1
"andeq r0, r0, r0",1
"andeq sb, r0, r4, ror 13",1
"andeq sb, r0, r0, lsl 14",1
"andeq sb, r0, r4, lsl r8",1
"andeq sb, r0, ip, lsr r8",1
"andeq r0, r0, r0",1
"andeq r0, r0, r0",1
"andeq sb, r0, r4, ror 13",1
"andeq sb, r0, r0, lsl 14",1
"andeq sb, r0, r4, lsl r8",1
"andeq sb, r0, ip, lsr r8",1
"andeq r0, r0, r0",1
"andeq r0, r0, r0",1
"strdeq sb, sl, [r0], -r4",1
"andeq sb, r0, r0, lsl 14",1
"andeq sb, r0, r4, lsl r8",1
"andeq sb, r0, r0, lsr 16",1
"andeq r0, r0, r0",1
"andeq r0, r0, r0",1
"andeq sb, r0, r8, asr sl",1
"andeq sb, r0, ip, asr sl",1
"andeq sb, r0, r0, ror 20",1
"andeq sb, r0, r0, ror sl",1
"andeq r0, r0, r0",1
"andeq r0, r0, r0",1
"andeq sb, r0, r4, lsl 21",1
"andeq sb, r0, r8, lsl 21",1
"muleq r0, r0, sl",1
"muleq r0, ip, sl",1
"andeq r0, r0, r0",1
"andeq r0, r0, r0",1
"andeq sb, r0, ip, lsl 22",1
"andeq sb, r0, r0, lsl fp",1
"andeq sb, r0, r4, lsl fp",1
"andeq sb, r0, ip, lsl fp",1
"andeq r0, r0, r0",1
"andeq r0, r0, r0",1
"andeq sb, r0, ip, lsr 22",1
"andeq sb, r0, r0, lsr fp",1
"andeq sb, r0, r4, lsr fp",1
"andeq sb, r0, r0, asr 22",1
"andeq r0, r0, r0",1
"andeq r0, r0, r0",1
"andeq sb, r0, r4, lsl 23",1
"andeq sb, r0, r8, lsl 23",1
"andeq sb, r0, ip, lsl 23",1
"muleq r0, r8, fp",1
"andeq r0, r0, r0",1
"andeq r0, r0, r0",1
"strheq sb, [r0], -r4",1
"strheq sb, [r0], -r8",1
"strheq sb, [r0], -ip",1
"andeq sb, r0, ip, lsl 24",1
"andeq r0, r0, r0",1
"andeq r0, r0, r0",1
"andeq sb, r0, r4, asr 3",1
"andeq sb, r0, r4, lsr 4",1
"andeq sb, r0, r8, ror 4",1
"ldrdeq sb, sl, [r0], -r0",1
"andeq r0, r0, r0",1
"andeq r0, r0, r0",1
"andeq sb, r0, r4, asr 3",1
"andeq sb, r0, r4, lsr 4",1
"andeq sb, r0, r8, ror 4",1
"ldrdeq sb, sl, [r0], -r0",1
"andeq r0, r0, r0",1
"andeq r0, r0, r0",1
"strheq sb, [r0], -r4",1
"andeq sb, r0, ip, lsl 24",1
"andeq sb, r0, r0, asr 1",1
"andeq sb, r0, r0, lsl 7",1
"andeq r0, r0, r0",1
"andeq r0, r0, r0",1
"andeq r0, r0, r8, ror r0",1
"andeq r0, r0, r0, asr 1",1
"andeq r0, r0, ip, asr 1",1
"andeq r0, r0, r8, lsl 2",1
"andeq r0, r0, r0",1
"andeq r0, r0, r0",1
"ldrdeq r0, r1, [r0], -r4",1
"andeq r0, r0, r4, lsl 2",1
"andeq r0, r0, r8, lsl r1",1
"andeq r0, r0, r0, asr 2",1
"andeq r0, r0, r0",1
"andeq r0, r0, r0",1
"ldrdeq r0, r1, [r0], -r4",1
"andeq r0, r0, r4, lsl 2",1
"andeq r0, r0, r8, lsl r1",1
"andeq r0, r0, r0, asr 2",1
"andeq r0, r0, r0",1
"andeq r0, r0, r0",1
"ldrdeq r0, r1, [r0], -ip",1
"andeq r0, r0, r4, lsl 2",1
"andeq r0, r0, r8, lsl r1",1
"andeq r0, r0, r0, asr 2",1
"andeq r0, r0, r0",1
"andeq r0, r0, r0",1
"ldrdeq r0, r1, [r0], -ip",1
"andeq r0, r0, r4, lsl 2",1
"andeq r0, r0, r8, lsl r1",1
"andeq r0, r0, r0, asr 2",1
"andeq r0, r0, r0",1
"andeq r0, r0, r0",1
"ldrdeq r0, r1, [r0], -ip",1
"andeq r0, r0, r4, lsl 2",1
"andeq r0, r0, r8, lsl r1",1
"andeq r0, r0, r0, asr 2",1
"andeq r0, r0, r0",1
"andeq r0, r0, r0",1
"ldrdeq r0, r1, [r0], -ip",1
"andeq r0, r0, r4, lsl 2",1
"andeq r0, r0, r8, lsl r1",1
"andeq r0, r0, r0, asr 2",1
"andeq r0, r0, r0",1
"andeq r0, r0, r0",1
"andeq r0, r0, ip, ror 1",1
"andeq r0, r0, r4, lsl 2",1
"andeq r0, r0, r8, lsl r1",1
"andeq r0, r0, r0, asr 2",1
"andeq r0, r0, r0",1
"andeq r0, r0, r0",1
"andeq r0, r0, ip, ror 1",1
"andeq r0, r0, r4, lsl 2",1
"andeq r0, r0, r8, lsl r1",1
"andeq r0, r0, r0, asr 2",1
"andeq r0, r0, r0",1
"andeq r0, r0, r0",1
"strdeq r0, r1, [r0], -r8",1
"andeq r0, r0, r4, lsl 2",1
"andeq r0, r0, r8, lsl r1",1
"andeq r0, r0, r0, asr 2",1
"andeq r0, r0, r0",1
"andeq r0, r0, r0",1
"strdeq r0, r1, [r0], -r8",1
"andeq r0, r0, r4, lsl 2",1
"andeq r0, r0, r8, lsl r1",1
"andeq r0, r0, r0, asr 2",1
"andeq r0, r0, r0",1
"andeq r0, r0, r0",1
"andeq r0, r0, ip, lsr 5",1
"strheq r0, [r0], -ip",1
"andeq r0, r0, r0, asr 5",1
"ldrdeq r0, r1, [r0], -r4",1
"andeq r0, r0, ip, ror 5",1
"andeq r0, r0, r4, asr r6",1
"andeq r0, r0, r8, asr r6",1
"andeq r0, r0, ip, asr r6",1
"strdeq r0, r1, [r0], -r4",1
"andeq r0, r0, r0, lsr r7",1
"andeq r0, r0, r0, lsl 15",1
"ldrdeq r0, r1, [r0], -r0",1
"andeq r0, r0, ip, asr 21",1
"andeq r0, r0, ip, lsr sp",1
"andeq r0, r0, r8, ror sp",1
"andeq r0, r0, ip, ror 27",1
"andeq r0, r0, r0",1
"andeq r0, r0, r0",1
"andeq r0, r0, r8, ror 16",1
"andeq r0, r0, ip, asr sb",1
"andeq r0, r0, r0, asr 22",1
"andeq r0, r0, r8, asr fp",1
"andeq r0, r0, r0, ror 22",1
"andeq r0, r0, ip, ror 22",1
"andeq r0, r0, r0, ror fp",1
"andeq r0, r0, ip, ror 25",1
"andeq r0, r0, ip, lsr 26",1
"andeq r0, r0, ip, lsr sp",1
"andeq r0, r0, r8, ror sp",1
"andeq r0, r0, ip, ror 27",1
"andeq r0, r0, r0",1
"andeq r0, r0, r0",1
"andeq r0, r0, r4, lsl 17",1
"muleq r0, r8, r8",1
"andeq r0, r0, r0, asr 22",1
"andeq r0, r0, r8, asr fp",1
"andeq r0, r0, r0, ror 22",1
"andeq r0, r0, ip, ror 22",1
"andeq r0, r0, r0, ror fp",1
"ldrdeq r0, r1, [r0], -r4",1
"andeq r0, r0, ip, lsr 26",1
"andeq r0, r0, ip, lsr sp",1
"andeq r0, r0, r8, ror sp",1
"andeq r0, r0, ip, ror 27",1
"andeq r0, r0, r0",1
"andeq r0, r0, r0",1
"andeq r0, r0, r4, lsl 17",1
"muleq r0, r8, r8",1
"andeq r0, r0, r4, asr fp",1
"andeq r0, r0, r8, asr fp",1
"andeq r0, r0, r0, ror 22",1
"andeq r0, r0, ip, ror 22",1
"andeq r0, r0, r0, ror fp",1
"muleq r0, ip, ip",1
"andeq r0, r0, r0, lsr 25",1
"andeq r0, r0, r4, lsr 25",1
"andeq r0, r0, ip, lsr 25",1
"strheq r0, [r0], -r0",1
"andeq r0, r0, r8, ror sp",1
"andeq r0, r0, ip, ror 27",1
"andeq r0, r0, r0",1
"andeq r0, r0, r0",1
"andeq r0, r0, r4, asr fp",1
"andeq r0, r0, r8, asr fp",1
"andeq r0, r0, r0, ror 22",1
"andeq r0, r0, ip, ror 22",1
"andeq r0, r0, r0, ror fp",1
"andeq r0, r0, r4, lsl 23",1
"ldrdeq r0, r1, [r0], -r8",1
"muleq r0, r0, ip",1
"andeq r0, r0, r0",1
"andeq r0, r0, r0",1
"andeq r0, r0, r0, asr 22",1
"andeq r0, r0, r4, asr 22",1
"andeq r0, r0, r8, asr 22",1
"andeq r0, r0, r0, asr fp",1
"andeq r0, r0, r0",1
"andeq r0, r0, r0",1
"andeq r0, r0, ip, lsl 29",1
"ldrdeq r0, r1, [r0], -r4",1
"andeq r0, r0, r0, asr 31",1
"andeq r0, r0, r8, ror 31",1
"andeq r0, r0, ip, ror 31",1
"strdeq r0, r1, [r0], -r8",1
"andeq r0, r0, r0",1
"andeq r0, r0, r0",1
"strheq r0, [r0], -ip",1
"andeq r0, r0, r0, asr 29",1
"andeq r0, r0, r4, asr 29",1
"ldrdeq r0, r1, [r0], -r0",1
"andeq r0, r0, r0",1
"andeq r0, r0, r0",1
"ldrdeq r0, r1, [r0], -r4",1
"strheq r0, [r0], -r0",1
"strheq r0, [r0], -r4",1
"strheq r0, [r0], -r8",1
"andeq r0, r0, r0",1
"andeq r0, r0, r0",1
"andeq r0, r0, r0, ror 30",1
"andeq r0, r0, ip, ror 30",1
"andeq r0, r0, r4, lsr 31",1
"andeq r0, r0, r8, lsr 31",1
"andeq r0, r0, r0",1
"andeq r0, r0, r0",1
"andeq r1, r0, r0, ror 7",1
"andeq r1, r0, r8, lsl 8",1
"andeq r1, r0, r4, lsl r4",1
"andeq r1, r0, r8, lsl r4",1
"andeq r0, r0, r0",1
"andeq r0, r0, r0",1
"andeq r1, r0, r0, ror 7",1
"strdeq r1, r2, [r0], -r4",1
"strdeq r1, r2, [r0], -r8",1
"strdeq r1, r2, [r0], -ip",1
"andeq r1, r0, r0, lsl 8",1
"andeq r1, r0, r8, lsl 8",1
"andeq r1, r0, r4, lsl r4",1
"andeq r1, r0, r8, lsl r4",1
"andeq r0, r0, r0",1
"andeq r0, r0, r0",1
"andeq r0, r0, r0, asr 1",1
"ldrdeq r0, r1, [r0], -ip",1
"andeq r0, r0, r0, ror 1",1
"andeq r0, r0, r0, lsl r1",1
"andeq r0, r0, r0",1
"andeq r0, r0, r0",1
"andeq r0, r0, r4, lsr r1",1
"andeq r0, r0, r8, lsr r1",1
"andeq r0, r0, ip, lsr r1",1
"andeq r0, r0, r4, asr 2",1
"andeq r0, r0, ip, asr 2",1
"andeq r0, r0, r0, asr r1",1
"andeq r0, r0, r0",1
"andeq r0, r0, r0",1
"andeq r0, r0, r0, ror 2",1
"andeq r0, r0, r8, ror 2",1
"andeq r0, r0, ip, ror 2",1
"andeq r0, r0, r8, ror r1",1
"andeq r0, r0, r0, lsl 3",1
"andeq r0, r0, r4, lsl 3",1
"andeq r0, r0, r0",1
"andeq r0, r0, r0",1
"muleq r0, r4, r1",1
"muleq r0, r8, r1",1
"muleq r0, ip, r1",1
"strheq r0, [r0], -r0",1
"strheq r0, [r0], -r8",1
"strheq r0, [r0], -ip",1
"andeq r0, r0, r0",1
"andeq r0, r0, r0",1
"andeq r0, r0, ip, asr 3",1
"ldrdeq r0, r1, [r0], -r4",1
"ldrdeq r0, r1, [r0], -r8",1
"strdeq r0, r1, [r0], -r4",1
"andeq r0, r0, r0",1
"andeq r0, r0, r0",1
"andeq r0, r0, r4, lsl 4",1
"andeq r0, r0, r0, lsl r2",1
"andeq r0, r0, r4, lsl r2",1
"andeq r0, r0, r8, lsr r2",1
"andeq r0, r0, r0",1
"andeq r0, r0, r0",1
"andeq r0, r0, r8, asr 4",1
"andeq r0, r0, r4, asr r2",1
"andeq r0, r0, r8, asr r2",1
"andeq r0, r0, ip, ror r2",1
"andeq r0, r0, r0",1
"andeq r0, r0, r0",1
"andeq r0, r0, ip, lsl 5",1
"andeq r0, r0, r0, lsr 5",1
"andeq r0, r0, r4, lsr 5",1
"andeq r0, r0, ip, asr 5",1
"andeq r0, r0, r0",1
"andeq r0, r0, r0",1
"ldrdeq r0, r1, [r0], -ip",1
"strdeq r0, r1, [r0], -r4",1
"strdeq r0, r1, [r0], -r8",1
"andeq r0, r0, r8, lsr 6",1
"andeq r0, r0, r0",1
"andeq r0, r0, r0",1
"andeq r0, r0, ip, asr 8",1
"andeq r0, r0, r0, asr r4",1
"andeq r0, r0, r4, asr r4",1
"andeq r0, r0, ip, asr r4",1
"andeq r0, r0, r0",1
"andeq r0, r0, r0",1
"andeq r0, r0, ip, ror 8",1
"andeq r0, r0, r0, ror r4",1
"andeq r0, r0, r4, ror r4",1
"andeq r0, r0, r0, lsl 9",1
"andeq r0, r0, r0",1
"andeq r0, r0, r0",1
"andeq r0, r0, r0, asr r1",1
"andeq r0, r0, r4, asr r1",1
"andeq r0, r0, r8, asr r1",1
"andeq r0, r0, ip, ror r1",1
"andeq r0, r0, r0, lsl 3",1
"muleq r0, r8, r1",1
"andeq r0, r0, r0",1
"andeq r0, r0, r0",1
"andeq r0, r0, r0, asr r1",1
"andeq r0, r0, r4, asr r1",1
"andeq r0, r0, r8, asr r1",1
"andeq r0, r0, ip, ror r1",1
"andeq r0, r0, r0, lsl 3",1
"muleq r0, r8, r1",1
"andeq r0, r0, r0",1
"andeq r0, r0, r0",1
"andeq r0, r0, r4, lsr 3",1
"andeq r0, r0, ip, lsr 3",1
"strheq r0, [r0], -r0",1
"strheq r0, [r0], -r4",1
"andeq r0, r0, r0",1
"andeq r0, r0, r0",1
"ldrdeq r0, r1, [r0], -ip",1
"andeq r0, r0, r4, ror 3",1
"andeq r0, r0, r8, ror 3",1
"andeq r0, r0, ip, ror 3",1
"andeq r0, r0, r0",1
"andeq r0, r0, r0",1
"andeq r0, r0, r0",1
"andeq r0, r0, r4",1
"andeq r0, r0, r8",1
"andeq r0, r0, r0, lsl r0",1
"andeq r0, r0, r0",1
"andeq r0, r0, r0",1
"andeq r0, r0, r4, lsl r0",1
"andeq r0, r0, r8, lsl r0",1
"andeq r0, r0, ip, lsl r0",1
"andeq r0, r0, r0, lsr 32",1
"andeq r0, r0, r0",1
"andeq r0, r0, r0",1
"andeq r0, r0, r0, lsl r0",1
"andeq r0, r0, r4, lsl r0",1
"andeq r0, r0, r8, lsl r0",1
"andeq r0, r0, ip, lsl r0",1
"andeq r0, r0, r4, lsr 32",1
"andeq r0, r0, ip, lsr 32",1
"strheq r0, [r0], -ip",1
"andeq r0, r0, r4, asr 6",1
"andeq r0, r0, r0",1
"andeq r0, r0, r0",1
"andeq r0, r0, r0, lsl r0",1
"andeq r0, r0, r4, lsl r0",1
"andeq r0, r0, r8, lsl r0",1
"andeq r0, r0, ip, lsl r0",1
"andeq r0, r0, r4, lsr 32",1
"andeq r0, r0, ip, lsr 32",1
"strheq r0, [r0], -ip",1
"andeq r0, r0, r4, asr 6",1
"andeq r0, r0, r0",1
"andeq r0, r0, r0",1
"ldrdeq r0, r1, [r0], -r8",1
"andeq r0, r0, ip, lsr 2",1
"andeq r0, r0, r4, lsl 5",1
"muleq r0, ip, r2",1
"ldrdeq r0, r1, [r0], -r4",1
"ldrdeq r0, r1, [r0], -ip",1
"andeq r0, r0, r0",1
"andeq r0, r0, r0",1
"andeq r0, r0, ip, lsr 2",1
"andeq r0, r0, r0, ror r2",1
"muleq r0, ip, r2",1
"ldrdeq r0, r1, [r0], -r4",1
"andeq r0, r0, ip, ror 5",1
"andeq r0, r0, r4, asr 6",1
"andeq r0, r0, r0",1
"andeq r0, r0, r0",1
"andeq r0, r0, r0, asr 2",1
"andeq r0, r0, r8, ror 4",1
"muleq r0, ip, r2",1
"ldrdeq r0, r1, [r0], -r4",1
"andeq r0, r0, ip, ror 5",1
"andeq r0, r0, r4, asr 6",1
"andeq r0, r0, r0",1
"andeq r0, r0, r0",1
"andeq r0, r0, r4, asr r1",1
"andeq r0, r0, r8, ror 4",1
"andeq r0, r0, ip, lsr 5",1
"ldrdeq r0, r1, [r0], -r4",1
"andeq r0, r0, ip, ror 5",1
"andeq r0, r0, r4, asr 6",1
"andeq r0, r0, r0",1
"andeq r0, r0, r0",1
"andeq r0, r0, r4, asr r1",1
"andeq r0, r0, r0, asr r2",1
"andeq r0, r0, ip, lsr 5",1
"ldrdeq r0, r1, [r0], -r4",1
"andeq r0, r0, ip, ror 5",1
"strdeq r0, r1, [r0], -r4",1
"andeq r0, r0, r4, lsl 6",1
"andeq r0, r0, r4, asr 6",1
"andeq r0, r0, r0",1
"andeq r0, r0, r0",1
"andeq r0, r0, r4, asr r1",1
"andeq r0, r0, r8, ror 2",1
"andeq r0, r0, r4, lsl 6",1
"andeq r0, r0, ip, lsl 6",1
"andeq r0, r0, r0",1
"andeq r0, r0, r0",1
"andeq r0, r0, r0, lsr 4",1
"andeq r0, r0, ip, lsr r2",1
"andeq r0, r0, r8, lsl r3",1
"andeq r0, r0, r4, asr 6",1
"andeq r0, r0, r0",1
"andeq r0, r0, r0",1
"andeq r0, r0, ip, asr 32",1
"muleq r0, r4, r0",1
"muleq r0, ip, r0",1
"andeq r0, r0, r4, lsr 1",1
"andeq r0, r0, r0",1
"andeq r0, r0, r0",1
"andeq r0, r0, r8",1
"andeq r0, r0, ip",1
"andeq r0, r0, r0, lsl r0",1
"andeq r0, r0, r4, lsl r0",1
"andeq r0, r0, r8, lsl r0",1
"andeq r0, r0, ip, lsl r0",1
"andeq r0, r0, r0, lsr 32",1
"andeq r0, r0, r4, rrx",1
"andeq r0, r0, r0",1
"andeq r0, r0, r0",1
invalid,1
"andeq r0, r0, r0",1
"andeq r8, r0, r0, asr 27",1
"andeq r8, r0, r4, asr 27",1
"andeq ip, r0, r8, lsl r2",1
"andeq ip, r0, ip, lsl r2",1
"andeq r0, r0, r0",1
"andeq r0, r0, r0",1
"ldmdbvc r3!, {sb, sl, fp, sp} ^",1
"rsbvs r7, r1, 0x6d000000",1
"ldrbtvc r2, [r3], -0xe00",1
"rsbvs r7, r1, 0x72000000",1
"ldmdavs r3!, {sb, sl, fp, sp} ^",1
"ldrbtvc r7, [r2], -0x473",1
"cdphs p2, 0, c6, c0, c1, 3",1
"ldrbvs r6, [r4, -0xe69]!",1
"mcrhs p0, 0, r7, c0, c2, 3",1
"ldrbvs r6, [r4, -0xf6e]!",1
"stmdbmi r2, {r1, r2, r3, r5, r8, lr} ^",1
"strbvs r7, [r1, -sp, lsr 8]!",1
svcvs 0x6e2e00,1
invalid,1
"eorvs r7, lr, 0x1b800000",1
"strbtvs r6, [ip], -0x975",1
"rsbeq r6, r4, sp, lsr 18",1
"strbvc r6, [lr, -0x72e]!",1
invalid,1
"strtvs r0, [lr], -0x68",1
"ldmdbvc r3!, {r0, r3, r4, r5, r6, sb, sl, fp, sp, lr} ^",1
"strtvs r0, [lr], -0x6d",1
"ldrbtvc r6, [r3], -0xe79",1
invalid,1
"strtvc r7, [lr], -lr, ror 10",1
"ldmdbvs r3!, {r0, r2, r5, r6, sb, ip, sp, lr} ^",1
"cdphs p14, 0, c6, c0, c15, 3",1
"cdphs p14, 7, c6, c5, c7, 3",1
"cmnvc r2, 0x1d800000",1
svcpl 0x6e6f69,1
"eorvc r0, lr, 0x72",1
"strtvs r6, [lr], -0xc65",1
"mcrhs p14, 0, r6, c0, c9, 3",1
"mcrhs p5, 3, r6, c12, c2, 3",1
"rsbseq r6, r4, r0, ror ip",1
"stmdbvs lr!, {r1, r2, r3, r5, r8, fp, sp, lr} ^",1
"strtvc r0, [lr], -0x74",1
"rsbseq r7, r4, r5, ror 16",1
"cdpvs p6, 6, c6, c9, c14, 1",1
"eorvc r0, lr, 0x69",1
"strbtvc r6, [r1], -0x46f",1
invalid,1
"strvs r4, [lr, -0xd52]!",1
"stmdavc r4!, {r3, r4, r5, r6, r8, fp, sp, lr} ^",1
"stmdavs r5!, {sb, sl, fp, sp} ^",1
"cmnvs r2, pc, asr r6",1
"cdphs p5, 0, c6, c0, c13, 3",1
"strbtvc r6, [sb], -0xe69",1
"rsbsvc r6, r2, 0xc0000017",1
"cdphs p9, 0, c7, c0, c1, 3",1
"stmdbvs lr!, {r1, r2, r5, r6, r8, fp, sp, lr} ^",1
"rsbsvc r6, r2, 0xc0000017",1
"cdphs p9, 0, c7, c0, c1, 3",1
"rsbseq r6, r2, sl, ror 6",1
"cdpvs p4, 7, c6, c9, c14, 1",1
invalid,1
svcvs 0x672e00,1
"strtvs r0, [lr], -0x74",1
"rsbeq r7, r1, r1, ror 8",1
"cmnvc r3, 0xe0000002",1
svcvs 0x632e00,1
"cdpvs p13, 6, c6, c5, c13, 3",1
invalid,1
"qsubvs r4, r2, lr",1
"ldmdbvs r2!, {r2, r4, r5, r6, sl, ip, sp, lr} ^",1
"ldrbvs r7, [r4, -0x562]!",1
"strtvs r0, [lr], -0x73",1
"ldrbvs r6, [r5, -r5, ror 4]!",1
"cmnvs r2, pc, asr r1",1
invalid,1
"strbvs r2, [r4, -0xe00]!",1
svcpl 0x677562,1
svcvs 0x666e69,1
"strbvs r2, [r4, -0xe00]!",1
svcpl 0x677562,1
"rsbvc r6, r2, 0x10000006",1
"cdphs p6, 0, c7, c0, c5, 3",1
"strbvc r6, [r2, -0x564]!",1
"stmdbvs ip!, {r0, r1, r2, r5, r6, r8, sb, sl, fp, ip, lr} ^",1
"cdphs p5, 0, c6, c0, c14, 3",1
"strbvc r6, [r2, -0x564]!",1
"rsbvc r5, r6, 0x19c",1
"rsbeq r6, r5, r1, ror 26",1
"rsbvs r6, r5, 0x2e000000",1
"cmpvc pc, 0x1d40000",1
"mcrhs p2, 0, r7, c0, c4, 3",1
"strbvc r6, [r2, -0x564]!",1
svcvs 0x6c5f67,1
"strtvs r0, [lr], -0x63",1
"ldrbvs r6, [r5, -r5, ror 4]!",1
"mcrvs p2, 3, r7, c1, c15, 2",1
"rsbseq r6, r3, r7, ror 10",1
"andeq r0, r0, r0",1
"andeq r0, r0, r0",1
"andeq r0, r0, r0",1
"andeq r0, r0, r0",1
"andeq r0, r0, r0",1
"andeq r0, r0, r0",1
"andeq r0, r0, r0",1
"andeq r0, r0, r0",1
"andeq r0, r0, r0",1
"andeq r0, r0, r0",1
"andeq r0, r0, fp, lsl r0",1
"andeq r0, r0, r1",1
"andeq r0, r0, r2",1
"andeq r8, r0, r4, lsr r1",1
"andeq r0, r0, r4, lsr r1",1
"andeq r0, r0, r3, lsl r0",1
"andeq r0, r0, r0",1
"andeq r0, r0, r0",1
"andeq r0, r0, r1",1
"andeq r0, r0, r0",1
"andeq r0, r0, r3, lsr 32",1
"andeq r0, r0, r7",1
"andeq r0, r0, r2",1
"andeq r8, r0, r8, asr 2",1
"andeq r0, r0, r8, asr 2",1
"andeq r0, r0, r0, lsr 32",1
"andeq r0, r0, r0",1
"andeq r0, r0, r0",1
"andeq r0, r0, r4",1
"andeq r0, r0, r0",1
"andeq r0, r0, r1, lsr r0",1
"andeq r0, r0, r7",1
"andeq r0, r0, r2",1
"andeq r8, r0, r8, ror 2",1
"andeq r0, r0, r8, ror 2",1
"andeq r0, r0, r4, lsr 32",1
"andeq r0, r0, r0",1
"andeq r0, r0, r0",1
"andeq r0, r0, r4",1
"andeq r0, r0, r0",1
"andeq r0, r0, r4, asr 32",1
svcvs 0xfffff6,1
"andeq r0, r0, r2",1
"andeq r8, r0, ip, lsl 3",1
"andeq r0, r0, ip, lsl 3",1
"andeq r0, r0, ip, ror 4",1
"andeq r0, r0, r5",1
"andeq r0, r0, r0",1
"andeq r0, r0, r4",1
"andeq r0, r0, r4",1
"andeq r0, r0, lr, asr 32",1
"andeq r0, r0, fp",1
"andeq r0, r0, r2",1
"strdeq r8, sb, [r0], -r8",1
"strdeq r0, r1, [r0], -r8",1
"andeq r0, r0, r0, ror 8",1
"andeq r0, r0, r6",1
"andeq r0, r0, r1",1
"andeq r0, r0, r4",1
"andeq r0, r0, r0, lsl r0",1
"andeq r0, r0, r6, asr r0",1
"andeq r0, r0, r3",1
"andeq r0, r0, r2",1
"andeq r8, r0, r8, asr r8",1
"andeq r0, r0, r8, asr r8",1
"muleq r0, r3, r2",1
"andeq r0, r0, r0",1
"andeq r0, r0, r0",1
"andeq r0, r0, r1",1
"andeq r0, r0, r0",1
"andeq r0, r0, lr, asr r0",1
svcvs 0xffffff,1
"andeq r0, r0, r2",1
"andeq r8, r0, ip, ror 21",1
"andeq r0, r0, ip, ror 21",1
"andeq r0, r0, ip, lsl 1",1
"andeq r0, r0, r5",1
"andeq r0, r0, r0",1
"andeq r0, r0, r2",1
"andeq r0, r0, r2",1
"andeq r0, r0, fp, rrx",1
svcvs 0xfffffe,1
"andeq r0, r0, r2",1
"andeq r8, r0, r8, ror fp",1
"andeq r0, r0, r8, ror fp",1
"andeq r0, r0, r0, lsr 32",1
"andeq r0, r0, r6",1
"andeq r0, r0, r1",1
"andeq r0, r0, r4",1
"andeq r0, r0, r0",1
"andeq r0, r0, sl, ror r0",1
"andeq r0, r0, sb",1
"andeq r0, r0, r2",1
"muleq r0, r8, fp",1
"muleq r0, r8, fp",1
"andeq r0, r0, r0, lsr r0",1
"andeq r0, r0, r5",1
"andeq r0, r0, r0",1
"andeq r0, r0, r4",1
"andeq r0, r0, r8",1
"andeq r0, r0, r3, lsl 1",1
"andeq r0, r0, sb",1
"andeq r0, r0, r2",1
"andeq r8, r0, r8, asr 23",1
"andeq r0, r0, r8, asr 23",1
"strdeq r0, r1, [r0], -r0",1
"andeq r0, r0, r5",1
"andeq r0, r0, ip",1
"andeq r0, r0, r4",1
"andeq r0, r0, r8",1
"andeq r0, r0, ip, lsl 1",1
"andeq r0, r0, r1",1
"andeq r0, r0, r6",1
"strheq r8, [r0], -r8",1
"strheq r0, [r0], -r8",1
"andeq r0, r0, ip",1
"andeq r0, r0, r0",1
"andeq r0, r0, r0",1
"andeq r0, r0, r4",1
"andeq r0, r0, r0",1
"andeq r0, r0, r7, lsl 1",1
"andeq r0, r0, r1",1
"andeq r0, r0, r6",1
"andeq r8, r0, r4, asr 27",1
"andeq r0, r0, r4, asr 27",1
"strdeq r0, r1, [r0], -ip",1
"andeq r0, r0, r0",1
"andeq r0, r0, r0",1
"andeq r0, r0, r4",1
"andeq r0, r0, r4",1
"muleq r0, r2, r0",1
"andeq r0, r0, r1",1
"andeq r0, r0, r6",1
"andeq sb, r0, r0, asr 1",1
"andeq r1, r0, r0, asr 1",1
"andeq r3, r0, r4, asr r1",1
"andeq r0, r0, r0",1
"andeq r0, r0, r0",1
"andeq r0, r0, r4",1
"andeq r0, r0, r0",1
"muleq r0, r8, r0",1
"andeq r0, r0, r1",1
"andeq r0, r0, r6",1
"andeq ip, r0, r4, lsl r2",1
"andeq r4, r0, r4, lsl r2",1
"andeq r0, r0, r8",1
"andeq r0, r0, r0",1
"andeq r0, r0, r0",1
"andeq r0, r0, r4",1
"andeq r0, r0, r0",1
"muleq r0, lr, r0",1
"andeq r0, r0, r1",1
"andeq r0, r0, r2",1
"andeq ip, r0, ip, lsl r2",1
"andeq r4, r0, ip, lsl r2",1
"andeq r0, r0, ip, lsr sb",1
"andeq r0, r0, r0",1
"andeq r0, r0, r0",1
"andeq r0, r0, r4",1
"andeq r0, r0, r0",1
"andeq r0, r0, r6, lsr 1",1
"andvc r0, r0, r1",1
"andeq r0, r0, r2, lsl 1",1
"andeq ip, r0, r8, asr fp",1
"andeq r4, r0, r8, asr fp",1
"andeq r0, r0, r8",1
"andeq r0, r0, sp",1
"andeq r0, r0, r0",1
"andeq r0, r0, r4",1
"andeq r0, r0, r0",1
"strheq r0, [r0], -r1",1
"andeq r0, r0, r1",1
"andeq r0, r0, r2",1
"andeq ip, r0, r0, ror 22",1
"andeq r4, r0, r0, ror 22",1
"andeq r0, r0, r4",1
"andeq r0, r0, r0",1
"andeq r0, r0, r0",1
"andeq r0, r0, r4",1
"andeq r0, r0, r0",1
"strheq r0, [r0], -fp",1
"andeq r0, r0, lr",1
"andeq r0, r0, r3",1
"andeq r4, r1, r4, ror 22",1
"andeq r4, r0, r4, ror 22",1
"andeq r0, r0, r4",1
"andeq r0, r0, r0",1
"andeq r0, r0, r0",1
"andeq r0, r0, r4",1
"andeq r0, r0, r0",1
"andeq r0, r0, r7, asr 1",1
"andeq r0, r0, pc",1
"andeq r0, r0, r3",1
"andeq r4, r1, r8, ror 22",1
"andeq r4, r0, r8, ror 22",1
"andeq r0, r0, r4",1
"andeq r0, r0, r0",1
"andeq r0, r0, r0",1
"andeq r0, r0, r4",1
"andeq r0, r0, r0",1
"ldrdeq r0, r1, [r0], -r3",1
"andeq r0, r0, r1",1
"andeq r0, r0, r3",1
"andeq r4, r1, ip, ror 22",1
"andeq r4, r0, ip, ror 22",1
"andeq r0, r0, r4",1
"andeq r0, r0, r0",1
"andeq r0, r0, r0",1
"andeq r0, r0, r4",1
"andeq r0, r0, r0",1
"ldrdeq r0, r1, [r0], -r8",1
"andeq r0, r0, r6",1
"andeq r0, r0, r3",1
"andeq r4, r1, r0, ror fp",1
"andeq r4, r0, r0, ror fp",1
"andeq r0, r0, r8, ror 1",1
"andeq r0, r0, r6",1
"andeq r0, r0, r0",1
"andeq r0, r0, r4",1
"andeq r0, r0, r8",1
"andeq r0, r0, r1, ror 1",1
"andeq r0, r0, r1",1
"andeq r0, r0, r3",1
"andeq r4, r1, r8, asr ip",1
"andeq r4, r0, r8, asr ip",1
"andeq r0, r0, ip, lsl 2",1
"andeq r0, r0, r0",1
"andeq r0, r0, r0",1
"andeq r0, r0, r4",1
"andeq r0, r0, r4",1
"andeq r0, r0, r6, ror 1",1
"andeq r0, r0, r1",1
"andeq r0, r0, r3",1
"andeq r4, r1, r4, ror 26",1
"andeq r4, r0, r4, ror 26",1
"andeq r0, r0, r0, asr r0",1
"andeq r0, r0, r0",1
"andeq r0, r0, r0",1
"andeq r0, r0, r4",1
"andeq r0, r0, r0",1
"andeq r0, r0, ip, ror 1",1
"andeq r0, r0, r8",1
"andeq r0, r0, r3",1
"strheq r4, [r1], -r8",1
"strheq r4, [r0], -r4",1
"andeq r0, r0, r4, ror 2",1
"andeq r0, r0, r0",1
"andeq r0, r0, r0",1
"andeq r0, r0, r8",1
"andeq r0, r0, r0",1
"strdeq r0, r1, [r0], -r1",1
"andeq r0, r0, r1",1
"andeq r0, r0, r0, lsr r0",1
"andeq r0, r0, r0",1
"strheq r4, [r0], -r4",1
"andeq r0, r0, r1, lsl r0",1
"andeq r0, r0, r0",1
"andeq r0, r0, r0",1
"andeq r0, r0, r1",1
"andeq r0, r0, r1",1
"strdeq r0, r1, [r0], -sl",1
"andvc r0, r0, r3",1
"andeq r0, r0, r0",1
"andeq r0, r0, r0",1
"andeq r4, r0, r5, asr 27",1
"andeq r0, r0, r5, lsr r0",1
"andeq r0, r0, r0",1
"andeq r0, r0, r0",1
"andeq r0, r0, r1",1
"andeq r0, r0, r0",1
"andeq r0, r0, sl, lsl 2",1
"andeq r0, r0, r1",1
"andeq r0, r0, r0",1
"andeq r0, r0, r0",1
"andeq r4, r0, r0, lsl 28",1
"andeq r0, r0, r0, asr 6",1
"andeq r0, r0, r0",1
"andeq r0, r0, r0",1
"andeq r0, r0, r8",1
"andeq r0, r0, r0",1
"andeq r0, r0, sb, lsl r1",1
"andeq r0, r0, r1",1
"andeq r0, r0, r0",1
"andeq r0, r0, r0",1
"andeq r5, r0, r0, asr 2",1
"strdeq sb, sl, [r0], -fp",1
"andeq r0, r0, r0",1
"andeq r0, r0, r0",1
"andeq r0, r0, r1",1
"andeq r0, r0, r0",1
"andeq r0, r0, r5, lsr 2",1
"andeq r0, r0, r1",1
"andeq r0, r0, r0",1
"andeq r0, r0, r0",1
"andeq lr, r0, fp, lsr r8",1
"andeq r2, r0, r7, lsr r2",1
"andeq r0, r0, r0",1
"andeq r0, r0, r0",1
"andeq r0, r0, r1",1
"andeq r0, r0, r0",1
"andeq r0, r0, r3, lsr r1",1
"andeq r0, r0, r1",1
"andeq r0, r0, r0",1
"andeq r0, r0, r0",1
"andeq r0, r1, r2, ror sl",1
"ldrdeq r1, r2, [r0], -sb",1
"andeq r0, r0, r0",1
"andeq r0, r0, r0",1
"andeq r0, r0, r1",1
"andeq r0, r0, r0",1
"andeq r0, r0, pc, lsr r1",1
"andeq r0, r0, r1",1
"andeq r0, r0, r0",1
"andeq r0, r0, r0",1
"andeq r2, r1, ip, asr 18",1
"andeq r0, r0, r0, ror 16",1
"andeq r0, r0, r0",1
"andeq r0, r0, r0",1
"andeq r0, r0, r4",1
"andeq r0, r0, r0",1
"andeq r0, r0, ip, asr 2",1
"andeq r0, r0, r1",1
"andeq r0, r0, r0, lsr r0",1
"andeq r0, r0, r0",1
"andeq r3, r1, ip, lsr 3",1
"ldrdeq r2, r3, [r0], -sb",1
"andeq r0, r0, r0",1
"andeq r0, r0, r0",1
"andeq r0, r0, r1",1
"andeq r0, r0, r1",1
"andeq r0, r0, r7, asr r1",1
"andeq r0, r0, r1",1
"andeq r0, r0, r0",1
"andeq r0, r0, r0",1
"andeq r5, r1, r5, lsl 23",1
"andeq r4, r0, sl, ror 7",1
"andeq r0, r0, r0",1
"andeq r0, r0, r0",1
"andeq r0, r0, r1",1
"andeq r0, r0, r0",1
"andeq r0, r0, r2, ror 2",1
"andeq r0, r0, r1",1
"andeq r0, r0, r0",1
"andeq r0, r0, r0",1
"andeq sb, r1, r0, ror pc",1
"andeq r0, r0, r0, lsl 17",1
"andeq r0, r0, r0",1
"andeq r0, r0, r0",1
"andeq r0, r0, r8",1
"andeq r0, r0, r0",1
"andeq r0, r0, r1, lsl r0",1
"andeq r0, r0, r3",1
"andeq r0, r0, r0",1
"andeq r0, r0, r0",1
"strdeq sl, fp, [r1], -r0",1
"andeq r0, r0, r0, ror r1",1
"andeq r0, r0, r0",1
"andeq r0, r0, r0",1
"andeq r0, r0, r1",1
"andeq r0, r0, r0",1
"andeq r0, r0, r1",1
"andeq r0, r0, r2",1
"andeq r0, r0, r0",1
"andeq r0, r0, r0",1
"andeq sl, r1, r0, asr pc",1
"andeq r1, r0, r0, asr 20",1
"andeq r0, r0, r5, lsr 32",1
"andeq r0, r0, r1, lsl 2",1
"andeq r0, r0, r4",1
"andeq r0, r0, r0, lsl r0",1
"andeq r0, r0, sb",1
"andeq r0, r0, r3",1
"andeq r0, r0, r0",1
"andeq r0, r0, r0",1
"muleq r1, r0, sb",1
"andeq r0, r0, sp, asr pc",1
"andeq r0, r0, r0",1
"andeq r0, r0, r0",1
"andeq r0, r0, r1",1
"andeq r0, r0, r0",1
"andeq r0, r0, r0",1
"andeq r0, r0, r0",1
"andeq r0, r0, r0",1
"andeq r0, r0, r0",1
"andeq r0, r0, r0",1
"andeq r8, r0, r4, lsr r1",1
"andeq r0, r0, r0",1
"andeq r0, r1, r3",1
"andeq r0, r0, r0",1
"andeq r8, r0, r8, asr 2",1
"andeq r0, r0, r0",1
"andeq r0, r2, r3",1
"andeq r0, r0, r0",1
"andeq r8, r0, r8, ror 2",1
"andeq r0, r0, r0",1
"andeq r0, r3, r3",1
"andeq r0, r0, r0",1
"andeq r8, r0, ip, lsl 3",1
"andeq r0, r0, r0",1
"andeq r0, r4, r3",1
"andeq r0, r0, r0",1
"strdeq r8, sb, [r0], -r8",1
"andeq r0, r0, r0",1
"andeq r0, r5, r3",1
"andeq r0, r0, r0",1
"andeq r8, r0, r8, asr r8",1
"andeq r0, r0, r0",1
"andeq r0, r6, r3",1
"andeq r0, r0, r0",1
"andeq r8, r0, ip, ror 21",1
"andeq r0, r0, r0",1
"andeq r0, r7, r3",1
"andeq r0, r0, r0",1
"andeq r8, r0, r8, ror fp",1
"andeq r0, r0, r0",1
"andeq r0, r8, r3",1
"andeq r0, r0, r0",1
"muleq r0, r8, fp",1
"andeq r0, r0, r0",1
"andeq r0, sb, r3",1
"andeq r0, r0, r0",1
"andeq r8, r0, r8, asr 23",1
"andeq r0, r0, r0",1
"andeq r0, sl, r3",1
"andeq r0, r0, r0",1
"strheq r8, [r0], -r8",1
"andeq r0, r0, r0",1
"andeq r0, fp, r3",1
"andeq r0, r0, r0",1
"andeq r8, r0, r4, asr 27",1
"andeq r0, r0, r0",1
"andeq r0, ip, r3",1
"andeq r0, r0, r0",1
"andeq sb, r0, r0, asr 1",1
"andeq r0, r0, r0",1
"andeq r0, sp, r3",1
"andeq r0, r0, r0",1
"andeq ip, r0, r4, lsl r2",1
"andeq r0, r0, r0",1
"andeq r0, lr, r3",1
"andeq r0, r0, r0",1
"andeq ip, r0, ip, lsl r2",1
"andeq r0, r0, r0",1
"andeq r0, pc, r3",1
"andeq r0, r0, r0",1
"andeq ip, r0, r8, asr fp",1
"andeq r0, r0, r0",1
"andseq r0, r0, r3",1
"andeq r0, r0, r0",1
"andeq ip, r0, r0, ror 22",1
"andeq r0, r0, r0",1
"andseq r0, r1, r3",1
"andeq r0, r0, r0",1
"andeq r4, r1, r4, ror 22",1
"andeq r0, r0, r0",1
"andseq r0, r2, r3",1
"andeq r0, r0, r0",1
"andeq r4, r1, r8, ror 22",1
"andeq r0, r0, r0",1
"andseq r0, r3, r3",1
"andeq r0, r0, r0",1
"andeq r4, r1, ip, ror 22",1
"andeq r0, r0, r0",1
"andseq r0, r4, r3",1
"andeq r0, r0, r0",1
"andeq r4, r1, r0, ror fp",1
"andeq r0, r0, r0",1
"andseq r0, r5, r3",1
"andeq r0, r0, r0",1
"andeq r4, r1, r8, asr ip",1
"andeq r0, r0, r0",1
"andseq r0, r6, r3",1
"andeq r0, r0, r0",1
"andeq r4, r1, r4, ror 26",1
"andeq r0, r0, r0",1
"andseq r0, r7, r3",1
"andeq r0, r0, r0",1
"strheq r4, [r1], -r8",1
"andeq r0, r0, r0",1
"andseq r0, r8, r3",1
"andeq r0, r0, r0",1
"andeq r0, r0, r0",1
"andeq r0, r0, r0",1
"andseq r0, sb, r3",1
"andeq r0, r0, r0",1
"andeq r0, r0, r0",1
"andeq r0, r0, r0",1
"andseq r0, sl, r3",1
"andeq r0, r0, r0",1
"andeq r0, r0, r0",1
"andeq r0, r0, r0",1
"andseq r0, fp, r3",1
"andeq r0, r0, r0",1
"andeq r0, r0, r0",1
"andeq r0, r0, r0",1
"andseq r0, ip, r3",1
"andeq r0, r0, r0",1
"andeq r0, r0, r0",1
"andeq r0, r0, r0",1
"andseq r0, sp, r3",1
"andeq r0, r0, r0",1
"andeq r0, r0, r0",1
"andeq r0, r0, r0",1
"andseq r0, lr, r3",1
"andeq r0, r0, r0",1
"andeq r0, r0, r0",1
"andeq r0, r0, r0",1
"andseq r0, pc, r3",1
"andeq r0, r0, r0",1
"andeq r0, r0, r0",1
"andeq r0, r0, r0",1
"eoreq r0, r0, r3",1
"andeq r0, r0, r0",1
"andeq r0, r0, r0",1
"andeq r0, r0, r0",1
"eoreq r0, r1, r3",1
"andeq r0, r0, r0",1
"andeq r0, r0, r0",1
"andeq r0, r0, r0",1
"eoreq r0, r2, r3",1
"andeq r0, r0, r1",1
"andeq r0, r0, r0",1
"andeq r0, r0, r0",1
invalid,1
"andeq r0, r0, r2, lsl 1",1
"andeq r8, r0, r8, asr 2",1
"andeq r0, r0, r0",1
"andeq r0, r2, r0",1
"andeq r0, r0, r5, lsl 1",1
"andeq r0, r0, r0",1
"andeq r0, r0, r0",1
invalid,1
"andeq r0, r0, r3, lsl 2",1
"andeq sb, r0, r0, lsl 7",1
"andeq r0, r0, r0",1
"andeq r0, sp, r0",1
"andeq r0, r0, r2, lsl 1",1
"andeq ip, r0, r8, asr fp",1
"andeq r0, r0, r0",1
"andseq r0, r0, r0",1
"andeq r0, r0, r2, lsl 1",1
"strheq sb, [r0], -r0",1
"andeq r0, r0, r0",1
"andeq r0, sp, r0",1
"andeq r0, r0, r2, lsl 1",1
"andeq r0, r0, ip",1
"andeq r0, r0, r0",1
"andseq r0, fp, r0",1
"andeq r0, r0, r6, lsl 2",1
"andeq r0, r0, r0",1
"andeq r0, r0, r0",1
invalid,1
"andeq r0, r0, r2, lsl 1",1
"andeq ip, r0, ip, lsl r2",1
"andeq r0, r0, r0",1
"andeq r0, pc, r0",1
"andeq r0, r0, r0",1
"andeq r0, r0, r0",1
"andeq r0, r0, r0",1
invalid,1
"andeq r0, r0, r2, lsl 1",1
"andeq r4, r1, r4, ror 26",1
"andeq r0, r0, r0",1
"andseq r0, r7, r0",1
"andeq r0, r0, sp, lsl 2",1
"andeq r0, r0, r0",1
"andeq r0, r0, r0",1
invalid,1
"andeq r0, r0, r3, lsl 2",1
"strheq sb, [r0], -ip",1
"andeq r0, r0, r0",1
"andeq r0, sp, r0",1
"andeq r0, r0, r7, asr 2",1
"strheq sb, [r0], -ip",1
"andeq r0, r0, r0",1
"andeq r0, sp, r2",1
"andeq r0, r0, r2, lsl 1",1
"ldrdeq sb, sl, [r0], -r8",1
"andeq r0, r0, r0",1
"andeq r0, sp, r0",1
"andeq r0, r0, r3, lsl 2",1
"strheq r8, [r0], -r8",1
"andeq r0, r0, r0",1
"andeq r0, fp, r0",1
"andeq r0, r0, r3, lsl 2",1
"andeq ip, r0, r4, lsl r2",1
"andeq r0, r0, r0",1
"andeq r0, lr, r0",1
"andeq r0, r0, r2, lsl 1",1
"andeq r0, r0, r4, asr 32",1
"andeq r0, r0, r0",1
"andseq r0, fp, r0",1
"andeq r0, r0, r4, asr r1",1
"andeq r0, r0, r0",1
"andeq r0, r0, r0",1
invalid,1
"andeq r0, r0, r3, lsl 2",1
"andeq r8, r0, r0, asr 27",1
"andeq r0, r0, r0",1
"andeq r0, fp, r0",1
"andeq r0, r0, r3, lsl 2",1
"andeq ip, r0, r8, lsl r2",1
"andeq r0, r0, r0",1
"andeq r0, lr, r0",1
"andeq r0, r0, r2, lsl 1",1
"andeq r0, r0, r4, lsr 6",1
"andeq r0, r0, r0",1
"andseq r0, fp, r0",1
"andeq r0, r0, lr, lsl 3",1
"andeq r0, r0, r0",1
"andeq r0, r0, r0",1
invalid,1
"andeq r0, r0, r3, lsl 2",1
"strheq sb, [r0], -r4",1
"andeq r0, r0, r0",1
"andeq r0, sp, r0",1
"muleq r0, r4, r1",1
"strheq sb, [r0], -r4",1
"andeq r0, r0, r8, ror r0",1
"andeq r0, sp, r2",1
"andeq r0, r0, r2, lsl 1",1
"andeq sb, r0, r8, lsr 10",1
"andeq r0, r0, r0",1
"andeq r0, sp, r0",1
"andeq r0, r0, r3, lsl 2",1
"andeq sb, r0, ip, lsr 10",1
"andeq r0, r0, r0",1
"andeq r0, sp, r0",1
"muleq r0, pc, r1",1
"andeq sb, r0, ip, lsr 10",1
"strheq r0, [r0], -r8",1
"andeq r0, sp, r2",1
"strheq r0, [r0], -r1",1
"andeq sb, r0, r4, ror 11",1
"andeq r0, r0, r0, asr r4",1
"andeq r0, sp, r2",1
"andeq r0, r0, r2, lsl 1",1
"andeq sb, r0, ip, lsl 20",1
"andeq r0, r0, r0",1
"andeq r0, sp, r0",1
"andeq r0, r0, r3, lsl 2",1
"andeq sb, r0, r4, lsr sl",1
"andeq r0, r0, r0",1
"andeq r0, sp, r0",1
"andeq r0, r0, r2, lsl 1",1
"andeq sb, r0, r8, asr 23",1
"andeq r0, r0, r0",1
"andeq r0, sp, r0",1
"andeq r0, r0, r3, lsl 2",1
"andeq sb, r0, r0, asr 1",1
"andeq r0, r0, r0",1
"andeq r0, sp, r0",1
"andeq r0, r0, r2, lsl 1",1
"andeq sb, r0, ip, lsr r3",1
"andeq r0, r0, r0",1
"andeq r0, sp, r0",1
"andeq r0, r0, r2, lsl 1",1
"andeq ip, r0, r0, lsr 4",1
"andeq r0, r0, r0",1
"andeq r0, pc, r0",1
"strheq r0, [r0], -pc",1
"andeq ip, r0, r0, lsr 4",1
"andeq r0, r0, r0, asr r0",1
"andeq r0, pc, r1",1
"andeq r0, r0, r2, lsl 1",1
"andeq ip, r0, r0, ror r2",1
"andeq r0, r0, r0",1
"andeq r0, pc, r0",1
"andeq r0, r0, r2, lsl 1",1
"andeq r0, r0, r0, lsl r0",1
"andeq r0, r0, r0",1
"andseq r0, pc, r0",1
"andeq r0, r0, r8, asr 3",1
"andeq r0, r0, r0",1
"andeq r0, r0, r0",1
invalid,1
"ldrdeq r0, r1, [r0], -r3",1
"andeq r4, r1, ip, ror 22",1
"andeq r0, r0, r0",1
"andseq r0, r4, r1",1
"andeq r0, r0, r3, lsl 2",1
"andeq sb, r0, r0, ror 7",1
"andeq r0, r0, r0",1
"andeq r0, sp, r0",1
"andeq r0, r0, r0, ror 3",1
"andeq sb, r0, r0, ror 7",1
"andeq r0, r0, r0",1
"andeq r0, sp, r2",1
"andeq r0, r0, r2, lsl 1",1
"andeq sb, r0, ip, lsl 8",1
"andeq r0, r0, r0",1
"andeq r0, sp, r0",1
"andeq r0, r0, r3, lsl 2",1
"andeq sb, r0, r8, lsl r4",1
"andeq r0, r0, r0",1
"andeq r0, sp, r0",1
"strdeq r0, r1, [r0], -r5",1
"andeq sb, r0, r8, lsl r4",1
"andeq r0, r0, r0",1
"andeq r0, sp, r2",1
"andeq r0, r0, r2, lsl 1",1
"andeq sb, r0, ip, asr 8",1
"andeq r0, r0, r0",1
"andeq r0, sp, r0",1
"andeq r0, r0, r2, lsl 1",1
"andeq r4, r1, r8, ror 26",1
"andeq r0, r0, r0",1
"andseq r0, r7, r0",1
"andeq r0, r0, r3, lsl 2",1
"andeq sb, r0, r8, asr r4",1
"andeq r0, r0, r0",1
"andeq r0, sp, r0",1
"andeq r0, r0, r8, lsl 4",1
"andeq sb, r0, r8, asr r4",1
"andeq r0, r0, r0",1
"andeq r0, sp, r2",1
"andeq r0, r0, r2, lsl 1",1
"andeq sb, r0, ip, ror r4",1
"andeq r0, r0, r0",1
"andeq r0, sp, r0",1
"andeq r0, r0, lr, lsl r2",1
"ldrdeq r4, r5, [r1], -r8",1
"andeq r0, r0, r1",1
"andseq r0, r8, r1",1
"andeq r0, r0, r2, lsl 1",1
"andeq r4, r1, r8, ror 22",1
"andeq r0, r0, r0",1
"andseq r0, r3, r0",1
"andeq r0, r0, sp, lsr 4",1
"andeq r4, r1, r8, ror 22",1
"andeq r0, r0, r0",1
"andseq r0, r3, r1",1
"andeq r0, r0, r3, lsl 2",1
"andeq sb, r0, r0, lsl 9",1
"andeq r0, r0, r0",1
"andeq r0, sp, r0",1
"andeq r0, r0, r4, asr r2",1
"andeq sb, r0, r0, lsl 9",1
"andeq r0, r0, r0",1
"andeq r0, sp, r2",1
"andeq r0, r0, r2, lsl 1",1
"andeq sb, r0, ip, lsr 9",1
"andeq r0, r0, r0",1
"andeq r0, sp, r0",1
"andeq r0, r0, r2, lsl 1",1
"andeq r4, r1, r4, ror 22",1
"andeq r0, r0, r0",1
"andseq r0, r2, r0",1
"andeq r0, r0, r0, ror 4",1
"andeq r4, r1, r4, ror 22",1
"andeq r0, r0, r0",1
"andseq r0, r2, r1",1
"andeq r0, r0, r2, lsl 1",1
"ldrdeq r4, r5, [r1], -r8",1
"andeq r0, r0, r0",1
"andseq r0, r8, r0",1
"andeq r0, r0, pc, ror r2",1
"andeq r0, r0, r0",1
"andeq r0, r0, r0",1
invalid,1
"andeq r0, r0, r2, lsl 1",1
"andeq r4, r1, ip, ror 26",1
"andeq r0, r0, r0",1
"andseq r0, r7, r0",1
"andeq r0, r0, r2, lsl 1",1
"ldrdeq ip, sp, [r0], -r4",1
"andeq r0, r0, r0",1
"andeq r0, pc, r0",1
"andeq r0, r0, sb, lsl 5",1
"andeq r0, r0, r0",1
"andeq r0, r0, r0",1
invalid,1
"andeq r0, r0, r3, lsl 2",1
"andeq sb, r0, ip, lsl 24",1
"andeq r0, r0, r0",1
"andeq r0, sp, r0",1
"andeq r0, r0, r2, lsl 1",1
"andeq sb, r0, r8, lsl ip",1
"andeq r0, r0, r0",1
"andeq r0, sp, r0",1
"andeq r0, r0, r3, lsl 2",1
"andeq sb, r0, ip, lsl ip",1
"andeq r0, r0, r0",1
"andeq r0, sp, r0",1
"andeq r0, r0, r2, lsl 1",1
"andeq sb, r0, r8, lsr 24",1
"andeq r0, r0, r0",1
"andeq r0, sp, r0",1
"andeq r0, r0, r3, lsl 2",1
"andeq sb, r0, ip, lsr 24",1
"andeq r0, r0, r0",1
"andeq r0, sp, r0",1
"andeq r0, r0, r2, lsl 1",1
"strdeq sb, sl, [r0], -r8",1
"andeq r0, r0, r0",1
"andeq r0, sp, r0",1
"andeq r0, r0, r2, lsl 1",1
"ldrdeq ip, sp, [r0], -ip",1
"andeq r0, r0, r0",1
"andeq r0, pc, r0",1
"andeq r0, r0, r2, lsl 1",1
"ldrdeq r4, r5, [r1], -ip",1
"andeq r0, r0, r0",1
"andseq r0, r8, r0",1
"muleq r0, r4, r2",1
"ldrdeq r4, r5, [r1], -ip",1
"andeq r0, r0, r4",1
"andseq r0, r8, r1",1
"muleq r0, lr, r2",1
"andeq r4, r1, r0, ror 27",1
"andeq r0, r0, r1",1
"andseq r0, r8, r1",1
"andeq r0, r0, r2, lsl 1",1
"andeq r0, r0, r8, asr 1",1
"andeq r0, r0, r0",1
"andseq r0, pc, r0",1
"andeq r0, r0, fp, lsr 5",1
"andeq r0, r0, r0",1
"andeq r0, r0, r0",1
invalid,1
"andeq r0, r0, r3, lsl 2",1
"andeq sb, r0, r4, lsl sp",1
"andeq r0, r0, r0",1
"andeq r0, sp, r0",1
"andeq r0, r0, r2, lsl 1",1
"andeq r0, r0, r8, lsl r1",1
"andeq r0, r0, r0",1
"andseq r0, pc, r0",1
"strheq r0, [r0], -fp",1
"andeq r0, r0, r0",1
"andeq r0, r0, r0",1
invalid,1
"andeq r0, r0, r2, lsl 1",1
"andeq r4, r1, r0, ror sp",1
"andeq r0, r0, r0",1
"andseq r0, r7, r0",1
"andeq r0, r0, r6, asr 5",1
"andeq r0, r0, r0",1
"andeq r0, r0, r0",1
invalid,1
"andeq r0, r0, r3, lsl 2",1
"strheq sb, [r0], -r0",1
"andeq r0, r0, r0",1
"andeq r0, sp, r0",1
"andeq r0, r0, r2, lsl 1",1
"andeq sb, r0, r8, asr 28",1
"andeq r0, r0, r0",1
"andeq r0, sp, r0",1
"andeq r0, r0, r2, lsl 1",1
"strdeq ip, sp, [r0], -r0",1
"andeq r0, r0, r0",1
"andeq r0, pc, r0",1
"andeq r0, r0, r2, lsl 1",1
"andeq r4, r1, r4, ror 27",1
"andeq r0, r0, r0",1
"andseq r0, r8, r0",1
"andeq r0, r0, r2, lsl 1",1
"andeq r0, r0, r0, asr r1",1
"andeq r0, r0, r0",1
"andseq r0, pc, r0",1
"ldrdeq r0, r1, [r0], -r1",1
"andeq r0, r0, r0",1
"andeq r0, r0, r0",1
invalid,1
"andeq r0, r0, r3, lsl 2",1
"andeq sb, r0, r4, ror 28",1
"andeq r0, r0, r0",1
"andeq r0, sp, r0",1
"ldrdeq r0, r1, [r0], -ip",1
"andeq sb, r0, r4, ror 28",1
"andeq r0, r0, r4, asr r0",1
"andeq r0, sp, r2",1
"strdeq r0, r1, [r0], -r7",1
"strheq sb, [r0], -r8",1
"andeq r0, r0, r8, lsr 2",1
"andeq r0, sp, r2",1
"andeq r0, r0, r2, lsl 1",1
"andeq sb, r0, r8, asr 31",1
"andeq r0, r0, r0",1
"andeq r0, sp, r0",1
"andeq r0, r0, r3, lsl 2",1
"andeq sb, r0, r0, ror 31",1
"andeq r0, r0, r0",1
"andeq r0, sp, r0",1
"andeq r0, r0, ip, lsl 6",1
"andeq sb, r0, r0, ror 31",1
"andeq r0, r0, ip, asr 25",1
"andeq r0, sp, r2",1
"andeq r0, r0, r2, lsl 1",1
"andeq sl, r0, r0, lsr 32",1
"andeq r0, r0, r0",1
"andeq r0, sp, r0",1
"andeq r0, r0, r3, lsl 2",1
"andeq sl, r0, r4, asr 32",1
"andeq r0, r0, r0",1
"andeq r0, sp, r0",1
"andeq r0, r0, r2, lsl 1",1
"andeq sl, r0, r0, lsl 3",1
"andeq r0, r0, r0",1
"andeq r0, sp, r0",1
"andeq r0, r0, r3, lsl 2",1
"andeq sl, r0, ip, ror r3",1
"andeq r0, r0, r0",1
"andeq r0, sp, r0",1
"andeq r0, r0, r2, lsl 1",1
"andeq sl, r0, r4, ror 20",1
"andeq r0, r0, r0",1
"andeq r0, sp, r0",1
"andeq r0, r0, r3, lsl 2",1
"andeq sl, r0, ip, ror 21",1
"andeq r0, r0, r0",1
"andeq r0, sp, r0",1
"andeq r0, r0, r2, lsl 1",1
"muleq r0, ip, ip",1
"andeq r0, r0, r0",1
"andeq r0, sp, r0",1
"andeq r0, r0, r3, lsl 2",1
"andeq sl, r0, ip, lsr 25",1
"andeq r0, r0, r0",1
"andeq r0, sp, r0",1
"andeq r0, r0, r5, lsr 6",1
"andeq sl, r0, ip, lsr 25",1
"strheq r0, [r0], -r0",1
"andeq r0, sp, r2",1
"andeq r0, r0, r2, lsl 1",1
"andeq sl, r0, r4, asr lr",1
"andeq r0, r0, r0",1
"andeq r0, sp, r0",1
"andeq r0, r0, r3, lsl 2",1
"andeq sl, r0, ip, asr lr",1
"andeq r0, r0, r0",1
"andeq r0, sp, r0",1
"andeq r0, r0, r2, lsl 1",1
"andeq sl, r0, ip, lsl 29",1
"andeq r0, r0, r0",1
"andeq r0, sp, r0",1
"andeq r0, r0, r3, lsl 2",1
"muleq r0, r0, lr",1
"andeq r0, r0, r0",1
"andeq r0, sp, r0",1
"andeq r0, r0, r2, lsl 1",1
"andeq sl, r0, r4, lsr 29",1
"andeq r0, r0, r0",1
"andeq r0, sp, r0",1
"andeq r0, r0, r3, lsl 2",1
"andeq sl, r0, r8, lsr 29",1
"andeq r0, r0, r0",1
"andeq r0, sp, r0",1
"andeq r0, r0, r2, lsl 1",1
"strheq sl, [r0], -ip",1
"andeq r0, r0, r0",1
"andeq r0, sp, r0",1
"andeq r0, r0, r3, lsl 2",1
"andeq sl, r0, r0, asr 29",1
"andeq r0, r0, r0",1
"andeq r0, sp, r0",1
"andeq r0, r0, r2, lsl 1",1
"andeq sl, r0, r0, lsl 30",1
"andeq r0, r0, r0",1
"andeq r0, sp, r0",1
"andeq r0, r0, r3, lsl 2",1
"andeq sl, r0, r4, lsl 30",1
"andeq r0, r0, r0",1
"andeq r0, sp, r0",1
"andeq r0, r0, r2, lsl 1",1
"andeq sl, r0, ip, lsl pc",1
"andeq r0, r0, r0",1
"andeq r0, sp, r0",1
"andeq r0, r0, r3, lsl 2",1
"andeq sl, r0, r0, lsr 30",1
"andeq r0, r0, r0",1
"andeq r0, sp, r0",1
"andeq r0, r0, r2, lsl 1",1
"andeq sl, r0, r0, asr pc",1
"andeq r0, r0, r0",1
"andeq r0, sp, r0",1
"andeq r0, r0, r3, lsl 2",1
"andeq sl, r0, r4, asr pc",1
"andeq r0, r0, r0",1
"andeq r0, sp, r0",1
"andeq r0, r0, r2, lsl 1",1
"andeq sl, r0, ip, asr 31",1
"andeq r0, r0, r0",1
"andeq r0, sp, r0",1
"andeq r0, r0, r3, lsl 2",1
"ldrdeq sl, fp, [r0], -r0",1
"andeq r0, r0, r0",1
"andeq r0, sp, r0",1
"andeq r0, r0, r2, lsl 1",1
"muleq r0, r8, r0",1
"andeq r0, r0, r0",1
"andeq r0, sp, r0",1
"andeq r0, r0, r3, lsl 2",1
"muleq r0, ip, r0",1
"andeq r0, r0, r0",1
"andeq r0, sp, r0",1
"andeq r0, r0, r2, lsl 1",1
"andeq fp, r0, r8, lsr 2",1
"andeq r0, r0, r0",1
"andeq r0, sp, r0",1
"andeq r0, r0, r3, lsl 2",1
"andeq fp, r0, r0, lsr r1",1
"andeq r0, r0, r0",1
"andeq r0, sp, r0",1
"andeq r0, r0, r2, lsl 1",1
"andeq fp, r0, ip, lsr r1",1
"andeq r0, r0, r0",1
"andeq r0, sp, r0",1
"andeq r0, r0, r3, lsl 2",1
"andeq fp, r0, r0, asr 2",1
"andeq r0, r0, r0",1
"andeq r0, sp, r0",1
"andeq r0, r0, r2, lsl 1",1
"andeq fp, r0, r8, asr 2",1
"andeq r0, r0, r0",1
"andeq r0, sp, r0",1
"andeq r0, r0, r3, lsl 2",1
"andeq fp, r0, ip, asr 2",1
"andeq r0, r0, r0",1
"andeq r0, sp, r0",1
"andeq r0, r0, r2, lsl 1",1
"andeq fp, r0, ip, lsl 5",1
"andeq r0, r0, r0",1
"andeq r0, sp, r0",1
"andeq r0, r0, r3, lsl 2",1
"muleq r0, r0, r2",1
"andeq r0, r0, r0",1
"andeq r0, sp, r0",1
"andeq r0, r0, r2, lsl 1",1
"andeq fp, r0, r0, lsl r3",1
"andeq r0, r0, r0",1
"andeq r0, sp, r0",1
"andeq r0, r0, r3, lsl 2",1
"andeq fp, r0, r4, lsl r3",1
"andeq r0, r0, r0",1
"andeq r0, sp, r0",1
"andeq r0, r0, r2, lsl 1",1
"muleq r0, r0, r3",1
"andeq r0, r0, r0",1
"andeq r0, sp, r0",1
"andeq r0, r0, r3, lsl 2",1
"muleq r0, r4, r3",1
"andeq r0, r0, r0",1
"andeq r0, sp, r0",1
"andeq r0, r0, r2, lsl 1",1
"andeq ip, r0, r4, lsr r7",1
"andeq r0, r0, r0",1
"andeq r0, pc, r0",1
"andeq r0, r0, r2, lsl 1",1
"andeq r4, r1, r4, ror sp",1
"andeq r0, r0, r0",1
"andseq r0, r7, r0",1
"andeq r0, r0, r8, lsr r3",1
"andeq r4, r1, r4, ror sp",1
"andeq r0, r0, r4",1
"andseq r0, r7, r1",1
"andeq r0, r0, r0, asr 6",1
"andeq r4, r1, ip, ror sp",1
"andeq r0, r0, r8",1
"andseq r0, r7, r1",1
"andeq r0, r0, sb, asr 6",1
"andeq r4, r1, r8, ror sp",1
"andeq r0, r0, r4",1
"andseq r0, r7, r1",1
"andeq r0, r0, r0, asr r3",1
"andeq r4, r1, r8, ror 27",1
"andeq r0, r0, r0, lsl 2",1
"andseq r0, r8, r1",1
"andeq r0, r0, r2, lsl 1",1
"andeq ip, r0, r8, ror r7",1
"andeq r0, r0, r0",1
"andeq r0, pc, r0",1
"andeq r0, r0, r2, lsl 1",1
"andeq r4, r1, r8, ror 27",1
"andeq r0, r0, r0",1
"andseq r0, r8, r0",1
"andeq r0, r0, r6, asr r3",1
"andeq r4, r1, r8, ror 29",1
"andeq r0, r0, r0, lsr r0",1
"andseq r0, r8, r1",1
"andeq r0, r0, r2, lsl 1",1
"andeq r0, r0, ip, ror r1",1
"andeq r0, r0, r0",1
"andseq r0, pc, r0",1
"andeq r0, r0, lr, ror 6",1
"andeq r0, r0, r0",1
"andeq r0, r0, r0",1
invalid,1
"andeq r0, r0, r3, lsl 2",1
"strheq fp, [r0], -ip",1
"andeq r0, r0, r0",1
"andeq r0, sp, r0",1
"andeq r0, r0, r2, lsl 1",1
"andeq fp, r0, ip, lsl 8",1
"andeq r0, r0, r0",1
"andeq r0, sp, r0",1
"andeq r0, r0, r2, lsl 1",1
"muleq r0, r4, r2",1
"andeq r0, r0, r0",1
"andeq r0, pc, r0",1
"andeq r0, r0, r2, lsl 1",1
"strheq r0, [r0], -r0",1
"andeq r0, r0, r0",1
"andseq r0, pc, r0",1
"andeq r0, r0, sp, ror r3",1
"andeq r0, r0, r0",1
"andeq r0, r0, r0",1
invalid,1
"andeq r0, r0, r3, lsl 2",1
"andeq fp, r0, r0, lsl r4",1
"andeq r0, r0, r0",1
"andeq r0, sp, r0",1
"andeq r0, r0, r2, lsl 1",1
"muleq r0, r8, r4",1
"andeq r0, r0, r0",1
"andeq r0, sp, r0",1
"andeq r0, r0, r3, lsl 2",1
"andeq fp, r0, r0, asr 9",1
"andeq r0, r0, r0",1
"andeq r0, sp, r0",1
"andeq r0, r0, r2, lsl 1",1
"andeq fp, r0, r0, asr r7",1
"andeq r0, r0, r0",1
"andeq r0, sp, r0",1
"andeq r0, r0, r3, lsl 2",1
"muleq r0, r0, r7",1
"andeq r0, r0, r0",1
"andeq r0, sp, r0",1
"andeq r0, r0, r2, lsl 1",1
"strheq fp, [r0], -r0",1
"andeq r0, r0, r0",1
"andeq r0, sp, r0",1
"andeq r0, r0, r2, lsl 1",1
"ldrdeq ip, sp, [r0], -r0",1
"andeq r0, r0, r0",1
"andeq r0, pc, r0",1
"andeq r0, r0, r2, lsl 1",1
"ldrdeq r0, r1, [r0], -ip",1
"andeq r0, r0, r0",1
"andseq r0, pc, r0",1
"andeq r0, r0, fp, lsl 7",1
"andeq r0, r0, r0",1
"andeq r0, r0, r0",1
invalid,1
"andeq r0, r0, r2, lsl 1",1
"strheq ip, [r0], -r4",1
"andeq r0, r0, r0",1
"andeq r0, pc, r0",1
"muleq r0, sp, r3",1
"andeq r0, r0, r0",1
"andeq r0, r0, r0",1
invalid,1
"andeq r0, r0, r3, lsl 2",1
"andeq fp, r0, ip, asr 17",1
"andeq r0, r0, r0",1
"andeq r0, sp, r0",1
"andeq r0, r0, r2, lsl 1",1
"andeq fp, r0, r0, ror 19",1
"andeq r0, r0, r0",1
"andeq r0, sp, r0",1
"andeq r0, r0, r3, lsl 2",1
"andeq fp, r0, r4, ror 19",1
"andeq r0, r0, r0",1
"andeq r0, sp, r0",1
"andeq r0, r0, r2, lsl 1",1
"andeq fp, r0, r0, ror 20",1
"andeq r0, r0, r0",1
"andeq r0, sp, r0",1
"andeq r0, r0, r3, lsl 2",1
"andeq fp, r0, r4, ror 20",1
"andeq r0, r0, r0",1
"andeq r0, sp, r0",1
"andeq r0, r0, r2, lsl 1",1
"andeq r0, r0, r4, lsl 11",1
"andeq r0, r0, r0",1
"andseq r0, pc, r0",1
"andeq r0, r0, r7, lsr 7",1
"andeq r0, r0, r0",1
"andeq r0, r0, r0",1
invalid,1
"andeq r0, r0, r3, lsl 2",1
"ldrdeq fp, ip, [r0], -r4",1
"andeq r0, r0, r0",1
"andeq r0, sp, r0",1
"andeq r0, r0, r2, lsl 1",1
"andeq fp, r0, r8, lsl 22",1
"andeq r0, r0, r0",1
"andeq r0, sp, r0",1
"andeq r0, r0, r2, lsl 1",1
"andeq ip, r0, r4, ror 21",1
"andeq r0, r0, r0",1
"andeq r0, pc, r0",1
"andeq r0, r0, r2, lsl 1",1
"andeq r0, r0, r8, lsr 13",1
"andeq r0, r0, r0",1
"andseq r0, pc, r0",1
"strheq r0, [r0], -r4",1
"andeq r0, r0, r0",1
"andeq r0, r0, r0",1
invalid,1
"andeq r0, r0, r3, lsl 2",1
"andeq fp, r0, r4, lsl fp",1
"andeq r0, r0, r0",1
"andeq r0, sp, r0",1
"andeq r0, r0, r2, lsl 1",1
"ldrdeq r0, r1, [r0], -r0",1
"andeq r0, r0, r0",1
"andseq r0, pc, r0",1
"strheq r0, [r0], -lr",1
"andeq r0, r0, r0",1
"andeq r0, r0, r0",1
invalid,1
"andeq r0, r0, r3, lsl 2",1
"andeq fp, r0, r8, asr 22",1
"andeq r0, r0, r0",1
"andeq r0, sp, r0",1
"andeq r0, r0, r2, lsl 1",1
"strdeq r0, r1, [r0], -r8",1
"andeq r0, r0, r0",1
"andseq r0, pc, r0",1
"andeq r0, r0, sp, asr 7",1
"andeq r0, r0, r0",1
"andeq r0, r0, r0",1
invalid,1
"andeq r0, r0, r3, lsl 2",1
"andeq fp, r0, ip, asr 23",1
"andeq r0, r0, r0",1
"andeq r0, sp, r0",1
"andeq r0, r0, r2, lsl 1",1
"strdeq fp, ip, [r0], -r0",1
"andeq r0, r0, r0",1
"andeq r0, sp, r0",1
"andeq r0, r0, r2, lsl 1",1
"andeq ip, r0, r0, lsr r6",1
"andeq r0, r0, r0",1
"andeq r0, pc, r0",1
"andeq r0, r0, r2, lsl 1",1
"andeq r4, r1, r8, lsl pc",1
"andeq r0, r0, r0",1
"andseq r0, r8, r0",1
"ldrdeq r0, r1, [r0], -ip",1
"andeq r4, r1, r8, lsl pc",1
"andeq r0, r0, r4",1
"andseq r0, r8, r1",1
"andeq r0, r0, r2, lsl 1",1
"andeq r0, r0, r4, lsr 14",1
"andeq r0, r0, r0",1
"andseq r0, pc, r0",1
"andeq r0, r0, ip, ror 7",1
"andeq r0, r0, r0",1
"andeq r0, r0, r0",1
invalid,1
"andeq r0, r0, r3, lsl 2",1
"andeq fp, r0, r0, lsl pc",1
"andeq r0, r0, r0",1
"andeq r0, sp, r0",1
"andeq r0, r0, r2, lsl 1",1
"andeq r0, r0, r0, ror 14",1
"andeq r0, r0, r0",1
"andseq r0, pc, r0",1
"strdeq r0, r1, [r0], -r5",1
"andeq r0, r0, r0",1
"andeq r0, r0, r0",1
invalid,1
"andeq r0, r0, r3, lsl 2",1
"strheq fp, [r0], -r0",1
"andeq r0, r0, r0",1
"andeq r0, sp, r0",1
"andeq r0, r0, r2, lsl 1",1
"muleq r0, r0, r7",1
"andeq r0, r0, r0",1
"andseq r0, pc, r0",1
"strdeq r0, r1, [r0], -lr",1
"andeq r0, r0, r0",1
"andeq r0, r0, r0",1
invalid,1
"andeq r0, r0, r3, lsl 2",1
"andeq ip, r0, r4",1
"andeq r0, r0, r0",1
"andeq r0, sp, r0",1
"andeq r0, r0, r2, lsl 1",1
"strheq r0, [r0], -ip",1
"andeq r0, r0, r0",1
"andseq r0, pc, r0",1
"andeq r0, r0, r7, lsl 8",1
"andeq r0, r0, r0",1
"andeq r0, r0, r0",1
invalid,1
"andeq r0, r0, r3, lsl 2",1
"andeq ip, r0, r8, lsr 1",1
"andeq r0, r0, r0",1
"andeq r0, sp, r0",1
"andeq r0, r0, r2, lsl r4",1
"andeq ip, r0, r8, lsr 1",1
"andeq r0, r0, r0",1
"andeq r0, sp, r0",1
"andeq r0, r0, r2, lsl 1",1
"andeq r0, r0, ip, ror 15",1
"andeq r0, r0, r0",1
"andseq r0, pc, r0",1
"andeq r0, r0, r2, lsl 1",1
"andeq r0, r0, r4, lsr 5",1
"andeq r0, r0, r0",1
"andseq r0, fp, r0",1
"andeq r0, r0, sl, lsr 8",1
"andeq r0, r0, r0",1
"andeq r0, r0, r0",1
invalid,1
"andeq r0, r0, r3, lsl 2",1
"andeq ip, r0, r0, ror r1",1
"andeq r0, r0, r0",1
"andeq r0, sp, r0",1
"andeq r0, r0, r2, lsl 1",1
"andeq r0, r0, r4, asr 5",1
"andeq r0, r0, r0",1
"andseq r0, fp, r0",1
"andeq r0, r0, r6, lsr r4",1
"andeq r0, r0, r0",1
"andeq r0, r0, r0",1
invalid,1
"andeq r0, r0, r3, lsl 2",1
"andeq ip, r0, r0, lsl 3",1
"andeq r0, r0, r0",1
"andeq r0, sp, r0",1
"andeq r0, r0, r2, lsl 1",1
"ldrdeq ip, sp, [r0], -ip",1
"andeq r0, r0, r0",1
"andeq r0, sp, r0",1
"andeq r0, r0, r3, lsl 2",1
"andeq ip, r0, r4, ror 3",1
"andeq r0, r0, r0",1
"andeq r0, sp, r0",1
"andeq r0, r0, r2, lsl 1",1
"andeq r0, r0, ip, lsl 16",1
"andeq r0, r0, r0",1
"andseq r0, pc, r0",1
"andeq r0, r0, r1, asr 8",1
"andeq r0, r0, r0",1
"andeq r0, r0, r0",1
invalid,1
"andeq r0, r0, r3, lsl 2",1
"andeq ip, r0, r8, ror 3",1
"andeq r0, r0, r0",1
"andeq r0, sp, r0",1
"andeq r0, r0, r2, lsl 1",1
"andeq ip, r0, ip, lsl 4",1
"andeq r0, r0, r0",1
"andeq r0, sp, r0",1
"andeq r0, r0, r2, lsl 1",1
"andeq r0, r0, r0, asr r8",1
"andeq r0, r0, r0",1
"andseq r0, pc, r0",1
"andeq r0, r0, r8, asr 3",1
"andeq r0, r0, r0",1
"andeq r0, r0, r0",1
invalid,1
"andeq r0, r0, r2, lsl 1",1
"andeq ip, r0, r0, ror 22",1
"andeq r0, r0, r0",1
"andseq r0, r1, r0",1
"andeq r0, r0, sl, asr 8",1
"andeq ip, r0, r0, ror 22",1
"andeq r0, r0, r0",1
"andseq r0, r1, r1",1
"andeq r0, r0, r2, lsl 1",1
"andeq r4, r1, ip, ror 22",1
"andeq r0, r0, r0",1
"andseq r0, r4, r0",1
"andeq r0, r0, r8, asr r4",1
"andeq r4, r1, ip, ror 22",1
"andeq r0, r0, r0",1
"andseq r0, r4, r1",1
"andeq r0, r0, r0",1
"andeq r0, r0, r0",1
"andeq r0, r0, r0",1
invalid,1
"andeq r0, r0, r4, ror 8",1
"andeq r4, r1, r8, ror 22",1
"andeq r0, r0, r0",1
"andseq r0, r2, r0",1
"andeq r0, r0, r5, ror r4",1
"andeq r4, r1, r8, ror 26",1
"andeq r0, r0, r0",1
"andseq r0, r7, r1",1
"andeq r0, r0, r2, lsl 9",1
"andeq r4, r1, r0, ror fp",1
"andeq r0, r0, r0",1
"andseq r0, r5, r1",1
"andeq r0, r0, fp, lsl 9",1
"andeq r4, r1, r4, ror 22",1
"andeq r0, r0, r0",1
"andseq r0, r2, r0",1
"muleq r0, lr, r4",1
"andeq r4, r1, r8, asr ip",1
"andeq r0, r0, r0",1
"andseq r0, r6, r1",1
"andeq r0, r0, r3, lsl 2",1
"andeq r8, r0, r4, asr 27",1
"andeq r0, r0, r0",1
"andeq r0, ip, r0",1
"andeq r0, r0, r2, lsl 1",1
"ldrdeq r8, sb, [r0], -r4",1
"andeq r0, r0, r0",1
"andeq r0, ip, r0",1
"andeq r0, r0, r3, lsl 2",1
"ldrdeq r8, sb, [r0], -r8",1
"andeq r0, r0, r0",1
"andeq r0, ip, r0",1
"strheq r0, [r0], -r4",1
"andeq fp, r0, r0, asr 2",1
"andeq r0, r0, ip",1
"andeq r0, sp, r2, lsl r0",1
"andeq r0, r0, r3, asr 9",1
"andeq sb, r0, ip, ror 26",1
"andeq r0, r0, r4, asr 32",1
"andeq r0, sp, r2, lsl r0",1
"andeq r0, r0, ip, asr 9",1
"andeq ip, r0, r4, ror 3",1
"andeq r0, r0, r4",1
"andeq r0, sp, r2, lsl r0",1
"ldrdeq r0, r1, [r0], -ip",1
"ldrdeq r8, sb, [r0], -r8",1
"andeq r0, r0, r0",1
"andeq r0, r0, r2, lsl r0",1
"andeq r0, r0, lr, ror 9",1
"muleq r0, r0, r2",1
"andeq r0, r0, ip",1
"andeq r0, sp, r2, lsl r0",1
"strdeq r0, r1, [r0], -ip",1
"andeq r8, r0, r4, ror 27",1
"andeq r0, r0, r0",1
"andeq r0, r0, r2, lsl r0",1
"andeq r0, r0, lr, lsl 10",1
"strdeq r8, sb, [r0], -r0",1
"andeq r0, r0, r0",1
"andeq r0, r0, r2, lsl r0",1
"andeq r0, r0, r8, lsr 10",1
"strdeq r8, sb, [r0], -ip",1
"andeq r0, r0, r0",1
"andeq r0, r0, r2, lsl r0",1
"andeq r0, r0, sl, lsr r5",1
"andeq r8, r0, r8, lsl 28",1
"andeq r0, r0, r0",1
"andeq r0, r0, r2, lsl r0",1
"andeq r0, r0, fp, asr 10",1
"strheq r4, [r1], -r8",1
"andeq r0, r0, r4",1
"andseq r0, r8, r1, lsl r0",1
"andeq r0, r0, r1, ror 10",1
"andeq fp, r0, r8, lsl r8",1
"andeq r0, r0, r0, lsr r0",1
"andeq r0, sp, r2, lsl r0",1
"andeq r0, r0, sp, ror 10",1
"andeq ip, r0, r8, lsr 1",1
"andeq r0, r0, r0",1
"andeq r0, sp, r2, lsl r2",1
"andeq r0, r0, fp, ror r5",1
"andeq r4, r1, r4, lsl 27",1
"andeq r0, r0, r0, lsr r0",1
"andseq r0, r7, r1, lsl r0",1
"muleq r0, r1, r5",1
"andeq r8, r0, r4, lsl lr",1
"andeq r0, r0, r0",1
"andeq r0, r0, r2, lsl r0",1
"andeq r0, r0, r3, lsr 11",1
"ldrdeq sl, fp, [r0], -r0",1
"andeq r0, r0, ip, asr 1",1
"andeq r0, sp, r2, lsl r0",1
"strheq r0, [r0], -r6",1
"andeq r0, r0, r0",1
"andeq r0, r0, r0",1
"andeq r0, r0, r0, lsr 32",1
"ldrdeq r0, r1, [r0], -r2",1
"andeq r4, r1, r4, ror 26",1
"andeq r0, r0, r0",1
"andseq r0, r7, r0, lsr 32",1
"ldrdeq r0, r1, [r0], -sp",1
"andeq sl, r0, r4, lsl 30",1
"andeq r0, r0, ip, lsl r0",1
"andeq r0, sp, r2, lsl r0",1
"andeq r0, r0, pc, ror 11",1
"strheq r4, [r1], -r4",1
"andeq r0, r0, r0",1
"andseq r0, r8, r0, lsl r0",1
"strdeq r0, r1, [r0], -sp",1
"andeq fp, r0, ip, ror 2",1
"andeq r0, r0, r4, lsr r0",1
"andeq r0, sp, r2, lsl r0",1
"andeq r0, r0, lr, lsl 12",1
"andeq sl, r0, r4, asr pc",1
"andeq r0, r0, ip, ror r0",1
"andeq r0, sp, r2, lsl r0",1
"andeq r0, r0, lr, lsl r6",1
"andeq r8, r0, r0, lsr 28",1
"andeq r0, r0, r0",1
"andeq r0, r0, r2, lsl r0",1
"andeq r0, r0, r0, lsr r6",1
"strheq sb, [r0], -r0",1
"strheq r0, [r0], -r4",1
"andeq r0, sp, r2, lsl r0",1
"andeq r0, r0, r1, asr 12",1
"andeq fp, r0, r4, lsl r3",1
"andeq r0, r0, ip, lsl r0",1
"andeq r0, sp, r2, lsl r0",1
"andeq r0, r0, r3, asr r6",1
"andeq ip, r0, r8, ror 3",1
"andeq r0, r0, ip, lsr 32",1
"andeq r0, sp, r2, lsl r2",1
"andeq r0, r0, sl, asr r6",1
"andeq r8, r0, ip, lsr 28",1
"andeq r0, r0, r0",1
"andeq r0, r0, r2, lsl r0",1
"andeq r0, r0, sl, ror 12",1
"andeq fp, r0, ip, lsr 5",1
"andeq r0, r0, r8, rrx",1
"andeq r0, sp, r2, lsl r0",1
"andeq r0, r0, r0, lsl 13",1
"ldrdeq fp, ip, [r0], -r8",1
"andeq r0, r0, r4, lsl r0",1
"andeq r0, sp, r2, lsl r0",1
"andeq r0, r0, pc, lsl 13",1
"andeq r8, r0, r8, lsr lr",1
"andeq r0, r0, r0",1
"andeq r0, r0, r2, lsl r0",1
"andeq r0, r0, r0, lsr 13",1
"andeq r8, r0, r4, asr 28",1
"andeq r0, r0, r0",1
"andeq r0, r0, r2, lsl r0",1
"strheq r0, [r0], -r2",1
"andeq r4, r1, ip, lsl pc",1
"andeq r0, r0, r0",1
"andseq r0, r8, r0, lsl r0",1
"strheq r0, [r0], -sp",1
"strheq r4, [r1], -r4",1
"andeq r0, r0, r0",1
"andseq r0, r7, r0, lsl r0",1
"andeq r0, r0, r4, asr 13",1
"andeq r8, r0, r0, asr lr",1
"andeq r0, r0, r0",1
"andeq r0, r0, r2, lsl r0",1
"ldrdeq r0, r1, [r0], -r7",1
"andeq r8, r0, ip, asr lr",1
"andeq r0, r0, r0",1
"andeq r0, r0, r2, lsl r0",1
"andeq r0, r0, sb, ror 13",1
"andeq ip, r0, r4, lsl r2",1
"andeq r0, r0, r0",1
"andeq r0, lr, r2, lsl r0",1
"andeq r0, r0, pc, ror 13",1
"andeq r4, r1, r0, asr 27",1
"andeq r0, r0, r4",1
"andseq r0, r8, r1, lsl r0",1
"andeq r0, r0, sl, lsl 14",1
"andeq r4, r1, r8, asr 27",1
"andeq r0, r0, r4",1
"andseq r0, r8, r1, lsl r0",1
"andeq r0, r0, ip, lsl r7",1
"andeq r8, r0, r8, ror 28",1
"andeq r0, r0, r0",1
"andeq r0, r0, r2, lsl r0",1
"andeq r0, r0, r1, lsr r7",1
"andeq r4, r1, ip, lsl pc",1
"andeq r0, r0, r0",1
"andseq r0, r8, r0, lsl r0",1
"andeq r0, r0, sp, lsr r7",1
"andeq fp, r0, ip, lsl sl",1
"andeq r0, r0, r8, asr 32",1
"andeq r0, sp, r2, lsl r0",1
"andeq r0, r0, r7, asr 14",1
"andeq r8, r0, r4, ror lr",1
"andeq r0, r0, r0",1
"andeq r0, r0, r2, lsl r0",1
"andeq r0, r0, sl, asr r7",1
"andeq fp, r0, r4, lsr 18",1
"andeq r0, r0, ip, asr 32",1
"andeq r0, sp, r2, lsl r0",1
"andeq r0, r0, r3, ror 14",1
"andeq r8, r0, r0, lsl 29",1
"andeq r0, r0, r0",1
"andeq r0, r0, r2, lsl r0",1
"andeq r0, r0, sb, ror r7",1
"andeq r4, r1, ip, ror 26",1
"andeq r0, r0, r4",1
"andseq r0, r7, r1, lsl r0",1
"andeq r0, r0, r1, lsl 15",1
"andeq r8, r0, ip, lsl 29",1
"andeq r0, r0, r0",1
"andeq r0, r0, r2, lsl r0",1
"muleq r0, r2, r7",1
"strheq fp, [r0], -r0",1
"andeq r0, r0, r4, asr r0",1
"andeq r0, sp, r2, lsl r0",1
"muleq r0, sp, r7",1
"muleq r0, r8, lr",1
"andeq r0, r0, r0",1
"andeq r0, r0, r2, lsl r0",1
"strheq r0, [r0], -r1",1
"andeq r8, r0, r4, lsr 29",1
"andeq r0, r0, r0",1
"andeq r0, r0, r2, lsl r0",1
"andeq r0, r0, r7, asr 15",1
"ldrdeq r4, r5, [r1], -r0",1
"andeq r0, r0, r4",1
"andseq r0, r8, r1, lsl r0",1
"ldrdeq r0, r1, [r0], -sb",1
"strheq r8, [r0], -r0",1
"andeq r0, r0, r0",1
"andeq r0, r0, r2, lsl r0",1
"andeq r0, r0, fp, ror 15",1
"andeq fp, r0, ip, asr 17",1
"andeq r0, r0, r8, lsr 32",1
"andeq r0, sp, r2, lsl r0",1
"strdeq r0, r1, [r0], -r3",1
"andeq fp, r0, r8, asr r1",1
"andeq r0, r0, r4, lsl r0",1
"andeq r0, sp, r2, lsl r0",1
"andeq r0, r0, r0, lsl 16",1
"strheq r8, [r0], -ip",1
"andeq r0, r0, r0",1
"andeq r0, r0, r2, lsl r0",1
"andeq r0, r0, r3, lsl r8",1
"strheq fp, [r0], -r8",1
"andeq r0, r0, ip, lsl r0",1
"andeq r0, sp, r2, lsl r0",1
"andeq r0, r0, fp, lsl r8",1
"andeq r8, r0, r8, asr 29",1
"andeq r0, r0, r0",1
"andeq r0, r0, r2, lsl r0",1
"andeq r0, r0, sp, lsr r8",1
"ldrdeq r8, sb, [r0], -r4",1
"andeq r0, r0, r0",1
"andeq r0, r0, r2, lsl r0",1
"andeq r0, r0, pc, asr 16",1
"muleq r0, r0, r7",1
"andeq r0, r0, r0, asr 32",1
"andeq r0, sp, r2, lsl r0",1
"andeq r0, r0, lr, asr r8",1
"andeq r8, r0, r0, ror 29",1
"andeq r0, r0, r0",1
"andeq r0, r0, r2, lsl r0",1
"andeq r0, r0, r4, ror r8",1
"andeq r8, r0, ip, ror 29",1
"andeq r0, r0, r0",1
"andeq r0, r0, r2, lsl r0",1
"andeq r0, r0, r7, lsl 17",1
"andeq sb, r0, ip, lsr 24",1
"andeq r0, r0, r8, ror 1",1
"andeq r0, sp, r2, lsl r0",1
"muleq r0, r4, r8",1
"andeq sb, r0, r4, lsl sp",1
"andeq r0, r0, r8, asr r0",1
"andeq r0, sp, r2, lsl r0",1
"andeq r0, r0, r3, lsr 17",1
"strdeq r8, sb, [r0], -r8",1
"andeq r0, r0, r0",1
"andeq r0, r0, r2, lsl r0",1
"strheq r0, [r0], -r4",1
"andeq ip, r0, r0, ror r1",1
"andeq r0, r0, r0, lsl r0",1
"andeq r0, sp, r2, lsr 4",1
"andeq r0, r0, r2, asr 17",1
"andeq fp, r0, r4, ror 19",1
"andeq r0, r0, r8, lsr r0",1
"andeq r0, sp, r2, lsl r0",1
"andeq r0, r0, ip, asr 17",1
"andeq r8, r0, r4, lsl 30",1
"andeq r0, r0, r0",1
"andeq r0, r0, r2, lsl r0",1
"ldrdeq r0, r1, [r0], -pc",1
"strdeq fp, ip, [r0], -r4",1
"andeq r0, r0, r4",1
"andeq r0, sp, r2, lsl r0",1
"andeq r0, r0, sl, ror 17",1
"andeq fp, r0, r0, lsr r3",1
"andeq r0, r0, r4, lsr 32",1
"andeq r0, sp, r2, lsl r0",1
"strdeq r0, r1, [r0], -sl",1
"andeq r8, r0, r0, lsl pc",1
"andeq r0, r0, r0",1
"andeq r0, r0, r2, lsl r0",1
"andeq r0, r0, ip, lsl 18",1
"andeq r8, r0, ip, lsl pc",1
"andeq r0, r0, r0",1
"andeq r0, r0, r2, lsl r0",1
"andeq r0, r0, lr, lsl sb",1
"andeq fp, r0, r4, lsr 5",1
"andeq r0, r0, r8",1
"andeq r0, sp, r2, lsl r0",1
"andeq r0, r0, r1, lsr sb",1
"andeq r4, r1, r4, ror 26",1
"andeq r0, r0, r0",1
"andseq r0, r7, r0, lsl r0",1
"andeq r0, r0, lr, lsr sb",1
"andeq r8, r0, r8, lsr 30",1
"andeq r0, r0, r0",1
"andeq r0, r0, r2, lsl r0",1
"andeq r0, r0, lr, asr 18",1
"andeq sl, r0, r8, lsr 29",1
"andeq r0, r0, r8, lsl r0",1
"andeq r0, sp, r2, lsl r0",1
"andeq r0, r0, r0, ror 18",1
"andeq r8, r0, r4, lsr pc",1
"andeq r0, r0, r0",1
"andeq r0, r0, r2, lsl r0",1
"andeq r0, r0, r2, ror sb",1
"andeq fp, r0, r8, lsl 7",1
"andeq r0, r0, ip",1
"andeq r0, sp, r2, lsl r0",1
"andeq r0, r0, lr, ror sb",1
"andeq r8, r0, r0, asr 30",1
"andeq r0, r0, r0",1
"andeq r0, r0, r2, lsl r0",1
"muleq r0, fp, sb",1
"andeq sl, r0, ip, asr lr",1
"andeq r0, r0, r4, lsr r0",1
"andeq r0, sp, r2, lsl r0",1
"strheq r0, [r0], -r1",1
"andeq fp, r0, r8, lsr 1",1
"andeq r0, r0, r8, lsl 1",1
"andeq r0, sp, r2, lsl r0",1
"strheq r0, [r0], -pc",1
"andeq r8, r0, ip, asr 30",1
"andeq r0, r0, r0",1
"andeq r0, r0, r2, lsl r0",1
"ldrdeq r0, r1, [r0], -r5",1
"ldrdeq fp, ip, [r0], -r4",1
"andeq r0, r0, r0, asr 32",1
"andeq r0, sp, r2, lsl r0",1
"andeq r0, r0, r0, ror 19",1
"andeq r0, r0, r0",1
"andeq r0, r0, r0",1
"andeq r0, r0, r0, lsr 32",1
"andeq r0, r0, pc, ror 19",1
"andeq r8, r0, r4, ror 30",1
"andeq r0, r0, r0",1
"andeq r0, r0, r2, lsl r0",1
"andeq r0, r0, r6, lsl 20",1
"andeq ip, r0, r8, lsr 1",1
"andeq r0, r0, r8, lsr 1",1
"andeq r0, sp, r2, lsl r2",1
"andeq r0, r0, r0, lsl sl",1
"andeq r8, r0, r0, ror pc",1
"andeq r0, r0, r0",1
"andeq r0, r0, r2, lsl r0",1
"andeq r0, r0, sb, lsr 20",1
"andeq r8, r0, ip, ror pc",1
"andeq r0, r0, r0",1
"andeq r0, r0, r2, lsl r0",1
"andeq r0, r0, fp, lsr sl",1
"andeq r8, r0, r8, lsl 31",1
"andeq r0, r0, r0",1
"andeq r0, r0, r2, lsl r0",1
"andeq r0, r0, fp, asr 20",1
"andeq sb, r0, ip, lsl ip",1
"andeq r0, r0, r0, lsl r0",1
"andeq r0, sp, r2, lsl r0",1
"andeq r0, r0, sb, ror 20",1
"andeq ip, r0, ip, lsl r2",1
"andeq r0, r0, r4",1
"andeq r0, pc, r1, lsl r0",1
"andeq r0, r0, r8, ror sl",1
"andeq fp, r0, r0, ror sb",1
"andeq r0, r0, r4, ror r0",1
"andeq r0, sp, r2, lsl r0",1
"andeq r0, r0, r3, lsl 21",1
"muleq r0, r4, pc",1
"andeq r0, r0, r0",1
"andeq r0, r0, r2, lsl r0",1
"muleq r0, r5, sl",1
"andeq fp, r0, r0, lsl pc",1
"andeq r0, r0, r0, lsr 1",1
"andeq r0, sp, r2, lsl r0",1
"andeq r0, r0, r0, lsr 21",1
"andeq ip, r0, r4, lsr r7",1
"andeq r0, r0, r0, lsr 32",1
"andeq r0, pc, r1, lsl r0",1
"strheq r0, [r0], -r3",1
"andeq r8, r0, r0, lsr 31",1
"andeq r0, r0, r0",1
"andeq r0, r0, r2, lsl r0",1
"andeq r0, r0, r5, asr 21",1
"andeq ip, r0, r0, lsl 3",1
"andeq r0, r0, r4, rrx",1
"andeq r0, sp, r2, lsl r0",1
"ldrdeq r0, r1, [r0], -r5",1
"muleq r0, r4, r3",1
"andeq r0, r0, r4, lsl r0",1
"andeq r0, sp, r2, lsl r0",1
"ldrdeq r0, r1, [r0], -pc",1
"andeq fp, r0, r4, asr r3",1
"andeq r0, r0, r4, lsr r0",1
"andeq r0, sp, r2, lsl r0",1
"strdeq r0, r1, [r0], -r3",1
"andeq r8, r0, ip, lsr 31",1
"andeq r0, r0, r0",1
"andeq r0, r0, r2, lsl r0",1
"andeq r0, r0, pc, lsl 22",1
"strheq r8, [r0], -r8",1
"andeq r0, r0, r0",1
"andeq r0, r0, r2, lsl r0",1
"andeq r0, r0, r7, lsr 22",1
"andeq ip, r0, r4, asr r7",1
"andeq r0, r0, r4, lsr 32",1
"andeq r0, pc, r1, lsl r0",1
"andeq r0, r0, sl, lsr fp",1
"andeq r8, r0, r4, asr 31",1
"andeq r0, r0, r0",1
"andeq r0, r0, r2, lsl r0",1
"andeq r0, r0, ip, asr 22",1
"andeq r4, r1, ip, lsl pc",1
"andeq r0, r0, r0",1
"andseq r0, r8, r0, lsl r0",1
"andeq r0, r0, r1, asr fp",1
"ldrdeq r8, sb, [r0], -r0",1
"andeq r0, r0, r0",1
"andeq r0, r0, r2, lsl r0",1
"andeq r0, r0, r3, ror 22",1
"andeq sb, r0, r0, lsl 7",1
"andeq r0, r0, r0",1
"andeq r0, sp, r2, lsl r0",1
"andeq r0, r0, sl, ror 22",1
"muleq r0, ip, r0",1
"andeq r0, r0, ip",1
"andeq r0, sp, r2, lsl r0",1
"andeq r0, r0, sb, ror fp",1
"ldrdeq r8, sb, [r0], -ip",1
"andeq r0, r0, r0",1
"andeq r0, r0, r2, lsl r0",1
"muleq r0, r1, fp",1
"andeq r8, r0, r8, ror 31",1
"andeq r0, r0, r0",1
"andeq r0, r0, r2, lsl r0",1
"andeq r0, r0, r3, lsr 23",1
"andeq r4, r1, ip, lsl pc",1
"andeq r0, r0, r0",1
"andseq r0, r8, r0, lsl r0",1
"andeq r0, r0, fp, lsr 23",1
"andeq ip, r0, r0, ror r1",1
"andeq r0, r0, r0, lsl r0",1
"andeq r0, sp, r2, lsr 4",1
"strheq r0, [r0], -sb",1
"strdeq r8, sb, [r0], -r4",1
"andeq r0, r0, r0",1
"andeq r0, r0, r2, lsl r0",1
"ldrdeq r0, r1, [r0], -r2",1
"andeq fp, r0, ip, asr 2",1
"andeq r0, r0, ip",1
"andeq r0, sp, r2, lsl r0",1
"ldrdeq r0, r1, [r0], -fp",1
"ldrdeq r4, r5, [r1], -r4",1
"andeq r0, r0, r4",1
"andseq r0, r8, r1, lsl r0",1
"andeq r0, r0, sp, ror 23",1
"strheq r4, [r1], -r4",1
"andeq r0, r0, r0",1
"andseq r0, r8, r0, lsl r0",1
"strdeq r0, r1, [r0], -sb",1
"andeq sb, r0, r0",1
"andeq r0, r0, r0",1
"andeq r0, r0, r2, lsl r0",1
"andeq r0, r0, fp, lsl 24",1
"andeq sb, r0, r0, asr 1",1
"andeq r0, r0, r0, asr 5",1
"andeq r0, sp, r2, lsl r0",1
"andeq r0, r0, r0, lsl ip",1
"andeq sb, r0, ip",1
"andeq r0, r0, r0",1
"andeq r0, r0, r2, lsl r0",1
"andeq r0, r0, r4, lsr 24",1
"andeq sb, r0, r4, lsr sl",1
"ldrdeq r0, r1, [r0], -r8",1
"andeq r0, sp, r2, lsl r0",1
"andeq r0, r0, sl, lsr 24",1
"muleq r0, r0, lr",1
"andeq r0, r0, r8, lsl r0",1
"andeq r0, sp, r2, lsl r0",1
"andeq r0, r0, ip, lsr ip",1
"andeq r4, r1, r0, ror sp",1
"andeq r0, r0, r4",1
"andseq r0, r7, r1, lsl r0",1
"andeq r0, r0, sb, asr 24",1
"muleq r0, ip, r2",1
"andeq r0, r0, r8",1
"andeq r0, sp, r2, lsl r0",1
"andeq r0, r0, r8, asr ip",1
"andeq sb, r0, r8, lsl r0",1
"andeq r0, r0, r0",1
"andeq r0, r0, r2, lsl r0",1
"andeq r0, r0, fp, ror 24",1
"andeq fp, r0, ip, ror 3",1
"andeq r0, r0, r4, lsr 32",1
"andeq r0, sp, r2, lsl r0",1
"andeq r0, r0, lr, ror ip",1
"andeq sb, r0, r4, lsr 32",1
"andeq r0, r0, r0",1
"andeq r0, r0, r2, lsl r0",1
"muleq r0, r3, ip",1
"andeq fp, r0, r0, lsr 3",1
"andeq r0, r0, r8, lsr r0",1
"andeq r0, sp, r2, lsl r0",1
"andeq r0, r0, r8, lsr 25",1
"andeq r4, r1, r0, asr 27",1
"andeq r0, r0, r4",1
"andseq r0, r8, r1, lsr 32",1
"andeq r0, r0, fp, asr 25",1
"andeq sb, r0, r0, lsr r0",1
"andeq r0, r0, r0",1
"andeq r0, r0, r2, lsl r0",1
"ldrdeq r0, r1, [r0], -lr",1
"strheq fp, [r0], -r0",1
"andeq r0, r0, ip",1
"andeq r0, sp, r2, lsl r0",1
"andeq r0, r0, r4, ror 25",1
"andeq sb, r0, ip, lsr r0",1
"andeq r0, r0, r0",1
"andeq r0, r0, r2, lsl r0",1
"strdeq r0, r1, [r0], -fp",1
"strheq fp, [r0], -ip",1
"andeq r0, r0, r4, asr r0",1
"andeq r0, sp, r2, lsl r0",1
"andeq r0, r0, ip, lsl 26",1
"andeq sl, r0, r0, lsr 30",1
"andeq r0, r0, r4, lsr r0",1
"andeq r0, sp, r2, lsl r0",1
"andeq r0, r0, pc, lsl sp",1
"andeq r4, r1, r4, ror 27",1
"andeq r0, r0, r4",1
"andseq r0, r8, r1, lsl r0",1
"andeq r0, r0, ip, lsr 26",1
"andeq fp, r0, r0, lsl r2",1
"andeq r0, r0, r0, lsl 1",1
"andeq r0, sp, r2, lsl r0",1
"andeq r0, r0, lr, lsr sp",1
"andeq ip, r0, r0, asr r1",1
"andeq r0, r0, r0, lsr 32",1
"andeq r0, sp, r2, lsl r2",1
"andeq r0, r0, pc, asr 26",1
"andeq fp, r0, r4, ror 20",1
"andeq r0, r0, ip, lsl r0",1
"andeq r0, sp, r2, lsl r0",1
"andeq r0, r0, r7, asr sp",1
"andeq r0, r0, r0",1
"andeq r0, r0, r0",1
"andeq r0, r0, r0, lsr 32",1
"andeq r0, r0, fp, ror 26",1
"andeq sb, r0, r8, asr 32",1
"andeq r0, r0, r0",1
"andeq r0, r0, r2, lsl r0",1
"andeq r0, r0, r0, lsl 27",1
"andeq sb, r0, r4, asr r0",1
"andeq r0, r0, r0",1
"andeq r0, r0, r2, lsl r0",1
"muleq r0, r1, sp",1
"strheq ip, [r0], -r4",1
"andeq r0, r0, pc, lsr 32",1
"andeq r0, pc, r1, lsl r0",1
"andeq r0, r0, r7, lsr 27",1
"andeq fp, r0, r0, lsr r1",1
"andeq r0, r0, r0, lsl r0",1
"andeq r0, sp, r2, lsl r0",1
"strheq r0, [r0], -r2",1
"andeq sb, r0, r0, rrx",1
"andeq r0, r0, r0",1
"andeq r0, r0, r2, lsl r0",1
"andeq r0, r0, r4, asr 27",1
"andeq fp, r0, r8, lsr 7",1
"andeq r0, r0, r8",1
"andeq r0, sp, r2, lsl r0",1
"andeq r0, r0, ip, asr 27",1
"andeq ip, r0, r4",1
"andeq r0, r0, r4, lsr 1",1
"andeq r0, sp, r2, lsl r0",1
"ldrdeq r0, r1, [r0], -r7",1
"strheq r4, [r1], -r4",1
"andeq r0, r0, r0",1
"andseq r0, r7, r1, lsl r2",1
"andeq r0, r0, r3, ror 27",1
"strheq r4, [r1], -r8",1
"andeq r0, r0, r4",1
"andseq r0, r8, r1, lsr 32",1
"andeq r0, r0, ip, lsl 28",1
"andeq sb, r0, ip, rrx",1
"andeq r0, r0, r0",1
"andeq r0, r0, r2, lsl r0",1
"andeq r0, r0, r6, lsr 28",1
"andeq sl, r0, r0, asr 29",1
"andeq r0, r0, r4, asr 32",1
"andeq r0, sp, r2, lsl r0",1
"andeq r0, r0, r7, lsr lr",1
"andeq r0, r0, r0",1
"andeq r0, r0, r0",1
"andeq r0, r0, r0, lsr 32",1
"andeq r0, r0, r1, asr lr",1
"andeq fp, r0, r8, asr 16",1
"andeq r0, r0, r4, lsl 1",1
"andeq r0, sp, r2, lsl r0",1
"andeq r0, r0, ip, ror 28",1
"andeq sb, r0, ip, lsl 24",1
"andeq r0, r0, r0, lsl r0",1
"andeq r0, sp, r2, lsl r0",1
"andeq r0, r0, r7, lsl 29",1
"muleq r0, r4, sl",1
"andeq r0, r0, r4, lsr 32",1
"andeq r0, sp, r2, lsl r0",1
"andeq r0, r0, pc, lsl 29",1
"andeq fp, r0, ip, asr 23",1
"andeq r0, r0, r4, asr 6",1
"andeq r0, sp, r2, lsl r0",1
"muleq r0, lr, lr",1
"andeq sb, r0, r8, ror r0",1
"andeq r0, r0, r0",1
"andeq r0, r0, r2, lsl r0",1
"strheq r0, [r0], -r3",1
"andeq fp, r0, r8, asr 22",1
"andeq r0, r0, r4, lsl 1",1
"andeq r0, sp, r2, lsl r0",1
"andeq r0, r0, r0, asr 29",1
"andeq sb, r0, r4, lsl 1",1
"andeq r0, r0, r0",1
"andeq r0, r0, r2, lsl r0",1
"ldrdeq r0, r1, [r0], -r3",1
"andeq fp, r0, r0, lsl r4",1
"andeq r0, r0, r0, lsl 7",1
"andeq r0, sp, r2, lsl r0",1
"andeq r0, r0, r3, ror 29",1
"muleq r0, r0, r0",1
"andeq r0, r0, r0",1
"andeq r0, r0, r2, lsl r0",1
"strdeq r0, r1, [r0], -r4",1
"ldrdeq fp, ip, [r0], -r0",1
"andeq r0, r0, r8, asr 32",1
"andeq r0, sp, r2, lsl r0",1
"andeq r0, r0, r3, lsl 30",1
"strheq r8, [r0], -r8",1
"andeq r0, r0, r0",1
"andeq r0, fp, r2, lsl r0",1
"andeq r0, r0, sb, lsl 30",1
"muleq r0, ip, r0",1
"andeq r0, r0, r0",1
"andeq r0, r0, r2, lsl r0",1
"andeq r0, r0, sl, lsl pc",1
"andeq fp, r0, r0, lsl 21",1
"andeq r0, r0, r4, lsl r0",1
"andeq r0, sp, r2, lsl r0",1
"andeq r0, r0, r2, lsr 30",1
"andeq sb, r0, r8, lsr 1",1
"andeq r0, r0, r0",1
"andeq r0, r0, r2, lsl r0",1
"andeq r0, r0, r8, lsr pc",1
"strheq sb, [r0], -r4",1
"andeq r0, r0, r0",1
"andeq r0, r0, r2, lsl r0",1
"andeq r0, r0, ip, asr 30",1
"strdeq fp, ip, [r0], -r8",1
"andeq r0, r0, ip, lsr 32",1
"andeq r0, sp, r2, lsl r0",1
"andeq r0, r0, r5, asr pc",1
"andeq fp, r0, r4, lsl fp",1
"andeq r0, r0, r4, lsr r0",1
"andeq r0, sp, r2, lsl r0",1
svcvs 0x682f00,1
bvs 0xbf5f50,1
blvs 0x1cb9f28,1
"stmdbvc pc!, {r0, r2, r5, r6, sl, ip, sp, lr}",1
svcvs 0x74636f,1
"ldmdbvs r5!, {r0, r1, r2, r3, r5, sb, sp, lr} ^",1
"strtvc r6, [pc], -0x46c",1
"strvc r7, [pc, -sp, rrx]!",1
svchs 0x6b726f,1
"strbtvc r7, [sp], -r1, ror 4",1
"qasxvc r6, sp, r7",1
"cdpvs p0, 2, c7, c13, c6, 3",1
"stclhs p15, c6, [lr, -0x194]!",1
"stmdbvc fp!, {r4, r5, r6, r8, sb, sl, fp, sp, lr} ^",1
"cdpvs p12, 6, c6, c9, c13, 1",1
invalid,1
invalid,1
"strvs r6, [0x0001c07a]!",1
"rsbvs r6, sb, 0x6700",1
"cdphs p15, 3, c2, c2, c3, 3",1
"eorvc r3, sp, 0xc40000",1
"strbvc r2, [r2, -0xf33]!",1
"stclhs p12, c6, [r4, -0x1a4]!",1
"stclhs p2, c7, [sp, -0x184]!",1
"stmdbvc fp!, {r4, r5, r6, r8, sb, sl, fp, sp, lr} ^",1
"cdpvs p12, 6, c6, c9, c13, 1",1
invalid,1
invalid,1
invalid,1
invalid,1
"cdpvs p9, 2, c6, c13, c2, 3",1
"cdphs p4, 6, c7, c5, c15, 3",1
"strtvs r0, [r4], -0x6f",1
svcvs 0x682f00,1
bvs 0xbf5fd4,1
blvs 0x1cb9fac,1
"stmdbvc pc!, {r0, r2, r5, r6, sl, ip, sp, lr}",1
svcvs 0x74636f,1
"ldmdbvs r5!, {r0, r1, r2, r3, r5, sb, sp, lr} ^",1
"strtvc r6, [pc], -0x46c",1
"strvc r7, [pc, -sp, rrx]!",1
svchs 0x6b726f,1
"strbtvc r7, [sp], -r1, ror 4",1
"qasxvc r6, sp, r7",1
"cdpvs p0, 2, c7, c13, c6, 3",1
"stclhs p15, c6, [lr, -0x194]!",1
"stmdbvc fp!, {r4, r5, r6, r8, sb, sl, fp, sp, lr} ^",1
"cdpvs p12, 6, c6, c9, c13, 1",1
invalid,1
invalid,1
"strvs r6, [0x0001c0fe]!",1
"rsbvs r6, sb, 0x6700",1
"cdphs p15, 3, c2, c2, c3, 3",1
"eorvc r3, sp, 0xc40000",1
"strbvc r2, [r2, -0xf33]!",1
"stclhs p12, c6, [r4, -0x1a4]!",1
"stclhs p2, c7, [sp, -0x184]!",1
"stmdbvc fp!, {r4, r5, r6, r8, sb, sl, fp, sp, lr} ^",1
"cdpvs p12, 6, c6, c9, c13, 1",1
invalid,1
invalid,1
invalid,1
invalid,1
"ldrbtvc r6, [r2], -0x174",1
"strhs r6, [r0], -0xf2e",1
"cdpvs p0, 6, c0, c9, c1, 3",1
invalid,1
"cmnvc r5, 0, 30",1
"stmdbvs ip!, {r1, r4, r5, r6, r8, sb, sl, fp, sp} ^",1
invalid,1
"rsbvc r2, r1, 0x18c",1
svcvs 0x702d6d,1
"stcvs p9, c7, [sp], -0x1ac",1
"ldmdavc r5!, {r0, r3, r5, r6, sb, sl, fp, sp, lr} ^",1
"strbvc r6, [lr, -0x72d]!",1
"stmdbvs r2!, {r0, r2, r5, r6, r8, sp, lr} ^",1
"strlo r3, [lr, -pc, lsr 8]!",1
"cdphs p2, 2, c3, c15, c14, 1",1
"cdphs p15, 2, c2, c14, c14, 1",1
svchs 0x2e2e2f,1
"ldmdbvs r4!, {r0, r1, r5, r6, sb, ip, sp, lr} ^",1
"movwvs r6, 0xf2e",1
svcpl 0x6c6c61,1
blvs 0x18760c0,1
"rsbeq r6, lr, pc, asr r6",1
"rsbsvc r7, r3, 0xbc00000",1
"rsbvs r6, sb, 0x2f00",1
invalid,1
"ldclvs p1, c6, [r2, -0xbc]!",1
blvs 0x1bf8bb0,1
"stmdbvs ip!, {r0, r3, r4, r5, r6, r8, sl, fp, sp} ^",1
"ldclhs p5, c7, [r8, -0x1b8]!",1
"ldrbvs r6, [r5, -0xe67]!",1
svchs 0x696261,1
"mrchs p14, 1, r2, c7, c4, 1",1
"mcrhs p15, 1, r2, c14, c2, 1",1
svchs 0x2e2e2f,1
invalid,1
"mcrhs p4, 3, r7, c14, c2, 3",1
"ldrbvc r0, [r0, -pc, rrx]!",1
"rsbeq r2, r3, r4, ror 28",1
svcpl 0x68746e,1
"ldrbvs r6, [r2, -0x170]!",1
"strvs r7, [r0], -lr, ror 8",1
svcpl 0x656c69,1
"strbvs r6, [sp, -0x16e]!",1
"ldrbvs r7, [r2, -0x5f]!",1
"strbtvs r6, [lr], -0x570",1
"rsbvs r7, pc, 0, 4",1
svcpl 0x747375,1
"cmnvs r4, 0x19c00000",1
invalid,1
svcvs 0x676e6f,1
"rsbseq r7, r3, r0, ror r4",1
"cmnvc r4, 0x30000006",1
"uqsub16vs r7, r6, r4",1
svcpl 0x632e,1
"subpl r4, r3, 0x5f000",1
"movtpl r4, 0x9c5f",1
"subseq r5, pc, r4, asr pc",1
"ldrbvs r6, [r2, -0x564]!",1
"ldrbtvc r6, [r3], -0x967",1
"ldrbvc r7, [pc], -0x265     ; [0x1cb80:4]=0x73656e6f",1
"stclvs p15, c5, [r3], -0x1b4",1
invalid,1
"strbvs r7, [r5, -r0, lsl 4]!",1
"ldrbvs r7, [r4, -0x369]!",1
"ldclvs p15, c5, [r4, -0x1c8]!",1
svcvs 0x6c635f,1
"rsbseq r6, r3, lr, ror 10",1
svcvs 0x645f5f,1
svcvs 0x6c675f,1
svcpl 0x6c6162,1
"rsbvc r7, pc, 100, 8",1
"strbvc r5, [r1, -0xf73]!",1
svcvs 0x630078,1
"strbvs r7, [ip, -0x6d]!",1
"mcrhs p5, 3, r6, c4, c4, 3",1
"eorslo r3, r5, 0x39000000",1
"ldrbvs r5, [pc], -0xf00     ; [0x1cbc4:4]=0x6c61626f",1
"stclvs p15, c5, [r7], -0x1bc",1
"stclvs p2, c6, [r1], -0x1bc",1
svcvs 0x74645f,1
"cmpvs pc, r2, ror r3",1
"usub16vs r7, pc, r5",1
svcpl 0x696e69,1
"cmnvs r2, r1, ror 4",1
"mcrvs p15, 3, r5, c5, c9, 3",1
"rsbseq r7, sb, r4, ror r2",1
"stclvs p2, c7, [r1, -0x198]!",1
"strbvc r5, [r4, -0xf65]!",1
"rsbseq r6, sb, sp, ror 26",1
"rsbvc r5, r6, 0x17c",1
svcpl 0x656d61,1
"stclvs p5, c7, [sp, -0x190]!",1
"mcrvs p15, 3, r5, c9, c9, 3",1
"cmpvs pc, sb, ror 8",1
"stmdbvc r1!, {r1, r4, r5, r6, sb, ip, sp, lr} ^",1
"strbtvc r6, [lr], -0x55f",1
invalid,1
"ldmdbvs r3!, {r0, r2, r5, r6, sb, ip, sp, lr} ^",1
invalid,1
svcvs 0x6c6300,1
"strbvc r6, [0x0001c6b1]!",1
"rsbeq r2, r3, r4, ror lr",1
"strbvs r6, [ip, -0x966]!",1
"stclvs p14, c6, [r1, -0x17c]!",1
"strbvs r0, [sb, -r5, rrx]!",1
"ldrbvs r6, [r2, -0xf6e]!",1
"ldmdbmi r0, {r0, r1, r2, r3, r4, r6, r8, sl, lr} ^",1
"andvs r4, r0, 80, 10",1
"cdpvs p3, 6, c7, c5, c1, 3",1
"stclhs p13, c6, [r5, -0x184]!",1
"ldclvs p7, c6, [r0], -0x1b0",1
"strvs r6, [r0, -0x32e]",1
"uhsub16vs r6, r4, r8",1
"cdphs p9, 6, c6, c12, c1, 3",1
"rsbsvc r0, r0, 0x63",1
invalid,1
invalid,1
svcvs 0x757100,1
"rsbvc r6, r1, 116, 10",1
"rsbeq r2, r3, r7, ror 28",1
"strbtvc r7, [pc], -0x571",1
svcpl 0x676e69,1
"ldmdbvs r4!, {r0, r1, r2, r3, r5, r6, ip, sp, lr} ^",1
svcpl 0x736e6f,1
"stclvs p2, c7, [0x0001caec]!",1
"ldmdbvc r4!, {r0, r1, r2, r3, r4, r6, r8, sb, ip, sp, lr} ^",1
"strvs r6, [r0, -ip, ror 10]",1
"ldrbvs r7, [r4, -0x465]!",1
"cmpvc pc, r8, ror r4",1
"ldrbvs r6, [r4, -0xf75]!",1
"rsbvc r7, r1, 0x2e",1
"eorseq r2, r1, r4, ror lr",1
"strbtvc r7, [pc], -0x571",1
"ldrbvs r6, [r2, -r5, ror 2]!",1
"uhsaxvs r6, r5, pc",1
svcpl 0x726566,1
"ldrbtvc r6, [r3], -0x572",1
"strbtvs r6, [r5], -0xc79",1
svcvs 0x757100,1
"rsbvc r6, r1, 116, 10",1
svcpl 0x6e5f67,1
"ldmdbvs r4!, {r0, r1, r2, r3, r5, r6, ip, sp, lr} ^",1
"rsbseq r6, r3, pc, ror 28",1
"strbtvc r6, [pc], -0xc73",1
"rsbeq r6, r3, r6, ror r5",1
"strbtvc r6, [pc], -0xc73",1
"rsblo r6, r3, r6, ror r5",1
"ldclvs p14, c6, [r3], -0",1
"rsbseq r7, r3, pc, ror 8",1
"strbtvc r6, [pc], -0xc73",1
"strbvs r0, [r4, -0x30]!",1
"ldclvs p1, c6, [r5], -0x198",1
"ldrbvc r5, [r1, -0xf74]!",1
"cdpvs p4, 6, c7, c9, c15, 3",1
"rsbvc r5, pc, r7, ror 30",1
"mcrvs p9, 3, r6, c15, c4, 3",1
svcvs 0x720073,1
"strtvs r7, [sp], -0x46f",1
"pushvs {r0, r2, r5, r6, sb, sl, ip, sp, lr}",1
invalid,1
"rsbvc r7, r5, 0, 12",1
"mcrvs p9, 3, r6, c15, c3, 3",1
"cmnvs r4, 0xb400000",1
"strvc r6, [r0], -lr, lsr 6",1
"ldmdbvs r3!, {r0, r2, r5, r6, sb, ip, sp, lr} ^",1
"strvs r6, [sp, -0xe6f]!",1
"qsub16vs r6, sp, r4",1
invalid,1
invalid,1
invalid,1
"stmdavc r0, {r1, r2, r3, r5, r8, sb, sp, lr}",1
svcvs 0x6c6c61,1
"stmdbvs r4!, {r0, r1, r5, r6, r8, sl, fp, sp} ^",1
"rsbeq r2, r3, r5, ror 28",1
"strbtvc r6, [r5], -0x778",1
"cdphs p7, 6, c7, c4, c3, 3",1
"stclvs p0, c0, [r3], -0x18c",1
"stclhs p3, c7, [r5, -0x1bc]!",1
"ldrbvs r7, [r2, -0x473]!",1
invalid,1
invalid,1
"stmdavs r3!, {r0, r5, r6, sl, fp, sp, lr} ^",1
"ldrbvs r7, [r3, -0x261]!",1
"rsbeq r2, r3, r4, ror lr",1
"rsbvc r6, r1, 0x630000",1
svcpl 0x746573,1
invalid,1
"rsbseq r6, r3, r3, ror r5",1
svcvs 0x6c6366,1
invalid,1
"stclvs p6, c6, [r6], -0",1
"mcrhs p3, 3, r7, c8, c5, 3",1
invalid,1
svcvs 0x6b6565,1
svcpl 0x632e,1
"uqsub16vc r6, sb, r5",1
"mrchs p9, 1, r6, c3, c3, 3",1
"strvc r0, [lr, -0x6f]!",1
"cmnvc r6, 100, 18           ; 0x64",1
"cmpvc pc, 0xa4000001",1
svcpl 0x70696b,1
"rsbslo r6, r6, r4, ror 18",1
invalid,1
"ldrbvs r0, [pc], -0x74      ; [0x1cdc0:4]=0x2e786e6c",1
svcpl 0x646d76,1
"cdphs p14, 7, c6, c8, c12, 3",1
"stclvs p0, c0, [r5], -0x1bc",1
"cdpvs p13, 6, c2, c9, c6, 3",1
invalid,1
"ldrbvs r6, [r4, -0x100]!",1
"mrchs p9, 3, r6, c4, c8, 3",1
svcpl 0x5f0063,1
"stclmi p2, c5, [r1, -0x118]",1
"cdpmi p15, 4, c5, c5, c5, 2",1
"subseq r5, pc, r4, asr 30",1
"movtmi r5, 0xaf5f",1
"mcrmi p15, 2, r5, c5, c2, 2",1
"subseq r5, pc, r4, asr 30",1
"mcrvs p15, 3, r5, c9, c15, 2",1
"cmpvs pc, sb, ror 8",1
"stmdbvc r1!, {r1, r4, r5, r6, sb, ip, sp, lr} ^",1
"strbtvs r6, [lr], -0x55f",1
"ldrbvs r5, [pc], -0xf00     ; [0x1ce0c:4]=0x6c646e61",1
"ldmdavs pc, {r0, r1, r4, r5, r6, r8, sb, sl, fp, sp, lr} ^",1
"stclvs p14, c6, [r4], -0x184",1
"ldrbmi r0, [pc], -0x65      ; [0x1ce18:4]=0x5f004349",1
"stclmi p14, c4, [r1, -0x164]",1
svcpl 0x4349,1
"stmdbvs lr!, {r0, r1, r2, r3, r4, r6, r8, fp, sp, lr} ^",1
"rsbvc r5, r1, 116, 30",1
svcpl 0x796172,1
"rsbvc r7, r1, 0x73000000",1
invalid,1
invalid,1
"strbmi r5, [pc], -ip, asr 30",1
"strbpl r5, [r5], -0x346",1
"submi r5, r1, 0x5f000000",1
"subseq r4, pc, ip, asr 10",1
"strbtvc r7, [pc], -0x571",1
"ldrbvs r6, [r2, -r5, ror 2]!",1
"ldclvs p14, c6, [0x0001ccd8]",1
"andvs r6, r0, 0x1940",1
svcpl 0x657361,1
"rsbeq r6, lr, ip, ror 10",1
"stmdbvs ip!, {r0, r1, r2, r3, r4, r6, r8, sb, sl, fp, ip, lr} ^",1
"cmpvs pc, 0x88000001",1
"usub16vs r7, pc, r3",1
"rsbeq r6, sb, sb, ror 28",1
"rsbvc r6, pc, r6, ror 8",1
"submi r6, r0, r5, ror 28",1
"submi r4, sb, 0x4700",1
"cdphs p15, 3, c5, c2, c3, 2",1
"ldrbvc r0, [r1, -0x34]!",1
invalid,1
"cmpvs pc, 0x1c80000",1
"rsbseq r6, r2, r8, ror 2",1
"stclvs p1, c6, [ip], -0x18c",1
"submi r6, r0, pc, ror 6",1
"submi r4, sb, 0x4700",1
"cdphs p15, 3, c5, c2, c3, 2",1
"rsbvc r0, r6, r4, lsr r0",1
svcpl 0x737475,1
svcvs 0x6c6e75,1
"strbtvs r6, [r5], -0xb63",1
"mcrrmi p0, 4, r4, r7, c0",1
svcpl 0x434249,1
"eorseq r2, r4, r2, lsr lr",1
"cmnvc r2, 0x73000000",1
"submi r7, r0, r4, ror r2",1
"submi r4, sb, 0x4700",1
"cdphs p15, 3, c5, c2, c3, 2",1
"cmnvs r2, r4, lsr r0",1
"rsbmi r7, r5, sb, ror 6",1
"stmdbmi ip, {r6, r8, sb, sl, lr} ^",1
"subslo r4, pc, 0x8000001",1
svcpl 0x342e,1
svcvs 0x72705f,1
"stclvs p14, c6, [r1, -0x19c]!",1
"strbmi r4, [r0, -r5, rrx]",1
"movtmi r4, 0x294c",1
"strtlo r3, [lr], -0x25f",1
"rsbvc r7, r5, 0, 12",1
"mcrvs p9, 3, r6, c15, c3, 3",1
"cmnvs r4, 0x17c00000",1
"cmpvs pc, r0, lsl 30",1
"stmdbvs r2!, {r0, r2, r5, r6, r8, sp, lr} ^",1
"strbtvs r7, [sb], -0x55f",1
invalid,1
"ldrbvs r6, [r4, -0xf75]!",1
svcvs 0x75715f,1
invalid,1
"ldrbtvc r6, [r0], -0xf5f",1
invalid,1
"rsbsvc r7, r4, 0, 6",1
"rsbsmi r6, r0, r3, ror 26",1
"stmdbmi ip, {r6, r8, sb, sl, lr} ^",1
"subslo r4, pc, 0x8000001",1
invalid,1
"ldrbvs r6, [r4, -0xf75]!",1
svcpl 0x677261,1
svcvs 0x6c6c61,1
"strbvs r5, [sp, -0xf63]!",1
"ldmdbmi pc, {r0, r2, r3, r5, r6} ^",1
"ldrbvs r4, [pc], -0xd54     ; [0x1cf50:4]=0x65747369",1
"strbvs r7, [r5, -r5, ror 4]!",1
"ldrbvs r7, [r4, -0x369]!",1
"movtmi r5, 0xd472",1
"strbvs r6, [lr, -0xf6c]!",1
"stclvs p1, c6, [r2], -0x150",1
invalid,1
"cmpvc pc, 116, 2            ; 0x74",1
"ldrbtvc r6, [r2], -0x174",1
"strbtvc r7, [r5], -0x300",1
svcvs 0x75715f,1
invalid,1
"qdsubvs r6, pc, ip",1
svcpl 0x7367,1
"cmnvc r3, 0xf0000005",1
"cmnvs r4, pc, asr r3",1
svcpl 0x5f7472,1
svcvs 0x757100,1
"rsbvc r6, r1, 116, 10",1
svcpl 0x6e5f67,1
"ldclvs p4, c7, [sb], -0x1cc",1
"ldrbvc r0, [r1, -0x65]!",1
invalid,1
"subsvs r6, pc, 0x1c80000",1
"strbvs r6, [r6, -0x675]!",1
"uqsub16vs r0, r6, r2",1
"ldmdavs r3!, {r2, r3, r5, r6, r8, sl, ip, sp, lr} ^",1
"mcrrmi p0, 4, r4, r7, c0",1
svcpl 0x434249,1
"eorseq r2, r4, r2, lsr lr",1
svcpl 0x746573,1
invalid,1
svcpl 0x6d6172,1
"strbvs r6, [sp, -0x16e]!",1
svcvs 0x757100,1
"rsbvc r6, r1, 116, 10",1
svcpl 0x6e5f67,1
"ldrbtvc r7, [r3], -0x563",1
invalid,1
"ldmdbvs r8!, {r2, r4, r5, r6, r8, sl, sp, lr} ^",1
"rsbvc r0, r6, 0x74",1
"submi r6, r0, r5, ror 10",1
"submi r4, sb, 0x4700",1
"cdphs p15, 3, c5, c2, c3, 2",1
"ldrbvc r0, [r1, -0x34]!",1
invalid,1
"mrcvs p7, 2, r6, c15, c2, 3",1
"cmnvc r5, 0x7c000001",1
svcpl 0x6d6f74,1
"rsbeq r6, sp, sp, ror 10",1
"strbtvc r7, [pc], -0x571",1
"ldrbvs r6, [r2, -r5, ror 2]!",1
"ldmdbvc r4!, {r0, r1, r2, r3, r4, r6, r8, sb, ip, sp, lr} ^",1
svcpl 0x656c,1
"strbtvc r7, [sb], -0x865",1
"mcrrmi p0, 4, r4, r7, c0",1
svcpl 0x434249,1
"eorseq r2, r4, r2, lsr lr",1
invalid,1
"submi r7, r0, r0, ror sb",1
"submi r4, sb, 0x4700",1
"cdphs p15, 3, c5, c2, c3, 2",1
"subsvs r0, pc, 0x34",1
"ldrbvs r7, [0x0001ccd9]     ; [0x1ccd9:4]=0x6f6c736e",1
svcpl 0x5f646e,1
"strbtvs r5, [r5], -0xf00",1
"rsbeq r7, r1, r1, ror 8",1
"ldmdbvs r3!, {r0, r2, r3, r5, r6, sb, sp, lr} ^",1
"rsbsmi r6, r4, lr, ror 18",1
"stmdbmi ip, {r6, r8, sb, sl, lr} ^",1
"subslo r4, pc, 0x8000001",1
"stcvs p4, c3, [r0, -0xb8]",1
"stclvs p13, c6, [r3, -0x194]!",1
"smlsldxmi r4, r0, r0, r0",1
"movtmi r4, 0x294c",1
"strtlo r3, [lr], -0x25f",1
"stmdbvs r6!, {r8, sb, sl, fp, ip, lr} ^",1
svcpl 0x696e,1
svcvs 0x72705f,1
"stclvs p14, c6, [r1, -0x19c]!",1
"strbvc r5, [r6, -0xf65]!",1
"submi r6, r0, ip, ror 24",1
"submi r4, sb, 0x4700",1
"cdphs p15, 3, c5, c2, c3, 2",1
"rsbvc r0, pc, r4, lsr r0",1
"strbtvs r6, [lr], -0x974",1
"mcrrmi p0, 4, r4, r7, c0",1
svcpl 0x434249,1
"eorseq r2, r4, r2, lsr lr",1
"strbvs r6, [r7, -0x364]!",1
"stmdavc r5!, {r2, r4, r5, r6, sl, ip, sp, lr} ^",1
"smlsldxmi r4, r0, r4, r0",1
"movtmi r4, 0x294c",1
"strtlo r3, [lr], -0x25f",1
"subsvs r5, pc, 0, 30",1
"ldrbvs r7, [0x0001cd59]     ; [0x1cd59:4]=0x632e6d",1
svcpl 0x5f646e,1
"eorsvc r7, r2, 0, 16",1
"stclvs p1, c6, [ip], -0x194",1
"andvc r6, r0, 0xbc000001",1
"stclvs p1, c6, [ip], -0x194",1
"submi r6, r0, pc, ror 6",1
"submi r4, sb, 0x4700",1
"cdphs p15, 3, c5, c2, c3, 2",1
"rsbsvc r0, r8, 0x34",1
"stclvs p1, c6, [ip], -0x194",1
"strvc r6, [r0], -0x36f",1
"ldrbtvs r7, [r4], -0x865",1
"stmdbvs r1!, {r0, r1, r2, r3, r5, r6, r8, sl, fp, sp, lr} ^",1
"strbmi r4, [r0, -lr, rrx]",1
"movtmi r4, 0x294c",1
"strtlo r3, [lr], -0x25f",1
"rsbvc r5, r5, 0, 12",1
"mcrvs p9, 3, r6, c15, c3, 3",1
"strbtvs r6, [r8], -0x300",1
"submi r7, r0, sb, ror 4",1
"submi r4, sb, 0x4700",1
"cdphs p15, 3, c5, c2, c3, 2",1
"rsbsvc r0, r2, r4, lsr r0",1
"strbtvs r5, [r6], -ip, ror 30",1
"ldmdavs r3!, {r2, r3, r5, r6, r8, sl, ip, sp, lr} ^",1
"ldrbvc r6, [r3, -r0, lsl 18]!",1
"mcrvs p2, 3, r7, c9, c0, 3",1
"smlsldxmi r4, r0, r4, r0",1
"movtmi r4, 0x294c",1
"strtlo r3, [lr], -0x25f",1
"ldrbvs r5, [pc], -r0, lsl 30 ; [0x1d148:4]=0x40343674",1
"cmnvs r4, r8, ror r3",1
"eorsmi r3, r4, r4, ror r6",1
"stmdbmi ip, {r6, r8, sb, sl, lr} ^",1
"subslo r4, pc, 0x8000001",1
"movwvc r3, 0x42e",1
"rsbvc r6, r5, 116, 8",1
"smlsldxmi r4, r0, r2, r0",1
"movtmi r4, 0x294c",1
"strtlo r3, [lr], -0x25f",1
"rsbsvc r6, r7, 0, 12",1
"rsbmi r7, r5, sb, ror 8",1
"stmdbmi ip, {r6, r8, sb, sl, lr} ^",1
"subslo r4, pc, 0x8000001",1
"stmdavc r0, {r1, r2, r3, r5, sl, ip, sp}",1
"stclvs p1, c6, [ip], -0x1b4",1
invalid,1
"ldrbvs r6, [r4, -0xf75]!",1
svcpl 0x677261,1
"rsbeq r6, sp, sp, ror 10",1
"strbvs r7, [r5, -0x36c]!",1
"eorsmi r3, r4, fp, ror 12",1
"stmdbmi ip, {r6, r8, sb, sl, lr} ^",1
"subslo r4, pc, 0x8000001",1
"stmdavc r0, {r1, r2, r3, r5, sl, ip, sp}",1
"ldrbtvs r7, [r2], -0x473",1
svcpl 0x7075,1
"ldmdbvc r4!, {r0, r1, r2, r3, r4, r6, r8, sb, sp, lr} ^",1
invalid,1
"ldclvs p4, c7, [0x0001d028]",1
"strbvc r5, [r3, -0xf62]!",1
invalid,1
"smlsldxmi r4, r0, r8, r0",1
"movtmi r4, 0x294c",1
"strtlo r3, [lr], -0x25f",1
"rsbsvc r7, r4, 0, 6",1
"rsbsmi r7, sb, r3, rrx",1
"stmdbmi ip, {r6, r8, sb, sl, lr} ^",1
"subslo r4, pc, 0x8000001",1
"strvc r3, [r0], -lr, lsr 8",1
"ldmdbvs r3!, {r0, r2, r5, r6, sb, ip, sp, lr} ^",1
"ldrbvs r6, [0x0001c37d]     ; [0x1c37d:4]=0xea000d00",1
"cmpvs pc, r4, ror r3",1
svcpl 0x5f0072,1
"cdpvs p0, 6, c7, c5, c6, 3",1
"strbvs r6, [lr, -r4, ror 18]!",1
"mcrrmi p0, 4, r4, r7, c0",1
svcpl 0x434249,1
"eorseq r2, r4, r2, lsr lr",1
"ldrbtvc r6, [r2], -0x26d",1
"rsbmi r7, r3, pc, ror 14",1
"stmdbmi ip, {r6, r8, sb, sl, lr} ^",1
"subslo r4, pc, 0x8000001",1
"movwvs r3, 0x42e",1
"ldrbvs r6, [r3, -0xf6c]!",1
"ldrbtvs r7, [r4], -0x35f",1
"rsbseq r7, r4, pc, ror 10",1
"ldrbtvc r6, [r3], -0x16c",1
"stclvs p3, c6, [0x0001d0b4]!",1
"strbvs r6, [lr, -0xf70]!",1
"strvs r7, [r0, -0x46e]",1
"rsbvc r7, pc, 0x20000007",1
"mcrrmi p0, 4, r4, r7, c0",1
svcpl 0x434249,1
"eorseq r2, r4, r2, lsr lr",1
"strbvs r5, [r1, -0xf5f]!",1
svcpl 0x696261,1
"strbtvc r6, [sb], -ip, ror 8",1
"mrcvs p0, 3, r0, c8, c0, 1",1
"stclvs p5, c6, [r1], -0x1c8",1
"rsbeq r6, r3, ip, ror 30",1
"cdpvs p0, 6, c7, c5, c15, 3",1
"rsbsmi r6, r2, r4, ror 18",1
"stmdbmi ip, {r6, r8, sb, sl, lr} ^",1
"subslo r4, pc, 0x8000001",1
"stmdavc r0, {r1, r2, r3, r5, sl, ip, sp}",1
"rsbvc r6, r1, 0x630000",1
svcvs 0x6c6c61,1
"ldrbvc r0, [r1, -0x63]!",1
invalid,1
"cmpvs pc, 0x1c80000",1
svcvs 0x747375,1
"rsbvc r0, pc, sp, rrx",1
"ldrtlo r6, [r6], -0xe65",1
"mcrrmi p0, 4, r4, r7, c0",1
svcpl 0x434249,1
"eorseq r2, r4, r2, lsr lr",1
"ldrbvs r6, [r4, -0x567]!",1
"submi r7, r0, lr, ror 12",1
"submi r4, sb, 0x4700",1
"cdphs p15, 3, c5, c2, c3, 2",1
"ldrbvc r0, [r1, -0x34]!",1
invalid,1
"cmpvs pc, 0x1c80000",1
"cdpvs p12, 6, c6, c15, c15, 3",1
"stclvs p13, c6, [r5, -0x17c]!",1
"ldrbvs r5, [pc], -0xf00     ; [0x1d2c8:4]=0x72617473",1
svcpl 0x617461,1
"rsbvc r7, r1, 0x73000000",1
"ldrbvc r0, [r0, -0x74]!",1
"submi r7, r0, r4, ror r3",1
"submi r4, sb, 0x4700",1
"cdphs p15, 3, c5, c2, c3, 2",1
"ldrbvs r0, [r3, -0x34]!",1
"ldrbvc r5, [r1, -0xf74]!",1
"cdpvs p4, 6, c7, c9, c15, 3",1
"ldrbtvc r5, [r3], -0xf67",1
"rsbeq r6, r5, sb, ror ip",1
"stclvs p1, c6, [ip], -0x1b4",1
"submi r6, r0, pc, ror 6",1
"submi r4, sb, 0x4700",1
"cdphs p15, 3, c5, c2, c3, 2",1
"ldrbvc r0, [r1, -0x34]!",1
svcpl 0x65746f,1
"strbvs r5, [sp, -0xf6e]!",1
svcpl 0x5f006d,1
invalid,1
"cmnvs r4, pc, asr r3",1
"ldclvs p4, c7, [0x0001d158]",1
"rsbmi r6, lr, r1, ror 18",1
"stmdbmi ip, {r6, r8, sb, sl, lr} ^",1
"subslo r4, pc, 0x8000001",1
"movwvs r3, 0x42e",1
"strbvs r6, [lr, -0xf6c]!",1
svcvs 0x75715f,1
invalid,1
"ldrbtvc r6, [r0], -0xf5f",1
invalid,1
svcvs 0x757100,1
"rsbvc r6, r1, 116, 10",1
"rsbvc r5, r6, 0x19c",1
svcpl 0x6565,1
"ldrbvs r6, [r2, -0x65f]!",1
"cdpvs p4, 6, c6, c9, c1, 3",1
"strbmi r4, [r0, -r7, rrx]",1
"movtmi r4, 0x294c",1
"strtlo r3, [lr], -0x25f",1
"stclvs p8, c7, [r1], -0",1
svcpl 0x636f6c,1
"rsbeq r6, r5, r4, ror 18",1
"stclvs p15, c5, [r7, -0x17c]!",1
"cmpvc pc, 0x6f0",1
"ldrbtvc r6, [r2], -0x174",1
"smlsdvs r0, pc, pc, r5",1
"rsbvc r7, pc, r5, ror 8",1
svcvs 0x6c5f74,1
"submi r6, r0, lr, ror 14",1
"submi r4, sb, 0x4700",1
"cdphs p15, 3, c5, c2, c3, 2",1
svcpl 0x5f0034,1
"uqsub16vc r6, sb, r5",1
"eorseq r6, r3, r3, ror sb",1
"strbtvc r5, [r3], -0xf5f",1
svcpl 0x657079,1
svcvs 0x6c5f62,1
"strbmi r4, [r0, -r3, rrx]",1
"movtmi r4, 0x294c",1
"strtlo r3, [lr], -0x25f",1
"strbtvc r6, [r5], -0x700",1
"rsbmi r7, r4, r3, ror 14",1
"stmdbmi ip, {r6, r8, sb, sl, lr} ^",1
"subslo r4, pc, 0x8000001",1
"strvs r3, [r0, -0x42e]",1
"rsbsmi r6, r4, r8, ror sb",1
"stmdbmi ip, {r6, r8, sb, sl, lr} ^",1
"subslo r4, pc, 0x8000001",1
"movwvs r3, 0x42e",1
"ldrbvs r6, [r3, -0xf6c]!",1
"ldrbtvs r7, [r4], -0x35f",1
svcpl 0x74756f,1
svcpl 0x746573,1
svcvs 0x6e6769,1
"ldrbmi r6, [0x0001ce86]     ; [0x1ce86:4]=0x6168635f",1
"ldrbmi r4, [r0, -0x950]",1
svcmi 0x495f00,1
"ldrbtvs r7, [r4], -0x35f",1
"ldrbvc r6, [0x0001c59f]     ; [0x1c59f:4]=0xb4c00",1
"rsbeq r6, r4, r3, ror r5",1
"rsbvc r3, lr, 120, 4",1
"stclvs p1, c6, [ip], -0x194",1
"movwvc r6, 0x36f",1
"strbvs r7, [ip, -0x274]!",1
"strbmi r4, [r0, -lr, rrx]",1
"movtmi r4, 0x294c",1
"strtlo r3, [lr], -0x25f",1
"ldclvs p2, c7, [r0], -0",1
"stclvs p6, c6, [r3], -0x17c",1
"rsbeq r7, r5, pc, ror 6",1
"strbtvc r7, [pc], -0x571",1
svcpl 0x676e69,1
"ldclvs p4, c7, [sb], -0x1cc",1
"cmnvs r6, r5, ror 30",1
"strvc r7, [r0, -0x36c]",1
"strbtvc r6, [r5], -0x76e",1
"strbmi r4, [r0, -r3, rrx]",1
"movtmi r4, 0x294c",1
"strtlo r3, [lr], -0x25f",1
"mrrcvs p15, 0, r5, pc, c0",1
svcpl 0x636269,1
svcpl 0x757363,1
"strbtvc r6, [sb], -0xe69",1
svcvs 0x757100,1
"ldclvs p5, c6, [0x0001d2a0]",1
invalid,1
"ldrbvs r6, [r4, -0xf75]!",1
svcpl 0x677261,1
"ldrbtvc r7, [r3], -0x563",1
"ldclvs p13, c6, [0x0001d2c8]",1
svcpl 0x6d65,1
"rsbsvc r6, r2, 0x17c00000",1
"mrrcvs p15, 6, r6, pc, c14",1
"strbtvc r6, [r1], -0x36f",1
"rsbmi r6, lr, sb, ror 30",1
"stmdbmi ip, {r6, r8, sb, sl, lr} ^",1
"subslo r4, pc, 0x8000001",1
svcpl 0x342e,1
"cmnvs r8, pc, asr r3",1
"ldrbvs r6, [r4, -0x15f]!",1
"rsbsmi r6, r4, r8, ror sb",1
"stmdbmi ip, {r6, r8, sb, sl, lr} ^",1
"subslo r4, pc, 0x8000001",1
invalid,1
"ldmdbvs r4!, {r0, r2, r4, r5, r6, r8, sb, sl, fp, sp, lr} ^",1
"cmpvc pc, 0x1b80000",1
"strbvs r7, [ip, -0x974]!",1
invalid,1
"strbvs r0, [sp, -0x73]!",1
"strbtvc r7, [r5], -0x36d",1
"mcrrmi p0, 4, r4, r7, c0",1
svcpl 0x434249,1
"eorseq r2, r4, r2, lsr lr",1
"strbtvs r6, [lr], -0x55f",1
"cmnvs r3, 0, 12",1
"rsbmi r6, r6, r1, ror 28",1
"stmdbmi ip, {r6, r8, sb, sl, lr} ^",1
"subslo r4, pc, 0x8000001",1
svcpl 0x342e,1
"rsbvc r7, r1, 0x73000000",1
"ldrbvc r0, [r1, -0x74]!",1
invalid,1
"cmpvs pc, r2, ror r7",1
invalid,1
"subsvc r5, pc, r0, lsl 30",1
"strbtvc r6, [lr], -0x972",1
"stmdavs r3!, {r1, r2, r5, r6, r8, sb, sl, fp, ip, lr} ^",1
"strbmi r4, [r0, -fp, rrx]",1
"movtmi r4, 0x294c",1
"strtlo r3, [lr], -0x25f",1
"stclvs p6, c6, [sb], -0",1
"rsbmi r6, pc, r5, ror 28",1
"stmdbmi ip, {r6, r8, sb, sl, lr} ^",1
"subslo r4, pc, 0x8000001",1
svcpl 0x342e,1
"strbtvs r6, [lr], -0x55f",1
svcpl 0x5f5f,1
"qdsubvs r6, pc, r5",1
"ldmdbvs pc, {r1, r5, r6, r8, fp, sp, lr} ^",1
"rsbslo r6, r6, r4, ror 18",1
"ldrbvs r5, [pc], -r0, lsl 30 ; [0x1d550:4]=0x635f6674",1
"mcrvs p2, 3, r7, c9, c0, 3",1
"cmpvs pc, 116, 12           ; 0x74",1
"submi r6, r0, r8, ror 22",1
"submi r4, sb, 0x4700",1
"cdphs p15, 3, c5, c2, c3, 2",1
"ldrbvc r0, [r1, -0x34]!",1
invalid,1
"movwvc r6, 0x772",1
"strbvc r6, [0x0001d100]!",1
"smlsldxmi r4, r0, r4, r0",1
"movtmi r4, 0x294c",1
"strtlo r3, [lr], -0x25f",1
"subsvs r5, pc, 0, 30",1
"cmpvc pc, 0xcc000001",1
"ldrbtvc r6, [r2], -0x174",1
"stclvs p6, c6, [r3], -0",1
"rsbmi r7, r5, pc, ror 6",1
"stmdbmi ip, {r6, r8, sb, sl, lr} ^",1
"subslo r4, pc, 0x8000001",1
"stcvs p4, c3, [r0, -0xb8]",1
"rsbeq r6, lr, r1, ror 18",1
"strbvs r7, [r5, -0x366]!",1
"ldrtlo r6, [r6], -0xf6b",1
"mcrrmi p0, 4, r4, r7, c0",1
svcpl 0x434249,1
"eorseq r2, r4, r2, lsr lr",1
invalid,1
"strbvs r0, [r7, -0x65]!",1
"ldrbvc r5, [r1, -0xf74]!",1
"cdpvs p4, 6, c7, c9, c15, 3",1
"ldrbtvc r5, [r3], -0xf67",1
"rsbeq r6, r5, sb, ror ip",1
"strbtvc r7, [sb], -0x865",1
"stmdbvs r1!, {r0, r1, r2, r3, r4, r6, sb, sl, sp, lr} ^",1
"ldrbvs r7, [r2, -0x56c]!",1
svcvs 0x757100,1
"rsbvc r6, r1, 116, 10",1
svcvs 0x635f67,1
"rsbeq r6, lr, ip, ror 30",1
"uhsaxvs r5, r5, pc",1
"rsbsmi r6, r7, ip, ror 30",1
"stmdbmi ip, {r6, r8, sb, sl, lr} ^",1
"subslo r4, pc, 0x8000001",1
invalid,1
"ldrbvs r6, [r4, -0xf75]!",1
svcpl 0x677261,1
"ldclvs p4, c7, [sb], -0x1cc",1
"strbvs r5, [sp, -0xf65]!",1
"ldrbvs r0, [r3, -0x6d]!",1
invalid,1
"rsbmi r6, r5, r1, ror 24",1
"stmdbmi ip, {r6, r8, sb, sl, lr} ^",1
"subslo r4, pc, 0x8000001",1
invalid,1
"ldrbvs r6, [r4, -0xf75]!",1
svcpl 0x677261,1
"ldrbtvc r5, [r3], -0xf6e",1
svcpl 0x656c79,1
"rsbeq r6, sp, sp, ror 10",1
invalid,1
svcpl 0x6d6172,1
svcvs 0x766e69,1
"ldmdbvs r4!, {r0, r1, r5, r6, r8, sp, lr} ^",1
"cdpvs p14, 5, c6, c15, c15, 3",1
"rsbmi r6, r5, r1, ror 26",1
"stmdbmi ip, {r6, r8, sb, sl, lr} ^",1
"subslo r4, pc, 0x8000001",1
"movwvc r3, 0x42e",1
"cmnvs r2, 116, 4            ; 0x74",1
"submi r7, r0, r8, ror 4",1
"submi r4, sb, 0x4700",1
"cdphs p15, 3, c5, c2, c3, 2",1
"ldrbvc r0, [r1, -0x34]!",1
"rsbeq r7, r5, pc, ror 8",1
"mrrcvs p12, 6, r6, pc, c14",1
"stmdbvs r7!, {r0, r5, r6, sb, sl, fp, sp, lr} ^",1
"rsbmi r6, pc, lr, ror 12",1
"stmdbmi ip, {r6, r8, sb, sl, lr} ^",1
"subslo r4, pc, 0x8000001",1
"strvs r3, [r0, -lr, lsr 8]",1
"subsvc r7, pc, 0x65000000",1
svcpl 0x746f6f,1
svcpl 0x766564,1
"rsbeq r6, pc, sb, ror 28",1
svcpl 0x746573,1
"ldrbtvc r7, [r3], -0x563",1
"cmpvc pc, pc, ror 26",1
"ldmdbvs r4!, {r0, r2, r4, r5, r6, r8, sb, sl, fp, sp, lr} ^",1
"andvc r6, r0, lr, ror 14",1
"rsbvc r6, r7, 0x1c8",1
"cdpvs p13, 5, c6, c15, c1, 3",1
"rsbeq r6, r5, r1, ror 26",1
"strbtvc r7, [pc], -0x571",1
"ldrbvs r6, [r2, -r5, ror 2]!",1
"qdsubvs r6, pc, r8",1
"strbvs r5, [sp, -0xf72]!",1
svcpl 0x5f006d,1
"rsbvs r6, r1, 0x18400000",1
"ldmdbvs r5!, {r0, r3, r5, r6, r8, sb, sl, fp, ip, lr} ^",1
"ldclvs p9, c6, [r6, -0x190]!",1
"stmdavc r0, {r0, r1, r2, r3, r5, r6, sl, sp, lr}",1
"stclvs p1, c6, [ip], -0x1e8",1
svcpl 0x636f,1
"subspl r7, pc, 0x4a00000",1
invalid,1
"cmnmi r2, 116, 10           ; 0x74",1
"cmnvc r3, 108, 2            ; 0x6c",1
"andvc r7, r0, 0x94000001",1
"strbtvs r6, [r4], -0x165",1
"ldrtlo r7, [r6], -0x269",1
"mcrrmi p0, 4, r4, r7, c0",1
svcpl 0x434249,1
"eorseq r2, r4, r2, lsr lr",1
"ldrbtvs r6, [r2], -r4, ror 18",1
"strbmi r4, [r0, -r4, rrx]",1
"movtmi r4, 0x294c",1
"strtlo r3, [lr], -0x25f",1
"rsbvc r7, r5, 0, 12",1
"mcrvs p9, 3, r6, c15, c3, 3",1
"cmnvs r4, 0x17c00000",1
"rsbvc r6, pc, pc, asr r3",1
invalid,1
invalid,1
"ldrbvs r6, [r4, -0xf75]!",1
svcpl 0x677261,1
invalid,1
"rsbvc r6, sb, 104, 8",1
"mcrrmi p0, 4, r4, r7, c0",1
svcpl 0x434249,1
"eorseq r2, r4, r2, lsr lr",1
"strbtvc r7, [pc], -0x571",1
"rsbeq r5, lr, r5, ror 30",1
svcpl 0x6c7072,1
"strbvs r7, [r5, -0x366]!",1
svcpl 0x6f6b,1
"movtmi r5, 0xd45f",1
"strbmi r4, [lr], -0x55f",1
"andvc r5, r0, pc, asr pc",1
"rsbvc r6, r7, 0x1c8",1
"ldmdbvs pc, {r0, r5, r6, r8, sl, fp, sp, lr} ^",1
invalid,1
svcvs 0x697461,1
"ldmdavs r3!, {r1, r2, r3, r5, r6, r8, sb, sl, fp, ip, lr} ^",1
svcpl 0x74726f,1
"strbvs r6, [sp, -0x16e]!",1
"mcrrmi p0, 4, r4, r7, c0",1
svcpl 0x434249,1
"eorseq r2, r4, r2, lsr lr",1
"strbtvs r6, [lr], -0x962",1
"ldrbtvc r6, [r8], -0x574",1
invalid,1
"submi r6, r0, sb, ror 28",1
"submi r4, sb, 0x4700",1
"cdphs p15, 3, c5, c2, c3, 2",1
"ldrbvs r0, [r3, -0x34]!",1
"stmdavs r3!, {r2, r4, r5, r6, r8, sb, sl, fp, ip, lr} ^",1
"cmpvc pc, r1, ror 4",1
"ldmdbvs r4!, {r0, r2, r4, r5, r6, r8, sb, sl, fp, sp, lr} ^",1
svcpl 0x676e,1
svcpl 0x4d5449,1
"stmdbvs r7!, {r1, r4, r5, r6, r8, sl, sp, lr} ^",1
"rsbvc r7, r5, 0x73000000",1
"mcrrvs p13, 5, r4, r3, c4",1
"strbtpl r6, [r5], -0xe6f",1
"strbvs r6, [ip, -0x261]!",1
"stmdbvs sp!, {r8, sl, sp, lr} ^",1
"strbvc r5, [r2, -0xf74]!",1
"ldrbvs r5, [r2, -0xf67]!",1
"ldrbtvc r6, [r2], -0xf70",1
svcpl 0x676e69,1
"rsbvc r6, r4, 0x61000000",1
"rsbseq r7, r3, r5, ror 6",1
invalid,1
"ldrbtvc r5, [r3], -0xf65",1
"ldrbtvc r6, [r5], -0xf64",1
"strbtvc r7, [r5], -0x35f",1
"stclvs p6, c6, [sb], -0x17c",1
invalid,1
"stmdavc r0, {r0, r2, r3, r5, r6, r8, sl, sp, lr}",1
"strbtvs r6, [sp], -0x56d",1
invalid,1
"stclvs p3, c6, [r1], -0x1bc",1
"stmdavs r3!, {r0, r2, r5, r6, r8, sb, sl, fp, ip, lr} ^",1
"ldrbvs r7, [r3, -0x261]!",1
svcpl 0x5f0074,1
"cmnvs r4, r8, ror r3",1
"eorsmi r3, r4, r4, ror r6",1
"stmdbmi ip, {r6, r8, sb, sl, lr} ^",1
"subslo r4, pc, 0x8000001",1
"movwvs r3, 0x42e",1
"ldrbvs r6, [r3, -0xf6c]!",1
"rsbsvc r7, r4, 0x7c000001",1
"rsbeq r6, sp, r5, ror 2",1
"mrcvs p4, 3, r7, c2, c3, 3",1
"rsbsmi r6, r0, r3, ror 26",1
"stmdbmi ip, {r6, r8, sb, sl, lr} ^",1
"subslo r4, pc, 0x8000001",1
"strvc r3, [r0], -lr, lsr 8",1
"ldmdbvs r3!, {r0, r2, r5, r6, sb, ip, sp, lr} ^",1
"ldrbvs r6, [0x0001ca01]     ; [0x1ca01:4]=0x73632f69",1
"cmpvs pc, r4, ror r3",1
invalid,1
"ldrbtvc r6, [r2], -0xf62",1
"mcrrmi p0, 4, r4, r7, c0",1
svcpl 0x434249,1
"eorseq r2, r4, r2, lsr lr",1
"cmnvc r2, 0x1d800000",1
svcpl 0x6e6f69,1
svcpl 0x637465,1
svcpl 0x6176,1
"strbtvc r6, [sb], -0xe69",1
svcvs 0x6c6300,1
"submi r6, r0, r3, ror r5",1
"submi r4, sb, 0x4700",1
"cdphs p15, 3, c5, c2, c3, 2",1
"cmnvs r8, 0x34",1
svcvs 0x6c6c61,1
svcpl 0x5f0063,1
"ldrbtvc r7, [r3], -0x86c",1
"ldrtlo r7, [r6], -0x461",1
"mcrrmi p0, 4, r4, r7, c0",1
svcpl 0x434249,1
"eorseq r2, r4, r2, lsr lr",1
invalid,1
"rsbvc r6, sb, 0x65000000",1
"mcrrmi p0, 4, r4, r7, c0",1
svcpl 0x434249,1
"eorseq r2, r4, r2, lsr lr",1
invalid,1
invalid,1
"strbvs r7, [r7, -0x800]!",1
"ldrbtvs r6, [r7], -0x374",1
invalid,1
,1
