inst,ground_truth
54c46       invalid,1
"andeq r0, r1, r1, lsl 2",1
"andeq r0, r0, r0",1
"andeq r0, r0, r0",1
"eoreq r0, r8, r2",1
"andeq r0, r0, r1",1
"andeq r8, r0, r8, lsr 29",1
"andeq r0, r0, r4, lsr r0",1
"andeq r1, r1, r8, asr 29",1
"streq r0, [r0, -2]",1
"eoreq r0, r0, r4, lsr r0",1
"eoreq r0, r8, r8",1
"eoreq r0, r3, r6, lsr 32",1
"andvc r0, r0, r1",1
"muleq r0, ip, sl",1
"muleq r0, ip, sl",1
"muleq r0, ip, sl",1
"andeq r0, r0, r8",1
"andeq r0, r0, r8",1
"andeq r0, r0, r4",1
"andeq r0, r0, r4",1
"andeq r0, r0, r6",1
"andeq r0, r0, r4, lsr r0",1
"andeq r8, r0, r4, lsr r0",1
"andeq r8, r0, r4, lsr r0",1
"andeq r0, r0, r0, lsl 2",1
"andeq r0, r0, r0, lsl 2",1
"andeq r0, r0, r5",1
"andeq r0, r0, r4",1
"andeq r0, r0, r3",1
"andeq r0, r0, r4, lsr r1",1
"andeq r8, r0, r4, lsr r1",1
"andeq r8, r0, r4, lsr r1",1
"andeq r0, r0, r3, lsl r0",1
"andeq r0, r0, r3, lsl r0",1
"andeq r0, r0, r4",1
"andeq r0, r0, r1",1
"andeq r0, r0, r1",1
"andeq r0, r0, r0",1
"andeq r8, r0, r0",1
"andeq r8, r0, r0",1
"andeq r5, r0, r8, lsr 21",1
"andeq r5, r0, r8, lsr 21",1
"andeq r0, r0, r5",1
"andeq r8, r0, r0",1
"andeq r0, r0, r1",1
"andeq r5, r0, r8, lsr 21",1
"andeq r5, r1, r8, lsr 21",1
"andeq r5, r1, r8, lsr 21",1
"andeq r0, r0, ip, lsr 4",1
"muleq r0, r8, r3",1
"andeq r0, r0, r6",1
"andeq r8, r0, r0",1
"andeq r0, r0, r2",1
"strheq r5, [r0], -r4",1
"strheq r5, [r1], -r4",1
"strheq r5, [r1], -r4",1
"andeq r0, r0, r8, ror 1",1
"andeq r0, r0, r8, ror 1",1
"andeq r0, r0, r6",1
"andeq r0, r0, r4",1
"andeq r0, r0, r4",1
"andeq r0, r0, r8, asr 2",1
"andeq r8, r0, r8, asr 2",1
"andeq r8, r0, r8, asr 2",1
"andeq r0, r0, r4, asr 32",1
"andeq r0, r0, r4, asr 32",1
"andeq r0, r0, r4",1
"andeq r0, r0, r4",1
"ldrbtvs lr, [r4], -0x551",1
"andeq r0, r0, r0",1
"andeq r0, r0, r0",1
"andeq r0, r0, r0",1
"andeq r0, r0, r0",1
"andeq r0, r0, r0",1
"andeq r0, r0, r6",1
"andeq r0, r0, r4",1
"rsbvs r6, sb, 0x2f00",1
"stclhs p12, c6, [r4, -0xbc]!",1
"strbvc r6, [lr, -0x96c]!",1
svcvs 0x732e78,1
"andeq r3, r0, lr, lsr 6",1
"andeq r0, r0, r4",1
"andeq r0, r0, r0, lsl r0",1
"andeq r0, r0, r1",1
"subseq r4, r5, r7, asr 28",1
"andeq r0, r0, r0",1
"andeq r0, r0, r2",1
"andeq r0, r0, r6",1
"andeq r0, r0, r0, lsl r0",1
"andeq r0, r0, r4",1
"andeq r0, r0, r4, lsl r0",1
"andeq r0, r0, r3",1
"subseq r4, r5, r7, asr 28",1
"mcrmi p12, 3, r6, c3, c12, 7",1
"ldrvs sp, [r6, pc, asr 23]",1
invalid,1
"strls sb, [r4, 0xa2c]",1
"ldrle r3, [r0, -sl, ror 2]",1
"andeq r0, r0, r5, lsr 32",1
"andeq r0, r0, r2",1
"andeq r0, r0, r0, lsl r0",1
"andeq r0, r0, sb",1
"rsceq r4, r0, r2, lsl 19",1
"andsle r6, sb, 0xa4",1
invalid,1
"andeq r1, r0, r2",1
"stmdbeq r1, {r3, r5, r7, sl} ^",1
invalid,1
"stmdaeq r0, {r0, r5, r7, r8, sl, fp, lr} ^",1
"andeq r0, sl, r0, lsr 16",1
"stmdavs r2, {r1, r2, r3}",1
"strbvc r4, [r0], -0x192",1
"stmdaeq r0, {r1, r2, r7}",1
"subshs r0, r0, r0, asr r2",1
"stcllo p0, c1, [r1], -0",1
invalid,1
"andhi r1, r0, 0xa00",1
"andseq sl, r1, r0",1
"andeq r0, r0, r2",1
"andeq r0, r0, r0",1
"andeq r0, r0, r0",1
"andeq r0, r0, r5",1
"andeq r0, r0, r6",1
"andeq r0, r0, r0",1
"andeq r0, r0, r7",1
"andeq r0, r0, r8",1
"andeq r0, r0, ip",1
"andeq r0, r0, lr",1
"andeq r0, r0, pc",1
"andeq r0, r0, r0, lsl r0",1
"andeq r0, r0, r5, lsl r0",1
"andeq r0, r0, r8, lsl r0",1
"andeq r0, r0, sl, lsl r0",1
"andeq r0, r0, ip, lsl r0",1
"andeq r0, r0, sp, lsl r0",1
"andeq r0, r0, r0, lsr 32",1
"andeq r0, r0, r1, lsr 32",1
"andeq r0, r0, r2, lsr 32",1
"andeq r0, r0, r5, lsr 32",1
"andeq r0, r0, r6, lsr 32",1
"andeq r0, r0, r7, lsr 32",1
"andeq r0, r0, sb, lsr 32",1
"andeq r0, r0, lr, lsr 32",1
"andeq r0, r0, pc, lsr 32",1
"andeq r0, r0, r2, lsr r0",1
"andeq r0, r0, r0",1
"andeq r0, r0, r3, lsr r0",1
"andeq r0, r0, r4, lsr r0",1
"andeq r0, r0, r6, lsr r0",1
"andeq r0, r0, r0",1
"andeq r0, r0, r8, lsr r0",1
"andeq r0, r0, sb, lsr r0",1
"andeq r0, r0, sl, lsr r0",1
"andeq r0, r0, fp, lsr r0",1
"andeq r0, r0, sp, lsr r0",1
"mrcls p0, 3, r5, c6, c12, 5",1
"ldceq p13, c10, [sb, -0xf0]!",1
"cmpvs sp, r1, lsr 21",1
"ldrbtge r2, [sb], 0x301",1
"stc2l p2, c3, [r0, -0xb4]",1
"rscls r5, pc, r3, lsr 21",1
invalid,1
"strbne r2, [fp, -0xbb8]!",1
"ldcvc p0, c15, [r6], {0x86}",1
"mcreq p6, 7, r8, c15, c15, 5",1
"stcllo p14, c0, [r0, 0x318]!",1
invalid,1
invalid,1
invalid,1
invalid,1
"stcne p2, c15, [fp], {0x38}",1
"ldrt r0, [sp], 0x7c2",1
"rscne sb, pc, 96, 16",1
svcge 0xe70ad,1
"ldrlt r7, [r5, -r2, lsl 13]!",1
invalid,1
"ldcllt p9, c15, [pc], 0xfc",1
"stcne p13, c1, [ip], {0x28}",1
svceq 0x11ed7d,1
"ldmdane r2, {r3, r5, r6, r8, fp, sp, lr, pc} ^",1
svceq 0x3b9a5b,1
"fldmiaxne r3, {d11, d12, d13, d14, d15, d16, d17, d18, d19, d20, d21, d22, d23, d24, d25, d26}",1
"rscsne ip, r7, 0x32000000",1
"ldrbhs sl, [r5, r6, lsl 28]",1
blhs 0x10faaa0,1
invalid,1
"ldcvc p14, c7, [r6], {0x3f}",1
blmi 0x1514320,1
"tstlt r5, 0xe0000000",1
"stceq p8, c11, [r2, 0xc4]",1
"stceq p5, c7, [r2, 0x244]",1
"ldreq r6, [r4], sp, lsl 27",1
"ldc2 p15, c8, [sp, -0x100]",1
"subne lr, r4, sb, lsr r8",1
"stceq p5, c7, [r2, 0x90]",1
"ldrbne sp, [sp], 0xc4",1
"ldcne p6, c9, [r3], {0xca}",1
"sbchs r5, fp, sl, asr 11",1
svcge 0xc3fcd,1
"rscsne fp, r7, 0x4000003",1
invalid,1
"ldc2l p7, c3, [r6, -8]!",1
"stc2 p15, c12, [sb, -0x84]",1
"ldcne p6, c9, [r3], {0x5f}",1
"ldrgt r7, [fp, -0x45f]!",1
invalid,1
"subhs r4, sb, 0x19c000",1
invalid,1
"ldrbhs sl, [r0, -0x4ad]",1
invalid,1
"rsbvc r2, r3, 0xcf00",1
svceq 0x6321ef,1
invalid,1
"fldmiaxvc ip, {d7, d8, d9, d10, d11, d12, d13, d14}",1
invalid,1
"andeq r0, r0, r0",1
"andeq r0, r0, r0",1
"andeq r0, r0, r0",1
"andeq r0, r0, r0",1
"andeq r0, r0, r1",1
"andeq r0, r0, r0",1
"andeq r0, r0, r0",1
"andeq r0, r0, r0, lsr 32",1
"andeq r0, r0, ip, lsl r2",1
"ldrdeq r5, r6, [r1], -r8",1
"andeq r0, r0, r4",1
"andseq r0, r8, r1, lsl r0",1
"andeq r0, r0, r7, lsl r1",1
"andeq r8, r0, ip, ror sp",1
"andeq r0, r0, r0",1
"andeq r0, r0, r2, lsl r0",1
"andeq r0, r0, r8, lsr 32",1
"andeq r8, r0, r4, asr lr",1
"andeq r0, r0, r0",1
"andeq r0, r0, r2, lsl r0",1
"ldrdeq r0, r1, [r0], -sl",1
"andeq r8, r0, r0, lsl 28",1
"andeq r0, r0, r0",1
"andeq r0, r0, r2, lsl r0",1
"andeq r0, r0, sl, lsl r0",1
"andeq r8, r0, r0, lsl 25",1
"andeq r0, r0, r0",1
"andeq r0, r0, r2, lsl r0",1
"muleq r0, r4, r1",1
"andeq r8, r0, r4, lsl 26",1
"andeq r0, r0, r0",1
"andeq r0, r0, r2, lsl r0",1
"andeq r0, r0, pc, asr r1",1
"andeq r8, r0, r8, ror 24",1
"andeq r0, r0, r0",1
"andeq r0, r0, r2, lsl r0",1
"andeq r0, r0, sp, lsr 3",1
"andeq r8, r0, r4, ror ip",1
"andeq r0, r0, r0",1
"andeq r0, r0, r2, lsl r0",1
"andeq r0, r0, r7, lsl r2",1
"andeq r8, r0, ip, lsl 25",1
"andeq r0, r0, r0",1
"andeq r0, r0, r2, lsl r0",1
"andeq r0, r0, fp, ror r0",1
"muleq r0, r8, ip",1
"andeq r0, r0, r0",1
"andeq r0, r0, r2, lsl r0",1
"andeq r0, r0, sp, rrx",1
"ldrdeq r8, sb, [r0], -r4",1
"andeq r0, r0, r0",1
"andeq r0, r0, r2, lsl r0",1
"andeq r0, r0, r1, lsl 1",1
"andeq r5, r1, r0, ror 25",1
"andeq r0, r0, r4",1
"andseq r0, r8, r1, lsr 32",1
"strdeq r0, r1, [r0], -r6",1
"andeq r8, r0, r8, lsl 27",1
"andeq r0, r0, r0",1
"andeq r0, r0, r2, lsl r0",1
"strheq r0, [r0], -r4",1
"ldrdeq r5, r6, [r1], -r8",1
"andeq r0, r0, r4",1
"andseq r0, r8, r1, lsr 32",1
"ldrdeq r0, r1, [r0], -sp",1
"andeq r8, r0, r0, ror 25",1
"andeq r0, r0, r0",1
"andeq r0, r0, r2, lsl r0",1
"andeq r0, r0, r8, asr r1",1
"strdeq r5, r6, [r1], -r0",1
"andeq r0, r0, r4",1
"andseq r0, r8, r1, lsl r0",1
"andeq r0, r0, r7, lsr 1",1
"andeq r8, r0, r0, lsl sp",1
"andeq r0, r0, r0",1
"andeq r0, r0, r2, lsl r0",1
"andeq r0, r0, fp, ror 1",1
"andeq r8, r0, r8, asr sp",1
"andeq r0, r0, r0",1
"andeq r0, r0, r2, lsl r0",1
"andeq r0, r0, sb, asr 32",1
"andeq r8, r0, r0, ror 28",1
"andeq r0, r0, r0",1
"andeq r0, r0, r2, lsl r0",1
"andeq r0, r0, r2, lsr r0",1
"andeq r8, r0, r0, asr 26",1
"andeq r0, r0, r0",1
"andeq r0, r0, r2, lsl r0",1
"andeq r0, r0, ip, asr r0",1
"ldrdeq r8, sb, [r0], -r0",1
"andeq r0, r0, r0",1
"andeq r0, r0, r2, lsl r0",1
"andeq r0, r0, ip, lsr 3",1
"andeq r8, r0, r8, ror 27",1
"andeq r0, r0, r0",1
"andeq r0, r0, r2, lsl r0",1
"strdeq r0, r1, [r0], -sb",1
"strdeq r5, r6, [r1], -r4",1
"andeq r0, r0, r4",1
"andseq r0, r8, r1, lsl r0",1
"andeq r0, r0, r5, ror r0",1
"muleq r0, r0, lr",1
"andeq r0, r0, r0",1
"andeq r0, r0, r2, lsl r0",1
"muleq r0, ip, r1",1
"andeq r8, r0, r4, lsr sp",1
"andeq r0, r0, r0",1
"andeq r0, r0, r2, lsl r0",1
"andeq r0, r0, r1, lsl r1",1
"muleq r0, ip, lr",1
"andeq r0, r0, r0",1
"andeq r0, r0, r2, lsl r0",1
"andeq r0, r0, r5, asr 1",1
"ldrdeq r8, sb, [r0], -ip",1
"andeq r0, r0, r0",1
"andeq r0, r0, r2, lsl r0",1
"andeq r0, r0, r2, asr 32",1
"andeq r5, r1, r8, ror 25",1
"andeq r0, r0, r4",1
"andseq r0, r8, r1, lsl r0",1
"andeq r0, r0, pc, ror 2",1
"andeq r8, r0, ip, lsr 27",1
"andeq r0, r0, r0",1
"andeq r0, r0, r2, lsl r0",1
"andeq r0, r0, r7, lsr r2",1
"andeq r8, r0, ip, lsl 28",1
"andeq r0, r0, r0",1
"andeq r0, r0, r2, lsl r0",1
"andeq r0, r0, r8, ror 2",1
"andeq r8, r0, r4, lsr 28",1
"andeq r0, r0, r0",1
"andeq r0, r0, r2, lsl r0",1
"andeq r0, r0, ip, ror r0",1
"andeq r8, r0, r4, asr 27",1
"andeq r0, r0, r0",1
"andeq r0, r0, r2, lsl r0",1
"andeq r0, r0, r8, lsl 4",1
"andeq r8, r0, r4, asr 24",1
"andeq r0, r0, r0",1
"andeq r0, r0, r2, lsl r0",1
"andeq r0, r0, sb, lsl 3",1
"andeq r8, r0, r8, lsr 26",1
"andeq r0, r0, r0",1
"andeq r0, r0, r2, lsl r0",1
"ldrdeq r0, r1, [r0], -r3",1
"andeq r8, r0, r8, lsl lr",1
"andeq r0, r0, r0",1
"andeq r0, r0, r2, lsl r0",1
"andeq r0, r0, sb, lsl 2",1
"andeq r8, r0, r4, lsr 25",1
"andeq r0, r0, r0",1
"andeq r0, r0, r2, lsl r0",1
"andeq r0, r0, ip, lsr 2",1
"andeq r8, r0, ip, ror 28",1
"andeq r0, r0, r0",1
"andeq r0, r0, r2, lsl r0",1
"ldrdeq r0, r1, [r0], -r2",1
"andeq r8, r0, ip, lsr 24",1
"andeq r0, r0, r0",1
"andeq r0, r0, r2, lsl r0",1
"andeq r0, r0, lr, lsl r1",1
"andeq r8, r0, r0, asr ip",1
"andeq r0, r0, r0",1
"andeq r0, r0, r2, lsl r0",1
"strdeq r0, r1, [r0], -r2",1
"strheq r8, [r0], -ip",1
"andeq r0, r0, r0",1
"andeq r0, r0, r2, lsl r0",1
"andeq r0, r0, r4, rrx",1
"andeq r8, r0, ip, ror 25",1
"andeq r0, r0, r0",1
"andeq r0, r0, r2, lsl r0",1
"andeq r0, r0, r1, lsr 32",1
"andeq r8, r0, ip, lsl sp",1
"andeq r0, r0, r0",1
"andeq r0, r0, r2, lsl r0",1
"andeq r0, r0, ip, asr 1",1
"strdeq r8, sb, [r0], -r4",1
"andeq r0, r0, r0",1
"andeq r0, r0, r2, lsl r0",1
"andeq r0, r0, sl, lsr r0",1
"andeq r8, r0, r4, lsl 29",1
"andeq r0, r0, r0",1
"andeq r0, r0, r2, lsl r0",1
"andeq r0, r0, r8, ror 3",1
"strdeq r5, r6, [r1], -r8",1
"andeq r0, r0, r4",1
"andseq r0, r8, r1, lsl r0",1
"andeq r0, r0, r6, asr 2",1
"andeq r8, r0, r4, ror 26",1
"andeq r0, r0, r0",1
"andeq r0, r0, r2, lsl r0",1
"andeq r0, r0, fp, ror r1",1
"andeq r8, r0, r0, lsr lr",1
"andeq r0, r0, r0",1
"andeq r0, r0, r2, lsl r0",1
"andeq r0, r0, r0, lsl r1",1
"andeq r8, r0, ip, lsr lr",1
"andeq r0, r0, r0",1
"andeq r0, r0, r2, lsl r0",1
"andeq r0, r0, pc, ror 3",1
"andeq r8, r0, ip, asr ip",1
"andeq r0, r0, r0",1
"andeq r0, r0, r2, lsl r0",1
"ldrdeq r0, r1, [r0], -sb",1
"andeq r8, r0, r8, ror lr",1
"andeq r0, r0, r0",1
"andeq r0, r0, r2, lsl r0",1
"andeq r0, r0, sp, asr 2",1
"muleq r0, r4, sp",1
"andeq r0, r0, r0",1
"andeq r0, r0, r2, lsl r0",1
"andeq r0, r0, r8, lsr r1",1
"strheq r8, [r0], -r8",1
"andeq r0, r0, r0",1
"andeq r0, r0, r2, lsl r0",1
"andeq r0, r0, r4, lsr 2",1
"strheq r8, [r0], -r0",1
"andeq r0, r0, r0",1
"andeq r0, r0, r2, lsl r0",1
"andeq r0, r0, r0, lsl 2",1
"andeq r8, r0, r8, asr 28",1
"andeq r0, r0, r0",1
"andeq r0, r0, r2, lsl r0",1
"muleq r0, sb, r0",1
"andeq r8, r0, r8, asr 25",1
"andeq r0, r0, r0",1
"andeq r0, r0, r2, lsl r0",1
"andeq r0, r0, r7, lsr 4",1
"andeq r5, r1, r0, ror 25",1
"andeq r0, r0, r4",1
"andseq r0, r8, r1, lsl r0",1
"andeq r0, r0, r1, asr r0",1
"andeq r8, r0, ip, asr 26",1
"andeq r0, r0, r0",1
"andeq r0, r0, r2, lsl r0",1
"strheq r0, [r0], -lr",1
"andeq r8, r0, r8, lsr ip",1
"andeq r0, r0, r0",1
"andeq r0, r0, r2, lsl r0",1
"andeq r0, r0, r7, asr r0",1
"andeq r8, r0, r0, ror sp",1
"andeq r0, r0, r0",1
"andeq r0, r0, r2, lsl r0",1
"andeq r0, r0, r2, lsl 3",1
"strdeq r8, sb, [r0], -r8",1
"andeq r0, r0, r0",1
"andeq r0, r0, r2, lsl r0",1
"ldrbvs r5, [pc, -r0, lsl 30] ; [0x748:4]=0x72617473",1
svcpl 0x6e6f6d,1
"rsbvc r7, r1, 0x73000000",1
"subseq r5, pc, r4, ror pc",1
invalid,1
"cdphs p3, 6, c7, c15, c14, 1",1
"uqasxvs r0, r6, r6",1
"ldmdavs r3!, {r2, r3, r5, r6, r8, sl, ip, sp, lr} ^",1
"rsbsvc r7, r4, 0, 6",1
"rsbseq r7, sb, r3, rrx",1
"ldclvs p5, c6, [r4], -0x1cc",1
"stclvs p3, c6, [r1], -0x1bc",1
"rsbvs r0, sp, 0x65",1
invalid,1
"ldrbtvc r0, [r3], -0x63",1
"stclvs p14, c6, [r3, -0x1c8]!",1
"rsbvc r0, pc, r0, ror r0",1
"strbtvs r6, [lr], -0x974",1
"rsbsvc r7, r4, 0, 6",1
"rsbvc r6, r8, 0xc8000001",1
"rsbsvc r6, r2, 0, 10",1
"andvc r7, r0, pc, ror 4",1
"rsbseq r7, r3, r5, ror r4",1
"ldrbtvc r6, [r4], -0x567",1
"rsbseq r7, r4, r5, ror 16",1
"rsbsvc r7, r7, sb, ror 6",1
"strbtvc r6, [lr], -0x972",1
invalid,1
invalid,1
svcvs 0x626100,1
svcpl 0x7472,1
"strbtvc r7, [sb], -0x865",1
svcvs 0x727000,1
"stclvs p2, c7, [r1, -0x19c]!",1
"uqsaxvc r6, lr, pc",1
"strbtvc r6, [r1], -0x36f",1
svcpl 0x6e6f69,1
"strbvs r6, [sp, -0x16e]!",1
"strbtvc r6, [r5], -0x700",1
"cdpvs p15, 7, c5, c5, c3, 3",1
blvs 0x18dc598,1
svcpl 0x6465,1
"ldmdbvc r4!, {r0, r1, r2, r3, r4, r6, r8, sb, sp, lr} ^",1
invalid,1
"ldclvs p4, c7, [0x00000664]",1
"strbvc r5, [r3, -0xf62]!",1
invalid,1
invalid,1
invalid,1
"rsbsvc r7, r4, 0, 6",1
"rsbeq r6, lr, ip, ror 10",1
"strbvs r6, [r7, -0xe75]!",1
"stcvs p3, c6, [r0, -0x1d0]",1
"ldrbvs r6, [r3, -0xd65]!",1
svcpl 0x5f0074,1
"cdpvs p2, 7, c7, c2, c5, 3",1
svcvs 0x6c5f6f,1
"ldmdbvs r4!, {r0, r1, r5, r6, r8, sp, lr} ^",1
svcvs 0x6e6f,1
"uqsub16lo r6, lr, r0",1
"strbvs r0, [sp, -0x34]!",1
"rsbvc r6, sp, sp, ror 6",1
"ldrbtvs r7, [r4], -0x300",1
"rsbseq r7, r4, pc, ror 10",1
"strbvs r7, [r5, -0x366]!",1
"ldrtlo r6, [r6], -0xf6b",1
"stclvs p13, c6, [r5, -0]!",1
"rsbseq r7, sb, r3, rrx",1
svcvs 0x6c6366,1
"stcvs p5, c6, [r0, -0x1cc]",1
svcvs 0x6c6c61,1
"cmnvs r2, r3, rrx",1
"rsbeq r7, r5, sb, ror 6",1
"ldmdbvs r3!, {r0, r2, r3, r5, r6, sb, sp, lr} ^",1
"rsbseq r6, r4, lr, ror 18",1
"mrrcvs p12, 6, r6, pc, c14",1
"stmdbvs r7!, {r0, r5, r6, sb, sl, fp, sp, lr} ^",1
"rsbeq r6, pc, lr, ror 12",1
"strbtvc r5, [r3], -0xf5f",1
svcpl 0x657079,1
svcvs 0x6c5f62,1
"strbvs r0, [r7, -0x63]!",1
"uqsub16vc r6, lr, r4",1
"ldrbvs r5, [pc], -r0, lsl 30 ; [0x894:4]=0x676e69",1
"strbtvs r6, [r1], -0x572",1
"rsbeq r6, r7, sb, ror 28",1
"strbvs r7, [r4, -0x473]!",1
"smlsdxvs r0, r2, r2, r7",1
svcvs 0x6c7465,1
"rsbeq r6, lr, r7, ror 18",1
invalid,1
"strvs r6, [r0, -lr, ror 12]",1
"rsbvc r7, pc, r5, ror 8",1
svcvs 0x6c5f74,1
"strvs r6, [r0], -lr, ror 14",1
"cdpvs p12, 6, c6, c5, c9, 3",1
"strbvc r0, [r6, -pc, rrx]!",1
"ldrbvs r6, [r4, -0x972]!",1
"ldrbvs r5, [pc], -r0, lsl 30 ; [0x8d0:4]=0x676e69",1
"strbtvs r6, [lr], -0x570",1
"rsbeq r6, r7, sb, ror 28",1
"strbvs r7, [r5, -0x36c]!",1
"eorseq r3, r4, fp, ror 12",1
"rsbsvc r6, r2, 0x19800000",1
"ldrbvc r7, [0x00000679]     ; [0x679:4]=0x12000000",1
invalid,1
"rsbeq r6, r4, fp, ror 10",1
"ldmdbvs r2!, {r1, r2, r5, r6, ip, sp, lr} ^",1
"rsbeq r7, r6, lr, ror 8",1
invalid,1
svcpl 0x6d6172,1
svcvs 0x766e69,1
"ldmdbvs r4!, {r0, r1, r5, r6, r8, sp, lr} ^",1
"cmpvc pc, 0x6f0",1
"ldrbtvc r6, [r2], -0xf68",1
"stclvs p14, c6, [r1, -0x17c]!",1
"strbtvs r0, [r6], -0x65",1
"cdpvs p0, 6, c7, c5, c15, 3",1
"cdpvs p2, 6, c6, c9, c0, 0",1
"stmdavc r5!, {r2, r5, r6, sl, ip, sp, lr} ^",1
"stclvs p4, c6, [0x00000758]!",1
"rsbeq r6, lr, r1, ror 18",1
"ldrbvs r7, [r4, -0x6f]!",1
"movwvc r7, 0x272",1
"stclvs p2, c7, [r3, -0x1d0]!",1
svcpl 0x5f0070,1
invalid,1
"cmnvs r4, pc, asr r3",1
"ldclvs p4, c7, [0x00000780]",1
"rsbeq r6, lr, r1, ror 18",1
"ldrbtvc r7, [r5], -0x66",1
"mrcvs p15, 3, r5, c5, c3, 3",1
blvs 0x18dc708,1
"strvs r6, [r0], -r5, ror 8",1
"rsbeq r6, r5, r2, ror r5",1
"rsbsvc r5, r0, 0x17c",1
invalid,1
svcpl 0x656d,1
svcvs 0x72705f,1
"stclvs p14, c6, [r1, -0x19c]!",1
"strbvc r5, [r6, -0xf65]!",1
svcpl 0x6c6c,1
"cmnvs r8, pc, asr r3",1
"ldrbvs r6, [r4, -0x15f]!",1
"rsbseq r6, r4, r8, ror sb",1
"submi r4, sb, 0x4700",1
"cdphs p15, 3, c5, c2, c3, 2",1
"andeq r0, r0, r4, lsr r0",1
"andeq r0, r2, r0",1
"andeq r0, r2, r2",1
"andeq r0, r2, r2",1
"andeq r0, r2, r2",1
"andeq r0, r2, r2",1
"andeq r0, r2, r2",1
"andeq r0, r2, r2",1
"andeq r0, r2, r2",1
"andeq r0, r2, r2",1
"andeq r0, r2, r2",1
"andeq r0, r2, r2",1
"andeq r0, r2, r2",1
"andeq r0, r2, r2",1
"andeq r0, r2, r2",1
"andeq r0, r2, r2",1
"andeq r0, r2, r2",1
"andeq r0, r2, r2",1
"andeq r0, r2, r2",1
"andeq r0, r2, r2",1
"andeq r0, r2, r2",1
"andeq r0, r2, r2",1
"andeq r0, r2, r2",1
"andeq r0, r2, r2",1
"andeq r0, r2, r2",1
"andeq r0, r2, r2",1
"andeq r0, r2, r2",1
"andeq r0, r2, r2",1
"andeq r0, r2, r2",1
"andeq r0, r2, r2",1
"andeq r0, r2, r2",1
"andeq r0, r0, r2",1
"andeq r0, r1, r1",1
"andeq r0, r0, r0, lsl r0",1
"andeq r0, r0, r0, lsl r0",1
"andeq r0, r0, r0",1
"stcleq p9, c6, [sb, -0x50]!",1
"andeq r0, r2, r0",1
"andeq r0, r0, r4, asr 4",1
"andeq r0, r0, r0",1
"andeq r5, r1, ip, ror ip",1
"andeq r0, r0, r5, lsl r1",1
"ldrdeq r5, r6, [r1], -r8",1
"andeq r0, r0, r4, lsl r2",1
"andeq r5, r1, r0, ror 25",1
"andeq r3, r0, r4, lsl sb",1
"andeq r5, r1, r8, ror 25",1
"andeq r1, r0, r4, lsl sp",1
"strdeq r5, r6, [r1], -r0",1
"andeq r1, r0, r4, lsl r1",1
"strdeq r5, r6, [r1], -r4",1
"andeq r1, r0, r4, lsl r8",1
"strdeq r5, r6, [r1], -r8",1
"andeq r2, r0, r4, lsl lr",1
"andeq r5, r1, r8, lsr 23",1
"andeq r2, r0, r6, lsl r7",1
"andeq r5, r1, ip, lsr 23",1
"andeq r3, r0, r6, lsl fp",1
"strheq r5, [r1], -r0",1
"andeq r2, r0, r6, lsl r2",1
"strheq r5, [r1], -r4",1
"andeq r2, r0, r6, lsl r8",1
"strheq r5, [r1], -r8",1
"andeq r3, r0, r6, lsl r2",1
"strheq r5, [r1], -ip",1
"andeq r0, r0, r6, lsl r8",1
"andeq r5, r1, r0, asr 23",1
"andeq r0, r0, r6, lsl sb",1
"andeq r5, r1, r4, asr 23",1
"andeq r0, r0, r6, lsl r6",1
"andeq r5, r1, r8, asr 23",1
"andeq r0, r0, r6, lsl sl",1
"andeq r5, r1, ip, asr 23",1
"andeq r0, r0, r6, lsl fp",1
"ldrdeq r5, r6, [r1], -r0",1
"andeq r2, r0, r6, lsl r5",1
"ldrdeq r5, r6, [r1], -r4",1
"andeq r3, r0, r6, lsl r6",1
"ldrdeq r5, r6, [r1], -r8",1
"andeq r2, r0, r6, lsl sb",1
"ldrdeq r5, r6, [r1], -ip",1
"andeq r3, r0, r6, lsl r8",1
"andeq r5, r1, r0, ror 23",1
"andeq r0, r0, r6, lsl ip",1
"andeq r5, r1, r4, ror 23",1
"andeq r1, r0, r6, lsl r0",1
"andeq r5, r1, r8, ror 23",1
"andeq r2, r0, r6, lsl sl",1
"andeq r5, r1, ip, ror 23",1
"andeq r3, r0, r6, lsl sp",1
"strdeq r5, r6, [r1], -r0",1
"andeq r0, r0, r6, lsl r7",1
"strdeq r5, r6, [r1], -r4",1
"andeq r1, r0, r6, lsl r2",1
"strdeq r5, r6, [r1], -r8",1
"andeq r2, r0, r6, lsl fp",1
"strdeq r5, r6, [r1], -ip",1
"andeq r2, r0, r6, lsl r3",1
"andeq r5, r1, r0, lsl 24",1
"andeq r1, r0, r6, lsl sl",1
"andeq r5, r1, r4, lsl 24",1
"andeq r1, r0, r6, lsl r5",1
"andeq r5, r1, r8, lsl 24",1
"andeq r3, r0, r6, lsl sl",1
"andeq r5, r1, ip, lsl 24",1
"andeq r1, r0, r6, lsl r3",1
"andeq r5, r1, r0, lsl ip",1
"andeq r2, r0, r6, lsl pc",1
"andeq r5, r1, r4, lsl ip",1
"andeq r3, r0, r6, lsl ip",1
"andeq r5, r1, r8, lsl ip",1
"andeq r0, r0, r6, lsl r3",1
"andeq r5, r1, ip, lsl ip",1
"andeq r0, r0, r6, lsl lr",1
"andeq r5, r1, r0, lsr 24",1
"andeq r3, r0, r6, lsl r4",1
"andeq r5, r1, r4, lsr 24",1
"andeq r0, r0, r6, lsl r1",1
"andeq r5, r1, r8, lsr 24",1
"andeq r1, r0, r6, lsl lr",1
"andeq r5, r1, ip, lsr 24",1
"andeq r3, r0, r6, lsl r5",1
"andeq r5, r1, r0, lsr ip",1
"andeq r2, r0, r6, lsl r1",1
"andeq r5, r1, r4, lsr ip",1
"andeq r1, r0, r6, lsl r6",1
"andeq r5, r1, r8, lsr ip",1
"andeq r1, r0, r6, lsl ip",1
"andeq r5, r1, ip, lsr ip",1
"andeq r1, r0, r6, lsl r7",1
"andeq r5, r1, r0, asr 24",1
"andeq r2, r0, r6, lsl ip",1
"andeq r5, r1, r4, asr 24",1
"andeq r0, r0, r6, lsl r5",1
"andeq r5, r1, r8, asr 24",1
"andeq r1, r0, r6, lsl pc",1
"andeq r5, r1, ip, asr 24",1
"andeq r2, r0, r6, lsl r4",1
"andeq r5, r1, r0, asr ip",1
"andeq r2, r0, r6, lsl r0",1
"andeq r5, r1, r4, asr ip",1
"andeq r3, r0, r6, lsl r0",1
"andeq r5, r1, r8, asr ip",1
"andeq r3, r0, r6, lsl r1",1
"andeq r5, r1, ip, asr ip",1
"andeq r3, r0, r6, lsl r7",1
"andeq r5, r1, r0, ror 24",1
"andeq r0, r0, r6, lsl r4",1
"andeq r5, r1, r4, ror 24",1
"andeq r1, r0, r6, lsl r4",1
"andeq r5, r1, r8, ror 24",1
"andeq r2, r0, r6, lsl r6",1
"andeq r5, r1, ip, ror 24",1
"andeq r3, r0, r6, lsl r3",1
"andeq r5, r1, r0, ror ip",1
"andeq r2, r0, r6, lsl sp",1
"andeq r5, r1, r4, ror ip",1
"andeq r1, r0, r6, lsl sb",1
"andeq r5, r1, r8, ror ip",1
"andeq r1, r0, r6, lsl fp",0
"push {r3, lr}",0
bl 0xee4,0
"pop {r3, pc}",0
"str lr, [sp, -4]!",0
"ldr lr, [0x00000c28]        ; [0xc28:4]=0xcf74",0
"add lr, pc, lr",0
"ldr pc, [lr, 8]!",0
"andeq ip, r0, r4, ror pc",0
"add ip, pc, 0, 12",0
"add ip, ip, 12, 20",0
"ldr pc, [ip, 0xf74]!",0
"add ip, pc, 0, 12",0
"add ip, ip, 12, 20",0
"ldr pc, [ip, 0xf6c]!",0
"add ip, pc, 0, 12",0
"add ip, ip, 12, 20",0
"ldr pc, [ip, 0xf64]!",0
"add ip, pc, 0, 12",0
"add ip, ip, 12, 20",0
"ldr pc, [ip, 0xf5c]!",0
"add ip, pc, 0, 12",0
"add ip, ip, 12, 20",0
"ldr pc, [ip, 0xf54]!",0
"add ip, pc, 0, 12",0
"add ip, ip, 12, 20",0
"ldr pc, [ip, 0xf4c]!",0
"add ip, pc, 0, 12",0
"add ip, ip, 12, 20",0
"ldr pc, [ip, 0xf44]!",0
"add ip, pc, 0, 12",0
"add ip, ip, 12, 20",0
"ldr pc, [ip, 0xf3c]!",0
"add ip, pc, 0, 12",0
"add ip, ip, 12, 20",0
"ldr pc, [ip, 0xf34]!",0
"add ip, pc, 0, 12",0
"add ip, ip, 12, 20",0
"ldr pc, [ip, 0xf2c]!",0
"add ip, pc, 0, 12",0
"add ip, ip, 12, 20",0
"ldr pc, [ip, 0xf24]!",0
"add ip, pc, 0, 12",0
"add ip, ip, 12, 20",0
"ldr pc, [ip, 0xf1c]!",0
"add ip, pc, 0, 12",0
"add ip, ip, 12, 20",0
"ldr pc, [ip, 0xf14]!",0
"add ip, pc, 0, 12",0
"add ip, ip, 12, 20",0
"ldr pc, [ip, 0xf0c]!",0
"add ip, pc, 0, 12",0
"add ip, ip, 12, 20",0
"ldr pc, [ip, 0xf04]!",0
"add ip, pc, 0, 12",0
"add ip, ip, 12, 20",0
"ldr pc, [ip, 0xefc]!",0
"add ip, pc, 0, 12",0
"add ip, ip, 12, 20",0
"ldr pc, [ip, 0xef4]!",0
"add ip, pc, 0, 12",0
"add ip, ip, 12, 20",0
"ldr pc, [ip, 0xeec]!",0
"add ip, pc, 0, 12",0
"add ip, ip, 12, 20",0
"ldr pc, [ip, 0xee4]!",0
"add ip, pc, 0, 12",0
"add ip, ip, 12, 20",0
"ldr pc, [ip, 0xedc]!",0
"add ip, pc, 0, 12",0
"add ip, ip, 12, 20",0
"ldr pc, [ip, 0xed4]!",0
"add ip, pc, 0, 12",0
"add ip, ip, 12, 20",0
"ldr pc, [ip, 0xecc]!",0
"add ip, pc, 0, 12",0
"add ip, ip, 12, 20",0
"ldr pc, [ip, 0xec4]!",0
"add ip, pc, 0, 12",0
"add ip, ip, 12, 20",0
"ldr pc, [ip, 0xebc]!",0
"add ip, pc, 0, 12",0
"add ip, ip, 12, 20",0
"ldr pc, [ip, 0xeb4]!",0
"add ip, pc, 0, 12",0
"add ip, ip, 12, 20",0
"ldr pc, [ip, 0xeac]!",0
"add ip, pc, 0, 12",0
"add ip, ip, 12, 20",0
"ldr pc, [ip, 0xea4]!",0
"add ip, pc, 0, 12",0
"add ip, ip, 12, 20",0
"ldr pc, [ip, 0xe9c]!",0
"add ip, pc, 0, 12",0
"add ip, ip, 12, 20",0
"ldr pc, [ip, 0xe94]!",0
"add ip, pc, 0, 12",0
"add ip, ip, 12, 20",0
"ldr pc, [ip, 0xe8c]!",0
"add ip, pc, 0, 12",0
"add ip, ip, 12, 20",0
"ldr pc, [ip, 0xe84]!",0
"add ip, pc, 0, 12",0
"add ip, ip, 12, 20",0
"ldr pc, [ip, 0xe7c]!",0
"add ip, pc, 0, 12",0
"add ip, ip, 12, 20",0
"ldr pc, [ip, 0xe74]!",0
"add ip, pc, 0, 12",0
"add ip, ip, 12, 20",0
"ldr pc, [ip, 0xe6c]!",0
"add ip, pc, 0, 12",0
"add ip, ip, 12, 20",0
"ldr pc, [ip, 0xe64]!",0
"add ip, pc, 0, 12",0
"add ip, ip, 12, 20",0
"ldr pc, [ip, 0xe5c]!",0
"add ip, pc, 0, 12",0
"add ip, ip, 12, 20",0
"ldr pc, [ip, 0xe54]!",0
"add ip, pc, 0, 12",0
"add ip, ip, 12, 20",0
"ldr pc, [ip, 0xe4c]!",0
"add ip, pc, 0, 12",0
"add ip, ip, 12, 20",0
"ldr pc, [ip, 0xe44]!",0
"add ip, pc, 0, 12",0
"add ip, ip, 12, 20",0
"ldr pc, [ip, 0xe3c]!",0
"add ip, pc, 0, 12",0
"add ip, ip, 12, 20",0
"ldr pc, [ip, 0xe34]!",0
"add ip, pc, 0, 12",0
"add ip, ip, 12, 20",0
"ldr pc, [ip, 0xe2c]!",0
"add ip, pc, 0, 12",0
"add ip, ip, 12, 20",0
"ldr pc, [ip, 0xe24]!",0
"add ip, pc, 0, 12",0
"add ip, ip, 12, 20",0
"ldr pc, [ip, 0xe1c]!",0
"add ip, pc, 0, 12",0
"add ip, ip, 12, 20",0
"ldr pc, [ip, 0xe14]!",0
"add ip, pc, 0, 12",0
"add ip, ip, 12, 20",0
"ldr pc, [ip, 0xe0c]!",0
"add ip, pc, 0, 12",0
"add ip, ip, 12, 20",0
"ldr pc, [ip, 0xe04]!",0
"add ip, pc, 0, 12",0
"add ip, ip, 12, 20",0
"ldr pc, [ip, 0xdfc]!",0
"add ip, pc, 0, 12",0
"add ip, ip, 12, 20",0
"ldr pc, [ip, 0xdf4]!",0
"add ip, pc, 0, 12",0
"add ip, ip, 12, 20",0
"ldr pc, [ip, 0xdec]!",0
"add ip, pc, 0, 12",0
"add ip, ip, 12, 20",0
"ldr pc, [ip, 0xde4]!",0
"add ip, pc, 0, 12",0
"add ip, ip, 12, 20",0
"ldr pc, [ip, 0xddc]!",0
"add ip, pc, 0, 12",0
"add ip, ip, 12, 20",0
"ldr pc, [ip, 0xdd4]!",0
"mov fp, 0",0
"mov lr, 0",0
pop {r1},0
"mov r2, sp",0
"str r2, [sp, -4]!",0
"str r0, [sp, -4]!",0
"ldr ip, [0x00000ed8]        ; [0xed8:4]=0xd314",0
"str ip, [sp, -4]!",0
"ldr r0, [0x00000edc]        ; [0xedc:4]=0x91c4",0
"ldr r3, [0x00000ee0]        ; [0xee0:4]=0xd2b0",0
bl 0xd88,0
bl 0xe90,0
"andeq sp, r0, r4, lsl r3",0
"andeq sb, r0, r4, asr 3",0
"strheq sp, [r0], -r0",0
"ldr r3, [0x00000f00]        ; [0xf00:4]=0xcca8",0
"ldr r2, [0x00000f04]        ; [0xf04:4]=224",0
"add r3, pc, r3",0
"ldr r2, [r3, r2]",0
"cmp r2, 0",0
bxeq lr,0
b 0xda0,0
"andeq ip, r0, r8, lsr 25",0
"andeq r0, r0, r0, ror 1",0
"push {r3, lr}",0
"ldr r0, [0x00000f34]        ; [0xf34:4]=0x15cd4",0
"ldr r3, [0x00000f38]        ; [0xf38:4]=0x15cd7",0
"rsb r3, r0, r3",0
"cmp r3, 6",0
"popls {r3, pc}",0
"ldr r3, [0x00000f3c]        ; [0xf3c:4]=0",0
"cmp r3, 0",0
"popeq {r3, pc}",0
blx r3,0
"pop {r3, pc}",0
"ldrdeq r5, r6, [r1], -r4",0
"ldrdeq r5, r6, [r1], -r7",0
"andeq r0, r0, r0",0
"ldr r0, [0x00000f74]        ; [0xf74:4]=0x15cd4",0
"ldr r1, [0x00000f78]        ; [0xf78:4]=0x15cd4",0
"push {r3, lr}",0
"rsb r1, r0, r1",0
"asr r1, r1, 2",0
"add r1, r1, r1, lsr 31",0
"asrs r1, r1, 1",0
"popeq {r3, pc}",0
"ldr r3, [0x00000f7c]        ; [0xf7c:4]=0",0
"cmp r3, 0",0
"popeq {r3, pc}",0
blx r3,0
"pop {r3, pc}",0
"ldrdeq r5, r6, [r1], -r4",0
"ldrdeq r5, r6, [r1], -r4",0
"andeq r0, r0, r0",0
"push {r4, lr}",0
"ldr r4, [0x00000fa4]        ; [0xfa4:4]=0x15cfc",0
"ldrb r3, [r4]",0
"cmp r3, 0",0
"popne {r4, pc}",0
bl 0xf08,0
"mov r3, 1",0
"strb r3, [r4]",0
"pop {r4, pc}",0
"strdeq r5, r6, [r1], -ip",0
"ldr r0, [0x00000fd4]        ; [0xfd4:4]=0x15ab0",0
"push {r3, lr}",0
"ldr r3, [r0]",0
"cmp r3, 0",0
beq 0xfcc,0
"ldr r3, [0x00000fd8]        ; [0xfd8:4]=0",0
"cmp r3, 0",0
beq 0xfcc,0
blx r3,0
"pop {r3, lr}",0
b 0xf40,0
"strheq r5, [r1], -r0",0
"andeq r0, r0, r0",0
"push {r4, fp, lr}",0
"add fp, sp, 8",0
"sub sp, sp, 0xc",0
"ldr r0, [0x0000109c]        ; [0x109c:4]=0xd350",0
bl 0xdd0,0
"mov r3, r0",0
"mov r0, r3",0
"ldr r1, [0x000010a0]        ; [0x10a0:4]=0xd368",0
"ldr r2, [0x000010a4]        ; [0x10a4:4]=0xd378",0
bl 0xc74,0
"mov r0, 5",0
"mov r1, 0",0
bl 0xe54,0
"str r0, [fp, -0x10]",0
"ldr r3, [fp, -0x10]",0
"cmp r3, 0",0
beq 0x1068,0
"ldr r0, [fp, -0x10]",0
"ldr r1, [0x000010a8]        ; [0x10a8:4]=0xd3a0",0
"mov r2, 3",0
bl 0xe84,0
"mov r3, r0",0
"cmp r3, 0",0
beq 0x1068,0
"ldr r0, [0x000010ac]        ; [0x10ac:4]=0xd3a4",0
bl 0xdd0,0
"mov r4, r0",0
"ldr r3, [0x000010b0]        ; [0x10b0:4]=0x15d08",0
"ldr r3, [r3]",0
"mov r0, r3",0
bl 0x14d8,0
"mov r3, r0",0
"mov r0, r4",0
"mov r1, r3",0
bl 0xc74,0
"ldr r0, [0x000010b4]        ; [0x10b4:4]=0xd3ec",0
bl 0xdd0,0
"mov r4, r0",0
"ldr r3, [0x000010b0]        ; [0x10b0:4]=0x15d08",0
"ldr r3, [r3]",0
"mov r0, r3",0
bl 0x14d8,0
"mov r3, r0",0
"mov r0, r4",0
"mov r1, r3",0
bl 0xc74,0
"sub sp, fp, 8",0
"pop {r4, fp, pc}",0
"andeq sp, r0, r0, asr r3",0
"andeq sp, r0, r8, ror 6",0
"andeq sp, r0, r8, ror r3",0
"andeq sp, r0, r0, lsr 7",0
"andeq sp, r0, r4, lsr 7",0
"andeq r5, r1, r8, lsl 26",0
"andeq sp, r0, ip, ror 7",0
"push {r3, r4, fp, lr}",0
"add fp, sp, 0xc",0
"ldr r3, [0x000010f0]        ; [0x10f0:4]=0x15cf0",0
"ldr r4, [r3]",0
"ldr r0, [0x000010f4]        ; [0x10f4:4]=0xd430",0
bl 0xdd0,0
"mov r2, r0",0
"ldr r3, [0x000010f8]        ; [0x10f8:4]=0x15d08",0
"ldr r3, [r3]",0
"mov r0, r4",0
"mov r1, r2",0
"mov r2, r3",0
bl 0xde8,0
"pop {r3, r4, fp, pc}",0
"strdeq r5, r6, [r1], -r0",0
"andeq sp, r0, r0, lsr r4",0
"andeq r5, r1, r8, lsl 26",0
"push {fp, lr}",0
"add fp, sp, 4",0
"sub sp, sp, 8",0
"str r0, [fp, -8]",0
"ldr r3, [fp, -8]",0
"cmp r3, 0",0
beq 0x1120,0
bl 0x10b8,0
b 0x11a4,0
"ldr r0, [0x000011ac]        ; [0x11ac:4]=0xd458",0
bl 0xdd0,0
"mov r2, r0",0
"ldr r3, [0x000011b0]        ; [0x11b0:4]=0x15d08",0
"ldr r3, [r3]",0
"mov r0, r2",0
"mov r1, r3",0
bl 0xc74,0
"ldr r0, [0x000011b4]        ; [0x11b4:4]=0xd46c",0
bl 0xdd0,0
"mov r2, r0",0
"ldr r3, [0x000011b8]        ; [0x11b8:4]=0x15cf4",0
"ldr r3, [r3]",0
"mov r0, r2",0
"mov r1, r3",0
bl 0xc44,0
"ldr r0, [0x000011bc]        ; [0x11bc:4]=0xd494",0
bl 0xdd0,0
"mov r2, r0",0
"ldr r3, [0x000011b8]        ; [0x11b8:4]=0x15cf4",0
"ldr r3, [r3]",0
"mov r0, r2",0
"mov r1, r3",0
bl 0xc44,0
"ldr r0, [0x000011c0]        ; [0x11c0:4]=0xd4c4",0
bl 0xdd0,0
"mov r2, r0",0
"ldr r3, [0x000011b8]        ; [0x11b8:4]=0x15cf4",0
"ldr r3, [r3]",0
"mov r0, r2",0
"mov r1, r3",0
bl 0xc44,0
bl 0xfdc,0
"ldr r0, [fp, -8]",0
bl 0xdc4,0
"andeq sp, r0, r8, asr r4",0
"andeq r5, r1, r8, lsl 26",0
"andeq sp, r0, ip, ror 8",0
"strdeq r5, r6, [r1], -r4",0
"muleq r0, r4, r4",0
"andeq sp, r0, r4, asr 9",0
"push {r4, fp, lr}",0
"add fp, sp, 8",0
"sub sp, sp, 0x24",0
"str r0, [fp, -0x18]",0
"str r1, [fp, -0x1c]",0
"ldr r3, [fp, -0x1c]",0
"ldr r3, [r3]",0
"mov r0, r3",0
bl 0x16f4,0
"mov r0, 6",0
"ldr r1, [0x0000131c]        ; [0x131c:4]=0xd4fc",0
bl 0xe54,0
"ldr r0, [0x00001320]        ; [0x1320:4]=0xd500",0
"ldr r1, [0x00001324]        ; [0x1324:4]=0xd50c",0
bl 0xe78,0
"ldr r0, [0x00001320]        ; [0x1320:4]=0xd500",0
bl 0xce0,0
"ldr r0, [0x00001328]        ; [0x1328:4]=0x93a8",0
bl 0x5318,0
"ldr r3, [0x0000132c]        ; [0x132c:4]=0x15c8c",0
"ldr r3, [r3]",0
"str r3, [sp]",0
"ldr r3, [0x00001330]        ; [0x1330:4]=0x90fc",0
"str r3, [sp, 4]",0
"ldr r3, [0x00001334]        ; [0x1334:4]=0xd544",0
"str r3, [sp, 8]",0
"mov r3, 0",0
"str r3, [sp, 0xc]",0
"ldr r0, [fp, -0x18]",0
"ldr r1, [fp, -0x1c]",0
"ldr r2, [0x00001338]        ; [0x1338:4]=0xd53c",0
"ldr r3, [0x0000133c]        ; [0x133c:4]=0xd368",0
bl 0x15f8,0
"mov r3, 0",0
"str r3, [sp]",0
"ldr r0, [fp, -0x18]",0
"ldr r1, [fp, -0x1c]",0
"ldr r2, [0x0000131c]        ; [0x131c:4]=0xd4fc",0
"mov r3, 0",0
bl 0xdac,0
"mov r3, r0",0
"cmn r3, 1",0
beq 0x1278,0
"mov r0, 1",0
bl 0x10fc,0
"ldr r3, [0x00001340]        ; [0x1340:4]=0x15ce8",0
"ldr r2, [r3]",0
"ldr r3, [fp, -0x18]",0
"cmp r2, r3",0
bge 0x12d4,0
"ldr r0, [0x00001344]        ; [0x1344:4]=0xd554",0
bl 0xdd0,0
"mov r4, r0",0
"ldr r3, [0x00001340]        ; [0x1340:4]=0x15ce8",0
"ldr r3, [r3]",0
"lsl r3, r3, 2",0
"ldr r2, [fp, -0x1c]",0
"add r3, r2, r3",0
"ldr r3, [r3]",0
"mov r0, r3",0
bl 0x3868,0
"mov r3, r0",0
"mov r0, 0",0
"mov r1, 0",0
"mov r2, r4",0
bl 0xd4c,0
"mov r0, 1",0
bl 0x10fc,0
bl 0xc68,0
"str r0, [fp, -0x10]",0
"ldr r3, [fp, -0x10]",0
"cmp r3, 0",0
beq 0x12f8,0
"ldr r0, [fp, -0x10]",0
bl 0xd70,0
"mov r0, 0",0
bl 0xdc4,0
"ldr r0, [0x00001348]        ; [0x1348:4]=0xd568",0
bl 0xdd0,0
"mov r3, r0",0
"mov r0, 0",0
"mov r1, 0",0
"mov r2, r3",0
bl 0xd4c,0
"mov r0, 1",0
bl 0xdc4,0
"strdeq sp, lr, [r0], -ip",0
"andeq sp, r0, r0, lsl 10",0
"andeq sp, r0, ip, lsl 10",0
"andeq sb, r0, r8, lsr 7",0
"andeq r5, r1, ip, lsl 25",0
"strdeq sb, sl, [r0], -ip",0
"andeq sp, r0, r4, asr 10",0
"andeq sp, r0, ip, lsr r5",0
"andeq sp, r0, r8, ror 6",0
"andeq r5, r1, r8, ror 25",0
"andeq sp, r0, r4, asr r5",0
"andeq sp, r0, r8, ror 10",0
"str fp, [sp, -4]!",0
"add fp, sp, 0",0
"sub sp, sp, 0xc",0
"str r0, [fp, -8]",0
"ldr r3, [0x00001374]        ; [0x1374:4]=0x15d00",0
"ldr r2, [fp, -8]",0
"str r2, [r3]",0
"add sp, fp, 0",0
"ldm sp!, {fp}",0
bx lr,0
"andeq r5, r1, r0, lsl 26",0
"str fp, [sp, -4]!",0
"add fp, sp, 0",0
"sub sp, sp, 0xc",0
"mov r3, r0",0
"strb r3, [fp, -5]",0
"ldr r3, [0x000013a4]        ; [0x13a4:4]=0x15d04",0
"ldrb r2, [fp, -5]",0
"strb r2, [r3]",0
"add sp, fp, 0",0
"ldm sp!, {fp}",0
bx lr,0
"andeq r5, r1, r4, lsl 26",0
"push {r4, fp, lr}",0
"add fp, sp, 8",0
"sub sp, sp, 0x14",0
"ldr r3, [0x000014b8]        ; [0x14b8:4]=0x15cf4",0
"ldr r3, [r3]",0
"mov r0, r3",0
bl 0x4430,0
"mov r3, r0",0
"cmp r3, 0",0
beq 0x1484,0
"ldr r3, [0x000014bc]        ; [0x14bc:4]=0x15d04",0
"ldrb r3, [r3]",0
"eor r3, r3, 1",0
"and r3, r3, 0xff",0
"cmp r3, 0",0
bne 0x13fc,0
bl 0xe00,0
"mov r3, r0",0
"ldr r3, [r3]",0
"cmp r3, 0x20",0
beq 0x1484,0
"ldr r0, [0x000014c0]        ; [0x14c0:4]=0xd580",0
bl 0xdd0,0
"str r0, [fp, -0x10]",0
"ldr r3, [0x000014c4]        ; [0x14c4:4]=0x15d00",0
"ldr r3, [r3]",0
"cmp r3, 0",0
beq 0x1454,0
bl 0xe00,0
"mov r3, r0",0
"ldr r4, [r3]",0
"ldr r3, [0x000014c4]        ; [0x14c4:4]=0x15d00",0
"ldr r3, [r3]",0
"mov r0, r3",0
bl 0x3618,0
"mov r3, r0",0
"ldr r2, [fp, -0x10]",0
"str r2, [sp]",0
"mov r0, 0",0
"mov r1, r4",0
"ldr r2, [0x000014c8]        ; [0x14c8:4]=0xd58c",0
bl 0xd4c,0
b 0x1474,0
bl 0xe00,0
"mov r3, r0",0
"ldr r3, [r3]",0
"mov r0, 0",0
"mov r1, r3",0
"ldr r2, [0x000014cc]        ; [0x14cc:4]=0xd594",0
"ldr r3, [fp, -0x10]",0
bl 0xd4c,0
"ldr r3, [0x000014d0]        ; [0x14d0:4]=0x15c90",0
"ldr r3, [r3]",0
"mov r0, r3",0
bl 0xc98,0
"ldr r3, [0x000014d4]        ; [0x14d4:4]=0x15cf0",0
"ldr r3, [r3]",0
"mov r0, r3",0
bl 0x4430,0
"mov r3, r0",0
"cmp r3, 0",0
beq 0x14b0,0
"ldr r3, [0x000014d0]        ; [0x14d0:4]=0x15c90",0
"ldr r3, [r3]",0
"mov r0, r3",0
bl 0xc98,0
"sub sp, fp, 8",0
"pop {r4, fp, pc}",0
"strdeq r5, r6, [r1], -r4",0
"andeq r5, r1, r4, lsl 26",0
"andeq sp, r0, r0, lsl 11",0
"andeq r5, r1, r0, lsl 26",0
"andeq sp, r0, ip, lsl 11",0
"muleq r0, r4, r5",0
"muleq r1, r0, ip",0
"strdeq r5, r6, [r1], -r0",0
"str fp, [sp, -4]!",0
"add fp, sp, 0",0
"sub sp, sp, 0x1c",0
"str r0, [fp, -0x18]",0
"ldr r3, [fp, -0x18]",0
"str r3, [fp, -8]",0
"mov r3, 0",0
"strb r3, [fp, -0xd]",0
b 0x1508,0
"ldr r3, [fp, -8]",0
"add r3, r3, 1",0
"str r3, [fp, -8]",0
"ldr r3, [fp, -8]",0
"ldrb r3, [r3]",0
"cmp r3, 0x2f",0
beq 0x14fc,0
"ldr r3, [fp, -8]",0
"str r3, [fp, -0xc]",0
b 0x1568,0
"ldr r3, [fp, -0xc]",0
"ldrb r3, [r3]",0
"cmp r3, 0x2f",0
bne 0x1540,0
"mov r3, 1",0
"strb r3, [fp, -0xd]",0
b 0x155c,0
"ldrb r3, [fp, -0xd]",0
"cmp r3, 0",0
beq 0x155c,0
"ldr r3, [fp, -0xc]",0
"str r3, [fp, -8]",0
"mov r3, 0",0
"strb r3, [fp, -0xd]",0
"ldr r3, [fp, -0xc]",0
"add r3, r3, 1",0
"str r3, [fp, -0xc]",0
"ldr r3, [fp, -0xc]",0
"ldrb r3, [r3]",0
"cmp r3, 0",0
bne 0x1524,0
"ldr r3, [fp, -8]",0
"mov r0, r3",0
"add sp, fp, 0",0
"ldm sp!, {fp}",0
bx lr,0
"push {fp, lr}",0
"add fp, sp, 4",0
"sub sp, sp, 0x10",0
"str r0, [fp, -0x10]",0
"mov r3, 0",0
"str r3, [fp, -0xc]",0
"ldr r0, [fp, -0x10]",0
bl 0xddc,0
"str r0, [fp, -8]",0
b 0x15c0,0
"ldr r3, [fp, -8]",0
"sub r3, r3, 1",0
"str r3, [fp, -8]",0
"ldr r3, [fp, -8]",0
"cmp r3, 1",0
bls 0x15e8,0
"ldr r3, [fp, -8]",0
"sub r3, r3, 1",0
"ldr r2, [fp, -0x10]",0
"add r3, r2, r3",0
"ldrb r3, [r3]",0
"cmp r3, 0x2f",0
beq 0x15b4,0
"ldr r3, [fp, -8]",0
"mov r0, r3",0
"sub sp, fp, 4",0
"pop {fp, pc}",0
"push {fp, lr}",0
"add fp, sp, 4",0
"sub sp, sp, 0x28",0
"str r0, [fp, -0x18]",0
"str r1, [fp, -0x1c]",0
"str r2, [fp, -0x20]",0
"str r3, [fp, -0x24]",0
"ldr r3, [0x000016e0]        ; [0x16e0:4]=0x15cf8",0
"ldr r3, [r3]",0
"str r3, [fp, -8]",0
"ldr r3, [0x000016e0]        ; [0x16e0:4]=0x15cf8",0
"mov r2, 0",0
"str r2, [r3]",0
"ldr r3, [fp, -0x18]",0
"cmp r3, 2",0
bne 0x16c0,0
"mov r3, 0",0
"str r3, [sp]",0
"ldr r0, [fp, -0x18]",0
"ldr r1, [fp, -0x1c]",0
"ldr r2, [0x000016e4]        ; [0x16e4:4]=0xd5d8",0
"ldr r3, [0x000016e8]        ; [0x16e8:4]=0xd5a8",0
bl 0xdac,0
"str r0, [fp, -0xc]",0
"ldr r3, [fp, -0xc]",0
"cmn r3, 1",0
beq 0x16c0,0
"ldr r3, [fp, -0xc]",0
"cmp r3, 0x68",0
beq 0x167c,0
"cmp r3, 0x76",0
beq 0x1688,0
b 0x16bc,0
"ldr r3, [fp, 8]",0
"mov r0, 0",0
blx r3,0
"add r3, fp, 0xc",0
"str r3, [fp, -0x10]",0
"ldr r3, [0x000016ec]        ; [0x16ec:4]=0x15cf4",0
"ldr r3, [r3]",0
"ldr r2, [fp, -0x10]",0
"str r2, [sp]",0
"mov r0, r3",0
"ldr r1, [fp, -0x20]",0
"ldr r2, [fp, -0x24]",0
"ldr r3, [fp, 4]",0
bl 0x3e0c,0
"mov r0, 0",0
bl 0xdc4,0
"mov r0, r0",0
"ldr r3, [0x000016e0]        ; [0x16e0:4]=0x15cf8",0
"ldr r2, [fp, -8]",0
"str r2, [r3]",0
"ldr r3, [0x000016f0]        ; [0x16f0:4]=0x15ce8",0
"mov r2, 0",0
"str r2, [r3]",0
"sub sp, fp, 4",0
"pop {fp, pc}",0
"strdeq r5, r6, [r1], -r8",0
"ldrdeq sp, lr, [r0], -r8",0
"andeq sp, r0, r8, lsr 11",0
"strdeq r5, r6, [r1], -r4",0
"andeq r5, r1, r8, ror 25",0
"push {fp, lr}",0
"add fp, sp, 4",0
"sub sp, sp, 0x10",0
"str r0, [fp, -0x10]",0
"ldr r3, [fp, -0x10]",0
"cmp r3, 0",0
bne 0x172c,0
"ldr r3, [0x000017f0]        ; [0x17f0:4]=0x15cf0",0
"ldr r3, [r3]",0
"ldr r0, [0x000017f4]        ; [0x17f4:4]=0xd5dc",0
"mov r1, 1",0
"mov r2, 0x37                ; '7'",0
bl 0xcf8,0
bl 0xe90,0
"ldr r0, [fp, -0x10]",0
"mov r1, 0x2f                ; '/'",0
bl 0xe60,0
"str r0, [fp, -8]",0
"ldr r3, [fp, -8]",0
"cmp r3, 0",0
beq 0x1754,0
"ldr r3, [fp, -8]",0
"add r3, r3, 1",0
b 0x1758,0
"ldr r3, [fp, -0x10]",0
"str r3, [fp, -0xc]",0
"ldr r2, [fp, -0xc]",0
"ldr r3, [fp, -0x10]",0
"rsb r3, r3, r2",0
"cmp r3, 6",0
ble 0x17d0,0
"ldr r3, [fp, -0xc]",0
"sub r3, r3, 7",0
"mov r0, r3",0
"ldr r1, [0x000017f8]        ; [0x17f8:4]=0xd614",0
"mov r2, 7",0
bl 0xe84,0
"mov r3, r0",0
"cmp r3, 0",0
bne 0x17d0,0
"ldr r3, [fp, -0xc]",0
"str r3, [fp, -0x10]",0
"ldr r0, [fp, -0xc]",0
"ldr r1, [0x000017fc]        ; [0x17fc:4]=0xd61c",0
"mov r2, 3",0
bl 0xe84,0
"mov r3, r0",0
"cmp r3, 0",0
bne 0x17d0,0
"ldr r3, [fp, -0xc]",0
"add r3, r3, 3",0
"str r3, [fp, -0x10]",0
"ldr r3, [0x00001800]        ; [0x1800:4]=0x15cd8",0
"ldr r2, [fp, -0x10]",0
"str r2, [r3]",0
"ldr r3, [0x00001804]        ; [0x1804:4]=0x15d08",0
"ldr r2, [fp, -0x10]",0
"str r2, [r3]",0
"ldr r3, [0x00001808]        ; [0x1808:4]=0x15ce0",0
"ldr r2, [fp, -0x10]",0
"str r2, [r3]",0
"sub sp, fp, 4",0
"pop {fp, pc}",0
"strdeq r5, r6, [r1], -r0",0
"ldrdeq sp, lr, [r0], -ip",0
"andeq sp, r0, r4, lsl r6",0
"andeq sp, r0, ip, lsl r6",0
"ldrdeq r5, r6, [r1], -r8",0
"andeq r5, r1, r8, lsl 26",0
"andeq r5, r1, r0, ror 25",0
"push {fp, lr}",0
"add fp, sp, 4",0
"sub sp, sp, 0x10",0
"str r0, [fp, -0x10]",0
bl 0xe00,0
"mov r3, r0",0
"ldr r3, [r3]",0
"str r3, [fp, -8]",0
"ldr r3, [fp, -0x10]",0
"cmp r3, 0",0
beq 0x1840,0
"ldr r3, [fp, -0x10]",0
b 0x1844,0
"ldr r3, [0x00001878]        ; [0x1878:4]=0x15d0c",0
"mov r0, r3",0
"mov r1, 0x30                ; '0'",0
bl 0x42e0,0
"mov r3, r0",0
"str r3, [fp, -0xc]",0
bl 0xe00,0
"mov r3, r0",0
"ldr r2, [fp, -8]",0
"str r2, [r3]",0
"ldr r3, [fp, -0xc]",0
"mov r0, r3",0
"sub sp, fp, 4",0
"pop {fp, pc}",0
"andeq r5, r1, ip, lsl 26",0
"str fp, [sp, -4]!",0
"add fp, sp, 0",0
"sub sp, sp, 0xc",0
"str r0, [fp, -8]",0
"ldr r3, [fp, -8]",0
"cmp r3, 0",0
beq 0x18a0,0
"ldr r3, [fp, -8]",0
b 0x18a4,0
"ldr r3, [0x000018b8]        ; [0x18b8:4]=0x15d0c",0
"ldr r3, [r3]",0
"mov r0, r3",0
"add sp, fp, 0",0
"ldm sp!, {fp}",0
bx lr,0
"andeq r5, r1, ip, lsl 26",0
"str fp, [sp, -4]!",0
"add fp, sp, 0",0
"sub sp, sp, 0xc",0
"str r0, [fp, -8]",0
"str r1, [fp, -0xc]",0
"ldr r3, [fp, -8]",0
"cmp r3, 0",0
beq 0x18e4,0
"ldr r3, [fp, -8]",0
b 0x18e8,0
"ldr r3, [0x000018fc]        ; [0x18fc:4]=0x15d0c",0
"ldr r2, [fp, -0xc]",0
"str r2, [r3]",0
"add sp, fp, 0",0
"ldm sp!, {fp}",0
bx lr,0
"andeq r5, r1, ip, lsl 26",0
"str fp, [sp, -4]!",0
"add fp, sp, 0",0
"sub sp, sp, 0x24",0
"str r0, [fp, -0x18]",0
"mov r3, r1",0
"str r2, [fp, -0x20]",0
"strb r3, [fp, -0x19]",0
"ldrb r3, [fp, -0x19]",0
"strb r3, [fp, -5]",0
"ldr r3, [fp, -0x18]",0
"cmp r3, 0",0
beq 0x1938,0
"ldr r3, [fp, -0x18]",0
b 0x193c,0
"ldr r3, [0x000019bc]        ; [0x19bc:4]=0x15d0c",0
"ldrb r2, [fp, -5]",0
"lsr r2, r2, 5",0
"and r2, r2, 0xff",0
"add r2, r2, 2",0
"lsl r2, r2, 2",0
"add r3, r3, r2",0
"str r3, [fp, -0xc]",0
"ldrb r3, [fp, -5]",0
"and r3, r3, 0x1f",0
"str r3, [fp, -0x10]",0
"ldr r3, [fp, -0xc]",0
"ldr r2, [r3]",0
"ldr r3, [fp, -0x10]",0
"lsr r3, r2, r3",0
"and r3, r3, 1",0
"str r3, [fp, -0x14]",0
"ldr r3, [fp, -0xc]",0
"ldr r2, [r3]",0
"ldr r3, [fp, -0x20]",0
"and r1, r3, 1",0
"ldr r3, [fp, -0x14]",0
"eor r1, r1, r3",0
"ldr r3, [fp, -0x10]",0
"lsl r3, r1, r3",0
"eor r2, r2, r3",0
"ldr r3, [fp, -0xc]",0
"str r2, [r3]",0
"ldr r3, [fp, -0x14]",0
"mov r0, r3",0
"add sp, fp, 0",0
"ldm sp!, {fp}",0
bx lr,0
"andeq r5, r1, ip, lsl 26",0
"str fp, [sp, -4]!",0
"add fp, sp, 0",0
"sub sp, sp, 0x14",0
"str r0, [fp, -0x10]",0
"str r1, [fp, -0x14]",0
"ldr r3, [fp, -0x10]",0
"cmp r3, 0",0
bne 0x19e8,0
"ldr r3, [0x00001a14]        ; [0x1a14:4]=0x15d0c",0
"str r3, [fp, -0x10]",0
"ldr r3, [fp, -0x10]",0
"ldr r3, [r3, 4]",0
"str r3, [fp, -8]",0
"ldr r3, [fp, -0x10]",0
"ldr r2, [fp, -0x14]",0
"str r2, [r3, 4]",0
"ldr r3, [fp, -8]",0
"mov r0, r3",0
"add sp, fp, 0",0
"ldm sp!, {fp}",0
bx lr,0
"andeq r5, r1, ip, lsl 26",0
"push {fp, lr}",0
"add fp, sp, 4",0
"sub sp, sp, 0x10",0
"str r0, [fp, -8]",0
"str r1, [fp, -0xc]",0
"str r2, [fp, -0x10]",0
"ldr r3, [fp, -8]",0
"cmp r3, 0",0
bne 0x1a44,0
"ldr r3, [0x00001a8c]        ; [0x1a8c:4]=0x15d0c",0
"str r3, [fp, -8]",0
"ldr r3, [fp, -8]",0
"mov r2, 8",0
"str r2, [r3]",0
"ldr r3, [fp, -0xc]",0
"cmp r3, 0",0
beq 0x1a68,0
"ldr r3, [fp, -0x10]",0
"cmp r3, 0",0
bne 0x1a6c,0
bl 0xe90,0
"ldr r3, [fp, -8]",0
"ldr r2, [fp, -0xc]",0
"str r2, [r3, 0x28]",0
"ldr r3, [fp, -8]",0
"ldr r2, [fp, -0x10]",0
"str r2, [r3, 0x2c]",0
"sub sp, fp, 4",0
"pop {fp, pc}",0
"andeq r5, r1, ip, lsl 26",0
"push {r4, fp, lr}",0
"add fp, sp, 8",0
"sub sp, sp, 0x3c",0
"str r0, [fp, -0x40]",0
"str r1, [fp, -0x44]",0
"sub r3, fp, 0x3c",0
"mov r2, 0",0
"str r2, [r3]",0
"add r3, r3, 4",0
"mov r2, 0",0
"str r2, [r3]",0
"add r3, r3, 4",0
"mov r2, 0",0
"str r2, [r3]",0
"add r3, r3, 4",0
"mov r2, 0",0
"str r2, [r3]",0
"add r3, r3, 4",0
"mov r2, 0",0
"str r2, [r3]",0
"add r3, r3, 4",0
"mov r2, 0",0
"str r2, [r3]",0
"add r3, r3, 4",0
"mov r2, 0",0
"str r2, [r3]",0
"add r3, r3, 4",0
"mov r2, 0",0
"str r2, [r3]",0
"add r3, r3, 4",0
"mov r2, 0",0
"str r2, [r3]",0
"add r3, r3, 4",0
"mov r2, 0",0
"str r2, [r3]",0
"add r3, r3, 4",0
"mov r2, 0",0
"str r2, [r3]",0
"add r3, r3, 4",0
"mov r2, 0",0
"str r2, [r3]",0
"add r3, r3, 4",0
"ldr r3, [fp, -0x44]",0
"cmp r3, 8",0
bne 0x1b48,0
bl 0xe90,0
"ldr r3, [fp, -0x44]",0
"str r3, [fp, -0x3c]",0
"ldr r3, [fp, -0x40]",0
"mov ip, r3",0
"sub r4, fp, 0x3c",0
"ldm r4!, {r0, r1, r2, r3}",0
"stm ip!, {r0, r1, r2, r3}",0
"ldm r4!, {r0, r1, r2, r3}",0
"stm ip!, {r0, r1, r2, r3}",0
"ldm r4, {r0, r1, r2, r3}",0
"stm ip, {r0, r1, r2, r3}",0
"ldr r0, [fp, -0x40]",0
"sub sp, fp, 8",0
"pop {r4, fp, pc}",0
"push {fp, lr}",0
"add fp, sp, 4",0
"sub sp, sp, 0x10",0
"str r0, [fp, -0x10]",0
"str r1, [fp, -0x14]",0
"ldr r0, [fp, -0x10]",0
bl 0xdd0,0
"str r0, [fp, -8]",0
"ldr r2, [fp, -8]",0
"ldr r3, [fp, -0x10]",0
"cmp r2, r3",0
beq 0x1bb8,0
"ldr r3, [fp, -8]",0
b 0x1c48,0
bl 0x4908,0
"str r0, [fp, -0xc]",0
"ldr r0, [fp, -0xc]",0
"ldr r1, [0x00001c54]        ; [0x1c54:4]=0xd6a8",0
bl 0x4398,0
"mov r3, r0",0
"cmp r3, 0",0
bne 0x1bf8,0
"ldr r3, [fp, -0x10]",0
"ldrb r3, [r3]",0
"cmp r3, 0x60",0
bne 0x1bf0,0
"ldr r3, [0x00001c58]        ; [0x1c58:4]=0xd6b0",0
b 0x1bf4,0
"ldr r3, [0x00001c5c]        ; [0x1c5c:4]=0xd6b4",0
b 0x1c48,0
"ldr r0, [fp, -0xc]",0
"ldr r1, [0x00001c60]        ; [0x1c60:4]=0xd6b8",0
bl 0x4398,0
"mov r3, r0",0
"cmp r3, 0",0
bne 0x1c30,0
"ldr r3, [fp, -0x10]",0
"ldrb r3, [r3]",0
"cmp r3, 0x60",0
bne 0x1c28,0
"ldr r3, [0x00001c64]        ; [0x1c64:4]=0xd6c0",0
b 0x1c2c,0
"ldr r3, [0x00001c68]        ; [0x1c68:4]=0xd6c4",0
b 0x1c48,0
"ldr r3, [fp, -0x14]",0
"cmp r3, 7",0
bne 0x1c44,0
"ldr r3, [0x00001c6c]        ; [0x1c6c:4]=0xd6c8",0
b 0x1c48,0
"ldr r3, [0x00001c70]        ; [0x1c70:4]=0xd6cc",0
"mov r0, r3",0
"sub sp, fp, 4",0
"pop {fp, pc}",0
"andeq sp, r0, r8, lsr 13",0
"strheq sp, [r0], -r0",0
"strheq sp, [r0], -r4",0
"strheq sp, [r0], -r8",0
"andeq sp, r0, r0, asr 13",0
"andeq sp, r0, r4, asr 13",0
"andeq sp, r0, r8, asr 13",0
"andeq sp, r0, ip, asr 13",0
"push {r4, fp, lr}",0
"add fp, sp, 8",0
"sub sp, sp, 0x6c",0
"str r0, [fp, -0x50]",0
"str r1, [fp, -0x54]",0
"str r2, [fp, -0x58]",0
"str r3, [fp, -0x5c]",0
"mov r3, 0",0
"str r3, [fp, -0x14]",0
"mov r3, 0",0
"str r3, [fp, -0x18]",0
"mov r3, 0",0
"str r3, [fp, -0x1c]",0
"mov r3, 0",0
"strb r3, [fp, -0x1d]",0
bl 0xd10,0
"mov r3, r0",0
"cmp r3, 1",0
"movne r3, 0",0
"moveq r3, 1",0
"strb r3, [fp, -0x31]",0
"ldr r3, [fp, 8]",0
"and r3, r3, 2",0
"cmp r3, 0",0
"moveq r3, 0",0
"movne r3, 1",0
"strb r3, [fp, -0x1e]",0
"ldr r3, [fp, 4]",0
"cmp r3, 8",0
"ldrls pc, [pc, r3, lsl 2]   ; [0x1cf0:4]=0x9ebc",0
b 0x1ec8,0
"strheq sb, [r0], -ip",0
"andeq sb, r0, r4, asr lr",0
"andeq sb, r0, r4, ror 28",0
"andeq sb, r0, r4, lsr 26",0
"andeq sb, r0, r4, lsl sp",0
"andeq sb, r0, r4, lsl 27",0
"muleq r0, r8, sp",0
"muleq r0, r8, sp",0
"muleq r0, r8, sp",0
"mov r3, 3",0
"str r3, [fp, 4]",0
"mov r3, 1",0
"strb r3, [fp, -0x1e]",0
"ldrb r3, [fp, -0x1e]",0
"eor r3, r3, 1",0
"and r3, r3, 0xff",0
"cmp r3, 0",0
beq 0x1d68,0
"ldr r2, [fp, -0x14]",0
"ldr r3, [fp, -0x54]",0
"cmp r2, r3",0
bhs 0x1d5c,0
"ldr r2, [fp, -0x50]",0
"ldr r3, [fp, -0x14]",0
"add r3, r2, r3",0
"mov r2, 0x22                ; '""'",0
"strb r2, [r3]",0
"ldr r3, [fp, -0x14]",0
"add r3, r3, 1",0
"str r3, [fp, -0x14]",0
"mov r3, 1",0
"strb r3, [fp, -0x1d]",0
"ldr r3, [0x00002c68]        ; [0x2c68:4]=0xd6c8",0
"str r3, [fp, -0x18]",0
"mov r3, 1",0
"str r3, [fp, -0x1c]",0
b 0x1ecc,0
"mov r3, 1",0
"strb r3, [fp, -0x1d]",0
"mov r3, 0",0
"strb r3, [fp, -0x1e]",0
b 0x1ecc,0
"ldr r3, [fp, 4]",0
"cmp r3, 8",0
beq 0x1dc4,0
"ldr r0, [0x00002c6c]        ; [0x2c6c:4]=0xd6d0",0
"ldr r1, [fp, 4]",0
bl 0x1b80,0
"str r0, [fp, 0x10]",0
"ldr r0, [0x00002c70]        ; [0x2c70:4]=0xd6cc",0
"ldr r1, [fp, 4]",0
bl 0x1b80,0
"str r0, [fp, 0x14]",0
"ldrb r3, [fp, -0x1e]",0
"eor r3, r3, 1",0
"and r3, r3, 0xff",0
"cmp r3, 0",0
beq 0x1e34,0
"ldr r3, [fp, 0x10]",0
"str r3, [fp, -0x18]",0
b 0x1e24,0
"ldr r2, [fp, -0x14]",0
"ldr r3, [fp, -0x54]",0
"cmp r2, r3",0
bhs 0x1e0c,0
"ldr r2, [fp, -0x50]",0
"ldr r3, [fp, -0x14]",0
"add r3, r2, r3",0
"ldr r2, [fp, -0x18]",0
"ldrb r2, [r2]",0
"strb r2, [r3]",0
"ldr r3, [fp, -0x14]",0
"add r3, r3, 1",0
"str r3, [fp, -0x14]",0
"ldr r3, [fp, -0x18]",0
"add r3, r3, 1",0
"str r3, [fp, -0x18]",0
"ldr r3, [fp, -0x18]",0
"ldrb r3, [r3]",0
"cmp r3, 0",0
bne 0x1de4,0
"mov r3, 1",0
"strb r3, [fp, -0x1d]",0
"ldr r3, [fp, 0x14]",0
"str r3, [fp, -0x18]",0
"ldr r0, [fp, -0x18]",0
bl 0xddc,0
"str r0, [fp, -0x1c]",0
b 0x1ecc,0
"mov r3, 2",0
"str r3, [fp, 4]",0
"mov r3, 1",0
"strb r3, [fp, -0x1e]",0
"ldrb r3, [fp, -0x1e]",0
"eor r3, r3, 1",0
"and r3, r3, 0xff",0
"cmp r3, 0",0
beq 0x1ea8,0
"ldr r2, [fp, -0x14]",0
"ldr r3, [fp, -0x54]",0
"cmp r2, r3",0
bhs 0x1e9c,0
"ldr r2, [fp, -0x50]",0
"ldr r3, [fp, -0x14]",0
"add r3, r2, r3",0
"mov r2, 0x27                ; '''",0
"strb r2, [r3]",0
"ldr r3, [fp, -0x14]",0
"add r3, r3, 1",0
"str r3, [fp, -0x14]",0
"ldr r3, [0x00002c70]        ; [0x2c70:4]=0xd6cc",0
"str r3, [fp, -0x18]",0
"mov r3, 1",0
"str r3, [fp, -0x1c]",0
b 0x1ecc,0
"mov r3, 0",0
"strb r3, [fp, -0x1e]",0
b 0x1ecc,0
bl 0xe90,0
"mov r3, 0",0
"str r3, [fp, -0x10]",0
b 0x2bd0,0
"mov r3, 0",0
"strb r3, [fp, -0x21]",0
"ldrb r3, [fp, -0x1d]",0
"cmp r3, 0",0
beq 0x1f78,0
"ldr r3, [fp, -0x1c]",0
"cmp r3, 0",0
beq 0x1f78,0
"ldr r2, [fp, -0x10]",0
"ldr r3, [fp, -0x1c]",0
"add r4, r2, r3",0
"ldr r3, [fp, -0x5c]",0
"cmn r3, 1",0
bne 0x1f30,0
"ldr r3, [fp, -0x1c]",0
"cmp r3, 1",0
bls 0x1f30,0
"ldr r0, [fp, -0x58]",0
bl 0xddc,0
"str r0, [fp, -0x5c]",0
"ldr r3, [fp, -0x5c]",0
b 0x1f34,0
"ldr r3, [fp, -0x5c]",0
"cmp r4, r3",0
bhi 0x1f78,0
"ldr r2, [fp, -0x58]",0
"ldr r3, [fp, -0x10]",0
"add r3, r2, r3",0
"mov r0, r3",0
"ldr r1, [fp, -0x18]",0
"ldr r2, [fp, -0x1c]",0
bl 0xcbc,0
"mov r3, r0",0
"cmp r3, 0",0
bne 0x1f78,0
"ldrb r3, [fp, -0x1e]",0
"cmp r3, 0",0
bne 0x2cf4,0
"mov r3, 1",0
"strb r3, [fp, -0x21]",0
"ldr r2, [fp, -0x58]",0
"ldr r3, [fp, -0x10]",0
"add r3, r2, r3",0
"ldrb r3, [r3]",0
"strb r3, [fp, -0x1f]",0
"ldrb r3, [fp, -0x1f]",0
"cmp r3, 0x7e",0
"ldrls pc, [pc, r3, lsl 2]   ; [0x1f9c:4]=0xa198",0
b 0x2628,0
"muleq r0, r8, r1",0
"andeq sl, r0, r8, lsr 12",0
"andeq sl, r0, r8, lsr 12",0
"andeq sl, r0, r8, lsr 12",0
"andeq sl, r0, r8, lsr 12",0
"andeq sl, r0, r8, lsr 12",0
"andeq sl, r0, r8, lsr 12",0
"andeq sl, r0, ip, asr r4",0
"andeq sl, r0, r8, ror 8",0
"muleq r0, r8, r4",0
"andeq sl, r0, r0, lsl 9",0
"andeq sl, r0, r4, lsr 9",0
"andeq sl, r0, r4, ror r4",0
"andeq sl, r0, ip, lsl 9",0
"andeq sl, r0, r8, lsr 12",0
"andeq sl, r0, r8, lsr 12",0
"andeq sl, r0, r8, lsr 12",0
"andeq sl, r0, r8, lsr 12",0
"andeq sl, r0, r8, lsr 12",0
"andeq sl, r0, r8, lsr 12",0
"andeq sl, r0, r8, lsr 12",0
"andeq sl, r0, r8, lsr 12",0
"andeq sl, r0, r8, lsr 12",0
"andeq sl, r0, r8, lsr 12",0
"andeq sl, r0, r8, lsr 12",0
"andeq sl, r0, r8, lsr 12",0
"andeq sl, r0, r8, lsr 12",0
"andeq sl, r0, r8, lsr 12",0
"andeq sl, r0, r8, lsr 12",0
"andeq sl, r0, r8, lsr 12",0
"andeq sl, r0, r8, lsr 12",0
"andeq sl, r0, r8, lsr 12",0
"andeq sl, r0, r0, ror 10",0
"andeq sl, r0, r0, ror 10",0
"andeq sl, r0, r0, ror 10",0
"andeq sl, r0, r4, asr r5",0
"andeq sl, r0, r0, ror 10",0
"muleq r0, r8, sl",0
"andeq sl, r0, r0, ror 10",0
"andeq sl, r0, ip, ror r5",0
"andeq sl, r0, r0, ror 10",0
"andeq sl, r0, r0, ror 10",0
"andeq sl, r0, r0, ror 10",0
"muleq r0, r8, sl",0
"muleq r0, r8, sl",0
"muleq r0, r8, sl",0
"muleq r0, r8, sl",0
"muleq r0, r8, sl",0
"muleq r0, r8, sl",0
"muleq r0, r8, sl",0
"muleq r0, r8, sl",0
"muleq r0, r8, sl",0
"muleq r0, r8, sl",0
"muleq r0, r8, sl",0
"muleq r0, r8, sl",0
"muleq r0, r8, sl",0
"muleq r0, r8, sl",0
"muleq r0, r8, sl",0
"muleq r0, r8, sl",0
"andeq sl, r0, r0, ror 10",0
"andeq sl, r0, r0, ror 10",0
"andeq sl, r0, r0, ror 10",0
"andeq sl, r0, r0, ror 10",0
"andeq sl, r0, ip, lsr 5",0
"andeq sl, r0, r8, lsr 12",0
"muleq r0, r8, sl",0
"muleq r0, r8, sl",0
"muleq r0, r8, sl",0
"muleq r0, r8, sl",0
"muleq r0, r8, sl",0
"muleq r0, r8, sl",0
"muleq r0, r8, sl",0
"muleq r0, r8, sl",0
"muleq r0, r8, sl",0
"muleq r0, r8, sl",0
"muleq r0, r8, sl",0
"muleq r0, r8, sl",0
"muleq r0, r8, sl",0
"muleq r0, r8, sl",0
"muleq r0, r8, sl",0
"muleq r0, r8, sl",0
"muleq r0, r8, sl",0
"muleq r0, r8, sl",0
"muleq r0, r8, sl",0
"muleq r0, r8, sl",0
"muleq r0, r8, sl",0
"muleq r0, r8, sl",0
"muleq r0, r8, sl",0
"muleq r0, r8, sl",0
"muleq r0, r8, sl",0
"muleq r0, r8, sl",0
"andeq sl, r0, r0, ror 10",0
"strheq sl, [r0], -r0",0
"muleq r0, r8, sl",0
"andeq sl, r0, r0, ror 10",0
"muleq r0, r8, sl",0
"andeq sl, r0, r0, ror 10",0
"muleq r0, r8, sl",0
"muleq r0, r8, sl",0
"muleq r0, r8, sl",0
"muleq r0, r8, sl",0
"muleq r0, r8, sl",0
"muleq r0, r8, sl",0
"muleq r0, r8, sl",0
"muleq r0, r8, sl",0
"muleq r0, r8, sl",0
"muleq r0, r8, sl",0
"muleq r0, r8, sl",0
"muleq r0, r8, sl",0
"muleq r0, r8, sl",0
"muleq r0, r8, sl",0
"muleq r0, r8, sl",0
"muleq r0, r8, sl",0
"muleq r0, r8, sl",0
"muleq r0, r8, sl",0
"muleq r0, r8, sl",0
"muleq r0, r8, sl",0
"muleq r0, r8, sl",0
"muleq r0, r8, sl",0
"muleq r0, r8, sl",0
"muleq r0, r8, sl",0
"muleq r0, r8, sl",0
"muleq r0, r8, sl",0
"andeq sl, r0, ip, lsl 10",0
"andeq sl, r0, r0, ror 10",0
"andeq sl, r0, ip, lsl 10",0
"andeq sl, r0, r4, asr r5",0
"ldrb r3, [fp, -0x1d]",0
"cmp r3, 0",0
beq 0x2298,0
"ldrb r3, [fp, -0x1e]",0
"cmp r3, 0",0
bne 0x2cfc,0
"ldr r2, [fp, -0x14]",0
"ldr r3, [fp, -0x54]",0
"cmp r2, r3",0
bhs 0x21d4,0
"ldr r2, [fp, -0x50]",0
"ldr r3, [fp, -0x14]",0
"add r3, r2, r3",0
"mov r2, 0x5c                ; '\'",0
"strb r2, [r3]",0
"ldr r3, [fp, -0x14]",0
"add r3, r3, 1",0
"str r3, [fp, -0x14]",0
"ldr r3, [fp, -0x10]",0
"add r2, r3, 1",0
"ldr r3, [fp, -0x5c]",0
"cmp r2, r3",0
bhs 0x228c,0
"ldr r3, [fp, -0x10]",0
"add r3, r3, 1",0
"ldr r2, [fp, -0x58]",0
"add r3, r2, r3",0
"ldrb r3, [r3]",0
"cmp r3, 0x2f",0
bls 0x228c,0
"ldr r3, [fp, -0x10]",0
"add r3, r3, 1",0
"ldr r2, [fp, -0x58]",0
"add r3, r2, r3",0
"ldrb r3, [r3]",0
"cmp r3, 0x39",0
bhi 0x228c,0
"ldr r2, [fp, -0x14]",0
"ldr r3, [fp, -0x54]",0
"cmp r2, r3",0
bhs 0x2250,0
"ldr r2, [fp, -0x50]",0
"ldr r3, [fp, -0x14]",0
"add r3, r2, r3",0
"mov r2, 0x30                ; '0'",0
"strb r2, [r3]",0
"ldr r3, [fp, -0x14]",0
"add r3, r3, 1",0
"str r3, [fp, -0x14]",0
"ldr r2, [fp, -0x14]",0
"ldr r3, [fp, -0x54]",0
"cmp r2, r3",0
bhs 0x2280,0
"ldr r2, [fp, -0x50]",0
"ldr r3, [fp, -0x14]",0
"add r3, r2, r3",0
"mov r2, 0x30                ; '0'",0
"strb r2, [r3]",0
"ldr r3, [fp, -0x14]",0
"add r3, r3, 1",0
"str r3, [fp, -0x14]",0
"mov r3, 0x30                ; '0'",0
"strb r3, [fp, -0x1f]",0
b 0x2aa0,0
"ldr r3, [fp, 8]",0
"and r3, r3, 1",0
"cmp r3, 0",0
beq 0x2aa0,0
b 0x2bc4,0
"ldr r3, [fp, 4]",0
"cmp r3, 2",0
beq 0x22c4,0
"cmp r3, 3",0
beq 0x22d4,0
b 0x2448,0
"ldrb r3, [fp, -0x1e]",0
"cmp r3, 0",0
beq 0x244c,0
b 0x2d30,0
"ldr r3, [fp, 8]",0
"and r3, r3, 4",0
"cmp r3, 0",0
beq 0x2454,0
"ldr r3, [fp, -0x10]",0
"add r2, r3, 2",0
"ldr r3, [fp, -0x5c]",0
"cmp r2, r3",0
bhs 0x2454,0
"ldr r3, [fp, -0x10]",0
"add r3, r3, 1",0
"ldr r2, [fp, -0x58]",0
"add r3, r2, r3",0
"ldrb r3, [r3]",0
"cmp r3, 0x3f",0
bne 0x2454,0
"ldr r3, [fp, -0x10]",0
"add r3, r3, 2",0
"ldr r2, [fp, -0x58]",0
"add r3, r2, r3",0
"ldrb r3, [r3]",0
"sub r3, r3, 0x21",0
"cmp r3, 0x1d",0
bhi 0x2440,0
"mov r2, 1",0
"lsl r2, r2, r3",0
"ldr r3, [0x00002c74]        ; [0x2c74:4]=0x380051c1",0
"and r3, r2, r3",0
"cmp r3, 0",0
beq 0x2440,0
"ldrb r3, [fp, -0x1e]",0
"cmp r3, 0",0
bne 0x2d04,0
"ldr r3, [fp, -0x10]",0
"add r3, r3, 2",0
"ldr r2, [fp, -0x58]",0
"add r3, r2, r3",0
"ldrb r3, [r3]",0
"strb r3, [fp, -0x1f]",0
"ldr r3, [fp, -0x10]",0
"add r3, r3, 2",0
"str r3, [fp, -0x10]",0
"ldr r2, [fp, -0x14]",0
"ldr r3, [fp, -0x54]",0
"cmp r2, r3",0
bhs 0x23a0,0
"ldr r2, [fp, -0x50]",0
"ldr r3, [fp, -0x14]",0
"add r3, r2, r3",0
"mov r2, 0x3f                ; '?'",0
"strb r2, [r3]",0
"ldr r3, [fp, -0x14]",0
"add r3, r3, 1",0
"str r3, [fp, -0x14]",0
"ldr r2, [fp, -0x14]",0
"ldr r3, [fp, -0x54]",0
"cmp r2, r3",0
bhs 0x23d0,0
"ldr r2, [fp, -0x50]",0
"ldr r3, [fp, -0x14]",0
"add r3, r2, r3",0
"mov r2, 0x22                ; '""'",0
"strb r2, [r3]",0
"ldr r3, [fp, -0x14]",0
"add r3, r3, 1",0
"str r3, [fp, -0x14]",0
"ldr r2, [fp, -0x14]",0
"ldr r3, [fp, -0x54]",0
"cmp r2, r3",0
bhs 0x2400,0
"ldr r2, [fp, -0x50]",0
"ldr r3, [fp, -0x14]",0
"add r3, r2, r3",0
"mov r2, 0x22                ; '""'",0
"strb r2, [r3]",0
"ldr r3, [fp, -0x14]",0
"add r3, r3, 1",0
"str r3, [fp, -0x14]",0
"ldr r2, [fp, -0x14]",0
"ldr r3, [fp, -0x54]",0
"cmp r2, r3",0
bhs 0x2430,0
"ldr r2, [fp, -0x50]",0
"ldr r3, [fp, -0x14]",0
"add r3, r2, r3",0
"mov r2, 0x3f                ; '?'",0
"strb r2, [r3]",0
"ldr r3, [fp, -0x14]",0
"add r3, r3, 1",0
"str r3, [fp, -0x14]",0
b 0x2444,0
"mov r0, r0",0
b 0x2454,0
b 0x2458,0
"mov r0, r0",0
b 0x2458,0
"mov r0, r0",0
b 0x2acc,0
"mov r3, 0x61                ; 'a'",0
"strb r3, [fp, -0x20]",0
b 0x24f4,0
"mov r3, 0x62                ; 'b'",0
"strb r3, [fp, -0x20]",0
b 0x24f4,0
"mov r3, 0x66                ; 'f'",0
"strb r3, [fp, -0x20]",0
b 0x24f4,0
"mov r3, 0x6e                ; 'n'",0
"strb r3, [fp, -0x20]",0
b 0x24dc,0
"mov r3, 0x72                ; 'r'",0
"strb r3, [fp, -0x20]",0
b 0x24dc,0
"mov r3, 0x74                ; 't'",0
"strb r3, [fp, -0x20]",0
b 0x24dc,0
"mov r3, 0x76                ; 'v'",0
"strb r3, [fp, -0x20]",0
b 0x24f4,0
"ldrb r3, [fp, -0x1f]",0
"strb r3, [fp, -0x20]",0
"ldrb r3, [fp, -0x1d]",0
"cmp r3, 0",0
beq 0x24dc,0
"ldrb r3, [fp, -0x1e]",0
"cmp r3, 0",0
beq 0x24dc,0
"ldr r3, [fp, -0x1c]",0
"cmp r3, 0",0
bne 0x2b88,0
"ldr r3, [fp, 4]",0
"cmp r3, 2",0
bne 0x24f4,0
"ldrb r3, [fp, -0x1e]",0
"cmp r3, 0",0
bne 0x2d0c,0
"ldrb r3, [fp, -0x1d]",0
"cmp r3, 0",0
beq 0x2aa8,0
"ldrb r3, [fp, -0x20]",0
"strb r3, [fp, -0x1f]",0
b 0x2b48,0
"ldr r3, [fp, -0x5c]",0
"cmn r3, 1",0
bne 0x2538,0
"ldr r3, [fp, -0x58]",0
"add r3, r3, 1",0
"ldrb r3, [r3]",0
"cmp r3, 0",0
"moveq r3, 0",0
"movne r3, 1",0
"and r3, r3, 0xff",0
b 0x254c,0
"ldr r3, [fp, -0x5c]",0
"cmp r3, 1",0
"moveq r3, 0",0
"movne r3, 1",0
"and r3, r3, 0xff",0
"cmp r3, 0",0
bne 0x2ab0,0
"ldr r3, [fp, -0x10]",0
"cmp r3, 0",0
bne 0x2ab8,0
"ldr r3, [fp, 4]",0
"cmp r3, 2",0
bne 0x2ac0,0
"ldrb r3, [fp, -0x1e]",0
"cmp r3, 0",0
beq 0x2ac0,0
b 0x2d30,0
"ldr r3, [fp, 4]",0
"cmp r3, 2",0
bne 0x2ac8,0
"ldrb r3, [fp, -0x1e]",0
"cmp r3, 0",0
bne 0x2d14,0
"ldr r2, [fp, -0x14]",0
"ldr r3, [fp, -0x54]",0
"cmp r2, r3",0
bhs 0x25b8,0
"ldr r2, [fp, -0x50]",0
"ldr r3, [fp, -0x14]",0
"add r3, r2, r3",0
"mov r2, 0x27                ; '''",0
"strb r2, [r3]",0
"ldr r3, [fp, -0x14]",0
"add r3, r3, 1",0
"str r3, [fp, -0x14]",0
"ldr r2, [fp, -0x14]",0
"ldr r3, [fp, -0x54]",0
"cmp r2, r3",0
bhs 0x25e8,0
"ldr r2, [fp, -0x50]",0
"ldr r3, [fp, -0x14]",0
"add r3, r2, r3",0
"mov r2, 0x5c                ; '\'",0
"strb r2, [r3]",0
"ldr r3, [fp, -0x14]",0
"add r3, r3, 1",0
"str r3, [fp, -0x14]",0
"ldr r2, [fp, -0x14]",0
"ldr r3, [fp, -0x54]",0
"cmp r2, r3",0
bhs 0x2618,0
"ldr r2, [fp, -0x50]",0
"ldr r3, [fp, -0x14]",0
"add r3, r2, r3",0
"mov r2, 0x27                ; '''",0
"strb r2, [r3]",0
"ldr r3, [fp, -0x14]",0
"add r3, r3, 1",0
"str r3, [fp, -0x14]",0
b 0x2ac8,0
"ldrb r3, [fp, -0x31]",0
"cmp r3, 0",0
beq 0x2670,0
"mov r3, 1",0
"str r3, [fp, -0x28]",0
bl 0xdb8,0
"mov r3, r0",0
"ldr r2, [r3]",0
"ldrb r3, [fp, -0x1f]",0
"lsl r3, r3, 1",0
"add r3, r2, r3",0
"ldrh r3, [r3]",0
"and r3, r3, 0x4000",0
"cmp r3, 0",0
"moveq r3, 0",0
"movne r3, 1",0
"strb r3, [fp, -0x29]",0
b 0x28ac,0
"sub r3, fp, 0x44",0
"mov r0, r3",0
"mov r1, 0",0
"mov r2, 8",0
bl 0xe18,0
"mov r3, 0",0
"str r3, [fp, -0x28]",0
"mov r3, 1",0
"strb r3, [fp, -0x29]",0
"ldr r3, [fp, -0x5c]",0
"cmn r3, 1",0
bne 0x26ac,0
"ldr r0, [fp, -0x58]",0
bl 0xddc,0
"str r0, [fp, -0x5c]",0
"ldr r2, [fp, -0x10]",0
"ldr r3, [fp, -0x28]",0
"add r3, r2, r3",0
"ldr r2, [fp, -0x58]",0
"add r1, r2, r3",0
"ldr r2, [fp, -0x10]",0
"ldr r3, [fp, -0x28]",0
"add r3, r2, r3",0
"ldr r2, [fp, -0x5c]",0
"rsb r2, r3, r2",0
"sub r0, fp, 0x48",0
"sub r3, fp, 0x44",0
bl 0xd40,0
"str r0, [fp, -0x38]",0
"ldr r3, [fp, -0x38]",0
"cmp r3, 0",0
beq 0x28ac,0
"ldr r3, [fp, -0x38]",0
"cmn r3, 1",0
bne 0x2708,0
"mov r3, 0",0
"strb r3, [fp, -0x29]",0
b 0x28ac,0
"ldr r3, [fp, -0x38]",0
"cmn r3, 2",0
bne 0x2768,0
"mov r3, 0",0
"strb r3, [fp, -0x29]",0
b 0x272c,0
"ldr r3, [fp, -0x28]",0
"add r3, r3, 1",0
"str r3, [fp, -0x28]",0
"ldr r2, [fp, -0x10]",0
"ldr r3, [fp, -0x28]",0
"add r2, r2, r3",0
"ldr r3, [fp, -0x5c]",0
"cmp r2, r3",0
bhs 0x28ac,0
"ldr r2, [fp, -0x10]",0
"ldr r3, [fp, -0x28]",0
"add r3, r2, r3",0
"ldr r2, [fp, -0x58]",0
"add r3, r2, r3",0
"ldrb r3, [r3]",0
"cmp r3, 0",0
bne 0x2720,0
b 0x28ac,0
"ldrb r3, [fp, -0x1e]",0
"cmp r3, 0",0
beq 0x2864,0
"ldr r3, [fp, 4]",0
"cmp r3, 2",0
bne 0x2864,0
"mov r3, 1",0
"str r3, [fp, -0x30]",0
b 0x2854,0
"ldr r2, [fp, -0x10]",0
"ldr r3, [fp, -0x28]",0
"add r2, r2, r3",0
"ldr r3, [fp, -0x30]",0
"add r3, r2, r3",0
"ldr r2, [fp, -0x58]",0
"add r3, r2, r3",0
"ldrb r3, [r3]",0
"sub r3, r3, 0x5b",0
"cmp r3, 0x21",0
"ldrls pc, [pc, r3, lsl 2]   ; [0x27bc:4]=0xad30",0
b 0x2844,0
"andeq sl, r0, r0, lsr sp",0
"andeq sl, r0, r0, lsr sp",0
"andeq sl, r0, r4, asr 16",0
"andeq sl, r0, r0, lsr sp",0
"andeq sl, r0, r4, asr 16",0
"andeq sl, r0, r0, lsr sp",0
"andeq sl, r0, r4, asr 16",0
"andeq sl, r0, r4, asr 16",0
"andeq sl, r0, r4, asr 16",0
"andeq sl, r0, r4, asr 16",0
"andeq sl, r0, r4, asr 16",0
"andeq sl, r0, r4, asr 16",0
"andeq sl, r0, r4, asr 16",0
"andeq sl, r0, r4, asr 16",0
"andeq sl, r0, r4, asr 16",0
"andeq sl, r0, r4, asr 16",0
"andeq sl, r0, r4, asr 16",0
"andeq sl, r0, r4, asr 16",0
"andeq sl, r0, r4, asr 16",0
"andeq sl, r0, r4, asr 16",0
"andeq sl, r0, r4, asr 16",0
"andeq sl, r0, r4, asr 16",0
"andeq sl, r0, r4, asr 16",0
"andeq sl, r0, r4, asr 16",0
"andeq sl, r0, r4, asr 16",0
"andeq sl, r0, r4, asr 16",0
"andeq sl, r0, r4, asr 16",0
"andeq sl, r0, r4, asr 16",0
"andeq sl, r0, r4, asr 16",0
"andeq sl, r0, r4, asr 16",0
"andeq sl, r0, r4, asr 16",0
"andeq sl, r0, r4, asr 16",0
"andeq sl, r0, r4, asr 16",0
"andeq sl, r0, r0, lsr sp",0
"mov r0, r0",0
"ldr r3, [fp, -0x30]",0
"add r3, r3, 1",0
"str r3, [fp, -0x30]",0
"ldr r2, [fp, -0x30]",0
"ldr r3, [fp, -0x38]",0
"cmp r2, r3",0
blo 0x278c,0
"ldr r3, [fp, -0x48]",0
"mov r0, r3",0
bl 0xcec,0
"mov r3, r0",0
"cmp r3, 0",0
bne 0x2884,0
"mov r3, 0",0
"strb r3, [fp, -0x29]",0
"ldr r2, [fp, -0x28]",0
"ldr r3, [fp, -0x38]",0
"add r3, r2, r3",0
"str r3, [fp, -0x28]",0
"sub r3, fp, 0x44",0
"mov r0, r3",0
bl 0xcb0,0
"mov r3, r0",0
"cmp r3, 0",0
beq 0x26ac,0
"ldr r3, [fp, -0x28]",0
"cmp r3, 1",0
bhi 0x28d8,0
"ldrb r3, [fp, -0x1d]",0
"cmp r3, 0",0
beq 0x2acc,0
"ldrb r3, [fp, -0x29]",0
"eor r3, r3, 1",0
"and r3, r3, 0xff",0
"cmp r3, 0",0
beq 0x2acc,0
"ldr r2, [fp, -0x10]",0
"ldr r3, [fp, -0x28]",0
"add r3, r2, r3",0
"str r3, [fp, -0x3c]",0
"ldrb r3, [fp, -0x1d]",0
"cmp r3, 0",0
beq 0x29e4,0
"ldrb r3, [fp, -0x29]",0
"eor r3, r3, 1",0
"and r3, r3, 0xff",0
"cmp r3, 0",0
beq 0x29e4,0
"ldrb r3, [fp, -0x1e]",0
"cmp r3, 0",0
bne 0x2d1c,0
"ldr r2, [fp, -0x14]",0
"ldr r3, [fp, -0x54]",0
"cmp r2, r3",0
bhs 0x2938,0
"ldr r2, [fp, -0x50]",0
"ldr r3, [fp, -0x14]",0
"add r3, r2, r3",0
"mov r2, 0x5c                ; '\'",0
"strb r2, [r3]",0
"ldr r3, [fp, -0x14]",0
"add r3, r3, 1",0
"str r3, [fp, -0x14]",0
"ldr r2, [fp, -0x14]",0
"ldr r3, [fp, -0x54]",0
"cmp r2, r3",0
bhs 0x2978,0
"ldr r2, [fp, -0x50]",0
"ldr r3, [fp, -0x14]",0
"add r3, r2, r3",0
"ldrb r2, [fp, -0x1f]",0
"lsr r2, r2, 6",0
"and r2, r2, 0xff",0
"add r2, r2, 0x30",0
"and r2, r2, 0xff",0
"strb r2, [r3]",0
"ldr r3, [fp, -0x14]",0
"add r3, r3, 1",0
"str r3, [fp, -0x14]",0
"ldr r2, [fp, -0x14]",0
"ldr r3, [fp, -0x54]",0
"cmp r2, r3",0
bhs 0x29c0,0
"ldr r2, [fp, -0x50]",0
"ldr r3, [fp, -0x14]",0
"add r3, r2, r3",0
"ldrb r2, [fp, -0x1f]",0
"lsr r2, r2, 3",0
"and r2, r2, 0xff",0
"and r2, r2, 7",0
"and r2, r2, 0xff",0
"add r2, r2, 0x30",0
"and r2, r2, 0xff",0
"strb r2, [r3]",0
"ldr r3, [fp, -0x14]",0
"add r3, r3, 1",0
"str r3, [fp, -0x14]",0
"ldrb r3, [fp, -0x1f]",0
"and r3, r3, 7",0
"and r3, r3, 0xff",0
"add r3, r3, 0x30",0
"strb r3, [fp, -0x1f]",0
b 0x2a28,0
"ldrb r3, [fp, -0x21]",0
"cmp r3, 0",0
beq 0x2a28,0
"ldr r2, [fp, -0x14]",0
"ldr r3, [fp, -0x54]",0
"cmp r2, r3",0
bhs 0x2a14,0
"ldr r2, [fp, -0x50]",0
"ldr r3, [fp, -0x14]",0
"add r3, r2, r3",0
"mov r2, 0x5c                ; '\'",0
"strb r2, [r3]",0
"ldr r3, [fp, -0x14]",0
"add r3, r3, 1",0
"str r3, [fp, -0x14]",0
"mov r3, 0",0
"strb r3, [fp, -0x21]",0
"ldr r3, [fp, -0x10]",0
"add r2, r3, 1",0
"ldr r3, [fp, -0x3c]",0
"cmp r2, r3",0
bhs 0x2a90,0
"ldr r2, [fp, -0x14]",0
"ldr r3, [fp, -0x54]",0
"cmp r2, r3",0
bhs 0x2a60,0
"ldr r2, [fp, -0x50]",0
"ldr r3, [fp, -0x14]",0
"add r3, r2, r3",0
"ldrb r2, [fp, -0x1f]",0
"strb r2, [r3]",0
"ldr r3, [fp, -0x14]",0
"add r3, r3, 1",0
"str r3, [fp, -0x14]",0
"ldr r3, [fp, -0x10]",0
"add r3, r3, 1",0
"str r3, [fp, -0x10]",0
"ldr r2, [fp, -0x58]",0
"ldr r3, [fp, -0x10]",0
"add r3, r2, r3",0
"ldrb r3, [r3]",0
"strb r3, [fp, -0x1f]",0
b 0x28e8,0
"mov r0, r0",0
b 0x2b94,0
"mov r0, r0",0
b 0x2acc,0
"mov r0, r0",0
b 0x2acc,0
"mov r0, r0",0
b 0x2acc,0
"mov r0, r0",0
b 0x2acc,0
"mov r0, r0",0
b 0x2acc,0
"mov r0, r0",0
b 0x2acc,0
"mov r0, r0",0
"ldrb r3, [fp, -0x1d]",0
"eor r3, r3, 1",0
"and r3, r3, 0xff",0
"cmp r3, 0",0
beq 0x2af4,0
"ldrb r3, [fp, -0x1e]",0
"eor r3, r3, 1",0
"and r3, r3, 0xff",0
"cmp r3, 0",0
bne 0x2b34,0
"ldr r3, [fp, 0xc]",0
"cmp r3, 0",0
beq 0x2b34,0
"ldrb r3, [fp, -0x1f]",0
"lsr r3, r3, 5",0
"and r3, r3, 0xff",0
"lsl r3, r3, 2",0
"ldr r2, [fp, 0xc]",0
"add r3, r2, r3",0
"ldr r2, [r3]",0
"ldrb r3, [fp, -0x1f]",0
"and r3, r3, 0x1f",0
"lsr r3, r2, r3",0
"and r3, r3, 1",0
"cmp r3, 0",0
bne 0x2b48,0
"ldrb r3, [fp, -0x21]",0
"eor r3, r3, 1",0
"and r3, r3, 0xff",0
"cmp r3, 0",0
bne 0x2b90,0
"ldrb r3, [fp, -0x1e]",0
"cmp r3, 0",0
bne 0x2d24,0
"ldr r2, [fp, -0x14]",0
"ldr r3, [fp, -0x54]",0
"cmp r2, r3",0
bhs 0x2b78,0
"ldr r2, [fp, -0x50]",0
"ldr r3, [fp, -0x14]",0
"add r3, r2, r3",0
"mov r2, 0x5c                ; '\'",0
"strb r2, [r3]",0
"ldr r3, [fp, -0x14]",0
"add r3, r3, 1",0
"str r3, [fp, -0x14]",0
b 0x2b94,0
"mov r0, r0",0
b 0x2b94,0
"mov r0, r0",0
"ldr r2, [fp, -0x14]",0
"ldr r3, [fp, -0x54]",0
"cmp r2, r3",0
bhs 0x2bb8,0
"ldr r2, [fp, -0x50]",0
"ldr r3, [fp, -0x14]",0
"add r3, r2, r3",0
"ldrb r2, [fp, -0x1f]",0
"strb r2, [r3]",0
"ldr r3, [fp, -0x14]",0
"add r3, r3, 1",0
"str r3, [fp, -0x14]",0
"ldr r3, [fp, -0x10]",0
"add r3, r3, 1",0
"str r3, [fp, -0x10]",0
"ldr r3, [fp, -0x5c]",0
"cmn r3, 1",0
bne 0x2c00,0
"ldr r2, [fp, -0x58]",0
"ldr r3, [fp, -0x10]",0
"add r3, r2, r3",0
"ldrb r3, [r3]",0
"cmp r3, 0",0
"moveq r3, 0",0
"movne r3, 1",0
"and r3, r3, 0xff",0
b 0x2c18,0
"ldr r2, [fp, -0x10]",0
"ldr r3, [fp, -0x5c]",0
"cmp r2, r3",0
"moveq r3, 0",0
"movne r3, 1",0
"and r3, r3, 0xff",0
"cmp r3, 0",0
bne 0x1ed8,0
"ldr r3, [fp, -0x14]",0
"cmp r3, 0",0
bne 0x2c44,0
"ldr r3, [fp, 4]",0
"cmp r3, 2",0
bne 0x2c44,0
"ldrb r3, [fp, -0x1e]",0
"cmp r3, 0",0
bne 0x2d2c,0
"ldr r3, [fp, -0x18]",0
"cmp r3, 0",0
beq 0x2cc8,0
"ldrb r3, [fp, -0x1e]",0
"eor r3, r3, 1",0
"and r3, r3, 0xff",0
"cmp r3, 0",0
beq 0x2cc8,0
b 0x2cb8,0
"andeq sp, r0, r8, asr 13",0
"ldrdeq sp, lr, [r0], -r0",0
"andeq sp, r0, ip, asr 13",0
"stmdalo r0, {r0, r6, r7, r8, ip, lr}",0
"ldr r2, [fp, -0x14]",0
"ldr r3, [fp, -0x54]",0
"cmp r2, r3",0
bhs 0x2ca0,0
"ldr r2, [fp, -0x50]",0
"ldr r3, [fp, -0x14]",0
"add r3, r2, r3",0
"ldr r2, [fp, -0x18]",0
"ldrb r2, [r2]",0
"strb r2, [r3]",0
"ldr r3, [fp, -0x14]",0
"add r3, r3, 1",0
"str r3, [fp, -0x14]",0
"ldr r3, [fp, -0x18]",0
"add r3, r3, 1",0
"str r3, [fp, -0x18]",0
"ldr r3, [fp, -0x18]",0
"ldrb r3, [r3]",0
"cmp r3, 0",0
bne 0x2c78,0
"ldr r2, [fp, -0x14]",0
"ldr r3, [fp, -0x54]",0
"cmp r2, r3",0
bhs 0x2cec,0
"ldr r2, [fp, -0x50]",0
"ldr r3, [fp, -0x14]",0
"add r3, r2, r3",0
"mov r2, 0",0
"strb r2, [r3]",0
"ldr r3, [fp, -0x14]",0
b 0x2d74,0
"mov r0, r0",0
b 0x2d30,0
"mov r0, r0",0
b 0x2d30,0
"mov r0, r0",0
b 0x2d30,0
"mov r0, r0",0
b 0x2d30,0
"mov r0, r0",0
b 0x2d30,0
"mov r0, r0",0
b 0x2d30,0
"mov r0, r0",0
b 0x2d30,0
"mov r0, r0",0
"ldr r3, [fp, 8]",0
"bic r3, r3, 2",0
"ldr r2, [fp, 4]",0
"str r2, [sp]",0
"str r3, [sp, 4]",0
"mov r3, 0",0
"str r3, [sp, 8]",0
"ldr r3, [fp, 0x10]",0
"str r3, [sp, 0xc]",0
"ldr r3, [fp, 0x14]",0
"str r3, [sp, 0x10]",0
"ldr r0, [fp, -0x50]",0
"ldr r1, [fp, -0x54]",0
"ldr r2, [fp, -0x58]",0
"ldr r3, [fp, -0x5c]",0
bl 0x1c74,0
"mov r3, r0",0
"mov r0, r3",0
"sub sp, fp, 8",0
"pop {r4, fp, pc}",0
"push {fp, lr}",0
"add fp, sp, 4",0
"sub sp, sp, 0x38",0
"str r0, [fp, -0x18]",0
"str r1, [fp, -0x1c]",0
"str r2, [fp, -0x20]",0
"str r3, [fp, -0x24]",0
"ldr r3, [fp, 4]",0
"cmp r3, 0",0
beq 0x2db0,0
"ldr r3, [fp, 4]",0
b 0x2db4,0
"ldr r3, [0x00002e3c]        ; [0x2e3c:4]=0x15d0c",0
"str r3, [fp, -8]",0
bl 0xe00,0
"mov r3, r0",0
"ldr r3, [r3]",0
"str r3, [fp, -0xc]",0
"ldr r3, [fp, -8]",0
"ldr ip, [r3]",0
"ldr r3, [fp, -8]",0
"ldr r0, [r3, 4]",0
"ldr r3, [fp, -8]",0
"add r1, r3, 8",0
"ldr r3, [fp, -8]",0
"ldr r2, [r3, 0x28]",0
"ldr r3, [fp, -8]",0
"ldr r3, [r3, 0x2c]",0
"str ip, [sp]",0
"str r0, [sp, 4]",0
"str r1, [sp, 8]",0
"str r2, [sp, 0xc]",0
"str r3, [sp, 0x10]",0
"ldr r0, [fp, -0x18]",0
"ldr r1, [fp, -0x1c]",0
"ldr r2, [fp, -0x20]",0
"ldr r3, [fp, -0x24]",0
bl 0x1c74,0
"str r0, [fp, -0x10]",0
bl 0xe00,0
"mov r3, r0",0
"ldr r2, [fp, -0xc]",0
"str r2, [r3]",0
"ldr r3, [fp, -0x10]",0
"mov r0, r3",0
"sub sp, fp, 4",0
"pop {fp, pc}",0
"andeq r5, r1, ip, lsl 26",0
"push {fp, lr}",0
"add fp, sp, 4",0
"sub sp, sp, 0x10",0
"str r0, [fp, -8]",0
"str r1, [fp, -0xc]",0
"str r2, [fp, -0x10]",0
"ldr r0, [fp, -8]",0
"ldr r1, [fp, -0xc]",0
"mov r2, 0",0
"ldr r3, [fp, -0x10]",0
bl 0x2e7c,0
"mov r3, r0",0
"mov r0, r3",0
"sub sp, fp, 4",0
"pop {fp, pc}",0
"push {fp, lr}",0
"add fp, sp, 4",0
"sub sp, sp, 0x40",0
"str r0, [fp, -0x20]",0
"str r1, [fp, -0x24]",0
"str r2, [fp, -0x28]",0
"str r3, [fp, -0x2c]",0
"ldr r3, [fp, -0x2c]",0
"cmp r3, 0",0
beq 0x2eac,0
"ldr r3, [fp, -0x2c]",0
b 0x2eb0,0
"ldr r3, [0x00002fd8]        ; [0x2fd8:4]=0x15d0c",0
"str r3, [fp, -8]",0
bl 0xe00,0
"mov r3, r0",0
"ldr r3, [r3]",0
"str r3, [fp, -0xc]",0
"ldr r3, [fp, -8]",0
"ldr r2, [r3, 4]",0
"ldr r3, [fp, -0x28]",0
"cmp r3, 0",0
"movne r3, 0",0
"moveq r3, 1",0
"and r3, r3, 0xff",0
"orr r3, r2, r3",0
"str r3, [fp, -0x10]",0
"ldr r3, [fp, -8]",0
"ldr r0, [r3]",0
"ldr r3, [fp, -8]",0
"add r1, r3, 8",0
"ldr r3, [fp, -8]",0
"ldr r2, [r3, 0x28]",0
"ldr r3, [fp, -8]",0
"ldr r3, [r3, 0x2c]",0
"str r0, [sp]",0
"ldr r0, [fp, -0x10]",0
"str r0, [sp, 4]",0
"str r1, [sp, 8]",0
"str r2, [sp, 0xc]",0
"str r3, [sp, 0x10]",0
"mov r0, 0",0
"mov r1, 0",0
"ldr r2, [fp, -0x20]",0
"ldr r3, [fp, -0x24]",0
bl 0x1c74,0
"mov r3, r0",0
"add r3, r3, 1",0
"str r3, [fp, -0x14]",0
"ldr r0, [fp, -0x14]",0
bl 0x413c,0
"mov r3, r0",0
"str r3, [fp, -0x18]",0
"ldr r3, [fp, -8]",0
"ldr r0, [r3]",0
"ldr r3, [fp, -8]",0
"add r1, r3, 8",0
"ldr r3, [fp, -8]",0
"ldr r2, [r3, 0x28]",0
"ldr r3, [fp, -8]",0
"ldr r3, [r3, 0x2c]",0
"str r0, [sp]",0
"ldr r0, [fp, -0x10]",0
"str r0, [sp, 4]",0
"str r1, [sp, 8]",0
"str r2, [sp, 0xc]",0
"str r3, [sp, 0x10]",0
"ldr r0, [fp, -0x18]",0
"ldr r1, [fp, -0x14]",0
"ldr r2, [fp, -0x20]",0
"ldr r3, [fp, -0x24]",0
bl 0x1c74,0
bl 0xe00,0
"mov r3, r0",0
"ldr r2, [fp, -0xc]",0
"str r2, [r3]",0
"ldr r3, [fp, -0x28]",0
"cmp r3, 0",0
beq 0x2fc8,0
"ldr r3, [fp, -0x14]",0
"sub r2, r3, 1",0
"ldr r3, [fp, -0x28]",0
"str r2, [r3]",0
"ldr r3, [fp, -0x18]",0
"mov r0, r3",0
"sub sp, fp, 4",0
"pop {fp, pc}",0
"andeq r5, r1, ip, lsl 26",0
"push {fp, lr}",0
"add fp, sp, 4",0
"sub sp, sp, 8",0
"ldr r3, [0x000030b0]        ; [0x30b0:4]=0x15ca0",0
"ldr r3, [r3]",0
"str r3, [fp, -0xc]",0
"mov r3, 1",0
"str r3, [fp, -8]",0
b 0x3028,0
"ldr r3, [fp, -8]",0
"lsl r3, r3, 3",0
"ldr r2, [fp, -0xc]",0
"add r3, r2, r3",0
"ldr r3, [r3, 4]",0
"mov r0, r3",0
bl 0xc8c,0
"ldr r3, [fp, -8]",0
"add r3, r3, 1",0
"str r3, [fp, -8]",0
"ldr r3, [0x000030b4]        ; [0x30b4:4]=0x15c94",0
"ldr r3, [r3]",0
"ldr r2, [fp, -8]",0
"cmp r2, r3",0
blo 0x3000,0
"ldr r3, [fp, -0xc]",0
"ldr r2, [r3, 4]",0
"ldr r3, [0x000030b8]        ; [0x30b8:4]=0x15d3c",0
"cmp r2, r3",0
beq 0x3078,0
"ldr r3, [fp, -0xc]",0
"ldr r3, [r3, 4]",0
"mov r0, r3",0
bl 0xc8c,0
"ldr r3, [0x000030bc]        ; [0x30bc:4]=0x15c98",0
"mov r2, 0x100",0
"str r2, [r3]",0
"ldr r3, [0x000030bc]        ; [0x30bc:4]=0x15c98",0
"ldr r2, [0x000030b8]        ; [0x30b8:4]=0x15d3c",0
"str r2, [r3, 4]",0
"ldr r2, [fp, -0xc]",0
"ldr r3, [0x000030bc]        ; [0x30bc:4]=0x15c98",0
"cmp r2, r3",0
beq 0x309c,0
"ldr r0, [fp, -0xc]",0
bl 0xc8c,0
"ldr r3, [0x000030b0]        ; [0x30b0:4]=0x15ca0",0
"ldr r2, [0x000030bc]        ; [0x30bc:4]=0x15c98",0
"str r2, [r3]",0
"ldr r3, [0x000030b4]        ; [0x30b4:4]=0x15c94",0
"mov r2, 1",0
"str r2, [r3]",0
"sub sp, fp, 4",0
"pop {fp, pc}",0
"andeq r5, r1, r0, lsr 25",0
"muleq r1, r4, ip",0
"andeq r5, r1, ip, lsr sp",0
"muleq r1, r8, ip",0
"push {r4, fp, lr}",0
"add fp, sp, 8",0
"sub sp, sp, 0x54",0
"str r0, [fp, -0x38]",0
"str r1, [fp, -0x3c]",0
"str r2, [fp, -0x40]",0
"str r3, [fp, -0x44]",0
bl 0xe00,0
"mov r3, r0",0
"ldr r3, [r3]",0
"str r3, [fp, -0x18]",0
"ldr r3, [fp, -0x38]",0
"str r3, [fp, -0x1c]",0
"ldr r3, [0x00003364]        ; [0x3364:4]=0x15ca0",0
"ldr r3, [r3]",0
"str r3, [fp, -0x10]",0
"ldr r3, [fp, -0x38]",0
"cmp r3, 0",0
bge 0x3110,0
bl 0xe90,0
"ldr r3, [0x00003368]        ; [0x3368:4]=0x15c94",0
"ldr r2, [r3]",0
"ldr r3, [fp, -0x1c]",0
"cmp r2, r3",0
bhi 0x31f4,0
"ldr r3, [fp, -0x1c]",0
"add r3, r3, 1",0
"str r3, [fp, -0x20]",0
"ldr r2, [fp, -0x10]",0
"ldr r3, [0x0000336c]        ; [0x336c:4]=0x15c98",0
"cmp r2, r3",0
"movne r3, 0",0
"moveq r3, 1",0
"strb r3, [fp, -0x21]",0
"ldr r3, [fp, -0x20]",0
"cmn r3, 0xe0000001",0
bls 0x3158,0
bl 0x435c,0
"ldrb r3, [fp, -0x21]",0
"cmp r3, 0",0
beq 0x316c,0
"mov r3, 0",0
b 0x3170,0
"ldr r3, [fp, -0x10]",0
"ldr r2, [fp, -0x20]",0
"lsl r2, r2, 3",0
"mov r0, r3",0
"mov r1, r2",0
bl 0x41b0,0
"str r0, [fp, -0x10]",0
"ldr r3, [0x00003364]        ; [0x3364:4]=0x15ca0",0
"ldr r2, [fp, -0x10]",0
"str r2, [r3]",0
"ldrb r3, [fp, -0x21]",0
"cmp r3, 0",0
beq 0x31b0,0
"ldr r3, [fp, -0x10]",0
"ldr r2, [0x0000336c]        ; [0x336c:4]=0x15c98",0
"ldm r2, {r0, r1}",0
"stm r3, {r0, r1}",0
"ldr r3, [0x00003368]        ; [0x3368:4]=0x15c94",0
"ldr r3, [r3]",0
"lsl r3, r3, 3",0
"ldr r2, [fp, -0x10]",0
"add r2, r2, r3",0
"ldr r3, [0x00003368]        ; [0x3368:4]=0x15c94",0
"ldr r3, [r3]",0
"ldr r1, [fp, -0x20]",0
"rsb r3, r3, r1",0
"lsl r3, r3, 3",0
"mov r0, r2",0
"mov r1, 0",0
"mov r2, r3",0
bl 0xe18,0
"ldr r3, [0x00003368]        ; [0x3368:4]=0x15c94",0
"ldr r2, [fp, -0x20]",0
"str r2, [r3]",0
"ldr r3, [fp, -0x38]",0
"lsl r3, r3, 3",0
"ldr r2, [fp, -0x10]",0
"add r3, r2, r3",0
"ldr r3, [r3]",0
"str r3, [fp, -0x28]",0
"ldr r3, [fp, -0x38]",0
"lsl r3, r3, 3",0
"ldr r2, [fp, -0x10]",0
"add r3, r2, r3",0
"ldr r3, [r3, 4]",0
"str r3, [fp, -0x14]",0
"ldr r3, [fp, -0x44]",0
"ldr r3, [r3, 4]",0
"orr r3, r3, 1",0
"str r3, [fp, -0x2c]",0
"ldr r3, [fp, -0x44]",0
"ldr r0, [r3]",0
"ldr r3, [fp, -0x44]",0
"add r1, r3, 8",0
"ldr r3, [fp, -0x44]",0
"ldr r2, [r3, 0x28]",0
"ldr r3, [fp, -0x44]",0
"ldr r3, [r3, 0x2c]",0
"str r0, [sp]",0
"ldr r0, [fp, -0x2c]",0
"str r0, [sp, 4]",0
"str r1, [sp, 8]",0
"str r2, [sp, 0xc]",0
"str r3, [sp, 0x10]",0
"ldr r0, [fp, -0x14]",0
"ldr r1, [fp, -0x28]",0
"ldr r2, [fp, -0x3c]",0
"ldr r3, [fp, -0x40]",0
bl 0x1c74,0
"str r0, [fp, -0x30]",0
"ldr r2, [fp, -0x28]",0
"ldr r3, [fp, -0x30]",0
"cmp r2, r3",0
bhi 0x3344,0
"ldr r3, [fp, -0x38]",0
"lsl r3, r3, 3",0
"ldr r2, [fp, -0x10]",0
"add r3, r2, r3",0
"ldr r2, [fp, -0x30]",0
"add r2, r2, 1",0
"str r2, [fp, -0x28]",0
"ldr r2, [fp, -0x28]",0
"str r2, [r3]",0
"ldr r2, [fp, -0x14]",0
"ldr r3, [0x00003370]        ; [0x3370:4]=0x15d3c ; ""<]\x01""",0
"cmp r2, r3",0
beq 0x32d0,0
"ldr r0, [fp, -0x14]",0
bl 0xc8c,0
"ldr r3, [fp, -0x38]",0
"lsl r3, r3, 3",0
"ldr r2, [fp, -0x10]",0
"add r4, r2, r3",0
"ldr r0, [fp, -0x28]",0
bl 0x413c,0
"mov r3, r0",0
"str r3, [fp, -0x14]",0
"ldr r3, [fp, -0x14]",0
"str r3, [r4, 4]",0
"ldr r3, [fp, -0x44]",0
"ldr r0, [r3]",0
"ldr r3, [fp, -0x44]",0
"add r1, r3, 8",0
"ldr r3, [fp, -0x44]",0
"ldr r2, [r3, 0x28]",0
"ldr r3, [fp, -0x44]",0
"ldr r3, [r3, 0x2c]",0
"str r0, [sp]",0
"ldr r0, [fp, -0x2c]",0
"str r0, [sp, 4]",0
"str r1, [sp, 8]",0
"str r2, [sp, 0xc]",0
"str r3, [sp, 0x10]",0
"ldr r0, [fp, -0x14]",0
"ldr r1, [fp, -0x28]",0
"ldr r2, [fp, -0x3c]",0
"ldr r3, [fp, -0x40]",0
bl 0x1c74,0
bl 0xe00,0
"mov r3, r0",0
"ldr r2, [fp, -0x18]",0
"str r2, [r3]",0
"ldr r3, [fp, -0x14]",0
"mov r0, r3",0
"sub sp, fp, 8",0
"pop {r4, fp, pc}",0
"andeq r5, r1, r0, lsr 25",0
"muleq r1, r4, ip",0
"muleq r1, r8, ip",0
"andeq r5, r1, ip, lsr sp",0
"push {fp, lr}",0
"add fp, sp, 4",0
"sub sp, sp, 8",0
"str r0, [fp, -8]",0
"str r1, [fp, -0xc]",0
"ldr r0, [fp, -8]",0
"ldr r1, [fp, -0xc]",0
"mvn r2, 0",0
"ldr r3, [0x000033ac]        ; [0x33ac:4]=0x15d0c",0
bl 0x30c0,0
"mov r3, r0",0
"mov r0, r3",0
"sub sp, fp, 4",0
"pop {fp, pc}",0
"andeq r5, r1, ip, lsl 26",0
"push {fp, lr}",0
"add fp, sp, 4",0
"sub sp, sp, 0x10",0
"str r0, [fp, -8]",0
"str r1, [fp, -0xc]",0
"str r2, [fp, -0x10]",0
"ldr r0, [fp, -8]",0
"ldr r1, [fp, -0xc]",0
"ldr r2, [fp, -0x10]",0
"ldr r3, [0x000033ec]        ; [0x33ec:4]=0x15d0c",0
bl 0x30c0,0
"mov r3, r0",0
"mov r0, r3",0
"sub sp, fp, 4",0
"pop {fp, pc}",0
"andeq r5, r1, ip, lsl 26",0
"push {fp, lr}",0
"add fp, sp, 4",0
"sub sp, sp, 8",0
"str r0, [fp, -8]",0
"mov r0, 0",0
"ldr r1, [fp, -8]",0
bl 0x3374,0
"mov r3, r0",0
"mov r0, r3",0
"sub sp, fp, 4",0
"pop {fp, pc}",0
"push {fp, lr}",0
"add fp, sp, 4",0
"sub sp, sp, 8",0
"str r0, [fp, -8]",0
"str r1, [fp, -0xc]",0
"mov r0, 0",0
"ldr r1, [fp, -8]",0
"ldr r2, [fp, -0xc]",0
bl 0x33b0,0
"mov r3, r0",0
"mov r0, r3",0
"sub sp, fp, 4",0
"pop {fp, pc}",0
"push {fp, lr}",0
"add fp, sp, 4",0
"sub sp, sp, 0x40",0
"str r0, [fp, -0x38]",0
"str r1, [fp, -0x3c]",0
"str r2, [fp, -0x40]",0
"sub r3, fp, 0x34",0
"mov r0, r3",0
"ldr r1, [fp, -0x3c]",0
bl 0x1a90,0
"sub r3, fp, 0x34",0
"ldr r0, [fp, -0x38]",0
"ldr r1, [fp, -0x40]",0
"mvn r2, 0",0
bl 0x30c0,0
"mov r3, r0",0
"mov r0, r3",0
"sub sp, fp, 4",0
"pop {fp, pc}",0
"push {fp, lr}",0
"add fp, sp, 4",0
"sub sp, sp, 0x40",0
"str r0, [fp, -0x38]",0
"str r1, [fp, -0x3c]",0
"str r2, [fp, -0x40]",0
"str r3, [fp, -0x44]",0
"sub r3, fp, 0x34",0
"mov r0, r3",0
"ldr r1, [fp, -0x3c]",0
bl 0x1a90,0
"sub r3, fp, 0x34",0
"ldr r0, [fp, -0x38]",0
"ldr r1, [fp, -0x40]",0
"ldr r2, [fp, -0x44]",0
bl 0x30c0,0
"mov r3, r0",0
"mov r0, r3",0
"sub sp, fp, 4",0
"pop {fp, pc}",0
"push {fp, lr}",0
"add fp, sp, 4",0
"sub sp, sp, 8",0
"str r0, [fp, -8]",0
"str r1, [fp, -0xc]",0
"mov r0, 0",0
"ldr r1, [fp, -8]",0
"ldr r2, [fp, -0xc]",0
bl 0x3450,0
"mov r3, r0",0
"mov r0, r3",0
"sub sp, fp, 4",0
"pop {fp, pc}",0
"push {fp, lr}",0
"add fp, sp, 4",0
"sub sp, sp, 0x10",0
"str r0, [fp, -8]",0
"str r1, [fp, -0xc]",0
"str r2, [fp, -0x10]",0
"mov r0, 0",0
"ldr r1, [fp, -8]",0
"ldr r2, [fp, -0xc]",0
"ldr r3, [fp, -0x10]",0
bl 0x349c,0
"mov r3, r0",0
"mov r0, r3",0
"sub sp, fp, 4",0
"pop {fp, pc}",0
"push {fp, lr}",0
"add fp, sp, 4",0
"sub sp, sp, 0x40",0
"str r0, [fp, -0x38]",0
"str r1, [fp, -0x3c]",0
"mov r3, r2",0
"strb r3, [fp, -0x3d]",0
"ldr r3, [0x000035d8]        ; [0x35d8:4]=0x15d0c",0
"sub ip, fp, 0x34",0
"mov lr, r3",0
"ldm lr!, {r0, r1, r2, r3}",0
"stm ip!, {r0, r1, r2, r3}",0
"ldm lr!, {r0, r1, r2, r3}",0
"stm ip!, {r0, r1, r2, r3}",0
"ldm lr, {r0, r1, r2, r3}",0
"stm ip, {r0, r1, r2, r3}",0
"sub r2, fp, 0x34",0
"ldrb r3, [fp, -0x3d]",0
"mov r0, r2",0
"mov r1, r3",0
"mov r2, 1",0
bl 0x1900,0
"sub r3, fp, 0x34",0
"mov r0, 0",0
"ldr r1, [fp, -0x38]",0
"ldr r2, [fp, -0x3c]",0
bl 0x30c0,0
"mov r3, r0",0
"mov r0, r3",0
"sub sp, fp, 4",0
"pop {fp, pc}",0
"andeq r5, r1, ip, lsl 26",0
"push {fp, lr}",0
"add fp, sp, 4",0
"sub sp, sp, 8",0
"str r0, [fp, -8]",0
"mov r3, r1",0
"strb r3, [fp, -9]",0
"ldrb r3, [fp, -9]",0
"ldr r0, [fp, -8]",0
"mvn r1, 0",0
"mov r2, r3",0
bl 0x355c,0
"mov r3, r0",0
"mov r0, r3",0
"sub sp, fp, 4",0
"pop {fp, pc}",0
"push {fp, lr}",0
"add fp, sp, 4",0
"sub sp, sp, 8",0
"str r0, [fp, -8]",0
"ldr r0, [fp, -8]",0
"mov r1, 0x3a                ; ':'",0
bl 0x35dc,0
"mov r3, r0",0
"mov r0, r3",0
"sub sp, fp, 4",0
"pop {fp, pc}",0
"push {fp, lr}",0
"add fp, sp, 4",0
"sub sp, sp, 8",0
"str r0, [fp, -8]",0
"str r1, [fp, -0xc]",0
"ldr r0, [fp, -8]",0
"ldr r1, [fp, -0xc]",0
"mov r2, 0x3a                ; ':'",0
bl 0x355c,0
"mov r3, r0",0
"mov r0, r3",0
"sub sp, fp, 4",0
"pop {fp, pc}",0
"push {fp, lr}",0
"add fp, sp, 4",0
"sub sp, sp, 0x18",0
"str r0, [fp, -8]",0
"str r1, [fp, -0xc]",0
"str r2, [fp, -0x10]",0
"str r3, [fp, -0x14]",0
"mvn r3, 0",0
"str r3, [sp]",0
"ldr r0, [fp, -8]",0
"ldr r1, [fp, -0xc]",0
"ldr r2, [fp, -0x10]",0
"ldr r3, [fp, -0x14]",0
bl 0x36c0,0
"mov r3, r0",0
"mov r0, r3",0
"sub sp, fp, 4",0
"pop {fp, pc}",0
"push {fp, lr}",0
"add fp, sp, 4",0
"sub sp, sp, 0x40",0
"str r0, [fp, -0x38]",0
"str r1, [fp, -0x3c]",0
"str r2, [fp, -0x40]",0
"str r3, [fp, -0x44]",0
"ldr r3, [0x00003738]        ; [0x3738:4]=0x15d0c",0
"sub ip, fp, 0x34",0
"mov lr, r3",0
"ldm lr!, {r0, r1, r2, r3}",0
"stm ip!, {r0, r1, r2, r3}",0
"ldm lr!, {r0, r1, r2, r3}",0
"stm ip!, {r0, r1, r2, r3}",0
"ldm lr, {r0, r1, r2, r3}",0
"stm ip, {r0, r1, r2, r3}",0
"sub r3, fp, 0x34",0
"mov r0, r3",0
"ldr r1, [fp, -0x3c]",0
"ldr r2, [fp, -0x40]",0
bl 0x1a18,0
"sub r3, fp, 0x34",0
"ldr r0, [fp, -0x38]",0
"ldr r1, [fp, -0x44]",0
"ldr r2, [fp, 4]",0
bl 0x30c0,0
"mov r3, r0",0
"mov r0, r3",0
"sub sp, fp, 4",0
"pop {fp, pc}",0
"andeq r5, r1, ip, lsl 26",0
"push {fp, lr}",0
"add fp, sp, 4",0
"sub sp, sp, 0x10",0
"str r0, [fp, -8]",0
"str r1, [fp, -0xc]",0
"str r2, [fp, -0x10]",0
"mov r0, 0",0
"ldr r1, [fp, -8]",0
"ldr r2, [fp, -0xc]",0
"ldr r3, [fp, -0x10]",0
bl 0x3678,0
"mov r3, r0",0
"mov r0, r3",0
"sub sp, fp, 4",0
"pop {fp, pc}",0
"push {fp, lr}",0
"add fp, sp, 4",0
"sub sp, sp, 0x18",0
"str r0, [fp, -8]",0
"str r1, [fp, -0xc]",0
"str r2, [fp, -0x10]",0
"str r3, [fp, -0x14]",0
"ldr r3, [fp, -0x14]",0
"str r3, [sp]",0
"mov r0, 0",0
"ldr r1, [fp, -8]",0
"ldr r2, [fp, -0xc]",0
"ldr r3, [fp, -0x10]",0
bl 0x36c0,0
"mov r3, r0",0
"mov r0, r3",0
"sub sp, fp, 4",0
"pop {fp, pc}",0
"push {fp, lr}",0
"add fp, sp, 4",0
"sub sp, sp, 0x10",0
"str r0, [fp, -8]",0
"str r1, [fp, -0xc]",0
"str r2, [fp, -0x10]",0
"ldr r0, [fp, -8]",0
"ldr r1, [fp, -0xc]",0
"ldr r2, [fp, -0x10]",0
"ldr r3, [0x000037fc]        ; [0x37fc:4]=0x15ca4",0
bl 0x30c0,0
"mov r3, r0",0
"mov r0, r3",0
"sub sp, fp, 4",0
"pop {fp, pc}",0
"andeq r5, r1, r4, lsr 25",0
"push {fp, lr}",0
"add fp, sp, 4",0
"sub sp, sp, 8",0
"str r0, [fp, -8]",0
"str r1, [fp, -0xc]",0
"mov r0, 0",0
"ldr r1, [fp, -8]",0
"ldr r2, [fp, -0xc]",0
bl 0x37c0,0
"mov r3, r0",0
"mov r0, r3",0
"sub sp, fp, 4",0
"pop {fp, pc}",0
"push {fp, lr}",0
"add fp, sp, 4",0
"sub sp, sp, 8",0
"str r0, [fp, -8]",0
"str r1, [fp, -0xc]",0
"ldr r0, [fp, -8]",0
"ldr r1, [fp, -0xc]",0
"mvn r2, 0",0
bl 0x37c0,0
"mov r3, r0",0
"mov r0, r3",0
"sub sp, fp, 4",0
"pop {fp, pc}",0
"push {fp, lr}",0
"add fp, sp, 4",0
"sub sp, sp, 8",0
"str r0, [fp, -8]",0
"mov r0, 0",0
"ldr r1, [fp, -8]",0
bl 0x3834,0
"mov r3, r0",0
"mov r0, r3",0
"sub sp, fp, 4",0
"pop {fp, pc}",0
"push {r4, r5, r6, r7, fp, lr}",0
"add fp, sp, 0x14",0
"sub sp, sp, 0x30",0
"str r0, [fp, -0x18]",0
"str r1, [fp, -0x1c]",0
"str r2, [fp, -0x20]",0
"str r3, [fp, -0x24]",0
"ldr r3, [fp, -0x1c]",0
"cmp r3, 0",0
beq 0x38dc,0
"ldr r3, [fp, -0x24]",0
"str r3, [sp]",0
"ldr r0, [fp, -0x18]",0
"ldr r1, [0x00003d50]        ; [0x3d50:4]=0xd6d4",0
"ldr r2, [fp, -0x1c]",0
"ldr r3, [fp, -0x20]",0
bl 0xde8,0
b 0x38f0,0
"ldr r0, [fp, -0x18]",0
"ldr r1, [0x00003d54]        ; [0x3d54:4]=0xd6e0",0
"ldr r2, [fp, -0x20]",0
"ldr r3, [fp, -0x24]",0
bl 0xde8,0
"ldr r0, [0x00003d58]        ; [0x3d58:4]=0xd6e8",0
bl 0xdd0,0
"mov r3, r0",0
"ldr r0, [fp, -0x18]",0
"ldr r1, [0x00003d5c]        ; [0x3d5c:4]=0xd9f0",0
"mov r2, r3",0
"ldr r3, [0x00003d60]        ; [0x3d60:4]=0x7dd",0
bl 0xde8,0
"ldr r0, [0x00003d64]        ; [0x3d64:4]=0xd6ec",0
bl 0xdd0,0
"mov r3, r0",0
"mov r0, r3",0
"ldr r1, [fp, -0x18]",0
bl 0xc44,0
"ldr r3, [fp, 8]",0
"cmp r3, 9",0
"ldrls pc, [pc, r3, lsl 2]   ; [0x3938:4]=0xb960 ; ""`\xb9""",0
b 0x3cac,0
"andeq fp, r0, r0, ror 18",0
"andeq fp, r0, r4, ror 18",0
"andeq fp, r0, ip, lsl 19",0
"strheq fp, [r0], -r8",0
"strdeq fp, ip, [r0], -r4",0
"andeq fp, r0, r0, asr 20",0
"muleq r0, ip, sl",0
"andeq fp, r0, r8, lsl 22",0
"andeq fp, r0, r4, lsl 23",0
"andeq fp, r0, r0, lsl ip",0
bl 0xe90,0
"ldr r0, [0x00003d68]        ; [0x3d68:4]=0xd7b8",0
bl 0xdd0,0
"mov r2, r0",0
"ldr r3, [fp, 4]",0
"ldr r3, [r3]",0
"ldr r0, [fp, -0x18]",0
"mov r1, r2",0
"mov r2, r3",0
bl 0xde8,0
b 0x3d48,0
"ldr r0, [0x00003d6c]        ; [0x3d6c:4]=0xd7c8",0
bl 0xdd0,0
"mov r1, r0",0
"ldr r3, [fp, 4]",0
"ldr r2, [r3]",0
"ldr r3, [fp, 4]",0
"add r3, r3, 4",0
"ldr r3, [r3]",0
"ldr r0, [fp, -0x18]",0
bl 0xde8,0
b 0x3d48,0
"ldr r0, [0x00003d70]        ; [0x3d70:4]=0xd7e0",0
bl 0xdd0,0
"mov r1, r0",0
"ldr r3, [fp, 4]",0
"ldr r2, [r3]",0
"ldr r3, [fp, 4]",0
"add r3, r3, 4",0
"ldr r3, [r3]",0
"ldr r0, [fp, 4]",0
"add r0, r0, 8",0
"ldr r0, [r0]",0
"str r0, [sp]",0
"ldr r0, [fp, -0x18]",0
bl 0xde8,0
b 0x3d48,0
"ldr r0, [0x00003d74]        ; [0x3d74:4]=0xd7fc",0
bl 0xdd0,0
"mov r1, r0",0
"ldr r3, [fp, 4]",0
"ldr r2, [r3]",0
"ldr r3, [fp, 4]",0
"add r3, r3, 4",0
"ldr r3, [r3]",0
"ldr r0, [fp, 4]",0
"add r0, r0, 8",0
"ldr ip, [r0]",0
"ldr r0, [fp, 4]",0
"add r0, r0, 0xc",0
"ldr r0, [r0]",0
"str ip, [sp]",0
"str r0, [sp, 4]",0
"ldr r0, [fp, -0x18]",0
bl 0xde8,0
b 0x3d48,0
"ldr r0, [0x00003d78]        ; [0x3d78:4]=0xd81c",0
bl 0xdd0,0
"mov r1, r0",0
"ldr r3, [fp, 4]",0
"ldr r2, [r3]",0
"ldr r3, [fp, 4]",0
"add r3, r3, 4",0
"ldr r3, [r3]",0
"ldr r0, [fp, 4]",0
"add r0, r0, 8",0
"ldr lr, [r0]",0
"ldr r0, [fp, 4]",0
"add r0, r0, 0xc",0
"ldr ip, [r0]",0
"ldr r0, [fp, 4]",0
"add r0, r0, 0x10",0
"ldr r0, [r0]",0
"str lr, [sp]",0
"str ip, [sp, 4]",0
"str r0, [sp, 8]",0
"ldr r0, [fp, -0x18]",0
bl 0xde8,0
b 0x3d48,0
"ldr r0, [0x00003d7c]        ; [0x3d7c:4]=0xd840 ; ""@\xd8""",0
bl 0xdd0,0
"mov r1, r0",0
"ldr r3, [fp, 4]",0
"ldr r2, [r3]",0
"ldr r3, [fp, 4]",0
"add r3, r3, 4",0
"ldr r3, [r3]",0
"ldr r0, [fp, 4]",0
"add r0, r0, 8",0
"ldr r4, [r0]",0
"ldr r0, [fp, 4]",0
"add r0, r0, 0xc",0
"ldr lr, [r0]",0
"ldr r0, [fp, 4]",0
"add r0, r0, 0x10",0
"ldr ip, [r0]",0
"ldr r0, [fp, 4]",0
"add r0, r0, 0x14",0
"ldr r0, [r0]",0
"str r4, [sp]",0
"str lr, [sp, 4]",0
"str ip, [sp, 8]",0
"str r0, [sp, 0xc]",0
"ldr r0, [fp, -0x18]",0
bl 0xde8,0
b 0x3d48,0
"ldr r0, [0x00003d80]        ; [0x3d80:4]=0xd868",0
bl 0xdd0,0
"mov r1, r0",0
"ldr r3, [fp, 4]",0
"ldr r2, [r3]",0
"ldr r3, [fp, 4]",0
"add r3, r3, 4",0
"ldr r3, [r3]",0
"ldr r0, [fp, 4]",0
"add r0, r0, 8",0
"ldr r5, [r0]",0
"ldr r0, [fp, 4]",0
"add r0, r0, 0xc",0
"ldr r4, [r0]",0
"ldr r0, [fp, 4]",0
"add r0, r0, 0x10",0
"ldr lr, [r0]",0
"ldr r0, [fp, 4]",0
"add r0, r0, 0x14",0
"ldr ip, [r0]",0
"ldr r0, [fp, 4]",0
"add r0, r0, 0x18",0
"ldr r0, [r0]",0
"str r5, [sp]",0
"str r4, [sp, 4]",0
"str lr, [sp, 8]",0
"str ip, [sp, 0xc]",0
"str r0, [sp, 0x10]",0
"ldr r0, [fp, -0x18]",0
bl 0xde8,0
b 0x3d48,0
"ldr r0, [0x00003d84]        ; [0x3d84:4]=0xd894",0
bl 0xdd0,0
"mov r1, r0",0
"ldr r3, [fp, 4]",0
"ldr r2, [r3]",0
"ldr r3, [fp, 4]",0
"add r3, r3, 4",0
"ldr r3, [r3]",0
"ldr r0, [fp, 4]",0
"add r0, r0, 8",0
"ldr r6, [r0]",0
"ldr r0, [fp, 4]",0
"add r0, r0, 0xc",0
"ldr r5, [r0]",0
"ldr r0, [fp, 4]",0
"add r0, r0, 0x10",0
"ldr r4, [r0]",0
"ldr r0, [fp, 4]",0
"add r0, r0, 0x14",0
"ldr lr, [r0]",0
"ldr r0, [fp, 4]",0
"add r0, r0, 0x18",0
"ldr ip, [r0]",0
"ldr r0, [fp, 4]",0
"add r0, r0, 0x1c",0
"ldr r0, [r0]",0
"str r6, [sp]",0
"str r5, [sp, 4]",0
"str r4, [sp, 8]",0
"str lr, [sp, 0xc]",0
"str ip, [sp, 0x10]",0
"str r0, [sp, 0x14]",0
"ldr r0, [fp, -0x18]",0
bl 0xde8,0
b 0x3d48,0
"ldr r0, [0x00003d88]        ; [0x3d88:4]=0xd8c4",0
bl 0xdd0,0
"mov r1, r0",0
"ldr r3, [fp, 4]",0
"ldr r2, [r3]",0
"ldr r3, [fp, 4]",0
"add r3, r3, 4",0
"ldr r3, [r3]",0
"ldr r0, [fp, 4]",0
"add r0, r0, 8",0
"ldr r7, [r0]",0
"ldr r0, [fp, 4]",0
"add r0, r0, 0xc",0
"ldr r6, [r0]",0
"ldr r0, [fp, 4]",0
"add r0, r0, 0x10",0
"ldr r5, [r0]",0
"ldr r0, [fp, 4]",0
"add r0, r0, 0x14",0
"ldr r4, [r0]",0
"ldr r0, [fp, 4]",0
"add r0, r0, 0x18",0
"ldr lr, [r0]",0
"ldr r0, [fp, 4]",0
"add r0, r0, 0x1c",0
"ldr ip, [r0]",0
"ldr r0, [fp, 4]",0
"add r0, r0, 0x20",0
"ldr r0, [r0]",0
"str r7, [sp]",0
"str r6, [sp, 4]",0
"str r5, [sp, 8]",0
"str r4, [sp, 0xc]",0
"str lr, [sp, 0x10]",0
"str ip, [sp, 0x14]",0
"str r0, [sp, 0x18]",0
"ldr r0, [fp, -0x18]",0
bl 0xde8,0
b 0x3d48,0
"ldr r0, [0x00003d8c]        ; [0x3d8c:4]=0xd8f8",0
bl 0xdd0,0
"mov r1, r0",0
"ldr r3, [fp, 4]",0
"ldr r2, [r3]",0
"ldr r3, [fp, 4]",0
"add r3, r3, 4",0
"ldr r3, [r3]",0
"ldr r0, [fp, 4]",0
"add r0, r0, 8",0
"ldr r7, [r0]",0
"ldr r0, [fp, 4]",0
"add r0, r0, 0xc",0
"ldr r6, [r0]",0
"ldr r0, [fp, 4]",0
"add r0, r0, 0x10",0
"ldr r5, [r0]",0
"ldr r0, [fp, 4]",0
"add r0, r0, 0x14",0
"ldr r4, [r0]",0
"ldr r0, [fp, 4]",0
"add r0, r0, 0x18",0
"ldr lr, [r0]",0
"ldr r0, [fp, 4]",0
"add r0, r0, 0x1c",0
"ldr ip, [r0]",0
"ldr r0, [fp, 4]",0
"add r0, r0, 0x20",0
"ldr r0, [r0]",0
"str r7, [sp]",0
"str r6, [sp, 4]",0
"str r5, [sp, 8]",0
"str r4, [sp, 0xc]",0
"str lr, [sp, 0x10]",0
"str ip, [sp, 0x14]",0
"str r0, [sp, 0x18]",0
"ldr r0, [fp, -0x18]",0
bl 0xde8,0
"mov r0, r0",0
"sub sp, fp, 0x14",0
"pop {r4, r5, r6, r7, fp, pc}",0
"ldrdeq sp, lr, [r0], -r4",0
"andeq sp, r0, r0, ror 13",0
"andeq sp, r0, r8, ror 13",0
"strdeq sp, lr, [r0], -r0",0
"ldrdeq r0, r1, [r0], -sp",0
"andeq sp, r0, ip, ror 13",0
"strheq sp, [r0], -r8",0
"andeq sp, r0, r8, asr 15",0
"andeq sp, r0, r0, ror 15",0
"strdeq sp, lr, [r0], -ip",0
"andeq sp, r0, ip, lsl r8",0
"andeq sp, r0, r0, asr 16",0
"andeq sp, r0, r8, ror 16",0
"muleq r0, r4, r8",0
"andeq sp, r0, r4, asr 17",0
"strdeq sp, lr, [r0], -r8",0
"push {fp, lr}",0
"add fp, sp, 4",0
"sub sp, sp, 0x20",0
"str r0, [fp, -0x10]",0
"str r1, [fp, -0x14]",0
"str r2, [fp, -0x18]",0
"str r3, [fp, -0x1c]",0
"mov r3, 0",0
"str r3, [fp, -8]",0
b 0x3dc4,0
"ldr r3, [fp, -8]",0
"add r3, r3, 1",0
"str r3, [fp, -8]",0
"ldr r3, [fp, -8]",0
"lsl r3, r3, 2",0
"ldr r2, [fp, 4]",0
"add r3, r2, r3",0
"ldr r3, [r3]",0
"cmp r3, 0",0
bne 0x3db8,0
"ldr r3, [fp, 4]",0
"str r3, [sp]",0
"ldr r3, [fp, -8]",0
"str r3, [sp, 4]",0
"ldr r0, [fp, -0x10]",0
"ldr r1, [fp, -0x14]",0
"ldr r2, [fp, -0x18]",0
"ldr r3, [fp, -0x1c]",0
bl 0x3894,0
"sub sp, fp, 4",0
"pop {fp, pc}",0
"push {fp, lr}",0
"add fp, sp, 4",0
"sub sp, sp, 0x48",0
"str r0, [fp, -0x38]",0
"str r1, [fp, -0x3c]",0
"str r2, [fp, -0x40]",0
"str r3, [fp, -0x44]",0
"mov r3, 0",0
"str r3, [fp, -8]",0
b 0x3e40,0
"ldr r3, [fp, -8]",0
"add r3, r3, 1",0
"str r3, [fp, -8]",0
"ldr r3, [fp, -8]",0
"cmp r3, 9",0
bhi 0x3e9c,0
"ldr r3, [fp, 4]",0
"add r2, r3, 4",0
"str r2, [fp, 4]",0
"ldr r2, [r3]",0
"ldr r1, [fp, -8]",0
"mvn r3, 0x2b",0
"lsl r1, r1, 2",0
"sub r0, fp, 4",0
"add r1, r0, r1",0
"add r3, r1, r3",0
"str r2, [r3]",0
"ldr r2, [fp, -8]",0
"mvn r3, 0x2b",0
"lsl r2, r2, 2",0
"sub r1, fp, 4",0
"add r2, r1, r2",0
"add r3, r2, r3",0
"ldr r3, [r3]",0
"cmp r3, 0",0
bne 0x3e34,0
"sub r3, fp, 0x30",0
"str r3, [sp]",0
"ldr r3, [fp, -8]",0
"str r3, [sp, 4]",0
"ldr r0, [fp, -0x38]",0
"ldr r1, [fp, -0x3c]",0
"ldr r2, [fp, -0x40]",0
"ldr r3, [fp, -0x44]",0
bl 0x3894,0
"sub sp, fp, 4",0
"pop {fp, pc}",0
"str r3, [sp, -4]!",0
"push {fp, lr}",0
"add fp, sp, 4",0
"sub sp, sp, 0x24",0
"str r0, [fp, -0x14]",0
"str r1, [fp, -0x18]",0
"str r2, [fp, -0x1c]",0
"add r3, fp, 8",0
"str r3, [fp, -0xc]",0
"ldr r3, [fp, -0xc]",0
"str r3, [sp]",0
"ldr r0, [fp, -0x14]",0
"ldr r1, [fp, -0x18]",0
"ldr r2, [fp, -0x1c]",0
"ldr r3, [fp, 4]",0
bl 0x3e0c,0
"sub sp, fp, 4",0
"pop {fp, lr}",0
"add sp, sp, 4",0
bx lr,0
"push {fp, lr}",0
"add fp, sp, 4",0
"ldr r0, [0x00003f78]        ; [0x3f78:4]=0xd934 ; ""4\xd9""",0
bl 0xdd0,0
"mov r3, r0",0
"mov r0, r3",0
"ldr r1, [0x00003f7c]        ; [0x3f7c:4]=0xd94c ; ""L\xd9""",0
bl 0xc74,0
"ldr r0, [0x00003f80]        ; [0x3f80:4]=0xd964",0
bl 0xdd0,0
"mov r3, r0",0
"mov r0, r3",0
"ldr r1, [0x00003f84]        ; [0x3f84:4]=0xd978",0
"ldr r2, [0x00003f88]        ; [0x3f88:4]=0xd988",0
bl 0xc74,0
"ldr r0, [0x00003f8c]        ; [0x3f8c:4]=0xd9b0",0
bl 0xdd0,0
"mov r2, r0",0
"ldr r3, [0x00003f90]        ; [0x3f90:4]=0x15cf4",0
"ldr r3, [r3]",0
"mov r0, r2",0
"mov r1, r3",0
bl 0xc44,0
"pop {fp, pc}",0
"andeq sp, r0, r4, lsr sb",0
"andeq sp, r0, ip, asr 18",0
"andeq sp, r0, r4, ror 18",0
"andeq sp, r0, r8, ror sb",0
"andeq sp, r0, r8, lsl 19",0
"strheq sp, [r0], -r0",0
"strdeq r5, r6, [r1], -r4",0
"push {fp, lr}",0
"add fp, sp, 4",0
"sub sp, sp, 8",0
"str r0, [fp, -8]",0
"str r1, [fp, -0xc]",0
"mvn r0, 0",0
"ldr r1, [fp, -0xc]",0
bl 0x51d8,0
"mov r3, r0",0
"mov r2, r3",0
"ldr r3, [fp, -8]",0
"cmp r2, r3",0
bhs 0x3fcc,0
bl 0x435c,0
"ldr r3, [fp, -8]",0
"ldr r2, [fp, -0xc]",0
"mul r3, r2, r3",0
"mov r0, r3",0
bl 0x4164,0
"mov r3, r0",0
"mov r0, r3",0
"sub sp, fp, 4",0
"pop {fp, pc}",0
"push {fp, lr}",0
"add fp, sp, 4",0
"sub sp, sp, 0x10",0
"str r0, [fp, -8]",0
"str r1, [fp, -0xc]",0
"str r2, [fp, -0x10]",0
"mvn r0, 0",0
"ldr r1, [fp, -0x10]",0
bl 0x51d8,0
"mov r3, r0",0
"mov r2, r3",0
"ldr r3, [fp, -0xc]",0
"cmp r2, r3",0
bhs 0x402c,0
bl 0x435c,0
"ldr r3, [fp, -0xc]",0
"ldr r2, [fp, -0x10]",0
"mul r3, r2, r3",0
"ldr r0, [fp, -8]",0
"mov r1, r3",0
bl 0x41b0,0
"mov r3, r0",0
"mov r0, r3",0
"sub sp, fp, 4",0
"pop {fp, pc}",0
"push {fp, lr}",0
"add fp, sp, 4",0
"sub sp, sp, 0x18",0
"str r0, [fp, -0x10]",0
"str r1, [fp, -0x14]",0
"str r2, [fp, -0x18]",0
"ldr r3, [fp, -0x14]",0
"ldr r3, [r3]",0
"str r3, [fp, -8]",0
"ldr r3, [fp, -0x10]",0
"cmp r3, 0",0
bne 0x40c8,0
"ldr r3, [fp, -8]",0
"cmp r3, 0",0
bne 0x4104,0
"mov r0, 0x40                ; '@'",0
"ldr r1, [fp, -0x18]",0
bl 0x51d8,0
"mov r3, r0",0
"str r3, [fp, -8]",0
"ldr r3, [fp, -8]",0
"cmp r3, 0",0
"movne r3, 0",0
"moveq r3, 1",0
"and r3, r3, 0xff",0
"ldr r2, [fp, -8]",0
"add r3, r2, r3",0
"str r3, [fp, -8]",0
b 0x4104,0
"ldr r0, [0x00004138]        ; [0x4138:4]=0xaaaaaaaa",0
"ldr r1, [fp, -0x18]",0
bl 0x51d8,0
"mov r3, r0",0
"mov r2, r3",0
"ldr r3, [fp, -8]",0
"cmp r2, r3",0
bhi 0x40ec,0
bl 0x435c,0
"ldr r3, [fp, -8]",0
"add r3, r3, 1",0
"lsr r3, r3, 1",0
"ldr r2, [fp, -8]",0
"add r3, r2, r3",0
"str r3, [fp, -8]",0
"ldr r3, [fp, -0x14]",0
"ldr r2, [fp, -8]",0
"str r2, [r3]",0
"ldr r3, [fp, -8]",0
"ldr r2, [fp, -0x18]",0
"mul r3, r2, r3",0
"ldr r0, [fp, -0x10]",0
"mov r1, r3",0
bl 0x41b0,0
"mov r3, r0",0
"mov r0, r3",0
"sub sp, fp, 4",0
"pop {fp, pc}",0
bge 0xfeaaebe8,0
"push {fp, lr}",0
"add fp, sp, 4",0
"sub sp, sp, 8",0
"str r0, [fp, -8]",0
"ldr r0, [fp, -8]",0
bl 0x4164,0
"mov r3, r0",0
"mov r0, r3",0
"sub sp, fp, 4",0
"pop {fp, pc}",0
"push {fp, lr}",0
"add fp, sp, 4",0
"sub sp, sp, 0x10",0
"str r0, [fp, -0x10]",0
"ldr r0, [fp, -0x10]",0
bl 0xd7c,0
"mov r3, r0",0
"str r3, [fp, -8]",0
"ldr r3, [fp, -8]",0
"cmp r3, 0",0
bne 0x41a0,0
"ldr r3, [fp, -0x10]",0
"cmp r3, 0",0
beq 0x41a0,0
bl 0x435c,0
"ldr r3, [fp, -8]",0
"mov r0, r3",0
"sub sp, fp, 4",0
"pop {fp, pc}",0
"push {fp, lr}",0
"add fp, sp, 4",0
"sub sp, sp, 8",0
"str r0, [fp, -8]",0
"str r1, [fp, -0xc]",0
"ldr r3, [fp, -0xc]",0
"cmp r3, 0",0
bne 0x41ec,0
"ldr r3, [fp, -8]",0
"cmp r3, 0",0
beq 0x41ec,0
"ldr r0, [fp, -8]",0
bl 0xc8c,0
"mov r3, 0",0
b 0x421c,0
"ldr r0, [fp, -8]",0
"ldr r1, [fp, -0xc]",0
bl 0xcd4,0
"str r0, [fp, -8]",0
"ldr r3, [fp, -8]",0
"cmp r3, 0",0
bne 0x4218,0
"ldr r3, [fp, -0xc]",0
"cmp r3, 0",0
beq 0x4218,0
bl 0x435c,0
"ldr r3, [fp, -8]",0
"mov r0, r3",0
"sub sp, fp, 4",0
"pop {fp, pc}",0
"push {fp, lr}",0
"add fp, sp, 4",0
"sub sp, sp, 8",0
"str r0, [fp, -8]",0
"str r1, [fp, -0xc]",0
"ldr r0, [fp, -8]",0
"ldr r1, [fp, -0xc]",0
"mov r2, 1",0
bl 0x4054,0
"mov r3, r0",0
"mov r0, r3",0
"sub sp, fp, 4",0
"pop {fp, pc}",0
"push {fp, lr}",0
"add fp, sp, 4",0
"sub sp, sp, 8",0
"str r0, [fp, -8]",0
"ldr r0, [fp, -8]",0
bl 0x4164,0
"mov r3, r0",0
"mov r0, r3",0
"mov r1, 0",0
"ldr r2, [fp, -8]",0
bl 0xe18,0
"mov r3, r0",0
"mov r0, r3",0
"sub sp, fp, 4",0
"pop {fp, pc}",0
"push {fp, lr}",0
"add fp, sp, 4",0
"sub sp, sp, 0x10",0
"str r0, [fp, -0x10]",0
"str r1, [fp, -0x14]",0
"ldr r0, [fp, -0x10]",0
"ldr r1, [fp, -0x14]",0
bl 0xc38,0
"mov r3, r0",0
"str r3, [fp, -8]",0
"ldr r3, [fp, -8]",0
"cmp r3, 0",0
bne 0x42d0,0
bl 0x435c,0
"ldr r3, [fp, -8]",0
"mov r0, r3",0
"sub sp, fp, 4",0
"pop {fp, pc}",0
"push {fp, lr}",0
"add fp, sp, 4",0
"sub sp, sp, 8",0
"str r0, [fp, -8]",0
"str r1, [fp, -0xc]",0
"ldr r0, [fp, -0xc]",0
bl 0x4164,0
"mov r3, r0",0
"mov r0, r3",0
"ldr r1, [fp, -8]",0
"ldr r2, [fp, -0xc]",0
bl 0xca4,0
"mov r3, r0",0
"mov r0, r3",0
"sub sp, fp, 4",0
"pop {fp, pc}",0
"push {fp, lr}",0
"add fp, sp, 4",0
"sub sp, sp, 8",0
"str r0, [fp, -8]",0
"ldr r0, [fp, -8]",0
bl 0xddc,0
"mov r3, r0",0
"add r3, r3, 1",0
"ldr r0, [fp, -8]",0
"mov r1, r3",0
bl 0x42e0,0
"mov r3, r0",0
"mov r0, r3",0
"sub sp, fp, 4",0
"pop {fp, pc}",0
"push {r3, r4, fp, lr}",0
"add fp, sp, 0xc",0
"ldr r3, [0x0000438c]        ; [0x438c:4]=0x15c90",0
"ldr r4, [r3]",0
"ldr r0, [0x00004390]        ; [0x4390:4]=0xda20",0
bl 0xdd0,0
"mov r3, r0",0
"mov r0, r4",0
"mov r1, 0",0
"ldr r2, [0x00004394]        ; [0x4394:4]=0xda34",0
bl 0xd4c,0
bl 0xe90,0
"muleq r1, r0, ip",0
"andeq sp, r0, r0, lsr 20",0
"andeq sp, r0, r4, lsr sl",0
"push {r4, r5, fp, lr}",0
"add fp, sp, 0xc",0
"sub sp, sp, 0x10",0
"str r0, [fp, -0x18]",0
"str r1, [fp, -0x1c]",0
"ldr r5, [fp, -0x18]",0
"ldr r4, [fp, -0x1c]",0
"cmp r5, r4",0
bne 0x43c4,0
"mov r3, 0",0
b 0x4424,0
"ldrb r3, [r5]",0
"mov r0, r3",0
bl 0x5148,0
"mov r3, r0",0
"strb r3, [fp, -0xd]",0
"ldrb r3, [r4]",0
"mov r0, r3",0
bl 0x5148,0
"mov r3, r0",0
"strb r3, [fp, -0xe]",0
"ldrb r3, [fp, -0xd]",0
"cmp r3, 0",0
beq 0x4414,0
"add r5, r5, 1",0
"add r4, r4, 1",0
"ldrb r2, [fp, -0xd]",0
"ldrb r3, [fp, -0xe]",0
"cmp r2, r3",0
beq 0x43c4,0
b 0x4418,0
"mov r0, r0",0
"ldrb r2, [fp, -0xd]",0
"ldrb r3, [fp, -0xe]",0
"rsb r3, r3, r2",0
"mov r0, r3",0
"sub sp, fp, 0xc",0
"pop {r4, r5, fp, pc}",0
"push {fp, lr}",0
"add fp, sp, 4",0
"sub sp, sp, 0x10",0
"str r0, [fp, -0x10]",0
"ldr r0, [fp, -0x10]",0
bl 0xd28,0
"mov r3, r0",0
"cmp r3, 0",0
"moveq r3, 0",0
"movne r3, 1",0
"strb r3, [fp, -5]",0
"ldr r0, [fp, -0x10]",0
bl 0xd34,0
"mov r3, r0",0
"cmp r3, 0",0
"moveq r3, 0",0
"movne r3, 1",0
"strb r3, [fp, -6]",0
"ldr r0, [fp, -0x10]",0
bl 0x4a14,0
"mov r3, r0",0
"cmp r3, 0",0
"moveq r3, 0",0
"movne r3, 1",0
"strb r3, [fp, -7]",0
"ldrb r3, [fp, -6]",0
"cmp r3, 0",0
bne 0x44cc,0
"ldrb r3, [fp, -7]",0
"cmp r3, 0",0
beq 0x44f8,0
"ldrb r3, [fp, -5]",0
"cmp r3, 0",0
bne 0x44cc,0
bl 0xe00,0
"mov r3, r0",0
"ldr r3, [r3]",0
"cmp r3, 9",0
beq 0x44f8,0
"ldrb r3, [fp, -7]",0
"eor r3, r3, 1",0
"and r3, r3, 0xff",0
"cmp r3, 0",0
beq 0x44f0,0
bl 0xe00,0
"mov r3, r0",0
"mov r2, 0",0
"str r2, [r3]",0
"mvn r3, 0",0
b 0x44fc,0
"mov r3, 0",0
"mov r0, r3",0
"sub sp, fp, 4",0
"pop {fp, pc}",0
"push {fp, lr}",0
"add fp, sp, 4",0
"sub sp, sp, 0xa8",0
"ldr r3, [0x000048ec]        ; [0x48ec:4]=0x15e3c",0
"ldr r3, [r3]",0
"str r3, [fp, -8]",0
"ldr r3, [fp, -8]",0
"cmp r3, 0",0
bne 0x48dc,0
"ldr r3, [0x000048f0]        ; [0x48f0:4]=0xda38",0
"str r3, [fp, -0x18]",0
"ldr r0, [0x000048f4]        ; [0x48f4:4]=0xda48",0
bl 0xd64,0
"str r0, [fp, -0xc]",0
"ldr r3, [fp, -0xc]",0
"cmp r3, 0",0
beq 0x455c,0
"ldr r3, [fp, -0xc]",0
"ldrb r3, [r3]",0
"cmp r3, 0",0
bne 0x4564,0
"ldr r3, [0x000048f8]        ; [0x48f8:4]=0xda58",0
"str r3, [fp, -0xc]",0
"ldr r0, [fp, -0xc]",0
bl 0xddc,0
"str r0, [fp, -0x1c]",0
"ldr r0, [fp, -0x18]",0
bl 0xddc,0
"str r0, [fp, -0x20]",0
"ldr r3, [fp, -0x1c]",0
"cmp r3, 0",0
beq 0x45ac,0
"ldr r3, [fp, -0x1c]",0
"sub r3, r3, 1",0
"ldr r2, [fp, -0xc]",0
"add r3, r2, r3",0
"ldrb r3, [r3]",0
"cmp r3, 0x2f",0
beq 0x45ac,0
"mov r3, 1",0
b 0x45b0,0
"mov r3, 0",0
"str r3, [fp, -0x24]",0
"ldr r2, [fp, -0x24]",0
"ldr r3, [fp, -0x1c]",0
"add r2, r2, r3",0
"ldr r3, [fp, -0x20]",0
"add r3, r2, r3",0
"add r3, r3, 1",0
"mov r0, r3",0
bl 0xd7c,0
"mov r3, r0",0
"str r3, [fp, -0x28]",0
"ldr r3, [fp, -0x28]",0
"cmp r3, 0",0
beq 0x4644,0
"ldr r0, [fp, -0x28]",0
"ldr r1, [fp, -0xc]",0
"ldr r2, [fp, -0x1c]",0
bl 0xca4,0
"ldr r3, [fp, -0x24]",0
"cmp r3, 0",0
beq 0x4618,0
"ldr r2, [fp, -0x28]",0
"ldr r3, [fp, -0x1c]",0
"add r3, r2, r3",0
"mov r2, 0x2f                ; '/'",0
"strb r2, [r3]",0
"ldr r2, [fp, -0x24]",0
"ldr r3, [fp, -0x1c]",0
"add r3, r2, r3",0
"ldr r2, [fp, -0x28]",0
"add r2, r2, r3",0
"ldr r3, [fp, -0x20]",0
"add r3, r3, 1",0
"mov r0, r2",0
"ldr r1, [fp, -0x18]",0
"mov r2, r3",0
bl 0xca4,0
"ldr r3, [fp, -0x28]",0
"cmp r3, 0",0
bne 0x465c,0
"ldr r3, [0x000048fc]        ; [0x48fc:4]=0xda80",0
"str r3, [fp, -8]",0
b 0x48d0,0
"ldr r0, [fp, -0x28]",0
"mov r1, 0x8000",0
bl 0xd58,0
"str r0, [fp, -0x2c]",0
"ldr r3, [fp, -0x2c]",0
"cmp r3, 0",0
bge 0x4684,0
"ldr r3, [0x000048fc]        ; [0x48fc:4]=0xda80",0
"str r3, [fp, -8]",0
b 0x48c8,0
"ldr r0, [fp, -0x2c]",0
"ldr r1, [0x00004900]        ; [0x4900:4]=0xda84",0
bl 0xc2c,0
"str r0, [fp, -0x30]",0
"ldr r3, [fp, -0x30]",0
"cmp r3, 0",0
bne 0x46b4,0
"ldr r0, [fp, -0x2c]",0
bl 0xe9c,0
"ldr r3, [0x000048fc]        ; [0x48fc:4]=0xda80",0
"str r3, [fp, -8]",0
b 0x48c8,0
"mov r3, 0",0
"str r3, [fp, -0x10]",0
"mov r3, 0",0
"str r3, [fp, -0x14]",0
"ldr r0, [fp, -0x30]",0
bl 0xcc8,0
"str r0, [fp, -0x34]",0
"ldr r3, [fp, -0x34]",0
"cmn r3, 1",0
beq 0x4880,0
"ldr r3, [fp, -0x34]",0
"cmp r3, 0xa",0
beq 0x4898,0
"ldr r3, [fp, -0x34]",0
"cmp r3, 0x20",0
beq 0x4898,0
"ldr r3, [fp, -0x34]",0
"cmp r3, 9",0
beq 0x4898,0
"ldr r3, [fp, -0x34]",0
"cmp r3, 0x23",0
bne 0x4740,0
"ldr r0, [fp, -0x30]",0
bl 0xcc8,0
"str r0, [fp, -0x34]",0
"ldr r3, [fp, -0x34]",0
"cmn r3, 1",0
beq 0x4730,0
"ldr r3, [fp, -0x34]",0
"cmp r3, 0xa",0
bne 0x470c,0
"ldr r3, [fp, -0x34]",0
"cmn r3, 1",0
beq 0x4880,0
b 0x489c,0
"ldr r0, [fp, -0x34]",0
"ldr r1, [fp, -0x30]",0
bl 0xdf4,0
"sub r2, fp, 0xa8",0
"sub r3, fp, 0x74",0
"ldr r0, [fp, -0x30]",0
"ldr r1, [0x00004904]        ; [0x4904:4]=0xda88",0
bl 0xe24,0
"mov r3, r0",0
"cmp r3, 1",0
ble 0x4880,0
"sub r3, fp, 0xa8",0
"mov r0, r3",0
bl 0xddc,0
"str r0, [fp, -0x38]",0
"sub r3, fp, 0x74",0
"mov r0, r3",0
bl 0xddc,0
"str r0, [fp, -0x3c]",0
"ldr r3, [fp, -0x10]",0
"str r3, [fp, -0x40]",0
"ldr r3, [fp, -0x14]",0
"cmp r3, 0",0
bne 0x47d0,0
"ldr r2, [fp, -0x38]",0
"ldr r3, [fp, -0x3c]",0
"add r3, r2, r3",0
"add r3, r3, 2",0
"str r3, [fp, -0x14]",0
"ldr r3, [fp, -0x14]",0
"add r3, r3, 1",0
"mov r0, r3",0
bl 0xd7c,0
"mov r3, r0",0
"str r3, [fp, -0x10]",0
b 0x4804,0
"ldr r2, [fp, -0x38]",0
"ldr r3, [fp, -0x3c]",0
"add r2, r2, r3",0
"ldr r3, [fp, -0x14]",0
"add r3, r2, r3",0
"add r3, r3, 2",0
"str r3, [fp, -0x14]",0
"ldr r3, [fp, -0x14]",0
"add r3, r3, 1",0
"ldr r0, [fp, -0x10]",0
"mov r1, r3",0
bl 0xcd4,0
"str r0, [fp, -0x10]",0
"ldr r3, [fp, -0x10]",0
"cmp r3, 0",0
bne 0x4824,0
"mov r3, 0",0
"str r3, [fp, -0x14]",0
"ldr r0, [fp, -0x40]",0
bl 0xc8c,0
b 0x4880,0
"ldr r2, [fp, -0x14]",0
"ldr r3, [fp, -0x3c]",0
"rsb r2, r3, r2",0
"ldr r3, [fp, -0x38]",0
"rsb r3, r3, r2",0
"sub r3, r3, 2",0
"ldr r2, [fp, -0x10]",0
"add r2, r2, r3",0
"sub r3, fp, 0xa8",0
"mov r0, r2",0
"mov r1, r3",0
bl 0xd1c,0
"ldr r2, [fp, -0x14]",0
"ldr r3, [fp, -0x3c]",0
"rsb r3, r3, r2",0
"sub r3, r3, 1",0
"ldr r2, [fp, -0x10]",0
"add r2, r2, r3",0
"sub r3, fp, 0x74",0
"mov r0, r2",0
"mov r1, r3",0
bl 0xd1c,0
b 0x46c4,0
"ldr r0, [fp, -0x30]",0
bl 0x4a14,0
"ldr r3, [fp, -0x14]",0
"cmp r3, 0",0
beq 0x48a0,0
b 0x48ac,0
"mov r0, r0",0
b 0x46c4,0
"ldr r3, [0x000048fc]        ; [0x48fc:4]=0xda80",0
"str r3, [fp, -8]",0
b 0x48c8,0
"ldr r2, [fp, -0x10]",0
"ldr r3, [fp, -0x14]",0
"add r3, r2, r3",0
"mov r2, 0",0
"strb r2, [r3]",0
"ldr r3, [fp, -0x10]",0
"str r3, [fp, -8]",0
"ldr r0, [fp, -0x28]",0
bl 0xc8c,0
"ldr r3, [0x000048ec]        ; [0x48ec:4]=0x15e3c",0
"ldr r2, [fp, -8]",0
"str r2, [r3]",0
"ldr r3, [fp, -8]",0
"mov r0, r3",0
"sub sp, fp, 4",0
"pop {fp, pc}",0
"andeq r5, r1, ip, lsr lr",0
"andeq sp, r0, r8, lsr sl",0
"andeq sp, r0, r8, asr 20",0
"andeq sp, r0, r8, asr sl",0
"andeq sp, r0, r0, lsl 21",0
"andeq sp, r0, r4, lsl 21",0
"andeq sp, r0, r8, lsl 21",0
"push {fp, lr}",0
"add fp, sp, 4",0
"sub sp, sp, 8",0
"mov r0, 0xe",0
bl 0xe6c,0
"str r0, [fp, -8]",0
"ldr r3, [fp, -8]",0
"cmp r3, 0",0
bne 0x4934,0
"ldr r3, [0x00004a0c]        ; [0x4a0c:4]=0xda80",0
"str r3, [fp, -8]",0
bl 0x4508,0
"str r0, [fp, -0xc]",0
b 0x49d4,0
"ldr r0, [fp, -8]",0
"ldr r1, [fp, -0xc]",0
bl 0xc5c,0
"mov r3, r0",0
"cmp r3, 0",0
beq 0x497c,0
"ldr r3, [fp, -0xc]",0
"ldrb r3, [r3]",0
"cmp r3, 0x2a",0
bne 0x499c,0
"ldr r3, [fp, -0xc]",0
"add r3, r3, 1",0
"ldrb r3, [r3]",0
"cmp r3, 0",0
bne 0x499c,0
"ldr r0, [fp, -0xc]",0
bl 0xddc,0
"mov r3, r0",0
"add r3, r3, 1",0
"ldr r2, [fp, -0xc]",0
"add r3, r2, r3",0
"str r3, [fp, -8]",0
b 0x49e4,0
"ldr r0, [fp, -0xc]",0
bl 0xddc,0
"mov r3, r0",0
"add r3, r3, 1",0
"ldr r2, [fp, -0xc]",0
"add r3, r2, r3",0
"str r3, [fp, -0xc]",0
"ldr r0, [fp, -0xc]",0
bl 0xddc,0
"mov r3, r0",0
"add r3, r3, 1",0
"ldr r2, [fp, -0xc]",0
"add r3, r2, r3",0
"str r3, [fp, -0xc]",0
"ldr r3, [fp, -0xc]",0
"ldrb r3, [r3]",0
"cmp r3, 0",0
bne 0x4940,0
"ldr r3, [fp, -8]",0
"ldrb r3, [r3]",0
"cmp r3, 0",0
bne 0x49fc,0
"ldr r3, [0x00004a10]        ; [0x4a10:4]=0xda94",0
"str r3, [fp, -8]",0
"ldr r3, [fp, -8]",0
"mov r0, r3",0
"sub sp, fp, 4",0
"pop {fp, pc}",0
"andeq sp, r0, r0, lsl 21",0
"muleq r0, r4, sl",0
"push {r4, fp, lr}",0
"add fp, sp, 8",0
"sub sp, sp, 0x24",0
"str r0, [fp, -0x20]",0
"mov r3, 0",0
"str r3, [fp, -0x10]",0
"mov r3, 0",0
"str r3, [fp, -0x14]",0
"ldr r0, [fp, -0x20]",0
bl 0xe30,0
"str r0, [fp, -0x18]",0
"ldr r3, [fp, -0x18]",0
"cmp r3, 0",0
bge 0x4a5c,0
"ldr r0, [fp, -0x20]",0
bl 0xe3c,0
"mov r3, r0",0
b 0x4b08,0
"ldr r0, [fp, -0x20]",0
bl 0xd94,0
"mov r3, r0",0
"cmp r3, 0",0
beq 0x4ab0,0
"ldr r0, [fp, -0x20]",0
bl 0xe30,0
"mov r3, r0",0
"mov r2, 1",0
"str r2, [sp]",0
"mov r0, r3",0
"mov r2, 0",0
"mov r3, 0",0
bl 0xd04,0
"mov r2, r1",0
"mov r1, r0",0
"mvn r3, 0",0
"mvn r4, 0",0
"cmp r2, r4",0
"cmpeq r1, r3",0
beq 0x4ad4,0
"ldr r0, [fp, -0x20]",0
bl 0x4b58,0
"mov r3, r0",0
"cmp r3, 0",0
beq 0x4ad4,0
bl 0xe00,0
"mov r3, r0",0
"ldr r3, [r3]",0
"str r3, [fp, -0x10]",0
"ldr r0, [fp, -0x20]",0
bl 0xe3c,0
"str r0, [fp, -0x14]",0
"ldr r3, [fp, -0x10]",0
"cmp r3, 0",0
beq 0x4b04,0
bl 0xe00,0
"mov r3, r0",0
"ldr r2, [fp, -0x10]",0
"str r2, [r3]",0
"mvn r3, 0",0
"str r3, [fp, -0x14]",0
"ldr r3, [fp, -0x14]",0
"mov r0, r3",0
"sub sp, fp, 8",0
"pop {r4, fp, pc}",0
"push {fp, lr}",0
"add fp, sp, 4",0
"sub sp, sp, 0x10",0
"str r0, [fp, -8]",0
"ldr r3, [fp, -8]",0
"ldr r3, [r3]",0
"and r3, r3, 0x100",0
"cmp r3, 0",0
beq 0x4b50,0
"mov r3, 1",0
"str r3, [sp]",0
"ldr r0, [fp, -8]",0
"mov r2, 0",0
"mov r3, 0",0
bl 0x4bb8,0
"sub sp, fp, 4",0
"pop {fp, pc}",0
"push {fp, lr}",0
"add fp, sp, 4",0
"sub sp, sp, 8",0
"str r0, [fp, -8]",0
"ldr r3, [fp, -8]",0
"cmp r3, 0",0
beq 0x4b88,0
"ldr r0, [fp, -8]",0
bl 0xd94,0
"mov r3, r0",0
"cmp r3, 0",0
bne 0x4b98,0
"ldr r0, [fp, -8]",0
bl 0xc80,0
"mov r3, r0",0
b 0x4bac,0
"ldr r0, [fp, -8]",0
bl 0x4b14,0
"ldr r0, [fp, -8]",0
bl 0xc80,0
"mov r3, r0",0
"mov r0, r3",0
"sub sp, fp, 4",0
"pop {fp, pc}",0
"push {r4, fp, lr}",0
"add fp, sp, 8",0
"sub sp, sp, 0x24",0
"str r0, [fp, -0x18]",0
"str r2, [fp, -0x24]",0
"str r3, [fp, -0x20]",0
"ldr r3, [fp, -0x18]",0
"ldr r2, [r3, 8]",0
"ldr r3, [fp, -0x18]",0
"ldr r3, [r3, 4]",0
"cmp r2, r3",0
bne 0x4c90,0
"ldr r3, [fp, -0x18]",0
"ldr r2, [r3, 0x14]",0
"ldr r3, [fp, -0x18]",0
"ldr r3, [r3, 0x10]",0
"cmp r2, r3",0
bne 0x4c90,0
"ldr r3, [fp, -0x18]",0
"ldr r3, [r3, 0x24]",0
"cmp r3, 0",0
bne 0x4c90,0
"ldr r0, [fp, -0x18]",0
bl 0xe30,0
"mov r3, r0",0
"ldr r2, [fp, 4]",0
"str r2, [sp]",0
"mov r0, r3",0
"sub r3, fp, 0x24",0
"ldm r3, {r2, r3}",0
bl 0xd04,0
"str r0, [fp, -0x14]",0
"str r1, [fp, -0x10]",0
"sub r2, fp, 0x14",0
"ldm r2, {r1, r2}",0
"mvn r3, 0",0
"mvn r4, 0",0
"cmp r2, r4",0
"cmpeq r1, r3",0
bne 0x4c60,0
"mvn r3, 0",0
b 0x4cac,0
"ldr r3, [fp, -0x18]",0
"ldr r3, [r3]",0
"bic r2, r3, 0x10",0
"ldr r3, [fp, -0x18]",0
"str r2, [r3]",0
"ldr r2, [fp, -0x18]",0
"sub r4, fp, 0x14",0
"ldm r4, {r3, r4}",0
"str r3, [r2, 0x50]",0
"str r4, [r2, 0x54]",0
"mov r3, 0",0
b 0x4cac,0
"ldr r3, [fp, 4]",0
"str r3, [sp]",0
"ldr r0, [fp, -0x18]",0
"sub r3, fp, 0x24",0
"ldm r3, {r2, r3}",0
bl 0xe48,0
"mov r3, r0",0
"mov r0, r3",0
"sub sp, fp, 8",0
"pop {r4, fp, pc}",0
"str fp, [sp, -4]!",0
"add fp, sp, 0",0
"sub sp, sp, 0xc",0
"str r0, [fp, -8]",0
"ldr r3, [fp, -8]",0
"cmp r3, 0",0
blt 0x4ce8,0
"ldr r3, [fp, -8]",0
"cmp r3, 0x7f",0
bgt 0x4ce8,0
"mov r3, 1",0
b 0x4cec,0
"mov r3, 0",0
"and r3, r3, 1",0
"and r3, r3, 0xff",0
"mov r0, r3",0
"add sp, fp, 0",0
"ldm sp!, {fp}",0
bx lr,0
"str fp, [sp, -4]!",0
"add fp, sp, 0",0
"sub sp, sp, 0xc",0
"str r0, [fp, -8]",0
"ldr r3, [fp, -8]",0
"cmp r3, 0x2f",0
ble 0x4d2c,0
"ldr r3, [fp, -8]",0
"cmp r3, 0x39",0
ble 0x4d4c,0
"ldr r3, [fp, -8]",0
"bic r3, r3, 0x20",0
"cmp r3, 0x40",0
ble 0x4d54,0
"ldr r3, [fp, -8]",0
"bic r3, r3, 0x20",0
"cmp r3, 0x5a",0
bgt 0x4d54,0
"mov r3, 1",0
b 0x4d58,0
"mov r3, 0",0
"and r3, r3, 1",0
"and r3, r3, 0xff",0
"mov r0, r3",0
"add sp, fp, 0",0
"ldm sp!, {fp}",0
bx lr,0
"str fp, [sp, -4]!",0
"add fp, sp, 0",0
"sub sp, sp, 0xc",0
"str r0, [fp, -8]",0
"ldr r3, [fp, -8]",0
"bic r3, r3, 0x20",0
"cmp r3, 0x40",0
ble 0x4da8,0
"ldr r3, [fp, -8]",0
"bic r3, r3, 0x20",0
"cmp r3, 0x5a",0
bgt 0x4da8,0
"mov r3, 1",0
b 0x4dac,0
"mov r3, 0",0
"and r3, r3, 1",0
"and r3, r3, 0xff",0
"mov r0, r3",0
"add sp, fp, 0",0
"ldm sp!, {fp}",0
bx lr,0
"str fp, [sp, -4]!",0
"add fp, sp, 0",0
"sub sp, sp, 0xc",0
"str r0, [fp, -8]",0
"ldr r3, [fp, -8]",0
"cmp r3, 0x20",0
beq 0x4dec,0
"ldr r3, [fp, -8]",0
"cmp r3, 9",0
bne 0x4df4,0
"mov r3, 1",0
b 0x4df8,0
"mov r3, 0",0
"and r3, r3, 1",0
"and r3, r3, 0xff",0
"mov r0, r3",0
"add sp, fp, 0",0
"ldm sp!, {fp}",0
bx lr,0
"str fp, [sp, -4]!",0
"add fp, sp, 0",0
"sub sp, sp, 0xc",0
"str r0, [fp, -8]",0
"ldr r3, [fp, -8]",0
"bic r3, r3, 0x1f",0
"cmp r3, 0",0
beq 0x4e3c,0
"ldr r3, [fp, -8]",0
"cmp r3, 0x7f",0
bne 0x4e44,0
"mov r3, 1",0
b 0x4e48,0
"mov r3, 0",0
"and r3, r3, 1",0
"and r3, r3, 0xff",0
"mov r0, r3",0
"add sp, fp, 0",0
"ldm sp!, {fp}",0
bx lr,0
"str fp, [sp, -4]!",0
"add fp, sp, 0",0
"sub sp, sp, 0xc",0
"str r0, [fp, -8]",0
"ldr r3, [fp, -8]",0
"cmp r3, 0x2f",0
ble 0x4e90,0
"ldr r3, [fp, -8]",0
"cmp r3, 0x39",0
bgt 0x4e90,0
"mov r3, 1",0
b 0x4e94,0
"mov r3, 0",0
"and r3, r3, 1",0
"and r3, r3, 0xff",0
"mov r0, r3",0
"add sp, fp, 0",0
"ldm sp!, {fp}",0
bx lr,0
"str fp, [sp, -4]!",0
"add fp, sp, 0",0
"sub sp, sp, 0xc",0
"str r0, [fp, -8]",0
"ldr r3, [fp, -8]",0
"cmp r3, 0x60",0
ble 0x4edc,0
"ldr r3, [fp, -8]",0
"cmp r3, 0x7a",0
bgt 0x4edc,0
"mov r3, 1",0
b 0x4ee0,0
"mov r3, 0",0
"and r3, r3, 1",0
"and r3, r3, 0xff",0
"mov r0, r3",0
"add sp, fp, 0",0
"ldm sp!, {fp}",0
bx lr,0
"str fp, [sp, -4]!",0
"add fp, sp, 0",0
"sub sp, sp, 0xc",0
"str r0, [fp, -8]",0
"ldr r3, [fp, -8]",0
"cmp r3, 0x20",0
ble 0x4f28,0
"ldr r3, [fp, -8]",0
"cmp r3, 0x7e",0
bgt 0x4f28,0
"mov r3, 1",0
b 0x4f2c,0
"mov r3, 0",0
"and r3, r3, 1",0
"and r3, r3, 0xff",0
"mov r0, r3",0
"add sp, fp, 0",0
"ldm sp!, {fp}",0
bx lr,0
"str fp, [sp, -4]!",0
"add fp, sp, 0",0
"sub sp, sp, 0xc",0
"str r0, [fp, -8]",0
"ldr r3, [fp, -8]",0
"cmp r3, 0x1f",0
ble 0x4f74,0
"ldr r3, [fp, -8]",0
"cmp r3, 0x7e",0
bgt 0x4f74,0
"mov r3, 1",0
b 0x4f78,0
"mov r3, 0",0
"and r3, r3, 1",0
"and r3, r3, 0xff",0
"mov r0, r3",0
"add sp, fp, 0",0
"ldm sp!, {fp}",0
bx lr,0
"str fp, [sp, -4]!",0
"add fp, sp, 0",0
"sub sp, sp, 0xc",0
"str r0, [fp, -8]",0
"ldr r3, [fp, -8]",0
"cmp r3, 0x20",0
ble 0x4ff8,0
"ldr r3, [fp, -8]",0
"cmp r3, 0x7e",0
bgt 0x4ff8,0
"ldr r3, [fp, -8]",0
"cmp r3, 0x2f",0
ble 0x4fd0,0
"ldr r3, [fp, -8]",0
"cmp r3, 0x39",0
ble 0x4ff8,0
"ldr r3, [fp, -8]",0
"bic r3, r3, 0x20",0
"cmp r3, 0x40",0
ble 0x4ff0,0
"ldr r3, [fp, -8]",0
"bic r3, r3, 0x20",0
"cmp r3, 0x5a",0
ble 0x4ff8,0
"mov r3, 1",0
b 0x4ffc,0
"mov r3, 0",0
"and r3, r3, 1",0
"and r3, r3, 0xff",0
"mov r0, r3",0
"add sp, fp, 0",0
"ldm sp!, {fp}",0
bx lr,0
"str fp, [sp, -4]!",0
"add fp, sp, 0",0
"sub sp, sp, 0xc",0
"str r0, [fp, -8]",0
"ldr r3, [fp, -8]",0
"cmp r3, 0x20",0
beq 0x506c,0
"ldr r3, [fp, -8]",0
"cmp r3, 9",0
beq 0x506c,0
"ldr r3, [fp, -8]",0
"cmp r3, 0xa",0
beq 0x506c,0
"ldr r3, [fp, -8]",0
"cmp r3, 0xb",0
beq 0x506c,0
"ldr r3, [fp, -8]",0
"cmp r3, 0xc",0
beq 0x506c,0
"ldr r3, [fp, -8]",0
"cmp r3, 0xd",0
bne 0x5074,0
"mov r3, 1",0
b 0x5078,0
"mov r3, 0",0
"and r3, r3, 1",0
"and r3, r3, 0xff",0
"mov r0, r3",0
"add sp, fp, 0",0
"ldm sp!, {fp}",0
bx lr,0
"str fp, [sp, -4]!",0
"add fp, sp, 0",0
"sub sp, sp, 0xc",0
"str r0, [fp, -8]",0
"ldr r3, [fp, -8]",0
"cmp r3, 0x40",0
ble 0x50c0,0
"ldr r3, [fp, -8]",0
"cmp r3, 0x5a",0
bgt 0x50c0,0
"mov r3, 1",0
b 0x50c4,0
"mov r3, 0",0
"and r3, r3, 1",0
"and r3, r3, 0xff",0
"mov r0, r3",0
"add sp, fp, 0",0
"ldm sp!, {fp}",0
bx lr,0
"str fp, [sp, -4]!",0
"add fp, sp, 0",0
"sub sp, sp, 0xc",0
"str r0, [fp, -8]",0
"ldr r3, [fp, -8]",0
"cmp r3, 0x2f",0
ble 0x5104,0
"ldr r3, [fp, -8]",0
"cmp r3, 0x39",0
ble 0x5124,0
"ldr r3, [fp, -8]",0
"bic r3, r3, 0x20",0
"cmp r3, 0x40",0
ble 0x512c,0
"ldr r3, [fp, -8]",0
"bic r3, r3, 0x20",0
"cmp r3, 0x46",0
bgt 0x512c,0
"mov r3, 1",0
b 0x5130,0
"mov r3, 0",0
"and r3, r3, 1",0
"and r3, r3, 0xff",0
"mov r0, r3",0
"add sp, fp, 0",0
"ldm sp!, {fp}",0
bx lr,0
"str fp, [sp, -4]!",0
"add fp, sp, 0",0
"sub sp, sp, 0xc",0
"str r0, [fp, -8]",0
"ldr r3, [fp, -8]",0
"cmp r3, 0x40",0
ble 0x517c,0
"ldr r3, [fp, -8]",0
"cmp r3, 0x5a",0
bgt 0x517c,0
"ldr r3, [fp, -8]",0
"add r3, r3, 0x20",0
b 0x5180,0
"ldr r3, [fp, -8]",0
"mov r0, r3",0
"add sp, fp, 0",0
"ldm sp!, {fp}",0
bx lr,0
"str fp, [sp, -4]!",0
"add fp, sp, 0",0
"sub sp, sp, 0xc",0
"str r0, [fp, -8]",0
"ldr r3, [fp, -8]",0
"cmp r3, 0x60",0
ble 0x51c4,0
"ldr r3, [fp, -8]",0
"cmp r3, 0x7a",0
bgt 0x51c4,0
"ldr r3, [fp, -8]",0
"sub r3, r3, 0x20",0
b 0x51c8,0
"ldr r3, [fp, -8]",0
"mov r0, r3",0
"add sp, fp, 0",0
"ldm sp!, {fp}",0
bx lr,0
"subs r2, r1, 1",0
bxeq lr,0
blo 0x5274,0
"cmp r0, r1",0
bls 0x5258,0
"tst r1, r2",0
beq 0x5264,0
"clz r3, r1",0
"clz r2, r0",0
"sub r2, r3, r2",0
"mov r3, 1",0
"lsl r1, r1, r2",0
"lsl r3, r3, r2",0
"mov r2, 0",0
"cmp r0, r1",0
"subhs r0, r0, r1",0
"orrhs r2, r2, r3",0
"cmp r0, r1, lsr 1",0
"subhs r0, r0, r1, lsr 1",0
"orrhs r2, r2, r3, lsr 1",0
"cmp r0, r1, lsr 2",0
"subhs r0, r0, r1, lsr 2",0
"orrhs r2, r2, r3, lsr 2",0
"cmp r0, r1, lsr 3",0
"subhs r0, r0, r1, lsr 3",0
"orrhs r2, r2, r3, lsr 3",0
"cmp r0, 0",0
"lsrsne r3, r3, 4",0
"lsrne r1, r1, 4",0
bne 0x5210,0
"mov r0, r2",0
bx lr,0
"moveq r0, 1",0
"movne r0, 0",0
bx lr,0
"clz r2, r1",0
"rsb r2, r2, 0x1f",0
"lsr r0, r0, r2",0
bx lr,0
"cmp r0, 0",0
"mvnne r0, 0",0
b 0x52a0,0
"cmp r1, 0",0
beq 0x5274,0
"push {r0, r1, lr}",0
bl 0x51d8,0
"pop {r1, r2, lr}",0
"mul r3, r2, r0",0
"sub r1, r1, r3",0
bx lr,0
"push {r1, lr}",0
"mov r0, 8",0
bl 0xc50,0
"pop {r1, pc}",0
"push {r3, r4, r5, r6, r7, r8, sl, lr}",0
"mov r7, r0",0
"ldr r5, [0x0000530c]        ; [0x530c:4]=0x87d8",0
"mov r8, r1",0
"ldr r6, [0x00005310]        ; [0x5310:4]=0x87d4",0
"mov sl, r2",0
"add r5, pc, r5",0
bl 0xc0c,0
"add r6, pc, r6",0
"rsb r6, r5, r6",0
"asrs r6, r6, 2",0
"popeq {r3, r4, r5, r6, r7, r8, sl, pc}",0
"sub r5, r5, 4",0
"mov r4, 0",0
"ldr r3, [r5, 4]!",0
"mov r0, r7",0
"mov r1, r8",0
"mov r2, sl",0
"add r4, r4, 1",0
blx r3,0
"cmp r4, r6",0
bne 0x52e8,0
"pop {r3, r4, r5, r6, r7, r8, sl, pc}",0
"ldrdeq r8, sb, [r0], -r8",0
"ldrdeq r8, sb, [r0], -r4",0
bx lr,0
"ldr r3, [0x0000533c]        ; [0x533c:4]=0x8870 ; ""p\x88""",0
"mov r1, 0",0
"ldr r2, [0x00005340]        ; [0x5340:4]=228",0
"add r3, pc, r3",0
"ldr r3, [r3, r2]",0
"cmp r3, 0",0
"ldrne r2, [r3]",0
"moveq r2, r3",0
b 0xe0c,0
"andeq r8, r0, r0, ror r8",0
"andeq r0, r0, r4, ror 1",0
"push {r3, lr}",0
"pop {r3, pc}",1
"andeq r0, r2, r1",1
"rsbshs r2, r3, sl, lsl 10",1
"stmdbvs ip!, {r0, r1, r2, r3, r5, r6, sb, sl, fp, sp, lr} ^",1
"stmdavs r0!, {r1, r2, r3, r5, r6, r8, sl, sp, lr}",1
blo 0x1c204f8,1
invalid,1
"andeq r0, r0, lr, lsr sl",1
"subshs r4, r5, r7, asr 28",1
"ldrbvs r6, [r2, -0xf63]!",1
"stclvs p4, c7, [sb], -0x1d4",1
"andeq r0, r0, r3, ror r0",1
"rsbsvc r7, r4, r8, ror 8",1
invalid,1
invalid,1
svcvs 0x2e756e,1
invalid,1
"ldrbvc r6, [r4, -pc, ror 12]!",1
svchs 0x657261,1
"ldrbvs r6, [r2, -0xf63]!",1
"stclvs p4, c7, [sb], -0x1d4",1
"andeq r2, r0, r3, ror pc",1
"subseq r6, pc, r5, ror 28",1
svcvs 0x706552,1
"strhs r7, [r0, -0x472]!",1
"rsbsvc r2, r4, 0x73",1
"ldclvs p14, c6, [r3], -0x184",1
svcvs 0x697461,1
"strbvc r2, [r2, -0x6e]!",1
"strtvc r7, [r0], -0x367",1
"ldmdavs ip!, {r0, r1, r2, r3, r5, r6, sp}",1
blo 0x1c2259c,1
"rsbsvc r2, r4, 47, 30",1
"ldclvs p14, c6, [r3], -0x184",1
svcvs 0x697461,1
svcvs 0x72706e,1
"strbtvc r6, [r3], -0x56a",1
"ldrbvs r6, [r2, -lr, lsr 30]!",1
invalid,1
beq 0xf911a0,1
"andeq r0, r0, r0",1
"rsbshs r6, r2, r6, asr 30",1
"rsbvc r6, sp, r3, ror 30",1
"ldrbvs r6, [r4, -0x56c]!",1
invalid,1
"mcrvs p13, 3, r6, c5, c5, 3",1
"ldmdbvs r4!, {r2, r4, r5, r6, r8, sp, lr} ^",1
"eorhs r6, ip, pc, ror 28",1
blo 0x1ba29d8,1
"strbtvs r6, [lr], -r0, lsr 18",1
svcvs 0x63206f,1
"ldrbtvc r6, [r5], -0x572",1
"rsbshs r6, r3, sb, ror 24",1
"rsbshs r2, r3, r7, lsr 10",1
svcvs 0x766e69,1
"ldmdbvs r4!, {r0, r1, r5, r6, r8, sp, lr} ^",1
beq 0x9e0dec,1
"andeq r0, r0, r0",1
"rsbshs r7, sb, r4, asr r2",1
"rsbshs r2, r3, r7, lsr 10",1
"strbvs r2, [r8, -0xd2d]!",1
"eorhs r7, r7, ip, rrx",1
"rsbshs r6, r2, r6, ror 30",1
"ldrbvs r6, [r2, -0xf6d]!",1
"strbtvs r6, [lr], -r0, lsr 18",1
invalid,1
"mcrvs p9, 3, r6, c15, c4, 3",1
"andeq r0, r0, lr, lsr 20",1
invalid,1
"strhs r3, [r0, -0xa65]!",1
svcmi 0x5b2073,1
svcmi 0x495450,1
"andeq r5, sl, lr, asr 26",1
"mcrvs p2, 3, r7, c9, c0, 2",1
"ldmdavs r4!, {r2, r4, r5, r6, sp} ^",1
invalid,1
svcvs 0x20656d,1
"ldmdavs r4!, {r1, r2, r5, r6, sp} ^",1
"strbvc r2, [r3, -0x65]!",1
"mcrvs p2, 3, r7, c5, c2, 3",1
"cmnvc r5, 0x74",1
beq 0xba1e28,1
"andeq r0, r0, sl",1
"eorhs r2, r0, r0, lsr 32",1
"stchs p0, c2, [sp, -0x80]!",1
"rsbvc r6, ip, r8, ror 10",1
"eorhs r2, r0, r0, lsr 32",1
invalid,1
"stmdbvc r1!, {r4, r5, r6, sl, fp, sp, lr} ^",1
"stmdbvs r8!, {r5, sl, ip, sp, lr} ^",1
"strbvs r2, [r8, -0x73]!",1
invalid,1
"strvs r6, [r0, -0x46e]!",1
beq 0x1d1faa4,1
"andeq r0, r0, r0",1
"eorhs r2, r0, r0, lsr 32",1
"stchs p0, c2, [sp, -0x80]!",1
"cmnvc r2, 0x1d800000",1
"rsbhs r6, lr, sb, ror 30",1
"ldrbtvc r6, [r5], -0xf20",1
"rsbshs r7, r4, r0, ror r5",1
"cmnvc r2, 0x1d800000",1
"rsbhs r6, lr, sb, ror 30",1
svcvs 0x666e69,1
"strbtvc r6, [r1], -0xd72",1
"rsbhs r6, lr, sb, ror 30",1
"rsbhs r6, r4, r1, ror 28",1
"strbtvc r7, [sb], -0x865",1
"andeq r0, r0, sl",1
"andeq r0, r0, r0",1
"ldrbvs r6, [r2, -0xf63]!",1
"stclvs p4, c7, [sb], -0x1d4",1
"andeq r0, r0, r3, ror r0",1
"stclvs p8, c6, [0x00005458]!",1
"ldmdbvs r4!, {r0, r2, r5, r6, r8, sb, sl, fp, sp} ^",1
"cdpvs p6, 6, c6, c1, c6, 3",1
"eorvs r6, pc, 0x90000007",1
"strbtvs r6, [ip], -0x975",1
"rsbvc r6, pc, 0xbc000000",1
"ldmdbvs r4!, {r0, r2, r5, r6, r8, sl, ip, sp, lr} ^",1
svcmi 0x5f736c,1
"ldmdavs r3!, {r4, r5, r8, sb, sl, fp, sp} ^",1
svchs 0x657261,1
invalid,1
"andeq r6, r0, ip, ror 10",1
"cdpvs p15, 6, c6, c7, c12, 3",1
"rsbeq r6, r5, r1, ror 26",1
"ldclmi p9, c4, [r8, -0x118]",1
"strvc r3, [r0, -0xa45]!",1
svcvs 0x6e6b6e,1
"andeq r6, r0, r7, ror lr",1
"rsbsvc r7, r4, 0x650000",1
"rsbvc r2, pc, r1, rrx",1
"cdpvs p2, 6, c7, c1, c5, 3",1
invalid,1
"andeq r0, r0, r0",1
"stcvs p15, c6, [r0], -0x1b8",1
"cdpvs p7, 6, c6, c9, c15, 3",1
"stclvs p14, c6, [r1, -0x80]!",1
"andeq r0, r0, r5, rrx",1
"eorslo r2, r2, 56, 28",1
"andeq r0, r0, r0",1
"strbtvc r7, [sb], -0x277",1
"rsbvc r2, r5, 0x65",1
"rsbseq r6, r2, r2, ror pc",1
"eorshs r7, sl, r5, lsr 6",1
"andeq r7, r0, r5, lsr 6",1
"andeq r7, r0, r5, lsr 6",1
"rsbvc r6, ip, r8, ror 10",1
"andeq r0, r0, r0",1
"cmnvc r2, 0x1d800000",1
"rsbeq r6, lr, sb, ror 30",1
"muleq r0, r8, r5",1
"andeq r0, r0, r0",1
"andeq r0, r0, r0",1
"andeq r0, r0, r8, rrx",1
"andeq sp, r0, r0, lsr 11",1
"andeq r0, r0, r0",1
"andeq r0, r0, r0",1
"andeq r0, r0, r6, ror r0",1
"andeq r0, r0, r0",1
"andeq r0, r0, r0",1
"andeq r0, r0, r0",1
"andeq r0, r0, r0",1
"andeq r0, r0, fp, lsr 32",1
"strbpl r2, [lr, -0x41]",1
invalid,1
blpl 0x1d9f3b4,1
invalid,1
"eorvc r7, r0, r1, ror 6",1
"ldrbvs r7, [r3, -0x361]!",1
"ldmdavs r4!, {r2, r5, r6, sp} ^",1
invalid,1
"cdpvs p0, 6, c2, c1, c8, 3",1
"ldrbvs r6, [r8, -0x520]!",1
"ldmdbvc r3!, {r0, r1, r5, r6, sp} ^",1
"stclvs p4, c7, [r5, -0x1cc]!",1
"stclvs p3, c6, [r1], -0x80",1
"andeq r2, sl, ip, ror 28",1
"stmdbvs ip!, {r0, r1, r2, r3, r5, sb, sl, fp, sp} ^",1
"eoreq r7, pc, r2, ror 6",1
"eoreq r7, sp, ip, ror 8",1
"ldrbvs r6, [r4, -0x96c]!",1
"rsbeq r6, ip, r2, ror r1",1
"stclvs p8, c6, [r5], -0x1cc",1
"andeq r0, r0, ip, rrx",1
"stclvs p8, c6, [r5], -0x1cc",1
"stclvs p13, c2, [r1], -0x1b0",1
"cmnvc sb, 0xc000001d",1
"andeq r0, r0, r0",1
"andeq r0, r0, r3, rrx",1
invalid,1
"rsbeq r6, r5, sb, ror r2",1
invalid,1
"andeq r6, r0, r0, ror r5",1
invalid,1
"andeq r6, r0, ip, ror 10",1
invalid,1
"rsbeq r6, r5, r1, ror 24",1
"andeq sp, r0, r0, lsr 12",1
"andeq sp, r0, r8, lsr 12",1
"andeq sp, r0, r0, lsr r6",1
"andeq sp, r0, r0, asr 12",1
"andeq sp, r0, r4, asr 12",1
"andeq sp, r0, ip, asr 12",1
"andeq sp, r0, r4, asr r6",1
"andeq sp, r0, ip, asr r6",1
"andeq r0, r0, r0",1
"andeq r0, r0, r0",1
"andeq r0, r0, r1",1
"andeq r0, r0, r2",1
"andeq r0, r0, r3",1
"andeq r0, r0, r4",1
"andeq r0, r0, r5",1
"andeq r0, r0, r6",1
"andeq r0, r0, r7",1
"stclhs p4, c5, [r6, -0x154]",1
"andeq r0, r0, r8, lsr r0",1
"addseq r8, r8, r2, ror 1",1
"addseq r8, sb, r2, ror 1",1
"ldmdalo r1!, {r0, r1, r2, r6, sb, lr}",1
"eorseq r3, r0, r0, lsr r3",1
"rsbeq r0, r5, r1, lsr 15",1
"andeq sl, r0, r1, lsr 31",1
"andeq r0, r0, r2, lsr 32",1
"andeq r0, r0, r7, lsr 32",1
"andeq r0, r0, r0, rrx",1
"stmdahs r0!, {r0, r2, r5, r8, sb, ip, sp, lr}",1
"eorhs r7, sb, r5, lsr 6",1
"andeq r7, sl, r5, lsr 6",1
"strhs r7, [r0, -0x325]!",1
"andeq r0, r0, r3, ror sl",1
"eoreq r4, sb, r8, lsr 6",1
invalid,1
"ldrbvs r6, [r3, -0xe65]!",1
"mrrcmi p7, 2, r4, r0, c0",1
blo 0xad24d8,1
"strbpl r4, [lr, -0x720]",1
"mrrcmi p7, 2, r4, r0, c0",1
"rsbvc r7, r5, 32, 12",1
"mcrvs p9, 3, r6, c15, c3, 3",1
svcvs 0x203320,1
invalid,1
"rsbshs r6, r2, r4, ror r5",1
"ldrbtvc r6, [r4], -0x83c",1
svchs 0x2f3a70,1
"cdphs p14, 7, c6, c5, c7, 3",1
svchs 0x67726f,1
"strbvs r6, [r3, -0x96c]!",1
invalid,1
"ldclvs p7, c6, [r0], -0xbc",1
"ldclvs p8, c6, [r4, -0xb8]!",1
beq 0xb950f0,1
invalid,1
"rsbshs r6, r3, r0, lsr 18",1
"strbvs r7, [r5, -0x266]!",1
"strbtvs r7, [pc], -r0, lsr 6",1
"rsbvc r7, r1, 116, 14",1
"stmdbvc r0!, {r0, r2, r5, r6, sb, fp, ip, sp}",1
invalid,1
"qsub16vs r6, r0, r2",1
"rsbhs r6, r5, r2, ror r5",1
invalid,1
"strbvs r6, [lr, -r8, ror 2]!",1
"cdpvs p0, 6, c2, c1, c5, 3",1
"ldrbvs r2, [r2, -0x64]!",1
"ldrbtvc r6, [r3], -0x964",1
"strbvc r6, [r2, -0x972]!",1
"stmdbvs r0!, {r2, r4, r5, r6, r8, sl, sp, lr}",1
"strpl r2, [sl], -0xe74",1
"ldrbvs r6, [r2, -0x568]!",1
"rsbshs r6, r3, r0, lsr 18",1
"strpl r4, [r0, -lr, asr 30]!",1
"cmpmi r2, r1, asr 4",1
"mrrchs p4, 4, r5, sb, c14",1
"rsbhs r7, pc, r0, lsr 8",1
"rsbhs r6, r5, r4, ror r8",1
"ldrbvs r7, [r4, -0x865]!",1
"eorvc r7, r0, lr, ror 8",1
"stmdbvs sp!, {r0, r2, r5, r6, sb, ip, sp, lr} ^",1
"strbtvs r7, [r5], -0x474",1
"rsbshs r6, sb, r0, lsr 4",1
"cdphs p1, 7, c6, c7, c12, 3",1
"andeq r0, r0, sl, lsl 20",1
"strbtvc r7, [sb], -0x257",1
"rsbhs r6, lr, r4, ror r5",1
"strhs r7, [r0, -0x962]!",1
"andeq r2, sl, r3, ror lr",1
"strbtvc r7, [sb], -0x257",1
"rsbhs r6, lr, r4, ror r5",1
"strhs r7, [r0, -0x962]!",1
"mcrvs p0, 3, r2, c1, c3, 3",1
invalid,1
"andeq r0, r0, lr, lsr 20",1
"strbtvc r7, [sb], -0x257",1
"rsbhs r6, lr, r4, ror r5",1
"strhs r7, [r0, -0x962]!",1
"strhs r2, [r0, -0xc73]!",1
invalid,1
"strhs r6, [r0, -0x46e]!",1
"andeq r2, sl, r3, ror lr",1
"strbtvc r7, [sb], -0x257",1
"rsbhs r6, lr, r4, ror r5",1
"strhs r7, [r0, -0x962]!",1
"strhs r2, [r0, -0xc73]!",1
"strhs r2, [r0, -0xc73]!",1
invalid,1
"strhs r6, [r0, -0x46e]!",1
"andeq r2, sl, r3, ror lr",1
"strbtvc r7, [sb], -0x257",1
"rsbhs r6, lr, r4, ror r5",1
"strhs r7, [r0, -0x962]!",1
"strhs r2, [r0, -0xc73]!",1
"strhs r2, [r0, -0xc73]!",1
"strhs r2, [sl, -0xc73]",1
invalid,1
"strhs r6, [r0, -0x46e]!",1
"andeq r2, sl, r3, ror lr",1
"strbtvc r7, [sb], -0x257",1
"rsbhs r6, lr, r4, ror r5",1
"strhs r7, [r0, -0x962]!",1
"strhs r2, [r0, -0xc73]!",1
"strhs r2, [r0, -0xc73]!",1
"strhs r2, [sl, -0xc73]",1
"strhs r2, [r0, -0xc73]!",1
invalid,1
"strhs r6, [r0, -0x46e]!",1
"andeq r2, sl, r3, ror lr",1
"strbtvc r7, [sb], -0x257",1
"rsbhs r6, lr, r4, ror r5",1
"strhs r7, [r0, -0x962]!",1
"strhs r2, [r0, -0xc73]!",1
"strhs r2, [r0, -0xc73]!",1
"strhs r2, [sl, -0xc73]",1
"strhs r2, [r0, -0xc73]!",1
"strhs r2, [r0, -0xc73]!",1
invalid,1
"strhs r6, [r0, -0x46e]!",1
"andeq r2, sl, r3, ror lr",1
"strbtvc r7, [sb], -0x257",1
"rsbhs r6, lr, r4, ror r5",1
"strhs r7, [r0, -0x962]!",1
"strhs r2, [r0, -0xc73]!",1
"strhs r2, [r0, -0xc73]!",1
"strhs r2, [sl, -0xc73]",1
"strhs r2, [r0, -0xc73]!",1
"strhs r2, [r0, -0xc73]!",1
"strhs r2, [r0, -0xc73]!",1
invalid,1
"strhs r6, [r0, -0x46e]!",1
"andeq r2, sl, r3, ror lr",1
"strbtvc r7, [sb], -0x257",1
"rsbhs r6, lr, r4, ror r5",1
"strhs r7, [r0, -0x962]!",1
"strhs r2, [r0, -0xc73]!",1
"strhs r2, [r0, -0xc73]!",1
"strhs r2, [sl, -0xc73]",1
"strhs r2, [r0, -0xc73]!",1
"strhs r2, [r0, -0xc73]!",1
"strhs r2, [r0, -0xc73]!",1
"strhs r2, [sl, -0xc73]",1
invalid,1
"strhs r6, [r0, -0x46e]!",1
"andeq r2, sl, r3, ror lr",1
"strbtvc r7, [sb], -0x257",1
"rsbhs r6, lr, r4, ror r5",1
"strhs r7, [r0, -0x962]!",1
"strhs r2, [r0, -0xc73]!",1
"strhs r2, [r0, -0xc73]!",1
"strhs r2, [sl, -0xc73]",1
"strhs r2, [r0, -0xc73]!",1
"strhs r2, [r0, -0xc73]!",1
"strhs r2, [r0, -0xc73]!",1
"strhs r2, [sl, -0xc73]",1
"strhs r2, [r0, -0xc73]!",1
invalid,1
svcvs 0x20646e,1
"rsbvc r6, r5, 116, 16",1
"andeq r2, sl, r3, ror lr",1
"rsbvc r5, r5, sl, lsl 4",1
"rsbshs r7, r4, pc, ror 4",1
invalid,1
blo 0x1be29c8,1
beq 0x1ccedcc,1
"andeq r0, r0, r0",1
"stclhs p5, c7, [r7, -0x188]!",1
"ldrbvs r6, [r2, -0xf63]!",1
"stclvs p4, c7, [sb], -0x1d4",1
"mcrvs p0, 3, r4, c7, c3, 3",1
"rsbvc r2, pc, 0x750",1
"andeq r0, r0, r7, rrx",1
"stmdavs r0!, {r0, r2, r5, r8, sb, ip, sp, lr}",1
"rsbhs r6, r5, pc, ror 26",1
"strbvs r6, [r7, -0x170]!",1
"ldrhs r2, [ip, -0x3a]!",1
"andeq r3, sl, r3, ror lr",1
"subshs r4, r5, r7, asr 28",1
"ldrbvs r6, [r2, -0xf63]!",1
"stclvs p4, c7, [sb], -0x1d4",1
"andeq r0, r0, r3, ror r0",1
"rsbsvc r7, r4, r8, ror 8",1
invalid,1
invalid,1
svcvs 0x2e756e,1
invalid,1
"ldrbvc r6, [r4, -pc, ror 12]!",1
svchs 0x657261,1
"ldrbvs r6, [r2, -0xf63]!",1
"stclvs p4, c7, [sb], -0x1d4",1
"andeq r2, r0, r3, ror pc",1
"strbvs r6, [lr, -0x547]!",1
"rsbhs r6, ip, r2, ror r1",1
"rsbvc r6, ip, r8, ror 10",1
"ldmdbvs r3!, {r5, r8, sl, ip, sp, lr} ^",1
"strmi r6, [r0, -lr, ror 14]!",1
invalid,1
"ldrbvc r6, [r4, -pc, ror 12]!",1
blo 0x1962358,1
"strbtvc r3, [r8], -0xc20",1
svchs 0x3a7074,1
"ldrbvc r7, [r7, -pc, lsr 14]!",1
"strbvc r6, [lr, -0x72e]!",1
"ldrbvs r6, [r2, -lr, lsr 30]!",1
"strbtvc r6, [r5], -0x72f",1
"rsbvc r6, ip, r8, ror 10",1
"andeq r3, sl, pc, lsr 28",1
"ldmdbvc r0!, {r0, r1, r6, r8, sb, sl, fp, sp, lr} ^",1
"stmdavs r7!, {r1, r4, r5, r6, r8, fp, sp, lr} ^",1
invalid,1
"rsbhs r2, r4, r0, lsr 10",1
"strbvs r7, [r5, -0x246]!",1
"strbtvs r5, [pc], -r0, lsr 6",1
"rsbvc r7, r1, 116, 14",1
svcvs 0x462065,1
invalid,1
"mcrvs p9, 3, r6, c15, c4, 3",1
"cdpvs p0, 4, c2, c9, c12, 1",1
"andeq r2, r0, r3, ror 28",1
svcvs 0x6d656d,1
"strvs r7, [r0, -0x972]!",1
"strbvc r6, [r1, -0x878]!",1
"strbtvs r7, [r5], -0x473",1
"andeq r0, r0, r0",1
"andeq r7, r0, r5, lsr 6",1
"rsbvc r6, r1, 0x630000",1
"mrchs p5, 3, r6, c4, c3, 3",1
invalid,1
"andeq r0, r0, r3, ror r0",1
"subpl r4, r1, 0x430000",1
"cmpmi r4, r3, asr r5",1
"movtpl r4, 0x194c",1
"subseq r4, r2, r4, asr 18",1
"stclvs p8, c6, [0x000059a4]!",1
"ldmdbvs r4!, {r0, r2, r5, r6, r8, sb, sl, fp, sp} ^",1
"cdpvs p6, 6, c6, c1, c6, 3",1
"eorvs r6, pc, 0x90000007",1
"strbtvs r6, [ip], -0x975",1
"rsbvc r6, pc, 0xbc000000",1
"ldmdbvs r4!, {r0, r2, r5, r6, r8, sl, ip, sp, lr} ^",1
svcmi 0x5f736c,1
"stmdbvs ip!, {r4, r5, r8, sb, sl, fp, sp} ^",1
"andeq r0, r0, r2, rrx",1
"andeq r0, r0, r0",1
"andeq r0, r0, r2, ror r0",1
"teqvc r0, 0x9400000",1
"eorslo r2, r5, r0, lsr 10",1
"andeq r0, r0, r3, ror r0",1
"stmdbmi r3, {r0, r6, r8, sb, ip, lr} ^",1
"andeq r0, r0, sb, asr 32",1
svcvc 0xffb40c,1
"andeq r0, r0, r1",1
"andeq r0, r0, r0",1
"andeq r8, r0, r8, lsr 31",1
"andeq r8, r0, r0, lsl 31",1
"andeq r0, r0, r0",1
"andeq r0, r0, r1",1
"andeq r0, r0, r0, lsl r0",1
"andeq r0, r0, ip",1
"andeq r8, r0, ip, lsl 24",1
"andeq r0, r0, sp",1
"andeq sp, r0, r4, asr 6",1
"andeq r0, r0, sb, lsl r0",1
"andeq r5, r1, r8, lsr 21",1
"andeq r0, r0, fp, lsl r0",1
"andeq r0, r0, r4",1
"andeq r0, r0, sl, lsl r0",1
"andeq r5, r1, ip, lsr 21",1
"andeq r0, r0, ip, lsl r0",1
"andeq r0, r0, r4",1
svcvs 0xfffef5,1
"andeq r8, r0, ip, lsl 3",1
"andeq r0, r0, r5",1
"andeq r8, r0, r0, asr 14",1
"andeq r0, r0, r6",1
"andeq r8, r0, r0, ror 6",1
"andeq r0, r0, sl",1
"andeq r0, r0, lr, asr 4",1
"andeq r0, r0, fp",1
"andeq r0, r0, r0, lsl r0",1
"andeq r0, r0, r5, lsl r0",1
"andeq r0, r0, r0",1
"andeq r0, r0, r3",1
"muleq r1, ip, fp",1
"andeq r0, r0, r2",1
"andeq r0, r0, r8, lsr 3",1
"andeq r0, r0, r4, lsl r0",1
"andeq r0, r0, r1, lsl r0",1
"andeq r0, r0, r7, lsl r0",1
"andeq r8, r0, r4, ror 20",1
"andeq r0, r0, r1, lsl r0",1
"andeq r8, r0, ip, lsr 20",1
"andeq r0, r0, r2, lsl r0",1
"andeq r0, r0, r8, lsr r0",1
"andeq r0, r0, r3, lsl r0",1
"andeq r0, r0, r8",1
svcvs 0xfffffe,1
"andeq r8, r0, ip, lsl 20",1
svcvs 0xffffff,1
"andeq r0, r0, r1",1
svcvs 0xfffff0,1
"andeq r8, r0, lr, lsl 19",1
"andeq r0, r0, r0",1
"andeq r0, r0, r0",1
"andeq r0, r0, r0",1
"andeq r0, r0, r0",1
"andeq r0, r0, r0",1
"andeq r0, r0, r0",1
"andeq r0, r0, r0",1
"andeq r0, r0, r0",1
"andeq r0, r0, r0",1
"andeq r0, r0, r0",1
"andeq r0, r0, r0",1
"andeq r0, r0, r0",1
"strheq r5, [r1], -r4",1
"andeq r0, r0, r0",1
"andeq r0, r0, r0",1
"andeq r8, r0, r8, lsl ip",1
"andeq r8, r0, r8, lsl ip",1
"andeq r8, r0, r8, lsl ip",1
"andeq r8, r0, r8, lsl ip",1
"andeq r8, r0, r8, lsl ip",1
"andeq r8, r0, r8, lsl ip",1
"andeq r8, r0, r8, lsl ip",1
"andeq r8, r0, r8, lsl ip",1
"andeq r8, r0, r8, lsl ip",1
"andeq r8, r0, r8, lsl ip",1
"andeq r8, r0, r8, lsl ip",1
"andeq r8, r0, r8, lsl ip",1
"andeq r8, r0, r8, lsl ip",1
"andeq r8, r0, r8, lsl ip",1
"andeq r8, r0, r8, lsl ip",1
"andeq r8, r0, r8, lsl ip",1
"andeq r8, r0, r8, lsl ip",1
"andeq r8, r0, r8, lsl ip",1
"andeq r8, r0, r8, lsl ip",1
"andeq r8, r0, r8, lsl ip",1
"andeq r8, r0, r8, lsl ip",1
"andeq r8, r0, r8, lsl ip",1
"andeq r8, r0, r8, lsl ip",1
"andeq r8, r0, r8, lsl ip",1
"andeq r8, r0, r8, lsl ip",1
"andeq r8, r0, r8, lsl ip",1
"andeq r8, r0, r8, lsl ip",1
"andeq r8, r0, r8, lsl ip",1
"andeq r8, r0, r8, lsl ip",1
"andeq r8, r0, r8, lsl ip",1
"andeq r8, r0, r8, lsl ip",1
"andeq r8, r0, r8, lsl ip",1
"andeq r8, r0, r8, lsl ip",1
"andeq r8, r0, r8, lsl ip",1
"andeq r8, r0, r8, lsl ip",1
"andeq r8, r0, r8, lsl ip",1
"andeq r8, r0, r8, lsl ip",1
"andeq r8, r0, r8, lsl ip",1
"andeq r8, r0, r8, lsl ip",1
"andeq r8, r0, r8, lsl ip",1
"andeq r8, r0, r8, lsl ip",1
"andeq r8, r0, r8, lsl ip",1
"andeq r8, r0, r8, lsl ip",1
"andeq r8, r0, r8, lsl ip",1
"andeq r8, r0, r8, lsl ip",1
"andeq r8, r0, r8, lsl ip",1
"andeq r8, r0, r8, lsl ip",1
"andeq r8, r0, r8, lsl ip",1
"andeq r8, r0, r8, lsl ip",1
"andeq r8, r0, r8, lsl ip",1
"andeq r8, r0, r8, lsl ip",1
"andeq r8, r0, r8, lsl ip",1
"andeq r8, r0, r8, lsl ip",1
"andeq r0, r0, r0",1
"andeq r5, r1, r8, lsl 25",1
"andeq r0, r0, r0",1
"andeq r0, r0, r0",1
"andeq sp, r0, r8, ror r5",1
"andeq r0, r0, r1",1
"andeq r0, r0, r1",1
"andeq r0, r0, r0, lsl 2",1
"andeq r5, r1, ip, lsr sp",1
"muleq r1, r8, ip",1
"andeq r0, r0, r6",1
"andeq r0, r0, r0",1
"andeq r0, r0, r0",1
"andeq r0, r0, r0",1
"andeq r0, r0, r0",1
"andeq r0, r0, r0",1
"andeq r0, r0, r0",1
"andeq r0, r0, r0",1
"andeq r0, r0, r0",1
"andeq r0, r0, r0",1
"andeq r0, r0, r0",1
"andeq r0, r0, r0",1
blo 0x10d69f8,1
"cdpmi p8, 4, c2, c7, c0, 1",1
"strtlo r2, [r0], -0x955",1
"eorlo r3, lr, 0xb80000",1
"eorseq r4, r4, r0, lsl 2",1
"strbvs r0, [r1, -0]!",1
"rsbeq r6, sb, r1, ror 4",1
"andeq r2, r0, r1, lsl 20",1
"ldchs p5, c0, [r7, -0]!",1
beq 0x185e04,1
invalid,1
"movweq r0, 0xa209",1
"ldreq r0, [r2], -0x10c",1
"tsteq r4, r3, lsl r1",1
"tsteq r7, 0x40000005",1
"tsteq sb, r8, lsl r1",1
"tsteq fp, 0xa0000001",1
"andeq r0, r0, r2, lsr 2",1
"andeq r0, r0, r0",1
"andeq r0, r0, ip, lsl r0",1
"andeq r0, r0, r2",1
"andeq r0, r4, r0",1
"andeq r0, r0, r0",1
"andeq r8, r0, r8, lsr 29",1
"andeq r0, r0, ip, lsr r0",1
"andeq r0, r0, r0",1
"andeq r0, r0, r0",1
"andeq r0, r0, r4, lsl r0",1
"adceq r0, pc, r2",1
"andeq r0, r4, r0",1
"andeq r0, r0, r0",1
"andeq r0, r0, r0",1
"andeq r0, r0, r0",1
"andeq r0, r0, ip, lsr 32",1
"teqeq r8, r2",1
"andeq r0, r4, r0",1
"andeq r0, r0, r0",1
"andeq r8, r0, r4, ror 29",1
"andeq r0, r0, r4, lsr 32",1
"andeq r8, r0, ip, lsl 24",1
"andeq r0, r0, r8",1
"andeq sp, r0, r4, asr 6",1
"andeq r0, r0, r4",1
"andeq r0, r0, r0",1
"andeq r0, r0, r0",1
"andeq r0, r0, ip, lsl r0",1
invalid,1
"andeq r0, r4, r0",1
"andeq r0, r0, r0",1
"ldrdeq r8, sb, [r0], -ip",1
"andeq r0, r0, r0, ror r3",1
"andeq r0, r0, r0",1
"andeq r0, r0, r0",1
"andeq r0, r0, r4, lsl r0",1
"ldrbeq r0, [r0, 2]",1
"andeq r0, r4, r0",1
"andeq r0, r0, r0",1
"andeq r0, r0, r0",1
"andeq r0, r0, r0",1
"andeq r0, r0, ip, lsl r0",1
"ldreq r0, [r2], -r2",1
"andeq r0, r4, r0",1
"andeq r0, r0, r0",1
"andeq sb, r0, ip, asr 6",1
"andeq r0, r0, ip, lsl 3",1
"andeq r0, r0, r0",1
"andeq r0, r0, r0",1
"andeq r0, r0, ip, lsl r0",1
"ldmibeq r0, {r1} ^",1
"andeq r0, r4, r0",1
"andeq r0, r0, r0",1
"ldrdeq sb, sl, [r0], -r8",1
"andeq r0, r0, r0, lsr 2",1
"andeq r0, r0, r0",1
"andeq r0, r0, r0",1
"andeq r0, r0, r4, lsl r0",1
beq 0xff585e14,1
"andeq r0, r4, r0",1
"andeq r0, r0, r0",1
"andeq r0, r0, r0",1
"andeq r0, r0, r0",1
"andeq r0, r0, ip, lsl r0",1
bleq 0x17c5e2c,1
"andeq r0, r4, r0",1
"andeq r0, r0, r0",1
"strdeq sb, sl, [r0], -r8",1
"strdeq r0, r1, [r0], -ip",1
"andeq r0, r0, r0",1
"andeq r0, r0, r0",1
"andeq r0, r0, ip, lsl r0",1
svceq 0xc50002,1
"andeq r0, r4, r0",1
"andeq r0, r0, r0",1
"strdeq sb, sl, [r0], -r4",1
"andeq r0, r0, r8, lsl r1",1
"andeq r0, r0, r0",1
"andeq r0, r0, r0",1
"andeq r0, r0, ip, lsl r0",1
invalid,1
"andeq r0, r4, r0",1
"andeq r0, r0, r0",1
"andeq sb, r0, ip, lsl 16",1
"andeq r2, r0, r8, lsl 1",1
"andeq r0, r0, r0",1
"andeq r0, r0, r0",1
"andeq r0, r0, ip, lsl r0",1
"tsths r5, 2",1
"andeq r0, r4, r0",1
"andeq r0, r0, r0",1
"muleq r0, r4, r8",1
"andeq r0, r0, r0, lsl 14",1
"andeq r0, r0, r0",1
"andeq r0, r0, r0",1
"andeq r0, r0, r4, lsl r0",1
"stmdahs r4!, {r1} ^",1
"andeq r0, r4, r0",1
"andeq r0, r0, r0",1
"andeq r0, r0, r0",1
"andeq r0, r0, r0",1
"andeq r0, r0, ip, lsl r0",1
"ldmhs sp!, {r1} ^",1
"andeq r0, r4, r0",1
"andeq r0, r0, r0",1
"muleq r0, r4, pc",1
"andeq r0, r0, r8, asr 7",1
"andeq r0, r0, r0",1
"andeq r0, r0, r0",1
"andeq r0, r0, ip, lsl r0",1
"stchs p0, c0, [r3], -8",1
"andeq r0, r4, r0",1
"andeq r0, r0, r0",1
"andeq ip, r0, ip, asr r3",1
"andeq r0, r0, ip, lsr r0",1
"andeq r0, r0, r0",1
"andeq r0, r0, r0",1
"andeq r0, r0, ip, lsl r0",1
"stclhs p0, c0, [r5], {2}",1
"andeq r0, r4, r0",1
"andeq r0, r0, r0",1
"muleq r0, r8, r3",1
"muleq r0, r8, r0",1
"andeq r0, r0, r0",1
"andeq r0, r0, r0",1
"andeq r0, r0, ip, lsl r0",1
"stchs p0, c0, [r8, 8]",1
"andeq r0, r4, r0",1
"andeq r0, r0, r0",1
"andeq ip, r0, r0, lsr r4",1
"ldrdeq r0, r1, [r0], -r8",1
"andeq r0, r0, r0",1
"andeq r0, r0, r0",1
"andeq r0, r0, ip, lsl r0",1
"sbcslo r0, r5, r2",1
"andeq r0, r4, r0",1
"andeq r0, r0, r0",1
"andeq ip, r0, r8, lsl 10",1
"andeq r0, r0, ip, lsl 10",1
"andeq r0, r0, r0",1
"andeq r0, r0, r0",1
"andeq r0, r0, ip, lsl r0",1
svclo 0x5a0002,1
"andeq r0, r4, r0",1
"andeq r0, r0, r0",1
"andeq ip, r0, r4, lsl sl",1
"andeq r0, r0, r0, lsl 2",1
"andeq r0, r0, r0",1
"andeq r0, r0, r0",1
"andeq r0, r0, ip, lsl r0",1
"addsmi r0, sl, 2",1
"andeq r0, r4, r0",1
"andeq r0, r0, r0",1
"andeq ip, r0, r4, lsl fp",1
"andeq r0, r0, r4, lsr 1",1
"andeq r0, r0, r0",1
"andeq r0, r0, r0",1
"andeq r0, r0, ip, lsl r0",1
"ldrbmi r0, [r5, 2]",1
"andeq r0, r4, r0",1
"andeq r0, r0, r0",1
"strheq ip, [r0], -r8",1
"andeq r0, r0, r0, lsl 2",1
"andeq r0, r0, r0",1
"andeq r0, r0, r0",1
"andeq r0, r0, ip, lsl r0",1
"stmdbmi fp!, {r1}",1
"andeq r0, r4, r0",1
"andeq r0, r0, r0",1
"strheq ip, [r0], -r8",1
"andeq r0, r0, r0, lsr 10",1
"andeq r0, r0, r0",1
"andeq r0, r0, r0",1
"andeq r0, r0, ip, lsl r0",1
blmi 0xffa85fe4,1
"andeq r0, r4, r0",1
"andeq r0, r0, r0",1
"ldrdeq sp, lr, [r0], -r8",1
"andeq r0, r0, r8, asr 1",1
"andeq r0, r0, r0",1
"andeq r0, r0, r0",1
"andeq r0, r0, ip, lsl r0",1
"ldclmi p0, c0, [r6], {2}",1
"andeq r0, r4, r0",1
"andeq r0, r0, r0",1
"andeq sp, r0, r0, lsr 5",1
"andeq r0, r0, r0, lsl r0",1
"andeq r0, r0, r0",1
"andeq r0, r0, r0",1
"andeq r0, r0, ip, lsl r0",1
"stclmi p0, c0, [r2, 8]",1
"andeq r0, r4, r0",1
"andeq r0, r0, r0",1
"strheq sp, [r0], -r0",1
"andeq r0, r0, r8, rrx",1
"andeq r0, r0, r0",1
"andeq r0, r0, r0",1
"andeq r0, r0, ip, lsl r0",1
svcmi 0x40002,1
"andeq r0, r4, r0",1
"andeq r0, r0, r0",1
"andeq sp, r0, r8, lsl r3",1
"andeq r0, r0, ip, lsr 32",1
"andeq r0, r0, r0",1
"andeq r0, r0, r0",1
"andeq r0, r0, r4, lsr 32",1
"andpl r0, sb, r2",1
"andeq r0, r4, r0",1
"andeq r0, r0, r0",1
"andeq r8, r0, r4, lsl ip",1
"andeq r0, r0, r4",1
"andeq sp, r0, r8, asr 6",1
"andeq r0, r0, r4",1
"andeq r0, r0, r0",1
"andeq r0, r0, r0",1
"andeq r0, r0, fp, lsr 1",1
"andeq r0, r0, r2",1
invalid,1
"andeq r0, r0, r0",1
"andeq r8, r0, r8, lsr 29",1
"andeq r8, r0, r4, ror 29",1
"eorvc r2, pc, lr, lsr 28",1
"cmnvc r4, 0xf0000006",1
"cmnvc sb, 0xbc000000",1
"cmnvc r0, 100, 10           ; 0x64",1
"ldclvs p1, c6, [r2, -0xbc]!",1
"cmnvs r4, pc, lsr 6",1
invalid,1
svcvs 0x682f00,1
bvs 0xbdf66c,1
blvs 0x1ca3644,1
"stmdbvc pc!, {r0, r2, r5, r6, sl, ip, sp, lr}",1
svcvs 0x74636f,1
"ldmdbvs r5!, {r0, r1, r2, r3, r5, sb, sp, lr} ^",1
"strtvc r6, [pc], -0x46c",1
"strvc r7, [pc, -sp, rrx]!",1
svchs 0x6b726f,1
"strbtvc r7, [sp], -r1, ror 4",1
"qasxvc r6, sp, r7",1
"cdpvs p0, 2, c7, c13, c6, 3",1
"stclhs p15, c6, [lr, -0x194]!",1
"stmdbvc fp!, {r4, r5, r6, r8, sb, sl, fp, sp, lr} ^",1
"cdpvs p12, 6, c6, c9, c13, 1",1
invalid,1
invalid,1
"strvs r6, [0x00005796]!",1
"rsbvs r6, sb, 0x6700",1
"cdphs p15, 3, c2, c2, c3, 3",1
"eorvc r3, sp, 0xc40000",1
invalid,1
invalid,1
invalid,1
"stmdbvs ip!, {r0, r1, r2, r4, r5, r8, sb, sl, fp, sp} ^",1
invalid,1
"smlsdxmi r0, r3, r5, r7",1
invalid,1
"mrchs p0, 1, r2, c2, c3, 2",1
invalid,1
"strhi r0, [r0, 0x100]",1
"andeq r0, r0, 0",1
"andeq r1, r0, r0, lsl 8",1
"cdpeq p4, 0, c0, c1, c0, 0",1
invalid,1
"andeq r2, r0, r5, asr r4",1
"andeq r0, r0, r1, rrx",1
"andeq r0, r0, pc, asr r0",1
invalid,1
"andeq r0, r0, 0",1
"eorseq r0, pc, r2, lsl 14",1
"streq r0, [r2], -0",1
"andeq r2, r0, r7, lsl 8",1
"streq r0, [r4, -r0, lsl 4]",1
"andeq r0, r0, pc, lsl r0",1
"movwlo r0, 0x6102",1
"andeq r0, r0, 0",1
"sbceq r0, fp, r2, lsl 10",1
"streq r0, [r3], -0",1
"strbtvc r6, [lr], -0x905",1
"streq r0, [r8, -0x200]",1
"andeq r0, r0, r0",1
bne 0x1c818c,1
"andeq r0, r0, 0",1
"andeq r0, r5, r4, lsl 10",1
"streq r0, [r2], -0",1
"andeq sp, r0, r7, lsl 10",1
"stmdaeq r1, {sb}",1
"andeq r0, r0, sl, lsr r0",1
"andeq r5, r0, r4, lsl 4",1
"tsthi r8, 0, 2",1
invalid,1
"movtle r0, 0xc305",1
"strmi r0, [r5, -r0]",1
"andeq r0, r0, r0",1
"andeq r0, r0, r6, lsr 1",1
"subseq r0, r2, r2",1
invalid,1
"andeq r0, r0, r6, lsl 1",1
"andeq r0, r0, r0",1
"eorvc r2, pc, lr, lsr 28",1
"cmnvc r4, 0xf0000006",1
"cmnvc sb, 0xbc000000",1
"cmnvc r0, 100, 10           ; 0x64",1
"ldclvs p1, c6, [r2, -0xbc]!",1
"ldrbtvc r6, [r2], -0x32f",1
"subseq r2, r3, sb, ror 28",1
"stclvs p8, c6, [0x0000612c]!",1
"rsbvs r2, sl, 0x194",1
"strbvs r7, [fp, -0x275]!",1
svcvs 0x792f74,1
svchs 0x6f7463,1
"stclvs p5, c7, [sb], -0x188",1
"ldclvs p15, c2, [r4, -0x190]!",1
svcvs 0x772f70,1
invalid,1
invalid,1
"ldrbtvs r2, [r6], -r1, ror 26",1
"strbvs r2, [lr, -0xd70]!",1
"eorvc r6, sp, pc, ror 28",1
invalid,1
"strbvc r6, [lr, -0x96c]!",1
"mcrvs p13, 3, r2, c7, c8, 3",1
"rsbvs r6, r1, 0x1d400000",1
"strbvs r2, [r5, -sb, ror 30]!",1
invalid,1
invalid,1
"cmnlo r2, 0xdc0",1
"stclvs p5, c6, [r7], -0xbc",1
"stclhs p2, c6, [r3, -0x1a4]!",1
invalid,1
"rsbvs r6, sb, 0x2f00",1
invalid,1
"mcrmi p0, 2, r0, c7, c5, 3",1
"movtpl r2, 0x1055",1
"eorlo r3, lr, 32, 4",1
"eorseq r2, r1, r3, lsr lr",1
invalid,1
"andeq r0, r2, r0",1
"andeq r0, r0, r4, rrx",1
"andeq r0, lr, r4, lsl 2",1
"andle r0, r1, r0",1
invalid,1
invalid,1
invalid,1
invalid,1
"andeq r0, r0, 0",1
"andeq r0, r0, sl, lsr 2",1
"eorseq sp, r0, r3, lsl 10",1
"streq r0, [r3], -0",1
"andeq r2, r0, r7, lsl 8",1
"stmdaeq r1, {r8, sb}",1
"andeq r0, r0, r1, lsr r0",1
svclo 0x70203,1
"movweq r0, 0",1
"andseq r0, pc, r4, lsl 14",1
"mrseq r0, apsr",1
"andeq r3, r0, r6, lsl 6",1
"streq r0, [r2, -0x300]",1
"andeq r0, r0, fp, asr 1",1
"stmdbvs r5, {r2, sl}",1
"movweq r7, 0x46e",1
"andeq r0, r0, r8, lsl 10",1
invalid,1
"andeq r1, r0, r7, lsl 20",1
"eoreq r0, r8, 0, 4",1
"strlo r0, [r4, -r0]",1
"andeq r0, r0, r1, rrx",1
"andeq r4, r2, r2, lsl 18",1
"strhi r0, [ip, 0x400]",1
"movweq r0, 0",1
"andeq r0, r5, r4, lsl 10",1
svclo 0x20000,1
"streq r0, [r0], -2",1
"andeq r6, r0, sp, lsl 31",1
"streq r0, [r4, -r0, lsl 6]",1
"ldrdeq r0, r1, [r0], -r5",1
"streq r0, [r6], -0x405",1
"andeq r0, r0, r6, lsr 1",1
blo 0x206714,1
"streq r0, [r0, -r0]",1
"muleq r0, ip, r1",1
"ldmvs r6!, {r3, r4, r7, r8, sl} ^",1
"stmdaeq r0, {r1}",1
"andeq r0, r0, r6, ror r6",1
"subseq pc, sl, r5, lsl 14",1
"movwhs r0, 0x2000",1
"bicseq r0, lr, r0, lsl 16",1
invalid,1
"andeq r0, r0, r0, lsr 1",1
"stmdaeq r4, {r1, r8, sb, sp}",1
"andeq r0, r0, sl, asr r1",1
"adceq pc, r0, r5, lsl 26",1
"movwhs r0, 0x2000",1
"addeq r0, sl, 8, 16",1
"cdp2 p0, 0, c0, c5, c0, 0",1
"andeq r0, r0, r0, lsr 1",1
"stmdaeq ip, {r1, r8, sb, sp}",1
"andeq r0, r0, r6, asr 3",1
"adceq pc, r0, r5, lsl 30",1
"movwhs r0, 0x2000",1
"teqeq r1, r0, lsl sb",1
"andeq r0, r5, r0",1
"andeq sl, r0, r1",1
"strtne r0, [r3], -0x200",1
"andeq r3, r2, sb, lsl 2",1
"mrseq r0, apsr",1
"andeq r0, r0, r0, lsr 1",1
"ldmdbeq r8, {r1, r8, sb, sp}",1
"andeq r0, r0, r4, asr 2",1
"andge r0, r1, r5, lsl 4",1
"andeq r0, r0, 0",1
invalid,1
"streq r0, [r0, -1]",1
"adceq r0, r0, r3, lsl 2",1
"movwhs r0, 0x2000",1
"adceq r0, r7, 32, 18",1
"streq r0, [r5, -0]",1
"andeq sl, r0, r1",1
"strths r0, [r3], -0x200",1
"andeq r5, r2, sb, lsl 16",1
invalid,1
"andeq r0, r0, r0, lsr 1",1
"stmdbeq r8!, {r1, r8, sb, sp}",1
"andeq r0, r0, sp, lsl r1",1
"andge r0, r1, r5, lsl 14",1
"andeq r0, r0, 0",1
invalid,1
"streq r0, [r0, -1]",1
"adceq r0, r6, 0x40000002",1
"movwhs r0, 0x2000",1
"subseq r0, r1, 48, 18",1
bleq 0x1463dc,1
"andeq sl, r2, r1, lsl 24",1
"strtlo r0, [r3], -0x200",1
"andeq pc, r0, sb, lsl 14",1
"mrseq r0, apsr",1
"andeq r0, r0, sl, asr r0",1
"ldmdbeq r8!, {r1, r8, sb, sp}",1
"andeq r0, r0, ip, ror r2",1
bpl 0x4a810,1
"andeq r0, r0, 0",1
"str r3, [sb, -0xc23]",1
"streq r0, [r0, -0]",1
"rsbseq r0, sl, r3, lsl r1",1
"movwhs r0, 0x2000",1
"orreq r0, r0, r0, asr 18",1
"strne r0, [r5, -r0]",1
"andeq r3, r0, r1, lsl 28",1
"strtmi r0, [r3], -0x200",1
"andeq sb, r2, sb, lsl 16",1
"tsteq r8, r0, lsl 10",1
"andeq r0, r0, ip, asr 32",1
"stmdbeq r6, {r1, r8, sb, sp} ^",1
"strheq r0, [r0], -r5",1
"andlt r1, r1, 0x14000",1
"andeq r0, r0, 2",1
bvc 0x2580cc,1
"streq r0, [r0, -1]",1
"sbceq r0, r2, 0x40000007",1
"movwhs r0, 0x2000",1
"rsceq r0, sb, r8, asr 18",1
"strhs r0, [r5], -r0",1
"andeq r8, r0, r1, lsl 24",1
"eorpl r0, r3, r0, lsl 4",1
"andeq r0, r2, sb, lsl 22",1
invalid,1
"muleq r0, lr, r0",1
"ldmdbeq r8, {r1, r8, sb, sp} ^",1
"strheq r0, [r0], -pc",1
"cdpls p0, 0, c3, c1, c5, 0",1
"andeq r0, r0, 0",1
bne 0x25d508,1
"streq r0, [r0, -2]",1
"addseq r0, lr, r1, lsr r1",1
"movwhs r0, 0x2000",1
"eoreq r0, r1, 96, 18",1
"andlo r0, r5, 0",1
"andeq sb, r0, r1, lsl 28",1
"strtvs r0, [r3], -0x200",1
"andeq lr, r1, sb, lsl 22",1
"teqeq r3, r0, lsl 10",1
"andeq r0, r0, r5, lsr 32",1
"stmdbeq r8!, {r1, r8, sb, sp} ^",1
"andeq r0, r0, r4, lsl 5",1
bpl 0x538c4,1
"andeq r0, r0, 0",1
"strle r6, [sb, -0xc23]",1
"streq r0, [r0, -1]",1
"sbceq r0, r8, 0xc000000d",1
"movwhs r0, 0x2000",1
"mcrle p0, 0, r0, c10, c0, 3",1
"streq r0, [r0, -2]",1
invalid,1
"streq r0, [ip, -0]",1
"andeq sl, r2, r1, lsr 13",1
"andeq r0, r5, 0, 16",1
"andge r0, r5, 0",1
"andeq r0, r0, r6, lsr 5",1
"stmdaeq r0, {r1, r8, sb, sp}",1
"muleq r0, r6, r1",1
"adceq sl, ip, 0x14000000",1
"movwhs r0, 0x2000",1
"orreq r0, ip, r4, lsl 16",1
"strge r0, [r5, -r0]",1
"andeq r0, r0, sl, asr r0",1
"andeq r2, r8, r2, lsl 6",1
"rsbeq r0, pc, 0x6000000",1
"streq r0, [r6], -0",1
"andeq r0, r0, sp, lsr 1",1
"andeq sl, r0, fp, lsl 12",1
"andeq ip, r2, r0, lsl 4",1
"addseq r0, r7, r0, lsl 24",1
"andeq r0, r0, r0",1
"rsbeq r0, r8, 0x6000000",1
"strge r0, [fp], -r0",1
invalid,1
invalid,1
"muleq r0, r7, r0",1
"streq r0, [r6], -0x27",1
"ldrdeq r0, r1, [r0], -lr",1
"andeq sl, r0, sp, lsl 12",1
"subseq r0, sl, r0, lsl 28",1
invalid,1
invalid,1
invalid,1
"stmdalt r0, {r0, r1, r2, r3, r7}",1
"muleq r0, r0, r0",1
invalid,1
"andeq r0, r0, r2, lsl r3",1
"andeq r6, r1, r0, lsl lr",1
"eorseq r0, sp, 0, 2",1
"ldrdeq r0, r1, [r0], -r8",1
"rsbeq sb, ip, r2, lsl 2",1
"andeq fp, r2, r1, lsl r5",1
"subeq r0, sp, 0, 2",1
"addseq fp, r0, r1, lsl 16",1
"addseq pc, r0, r0, lsl 24",1
"andeq r2, r0, r0, lsl 24",1
"tsteq r2, r0, lsl 2",1
"strdeq r0, r1, [r0], -r1",1
invalid,1
"strgt r0, [r0], -0x90",1
"stmdapl r0, {r0, r4, r7}",1
invalid,1
"andeq r0, r0, r1, asr r3",1
"andeq pc, r1, r3, lsl lr",1
bpl 0x846da8,1
"andeq r0, r0, 0",1
"strne r7, [r0], -0x491",1
"andeq r3, r1, r1, lsl 30",1
"teqeq r4, r0, lsl 4",1
"andeq r0, r0, sl, asr r0",1
"andeq sb, r0, r4, asr 3",1
"andeq sb, r0, ip, asr 6",1
"andeq r0, r0, r4, lsl 1",1
"andeq sb, r3, r1, lsl 18",1
invalid,1
"strlo r0, [r2], -0",1
"andeq r0, r0, sl, asr r0",1
invalid,1
"muleq r0, r1, r1",1
"orrseq r3, sb, 0x2000000",1
invalid,1
"rsbvc r1, r3, r0, ror 10",1
"eorsge r0, r6, r0, lsl 4",1
"andeq r0, r0, 0",1
invalid,1
"andeq sl, r0, r4",1
invalid,1
invalid,1
"andeq r0, r0, ip, lsr 5",1
"ldrvs r0, [r6, -r1, lsl 2]",1
"streq r0, [r0], -r1",1
"andeq sl, r2, sl, lsr 25",1
"strne r0, [r1], -r0, lsl 2",1
"ldrdeq r0, r1, [r0], -lr",1
"subseq r4, sl, r7, lsl 16",1
"mrseq r0, apsr",1
"andeq r1, r2, r6, lsl r2",1
"stmdale r1, {fp}",1
invalid,1
"sbceq r1, r3, 0x100000",1
"andne r0, sb, 0",1
"andeq r0, r0, r3, ror 5",1
"ldrls r0, [r6], -r1, lsl 2",1
beq 0x6654,1
"andeq sp, r2, r0, lsr 16",1
"andeq r0, r1, r0, lsl 2",1
"andeq r0, r0, lr, lsr r0",1
"moveq r0, r2",1
invalid,1
"andeq r0, r0, lr",1
"andeq lr, r2, r1, lsl 18",1
"andeq pc, r0, r0, lsl 30",1
"andeq r3, r2, r0, lsl 4",1
"andseq r0, r2, 0, 4",1
"andeq r0, r1, 0",1
"andeq r0, r0, pc, lsr 32",1
invalid,1
"movweq r0, 0x15c",1
"andeq r3, r0, r4, lsl 10",1
"eorseq r0, sl, r0, lsl 8",1
"mrseq r0, apsr",1
"andeq r3, r0, r8, lsl 20",1
invalid,1
"andeq r0, r2, r0",1
"andeq r0, r0, r1, ror 3",1
"andeq r0, lr, r4, lsl 2",1
"cdpmi p0, 0, c0, c1, c0, 0",1
invalid,1
invalid,1
"stmdale r0, {r0, r1, r4, r7}",1
"mulvs r0, r4, r0",1
"andeq r0, r0, 2",1
"cdpvs p5, 6, c0, c9, c4, 0",1
bhs 0xc688c,1
"andeq r0, r0, 1",1
"ldrdeq r3, r4, [r0], -r5",1
"streq r0, [r4, -r0, lsl 8]",1
"andeq r0, r0, r4, lsr 32",1
invalid,1
"streq r0, [r0], -0",1
"eorseq r0, pc, r2, lsl 14",1
"streq r0, [r4], -0",1
"andeq r1, r0, r7, lsl 30",1
"streq r0, [r1], -r0, lsl 8",1
"andeq r0, r0, r3, lsr r0",1
blgt 0x146efc,1
"streq r0, [r0], -0",1
"andeq r0, r0, r8, lsl 10",1
invalid,1
"andeq r1, r0, r7, lsl 20",1
"eoreq r0, r8, 0, 6",1
"strlo r0, [r3, -r0]",1
"andeq r0, r0, r1, rrx",1
"andeq r4, r2, r3, lsl 18",1
"strhi r0, [ip, 0x300]",1
"streq r0, [r0], -0",1
"andeq r0, r5, r4, lsl 10",1
svclo 0x30000,1
"movweq r0, 2",1
"andeq r6, r0, sp, lsl 31",1
"streq r0, [r4, -r0, lsl 8]",1
"ldrdeq r0, r1, [r0], -r5",1
"streq r0, [r6], -0x405",1
"andeq r0, r0, r6, lsr 1",1
blo 0x206b48,1
"streq r0, [r0, -r0]",1
"muleq r0, ip, r1",1
"ldmvs r6!, {r3, r4, r7, sl} ^",1
"stmdaeq r0, {r1}",1
"andeq r0, r0, r6, ror r6",1
"eoreq pc, r5, r4, lsl 14",1
"movwhs r0, 0x2000",1
"bicseq r0, lr, r0, lsl 16",1
invalid,1
"andeq r0, r0, r0, lsr 1",1
"stmdaeq r4, {r1, r8, sb, sp}",1
"andeq r0, r0, sl, asr r1",1
"adceq pc, r0, r4, lsl 26",1
"movwhs r0, 0x2000",1
"addeq r0, sl, 8, 16",1
"cdp2 p0, 0, c0, c4, c0, 0",1
"andeq r0, r0, r0, lsr 1",1
"stmdaeq ip, {r1, r8, sb, sp}",1
"andeq r0, r0, r6, asr 3",1
"adceq pc, r0, r4, lsl 30",1
"movwhs r0, 0x2000",1
"teqeq r1, r0, lsl sb",1
"andeq r0, r4, r0",1
"andeq sl, r0, r1",1
"strtne r0, [r3], -0x200",1
"andeq r3, r2, sb, lsl 2",1
"mrseq r0, apsr",1
"andeq r0, r0, r0, lsr 1",1
"ldmdbeq r8, {r1, r8, sb, sp}",1
"andeq r0, r0, r4, asr 2",1
"andge r0, r1, r4, lsl 4",1
"andeq r0, r0, 0",1
invalid,1
"streq r0, [r0], -1",1
"adceq r0, r0, r3, lsl 2",1
"movwhs r0, 0x2000",1
"adceq r0, r7, 32, 18",1
"streq r0, [r4, -0]",1
"andeq sl, r0, r1",1
"strths r0, [r3], -0x200",1
"andeq r5, r2, sb, lsl 16",1
invalid,1
"andeq r0, r0, r0, lsr 1",1
"stmdbeq r8!, {r1, r8, sb, sp}",1
"andeq r0, r0, sp, lsl r1",1
"andge r0, r1, r4, lsl 14",1
"andeq r0, r0, 0",1
invalid,1
"streq r0, [r0], -1",1
"adceq r0, r6, 0x40000002",1
"movwhs r0, 0x2000",1
"subseq r0, r1, 48, 18",1
bleq 0x10680c,1
"andeq sl, r2, r1, lsl 24",1
"strtlo r0, [r3], -0x200",1
"andeq pc, r0, sb, lsl 14",1
"mrseq r0, apsr",1
"andeq r0, r0, r5, lsr 32",1
"ldmdbeq r8!, {r1, r8, sb, sp}",1
"andeq r0, r0, ip, ror r2",1
"strhs r1, [r1, -0x104]",1
"andeq r0, r0, 0",1
"str r3, [sb, -0xc23]",1
"streq r0, [r0], -0",1
"rsbseq r0, sl, r3, lsl r1",1
"movwhs r0, 0x2000",1
"orreq r0, r0, r0, asr 18",1
"strne r0, [r4, -r0]",1
"andeq r4, r0, r1, lsl 10",1
"strtmi r0, [r3], -0x200",1
"andeq sb, r2, sb, lsl 16",1
"tsteq r8, r0, lsl 8",1
"andeq r0, r0, r3, asr r0",1
"stmdbeq r6, {r1, r8, sb, sp} ^",1
"strheq r0, [r0], -r5",1
"andlt r1, r1, 4, 18",1
"andeq r0, r0, 2",1
bvc 0x2584fc,1
"streq r0, [r0], -1",1
"sbceq r0, r2, 0x40000007",1
"movwhs r0, 0x2000",1
"rsceq r0, sb, r8, asr 18",1
"strhs r0, [r4], -r0",1
"andeq r8, r0, r1, lsl 24",1
"eorpl r0, r3, r0, lsl 4",1
"andeq r0, r2, sb, lsl 22",1
invalid,1
"muleq r0, lr, r0",1
"ldmdbeq r8, {r1, r8, sb, sp} ^",1
"strheq r0, [r0], -pc",1
"cdpls p0, 0, c3, c1, c4, 0",1
"andeq r0, r0, 0",1
bne 0x25d938,1
"streq r0, [r0], -2",1
"addseq r0, lr, r1, lsr r1",1
"movwhs r0, 0x2000",1
"eoreq r0, r1, 96, 18",1
"andlo r0, r4, 0",1
"andeq sb, r0, r1, lsl 28",1
"strtvs r0, [r3], -0x200",1
"andeq lr, r1, sb, lsl 22",1
"teqeq r3, r0, lsl 8",1
"andeq r0, r0, ip, lsr 32",1
"stmdbeq r8!, {r1, r8, sb, sp} ^",1
"andeq r0, r0, r4, lsl 5",1
"strhs r3, [r1, -0x504]",1
"andeq r0, r0, 0",1
"strle r6, [sb, -0xc23]",1
"streq r0, [r0], -1",1
"sbceq r0, r8, 0xc000000d",1
"movwhs r0, 0x2000",1
"mcrle p0, 0, r0, c10, c0, 3",1
"streq r0, [r0], -2",1
invalid,1
"streq r0, [ip], -0",1
"andeq sl, r2, r1, lsr 13",1
"andeq r0, r5, 0, 16",1
"andge r0, r4, 0",1
"andeq r0, r0, r6, lsr 5",1
"stmdaeq r0, {r1, r8, sb, sp}",1
"muleq r0, r6, r1",1
"adceq sl, ip, 4, 6",1
"movwhs r0, 0x2000",1
"orreq r0, ip, r4, lsl 16",1
"strge r0, [r4, -r0]",1
"andeq r0, r0, r5, lsr 32",1
"andeq r2, r8, r2, lsl 6",1
"rsbeq r0, pc, 0x6000000",1
"streq r0, [r6], -0",1
"andeq r0, r0, sp, lsr 1",1
"andeq sl, r0, fp, lsl 12",1
"andeq ip, r2, r0, lsl 4",1
"addseq r0, r7, r0, lsl 24",1
"andeq r0, r0, r0",1
"rsbeq r0, r8, 0x6000000",1
"strge r0, [fp], -r0",1
invalid,1
invalid,1
"muleq r0, r7, r0",1
"streq r0, [r6], -0x27",1
"ldrdeq r0, r1, [r0], -lr",1
"andeq sl, r0, sp, lsl 12",1
"eoreq r0, r5, r0, lsl 28",1
"mrseq r0, apsr",1
"strdeq r0, r1, [r0], -r7",1
invalid,1
"stmdavc r0, {r0, r1, r4, r7}",1
"mullt r0, r3, r0",1
invalid,1
"andeq r0, r0, r1, lsl r3",1
"andeq r1, r3, r0, lsl lr",1
"stmdale sb!, {r8}",1
"andeq r0, r0, 2",1
svceq 0x7491,1
"andeq r2, r3, r1, lsl 6",1
"mrseq r0, spsr",1
"andeq sb, r0, r8, ror r3",1
"andeq sb, r0, r8, lsr 7",1
"ldrdeq r0, r1, [r0], -ip",1
"andeq r3, r3, r1, lsl 20",1
"movteq r1, 0x7000",1
"cdpmi p0, 0, c0, c1, c0, 0",1
"andeq r0, r0, sl, lsr r3",1
"rsbseq sb, r7, r2, lsl 2",1
invalid,1
invalid,1
"andeq r5, r3, r1, lsl 26",1
invalid,1
"andeq sb, r0, r8, lsr 7",1
"ldrdeq sb, sl, [r0], -r8",1
"andeq r0, r0, r8, lsl 2",1
"andeq r7, r3, r1, lsl 8",1
invalid,1
"strls r0, [r4], 0",1
"andsne r0, r3, 0",1
invalid,1
"andeq sp, r2, r0, ror r8",1
"ldcvs p2, c0, [r1], {0}",1
invalid,1
invalid,1
"andeq sp, r2, r4, lsr 16",1
"andeq r0, r3, r0, lsl 10",1
"movwne r0, 0x15d",1
"andeq r0, r0, r4, lsr r3",1
"teqeq sl, 1, 28",1
"movweq r0, 0x5000",1
"andeq r5, r1, r4, lsl 26",1
"andeq r6, r3, r4, lsl r3",1
"stcge p5, c0, [sb], 0",1
invalid,1
invalid,1
bge 0x146a38,1
"andeq r0, r0, ip, lsr 5",1
"tstgt r4, 0x40000000",1
"streq r0, [r0], -r2",1
"andeq lr, r2, r2, lsl r3",1
"andeq r0, r1, r0, lsl 2",1
"andeq r0, r0, r2, lsl 2",1
"rsceq r0, ip, 2",1
invalid,1
"andeq r0, r0, lr",1
"andeq sb, r3, r1, lsl 14",1
"andeq pc, r0, r0, lsl 30",1
"addseq sp, r4, r0, lsl 16",1
"addseq pc, r5, r0, lsl 16",1
"andeq r4, r3, r0, lsl 12",1
"streq r0, [r4, -0x200]",1
"rsbseq r6, r4, sb, ror 28",1
"andeq r2, r1, r3, lsl 20",1
"ldrblo r0, [r5, r0, lsl 4]",1
"streq r0, [r0], -0",1
"eoreq r0, r4, r4, lsl 14",1
"streq r0, [r4], -0",1
"andeq sp, r0, r7, lsl 10",1
"streq r0, [r2, -r0, lsl 8]",1
"andeq r0, r0, pc, lsr r0",1
"subseq r0, r2, r5, lsl 8",1
"strpl r0, [r6, -r0]",1
"streq r0, [r0], -0",1
"eorseq r0, sl, r1, lsl 16",1
"mrseq r0, apsr",1
"andeq r0, r0, sl, ror 6",1
"movwlt r1, 0x1e01",1
invalid,1
invalid,1
"strlo r0, [r0], -0x95",1
invalid,1
"strheq r0, [r0], -r3",1
"andeq sp, r3, r8, lsl 10",1
invalid,1
"andeq r0, r0, 0",1
"movwls r6, 0x9491",1
invalid,1
"andeq r4, r0, r0, lsr 24",1
"ldrvc r0, [r1], 0x200",1
invalid,1
"andeq r4, r0, r1, lsr 24",1
"addsvc r0, r1, r0, lsl 4",1
"andeq r8, r3, sb, lsl 4",1
"stmdblt r2!, {r8}",1
"andeq r0, r0, 0",1
"streq r6, [r0, -0xf91]",1
"andeq r5, r0, r4, lsl 14",1
"andeq r0, r1, 0, 8",1
"andeq r0, r0, r1, asr 6",1
"cmneq sb, 0xc0000002",1
blo 0x46b14,1
"andeq r2, r0, r1, lsl 24",1
"addseq r8, r5, r0, lsl 24",1
"addseq pc, r5, r0, lsl 16",1
"andeq r6, r1, r0",1
"strle r0, [r8, -0x100]",1
invalid,1
"andeq r4, r0, sl, lsr ip",1
"ldcvs p2, c0, [r1], {0}",1
"cdpvs p12, 6, c6, c5, c10, 0",1
"ldchs p1, c0, [ip], -0",1
"andeq r0, r0, 0",1
invalid,1
invalid,1
"andeq r2, r0, sp, lsr ip",1
"addsvc r0, r1, r0, lsl 4",1
"addeq r0, r5, r0",1
"andeq r0, r2, r0",1
"muleq r0, r6, r3",1
"andeq r0, lr, r4, lsl 2",1
blge 0x46b64,1
invalid,1
invalid,1
"andeq r0, r0, 3",1
"eoreq r0, r4, r4, lsl 14",1
invalid,1
"andeq r3, r0, r8, lsl 2",1
"streq r0, [r2, -r0, lsl 4]",1
"andeq r0, r0, pc, lsr r0",1
svcne 0x70402,1
"andeq r0, r0, 0",1
"eorseq r0, r3, r1, lsl 12",1
"andeq r0, r2, 0",1
"andeq ip, r0, r5, lsl 22",1
"streq r0, [r4, -0x300]",1
"rsbseq r6, r4, sb, ror 28",1
"andeq r0, r5, r2, lsl 16",1
"andeq r0, r0, 0",1
"andseq r0, sl, r8, lsl 14",1
"streq r0, [r2], -0",1
"andeq r0, r0, r5, lsl 10",1
"streq r0, [r4, -r0, lsl 4]",1
"ldrdeq r0, r1, [r0], -r5",1
blo 0x206fc8,1
"streq r0, [r0], -0",1
"andeq r0, r0, r7, asr 32",1
"andeq ip, r2, r5, lsl 6",1
"tstvc r8, r0, lsl 2",1
invalid,1
"ldcpl p3, c0, [r0], {5}",1
"andvs r0, r0, 1",1
"andeq r0, r0, 4",1
"andeq sp, r3, r0, lsl 8",1
"cdpeq p4, 0, c0, c1, c0, 0",1
invalid,1
"andeq r0, r0, ip, ror 7",1
"strdeq r0, r1, [r0], -pc",1
"strdeq sb, sl, [r0], -r8",1
"strdeq sb, sl, [r0], -r4",1
"andeq r0, r0, r6, lsr 8",1
"andeq r0, r4, r2, lsl 14",1
"eorlo r0, r8, r0, lsl 4",1
"movweq r0, 0",1
"ldrdeq r0, r1, [r0], -sl",1
bmi 0x8024,1
"streq r0, [r0], -0",1
"andeq r0, r0, r2, lsr 8",1
"andeq r0, r0, sl, asr 32",1
invalid,1
"andeq r0, r4, 0, 10",1
"ldrdeq r0, r1, [r0], -ip",1
"eoreq r6, r5, r2, lsl 12",1
bhs 0x86c34,1
"movweq r0, 1",1
"ldrdeq r6, r7, [r0], -r5",1
"streq r0, [r4, -r0, lsl 12]",1
"andeq r0, r0, r4, lsr 32",1
invalid,1
"streq r0, [r0], -r0",1
"eorseq r0, pc, r2, lsl 14",1
"streq r0, [r6], -0",1
"andeq r1, r0, r7, lsl 30",1
"streq r0, [r1], -r0, lsl 12",1
"andeq r0, r0, r3, lsr r0",1
blgt 0x14747c,1
"streq r0, [r0, -r0]",1
"cdpvs p5, 6, c0, c9, c4, 0",1
"stmdaeq r6, {r2, r4, r5, r6}",1
"andeq r0, r0, r5",1
"streq r0, [r8, -r0, lsl 12]",1
"andeq r0, r0, sl, lsl r0",1
"andeq r2, r2, r2, lsl 16",1
"teqls r7, 0, 8",1
"andeq r0, r0, 0",1
"andeq r0, r0, sb, asr 4",1
"adcseq r8, r7, r4, lsl 24",1
"streq r0, [r6], -0",1
"andeq r0, r0, r5, lsl 10",1
"eorseq r0, pc, 0, 4",1
"stchi p0, c0, [r4, -0]",1
"andeq r0, r0, r1, lsr 1",1
"strle r0, [r7, -0x406]",1
invalid,1
"andeq sp, r0, r4, lsl 12",1
"stmdaeq r1, {sb, sl}",1
"andeq r0, r0, sl, lsr r0",1
"andeq sb, r1, r3, lsl 24",1
invalid,1
"muleq r0, r8, r2",1
"andeq r7, r6, sb, lsl 12",1
"ldclhi p6, c0, [r7], 0",1
"andeq r0, r0, 0",1
"cdple p0, 0, c0, c9, c3, 1",1
"streq r0, [r0], -r1",1
"strdeq sp, lr, [r0], -ip",1
"strteq r0, [r3], -0x200",1
"andeq r5, r1, sb, lsl 20",1
"rscsle r0, sp, r0, lsl 12",1
"andeq r0, r0, 0",1
bhi 0x248d7c,1
"streq r0, [r0], -r2",1
"strdeq sp, lr, [r0], -lr",1
"stceq p2, c0, [r3], -0",1
"andeq ip, r1, sb, lsl 12",1
"rscsle r0, pc, r0, lsl 12",1
"andeq r0, r0, 0",1
invalid,1
"streq r0, [r0], -r1",1
"sbcseq r0, r0, r0, lsl 2",1
"movwhs r0, 0x2000",1
"eorseq r0, r1, 20, 20",1
invalid,1
"andeq sp, r0, r1",1
"stmdane r3!, {sb}",1
"andeq r4, r1, sl, lsl 8",1
invalid,1
"ldrdeq r0, r1, [r0], -r0",1
beq 0x70f940,1
"strdeq r0, r1, [r0], -r2",1
"andle r0, r1, r6, lsl 6",1
"andeq r0, r0, 0",1
"strge r2, [sl, -r3, lsr 32]",1
"streq r0, [r0], -r2",1
"sbcseq r0, r0, r5, lsl 2",1
"movwhs r0, 0x2000",1
"subseq r0, r8, 36, 20",1
"streq r0, [r6], -r0",1
"andeq sp, r0, r1",1
"stmdahs r3!, {sb}",1
"andeq r1, r1, sl, lsl 26",1
invalid,1
"ldrdeq r0, r1, [r0], -r0",1
beq 0xb0f97c,1
"andeq r0, r0, r1, asr r1",1
"strle r0, [r1], -r6, lsl 18",1
"andeq r0, r0, 2",1
invalid,1
"streq r0, [r0], -r2",1
"sbcseq r0, ip, 0xc0000002",1
"movwhs r0, 0x2000",1
"rscseq r0, r7, r4, lsr sl",1
"stceq p0, c0, [r6, -0]",1
"andeq r8, r0, r1, lsl 24",1
"stmdalo r3!, {sb}",1
"andeq r7, r2, sl, lsl 24",1
"tsteq r1, r0, lsl 12",1
"andeq r0, r0, ip, lsl 1",1
beq 0xf0f9b8,1
"andeq r0, r0, r5, ror 1",1
invalid,1
"andeq r0, r0, 0",1
"andhi r4, sl, r3, lsr 32",1
"streq r0, [r0], -r1",1
"rsbseq r0, r0, r7, lsl r1",1
"movwhs r0, 0x2000",1
"addseq r0, r8, 68, 20",1
invalid,1
"andeq r7, r0, r1, lsl 28",1
"strtmi r0, [r3], -r0, lsl 4",1
"andeq fp, r1, sl, lsl 10",1
"tsteq sb, r0, lsl 12",1
"andeq r0, r0, r2, ror 5",1
beq 0x11cf9f4,1
"andeq r0, r0, sl, ror r1",1
"vadd.f32 d1, d1, d6",1
"andeq r0, r0, 2",1
"stmdb sl, {r0, r1, r5, fp, lr}",1
"streq r0, [r0], -r0",1
"adcseq r0, lr, r6, lsr 2",1
"movwhs r0, 0x2000",1
"andeq r0, fp, 80, 20",1
svchs 0x60000,1
"andeq r4, r0, r1, lsl 20",1
"stmdapl r3!, {sb}",1
"andeq fp, r1, sl, lsl 30",1
"teqeq r0, r0, lsl 12",1
"andeq r0, r0, sl, asr 32",1
beq 0x170fa30,1
"andeq r0, r0, sl, lsl r2",1
bmi 0x53248,1
"andeq r0, r0, 0",1
invalid,1
"streq r0, [r0], -r2",1
"subeq r0, sl, r2, lsr r1",1
"movwhs r0, 0x2000",1
invalid,1
"movwlo r0, 0x6000",1
"andeq r5, r0, r1, lsl 14",1
"stmdavs r3!, {sb}",1
"andeq r8, r2, sl, lsl 8",1
"teqeq r5, r0, lsl 12",1
"andeq r0, r0, ip, lsl 1",1
beq 0x1b0fa6c,1
"ldrdeq r0, r1, [r0], -r5",1
invalid,1
"andeq r0, r0, 2",1
bleq 0x22f00,1
"ldrdeq r0, r1, [r0], -lr",1
bge 0xeda94,1
invalid,1
"sbcseq sl, r6, 0x80000001",1
"streq r0, [sb, -0]",1
"streq r0, [r0], -r2",1
"andeq sp, r2, r2, lsr 13",1
"eoreq r0, r3, r0, lsl 4",1
"andeq sb, r1, sb, lsl 12",1
"stcle p6, c0, [r3], 0",1
"andeq r0, r0, 2",1
invalid,1
"streq r0, [r0], -r1",1
"andeq r8, r0, r7, lsr 25",1
"stmdaeq r3!, {sb}",1
svcls 0x40800,1
"stmdaeq r0, {r1}",1
"andeq sp, r0, r4, lsl 26",1
"sbcseq r0, r6, r0, lsl 24",1
"rscseq r0, r2, 0",1
invalid,1
"andeq r0, r0, r0",1
"stmdals r4, {fp}",1
invalid,1
"ldrdeq r0, r1, [r0], -r6",1
"andeq r0, r0, r8, lsl 6",1
"andeq ip, r0, sp, lsl 18",1
"stmdaeq r0, {r8, sb, sl, sp}",1
"andeq r0, r3, r4, lsl 28",1
"sbcseq r0, r6, r0, lsl 28",1
"streq r0, [r8], -0",1
"andeq r0, r0, ip, lsl 1",1
"andeq r1, r4, r3, lsl 12",1
"stmdbvs r7, {ip}",1
"andeq r0, r0, lr, asr r3",1
"andeq sp, r3, sb, lsl 10",1
"stmdaeq fp!, {r8, sb, sl} ^",1
"andeq r0, r0, 3",1
"str r0, [sb], -0x23",1
"streq r0, [r0, -r3]",1
"andeq r8, r0, lr, ror 24",1
"strteq r0, [r3], -0x200",1
"andeq r1, r4, sb, lsl 26",1
invalid,1
"andeq r0, r0, 3",1
"strvc r0, [pc], -r3, lsr 16",1
"streq r6, [r0, -r1, ror 24]",1
"andeq r8, r0, r0, ror ip",1
"stceq p2, c0, [r3], -0",1
"strlo r1, [r1], -0",1
invalid,1
"ldrbls r0, [r8, 0x12c]!",1
"ldrbtls r0, [r4], r0",1
"orreq r0, ip, r0",1
"andeq r0, r1, r0",1
invalid,1
"andeq r0, r0, r5, lsr 3",1
"addeq r2, ip, r1, lsl 24",1
invalid,1
"orrseq r1, r1, r4, ror 2",1
"stchs p0, c0, [r1, -0]",1
"andeq r0, r0, r0, lsl 8",1
invalid,1
"andeq r0, r0, sp, asr 7",1
"movweq r2, 0x8e01",1
invalid,1
invalid,1
svchs 0x10000,1
"andeq r0, r0, r8, lsl 6",1
"cmpne r8, r2, lsl 2",1
"strdeq r0, r1, [r0], -pc",1
"movweq r3, 0x8001",1
invalid,1
"biceq r1, r2, 0, 2",1
"mrslo r0, apsr",1
"andeq r0, r0, r2, lsl r4",1
"andne sb, r4, 0x80000000",1
invalid,1
"andeq r8, r0, r4, lsr ip",1
"addsvc r0, r1, r0, lsl 4",1
"andeq r2, r4, r4, lsl r7",1
"ldchi p1, c0, [r5], -0",1
"andeq r0, r0, 0",1
"ldmdahi r5, {r0, r4, r7, sl, ip, sp, lr}",1
invalid,1
"strne r0, [r0], -0x96",1
"andeq r0, r0, r4, lsl sl",1
"subeq r4, ip, r1, lsl 12",1
invalid,1
"stmdaeq r0, {r2, r3, r5, r6}",1
"andeq sp, r0, r4",1
"andne r1, r1, 0, 12",1
"strne r0, [r0, -r4]",1
"andeq r0, r0, ip, lsl 1",1
"streq r0, [r4], -r0, lsl 16",1
invalid,1
"andeq r0, r0, sb, lsl r3",1
"andeq r0, r0, r8, lsr 8",1
"andeq ip, r0, sp, lsl 18",1
"strne r0, [r0], -0x200",1
"andeq r0, r0, sl, lsr r4",1
"ldrteq r2, [sb], -0x101",1
"movweq r0, 0x5000",1
"andeq sp, r0, r8, lsr 11",1
"andeq r1, r4, lr, lsl 16",1
invalid,1
invalid,1
"ldrdeq r0, r1, [r0], -ip",1
"cdple p1, 1, c0, c8, c1, 0",1
"streq r0, [r0, -r0]",1
"andeq r8, r0, r8, asr 24",1
"stmdane r1, {r8}",1
"andeq r0, r0, sp, lsr 8",1
"addeq r4, ip, r7, lsl 26",1
"mrseq r0, apsr",1
"andeq r5, r3, r0, lsl 28",1
"cdp2 p2, 0, c0, c0, c0, 0",1
"streq r0, [r0], -4",1
"andeq r0, r0, r1, lsl 28",1
"strbeq r0, [sp], -0x100",1
"rscseq r0, pc, r0",1
"ldrbtls r0, [r4], r0",1
invalid,1
"ldreq r0, [fp, -0]",1
"streq r0, [r2], -0",1
"strbtvc r6, [lr], -0x905",1
invalid,1
"strle r0, [r2, -0]",1
"andeq r0, r0, r7, lsr r0",1
"strhs r0, [r7], -0x404",1
"streq r0, [r0], -0",1
"eorseq r0, r1, r1, lsl 16",1
"andeq r0, r4, 0",1
"andeq r3, r0, r7, lsl 30",1
"streq r0, [r4, -r0, lsl 8]",1
"andeq r0, r0, pc, lsl r0",1
"movwlo r0, 0x6104",1
"streq r0, [r0], -0",1
"sbceq r0, fp, r2, lsl 10",1
invalid,1
"andeq r0, r0, r5",1
"streq r0, [r8, -r0, lsl 8]",1
"andeq r0, r0, sl, lsl r0",1
"andeq r2, r2, r3, lsl 16",1
"teqvs r7, r0, lsl 6",1
"movweq r0, 0",1
"andeq r0, r0, sb, asr 4",1
"addeq r8, r5, r3, lsl 24",1
"streq r0, [r4], -0",1
"andeq r0, r0, r5, lsl 10",1
"eorseq r0, pc, 0, 6",1
"stchi p0, c0, [r3, -0]",1
"andeq r0, r0, pc, rrx",1
"strle r0, [r7, -0x404]",1
"streq r0, [r0, -0]",1
"strge r0, [r4], -r4, lsl 12",1
"streq r0, [r0], -0",1
"eorseq r0, sl, r1, lsl 16",1
invalid,1
"stmdals r0, {r0}",1
"rsbeq pc, r8, 4, 12",1
"strvc r0, [r8], -r0",1
"streq r0, [r0], -6",1
"strdeq r2, r3, [r0], -r7",1
"eoreq r0, r3, r0, lsl 4",1
"andeq sp, r1, r8, lsl 28",1
"rscsge r0, ip, r0, lsl 8",1
"andeq r0, r0, 0",1
bpl 0x2081a4,1
"streq r0, [r0], -1",1
"strdeq sl, fp, [r0], -sp",1
"stmdaeq r3!, {sb}",1
"andeq r8, r2, r8, lsl 20",1
"rscsge r0, lr, r0, lsl 8",1
"andeq r0, r0, 0",1
"strgt r0, [r8], -r3, lsr 24",1
"streq r0, [r0], -1",1
"strdeq sl, fp, [r0], -pc",1
"eorne r0, r3, r0, lsl 4",1
"andeq r3, r1, sb, lsl 2",1
invalid,1
"andeq r0, r0, r0, lsr 1",1
"ldmdbeq r4, {r1, r8, sb, sp}",1
"andeq r0, r0, r1, lsr r2",1
"andge r0, r1, r4, lsl 2",1
"andeq r0, r0, 0",1
"strmi r1, [sb], -0x823",1
"streq r0, [r0], -1",1
"adceq r0, r0, r2, lsl 2",1
"movwhs r0, 0x2000",1
invalid,1
"movweq r0, 0x4000",1
"andeq sl, r0, r1",1
"eorhs r0, r3, r0, lsl 4",1
"andeq sl, r2, sb, lsl 14",1
"mrseq r0, apsr",1
"andeq r0, r0, r0, lsr 1",1
"stmdbeq r4!, {r1, r8, sb, sp}",1
"andeq r0, r0, r8, asr r2",1
"andge r0, r1, r4, lsl 12",1
"andeq r0, r0, 0",1
"stcne p8, c2, [sb, -0x8c]",1
"streq r0, [r0], -1",1
"adceq r0, r0, r7, lsl 2",1
"movwhs r0, 0x2000",1
"cmpeq r1, ip, lsr 18",1
invalid,1
"andeq sl, r2, r1, lsl 12",1
"eorlo r0, r3, r0, lsl 4",1
"andeq r5, r2, sb, lsl 2",1
"mrseq r0, apsr",1
"andeq r0, r0, ip, lsr 5",1
"ldmdbeq r4!, {r1, r8, sb, sp}",1
"strdeq r0, r1, [r0], -r7",1
"strhs r0, [r1, -0xd04]",1
"andeq r0, r0, 0",1
invalid,1
"streq r0, [r0], -2",1
"eoreq r0, r5, r1, lsl r1",1
"movwhs r0, 0x2000",1
"rsceq r0, r5, ip, lsr sb",1
"movwne r0, 0x4000",1
"andeq r7, r0, r1, lsl 20",1
"eormi r0, r3, r0, lsl 4",1
"andeq r8, r1, sb",1
"tsteq r7, r0, lsl 8",1
"andeq r0, r0, r5, asr 32",1
"stmdbeq r4, {r1, r8, sb, sp} ^",1
"muleq r0, r8, r2",1
"movwpl r1, 0x1804",1
"andeq r0, r0, 0",1
"strlt r4, [sb, -0x623]",1
"streq r0, [r0], -1",1
"adcseq r0, r2, 0x40000006",1
"movwhs r0, 0x2000",1
"cmneq sl, r7, asr 18",1
"stcne p0, c0, [r4, -0]",1
"andeq ip, r2, r1, lsl 4",1
"stmdami r3!, {sb}",1
"andeq lr, r0, sb, lsl 18",1
invalid,1
"andeq r0, r0, ip, lsl 1",1
"ldmdbeq r0, {r1, r8, sb, sp} ^",1
"andeq r0, r0, fp, lsl 4",1
"cdpls p15, 0, c2, c1, c4, 0",1
"andeq r0, r0, 0",1
svclt 0x95823,1
"streq r0, [r0], -1",1
"addseq r0, lr, r0, lsr r1",1
"movwhs r0, 0x2000",1
"andseq r0, sl, 92, 18",1
invalid,1
"andeq sb, r0, r1, lsl 28",1
"eorvs r0, r3, r0, lsl 4",1
"andeq r2, r2, sb, lsl 2",1
"teqeq r2, r0, lsl 8",1
"muleq r0, lr, r0",1
"stmdbeq r4!, {r1, r8, sb, sp} ^",1
"andeq r0, r0, fp, ror 3",1
invalid,1
"andeq r0, r0, 0",1
"strhi r6, [sb], -0x823",1
"streq r0, [r0], -2",1
"eoreq r0, r5, r5, lsr r1",1
"movwhs r0, 0x2000",1
"bicseq r0, r5, ip, ror 18",1
"strlo r0, [r4, -r0]",1
"andeq ip, r2, r1, lsl 16",1
"eorvc r0, r3, r0, lsl 4",1
"sbcseq r0, lr, 0, 20",1
blls 0x1072b0,1
"andeq sl, r1, r7, lsl 20",1
invalid,1
"andeq r0, r0, r6, lsr 5",1
"andeq r0, r2, r8, lsl 10",1
"strtge r0, [r2], r0, lsl 8",1
"andeq r0, r0, 2",1
"strls r0, [r8], -r3, lsr 32",1
"streq r0, [r0], -1",1
"andeq sl, r2, r3, lsr 25",1
"strteq r0, [r3], -0x200",1
"andeq r8, r1, r8, lsl 24",1
"strhs r0, [r7, 0x400]!",1
"andeq r0, r0, 0",1
"streq r0, [r0], -r3, lsr 16",1
"andeq r6, r2, r4, lsl 30",1
"stcge p6, c0, [r4, -0]",1
bleq 0x72f4,1
"andeq r0, r0, r6, lsr 1",1
"andeq r0, r0, r2, asr 5",1
"andeq sb, r0, ip, lsl 14",1
"streq r0, [r0], -r0",1
"andeq r6, r2, r4, lsl 16",1
"adceq r0, r6, r0, lsl 22",1
"sbcseq r0, r8, 0",1
"strls r0, [ip, -r0]",1
"strhs r0, [r0, -r0]",1
"cdple p6, 0, c0, c4, c0, 0",1
"stceq p0, c0, [r0, -8]",1
"andeq r0, r0, r6, lsr 1",1
"ldreq r0, [r2], 0x10e",1
"strhs r0, [r1, -r0]",1
"addseq pc, r6, r1, lsl 8",1
"addseq r0, r8, r0, lsl 24",1
"andeq fp, r1, r0, lsl 16",1
invalid,1
"strmi r0, [0x00007340]",1
invalid,1
"andeq sp, r2, r7, lsr 16",1
"ldcvs p2, c0, [r1], {0}",1
"eoreq fp, r0, r0, lsl r3",1
"stmdale lr!, {r8}",1
"andeq r0, r0, 2",1
"tstls r0, 0x91000000",1
invalid,1
"andeq sp, r2, pc, lsr 16",1
"addsvc r0, r1, r0, lsl 4",1
"ldreq r1, [r6], 0x100",1
"mrshs r0, apsr",1
"ldrdeq r0, r1, [r0], -r8",1
"stmdaeq r3, {r0, r8, sl}",1
"andne r0, r0, 0x40000017",1
"andeq r0, r0, sl, ror r4",1
"adceq r3, r0, r5, lsl 12",1
"mrseq r0, apsr",1
"andeq r5, r4, r2, lsl ip",1
"eorsge r0, r6, r0, lsl 10",1
invalid,1
invalid,1
bge 0x18739c,1
"andeq r0, r0, ip, lsr 5",1
b 0x77a8,1
"andeq r0, r0, 0xf",1
"andeq pc, r5, r0",1
"cdpeq p4, 0, c0, c1, c0, 0",1
invalid,1
"andeq r0, r0, sb, ror 9",1
"strdeq r0, r1, [r0], -pc",1
"andeq sb, r0, ip, lsl 16",1
"muleq r0, r4, r8",1
"andeq r0, r0, r0, lsl r6",1
"stmdbvs r5, {r1, sl}",1
"movweq r7, 0x46e",1
"andeq r0, r0, sl, lsr 2",1
"eorseq sp, r7, r2, lsl 10",1
"streq r0, [r4], -0",1
"andeq r2, r0, r7, lsl 8",1
"ldreq r0, [0x00006ee4]      ; [0x6ee4:4]=0xd60e00",1
"strmi r0, [r2, -0]",1
"andeq r3, r0, r1, lsl 14",1
"ldrbeq r0, [r8, r0, lsl 12]!",1
"movweq r0, 0x4000",1
"andeq r8, r0, r0, lsr 26",1
"streq r0, [r6], r0, lsl 14",1
"streq r0, [r0, -r0]",1
"ldrdeq r0, r1, [r0], -sp",1
"streq r0, [ip, 0x701]!",1
"streq r0, [r2, -r0]",1
"strdeq r0, r1, [r0], -r6",1
"strbeq r0, [r8, -0x703]!",1
"streq r0, [r4, -r0]",1
"andeq r0, r0, sl, lsl r7",1
"ldrbeq r0, [ip, -r5, lsl 14]",1
"streq r0, [r6, -r0]",1
"andeq r0, r0, fp, asr r7",1
"strbeq r0, [r0, -r7, lsl 14]",1
"andeq r0, r8, r0",1
"andeq r6, r6, r6, lsl 30",1
"movwle r0, 0x3400",1
"andeq r0, r0, ip, lsr 1",1
"andeq pc, r4, r7, lsl 16",1
bvc 0x1c7844,1
"andeq r0, r0, 7",1
"andeq sl, r8, r7, lsl 4",1
"streq r0, [r0], -0x400",1
"eorseq r0, r1, r1, lsl 16",1
"andeq r0, r4, 0",1
"andeq r3, r0, r7, lsl 30",1
"streq r0, [r4, -r0, lsl 8]",1
"andeq r0, r0, pc, lsl r0",1
"movwlo r0, 0x6104",1
"streq r0, [r0], -0",1
"sbceq r0, fp, r2, lsl 10",1
invalid,1
"andeq r0, r0, r5",1
"streq r0, [r8, -r0, lsl 8]",1
"andeq r0, r0, sl, lsl r0",1
"streq r0, [r5, -0x404]",1
"streq r0, [r0], -0",1
"sbcseq r0, r5, r4, lsl 14",1
"strls r0, [r3], -0",1
"streq r0, [r0], -9",1
"muleq r0, r4, sp",1
invalid,1
"streq r0, [r0], -0",1
"eorseq r0, sl, r1, lsl 16",1
"streq r0, [sb], -0",1
"cmpeq pc, r7",1
"and r0, r7, r0",1
"andhi r0, r0, sb",1
"ldrbteq r0, [sp], -r2, lsl 14",1
"streq r0, [r0], 0",1
"andeq r1, sb, r7, lsl 8",1
"streq r8, [r8, -r0]",1
"strheq r0, [r0], -r5",1
invalid,1
"andhi r0, r0, r6",1
"ldreq r0, [lr, r0, lsr 14]!",1
"addgt r0, r0, r0",1
"stmdaeq r1!, {r8, sb, sl} ^",1
"addhi r0, r0, r0",1
"ldmeq r5!, {r0, r8, sb, sl}",1
"addhi r0, r0, r0",1
"ldmibeq r5!, {r1, r8, sb, sl}",1
"streq r0, [r1, -r0]",1
"andeq r0, r0, ip, lsr 15",1
"ldmdaeq r8, {r1, r8, sb, sl} ^",1
"streq r0, [r4, -r0]",1
"muleq r0, sp, sb",1
"streq r0, [r8], -8",1
"andeq r0, r0, r5, ror 2",1
"andeq pc, r0, sl, lsl 24",1
"ldmibeq r6, {r8, sb}",1
blmi 0x147514,1
"andeq r0, r0, fp, ror 1",1
"andeq pc, r0, fp, lsl 24",1
"andeq r8, r1, r0, lsl 10",1
"rsceq r0, r4, r0, lsl 24",1
"andeq r0, r3, r0",1
"strpl r0, [r6, -0x40d]",1
"andeq r0, r0, r4, lsr 3",1
"andeq r5, r7, lr, lsl 10",1
"ldrblo r0, [r8, -r0, lsl 12]",1
"cdpeq p0, 0, c0, c0, c0, 0",1
"andeq r0, r0, r0, lsl 17",1
"cmneq r5, r6, lsl 24",1
svceq 0,1
"ldmdbgt r2, {r3, sb, sl} ^",1
"andne r0, r0, r1",1
"andeq r0, r0, r7, asr 11",1
"eoreq r5, r5, r6, lsl 8",1
"movwhs r0, 0x2000",1
"ldrbteq r1, [r1], r0",1
"stcpl p0, c0, [r6, -0]",1
"andeq r0, r0, r5, lsl 3",1
"andeq r2, r4, r2, lsl 6",1
"andeq r2, r8, r3, lsl 6",1
"ldrbge r0, [lr], -0x600",1
"movweq r0, 1",1
"andeq r0, r0, r5, lsr 16",1
"biceq r6, sb, r6, lsl 20",1
"ldrlo r0, [r1, -0]",1
"andlo r0, r0, r8",1
"eorseq r3, r2, 0x40000",1
"andseq r0, r0, r0",1
invalid,1
"andeq r4, r0, sl, lsr sl",1
"eoreq r0, r3, r0, lsl 4",1
"andeq r7, r6, r0, lsl r7",1
"ldrhs r0, [sp, -0x100]!",1
"andeq r0, r0, 0",1
"tstvc r0, r3, lsr 8",1
invalid,1
"andeq r3, r2, r1, asr 4",1
"stmdaeq r3!, {sb}",1
"andeq ip, sb, r0, lsl sp",1
svcpl 0x440100,1
"andeq r0, r0, 1",1
"ldmdbmi r0, {r0, r1, r5, fp, sp}",1
invalid,1
"andeq r5, r1, r7, asr 30",1
"stchs p2, c0, [r3], -0",1
"eorseq r0, r7, r0, lsl 22",1
"subeq r0, r2, 0",1
"str r0, [ip], -0",1
"streq r0, [r0, -r0]",1
"ldmeq lr!, {sb, ip}",1
invalid,1
"rsbeq r0, lr, 0x3000000d",1
"ldrlo r0, [r3, -r0]",1
invalid,1
invalid,1
"movwhs r0, 0x2000",1
"cmnvs r6, r0, lsl 8",1
"strle r0, [r1], -ip, rrx",1
"andeq pc, r0, r2, lsl 12",1
"strteq r0, [r3], -0x200",1
svchs 0x11500,1
invalid,1
"adcseq r0, r1, 108, 2",1
invalid,1
invalid,1
invalid,1
"mrslt r0, apsr",1
"strne r0, [r0], -r2",1
invalid,1
"strheq r0, [r0], -r1",1
"strbne sb, [ip, -r2, lsl 2]!",1
"cdpvs p0, 0, c0, c1, c5, 3",1
"andeq r0, r0, r5, lsr 32",1
"ldrbne sb, [r4, -r2, lsl 2]!",1
svcvs 0x10070,1
"strheq r0, [r0], -r1",1
"rsbseq sb, r0, r2, lsl 2",1
"bicseq r0, pc, r8, lsl 8",1
"tsteq r8, r0",1
"andeq r0, r0, lr, lsl r6",1
bmi 0x65268,1
invalid,1
invalid,1
"mulne r0, r8, r0",1
invalid,1
"andeq r0, r0, r2, ror 5",1
invalid,1
"andeq fp, r2, r7, ror r1",1
"ldrvc r0, [r1], 0x200",1
"andeq r1, r1, r0, lsl 18",1
invalid,1
"ldmls ip!, {r0, r1, r2, r3, r4, r5, r6, r8}",1
invalid,1
"eorseq r0, ip, 0",1
"strne r0, [r1, -0]",1
"strne r0, [r0], -r3",1
svcvc 0x1006f,1
"strheq r0, [r0], -r1",1
"ldrbtne sb, [r4], -r2, lsl 2",1
svcvc 0x10073,1
"andeq r0, r0, sl, asr 32",1
"rsbseq sb, r0, r2, lsl 2",1
invalid,1
bhi 0x476c0,1
"andeq r2, r0, r1, lsl 10",1
"addseq r0, sb, r0",1
"addseq ip, sb, r0",1
"andeq r6, r2, r0, lsl 16",1
"orreq r0, fp, 0, 2",1
svcvs 0x160000,1
"orrlt r0, sl, r0, lsl 2",1
"andeq r0, r0, 2",1
"tstvs r6, 0x91000000",1
"stc2 p1, c0, [sl], {0}",1
"andeq r0, r0, 0",1
"ldmdbvs r6, {r0, r4, r7, r8, sb, sp, lr}",1
"strhs r0, [sl, 0x100]",1
"andeq r0, r0, 0",1
"ldrvc r5, [r7, -0xc91]",1
invalid,1
"andeq r0, r0, ip, lsr 1",1
"ldrbne sb, [r7, -r2, lsl 2]!",1
"stchi p0, c0, [r1, -0x1c0]",1
"andeq r0, r0, fp, lsl 7",1
bne 0x1c2bb1c,1
"andeq r0, r0, pc, asr 11",1
"eoreq r8, r5, r1, lsl 30",1
invalid,1
"rsbseq r1, r2, ip, ror 14",1
"eoreq sb, r5, r1",1
invalid,1
"streq r0, [r8], -0x68",1
"andeq r0, r0, r7, lsr r0",1
"uqadd16eq r0, fp, r8",1
bls 0x4773c,1
"andeq r2, r0, r1, lsl 10",1
"addseq ip, sb, r0",1
"addseq r1, sl, r0, lsl 16",1
"andeq sb, r2, r0, lsl 8",1
"bicseq r0, r4, 0, 2",1
svcvs 0x160000,1
"orrslt r0, sl, r0, lsl 2",1
"andeq r0, r0, 2",1
"ldmdbvs r6, {r0, r4, r7, sl, fp, sp, lr}",1
"ldrhs r0, [sl, 0x100]",1
"andeq r0, r0, 0",1
"andsvc r6, r7, 0x910000",1
"ldrhs r0, [ip, 0x100]",1
"andeq r0, r0, 0",1
blne 0x249bc,1
"andeq r0, r5, r1, lsl 24",1
invalid,1
"andeq sb, r0, r8, lsl sl",1
"muleq r0, r0, sl",1
"andeq r0, r0, r0, asr 5",1
"andeq r1, r4, r1, lsl 14",1
"rsbeq r1, pc, r0, lsl 12",1
"adcseq sl, r1, 0x400000",1
invalid,1
"stmibeq sp, {r2, r4, r5, r6, sl, fp, ip} ^",1
"strge r0, [r1], -r0",1
"andeq r0, r0, pc, asr r1",1
"ldclne p1, c9, [r0], -8",1
"andeq r0, r0, sb, asr 10",1
"cmpeq pc, r1, lsl 12",1
invalid,1
invalid,1
invalid,1
"ldrheq r0, [0x000077d7]     ; [0x77d7:4]=0x4ab30100",1
bls 0xfe4077c8,1
blls 0xfe0077cc,1
"rsceq r0, ip, 0",1
"andpl r0, r1, r0",1
invalid,1
"andeq r0, r0, r0, lsl 16",1
"subeq fp, sl, r1, lsl 6",1
"mrsls r0, apsr",1
svcvs 0x177fb8,1
svcle 0xb50100,1
"andeq r0, r0, 1",1
"stcne p0, c4, [r0, -0x244]",1
"muleq r0, r4, r8",1
svcpl 0x1c101,1
"andhi r0, r0, r1",1
"strvc r0, [r0], -0x9b",1
"stmdane r0, {r2, r3, r4, r7}",1
invalid,1
"andeq r0, r0, r4, lsr 9",1
"andeq sb, r5, ip, lsl sb",1
svcpl 0xc10100,1
"andeq r0, r0, 1",1
"tstvc r6, 0x9100",1
bmi 0xff047c24,1
"andeq r0, r0, 0",1
invalid,1
invalid,1
"andeq r5, r1, r3, asr 31",1
"ldrvc r0, [r1], 0x200",1
"andeq r7, r5, sl, lsl lr",1
svcpl 0xc40100,1
"andeq r0, r0, 1",1
"stcne p0, c7, [r0, -0x244]",1
"andeq r0, r0, r8, asr sb",1
invalid,1
"strvc r0, [r0], -0",1
"mulhi r0, ip, r0",1
"strmi r0, [r0], -0xad",1
invalid,1
"andeq r0, r0, r4, lsr 13",1
"andeq ip, r4, ip, lsl r4",1
invalid,1
"movweq r0, 0",1
"ldclne p12, c10, [pc], -0x244",1
"muleq r0, r0, r7",1
"eoreq pc, ip, r1, lsl 4",1
"mrsls r0, apsr",1
"tstvs r6, r8, lsr 31",1
invalid,1
"strdeq r5, r6, [r1], -r3",1
"ldrge r0, [r1], 0x300",1
"ldmeq pc, {r0, r1, r2, r3, r4, r5, r6, sl, fp, ip} ^",1
"vhadd.u8 d0, d1, d0",1
"andeq r0, r0, ip, lsr 32",1
svcvc 0xa09103,1
"andeq pc, r7, ip, lsl r8",1
bmi 0xffd07ca8,1
"andeq r0, r0, 0",1
invalid,1
invalid,1
"strdeq r2, r3, [r0], -r4",1
"ldreq r0, [r1], 0x200",1
"andeq r7, sb, ip, lsl r1",1
"ldrbtge r0, [r5], 0x100",1
"andeq r0, r0, 6",1
"ldcgt p8, c0, [ip, -0x244]",1
invalid,1
"strdeq r5, r6, [r1], -r6",1
"ldceq p2, c0, [r1], {0}",1
"andeq r4, r5, ip, lsl sb",1
svcpl 0xf70100,1
"andeq r0, r0, 1",1
"ldmdbvs r7, {r0, r4, r7, ip}",1
"ldclhs p1, c0, [sb], 0",1
"andeq r0, r0, 0",1
invalid,1
invalid,1
"strdeq r2, r3, [r0], -sl",1
"ldmvs r1, {sb}",1
"andeq r8, r8, sl, lsl r7",1
svcpl 0xfb0100,1
"andeq r0, r0, 1",1
"tstge sl, 0x91000000",1
invalid,1
"strdeq r2, r3, [r0], -ip",1
"addsvs r0, r1, r0, lsl 4",1
"andeq lr, r8, sl, lsl r7",1
svcge 0xfd0100,1
"andeq r0, r0, 6",1
svcgt 0x1a5f91,1
invalid,1
"strdeq sl, fp, [r6], -lr",1
blmi 0xfe448138,1
"andeq r3, r6, sl, lsl r0",1
svcge 0xff0100,1
"andeq r0, r0, 6",1
invalid,1
invalid,1
"ldcge p2, c0, [r0, -0x238]!",1
"tstvc lr, r0",1
invalid,1
"ldrbtge r0, [r4], 0x1c1",1
"andsne r0, lr, r0",1
invalid,1
"ldrbge r0, [ip], 0x1bc",1
"ldrne r0, [lr], -r0",1
invalid,1
blge 0xfe50836c,1
svcls 0x1e0000,1
invalid,1
blge 0x1208364,1
invalid,1
"andhs r0, r0, r0",1
"stmdbpl r1, {r0, r1, r5, r6}",1
"andeq sl, r0, r1, lsl 24",1
"ldcpl p2, c0, [r1]",1
"cmnvs r3, 32, 10            ; 0x20",1
"cmpeq sl, r0, lsl 2",1
"andeq r0, r0, ip, lsr 1",1
"cmphs ip, r2, lsl 2",1
"andeq r0, r0, r6, asr 10",1
svcge 0x15b01,1
"andeq r0, r0, 6",1
"mulsmi pc, r1, fp",1
"andhs r0, r0, r0",1
"cdpeq p0, 0, c0, c1, c13, 3",1
"andeq r2, r0, r2, lsl 24",1
"ldrpl r0, [r1], 0x200",1
"andeq r2, r5, r1, lsr 14",1
"andseq r0, r0, 0, 2",1
"andeq r0, r0, pc, lsr 13",1
"subshs sb, r3, 0x80000000",1
"andeq sl, r0, r0, ror r6",1
"andeq sl, r0, ip, lsr 17",1
"andeq r0, r0, ip, lsl 13",1
"andeq ip, r7, r1, lsr 14",1
"andseq r0, sb, 0, 2",1
"ldrdeq r0, r1, [r0], -r4",1
svcvc 0xb89103,1
"adceq sl, r6, r3, lsr 24",1
"adceq sb, r8, r0, lsl 8",1
"rsbseq r2, r7, r0",1
"cdplo p3, 0, c2, c2, c1, 0",1
"movweq r0, 0",1
invalid,1
"andeq r0, r0, r7, asr 13",1
invalid,1
"andeq r0, r0, 0",1
"mlahi r3, r1, r4, r4",1
"strvs r0, [r0], -0xa7",1
"andhs r0, r0, r8, lsr 1",1
"stclo p0, c0, [r1, -0x1a8]",1
"andeq r2, r0, r2, lsl 24",1
"ldcmi p2, c0, [r1], {0}",1
svcne 0,1
"andeq r0, r0, r8, asr r0",1
"andeq pc, sb, r1, lsr 22",1
"subseq r0, r6, 0, 2",1
"andeq r0, r0, ip, lsr 32",1
"subeq sb, r0, r2, lsl 2",1
invalid,1
"andeq sl, r6, r4, lsl 20",1
"eorseq r0, r7, r0, lsl 20",1
invalid,1
"andeq r4, r3, r2, lsl 2",1
bllt 0x50a5c,1
invalid,1
invalid,1
"andhi r0, r0, r0",1
"andmi r0, r0, sp, lsr 1",1
"andvc r0, r0, lr, lsr 1",1
invalid,1
"andeq r0, r0, r6, asr 14",1
"andeq ip, r4, r5, lsr 8",1
"adceq r0, r1, 0, 2",1
"strdeq r0, r1, [r0], -r6",1
"strbhs sb, [r4, -0x102]!",1
"muleq r0, r0, r7",1
invalid,1
"andeq r0, r0, 0",1
invalid,1
invalid,1
"cmpeq pc, r2, lsr 5",1
invalid,1
"ldmeq pc, {r2, r3, r4, r6, r8, sl, sp} ^",1
"andge r0, r1, 0",1
"andeq r2, r0, r2, lsl 24",1
"ldmpl r1, {sb}",1
invalid,1
"strbeq r0, [r6, -r3, lsr 5]",1
invalid,1
"rsbseq r2, r0, r0",1
"strmi sl, [r2], -r1, lsl 10",1
"andeq r0, r0, 7",1
"strvs r7, [r0, -0x491]!",1
"adceq r0, r6, 0, 2",1
"andeq r0, r0, r5, lsr 32",1
"rsbshs sb, r0, r2, lsl 2",1
"smlsdxge r1, r2, r0, r0",1
"andeq r2, r0, r2, lsl 24",1
"ldcvs p2, c0, [r1], {0}",1
invalid,1
beq 0x7b0c,1
"ldrdeq r0, r1, [r0], -pc",1
"stmdbeq r6!, {r2, r5, r8}",1
"andlt r0, r1, r0",1
"rscseq r0, r6, r2, lsl 2",1
"cdpge p0, 4, c0, c0, c0, 0",1
"cdpge p0, 7, c0, c12, c0, 0",1
"orrseq r0, ip, 0",1
invalid,1
"strhs r0, [r0], -r7",1
"rsbeq r7, r7, r1, ror 4",1
svcpl 0x2b001,1
"andeq r0, r0, 1",1
svcle 0x257491,1
invalid,1
invalid,1
invalid,1
"rsbeq r2, pc, r0, ror r6",1
"strmi fp, [r2], -r1, lsl 2",1
"andeq r0, r0, 7",1
"strhs r6, [r0], -0xc91",1
"andeq r0, r6, r1, lsl 6",1
"adcseq r0, sp, 0, 2",1
"andeq pc, r0, r1, lsl 12",1
"adceq r7, lr, r0, lsl 24",1
"adceq sp, pc, r0, lsl 24",1
"andeq ip, r3, r0, lsl 16",1
"ldmdaeq sp!, {r8}",1
invalid,1
invalid,1
"ldrheq r0, [0x00007b3b]     ; [0x7b3b:4]=0x6030124 ; ""$\x01\x03\x06""",1
invalid,1
"ldmeq pc, {r2, r3, r4, r6, r8, sl, sp} ^",1
"stclt p0, c0, [r1, -0]",1
"andeq r2, r0, r2, lsl 24",1
"ldmpl r1, {sb}",1
"andseq r3, r6, r5, lsr 14",1
"adcseq r0, sp, 0, 2",1
"andeq r0, r0, sp, lsr r8",1
"ldrbhs sb, [r4], -r2, lsl 2",1
"cdplt p0, 0, c0, c1, c15, 3",1
"andeq r4, r7, r2, lsl 12",1
"addspl r0, r1, r0, lsl 4",1
invalid,1
"strbeq r0, [r6, -r0, asr 5]",1
invalid,1
"rsbeq r2, r5, r4, ror r0",1
"strhs ip, [r2, -0x101]",1
"andeq r0, r0, 0",1
invalid,1
invalid,1
"eoreq r0, r5, r3, asr 5",1
invalid,1
"ldreq r2, [fp, ip, ror 2]",1
"strgt r0, [r1], -0",1
"andeq r2, r0, r2, lsl 24",1
"ldmvs r1, {sb}",1
"ldrbtvs r6, [r5], -r0, lsr 4",1
"sbceq r0, r8, 0, 2",1
"strdeq r0, r1, [r0], -r6",1
"rsbeq sb, r4, r2, lsl 2",1
"eoreq r0, ip, r8, lsl 8",1
invalid,1
"andeq r0, r0, r3, asr 12",1
invalid,1
"ldrdeq sl, fp, [r0], -ip",1
"andeq fp, r0, r0, asr 1",1
"strdeq r0, r1, [r0], -r4",1
"andeq r7, r8, r1, lsl 20",1
"ldrbtvc r2, [r3], -r0",1
"rsceq r0, r3, 0, 2",1
"andeq r0, r0, sl, ror r8",1
"rsbshs sb, r0, r2, lsl 2",1
"str r0, [r1], -0x69",1
"andeq r3, r0, r2, lsl 14",1
"ldrvc r0, [r1], 0x200",1
"andmi r0, r4, 0, 16",1
"stmdahs r0, {r1}",1
"andeq r0, r0, ip, asr 17",1
invalid,1
"strdeq r0, r1, [r0], -r6",1
"andeq fp, r0, r0, asr 1",1
"andeq fp, r0, r4, ror r3",1
"andeq r0, r0, r0, lsr 8",1
"andeq r7, sb, r1, lsl 10",1
"rsbeq r2, lr, r0, lsl 12",1
"strhs pc, [r2, -0xe01]",1
"andeq r0, r0, 0",1
invalid,1
invalid,1
"ldrsheq r0, [0x00007c2a]    ; [0x7c2a:4]=0xb0c00000",1
invalid,1
"ldmeq pc, {r6, r8, sl, sp} ^",1
"cdp2 p0, 0, c0, c1, c0, 0",1
"andeq r2, r0, r2, lsl 24",1
"ldclt p3, c0, [r1], {0}",1
"ldmdaeq sp!, {r0, r1, r2, r3, r4, r5, r6, r8, sl, sp}",1
invalid,1
"andeq r4, r7, r2, lsl 12",1
"ldmlt r1, {r8, sb}",1
"rsbeq r2, r5, pc, ror r0",1
"strhs r0, [r3, -0x101]",1
"andeq r0, r0, 0",1
"mcrvs p4, 1, r6, c0, c1, 4",1
"movweq r0, 0x1030",1
"andeq r3, r0, r3, lsl 14",1
"addsvs r0, r1, r0, lsl 4",1
"rsbseq r7, r6, r0, lsr 6",1
bvc 0xc8ca4,1
"andeq r0, r0, 8",1
"strths r6, [r2], -0xc91",1
"vst4.32 {d0, d1, d2, d3}, [r0:0x100], r1",1
"mcrhs p0, 0, r0, c0, c1, 5",1
"andhs r0, r0, sb",1
invalid,1
"eoreq r0, ip, r0, lsl r3",1
invalid,1
"usateq r2, 0x19, ip, asr 2",1
"mrsne r0, apsr",1
"andeq sl, r6, r3, lsl 30",1
blpl 0xfe4484d0,1
invalid,1
"cmplt r8, 0",1
"strlo r0, [r1, -r0]!",1
invalid,1
"eoreq r0, ip, lr, lsl r3",1
invalid,1
"cmnvs r6, r4, asr r0",1
svcne 0x1006c,1
"andeq pc, r0, r3, lsl 12",1
"ldmvs r1, {sb}",1
"andeq r7, r6, r1, lsr 14",1
invalid,1
"andeq r0, r0, r5, lsr 32",1
"cmphs r0, r2, lsl 2",1
"andeq r0, r0, r7, asr 18",1
invalid,1
"andeq r0, r0, 0",1
"muleq r0, r1, ip",1
"stmdbeq sp, {r2, r5, r8} ^",1
blo 0x47d20,1
"rscseq r0, r6, r3, lsl 2",1
"cmnlt r4, 0",1
"movslt r0, 0",1
"strbeq r0, [ip], -0",1
"mrslt r0, apsr",1
"strhs r0, [r0], -sb",1
blo 0x47ef4,1
"andeq r2, r0, r3, lsl 10",1
"ldrvc r0, [r1], 0x200",1
"ldrbvs r6, [r2, -r6, lsr 2]!",1
"teqeq sl, 0, 2",1
"andeq r0, r0, pc, asr r1",1
"rsbseq sb, r0, r2, lsl 2",1
"ldmibeq lr!, {r2, r5, r8}",1
"andmi r0, r1, r0",1
"rscseq r0, r6, r3, lsl 2",1
"movslt r0, 0",1
"mvnslt r0, 0",1
"ldrbteq r0, [r8], -0",1
invalid,1
"strhs r0, [r0], -sb",1
"andmi r0, r1, lr, rrx",1
"andeq r2, r0, r3, lsl 10",1
"ldrvc r0, [r1], 0x200",1
"ldrbvs r6, [r2, -r6, lsr 2]!",1
"movteq r0, 0x100",1
"andeq r0, r0, pc, asr r1",1
"ldrbhs sb, [r0, -0x102]!",1
"ldrdeq r0, r1, [r0], -pc",1
invalid,1
"andeq r0, r0, 0",1
"strhs r6, [r0], -0xc91",1
"andeq r1, sb, r1, lsl 26",1
"movteq r0, 0x6100",1
"andeq pc, r0, r1, lsl 12",1
"adcseq pc, r3, r0",1
"adcseq r1, r4, r0, lsl 24",1
"andeq sl, r4, r0, lsl 8",1
beq 0xac81bc,1
invalid,1
invalid,1
"cmpeq pc, r6, asr 6",1
invalid,1
invalid,1
"andeq r0, r0, fp, asr 9",1
"mrseq r4, apsr",1
"strdeq r0, r1, [r0], -r6",1
"andeq fp, r0, ip, lsl r4",1
"andeq fp, r0, r0, asr r4",1
"ldrdeq r0, r1, [r0], -r0",1
"andeq r6, sl, r1, lsl 18",1
"rsbvc r2, r1, 0, 12",1
invalid,1
"andeq r5, r1, r3, lsl 30",1
"ldrvc r0, [r1], 0x200",1
"andeq sp, r8, r5, lsr 30",1
"movteq r0, 0xc100",1
"andeq r0, r0, ip, lsr 32",1
"rsbseq sb, r0, r2, lsl 2",1
"ldrbeq r0, [r8], 0x124",1
"andpl r0, r1, 0",1
"rscseq r0, r6, r3, lsl 2",1
"ldrblt r0, [r0], -0",1
"ldrlt r0, [ip], 0",1
"ldrbteq r0, [ip], 0",1
"andgt r0, r1, r0",1
"strhs r0, [r0], -sl",1
"andpl r0, r1, 0x6e",1
"andeq r2, r0, r3, lsl 10",1
"ldrmi r0, [r1], 0x200",1
invalid,1
"subeq r0, sl, r2, asr r3",1
invalid,1
"rsbvc r2, r1, 64, 12",1
"andpl r0, r1, 0x67",1
"andeq r5, r1, r3, lsl 30",1
"ldclt p3, c0, [r1], {0}",1
"rsbeq r2, pc, pc, ror r0",1
invalid,1
"andeq r0, r0, 7",1
"strhs r4, [r0], -0x891",1
"andeq r3, r5, r1, lsl 2",1
"cmpeq sb, 0, 2",1
"andeq pc, r0, r1, lsl 12",1
"adcseq sb, r4, r0, lsl 24",1
"adcseq lr, r4, r0, lsl 24",1
"andeq r2, r5, r0, lsl 16",1
bleq 0x9c8280,1
"cdpvs p0, 2, c0, c6, c0, 0",1
"cmpeq sb, 0, 2",1
"andeq r0, r0, r5, lsr 32",1
"strbhs sb, [r4], -r2, lsl 2",1
"stmdbpl r1, {r0, r1, r4, r5, r6}",1
"andeq r4, r0, r3, lsl 20",1
"addsmi r0, r1, r0, lsl 4",1
"ldrbvs r6, [r2, -r6, lsr 2]!",1
"cmpeq sl, 0, 2",1
"andeq r0, r0, pc, asr r1",1
svcvc 0xbc9103,1
"andeq sp, r8, r5, lsr 30",1
"cmpeq sl, 0, 2",1
"andeq r0, r0, ip, lsr 32",1
svcvc 0xb89103,1
invalid,1
"smlsldeq r0, ip, ip, r3",1
invalid,1
invalid,1
"andeq r0, r0, sl, lsl 11",1
"mrseq r6, apsr",1
"strdeq r0, r1, [r0], -r6",1
"andeq fp, r0, ip, ror 9",1
"andeq fp, r0, r0, lsr 10",1
"andeq r0, r0, r4, asr r5",1
"andeq r6, fp, r1, lsl 6",1
"rsbseq r2, r3, r0, lsl 12",1
bmi 0xe02f4,1
"andeq r0, r0, 0",1
invalid,1
invalid,1
"cmpeq pc, r1, ror 6",1
invalid,1
invalid,1
"andeq r0, r0, r5, asr r5",1
invalid,1
"strdeq r0, r1, [r0], -r6",1
"andeq fp, r0, r0, lsr 10",1
"andeq fp, r0, ip, asr r5",1
"andeq r0, r0, r0, lsl 11",1
"andeq sl, fp, r1, lsl 28",1
"rsbseq r2, r3, r0, lsl 12",1
bmi 0xe1b30,1
"andeq r0, r0, 0",1
invalid,1
invalid,1
"cmpeq pc, r7, ror 6",1
invalid,1
"ldmeq pc, {r4, r5, r6, r8, sl, sp} ^",1
"strvs r0, [r1, -r0]",1
"andeq r2, r0, r3, lsl 24",1
"ldcvs p2, c0, [r1], {0}",1
"stmdb r1, {sl, sp}",1
invalid,1
invalid,1
invalid,1
invalid,1
invalid,1
invalid,1
"andeq r0, r0, sl, lsl 24",1
"ldrbvs r6, [r2, -r6, lsr 2]!",1
invalid,1
"andeq r0, r0, pc, asr r1",1
"strbhs sb, [r4, -0x102]",1
"ldrdeq r0, r1, [r0], -pc",1
invalid,1
"andeq r0, r0, 0",1
invalid,1
"stcvs p0, c0, [r1, -0x1a0]",1
"andeq pc, r0, r3, lsl 24",1
svclt 0x910300,1
"ldmdaeq sp!, {r0, r1, r2, r3, r4, r5, r6, r8, sp}",1
svcvs 0x10000,1
"andeq sp, r1, r3, lsl 30",1
"ldmmi r1, {sb}",1
"strge r2, [r1], -r0, lsl 8",1
invalid,1
invalid,1
invalid,1
"stmdane r0, {r0, r2, r4, r5, r7}",1
"stmdale r0, {r1, r2, r4, r5, r7}",1
invalid,1
"andeq r0, r0, r7, asr 24",1
"ldrbvs r6, [r2, -r6, lsr 2]!",1
"cmneq r6, 0, 2",1
"andeq r0, r0, pc, asr r1",1
"ldrbths sb, [r4], -r2, lsl 2",1
invalid,1
"rscseq r0, ip, r6, ror r3",1
invalid,1
invalid,1
"andeq r0, r0, r6, lsr 19",1
"mrseq r7, apsr",1
"strdeq r0, r1, [r0], -r6",1
"andeq fp, r0, r8, lsl r6",1
"andeq fp, r0, r4, asr 12",1
"andeq r0, r0, r4, lsl 12",1
"andeq r7, ip, r1, lsl 12",1
"rsbvc r2, r1, 0, 12",1
invalid,1
"andeq r5, r1, r3, lsl 30",1
"ldrvc r0, [r1], 0x200",1
"mrshi r2, apsr",1
invalid,1
invalid,1
"strmi r0, [r0], -0",1
"stmdavc r0, {r1, r2, r4, r5, r7}",1
"strhlo r0, [r0], -r6",1
invalid,1
"strheq r0, [r0], -r4",1
"ldrbvs r6, [r2, -r6, lsr 2]!",1
"orreq r0, r2, 0, 2",1
"andeq r0, r0, pc, asr r1",1
"ldrbhs sb, [r4, -0x102]!",1
"ldrdeq r0, r1, [r0], -pc",1
invalid,1
"andeq r0, r0, 0",1
"strhs r7, [r0], -0x91",1
"andeq r3, sb, r1, lsl 10",1
"orreq r0, r8, 0, 2",1
"andeq pc, r0, r1, lsl 12",1
"adcseq r7, r6, r0, lsl 16",1
"adcseq ip, r6, r0",1
"andeq r5, r6, r0, lsl 24",1
"stceq p1, c0, [lr, -0]",1
"cdpvs p0, 2, c0, c6, c0, 0",1
"orreq r0, r8, 0, 2",1
"andeq r0, r0, r5, lsr 32",1
"ldrbhs sb, [r4, -0x102]!",1
"andeq r0, r0, sp, asr 19",1
svcpl 0x38801,1
"andeq r0, r0, 1",1
"stmdbmi r5!, {r0, r4, r7, ip, sp, lr}",1
invalid,1
"cmpeq pc, sb, lsl 7",1
invalid,1
"rsbvc r2, r1, 108, 12",1
"stmdbhi r1, {r0, r1, r2, r5, r6}",1
"andeq r5, r1, r3, lsl 30",1
"ldmvs r1, {sb}",1
"strle r2, [r1, -0x400]",1
invalid,1
invalid,1
"andgt r0, r0, r0",1
invalid,1
"stmdahi r0, {r0, r1, r2, r4, r5, r7}",1
invalid,1
"andeq r0, r0, r6, lsl 27",1
invalid,1
"mlaeq r5, r0, r3, r0",1
invalid,1
"stmibeq sp, {r2, r6, r8, sl, sp} ^",1
"andls r0, r1, r0",1
"andeq r5, r1, r3, lsl 30",1
"addsmi r0, r1, r0, lsl 4",1
"andeq r4, r5, r5, lsr 18",1
"orrseq r0, r1, 0, 2",1
"andeq r0, r0, pc, asr r1",1
svcvc 0xbc9103,1
"ldrbvs r6, [r2, -r6, lsr 2]!",1
"orrseq r0, r2, 0, 2",1
"andeq r0, r0, pc, asr r1",1
svcvc 0xb89103,1
"andeq sp, r8, r5, lsr 30",1
"orrseq r0, r2, 0, 2",1
"andeq r0, r0, ip, lsr 32",1
"andhs sb, r0, r2, lsl 2",1
"strls r0, [r1], -0x6f",1
"andeq sp, r1, r3, lsl 30",1
"ldmmi r1, {sb}",1
"stcgt p4, c2, [r1, -0]",1
invalid,1
invalid,1
invalid,1
"stmdavc r0, {r0, r1, r2, r4, r5, r7}",1
"strlt r0, [r0], -0xb7",1
invalid,1
"ldrdeq r0, r1, [r0], -r3",1
"andeq ip, sb, r5, lsr 26",1
"orrseq r0, sl, 0, 2",1
"andeq r0, r0, pc, asr r1",1
"ldrbhs sb, [r4, -0x102]!",1
"andeq r0, r0, sb, asr 10",1
svcpl 0x39a01,1
"andeq r0, r0, 1",1
invalid,1
invalid,1
invalid,1
invalid,1
invalid,1
"andeq r0, r0, r6, lsl 14",1
"mrseq sl, apsr",1
"strdeq r0, r1, [r0], -r6",1
"andeq fp, r0, r8, ror r7",1
"andeq fp, r0, r0, asr 15",1
"andeq r0, r0, r0, ror 13",1
"andeq r2, lr, r1, lsl 30",1
"stmibeq sp, {r8, sl, sp} ^",1
"mrsge r0, apsr",1
"andeq r5, r1, r3, lsl 30",1
"ldrvc r0, [r1], 0x200",1
"andeq r4, r5, r5, lsr 18",1
invalid,1
"andeq r0, r0, pc, asr r1",1
"ldrbths sb, [r0], -r2, lsl 2",1
"rsbeq r7, r7, r1, ror 4",1
svcpl 0x3a201,1
"andeq r0, r0, 1",1
svcle 0x256c91,1
invalid,1
"eoreq r0, ip, r2, lsr 7",1
invalid,1
invalid,1
"andeq r0, r0, fp, ror 11",1
invalid,1
"andeq r0, r0, pc, asr r1",1
"andeq fp, r0, r0, asr 15",1
"andeq fp, r0, r0, lsl 16",1
"andeq r0, r0, ip, lsl 14",1
"andeq r7, lr, r1, lsl 20",1
"rsbeq r2, lr, r0, lsl 12",1
"strhs fp, [r3, -0x301]",1
"andeq r0, r0, 0",1
invalid,1
invalid,1
"ldrheq r0, [0x000081d5]     ; [0x81d5:4]=0x5f0103b3",1
invalid,1
"ldmeq pc, {r4, r5, r6, r8, sl, sp} ^",1
"movwlt r0, 0x1000",1
"andeq r2, r0, r3, lsl 24",1
"ldcvs p2, c0, [r1], {0}",1
"streq r2, [r1], -r0, lsl 8",1
invalid,1
svcpl 0x103b9,1
"andeq r0, r0, r1",1
"strlo r0, [r0], -0xb8",1
"stmdalo r0, {r3, r4, r5, r7}",1
invalid,1
"strheq r0, [r0], -r8",1
"ldrbvs r6, [r2, -r6, lsr 2]!",1
invalid,1
"andeq r0, r0, pc, asr r1",1
"ldrbhs sb, [r4, -0x102]!",1
"ldrdeq r0, r1, [r0], -pc",1
invalid,1
"andeq r0, r0, 0",1
"strhs r7, [r0], -0x91",1
"andeq sp, sb, r1, lsl 16",1
invalid,1
"andeq r5, r1, r1, lsl 30",1
"adcseq r3, r8, r0, lsl 8",1
"adcseq r6, r8, r0, lsl 16",1
"andeq r6, r7, r0, lsl 8",1
"cdpeq p1, 0xf, c0, c4, c0, 0",1
"cdpvs p0, 2, c0, c6, c0, 0",1
invalid,1
"andeq r0, r0, r5, lsr 32",1
"ldrbths sb, [r4], -r2, lsl 2",1
"rsbeq r7, r7, r1, ror 4",1
svcpl 0x3bf01,1
"andeq r0, r0, 1",1
"strhs r7, [r0], -0x91",1
"andeq sp, sb, r1, lsl 4",1
"biceq r0, r5, 0, 2",1
"andeq r5, r1, r1, lsl 30",1
"adcseq r6, r8, r0, lsl 16",1
"adcseq sb, r8, r0, lsl 8",1
"andeq sb, r7, r0",1
svceq 0x230100,1
invalid,1
invalid,1
"cmpeq pc, r5, asr 7",1
invalid,1
"mrcle p0, 0, r0, c10, c4, 3",1
invalid,1
"andeq sp, r1, r6, ror 30",1
invalid,1
bleq 0x884c,1
"strdeq r0, r1, [r0], -ip",1
"andeq r0, r0, r4, asr 30",1
"andeq lr, r0, ip, lsl 8",1
invalid,1
"andeq r0, r0, r6, asr 17",1
"strlo sp, [r2], -0xb01",1
"streq r0, [r0, -0xf]",1
"cmpeq sp, r3, lsl 24",1
"ldrteq r2, [r4], 0x100",1
invalid,1
"andeq r3, r0, r2, lsl 14",1
"strls r0, [r3], -0x500",1
"qaddhs r0, ip, r0",1
"andeq r0, r0, r3, lsr 15",1
"andmi sp, r2, 1, 26",1
"streq r0, [r0, -2]",1
"cmpeq ip, r3, lsl 16",1
"ldmeq lr!, {r8, sp}",1
"cdple p0, 0, c0, c1, c0, 0",1
"andeq r7, r8, r2, lsl 20",1
"andge r0, r3, r0, lsl 10",1
bleq 0x88a0,1
"andeq r0, r0, pc, asr r1",1
"muleq r0, ip, pc",1
"andeq lr, r0, ip, lsl 8",1
"stmdbhs r0, {fp}",1
"andeq r0, r0, r5, asr 16",1
svceq 0xae4b01,1
"streq r0, [r1, -0]",1
"sbcseq r6, r6, r3, lsl 8",1
svceq 0x8c0a00,1
bmi 0x2c8358,1
"movwgt r0, 0",1
invalid,1
"andeq r0, r0, r4, ror 1",1
"strtlt r0, [sb], -7",1
invalid,1
"andeq sp, pc, sb, asr r5",1
"movweq r0, 0x5100",1
"andeq sp, r0, r8, lsl 13",1
"andeq fp, pc, sl, lsl 6",1
"stmdaeq sl!, {sb, fp, sp} ^",1
bge 0x48384,1
"andeq sp, r1, r3, lsl 30",1
"movweq r0, 0x5100",1
"andeq r5, r1, r4, lsr 25",1
"andeq r4, r5, r0, lsl 22",1
"strhi r0, [r0, -0x200]",1
"streq r0, [r0], -8",1
"andeq r0, r0, r1, lsl 28",1
beq 0x11c87a4,1
"rscseq r0, pc, r0",1
invalid,1
svclt 0x940000,1
invalid,1
"streq r0, [r2, -r0]",1
"andeq r0, r0, 4",1
"andeq r3, r0, r8, lsr 32",1
"bicseq r0, sl, 0, 6",1
"streq r0, [r4], -r0",1
"andeq r4, r0, r0, lsl 20",1
"strteq r0, [r2], -0x400",1
"subeq r0, sl, r0",1
"movwhs r0, 0x2000",1
"streq r0, [r0, -0x100]",1
"bicseq r0, ip, 4, 4",1
"strvs r0, [r2], -r0",1
"andeq r0, r0, r5, lsr 32",1
"andeq r2, r1, r2, lsl 20",1
"sbcsvs r0, r5, 0, 6",1
"streq r0, [r0], -r0",1
"eoreq r0, r4, r4, lsl 14",1
invalid,1
"andeq r3, r0, r8, lsl 2",1
"streq r0, [r2, -r0, lsl 12]",1
"andeq r0, r0, pc, lsr r0",1
svcne 0x70406,1
"streq r0, [r0], -r0",1
"eorseq r0, r3, r1, lsl 12",1
"andeq r0, r6, 0",1
"andeq ip, r0, r5, lsl 22",1
"streq r0, [r4, -0x700]",1
"rsbseq r6, r4, sb, ror 28",1
"andeq r0, r5, r6, lsl 16",1
"streq r0, [r0], -r0",1
"andseq r0, sl, r8, lsl 14",1
invalid,1
"streq r0, [r0], -2",1
"andeq sb, r0, r7, lsr r3",1
"subeq r0, sb, 0, 4",1
invalid,1
"strheq r0, [r0], -r7",1
"streq r0, [r5, -0x406]",1
"andeq r0, r0, 0",1
"andeq r0, r0, pc, lsr r2",1
"adceq r8, r1, r4, lsl 26",1
"streq r0, [r6], -0",1
"andeq sp, r0, r7, lsl 10",1
"strle r0, [r4], -r0, lsl 16",1
"streq r0, [r0], -r0",1
"eorseq r0, sl, r1, lsl 16",1
"andge r0, r2, r0",1
"streq r0, [r0, -1]",1
"andeq lr, r0, r0, lsr r8",1
"orrseq r0, ip, r0, lsl 6",1
"ldreq r0, [r8, r0]",1
"strdeq sl, fp, [r2], -r6",1
"ldrbteq r0, [r6], -r0, lsl 18",1
invalid,1
"andeq r0, r0, ip, lsl 1",1
"stmdbeq r0, {r1, r8, sb, sp}",1
"ldrdeq r0, r1, [r0], -lr",1
"sbcseq pc, r0, r7, lsl 24",1
"movwhs r0, 0x2000",1
"cmpeq sl, r4, lsl 18",1
"stc2 p0, c0, [r7, -0]",1
"ldrdeq r0, r1, [r0], -r0",1
"stmdbeq r8, {r1, r8, sb, sp}",1
"andeq r0, r0, sl, lsl 5",1
"sbcseq pc, r0, r7, lsl 28",1
"movwhs r0, 0x2000",1
"biceq r0, r6, ip, lsl 18",1
invalid,1
"ldrdeq r0, r1, [r0], -r0",1
beq 0x4110d4,1
"andeq r0, r0, r1, lsr r1",1
"andle r0, r1, r7",1
"andeq r0, r0, 0",1
invalid,1
"streq r0, [r0, -r2]",1
"sbcseq r0, r0, r1, lsl 2",1
"movwhs r0, 0x2000",1
invalid,1
"andeq r0, r7, 0",1
"andeq sp, r0, r1",1
"stcne p2, c0, [r3], -0",1
"andeq pc, r1, sl, lsl 4",1
invalid,1
"ldrdeq r0, r1, [r0], -r0",1
beq 0x811110,1
"andeq r0, r0, r7, lsr 5",1
"andle r0, r1, r7, lsl 10",1
"andeq r0, r0, 0",1
"stmdapl sl, {r0, r1, r5, sl, sp}",1
"streq r0, [r0, -r2]",1
"sbcseq r0, r0, r6, lsl 2",1
"movwhs r0, 0x2000",1
"tsteq sp, r8, lsr 20",1
"streq r0, [r7, -r0]",1
"andeq sp, r0, r1",1
"stchs p2, c0, [r3], -0",1
"andeq r5, r1, sl, lsl 2",1
invalid,1
"andeq r0, r0, r1, ror 5",1
beq 0xc1114c,1
"andeq r0, r0, r1, asr r2",1
"str r0, [r1, -r7, lsl 22]",1
"andeq r0, r0, 2",1
invalid,1
"streq r0, [r0, -r0]",1
"addeq r0, ip, sp, lsl 2",1
"movwhs r0, 0x2000",1
"rsbseq r0, ip, 56, 20",1
"mrsne r0, apsr",1
"andeq r8, r0, r1, lsl 24",1
"stclo p2, c0, [r3], -0",1
"andeq lr, r0, sl, lsl 10",1
"tsteq r3, r0, lsl 14",1
"andeq r0, r0, ip, lsr 1",1
beq 0x1011188,1
"andeq r0, r0, r0, lsl 3",1
"andvc r1, r1, r7, lsl 14",1
"andeq r0, r0, 0",1
"stmdals sl, {r0, r1, r5, sl, lr}",1
"streq r0, [r0, -r2]",1
"rsbseq r0, lr, r8, lsl r1",1
"movwhs r0, 0x2000",1
invalid,1
invalid,1
"andeq lr, r2, r1, lsl 26",1
"strmi r0, [r3, -r0, lsl 4]!",1
"andeq r7, r1, sl, lsl 20",1
"tsteq sp, r0, lsl 14",1
"strdeq r0, r1, [r0], -sp",1
beq 0x12111c4,1
"andeq r0, r0, sb, ror 1",1
"cdplt p6, 0, c2, c1, c7, 0",1
"andeq r0, r0, 0",1
bleq 0x29c658,1
"streq r0, [r0, -r2]",1
"subeq r0, sl, pc, lsr 2",1
"movwhs r0, 0x2000",1
invalid,1
"andlo r0, r7, r0",1
"andeq r4, r0, r1, lsl 20",1
"stcpl p2, c0, [r3], -0",1
"andeq r1, r2, sl, lsl 20",1
"teqeq r1, r0, lsl 14",1
"andeq r0, r0, sl, asr 32",1
beq 0x1811200,1
"andeq r0, r0, r1, lsr 4",1
bmi 0x54e1c,1
"andeq r0, r0, 0",1
bl 0x2a1694,1
"streq r0, [r0, -r1]",1
"subseq r0, r7, r3, lsr r1",1
"movwhs r0, 0x2000",1
"addeq r0, r4, 104, 20",1
"strlo r0, [r7, -0]",1
"andeq r8, r0, r1, lsl 24",1
"stcvs p2, c0, [r3], -0",1
"andeq sp, r1, sl, lsl 10",1
"teqeq r7, r0, lsl 14",1
"andeq r0, r0, r3, lsl 6",1
"rsbseq r2, r0, r2, lsl 6",1
"andeq sp, r2, fp, lsl 28",1
"orrseq r0, fp, 0, 14",1
"andeq r0, r0, sl, lsr 3",1
invalid,1
"stmdbeq r0, {r1}",1
"andeq r0, r0, r5, lsl 4",1
"rsceq sl, r1, 0x70000000",1
"movwhs r0, 0x2000",1
"orrseq r0, r6, r0, lsl 18",1
"movwge r0, 0x7000",1
"andeq r0, r0, r7, ror 5",1
"stmdbeq r4, {r1, r8, sb, sp}",1
"andeq r0, r0, ip, lsl 3",1
"addeq sl, ip, r7, lsl 14",1
"movwhs r0, 0x2000",1
"streq r0, [r8], -8",1
"andeq r0, r0, sl, lsr 5",1
"rsceq r0, r8, r8, lsl 8",1
"strle r0, [ip], -r0",1
"stc2 p0, c0, [r0, -0]",1
"stceq p0, c0, [r0, -8]",1
"andeq r0, r0, sb, asr 1",1
"streq r0, [r8], -0",1
"andeq r0, r0, r3, lsr 5",1
"andeq sp, r0, ip, lsl 12",1
"andeq r1, r3, r0, lsl 6",1
"sbceq r0, sb, r0, lsl 26",1
"eoreq r0, r7, r0",1
"tsteq sb, 8, 8",1
"strle r0, [lr], -r0",1
svceq 0,1
"cdphs p1, 2, c0, c9, c4, 0",1
"andne r0, r0, r3",1
"andeq r0, r0, sb, asr sl",1
"ldrdne r0, r1, [r0, -sp]",1
"andeq r3, sl, r1, lsl 14",1
"teqeq lr, r0, lsl 2",1
"muleq r0, r4, r8",1
"muleq r0, r0, sp",1
"strheq r0, [r0], -ip",1
"andeq sb, r3, r1, lsl 26",1
bleq 0xfe5ccedc,1
"cdplo p0, 0, c0, c1, c0, 0",1
"muleq r0, sp, r3",1
"rsbne sb, r4, 0x80000000",1
"andeq r0, r0, sp, asr 7",1
"tsteq r3, 1, 30",1
invalid,1
invalid,1
svclo 0x10000,1
"andeq r0, r0, r3, lsl r3",1
"subsne sb, ip, 0x80000000",1
"strdeq r0, r1, [r0], -pc",1
"tsteq r3, 1",1
invalid,1
beq 0x50d074,1
"mrsmi r0, apsr",1
"andeq r0, r0, r3, lsr 7",1
"andne sb, r0, 0x80000000",1
"andeq r0, r0, r2, lsl sl",1
"subseq r4, r7, r1, lsl 2",1
invalid,1
"streq r0, [r8], -4",1
"ldrdeq r0, r1, [r0], -sp",1
invalid,1
"movwne r0, 0xe000",1
invalid,1
"andeq sl, sl, r1, lsl 2",1
invalid,1
"muleq r0, r0, sp",1
"andeq fp, r0, ip, lsl 28",1
"andeq r0, r0, r8, ror 15",1
"andeq r1, r4, r1, lsl 26",1
bleq 0xfe5ccf5c,1
"strlt r0, [r1], -0",1
"muleq r0, sp, r3",1
"rsbne sb, ip, 0x80000000",1
"andeq r0, r0, sp, asr 7",1
"tsteq r3, 0x400000",1
invalid,1
invalid,1
"strlt r0, [r1, -0]",1
"andeq r0, r0, r3, lsl r3",1
"rsbne sb, r4, 0x80000000",1
"strdeq r0, r1, [r0], -pc",1
"tsteq r3, 0x100000",1
invalid,1
beq 0x50d114,1
"strlt r0, [r1], -r0",1
"andeq r0, r0, r3, lsr 7",1
"movwne sb, 0x102",1
"andeq r0, r0, r2, lsl sl",1
"subseq fp, r7, r1, lsl 16",1
invalid,1
"tsteq r1, r4, ror r0",1
"muleq r0, r2, sl",1
invalid,1
"stmdagt r0, {r1, r2, r3, r4, r5, r7}",1
"strne r0, [r0], -0xbe",1
invalid,1
"muleq r0, ip, r4",1
"andeq sb, fp, r2, lsl r7",1
"stclls p1, c0, [r4]",1
"andeq r0, r0, 3",1
"ldcgt p4, c4, [r2, -0x244]",1
invalid,1
"andeq r1, r3, r5, asr 7",1
"addsmi r0, r1, r0, lsl 4",1
"andeq fp, r3, r2, lsl sl",1
"bicne r0, r5, 0, 2",1
"movweq r0, 3",1
"rsbsne fp, pc, 0x9100",1
"strdeq r0, r1, [r0], -pc",1
"tsteq r3, 0x100000",1
"mrsls r0, apsr",1
"ldrne r7, [r2], -0xfb8",1
invalid,1
"andeq r4, r0, r6, asr 25",1
"addseq r0, r1, r0, lsl 4",1
"andeq r1, sl, r3, lsl r2",1
"strbpl r0, [r8, r0, lsl 2]",1
"andeq r0, r0, 0",1
"ldrvc r7, [r3], -0x491",1
invalid,1
"andeq sb, r4, sb, asr 25",1
"ldcmi p2, c0, [r1], {0}",1
"tsteq r3, 0, 24",1
"strteq r0, [ip], 0",1
invalid,1
invalid,1
"stmdavs r1, {r8, ip}",1
invalid,1
"cdplt p1, 0xc, c0, c8, c3, 7",1
svclt 0x180000,1
invalid,1
"cdpeq p0, 0, c0, c1, c0, 0",1
"andne r0, r0, 5",1
"muleq r0, r7, fp",1
"orrseq lr, sp, 0x4000000",1
invalid,1
"biceq r1, sp, 100, 4",1
"str r0, [r1], -0",1
"andeq r0, r0, r3, lsl r3",1
"rsbne sb, r0, 0x80000000",1
"strheq r0, [r0], -sl",1
"tsteq r3, 0x1000000",1
invalid,1
invalid,1
"str r0, [r1, -0]",1
"andeq r0, r0, r3, lsl r3",1
"ldrbtne sb, [ip], -0x102",1
"andeq r1, sl, r3, lsl r4",1
"stclmi p1, c0, [r7], 0",1
"andeq r0, r0, 0",1
"strne r6, [r0, -0xc91]",1
"andeq r1, sl, r1, lsl 24",1
invalid,1
"andeq fp, r0, r8, lsl pc",1
"muleq r0, r4, pc",1
"andeq r0, r0, r8, ror r8",1
invalid,1
invalid,1
"andeq r0, r0, r7, ror 5",1
"strle r0, [ip], -r1, lsl 2",1
invalid,1
"strne r0, [r0, -r5]",1
beq 0x1f0e0d0,1
"andhs r0, r8, 0",1
"andeq r0, r0, sb, asr 10",1
invalid,1
"andeq r0, r0, r5",1
"muleq r0, r5, r0",1
"stmibeq fp!, {r1}",1
invalid,1
"andeq r0, r0, lr",1
"andeq fp, sl, r1",1
"andeq pc, r0, r0, lsl 30",1
"andeq sl, sp, r0, lsl 20",1
"streq r0, [r4, -r0, lsl 4]",1
"andeq r0, r0, r4, lsr 32",1
invalid,1
"andeq r0, r0, 0",1
"eorseq r0, pc, r2, lsl 14",1
"streq r0, [r2], -0",1
"andeq r1, r0, r7, lsl 30",1
"streq r0, [r1], -r0, lsl 4",1
"andeq r0, r0, r3, lsr r0",1
blgt 0x14912c,1
"movweq r0, 0",1
"cdpvs p5, 6, c0, c9, c4, 0",1
"stmdaeq r2, {r2, r4, r5, r6}",1
"andeq r0, r0, r5",1
"streq r0, [r8, -r0, lsl 4]",1
"andeq r0, r0, sl, lsl r0",1
"streq r0, [r5, -0x402]",1
"andeq r0, r0, 0",1
"sbcseq r0, r5, r4, lsl 14",1
invalid,1
"andeq r3, r0, r8, lsl 20",1
"rsbeq r0, sl, r0, lsl 8",1
"addeq r0, r1, r0",1
"movwvs r0, 0x5000",1
"cdphs p0, 0, c0, c0, c0, 0",1
beq 0x1f0a164,1
bne 0x48968,1
"muleq r0, r3, r0",1
invalid,1
invalid,1
"andeq r0, r0, r1, ror r0",1
"andeq r2, r3, r0, lsl 4",1
blx 0x9182,1
"streq r0, [r0], -9",1
"andeq r0, r0, r1, lsl 28",1
beq 0xffa88d8c,1
"rscseq r0, pc, r0",1
svclt 0x940000,1
"cmpgt ip, 0",1
"stcleq p0, c0, [r0, 0]!",1
"streq r0, [r2], -0",1
"strbtvc r6, [lr], -0x905",1
invalid,1
"strle r0, [r3, -0]",1
"andeq r0, r0, r7, lsr r0",1
"strhs r0, [r7], -0x404",1
"streq r0, [r0], -0",1
"eorseq r0, r1, r1, lsl 16",1
"andeq r0, r4, 0",1
"andeq r3, r0, r7, lsl 30",1
"streq r0, [r4, -r0, lsl 8]",1
"andeq r0, r0, pc, lsl r0",1
"movwlo r0, 0x6104",1
"streq r0, [r0], -0",1
"sbceq r0, fp, r2, lsl 10",1
invalid,1
"andeq r0, r0, r5",1
"streq r0, [r8, -r0, lsl 8]",1
"andeq r0, r0, sl, lsl r0",1
"streq r0, [r5, -0x404]",1
"streq r0, [r0], -0",1
"sbcseq r0, r5, r4, lsl 14",1
"streq r0, [r5], -0",1
"addeq r0, r5, r6, lsl 8",1
invalid,1
"andeq r3, r0, r8, lsl 20",1
"andls r0, r4, 0, 12",1
"streq r0, [r0, -r0]",1
"andeq r0, r0, r5, lsl 1",1
"addseq r0, sp, r6, lsl 8",1
invalid,1
"ldcge p2, c0, [0x00008a0c]",1
beq 0x8a20,1
"andeq r0, r0, r8, lsl 22",1
"mrseq r0, apsr",1
"andeq r0, r0, r1, ror 21",1
"stcvc p7, c6, [r1, -4]",1
"strls r0, [r0], -0",1
invalid,1
"strge r0, [r0], -0xbf",1
invalid,1
"andeq r0, r0, r4, ror 1",1
invalid,1
"andeq r2, r0, r7, ror 24",1
"ldrvc r0, [r1], 0x200",1
invalid,1
"andeq r2, r0, r7, ror 24",1
"addsvc r0, r1, r0, lsl 4",1
"strlo r0, [r1], -r0, lsl 22",1
invalid,1
"rsbseq r0, sp, r4, ror r1",1
svclt 0xf00000,1
"subsgt r0, r4, r0",1
invalid,1
"strhs r0, [r1, -r0]",1
invalid,1
"strvc r0, [r1], -0x70",1
"andeq r0, r0, sp, ror r0",1
"ldcleq p1, c9, [r4], -8",1
"strvc r0, [r1], -0x6e",1
"andeq r0, r0, ip, lsr 32",1
"ldcleq p1, c9, [r0], -8",1
"strvc r0, [r1], -0x73",1
"andeq r0, r0, ip, lsr 32",1
"rsbeq sb, ip, r2, lsl 2",1
bleq 0x8c8ed0,1
"movwlt r0, 0x1000",1
"andeq r7, r0, r1, lsl 26",1
"sbceq r5, r0, r0, lsl 8",1
"sbceq r3, r1, r0, lsl 24",1
"andeq pc, r8, r0, lsl 24",1
"orreq r0, r0, r0, lsl 2",1
"andvc r0, ip, r0",1
"ldcvc p1, c0, [r3, 0]!",1
"andeq r0, r0, 0",1
"mulvc ip, r1, ip",1
"movwlt r0, 0x106e",1
"andeq r0, r0, r0, lsl 3",1
"stcleq p1, c9, [r8], -8",1
"movwlt r0, 0x1073",1
"andeq r0, r0, ip, lsr 32",1
"stcleq p1, c9, [r4, -8]!",1
"strlt r0, [r1, -0x6e]",1
"andeq r0, r0, ip, lsr 32",1
"cdpeq p1, 7, c9, c4, c2, 0",1
"muleq r0, r0, r0",1
"andeq ip, r0, r8, asr 1",1
invalid,1
bleq 0x8b00,1
"andeq r1, fp, r1, lsl 16",1
"bicseq r0, sl, r0, lsl 2",1
"andeq r0, r0, pc, ror r0",1
"andeq ip, r0, ip, lsr r1",1
"andeq ip, r0, r4, ror 2",1
"andeq r0, r0, r8, lsr 18",1
"andeq fp, r1, r1, lsl 2",1
"rsbeq r0, lr, r0, lsl 24",1
"eoreq sp, ip, r1, lsl 20",1
invalid,1
invalid,1
"strdeq r0, r1, [r0], -r8",1
"stcvc p7, c2, [r1, -8]",1
"strvs r0, [r0], -0",1
"andlt r0, r0, r1, asr 1",1
"strpl r0, [r0], -0xc1",1
invalid,1
"andeq r0, r0, r8, ror 3",1
"andeq r6, r0, 12, 28",1
"andeq r2, r0, r7, lsr 24",1
"ldcvs p2, c0, [r1], {0}",1
"andeq r7, r0, 0xd",1
"andeq r7, r0, sb, lsr 26",1
"ldrvc r0, [r1], 0x200",1
"andle r0, r1, r0, lsl 22",1
"andeq r0, r0, 0xa",1
"rsbseq r0, sp, r3, lsr r1",1
"movsgt r0, r0",1
"eorgt r0, r8, 0",1
invalid,1
svcne 0x10000,1
invalid,1
"movwlo r0, 0x2070",1
"andeq r0, r0, sp, ror r0",1
"ldcleq p1, c9, [r4], -8",1
"movwlo r0, 0x206e",1
"andeq r0, r0, ip, lsr 32",1
"rsbseq sb, r0, r2, lsl 2",1
beq 0xff188fc8,1
bmi 0x88ba0,1
"andeq r7, r0, r1, lsl 26",1
"sbceq r2, r2, r0, lsl 16",1
"sbceq r5, r2, r0, lsl 24",1
"andeq sl, sb, r0, lsl 24",1
"subseq r0, r7, 0, 2",1
"andvc r0, ip, r0",1
"stclvc p2, c0, [sl, -0]",1
"andeq r0, r0, 0",1
"mulvc ip, r1, r4",1
bmi 0x88d80,1
"andeq r0, r0, r0, lsl 3",1
"rsbseq sb, r0, r2, lsl 2",1
bleq 0x9000,1
"strpl r0, [r2], -0",1
"andeq r7, r0, r1, lsl 26",1
"sbceq r5, r2, r0, lsl 24",1
"sbceq sb, r2, r0, lsl 16",1
"andeq sp, sb, r0, lsl 16",1
"addeq r0, r2, 0, 2",1
"movwvc r0, 0xc000",1
"mrrchs p2, 0, r0, r4, c0",1
"andeq r0, r0, 0",1
bleq 0x25e40,1
"andeq r4, fp, r1",1
"cmpeq sp, r0, lsl 4",1
"andeq r0, r0, sp, ror r0",1
"muleq r0, r8, r2",1
"andeq ip, r0, r0, ror 5",1
"andeq r0, r0, r4, lsl 20",1
"andeq ip, r2, r1, lsl 10",1
"rsbeq r0, lr, r0, lsl 24",1
"eoreq r5, ip, r2, lsl 26",1
invalid,1
"rsbseq r0, r3, ip, ror 24",1
"eoreq r5, ip, r2, lsl 26",1
invalid,1
"rsbseq r0, r0, r8, ror 26",1
"rsbseq r5, sp, r2, lsl 30",1
invalid,1
invalid,1
"ldrdeq r0, r1, [r0], -sb",1
"stcvc p15, c6, [r1, -8]",1
"and r0, r0, r0",1
"andhs r0, r0, r2, asr 1",1
"andlo r0, r0, r3, asr 1",1
invalid,1
"strdeq r0, r1, [r0], -ip",1
"andeq r7, r0, 0xc",1
"andeq sb, r0, pc, ror 14",1
"ldrvc r0, [r1], 0x200",1
"andeq r7, r0, 12, 6",1
"andeq r2, r0, pc, ror 24",1
"addsvc r0, r1, r0, lsl 4",1
"cdphs p15, 0, c0, c1, c0, 0",1
"andeq r0, r0, 0xb",1
"rsbseq r0, pc, r7, ror r1",1
invalid,1
"cmpgt ip, 0",1
beq 0x1708c8c,1
"andne r0, r1, r0",1
"andeq r0, r0, sp, lsl 17",1
"addeq r7, ip, r2, lsl 14",1
invalid,1
"mcrls p0, 0, r0, c0, c4, 3",1
"andeq r0, r0, 0",1
"andeq sp, sl, r0",1
"cdpeq p4, 0, c0, c1, c0, 0",1
invalid,1
"andeq r0, r0, r3, asr fp",1
"strdeq r0, r1, [r0], -pc",1
"andeq ip, r0, ip, asr r3",1
"muleq r0, r8, r3",1
"andeq r0, r0, r5, asr 29",1
"stmdbvs r5, {r1, sl}",1
"movweq r7, 0x46e",1
"eoreq r0, r4, r4, lsl 14",1
"mrseq r0, apsr",1
"andeq r3, r0, r8, lsl 2",1
"streq r0, [r2, -r0, lsl 6]",1
"andeq r0, r0, pc, lsr r0",1
svcne 0x70403,1
"movweq r0, 0",1
"eorseq r0, r3, r1, lsl 12",1
"andeq r0, r3, 0",1
"andeq ip, r0, r5, lsl 22",1
"streq r0, [r8, -0x300]",1
"andeq r0, r0, r0",1
bne 0x1cad0c,1
"movweq r0, 0",1
"andeq r0, r5, r4, lsl 10",1
"streq r0, [r3], -0",1
"andeq sp, r0, r7, lsl 10",1
"stmdaeq r1, {r8, sb}",1
"andeq r0, r0, sl, lsr r0",1
"andeq r2, r0, r4, lsl 10",1
"stmdami r1, {r8, sl}",1
invalid,1
"cmpgt ip, 32, 2             ; 0x20",1
"orrsgt r0, r8, 0",1
beq 0xfe208d30,1
"streq r0, [r1], -r0",1
"andeq r0, r0, r3, asr 5",1
"rsbseq r1, sb, r2, lsl 4",1
"mrseq r0, apsr",1
"andeq fp, r0, r0, lsl 30",1
bhs 0x9548,1
"streq r0, [r0], -0xb",1
"andeq r0, r0, r1, lsl 28",1
bleq 0x1909154,1
"rscseq r0, pc, r0",1
"orrsgt r0, r8, 0",1
"ldrtgt r0, [r0], -0",1
svceq 0x160000,1
"streq r0, [r2], -0",1
"strbtvc r6, [lr], -0x905",1
"streq r0, [r4, -r0, lsl 6]",1
"andeq r0, r0, r4, lsr 32",1
bleq 0x1dc9188,1
blne 0x48d7c,1
"andeq r2, r0, r1, lsl 10",1
"sbceq sb, r3, r0, lsl 16",1
"sbceq r3, r4, r0",1
"andeq fp, sl, r0, lsl 8",1
"addseq r0, lr, r0, lsl 2",1
"movwvc r0, 0x5000",1
blne 0x48e5c,1
"muleq r0, lr, r0",1
"strbeq sb, [r4, -0x102]!",1
invalid,1
"andeq sb, r0, fp, lsl lr",1
"addsvs r0, r1, r0, lsl 4",1
"eorseq r7, r1, r6",1
"adcseq r1, r0, r1, lsl 26",1
"strpl r0, [r1, -0]",1
"eorseq r7, r2, r6",1
"adcseq r1, r0, r1, lsl 28",1
"strpl r0, [r1], -0",1
"eorseq r6, r1, r6, lsl 6",1
"adcseq r1, fp, r1, lsl 30",1
invalid,1
"rsblo r0, r3, 0x6f00000",1
bllt 0x7c91d8,1
"andeq r0, r0, 0",1
invalid,1
"andeq sl, r0, r4, lsl 8",1
"adceq r0, sb, r0, lsl 16",1
"mrseq r0, apsr",1
"andeq r3, r0, r8, lsl 20",1
"strlt r0, [r4], -r0, lsl 14",1
invalid,1
"strheq r0, [r0], -fp",1
invalid,1
"andeq r0, r0, r0",1
"andeq r0, r0, sb, asr 6",1
bleq 0xfe788e14,1
invalid,1
"andeq r0, r0, lr",1
"andeq sb, fp, r1, lsl 28",1
"andeq pc, r0, r0, lsl 30",1
"sbceq r3, r4, r0",1
"sbceq r0, r5, r0, lsl 16",1
"andeq r6, pc, r0, lsl 10",1
invalid,1
"strle r0, [r2, -0]",1
"andeq r0, r0, r0, lsr r0",1
"strhs r0, [r7], -0x403",1
"movweq r0, 0",1
"eorseq r0, r1, r1, lsl 16",1
"andeq r0, r3, 0",1
"andeq r3, r0, r7, lsl 30",1
"streq r0, [r4, -r0, lsl 6]",1
"andeq r0, r0, pc, lsl r0",1
"movwlo r0, 0x6103",1
"movweq r0, 0",1
"sbceq r0, fp, r2, lsl 10",1
"streq r0, [r4], -0",1
"strbtvc r6, [lr], -0x905",1
"streq r0, [r8, -0x300]",1
"andeq r0, r0, r0",1
bne 0x1cae7c,1
"andeq r0, r0, 0",1
"andeq r0, r0, r8, lsr 4",1
"rsbeq r3, r1, r3, lsl 14",1
invalid,1
"movweq r0, 2",1
"andeq r8, r0, ip, lsl 11",1
"streq r0, [r4, -0x300]",1
"andeq r0, r0, r5",1
"andeq r3, r2, r2, lsl 30",1
svcvs 0x8d0300,1
"movweq r0, 0",1
"sbcseq r0, r5, r4, lsl 14",1
"streq r0, [r5], -0",1
"adceq r0, r6, r6, lsl 8",1
"mrseq r0, apsr",1
"andeq r3, r0, r8, lsl 20",1
"lsleq r0, r0, 4",1
"andlo r0, r4, r0",1
"strheq r0, [r0], -r8",1
"andeq sb, r1, r7, lsl 24",1
invalid,1
"andeq r0, r0, r3, ror r2",1
"andeq r7, r6, r8, lsl 12",1
bpl 0xffdca2d0,1
"andeq r0, r0, 0",1
"cdple p0, 0, c0, c8, c3, 1",1
"streq r0, [r0, -1]",1
"strdeq sl, fp, [r0], -ip",1
"strteq r0, [r3], -0x200",1
"andeq r5, r1, r8, lsl 20",1
"rscsge r0, sp, r0, lsl 10",1
"andeq r0, r0, 0",1
bhi 0x20af80,1
"streq r0, [r0, -2]",1
"strdeq sl, fp, [r0], -lr",1
"stceq p2, c0, [r3], -0",1
"andeq ip, r1, r8, lsl 12",1
"rscsge r0, pc, r0, lsl 10",1
"andeq r0, r0, 0",1
invalid,1
"streq r0, [r0, -1]",1
"adceq r0, r0, r0, lsl 2",1
"movwhs r0, 0x2000",1
"eorseq r0, r1, 20, 18",1
"mrseq r0, apsr",1
"andeq sl, r0, r1",1
"stmdane r3!, {sb}",1
"andeq r4, r1, sb, lsl 8",1
invalid,1
"andeq r0, r0, r0, lsr 1",1
"ldmdbeq ip, {r1, r8, sb, sp}",1
"strdeq r0, r1, [r0], -r2",1
"andge r0, r1, r5, lsl 6",1
"andeq r0, r0, 0",1
"strge r2, [sb, -r3, lsr 32]",1
"streq r0, [r0, -2]",1
"adceq r0, r0, r5, lsl 2",1
"movwhs r0, 0x2000",1
"subseq r0, r8, 36, 18",1
"streq r0, [r5], -r0",1
"andeq sl, r0, r1",1
"stmdahs r3!, {sb}",1
"andeq r1, r1, sb, lsl 26",1
"mrseq r0, apsr",1
"andeq r0, r0, r0, lsr 1",1
"stmdbeq ip!, {r1, r8, sb, sp}",1
"andeq r0, r0, r1, asr r1",1
"mrslt r0, apsr",1
"andeq r0, r0, 2",1
invalid,1
"streq r0, [r0, -2]",1
"adcseq r0, r7, 0xc0000002",1
"movwhs r0, 0x2000",1
"rscseq r0, r7, r4, lsr sb",1
"stceq p0, c0, [r5, -0]",1
"andeq r5, r0, r1, lsl 20",1
"stmdalo r3!, {sb}",1
"andeq r7, r2, sb, lsl 24",1
"tsteq r1, r0, lsl 10",1
"andeq r0, r0, sl, asr r0",1
"ldmdbeq ip!, {r1, r8, sb, sp}",1
"andeq r0, r0, r5, ror 1",1
bvc 0x4dbd0,1
"andeq r0, r0, 0",1
"andhi r4, sb, r3, lsr 32",1
"streq r0, [r0, -1]",1
"eorseq r0, lr, r7, lsl r1",1
"movwhs r0, 0x2000",1
"addseq r0, r8, 68, 18",1
invalid,1
"andeq r4, r0, r1, lsl 24",1
"strtmi r0, [r3], -r0, lsl 4",1
"andeq fp, r1, sb, lsl 10",1
"tsteq sb, r0, lsl 10",1
"strheq r0, [r0], -sp",1
"stmdbeq r7, {r1, r8, sb, sp} ^",1
"andeq r0, r0, sl, ror r1",1
"stcgt p13, c1, [r1, -0x14]",1
"andeq r0, r0, 2",1
"stmdb sb, {r0, r1, r5, fp, lr}",1
"streq r0, [r0, -0]",1
"addeq r0, ip, r6, lsr 2",1
"movwhs r0, 0x2000",1
"andeq r0, fp, 80, 18",1
svchs 0x50000,1
"andeq sb, r0, r1, lsl 28",1
"stmdapl r3!, {sb}",1
"andeq fp, r1, sb, lsl 30",1
"teqeq r0, r0, lsl 10",1
"muleq r0, lr, r0",1
"ldmdbeq ip, {r1, r8, sb, sp} ^",1
"andeq r0, r0, sl, lsl r2",1
"cdpls p1, 0, c3, c1, c5, 0",1
"andeq r0, r0, 0",1
invalid,1
"streq r0, [r0, -2]",1
"addseq r0, lr, r2, lsr r1",1
"movwhs r0, 0x2000",1
invalid,1
"movwlo r0, 0x5000",1
"andeq r2, r0, r1, lsl 10",1
"stmdavs r3!, {sb}",1
"andeq r8, r2, sb, lsl 8",1
"teqeq r5, r0, lsl 10",1
"andeq r0, r0, sl, asr r0",1
"stmdbeq ip!, {r1, r8, sb, sp} ^",1
"ldrdeq r0, r1, [r0], -r5",1
"movwle r3, 0x1705",1
"andeq r0, r0, 2",1
beq 0x25104,1
"ldrdeq r0, r1, [r0], -lr",1
bge 0x1efc94,1
invalid,1
"adcseq sl, r1, 0x40000001",1
"streq r0, [r8, -0]",1
"streq r0, [r0, -2]",1
"andeq fp, r2, r2, lsr 3",1
"eoreq r0, r3, r0, lsl 4",1
"andeq sb, r1, r8, lsl 12",1
"strlt r0, [r3, r0, lsl 10]!",1
"andeq r0, r0, 2",1
invalid,1
"streq r0, [r0, -1]",1
"andeq r5, r0, r7, lsr 21",1
"stmdaeq r3!, {sb}",1
bvc 0x10a8b8,1
"streq r0, [r0], -r2",1
"andeq fp, r0, r4, lsl 16",1
"adceq r0, r6, r0, lsl 22",1
"sbceq r0, sp, 0",1
"strls r0, [ip, -r0]",1
"andeq r0, r0, r0",1
"movwvc r0, 0x4600",1
bleq 0x90e0,1
"andeq r0, r0, r6, lsr 1",1
"andeq r0, r0, r3, ror 5",1
"andeq sb, r0, ip, lsl 14",1
"stceq p7, c2, [r0, -0]",1
"andeq sb, fp, r1, lsl 2",1
"teqeq r8, r0, lsl 2",1
"andeq r0, r0, sl, asr r0",1
"andeq ip, r0, r0, lsr r4",1
"andeq ip, r0, r8, lsl 10",1
"andeq r0, r0, r0, ror 21",1
"andeq r3, r3, r1, lsl 20",1
bleq 0xfe5cc908,1
invalid,1
"andeq r0, r0, sl, lsr r3",1
svceq 0x6c9102,1
"andeq r0, r0, r4, lsl 23",1
"movteq r3, 0xa01",1
invalid,1
bleq 0xfec4cf00,1
bllo 0x49128,1
"andeq r0, r0, r0, asr 6",1
svceq 0x769102,1
"strheq r0, [r0], -fp",1
"movteq r3, 0xc01",1
invalid,1
"streq r0, [r6], -0x75",1
"andeq r0, r0, sp, lsr 1",1
"andeq r4, r3, r0, lsl r5",1
"andeq r0, r1, 0, 6",1
"andeq r0, r0, r1, asr 6",1
"andeq r8, lr, r0, lsl 2",1
"andvc r0, r0, r0, lsl 4",1
"streq r0, [r0], -0xc",1
"andeq r0, r0, r1, lsl 28",1
"strbne r0, [r5, 0x100]!",1
"rscseq r0, pc, r0",1
"strgt r0, [r8, -0]",1
bgt 0x509170,1
"eorsne r0, r8, r0",1
invalid,1
"andeq r3, r0, r8, lsl 2",1
"streq r0, [r2, -r0, lsl 4]",1
"andeq r0, r0, pc, lsr r0",1
"strhs r0, [r7], -0x402",1
"andeq r0, r0, 0",1
"andseq r0, pc, r4, lsl 14",1
invalid,1
"andeq r3, r0, r6, lsl 6",1
"streq r0, [r2, -0x200]",1
"andeq r0, r0, fp, asr 1",1
"stmdbvs r5, {r0, r1, sl}",1
"andeq r7, r0, 0x6e000000",1
"andeq r0, r0, r8, lsl 10",1
invalid,1
"andeq r1, r0, r7, lsl 20",1
"eoreq r0, r8, 0, 8",1
"strlo r0, [r2, -r0]",1
"andeq r0, r0, r6, asr r0",1
"andeq r4, r2, r4, lsl 18",1
bvc 0xfe3099c8,1
"andeq r0, r0, 0",1
"andeq r0, r5, r4, lsl 10",1
svclo 0x40000,1
"andeq r0, r0, 2",1
"andeq r6, r0, sp, lsl 9",1
"streq r0, [r4, -r0, lsl 4]",1
"ldrdeq r0, r1, [r0], -r5",1
"streq r0, [r6], -0x405",1
"muleq r0, fp, r0",1
blo 0x2095f8,1
"streq r0, [r0], -0",1
"andeq r0, r0, sl, lsr 2",1
"eorseq sp, r3, r3, lsl 10",1
"andge r0, r4, r0",1
"streq r0, [r0], -1",1
"andeq fp, r0, r0, lsr r8",1
"orrseq r0, ip, r0, lsl 14",1
"ldreq r0, [r8]",1
"strdeq r7, r8, [r2], -r6",1
"ldrbteq r0, [r6], -r0, lsl 16",1
invalid,1
"andeq r0, r0, pc, asr 32",1
"stmdaeq r0, {r1, r8, sb, sp}",1
"ldrdeq r0, r1, [r0], -lr",1
"addseq pc, r5, r5, lsl 24",1
"movwhs r0, 0x2000",1
"cmpeq sl, r4, lsl 16",1
"stc2 p0, c0, [r5, -0]",1
"muleq r0, r5, r0",1
"stmdaeq r8, {r1, r8, sb, sp}",1
"andeq r0, r0, sl, lsl 5",1
"addseq pc, r5, r5, lsl 28",1
"movwhs r0, 0x2000",1
"biceq r0, r6, ip, lsl 16",1
invalid,1
"muleq r0, r5, r0",1
"ldmdbeq r0, {r1, r8, sb, sp}",1
"andeq r0, r0, r1, lsr r1",1
"strls r0, [r1, -5]",1
"andeq r0, r0, 0",1
invalid,1
"streq r0, [r0, -2]",1
"addseq r0, r5, r1, lsl 2",1
"movwhs r0, 0x2000",1
invalid,1
"andeq r0, r5, 0",1
"andeq sb, r0, r1, lsl 10",1
"stcne p2, c0, [r3], -0",1
"andeq pc, r1, sb, lsl 4",1
"mrseq r0, apsr",1
"muleq r0, r5, r0",1
"stmdbeq r0!, {r1, r8, sb, sp}",1
"andeq r0, r0, r7, lsr 5",1
"strls r0, [r1, -0x505]",1
"andeq r0, r0, 0",1
"stmdapl sb, {r0, r1, r5, sl, sp}",1
"streq r0, [r0, -2]",1
"addseq r0, r5, r6, lsl 2",1
"movwhs r0, 0x2000",1
"tsteq sp, r8, lsr 18",1
"streq r0, [r5, -r0]",1
"andeq sb, r0, r1, lsl 10",1
"stchs p2, c0, [r3], -0",1
"andeq r5, r1, sb, lsl 2",1
"mrseq r0, apsr",1
"strheq r0, [r0], -r1",1
"ldmdbeq r0!, {r1, r8, sb, sp}",1
"andeq r0, r0, r1, asr r2",1
"strlt r0, [r1, -r5, lsl 22]",1
"andeq r0, r0, 2",1
invalid,1
"streq r0, [r0, -0]",1
"subeq r0, pc, sp, lsl 2",1
"movwhs r0, 0x2000",1
"rsbseq r0, ip, 56, 18",1
"mrsne r0, apsr",1
"andeq r4, r0, r1, lsl 30",1
"stclo p2, c0, [r3], -0",1
"andeq lr, r0, sb, lsl 10",1
"tsteq r3, r0, lsl 10",1
"andeq r0, r0, pc, rrx",1
"stmdbeq r0, {r1, r8, sb, sp} ^",1
"andeq r0, r0, r0, lsl 3",1
invalid,1
"andeq r0, r0, 0",1
"stmdals sb, {r0, r1, r5, sl, lr}",1
"streq r0, [r0, -2]",1
"subeq r0, r1, r8, lsl r1",1
"movwhs r0, 0x2000",1
invalid,1
invalid,1
"andeq fp, r2, r1, lsl 26",1
"strmi r0, [r3, -r0, lsl 4]!",1
"andeq r7, r1, sb, lsl 20",1
"tsteq sp, r0, lsl 10",1
"andeq r0, r0, sp, asr 5",1
"stmdbeq r8, {r1, r8, sb, sp} ^",1
"andeq r0, r0, sb, ror 1",1
invalid,1
"andeq r0, r0, 0",1
bleq 0x25d3e8,1
"streq r0, [r0, -2]",1
"addseq r0, r3, pc, lsr 2",1
"movwhs r0, 0x2000",1
invalid,1
"andlo r0, r5, r0",1
"andeq sb, r0, r1, lsl 6",1
"stcpl p2, c0, [r3], -0",1
"andeq r1, r2, sb, lsl 20",1
"teqeq r1, r0, lsl 10",1
"muleq r0, r3, r0",1
"stmdbeq r0!, {r1, r8, sb, sp} ^",1
"andeq r0, r0, r1, lsr 4",1
"movwls r3, 0x1205",1
"andeq r0, r0, 0",1
bl 0x262424,1
"streq r0, [r0, -1]",1
"adceq r0, r2, r3, lsr r1",1
"movwhs r0, 0x2000",1
"addeq r0, r4, 104, 18",1
"strlo r0, [r5, -0]",1
"andeq r4, r0, r1, lsl 30",1
"stcvs p2, c0, [r3], -0",1
"andeq sp, r1, sb, lsl 10",1
"teqeq r7, r0, lsl 10",1
"ldrdeq r0, r1, [r0], -r3",1
"rsbseq r2, r0, r2, lsl 6",1
"andeq sp, r2, sl, lsl 28",1
"ldreq r0, [fp, r0, lsl 10]",1
"andeq r0, r0, sl, lsr 3",1
invalid,1
"stmdaeq r0, {r1}",1
"andeq r0, r0, r5, lsl 4",1
"adcseq sl, r1, 0x50000000",1
"movwhs r0, 0x2000",1
"orrseq r0, r6, r0, lsl 16",1
"movwge r0, 0x5000",1
"strheq r0, [r0], -r7",1
"stmdaeq r4, {r1, r8, sb, sp}",1
"andeq r0, r0, ip, lsl 3",1
"subeq sl, pc, r5, lsl 14",1
"movwhs r0, 0x2000",1
"streq r0, [r6], -8",1
"andeq r0, r0, sl, ror r2",1
"adcseq r0, r8, r6, lsl 8",1
blls 0x2c9410,1
"stcgt p0, c0, [r0, -0]",1
invalid,1
"andeq r0, r0, ip, lsl 1",1
"streq r0, [r6], -0",1
"andeq r0, r0, r3, ror r2",1
"andeq sb, r0, fp, lsl 22",1
"andeq lr, r2, r0, lsl 6",1
"addeq r0, ip, r0, lsl 24",1
"eoreq r0, r7, r0",1
"rsceq r0, sb, 0x6000000",1
blls 0x34943c,1
"cdpeq p0, 0, c0, c0, c0, 0",1
"strtle r0, [sl], -r4, lsl 12",1
svceq 0xc,1
"andeq r1, r0, sp, lsr sl",1
svceq 0x88080,1
"andeq r1, r0, r4, lsl r6",1
svceq 0x88081,1
"andeq r1, r0, sl, asr 20",1
svceq 0x88082,1
"andeq r1, r0, r7, asr sl",1
svceq 0x88083,1
"andeq r1, r0, r4, ror 20",1
svceq 0x88084,1
"andeq r1, r0, r1, ror sl",1
svceq 0x88085,1
"andeq r1, r0, lr, ror sl",1
svceq 0x88086,1
"andeq r1, r0, pc, lsr sl",1
svceq 0x88087,1
"andeq r1, r0, r6, lsl r6",1
svceq 0x88088,1
"andeq r1, r0, ip, asr 20",1
svceq 0x88089,1
"andeq r1, r0, sb, asr sl",1
svceq 0x8808a,1
"andeq r1, r0, r6, ror 20",1
svceq 0x8808b,1
"andeq r1, r0, r3, ror sl",1
svceq 0x8808c,1
"andeq r1, r0, r0, lsl 21",1
svceq 0x8808d,1
"andeq r0, r0, sp, ror 25",1
svceq 0x8808e,1
"strdeq r0, r1, [r0], -sl",1
svceq 0x8808f,1
"andeq r0, r0, r7, lsl 26",1
svceq 0x88090,1
"andeq r0, r0, r4, lsl sp",1
svceq 0x88091,1
"andeq r0, r0, r1, lsr 26",1
svceq 0x88092,1
"andeq r0, r0, lr, lsr 26",1
svceq 0x88093,1
"andeq r0, r0, fp, lsr sp",1
svceq 0x88094,1
"andeq r0, r0, r8, asr 26",1
svceq 0x88095,1
"andeq r0, r0, r5, asr sp",1
svceq 0x88096,1
"andeq r1, r0, r5, lsr ip",1
svceq 0x88097,1
"andeq r1, r0, r3, asr 24",1
svceq 0x88098,1
"andeq r1, r0, r1, asr ip",1
svceq 0x88099,1
"andeq r0, r0, pc, ror 25",1
svceq 0x8809a,1
"strdeq r0, r1, [r0], -ip",1
svceq 0x8809b,1
"andeq r0, r0, sb, lsl 26",1
svceq 0x8809c,1
"andeq r0, r0, r6, lsl sp",1
svceq 0x8809d,1
"andeq r0, r0, r3, lsr 26",1
svceq 0x8809e,1
"andeq r0, r0, r0, lsr sp",1
svceq 0x8809f,1
"andeq r0, r0, sp, lsr sp",1
svceq 0x880a0,1
"andeq r0, r0, sl, asr 26",1
svceq 0x880a1,1
"andeq r0, r0, r7, asr sp",1
svceq 0x880a2,1
"andeq r1, r0, r7, lsr ip",1
svceq 0x880a3,1
"andeq r1, r0, r5, asr 24",1
svceq 0x880a4,1
"andeq r1, r0, r3, asr ip",1
svceq 0x880a5,1
"andeq r1, r0, r5, ror 17",1
svceq 0x880a6,1
"andeq r1, r0, pc, ror 10",1
svceq 0x880a7,1
"andeq r0, r0, r2, asr lr",1
svceq 0x880a8,1
"andeq r2, r0, sb, lsr 1",1
svceq 0x880a9,1
"ldrdeq r0, r1, [r0], -fp",1
svceq 0x880aa,1
"andeq r2, r0, pc, lsr 2",1
"andne r8, r8, fp, lsr 1",1
"subeq r5, r1, r5, asr 4",1
svceq 0x880ac,1
"andeq r1, r0, pc, asr 18",1
svceq 0x880ad,1
"andeq r1, r0, r8, lsl pc",1
svceq 0x880ae,1
"andeq r1, r0, r8, lsl sb",1
svceq 0x880af,1
"andeq r1, r0, r1, ror 27",1
svceq 0x880b0,1
"strdeq r1, r2, [r0], -pc",1
svceq 0x880b1,1
"andeq r1, r0, r3, lsr r1",1
svceq 0x880b2,1
"ldrdeq r0, r1, [r0], -r3",1
svceq 0x880b3,1
"andeq r1, r0, r8, lsr sl",1
svceq 0x880b4,1
"andeq r1, r0, pc, lsl 12",1
svceq 0x880b5,1
"andeq r1, r0, r5, asr 20",1
svceq 0x880b6,1
"andeq r1, r0, r2, asr sl",1
svceq 0x880b7,1
"andeq r1, r0, pc, asr sl",1
svceq 0x880b8,1
"andeq r1, r0, ip, ror 20",1
svceq 0x880b9,1
"andeq r1, r0, sb, ror sl",1
svceq 0x880ba,1
"andeq r0, r0, sl, asr lr",1
svceq 0x880bb,1
"andeq r0, r0, r8, asr 25",1
svceq 0x880bc,1
"andeq r0, r0, r5, ror 28",1
svceq 0x880bd,1
"andeq r0, r0, r0, ror lr",1
svceq 0x880be,1
"andeq r0, r0, fp, ror lr",1
svceq 0x880bf,1
"andeq r0, r0, r6, lsl 29",1
svceq 0x880c0,1
"muleq r0, r1, lr",1
svceq 0x880c1,1
"andeq r0, r0, r8, ror 25",1
svceq 0x880c2,1
"strdeq r0, r1, [r0], -r5",1
svceq 0x880c3,1
"andeq r0, r0, r2, lsl 26",1
svceq 0x880c4,1
"andeq r0, r0, pc, lsl 26",1
svceq 0x880c5,1
"andeq r0, r0, ip, lsl sp",1
svceq 0x880c6,1
"andeq r0, r0, sb, lsr 26",1
svceq 0x880c7,1
"andeq r0, r0, r6, lsr sp",1
svceq 0x880c8,1
"andeq r0, r0, r3, asr 26",1
svceq 0x880c9,1
"andeq r0, r0, r0, asr sp",1
svceq 0x880ca,1
"andeq r1, r0, r0, lsr ip",1
svceq 0x880cb,1
"andeq r1, r0, lr, lsr ip",1
svceq 0x880cc,1
"andeq r1, r0, ip, asr 24",1
svceq 0x880cd,1
"andeq r1, r0, sl, asr sb",1
svceq 0x880ce,1
"andeq r1, r0, r5, ror 18",1
svceq 0x880cf,1
"andeq r1, r0, r0, ror sb",1
svceq 0x880d0,1
"andeq r1, r0, fp, ror sb",1
svceq 0x880d1,1
"andeq r1, r0, r4, asr 4",1
svceq 0x880d2,1
"andeq r1, r0, pc, asr 4",1
svceq 0x880d3,1
"andeq r1, r0, sl, asr r2",1
svceq 0x880d4,1
"andeq r1, r0, r5, ror 4",1
svceq 0x880d5,1
"andeq r1, r0, r0, ror r2",1
svceq 0x880d6,1
"andeq r0, r0, r1, ror 23",1
svceq 0x880d7,1
"andeq r0, r0, sp, ror 23",1
svceq 0x880d8,1
"strdeq r0, r1, [r0], -sb",1
svceq 0x880d9,1
"andeq r1, r0, r0, ror 17",1
svceq 0x880da,1
"andeq r1, r0, sl, ror 10",1
svceq 0x880db,1
"andeq r0, r0, sp, asr 28",1
svceq 0x880dc,1
"andeq r2, r0, r4, lsr 1",1
svceq 0x880dd,1
"ldrdeq r1, r2, [r0], -r3",1
svceq 0x880de,1
"andeq r2, r0, sl, lsr 2",1
svceq 0x880df,1
"ldrdeq r1, r2, [r0], -sl",1
svceq 0x880e0,1
"andeq r1, r0, r3, lsl pc",1
svceq 0x880e1,1
"andeq r1, r0, r3, lsl sb",1
svceq 0x880e2,1
"ldrdeq r1, r2, [r0], -ip",1
svceq 0x880e3,1
"strdeq r1, r2, [r0], -sl",1
svceq 0x880e4,1
"andeq r2, r0, r3, ror 3",1
svceq 0x880e5,1
"andeq r1, r0, sp, asr r4",1
svceq 0x880e6,1
"andeq r1, r0, r3, lsl r8",1
svceq 0x880e7,1
"andeq r0, r0, sl, lsl 24",1
svceq 0x880e8,1
"andeq r0, r0, r8, lsr pc",1
svceq 0x880e9,1
"andeq r0, r0, r2, asr 31",1
svceq 0x880ea,1
"andeq r1, r0, ip, ror 17",1
svceq 0x880eb,1
"andeq r0, r0, r5, ror 27",1
svceq 0x880ec,1
"andeq r0, r0, r0, ror 27",1
svceq 0x880ed,1
"andeq r0, r0, r4, ror ip",1
svceq 0x880ee,1
"andeq r0, r0, r1, lsr 27",1
svceq 0x880ef,1
"andeq r1, r0, r6, lsl r7",1
svceq 0xc8080,1
"andeq r1, r0, r8, lsl r2",1
svceq 0xc8081,1
"muleq r0, r0, r0",1
svceq 0xc8082,1
"andeq r0, r0, pc, ror 27",1
svceq 0xc8083,1
"andeq r2, r0, sl, asr r2",1
svceq 0xc8084,1
"andeq r1, r0, r6, lsr r3",1
svceq 0xc8085,1
"andeq r1, r0, r2, ror r6",1
svceq 0xc8086,1
"andeq r1, r0, r3, lsl 13",1
svceq 0xc8087,1
"muleq r0, r4, r6",1
svceq 0xc8088,1
"andeq r1, r0, sl",1
svceq 0xc8089,1
"andeq r1, r0, sp, asr r6",1
svceq 0xc808a,1
"andeq r1, r0, fp, ror r2",1
svceq 0xc808b,1
"andeq r0, r0, r4, lsl 28",1
svceq 0xc808c,1
"muleq r0, r5, r8",1
svceq 0xc808d,1
"andeq r1, r0, r5, asr 15",1
svceq 0xc808e,1
"andeq r1, r0, r7, ror 19",1
svceq 0xc808f,1
"andeq r1, r0, r3, asr 13",1
svceq 0xc8090,1
"andeq r1, r0, r0, lsr 28",1
svceq 0xc8091,1
"andeq r1, r0, sl, asr fp",1
svceq 0xc8092,1
"andeq r0, r0, sl, lsr lr",1
svceq 0xc8093,1
"andeq r1, r0, sl, asr 7",1
"ldrne r0, [ip, 0xf00]!",1
svceq 0x10000,1
"strdeq r1, r2, [r0], -sb",1
"ldcne p15, c0, [r0, -8]",1
svceq 0x30000,1
"andeq r1, r0, r8, lsl 10",1
"mrrcne p15, 0, r0, sl, c4",1
svceq 0x50000,1
"andeq r1, r0, r7, lsl r5",1
"strne r0, [r6, -0xf06]!",1
svceq 0x70000,1
"andeq r1, r0, r5, lsr r5",1
"strbne r0, [r4, -0xf08]",1
svceq 0x90000,1
"andeq r1, r0, r0, lsr r4",1
bne 0xfef0d4d4,1
svceq 0xb0000,1
"ldrdeq r1, r2, [r0], -fp",1
"strbne r0, [sp, ip, lsl 30]!",1
svceq 0xd0000,1
"muleq r0, sl, ip",1
"stmne r8, {r1, r2, r3, r8, sb, sl, fp}",1
svceq 0xe0000,1
"andeq r1, r0, pc, lsl r1",1
"cdpne p15, 0, c0, c12, c15, 0",1
svceq 0x100000,1
"ldrdeq r1, r2, [r0], -r5",1
"orrsne r0, sl, 17, 30",1
svceq 0x120000,1
"ldrdeq r1, r2, [r0], -pc",1
"adcshs r0, sb, r3, lsl pc",1
svceq 0x140000,1
"strheq r1, [r0], -ip",1
"ldceq p15, c0, [r1], 0x54",1
svceq 0x160000,1
"andeq r1, r0, r3, asr r5",1
"rscshs r0, ip, r7, lsl pc",1
svceq 0x180000,1
"andeq r1, r0, lr, asr 11",1
blne 0xff20d570,1
svceq 0x1a0000,1
"strdeq r1, r2, [r0], -r8",1
"tsths r3, fp, lsl pc",1
svceq 0x1c0000,1
"andeq r1, r0, ip, lsl r6",1
bne 0xff40d598,1
svceq 0x1e0000,1
"andeq r1, r0, r0, asr 32",1
"stclne p15, c0, [sl, -0x7c]",1
svceq 0x200000,1
"andeq r1, r0, r7, asr r0",1
"ldclne p15, c0, [r5, -0x84]!",1
svceq 0x220000,1
"andeq r1, r0, r2, lsl 1",1
"stcne p15, c0, [r4, 0x8c]!",1
svceq 0x240000,1
"andeq r1, r0, r8, lsl 2",1
"stclne p15, c0, [r5, 0x94]",1
svceq 0x260000,1
"andeq r1, r0, ip, asr 2",1
"stclne p15, c0, [sp, 0x9c]!",1
svceq 0x280000,1
"andeq r1, r0, r1, lsl 4",1
"cdpne p15, 0xf, c0, c12, c9, 1",1
svceq 0x2a0000,1
"andeq r1, r0, sp, lsr 4",1
svcne 0x220f2b,1
svceq 0x2c0000,1
"andeq r1, r0, pc, lsl 5",1
svcne 0x630f2d,1
svceq 0x2e0000,1
"andeq r1, r0, r3, ror 5",1
svcne 0x7a0f2f,1
svceq 0x300000,1
"andeq r1, r0, pc, lsl r3",1
svcne 0xbe0f31,1
svceq 0x320000,1
"andeq r1, r0, r6, lsl 21",1
"mrceq p15, 5, r0, c15, c3, 1",1
svceq 0x340000,1
"andeq r1, r0, r5, lsr 21",1
svceq 0xd0f35,1
svceq 0x360000,1
"andeq r1, r0, r7, lsl 22",1
svceq 0x4f0f37,1
svceq 0x380000,1
"andeq r1, r0, r3, asr 22",1
svceq 0x6f0f39,1
svceq 0x3a0000,1
"strheq r1, [r0], -r1",1
svceq 0x940f3b,1
svceq 0x3c0000,1
"andeq r1, r0, r7, asr 5",1
"strtne r0, [r0], 0xf3d",1
svceq 0x3e0000,1
"strheq r1, [r0], -r2",1
"ldceq p15, c0, [r1, 0xfc]!",1
"sbceq r0, r0, r0",1
"andseq sp, r0, pc, lsl 14",1
svceq 0xc100,1
"strheq r1, [r0], -r0",1
invalid,1
"movwgt r0, 0xe",1
"cmpne pc, 0, 30",1
"sbceq r0, r4, r0",1
"andseq r6, fp, pc, lsl 28",1
svceq 0xc500,1
"andeq r2, r0, lr, ror 4",1
"andls r0, pc, 0xc6",1
"smladgt r0, r5, r0, r0",1
"cdpne p15, 3, c0, c6, c0, 0",1
"sbceq r0, r8, r0",1
"andseq r4, lr, pc, lsl 24",1
svceq 0xc900,1
"andeq r1, r0, r2, ror 28",1
"stmdavc pc, {r1, r3, r6, r7}",1
blgt 0x9ab8,1
"cdpne p15, 8, c0, c14, c0, 0",1
"sbceq r0, ip, r0",1
"andseq sl, lr, pc, lsl 8",1
svceq 0xcd00,1
"strheq r1, [r0], -sl",1
"andle r0, pc, lr, asr 1",1
svcgt 0x1e,1
"cdpne p15, 0xe, c0, c6, c0, 0",1
"sbcseq r0, r0, r0",1
"andseq r4, r4, pc, lsl 12",1
svceq 0xd100,1
"muleq r0, sb, r0",1
"andvc r0, pc, 0xd2",1
"movwle r0, 0x14",1
"strne r0, [sb], 0xf00",1
"sbcseq r0, r4, r0",1
"andseq pc, r0, pc, lsl 2",1
svceq 0xd500,1
"andeq r1, r0, r7, lsr 3",1
"mcrgt p0, 0, r0, c15, c6, 6",1
"andhi r0, r0, r8, lsl r0",1
"andhs r1, pc, 0x80",1
invalid,1
"movwvs r1, 0xf080",1
"andhi r0, r0, 0x11",1
invalid,1
"movwhi r0, 0x21",1
"cdple p0, 0, c1, c15, c0, 4",1
"strhi r0, [r0], -0x17",1
"strhi r1, [pc], -r0, lsl 1",1
"strhi r0, [r0, -0x19]",1
"movwvc r1, 0xf080",1
invalid,1
"andle r1, pc, r0, lsl 1",1
"strhi r0, [r0, -r0, lsr 32]",1
"cdpvs p0, 0, c1, c15, c0, 4",1
"stmdahi r0, {r3, r4}",1
"strlt r1, [0x00009a58]",1
"stmdbhi r0, {r1, r5}",1
"andpl r1, pc, 0x80",1
bhi 0x9b60,1
"smlabbls pc, r0, r0, r1",1
blhi 0x9b68,1
"strls r1, [pc], -r0, lsl 1",1
invalid,1
"strge r1, [0x00009a78]",1
"stchi p0, c0, [r0, -0x58]",1
"strhi r1, [pc], -r0, lsl 1",1
"cdphi p0, 0, c0, c0, c15, 0",1
"stmdbeq pc, {r7, ip}",1
svchi 0x13,1
"movwmi r1, 0xf080",1
"andls r0, r0, r7, lsl r0",1
"strhi r1, [0x00009a98]",1
invalid,1
"smlabbvs pc, r0, r0, r1",1
"andls r0, r0, 0x1d",1
"stmdbhs pc, {r7, ip}",1
"movwls r0, 0x18",1
bl 0x3cdd30,1
"strls r0, [r0], -0x1c",1
"movwlt r1, 0xf080",1
"strls r0, [r0, -0x17]",1
invalid,1
invalid,1
"strne r1, [pc, -r0, lsl 1]",1
"smladls r0, sl, r0, r0",1
invalid,1
"stmdals r0, {r1, r2, r4}",1
"smlabbge pc, r0, r0, r1",1
"stmdbls r0, {r0, r1, r2, r3, r4}",1
"strvc r1, [pc, -r0, lsl 1]",1
bls 0x9ba8,1
"stmdahs pc, {r7, ip}",1
blls 0x9bf4,1
blne 0x3cdd70,1
invalid,1
"cdpls p0, 0, c1, c15, c0, 4",1
"stcls p0, c0, [r0, -0x70]",1
"strvs r1, [0x00009b00]",1
"cdpls p0, 0, c0, c0, c13, 0",1
"cdplo p0, 0, c1, c15, c0, 4",1
svcls 0x18,1
"cdple p0, 0, c1, c15, c0, 4",1
"andge r0, r0, r1, lsl r0",1
"strge r1, [pc, -r0, lsl 1]",1
invalid,1
bleq 0x3cdda0,1
"andge r0, r0, 0x22",1
"cdplt p0, 0, c1, c15, c0, 4",1
"movwge r0, 0x1c",1
"strgt r1, [pc], -r0, lsl 1",1
"strge r0, [r0], -0x19",1
"strge r1, [pc], -r0, lsl 1",1
"strge r0, [r0, -0x12]",1
"stmdble pc, {r7, ip}",1
invalid,1
bpl 0x3cddc8,1
"strge r0, [r0, -r0, lsr 32]",1
"stmdble pc, {r7, ip}",1
"stmdage r0, {r0, r1, r2, r3}",1
"and r1, pc, 0x80",1
"stmdbge r0, {r5}",1
"smlabbhs pc, r0, r0, r1",1
bge 0x9c14,1
"andeq r1, pc, 0x80",1
blge 0x9c3c,1
"andne r1, pc, 0x80",1
invalid,1
blgt 0x3cddf8,1
"stcge p0, c0, [r0, -0x34]",1
"smlabbge pc, r0, r0, r1",1
"cdpge p0, 0, c0, c0, c2, 1",1
"stmdahi pc, {r7, ip}",1
"andhi r0, r0, fp, lsl r0",1
invalid,1
"andhi r0, r0, sb, lsl r0",1
"andhs r0, pc, r0, lsl 9",1
invalid,1
"stcpl p4, c0, [0x00009a20]",1
invalid,1
blx 0x3cae28,1
"andhi r0, r0, 0x22",1
"stcvc p4, c0, [0x00009a30]",1
"movwhi r0, 0x13",1
b 0x3cae38,1
"strhi r0, [r0], -0x1a",1
invalid,1
"strhi r0, [r0, -0x18]",1
"stc2 p4, c0, [0x00009a48]",1
invalid,1
bllt 0x3cae50,1
"andhi r0, r0, sp, lsl r0",1
"strvs r1, [pc], -r0, lsl 9",1
invalid,1
blo 0x3cee60,1
"andhi r0, r0, 0x1b",1
"strgt r1, [0x000097e8]",1
"movwhi r0, 0x22",1
"cdp2 p4, 0, c1, c15, c0, 4",1
"strhi r0, [r0], -0x18",1
"cdpvs p4, 0, c1, c15, c0, 4",1
"strhi r0, [r0, -0x10]",1
"stcgt p4, c1, [0x00009a80]",1
"andhi r0, r0, r2, lsr 32",1
"strle r1, [pc], -r0, lsl 25",1
invalid,1
bge 0x3d0e90,1
"andhi r0, r0, 0x19",1
"andeq r1, pc, 128, 24",1
"movwhi r0, 0x18",1
bge 0x3d0ea0,1
"andhi r0, r0, r5, lsl r0",1
"stcmi p0, c2, [0x00009aa8]",1
invalid,1
"cdpne p0, 0, c2, c15, c0, 4",1
"andhi r0, r0, 0x10",1
"stmdami pc, {r7, sp}",1
"movwhi r0, 0x22",1
invalid,1
"strhi r0, [r0], -0x19",1
svchs 0xf2080,1
"strhi r0, [r0, -0x10]",1
"stcgt p0, c2, [0x00009ad0]",1
invalid,1
"movwlt r2, 0xf080",1
"smladhi r0, r6, r0, r0",1
invalid,1
"andhi r0, r0, ip, lsl r0",1
"stmdblo pc, {r7, sl, sp}",1
invalid,1
invalid,1
"andhi r0, r0, 0x1f",1
"movwhi r2, 0xf480",1
"movwhi r0, 0x17",1
blls 0x3d2f00,1
"strhi r0, [r0], -0x17",1
"streq r2, [0x00009888]",1
"strhi r0, [r0, -0x20]",1
invalid,1
invalid,1
"movwhs r2, 0xf480",1
"smladhi r0, sb, r0, r0",1
"strpl r2, [pc], -0x480",1
"stmdahi r0, {r0, r5}",1
"movwls r2, 0xf480",1
"stmdbhi r0, {r0, r5}",1
"stcvc p4, c2, [0x00009b30]",1
bhi 0x9db8,1
invalid,1
blhi 0x9d78,1
"strls r2, [pc], -r0, lsl 9",1
invalid,1
bvs 0x3d2f48,1
"stchi p0, c0, [r0, -0x84]",1
"strgt r2, [pc, -r0, lsl 9]",1
"andhi r0, r0, fp",1
"stmdbhs pc, {r7, fp, sp}",1
invalid,1
"stmdahi pc, {r7, fp, sp}",1
"andhi r0, r0, 0x22",1
invalid,1
"movwhi r0, 0x1b",1
"strlo r2, [pc], -0x880",1
"strhi r0, [r0], -0x1d",1
"stmdalt pc, {r7, fp, sp}",1
"strhi r0, [r0, -0x11]",1
"strvc r2, [pc], -0x880",1
"andhi r0, r0, r0, lsr 32",1
"str r2, [pc], -r0, lsl 25",1
invalid,1
"andeq r2, pc, r0, lsl 25",1
"andhi r0, r0, 0x1a",1
"stmdals pc, {r7, sl, fp, sp}",1
"andhi r0, r0, fp, lsl r0",1
blo 0x3d5fa0,1
invalid,1
"cdple p0, 0, c3, c15, c0, 4",1
"andhi r0, r0, 0x14",1
"movwhi r3, 0xf080",1
"movwhi r0, 0x1c",1
"stmdahi pc, {r7, ip, sp}",1
"strhi r0, [r0], -0xd",1
"stcpl p0, c3, [0x00009bc0]",1
"strhi r0, [r0, -0xc]",1
blge 0x3d5fc8,1
"strhi r0, [r0], -pc",1
"cdple p0, 0, c3, c15, c0, 4",1
"strhi r0, [r0, -r2, lsr 32]",1
"stcne p0, c3, [0x00009bd8]",1
"stmdahi r0, {r5}",1
"cdpne p0, 0, c3, c15, c0, 4",1
"stmdbhi r0, {r0, r1, r3, r4}",1
"cdplo p0, 0, c3, c15, c0, 4",1
bhi 0x9e1c,1
blo 0x3d5ff0,1
blhi 0x9e74,1
"strpl r3, [pc, -r0, lsl 1]",1
invalid,1
blgt 0x3d6000,1
"stchi p0, c0, [r0, -0x84]",1
"strvc r3, [pc], -r0, lsl 1",1
"mcrhi p0, 0, r0, c0, c5, 0",1
svcge 0xf3080,1
svchi 0x13,1
"stmda pc, {r7, ip, sp}",1
"andls r0, r0, r3, lsl r0",1
"streq r3, [0x00009da0]",1
invalid,1
"smlabbne r0, r0, r0, r3",1
"andeq r0, r0, r4, lsr 30",1
"movw r7, 0x1b01",1
"stmdaeq r0, {r1}",1
"stmdaeq r0, {r0, r2, r6, r7}",1
invalid,1
invalid,1
"andeq r0, r0, sl, lsl lr",1
"rsbseq r6, r0, r2, lsl r3",1
"rsceq r7, r3, 1, 26",1
invalid,1
"strgt r1, [ip, -0x374]!",1
invalid,1
"ldrvs r0, [r2], -0",1
invalid,1
"andeq lr, r2, r3, lsl 7",1
"addsvc r0, r1, r0, lsl 4",1
"andeq sb, r2, r4, lsl r3",1
"orr r0, r4, 0, 2",1
"andeq r0, r0, 2",1
"ldmdaeq r4, {r0, r4, r7, sl, sp, lr}",1
invalid,1
"andeq sb, r0, r5, lsl 11",1
"ldrpl r0, [r1], 0x200",1
"sbceq r6, r5, r5, lsl r4",1
"sbceq r4, r6, r0, lsl 8",1
"andeq r6, sp, r0, lsl 22",1
bne 0xfe74ee94,1
svchi 0x10000,1
"andeq r0, r0, r2, lsr 1",1
"strbtne sb, [r0], -0x102",1
"andeq r0, r0, sb, ror r3",1
"adceq sb, r2, r1",1
invalid,1
"adchs r1, pc, ip, asr r4",1
"mrsls r0, apsr",1
"andeq r0, r0, pc, asr 32",1
"subseq sb, r8, r2, lsl 2",1
"sbceq r5, r6, r3, lsl ip",1
"sbceq sp, r8, r0",1
"strbtvs r1, [r6], -0x200",1
svcmi 0xa10100,1
"andeq r0, r0, 0",1
"ldrhi r5, [r3], -0x91",1
"stmdagt r0, {r1, r2, r6, r7}",1
"andne r0, r0, 0xc8",1
invalid,1
"strheq r1, [lr], -r1",1
"ldcmi p2, c0, [r1], {0}",1
"sbceq fp, r6, r3, lsl r4",1
"sbceq ip, r8, r0, lsl 16",1
"stmdane r6!, {sl, ip} ^",1
"stclt p0, c0, [r1, -0]",1
"muleq r0, r5, r0",1
"strbtne sb, [ip], -0x102",1
"andeq r1, r0, r3, lsr r6",1
"adceq fp, r2, r1, lsl 28",1
invalid,1
"rsbseq r1, r0, r8, ror 12",1
"tstvs r2, 0",1
svcmi 0xc20100,1
"andeq r0, r0, 0",1
"mulsls r4, r1, r8",1
invalid,1
"andeq r2, lr, r3, asr 1",1
"ldrle r0, [r1], 0x300",1
invalid,1
"strgt r0, [r1], -0",1
"andeq r0, r0, r0, lsr 28",1
svcvc 0x889103,1
"eorseq r6, r1, r2, lsl ip",1
"adceq ip, r2, r1, lsl 10",1
invalid,1
"rsblo r1, ip, 68, 4",1
"sbcge r0, r5, 0, 2",1
"andeq r0, r0, 0",1
"andsvs r4, r4, 0x91",1
invalid,1
"andeq sb, r0, r6, asr 11",1
"ldclt p3, c0, [r1], {0}",1
"andeq r0, r0, pc, ror r0",1
"streq r0, [r0], -r0",1
"andeq sl, r0, r4, lsl 26",1
"addseq r0, fp, r0, lsl 22",1
"cdpeq p0, 3, c0, c0, c0, 0",1
invalid,1
"andlo r0, r0, 0",1
"cdp2 p7, 0, c1, c1, c0, 0",1
invalid,1
"movw r0, 0x116a",1
"stmdaeq r0, {r1}",1
"strne r0, [r0], -0xc9",1
"stmdalo r0, {r1, r3, r6, r7}",1
invalid,1
"andeq r0, r0, lr, ror 28",1
"andseq r0, lr, r8, lsl r4",1
invalid,1
"andeq r0, r0, r3, ror 5",1
"ldmdane r4!, {r1, r8, ip, pc} ^",1
"andeq r0, r0, r0, lsr pc",1
"movw r6, 0x1d01",1
"andeq r0, r0, 2",1
"strne r7, [r0], -0x91",1
"andeq r0, r0, r8, lsr 30",1
"cdpeq p7, 7, c7, c15, c1, 0",1
"movweq r0, 0x5000",1
"andeq r5, r1, ip, lsr lr",1
"andeq lr, r2, sb, lsl r3",1
"teqeq ip, 0",1
"andeq r0, r2, r0",1
"andeq r0, r0, ip, lsr 27",1
"andeq r0, lr, r4, lsl 2",1
"strhs r0, [r1], -0",1
invalid,1
"strne r0, [r0], -0",1
"strne r0, [r0], -0xca",1
"movwlt r0, 0xcb",1
"andeq r0, r0, 0x11",1
"andeq r0, r0, sl, lsr 2",1
"eorseq sp, r0, r2, lsl 10",1
"streq r0, [r3], -0",1
"andeq r2, r0, r7, lsl 8",1
"stmdaeq r1, {r8, sb}",1
"andeq r0, r0, r1, lsr r0",1
svclo 0x70203,1
"movweq r0, 0",1
"andseq r0, pc, r4, lsl 14",1
"mrseq r0, apsr",1
"andeq r3, r0, r6, lsl 6",1
"streq r0, [r2, -0x300]",1
"andeq r0, r0, fp, asr 1",1
"stmdbvs r5, {r2, sl}",1
"movweq r7, 0x46e",1
"andeq r0, r0, r8, lsl 10",1
invalid,1
"andeq r1, r0, r7, lsl 20",1
"eoreq r0, r8, 0, 4",1
"strlo r0, [r3, -r0]",1
"andeq r0, r0, r1, rrx",1
"andeq r4, r2, r2, lsl 18",1
"strhi r0, [ip, 0x300]",1
"movweq r0, 0",1
"andeq r0, r5, r4, lsl 10",1
svclo 0x20000,1
"movweq r0, 2",1
"andeq r6, r0, sp, lsl 31",1
"streq r0, [r4, -r0, lsl 6]",1
"ldrdeq r0, r1, [r0], -r5",1
"streq r0, [r6], -0x405",1
"andeq r0, r0, r6, lsr 1",1
blo 0x20a48c,1
"andeq r0, r0, 0",1
"andeq r0, r0, r0, lsr 3",1
"adcseq r3, r8, r4",1
invalid,1
"stmdals r0, {r0}",1
"rsbseq pc, r3, 0x500000",1
"strvc r0, [r8], -r0",1
"streq r0, [r0, -6]",1
"strdeq r5, r6, [r0], -r7",1
"eoreq r0, r3, r0, lsl 4",1
"andeq sp, r1, r8, lsl 28",1
"rscsge r0, ip, r0, lsl 10",1
"andeq r0, r0, 0",1
bpl 0x20b144,1
"streq r0, [r0, -1]",1
"strdeq sl, fp, [r0], -sp",1
"stmdaeq r3!, {sb}",1
"andeq r8, r2, r8, lsl 20",1
"rscsge r0, lr, r0, lsl 10",1
"andeq r0, r0, 0",1
"strgt r0, [r8], -r3, lsr 24",1
"streq r0, [r0, -1]",1
"strdeq sl, fp, [r0], -pc",1
"eorne r0, r3, r0, lsl 4",1
"andeq r3, r1, sb, lsl 2",1
invalid,1
"andeq r0, r0, r0, lsr 1",1
"ldmdbeq r4, {r1, r8, sb, sp}",1
"andeq r0, r0, r1, lsr r2",1
"andge r0, r1, r5, lsl 2",1
"andeq r0, r0, 0",1
"strmi r1, [sb], -0x823",1
"streq r0, [r0, -1]",1
"adceq r0, r0, r2, lsl 2",1
"movwhs r0, 0x2000",1
invalid,1
"movweq r0, 0x5000",1
"andeq sl, r0, r1",1
"eorhs r0, r3, r0, lsl 4",1
"andeq sl, r2, sb, lsl 14",1
"mrseq r0, apsr",1
"andeq r0, r0, r0, lsr 1",1
"stmdbeq r4!, {r1, r8, sb, sp}",1
"andeq r0, r0, r8, asr r2",1
"andge r0, r1, r5, lsl 12",1
"andeq r0, r0, 0",1
"stcne p8, c2, [sb, -0x8c]",1
"streq r0, [r0, -1]",1
"adceq r0, r0, r7, lsl 2",1
"movwhs r0, 0x2000",1
"cmpeq r1, ip, lsr 18",1
invalid,1
"andeq fp, r2, r1, lsl 2",1
"eorlo r0, r3, r0, lsl 4",1
"andeq r5, r2, sb, lsl 2",1
"mrseq r0, apsr",1
"strheq r0, [r0], -r7",1
"ldmdbeq r4!, {r1, r8, sb, sp}",1
"strdeq r0, r1, [r0], -r7",1
bpl 0x4d584,1
"andeq r0, r0, 0",1
invalid,1
"streq r0, [r0, -2]",1
"subseq r0, sl, r1, lsl r1",1
"movwhs r0, 0x2000",1
"rsceq r0, r5, ip, lsr sb",1
"movwne r0, 0x5000",1
"andeq r7, r0, r1, lsl 20",1
"eormi r0, r3, r0, lsl 4",1
"andeq r8, r1, sb",1
"tsteq r7, r0, lsl 10",1
"andeq r0, r0, lr, lsr r0",1
"stmdbeq r4, {r1, r8, sb, sp} ^",1
"muleq r0, r8, r2",1
invalid,1
"andeq r0, r0, 0",1
"strlt r4, [sb, -0x623]",1
"streq r0, [r0, -1]",1
"adcseq r0, sp, 0x40000006",1
"movwhs r0, 0x2000",1
"cmneq sl, r7, asr 18",1
"stcne p0, c0, [r5, -0]",1
"andeq ip, r2, r1, lsl 26",1
"stmdami r3!, {sb}",1
"andeq lr, r0, sb, lsl 18",1
invalid,1
"andeq r0, r0, ip, lsl 1",1
"ldmdbeq r0, {r1, r8, sb, sp} ^",1
"andeq r0, r0, fp, lsl 4",1
"cdpls p15, 0, c2, c1, c5, 0",1
"andeq r0, r0, 0",1
svclt 0x95823,1
"streq r0, [r0, -1]",1
"addseq r0, lr, r0, lsr r1",1
"movwhs r0, 0x2000",1
"andseq r0, sl, 92, 18",1
"mrslo r0, apsr",1
"andeq sb, r0, r1, lsl 28",1
"eorvs r0, r3, r0, lsl 4",1
"andeq r2, r2, sb, lsl 2",1
"teqeq r2, r0, lsl 10",1
"muleq r0, lr, r0",1
"stmdbeq r4!, {r1, r8, sb, sp} ^",1
"andeq r0, r0, fp, ror 3",1
"strhs r3, [r1, -0x305]",1
"andeq r0, r0, 0",1
"strhi r6, [sb], -0x823",1
"streq r0, [r0, -2]",1
"subseq r0, sl, r5, lsr r1",1
"movwhs r0, 0x2000",1
"bicseq r0, r5, ip, ror 18",1
"strlo r0, [r5, -r0]",1
"andeq sp, r2, r1, lsl 6",1
"eorvc r0, r3, r0, lsl 4",1
"sbcseq r0, lr, 0, 20",1
blls 0x14a250,1
"andeq sl, r1, r7, lsl 20",1
"mrsge r0, apsr",1
"strheq r0, [r0], -r1",1
"andeq r0, r2, r8, lsl 10",1
invalid,1
"andeq r0, r0, 2",1
"strls r0, [r8], -r3, lsr 32",1
"streq r0, [r0, -1]",1
"andeq fp, r2, r3, lsr 15",1
"strteq r0, [r3], -0x200",1
"andeq r8, r1, r8, lsl 24",1
bpl 0xfe9cb680,1
"andeq r0, r0, 0",1
"streq r0, [r0], -r3, lsr 16",1
"andeq r7, r2, r4, lsl 20",1
"stmdalt r4, {sb, sl}",1
bleq 0xa294,1
"andeq r0, r0, r6, lsr 1",1
"andeq r0, r0, sp, asr 5",1
"andeq sb, r0, ip, lsl 14",1
"streq r0, [r0], -r0",1
"andeq r7, r2, r4, lsl 6",1
"adceq r0, r6, r0, lsl 22",1
"rsceq r0, r3, 0",1
"strls r0, [ip, -r0]",1
"strhs r0, [r0, -r0]",1
"stmdbne r1, {r8, sl, fp}",1
"streq r0, [r0], -r3, lsr 32",1
bpl 0x4aa48,1
"strne r0, [r0], -0",1
"strne r0, [r0], -0xca",1
"strvs r0, [r0], -0xcb",1
invalid,1
"andeq r0, r0, sb, lsr r3",1
"rsbseq r6, r0, lr, lsl 12",1
"teqeq sb, 0x10000",1
invalid,1
"movwhs r0, 0xdf5c",1
blo 0x4a2ec,1
"andeq r0, r0, sl, asr r0",1
"rsbne sb, ip, r2, lsl 2",1
invalid,1
"andeq r5, r0, fp, lsr sl",1
"ldrvs r0, [r1], 0x200",1
"eoreq r3, r3, pc, lsl 2",1
bpl 0xf0a708,1
"andeq r0, r0, 0",1
invalid,1
"andeq sl, r0, r4, lsl 26",1
"teqeq r7, 0",1
"andeq r0, r2, r0",1
"andeq r0, r0, r6, lsl 29",1
"andeq r0, lr, r4, lsl 2",1
blvs 0x4a328,1
invalid,1
"strne r0, [r0], -0",1
"stmdalt r0, {r0, r1, r3, r6, r7}",1
"strls r0, [r0], -fp, asr 1",1
"andeq r0, r0, 0x12",1
"andeq r0, r0, sl, lsr 2",1
"eorseq sp, r0, r2, lsl 10",1
"streq r0, [r3], -0",1
"andeq r2, r0, r7, lsl 8",1
"stmdaeq r1, {r8, sb}",1
"andeq r0, r0, r1, lsr r0",1
svclo 0x70203,1
"movweq r0, 0",1
"andseq r0, pc, r4, lsl 14",1
"mrseq r0, apsr",1
"andeq r3, r0, r6, lsl 6",1
"streq r0, [r2, -0x300]",1
"andeq r0, r0, fp, asr 1",1
"stmdbvs r5, {r2, sl}",1
"movweq r7, 0x46e",1
"andeq r0, r0, r8, lsl 10",1
invalid,1
"andeq r1, r0, r7, lsl 20",1
"eoreq r0, r8, 0, 4",1
"strlo r0, [r3, -r0]",1
"andeq r0, r0, r1, rrx",1
"andeq r4, r2, r2, lsl 18",1
"strhi r0, [ip, 0x300]",1
"movweq r0, 0",1
"andeq r0, r5, r4, lsl 10",1
svclo 0x20000,1
"movweq r0, 2",1
"andeq r6, r0, sp, lsl 31",1
"streq r0, [r4, -r0, lsl 6]",1
"ldrdeq r0, r1, [r0], -r5",1
"streq r0, [r6], -0x405",1
"andeq r0, r0, r6, lsr 1",1
blo 0x20a7cc,1
"andeq r0, r0, 0",1
"andeq r0, r0, r0, lsr 3",1
"adcseq r3, r8, r4",1
invalid,1
"stmdals r0, {r0}",1
"rsbseq pc, r3, 0x500000",1
"strvc r0, [r8], -r0",1
"streq r0, [r0, -6]",1
"strdeq r5, r6, [r0], -r7",1
"eoreq r0, r3, r0, lsl 4",1
"andeq sp, r1, r8, lsl 28",1
"rscsge r0, ip, r0, lsl 10",1
"andeq r0, r0, 0",1
bpl 0x20b484,1
"streq r0, [r0, -1]",1
"strdeq sl, fp, [r0], -sp",1
"stmdaeq r3!, {sb}",1
"andeq r8, r2, r8, lsl 20",1
"rscsge r0, lr, r0, lsl 10",1
"andeq r0, r0, 0",1
"strgt r0, [r8], -r3, lsr 24",1
"streq r0, [r0, -1]",1
"strdeq sl, fp, [r0], -pc",1
"eorne r0, r3, r0, lsl 4",1
"andeq r3, r1, sb, lsl 2",1
invalid,1
"andeq r0, r0, r0, lsr 1",1
"ldmdbeq r4, {r1, r8, sb, sp}",1
"andeq r0, r0, r1, lsr r2",1
"andge r0, r1, r5, lsl 2",1
"andeq r0, r0, 0",1
"strmi r1, [sb], -0x823",1
"streq r0, [r0, -1]",1
"adceq r0, r0, r2, lsl 2",1
"movwhs r0, 0x2000",1
invalid,1
"movweq r0, 0x5000",1
"andeq sl, r0, r1",1
"eorhs r0, r3, r0, lsl 4",1
"andeq sl, r2, sb, lsl 14",1
"mrseq r0, apsr",1
"andeq r0, r0, r0, lsr 1",1
"stmdbeq r4!, {r1, r8, sb, sp}",1
"andeq r0, r0, r8, asr r2",1
"andge r0, r1, r5, lsl 12",1
"andeq r0, r0, 0",1
"stcne p8, c2, [sb, -0x8c]",1
"streq r0, [r0, -1]",1
"adceq r0, r0, r7, lsl 2",1
"movwhs r0, 0x2000",1
"cmpeq r1, ip, lsr 18",1
invalid,1
"andeq fp, r2, r1, lsl 2",1
"eorlo r0, r3, r0, lsl 4",1
"andeq r5, r2, sb, lsl 2",1
"mrseq r0, apsr",1
"strheq r0, [r0], -r7",1
"ldmdbeq r4!, {r1, r8, sb, sp}",1
"strdeq r0, r1, [r0], -r7",1
bpl 0x4d8c4,1
"andeq r0, r0, 0",1
invalid,1
"streq r0, [r0, -2]",1
"subseq r0, sl, r1, lsl r1",1
"movwhs r0, 0x2000",1
"rsceq r0, r5, ip, lsr sb",1
"movwne r0, 0x5000",1
"andeq r7, r0, r1, lsl 20",1
"eormi r0, r3, r0, lsl 4",1
"andeq r8, r1, sb",1
"tsteq r7, r0, lsl 10",1
"andeq r0, r0, lr, lsr r0",1
"stmdbeq r4, {r1, r8, sb, sp} ^",1
"muleq r0, r8, r2",1
invalid,1
"andeq r0, r0, 0",1
"strlt r4, [sb, -0x623]",1
"streq r0, [r0, -1]",1
"adcseq r0, sp, 0x40000006",1
"movwhs r0, 0x2000",1
"cmneq sl, r7, asr 18",1
"stcne p0, c0, [r5, -0]",1
"andeq ip, r2, r1, lsl 26",1
"stmdami r3!, {sb}",1
"andeq lr, r0, sb, lsl 18",1
invalid,1
"andeq r0, r0, ip, lsl 1",1
"ldmdbeq r0, {r1, r8, sb, sp} ^",1
"andeq r0, r0, fp, lsl 4",1
"cdpls p15, 0, c2, c1, c5, 0",1
"andeq r0, r0, 0",1
svclt 0x95823,1
"streq r0, [r0, -1]",1
"addseq r0, lr, r0, lsr r1",1
"movwhs r0, 0x2000",1
"andseq r0, sl, 92, 18",1
"mrslo r0, apsr",1
"andeq sb, r0, r1, lsl 28",1
"eorvs r0, r3, r0, lsl 4",1
"andeq r2, r2, sb, lsl 2",1
"teqeq r2, r0, lsl 10",1
"muleq r0, lr, r0",1
"stmdbeq r4!, {r1, r8, sb, sp} ^",1
"andeq r0, r0, fp, ror 3",1
"strhs r3, [r1, -0x305]",1
"andeq r0, r0, 0",1
"strhi r6, [sb], -0x823",1
"streq r0, [r0, -2]",1
"subseq r0, sl, r5, lsr r1",1
"movwhs r0, 0x2000",1
"bicseq r0, r5, ip, ror 18",1
"strlo r0, [r5, -r0]",1
"andeq sp, r2, r1, lsl 6",1
"eorvc r0, r3, r0, lsl 4",1
"sbcseq r0, lr, 0, 20",1
blls 0x14a590,1
"andeq sl, r1, r7, lsl 20",1
"mrsge r0, apsr",1
"strheq r0, [r0], -r1",1
"andeq r0, r2, r8, lsl 10",1
invalid,1
"andeq r0, r0, 2",1
"strls r0, [r8], -r3, lsr 32",1
"streq r0, [r0, -1]",1
"andeq fp, r2, r3, lsr 15",1
"strteq r0, [r3], -0x200",1
"andeq r8, r1, r8, lsl 24",1
bpl 0xfe9cb9c0,1
"andeq r0, r0, 0",1
"streq r0, [r0], -r3, lsr 16",1
"andeq r7, r2, r4, lsl 20",1
"stmdalt r4, {sb, sl}",1
bleq 0xa5d4,1
"andeq r0, r0, r6, lsr 1",1
"andeq r0, r0, sp, asr 5",1
"andeq sb, r0, ip, lsl 14",1
"streq r0, [r0], -r0",1
"andeq r7, r2, r4, lsl 6",1
"adceq r0, r6, r0, lsl 22",1
"rsceq r0, r3, 0",1
"strls r0, [ip, -r0]",1
"strhs r0, [r0, -r0]",1
"movths r0, 0x3d00",1
invalid,1
"sbceq r1, fp, r1, lsl 8",1
"sbceq r5, fp, r0, lsl 16",1
"andeq sb, fp, r0",1
"movweq r0, 0xa100",1
"strvs r0, [lr], -r0",1
"stmdahs r1, {r4, r5, r6}",1
"andeq r0, r0, sl, lsl 6",1
"rsbseq sb, r4, r2, lsl 2",1
"adceq r0, sp, r6, lsl 8",1
"mrseq r0, apsr",1
"andeq r2, r0, r8, lsr r3",1
invalid,1
"andeq r0, r0, sl, asr r0",1
"andeq ip, r0, r8, asr fp",1
"strheq ip, [r0], -r8",1
"strheq r0, [r0], -ip",1
bleq 0xfe5ce648,1
invalid,1
"andeq r0, r0, sl, lsl 6",1
"rsbseq sb, r4, r2, lsl 2",1
"andeq r5, r3, r0, lsl 4",1
"strvs r0, [r0, -r0, lsl 4]",1
"streq r0, [r0], -0xf",1
"andeq r0, r0, r1, lsl 28",1
"orrhs r0, r3, 0, 2",1
"rscseq r0, pc, r0",1
blgt 0xfee0a66c,1
"ldcgt p0, c0, [r8], 0",1
"cmnne sb, 0",1
bhs 0x8a678,1
"andeq r0, r0, 1",1
"ldrdeq r3, r4, [r0], -r5",1
"streq r0, [r4, -r0, lsl 6]",1
"andeq r0, r0, r4, lsr 32",1
invalid,1
"movweq r0, 0",1
"eorseq r0, pc, r2, lsl 14",1
"streq r0, [r3], -0",1
"andeq r1, r0, r7, lsl 30",1
"streq r0, [r1], -r0, lsl 6",1
"andeq r0, r0, r3, lsr r0",1
blgt 0x14aeb4,1
"streq r0, [r0], -0",1
"cdpvs p5, 6, c0, c9, c4, 0",1
"stmdaeq r3, {r2, r4, r5, r6}",1
"andeq r0, r0, r5",1
"streq r0, [r8, -r0, lsl 6]",1
"andeq r0, r0, sl, lsl r0",1
"andeq r2, r2, r2, lsl 16",1
"teqvs r7, r0, lsl 6",1
"andeq r0, r0, 0",1
"andeq r0, r0, sb, asr 4",1
"addeq r8, r5, r3, lsl 24",1
"streq r0, [r3], -0",1
"andeq r0, r0, r5, lsl 10",1
"eorseq r0, pc, 0, 4",1
"stchi p0, c0, [r3, -0]",1
"andeq r0, r0, pc, rrx",1
"strle r0, [r7, -0x403]",1
"streq r0, [r0, -0]",1
"strge r0, [r4], -r4, lsl 12",1
"movweq r0, 0",1
"eorseq r0, sl, r1, lsl 16",1
"andge r0, r2, r0",1
"streq r0, [r0], -1",1
"andeq fp, r0, r0, lsr r8",1
"orrseq r0, ip, r0, lsl 14",1
"ldreq r0, [r8]",1
"strdeq r7, r8, [r2], -r6",1
"ldrbteq r0, [r6], -r0, lsl 16",1
invalid,1
"andeq r0, r0, sl, asr r0",1
"stmdaeq r0, {r1, r8, sb, sp}",1
"ldrdeq r0, r1, [r0], -lr",1
"adceq pc, r0, r5, lsl 24",1
"movwhs r0, 0x2000",1
"cmpeq sl, r4, lsl 16",1
"stc2 p0, c0, [r5, -0]",1
"andeq r0, r0, r0, lsr 1",1
"stmdaeq r8, {r1, r8, sb, sp}",1
"andeq r0, r0, sl, lsl 5",1
"adceq pc, r0, r5, lsl 28",1
"movwhs r0, 0x2000",1
"biceq r0, r6, ip, lsl 16",1
invalid,1
"andeq r0, r0, r0, lsr 1",1
"ldmdbeq r0, {r1, r8, sb, sp}",1
"andeq r0, r0, r1, lsr r1",1
"andge r0, r1, r5",1
"andeq r0, r0, 0",1
invalid,1
"streq r0, [r0, -2]",1
"adceq r0, r0, r1, lsl 2",1
"movwhs r0, 0x2000",1
invalid,1
"andeq r0, r5, 0",1
"andeq sl, r0, r1",1
"stcne p2, c0, [r3], -0",1
"andeq pc, r1, sb, lsl 4",1
"mrseq r0, apsr",1
"andeq r0, r0, r0, lsr 1",1
"stmdbeq r0!, {r1, r8, sb, sp}",1
"andeq r0, r0, r7, lsr 5",1
"andge r0, r1, r5, lsl 10",1
"andeq r0, r0, 0",1
"stmdapl sb, {r0, r1, r5, sl, sp}",1
"streq r0, [r0, -2]",1
"adceq r0, r0, r6, lsl 2",1
"movwhs r0, 0x2000",1
"tsteq sp, r8, lsr 18",1
"streq r0, [r5, -r0]",1
"andeq sl, r0, r1",1
"stchs p2, c0, [r3], -0",1
"andeq r5, r1, sb, lsl 2",1
"mrseq r0, apsr",1
"strheq r0, [r0], -r1",1
"ldmdbeq r0!, {r1, r8, sb, sp}",1
"andeq r0, r0, r1, asr r2",1
"strlt r0, [r1, -r5, lsl 22]",1
"andeq r0, r0, 2",1
invalid,1
"streq r0, [r0, -0]",1
"subseq r0, sl, sp, lsl 2",1
"movwhs r0, 0x2000",1
"rsbseq r0, ip, 56, 18",1
"mrsne r0, apsr",1
"andeq r5, r0, r1, lsl 20",1
"stclo p2, c0, [r3], -0",1
"andeq lr, r0, sb, lsl 10",1
"tsteq r3, r0, lsl 10",1
"andeq r0, r0, sl, ror r0",1
"stmdbeq r0, {r1, r8, sb, sp} ^",1
"andeq r0, r0, r0, lsl 3",1
"cdplo p7, 0, c1, c1, c5, 0",1
"andeq r0, r0, 0",1
"stmdals sb, {r0, r1, r5, sl, lr}",1
"streq r0, [r0, -2]",1
"subeq r0, ip, r8, lsl r1",1
"movwhs r0, 0x2000",1
invalid,1
invalid,1
"andeq fp, r2, r1, lsl 26",1
"strmi r0, [r3, -r0, lsl 4]!",1
"andeq r7, r1, sb, lsl 20",1
"tsteq sp, r0, lsl 10",1
"andeq r0, r0, sp, asr 5",1
"stmdbeq r8, {r1, r8, sb, sp} ^",1
"andeq r0, r0, sb, ror 1",1
invalid,1
"andeq r0, r0, 0",1
bleq 0x25e8e8,1
"streq r0, [r0, -2]",1
"addseq r0, lr, pc, lsr 2",1
"movwhs r0, 0x2000",1
invalid,1
"andlo r0, r5, r0",1
"andeq sb, r0, r1, lsl 28",1
"stcpl p2, c0, [r3], -0",1
"andeq r1, r2, sb, lsl 20",1
"teqeq r1, r0, lsl 10",1
"muleq r0, lr, r0",1
"stmdbeq r0!, {r1, r8, sb, sp} ^",1
"andeq r0, r0, r1, lsr 4",1
"cdpls p2, 0, c3, c1, c5, 0",1
"andeq r0, r0, 0",1
bl 0x263924,1
"streq r0, [r0, -1]",1
"eoreq r0, r5, r3, lsr r1",1
"movwhs r0, 0x2000",1
"addeq r0, r4, 104, 18",1
"strlo r0, [r5, -0]",1
"andeq r5, r0, r1, lsl 20",1
"stcvs p2, c0, [r3], -0",1
"andeq sp, r1, sb, lsl 10",1
"teqeq r7, r0, lsl 10",1
"ldrdeq r0, r1, [r0], -r3",1
"rsbseq r2, r0, r2, lsl 6",1
"andeq sp, r2, sl, lsl 28",1
"ldreq r0, [fp, r0, lsl 10]",1
"andeq r0, r0, sl, lsr 3",1
invalid,1
"stmdaeq r0, {r1}",1
"andeq r0, r0, r5, lsl 4",1
"adcseq sl, r1, 0x50000000",1
"movwhs r0, 0x2000",1
"orrseq r0, r6, r0, lsl 16",1
"movwge r0, 0x5000",1
"strheq r0, [r0], -r7",1
"stmdaeq r4, {r1, r8, sb, sp}",1
"andeq r0, r0, ip, lsl 3",1
"subseq sl, sl, r5, lsl 14",1
"movwhs r0, 0x2000",1
"streq r0, [r6], -8",1
"andeq r0, r0, sl, ror r2",1
"adcseq r0, r8, r6, lsl 8",1
"strge r0, [fp], -r0",1
"stcgt p0, c0, [r0, -0]",1
invalid,1
"muleq r0, r7, r0",1
"streq r0, [r6], -0",1
"andeq r0, r0, r3, ror r2",1
"andeq sl, r0, fp, lsl 12",1
"andeq lr, r2, r0, lsl 6",1
"addseq r0, r7, r0, lsl 24",1
"eoreq r0, r7, r0",1
"andeq r4, r2, r2, lsl 22",1
"mrrchi p4, 0, r0, ip, c0",1
"stceq p0, c0, [r0, -0]",1
"eoreq r7, r3, r1, lsl 16",1
"tsteq sl, 0, 12",1
"andeq r5, r0, r1, lsl 20",1
"sbceq fp, fp, r0, lsl 16",1
"sbceq fp, ip, r0, lsl 16",1
"andeq lr, fp, r0, lsl 16",1
"movteq r0, 0xf100",1
"strvs r0, [lr], -r0",1
invalid,1
"andeq r0, r0, pc, asr 6",1
svceq 0x649102,1
"andeq r0, r0, sl, ror 1",1
"rsceq r1, r3, 0x100",1
invalid,1
"orrshs r0, r0, 88, 30",1
invalid,1
"andeq r0, r0, sl, asr r0",1
"andne sb, r0, r2, lsl 2",1
"andeq ip, r0, r0, lsl ip",1
"muleq r0, r0, ip",1
invalid,1
"cmn r3, 0, 2",1
"andeq r0, r0, 2",1
"muleq r0, r1, r8",1
"adceq r0, sp, r6, lsl 8",1
bllt 0xa9a8,1
"andeq r0, r0, 2",1
"andseq r4, r0, r0, lsl 20",1
"cdpeq p4, 0, c0, c1, c0, 0",1
invalid,1
"andeq r2, r0, r1, lsr 7",1
"strdeq r0, r1, [r0], -pc",1
"strheq ip, [r0], -r8",1
"ldrdeq sp, lr, [r0], -r8",1
"andeq r1, r0, r6, asr r4",1
"orrshs r0, r7, 0x80000000",1
blne 0x4a9d4,1
"andeq r5, r0, r1",1
"sbceq fp, ip, r0, lsl 16",1
"sbceq r0, sp, r0, lsl 8",1
"andeq r1, ip, r0, lsl 8",1
"subseq r0, r0, r0, lsl 2",1
"movwvs r0, 0x3000",1
"ldrpl r0, [fp, -r0, lsl 2]",1
"andeq r0, r0, 0",1
"streq r7, [r0], -0x491",1
"movteq r0, 0x1201",1
"streq r0, [r5], -0",1
"strbtvc r6, [lr], -0x905",1
invalid,1
invalid,1
"subseq r0, r0, r1, lsr 2",1
"stcgt p0, c0, [r4, -0]",1
"ldclgt p0, c0, [r0, -0]!",1
"mcrreq p0, 0, r0, r0, c0",1
invalid,1
"movweq r0, 0",1
invalid,1
"andeq r0, r0, r7, asr r0",1
"rsbseq sb, r4, r2, lsl 2",1
"ldrhs r0, [r3], -0x102",1
"strmi r0, [r1], -0",1
"andeq r5, r0, r1",1
"sbceq r7, sp, r0",1
"sbceq ip, sp, r0, lsl 8",1
"andeq r6, ip, r0, lsl 24",1
"adcseq r0, r4, r0, lsl 2",1
"movwvs r0, 0x3000",1
"strbpl r0, [r4, -r0, lsl 2]",1
"andeq r0, r0, 0",1
"andeq r7, r0, 0x91000000",1
"eoreq fp, r3, r1, lsl 18",1
invalid,1
"andeq r0, r0, r0, asr r0",1
"andeq ip, r0, r4, asr 27",1
"andeq ip, r0, r0, lsl lr",1
"muleq r0, r8, ip",1
"andeq sp, r0, r1, lsl 30",1
"rsbeq r0, r3, r0, lsl 6",1
"subseq r6, r7, r1, lsl 2",1
invalid,1
invalid,1
"andeq r2, r0, r1, ror 7",1
"andpl r6, r1, r1, lsl 14",1
"andne r0, r0, r0",1
"andvs r0, r0, lr, asr 1",1
"strgt r0, [r0], -0xce",1
invalid,1
"andeq r0, r0, sl, lsl 2",1
invalid,1
"andeq r5, r0, r7, ror 14",1
"ldrvc r0, [r1], 0x200",1
"stmdbeq r1, {sb}",1
invalid,1
"subseq r0, r0, sb, lsl 3",1
"cdpgt p0, 6, c0, c0, c0, 0",1
"cdpgt p0, 0xa, c0, c12, c0, 0",1
"ldcleq p0, c0, [r0], 0",1
"strlo r0, [r1, -0]",1
"movweq r0, 1",1
"stmdbhi r1, {r0, r1, r5, r6}",1
"andeq r0, r0, r7, asr r0",1
"rsbseq sb, r4, r2, lsl 2",1
invalid,1
bls 0x4aae4,1
"andeq r5, r0, r1",1
"sbceq sl, lr, r0, lsl 24",1
"sbceq pc, lr, r0, lsl 16",1
"andeq r1, sp, r0, lsl 24",1
invalid,1
"movwvs r0, 0x3000",1
"ldrpl r0, [sl, r0, lsl 2]",1
"andeq r0, r0, 0",1
"andeq r7, r0, 0x91000000",1
"eoreq ip, r3, r1, lsl 6",1
invalid,1
"andeq r0, r0, r0, asr r0",1
"strdeq ip, sp, [r0], -r8",1
"andeq ip, r0, r4, asr 30",1
"andeq r0, r0, r8, asr 26",1
"andeq r8, r1, r1, lsl 22",1
"rsbeq r0, r3, r0, lsl 6",1
"subseq sl, r7, r1, lsl 28",1
invalid,1
invalid,1
"andeq r2, r0, sp, asr 7",1
"andpl sp, r1, r1",1
"strmi r0, [r0], -0",1
"andls r0, r0, pc, asr 1",1
"strvc r0, [r0], -0xcf",1
invalid,1
"strheq r0, [r0], -r6",1
invalid,1
"ldrdeq r5, r6, [r0], -r0",1
"ldrvc r0, [r1], 0x200",1
"andlo r0, r1, 0, 4",1
invalid,1
"ldrsheq r0, [r0], -0x12",1
svcgt 0x900000,1
"andsle r0, r4, r0",1
"stceq p0, c0, [r0, 0]!",1
"mrs r0, apsr",1
"movweq r0, 1",1
invalid,1
"andeq r0, r0, r7, asr r0",1
"rsbseq sb, r4, r2, lsl 2",1
invalid,1
beq 0x4ab90,1
"subseq r0, r0, r1, lsl 2",1
"andsle r0, r4, r0",1
"addsle r0, r0, r0",1
"stcleq p0, c0, [ip]",1
"cdpeq p0, 0, c0, c1, c0, 0",1
"streq r0, [r0, -r2]",1
beq 0x4ad38,1
"andeq r5, r0, r1, lsl 14",1
"ldrvc r0, [r1], 0x200",1
svcge 0x10600,1
invalid,1
"andpl r0, r1, r1, lsl r1",1
"andls r0, r0, r0",1
invalid,1
invalid,1
invalid,1
"andeq r0, r0, fp, lsr r2",1
invalid,1
"subseq r0, r7, r1, lsl r1",1
invalid,1
invalid,1
"andeq r2, r0, sp, lsl r4",1
"mrseq r2, apsr",1
"andeq r0, r0, r0, asr r0",1
"ldrdeq sp, lr, [r0], -ip",1
"andeq sp, r0, r8, asr 2",1
"andeq r0, r0, r4, lsr 28",1
"andeq r6, r2, r1, lsl 16",1
"rsbeq r0, r3, r0, lsl 14",1
"strpl r2, [r1, -r1, lsl 10]",1
"andeq r0, r0, 0",1
invalid,1
"eoreq r2, r4, r1, lsl 16",1
"mrseq r0, spsr",1
"andeq r5, r0, r1, lsl 14",1
"sbcseq r4, r1, r0, lsl 16",1
"sbcseq sb, r1, r0",1
"andeq r5, lr, r0",1
"addseq r0, r5, 0, 2",1
"movwvs r0, 0x7000",1
"mrseq r0, spsr",1
"andeq r0, r0, r7, asr r0",1
"rsbseq sb, r4, r2, lsl 2",1
"bicshs r0, r7, 8, 2",1
"strvs r0, [r1, -r0]",1
"subseq r0, r7, r1, lsl 2",1
"orrsle r0, r0, r0",1
"bicsle r0, r8, r0",1
"cdpeq p0, 7, c0, c12, c0, 0",1
"streq r0, [r1, -r0]",1
"strvs r0, [r1, -r3, rrx]",1
"andeq r5, r0, r1, lsl 14",1
"ldrvc r0, [r1], 0x200",1
"rsceq r0, r8, r0",1
"andeq r0, r2, r0",1
"andeq r1, r0, r4, ror 1",1
"ldrtne r0, [fp], -r4, lsl 2",1
"bicsle r0, r8, r0",1
"adcle r0, r0, 0",1
invalid,1
svchs 0x656d6f,1
"rsbsvc r6, r5, 0xa0000006",1
svchs 0x74656b,1
"strbtvc r6, [r3], -0xf79",1
"strbvc r2, [r2, -0xf6f]!",1
svchs 0x646c69,1
svchs 0x706d74,1
blvs 0x1ca6a7c,1
invalid,1
svchs 0x646572,1
"stclhs p3, c6, [r3, -0x19c]!",1
"mrchs p14, 1, r2, c7, c4, 1",1
"rsbslo r2, r2, 0xc80",1
invalid,1
"cdphs p13, 3, c2, c4, c3, 3",1
svchs 0x322e37,1
"strbvs r6, [r2, -ip, ror 18]!",1
invalid,1
"stmdbvs r6!, {r0, r1, r2, r3, r5, r6, sb, sl, fp, sp, lr} ^",1
"rsbvc r2, r1, 0x19c",1
"stmdbvs ip!, {r0, r2, r3, r5, r6, r8, sb, sl, fp, sp} ^",1
"strbvc r3, [r6, -0x162]!",1
"cdphs p3, 7, c6, c3, c14, 3",1
"stmdavs pc!, {r0, r1, r4, r6}",1
svchs 0x656d6f,1
"rsbsvc r6, r5, 0xa0000006",1
svchs 0x74656b,1
"strbtvc r6, [r3], -0xf79",1
"strbvc r2, [r2, -0xf6f]!",1
svchs 0x646c69,1
svchs 0x706d74,1
blvs 0x1ca6adc,1
"ldclvs p1, c6, [r2, -0xbc]!",1
"stclhs p7, c3, [r1, -0x1d8]!",1
"ldclhs p6, c6, [r0, -0x1d8]!",1
"cdpvs p5, 6, c6, c15, c14, 3",1
blvs 0x1be6dc8,1
"stmdbvs ip!, {r0, r3, r4, r5, r6, r8, sl, fp, sp} ^",1
"ldclhs p5, c7, [r8, -0x1b8]!",1
"ldrbvs r6, [r5, -0xe67]!",1
svchs 0x696261,1
"strbvs r6, [r2, -ip, ror 18]!",1
"strtlo r6, [pc], -0x363",1
"eorlo r3, lr, 0xb80000",1
"eorslo r7, r2, sp, lsr 4",1
"ldmdbvs r5!, {r0, r1, r2, r3, r5, sb, sp, lr} ^",1
"stcvs p4, c6, [pc], -0x1b0",1
invalid,1
"cdpmi p0, 4, c0, c7, c3, 3",1
"movtpl r2, 0x1055",1
"eorlo r3, lr, 32, 4",1
"eorseq r2, r1, r3, lsr lr",1
"rsceq r8, r8, r1",1
"andeq r0, r2, r0",1
"strdeq r1, r2, [r0], -r8",1
"strbtne r0, [pc], r4, lsl 2",1
"adcle r0, r0, 0",1
"adcsle r0, r0, 0",1
invalid,1
svchs 0x656d6f,1
"rsbsvc r6, r5, 0xa0000006",1
svchs 0x74656b,1
"strbtvc r6, [r3], -0xf79",1
"strbvc r2, [r2, -0xf6f]!",1
svchs 0x646c69,1
svchs 0x706d74,1
blvs 0x1ca6b68,1
invalid,1
svchs 0x646572,1
"stclhs p3, c6, [r3, -0x19c]!",1
"mrchs p14, 1, r2, c7, c4, 1",1
"rsbslo r2, r2, 0xc80",1
invalid,1
"cdphs p13, 3, c2, c4, c3, 3",1
svchs 0x322e37,1
"strbvs r6, [r2, -ip, ror 18]!",1
invalid,1
"stmdbvs r6!, {r0, r1, r2, r3, r5, r6, sb, sl, fp, sp, lr} ^",1
"rsbvc r2, r1, 0x19c",1
"stmdbvs ip!, {r0, r2, r3, r5, r6, r8, sb, sl, fp, sp} ^",1
"strbvc r3, [r6, -0x162]!",1
"cdphs p3, 7, c6, c3, c14, 3",1
"stmdavs pc!, {r0, r1, r4, r6}",1
svchs 0x656d6f,1
"rsbsvc r6, r5, 0xa0000006",1
svchs 0x74656b,1
"strbtvc r6, [r3], -0xf79",1
"strbvc r2, [r2, -0xf6f]!",1
svchs 0x646c69,1
svchs 0x706d74,1
blvs 0x1ca6bc8,1
"ldclvs p1, c6, [r2, -0xbc]!",1
"stclhs p7, c3, [r1, -0x1d8]!",1
"ldclhs p6, c6, [r0, -0x1d8]!",1
"cdpvs p5, 6, c6, c15, c14, 3",1
blvs 0x1be6eb4,1
"stmdbvs ip!, {r0, r3, r4, r5, r6, r8, sl, fp, sp} ^",1
"ldclhs p5, c7, [r8, -0x1b8]!",1
"ldrbvs r6, [r5, -0xe67]!",1
svchs 0x696261,1
"strbvs r6, [r2, -ip, ror 18]!",1
"strtlo r6, [pc], -0x363",1
"eorlo r3, lr, 0xb80000",1
"eorslo r7, r2, sp, lsr 4",1
"ldmdbvs r5!, {r0, r1, r2, r3, r5, sb, sp, lr} ^",1
"stcvs p4, c6, [pc], -0x1b0",1
invalid,1
"cdpmi p0, 4, c0, c7, c3, 3",1
"movtpl r2, 0x1055",1
"eorlo r3, lr, 32, 4",1
"eorseq r2, r1, r3, lsr lr",1
"teqeq lr, r1",1
"andeq r0, r2, r0",1
"andeq r1, r0, ip, lsl 2",1
"andeq r0, lr, r4, lsl 2",1
"mrspl r0, apsr",1
invalid,1
"andlt r0, r0, r0",1
"stmdane r0, {r1, r4, r6, r7}",1
"strhi r0, [r0, -0xd3]",1
"andeq r0, r0, 0x17",1
"cdpvs p5, 6, c0, c9, c4, 0",1
bhs 0xcb03c,1
"andeq r0, r0, 1",1
"ldrdeq r3, r4, [r0], -r5",1
"streq r0, [r4, -r0, lsl 8]",1
"andeq r0, r0, r4, lsr 32",1
"strbhs r0, [r1], -0x105",1
"andmi r0, r1, r0",1
"sbcseq fp, r2, r1",1
"sbcseq r1, r3, r0, lsl 8",1
"andeq sl, lr, r0, lsl 16",1
"sbceq r0, sb, r0, lsl 2",1
"strge r0, [r6, -0]",1
invalid,1
"andeq r2, r0, r0, asr 10",1
"andeq ip, lr, r0, lsl 16",1
"orrseq r0, r1, r0, lsl 12",1
"andmi r0, r1, r0",1
"andeq r0, r0, sb, asr 1",1
"andeq r0, r0, r6, ror 29",1
"eoreq r3, r4, r6, lsl 24",1
"stmdbgt r0, {r8} ^",1
"streq r0, [r0], -0",1
"streq r0, [r0, -pc]",1
"andeq r1, r0, r7, lsr r6",1
"sbcseq r5, ip, r1, lsl 2",1
invalid,1
svclt 0,1
invalid,1
"andpl r0, r1, 0x69",1
"andeq r0, r0, ip, lsr 32",1
"andeq r0, r0, r2, lsr 30",1
"sbcseq r0, r3, sl",1
"andpl r0, r1, 0, 22",1
bleq 0x296f8,1
"stmdavc r2, {r0, r8, ip, lr}",1
"andpl r0, r1, r0, lsl 22",1
"andeq r7, r0, r2, lsl 14",1
"sbcsle r0, r0, 0, 24",1
"teqeq r7, r0",1
"stceq p0, c0, [r0, -0]",1
"andeq ip, r0, r4, lsl 30",1
"strle r0, [r4, -0xd00]",1
"streq r0, [r0], -0",1
"eorseq r0, sl, r1, lsl 16",1
invalid,1
svceq 0,1
"eoreq r8, r4, r1",1
"cmpeq sl, r0, lsl 2",1
"andeq sp, r0, r4, lsl r3",1
"andeq sp, r0, r8, lsl r3",1
invalid,1
"andeq r1, r1, r0, lsl r7",1
"andeq r0, r1, r0, lsl 2",1
"andne r1, r0, 0, 2",1
"andeq r1, r1, r1, lsl 14",1
"eoreq r1, r5, r0, lsl 6",1
invalid,1
"movwne r0, 0",1
"andeq r0, r0, sb, asr 1",1
invalid,1
"strne r0, [r0], -1",1
"andeq r2, r0, ip, asr r4",1
"rscseq r2, r6, r1, lsl 24",1
"mrseq r0, apsr",1
"eoreq r6, r4, r4, lsl pc",1
invalid,1
invalid,1
blmi 0x5037c,1
invalid,1
"andeq r0, r1, r6, lsr r1",1
"andeq r0, r0, r1, lsl 2",1
"andsne r0, sb, 2",1
invalid,1
"andeq r0, r0, lr",1
"eoreq r1, r5, r1, lsl 14",1
"eoreq sl, r4, r0, lsl 20",1
"sbcseq r1, r3, r0, lsl 16",1
"sbcseq r4, r3, r0, lsl 8",1
"andseq sb, r8, r0",1
"streq r0, [r4, -0x200]",1
"rsbseq r6, r4, sb, ror 28",1
"strhs r0, [r7], -0x403",1
"movweq r0, 0",1
"eorseq r0, r1, r1, lsl 16",1
"andeq r0, r3, 0",1
"andeq r3, r0, r7, lsl 30",1
"streq r0, [r4, -r0, lsl 6]",1
"andeq r0, r0, pc, lsl r0",1
"movwlo r0, 0x6103",1
"movweq r0, 0",1
"sbceq r0, fp, r2, lsl 10",1
invalid,1
"andeq r0, r0, r5",1
"streq r0, [r8, -r0, lsl 6]",1
"andeq r0, r0, sl, lsl r0",1
"streq r0, [r5, -0x403]",1
"movweq r0, 0",1
"sbcseq r0, r5, r4, lsl 14",1
"streq r0, [r4], -0",1
blo 0x20b404,1
"streq r0, [r0, -0]",1
blvc 0x10c804,1
"streq r0, [r0, -r0]",1
"eoreq sb, r4, r1, lsl 12",1
"teqeq r0, r0, lsl 2",1
"andeq r0, r0, r5, lsr 32",1
"andeq sp, r0, r8, lsl r3",1
"andeq sp, r0, r4, asr 6",1
invalid,1
"andeq r0, r0, r7, asr 1",1
"andeq ip, r3, r8, lsl 16",1
"ldcvc p1, c0, [r0, -0]!",1
invalid,1
"stmdbeq r0, {r0, r1, r2, r3}",1
"andeq sp, r0, ip, lsr r3",1
"andeq sp, r0, r1, lsl 8",1
invalid,1
invalid,1
invalid,1
bleq 0xb188,1
"muleq r0, sp, r4",1
"rsbseq r2, r2, r1, lsl 16",1
"mrseq r0, apsr",1
"ldrhs r0, [r0], 0x10c",1
"andvs r0, r2, 0",1
"andeq r2, r0, r1, lsl 10",1
"rscseq r0, r6, r0, lsl 2",1
invalid,1
"stceq p0, c0, [r0, -0]",1
"andeq r0, r0, r2, ror r0",1
"andeq r7, r0, sp, lsl 4",1
"streq r0, [r6], -0",1
"strdeq r0, r1, [r0], -ip",1
"andvc r0, sp, 0x80000003",1
"andeq r0, r0, r0",1
"andeq sl, r0, r0, lsl 12",1
"movwle r0, 0x200",1
"streq r0, [r0], -0x12",1
"andseq lr, r8, r1, lsl 10",1
"andeq fp, r0, r0",1
svchs 0x2e2e00,1
"ldrbtvc r6, [r2], -0xf70",1
"ldmdbvc r3!, {r0, r1, r4, r5, r6, r8, sb, sl, fp, sp} ^",1
"rsbvc r6, r5, r3, ror r4",1
"rsbvc r2, r1, 0x1cc",1
"rsbvc r2, r3, 0x1b4",1
invalid,1
svcvs 0x682f00,1
bvs 0xbe4670,1
blvs 0x1ca8648,1
"stmdbvc pc!, {r0, r2, r5, r6, sl, ip, sp, lr}",1
svcvs 0x74636f,1
"ldmdbvs r5!, {r0, r1, r2, r3, r5, sb, sp, lr} ^",1
"strtvc r6, [pc], -0x46c",1
"strvc r7, [pc, -sp, rrx]!",1
svchs 0x6b726f,1
"strbtvc r7, [sp], -r1, ror 4",1
"qasxvc r6, sp, r7",1
"cdpvs p0, 2, c7, c13, c6, 3",1
"stclhs p15, c6, [lr, -0x194]!",1
"stmdbvc fp!, {r4, r5, r6, r8, sb, sl, fp, sp, lr} ^",1
"cdpvs p12, 6, c6, c9, c13, 1",1
invalid,1
invalid,1
"strvs r6, [0x0000a79a]!",1
"rsbvs r6, sb, 0x6700",1
"cdphs p15, 3, c2, c2, c3, 3",1
"eorvc r3, sp, 0xc40000",1
invalid,1
invalid,1
invalid,1
"stmdbvs ip!, {r0, r1, r2, r4, r5, r8, sb, sl, fp, sp} ^",1
invalid,1
"smlsdxmi r0, r3, r5, r7",1
invalid,1
"mrchs p0, 1, r2, c2, c3, 2",1
invalid,1
"orreq r0, r0, r0, lsl 2",1
"sadd16eq r0, r0, r1",1
"tsteq r2, r1, lsl r1",1
"ldmdaeq fp, {r0, r1, fp}",1
"ldreq r0, [r3, -0x825]",1
invalid,1
"mcreq p1, 1, r0, c5, c1, 0",1
invalid,1
"sadd16eq r0, r0, fp",1
"strhs r0, [r2], -0",1
"vmlalo.f64 d0, d11, d0",1
"andeq r0, lr, fp, lsl 6",1
"eoreq r0, r4, r0, lsl 6",1
bleq 0xf8dd90,1
"andeq r0, r0, r3, lsl 16",1
"movweq r3, 0x404",1
bllo 0x2d99a8,1
svclo 0x13490b,1
"andeq r0, sl, ip, lsl 4",1
"eoreq r0, r6, r0, lsl 10",1
"andeq r1, r0, sb, asr 6",1
"andseq r0, r1, r0, lsl 2",1
"uadd16eq r0, r5, r0",1
"ldmdaeq fp, {r0, r1, fp}",1
"ldreq r0, [r3, -0x825]",1
invalid,1
"mcreq p1, 1, r0, c5, c1, 0",1
invalid,1
"tsteq r1, fp, lsl lr",1
"sadd16eq r0, r0, r2",1
"strne r0, [r2], -r0",1
blo 0x38bdac,1
"stmdbmi fp, {r0, r1, r3, r8, sb, fp, ip, sp}",1
"movweq r0, 0x13",1
bleq 0x2cb248,1
invalid,1
"strhs r0, [r4], -0",1
"vmlalo.f64 d0, d11, d0",1
"andeq r0, r8, fp, lsl 6",1
"andeq r0, pc, r0, lsl 10",1
"andeq r0, r0, fp, lsl 22",1
bleq 0xedec,1
"andseq r4, r3, fp, lsl 18",1
"tsteq r3, r0, lsl 14",1
bleq 0x2ce9ec,1
bleq 0xecdecc,1
"andeq r1, r0, r1, lsl 6",1
"movweq r0, 0xd08",1
bllo 0x2d9a28,1
"ldmdalo r3, {r0, r1, r3, r8, fp, lr}",1
"stmdbeq r0, {r1, r3}",1
"cdpeq p0, 0, c0, c3, c13, 0",1
"ldreq r0, [fp, -0xb3a]!",1
beq 0xe0ff28,1
"strne r0, [sl], -r0",1
blo 0x38be0c,1
"andeq r3, fp, fp, lsl 22",1
invalid,1
"movwne r1, 0x1349",1
invalid,1
svchs 0x134900,1
"stceq p0, c0, [r0, -0x2c]",1
"movtne r0, 0x9026",1
"strlo r0, [lr, -0]",1
"andseq r4, r3, r0, lsl 18",1
invalid,1
bleq 0xe8ea44,1
"stceq p5, c0, [r7], -0xec",1
"tsteq r2, r1, lsl r1",1
"addsmi r0, r6, 64, 12",1
"andseq r0, r3, ip, lsl 2",1
"eorseq r1, r4, r0",1
bleq 0xe8ea5c,1
"movtne r0, 0x953b",1
"andeq r0, r0, r2, lsl 20",1
"movweq r2, 0xe11",1
bllo 0x2d9a98,1
invalid,1
"andmi r1, r1, r1, lsl 4",1
"mcrreq p6, 0, sb, r2, c6",1
"cdphs p0, 1, c0, c2, c0, 0",1
"movweq r3, 0xcf01",1
bllo 0x2d9ab0,1
invalid,1
"andmi r1, r1, r1, lsl 4",1
"mcrreq p6, 0, sb, r2, c6",1
"andeq r1, r0, r1, lsl 6",1
"movweq r0, 0x513",1
bllo 0x2d9ac8,1
"andseq r4, r3, 0x2c000",1
"strne r0, [r0], -0xa",1
"ldceq p1, c0, [pc], -0xb8",1
bleq 0xe8eaac,1
invalid,1
"tsteq r1, sb, asr 6",1
invalid,1
"swpeq r4, r6, [ip]",1
"strne r0, [r0, -0x13]",1
"stmdaeq r3, {r2, r4, r5}",1
bleq 0xecdfa4,1
beq 0x8ffe4,1
"ldrlo r0, [r6], -0",1
blo 0x38bec8,1
"stmdbmi fp, {r0, r1, r3, r8, sb, fp, ip, sp}",1
invalid,1
"andeq r0, r0, ip",1
"strhs r1, [r1, -0x101]",1
"movweq r1, 0xb30e",1
"andne r1, lr, lr, lsl 22",1
"andeq r0, r0, 6",1
"mcreq p0, 0, r0, c3, c4, 1",1
bleq 0xecdfd4,1
"ldceq p3, c1, [pc], -0x124",1
"andeq r0, r0, r2, lsl 20",1
bleq 0xef04,1
"andseq r4, r3, fp, lsl 18",1
"eoreq r0, r6, r0, lsl 8",1
"andeq r1, r0, sb, asr 6",1
bleq 0x1431c,1
"movweq r3, 0xbe0b",1
"andeq r0, r0, lr",1
"strhs r1, [r1, -0x101]",1
"movweq r1, 0xb30e",1
invalid,1
"andne r1, r1, r1, lsl 4",1
"andeq r0, r0, 6",1
bleq 0x2cb3b8,1
"stmdaeq r3, {r1, r2, r3, r4, r5, r8, sb, fp}",1
"strne r0, [r3], -r0",1
blo 0x38bf34,1
"stmdbmi fp, {r0, r1, r3, r8, sb, fp, ip, sp}",1
"streq r0, [r0], -0x13",1
bleq 0x2cb3d0,1
invalid,1
svceq 0x50000,1
"andeq r0, fp, r0, lsl 22",1
"andeq r0, pc, r0, lsl 12",1
"movtne r0, 0x9b0b",1
"movwne r0, 0x7000",1
bleq 0x38bf60,1
bllo 0x2d9b8c,1
"andseq r0, r3, fp, lsl 2",1
"andeq r0, sp, r0, lsl 16",1
bleq 0xe8eb78,1
"movtne r0, 0x9b3b",1
"andeq r0, r0, r8, lsr sl",1
"movweq r0, 0xd09",1
bllo 0x2d9bb4,1
"ldmdalo r3, {r0, r2, r8, fp, lr}",1
beq 0xb3ac,1
"mcreq p0, 0, r0, c3, c6, 0",1
bleq 0xece074,1
"mrseq r0, apsr",1
"tsteq r3, r1, lsl 18",1
invalid,1
"movtne r0, 0x9021",1
"andeq r0, r0, pc, lsr 22",1
"stmdbmi r0, {r0, r2, r3, sb, sl, sp}",1
"mcreq p0, 0, r0, c0, c3, 0",1
"movtne r0, 0x9035",1
"cdphs p0, 0, c0, c15, c0, 0",1
"movweq r3, 0xcf01",1
bllo 0x2d9bf0,1
invalid,1
"andmi r1, r1, r1, lsl 4",1
"mcrreq p7, 0, sb, r2, c6",1
"andeq r1, r0, r1, lsl 6",1
"movweq r0, 0x510",1
bllo 0x2d9c08,1
"andseq r4, r3, 0x2c000",1
invalid,1
"ldceq p1, c0, [pc], -0xb8",1
bleq 0xe8ebec,1
invalid,1
"tsteq r2, r1, lsl r1",1
"addsmi r0, r6, 64, 12",1
"andseq r0, r3, ip, lsl 2",1
"mrseq r1, r11_fiq",1
"tsteq r2, r1, lsl r1",1
"ldrlo r0, [r3], -0",1
blo 0x38c000,1
"stmdbmi fp, {r0, r1, r3, r8, sb, fp, ip, sp}",1
"andeq r0, sl, r3, lsl r2",1
"eorseq r1, r4, r0, lsl 8",1
bleq 0xe8ec1c,1
"movtne r0, 0x9b3b",1
"ldceq p12, c0, [ip], -0xfc",1
invalid,1
"mcreq p1, 1, r0, c5, c1, 0",1
invalid,1
"tsteq r1, fp, lsl lr",1
"sadd16eq r0, r0, r2",1
"strhs r0, [r2], -0",1
"vmlalo.f64 d0, d11, d0",1
"andeq r0, r8, fp, lsl 6",1
"andseq r0, r6, r0, lsl 6",1
bleq 0xe8ec4c,1
"movtne r0, 0x9b3b",1
"strhs r0, [r4], -0",1
"vmlalo.f64 d0, d11, d0",1
"andeq r0, lr, fp, lsl 6",1
"andeq r0, pc, r0, lsl 10",1
"movtne r0, 0x9b0b",1
"strhs r0, [r6], -r0",1
"andseq r4, r3, r0, lsl 18",1
invalid,1
"mcreq p12, 0, r0, c3, c15, 1",1
bleq 0xece154,1
"movtne r0, 0x9c27",1
"tsteq r2, r1, lsl r1",1
"addsmi r0, r7, 64, 12",1
"andseq r0, r3, ip, lsl 2",1
"andeq r0, r5, r0, lsl 16",1
bleq 0xe8ec90,1
"movtne r0, 0x9b3b",1
"andeq r0, r0, r2, lsl 20",1
"movweq r3, 0x409",1
bllo 0x2d9ccc,1
"andseq r4, r3, 0x2c000",1
beq 0xb4c4,1
"stmdaeq r3, {r2, r4, r5}",1
bleq 0xece18c,1
beq 0x901cc,1
"cdphs p0, 0, c0, c11, c0, 0",1
"movweq r3, 0xcf01",1
bllo 0x2d9cec,1
"stmdbmi ip, {r0, r1, r3, r8, sb, sl, sp}",1
"andne r1, r1, 0xc0000004",1
"strls r4, [r6], -r1",1
"andeq r0, r0, r2, asr 24",1
"tsteq r1, r0, lsl 2",1
bleq 0x4ced60,1
"cdpeq p14, 1, c0, c11, c3, 0",1
"andeq r0, r0, r0, lsl r6",1
bleq 0x144e0,1
"movweq r3, 0xbe0b",1
"movweq r0, 0xe",1
bleq 0x2cb574,1
"stmdaeq r3, {r1, r2, r3, r4, r5, r8, sb, fp}",1
"strlo r0, [r4, -0]",1
"andseq r4, r3, r0, lsl 18",1
"eorseq r0, r4, r0, lsl 10",1
bleq 0xe8ed04,1
"movtne r0, 0x9b3b",1
beq 0x8e5fc,1
invalid,1
"mcreq p1, 1, r0, c5, c1, 0",1
invalid,1
"tsteq r1, fp, lsl lr",1
"sadd16eq r0, r0, r2",1
"strne r0, [r2], -r0",1
blo 0x38c11c,1
"stmdbmi fp, {r0, r1, r3, r8, sb, fp, ip, sp}",1
"movweq r0, 0x13",1
"mcreq p1, 0, r0, c3, c3, 0",1
bleq 0xe8e158,1
"movwne r0, 0x1b3b",1
"stceq p0, c0, [r4, -0]",1
"stmdbmi lr, {r8, sb}",1
"strlo r3, [sl], -0x813",1
"streq r0, [r0, -0xc]",1
bleq 0x2cb580,1
"strhs r0, [r6], -0",1
"vmlalo.f64 d0, d11, d0",1
"andeq r0, lr, fp, lsl 6",1
"eoreq r0, r4, r0, lsl 14",1
bleq 0xf8e184,1
"andeq r0, r0, r3, lsl 16",1
bleq 0xf180,1
"andseq r4, r3, fp, lsl 18",1
"andeq r0, sp, r0, lsl 18",1
bleq 0xe8ed78,1
"movtne r0, 0x9b3b",1
"andeq r0, r0, r8, lsr sl",1
"movweq r0, 0xd0a",1
bllo 0x2d9db4,1
"ldmdalo r3, {r0, r2, r8, fp, lr}",1
bleq 0xb5ac,1
"mcreq p0, 0, r0, c3, c6, 0",1
bleq 0xece274,1
invalid,1
"tsteq r3, r1, lsl 18",1
"stceq p0, c0, [r0, -0x4c]",1
"movtne r0, 0x9021",1
"andeq r0, r0, pc, lsr 22",1
"stmdbmi r0, {r1, r2, r3, sb, sl, sp}",1
svceq 0x13,1
"stmdaeq r3, {r0, r2, r3}",1
bleq 0xece298,1
beq 0xe102d8,1
"cdphs p0, 1, c0, c0, c0, 0",1
"movweq r3, 0xcf01",1
bllo 0x2d9df8,1
invalid,1
"andmi r1, r1, r1, lsl 4",1
"mcrreq p6, 0, sb, r2, c6",1
"andeq r1, r0, r1, lsl 6",1
"movweq r0, 0x511",1
bllo 0x2d9e10,1
"andseq r4, r3, 0x2c000",1
"andne r0, r0, 0xa",1
"andeq r0, r0, r8, lsl r0",1
"movweq r3, 0x413",1
bllo 0x2d9e0c,1
"andseq r4, r3, 0x2c000",1
"strne r0, [r0], -0xa",1
"mcreq p0, 0, r0, c3, c4, 1",1
bleq 0xece2e4,1
beq 0x90324,1
bleq 0x54b604,1
"andne r1, r1, 0x40000000",1
"strne r0, [r0], -r1",1
"stceq p1, c0, [r7], -0x54",1
"andeq r1, r0, r1, lsl 6",1
"stmdbmi r0, {r0, r1, r2, r4, r8, sl}",1
"stmdane r0, {r0, r1, r4}",1
"mcreq p0, 0, r0, c3, c4, 1",1
bleq 0xece30c,1
"ldceq p3, c1, [pc], -0x124",1
"andeq r0, r0, ip, lsr ip",1
"tsteq r1, r0, lsl 2",1
bleq 0x4ceec8,1
"cdpeq p14, 1, c0, c11, c3, 0",1
"tsteq r2, r1, lsl r1",1
"andeq r0, r0, r0, lsl r6",1
bleq 0x1464c,1
"movweq r3, 0xbe0b",1
"movweq r0, 8",1
"mcreq p0, 0, r0, c3, c6, 0",1
bleq 0xece33c,1
"andeq r1, r0, sb, asr 6",1
bleq 0x1466c,1
"movweq r3, 0xbe0b",1
"streq r0, [r0, -0xe]",1
bleq 0x2cb6a4,1
svceq 0x60000,1
"stmdbmi fp, {r8, sb, fp}",1
"smladeq r0, r3, r0, r0",1
"mcreq p1, 0, r0, c3, c3, 0",1
bleq 0xe8e2a8,1
"movwne r0, 0x1b3b",1
"stceq p0, c0, [r8, -0]",1
blo 0x38c288,1
"stmdbmi fp, {r0, r1, r3, r8, sb, fp, ip, sp}",1
"andeq r3, sl, r3, lsl r8",1
"andeq r0, sp, r0, lsl 18",1
bleq 0xe8eea4,1
"movtne r0, 0x953b",1
"andeq r0, r0, r8, lsr sl",1
"movweq r1, 0x60a",1
bllo 0x2d9ee0,1
bleq 0xb6d8,1
"movtne r0, 0x9101",1
"andeq r1, r0, r1, lsl 6",1
"stmdbmi r0, {r2, r3, r8, sp}",1
"andeq r2, fp, r3, lsl pc",1
"eoreq r0, r6, r0, lsl 26",1
"andeq r1, r0, sb, asr 6",1
svclo 0x12e0e,1
blo 0x38c2fc,1
"strhs r3, [fp, -fp, lsl 22]",1
"andne r1, r1, 12, 2",1
"strls r4, [r6], -r1",1
"movwne r0, 0x1c42",1
"streq r0, [0x0000b6e0]",1
blo 0x38c2e4,1
"stmdbmi fp, {r0, r1, r3, r8, sb, fp, ip, sp}",1
"andeq r0, sl, r3, lsl r2",1
"eorseq r1, r4, r0",1
bleq 0xe8ef00,1
"movtne r0, 0x9b3b",1
"andeq r0, r0, r2, lsl 20",1
"movweq r3, 0x411",1
bllo 0x2d9f3c,1
svclo 0x13490b,1
"andeq r0, sl, ip, lsl 4",1
"eorseq r1, r4, r0, lsl 4",1
bleq 0xe8ef20,1
"movtne r0, 0x9b3b",1
"ldceq p12, c0, [ip], -0xfc",1
invalid,1
"mcreq p1, 1, r0, c5, c1, 0",1
invalid,1
"tsteq r1, fp, lsl lr",1
"sadd16eq r0, r0, r2",1
"strhs r0, [r2], -0",1
"vmlalo.f64 d0, d11, d0",1
"andeq r0, r8, fp, lsl 6",1
"andseq r0, r6, r0, lsl 6",1
bleq 0xe8ef50,1
"movtne r0, 0x9b3b",1
"strhs r0, [r4], -0",1
"vmlalo.f64 d0, d11, d0",1
"andeq r0, lr, fp, lsl 6",1
"andseq r0, r6, r0, lsl 10",1
bleq 0xe8ef68,1
"movtne r0, 0x953b",1
"streq r0, [r6], -0",1
bleq 0x38c36c,1
bllo 0x2d9f98,1
"andseq r0, r3, fp, lsl 2",1
"eoreq r0, r8, r0, lsl 14",1
"ldceq p14, c0, [ip, -0xc]",1
svceq 0x80000,1
"stmdbmi fp, {r8, sb, fp}",1
"stmdbeq r0, {r0, r1, r4}",1
bleq 0x2cbb98,1
bleq 0xece474,1
"andeq r1, r0, r1, lsl 6",1
"stmdbmi r0, {r1, r3, sb, sl, sp}",1
bleq 0xb7e4,1
"movtne r0, 0x9101",1
"andeq r1, r0, r1, lsl 6",1
"stmdbmi r0, {r2, r3, r8, sp}",1
"andeq r2, fp, r3, lsl pc",1
"tsteq r7, r0, lsl 26",1
bleq 0xe8e3dc,1
"movwne r0, 0x1b3b",1
"stceq p0, c0, [lr, -0]",1
blo 0x38c3bc,1
"stmdbmi fp, {r0, r1, r3, r8, sb, fp, ip, sp}",1
svceq 0x13,1
bleq 0x2cbc14,1
bleq 0xece4b4,1
"andeq r1, r0, r1, lsl 6",1
"movweq r0, 0xd10",1
bllo 0x2da010,1
"ldmdalo r3, {r0, r1, r3, r8, fp, lr}",1
invalid,1
"mcreq p1, 0, r0, c3, c3, 0",1
bleq 0xe8e414,1
"movwne r0, 0x1b3b",1
"tstne r2, 0",1
bleq 0x38c3f8,1
bllo 0x2da024,1
"andseq r0, r3, r5, lsl 2",1
"andeq r1, sp, r0, lsl 6",1
bleq 0xe8f010,1
"movtne r0, 0x953b",1
"andeq r0, r0, r8, lsr sl",1
"movweq r0, 0xd14",1
bllo 0x2da034,1
"ldmdalo r3, {r0, r2, r8, fp, lr}",1
"strne r0, [r0, -0xa]",1
"ldceq p1, c0, [pc], -0xb8",1
bleq 0xe8f030,1
invalid,1
"tsteq r1, sb, asr 6",1
invalid,1
"swpeq r4, r6, [ip]",1
invalid,1
"stmdaeq r3, {r0, r2}",1
bleq 0xece528,1
beq 0x90568,1
"ldrlo r0, [r7], -0",1
blo 0x20c44c,1
"stmdbmi fp, {r0, r1, r3, r8, sb, fp, ip, sp}",1
"andeq r0, sl, r3, lsl r2",1
invalid,1
"mcreq p12, 0, r0, c3, c15, 1",1
bleq 0xece548,1
"movtne r0, 0x9c27",1
"tsteq r2, r1, lsl r1",1
"addsmi r0, r7, 64, 12",1
"andseq r0, r3, ip, lsl 2",1
invalid,1
"mcreq p12, 0, r0, c3, c15, 1",1
bleq 0xece564,1
"tsteq r1, r7, lsr 24",1
invalid,1
"swpeq r4, r7, [ip]",1
bne 0xb8d8,1
"mcreq p0, 0, r0, c3, c4, 1",1
bleq 0xece57c,1
beq 0x905bc,1
"cdphs p0, 1, c0, c11, c0, 0",1
"movweq r3, 0xcf01",1
bllo 0x2da0dc,1
invalid,1
"andmi r1, r1, r1, lsl 4",1
"mcrreq p6, 0, sb, r2, c6",1
"andeq r1, r0, r1, lsl 6",1
"movweq r0, 0x51c",1
bllo 0x2da0f4,1
"andseq r4, r3, 0x2c000",1
"stcne p0, c0, [r0, -0x28]",1
"cdpeq p1, 0, c0, c3, c14, 1",1
bleq 0xece5b4,1
"movtne r0, 0x9c27",1
"tsteq r2, r1, lsl r1",1
"addsmi r0, r6, 64, 12",1
"andseq r0, r3, ip, lsl 2",1
"andeq r1, sl, r0, lsl 28",1
bleq 0xe8f0f0,1
"tsteq r1, fp, lsr r5",1
bleq 0x7cb8ec,1
"andeq r5, r6, r1, lsl 10",1
"eorseq r2, r4, r0",1
bleq 0xe8d904,1
"movtne r0, 0x953b",1
"andeq r0, r0, r2, lsl 20",1
"movweq r3, 0x421",1
bllo 0x2da140,1
"andseq r4, r3, 0x14000",1
"andhs r0, r0, 0xa",1
"tsteq r1, fp, lsl 2",1
"movwne r0, 0x1112",1
bleq 0x8cb91c,1
"andne r1, r1, 0x40000000",1
"strhs r0, [r0], -1",1
"ldceq p1, c0, [pc], -0xb8",1
bleq 0xe8f138,1
"stceq p5, c0, [r7], -0xec",1
"tsteq r1, sb, asr 6",1
invalid,1
"swpeq r4, r6, [ip]",1
"strhs r0, [r0, -0x13]",1
"cdpeq p0, 0, c0, c3, c5, 0",1
"ldreq r0, [fp, -0xb3a]!",1
beq 0x90670,1
"streq r0, [r6, -0]!",1
blo 0x20c554,1
"stmdbmi r5, {r0, r1, r3, r8, sb, fp, ip, sp}",1
"andeq r0, sl, r3, lsl r2",1
invalid,1
"mcreq p12, 0, r0, c3, c15, 1",1
"ldreq r0, [fp, -0xb3a]!",1
"tsteq r1, r7, lsr 24",1
invalid,1
"swpeq r4, r6, [ip]",1
"stmdahs r0, {r0, r1, r4}",1
"cdpeq p1, 0, c0, c3, c14, 1",1
"ldreq r0, [fp, -0xb3a]!",1
"movtne r0, 0x9c27",1
"tsteq r2, r1, lsl r1",1
"addsmi r0, r6, 64, 12",1
"andseq r0, r3, ip, lsl 2",1
"eorseq r2, r4, r0, lsl 18",1
bleq 0xe8f1a4,1
"movtne r0, 0x9b3b",1
beq 0x8ea9c,1
"strtlo r0, [sl], -0",1
blo 0x38c5a8,1
"stmdbmi r5, {r0, r1, r3, r8, sb, fp, ip, sp}",1
"andeq r3, ip, 19, 30",1
"andeq r0, r0, sl",1
"strhs r1, [r1, -0x101]",1
"movweq r1, 0xb30e",1
invalid,1
"andne r1, r1, r1, lsl 4",1
"andeq r0, r0, 6",1
"mcreq p0, 0, r0, c3, c6, 0",1
bleq 0xece6b8,1
"andeq r1, r0, sb, asr 6",1
"movweq r1, 0x1303",1
blo 0x2ce614,1
invalid,1
"streq r0, [r0], -0x13",1
"cdpeq p0, 0, c0, c3, c13, 0",1
beq 0xe10710,1
"andeq r0, r0, r4, lsr ip",1
bleq 0xf608,1
"streq r0, [r0], -fp",1
bleq 0x2cba8c,1
invalid,1
"strhs r0, [r7], -0",1
"vmlalo.f64 d0, d11, d0",1
"andeq r0, r8, fp, lsl 6",1
"andeq r0, pc, r0, lsl 16",1
"movtne r0, 0x9b0b",1
"stceq p0, c0, [sb, -0]",1
blo 0x38c61c,1
"stmdbmi fp, {r0, r1, r3, r8, sb, fp, ip, sp}",1
"andeq r3, sl, r3, lsl r8",1
"andeq r0, sp, r0, lsl 20",1
bleq 0xe8f238,1
"movtne r0, 0x953b",1
"andeq r0, r0, r8, lsr sl",1
"movweq r1, 0x60b",1
bllo 0x2da274,1
invalid,1
"movtne r0, 0x9101",1
"andeq r1, r0, r1, lsl 6",1
"stmdbmi r0, {r0, r2, r3, r8, sp}",1
"andeq r2, fp, r3, lsl pc",1
"eoreq r0, r6, r0, lsl 28",1
"andeq r1, r0, sb, asr 6",1
bleq 0x4ca98,1
bllo 0x2da28c,1
"andseq r0, r3, fp, lsl 2",1
"eoreq r1, r8, r0",1
"ldceq p14, c0, [ip, -0xc]",1
"cdphs p0, 1, c0, c1, c0, 0",1
"movweq r3, 0xcf01",1
bllo 0x2da2b0,1
invalid,1
"andmi r1, r1, r1, lsl 4",1
"mcrreq p6, 0, sb, r2, c6",1
"andeq r1, r0, r1, lsl 6",1
"movweq r0, 0x512",1
bllo 0x2da2c8,1
"andseq r4, r3, 0x2c000",1
"movwne r0, 0xa",1
"mcreq p0, 0, r0, c3, c4, 1",1
bleq 0xece788,1
beq 0x907c8,1
invalid,1
"strne r0, [r0, -0]",1
"ldceq p0, c0, [pc], -0xb8",1
bleq 0xe8f2c0,1
invalid,1
"tsteq r2, r1, lsl r1",1
"addsmi r0, r6, 64, 12",1
"strne r0, [r0], -ip",1
"mcreq p0, 0, r0, c3, c4, 1",1
bleq 0xece7b4,1
"ldceq p3, c1, [pc], -0x124",1
"andeq r0, r0, ip, lsr ip",1
"andeq r2, r0, r7, lsl r1",1
"mrsne r0, apsr",1
"movwne r2, 0xe501",1
blne 0x38c710,1
"andeq r1, r6, lr",1
"eoreq r0, r4, r0, lsl 4",1
bleq 0xf8e71c,1
"andeq r0, r0, r3, lsl 28",1
bleq 0x14b04,1
"movweq r3, 0xbe0b",1
"streq r0, [r0], -8",1
"movtne r0, 0x9101",1
"andeq r1, r0, r1, lsl 6",1
"stmdbmi r0, {r0, r2, r8, sp}",1
"andeq r2, fp, r3, lsl pc",1
"eorseq r0, r4, r0, lsl 12",1
bleq 0xe8f324,1
"movtne r0, 0x9b3b",1
beq 0x8ec1c,1
"strhs r0, [r7], -r0",1
"andseq r4, r3, r0, lsl 18",1
"mrsne r0, apsr",1
"movwne r2, 0xe501",1
blne 0x38c760,1
"andne r1, r1, 0x80000003",1
"andeq r1, r6, r1",1
"eoreq r0, r4, r0, lsl 4",1
bleq 0xf8e770,1
"andeq r0, r0, r3, lsl 16",1
"movweq r1, 0x603",1
bllo 0x2da388,1
"andseq r4, r3, fp, lsl 18",1
"eoreq r0, r4, r0, lsl 8",1
bleq 0xf8e788,1
"andeq r0, r0, r3, lsl 28",1
bleq 0xf778,1
"streq r0, [r0], -fp",1
bleq 0x2cbba8,1
"andeq r1, r0, sb, asr 6",1
"stmdbmi r0, {r0, r1, r2, sb, sl, sp}",1
"stmdaeq r0, {r0, r1, r4}",1
"andeq r0, r0, r6, lsr 32",1
bleq 0x4cba4,1
bllo 0x2da3b0,1
"andseq r0, r3, fp, lsl 2",1
"eoreq r0, r8, r0, lsl 20",1
"ldceq p14, c0, [ip, -0xc]",1
"cdphs p0, 0, c0, c11, c0, 0",1
"movweq r3, 0xcf01",1
bllo 0x2da3d4,1
"stmdbmi ip, {r0, r1, r3, r8, sb, sl, sp}",1
"andne r1, r1, 0xc0000004",1
"strls r4, [r6], -r1",1
"movwne r0, 0x1c42",1
"streq r0, [ip, -0]",1
blo 0x20c7b4,1
"stmdbmi fp, {r0, r1, r3, r8, sb, fp, ip, sp}",1
"andeq r0, sl, r3, lsl r2",1
"eorseq r0, r4, r0, lsl 26",1
bleq 0xe8dbd0,1
"movtne r0, 0x9b3b",1
"andeq r0, r0, r2, lsl 20",1
invalid,1
"andeq r1, r1, r1, lsl 4",1
invalid,1
"mcreq p12, 0, r0, c3, c15, 1",1
bleq 0xece8c8,1
"movtne r0, 0x9c27",1
"tsteq r2, r1, lsl r1",1
"addsmi r0, r6, 64, 12",1
"andne r0, r0, ip",1
"cdpeq p0, 0, c0, c3, c5, 0",1
bleq 0xece8e0,1
beq 0x90920,1
invalid,1
"mcreq p1, 1, r0, c5, c1, 0",1
invalid,1
"tsteq r1, fp, lsl lr",1
"sadd16eq r0, r0, r2",1
"strhs r0, [r2], -0",1
"vmlalo.f64 d0, d11, d0",1
"andeq r0, r8, fp, lsl 6",1
"eoreq r0, r4, r0, lsl 6",1
bleq 0xf8e850,1
"andeq r0, r0, r3, lsl 28",1
"stmdbmi r0, {r2, r8, sl, ip, sp}",1
"streq r0, [r0, -0x13]",1
"ldceq p0, c0, [pc], -0xb8",1
bleq 0xe8f444,1
invalid,1
"tsteq r2, r1, lsl r1",1
"addsmi r0, r6, 64, 12",1
"streq r0, [r0], -ip",1
"mcreq p0, 0, r0, c3, c4, 1",1
bleq 0xece938,1
"ldceq p3, c1, [pc], -0x124",1
"andeq r0, r0, ip, lsr ip",1
"tsteq r1, r0, lsl 2",1
bleq 0x4cf4f4,1
"cdpeq p14, 1, c0, c11, c3, 0",1
"tsteq r2, r1, lsl r1",1
"andeq r0, r0, r0, lsl r6",1
bleq 0x14c78,1
"movweq r3, 0xbe0b",1
"movweq r0, 8",1
bleq 0x2cbd0c,1
invalid,1
"cdphs p0, 0, c0, c4, c0, 0",1
"movweq r3, 0xcf01",1
bllo 0x2da4c4,1
"stmdbmi ip, {r0, r1, r3, r8, sb, sl, sp}",1
"andne r1, r1, 0xc0000004",1
"strls r4, [r6], -r1",1
"movwne r0, 0x1c42",1
"streq r0, [r5, -0]",1
blo 0x20c8a4,1
"stmdbmi fp, {r0, r1, r3, r8, sb, fp, ip, sp}",1
"andeq r0, sl, r3, lsl r2",1
"eorseq r0, r4, r0, lsl 12",1
bleq 0xe8dcc0,1
"movtne r0, 0x9b3b",1
"andeq r0, r0, r2, lsl 20",1
bleq 0xf8dc,1
"andseq r4, r3, fp, lsl 18",1
"eoreq r0, r6, r0, lsl 16",1
"andeq r1, r0, sb, asr 6",1
"tsteq r1, r0, lsl 2",1
bleq 0x4cf568,1
"cdpeq p14, 1, c0, c11, c3, 0",1
"tsteq r2, r1, lsl r1",1
"andeq r0, r0, r0, lsl r6",1
"movweq r1, 0x602",1
bllo 0x2da520,1
"andseq r4, r3, fp, lsl 18",1
"eoreq r0, r4, r0, lsl 6",1
bleq 0xf8e920,1
"andeq r0, r0, r3, lsl 28",1
bleq 0x14d0c,1
"movweq r3, 0xbe0b",1
"streq r0, [r0, -8]",1
bleq 0x2cbd44,1
svceq 0x60000,1
"stmdbmi fp, {r8, sb, fp}",1
"smladeq r0, r3, r0, r0",1
"mcreq p1, 0, r0, c3, c3, 0",1
bleq 0xe8e948,1
"movwne r0, 0x1b3b",1
"stceq p0, c0, [r8, -0]",1
blo 0x38c928,1
"stmdbmi fp, {r0, r1, r3, r8, sb, fp, ip, sp}",1
"andeq r3, sl, r3, lsl r8",1
"andeq r0, sp, r0, lsl 18",1
bleq 0xe8f544,1
"movtne r0, 0x953b",1
"andeq r0, r0, r8, lsr sl",1
"movweq r1, 0x60a",1
bllo 0x2da580,1
bleq 0xbd78,1
"movtne r0, 0x9101",1
"andeq r1, r0, r1, lsl 6",1
"stmdbmi r0, {r2, r3, r8, sp}",1
"andeq r2, fp, r3, lsl pc",1
invalid,1
"mcreq p12, 0, r0, c3, c15, 1",1
bleq 0xecea50,1
"movtne r0, 0x9c27",1
"tsteq r2, r1, lsl r1",1
"addsmi r0, r6, 64, 12",1
"andseq r0, r3, ip, lsl 2",1
"andeq r0, r5, r0, lsl 28",1
bleq 0xe8f58c,1
"movtne r0, 0x9b3b",1
"andeq r0, r0, r2, lsl 20",1
"movweq r3, 0x40f",1
bllo 0x2da5c8,1
"andseq r4, r3, 0x2c000",1
"andne r0, r0, sl",1
"movtne r0, 0x9026",1
invalid,1
"mcreq p1, 1, r0, c5, c1, 0",1
invalid,1
"tsteq r1, fp, lsl lr",1
"sadd16eq r0, r0, r2",1
"strhs r0, [r2], -0",1
"vmlalo.f64 d0, d11, d0",1
"andeq r0, lr, fp, lsl 6",1
"eoreq r0, r4, r0, lsl 6",1
bleq 0xf8e9f0,1
"andeq r0, r0, r3, lsl 16",1
"movweq r1, 0x604",1
bllo 0x2da608,1
"andseq r4, r3, fp, lsl 18",1
"andeq r0, pc, r0, lsl 10",1
"andeq r0, r0, fp, lsl 22",1
bleq 0xf9f8,1
"andseq r4, r3, fp, lsl 18",1
"tsteq r3, r0, lsl 14",1
bleq 0x2cf5f8,1
bleq 0xecead8,1
"andeq r1, r0, r1, lsl 6",1
"movweq r0, 0xd08",1
bllo 0x2da634,1
"ldmdalo r3, {r0, r1, r3, r8, fp, lr}",1
"stmdbeq r0, {r1, r3}",1
"cdpeq p0, 0, c0, c3, c13, 0",1
"ldreq r0, [fp, -0xb3a]!",1
beq 0xe10b34,1
"strne r0, [sl], -r0",1
blo 0x38ca18,1
"andeq r3, fp, fp, lsl 22",1
invalid,1
"movwne r1, 0x1349",1
invalid,1
svchs 0x134900,1
"stceq p0, c0, [r0, -0x2c]",1
"movtne r0, 0x9026",1
"streq r0, [lr], -0",1
blo 0x2cea40,1
invalid,1
svceq 0x13,1
"cdpeq p0, 0, c0, c3, c8, 1",1
"andeq r0, r0, ip, lsl sp",1
"movweq r2, 0x810",1
"andeq r1, sp, r8, lsl 24",1
invalid,1
bleq 0xe8f668,1
invalid,1
"tsteq r1, sb, asr 6",1
invalid,1
"swpeq r4, r6, [ip]",1
"andne r0, r0, 0x13",1
"stmdaeq r3, {r2, r4, r5}",1
bleq 0xeceb60,1
beq 0x90ba0,1
bleq 0x4cbe80,1
"andne r1, r1, 0x40000000",1
"strne r0, [r0], -1",1
"mcreq p0, 0, r0, c3, c4, 1",1
bleq 0xeceb78,1
beq 0x90bb8,1
bleq 0x54be98,1
"andne r1, r1, 0x40000000",1
"andseq r0, r3, r1, lsl 2",1
invalid,1
"andeq r0, r0, r5, asr r6",1
svclo 0x12e17,1
blo 0x38cae0,1
"strhs r3, [r5, -fp, lsl 22]",1
"tstne r3, ip, lsl 18",1
"andmi r1, r1, r1, lsl 4",1
"mcrreq p6, 0, sb, r2, c6",1
"andeq r1, r0, r1, lsl 6",1
"movweq r3, 0x418",1
bllo 0x2da704,1
"andseq r4, r3, 0x14000",1
"stmdbne r0, {r1, r3}",1
"movtne r0, 0x9035",1
invalid,1
"mcreq p1, 1, r0, c5, c1, 0",1
invalid,1
"tsteq r1, fp, lsl lr",1
"sadd16eq r0, r0, r2",1
"strne r0, [r2], -r0",1
blo 0x38caf4,1
"stmdbmi fp, {r0, r1, r3, r8, sb, fp, ip, sp}",1
"movweq r0, 0x13",1
bleq 0x2cbf90,1
invalid,1
"strhs r0, [r4], -0",1
"vmlalo.f64 d0, d11, d0",1
"andeq r0, r8, fp, lsl 6",1
"andeq r0, pc, r0, lsl 10",1
"andeq r0, r0, fp, lsl 22",1
bleq 0xfb34,1
"andseq r4, r3, fp, lsl 18",1
"tsteq r3, r0, lsl 14",1
bleq 0x2cf734,1
bleq 0xecec14,1
"andeq r1, r0, r1, lsl 6",1
"movweq r0, 0xd08",1
bllo 0x2da770,1
"ldmdalo r3, {r0, r1, r3, r8, fp, lr}",1
"stmdbeq r0, {r1, r3}",1
"cdpeq p0, 0, c0, c3, c13, 0",1
"ldreq r0, [fp, -0xb3a]!",1
beq 0xe10c70,1
"strne r0, [sl], -r0",1
blo 0x38cb54,1
"andeq r3, fp, fp, lsl 22",1
invalid,1
"movwne r1, 0x1349",1
invalid,1
svchs 0x134900,1
"stceq p0, c0, [r0, -0x2c]",1
"ldceq p1, c0, [pc], -0xb8",1
bleq 0xe8f780,1
"stceq p5, c0, [r7], -0xec",1
"tsteq r1, sb, asr 6",1
invalid,1
"swpeq r4, r6, [ip]",1
"mcreq p0, 0, r0, c0, c3, 0",1
"stmdaeq r3, {r0, r2}",1
bleq 0xecec78,1
beq 0x90cb8,1
"strlo r0, [pc], -0",1
blo 0x38cb9c,1
"stmdbmi fp, {r0, r1, r3, r8, sb, fp, ip, sp}",1
"andeq r0, sl, r3, lsl r2",1
"eorseq r1, r4, r0",1
bleq 0xe8dfb8,1
"movtne r0, 0x9b3b",1
"andeq r0, r0, r2, lsl 20",1
"tsteq r1, r0, lsl 2",1
bleq 0x4cf850,1
"cdpeq p14, 1, c0, c11, c3, 0",1
"tsteq r2, r1, lsl r1",1
"andeq r0, r0, r0, lsl r6",1
"movweq r1, 0x602",1
bllo 0x2da808,1
"andseq r4, r3, fp, lsl 18",1
"eoreq r0, r4, r0, lsl 6",1
bleq 0xf8ec08,1
"andeq r0, r0, r3, lsl 28",1
bleq 0x14ff4,1
"movweq r3, 0xbe0b",1
"streq r0, [r0, -8]",1
bleq 0x2cc02c,1
svceq 0x60000,1
"stmdbmi fp, {r8, sb, fp}",1
"smladeq r0, r3, r0, r0",1
"mcreq p1, 0, r0, c3, c3, 0",1
bleq 0xe8ec30,1
"movwne r0, 0x1b3b",1
"stceq p0, c0, [r8, -0]",1
blo 0x38cc10,1
"stmdbmi fp, {r0, r1, r3, r8, sb, fp, ip, sp}",1
"andeq r3, sl, r3, lsl r8",1
"andeq r0, sp, r0, lsl 18",1
bleq 0xe8f82c,1
"movtne r0, 0x953b",1
"andeq r0, r0, r8, lsr sl",1
"movweq r1, 0x60a",1
bllo 0x2da868,1
bleq 0xc060,1
"movtne r0, 0x9101",1
"andeq r1, r0, r1, lsl 6",1
"stmdbmi r0, {r2, r3, r8, sp}",1
"andeq r2, fp, r3, lsl pc",1
invalid,1
bleq 0xe8f858,1
invalid,1
"tsteq r2, r1, lsl r1",1
"addsmi r0, r6, 64, 12",1
"andseq r0, r3, ip, lsl 2",1
"andeq r0, r5, r0, lsl 28",1
bleq 0xe8e070,1
"movtne r0, 0x9b3b",1
"andeq r0, r0, r2, lsl 20",1
svclo 0x12e0f,1
blo 0x38cca4,1
"strhs r3, [r5, -fp, lsl 22]",1
"tstne r3, ip, lsl 18",1
"andmi r1, r1, r1, lsl 4",1
"mcrreq p6, 0, sb, r2, c6",1
"ldreq r0, [r0, -0]",1
blo 0x38cc8c,1
"stmdbmi fp, {r0, r1, r3, r8, sb, fp, ip, sp}",1
"andeq r0, sl, r3, lsl r2",1
"mrsne r0, apsr",1
"movwne r2, 0xe501",1
blne 0x38cccc,1
"andne r1, r1, 0x80000003",1
"andeq r1, r6, r1",1
"andseq r0, r6, r0, lsl 4",1
bleq 0xe8f8bc,1
"movtne r0, 0x9b3b",1
"strhs r0, [r3], -0",1
"vmlalo.f64 d0, d11, d0",1
"andeq r0, lr, fp, lsl 6",1
"eoreq r0, r4, r0, lsl 8",1
bleq 0xf8ecf4,1
"andeq r0, r0, r3, lsl 16",1
bleq 0xfce4,1
"streq r0, [r0], -fp",1
bleq 0x2cc114,1
"andeq r1, r0, sb, asr 6",1
"movweq r1, 0x1307",1
blo 0x2ced1c,1
invalid,1
"stmdaeq r0, {r0, r1, r4}",1
"cdpeq p0, 0, c0, c3, c13, 0",1
bleq 0xeceddc,1
beq 0xe10e1c,1
"stceq p0, c0, [sb, -0]",1
blo 0x38cd00,1
"stmdbmi r5, {r0, r1, r3, r8, sb, fp, ip, sp}",1
"andeq r3, sl, r3, lsl r8",1
"andseq r0, r6, r0, lsl 20",1
bleq 0xe8f91c,1
"andeq r0, r0, fp, lsr fp",1
"stmdbmi r1, {r0, r1, r3, r8}",1
"andseq r0, r3, r3, lsl r1",1
"eoreq r0, r1, r0, lsl 24",1
bleq 0xbd0e48,1
"cdphs p0, 0, c0, c13, c0, 0",1
"movweq r3, 0xcf01",1
bllo 0x2da968,1
"stmdbmi ip, {r0, r2, r8, sb, sl, sp}",1
"andne r1, r1, 0xc0000004",1
"strls r4, [r6], -r1",1
"movwne r0, 0x1c42",1
"streq r0, [lr, -0]",1
blo 0x20cd48,1
"stmdbmi fp, {r0, r1, r3, r8, sb, fp, ip, sp}",1
"andeq r0, sl, r3, lsl r2",1
"andeq r0, r5, r0, lsl 30",1
bleq 0xe8f964,1
"movtne r0, 0x9b3b",1
"andeq r0, r0, r2, lsl 20",1
invalid,1
"andeq r1, r1, r1, lsl 4",1
"eorseq r1, r4, r0, lsl 2",1
bleq 0xe8e17c,1
"movtne r0, 0x9b3b",1
"andeq r0, r0, r2, lsl 20",1
"tsteq r1, r0, lsl 2",1
bleq 0x4cfa14,1
"cdpeq p14, 1, c0, c11, c3, 0",1
"tsteq r2, r1, lsl r1",1
"andeq r0, r0, r0, lsl r6",1
svclo 0x12e02,1
blo 0x38cdc4,1
"strhs r3, [fp, -fp, lsl 22]",1
"tstne r3, ip, lsl 18",1
"andmi r1, r1, r1, lsl 4",1
"mcrreq p7, 0, sb, r2, c6",1
"andeq r1, r0, r1, lsl 6",1
"movweq r0, 0x503",1
bllo 0x2da9d0,1
"andseq r4, r3, 0x2c000",1
"streq r0, [r0], -0xa",1
bleq 0x2cc24c,1
invalid,1
"strhs r0, [r5], -0",1
"vmlalo.f64 d0, d11, d0",1
"andeq r0, r8, fp, lsl 6",1
invalid,1
"mcreq p12, 0, r0, c3, c15, 1",1
"ldreq r0, [fp, -0xb3a]!",1
"movtne r0, 0x9c27",1
"tsteq r2, r1, lsl r1",1
"addsmi r0, r7, 64, 12",1
"andseq r0, r3, ip, lsl 2",1
"andeq r0, r5, r0, lsl 14",1
bleq 0xe8e1fc,1
"movtne r0, 0x953b",1
"andeq r0, r0, r2, lsl 20",1
svclo 0x12e08,1
blo 0x38ce30,1
"strhs r3, [r5, -fp, lsl 22]",1
"tstne r3, ip, lsl 18",1
"andmi r1, r1, r1, lsl 4",1
"mcrreq p7, 0, sb, r2, c6",1
invalid,1
"sadd16eq r0, r0, r1",1
"tsteq r2, r1, lsl r1",1
"ldmdaeq fp, {r0, r1, fp}",1
"ldreq r0, [r3, -0x825]",1
invalid,1
"sadd16eq r0, r0, r1",1
"tsteq r2, r1, lsl r1",1
"ldmdaeq fp, {r0, r1, fp}",1
"ldreq r0, [r3, -0x825]",1
invalid,1
"mcreq p1, 1, r0, c5, c1, 0",1
invalid,1
"tsteq r1, fp, lsl lr",1
"sadd16eq r0, r0, r2",1
"strhs r0, [r2], -0",1
"vmlalo.f64 d0, d11, d0",1
"andeq r0, r8, fp, lsl 6",1
"andseq r0, r6, r0, lsl 6",1
bleq 0xe8fa6c,1
"movtne r0, 0x9b3b",1
"strhs r0, [r4], -0",1
"vmlalo.f64 d0, d11, d0",1
"andeq r0, lr, fp, lsl 6",1
invalid,1
"mcreq p12, 0, r0, c3, c15, 1",1
bleq 0xecef64,1
"tsteq r1, r7, lsr 24",1
invalid,1
"swpeq r4, r7, [ip]",1
invalid,1
"cdpeq p0, 0, c0, c3, c5, 0",1
bleq 0xecef7c,1
"streq r1, [r2], -sb, asr 6",1
"strlo r0, [r7], -0",1
blo 0x38cea0,1
"stmdbmi fp, {r0, r1, r3, r8, sb, fp, ip, sp}",1
"stmdaeq r0, {r0, r1, r4}",1
"ldrbeq r0, [r5], -fp, lsl 2",1
"andeq r1, r0, r1, lsl 6",1
"movweq r3, 0x409",1
bllo 0x2daad8,1
"andseq r4, r3, 0x2c000",1
beq 0xc2d8,1
"smlabbeq r1, sb, r2, r8",1
"andeq r0, r0, r1, lsl r1",1
"orreq r8, r2, fp, lsl 20",1
"mrsls r0, r10_fiq",1
"andeq r0, r0, r2, asr 20",1
"orreq r8, r2, ip, lsl 18",1
"mrslo r1, apsr",1
"stceq p0, c0, [r0, -0x4c]",1
bleq 0x2cc320,1
"andeq r1, r0, sb, asr 6",1
"stmdbmi r0, {r1, r2, r3, sb, sl, sp}",1
svceq 0x13,1
"ldceq p0, c0, [pc], -0xb8",1
bleq 0xe8fb04,1
invalid,1
"tsteq r2, r1, lsl r1",1
"addsmi r0, r7, 64, 20",1
"andne r0, r0, ip",1
"movtne r0, 0x9101",1
"andeq r1, r0, r1, lsl 6",1
"andeq r2, r0, r1, lsl r1",1
"tsteq r5, r0, lsl 4",1
"movwne r0, 0x1c27",1
"ldreq r0, [r3, -0]",1
"andseq r4, r3, r0, lsl 18",1
"eorseq r1, r4, r0, lsl 8",1
bleq 0xe8fb38,1
"movtne r0, 0x9b3b",1
"ldceq p12, c0, [ip], -0xfc",1
"cdphs p0, 1, c0, c5, c0, 0",1
"movweq r3, 0xcf00",1
bllo 0x2dab78,1
invalid,1
"andeq r0, r0, ip",1
"strhs r1, [r1, -0x101]",1
"movweq r1, 0xb30e",1
invalid,1
"andne r1, r1, r1, lsl 4",1
"andeq r0, r0, 6",1
bleq 0x2cc3f0,1
"stmdaeq r3, {r1, r2, r3, r4, r5, r8, sb, fp}",1
"strhs r0, [r3], -0",1
"vmlalo.f64 d0, d11, d0",1
"andeq r0, lr, fp, lsl 6",1
"andeq r0, pc, r0, lsl 8",1
"andeq r0, r0, fp, lsl 22",1
"strhs r1, [r0, -r5, lsl 10]",1
"streq r0, [r0], -ip",1
bleq 0x2cc3c0,1
"andeq r1, r0, sb, asr 6",1
svclo 0x12e07,1
blo 0x38cfc0,1
"strhs r3, [fp, -fp, lsl 22]",1
"tstne r3, ip, lsl 18",1
"andmi r1, r1, r1, lsl 4",1
"mcrreq p7, 0, sb, r2, c10",1
"andeq r1, r0, r1, lsl 6",1
"movweq r0, 0x508",1
bllo 0x2dabe4,1
"andseq r4, r3, 0x2c000",1
"stmdbeq r0, {r1, r2}",1
"smlabbeq r1, sb, r2, r8",1
"addsmi r0, r5, 0x40000004",1
"andseq r3, r3, ip, lsl 2",1
"addhi r0, sl, 0, 20",1
beq 0x8c3cc,1
"muleq sl, r1, r2",1
"eorseq r0, r4, r0, lsl 22",1
bleq 0xe8fbe0,1
"movtne r0, 0x9b3b",1
"ldceq p12, c0, [ip], -0xfc",1
"cdphs p0, 0, c0, c12, c0, 0",1
"movweq r3, 0xcf01",1
bllo 0x2dac20,1
"stmdbmi ip, {r0, r1, r3, r8, sb, sl, sp}",1
invalid,1
"stceq p0, c0, [r0, -0x4c]",1
"movtne r0, 0x9005",1
"strne r0, [lr, -0]",1
"andeq r2, ip, r1, lsl 14",1
"mrsne r0, apsr",1
"strpl r1, [r6, -0]",1
blne 0x20d024,1
"movwne r2, 0x8508",1
"andeq r0, r0, r5",1
"andeq r0, r0, fp, asr r0",1
"eorseq r0, r3, r2",1
invalid,1
"strdeq r0, r1, [sp], -fp",1
"mrseq r0, apsr",1
invalid,1
"cdphs p0, 0, c0, c1, c0, 0",1
svcvs 0x702f2e,1
svchs 0x737472,1
"ldrbtvs r7, [r3], -0x973",1
svchs 0x737065,1
"rsbeq r7, sp, r1, ror 4",1
"cmnvs r4, r0, lsl 6",1
invalid,1
"andeq r0, r0, r0, lsl 2",1
"andeq r0, r5, 0",1
"andeq r8, r0, r8, lsr 29",1
invalid,1
invalid,1
"mrchs p3, 0, r0, c7, c1, 1",1
"eorlo r3, pc, 0x4000000c",1
"mrchs p3, 3, r0, c1, c2, 1",1
"andeq r2, r2, 52, 30",1
"movwhs r0, 0x1100",1
"andeq r0, r0, 0",1
"andeq r1, r0, r0, lsl 26",1
blx 0x4cc82,1
invalid,1
"andeq r0, r1, r1, lsl 2",1
"andeq r0, r1, r0",1
"stmdbvs r0, {r8}",1
"cdphs p9, 7, c6, c4, c14, 3",1
"andeq r0, r0, r3, rrx",1
"rsbeq r0, lr, r0",1
"andeq r0, r2, r0",1
"andeq r0, r0, r2, lsr r0",1
"cdpeq p1, 0xf, c0, c11, c2, 0",1
"mrseq r0, apsr",1
"andeq r0, r0, r1, lsl 2",1
"andeq r0, r0, r0, lsl 2",1
svchs 0x2e2e01,1
"ldrbtvc r6, [r2], -0xf70",1
"ldmdbvc r3!, {r0, r1, r4, r5, r6, r8, sb, sl, fp, sp} ^",1
"rsbvc r6, r5, r3, ror r4",1
"rsbvc r2, r1, 0x1cc",1
"movwvs r0, 0x6d",1
"mcrhs p4, 3, r7, c9, c2, 3",1
"andeq r0, r1, r3, asr r0",1
"streq r0, [r0, -0]",1
"addeq lr, lr, r2, lsl 8",1
"teqeq sp, r0, lsl 6",1
svchs 0x2f302f,1
"streq r2, [r2], -pc, lsr 30",1
"andeq r0, r1, r0, lsl 2",1
invalid,1
"andle r0, r3, r0",1
"eorseq r0, r0, 0, 2",1
"mrseq r0, apsr",1
"strmi r0, [r2], -0x500",1
"movweq r0, 0xd3",1
"andeq r0, r1, 0xdc",1
"mrseq r0, apsr",1
"andeq r0, r0, r6, lsr r1",1
"rsceq r0, sb, r2",1
invalid,1
"strdeq r0, r1, [sp], -fp",1
"mrseq r0, apsr",1
invalid,1
"movwvc r0, 0x1000",1
svchs 0x6372,1
svchs 0x727375,1
svchs 0x62696c,1
svchs 0x636367,1
"stclhs p2, c7, [sp, -0x184]!",1
"stmdbvc fp!, {r4, r5, r6, r8, sb, sl, fp, sp, lr} ^",1
"cdpvs p12, 6, c6, c9, c13, 1",1
invalid,1
invalid,1
"strtlo r6, [pc], -0x962",1
"eorlo r3, lr, 0xb80000",1
invalid,1
"strbvs r7, [r4, -0x56c]!",1
"cmnvc r5, 0, 30",1
"mcrvs p15, 3, r2, c9, c2, 3",1
"ldrbtvs r6, [r5], -0xc63",1
"stmdbvs r2!, {r0, r2, r5, r6, r8, sb, sl, fp, sp} ^",1
svchs 0x7374,1
svchs 0x727375,1
"stclvs p14, c6, [r3], -0x1a4",1
"rsbeq r6, r5, r5, ror r4",1
"stmdbvs ip!, {r1, r2, r3, r5, r8, sb, sl, fp, sp} ^",1
"movwvc r0, 0x62",1
"ldrbvs r7, [r4, -0x379]!",1
"rsbeq r2, r8, sp, ror 28",1
invalid,1
invalid,1
invalid,1
"andeq r0, r0, r0, lsl 2",1
"strbtvs r7, [r4], -0x473",1
"stmdavs lr!, {r0, r2, r5, r6, sb, sl, sp, lr}",1
"andeq r0, r0, r0, lsl 4",1
"ldrbvs r7, [r0, -0x974]!",1
"rsbeq r2, r8, r3, ror lr",1
invalid,1
svcvs 0x696269,1
"streq r6, [r0], -0x82e",1
"ldrbtvc r0, [r3], -0",1
"cdphs p9, 6, c6, c15, c4, 3",1
"andeq r0, r4, r8, rrx",1
"strbtvc r6, [r5], -0x700",1
"cdphs p0, 7, c7, c4, c15, 3",1
"andeq r0, r4, r8, rrx",1
"rsbvc r7, r5, 0, 12",1
"mcrvs p9, 3, r6, c15, c3, 3",1
invalid,1
invalid,1
invalid,1
"stmdavs lr!, {r0, r3, r5, r6, sl, fp, sp, lr}",1
"andeq r0, r0, r0, lsl 10",1
invalid,1
"strbvs r6, [sp, -0x16e]!",1
"streq r6, [r0, -0x82e]",1
"andeq r0, r0, r0",1
svchi 0xdc0205,1
invalid,1
"stmdble r7!, {r2, r8} ^",1
"streq r0, [r2], -0x83",1
"strbteq r0, [r6], -r1, lsl 12",1
"ldmdaeq ip, {r2, r3, r4, r6, r7, fp} ^",1
blmi 0x90e784,1
"andeq r5, r4, 8, 18",1
"rsbshi sp, fp, 0x30000000",1
"vabd.u8 d22, d29, d3",1
"ldrshtlo pc, [r3], 0x36",1
invalid,1
"stmdaeq ip, {r0, r1, r2, r5, r6, sl, fp, lr} ^",1
"ldcmi p8, c0, [sp], -0x2b8",1
"cdpmi p8, 0xe, c0, c5, c0, 5",1
"cdpmi p8, 4, c6, c11, c11, 2",1
"ldrsbeq r0, [ip], -r7",1
"eoreq r0, sl, r1, lsl 2",1
"andeq r0, r2, r0",1
"andeq r0, r0, r4, lsr 32",1
"cdpeq p1, 0xf, c0, c11, c2, 0",1
"mrseq r0, apsr",1
"andeq r0, r0, r1, lsl 2",1
"andeq r0, r0, r0, lsl 2",1
"cmnvs r2, 0x4000000",1
"ldrbvs r0, [r6, -0]!",1
svcvs 0x697372,1
"rsbeq r2, r3, lr, ror 28",1
"andeq r0, r0, r1",1
"andeq r0, r0, r2, ror 1",1
"adcseq r0, r1, r2",1
invalid,1
"strdeq r0, r1, [sp], -fp",1
"mrseq r0, apsr",1
invalid,1
invalid,1
svchs 0x6269,1
svchs 0x727375,1
svchs 0x62696c,1
svchs 0x636367,1
"stclhs p2, c7, [sp, -0x184]!",1
"stmdbvc fp!, {r4, r5, r6, r8, sb, sl, fp, sp, lr} ^",1
"cdpvs p12, 6, c6, c9, c13, 1",1
invalid,1
invalid,1
"strtlo r6, [pc], -0x962",1
"eorlo r3, lr, 0xb80000",1
invalid,1
"strbvs r7, [r4, -0x56c]!",1
"cmnvc r5, 0, 30",1
"mcrvs p15, 3, r2, c9, c2, 3",1
"ldrbtvs r6, [r5], -0xc63",1
"stmdbvs r2!, {r0, r2, r5, r6, r8, sb, sl, fp, sp} ^",1
svchs 0x7374,1
svchs 0x727375,1
"stclvs p14, c6, [r3], -0x1a4",1
"rsbeq r6, r5, r5, ror r4",1
svcvs 0x6c6300,1
"strbvc r6, [0x0000c179]!",1
"rsbeq r2, r3, r4, ror lr",1
"movwvc r0, 1",1
"strbvs r6, [r4, -0x474]!",1
"rsbeq r2, r8, r6, ror 28",1
"strvc r0, [r0], -2",1
invalid,1
"movweq r6, 0x82e",1
invalid,1
"cdphs p9, 6, c6, c15, c2, 3",1
"andeq r0, r4, r8, rrx",1
"ldrbtvs r7, [r4], -0x300",1
"stmdavs lr!, {r0, r3, r5, r6, r8, sb, sl, fp, sp, lr}",1
"andeq r0, r0, r0, lsl 8",1
"strbtvc r7, [sb], -0x865",1
"stclvs p1, c6, [sb], -0x198",1
invalid,1
"andeq r0, r0, r0",1
"movtls r0, 0xc205",1
invalid,1
invalid,1
"ldrvs r8, [pc, r3, lsr 4]   ; [0xc740:4]=0x40200d7",1
"strvs r1, [r2, r3, lsl 22]",1
"streq r0, [r2], -0xd7",1
"ldrteq r0, [sl], r1, lsl 12",1
"stmeq r3, {r5, r7, r8, sb, sl, sp, lr}",1
"strle pc, [r5, fp, asr 9]",1
"andseq r0, r4, r3, lsl 5",1
"adceq r0, sp, r1, lsl 2",1
"andeq r0, r2, r0",1
"andeq r0, r0, r8, rrx",1
"cdpeq p1, 0xf, c0, c11, c2, 0",1
"mrseq r0, apsr",1
"andeq r0, r0, r1, lsl 2",1
"andeq r0, r0, r0, lsl 2",1
"rsbvs r6, sb, 0x100",1
"cmnvc r5, 0, 30",1
"stmdbvs ip!, {r1, r4, r5, r6, r8, sb, sl, fp, sp} ^",1
invalid,1
"rsbvc r2, r1, 0x18c",1
svcvs 0x702d6d,1
"stcvs p9, c7, [sp], -0x1ac",1
"ldmdavc r5!, {r0, r3, r5, r6, sb, sl, fp, sp, lr} ^",1
"strbvc r6, [lr, -0x72d]!",1
"stmdbvs r2!, {r0, r2, r5, r6, r8, sp, lr} ^",1
"strlo r3, [lr, -pc, lsr 8]!",1
"stmdbvs pc!, {r1, r2, r3, r5, sb, ip, sp}",1
"strbvc r6, [ip, -0x36e]!",1
"andeq r6, r0, r4, ror 10",1
"ldrbvs r6, [r3, -0x162]!",1
"strbvs r6, [sp, -0x16e]!",1
"rsbvc r6, r7, sp, lsr 24",1
"rsbeq r2, r3, ip, ror 28",1
"movwvc r0, 1",1
"strbvs r6, [r4, -0x474]!",1
"rsbeq r2, r8, r6, ror 28",1
"andeq r0, r0, r2",1
"stmdale r2, {r8, sl}",1
"movweq r0, 0x94",1
"stcmi p1, c0, [r3], {0x1e}",1
"andeq r2, r0, 76, 30",1
"strbhi r0, [r5, -0x104]!",1
"stmdavs r7!, {r3, r5, r6, r8, sb, pc} ^",1
bmi 0x1e4d514,1
"mrseq r0, r12_usr",1
"movweq r6, 0x6606",1
bhi 0xbed020,1
"andeq r4, r0, 132, 24",1
"strle r0, [r6], -r4, lsl 2",1
"andeq r0, r4, 0, 4",1
bleq 0xce19c,1
invalid,1
blhs 0x4cc0c,1
"andeq r0, r0, 0",1
"andeq r2, r0, r0, lsl 10",1
blx 0x4d01a,1
invalid,1
"andeq r0, r1, r1, lsl 2",1
"andeq r0, r1, r0",1
"stmdbvs ip!, {r8} ^",1
"strvs r0, [r0, -0x62]",1
"uhsub16vs r6, r4, r8",1
"cdphs p9, 6, c6, c12, c1, 3",1
"andeq r0, r1, r3, rrx",1
"rscseq r0, r1, r0",1
"andeq r0, r2, r0",1
"andeq r0, r0, sp, asr 1",1
"cdpeq p1, 0xf, c0, c11, c2, 0",1
"mrseq r0, apsr",1
"andeq r0, r0, r1, lsl 2",1
"andeq r0, r0, r0, lsl 2",1
"rsbvs r6, sb, 0x100",1
"cmnvc r5, 0, 30",1
"stmdbvs ip!, {r1, r4, r5, r6, r8, sb, sl, fp, sp} ^",1
invalid,1
"rsbvc r2, r1, 0x18c",1
svcvs 0x702d6d,1
"stcvs p9, c7, [sp], -0x1ac",1
"ldmdavc r5!, {r0, r3, r5, r6, sb, sl, fp, sp, lr} ^",1
"strbvc r6, [lr, -0x72d]!",1
"stmdbvs r2!, {r0, r2, r5, r6, r8, sp, lr} ^",1
"strlo r3, [lr, -pc, lsr 8]!",1
"stmdbvs pc!, {r1, r2, r3, r5, sb, ip, sp}",1
"strbvc r6, [ip, -0x36e]!",1
svchs 0x6564,1
svchs 0x727375,1
"stclvs p14, c6, [r3], -0x1a4",1
svchs 0x656475,1
"cmnvc r4, 0x188000",1
"cmnvc r5, 0, 30",1
"mcrvs p15, 3, r2, c9, c2, 3",1
"ldrbtvs r6, [r5], -0xc63",1
invalid,1
"stclhs p14, c6, [r7, -0x1bc]!",1
"ldmdbvs r4!, {r0, r1, r2, r3, r5, r6, ip, sp, lr} ^",1
"cdphs p14, 7, c6, c3, c15, 3",1
"andeq r0, r1, r3, rrx",1
"ldrbtvs r7, [r4], -0x300",1
"cdphs p2, 6, c7, c7, c1, 3",1
"andeq r0, r2, r8, rrx",1
"ldrbtvs r7, [r4], -0x300",1
"cdphs p5, 6, c6, c6, c4, 3",1
"andeq r0, r2, r8, rrx",1
"rsbsvc r7, sb, r0, lsl 8",1
"stmdavs lr!, {r0, r2, r5, r6, r8, sb, ip, sp, lr}",1
"andeq r0, r0, r0, lsl 6",1
"ldmdbvs r5!, {r2, r3, r4, r5, sb, sp, lr} ^",1
"pushvs {r2, r3, r5, r6, sl, ip, sp, lr}",1
"andeq r3, r0, lr, ror 28",1
invalid,1
"cdphs p9, 6, c6, c15, c2, 3",1
"andeq r0, r4, r8, rrx",1
"strbtvc r6, [r5], -0x700",1
"cdphs p0, 7, c7, c4, c15, 3",1
"andeq r0, r4, r8, rrx",1
"ldrbtvs r7, [r4], -0x300",1
"stmdavs lr!, {r0, r3, r5, r6, r8, sb, sl, fp, sp, lr}",1
"andeq r0, r0, r0, lsl 8",1
"andeq r0, r5, 0",1
"strdeq sb, sl, [r0], -r8",1
ble 0x59128,1
"stmdaeq r7!, {r0, r3, r5, r6, fp, sp, lr} ^",1
blmi 0x1afbe8c,1
"movtlo r2, 0xf108",1
"cdpeq p7, 0, c6, c2, c10, 3",1
invalid,1
"andeq r0, r0, 0",1
"andeq sl, r0, r0, lsl 28",1
blx 0x4d13e,1
invalid,1
"andeq r0, r1, r1, lsl 2",1
"andeq r0, r1, r0",1
"stmdbvs ip!, {r8} ^",1
"strvc r0, [0x0000c8ee]!",1
"stcvs p2, c7, [pc], -0x1cc",1
"strvs r6, [pc, -sb, ror 4]!",1
invalid,1
"eorvc r6, sp, r2, ror sp",1
invalid,1
"strbvc r6, [lr, -0x96c]!",1
"mcrvs p13, 3, r2, c7, c8, 3",1
"rsbvs r6, r1, 0x1d400000",1
"cdphs p15, 3, c2, c4, c9, 3",1
svchs 0x322e37,1
"stclvs p14, c6, [r3], -0x1a4",1
"rsbeq r6, r5, r5, ror r4",1
"rsbsvc r7, r3, 0xbc00000",1
invalid,1
"strbvs r7, [r4, -0x56c]!",1
"strbtvc r6, [sb], -0x22f",1
"strvc r0, [0x0000c921]!",1
"stmdbvs pc!, {r0, r1, r4, r5, r6, sb, ip, sp, lr}",1
"strbvc r6, [ip, -0x36e]!",1
"andeq r6, r0, r4, ror 10",1
invalid,1
"strbvs r6, [sp, -0x16e]!",1
invalid,1
"ldrbtvc r0, [r3], -0",1
"strbtvs r6, [r5], -r4, ror 8",1
"andeq r6, r0, 0x2e0000",1
invalid,1
"mrchs p5, 3, r6, c3, c0, 3",1
"andeq r0, r3, r8, rrx",1
"rsbvs r6, sb, 0, 24",1
"stmdavs lr!, {r0, r3, r5, r6, r8, sb, sl, fp, sp, lr}",1
"andeq r0, r0, r0, lsl 8",1
"cdpvs p2, 7, c7, c2, c5, 3",1
"rsbeq r2, r8, pc, ror 28",1
"movwvc r0, 4",1
svcvs 0x696474,1
"streq r6, [r0], -0x82e",1
"andeq r0, r0, r0",1
"ldrbtls r0, [r4], r5, lsl 4",1
"strhs r0, [r3, -r0]",1
"andhi r0, fp, 0x4000000",1
"teqhi r1, 0x6900",1
"mrseq r0, r12_usr",1
"andeq r6, r0, 0x600000",1
"rsbeq r0, r6, r4, lsl 4",1
"cdphs p4, 0, c0, c3, c2, 0",1
"movweq r0, 0x4200",1
"andeq r2, r0, 6, 30",1
"cdpls p1, 0, c0, c6, c4, 0",1
blmi 0x88ea30,1
invalid,1
"rsbeq r6, r8, 0x6600",1
invalid,1
"strdeq r0, r1, [r0], -pc",1
"adcseq r0, fp, r2",1
invalid,1
"strdeq r0, r1, [sp], -fp",1
"mrseq r0, apsr",1
invalid,1
invalid,1
svchs 0x6269,1
svchs 0x727375,1
svchs 0x62696c,1
svchs 0x636367,1
"stclhs p2, c7, [sp, -0x184]!",1
"stmdbvc fp!, {r4, r5, r6, r8, sb, sl, fp, sp, lr} ^",1
"cdpvs p12, 6, c6, c9, c13, 1",1
invalid,1
invalid,1
"strtlo r6, [pc], -0x962",1
"eorlo r3, lr, 0xb80000",1
invalid,1
"strbvs r7, [r4, -0x56c]!",1
"cmnvc r5, 0, 30",1
"mcrvs p15, 3, r2, c9, c2, 3",1
"ldrbtvs r6, [r5], -0xc63",1
"stmdbvs r2!, {r0, r2, r5, r6, r8, sb, sl, fp, sp} ^",1
svchs 0x7374,1
svchs 0x727375,1
"stclvs p14, c6, [r3], -0x1a4",1
"rsbeq r6, r5, r5, ror r4",1
svcvs 0x757100,1
"rsbvc r6, r1, 116, 10",1
"rsbeq r2, r3, r7, ror 28",1
"movwvc r0, 1",1
"strbvs r6, [r4, -0x474]!",1
"rsbeq r2, r8, r6, ror 28",1
invalid,1
"ldrbvs r6, [r4, -0xf75]!",1
"cdphs p2, 6, c7, c7, c1, 3",1
"andeq r0, r1, r8, rrx",1
"rsbsvc r7, sb, r0, lsl 8",1
"stmdavs lr!, {r0, r2, r5, r6, r8, sb, ip, sp, lr}",1
"andeq r0, r0, r0, lsl 6",1
"strbvs r6, [sp, -0x974]!",1
"streq r6, [r0], -0x82e",1
"cmnvs r7, 0",1
"cdphs p1, 7, c6, c2, c8, 3",1
"andeq r0, r4, r8, rrx",1
"ldmdbvc r4!, {r8, sb, sp, lr} ^",1
"stmdavs lr!, {r4, r5, r6, r8, sl, sp, lr}",1
"andeq r0, r0, r0, lsl 8",1
"andeq r0, r5, 0",1
"andeq sb, r0, ip, lsl 16",1
invalid,1
"andeq r8, r0, 0xc000002",1
"strvs r0, [r6], -r4, lsl 2",1
"andeq r0, r4, 0, 4",1
"streq r0, [r2], -0x4a",1
"andeq r2, r0, 3, 28",1
"andge r0, r6, r4, lsl 6",1
"movweq r0, 0x4200",1
"streq r0, [r2], -0x83",1
"orrhi r2, r7, 3, 30",1
"mrseq r0, r12_usr",1
"andeq r6, r0, 0x600000",1
"subeq r0, sl, r4, lsl 4",1
"cdphs p4, 0, c0, c3, c2, 0",1
"movweq r0, 0x4200",1
svcls 0xa42f06,1
"mrseq r0, r12_usr",1
"andeq r6, r0, 0x600000",1
"subeq r0, sl, r4, lsl 4",1
"cdphs p4, 0, c0, c3, c2, 0",1
"movweq r0, 0x4200",1
"stmdbeq r3, {r1, r2, r8, sb, fp, lr}",1
"subeq sp, ip, r2, lsl 15",1
"streq r0, [r1], -r2, lsl 8",1
"streq r0, [r2], -0x66",1
"andeq r4, r0, 0x2000",1
"eoreq r0, lr, r4, lsl 6",1
"streq r0, [r3], -r2, lsl 8",1
"streq r0, [r2], -0x65",1
"andeq r8, r0, 0x3000000",1
"rsbeq r0, r7, r4, lsl 6",1
bllt 0xcdb78,1
"movweq r0, 0x4200",1
"andeq r5, r0, 8, 18",1
"strtge r0, [pc], -r4, lsl 6",1
"strbvs r6, [fp, -r0, lsr 15]",1
bllt 0xfe8d8920,1
"rsbeq r4, r7, r7, ror 22",1
"streq r0, [r1], -r2, lsl 8",1
svchs 0x670666,1
svcls 0x6b6767,1
"ldrvs r4, [r3, -r2, lsl 20]",1
invalid,1
invalid,1
blmi 0x1291bb0,1
"streq r0, [r2], -0xbb",1
"addeq r0, r2, r1, lsl 12",1
bmi 0x8dbb8,1
"movweq r0, 0x4200",1
bllt 0xbce470,1
"mrseq r0, r12_usr",1
"andeq r8, r0, 0x60000000",1
"subeq r0, sl, r4, lsl 4",1
"cdphs p4, 0, c0, c3, c2, 0",1
"andeq r3, r0, 6",1
"strvs r0, [r6], -r4, lsl 2",1
"andeq r0, r4, 0, 4",1
invalid,1
"ldmdale r8, {r1, r2, r4, fp} ^",1
blmi 0x12df90c,1
blt 0x2cdad0,1
"stclmi p3, c9, [fp, -0x20]",1
"streq r0, [r2], -0x9f",1
"addeq r0, r2, r1, lsl 12",1
"cdpls p4, 0, c0, c2, c2, 0",1
blmi 0x12e6810,1
blmi 0x12d9128,1
"sasxvs r0, r7, r4",1
"ldrvs r8, [pc, r3, lsl 9]   ; [0xcc04:4]=0x2008206",1
"mrseq r0, r12_usr",1
"andeq r8, r0, 0x60000000",1
"adcseq r0, sl, r4, lsl 4",1
"streq r0, [r2], -r2, lsl 8",1
"streq r0, [r2], -0x65",1
"strbteq r0, [r6], -r1, lsl 12",1
"stmdavs fp, {r2, r7, r8, sb, fp, lr} ^",1
svcls 0x4d4b31,1
"mrseq r0, r12_usr",1
"andeq r8, r0, 0x60000000",1
"ldreq r0, [lr], r4, lsl 4",1
invalid,1
bvs 0xc59164,1
blvs 0x19e696c,1
"andeq r6, r0, 0x62000",1
"cdpls p1, 0, c0, c6, c4, 0",1
"ldmdaeq r0, {r1, r2, r8, fp, sp} ^",1
svcls 0x4d683e,1
"strne r8, [r2, -0x602]",1
"andeq r6, r0, 104, 16",1
"andhi r0, r6, 4, 2",1
"andeq r0, r4, 0, 4",1
"streq r0, [r2], -0x9e",1
"rsbeq r0, ip, r2, lsl 12",1
"streq r0, [r1], -r2, lsl 8",1
"mcrge p6, 0, r0, c8, c14, 4",1
"mrseq r0, r12_usr",1
"andeq r8, r0, 0x60000000",1
"addseq r0, lr, r4, lsl 4",1
"streq r0, [r2], -r2, lsl 8",1
"streq r0, [r2], -0x67",1
"addeq r0, r2, r1, lsl 12",1
"cdpls p4, 0, c0, c2, c2, 0",1
"mrrchs p8, 0, r6, r2, c6",1
"ldrvs r3, [sp, r3, lsl 5]!",1
"andeq r8, r0, 0xc8000000",1
"cdpls p1, 0, c0, c6, c4, 0",1
"movwlt sp, 0x8706",1
"rsbeq fp, r7, r8, ror 22",1
"streq r0, [r1], -r2, lsl 8",1
"streq r0, [r2], -0x82",1
"andeq sb, r0, 2, 28",1
"strvs r0, [r6, -r4, lsl 4]",1
"mrseq r0, r12_usr",1
"andeq r8, r0, 0x60000000",1
"addseq r0, lr, r4, lsl 4",1
"streq r0, [r2], -r2, lsl 8",1
"streq r0, [r2], -0x67",1
"addeq r0, r2, r1, lsl 12",1
"cdpls p4, 0, c0, c2, c2, 0",1
"andeq r0, r4, 0, 4",1
"andeq r6, r0, 0x180000",1
"andhi r0, r6, 4, 2",1
"andeq r0, r4, 0, 4",1
"streq r0, [r2], -0x9e",1
invalid,1
"strvs r3, [r3], -0x130",1
bmi 0x64d9a4,1
invalid,1
"strbvs r6, [r7, -r7, ror 14]!",1
"andeq r4, r0, 0x19c0",1
"strvs r0, [r6], -r4, lsl 2",1
bvs 0x19fc518,1
"eorseq r4, r3, r8, ror 22",1
"streq r0, [r1], -r2, lsl 8",1
"streq r0, [r2], -0x66",1
"andeq pc, r0, 0x20000000",1
"ldreq r0, [lr], r4, lsl 6",1
"ldrvs r0, [r0], -lr, asr 6",1
"ldmdavs r2!, {r0, r1, r2, r5, r6, r8, sb, sl, sp, lr}",1
"streq r0, [r2], -0x68",1
"addeq r0, r2, r1, lsl 12",1
"cdpls p4, 0, c0, c2, c2, 0",1
"andeq r0, r4, 0, 4",1
"andeq r6, r0, 0x180000",1
"andhi r0, r6, 4, 2",1
"andeq r0, r4, 0, 4",1
"streq r0, [r2], -0x9e",1
"rsbeq r0, r7, r2, lsl 12",1
"streq r0, [r1], -r2, lsl 8",1
"streq r0, [r2], -0x82",1
"andeq sb, r0, 2, 28",1
"stmdavs r6, {r2, sb}",1
"stmdavs lr!, {r0, r1, sb, sl, sp}",1
"addsge r0, r5, fp, asr 16",1
blvs 0x19dfa88,1
"ldmvs ip!, {r0, r1, r2, r3, r4, r7, r8, sl, sp, lr}",1
blmi 0x1a27304,1
"streq r0, [r2], -0x2f",1
"andeq r6, r0, 0x400000",1
blt 0x18d580,1
beq 0xce93c,1
"strbvs r6, [sb, -lr, lsr 14]!",1
"tsteq sb, 0x200",1
"andeq r2, r0, 120, 28",1
"strvs r0, [r6], -r4, lsl 2",1
"andhi r0, ip, 0x18000000",1
"vstrlt d4, [r5, 0x2ec]",1
"mrseq r0, r12_usr",1
invalid,1
"streq r0, [r2], -0x86",1
"strbteq r0, [r6], -r1, lsl 12",1
"andeq r6, r0, 160, 16",1
"andhi r0, r6, 4, 2",1
"andeq r0, r4, 0, 4",1
"streq r0, [r2], -0x9e",1
"rsbeq r0, r7, r2, lsl 12",1
"streq r0, [r1], -r2, lsl 8",1
"streq r0, [r2], -0x82",1
"eoreq r0, r0, r2, lsl 16",1
"streq r0, [r2], -r2, lsl 8",1
"streq r0, [r2], -0x67",1
"addeq r0, r2, r1, lsl 12",1
"stmdaeq r2, {r1, sl}",1
"streq r0, [r2], -0x58",1
"stcllt p6, c0, [r7], -8",1
"streq r0, [r2], -0x68",1
"addeq r0, r2, r1, lsl 12",1
"cdpls p4, 0, c0, c2, c2, 0",1
"andeq r0, r4, 0, 4",1
"subge r6, ip, r6, lsl 14",1
"mrseq r0, r12_usr",1
"andeq r8, r0, 0x60000000",1
"addseq r0, lr, r4, lsl 4",1
"streq r0, [r2], -r2, lsl 8",1
"streq r0, [r2], -0x67",1
"msrlo cpsr_fxc, 0x8000000",1
"cdphs p6, 7, c9, c15, c3, 0",1
bmi 0x1feda14,1
bmi 0x3ce18,1
"andne r4, r3, 0x4e0",1
bmi 0x2cdb3c,1
"cdphs p7, 0, c8, c1, c3, 0",1
"mrseq r0, r12_usr",1
svcls 0x69e06,1
"ldclmi p8, c0, [r6, -0x19c]",1
"andeq r6, r0, 0xa20000",1
"andhi r0, r6, 4, 2",1
"andeq r0, r4, 0, 4",1
"mcrlt p6, 0, r0, c3, c14, 4",1
"stclt p2, c8, [r3, -0x1f8]",1
"eorseq r4, r6, r1, lsl 20",1
"streq r0, [r1], -r2, lsl 8",1
"streq r0, [r2], -0x82",1
"movweq sb, 0x6e02",1
invalid,1
"streq r0, [r1], -r2, lsl 8",1
"streq r0, [r2], -0x66",1
"rsbseq r0, r4, r2, lsl 16",1
blt 0xcde64,1
"adceq r0, fp, 0x18000000",1
"streq r0, [r2], -0x4a",1
"strbteq r0, [r6], -r1, lsl 12",1
"andeq r6, r0, 0x19c000",1
"strvs r0, [r6], -r4, lsl 2",1
"addseq sb, pc, r6, lsl 30",1
"streq r0, [r1], -r2, lsl 8",1
"streq r0, [r2], -0x82",1
"andeq fp, r0, 0x2000",1
"strvs r0, [r6, -0x204]",1
"mrseq r0, r12_usr",1
"strhi r6, [r6, -0x606]",1
invalid,1
bleq 0xdf888,1
bmi 0xa4dbc0,1
"movteq r2, 0xa303",1
invalid,1
"vmlane.f32 s8, s6, s0",1
bmi 0x24dbd0,1
"eoreq r0, lr, 3, 26",1
svceq 0x31622,1
"andeq sp, r0, 0x1980000",1
"strvs r0, [r6], -r4, lsl 2",1
"andeq r0, r4, 0, 4",1
"streq r0, [r2], -0x4a",1
"andeq r2, r0, 3, 28",1
svchs 0x60304,1
"movweq r0, 0x4200",1
"streq r0, [r2], -0x84",1
"andeq r2, r0, 3, 26",1
"eoreq r0, pc, r4, lsl 6",1
"stchs p4, c0, [r3, -8]",1
"movweq r0, 0x4200",1
"streq r0, [r2], -0x2f",1
"andeq r4, r0, 0xc00",1
"eoreq r0, ip, r4, lsl 6",1
"andlo r0, r3, r2, lsl 8",1
"movweq r0, 0x4200",1
"streq r0, [r2], -0x2c",1
"rsbseq r0, r7, r3, lsl 16",1
"movwhi r0, 0x3402",1
"movweq r0, 0x4200",1
bllt 0xfeeeefc4,1
"strble r0, [r6, -r3, lsl 22]!",1
"mrseq r0, r12_usr",1
"andeq r6, r0, 0x600000",1
"subeq r0, sl, r4, lsl 4",1
"cdphs p4, 0, c0, c3, c2, 0",1
"movweq r0, 0x4200",1
"andeq r2, r0, 6, 30",1
"addeq r0, r4, r4, lsl 6",1
"stmdaeq r3, {r1, sl}",1
"streq r0, [r2], -0x21",1
"andeq r4, r0, 0xc00",1
"subeq r0, fp, r4, lsl 6",1
invalid,1
"movweq r0, 0x4200",1
"streq r0, [r2], -0x31",1
"andeq r2, r0, 0xc00",1
invalid,1
"movweq r0, 0x4200",1
"streq r0, [r2], -0x83",1
"andeq r4, r0, 0xc00",1
"subeq r0, fp, r4, lsl 6",1
invalid,1
"movweq r0, 0x4200",1
"streq r0, [r2], -0x30",1
"andeq r2, r0, 0x300",1
"strvc r0, [r8, -r4, lsl 6]",1
"movweq r0, 0x4200",1
svchs 0x836783,1
"strvs r1, [r2, r3, lsl 4]",1
"streq r0, [r2], -0x68",1
"andeq r6, r0, 0x80000",1
"sbcseq r0, r5, r4, lsl 4",1
"streq r0, [r1], -r2, lsl 8",1
"adcge r0, r0, r6, ror 12",1
"strbthi r6, [r8], -0x783",1
invalid,1
"ldrbhi fp, [r7], 0xa0d",1
"rsblo r6, r7, fp, asr 16",1
"ldrvs r6, [ip, r5, lsr 15]!",1
"streq r0, [r2], -0x30",1
"rsbeq r0, r6, r1, lsl 12",1
bmi 0x8dfb8,1
"movweq r0, 0x4200",1
"streq r0, [r2], -0x2e",1
invalid,1
"stcge p3, c8, [r8, -0x19c]",1
"ldrthi fp, [ip], 0xb6a",1
blhs 0x12d907c,1
invalid,1
invalid,1
blmi 0xf4f100,1
blhs 0xc58104,1
"addlo r7, r3, r8, lsl 20",1
"ssathi sb, 0x1c, sl, asr 0x1f",1
"orrhi fp, r6, 0x2ec00",1
svcls 0x9f6a83,1
bllt 0xfe0fbd94,1
bllt 0xfe102d9c,1
bvs 0xfe7f4d9c,1
"stmdale sl!, {r0, r1, r3, r4, r5, r7, r8, sb, fp, ip, sp, pc} ^",1
bllt 0xfeed541c,1
bvs 0xfeefbe18,1
svcls 0x6a8383,1
invalid,1
invalid,1
bllt 0xfe1fbe8c,1
invalid,1
bllt 0x1990824,1
svcls 0x9f86bb,1
bvs 0xfe7f4dc8,1
"streq r8, [r2], -r3, lsl 7",1
"movwls r0, 0x1100",1
"andeq r0, r0, 1",1
"andeq sp, r0, r0, lsl 2",1
blx 0x4d836,1
invalid,1
"andeq r0, r1, r1, lsl 2",1
"andeq r0, r1, r0",1
"stmdbvs ip!, {r8} ^",1
"strvc r0, [0x0000cfe6]!",1
"stcvs p2, c7, [pc], -0x1cc",1
"strvs r6, [pc, -sb, ror 4]!",1
invalid,1
"eorvc r6, sp, r2, ror sp",1
invalid,1
"strbvc r6, [lr, -0x96c]!",1
"mcrvs p13, 3, r2, c7, c8, 3",1
"rsbvs r6, r1, 0x1d400000",1
"cdphs p15, 3, c2, c4, c9, 3",1
svchs 0x322e37,1
"stclvs p14, c6, [r3], -0x1a4",1
"rsbeq r6, r5, r5, ror r4",1
"rsbsvc r7, r3, 0xbc00000",1
invalid,1
"strbvs r7, [r4, -0x56c]!",1
"strbtvc r6, [sb], -0x22f",1
"strvc r0, [0x0000d019]!",1
"stmdbvs pc!, {r0, r1, r4, r5, r6, sb, ip, sp, lr}",1
"strbvc r6, [ip, -0x36e]!",1
"andeq r6, r0, r4, ror 10",1
"cmnvc r2, 0x1d800000",1
"stclhs p15, c6, [lr, -0x1a4]!",1
"cdphs p4, 6, c7, c3, c5, 3",1
"andeq r0, r1, r3, rrx",1
"ldrbtvs r7, [r4], -0x300",1
"cdphs p2, 6, c7, c7, c1, 3",1
"andeq r0, r2, r8, rrx",1
"ldrbtvs r7, [r4], -0x300",1
"cdphs p5, 6, c6, c6, c4, 3",1
"andeq r0, r2, r8, rrx",1
"rsbsvc r7, sb, r0, lsl 8",1
"stmdavs lr!, {r0, r2, r5, r6, r8, sb, ip, sp, lr}",1
"andeq r0, r0, r0, lsl 6",1
"stmdbvs r4!, {r0, r1, r4, r5, r6, sl, ip, sp, lr} ^",1
"rsbeq r2, r8, pc, ror 28",1
invalid,1
"stclvs p5, c7, [sb], -0x188",1
"mcrvs p13, 3, r2, c9, c4, 3",1
"andeq r0, r0, lr, lsr r0",1
"rsbvs r6, sb, 0, 24",1
"stmdavs lr!, {r0, r3, r5, r6, r8, sb, sl, fp, sp, lr}",1
"andeq r0, r0, r0, lsl 8",1
"cmnvc r2, 0x1d800000",1
"stclhs p15, c6, [lr, -0x1a4]!",1
"cdphs p4, 6, c7, c3, c5, 3",1
"andeq r0, r1, r8, rrx",1
"streq r0, [r0, -0]",1
"adcseq sb, r8, r2, lsl 8",1
"sbceq r0, r1, r0, lsl 6",1
"vld1.8 {d29}, [r7], r1",1
invalid,1
"ldmeq sl!, {r0, r1, r8, fp}",1
"strhhs r3, [r8, -r0]",1
"teqlo sp, r1, lsr r8",1
"stmdbmi pc!, {r0, r1, r2, r3, r4, r7, r8, fp, lr}",1
"ldmibmi pc, {r2, r7, r8, sb, ip, sp}",1
"stmdbmi pc!, {r0, r1, r2, r3, r5, r8, fp, lr}",1
"ldmibmi pc, {r5, r7, r8, sb, ip, sp}",1
"stmdbmi pc!, {r0, r1, r2, r3, r5, r8, fp, lr}",1
invalid,1
"stmdbmi pc!, {r0, r1, r2, r3, r4, r7, r8, fp, lr}",1
"stmdbmi pc!, {r0, r1, r2, r3, r5, r8, fp, lr}",1
"bicslo r4, sb, 48, 16",1
"stmdbmi pc!, {r0, r1, r2, r3, r4, r7, r8, fp, lr}",1
"stmdbmi pc!, {r0, r1, r2, r3, r5, r8, fp, lr}",1
"ldmdami r0!, {r4, r5, fp, lr}",1
"stmmi r0!, {r0, r2, r4, r5, r6, r7, r8, sb, ip, sp}",1
"ldmdami r0!, {r4, r5, fp, lr}",1
invalid,1
invalid,1
"eorsge r2, r3, r8, lsl 8",1
"sublo r3, r8, r8, asr 32",1
invalid,1
invalid,1
"stmdaeq r7, {r0, r1, r2, r6, r8, ip, sp} ^",1
"stmmi r0!, {r6, r8, sl, ip, sp}",1
"ldmdami r0!, {r4, r5, fp, lr}",1
invalid,1
invalid,1
"andmi r4, r8, r1, lsr r7",1
"andeq r0, sl, 48, 6",1
"sbcseq r0, sb, r4, lsr 2",1
"streq r0, [r2], -r2, lsl 8",1
"streq r0, [r2], -0x66",1
"stmdale r6, {r0, sb, sl, sp, lr}",1
beq 0xd55c0,1
"rsbeq sp, sb, sl, asr 20",1
"movwvs r0, 0x1402",1
"strtne r0, [r8], -r8, ror 4",1
"strne pc, [r3], -0x42d",1
"stmdale fp, {r1, r3, r6, r8, fp, ip, lr, pc} ^",1
blle 0xff020fd0,1
"ldrsheq r0, [r0], -r4",1
"eorseq r0, r2, r1, lsl 2",1
"andeq r0, r2, r0",1
"andeq r0, r0, ip, lsr 32",1
"cdpeq p1, 0xf, c0, c11, c2, 0",1
"mrseq r0, apsr",1
"andeq r0, r0, r1, lsl 2",1
"andeq r0, r0, r0, lsl 2",1
"rsbvs r6, sb, 0x100",1
"ldrbvs r0, [r6, -0]!",1
svcvs 0x697372,1
"strbtvc r2, [r5], -0xd6e",1
invalid,1
"rsbeq r2, r3, r6, ror 28",1
"andeq r0, r0, r1",1
"andeq r0, r0, r1, ror 1",1
"rsbeq r0, lr, r2",1
invalid,1
"strdeq r0, r1, [sp], -fp",1
"mrseq r0, apsr",1
invalid,1
invalid,1
svchs 0x6269,1
svchs 0x727375,1
svchs 0x62696c,1
svchs 0x636367,1
"stclhs p2, c7, [sp, -0x184]!",1
"stmdbvc fp!, {r4, r5, r6, r8, sb, sl, fp, sp, lr} ^",1
"cdpvs p12, 6, c6, c9, c13, 1",1
invalid,1
invalid,1
"strtlo r6, [pc], -0x962",1
"eorlo r3, lr, 0xb80000",1
invalid,1
"strbvs r7, [r4, -0x56c]!",1
"cmnvs r8, r0",1
invalid,1
invalid,1
"ldclvs p0, c0, [r8, -0]!",1
svcvs 0x6c6c61,1
"rsbeq r2, r3, r3, ror 28",1
"movwvc r0, 1",1
"strbvs r6, [r4, -0x474]!",1
"rsbeq r2, r8, r6, ror 28",1
"andeq r0, r0, r2",1
"strls r0, [r2], -0x500",1
"movweq r0, 0xbf",1
svcls 0x100e7,1
invalid,1
"vcvt.f32.s32 d6, d9",1
bllo 0x102f40,1
"stmdavs r8!, {r1, r2, r5, r6, r8, sb, fp, ip, sp, pc} ^",1
"stmdbeq r3, {r1, r2, r3, r5, r6, r8, sb, sl, fp, ip, pc}",1
svchs 0xf32008,1
"bicseq r6, r7, 0x2f40000",1
"strvs r8, [r3, sb, lsl 4]",1
blgt 0xcdaac,1
"orrhi r6, r3, 0x7e00000",1
"mrseq r0, r12_usr",1
"strvs r6, [r6, -r6, lsl 12]",1
svcls 0x6d2f2f,1
"mrseq r0, r12_usr",1
bvs 0x1a6acc,1
"addeq r4, r3, fp, asr 26",1
"streq r0, [r1], -r2, lsl 8",1
svchs 0x670666,1
"strvs r0, [sl], -pc, lsr 6",1
invalid,1
invalid,1
svcls 0x6e2f2f,1
invalid,1
invalid,1
"andeq r4, r0, r1, lsl 26",1
"strlo r0, [r0, -0x200]",1
"andeq r0, r0, 0",1
"vstreq d15, [lr, -4]",1
"mrseq r0, apsr",1
"andeq r0, r0, r1",1
invalid,1
"rsbeq r6, r2, ip, ror 18",1
"stclvs p8, c7, [r1], -0",1
"stclhs p15, c6, [r3, -0x1b0]!",1
"cdphs p9, 6, c6, c5, c4, 3",1
"andeq r0, r1, r3, rrx",1
"ldmdbvs r8!, {r8, sl, sp, lr} ^",1
"stmdbvs r1!, {r2, r4, r5, r6, sb, sl, sp, lr} ^",1
"rsbeq r2, r8, ip, ror 28",1
"andeq r0, r0, r1",1
invalid,1
"movweq r0, 0xc3",1
"stmdaeq fp, {r5, r8} ^",1
"andeq r0, r8, r6, lsr 4",1
"subeq r0, fp, r1, lsl 2",1
"andeq r0, r2, r0",1
"andeq r0, r0, sb, lsr 32",1
"cdpeq p1, 0xf, c0, c11, c2, 0",1
"mrseq r0, apsr",1
"andeq r0, r0, r1, lsl 2",1
"andeq r0, r0, r0, lsl 2",1
"rsbvs r6, sb, 0x100",1
"stclhs p0, c0, [r3, -0]!",1
"cmnvs r2, 0x73000000",1
invalid,1
invalid,1
"andeq r0, r0, r0, lsl 2",1
"andeq r0, r5, 0",1
"muleq r0, r8, r3",1
svcls 0x11b03,1
"cdpmi p1, 4, c3, c11, c15, 1",1
svchs 0x69a09f,1
"ldcvs p9, c9, [r6], -0xc0",1
invalid,1
"andeq ip, r0, r1, lsl 30",1
"strge r0, [r0, -r0, lsl 4]",1
"andeq r0, r0, 0",1
"vstreq d15, [lr, -4]",1
"mrseq r0, apsr",1
"andeq r0, r0, r1",1
invalid,1
"rsbeq r6, r2, ip, ror 18",1
"rsbsvc r7, r3, 0xbc00000",1
"rsbvs r6, sb, 0x2f00",1
invalid,1
"ldclvs p1, c6, [r2, -0xbc]!",1
blvs 0x1be9460,1
"stmdbvs ip!, {r0, r3, r4, r5, r6, r8, sl, fp, sp} ^",1
"ldclhs p5, c7, [r8, -0x1b8]!",1
"ldrbvs r6, [r5, -0xe67]!",1
svchs 0x696261,1
"mrchs p14, 1, r2, c7, c4, 1",1
"mcrvs p15, 3, r2, c9, c2, 1",1
"ldrbtvs r6, [r5], -0xc63",1
"strvc r0, [0x0000d367]!",1
"stmdbvs pc!, {r0, r1, r4, r5, r6, sb, ip, sp, lr}",1
"strbvc r6, [ip, -0x36e]!",1
"eorvs r6, pc, 100, 10",1
"rsbseq r7, r3, sb, ror 8",1
"rsbsvc r7, r3, 0xbc00000",1
invalid,1
"strbvs r7, [r4, -0x56c]!",1
"stclvs p0, c0, [r3], -0",1
"stclhs p3, c7, [r5, -0x1bc]!",1
"ldrbvs r7, [r2, -0x473]!",1
invalid,1
"andeq r0, r0, r0, lsl 2",1
"strbtvs r7, [r4], -0x473",1
"stmdavs lr!, {r0, r2, r5, r6, sb, sl, sp, lr}",1
"andeq r0, r0, r0, lsl 4",1
"ldrbvs r7, [r0, -0x974]!",1
"rsbeq r2, r8, r3, ror lr",1
"movwvc r0, 3",1
svcvs 0x696474,1
"streq r6, [r0], -0x82e",1
invalid,1
"cdphs p9, 6, c6, c15, c2, 3",1
"andeq r0, r4, r8, rrx",1
"streq r0, [r0, -0]",1
"sbceq r3, r4, r2",1
"teqeq r8, r0, lsl 6",1
"bicseq sp, r7, 0x20c0000",1
"andeq sp, r0, 0xa00000",1
"strvs r0, [r6], -r4, lsl 2",1
svcls 0x5a0806,1
"eoreq r4, pc, 0x20c0",1
"mrseq r0, apsr",1
"andeq r0, r0, r7, ror r1",1
"adcseq r0, r5, r2",1
invalid,1
"strdeq r0, r1, [sp], -fp",1
"mrseq r0, apsr",1
invalid,1
invalid,1
svchs 0x6269,1
svchs 0x727375,1
"stclvs p14, c6, [r3], -0x1a4",1
svchs 0x656475,1
"cmnvc r4, 0x188000",1
"cmnvc r5, 0, 30",1
"stmdbvs ip!, {r1, r4, r5, r6, r8, sb, sl, fp, sp} ^",1
invalid,1
"rsbvc r2, r1, 0x18c",1
svcvs 0x702d6d,1
"stcvs p9, c7, [sp], -0x1ac",1
"ldmdavc r5!, {r0, r3, r5, r6, sb, sl, fp, sp, lr} ^",1
"strbvc r6, [lr, -0x72d]!",1
"stmdbvs r2!, {r0, r2, r5, r6, r8, sp, lr} ^",1
"strlo r3, [lr, -pc, lsr 8]!",1
"stmdbvs pc!, {r1, r2, r3, r5, sb, ip, sp}",1
"strbvc r6, [ip, -0x36e]!",1
svchs 0x6564,1
svchs 0x727375,1
"stclvs p14, c6, [r3], -0x1a4",1
"rsbeq r6, r5, r5, ror r4",1
invalid,1
"stmdavs r3!, {r0, r5, r6, sl, fp, sp, lr} ^",1
"ldrbvs r7, [r3, -0x261]!",1
"rsbeq r2, r3, r4, ror lr",1
"strvc r0, [r0], -1",1
invalid,1
"andeq r6, r0, 0x2e0000",1
"ldrbtvc r0, [r3], -0",1
"strbtvs r6, [r5], -r4, ror 8",1
"movweq r6, 0x82e",1
"ldrbtvc r0, [r3], -0",1
"cdphs p9, 6, c6, c15, c4, 3",1
"andeq r0, r4, r8, rrx",1
"rsbvs r6, sb, 0, 24",1
"stmdavs lr!, {r0, r3, r5, r6, r8, sb, sl, fp, sp, lr}",1
"andeq r0, r0, r0, lsl 8",1
"strbvs r6, [lr, -ip, ror 2]!",1
svcvs 0x666e69,1
"streq r6, [r0], -0x82e",1
"andeq r0, r0, r0",1
"strgt r0, [r8, -0x205]",1
blx 0xcd516,1
"strbvs r0, [sb, -r0, lsl 2]!",1
"rsbeq r4, r7, sl, ror 30",1
"streq r0, [r1], -r2, lsl 8",1
"cdpmi p6, 8, c0, c3, c6, 3",1
"andeq r6, r0, 0x19c0000",1
"strvs r0, [r6], -r4, lsl 2",1
"movweq r0, 0x4200",1
"streq r0, [r2], -0xd6",1
"andeq r4, r0, 0x2000",1
"eoreq r0, lr, r4, lsl 8",1
"streq r0, [r4], -r2, lsl 8",1
"streq r0, [r2], -0x2f",1
"ldmdavs sp!, {r2, fp}",1
"ldmeq pc, {r0, r1, r7, r8, sb, sl, sp, lr}",1
invalid,1
blvs 0x1a2e6ec,1
blvs 0x12e7b64,1
bmi 0x28e288,1
"andeq r6, r0, 0x670000",1
"strvs r0, [r6], -r4, lsl 2",1
"andeq fp, r0, 0x600",1
"rsbeq r0, sl, r4, lsl 2",1
"strvs r0, [r1, -r2, lsl 8]",1
invalid,1
blmi 0xfe0ee548,1
"ldrble sb, [sl, r8, ror 30]",1
"stmdbvs fp, {r2, r3, r4, r5, r7, r8, fp, sp, lr} ^",1
"stclo p5, c7, [r8, -0x20]",1
bpl 0xe0244,1
"cdphs p3, 2, c0, c4, c2, 4",1
svcmi 0x9f6931,1
bmi 0x44da0,1
"stceq p15, c2, [r3, -0x1a4]",1
"stmdbeq r3, {r3, sl, fp, ip, sp}",1
"orrseq r0, sp, r6, ror 6",1
"stmdbvs sp, {r1, r2, r5, r6, fp, sp, lr} ^",1
"streq r0, [r2], -0xbb",1
"streq r0, [r2], r1, lsl 12",1
"eoreq sp, sb, r0, lsr 15",1
"stmdaeq r1, {r1, sl}",1
"streq r0, [r2], -0xab",1
"stceq p9, c4, [r3, -4]",1
"stmdbeq r3, {r1, r3, r6, r8, sb, pc}",1
beq 0x992ec,1
svcle 0x10100,1
"andeq r0, r0, 0",1
"andeq fp, r0, r0, lsl 4",1
blx 0x4ddd6,1
invalid,1
"andeq r0, r1, r1, lsl 2",1
"andeq r0, r1, r0",1
"stmdbvs ip!, {r8} ^",1
"strvc r0, [0x0000d586]!",1
"stcvs p2, c7, [pc], -0x1cc",1
"strvs r6, [pc, -sb, ror 4]!",1
invalid,1
"eorvc r6, sp, r2, ror sp",1
invalid,1
"strbvc r6, [lr, -0x96c]!",1
"mcrvs p13, 3, r2, c7, c8, 3",1
"rsbvs r6, r1, 0x1d400000",1
"cdphs p15, 3, c2, c4, c9, 3",1
svchs 0x322e37,1
"stclvs p14, c6, [r3], -0x1a4",1
"rsbeq r6, r5, r5, ror r4",1
"rsbsvc r7, r3, 0xbc00000",1
invalid,1
"strbvs r7, [r4, -0x56c]!",1
"strbtvc r6, [sb], -0x22f",1
"strvc r0, [0x0000d5b9]!",1
"stmdbvs pc!, {r0, r1, r4, r5, r6, sb, ip, sp, lr}",1
"strbvc r6, [ip, -0x36e]!",1
"cdphs p5, 0, c6, c0, c4, 3",1
"rsbvs r6, sb, 0x2f00",1
invalid,1
"ldrbvs r6, [r3, -0xf6c]!",1
invalid,1
"ldrbtvc r0, [r3], -0",1
"strbtvs r6, [r5], -r4, ror 8",1
"andeq r6, r0, 0x2e0000",1
invalid,1
"mrchs p5, 3, r6, c3, c0, 3",1
"andeq r0, r3, r8, rrx",1
"ldrbtvs r7, [r4], -0x300",1
"stmdavs lr!, {r0, r3, r5, r6, r8, sb, sl, fp, sp, lr}",1
"andeq r0, r0, r0, lsl 8",1
"stmdbvs r2!, {r2, r3, r5, r6, r8, fp, sp, lr} ^",1
"rsbeq r2, r8, pc, ror 28",1
"movwvc r0, 4",1
svcvs 0x696474,1
"streq r6, [r0, -0x82e]",1
"andeq r0, r0, r0",1
bgt 0x50de9c,1
invalid,1
"stclmi p3, c8, [ip, -4]",1
"addeq r6, r7, r7, ror 14",1
"streq r0, [r1], -r2, lsl 8",1
"str r0, [r8, -0x69e]",1
"andshi r0, sl, 0x7c000002",1
"stcmi p8, c6, [r3, 0x1ac]",1
"andeq r0, r6, pc, lsr 4",1
"sbcseq r0, pc, r1, lsl 2",1
"andeq r0, r2, r0",1
"strheq r0, [r0], -r2",1
"cdpeq p1, 0xf, c0, c11, c2, 0",1
"mrseq r0, apsr",1
"andeq r0, r0, r1, lsl 2",1
"andeq r0, r0, r0, lsl 2",1
"rsbvs r6, sb, 0x100",1
"cmnvc r5, 0, 30",1
"stmdbvs ip!, {r1, r4, r5, r6, r8, sb, sl, fp, sp} ^",1
invalid,1
"rsbvc r2, r1, 0x18c",1
svcvs 0x702d6d,1
"stcvs p9, c7, [sp], -0x1ac",1
"ldmdavc r5!, {r0, r3, r5, r6, sb, sl, fp, sp, lr} ^",1
"strbvc r6, [lr, -0x72d]!",1
"stmdbvs r2!, {r0, r2, r5, r6, r8, sp, lr} ^",1
"strlo r3, [lr, -pc, lsr 8]!",1
"stmdbvs pc!, {r1, r2, r3, r5, sb, ip, sp}",1
"strbvc r6, [ip, -0x36e]!",1
svchs 0x6564,1
svchs 0x727375,1
"stclvs p14, c6, [r3], -0x1a4",1
svchs 0x656475,1
"cmnvc r4, 0x188000",1
"cmnvc r5, 0, 30",1
"mcrvs p15, 3, r2, c9, c2, 3",1
"ldrbtvs r6, [r5], -0xc63",1
svchs 0x2e0065,1
"rsbeq r6, r2, ip, ror 18",1
"stclvs p6, c6, [r6], -0",1
"mcrhs p3, 3, r7, c8, c5, 3",1
"andeq r0, r1, r3, rrx",1
"ldrbtvs r7, [r4], -0x300",1
"cdphs p5, 6, c6, c6, c4, 3",1
"andeq r0, r2, r8, rrx",1
"rsbsvc r7, sb, r0, lsl 8",1
"stmdavs lr!, {r0, r2, r5, r6, r8, sb, ip, sp, lr}",1
"andeq r0, r0, r0, lsl 6",1
"stmdbvs r4!, {r0, r1, r4, r5, r6, sl, ip, sp, lr} ^",1
"rsbeq r2, r8, pc, ror 28",1
invalid,1
svcvs 0x696269,1
"streq r6, [r0], -0x82e",1
"ldrbtvc r0, [r3], -0",1
"cdphs p9, 6, c6, c15, c4, 3",1
"andeq r0, r5, r8, rrx",1
"streq r0, [r0, -0]",1
"sbceq r1, fp, r2, lsl 8",1
invalid,1
invalid,1
"movteq r0, 0xa0d0",1
"andeq r8, r0, 20, 4",1
"strvs r0, [r6], -r4, lsl 2",1
"stcmi p15, c9, [r6], {6}",1
"strvs ip, [r0], -r3, lsl 18",1
invalid,1
"andeq sp, r0, r1, lsl 18",1
"andlt r0, r0, 0, 4",1
"andeq r0, r0, 0",1
"vstreq d15, [lr, -4]",1
"mrseq r0, apsr",1
"andeq r0, r0, r1",1
invalid,1
"rsbeq r6, r2, ip, ror 18",1
"rsbsvc r7, r3, 0xbc00000",1
"rsbvs r6, sb, 0x2f00",1
invalid,1
"ldclvs p1, c6, [r2, -0xbc]!",1
blvs 0x1be9874,1
"stmdbvs ip!, {r0, r3, r4, r5, r6, r8, sl, fp, sp} ^",1
"ldclhs p5, c7, [r8, -0x1b8]!",1
"ldrbvs r6, [r5, -0xe67]!",1
svchs 0x696261,1
"mrchs p14, 1, r2, c7, c4, 1",1
"mcrvs p15, 3, r2, c9, c2, 1",1
"ldrbtvs r6, [r5], -0xc63",1
"strvc r0, [0x0000d77b]!",1
"stmdbvs pc!, {r0, r1, r4, r5, r6, sb, ip, sp, lr}",1
"strbvc r6, [ip, -0x36e]!",1
"eorvs r6, pc, 100, 10",1
"rsbseq r7, r3, sb, ror 8",1
"rsbsvc r7, r3, 0xbc00000",1
invalid,1
"strbvs r7, [r4, -0x56c]!",1
"stcvs p14, c2, [pc], -0",1
"andeq r6, r0, sb, ror 4",1
"strbvs r7, [r5, -0x366]!",1
invalid,1
"andeq r0, r0, r0, lsl 2",1
"strbtvs r7, [r4], -0x473",1
"stmdavs lr!, {r0, r2, r5, r6, sb, sl, sp, lr}",1
"andeq r0, r0, r0, lsl 4",1
"ldrbvs r7, [r0, -0x974]!",1
"rsbeq r2, r8, r3, ror lr",1
"movwvc r0, 3",1
svcvs 0x696474,1
"streq r6, [r0], -0x82e",1
invalid,1
"cdphs p9, 6, c6, c15, c2, 3",1
"andeq r0, r4, r8, rrx",1
"ldrbtvs r7, [r4], -0x300",1
"stmdavs lr!, {r0, r3, r5, r6, r8, sb, sl, fp, sp, lr}",1
"andeq r0, r0, r0, lsl 10",1
"andeq r0, r5, 0",1
"strheq ip, [r0], -r8",1
"movweq r2, 0x1903",1
bllt 0xfeefc07c,1
"stmeq r2, {r0, r1, sb, sl, fp, ip, sp}",1
svcls 0x4edb59,1
"ldcmi p14, c1, [lr], {3}",1
"ldrdeq r0, r1, [r6], -r7",1
invalid,1
"andeq r0, r2, r0",1
"andeq r0, r0, r4, lsr 32",1
"cdpeq p1, 0xf, c0, c11, c2, 0",1
"mrseq r0, apsr",1
"andeq r0, r0, r1, lsl 2",1
"andeq r0, r0, r0, lsl 2",1
"rsbvs r6, sb, 0x100",1
"stclhs p0, c0, [r3, -0]!",1
"rsbsvc r7, sb, r3, ror 8",1
"rsbeq r2, r3, r5, ror 28",1
"andeq r0, r0, r1",1
"stmdalt r2, {r8, sl}",1
"movweq r0, 0xcc",1
"addeq r0, r3, fp, lsl r1",1
"streq r0, [r1], -r2, lsl 8",1
"streq r0, [r2], -0x66",1
"andeq r6, r0, 0x300000",1
"subeq r0, sl, r4, lsl 4",1
"cdphs p4, 0, c0, c4, c2, 0",1
"streq r0, [r4], -0x200",1
"strhi r4, [r6, r6, lsl 22]",1
"streq r0, [r2], -0x65",1
"andeq r6, r0, 0x40000",1
"andhi r0, r6, 4, 4",1
"mrseq r0, r12_usr",1
"streq r0, [r2], -0x82",1
"vstrhs s8, [r6, -0xc]",1
"strbhi r1, [sl], -r3, lsl 22",1
"streq r0, [r2], -0x85",1
"addeq r0, r2, r1, lsl 12",1
"andhi r0, r3, 0x2000000",1
"andeq r0, r4, 0, 4",1
"streq r0, [r2], -0x4a",1
"andeq r2, r0, 4, 28",1
"movweq r0, 0x6404",1
"orrhi r4, r6, 0x16000",1
"andeq r0, r4, 0, 4",1
"andeq r6, r0, 0x600000",1
"rsbeq r0, r6, r4, lsl 2",1
bmi 0xce914,1
"streq r0, [r4], -0x200",1
"streq r0, [r2], -0x2e",1
"strbhi r0, [fp], -r4, lsl 12",1
"streq r0, [r2], -0x84",1
"addeq r0, r2, r2, lsl 12",1
"strvs r0, [r1], -r2, lsl 8",1
"movweq r0, 0x4200",1
"streq r0, [r2], -0x4a",1
"andeq r2, r0, 4, 28",1
"movweq r0, 0x6404",1
"strhi r4, [r6], 0xa1c",1
"mrseq r0, r12_usr",1
"andeq r6, r0, 0x600000",1
"rsbeq r0, r6, r4, lsl 6",1
bmi 0x8e950,1
"streq r0, [r4], -0x200",1
"streq r0, [r2], -0x2e",1
bleq 0xcf164,1
"addeq r8, r4, sl, asr 12",1
"streq r0, [r1], -r2, lsl 8",1
"streq r0, [r2], -0x66",1
"andeq r6, r0, 0x300000",1
"subeq r0, sl, r4, lsl 4",1
"cdphs p4, 0, c0, c4, c2, 0",1
"streq r0, [r4], -0x200",1
bmi 0x38e58c,1
"andeq r8, r0, 0x86000000",1
"strvs r0, [r6], -r4, lsl 2",1
"movweq r0, 0x4200",1
"streq r0, [r2], -0x66",1
"andeq r4, r0, 0x2000",1
"eoreq r0, lr, r4, lsl 8",1
"streq r0, [r4], -r2, lsl 8",1
"strbhi r1, [sl], -r3, lsl 24",1
"streq r0, [r2], -0x84",1
"rsbeq r0, r6, r1, lsl 12",1
"strvs r0, [r3], -r2, lsl 8",1
"andeq r0, r4, 0, 4",1
"streq r0, [r2], -0x4a",1
"andeq r2, r0, 4, 28",1
"movweq r0, 0x6404",1
"strhi r4, [r6, 0xa1c]",1
"andeq r6, r0, 0x1940000",1
"strvs r0, [r6], -r4, lsl 6",1
"andeq r0, r4, 0, 4",1
"andeq r6, r0, 0x180000",1
blmi 0x124e1d8,1
"mrseq r0, r12_usr",1
"andne r6, r3, 0x20400000",1
"strvs r8, [r4, 0x64a]",1
"streq r0, [r2], -0x67",1
"rsbeq r0, r6, r1, lsl 12",1
"stmdaeq r2, {r1, sl}",1
"stcmi p6, c0, [sp], -0x160",1
"andeq r8, r0, 0x86000000",1
"strvs r0, [r6], -r4, lsl 2",1
"movweq r0, 0x4200",1
"streq r0, [r2], -0x66",1
"andeq r4, r0, 0x2000",1
"eoreq r0, lr, r4, lsl 8",1
"streq r0, [r4], -r2, lsl 8",1
"strbhi r0, [sl], -r3, lsl 28",1
"andeq r6, r0, 0x21c00000",1
"rsbeq r0, r7, r4, lsl 2",1
"streq r0, [r2], -r2, lsl 8",1
"streq r0, [r2], -0x82",1
"andeq r8, r0, 0x10000000",1
"strbeq r0, [sl], -r4, lsl 6",1
bmi 0x4ce6d4,1
"andeq r8, r0, 0x86000000",1
"strvs r0, [r6], -r4, lsl 2",1
"andeq r0, r4, 0, 4",1
"streq r0, [r2], -0xba",1
invalid,1
"addeq r8, r4, lr, lsr 12",1
"streq r0, [r1], -r2, lsl 8",1
"streq r0, [r2], -0x66",1
"andeq fp, r0, 0x2000",1
"movweq r0, 0x6304",1
"stmdaeq r2, {r0, r5, sb, sl, fp, sp}",1
"andlt r0, r1, r0, lsl 2",1
"andeq r0, r0, 0",1
"andeq r7, r0, r0, lsl 12",1
blx 0x4e25e,1
invalid,1
"andeq r0, r1, r1, lsl 2",1
"andeq r0, r1, r0",1
"stmdavs pc!, {r8}",1
svchs 0x656d6f,1
"rsbsvc r6, r5, 0xa0000006",1
svchs 0x74656b,1
"strbtvc r6, [r3], -0xf79",1
"strbvc r2, [r2, -0xf6f]!",1
svchs 0x646c69,1
svchs 0x706d74,1
blvs 0x1ca9868,1
invalid,1
svchs 0x646572,1
"stclhs p3, c6, [r3, -0x19c]!",1
"mrchs p14, 1, r2, c7, c4, 1",1
"rsbslo r2, r2, 0xc80",1
invalid,1
"cdphs p13, 3, c2, c4, c3, 3",1
svchs 0x322e37,1
"strbvs r6, [r2, -ip, ror 18]!",1
invalid,1
"stmdbvs r6!, {r0, r1, r2, r3, r5, r6, sb, sl, fp, sp, lr} ^",1
"rsbvc r2, r1, 0x19c",1
invalid,1
"ldrtvs r6, [r1], -sb, ror 4",1
invalid,1
invalid,1
"andeq r0, r0, r0",1
"bicsle r0, r8, r5, lsl 4",1
invalid,1
svchs 0x300107,1
svchs 0x2f2f2f,1
"cdphs p4, 7, c15, c12, c3, 0",1
"bicseq r2, r6, 0xc000",1
"str r0, [r8], -0x2e7",1
svchs 0x2f312f,1
"eorlo r4, pc, 48, 24",1
svchs 0x661603,1
svchs 0x2f2f2f,1
"andeq r2, r2, 47, 30",1
"andls r0, r1, 0, 2",1
"andeq r0, r0, 0",1
"andeq r7, r0, r0, lsl 12",1
blx 0x4e312,1
invalid,1
"andeq r0, r1, r1, lsl 2",1
"andeq r0, r1, r0",1
"stmdavs pc!, {r8}",1
svchs 0x656d6f,1
"rsbsvc r6, r5, 0xa0000006",1
svchs 0x74656b,1
"strbtvc r6, [r3], -0xf79",1
"strbvc r2, [r2, -0xf6f]!",1
svchs 0x646c69,1
svchs 0x706d74,1
blvs 0x1ca991c,1
invalid,1
svchs 0x646572,1
"stclhs p3, c6, [r3, -0x19c]!",1
"mrchs p14, 1, r2, c7, c4, 1",1
"rsbslo r2, r2, 0xc80",1
invalid,1
"cdphs p13, 3, c2, c4, c3, 3",1
svchs 0x322e37,1
"strbvs r6, [r2, -ip, ror 18]!",1
invalid,1
"stmdbvs r6!, {r0, r1, r2, r3, r5, r6, sb, sl, fp, sp, lr} ^",1
"rsbvc r2, r1, 0x19c",1
invalid,1
"ldrtvs r6, [r1], -sb, ror 4",1
invalid,1
invalid,1
"andeq r0, r0, r0",1
"adcle r0, r0, 0x50000000",1
"stcge p0, c0, [r3, -0]",1
svchs 0x2f010a,1
"vaddhs.f64 d27, d7, d3",1
invalid,1
"andeq r0, r1, r1, lsl 14",1
"strgt r0, [r0, -r0, lsl 4]",1
"andeq r0, r0, 0",1
"vstreq d15, [lr, -4]",1
"mrseq r0, apsr",1
"andeq r0, r0, r1",1
invalid,1
"stclvs p8, c6, [0x0000dafc]!",1
"rsbvs r2, sl, 0x194",1
"strbvs r7, [fp, -0x275]!",1
svcvs 0x792f74,1
svchs 0x6f7463,1
"stclvs p5, c7, [sb], -0x188",1
"ldclvs p15, c2, [r4, -0x190]!",1
"ldmdbvc r3!, {r4, r5, r6, r8, sb, sl, fp, sp} ^",1
svcvs 0x6f7273,1
"stmdavc pc!, {r2, r4, r5, r6, r8, sb, ip, sp, lr}",1
"uasxlo r3, pc, r8",1
"stmdbvs ip!, {r2, r4, r5, r8, sl, fp, sp} ^",1
svchs 0x78756e,1
svchs 0x727375,1
svchs 0x62696c,1
"strbtvc r7, [sp], -r1, ror 4",1
"qasxvc r6, sp, r7",1
"cdpvs p0, 2, c7, c13, c6, 3",1
"stclhs p15, c6, [lr, -0x194]!",1
"stmdbvc fp!, {r4, r5, r6, r8, sb, sl, fp, sp, lr} ^",1
"cdpvs p12, 6, c6, c9, c13, 1",1
invalid,1
invalid,1
"strvs r6, [lr, -r2, ror 18]!",1
invalid,1
"cmnvc r3, 0x1c8",1
"stmdbvs lr!, {r0, r2, r3, r5, r8, fp, sp, lr} ^",1
"stclvs p9, c6, [r1], -0x1d0",1
invalid,1
"ldclvs p1, c6, [r2, -0xbc]!",1
blvs 0x1be9ce4,1
"stmdbvs ip!, {r0, r3, r4, r5, r6, r8, sl, fp, sp} ^",1
"ldclhs p5, c7, [r8, -0x1b8]!",1
"ldrbvs r6, [r5, -0xe67]!",1
svchs 0x696261,1
"mrchs p14, 1, r2, c7, c4, 1",1
"mcrvs p15, 3, r2, c9, c2, 1",1
"ldrbtvs r6, [r5], -0xc63",1
"strvs r0, [r0, -0x65]",1
"pushvs {r2, r3, r5, r6, sb, sl, sp, lr}",1
"cdphs p9, 7, c6, c4, c14, 3",1
"andeq r0, r0, r3, rrx",1
"ldrbtvs r7, [r4], -0x300",1
"cdphs p5, 6, c6, c6, c4, 3",1
"andeq r0, r1, r8, rrx",1
"streq r0, [r0, -0]",1
"sbcseq fp, r2, r2",1
"sbceq r0, r0, r0, lsl 6",1
"andne r2, r3, r1, lsl 28",1
"cdphs p3, 7, c0, c0, c14, 1",1
invalid,1
"andne r2, r3, r0, ror lr",1
blmi 0xc18d40,1
"andeq r0, r4, 0, 4",1
"streq r0, [r2], -0x83",1
"andeq r8, r0, 0x80000000",1
"eoreq r0, pc, r4, lsl 4",1
"stchs p4, c0, [r2, -8]",1
"addseq r0, lr, 0xc000",1
"mrseq r0, apsr",1
"andeq r0, r0, r1, asr r0",1
"eorseq r0, r6, r2",1
invalid,1
"strdeq r0, r1, [sp], -fp",1
"mrseq r0, apsr",1
invalid,1
"cdphs p0, 0, c0, c1, c0, 0",1
"cdpvs p15, 6, c2, c9, c14, 1",1
"ldrbtvs r6, [r5], -0xc63",1
invalid,1
"ldmdbvs r8!, {r2, r4, r5, r6, r8, sl, sp, lr} ^",1
"rsbeq r2, r3, r4, ror lr",1
"movwvc r0, 0",1
"stmdbvs ip!, {r2, r4, r5, r6, sl, sp, lr} ^",1
"rsbeq r2, r8, r2, ror 28",1
"andeq r0, r0, r1",1
"stmdane r2, {r8, sl}",1
"movweq r0, 0xd3",1
svchs 0x10130,1
"addne r2, r4, sb, asr 30",1
invalid,1
"andeq r5, r0, r1, lsl 12",1
"andlo r0, r0, 0, 4",1
"andeq r0, r0, 0",1
"vstreq d15, [lr, -4]",1
"mrseq r0, apsr",1
"andeq r0, r0, r1",1
invalid,1
"eorvc r2, pc, lr, lsr 28",1
"cmnvc r4, 0xf0000006",1
"cmnvc sb, 0xbc000000",1
"cmnvc r0, 100, 10           ; 0x64",1
"ldclvs p1, c6, [r2, -0xbc]!",1
"rsbvc r0, r3, 0",1
invalid,1
"andeq r0, r0, r0, lsl 2",1
"andeq r0, r5, 0",1
"andeq r8, r0, r4, lsl ip",1
"andeq r2, r1, 3, 26",1
"mrseq r0, apsr",1
"stmdami r2, {r8, sl}",1
"movweq r0, 0xd3",1
"andeq r0, r2, 0x4000000d",1
"andeq r0, r1, r0, lsl 2",1
"andeq r0, r0, ip",1
invalid,1
invalid,1
"andeq r0, sp, lr, lsl 24",1
"andeq r0, r0, ip, lsl r0",1
"andeq r0, r0, r0",1
"ldrdeq r8, sb, [r0], -ip",1
"ldrdeq r0, r1, [r0], -ip",1
"strhi r0, [ip], -0xe42",1
"vmlahi.f64 d8, d2, d3",1
bleq 0x31e584,1
"andeq r0, r0, r4",1
"andeq r0, r0, ip, lsl r0",1
"andeq r0, r0, r0",1
"strheq sb, [r0], -r8",1
"andeq r0, r0, r4, asr 32",1
"tsthi r0, 0x420",1
blhi 0xeedac,1
"andmi r8, r1, 2, 28",1
"andeq r0, r4, ip, lsl 22",1
"andeq r0, r0, r8, lsl r0",1
"andeq r0, r0, r0",1
"strdeq sb, sl, [r0], -ip",1
"andeq r0, r0, r8, asr 1",1
blhi 0x2116c0,1
"andmi r8, r1, 2, 28",1
"andeq r0, r4, ip, lsl 22",1
"andeq r0, r0, ip, lsl r0",1
"andeq r0, r0, r0",1
"andeq sb, r0, r4, asr 3",1
"andeq r0, r0, r8, lsl 3",1
"strhi r0, [ip], -0xe42",1
"vmlahi.f64 d8, d2, d3",1
bleq 0x31e5e0,1
"andeq r0, r0, r4",1
"andeq r0, r0, ip",1
invalid,1
invalid,1
"andeq r0, sp, lr, lsl 24",1
"andeq r0, r0, r4, lsl r0",1
"andeq r0, r0, ip, lsl 1",1
"andeq sb, r0, ip, asr 6",1
"andeq r0, r0, ip, lsr 32",1
blhi 0x11170c,1
bleq 0x35e60c,1
"andeq r0, r0, r4, lsl r0",1
"andeq r0, r0, ip, lsl 1",1
"andeq sb, r0, r8, ror r3",1
"andeq r0, r0, r0, lsr r0",1
blhi 0x111724,1
bleq 0x35e624,1
"andeq r0, r0, ip, lsl r0",1
"andeq r0, r0, ip, lsl 1",1
"andeq sb, r0, r8, lsr 7",1
"andeq r0, r0, r0, lsr r1",1
"strhi r0, [ip], -0xe42",1
"vmlahi.f64 d8, d2, d3",1
bleq 0x31e640,1
"andeq r0, r0, r4",1
"andeq r0, r0, ip",1
invalid,1
invalid,1
"andeq r0, sp, lr, lsl 24",1
"andeq r0, r0, r4, lsl r0",1
"andeq r0, r0, ip, ror 1",1
"ldrdeq sb, sl, [r0], -r8",1
"strheq r0, [r0], -r4",1
blhi 0x11176c,1
bleq 0x35e66c,1
"andeq r0, r0, r8, lsl r0",1
"andeq r0, r0, ip, ror 1",1
"andeq sb, r0, ip, lsl 11",1
"andeq r0, r0, ip, rrx",1
blhi 0x211784,1
"andmi r8, r1, 2, 28",1
"andeq r0, r4, ip, lsl 22",1
"andeq r0, r0, ip",1
invalid,1
invalid,1
"andeq r0, sp, lr, lsl 24",1
"andeq r0, r0, r8, lsl r0",1
"andeq r0, r0, r0, lsr r1",1
"strdeq sb, sl, [r0], -r8",1
"strdeq r0, r1, [r0], -ip",1
blhi 0x2117b0,1
"andmi r8, r1, 2, 28",1
"andeq r0, r4, ip, lsl 22",1
"andeq r0, r0, ip",1
invalid,1
invalid,1
"andeq r0, sp, lr, lsl 24",1
"andeq r0, r0, r8, lsl r0",1
"andeq r0, r0, ip, asr r1",1
"strdeq sb, sl, [r0], -r4",1
"andeq r0, r0, r8, lsl r1",1
blhi 0x2117dc,1
"andmi r8, r1, 2, 28",1
"andeq r0, r4, ip, lsl 22",1
"andeq r0, r0, ip",1
invalid,1
invalid,1
"andeq r0, sp, lr, lsl 24",1
"andeq r0, r0, r8, lsl r0",1
"andeq r0, r0, r8, lsl 3",1
"andeq sb, r0, ip, lsl 16",1
"andeq r0, r0, r0, ror r0",1
blhi 0x211808,1
"andmi r8, r1, 2, 28",1
"andeq r0, r4, ip, lsl 22",1
"andeq r0, r0, r4, lsl r0",1
"andeq r0, r0, r8, lsl 3",1
"andeq sb, r0, ip, ror r8",1
"andeq r0, r0, r0, asr 32",1
blhi 0x111824,1
bleq 0x35e724,1
"andeq r0, r0, r4, lsl r0",1
"andeq r0, r0, r8, lsl 3",1
"strheq sb, [r0], -ip",1
"andeq r0, r0, r4, asr 32",1
blhi 0x11183c,1
bleq 0x35e73c,1
"andeq r0, r0, r4, lsl r0",1
"andeq r0, r0, r8, lsl 3",1
"andeq sb, r0, r0, lsl 18",1
"andeq r0, r0, r0, asr 1",1
blhi 0x111854,1
bleq 0x35e754,1
"andeq r0, r0, r4, lsl r0",1
"andeq r0, r0, r8, lsl 3",1
"andeq sb, r0, r0, asr 19",1
"andeq r0, r0, r8, asr r0",1
blhi 0x11186c,1
bleq 0x35e76c,1
"andeq r0, r0, r8, lsl r0",1
"andeq r0, r0, r8, lsl 3",1
"andeq sb, r0, r8, lsl sl",1
"andeq r0, r0, r8, ror r0",1
blhi 0x211884,1
"andmi r8, r1, 2, 28",1
"andeq r0, r4, ip, lsl 22",1
"andeq r0, r0, ip, lsl r0",1
"andeq r0, r0, r8, lsl 3",1
"muleq r0, r0, sl",1
"strdeq r0, r1, [r0], -r0",1
"strhi r0, [ip], -0xe42",1
"vmlahi.f64 d8, d2, d3",1
bleq 0x31e7a4,1
"andeq r0, r0, r4",1
"andeq r0, r0, r8, lsl r0",1
"andeq r0, r0, r8, lsl 3",1
"andeq sb, r0, r0, lsl 23",1
"strdeq r0, r1, [r0], -r4",1
blhi 0x2118c0,1
"andmi r8, r1, 2, 28",1
"andeq r0, r4, ip, lsl 22",1
"andeq r0, r0, ip, lsl r0",1
"andeq r0, r0, r8, lsl 3",1
"andeq sb, r0, r4, ror ip",1
"andeq r1, r0, ip, lsl 2",1
"strhi r0, [ip], -0xe42",1
"vmlahi.f64 d8, d2, d3",1
bleq 0x31e7e0,1
"andeq r0, r0, r4",1
"andeq r0, r0, r8, lsl r0",1
"andeq r0, r0, r8, lsl 3",1
"andeq sl, r0, r0, lsl 27",1
"andeq r0, r0, r0, asr 1",1
blhi 0x2118fc,1
"andmi r8, r1, 2, 28",1
"andeq r0, r4, ip, lsl 22",1
"andeq r0, r0, r8, lsl r0",1
"andeq r0, r0, r8, lsl 3",1
"andeq sl, r0, r0, asr 28",1
"andeq r0, r0, ip, lsr r0",1
blhi 0x211918,1
"andmi r8, r1, 2, 28",1
"andeq r0, r4, ip, lsl 22",1
"andeq r0, r0, r8, lsl r0",1
"andeq r0, r0, r8, lsl 3",1
"andeq sl, r0, ip, ror lr",1
"andeq r0, r0, r0, ror 2",1
blhi 0x211934,1
"andmi r8, r1, 2, 28",1
"andeq r0, r4, ip, lsl 22",1
"andeq r0, r0, r8, lsl r0",1
"andeq r0, r0, r8, lsl 3",1
"ldrdeq sl, fp, [r0], -ip",1
"andeq r0, r0, r4, ror 1",1
blhi 0x211950,1
"andmi r8, r1, 2, 28",1
"andeq r0, r4, ip, lsl 22",1
"andeq r0, r0, ip, lsl r0",1
"andeq r0, r0, r8, lsl 3",1
"andeq fp, r0, r0, asr 1",1
"strheq r0, [r0], -r4",1
"strhi r0, [ip], -0xe42",1
"vmlahi.f64 d8, d2, d3",1
bleq 0x31e870,1
"andeq r0, r0, r4",1
"andeq r0, r0, r8, lsl r0",1
"andeq r0, r0, r8, lsl 3",1
"andeq fp, r0, r4, ror r3",1
"andeq r0, r0, ip, lsr r0",1
blhi 0x21198c,1
"andmi r8, r1, 2, 28",1
"andeq r0, r4, ip, lsl 22",1
"andeq r0, r0, r8, lsl r0",1
"andeq r0, r0, r8, lsl 3",1
"strheq fp, [r0], -r0",1
"andeq r0, r0, r0, asr 32",1
blhi 0x2119a8,1
"andmi r8, r1, 2, 28",1
"andeq r0, r4, ip, lsl 22",1
"andeq r0, r0, r8, lsl r0",1
"andeq r0, r0, r8, lsl 3",1
"strdeq fp, ip, [r0], -r0",1
"andeq r0, r0, ip, lsr 32",1
blhi 0x2119c4,1
"andmi r8, r1, 2, 28",1
"andeq r0, r4, ip, lsl 22",1
"andeq r0, r0, r8, lsl r0",1
"andeq r0, r0, r8, lsl 3",1
"andeq fp, r0, ip, lsl r4",1
"andeq r0, r0, r4, lsr r0",1
blhi 0x2119e0,1
"andmi r8, r1, 2, 28",1
"andeq r0, r4, ip, lsl 22",1
"andeq r0, r0, r8, lsl r0",1
"andeq r0, r0, r8, lsl 3",1
"andeq fp, r0, r0, asr r4",1
"andeq r0, r0, ip, asr 32",1
blhi 0x2119fc,1
"andmi r8, r1, 2, 28",1
"andeq r0, r4, ip, lsl 22",1
"andeq r0, r0, r8, lsl r0",1
"andeq r0, r0, r8, lsl 3",1
"muleq r0, ip, r4",1
"andeq r0, r0, r0, asr r0",1
blhi 0x211a18,1
"andmi r8, r1, 2, 28",1
"andeq r0, r4, ip, lsl 22",1
"andeq r0, r0, r8, lsl r0",1
"andeq r0, r0, r8, lsl 3",1
"andeq fp, r0, ip, ror 9",1
"andeq r0, r0, r4, lsr r0",1
blhi 0x211a34,1
"andmi r8, r1, 2, 28",1
"andeq r0, r4, ip, lsl 22",1
"andeq r0, r0, r8, lsl r0",1
"andeq r0, r0, r8, lsl 3",1
"andeq fp, r0, r0, lsr 10",1
"andeq r0, r0, ip, lsr r0",1
blhi 0x211a50,1
"andmi r8, r1, 2, 28",1
"andeq r0, r4, ip, lsl 22",1
"andeq r0, r0, r8, lsl r0",1
"andeq r0, r0, r8, lsl 3",1
"andeq fp, r0, ip, asr r5",1
"andeq r0, r0, r0, lsl 1",1
blhi 0x211a6c,1
"andmi r8, r1, 2, 28",1
"andeq r0, r4, ip, lsl 22",1
"andeq r0, r0, r8, lsl r0",1
"andeq r0, r0, r8, lsl 3",1
"ldrdeq fp, ip, [r0], -ip",1
"andeq r0, r0, ip, lsr r0",1
blhi 0x211a88,1
"andmi r8, r1, 2, 28",1
"andeq r0, r4, ip, lsl 22",1
"andeq r0, r0, r8, lsl r0",1
"andeq r0, r0, r8, lsl 3",1
"andeq fp, r0, r8, lsl r6",1
"andeq r0, r0, ip, lsr 32",1
blhi 0x211aa4,1
"andmi r8, r1, 2, 28",1
"andeq r0, r4, ip, lsl 22",1
"andeq r0, r0, r8, lsl r0",1
"andeq r0, r0, r8, lsl 3",1
"andeq fp, r0, r4, asr 12",1
"andeq r0, r0, r4, lsr r0",1
blhi 0x211ac0,1
"andmi r8, r1, 2, 28",1
"andeq r0, r4, ip, lsl 22",1
"andeq r0, r0, r8, lsl r0",1
"andeq r0, r0, r8, lsl 3",1
"andeq fp, r0, r8, ror r6",1
"andeq r0, r0, r8, asr 32",1
blhi 0x211adc,1
"andmi r8, r1, 2, 28",1
"andeq r0, r4, ip, lsl 22",1
"andeq r0, r0, r8, lsl r0",1
"andeq r0, r0, r8, lsl 3",1
"andeq fp, r0, r0, asr 13",1
"andeq r0, r0, ip, ror r0",1
blhi 0x211af8,1
"andmi r8, r1, 2, 28",1
"andeq r0, r4, ip, lsl 22",1
"andeq r0, r0, r8, lsl r0",1
"andeq r0, r0, r8, lsl 3",1
"andeq fp, r0, ip, lsr r7",1
"andeq r0, r0, ip, lsr r0",1
blhi 0x211b14,1
"andmi r8, r1, 2, 28",1
"andeq r0, r4, ip, lsl 22",1
"andeq r0, r0, r8, lsl r0",1
"andeq r0, r0, r8, lsl 3",1
"andeq fp, r0, r8, ror r7",1
"andeq r0, r0, r8, asr 32",1
blhi 0x211b30,1
"andmi r8, r1, 2, 28",1
"andeq r0, r4, ip, lsl 22",1
"andeq r0, r0, r8, lsl r0",1
"andeq r0, r0, r8, lsl 3",1
"andeq fp, r0, r0, asr 15",1
"andeq r0, r0, r0, asr 32",1
blhi 0x211b4c,1
"andmi r8, r1, 2, 28",1
"andeq r0, r4, ip, lsl 22",1
"andeq r0, r0, r8, lsl r0",1
"andeq r0, r0, r8, lsl 3",1
"andeq fp, r0, r0, lsl 16",1
"andeq r0, r0, r4, lsr r0",1
blhi 0x211b68,1
"andmi r8, r1, 2, 28",1
"andeq r0, r4, ip, lsl 22",1
"andeq r0, r0, r8, lsl r0",1
"andeq r0, r0, r8, lsl 3",1
"andeq fp, r0, r4, lsr r8",1
"andeq r0, r0, r4, lsr r0",1
blhi 0x211b84,1
"andmi r8, r1, 2, 28",1
"andeq r0, r4, ip, lsl 22",1
"andeq r0, r0, r8, lsl r0",1
"andeq r0, r0, r8, lsl 3",1
"andeq fp, r0, r8, ror 16",1
"andeq r0, r0, ip, lsr 32",1
blhi 0x211ba0,1
"andmi r8, r1, 2, 28",1
"andeq r0, r4, ip, lsl 22",1
"andeq r0, r0, ip",1
invalid,1
invalid,1
"andeq r0, sp, lr, lsl 24",1
"andeq r0, r0, r0, lsr 32",1
"andeq r0, r0, ip, asr 10",1
"muleq r0, r4, r8",1
"strdeq r0, r1, [r0], -ip",1
"ldrhi r0, [r8], -0xe42",1
"strhi r8, [r5], -r6, lsl 10",1
blhi 0xefedc,1
"andmi r8, r1, 2, 28",1
"andeq r0, r4, ip, lsl 22",1
"andeq r0, r0, r8, lsl r0",1
"andeq r0, r0, ip, asr 10",1
"muleq r0, r0, sp",1
"andeq r0, r0, ip, ror r0",1
blhi 0x211bf0,1
"andmi r8, r1, 2, 28",1
"andeq r0, r4, ip, lsl 22",1
"andeq r0, r0, r8, lsl r0",1
"andeq r0, r0, ip, asr 10",1
"andeq fp, r0, ip, lsl 28",1
"strheq r0, [r0], -ip",1
blhi 0x211c0c,1
"andmi r8, r1, 2, 28",1
"andeq r0, r4, ip, lsl 22",1
"andeq r0, r0, ip, lsl r0",1
"andeq r0, r0, ip, asr 10",1
"andeq fp, r0, r8, asr 29",1
"andeq r0, r0, r0, asr r0",1
"movwhi r0, 0x4e42",1
invalid,1
"addeq r0, lr, 0x2c000002",1
"stmdaeq fp, {r1, r6, sl, fp}",1
"andeq r0, r0, r8, lsl r0",1
"andeq r0, r0, ip, asr 10",1
"andeq fp, r0, r8, lsl pc",1
"andeq r0, r0, ip, ror r0",1
blhi 0x211c48,1
"andmi r8, r1, 2, 28",1
"andeq r0, r4, ip, lsl 22",1
"andeq r0, r0, ip",1
invalid,1
invalid,1
"andeq r0, sp, lr, lsl 24",1
"andeq r0, r0, r8, lsl r0",1
"strdeq r0, r1, [r0], -r4",1
"muleq r0, r4, pc",1
"andeq r0, r0, ip, asr r0",1
blhi 0x211c74,1
"andmi r8, r1, 2, 28",1
"andeq r0, r4, ip, lsl 22",1
"andeq r0, r0, r8, lsl r0",1
"strdeq r0, r1, [r0], -r4",1
"strdeq fp, ip, [r0], -r0",1
"andeq r0, r0, r4, rrx",1
blhi 0x211c90,1
"andmi r8, r1, 2, 28",1
"andeq r0, r4, ip, lsl 22",1
"andeq r0, r0, r8, lsl r0",1
"strdeq r0, r1, [r0], -r4",1
"andeq ip, r0, r4, asr r0",1
"andeq r0, r0, r8, ror 1",1
blhi 0x211cac,1
"andmi r8, r1, 2, 28",1
"andeq r0, r4, ip, lsl 22",1
"andeq r0, r0, r8, lsl r0",1
"strdeq r0, r1, [r0], -r4",1
"andeq ip, r0, ip, lsr r1",1
"andeq r0, r0, r8, lsr 32",1
blhi 0x211cc8,1
"andmi r8, r1, 2, 28",1
"andeq r0, r4, ip, lsl 22",1
"andeq r0, r0, r8, lsl r0",1
"strdeq r0, r1, [r0], -r4",1
"andeq ip, r0, r4, ror 2",1
"andeq r0, r0, ip, asr 32",1
blhi 0x211ce4,1
"andmi r8, r1, 2, 28",1
"andeq r0, r4, ip, lsl 22",1
"andeq r0, r0, r8, lsl r0",1
"strdeq r0, r1, [r0], -r4",1
"strheq ip, [r0], -r0",1
"andeq r0, r0, r8, ror r0",1
blhi 0x211d00,1
"andmi r8, r1, 2, 28",1
"andeq r0, r4, ip, lsl 22",1
"andeq r0, r0, r8, lsl r0",1
"strdeq r0, r1, [r0], -r4",1
"andeq ip, r0, r8, lsr 4",1
"andeq r0, r0, r4, lsr r0",1
blhi 0x211d1c,1
"andmi r8, r1, 2, 28",1
"andeq r0, r4, ip, lsl 22",1
"andeq r0, r0, r8, lsl r0",1
"strdeq r0, r1, [r0], -r4",1
"andeq ip, r0, ip, asr r2",1
"andeq r0, r0, ip, lsr r0",1
blhi 0x211d38,1
"andmi r8, r1, 2, 28",1
"andeq r0, r4, ip, lsl 22",1
"andeq r0, r0, r8, lsl r0",1
"strdeq r0, r1, [r0], -r4",1
"muleq r0, r8, r2",1
"andeq r0, r0, r8, asr 32",1
blhi 0x211d54,1
"andmi r8, r1, 2, 28",1
"andeq r0, r4, ip, lsl 22",1
"andeq r0, r0, r8, lsl r0",1
"strdeq r0, r1, [r0], -r4",1
"andeq ip, r0, r0, ror 5",1
"andeq r0, r0, r0, asr 32",1
blhi 0x211d70,1
"andmi r8, r1, 2, 28",1
"andeq r0, r4, ip, lsl 22",1
"andeq r0, r0, r8, lsl r0",1
"strdeq r0, r1, [r0], -r4",1
"andeq ip, r0, r0, lsr 6",1
"andeq r0, r0, ip, lsr r0",1
blhi 0x211d8c,1
"andmi r8, r1, 2, 28",1
"andeq r0, r4, ip, lsl 22",1
"andeq r0, r0, ip",1
invalid,1
invalid,1
"andeq r0, sp, lr, lsl 24",1
"andeq r0, r0, ip, lsl r0",1
"andeq r0, r0, r8, lsr r7",1
"andeq ip, r0, ip, asr r3",1
"andeq r0, r0, ip, lsr r0",1
"tsthi r0, 0x420",1
blhi 0xef4c4,1
"andmi r8, r1, 2, 28",1
"andeq r0, r4, ip, lsl 22",1
"andeq r0, r0, ip",1
invalid,1
invalid,1
"andeq r0, sp, lr, lsl 24",1
"andeq r0, r0, ip, lsl r0",1
"andeq r0, r0, r8, ror 14",1
"muleq r0, r8, r3",1
"muleq r0, r8, r0",1
"ldrhi r0, [r0], -0xe42",1
blhi 0xef8f4,1
"andmi r8, r1, 2, 28",1
"andeq r0, r4, ip, lsl 22",1
"andeq r0, r0, ip",1
invalid,1
invalid,1
"andeq r0, sp, lr, lsl 24",1
"andeq r0, r0, r8, lsl r0",1
"muleq r0, r8, r7",1
"andeq ip, r0, r0, lsr r4",1
"ldrdeq r0, r1, [r0], -r8",1
blhi 0x211e18,1
"andmi r8, r1, 2, 28",1
"andeq r0, r4, ip, lsl 22",1
"andeq r0, r0, ip",1
invalid,1
invalid,1
"andeq r0, sp, lr, lsl 24",1
"andeq r0, r0, r8, lsl r0",1
"andeq r0, r0, r4, asr 15",1
"andeq ip, r0, r8, lsl 10",1
"andeq r0, r0, r0, lsl 8",1
blhi 0x211e44,1
"andmi r8, r1, 2, 28",1
"andeq r0, r4, ip, lsl 22",1
"andeq r0, r0, r8, lsl r0",1
"andeq r0, r0, r4, asr 15",1
"andeq ip, r0, r8, lsl 18",1
"andeq r0, r0, ip, lsl 2",1
blhi 0x211e60,1
"andmi r8, r1, 2, 28",1
"andeq r0, r4, ip, lsl 22",1
"andeq r0, r0, ip",1
invalid,1
invalid,1
"andeq r0, sp, lr, lsl 24",1
"andeq r0, r0, ip, lsl r0",1
"andeq r0, r0, ip, lsl 16",1
"andeq ip, r0, r4, lsl sl",1
"andeq r0, r0, r0, lsl 2",1
"strhi r0, [ip], -0xe42",1
"vmlahi.f64 d8, d2, d3",1
bleq 0x31ed90,1
"andeq r0, r0, r4",1
"andeq r0, r0, ip",1
invalid,1
invalid,1
"andeq r0, sp, lr, lsl 24",1
"andeq r0, r0, r8, lsl r0",1
"andeq r0, r0, ip, lsr r8",1
"andeq ip, r0, r4, lsl fp",1
"andeq r0, r0, r4, asr 32",1
blhi 0x211ebc,1
"andmi r8, r1, 2, 28",1
"andeq r0, r4, ip, lsl 22",1
"andeq r0, r0, r8, lsl r0",1
"andeq r0, r0, ip, lsr r8",1
"andeq ip, r0, r8, asr fp",1
"andeq r0, r0, r0, rrx",1
blhi 0x211ed8,1
"andmi r8, r1, 2, 28",1
"andeq r0, r4, ip, lsl 22",1
"andeq r0, r0, ip",1
invalid,1
invalid,1
"andeq r0, sp, lr, lsl 24",1
"andeq r0, r0, ip, lsl r0",1
"andeq r0, r0, r4, lsl 17",1
"strheq ip, [r0], -r8",1
"andeq r0, r0, r0, lsl 2",1
"strhi r0, [ip], -0xe42",1
"vmlahi.f64 d8, d2, d3",1
bleq 0x31ee08,1
"andeq r0, r0, r4",1
"andeq r0, r0, ip",1
invalid,1
invalid,1
"andeq r0, sp, lr, lsl 24",1
"andeq r0, r0, r4, lsl r0",1
"strheq r0, [r0], -r4",1
"strheq ip, [r0], -r8",1
"andeq r0, r0, ip, asr 32",1
blhi 0x111f34,1
bleq 0x35ee34,1
"andeq r0, r0, r4, lsl r0",1
"strheq r0, [r0], -r4",1
"andeq ip, r0, r4, lsl 26",1
"andeq r0, r0, ip, rrx",1
blhi 0x111f4c,1
bleq 0x35ee4c,1
"andeq r0, r0, r4, lsl r0",1
"strheq r0, [r0], -r4",1
"andeq ip, r0, r0, ror sp",1
"andeq r0, r0, r4, asr r0",1
blhi 0x111f64,1
bleq 0x35ee64,1
"andeq r0, r0, r4, lsl r0",1
"strheq r0, [r0], -r4",1
"andeq ip, r0, r4, asr 27",1
"andeq r0, r0, ip, asr 32",1
blhi 0x111f7c,1
bleq 0x35ee7c,1
"andeq r0, r0, r4, lsl r0",1
"strheq r0, [r0], -r4",1
"andeq ip, r0, r0, lsl lr",1
"andeq r0, r0, r0, asr r0",1
blhi 0x111f94,1
bleq 0x35ee94,1
"andeq r0, r0, r4, lsl r0",1
"strheq r0, [r0], -r4",1
"andeq ip, r0, r0, ror 28",1
"andeq r0, r0, ip, asr 32",1
blhi 0x111fac,1
bleq 0x35eeac,1
"andeq r0, r0, r4, lsl r0",1
"strheq r0, [r0], -r4",1
"andeq ip, r0, ip, lsr 29",1
"andeq r0, r0, ip, asr 32",1
blhi 0x111fc4,1
bleq 0x35eec4,1
"andeq r0, r0, r4, lsl r0",1
"strheq r0, [r0], -r4",1
"strdeq ip, sp, [r0], -r8",1
"andeq r0, r0, ip, asr 32",1
blhi 0x111fdc,1
bleq 0x35eedc,1
"andeq r0, r0, r4, lsl r0",1
"strheq r0, [r0], -r4",1
"andeq ip, r0, r4, asr 30",1
"andeq r0, r0, ip, asr 32",1
blhi 0x111ff4,1
bleq 0x35eef4,1
"andeq r0, r0, r4, lsl r0",1
"strheq r0, [r0], -r4",1
"muleq r0, r0, pc",1
"andeq r0, r0, r4, lsl 1",1
blhi 0x11200c,1
bleq 0x35ef0c,1
"andeq r0, r0, r4, lsl r0",1
"strheq r0, [r0], -r4",1
"andeq sp, r0, r4, lsl r0",1
"andeq r0, r0, ip, ror r0",1
blhi 0x112024,1
bleq 0x35ef24,1
"andeq r0, r0, r4, lsl r0",1
"strheq r0, [r0], -r4",1
"muleq r0, r0, r0",1
"andeq r0, r0, ip, asr 32",1
blhi 0x11203c,1
bleq 0x35ef3c,1
"andeq r0, r0, r4, lsl r0",1
"strheq r0, [r0], -r4",1
"ldrdeq sp, lr, [r0], -ip",1
"andeq r0, r0, ip, rrx",1
blhi 0x112054,1
bleq 0x35ef54,1
"andeq r0, r0, r4, lsl r0",1
"strheq r0, [r0], -r4",1
"andeq sp, r0, r8, asr 2",1
"andeq r0, r0, r8, asr 32",1
blhi 0x11206c,1
bleq 0x35ef6c,1
"andeq r0, r0, r4, lsl r0",1
"strheq r0, [r0], -r4",1
"muleq r0, r0, r1",1
"andeq r0, r0, r8, asr 32",1
blhi 0x112084,1
bleq 0x35ef84,1
"andeq r0, r0, ip",1
invalid,1
invalid,1
"andeq r0, sp, lr, lsl 24",1
"andeq r0, r0, ip",1
"andeq r0, r0, ip, lsr 20",1
"ldrdeq sp, lr, [r0], -r8",1
"andeq r0, r0, r8, lsr 1",1
"andeq r0, r0, ip",1
invalid,1
invalid,1
"andeq r0, sp, lr, lsl 24",1
"andeq r0, r0, r0, lsr 32",1
"andeq r0, r0, ip, asr 20",1
"strheq sp, [r0], -r0",1
"andeq r0, r0, r4, rrx",1
invalid,1
"strhi r8, [r7, -0x408]",1
"strhi r8, [r5, -r6, lsl 12]",1
bhi 0xf07e0,1
"andeq r8, r1, r2, lsl 28",1
"andeq r0, r0, ip",1
"andeq r0, r0, ip, asr 20",1
"andeq sp, r0, r4, lsl r3",1
"andeq r0, r0, r4",1
"andeq r0, r0, ip",1
invalid,1
invalid,1
"andeq r0, sp, lr, lsl 24",1
"andeq r0, r0, ip",1
"muleq r0, r0, sl",1
"andeq sp, r0, r8, lsl r3",1
"andeq r0, r0, ip, lsr 32",1
"strbvs r6, [lr, -ip, ror 30]!",1
"cdpvs p12, 6, c6, c15, c0, 1",1
"cdpvs p0, 6, c2, c9, c7, 3",1
"mcrmi p0, 2, r0, c7, c4, 3",1
"subhs r2, r3, r5, asr r0",1
"mrchs p14, 1, r2, c7, c4, 1",1
svcvs 0x6c0032,1
"stcvs p7, c6, [r0], -0x1b8",1
"rsbhs r6, r7, pc, ror 28",1
"ldmdbvs r3!, {r0, r2, r4, r5, r6, sb, sl, fp, sp, lr} ^",1
"strbtvs r6, [r5], -0xe67",1
"strbtvc r6, [lr], -0x920",1
invalid,1
"strbvs r6, [lr, -0x769]!",1
"stmdavs r3!, {r2, r5, r6, sp} ^",1
"movwvc r7, 0x261",1
"ldrbtvc r6, [r2], -0xf68",1
invalid,1
"strbvs r6, [lr, -0x769]!",1
"cdpvs p0, 6, c2, c9, c4, 3",1
"ldmdbmi pc, {r2, r4, r5, r6} ^",1
"ldrbtvc r5, [r3], -0xf4f",1
svcpl 0x6e6964,1
"strbtvs r7, [r5], -0x375",1
svcvs 0x682f00,1
bvs 0xbe7e20,1
blvs 0x1cabdf8,1
"stmdbvc pc!, {r0, r2, r5, r6, sl, ip, sp, lr}",1
svcvs 0x74636f,1
"ldmdbvs r5!, {r0, r1, r2, r3, r5, sb, sp, lr} ^",1
"strtvc r6, [pc], -0x46c",1
"strvc r7, [pc, -sp, rrx]!",1
svchs 0x6b726f,1
"strbtvc r7, [sp], -r1, ror 4",1
"qasxvc r6, sp, r7",1
"cdpvs p0, 2, c7, c13, c6, 3",1
"stclhs p15, c6, [lr, -0x194]!",1
"stmdbvc fp!, {r4, r5, r6, r8, sb, sl, fp, sp, lr} ^",1
"cdpvs p12, 6, c6, c9, c13, 1",1
invalid,1
invalid,1
"strvs r6, [0x0000df4a]!",1
"rsbvs r6, sb, 0x6700",1
"cdphs p15, 3, c2, c2, c3, 3",1
"eorvc r3, sp, 0xc40000",1
invalid,1
invalid,1
invalid,1
"stmdbvs ip!, {r0, r1, r2, r4, r5, r8, sb, sl, fp, sp} ^",1
invalid,1
"movwvc r7, 0x573",1
"ldrbtvc r6, [r2], -0xf68",1
"strbtvc r6, [lr], -0x920",1
bvc 0x1a6b4dc,1
"rsbsvc r7, sb, r5, ror 8",1
"rsbvc r0, pc, r5, rrx",1
"strbtvs r6, [lr], -0x974",1
"stclvs p15, c5, [pc], -0",1
"strbtvs r5, [pc], -r4, ror 30",1
"strbtvc r7, [r5], -0x366",1
"cmnvs r3, r0, lsl 10",1
svcpl 0x6567,1
"strbvs r6, [ip, -0x966]!",1
svchs 0x6f6e,1
"strbvs r6, [sp, -0xf68]!",1
"strbtvs r7, [sb], -pc, lsr 8",1
"stmdbvc lr!, {r1, r2, r5, r6, r8, sp, lr} ^",1
svcvs 0x632f62,1
"ldrbtvc r6, [r5], -0x572",1
"ldclhs p12, c6, [r3, -0x1a4]!",1
"eorslo r2, r2, 56, 28",1
svcmi 0x495f00,1
"uqsaxvc r7, r1, pc",1
"cdpvs p15, 6, c5, c5, c5, 3",1
"ldmdbvs r3!, {r2, r5, r6} ^",1
"ldrbvc r6, [pc], -0x57a     ; [0xe934:4]=0x6972775f",1
svcmi 0x495f00,1
"ldmdbvs r2!, {r0, r1, r2, r3, r4, r6, r8, sb, sl, ip, sp, lr} ^",1
"subsvc r6, pc, r4, ror r5",1
"stcvs p2, c7, [r0, -0x1d0]",1
"rsbeq r6, lr, r1, ror 18",1
svcpl 0x4f495f,1
svcpl 0x667562,1
"ldrbvs r6, [r3, -0x162]!",1
invalid,1
"rsbvc r6, r5, 0x1c800",1
"ldmdbmi pc, {r0, r1, r4, r5, r6} ^",1
"ldrbvs r5, [r2, -0xf4f]!",1
"ldrbvs r6, [0x0000e507]     ; [0xe507:4]=0x80e4200",1
"movwvc r6, 0x46e",1
"rsbvc r6, r5, 116, 8",1
invalid,1
invalid,1
"strbvs r6, [r7, -0x173]!",1
"mrrcvs p0, 7, r0, pc, c3",1
"rsbeq r6, fp, pc, ror 6",1
"rsbsvc r6, r5, 0x7c000001",1
"stclvs p3, c6, [pc], -0x17c",1
"rsbeq r6, lr, r5, ror sp",1
invalid,1
"ldrbvs r6, [r2, -r0, lsl 2]!",1
"cmpvc pc, 0x76",1
"rsbeq r7, r6, r2, ror 10",1
svcpl 0x4f495f,1
"strbmi r4, [ip, -0x946]",1
"ldrbvs r6, [r2, -r0, lsl 2]!",1
"ldmdbmi pc, {r0, r1, r5, r6} ^",1
invalid,1
"rsbvc r6, r5, 0x1c800",1
"ldmdavs r3!, {r8, sb, sl, fp, ip, lr} ^",1
"rsbsvs r7, r4, 0xf0000006",1
svcpl 0x6675,1
"strbtvs r7, [r1], -0x5f",1
"ldmdbmi pc, {r1, r4, r5} ^",1
"rsbsvc r5, r7, 0x13c",1
svcpl 0x657469,1
"ldrbvs r6, [r3, -0x162]!",1
"cdpvs p15, 7, c5, c5, c0, 0",1
"strbtvs r7, [r5], -0x375",1
"ldmdbmi pc, {r1, r4, r5} ^",1
"ldrbvs r5, [r2, -0xf4f]!",1
"subsvc r6, pc, r1, ror 8",1
svcpl 0x7274,1
"strbtvs r7, [r1], -0x5f",1
"ldmdbmi pc, {r0, r2, r4, r5} ^",1
"strbvc r5, [r2, -0xf4f]!",1
"cdpvs p15, 6, c5, c5, c6, 3",1
"ldrbtvc r0, [r3], -0x64",1
"cmnvc r5, 0x61000000",1
"strbvs r5, [lr, -0xf00]!",1
svcpl 0x7478,1
"strbtvs r7, [r1], -0x5f",1
"ldrbvs r0, [r6, -0x31]",1
svcvs 0x697372,1
svcpl 0x5f006e,1
invalid,1
"subsvc r5, pc, r0, lsl 30",1
"eorseq r6, r4, r1, ror 8",1
"ldrbvc r5, [r1, -0xf5f]!",1
"ldrbvc r6, [pc], -0x461     ; [0xea34:4]=0x6972775f",1
svcmi 0x495f00,1
"ldmdbvs r2!, {r0, r1, r2, r3, r4, r6, r8, sb, sl, ip, sp, lr} ^",1
"ldrbvs r6, [0x0000e4cc]     ; [0xe4cc:4]=0x768",1
svcpl 0x646e,1
"uqsaxvs r6, r6, pc",1
"ldrbvc r3, [pc], -0x436     ; [0xea4c:4]=0x745f6666",1
svcvs 0x5f5f00,1
"ldrbvc r6, [pc], -0x666     ; [0xea54:4]=0x6e6961",1
"stmdavs r3!, {r8, sb, sl, fp, ip, lr} ^",1
"rsbeq r6, lr, r1, ror 18",1
svcpl 0x4f495f,1
blvs 0x18e6fec,1
"subsvs r7, pc, 0x75",1
"rsbeq r7, r5, r1, ror 6",1
"strbtvc r6, [sb], -0xd65",1
invalid,1
invalid,1
"ldmdbvs pc, {r1, r4, r5, r6, r8, fp, ip, sp, lr} ^",1
"rsbeq r6, pc, lr, ror 12",1
"qdsubvs r6, pc, ip",1
"eorseq r7, r2, r7, ror 6",1
"strbtvs r6, [pc], -0xd5f",1
"ldmdbmi pc, {r0, r2, r5, r6} ^",1
"ldrbvs r5, [r2, -0xf4f]!",1
"subsvs r6, pc, 0x61000000",1
"rsbeq r7, r5, r1, ror 6",1
"cmnvs r4, pc, asr r6",1
svcpl 0x656c62,1
invalid,1
svcpl 0x7465,1
"cmpvc pc, 0x124",1
svcpl 0x657661,1
"ldrbvs r6, [r3, -0x162]!",1
"stmdbvs sp!, {r8, sl, sp, lr} ^",1
"rsbsvc r5, r4, 116, 30",1
"strbvs r5, [r8, -0xf79]!",1
"strvs r7, [r0, -0x6c]",1
svcpl 0x746978,1
"stclvs p1, c6, [sb], -0x198",1
"rsbeq r7, r5, r5, ror r2",1
svchs 0x637273,1
"cdpvs p15, 6, c6, c7, c12, 3",1
"cdphs p13, 6, c6, c5, c1, 3",1
"ldmdbmi pc, {r0, r1, r5, r6} ^",1
svcvs 0x6c5f4f,1
"ldrbvc r6, [pc], -0xb63     ; [0xeaec:4]=0x7265762f",1
"cmnvs r2, 0, 6",1
"rsbvc r7, r5, 0x2f00000",1
"mcrvs p9, 3, r6, c15, c3, 3",1
"movwvs r6, 0x32e",1
"ldrbvs r6, [r3, -0xf6c]!",1
"ldrbtvs r7, [r4], -0x35f",1
svcpl 0x74756f,1
svcpl 0x746573,1
"strbvs r6, [ip, -0x966]!",1
"stclvs p14, c6, [r1, -0x17c]!",1
"rsbsvc r0, r7, 0x65",1
svcpl 0x657469,1
svcvs 0x727265,1
"stmdbvs r6!, {r1, r4, r5, r6} ^",1
"movwvs r6, 0x56c",1
"ldrbvs r6, [r3, -0xf6c]!",1
"ldrbtvs r7, [r4], -0x35f",1
svcpl 0x74756f,1
svcpl 0x746573,1
svcvs 0x6e6769,1
"ldrbmi r6, [0x0000e5ce]     ; [0xe5ce:4]=0xb0c4201",1
"ldrbmi r4, [r0, -0x950]",1
svcvs 0x425f00,1
"stmdbvs r0, {r0, r1, r2, r3, r5, r6, sl, fp, sp, lr}",1
"rsbvc r6, pc, 0x670",1
"stmdbvs ip!, {r0, r2, r5, r6} ^",1
"stclvs p15, c2, [r3], -0x188",1
svcvs 0x65736f,1
invalid,1
svcvs 0x6c6300,1
"cmpvc pc, 0x1cc00000",1
"strbvc r6, [0x0000e6f8]!",1
invalid,1
"cmpvs pc, 0x73000000",1
svcvs 0x706d6f,1
"strbtvc r6, [lr], -0x56e",1
invalid,1
"strbvs r5, [ip, -0xf65]!",1
"cmnvs r3, lr, rrx",1
"ldclvs p15, c5, [r3], -0x1dc",1
"rsbeq r7, r8, r1, ror 6",1
"uqsub16vs r7, r5, r0",1
"mrrcvs p8, 6, r7, pc, c9",1
invalid,1
"eorvs r6, pc, 0x90000006",1
"cdpvs p3, 6, c7, c5, c1, 3",1
"stclhs p13, c6, [r5, -0x184]!",1
"ldclvs p7, c6, [r0], -0x1b0",1
invalid,1
"strvs r6, [0x0000e94b]!",1
"uhsub16vs r6, r4, r8",1
"cdphs p9, 6, c6, c12, c1, 3",1
"cmnvs r0, r3, rrx",1
"strbvs r6, [r1, -r3, ror 22]!",1
"cmnvc r5, 0x65",1
svcpl 0x656761,1
invalid,1
"stclvs p3, c6, [0x0000ebd4]!",1
"strbtvs r6, [lr], -0x16d",1
"stclvs p14, c6, [r1, -0x17c]!",1
svcpl 0x5f0065,1
"mrrcvs p1, 7, r6, pc, c6",1
"rsbseq r7, r4, sb, ror 6",1
svcpl 0x736168,1
"rsbeq r7, r7, r1, ror 4",1
svchs 0x62696c,1
"strbvs r6, [lr, -ip, ror 30]!",1
"ldrbtvc r6, [r0], -0xf2d",1
invalid,1
"strvc r6, [r0], -lr, lsr 6",1
"ldmdbvs r3!, {r0, r2, r5, r6, sb, ip, sp, lr} ^",1
svcpl 0x6e6f,1
"strbvc r6, [lr, -0x75f]!",1
"cmnvs r6, r3, ror 30",1
invalid,1
"rsbvc r0, pc, r4, ror r0",1
"mcrvs p9, 3, r6, c15, c4, 3",1
invalid,1
svcpl 0x5f0067,1
"movwvc r7, 0x61",1
"strbtvs r7, [r5], -0x661",1
"ldrbtvc r6, [r0], -0xf5f",1
"rsbseq r7, r2, r5, ror 4",1
"cmnvc r2, 112, 2            ; 0x70",1
svcvs 0x6c5f65,1
svcvs 0x5f676e,1
svcvs 0x697470,1
invalid,1
"rsbslo r6, r6, r2, ror r7",1
"rsbvs r6, sb, 0, 24",1
svcvs 0x72702f,1
"stclvs p14, c6, [r1, -0x19c]!",1
"rsbeq r2, r3, r5, ror 28",1
invalid,1
svcpl 0x6d6172,1
svcvs 0x766e69,1
"ldmdbvs r4!, {r0, r1, r5, r6, r8, sp, lr} ^",1
"cmpvc pc, 0x6f0",1
"ldrbtvc r6, [r2], -0xf68",1
"stclvs p14, c6, [r1, -0x17c]!",1
"rsbsvc r0, r0, 0x65",1
"cmnvs r2, pc, ror 14",1
"cdpvs p15, 6, c5, c9, c13, 3",1
invalid,1
"mcrvs p9, 3, r6, c15, c4, 3",1
"stclvs p14, c6, [r1, -0x17c]!",1
"ldrbvs r0, [r3, -0x65]!",1
"rsbsvc r5, r0, 116, 30",1
"cmnvs r2, pc, ror 14",1
invalid,1
invalid,1
"ldrbvs r6, [r4, -0xf75]!",1
"rsbsvc r7, r4, 0x7c000001",1
svcpl 0x676e69,1
"rsbeq r6, lr, ip, ror 10",1
svcvs 0x6c736e,1
invalid,1
"ldrbvs r6, [r4, -0xf75]!",1
svcpl 0x677261,1
"strbtvs r7, [r6], -r2, ror 10",1
invalid,1
"ldrbvs r6, [r4, -0xf75]!",1
svcpl 0x677261,1
"rsbeq r6, sp, sp, ror 10",1
"strbtvc r7, [pc], -0x571",1
"ldrbvs r6, [r2, -r5, ror 2]!",1
"cmpvc pc, 0x5f0",1
"strbvs r7, [ip, -0x974]!",1
"rsbvs r6, sb, 0, 24",1
svcvs 0x75712f,1
"rsbvc r6, r1, 116, 10",1
"rsbeq r2, r3, r7, ror 28",1
"ldrbmi r4, [0x0000ebaf]     ; [0xebaf:4]=0x74697865",1
"strbmi r4, [r4, -0x94c]",1
"mrrcmi p14, 5, r4, r5, c15",1
"stmdbpl r2, {r2, r3, r6, r8, sb, sl, fp, ip, lr} ^",1
"subseq r4, r3, r4, asr r5",1
svcpl 0x746573,1
"ldrbtvc r7, [r3], -0x563",1
"cmpvc pc, pc, ror 26",1
"ldmdbvs r4!, {r0, r2, r4, r5, r6, r8, sb, sl, fp, sp, lr} ^",1
"strvc r6, [r0, -lr, ror 14]",1
"rsbvc r6, r1, 0x630000",1
"andvc r7, r0, pc, asr r4",1
"strbtvc r6, [lr], -0x972",1
"strbvs r6, [ip, -0x261]!",1
svcvs 0x757100,1
"rsbvc r6, r1, 116, 10",1
svcpl 0x6e5f67,1
"ldclvs p4, c7, [sb], -0x1cc",1
"strbvs r5, [sp, -0xf65]!",1
invalid,1
invalid,1
"cmpvc pc, r8, ror 8",1
"ldrbvs r6, [r4, -0xf75]!",1
svcvs 0x757100,1
"rsbvc r6, r1, 116, 10",1
"ldrbtvc r5, [r3], -0xf67",1
svcpl 0x656c79,1
"rsbeq r6, sp, sp, ror 10",1
invalid,1
svcpl 0x656279,1
"strbtvc r7, [pc], -0x571",1
svcpl 0x676e69,1
"ldclvs p4, c7, [sb], -0x1cc",1
svcvs 0x6c0065,1
"strbvs r6, [ip, -0x163]!",1
"strbtvs r6, [pc], -0x35f",1
"ldrbvc r0, [r1, -0x65]!",1
invalid,1
"cmpvc pc, 0x1c80000",1
"strbvs r7, [ip, -0x974]!",1
"ldrbvs r6, [r3, -r0, lsl 26]!",1
"movwvc r6, 0x469",1
"ldrbvs r6, [r2, -0xf74]!",1
"cmnvs r3, 0x17c00000",1
"rsbeq r7, r5, r1, rrx",1
"stclvs p8, c6, [r5], -0x1cc",1
"stclvs p15, c5, [r1], -0x1b0",1
"cmnvc sb, 0xc000001d",1
svcvs 0x75715f,1
invalid,1
"ldmdbvc r4!, {r0, r1, r2, r3, r4, r6, r8, sb, ip, sp, lr} ^",1
svcpl 0x656c,1
"strbvc r6, [0x0000ea71]!",1
"movwvc r7, 0x46e",1
"strbtvc r6, [r6], -0x968",1
svcvs 0x757100,1
"rsbvc r6, r1, 116, 10",1
svcpl 0x6e5f67,1
"ldrbtvc r7, [r3], -0x563",1
"ldclvs p13, c6, [0x0000ec30]",1
invalid,1
"ldrbvs r6, [r4, -0xf75]!",1
"ldclvs p14, c6, [0x0000ec7c]",1
"strvc r6, [r0], -0xd65",1
invalid,1
"ldmdbvs r4!, {r2, r3, r5, r6, r8, sp, lr} ^",1
invalid,1
"ldrbvs r6, [r4, -0xf75]!",1
svcpl 0x677261,1
svcvs 0x6c6c61,1
"strbvs r5, [sp, -0xf63]!",1
"ldrbtvc r0, [r3], -0x6d",1
svcpl 0x65726f,1
"strbvs r0, [r7, -0x63]!",1
"ldrbvc r5, [r1, -0xf74]!",1
"cdpvs p4, 6, c7, c9, c15, 3",1
"ldrbtvc r5, [r3], -0xf67",1
"rsbeq r6, r5, sb, ror ip",1
"strbtvs r6, [sb], -0xc65",1
"strbvc r5, [0x0000ded7]!",1
svcpl 0x726574,1
"strbtvc r7, [pc], -0x571",1
invalid,1
"ldrbvs r6, [r4, -0xf75]!",1
svcpl 0x677261,1
"strbvs r7, [r5, -0x266]!",1
"rsbvc r6, pc, 0, 12",1
svcvs 0x5f6563,1
"rsbvc r7, r5, 0x75000000",1
svcvs 0x75715f,1
invalid,1
"ldmdbvc r4!, {r0, r1, r2, r3, r4, r6, r8, sb, ip, sp, lr} ^",1
"movwvc r6, 0x56c",1
"cmpvc pc, r5, ror 8",1
"ldmdbvs r4!, {r0, r2, r4, r5, r6, r8, sb, sl, fp, sp, lr} ^",1
"ldrbvs r6, [pc], -lr, ror 14 ; [0xee7c:4]=0x53495f00",1
invalid,1
"movtpl r5, 0x9f00",1
"ldrbvs r6, [r7, -0xf6c]!",1
"stmdbvs ip!, {r1, r4, r5, r6} ^",1
"cmnvs r2, r4, ror r5",1
"ldrbvc r5, [r1, -0xf6c]!",1
"cdpvs p4, 6, c7, c9, c15, 3",1
"ldrbtvc r5, [r3], -0xf67",1
"rsbeq r6, r5, sb, ror ip",1
"ldmdavc r3, {r0, r1, r2, r3, r4, r6, r8, fp, lr} ^",1
"stmdbvs r7!, {r2, r5, r6, r8, fp, sp, lr} ^",1
"ldrbvc r0, [r1, -0x74]!",1
invalid,1
"cmpvs pc, 0x1c80000",1
"rsbseq r6, r2, r8, ror 2",1
"strbtvc r7, [pc], -0x571",1
svcpl 0x676e69,1
"ldclvs p4, c7, [sb], -0x1cc",1
"cmnvs r6, r5, ror 30",1
"andvs r7, r0, 108, 6",1
invalid,1
svcvs 0x757100,1
"rsbvc r6, r1, 116, 10",1
"strbvc r5, [r3, -0xf67]!",1
"stclvs p4, c7, [0x0000ed14]!",1
"strbvs r7, [r8, -0x300]!",1
"cmpvc pc, ip, ror 24",1
"ldmdbvs r4!, {r0, r2, r4, r5, r6, r8, sb, sl, fp, sp, lr} ^",1
"cmpvc pc, 0x1b80000",1
"strbvs r7, [ip, -0x974]!",1
"ldrbvc r5, [pc], -r0, lsl 30 ; [0xeef8:4]=0x65727000",1
"ldrbvs r6, [r5, -0xc61]!",1
"ldrbvs r7, [r2, -0]!",1
svcvs 0x6c6c61,1
"ldrbvs r6, [r4, -0x163]!",1
"ldrbvc r0, [r1, -0x64]!",1
invalid,1
"cmpvs pc, 0x1c80000",1
svcvs 0x747375,1
"strbvs r5, [sp, -0xf6d]!",1
invalid,1
"ldrbvs r6, [r0, -0x163]!",1
svcvs 0x75715f,1
invalid,1
"ldmdbvc r4!, {r0, r1, r2, r3, r4, r6, r8, sb, ip, sp, lr} ^",1
"movwvc r6, 0x56c",1
"cmpvs pc, 0x65000000",1
svcpl 0x726168,1
"strbtvc r7, [pc], -0x571",1
"rsbeq r6, r7, sb, ror 28",1
"ldrbtvc r7, [r3], -0x563",1
"cmpvc pc, pc, ror 26",1
"ldmdbvs r4!, {r0, r2, r4, r5, r6, r8, sb, sl, fp, sp, lr} ^",1
"cmpvc pc, 0x1b80000",1
"strbvs r7, [ip, -0x974]!",1
"ldrbvc r5, [pc, -r0, lsl 30] ; [0xef5c:4]=0x61636f6c",1
"movwvs r6, 0x863",1
invalid,1
"cmpvc pc, ip, ror 10",1
"ldmdbvs r4!, {r0, r2, r4, r5, r6, r8, sb, sl, fp, sp, lr} ^",1
"cmpvc pc, 0x1b80000",1
"strbvs r7, [ip, -0x974]!",1
"ldrbvs r6, [0x0000ec78]     ; [0xec78:4]=0x72700065",1
"rsbvc r6, r1, r3, ror r3",1
"cmpmi r1, r5, rrx",1
"stmdbmi ip, {r0, r1, r2, r3, r4, r6, r8, sl, lr} ^",1
svcmi 0x5f4544,1
"subpl r5, r5, 0x55000000",1
svcmi 0x55515f,1
"subseq r4, r3, r4, asr r5",1
"strbtvs r7, [r6], -r2, ror 10",1
"ldmdbvs r3!, {r0, r2, r5, r6, sb, ip, sp, lr} ^",1
"andvs r6, r0, 0x1e800000",1
"ldmdbvs r3!, {r0, r2, r4, r5, r6, sb, sl, sp, lr} ^",1
"movwvc r6, 0x57a",1
"ldrbtvc r6, [r4], -ip, ror 30",1
"eorseq r6, r0, r5, ror 6",1
"cmpvs r3, 0x17c000",1
"ldclvs p4, c7, [r2], -0x1b8",1
"movtpl r5, 0x9f00",1
"stmdbvs r7!, {r2, r5, r6, r8, fp, sp, lr} ^",1
"ldmdbmi pc, {r2, r4, r5, r6} ^",1
"cmnvs r0, r3, asr r3",1
"stcvs p5, c6, [r0, -0x18c]",1
"cmnvs r4, r2, ror 6",1
"strvc r6, [r0, -0x574]",1
"stmdbvc r2!, {r1, r2, r3, r5, r6, r8, fp, sp, lr} ^",1
"mrrcvs p5, 7, r6, pc, c4",1
"stclvs p3, c6, [r1], -0x1bc",1
"strbvs r0, [r4, -0x65]!",1
"ldclvs p1, c6, [r5], -0x198",1
"ldrbvc r5, [r1, -0xf74]!",1
"cdpvs p4, 6, c7, c9, c15, 3",1
"rsbvc r5, pc, r7, ror 30",1
"mcrvs p9, 3, r6, c15, c4, 3",1
svcpl 0x630073,1
"strbtvc r7, [pc], -0x571",1
svcpl 0x676e69,1
"ldclvs p4, c7, [sb], -0x1cc",1
"ldrbvc r0, [r1, -0x65]!",1
svcpl 0x65746f,1
"rsbeq r6, sp, sp, ror 10",1
"cdpvs p15, 6, c5, c1, c3, 3",1
"ldmdavs r3!, {r2, r5, r6, r8, sb, sl, fp, ip, lr} ^",1
svcpl 0x6c6c65,1
invalid,1
svcpl 0x6570,1
invalid,1
"ldrbvs r6, [r4, -0x174]!",1
"movwvs r7, 0x45f",1
"strbvs r6, [lr, -0xf6c]!",1
svcvs 0x75715f,1
invalid,1
"ldrbtvc r6, [r0], -0xf5f",1
invalid,1
svcvs 0x757100,1
invalid,1
"ldmdbvc r4!, {r0, r1, r2, r3, r4, r6, r8, sb, ip, sp, lr} ^",1
"cmpvs pc, ip, ror 10",1
"rsbseq r6, r3, r2, ror r7",1
"subsvc r4, r3, pc, asr sb",1
"strbtvc r6, [r3], -0xe75",1
"movtpl r5, 0x9f00",1
"mcrvs p2, 3, r7, c9, c0, 3",1
"ldrbvc r0, [r1, -0x74]!",1
svcpl 0x65746f,1
"strbtvc r7, [pc], -0x571",1
svcpl 0x676e69,1
"ldmdbvs r4!, {r0, r1, r2, r3, r5, r6, ip, sp, lr} ^",1
"rsbseq r6, r3, pc, ror 28",1
"cmnvs r7, 0x17c",1
invalid,1
"ldrbvs r6, [r4, -0xf75]!",1
"rsbsvc r7, r4, 0x7c000001",1
"rsbeq r6, r7, sb, ror 28",1
"ldrbtvc r6, [r4], -0x567",1
svcpl 0x747865,1
"strbtvc r7, [pc], -0x571",1
"cmpmi r1, r5, rrx",1
"mrrcmi p3, 5, r5, r0, c15",1
"ldrbpl r5, [pc], -0x449     ; [0xf0b0:4]=0x53485041",1
"subpl r4, r7, 0x148000",1
"movtpl r5, 0x8041",1
"movtpl r5, 0x9f00",1
"rsbvc r7, r1, r7, ror 4",1
"ldclvs p0, c0, [r3], -0x1a0",1
"ldrbvs r7, [r6, -0x46f]!",1
"ldclvs p0, c0, [r3], -0x18c",1
"eorseq r7, r0, pc, ror 8",1
"strbtvc r7, [pc], -0x571",1
"ldrbvs r6, [r2, -r5, ror 2]!",1
svcvs 0x5f6e5f,1
svcvs 0x697470,1
invalid,1
"ldmdbvs r3!, {r1, r4, r5, r6, r8, sb, sl, sp, lr} ^",1
"andvs r6, r0, 0x1e800000",1
invalid,1
"ldmdavs r3!, {r2, r3, r5, r6, r8, sp, lr} ^",1
"cmnvs r3, 0x17c00000",1
invalid,1
svcvs 0x757100,1
invalid,1
"ldrbtvc r6, [r0], -0xf5f",1
invalid,1
svcvs 0x72665f,1
"ldrbtvc r5, [r3], -0xf6d",1
"rsbeq r6, r5, sb, ror ip",1
"cmpvs r3, pc, asr sb",1
invalid,1
svcvs 0x757100,1
"rsbvc r6, r1, 116, 10",1
"ldrbvc r0, [r1, -0x67]!",1
invalid,1
"cmpvs pc, r2, ror r7",1
invalid,1
svcvs 0x757100,1
"rsbvc r6, r1, 116, 10",1
svcpl 0x6e5f67,1
"ldrbtvc r7, [r3], -0x563",1
invalid,1
"ldrbvs r6, [sl, -0x973]!",1
svcvs 0x757100,1
"rsbvc r6, r1, 116, 10",1
"rsbeq r5, lr, r7, ror 30",1
"strbtvc r7, [pc], -0x571",1
"ldrbvs r6, [r2, -r5, ror 2]!",1
"uhsaxvs r6, r5, pc",1
svcpl 0x726566,1
"ldrbtvc r6, [r3], -0x572",1
"strbtvs r6, [r5], -0xc79",1
svcvs 0x757100,1
"ldrbvc r6, [pc], -0x574     ; [0xf17c:4]=0x6f6f745f",1
"ldrbvs r6, [r3, -0x568]!",1
svcvs 0x6f745f,1
svcvs 0x757100,1
"rsbvc r6, r1, 116, 10",1
svcvs 0x635f67,1
svcpl 0x6e6f6c,1
"rsbeq r6, sp, sp, ror 10",1
"ldmdbvs r4!, {r0, r1, r2, r3, r4, r6, r8, sb, sl, fp, ip, lr} ^",1
"ldrbvc r6, [pc], -0x56d     ; [0xf1a0:4]=0x756e6c61",1
"movtpl r5, 0x9f00",1
"strbvc r6, [lr, -0xc61]!",1
"ldrbvc r0, [r1, -0x6d]!",1
invalid,1
"cmpvs pc, 0x1c80000",1
"cdpvs p12, 6, c6, c15, c15, 3",1
"movtpl r5, 0x9f00",1
"cdpvs p12, 6, c6, c1, c2, 3",1
"ldrbvc r0, [r1, -0x6b]!",1
invalid,1
"mrcvs p7, 2, r6, c15, c2, 3",1
"stclvs p13, c6, [r5, -0x17c]!",1
"strbtvs r6, [r5], -r0, lsl 24",1
"ldrbvc r5, [r1, -0xf74]!",1
"rsbeq r7, r5, pc, ror 8",1
"strbtvc r7, [pc], -0x571",1
"rsbeq r5, lr, r5, ror 30",1
"ldrbvc r4, [r3, -0x95f]",1
"rsbvc r7, r5, 0x70",1
svcvs 0x757100,1
"rsbvc r6, r1, 116, 10",1
"stmdavs r3!, {r0, r1, r2, r5, r6, r8, sb, sl, fp, ip, lr} ^",1
"ldclvs p2, c7, [0x0000f078]",1
"stmdbvs r0, {r0, r2, r5, r6, r8, sl, fp, sp, lr}",1
"rsbeq r6, sp, ip, ror 18",1
svcpl 0x746573,1
"strbtvc r7, [pc], -0x571",1
svcpl 0x676e69,1
"ldclvs p4, c7, [sb], -0x1cc",1
svcpl 0x6e0065,1
"ldmdavs r4!, {r0, r5, r6, r8, sl, ip, sp, lr} ^",1
"rsbseq r7, r3, pc, ror 4",1
"strbtvc r6, [sb], -0xd65",1
invalid,1
"rsbvc r7, r5, pc, asr r2",1
"ldmdbvs r4!, {r0, r1, r2, r3, r5, r6, sb, ip, sp, lr} ^",1
"cmpvs pc, lr, ror 14",1
"ldrbvs r6, [r2, -0x464]!",1
invalid,1
"ldmdbvs r3!, {r0, r2, r5, r6, sb, ip, sp, lr} ^",1
"ldrbvs r6, [0x0000e3d5]     ; [0xe3d5:4]=0x28b080e",1
"cmpvs pc, r4, ror r3",1
invalid,1
"strtvc r6, [pc], -sb, ror 4",1
"ldmdbvs r3!, {r0, r2, r5, r6, sb, ip, sp, lr} ^",1
"strvs r6, [sp, -0xe6f]!",1
invalid,1
"subpl r4, pc, r0, lsl 6",1
"smlsldmi r5, sb, sb, r2",1
"ldmdbpl pc, {r3, r6, sl, ip, lr} ^",1
"subseq r4, r2, r5, asr 2",1
"cmnvc r2, 0x1d800000",1
svcpl 0x6e6f69,1
"rsbeq r7, r3, r5, ror 8",1
"ldmdavs r4!, {r0, r5, r6, r8, sl, ip, sp, lr} ^",1
"rsbeq r6, r2, r4, ror r1",1
"cmnvc r2, 0x1d800000",1
svcpl 0x6e6f69,1
svcpl 0x637465,1
"ldmdbvc r0!, {r0, r1, r5, r6, r8, sb, sl, fp, sp, lr} ^",1
"stmdavs r7!, {r1, r4, r5, r6, r8, fp, sp, lr} ^",1
"ldrbvs r0, [r6, -0x74]!",1
svcvs 0x697372,1
"strbtvc r5, [r5], -0xf6e",1
"cmnvs r6, r3, ror 30",1
"rsbvc r7, r5, 0, 12",1
"mcrvs p9, 3, r6, c15, c3, 3",1
"cmnvs r4, 0x17c00000",1
"rsbseq r6, r2, pc, asr r1",1
svchs 0x62696c,1
"cmnvc r2, 0x1d800000",1
"stclhs p15, c6, [lr, -0x1a4]!",1
"stclhs p4, c7, [r3, -0x194]!",1
"cdphs p3, 6, c7, c6, c6, 3",1
"rsbslo r0, r8, 0x63",1
"stclvs p5, c6, [r1], -0x1c8",1
"rsbeq r6, r3, ip, ror 30",1
invalid,1
invalid,1
"strbvs r7, [sp, -0x800]!",1
"rsbsvc r6, r5, sp, ror 8",1
"stclvs p8, c7, [lr, -0]!",1
svcvs 0x6c6c61,1
"stmdbvs ip!, {r0, r1, r5, r6} ^",1
"ldclvs p15, c2, [r8, -0x188]!",1
svcvs 0x6c6c61,1
"rsbeq r2, r3, r3, ror 28",1
"stclvs p13, c6, [r1], -0x1e0",1
"rsbeq r6, r3, ip, ror 30",1
invalid,1
"rsbeq r6, r3, ip, ror 30",1
"ldrbmi r4, [r6, -0x148]",1
"strbpl r4, [lr, -0x75f]",1
"mcrrmi p3, 5, r4, r1, c15",1
"subeq r4, r3, ip, asr 30",1
invalid,1
"stclvs p1, c6, [ip], -0x1c8",1
"stmdavc r0, {r0, r1, r2, r3, r5, r6, r8, sb, sp, lr}",1
"ldrbvs r6, [r2, -0xe32]!",1
svcvs 0x6c6c61,1
"cmnvc r8, 0x63",1
"strbvc r7, [r4, -0x274]!",1
"mrcvs p0, 3, r0, c8, c0, 3",1
"stclvs p5, c6, [r1], -0x1c8",1
"rsbeq r6, r3, ip, ror 30",1
"stclvs p3, c6, [r1], -0x1e0",1
"rsbeq r6, r3, ip, ror 30",1
"stclvs p1, c6, [ip], -0x1e0",1
"ldrbvs r6, [pc], -0x36f     ; [0xf354:4]=0x782f6269",1
invalid,1
"stmdavc pc!, {r0, r3, r5, r6, sb, sp, lr}",1
svcvs 0x6c6c61,1
"stmdbvs r4!, {r0, r1, r5, r6, r8, sl, fp, sp} ^",1
"rsbeq r2, r3, r5, ror 28",1
svchs 0x62696c,1
"ldrbtvc r2, [r3], -0xd63",1
invalid,1
"rsbvc r6, sp, r5, ror 6",1
"movwvs r6, 0x32e",1
"rsbsvc r7, r4, 0x7c000001",1
"ldrbvs r6, [r3, -0x163]!",1
"rsbseq r6, r0, r3, ror 26",1
"strbvs r6, [sp, -0xf73]!",1
"mcrvs p0, 3, r7, c5, c15, 2",1
"strbvs r6, [lr, -r4, ror 18]!",1
svcvs 0x6c6300,1
"cmpvc pc, 0x1cc00000",1
invalid,1
"stmdbvs ip!, {r0, r2, r3, r5, r6} ^",1
"stclvs p15, c2, [r3], -0x188",1
"stclhs p3, c7, [r5, -0x1bc]!",1
"ldrbvs r7, [r2, -0x473]!",1
invalid,1
"ldrbvs r7, [r2, -0]!",1
invalid,1
"strvs r6, [r0], -sb, ror 24",1
invalid,1
invalid,1
svcpl 0x6c69,1
"ldrbpl r4, [pc], -0xc4e     ; [0xf3d0:4]=0x454e4f48",1
"subpl r4, r5, r5, asr 24",1
"strbmi r4, [lr, -0xf48]",1
"mcrrmi p4, 5, r5, r5, c15",1
"strbpl r4, [lr], -0x95f",1
"strbpl r4, [sp], -0x65f",1
"mcrrmi p15, 0, r5, lr, c0",1
svcmi 0x4d575f,1
"eorslo r5, r1, lr, asr 30",1
"mcrrmi p15, 0, r5, lr, c0",1
svcmi 0x4d575f,1
"teqlo r1, lr, asr 30",1
"mcrrmi p15, 0, r5, lr, c0",1
svcmi 0x4d575f,1
"eorslo r5, r1, 0x138",1
"ldrbtvs r6, [r5], -r0, lsl 4",1
"mrcmi p0, 2, r0, c15, c2, 1",1
"ldmdbmi r4, {r2, r3, r6, r8, sb, sl, fp, ip, lr} ^",1
"ldrbmi r4, [pc], -sp, asr 10 ; [0xf418:4]=0x4545575f",1
"ldrbpl r5, [r3], -0x249",1
"strbmi r5, [r5, -0x75f]",1
"stmdbpl r1, {r0, r1, r3, r6, sl, lr} ^",1
"mcrrmi p15, 0, r5, lr, c0",1
"mcrmi p13, 2, r4, c15, c15, 2",1
"subpl r5, r1, 0x45000000",1
svcmi 0x435f59,1
"subpl r5, r5, 0x4e00000",1
"mcrmi p9, 2, r4, c15, c3, 2",1
"strbpl r5, [r1], -0x25f",1
"cdpmi p0, 5, c0, c15, c5, 2",1
"strbmi r5, [sb], -0xf4c",1
"ldmdbmi r4, {r0, r2, r6, sb, sl, fp, lr} ^",1
invalid,1
"mcrmi p9, 2, r4, c15, c4, 2",1
"subspl r4, r0, pc, asr r1",1
invalid,1
"mcrmi p9, 2, r4, c15, c4, 2",1
"mcrrmi p15, 0, r5, lr, c0",1
"strbmi r4, [r4, -0x95f]",1
"strbmi r5, [sb], -lr, asr 8",1
"strbpl r4, [r1], -0x349",1
svcpl 0x4e4f49,1
"subeq r4, ip, r4, asr r5",1
svcpl 0x4c4e5f,1
"strbmi r4, [sp, -0x954]",1
"strbmi r4, [pc], -0x35f",1
"strbpl r5, [r5], -0x345",1
"ldmdbmi pc, {r8, sb, sl, fp, ip, lr} ^",1
"subspl r5, pc, lr, asr 8",1
"subpl r5, r5, pc, asr r3",1
svcpl 0x59425f,1
"movtmi r5, 0x1053",1
"cdpmi p0, 5, c0, c15, c5, 2",1
"strbpl r5, [r3], -0xf4c",1
svcpl 0x455059,1
"strbmi r4, [r4, -0xf43]",1
svcpl 0x544553,1
"strbmi r4, [sp, -0x14e]",1
"mcrrmi p15, 0, r5, lr, c0",1
"ldmdbpl r4, {r0, r1, r2, r3, r4, r6, r8, sb, lr} ^",1
"ldmdbmi pc, {r4, r6, r8, sl, lr} ^",1
"strbmi r4, [sb, -lr, asr 8]",1
"subslo r5, r3, 0x49000000",1
"subeq r4, r2, pc, asr sp",1
svcpl 0x4c4e5f,1
"stmdbpl r1, {r0, r1, r2, r4, r6, sl, lr} ^",1
svcpl 0x325f,1
"ldrbpl r4, [pc], -0xc4e     ; [0xf4dc:4]=0x5f415245",1
svcpl 0x454d49,1
svcpl 0x415245,1
"subspl r4, r4, 0x450",1
"subseq r4, r3, sb, asr 10",1
svcpl 0x4c4e5f,1
"stclmi p1, c4, [r2, -0x15c]",1
"cmplo pc, pc, asr 28",1
"mcrrmi p15, 0, r5, lr, c0",1
"submi r5, r1, 0x17c0000",1
svcpl 0x4e4f4d,1
"mrcmi p0, 2, r0, c15, c2, 1",1
"cmpmi r7, ip, asr 30",1
"cdpmi p13, 4, c4, c15, c2, 2",1
svcpl 0x335f,1
"ldrbpl r4, [pc, -lr, asr 24] ; [0xf518:4]=0x345f4e",1
svcmi 0x4d4241,1
"eorseq r5, r4, lr, asr 30",1
svcpl 0x4c4e5f,1
"stclmi p1, c4, [r2, -0x15c]",1
"ldrblo r4, [0x0000e6dd]     ; [0xe6dd:4]=0x4c0000cf",1
"mcrrmi p15, 0, r5, lr, c0",1
"submi r5, r1, 0x17c0000",1
svcpl 0x4e4f4d,1
"mrcmi p0, 2, r0, c15, c6, 1",1
"cmpmi r7, ip, asr 30",1
"cdpmi p13, 4, c4, c15, c2, 2",1
svcpl 0x375f,1
"ldrbpl r4, [pc, -lr, asr 24] ; [0xf54c:4]=0x385f4e",1
svcmi 0x4d4241,1
"eorseq r5, r8, lr, asr 30",1
svcpl 0x4c4e5f,1
"stclmi p1, c4, [r2, -0x15c]",1
"ldmdblo pc, {r0, r1, r2, r3, r6, sb, sl, fp, lr} ^",1
svcmi 0x485400,1
"subpl r5, r5, r5, asr r3",1
"mcrrmi p15, 0, r5, lr, c0",1
"mcrmi p13, 2, r4, c15, c15, 2",1
"subpl r5, r1, 0x45000000",1
"strbpl r5, [r4, -0xf59]",1
"cdpmi p15, 4, c5, c9, c15, 2",1
svcpl 0x505f54,1
"subspl r5, pc, r3, asr 6",1
"strbmi r4, [r3, -0x552]",1
"subseq r4, r3, r4, asr 10",1
svcpl 0x4c4e5f,1
"cdpmi p4, 4, c4, c5, c9, 2",1
"stmdbmi r6, {r2, r4, r6, r8, fp, lr} ^",1
"ldmdbmi r4, {r0, r1, r6, r8, lr} ^",1
"ldrbmi r4, [0x0000e751]     ; [0xe751:4]=0x48000008",1
"mcrrmi p1, 4, r4, sb, c13",1
"mcrrmi p15, 0, r5, lr, c0",1
"ldclmi p14, c4, [r5, -0x17c]",1
svcpl 0x434c5f,1
"strbmi r4, [sp, -0x954]",1
"mcrrmi p15, 0, r5, lr, c0",1
"ldmdbpl r4, {r0, r1, r2, r3, r4, r6, r8, sb, lr} ^",1
"ldrbpl r4, [pc], -0x550     ; [0xf5c0:4]=0x5f54494c",1
"movtpl r4, 0xe152",1
svcpl 0x54494c,1
"ldmdbmi pc, {r2, r4, r6, r8, sb, sl, fp, lr} ^",1
svcpl 0x5844,1
"ldclmi p12, c4, [0x0000f49c]",1
"strbpl r4, [r5], -0xe4f",1
svcpl 0x595241,1
"strbmi r4, [r4, -0xf43]",1
"subseq r4, r4, r3, asr r5",1
svcpl 0x4c4e5f,1
"qdaddmi r5, r7, r4",1
"usaxmi r4, pc, r4",1
svcpl 0x544d,1
"cmpmi pc, 0x4e00",1
invalid,1
invalid,1
"stmdami r7, {r0, r2, r6, r8, fp, lr} ^",1
"subeq r4, r2, r4, asr sp",1
svcpl 0x4c4e5f,1
"mcrrmi p15, 4, r4, ip, c3",1
svcpl 0x455441,1
"stmdbmi r4, {r0, r3, r6, sb, sl, fp, lr} ^",1
"strbpl r4, [r3], -0x552",1
svcpl 0x4357,1
"ldclmi p12, c4, [0x0000f4ec]",1
"strbpl r4, [r5], -0xe4f",1
svcpl 0x595241,1
svcpl 0x4f5544,1
"movtpl r5, 0x3f4e",1
"ldrbmi r5, [r2, -0x5f]",1
"strbmi r4, [r4, -0x543]",1
"mrcmi p0, 2, r0, c15, c3, 2",1
"strbpl r5, [lr, -0xf4c]",1
"movtmi r5, 0xcf4d",1
"mcrrmi p3, 5, r4, pc, c15",1
"ldrbmi r4, [r4, -0x14c]",1
"mcrrmi p15, 0, r5, lr, c0",1
svcpl 0x44575f,1
"stclmi p15, c5, [r6, -0x150]",1
"mrcmi p0, 2, r0, c15, c4, 2",1
"ldrbmi r5, [r7], -0xf4c",1
"cmplo pc, r1, asr 18",1
"mcrrmi p15, 0, r5, lr, c0",1
"qdaddmi r5, pc, r4",1
"eorseq r5, r3, sb, asr pc",1
svcpl 0x4c4e5f,1
"stmdbpl r1, {r0, r1, r2, r4, r6, sl, lr} ^",1
svcpl 0x345f,1
"ldrbpl r4, [pc, -lr, asr 24] ; [0xf684:4]=0x4e5f0035",1
svcpl 0x594144,1
"mrcmi p0, 2, r0, c15, c5, 1",1
"ldrbmi r5, [r7], -0xf4c",1
"ldrblo r5, [pc], -r1, asr 18 ; [0xf694:4]=0x4144575f",1
"mcrrmi p15, 0, r5, lr, c0",1
"qdaddmi r5, pc, r4",1
"eorseq r5, r7, sb, asr pc",1
svcpl 0x4c4e5f,1
"subspl r5, sb, r3, asr 8",1
"subspl r5, r4, 0x114",1
"mrrcmi p14, 4, r4, r3, c1",1
"ldrbmi r5, [pc], -0x449     ; [0xf6b4:4]=0x4d5f544c",1
"strbpl r4, [r1, -0x645]",1
"ldclmi p4, c5, [0x0000f58c]",1
"ldmdbmi r3, {r0, r3, r6, r8, sb, ip, lr} ^",1
svcpl 0x474e,1
"cmpmi pc, 0x4e00",1
"ldrbmi r5, [r0, -0x954]",1
"ldrbpl r4, [r5], -0xf5f",1
"stmdbmi r7, {r2, r6, r8, fp, lr} ^",1
invalid,1
"cdpmi p0, 5, c0, c15, c3, 2",1
"cmpmi r0, ip, asr 30",1
svcpl 0x524550,1
"strbpl r4, [r4], -0x957",1
"cdpmi p0, 5, c0, c15, c8, 2",1
"strbmi r5, [sp, -0xf4c]",1
"subspl r5, r5, 0x4000001",1
"cdpmi p13, 4, c4, c5, c5, 2",1
svcmi 0x435f54,1
"ldrbmi r4, [r3, -0x544]",1
svcvs 0x6c0054,1
"strbvs r6, [ip, -0x163]!",1
"qdsubvs r6, pc, r8",1
"strbtvc r7, [r5], -0x372",1
"mcrrmi p15, 0, r5, lr, c0",1
"ldmdbpl r4, {r0, r1, r2, r3, r4, r6, r8, sb, lr} ^",1
svcmi 0x5f4550,1
"stmdbmi r4, {r0, r2, r4, r6, sl, ip, lr} ^",1
"cmplo r4, 0x11c000",1
"subeq r5, r3, pc, asr r7",1
svcpl 0x746567,1
"rsbvc r6, r1, 0x630000",1
svcpl 0x746573,1
invalid,1
"rsbseq r6, r3, r3, ror r5",1
svcpl 0x4c4e5f,1
"strbmi r4, [sp, -0x954]",1
"subpl r4, sb, 0x5f00000",1
invalid,1
"strbmi r5, [fp], -0x24f",1
svcpl 0x5941,1
"cmpmi pc, 0x4e00",1
"ldrbmi r5, [r0, -0x954]",1
"ldrbpl r4, [r5], -0xf5f",1
"stmdbmi r7, {r2, r6, r8, fp, lr} ^",1
invalid,1
svcpl 0x5f0043,1
"stmdapl r5, {r1, r2, r3, r6, r8, sb, sl, fp, lr} ^",1
svcpl 0x5250,1
"cmpmi pc, 0x4e00",1
"ldrbmi r5, [r0, -0x954]",1
"ldrbpl r4, [r5], -0xf5f",1
"stmdbmi r7, {r2, r6, r8, fp, lr} ^",1
invalid,1
svcpl 0x5f0043,1
"ldmdbmi r3, {r1, r2, r3, r6, r8, sb, sl, fp, ip, lr} ^",1
"subspl r4, pc, r7, asr 28",1
"subeq r5, lr, pc, asr 6",1
svcpl 0x4c4e5f,1
"subspl r5, sb, r3, asr 8",1
"strbpl r5, [0x0000e85f]",1
"smlsldmi r4, sb, r4, r4",1
svcpl 0x395449,1
svcpl 0x4357,1
"ldmdbmi pc, {r1, r2, r3, r6, sl, fp, lr} ^",1
"strbpl r4, [lr], -0x544",1
"movtmi r4, 0x9649",1
svcmi 0x495441,1
invalid,1
"mrcmi p0, 2, r0, c15, c8, 2",1
"ldmdbmi r4, {r2, r3, r6, r8, sb, sl, fp, ip, lr} ^",1
"cmpmi pc, 0x13400000",1
"ldrbmi r4, [pc], -0xc41     ; [0xf7d4:4]=0x4e4f4954",1
"movtmi r5, 0x5249",1
"mcrmi p9, 2, r4, c15, c4, 2",1
"mcrrmi p15, 0, r5, lr, c0",1
"mcrmi p13, 2, r4, c15, c15, 2",1
"subpl r5, r1, 0x45000000",1
"strbpl r5, [r4, -0xf59]",1
"cmpmi r6, pc, asr 30",1
svcpl 0x44494c,1
"stclmi p2, c5, [0x0000f6e0]",1
"mcrrmi p15, 0, r5, lr, c0",1
"strbmi r4, [r4], -0x15f",1
"cmppl r3, 0x14800000",1
"mcrmi p12, 2, r4, c1, c15, 2",1
"stmdbmi ip, {r0, r1, r2, r6, r8, sb, sl, fp, ip, lr} ^",1
"cdpmi p0, 5, c0, c15, c2, 2",1
svcmi 0x435f4c,1
"strbpl r4, [r1], -0xc4c",1
"cmpmi r4, r5, asr 30",1
"strbpl r4, [r5, -r2, asr 24]",1
"cdpmi p0, 5, c0, c15, c3, 2",1
invalid,1
"cdpmi p5, 5, c4, c15, c13, 2",1
svcpl 0x454d41,1
svcpl 0x524d,1
"cdpmi p12, 5, c4, c15, c14, 2",1
svcpl 0x454d41,1
"strbmi r4, [sp, -0x14e]",1
"subseq r4, r3, pc, asr sp",1
svcpl 0x4c4e5f,1
"subspl r5, sb, r3, asr 8",1
"cdpmi p15, 4, c5, c9, c5, 2",1
"stmdbmi r7, {r2, r6, r8, fp, lr} ^",1
svcpl 0x305354,1
svcpl 0x4357,1
"cmpmi pc, 0x4e00",1
"ldrbmi r5, [r0, -0x954]",1
"strbmi r4, [lr], -0x95f",1
"strbpl r4, [sb], -0x749",1
invalid,1
"cdpmi p0, 5, c0, c15, c3, 2",1
"strbpl r5, [lr, -0xf4c]",1
"movtmi r5, 0xcf4d",1
"movtpl r4, 0x5d5f",1
"strbmi r4, [r7, -0x153]",1
"mrcmi p0, 2, r0, c15, c3, 2",1
"strbpl r5, [r3], -0xf4c",1
svcpl 0x455059,1
"stmdbmi r4, {r0, r3, r6, sb, sl, fp, lr} ^",1
"cmppl r4, 0x11c000",1
"cmpmi r7, 52, 30            ; 0x34",1
"mcrrmi p15, 0, r5, lr, c0",1
"ldmdbpl r4, {r0, r1, r2, r3, r4, r6, r8, sb, lr} ^",1
"ldrbmi r4, [0x0000f358]     ; [0xf358:4]=0x6f6c6c61",1
"cmpmi r2, r8, asr r4",1
"subpl r4, r1, pc, asr sp",1
"eorseq r3, r1, pc, asr r1",1
svcpl 0x4c4e5f,1
"subspl r5, sb, r3, asr 8",1
"subspl r5, r4, 0x114",1
"mrrcmi p14, 4, r4, r3, c1",1
"ldrbmi r5, [pc], -0x449     ; [0xf8c8:4]=0x4d5f544c",1
"strbpl r4, [r1, -0x645]",1
"ldclmi p4, c5, [0x0000f7a0]",1
"ldmdbmi r3, {r0, r3, r6, r8, sb, ip, lr} ^",1
"mrrcmi p7, 4, r4, pc, c14",1
svcpl 0x4e45,1
"cmpmi pc, 0x4e00",1
"ldrbmi r5, [r0, -0x954]",1
"cmpmi r2, pc, asr r4",1
"stmdbmi ip, {r1, r2, r3, r6, r8, sb, ip, lr} ^",1
svcmi 0x545f54,1
"mcrrmi p4, 5, r5, r2, c15",1
"mcrrmi p15, 0, r5, lr, c0",1
"ldmdbpl r4, {r0, r1, r2, r3, r4, r6, r8, sb, lr} ^",1
"ldrbmi r4, [0x0000f3b0]     ; [0xf3b0:4]=0x65727000",1
"cmpmi r2, r8, asr r4",1
"subpl r4, r1, pc, asr sp",1
"eorseq r3, r4, pc, asr r1",1
svcpl 0x4c4e5f,1
"subspl r5, sb, r3, asr 8",1
"cdpmi p15, 4, c5, c9, c5, 2",1
"stmdbmi r7, {r2, r6, r8, fp, lr} ^",1
svcpl 0x365354,1
svcpl 0x4357,1
"cmpmi pc, 0x4e00",1
"ldrbmi r5, [r0, -0x954]",1
"strbpl r5, [0x0000f4d1]",1
"subpl r5, r5, 0x50",1
svcpl 0x3233,1
"ldrbpl r4, [pc], -0xc4e     ; [0xf93c:4]=0x5f415245",1
svcpl 0x454d49,1
svcpl 0x415245,1
svcpl 0x4d554e,1
"subspl r4, r4, 0x450",1
"subseq r4, r3, sb, asr 10",1
svcpl 0x4c4e5f,1
"subspl r5, sb, r3, asr 8",1
"cdpmi p15, 4, c5, c9, c5, 2",1
"stmdbmi r7, {r2, r6, r8, fp, lr} ^",1
svcpl 0x385354,1
svcpl 0x4357,1
"mcrmi p13, 2, r4, c15, c15, 2",1
"movtmi r4, 0x545f",1
"mcrrmi p13, 4, r4, r1, c9",1
"stmdbmi pc, {r0, r1, r2, r3, r4, r6, ip, lr} ^",1
svcpl 0x544e,1
"ldclmi p12, c4, [0x0000f848]",1
"strbpl r4, [r5], -0xe4f",1
svcpl 0x595241,1
svcpl 0x4f5544,1
"movtpl r5, 0x3f50",1
"ldrbmi r5, [r2, -0x5f]",1
"strbmi r4, [r4, -0x543]",1
svcpl 0x5f0053,1
"ldrbmi r5, [r3, -0xf4e]",1
"stmdbpl r2, {r4, r6, r8, sb, sl, fp, ip, lr} ^",1
"cmpmi r0, pc, asr r3",1
svcpl 0x4543,1
"cdpmi p12, 5, c4, c15, c14, 2",1
"mrrcmi p13, 5, r4, pc, c5",1
"strbpl r5, [r3], -0xf43",1
"subeq r5, r5, sb, asr r0",1
svcpl 0x4c4e5f,1
svcpl 0x4d554e,1
"ldrbpl r4, [pc], -0x34c     ; [0xf9c8:4]=0x454e4f48",1
"subpl r4, r5, r5, asr 24",1
"strbmi r4, [lr, -0xf48]",1
"mcrrmi p15, 0, r5, lr, c0",1
"stclmi p14, c4, [r1, -0x17c]",1
svcmi 0x435f45,1
"ldrbmi r4, [r3, -0x544]",1
"mrcmi p0, 2, r0, c15, c4, 2",1
svcmi 0x4d5f4c,1
"cmpmi r4, lr, asr 10",1
"ldrbmi r5, [pc], -0x952     ; [0xf9f0:4]=0x4e5f544e",1
"ldmdbmi pc, {r0, r2, r4, r6, r8, sb, sl, fp, lr} ^",1
"cdpmi p4, 5, c5, c15, c14, 2",1
svcpl 0x53435f,1
"movtmi r5, 0x5250",1
"movtpl r4, 0x5445",1
"mcrrmi p15, 0, r5, lr, c0",1
"ldmdbpl r4, {r0, r1, r2, r3, r4, r6, r8, sb, lr} ^",1
svcmi 0x5f4550,1
"stmdbmi r4, {r0, r2, r4, r6, sl, ip, lr} ^",1
"subslo r4, r4, r7, asr 18",1
"subeq r4, r2, pc, asr sp",1
svcpl 0x4c4e5f,1
"mcrrmi p15, 4, r4, ip, c3",1
svcpl 0x455441,1
"strbmi r5, [ip, -0x552]",1
"cmppl r4, 0x14c00000",1
"mcrrmi p15, 0, r5, lr, c0",1
"ldmdbpl r4, {r0, r1, r2, r3, r4, r6, r8, sb, lr} ^",1
svcmi 0x5f4550,1
"stmdbmi r4, {r0, r2, r4, r6, sl, ip, lr} ^",1
"subslo r4, r4, 0x11c000",1
"subeq r4, r2, pc, asr sp",1
svcpl 0x4c4e5f,1
"mcrmi p13, 2, r4, c15, c7, 2",1
svcpl 0x355f,1
"ldrbpl r4, [pc, -lr, asr 24] ; [0xfa58:4]=0x4e5f0036",1
svcpl 0x4e4f4d,1
"mrcmi p0, 2, r0, c15, c6, 1",1
"ldclmi p15, c5, [r7, -0x130]",1
"ldrblo r4, [pc, -pc, asr 28] ; [0xfa68:4]=0x4f4d575f",1
"mcrrmi p15, 0, r5, lr, c0",1
svcmi 0x4d575f,1
"eorseq r5, r8, lr, asr 30",1
svcpl 0x4c4e5f,1
"mcrmi p13, 2, r4, c15, c7, 2",1
svcpl 0x395f,1
"cmpmi pc, 0x4e00",1
invalid,1
"ldrbmi r4, [0x0000f538]     ; [0xf538:4]=0x41575f4c",1
"cmpmi r2, r8, asr r4",1
svcpl 0x4357,1
"cmpmi pc, 0x4e00",1
"ldrbmi r5, [r0, -0x954]",1
"ldrbpl r4, [r5], -0xf5f",1
"stmdbmi r7, {r2, r6, r8, fp, lr} ^",1
"ldclmi p4, c3, [0x0000f958]",1
"cdpmi p0, 5, c0, c15, c2, 2",1
svcmi 0x4d5f4c,1
"cmpmi r4, lr, asr 10",1
"ldrbmi r5, [pc], -0x952     ; [0xfab8:4]=0x4e5f544e",1
"ldmdbmi pc, {r0, r2, r4, r6, r8, sb, sl, fp, lr} ^",1
"cdpmi p4, 5, c5, c15, c14, 2",1
"smlsldmi r5, sb, pc, r3",1
svcmi 0x505f4e,1
svcpl 0x4e53,1
"cmpmi pc, 0x4e00",1
"ldrbmi r5, [r0, -0x954]",1
"cmpmi r2, pc, asr r4",1
"stmdbmi ip, {r1, r2, r3, r6, r8, sb, ip, lr} ^",1
"cmpmi r4, r4, asr pc",1
"ldmdbmi r3, {r1, r6, r8, sb, sl, fp, ip, lr} ^",1
svcpl 0x455a,1
"cmpmi pc, 0x4e00",1
"ldrbmi r5, [r0, -0x954]",1
"ldrbpl r4, [r5], -0xf5f",1
"stmdbmi r7, {r2, r6, r8, fp, lr} ^",1
"ldclmi p6, c3, [0x0000f9ac]",1
"cdpmi p0, 5, c0, c15, c2, 2",1
"ldrbmi r5, [r7, -0xf4c]",1
"ldrbpl r4, [pc], -0x152     ; [0xfb08:4]=0x4c4e5f00",1
"strbpl r4, [sp], -0x65f",1
"mcrrmi p15, 0, r5, lr, c0",1
"mcrmi p13, 2, r4, c15, c15, 2",1
"subpl r5, r1, 0x45000000",1
"subpl r5, r3, 0x164",1
"cmppl sb, 0x38000001",1
svcpl 0x5254,1
"cmpmi pc, 0x4e00",1
"ldrbmi r5, [r0, -0x954]",1
"ldrbpl r4, [r5], -0xf5f",1
"stmdbmi r7, {r2, r6, r8, fp, lr} ^",1
"ldclmi p8, c3, [0x0000f9e8]",1
"cdpmi p0, 5, c0, c15, c2, 2",1
svcmi 0x435f4c,1
"strbpl r4, [r1], -0xc4c",1
"cdpmi p15, 4, c5, c9, c5, 2",1
"ldrbmi r4, [r2, -0x944]",1
"submi r5, sp, 0x43000000",1
"mcrrmi p15, 0, r5, lr, c0",1
"stclmi p14, c4, [r1, -0x17c]",1
invalid,1
"ldrbmi r4, [pc, -sp, asr 10] ; [0xfb60:4]=0x435f4c4e",1
svcpl 0x4e45,1
"cmpmi pc, 0x4e00",1
"ldrbmi r5, [r0, -0x954]",1
"cmpmi r2, pc, asr r4",1
"stmdbmi ip, {r1, r2, r3, r6, r8, sb, ip, lr} ^",1
"smlsldmi r5, sb, r4, pc",1
"ldrbmi r4, [r2, -0xf4e]",1
"mcrmi p12, 2, r4, c5, c15, 2",1
"mcrrmi p15, 0, r5, lr, c0",1
"ldclmi p14, c4, [r5, -0x17c]",1
"movtmi r5, 0x9245",1
"movtmi r4, 0x545f",1
"mcrrmi p13, 4, r4, r1, c9",1
"stmdbmi pc, {r0, r1, r2, r3, r4, r6, ip, lr} ^",1
"ldrbpl r5, [pc, -lr, asr 8] ; [0xfb9c:4]=0x54435f4c",1
"cdpmi p0, 5, c0, c15, c3, 2",1
"strbpl r5, [r3], -0xf4c",1
svcpl 0x455059,1
svcpl 0x50414d,1
"movtpl r4, 0x664f",1
svcpl 0x5445,1
"ldmdbmi pc, {r1, r2, r3, r6, sl, fp, lr} ^",1
"strbpl r4, [lr], -0x544",1
"movtmi r4, 0x9649",1
svcmi 0x495441,1
svcmi 0x435f4e,1
"ldrbmi r4, [r3, -0x544]",1
"mrcmi p0, 2, r0, c15, c4, 2",1
"strbpl r5, [r3], -0xf4c",1
svcpl 0x455059,1
"movtpl r4, 0x1c43",1
"mrcmi p0, 2, r0, c15, c3, 2",1
"ldrbmi r5, [r7, -0xf4c]",1
"ldmdbpl pc, {r1, r4, r6, r8, lr} ^",1
"subseq r4, r2, r5, asr 2",1
svcpl 0x4c4e5f,1
svcpl 0x4d554e,1
"ldmdbmi pc, {r2, r3, r6, r8, sb, lr} ^",1
"strbpl r4, [lr], -0x544",1
"movtmi r4, 0x9649",1
svcmi 0x495441,1
"cdpmi p0, 5, c0, c15, c14, 2",1
svcmi 0x4d5f4c,1
"cmpmi r4, lr, asr 10",1
"ldrbmi r5, [pc], -0x952     ; [0xfc14:4]=0x505f4c41",1
"stclmi p3, c4, [sb, -0x114]",1
"subspl r4, pc, r1, asr 24",1
"strbpl r4, [lr], -0x94f",1
"subeq r5, r3, pc, asr r7",1
"ldmdami r4, {r0, r1, r2, r3, r4, r6, r8, sb, sl, fp, ip, lr} ^",1
"cmpmi r3, pc, asr 10",1
svcpl 0x53444e,1
"subseq r4, r0, r3, asr r5",1
svcpl 0x4c4e5f,1
"subspl r5, sb, r3, asr 8",1
"mcrrmi p15, 4, r5, r3, c5",1
svcpl 0x535341,1
"strbmi r4, [sp, -0x14e]",1
"mrcmi p0, 2, r0, c15, c3, 2",1
"strbpl r5, [r3], -0xf4c",1
svcpl 0x455059,1
"subspl r5, r4, 0x450000",1
invalid,1
"eorslo r5, r1, r0, asr pc",1
"mcrrmi p15, 0, r5, lr, c0",1
"stclmi p4, c5, [sb, -0x17c]",1
"ldrbmi r5, [r7, -0xf45]",1
"cmplo pc, r5, asr 22",1
"qdaddmi r5, r3, r4",1
"mrcmi p0, 2, r0, c15, c9, 2",1
"strbpl r5, [r3], -0xf4c",1
svcpl 0x455059,1
"subspl r5, r4, 0x450000",1
invalid,1
"eorslo r5, r1, 80, 30",1
"mcrrmi p15, 0, r5, lr, c0",1
"ldmdbpl r4, {r0, r1, r2, r3, r4, r6, r8, sb, lr} ^",1
"ldrbmi r4, [0x0000f748]     ; [0xf748:4]=0x444b524f",1
"cmpmi r2, r8, asr r4",1
"subpl r4, r1, pc, asr sp",1
"eorseq r3, r3, pc, asr r1",1
svcpl 0x4c4e5f,1
"subspl r5, sb, r3, asr 8",1
"subspl r5, r4, 0x114",1
"mrrcmi p14, 4, r4, r3, c1",1
"ldrbmi r5, [pc], -sb, asr 8 ; [0xfcb8:4]=0x584449",1
svcpl 0x4d4f52,1
"subseq r4, r8, sb, asr 8",1
svcpl 0x4c4e5f,1
"subspl r5, sb, r3, asr 8",1
"cdpmi p15, 4, c5, c9, c5, 2",1
"stmdbmi r7, {r2, r6, r8, fp, lr} ^",1
svcpl 0x315354,1
svcpl 0x424d,1
"ldrbpl r4, [pc, -lr, asr 24] ; [0xfcdc:4]=0x4e5f0054",1
"stclmi p15, c5, [r6, -0x150]",1
"mrcmi p0, 2, r0, c15, c4, 2",1
"strbmi r5, [sb], -0xf4c",1
"ldmdbmi r4, {r0, r2, r6, sb, sl, fp, lr} ^",1
invalid,1
"mcrmi p9, 2, r4, c15, c4, 2",1
"strbmi r4, [r4], -0x15f",1
"cmppl r3, 0x14800000",1
"mcrrmi p15, 0, r5, lr, c0",1
"ldmdbpl r4, {r0, r1, r2, r3, r4, r6, r8, sb, lr} ^",1
invalid,1
"eorseq r5, r1, r1, asr 32",1
svcpl 0x4c4e5f,1
"subspl r5, sb, r3, asr 8",1
invalid,1
svcpl 0x3250,1
"cmpmi pc, 0x4e00",1
"ldrbmi r5, [r0, -0x954]",1
"subpl r4, r1, pc, asr r7",1
"mrcmi p0, 2, r0, c15, c3, 1",1
"strbpl r5, [r3], -0xf4c",1
svcpl 0x455059,1
"ldrblo r4, [r0], -0x147",1
"mcrrmi p15, 0, r5, lr, c0",1
"ldmdbpl r4, {r0, r1, r2, r3, r4, r6, r8, sb, lr} ^",1
invalid,1
"eorseq r5, r5, r1, asr 32",1
svcpl 0x4c4e5f,1
"subspl r5, sb, r3, asr 8",1
invalid,1
svcpl 0x3650,1
"cmpmi pc, 0x4e00",1
"ldrbmi r5, [r0, -0x954]",1
"strbmi r4, [lr], -0x95f",1
"strbpl r4, [sb], -0x749",1
"ldclmi p3, c3, [0x0000fc20]",1
"cdpmi p0, 5, c0, c15, c2, 2",1
"subspl r5, r7, ip, asr 30",1
"ldrbpl r5, [r3], -0xf4d",1
"mrcmi p0, 2, r0, c15, c2, 2",1
"strbmi r5, [sb], -0xf4c",1
"ldmdbmi r4, {r0, r2, r6, sb, sl, fp, lr} ^",1
invalid,1
"mcrmi p9, 2, r4, c15, c4, 2",1
"strbpl r4, [r1], -0x35f",1
"subpl r4, pc, 0x1140000",1
"mrcmi p0, 2, r0, c15, c9, 2",1
"strbpl r5, [r3], -0xf4c",1
svcpl 0x455059,1
invalid,1
"stmdbmi sb, {r0, r1, r4, r6, r8, sb, lr} ^",1
"movtpl r4, 0x135f",1
"cdpmi p0, 5, c0, c15, c5, 2",1
invalid,1
"cdpmi p5, 5, c4, c15, c13, 2",1
svcpl 0x454d41,1
"subseq r4, r4, r6, asr 26",1
svcpl 0x4c4e5f,1
"subspl r5, sb, r3, asr 8",1
svcmi 0x545f45,1
"ldrbmi r5, [r0, -0x55]",1
"mrcmi p0, 2, r0, c15, c2, 2",1
"strbpl r5, [r3], -0xf4c",1
svcpl 0x455059,1
"stmdbmi r4, {r0, r3, r6, sb, sl, fp, lr} ^",1
"cmppl r4, 0x11c000",1
"submi r5, sp, 53, 30",1
"rsbvs r6, sb, 0, 24",1
invalid,1
"stmdavs r3!, {r0, r5, r6, sl, fp, sp, lr} ^",1
"ldrbvs r7, [r3, -0x261]!",1
"rsbeq r2, r3, r4, ror lr",1
svcpl 0x4c4e5f,1
"subspl r5, sb, r3, asr 8",1
"cdpmi p15, 4, c5, c9, c5, 2",1
"stmdbmi r7, {r2, r6, r8, fp, lr} ^",1
svcpl 0x375354,1
svcpl 0x424d,1
"ldrbpl r4, [pc, -lr, asr 24] ; [0xfe18:4]=0x325f59",1
invalid,1
"eorseq r5, r2, sb, asr pc",1
svcpl 0x4c4e5f,1
"subspl r5, sb, r3, asr 8",1
"cdpmi p15, 4, c5, c9, c5, 2",1
"stmdbmi r7, {r2, r6, r8, fp, lr} ^",1
svcpl 0x395354,1
"andvc r4, r0, 0xd0000004",1
"cmpvc pc, 0x94000001",1
"rsbeq r7, r5, sb, ror 20",1
svcpl 0x4c4e5f,1
"strbmi r4, [lr, -0xf4d]",1
"ldmdbpl r2, {r2, r4, r6, r8, lr} ^",1
svcmi 0x55445f,1
"strbpl r4, [lr], -0x95f",1
"subspl r4, r5, 0x7c000001",1
"ldmdbpl r3, {r1, r4, r6, r8, sb, sl, fp, ip, lr} ^",1
"mcrrmi p2, 4, r4, pc, c13",1
"mcrrmi p15, 0, r5, lr, c0",1
"mcrrmi p3, 5, r4, pc, c15",1
"ldrbmi r4, [r4, -0x14c]",1
"stmdbmi r5, {r0, r1, r2, r3, r4, r6, r8, sb, sl, ip, lr} ^",1
"ldrbpl r4, [r4, -r7, asr 16]",1
"cdpmi p0, 5, c0, c15, c3, 2",1
svcmi 0x435f4c,1
"strbpl r4, [r1], -0xc4c",1
invalid,1
svcpl 0x3150,1
"cmpmi pc, 0x4e00",1
invalid,1
invalid,1
"eorseq r5, r2, r1, asr 32",1
svcpl 0x4c4e5f,1
"mcrrmi p15, 4, r4, ip, c3",1
svcpl 0x455441,1
"cmplo r0, 0xc0000011",1
"subspl r5, pc, r0, lsl 30",1
"smlsldmi r5, sb, pc, r3",1
svcmi 0x505f4e,1
svcpl 0x4e53,1
"cdpmi p12, 5, c4, c15, c14, 2",1
"mrrcmi p13, 5, r4, pc, c5",1
invalid,1
svcpl 0x454d,1
"cmpmi pc, 0x4e00",1
invalid,1
"cmpmi pc, 84, 10            ; 0x54",1
"movtpl r4, 0xcc4f",1
"submi r5, sp, 0x40000011",1
"mcrrmi p15, 0, r5, lr, c0",1
"mcrmi p13, 2, r4, c15, c15, 2",1
"subpl r5, r1, 0x45000000",1
"mrcmi p15, 2, r5, c5, c9, 2",1
"cmpmi r6, pc, asr 30",1
svcpl 0x44494c,1
"stclmi p2, c5, [0x0000fde0]",1
"mcrrmi p15, 0, r5, lr, c0",1
"mcrmi p13, 2, r4, c15, c15, 2",1
"subpl r5, r1, 0x45000000",1
"strbpl r5, [r4, -0xf59]",1
"cdpmi p15, 4, c5, c9, c15, 2",1
"subpl r5, r6, 84, 30",1
"ldrbmi r4, [pc], -0x341     ; [0xff14:4]=0x4e5f0053",1
"strbpl r4, [sb], -0x749",1
"mrcmi p0, 2, r0, c15, c3, 2",1
svcmi 0x435f4c,1
"strbpl r4, [r1], -0xc4c",1
"subpl r5, lr, 0x114",1
"movtpl r4, 0x5c55",1
"mcrrmi p15, 0, r5, lr, c0",1
"mcrrmi p4, 5, r5, r5, c15",1
svcmi 0x485045,1
"ldrbpl r4, [pc], -0x54e     ; [0xff3c:4]=0x465f4d4f",1
"ldrbmi r4, [pc], -0xc45     ; [0xff40:4]=0x5f00544d",1
"ldrbmi r4, [pc], -pc, asr 26 ; [0xff44:4]=0x544e495f",1
svcpl 0x544d,1
"strbpl r4, [lr], -0x95f",1
"cmpmi pc, 0x5f",1
"subspl r5, r0, 0x14c",1
"strbmi r4, [r5], -0x345",1
svcpl 0x5345,1
"ldmdbmi pc, {r1, r2, r3, r6, sl, fp, lr} ^",1
"strbpl r4, [lr], -0x544",1
"movtmi r4, 0x9649",1
svcmi 0x495441,1
"ldrbmi r5, [r2, -0xf4e]",1
"ldmdbmi r3, {r1, r2, r4, r6, r8, fp, lr} ^",1
svcpl 0x4e4f,1
"smlsldmi r4, r5, pc, lr",1
"strbpl r5, [sb], -r1, asr 8",1
"ldmdbmi r3, {r0, r2, r6, r8, sb, sl, fp, ip, lr} ^",1
svcpl 0x4e47,1
"cmpmi pc, lr, asr 24",1
"ldrbmi r4, [r2, -0x444]",1
"cmpmi pc, 0x4c000001",1
"strbpl r5, [lr], -0x54f",1
"cmpmi pc, r2, asr sb",1
svcpl 0x3242,1
"cmpmi pc, lr, asr 24",1
"ldrbmi r4, [r2, -0x444]",1
"cmpmi pc, 0x4c000001",1
"strbpl r5, [lr], -0x54f",1
"cmpmi pc, r2, asr sb",1
svcpl 0x3342,1
"strbpl r4, [lr], -0x95f",1
"cmppl pc, 0x5f0",1
svcpl 0x4e4749,1
"mrcmi p15, 2, r4, c3, c0, 2",1
"mcrrmi p15, 0, r5, lr, c0",1
"mcrrmi p3, 5, r4, pc, c15",1
"ldrbmi r4, [r4, -0x14c]",1
"ldclmi p3, c5, [sb, -0x17c]",1
"cmpmi r4, r2, asr 30",1
"stclmi p12, c4, [r5, -0x108]",1
svcpl 0x5f0042,1
svcpl 0x4e4f4d,1
"strbpl r5, [0x0000fda5]",1
"smlsldmi r4, lr, r0, sb",1
"mcrrmi p15, 0, r5, lr, c0",1
"ldmdbpl r4, {r0, r1, r2, r3, r4, r6, r8, sb, lr} ^",1
"ldclmi p5, c4, [0x0000febc]",1
"strbpl r5, [r3, -0xf42]",1
"qdaddmi r5, r2, sp",1
"mrcmi p0, 2, r0, c15, c8, 2",1
"strbpl r5, [lr, -0xf4c]",1
"movtmi r5, 0xcf4d",1
"subpl r5, r1, pc, asr r0",1
svcpl 0x5245,1
"ldrbpl r4, [pc], -0xc4e     ; [0x1001c:4]=0x4b454557",1
svcpl 0x454d49,1
blmi 0x1161580,1
"ldrbpl r3, [r3], -0x15f",1
blmi 0x1161588,1
"ldmdbmi pc, {r8, sb, sl, fp, ip, lr} ^",1
"cdpmi p4, 5, c5, c15, c14, 2",1
"subpl r5, r5, pc, asr r3",1
svcpl 0x59425f,1
"movtmi r5, 0x1053",1
"cdpmi p0, 5, c0, c15, c5, 2",1
svcmi 0x4d5f4c,1
"cmpmi r4, lr, asr 10",1
"ldrbmi r5, [pc], -0x952     ; [0x10050:4]=0x505f544e",1
"ldmdbmi pc, {r0, r2, r4, r6, r8, sb, sl, fp, lr} ^",1
"subspl r5, pc, lr, asr 8",1
"subpl r5, r5, pc, asr r3",1
svcpl 0x59425f,1
"movtmi r5, 0x1053",1
"stclvs p0, c0, [pc], -0x114",1
"ldrbvs r5, [r2, -0xf64]!",1
"ldrbtvc r5, [r0], -0xf73",1
svcpl 0x5f0072,1
"movtmi r5, 0x1246",1
"smlsldmi r4, sb, pc, r4",1
"subseq r5, r3, sb, asr 8",1
svcpl 0x4c4e5f,1
"strbmi r5, [sp, -0x54e]",1
svcpl 0x434952,1
"strbmi r4, [r4, -0xf43]",1
"subseq r4, r4, r3, asr r5",1
invalid,1
"mcrrmi p15, 0, r5, lr, c0",1
"mcrrmi p3, 5, r4, pc, c15",1
"ldrbmi r4, [r4, -0x14c]",1
"ldclmi p3, c5, [sb, -0x17c]",1
invalid,1
"cmppl pc, 0x530000",1
"vstrmi s11, [r5, -0x124]",1
"cdpmi p0, 5, c0, c15, c2, 2",1
"strbpl r5, [r3], -0xf4c",1
svcpl 0x455059,1
"mcrmi p2, 2, r5, c1, c4, 2",1
"strbpl r4, [sb], -0xc53",1
svcmi 0x52465f,1
"subsmi r5, r4, 0x134",1
svcpl 0x5f004c,1
svcpl 0x544e49,1
"subspl r5, r2, 0x10c00000",1
"ldclmi p3, c5, [sb, -0x17c]",1
"subeq r4, ip, r2, asr 30",1
svcpl 0x4c4e5f,1
svcpl 0x4d4157,1
"subseq r5, r2, r3, asr r4",1
svcpl 0x4c4e5f,1
"strbmi r4, [sp, -0x954]",1
"stclmi p4, c5, [sb, -0x17c]",1
"vmlsmi.f32 s11, s30, s10",1
"cdpmi p0, 5, c0, c15, c5, 2",1
"strbmi r5, [sp, -0xf4c]",1
"smlsldmi r5, r1, r3, r3",1
"cmpmi pc, 0x14000001",1
"movtpl r4, 0x544f",1
svcpl 0x5445,1
"ldrbpl r4, [pc, -lr, asr 24] ; [0x1011c:4]=0x49474944",1
svcpl 0x544c41,1
"stmdbmi r7, {r2, r6, r8, fp, lr} ^",1
svcpl 0x5354,1
"cmpmi pc, lr, asr 24",1
"ldrbmi r4, [r2, -0x444]",1
"cmpmi pc, 0x4c000001",1
"strbpl r5, [lr], -0x54f",1
"ldmdbmi pc, {r1, r4, r6, r8, fp, ip, lr} ^",1
"subeq r4, lr, r3, asr r2",1
svcpl 0x4c4e5f,1
"strbmi r4, [sp, -0x14e]",1
"stclmi p14, c4, [r1, -0x17c]",1
"stmdbmi sp, {r0, r2, r6, r8, sb, sl, fp, ip, lr} ^",1
svcpl 0x5353,1
"cmpmi r2, pc, asr r5",1
"qdaddmi r5, pc, r5",1
"mrcmi p0, 2, r0, c15, c2, 2",1
"ldclmi p15, c5, [r7, -0x130]",1
"cmplo pc, pc, asr 28",1
"mcrrmi p15, 0, r5, lr, c0",1
svcmi 0x4d575f,1
"eorseq r5, r2, lr, asr 30",1
svcpl 0x4c4e5f,1
"mcrmi p13, 2, r4, c15, c7, 2",1
svcpl 0x335f,1
"ldrbpl r4, [pc, -lr, asr 24] ; [0x10184:4]=0x5f5f0034",1
svcpl 0x4e4f4d,1
svcpl 0x5f0034,1
"ldmdbmi r3, {r4, r6, r8, sb, sl, fp, lr} ^",1
"ldrbmi r4, [r6, -0x954]",1
"smlsldmi r5, sb, pc, r3",1
"cdpmi p0, 5, c0, c15, c14, 2",1
"strbmi r5, [r1], -0xf4c",1
"movtpl r5, 0x5244",1
svcmi 0x435f53,1
"ldrbmi r4, [r3, -0x544]",1
"mrcmi p0, 2, r0, c15, c4, 2",1
"cmpmi r0, ip, asr 30",1
svcpl 0x524550,1
"strbmi r4, [r4, -0xf43]",1
"subseq r4, r4, r3, asr r5",1
"stmdbmi r4, {r1, r4, r6, r8, lr} ^",1
"qdaddmi r4, r8, r8",1
"mrcmi p0, 2, r0, c15, c2, 2",1
svcmi 0x4d5f4c,1
"cmpmi r4, lr, asr 10",1
"ldrbmi r5, [pc], -0x952     ; [0x101d8:4]=0x505f544e",1
"ldmdbmi pc, {r0, r2, r4, r6, r8, sb, sl, fp, lr} ^",1
"subspl r5, pc, lr, asr 8",1
"smlsldmi r5, sb, pc, r3",1
svcmi 0x505f4e,1
svcpl 0x4e53,1
"cmpmi pc, 0x4e00",1
invalid,1
"cmppl pc, 84, 10            ; 0x54",1
svcpl 0x424d59,1
"subspl r5, r4, 0x450000",1
"subeq r4, r2, r1, asr 26",1
svcpl 0x4c4e5f,1
svcpl 0x4d554e,1
"ldclmi p3, c4, [0x000100e0]",1
"ldrbpl r4, [r3, -0x145]",1
"strbmi r4, [sp, -0x552]",1
svcpl 0x544e,1
"ldclmi p12, c4, [0x000100e8]",1
"strbpl r4, [r5], -0xe4f",1
svcpl 0x595241,1
svcpl 0x4f5544,1
"subspl r5, r2, 0x10c00000",1
"stmdbpl r3, {r0, r2, r6, sb, sl, fp, lr} ^",1
"ldclmi p3, c5, [sb, -0x17c]",1
"subeq r4, ip, r2, asr 30",1
svcpl 0x4c4e5f,1
"strbmi r4, [r2], -0x157",1
"cmplo pc, r1, asr 18",1
"mcrrmi p15, 0, r5, lr, c0",1
"submi r5, r1, 0x17c0000",1
svcpl 0x594144,1
"mrcmi p0, 2, r0, c15, c3, 1",1
"cmpmi r7, ip, asr 30",1
"stmdbpl r1, {r1, r6, sl, lr} ^",1
svcpl 0x345f,1
"ldrbpl r4, [pc, -lr, asr 24] ; [0x10268:4]=0x355f59",1
invalid,1
"eorseq r5, r5, sb, asr pc",1
svcpl 0x4c4e5f,1
"strbmi r4, [r2], -0x157",1
"ldrblo r5, [pc], -r1, asr 18 ; [0x1027c:4]=0x4241575f",1
"mcrrmi p15, 0, r5, lr, c0",1
"submi r5, r1, 0x17c0000",1
svcpl 0x594144,1
"mrcmi p0, 2, r0, c15, c7, 1",1
"strbpl r5, [r3], -0xf4c",1
svcpl 0x455059,1
"ldrbmi r5, [r4], -0x54f",1
"strbpl r4, [sb], -0x749",1
"cmpmi r7, 48, 30            ; 0x30",1
"rsbvc r6, sb, 0, 8",1
"mcrvs p12, 3, r6, c5, c15, 2",1
"mcrrmi p15, 0, r5, lr, c0",1
"ldmdbpl r4, {r0, r1, r2, r3, r4, r6, r8, sb, lr} ^",1
svcmi 0x5f4550,1
"stmdbmi r4, {r0, r2, r4, r6, sl, ip, lr} ^",1
"subslo r4, r4, 0x11c000",1
"subeq r5, r3, pc, asr r7",1
svcpl 0x4c4e5f,1
"subspl r5, sb, r3, asr 8",1
invalid,1
"qdaddmi r5, r0, lr",1
"subseq r4, r3, sp, asr 10",1
svcpl 0x4c4e5f,1
"subspl r5, sb, r3, asr 8",1
"cdpmi p15, 4, c5, c9, c5, 2",1
"stmdbmi r7, {r2, r6, r8, fp, lr} ^",1
invalid,1
"strbmi r5, [ip, -0xf43]",1
"cdpmi p0, 5, c0, c15, c14, 2",1
"strbpl r5, [lr, -0xf4c]",1
"ldmdbmi r2, {r0, r2, r3, r6, r8, sl, lr} ^",1
"ldmdami r4, {r0, r1, r6, r8, sb, sl, fp, ip, lr} ^",1
"cmpmi r3, pc, asr 10",1
svcpl 0x53444e,1
svcpl 0x504553,1
svcpl 0x4357,1
"cmpmi pc, 0x4e00",1
"ldrbmi r5, [r0, -0x954]",1
"ldrbpl r4, [r5], -0xf5f",1
"stmdbmi r7, {r2, r6, r8, fp, lr} ^",1
invalid,1
"cdpmi p0, 5, c0, c15, c3, 2",1
"strbmi r5, [sb], -0xf4c",1
"ldmdbmi r4, {r0, r2, r6, sb, sl, fp, lr} ^",1
invalid,1
"mcrmi p9, 2, r4, c15, c4, 2",1
"ldrbmi r4, [r5], -0x15f",1
"movtmi r4, 0xe549",1
svcpl 0x5f0045,1
"cmppl r3, 0x16400000",1
svcpl 0x5254,1
"cmpmi pc, 0x4e00",1
"ldrbmi r5, [r0, -0x954]",1
"ldrbpl r4, [r5], -0xf5f",1
"stmdbmi r7, {r2, r6, r8, fp, lr} ^",1
invalid,1
"cdpmi p0, 5, c0, c15, c3, 2",1
svcmi 0x435f4c,1
"strbpl r4, [r1], -0xc4c",1
svcmi 0x435f45,1
"ldrbmi r4, [r3, -0x544]",1
"mrcmi p0, 2, r0, c15, c4, 2",1
"strbpl r5, [r3], -0xf4c",1
svcpl 0x455059,1
"mcrmi p2, 2, r5, c1, c4, 2",1
"strbpl r4, [sb], -0xc53",1
"mcrmi p9, 2, r4, c7, c15, 2",1
"subeq r5, r5, pc, asr 4",1
"strbmi r5, [r4, -0xf5f]",1
invalid,1
svcmi 0x505f4c,1
"subseq r4, r4, sb, asr 28",1
svcpl 0x4c4e5f,1
"cdpmi p4, 4, c4, c5, c9, 2",1
"stmdbmi r6, {r2, r4, r6, r8, fp, lr} ^",1
"ldmdbmi r4, {r0, r1, r6, r8, lr} ^",1
"ldrbpl r4, [pc], -0xe4f     ; [0x103b0:4]=0x4c4e5f00",1
"strbmi r5, [ip, -0x449]",1
"mcrrmi p15, 0, r5, lr, c0",1
"ldmdbpl r4, {r0, r1, r2, r3, r4, r6, r8, sb, lr} ^",1
svcmi 0x5f4550,1
"stmdbmi r4, {r0, r2, r4, r6, sl, ip, lr} ^",1
"ldmdalo r4, {r0, r1, r2, r6, r8, fp, lr} ^",1
"subeq r5, r3, pc, asr r7",1
svcpl 0x4c4e5f,1
"subspl r5, sb, r3, asr 8",1
"cdpmi p15, 4, c5, c9, c5, 2",1
"stmdbmi r7, {r2, r6, r8, fp, lr} ^",1
svcpl 0x365354,1
svcpl 0x424d,1
"cmpmi pc, 0x4e00",1
"ldrbmi r5, [r0, -0x954]",1
"strbmi r4, [lr], -0x95f",1
"strbpl r4, [sb], -0x749",1
"submi r5, sp, 0x14c",1
"mcrmi p12, 2, r4, c5, c15, 2",1
"mcrrmi p15, 0, r5, lr, c0",1
"mcrrmi p4, 5, r5, r5, c15",1
svcmi 0x485045,1
"ldmdbmi pc, {r1, r2, r3, r6, r8, sl, lr} ^",1
"subspl r5, pc, lr, asr 8",1
"stmdbmi r6, {r1, r4, r6, r8, sl, lr} ^",1
"mrcmi p0, 2, r0, c15, c8, 2",1
svcmi 0x4d5f4c,1
"cmpmi r4, lr, asr 10",1
"ldrbpl r5, [pc], -0x952     ; [0x10424:4]=0x53444e41",1
"cmppl r5, 72, 30            ; 0x48",1
"movtpl r4, 0x4e41",1
"subpl r5, r5, pc, asr r3",1
"subeq r5, r3, pc, asr r7",1
svcpl 0x4c4e5f,1
"stclmi p1, c4, [r2, -0x15c]",1
"cmplo pc, pc, asr 28",1
"mrcmi p0, 2, r0, c15, c0, 1",1
"cmpmi r7, ip, asr 30",1
"cdpmi p13, 4, c4, c15, c2, 2",1
"eorseq r3, r1, pc, asr r1",1
svcpl 0x4c4e5f,1
"stclmi p1, c4, [r2, -0x15c]",1
"cmplo pc, pc, asr 28",1
"mrcmi p0, 2, r0, c15, c2, 1",1
"strbpl r5, [r3], -0xf4c",1
svcpl 0x455059,1
"movtpl r4, 0x1c43",1
"eorseq r3, r2, r3, asr r3",1
svcpl 0x4c4e5f,1
"subpl r4, r4, 0x41000000",1
svcpl 0x535345,1
"ldrbpl r4, [r3], -0xf50",1
"ldrbmi r4, [pc], -r1, asr 24 ; [0x10484:4]=0x495f4c4e",1
svcpl 0x544d,1
"ldmdbmi pc, {r1, r2, r3, r6, sl, fp, lr} ^",1
"strbpl r4, [lr], -0x544",1
"movtmi r4, 0x9649",1
svcmi 0x495441,1
svcmi 0x435f4e,1
"movtmi r5, 0x144e",1
"mrcmi p0, 2, r0, c15, c4, 2",1
svcmi 0x4d5f4c,1
"cmpmi r4, lr, asr 10",1
"ldrbmi r5, [pc], -0x952     ; [0x104b0:4]=0x5045535f",1
"mrcmi p15, 2, r4, c15, c5, 2",1
"subpl r5, r5, pc, asr r3",1
svcpl 0x59425f,1
"movtmi r5, 0x1053",1
"cdpmi p0, 5, c0, c15, c5, 2",1
svcmi 0x4d5f4c,1
"cmpmi r4, lr, asr 10",1
"ldrbmi r5, [pc], -0x952     ; [0x104d0:4]=0x4749535f",1
"mrcmi p15, 2, r4, c15, c5, 2",1
"smlsldmi r5, sb, pc, r3",1
svcmi 0x505f4e,1
svcpl 0x4e53,1
"cmpmi pc, 0x4e00",1
"ldrbmi r5, [r0, -0x954]",1
"strbmi r5, [sb], -0x75f",1
svcpl 0x4854,1
"strbpl r4, [lr], -0x95f",1
"cmppl pc, 0x5f",1
svcpl 0x4e4749,1
"mrcmi p15, 2, r4, c3, c0, 2",1
"mcrrmi p15, 0, r5, lr, c0",1
"ldclmi p14, c4, [r5, -0x17c]",1
svcpl 0x434c5f,1
"strbmi r5, [sp, -0x54e]",1
"subeq r4, r3, r2, asr sb",1
svcpl 0x4c4e5f,1
"subspl r5, sb, r3, asr 8",1
svcmi 0x545f45,1
"ldrbmi r4, [r7, -0xf4c]",1
svcpl 0x5f0052,1
"subspl r5, r2, 0x10c00000",1
"stmdbpl r3, {r0, r2, r6, sb, sl, fp, lr} ^",1
"ldclmi p3, c5, [sb, -0x17c]",1
"subeq r4, ip, r2, asr 30",1
svcpl 0x4c4e5f,1
"strbmi r4, [ip, -0x554]",1
"mcrmi p8, 2, r4, c15, c0, 2",1
svcmi 0x435f45,1
"ldrbmi r4, [r3, -0x544]",1
"mrcmi p0, 2, r0, c15, c4, 2",1
"strbpl r5, [r3], -0xf4c",1
svcpl 0x455059,1
"stmdbmi r4, {r0, r3, r6, sb, sl, fp, lr} ^",1
"cmppl r4, 0x11c000",1
"cmpmi r7, 49, 30            ; 0x31",1
"ldmdbmi pc, {r8, sb, sl, fp, ip, lr} ^",1
"cdpmi p4, 5, c5, c15, c14, 2",1
svcpl 0x53435f,1
"movtmi r5, 0x5250",1
"movtpl r4, 0x5445",1
"mcrrmi p15, 0, r5, lr, c0",1
"ldmdbpl r4, {r0, r1, r2, r3, r4, r6, r8, sb, lr} ^",1
"ldmdbmi pc, {r4, r6, r8, sl, lr} ^",1
"strbmi r4, [sb, -lr, asr 8]",1
"cmplo r3, 0x49000000",1
"subeq r5, r3, pc, asr r7",1
svcpl 0x4c4e5f,1
"subpl r4, r4, 0x41000000",1
svcpl 0x535345,1
"cdpmi p15, 5, c4, c5, c3, 2",1
svcpl 0x595254,1
"subeq r5, sp, lr, asr 10",1
svcpl 0x4c4e5f,1
"subspl r5, sb, r3, asr 8",1
"cdpmi p15, 4, c5, c9, c5, 2",1
"stmdbmi r7, {r2, r6, r8, fp, lr} ^",1
svcpl 0x355354,1
svcpl 0x4357,1
"movtpl r5, 0x595f",1
"subspl r5, r0, 0x450000",1
"mcrrmi p15, 0, r5, lr, c0",1
"ldmdbpl r4, {r0, r1, r2, r3, r4, r6, r8, sb, lr} ^",1
"ldmdbmi pc, {r4, r6, r8, sl, lr} ^",1
"strbmi r4, [sb, -lr, asr 8]",1
"ldrblo r5, [r3, -sb, asr 8]",1
"subeq r5, r3, pc, asr r7",1
svcpl 0x4c4e5f,1
"cmpmi r2, r7, asr r5",1
"ldrbpl r4, [pc], -0x45f     ; [0x105ec:4]=0x4c4e5f00",1
"strbpl r4, [sp], -0x65f",1
"mcrrmi p15, 0, r5, lr, c0",1
"ldmdbpl r4, {r0, r1, r2, r3, r4, r6, r8, sb, lr} ^",1
"ldmdbmi pc, {r4, r6, r8, sl, lr} ^",1
"strbmi r4, [sb, -lr, asr 8]",1
"ldmdblo r3, {r0, r3, r6, sl, ip, lr} ^",1
"subeq r5, r3, pc, asr r7",1
"strbvs r6, [r4, -0xf63]!",1
"rsbseq r6, r4, r3, ror r5",1
svcpl 0x4c4e5f,1
"subspl r5, sb, r3, asr 8",1
svcmi 0x545f45,1
"ldrbmi r4, [r7, -0xf4c]",1
"eorseq r3, r2, r2, asr r3",1
svcpl 0x4c4e5f,1
"mcrrmi p15, 4, r4, ip, c3",1
svcpl 0x455441,1
"mcrrmi p15, 4, r4, ip, c3",1
invalid,1
"cdpmi p0, 5, c0, c15, c3, 2",1
"strbpl r5, [r3], -0xf4c",1
svcpl 0x455059,1
"subspl r5, r4, 0x450000",1
invalid,1
"eorseq r5, r1, r0, asr pc",1
svcpl 0x4c4e5f,1
"subspl r5, sb, r3, asr 8",1
"stmdapl r5, {r0, r2, r6, r8, sb, sl, fp, ip, lr} ^",1
svcpl 0x415254,1
svcpl 0x50414d,1
"mrcmi p0, 2, r0, c15, c2, 1",1
"strbpl r5, [r3], -0xf4c",1
svcpl 0x455059,1
"subspl r5, r4, 0x450000",1
invalid,1
"eorseq r5, r3, r0, asr pc",1
svcpl 0x4c4e5f,1
"subspl r5, sb, r3, asr 8",1
"stmdapl r5, {r0, r2, r6, r8, sb, sl, fp, ip, lr} ^",1
svcpl 0x415254,1
svcpl 0x50414d,1
"mrcmi p0, 2, r0, c15, c4, 1",1
"strbpl r5, [r3], -0xf4c",1
svcpl 0x455059,1
"subspl r5, r4, 0x450000",1
invalid,1
"eorseq r5, r5, r0, asr pc",1
svcpl 0x4c4e5f,1
"subspl r5, sb, r3, asr 8",1
"stmdapl r5, {r0, r2, r6, r8, sb, sl, fp, ip, lr} ^",1
svcpl 0x415254,1
svcpl 0x50414d,1
"mrcmi p0, 2, r0, c15, c6, 1",1
"strbpl r5, [r3], -0xf4c",1
svcpl 0x455059,1
"subspl r5, r4, 0x450000",1
invalid,1
"eorseq r5, r7, r0, asr pc",1
svcpl 0x4c4e5f,1
"subspl r5, sb, r3, asr 8",1
"stmdapl r5, {r0, r2, r6, r8, sb, sl, fp, ip, lr} ^",1
svcpl 0x415254,1
svcpl 0x50414d,1
"mrcmi p0, 2, r0, c15, c8, 1",1
"strbpl r5, [r3], -0xf4c",1
svcpl 0x455059,1
"subspl r5, r4, 0x450000",1
invalid,1
"eorseq r5, sb, r0, asr pc",1
svcpl 0x4c4e5f,1
"subspl r5, sb, r3, asr 8",1
"strbpl r5, [0x0000f7c7]",1
"smlsldmi r4, sb, r4, r4",1
svcpl 0x315449,1
svcpl 0x424d,1
"ldrbpl r4, [pc, -lr, asr 24] ; [0x1071c:4]=0x4d465f44",1
svcpl 0x415245,1
"stclmi p15, c5, [r6, -0x110]",1
"mrcmi p0, 2, r0, c15, c4, 2",1
"strbpl r5, [r3], -0xf4c",1
svcpl 0x455059,1
"ldrbmi r5, [r4], -0x54f",1
"strbpl r4, [sb], -0x749",1
"submi r5, sp, 51, 30",1
"mcrrmi p15, 0, r5, lr, c0",1
"strbmi r4, [r4], -0x15f",1
"cmppl r3, 0x14800000",1
"strbpl r4, [0x000103ed]",1
"ldmdbpl r2, {r1, r2, r3, r6, sl, ip, lr} ^",1
"stclmi p14, c4, [r1, -0x17c]",1
svcpl 0x5f0045,1
"ldrbmi r5, [r3, -0xf50]",1
"stmdbpl r2, {r4, r6, r8, sb, sl, fp, ip, lr} ^",1
"cmpmi r0, pc, asr r3",1
svcpl 0x4543,1
"cmpmi pc, 0x4e00",1
"ldrbmi r5, [r0, -0x954]",1
"ldrbpl r4, [r5], -0xf5f",1
"stmdbmi r7, {r2, r6, r8, fp, lr} ^",1
"ldclmi p5, c3, [0x0001062c]",1
"cdpmi p0, 5, c0, c15, c2, 2",1
"strbpl r5, [r3], -0xf4c",1
svcpl 0x455059,1
"ldrbmi r5, [r4], -0x54f",1
"strbpl r4, [sb], -0x749",1
"submi r5, sp, 55, 30",1
"cdpmi p15, 5, c5, c15, c0, 0",1
svcpl 0x53435f,1
"movtmi r5, 0x5250",1
"movtpl r4, 0x5445",1
"mcrrmi p15, 0, r5, lr, c0",1
"mcrmi p13, 2, r4, c15, c15, 2",1
"subpl r5, r1, 0x45000000",1
"strbpl r5, [r4, -0xf59]",1
"subpl r5, r6, 0x13c",1
"ldrbmi r4, [pc], -0x341     ; [0x107bc:4]=0x4e5f0053",1
"strbpl r4, [sb], -0x749",1
"mrcmi p0, 2, r0, c15, c3, 2",1
"strbpl r5, [r3], -0xf4c",1
svcpl 0x455059,1
"ldrbmi r5, [r4], -0x54f",1
"strbpl r4, [sb], -0x749",1
"submi r5, sp, 57, 30",1
"mcrrmi p15, 0, r5, lr, c0",1
"ldmdbpl r4, {r0, r1, r2, r3, r4, r6, r8, sb, lr} ^",1
"cmpmi pc, 80, 10            ; 0x50",1
"cmppl r3, 76, 2             ; 0x4c",1
invalid,1
"subseq r4, r4, r3, asr r5",1
svcpl 0x4c4e5f,1
"subpl r4, r4, 0x41000000",1
svcpl 0x535345,1
"cdpmi p15, 5, c4, c5, c3, 2",1
svcpl 0x595254,1
"ldrbpl r4, [r3], -0xf50",1
"mcrrmi p15, 0, r5, lr, c0",1
"strbmi r4, [r4], -0x15f",1
"cmppl r3, 0x14800000",1
"strbpl r4, [0x000104b9]",1
"ldmdbpl r2, {r1, r2, r3, r6, sl, ip, lr} ^",1
"subpl r4, r1, 0x7c000001",1
"mcrrmi p15, 0, r5, lr, c0",1
"strbmi r4, [r4, -0x95f]",1
"strbmi r5, [sb], -lr, asr 8",1
"strbpl r4, [r1], -0x349",1
svcpl 0x4e4f49,1
"subspl r4, r2, 84, 10",1
"subpl r5, pc, 0x49000000",1
"mrcmi p0, 2, r0, c15, c9, 2",1
"strbmi r5, [sb], -0xf4c",1
"ldmdbmi r4, {r0, r2, r6, sb, sl, fp, lr} ^",1
invalid,1
"mcrmi p9, 2, r4, c15, c4, 2",1
"submi r4, r2, 0xc0000017",1
"ldmdbmi r6, {r1, r4, r6, r8, sl, lr} ^",1
svcmi 0x495441,1
"cdpmi p0, 5, c0, c15, c14, 2",1
svcmi 0x4d5f4c,1
"cmpmi r4, lr, asr 10",1
"ldrbpl r5, [0x0000ff1a]     ; [0xff1a:4]=0x4c4c4f43",1
"ldrbpl r4, [pc], -lr, asr 30 ; [0x10870:4]=0x4f545f",1
"strbmi r4, [sb], -0xc41",1
"subeq r5, pc, pc, asr r4",1
svcpl 0x4c4e5f,1
"movtpl r4, 0x154d",1
"stclmi p2, c5, [r5, -0x154]",1
svcpl 0x544e45,1
"movtpl r4, 0x154d",1
"stclmi p2, c5, [r5, -0x154]",1
"subseq r4, r4, r5, asr 28",1
svcpl 0x4c4e5f,1
"mcrrmi p15, 4, r4, ip, c3",1
svcpl 0x455441,1
"mcrrmi p1, 5, r4, r2, c4",1
"subeq r4, r2, r5, asr 26",1
svcpl 0x4c4e5f,1
"usaxmi r4, pc, r7",1
invalid,1
"cmpvc pc, 100, 8            ; 0x64",1
"ldmdavs r3!, {r2, r3, r5, r6, r8, sp, lr} ^",1
"mcrrmi p15, 0, r5, lr, c0",1
"ldmdbpl r4, {r0, r1, r2, r3, r4, r6, r8, sb, lr} ^",1
"ldmdbmi pc, {r4, r6, r8, sl, lr} ^",1
"strbmi r4, [sb, -lr, asr 8]",1
"subslo r5, r3, sb, asr 8",1
"subeq r4, r2, pc, asr sp",1
"mcrmi p15, 2, r5, c9, c15, 2",1
"subpl r5, r6, 84, 30",1
"ldrbmi r4, [pc], -0x341     ; [0x108e0:4]=0x4e5f0053",1
"strbpl r4, [sb], -0x749",1
"mrcmi p0, 2, r0, c15, c3, 2",1
svcmi 0x4d5f4c,1
"cmpmi r4, lr, asr 10",1
"ldrbmi r5, [pc], -0x952     ; [0x108f4:4]=0x44494c41",1
"usaxpl r4, pc, r5",1
"strbmi r4, [sb], -0xc41",1
"subeq r5, pc, pc, asr r4",1
svcpl 0x4c4e5f,1
"subspl r5, sb, r3, asr 8",1
"cdpmi p15, 4, c5, c9, c5, 2",1
"stmdbmi r7, {r2, r6, r8, fp, lr} ^",1
svcpl 0x345354,1
svcpl 0x424d,1
"cmpmi pc, 0x4e00",1
"ldrbmi r5, [r0, -0x954]",1
"strbmi r4, [lr], -0x95f",1
"strbpl r4, [sb], -0x749",1
"ldclmi p8, c3, [0x000107e0]",1
"cdpmi p0, 5, c0, c15, c2, 2",1
"ldrbpl r5, [r7], -0xf4c",1
"strbpl r4, [sp], -0x65f",1
"subpl r4, sp, pc, asr r1",1
"cdpmi p0, 5, c0, c15, c13, 2",1
"strbmi r5, [sb], -0xf4c",1
"ldmdbmi r4, {r0, r2, r6, sb, sl, fp, lr} ^",1
invalid,1
"mcrmi p9, 2, r4, c15, c4, 2",1
"strbpl r5, [0x000105f5]",1
"subeq r4, r5, r2, asr r3",1
svcpl 0x4c4e5f,1
"subpl r4, r4, 0x41000000",1
svcpl 0x535345,1
"strbmi r4, [lr, -ip, asr 2]",1
"stclmi p14, c4, [r1, -0x17c]",1
"cdpmi p0, 5, c0, c15, c5, 2",1
"strbpl r5, [lr, -0xf4c]",1
"movtmi r5, 0xcf4d",1
"strbmi r4, [r4], -0x15f",1
"cmppl r3, 0x14800000",1
"mcrrmi p15, 0, r5, lr, c0",1
"strbmi r4, [r4], -0x15f",1
"cmppl r3, 0x14800000",1
"mcrmi p12, 2, r4, c1, c15, 2",1
"ldrbmi r5, [r4, -0xf47]",1
svcpl 0x4d52,1
"cmpmi pc, lr, asr 24",1
"ldrbmi r4, [r2, -0x444]",1
"mrrcmi p3, 5, r5, pc, c3",1
svcpl 0x474e41,1
svcpl 0x4241,1
"ldclmi p12, c4, [0x00010878]",1
"strbpl r4, [r5], -0xe4f",1
svcpl 0x595241,1
svcpl 0x4f5544,1
svcpl 0x544e49,1
"ldrbmi r5, [r3, -0xf4e]",1
"stmdbpl r2, {r4, r6, r8, sb, sl, fp, ip, lr} ^",1
"cmpmi r0, pc, asr r3",1
svcpl 0x4543,1
"ldmdbmi pc, {r1, r2, r3, r6, sl, fp, lr} ^",1
"strbpl r4, [lr], -0x544",1
"movtmi r4, 0x9649",1
svcmi 0x495441,1
invalid,1
svcpl 0x4554,1
"ldrbpl r4, [pc], -0xc4e     ; [0x109ec:4]=0x4b454557",1
svcpl 0x454d49,1
blmi 0x1161f50,1
"qdaddmi r4, pc, r4",1
svcpl 0x5359,1
"mcrmi p13, 2, r4, c15, c15, 2",1
svcmi 0x48545f,1
"mcrmi p3, 2, r5, c1, c5, 2",1
"cmppl pc, 68, 6             ; 0x44",1
svcpl 0x5045,1
"ldclmi p12, c4, [0x000108dc]",1
"strbpl r4, [r5], -0xe4f",1
svcpl 0x595241,1
svcpl 0x4f5544,1
"ldmdbmi r3, {r4, r6, r8, sb, sl, fp, ip, lr} ^",1
"subspl r4, pc, r7, asr 28",1
"subeq r5, lr, pc, asr 6",1
svcpl 0x4c4e5f,1
"strbmi r4, [lr, -0xf4d]",1
"ldmdbpl r2, {r2, r4, r6, r8, lr} ^",1
svcmi 0x55445f,1
"cmppl pc, 0x5f",1
"subsmi r5, pc, 0x45",1
"subspl r5, r3, sb, asr pc",1
"subeq r4, r5, r1, asr 6",1
svcpl 0x4c4e5f,1
"strbmi r4, [sp, -0x14e]",1
"stclmi p14, c4, [r1, -0x17c]",1
"subpl r5, sp, 0x114",1
"mrcmi p0, 2, r0, c15, c3, 2",1
svcmi 0x435f4c,1
"strbpl r4, [r1], -0xc4c",1
"stmdapl r5, {r0, r2, r6, r8, sb, sl, fp, ip, lr} ^",1
"stclmi p2, c5, [r1, -0x150]",1
"cdpmi p0, 5, c0, c15, c2, 2",1
"strbpl r5, [r3], -0xf4c",1
svcpl 0x455059,1
svcpl 0x50414d,1
"mrcmi p15, 2, r4, c15, c4, 2",1
"movtpl r4, 0x1e4f",1
"subeq r4, sb, r3, asr 18",1
svcpl 0x4c4e5f,1
"strbmi r4, [ip, -0x554]",1
"mcrmi p8, 2, r4, c15, c0, 2",1
"cdpmi p15, 4, c5, c9, c5, 2",1
"ldrbmi r5, [r3, -0xf54]",1
"strbpl r4, [r3], -0x54c",1
"mcrrmi p15, 0, r5, lr, c0",1
"ldclmi p14, c4, [r5, -0x17c]",1
svcpl 0x434c5f,1
"strbmi r4, [lr, -0xf4d]",1
"ldmdbpl r2, {r2, r4, r6, r8, lr} ^",1
"subspl r5, pc, r0, lsl 30",1
svcpl 0x53435f,1
"movtmi r5, 0x5250",1
"movtpl r4, 0x5445",1
"cdpmi p15, 5, c5, c15, c0, 0",1
"subspl r5, r4, 0x3c000001",1
"mcrrmi p15, 0, r5, lr, c0",1
"subpl r5, r1, pc, asr r0",1
"ldmdami pc, {r0, r2, r6, sb, ip, lr} ^",1
"stmdami r7, {r0, r2, r6, r8, fp, lr} ^",1
"mrcmi p0, 2, r0, c15, c4, 2",1
"strbmi r5, [sb], -0xf4c",1
"ldmdbmi r4, {r0, r2, r6, sb, sl, fp, lr} ^",1
invalid,1
"mcrmi p9, 2, r4, c15, c4, 2",1
"mcrmi p12, 2, r4, c1, c15, 2",1
"strbmi r5, [r1, -r7, asr 10]",1
svcpl 0x5f0045,1
"strbpl r5, [0x000108bd]",1
"smlsldmi r4, lr, r0, sb",1
"mcrrmi p15, 0, r5, lr, c0",1
"ldclmi p14, c4, [r5, -0x17c]",1
"strbtvc r7, [r1], -r0, lsl 6",1
"ldrbvs r6, [0x000106b3]     ; [0x106b3:4]=0x50414d5f",1
svcvs 0x6e7272,1
"ldclvs p2, c7, [r0], -0",1
"stclvs p6, c6, [r3], -0x17c",1
"rsbeq r7, r5, pc, ror 6",1
svchs 0x62696c,1
svcvs 0x6c6366,1
invalid,1
invalid,1
"rsbseq r6, r4, r5, ror ip",1
svcpl 0x6c7072,1
"strbvc r6, [ip, -0x666]!",1
"movwvs r6, 0x873",1
"rsbvc r6, r1, 108, 10",1
invalid,1
svcpl 0x637465,1
"strbtvs r7, [r6], -r2, ror 10",1
"subsvc r7, pc, r5, ror 4",1
"ldrbvs r6, [r3, -0x572]!",1
"mcrvs p6, 3, r7, c9, c2, 3",1
svcvs 0x705f67,1
"ldmdbvs r4!, {r0, r1, r4, r5, r6, r8, fp, sp, lr} ^",1
invalid,1
"strtvs r6, [pc], -sb, ror 4",1
"cmnvc r5, 0x6600",1
"rsbeq r2, r3, r8, ror 28",1
svcpl 0x6c7072,1
"strbvs r7, [r5, -0x366]!",1
invalid,1
"strtvs r6, [pc], -sb, ror 4",1
blvs 0x196a15c,1
"rsbeq r2, r3, pc, ror 28",1
"mcrvs p8, 3, r6, c5, c7, 3",1
"movwvs r6, 0x563",1
"cmnvs r3, pc, asr sb",1
"stmdbvs sb!, {r0, r1, r4, r5, r6, r8, sb, sp, lr} ^",1
"rsbvs r6, sb, 0, 24",1
invalid,1
"ldrbvs r7, [r0, -0x974]!",1
"movwvs r6, 0x32e",1
"ldrbvc r6, [r3, -0x95f]!",1
"rsbvc r7, r5, 0x70",1
"ldmdbvs pc, {r8, sb, sp, lr} ^",1
invalid,1
"movwvs r6, 0xb6e",1
invalid,1
"ldmdavs r0!, {r1, r4, r5, r6, r8, sp, lr} ^",1
"ldmdbvs pc, {r8, sb, sp, lr} ^",1
"ldmdbvs r2!, {r0, r1, r4, r5, r6, ip, sp, lr} ^",1
"movwvs r7, 0x46e",1
"strbvc r7, [0x00010781]!",1
"rsbvc r7, r5, 0x70",1
"ldmdbvs pc, {r8, sb, sp, lr} ^",1
"strbtvc r6, [lr], -0x373",1
"movwvs r6, 0xc72",1
"cmnvc r3, 0x17c000",1
"strbvs r6, [r3, -0x170]!",1
"ldmdbvs pc, {r8, sb, sp, lr} ^",1
invalid,1
"movwvs r7, 0x265",1
"cmnvs r3, pc, asr sb",1
"ldclvs p14, c6, [r5, -0x1b0]!",1
"ldmdbvs pc, {r8, sb, sp, lr} ^",1
invalid,1
"movwvs r7, 0x469",1
"cmnvs r3, pc, asr sb",1
invalid,1
"ldmdbvs pc, {r8, sb, sp, lr} ^",1
"stmdbvs r4!, {r0, r1, r4, r5, r6, fp, ip, sp, lr} ^",1
"rsbseq r6, r4, r7, ror 18",1
svcvs 0x745f63,1
"ldrbvs r6, [r7, -0xf6c]!",1
svcpl 0x630072,1
"ldrbvc r7, [r0, -0x369]!",1
"rsbseq r6, r4, lr, ror 6",1
"rsbsvc r6, r6, r5, ror 28",1
"mrrcvs p15, 0, r5, pc, c0",1
svcpl 0x636269,1
svcpl 0x757363,1
"strbtvc r6, [sb], -0xe69",1
"strbtvs r6, [ip], -r0, lsl 10",1
"stmdbvs lr!, {r0, r2, r3, r5, r8, fp, sp, lr} ^",1
"rsbeq r2, r3, r4, ror lr",1
"mcrvs p15, 3, r5, c9, c15, 2",1
"cmpvs pc, sb, ror 8",1
"stmdbvc r1!, {r1, r4, r5, r6, sb, ip, sp, lr} ^",1
"cmnvs r4, pc, asr r3",1
svcpl 0x7472,1
"stmdbvs lr!, {r0, r1, r2, r3, r4, r6, r8, fp, sp, lr} ^",1
"rsbvc r5, r1, 116, 30",1
svcpl 0x796172,1
"rsbeq r6, r4, r5, ror 28",1
"stmdbvs ip!, {r0, r1, r2, r3, r4, r6, r8, sb, sl, fp, ip, lr} ^",1
"cmpvs pc, 0x88000001",1
"usub16vs r7, pc, r3",1
"rsbeq r6, sb, sb, ror 28",1
"stmdavc r3!, {r0, r1, r2, r3, r4, r6, r8, sb, sl, fp, ip, lr} ^",1
"strbtvc r5, [r1], -0xf61",1
"strbtvc r7, [sb], -0x865",1
"ldrbvs r5, [pc], -0xf00     ; [0x10ca4:4]=0x6c646e61",1
"ldmdavs pc, {r0, r1, r4, r5, r6, r8, sb, sl, fp, sp, lr} ^",1
"stclvs p14, c6, [r4], -0x184",1
"stmdavs pc!, {r0, r2, r5, r6}",1
svchs 0x656d6f,1
"rsbsvc r6, r5, 0xa0000006",1
svchs 0x74656b,1
"strbtvc r6, [r3], -0xf79",1
"strbvc r2, [r2, -0xf6f]!",1
svchs 0x646c69,1
svchs 0x706d74,1
blvs 0x1cacaac,1
"ldclvs p1, c6, [r2, -0xbc]!",1
"stclhs p7, c3, [r1, -0x1d8]!",1
"ldclhs p6, c6, [r0, -0x1d8]!",1
"cdpvs p5, 6, c6, c15, c14, 3",1
blvs 0x1becd98,1
"stmdbvs ip!, {r0, r3, r4, r5, r6, r8, sl, fp, sp} ^",1
"ldclhs p5, c7, [r8, -0x1b8]!",1
"ldrbvs r6, [r5, -0xe67]!",1
svchs 0x696261,1
"stmdbvs ip!, {r0, r2, r5, r6, r8, sb, sl, sp, lr} ^",1
"eorlo r6, pc, 0x88000001",1
"ldchs p1, c3, [r7, -0xb8]!",1
"strvs r3, [0x00010992]!",1
"rsbvs r6, sb, 0x6700",1
"cdphs p13, 3, c2, c2, c3, 3",1
"stcvs p7, c3, [pc], -0xc4",1
svchs 0x636269,1
"stclvs p4, c7, [r4], -0x1cc",1
invalid,1
"ldmdbvs r8!, {r2, r4, r5, r6, r8, sl, sp, lr} ^",1
"rsbeq r2, r3, r4, ror lr",1
"andeq r0, r0, r0",1
"andeq r0, r0, r4",1
"rsbseq r0, sp, r2",1
"andeq r0, r0, r4",1
"andeq r0, r0, r8",1
"ldcleq p0, c0, [sp], -8",1
"andeq r0, r0, r8",1
"ldrdeq r0, r1, [r0], -ip",1
"ldrbteq r0, [fp], -2",1
"andeq r0, r0, r0",1
"andeq r0, r0, r0",1
"ldrdeq r0, r1, [r0], -ip",1
"andeq r0, r0, r0, ror 1",1
"rsbseq r0, sp, r2",1
"andeq r0, r0, r0, ror 1",1
"andeq r0, r0, r4, ror 1",1
"rsbsne r0, sp, r2",1
"andeq r0, r0, r4, ror 1",1
"andeq r0, r0, r0, lsr 2",1
"ldrbteq r0, [fp], -2",1
"andeq r0, r0, r0",1
"andeq r0, r0, r0",1
"andeq r0, r0, r0, lsr 2",1
"andeq r0, r0, r4, lsr 2",1
"rsbseq r0, sp, r2",1
"andeq r0, r0, r4, lsr 2",1
"andeq r0, r0, r8, lsr 2",1
"ldmdaeq sp!, {r1} ^",1
"andeq r0, r0, r8, lsr 2",1
"andeq r0, r0, r8, ror 3",1
"ldrbteq r0, [fp], -2",1
"andeq r0, r0, r0",1
"andeq r0, r0, r0",1
"andeq r0, r0, r8, ror 3",1
"andeq r0, r0, ip, ror 3",1
"rsbseq r0, sp, r2",1
"andeq r0, r0, ip, ror 3",1
"strdeq r0, r1, [r0], -r0",1
"ldcleq p0, c0, [sp], -8",1
"strdeq r0, r1, [r0], -r0",1
"andeq r0, r0, r0, ror r3",1
"ldrbteq r0, [fp], -2",1
"andeq r0, r0, r0",1
"andeq r0, r0, r0",1
"andeq r0, r0, r0",1
"andeq r0, r0, r4",1
"rsbseq r0, sp, r2",1
"andeq r0, r0, r4",1
"andeq r0, r0, r8",1
"ldrbteq r0, [sp], -2",1
"andeq r0, r0, r8",1
"andeq r0, r0, ip, lsr 32",1
"ldrbteq r0, [fp], -2",1
"andeq r0, r0, r0",1
"andeq r0, r0, r0",1
"andeq r0, r0, ip, lsr 32",1
"andeq r0, r0, r0, lsr r0",1
"rsbseq r0, sp, r2",1
"andeq r0, r0, r0, lsr r0",1
"andeq r0, r0, r4, lsr r0",1
"ldrbteq r0, [sp], -2",1
"andeq r0, r0, r4, lsr r0",1
"andeq r0, r0, ip, asr r0",1
"ldrbteq r0, [fp], -2",1
"andeq r0, r0, r0",1
"andeq r0, r0, r0",1
"andeq r0, r0, ip, asr r0",1
"andeq r0, r0, r0, rrx",1
"rsbseq r0, sp, r2",1
"andeq r0, r0, r0, rrx",1
"andeq r0, r0, r4, rrx",1
"ldcleq p0, c0, [sp], -8",1
"andeq r0, r0, r4, rrx",1
"andeq r0, r0, ip, lsl 3",1
"ldrbteq r0, [fp], -2",1
"andeq r0, r0, r0",1
"andeq r0, r0, r0",1
"andeq r0, r0, r0",1
"andeq r0, r0, r4",1
"rsbseq r0, sp, r2",1
"andeq r0, r0, r4",1
"andeq r0, r0, r8",1
"ldrbteq r0, [sp], -2",1
"andeq r0, r0, r8",1
"strheq r0, [r0], -r4",1
"ldrbteq r0, [fp], -2",1
"andeq r0, r0, r0",1
"andeq r0, r0, r0",1
"strheq r0, [r0], -r4",1
"strheq r0, [r0], -r8",1
"rsbseq r0, sp, r2",1
"strheq r0, [r0], -r8",1
"strheq r0, [r0], -ip",1
"ldmdaeq sp!, {r1} ^",1
"strheq r0, [r0], -ip",1
"andeq r0, r0, r0, lsr 2",1
"ldrbteq r0, [fp], -2",1
"andeq r0, r0, r0",1
"andeq r0, r0, r0",1
"andeq r0, r0, r0",1
"andeq r0, r0, r4",1
"rsbseq r0, sp, r2",1
"andeq r0, r0, r4",1
"andeq r0, r0, r8",1
"ldmdaeq sp!, {r1} ^",1
"andeq r0, r0, r8",1
"strdeq r0, r1, [r0], -ip",1
"ldrbteq r0, [fp], -2",1
"andeq r0, r0, r0",1
"andeq r0, r0, r0",1
"andeq r0, r0, r0",1
"andeq r0, r0, r4",1
"rsbseq r0, sp, r2",1
"andeq r0, r0, r4",1
"andeq r0, r0, r8",1
"ldmdaeq sp!, {r1} ^",1
"andeq r0, r0, r8",1
"andeq r0, r0, r8, lsl r1",1
"ldrbteq r0, [fp], -2",1
"andeq r0, r0, r0",1
"andeq r0, r0, r0",1
"andeq r0, r0, r0",1
"andeq r0, r0, r4",1
"rsbseq r0, sp, r2",1
"andeq r0, r0, r4",1
"andeq r0, r0, r8",1
"ldmdaeq sp!, {r1} ^",1
"andeq r0, r0, r8",1
"andeq r0, r0, r0, ror r0",1
"ldrbteq r0, [fp], -2",1
"andeq r0, r0, r0",1
"andeq r0, r0, r0",1
"andeq r0, r0, r0, ror r0",1
"andeq r0, r0, r4, ror r0",1
"rsbseq r0, sp, r2",1
"andeq r0, r0, r4, ror r0",1
"andeq r0, r0, r8, ror r0",1
"ldrbteq r0, [sp], -2",1
"andeq r0, r0, r8, ror r0",1
"strheq r0, [r0], -r0",1
"ldrbteq r0, [fp], -2",1
"andeq r0, r0, r0",1
"andeq r0, r0, r0",1
"strheq r0, [r0], -r0",1
"strheq r0, [r0], -r4",1
"rsbseq r0, sp, r2",1
"strheq r0, [r0], -r4",1
"strheq r0, [r0], -r8",1
"ldrbteq r0, [sp], -2",1
"strheq r0, [r0], -r8",1
"strdeq r0, r1, [r0], -r4",1
"ldrbteq r0, [fp], -2",1
"andeq r0, r0, r0",1
"andeq r0, r0, r0",1
"strdeq r0, r1, [r0], -r4",1
"strdeq r0, r1, [r0], -r8",1
"rsbseq r0, sp, r2",1
"strdeq r0, r1, [r0], -r8",1
"strdeq r0, r1, [r0], -ip",1
"ldrbteq r0, [sp], -2",1
"strdeq r0, r1, [r0], -ip",1
"strheq r0, [r0], -r4",1
"ldrbteq r0, [fp], -2",1
"andeq r0, r0, r0",1
"andeq r0, r0, r0",1
"strheq r0, [r0], -r4",1
"strheq r0, [r0], -r8",1
"rsbseq r0, sp, r2",1
"strheq r0, [r0], -r8",1
"strheq r0, [r0], -ip",1
"ldrbteq r0, [sp], -2",1
"strheq r0, [r0], -ip",1
"andeq r0, r0, ip, lsl 4",1
"ldrbteq r0, [fp], -2",1
"andeq r0, r0, r0",1
"andeq r0, r0, r0",1
"andeq r0, r0, ip, lsl 4",1
"andeq r0, r0, r0, lsl r2",1
"rsbseq r0, sp, r2",1
"andeq r0, r0, r0, lsl r2",1
"andeq r0, r0, r4, lsl r2",1
"ldmdaeq sp!, {r1} ^",1
"andeq r0, r0, r4, lsl r2",1
"andeq r0, r0, r4, lsl 5",1
"ldrbteq r0, [fp], -2",1
"andeq r0, r0, r0",1
"andeq r0, r0, r0",1
"andeq r0, r0, r4, lsl 5",1
"andeq r0, r0, r8, lsl 5",1
"rsbseq r0, sp, r2",1
"andeq r0, r0, r8, lsl 5",1
"andeq r0, r0, ip, lsl 5",1
"ldcleq p0, c0, [sp], -8",1
"andeq r0, r0, ip, lsl 5",1
"andeq r0, r0, r4, ror r3",1
"ldrbteq r0, [fp], -2",1
"andeq r0, r0, r0",1
"andeq r0, r0, r0",1
"andeq r0, r0, r4, ror r3",1
"andeq r0, r0, r8, ror r3",1
"rsbseq r0, sp, r2",1
"andeq r0, r0, r8, ror r3",1
"andeq r0, r0, ip, ror r3",1
"ldmdaeq sp!, {r1} ^",1
"andeq r0, r0, ip, ror r3",1
"andeq r0, r0, r8, ror 8",1
"ldrbteq r0, [fp], -2",1
"andeq r0, r0, r0",1
"andeq r0, r0, r0",1
"andeq r0, r0, r8, ror 8",1
"andeq r0, r0, ip, ror 8",1
"rsbseq r0, sp, r2",1
"andeq r0, r0, ip, ror 8",1
"andeq r0, r0, r0, ror r4",1
"ldcleq p0, c0, [sp], -8",1
"andeq r0, r0, r0, ror r4",1
"andeq r1, r0, r4, ror r5",1
"ldrbteq r0, [fp], -2",1
"andeq r0, r0, r0",1
"andeq r0, r0, r0",1
"andeq r1, r0, r4, ror r5",1
"andeq r1, r0, r8, ror r5",1
"rsbseq r0, sp, r2",1
"andeq r1, r0, r8, ror r5",1
"andeq r1, r0, ip, ror r5",1
"ldmdaeq sp!, {r1} ^",1
"andeq r1, r0, ip, ror r5",1
"andeq r1, r0, r4, lsr r6",1
"ldrbteq r0, [fp], -2",1
"andeq r0, r0, r0",1
"andeq r0, r0, r0",1
"andeq r1, r0, r4, lsr r6",1
"andeq r1, r0, r8, lsr r6",1
"rsbseq r0, sp, r2",1
"andeq r1, r0, r8, lsr r6",1
"andeq r1, r0, ip, lsr r6",1
"ldmdaeq sp!, {r1} ^",1
"andeq r1, r0, ip, lsr r6",1
"andeq r1, r0, r0, ror r6",1
"ldrbteq r0, [fp], -2",1
"andeq r0, r0, r0",1
"andeq r0, r0, r0",1
"andeq r1, r0, r0, ror r6",1
"andeq r1, r0, r4, ror r6",1
"rsbseq r0, sp, r2",1
"andeq r1, r0, r4, ror r6",1
"andeq r1, r0, r8, ror r6",1
"ldmdaeq sp!, {r1} ^",1
"andeq r1, r0, r8, ror r6",1
"ldrdeq r1, r2, [r0], -r0",1
"ldrbteq r0, [fp], -2",1
"andeq r0, r0, r0",1
"andeq r0, r0, r0",1
"ldrdeq r1, r2, [r0], -r0",1
"ldrdeq r1, r2, [r0], -r4",1
"rsbseq r0, sp, r2",1
"ldrdeq r1, r2, [r0], -r4",1
"ldrdeq r1, r2, [r0], -r8",1
"ldmdaeq sp!, {r1} ^",1
"ldrdeq r1, r2, [r0], -r8",1
"strheq r1, [r0], -r4",1
"ldrbteq r0, [fp], -2",1
"andeq r0, r0, r0",1
"andeq r0, r0, r0",1
"strheq r1, [r0], -r4",1
"strheq r1, [r0], -r8",1
"rsbseq r0, sp, r2",1
"strheq r1, [r0], -r8",1
"strheq r1, [r0], -ip",1
"ldcleq p0, c0, [sp], -8",1
"strheq r1, [r0], -ip",1
"andeq r1, r0, r8, ror 22",1
"ldrbteq r0, [fp], -2",1
"andeq r0, r0, r0",1
"andeq r0, r0, r0",1
"andeq r1, r0, r8, ror 22",1
"andeq r1, r0, ip, ror 22",1
"rsbseq r0, sp, r2",1
"andeq r1, r0, ip, ror 22",1
"andeq r1, r0, r0, ror fp",1
"ldmdaeq sp!, {r1} ^",1
"andeq r1, r0, r0, ror fp",1
"andeq r1, r0, r4, lsr 23",1
"ldrbteq r0, [fp], -2",1
"andeq r0, r0, r0",1
"andeq r0, r0, r0",1
"andeq r1, r0, r4, lsr 23",1
"andeq r1, r0, r8, lsr 23",1
"rsbseq r0, sp, r2",1
"andeq r1, r0, r8, lsr 23",1
"andeq r1, r0, ip, lsr 23",1
"ldmdaeq sp!, {r1} ^",1
"andeq r1, r0, ip, lsr 23",1
"andeq r1, r0, r4, ror 23",1
"ldrbteq r0, [fp], -2",1
"andeq r0, r0, r0",1
"andeq r0, r0, r0",1
"andeq r1, r0, r4, ror 23",1
"andeq r1, r0, r8, ror 23",1
"rsbseq r0, sp, r2",1
"andeq r1, r0, r8, ror 23",1
"andeq r1, r0, ip, ror 23",1
"ldmdaeq sp!, {r1} ^",1
"andeq r1, r0, ip, ror 23",1
"andeq r1, r0, r0, lsl ip",1
"ldrbteq r0, [fp], -2",1
"andeq r0, r0, r0",1
"andeq r0, r0, r0",1
"andeq r1, r0, r0, lsl ip",1
"andeq r1, r0, r4, lsl ip",1
"rsbseq r0, sp, r2",1
"andeq r1, r0, r4, lsl ip",1
"andeq r1, r0, r8, lsl ip",1
"ldmdaeq sp!, {r1} ^",1
"andeq r1, r0, r8, lsl ip",1
"andeq r1, r0, r4, asr 24",1
"ldrbteq r0, [fp], -2",1
"andeq r0, r0, r0",1
"andeq r0, r0, r0",1
"andeq r1, r0, r4, asr 24",1
"andeq r1, r0, r8, asr 24",1
"rsbseq r0, sp, r2",1
"andeq r1, r0, r8, asr 24",1
"andeq r1, r0, ip, asr 24",1
"ldmdaeq sp!, {r1} ^",1
"andeq r1, r0, ip, asr 24",1
"muleq r0, r0, ip",1
"ldrbteq r0, [fp], -2",1
"andeq r0, r0, r0",1
"andeq r0, r0, r0",1
"muleq r0, r0, ip",1
"muleq r0, r4, ip",1
"rsbseq r0, sp, r2",1
"muleq r0, r4, ip",1
"muleq r0, r8, ip",1
"ldmdaeq sp!, {r1} ^",1
"muleq r0, r8, ip",1
"andeq r1, r0, r0, ror 25",1
"ldrbteq r0, [fp], -2",1
"andeq r0, r0, r0",1
"andeq r0, r0, r0",1
"andeq r1, r0, r0, ror 25",1
"andeq r1, r0, r4, ror 25",1
"rsbseq r0, sp, r2",1
"andeq r1, r0, r4, ror 25",1
"andeq r1, r0, r8, ror 25",1
"ldmdaeq sp!, {r1} ^",1
"andeq r1, r0, r8, ror 25",1
"andeq r1, r0, r4, lsl sp",1
"ldrbteq r0, [fp], -2",1
"andeq r0, r0, r0",1
"andeq r0, r0, r0",1
"andeq r1, r0, r4, lsl sp",1
"andeq r1, r0, r8, lsl sp",1
"rsbseq r0, sp, r2",1
"andeq r1, r0, r8, lsl sp",1
"andeq r1, r0, ip, lsl sp",1
"ldmdaeq sp!, {r1} ^",1
"andeq r1, r0, ip, lsl sp",1
"andeq r1, r0, r0, asr sp",1
"ldrbteq r0, [fp], -2",1
"andeq r0, r0, r0",1
"andeq r0, r0, r0",1
"andeq r1, r0, r0, asr sp",1
"andeq r1, r0, r4, asr sp",1
"rsbseq r0, sp, r2",1
"andeq r1, r0, r4, asr sp",1
"andeq r1, r0, r8, asr sp",1
"ldmdaeq sp!, {r1} ^",1
"andeq r1, r0, r8, asr sp",1
"ldrdeq r1, r2, [r0], -r0",1
"ldrbteq r0, [fp], -2",1
"andeq r0, r0, r0",1
"andeq r0, r0, r0",1
"ldrdeq r1, r2, [r0], -r0",1
"ldrdeq r1, r2, [r0], -r4",1
"rsbseq r0, sp, r2",1
"ldrdeq r1, r2, [r0], -r4",1
"ldrdeq r1, r2, [r0], -r8",1
"ldmdaeq sp!, {r1} ^",1
"ldrdeq r1, r2, [r0], -r8",1
"andeq r1, r0, ip, lsl 28",1
"ldrbteq r0, [fp], -2",1
"andeq r0, r0, r0",1
"andeq r0, r0, r0",1
"andeq r1, r0, ip, lsl 28",1
"andeq r1, r0, r0, lsl lr",1
"rsbseq r0, sp, r2",1
"andeq r1, r0, r0, lsl lr",1
"andeq r1, r0, r4, lsl lr",1
"ldmdaeq sp!, {r1} ^",1
"andeq r1, r0, r4, lsl lr",1
"andeq r1, r0, r8, lsr lr",1
"ldrbteq r0, [fp], -2",1
"andeq r0, r0, r0",1
"andeq r0, r0, r0",1
"andeq r1, r0, r8, lsr lr",1
"andeq r1, r0, ip, lsr lr",1
"rsbseq r0, sp, r2",1
"andeq r1, r0, ip, lsr lr",1
"andeq r1, r0, r0, asr 28",1
"ldmdaeq sp!, {r1} ^",1
"andeq r1, r0, r0, asr 28",1
"andeq r1, r0, ip, ror 28",1
"ldrbteq r0, [fp], -2",1
"andeq r0, r0, r0",1
"andeq r0, r0, r0",1
"andeq r1, r0, ip, ror 28",1
"andeq r1, r0, r0, ror lr",1
"rsbseq r0, sp, r2",1
"andeq r1, r0, r0, ror lr",1
"andeq r1, r0, r4, ror lr",1
"ldmdaeq sp!, {r1} ^",1
"andeq r1, r0, r4, ror lr",1
"strheq r1, [r0], -r4",1
"ldrbteq r0, [fp], -2",1
"andeq r0, r0, r0",1
"andeq r0, r0, r0",1
"strheq r1, [r0], -r4",1
"strheq r1, [r0], -r8",1
"rsbseq r0, sp, r2",1
"strheq r1, [r0], -r8",1
"strheq r1, [r0], -ip",1
"ldmdaeq sp!, {r1} ^",1
"strheq r1, [r0], -ip",1
"andeq r1, r0, r0, lsr pc",1
"ldrbteq r0, [fp], -2",1
"andeq r0, r0, r0",1
"andeq r0, r0, r0",1
"andeq r1, r0, r0, lsr pc",1
"andeq r1, r0, r4, lsr pc",1
"rsbseq r0, sp, r2",1
"andeq r1, r0, r4, lsr pc",1
"andeq r1, r0, r8, lsr pc",1
"ldmdaeq sp!, {r1} ^",1
"andeq r1, r0, r8, lsr pc",1
"andeq r1, r0, ip, ror 30",1
"ldrbteq r0, [fp], -2",1
"andeq r0, r0, r0",1
"andeq r0, r0, r0",1
"andeq r1, r0, ip, ror 30",1
"andeq r1, r0, r0, ror pc",1
"rsbseq r0, sp, r2",1
"andeq r1, r0, r0, ror pc",1
"andeq r1, r0, r4, ror pc",1
"ldmdaeq sp!, {r1} ^",1
"andeq r1, r0, r4, ror pc",1
"strheq r1, [r0], -r4",1
"ldrbteq r0, [fp], -2",1
"andeq r0, r0, r0",1
"andeq r0, r0, r0",1
"strheq r1, [r0], -r4",1
"strheq r1, [r0], -r8",1
"rsbseq r0, sp, r2",1
"strheq r1, [r0], -r8",1
"strheq r1, [r0], -ip",1
"ldmdaeq sp!, {r1} ^",1
"strheq r1, [r0], -ip",1
"strdeq r1, r2, [r0], -r4",1
"ldrbteq r0, [fp], -2",1
"andeq r0, r0, r0",1
"andeq r0, r0, r0",1
"strdeq r1, r2, [r0], -r4",1
"strdeq r1, r2, [r0], -r8",1
"rsbseq r0, sp, r2",1
"strdeq r1, r2, [r0], -r8",1
"strdeq r1, r2, [r0], -ip",1
"ldmdaeq sp!, {r1} ^",1
"strdeq r1, r2, [r0], -ip",1
"andeq r2, r0, r8, lsr 32",1
"ldrbteq r0, [fp], -2",1
"andeq r0, r0, r0",1
"andeq r0, r0, r0",1
"andeq r2, r0, r8, lsr 32",1
"andeq r2, r0, ip, lsr 32",1
"rsbseq r0, sp, r2",1
"andeq r2, r0, ip, lsr 32",1
"andeq r2, r0, r0, lsr r0",1
"ldmdaeq sp!, {r1} ^",1
"andeq r2, r0, r0, lsr r0",1
"andeq r2, r0, ip, asr r0",1
"ldrbteq r0, [fp], -2",1
"andeq r0, r0, r0",1
"andeq r0, r0, r0",1
"andeq r2, r0, ip, asr r0",1
"andeq r2, r0, r0, rrx",1
"rsbseq r0, sp, r2",1
"andeq r2, r0, r0, rrx",1
"andeq r2, r0, r4, rrx",1
"ldmdaeq sp!, {r1} ^",1
"andeq r2, r0, r4, rrx",1
"andeq r2, r0, r8, lsl 1",1
"ldrbteq r0, [fp], -2",1
"andeq r0, r0, r0",1
"andeq r0, r0, r0",1
"andeq r0, r0, r0",1
"andeq r0, r0, r4",1
"rsbseq r0, sp, r2",1
"andeq r0, r0, r4",1
"andeq r0, r0, r8",1
"ldmdane sp!, {r1} ^",1
"andeq r0, r0, r8",1
"strdeq r0, r1, [r0], -ip",1
"ldrbteq r0, [fp], -2",1
"andeq r0, r0, r0",1
"andeq r0, r0, r0",1
"strdeq r0, r1, [r0], -ip",1
"andeq r0, r0, r0, lsl 10",1
"rsbseq r0, sp, r2",1
"andeq r0, r0, r0, lsl 10",1
"andeq r0, r0, r4, lsl 10",1
"ldmdaeq sp!, {r1} ^",1
"andeq r0, r0, r4, lsl 10",1
"andeq r0, r0, r8, ror r5",1
"ldrbteq r0, [fp], -2",1
"andeq r0, r0, r0",1
"andeq r0, r0, r0",1
"andeq r0, r0, r8, ror r5",1
"andeq r0, r0, ip, ror r5",1
"rsbseq r0, sp, r2",1
"andeq r0, r0, ip, ror r5",1
"andeq r0, r0, r0, lsl 11",1
"ldmdaeq sp!, {r1} ^",1
"andeq r0, r0, r0, lsl 11",1
"andeq r0, r0, r4, lsr r6",1
"ldrbteq r0, [fp], -2",1
"andeq r0, r0, r0",1
"andeq r0, r0, r0",1
"andeq r0, r0, r4, lsr r6",1
"andeq r0, r0, r8, lsr r6",1
"rsbseq r0, sp, r2",1
"andeq r0, r0, r8, lsr r6",1
"andeq r0, r0, ip, lsr r6",1
"ldrbteq r0, [sp], -2",1
"andeq r0, r0, ip, lsr r6",1
"andeq r0, r0, r0, asr 12",1
"ldcleq p0, c0, [sp], -8",1
"andeq r0, r0, r0, asr 12",1
"andeq r0, r0, r4, lsl 13",1
"ldmdaeq fp!, {r1} ^",1
"andeq r0, r0, r0",1
"andeq r0, r0, r0",1
"andeq r0, r0, r4, lsl 13",1
"andeq r0, r0, r8, lsl 13",1
"rsbseq r0, sp, r2",1
"andeq r0, r0, r8, lsl 13",1
"andeq r0, r0, ip, lsl 13",1
"ldmdaeq sp!, {r1} ^",1
"andeq r0, r0, ip, lsl 13",1
"andeq r0, r0, r0, lsl 14",1
"ldrbteq r0, [fp], -2",1
"andeq r0, r0, r0",1
"andeq r0, r0, r0",1
"andeq r0, r0, r0",1
"andeq r0, r0, r4",1
"rsbseq r0, sp, r2",1
"andeq r0, r0, r4",1
"andeq r0, r0, r8",1
"ldmdaeq sp!, {r1} ^",1
"andeq r0, r0, r8",1
"andeq r0, r0, ip, asr r0",1
"ldrbteq r0, [fp], -2",1
"andeq r0, r0, r0",1
"andeq r0, r0, r0",1
"andeq r0, r0, ip, asr r0",1
"andeq r0, r0, r0, rrx",1
"rsbseq r0, sp, r2",1
"andeq r0, r0, r0, rrx",1
"andeq r0, r0, r4, rrx",1
"ldmdaeq sp!, {r1} ^",1
"andeq r0, r0, r4, rrx",1
"andeq r0, r0, r0, asr 1",1
"ldrbteq r0, [fp], -2",1
"andeq r0, r0, r0",1
"andeq r0, r0, r0",1
"andeq r0, r0, r0, asr 1",1
"andeq r0, r0, r4, asr 1",1
"rsbseq r0, sp, r2",1
"andeq r0, r0, r4, asr 1",1
"andeq r0, r0, r8, asr 1",1
"ldmdaeq sp!, {r1} ^",1
"andeq r0, r0, r8, asr 1",1
"andeq r0, r0, r8, lsr 3",1
"ldrbteq r0, [fp], -2",1
"andeq r0, r0, r0",1
"andeq r0, r0, r0",1
"andeq r0, r0, r8, lsr 3",1
"andeq r0, r0, ip, lsr 3",1
"rsbseq r0, sp, r2",1
"andeq r0, r0, ip, lsr 3",1
"strheq r0, [r0], -r0",1
"ldmdaeq sp!, {r1} ^",1
"strheq r0, [r0], -r0",1
"ldrdeq r0, r1, [r0], -r0",1
"ldrbteq r0, [fp], -2",1
"andeq r0, r0, r0",1
"andeq r0, r0, r0",1
"ldrdeq r0, r1, [r0], -r0",1
"ldrdeq r0, r1, [r0], -r4",1
"rsbseq r0, sp, r2",1
"ldrdeq r0, r1, [r0], -r4",1
"ldrdeq r0, r1, [r0], -r8",1
"ldmdaeq sp!, {r1} ^",1
"ldrdeq r0, r1, [r0], -r8",1
"andeq r0, r0, ip, lsl r2",1
"ldrbteq r0, [fp], -2",1
"andeq r0, r0, r0",1
"andeq r0, r0, r0",1
"andeq r0, r0, ip, lsl r2",1
"andeq r0, r0, r0, lsr 4",1
"rsbseq r0, sp, r2",1
"andeq r0, r0, r0, lsr 4",1
"andeq r0, r0, r4, lsr 4",1
"ldmdaeq sp!, {r1} ^",1
"andeq r0, r0, r4, lsr 4",1
"muleq r0, r4, r2",1
"ldrbteq r0, [fp], -2",1
"andeq r0, r0, r0",1
"andeq r0, r0, r0",1
"muleq r0, r4, r2",1
"muleq r0, r8, r2",1
"rsbseq r0, sp, r2",1
"muleq r0, r8, r2",1
"muleq r0, ip, r2",1
"ldmdaeq sp!, {r1} ^",1
"muleq r0, ip, r2",1
"andeq r0, r0, r8, asr 5",1
"ldrbteq r0, [fp], -2",1
"andeq r0, r0, r0",1
"andeq r0, r0, r0",1
"andeq r0, r0, r8, asr 5",1
"andeq r0, r0, ip, asr 5",1
"rsbseq r0, sp, r2",1
"andeq r0, r0, ip, asr 5",1
"ldrdeq r0, r1, [r0], -r0",1
"ldmdaeq sp!, {r1} ^",1
"ldrdeq r0, r1, [r0], -r0",1
"andeq r0, r0, r4, lsl 6",1
"ldrbteq r0, [fp], -2",1
"andeq r0, r0, r0",1
"andeq r0, r0, r0",1
"andeq r0, r0, r4, lsl 6",1
"andeq r0, r0, r8, lsl 6",1
"rsbseq r0, sp, r2",1
"andeq r0, r0, r8, lsl 6",1
"andeq r0, r0, ip, lsl 6",1
"ldmdaeq sp!, {r1} ^",1
"andeq r0, r0, ip, lsl 6",1
"andeq r0, r0, ip, asr 6",1
"ldrbteq r0, [fp], -2",1
"andeq r0, r0, r0",1
"andeq r0, r0, r0",1
"andeq r0, r0, ip, asr 6",1
"andeq r0, r0, r0, asr r3",1
"rsbseq r0, sp, r2",1
"andeq r0, r0, r0, asr r3",1
"andeq r0, r0, r4, asr r3",1
"ldmdaeq sp!, {r1} ^",1
"andeq r0, r0, r4, asr r3",1
"andeq r0, r0, ip, lsl 7",1
"ldrbteq r0, [fp], -2",1
"andeq r0, r0, r0",1
"andeq r0, r0, r0",1
"andeq r0, r0, ip, lsl 7",1
"muleq r0, r0, r3",1
"rsbseq r0, sp, r2",1
"muleq r0, r0, r3",1
"muleq r0, r4, r3",1
"ldmdaeq sp!, {r1} ^",1
"muleq r0, r4, r3",1
"andeq r0, r0, r8, asr 7",1
"ldrbteq r0, [fp], -2",1
"andeq r0, r0, r0",1
"andeq r0, r0, r0",1
"andeq r0, r0, r0",1
"andeq r0, r0, r4",1
"rsbseq r0, sp, r2",1
"andeq r0, r0, r4",1
"andeq r0, r0, r8",1
"rsbsne r0, sp, r2",1
"andeq r0, r0, r8",1
"andeq r0, r0, ip, lsr r0",1
"ldrbteq r0, [fp], -2",1
"andeq r0, r0, r0",1
"andeq r0, r0, r0",1
"andeq r0, r0, r0",1
"andeq r0, r0, r4",1
"rsbseq r0, sp, r2",1
"andeq r0, r0, r4",1
"andeq r0, r0, r8",1
"rsbsne r0, sp, r2",1
"andeq r0, r0, r8",1
"muleq r0, r8, r0",1
"ldrbteq r0, [fp], -2",1
"andeq r0, r0, r0",1
"andeq r0, r0, r0",1
"andeq r0, r0, r0",1
"andeq r0, r0, r4",1
"rsbseq r0, sp, r2",1
"andeq r0, r0, r4",1
"andeq r0, r0, r8",1
"ldmdaeq sp!, {r1} ^",1
"andeq r0, r0, r8",1
"ldrdeq r0, r1, [r0], -r8",1
"ldrbteq r0, [fp], -2",1
"andeq r0, r0, r0",1
"andeq r0, r0, r0",1
"andeq r0, r0, r0",1
"andeq r0, r0, r4",1
"rsbseq r0, sp, r2",1
"andeq r0, r0, r4",1
"andeq r0, r0, r8",1
"ldmdaeq sp!, {r1} ^",1
"andeq r0, r0, r8",1
"andeq r0, r0, r0, lsl 8",1
"ldrbteq r0, [fp], -2",1
"andeq r0, r0, r0",1
"andeq r0, r0, r0",1
"andeq r0, r0, r0, lsl 8",1
"andeq r0, r0, r4, lsl 8",1
"rsbseq r0, sp, r2",1
"andeq r0, r0, r4, lsl 8",1
"andeq r0, r0, r8, lsl 8",1
"ldmdaeq sp!, {r1} ^",1
"andeq r0, r0, r8, lsl 8",1
"andeq r0, r0, ip, lsl 10",1
"ldrbteq r0, [fp], -2",1
"andeq r0, r0, r0",1
"andeq r0, r0, r0",1
"andeq r0, r0, r0",1
"andeq r0, r0, r4",1
"rsbseq r0, sp, r2",1
"andeq r0, r0, r4",1
"andeq r0, r0, r8",1
"ldcleq p0, c0, [sp], -8",1
"andeq r0, r0, r8",1
"andeq r0, r0, r0, lsl 2",1
"ldrbteq r0, [fp], -2",1
"andeq r0, r0, r0",1
"andeq r0, r0, r0",1
"andeq r0, r0, r0",1
"andeq r0, r0, r4",1
"rsbseq r0, sp, r2",1
"andeq r0, r0, r4",1
"andeq r0, r0, r8",1
"ldmdaeq sp!, {r1} ^",1
"andeq r0, r0, r8",1
"andeq r0, r0, r4, asr 32",1
"ldrbteq r0, [fp], -2",1
"andeq r0, r0, r0",1
"andeq r0, r0, r0",1
"andeq r0, r0, r4, asr 32",1
"andeq r0, r0, r8, asr 32",1
"rsbseq r0, sp, r2",1
"andeq r0, r0, r8, asr 32",1
"andeq r0, r0, ip, asr 32",1
"ldmdaeq sp!, {r1} ^",1
"andeq r0, r0, ip, asr 32",1
"andeq r0, r0, r4, lsr 1",1
"ldrbteq r0, [fp], -2",1
"andeq r0, r0, r0",1
"andeq r0, r0, r0",1
"andeq r0, r0, r0",1
"andeq r0, r0, r4",1
"rsbseq r0, sp, r2",1
"andeq r0, r0, r4",1
"andeq r0, r0, r8",1
"ldcleq p0, c0, [sp], -8",1
"andeq r0, r0, r8",1
"andeq r0, r0, r0, lsl 2",1
"ldrbteq r0, [fp], -2",1
"andeq r0, r0, r0",1
"andeq r0, r0, r0",1
"andeq r0, r0, r0",1
"andeq r0, r0, r4",1
"rsbseq r0, sp, r2",1
"andeq r0, r0, r4",1
"andeq r0, r0, r8",1
"ldrbteq r0, [sp], -2",1
"andeq r0, r0, r8",1
"andeq r0, r0, ip, asr 32",1
"ldrbteq r0, [fp], -2",1
"andeq r0, r0, r0",1
"andeq r0, r0, r0",1
"andeq r0, r0, ip, asr 32",1
"andeq r0, r0, r0, asr r0",1
"rsbseq r0, sp, r2",1
"andeq r0, r0, r0, asr r0",1
"andeq r0, r0, r4, asr r0",1
"ldrbteq r0, [sp], -2",1
"andeq r0, r0, r4, asr r0",1
"strheq r0, [r0], -r8",1
"ldrbteq r0, [fp], -2",1
"andeq r0, r0, r0",1
"andeq r0, r0, r0",1
"strheq r0, [r0], -r8",1
"strheq r0, [r0], -ip",1
"rsbseq r0, sp, r2",1
"strheq r0, [r0], -ip",1
"andeq r0, r0, r0, asr 1",1
"ldrbteq r0, [sp], -2",1
"andeq r0, r0, r0, asr 1",1
"andeq r0, r0, ip, lsl 2",1
"ldrbteq r0, [fp], -2",1
"andeq r0, r0, r0",1
"andeq r0, r0, r0",1
"andeq r0, r0, ip, lsl 2",1
"andeq r0, r0, r0, lsl r1",1
"rsbseq r0, sp, r2",1
"andeq r0, r0, r0, lsl r1",1
"andeq r0, r0, r4, lsl r1",1
"ldrbteq r0, [sp], -2",1
"andeq r0, r0, r4, lsl r1",1
"andeq r0, r0, r8, asr r1",1
"ldrbteq r0, [fp], -2",1
"andeq r0, r0, r0",1
"andeq r0, r0, r0",1
"andeq r0, r0, r8, asr r1",1
"andeq r0, r0, ip, asr r1",1
"rsbseq r0, sp, r2",1
"andeq r0, r0, ip, asr r1",1
"andeq r0, r0, r0, ror 2",1
"ldrbteq r0, [sp], -2",1
"andeq r0, r0, r0, ror 2",1
"andeq r0, r0, r8, lsr 3",1
"ldrbteq r0, [fp], -2",1
"andeq r0, r0, r0",1
"andeq r0, r0, r0",1
"andeq r0, r0, r8, lsr 3",1
"andeq r0, r0, ip, lsr 3",1
"rsbseq r0, sp, r2",1
"andeq r0, r0, ip, lsr 3",1
"strheq r0, [r0], -r0",1
"ldrbteq r0, [sp], -2",1
"strheq r0, [r0], -r0",1
"strdeq r0, r1, [r0], -r4",1
"ldrbteq r0, [fp], -2",1
"andeq r0, r0, r0",1
"andeq r0, r0, r0",1
"strdeq r0, r1, [r0], -r4",1
"strdeq r0, r1, [r0], -r8",1
"rsbseq r0, sp, r2",1
"strdeq r0, r1, [r0], -r8",1
"strdeq r0, r1, [r0], -ip",1
"ldrbteq r0, [sp], -2",1
"strdeq r0, r1, [r0], -ip",1
"andeq r0, r0, r0, asr 4",1
"ldrbteq r0, [fp], -2",1
"andeq r0, r0, r0",1
"andeq r0, r0, r0",1
"andeq r0, r0, r0, asr 4",1
"andeq r0, r0, r4, asr 4",1
"rsbseq r0, sp, r2",1
"andeq r0, r0, r4, asr 4",1
"andeq r0, r0, r8, asr 4",1
"ldrbteq r0, [sp], -2",1
"andeq r0, r0, r8, asr 4",1
"andeq r0, r0, ip, lsl 5",1
"ldrbteq r0, [fp], -2",1
"andeq r0, r0, r0",1
"andeq r0, r0, r0",1
"andeq r0, r0, ip, lsl 5",1
"muleq r0, r0, r2",1
"rsbseq r0, sp, r2",1
"muleq r0, r0, r2",1
"muleq r0, r4, r2",1
"ldrbteq r0, [sp], -2",1
"muleq r0, r4, r2",1
"ldrdeq r0, r1, [r0], -r8",1
"ldrbteq r0, [fp], -2",1
"andeq r0, r0, r0",1
"andeq r0, r0, r0",1
"ldrdeq r0, r1, [r0], -r8",1
"ldrdeq r0, r1, [r0], -ip",1
"rsbseq r0, sp, r2",1
"ldrdeq r0, r1, [r0], -ip",1
"andeq r0, r0, r0, ror 5",1
"ldrbteq r0, [sp], -2",1
"andeq r0, r0, r0, ror 5",1
"andeq r0, r0, ip, asr r3",1
"ldrbteq r0, [fp], -2",1
"andeq r0, r0, r0",1
"andeq r0, r0, r0",1
"andeq r0, r0, ip, asr r3",1
"andeq r0, r0, r0, ror 6",1
"rsbseq r0, sp, r2",1
"andeq r0, r0, r0, ror 6",1
"andeq r0, r0, r4, ror 6",1
"ldrbteq r0, [sp], -2",1
"andeq r0, r0, r4, ror 6",1
"ldrdeq r0, r1, [r0], -r8",1
"ldrbteq r0, [fp], -2",1
"andeq r0, r0, r0",1
"andeq r0, r0, r0",1
"ldrdeq r0, r1, [r0], -r8",1
"ldrdeq r0, r1, [r0], -ip",1
"rsbseq r0, sp, r2",1
"ldrdeq r0, r1, [r0], -ip",1
"andeq r0, r0, r0, ror 7",1
"ldrbteq r0, [sp], -2",1
"andeq r0, r0, r0, ror 7",1
"andeq r0, r0, r4, lsr 8",1
"ldrbteq r0, [fp], -2",1
"andeq r0, r0, r0",1
"andeq r0, r0, r0",1
"andeq r0, r0, r4, lsr 8",1
"andeq r0, r0, r8, lsr 8",1
"rsbseq r0, sp, r2",1
"andeq r0, r0, r8, lsr 8",1
"andeq r0, r0, ip, lsr 8",1
"ldrbteq r0, [sp], -2",1
"andeq r0, r0, ip, lsr 8",1
"muleq r0, r0, r4",1
"ldrbteq r0, [fp], -2",1
"andeq r0, r0, r0",1
"andeq r0, r0, r0",1
"muleq r0, r0, r4",1
"muleq r0, r4, r4",1
"rsbseq r0, sp, r2",1
"muleq r0, r4, r4",1
"muleq r0, r8, r4",1
"ldrbteq r0, [sp], -2",1
"muleq r0, r8, r4",1
"ldrdeq r0, r1, [r0], -r8",1
"ldrbteq r0, [fp], -2",1
"andeq r0, r0, r0",1
"andeq r0, r0, r0",1
"ldrdeq r0, r1, [r0], -r8",1
"ldrdeq r0, r1, [r0], -ip",1
"rsbseq r0, sp, r2",1
"ldrdeq r0, r1, [r0], -ip",1
"andeq r0, r0, r0, ror 9",1
"ldrbteq r0, [sp], -2",1
"andeq r0, r0, r0, ror 9",1
"andeq r0, r0, r0, lsr 10",1
"ldrbteq r0, [fp], -2",1
"andeq r0, r0, r0",1
"andeq r0, r0, r0",1
"andeq r0, r0, r0",1
"andeq r0, r0, r4",1
"rsbseq r0, sp, r2",1
"andeq r0, r0, r4",1
"andeq r0, r0, r4, rrx",1
"rsbshs r0, sp, r2",1
"andeq r0, r0, r0",1
"andeq r0, r0, r0",1
"andeq r0, r0, r0",1
"andeq r0, r0, pc, lsl r0",1
svcne 0x500001,1
"strvs r0, [r0], -0",1
invalid,1
"andeq r5, r0, r0, lsl 14",1
"andeq r0, r0, r0",1
"andeq r0, r0, r0",1
"andseq r0, pc, r0",1
"andeq r0, r1, r0",1
"andeq r1, r0, r1, asr pc",1
"andeq r6, r0, r0, lsl 8",1
"stmdapl r0, {r8}",1
"andeq r0, r0, r0",1
"andeq r0, r0, r0",1
"andeq r0, r0, r0",1
"andeq r0, r0, pc, lsl r0",1
svcne 0x520001,1
"strvs r0, [r0], -0",1
invalid,1
"andeq r5, r0, r0, lsl 20",1
"andeq r0, r0, r0",1
"eoreq r0, r0, r0",1
"eorseq r0, r8, r0",1
"andeq r0, r2, r0",1
"subseq sb, r0, r0, lsr pc",1
"rsbeq r0, r4, r0",1
"andeq r0, r1, r0",1
"andeq r0, r0, r4, asr r0",1
"andeq r0, r0, r0",1
"andeq r0, r0, r0",1
"andeq r2, r0, r0, lsl 6",1
"andpl r0, r0, r0, lsl 2",1
"andeq r0, r0, r3, lsr 32",1
"andeq r0, r0, ip, lsr 32",1
invalid,1
"andeq sb, r0, r0, asr pc",1
"andeq r0, r0, r0",1
"andeq r0, r0, r0",1
"andeq r0, r0, r0",1
invalid,1
"andeq r0, r0, r0",1
"andeq r8, r0, r4, ror 29",1
"andeq r8, r0, r8, lsl 30",1
"andeq r8, r0, ip, lsl 24",1
"andeq r8, r0, r4, lsl ip",1
"andeq sp, r0, r4, asr 6",1
"andeq sp, r0, r8, asr 6",1
"andeq r0, r0, r0",1
"andeq r0, r0, r0",1
"andeq r0, r0, ip, asr 13",1
"strheq r1, [r0], -r8",1
"andeq r1, r0, r8, ror 9",1
"andeq r1, r0, r0, lsr 10",1
"andeq r0, r0, r0",1
"andeq r0, r0, r0",1
"andeq r0, r0, ip, lsl lr",1
"andeq r1, r0, ip, lsl 5",1
"andeq r1, r0, r0, lsl r5",1
"andeq r1, r0, r8, lsl r5",1
"andeq r0, r0, r0",1
"andeq r0, r0, r0",1
"andeq r1, r0, ip, asr 1",1
"andeq r1, r0, ip, lsl 5",1
"andeq r1, r0, r0, lsl r5",1
"andeq r1, r0, r8, lsl r5",1
"andeq r0, r0, r0",1
"andeq r0, r0, r0",1
"strheq r0, [r0], -ip",1
"andeq r0, r0, r4, ror r3",1
"muleq r0, r0, r3",1
"muleq r0, r4, r3",1
"andeq r0, r0, r0",1
"andeq r0, r0, r0",1
"andeq r0, r0, r8",1
"andeq r0, r0, ip",1
"andeq r0, r0, r0, lsl r0",1
"andeq r0, r0, r4, lsl r0",1
"andeq r0, r0, r8, lsl r0",1
"andeq r0, r0, ip, lsl r0",1
"andeq r0, r0, r0, lsr 32",1
"andeq r0, r0, r4, rrx",1
"andeq r0, r0, r0",1
"andeq r0, r0, r0",1
invalid,1
"andeq r0, r0, r0",1
"andeq r8, r0, r4, lsl ip",1
"andeq r8, r0, r8, lsl ip",1
"andeq sp, r0, r8, asr 6",1
"andeq sp, r0, ip, asr 6",1
"andeq r0, r0, r0",1
"andeq r0, r0, r0",1
"ldmdbvc r3!, {sb, sl, fp, sp} ^",1
"rsbvs r7, r1, 0x6d000000",1
"ldrbtvc r2, [r3], -0xe00",1
"rsbvs r7, r1, 0x72000000",1
"ldmdavs r3!, {sb, sl, fp, sp} ^",1
"ldrbtvc r7, [r2], -0x473",1
"cdphs p2, 0, c6, c0, c1, 3",1
"ldrbvs r6, [r4, -0xe69]!",1
"mcrhs p0, 0, r7, c0, c2, 3",1
"ldrbvs r6, [r4, -0xf6e]!",1
"stmdbmi r2, {r1, r2, r3, r5, r8, lr} ^",1
"strbvs r7, [r1, -sp, lsr 8]!",1
svcvs 0x6e2e00,1
invalid,1
"eorvs r7, lr, 0x1b800000",1
"strbtvs r6, [ip], -0x975",1
"rsbeq r6, r4, sp, lsr 18",1
"strbvc r6, [lr, -0x72e]!",1
invalid,1
"strtvs r0, [lr], -0x68",1
"ldmdbvc r3!, {r0, r3, r4, r5, r6, sb, sl, fp, sp, lr} ^",1
"strtvs r0, [lr], -0x6d",1
"ldrbtvc r6, [r3], -0xe79",1
invalid,1
"strtvc r7, [lr], -lr, ror 10",1
"ldmdbvs r3!, {r0, r2, r5, r6, sb, ip, sp, lr} ^",1
"cdphs p14, 0, c6, c0, c15, 3",1
"cdphs p14, 7, c6, c5, c7, 3",1
"cmnvc r2, 0x1d800000",1
svcpl 0x6e6f69,1
"eorvc r0, lr, 0x72",1
"strtvs r6, [lr], -0xc65",1
"mcrhs p14, 0, r6, c0, c9, 3",1
"mcrhs p5, 3, r6, c12, c2, 3",1
"rsbseq r6, r4, r0, ror ip",1
"stmdbvs lr!, {r1, r2, r3, r5, r8, fp, sp, lr} ^",1
"strtvc r0, [lr], -0x74",1
"rsbseq r7, r4, r5, ror 16",1
"cdpvs p6, 6, c6, c9, c14, 1",1
"eorvc r0, lr, 0x69",1
"strbtvc r6, [r1], -0x46f",1
invalid,1
"strvs r4, [lr, -0xd52]!",1
"stmdavc r4!, {r3, r4, r5, r6, r8, fp, sp, lr} ^",1
"stmdavs r5!, {sb, sl, fp, sp} ^",1
"cmnvs r2, pc, asr r6",1
"cdphs p5, 0, c6, c0, c13, 3",1
"strbtvc r6, [sb], -0xe69",1
"rsbsvc r6, r2, 0xc0000017",1
"cdphs p9, 0, c7, c0, c1, 3",1
"stmdbvs lr!, {r1, r2, r5, r6, r8, fp, sp, lr} ^",1
"rsbsvc r6, r2, 0xc0000017",1
"cdphs p9, 0, c7, c0, c1, 3",1
"rsbseq r6, r2, sl, ror 6",1
"cdpvs p4, 7, c6, c9, c14, 1",1
invalid,1
svcvs 0x672e00,1
"strtvs r0, [lr], -0x74",1
"rsbeq r7, r1, r1, ror 8",1
"cmnvc r3, 0xe0000002",1
svcvs 0x632e00,1
"cdpvs p13, 6, c6, c5, c13, 3",1
invalid,1
"qsubvs r4, r2, lr",1
"ldmdbvs r2!, {r2, r4, r5, r6, sl, ip, sp, lr} ^",1
"ldrbvs r7, [r4, -0x562]!",1
"strtvs r0, [lr], -0x73",1
"ldrbvs r6, [r5, -r5, ror 4]!",1
"cmnvs r2, pc, asr r1",1
invalid,1
"strbvs r2, [r4, -0xe00]!",1
svcpl 0x677562,1
svcvs 0x666e69,1
"strbvs r2, [r4, -0xe00]!",1
svcpl 0x677562,1
"rsbvc r6, r2, 0x10000006",1
"cdphs p6, 0, c7, c0, c5, 3",1
"strbvc r6, [r2, -0x564]!",1
"stmdbvs ip!, {r0, r1, r2, r5, r6, r8, sb, sl, fp, ip, lr} ^",1
"cdphs p5, 0, c6, c0, c14, 3",1
"strbvc r6, [r2, -0x564]!",1
"rsbvc r5, r6, 0x19c",1
"rsbeq r6, r5, r1, ror 26",1
"rsbvs r6, r5, 0x2e000000",1
"cmpvc pc, 0x1d40000",1
"mcrhs p2, 0, r7, c0, c4, 3",1
"strbvc r6, [r2, -0x564]!",1
svcvs 0x6c5f67,1
"strtvs r0, [lr], -0x63",1
"ldrbvs r6, [r5, -r5, ror 4]!",1
"mcrvs p2, 3, r7, c1, c15, 2",1
"rsbseq r6, r3, r7, ror 10",1
"andeq r0, r0, r0",1
"andeq r0, r0, r0",1
"andeq r0, r0, r0",1
"andeq r0, r0, r0",1
"andeq r0, r0, r0",1
"andeq r0, r0, r0",1
"andeq r0, r0, r0",1
"andeq r0, r0, r0",1
"andeq r0, r0, r0",1
"andeq r0, r0, r0",1
"andeq r0, r0, fp, lsl r0",1
"andeq r0, r0, r1",1
"andeq r0, r0, r2",1
"andeq r8, r0, r4, lsr r1",1
"andeq r0, r0, r4, lsr r1",1
"andeq r0, r0, r3, lsl r0",1
"andeq r0, r0, r0",1
"andeq r0, r0, r0",1
"andeq r0, r0, r1",1
"andeq r0, r0, r0",1
"andeq r0, r0, r3, lsr 32",1
"andeq r0, r0, r7",1
"andeq r0, r0, r2",1
"andeq r8, r0, r8, asr 2",1
"andeq r0, r0, r8, asr 2",1
"andeq r0, r0, r0, lsr 32",1
"andeq r0, r0, r0",1
"andeq r0, r0, r0",1
"andeq r0, r0, r4",1
"andeq r0, r0, r0",1
"andeq r0, r0, r1, lsr r0",1
"andeq r0, r0, r7",1
"andeq r0, r0, r2",1
"andeq r8, r0, r8, ror 2",1
"andeq r0, r0, r8, ror 2",1
"andeq r0, r0, r4, lsr 32",1
"andeq r0, r0, r0",1
"andeq r0, r0, r0",1
"andeq r0, r0, r4",1
"andeq r0, r0, r0",1
"andeq r0, r0, r4, asr 32",1
svcvs 0xfffff6,1
"andeq r0, r0, r2",1
"andeq r8, r0, ip, lsl 3",1
"andeq r0, r0, ip, lsl 3",1
"ldrdeq r0, r1, [r0], -r4",1
"andeq r0, r0, r5",1
"andeq r0, r0, r0",1
"andeq r0, r0, r4",1
"andeq r0, r0, r4",1
"andeq r0, r0, lr, asr 32",1
"andeq r0, r0, fp",1
"andeq r0, r0, r2",1
"andeq r8, r0, r0, ror 6",1
"andeq r0, r0, r0, ror 6",1
"andeq r0, r0, r0, ror 7",1
"andeq r0, r0, r6",1
"andeq r0, r0, r1",1
"andeq r0, r0, r4",1
"andeq r0, r0, r0, lsl r0",1
"andeq r0, r0, r6, asr r0",1
"andeq r0, r0, r3",1
"andeq r0, r0, r2",1
"andeq r8, r0, r0, asr 14",1
"andeq r0, r0, r0, asr 14",1
"andeq r0, r0, lr, asr 4",1
"andeq r0, r0, r0",1
"andeq r0, r0, r0",1
"andeq r0, r0, r1",1
"andeq r0, r0, r0",1
"andeq r0, r0, lr, asr r0",1
svcvs 0xffffff,1
"andeq r0, r0, r2",1
"andeq r8, r0, lr, lsl 19",1
"andeq r0, r0, lr, lsl 19",1
"andeq r0, r0, ip, ror r0",1
"andeq r0, r0, r5",1
"andeq r0, r0, r0",1
"andeq r0, r0, r2",1
"andeq r0, r0, r2",1
"andeq r0, r0, fp, rrx",1
svcvs 0xfffffe,1
"andeq r0, r0, r2",1
"andeq r8, r0, ip, lsl 20",1
"andeq r0, r0, ip, lsl 20",1
"andeq r0, r0, r0, lsr 32",1
"andeq r0, r0, r6",1
"andeq r0, r0, r1",1
"andeq r0, r0, r4",1
"andeq r0, r0, r0",1
"andeq r0, r0, sl, ror r0",1
"andeq r0, r0, sb",1
"andeq r0, r0, r2",1
"andeq r8, r0, ip, lsr 20",1
"andeq r0, r0, ip, lsr 20",1
"andeq r0, r0, r8, lsr r0",1
"andeq r0, r0, r5",1
"andeq r0, r0, r0",1
"andeq r0, r0, r4",1
"andeq r0, r0, r8",1
"andeq r0, r0, r3, lsl 1",1
"andeq r0, r0, sb",1
"andeq r0, r0, r2",1
"andeq r8, r0, r4, ror 20",1
"andeq r0, r0, r4, ror 20",1
"andeq r0, r0, r8, lsr 3",1
"andeq r0, r0, r5",1
"andeq r0, r0, ip",1
"andeq r0, r0, r4",1
"andeq r0, r0, r8",1
"andeq r0, r0, ip, lsl 1",1
"andeq r0, r0, r1",1
"andeq r0, r0, r6",1
"andeq r8, r0, ip, lsl 24",1
"andeq r0, r0, ip, lsl 24",1
"andeq r0, r0, ip",1
"andeq r0, r0, r0",1
"andeq r0, r0, r0",1
"andeq r0, r0, r4",1
"andeq r0, r0, r0",1
"andeq r0, r0, r7, lsl 1",1
"andeq r0, r0, r1",1
"andeq r0, r0, r6",1
"andeq r8, r0, r8, lsl ip",1
"andeq r0, r0, r8, lsl ip",1
"muleq r0, r0, r2",1
"andeq r0, r0, r0",1
"andeq r0, r0, r0",1
"andeq r0, r0, r4",1
"andeq r0, r0, r4",1
"muleq r0, r2, r0",1
"andeq r0, r0, r1",1
"andeq r0, r0, r6",1
"andeq r8, r0, r8, lsr 29",1
"andeq r0, r0, r8, lsr 29",1
"muleq r0, ip, r4",1
"andeq r0, r0, r0",1
"andeq r0, r0, r0",1
"andeq r0, r0, r4",1
"andeq r0, r0, r0",1
"muleq r0, r8, r0",1
"andeq r0, r0, r1",1
"andeq r0, r0, r6",1
"andeq sp, r0, r4, asr 6",1
"andeq r5, r0, r4, asr 6",1
"andeq r0, r0, r8",1
"andeq r0, r0, r0",1
"andeq r0, r0, r0",1
"andeq r0, r0, r4",1
"andeq r0, r0, r0",1
"muleq r0, lr, r0",1
"andeq r0, r0, r1",1
"andeq r0, r0, r2",1
"andeq sp, r0, ip, asr 6",1
"andeq r5, r0, ip, asr 6",1
"andeq r0, r0, r0, asr r7",1
"andeq r0, r0, r0",1
"andeq r0, r0, r0",1
"andeq r0, r0, r4",1
"andeq r0, r0, r0",1
"andeq r0, r0, r6, lsr 1",1
"andvc r0, r0, r1",1
"andeq r0, r0, r2, lsl 1",1
"muleq r0, ip, sl",1
"muleq r0, ip, sl",1
"andeq r0, r0, r8",1
"andeq r0, r0, sp",1
"andeq r0, r0, r0",1
"andeq r0, r0, r4",1
"andeq r0, r0, r0",1
"strheq r0, [r0], -r1",1
"andeq r0, r0, r1",1
"andeq r0, r0, r2",1
"andeq sp, r0, r4, lsr 21",1
"andeq r5, r0, r4, lsr 21",1
"andeq r0, r0, r4",1
"andeq r0, r0, r0",1
"andeq r0, r0, r0",1
"andeq r0, r0, r4",1
"andeq r0, r0, r0",1
"strheq r0, [r0], -fp",1
"andeq r0, r0, lr",1
"andeq r0, r0, r3",1
"andeq r5, r1, r8, lsr 21",1
"andeq r5, r0, r8, lsr 21",1
"andeq r0, r0, r4",1
"andeq r0, r0, r0",1
"andeq r0, r0, r0",1
"andeq r0, r0, r4",1
"andeq r0, r0, r0",1
"andeq r0, r0, r7, asr 1",1
"andeq r0, r0, pc",1
"andeq r0, r0, r3",1
"andeq r5, r1, ip, lsr 21",1
"andeq r5, r0, ip, lsr 21",1
"andeq r0, r0, r4",1
"andeq r0, r0, r0",1
"andeq r0, r0, r0",1
"andeq r0, r0, r4",1
"andeq r0, r0, r0",1
"ldrdeq r0, r1, [r0], -r3",1
"andeq r0, r0, r1",1
"andeq r0, r0, r3",1
"strheq r5, [r1], -r0",1
"strheq r5, [r0], -r0",1
"andeq r0, r0, r4",1
"andeq r0, r0, r0",1
"andeq r0, r0, r0",1
"andeq r0, r0, r4",1
"andeq r0, r0, r0",1
"ldrdeq r0, r1, [r0], -r8",1
"andeq r0, r0, r6",1
"andeq r0, r0, r3",1
"strheq r5, [r1], -r4",1
"strheq r5, [r0], -r4",1
"andeq r0, r0, r8, ror 1",1
"andeq r0, r0, r6",1
"andeq r0, r0, r0",1
"andeq r0, r0, r4",1
"andeq r0, r0, r8",1
"andeq r0, r0, r1, ror 1",1
"andeq r0, r0, r1",1
"andeq r0, r0, r3",1
"muleq r1, ip, fp",1
"muleq r0, ip, fp",1
"andeq r0, r0, r8, ror 1",1
"andeq r0, r0, r0",1
"andeq r0, r0, r0",1
"andeq r0, r0, r4",1
"andeq r0, r0, r4",1
"andeq r0, r0, r6, ror 1",1
"andeq r0, r0, r1",1
"andeq r0, r0, r3",1
"andeq r5, r1, r4, lsl 25",1
"andeq r5, r0, r4, lsl 25",1
"andeq r0, r0, r0, asr r0",1
"andeq r0, r0, r0",1
"andeq r0, r0, r0",1
"andeq r0, r0, r4",1
"andeq r0, r0, r0",1
"andeq r0, r0, ip, ror 1",1
"andeq r0, r0, r8",1
"andeq r0, r0, r3",1
"ldrdeq r5, r6, [r1], -r8",1
"ldrdeq r5, r6, [r0], -r4",1
"andeq r0, r0, r8, ror 2",1
"andeq r0, r0, r0",1
"andeq r0, r0, r0",1
"andeq r0, r0, r8",1
"andeq r0, r0, r0",1
"strdeq r0, r1, [r0], -r1",1
"andeq r0, r0, r1",1
"andeq r0, r0, r0, lsr r0",1
"andeq r0, r0, r0",1
"ldrdeq r5, r6, [r0], -r4",1
"andeq r0, r0, r1, lsl r0",1
"andeq r0, r0, r0",1
"andeq r0, r0, r0",1
"andeq r0, r0, r1",1
"andeq r0, r0, r1",1
"strdeq r0, r1, [r0], -sl",1
"andvc r0, r0, r3",1
"andeq r0, r0, r0",1
"andeq r0, r0, r0",1
"andeq r5, r0, r5, ror 25",1
"andeq r0, r0, r5, lsr r0",1
"andeq r0, r0, r0",1
"andeq r0, r0, r0",1
"andeq r0, r0, r1",1
"andeq r0, r0, r0",1
"andeq r0, r0, sl, lsl 2",1
"andeq r0, r0, r1",1
"andeq r0, r0, r0",1
"andeq r0, r0, r0",1
"andeq r5, r0, r0, lsr 26",1
"andeq r0, r0, r8, asr r3",1
"andeq r0, r0, r0",1
"andeq r0, r0, r0",1
"andeq r0, r0, r8",1
"andeq r0, r0, r0",1
"andeq r0, r0, sb, lsl r1",1
"andeq r0, r0, r1",1
"andeq r0, r0, r0",1
"andeq r0, r0, r0",1
"andeq r6, r0, r8, ror r0",1
"strheq r5, [r0], -r3",1
"andeq r0, r0, r0",1
"andeq r0, r0, r0",1
"andeq r0, r0, r1",1
"andeq r0, r0, r0",1
"andeq r0, r0, r5, lsr 2",1
"andeq r0, r0, r1",1
"andeq r0, r0, r0",1
"andeq r0, r0, r0",1
"andeq fp, r0, fp, lsr 2",1
"andeq r1, r0, r5, ror 5",1
"andeq r0, r0, r0",1
"andeq r0, r0, r0",1
"andeq r0, r0, r1",1
"andeq r0, r0, r0",1
"andeq r0, r0, r3, lsr r1",1
"andeq r0, r0, r1",1
"andeq r0, r0, r0",1
"andeq r0, r0, r0",1
"andeq ip, r0, r0, lsl r4",1
"andeq r1, r0, pc, lsr sb",1
"andeq r0, r0, r0",1
"andeq r0, r0, r0",1
"andeq r0, r0, r1",1
"andeq r0, r0, r0",1
"andeq r0, r0, pc, lsr r1",1
"andeq r0, r0, r1",1
"andeq r0, r0, r0",1
"andeq r0, r0, r0",1
"andeq sp, r0, r0, asr sp",1
"strheq r0, [r0], -r0",1
"andeq r0, r0, r0",1
"andeq r0, r0, r0",1
"andeq r0, r0, r4",1
"andeq r0, r0, r0",1
"andeq r0, r0, ip, asr 2",1
"andeq r0, r0, r1",1
"andeq r0, r0, r0, lsr r0",1
"andeq r0, r0, r0",1
"andeq lr, r0, r0, lsl 16",1
"andeq r2, r0, r0, lsr 10",1
"andeq r0, r0, r0",1
"andeq r0, r0, r0",1
"andeq r0, r0, r1",1
"andeq r0, r0, r1",1
"andeq r0, r0, r7, asr r1",1
"andeq r0, r0, r1",1
"andeq r0, r0, r0",1
"andeq r0, r0, r0",1
"andeq r0, r1, r0, lsr 26",1
"andeq r0, r0, r2, ror 30",1
"andeq r0, r0, r0",1
"andeq r0, r0, r0",1
"andeq r0, r0, r1",1
"andeq r0, r0, r0",1
"andeq r0, r0, r2, ror 2",1
"andeq r0, r0, r1",1
"andeq r0, r0, r0",1
"andeq r0, r0, r0",1
"andeq r1, r1, r8, lsl 25",1
"ldrdeq r0, r1, [r0], -r0",1
"andeq r0, r0, r0",1
"andeq r0, r0, r0",1
"andeq r0, r0, r8",1
"andeq r0, r0, r0",1
"andeq r0, r0, r1, lsl r0",1
"andeq r0, r0, r3",1
"andeq r0, r0, r0",1
"andeq r0, r0, r0",1
"andeq r1, r1, r8, asr sp",1
"andeq r0, r0, r0, ror r1",1
"andeq r0, r0, r0",1
"andeq r0, r0, r0",1
"andeq r0, r0, r1",1
"andeq r0, r0, r0",1
"andeq r0, r0, r1",1
"andeq r0, r0, r2",1
"andeq r0, r0, r0",1
"andeq r0, r0, r0",1
"strheq r2, [r1], -r8",1
"ldrdeq r1, r2, [r0], -r0",1
"andeq r0, r0, r5, lsr 32",1
"andeq r0, r0, r3, lsl 2",1
"andeq r0, r0, r4",1
"andeq r0, r0, r0, lsl r0",1
"andeq r0, r0, sb",1
"andeq r0, r0, r3",1
"andeq r0, r0, r0",1
"andeq r0, r0, r0",1
"andeq r3, r1, r8, lsl 31",1
"andeq r0, r0, r2, lsr 31",1
"andeq r0, r0, r0",1
"andeq r0, r0, r0",1
"andeq r0, r0, r1",1
"andeq r0, r0, r0",1
"andeq r0, r0, r0",1
"andeq r0, r0, r0",1
"andeq r0, r0, r0",1
"andeq r0, r0, r0",1
"andeq r0, r0, r0",1
"andeq r8, r0, r4, lsr r1",1
"andeq r0, r0, r0",1
"andeq r0, r1, r3",1
"andeq r0, r0, r0",1
"andeq r8, r0, r8, asr 2",1
"andeq r0, r0, r0",1
"andeq r0, r2, r3",1
"andeq r0, r0, r0",1
"andeq r8, r0, r8, ror 2",1
"andeq r0, r0, r0",1
"andeq r0, r3, r3",1
"andeq r0, r0, r0",1
"andeq r8, r0, ip, lsl 3",1
"andeq r0, r0, r0",1
"andeq r0, r4, r3",1
"andeq r0, r0, r0",1
"andeq r8, r0, r0, ror 6",1
"andeq r0, r0, r0",1
"andeq r0, r5, r3",1
"andeq r0, r0, r0",1
"andeq r8, r0, r0, asr 14",1
"andeq r0, r0, r0",1
"andeq r0, r6, r3",1
"andeq r0, r0, r0",1
"andeq r8, r0, lr, lsl 19",1
"andeq r0, r0, r0",1
"andeq r0, r7, r3",1
"andeq r0, r0, r0",1
"andeq r8, r0, ip, lsl 20",1
"andeq r0, r0, r0",1
"andeq r0, r8, r3",1
"andeq r0, r0, r0",1
"andeq r8, r0, ip, lsr 20",1
"andeq r0, r0, r0",1
"andeq r0, sb, r3",1
"andeq r0, r0, r0",1
"andeq r8, r0, r4, ror 20",1
"andeq r0, r0, r0",1
"andeq r0, sl, r3",1
"andeq r0, r0, r0",1
"andeq r8, r0, ip, lsl 24",1
"andeq r0, r0, r0",1
"andeq r0, fp, r3",1
"andeq r0, r0, r0",1
"andeq r8, r0, r8, lsl ip",1
"andeq r0, r0, r0",1
"andeq r0, ip, r3",1
"andeq r0, r0, r0",1
"andeq r8, r0, r8, lsr 29",1
"andeq r0, r0, r0",1
"andeq r0, sp, r3",1
"andeq r0, r0, r0",1
"andeq sp, r0, r4, asr 6",1
"andeq r0, r0, r0",1
"andeq r0, lr, r3",1
"andeq r0, r0, r0",1
"andeq sp, r0, ip, asr 6",1
"andeq r0, r0, r0",1
"andeq r0, pc, r3",1
"andeq r0, r0, r0",1
"muleq r0, ip, sl",1
"andeq r0, r0, r0",1
"andseq r0, r0, r3",1
"andeq r0, r0, r0",1
"andeq sp, r0, r4, lsr 21",1
"andeq r0, r0, r0",1
"andseq r0, r1, r3",1
"andeq r0, r0, r0",1
"andeq r5, r1, r8, lsr 21",1
"andeq r0, r0, r0",1
"andseq r0, r2, r3",1
"andeq r0, r0, r0",1
"andeq r5, r1, ip, lsr 21",1
"andeq r0, r0, r0",1
"andseq r0, r3, r3",1
"andeq r0, r0, r0",1
"strheq r5, [r1], -r0",1
"andeq r0, r0, r0",1
"andseq r0, r4, r3",1
"andeq r0, r0, r0",1
"strheq r5, [r1], -r4",1
"andeq r0, r0, r0",1
"andseq r0, r5, r3",1
"andeq r0, r0, r0",1
"muleq r1, ip, fp",1
"andeq r0, r0, r0",1
"andseq r0, r6, r3",1
"andeq r0, r0, r0",1
"andeq r5, r1, r4, lsl 25",1
"andeq r0, r0, r0",1
"andseq r0, r7, r3",1
"andeq r0, r0, r0",1
"ldrdeq r5, r6, [r1], -r8",1
"andeq r0, r0, r0",1
"andseq r0, r8, r3",1
"andeq r0, r0, r0",1
"andeq r0, r0, r0",1
"andeq r0, r0, r0",1
"andseq r0, sb, r3",1
"andeq r0, r0, r0",1
"andeq r0, r0, r0",1
"andeq r0, r0, r0",1
"andseq r0, sl, r3",1
"andeq r0, r0, r0",1
"andeq r0, r0, r0",1
"andeq r0, r0, r0",1
"andseq r0, fp, r3",1
"andeq r0, r0, r0",1
"andeq r0, r0, r0",1
"andeq r0, r0, r0",1
"andseq r0, ip, r3",1
"andeq r0, r0, r0",1
"andeq r0, r0, r0",1
"andeq r0, r0, r0",1
"andseq r0, sp, r3",1
"andeq r0, r0, r0",1
"andeq r0, r0, r0",1
"andeq r0, r0, r0",1
"andseq r0, lr, r3",1
"andeq r0, r0, r0",1
"andeq r0, r0, r0",1
"andeq r0, r0, r0",1
"andseq r0, pc, r3",1
"andeq r0, r0, r0",1
"andeq r0, r0, r0",1
"andeq r0, r0, r0",1
"eoreq r0, r0, r3",1
"andeq r0, r0, r0",1
"andeq r0, r0, r0",1
"andeq r0, r0, r0",1
"eoreq r0, r1, r3",1
"andeq r0, r0, r0",1
"andeq r0, r0, r0",1
"andeq r0, r0, r0",1
"eoreq r0, r2, r3",1
"andeq r0, r0, r1",1
"andeq r0, r0, r0",1
"andeq r0, r0, r0",1
invalid,1
"andeq r0, r0, r2, lsl 1",1
"andeq r8, r0, r8, asr 2",1
"andeq r0, r0, r0",1
"andeq r0, r2, r0",1
"andeq r0, r0, r5, lsl 1",1
"andeq r0, r0, r0",1
"andeq r0, r0, r0",1
invalid,1
"andeq r0, r0, r3, lsl 2",1
"andeq r8, r0, r8, lsr 29",1
"andeq r0, r0, r0",1
"andeq r0, sp, r0",1
"andeq r0, r0, r2, lsl 1",1
"muleq r0, ip, sl",1
"andeq r0, r0, r0",1
"andseq r0, r0, r0",1
"andeq r0, r0, r2, lsl 1",1
"ldrdeq r8, sb, [r0], -r8",1
"andeq r0, r0, r0",1
"andeq r0, sp, r0",1
"andeq r0, r0, r2, lsl 1",1
"andeq r0, r0, ip",1
"andeq r0, r0, r0",1
"andseq r0, fp, r0",1
"andeq r0, r0, r6, lsl 2",1
"andeq r0, r0, r0",1
"andeq r0, r0, r0",1
invalid,1
"andeq r0, r0, r2, lsl 1",1
"andeq sp, r0, ip, asr 6",1
"andeq r0, r0, r0",1
"andeq r0, pc, r0",1
"andeq r0, r0, r0",1
"andeq r0, r0, r0",1
"andeq r0, r0, r0",1
invalid,1
"andeq r0, r0, r2, lsl 1",1
"andeq r5, r1, r4, lsl 25",1
"andeq r0, r0, r0",1
"andseq r0, r7, r0",1
"andeq r0, r0, sp, lsl 2",1
"andeq r0, r0, r0",1
"andeq r0, r0, r0",1
invalid,1
"andeq r0, r0, r3, lsl 2",1
"andeq r8, r0, r4, ror 29",1
"andeq r0, r0, r0",1
"andeq r0, sp, r0",1
"andeq r0, r0, r7, asr 2",1
"andeq r8, r0, r4, ror 29",1
"andeq r0, r0, r0",1
"andeq r0, sp, r2",1
"andeq r0, r0, r2, lsl 1",1
"andeq r8, r0, r0, lsl 30",1
"andeq r0, r0, r0",1
"andeq r0, sp, r0",1
"andeq r0, r0, r3, lsl 2",1
"andeq r8, r0, ip, lsl 24",1
"andeq r0, r0, r0",1
"andeq r0, fp, r0",1
"andeq r0, r0, r3, lsl 2",1
"andeq sp, r0, r4, asr 6",1
"andeq r0, r0, r0",1
"andeq r0, lr, r0",1
"andeq r0, r0, r2, lsl 1",1
"andeq r0, r0, r4, asr 32",1
"andeq r0, r0, r0",1
"andseq r0, fp, r0",1
"andeq r0, r0, r4, asr r1",1
"andeq r0, r0, r0",1
"andeq r0, r0, r0",1
invalid,1
"andeq r0, r0, r3, lsl 2",1
"andeq r8, r0, r4, lsl ip",1
"andeq r0, r0, r0",1
"andeq r0, fp, r0",1
"andeq r0, r0, r3, lsl 2",1
"andeq sp, r0, r8, asr 6",1
"andeq r0, r0, r0",1
"andeq r0, lr, r0",1
"andeq r0, r0, r2, lsl 1",1
"andeq r0, r0, ip, lsr r3",1
"andeq r0, r0, r0",1
"andseq r0, fp, r0",1
"andeq r0, r0, lr, lsl 3",1
"andeq r0, r0, r0",1
"andeq r0, r0, r0",1
invalid,1
"muleq r0, sb, r1",1
"strheq r5, [r1], -r0",1
"andeq r0, r0, r0",1
"andseq r0, r4, r1",1
"andeq r0, r0, r3, lsl 2",1
"andeq r8, r0, r8, lsl 30",1
"andeq r0, r0, r0",1
"andeq r0, sp, r0",1
"andeq r0, r0, r6, lsr 3",1
"andeq r8, r0, r8, lsl 30",1
"andeq r0, r0, r0",1
"andeq r0, sp, r2",1
"andeq r0, r0, r2, lsl 1",1
"andeq r8, r0, r4, lsr pc",1
"andeq r0, r0, r0",1
"andeq r0, sp, r0",1
"andeq r0, r0, r3, lsl 2",1
"andeq r8, r0, r0, asr 30",1
"andeq r0, r0, r0",1
"andeq r0, sp, r0",1
"strheq r0, [r0], -fp",1
"andeq r8, r0, r0, asr 30",1
"andeq r0, r0, r0",1
"andeq r0, sp, r2",1
"andeq r0, r0, r2, lsl 1",1
"andeq r8, r0, r4, ror pc",1
"andeq r0, r0, r0",1
"andeq r0, sp, r0",1
"andeq r0, r0, r2, lsl 1",1
"andeq r5, r1, r8, lsl 25",1
"andeq r0, r0, r0",1
"andseq r0, r7, r0",1
"andeq r0, r0, r3, lsl 2",1
"andeq r8, r0, r0, lsl 31",1
"andeq r0, r0, r0",1
"andeq r0, sp, r0",1
"andeq r0, r0, lr, asr 3",1
"andeq r8, r0, r0, lsl 31",1
"andeq r0, r0, r0",1
"andeq r0, sp, r2",1
"andeq r0, r0, r2, lsl 1",1
"andeq r8, r0, r4, lsr 31",1
"andeq r0, r0, r0",1
"andeq r0, sp, r0",1
"andeq r0, r0, r4, ror 3",1
"strdeq r5, r6, [r1], -ip",1
"andeq r0, r0, r1",1
"andseq r0, r8, r1",1
"andeq r0, r0, r2, lsl 1",1
"andeq r5, r1, ip, lsr 21",1
"andeq r0, r0, r0",1
"andseq r0, r3, r0",1
"strdeq r0, r1, [r0], -r3",1
"andeq r5, r1, ip, lsr 21",1
"andeq r0, r0, r0",1
"andseq r0, r3, r1",1
"andeq r0, r0, r3, lsl 2",1
"andeq r8, r0, r8, lsr 31",1
"andeq r0, r0, r0",1
"andeq r0, sp, r0",1
"andeq r0, r0, sl, lsl r2",1
"andeq r8, r0, r8, lsr 31",1
"andeq r0, r0, r0",1
"andeq r0, sp, r2",1
"andeq r0, r0, r2, lsl 1",1
"ldrdeq r8, sb, [r0], -r4",1
"andeq r0, r0, r0",1
"andeq r0, sp, r0",1
"andeq r0, r0, r2, lsl 1",1
"andeq r5, r1, r8, lsr 21",1
"andeq r0, r0, r0",1
"andseq r0, r2, r0",1
"andeq r0, r0, r6, lsr 4",1
"andeq r5, r1, r8, lsr 21",1
"andeq r0, r0, r0",1
"andseq r0, r2, r1",1
"andeq r0, r0, r2, lsl 1",1
"strdeq r5, r6, [r1], -ip",1
"andeq r0, r0, r0",1
"andseq r0, r8, r0",1
"andeq r0, r0, r5, asr 4",1
"andeq r0, r0, r0",1
"andeq r0, r0, r0",1
invalid,1
"andeq r0, r0, r2, lsl 1",1
"andeq sp, r0, r0, asr r3",1
"andeq r0, r0, r0",1
"andeq r0, pc, r0",1
"andeq r0, r0, r3, lsl 2",1
"ldrdeq r8, sb, [r0], -ip",1
"andeq r0, r0, r0",1
"andeq r0, sp, r0",1
"andeq r0, r0, pc, asr 4",1
"ldrdeq r8, sb, [r0], -ip",1
"ldrdeq r0, r1, [r0], -ip",1
"andeq r0, sp, r2",1
"andeq r0, r0, r2, lsl 1",1
"muleq r0, ip, r0",1
"andeq r0, r0, r0",1
"andeq r0, sp, r0",1
"andeq r0, r0, r3, lsl 2",1
"strheq sb, [r0], -r8",1
"andeq r0, r0, r0",1
"andeq r0, sp, r0",1
"andeq r0, r0, r3, ror 4",1
"strheq sb, [r0], -r8",1
"andeq r0, r0, r4, asr 32",1
"andeq r0, sp, r2",1
"andeq r0, r0, r2, lsl 1",1
"strdeq sb, sl, [r0], -r0",1
"andeq r0, r0, r0",1
"andeq r0, sp, r0",1
"andeq r0, r0, r3, lsl 2",1
"strdeq sb, sl, [r0], -ip",1
"andeq r0, r0, r0",1
"andeq r0, sp, r0",1
"andeq r0, r0, r2, lsl 1",1
"andeq sb, r0, ip, lsr 3",1
"andeq r0, r0, r0",1
"andeq r0, sp, r0",1
"andeq r0, r0, r3, lsl 2",1
"andeq sb, r0, r4, asr 3",1
"andeq r0, r0, r0",1
"andeq r0, sp, r0",1
"andeq r0, r0, r2, lsl 1",1
"andeq sb, r0, ip, lsl r3",1
"andeq r0, r0, r0",1
"andeq r0, sp, r0",1
"andeq r0, r0, r2, lsl 1",1
"andeq r0, r0, r0, lsl r0",1
"andeq r0, r0, r0",1
"andseq r0, pc, r0",1
"andeq r0, r0, r1, ror r2",1
"andeq r0, r0, r0",1
"andeq r0, r0, r0",1
invalid,1
"andeq r0, r0, r2, lsl 1",1
"andeq sp, r0, r8, ror r5",1
"andeq r0, r0, r0",1
"andeq r0, pc, r0",1
"andeq r0, r0, r2, lsl 1",1
"andeq r5, r1, ip, lsl 25",1
"andeq r0, r0, r0",1
"andseq r0, r7, r0",1
"andeq r0, r0, fp, ror r2",1
"andeq r0, r0, r0",1
"andeq r0, r0, r0",1
invalid,1
"andeq r0, r0, r6, lsl 5",1
"andeq r5, r1, r0, lsl 26",1
"andeq r0, r0, r4",1
"andseq r0, r8, r1",1
"andeq r0, r0, r2, lsl 1",1
"andeq r5, r1, r0, lsl 26",1
"andeq r0, r0, r0",1
"andseq r0, r8, r0",1
"andeq r0, r0, r3, lsl 2",1
"andeq sb, r0, ip, asr 6",1
"andeq r0, r0, r0",1
"andeq r0, sp, r0",1
"andeq r0, r0, r2, lsl 1",1
"andeq sb, r0, r4, ror r3",1
"andeq r0, r0, r0",1
"andeq r0, sp, r0",1
"muleq r0, r0, r2",1
"andeq r5, r1, r4, lsl 26",1
"andeq r0, r0, r1",1
"andseq r0, r8, r1",1
"andeq r0, r0, r3, lsl 2",1
"andeq sb, r0, r8, ror r3",1
"andeq r0, r0, r0",1
"andeq r0, sp, r0",1
"andeq r0, r0, r2, lsl 1",1
"andeq sb, r0, r4, lsr 7",1
"andeq r0, r0, r0",1
"andeq r0, sp, r0",1
"andeq r0, r0, r2, lsl 1",1
"andeq sp, r0, r0, lsl 11",1
"andeq r0, r0, r0",1
"andeq r0, pc, r0",1
"andeq r0, r0, r3, lsl 2",1
"andeq sb, r0, r8, lsr 7",1
"andeq r0, r0, r0",1
"andeq r0, sp, r0",1
"andeq r0, r0, r2, lsl 1",1
"strheq sb, [r0], -r8",1
"andeq r0, r0, r0",1
"andeq r0, sp, r0",1
"andeq r0, r0, r2, lsl 1",1
"muleq r0, ip, r0",1
"andeq r0, r0, r0",1
"andseq r0, pc, r0",1
"muleq r0, sp, r2",1
"andeq r0, r0, r0",1
"andeq r0, r0, r0",1
invalid,1
"andeq r0, r0, r3, lsl 2",1
"ldrdeq sb, sl, [r0], -r8",1
"andeq r0, r0, r0",1
"andeq r0, sp, r0",1
"andeq r0, r0, r2, lsl 1",1
"strdeq r0, r1, [r0], -ip",1
"andeq r0, r0, r0",1
"andseq r0, pc, r0",1
"andeq r0, r0, sp, lsr 5",1
"andeq r0, r0, r0",1
"andeq r0, r0, r0",1
invalid,1
"andeq r0, r0, r2, lsl 1",1
"muleq r1, r0, ip",1
"andeq r0, r0, r0",1
"andseq r0, r7, r0",1
"strheq r0, [r0], -r8",1
"andeq r0, r0, r0",1
"andeq r0, r0, r0",1
invalid,1
"andeq r0, r0, r2, lsl 1",1
"muleq r0, r8, r5",1
"andeq r0, r0, r0",1
"andeq r0, pc, r0",1
"andeq r0, r0, r7, asr 5",1
"andeq sp, r0, r8, lsr 11",1
"andeq r0, r0, r0, lsr r0",1
"andeq r0, pc, r1",1
"andeq r0, r0, r3, lsl 2",1
"strdeq sb, sl, [r0], -r8",1
"andeq r0, r0, r0",1
"andeq r0, sp, r0",1
"andeq r0, r0, r2, lsl 1",1
"andeq sb, r0, r0, ror 13",1
"andeq r0, r0, r0",1
"andeq r0, sp, r0",1
"andeq r0, r0, r2, lsl 1",1
"andeq r0, r0, r0, asr 2",1
"andeq r0, r0, r0",1
"andseq r0, pc, r0",1
"ldrdeq r0, r1, [r0], -r4",1
"andeq r0, r0, r0",1
"andeq r0, r0, r0",1
invalid,1
"andeq r0, r0, r2, lsl 1",1
"andeq r5, r1, r8, lsl 26",1
"andeq r0, r0, r0",1
"andseq r0, r8, r0",1
"andeq r0, r0, r2, lsl 1",1
"ldrdeq sp, lr, [r0], -ip",1
"andeq r0, r0, r0",1
"andeq r0, pc, r0",1
"andeq r0, r0, r3, lsl 2",1
"strdeq sb, sl, [r0], -r4",1
"andeq r0, r0, r0",1
"andeq r0, sp, r0",1
"andeq r0, r0, r2, lsl 1",1
"strdeq sb, sl, [r0], -r0",1
"andeq r0, r0, r0",1
"andeq r0, sp, r0",1
"andeq r0, r0, r2, lsl 1",1
"andeq r0, r0, ip, ror 2",1
"andeq r0, r0, r0",1
"andseq r0, pc, r0",1
"ldrdeq r0, r1, [r0], -pc",1
"andeq r0, r0, r0",1
"andeq r0, r0, r0",1
invalid,1
"andeq r0, r0, r2, lsl 1",1
"andeq sp, r0, r0, lsr 12",1
"andeq r0, r0, r0",1
"andeq r0, pc, r0",1
"andeq r0, r0, sl, ror 5",1
"andeq r5, r1, ip, lsl 26",1
"andeq r0, r0, r0, lsr r0",1
"andseq r0, r8, r1",1
"andeq r0, r0, r2, lsl 1",1
"andeq r5, r1, ip, lsl 26",1
"andeq r0, r0, r0",1
"andseq r0, r8, r0",1
"andeq r0, r0, r3, lsl 2",1
"andeq sb, r0, ip, lsl 16",1
"andeq r0, r0, r0",1
"andeq r0, sp, r0",1
"andeq r0, r0, r2, lsl 1",1
"andeq sb, r0, r8, ror r8",1
"andeq r0, r0, r0",1
"andeq r0, sp, r0",1
"andeq r0, r0, r3, lsl 2",1
"andeq sb, r0, ip, ror r8",1
"andeq r0, r0, r0",1
"andeq r0, sp, r0",1
"andeq r0, r0, r2, lsl 1",1
"strheq sb, [r0], -r8",1
"andeq r0, r0, r0",1
"andeq r0, sp, r0",1
"andeq r0, r0, r3, lsl 2",1
"strheq sb, [r0], -ip",1
"andeq r0, r0, r0",1
"andeq r0, sp, r0",1
"andeq r0, r0, r2, lsl 1",1
"strdeq sb, sl, [r0], -ip",1
"andeq r0, r0, r0",1
"andeq r0, sp, r0",1
"andeq r0, r0, r3, lsl 2",1
"andeq sb, r0, r0, lsl 18",1
"andeq r0, r0, r0",1
"andeq r0, sp, r0",1
"andeq r0, r0, r2, lsl 1",1
"strheq sb, [r0], -ip",1
"andeq r0, r0, r0",1
"andeq r0, sp, r0",1
"andeq r0, r0, r3, lsl 2",1
"andeq sb, r0, r0, asr 19",1
"andeq r0, r0, r0",1
"andeq r0, sp, r0",1
"andeq r0, r0, r2, lsl 1",1
"andeq sb, r0, r4, lsl sl",1
"andeq r0, r0, r0",1
"andeq r0, sp, r0",1
"andeq r0, r0, r3, lsl 2",1
"andeq sb, r0, r8, lsl sl",1
"andeq r0, r0, r0",1
"andeq r0, sp, r0",1
"andeq r0, r0, r2, lsl 1",1
"andeq sb, r0, ip, lsl 21",1
"andeq r0, r0, r0",1
"andeq r0, sp, r0",1
"andeq r0, r0, r3, lsl 2",1
"muleq r0, r0, sl",1
"andeq r0, r0, r0",1
"andeq r0, sp, r0",1
"andeq r0, r0, r2, lsl 6",1
"muleq r0, r0, sl",1
"strdeq r0, r1, [r0], -r0",1
"andeq r0, sp, r2",1
"andeq r0, r0, sp, lsl r3",1
"andeq sb, r0, r0, lsl 23",1
"strdeq r0, r1, [r0], -r4",1
"andeq r0, sp, r2",1
"andeq r0, r0, r2, lsl 1",1
"andeq sb, r0, r4, asr ip",1
"andeq r0, r0, r0",1
"andeq r0, sp, r0",1
"andeq r0, r0, r3, lsl 2",1
"andeq sb, r0, r4, ror ip",1
"andeq r0, r0, r0",1
"andeq r0, sp, r0",1
"andeq r0, r0, fp, lsr 6",1
"andeq sb, r0, r4, ror ip",1
"andeq r1, r0, ip, lsl 2",1
"andeq r0, sp, r2",1
"andeq r0, r0, r2, lsl 1",1
"strdeq sb, sl, [r0], -r0",1
"andeq r0, r0, r0",1
"andeq r0, sp, r0",1
"andeq r0, r0, r3, lsl 2",1
"andeq sb, r0, r4, lsl sp",1
"andeq r0, r0, r0",1
"andeq r0, sp, r0",1
"andeq r0, r0, r2, lsl 1",1
"muleq r0, ip, pc",1
"andeq r0, r0, r0",1
"andeq r0, sp, r0",1
"andeq r0, r0, r3, lsl 2",1
"muleq r0, r8, r1",1
"andeq r0, r0, r0",1
"andeq r0, sp, r0",1
"andeq r0, r0, r2, lsl 1",1
"strheq sl, [r0], -ip",1
"andeq r0, r0, r0",1
"andeq r0, sp, r0",1
"andeq r0, r0, r3, lsl 2",1
"andeq sl, r0, r4, asr 16",1
"andeq r0, r0, r0",1
"andeq r0, sp, r0",1
"andeq r0, r0, r2, lsl 1",1
"andeq sl, r0, r8, ror 24",1
"andeq r0, r0, r0",1
"andeq r0, sp, r0",1
"andeq r0, r0, r3, lsl 2",1
"andeq sl, r0, r8, ror ip",1
"andeq r0, r0, r0",1
"andeq r0, sp, r0",1
"andeq r0, r0, r2, lsl 1",1
"andeq sl, r0, ip, lsr lr",1
"andeq r0, r0, r0",1
"andeq r0, sp, r0",1
"andeq r0, r0, r3, lsl 2",1
"andeq sl, r0, r0, asr 28",1
"andeq r0, r0, r0",1
"andeq r0, sp, r0",1
"andeq r0, r0, r2, lsl 1",1
"ldrdeq sl, fp, [r0], -r8",1
"andeq r0, r0, r0",1
"andeq r0, sp, r0",1
"andeq r0, r0, r4, asr 6",1
"andeq r5, r1, ip, lsr sp",1
"andeq r0, r0, r0, lsl 2",1
"andseq r0, r8, r1",1
"andeq r0, r0, r2, lsl 1",1
"muleq r1, r4, ip",1
"andeq r0, r0, r0",1
"andseq r0, r7, r0",1
"andeq r0, r0, sl, asr 6",1
"muleq r1, r4, ip",1
"andeq r0, r0, r4",1
"andseq r0, r7, r1",1
"andeq r0, r0, r1, asr r3",1
"muleq r1, r8, ip",1
"andeq r0, r0, r8",1
"andseq r0, r7, r1",1
"andeq r0, r0, sl, asr r3",1
"andeq r5, r1, r0, lsr 25",1
"andeq r0, r0, r4",1
"andseq r0, r7, r1",1
"andeq r0, r0, r3, lsl 2",1
"ldrdeq sl, fp, [r0], -ip",1
"andeq r0, r0, r0",1
"andeq r0, sp, r0",1
"andeq r0, r0, r2, lsl 1",1
"strheq fp, [r0], -r0",1
"andeq r0, r0, r0",1
"andeq r0, sp, r0",1
"andeq r0, r0, r3, lsl 2",1
"andeq fp, r0, r0, asr 1",1
"andeq r0, r0, r0",1
"andeq r0, sp, r0",1
"andeq r0, r0, r2, ror 6",1
"andeq fp, r0, r0, asr 1",1
"strheq r0, [r0], -r4",1
"andeq r0, sp, r2",1
"andeq r0, r0, r2, lsl 1",1
"andeq fp, r0, r4, ror 6",1
"andeq r0, r0, r0",1
"andeq r0, sp, r0",1
"andeq r0, r0, r3, lsl 2",1
"andeq fp, r0, r4, ror r3",1
"andeq r0, r0, r0",1
"andeq r0, sp, r0",1
"andeq r0, r0, r2, lsl 1",1
"andeq fp, r0, ip, lsr 7",1
"andeq r0, r0, r0",1
"andeq r0, sp, r0",1
"andeq r0, r0, r3, lsl 2",1
"strheq fp, [r0], -r0",1
"andeq r0, r0, r0",1
"andeq r0, sp, r0",1
"andeq r0, r0, r2, lsl 1",1
"andeq fp, r0, ip, ror 7",1
"andeq r0, r0, r0",1
"andeq r0, sp, r0",1
"andeq r0, r0, r3, lsl 2",1
"strdeq fp, ip, [r0], -r0",1
"andeq r0, r0, r0",1
"andeq r0, sp, r0",1
"andeq r0, r0, r2, lsl 1",1
"ldrdeq fp, ip, [r0], -r8",1
"andeq r0, r0, r0",1
"andeq r0, sp, r0",1
"andeq r0, r0, r3, lsl 2",1
"ldrdeq fp, ip, [r0], -ip",1
"andeq r0, r0, r0",1
"andeq r0, sp, r0",1
"andeq r0, r0, r2, lsl 1",1
"andeq fp, r0, r8, lsr r7",1
"andeq r0, r0, r0",1
"andeq r0, sp, r0",1
"andeq r0, r0, r3, lsl 2",1
"andeq fp, r0, ip, lsr r7",1
"andeq r0, r0, r0",1
"andeq r0, sp, r0",1
"andeq r0, r0, r2, lsl 1",1
"strdeq fp, ip, [r0], -ip",1
"andeq r0, r0, r0",1
"andeq r0, sp, r0",1
"andeq r0, r0, r3, lsl 2",1
"andeq fp, r0, r0, lsl 16",1
"andeq r0, r0, r0",1
"andeq r0, sp, r0",1
"andeq r0, r0, r2, lsl 1",1
"muleq r0, r8, r1",1
"andeq r0, r0, r0",1
"andseq r0, pc, r0",1
"andeq r0, r0, r5, ror r3",1
"andeq r0, r0, r0",1
"andeq r0, r0, r0",1
invalid,1
"andeq r0, r0, r2, lsl 1",1
"ldrdeq sp, lr, [r0], -r4",1
"andeq r0, r0, r0",1
"andeq r0, pc, r0",1
"andeq r0, r0, r3, lsl 2",1
"muleq r0, r4, r8",1
"andeq r0, r0, r0",1
"andeq r0, sp, r0",1
"andeq r0, r0, r2, lsl 1",1
"andeq fp, r0, r8, lsr sb",1
"andeq r0, r0, r0",1
"andeq r0, sp, r0",1
"andeq r0, r0, r3, lsl 2",1
"andeq fp, r0, r0, ror 18",1
"andeq r0, r0, r0",1
"andeq r0, sp, r0",1
"andeq r0, r0, r2, lsl 1",1
"andeq fp, r0, r0, asr sp",1
"andeq r0, r0, r0",1
"andeq r0, sp, r0",1
"andeq r0, r0, r3, lsl 2",1
"muleq r0, r0, sp",1
"andeq r0, r0, r0",1
"andeq r0, sp, r0",1
"andeq r0, r0, r2, lsl 1",1
"andeq fp, r0, r8, ror pc",1
"andeq r0, r0, r0",1
"andeq r0, sp, r0",1
"andeq r0, r0, r2, lsl 1",1
"andeq r0, r0, ip, asr r5",1
"andeq r0, r0, r0",1
"andseq r0, pc, r0",1
"andeq r0, r0, r3, lsl 7",1
"andeq r0, r0, r0",1
"andeq r0, r0, r0",1
invalid,1
"andeq r0, r0, r2, lsl 1",1
"strdeq sp, lr, [r0], -r0",1
"andeq r0, r0, r0",1
"andeq r0, pc, r0",1
"muleq r0, r5, r3",1
"andeq r0, r0, r0",1
"andeq r0, r0, r0",1
invalid,1
"andeq r0, r0, r3, lsl 2",1
"muleq r0, r4, pc",1
"andeq r0, r0, r0",1
"andeq r0, sp, r0",1
"andeq r0, r0, r2, lsl 1",1
"andeq ip, r0, r8, lsr r1",1
"andeq r0, r0, r0",1
"andeq r0, sp, r0",1
"andeq r0, r0, r3, lsl 2",1
"andeq ip, r0, ip, lsr r1",1
"andeq r0, r0, r0",1
"andeq r0, sp, r0",1
"andeq r0, r0, r2, lsl 1",1
"andeq r0, r0, r4, lsl 12",1
"andeq r0, r0, r0",1
"andseq r0, pc, r0",1
"muleq r0, pc, r3",1
"andeq r0, r0, r0",1
"andeq r0, r0, r0",1
invalid,1
"andeq r0, r0, r2, lsl 1",1
"andeq sp, r0, r0, lsr 20",1
"andeq r0, r0, r0",1
"andeq r0, pc, r0",1
"andeq r0, r0, r3, lsl 2",1
"andeq ip, r0, ip, asr r3",1
"andeq r0, r0, r0",1
"andeq r0, sp, r0",1
"andeq r0, r0, r2, lsl 1",1
"andeq ip, r0, ip, lsl 7",1
"andeq r0, r0, r0",1
"andeq r0, sp, r0",1
"andeq r0, r0, r2, lsl 1",1
"andeq r0, r0, r8, asr 14",1
"andeq r0, r0, r0",1
"andseq r0, pc, r0",1
"andeq r0, r0, ip, lsr 7",1
"andeq r0, r0, r0",1
"andeq r0, r0, r0",1
invalid,1
"andeq r0, r0, r3, lsl 2",1
"muleq r0, r8, r3",1
"andeq r0, r0, r0",1
"andeq r0, sp, r0",1
"andeq r0, r0, r2, lsl 1",1
"andeq r0, r0, r8, ror r7",1
"andeq r0, r0, r0",1
"andseq r0, pc, r0",1
"strheq r0, [r0], -fp",1
"andeq r0, r0, r0",1
"andeq r0, r0, r0",1
invalid,1
"andeq r0, r0, r3, lsl 2",1
"andeq ip, r0, r0, lsr r4",1
"andeq r0, r0, r0",1
"andeq r0, sp, r0",1
"andeq r0, r0, r2, lsl 1",1
"andeq r0, r0, r8, lsr 15",1
"andeq r0, r0, r0",1
"andseq r0, pc, r0",1
"andeq r0, r0, sl, asr 7",1
"andeq r0, r0, r0",1
"andeq r0, r0, r0",1
invalid,1
"ldrdeq r0, r1, [r0], -sb",1
"andeq r5, r1, ip, lsr lr",1
"andeq r0, r0, r4",1
"andseq r0, r8, r1",1
"andeq r0, r0, r2, lsl 1",1
"andeq r5, r1, ip, lsr lr",1
"andeq r0, r0, r0",1
"andseq r0, r8, r0",1
"andeq r0, r0, r2, lsl 1",1
"andeq sp, r0, r8, lsr sl",1
"andeq r0, r0, r0",1
"andeq r0, pc, r0",1
"andeq r0, r0, r3, lsl 2",1
"andeq ip, r0, r8, lsl 10",1
"andeq r0, r0, r0",1
"andeq r0, sp, r0",1
"andeq r0, r0, sb, ror 7",1
"andeq ip, r0, r8, lsl 10",1
"andeq r0, r0, r0, lsl 8",1
"andeq r0, sp, r2",1
"andeq r0, r0, r2, lsl 1",1
"andeq ip, r0, ip, ror 17",1
"andeq r0, r0, r0",1
"andeq r0, sp, r0",1
"andeq r0, r0, r3, lsl 2",1
"andeq ip, r0, r8, lsl 18",1
"andeq r0, r0, r0",1
"andeq r0, sp, r0",1
"andeq r0, r0, r2, lsl 1",1
"andeq ip, r0, ip, lsl 20",1
"andeq r0, r0, r0",1
"andeq r0, sp, r0",1
"andeq r0, r0, r2, lsl 1",1
"ldrdeq r0, r1, [r0], -r4",1
"andeq r0, r0, r0",1
"andseq r0, pc, r0",1
"strdeq r0, r1, [r0], -sp",1
"andeq r0, r0, r0",1
"andeq r0, r0, r0",1
invalid,1
"andeq r0, r0, r3, lsl 2",1
"andeq ip, r0, r4, lsl sl",1
"andeq r0, r0, r0",1
"andeq r0, sp, r0",1
"andeq r0, r0, r2, lsl 1",1
"andeq r0, r0, ip, lsl r8",1
"andeq r0, r0, r0",1
"andseq r0, pc, r0",1
"andeq r0, r0, r6, lsl 8",1
"andeq r0, r0, r0",1
"andeq r0, r0, r0",1
invalid,1
"andeq r0, r0, r3, lsl 2",1
"andeq ip, r0, r4, lsl fp",1
"andeq r0, r0, r0",1
"andeq r0, sp, r0",1
"andeq r0, r0, pc, lsl 8",1
"andeq ip, r0, r4, lsl fp",1
"andeq r0, r0, r4, asr 32",1
"andeq r0, sp, r2",1
"andeq r0, r0, r2, lsl 1",1
"andeq r0, r0, ip, asr 16",1
"andeq r0, r0, r0",1
"andseq r0, pc, r0",1
"andeq r0, r0, r7, lsr r4",1
"andeq r0, r0, r0",1
"andeq r0, r0, r0",1
invalid,1
"andeq r0, r0, r3, lsl 2",1
"strheq ip, [r0], -r8",1
"andeq r0, r0, r0",1
"andeq r0, sp, r0",1
"andeq r0, r0, r2, lsl 1",1
"muleq r0, r4, r8",1
"andeq r0, r0, r0",1
"andseq r0, pc, r0",1
"andeq r0, r0, r0, asr 8",1
"andeq r0, r0, r0",1
"andeq r0, r0, r0",1
invalid,1
"andeq r0, r0, r3, lsl 2",1
"strheq ip, [r0], -r8",1
"andeq r0, r0, r0",1
"andeq r0, sp, r0",1
"andeq r0, r0, r2, lsl 1",1
"andeq r0, r0, r4, asr 17",1
"andeq r0, r0, r0",1
"andseq r0, pc, r0",1
"andeq r0, r0, sl, asr 8",1
"andeq r0, r0, r0",1
"andeq r0, r0, r0",1
invalid,1
"andeq r0, r0, r3, lsl 2",1
"ldrdeq sp, lr, [r0], -r8",1
"andeq r0, r0, r0",1
"andeq r0, sp, r0",1
"andeq r0, r0, r5, asr r4",1
"ldrdeq sp, lr, [r0], -r8",1
"andeq r0, r0, r0",1
"andeq r0, sp, r0",1
"andeq r0, r0, r2, lsl 1",1
"andeq r0, r0, ip, lsr sl",1
"andeq r0, r0, r0",1
"andseq r0, pc, r0",1
"andeq r0, r0, r2, lsl 1",1
"strheq r0, [r0], -ip",1
"andeq r0, r0, r0",1
"andseq r0, fp, r0",1
"andeq r0, r0, sp, ror 8",1
"andeq r0, r0, r0",1
"andeq r0, r0, r0",1
invalid,1
"andeq r0, r0, r3, lsl 2",1
"andeq sp, r0, r0, lsr 5",1
"andeq r0, r0, r0",1
"andeq r0, sp, r0",1
"andeq r0, r0, r2, lsl 1",1
"ldrdeq r0, r1, [r0], -ip",1
"andeq r0, r0, r0",1
"andseq r0, fp, r0",1
"andeq r0, r0, sb, ror r4",1
"andeq r0, r0, r0",1
"andeq r0, r0, r0",1
invalid,1
"andeq r0, r0, r3, lsl 2",1
"strheq sp, [r0], -r0",1
"andeq r0, r0, r0",1
"andeq r0, sp, r0",1
"andeq r0, r0, r2, lsl 1",1
"andeq sp, r0, ip, lsl 6",1
"andeq r0, r0, r0",1
"andeq r0, sp, r0",1
"andeq r0, r0, r3, lsl 2",1
"andeq sp, r0, r4, lsl r3",1
"andeq r0, r0, r0",1
"andeq r0, sp, r0",1
"andeq r0, r0, r2, lsl 1",1
"andeq r0, r0, ip, asr sl",1
"andeq r0, r0, r0",1
"andseq r0, pc, r0",1
"andeq r0, r0, r4, lsl 9",1
"andeq r0, r0, r0",1
"andeq r0, r0, r0",1
invalid,1
"andeq r0, r0, r3, lsl 2",1
"andeq sp, r0, r8, lsl r3",1
"andeq r0, r0, r0",1
"andeq r0, sp, r0",1
"andeq r0, r0, r2, lsl 1",1
"andeq sp, r0, ip, lsr r3",1
"andeq r0, r0, r0",1
"andeq r0, sp, r0",1
"andeq r0, r0, r2, lsl 1",1
"andeq r0, r0, r0, lsr 21",1
"andeq r0, r0, r0",1
"andseq r0, pc, r0",1
"andeq r0, r0, lr, lsl 3",1
"andeq r0, r0, r0",1
"andeq r0, r0, r0",1
invalid,1
"andeq r0, r0, r2, lsl 1",1
"andeq sp, r0, r4, lsr 21",1
"andeq r0, r0, r0",1
"andseq r0, r1, r0",1
"andeq r0, r0, sp, lsl 9",1
"andeq sp, r0, r4, lsr 21",1
"andeq r0, r0, r0",1
"andseq r0, r1, r1",1
"andeq r0, r0, r2, lsl 1",1
"strheq r5, [r1], -r0",1
"andeq r0, r0, r0",1
"andseq r0, r4, r0",1
"muleq r0, fp, r4",1
"strheq r5, [r1], -r0",1
"andeq r0, r0, r0",1
"andseq r0, r4, r1",1
"andeq r0, r0, r0",1
"andeq r0, r0, r0",1
"andeq r0, r0, r0",1
invalid,1
"andeq r0, r0, r7, lsr 9",1
"andeq r5, r1, ip, lsr 21",1
"andeq r0, r0, r0",1
"andseq r0, r2, r0",1
"strheq r0, [r0], -r8",1
"andeq r5, r1, r8, lsl 25",1
"andeq r0, r0, r0",1
"andseq r0, r7, r1",1
"andeq r0, r0, r5, asr 9",1
"strheq r5, [r1], -r4",1
"andeq r0, r0, r0",1
"andseq r0, r5, r1",1
"andeq r0, r0, lr, asr 9",1
"andeq r5, r1, r8, lsr 21",1
"andeq r0, r0, r0",1
"andseq r0, r2, r0",1
"andeq r0, r0, r1, ror 9",1
"muleq r1, ip, fp",1
"andeq r0, r0, r0",1
"andseq r0, r6, r1",1
"andeq r0, r0, r3, lsl 2",1
"andeq r8, r0, r8, lsl ip",1
"andeq r0, r0, r0",1
"andeq r0, ip, r0",1
"andeq r0, r0, r2, lsl 1",1
"andeq r8, r0, r8, lsr 24",1
"andeq r0, r0, r0",1
"andeq r0, ip, r0",1
"andeq r0, r0, r3, lsl 2",1
"andeq r8, r0, ip, lsr 24",1
"andeq r0, r0, r0",1
"andeq r0, ip, r0",1
"strdeq r0, r1, [r0], -r7",1
"strheq fp, [r0], -r0",1
"andeq r0, r0, r0, asr 32",1
"andeq r0, sp, r2, lsl r0",1
"andeq r0, r0, r6, lsl 10",1
"andeq sb, r0, ip, lsl 11",1
"andeq r0, r0, ip, rrx",1
"andeq r0, sp, r2, lsl r0",1
"andeq r0, r0, pc, lsl 10",1
"andeq sp, r0, r4, lsl r3",1
"andeq r0, r0, r4",1
"andeq r0, sp, r2, lsl r0",1
"andeq r0, r0, pc, lsl r5",1
"andeq r8, r0, ip, lsr 24",1
"andeq r0, r0, r0",1
"andeq r0, r0, r2, lsl r0",1
"andeq r0, r0, r1, lsr r5",1
"ldrdeq fp, ip, [r0], -ip",1
"andeq r0, r0, ip, lsr r0",1
"andeq r0, sp, r2, lsl r0",1
"andeq r0, r0, pc, lsr r5",1
"andeq r8, r0, r8, lsr ip",1
"andeq r0, r0, r0",1
"andeq r0, r0, r2, lsl r0",1
"andeq r0, r0, r1, asr r5",1
"andeq r8, r0, r4, asr 24",1
"andeq r0, r0, r0",1
"andeq r0, r0, r2, lsl r0",1
"andeq r0, r0, fp, ror 10",1
"andeq r8, r0, r0, asr ip",1
"andeq r0, r0, r0",1
"andeq r0, r0, r2, lsl r0",1
"andeq r0, r0, ip, ror r5",1
"ldrdeq r5, r6, [r1], -r8",1
"andeq r0, r0, r4",1
"andseq r0, r8, r1, lsl r0",1
"muleq r0, r2, r5",1
"andeq fp, r0, r8, asr 29",1
"andeq r0, r0, r0, asr r0",1
"andeq r0, sp, r2, lsl r0",1
"muleq r0, lr, r5",1
"ldrdeq sp, lr, [r0], -r8",1
"andeq r0, r0, r0",1
"andeq r0, sp, r2, lsl r2",1
"andeq r0, r0, ip, lsr 11",1
"ldrdeq sp, lr, [r0], -ip",1
"andeq r0, r0, ip, rrx",1
"andeq r0, sp, r2, lsl r0",1
"strheq r0, [r0], -r7",1
"andeq r5, r1, r4, lsr 25",1
"andeq r0, r0, r0, lsr r0",1
"andseq r0, r7, r1, lsl r0",1
"andeq r0, r0, sp, asr 11",1
"andeq r8, r0, ip, asr ip",1
"andeq r0, r0, r0",1
"andeq r0, r0, r2, lsl r0",1
"ldrdeq r0, r1, [r0], -pc",1
"andeq r8, r0, r8, ror 24",1
"andeq r0, r0, r0",1
"andeq r0, r0, r2, lsl r0",1
"strdeq r0, r1, [r0], -r3",1
"andeq sl, r0, ip, ror lr",1
"andeq r0, r0, r0, ror 2",1
"andeq r0, sp, r2, lsl r0",1
"andeq r0, r0, r6, lsl 12",1
"andeq r0, r0, r0",1
"andeq r0, r0, r0",1
"andeq r0, r0, r0, lsr 32",1
"andeq r0, r0, r2, lsr 12",1
"andeq r5, r1, r4, lsl 25",1
"andeq r0, r0, r0",1
"andseq r0, r7, r0, lsr 32",1
"andeq r0, r0, sp, lsr 12",1
"andeq r8, r0, r4, ror ip",1
"andeq r0, r0, r0",1
"andeq r0, r0, r2, lsl r0",1
"andeq r0, r0, pc, lsr r6",1
"andeq sb, r0, r0, asr 19",1
"andeq r0, r0, r8, asr r0",1
"andeq r0, sp, r2, lsl r0",1
"andeq r0, r0, r1, asr r6",1
"ldrdeq r5, r6, [r1], -r4",1
"andeq r0, r0, r0",1
"andseq r0, r8, r0, lsl r0",1
"andeq r0, r0, pc, asr r6",1
"andeq fp, r0, r0, asr r4",1
"andeq r0, r0, ip, asr 32",1
"andeq r0, sp, r2, lsl r0",1
"andeq r0, r0, r0, ror r6",1
"andeq ip, r0, r0, ror 28",1
"andeq r0, r0, ip, asr 32",1
"andeq r0, sp, r2, lsl r0",1
"andeq r0, r0, sl, ror r6",1
"andeq sl, r0, r0, lsl 27",1
"andeq r0, r0, r0, asr 1",1
"andeq r0, sp, r2, lsl r0",1
"andeq r0, r0, sl, lsl 13",1
"andeq r8, r0, r0, lsl 25",1
"andeq r0, r0, r0",1
"andeq r0, r0, r2, lsl r0",1
"muleq r0, ip, r6",1
"strdeq sb, sl, [r0], -r4",1
"andeq r0, r0, r8, lsl r1",1
"andeq r0, sp, r2, lsl r0",1
"andeq r0, r0, sp, lsr 13",1
"andeq fp, r0, r8, ror r6",1
"andeq r0, r0, r8, asr 32",1
"andeq r0, sp, r2, lsl r0",1
"strheq r0, [r0], -pc",1
"andeq sp, r0, r8, lsl r3",1
"andeq r0, r0, ip, lsr 32",1
"andeq r0, sp, r2, lsl r2",1
"andeq r0, r0, r6, asr 13",1
"andeq r8, r0, ip, lsl 25",1
"andeq r0, r0, r0",1
"andeq r0, r0, r2, lsl r0",1
"ldrdeq r0, r1, [r0], -r6",1
"andeq fp, r0, r0, asr 13",1
"andeq r0, r0, ip, ror r0",1
"andeq r0, sp, r2, lsl r0",1
"andeq r0, r0, ip, ror 13",1
"andeq fp, r0, ip, ror 9",1
"andeq r0, r0, r4, lsr r0",1
"andeq r0, sp, r2, lsl r0",1
"strdeq r0, r1, [r0], -fp",1
"muleq r0, r8, ip",1
"andeq r0, r0, r0",1
"andeq r0, r0, r2, lsl r0",1
"andeq r0, r0, ip, lsl 14",1
"andeq r8, r0, r4, lsr 25",1
"andeq r0, r0, r0",1
"andeq r0, r0, r2, lsl r0",1
"andeq r0, r0, lr, lsl r7",1
"andeq ip, r0, ip, lsr 29",1
"andeq r0, r0, ip, asr 32",1
"andeq r0, sp, r2, lsl r0",1
"andeq r0, r0, r8, lsr 14",1
"andeq r5, r1, r0, asr 28",1
"andeq r0, r0, r0",1
"andseq r0, r8, r0, lsl r0",1
"andeq r0, r0, r3, lsr r7",1
"ldrdeq r5, r6, [r1], -r4",1
"andeq r0, r0, r0",1
"andseq r0, r7, r0, lsl r0",1
"andeq r0, r0, sl, lsr r7",1
"strheq r8, [r0], -r0",1
"andeq r0, r0, r0",1
"andeq r0, r0, r2, lsl r0",1
"andeq r0, r0, sp, asr 14",1
"strheq r8, [r0], -ip",1
"andeq r0, r0, r0",1
"andeq r0, r0, r2, lsl r0",1
"andeq r0, r0, pc, asr r7",1
"andeq r8, r0, r8, asr 25",1
"andeq r0, r0, r0",1
"andeq r0, r0, r2, lsl r0",1
"andeq r0, r0, r8, ror r7",1
"strdeq sb, sl, [r0], -r8",1
"strdeq r0, r1, [r0], -ip",1
"andeq r0, sp, r2, lsl r0",1
"andeq r0, r0, fp, lsl 15",1
"andeq sp, r0, r4, asr 6",1
"andeq r0, r0, r0",1
"andeq r0, lr, r2, lsl r0",1
"muleq r0, r1, r7",1
"andeq r5, r1, r0, ror 25",1
"andeq r0, r0, r4",1
"andseq r0, r8, r1, lsl r0",1
"andeq r0, r0, ip, lsr 15",1
"andeq r5, r1, r8, ror 25",1
"andeq r0, r0, r4",1
"andseq r0, r8, r1, lsl r0",1
"strheq r0, [r0], -lr",1
"andeq r5, r1, r0, asr 28",1
"andeq r0, r0, r0",1
"andseq r0, r8, r0, lsl r0",1
"andeq r0, r0, sl, asr 15",1
"andeq ip, r0, r8, lsr 4",1
"andeq r0, r0, r4, lsr r0",1
"andeq r0, sp, r2, lsl r0",1
"ldrdeq r0, r1, [r0], -r4",1
"andeq ip, r0, r4, lsl 26",1
"andeq r0, r0, ip, rrx",1
"andeq r0, sp, r2, lsl r0",1
"ldrdeq r0, r1, [r0], -lr",1
"ldrdeq r8, sb, [r0], -r4",1
"andeq r0, r0, r0",1
"andeq r0, r0, r2, lsl r0",1
"strdeq r0, r1, [r0], -r1",1
"strheq ip, [r0], -r0",1
"andeq r0, r0, r8, ror r0",1
"andeq r0, sp, r2, lsl r0",1
"strdeq r0, r1, [r0], -sl",1
"andeq r8, r0, r0, ror 25",1
"andeq r0, r0, r0",1
"andeq r0, r0, r2, lsl r0",1
"andeq r0, r0, r0, lsl r8",1
"andeq r5, r1, ip, lsl 25",1
"andeq r0, r0, r4",1
"andseq r0, r7, r1, lsl r0",1
"andeq r0, r0, r8, lsl r8",1
"andeq ip, r0, r8, asr fp",1
"andeq r0, r0, r0, rrx",1
"andeq r0, sp, r2, lsl r0",1
"andeq r0, r0, r3, lsr 16",1
"andeq r8, r0, ip, ror 25",1
"andeq r0, r0, r0",1
"andeq r0, r0, r2, lsl r0",1
"andeq r0, r0, r7, lsr r8",1
"strdeq r5, r6, [r1], -r0",1
"andeq r0, r0, r4",1
"andseq r0, r8, r1, lsl r0",1
"andeq r0, r0, sb, asr 16",1
"strdeq r8, sb, [r0], -r8",1
"andeq r0, r0, r0",1
"andeq r0, r0, r2, lsl r0",1
"andeq r0, r0, fp, asr r8",1
"andeq ip, r0, r4, ror 2",1
"andeq r0, r0, ip, asr 32",1
"andeq r0, sp, r2, lsl r0",1
"andeq r0, r0, r3, ror 16",1
"andeq fp, r0, ip, lsl r4",1
"andeq r0, r0, r4, lsr r0",1
"andeq r0, sp, r2, lsl r0",1
"andeq r0, r0, r0, ror r8",1
"andeq r8, r0, r4, lsl 26",1
"andeq r0, r0, r0",1
"andeq r0, r0, r2, lsl r0",1
"andeq r0, r0, r3, lsl 17",1
"andeq ip, r0, r0, lsr 6",1
"andeq r0, r0, ip, lsr r0",1
"andeq r0, sp, r2, lsl r0",1
"andeq r0, r0, fp, lsl 17",1
"andeq r8, r0, r0, lsl sp",1
"andeq r0, r0, r0",1
"andeq r0, r0, r2, lsl r0",1
"andeq r0, r0, sp, lsr 17",1
"andeq r8, r0, ip, lsl sp",1
"andeq r0, r0, r0",1
"andeq r0, r0, r2, lsl r0",1
"strheq r0, [r0], -pc",1
"muleq r0, r0, sp",1
"andeq r0, r0, ip, ror r0",1
"andeq r0, sp, r2, lsl r0",1
"andeq r0, r0, lr, asr 17",1
"andeq r8, r0, r8, lsr 26",1
"andeq r0, r0, r0",1
"andeq r0, r0, r2, lsl r0",1
"andeq r0, r0, r4, ror 17",1
"andeq r8, r0, r4, lsr sp",1
"andeq r0, r0, r0",1
"andeq r0, r0, r2, lsl r0",1
"strdeq r0, r1, [r0], -pc",1
"andeq r8, r0, r0, asr 26",1
"andeq r0, r0, r0",1
"andeq r0, r0, r2, lsl r0",1
"andeq r0, r0, r2, lsl sb",1
"andeq sb, r0, r8, lsr 7",1
"andeq r0, r0, r0, lsr r1",1
"andeq r0, sp, r2, lsl r0",1
"andeq r0, r0, pc, lsl sb",1
"ldrdeq sb, sl, [r0], -r8",1
"strheq r0, [r0], -r4",1
"andeq r0, sp, r2, lsl r0",1
"andeq r0, r0, lr, lsr 18",1
"andeq r8, r0, ip, asr 26",1
"andeq r0, r0, r0",1
"andeq r0, r0, r2, lsl r0",1
"andeq r0, r0, pc, lsr sb",1
"andeq sp, r0, r0, lsr 5",1
"andeq r0, r0, r0, lsl r0",1
"andeq r0, sp, r2, lsr 4",1
"andeq r0, r0, sp, asr 18",1
"strdeq fp, ip, [r0], -r0",1
"andeq r0, r0, r4, rrx",1
"andeq r0, sp, r2, lsl r0",1
"andeq r0, r0, r7, asr sb",1
"andeq ip, r0, ip, lsr r1",1
"andeq r0, r0, r8, lsr 32",1
"andeq r0, sp, r2, lsl r0",1
"andeq r0, r0, r2, ror 18",1
"andeq fp, r0, ip, lsr r7",1
"andeq r0, r0, ip, lsr r0",1
"andeq r0, sp, r2, lsl r0",1
"andeq r0, r0, r2, ror sb",1
"andeq r8, r0, r8, asr sp",1
"andeq r0, r0, r0",1
"andeq r0, r0, r2, lsl r0",1
"andeq r0, r0, r4, lsl 19",1
"andeq r8, r0, r4, ror 26",1
"andeq r0, r0, r0",1
"andeq r0, r0, r2, lsl r0",1
"muleq r0, r6, sb",1
"andeq fp, r0, r4, asr 12",1
"andeq r0, r0, r4, lsr r0",1
"andeq r0, sp, r2, lsl r0",1
"andeq r0, r0, sb, lsr 19",1
"andeq r5, r1, r4, lsl 25",1
"andeq r0, r0, r0",1
"andseq r0, r7, r0, lsl r0",1
"strheq r0, [r0], -r6",1
"andeq r8, r0, r0, ror sp",1
"andeq r0, r0, r0",1
"andeq r0, r0, r2, lsl r0",1
"andeq r0, r0, r6, asr 19",1
"strheq sb, [r0], -ip",1
"andeq r0, r0, r4, asr 32",1
"andeq r0, sp, r2, lsl r0",1
"ldrdeq r0, r1, [r0], -r8",1
"andeq r8, r0, ip, ror sp",1
"andeq r0, r0, r0",1
"andeq r0, r0, r2, lsl r0",1
"andeq r0, r0, sl, ror 19",1
"andeq fp, r0, r0, asr 15",1
"andeq r0, r0, r0, asr 32",1
"andeq r0, sp, r2, lsl r0",1
"strdeq r0, r1, [r0], -r6",1
"andeq r8, r0, r8, lsl 27",1
"andeq r0, r0, r0",1
"andeq r0, r0, r2, lsl r0",1
"andeq r0, r0, r3, lsl sl",1
"andeq sb, r0, ip, lsl 16",1
"andeq r0, r0, r0, ror r0",1
"andeq r0, sp, r2, lsl r0",1
"andeq r0, r0, sb, lsr 20",1
"ldrdeq sl, fp, [r0], -ip",1
"andeq r0, r0, r4, ror 1",1
"andeq r0, sp, r2, lsl r0",1
"andeq r0, r0, r7, lsr sl",1
"muleq r0, r4, sp",1
"andeq r0, r0, r0",1
"andeq r0, r0, r2, lsl r0",1
"andeq r0, r0, sp, asr 20",1
"andeq ip, r0, ip, asr r3",1
"andeq r0, r0, ip, lsr r0",1
"andeq r0, sp, r2, lsl r0",1
"andeq r0, r0, r8, asr sl",1
"andeq r0, r0, r0",1
"andeq r0, r0, r0",1
"andeq r0, r0, r0, lsr 32",1
"andeq r0, r0, r7, ror 20",1
"andeq r8, r0, ip, lsr 27",1
"andeq r0, r0, r0",1
"andeq r0, r0, r2, lsl r0",1
"andeq r0, r0, lr, ror sl",1
"ldrdeq sp, lr, [r0], -r8",1
"andeq r0, r0, r8, lsr 1",1
"andeq r0, sp, r2, lsl r2",1
"andeq r0, r0, r8, lsl 21",1
"strheq r8, [r0], -r8",1
"andeq r0, r0, r0",1
"andeq r0, r0, r2, lsl r0",1
"andeq r0, r0, r1, lsr 21",1
"andeq r8, r0, r4, asr 27",1
"andeq r0, r0, r0",1
"andeq r0, r0, r2, lsl r0",1
"strheq r0, [r0], -r1",1
"andeq sb, r0, r8, ror r3",1
"andeq r0, r0, r0, lsr r0",1
"andeq r0, sp, r2, lsl r0",1
"andeq r0, r0, pc, asr 21",1
"ldrdeq r8, sb, [r0], -r0",1
"andeq r0, r0, r0",1
"andeq r0, r0, r2, lsl r0",1
"andeq r0, r0, r2, ror 21",1
"andeq sp, r0, ip, asr 6",1
"andeq r0, r0, r4",1
"andeq r0, pc, r1, lsl r0",1
"strdeq r0, r1, [r0], -r1",1
"andeq ip, r0, r4, asr r0",1
"andeq r0, r0, r8, ror 1",1
"andeq r0, sp, r2, lsl r0",1
"strdeq r0, r1, [r0], -ip",1
"ldrdeq r8, sb, [r0], -ip",1
"andeq r0, r0, r0",1
"andeq r0, r0, r2, lsl r0",1
"andeq r0, r0, lr, lsl 22",1
"andeq ip, r0, r0, ror sp",1
"andeq r0, r0, r4, asr r0",1
"andeq r0, sp, r2, lsl r0",1
"andeq r0, r0, r8, lsl fp",1
"andeq ip, r0, r4, lsl sl",1
"andeq r0, r0, r0, lsl 2",1
"andeq r0, sp, r2, lsl r0",1
"andeq r0, r0, r3, lsr 22",1
"andeq r8, r0, r8, ror 27",1
"andeq r0, r0, r0",1
"andeq r0, r0, r2, lsl r0",1
"andeq r0, r0, r6, lsr fp",1
"andeq sp, r0, r8, lsl 13",1
"andeq r0, r0, r0, lsr 32",1
"andeq r0, pc, r1, lsl r0",1
"andeq r0, r0, sb, asr 22",1
"strdeq r8, sb, [r0], -r4",1
"andeq r0, r0, r0",1
"andeq r0, r0, r2, lsl r0",1
"andeq r0, r0, fp, asr fp",1
"strheq sp, [r0], -r0",1
"andeq r0, r0, r4, rrx",1
"andeq r0, sp, r2, lsl r0",1
"andeq r0, r0, fp, ror 22",1
"andeq fp, r0, r0, lsl 16",1
"andeq r0, r0, r4, lsr r0",1
"andeq r0, sp, r2, lsl r0",1
"andeq r0, r0, r5, ror fp",1
"andeq fp, r0, r8, ror r7",1
"andeq r0, r0, r8, asr 32",1
"andeq r0, sp, r2, lsl r0",1
"andeq r0, r0, sb, lsl 23",1
"andeq r8, r0, r0, lsl 28",1
"andeq r0, r0, r0",1
"andeq r0, r0, r2, lsl r0",1
"andeq r0, r0, r5, lsr 23",1
"andeq r8, r0, ip, lsl 28",1
"andeq r0, r0, r0",1
"andeq r0, r0, r2, lsl r0",1
"strheq r0, [r0], -sp",1
"andeq sp, r0, r4, ror 12",1
"andeq r0, r0, r4, lsr 32",1
"andeq r0, pc, r1, lsl r0",1
"ldrdeq r0, r1, [r0], -r0",1
"andeq ip, r0, r4, asr 27",1
"andeq r0, r0, ip, asr 32",1
"andeq r0, sp, r2, lsl r0",1
"ldrdeq r0, r1, [r0], -sl",1
"andeq r8, r0, r8, lsl lr",1
"andeq r0, r0, r0",1
"andeq r0, r0, r2, lsl r0",1
"andeq r0, r0, ip, ror 23",1
"andeq r5, r1, r0, asr 28",1
"andeq r0, r0, r0",1
"andseq r0, r8, r0, lsl r0",1
"strdeq r0, r1, [r0], -r1",1
"andeq r8, r0, r4, lsr 28",1
"andeq r0, r0, r0",1
"andeq r0, r0, r2, lsl r0",1
"andeq r0, r0, r3, lsl 24",1
"andeq r8, r0, r8, lsr 29",1
"andeq r0, r0, r0",1
"andeq r0, sp, r2, lsl r0",1
"andeq r0, r0, sl, lsl 24",1
"andeq sp, r0, r8, asr 2",1
"andeq r0, r0, r8, asr 32",1
"andeq r0, sp, r2, lsl r0",1
"andeq r0, r0, r4, lsl ip",1
"andeq sl, r0, r0, asr 28",1
"andeq r0, r0, ip, lsr r0",1
"andeq r0, sp, r2, lsl r0",1
"andeq r0, r0, r3, lsr 24",1
"muleq r0, r0, r0",1
"andeq r0, r0, ip, asr 32",1
"andeq r0, sp, r2, lsl r0",1
"andeq r0, r0, sp, lsr 24",1
"andeq ip, r0, r4, asr 30",1
"andeq r0, r0, ip, asr 32",1
"andeq r0, sp, r2, lsl r0",1
"andeq r0, r0, r7, lsr ip",1
"andeq r8, r0, r0, lsr lr",1
"andeq r0, r0, r0",1
"andeq r0, r0, r2, lsl r0",1
"andeq r0, r0, sb, asr 24",1
"andeq r5, r1, r0, asr 28",1
"andeq r0, r0, r0",1
"andseq r0, r8, r0, lsl r0",1
"andeq r0, r0, r1, asr ip",1
"andeq sp, r0, r0, lsr 5",1
"andeq r0, r0, r0, lsl r0",1
"andeq r0, sp, r2, lsr 4",1
"andeq r0, r0, pc, asr ip",1
"strdeq fp, ip, [r0], -r0",1
"andeq r0, r0, ip, lsr 32",1
"andeq r0, sp, r2, lsl r0",1
"andeq r0, r0, r8, ror 24",1
"strdeq r5, r6, [r1], -r4",1
"andeq r0, r0, r4",1
"andseq r0, r8, r1, lsl r0",1
"andeq r0, r0, sl, ror ip",1
"ldrdeq r5, r6, [r1], -r4",1
"andeq r0, r0, r0",1
"andseq r0, r8, r0, lsl r0",1
"andeq r0, r0, r6, lsl 25",1
"andeq r8, r0, ip, lsr lr",1
"andeq r0, r0, r0",1
"andeq r0, r0, r2, lsl r0",1
"muleq r0, r8, ip",1
"andeq sb, r0, r4, asr 3",1
"andeq r0, r0, r8, lsl 3",1
"andeq r0, sp, r2, lsl r0",1
"muleq r0, sp, ip",1
"andeq r8, r0, r8, asr 28",1
"andeq r0, r0, r0",1
"andeq r0, r0, r2, lsl r0",1
"strheq r0, [r0], -r1",1
"strdeq sb, sl, [r0], -ip",1
"andeq r0, r0, r8, asr 1",1
"andeq r0, sp, r2, lsl r0",1
"strheq r0, [r0], -r7",1
"andeq sb, r0, ip, ror r8",1
"andeq r0, r0, r0, asr 32",1
"andeq r0, sp, r2, lsl r0",1
"andeq r0, r0, sb, asr 25",1
"muleq r0, r0, r1",1
"andeq r0, r0, r8, asr 32",1
"andeq r0, sp, r2, lsl r0",1
"ldrdeq r0, r1, [r0], -r3",1
"muleq r1, r0, ip",1
"andeq r0, r0, r4",1
"andseq r0, r7, r1, lsl r0",1
"andeq r0, r0, r0, ror 25",1
"andeq fp, r0, r8, lsl r6",1
"andeq r0, r0, ip, lsr 32",1
"andeq r0, sp, r2, lsl r0",1
"andeq r0, r0, pc, ror 25",1
"andeq sp, r0, r4, lsl r0",1
"andeq r0, r0, ip, ror r0",1
"andeq r0, sp, r2, lsl r0",1
"strdeq r0, r1, [r0], -sb",1
"andeq fp, r0, r0, lsr 10",1
"andeq r0, r0, ip, lsr r0",1
"andeq r0, sp, r2, lsl r0",1
"andeq r0, r0, ip, lsl 26",1
"andeq r8, r0, r4, asr lr",1
"andeq r0, r0, r0",1
"andeq r0, r0, r2, lsl r0",1
"andeq r0, r0, r1, lsr 26",1
"muleq r0, ip, r4",1
"andeq r0, r0, r0, asr r0",1
"andeq r0, sp, r2, lsl r0",1
"andeq r0, r0, r6, lsr sp",1
"andeq r5, r1, r0, ror 25",1
"andeq r0, r0, r4",1
"andseq r0, r8, r1, lsr 32",1
"andeq r0, r0, sb, asr sp",1
"andeq r8, r0, r0, ror 28",1
"andeq r0, r0, r0",1
"andeq r0, r0, r2, lsl r0",1
"andeq r0, r0, ip, ror 26",1
"andeq fp, r0, r8, ror 16",1
"andeq r0, r0, ip, lsr 32",1
"andeq r0, sp, r2, lsl r0",1
"andeq r0, r0, r2, ror sp",1
"andeq ip, r0, r0, lsl lr",1
"andeq r0, r0, r0, asr r0",1
"andeq r0, sp, r2, lsl r0",1
"andeq r0, r0, ip, ror sp",1
"andeq r8, r0, ip, ror 28",1
"andeq r0, r0, r0",1
"andeq r0, r0, r2, lsl r0",1
"muleq r0, r3, sp",1
"andeq sb, r0, r8, lsl sl",1
"andeq r0, r0, r8, ror r0",1
"andeq r0, sp, r2, lsl r0",1
"andeq r0, r0, r6, lsr 27",1
"andeq r5, r1, r8, lsl 26",1
"andeq r0, r0, r4",1
"andseq r0, r8, r1, lsl r0",1
"strheq r0, [r0], -r3",1
"andeq fp, r0, ip, asr r5",1
"andeq r0, r0, r0, lsl 1",1
"andeq r0, sp, r2, lsl r0",1
"andeq r0, r0, r5, asr 27",1
"andeq sp, r0, r0, lsl 5",1
"andeq r0, r0, r0, lsr 32",1
"andeq r0, sp, r2, lsl r2",1
"ldrdeq r0, r1, [r0], -r6",1
"andeq ip, r0, ip, asr r2",1
"andeq r0, r0, ip, lsr r0",1
"andeq r0, sp, r2, lsl r0",1
"ldrdeq r0, r1, [r0], -lr",1
"muleq r0, r0, pc",1
"andeq r0, r0, r4, lsl 1",1
"andeq r0, sp, r2, lsl r0",1
"andeq r0, r0, r8, ror 27",1
"andeq r0, r0, r0",1
"andeq r0, r0, r0",1
"andeq r0, r0, r0, lsr 32",1
"strdeq r0, r1, [r0], -ip",1
"strheq ip, [r0], -r8",1
"andeq r0, r0, ip, asr 32",1
"andeq r0, sp, r2, lsl r0",1
"andeq r0, r0, r6, lsl 28",1
"strdeq sp, lr, [r0], -r0",1
"andeq r0, r0, pc, lsr 32",1
"andeq r0, pc, r1, lsl r0",1
"andeq r0, r0, ip, lsl lr",1
"andeq fp, r0, r4, ror r3",1
"andeq r0, r0, ip, lsr r0",1
"andeq r0, sp, r2, lsl r0",1
"andeq r0, r0, r7, lsr 28",1
"strdeq r5, r6, [r1], -r8",1
"andeq r0, r0, r4",1
"andseq r0, r8, r1, lsl r0",1
"andeq r0, r0, sb, lsr lr",1
"muleq r0, r8, r3",1
"muleq r0, r8, r0",1
"andeq r0, sp, r2, lsl r0",1
"andeq r0, r0, r6, asr 28",1
"andeq fp, r0, r4, lsr r8",1
"andeq r0, r0, r4, lsr r0",1
"andeq r0, sp, r2, lsl r0",1
"andeq r0, r0, lr, asr 28",1
"strheq ip, [r0], -r8",1
"andeq r0, r0, r0, lsl 2",1
"andeq r0, sp, r2, lsl r0",1
"andeq r0, r0, sb, asr lr",1
"ldrdeq r5, r6, [r1], -r4",1
"andeq r0, r0, r0",1
"andseq r0, r7, r1, lsl r2",1
"andeq r0, r0, r5, ror 28",1
"ldrdeq r5, r6, [r1], -r8",1
"andeq r0, r0, r4",1
"andseq r0, r8, r1, lsr 32",1
"andeq r0, r0, lr, lsl 29",1
"andeq r8, r0, r8, ror lr",1
"andeq r0, r0, r0",1
"andeq r0, r0, r2, lsl r0",1
"andeq r0, r0, r8, lsr 29",1
"andeq sb, r0, r0, lsl 18",1
"andeq r0, r0, r0, asr 1",1
"andeq r0, sp, r2, lsl r0",1
"strheq r0, [r0], -sb",1
"andeq r0, r0, r0",1
"andeq r0, r0, r0",1
"andeq r0, r0, r0, lsr 32",1
"ldrdeq r0, r1, [r0], -r3",1
"strdeq ip, sp, [r0], -r8",1
"andeq r0, r0, ip, asr 32",1
"andeq r0, sp, r2, lsl r0",1
"ldrdeq r0, r1, [r0], -sp",1
"andeq fp, r0, r8, lsl pc",1
"andeq r0, r0, ip, ror r0",1
"andeq r0, sp, r2, lsl r0",1
"strdeq r0, r1, [r0], -r8",1
"andeq sb, r0, ip, asr 6",1
"andeq r0, r0, ip, lsr 32",1
"andeq r0, sp, r2, lsl r0",1
"andeq r0, r0, r3, lsl pc",1
"andeq ip, r0, r0, ror 5",1
"andeq r0, r0, r0, asr 32",1
"andeq r0, sp, r2, lsl r0",1
"andeq r0, r0, fp, lsl pc",1
"andeq ip, r0, r8, lsl 18",1
"andeq r0, r0, ip, lsl 2",1
"andeq r0, sp, r2, lsl r0",1
"andeq r0, r0, sl, lsr 30",1
"andeq ip, r0, r0, lsr r4",1
"ldrdeq r0, r1, [r0], -r8",1
"andeq r0, sp, r2, lsl r0",1
"andeq r0, r0, r7, lsr pc",1
"andeq r8, r0, r4, lsl 29",1
"andeq r0, r0, r0",1
"andeq r0, r0, r2, lsl r0",1
"andeq r0, r0, sl, asr 30",1
"muleq r0, r4, r8",1
"strdeq r0, r1, [r0], -ip",1
"andeq r0, sp, r2, lsl r0",1
"andeq r0, r0, sl, asr pc",1
"muleq r0, r0, lr",1
"andeq r0, r0, r0",1
"andeq r0, r0, r2, lsl r0",1
"andeq r0, r0, fp, ror 30",1
"andeq fp, r0, ip, lsl 28",1
"strheq r0, [r0], -ip",1
"andeq r0, sp, r2, lsl r0",1
"andeq r0, r0, sl, ror pc",1
"andeq r8, r0, ip, lsl 24",1
"andeq r0, r0, r0",1
"andeq r0, fp, r2, lsl r0",1
"andeq r0, r0, r0, lsl 31",1
"muleq r0, ip, lr",1
"andeq r0, r0, r0",1
"andeq r0, r0, r2, lsl r0",1
"muleq r0, r1, pc",1
"muleq r0, r8, r2",1
"andeq r0, r0, r8, asr 32",1
"andeq r0, sp, r2, lsl r0",1
"muleq r0, sb, pc",1
"muleq r0, r4, pc",1
"andeq r0, r0, ip, asr r0",1
"andeq r0, sp, r2, lsl r0",1
svcvs 0x682f00,1
bvs 0xbed548,1
blvs 0x1cb1520,1
"stmdbvc pc!, {r0, r2, r5, r6, sl, ip, sp, lr}",1
svcvs 0x74636f,1
"ldmdbvs r5!, {r0, r1, r2, r3, r5, sb, sp, lr} ^",1
"strtvc r6, [pc], -0x46c",1
"strvc r7, [pc, -sp, rrx]!",1
svchs 0x6b726f,1
"strbtvc r7, [sp], -r1, ror 4",1
"qasxvc r6, sp, r7",1
"cdpvs p0, 2, c7, c13, c6, 3",1
"stclhs p15, c6, [lr, -0x194]!",1
"stmdbvc fp!, {r4, r5, r6, r8, sb, sl, fp, sp, lr} ^",1
"cdpvs p12, 6, c6, c9, c13, 1",1
invalid,1
invalid,1
"strvs r6, [0x00013672]!",1
"rsbvs r6, sb, 0x6700",1
"cdphs p15, 3, c2, c2, c3, 3",1
"eorvc r3, sp, 0xc40000",1
"strbvc r2, [r2, -0xf33]!",1
"stclhs p12, c6, [r4, -0x1a4]!",1
"stclhs p2, c7, [sp, -0x184]!",1
"stmdbvc fp!, {r4, r5, r6, r8, sb, sl, fp, sp, lr} ^",1
"cdpvs p12, 6, c6, c9, c13, 1",1
invalid,1
invalid,1
invalid,1
invalid,1
"cdpvs p9, 2, c6, c13, c2, 3",1
"cdphs p4, 6, c7, c5, c15, 3",1
"strtvs r0, [r4], -0x6f",1
svcvs 0x682f00,1
bvs 0xbed5cc,1
blvs 0x1cb15a4,1
"stmdbvc pc!, {r0, r2, r5, r6, sl, ip, sp, lr}",1
svcvs 0x74636f,1
"ldmdbvs r5!, {r0, r1, r2, r3, r5, sb, sp, lr} ^",1
"strtvc r6, [pc], -0x46c",1
"strvc r7, [pc, -sp, rrx]!",1
svchs 0x6b726f,1
"strbtvc r7, [sp], -r1, ror 4",1
"qasxvc r6, sp, r7",1
"cdpvs p0, 2, c7, c13, c6, 3",1
"stclhs p15, c6, [lr, -0x194]!",1
"stmdbvc fp!, {r4, r5, r6, r8, sb, sl, fp, sp, lr} ^",1
"cdpvs p12, 6, c6, c9, c13, 1",1
invalid,1
invalid,1
"strvs r6, [0x000136f6]!",1
"rsbvs r6, sb, 0x6700",1
"cdphs p15, 3, c2, c2, c3, 3",1
"eorvc r3, sp, 0xc40000",1
"strbvc r2, [r2, -0xf33]!",1
"stclhs p12, c6, [r4, -0x1a4]!",1
"stclhs p2, c7, [sp, -0x184]!",1
"stmdbvc fp!, {r4, r5, r6, r8, sb, sl, fp, sp, lr} ^",1
"cdpvs p12, 6, c6, c9, c13, 1",1
invalid,1
invalid,1
invalid,1
invalid,1
"ldrbtvc r6, [r2], -0x174",1
"strhs r6, [r0], -0xf2e",1
"cdpvs p0, 6, c0, c9, c1, 3",1
invalid,1
"cmnvc r5, 0, 30",1
"stmdbvs ip!, {r1, r4, r5, r6, r8, sb, sl, fp, sp} ^",1
invalid,1
"rsbvc r2, r1, 0x18c",1
svcvs 0x702d6d,1
"stcvs p9, c7, [sp], -0x1ac",1
"ldmdavc r5!, {r0, r3, r5, r6, sb, sl, fp, sp, lr} ^",1
"strbvc r6, [lr, -0x72d]!",1
"stmdbvs r2!, {r0, r2, r5, r6, r8, sp, lr} ^",1
"strlo r3, [lr, -pc, lsr 8]!",1
"cdphs p2, 2, c3, c15, c14, 1",1
"cdphs p15, 2, c2, c14, c14, 1",1
svchs 0x2e2e2f,1
"ldmdbvs r4!, {r0, r1, r5, r6, sb, ip, sp, lr} ^",1
"movwvs r6, 0xf2e",1
svcpl 0x6c6c61,1
blvs 0x186d6b8,1
"rsbeq r6, lr, pc, asr r6",1
"rsbsvc r7, r3, 0xbc00000",1
"rsbvs r6, sb, 0x2f00",1
invalid,1
"ldclvs p1, c6, [r2, -0xbc]!",1
blvs 0x1bf01a8,1
"stmdbvs ip!, {r0, r3, r4, r5, r6, r8, sl, fp, sp} ^",1
"ldclhs p5, c7, [r8, -0x1b8]!",1
"ldrbvs r6, [r5, -0xe67]!",1
svchs 0x696261,1
"mrchs p14, 1, r2, c7, c4, 1",1
"mcrhs p15, 1, r2, c14, c2, 1",1
svchs 0x2e2e2f,1
invalid,1
"mcrhs p4, 3, r7, c14, c2, 3",1
"rsbvc r0, r3, 0x6f",1
"ldrbvc r7, [r4, -0x374]!",1
invalid,1
bmi 0x17ebd28,1
"mrrcmi p2, 4, r5, pc, c3",1
svcpl 0x545349,1
"strbvs r0, [r4, -0x5f]!",1
"stmdbvs r7!, {r1, r4, r5, r6, r8, sl, sp, lr} ^",1
"rsbvc r7, r5, 0x73000000",1
svcpl 0x6d745f,1
"cdpvs p12, 6, c6, c15, c3, 3",1
"andvc r7, r0, 0x94000001",1
invalid,1
svcpl 0x726574,1
"cmpvs pc, 116, 26           ; 0x74",1
"strbvs r6, [lr, -0xf6c]!",1
svcpl 0x5f0073,1
"ldrbvs r6, [pc, -r4, ror 30] ; [0x14160:4]=0x74645f6c",1
invalid,1
"strbtvc r5, [r4], -0xf6c",1
svcpl 0x73726f,1
"rsbseq r7, r8, r1, ror 10",1
"rsbvc r6, sp, r3, ror 30",1
"ldrbvs r6, [r4, -0x56c]!",1
"ldrtlo r2, [sb], -0xe64",1
svcpl 0x3235,1
svcpl 0x6f645f,1
"rsbvs r6, pc, 0x6700",1
"ldrbvs r6, [pc], -0xc61     ; [0x1418c:4]=0x7875615f",1
"cmnvc r2, 116, 30           ; 0x74",1
"ldmdavc r5!, {r0, r1, r2, r3, r4, r6, r8, sp, lr} ^",1
"mcrvs p6, 3, r6, c9, c15, 2",1
"rsbvc r5, r1, 0x1a4",1
svcpl 0x796172,1
"rsbsvc r6, r4, 0x650",1
"rsbvc r0, r6, 0x79",1
svcpl 0x656d61,1
"stclvs p5, c7, [sp, -0x190]!",1
svcpl 0x5f0079,1
"stclvs p2, c7, [r1, -0x198]!",1
"strbvc r5, [r4, -0xf65]!",1
svcpl 0x796d6d,1
"strbtvc r6, [sb], -0xe69",1
"rsbsvc r6, r2, 0xc0000017",1
"ldrbvs r7, [0x0001386b]     ; [0x1386b:4]=0x8d0400",1
"ldmdbvc r2!, {r1, r2, r3, r5, r6, sl, ip, sp, lr} ^",1
"strbvs r6, [pc, -r0, lsl 24]!",1
"strbvs r6, [sp, -0x16e]!",1
"strvs r6, [r0, -0x32e]",1
svcpl 0x74696d,1
"stmdbvs r3!, {r0, r5, r6, sb, sl, fp, sp, lr} ^",1
"rsbvc r6, r1, 108, 24",1
"mcrvs p15, 3, r5, c9, c9, 3",1
"strvs r6, [r0, -0xf66]",1
svcpl 0x74696d,1
svcpl 0x797274,1
"rsbvc r6, ip, r8, ror 10",1
"rsbvc r7, r5, 0, 12",1
"mcrvs p9, 3, r6, c15, c3, 3",1
"movwvs r6, 0x32e",1
"ldrbvs r6, [r3, -0xf6c]!",1
"cdphs p5, 7, c7, c4, c15, 3",1
"stmdbvs r6!, {r0, r1, r5, r6} ^",1
"cdpvs p5, 5, c6, c15, c12, 3",1
"rsbeq r6, r5, r1, ror 26",1
svcvs 0x6e6769,1
"ldrbmi r6, [0x00013cb2]     ; [0x13cb2:4]=0x120000",1
"ldrbmi r4, [r0, -0x950]",1
invalid,1
"stclvs p14, c6, [r1, -0x194]!",1
"strbvs r2, [ip, -r5, ror 26]!",1
invalid,1
"ldmdbvs r8!, {r8, sl, sp, lr} ^",1
"stmdbvs r1!, {r2, r4, r5, r6, sb, sl, sp, lr} ^",1
"rsbeq r2, r3, ip, ror 28",1
"strbvs r6, [lr, -ip, ror 30]!",1
"ldrbtvc r6, [r0], -0xf2d",1
invalid,1
invalid,1
svcpl 0x676e6f,1
"ldmdbvs r4!, {r0, r1, r2, r3, r5, r6, ip, sp, lr} ^",1
"rsbseq r6, r3, pc, ror 28",1
invalid,1
"strbvs r6, [sp, -0x16e]!",1
invalid,1
"ldrbvs r6, [r4, -0xf75]!",1
"cdphs p2, 6, c7, c7, c1, 3",1
"strbvs r0, [r4, -0x63]!",1
"ldclvs p1, c6, [r5], -0x198",1
"ldrbvc r5, [r1, -0xf74]!",1
"cdpvs p4, 6, c7, c9, c15, 3",1
"rsbvc r5, pc, r7, ror 30",1
"mcrvs p9, 3, r6, c15, c4, 3",1
"ldrbvc r0, [r1, -0x73]!",1
"cdpvs p4, 6, c7, c9, c15, 3",1
"rsbvc r5, pc, r7, ror 30",1
"mcrvs p9, 3, r6, c15, c4, 3",1
"rsbvc r5, r6, 0x1cc",1
"cmpvc pc, 0x1bc0",1
"strbvs r7, [ip, -0x974]!",1
"strbtvc r6, [r5], -0x700",1
"ldrbtvc r6, [r8], -0x574",1
svcvs 0x75715f,1
invalid,1
"ldrbvs r6, [r4, -0xf75]!",1
svcpl 0x677261,1
"strbtvs r7, [r6], -r2, ror 10",1
"subsvc r7, pc, 0x50000006",1
"ldmdbvc r4!, {r0, r2, r5, r6, r8, sb, ip, sp, lr} ^",1
"rsbeq r6, r4, ip, ror 10",1
"strbtvc r6, [pc], -0xc73",1
invalid,1
"cmnvc r4, 108, 30           ; 0x6c",1
svcvs 0x6c7300,1
invalid,1
"ldclvs p0, c0, [r3], -0xc0",1
"ldrbvs r7, [r6, -0x46f]!",1
"ldrbvc r0, [r1, -0x63]!",1
invalid,1
"mrcvs p7, 2, r6, c15, c2, 3",1
"ldrbtvc r6, [r0], -0xf5f",1
invalid,1
"rsbvc r7, r5, 0, 12",1
"mcrvs p9, 3, r6, c15, c3, 3",1
"cmnvs r4, 0xb400000",1
"strvc r6, [r0], -lr, lsr 6",1
"ldmdbvs r3!, {r0, r2, r5, r6, sb, ip, sp, lr} ^",1
"strvs r6, [sp, -0xe6f]!",1
"qsub16vs r6, sp, r4",1
invalid,1
invalid,1
invalid,1
"stmdavc r0, {r1, r2, r3, r5, r8, sb, sp, lr}",1
svcvs 0x6c6c61,1
"stmdbvs r4!, {r0, r1, r5, r6, r8, sl, fp, sp} ^",1
"rsbeq r2, r3, r5, ror 28",1
"ldrbtvc r2, [r3], -0xd63",1
invalid,1
"rsbvc r6, sp, r5, ror 6",1
"movwvs r6, 0x32e",1
"ldrbvs r6, [r3, -0xf6c]!",1
"rsbsvc r7, r4, 0xb4000000",1
"cdphs p1, 6, c6, c13, c5, 3",1
svcvs 0x6c0063,1
invalid,1
"cmnvc r2, 104, 2            ; 0x68",1
invalid,1
invalid,1
"strbtvc r7, [r5], -0x372",1
"stmdbvs ip!, {r0, r1, r2, r3, r4, r6, r8, sp, lr} ^",1
invalid,1
"strbtvc r6, [r5], -0x700",1
"qdsubvs r6, pc, r8",1
"strbtvc r7, [r5], -0x372",1
"stmdbvs ip!, {r0, r1, r2, r3, r4, r6, r8, sp, lr} ^",1
invalid,1
"stclvs p6, c6, [r3], -0",1
"cdphs p3, 6, c7, c5, c15, 3",1
"strbtvs r0, [r6], -r3, rrx",1
"ldmdavs r3!, {r2, r3, r5, r6, r8, sl, ip, sp, lr} ^",1
"movwvs r6, 0x32e",1
"rsbvc r6, r1, 108, 10",1
invalid,1
svcpl 0x637465,1
"strbtvs r7, [r6], -r2, ror 10",1
"subsvc r7, pc, r5, ror 4",1
"ldrbvs r6, [r3, -0x572]!",1
"mcrvs p6, 3, r7, c9, c2, 3",1
svcvs 0x705f67,1
"ldmdbvs r4!, {r0, r1, r4, r5, r6, r8, fp, sp, lr} ^",1
"strvs r6, [r0], -pc, ror 28",1
blvs 0x196d994,1
"rsbeq r2, r3, pc, ror 28",1
"strbtvc r2, [r3], -0xd63",1
"mcrhs p0, 3, r7, c5, c9, 3",1
"ldrbvc r0, [0x00014375]     ; [0x14375:4]=0x72616863",1
"cmnvc r6, 100, 18           ; 0x64",1
svcvs 0x2e3369,1
"ldrbtvs r2, [r5], -0xe00",1
"ldmdbvs r3!, {r0, r3, r5, r6, sb, sl, ip, sp, lr} ^",1
blvs 0x1cec0b8,1
"ldrbvs r7, [pc], -0x69      ; [0x143f0:4]=0x74736574",1
svcpl 0x307669,1
"ldrbtvc r6, [r3], -0x574",1
"strbtvc r5, [r4], -r0, lsl 30",1
"mrrcvs p4, 6, r6, pc, c13",1
svcvs 0x2e786e,1
"strbtvs r6, [ip], -r0, lsl 10",1
"stmdbvs lr!, {r0, r2, r3, r5, r8, fp, sp, lr} ^",1
"rsbeq r2, r3, r4, ror lr",1
"stmdavc r5!, {r0, r5, r6, sl, ip, sp, lr} ^",1
invalid,1
"ldrbmi r5, [pc], -r0, lsl 30 ; [0x1441c:4]=0x444e455f",1
"strbmi r4, [sp, -0x152]",1
"strbmi r4, [lr], -0x55f",1
svcpl 0x5f5f,1
"subpl r4, r3, 0x5f000",1
"strbmi r4, [lr], -0x55f",1
svcpl 0x5f5f,1
"stmdbvs lr!, {r0, r1, r2, r3, r4, r6, r8, fp, sp, lr} ^",1
"rsbvc r5, r1, 116, 30",1
svcpl 0x796172,1
"rsbeq r6, r4, r5, ror 28",1
invalid,1
invalid,1
"strbvs r6, [ip, -0x46e]!",1
"stmdbpl r4, {r8, sb, sl, fp, ip, lr} ^",1
"stmdbmi sp, {r1, r2, r3, r6, r8, lr} ^",1
svcpl 0x5f0043,1
"strbtvc r6, [sb], -0xe69",1
"rsbsvc r6, r2, 0xc0000017",1
"cmpvc pc, 0x184000",1
"ldrbtvc r6, [r2], -0x174",1
"mcrrmi p15, 0, r5, r7, c0",1
"mcrrmi p2, 4, r4, r1, c15",1
invalid,1
svcpl 0x544553,1
"mcrrmi p1, 5, r4, r2, c4",1
invalid,1
"ldrbvs r6, [r4, -0xf75]!",1
svcpl 0x677261,1
"strbvs r5, [sp, -0xf6e]!",1
invalid,1
"mrrcvs p5, 7, r6, pc, c3",1
svcpl 0x6e65,1
"rsbvs r6, sb, 0x5f00",1
invalid,1
"stmdbvs r6!, {r0, r2, r4, r5, r6, r8, sb, sl, fp, ip, lr} ^",1
"strvs r6, [r0], -lr, ror 18",1
"ldrbvs r6, [r0, -0xf64]!",1
"strbmi r4, [r0, -lr, rrx]",1
"movtmi r4, 0x294c",1
"strtlo r3, [lr], -0x25f",1
svcvs 0x757100,1
"rsbvc r6, r1, 116, 10",1
"stmdavs r3!, {r0, r1, r2, r5, r6, r8, sb, sl, fp, ip, lr} ^",1
"movwvs r7, 0x261",1
svcvs 0x6c6c61,1
"strbmi r4, [r0, -r3, rrx]",1
"movtmi r4, 0x294c",1
"strtlo r3, [lr], -0x25f",1
"ldrbvc r6, [r0, -0x600]!",1
"ldrbvc r7, [0x00014170]     ; [0x14170:4]=0x6574656c",1
invalid,1
"rsbmi r6, r4, fp, ror 10",1
"stmdbmi ip, {r6, r8, sb, sl, lr} ^",1
"subslo r4, pc, 0x8000001",1
"andvc r3, r0, 0x2e000000",1
"ldrbvs r6, [r3, -0x961]!",1
"mcrrmi p0, 4, r4, r7, c0",1
svcpl 0x434249,1
"eorseq r2, r4, r2, lsr lr",1
"rsbsvc r5, r0, 0x17c",1
invalid,1
"submi r6, r0, sp, ror 10",1
"submi r4, sb, 0x4700",1
"cdphs p15, 3, c5, c2, c3, 2",1
"ldrbvs r0, [r6, -0x34]!",1
svcvs 0x697372,1
"strbtvc r5, [r5], -0xf6e",1
svcpl 0x5f0063,1
"rsbvs r6, r1, 0x18400000",1
"ldmdbvs r5!, {r0, r3, r5, r6, r8, sb, sl, fp, ip, lr} ^",1
"rsbseq r6, r6, r4, ror 18",1
invalid,1
invalid,1
invalid,1
"ldrbvs r6, [r4, -0xf75]!",1
svcvs 0x75715f,1
invalid,1
"ldrbtvc r6, [r0], -0xf5f",1
invalid,1
"rsbsvc r7, r4, 0, 6",1
"rsbsmi r6, r0, r3, ror 26",1
"stmdbmi ip, {r6, r8, sb, sl, lr} ^",1
"subslo r4, pc, 0x8000001",1
"strvs r3, [r0, -lr, lsr 8]",1
svcvs 0x6c7465,1
"rsbmi r6, lr, r7, ror 18",1
"stmdbmi ip, {r6, r8, sb, sl, lr} ^",1
"subslo r4, pc, 0x8000001",1
invalid,1
"ldrbvs r6, [r4, -0xf75]!",1
svcpl 0x677261,1
svcvs 0x6c6c61,1
"strbvs r5, [sp, -0xf63]!",1
"ldmdbmi pc, {r0, r2, r3, r5, r6} ^",1
"ldrbvs r4, [pc], -0xd54     ; [0x14598:4]=0x65747369",1
"strbvs r7, [r5, -r5, ror 4]!",1
"ldrbvs r7, [r4, -0x369]!",1
"movtmi r5, 0xd472",1
"strbvs r6, [lr, -0xf6c]!",1
"stclvs p1, c6, [r2], -0x150",1
invalid,1
"cmpvc pc, 116, 2            ; 0x74",1
"ldrbtvc r6, [r2], -0x174",1
"ldmdbvs r2!, {ip, sp, lr} ^",1
"rsbmi r7, r6, lr, ror 8",1
"stmdbmi ip, {r6, r8, sb, sl, lr} ^",1
"subslo r4, pc, 0x8000001",1
"movwvc r3, 0x42e",1
"cmpvc pc, r5, ror 8",1
"ldmdbvs r4!, {r0, r2, r4, r5, r6, r8, sb, sl, fp, sp, lr} ^",1
"ldrbvs r6, [pc], -lr, ror 14 ; [0x145d8:4]=0x625f5f00",1
invalid,1
"subsvs r5, pc, 0, 30",1
"cmpvc pc, 0xcc000001",1
"ldrbtvc r6, [r2], -0x174",1
"qaddvc r5, pc, r0",1
"ldrbvs r6, [r4, -0xf75]!",1
svcpl 0x677261,1
"ldrbtvc r5, [r3], -0xf6e",1
"rsbeq r6, r5, sb, ror ip",1
invalid,1
"stmdbvs r7!, {r2, r5, r6, r8, fp, sp, lr} ^",1
"ldrbvc r0, [r1, -0x74]!",1
invalid,1
"subsvs r6, pc, 0x1c80000",1
"strbvs r6, [r6, -0x675]!",1
"uqsub16vs r0, r6, r2",1
"ldmdavs r3!, {r2, r3, r5, r6, r8, sl, ip, sp, lr} ^",1
"mcrrmi p0, 4, r4, r7, c0",1
svcpl 0x434249,1
"eorseq r2, r4, r2, lsr lr",1
svcpl 0x746573,1
invalid,1
svcpl 0x6d6172,1
"strbvs r6, [sp, -0x16e]!",1
svcvs 0x757100,1
"rsbvc r6, r1, 116, 10",1
svcpl 0x6e5f67,1
"ldrbtvc r7, [r3], -0x563",1
invalid,1
"ldmdbvs r8!, {r2, r4, r5, r6, r8, sl, sp, lr} ^",1
"rsbvc r0, r6, 0x74",1
"submi r6, r0, r5, ror 10",1
"submi r4, sb, 0x4700",1
"cdphs p15, 3, c5, c2, c3, 2",1
"ldrbvc r0, [r1, -0x34]!",1
invalid,1
"mrcvs p7, 2, r6, c15, c2, 3",1
"cmnvc r5, 0x7c000001",1
svcpl 0x6d6f74,1
"rsbeq r6, sp, sp, ror 10",1
"strbtvc r7, [pc], -0x571",1
"ldrbvs r6, [r2, -r5, ror 2]!",1
"ldmdbvc r4!, {r0, r1, r2, r3, r4, r6, r8, sb, ip, sp, lr} ^",1
svcpl 0x656c,1
"strbtvc r7, [sb], -0x865",1
"mcrrmi p0, 4, r4, r7, c0",1
svcpl 0x434249,1
"eorseq r2, r4, r2, lsr lr",1
invalid,1
"submi r7, r0, r0, ror sb",1
"submi r4, sb, 0x4700",1
"cdphs p15, 3, c5, c2, c3, 2",1
svcpl 0x630034,1
svcvs 0x6c7369,1
"rsbseq r6, r2, r7, ror r5",1
"cmnvc r3, 0xf0000005",1
"strbtvs r6, [lr], -0x55f",1
svcpl 0x5f5f,1
"strbtvc r6, [r1], -0x465",1
"rsbvs r0, sp, 0x61",1
"stmdbvs lr!, {r0, r1, r4, r5, r6, r8, fp, sp, lr} ^",1
"smlsldxmi r4, r0, r4, r0",1
"movtmi r4, 0x294c",1
"strtlo r3, [lr], -0x25f",1
"stclvs p13, c6, [r5, -0]!",1
"rsbsmi r6, r0, r3, ror 26",1
"stmdbmi ip, {r6, r8, sb, sl, lr} ^",1
"subslo r4, pc, 0x8000001",1
"strvs r3, [r0, -lr, lsr 8]",1
svcpl 0x637465,1
svcvs 0x6c6e75,1
"strbtvs r6, [r5], -0xb63",1
"mcrrmi p0, 4, r4, r7, c0",1
svcpl 0x434249,1
"eorseq r2, r4, r2, lsr lr",1
"cmnvc r2, 112, 2            ; 0x70",1
svcvs 0x6c5f65,1
svcvs 0x5f676e,1
svcvs 0x697470,1
svcpl 0x736e,1
"stmdbvs lr!, {r1, r2, r5, r6, r8, fp, sp, lr} ^",1
"subsvc r5, pc, r0, lsl 30",1
"mcrvs p15, 3, r6, c7, c2, 3",1
svcpl 0x656d61,1
"stclvs p5, c7, [ip], -0x198",1
"mcrrmi p0, 4, r4, r7, c0",1
svcpl 0x434249,1
"eorseq r2, r4, r2, lsr lr",1
"ldmdbvs r4!, {r0, r1, r2, r3, r5, r6, ip, sp, lr} ^",1
"submi r6, r0, lr, ror 8",1
"submi r4, sb, 0x4700",1
"cdphs p15, 3, c5, c2, c3, 2",1
svcpl 0x5f0034,1
svcpl 0x737362,1
svcpl 0x646e65,1
"rsbslo r0, r8, 0x5f",1
"stclvs p5, c6, [r1], -0x1c8",1
"rsbeq r6, r3, ip, ror 30",1
invalid,1
"strbvc r6, [lr, -0xc61]!",1
"ldrbvs r0, [r2, -0x6d]!",1
svcvs 0x6c6c61,1
"strbmi r4, [r0, -r3, rrx]",1
"movtmi r4, 0x294c",1
"strtlo r3, [lr], -0x25f",1
"ldrbvs r7, [r2, -0x800]!",1
svcvs 0x6c6c61,1
"ldrbvs r0, [r4, -0x63]!",1
svcvs 0x647478,1
"cdpvs p1, 6, c6, c9, c13, 3",1
"mcrrmi p0, 4, r4, r7, c0",1
svcpl 0x434249,1
"eorseq r2, r4, r2, lsr lr",1
"cmnvc r2, 0x15800000",1
"rsbeq r6, lr, sb, ror 30",1
svcpl 0x6c7072,1
"strbvc r6, [ip, -0x666]!",1
"stmdbvs r0, {r0, r1, r4, r5, r6, fp, sp, lr}",1
"rsbsvc r7, r0, 0x1cc0000",1
"rsbsmi r6, r4, sb, ror 28",1
"stmdbmi ip, {r6, r8, sb, sl, lr} ^",1
"subslo r4, pc, 0x8000001",1
"movwvc r3, 0x42e",1
"rsbvc r6, r5, 116, 8",1
"smlsldxmi r4, r0, r2, r0",1
"movtmi r4, 0x294c",1
"strtlo r3, [lr], -0x25f",1
"rsbsvc r6, r7, 0, 12",1
"rsbmi r7, r5, sb, ror 8",1
"stmdbmi ip, {r6, r8, sb, sl, lr} ^",1
"subslo r4, pc, 0x8000001",1
"stmdavc r0, {r1, r2, r3, r5, sl, ip, sp}",1
"stclvs p1, c6, [ip], -0x1b4",1
invalid,1
"ldrbvs r6, [r4, -0xf75]!",1
svcpl 0x677261,1
"rsbeq r6, sp, sp, ror 10",1
"strbvs r7, [r5, -0x36c]!",1
"eorsmi r3, r4, fp, ror 12",1
"stmdbmi ip, {r6, r8, sb, sl, lr} ^",1
"subslo r4, pc, 0x8000001",1
"stmdavc r0, {r1, r2, r3, r5, sl, ip, sp}",1
"ldrbtvs r7, [r2], -0x473",1
svcpl 0x7075,1
"ldmdbvc r4!, {r0, r1, r2, r3, r4, r6, r8, sb, sp, lr} ^",1
invalid,1
"ldclvs p4, c7, [0x00014690]",1
"strbvc r5, [r3, -0xf62]!",1
invalid,1
"smlsldxmi r4, r0, r8, r0",1
"movtmi r4, 0x294c",1
"strtlo r3, [lr], -0x25f",1
"rsbsvc r7, r4, 0, 6",1
"rsbsmi r7, sb, r3, rrx",1
"stmdbmi ip, {r6, r8, sb, sl, lr} ^",1
"subslo r4, pc, 0x8000001",1
"strvc r3, [r0], -lr, lsr 8",1
"ldmdbvs r3!, {r0, r2, r5, r6, sb, ip, sp, lr} ^",1
"ldrbvs r6, [0x000139e5]     ; [0x139e5:4]=0x13000000",1
"cmpvs pc, r4, ror r3",1
svcpl 0x5f0072,1
"cdpvs p0, 6, c7, c5, c6, 3",1
"strbvs r6, [lr, -r4, ror 18]!",1
"mcrrmi p0, 4, r4, r7, c0",1
svcpl 0x434249,1
"eorseq r2, r4, r2, lsr lr",1
"rsbsvc r6, r2, 0x19800000",1
"ldrbvc r7, [0x00014609]     ; [0x14609:4]=0x75625f67",1
invalid,1
"rsbmi r6, r4, fp, ror 10",1
"stmdbmi ip, {r6, r8, sb, sl, lr} ^",1
"subslo r4, pc, 0x8000001",1
"stcvs p4, c3, [r0, -0xb8]",1
svcvs 0x747262,1
"submi r6, r0, r7, ror r3",1
"submi r4, sb, 0x4700",1
"cdphs p15, 3, c5, c2, c3, 2",1
"stclvs p0, c0, [r3], -0xd0",1
svcpl 0x65736f,1
svcvs 0x647473,1
invalid,1
svcpl 0x747361,1
"rsbvc r6, sp, r3, ror 30",1
"cdpvs p14, 6, c6, c5, c15, 3",1
"rsbvc r0, r5, 0x74",1
"rsbsmi r6, r2, r2, ror pc",1
"stmdbmi ip, {r6, r8, sb, sl, lr} ^",1
"subslo r4, pc, 0x8000001",1
svcpl 0x342e,1
"qdsubvs r6, pc, r5",1
"mrrcvs p9, 6, r6, pc, c2",1
"rsbslo r6, r6, r4, ror 18",1
"rsbvc r7, lr, 0, 16",1
"stclvs p1, c6, [ip], -0x194",1
"stmdavc r0, {r0, r1, r2, r3, r5, r6, r8, sb, sp, lr}",1
"rsbvc r6, r1, 0x630000",1
svcvs 0x6c6c61,1
"ldrbvc r0, [r1, -0x63]!",1
invalid,1
"cmpvs pc, 0x1c80000",1
svcvs 0x747375,1
"rsbvc r0, pc, sp, rrx",1
"ldrtlo r6, [r6], -0xe65",1
"mcrrmi p0, 4, r4, r7, c0",1
svcpl 0x434249,1
"eorseq r2, r4, r2, lsr lr",1
"ldrbvs r6, [r4, -0x567]!",1
"submi r7, r0, lr, ror 12",1
"submi r4, sb, 0x4700",1
"cdphs p15, 3, c5, c2, c3, 2",1
"ldrbvc r0, [r1, -0x34]!",1
invalid,1
"cmpvs pc, 0x1c80000",1
"cdpvs p12, 6, c6, c15, c15, 3",1
"stclvs p13, c6, [r5, -0x17c]!",1
"ldrbvs r5, [pc], -0xf00     ; [0x14938:4]=0x72617473",1
svcpl 0x617461,1
"rsbvc r7, r1, 0x73000000",1
"ldrbvc r0, [r0, -0x74]!",1
"submi r7, r0, r4, ror r3",1
"submi r4, sb, 0x4700",1
"cdphs p15, 3, c5, c2, c3, 2",1
"ldrbvs r0, [r3, -0x34]!",1
"ldrbvc r5, [r1, -0xf74]!",1
"cdpvs p4, 6, c7, c9, c15, 3",1
"ldrbtvc r5, [r3], -0xf67",1
"rsbeq r6, r5, sb, ror ip",1
"stclvs p1, c6, [ip], -0x1b4",1
"submi r6, r0, pc, ror 6",1
"submi r4, sb, 0x4700",1
"cdphs p15, 3, c5, c2, c3, 2",1
"ldrbvc r0, [r1, -0x34]!",1
svcpl 0x65746f,1
"strbvs r5, [sp, -0xf6e]!",1
svcpl 0x5f006d,1
invalid,1
"cmnvs r4, pc, asr r3",1
"ldclvs p4, c7, [0x000147c8]",1
"rsbmi r6, lr, r1, ror 18",1
"stmdbmi ip, {r6, r8, sb, sl, lr} ^",1
"subslo r4, pc, 0x8000001",1
"movwvs r3, 0x42e",1
"strbvs r6, [lr, -0xf6c]!",1
svcvs 0x75715f,1
invalid,1
"ldrbtvc r6, [r0], -0xf5f",1
invalid,1
svcvs 0x757100,1
"rsbvc r6, r1, 116, 10",1
"rsbvc r5, r6, 0x19c",1
svcpl 0x6565,1
"ldrbvs r6, [r2, -0x65f]!",1
"cdpvs p4, 6, c6, c9, c1, 3",1
"strbmi r4, [r0, -r7, rrx]",1
"movtmi r4, 0x294c",1
"strtlo r3, [lr], -0x25f",1
"stclvs p8, c7, [r1], -0",1
svcpl 0x636f6c,1
"rsbeq r6, r5, r4, ror 18",1
"stclvs p15, c5, [r7, -0x17c]!",1
"cmpvc pc, 0x6f0",1
"ldrbtvc r6, [r2], -0x174",1
"smlsdvs r0, pc, pc, r5",1
"rsbvc r7, pc, r5, ror 8",1
svcvs 0x6c5f74,1
"submi r6, r0, lr, ror 14",1
"submi r4, sb, 0x4700",1
"cdphs p15, 3, c5, c2, c3, 2",1
svcpl 0x5f0034,1
"uqsub16vc r6, sb, r5",1
"eorseq r6, r3, r3, ror sb",1
"strbtvc r5, [r3], -0xf5f",1
svcpl 0x657079,1
svcvs 0x6c5f62,1
"strbmi r4, [r0, -r3, rrx]",1
"movtmi r4, 0x294c",1
"strtlo r3, [lr], -0x25f",1
"ldmdbvs r8!, {r8, sl, sp, lr} ^",1
"smlsldxmi r4, r0, r4, r0",1
"movtmi r4, 0x294c",1
"strtlo r3, [lr], -0x25f",1
svcvs 0x6c6300,1
"cmpvc pc, 0x1cc00000",1
"strbvc r6, [0x000145d4]!",1
"ldrbvs r5, [r3, -0xf74]!",1
invalid,1
"ldrbvs r6, [r2, -0xf6e]!",1
"ldmdbmi r0, {r0, r1, r2, r3, r4, r6, r8, sl, lr} ^",1
"smlsdvs r0, r0, r5, r4",1
"ldrbvs r7, [r4, -0x465]!",1
"submi r7, r0, r8, ror r4",1
"submi r4, sb, 0x4700",1
"cdphs p15, 3, c5, c2, c3, 2",1
"ldmdbmi pc, {r2, r4, r5} ^",1
"ldrbtvc r5, [r3], -0xf4f",1
svcpl 0x6e6964,1
"strbtvs r7, [r5], -0x375",1
"cdpvs p8, 3, c7, c2, c0, 0",1
"stclvs p5, c6, [r1], -0x1c8",1
"rsbeq r6, r3, ip, ror 30",1
"ldclvs p4, c7, [r2], -0x1cc",1
"submi r6, r0, r5, ror 28",1
"submi r4, sb, 0x4700",1
"cdphs p15, 3, c5, c2, c3, 2",1
svcpl 0x630034,1
"stclvs p3, c7, [r1], -0x1a4",1
"rsbeq r6, r1, r0, ror r8",1
svcpl 0x6c7072,1
svcvs 0x6c6366,1
invalid,1
"mcrvs p2, 3, r7, c9, c0, 3",1
"submi r6, r0, r4, ror r6",1
"submi r4, sb, 0x4700",1
"cdphs p15, 3, c5, c2, c3, 2",1
"ldrbvc r0, [r1, -0x34]!",1
"cdpvs p4, 6, c7, c9, c15, 3",1
"ldrbtvc r5, [r3], -0xf67",1
svcpl 0x656c79,1
invalid,1
"strbvs r7, [lr, -r0, lsl 10]!",1
"rsbmi r7, r3, r5, ror 8",1
"stmdbmi ip, {r6, r8, sb, sl, lr} ^",1
"subslo r4, pc, 0x8000001",1
svcpl 0x342e,1
"rsbvs r6, sb, 0x5f00",1
invalid,1
"mcrvs p15, 3, r5, c9, c5, 3",1
invalid,1
"ldrbvs r6, [r4, -0xf75]!",1
"stclvs p13, c6, [r5, -0x17c]!",1
svcvs 0x757100,1
"rsbvc r6, r1, 116, 10",1
"strbvc r5, [r3, -0xf67]!",1
"stclvs p4, c7, [0x00014944]!",1
"stclvs p13, c6, [r5, -0x17c]!",1
"ldrbvs r5, [0x00013c18]     ; [0x13c18:4]=0xc49",1
svcvs 0x6e7272,1
invalid,1
svcvs 0x697461,1
"strbmi r4, [r0, -lr, rrx]",1
"movtmi r4, 0x294c",1
"strtlo r3, [lr], -0x25f",1
"cmpvs pc, 0, 30",1
"cmpvs pc, r8, ror r1",1
"ldmdbvs r8!, {r2, r4, r5, r6, r8, sl, sp, lr} ^",1
"smlsldxmi r4, r0, r4, r0",1
"movtmi r4, 0x294c",1
"strtlo r3, [lr], -0x25f",1
svcvs 0x757100,1
invalid,1
"ldmdbvc r4!, {r0, r1, r2, r3, r4, r6, r8, sb, ip, sp, lr} ^",1
"cmpvs pc, ip, ror 10",1
"rsbseq r6, r3, r2, ror r7",1
invalid,1
"cdpvs p12, 6, c6, c1, c2, 3",1
"strbvs r0, [sp, -0x6b]!",1
"strbtvc r7, [r5], -0x36d",1
"mcrrmi p0, 4, r4, r7, c0",1
svcpl 0x434249,1
"eorseq r2, r4, r2, lsr lr",1
"strbtvs r6, [lr], -0x55f",1
"cmnvs r3, 0, 12",1
"rsbmi r6, r6, r1, ror 28",1
"stmdbmi ip, {r6, r8, sb, sl, lr} ^",1
"subslo r4, pc, 0x8000001",1
svcpl 0x342e,1
"rsbvc r7, r1, 0x73000000",1
svcpl 0x630074,1
svcvs 0x6c6f74,1
"rsbseq r6, r2, r7, ror r5",1
"strbtvc r7, [pc], -0x571",1
"ldrbvs r6, [r2, -r5, ror 2]!",1
"stclvs p1, c6, [ip], -0x17c",1
"movwvs r6, 0x36f",1
"ldrbvc r6, [r3, -0x95f]!",1
"rsbvc r7, r5, 0x70",1
"ldmdbvs pc, {r8, sb, sp, lr} ^",1
"ldmdbvs r2!, {r0, r1, r4, r5, r6, ip, sp, lr} ^",1
"strvs r7, [r0], -lr, ror 8",1
"cdpvs p12, 6, c6, c5, c9, 3",1
"strbmi r4, [r0, -pc, rrx]",1
"movtmi r4, 0x294c",1
"strtlo r3, [lr], -0x25f",1
"ldrbvs r5, [0x00013cd8]     ; [0x13cd8:4]=0xce0",1
svcpl 0x5f646e,1
"cmpvs pc, r0, lsl 30",1
"stmdbvs r2!, {r0, r2, r5, r6, r8, sp, lr} ^",1
"stmdbvs r4!, {r0, r1, r2, r3, r4, r6, r8, fp, sp, lr} ^",1
invalid,1
"ldrbvs r6, [r4, -0xf75]!",1
"rsbeq r7, r7, r1, ror 4",1
svcvs 0x647473,1
"submi r7, r0, r5, ror r4",1
"submi r4, sb, 0x4700",1
"cdphs p15, 3, c5, c2, c3, 2",1
svcpl 0x5f0034,1
svcpl 0x737362,1
"rsbvc r7, r1, 0x73000000",1
invalid,1
"ldrbvs r6, [r3, -0xf6c]!",1
"mcrrmi p0, 4, r4, r7, c0",1
svcpl 0x434249,1
"eorseq r2, r4, r2, lsr lr",1
"cdpvs p1, 6, c6, c9, c13, 3",1
"ldrbvs r6, [r3, -0x600]!",1
"strbtlo r6, [pc], -r5, ror 22",1
"smlaldxmi r4, r0, r4, r0",1
"movtmi r4, 0x294c",1
"strtlo r3, [lr], -0x25f",1
"cmnvs r3, r0, lsl 10",1
"strvs r6, [r0, -r7, ror 10]",1
"cmpvc pc, r5, ror 8",1
"ldmdbvs r4!, {r0, r2, r4, r5, r6, r8, sb, sl, fp, sp, lr} ^",1
"cmpvc pc, 0x1b80000",1
"strbvs r7, [ip, -0x974]!",1
"ldrbvc r6, [pc], -0x300     ; [0x14c58:4]=0x65007265",1
"rsbsvc r7, r0, pc, ror 10",1
"strvs r7, [r0, -0x265]",1
svcpl 0x746978,1
"stclvs p1, c6, [sb], -0x198",1
"rsbeq r7, r5, r5, ror r2",1
"strbtvc r7, [pc], -0x571",1
"ldrbvs r6, [r2, -r5, ror 2]!",1
"stclvs p3, c6, [pc], -0x17c",1
"movwvs r6, 0xe6f",1
"cmnvc r3, 0x17c000",1
"strbvs r6, [r3, -0x170]!",1
svcvs 0x757100,1
"rsbvc r6, r1, 116, 10",1
"ldrbtvc r5, [r3], -0xf67",1
svcpl 0x656c79,1
"rsbeq r6, sp, sp, ror 10",1
"ldclvs p5, c6, [r4], -0x1cc",1
"stclvs p3, c6, [r1], -0x1bc",1
"strbmi r4, [r0, -r5, rrx]",1
"movtmi r4, 0x294c",1
"strtlo r3, [lr], -0x25f",1
svcvs 0x757100,1
"rsbvc r6, r1, 116, 10",1
svcpl 0x6e5f67,1
"ldclvs p4, c7, [sb], -0x1cc",1
"strbvs r5, [sp, -0xf65]!",1
"rsbsvc r0, r0, 0x6d",1
"cmnvs r2, pc, ror 14",1
"cdpvs p15, 6, c5, c9, c13, 3",1
invalid,1
"mcrvs p9, 3, r6, c15, c4, 3",1
"stclvs p14, c6, [r1, -0x17c]!",1
"strbmi r4, [r0, -r5, rrx]",1
"movtmi r4, 0x294c",1
"strtlo r3, [lr], -0x25f",1
"rsbsvc r7, r4, 0, 6",1
"rsbvc r6, r8, 0xc8000001",1
"mcrrmi p0, 4, r4, r7, c0",1
svcpl 0x434249,1
"eorseq r2, r4, r2, lsr lr",1
"strbtvc r7, [pc], -0x571",1
svcpl 0x630065,1
"cdpvs p3, 6, c7, c3, c9, 3",1
"rsbeq r7, ip, r4, ror r2",1
"mrrcvs p12, 6, r6, pc, c14",1
"stmdbvs r7!, {r0, r5, r6, sb, sl, fp, sp, lr} ^",1
"rsbmi r6, pc, lr, ror 12",1
"stmdbmi ip, {r6, r8, sb, sl, lr} ^",1
"subslo r4, pc, 0x8000001",1
"movwvc r3, 0x42e",1
"cmpvs pc, 0x65000000",1
svcvs 0x747375,1
"ldrbvc r5, [r1, -0xf6d]!",1
"cdpvs p4, 6, c7, c9, c15, 3",1
"rsbsvc r0, r0, 0x67",1
"cmnvs r2, pc, ror 14",1
invalid,1
invalid,1
"ldrbvs r6, [r4, -0xf75]!",1
svcpl 0x677261,1
"rsbvc r6, r1, 0x630000",1
"stclvs p13, c6, [r5, -0x17c]!",1
"cmpvs pc, r0, lsl 30",1
"stmdbvs r2!, {r0, r2, r5, r6, r8, sp, lr} ^",1
"strbtvs r7, [sb], -0x55f",1
svcvs 0x6d7669,1
bvc 0x1e14ef4,1
svcvs 0x6c6c61,1
svcpl 0x630063,1
"ldrbvc r7, [r0, -0x369]!",1
"rsbseq r6, r4, lr, ror 6",1
svcpl 0x764a5f,1
"stmdbvs r7!, {r1, r4, r6, r8, sl, sp, lr} ^",1
"rsbvc r7, r5, 0x73000000",1
invalid,1
"rsbseq r6, r3, r3, ror r5",1
invalid,1
"stmdbvs r3!, {r0, r5, r6, r8, sb, ip, sp, lr} ^",1
"ldrbvs r0, [r6, -0x69]!",1
svcvs 0x697372,1
"strbtvc r5, [r5], -0xf6e",1
svcvs 0x635f63,1
"ldmdbvs r2!, {r4, r5, r6, r8, fp, ip, sp, lr} ^",1
"rsbseq r6, r4, r7, ror 16",1
"strbtvc r7, [pc], -0x571",1
"ldrbvs r6, [r2, -r5, ror 2]!",1
svcvs 0x6e5f,1
"rsbvc r7, r5, 112, 8",1
"smlsldxmi r4, r0, r2, r0",1
"movtmi r4, 0x294c",1
"strtlo r3, [lr], -0x25f",1
"cmpvc pc, 0, 6",1
invalid,1
"stclvs p5, c6, [r3, -0x1cc]!",1
"ldrbvc r0, [r1, -0x70]!",1
svcpl 0x65746f,1
"rsbsvc r0, r2, lr, rrx",1
invalid,1
svcvs 0x6b6565,1
"ldrbpl r5, [pc], -0xf00     ; [0x14de8:4]=0x5f5f444e",1
"ldrbmi r4, [0x00014a9f]     ; [0x14a9f:4]=0x6c707200",1
svcpl 0x5f444e,1
svcvs 0x727000,1
"stclvs p2, c7, [r1, -0x19c]!",1
"uqsaxvc r6, lr, pc",1
"strbtvc r6, [r1], -0x36f",1
svcpl 0x6e6f69,1
"rsbvc r6, pc, 0x730000",1
invalid,1
"submi r6, r0, sp, ror 10",1
"submi r4, sb, 0x4700",1
"cdphs p15, 3, c5, c2, c3, 2",1
"stmdbvs r2!, {r2, r4, r5} ^",1
"ldrbvs r6, [r4, -0x46e]!",1
svcvs 0x647478,1
"cdpvs p1, 6, c6, c9, c13, 3",1
"mcrrmi p0, 4, r4, r7, c0",1
svcpl 0x434249,1
"eorseq r2, r4, r2, lsr lr",1
svcpl 0x746573,1
"rsbvc r6, r1, 0x630000",1
svcvs 0x75715f,1
invalid,1
"strbpl r5, [sb], -0xf00",1
"ldrbvs r5, [r2, -0xf4d]!",1
"ldrbtvc r6, [r3], -0x967",1
"ldclmi p2, c7, [r4, -0x194]",1
"cdpvs p12, 6, c6, c15, c3, 2",1
"rsbvs r5, r1, 0x65000000",1
"movwvs r6, 0x56c",1
invalid,1
"ldmdavs r0!, {r1, r4, r5, r6, r8, sp, lr} ^",1
"stmdbvs sp!, {r8, sl, sp, lr} ^",1
"strbvc r5, [r2, -0xf74]!",1
"ldrbvs r5, [r2, -0xf67]!",1
"ldrbtvc r6, [r2], -0xf70",1
svcpl 0x676e69,1
"rsbvc r6, r4, 0x61000000",1
"rsbseq r7, r3, r5, ror 6",1
invalid,1
"ldrbtvc r5, [r3], -0xf65",1
"ldrbtvc r6, [r5], -0xf64",1
"strbtvc r7, [r5], -0x35f",1
"stclvs p6, c6, [sb], -0x17c",1
invalid,1
"stmdavc r0, {r0, r2, r3, r5, r6, r8, sl, sp, lr}",1
"strbtvs r6, [sp], -0x56d",1
invalid,1
"stclvs p3, c6, [r1], -0x1bc",1
"stmdavs r3!, {r0, r2, r5, r6, r8, sb, sl, fp, ip, lr} ^",1
"ldrbvs r7, [r3, -0x261]!",1
"stclvs p0, c0, [r3], -0x1d0",1
svcpl 0x65736f,1
"ldrbvs r7, [r2, -0x473]!",1
"movwvc r6, 0xd61",1
invalid,1
"submi r7, r0, sp, rrx",1
"submi r4, sb, 0x4700",1
"cdphs p15, 3, c5, c2, c3, 2",1
"ldrbvs r0, [r6, -0x34]!",1
svcvs 0x697372,1
"strbtvc r5, [r5], -0xf6e",1
"rsbvc r5, r1, 0x18c",1
"rsbvs r0, r1, 0x6e",1
"rsbsmi r7, r4, pc, ror 4",1
"stmdbmi ip, {r6, r8, sb, sl, lr} ^",1
"subslo r4, pc, 0x8000001",1
"strvc r3, [r0], -lr, lsr 8",1
"ldmdbvs r3!, {r0, r2, r5, r6, sb, ip, sp, lr} ^",1
"ldrbvs r6, [0x00014091]     ; [0x14091:4]=0x632e74",1
"usub16vc r6, pc, r4",1
"ldmdbvs pc, {r0, r5, r6} ^",1
"rsbseq r6, r4, lr, ror 18",1
invalid,1
"strbmi r4, [r0, -r5, rrx]",1
"movtmi r4, 0x294c",1
"strtlo r3, [lr], -0x25f",1
invalid,1
invalid,1
"stclvs p8, c7, [lr, -0]!",1
svcvs 0x6c6c61,1
invalid,1
,1
