inst,ground_truth
54c46       invalid,1
"andeq r0, r1, r1, lsl 2",1
"andeq r0, r0, r0",1
"andeq r0, r0, r0",1
"eoreq r0, r8, r2",1
"andeq r0, r0, r1",1
"andeq r8, r0, r4, ror lr",1
"andeq r0, r0, r4, lsr r0",1
"andeq sb, r1, r0, lsl 19",1
"streq r0, [r0, -2]",1
"eoreq r0, r0, r4, lsr r0",1
"eoreq r0, r8, r8",1
"eoreq r0, r3, r6, lsr 32",1
"andvc r0, r0, r1",1
"andeq r4, r0, r4, ror 11",1
"andeq ip, r0, r4, ror 11",1
"andeq ip, r0, r4, ror 11",1
"andeq r0, r0, r8",1
"andeq r0, r0, r8",1
"andeq r0, r0, r4",1
"andeq r0, r0, r4",1
"andeq r0, r0, r6",1
"andeq r0, r0, r4, lsr r0",1
"andeq r8, r0, r4, lsr r0",1
"andeq r8, r0, r4, lsr r0",1
"andeq r0, r0, r0, lsl 2",1
"andeq r0, r0, r0, lsl 2",1
"andeq r0, r0, r5",1
"andeq r0, r0, r4",1
"andeq r0, r0, r3",1
"andeq r0, r0, r4, lsr r1",1
"andeq r8, r0, r4, lsr r1",1
"andeq r8, r0, r4, lsr r1",1
"andeq r0, r0, r3, lsl r0",1
"andeq r0, r0, r3, lsl r0",1
"andeq r0, r0, r4",1
"andeq r0, r0, r1",1
"andeq r0, r0, r1",1
"andeq r0, r0, r0",1
"andeq r8, r0, r0",1
"andeq r8, r0, r0",1
"strdeq r4, r5, [r0], -r0",1
"strdeq r4, r5, [r0], -r0",1
"andeq r0, r0, r5",1
"andeq r8, r0, r0",1
"andeq r0, r0, r1",1
"strdeq r4, r5, [r0], -r0",1
"strdeq r4, r5, [r1], -r0",1
"strdeq r4, r5, [r1], -r0",1
"andeq r0, r0, ip, lsl r2",1
"andeq r0, r0, ip, ror r3",1
"andeq r0, r0, r6",1
"andeq r8, r0, r0",1
"andeq r0, r0, r2",1
"strdeq r4, r5, [r0], -ip",1
"strdeq r4, r5, [r1], -ip",1
"strdeq r4, r5, [r1], -ip",1
"andeq r0, r0, r8, ror 1",1
"andeq r0, r0, r8, ror 1",1
"andeq r0, r0, r6",1
"andeq r0, r0, r4",1
"andeq r0, r0, r4",1
"andeq r0, r0, r8, asr 2",1
"andeq r8, r0, r8, asr 2",1
"andeq r8, r0, r8, asr 2",1
"andeq r0, r0, r4, asr 32",1
"andeq r0, r0, r4, asr 32",1
"andeq r0, r0, r4",1
"andeq r0, r0, r4",1
"ldrbtvs lr, [r4], -0x551",1
"andeq r0, r0, r0",1
"andeq r0, r0, r0",1
"andeq r0, r0, r0",1
"andeq r0, r0, r0",1
"andeq r0, r0, r0",1
"andeq r0, r0, r6",1
"andeq r0, r0, r4",1
"rsbvs r6, sb, 0x2f00",1
"stclhs p12, c6, [r4, -0xbc]!",1
"strbvc r6, [lr, -0x96c]!",1
svcvs 0x732e78,1
"andeq r3, r0, lr, lsr 6",1
"andeq r0, r0, r4",1
"andeq r0, r0, r0, lsl r0",1
"andeq r0, r0, r1",1
"subseq r4, r5, r7, asr 28",1
"andeq r0, r0, r0",1
"andeq r0, r0, r2",1
"andeq r0, r0, r6",1
"andeq r0, r0, r0, lsl r0",1
"andeq r0, r0, r4",1
"andeq r0, r0, r4, lsl r0",1
"andeq r0, r0, r3",1
"subseq r4, r5, r7, asr 28",1
"ldmmi r4, {r1, r3, r4, r7, sb, sl}",1
"stceq p6, c10, [lr, 0x1d4]!",1
invalid,1
"stclmi p6, c15, [r5], 0x3a0",1
blo 0xfeb45c7c,1
"andeq r0, r0, r5, lsr 32",1
"andeq r0, r0, r2",1
"andeq r0, r0, r0, lsl r0",1
"andeq r0, r0, sb",1
"rsbeq r4, r2, r2, lsl 18",1
"andsls r6, r1, 0x80",1
"stcgt p8, c2, [r2], {0}",1
"andeq r1, r0, r2",1
"stmdbne r1, {r3, r7} ^",1
invalid,1
"stmdaeq r0, {r0, r5, r7, r8, sl, fp, lr} ^",1
"andeq r0, sl, r0, lsr 16",1
"stmdami r2, {r1, r2, r3}",1
"strbhs r4, [r2], 0x192",1
"stmdaeq r0, {r1, r2, r7}",1
"subhs r0, r0, r0, asr r0",1
"strbths r1, [r1], -0",1
"andeq r0, r0, r0",1
"andhi r1, r0, r8, lsl 24",1
"andseq sl, r1, r0",1
"andeq r0, r0, r2",1
"andeq r0, r0, r0",1
"andeq r0, r0, r0",1
"andeq r0, r0, r5",1
"andeq r0, r0, r6",1
"andeq r0, r0, r0",1
"andeq r0, r0, r7",1
"andeq r0, r0, r8",1
"andeq r0, r0, sl",1
"andeq r0, r0, ip",1
"andeq r0, r0, sp",1
"andeq r0, r0, lr",1
"andeq r0, r0, r3, lsl r0",1
"andeq r0, r0, r4, lsl r0",1
"andeq r0, r0, r7, lsl r0",1
"andeq r0, r0, sb, lsl r0",1
"andeq r0, r0, sl, lsl r0",1
"andeq r0, r0, ip, lsl r0",1
"andeq r0, r0, sp, lsl r0",1
"andeq r0, r0, lr, lsl r0",1
"andeq r0, r0, r1, lsr 32",1
"andeq r0, r0, r2, lsr 32",1
"andeq r0, r0, r3, lsr 32",1
"andeq r0, r0, r5, lsr 32",1
"andeq r0, r0, r0",1
"andeq r0, r0, sl, lsr 32",1
"andeq r0, r0, sp, lsr 32",1
"andeq r0, r0, r0",1
"andeq r0, r0, lr, lsr 32",1
"andeq r0, r0, pc, lsr 32",1
"andeq r0, r0, r2, lsr r0",1
"andeq r0, r0, r0",1
"andeq r0, r0, r0",1
"andeq r0, r0, r4, lsr r0",1
"andeq r0, r0, r5, lsr r0",1
"andeq r0, r0, r6, lsr r0",1
"andeq r0, r0, r7, lsr r0",1
"mrcls p0, 3, r5, c6, c12, 5",1
"ldceq p13, c10, [sb, -0xf0]!",1
"cmpvs sp, r1, lsr 21",1
"ldrbtge r2, [sb], 0x301",1
"stc2l p2, c3, [r0, -0xb4]",1
"rscls r5, pc, r3, lsr 21",1
"ldcvc p0, c15, [r6], {0x86}",1
"mcreq p6, 7, r8, c15, c15, 5",1
"stcllo p14, c0, [r0, 0x318]!",1
invalid,1
invalid,1
invalid,1
invalid,1
"stcne p2, c15, [fp], {0x38}",1
"ldrt r0, [sp], 0x7c2",1
"rscne sb, pc, 96, 16",1
svcge 0xe70ad,1
"ldrlt r7, [r5, -r3, lsl 13]!",1
"stcne p13, c1, [ip], {0x28}",1
bvc 0xfed4e504,1
svceq 0x11ed7d,1
"tst r1, 80, 28              ; 0x50",1
svceq 0x3b9a5b,1
"fldmiaxne r3, {d11, d12, d13, d14, d15, d16, d17, d18, d19, d20, d21, d22, d23, d24, d25, d26}",1
"stcllt p15, c14, [sb], 0xc0",1
blhs 0x10faa90,1
invalid,1
"ldcvc p14, c7, [r6], {0x3f}",1
blmi 0x1514310,1
"tstlt r5, 0xe0000000",1
"stceq p8, c11, [r2, 0xc4]",1
"stceq p5, c7, [r2, 0x244]",1
"ldreq r6, [r4], sp, lsl 27",1
"ldc2 p15, c8, [sp, -0x100]",1
"subne lr, r4, sb, lsr r8",1
"stceq p5, c7, [r2, 0x90]",1
"ldrbne sp, [sp], 0xc4",1
"ldcne p6, c9, [r3], {0xca}",1
"sbchs r5, fp, sl, asr 11",1
svcge 0xc3fcd,1
invalid,1
"ldc2l p7, c3, [r6, -8]!",1
"stc2 p15, c12, [sb, -0x84]",1
"ldcne p6, c9, [r3], {0x5f}",1
"ldrgt r7, [fp, -0x45f]!",1
invalid,1
"subhs r4, sb, 0x198000",1
"strbtlt lr, [fp], 0x20b",1
invalid,1
"ldrbhs sl, [r0, -0x4ad]",1
"rsbvc r2, r3, 0xcf00",1
svceq 0x6321ef,1
invalid,1
invalid,1
"andeq r0, r0, r0",1
"andeq r0, r0, r0",1
"andeq r0, r0, r0",1
"andeq r0, r0, r0",1
"andeq r0, r0, r1",1
"andeq r0, r0, r0",1
"andeq r0, r0, r0",1
"andeq r0, r0, r0, lsr 32",1
"strdeq r0, r1, [r0], -r3",1
"andeq r4, r1, r0, lsl r8",1
"andeq r0, r0, r4",1
"andseq r0, r8, r1, lsl r0",1
"andeq r0, r0, sl, lsl r1",1
"andeq r8, r0, r0, ror ip",1
"andeq r0, r0, r0",1
"andeq r0, r0, r2, lsl r0",1
"andeq r0, r0, r5, lsr r0",1
"andeq r8, r0, r8, asr 26",1
"andeq r0, r0, r0",1
"andeq r0, r0, r2, lsl r0",1
"andeq r0, r0, pc, asr 1",1
"ldrdeq r8, sb, [r0], -r0",1
"andeq r0, r0, r0",1
"andeq r0, r0, r2, lsl r0",1
"andeq r0, r0, sl, lsl r0",1
"andeq r8, r0, ip, lsl 23",1
"andeq r0, r0, r0",1
"andeq r0, r0, r2, lsl r0",1
"andeq r0, r0, sl, lsl 3",1
"andeq r8, r0, r0, lsl ip",1
"andeq r0, r0, r0",1
"andeq r0, r0, r2, lsl r0",1
"andeq r0, r0, lr, ror 3",1
"muleq r0, r8, fp",1
"andeq r0, r0, r0",1
"andeq r0, r0, r2, lsl r0",1
"andeq r0, r0, lr, ror r0",1
"andeq r8, r0, r4, lsr 23",1
"andeq r0, r0, r0",1
"andeq r0, r0, r2, lsl r0",1
"andeq r0, r0, r0, ror r0",1
"andeq r8, r0, r0, ror 23",1
"andeq r0, r0, r0",1
"andeq r0, r0, r2, lsl r0",1
"andeq r0, r0, r4, lsl 1",1
"andeq r4, r1, r8, lsl r8",1
"andeq r0, r0, r4",1
"andseq r0, r8, r1, lsr 32",1
"andeq r0, r0, sp, asr 3",1
"andeq r8, r0, ip, ror ip",1
"andeq r0, r0, r0",1
"andeq r0, r0, r2, lsl r0",1
"muleq r0, r2, r1",1
"andeq r4, r1, r0, lsl r8",1
"andeq r0, r0, r4",1
"andseq r0, r8, r1, lsr 32",1
"strheq r0, [r0], -fp",1
"andeq r8, r0, ip, ror 23",1
"andeq r0, r0, r0",1
"andeq r0, r0, r2, lsl r0",1
"andeq r0, r0, r3, ror 2",1
"andeq r4, r1, r0, lsr 16",1
"andeq r0, r0, r4",1
"andseq r0, r8, r1, lsl r0",1
"muleq r0, ip, r0",1
"andeq r8, r0, ip, lsl ip",1
"andeq r0, r0, r0",1
"andeq r0, r0, r2, lsl r0",1
"andeq r0, r0, r0, ror 1",1
"andeq r8, r0, r8, asr ip",1
"andeq r0, r0, r0",1
"andeq r0, r0, r2, lsl r0",1
"andeq r0, r0, pc, asr 32",1
"andeq r8, r0, r4, asr sp",1
"andeq r0, r0, r0",1
"andeq r0, r0, r2, lsl r0",1
"andeq r0, r0, pc, lsr r0",1
"andeq r8, r0, r0, asr 24",1
"andeq r0, r0, r0",1
"andeq r0, r0, r2, lsl r0",1
"strdeq r0, r1, [r0], -ip",1
"andeq r4, r1, r4, lsr 16",1
"andeq r0, r0, r4",1
"andseq r0, r8, r1, lsl r0",1
"andeq r0, r0, pc, lsr 2",1
"andeq r8, r0, ip, lsr sp",1
"andeq r0, r0, r0",1
"andeq r0, r0, r2, lsl r0",1
"andeq r0, r0, r8, ror r0",1
"andeq r8, r0, r4, lsl 27",1
"andeq r0, r0, r0",1
"andeq r0, r0, r2, lsl r0",1
"andeq r0, r0, lr, ror 1",1
"andeq r8, r0, r8, lsl sp",1
"andeq r0, r0, r0",1
"andeq r0, r0, r2, lsl r0",1
"andeq r0, r0, r4, lsl r1",1
"muleq r0, r0, sp",1
"andeq r0, r0, r0",1
"andeq r0, r0, r2, lsl r0",1
"strheq r0, [r0], -sl",1
"strheq r8, [r0], -r8",1
"andeq r0, r0, r0",1
"andeq r0, r0, r2, lsl r0",1
"andeq r0, r0, r7, asr r0",1
"ldrdeq r8, sb, [r0], -r4",1
"andeq r0, r0, r0",1
"andeq r0, r0, r2, lsl r0",1
"andeq r0, r0, lr, lsl 4",1
"ldrdeq r8, sb, [r0], -ip",1
"andeq r0, r0, r0",1
"andeq r0, r0, r2, lsl r0",1
"andeq r0, r0, sl, ror 2",1
"strdeq r8, sb, [r0], -r4",1
"andeq r0, r0, r0",1
"andeq r0, r0, r2, lsl r0",1
"andeq r0, r0, pc, ror r0",1
"andeq r8, r0, ip, lsr 25",1
"andeq r0, r0, r0",1
"andeq r0, r0, r2, lsl r0",1
"ldrdeq r0, r1, [r0], -pc",1
"andeq r8, r0, r8, ror 22",1
"andeq r0, r0, r0",1
"andeq r0, r0, r2, lsl r0",1
"andeq r0, r0, pc, ror r1",1
"andeq r8, r0, r4, lsr ip",1
"andeq r0, r0, r0",1
"andeq r0, r0, r2, lsl r0",1
"andeq r0, r0, r8, asr 1",1
"andeq r8, r0, r8, ror 25",1
"andeq r0, r0, r0",1
"andeq r0, r0, r2, lsl r0",1
"andeq r0, r0, ip, lsl 2",1
"strheq r8, [r0], -r0",1
"andeq r0, r0, r0",1
"andeq r0, r0, r2, lsl r0",1
"andeq r0, r0, r7, lsr r1",1
"andeq r8, r0, r0, ror 26",1
"andeq r0, r0, r0",1
"andeq r0, r0, r2, lsl r0",1
"strheq r0, [r0], -r0",1
"andeq r8, r0, r0, asr fp",1
"andeq r0, r0, r0",1
"andeq r0, r0, r2, lsl r0",1
"andeq r0, r0, r1, lsr 2",1
"andeq r8, r0, r4, ror fp",1
"andeq r0, r0, r0",1
"andeq r0, r0, r2, lsl r0",1
"andeq r0, r0, r7, ror 1",1
"andeq r8, r0, r8, asr 23",1
"andeq r0, r0, r0",1
"andeq r0, r0, r2, lsl r0",1
"andeq r0, r0, r7, rrx",1
"strdeq r8, sb, [r0], -r8",1
"andeq r0, r0, r0",1
"andeq r0, r0, r2, lsl r0",1
"andeq r0, r0, r1, lsr 32",1
"andeq r8, r0, r8, lsr 24",1
"andeq r0, r0, r0",1
"andeq r0, r0, r2, lsl r0",1
"andeq r0, r0, r1, asr 1",1
"andeq r8, r0, r4, asr 25",1
"andeq r0, r0, r0",1
"andeq r0, r0, r2, lsl r0",1
"andeq r0, r0, r7, asr 32",1
"andeq r8, r0, r8, ror sp",1
"andeq r0, r0, r0",1
"andeq r0, r0, r2, lsl r0",1
"andeq r0, r0, r1, asr r1",1
"andeq r8, r0, r4, ror 24",1
"andeq r0, r0, r0",1
"andeq r0, r0, r2, lsl r0",1
"andeq r0, r0, r1, ror r1",1
"andeq r8, r0, ip, lsl 26",1
"andeq r0, r0, r0",1
"andeq r0, r0, r2, lsl r0",1
"andeq r0, r0, r3, lsl r1",1
"andeq r8, r0, r4, lsr 26",1
"andeq r0, r0, r0",1
"andeq r0, r0, r2, lsl r0",1
"andeq r0, r0, r6, asr 3",1
"andeq r8, r0, r0, lsl 23",1
"andeq r0, r0, r0",1
"andeq r0, r0, r2, lsl r0",1
"strheq r0, [r0], -r7",1
"andeq r8, r0, ip, ror 26",1
"andeq r0, r0, r0",1
"andeq r0, r0, r2, lsl r0",1
"andeq r0, r0, r8, asr r1",1
"andeq r8, r0, r8, lsl 25",1
"andeq r0, r0, r0",1
"andeq r0, r0, r2, lsl r0",1
"andeq r0, r0, r3, asr 2",1
"andeq r8, r0, r0, lsr 25",1
"andeq r0, r0, r0",1
"andeq r0, r0, r2, lsl r0",1
"andeq r0, r0, r8, lsr 32",1
"andeq r8, r0, r0, lsl 26",1
"andeq r0, r0, r0",1
"andeq r0, r0, r2, lsl r0",1
"andeq r0, r0, r7, lsr 2",1
"strheq r8, [r0], -ip",1
"andeq r0, r0, r0",1
"andeq r0, r0, r2, lsl r0",1
"andeq r0, r0, r3, lsl 2",1
"andeq r8, r0, r0, lsr sp",1
"andeq r0, r0, r0",1
"andeq r0, r0, r2, lsl r0",1
"strdeq r0, r1, [r0], -lr",1
"andeq r4, r1, r8, lsl r8",1
"andeq r0, r0, r4",1
"andseq r0, r8, r1, lsl r0",1
"andeq r0, r0, r1, rrx",1
"andeq r8, r0, ip, asr 24",1
"andeq r0, r0, r0",1
"andeq r0, r0, r2, lsl r0",1
"strheq r0, [r0], -r3",1
"andeq r8, r0, ip, asr fp",1
"andeq r0, r0, r0",1
"andeq r0, r0, r2, lsl r0",1
"andeq r0, r0, r8, ror r1",1
"andeq r8, r0, r4, lsl 24",1
"andeq r0, r0, r0",1
"andeq r0, r0, r2, lsl r0",1
"ldrbvs r5, [pc, -r0, lsl 30] ; [0x6d0:4]=0x72617473",1
svcpl 0x6e6f6d,1
"rsbvc r7, r1, 0x73000000",1
"subseq r5, pc, r4, ror pc",1
invalid,1
"cdphs p3, 6, c7, c15, c14, 1",1
"uqasxvs r0, r6, r6",1
"ldmdavs r3!, {r2, r3, r5, r6, r8, sl, ip, sp, lr} ^",1
"rsbsvc r7, r4, 0, 6",1
"rsbseq r7, sb, r3, rrx",1
"rsbsvc r5, r0, 0x17c",1
"ldrbtvs r6, [r4], -sb, ror 28",1
blvs 0x1a1947c,1
"strbtvc r7, [r5], -0x300",1
invalid,1
"stcvs p5, c6, [r0, -0x1b0]",1
svcvs 0x747262,1
"movwvc r6, 0x377",1
invalid,1
"movwvc r7, 0x6d",1
"cmnvs r2, 116, 4            ; 0x74",1
"strvs r7, [r0], -0x268",1
"strbtvc r6, [r5], -0x763",1
"ldrbtvc r6, [r8], -0x574",1
"rsbsvc r6, r2, 0, 10",1
"stmdbvs r0, {r0, r1, r2, r3, r5, r6, sb, ip, sp, lr}",1
"rsbsvc r7, r0, 0x1cc0000",1
"rsbseq r6, r4, sb, ror 28",1
"stclvs p5, c6, [r1], -0x1c8",1
"rsbeq r6, r3, ip, ror 30",1
"rsbvc r6, pc, 0x10000006",1
"ldrbvs r0, [0x000006d8]     ; [0x6d8:4]=0x6362696c",1
"rsbseq r6, r4, r8, ror sb",1
invalid,1
svcpl 0x6d6172,1
svcvs 0x766e69,1
"ldmdbvs r4!, {r0, r1, r5, r6, r8, sp, lr} ^",1
"cdpvs p14, 5, c6, c15, c15, 3",1
"rsbeq r6, r5, r1, ror 26",1
"strbtvc r5, [r3], -0xf5f",1
svcpl 0x657079,1
svcpl 0x746567,1
"cmpvs pc, 0xd0000006",1
"ldclvs p2, c7, [0x000005a8]",1
"movwvs r7, 0x861",1
svcvs 0x6c6c61,1
"ldrbtvc r0, [r3], -0x63",1
"mcrvs p12, 3, r6, c5, c2, 3",1
"strbvs r7, [lr, -r0, lsl 10]!",1
"rsbeq r7, r3, r5, ror 8",1
invalid,1
svcpl 0x7465,1
"rsbsvc r6, r2, 0x17c00000",1
"mrrcvs p15, 6, r6, pc, c14",1
"strbtvc r6, [r1], -0x36f",1
"rsbeq r6, lr, sb, ror 30",1
"cdpvs p0, 6, c7, c5, c15, 3",1
"stcvs p4, c3, [r0, -0xd8]",1
"stclvs p13, c6, [r3, -0x194]!",1
svcpl 0x5f0070,1
"ldmdbvs r2!, {r1, r2, r5, r6, ip, sp, lr} ^",1
svcpl 0x66746e,1
"rsbeq r6, fp, r3, ror 16",1
svcvs 0x647473,1
invalid,1
blvs 0x1959da0,1
"eorseq r3, r4, pc, ror 12",1
invalid,1
invalid,1
invalid,1
invalid,1
invalid,1
"stmdbvs r1!, {sb, ip, sp, lr} ^",1
"stcvs p5, c6, [r0, -0x1cc]",1
"cdpvs p3, 6, c7, c9, c2, 3",1
svcpl 0x7469,1
"stclvs p5, c7, [r6], -0x17c",1
"cdpvs p7, 0, c7, c0, c15, 3",1
invalid,1
"cdpvs p7, 6, c6, c9, c14, 3",1
svcpl 0x6f66,1
"ldmdbvc r4!, {r0, r1, r2, r3, r4, r6, r8, sb, sp, lr} ^",1
"subsvs r6, pc, 112, 10",1
invalid,1
"strbtvc r6, [r5], -0x700",1
"rsbseq r6, r6, r5, ror 28",1
"rsbvc r5, r6, 0x17c",1
"stmdbvs r4!, {r0, r2, r5, r6, r8, sp, lr} ^",1
"movwvc r6, 0x76e",1
"rsbvc r6, r5, 116, 8",1
invalid,1
"strbtvs r6, [lr], -r3, ror 2",1
"stclvs p6, c6, [sb], -0",1
"rsbeq r6, pc, r5, ror 28",1
"ldmdbvs r2!, {r1, r2, r5, r6, r8, sb, sl, ip, sp, lr} ^",1
svcpl 0x6574,1
"ldrbvs r6, [r0, -0x65f]!",1
"cdpvs p4, 6, c6, c9, c14, 3",1
invalid,1
"strbtlo r6, [fp], -r5, ror 10",1
"rsbsvc r0, r0, 0x34",1
"cmnvs r2, pc, ror 14",1
"cdpvs p15, 6, c5, c9, c13, 3",1
invalid,1
"mcrvs p9, 3, r6, c15, c4, 3",1
svcvs 0x68735f,1
"mrcvs p4, 2, r7, c15, c2, 3",1
"rsbeq r6, r5, r1, ror 26",1
"rsbvc r6, pc, r6, ror 8",1
"andvs r6, r0, 0x650",1
"strbtvc r6, [r4], -0xe69",1
"ldrbtvs r7, [r4], -0x865",1
"stmdbvs r1!, {r0, r1, r2, r3, r5, r6, r8, sl, fp, sp, lr} ^",1
"ldrbtvc r0, [r3], -0x6e",1
"rsbvc r6, sp, r2, ror r3",1
"mrrcvs p15, 0, r5, pc, c0",1
svcpl 0x636269,1
"rsbvc r7, r1, 0x73000000",1
invalid,1
"strvs r6, [r0], -sb, ror 28",1
"cmnvc r4, 112, 10           ; 0x70",1
"stclvs p5, c7, [lr], -0x17c",1
"strbvs r6, [fp, -0x36f]!",1
"rsbvc r0, r6, 0x64",1
svcpl 0x6565,1
svcvs 0x72705f,1
"stclvs p14, c6, [r1, -0x19c]!",1
svcpl 0x5f0065,1
invalid,1
"strbvs r6, [sp, -0x16e]!",1
"ldclvs p6, c6, [r5], -0x17c",1
svcpl 0x5f006c,1
svcpl 0x617863,1
"stmdavc r5!, {r0, r5, r6, sl, ip, sp, lr} ^",1
"strmi r7, [r0, -sb, ror 8]",1
"movtmi r4, 0x294c",1
"strtlo r3, [lr], -0x25f",1
"andeq r0, r0, r0",1
"andeq r0, r2, r0",1
"andeq r0, r2, r2",1
"andeq r0, r2, r2",1
"andeq r0, r2, r2",1
"andeq r0, r2, r2",1
"andeq r0, r2, r2",1
"andeq r0, r2, r2",1
"andeq r0, r2, r2",1
"andeq r0, r2, r2",1
"andeq r0, r2, r2",1
"andeq r0, r2, r2",1
"andeq r0, r2, r2",1
"andeq r0, r2, r2",1
"andeq r0, r2, r2",1
"andeq r0, r2, r2",1
"andeq r0, r2, r2",1
"andeq r0, r2, r2",1
"andeq r0, r2, r2",1
"andeq r0, r2, r2",1
"andeq r0, r2, r2",1
"andeq r0, r2, r2",1
"andeq r0, r2, r2",1
"andeq r0, r2, r2",1
"andeq r0, r2, r2",1
"andeq r0, r2, r2",1
"andeq r0, r2, r2",1
"andeq r0, r2, r2",1
"andeq r0, r0, r2",1
"andeq r0, r1, r1",1
"andeq r0, r0, r0, lsl r0",1
"andeq r0, r0, r0, lsl r0",1
"andeq r0, r0, r0",1
"stcleq p9, c6, [sb, -0x50]!",1
"andeq r0, r2, r0",1
"andeq r0, r0, fp, lsl r2",1
"andeq r0, r0, r0",1
"strheq r4, [r1], -r4",1
"andeq r0, r0, r5, lsl r1",1
"andeq r4, r1, r0, lsl r8",1
"andeq r0, r0, r4, lsl r2",1
"andeq r4, r1, r8, lsl r8",1
"andeq r3, r0, r4, lsl r4",1
"andeq r4, r1, r0, lsr 16",1
"andeq r0, r0, r4, lsl pc",1
"andeq r4, r1, r4, lsr 16",1
"andeq r1, r0, r4, lsl r4",1
"strdeq r4, r5, [r1], -r0",1
"andeq r2, r0, r6, lsl r3",1
"strdeq r4, r5, [r1], -r4",1
"andeq r3, r0, r6, lsl r6",1
"strdeq r4, r5, [r1], -r8",1
"andeq r1, r0, r6, lsl lr",1
"strdeq r4, r5, [r1], -ip",1
"andeq r2, r0, r6, lsl r4",1
"andeq r4, r1, r0, lsl 14",1
"andeq r2, r0, r6, lsl sp",1
"andeq r4, r1, r4, lsl 14",1
"andeq r0, r0, r6, lsl r6",1
"andeq r4, r1, r8, lsl 14",1
"andeq r0, r0, r6, lsl r8",1
"andeq r4, r1, ip, lsl 14",1
"andeq r0, r0, r6, lsl sb",1
"andeq r4, r1, r0, lsl r7",1
"andeq r2, r0, r6, lsl r1",1
"andeq r4, r1, r4, lsl r7",1
"andeq r3, r0, r6, lsl r2",1
"andeq r4, r1, r8, lsl r7",1
"andeq r2, r0, r6, lsl r5",1
"andeq r4, r1, ip, lsl r7",1
"andeq r1, r0, r6, lsl sl",1
"andeq r4, r1, r0, lsr 14",1
"andeq r0, r0, r6, lsl sl",1
"andeq r4, r1, r4, lsr 14",1
"andeq r0, r0, r6, lsl lr",1
"andeq r4, r1, r8, lsr 14",1
"andeq r2, r0, r6, lsl r6",1
"andeq r4, r1, ip, lsr 14",1
"andeq r3, r0, r6, lsl r7",1
"andeq r4, r1, r0, lsr r7",1
"andeq r0, r0, r6, lsl r7",1
"andeq r4, r1, r4, lsr r7",1
"andeq r1, r0, r6, lsl r0",1
"andeq r4, r1, r8, lsr r7",1
"andeq r2, r0, r6, lsl r7",1
"andeq r4, r1, ip, lsr r7",1
"andeq r1, r0, r6, lsl pc",1
"andeq r4, r1, r0, asr 14",1
"andeq r1, r0, r6, lsl r3",1
"andeq r4, r1, r4, asr 14",1
"andeq r3, r0, r6, lsl r5",1
"andeq r4, r1, r8, asr 14",1
"andeq r1, r0, r6, lsl r1",1
"andeq r4, r1, ip, asr 14",1
"andeq r2, r0, r6, lsl sl",1
"andeq r4, r1, r0, asr r7",1
"andeq r0, r0, r6, lsl r3",1
"andeq r4, r1, r4, asr r7",1
"andeq r0, r0, r6, lsl ip",1
"andeq r4, r1, r8, asr r7",1
"andeq r2, r0, r6, lsl pc",1
"andeq r4, r1, ip, asr r7",1
"andeq r0, r0, r6, lsl r1",1
"andeq r4, r1, r0, ror 14",1
"andeq r3, r0, r6, lsl r0",1
"andeq r4, r1, r4, ror 14",1
"andeq r1, r0, r6, lsl sp",1
"andeq r4, r1, r8, ror 14",1
"andeq r1, r0, r6, lsl sb",1
"andeq r4, r1, ip, ror 14",1
"andeq r2, r0, r6, lsl r8",1
"andeq r4, r1, r0, ror r7",1
"andeq r0, r0, r6, lsl r5",1
"andeq r4, r1, r4, ror r7",1
"andeq r1, r0, r6, lsl fp",1
"andeq r4, r1, r8, ror r7",1
"andeq r2, r0, r6, lsl r0",1
"andeq r4, r1, ip, ror r7",1
"andeq r1, r0, r6, lsl ip",1
"andeq r4, r1, r0, lsl 15",1
"andeq r3, r0, r6, lsl r1",1
"andeq r4, r1, r4, lsl 15",1
"andeq r2, r0, r6, lsl fp",1
"andeq r4, r1, r8, lsl 15",1
"andeq r1, r0, r6, lsl r7",1
"andeq r4, r1, ip, lsl 15",1
"andeq r2, r0, r6, lsl ip",1
"muleq r1, r0, r7",1
"andeq r3, r0, r6, lsl r3",1
"muleq r1, r4, r7",1
"andeq r1, r0, r6, lsl r5",1
"muleq r1, r8, r7",1
"andeq r0, r0, r6, lsl r4",1
"muleq r1, ip, r7",1
"andeq r1, r0, r6, lsl r2",1
"andeq r4, r1, r0, lsr 15",1
"andeq r2, r0, r6, lsl r2",1
"andeq r4, r1, r4, lsr 15",1
"andeq r2, r0, r6, lsl lr",1
"andeq r4, r1, r8, lsr 15",1
"andeq r2, r0, r6, lsl sb",1
"andeq r4, r1, ip, lsr 15",1
"andeq r1, r0, r6, lsl r6",1
"strheq r4, [r1], -r0",1
"andeq r1, r0, r6, lsl r8",0
"push {r3, lr}",0
bl 0xeb0,0
"pop {r3, pc}",0
"str lr, [sp, -4]!",0
"ldr lr, [0x00000b4c]        ; [0xb4c:4]=0xbb98",0
"add lr, pc, lr",0
"ldr pc, [lr, 8]!",0
"muleq r0, r8, fp",0
"add ip, pc, 0, 12",0
"add ip, ip, 0xb000",0
"ldr pc, [ip, 0xb98]!",0
"add ip, pc, 0, 12",0
"add ip, ip, 0xb000",0
"ldr pc, [ip, 0xb90]!",0
"add ip, pc, 0, 12",0
"add ip, ip, 0xb000",0
"ldr pc, [ip, 0xb88]!",0
"add ip, pc, 0, 12",0
"add ip, ip, 0xb000",0
"ldr pc, [ip, 0xb80]!",0
"add ip, pc, 0, 12",0
"add ip, ip, 0xb000",0
"ldr pc, [ip, 0xb78]!",0
"add ip, pc, 0, 12",0
"add ip, ip, 0xb000",0
"ldr pc, [ip, 0xb70]!",0
"add ip, pc, 0, 12",0
"add ip, ip, 0xb000",0
"ldr pc, [ip, 0xb68]!",0
"add ip, pc, 0, 12",0
"add ip, ip, 0xb000",0
"ldr pc, [ip, 0xb60]!",0
"add ip, pc, 0, 12",0
"add ip, ip, 0xb000",0
"ldr pc, [ip, 0xb58]!",0
"add ip, pc, 0, 12",0
"add ip, ip, 0xb000",0
"ldr pc, [ip, 0xb50]!",0
"add ip, pc, 0, 12",0
"add ip, ip, 0xb000",0
"ldr pc, [ip, 0xb48]!",0
"add ip, pc, 0, 12",0
"add ip, ip, 0xb000",0
"ldr pc, [ip, 0xb40]!",0
"add ip, pc, 0, 12",0
"add ip, ip, 0xb000",0
"ldr pc, [ip, 0xb38]!",0
"add ip, pc, 0, 12",0
"add ip, ip, 0xb000",0
"ldr pc, [ip, 0xb30]!",0
"add ip, pc, 0, 12",0
"add ip, ip, 0xb000",0
"ldr pc, [ip, 0xb28]!",0
"add ip, pc, 0, 12",0
"add ip, ip, 0xb000",0
"ldr pc, [ip, 0xb20]!",0
"add ip, pc, 0, 12",0
"add ip, ip, 0xb000",0
"ldr pc, [ip, 0xb18]!",0
"add ip, pc, 0, 12",0
"add ip, ip, 0xb000",0
"ldr pc, [ip, 0xb10]!",0
"add ip, pc, 0, 12",0
"add ip, ip, 0xb000",0
"ldr pc, [ip, 0xb08]!",0
"add ip, pc, 0, 12",0
"add ip, ip, 0xb000",0
"ldr pc, [ip, 0xb00]!",0
"add ip, pc, 0, 12",0
"add ip, ip, 0xb000",0
"ldr pc, [ip, 0xaf8]!",0
"add ip, pc, 0, 12",0
"add ip, ip, 0xb000",0
"ldr pc, [ip, 0xaf0]!",0
"add ip, pc, 0, 12",0
"add ip, ip, 0xb000",0
"ldr pc, [ip, 0xae8]!",0
"add ip, pc, 0, 12",0
"add ip, ip, 0xb000",0
"ldr pc, [ip, 0xae0]!",0
"add ip, pc, 0, 12",0
"add ip, ip, 0xb000",0
"ldr pc, [ip, 0xad8]!",0
"add ip, pc, 0, 12",0
"add ip, ip, 0xb000",0
"ldr pc, [ip, 0xad0]!",0
"add ip, pc, 0, 12",0
"add ip, ip, 0xb000",0
"ldr pc, [ip, 0xac8]!",0
"add ip, pc, 0, 12",0
"add ip, ip, 0xb000",0
"ldr pc, [ip, 0xac0]!",0
"add ip, pc, 0, 12",0
"add ip, ip, 0xb000",0
"ldr pc, [ip, 0xab8]!",0
"add ip, pc, 0, 12",0
"add ip, ip, 0xb000",0
"ldr pc, [ip, 0xab0]!",0
"add ip, pc, 0, 12",0
"add ip, ip, 0xb000",0
"ldr pc, [ip, 0xaa8]!",0
"add ip, pc, 0, 12",0
"add ip, ip, 0xb000",0
"ldr pc, [ip, 0xaa0]!",0
"add ip, pc, 0, 12",0
"add ip, ip, 0xb000",0
"ldr pc, [ip, 0xa98]!",0
"add ip, pc, 0, 12",0
"add ip, ip, 0xb000",0
"ldr pc, [ip, 0xa90]!",0
"add ip, pc, 0, 12",0
"add ip, ip, 0xb000",0
"ldr pc, [ip, 0xa88]!",0
"add ip, pc, 0, 12",0
"add ip, ip, 0xb000",0
"ldr pc, [ip, 0xa80]!",0
"add ip, pc, 0, 12",0
"add ip, ip, 0xb000",0
"ldr pc, [ip, 0xa78]!",0
"add ip, pc, 0, 12",0
"add ip, ip, 0xb000",0
"ldr pc, [ip, 0xa70]!",0
"add ip, pc, 0, 12",0
"add ip, ip, 0xb000",0
"ldr pc, [ip, 0xa68]!",0
"add ip, pc, 0, 12",0
"add ip, ip, 0xb000",0
"ldr pc, [ip, 0xa60]!",0
"add ip, pc, 0, 12",0
"add ip, ip, 0xb000",0
"ldr pc, [ip, 0xa58]!",0
"add ip, pc, 0, 12",0
"add ip, ip, 0xb000",0
"ldr pc, [ip, 0xa50]!",0
"add ip, pc, 0, 12",0
"add ip, ip, 0xb000",0
"ldr pc, [ip, 0xa48]!",0
"add ip, pc, 0, 12",0
"add ip, ip, 0xb000",0
"ldr pc, [ip, 0xa40]!",0
"add ip, pc, 0, 12",0
"add ip, ip, 0xb000",0
"ldr pc, [ip, 0xa38]!",0
"add ip, pc, 0, 12",0
"add ip, ip, 0xb000",0
"ldr pc, [ip, 0xa30]!",0
"add ip, pc, 0, 12",0
"add ip, ip, 0xb000",0
"ldr pc, [ip, 0xa28]!",0
"add ip, pc, 0, 12",0
"add ip, ip, 0xb000",0
"ldr pc, [ip, 0xa20]!",0
"add ip, pc, 0, 12",0
"add ip, ip, 0xb000",0
"ldr pc, [ip, 0xa18]!",0
"push {r4, lr}",0
"cmp r0, 2",0
"sub sp, sp, 8",0
"mov r4, r1",0
beq 0xdb8,0
"mov r0, 1",0
bl 0xcac,0
"ldr r0, [r1]",0
bl 0x12d8,0
"ldr r1, [0x00000e48]        ; [0xe48:4]=0xbef8",0
"mov r0, 6",0
bl 0xd48,0
"ldr r1, [0x00000e4c]        ; [0xe4c:4]=0xc10c",0
"ldr r0, [0x00000e50]        ; [0xe50:4]=0xc048",0
bl 0xd6c,0
"ldr r0, [0x00000e50]        ; [0xe50:4]=0xc048",0
bl 0xbec,0
"ldr r0, [0x00000e54]        ; [0xe54:4]=0x9154",0
bl 0x3e50,0
"ldr r4, [r4, 4]",0
"ldr r1, [0x00000e58]        ; [0xe58:4]=0xc13c",0
"mov r0, r4",0
bl 0xb80,0
"cmp r0, 0",0
beq 0xe40,0
"mov r0, r4",0
"ldr r1, [0x00000e5c]        ; [0xe5c:4]=0xc144",0
bl 0xb80,0
"cmp r0, 0",0
bne 0xdb0,0
"ldr r3, [0x00000e60]        ; [0xe60:4]=0xc150",0
"str r0, [sp, 4]",0
"str r3, [sp]",0
"ldr r3, [0x00000e64]        ; [0xe64:4]=0x14824",0
"ldr r1, [0x00000e68]        ; [0xe68:4]=0xc024",0
"ldr r0, [r3]",0
"ldr r3, [0x00000e6c]        ; [0xe6c:4]=0x147c4",0
"ldr r2, [0x00000e70]        ; [0xe70:4]=0xc044",0
"ldr r3, [r3]",0
bl 0x3298,0
b 0xdb0,0
"mov r0, 1",0
bl 0xfa8,0
"strdeq fp, ip, [r0], -r8",0
"andeq ip, r0, ip, lsl 2",0
"andeq ip, r0, r8, asr 32",0
"andeq sb, r0, r4, asr r1",0
"andeq ip, r0, ip, lsr r1",0
"andeq ip, r0, r4, asr 2",0
"andeq ip, r0, r0, asr r1",0
"andeq r4, r1, r4, lsr 16",0
"andeq ip, r0, r4, lsr 32",0
"andeq r4, r1, r4, asr 15",0
"andeq ip, r0, r4, asr 32",0
"mov fp, 0",0
"mov lr, 0",0
pop {r1},0
"mov r2, sp",0
"str r2, [sp, -4]!",0
"str r0, [sp, -4]!",0
"ldr ip, [0x00000ea4]        ; [0xea4:4]=0xbe4c",0
"str ip, [sp, -4]!",0
"ldr r0, [0x00000ea8]        ; [0xea8:4]=0x8d9c",0
"ldr r3, [0x00000eac]        ; [0xeac:4]=0xbde8",0
bl 0xc7c,0
bl 0xd84,0
"andeq fp, r0, ip, asr 28",0
"muleq r0, ip, sp",0
"andeq fp, r0, r8, ror 27",0
"ldr r3, [0x00000ecc]        ; [0xecc:4]=0xb824",0
"ldr r2, [0x00000ed0]        ; [0xed0:4]=208",0
"add r3, pc, r3",0
"ldr r2, [r3, r2]",0
"cmp r2, 0",0
bxeq lr,0
b 0xc94,0
"andeq fp, r0, r4, lsr 16",0
"ldrdeq r0, r1, [r0], -r0",0
"push {r3, lr}",0
"ldr r0, [0x00000f00]        ; [0xf00:4]=0x1480c",0
"ldr r3, [0x00000f04]        ; [0xf04:4]=0x1480f",0
"rsb r3, r0, r3",0
"cmp r3, 6",0
"popls {r3, pc}",0
"ldr r3, [0x00000f08]        ; [0xf08:4]=0",0
"cmp r3, 0",0
"popeq {r3, pc}",0
blx r3,0
"pop {r3, pc}",0
"andeq r4, r1, ip, lsl 16",0
"andeq r4, r1, pc, lsl 16",0
"andeq r0, r0, r0",0
"ldr r0, [0x00000f40]        ; [0xf40:4]=0x1480c",0
"ldr r1, [0x00000f44]        ; [0xf44:4]=0x1480c",0
"push {r3, lr}",0
"rsb r1, r0, r1",0
"asr r1, r1, 2",0
"add r1, r1, r1, lsr 31",0
"asrs r1, r1, 1",0
"popeq {r3, pc}",0
"ldr r3, [0x00000f48]        ; [0xf48:4]=0",0
"cmp r3, 0",0
"popeq {r3, pc}",0
blx r3,0
"pop {r3, pc}",0
"andeq r4, r1, ip, lsl 16",0
"andeq r4, r1, ip, lsl 16",0
"andeq r0, r0, r0",0
"push {r4, lr}",0
"ldr r4, [0x00000f70]        ; [0xf70:4]=0x14828",0
"ldrb r3, [r4]",0
"cmp r3, 0",0
"popne {r4, pc}",0
bl 0xed4,0
"mov r3, 1",0
"strb r3, [r4]",0
"pop {r4, pc}",0
"andeq r4, r1, r8, lsr 16",0
"ldr r0, [0x00000fa0]        ; [0xfa0:4]=0x145f8",0
"push {r3, lr}",0
"ldr r3, [r0]",0
"cmp r3, 0",0
beq 0xf98,0
"ldr r3, [0x00000fa4]        ; [0xfa4:4]=0",0
"cmp r3, 0",0
beq 0xf98,0
blx r3,0
"pop {r3, lr}",0
b 0xf0c,0
"strdeq r4, r5, [r1], -r8",0
"andeq r0, r0, r0",0
"push {r3, lr}",0
"ldr r1, [0x000010f8]        ; [0x10f8:4]=0xbe88",0
"mov r2, 5",0
"mov r6, r0",0
"mov r0, 0",0
bl 0xbd4,0
"ldr r4, [0x000010fc]        ; [0x10fc:4]=0x14834",0
"mov r1, r0",0
"ldr r2, [r4]",0
"mov r0, 1",0
"mov r3, r2",0
bl 0xd00,0
"ldr r1, [0x00001100]        ; [0x1100:4]=0xbec8",0
"mov r2, 5",0
"mov r0, 0",0
bl 0xbd4,0
"ldr r5, [0x00001104]        ; [0x1104:4]=0x14824",0
"mov r2, r0",0
"ldr r1, [0x00001108]        ; [0x1108:4]=0xbef4",0
"mov r0, 1",0
bl 0xd00,0
"mov r2, 5",0
"ldr r1, [0x0000110c]        ; [0x110c:4]=0xbefc",0
"mov r0, 0",0
bl 0xbd4,0
"ldr r1, [r5]",0
bl 0xb68,0
"mov r2, 5",0
"ldr r1, [0x00001110]        ; [0x1110:4]=0xbf2c",0
"mov r0, 0",0
bl 0xbd4,0
"ldr r1, [r5]",0
bl 0xb68,0
"ldr r1, [0x00001114]        ; [0x1114:4]=0xbf64",0
"mov r2, 5",0
"mov r0, 0",0
bl 0xbd4,0
"ldr r2, [0x00001118]        ; [0x1118:4]=0xc024",0
"mov r1, r0",0
"mov r0, 1",0
bl 0xd00,0
"ldr r1, [0x0000111c]        ; [0x111c:4]=0xc02c",0
"mov r2, 5",0
"mov r0, 0",0
bl 0xbd4,0
"ldr r2, [0x00001120]        ; [0x1120:4]=0xc044",0
"mov r1, r0",0
"ldr r3, [0x00001124]        ; [0x1124:4]=0xc054",0
"mov r0, 1",0
bl 0xd00,0
"mov r0, 5",0
"mov r1, 0",0
bl 0xd48,0
"cmp r0, 0",0
beq 0x10c4,0
"ldr r1, [0x00001128]        ; [0x1128:4]=0xc07c",0
"mov r2, 3",0
bl 0xd78,0
"cmp r0, 0",0
beq 0x10c4,0
"ldr r1, [0x0000112c]        ; [0x112c:4]=0xc080",0
"mov r2, 5",0
"mov r0, 0",0
bl 0xbd4,0
"mov r5, r0",0
"ldr r0, [r4]",0
bl 0x123c,0
"mov r1, r5",0
"mov r2, r0",0
"mov r0, 1",0
bl 0xd00,0
"ldr r1, [0x00001130]        ; [0x1130:4]=0xc0c8",0
"mov r2, 5",0
"mov r0, 0",0
bl 0xbd4,0
"mov r5, r0",0
"ldr r0, [r4]",0
bl 0x123c,0
"mov r1, r5",0
"mov r2, r0",0
"mov r0, 1",0
bl 0xd00,0
"mov r0, r6",0
bl 0xcac,0
"andeq fp, r0, r8, lsl 29",0
"andeq r4, r1, r4, lsr r8",0
"andeq fp, r0, r8, asr 29",0
"andeq r4, r1, r4, lsr 16",0
"strdeq fp, ip, [r0], -r4",0
"strdeq fp, ip, [r0], -ip",0
"andeq fp, r0, ip, lsr 30",0
"andeq fp, r0, r4, ror 30",0
"andeq ip, r0, r4, lsr 32",0
"andeq ip, r0, ip, lsr 32",0
"andeq ip, r0, r4, asr 32",0
"andeq ip, r0, r4, asr r0",0
"andeq ip, r0, ip, ror r0",0
"andeq ip, r0, r0, lsl 1",0
"andeq ip, r0, r8, asr 1",0
"ldr r3, [0x00001140]        ; [0x1140:4]=0x1482c",0
"str r0, [r3]",0
bx lr,0
"andeq r4, r1, ip, lsr 16",0
"ldr r3, [0x00001150]        ; [0x1150:4]=0x1482c",0
"strb r0, [r3, 4]",0
bx lr,0
"andeq r4, r1, ip, lsr 16",0
"push {r4, r5, r6, lr}",0
"ldr r3, [0x00001220]        ; [0x1220:4]=0x14824",0
"sub sp, sp, 8",0
"ldr r0, [r3]",0
bl 0x37b0,0
"cmp r0, 0",0
beq 0x1190,0
"ldr r4, [0x00001224]        ; [0x1224:4]=0x1482c",0
"ldrb r3, [r4, 4]",0
"cmp r3, 0",0
beq 0x11ac,0
bl 0xcd0,0
"ldr r3, [r0]",0
"cmp r3, 0x20",0
bne 0x11ac,0
"ldr r3, [0x00001228]        ; [0x1228:4]=0x14820",0
"ldr r0, [r3]",0
bl 0x37b0,0
"cmp r0, 0",0
bne 0x11f4,0
"add sp, sp, 8",0
"pop {r4, r5, r6, pc}",0
"mov r0, 0",0
"ldr r1, [0x0000122c]        ; [0x122c:4]=0xc168",0
"mov r2, 5",0
bl 0xbd4,0
"ldr r4, [r4]",0
"mov r5, r0",0
"cmp r4, 0",0
beq 0x1200,0
bl 0xcd0,0
"ldr r6, [r0]",0
"mov r0, r4",0
bl 0x2acc,0
"str r5, [sp]",0
"mov r3, r0",0
"mov r1, r6",0
"mov r0, 0",0
"ldr r2, [0x00001230]        ; [0x1230:4]=0xc174",0
bl 0xc4c,0
"ldr r3, [0x00001234]        ; [0x1234:4]=0x147c8",0
"ldr r0, [r3]",0
bl 0xba4,0
bl 0xcd0,0
"mov r3, r0",0
"ldr r1, [r3]",0
"mov r0, r4",0
"ldr r2, [0x00001238]        ; [0x1238:4]=0xc178",0
"mov r3, r5",0
bl 0xc4c,0
b 0x11f4,0
"andeq r4, r1, r4, lsr 16",0
"andeq r4, r1, ip, lsr 16",0
"andeq r4, r1, r0, lsr 16",0
"andeq ip, r0, r8, ror 2",0
"andeq ip, r0, r4, ror r1",0
"andeq r4, r1, r8, asr 15",0
"andeq ip, r0, r8, ror r1",0
"ldrb r3, [r0]",0
"cmp r3, 0x2f",0
bne 0x125c,0
"add r2, r0, 1",0
"mov r0, r2",0
"ldrb r3, [r2], 1",0
"cmp r3, 0x2f",0
beq 0x124c,0
"cmp r3, 0",0
bxeq lr,0
"mov r1, r0",0
"mov r2, 0",0
"cmp r3, 0x2f",0
"moveq r2, 1",0
beq 0x1284,0
"cmp r2, 0",0
"movne r0, r1",0
"movne r2, 0",0
"ldrb r3, [r1, 1]!",0
"cmp r3, 0",0
bne 0x126c,0
bx lr,0
"push {r4, lr}",0
"mov r4, r0",0
bl 0xcb8,0
"cmp r0, 1",0
"popls {r4, pc}",0
"add r3, r4, r0",0
"ldrb r2, [r3, -1]",0
"cmp r2, 0x2f",0
"popne {r4, pc}",0
"sub r0, r0, 1",0
"cmp r0, 1",0
"sub r3, r3, 1",0
"popeq {r4, pc}",0
"ldrb r2, [r3, -1]",0
"cmp r2, 0x2f",0
beq 0x12b8,0
"pop {r4, pc}",0
"push {r4, r5, r6, lr}",0
"subs r4, r0, 0",0
beq 0x1354,0
"mov r1, 0x2f                ; '/'",0
bl 0xd54,0
"subs r5, r0, 0",0
beq 0x1340,0
"add r6, r5, 1",0
"rsb r3, r4, r6",0
"cmp r3, 6",0
ble 0x1340,0
"sub r0, r5, 6",0
"ldr r1, [0x00001370]        ; [0x1370:4]=0xc1b4",0
"mov r2, 7",0
bl 0xd78,0
"cmp r0, 0",0
bne 0x1340,0
"mov r0, r6",0
"ldr r1, [0x00001374]        ; [0x1374:4]=0xc1bc",0
"mov r2, 3",0
bl 0xd78,0
"cmp r0, 0",0
"ldreq r3, [0x00001378]      ; [0x1378:4]=0x14810",0
"addeq r4, r5, 4",0
"streq r4, [r3]",0
"movne r4, r6",0
"ldr r3, [0x0000137c]        ; [0x137c:4]=0x14834",0
"str r4, [r3]",0
"ldr r3, [0x00001380]        ; [0x1380:4]=0x14818",0
"str r4, [r3]",0
"pop {r4, r5, r6, pc}",0
"ldr r3, [0x00001384]        ; [0x1384:4]=0x14820",0
"mov r1, 1",0
"mov r2, 0x37                ; '7'",0
"ldr r3, [r3]",0
"ldr r0, [0x00001388]        ; [0x1388:4]=0xc17c",0
bl 0xc04,0
bl 0xd84,0
"strheq ip, [r0], -r4",0
"strheq ip, [r0], -ip",0
"andeq r4, r1, r0, lsl r8",0
"andeq r4, r1, r4, lsr r8",0
"andeq r4, r1, r8, lsl r8",0
"andeq r4, r1, r0, lsr 16",0
"andeq ip, r0, ip, ror r1",0
"push {r3, r4, r5, lr}",0
"mov r4, r0",0
"mov r5, r1",0
bl 0x3834,0
"ldrb r2, [r0]",0
"bic r2, r2, 0x20",0
"cmp r2, 0x55",0
bne 0x140c,0
"ldrb r2, [r0, 1]",0
"bic r2, r2, 0x20",0
"cmp r2, 0x54",0
bne 0x143c,0
"ldrb r2, [r0, 2]",0
"bic r2, r2, 0x20",0
"cmp r2, 0x46",0
bne 0x143c,0
"ldrb r2, [r0, 3]",0
"cmp r2, 0x2d",0
bne 0x143c,0
"ldrb r2, [r0, 4]",0
"cmp r2, 0x38",0
bne 0x143c,0
"ldrb r3, [r0, 5]",0
"cmp r3, 0",0
bne 0x143c,0
"ldrb r0, [r4]",0
"ldr r3, [0x0000149c]        ; [0x149c:4]=0xc218",0
"ldr r2, [0x000014a0]        ; [0x14a0:4]=0xc204",0
"cmp r0, 0x60",0
"movne r0, r2",0
"moveq r0, r3",0
"pop {r3, r4, r5, pc}",0
"cmp r2, 0x47",0
bne 0x143c,0
"ldrb r2, [r0, 1]",0
"bic r2, r2, 0x20",0
"cmp r2, 0x42",0
bne 0x143c,0
"ldrb r2, [r0, 2]",0
"cmp r2, 0x31",0
bne 0x143c,0
"ldrb r2, [r0, 3]",0
"cmp r2, 0x38",0
beq 0x1450,0
"ldr r3, [0x000014a4]        ; [0x14a4:4]=0xc210",0
"cmp r5, 7",0
"ldr r0, [0x000014a8]        ; [0x14a8:4]=0xc20c",0
"moveq r0, r3",0
"pop {r3, r4, r5, pc}",0
"ldrb r2, [r0, 4]",0
"cmp r2, 0x30",0
bne 0x143c,0
"ldrb r2, [r0, 5]",0
"cmp r2, 0x33",0
bne 0x143c,0
"ldrb r2, [r0, 6]",0
"cmp r2, 0x30",0
bne 0x143c,0
"ldrb r3, [r0, 7]",0
"cmp r3, 0",0
bne 0x143c,0
"ldrb r0, [r4]",0
"ldr r3, [0x000014ac]        ; [0x14ac:4]=0xc214",0
"ldr r2, [0x000014b0]        ; [0x14b0:4]=0xc208",0
"cmp r0, 0x60",0
"movne r0, r2",0
"moveq r0, r3",0
"pop {r3, r4, r5, pc}",0
"andeq ip, r0, r8, lsl r2",0
"andeq ip, r0, r4, lsl 4",0
"andeq ip, r0, r0, lsl r2",0
"andeq ip, r0, ip, lsl 4",0
"andeq ip, r0, r4, lsl r2",0
"andeq ip, r0, r8, lsl 4",0
"push {r4, r5, r6, r7, r8, sb, sl, fp, lr}",0
"sub sp, sp, 0x84",0
"mov sb, r3",0
"str r0, [sp, 0x24]",0
"mov fp, r1",0
"mov sl, r2",0
bl 0xc1c,0
"ldr ip, [sp, 0xac]",0
"str r0, [sp, 0x40]",0
"lsr r3, ip, 1",0
"ldr ip, [sp, 0xa8]",0
"and r3, r3, 1",0
"str r3, [sp, 0x20]",0
"cmp ip, 8",0
"ldrls pc, [pc, ip, lsl 2]   ; [0x14f4:4]=0x95d4",0
b 0x15d0,0
"ldrdeq sb, sl, [r0], -r4",0
"andeq sb, r0, r8, lsl 27",0
"strheq sb, [r0], -ip",0
"andeq sb, r0, r4, lsl 28",0
"andeq sb, r0, r0, asr lr",0
"andeq sb, r0, r4, lsl 29",0
"andeq sb, r0, r8, lsl r5",0
"andeq sb, r0, r8, lsl r5",0
"andeq sb, r0, r8, lsl r5",0
"cmp ip, 8",0
beq 0x1560,0
"ldr r4, [0x00002210]        ; [0x2210:4]=0xc21c",0
"mov r0, 0",0
"mov r1, r4",0
"mov r2, 5",0
bl 0xbd4,0
"cmp r0, r4",0
"str r0, [sp, 0xb4]",0
beq 0x21ac,0
"ldr r4, [0x00002214]        ; [0x2214:4]=0xc20c",0
"mov r0, 0",0
"mov r1, r4",0
"mov r2, 5",0
bl 0xbd4,0
"cmp r0, r4",0
"str r0, [sp, 0xb8]",0
beq 0x219c,0
"ldr ip, [sp, 0x20]",0
"cmp ip, 0",0
"movne r4, 0",0
bne 0x15a4,0
"ldr r0, [sp, 0xb4]",0
"ldrb r3, [r0]",0
"cmp r3, 0",0
beq 0x2194,0
"ldr r1, [sp, 0x24]",0
"mov r2, r0",0
"mov r4, ip",0
"cmp fp, r4",0
"strbhi r3, [r1, r4]",0
"ldrb r3, [r2, 1]!",0
"add r4, r4, 1",0
"cmp r3, 0",0
bne 0x158c,0
"ldr r0, [sp, 0xb8]",0
bl 0xcb8,0
"ldr ip, [sp, 0xb8]",0
"str r0, [sp, 0x1c]",0
"str ip, [sp, 0x34]",0
"mov ip, 1",0
"str ip, [sp, 0x28]",0
"mov r3, 0",0
"mov ip, r0",0
"ldr r0, [sp, 0x28]",0
b 0x15f4,0
bl 0xd84,0
"mov ip, 0",0
"str ip, [sp, 0x20]",0
"mov r3, 1",0
"str ip, [sp, 0x28]",0
"str ip, [sp, 0x1c]",0
"str ip, [sp, 0x34]",0
"mov r4, ip",0
"mov r0, ip",0
"adds ip, ip, 0",0
"movne ip, 1",0
"str ip, [sp, 0x3c]",0
"ldr ip, [sp, 0xa8]",0
"mov r5, 0",0
"subs r2, ip, 2",0
"rsbs ip, r2, 0",0
"adcs ip, ip, r2",0
"str ip, [sp, 0x38]",0
"ldr ip, [sp, 0x20]",0
"eor ip, ip, 1",0
"str ip, [sp, 0x44]",0
"ldr ip, [sp, 0x3c]",0
"and r8, ip, r0",0
"ldr ip, [sp, 0xac]",0
"and ip, ip, 1",0
"str ip, [sp, 0x58]",0
"ldr ip, [sp, 0xac]",0
"and ip, ip, 4",0
"str ip, [sp, 0x5c]",0
"ldr ip, [sp, 0x20]",0
"and ip, ip, r0",0
"str ip, [sp, 0x50]",0
"ldr r0, [sp, 0x20]",0
"ldr ip, [sp, 0x38]",0
"and ip, ip, r0",0
"str ip, [sp, 0x30]",0
"ldr ip, [sp, 0x44]",0
"and r3, ip, r3",0
"sub ip, sl, 1",0
"str r3, [sp, 0x2c]",0
"str ip, [sp, 0x54]",0
"cmn sb, 1",0
beq 0x1a58,0
"subs r3, r5, sb",0
"movne r3, 1",0
"cmp r3, 0",0
beq 0x1a6c,0
"cmp r8, 0",0
"addeq r7, sl, r5",0
"streq r8, [sp, 0x18]",0
beq 0x1704,0
"ldr ip, [sp, 0x1c]",0
"cmp ip, 1",0
"movls r3, 0",0
"movhi r3, 1",0
"cmn sb, 1",0
"movne r3, 0",0
"cmp r3, 0",0
"add r6, r5, ip",0
beq 0x16cc,0
"mov r0, sl",0
bl 0xcb8,0
"mov sb, r0",0
"cmp sb, r6",0
"add r7, sl, r5",0
blo 0x1eac,0
"mov r0, r7",0
"ldr r1, [sp, 0x34]",0
"ldr r2, [sp, 0x1c]",0
bl 0xbc8,0
"cmp r0, 0",0
bne 0x1eac,0
"ldr ip, [sp, 0x20]",0
"cmp ip, 0",0
bne 0x1b18,0
"mov ip, 1",0
"str ip, [sp, 0x18]",0
"ldrb r6, [r7]",0
"cmp r6, 0x7e",0
"ldrls pc, [pc, r6, lsl 2]   ; [0x1714:4]=0x9bbc",0
b 0x1c3c,0
"strheq sb, [r0], -ip",0
"andeq sb, r0, ip, lsr ip",0
"andeq sb, r0, ip, lsr ip",0
"andeq sb, r0, ip, lsr ip",0
"andeq sb, r0, ip, lsr ip",0
"andeq sb, r0, ip, lsr ip",0
"andeq sb, r0, ip, lsr ip",0
"muleq r0, ip, fp",0
"muleq r0, r4, fp",0
"andeq sb, r0, ip, lsl 23",0
"andeq sb, r0, r8, ror 22",0
"andeq sb, r0, ip, lsr 23",0
"andeq sb, r0, r4, lsr 23",0
"strheq sb, [r0], -r4",0
"andeq sb, r0, ip, lsr ip",0
"andeq sb, r0, ip, lsr ip",0
"andeq sb, r0, ip, lsr ip",0
"andeq sb, r0, ip, lsr ip",0
"andeq sb, r0, ip, lsr ip",0
"andeq sb, r0, ip, lsr ip",0
"andeq sb, r0, ip, lsr ip",0
"andeq sb, r0, ip, lsr ip",0
"andeq sb, r0, ip, lsr ip",0
"andeq sb, r0, ip, lsr ip",0
"andeq sb, r0, ip, lsr ip",0
"andeq sb, r0, ip, lsr ip",0
"andeq sb, r0, ip, lsr ip",0
"andeq sb, r0, ip, lsr ip",0
"andeq sb, r0, ip, lsr ip",0
"andeq sb, r0, ip, lsr ip",0
"andeq sb, r0, ip, lsr ip",0
"andeq sb, r0, ip, lsr ip",0
"andeq sb, r0, ip, lsl 22",0
"andeq sb, r0, ip, lsl 22",0
"andeq sb, r0, ip, lsl 22",0
"andeq sb, r0, r4, lsl 22",0
"andeq sb, r0, ip, lsl 22",0
"ldrdeq sb, sl, [r0], -ip",0
"andeq sb, r0, ip, lsl 22",0
"andeq sb, r0, r0, lsr sp",0
"andeq sb, r0, ip, lsl 22",0
"andeq sb, r0, ip, lsl 22",0
"andeq sb, r0, ip, lsl 22",0
"ldrdeq sb, sl, [r0], -ip",0
"ldrdeq sb, sl, [r0], -ip",0
"ldrdeq sb, sl, [r0], -ip",0
"ldrdeq sb, sl, [r0], -ip",0
"ldrdeq sb, sl, [r0], -ip",0
"ldrdeq sb, sl, [r0], -ip",0
"ldrdeq sb, sl, [r0], -ip",0
"ldrdeq sb, sl, [r0], -ip",0
"ldrdeq sb, sl, [r0], -ip",0
"ldrdeq sb, sl, [r0], -ip",0
"ldrdeq sb, sl, [r0], -ip",0
"ldrdeq sb, sl, [r0], -ip",0
"ldrdeq sb, sl, [r0], -ip",0
"ldrdeq sb, sl, [r0], -ip",0
"ldrdeq sb, sl, [r0], -ip",0
"ldrdeq sb, sl, [r0], -ip",0
"andeq sb, r0, ip, lsl 22",0
"andeq sb, r0, ip, lsl 22",0
"andeq sb, r0, ip, lsl 22",0
"andeq sb, r0, ip, lsl 22",0
"andeq sb, r0, r0, lsl sb",0
"andeq sb, r0, ip, lsr ip",0
"ldrdeq sb, sl, [r0], -ip",0
"ldrdeq sb, sl, [r0], -ip",0
"ldrdeq sb, sl, [r0], -ip",0
"ldrdeq sb, sl, [r0], -ip",0
"ldrdeq sb, sl, [r0], -ip",0
"ldrdeq sb, sl, [r0], -ip",0
"ldrdeq sb, sl, [r0], -ip",0
"ldrdeq sb, sl, [r0], -ip",0
"ldrdeq sb, sl, [r0], -ip",0
"ldrdeq sb, sl, [r0], -ip",0
"ldrdeq sb, sl, [r0], -ip",0
"ldrdeq sb, sl, [r0], -ip",0
"ldrdeq sb, sl, [r0], -ip",0
"ldrdeq sb, sl, [r0], -ip",0
"ldrdeq sb, sl, [r0], -ip",0
"ldrdeq sb, sl, [r0], -ip",0
"ldrdeq sb, sl, [r0], -ip",0
"ldrdeq sb, sl, [r0], -ip",0
"ldrdeq sb, sl, [r0], -ip",0
"ldrdeq sb, sl, [r0], -ip",0
"ldrdeq sb, sl, [r0], -ip",0
"ldrdeq sb, sl, [r0], -ip",0
"ldrdeq sb, sl, [r0], -ip",0
"ldrdeq sb, sl, [r0], -ip",0
"ldrdeq sb, sl, [r0], -ip",0
"ldrdeq sb, sl, [r0], -ip",0
"andeq sb, r0, ip, lsl 22",0
"andeq sb, r0, r0, lsl sp",0
"ldrdeq sb, sl, [r0], -ip",0
"andeq sb, r0, ip, lsl 22",0
"ldrdeq sb, sl, [r0], -ip",0
"andeq sb, r0, ip, lsl 22",0
"ldrdeq sb, sl, [r0], -ip",0
"ldrdeq sb, sl, [r0], -ip",0
"ldrdeq sb, sl, [r0], -ip",0
"ldrdeq sb, sl, [r0], -ip",0
"ldrdeq sb, sl, [r0], -ip",0
"ldrdeq sb, sl, [r0], -ip",0
"ldrdeq sb, sl, [r0], -ip",0
"ldrdeq sb, sl, [r0], -ip",0
"ldrdeq sb, sl, [r0], -ip",0
"ldrdeq sb, sl, [r0], -ip",0
"ldrdeq sb, sl, [r0], -ip",0
"ldrdeq sb, sl, [r0], -ip",0
"ldrdeq sb, sl, [r0], -ip",0
"ldrdeq sb, sl, [r0], -ip",0
"ldrdeq sb, sl, [r0], -ip",0
"ldrdeq sb, sl, [r0], -ip",0
"ldrdeq sb, sl, [r0], -ip",0
"ldrdeq sb, sl, [r0], -ip",0
"ldrdeq sb, sl, [r0], -ip",0
"ldrdeq sb, sl, [r0], -ip",0
"ldrdeq sb, sl, [r0], -ip",0
"ldrdeq sb, sl, [r0], -ip",0
"ldrdeq sb, sl, [r0], -ip",0
"ldrdeq sb, sl, [r0], -ip",0
"ldrdeq sb, sl, [r0], -ip",0
"ldrdeq sb, sl, [r0], -ip",0
"andeq sb, r0, ip, ror 21",0
"andeq sb, r0, ip, lsl 22",0
"andeq sb, r0, ip, ror 21",0
"andeq sb, r0, r4, lsl 22",0
"ldr ip, [sp, 0xa8]",0
"cmp ip, 2",0
beq 0x20bc,0
"cmp ip, 3",0
bne 0x19dc,0
"ldr ip, [sp, 0x5c]",0
"cmp ip, 0",0
beq 0x19dc,0
"add r3, r5, 2",0
"cmp sb, r3",0
bls 0x19dc,0
"ldrb r2, [r7, 1]",0
"cmp r2, 0x3f",0
bne 0x19dc,0
"ldrb r0, [sl, r3]",0
"sub r1, r0, 0x21",0
"and ip, r1, 0xff",0
"cmp ip, 0x1d",0
bhi 0x19dc,0
"lsl r1, r1, 0x18",0
"asr ip, r1, 0x18",0
"mov r1, 1",0
"lsl ip, r1, ip",0
"ldr r1, [0x00002218]        ; [0x2218:4]=0x380051c1",0
"and r1, ip, r1",0
"cmp r1, 0",0
beq 0x19dc,0
"ldr ip, [sp, 0x20]",0
"cmp ip, 0",0
bne 0x1b18,0
"cmp r4, fp",0
"ldrlo ip, [sp, 0x24]",0
"mov r6, r0",0
"strblo r2, [ip, r4]",0
"add r2, r4, 1",0
"cmp fp, r2",0
"ldrhi ip, [sp, 0x24]",0
"movhi r1, 0x22              ; '""'",0
"strbhi r1, [ip, r2]",0
"add r2, r4, 2",0
"cmp fp, r2",0
"ldrhi ip, [sp, 0x24]",0
"movhi r1, 0x22              ; '""'",0
"strbhi r1, [ip, r2]",0
"add r2, r4, 3",0
"cmp fp, r2",0
"ldrhi ip, [sp, 0x24]",0
"movhi r1, 0x3f              ; '?'",0
"strbhi r1, [ip, r2]",0
"add r4, r4, 4",0
"mov r5, r3",0
"ldr ip, [sp, 0x2c]",0
"cmp ip, 0",0
bne 0x1a10,0
"ldr ip, [sp, 0xb0]",0
"cmp ip, 0",0
beq 0x1a10,0
"lsr r3, r6, 5",0
"and r3, r3, 0xff",0
"ldr r2, [ip, r3, lsl 2]",0
"and r3, r6, 0x1f",0
"lsr r3, r2, r3",0
"tst r3, 1",0
bne 0x1a1c,0
"ldr ip, [sp, 0x18]",0
"cmp ip, 0",0
beq 0x1a3c,0
"ldr ip, [sp, 0x20]",0
"cmp ip, 0",0
bne 0x1b18,0
"cmp r4, fp",0
"ldrlo ip, [sp, 0x24]",0
"movlo r0, 0x5c              ; '\'",0
"strblo r0, [ip, r4]",0
"add r4, r4, 1",0
"add r5, r5, 1",0
"cmp r4, fp",0
"ldrlo ip, [sp, 0x24]",0
"strblo r6, [ip, r4]",0
"cmn sb, 1",0
"add r4, r4, 1",0
bne 0x167c,0
"ldrb r3, [sl, r5]",0
"adds r3, r3, 0",0
"movne r3, 1",0
"cmp r3, 0",0
bne 0x168c,0
"ldr r3, [sp, 0x38]",0
"cmp r4, 0",0
"movne r3, 0",0
"andeq r3, r3, 1",0
"cmp r3, 0",0
beq 0x1a90,0
"ldr ip, [sp, 0x20]",0
"cmp ip, 0",0
bne 0x1b18,0
"ldr r3, [sp, 0x44]",0
"ldr ip, [sp, 0x34]",0
"cmp ip, 0",0
"moveq r3, 0",0
"andne r3, r3, 1",0
"cmp r3, 0",0
beq 0x1ad8,0
"ldrb r3, [ip]",0
"cmp r3, 0",0
beq 0x1ad8,0
"ldr r1, [sp, 0x24]",0
"mov r2, ip",0
"cmp fp, r4",0
"strbhi r3, [r1, r4]",0
"ldrb r3, [r2, 1]!",0
"add r4, r4, 1",0
"cmp r3, 0",0
bne 0x1ac0,0
"cmp r4, fp",0
"ldrlo ip, [sp, 0x24]",0
"movlo r3, 0",0
"strblo r3, [ip, r4]",0
b 0x1b5c,0
"cmn sb, 1",0
beq 0x20cc,0
"subs r3, sb, 1",0
"movne r3, 1",0
"cmp r3, 0",0
bne 0x19dc,0
"cmp r5, 0",0
bne 0x19dc,0
"ldr ip, [sp, 0x30]",0
"cmp ip, 0",0
beq 0x19dc,0
"ldr ip, [sp, 0xac]",0
"ldr r0, [sp, 0xb4]",0
"bic r3, ip, 2",0
"ldr ip, [sp, 0xa8]",0
"str r3, [sp, 4]",0
"str ip, [sp]",0
"ldr ip, [sp, 0xb8]",0
"mov r3, 0",0
"str r3, [sp, 8]",0
"str r0, [sp, 0xc]",0
"str ip, [sp, 0x10]",0
"ldr r0, [sp, 0x24]",0
"mov r1, fp",0
"mov r2, sl",0
"mov r3, sb",0
bl 0x14b4,0
"mov r4, r0",0
"mov r0, r4",0
"add sp, sp, 0x84",0
"pop {r4, r5, r6, r7, r8, sb, sl, fp, pc}",0
"mov r3, 0x6e                ; 'n'",0
"ldr ip, [sp, 0x30]",0
"cmp ip, 0",0
bne 0x1b18,0
"ldr ip, [sp, 0x28]",0
"cmp ip, 0",0
beq 0x19dc,0
"mov r6, r3",0
b 0x1a1c,0
"mov r3, 0x74                ; 't'",0
b 0x1b6c,0
"mov r3, 0x62                ; 'b'",0
b 0x1b78,0
"mov r3, 0x61                ; 'a'",0
b 0x1b78,0
"mov r3, 0x66                ; 'f'",0
b 0x1b78,0
"mov r3, 0x76                ; 'v'",0
b 0x1b78,0
"mov r3, 0x72                ; 'r'",0
b 0x1b6c,0
"ldr ip, [sp, 0x28]",0
"cmp ip, 0",0
beq 0x20a8,0
"ldr ip, [sp, 0x20]",0
"cmp ip, 0",0
bne 0x1b18,0
"cmp r4, fp",0
"ldrlo ip, [sp, 0x24]",0
"movlo r0, 0x5c              ; '\'",0
"add r3, r5, 1",0
"strblo r0, [ip, r4]",0
"cmp sb, r3",0
"add r2, r4, 1",0
bls 0x1c30,0
"ldrb r3, [sl, r3]",0
"cmp r3, 0x2f",0
bls 0x1c30,0
"cmp r3, 0x39",0
bhi 0x1c30,0
"cmp fp, r2",0
"ldrhi ip, [sp, 0x24]",0
"movhi r3, 0x30              ; '0'",0
"strbhi r3, [ip, r2]",0
"add r3, r4, 2",0
"cmp fp, r3",0
"ldrhi ip, [sp, 0x24]",0
"movhi r2, 0x30              ; '0'",0
"strbhi r2, [ip, r3]",0
"add r2, r4, 3",0
"mov r4, r2",0
"mov r6, 0x30                ; '0'",0
b 0x19e8,0
"ldr ip, [sp, 0x40]",0
"cmp ip, 1",0
bne 0x1eb8,0
bl 0xca0,0
"ldr r2, [r0]",0
"lsl r3, r6, 1",0
"ldrh r3, [r2, r3]",0
"ldr ip, [sp, 0x40]",0
"lsr r3, r3, 0xe",0
"str ip, [sp, 0x4c]",0
"eor r3, r3, 1",0
"ldr ip, [sp, 0x28]",0
"and r3, r3, 1",0
"and r3, ip, r3",0
"cmp r3, 0",0
beq 0x19dc,0
"ldr r0, [sp, 0x4c]",0
"add r1, r5, r0",0
"ldr ip, [sp, 0x20]",0
"cmp ip, 0",0
bne 0x1b18,0
"ldr ip, [sp, 0x24]",0
"add r3, r4, 3",0
"add r2, ip, r4",0
"mov r0, ip",0
b 0x1cbc,0
"cmp fp, r3",0
"strbhi r6, [r2, 3]",0
"ldrb r6, [r7, 1]!",0
"add r4, r4, 4",0
"add r3, r3, 4",0
"add r2, r2, 4",0
"cmp fp, r4",0
"movhi ip, 0x5c              ; '\'",0
"strbhi ip, [r0, r4]",0
"add ip, r4, 1",0
"cmp fp, ip",0
"lsrhi ip, r6, 6",0
"addhi ip, ip, 0x30",0
"strbhi ip, [r2, 1]",0
"add ip, r4, 2",0
"cmp ip, fp",0
"lsrlo ip, r6, 3",0
"andlo ip, ip, 7",0
"addlo ip, ip, 0x30",0
"strblo ip, [r2, 2]",0
"add r5, r5, 1",0
"and r6, r6, 7",0
"cmp r5, r1",0
"add r6, r6, 0x30",0
blo 0x1ca4,0
"mov r4, r3",0
b 0x1a40,0
"ldr ip, [sp, 0x50]",0
"cmp ip, 0",0
beq 0x1d28,0
"ldr ip, [sp, 0x3c]",0
"cmp ip, 0",0
bne 0x1a3c,0
"mov r3, 0x5c                ; '\'",0
b 0x1b6c,0
"ldr ip, [sp, 0x38]",0
"cmp ip, 0",0
beq 0x19dc,0
"ldr ip, [sp, 0x20]",0
"cmp ip, 0",0
bne 0x1b18,0
"cmp r4, fp",0
"ldrlo ip, [sp, 0x24]",0
"movlo r3, 0x27              ; '''",0
"strblo r3, [ip, r4]",0
"add r3, r4, 1",0
"cmp fp, r3",0
"ldrhi ip, [sp, 0x24]",0
"movhi r0, 0x5c              ; '\'",0
"strbhi r0, [ip, r3]",0
"add r3, r4, 2",0
"cmp fp, r3",0
"ldrhi ip, [sp, 0x24]",0
"movhi r2, 0x27              ; '''",0
"strbhi r2, [ip, r3]",0
"add r4, r4, 3",0
b 0x19dc,0
"mov ip, 0",0
"str ip, [sp, 0x28]",0
"ldr ip, [0x00002214]        ; [0x2214:4]=0xc20c",0
"mov r3, 1",0
"str ip, [sp, 0x34]",0
"mov ip, 2",0
"str ip, [sp, 0xa8]",0
"str r3, [sp, 0x20]",0
"str r3, [sp, 0x1c]",0
"mov r4, 0",0
"mov ip, r3",0
"ldr r0, [sp, 0x28]",0
b 0x15f4,0
"mov ip, r3",0
"cmp ip, 0",0
"mov r3, 1",0
bne 0x21bc,0
"cmp fp, 0",0
beq 0x20ec,0
"ldr ip, [sp, 0x24]",0
"mov r2, 0x27                ; '''",0
"strb r2, [ip]",0
"ldr ip, [sp, 0x20]",0
"str r3, [sp, 0x1c]",0
"str ip, [sp, 0x28]",0
"ldr ip, [0x00002214]        ; [0x2214:4]=0xc20c",0
"mov r4, r3",0
"str ip, [sp, 0x34]",0
"ldr r0, [sp, 0x28]",0
"mov ip, r3",0
b 0x15f4,0
"cmp r3, 0",0
bne 0x21e0,0
"mov ip, 1",0
"cmp fp, 0",0
"str ip, [sp, 0x28]",0
"moveq r3, fp",0
beq 0x1e34,0
"ldr ip, [sp, 0x24]",0
"mov r3, 0x22                ; '""'",0
"strb r3, [ip]",0
"ldr r3, [sp, 0x20]",0
"mov ip, 1",0
"str ip, [sp, 0x1c]",0
"ldr ip, [0x0000221c]        ; [0x221c:4]=0xc210",0
"mov r4, 1",0
"str ip, [sp, 0x34]",0
"ldr r0, [sp, 0x28]",0
"ldr ip, [sp, 0x1c]",0
b 0x15f4,0
"mov ip, 1",0
"str ip, [sp, 0x28]",0
"str ip, [sp, 0x1c]",0
"str ip, [sp, 0x20]",0
"ldr ip, [0x0000221c]        ; [0x221c:4]=0xc210",0
"mov r3, 0",0
"str ip, [sp, 0x34]",0
"mov ip, 3",0
"str ip, [sp, 0xa8]",0
"mov r4, r3",0
"ldr ip, [sp, 0x1c]",0
"ldr r0, [sp, 0x28]",0
b 0x15f4,0
"mov ip, 1",0
"mov r3, 0",0
"str ip, [sp, 0x28]",0
"str r3, [sp, 0x20]",0
"str r3, [sp, 0x1c]",0
"str r3, [sp, 0x34]",0
"mov r4, r3",0
"mov ip, r3",0
"ldr r0, [sp, 0x28]",0
b 0x15f4,0
"mov ip, 0",0
"str ip, [sp, 0x18]",0
b 0x1704,0
"mov r0, 0",0
"cmn sb, 1",0
"str r0, [sp, 0x78]",0
"str r0, [sp, 0x7c]",0
beq 0x20dc,0
"mov r0, 0",0
"mov ip, 1",0
"str r7, [sp, 0x6c]",0
"str ip, [sp, 0x48]",0
"mov r7, r5",0
"str r0, [sp, 0x4c]",0
"str r4, [sp, 0x60]",0
"str r6, [sp, 0x64]",0
"str r8, [sp, 0x68]",0
"mov r5, r0",0
"add r4, r5, r7",0
"add r6, sl, r4",0
"add r0, sp, 0x74",0
"mov r1, r6",0
"rsb r2, r4, sb",0
"add r3, sp, 0x78",0
bl 0xc40,0
"subs r8, r0, 0",0
beq 0x2018,0
"cmn r8, 1",0
beq 0x210c,0
"cmn r8, 2",0
beq 0x212c,0
"ldr ip, [sp, 0x30]",0
"cmp ip, 0",0
beq 0x1fec,0
"cmp r8, 1",0
bls 0x1fec,0
"ldr ip, [sp, 0x54]",0
"add r3, ip, r8",0
"add r4, r3, r4",0
"ldrb r3, [r6, 1]!",0
"sub r3, r3, 0x5b",0
"cmp r3, 0x21",0
"ldrls pc, [pc, r3, lsl 2]   ; [0x1f5c:4]=0x9b18",0
b 0x1fe4,0
"andeq sb, r0, r8, lsl fp",0
"andeq sb, r0, r8, lsl fp",0
"andeq sb, r0, r4, ror 31",0
"andeq sb, r0, r8, lsl fp",0
"andeq sb, r0, r4, ror 31",0
"andeq sb, r0, r8, lsl fp",0
"andeq sb, r0, r4, ror 31",0
"andeq sb, r0, r4, ror 31",0
"andeq sb, r0, r4, ror 31",0
"andeq sb, r0, r4, ror 31",0
"andeq sb, r0, r4, ror 31",0
"andeq sb, r0, r4, ror 31",0
"andeq sb, r0, r4, ror 31",0
"andeq sb, r0, r4, ror 31",0
"andeq sb, r0, r4, ror 31",0
"andeq sb, r0, r4, ror 31",0
"andeq sb, r0, r4, ror 31",0
"andeq sb, r0, r4, ror 31",0
"andeq sb, r0, r4, ror 31",0
"andeq sb, r0, r4, ror 31",0
"andeq sb, r0, r4, ror 31",0
"andeq sb, r0, r4, ror 31",0
"andeq sb, r0, r4, ror 31",0
"andeq sb, r0, r4, ror 31",0
"andeq sb, r0, r4, ror 31",0
"andeq sb, r0, r4, ror 31",0
"andeq sb, r0, r4, ror 31",0
"andeq sb, r0, r4, ror 31",0
"andeq sb, r0, r4, ror 31",0
"andeq sb, r0, r4, ror 31",0
"andeq sb, r0, r4, ror 31",0
"andeq sb, r0, r4, ror 31",0
"andeq sb, r0, r4, ror 31",0
"andeq sb, r0, r8, lsl fp",0
"cmp r6, r4",0
bne 0x1f48,0
"ldr r0, [sp, 0x74]",0
bl 0xbf8,0
"ldr ip, [sp, 0x48]",0
"cmp r0, 0",0
"moveq ip, 0",0
"add r0, sp, 0x78",0
"str ip, [sp, 0x48]",0
bl 0xbbc,0
"cmp r0, 0",0
"add r5, r5, r8",0
beq 0x1ef4,0
"ldr ip, [sp, 0x48]",0
"str r5, [sp, 0x4c]",0
"eor r3, ip, 1",0
"ldr ip, [sp, 0x28]",0
"mov r5, r7",0
"and r3, ip, r3",0
"ldr r4, [sp, 0x60]",0
"ldr r6, [sp, 0x64]",0
"ldr r8, [sp, 0x68]",0
"ldr r7, [sp, 0x6c]",0
"and r3, r3, 0xff",0
"ldr r0, [sp, 0x4c]",0
"cmp r0, 1",0
bls 0x1c74,0
"cmp r3, 0",0
"mov r2, r0",0
"add r1, r5, r0",0
bne 0x1c84,0
"ldr ip, [sp, 0x18]",0
"cmp ip, 0",0
beq 0x2208,0
"cmp r4, fp",0
"ldrlo ip, [sp, 0x24]",0
"movlo r0, 0x5c              ; '\'",0
"strblo r0, [ip, r4]",0
"add r4, r4, 1",0
"ldr r3, [sp, 0x24]",0
b 0x2098,0
"cmp fp, r4",0
"strbhi r6, [r3, r4]",0
"ldrb r6, [r7, 1]!",0
"add r4, r4, 1",0
"add r5, r5, 1",0
"cmp r1, r5",0
bhi 0x2088,0
b 0x1a40,0
"ldr ip, [sp, 0x58]",0
"cmp ip, 0",0
"addne r5, r5, 1",0
bne 0x1674,0
b 0x19dc,0
"ldr ip, [sp, 0x20]",0
"cmp ip, 0",0
beq 0x19dc,0
b 0x1b18,0
"ldrb r3, [sl, 1]",0
"adds r3, r3, 0",0
"movne r3, 1",0
b 0x1afc,0
"mov r0, sl",0
bl 0xcb8,0
"mov sb, r0",0
b 0x1ecc,0
"ldr ip, [0x00002214]        ; [0x2214:4]=0xc20c",0
"str fp, [sp, 0x28]",0
"str ip, [sp, 0x34]",0
"str r3, [sp, 0x1c]",0
"mov r4, r3",0
"mov ip, r3",0
"mov r0, fp",0
b 0x15f4,0
"str r5, [sp, 0x4c]",0
"ldr r4, [sp, 0x60]",0
"mov r5, r7",0
"ldr r6, [sp, 0x64]",0
"ldr r8, [sp, 0x68]",0
"ldr r7, [sp, 0x6c]",0
"ldr r3, [sp, 0x28]",0
b 0x2044,0
"str r4, [sp, 0x48]",0
"ldr r1, [sp, 0x48]",0
"str r5, [sp, 0x4c]",0
"cmp sb, r1",0
"mov r5, r7",0
"mov ip, r6",0
"ldr r8, [sp, 0x68]",0
"ldr r4, [sp, 0x60]",0
"ldr r6, [sp, 0x64]",0
"ldr r7, [sp, 0x6c]",0
bls 0x218c,0
"ldrb r3, [ip]",0
"cmp r3, 0",0
beq 0x218c,0
"ldr r3, [sp, 0x4c]",0
b 0x2178,0
"ldrb r2, [r7, r3]",0
"cmp r2, 0",0
beq 0x2188,0
"add r3, r3, 1",0
"add r2, r5, r3",0
"cmp sb, r2",0
bhi 0x216c,0
"str r3, [sp, 0x4c]",0
"ldr r3, [sp, 0x28]",0
b 0x2044,0
"ldr r4, [sp, 0x20]",0
b 0x15a4,0
"ldr r1, [sp, 0xa8]",0
bl 0x138c,0
"str r0, [sp, 0xb8]",0
b 0x1560,0
"ldr r1, [sp, 0xa8]",0
bl 0x138c,0
"str r0, [sp, 0xb4]",0
b 0x1540,0
"mov ip, 0",0
"str ip, [sp, 0x28]",0
"ldr ip, [0x00002214]        ; [0x2214:4]=0xc20c",0
"str r3, [sp, 0x1c]",0
"str ip, [sp, 0x34]",0
"mov r4, 0",0
"mov ip, r3",0
"ldr r0, [sp, 0x28]",0
b 0x15f4,0
"mov ip, 1",0
"str ip, [sp, 0x28]",0
"str ip, [sp, 0x1c]",0
"ldr ip, [0x0000221c]        ; [0x221c:4]=0xc210",0
"mov r3, 0",0
"str ip, [sp, 0x34]",0
"mov r4, r3",0
"ldr ip, [sp, 0x1c]",0
"ldr r0, [sp, 0x28]",0
b 0x15f4,0
"ldr r3, [sp, 0x24]",0
b 0x2098,0
"andeq ip, r0, ip, lsl r2",0
"andeq ip, r0, ip, lsl 4",0
"stmdalo r0, {r0, r6, r7, r8, ip, lr}",0
"andeq ip, r0, r0, lsl r2",0
"push {r4, r5, r6, r7, r8, sb, sl, fp, lr}",0
"sub sp, sp, 0x2c",0
"mov r6, r0",0
"mov sl, r1",0
"mov sb, r2",0
"mov r4, r3",0
bl 0xcd0,0
"ldr r7, [0x000023c8]        ; [0x23c8:4]=0x147cc",0
"mov r8, r0",0
"ldr r0, [r0]",0
"cmp r6, 0",0
"str r0, [sp, 0x24]",0
"ldr r5, [r7]",0
blt 0x23c0,0
"ldr r3, [r7, 4]",0
"cmp r6, r3",0
blo 0x22ac,0
"add fp, r6, 1",0
"cmn fp, 0xe0000001",0
bhi 0x23c4,0
"add r3, r7, 8",0
"cmp r5, r3",0
beq 0x2398,0
"mov r0, r5",0
"lsl r1, fp, 3",0
bl 0x35f0,0
"mov r5, r0",0
"str r0, [r7]",0
"ldr r0, [r7, 4]",0
"mov r1, 0",0
"rsb r2, r0, fp",0
"lsl r2, r2, 3",0
"add r0, r5, r0, lsl 3",0
bl 0xce8,0
"str fp, [r7, 4]",0
"ldr r0, [r4, 4]",0
"ldr r1, [r4]",0
"orr r0, r0, 1",0
"str r0, [sp, 0x1c]",0
"add fp, r5, r6, lsl 3",0
"ldr ip, [r5, r6, lsl 3]",0
"ldr r7, [fp, 4]",0
"ldr r2, [r4, 0x28]",0
"ldr r3, [r4, 0x2c]",0
"str r1, [sp]",0
"ldr r1, [sp, 0x1c]",0
"add r0, r4, 8",0
"str r0, [sp, 0x20]",0
"str r1, [sp, 4]",0
"str r0, [sp, 8]",0
"str r2, [sp, 0xc]",0
"str r3, [sp, 0x10]",0
"mov r1, ip",0
"mov r0, r7",0
"mov r2, sl",0
"mov r3, sb",0
"str ip, [sp, 0x18]",0
bl 0x14b4,0
"ldr ip, [sp, 0x18]",0
"cmp ip, r0",0
bhi 0x2384,0
"ldr r3, [0x000023cc]        ; [0x23cc:4]=0x14838",0
"add r1, r0, 1",0
"cmp r7, r3",0
"str r1, [r5, r6, lsl 3]",0
beq 0x2338,0
"mov r0, r7",0
"str r1, [sp, 0x18]",0
bl 0xb98,0
"ldr r1, [sp, 0x18]",0
"mov r0, r1",0
"str r1, [sp, 0x18]",0
bl 0x35c8,0
"ldr r2, [r4]",0
"ldr r3, [r4, 0x28]",0
"ldr ip, [r4, 0x2c]",0
"str r0, [fp, 4]",0
"str r2, [sp]",0
"ldr r2, [sp, 0x1c]",0
"str r3, [sp, 0xc]",0
"str r2, [sp, 4]",0
"ldr r2, [sp, 0x20]",0
"ldr r1, [sp, 0x18]",0
"str r2, [sp, 8]",0
"str ip, [sp, 0x10]",0
"mov r2, sl",0
"mov r3, sb",0
"mov r7, r0",0
bl 0x14b4,0
"ldr r3, [sp, 0x24]",0
"mov r0, r7",0
"str r3, [r8]",0
"add sp, sp, 0x2c",0
"pop {r4, r5, r6, r7, r8, sb, sl, fp, pc}",0
"lsl r1, fp, 3",0
"mov r0, 0",0
"str r3, [sp, 0x18]",0
bl 0x35f0,0
"ldr r3, [sp, 0x18]",0
"mov r5, r0",0
"str r0, [r7]",0
"ldm r3, {r0, r1}",0
"stm r5, {r0, r1}",0
b 0x2290,0
bl 0xd84,0
bl 0x3770,0
"andeq r4, r1, ip, asr 15",0
"andeq r4, r1, r8, lsr r8",0
"push {r4, r5, r6, lr}",0
"mov r5, r0",0
bl 0xcd0,0
"cmp r5, 0",0
"ldr r6, [r0]",0
"mov r4, r0",0
"mov r1, 0x30                ; '0'",0
"ldr r0, [0x00002400]        ; [0x2400:4]=0x14938 ; ""8I\x01""",0
"movne r0, r5",0
bl 0x36ec,0
"str r6, [r4]",0
"pop {r4, r5, r6, pc}",0
"andeq r4, r1, r8, lsr sb",0
"ldr r3, [0x00002418]        ; [0x2418:4]=0x14938",0
"cmp r0, 0",0
"moveq r0, r3",0
"ldr r0, [r0]",0
bx lr,0
"andeq r4, r1, r8, lsr sb",0
"ldr r3, [0x00002430]        ; [0x2430:4]=0x14938 ; ""8I\x01""",0
"cmp r0, 0",0
"moveq r0, r3",0
"str r1, [r0]",0
bx lr,0
"andeq r4, r1, r8, lsr sb",0
"ldr r3, [0x00002474]        ; [0x2474:4]=0x14938 ; ""8I\x01""",0
"cmp r0, 0",0
"lsr ip, r1, 5",0
"movne r3, r0",0
"add ip, ip, 2",0
"str r4, [sp, -4]!",0
"ldr r4, [r3, ip, lsl 2]",0
"and r1, r1, 0x1f",0
"lsr r0, r4, r1",0
"and r2, r2, 1",0
"and r0, r0, 1",0
"eor r2, r0, r2",0
"eor r1, r4, r2, lsl r1",0
"str r1, [r3, ip, lsl 2]",0
"ldm sp!, {r4}",0
bx lr,0
"andeq r4, r1, r8, lsr sb",0
"ldr r3, [0x00002490]        ; [0x2490:4]=0x14938",0
"cmp r0, 0",0
"movne r3, r0",0
"ldr r0, [r3, 4]",0
"str r1, [r3, 4]",0
bx lr,0
"andeq r4, r1, r8, lsr sb",0
"push {r3, lr}",0
"ldr r3, [0x000024c4]        ; [0x24c4:4]=0x14938",0
"cmp r0, 0",0
"moveq r0, r3",0
"cmp r1, 0",0
"cmpne r2, 0",0
"mov r3, 8",0
"str r3, [r0]",0
"strne r1, [r0, 0x28]",0
"strne r2, [r0, 0x2c]",0
"popne {r3, pc}",0
bl 0xd84,0
"andeq r4, r1, r8, lsr sb",0
"push {r4, r5, r6, r7, r8, sb, sl, lr}",0
"sub sp, sp, 0x18",0
"ldr r4, [sp, 0x38]",0
"mov r7, r0",0
"ldr r0, [0x00002540]        ; [0x2540:4]=0x14938 ; ""8I\x01""",0
"cmp r4, 0",0
"moveq r4, r0",0
"mov sl, r2",0
"mov r8, r3",0
"mov sb, r1",0
bl 0xcd0,0
"ldr r3, [r4]",0
"ldr r6, [r0]",0
"str r3, [sp]",0
"ldr r2, [r4, 4]",0
"add r3, r4, 8",0
"stmib sp, {r2, r3}",0
"ldr r3, [r4, 0x28]",0
"mov r5, r0",0
"str r3, [sp, 0xc]",0
"ldr r3, [r4, 0x2c]",0
"mov r0, r7",0
"str r3, [sp, 0x10]",0
"mov r1, sb",0
"mov r2, sl",0
"mov r3, r8",0
bl 0x14b4,0
"str r6, [r5]",0
"add sp, sp, 0x18",0
"pop {r4, r5, r6, r7, r8, sb, sl, pc}",0
"andeq r4, r1, r8, lsr sb",0
"push {r4, r5, r6, r7, r8, sb, sl, fp, lr}",0
"cmp r2, 0",0
"sub sp, sp, 0x24",0
"ldr r4, [0x000025f8]        ; [0x25f8:4]=0x14938",0
"mov r5, r1",0
"movne r4, r2",0
"mov r6, r0",0
bl 0xcd0,0
"ldm r4, {r3, sl}",0
"orr sl, sl, 1",0
"ldr ip, [r0]",0
"stm sp, {r3, sl}",0
"add r8, r4, 8",0
"str r8, [sp, 8]",0
"ldr r3, [r4, 0x28]",0
"mov r7, r0",0
"str r3, [sp, 0xc]",0
"ldr lr, [r4, 0x2c]",0
"mov r0, 0",0
"mov r2, r6",0
"mov r3, r5",0
"str lr, [sp, 0x10]",0
"mov r1, r0",0
"str ip, [sp, 0x1c]",0
bl 0x14b4,0
"add sb, r0, 1",0
"mov r0, sb",0
bl 0x35c8,0
"ldr r3, [r4]",0
"str r8, [sp, 8]",0
"stm sp, {r3, sl}",0
"ldr r3, [r4, 0x28]",0
"mov r1, sb",0
"str r3, [sp, 0xc]",0
"ldr r3, [r4, 0x2c]",0
"mov r2, r6",0
"str r3, [sp, 0x10]",0
"mov r3, r5",0
"mov fp, r0",0
bl 0x14b4,0
"ldr ip, [sp, 0x1c]",0
"mov r0, fp",0
"str ip, [r7]",0
"add sp, sp, 0x24",0
"pop {r4, r5, r6, r7, r8, sb, sl, fp, pc}",0
"andeq r4, r1, r8, lsr sb",0
"push {r4, r5, r6, r7, r8, sb, sl, fp, lr}",0
"cmp r3, 0",0
"sub sp, sp, 0x24",0
"ldr r4, [0x000026c4]        ; [0x26c4:4]=0x14938",0
"mov r5, r2",0
"movne r4, r3",0
"mov r6, r1",0
"mov r7, r0",0
bl 0xcd0,0
"ldm r4, {r3, sb}",0
"add sl, r4, 8",0
"cmp r5, 0",0
"orreq sb, sb, 1",0
"ldr r2, [r0]",0
"stm sp, {r3, sb, sl}",0
"ldr r3, [r4, 0x28]",0
"mov r8, r0",0
"str r3, [sp, 0xc]",0
"ldr ip, [r4, 0x2c]",0
"mov r0, 0",0
"str ip, [sp, 0x10]",0
"mov r3, r6",0
"str r2, [sp, 0x1c]",0
"mov r1, r0",0
"mov r2, r7",0
bl 0x14b4,0
"add r1, r0, 1",0
"mov fp, r0",0
"mov r0, r1",0
"str r1, [sp, 0x18]",0
bl 0x35c8,0
"ldr r3, [r4]",0
"ldr r1, [sp, 0x18]",0
"stm sp, {r3, sb, sl}",0
"ldr r3, [r4, 0x28]",0
"mov r2, r7",0
"str r3, [sp, 0xc]",0
"ldr r3, [r4, 0x2c]",0
"str r0, [sp, 0x18]",0
"str r3, [sp, 0x10]",0
"mov r3, r6",0
bl 0x14b4,0
"ldr ip, [sp, 0x18]",0
"ldr r3, [sp, 0x1c]",0
"cmp r5, 0",0
"str r3, [r8]",0
"mov r0, ip",0
"strne fp, [r5]",0
"add sp, sp, 0x24",0
"pop {r4, r5, r6, r7, r8, sb, sl, fp, pc}",0
"andeq r4, r1, r8, lsr sb",0
"push {r4, r5, r6, r7, r8, lr}",0
"ldr r7, [0x00002748]        ; [0x2748:4]=0x147cc",0
"ldr r6, [r7, 4]",0
"ldr r8, [r7]",0
"cmp r6, 1",0
"movhi r5, r8",0
"movhi r4, 1",0
bls 0x2700,0
"ldr r0, [r5, 0xc]",0
"add r4, r4, 1",0
bl 0xb98,0
"cmp r4, r6",0
"add r5, r5, 8",0
bne 0x26e8,0
"ldr r0, [r8, 4]",0
"ldr r4, [0x0000274c]        ; [0x274c:4]=0x14838 ; ""8H\x01""",0
"cmp r0, r4",0
beq 0x2720,0
bl 0xb98,0
"mov r3, 0x100",0
"str r3, [r7, 8]",0
"str r4, [r7, 0xc]",0
"ldr r4, [0x00002748]        ; [0x2748:4]=0x147cc",0
"add r5, r4, 8",0
"cmp r8, r5",0
beq 0x273c,0
"mov r0, r8",0
bl 0xb98,0
"str r5, [r4]",0
"mov r3, 1",0
"str r3, [r7, 4]",0
"pop {r4, r5, r6, r7, r8, pc}",0
"andeq r4, r1, ip, asr 15",0
"andeq r4, r1, r8, lsr r8",0
"ldr r3, [0x0000275c]        ; [0x275c:4]=0x14938 ; ""8I\x01""",0
"mvn r2, 0",0
b 0x2220,0
"andeq r4, r1, r8, lsr sb",0
"ldr r3, [pc]                ; [0x2768:4]=0x14938 ; ""8I\x01""",0
b 0x2220,0
"andeq r4, r1, r8, lsr sb",0
"ldr r3, [0x00002780]        ; [0x2780:4]=0x14938",0
"mov r1, r0",0
"mvn r2, 0",0
"mov r0, 0",0
b 0x2220,0
"andeq r4, r1, r8, lsr sb",0
"mov r3, r0",0
"mov r2, r1",0
"mov r1, r3",0
"ldr r3, [0x0000279c]        ; [0x279c:4]=0x14938",0
"mov r0, 0",0
b 0x2220,0
"andeq r4, r1, r8, lsr sb",0
"push {r4, r5, lr}",0
"mov r3, 0",0
"sub sp, sp, 0x64",0
"cmp r1, 8",0
"mov r5, r0",0
"mov r4, r2",0
"str r3, [sp, 0x34]",0
"str r3, [sp, 0x38]",0
"str r3, [sp, 0x3c]",0
"str r3, [sp, 0x40]",0
"str r3, [sp, 0x44]",0
"str r3, [sp, 0x48]",0
"str r3, [sp, 0x4c]",0
"str r3, [sp, 0x50]",0
"str r3, [sp, 0x54]",0
"str r3, [sp, 0x58]",0
"str r3, [sp, 0x5c]",0
beq 0x2828,0
"str r1, [sp, 0x30]",0
"mov ip, sp",0
"add lr, sp, 0x30",0
"ldm lr!, {r0, r1, r2, r3}",0
"stm ip!, {r0, r1, r2, r3}",0
"ldm lr!, {r0, r1, r2, r3}",0
"stm ip!, {r0, r1, r2, r3}",0
"ldm lr, {r0, r1, r2, r3}",0
"stm ip, {r0, r1, r2, r3}",0
"mov r0, r5",0
"mov r1, r4",0
"mvn r2, 0",0
"mov r3, sp",0
bl 0x2220,0
"add sp, sp, 0x64",0
"pop {r4, r5, pc}",0
bl 0xd84,0
"push {r4, r5, r6, lr}",0
"mov ip, 0",0
"sub sp, sp, 0x60",0
"cmp r1, 8",0
"mov r6, r0",0
"mov r5, r2",0
"mov r4, r3",0
"str ip, [sp, 0x34]",0
"str ip, [sp, 0x38]",0
"str ip, [sp, 0x3c]",0
"str ip, [sp, 0x40]",0
"str ip, [sp, 0x44]",0
"str ip, [sp, 0x48]",0
"str ip, [sp, 0x4c]",0
"str ip, [sp, 0x50]",0
"str ip, [sp, 0x54]",0
"str ip, [sp, 0x58]",0
"str ip, [sp, 0x5c]",0
beq 0x28b8,0
"str r1, [sp, 0x30]",0
"mov ip, sp",0
"add lr, sp, 0x30",0
"ldm lr!, {r0, r1, r2, r3}",0
"stm ip!, {r0, r1, r2, r3}",0
"ldm lr!, {r0, r1, r2, r3}",0
"stm ip!, {r0, r1, r2, r3}",0
"ldm lr, {r0, r1, r2, r3}",0
"stm ip, {r0, r1, r2, r3}",0
"mov r0, r6",0
"mov r1, r5",0
"mov r2, r4",0
"mov r3, sp",0
bl 0x2220,0
"add sp, sp, 0x60",0
"pop {r4, r5, r6, pc}",0
bl 0xd84,0
"push {r4, r5, lr}",0
"cmp r0, 8",0
"sub sp, sp, 0x64",0
"mov r4, 0",0
"mov r5, r1",0
"str r4, [sp, 0x34]",0
"str r4, [sp, 0x38]",0
"str r4, [sp, 0x3c]",0
"str r4, [sp, 0x40]",0
"str r4, [sp, 0x44]",0
"str r4, [sp, 0x48]",0
"str r4, [sp, 0x4c]",0
"str r4, [sp, 0x50]",0
"str r4, [sp, 0x54]",0
"str r4, [sp, 0x58]",0
"str r4, [sp, 0x5c]",0
beq 0x2940,0
"str r0, [sp, 0x30]",0
"mov ip, sp",0
"add lr, sp, 0x30",0
"ldm lr!, {r0, r1, r2, r3}",0
"stm ip!, {r0, r1, r2, r3}",0
"ldm lr!, {r0, r1, r2, r3}",0
"stm ip!, {r0, r1, r2, r3}",0
"ldm lr, {r0, r1, r2, r3}",0
"stm ip, {r0, r1, r2, r3}",0
"mov r0, r4",0
"mov r1, r5",0
"mvn r2, 0",0
"mov r3, sp",0
bl 0x2220,0
"add sp, sp, 0x64",0
"pop {r4, r5, pc}",0
bl 0xd84,0
"push {r4, r5, r6, lr}",0
"cmp r0, 8",0
"sub sp, sp, 0x60",0
"mov r4, 0",0
"mov r6, r1",0
"mov r5, r2",0
"str r4, [sp, 0x34]",0
"str r4, [sp, 0x38]",0
"str r4, [sp, 0x3c]",0
"str r4, [sp, 0x40]",0
"str r4, [sp, 0x44]",0
"str r4, [sp, 0x48]",0
"str r4, [sp, 0x4c]",0
"str r4, [sp, 0x50]",0
"str r4, [sp, 0x54]",0
"str r4, [sp, 0x58]",0
"str r4, [sp, 0x5c]",0
beq 0x29cc,0
"str r0, [sp, 0x30]",0
"mov ip, sp",0
"add lr, sp, 0x30",0
"ldm lr!, {r0, r1, r2, r3}",0
"stm ip!, {r0, r1, r2, r3}",0
"ldm lr!, {r0, r1, r2, r3}",0
"stm ip!, {r0, r1, r2, r3}",0
"ldm lr, {r0, r1, r2, r3}",0
"stm ip, {r0, r1, r2, r3}",0
"mov r0, r4",0
"mov r1, r6",0
"mov r2, r5",0
"mov r3, sp",0
bl 0x2220,0
"add sp, sp, 0x60",0
"pop {r4, r5, r6, pc}",0
bl 0xd84,0
"push {r4, r5, r6, lr}",0
"ldr lr, [0x00002a4c]        ; [0x2a4c:4]=0x14938 ; ""8I\x01""",0
"sub sp, sp, 0x30",0
"mov ip, sp",0
"mov r4, r2",0
"mov r6, r0",0
"mov r5, r1",0
"ldm lr!, {r0, r1, r2, r3}",0
"stm ip!, {r0, r1, r2, r3}",0
"ldm lr!, {r0, r1, r2, r3}",0
"stm ip!, {r0, r1, r2, r3}",0
"ldm lr, {r0, r1, r2, r3}",0
"stm ip, {r0, r1, r2, r3}",0
"lsr ip, r4, 5",0
"add r3, sp, 0x30",0
"add ip, ip, 2",0
"add ip, r3, ip, lsl 2",0
"ldr r3, [ip, -0x30]",0
"and r4, r4, 0x1f",0
"lsr r2, r3, r4",0
"and r2, r2, 1",0
"eor r2, r2, 1",0
"eor r4, r3, r2, lsl r4",0
"mov r1, r6",0
"mov r2, r5",0
"mov r3, sp",0
"str r4, [ip, -0x30]",0
"mov r0, 0",0
bl 0x2220,0
"add sp, sp, 0x30",0
"pop {r4, r5, r6, pc}",0
"andeq r4, r1, r8, lsr sb",0
"push {r4, r5, lr}",0
"ldr lr, [0x00002ac8]        ; [0x2ac8:4]=0x14938",0
"sub sp, sp, 0x34",0
"mov ip, sp",0
"mov r4, r1",0
"mov r5, r0",0
"ldm lr!, {r0, r1, r2, r3}",0
"stm ip!, {r0, r1, r2, r3}",0
"ldm lr!, {r0, r1, r2, r3}",0
"stm ip!, {r0, r1, r2, r3}",0
"ldm lr, {r0, r1, r2, r3}",0
"stm ip, {r0, r1, r2, r3}",0
"lsr ip, r4, 5",0
"add r3, sp, 0x30",0
"add ip, ip, 2",0
"add ip, r3, ip, lsl 2",0
"ldr r3, [ip, -0x30]",0
"and r4, r4, 0x1f",0
"lsr r2, r3, r4",0
"and r2, r2, 1",0
"eor r2, r2, 1",0
"eor r4, r3, r2, lsl r4",0
"mov r1, r5",0
"mvn r2, 0",0
"mov r3, sp",0
"str r4, [ip, -0x30]",0
"mov r0, 0",0
bl 0x2220,0
"add sp, sp, 0x34",0
"pop {r4, r5, pc}",0
"andeq r4, r1, r8, lsr sb",0
"push {r4, lr}",0
"ldr lr, [0x00002b2c]        ; [0x2b2c:4]=0x14938 ; ""8I\x01""",0
"sub sp, sp, 0x30",0
"mov ip, sp",0
"mov r4, r0",0
"ldm lr!, {r0, r1, r2, r3}",0
"stm ip!, {r0, r1, r2, r3}",0
"ldm lr!, {r0, r1, r2, r3}",0
"stm ip!, {r0, r1, r2, r3}",0
"ldm lr, {r0, r1, r2, r3}",0
"stm ip, {r0, r1, r2, r3}",0
"ldr r3, [sp, 0xc]",0
"mov r1, r4",0
"lsr ip, r3, 0x1a",0
"and ip, ip, 1",0
"eor ip, ip, 1",0
"eor ip, r3, ip, lsl 26",0
"mvn r2, 0",0
"mov r3, sp",0
"mov r0, 0",0
"str ip, [sp, 0xc]",0
bl 0x2220,0
"add sp, sp, 0x30",0
"pop {r4, pc}",0
"andeq r4, r1, r8, lsr sb",0
"push {r4, r5, lr}",0
"ldr lr, [0x00002b94]        ; [0x2b94:4]=0x14938",0
"sub sp, sp, 0x34",0
"mov ip, sp",0
"mov r5, r0",0
"mov r4, r1",0
"ldm lr!, {r0, r1, r2, r3}",0
"stm ip!, {r0, r1, r2, r3}",0
"ldm lr!, {r0, r1, r2, r3}",0
"stm ip!, {r0, r1, r2, r3}",0
"ldm lr, {r0, r1, r2, r3}",0
"stm ip, {r0, r1, r2, r3}",0
"ldr r3, [sp, 0xc]",0
"mov r1, r5",0
"lsr ip, r3, 0x1a",0
"and ip, ip, 1",0
"eor ip, ip, 1",0
"eor ip, r3, ip, lsl 26",0
"mov r2, r4",0
"mov r3, sp",0
"mov r0, 0",0
"str ip, [sp, 0xc]",0
bl 0x2220,0
"add sp, sp, 0x34",0
"pop {r4, r5, pc}",0
"andeq r4, r1, r8, lsr sb",0
"push {r4, r5, r6, r7, lr}",0
"ldr lr, [0x00002c0c]        ; [0x2c0c:4]=0x14938",0
"sub sp, sp, 0x34",0
"mov ip, sp",0
"mov r5, r1",0
"mov r4, r2",0
"mov r7, r0",0
"mov r6, r3",0
"ldm lr!, {r0, r1, r2, r3}",0
"stm ip!, {r0, r1, r2, r3}",0
"ldm lr!, {r0, r1, r2, r3}",0
"stm ip!, {r0, r1, r2, r3}",0
"ldm lr, {r0, r1, r2, r3}",0
"cmp r5, 0",0
"cmpne r4, 0",0
"stm ip, {r0, r1, r2, r3}",0
"mov r2, 8",0
"str r2, [sp]",0
beq 0x2c08,0
"mov r0, r7",0
"mov r1, r6",0
"mvn r2, 0",0
"mov r3, sp",0
"str r5, [sp, 0x28]",0
"str r4, [sp, 0x2c]",0
bl 0x2220,0
"add sp, sp, 0x34",0
"pop {r4, r5, r6, r7, pc}",0
bl 0xd84,0
"andeq r4, r1, r8, lsr sb",0
"push {r4, r5, r6, r7, lr}",0
"ldr lr, [0x00002c84]        ; [0x2c84:4]=0x14938",0
"sub sp, sp, 0x34",0
"mov ip, sp",0
"mov r5, r1",0
"mov r4, r2",0
"mov r7, r0",0
"mov r6, r3",0
"ldm lr!, {r0, r1, r2, r3}",0
"stm ip!, {r0, r1, r2, r3}",0
"ldm lr!, {r0, r1, r2, r3}",0
"stm ip!, {r0, r1, r2, r3}",0
"ldm lr, {r0, r1, r2, r3}",0
"cmp r5, 0",0
"cmpne r4, 0",0
"stm ip, {r0, r1, r2, r3}",0
"mov r2, 8",0
"str r2, [sp]",0
beq 0x2c80,0
"mov r0, r7",0
"mov r1, r6",0
"ldr r2, [sp, 0x48]",0
"mov r3, sp",0
"str r5, [sp, 0x28]",0
"str r4, [sp, 0x2c]",0
bl 0x2220,0
"add sp, sp, 0x34",0
"pop {r4, r5, r6, r7, pc}",0
bl 0xd84,0
"andeq r4, r1, r8, lsr sb",0
"push {r4, r5, r6, lr}",0
"ldr lr, [0x00002d00]        ; [0x2d00:4]=0x14938 ; ""8I\x01""",0
"sub sp, sp, 0x30",0
"mov ip, sp",0
"mov r5, r0",0
"mov r4, r1",0
"mov r6, r2",0
"ldm lr!, {r0, r1, r2, r3}",0
"stm ip!, {r0, r1, r2, r3}",0
"ldm lr!, {r0, r1, r2, r3}",0
"stm ip!, {r0, r1, r2, r3}",0
"ldm lr, {r0, r1, r2, r3}",0
"cmp r5, 0",0
"cmpne r4, 0",0
"stm ip, {r0, r1, r2, r3}",0
"mov r3, 8",0
"movne lr, 0",0
"moveq lr, 1",0
"str r3, [sp]",0
beq 0x2cfc,0
"mov r0, lr",0
"mov r1, r6",0
"mvn r2, 0",0
"mov r3, sp",0
"str r5, [sp, 0x28]",0
"str r4, [sp, 0x2c]",0
bl 0x2220,0
"add sp, sp, 0x30",0
"pop {r4, r5, r6, pc}",0
bl 0xd84,0
"andeq r4, r1, r8, lsr sb",0
"push {r4, r5, r6, r7, lr}",0
"ldr lr, [0x00002d80]        ; [0x2d80:4]=0x14938",0
"sub sp, sp, 0x34",0
"mov ip, sp",0
"mov r5, r0",0
"mov r4, r1",0
"mov r7, r2",0
"mov r6, r3",0
"ldm lr!, {r0, r1, r2, r3}",0
"stm ip!, {r0, r1, r2, r3}",0
"ldm lr!, {r0, r1, r2, r3}",0
"stm ip!, {r0, r1, r2, r3}",0
"ldm lr, {r0, r1, r2, r3}",0
"cmp r5, 0",0
"cmpne r4, 0",0
"stm ip, {r0, r1, r2, r3}",0
"mov ip, 8",0
"movne lr, 0",0
"moveq lr, 1",0
"str ip, [sp]",0
beq 0x2d7c,0
"mov r0, lr",0
"mov r1, r7",0
"mov r2, r6",0
"mov r3, sp",0
"str r5, [sp, 0x28]",0
"str r4, [sp, 0x2c]",0
bl 0x2220,0
"add sp, sp, 0x34",0
"pop {r4, r5, r6, r7, pc}",0
bl 0xd84,0
"andeq r4, r1, r8, lsr sb",0
"ldr r3, [pc]                ; [0x2d8c:4]=0x147dc",0
b 0x2220,0
"ldrdeq r4, r5, [r1], -ip",0
"mov r3, r0",0
"mov r2, r1",0
"mov r1, r3",0
"ldr r3, [0x00002da8]        ; [0x2da8:4]=0x147dc",0
"mov r0, 0",0
b 0x2220,0
"ldrdeq r4, r5, [r1], -ip",0
"ldr r3, [0x00002db8]        ; [0x2db8:4]=0x147dc",0
"mvn r2, 0",0
b 0x2220,0
"ldrdeq r4, r5, [r1], -ip",0
"ldr r3, [0x00002dd0]        ; [0x2dd0:4]=0x147dc",0
"mov r1, r0",0
"mvn r2, 0",0
"mov r0, 0",0
b 0x2220,0
"ldrdeq r4, r5, [r1], -ip",0
"push {r4, r5, r6, r7, r8, sl, lr}",0
"subs lr, r1, 0",0
"sub sp, sp, 0x24",0
"mov r5, r0",0
"mov ip, r2",0
"ldr r4, [sp, 0x40]",0
"ldr r6, [sp, 0x44]",0
beq 0x30fc,0
"str r2, [sp]",0
"str r3, [sp, 4]",0
"mov r1, 1",0
"ldr r2, [0x00003114]        ; [0x3114:4]=0xc25c",0
"mov r3, lr",0
bl 0xd18,0
"ldr r1, [0x00003118]        ; [0x3118:4]=0xc270",0
"mov r2, 5",0
"mov r0, 0",0
bl 0xbd4,0
"mov r3, r0",0
"ldr r0, [0x0000311c]        ; [0x311c:4]=0x7dd",0
"mov r1, 1",0
"ldr r2, [0x00003120]        ; [0x3120:4]=0xc540 ; ""@\xc5""",0
"str r0, [sp]",0
"mov r0, r5",0
bl 0xd18,0
"ldr r1, [0x00003124]        ; [0x3124:4]=0xc274 ; ""t\xc2""",0
"mov r0, 0",0
"mov r2, 5",0
bl 0xbd4,0
"mov r1, r5",0
bl 0xb68,0
"cmp r6, 9",0
"ldrls pc, [pc, r6, lsl 2]   ; [0x2e5c:4]=0xaef4",0
b 0x2eec,0
"strdeq sl, fp, [r0], -r4",0
"strdeq sl, fp, [r0], -r8",0
"andeq sl, r0, r4, lsr 30",0
"andeq sl, r0, r8, asr pc",0
"muleq r0, r0, pc",0
"andeq sl, r0, r8, asr 31",0
"andeq fp, r0, ip",0
"andeq fp, r0, r0, asr r0",0
"andeq fp, r0, r0, lsr 1",0
"andeq sl, r0, r4, lsl 29",0
"ldr r1, [0x00003128]        ; [0x3128:4]=0xc44c ; ""L\xc4""",0
"mov r2, 5",0
"mov r0, 0",0
bl 0xbd4,0
"ldm r4, {r3, sl}",0
"ldr r1, [r4, 0x20]",0
"ldr r8, [r4, 8]",0
"ldr r7, [r4, 0xc]",0
"ldr r6, [r4, 0x10]",0
"ldr lr, [r4, 0x14]",0
"ldr ip, [r4, 0x18]",0
"mov r2, r0",0
"ldr r0, [r4, 0x1c]",0
"str r1, [sp, 0x1c]",0
"str r0, [sp, 0x18]",0
"str sl, [sp]",0
"str r8, [sp, 4]",0
"str r7, [sp, 8]",0
"str r6, [sp, 0xc]",0
"str lr, [sp, 0x10]",0
"str ip, [sp, 0x14]",0
"mov r0, r5",0
"mov r1, 1",0
bl 0xd18,0
"add sp, sp, 0x24",0
"pop {r4, r5, r6, r7, r8, sl, pc}",0
"ldr r1, [0x0000312c]        ; [0x312c:4]=0xc480",0
b 0x2e88,0
bl 0xd84,0
"ldr r1, [0x00003130]        ; [0x3130:4]=0xc340 ; ""@\xc3""",0
"mov r2, 5",0
"mov r0, 0",0
bl 0xbd4,0
"ldr r3, [r4]",0
"mov r2, r0",0
"mov r1, 1",0
"mov r0, r5",0
"add sp, sp, 0x24",0
"pop {r4, r5, r6, r7, r8, sl, lr}",0
b 0xd18,0
"ldr r1, [0x00003134]        ; [0x3134:4]=0xc350 ; ""P\xc3""",0
"mov r2, 5",0
"mov r0, 0",0
bl 0xbd4,0
"ldr r1, [r4, 4]",0
"ldr r3, [r4]",0
"mov r2, r0",0
"str r1, [sp, 0x40]",0
"mov r0, r5",0
"mov r1, 1",0
"add sp, sp, 0x24",0
"pop {r4, r5, r6, r7, r8, sl, lr}",0
b 0xd18,0
"ldr r1, [0x00003138]        ; [0x3138:4]=0xc368 ; ""h\xc3""",0
"mov r2, 5",0
"mov r0, 0",0
bl 0xbd4,0
"ldr r3, [r4]",0
"mov r2, r0",0
"ldmib r4, {r0, r1}",0
"str r0, [sp, 0x40]",0
"str r1, [sp, 0x44]",0
"mov r0, r5",0
"mov r1, 1",0
"add sp, sp, 0x24",0
"pop {r4, r5, r6, r7, r8, sl, lr}",0
b 0xd18,0
"ldr r1, [0x0000313c]        ; [0x313c:4]=0xc384",0
"mov r2, 5",0
"mov r0, 0",0
bl 0xbd4,0
"ldm r4, {r3, ip}",0
"ldr r1, [r4, 0xc]",0
"mov r2, r0",0
"ldr r0, [r4, 8]",0
"str ip, [sp]",0
"stmib sp, {r0, r1}",0
"mov r0, r5",0
"mov r1, 1",0
bl 0xd18,0
b 0x2ee4,0
"ldr r1, [0x00003140]        ; [0x3140:4]=0xc3a4",0
"mov r2, 5",0
"mov r0, 0",0
bl 0xbd4,0
"ldm r4, {r3, lr}",0
"ldr r1, [r4, 0x10]",0
"ldr ip, [r4, 8]",0
"mov r2, r0",0
"ldr r0, [r4, 0xc]",0
"str r1, [sp, 0xc]",0
"str r0, [sp, 8]",0
"str lr, [sp]",0
"str ip, [sp, 4]",0
"mov r0, r5",0
"mov r1, 1",0
bl 0xd18,0
b 0x2ee4,0
"ldr r1, [0x00003144]        ; [0x3144:4]=0xc3c8",0
"mov r2, 5",0
"mov r0, 0",0
bl 0xbd4,0
"ldm r4, {r3, r6, lr}",0
"ldr r1, [r4, 0x14]",0
"ldr ip, [r4, 0xc]",0
"mov r2, r0",0
"ldr r0, [r4, 0x10]",0
"str r1, [sp, 0x10]",0
"str r0, [sp, 0xc]",0
"stm sp, {r6, lr}",0
"str ip, [sp, 8]",0
"mov r0, r5",0
"mov r1, 1",0
bl 0xd18,0
b 0x2ee4,0
"ldr r1, [0x00003148]        ; [0x3148:4]=0xc3f0",0
"mov r2, 5",0
"mov r0, 0",0
bl 0xbd4,0
"ldm r4, {r3, r7}",0
"ldr r1, [r4, 0x18]",0
"ldr r6, [r4, 8]",0
"ldr lr, [r4, 0xc]",0
"ldr ip, [r4, 0x10]",0
"mov r2, r0",0
"ldr r0, [r4, 0x14]",0
"str r1, [sp, 0x14]",0
"str r0, [sp, 0x10]",0
"str r7, [sp]",0
"stmib sp, {r6, lr}",0
"str ip, [sp, 0xc]",0
"mov r0, r5",0
"mov r1, 1",0
bl 0xd18,0
b 0x2ee4,0
"ldr r1, [0x0000314c]        ; [0x314c:4]=0xc41c",0
"mov r2, 5",0
"mov r0, 0",0
bl 0xbd4,0
"ldm r4, {r3, r8}",0
"ldr r1, [r4, 0x1c]",0
"ldr r7, [r4, 8]",0
"ldr r6, [r4, 0xc]",0
"ldr lr, [r4, 0x10]",0
"ldr ip, [r4, 0x14]",0
"mov r2, r0",0
"ldr r0, [r4, 0x18]",0
"str r1, [sp, 0x18]",0
"str r0, [sp, 0x14]",0
"str r8, [sp]",0
"str r7, [sp, 4]",0
"str r6, [sp, 8]",0
"str lr, [sp, 0xc]",0
"str ip, [sp, 0x10]",0
"mov r0, r5",0
"mov r1, 1",0
bl 0xd18,0
b 0x2ee4,0
"str r3, [sp]",0
"mov r1, 1",0
"ldr r2, [0x00003150]        ; [0x3150:4]=0xc268 ; ""h\xc2""",0
"mov r3, ip",0
bl 0xd18,0
b 0x2e0c,0
"andeq ip, r0, ip, asr r2",0
"andeq ip, r0, r0, ror r2",0
"ldrdeq r0, r1, [r0], -sp",0
"andeq ip, r0, r0, asr 10",0
"andeq ip, r0, r4, ror r2",0
"andeq ip, r0, ip, asr 8",0
"andeq ip, r0, r0, lsl 9",0
"andeq ip, r0, r0, asr 6",0
"andeq ip, r0, r0, asr r3",0
"andeq ip, r0, r8, ror 6",0
"andeq ip, r0, r4, lsl 7",0
"andeq ip, r0, r4, lsr 7",0
"andeq ip, r0, r8, asr 7",0
"strdeq ip, sp, [r0], -r0",0
"andeq ip, r0, ip, lsl r4",0
"andeq ip, r0, r8, ror 4",0
"push {r4, r5, lr}",0
"sub sp, sp, 0xc",0
"ldr r5, [sp, 0x18]",0
"ldr ip, [r5]",0
"cmp ip, 0",0
beq 0x3184,0
"mov lr, r5",0
"mov ip, 0",0
"ldr r4, [lr, 4]!",0
"add ip, ip, 1",0
"cmp r4, 0",0
bne 0x3174,0
"stm sp, {r5, ip}",0
bl 0x2dd4,0
"add sp, sp, 0xc",0
"pop {r4, r5, pc}",0
"str lr, [sp, -4]!",0
"sub sp, sp, 0x34",0
"ldr ip, [sp, 0x38]",0
"ldr lr, [ip]",0
"cmp lr, 0",0
"str lr, [sp, 8]",0
beq 0x3244,0
"ldr lr, [ip, 4]",0
"cmp lr, 0",0
"str lr, [sp, 0xc]",0
beq 0x3258,0
"ldr lr, [ip, 8]",0
"cmp lr, 0",0
"str lr, [sp, 0x10]",0
beq 0x3260,0
"ldr lr, [ip, 0xc]",0
"cmp lr, 0",0
"str lr, [sp, 0x14]",0
beq 0x3268,0
"ldr lr, [ip, 0x10]",0
"cmp lr, 0",0
"str lr, [sp, 0x18]",0
beq 0x3270,0
"ldr lr, [ip, 0x14]",0
"cmp lr, 0",0
"str lr, [sp, 0x1c]",0
beq 0x3278,0
"ldr lr, [ip, 0x18]",0
"cmp lr, 0",0
"str lr, [sp, 0x20]",0
beq 0x3280,0
"ldr lr, [ip, 0x1c]",0
"cmp lr, 0",0
"str lr, [sp, 0x24]",0
beq 0x3288,0
"ldr lr, [ip, 0x20]",0
"cmp lr, 0",0
"str lr, [sp, 0x28]",0
beq 0x3290,0
"ldr lr, [ip, 0x24]",0
"cmp lr, 0",0
"str lr, [sp, 0x2c]",0
"movne lr, 0xa",0
"moveq lr, 9",0
"add ip, sp, 8",0
"stm sp, {ip, lr}",0
bl 0x2dd4,0
"add sp, sp, 0x34",0
"ldm sp!, {pc}",0
"mov lr, 1",0
b 0x3244,0
"mov lr, 2",0
b 0x3244,0
"mov lr, 3",0
b 0x3244,0
"mov lr, 4",0
b 0x3244,0
"mov lr, 5",0
b 0x3244,0
"mov lr, 6",0
b 0x3244,0
"mov lr, 7",0
b 0x3244,0
"mov lr, 8",0
b 0x3244,0
"str r3, [sp, -4]!",0
"str lr, [sp, -4]!",0
"sub sp, sp, 0x38",0
"ldr ip, [sp, 0x40]",0
"add r3, sp, 0x40",0
"cmp ip, 0",0
"str r3, [sp, 0xc]",0
"str ip, [sp, 0x10]",0
beq 0x3350,0
"ldr ip, [sp, 0x44]",0
"cmp ip, 0",0
"str ip, [sp, 0x14]",0
beq 0x3370,0
"ldr ip, [sp, 0x48]",0
"cmp ip, 0",0
"str ip, [sp, 0x18]",0
beq 0x3378,0
"ldr ip, [sp, 0x4c]",0
"cmp ip, 0",0
"str ip, [sp, 0x1c]",0
beq 0x3380,0
"ldr ip, [sp, 0x50]",0
"cmp ip, 0",0
"str ip, [sp, 0x20]",0
beq 0x3388,0
"ldr ip, [sp, 0x54]",0
"cmp ip, 0",0
"str ip, [sp, 0x24]",0
beq 0x3390,0
"ldr ip, [sp, 0x58]",0
"cmp ip, 0",0
"str ip, [sp, 0x28]",0
beq 0x3398,0
"ldr ip, [sp, 0x5c]",0
"cmp ip, 0",0
"str ip, [sp, 0x2c]",0
beq 0x33a0,0
"ldr ip, [sp, 0x60]",0
"cmp ip, 0",0
"str ip, [sp, 0x30]",0
beq 0x33a8,0
"ldr ip, [sp, 0x64]",0
"cmp ip, 0",0
"str ip, [sp, 0x34]",0
"movne ip, 0xa",0
"moveq ip, 9",0
"add r3, sp, 0x10",0
"stm sp, {r3, ip}",0
"ldr r3, [sp, 0x3c]",0
bl 0x2dd4,0
"add sp, sp, 0x38",0
pop {lr},0
"add sp, sp, 4",0
bx lr,0
"mov ip, 1",0
b 0x3350,0
"mov ip, 2",0
b 0x3350,0
"mov ip, 3",0
b 0x3350,0
"mov ip, 4",0
b 0x3350,0
"mov ip, 5",0
b 0x3350,0
"mov ip, 6",0
b 0x3350,0
"mov ip, 7",0
b 0x3350,0
"mov ip, 8",0
b 0x3350,0
"push {r3, lr}",0
"ldr r1, [0x00003418]        ; [0x3418:4]=0xc4bc",0
"mov r2, 5",0
"mov r0, 0",0
bl 0xbd4,0
"ldr r2, [0x0000341c]        ; [0x341c:4]=0xc4d4",0
"mov r1, r0",0
"mov r0, 1",0
bl 0xd00,0
"ldr r1, [0x00003420]        ; [0x3420:4]=0xc4ec",0
"mov r2, 5",0
"mov r0, 0",0
bl 0xbd4,0
"ldr r3, [0x00003424]        ; [0x3424:4]=0xc054 ; ""T\xc0""",0
"mov r1, r0",0
"ldr r2, [0x00003428]        ; [0x3428:4]=0xc044 ; ""D\xc0""",0
"mov r0, 1",0
bl 0xd00,0
"ldr r1, [0x0000342c]        ; [0x342c:4]=0xc500",0
"mov r2, 5",0
"mov r0, 0",0
bl 0xbd4,0
"ldr r3, [0x00003430]        ; [0x3430:4]=0x14824 ; ""$H\x01""",0
"ldr r1, [r3]",0
"pop {r3, lr}",0
b 0xb68,0
"strheq ip, [r0], -ip",0
"ldrdeq ip, sp, [r0], -r4",0
"andeq ip, r0, ip, ror 9",0
"andeq ip, r0, r4, asr r0",0
"andeq ip, r0, r4, asr 32",0
"andeq ip, r0, r0, lsl 10",0
"andeq r4, r1, r4, lsr 16",0
"push {r3, r4, r5, lr}",0
"mov r4, r0",0
"mvn r0, 0",0
"mov r5, r1",0
bl 0x3d10,0
"cmp r0, r4",0
blo 0x3478,0
"mul r4, r5, r4",0
"mov r0, r4",0
bl 0xc70,0
"rsbs r3, r0, 1",0
"movlo r3, 0",0
"cmp r4, 0",0
"moveq r3, 0",0
"cmp r3, 0",0
bne 0x3478,0
"pop {r3, r4, r5, pc}",0
bl 0x3770,0
"push {r4, r5, r6, lr}",0
"mov r5, r1",0
"mov r6, r0",0
"mov r1, r2",0
"mvn r0, 0",0
"mov r4, r2",0
bl 0x3d10,0
"cmp r0, r5",0
blo 0x34f4,0
"muls r4, r5, r4",0
"movne r3, 0",0
"moveq r3, 1",0
"cmp r6, 0",0
"moveq r3, 0",0
"andne r3, r3, 1",0
"cmp r3, 0",0
"mov r0, r6",0
bne 0x34e8,0
"mov r1, r4",0
bl 0xbe0,0
"rsbs r3, r0, 1",0
"movlo r3, 0",0
"cmp r4, 0",0
"moveq r3, 0",0
"cmp r3, 0",0
bne 0x34f4,0
"pop {r4, r5, r6, pc}",0
bl 0xb98,0
"mov r0, 0",0
"pop {r4, r5, r6, pc}",0
bl 0x3770,0
"push {r3, r4, r5, r6, r7, lr}",0
"subs r7, r0, 0",0
"mov r6, r1",0
"mov r5, r2",0
"ldr r4, [r1]",0
beq 0x3560,0
"ldr r0, [0x0000359c]        ; [0x359c:4]=0xaaaaaaaa",0
"mov r1, r2",0
bl 0x3d10,0
"cmp r4, r0",0
bhs 0x355c,0
"add r3, r4, 1",0
"add r4, r4, r3, lsr 1",0
"muls r5, r4, r5",0
"str r4, [r6]",0
beq 0x358c,0
"mov r1, r5",0
"mov r0, r7",0
bl 0xbe0,0
"adds r5, r5, 0",0
"movne r5, 1",0
"cmp r0, 0",0
"movne r5, 0",0
"cmp r5, 0",0
"popeq {r3, r4, r5, r6, r7, pc}",0
bl 0x3770,0
"cmp r4, 0",0
bne 0x3580,0
"mov r0, 0x40                ; '@'",0
"mov r1, r2",0
bl 0x3d10,0
"cmp r0, 0",0
"movne r4, r0",0
"addeq r4, r0, 1",0
"str r4, [r6]",0
"mul r5, r4, r5",0
b 0x3538,0
"mov r0, r7",0
bl 0xb98,0
"mov r0, r5",0
"pop {r3, r4, r5, r6, r7, pc}",0
bge 0xfeaae04c,0
"push {r4, lr}",0
"mov r4, r0",0
bl 0xc70,0
"rsbs r3, r0, 1",0
"movlo r3, 0",0
"cmp r4, 0",0
"moveq r3, 0",0
"cmp r3, 0",0
"popeq {r4, pc}",0
bl 0x3770,0
"push {r4, lr}",0
"mov r4, r0",0
bl 0xc70,0
"rsbs r3, r0, 1",0
"movlo r3, 0",0
"cmp r4, 0",0
"moveq r3, 0",0
"cmp r3, 0",0
"popeq {r4, pc}",0
bl 0x3770,0
"rsbs r3, r1, 1",0
"movlo r3, 0",0
"cmp r0, 0",0
"moveq r3, 0",0
"cmp r3, 0",0
"push {r4, lr}",0
"mov r4, r1",0
bne 0x3630,0
bl 0xbe0,0
"rsbs r3, r0, 1",0
"movlo r3, 0",0
"cmp r4, 0",0
"moveq r3, 0",0
"cmp r3, 0",0
"popeq {r4, pc}",0
bl 0x3770,0
bl 0xb98,0
"mov r0, 0",0
"pop {r4, pc}",0
"subs r3, r0, 0",0
"push {r4, lr}",0
"ldr r4, [r1]",0
beq 0x3684,0
"ldr r2, [0x000036a0]        ; [0x36a0:4]=0xaaaaaaa9",0
"cmp r4, r2",0
bhi 0x3680,0
"add r2, r4, 1",0
"add r4, r4, r2, lsr 1",0
"cmp r4, 0",0
"str r4, [r1]",0
beq 0x3694,0
"mov r0, r3",0
"mov r1, r4",0
bl 0xbe0,0
"cmp r0, 0",0
"popne {r4, pc}",0
bl 0x3770,0
"cmp r4, 0",0
"moveq r4, 0x40              ; '@'",0
"streq r4, [r1]",0
b 0x366c,0
bl 0xb98,0
"mov r0, r4",0
"pop {r4, pc}",0
bge 0xfeaae14c,0
"push {r4, lr}",0
"mov r4, r0",0
bl 0xc70,0
"rsbs r1, r0, 1",0
"movlo r1, 0",0
"cmp r4, 0",0
"moveq r1, 0",0
"cmp r1, 0",0
bne 0x36d4,0
"mov r2, r4",0
"pop {r4, lr}",0
b 0xce8,0
bl 0x3770,0
"push {r3, lr}",0
bl 0xb5c,0
"cmp r0, 0",0
"popne {r3, pc}",0
bl 0x3770,0
"push {r3, r4, r5, lr}",0
"mov r5, r0",0
"mov r0, r1",0
"mov r4, r1",0
bl 0xc70,0
"rsbs r3, r0, 1",0
"movlo r3, 0",0
"cmp r4, 0",0
"moveq r3, 0",0
"cmp r3, 0",0
bne 0x3728,0
"mov r1, r5",0
"mov r2, r4",0
"pop {r3, r4, r5, lr}",0
b 0xbb0,0
bl 0x3770,0
"push {r3, r4, r5, lr}",0
"mov r5, r0",0
bl 0xcb8,0
"add r4, r0, 1",0
"mov r0, r4",0
bl 0xc70,0
"adds r3, r4, 0",0
"movne r3, 1",0
"cmp r0, 0",0
"movne r3, 0",0
"cmp r3, 0",0
bne 0x376c,0
"mov r1, r5",0
"mov r2, r4",0
"pop {r3, r4, r5, lr}",0
b 0xbb0,0
bl 0x3770,0
"push {r3, lr}",0
"ldr r3, [0x000037a4]        ; [0x37a4:4]=0x147c8",0
"ldr r1, [0x000037a8]        ; [0x37a8:4]=0xc570",0
"mov r2, 5",0
"mov r0, 0",0
"ldr r4, [r3]",0
bl 0xbd4,0
"mov r1, 0",0
"mov r3, r0",0
"ldr r2, [0x000037ac]        ; [0x37ac:4]=0xc178",0
"mov r0, r4",0
bl 0xc4c,0
bl 0xd84,0
"andeq r4, r1, r8, asr 15",0
"andeq ip, r0, r0, ror r5",0
"andeq ip, r0, r8, ror r1",0
"push {r4, r5, r6, lr}",0
"mov r4, r0",0
bl 0xc34,0
"mov r6, r0",0
"mov r0, r4",0
"ldr r5, [r4]",0
bl 0x3b78,0
"and r5, r5, 0x20",0
"adds r4, r0, 0",0
"movne r4, 1",0
"cmp r5, 0",0
bne 0x3800,0
"cmp r4, 0",0
"moveq r3, r4",0
beq 0x37f8,0
"cmp r6, 0",0
beq 0x381c,0
"mvn r3, 0",0
"mov r0, r3",0
"pop {r4, r5, r6, pc}",0
"cmp r4, 0",0
bne 0x37f4,0
bl 0xcd0,0
"mvn r3, 0",0
"str r4, [r0]",0
"mov r0, r3",0
"pop {r4, r5, r6, pc}",0
bl 0xcd0,0
"ldr r3, [r0]",0
"cmp r3, 9",0
"moveq r3, r6",0
"mvnne r3, 0",0
b 0x37f8,0
"push {r4, r5, r6, r7, r8, sb, sl, fp, lr}",0
"mov r0, 0xe",0
"sub sp, sp, 0x74",0
bl 0xd60,0
"ldr r7, [0x00003b58]        ; [0x3b58:4]=0x14968 ; ""hI\x01""",0
"cmp r0, 0",0
"ldr r4, [r7]",0
"ldr r6, [0x00003b5c]        ; [0x3b5c:4]=0xbef8",0
"movne r6, r0",0
"cmp r4, 0",0
beq 0x38f0,0
"ldrb r5, [r4]",0
"cmp r5, 0",0
bne 0x3898,0
b 0x38d4,0
bl 0xcb8,0
"add r0, r0, 1",0
"add r4, r4, r0",0
"mov r0, r4",0
bl 0xcb8,0
"add r0, r0, 1",0
"ldrb r5, [r4, r0]",0
"add r4, r4, r0",0
"cmp r5, 0",0
beq 0x38d4,0
"mov r1, r4",0
"mov r0, r6",0
bl 0xb80,0
"cmp r0, 0",0
"mov r0, r4",0
beq 0x38c4,0
"cmp r5, 0x2a",0
bne 0x3870,0
"ldrb r3, [r4, 1]",0
"cmp r3, 0",0
bne 0x3870,0
"mov r0, r4",0
bl 0xcb8,0
"add r0, r0, 1",0
"add r6, r4, r0",0
"ldrb r0, [r6]",0
"ldr r3, [0x00003b60]        ; [0x3b60:4]=0xc5ac",0
"cmp r0, 0",0
"movne r0, r6",0
"moveq r0, r3",0
"add sp, sp, 0x74",0
"pop {r4, r5, r6, r7, r8, sb, sl, fp, pc}",0
"ldr r0, [0x00003b64]        ; [0x3b64:4]=0xc5b4",0
bl 0xc64,0
"subs r5, r0, 0",0
beq 0x3b10,0
"ldrb r3, [r5]",0
"cmp r3, 0",0
beq 0x3aac,0
bl 0xcb8,0
"subs sl, r0, 0",0
"subne r3, sl, 1",0
bne 0x3ab8,0
"mov r3, 0",0
"mov sb, r3",0
"add fp, r3, sl",0
"add r0, fp, 0xe",0
bl 0xc70,0
"subs r8, r0, 0",0
beq 0x3b08,0
"mov r2, sl",0
"mov r1, r5",0
bl 0xbb0,0
"cmp sb, 0",0
"movne r3, 0x2f              ; '/'",0
"strbne r3, [r8, sl]",0
"ldr r1, [0x00003b68]        ; [0x3b68:4]=0xc5c4",0
"mov r2, 0xe",0
"add r0, r8, fp",0
bl 0xbb0,0
"mov r0, r8",0
"mov r1, 0x8000",0
bl 0xc58,0
"subs sl, r0, 0",0
blt 0x3ad8,0
"ldr r1, [0x00003b6c]        ; [0x3b6c:4]=0xc5d4",0
bl 0xb50,0
"subs r5, r0, 0",0
"movne sl, 0",0
beq 0x3ad0,0
"ldmib r5, {r2, r3}",0
"cmp r2, r3",0
"ldrblo r0, [r2], 1",0
"strlo r2, [r5, 4]",0
bhs 0x3b38,0
"cmp r0, 0xa",0
"cmpne r0, 0x20",0
beq 0x3988,0
"cmp r0, 9",0
beq 0x3988,0
"cmp r0, 0x23",0
beq 0x3a54,0
"mov r1, r5",0
bl 0xcc4,0
"mov r0, r5",0
"ldr r1, [0x00003b70]        ; [0x3b70:4]=0xc5d8",0
"add r2, sp, 8",0
"add r3, sp, 0x3c",0
bl 0xcf4,0
"cmp r0, 1",0
ble 0x3a84,0
"add r0, sp, 8",0
bl 0xcb8,0
"mov fp, r0",0
"add r0, sp, 0x3c",0
bl 0xcb8,0
"cmp sl, 0",0
"mov r2, r0",0
bne 0x3ae0,0
"add sl, r0, fp",0
"add r0, sl, 3",0
"str r2, [sp, 4]",0
bl 0xc70,0
"ldr r2, [sp, 4]",0
"add sl, sl, 2",0
"mov sb, r0",0
"cmp sb, 0",0
beq 0x3b20,0
"mvn r3, 1",0
"rsb r4, r2, sl",0
"rsb r3, fp, r3",0
"add r0, r3, r4",0
"add r1, sp, 8",0
"add r0, sb, r0",0
bl 0xc28,0
"sub r0, r4, 1",0
"add r0, sb, r0",0
"add r1, sp, 0x3c",0
bl 0xc28,0
"mov r4, sb",0
b 0x3988,0
"ldr r2, [r5, 4]",0
"ldr r1, [r5, 8]",0
"mov r3, r2",0
"cmp r2, r1",0
"ldrblo r0, [r3], 1",0
"strlo r3, [r5, 4]",0
bhs 0x3b4c,0
"cmp r0, 0xa",0
"cmnne r0, 1",0
bne 0x3a54,0
"cmn r0, 1",0
bne 0x3988,0
"mov r0, r5",0
bl 0x3b78,0
"cmp sl, 0",0
beq 0x3ad8,0
"mov r3, 0",0
"strb r3, [r4, sl]",0
"mov r0, r8",0
bl 0xb98,0
"str r4, [r7]",0
b 0x3860,0
"ldr r5, [0x00003b74]        ; [0x3b74:4]=0xc584",0
"mov r3, 0x24                ; '$'",0
"mov sl, 0x25                ; '%'",0
"ldrb r3, [r5, r3]",0
"cmp r3, 0x2f",0
"movne r3, 1",0
"movne sb, r3",0
bne 0x3924,0
b 0x391c,0
"mov r0, sl",0
bl 0xd90,0
"ldr r4, [0x00003b5c]        ; [0x3b5c:4]=0xbef8",0
b 0x3a9c,0
"add r3, fp, r0",0
"add sl, r3, sl",0
"add r1, sl, 3",0
"mov r0, r4",0
"str r2, [sp, 4]",0
bl 0xbe0,0
"add sl, sl, 2",0
"mov sb, r0",0
"ldr r2, [sp, 4]",0
b 0x3a18,0
"ldr r4, [0x00003b5c]        ; [0x3b5c:4]=0xbef8",0
b 0x3aa4,0
"mov r3, 0x24                ; '$'",0
"mov sl, 0x25                ; '%'",0
"ldr r5, [0x00003b74]        ; [0x3b74:4]=0xc584",0
b 0x3ab8,0
"mov r0, r4",0
bl 0xb98,0
"mov r0, r5",0
bl 0x3b78,0
"ldr r4, [0x00003b5c]        ; [0x3b5c:4]=0xbef8",0
b 0x3a9c,0
"mov r0, r5",0
bl 0xd3c,0
"cmn r0, 1",0
beq 0x3a84,0
b 0x399c,0
"mov r0, r5",0
bl 0xd3c,0
b 0x3a70,0
"andeq r4, r1, r8, ror 18",0
"strdeq fp, ip, [r0], -r8",0
"andeq ip, r0, ip, lsr 11",0
"strheq ip, [r0], -r4",0
"andeq ip, r0, r4, asr 11",0
"ldrdeq ip, sp, [r0], -r4",0
"ldrdeq ip, sp, [r0], -r8",0
"andeq ip, r0, r4, lsl 11",0
"push {r4, r5, r6, lr}",0
"sub sp, sp, 8",0
"mov r4, r0",0
bl 0xd0c,0
"cmp r0, 0",0
"mov r0, r4",0
blt 0x3c0c,0
bl 0xc88,0
"cmp r0, 0",0
bne 0x3bd8,0
"mov r0, r4",0
bl 0x3c18,0
"cmp r0, 0",0
beq 0x3c08,0
bl 0xcd0,0
"ldr r6, [r0]",0
"mov r5, r0",0
"mov r0, r4",0
bl 0xd24,0
"cmp r6, 0",0
"strne r6, [r5]",0
"mvnne r0, 0",0
"add sp, sp, 8",0
"pop {r4, r5, r6, pc}",0
"mov r0, r4",0
bl 0xd0c,0
"mov r3, 1",0
"str r3, [sp]",0
"mov r2, 0",0
"mov r3, 0",0
bl 0xc10,0
"mvn r2, 0",0
"mvn r3, 0",0
"cmp r1, r3",0
"cmpeq r0, r2",0
bne 0x3ba0,0
"mov r0, r4",0
"add sp, sp, 8",0
"pop {r4, r5, r6, lr}",0
b 0xd24,0
"push {r4, lr}",0
"subs r4, r0, 0",0
"sub sp, sp, 8",0
beq 0x3c34,0
bl 0xc88,0
"cmp r0, 0",0
bne 0x3c44,0
"mov r0, r4",0
"add sp, sp, 8",0
"pop {r4, lr}",0
b 0xb8c,0
"ldr r3, [r4]",0
"tst r3, 0x100",0
beq 0x3c34,0
"mov r3, 1",0
"str r3, [sp]",0
"mov r0, r4",0
"mov r2, 0",0
"mov r3, 0",0
bl 0x3c6c,0
b 0x3c34,0
"push {r4, r5, r6, r7, lr}",0
"ldmib r0, {r1, ip}",0
"sub sp, sp, 0x14",0
"cmp ip, r1",0
"mov r6, r0",0
"ldr r4, [sp, 0x28]",0
beq 0x3c9c,0
"mov r0, r6",0
"str r4, [sp, 0x28]",0
"add sp, sp, 0x14",0
"pop {r4, r5, r6, r7, lr}",0
b 0xd30,0
"ldr ip, [r0, 0x14]",0
"ldr r1, [r0, 0x10]",0
"cmp ip, r1",0
bne 0x3c88,0
"ldr r7, [r0, 0x24]",0
"cmp r7, 0",0
bne 0x3c88,0
"str r2, [sp, 0xc]",0
"str r3, [sp, 8]",0
bl 0xd0c,0
"str r4, [sp]",0
"ldr r2, [sp, 0xc]",0
"ldr r3, [sp, 8]",0
bl 0xc10,0
"mvn r4, 0",0
"mvn r5, 0",0
"cmp r1, r5",0
"cmpeq r0, r4",0
beq 0x3d08,0
"ldr r3, [r6]",0
"str r0, [r6, 0x50]",0
"str r1, [r6, 0x54]",0
"bic r3, r3, 0x10",0
"str r3, [r6]",0
"mov r0, r7",0
"add sp, sp, 0x14",0
"pop {r4, r5, r6, r7, pc}",0
"mvn r0, 0",0
b 0x3d00,0
"subs r2, r1, 1",0
bxeq lr,0
blo 0x3dac,0
"cmp r0, r1",0
bls 0x3d90,0
"tst r1, r2",0
beq 0x3d9c,0
"clz r3, r1",0
"clz r2, r0",0
"sub r2, r3, r2",0
"mov r3, 1",0
"lsl r1, r1, r2",0
"lsl r3, r3, r2",0
"mov r2, 0",0
"cmp r0, r1",0
"subhs r0, r0, r1",0
"orrhs r2, r2, r3",0
"cmp r0, r1, lsr 1",0
"subhs r0, r0, r1, lsr 1",0
"orrhs r2, r2, r3, lsr 1",0
"cmp r0, r1, lsr 2",0
"subhs r0, r0, r1, lsr 2",0
"orrhs r2, r2, r3, lsr 2",0
"cmp r0, r1, lsr 3",0
"subhs r0, r0, r1, lsr 3",0
"orrhs r2, r2, r3, lsr 3",0
"cmp r0, 0",0
"lsrsne r3, r3, 4",0
"lsrne r1, r1, 4",0
bne 0x3d48,0
"mov r0, r2",0
bx lr,0
"moveq r0, 1",0
"movne r0, 0",0
bx lr,0
"clz r2, r1",0
"rsb r2, r2, 0x1f",0
"lsr r0, r0, r2",0
bx lr,0
"cmp r0, 0",0
"mvnne r0, 0",0
b 0x3dd8,0
"cmp r1, 0",0
beq 0x3dac,0
"push {r0, r1, lr}",0
bl 0x3d10,0
"pop {r1, r2, lr}",0
"mul r3, r2, r0",0
"sub r1, r1, r3",0
bx lr,0
"push {r1, lr}",0
"mov r0, 8",0
bl 0xb74,0
"pop {r1, pc}",0
"push {r3, r4, r5, r6, r7, r8, sl, lr}",0
"mov r7, r0",0
"ldr r5, [0x00003e44]        ; [0x3e44:4]=0x87e8",0
"mov r8, r1",0
"ldr r6, [0x00003e48]        ; [0x3e48:4]=0x87e4",0
"mov sl, r2",0
"add r5, pc, r5",0
bl 0xb30,0
"add r6, pc, r6",0
"rsb r6, r5, r6",0
"asrs r6, r6, 2",0
"popeq {r3, r4, r5, r6, r7, r8, sl, pc}",0
"sub r5, r5, 4",0
"mov r4, 0",0
"ldr r3, [r5, 4]!",0
"mov r0, r7",0
"mov r1, r8",0
"mov r2, sl",0
"add r4, r4, 1",0
blx r3,0
"cmp r4, r6",0
bne 0x3e20,0
"pop {r3, r4, r5, r6, r7, r8, sl, pc}",0
"andeq r8, r0, r8, ror 15",0
"andeq r8, r0, r4, ror 15",0
bx lr,0
"ldr r3, [0x00003e74]        ; [0x3e74:4]=0x8880",0
"mov r1, 0",0
"ldr r2, [0x00003e78]        ; [0x3e78:4]=212",0
"add r3, pc, r3",0
"ldr r3, [r3, r2]",0
"cmp r3, 0",0
"ldrne r2, [r3]",0
"moveq r2, r3",0
b 0xcdc,0
"andeq r8, r0, r0, lsl 17",0
"ldrdeq r0, r1, [r0], -r4",0
"push {r3, lr}",0
"pop {r3, pc}",1
"andeq r0, r2, r1",1
invalid,1
"strhs r3, [r0, -0xa65]!",1
"ldmdbvs fp, {r0, r1, r4, r5, r6, sp} ^",1
"rsbvc r6, pc, 0x670",1
invalid,1
invalid,1
"stcvs p4, c6, [r0], -0x1b8",1
"rsbhs r6, r5, sb, ror 28",1
"strbvc r7, [r7, -0x261]!",1
"strbtvc r6, [lr], -0x56d",1
"andhs r5, sl, r3, ror sp",1
blo 0x1c9fb3c,1
invalid,1
"ldrbpl r4, [r0], -0xf20",1
beq 0x1397bec,1
"andeq r0, r0, r0",1
"strbtvc r7, [sb], -0x845",1
"strbtvc r7, [sb], -0x720",1
"rsbhs r2, r1, r8, rrx",1
"strbtvc r7, [r1], -0x473",1
invalid,1
"rsbhs r6, r5, pc, ror 8",1
"stmdbvs r4!, {r0, r3, r5, r6, sb, sl, fp, sp, lr} ^",1
"ldmdbvs r4!, {r0, r1, r5, r6, r8, sp, lr} ^",1
"strtvs r6, [r0], -lr, ror 14",1
"strbvc r6, [ip, -0x961]!",1
"eoreq r6, lr, r2, ror r5",1
beq 0x2a0b90,1
"andeq r0, r0, r0",1
"eorhs r2, r0, r0, lsr 32",1
"stchs p0, c2, [sp, -0x80]!",1
"rsbvc r6, ip, r8, ror 10",1
"eorhs r2, r0, r0, lsr 32",1
invalid,1
"stmdbvc r1!, {r4, r5, r6, sl, fp, sp, lr} ^",1
"stmdbvs r8!, {r5, sl, ip, sp, lr} ^",1
"strbvs r2, [r8, -0x73]!",1
invalid,1
"strvs r6, [r0, -0x46e]!",1
beq 0x1d1e50c,1
"andeq r0, r0, r0",1
"eorhs r2, r0, r0, lsr 32",1
"stchs p0, c2, [sp, -0x80]!",1
"cmnvc r2, 0x1d800000",1
"rsbhs r6, lr, sb, ror 30",1
"ldrbtvc r6, [r5], -0xf20",1
"rsbshs r7, r4, r0, ror r5",1
"cmnvc r2, 0x1d800000",1
"rsbhs r6, lr, sb, ror 30",1
svcvs 0x666e69,1
"strbtvc r6, [r1], -0xd72",1
"rsbhs r6, lr, sb, ror 30",1
"rsbhs r6, r4, r1, ror 28",1
"strbtvc r7, [sb], -0x865",1
"andeq r0, r0, sl",1
"strbpl r4, [pc], -0xe0a",1
"stmdbvc r0!, {r0, r2, r6, sb, fp, ip, sp}",1
"rsbshs r7, r2, pc, ror 10",1
"stclvs p8, c6, [r5], -0x1cc",1
invalid,1
invalid,1
"stmdbvs r0!, {r1, r2, r4, r5, r6, r8, sl, sp, lr}",1
svcvs 0x207374,1
"qsub16vc r6, r0, r7",1
"ldmdbvs r3!, {r0, r2, r5, r6, sb, ip, sp, lr} ^",1
svcvs 0x206e6f,1
invalid,1
"ldmdavs r7!, {r2, r3, r5, sp} ^",1
"rsbhs r6, r8, sb, ror 6",1
"cmnvs r5, r5, ror r3",1
"rsbshs r6, sb, ip, ror 24",1
"ldrbvs r7, [r0, -0x573]!",1
"strbtvs r7, [r5], -0x372",1
"strvc r7, [sl], -0x365",1
"strtvc r6, [r0], -r8, ror 10",1
"ldmdbvs r3!, {r0, r2, r5, r6, sb, ip, sp, lr} ^",1
"strtvs r6, [r0], -0xe6f",1
"rsbvc r7, r3, 0x94000001",1
"strbtvs r6, [r5], -0x269",1
"rsbvc r6, r5, 32, 16",1
"eorhs r2, r0, r5, ror 28",1
"qdsubvs r6, r0, r5",1
"eorvc r6, r0, 0x1cc00000",1
"rsbvc r6, r5, 0x6500000",1
"rsbhs r7, pc, r0, lsr 8",1
"rsbsvc r6, r5, 0x1e4",1
"strbvs r7, [r8, -0x320]!",1
invalid,1
invalid,1
"mcrvs p13, 3, r6, c5, c5, 3",1
"ldmdbvs r4!, {r2, r4, r5, r6, r8, sp, lr} ^",1
"strvs r6, [sl], -pc, ror 28",1
"strtvs r7, [r0], -0x26f",1
"stmdbvs r1!, {r0, r2, r5, r6, sl, ip, sp, lr} ^",1
invalid,1
"ldrbtvc r6, [r5], -0xf62",1
"strbvs r7, [r8, -0x420]!",1
"ldrbtvc r6, [r0], -0xf20",1
invalid,1
"rsbshs r6, r4, r0, lsr 18",1
"rsbsvc r7, r0, r3, ror r5",1
"cmnvc r4, 0xf0000006",1
"andeq r0, r0, lr, lsr 20",1
invalid,1
"andeq r0, r0, r5, rrx",1
"rsbshs r2, r3, sl, lsl 10",1
"stmdbvs ip!, {r0, r1, r2, r3, r5, r6, sb, sl, fp, sp, lr} ^",1
"stmdavs r0!, {r1, r2, r3, r5, r6, r8, sl, sp, lr}",1
blo 0x1c1f1d4,1
invalid,1
"andeq r0, r0, lr, lsr sl",1
"subshs r4, r5, r7, asr 28",1
"ldrbvs r6, [r2, -0xf63]!",1
"stclvs p4, c7, [sb], -0x1d4",1
"andeq r0, r0, r3, ror r0",1
"rsbsvc r7, r4, r8, ror 8",1
invalid,1
invalid,1
svcvs 0x2e756e,1
invalid,1
"ldrbvc r6, [r4, -pc, ror 12]!",1
svchs 0x657261,1
"ldrbvs r6, [r2, -0xf63]!",1
"stclvs p4, c7, [sb], -0x1d4",1
"andeq r2, r0, r3, ror pc",1
"subseq r6, pc, r5, ror 28",1
svcvs 0x706552,1
"strhs r7, [r0, -0x472]!",1
"rsbsvc r2, r4, 0x73",1
"ldclvs p14, c6, [r3], -0x184",1
svcvs 0x697461,1
"strbvc r2, [r2, -0x6e]!",1
"strtvc r7, [r0], -0x367",1
"ldmdavs ip!, {r0, r1, r2, r3, r5, r6, sp}",1
blo 0x1c21278,1
"rsbsvc r2, r4, 47, 30",1
"ldclvs p14, c6, [r3], -0x184",1
svcvs 0x697461,1
svcvs 0x72706e,1
"strbtvc r6, [r3], -0x56a",1
"ldrbvs r6, [r2, -lr, lsr 30]!",1
invalid,1
beq 0xf8fe7c,1
"andeq r0, r0, r0",1
"rsbshs r6, r2, r6, asr 30",1
"rsbvc r6, sp, r3, ror 30",1
"ldrbvs r6, [r4, -0x56c]!",1
invalid,1
"mcrvs p13, 3, r6, c5, c5, 3",1
"ldmdbvs r4!, {r2, r4, r5, r6, r8, sp, lr} ^",1
"eorhs r6, ip, pc, ror 28",1
blo 0x1ba16b4,1
"strbtvs r6, [lr], -r0, lsr 18",1
svcvs 0x63206f,1
"ldrbtvc r6, [r5], -0x572",1
"rsbshs r6, r3, sb, ror 24",1
"rsbshs r2, r3, r7, lsr 10",1
svcvs 0x766e69,1
"ldmdbvs r4!, {r0, r1, r5, r6, r8, sp, lr} ^",1
beq 0x9dfac8,1
"andeq r0, r0, r0",1
"stclvs p8, c6, [0x00004058]!",1
"ldmdbvs r4!, {r0, r2, r5, r6, r8, sb, sl, fp, sp} ^",1
"cdpvs p6, 6, c6, c1, c6, 3",1
"eorvs r6, pc, 0x90000007",1
"strbtvs r6, [ip], -0x975",1
"rsbvc r6, pc, 0xbc000000",1
"ldmdbvs r4!, {r0, r2, r5, r6, r8, sl, ip, sp, lr} ^",1
svcmi 0x5f736c,1
"ldmdavs r3!, {r0, r1, r4, r5, r8, sb, sl, fp, sp} ^",1
svchs 0x657261,1
invalid,1
"andeq r6, r0, ip, ror 10",1
"strbvs r2, [r8, -0xd2d]!",1
"andeq r7, r0, ip, rrx",1
"ldrbvs r2, [r6, -0xd2d]!",1
svcvs 0x697372,1
"andeq r0, r0, lr, rrx",1
"rsbhs r6, sp, sl, asr 18",1
"ldrbvs r6, [sb, -0x54d]!",1
invalid,1
"andeq r0, r0, r0",1
"eorslo r2, r2, 56, 28",1
"andeq r0, r0, r0",1
"strbtvc r7, [sb], -0x277",1
"rsbvc r2, r5, 0x65",1
"rsbseq r6, r2, r2, ror pc",1
"eorshs r7, sl, r5, lsr 6",1
"andeq r7, r0, r5, lsr 6",1
"strbpl r2, [lr, -0x41]",1
invalid,1
blpl 0x1d9df54,1
invalid,1
"eorvc r7, r0, r1, ror 6",1
"ldrbvs r7, [r3, -0x361]!",1
"ldmdavs r4!, {r2, r5, r6, sp} ^",1
invalid,1
"cdpvs p0, 6, c2, c1, c8, 3",1
"ldrbvs r6, [r8, -0x520]!",1
"ldmdbvc r3!, {r0, r1, r5, r6, sp} ^",1
"stclvs p4, c7, [r5, -0x1cc]!",1
"stclvs p3, c6, [r1], -0x80",1
"andeq r2, sl, ip, ror 28",1
"stmdbvs ip!, {r0, r1, r2, r3, r5, sb, sl, fp, sp} ^",1
"eoreq r7, pc, r2, ror 6",1
"eoreq r7, sp, ip, ror 8",1
"andeq r0, r0, r0",1
"andeq r0, r0, r1",1
"andeq r0, r0, r2",1
"andeq r0, r0, r3",1
"andeq r0, r0, r4",1
"andeq r0, r0, r5",1
"andeq r0, r0, r6",1
"andeq r0, r0, r7",1
"andeq ip, r0, r0, lsr 4",1
"andeq ip, r0, r8, lsr 4",1
"andeq ip, r0, r0, lsr r2",1
"andeq ip, r0, r0, asr 4",1
"andeq ip, r0, r4, asr 4",1
"andeq ip, r0, ip, asr 4",1
"andeq ip, r0, r4, lsr r1",1
"andeq ip, r0, r4, asr r2",1
"andeq r0, r0, r0",1
"addseq r8, sb, r2, ror 1",1
"andeq sl, r0, r1, lsr 31",1
"andeq r0, r0, r7, lsr 32",1
"andeq r0, r0, r2, lsr 32",1
"rsbeq r0, r5, r1, lsr 15",1
"addseq r8, r8, r2, ror 1",1
"andeq r0, r0, r0, rrx",1
"ldrbvs r6, [r4, -0x96c]!",1
"rsbeq r6, ip, r2, ror r1",1
"stclvs p8, c6, [r5], -0x1cc",1
"andeq r0, r0, ip, rrx",1
"stclvs p8, c6, [r5], -0x1cc",1
"stclvs p13, c2, [r1], -0x1b0",1
"cmnvc sb, 0xc000001d",1
"andeq r0, r0, r0",1
"andeq r0, r0, r3, rrx",1
invalid,1
"rsbeq r6, r5, sb, ror r2",1
invalid,1
"andeq r6, r0, r0, ror r5",1
invalid,1
"rsbeq r6, r5, r1, ror 24",1
"stmdahs r0!, {r0, r2, r5, r8, sb, ip, sp, lr}",1
"eorhs r7, sb, r5, lsr 6",1
"andeq r7, sl, r5, lsr 6",1
"strhs r7, [r0, -0x325]!",1
"andeq r0, r0, r3, ror sl",1
"eoreq r4, sb, r8, lsr 6",1
invalid,1
"ldrbvs r6, [r3, -0xe65]!",1
"mrrcmi p7, 2, r4, r0, c0",1
blo 0xad1060,1
"strbpl r4, [lr, -0x720]",1
"mrrcmi p7, 2, r4, r0, c0",1
"rsbvc r7, r5, 32, 12",1
"mcrvs p9, 3, r6, c15, c3, 3",1
svcvs 0x203320,1
invalid,1
"rsbshs r6, r2, r4, ror r5",1
"ldrbtvc r6, [r4], -0x83c",1
svchs 0x2f3a70,1
"cdphs p14, 7, c6, c5, c7, 3",1
svchs 0x67726f,1
"strbvs r6, [r3, -0x96c]!",1
invalid,1
"ldclvs p7, c6, [r0], -0xbc",1
"ldclvs p8, c6, [r4, -0xb8]!",1
beq 0xb93c78,1
invalid,1
"rsbshs r6, r3, r0, lsr 18",1
"strbvs r7, [r5, -0x266]!",1
"strbtvs r7, [pc], -r0, lsr 6",1
"rsbvc r7, r1, 116, 14",1
"stmdbvc r0!, {r0, r2, r5, r6, sb, fp, ip, sp}",1
invalid,1
"qsub16vs r6, r0, r2",1
"rsbhs r6, r5, r2, ror r5",1
invalid,1
"strbvs r6, [lr, -r8, ror 2]!",1
"cdpvs p0, 6, c2, c1, c5, 3",1
"ldrbvs r2, [r2, -0x64]!",1
"ldrbtvc r6, [r3], -0x964",1
"strbvc r6, [r2, -0x972]!",1
"stmdbvs r0!, {r2, r4, r5, r6, r8, sl, sp, lr}",1
"strpl r2, [sl], -0xe74",1
"ldrbvs r6, [r2, -0x568]!",1
"rsbshs r6, r3, r0, lsr 18",1
"strpl r4, [r0, -lr, asr 30]!",1
"cmpmi r2, r1, asr 4",1
"mrrchs p4, 4, r5, sb, c14",1
"rsbhs r7, pc, r0, lsr 8",1
"rsbhs r6, r5, r4, ror r8",1
"ldrbvs r7, [r4, -0x865]!",1
"eorvc r7, r0, lr, ror 8",1
"stmdbvs sp!, {r0, r2, r5, r6, sb, ip, sp, lr} ^",1
"strbtvs r7, [r5], -0x474",1
"rsbshs r6, sb, r0, lsr 4",1
"cdphs p1, 7, c6, c7, c12, 3",1
"andeq r0, r0, sl, lsl 20",1
"strbtvc r7, [sb], -0x257",1
"rsbhs r6, lr, r4, ror r5",1
"strhs r7, [r0, -0x962]!",1
"andeq r2, sl, r3, ror lr",1
"strbtvc r7, [sb], -0x257",1
"rsbhs r6, lr, r4, ror r5",1
"strhs r7, [r0, -0x962]!",1
"mcrvs p0, 3, r2, c1, c3, 3",1
invalid,1
"andeq r0, r0, lr, lsr 20",1
"strbtvc r7, [sb], -0x257",1
"rsbhs r6, lr, r4, ror r5",1
"strhs r7, [r0, -0x962]!",1
"strhs r2, [r0, -0xc73]!",1
invalid,1
"strhs r6, [r0, -0x46e]!",1
"andeq r2, sl, r3, ror lr",1
"strbtvc r7, [sb], -0x257",1
"rsbhs r6, lr, r4, ror r5",1
"strhs r7, [r0, -0x962]!",1
"strhs r2, [r0, -0xc73]!",1
"strhs r2, [r0, -0xc73]!",1
invalid,1
"strhs r6, [r0, -0x46e]!",1
"andeq r2, sl, r3, ror lr",1
"strbtvc r7, [sb], -0x257",1
"rsbhs r6, lr, r4, ror r5",1
"strhs r7, [r0, -0x962]!",1
"strhs r2, [r0, -0xc73]!",1
"strhs r2, [r0, -0xc73]!",1
"strhs r2, [sl, -0xc73]",1
invalid,1
"strhs r6, [r0, -0x46e]!",1
"andeq r2, sl, r3, ror lr",1
"strbtvc r7, [sb], -0x257",1
"rsbhs r6, lr, r4, ror r5",1
"strhs r7, [r0, -0x962]!",1
"strhs r2, [r0, -0xc73]!",1
"strhs r2, [r0, -0xc73]!",1
"strhs r2, [sl, -0xc73]",1
"strhs r2, [r0, -0xc73]!",1
invalid,1
"strhs r6, [r0, -0x46e]!",1
"andeq r2, sl, r3, ror lr",1
"strbtvc r7, [sb], -0x257",1
"rsbhs r6, lr, r4, ror r5",1
"strhs r7, [r0, -0x962]!",1
"strhs r2, [r0, -0xc73]!",1
"strhs r2, [r0, -0xc73]!",1
"strhs r2, [sl, -0xc73]",1
"strhs r2, [r0, -0xc73]!",1
"strhs r2, [r0, -0xc73]!",1
invalid,1
"strhs r6, [r0, -0x46e]!",1
"andeq r2, sl, r3, ror lr",1
"strbtvc r7, [sb], -0x257",1
"rsbhs r6, lr, r4, ror r5",1
"strhs r7, [r0, -0x962]!",1
"strhs r2, [r0, -0xc73]!",1
"strhs r2, [r0, -0xc73]!",1
"strhs r2, [sl, -0xc73]",1
"strhs r2, [r0, -0xc73]!",1
"strhs r2, [r0, -0xc73]!",1
"strhs r2, [r0, -0xc73]!",1
invalid,1
"strhs r6, [r0, -0x46e]!",1
"andeq r2, sl, r3, ror lr",1
"strbtvc r7, [sb], -0x257",1
"rsbhs r6, lr, r4, ror r5",1
"strhs r7, [r0, -0x962]!",1
"strhs r2, [r0, -0xc73]!",1
"strhs r2, [r0, -0xc73]!",1
"strhs r2, [sl, -0xc73]",1
"strhs r2, [r0, -0xc73]!",1
"strhs r2, [r0, -0xc73]!",1
"strhs r2, [r0, -0xc73]!",1
"strhs r2, [sl, -0xc73]",1
invalid,1
"strhs r6, [r0, -0x46e]!",1
"andeq r2, sl, r3, ror lr",1
"strbtvc r7, [sb], -0x257",1
"rsbhs r6, lr, r4, ror r5",1
"strhs r7, [r0, -0x962]!",1
"strhs r2, [r0, -0xc73]!",1
"strhs r2, [r0, -0xc73]!",1
"strhs r2, [sl, -0xc73]",1
"strhs r2, [r0, -0xc73]!",1
"strhs r2, [r0, -0xc73]!",1
"strhs r2, [r0, -0xc73]!",1
"strhs r2, [sl, -0xc73]",1
"strhs r2, [r0, -0xc73]!",1
invalid,1
svcvs 0x20646e,1
"rsbvc r6, r5, 116, 16",1
"andeq r2, sl, r3, ror lr",1
"rsbvc r5, r5, sl, lsl 4",1
"rsbshs r7, r4, pc, ror 4",1
invalid,1
blo 0x1be1550,1
beq 0x1ccd954,1
"andeq r0, r0, r0",1
"stclhs p5, c7, [r7, -0x188]!",1
"ldrbvs r6, [r2, -0xf63]!",1
"stclvs p4, c7, [sb], -0x1d4",1
"mcrvs p0, 3, r4, c7, c3, 3",1
"rsbvc r2, pc, 0x750",1
"andeq r0, r0, r7, rrx",1
"stmdavs r0!, {r0, r2, r5, r8, sb, ip, sp, lr}",1
"rsbhs r6, r5, pc, ror 26",1
"strbvs r6, [r7, -0x170]!",1
"ldrhs r2, [ip, -0x3a]!",1
"andeq r3, sl, r3, ror lr",1
"strbvs r6, [lr, -0x547]!",1
"rsbhs r6, ip, r2, ror r1",1
"rsbvc r6, ip, r8, ror 10",1
"ldmdbvs r3!, {r5, r8, sl, ip, sp, lr} ^",1
"strmi r6, [r0, -lr, ror 14]!",1
invalid,1
"ldrbvc r6, [r4, -pc, ror 12]!",1
blo 0x1960ea8,1
"strbtvc r3, [r8], -0xc20",1
svchs 0x3a7074,1
"ldrbvc r7, [r7, -pc, lsr 14]!",1
"strbvc r6, [lr, -0x72e]!",1
"ldrbvs r6, [r2, -lr, lsr 30]!",1
"strbtvc r6, [r5], -0x72f",1
"rsbvc r6, ip, r8, ror 10",1
"andeq r3, sl, pc, lsr 28",1
"ldmdbvc r0!, {r0, r1, r6, r8, sb, sl, fp, sp, lr} ^",1
"stmdavs r7!, {r1, r4, r5, r6, r8, fp, sp, lr} ^",1
invalid,1
"rsbhs r2, r4, r0, lsr 10",1
"strbvs r7, [r5, -0x246]!",1
"strbtvs r5, [pc], -r0, lsr 6",1
"rsbvc r7, r1, 116, 14",1
svcvs 0x462065,1
invalid,1
"mcrvs p9, 3, r6, c15, c4, 3",1
"cdpvs p0, 4, c2, c9, c12, 1",1
"andeq r2, r0, r3, ror 28",1
svcvs 0x6d656d,1
"strvs r7, [r0, -0x972]!",1
"strbvc r6, [r1, -0x878]!",1
"strbtvs r7, [r5], -0x473",1
"andeq r0, r0, r0",1
"stclvs p8, c6, [0x000044d0]!",1
"ldmdbvs r4!, {r0, r2, r5, r6, r8, sb, sl, fp, sp} ^",1
"cdpvs p6, 6, c6, c1, c6, 3",1
"eorvs r6, pc, 0x90000007",1
"strbtvs r6, [ip], -0x975",1
"rsbvc r6, pc, 0xbc000000",1
"ldmdbvs r4!, {r0, r2, r5, r6, r8, sl, ip, sp, lr} ^",1
svcmi 0x5f736c,1
"stmdbvs ip!, {r0, r1, r4, r5, r8, sb, sl, fp, sp} ^",1
"andeq r0, r0, r2, rrx",1
"stmdbmi r3, {r0, r6, r8, sb, ip, lr} ^",1
"andeq r0, r0, sb, asr 32",1
"subpl r4, r1, 0x430000",1
"cmpmi r4, r3, asr r5",1
"movtpl r4, 0x194c",1
"subseq r4, r2, r4, asr 18",1
"rsbvc r6, r1, 0x630000",1
"mrchs p5, 3, r6, c4, c3, 3",1
invalid,1
"andeq r0, r0, r3, ror r0",1
"andeq r0, r0, r2, ror r0",1
"teqvc r0, 0x9400000",1
"eorslo r2, r5, r0, lsr 10",1
"andeq r0, r0, r3, ror r0",1
svcvc 0xffc890,1
"andeq r0, r0, r1",1
"andeq r0, r0, r0",1
"andeq r8, r0, r4, ror pc",1
"andeq r8, r0, ip, asr 30",1
"andeq r0, r0, r0",1
"andeq r0, r0, r1",1
"andeq r0, r0, r0, lsl r0",1
"andeq r0, r0, ip",1
"andeq r8, r0, r0, lsr fp",1
"andeq r0, r0, sp",1
"andeq fp, r0, ip, ror lr",1
"andeq r0, r0, sb, lsl r0",1
"strdeq r4, r5, [r1], -r0",1
"andeq r0, r0, fp, lsl r0",1
"andeq r0, r0, r4",1
"andeq r0, r0, sl, lsl r0",1
"strdeq r4, r5, [r1], -r4",1
"andeq r0, r0, ip, lsl r0",1
"andeq r0, r0, r4",1
svcvs 0xfffef5,1
"andeq r8, r0, ip, lsl 3",1
"andeq r0, r0, r5",1
"andeq r8, r0, r8, asr 13",1
"andeq r0, r0, r6",1
"andeq r8, r0, r8, asr 6",1
"andeq r0, r0, sl",1
"andeq r0, r0, r5, lsr 4",1
"andeq r0, r0, fp",1
"andeq r0, r0, r0, lsl r0",1
"andeq r0, r0, r5, lsl r0",1
"andeq r0, r0, r0",1
"andeq r0, r0, r3",1
"andeq r4, r1, r4, ror 13",1
"andeq r0, r0, r2",1
"andeq r0, r0, r8, lsl 3",1
"andeq r0, r0, r4, lsl r0",1
"andeq r0, r0, r1, lsl r0",1
"andeq r0, r0, r7, lsl r0",1
"andeq r8, r0, r8, lsr 19",1
"andeq r0, r0, r1, lsl r0",1
"andeq r8, r0, r0, lsl 19",1
"andeq r0, r0, r2, lsl r0",1
"andeq r0, r0, r8, lsr 32",1
"andeq r0, r0, r3, lsl r0",1
"andeq r0, r0, r8",1
svcvs 0xfffffe,1
"andeq r8, r0, r0, ror 18",1
svcvs 0xffffff,1
"andeq r0, r0, r1",1
svcvs 0xfffff0,1
"andeq r8, r0, lr, ror 17",1
"andeq r0, r0, r0",1
"andeq r0, r0, r0",1
"andeq r0, r0, r0",1
"andeq r0, r0, r0",1
"andeq r0, r0, r0",1
"andeq r0, r0, r0",1
"andeq r0, r0, r0",1
"andeq r0, r0, r0",1
"andeq r0, r0, r0",1
"andeq r0, r0, r0",1
"andeq r0, r0, r0",1
"andeq r0, r0, r0",1
"strdeq r4, r5, [r1], -ip",1
"andeq r0, r0, r0",1
"andeq r0, r0, r0",1
"andeq r8, r0, ip, lsr fp",1
"andeq r8, r0, ip, lsr fp",1
"andeq r8, r0, ip, lsr fp",1
"andeq r8, r0, ip, lsr fp",1
"andeq r8, r0, ip, lsr fp",1
"andeq r8, r0, ip, lsr fp",1
"andeq r8, r0, ip, lsr fp",1
"andeq r8, r0, ip, lsr fp",1
"andeq r8, r0, ip, lsr fp",1
"andeq r8, r0, ip, lsr fp",1
"andeq r8, r0, ip, lsr fp",1
"andeq r8, r0, ip, lsr fp",1
"andeq r8, r0, ip, lsr fp",1
"andeq r8, r0, ip, lsr fp",1
"andeq r8, r0, ip, lsr fp",1
"andeq r8, r0, ip, lsr fp",1
"andeq r8, r0, ip, lsr fp",1
"andeq r8, r0, ip, lsr fp",1
"andeq r8, r0, ip, lsr fp",1
"andeq r8, r0, ip, lsr fp",1
"andeq r8, r0, ip, lsr fp",1
"andeq r8, r0, ip, lsr fp",1
"andeq r8, r0, ip, lsr fp",1
"andeq r8, r0, ip, lsr fp",1
"andeq r8, r0, ip, lsr fp",1
"andeq r8, r0, ip, lsr fp",1
"andeq r8, r0, ip, lsr fp",1
"andeq r8, r0, ip, lsr fp",1
"andeq r8, r0, ip, lsr fp",1
"andeq r8, r0, ip, lsr fp",1
"andeq r8, r0, ip, lsr fp",1
"andeq r8, r0, ip, lsr fp",1
"andeq r8, r0, ip, lsr fp",1
"andeq r8, r0, ip, lsr fp",1
"andeq r8, r0, ip, lsr fp",1
"andeq r8, r0, ip, lsr fp",1
"andeq r8, r0, ip, lsr fp",1
"andeq r8, r0, ip, lsr fp",1
"andeq r8, r0, ip, lsr fp",1
"andeq r8, r0, ip, lsr fp",1
"andeq r8, r0, ip, lsr fp",1
"andeq r8, r0, ip, lsr fp",1
"andeq r8, r0, ip, lsr fp",1
"andeq r8, r0, ip, lsr fp",1
"andeq r8, r0, ip, lsr fp",1
"andeq r8, r0, ip, lsr fp",1
"andeq r8, r0, ip, lsr fp",1
"andeq r8, r0, ip, lsr fp",1
"andeq r8, r0, ip, lsr fp",1
"andeq r0, r0, r0",1
"andeq r4, r1, r0, asr 15",1
"andeq r0, r0, r0",1
"andeq r0, r0, r0",1
"andeq ip, r0, r0, ror 2",1
"andeq r0, r0, r1",1
"ldrdeq r4, r5, [r1], -r4",1
"andeq r0, r0, r1",1
"andeq r0, r0, r0, lsl 2",1
"andeq r4, r1, r8, lsr r8",1
"andeq r0, r0, r6",1
"andeq r0, r0, r0",1
"andeq r0, r0, r0",1
"andeq r0, r0, r0",1
"andeq r0, r0, r0",1
"andeq r0, r0, r0",1
"andeq r0, r0, r0",1
"andeq r0, r0, r0",1
"andeq r0, r0, r0",1
"andeq r0, r0, r0",1
"andeq r0, r0, r0",1
"andeq r0, r0, r0",1
blo 0x10d5530,1
"cdpmi p8, 4, c2, c7, c0, 1",1
"strtlo r2, [r0], -0x955",1
"eorlo r3, lr, 0xb80000",1
"eorseq r4, r4, r0, lsl 2",1
"strbvs r0, [r1, -0]!",1
"rsbeq r6, sb, r1, ror 4",1
"andeq r2, r0, r1, lsl 20",1
"ldchs p5, c0, [r7, -0]!",1
beq 0x18493c,1
invalid,1
"movweq r0, 0xa209",1
"ldreq r0, [r2], -0x10c",1
"tsteq r4, r3, lsl r1",1
"tsteq r7, 0x40000005",1
"tsteq sb, r8, lsl r1",1
"tsteq fp, 0xa0000001",1
"andeq r0, r0, r2, lsr 2",1
"andeq r0, r0, r0",1
"andeq r0, r0, ip, lsl r0",1
"andeq r0, r0, r2",1
"andeq r0, r4, r0",1
"andeq r0, r0, r0",1
"andeq r8, r0, r4, ror lr",1
"andeq r0, r0, ip, lsr r0",1
"andeq r0, r0, r0",1
"andeq r0, r0, r0",1
"andeq r0, r0, r4, lsl r0",1
"adceq r0, pc, r2",1
"andeq r0, r4, r0",1
"andeq r0, r0, r0",1
"andeq r0, r0, r0",1
"andeq r0, r0, r0",1
"andeq r0, r0, ip, lsr 32",1
"teqeq r8, r2",1
"andeq r0, r4, r0",1
"andeq r0, r0, r0",1
"strheq r8, [r0], -r0",1
"andeq r0, r0, r4, lsr 32",1
"andeq r8, r0, r0, lsr fp",1
"andeq r0, r0, r8",1
"andeq fp, r0, ip, ror lr",1
"andeq r0, r0, r4",1
"andeq r0, r0, r0",1
"andeq r0, r0, r0",1
"andeq r0, r0, r4, lsr 32",1
invalid,1
"andeq r0, r4, r0",1
"andeq r0, r0, r0",1
"andeq r8, r0, r8, lsr 31",1
"andeq r0, r0, ip, lsl 3",1
"muleq r0, ip, sp",1
"ldrdeq r0, r1, [r0], -r8",1
"andeq r0, r0, r0",1
"andeq r0, r0, r0",1
"andeq r0, r0, r4, lsl r0",1
bleq 0x14048fc,1
"andeq r0, r4, r0",1
"andeq r0, r0, r0",1
"andeq r0, r0, r0",1
"andeq r0, r0, r0",1
"andeq r0, r0, ip, lsl r0",1
bleq 0xfe484914,1
"andeq r0, r4, r0",1
"andeq r0, r0, r0",1
"andeq sb, r0, r4, lsr r1",1
"andeq r0, r0, r8, lsl 2",1
"andeq r0, r0, r0",1
"andeq r0, r0, r0",1
"andeq r0, r0, ip, lsl r0",1
"adcsne r0, r5, r2",1
"andeq r0, r4, r0",1
"andeq r0, r0, r0",1
"andeq sb, r0, ip, lsr r2",1
"muleq r0, ip, r0",1
"andeq r0, r0, r0",1
"andeq r0, r0, r0",1
"andeq r0, r0, r4, lsl r0",1
invalid,1
"andeq r0, r4, r0",1
"andeq r0, r0, r0",1
"andeq r0, r0, r0",1
"andeq r0, r0, r0",1
"andeq r0, r0, ip, lsl r0",1
"rsbsne r0, r5, 2",1
"andeq r0, r4, r0",1
"andeq r0, r0, r0",1
"ldrdeq sb, sl, [r0], -r8",1
"strheq r0, [r0], -r4",1
"andeq r0, r0, r0",1
"andeq r0, r0, r0",1
"andeq r0, r0, ip, lsl r0",1
"ldrbtne r0, [sl], r2",1
"andeq r0, r4, r0",1
"andeq r0, r0, r0",1
"andeq sb, r0, ip, lsl 7",1
"andeq r1, r0, r8, asr 20",1
"andeq r0, r0, r0",1
"andeq r0, r0, r0",1
"andeq r0, r0, ip, lsl r0",1
"strtmi r0, [pc], 2",1
"andeq r0, r4, r0",1
"andeq r0, r0, r0",1
"ldrdeq sl, fp, [r0], -r4",1
"andeq r0, r0, r0, ror 12",1
"andeq r0, r0, r0",1
"andeq r0, r0, r0",1
"andeq r0, r0, r4, lsl r0",1
"mrspl r0, spsr",1
"andeq r0, r4, r0",1
"andeq r0, r0, r0",1
"andeq r0, r0, r0",1
"andeq r0, r0, r0",1
"andeq r0, r0, ip, lsl r0",1
"strbtpl r0, [r1], -2",1
"andeq r0, r4, r0",1
"andeq r0, r0, r0",1
"andeq fp, r0, r4, lsr r4",1
"andeq r0, r0, ip, lsr r3",1
"andeq r0, r0, r0",1
"andeq r0, r0, r0",1
"andeq r0, r0, ip, lsl r0",1
"ldcpl p0, c0, [r8, -8]!",1
"andeq r0, r4, r0",1
"andeq r0, r0, r0",1
"andeq fp, r0, r0, ror r7",1
"andeq r0, r0, r0, asr 32",1
"andeq r0, r0, r0",1
"andeq r0, r0, r0",1
"andeq r0, r0, ip, lsl r0",1
"cdppl p0, 8, c0, c8, c2, 0",1
"andeq r0, r4, r0",1
"andeq r0, r0, r0",1
"strheq fp, [r0], -r0",1
"andeq r0, r0, r4, lsl 1",1
"andeq r0, r0, r0",1
"andeq r0, r0, r0",1
"andeq r0, r0, ip, lsl r0",1
"adcvs r0, sp, 2",1
"andeq r0, r4, r0",1
"andeq r0, r0, r0",1
"andeq fp, r0, r4, lsr r8",1
"andeq r0, r0, r4, asr 6",1
"andeq r0, r0, r0",1
"andeq r0, r0, r0",1
"andeq r0, r0, ip, lsl r0",1
"strbvc r0, [fp, r2]",1
"andeq r0, r4, r0",1
"andeq r0, r0, r0",1
"andeq fp, r0, r8, ror fp",1
"andeq r0, r0, r0, lsr 1",1
"andeq r0, r0, r0",1
"andeq r0, r0, r0",1
"andeq r0, r0, ip, lsl r0",1
"mcrrvc p0, 0, r0, sp, c2",1
"andeq r0, r4, r0",1
"andeq r0, r0, r0",1
"andeq fp, r0, r8, lsl ip",1
"andeq r0, r0, r4, asr r0",1
"andeq r0, r0, r0",1
"andeq r0, r0, r0",1
"andeq r0, r0, ip, lsl r0",1
"subhi r0, r8, r2",1
"andeq r0, r4, r0",1
"andeq r0, r0, r0",1
"andeq fp, r0, ip, ror 24",1
"andeq r0, r0, r4, lsr 1",1
"andeq r0, r0, r0",1
"andeq r0, r0, r0",1
"andeq r0, r0, ip, lsl r0",1
"ldrbhi r0, [r4], -2",1
"andeq r0, r4, r0",1
"andeq r0, r0, r0",1
"andeq fp, r0, r0, lsl sp",1
"andeq r0, r0, r8, asr 1",1
"andeq r0, r0, r0",1
"andeq r0, r0, r0",1
"andeq r0, r0, ip, lsl r0",1
"strbhi r0, [r0, -2]",1
"andeq r0, r4, r0",1
"andeq r0, r0, r0",1
"ldrdeq fp, ip, [r0], -r8",1
"andeq r0, r0, r0, lsl r0",1
"andeq r0, r0, r0",1
"andeq r0, r0, r0",1
"andeq r0, r0, ip, lsl r0",1
"strthi r0, [ip], -r2",1
"andeq r0, r4, r0",1
"andeq r0, r0, r0",1
"andeq fp, r0, r8, ror 27",1
"andeq r0, r0, r8, rrx",1
"andeq r0, r0, r0",1
"andeq r0, r0, r0",1
"andeq r0, r0, ip, lsl r0",1
"strbhi r0, [lr, -r2]!",1
"andeq r0, r4, r0",1
"andeq r0, r0, r0",1
"andeq fp, r0, r0, asr lr",1
"andeq r0, r0, ip, lsr 32",1
"andeq r0, r0, r0",1
"andeq r0, r0, r0",1
"andeq r0, r0, r4, lsr 32",1
"ldmdahi r3!, {r1} ^",1
"andeq r0, r4, r0",1
"andeq r0, r0, r0",1
"andeq r8, r0, r8, lsr fp",1
"andeq r0, r0, r4",1
"andeq fp, r0, r0, lsl 29",1
"andeq r0, r0, r4",1
"andeq r0, r0, r0",1
"andeq r0, r0, r0",1
"andeq r0, r0, fp, lsr 1",1
"andeq r0, r0, r2",1
invalid,1
"andeq r0, r0, r0",1
"andeq r8, r0, r4, ror lr",1
"strheq r8, [r0], -r0",1
"eorvc r2, pc, lr, lsr 28",1
"cmnvc r4, 0xf0000006",1
"cmnvc sb, 0xbc000000",1
"cmnvc r0, 100, 10           ; 0x64",1
"ldclvs p1, c6, [r2, -0xbc]!",1
"cmnvs r4, pc, lsr 6",1
invalid,1
svcvs 0x682f00,1
bvs 0xbde14c,1
blvs 0x1ca2124,1
"stmdbvc pc!, {r0, r2, r5, r6, sl, ip, sp, lr}",1
svcvs 0x74636f,1
"ldmdbvs r5!, {r0, r1, r2, r3, r5, sb, sp, lr} ^",1
"strtvc r6, [pc], -0x46c",1
"strvc r7, [pc, -sp, rrx]!",1
svchs 0x6b726f,1
"strbtvc r7, [sp], -r1, ror 4",1
"qasxvc r6, sp, r7",1
"cdpvs p0, 2, c7, c13, c6, 3",1
"stclhs p15, c6, [lr, -0x194]!",1
"stmdbvc fp!, {r4, r5, r6, r8, sb, sl, fp, sp, lr} ^",1
"cdpvs p12, 6, c6, c9, c13, 1",1
invalid,1
invalid,1
"strvs r6, [0x00004276]!",1
"rsbvs r6, sb, 0x6700",1
"cdphs p15, 3, c2, c2, c3, 3",1
"eorvc r3, sp, 0xc40000",1
invalid,1
invalid,1
invalid,1
"stmdbvs ip!, {r0, r1, r2, r4, r5, r8, sb, sl, fp, sp} ^",1
invalid,1
"smlsdxmi r0, r3, r5, r7",1
invalid,1
"mrchs p0, 1, r2, c2, c3, 2",1
invalid,1
"strhi r0, [r0, 0x100]",1
"andeq r0, r0, 0",1
"andeq r1, r0, r0, lsl 8",1
"cdpeq p4, 0, c0, c1, c0, 0",1
invalid,1
"muleq r0, pc, r5",1
"andeq r0, r0, r1, rrx",1
"andeq r0, r0, pc, asr r0",1
invalid,1
"andeq r0, r0, 0",1
"eorseq r0, pc, r2, lsl 14",1
"streq r0, [r2], -0",1
"andeq r2, r0, r7, lsl 8",1
"streq r0, [r4, -r0, lsl 4]",1
"andeq r0, r0, pc, lsl r0",1
"movwlo r0, 0x6102",1
"andeq r0, r0, 0",1
"sbceq r0, fp, r2, lsl 10",1
"streq r0, [r3], -0",1
"strbtvc r6, [lr], -0x905",1
"streq r0, [r8, -0x200]",1
"andeq r0, r0, r0",1
bne 0x1c6c6c,1
"andeq r0, r0, 0",1
"andeq r0, r5, r4, lsl 10",1
"streq r0, [r2], -0",1
"andeq sp, r0, r7, lsl 10",1
"stmdaeq r1, {sb}",1
"andeq r0, r0, sl, lsr r0",1
"andeq r5, r0, r4, lsl 4",1
"tsthi r8, 0, 2",1
invalid,1
"cdplt p3, 8, c0, c4, c5, 0",1
"strmi r0, [r5, -r0]",1
"andeq r0, r0, r0",1
"andeq r0, r0, r6, lsr 1",1
"subseq r0, r2, r2",1
invalid,1
"andeq r0, r0, r6, lsl 1",1
"andeq r0, r0, r0",1
"eorvc r2, pc, lr, lsr 28",1
"cmnvc r4, 0xf0000006",1
"cmnvc sb, 0xbc000000",1
"cmnvc r0, 100, 10           ; 0x64",1
"ldclvs p1, c6, [r2, -0xbc]!",1
"ldrbtvc r6, [r2], -0x32f",1
"subseq r2, r3, sb, ror 28",1
"stclvs p8, c6, [0x00004c0c]!",1
"rsbvs r2, sl, 0x194",1
"strbvs r7, [fp, -0x275]!",1
svcvs 0x792f74,1
svchs 0x6f7463,1
"stclvs p5, c7, [sb], -0x188",1
"ldclvs p15, c2, [r4, -0x190]!",1
svcvs 0x772f70,1
invalid,1
invalid,1
"ldrbtvs r2, [r6], -r1, ror 26",1
"strbvs r2, [lr, -0xd70]!",1
"eorvc r6, sp, pc, ror 28",1
invalid,1
"strbvc r6, [lr, -0x96c]!",1
"mcrvs p13, 3, r2, c7, c8, 3",1
"rsbvs r6, r1, 0x1d400000",1
"strbvs r2, [r5, -sb, ror 30]!",1
invalid,1
invalid,1
"cmnlo r2, 0xdc0",1
"stclvs p5, c6, [r7], -0xbc",1
"stclhs p2, c6, [r3, -0x1a4]!",1
invalid,1
"rsbvs r6, sb, 0x2f00",1
invalid,1
"mcrmi p0, 2, r0, c7, c5, 3",1
"movtpl r2, 0x1055",1
"eorlo r3, lr, 32, 4",1
"eorseq r2, r1, r3, lsr lr",1
"stmdbeq sl!, {r0, pc} ^",1
"andeq r0, r2, r0",1
"andeq r0, r0, r4, rrx",1
"andeq r0, lr, r4, lsl 2",1
"strgt r0, [r1, -0]",1
"stmdbhs r0, {r0}",1
"stmdahi r0, {r0}",1
"andeq r0, r0, r0",1
"andeq r0, r0, r0",1
invalid,1
"andeq r0, r0, 0",1
"andeq r0, r0, r4, asr r1",1
"eorseq sp, r4, r4, lsl 10",1
"streq r0, [r3], -0",1
"andeq r2, r0, r7, lsl 8",1
"stmdaeq r1, {r8, sb}",1
"andeq r0, r0, r1, lsr r0",1
svclo 0x70203,1
"movweq r0, 0",1
"andseq r0, pc, r4, lsl 14",1
"mrseq r0, apsr",1
"andeq r3, r0, r6, lsl 6",1
"streq r0, [r2, -0x300]",1
"andeq r0, r0, fp, asr 1",1
"stmdbvs r5, {r2, sl}",1
"movweq r7, 0x46e",1
"andeq r0, r0, r8, lsl 10",1
invalid,1
"andeq r1, r0, r7, lsl 20",1
"addeq r0, sl, 0, 4",1
"strlo r0, [r5, -r0]",1
"andeq r0, r0, r5, rrx",1
"andeq sp, r2, r2, lsl 22",1
"stmibhi ip, {r8, sl}",1
"movweq r0, 0",1
"andeq r0, r5, r4, lsl 10",1
invalid,1
"streq r0, [r0, -2]",1
"andeq r7, r0, sp, lsl 7",1
"streq r0, [r4, -r0, lsl 6]",1
"ldrdeq r0, r1, [r0], -r5",1
"streq r0, [r6], -0x405",1
"andeq r0, r0, sl, lsr 1",1
blo 0x2051f8,1
"andeq r0, r0, 0",1
"andeq r0, r0, r2, lsl 4",1
"adcseq r3, ip, r6",1
"cdp2 p0, 0, c0, c7, c0, 0",1
"stmdals r0, {r0}",1
"rsbseq pc, r7, 0x700000",1
"vhadd.s8 d0, d8, d0",1
"streq r0, [r0, -r6]",1
"strdeq r5, r6, [r0], -r7",1
"eoreq r0, r3, r0, lsl 4",1
"andeq r4, r2, r8",1
"ldrbtge r0, [ip], 0x700",1
"andeq r0, r0, 0",1
"andls r0, r8, r3, lsr 8",1
"streq r0, [r0, -r1]",1
"strdeq sl, fp, [r0], -sp",1
"stmdaeq r3!, {sb}",1
"andeq r2, r3, r8, lsl 4",1
"ldrbtge r0, [lr], 0x700",1
"andeq r0, r0, 0",1
"stmdahs r8, {r0, r1, r5, sl, fp}",1
"streq r0, [r0, -r2]",1
"strdeq sl, fp, [r0], -pc",1
"eorne r0, r3, r0, lsl 4",1
"andeq r6, r1, sb, lsl 8",1
invalid,1
"andeq r0, r0, r4, lsr 1",1
"ldmdbeq r4, {r1, r8, sb, sp}",1
"andeq r0, r0, r3, asr 5",1
"strge r0, [r1], -0x107",1
"andeq r0, r0, 0",1
"andvc r1, sb, 0x230000",1
"streq r0, [r0, -r1]",1
"adceq r0, r4, r2, lsl 2",1
"movwhs r0, 0x2000",1
"subseq r0, r4, 28, 18",1
"movweq r0, 0x7000",1
"andeq sl, r0, r1, lsl 8",1
"eorhs r0, r3, r0, lsl 4",1
"andeq r3, r3, sb, lsl 30",1
invalid,1
"andeq r0, r0, r4, lsr 1",1
"stmdbeq r4!, {r1, r8, sb, sp}",1
"andeq r0, r0, sl, ror 5",1
"strge r0, [r1], -0x607",1
"andeq r0, r0, 0",1
"strmi r2, [sb, -r3, lsr 16]",1
"streq r0, [r0, -r1]",1
"adceq r0, r4, r7, lsl 2",1
"movwhs r0, 0x2000",1
"orreq r0, r7, ip, lsr 18",1
invalid,1
"andeq fp, r2, r1, lsl 10",1
"eorlo r0, r3, r0, lsl 4",1
"andeq lr, r2, sb, lsl 6",1
invalid,1
"strheq r0, [r0], -fp",1
"ldmdbeq r4!, {r1, r8, sb, sp}",1
"andeq r0, r0, r2, lsl r1",1
"cdppl p13, 0, c0, c1, c7, 0",1
"andeq r0, r0, 0",1
"strne r3, [sb], -0x823",1
"streq r0, [r0, -r3]",1
"subseq r0, lr, r1, lsl r1",1
"movwhs r0, 0x2000",1
"rsceq r0, sl, ip, lsr sb",1
"movwne r0, 0x7000",1
"andeq r7, r0, r1, lsl 28",1
"eormi r0, r3, r0, lsl 4",1
"andeq sp, r1, sb, lsl 2",1
"tsteq r7, r0, lsl 14",1
"andeq r0, r0, r2, asr 32",1
"stmdbeq r4, {r1, r8, sb, sp} ^",1
"andeq r0, r0, r0, lsr r3",1
"andpl r1, r1, r7, lsl 16",1
"andeq r0, r0, 0",1
"strne r4, [sb, -r3, lsr 12]",1
"streq r0, [r0, -r2]",1
"sbceq r0, r1, 0x40000006",1
"movwhs r0, 0x2000",1
invalid,1
"stcne p0, c0, [r7, -0]",1
"andeq sp, r2, r1, lsl 2",1
"stmdami r3!, {sb}",1
"andeq lr, r0, sb, lsl 28",1
invalid,1
"muleq r0, r0, r0",1
"ldmdbeq r0, {r1, r8, sb, sp} ^",1
"andeq r0, r0, sp, ror 4",1
"andge r2, r1, 7, 30",1
"andeq r0, r0, 0",1
invalid,1
"streq r0, [r0, -r2]",1
"adceq r0, r2, r0, lsr r1",1
"movwhs r0, 0x2000",1
"rsbseq r0, ip, 92, 18",1
"mrslo r0, apsr",1
"andeq sl, r0, r1, lsl 4",1
"eorvs r0, r3, r0, lsl 4",1
"andeq r8, r2, sb, lsl 6",1
"teqeq r2, r0, lsl 14",1
"andeq r0, r0, r2, lsr 1",1
"stmdbeq r4!, {r1, r8, sb, sp} ^",1
"andeq r0, r0, sp, asr 4",1
"stmdbhs r1, {r0, r1, r2, r8, sb, ip, sp}",1
"andeq r0, r0, 0",1
invalid,1
"streq r0, [r0, -r3]",1
"subseq r0, lr, r5, lsr r1",1
"movwhs r0, 0x2000",1
"eorseq r0, r7, 108, 18",1
"strlo r0, [r7, -r0]",1
"andeq sp, r2, r1, lsl 14",1
"eorvc r0, r3, r0, lsl 4",1
invalid,1
blls 0x1c4fbc,1
"andeq r0, r2, r7, lsl 24",1
"mrsge r0, apsr",1
"strheq r0, [r0], -r5",1
"andeq r6, r2, r8, lsl 14",1
"strlt r0, [r2, 0x700]!",1
"andeq r0, r0, 2",1
invalid,1
"streq r0, [r0, -r1]",1
"andeq fp, r2, r3, lsr 23",1
"strteq r0, [r3], -0x200",1
"andeq sp, r1, r8, lsl 26",1
"cdppl p7, 0xa, c0, c7, c0, 0",1
"andeq r0, r0, 0",1
"streq r0, [r0], -r3, lsr 16",1
"andeq r7, r2, r4, lsl 28",1
invalid,1
bleq 0x5000,1
"andeq r0, r0, sl, lsr 1",1
"ldrdeq r0, r1, [r0], -r1",1
"andeq sb, r0, ip, lsl 22",1
"streq r0, [r0], -r0",1
"andeq r7, r2, r4, lsl 14",1
"adceq r0, sl, r0, lsl 22",1
"rsceq r0, r7, 0",1
blls 0x305020,1
"strhs r0, [r0, -r0]",1
"stc p6, c0, [r4, -0]",1
"stceq p0, c0, [r0, -8]",1
"andeq r0, r0, sl, lsr 1",1
"andeq r5, r0, lr, lsl 28",1
"streq r0, [r1], -r0, lsl 30",1
"andeq pc, r2, r4, lsl 14",1
invalid,1
"andeq r0, r0, 0xb",1
"subseq r0, lr, r6, ror 2",1
"mrseq r0, apsr",1
"andeq r0, r0, pc, lsl r3",1
"andeq fp, r2, r1, lsl r3",1
"strb r0, [r6, -r0, lsl 4]!",1
"andne r0, r0, 2",1
"movweq r1, 0x300",1
invalid,1
blo 0xc5470,1
"strne r0, [r0], -3",1
"strheq r0, [r0], -r3",1
"str r3, [r2, -r3, lsl 26]",1
"andeq r0, r0, r2",1
invalid,1
"strhs r0, [r1], -0",1
"addeq sl, pc, r1, lsl 16",1
"addseq r3, r1, r0, lsl 8",1
"andeq r0, r0, r0",1
"ldrteq r0, [sb], -r0, lsl 2",1
"andsvs r0, r6, r0",1
invalid,1
"andeq r5, r0, r4, lsr 28",1
"andeq r2, r0, r0",1
"rscseq r1, pc, 0, 14",1
svchi 0xcc0000,1
svchi 0xd80000,1
"strhs r0, [r1], -r0",1
"andeq r0, r0, pc, lsl 7",1
"andeq r1, r3, r8, lsl r2",1
"andeq r3, r0, r0, lsl 28",1
svchi 0xd81900,1
"ldrbeq r0, [sl, r0]!",1
"tsteq sl, r0",1
"eorseq r0, r1, r0, asr r1",1
"rscseq r1, pc, 0, 14",1
svchi 0xf00000,1
svchi 0xfc0000,1
blhs 0x450dc,1
"andeq r0, r0, r7, asr 7",1
"andeq r1, r3, fp, lsl r2",1
"vst1.8 {d0, d1, d2}, [r3], r0",1
svcls 0xbe,1
"addeq pc, pc, sb, lsl ip    ; [0x50f0:4]=0x51011a00",1
"andeq pc, r7, r0, lsl 20",1
invalid,1
"cdplt p3, 0xf, c0, c4, c5, 0",1
"tsteq sl, r0",1
"eorseq r0, r1, r0, asr r1",1
"rscseq r1, pc, 0, 24",1
"eorsls r0, ip, r0",1
"eoreq r0, r8, r0",1
"mrslo r0, apsr",1
"strdeq r0, r1, [r0], -ip",1
"andeq r1, r3, r8, lsl r2",1
"andeq r5, r0, r0, lsl 24",1
"subls r1, ip, r0, lsl 18",1
"ldrbeq r0, [sl, r0]!",1
"tsteq sl, r0",1
"strhs r0, [r3], -0x552",1
bne 0x5434,1
"mrslo r5, apsr",1
svcne 0x170000,1
invalid,1
invalid,1
"swpeq r0, r0, [r0]",1
"andeq r7, r5, r2, lsr r1",1
"subls r1, ip, r0, lsl 26",1
"rscsls r0, r0, r0",1
"ldchs p0, c0, [lr, -0]",1
bvc 0x5168,1
svcne 0,1
"strdeq r0, r1, [r0], -pc",1
"andeq sb, r0, ip, asr r0",1
"andeq r0, r0, r0, asr 32",1
"andvs r3, r2, r3, lsl 20",1
"stmdane r0, {r2}",1
"andeq r0, r0, r2, lsl r3",1
"andeq r0, r0, sp, lsl 1",1
"addseq r7, r0, sb, lsl r0",1
"andeq pc, r7, r0, lsl 20",1
"movwpl r1, 0x1a00",1
"subsgt r0, r4, r5, lsl 6",1
"tsteq sl, r0",1
"strmi r0, [r3], -0x552",1
bne 0x5498,1
"mrslo r5, apsr",1
invalid,1
"strlt r0, [r0], -2",1
"stmdapl r0, {r4, r7}",1
"movweq r0, 0",1
"ldreq r0, [r3], 0x244",1
"andsne r0, r8, 0",1
blge 0x51c4,1
invalid,1
"andeq sb, r0, r4, asr 1",1
"strdeq r0, r1, [r0], -sl",1
"subseq r0, r1, 0x80000006",1
"tsteq sl, r5, ror r0",1
"eorseq r0, r1, r0, asr r1",1
"rscseq r1, pc, 0, 30",1
"rscls r0, r0, r0",1
"rsbseq r0, r0, r0",1
invalid,1
"andeq ip, r4, r2, lsl 12",1
"tsteq r2, 0, 16",1
"sbceq r0, sb, r0",1
invalid,1
blx 0x5434,1
bne 0x5214,1
"strvc r5, [r2, -0x101]",1
"andpl r1, r1, r0, lsl 20",1
"andeq r3, r0, r1, lsl 2",1
"addseq r5, r0, r0, lsr 24",1
"andeq r1, r8, r0, lsl 16",1
"andeq lr, r4, r0, lsl 14",1
"andpl r1, r1, 0, 20",1
"tsteq sl, r1, lsl 10",1
invalid,1
bne 0x5520,1
"andlo r5, r1, r1",1
"rsbsls r2, ip, r0",1
invalid,1
"ldrbteq r0, [pc], 0         ; [0x5230:4]=0x1a300151 ; ""Q\x010\x1a\x01P\x015""",1
"tsteq sl, r0",1
bne 0xc0577c,1
"strlo r5, [r1, -1]",1
"addsls r2, r0, r0",1
invalid,1
"ldreq r0, [fp, -0]",1
"tsteq sl, r0",1
bne 0xcc5798,1
"movweq r5, 0x5101",1
"andeq ip, r0, ip, ror r0",1
"adcls r2, r8, r0",1
invalid,1
"ldreq r0, [ip, -0]!",1
"tsteq sl, r0",1
bne 0xd457b4,1
"movweq r5, 0x5101",1
"andeq ip, r0, r0, lsl 1",1
"cmpeq r0, sl, lsl r1",1
"strtlt r0, [r1], -0x30",1
"stmdbvc r0, {r4, r7}",1
"andhs r0, r0, r8",1
"ldrdeq sb, sl, [r0], -r4",1
"andeq r0, r0, r8, lsl r8",1
"andeq r0, r0, r6, ror 10",1
"cmpeq r2, sl, lsl r1",1
invalid,1
"sbcgt r0, r8, r5, lsl 6",1
"tsteq sl, r0",1
"eorseq r0, r0, r0, asr r1",1
"addseq lr, r0, r1, lsr 32",1
"andeq r7, r8, r0, lsl 18",1
"andhs r0, r0, r0",1
"andeq r8, r0, r0, asr 31",1
"andeq r0, r0, r8, lsl r8",1
"muleq r0, r2, r5",1
"cmpeq r2, sl, lsl r1",1
invalid,1
"cdplt p3, 8, c0, c8, c5, 0",1
"tsteq sl, r0",1
"eorseq r0, r0, r0, asr r1",1
"addeq lr, pc, r0, lsr 16",1
"andeq r1, r8, r0, lsl 16",1
"andeq fp, r5, r0, lsl 6",1
"andpl r1, r1, 0, 20",1
"tsteq sl, r1, lsl 10",1
"stmdagt r3, {r0, r4, r6, r8, sl}",1
bne 0x55e4,1
"andlo r5, r1, r1",1
"andls r2, ip, r0",1
invalid,1
"ldrbeq r0, [r4]",1
"tsteq sl, r0",1
bne 0xd4584c,1
"movweq r5, 0x5101",1
"strdeq fp, ip, [r0], -ip",1
"cmpeq r0, sl, lsl r1",1
"strtne r0, [r1], -0x30",1
"swpls r0, r0, [r0]",1
"andhs r0, r0, r8",1
"andeq sb, r0, r4, lsr 32",1
"andeq r0, r0, r8, lsl r8",1
"strdeq r0, r1, [r0], -lr",1
"cmpeq r2, sl, lsl r1",1
invalid,1
svclt 0x2c0305,1
"tsteq sl, r0",1
"eorseq r0, r0, r0, asr r1",1
"addseq r2, r0, r1, lsr 24",1
"andeq sb, r8, r0, lsl 2",1
"eorsls r2, ip, r0",1
invalid,1
"strteq r0, [r8], -r0",1
"tsteq sl, r0",1
bne 0xd458a0,1
"movweq r5, 0x5101",1
"andeq fp, r0, r4, ror 30",1
"cmpeq r0, sl, lsl r1",1
invalid,1
"strlt r0, [r0, -0x90]",1
bne 0x5390,1
"strvc r5, [r2], -r1",1
"andhs r0, r0, 0",1
"andeq r2, r1, r1, lsl 8",1
"teqeq r7, r0, lsl 2",1
"andeq r0, r0, lr, asr r0",1
"muleq r0, ip, sp",1
"andeq r8, r0, r4, ror lr",1
"andeq r0, r0, r7, ror 1",1
"andeq sl, r7, r1, lsl 12",1
"andeq r1, r7, 0, 12",1
"strlo r0, [r1, -r0]",1
"andeq r0, r0, lr, asr r0",1
"andeq r0, r0, r3, lsl r1",1
"andeq pc, r1, r6, lsl r3",1
"ldrtge r0, [r7], -r0, lsl 2",1
"stcmi p0, c0, [r0, -0x1c]",1
"movwhs r0, 1",1
"andeq r8, r0, r8, ror 27",1
"strdeq r8, sb, [r0], -r8",1
"strheq r0, [r0], -r3",1
"andeq r0, r1, r4, lsr 6",1
"stmdbhs r5, {r8} ^",1
"strhs r0, [r0, -0]",1
"andeq r0, r0, fp, asr r1",1
"eoreq r4, sb, r1, lsl 10",1
invalid,1
"strdeq r8, sb, [r0], -r8",1
"andeq r0, r0, sl, asr 17",1
"ldrbeq r0, [r1, -0x11a]",1
"sbceq r3, r1, r3, lsl 24",1
"andpl r1, r1, r0, lsl 20",1
"andeq r7, r0, r2, lsl 8",1
"cdphi p3, 0, c2, c0, c0, 0",1
"cdphi p0, 0, c0, c12, c0, 0",1
"ldrbteq r0, [r4], r0",1
invalid,1
invalid,1
"andeq r2, r0, r8, asr 18",1
"cmpeq fp, r0, lsl 12",1
invalid,1
"andeq r0, r0, sb, lsr 32",1
"muleq r0, r2, r1",1
"addeq r0, lr, sb, lsl ip",1
"andeq ip, r8, r0, lsl 20",1
invalid,1
invalid,1
"tsteq sl, r0",1
"rsbseq r0, r4, r0, asr r2",1
invalid,1
"strlt r0, [r0, -0x8d]",1
"streq r0, [r0, -r8]",1
bne 0x545c,1
"mrslo r5, apsr",1
"stclhi p1, c2, [r0]",1
invalid,1
"stcgt p0, c0, [r0], -0",1
blo 0x5688,1
invalid,1
bne 0x5478,1
"movweq r5, 0x5101",1
"strdeq fp, ip, [r0], -r8",1
"cmpeq r0, sl, lsl r1",1
"stmdale r0!, {r1, r2, r4, r5}",1
invalid,1
invalid,1
bne 0x5494,1
"movweq r5, 0x5101",1
"andeq ip, r0, ip, lsl 2",1
"ldrbeq r0, [r0, -0x11a]",1
"sbceq r4, r0, r3, lsl 16",1
"eor r0, r0, r0",1
invalid,1
"movwvs r0, 9",1
bne 0x54b4,1
"movweq r5, 0x5001",1
"andeq ip, r0, r8, asr 32",1
"stclhi p1, c2, [r8, 0]!",1
invalid,1
"stclo p0, c0, [r0], -0",1
"stcmi p0, c0, [r0, -0x238]",1
"strls r0, [r0], -sb",1
bne 0x54d4,1
"movweq r5, 0x5201",1
"andeq ip, r0, r4, asr 32",1
"ldrbeq r0, [r1, -0x11a]",1
"sbceq r2, r0, r3, lsl 8",1
"vstrvc s2, [r2, -0]",1
"andpl r0, r3, r0, lsl 10",1
"andeq r0, r0, r1, asr 1",1
"addeq r4, lr, sb, lsl r8",1
"andeq r3, r3, r0, lsl 20",1
"andpl r1, r1, r0, lsl 20",1
"andeq r3, r0, r1, lsl 2",1
"adceq r0, r4, r6, lsl 8",1
blx 0x9c54ec,1
"streq r0, [r0], -r2",1
"andeq fp, r2, r8, lsr 23",1
"strhs r0, [r1, -r0, lsl 2]",1
"andeq r0, r0, ip, lsl r4",1
"adcseq sl, fp, 0x18000",1
"mrseq r0, apsr",1
"andeq sl, r1, r7, lsr 24",1
bllt 0xfea86d0c,1
invalid,1
"rsbseq r2, r4, 0x40000",1
invalid,1
"andeq r0, r0, r7, ror 5",1
"stcmi p1, c0, [r7, -4]!",1
"stmdbeq r0, {r0, r1}",1
"andeq pc, r2, r2, lsl r2",1
"strhs r0, [r1, -r0, lsl 2]",1
"andeq r0, r0, r6, ror 3",1
"rsceq r2, r7, 0xa",1
"mrseq r0, apsr",1
"rscseq r0, r6, r8, lsr 2",1
"strpl r0, [r2, -r0]",1
"andeq r5, r0, r1, lsl 28",1
"ldmdaeq r8, {r8}",1
"cdppl p0, 2, c0, c9, c0, 0",1
invalid,1
"andeq r0, r0, r7, ror 5",1
invalid,1
"andeq r0, r0, sl, asr r3",1
"strge r3, [r1], -0x30b",1
invalid,1
"andeq r0, r0, sl, lsr r8",1
"andeq lr, r2, sb, lsr 14",1
"rsceq r2, r7, 0, 18",1
"cdppl p0, 2, c0, c9, c0, 0",1
"andeq r0, r0, r0",1
"adcseq r0, sb, 40, 2",1
"stcvc p0, c0, [ip, -0]",1
"andeq sl, r0, r1, lsl 8",1
"ldmdaeq r7, {r8} ^",1
"cdppl p0, 2, c0, c9, c0, 0",1
invalid,1
"andeq r0, r0, r7, ror 5",1
svcvc 0x12800,1
"stceq p0, c0, [r0, -4]",1
"subseq r0, lr, pc, lsl 3",1
invalid,1
"stmdbhs r0, {r3}",1
"andeq r0, r0, r7, ror 5",1
"andeq lr, r2, sb, lsr 14",1
"eoreq r2, sb, r0, lsl 18",1
invalid,1
"andeq sb, r1, r1, lsl 26",1
invalid,1
"andeq r0, r0, r4, lsr 1",1
"andeq sb, r8, r1, lsl 2",1
"rsceq r2, r7, 0, 18",1
bhs 0x55d0,1
"andeq sl, r2, r1, lsl 8",1
"sbcseq r0, r6, 0, 12",1
"andeq r5, r0, r1, lsl 28",1
"stmeq pc!, {r8}",1
"str r0, [sb, -r0]!",1
"stmdbhs r0, {r1}",1
"andeq r0, r0, pc, lsr 17",1
invalid,1
blhs 0x55f4,1
"andeq fp, r3, r1, lsl 12",1
"andseq r1, lr, 0",1
"stmeq sl, {r0, r8} ^",1
"cdppl p0, 2, c0, c9, c0, 0",1
"andeq r0, r0, r0",1
"addseq r0, r3, 44, 2",1
"andeq r0, pc, r0",1
"muleq r0, sp, r2",1
"andeq r5, r0, r1, lsl 28",1
"stmeq fp!, {r8} ^",1
"str r0, [sb, -r0]!",1
"stmdbhs r0, {r1}",1
"andeq r0, r0, r7, ror 5",1
"and r2, r1, 0, 26",1
beq 0x5634,1
invalid,1
"stmdbhs r0, {r3}",1
"andeq r0, r0, r7, ror 5",1
bne 0x4f640,1
bleq 0x5648,1
"adceq r0, r4, r6, asr r1",1
invalid,1
"stmdbhs r0, {r0, r3}",1
"andeq r0, r0, r7, ror 5",1
"andeq lr, r2, sb, lsr 14",1
invalid,1
"andeq r0, r0, lr, lsl r1",1
"strge r5, [r1], -0x20b",1
invalid,1
"andeq r0, r0, r4, lsr sb",1
"andeq lr, r2, sb, lsr 14",1
invalid,1
"andeq r2, r0, r0, ror 11",1
invalid,1
"andeq r0, r0, lr, asr r0",1
"andeq r4, sb, r1, lsl 26",1
"rscseq r2, sb, 0, 18",1
"cdphs p0, 0, c0, c0, c0, 0",1
"andeq sp, r0, r1, lsl 28",1
"mrseq r1, spsr",1
"stmeq pc!, {r0, r8, fp, sp}",1
"str r0, [sb, -r0]!",1
"stmdbhs r0, {r1}",1
"andeq r0, r0, r7, ror 5",1
"andeq lr, r2, sb, lsr 14",1
"andeq r1, r0, r0, lsl 4",1
"andeq r0, r0, lr, lsr r0",1
"rsceq r0, r5, 2",1
invalid,1
"andeq r0, r0, lr",1
"andeq r6, r3, r1, lsl 30",1
"andeq r2, r1, r0, lsl 18",1
"andeq pc, r2, r0",1
"rsbseq r0, r4, 0, 4",1
"andeq r0, r1, 0",1
"andeq r0, r0, pc, lsr 32",1
"strgt r0, [r3], -0x501",1
"movweq r0, 0x147",1
"andeq r3, r0, r4, lsl 10",1
"eorseq r0, sl, r0, lsl 8",1
"mrseq r0, apsr",1
"andeq r3, r0, r8, lsl 20",1
"ldreq r0, [0x000056f0]      ; [0x56f0:4]=0x321",1
"andeq r0, r2, r0",1
"andeq r0, r0, r1, lsr 6",1
"andeq r0, lr, r4, lsl 2",1
"streq r0, [r1, -r0]",1
"stmdbhs r0, {r2}",1
"strlo r0, [r0], -1",1
invalid,1
"mcrne p0, 0, r0, c0, c2, 4",1
"andeq r0, r0, 3",1
"cdpvs p5, 6, c0, c9, c4, 0",1
"strpl r0, [r3], -0x74",1
"andeq r0, r0, 1",1
"ldrdeq r3, r4, [r0], -r5",1
"streq r0, [r4, -r0, lsl 8]",1
"andeq r0, r0, r4, lsr 32",1
invalid,1
"streq r0, [r0], -0",1
"eorseq r0, pc, r2, lsl 14",1
"streq r0, [r4], -0",1
"andeq r1, r0, r7, lsl 30",1
"streq r0, [r1], -r0, lsl 8",1
"andeq r0, r0, r3, lsr r0",1
blgt 0x145f5c,1
"streq r0, [r0], -0",1
"andeq r0, r0, r8, lsl 10",1
invalid,1
"andeq r1, r0, r7, lsl 20",1
"addeq r0, sl, 0, 6",1
"strlo r0, [r3, -r0]",1
"andeq r0, r0, r1, rrx",1
"andeq sp, r2, r3, lsl 22",1
"strhi r0, [ip, 0x300]",1
"streq r0, [r0], -0",1
"andeq r0, r5, r4, lsl 10",1
"mrsle r0, apsr",1
"movweq r0, 2",1
"andeq r6, r0, sp, lsl 31",1
"streq r0, [r4, -r0, lsl 8]",1
"ldrdeq r0, r1, [r0], -r5",1
"streq r0, [r6], -0x405",1
"andeq r0, r0, r6, lsr 1",1
blo 0x205ba8,1
"movweq r0, 0",1
"andeq r0, r0, r2, lsl 4",1
"adcseq r3, r8, r4",1
"cdp2 p0, 0, c0, c7, c0, 0",1
"stmdals r0, {r0}",1
"rsbseq pc, r3, 0x500000",1
"vhadd.s8 d0, d8, d0",1
"streq r0, [r0, -6]",1
"strdeq r2, r3, [r0], -r7",1
"eoreq r0, r3, r0, lsl 4",1
"andeq r4, r2, r8",1
"rscsge r0, ip, r0, lsl 10",1
"andeq r0, r0, 0",1
"andls r0, r8, r3, lsr 8",1
"streq r0, [r0, -1]",1
"strdeq sl, fp, [r0], -sp",1
"stmdaeq r3!, {sb}",1
"andeq r2, r3, r8, lsl 4",1
"rscsge r0, lr, r0, lsl 10",1
"andeq r0, r0, 0",1
"stmdahs r8, {r0, r1, r5, sl, fp}",1
"streq r0, [r0, -2]",1
"strdeq sl, fp, [r0], -pc",1
"eorne r0, r3, r0, lsl 4",1
"andeq r6, r1, sb, lsl 8",1
invalid,1
"andeq r0, r0, r0, lsr 1",1
"ldmdbeq r4, {r1, r8, sb, sp}",1
"andeq r0, r0, r3, asr 5",1
"andge r0, r1, r5, lsl 2",1
"andeq r0, r0, 0",1
"andvc r1, sb, 0x230000",1
"streq r0, [r0, -1]",1
"adceq r0, r0, r2, lsl 2",1
"movwhs r0, 0x2000",1
"subseq r0, r4, 28, 18",1
"movweq r0, 0x5000",1
"andeq sl, r0, r1",1
"eorhs r0, r3, r0, lsl 4",1
"andeq r3, r3, sb, lsl 30",1
"mrseq r0, apsr",1
"andeq r0, r0, r0, lsr 1",1
"stmdbeq r4!, {r1, r8, sb, sp}",1
"andeq r0, r0, sl, ror 5",1
"andge r0, r1, r5, lsl 12",1
"andeq r0, r0, 0",1
"strmi r2, [sb, -r3, lsr 16]",1
"streq r0, [r0, -1]",1
"adceq r0, r0, r7, lsl 2",1
"movwhs r0, 0x2000",1
"orreq r0, r7, ip, lsr 18",1
invalid,1
"andeq fp, r2, r1, lsl 2",1
"eorlo r0, r3, r0, lsl 4",1
"andeq lr, r2, sb, lsl 6",1
"mrseq r0, apsr",1
"strheq r0, [r0], -r7",1
"ldmdbeq r4!, {r1, r8, sb, sp}",1
"andeq r0, r0, r2, lsl r1",1
"strhs r0, [r1, -0xd05]",1
"andeq r0, r0, 0",1
"strne r3, [sb], -0x823",1
"streq r0, [r0, -3]",1
"eoreq r0, r5, r1, lsl r1",1
"movwhs r0, 0x2000",1
"rsceq r0, sl, ip, lsr sb",1
"movwne r0, 0x5000",1
"andeq r7, r0, r1, lsl 20",1
"eormi r0, r3, r0, lsl 4",1
"andeq sp, r1, sb, lsl 2",1
"tsteq r7, r0, lsl 10",1
"andeq r0, r0, r5, asr 32",1
"stmdbeq r4, {r1, r8, sb, sp} ^",1
"andeq r0, r0, r0, lsr r3",1
"movwpl r1, 0x1805",1
"andeq r0, r0, 0",1
"strne r4, [sb, -r3, lsr 12]",1
"streq r0, [r0, -2]",1
"adcseq r0, sp, 0x40000006",1
"movwhs r0, 0x2000",1
invalid,1
"stcne p0, c0, [r5, -0]",1
"andeq ip, r2, r1, lsl 26",1
"stmdami r3!, {sb}",1
"andeq lr, r0, sb, lsl 28",1
invalid,1
"andeq r0, r0, ip, lsl 1",1
"ldmdbeq r0, {r1, r8, sb, sp} ^",1
"andeq r0, r0, sp, ror 4",1
"cdpls p15, 0, c2, c1, c5, 0",1
"andeq r0, r0, 0",1
invalid,1
"streq r0, [r0, -2]",1
"addseq r0, lr, r0, lsr r1",1
"movwhs r0, 0x2000",1
"rsbseq r0, ip, 92, 18",1
"mrslo r0, apsr",1
"andeq sb, r0, r1, lsl 28",1
"eorvs r0, r3, r0, lsl 4",1
"andeq r8, r2, sb, lsl 6",1
"teqeq r2, r0, lsl 10",1
"muleq r0, lr, r0",1
"stmdbeq r4!, {r1, r8, sb, sp} ^",1
"andeq r0, r0, sp, asr 4",1
invalid,1
"andeq r0, r0, 0",1
invalid,1
"streq r0, [r0, -3]",1
"eoreq r0, r5, r5, lsr r1",1
"movwhs r0, 0x2000",1
"eorseq r0, r7, 108, 18",1
"strlo r0, [r5, -r0]",1
"andeq sp, r2, r1, lsl 6",1
"eorvc r0, r3, r0, lsl 4",1
invalid,1
blls 0x145968,1
"andeq r0, r2, r7, lsl 24",1
"mrsge r0, apsr",1
"strheq r0, [r0], -r1",1
"andeq r6, r2, r8, lsl 14",1
invalid,1
"andeq r0, r0, 2",1
invalid,1
"streq r0, [r0, -1]",1
"andeq fp, r2, r3, lsr 15",1
"strteq r0, [r3], -0x200",1
"andeq sp, r1, r8, lsl 26",1
"strhs r0, [r7, 0x500]!",1
"andeq r0, r0, 0",1
"streq r0, [r0], -r3, lsr 16",1
"andeq r7, r2, r4, lsl 20",1
"stmdalt r4, {sb, sl}",1
bleq 0x59ac,1
"andeq r0, r0, r6, lsr 1",1
"andeq r0, r0, sp, asr 5",1
"andeq sb, r0, ip, lsl 14",1
"streq r0, [r0], -r0",1
"andeq r7, r2, r4, lsl 6",1
"adceq r0, r6, r0, lsl 22",1
"rsceq r0, r3, 0",1
"strls r0, [ip, -r0]",1
"strhs r0, [r0, -r0]",1
"stmdb r4, {sb, sl}",1
"stceq p0, c0, [r0, -8]",1
"andeq r0, r0, r6, lsr 1",1
"andeq r2, r0, lr, lsl 10",1
"cdphi p15, 0, c0, c1, c0, 0",1
invalid,1
"teqls r4, sb, lsr 2",1
"mrsls r0, spsr",1
"stcvc p0, c0, [r2, -0]",1
"tsteq sl, 0, 2",1
bllt 0x4059fc,1
invalid,1
"andeq lr, r2, sb, lsr 6",1
"subseq r0, r0, r0, lsl 2",1
"biceq r0, r0, 0xc0000003",1
"cdpmi p0, 0, c0, c1, c0, 0",1
"addseq r4, r1, r1, lsl 8",1
"addseq r5, r1, r0, lsl 8",1
"rsbseq r0, sp, r0, lsl 4",1
"andeq r4, r3, r1, lsl 2",1
"streq r1, [r0], -0",1
"cdpmi p0, 0, c0, c1, c0, 0",1
"andeq r0, r0, r1, asr 6",1
"streq r5, [r0], -1",1
invalid,1
"tsteq r1, r0",1
"andeq r0, r0, r6, lsl r4",1
"strpl r6, [r1], -0xb01",1
invalid,1
invalid,1
invalid,1
"andeq r0, r0, pc, lsr 8",1
"andeq sl, r0, r2, lsl r0",1
"andeq r0, r4, r0, lsl 20",1
invalid,1
"andvc r0, r1, r0",1
"andeq r0, r0, r3, ror 5",1
"ldrdeq r0, r1, [r0], -r2",1
"addseq fp, r1, r4, lsl ip",1
"andeq r8, r4, r0, lsl 10",1
"andeq sb, r3, r0, lsl 22",1
"andpl r1, r1, 0, 10",1
"tsteq r5, r1, lsl 10",1
"stmdavs r3, {r0, r4, r6, r8, sl}",1
"strne r0, [r0, -0xc1]",1
"andlo r5, r1, r1",1
"bicsls r1, r0, r0, lsl 12",1
"strteq r0, [r7], 0",1
invalid,1
bllt 0x5cdc,1
"stmdalt r0, {r2}",1
"strne r0, [r0, -3]",1
"strvc r5, [r2], -1",1
invalid,1
"strle r0, [r0], -0x91",1
invalid,1
"strne r0, [r0, -3]",1
"movweq r5, 0x5201",1
"andeq ip, r0, r4, ror r1",1
"subseq r0, r1, 0x40000005",1
"tsteq r5, r6, ror r0",1
"ldrne r0, [r0, -0x150]!",1
"andeq r7, r0, 2, 26",1
invalid,1
"andeq sb, r0, r4, lsl 4",1
"andeq r0, r0, r7, lsr 9",1
"addseq r1, r2, r7, lsl ip",1
"andeq sp, r4, r0, lsl 8",1
"movwpl r1, 0x1500",1
"strne r7, [r0, -0x502]",1
"movweq r5, 0x5201",1
"andeq ip, r0, r8, ror r1",1
"subseq r0, r0, 0x40000005",1
"andeq r0, r0, r4, ror r0",1
"addseq r6, r1, r6, lsl r8",1
"andeq pc, r4, r0, lsl 6",1
"orrls r1, r4, r0, lsl 12",1
"strteq r0, [r7], 0",1
invalid,1
"vqadd.u8 d0, d16, d1",1
"strne r0, [r0], -r4",1
"andeq sb, r0, r0, lsl 4",1
"andeq r0, r0, r1, lsl r5",1
"orrseq r1, pc, 0, 16",1
"strhs r0, [r1], -0",1
"andeq r0, r0, r3, ror 5",1
"stmdami ip!, {r0, r2, r8, sb}",1
"tstle r8, r1",1
invalid,1
"andeq r4, r3, lr, lsr 2",1
"andlo r0, r3, r0, lsl 10",1
"stmdbne r0, {r3, r6, r8}",1
"strdeq r0, r1, [r0], -sl",1
"adcseq sl, r7, 4, 16",1
"mrseq r0, apsr",1
"andeq r1, r4, sb, lsl ip",1
"strlt r0, [sb, r0, lsl 8]!",1
invalid,1
invalid,1
bge 0x105b60,1
"strheq r0, [r0], -r7",1
"ldcmi p1, c0, [sb, -4]",1
"streq r0, [r0], -r3",1
"andeq lr, r2, r2, lsl lr",1
bne 0x45f74,1
"andeq r5, r3, r1, lsl 20",1
"teqeq r3, r0, lsl 14",1
"andeq r0, r0, r0, lsr 1",1
"andeq sl, r4, r1, lsl 14",1
"rsceq r1, r3, 0, 22",1
"tst fp, 0",1
blne 0x5b98,1
"andeq r0, r0, r5, lsr 32",1
"stcvc p12, c1, [r1, -0]",1
beq 0x5ba8,1
"ldrteq r0, [r5], 0x132",1
"streq r0, [r1], -r0",1
"andeq r2, r0, r4, lsl 10",1
bl 0x4cfac,1
"stmdaeq r0, {r0, r1}",1
"andge r0, r1, r8, ror 2",1
invalid,1
"ldrdeq r0, r1, [r0], -r4",1
"andeq lr, r2, fp, lsl r3",1
"tsteq lr, r0",1
"andeq r0, r0, pc, lsr 7",1
invalid,1
"strdeq r0, r1, [r0], -r3",1
"andeq r2, r0, fp, lsl r5",1
"eoreq r1, r5, r0, lsl 22",1
"tst fp, 0",1
svcne 2,1
"vmlale.f32 s2, s2, s0",1
"stmdbeq r0, {r0, r1}",1
"eoreq r0, r5, r2, lsl 2",1
bleq 0x45bf0,1
blne 0x5c08,1
"andeq r0, r0, fp, lsl 10",1
"stcge p6, c0, [r4, -0]",1
"andhs r0, r0, r0",1
"andeq fp, r3, r1, lsl 10",1
"subseq r0, fp, 0, 24",1
"ldrhs r0, [fp, -0x101]",1
"andeq r0, r0, r0",1
"andeq r3, r1, r0, lsl 6",1
"strle r0, [r0, -r0, lsl 4]",1
"streq r0, [r0], -4",1
"andeq r0, r0, r1, lsl 28",1
"strbeq r0, [r8], -0x100",1
invalid,1
"eorsls r0, ip, 0",1
"sbcsls r0, r8, 0",1
"ldrbeq r0, [ip], -0",1
"streq r0, [r2], -0",1
"strbtvc r6, [lr], -0x905",1
"cmpeq r4, r0, lsl 6",1
"strle r0, [r2, -0]",1
"andeq r0, r0, r7, lsr r0",1
"strhs r0, [r7], -0x404",1
"streq r0, [r0], -0",1
"sbcseq r0, r5, r4, lsl 14",1
"andeq r0, r4, 0",1
"andeq r3, r0, r7, lsl 30",1
"andpl r0, r4, 0, 10",1
"streq r0, [r0], -r0",1
"andeq r0, r0, r7, asr r0",1
blo 0x20607c,1
"streq r0, [r0], -0",1
"eorseq r0, r1, r1, lsl 16",1
"mrseq r0, apsr",1
"muleq r0, sp, r1",1
"stclt p14, c1, [r1, -4]",1
invalid,1
"strls r0, [r0], -0x92",1
"andeq r0, r0, 0x92",1
"stclt p0, c0, [r1, -0x1f4]",1
invalid,1
"muleq r0, sp, fp",1
"subeq r1, ip, r1, lsl 28",1
"andeq r0, r6, 0",1
blhs 0x245ca4,1
invalid,1
"andeq r4, r0, r0, lsr 24",1
"andeq r2, r2, r0, lsl 14",1
"rsbseq r0, r0, r0, lsl 20",1
"subeq r2, ip, r1, lsl 2",1
"eorseq r0, sl, 0",1
invalid,1
invalid,1
"andeq ip, r0, r2, lsr 6",1
"andeq r6, r2, r0, lsl 10",1
"streq r0, [r5], -0",1
"andeq r0, r0, r7, asr r0",1
blx 0x860e8,1
bleq 0x5ce8,1
"andeq r2, r4, r1, lsl 6",1
"teqeq sl, r0, lsl 2",1
"andeq r0, r0, ip, lsr 32",1
"muleq r0, r4, r2",1
"ldrdeq sb, sl, [r0], -r8",1
"andeq r0, r0, r4, lsl 5",1
"andeq r2, r1, r1, lsl 2",1
bleq 0xfe747cfc,1
blo 0x45d00,1
"andeq r0, r0, ip, asr 32",1
"andeq r0, r0, r4, lsr 5",1
"cdpvs p12, 6, c6, c5, c12, 0",1
"ldchs p1, c0, [ip], -0",1
invalid,1
"ldrteq r0, [sp], -0xd50",1
"stclo p0, c0, [r1, -0]",1
"andeq r0, r0, ip, lsr 32",1
"adcls r0, r0, 0, 28",1
invalid,1
"mrseq r0, apsr",1
"rsbseq r0, r4, r0, asr r2",1
"tsteq r0, r0",1
"andeq r0, r0, r6, lsr r4",1
invalid,1
"andeq r0, r0, ip, lsr 32",1
"subeq r1, ip, r1, lsl 2",1
"andeq r0, r0, r0",1
"andeq r0, r0, r5, lsl 1",1
"ldrbeq r0, [r2, 2]",1
invalid,1
"andeq r0, r0, lr",1
"andeq r5, r4, r1, lsl 24",1
"andeq r2, r1, r0, lsl 18",1
"andeq r1, r5, r0, lsl 26",1
"streq r0, [r4, -r0, lsl 4]",1
"andeq r0, r0, r4, lsr 32",1
invalid,1
"andeq r0, r0, 0",1
"eorseq r0, pc, r2, lsl 14",1
"streq r0, [r2], -0",1
"andeq r1, r0, r7, lsl 30",1
"streq r0, [r1], -r0, lsl 4",1
"andeq r0, r0, r3, lsr r0",1
blgt 0x146594,1
"movweq r0, 0",1
"cdpvs p5, 6, c0, c9, c4, 0",1
"stmdaeq r2, {r2, r4, r5, r6}",1
"andeq r0, r0, r5",1
"streq r0, [r8, -r0, lsl 4]",1
"andeq r0, r0, sl, lsl r0",1
"streq r0, [r5, -0x402]",1
"andeq r0, r0, 0",1
"sbcseq r0, r5, r4, lsl 14",1
invalid,1
"andeq r3, r0, r8, lsl 20",1
"subeq r0, r7, r0, lsl 8",1
"stcmi p0, c0, [r5, -0]",1
invalid,1
"andeq r7, r0, r8, lsl r1",1
"movweq r0, 0x5100",1
"andeq r4, r1, r8, asr 15",1
"andeq r8, r4, r0, lsl 2",1
"andne r0, r0, r0, lsl 4",1
"streq r0, [r0], -6",1
"andeq r0, r0, r1, lsl 28",1
"strbteq r0, [fp], -0x100",1
invalid,1
"sbcsls r0, r8, 0",1
"orrls r0, ip, 0",1
"strbeq r0, [ip, -0]",1
"streq r0, [r2], -0",1
"strbtvc r6, [lr], -0x905",1
"cmpeq r4, r0, lsl 6",1
"strle r0, [r2, -0]",1
"andeq r0, r0, r7, lsr r0",1
"strhs r0, [r7], -0x404",1
"streq r0, [r0], -0",1
"eorseq r0, r1, r1, lsl 16",1
"andeq r0, r4, 0",1
"andeq r3, r0, r7, lsl 30",1
"streq r0, [r4, -r0, lsl 8]",1
"andeq r0, r0, pc, lsl r0",1
"movwlo r0, 0x6104",1
"streq r0, [r0], -0",1
"sbceq r0, fp, r2, lsl 10",1
invalid,1
"andeq r0, r0, r5",1
"streq r0, [r8, -r0, lsl 8]",1
"andeq r0, r0, sl, lsl r0",1
"andeq r8, r2, r3, lsl 20",1
"teqvs r7, r0, lsl 6",1
"movweq r0, 0",1
"ldrdeq r0, r1, [r0], -fp",1
"addeq r8, r5, r3, lsl 24",1
"streq r0, [r4], -0",1
"andeq r0, r0, r5, lsl 10",1
"sbcseq r0, r1, 0, 6",1
"stchi p0, c0, [r3, -0]",1
"andeq r0, r0, pc, rrx",1
"strle r0, [r7, -0x404]",1
"streq r0, [r0, -0]",1
"strge r0, [r4], -r4, lsl 12",1
"streq r0, [r0], -0",1
"eorseq r0, sl, r1, lsl 16",1
"cdp2 p0, 0, c0, c7, c0, 0",1
"stmdals r0, {r0}",1
"rsbeq pc, r8, 4, 12",1
"vhadd.s8 d0, d8, d0",1
"streq r0, [r0], -6",1
"strdeq r2, r3, [r0], -r7",1
"eoreq r0, r3, r0, lsl 4",1
"andeq r4, r2, r8",1
"rscsge r0, ip, r0, lsl 8",1
"andeq r0, r0, 0",1
"andls r0, r8, r3, lsr 8",1
"streq r0, [r0], -1",1
"strdeq sl, fp, [r0], -sp",1
"stmdaeq r3!, {sb}",1
"andeq r2, r3, r8, lsl 4",1
"rscsge r0, lr, r0, lsl 8",1
"andeq r0, r0, 0",1
"stmdahs r8, {r0, r1, r5, sl, fp}",1
"streq r0, [r0], -2",1
"strdeq sl, fp, [r0], -pc",1
"eorne r0, r3, r0, lsl 4",1
"andeq r6, r1, sb, lsl 8",1
invalid,1
"andeq r0, r0, r0, lsr 1",1
"ldmdbeq r4, {r1, r8, sb, sp}",1
"andeq r0, r0, r3, asr 5",1
"andge r0, r1, r4, lsl 2",1
"andeq r0, r0, 0",1
"andvc r1, sb, 0x230000",1
"streq r0, [r0], -1",1
"adceq r0, r0, r2, lsl 2",1
"movwhs r0, 0x2000",1
"subseq r0, r4, 28, 18",1
"movweq r0, 0x4000",1
"andeq sl, r0, r1",1
"eorhs r0, r3, r0, lsl 4",1
"andeq r3, r3, sb, lsl 30",1
"mrseq r0, apsr",1
"andeq r0, r0, r0, lsr 1",1
"stmdbeq r4!, {r1, r8, sb, sp}",1
"andeq r0, r0, sl, ror 5",1
"andge r0, r1, r4, lsl 12",1
"andeq r0, r0, 0",1
"strmi r2, [sb, -r3, lsr 16]",1
"streq r0, [r0], -1",1
"adceq r0, r0, r7, lsl 2",1
"movwhs r0, 0x2000",1
"orreq r0, r7, ip, lsr 18",1
invalid,1
"andeq sl, r2, r1, lsl 12",1
"eorlo r0, r3, r0, lsl 4",1
"andeq lr, r2, sb, lsl 6",1
"mrseq r0, apsr",1
"andeq r0, r0, ip, lsr 5",1
"ldmdbeq r4!, {r1, r8, sb, sp}",1
"andeq r0, r0, r2, lsl r1",1
"strhs r0, [r1, -0xd04]",1
"andeq r0, r0, 0",1
"strne r3, [sb], -0x823",1
"streq r0, [r0], -3",1
"eoreq r0, r5, r1, lsl r1",1
"movwhs r0, 0x2000",1
"rsceq r0, sl, ip, lsr sb",1
"movwne r0, 0x4000",1
"andeq r7, r0, r1, lsl 20",1
"eormi r0, r3, r0, lsl 4",1
"andeq sp, r1, sb, lsl 2",1
"tsteq r7, r0, lsl 8",1
"andeq r0, r0, r5, asr 32",1
"stmdbeq r4, {r1, r8, sb, sp} ^",1
"andeq r0, r0, r0, lsr r3",1
"movwpl r1, 0x1804",1
"andeq r0, r0, 0",1
"strne r4, [sb, -r3, lsr 12]",1
"streq r0, [r0], -2",1
"adcseq r0, r2, 0x40000006",1
"movwhs r0, 0x2000",1
invalid,1
"stcne p0, c0, [r4, -0]",1
"andeq ip, r2, r1, lsl 4",1
"stmdami r3!, {sb}",1
"andeq lr, r0, sb, lsl 28",1
invalid,1
"andeq r0, r0, ip, lsl 1",1
"ldmdbeq r0, {r1, r8, sb, sp} ^",1
"andeq r0, r0, sp, ror 4",1
"cdpls p15, 0, c2, c1, c4, 0",1
"andeq r0, r0, 0",1
invalid,1
"streq r0, [r0], -2",1
"addseq r0, lr, r0, lsr r1",1
"movwhs r0, 0x2000",1
"rsbseq r0, ip, 92, 18",1
invalid,1
"andeq sb, r0, r1, lsl 28",1
"eorvs r0, r3, r0, lsl 4",1
"andeq r8, r2, sb, lsl 6",1
"teqeq r2, r0, lsl 8",1
"muleq r0, lr, r0",1
"stmdbeq r4!, {r1, r8, sb, sp} ^",1
"andeq r0, r0, sp, asr 4",1
invalid,1
"andeq r0, r0, 0",1
invalid,1
"streq r0, [r0], -3",1
"eoreq r0, r5, r5, lsr r1",1
"movwhs r0, 0x2000",1
"eorseq r0, r7, 108, 18",1
"strlo r0, [r4, -r0]",1
"andeq ip, r2, r1, lsl 16",1
"eorvc r0, r3, r0, lsl 4",1
invalid,1
blls 0x106040,1
"andeq r0, r2, r7, lsl 24",1
invalid,1
"andeq r0, r0, r6, lsr 5",1
"andeq r6, r2, r8, lsl 14",1
"strtge r0, [r2], r0, lsl 8",1
"andeq r0, r0, 2",1
invalid,1
"streq r0, [r0], -1",1
"andeq sl, r2, r3, lsr 25",1
"strteq r0, [r3], -0x200",1
"andeq sp, r1, r8, lsl 26",1
"strhs r0, [r7, 0x400]!",1
"andeq r0, r0, 0",1
"streq r0, [r0], -r3, lsr 16",1
"andeq r6, r2, r4, lsl 30",1
"stcge p6, c0, [r4, -0]",1
bleq 0x6084,1
"andeq r0, r0, r6, lsr 1",1
"andeq r0, r0, r2, asr 5",1
"andeq sb, r0, ip, lsl 14",1
"streq r0, [r0], -r0",1
"andeq r6, r2, r4, lsl 16",1
"adceq r0, r6, r0, lsl 22",1
"sbcseq r0, r8, 0",1
"strls r0, [ip, -r0]",1
"strhs r0, [r0, -r0]",1
"cdple p6, 0, c0, c4, c0, 0",1
"stceq p0, c0, [r0, -8]",1
"andeq r0, r0, r6, lsr 1",1
"rsceq r0, sb, 0x6000000",1
svceq 0xe0000,1
"andeq lr, r1, r1, lsl 4",1
invalid,1
"ldrdeq sb, sl, [r0], -r8",1
"andeq sb, r0, ip, lsl 7",1
"andeq r0, r0, r2, asr 5",1
"andeq fp, r3, r1, lsl 22",1
"strbeq r1, [pc], 0",1
"strhs r0, [r1, -r0]",1
"ldrdeq r0, r1, [r0], -r8",1
"andeq r0, r0, r2, ror 5",1
"eoreq r7, r2, r1, lsl r5",1
"stmdale lr!, {r8}",1
invalid,1
invalid,1
"andeq r0, r0, fp, lsr 6",1
"sbcseq r2, r8, 1, 30",1
"movteq r0, 0xa000",1
invalid,1
"mcreq p0, 0, r0, c0, c2, 4",1
blmi 0x611c,1
"movwne r0, 3",1
"stmdaeq r2, {r0, r8, ip, lr}",1
"andpl r1, r1, pc, lsr 6",1
"andeq r7, r0, r2, lsl 8",1
"addseq r1, r3, r2, lsl r4",1
"andeq r2, r4, r0, lsl 24",1
"andeq r6, r3, r0, lsl 26",1
"andpl r1, r1, 0, 6",1
"tsteq r3, r1, lsl 14",1
"strlt r0, [r3], -0x551",1
"movwne r0, 0xc1",1
"strvc r5, [r2, -1]",1
invalid,1
invalid,1
svchi 4,1
"movwne r0, 3",1
"movwlo r5, 0x1201",1
"ldrbeq r0, [r1, -0x113]",1
"sbceq fp, r1, r3, lsl 24",1
"andpl r1, r1, r0, lsl 6",1
"andeq r7, r0, r2, lsl 12",1
"addseq r6, r3, r2, lsl ip",1
"andeq r4, r4, r0, lsl 28",1
"andeq fp, r3, r0, lsl 2",1
"andpl r1, r1, 0, 6",1
"teqne r7, 0x20000",1
"mrslo r5, apsr",1
"ldrbeq r0, [r0, -0x113]",1
"sbceq r7, r1, r3, lsl 24",1
"andsvc r0, r4, r0",1
"stmdbvc r0, {r0, r1, r4, r7}",1
"andeq r0, r0, r4",1
"andeq lr, r1, r5, lsl r6",1
"stmdale r1!, {r8}",1
invalid,1
"ldmdami r4!, {r0, r2, r8, sb}",1
"ldmdbge r6, {r0}",1
"streq r0, [r0, -4]",1
"andeq sl, r0, r6, lsr r0",1
"strne r0, [r1], -r0, lsl 2",1
"andeq r0, r0, fp, lsl 9",1
"adceq r3, r0, r5, lsl 12",1
"mrseq r0, apsr",1
"andeq pc, r2, r6, lsl sl",1
"stcge p6, c0, [r8], 0",1
invalid,1
"ldreq r1, [ip], -0x601",1
invalid,1
"andeq r0, r0, ip, lsr 5",1
invalid,1
"streq r0, [r0], -r1",1
"andeq sl, r2, sl, lsr 25",1
"strne r0, [r1, -r0, lsl 2]",1
"andeq ip, r4, r1, lsl 2",1
invalid,1
"andeq sl, r0, r1",1
"strteq r0, [ip], -0x100",1
invalid,1
"stmdane r0, {r1}",1
"andeq r0, r0, r5, lsr 32",1
svcvc 0x11900,1
"streq r0, [r0, -r1]",1
"eoreq r0, r5, pc, lsl 3",1
"cdpmi p0, 0, c0, c1, c0, 0",1
"stmdane r0, {r2}",1
"ldrdeq r0, r1, [r0], -r8",1
"andeq sp, r2, r8, lsl r8",1
"eoreq r1, ip, r0, lsl 16",1
bne 0x6220,1
"andeq r7, r4, r1, lsl 20",1
"strhi r0, [r0], -0x800",1
invalid,1
"andeq r0, r0, r7, lsr r0",1
"andeq r7, r4, r1, lsl 18",1
"rsceq r1, r3, 0, 16",1
"ldrlo r0, [r8, -r0]",1
invalid,1
"andeq r0, r0, r7, lsr r0",1
"andeq sb, r0, r8, lsl lr",1
"tsteq fp, r0",1
"andeq r0, r0, sb, asr 9",1
invalid,1
"ldchs p0, c0, [r1, 4]!",1
"andeq r0, r2, r0",1
"andeq r0, r0, r5, lsl 15",1
"andeq r0, lr, r4, lsl 2",1
"strmi r0, [r1], -0",1
"stmdbhs r0, {r0, r2}",1
invalid,1
"strle r0, [r0], -0x93",1
bpl 0x652c,1
"andeq r0, r0, 6",1
"cdpvs p5, 6, c0, c9, c4, 0",1
"strpl r0, [r3], -0x74",1
"streq r0, [r0, -1]",1
"ldrdeq r3, r4, [r0], -r5",1
"streq r0, [r4, -r0, lsl 8]",1
"andeq r0, r0, r4, lsr 32",1
"andeq r6, r5, r5, lsl 30",1
"mrseq r0, spsr",1
"andeq r0, r0, r7, lsr r0",1
"andeq sl, r8, r6, lsl 28",1
"andhs r0, r6, r0, lsl 8",1
"andeq r0, r0, sp, lsl 1",1
"andeq r0, r7, r7, lsl 22",1
invalid,1
invalid,1
"andeq r1, r6, r7, lsl 22",1
invalid,1
"movweq r0, 8",1
"andeq ip, r5, r7, lsl 24",1
"strlt r0, [r7], -r0, lsl 8",1
"streq r0, [r0, -7]",1
"andeq r0, r8, r7, lsl 2",1
"andeq r0, r7, r0, lsl 12",1
"streq r0, [r0, -r8]",1
"andeq lr, r7, r7, lsl 10",1
"streq r0, [r0], -r0, lsl 16",1
"andeq r0, r0, fp, ror 13",1
"ldclge p6, c0, [r3], {4}",1
"streq r0, [r0, -r0]",1
"andeq r0, r0, fp, asr r5",1
"ldmdaeq pc, {r0, r8, sb, sl}",1
"streq r0, [r2, -r0]",1
"andeq r0, r0, r7, ror sb",1
invalid,1
"andeq r3, r0, r8, lsl 2",1
"streq r0, [r2, -r0, lsl 8]",1
"andeq r0, r0, pc, lsr r0",1
svcne 0x70404,1
"streq r0, [r0], -0",1
"eorseq r0, r3, r1, lsl 12",1
"andeq r0, r4, 0",1
"andeq ip, r0, r5, lsl 22",1
"streq r0, [r8, -0x400]",1
"andeq r0, r0, r0",1
bne 0x1c8340,1
"movweq r0, 0",1
"andeq r0, r0, sl, lsl 5",1
"sbceq r3, pc, r7, lsl 14",1
blle 0xc6340,1
"streq r0, [r0, -r2]",1
"andeq pc, r0, ip, lsl 7",1
"streq r0, [r4, -0x400]",1
"andeq r0, r0, r5",1
"andeq sp, r2, r3, lsl 2",1
"stcle p7, c0, [sp]",1
"streq r0, [r0], -0",1
"sbcseq r0, r5, r4, lsl 14",1
"strlt r0, [r3, -0]",1
"streq r0, [r0, -sl]",1
"muleq r0, r4, r3",1
"stmdbeq r4, {fp}",1
"andeq r1, r1, r4, lsl 30",1
"stmdaeq r1, {sl}",1
"andeq r0, r0, sl, lsr r0",1
"andslo r0, r0, sl, lsl 8",1
"andeq r0, r0, r2, lsl 3",1
"andeq r2, fp, r7, lsl 12",1
"streq r8, [r2, -r0]",1
"strdeq r0, r1, [r0], -sb",1
"strhs r0, [r7], -r0, lsl 9",1
"andhi r0, r0, sl",1
"stmdaeq r2!, {r3, r8, sb, sl} ^",1
"addne r0, r0, r0",1
"andeq r3, r7, r7, lsl 16",1
"streq r8, [r0, -r0]!",1
"andeq r0, r0, r4, lsl 17",1
"streq ip, [r0, -r0, lsl 1]",1
"andeq r0, r0, r4, lsr 18",1
"streq r8, [r1, -r0, lsl 1]",1
"andeq r0, r0, sl, lsl 19",1
"streq r8, [r2, -r0, lsl 1]",1
"ldrdeq r0, r1, [r0], -pc",1
"ldmdaeq sb, {r0, r8, sb, sl} ^",1
"streq r0, [r2, -r0]",1
"andeq r0, r0, r3, lsl sb",1
beq 0xfef87fe4,1
"andeq r0, r8, r0",1
"orreq r0, r8, sb, lsl 8",1
"movwlt r0, 0xb000",1
invalid,1
"andeq sb, r1, r4, lsl 6",1
"tsteq pc, r0, lsl 22",1
"streq r0, [sb], -0",1
"andeq r0, r0, r5, lsr 32",1
"andeq fp, sl, r3, lsl 14",1
"mcrreq p8, 0, r0, fp, c0",1
invalid,1
"andeq r0, r0, pc, lsl r1",1
"strheq r0, [r0], -sb",1
"andeq r0, r1, sp, lsl 10",1
"stmdbeq r0, {r8, sb}",1
"andeq fp, r1, r4, lsl 30",1
"cdp2 p14, 0, c0, c15, c0, 0",1
"stmdals r0, {r0}",1
"cmneq fp, 0x900000",1
"vhadd.s16 d0, d0, d0",1
"stmdbeq r0, {r1, r2}",1
"strdeq r2, r3, [r0], -r7",1
"eoreq r0, r3, r0, lsl 4",1
"andeq r4, r2, r0, lsl r0",1
"ldmibne ip!, {r8, fp} ^",1
"andeq r0, r0, 1",1
"andsls r0, r0, r3, lsr 8",1
"stmdbeq r0, {r0}",1
"strdeq r1, r2, [r1], -sp",1
"stmdaeq r3!, {sb}",1
"andeq r2, r3, r0, lsl r2",1
"ldmibne lr!, {r8, fp} ^",1
"andeq r0, r0, 1",1
"ldmdahs r0, {r0, r1, r5, sl, fp}",1
"stmdbeq r0, {r1}",1
"strdeq r1, r2, [r1], -pc",1
"eorne r0, r3, r0, lsl 4",1
"andeq r6, r1, r1, lsl r4",1
invalid,1
"andeq r0, r0, sb, lsl r1",1
"tstne r4, r2, lsl 6",1
"andeq r0, r0, r3, asr 5",1
"stmdbne r1, {r0, r3, r8}",1
"andeq r0, r0, 1",1
"andsvc r1, r1, 0x230000",1
"stmdbeq r0, {r0}",1
"tsteq sb, r2, lsl 2",1
"movwhs r0, 0x2000",1
"subseq r1, r4, 28, 2",1
"movweq r0, 0x9000",1
"andeq r1, r1, r1, lsl 18",1
"eorhs r0, r3, r0, lsl 4",1
"andeq r3, r3, r1, lsl pc",1
"mrseq r0, apsr",1
"andeq r0, r0, sb, lsl r1",1
invalid,1
"andeq r0, r0, sl, ror 5",1
"stmdbne r1, {r0, r3, sb, sl}",1
"andeq r0, r0, 1",1
"ldrmi r2, [r1, -r3, lsr 16]",1
"stmdbeq r0, {r0}",1
"tsteq sb, r7, lsl 2",1
"movwhs r0, 0x2000",1
"orreq r1, r7, ip, lsr 2",1
invalid,1
"andeq r1, r4, r1, lsl 30",1
"eorlo r0, r3, r0, lsl 4",1
"andeq lr, r2, r1, lsl r3",1
"mrseq r0, apsr",1
"andeq r0, r0, r5, lsr 8",1
"teqne r4, r2, lsl 6",1
"andeq r0, r0, r2, lsl r1",1
"strhs r0, [r1, -0xd09]",1
"andeq r0, r0, 0",1
"ldrne r3, [r1], -0x823",1
"stmdbeq r0, {r0, r1}",1
"eoreq r0, r5, r1, lsl r1",1
"movwhs r0, 0x2000",1
"rsceq r1, sl, ip, lsr r1",1
"movwne r0, 0x9000",1
"andeq lr, r0, r1, lsl 16",1
"eormi r0, r3, r0, lsl 4",1
"andeq sp, r1, r1, lsl r1",1
"tsteq r7, r0, lsl 18",1
"strheq r0, [r0], -r3",1
invalid,1
"andeq r0, r0, r0, lsr r3",1
"mrsgt r1, apsr",1
"andeq r0, r0, 0",1
"ldrne r4, [r1, -r3, lsr 12]",1
"stmdbeq r0, {r1}",1
"strteq r0, [fp], -0x119",1
"movwhs r0, 0x2000",1
invalid,1
"stcne p0, c0, [sb, -0]",1
"andeq r3, r4, r1, lsl 22",1
"stmdami r3!, {sb}",1
"andeq lr, r0, r1, lsl lr",1
invalid,1
"strdeq r0, r1, [r0], -sl",1
"cmpne r0, r2, lsl 6",1
"andeq r0, r0, sp, ror 4",1
"strne r2, [r1, -sb, lsl 30]",1
"andeq r0, r0, 1",1
"tsths r1, r3, lsr 16",1
"stmdbeq r0, {r1}",1
"tsteq r7, r0, lsr r1",1
"movwhs r0, 0x2000",1
"rsbseq r1, ip, 92, 2",1
"mrslo r0, apsr",1
"andeq r1, r1, r1, lsl 14",1
"eorvs r0, r3, r0, lsl 4",1
"andeq r8, r2, r1, lsl r3",1
"teqeq r2, r0, lsl 18",1
"andeq r0, r0, r7, lsl r1",1
invalid,1
"andeq r0, r0, sp, asr 4",1
invalid,1
"andeq r0, r0, 0",1
invalid,1
"stmdbeq r0, {r0, r1}",1
"eoreq r0, r5, r5, lsr r1",1
"movwhs r0, 0x2000",1
"eorseq r1, r7, 108, 2",1
"strlo r0, [sb, -r0]",1
"andeq r4, r4, r1, lsl 2",1
"eorvc r0, r3, r0, lsl 4",1
beq 0x7c79d4,1
"andvs r0, r5, 0",1
"andeq r3, r0, r1, lsl 14",1
beq 0x10ade0,1
"andeq sl, r3, r5, asr r6",1
"ldrbeq r1, [sl, r0, lsl 6]!",1
invalid,1
"andeq r0, r0, r7, lsr r0",1
"andeq r5, sb, r3, lsl r5",1
"ldmdbge ip, {sb, fp} ^",1
"andeq r0, r0, r1",1
"andpl r0, sl, 20, 16",1
"andeq r0, r0, fp, asr 7",1
"andeq r3, r6, r0, lsl r6",1
"ldrbhs r0, [r4, -0xa00]",1
"andeq r0, r0, 0",1
"ldchi p0, c0, [r0, -0x8c]",1
beq 0x6634,1
"andeq r8, r3, sp, asr r7",1
"strteq r0, [r3], -0x200",1
"ldmeq sb, {r8, sb} ^",1
"cdppl p0, 0, c0, c10, c0, 0",1
"andeq r0, r0, r6, lsr 7",1
"andeq sp, r8, r3, lsl 22",1
blgt 0x1a88e34,1
"strne r0, [r0, -3]",1
"andeq r0, r0, r4, ror 6",1
invalid,1
invalid,1
"ldreq sl, [pc], -0x109      ; [0x6648:4]=0x9000002",1
"ldrvs r0, [r0, -r0]",1
"stmdbeq r0, {r1}",1
"andeq r1, r4, r2, lsr 31",1
"eoreq r0, r3, r0, lsl 4",1
"andeq pc, r1, r0, lsl r8",1
"strhs r0, [r3, 0x900]!",1
"andeq r0, r0, 4",1
"ldcle p4, c0, [r0, -0x8c]",1
"stmdbeq r0, {r0}",1
"andeq r2, r0, r7, lsr 11",1
"stmdaeq r3!, {sb}",1
"stmda r4, {r8, fp}",1
"stmdbeq r0, {r0, r1}",1
"andeq ip, r1, r4",1
"tsteq pc, r0, lsl 24",1
"ldrteq r0, [fp], -0",1
"streq r0, [sp, -0]",1
"andeq r0, r0, r1",1
invalid,1
invalid,1
"andeq r0, r0, pc, lsl r1",1
"andeq r0, r0, r1, asr r4",1
"andeq r0, r1, sp, lsl 10",1
svceq 0x2700,1
"andeq r0, r0, fp, ror 17",1
"ldrtge r0, [r7], -0x130",1
"andne r0, r0, r4",1
"strheq r0, [r0], -r6",1
"subeq r3, sl, r1, lsl 20",1
"movwhs r0, 0x2000",1
"ldrbteq r1, [r3], r0",1
"stclo p0, c0, [r1, -0]",1
"andeq r0, r0, r5, lsr 32",1
"andne r2, r4, r2, lsl 6",1
"muleq r0, r2, sl",1
"strteq r4, [r4], 0x101",1
"movwhs r0, 0x2000",1
bleq 0x4ca700,1
"strmi r0, [r1], -0",1
"andeq r0, r0, sp, lsl 3",1
"eorne r2, r8, r2, lsl 6",1
"muleq r0, sl, r5",1
"orreq r4, sp, r1, lsl 14",1
"movwhs r0, 0x2000",1
"strlo r0, [ip, -ip, lsr 32]",1
"strlt r0, [r0], -0",1
"stceq p0, c0, [r0, -0x10]",1
"andeq r0, r0, r5, lsl 2",1
"tstls r6, 7",1
"stmdaeq r0, {r0, r3}",1
"and sp, r2, r1, lsl 6",1
invalid,1
"andeq r1, r0, r8, asr 15",1
invalid,1
"andeq r0, r0, 0",1
"ldrvc r0, [r7], -r3, lsr 32",1
invalid,1
"ldrsbeq r0, [sb, -r6]",1
"movwhs r0, 0x2000",1
invalid,1
"andeq r0, r0, 9",1
"eoreq r0, r5, r3, lsr 3",1
"strvc r0, [r3], -r0",1
"stmdbne r0, {r0, r2}",1
"andeq r3, r0, 0xc000001c",1
"andeq r8, r1, r3, lsr 27",1
"rsbslo r1, r3, 0, 18",1
"stchi p2, c0, [r3, 0]!",1
"stmdbne r0, {r0}",1
"eorseq r3, r0, r3, ror r2",1
"tsteq pc, r2, lsl 6",1
"tstvc sb, 0",1
"andeq r3, r0, 0x8000000c",1
"andeq r1, r1, r3, lsr 31",1
"rsbslo r1, r3, 0, 18",1
"movwge r0, 0x2032",1
"andeq r0, r0, pc, lsl r1",1
"teqlo r2, 0x64000000",1
svcne 0xa30200,1
"stmdbne r0, {r0}",1
"eorseq r3, r4, r3, ror r2",1
"tsteq pc, r2, lsl 6",1
"tstvc sb, 0",1
"andeq r3, r0, 0xc800000",1
"andeq r1, r1, r3, lsr 31",1
"rsbslo r1, r3, 0, 18",1
"movwge r0, 0x2036",1
"andeq r0, r0, pc, lsl r1",1
invalid,1
svcne 0xa30200,1
"stmdbne r0, {r0}",1
"eorseq r3, r8, r3, ror r2",1
"tsteq pc, r2, lsl 6",1
blne 0x6867c0,1
"rsbeq r5, r3, pc, asr pc",1
"eoreq sl, r5, r2, lsl 10",1
"andeq r0, r0, r0",1
"andeq r6, sb, r8, lsl sb",1
"biceq r0, r1, r0, lsl 2",1
"andeq r0, r0, sp, lsl 3",1
"andeq fp, r5, r1, lsl 4",1
"streq r1, [r8], -r0, lsl 24",1
"mrsgt r0, apsr",1
"andeq r0, r0, sp, lsl 3",1
invalid,1
"andeq r4, r0, r1, asr 21",1
"strbteq r1, [ip], -r0, lsl 26",1
"movwgt r0, 0x1000",1
"andeq r0, r0, sp, lsl 3",1
"andeq lr, r5, sp, lsl r2",1
"stclhi p1, c0, [r4]",1
"andeq r0, r0, r1",1
"stmdaeq fp!, {r1, r2, r3, r4, r8} ^",1
invalid,1
"andeq r1, r1, r1, lsl 14",1
"str r0, [r1, -r0, lsl 6]",1
invalid,1
"andeq r0, r0, r0, ror 13",1
"tsteq r7, r3, lsl 24",1
"cdpeq p0, 1, c0, c12, c0, 0",1
"movweq r0, 9",1
"andeq r2, r0, ip, asr 10",1
"strbteq r1, [r6], -r0, lsl 24",1
invalid,1
"andeq r0, r0, ip, lsr 32",1
"movwmi r1, 0x1f00",1
"streq r0, [r0], -9",1
"ldrsbeq r0, [sb, -sl]",1
"movweq r0, 0x3000",1
"stmdbne r0, {r1, r2}",1
ble 0x106a0c,1
"andeq r0, r0, ip, lsr 32",1
"strle r1, [r1], -0xf00",1
invalid,1
"eoreq r0, r5, sl, lsl 3",1
invalid,1
"stmdbne r0, {r1, r2}",1
bhi 0x46a2c,1
"andeq r0, r0, r8, asr r6",1
invalid,1
"andeq r1, r1, sl, lsl 31",1
"rsbeq r1, sb, r0, lsl 18",1
"eoreq r8, r5, r1, lsl 20",1
"ldrvc r0, [fp, -0]",1
invalid,1
"andeq r0, r0, ip, lsr 1",1
invalid,1
"andeq r5, r6, sp, lsl 29",1
"ldrteq r1, [lr], -r0, lsl 26",1
svchi 0x10000,1
"andeq r0, r0, r5, lsr 32",1
invalid,1
"muleq r0, r0, r5",1
"streq r0, [sb], -0",1
"andeq r0, r0, r1, asr r4",1
"eorseq r0, r7, sb, lsl 8",1
invalid,1
"andeq r0, r0, 0xa",1
"eoreq r0, r5, r3, lsr r1",1
"andge r0, r3, 0",1
"stmdbne r0, {r1, r2}",1
"andeq r3, r0, 0xc000001c",1
"andeq r8, r1, r3, lsr sp",1
"rsbslo r1, r3, 0, 18",1
"ldchi p2, c0, [r3, -0]!",1
"stmdbne r0, {r0}",1
"eorseq r3, r8, r3, ror r2",1
"tsteq pc, r2, lsl 6",1
blne 0x6868ec,1
"rsbeq r5, r3, pc, asr pc",1
"eoreq r3, r5, r2, lsl 10",1
"andeq r0, r0, r0",1
"andeq pc, sb, r8, lsl lr",1
"mrslo r0, r8_usr",1
"andeq r0, r0, r5, lsr 32",1
"andeq lr, r6, r3, lsl 22",1
"cmnlo r3, r0, lsl 18",1
"stclhi p2, c0, [r1, -0]",1
"stmdbne r0, {r0}",1
"andeq r3, r0, 0x30000007",1
"andeq r8, r1, r1, asr 26",1
"rsbslo r1, r3, 0, 18",1
invalid,1
"andeq r0, r0, pc, lsl r1",1
"ldmdalo r2!, {r0, r3, r4, r8, sb, ip, sp, lr}",1
svcne 0x410200,1
bne 0x6938,1
"cmpvs pc, 27, 30            ; 0x1b",1
"strbhs r0, [r3, -0x200]",1
"andeq r0, r0, r0",1
"ldmibeq r3!, {fp, ip} ^",1
svcmi 0x20000,1
"andeq r2, r0, r1, lsl 10",1
"ldreq r0, [pc, -r0, lsl 6]! ; [0x6950:4]=0x4f020031 ; ""1""",1
"tstvc sb, 0",1
svcmi 0x20031,1
"andeq r0, r0, sp, lsl 3",1
"eorseq r7, r2, sb, lsl r3",1
"orreq r4, sp, r2, lsl 30",1
"tstvc sb, 0",1
"andeq r3, r0, 0x3200000",1
"andeq r1, r1, pc, asr 30",1
"rsbslo r1, r3, 0, 18",1
svcmi 0x20037,1
"andeq r0, r0, pc, lsl r1",1
"ldmdalo r2!, {r0, r3, r4, r8, sb, ip, sp, lr}",1
svcne 0x4f0200,1
bne 0x698c,1
"cmpvs pc, 27, 30            ; 0x1b",1
"ldrbhs r0, [r1, -0x200]",1
"andeq r0, r0, r0",1
"ldrbeq r1, [r7, -0x800]!",1
"stcpl p0, c0, [r2, -0]",1
"andeq r2, r0, r1, lsl 10",1
"ldreq r0, [lr, r0, lsl 6]",1
"tstvc sb, 0",1
"stcpl p0, c0, [r2, -0xc4]",1
"andeq r0, r0, sp, lsl 3",1
"eorseq r7, r2, sb, lsl r3",1
"orreq r5, sp, r2, lsl 26",1
"tstvc sb, 0",1
"andeq r3, r0, 0xc800000",1
"andeq r1, r1, sp, asr pc",1
"rsbslo r1, r3, 0, 18",1
"stcpl p0, c0, [r2, -0xd8]",1
"andeq r0, r0, pc, lsl r1",1
invalid,1
svcne 0x5d0200,1
"stmdbne r0, {r0}",1
"eorseq r3, r8, r3, ror r2",1
"tsteq pc, r2, lsl 26",1
blne 0x6869e8,1
"rsbeq r5, r3, pc, asr pc",1
"eoreq r5, r5, r2, lsl 30",1
"andeq r0, r0, r0",1
"andeq lr, sb, r8, lsl r8",1
invalid,1
"andeq r0, r0, r5, lsr 32",1
"andeq r0, r8, r3, lsl 16",1
"cmnlo r3, r0, lsl 18",1
"stclhi p2, c0, [fp, -0]!",1
"stmdbne r0, {r0}",1
"andeq r3, r0, 0x30000007",1
"andeq r8, r1, fp, ror 26",1
"rsbslo r1, r3, 0, 18",1
blvs 0x86af0,1
"andeq r0, r0, pc, lsl r1",1
"ldrlo r7, [r2, -0x319]!",1
svcne 0x6b0200,1
"stmdbne r0, {r0}",1
"eorseq r3, r6, r3, ror r2",1
"tsteq pc, r2, lsl 22",1
"tstvc sb, 0",1
"andeq r3, r0, 0xc80000",1
"andeq r1, r1, fp, ror 30",1
"rsbslo r1, r3, 0, 18",1
blvs 0x86b2c,1
"andeq r0, r0, pc, lsl r1",1
svcpl 0x5f1b1a,1
"stcvs p0, c0, [r2, -0x18c]",1
"andeq r0, r0, r5, lsr 32",1
"ldcle p0, c0, [r8, -0]",1
"andeq r0, r0, 9",1
"eoreq r0, r5, sb, ror r1",1
"stcvc p0, c0, [r3, -0]",1
"stmdbne r0, {r3}",1
"andeq r3, r0, 0xc000001c",1
"andeq r8, r1, sb, ror sp",1
"rsbslo r1, r3, 0, 18",1
"ldclhi p2, c0, [sb, -0]!",1
"stmdbne r0, {r0}",1
"eorseq r3, r3, r3, ror r2",1
"tsteq pc, r2, lsl 18",1
"tstvc sb, 0",1
"andeq r3, r0, 0x32000000",1
"andeq r1, r1, sb, ror pc",1
"rsbslo r1, r3, 0, 18",1
"stmdbvc r2, {r0, r2, r4, r5}",1
"andeq r0, r0, pc, lsl r1",1
"shadd16lo r7, r2, sb",1
svcne 0x790200,1
"stmdbne r0, {r0}",1
"eorseq r3, r7, r3, ror r2",1
"tsteq pc, r2, lsl 18",1
"tstvc sb, 0",1
"andeq r3, r0, 0x320000",1
"andeq r1, r1, sb, ror pc",1
svcpl 0x1b1a00,1
"andeq r6, r0, 0x7c000001",1
"andeq r2, r0, fp, ror r5",1
invalid,1
"ldrdeq r0, r1, [r0], -r2",1
"strhs r8, [r1, -0x702]",1
"movweq r0, 0",1
"strdeq r0, r1, [r0], -sp",1
"eorseq r7, r1, sb, lsl r3",1
"orreq r8, sp, r2, lsl 14",1
"tstvc sb, 0",1
"smladxhi r2, r2, r0, r0",1
"andeq r0, r0, sp, lsl 3",1
"eorslo r7, r2, 0x64000000",1
svcne 0x870200,1
"stmdbne r0, {r0}",1
"eorseq r3, r3, r3, ror r2",1
"tsteq pc, r2, lsl 14",1
"tstvc sb, 0",1
"andeq r3, r0, 0x32000000",1
"andeq r1, r1, r7, lsl 31",1
"rsbslo r1, r3, 0, 18",1
"smladxhi r2, r5, r0, r0",1
"andeq r0, r0, pc, lsl r1",1
"shadd16lo r7, r2, sb",1
svcne 0x870200,1
"stmdbne r0, {r0}",1
"eorseq r3, r7, r3, ror r2",1
"tsteq pc, r2, lsl 14",1
"tstvc sb, 0",1
"andeq r3, r0, 0x320000",1
"andeq r1, r1, r7, lsl 31",1
svcpl 0x1b1a00,1
"andeq r6, r0, 0x7c000001",1
"andeq r2, r0, sb, lsl 11",1
invalid,1
"andeq r0, r0, r7, asr 19",1
"strhs sb, [r1, -0x502]",1
"movweq r0, 0",1
"andeq r0, r0, r8, lsl 19",1
"eorseq r7, r1, sb, lsl r3",1
"orreq sb, sp, r2, lsl 10",1
"tstvc sb, 0",1
"strls r0, [r2, -0x32]",1
"andeq r0, r0, sp, lsl 3",1
"teqlo r2, sb, lsl r3",1
svcne 0x950200,1
"stmdbne r0, {r0}",1
"eorseq r3, r2, r3, ror r2",1
"tsteq pc, r2, lsl 10",1
"tstvc sb, 0",1
"andeq r3, r0, 0xc8000000",1
"muleq r1, r5, pc",1
"rsbslo r1, r3, 0, 18",1
"strls r0, [r2, -0x34]",1
"andeq r0, r0, pc, lsl r1",1
"ldrlo r7, [r2, -0x319]!",1
svcne 0x950200,1
"stmdbne r0, {r0}",1
"eorseq r3, r6, r3, ror r2",1
"tsteq pc, r2, lsl 10",1
"tstvc sb, 0",1
"andeq r3, r0, 0xc80000",1
"muleq r1, r5, pc",1
"rsbslo r1, r3, 0, 18",1
"strls r0, [r2, -0x38]",1
"andeq r0, r0, pc, lsl r1",1
svcpl 0x5f1b1a,1
"strls r0, [r2, -r3, rrx]",1
"andeq r0, r0, r5, lsr 32",1
"ldrne r0, [r8], -0",1
"andeq r0, r0, 0xa",1
"eoreq r0, r5, sp, lsr 2",1
"cdpge p0, 0, c0, c3, c0, 0",1
"stmdbne r0, {r0, r3}",1
"andeq r3, r0, 0xc000001c",1
"andeq r8, r1, sp, lsr 26",1
"rsbslo r1, r3, 0, 18",1
"stchi p2, c0, [sp, -0]!",1
"andeq r0, r0, r1",1
"andeq r7, r5, r0, lsr 12",1
"addseq r8, r3, r0, lsl 24",1
"addseq fp, r4, r0, lsl 8",1
"andeq r5, r3, r0, lsl 26",1
svceq 0x2c0100,1
"strhi r0, [r1, -r0]!",1
"stcvc p0, c0, [r0, -0x14]",1
invalid,1
"muleq r0, r2, r5",1
"muleq r0, fp, r3",1
"andeq sb, r5, r2, lsr 22",1
"cmphs r0, 0, 2",1
"andeq r0, r0, r6, lsr 11",1
"strheq r0, [r0], -sb",1
"andeq lr, r4, r4, lsr 32",1
"addseq sb, r3, r0, lsl 24",1
"addseq lr, r3, r0, lsl 16",1
blmi 0xff70704c,1
"strhs r0, [r0, -0xc]",1
"andeq r0, r0, r7, asr 10",1
"ldreq r2, [ip, -0x500]!",1
"strhs r0, [r0, -0]",1
"andeq r0, r0, r1, lsr r5",1
"streq r2, [r6, -0x538]!",1
"strhs r0, [sp, -0]!",1
"andeq r0, r0, fp, lsl r5",1
"ldreq r2, [r0, -0x546]",1
"ldrbhs r0, [r4, -0]",1
"andeq r0, r0, r5, lsl 10",1
"ldrbteq r2, [fp], 0x655",1
invalid,1
"stmdblt r0, {r2}",1
"strhs r0, [r0, -r3]",1
"muleq r0, ip, r3",1
"andeq sb, r0, r8, ror 7",1
"andeq r5, r5, r5, lsr 26",1
"eorpl r0, r5, 0",1
"andeq r0, r0, r5",1
"andeq lr, r4, r8, lsr 32",1
"addseq sl, r3, r0, lsl 24",1
"addseq lr, r3, r0, lsl 16",1
"bichs r0, r1, r0, lsl 2",1
"andeq r0, r0, r7, asr 10",1
"andeq r0, r0, r2, ror 7",1
"andeq r3, r5, r1, lsr 24",1
"andeq lr, r3, r0, lsl 4",1
"ldreq r2, [r1, -0x100]!",1
invalid,1
"strths r0, [r1], -r0",1
bleq 0x6ce0,1
invalid,1
"andeq r0, r0, fp, lsl r5",1
"andeq r0, r0, r0, lsr 8",1
"andeq r1, r5, r1, lsr 32",1
"andeq r3, r4, r0, lsl 10",1
"streq r2, [r5, -0x100]",1
"strbeq r0, [sl], -0",1
blx 0x986cee,1
invalid,1
"strdeq r0, r1, [r0], -r1",1
"andeq r0, r0, pc, asr r4",1
"addseq sl, r3, r7, lsr 24",1
"addseq lr, r3, r0, lsl 16",1
"ldrbeq r2, [sp, -0x100]",1
invalid,1
"eorpl r0, r1, 0",1
"and r0, r0, 5",1
"stmdahs r0, {r0, r1}",1
"strdeq r0, r1, [r0], -sp",1
"andeq sb, r0, ip, lsr 7",1
"andeq sb, r0, r8, ror 7",1
"stmdbpl r1!, {r1, sb, fp, sp, pc}",1
"and r0, r0, 9",1
invalid,1
"andeq r0, r0, lr, asr 18",1
"andeq r0, r0, r2, ror 7",1
"andeq r4, sb, r1, lsr 6",1
"andeq pc, r3, r0, lsl 12",1
"ldmdbeq r8!, {r8, sp}",1
"streq r0, [fp], -0",1
"stchs p0, c0, [r1, -0]!",1
"andhs r0, r0, sb",1
invalid,1
"andeq r0, r0, r2, lsr 18",1
"andeq r0, r0, r5, lsr r4",1
"andeq r1, sb, r6, lsr 16",1
"stmdbeq lr, {r8, sp}",1
"ldrbeq r0, [pc], -0         ; [0x6d64:4]=0xe8000093",1
"stcge p0, c0, [r7], -0",1
"stmda r0, {r0, r1, r4, r7}",1
"swphs r0, r3, [r0]",1
"andeq r0, r0, pc, ror 18",1
"andeq r0, r0, r2, ror 7",1
"andeq r6, sb, r1, lsr 8",1
"andeq lr, r3, r0, lsl 4",1
"ldmdaeq sp!, {fp, sp} ^",1
invalid,1
invalid,1
invalid,1
"andeq ip, r8, r1, lsr 28",1
"andeq r7, r4, r0, lsl 4",1
"stmeq r3, {r8, sp} ^",1
"ldrbteq r0, [r2], -0",1
invalid,1
"strhi r0, [r0], -r8",1
invalid,1
"andeq r0, r0, sp, lsr 17",1
"muleq r0, fp, r4",1
"andeq sl, r8, r1, lsr 4",1
"andeq fp, r4, r0",1
"ldmeq r8, {sb, sl, sp}",1
"cdphi p0, 2, c0, c1, c0, 0",1
"strgt r0, [r0, -8]",1
"strhs r0, [r0, -r4]",1
"strheq sb, [r0], -ip",1
"andeq sb, r0, r8, ror 7",1
"andeq lr, r8, r1, lsr 8",1
"andeq r7, r4, r0, lsl 4",1
"ldmeq sb, {r8, sp} ^",1
"ldrbteq r0, [r2], -0",1
invalid,1
invalid,1
"stmda r0, {r0, r1, r4, r7}",1
"andeq r0, r0, 0x93",1
"stmdaeq lr, {r1, r2, r3, r7, r8, sp} ^",1
"ldrbeq r0, [r8], 0",1
invalid,1
"stmdale r0, {r3}",1
invalid,1
"andeq r0, r0, r8, lsr r8",1
"andeq r0, r0, ip, ror 9",1
"andeq r2, r8, r1, lsr 26",1
"andeq r0, r5, r0, lsl 2",1
"stmdaeq r3!, {sb, sl, sp}",1
invalid,1
"strne r0, [r0], -r8",1
"strhs r0, [r0, -r5]",1
"andeq sb, r0, ip, asr 7",1
"andeq sb, r0, r8, ror 7",1
"andeq r6, r8, r1, lsr 8",1
"andeq sp, r4, r0, lsl 16",1
"ldmdaeq sb, {r8, sp} ^",1
"ldrbeq r0, [r8], 0",1
"cdpls p0, 2, c0, c8, c0, 0",1
"stmdale r0, {r0, r1, r2}",1
"stmda r0, {r0, r1, r4, r7}",1
"andeq r0, r0, 0x93",1
"ldrbeq r2, [sb, r0, lsl 3]",1
"streq r0, [sb, -0]!",1
"cdpgt p0, 2, c0, c1, c0, 0",1
"stmdbhs r0, {r0, r1, r2}",1
invalid,1
"andeq r0, r0, r3, asr 15",1
"andeq r0, r0, sp, lsr r5",1
"andeq fp, r7, r6, lsr 18",1
"streq r2, [pc, r0, lsl 2]!",1
"ldrbeq r0, [r2, -0]",1
invalid,1
"stmda r0, {r0, r1, r4, r7}",1
"swphs r0, r3, [r0]",1
"andeq r0, r0, pc, ror 15",1
"andeq r0, r0, sb, lsr 10",1
"andeq lr, r7, r1, lsr 8",1
"andeq r2, r5, r0, lsl 18",1
"andeq r0, r0, r0",1
"andeq r0, r0, r0",1
"andeq r0, r0, r0",1
"strbteq r2, [r0], 0x900",1
"strls r0, [ip], -0",1
"adcseq r0, r8, r0",1
"cdple p0, 0, c0, c1, c0, 0",1
"andeq r0, r0, r2, lsr 30",1
"andeq r4, r5, r1, lsr 14",1
"andeq r6, r5, r0, lsl 10",1
"ldreq r2, [ip, -0x100]!",1
"streq r0, [r7]",1
invalid,1
"strvs r0, [r0, -5]",1
invalid,1
"andeq r0, r0, r6, lsr 10",1
"andeq r0, r0, sb, lsr 11",1
"andeq r1, r5, r1, lsr 22",1
"andeq ip, r5, r0, lsl 22",1
"ldreq r2, [r0, -0x100]",1
"strbeq r0, [sp, 0]!",1
"streq r0, [r1, -0]!",1
svceq 5,1
"strhs r0, [r0], -r6",1
"strdeq r0, r1, [r0], -fp",1
"andeq pc, r4, r1, lsr 2",1
"andeq r3, r6, r0, lsl 2",1
"sbcseq r2, r0, r0, lsl 20",1
"stcpl p0, c0, [r1, -0]!",1
svcmi 5,1
invalid,1
"andeq r0, r0, r2, asr r5",1
"andeq r0, r0, pc, asr 12",1
"andeq lr, r4, fp, lsr 32",1
"addseq r1, r4, r0, lsl 8",1
"andeq lr, r0, r0, lsl 16",1
"bichs r0, r1, r0, lsl 2",1
"andeq r0, r0, r7, asr 10",1
"andeq r0, r0, pc, ror 12",1
"andeq r3, r5, r1, lsr 24",1
"andeq sb, r6, r0, lsl 2",1
"ldreq r2, [r1, -0x100]!",1
"strbteq r0, [pc], -r0",1
"strths r0, [r1], -r0",1
"movwlt r0, 5",1
invalid,1
"andeq r0, r0, fp, lsl r5",1
"ldrdeq r0, r1, [r0], -r5",1
"andeq r1, r5, r1, lsr 32",1
"andeq pc, r6, r0, lsl 14",1
"streq r2, [r5, -0x100]",1
"ldreq r0, [sb, -r0]",1
blx 0x986f6a,1
invalid,1
"strdeq r0, r1, [r0], -r1",1
"andeq r0, r0, fp, lsr r7",1
"andeq r0, r1, sl, lsr 32",1
"ldrbeq r2, [sp, -0x100]",1
"ldrbeq r0, [sb, -r0]",1
"eorpl r0, r1, 0",1
"stmdbpl r0, {r0, r2}",1
blhs 0x6fa8,1
"strdeq r0, r1, [r0], -sp",1
"andeq sb, r0, r4, lsl r4",1
"andeq r0, r0, r8, lsl r1",1
"stmdbpl r1!, {r1, sb, fp, sp, pc}",1
svcvs 9,1
invalid,1
"andeq r0, r0, lr, asr 18",1
"muleq r0, r1, r6",1
"andeq r4, sb, r1, lsr 6",1
"andeq r6, r6, r0, lsl 30",1
"ldmdbeq r8!, {r8, sp}",1
"ldrteq r0, [r3], r0",1
"stchs p0, c0, [r1, -0]!",1
"strle r0, [r0, -9]",1
invalid,1
"andeq r0, r0, r2, lsr 18",1
"strdeq r0, r1, [r0], -r7",1
"andeq r1, sb, r6, lsr 16",1
"stmdbeq lr, {r8, sp}",1
"ldreq r0, [fp, -r0]!",1
"eorlo r0, sl, r0",1
invalid,1
"andeq r0, r0, pc, ror 18",1
"andeq r0, r0, sb, asr r7",1
"andeq r6, sb, r1, lsr 8",1
"andeq r5, r7, r0, lsl 18",1
"ldmdaeq sp!, {r8, sb, fp, sp} ^",1
"strtls r0, [r4], -0",1
"mrseq r0, spsr",1
invalid,1
"andeq ip, r8, r1, lsr 28",1
"andeq r7, r7, r0, lsl 18",1
"stmeq r3, {r8, sp} ^",1
"ldreq r0, [fp, r0]",1
invalid,1
"stmdbvc r0, {r3}",1
invalid,1
"andeq r0, r0, sp, lsr 17",1
"strheq r0, [r0], -sp",1
"andeq sl, r8, r1, lsr 4",1
"andeq sp, r7, r0, lsl 30",1
"ldmeq r8, {sb, sl, sp}",1
"cdphi p0, 2, c0, c1, c0, 0",1
invalid,1
bhs 0x7060,1
"andeq r0, r0, r0, ror 2",1
"andeq lr, r8, r1, lsr 8",1
"andeq r1, r8, r0, lsl 30",1
"ldmeq sb, {r8, sp} ^",1
invalid,1
invalid,1
"andlo r0, r0, r8",1
"stmdavc r0, {r2, r4, r7}",1
"andeq r0, r0, 1",1
"stmdaeq lr, {r1, r2, r3, r7, r8, sp} ^",1
invalid,1
invalid,1
invalid,1
invalid,1
"andeq r0, r0, r8, lsr r8",1
"andeq r0, r0, pc, lsr r8",1
"andeq r2, r8, r1, lsr 26",1
"andeq r8, r8, r0, lsl 6",1
"stmdaeq r3!, {sb, sl, sp}",1
invalid,1
"strge r0, [r0, -8]",1
bhs 0x70b8,1
"muleq r0, r0, r1",1
"andeq r6, r8, r1, lsr 8",1
"andeq ip, r8, r0, lsl 6",1
"ldmdaeq sb, {r8, sp} ^",1
invalid,1
"cdpls p0, 2, c0, c8, c0, 0",1
"andpl r0, r0, r7",1
"stmdavc r0, {r2, r4, r7}",1
"andeq r0, r0, 0x94",1
"ldrbeq r2, [sb, r0, lsl 11]",1
"ldrhs r0, [r0, -0]!",1
"andeq r0, r0, lr, asr 15",1
invalid,1
"ldrths r0, [r0], -r0",1
"strheq r0, [r0], -sb",1
"andeq sl, r7, r1, lsr 30",1
"andeq lr, r8, r0, lsl 6",1
"ldrbls r2, [r0], -0x700",1
"ldrbtls r0, [r8], -0",1
svc 0x250000,1
"andeq r0, r0, r7",1
"andeq lr, r7, r5, lsr 8",1
svclo 0x280000,1
invalid,1
"stmdavc r0, {r2, r4, r7}",1
"andeq r0, r0, 0x94",1
invalid,1
"ldrhs r0, [r0, -0]!",1
"andeq r0, r0, r4, ror 14",1
"smmlareq sl, r3, r6, r2",1
"eorpl r0, r1, r0",1
invalid,1
"strhs r0, [r0, -r8]",1
"andeq sb, r0, ip, asr r4",1
"andeq sb, r0, r8, ror r4",1
"andeq r8, r7, r5, lsr 10",1
bvc 0x94712c,1
"andeq r0, r0, r7",1
"andeq lr, r6, r8, lsr 22",1
"addseq r6, r4, r0, lsl 16",1
"addseq r7, r4, r0, lsl 16",1
"strbhs r0, [r4, -0x200]!",1
"andeq r0, r0, r0, lsl r7",1
"smladxeq r6, r0, r6, r2",1
"stc2 p0, c0, [r1], -0",1
"stmdbeq r0, {r1, r2}",1
"strhs r0, [r0, -sb]",1
"andeq sb, r0, r8, ror 8",1
"andeq sb, r0, r8, ror r4",1
"andeq r2, r7, r5, lsr 12",1
blne 0x947164,1
"andeq r0, r0, r7",1
"andeq r0, r0, r0",1
"andeq r0, r0, r0",1
"andeq r0, r0, r0",1
"andeq r0, r0, r0",1
"addseq sb, r3, ip, lsr 24",1
"eoreq r1, ip, r0",1
invalid,1
invalid,1
invalid,1
"ldrtls r0, [r4], 0",1
"eorge r0, r0, 0",1
invalid,1
invalid,1
"mcrhs p0, 0, r0, c0, c3, 0",1
"strdeq r0, r1, [r0], -r6",1
"tsteq sb, r1, lsl 4",1
invalid,1
"stclo p0, c0, [lr, -0]!",1
invalid,1
"strdeq r2, r3, [r0], -r2",1
"andeq r6, sb, r0, lsl 18",1
"rsbvc r2, r1, 0, 30",1
invalid,1
"andeq r0, r0, sp, lsl 3",1
"andeq r0, r0, r7, lsl 19",1
"andeq fp, sb, lr, lsr 8",1
"ldclhs p1, c0, [r3], 0",1
"strge r0, [r0, -0]",1
"cdphs p0, 0, c0, c0, c9, 0",1
"andeq r0, r0, lr, lsr 17",1
"subeq pc, sl, r1, lsl 8",1
invalid,1
invalid,1
invalid,1
"strdeq r2, r3, [r0], -r4",1
"ldreq r0, [r1], 0x200",1
"andeq sb, sl, r0, lsr r2",1
"ldmpl r5!, {r8} ^",1
"andeq r0, r0, 0x13",1
invalid,1
invalid,1
"strdeq r8, sb, [r1], -r6",1
"andeq r8, sl, r0, lsl 18",1
"ldreq r2, [sl, 0xe00]",1
invalid,1
"andeq r0, r0, sp, lsl 3",1
"andeq r0, r0, fp, lsr 22",1
invalid,1
"strdeq r2, r3, [r0], -sb",1
"andeq fp, fp, r0, lsl 14",1
"strbvs r3, [ip, -0x100]!",1
blx 0x473f0,1
"andeq r0, r0, ip, lsr 32",1
"andeq r0, r0, r5, asr 25",1
"andeq r5, sb, r2, lsr ip",1
"ldclhi p1, c0, [fp, 0]!",1
"cdplo p0, 0, c0, c0, c1, 0",1
"andlo r0, r0, 0xe",1
"ldrdeq r0, r1, [r0], -r5",1
"eoreq pc, ip, r1, lsl 24",1
"cdpeq p0, 0xf, c0, c14, c0, 0",1
invalid,1
invalid,1
"ldrsheq r6, [r3], -sp",1
"andeq r8, pc, r0, lsl 24",1
"ldmeq r5, {sb, ip, sp}",1
"cdp2 p0, 0, c0, c1, c0, 0",1
"andeq r1, r0, r3, ror 6",1
"andeq r1, r0, r0, lsl r0",1
"andeq sl, r6, r2, lsr r5",1
invalid,1
"stmdavc r0, {r0, r1, r4}",1
"movwlo r0, 0x11",1
"andeq r0, r0, r6, asr 13",1
"stmdane r2, {r0, sb, sl, fp, pc}",1
"movwlo r0, 0x9b",1
"andeq r0, r0, r6, lsl r8",1
"stmdavc r1, {r0, r8, lr, pc}",1
"movwlo r0, 0x9b",1
"andeq r0, r0, r6, asr 17",1
invalid,1
"movwlo r0, 0x9b",1
"andeq r0, r0, fp, lsl 13",1
"andmi r7, r2, r1, lsl 28",1
"movwlo r0, 0x9a",1
"andeq r0, r0, lr, lsl 12",1
invalid,1
"strlo r0, [r0], -0x9a",1
"andeq r0, r0, r6, ror r5",1
"andeq sb, r0, r0, lsr 10",1
"andeq sb, r0, r0, asr 10",1
bgt 0x552dc,1
invalid,1
"muleq r0, r2, r5",1
"strheq r1, [r0], -pc",1
"andeq r8, r5, r1, lsr 14",1
"andseq sp, r1, r0, lsl 30",1
"strls r2, [r0, -0x700]!",1
"strbls r0, [r0, -0]",1
blls 0x8c72f8,1
"streq r0, [r0, -r5]",1
"strlo r0, [r0, -0x12]",1
"andeq r0, r0, r6, lsr 11",1
"addseq r3, r5, r6, lsr r4",1
"eoreq r1, ip, r0, lsl 28",1
"andpl r3, r1, 0, 14",1
"teqeq r7, r1, lsl 10",1
"rsbseq r0, r4, r1, asr r2",1
"cmpeq r0, r7, lsr r1",1
"andeq r0, r0, r0, lsr r0",1
"andeq r7, r5, r4, lsr r6",1
"addseq r4, r5, r0",1
"addseq r6, r5, r0",1
"teqeq sb, r0, lsl 2",1
"andeq r1, r0, r3, lsr 2",1
"andeq sb, r5, r1, lsr 4",1
"andseq r4, r2, r0, lsl 18",1
"streq r2, [r7, 0x100]",1
"rsbne r0, sb, 0",1
"eormi r0, r7, r0",1
"mulvs r0, r5, r0",1
"movwhs r0, 0x95",1
"muleq r0, fp, r5",1
"muleq r0, r1, r2",1
"andeq sl, r5, r5, lsr r6",1
"ldrbls r3, [r4, -0x600]",1
invalid,1
"teqeq r7, r0",1
invalid,1
"strvc r5, [r2], -0x101",1
"andpl r3, r1, r0, lsl 14",1
"andeq r3, r0, r1",1
invalid,1
"adcsne r0, sb, 0",1
"teqvs sb, 0",1
"cmpeq sb, r0, lsl 2",1
"andeq r0, r0, ip, lsr 1",1
"strheq r1, [r0], -fp",1
"cmnvs r3, 0xe400000",1
"cmpeq sl, r0, lsl 2",1
"andeq r0, r0, ip, lsr 1",1
"ldrdeq r1, r2, [r0], -sp",1
"andeq sb, r5, sl, lsr r7",1
"cmpeq fp, r0, lsl 2",1
"andeq r1, r0, r3, ror 6",1
"andeq r1, r0, r4, lsr 8",1
"andeq pc, r1, r8, lsr r0",1
"andseq r8, r2, r0, lsl 8",1
"rsbeq r3, sp, r0, lsl 18",1
invalid,1
"cdpgt p0, 0, c0, c0, c0, 0",1
blo 0x7418,1
"andeq r0, r0, sb, lsl 22",1
"movwvs r1, 0x2001",1
"strvs r0, [r0, -0x13]",1
"stmdalo r0, {r0, r2, r4}",1
"andeq r0, r0, r0, lsr r2",1
"andeq r1, r0, r0, ror 4",1
"andeq r8, r8, fp, lsr sp",1
"andseq r0, sb, 0, 2",1
"ldrdeq r0, r1, [r0], -r6",1
"ldmdalo r0, {r1, r8, ip, pc} ^",1
"andeq r0, r0, r0, ror r2",1
"andeq r1, r0, fp, lsl 4",1
invalid,1
"eorseq r0, lr, r3, lsr 4",1
"ldrne r0, [0x00007404]!     ; [0x7404:4]=0x1000007",1
"teqvs sl, 0",1
invalid,1
"eoreq r0, ip, r4, lsr 4",1
"ldrbne r0, [r7, 0]!",1
"eorslt r0, r8, r0",1
"stmdale r0, {r1}",1
"stmdblo r0, {r0, r4}",1
"stclo p0, c0, [r1, -0x1a8]",1
"andeq r2, r0, r2, lsl 24",1
"andseq r2, r6, r0",1
"eorsne r0, ip, r0",1
"mulmi r0, pc, r0",1
invalid,1
"smladlo r0, r2, r0, r0",1
invalid,1
"andpl r3, r1, 72, 14",1
"strvc r7, [r0], -0x905",1
"teqeq r7, r0, lsl 24",1
"rsbseq r0, r6, r1, asr r2",1
"subseq r0, r0, 0xc000000d",1
invalid,1
"strdeq sb, sl, [r0], -r4",1
"andeq r2, r0, r4, ror ip",1
"ldreq r3, [r2, 0xd00]!",1
"cdpls p0, 0xb, c0, c8, c0, 0",1
"sbcseq r0, r0, 0",1
bne 0x47470,1
"andseq r3, r2, r2, lsl 22",1
"ldrbeq r2, [fp, 0x100]",1
"ldrtne r0, [r4], -r0",1
"eorle r0, r1, r0",1
invalid,1
invalid,1
"andeq r0, r0, r5, asr 11",1
"andeq r1, r0, r4, lsr 13",1
"andge r3, ip, r0, lsl 24",1
"stchs p0, c0, [ip], {0}",1
"subne r0, pc, 0",1
"teqeq r7, r0",1
"ldmmi r1, {r4, r6, sb}",1
"rscge r3, r4, r0, lsl 12",1
"ldchs p0, c0, [r0], 0",1
"teqeq r7, r0",1
"rsbseq r0, sl, r0, asr r2",1
invalid,1
bvc 0x74c4,1
blo 0x7508,1
"andeq r0, r0, r1, asr 22",1
invalid,1
"andne r0, r0, r0",1
"andeq r0, r0, r7, lsl r0",1
"addseq r4, ip, ip, lsr 24",1
"eoreq ip, ip, r0, lsl 18",1
invalid,1
"mullt r0, r6, r0",1
"stmdals r0, {r2, r3, r5}",1
"smladlo r0, r2, r0, r0",1
bvc 0x9b4f0,1
invalid,1
"stcle p0, c0, [r0, -0x258]",1
"strlo r0, [r0, -ip, lsr 32]",1
invalid,1
"strlo r7, [r6, -ip, ror 29]",1
invalid,1
"strlo r7, [r6, -r4, lsl 31]",1
"strvc r5, [r2, -r1]",1
invalid,1
"ldrdeq sb, sl, [r0], -r0",1
"strdeq r2, r3, [r0], -pc",1
"addseq sl, r5, ip, lsr ip",1
"eoreq fp, ip, r0",1
"andseq sp, r2, r0, lsl 14",1
"andpl r3, r1, r0, lsl 14",1
"streq sb, [r8], -r3, lsl 2",1
"ldrbls r2, [r4, 0xc00]",1
"stchs p0, c0, [sp, -0]",1
invalid,1
invalid,1
invalid,1
"smladlo r0, r3, r0, r0",1
"stmdbvc r2, {r0, r8, sb, ip, lr}",1
"andpl r3, r1, 0, 14",1
"strlo r7, [r0, -r2, lsl 20]",1
blvc 0x9b958,1
"andpl r3, r1, r0, lsl 14",1
"cdpvc p1, 0xf, c9, c4, c4, 0",1
"stcvc p7, c3, [r2, -0x18]",1
"ldmeq r1, {r4, r8, sb}",1
"stcvc p7, c3, [r2, -0x18]",1
"ldreq r0, [r1], 0x30c",1
"stcvc p7, c3, [r2, -0x18]",1
"ldrlo r0, [r0, -r8, lsl 2]!",1
"streq r7, [r4], -r2, lsl 26",1
"stmdbeq r6, {r0, r4, r7, sl, fp, ip, sp, lr}",1
"eorseq r1, r7, 0xfd000",1
invalid,1
invalid,1
"andeq sl, r0, r4, lsr 3",1
"andeq r0, r0, lr, lsr 19",1
"andeq r1, r0, r6, asr 6",1
"cmpeq r1, 0xc000000d",1
"muleq r6, r1, r8",1
"adceq fp, r1, r6, lsr r4",1
"andeq sl, sb, r0, lsl 28",1
invalid,1
"ldrbteq sb, [r8], -r3, lsl 2",1
"streq r0, [sb], -0",1
"andeq r1, r0, lr, asr r3",1
"andeq r3, r0, fp, lsl 14",1
"andeq r0, r1, 0, 8",1
"strdeq r0, r1, [r0], -sl",1
"andeq sl, sb, lr, lsr r1",1
"rscseq r0, lr, 0, 2",1
"andeq r1, r1, r1, lsl 18",1
"adceq r2, r2, r0",1
"adceq sp, r3, r0",1
"andseq r3, r7, r0, lsl 18",1
"strne r0, [ip, 0x100]",1
"cdpvs p0, 3, c0, c15, c0, 0",1
"rscseq r0, lr, 0, 2",1
"andeq r0, r0, r5, lsr 32",1
"andeq r1, r0, r6, ror 14",1
invalid,1
"rscseq r0, lr, 0, 2",1
"andeq r0, r0, sp, lsl 3",1
"andeq r1, r0, r4, lsl 15",1
"andeq fp, sb, r0, asr 8",1
"rscseq r0, lr, 0, 2",1
"andeq r0, r0, ip, lsr 32",1
"andeq r1, r0, r2, lsr 15",1
"andeq pc, r8, r0, asr 6",1
"rscseq r0, pc, 0, 2",1
"andeq r1, r0, ip, lsl 11",1
"andeq r1, r0, r0, asr 15",1
invalid,1
"eoreq r0, r5, r1, lsl 6",1
"ldrbne r0, [lr, r0]",1
"cdpvs p0, 4, c0, c1, c0, 0",1
"movweq r0, 0x1030",1
"andeq r3, r0, r3, lsl 14",1
"ldmdblo r6, {r8} ^",1
invalid,1
"ldrne r0, [r7, 0x304]",1
invalid,1
"eorseq r0, r8, r0",1
"stmdals r0, {r0, r1}",1
"stmdblo r0, {r2, r4}",1
invalid,1
"eoreq r0, ip, r0, lsl r3",1
invalid,1
"ldrls r0, [sl, -0]!",1
invalid,1
invalid,1
invalid,1
"eorslt r0, sp, 0",1
"strls r0, [r0], -5",1
"andhs r0, r0, r2, lsr 1",1
invalid,1
"ldrbne r0, [r7], -0x319",1
blle 0x847684,1
"movweq r0, 5",1
invalid,1
"ldrdeq r0, r1, [r0], -r0",1
"andeq r1, r0, r8, lsr 18",1
"andeq ip, r5, r1, lsr 10",1
"andseq r3, sb, r0, lsl 24",1
"adcge r3, r8, 0, 12",1
"ldchs p0, c0, [r8, -0]",1
"teqeq r7, r0",1
"eorseq r0, r0, r1, asr r1",1
"addge r3, r8, 0, 24",1
"ldchs p0, c0, [sb, -0]!",1
"ldrbtne r0, [r3], -0",1
"teqeq r7, r0",1
"rsbseq r0, fp, r1, asr r4",1
"teqeq r7, r3, lsr r4",1
"rsbseq r0, r5, r0, asr r2",1
invalid,1
"ldchs p0, c0, [sb, -0]!",1
"strne r0, [lr], 0",1
"teqeq r7, r0",1
"rsbseq r0, fp, r1, asr r4",1
"teqeq r7, r3, lsr r4",1
"eorseq r0, r0, r0, asr r1",1
"adceq ip, r3, ip, lsr 16",1
"eoreq r5, sp, r0, lsl 12",1
invalid,1
"stmdbvc r0, {r0, r1}",1
blo 0x774c,1
"andeq r1, r0, r8, asr 15",1
invalid,1
invalid,1
"stmdblo r0, {r0, r3, r4}",1
"rsbeq r6, ip, r6, ror r1",1
"stmdbne r3, {r0, r8, sb, sl, fp, ip}",1
bhi 0x7718,1
blo 0x777c,1
"strdeq r0, r1, [r0], -r3",1
"strhs r2, [r3, -0x101]",1
invalid,1
blo 0x778c,1
"andeq r0, r0, r8, ror 20",1
invalid,1
"andle r0, r0, 0",1
"stclo p0, c0, [r0, -0x64]",1
"andeq r0, r0, r7, ror 11",1
"andeq sl, r0, r8, lsr r3",1
"andeq r0, r0, r0, asr r3",1
"stmdaeq r3, {r0, r8, sl, fp, sp}",1
invalid,1
"strdeq r0, r1, [r0], -sb",1
"strdeq r1, r2, [r0], -r2",1
"adceq r4, r3, ip, lsr 8",1
"eoreq r6, sp, r0",1
invalid,1
invalid,1
"stmdalo r0, {r0, r1, r2, r3}",1
"smladlo r0, r5, r0, r0",1
"stmdbvc r2, {r0, r8, sb, ip, lr}",1
"andpl r3, r1, 0, 14",1
"strlo r7, [r0, -r2, lsl 20]",1
"strvc r5, [r2, -r1]",1
"stcvc p7, c3, [r2, -0]",1
"ldmmi r1, {r3, r8, sb}",1
"stcvc p7, c3, [r2, -0x18]",1
"ldrmi r0, [r1], 0x304",1
"ldrtlo r0, [ip], -6",1
"stmdavc r0, {r0, r1, r5, r7}",1
invalid,1
"smladlo r0, r5, r0, r0",1
"strvc r5, [r2, -r1]",1
"ldrthi r0, [r6], -0",1
invalid,1
"strlo r0, [r0, -pc]",1
"stmdbvc r2, {r0, r8, sb, ip, lr}",1
"andpl r3, r1, 0, 14",1
"strlo r7, [r0, -r2, lsl 20]",1
"strvc r5, [r2, -r1]",1
"stcvc p7, c3, [r2, -0]",1
"ldmmi r1, {r3, r8, sb}",1
"stcvc p7, c3, [r2, -0x18]",1
"ldrmi r0, [r1], 0x304",1
invalid,1
"andeq sl, r0, ip, lsr r2",1
"andeq r2, r0, sp, lsl 27",1
"adceq ip, r3, ip, lsr 8",1
"eoreq r0, sp, r0, lsl 26",1
"streq r0, [sb], -0",1
"muleq r0, r2, r5",1
"andeq r5, r4, fp, lsl 2",1
"strlt r0, [r4], -0x900",1
"andmi r0, r0, 4",1
"andeq lr, r8, r1, lsl 10",1
invalid,1
"andeq r0, r0, r8, asr r6",1
"ldrdeq sl, fp, [r0], -r0",1
"andeq sl, r0, r4, lsl 8",1
"andeq r1, r0, r5, lsl 20",1
"andseq r0, r6, r1, lsl 24",1
"rsbeq r2, pc, r0, lsl 30",1
"ldrbeq r6, [r8], -r1, lsl 24",1
bne 0x94781c,1
"strbvs r0, [r3, -0]",1
"strbhs r0, [lr, -0x100]!",1
invalid,1
"rsbseq r4, r0, r6, asr r3",1
"ldrbeq r6, [r8], -r1, lsl 30",1
"andpl r0, r1, r0",1
"adceq sp, r3, ip, lsr 24",1
"eoreq r8, sp, r0, lsl 26",1
invalid,1
"ldchs p0, c0, [fp]",1
"teqeq r7, r0",1
"andlo r0, r8, r1, asr r2",1
"subsne r0, r0, r7, lsr r1",1
"stmdalo r3, {r0, r2, r4, r5, r6}",1
"strvc r0, [r0, -0x149]",1
"stmdahs lr!, {ip, sp}",1
"tstne r6, 1",1
"mrseq r0, spsr",1
"muleq r0, r3, r6",1
bmi 0x65470,1
"streq r0, [r0], -0",1
invalid,1
"andeq r0, r0, 0xa4",1
"smlsdxlo r1, sp, r0, r0",1
svchs 0x16,1
"strvc r0, [r1, -pc, rrx]",1
"andeq r0, r0, r8, asr r6",1
"andeq r1, r0, r3, asr 20",1
"andvc r4, r1, 0, 10",1
invalid,1
"ldrge r0, [ip], -0x17f",1
"ldrtge r0, [r4], -0",1
"stcvc p0, c0, [r2, -0]",1
"strbtne r0, [sb], -r0, lsl 2",1
svcvs 0x2f0000,1
"ldmdapl pc!, {r8} ^",1
"strvs r0, [r0], -6",1
invalid,1
svcvc 0x10073,1
"andeq r0, r0, sl, asr 32",1
"andhs r5, r0, r1, lsl 2",1
"andeq r0, r0, r3, lsl 12",1
"andeq sl, r0, r4, lsr r4",1
"andeq sl, r0, r8, ror r4",1
"andeq r1, r0, r5, lsl 21",1
"andseq fp, r6, r1, lsl 26",1
"ldreq r2, [r5], -r0, lsl 2",1
bne 0xfe9478dc,1
"cdpne p0, 2, c0, c1, c0, 0",1
"strgt r0, [r0], -r6",1
invalid,1
"andeq r0, r0, r7, lsr 12",1
"andeq r1, r0, r7, ror 21",1
"andeq r3, r6, r3, lsr 32",1
"andseq r0, fp, r0, lsl 16",1
"ldrteq r2, [sl], -r0, lsl 6",1
blne 0x6c7900,1
invalid,1
"strmi r0, [r0, -r6]",1
"andhs r0, r0, 0x1b",1
"andeq r0, r0, lr, asr 12",1
"strmi r5, [r0], -1",1
"andeq lr, r6, r1, lsl 14",1
"orrseq r0, sl, r0, lsl 2",1
"andeq r0, r0, r5, lsr 32",1
"andeq sl, r0, r8, ror r4",1
"muleq r0, r4, r4",1
invalid,1
"strdeq r1, r2, [r0], -lr",1
invalid,1
"muleq r6, sl, r8",1
"andseq r5, fp, r0, lsl 20",1
"rsbeq r4, sb, r0, lsl 12",1
"eoreq sb, r5, r1, lsl 20",1
"mrspl r0, apsr",1
invalid,1
"muleq r0, ip, r5",1
"subseq r0, r0, r0, lsl 2",1
"ldreq r0, [sb, 0x147]!",1
"strge r0, [r1, -0]",1
"strne r0, [ip, -r1, lsl 2]!",1
svcvs 0x190000,1
"stmpl r5!, {r8}",1
invalid,1
"andeq r0, r0, r3, lsl fp",1
"orreq sl, sp, r1, lsl 12",1
bls 0x707978,1
invalid,1
"andeq r8, r1, r6, lsr 27",1
"cdp2 p0, 2, c0, c0, c0, 0",1
"strls r0, [r0], -0x16",1
"stmdagt r0, {r2, r5, r7}",1
"stmdavc r0, {r2, r5, r7}",1
invalid,1
"andeq r1, r0, r7, ror 14",1
"andseq r0, r7, r1, lsr 24",1
"andseq sb, fp, r0, lsl 16",1
"ldrne r2, [r5, -r0, lsl 2]",1
blne 0xff4c79a8,1
"eorhs r0, r1, r0",1
"vst4.8 {d0, d1, d2, d3}, [r0:0x40], r7",1
invalid,1
"andeq sl, r0, r4, asr 9",1
"andeq r2, r0, sp, lsl 26",1
"stc p8, c4, [r1, -0]",1
invalid,1
invalid,1
invalid,1
"strmi r0, [r0], -0xa4",1
"strne r0, [r0, -0xa5]",1
invalid,1
"andeq r1, r0, sl, lsr 16",1
"andeq pc, r4, r0, asr 12",1
"adceq r0, r1, 0, 2",1
"andeq r0, r0, sb, lsl r1",1
"andeq r1, r0, r1, asr 24",1
"andeq r3, r8, r0, asr 26",1
"adceq r0, r1, 0, 2",1
"andeq r0, r0, ip, lsr 32",1
"andeq r1, r0, pc, asr ip",1
invalid,1
"adceq r0, r2, 0, 2",1
"andeq r0, r0, sp, lsl 3",1
"andeq r1, r0, sp, ror ip",1
"andeq fp, sb, r0, asr 8",1
"adceq r0, r2, 0, 2",1
"andeq r0, r0, ip, lsr 32",1
"muleq r0, fp, ip",1
invalid,1
"strne r0, [ip, 0x2a3]",1
invalid,1
"rsbseq r4, r0, r0, lsl 2",1
invalid,1
invalid,1
"rsbeq r4, r5, r4, asr r1",1
"strhs sl, [r2, -0x601]",1
invalid,1
"rsbseq r4, r2, r6, asr r1",1
invalid,1
invalid,1
"ldrbtge r2, [r4], 0xc50",1
"stchs p0, c0, [sp]",1
"ldrtlo r0, [r6], -0",1
invalid,1
"strlo r0, [r0, -pc]",1
"stmdavc r2, {r0, r8, sb, ip, lr}",1
"andpl r3, r1, 0, 14",1
"strlo r7, [r0, -r2, lsl 20]",1
"stmdbvc r2, {r0, r8, ip, lr}",1
"andpl r3, r1, r0, lsl 14",1
"strlo r7, [r0, -r2, lsl 14]",1
"andeq r7, r8, 2, 26",1
"andeq r0, r0, r4, ror r8",1
"ldrbteq r0, [r8], -sl, asr 2",1
"stclt p0, c0, [r1, -0]",1
"tsteq sb, r2, lsl 2",1
"strge r0, [r1], -0",1
blmi 0x7af4,1
"rsbeq r7, r7, r1, ror 4",1
"stchi p13, c11, [r2, -4]",1
invalid,1
"strheq r0, [r0], -r4",1
invalid,1
invalid,1
"andeq r1, r0, r8, asr 15",1
"strge fp, [r2], -0xd01",1
blmi 0x7b18,1
"cdplt p0, 0, c0, c1, c15, 3",1
"andseq r8, r5, r2, lsl 24",1
"rsbseq r4, r0, r0, lsl 26",1
invalid,1
"stcmi p0, c0, [r0, -0x54]",1
invalid,1
"andeq r2, r0, r2, lsl 10",1
"ldrbteq r4, [r3], r0, lsl 28",1
"movwgt r0, 0x1000",1
"andeq r2, r0, r2, lsl 10",1
"stmdaeq r8, {sb, sl, fp, lr} ^",1
"strgt r0, [r1], -0",1
"andeq r2, r0, r2, lsl 24",1
"strbvc r4, [r2, -0xd00]!",1
"stmdagt r1, {r1, r2, r5, r6}",1
"andeq r1, r1, r2, lsl 18",1
"streq r0, [sb], -0",1
"andeq r0, r0, ip, lsr 32",1
beq 0x11c8024,1
"andlt r0, r1, r0",1
"tsteq sb, r2, lsl 2",1
"strbge r0, [r4, -0]",1
"ldrbge r0, [ip, 0]!",1
"ldcne p0, c0, [sb], 0",1
b 0x47b1c,1
svclo 0x19,1
"rsbeq r7, r7, r1, ror 4",1
"stchi p0, c11, [r2, -4]",1
"str r0, [r0], -r1",1
"andmi r0, r0, ip, lsl r0",1
"strheq r0, [r0], -r4",1
invalid,1
"streq r0, [r0], -0",1
svclo 0x1d,1
invalid,1
"andseq r8, r5, r2, lsl 24",1
"andseq r2, sp, r0, lsl 4",1
"stmdane sl!, {r8, sb, sl, fp, lr}",1
"strbge r0, [r8, -0]",1
invalid,1
"movwlt r0, 0x1000",1
"stmdane r1!, {r1, r8, sp} ^",1
"stclne p0, c0, [r3, -0]",1
"strpl r0, [r5, -0]!",1
"andeq r0, r0, r8, lsl r0",1
"andseq r4, r8, r1, lsr 18",1
"andseq r6, sp, r0, lsl 8",1
"ldmdane sp!, {r8, sp}",1
"stcne p0, c0, [r2]",1
invalid,1
"andhs r0, r0, 3",1
"andeq r1, r0, fp, ror 16",1
"strvc r5, [r3, -0x401]!",1
"andge r0, r0, r8, lsl r0",1
"andhs r0, r0, 0x1d",1
"andeq r1, r0, pc, ror r8",1
blhi 0x89e3a0,1
invalid,1
"ldmne r7, {r0, r3, r4, r6, r8, sl, ip, sp}",1
"ldr r0, [sp, -r0]!",1
invalid,1
"stmdagt r0, {r0, r2, r5, r7}",1
invalid,1
"ldmdbne ip!, {r3, r6, r7, sb} ^",1
invalid,1
invalid,1
"ldrge r3, [r4, 0x659]!",1
"stclhs p0, c0, [r0, -0]!",1
"teqeq r7, r0",1
"rsbseq r0, sb, r0, asr r2",1
"strtvs r0, [ip], -0",1
"stchi p0, c0, [r0, -0x294]",1
invalid,1
"andeq sl, r0, r8, lsr 11",1
"andeq r0, r0, ip, lsr 30",1
"strheq r1, [r0], -r7",1
"subseq r0, r3, 0xc000000d",1
"teqeq r7, r5, ror r0",1
"rsbseq r0, r6, r2, asr r2",1
"cmpeq r1, r7, lsr r1",1
"andpl r3, r1, r0, lsr r7",1
"eorseq r3, r7, 1",1
"stmdavc r2, {r0, r2, r3, r4, r5, r6, fp}",1
"stcvc p7, c3, [r2, -0]",1
"rsbseq r0, sl, r4, lsl 4",1
"strbge r3, [r4, 0x600]!",1
svceq 0x2c0000,1
"teqeq r7, r0",1
"rsbseq r0, r5, r3, asr r2",1
"subseq r0, r2, 0xc000000d",1
"teqeq r7, r6, ror r0",1
"rsbseq r0, sb, r1, asr r2",1
"subseq r0, r0, 0xc000000d",1
"eorseq r0, r7, 0x7b",1
"stmdavc r2, {r0, r2, r3, r4, r5, r6, fp}",1
"stcvc p7, c3, [r2, -0]",1
"rsbseq r0, sl, r4, lsl 4",1
"andeq r0, r0, r0",1
"andseq r2, r8, r0, lsr 20",1
"adceq pc, r5, r0, lsl 24",1
"adceq ip, r6, r0, lsl 16",1
"andseq fp, sp, r0, lsl 6",1
bne 0xff648054,1
"stclo p0, c0, [r1, -0]!",1
"and r0, r0, r8, lsl r0",1
invalid,1
"andeq r1, r0, sb, asr 16",1
"strdeq r1, r2, [r0], -lr",1
"andseq r5, r8, r1, lsr 10",1
"andseq r1, lr, r0, lsl 24",1
"stmdane r1!, {r8, sp} ^",1
"cdpne p0, 3, c0, c10, c0, 0",1
blvs 0x887c7c,1
invalid,1
"ldmdane r5!, {r2, r4, r6, r8, sb, sp} ^",1
"cdpne p0, 5, c0, c11, c0, 0",1
svcvc 0x220000,1
invalid,1
"stmne fp, {r0, r3, r4, r6, r8, sb, sp}",1
"cdpne p0, 8, c0, c6, c0, 0",1
"strls r0, [r2, -r0]!",1
invalid,1
"strbeq r3, [r7, 0x45c]!",1
"strbtge r0, [ip], -r0",1
"ldrbtge r0, [r8], -r0",1
invalid,1
"andseq r7, sl, r2, lsl 18",1
"ldrbeq r2, [sb, 0x100]!",1
"cdpne p0, 8, c0, c6, c0, 0",1
invalid,1
"andvs r0, r0, r6, lsr 1",1
"strlo r0, [r0, -sp, lsr 32]",1
blvc 0x9bcd0,1
invalid,1
"andeq sl, r0, r0, lsr 12",1
"andeq r2, r0, sp, lsl 27",1
"adceq r6, r6, ip, lsr r4",1
"andeq r2, pc, r0, lsl 24",1
"andseq fp, sl, r0, lsl 8",1
"movwpl r3, 0x1700",1
"strlo r7, [r0, -r2, lsl 12]",1
"strvc r5, [r2, -r1, lsl 4]",1
invalid,1
"teqeq r7, r1",1
invalid,1
"andeq r7, r8, 2, 26",1
"eorseq r0, r7, 0x7a",1
"stmdbvc r2, {r0, r2, r3, r4, r5, r6, sl}",1
"ldrtge r0, [r6], -0",1
invalid,1
"strlo r0, [r0, -pc]",1
"strvc r5, [r2], -r1, lsl 6",1
"andpl r3, r1, 0, 14",1
"strlo r7, [r0, -r2, lsl 14]",1
"andeq r7, r8, 2, 26",1
"eorseq r0, r7, 0x7a",1
"stmdbvc r2, {r0, r2, r3, r4, r5, r6, sl}",1
invalid,1
"andeq fp, r6, r1, lsl 16",1
"rsceq r0, r1, 0, 2",1
"adceq ip, r6, r1, lsl 16",1
"adceq r5, r7, r0",1
"andseq sl, lr, r0, lsl 12",1
blne 0xc88148,1
"movtvc r0, 0x1000",1
"movw r0, 0x1076",1
"andseq sb, r5, r2, lsl 14",1
"ldmdblo r8, {r8} ^",1
"str r0, [r1], -0x69",1
"andeq r3, r0, r2, lsl 14",1
"andseq ip, lr, r0, lsl 12",1
"ldrbtge r2, [r4], r0, lsl 24",1
"ldclhs p0, c0, [r8, -0]!",1
"strtne r0, [ip], -0",1
"stmdavc r0, {r0, r1, r2, r5, r7}",1
"strlo r0, [r0], -sp, lsr 32",1
"andeq sl, r0, r8, lsr r7",1
"andeq r2, r0, r8, ror sp",1
"subseq r0, r0, 0xc000000d",1
"andeq r0, r0, r8, ror r0",1
beq 0x1b882b4,1
blo 0x47d90,1
"tsteq sb, r3, lsl 2",1
invalid,1
blmi 0x7e08,1
blo 0x47f58,1
"andeq r2, r0, r3, lsl 10",1
"rsbvc r4, r1, 0, 22",1
blo 0x47f48,1
"andeq r8, r1, r3, lsl 26",1
"subslo r0, r2, 0",1
"andpl r0, r0, fp, lsl r0",1
"andvs r0, r0, r7, lsr 1",1
"andeq r0, r0, 0xa7",1
invalid,1
invalid,1
"andeq r1, r0, r5, asr 22",1
"andeq r1, r0, r5, ror 29",1
"andseq r4, fp, r1, lsr 30",1
"andseq r0, pc, r0, lsl 12",1
"ldrbge r5, [ip, -r0, lsl 6]",1
bvs 0x47de0,1
"smladlo r0, r3, r0, r0",1
"movweq r5, 0x5301",1
"andeq r4, r1, r8, lsr sb",1
"subseq r0, r2, 0xc000000d",1
"teqeq r7, sb, lsl 30",1
invalid,1
"andpl r3, r1, r1, asr r7",1
"andpl pc, r1, r3, lsl 6",1
"mrseq r0, spsr",1
"strdeq r0, r1, [r0], -sl",1
"mrseq r4, apsr",1
"andeq r0, r0, sb, lsl r1",1
"andseq lr, fp, r1, lsl 4",1
"rsbeq r4, lr, r0, lsl 22",1
"strhs r4, [r3, -1]",1
blmi 0x7e20,1
"rsbeq r7, r7, r1, ror 4",1
"stchi p0, c4, [r3, -4]",1
invalid,1
"strheq r0, [r0], -r4",1
invalid,1
"andeq r0, r0, r0",1
"andseq sl, fp, r2, asr ip",1
"adceq r6, r7, r0",1
"adceq r6, r7, r0, lsl 24",1
"rsbseq r0, sp, r0, lsl 4",1
"andseq r3, ip, r1, lsl 24",1
blne 0xfefd0250,1
svcne 0x270000,1
invalid,1
"stmdami r0, {r0, r1, r3, r4}",1
invalid,1
"ldrdeq r1, r2, [r0], -r5",1
"andeq r1, r0, sb, ror 30",1
"adceq r6, r7, r3, asr r8",1
invalid,1
"teqeq r7, r0",1
"stmdalo r3, {r0, r1, r4, r6, r8, sl}",1
"strlo r0, [r0, -sb, asr 2]",1
"vhsub.u8 d5, d3, d1",1
"teqeq r7, r1, lsl 4",1
invalid,1
"andpl r3, r1, r1, asr r7",1
"andpl pc, r1, r3, lsl 6",1
"cmpeq r4, r0",1
"andeq r0, r0, lr, lsr sl",1
invalid,1
"andeq r0, r0, sb, lsl r1",1
"andeq sl, r0, ip, ror 14",1
"andeq sl, r0, r4, lsl 15",1
invalid,1
"strheq r1, [r0], -r1",1
invalid,1
"movteq r0, 0x6100",1
"andeq r0, r0, sp, lsl 3",1
"andeq r1, r0, sl, lsl 31",1
"andseq r3, fp, pc, asr 4",1
"adceq r6, r7, r0, lsl 24",1
"andeq lr, r3, r0",1
"movteq r0, 0x8100",1
"andseq r4, fp, r1, lsr 30",1
"andseq fp, pc, r0, lsl 12",1
blne 0x11512dc,1
"movwpl r0, 0",1
"andeq sl, r0, r0, lsl 15",1
"andseq r6, r3, r1, lsl 20",1
"movwpl r3, 0x1700",1
"ldmdbmi r8!, {r0, r2, r8, sb}",1
"teqeq r7, r1",1
invalid,1
"cmpeq r1, 0xc000000d",1
"smmlsrlo r0, r3, r1, r0",1
"andlo r5, r1, r1",1
"strpl r0, [r0], -0",1
"andeq r1, r5, r1, lsl 16",1
"movteq r0, 0xc100",1
"andeq r1, r1, r1, lsl 18",1
"adceq r8, r7, r0, lsl 8",1
"adceq sl, r7, r0",1
"rsbseq r0, sp, r0, lsl 4",1
"andseq r4, sp, r1",1
"rsbvc r3, r1, 0, 30",1
invalid,1
"andeq r8, r1, r3, lsl 26",1
"andseq lr, pc, r0, lsl 4",1
"ldmibeq r4!, {lr}",1
invalid,1
"andeq r2, r0, r3, lsl 24",1
"eoreq r0, r0, r0, lsl 28",1
blne 0xfeb1bb48,1
"strge r0, [ip, r0]",1
"streq r0, [r0], -0",1
"cdpmi p0, 0, c0, c1, c0, 0",1
blne 0xff550364,1
"eorshs r0, sl, r0",1
invalid,1
invalid,1
"strhs r0, [r0, -0x20]",1
"strheq r1, [r0], -pc",1
"ldrge r5, [ip, r0, lsl 6]",1
bvs 0x47f74,1
"smladlo r0, r3, r0, r0",1
"movweq r5, 0x5301",1
"andeq r4, r1, r8, lsr sb",1
"cmpeq r2, 0xc000000d",1
"smmlsrlo r1, r3, r1, r0",1
"vrhadd.u8 d5, d3, d1",1
"teqeq r7, r1",1
"eorseq r0, r0, r0, asr r1",1
"mrseq r0, spsr",1
"andeq r0, r0, r3, lsr r5",1
invalid,1
"andeq r0, r0, sb, lsl r1",1
"andseq r7, sp, r1, lsl 28",1
"rsbeq r4, lr, r0, lsl 22",1
"strhs r5, [r3, -0x201]",1
blmi 0x7fb4,1
"andpl r0, r1, 0x73",1
"andeq r4, r0, r3, lsl 20",1
"rsbvc r4, r1, 0, 22",1
"andpl r0, r1, 0x67",1
"andeq r8, r1, r3, lsl 26",1
"rsbeq r4, pc, r0, lsl 26",1
"andls r5, r3, 0x1000000",1
"andeq r0, r0, r5, lsl r0",1
"andeq pc, r4, r8, lsl sp",1
invalid,1
"andeq r0, r0, r1, asr r4",1
"andseq sl, sp, r1, lsl 8",1
"ldmeq r6!, {sl, fp, ip}",1
"movwlt r0, 0x1000",1
"andeq r0, r0, sl, asr 32",1
invalid,1
"strheq r5, [r4], -r5",1
"eormi r0, r0, r0",1
"andge r0, r0, sp, lsl r0",1
invalid,1
"andls r0, r0, 0xa8",1
invalid,1
"andeq r1, r0, r6, lsr lr",1
"andseq r5, sp, r1, lsr 6",1
"eoreq fp, r0, r0, lsl 30",1
"ldclne p1, c2, [sp, -0]",1
"rscshs r0, r3, r0",1
"strvs r0, [r1, -r0]!",1
"movwmi r0, 0x1d",1
"andhs r0, r0, 0x21",1
"andeq r1, r0, r3, ror sp",1
svcvc 0x909103,1
"andseq r7, sp, sp, lsr lr",1
"adceq sl, r7, r0, lsl 8",1
"andeq r1, r4, r0, lsl 16",1
"cmpeq r4, 0, 2",1
"andeq r1, r0, r3, lsl lr",1
"andseq r8, sp, r1, lsr 30",1
"eoreq pc, r0, r0, lsl 6",1
"strbeq r2, [r0], -0xa00",1
bls 0x888058,1
"andeq r0, r0, 0x1d",1
"stchs p0, c4, [ip], -0x244",1
"stceq p0, c0, [r0, -0x2a0]",1
"andeq r0, r0, sp, lsr 32",1
"stmdage r0!, {sb, sl, ip, sp}",1
invalid,1
"teqeq r7, r0",1
"rsbseq r0, sp, r3, asr r2",1
"subseq r0, r2, 0xc000000d",1
"teqeq r7, sb, lsl 30",1
"rsbseq r0, r4, r1, asr r2",1
"subseq r0, r0, 0xc000000d",1
"andeq r0, r0, r5, ror r0",1
"streq r0, [r2, 0x14a]",1
invalid,1
"tsteq sb, r3, lsl 2",1
"andhi r0, r1, r0",1
blmi 0x8118,1
"stmdbpl r1, {r1, r2, r3, r5, r6}",1
"andeq r2, r0, r3, lsl 10",1
"rsbseq r4, r3, r0, lsl 22",1
bmi 0xde4b4,1
blmi 0x80b4,1
"rsbeq r7, r7, r1, ror 4",1
"vstrhi s10, [r3, -4]",1
invalid,1
"strheq r0, [r0], -r4",1
invalid,1
"stcmi p0, c0, [r0, -0]",1
invalid,1
"andseq sb, r5, r3, lsl 4",1
"strtlo r0, [r0], -r0",1
invalid,1
invalid,1
"strvc r0, [r0, -r8, lsr 1]",1
invalid,1
"andeq r1, r0, fp, lsl pc",1
"andseq r4, lr, r1, lsr 18",1
"eoreq sl, r1, r0, lsl 8",1
"cdpne p1, 5, c2, c3, c0, 0",1
"bicshs r0, r8, r0",1
"stcpl p0, c0, [r1, -0]!",1
"stmdahs r0, {r1, r2, r3, r4}",1
invalid,1
"andeq r1, r0, sb, ror 28",1
"andeq r2, r0, ip, asr r2",1
"andseq r7, lr, r2, lsr 10",1
"addsls r0, r1, r0, lsl 6",1
"ldclne p13, c3, [lr, -0x1fc]!",1
invalid,1
"strbteq r0, [r8], -0",1
invalid,1
"andseq pc, lr, r3, lsl 16",1
"stcne p1, c2, [pc]",1
"bicshs r0, r8, r0",1
"eorls r0, sl, r0",1
"andhs r0, r0, 4",1
"muleq r0, sl, sp",1
"mcrrhs p1, 0, sb, r0, c2",1
"strheq sl, [r0], -ip",1
"andeq r2, r0, sp, lsl 26",1
"eorslt r0, r6, r0",1
bvs 0x83f4,1
"smladlo r0, r3, r0, r0",1
"stcvc p3, c5, [r2, -4]",1
"andpl r3, r1, 0, 14",1
"strlo r7, [r0, -r2, lsl 8]",1
"strvc r5, [r2, -0x101]",1
"andpl r3, r1, r0, lsl 14",1
"andeq r7, r0, r2, lsl 12",1
"cdp p8, 0, c4, c1, c0, 0",1
invalid,1
"stmdbne r1, {r0, r5, r6, r8, sb}",1
invalid,1
"strmi r0, [r0], -0xa8",1
"andls r0, r0, sb, lsr 1",1
invalid,1
"andeq r1, r0, r8, ror 31",1
invalid,1
"subeq r0, sl, r1, ror 6",1
"adcshs r0, sp, 0",1
"teqvs pc, r0",1
invalid,1
"orreq r0, sp, r1, ror 6",1
"movwhs r0, 0x2000",1
"submi r0, pc, r0",1
"andgt r0, r0, sp, lsl r0",1
"stmdalt r0, {r3, r5, r7}",1
invalid,1
"strvs r0, [r1, -r3, ror 6]!",1
invalid,1
invalid,1
"andeq r1, r0, sp, asr sp",1
"strheq r2, [r0], -sp",1
"andseq r5, sp, r5, lsr 6",1
"eor r0, sl, r0",1
"andhs r0, r0, 4",1
"andeq r1, r0, r3, ror sp",1
svcvc 0x909103,1
"andseq r7, sp, sp, lsr lr",1
"adceq ip, r8, r0",1
"andeq r0, r5, r0, lsl 16",1
"cmpeq r4, 0, 2",1
"andeq r1, r0, r3, asr 31",1
"andseq r8, sp, r1, lsr 30",1
"eoreq r6, r3, r0, lsl 20",1
"ldreq r2, [r0, -0xa00]!",1
bls 0x888208,1
"andeq r0, r0, 0x1d",1
"strtmi r4, [ip], -0x91",1
"stceq p0, c0, [r0, -0x2a4]",1
"andeq r0, r0, sp, lsr 32",1
"ldmdbge r8!, {sb, sl, ip, sp}",1
invalid,1
"teqeq r7, r0",1
"rsbseq r0, sp, r3, asr r2",1
"subseq r0, r2, 0xc000000d",1
"teqeq r7, sb, lsl 30",1
"rsbseq r0, r5, r1, asr r2",1
"subseq r0, r0, 0xc000000d",1
"andeq r0, r0, r4, ror r0",1
"mrseq r0, spsr",1
"andeq r0, r0, r6, lsr 11",1
invalid,1
"andeq r0, r0, sb, lsl r1",1
"andeq sl, r0, r4, asr 18",1
"ldrdeq sl, fp, [r0], -r0",1
"andeq r2, r0, pc, lsr 7",1
"eoreq ip, r0, r1, lsl 28",1
"rsbseq r3, r3, r0, lsl 30",1
bmi 0xe1e68,1
invalid,1
svclo 0x23,1
"rsbeq r7, r7, r1, ror 4",1
"stchi p7, c6, [r3, -4]",1
invalid,1
"andmi r0, r0, r4, lsr 32",1
"strheq r0, [r0], -r4",1
invalid,1
"strpl r0, [r0, -0]",1
svcmi 0x24,1
"andeq r1, r0, r6, lsr lr",1
"andeq sl, r0, r8, asr 18",1
"andeq r0, r0, r8, asr r5",1
"mrshs r6, apsr",1
"andeq r1, r0, sb, ror 28",1
"andeq r2, r0, sb, lsl 9",1
"andseq r5, lr, r1, lsr 26",1
"eoreq fp, r4, r0, lsl 26",1
"cdpne p1, 5, c2, c3, c0, 0",1
"bicshs r0, ip, 0",1
invalid,1
"andeq r0, r0, lr, lsl r0",1
"andeq r8, r5, sl, lsr 32",1
"cdpne p2, 7, c2, c5, c0, 0",1
"mrsls r0, apsr",1
"mrcvc p15, 1, r7, c13, c0, 4",1
"stmdami r0, {r0, r2, r3, r4}",1
"stmdage r0, {r0, r3, r5, r7}",1
invalid,1
"adchs r0, sb, ip, asr r3",1
svchi 0x210000,1
invalid,1
bhs 0x8378,1
"ldrdeq r0, r1, [r0], -r0",1
"andseq sb, sp, r2, lsr 20",1
"addsmi r0, r1, r0, lsl 4",1
"adceq sp, sb, ip, lsr 32",1
"eoreq r0, sp, r0, lsl 26",1
"strlo r0, [r0], -r0",1
"andeq sl, r0, r4, asr 19",1
"andeq r1, r0, sl, ror 6",1
"subseq r0, r3, 0xc000000d",1
"teqeq r7, sp, ror r0",1
"rsbseq r0, r5, r2, asr r2",1
"subseq r0, r1, 0xc000000d",1
"teqeq r7, r6, ror r0",1
"rsbseq r0, r4, r0, asr r2",1
"andeq r0, r0, r0",1
bleq 0xbc8850,1
"stcvs p0, c0, [r1, -0]",1
"tsteq sb, r3, lsl 2",1
"mrsne r0, apsr",1
blmi 0x83bc,1
"rsbeq r7, r7, r1, ror 4",1
"stchi p13, c6, [r3, -4]",1
invalid,1
"strheq r0, [r0], -r4",1
invalid,1
blmi 0x8350,1
invalid,1
"tsteq pc, sp, ror 6",1
"vhadd.u8 d16, d14, d0",1
invalid,1
"ldrbeq r0, [r1], -0x36f",1
"andhs r0, r0, r0",1
"andeq r2, r0, lr, asr 1",1
"ldrdeq sl, fp, [r0], -r0",1
"andeq sl, r0, r0, asr sl",1
"andeq r2, r0, r6, lsr r5",1
"eoreq ip, r1, r1, lsl 2",1
"rschs r2, r1, r0, lsl 2",1
"strbhs r0, [r3, -0]!",1
"stc p0, c0, [r1, -0]!",1
invalid,1
invalid,1
"strdeq r2, r3, [r0], -sb",1
"muleq r0, pc, r5",1
"eoreq r0, r1, r2, lsr 8",1
"addsmi r0, r1, r0, lsl 4",1
"andeq r0, r6, sp, lsr r3",1
"adceq r0, sl, r0, lsl 8",1
"andeq pc, r5, r0, lsl 16",1
"cmneq r1, 0, 2",1
"muleq r0, pc, r1",1
"andeq r2, r6, r5, lsr 14",1
"cdpne p1, 2, c0, c1, c0, 0",1
"andgt r0, r0, r6",1
"andpl r0, r0, r5, lsr 32",1
"andeq r0, r0, r5, lsl r6",1
"eorne r5, sl, r1, lsl 26",1
"movwhs r0, 6",1
"andeq r0, r0, r0, lsr r6",1
"andeq r2, r0, r0, asr 11",1
"andeq r3, r6, r3, lsr 20",1
"eoreq sp, r5, r0, lsl 6",1
"strbeq r2, [r3], -r0, lsl 6",1
"ldrhs r0, [lr], -r0",1
"cdpmi p0, 2, c0, c3, c0, 0",1
invalid,1
"andeq r0, r0, r6, lsr 32",1
bge 0x1115bf8,1
invalid,1
"teqeq r7, r0",1
"rsbseq r0, sp, r3, asr r2",1
"subseq r0, r2, 0xc000000d",1
"teqeq r7, r5, ror r0",1
"rsbseq r0, r6, r1, asr r2",1
"cmpeq r0, r7, lsr r1",1
bmi 0x84d8,1
"andeq r4, r7, r1, lsl 4",1
"cmneq r6, 0, 2",1
"andeq r1, r1, r1, lsl 18",1
invalid,1
"mrsvs r0, spsr",1
invalid,1
"orreq r0, sp, r6, ror r3",1
"movtvs r0, 0xb000",1
"strvc r0, [r1], -r8, rrx",1
"andeq r1, r1, r3, lsl 30",1
invalid,1
"andpl r0, r0, r1, lsr 32",1
invalid,1
"strvs r0, [r0, -0xaa]",1
invalid,1
"andeq r2, r0, r2, asr 5",1
"eoreq sp, r1, r1, lsr 8",1
"eoreq sb, r6, r0, lsl 4",1
"mvnhs r2, r0, lsl 2",1
"ldrths r0, [r0], r0",1
"cdpgt p0, 4, c0, c15, c0, 0",1
"strpl r0, [r0], -0x20",1
"stmdalo r0, {r1, r3, r5, r7}",1
invalid,1
invalid,1
invalid,1
"strpl r0, [r0, -0x26]",1
"andeq r2, r0, sp, ror 1",1
"rschs r2, r1, pc, ror r1",1
"strbths r0, [pc], r0",1
invalid,1
"andhs r0, r0, 6",1
"andeq r2, r0, r4, lsl 2",1
"stcllo p1, c9, [r0, -8]",1
"andeq r0, r0, r3, lsl 12",1
"andeq sl, r0, r0, lsl 21",1
"andeq r0, r0, r0, lsl 13",1
"cdpls p1, 0, c7, c3, c1, 0",1
"strhs r0, [r0, -0x22]",1
"andeq r0, r0, r7, lsr 12",1
"ldreq r5, [r5], -r1",1
"stcpl p0, c0, [r1, -0]",1
"andeq r1, r6, r1, lsr 28",1
"eoreq r0, r7, r0, lsl 26",1
"strteq r2, [r0], r0, lsl 20",1
"eorlo r0, r3, r0",1
"stceq p0, c0, [r0, -0x18]",1
"movwhs r0, 0x27",1
"andeq r0, r0, sl, lsr r6",1
"andeq r2, r0, r0, lsr 14",1
"andeq r4, r6, r3, lsr 6",1
"eoreq r6, r7, r0, lsl 22",1
"strbeq r2, [lr], -r0, lsl 6",1
"ldrbhs r0, [lr, -r0]!",1
"andeq r0, r0, r0",1
"adceq ip, sl, r6, lsr r0",1
"andseq r6, r3, r0, lsl 20",1
"movwpl r3, 0x1700",1
"strlo r7, [r0, -r2, lsl 26]",1
"stmdbeq r2, {r0, sb, ip, lr}",1
"strdpl r3, r4, [r1, -pc]",1
"strlo r7, [r0, -r2, lsl 10]",1
"andlo r5, r1, r1",1
"andeq r0, r0, r0",1
invalid,1
invalid,1
"tsteq sb, r3, lsl 2",1
bge 0xff308528,1
blge 0xc0852c,1
"ldrhs r0, [r2, r0]!",1
"movwlt r0, 0x1000",1
svclo 0x23,1
"rsbeq r7, r7, r1, ror 4",1
"stchi p12, c7, [r3, -4]",1
"cdple p0, 0, c0, c0, c1, 0",1
svcmi 0x27,1
"andeq r2, r0, r1, asr 3",1
"ldrdeq sl, fp, [r0], -r0",1
"andeq r0, r0, r8, asr 13",1
"strhs r7, [r3, -0xe01]",1
"andeq r2, r0, r0, ror 3",1
"bicshs r2, r4, sl, lsr r1",1
"ldrbhs r0, [ip, r0]!",1
"cdpgt p0, 4, c0, c15, c0, 0",1
"andle r0, r0, r0, lsr 32",1
"stmda r0, {r1, r3, r5, r7}",1
invalid,1
invalid,1
blo 0x85fc,1
"eoreq lr, r0, r5, asr sp",1
invalid,1
invalid,1
bhs 0x8628,1
"andeq r0, r0, r8, lsl 14",1
"eoreq r0, r1, r2, lsr 8",1
"ldmmi r1, {sb}",1
"andeq r0, r6, sp, lsr r3",1
"adceq pc, sl, r0, lsl 16",1
"andeq r3, r7, r0",1
"cmneq r1, 0, 2",1
"andeq r2, r0, lr, lsl 7",1
"andeq r2, r6, r5, lsr 14",1
"ldrbne r0, [r0, -0x100]",1
invalid,1
"ssaxeq r2, lr, sp",1
bhs 0xe885c0,1
"andeq r0, r0, r8, asr r7",1
"andeq r3, r6, r6, asr r0",1
blo 0x896dcc,1
"movweq r0, 6",1
invalid,1
"andeq r0, r0, r3, asr 12",1
invalid,1
invalid,1
"andeq r0, r0, r0",1
"adceq r2, fp, r6, lsr r4",1
"andseq r6, r3, r0, lsl 20",1
"movwpl r3, 0x1700",1
"strlo r7, [r0, -r2, lsl 26]",1
"stmdbeq r2, {r0, sb, ip, lr}",1
"strdpl r3, r4, [r1, -pc]",1
"strlo r7, [r0, -r2, lsl 8]",1
"andlo r5, r1, r1",1
"andeq r0, r0, r0",1
"andge r4, r1, 0, 16",1
invalid,1
"stmdbne r1, {r1, r7, r8, sb}",1
"andlo r0, r0, r1",1
"stmdals r0, {r0, r1, r3, r5, r7}",1
"andvc r0, r0, fp, lsr 1",1
invalid,1
"muleq r0, r7, r4",1
invalid,1
"orreq r0, r2, 0, 2",1
"andeq r0, r0, sp, lsl 3",1
"muleq r0, sp, r8",1
"andeq fp, sb, r0, asr 8",1
"orreq r0, r2, 0, 2",1
"andeq r0, r0, ip, lsr 32",1
"strheq r2, [r0], -fp",1
"eoreq ip, r0, pc, asr 28",1
"adceq r3, fp, r0, lsl 8",1
"andeq r8, r7, r0",1
"orreq r0, r4, 0, 2",1
"eoreq pc, r0, r5, lsr 18",1
"vstmdb r1!, {s6}",1
"stmdble r0, {r5}",1
invalid,1
"andeq r2, r0, r1, ror 1",1
"strdeq r2, r3, [r0], -r7",1
"andeq sl, r7, sl, lsr 32",1
"mrshs r2, r12_usr",1
invalid,1
"streq r3, [r3], -r0, asr 26",1
blge 0x1808684,1
"strbeq r0, [r8, r0]",1
"mrsvc r0, apsr",1
"eoreq r7, r4, r3, lsl 6",1
"strteq r2, [r7], -r0, lsl 10",1
"andpl r0, r1, r0",1
"andeq r0, r0, r5, lsl r6",1
"cdpne p13, 2, c5, c5, c1, 0",1
blo 0x86bc,1
"andeq pc, r7, sl, lsr 32",1
"ldrteq r5, [r0], -r0, lsl 12",1
"eorshs r0, sl, 0",1
"andeq r0, r0, sl, lsr r6",1
svcls 0x449103,1
"andeq r4, r6, r6, asr r3",1
"vmulmi.f32 s2, s6, s0",1
"strne r0, [r0, -6]",1
"andeq r0, r0, sb, lsr 32",1
blge 0xfe315ecc,1
invalid,1
"teqeq r7, r0",1
"rsbseq r0, sp, r3, asr r2",1
"subseq r0, r2, 0xc000000d",1
"teqeq r7, r4, ror r0",1
"rsbseq r0, r5, r1, asr r2",1
"cmpeq r0, r7, lsr r1",1
"andeq r0, r0, r0, lsr r0",1
"strpl r4, [r1], -r0, lsl 20",1
invalid,1
"stmdbne r1, {r3, r7, r8, sb}",1
invalid,1
"ldrdeq r2, r3, [r0], -sb",1
invalid,1
"eoreq r0, r5, r8, lsl 7",1
"movtne r0, 0xc000",1
invalid,1
"orreq r0, sp, r8, lsl 7",1
bls 0x1308718,1
invalid,1
"orreq r0, sp, sb, lsl 7",1
"mrsvs r0, spsr",1
invalid,1
"orreq r0, sp, sb, lsl 7",1
bmi 0x8730,1
"andeq r4, r6, r1, lsl 8",1
"orrseq r0, r0, 0, 2",1
"andeq r1, r1, r1, lsl 18",1
"ldrhs r0, [r1, -0x100]!",1
"cdpvs p0, 4, c0, c11, c0, 0",1
"orrseq r0, r0, 0, 2",1
"andeq r0, r0, r5, lsr 32",1
"andeq r1, fp, ip, asr 6",1
"orrseq r0, r0, 0, 2",1
"andeq r0, r0, sp, lsl 3",1
"andeq sb, r5, ip, asr 20",1
"orrseq r0, r1, 0, 2",1
"andeq r0, r0, sp, lsl 3",1
"ldrbvs r6, [r2, -fp, asr 2]!",1
"orrseq r0, r2, 0, 2",1
"andeq r0, r0, sp, lsl 3",1
"andeq fp, sb, ip, asr 8",1
"orrseq r0, r2, 0, 2",1
"andeq r0, r0, ip, lsr 32",1
invalid,1
"ldrbeq r0, [r1], -0x394",1
"andhs r0, r0, r0",1
"muleq r0, r7, r4",1
"muleq r0, r8, fp",1
"andeq sl, r0, r0, lsl ip",1
"andeq r2, r0, fp, ror 18",1
"eoreq r0, r6, r1, lsl 22",1
"strths r2, [sl], 0x100",1
invalid,1
"strtlt r0, [r1], -0",1
"strlt r0, [r0], -r4, lsr 32",1
invalid,1
"andeq r2, r0, r0, asr 9",1
"ldrdeq r2, r3, [r0], -r4",1
"eoreq ip, r4, r1, lsr 24",1
"eoreq pc, sb, r0, lsl 4",1
"ldrbhs r4, [sb], 0xf00",1
blge 0xfe7087c8,1
invalid,1
blhi 0x487d0,1
"ldrhs r5, [sl, -0x503]",1
"cmnhs pc, r0",1
"andeq r2, r0, lr, lsl 10",1
"andeq r2, r0, r0, lsl sl",1
"eoreq r0, r5, r1, lsr 4",1
"eoreq r2, sl, r0, lsl 28",1
"ldrbths r2, [r6], 0x100",1
bhs 0x13087f0,1
"stc p0, c0, [r1], -0",1
bvs 0x8888,1
bhs 0x88a4,1
"andeq r0, r0, r0, asr 16",1
"eoreq r2, r5, r2, lsr 12",1
"ldmlt r1, {r8, sb}",1
"uxtahne r3, lr, pc, ror 24",1
blge 0xff308810,1
invalid,1
"strls r0, [r1, -0]",1
"eoreq lr, r5, r3, lsl 12",1
"strne r5, [r0, -r0]!",1
"strpl r0, [r1], -0",1
"andseq r1, r7, r0, asr r5",1
"subspl r0, r5, r0, lsl 2",1
"andeq r1, r0, ip, lsl 14",1
"stceq p13, c5, [ip], -4",1
"stceq p0, c0, [r0, -0x2b0]",1
"andeq r0, r0, sp, lsr 32",1
"adceq r0, ip, r6, lsr r0",1
"andseq r6, r3, r0, lsl 20",1
"movwpl r3, 0x1700",1
"strlo r7, [r0, -r2, lsl 26]",1
"stmdbeq r2, {r0, sb, ip, lr}",1
"strdpl r3, r4, [r1, -pc]",1
"strlo r7, [r0, -r2, lsl 12]",1
"strvc r5, [r2, -r1]",1
"andeq r0, r0, r0",1
"ldrbhs r2, [sb], 0",1
invalid,1
"stcge p0, c0, [r8], {0}",1
bhs 0xfe208870,1
"stcge p0, c0, [r1, -0]",1
invalid,1
"andeq r2, r0, ip, ror 9",1
"strheq r2, [r0], -r5",1
"eoreq pc, r4, r1, lsr 12",1
"eoreq sp, sl, r0, lsl 6",1
"strhs r2, [r2, -0x100]",1
bhs 0xffc48890,1
"cdpeq p0, 2, c0, c1, c0, 0",1
svceq 0x25,1
"andpl r0, r0, fp, lsr 32",1
"andeq r2, r0, sl, lsl r5",1
"andhs sb, r0, 0x80000000",1
"andeq r2, r0, r6, lsr 10",1
svcvc 0xb89103,1
"andseq pc, r6, sp, lsr lr",1
"adceq r4, ip, r0, lsl 8",1
"andeq sb, r8, r0",1
"orrseq r0, r5, 0, 2",1
"andeq r2, r0, sb, lsl 13",1
"andseq r2, r7, r0, asr r0",1
"subspl r0, r4, r0, lsl 2",1
"andeq r1, r0, r5, lsl r7",1
"mrrceq p5, 0, r5, r0, c1",1
invalid,1
"stcge p12, c2, [r4], {0x5d}",1
"stchs p0, c0, [sp, -0]",1
"strlo r0, [r0], -r0",1
"andeq sl, r0, r8, ror ip",1
"andeq r1, r0, sl, ror 6",1
"subseq r0, r3, 0xc000000d",1
"teqeq r7, sp, ror r0",1
"ldmvc r1, {r1, r4, r6, r8, sb}",1
invalid,1
"strlo r7, [r0, -r2, lsl 12]",1
"strvc r5, [r2, -r1]",1
invalid,1
"andeq r6, r7, r1, lsl 18",1
"orrseq r0, sl, 0, 2",1
"andeq r1, r1, r1, lsl 18",1
"adceq r8, ip, r0, lsl 16",1
"adceq r0, sp, r0, lsl 8",1
"eoreq r2, fp, r0, lsl 26",1
"ldrbhs r0, [r1, r0, lsl 2]",1
"movtne r0, 0",1
invalid,1
invalid,1
blhs 0x1688930,1
bls 0x1008934,1
invalid,1
invalid,1
blhs 0x1e08940,1
"teqvs pc, r0",1
invalid,1
invalid,1
blhs 0xfe588950,1
"strbls r0, [0x00008954]",1
invalid,1
"stmdalt r0, {r2, r3, r5, r7}",1
invalid,1
"stcgt p3, c0, [r1], -0x274",1
"strlt r0, [r0], -0x24",1
invalid,1
"andeq r2, r0, r0, asr 9",1
"ldrdeq r2, r3, [r0], -r2",1
"eoreq fp, r4, r1, lsr 8",1
"eoreq pc, fp, r0",1
"strths r2, [sl], 0x500",1
svcmi 0,1
"ldrdeq r2, r3, [r0], -sb",1
"andeq sl, r0, ip, lsl 25",1
"andeq r0, r0, r0, ror 17",1
"strpl r8, [r3, -0xb01]",1
"andeq r2, r0, sl, lsl r5",1
"strhs r2, [lr, -0x17f]",1
blhs 0xfed089a0,1
"eoreq r0, r1, 0",1
"cdpeq p0, 0, c0, c0, c5, 1",1
invalid,1
"strdeq r2, r3, [r0], -r6",1
"andeq r2, r0, ip, lsr 24",1
"eoreq lr, r4, r5, lsr 24",1
invalid,1
"andhs r0, r0, 9",1
"andeq r2, r0, r6, lsr 10",1
"stcllo p1, c9, [r0, -8]",1
"strdeq r1, r2, [r0], -lr",1
"strheq sl, [r0], -r8",1
"andeq r0, r0, r0, lsr sb",1
"strge sb, [r3], -0x501",1
"andpl r0, r0, r7, lsr 32",1
"andeq r1, r0, r0, lsr 14",1
"ldrbne r5, [r0, -0x401]",1
invalid,1
"smlsdne ip, r5, r0, r5",1
"stcpl p0, c0, [r1, -0]",1
"adceq r0, sp, ip, lsr 32",1
"eoreq r0, sp, r0, lsl 26",1
invalid,1
bvs 0x8cb0,1
"smladlo r0, r3, r0, r0",1
"stcvc p3, c5, [r2, -4]",1
"andpl r3, r1, 0, 14",1
"ldrblo r0, [pc, r2, lsl 18]! ; [0x8a10:4]=0x50013700",1
"strvc r5, [r2], -r1, lsl 2",1
"andpl r3, r1, r0, lsl 14",1
"andlo r7, r0, sb, lsl 8",1
"andlo r7, r0, sb, lsr 10",1
"andeq r2, r0, sb, lsr 2",1
invalid,1
"andeq sl, r7, r1, lsl 4",1
invalid,1
"andeq r1, r1, r1, lsl 18",1
"adceq r0, sp, r0, lsl 8",1
"adceq r8, sp, r0, lsl 8",1
"eoreq r4, ip, r0, lsl 20",1
"ldmhs r7, {r8} ^",1
"movtne r0, 0",1
invalid,1
"orreq r0, sp, r1, lsr 7",1
"ldclhs p0, c0, [r7], -0",1
bls 0x1008a58,1
invalid,1
"orreq r0, sp, r1, lsr 7",1
"ldchs p0, c0, [r5], {0}",1
"teqvs pc, r0",1
invalid,1
"orreq r0, sp, r2, lsr 7",1
"ldchs p0, c0, [r3], 0",1
"strblt r0, [r0], -0",1
invalid,1
"eoreq r0, ip, r2, lsr 7",1
"ldclhs p0, c0, [r1], {0}",1
invalid,1
"stmdaeq r0, {r2, r5}",1
"stmdapl r0, {r0, r2, r3, r5, r7}",1
invalid,1
bne 0x849928,1
svc 0x25,1
invalid,1
"andeq r2, r0, lr, lsl 10",1
"andeq r2, r0, sp, lsl 26",1
"eoreq r0, r5, r1, lsr 4",1
"eoreq r2, sp, r0, lsl 22",1
"ldrbths r2, [r6], 0x100",1
"stclhs p0, c0, [sb, -0]",1
"stc p0, c0, [r5], -0",1
"andeq r0, r0, r4, lsr 32",1
"andeq r8, sb, sl, lsr 32",1
"strhs r2, [r6, -0x200]!",1
"mrsls r0, apsr",1
"mrc2 p15, 1, r7, c13, c8, 5",1
"stmdalo r0, {r1, r2, r4}",1
"stmdage r0, {r0, r2, r3, r5, r7}",1
invalid,1
"stmhs fp!, {r0, r2, r4, r7, r8, sb}",1
"subshs r0, r0, r0",1
invalid,1
invalid,1
"strpl r0, [r1, -0]",1
"andseq r0, r7, r0, asr ip",1
"mrrchs p1, 0, r0, sp, c0",1
"andeq sl, r0, r0, lsl 27",1
"andeq r2, r0, sp, lsl 26",1
"ldclge p6, c3, [r4, -0]!",1
invalid,1
"teqeq r7, r0",1
"rsbseq r0, sp, r3, asr r2",1
"subseq r0, r2, 0xc000000d",1
"teqeq r7, r6, ror r0",1
"rsbseq r0, r7, r1, asr r2",1
"ldmdbeq r0, {r0, r1, r2, r4, r5, r8} ^",1
"ldmdbhs r0!, {r2, r4, r5, r6}",1
"ldmdbhs r0!, {r0, r2, r4, r5, r6}",1
"andeq r0, r0, r1, lsr 32",1
bpl 0x5b330,1
invalid,1
"stchi p3, c0, [r1, -0x2cc]",1
invalid,1
"andeq r2, r0, sp, lsl 18",1
invalid,1
invalid,1
"mrsvs r0, spsr",1
invalid,1
"strheq r0, [sp, r3]",1
"strblt r0, [ip], -0",1
invalid,1
invalid,1
"andpl r0, r0, 0",1
"ldrdeq r2, r3, [r0], -r7",1
"andeq sl, r0, r4, lsl 27",1
"muleq r0, r0, sp",1
invalid,1
"andeq r2, r0, r7, ror 18",1
"eoreq lr, r8, r1, lsr 20",1
"eoreq r6, sp, r0, lsl 14",1
"ldmhs r4!, {r8, sp} ^",1
"stchs p0, c0, [r8]",1
"eoreq r0, r1, r0",1
"stmdbge r0, {r0, r3, r5}",1
"movwpl r0, 0x2d",1
"andeq sl, r0, ip, lsl 27",1
"andseq r6, r3, r1, lsl 20",1
"movwpl r3, 0x1700",1
"ldrbmi r0, [ip, r5, lsl 6]",1
"teqeq r7, r1",1
invalid,1
"qaddpl r3, r2, r1",1
invalid,1
"cmpeq r0, 0xc000000d",1
"ldrsheq r0, [r0], -0x13",1
invalid,1
invalid,1
"stchi p3, c0, [r1, -0x2e4]",1
"andls r0, r0, r1",1
invalid,1
"andeq r0, r0, 0xad",1
invalid,1
svclo 0x29,1
"rsbeq r7, r7, r1, ror 4",1
"stchi p9, c11, [r3, -4]",1
bgt 0x8bec,1
"andmi r0, r0, sp, lsr 32",1
"strheq r0, [r0], -r4",1
invalid,1
invalid,1
svcmi 0x2d,1
"ldrdeq r2, r3, [r0], -r7",1
"muleq r0, r8, sp",1
"ldrdeq r0, r1, [r0], -r0",1
invalid,1
"andeq r2, r0, r0, lsl 18",1
"andeq r2, r0, r2, lsr 28",1
"eoreq pc, r8, r1, lsr 8",1
"eoreq r4, lr, r0, lsl 28",1
"stmhs sl!, {r8, sl, sp} ^",1
"movwpl r0, 0",1
"andeq sl, r0, r8, lsr 27",1
"andseq r6, r3, r1, lsl 20",1
"movwpl r3, 0x1700",1
"ldrbmi r0, [ip, r5, lsl 6]",1
"teqeq r7, r1",1
invalid,1
"qaddpl r3, r1, r1",1
"andpl pc, r1, r3, lsl 6",1
"cmpeq r0, r7, lsr r1",1
"andeq r0, r0, r0, lsr r0",1
bleq 0x789178,1
svclt 0x10000,1
"orreq r0, sp, r3, lsl 2",1
"andhs r0, r1, r0",1
blmi 0x8d08,1
svclt 0x1006e,1
"andeq r2, r0, r3, lsl 10",1
"rsbvc r4, r1, 0, 22",1
svclt 0x10067,1
"andeq r8, r1, r3, lsl 26",1
invalid,1
invalid,1
invalid,1
"andeq r0, r0, 0xad",1
invalid,1
invalid,1
"andeq r2, r0, sb, lsl 20",1
"andeq r2, r0, sl, ror lr",1
"eoreq r1, sl, r1, lsr 6",1
"eoreq sb, lr, r0, lsl 22",1
"ldmhs r7, {r8, sb, sl, fp, lr} ^",1
"stcge p0, c0, [ip, 0]!",1
invalid,1
"mrsgt r0, apsr",1
"stmdbhs r0, {r0, r1, r8, sl, ip, lr}",1
"ldrbths r0, [pc], -r0       ; [0x8cb4:4]=0x28ea26",1
"strdeq r2, r3, [r0], -r4",1
"eoreq lr, r8, r6, lsr 20",1
"ldcge p3, c5, [r8, 0]!",1
bvs 0x48cc4,1
"smladlo r0, r3, r0, r0",1
"movweq r5, 0x5301",1
"ldrdeq r4, r5, [r1], -ip",1
"subseq r0, r2, 0xc000000d",1
"teqeq r7, sb, lsl 30",1
invalid,1
"andpl r3, r1, r1, asr r7",1
"andpl pc, r1, r3, lsl 6",1
"strpl r0, [r0], -0",1
"andeq r1, fp, r1, lsl 16",1
"biceq r0, r5, 0, 2",1
"andeq r8, r1, r1, lsl 26",1
"adceq fp, sp, r0, lsl 24",1
"adceq sp, sp, r0, lsl 8",1
"rsbseq r0, sp, r0, lsl 4",1
"eoreq r2, fp, r1, lsl 24",1
"rsbvc r3, r1, 0, 30",1
"strgt r0, [r1, -0x67]",1
"andeq r8, r1, r3, lsl 26",1
"eoreq fp, lr, r0, lsl 24",1
"ldmibhs r6!, {r8, sb, sl, fp, lr} ^",1
"ldcge p0, c0, [ip, 0]!",1
beq 0x8d20,1
"strgt r0, [r1, -r0]",1
bhs 0x4d1134,1
"cdphs p0, 0xe, c0, c8, c0, 0",1
invalid,1
"andeq r0, r0, sl, lsr 32",1
"eoreq sp, r8, pc, asr 14",1
"adceq fp, sp, r0, lsl 24",1
"andeq r2, sl, r0",1
"biceq r0, r1, 0, 2",1
"eoreq r0, sb, r5, asr r0",1
invalid,1
"stmda r0, {r3, r5}",1
"strhs r0, [r0, -0x2e]",1
"andeq r2, r0, sl, ror 17",1
"ldclge p3, c5, [r0]",1
bvs 0x48d60,1
"smladlo r0, r3, r0, r0",1
"movweq r5, 0x5301",1
"ldrdeq r4, r5, [r1], -ip",1
"subseq r0, r2, 0xc000000d",1
"teqeq r7, sb, lsl 30",1
invalid,1
"andpl r3, r1, r0, asr r7",1
"andeq r3, r0, r1",1
"ldrbgt r0, [r7, -r0]",1
invalid,1
"andeq r5, r4, r6, ror 2",1
"stmdalo r3, {r8, sl}",1
invalid,1
"andeq r0, r0, pc, lsl r1",1
"andeq r2, r0, sp, asr 22",1
"andeq r0, r1, sp, lsl 10",1
bllo 0x489a4,1
"muleq r0, fp, sb",1
"vstrlo d13, [r2, -4]",1
"streq r0, [r0, -0x2b]",1
"mrseq r3, spsr",1
"strbteq r3, [r6], 0xb00",1
invalid,1
"andeq r3, r0, r2, lsl 14",1
"andle r0, r3, r0, lsl 10",1
bllo 0x92e4,1
"andeq r0, r0, r0, asr r8",1
"strlt sp, [r2], -0xd01",1
"streq r0, [r0, -4]",1
"mrseq sp, spsr",1
"ldmibeq r3, {r8, sb, fp, ip, sp}",1
"cdple p0, 0, c0, c1, c0, 0",1
"andseq sb, r5, r2, lsl 14",1
invalid,1
invalid,1
"andeq r0, r0, sp, lsl 3",1
"andeq r2, r0, r5, lsr 23",1
"andeq r0, r1, sp, lsl 10",1
"stmdapl r0, {fp}",1
"strdeq r0, r1, [r0], -fp",1
blhs 0xfeddba08,1
"streq r0, [r1, -0]",1
"sbceq lr, r1, r3",1
blhs 0xfe54ba10,1
bmi 0x308e14,1
invalid,1
"stceq p0, c0, [r0, -0xac]",1
"andeq r0, r0, r5, lsl 2",1
"subspl r0, r8, r7",1
invalid,1
"eoreq sp, fp, sb, asr lr",1
"movweq r0, 0x5100",1
"andeq ip, r0, r0, asr 3",1
"eoreq fp, fp, fp, lsl 24",1
"pusheq {r8, fp, ip, lr}",1
bge 0x48e40,1
"andeq r5, r4, r3, lsl 2",1
"movweq r0, 0x5100",1
"ldrdeq r4, r5, [r1], -ip",1
"andeq pc, r2, sl, asr sl",1
"strhs r0, [r8, 0xb00]!",1
invalid,1
"ldreq r5, [ip], -0xa01",1
invalid,1
"andeq r0, r0, r5, lsr 8",1
"cmpeq fp, r1, lsl 2",1
"andeq r0, r0, pc, lsr 20",1
"stchi p0, c2, [r1, -0x3c]",1
invalid,1
"cmpeq sl, 92, 2             ; 0x5c",1
"movwlo r0, 0xc000",1
"andeq r1, r1, r1, lsl 18",1
"mcrrhs p1, 0, r0, r0, c0",1
"ldclhi p0, c0, [sp, -0]",1
"stcpl p0, c0, [r0, -4]",1
"andeq r0, r0, sp, lsl 3",1
"andeq r2, r0, sp, asr r5",1
"cmpeq lr, r0",1
"andeq r0, r0, ip, lsl sb",1
"mrseq r6, apsr",1
"andeq r0, r0, ip, lsr 32",1
"eoreq r6, ip, r1, lsl 16",1
"stclhs p13, c5, [r8], -0",1
"ldclhi p0, c0, [sp, -0]",1
"stcpl p0, c0, [r0, -4]",1
"andeq r0, r0, ip, lsr 32",1
"eoreq r6, ip, sp, asr lr",1
"streq r0, [sb], -0",1
"andeq r0, r0, lr, lsr r0",1
"bicseq r0, r6, 0x9000000",1
"cmpeq ip, r0",1
"andeq r0, r0, fp, asr 15",1
"strhs r8, [r1, -0x80d]",1
invalid,1
"andeq r2, r0, ip, lsl 25",1
"andeq r7, r3, sp, asr fp",1
"cmpeq lr, r0",1
"andeq r0, r0, r4, lsr 17",1
"mrseq r6, apsr",1
"andeq r0, r0, r5, lsr 32",1
"eoreq sl, ip, r1, lsl 10",1
"stchs p13, c5, [r5], 0",1
invalid,1
"eoreq sl, ip, r4, lsl 22",1
"bicseq r0, r6, 0, 22",1
"cmpeq lr, r0",1
"andeq r0, r0, r6, lsr r4",1
invalid,1
"andeq r0, r0, ip, lsr 32",1
"eoreq ip, ip, r1, lsl 18",1
"orreq r5, sp, r0, lsl 26",1
blpl 0x8f20,1
"andeq r2, r5, r1, lsl 10",1
"cmpeq r0, r0",1
"ldrdeq r2, r3, [r0], -r7",1
"andhi r0, r4, 0x4000",1
invalid,1
"andeq r4, sb, r1, lsl 28",1
invalid,1
"andeq r0, r0, r5, lsr 32",1
"eoreq pc, ip, r1, lsl 30",1
invalid,1
invalid,1
"stcpl p0, c0, [r0, -4]",1
"andeq r0, r0, ip, lsr 32",1
invalid,1
invalid,1
"eoreq r0, ip, fp, lsl 3",1
svcpl 0x10000,1
"andeq ip, r4, r1, lsl 18",1
"andeq r1, r2, 0, 2",1
invalid,1
"andeq r0, r0, fp, ror 16",1
"andeq r1, r1, r1, lsl 14",1
"stmdblo r1, {r8}",1
"stcpl p0, c0, [r0, -0xb4]",1
"andeq r0, r0, r7, lsl r1",1
"andeq r2, r0, sp, asr r5",1
"mrseq r5, apsr",1
invalid,1
"andeq r0, r7, r1, lsl 4",1
"teqeq pc, r0, lsl 8",1
"andeq r0, r0, r7, lsl r1",1
"eoreq r5, sp, r1, lsl 12",1
"tsteq r7, r0, lsl 26",1
"mrrchs p0, 0, r0, sp, c0",1
"andeq r0, r0, r0",1
"ldrbeq r0, [sp, 0x161]!",1
"strlo r0, [r4, -r0]",1
"cmpeq ip, r1, lsl 2",1
"andeq r0, r0, r3, asr r5",1
"strne r3, [r1, -r4, lsl 18]",1
invalid,1
"andeq r2, r0, r8, ror sp",1
"andeq r2, r0, sp, asr ip",1
invalid,1
"andeq r0, r0, r1, asr 13",1
invalid,1
"eoreq r8, sp, r1, lsl 26",1
"tsteq r7, r0, lsl 26",1
blpl 0x8fe4,1
"andeq r7, r3, r1, lsl 26",1
"teqeq r2, r0, lsl 4",1
"muleq r0, r8, r1",1
"strlo r6, [r1, -0x301]",1
"streq r0, [r0], -8",1
"tsteq r7, r2, asr 2",1
"stcpl p0, c0, [r1, -0]",1
"strheq r0, [r0], -sb",1
"andeq r2, r0, sp, asr ip",1
invalid,1
"andeq r0, r0, 0xc",1
"andeq r3, sp, r0, lsl 26",1
"cdpeq p4, 0, c0, c1, c0, 0",1
invalid,1
"andeq r0, r0, fp, ror fp",1
"andeq r0, r0, sb, lsr 2",1
"ldrdeq sl, fp, [r0], -r4",1
"andeq fp, r0, r4, lsr r4",1
"andeq r0, r0, pc, lsl 28",1
"andeq pc, fp, r2, lsl 4",1
"eorlo r0, r8, r0, lsl 6",1
"movweq r0, 0",1
"andeq r0, r0, r2, lsr 23",1
bmi 0xac54,1
"streq r0, [r0], -0",1
"andeq r0, r0, lr, lsl ip",1
"andeq r0, r0, sl, asr 32",1
invalid,1
"andeq r0, r4, 0, 10",1
"andeq r0, r0, r4, lsr 23",1
"eoreq r6, r5, r3, lsl 12",1
"strpl r0, [r2], -0",1
"streq r0, [r0], -1",1
"ldrdeq r6, r7, [r0], -r5",1
"streq r0, [r4, -r0, lsl 12]",1
"andeq r0, r0, r4, lsr 32",1
invalid,1
"streq r0, [r0], -r0",1
"eorseq r0, pc, r2, lsl 14",1
"streq r0, [r6], -0",1
"andeq r1, r0, r7, lsl 30",1
"streq r0, [r1], -r0, lsl 12",1
"andeq r0, r0, r3, lsr r0",1
blgt 0x1498ac,1
"streq r0, [r0, -r0]",1
"cdpvs p5, 6, c0, c9, c4, 0",1
"stmdaeq r6, {r2, r4, r5, r6}",1
"andeq r0, r0, r5",1
"streq r0, [r8, -r0, lsl 12]",1
"andeq r0, r0, sl, lsl r0",1
"andeq r8, r2, r2, lsl 20",1
"teqls r7, 0, 10",1
"andeq r0, r0, 0",1
"ldrdeq r0, r1, [r0], -fp",1
"adcseq r8, r7, r5, lsl 24",1
"streq r0, [r6], -0",1
"andeq r0, r0, r5, lsl 10",1
"sbcseq r0, r1, 0, 4",1
"stchi p0, c0, [r5, -0]",1
"andeq r0, r0, r1, lsr 1",1
"strle r0, [r7, -0x406]",1
invalid,1
"andeq sp, r0, r4, lsl 12",1
"stmdaeq r1, {sb, sl}",1
"andeq r0, r0, sl, lsr r0",1
"andeq r0, r2, r2, lsl 4",1
"ldmda r0!, {sb, sl}",1
"movweq r0, 0",1
"strdeq r0, r1, [r0], -lr",1
invalid,1
"stmdbeq r0, {r1}",1
"strdeq r0, r1, [r0], -r2",1
"addeq pc, ip, r8, lsl 14",1
"movwhs r0, 0x2000",1
"subeq r0, r0, 0, 18",1
invalid,1
"ldrdeq r0, r1, [r0], -r0",1
"stmdbeq r4, {r1, r8, sb, sp}",1
"muleq r0, r0, r1",1
"sbcseq pc, r0, r8, lsl 26",1
"movwhs r0, 0x2000",1
invalid,1
"cdp2 p0, 0, c0, c8, c0, 0",1
"ldrdeq r0, r1, [r0], -r0",1
"stmdbeq ip, {r1, r8, sb, sp}",1
"andeq r0, r0, r8, lsr 4",1
"sbcseq pc, r0, r8, lsl 30",1
"movwhs r0, 0x2000",1
invalid,1
"andeq r0, r8, r0",1
"andeq sp, r0, r1",1
"strtne r0, [r3], -0x200",1
"andeq ip, r2, sl, lsl 6",1
"mrseq r0, apsr",1
"ldrdeq r0, r1, [r0], -r0",1
beq 0x611d6c,1
"andeq r0, r0, r2, ror r1",1
"andle r0, r1, r8, lsl 4",1
"andeq r0, r0, 0",1
"strpl r1, [sl], -0xc23",1
"stmdaeq r0, {r1}",1
"sbcseq r0, r0, r3, lsl 2",1
"movwhs r0, 0x2000",1
"teqeq pc, 32, 20",1
"streq r0, [r8, -0]",1
"andeq sp, r0, r1",1
"strths r0, [r3], -0x200",1
"andeq lr, r2, sl, lsl 20",1
invalid,1
"ldrdeq r0, r1, [r0], -r0",1
beq 0xa11da8,1
"andeq r0, r0, r7, asr 2",1
"andle r0, r1, r8, lsl 14",1
"andeq r0, r0, 0",1
"strhi r2, [sl, -r3, lsr 24]",1
"stmdaeq r0, {r0}",1
"rsceq r0, r1, 0x40000002",1
"movwhs r0, 0x2000",1
"rsceq r0, r3, 48, 20",1
bleq 0x2091c4,1
"andeq lr, r2, r1, lsl 14",1
"strtlo r0, [r3], -0x200",1
"andeq r1, r1, sl, lsl 4",1
"mrseq r0, apsr",1
"andeq r0, r0, ip, lsl 1",1
beq 0xe11de4,1
"andeq r0, r0, r4, lsl r3",1
invalid,1
"andeq r0, r0, 0",1
b 0x298278,1
invalid,1
"adceq r0, ip, r3, lsl r1",1
"movwhs r0, 0x2000",1
"bicseq r0, r1, r0, asr 20",1
"strne r0, [r8, -r0]",1
"andeq r7, r0, r1",1
"strtmi r0, [r3], -0x200",1
"andeq r3, r3, sl",1
"tsteq r8, r0, lsl 16",1
"andeq r0, r0, lr, ror r0",1
beq 0x1191e20,1
"andeq r0, r0, r7, lsl r2",1
"stc p9, c1, [r1, -0x20]",1
"andeq r0, r0, 2",1
svclt 0xa4723,1
"stmdaeq r0, {r0}",1
"rscseq r0, sp, 0x40000007",1
"movwhs r0, 0x2000",1
"rsceq r0, lr, r8, asr 20",1
"strhs r0, [r8], -r0",1
"andeq fp, r0, r1, lsl 28",1
"eorpl r0, r3, r0, lsl 4",1
"andeq r6, r2, sl, lsl 26",1
invalid,1
"andeq r0, r0, sl, asr 32",1
beq 0x1611e5c,1
"andeq r0, r0, r1, lsr 4",1
bmi 0x5527c,1
"andeq r0, r0, 0",1
invalid,1
"stmdaeq r0, {r1}",1
"subeq r0, sl, r1, lsr r1",1
"movwhs r0, 0x2000",1
"addeq r0, r3, 96, 20",1
"andlo r0, r8, 0",1
"andeq r4, r0, r1, lsl 20",1
"strtvs r0, [r3], -0x200",1
"andeq r4, r2, sl, lsl 26",1
"teqeq r3, r0, lsl 16",1
"andeq r0, r0, r7, asr r0",1
beq 0x1a11e98,1
"andeq r0, r0, ip, lsl r3",1
invalid,1
"andeq r0, r0, 0",1
"strlo r6, [sl, -r3, lsr 24]",1
"stmdaeq r0, {r1}",1
"movweq r0, 0x3137",1
"movwhs r0, 0x2000",1
"strvs r0, [fp], -0x70",1
"stmdaeq r0, {r0, r1}",1
"andeq r0, ip, 0x6c000002",1
invalid,1
"andeq lr, r2, r1, lsr 3",1
"rsbeq r0, r7, 0, 18",1
"andge r0, r8, 0",1
"andeq r0, r0, r1, ror 5",1
"stmdbeq r0, {r1, r8, sb, sp}",1
"strdeq r0, r1, [r0], -r8",1
"rsceq sl, r7, 8, 6",1
"movwhs r0, 0x2000",1
"bicseq r0, sp, r4, lsl 18",1
"strge r0, [r8, -r0]",1
"andeq r0, r0, ip, lsl 1",1
"andeq r2, r8, r2, lsl 6",1
"adceq r0, sl, 8, 8",1
"streq r0, [r8], -0",1
"andeq r0, r0, r8, ror 1",1
"andeq sp, r0, ip, lsl 12",1
"andeq pc, r2, r0, lsl 26",1
"sbceq r0, sb, r0, lsl 26",1
"andeq r0, r0, r0",1
"adceq r0, r3, 8, 8",1
"strle r0, [ip], -r0",1
"movwne r0, 0",1
"stceq p0, c0, [r0, -0xc]",1
"andeq r0, r0, sb, asr 1",1
"streq r0, [r8], -0x27",1
"andeq r0, r0, sb, lsl r3",1
"andeq sp, r0, lr, lsl 12",1
invalid,1
"andeq r2, r3, sb, lsr 28",1
bleq 0xfeb0d334,1
svceq 0xdd0000,1
bllt 0x4d73c,1
"andeq r0, r0, 0xb",1
"addeq r0, ip, pc, asr r1",1
"mrseq r0, apsr",1
"andeq r0, r0, sb, asr r3",1
"andeq ip, fp, r2, lsl r3",1
"ldmdbpl pc, {sb} ^",1
"andne r0, r0, 3",1
"strheq r0, [r0], -r3",1
"tsteq r3, 2, 30",1
"andseq r0, r3, r0",1
"sbcseq r0, sp, r8, lsl 8",1
"tsteq r1, r0",1
"strheq r0, [r0], -ip",1
invalid,1
"movweq r0, 0",1
"andeq r7, r3, r1, lsl 30",1
"adcseq r1, r3, 0, 4",1
"strvs r0, [r2], -r0",1
"andeq r0, r0, r3, lsl r3",1
"tsteq r4, r3, lsl r0",1
"andeq r0, r0, fp, ror 22",1
"strle r3, [r1], -0xe01",1
"strpl r0, [r0], -0xad",1
"strne r0, [r0], -0xb1",1
invalid,1
"strheq r0, [r0], -r3",1
"andeq ip, fp, r5, lsl r5",1
"ldmdbpl lr!, {r8}",1
invalid,1
"strne r0, [r0, -0x2f]",1
"muleq r0, r5, fp",1
"tsteq r3, 1, 30",1
svchs 0x750000,1
"ldchi p0, c0, [r5, -0]",1
invalid,1
"andeq r1, r3, pc, lsr r3",1
"eoreq ip, pc, r0, lsl 10",1
bleq 0xffa8e7d4,1
"andmi r0, r1, r0",1
"andeq r0, r0, r3, lsl r3",1
"andeq r3, r0, r5, lsl r0",1
"andeq r4, fp, r6, lsl r8",1
"movtlt r0, 0x1100",1
"andeq r0, r0, 8",1
"sadd8mi r0, r6, r1",1
invalid,1
"andeq r5, r0, r1, asr 14",1
"ldreq r0, [r1], 0x200",1
"andeq r2, r3, r7, lsl lr",1
"adceq pc, sp, r0, lsl 8",1
"adceq r0, lr, r0, lsl 24",1
"mcrrmi p1, 0, r0, r4, c0",1
"stmdane r0, {r2}",1
"andeq r0, r0, ip, asr 6",1
"andeq r3, r0, r8, rrx",1
"andeq r4, r3, r8, lsl r1",1
"eorseq r8, r0, r0",1
"cdpge p9, 0, c1, c12, c0, 0",1
invalid,1
"tsteq sl, r0",1
invalid,1
"andpl r1, r1, 0x51000",1
"subsgt r0, ip, 0x14000000",1
"tsteq sl, r0",1
bne 0xc49984,1
"strvc r5, [r2, -1]",1
"vstrvc s2, [r2, -0]",1
invalid,1
"vstrvc s2, [r2, -0x14c]",1
invalid,1
"smlsdne r0, r2, r0, r0",1
"andeq r0, r0, lr, lsr 6",1
"andeq sl, r0, r0, lsr 28",1
"andeq sl, r0, r8, lsr lr",1
"streq r5, [fp], 0x401",1
invalid,1
"stmdane r0, {r0, r1}",1
"andeq r0, r0, r1, asr 6",1
"muleq r0, lr, r0",1
"adceq r3, lr, sb, lsl r8",1
"andeq r1, ip, r0, lsl 14",1
invalid,1
"tsteq sl, r1, lsl 2",1
"rsbseq r0, r5, r0, asr r2",1
"rsbseq r0, sp, sl, lsl r2",1
"ldrbeq r0, [sp, r3, lsl 20]",1
"cdphs p0, 1, c0, c12, c0, 0",1
"strls r0, [r0], -3",1
"andmi r0, r0, lr, lsr 1",1
invalid,1
"andeq lr, r4, r7, lsr 5",1
"movteq r1, 0xc800",1
"adcslo r0, r1, r0",1
"tstmi r8, r0",1
svcgt 3,1
"stmdbne r0, {r4, r5}",1
"andeq sl, r0, r4, ror 29",1
"andeq r0, r0, r7, lsl ip",1
"cmpeq r1, sl, lsl r1",1
"andpl r1, r1, r1, lsr sl",1
bne 0x268d8,1
"andeq r7, ip, 2, 26",1
"andseq r0, sl, 0x76",1
"smlsdxvc r2, sp, r8, r0",1
"vstrvc s2, [r2, -0]",1
"rsbseq r0, r8, r4, lsl 4",1
"rsbseq r0, sp, sl, lsl r2",1
"andeq r7, r0, r2, lsl 20",1
invalid,1
svcge 0x80000,1
beq 0x16094f8,1
"strvs r0, [r1], -r0",1
"andeq r0, r0, lr, lsl r5",1
"andeq r4, r3, r8, lsl ip",1
"eorseq lr, r0, r0, lsl 4",1
"movteq r1, 0x1800",1
invalid,1
"ldrhs r0, [sp], -0",1
"smlatbeq r0, pc, r0, r0",1
"andeq r0, r0, r7, lsl ip",1
"cmpeq r1, sl, lsl r1",1
"andpl r1, r1, r1, lsr sl",1
"andeq r7, r0, r2, lsl 10",1
invalid,1
svcge 0x340000,1
beq 0x1e09534,1
bvs 0x49538,1
"andeq r0, r0, sl, asr r5",1
"andeq r4, r3, r8, lsl ip",1
"eorseq r1, r1, r0, lsl 6",1
"movteq r1, 0x1800",1
"teqlo r1, r0",1
invalid,1
"smlatbeq r0, pc, r0, r0",1
"andeq r0, r0, r7, lsl ip",1
"cmpeq r1, sl, lsl r1",1
"andpl r1, r1, r1, lsr sl",1
"andeq r7, r0, r2, lsl 10",1
invalid,1
svcge 0x680000,1
beq 0xfe609570,1
"cdpvs p0, 0, c0, c1, c0, 0",1
"muleq r0, r6, r5",1
"andeq r4, r3, r8, lsl ip",1
"eorseq r4, r1, r0, lsl 8",1
"movteq r1, 0x1800",1
invalid,1
"andsls r0, sp, r0",1
"smlatbeq r0, pc, r0, r0",1
"andeq r0, r0, r7, lsl ip",1
"cmpeq r1, sl, lsl r1",1
"andpl r1, r1, r1, lsr sl",1
"andeq r7, r0, r2, lsl 10",1
invalid,1
svcge 0xa00000,1
beq 0xfee095ac,1
"strvc r0, [r1, -0]",1
"ldrdeq r0, r1, [r0], -r1",1
"andeq r4, r3, r8, lsl ip",1
"eorseq r7, r1, r0, lsl 10",1
"movteq r1, 0x1800",1
"orrslo r0, r3, r0",1
"ldrgt r0, [sb], -0",1
"strne r0, [r0, -pc, lsr 1]",1
bne 0x9600,1
"mrslo r5, apsr",1
"subseq r0, r0, 0x80000006",1
"andeq r0, r0, r5, ror r0",1
"andeq r2, r3, ip, lsl lr",1
"adceq sp, pc, r0, lsl 16",1
"andeq sp, sl, r0",1
"ldcleq p1, c0, [ip], -0",1
"stmdane r0, {r1, r2}",1
"andeq r0, r0, ip, asr 6",1
"andeq r3, r0, r6, lsr 3",1
"andeq r4, r3, r8, lsl r1",1
"eorseq ip, r1, r0, lsl 8",1
"andlt r1, r8, r0, lsl 18",1
invalid,1
"tsteq sl, r0",1
bne 0xc49b54,1
"strvc r5, [r2, -1]",1
invalid,1
"andeq r0, r0, lr, lsr 6",1
"andeq fp, r0, ip, lsl r0",1
"andeq r0, r0, r8, ror 21",1
"strbeq r8, [lr], -r1, lsl 6",1
invalid,1
"strle r0, [r0, -r3]",1
"stmdane r0, {r0, r4, r5}",1
"andeq r0, r0, r1, asr 6",1
"strdeq r3, r4, [r0], -r5",1
"adcseq r4, r0, sb, lsl ip",1
"andeq r1, ip, r0, lsl 14",1
invalid,1
"tsteq sl, r1, lsl 2",1
"rsbseq r0, r5, r0, asr r2",1
"rsbseq r0, sp, sl, lsl r2",1
"andeq r7, r0, r2, lsl 12",1
invalid,1
"rsblt r0, r0, r0",1
bleq 0x9664,1
blhi 0x49668,1
"muleq r0, r7, r6",1
"andeq r4, r3, r8, lsl ip",1
"eorseq r0, r2, r0, lsl 16",1
"movteq r1, 0x1800",1
"eorlo r0, r6, 0",1
invalid,1
invalid,1
bne 0x96b8,1
"mrslo r5, apsr",1
"subseq r0, r0, 0x80000006",1
"andseq r0, sl, 0x75",1
invalid,1
"vstrvc s2, [r2, -0]",1
"rsbseq r0, r7, r0, lsl 4",1
"cdphs p0, 1, c0, c12, c0, 0",1
"andlt r0, r0, r3",1
"stmdane r0, {r4, r5, r7}",1
invalid,1
"muleq r6, r3, r7",1
"movteq r1, 0xc800",1
"eorslo r0, sb, 0",1
"tstmi r8, r0",1
"strpl r0, [r0, -r3]",1
"stmdbne r0, {r1, r4, r5}",1
"strdeq fp, ip, [r0], -r8",1
"andeq r0, r0, r7, lsl ip",1
"cmpeq r1, sl, lsl r1",1
"andpl r1, r1, r1, lsr sl",1
bne 0x26ae4,1
"andeq r7, r8, 2, 26",1
"andseq r0, sl, 0x76",1
"smlsdxvc r2, sp, r4, r0",1
"vstrvc s2, [r2, -0]",1
"rsbseq r0, r8, r0, lsl 4",1
"cdphs p0, 1, c0, c7, c0, 0",1
invalid,1
"strpl r0, [r0], -0xb0",1
"strheq r0, [r0, -r1]",1
"andeq r3, r7, r6, asr 14",1
"movteq r1, 0xce00",1
"movweq r0, 0x6000",1
"andeq ip, r0, r8, ror 4",1
"movteq r1, 0x189f",1
"rsblo r0, sl, 0",1
"andsne r0, sb, r0",1
invalid,1
bne 0x9754,1
"vcgt.u8 d5, d3, d1",1
"tsteq sl, r1, lsl 4",1
"stmdavs r3, {r1, r4, r6, r8, sl}",1
bne 0x9a3c,1
"mrslo r5, apsr",1
"rsbseq r0, sp, sl, lsl r2",1
"movwpl pc, 0x1303",1
invalid,1
blo 0x9a00,1
"stmdapl r0, {r2, r3}",1
bne 0x976c,1
"strlo r5, [r1, -0x201]",1
"ldrbeq r0, [r1, -0x11a]",1
"sbceq r7, r2, r3",1
"andpl r1, r1, r0, lsl 20",1
svcne 0x3001,1
"andeq sl, r0, r8, asr 28",1
"andeq r0, r0, sl, lsr ip",1
"andeq r0, r0, sb, ror r7",1
"cmpeq r2, sl, lsl r1",1
invalid,1
"rsbsgt r0, r4, 0x14000000",1
"tsteq sl, r0",1
"eorseq r0, r0, r0, asr r1",1
"adceq r5, lr, pc, lsl r0",1
"andeq r5, ip, r0, lsl 24",1
"andeq r8, r7, r0, lsl 26",1
invalid,1
"andeq r7, r0, r2, lsl 10",1
"adceq sb, lr, pc, lsl r4",1
"andeq r3, ip, r0, lsl 20",1
"andeq sl, r7, r0, lsl 10",1
"andpl r1, r1, 0, 20",1
"tsteq sl, r1, lsl 10",1
"eorseq r0, r0, r0, asr r1",1
"adceq pc, lr, r0, lsr 16",1
"andeq r7, ip, r0, lsl 20",1
svcge 0x81f00,1
"ldceq p0, c0, [sl], -0",1
"strbeq r0, [0x000097c4]",1
"tsteq sl, r0",1
bne 0xd49d14,1
"movweq r5, 0x5101",1
"andeq ip, r0, r0, asr 6",1
"cmpeq r0, sl, lsl r1",1
"ldrlo r0, [pc], -0x30       ; [0x97dc:4]=0xf000000c",1
blo 0x9a9c,1
invalid,1
bne 0x9804,1
"strlo r5, [r1, -0x201]",1
"ldrbeq r0, [r1, -0x11a]",1
"sbceq r5, r3, r3",1
"andpl r1, r1, r0, lsl 20",1
svcne 0x3001,1
"andeq sl, r0, r8, ror 30",1
"andeq r0, r0, sl, lsr ip",1
"andeq r0, r0, r1, lsl r8",1
"cmpeq r2, sl, lsl r1",1
invalid,1
invalid,1
"tsteq sl, r0",1
"eorseq r0, r0, r0, asr r1",1
"adceq sl, pc, pc, lsl r0",1
"andeq r3, ip, r0, lsl 20",1
"andeq r3, r8, r0, lsl 4",1
"andpl r1, r1, 0, 20",1
"tsteq sl, r1, lsl 10",1
"strhi r0, [r3], -0x551",1
bne 0x9b44,1
"andlo r5, r1, r1",1
svcge 0xd81f00,1
"ldceq p0, c0, [sl], -0",1
invalid,1
"tsteq sl, r0",1
bne 0xd49d98,1
"movweq r5, 0x5101",1
"andeq ip, r0, r4, lsr 7",1
"cmpeq r0, sl, lsl r1",1
invalid,1
blo 0x9b24,1
"strvc r0, [r0], -0xc",1
bne 0x988c,1
"strlo r5, [r1, -0x201]",1
"ldrbeq r0, [r1, -0x11a]",1
"sbceq ip, r3, r3, lsl 16",1
"andpl r1, r1, r0, lsl 20",1
svcne 0x3001,1
"andeq fp, r0, r0, rrx",1
"andeq r0, r0, sl, lsr ip",1
"muleq r0, r5, r8",1
"cmpeq r2, sl, lsl r1",1
invalid,1
"mvnsgt r0, 0x14000000",1
"tsteq sl, r0",1
"eorseq r0, r0, r0, asr r1",1
"adcseq fp, r0, sb, lsl r0",1
"andeq r3, ip, r0, lsl 20",1
"andpl r1, r1, 0, 20",1
"tsteq sl, r1, lsl 10",1
invalid,1
bne 0x9bc8,1
"andlo r5, r1, r1",1
"streq r0, [r8], -0",1
"strheq r0, [r0], -sb",1
"andeq r1, r3, lr, lsl 6",1
"movwhs r1, 0x1400",1
invalid,1
"ldrhlt r0, [r4, -0x14]",1
"orrslt r0, r4, r0",1
"addlo r0, r8, 0",1
"movwmi r0, 0x1000",1
"strne r0, [r0, -9]",1
"andeq r0, r0, r5, asr 23",1
"cmpeq sb, 0x1000000",1
"adcslo r0, r4, 0",1
"ldrls r0, [r5, -0]",1
invalid,1
"strheq r1, [r3], -r5",1
"eorseq sp, r2, r0, lsl 10",1
bleq 0xfe34ed04,1
"strlt r0, [r1, -0]",1
"andeq r0, r0, r3, lsl r3",1
"strdeq r3, r4, [r0], -r6",1
"andeq lr, fp, r5, lsl sl",1
invalid,1
"strne r0, [r0, -r3]",1
invalid,1
"andeq r0, r0, r8, asr 22",1
"ldmeq r3!, {r0, sb, sl, ip, sp, pc}",1
invalid,1
bleq 0x1191d30,1
invalid,1
"andeq r0, r0, r7, asr r0",1
"andeq r3, r0, r8, lsr r3",1
"adcseq r8, r1, sb, lsl ip",1
"andeq r7, r3, r0, lsl 30",1
"vstrvc s2, [r2, -0]",1
"rsbseq r0, r5, r0, lsl 4",1
invalid,1
"andeq r0, r0, r1, lsl 24",1
"mrseq ip, apsr",1
"muleq r0, pc, sb",1
"andeq ip, fp, r2, lsl r5",1
"stmibpl r4, {r8} ^",1
"andne r0, r0, 3",1
"muleq r0, r5, fp",1
"tsteq r3, 0x400000",1
"ldchi p0, c0, [r2, -0]",1
invalid,1
"andeq r1, r3, r5, asr 7",1
bleq 0xffa8e180,1
"strgt r0, [r1], -r0",1
"andeq r0, r0, r3, lsl r3",1
"andeq r4, fp, r2, lsl r8",1
"stclmi p1, c0, [r6], {0}",1
"movwhs r0, 0",1
"andeq r0, r0, r6, asr 22",1
"subseq ip, r7, r1, lsl 16",1
"stcgt p0, c0, [r3], -0",1
invalid,1
"andeq sb, sb, sb, asr 31",1
"movwne r0, 0xc000",1
svcge 3,1
"stceq p0, c0, [r0, -0x24]",1
"andeq r0, r0, sb, asr 1",1
invalid,1
"strls r0, [r0], -9",1
"stmdals r0, {r0, r4, r5, r7}",1
invalid,1
invalid,1
"andeq r0, r0, r5, lsl sl",1
"andeq r5, sb, r8, lsl r1",1
"eorseq r8, r3, r0, lsl 6",1
"ldmdbeq ip, {fp, ip} ^",1
invalid,1
"ldrvs r0, [r8, -r0]",1
blle 0x9a0c,1
"stmdane r0, {r0, r1, r4, r5}",1
"andeq r0, r0, r2, ror sb",1
"andeq r3, r0, r7, lsl 8",1
"andeq r7, sb, r8, lsl sp",1
"eorseq r3, r4, r0, lsl 6",1
"stmibeq r8, {r8, sl, sp}",1
"ldrblo r0, [r5, -0]",1
invalid,1
"andeq r0, r0, 9",1
"mulspl sb, r1, r0",1
svcvc 0xb2,1
bne 0x9a24,1
"andeq r7, r0, 2, 26",1
"muleq r0, r1, r8",1
"sbcseq r0, lr, r4, lsl r1",1
"movw r0, 0x1000",1
"adcseq sb, r2, r1, lsl 16",1
"adcseq fp, r3, r0",1
"eorseq r3, r6, r0, lsl 10",1
beq 0xff949e38,1
"ldrgt r0, [r5, -0]",1
invalid,1
"andeq r5, r3, r3, ror 19",1
"eorseq r6, r6, r0, lsl 28",1
bleq 0xfe54ee4c,1
"str r0, [r1], -0",1
"andeq r0, r0, r3, lsl r3",1
"muleq r0, sl, r6",1
"andeq r8, fp, r5, lsl sp",1
invalid,1
"strgt r0, [r0], -r3",1
invalid,1
"andeq r0, r0, sl, ror 23",1
"tsteq r3, 0x400000",1
invalid,1
"stmdami r7!, {r2, r3, r4, r5, r6, r8, sb, ip}",1
invalid,1
"andeq r4, r0, r7, ror 25",1
"ldcmi p2, c0, [r1], {0}",1
"andeq r4, sb, r8, lsr 6",1
"adcseq sl, r2, r0, lsl 8",1
"andeq r3, fp, r0",1
"stmne sl!, {r8} ^",1
"andeq r0, r0, sp, ror sb",1
"strdeq r3, r4, [r0], -r2",1
"andeq r7, sb, lr, lsl r2",1
"ldcvs p2, c0, [r1], {0}",1
"andeq r6, sb, r8, lsl r7",1
"eorseq r0, r8, r0, lsl 16",1
"ldmdbeq ip, {fp, ip} ^",1
invalid,1
"tstpl r8, r0",1
"andvs r0, r0, sb",1
"stmdbhs r0, {r3, r4, r5}",1
"andeq r0, r0, r8, asr fp",1
"andeq r8, sb, r5, lsr 16",1
"eorseq r8, r8, r0, lsl 24",1
"ldmibeq r3, {sb, sl, sp}",1
invalid,1
invalid,1
"cmneq pc, 0",1
"tsteq sl, r0",1
"ldcvs p3, c0, [r1], {0x53}",1
"vstrvc s2, [r2, -0x18]",1
"addsmi r0, r1, r0, lsl 4",1
"andeq r0, r0, r0",1
bleq 0x1409f44,1
svc 0x10000,1
"adcseq fp, r3, r1",1
"adcseq r3, r4, r0, lsl 8",1
"eorseq r6, sb, r0, lsl 24",1
bleq 0xff809f08,1
svcpl 0x1c0000,1
"strgt r0, [r0], -3",1
"strhhi r0, [r0], -r3",1
invalid,1
"strdeq r3, r4, [fp], -r5",1
"cmneq r2, 0, 16",1
invalid,1
"ldrle r0, [sb], -0",1
"strhi r0, [r0, -0xb3]",1
bne 0x9b60,1
"movweq r5, 0x5201",1
"ldrdeq ip, sp, [r0], -r4",1
"cmpeq r0, sl, lsl r1",1
invalid,1
"andeq r0, r0, pc, asr r3",1
"andeq fp, r0, r4, ror 7",1
"muleq r0, r8, fp",1
bleq 0x1cc8754,1
"andsvc r0, r8, 0",1
bge 0x9b64,1
"stmdbne r0, {r0, r3, r4, r5}",1
"strdeq fp, ip, [r0], -r8",1
"andeq r0, r0, r5, lsl 25",1
"ldrbeq r0, [r3, -0x11a]",1
"sbceq r5, r0, r3, lsl 8",1
"andpl r1, r1, 0, 20",1
"subgt r0, r4, r5, lsl 6",1
"tsteq sl, r0",1
"eorseq r0, r1, r0, asr r1",1
"biclt r1, r4, 0, 30",1
"ldceq p0, c0, [sl], -0",1
bleq 0xfe4c9b88,1
"tsteq sl, r0",1
bne 0xd4a0d8,1
"movweq r5, 0x5101",1
"strheq ip, [r0], -ip",1
"cmpeq r0, sl, lsl r1",1
"ldr r0, [pc], -0x30         ; [0x9ba0:4]=0xb400000c",1
blo 0x9e70,1
"strlt r0, [r0], -0xc",1
bne 0x9bd8,1
"strlo r5, [r1, -0x201]",1
"ldrbeq r0, [r1, -0x11a]",1
"sbceq lr, r4, r3, lsl 24",1
"andpl r1, r1, r0, lsl 20",1
svcne 0x3001,1
"andeq fp, r0, r8, lsl 8",1
"andeq r0, r0, sl, lsr ip",1
"ldrdeq r0, r1, [r0], -r5",1
"cmpeq r2, sl, lsl r1",1
invalid,1
"strgt r0, [r0, -0x305]",1
"tsteq sl, r0",1
"eorseq r0, r0, r0, asr r1",1
"adcseq r1, r4, sl, lsr 16",1
"mrrceq p1, 0, r0, ip, c0",1
blhs 0x9bec,1
"strdeq r0, r1, [r0], -sl",1
"rsceq sl, r7, 0x60000",1
"mrseq r0, apsr",1
"andeq r1, r4, fp, lsr 24",1
"str r0, [sb, r0, lsl 12]!",1
invalid,1
"sbcseq r0, r6, r1, lsl 24",1
invalid,1
"eoreq r0, ip, r0",1
"andeq sp, fp, fp, lsr 8",1
"eorne r0, r2, 0, 18",1
invalid,1
bleq 0xffe8d424,1
invalid,1
"andeq r0, r0, r0, lsl ip",1
invalid,1
invalid,1
"andeq r0, r0, sl, lsr ip",1
"andeq r5, r3, lr, lsr 18",1
"addeq r2, ip, r0, lsl 28",1
invalid,1
"movwne r0, 3",1
bpl 0x55048,1
beq 0x9c58,1
"sbcseq r0, r0, r3, lsr r1",1
invalid,1
"cdphs p0, 0, c0, c0, c12, 0",1
"andeq r0, r0, r3, lsl r3",1
"andeq r1, r3, lr, lsr 6",1
"addeq r2, ip, r0, lsl 28",1
svchs 0,1
"andeq sl, r2, r1, lsl 8",1
"sbcseq r0, r6, 0, 12",1
"andeq r8, r0, r1, lsl 24",1
"ldcleq p1, c0, [sl], -0",1
invalid,1
"cdphs p0, 0, c0, c0, c3, 0",1
"andeq r0, r0, sb, asr r3",1
"stmdbgt r1, {ip, sp}",1
bleq 0x9c9c,1
invalid,1
"rscseq r0, r6, r1, lsr r1",1
"strpl r0, [r2, -r0]",1
"andeq r8, r0, r1, lsl 24",1
"stchi p1, c0, [lr], -0",1
"cdphs p0, 0, c0, c0, c0, 0",1
"andeq r0, r0, r3, lsl r3",1
"mcreq p0, 0, r0, c0, c3, 0",1
"andeq r0, r0, 3",1
"andeq ip, pc, r0, lsl 4",1
"cdpeq p4, 0, c0, c1, c0, 0",1
invalid,1
"andeq r0, r0, r2, lsr ip",1
"andeq r0, r0, sb, lsr 2",1
"muleq r0, r0, r0",1
"strpl r0, [r3], -0x402",1
invalid,1
"ldrdeq r2, r3, [r0], -r5",1
"streq r0, [r4, -r0, lsl 8]",1
"andeq r0, r0, r4, lsr 32",1
invalid,1
"streq r0, [r0], -0",1
"eorseq r0, pc, r2, lsl 14",1
"streq r0, [r4], -0",1
"andeq r1, r0, r7, lsl 30",1
"streq r0, [r1], -r0, lsl 8",1
"andeq r0, r0, r3, lsr r0",1
blgt 0x14a50c,1
"streq r0, [r0, -0]",1
"cdpvs p5, 6, c0, c9, c4, 0",1
"stmdaeq r4, {r2, r4, r5, r6}",1
"andeq r0, r0, r5",1
"streq r0, [r8, -r0, lsl 8]",1
"andeq r0, r0, sl, lsl r0",1
"andeq r8, r2, r3, lsl 20",1
blpl 0xdca51c,1
"movweq r0, 0",1
"ldrdeq r0, r1, [r0], -fp",1
"rsbseq r8, pc, r2, lsl 24",1
"streq r0, [r4], -0",1
"andeq r0, r0, r5, lsl 10",1
"sbcseq r0, r1, 0, 6",1
"stchi p0, c0, [r2, -0]",1
"andeq r0, r0, sb, rrx",1
"strle r0, [r7, -0x404]",1
"streq r0, [r0], -r0",1
"andeq sb, r0, r4, lsl 28",1
"stmdaeq r1, {sl}",1
"andeq r0, r0, sl, lsr r0",1
"andeq pc, r1, r7, lsl 28",1
invalid,1
"andeq r0, r0, r0, ror 4",1
"andeq pc, r6, r8, lsl 4",1
"ldrbtpl r0, [r7], 0x300",1
"andeq r0, r0, 0",1
"andmi r0, r8, r3, lsr 32",1
"movweq r0, 2",1
"strdeq sb, sl, [r0], -ip",1
"strteq r0, [r3], -0x200",1
"andeq sb, r1, r8",1
"ldmls sp!, {r8, sb} ^",1
"andeq r0, r0, 0",1
"andhs r0, r8, 0x230000",1
"movweq r0, 3",1
"strdeq sb, sl, [r0], -lr",1
"stceq p2, c0, [r3], -0",1
"andeq r2, r2, r8, lsl 16",1
"ldmls pc!, {r8, sb} ^",1
"andeq r0, r0, 0",1
"strvs r1, [sb], -0x23",1
"movweq r0, 1",1
"addseq r0, r8, r0, lsl 2",1
"movwhs r0, 0x2000",1
"sbceq r0, r3, 20, 18",1
"mrseq r0, apsr",1
"andeq sb, r0, r1, lsl 16",1
"stmdane r3!, {sb}",1
"andeq r7, r1, sb, lsl 4",1
"mrseq r0, lr_svc",1
"muleq r0, r8, r0",1
"ldmdbeq ip, {r1, r8, sb, sp}",1
"andeq r0, r0, r4, asr r2",1
"stmdals r1, {r0, r1, r8, sb}",1
"andeq r0, r0, 0",1
svclo 0x92023,1
"movweq r0, 3",1
"addseq r0, r8, r5, lsl 2",1
"movwhs r0, 0x2000",1
"rsceq r0, sl, 36, 18",1
"streq r0, [r3], -r0",1
"andeq sb, r0, r1, lsl 16",1
"stmdahs r3!, {sb}",1
"andeq r4, r1, sb, lsl 14",1
"mrseq r0, sp_und",1
"muleq r0, r8, r0",1
"stmdbeq ip!, {r1, r8, sb, sp}",1
"andeq r0, r0, r7, lsl 3",1
"cdpls p9, 0, c0, c1, c3, 0",1
"andeq r0, r0, 2",1
"movw r3, 0x9023",1
"movweq r0, 2",1
"adceq r0, r4, 0xc0000002",1
"movwhs r0, 0x2000",1
"tsteq r2, r4, lsr sb",1
"stceq p0, c0, [r3, -0]",1
"andeq r5, r0, r1, lsl 8",1
"stmdalo r3!, {sb}",1
"andeq r1, r3, sb, lsl 8",1
"tsteq r1, r0, lsl 6",1
"andeq r0, r0, r4, asr r0",1
"ldmdbeq ip!, {r1, r8, sb, sp}",1
"andeq r0, r0, sl, ror 1",1
"strvc r1, [r1], -0x303",1
"andeq r0, r0, 0",1
invalid,1
"movweq r0, 1",1
"eorseq r0, r8, r7, lsl r1",1
"movwhs r0, 0x2000",1
"teqeq r0, 68, 18",1
invalid,1
"andeq r4, r0, r1, lsl 12",1
"strtmi r0, [r3], -r0, lsl 4",1
"andeq r1, r2, sb, lsl 14",1
"tsteq sb, r0, lsl 6",1
"andeq r0, r0, sl, lsr 5",1
"stmdbeq r7, {r1, r8, sb, sp} ^",1
"strheq r0, [r0], -pc",1
blt 0x51298,1
"andeq r0, r0, 2",1
"cdp p8, 0, c4, c9, c3, 1",1
"movweq r0, 0",1
"addeq r0, r6, r6, lsr 2",1
"movwhs r0, 0x2000",1
"rsbeq r0, sp, 80, 18",1
svchs 0x30000,1
"andeq r1, r0, r1, lsl 26",1
"stmdapl r3!, {sb}",1
"andeq r2, r2, sb, lsl 2",1
"teqeq r0, r0, lsl 6",1
"andeq r0, r0, sp, lsl r0",1
"ldmdbeq ip, {r1, r8, sb, sp} ^",1
"andeq r0, r0, ip, ror r2",1
"stcne p1, c3, [r1, -0xc]",1
"andeq r0, r0, 0",1
"movwhi r6, 0x9023",1
"movweq r0, 2",1
"andseq r0, sp, r2, lsr r1",1
"movwhs r0, 0x2000",1
"subeq r0, sp, 100, 18",1
"movwlo r0, 0x3000",1
"andeq r1, r0, r1, lsl 30",1
"stmdavs r3!, {sb}",1
"andeq r1, r3, sb, lsl 24",1
"teqeq r5, r0, lsl 6",1
"andeq r0, r0, r4, asr r0",1
"stmdbeq ip!, {r1, r8, sb, sp} ^",1
"andeq r0, r0, r7, lsr r2",1
"andgt r3, r1, r3, lsl 14",1
"andeq r0, r0, 2",1
beq 0x25f98,1
"andeq r0, r0, r4, ror 6",1
invalid,1
invalid,1
"addseq sl, lr, 0xc0000000",1
"strvs r0, [r8, -r0]",1
"movweq r0, 2",1
"andeq sb, r2, r2, lsr 29",1
"eoreq r0, r3, r0, lsl 4",1
"andeq pc, r1, r8, lsl 16",1
"strtge r0, [r3], 0x300",1
"andeq r0, r0, 2",1
"stcle p4, c0, [r8, -0x8c]",1
"movweq r0, 1",1
"andeq r5, r0, r7, lsr 9",1
"stmdaeq r3!, {sb}",1
"strvs r0, [r4, -r0, lsl 12]",1
"streq r0, [r0], -r2",1
"andeq sl, r0, r4, lsl 10",1
"addseq r0, lr, r0, lsl 22",1
"adcseq r0, sl, 0",1
invalid,1
"andeq r0, r0, r0",1
"andvs r0, r4, r0, lsl 12",1
bleq 0x9f74,1
"muleq r0, lr, r0",1
"ldrdeq r0, r1, [r0], -r0",1
"andeq sb, r0, ip, lsl 2",1
"stceq p7, c2, [r0, -0]",1
"strdeq r0, r1, [r0], -sl",1
"adceq sl, r4, 4, 16",1
"mrseq r0, apsr",1
"andeq r1, r4, sp, lsl 24",1
"strtge r0, [sb], 0x400",1
invalid,1
"addseq r0, lr, r1, lsl 22",1
"rscseq r0, sl, 0",1
invalid,1
"cdphs p0, 0, c0, c0, c0, 0",1
bleq 0xff50d7a8,1
bne 0x149fac,1
"andeq r0, r0, ip, lsl 6",1
"andmi r0, r3, r1, lsl 10",1
svceq 0xc5,1
"andeq r0, r0, sl, ror 5",1
"andeq sp, r8, r0, lsl 6",1
"stmdavc r0, {sb}",1
"streq r0, [r0], -0x10",1
"andeq r0, r0, r1, lsl 28",1
"stcleq p1, c0, [sb], -0",1
invalid,1
"ldrtlt r0, [r4], -0",1
"ldrblt r0, [r0, -r0]!",1
"mrsne r0, spsr",1
"streq r0, [r2], -0",1
"strbtvc r6, [lr], -0x905",1
"cmpeq r4, r0, lsl 6",1
"strle r0, [r6, -0]",1
"andeq r0, r0, r7, lsr r0",1
"strhs r0, [r7], -0x404",1
"streq r0, [r0], -0",1
"eorseq r0, r1, r1, lsl 16",1
"andeq r0, r4, 0",1
"andeq r3, r0, r7, lsl 30",1
"streq r0, [r4, -r0, lsl 8]",1
"andeq r0, r0, pc, lsl r0",1
"movwlo r0, 0x6104",1
"streq r0, [r0], -0",1
"sbceq r0, fp, r2, lsl 10",1
invalid,1
"andeq r0, r0, r5",1
"streq r0, [r8, -r0, lsl 8]",1
"andeq r0, r0, sl, lsl r0",1
"streq r0, [r5, -0x404]",1
"streq r0, [r0], -0",1
"sbcseq r0, r5, r4, lsl 14",1
"streq r0, [r5], -0",1
"addeq r0, r5, r6, lsl 8",1
invalid,1
"andeq r3, r0, r8, lsl 20",1
"andls r0, r4, 0, 12",1
"streq r0, [r0, -r0]",1
"andeq r0, r0, r5, lsl 1",1
"addseq r0, sp, r6, lsl 8",1
invalid,1
"ldcge p2, c0, [0x0000a050]",1
beq 0xa064,1
"andeq r0, r0, r7, ror ip",1
"mrseq r0, apsr",1
"andeq r0, r0, fp, ror 16",1
"stcvc p12, c4, [r1, -0xc]",1
"movweq r0, 0",1
"andeq lr, r0, r1, lsl 4",1
"strbteq r0, [r0], r0, lsl 24",1
invalid,1
"andeq r0, r0, sp, ror r0",1
"andeq r0, sb, ip, lsl 28",1
"strbhs r0, [ip, -0x300]",1
invalid,1
"andeq r0, r0, r6, ror 12",1
"eoreq r4, ip, r3, lsl 24",1
bleq 0xa0a0,1
"andeq r8, ip, r1, lsl 14",1
"teqeq r0, r0, lsl 6",1
"andeq r0, r0, sp, ror r0",1
"tsteq r7, r3, lsl 2",1
"and r0, ip, r0",1
"movweq r0, 6",1
"andeq r7, r0, r0, lsr sp",1
"mrrceq p12, 0, r0, sl, c0",1
"andlo r0, r3, r0",1
"muleq r0, r7, r0",1
"andeq r6, r6, ip, lsl 12",1
"ldchs p3, c0, [r0], -0",1
"andeq r0, r0, r0",1
"stceq p1, c0, [lr], {0xd}",1
"movwlt r0, 0x1000",1
"andeq r7, r0, r1, lsl 26",1
"cmpeq sp, r0, lsl 6",1
"andvc r0, lr, r0",1
"ldcvc p1, c0, [r3, 0]!",1
"cdpeq p0, 0, c0, c0, c0, 0",1
invalid,1
"strheq r5, [r1], -r3",1
"rsbseq r0, r3, r0, lsl 28",1
"eoreq fp, ip, r1, lsl 6",1
"cdpvs p0, 0, c0, c15, c0, 0",1
"ldchs p1, c0, [r5], 0",1
"andne r0, r0, r0",1
svclt 0x10411,1
"andeq fp, ip, sl, lsl 6",1
"andeq ip, r0, r0",1
"streq r0, [r6], -0",1
"andeq r0, r0, ip, lsr 32",1
"ldrbeq r0, [r3, -0x10d]",1
"strhs r0, [r2, -r0]",1
"andeq r7, r0, r1, lsl 26",1
"orreq r0, r8, r0, lsl 2",1
"cdpvs p0, 0, c0, c14, c0, 0",1
"stchs p2, c0, [r7], -0",1
svceq 0,1
"stmdbhs r2, {r4, r5, r6}",1
"andeq r0, r0, sp, ror r0",1
"andvs r1, r1, r0, lsl 4",1
invalid,1
"rsbseq r0, sp, r7, ror 2",1
"ldrtlt r0, [r4], -0",1
"ldrbtlt r0, [ip], -0",1
invalid,1
beq 0x4a160,1
"movwne r0, 2",1
"strvs r0, [r1, -lr, rrx]",1
"andeq r0, r0, ip, lsr 32",1
"andeq r3, r0, r8, ror 19",1
invalid,1
"andeq r2, r0, r7, ror 24",1
"eorseq r1, sl, r0, lsl 8",1
invalid,1
"ldrblt r0, [r4], -0",1
"ldrbtlt r0, [r4], -0",1
blvs 0x4a18c,1
"andeq r0, r0, r0, lsl 4",1
"andeq r7, r1, r5, lsl r5",1
"eorseq r3, sl, r0, lsl 4",1
"ldrblt r1, [r4], -0x600",1
"ldrbtlt r0, [r4], -0",1
"cdpvc p0, 1, c0, c7, c0, 0",1
"strmi r0, [r0, -1]",1
"stmdane r0, {r1, r3, r4, r5}",1
"andeq fp, r0, ip, asr r4",1
"andeq r0, r0, fp, lsl 16",1
"subseq r0, r0, 0x40000006",1
"andeq r0, r0, r4, ror r0",1
"ldrbtlt r1, [ip], -0xa00",1
invalid,1
"stceq p0, c0, [r0, -0]",1
"andeq r0, r7, r1, lsl 4",1
"teqeq r3, r0, lsl 4",1
"andeq r0, r0, sp, ror r0",1
"andeq r2, r2, r1, lsl 30",1
"rsbseq r0, r0, r0, lsl 28",1
"rsbseq r3, sp, r2, lsl 6",1
"cdpvs p0, 0, c0, c14, c0, 0",1
"ldchs p2, c0, [r3], -0",1
"andeq r0, r0, r0",1
"stceq p1, c0, [r1], 0x48",1
"strvc r0, [r1], -0",1
"andeq r7, r0, r1, lsl 26",1
"adcseq r7, r4, r0, lsl 24",1
"adcseq pc, r4, r0, lsl 16",1
"eorseq r5, sl, r0, lsl 16",1
"sbceq r0, r7, 0, 2",1
"andsvc r0, r3, r0",1
"ldclvc p1, c0, [r4, -0]!",1
invalid,1
"movwne r0, 0x3a",1
"strvc r0, [r1], -0x6e",1
"andeq r0, r0, ip, lsr 32",1
"andeq r3, r0, ip, lsr 21",1
invalid,1
"andeq r2, r0, r4, ror ip",1
"eorseq ip, sl, r0, lsl 20",1
"andeq r1, sl, 0, 22",1
"strtlt r0, [r0], 0",1
bleq 0xfec0a23c,1
invalid,1
"strheq r0, [r0], -sp",1
"andeq r2, r2, r5, lsl r5",1
"eorseq pc, sl, r0, lsl 12",1
"andseq r1, ip, 0, 10",1
bllo 0x64a254,1
invalid,1
"mcrhs p0, 0, r0, c0, c4, 5",1
"movwlt r0, 8",1
"stmdbne r0, {r1}",1
"strvc r5, [r2], -0x101",1
"andpl r1, r1, r0, lsl 18",1
"andeq r7, r0, r2, lsl 12",1
"adcseq lr, r4, sl, lsl ip",1
"andeq r4, r8, r0, lsl 24",1
invalid,1
"strhs r0, [r0], -0xb4",1
"andeq r0, r0, r8",1
"andeq r1, r1, sp, lsl r7",1
"adcseq pc, r4, r0, lsl 16",1
"adcseq sl, r5, r0",1
"eorseq r4, fp, r0, lsl 4",1
invalid,1
invalid,1
"andvs r0, r0, 1",1
"strne r0, [r0, -0x3b]",1
"andeq r0, r0, r2, lsr r1",1
"muleq r0, r6, fp",1
"andeq r3, r1, r5, lsl ip",1
"eorseq ip, fp, r0, lsl 20",1
invalid,1
invalid,1
beq 0x6ca2c0,1
invalid,1
"stmdagt r0, {r0, r2, r4, r5, r7}",1
invalid,1
"ldrdeq r5, r6, [r3], -r1",1
"eoreq r1, r5, 0, 10",1
"mcrrlo p0, 0, r0, r3, c0",1
invalid,1
invalid,1
invalid,1
"andeq fp, r0, r4, asr 10",1
"andeq r0, r0, lr, lsr 16",1
"andeq r0, r0, r0, asr 6",1
"subseq r0, r1, 0x40000006",1
"tsteq sb, r5, ror r0",1
"rsbseq r0, r7, r0, asr r2",1
"ldrlt r1, [r4, 0x800]",1
invalid,1
"tsteq sb, r0",1
"rsbseq r0, r7, r0, asr r2",1
invalid,1
"strhhi r0, [r0], -r5",1
bne 0xa5ec,1
"andeq fp, r0, r0, ror 10",1
"andeq r0, r0, r4, lsr 16",1
"movwmi r1, 0x1f00",1
invalid,1
"ldrsbteq r0, [pc], -0x1a    ; [0xa32c:4]=0xb5c80000",1
"strlt r0, [r0, 0]!",1
"strblt r0, [r8]",1
"stclo p0, c0, [r6], 0",1
invalid,1
"movwne r0, 3",1
ble 0x4a4fc,1
"andeq r0, r0, ip, lsr 32",1
"andeq r3, r0, r6, asr 25",1
"andeq r6, r1, r0, lsr 6",1
"adcseq sl, r5, r0, lsl 16",1
"adcseq ip, r5, r0, lsl 16",1
"ldrbne r0, [ip, 0x100]",1
"andeq r0, r0, r5, ror r1",1
"andeq r3, r0, r4, ror 25",1
"adcseq sl, r5, r6, lsl r8",1
"adcseq ip, r5, r0, lsl 16",1
"cmneq lr, r0, lsl 14",1
"stclo p0, c0, [r2, -0]",1
invalid,1
bleq 0xa650,1
"stcgt p0, c0, [r0, -0x20]",1
"stmdbne r0, {r0, r1}",1
"strvc r5, [r2], -1",1
invalid,1
"strhs r0, [r0], -0xb5",1
"andeq r0, r0, r8",1
invalid,1
"stmdagt r0, {r0}",1
invalid,1
"strne r0, [r0, -0xb5]",1
invalid,1
"andeq r0, r0, pc, lsl r4",1
"andeq r7, r1, r5, lsl r5",1
"eorseq r3, sp, r0, lsl 10",1
"cmneq lr, r0, lsl 14",1
"ldcllo p0, c0, [r3, -0]",1
"ldrle r0, [ip], -0",1
bleq 0xa698,1
"strne r0, [r0, -8]",1
"stmdbne r0, {r2}",1
"strvc r5, [r2], -1",1
invalid,1
"strhs r0, [r0], -0xb5",1
"andeq r0, r0, r8",1
"andeq r0, r2, r1, lsr 20",1
"adcseq pc, r5, r0",1
"adcseq r3, r6, r0, lsl 24",1
"eorseq r6, sp, r0, lsl 12",1
"ldrbteq r0, [r5], -0x100",1
invalid,1
"strhi r0, [r0], -r2",1
"strne r0, [r0, -0x3d]",1
"andeq r0, r0, r5, lsr 4",1
"andeq r3, r0, fp, asr 27",1
"adcseq r1, r6, ip, lsl r4",1
"andeq r2, r8, r0, lsl 28",1
"andeq r6, r4, r0, lsl 4",1
"mrspl r1, apsr",1
"stmdbne r0, {r1, sl, ip, sp, lr}",1
"vhadd.u8 d5, d3, d1",1
bne 0x1e424,1
"andeq fp, r0, r0, lsr r6",1
"andeq r0, r0, r4, lsr 16",1
"adcseq r3, r6, sl, lsl r4",1
"andeq r4, r8, r0, lsl 24",1
"tsteq pc, r0",1
"andeq r0, r0, r0, asr ip",1
"vstrvc s8, [r1, -8]",1
invalid,1
"strge r0, [r0], -0xb6",1
invalid,1
invalid,1
"andeq r0, r0, sb, lsr r5",1
"andeq r7, r0, 0x13",1
"andeq r7, r0, sl, asr 26",1
"eorseq r1, lr, r0, lsl 30",1
"cdpvs p3, 7, c1, c0, c0, 0",1
"stclpl p2, c0, [sl, -0]",1
"strvs r0, [r0], -1",1
"andhs r0, r0, 0x3e",1
"andeq r0, r0, r7, lsl r1",1
"andeq fp, r0, ip, lsr r6",1
"andeq r0, r0, r8, ror 23",1
"andslo r4, r5, 0x200",1
"strvs r0, [r0], -1",1
"strne r0, [r0, -0x3e]",1
"andeq r0, r0, sb, lsr 2",1
"andeq r3, r0, pc, lsl lr",1
"andeq r0, ip, r3, lsr 32",1
invalid,1
"cdplo p0, 9, c0, c14, c0, 0",1
"stclo p0, c0, [r4], -0",1
invalid,1
"andeq r0, r2, fp, lsl sl",1
"adcseq r6, r6, r0",1
"andeq r1, ip, r0, lsl 16",1
"ldclhs p1, c0, [r1]",1
"strne r0, [r0, -5]",1
"andeq r0, r0, r5, lsr 4",1
"andeq r3, r0, ip, ror 29",1
"andeq r1, r2, r5, lsl ip",1
"eorseq r0, pc, r0, lsl 20",1
"ldrbtlt r1, [r8], -r0, lsl 24",1
invalid,1
"streq r0, [r3, -0]!",1
"tsteq sb, r0",1
"rsbseq r0, r4, r1, asr r2",1
"cmpeq r0, 0x40000006",1
"ldrsheq r0, [r0], -0x13",1
"adcseq sb, r6, sl, lsl r8",1
"andeq r4, r8, r0, lsl 24",1
"ldrhi r0, [sl], -0",1
"strhs r0, [r0], -0xb6",1
"andeq r0, r0, r8",1
"tsteq pc, r0",1
"andeq r0, r0, r8, asr 24",1
"stcvc p4, c5, [r1, -8]",1
"strge r0, [r0], -0",1
"stmdale r0, {r1, r2, r4, r5, r7}",1
"strhmi r0, [r0, -r6]",1
invalid,1
"andeq r0, r0, r6, ror 11",1
"andeq r7, r0, 0x4c000000",1
"andeq r2, r0, r4, asr ip",1
"eorseq r6, pc, r0, lsl 2",1
invalid,1
"strtlt r0, [ip], r0",1
"ldceq p0, c0, [r8], -0",1
"strpl r0, [r2], -r0",1
"andeq r0, r0, sp, lsr 11",1
"andeq r7, r1, r5, lsl r5",1
"eorseq r7, pc, r0, lsl 30",1
"mrrceq p3, 0, r2, r0, c0",1
"cdpvc p0, 1, c0, c7, c0, 0",1
"stcls p0, c0, [r0, -4]",1
invalid,1
"strheq fp, [r0], -r0",1
"andeq r0, r0, fp, lsl 16",1
"andeq r0, r0, r2, lsr 11",1
"subseq r0, r0, 0x40000006",1
bne 0xa730,1
"ldrdeq fp, ip, [r0], -r8",1
"andeq r0, r0, r4, lsr 16",1
"stcge p0, c0, [r2, -0]!",1
invalid,1
"stmdavs r0, {r1, r2, r4, r5, r7}",1
"andeq r0, r0, 0xc",1
"sbcseq r1, r6, r6, asr r5",1
svclo 0xbb0000,1
blgt 0x54a584,1
"cdpgt p0, 0, c0, c0, c0, 0",1
"strhs r0, [r0, -0x3f]",1
"andeq r0, r0, r0, asr 1",1
"adcseq sp, r6, r6, lsr 8",1
"stmdaeq r1!, {r8} ^",1
"tsteq sb, r0",1
"rsbseq r0, r4, r2, asr r2",1
svcne 0,1
"andeq sl, ip, r1, lsl 22",1
"cmpeq sp, r0, lsl 4",1
"andeq r0, r0, sp, ror r0",1
"ldrdeq fp, ip, [r0], -r8",1
"andeq fp, r0, ip, ror 13",1
"andeq r3, r0, r2, ror 31",1
"andeq r5, r6, r1, lsl 2",1
"rsbeq r1, lr, r0, lsl 6",1
"eoreq r5, ip, r2, lsl 26",1
"andmi r0, r2, r0",1
"tstvc r3, 0",1
"mrrchs p2, 0, r0, sp, c0",1
"movwhs r0, 0",1
"strhs r0, [r0, -r0, asr 32]",1
svcpl 0x20070,1
"andeq r0, r0, sp, ror r0",1
"andeq r4, r0, r4, asr 32",1
"adcseq lr, r6, ip, lsl r0",1
"andeq r8, r8, r0, lsl 4",1
"andeq r4, r6, r0, lsl 14",1
"mrspl r1, apsr",1
invalid,1
"cmpeq r0, 0x40000006",1
"ldrsheq r0, [r0], -0x13",1
"adcseq lr, r6, sl, lsl ip",1
"andeq r2, r8, r0, lsl 8",1
"mrseq r0, apsr",1
"andeq r0, r0, r5, lsr r8",1
"stcvc p15, c6, [r1, -8]",1
invalid,1
"andeq r0, r0, r6, ror r6",1
"andeq r7, r0, 0xe",1
"andeq sb, r0, pc, ror 14",1
"rsbseq r0, r3, r0, lsl 28",1
"eoreq r6, ip, r2, lsl 30",1
invalid,1
"andeq r0, r0, r1, asr r6",1
"andeq fp, r0, ip, ror 13",1
"andeq fp, r0, ip, lsr 14",1
"andeq r4, r0, r7, asr r0",1
"andeq r2, r7, r1, lsl 12",1
"strbteq r1, [r3], -r0, lsl 10",1
"rsbsmi r0, r7, r0",1
invalid,1
"strls r0, [r0, -6]",1
blne 0xa75c,1
"andeq r0, r0, r3, ror 2",1
"strdeq fp, ip, [r0], -r4",1
"andeq r0, r0, r0, lsl 25",1
"strbteq r7, [r7], r2, lsl 2",1
"ldrvc r0, [r5, -0]",1
"movwlt r0, 1",1
"movwhs r0, 0x40",1
"andeq r0, r0, r0, lsr 25",1
"andeq r7, r1, r7, lsl lr",1
"subeq sp, r0, r0, lsl 2",1
"strlt r1, [r0, -r0, lsl 24]",1
invalid,1
"ldrbeq r0, [ip], r0",1
"tsteq sb, r0",1
"rsbseq r0, r4, r0, asr r2",1
"strlt r1, [ip, -r0, lsl 20]!",1
invalid,1
"andeq r0, r0, r0",1
"andeq lr, r0, r2, lsr 4",1
"adcseq r1, r7, r0, lsl 16",1
"andeq ip, ip, r0",1
"ldrbne r0, [r1, -0x200]!",1
"andeq r0, r0, fp, lsl 2",1
"andeq r4, r0, pc, ror 1",1
"andeq r0, r1, r5, lsl r0",1
"subeq r0, r1, r0, lsl 4",1
"rscseq r2, r5, r0, lsl 10",1
invalid,1
"strheq r0, [r0, -r7]",1
"andeq r0, r0, r0, lsr 17",1
"subseq r0, r2, 0x40000006",1
"tsteq sb, r4, ror r0",1
"rsbseq r0, r5, r1, asr r2",1
svcne 0,1
"andeq sb, ip, r1, lsl 18",1
"cmneq r7, r0, lsl 4",1
"andeq r0, r0, pc, ror r0",1
"andeq fp, r0, ip, lsr 14",1
"andeq fp, r0, r0, ror r7",1
"andeq r4, r0, r5, lsl r1",1
"andeq r0, r8, r1, lsl 22",1
"stmdbeq r2!, {fp, sp} ^",1
"strvc r0, [r2, -r0]",1
"andeq r0, r0, ip, lsl 1",1
"andeq r4, r0, r5, lsr r1",1
"andeq r5, r6, fp, lsl r1",1
"adcseq r3, r7, r0, lsl 24",1
"andeq sp, ip, r0, lsl 16",1
blx 0x1e4af20,1
"stmdbhs r0, {r0, r1, r2}",1
"andeq r0, r0, ip, ror 12",1
invalid,1
invalid,1
"qdsubeq r1, r5, r3",1
"ldrlt r0, [ip, -r0]!",1
"ldcleq p0, c0, [r0], 0",1
invalid,1
"strheq r0, [r0], -fp",1
"andeq r7, r1, sb, lsr 10",1
"cmphs r4, 0, 2",1
"andeq r0, r0, r8, lsl 26",1
"andeq r7, r1, r7, lsl lr",1
"subeq r5, r1, r0, lsl 6",1
"strblt r1, [r4, -r0, lsl 24]",1
invalid,1
"ldreq r0, [r0, r0]!",1
"tsteq sb, r0",1
"rsbseq r0, r4, r0, asr r2",1
"ldrblt r1, [r0, -r0, lsl 20]!",1
invalid,1
"andeq r0, r0, r0",1
"andeq lr, r0, r2, lsr 4",1
"adcseq r5, r7, r0, lsl 24",1
"andeq r2, sp, r0",1
"ldrbne r0, [r1, -0x200]!",1
"andeq r0, r0, r0, lsl 2",1
"andeq r4, r0, r1, ror r1",1
"andeq pc, r0, r5, lsr 10",1
"mrseq r1, apsr",1
"orrmi r0, r4, r0",1
"stcvs p0, c0, [r6], -0",1
"strheq r0, [r0, -r7]",1
"andeq r0, r0, r0, lsr 17",1
"subseq r0, r2, 0x40000006",1
"tsteq sb, r4, ror r0",1
"rsbseq r0, r5, r1, asr r2",1
invalid,1
"andeq fp, r0, r8, lsr r7",1
"andeq r0, r0, r1, asr 17",1
"subseq r0, r0, 0x40000006",1
"andeq r0, r0, r5, ror r0",1
"stcleq p1, c0, [r2], -0xa8",1
invalid,1
"rsbseq r0, sp, r1, lsl 2",1
"strhs r0, [r1], -0",1
blhs 0xa7fc,1
"andeq r0, r0, ip, lsr 32",1
"stc2 p12, c2, [r1, -0]",1
invalid,1
bhs 0x4acc8,1
"andeq r5, ip, r1, lsl 4",1
"bicseq r0, pc, r0, lsl 8",1
"andeq r7, r0, r1, lsl 26",1
"stmdaeq ip, {r8} ^",1
"stcvc p0, c0, [fp, -0]!",1
blhs 0xa804,1
"andeq r0, r0, ip, lsr 32",1
"mrsgt r2, apsr",1
"streq r0, [r0], -6",1
"smlatteq r1, r2, r1, r0",1
"andeq r0, r0, r1, ror 16",1
"andeq r7, r0, fp, lsr 26",1
invalid,1
"andeq r0, r0, fp, ror 16",1
"andeq r7, r0, r1, lsl 26",1
"andhi r0, r1, 0, 2",1
blhs 0xa850,1
"andeq r0, r0, sp, ror r0",1
"andeq r2, r0, fp, lsr 10",1
"rsbseq r2, r6, r0, lsl 22",1
bhs 0xa840,1
"andeq sl, ip, r1, lsl 24",1
"bicseq r0, r3, r0, lsl 8",1
"andeq r7, r0, r1, lsl 26",1
"stmeq r0!, {r8}",1
"stchs p0, c0, [fp], -0",1
blhs 0xa858,1
"andeq r0, r0, ip, lsr 32",1
"strhi r2, [r1, -r0, lsl 28]",1
invalid,1
"andeq r0, r0, sp, ror r0",1
"stmeq r1, {r0, r8} ^",1
"stcvc p0, c0, [fp, -0]!",1
blhs 0xa874,1
"muleq r0, r7, r0",1
"andeq r7, r0, fp, lsr 12",1
invalid,1
"andeq r0, r0, r6, lsr r4",1
invalid,1
"andeq r0, r0, ip, lsr 32",1
"addeq r2, ip, r1, lsl 22",1
"andeq r0, r0, r0",1
"andeq r0, r0, ip, asr 2",1
"rscsne r0, r4, 2",1
invalid,1
"andeq r0, r0, lr",1
"andeq ip, ip, r1, lsl 4",1
"andeq r2, r1, r0, lsl 18",1
"adcseq r7, r7, r0",1
"adcseq fp, r7, r0",1
"andseq r3, r3, r0, lsl 28",1
"streq r0, [r4, -0x200]",1
"rsbseq r6, r4, sb, ror 28",1
"strhs r0, [r7], -0x403",1
"movweq r0, 0",1
"eorseq r0, r1, r1, lsl 16",1
"andeq r0, r3, 0",1
"andeq r3, r0, r7, lsl 30",1
"streq r0, [r4, -r0, lsl 6]",1
"andeq r0, r0, pc, lsl r0",1
"movwlo r0, 0x6103",1
"movweq r0, 0",1
"sbceq r0, fp, r2, lsl 10",1
invalid,1
"andeq r0, r0, r5",1
"streq r0, [r8, -r0, lsl 6]",1
"andeq r0, r0, sl, lsl r0",1
"streq r0, [r5, -0x403]",1
"movweq r0, 0",1
"sbcseq r0, r5, r4, lsl 14",1
"streq r0, [r4], -0",1
"andeq r0, r0, r8, ror r0",1
blo 0x20ad1c,1
"streq r0, [r0], -0",1
"andeq r8, r0, r4, lsl 10",1
"rsbseq r0, r8, r0, lsl 10",1
"strhs r0, [r6, -0]",1
"streq r0, [r0, -r0]",1
"andeq pc, r5, r1, lsl 26",1
invalid,1
"andeq fp, r0, r0, ror r7",1
"strheq fp, [r0], -r0",1
"muleq r0, r7, r1",1
"andeq pc, r0, r1, lsl 12",1
"strlt r0, [ip, r0, lsl 16]",1
"mrseq r0, apsr",1
"sbceq r0, sl, r0",1
"mrseq r0, apsr",1
"ldmdbeq r5!, {r1, r4, r6, r8}",1
"movweq r5, 0x5101",1
"andeq ip, r0, r0, ror r5",1
"cmpeq r0, sb, lsl 2",1
"andge r0, r8, r0, lsr r0",1
"strhs r0, [r0, -0xb7]",1
invalid,1
invalid,1
"movweq r5, 0x5201",1
"andeq ip, r0, r8, ror r1",1
"cmpeq r1, sb, lsl 2",1
"andpl r0, r1, r0, lsr sb",1
"andeq r7, r0, r2, lsl 8",1
"adcseq sl, r7, sl, lsl 8",1
"andeq r4, r1, r0, lsl 8",1
"stcmi p0, c0, [fp, -0]",1
"andeq r0, r0, 3",1
"andeq r8, r0, r2, lsl sl",1
invalid,1
"andeq r5, r3, r1, lsl 20",1
"teqeq r3, r0, lsl 6",1
"andeq r0, r0, r2, ror r0",1
"andeq r2, r1, r1, lsl 10",1
"rsbseq r0, pc, r0, lsl 26",1
svcvc 0xd0000,1
"stceq p0, c0, [r0, -0]",1
"andeq r0, r0, r5, lsr 32",1
svcge 0x10e00,1
"streq r0, [r0], -3",1
"strmi r0, [r1], -0x12a",1
"stceq p0, c0, [r0, -4]",1
"andeq r0, r0, r5, lsr 32",1
"andeq r2, r0, sp, lsl 10",1
"rsbseq r0, pc, r0, lsl 26",1
"andeq r0, pc, r0",1
"strbeq r0, [sb], 0x110",1
"andeq r0, r5, 0",1
"andeq r0, r1, r2, lsl 2",1
"andeq r0, r0, r1, lsr 8",1
"bicne r0, sb, 2",1
invalid,1
"andeq r0, r0, lr",1
"andeq lr, ip, r1, lsl 20",1
"andeq r2, r1, r0, lsl 18",1
"adcseq fp, r7, r0",1
"adcseq r3, r8, r0, lsl 8",1
"andseq ip, r3, r0",1
"cmpeq r4, r0, lsl 4",1
"strle r0, [r3, -0]",1
"andeq r0, r0, r0, lsr r0",1
"strhs r0, [r7], -0x403",1
"movweq r0, 0",1
"eorseq r0, r1, r1, lsl 16",1
"andeq r0, r3, 0",1
"andeq r3, r0, r7, lsl 30",1
"streq r0, [r4, -r0, lsl 6]",1
"andeq r0, r0, pc, lsl r0",1
"movwlo r0, 0x6103",1
"movweq r0, 0",1
"sbceq r0, fp, r2, lsl 10",1
"streq r0, [r4], -0",1
"strbtvc r6, [lr], -0x905",1
"streq r0, [r8, -0x300]",1
"andeq r0, r0, r0",1
bne 0x1cca5c,1
"andeq r0, r0, 0",1
"andeq r0, r0, sl, lsl 5",1
"rsbeq r3, r1, r4, lsl 14",1
blle 0x8aa60,1
"streq r0, [r0], -2",1
"andeq r8, r0, ip, lsl 11",1
"streq r0, [r4, -0x300]",1
"andeq r0, r0, r5",1
"andeq sp, r2, r2, lsl 2",1
svcvs 0x8d0400,1
"movweq r0, 0",1
"sbcseq r0, r5, r4, lsl 14",1
"streq r0, [r5], -0",1
"adceq r0, r6, r6, lsl 8",1
"mrseq r0, apsr",1
"andeq r3, r0, r8, lsl 20",1
"andeq r0, r2, 0, 4",1
"andlo r0, r5, r0",1
"strheq r0, [r0], -r8",1
"andeq pc, r1, r7, lsl 28",1
invalid,1
"andeq r0, r0, r3, ror r2",1
"andeq pc, r6, r8, lsl 4",1
bpl 0xffdcc2b0,1
"andeq r0, r0, 0",1
"andmi r0, r8, r3, lsr 32",1
"streq r0, [r0], -r2",1
"strdeq sl, fp, [r0], -ip",1
"strteq r0, [r3], -0x200",1
"andeq sb, r1, r8",1
"rscsge r0, sp, r0, lsl 12",1
"andeq r0, r0, 0",1
"andhs r0, r8, 0x230000",1
"streq r0, [r0], -r3",1
"strdeq sl, fp, [r0], -lr",1
"stceq p2, c0, [r3], -0",1
"andeq r2, r2, r8, lsl 16",1
"rscsge r0, pc, r0, lsl 12",1
"andeq r0, r0, 0",1
"strvs r1, [sb], -0x23",1
"streq r0, [r0], -r1",1
"adceq r0, r0, r0, lsl 2",1
"movwhs r0, 0x2000",1
"sbceq r0, r3, 20, 18",1
invalid,1
"andeq sl, r0, r1",1
"stmdane r3!, {sb}",1
"andeq r7, r1, sb, lsl 4",1
invalid,1
"andeq r0, r0, r0, lsr 1",1
"ldmdbeq ip, {r1, r8, sb, sp}",1
"andeq r0, r0, r4, asr r2",1
"andge r0, r1, r6, lsl 6",1
"andeq r0, r0, 0",1
svclo 0x92023,1
"streq r0, [r0], -r3",1
"adceq r0, r0, r5, lsl 2",1
"movwhs r0, 0x2000",1
"rsceq r0, sl, 36, 18",1
"streq r0, [r6], -r0",1
"andeq sl, r0, r1",1
"stmdahs r3!, {sb}",1
"andeq r4, r1, sb, lsl 14",1
invalid,1
"andeq r0, r0, r0, lsr 1",1
"stmdbeq ip!, {r1, r8, sb, sp}",1
"andeq r0, r0, r7, lsl 3",1
"mrslt r0, apsr",1
"andeq r0, r0, 2",1
"movw r3, 0x9023",1
"streq r0, [r0], -r2",1
"adcseq r0, r7, 0xc0000002",1
"movwhs r0, 0x2000",1
"tsteq r2, r4, lsr sb",1
"stceq p0, c0, [r6, -0]",1
"andeq r5, r0, r1, lsl 20",1
"stmdalo r3!, {sb}",1
"andeq r1, r3, sb, lsl 8",1
"tsteq r1, r0, lsl 12",1
"andeq r0, r0, sl, asr r0",1
"ldmdbeq ip!, {r1, r8, sb, sp}",1
"andeq r0, r0, sl, ror 1",1
bvc 0x4f7b4,1
"andeq r0, r0, 0",1
invalid,1
"streq r0, [r0], -r1",1
"eorseq r0, lr, r7, lsl r1",1
"movwhs r0, 0x2000",1
"teqeq r0, 68, 18",1
invalid,1
"andeq r4, r0, r1, lsl 24",1
"strtmi r0, [r3], -r0, lsl 4",1
"andeq r1, r2, sb, lsl 14",1
"tsteq sb, r0, lsl 12",1
"strheq r0, [r0], -sp",1
"stmdbeq r7, {r1, r8, sb, sp} ^",1
"strheq r0, [r0], -pc",1
"stcgt p13, c1, [r1, -0x18]",1
"andeq r0, r0, 2",1
"cdp p8, 0, c4, c9, c3, 1",1
"streq r0, [r0], -r0",1
"addeq r0, ip, r6, lsr 2",1
"movwhs r0, 0x2000",1
"rsbeq r0, sp, 80, 18",1
svchs 0x60000,1
"andeq sb, r0, r1, lsl 28",1
"stmdapl r3!, {sb}",1
"andeq r2, r2, sb, lsl 2",1
"teqeq r0, r0, lsl 12",1
"muleq r0, lr, r0",1
"ldmdbeq ip, {r1, r8, sb, sp} ^",1
"andeq r0, r0, ip, ror r2",1
"cdpls p1, 0, c3, c1, c6, 0",1
"andeq r0, r0, 0",1
"movwhi r6, 0x9023",1
"streq r0, [r0], -r2",1
"addseq r0, lr, r2, lsr r1",1
"movwhs r0, 0x2000",1
"subeq r0, sp, 100, 18",1
"movwlo r0, 0x6000",1
"andeq r2, r0, r1, lsl 10",1
"stmdavs r3!, {sb}",1
"andeq r1, r3, sb, lsl 24",1
"teqeq r5, r0, lsl 12",1
"andeq r0, r0, sl, asr r0",1
"stmdbeq ip!, {r1, r8, sb, sp} ^",1
"andeq r0, r0, r7, lsr r2",1
"movwle r3, 0x1706",1
"andeq r0, r0, 2",1
beq 0x26ce4,1
"andeq r0, r0, r4, ror 6",1
invalid,1
invalid,1
"adcseq sl, r1, 0x80000001",1
"strvs r0, [r8, -r0]",1
"streq r0, [r0], -r2",1
"andeq fp, r2, r2, lsr 3",1
"eoreq r0, r3, r0, lsl 4",1
"andeq pc, r1, r8, lsl 16",1
"strlt r0, [r3, r0, lsl 12]!",1
"andeq r0, r0, 2",1
"stcle p4, c0, [r8, -0x8c]",1
"streq r0, [r0], -r1",1
"andeq r5, r0, r7, lsr 21",1
"stmdaeq r3!, {sb}",1
bvc 0x10c498,1
"streq r0, [r0], -r2",1
"andeq fp, r0, r4, lsl 16",1
"adceq r0, r6, r0, lsl 22",1
"sbceq r0, sp, 0",1
"strls r0, [ip, -r0]",1
"andeq r0, r0, r0",1
"movwvc r0, 0x4600",1
bleq 0xacc0,1
"andeq r0, r0, r6, lsr 1",1
"andeq r0, r0, r3, ror 5",1
"andeq sb, r0, ip, lsl 14",1
"stceq p7, c2, [r0, -0]",1
"andeq pc, ip, r1, lsl 26",1
"orreq r0, r4, r0, lsl 4",1
"andeq r0, r0, sl, asr r0",1
"andeq r0, r3, r3, lsl 2",1
bleq 0xff0ce4dc,1
"strhi r0, [r2], -0",1
"andeq r0, r0, r1, lsl 6",1
"stcge p6, c0, [r4, -0]",1
svceq 0,1
"andeq sp, r3, r1, lsl 28",1
"teqeq r8, r0, lsl 2",1
"andeq r0, r0, sl, asr r0",1
"strheq fp, [r0], -r0",1
"andeq fp, r0, r4, lsr r8",1
"strheq r4, [r0], -r7",1
"andeq fp, r3, r1, lsl 18",1
bleq 0xff14ed0c,1
invalid,1
"andeq r0, r0, r1, lsl 6",1
"ldrdeq r4, r5, [r0], -r7",1
"andeq r1, sp, r1, lsl r7",1
"ldmdblt sl!, {r8}",1
"movweq r0, 3",1
"andne r0, r0, 0x42",1
"andeq r0, r0, sp, lsl 26",1
invalid,1
"strvc r0, [r5, -0]",1
svcls 0x2e3000,1
"andeq sp, ip, r2, lsl r3",1
"ldmdblt ip!, {r8}",1
invalid,1
"rsceq r1, r3, 84, 6",1
"strblt r0, [r4, r0]",1
"ldceq p0, c0, [r8, -0]!",1
bllo 0x4ad54,1
"andeq r0, r0, lr, ror r3",1
"andeq pc, r2, r4, lsl r5",1
"subeq r2, r2, r0, lsl 18",1
invalid,1
svcle 0xb7,1
"andls r0, r0, 3",1
"strne r0, [r0], -r3",1
"strvc r5, [r2], -1",1
invalid,1
invalid,1
"strge r0, [r0], -r3",1
"strne r0, [r0], -r3",1
"strvc r5, [r2], -1",1
invalid,1
"strhne r0, [r0], -r8",1
"strne r0, [r0, -r4]",1
"andeq fp, r0, r0, lsr 16",1
"andeq r0, r0, r0, lsl r4",1
invalid,1
"mrseq r0, apsr",1
"andeq pc, r3, r2, lsl 20",1
"rscseq r1, sl, 0, 18",1
invalid,1
"strheq r0, [r0], -r7",1
invalid,1
"streq r0, [r0, -4]",1
"andeq fp, r2, sb, lsr 15",1
bne 0x4b1c4,1
"andeq r2, sp, r1, lsl 8",1
invalid,1
"andeq r0, r0, r5, lsr 32",1
"andeq pc, r3, r1, lsl 14",1
"movweq r1, 0x1b00",1
invalid,1
"andeq sp, ip, r1, lsl 30",1
invalid,1
"andeq r5, r0, r1, lsl 20",1
"ldreq r0, [r0], -0x100",1
"tsteq fp, r0",1
"andeq r0, r0, r3",1
"cmneq sp, 0x40000007",1
"andlo r0, sb, 0",1
"andeq r1, r4, r1, lsl 28",1
"streq r0, [r6], -0x100",1
"andeq r0, r0, sl, asr r0",1
"andseq r1, r5, r0, lsl 20",1
svcpl 0x200,1
"streq r0, [r0], -0x15",1
"andeq r0, r0, r1, lsl 28",1
"strbne r0, [pc, -r0, lsl 2]!",1
invalid,1
invalid,1
bllt 0x1e0ae28,1
"strne r0, [r4, -0]",1
invalid,1
"andeq r3, r0, r8, lsl 2",1
"streq r0, [r2, -r0, lsl 4]",1
"andeq r0, r0, pc, lsr r0",1
"strhs r0, [r7], -0x402",1
"andeq r0, r0, 0",1
"andseq r0, pc, r4, lsl 14",1
invalid,1
"andeq r3, r0, r6, lsl 6",1
"streq r0, [r2, -0x200]",1
"andeq r0, r0, fp, asr 1",1
"stmdbvs r5, {r0, r1, sl}",1
"andeq r7, r0, 0x6e000000",1
"andeq r0, r0, r8, lsl 10",1
invalid,1
"andeq r1, r0, r7, lsl 20",1
"addeq r0, sl, 0, 8",1
"strlo r0, [r5, -r0]",1
"andeq r0, r0, r6, asr r0",1
"andeq sp, r2, r4, lsl 22",1
bvc 0xfe30c280,1
"andeq r0, r0, 0",1
"andeq r0, r5, r4, lsl 10",1
invalid,1
"streq r0, [r0, -2]",1
"andeq r6, r0, sp, lsl 9",1
"streq r0, [r4, -r0, lsl 4]",1
"ldrdeq r0, r1, [r0], -r5",1
"streq r0, [r6], -0x405",1
"muleq r0, fp, r0",1
blo 0x20b2b0,1
"streq r0, [r0], -0",1
"andeq r0, r0, r4, asr r1",1
"eorseq sp, r3, r6, lsl 10",1
"andeq r0, r4, 0",1
"streq r0, [r0, -r2]",1
"andeq fp, r0, r0, lsr r8",1
invalid,1
invalid,1
"strdeq r7, r8, [r2], -r6",1
"ldrbteq r0, [r2], r0, lsl 16",1
invalid,1
"andeq r0, r0, pc, asr 32",1
"stmdaeq r0, {r1, r8, sb, sp}",1
"andeq r0, r0, r0, asr 4",1
"addseq pc, r5, r8, lsl 24",1
"movwhs r0, 0x2000",1
"orrseq r0, r0, r4, lsl 16",1
"stc2 p0, c0, [r8, -0]",1
"muleq r0, r5, r0",1
"stmdaeq r8, {r1, r8, sb, sp}",1
"andeq r0, r0, r2, lsr 6",1
"addseq pc, r5, r8, lsl 28",1
"movwhs r0, 0x2000",1
"eoreq r0, r8, 12, 16",1
invalid,1
"muleq r0, r5, r0",1
"ldmdbeq r0, {r1, r8, sb, sp}",1
"andeq r0, r0, r4, ror 2",1
"strls r0, [r1, -8]",1
"andeq r0, r0, 0",1
"movwgt r1, 0x9423",1
"stmdaeq r0, {r1}",1
"addseq r0, r5, r1, lsl 2",1
"movwhs r0, 0x2000",1
"cmneq r2, r8, lsl sb",1
"andeq r0, r8, 0",1
"andeq sb, r0, r1, lsl 10",1
"stcne p2, c0, [r3], -0",1
"andeq r5, r2, sb, lsl 8",1
"mrseq r0, apsr",1
"muleq r0, r5, r0",1
"stmdbeq r0!, {r1, r8, sb, sp}",1
"andeq r0, r0, pc, lsr r3",1
"strls r0, [r1, -0x508]",1
"andeq r0, r0, 0",1
b 0x253fec,1
"stmdaeq r0, {r1}",1
"addseq r0, r5, r6, lsl 2",1
"movwhs r0, 0x2000",1
invalid,1
"streq r0, [r8, -r0]",1
"andeq sb, r0, r1, lsl 10",1
"stchs p2, c0, [r3], -0",1
"andeq r8, r1, sb, lsl 14",1
"mrseq r0, apsr",1
"strheq r0, [r0], -r1",1
"ldmdbeq r0!, {r1, r8, sb, sp}",1
"andeq r0, r0, r3, ror 5",1
"strlt r0, [r1, -r8, lsl 22]",1
"andeq r0, r0, 2",1
"andne r3, sb, 0x23000000",1
"stmdaeq r0, {r0}",1
"subeq r0, pc, sp, lsl 2",1
"movwhs r0, 0x2000",1
"tsteq r4, 56, 18            ; 0x38",1
invalid,1
"andeq r4, r0, r1, lsl 30",1
"stclo p2, c0, [r3], -0",1
"andeq lr, r0, sb, lsl 20",1
"tsteq r3, r0, lsl 16",1
"andeq r0, r0, pc, rrx",1
"stmdbeq r0, {r1, r8, sb, sp} ^",1
"ldrdeq r0, r1, [r0], -r1",1
invalid,1
"andeq r0, r0, 0",1
"andlo r4, sb, r3, lsr 8",1
"stmdaeq r0, {r0, r1}",1
"subeq r0, r1, r8, lsl r1",1
"movwhs r0, 0x2000",1
"andseq r0, r7, 0x118000",1
invalid,1
"andeq fp, r2, r1, lsl 26",1
"strmi r0, [r3, -r0, lsl 4]!",1
"andeq fp, r1, sb, lsl 30",1
"tsteq sp, r0, lsl 16",1
"andeq r0, r0, sp, asr 5",1
"stmdbeq r8, {r1, r8, sb, sp} ^",1
"andeq r0, r0, lr, ror 1",1
invalid,1
"andeq r0, r0, 0",1
"stcvs p0, c5, [sb, -0x8c]",1
"stmdaeq r0, {r1}",1
"addseq r0, r3, pc, lsr 2",1
"movwhs r0, 0x2000",1
"eoreq r0, r1, 88, 18",1
"andlo r0, r8, r0",1
"andeq sb, r0, r1, lsl 6",1
"stcpl p2, c0, [r3], -0",1
"andeq r7, r2, sb, lsl 24",1
"teqeq r1, r0, lsl 16",1
"muleq r0, r3, r0",1
"stmdbeq r0!, {r1, r8, sb, sp} ^",1
"andeq r0, r0, r3, lsl 5",1
"movwls r3, 0x1208",1
"andeq r0, r0, 0",1
"stcmi p4, c6, [sb, -0x8c]",1
"stmdaeq r0, {r1}",1
"adceq r0, r2, r3, lsr r1",1
"movwhs r0, 0x2000",1
"tsteq ip, 104, 18           ; 0x68",1
"strlo r0, [r8, -0]",1
"andeq r4, r0, r1, lsl 30",1
"stcvs p2, c0, [r3], -0",1
"andeq r3, r2, sb, lsl 14",1
"teqeq r7, r0, lsl 16",1
"ldrdeq r0, r1, [r0], -r3",1
"rsbseq r2, r0, r2, lsl 6",1
"andeq r6, r3, sl, lsl 8",1
"ldreq r0, [fp, r0, lsl 16]",1
"andeq r0, r0, ip, lsl 4",1
invalid,1
"stmdaeq r0, {r1}",1
"andeq r0, r0, r7, ror 4",1
"adcseq sl, r1, 8, 4",1
"movwhs r0, 0x2000",1
invalid,1
"movwge r0, 0x8000",1
"strheq r0, [r0], -r7",1
"stmdaeq r4, {r1, r8, sb, sp}",1
"ldrdeq r0, r1, [r0], -sp",1
"subeq sl, pc, r8, lsl 14",1
"movwhs r0, 0x2000",1
"streq r0, [r6], -8",1
"andeq r0, r0, sl, ror r2",1
"adcseq r0, r8, r6, lsl 8",1
blls 0x2cb0c8,1
"stcgt p0, c0, [r0, -0]",1
invalid,1
"andeq r0, r0, ip, lsl 1",1
"streq r0, [r6], -0",1
"andeq r0, r0, r3, ror r2",1
"andeq sb, r0, fp, lsl 22",1
"andeq lr, r2, r0, lsl 6",1
"addeq r0, ip, r0, lsl 24",1
"eoreq r0, r7, r0",1
"andeq pc, r1, sp, lsl 28",1
"teqeq ip, r0, lsl 16",1
"strheq r0, [r0], -r8",1
"rscseq r0, r5, 0x6000000",1
blls 0x38b100,1
"streq r0, [r0], -r0",1
"andeq r0, r3, r4",1
"stmdbeq r4, {r8, sb, sl, fp}",1
"stmdbeq r0, {r0, r1, r2, r3}",1
"andeq r4, r0, r4, lsr 30",1
svceq 0x41000,1
"andeq pc, ip, sl, lsr 8",1
blne 0xff80f520,1
"addhi r0, r0, r0",1
"strne r1, [r5, r8, lsl 2]!",1
"addhi r0, r1, r0",1
blne 0xffb4f550,1
"addhi r0, r2, r0",1
blne 0xffe8f558,1
"addhi r0, r3, r0",1
invalid,1
"addhi r0, r4, r0",1
invalid,1
"addhi r0, r5, r0",1
"stcne p1, c1, [r1], -0x20",1
"addhi r0, r6, r0",1
blne 0xff88f578,1
"addhi r0, r7, r0",1
"strne r1, [r7, r8, lsl 2]!",1
"addhi r0, r8, r0",1
blne 0xffbcf588,1
"addhi r0, sb, r0",1
blne 0xfff0f590,1
"addhi r0, sl, r0",1
invalid,1
"addhi r0, fp, r0",1
invalid,1
"addhi r0, ip, r0",1
"stcne p1, c1, [r3], -0x20",1
"addhi r0, sp, r0",1
"cdpeq p1, 5, c1, c5, c8, 0",1
"addhi r0, lr, r0",1
"cdpeq p1, 6, c1, c2, c8, 0",1
"addhi r0, pc, r0",1
"cdpeq p1, 6, c1, c15, c8, 0",1
"addshi r0, r0, r0",1
"cdpeq p1, 7, c1, c12, c8, 0",1
"addshi r0, r1, r0",1
"cdpeq p1, 8, c1, c9, c8, 0",1
"addshi r0, r2, r0",1
"cdpeq p1, 9, c1, c6, c8, 0",1
"addshi r0, r3, r0",1
"cdpeq p1, 0xa, c1, c3, c8, 0",1
"addshi r0, r4, r0",1
"cdpeq p1, 0xb, c1, c0, c8, 0",1
"addshi r0, r5, r0",1
"cdpeq p1, 0xb, c1, c13, c8, 0",1
"addshi r0, r6, r0",1
"ldclne p1, c1, [r8, 0x20]",1
"addshi r0, r7, r0",1
"stclne p1, c1, [r6, 0x20]!",1
"addshi r0, r8, r0",1
"ldclne p1, c1, [r4, 0x20]!",1
"addshi r0, sb, r0",1
"cdpeq p1, 5, c1, c7, c8, 0",1
"addshi r0, sl, r0",1
"cdpeq p1, 6, c1, c4, c8, 0",1
"addshi r0, fp, r0",1
"cdpeq p1, 7, c1, c1, c8, 0",1
"addshi r0, ip, r0",1
"cdpeq p1, 7, c1, c14, c8, 0",1
"addshi r0, sp, r0",1
"cdpeq p1, 8, c1, c11, c8, 0",1
"addshi r0, lr, r0",1
"cdpeq p1, 9, c1, c8, c8, 0",1
"addshi r0, pc, r0",1
"cdpeq p1, 0xa, c1, c5, c8, 0",1
"adchi r0, r0, r0",1
"cdpeq p1, 0xb, c1, c2, c8, 0",1
"adchi r0, r1, r0",1
"cdpeq p1, 0xb, c1, c15, c8, 0",1
"adchi r0, r2, r0",1
"ldclne p1, c1, [sl, 0x20]",1
"adchi r0, r3, r0",1
"stclne p1, c1, [r8, 0x20]!",1
"adchi r0, r4, r0",1
"ldclne p1, c1, [r6, 0x20]!",1
"adchi r0, r5, r0",1
bne 0xfe0cf670,1
"adchi r0, r6, r0",1
"ldrbtne r1, [sb], r8, lsl 2",1
"adchi r0, r7, r0",1
svceq 0xc21108,1
"adchi r0, r8, r0",1
"rsbhs r1, fp, 8, 2",1
"adchi r0, sb, r0",1
"stcleq p1, c1, [r3, -0x20]",1
"adchi r0, sl, r0",1
"movwhs r1, 0x108",1
"adchi r0, fp, r0",1
"subpl r1, r5, 8, 4",1
"adchi r0, ip, r1, asr 32",1
bne 0xffb4f6a8,1
"adchi r0, sp, r0",1
"sbchs r1, sb, r8, lsl 2",1
"adchi r0, lr, r0",1
bne 0xfed8f6b8,1
"adchi r0, pc, r0",1
svcne 0x921108,1
"adcshi r0, r0, r0",1
"strne r1, [r2], 0x108",1
"adcshi r0, r1, r0",1
"adcne r1, sl, 8, 2",1
"adcshi r0, r2, r0",1
"cdpeq p1, 3, c1, c11, c8, 0",1
"adcshi r0, r3, r0",1
blne 0xff6cf6e0,1
"adcshi r0, r4, r0",1
"strne r1, [r0, r8, lsl 2]!",1
"adcshi r0, r5, r0",1
blne 0xffa0f6f0,1
"adcshi r0, r6, r0",1
blne 0xffd4f6f8,1
"adcshi r0, r7, r0",1
invalid,1
"adcshi r0, r8, r0",1
invalid,1
"adcshi r0, sb, r0",1
invalid,1
"adcshi r0, sl, r0",1
svceq 0xca1108,1
"adcshi r0, fp, r0",1
"cdpeq p1, 3, c1, c0, c8, 0",1
"adcshi r0, ip, r0",1
svceq 0xd51108,1
"adcshi r0, sp, r0",1
svceq 0xe01108,1
"adcshi r0, lr, r0",1
svceq 0xeb1108,1
"adcshi r0, pc, r0",1
svceq 0xf61108,1
"sbchi r0, r0, r0",1
"andne r1, r1, r8, lsl 2",1
"sbchi r0, r1, r0",1
"cdpeq p1, 5, c1, c0, c8, 0",1
"sbchi r0, r2, r0",1
"cdpeq p1, 5, c1, c13, c8, 0",1
"sbchi r0, r3, r0",1
"cdpeq p1, 6, c1, c10, c8, 0",1
"sbchi r0, r4, r0",1
"cdpeq p1, 7, c1, c7, c8, 0",1
"sbchi r0, r5, r0",1
"cdpeq p1, 8, c1, c4, c8, 0",1
"sbchi r0, r6, r0",1
"cdpeq p1, 9, c1, c1, c8, 0",1
"sbchi r0, r7, r0",1
"cdpeq p1, 9, c1, c14, c8, 0",1
"sbchi r0, r8, r0",1
"cdpeq p1, 0xa, c1, c11, c8, 0",1
"sbchi r0, sb, r0",1
"cdpeq p1, 0xb, c1, c8, c8, 0",1
"sbchi r0, sl, r0",1
"ldclne p1, c1, [r3, 0x20]",1
"sbchi r0, fp, r0",1
"stclne p1, c1, [r1, 0x20]!",1
"sbchi r0, ip, r0",1
"stclne p1, c1, [0x0000b3a8]!",1
"sbchi r0, sp, r0",1
bne 0xffe0f7b0,1
"sbchi r0, lr, r0",1
blne 0xcf7b8,1
"sbchi r0, pc, r0",1
blne 0x38f7c0,1
"sbcshi r0, r0, r0",1
blne 0x64f7c8,1
"sbcshi r0, r1, r0",1
invalid,1
"sbcshi r0, r2, r0",1
"bicsne r1, r2, 8, 2",1
"sbcshi r0, r3, r0",1
"bicsne r1, sp, 8, 2",1
"sbcshi r0, r4, r0",1
invalid,1
"sbcshi r0, r5, r0",1
invalid,1
"sbcshi r0, r6, r0",1
"stcleq p1, c1, [sb, -0x20]",1
"sbcshi r0, r7, r0",1
"ldcleq p1, c1, [r5, -0x20]",1
"sbcshi r0, r8, r0",1
"stcleq p1, c1, [r1, -0x20]!",1
"sbcshi r0, sb, r0",1
bne 0x1f8f810,1
"sbcshi r0, sl, r0",1
"ldrbtne r1, [r4], r8, lsl 2",1
"sbcshi r0, fp, r0",1
svceq 0xbd1108,1
"sbcshi r0, ip, r0",1
"rsbhs r1, r6, 8, 2",1
"sbcshi r0, sp, r0",1
"ldrbne r1, [sp], -r8, lsl 2",1
"sbcshi r0, lr, r0",1
"rscshs r1, fp, 8, 2",1
"sbcshi r0, pc, r0",1
"strbne r1, [r4, -0x108]!",1
"rschi r0, r0, r0",1
"sbchs r1, r4, r8, lsl 2",1
"rschi r0, r1, r0",1
bne 0xfec4f850,1
"rschi r0, r2, r0",1
svcne 0x8d1108,1
"rschi r0, r3, r0",1
"ldrbtne r1, [sp], -0x108",1
"rschi r0, r4, r0",1
invalid,1
"rschi r0, r5, r0",1
"strbne r1, [r7, 0x108]!",1
"rschi r0, r6, r0",1
"ldmibne r1!, {r3, r8, ip}",1
"rschi r0, r7, r0",1
"ldcleq p1, c1, [r2, -0x20]!",1
"rschi r0, r8, r0",1
"adcne r1, r0, r8, lsl 2",1
"rschi r0, sb, r0",1
invalid,1
"rschi r0, sl, r0",1
bne 0xfe28f898,1
"rschi r0, fp, r0",1
svceq 0x551108,1
"rschi r0, ip, r0",1
svceq 0x501108,1
"rschi r0, sp, r0",1
"ldcleq p1, c1, [ip, 0x20]",1
"rschi r0, lr, r0",1
svceq 0x111108,1
"rschi r0, pc, r0",1
"ldmne r4!, {r3, r8, ip}",1
"addhi r0, r0, r0",1
"orrne r1, pc, 12, 2",1
"addhi r0, r1, r0",1
"subshs r1, r2, 12, 2",1
"addhi r0, r2, r0",1
svceq 0x5f110c,1
"addhi r0, r3, r0",1
"ldrths r1, [r2], -0x10c",1
"addhi r0, r4, r0",1
"ldrtne r1, [sb], 0x10c",1
"addhi r0, r5, r0",1
"stmdane r3, {r2, r3, r8, ip}",1
"addhi r0, r6, r0",1
"ldmdane r4, {r2, r3, r8, ip}",1
"addhi r0, r7, r0",1
"stmdane r5!, {r2, r3, r8, ip}",1
"addhi r0, r8, r0",1
"cmnne r2, ip, lsl 2",1
"addhi r0, sb, r0",1
"strbne r1, [lr, ip, lsl 2]!",1
"addhi r0, sl, r0",1
invalid,1
"addhi r0, fp, r0",1
svceq 0x74110c,1
"addhi r0, ip, r0",1
bne 0xccf938,1
"addhi r0, sp, r0",1
"stmdbne r3!, {r2, r3, r8, ip} ^",1
"addhi r0, lr, r0",1
blne 0xfe14f948,1
"addhi r0, pc, r0",1
"stmdane r1!, {r2, r3, r8, ip} ^",1
"addshi r0, r0, r0",1
svcne 0xd1110c,1
"addshi r0, r1, r0",1
"ldclne p1, c1, [sp], 0x30",1
"addshi r0, r2, r0",1
svceq 0xaa110c,1
"addshi r0, r3, r0",1
"ldrbne r1, [r4, -0x10c]",1
invalid,1
"andeq r1, r0, r6, asr 14",1
"strne r1, [r3], r1, lsl 2",1
invalid,1
"strheq r1, [r0], -r3",1
"ldrne r1, [r2], r3, lsl 2",1
invalid,1
"strdeq r1, r2, [r0], -sp",1
"strtne r1, [r1], r5, lsl 2",1
invalid,1
"strheq r1, [r0], -r0",1
"ldrtne r1, [pc], r7, lsl 2  ; [0xb570:4]=0x16ce",1
invalid,1
"andeq r1, r0, lr, asr 13",1
"ldrne r1, [sl, 0x109]!",1
invalid,1
"andeq r1, r0, pc, asr ip",1
"cdpne p1, 7, c1, c14, c11, 0",1
invalid,1
"andeq r1, r0, fp, lsl 19",1
"cdpeq p1, 0, c1, c2, c13, 0",1
invalid,1
"andeq r1, r0, r6, lsr 20",1
"addsne r1, r6, 0x80000003",1
"mrsne r0, apsr",1
"strheq r1, [r0], -sp",1
"orrhs r1, r6, r0, lsl r1",1
"tstne r1, r0",1
"andeq r1, r0, r4, lsr 10",1
"stcne p1, c1, [r2, 0x48]",1
"tstne r3, r0",1
"andeq r2, r0, r2, lsl 5",1
invalid,1
"tstne r5, r0",1
"andeq r0, r0, sb, lsl lr",1
invalid,1
"tstne r7, r0",1
"andeq r2, r0, r5, asr 5",1
"smmlane r8, r8, r1, r1",1
"tstne sb, r0",1
"andeq r1, r0, fp, ror 26",1
"usada8ne sb, sl, r1, r1",1
"tstne fp, r0",1
"ldrdeq r2, r3, [r0], -ip",1
invalid,1
"tstne sp, r0",1
"andeq r1, r0, r3, ror ip",1
invalid,1
"tstne pc, r0",1
"andeq r1, r0, sp, ror 29",1
invalid,1
invalid,1
"andeq r1, r0, r8, lsl pc",1
invalid,1
invalid,1
"andeq r1, r0, r7, asr 30",1
"rsbsne r1, pc, 36, 2",1
invalid,1
"andeq r1, r0, r6, ror pc",1
"sbcne r1, r3, 0x80000009",1
invalid,1
"muleq r0, lr, pc",1
"cmnne r8, 40, 2             ; 0x28",1
invalid,1
"andeq r2, r0, sp, lsr 1",1
invalid,1
invalid,1
"ldrdeq r2, r3, [r0], -r3",1
"ldrne r1, [r2], -0x12c",1
invalid,1
"andeq r2, r0, r4, lsl r1",1
"strbtne r1, [r6], -0x12e",1
invalid,1
"andeq r2, r0, fp, lsr 2",1
"strtne r1, [r2], 0x130",1
"teqne r1, r0",1
"andeq r2, r0, pc, ror 2",1
"stcne p1, c1, [sb], -0xc8",1
"teqne r3, r0",1
"andeq r1, r0, pc, lsr 32",1
"mcrrne p1, 3, r1, r8, c4",1
"teqne r5, r0",1
"andeq r1, r0, r5, ror r0",1
"stcne p1, c1, [sl], 0xd8",1
"teqne r7, r0",1
"strheq r1, [r0], -r7",1
"stclne p1, c1, [r6], 0xe0",1
"teqne sb, r0",1
"ldrdeq r1, r2, [r0], -r7",1
"ldclne p1, c1, [r4, -0xe8]",1
"teqne fp, r0",1
"strdeq r1, r2, [r0], -ip",1
"strbne r1, [sl], -0x13c",1
"teqne sp, r0",1
"andeq r1, r0, sl, lsr 12",1
bne 0x140fbb8,1
"teqne pc, r0",1
"andeq r0, r0, r1, lsr 30",1
"cdpmi p0, 1, c0, c1, c0, 6",1
invalid,1
"eorne r1, r7, 0, 2",1
"sbceq r0, r2, r0",1
"andseq r0, r0, r1, lsl ip",1
"mrsne ip, lr_irq",1
"andeq r1, r0, r2, ror 9",1
"tstne r1, r4, asr 1",1
"strgt r0, [r0, -0x1d]",1
"strbhs r1, [r6], -0x100",1
"sbceq r0, r6, r0",1
"andseq r1, r7, r1, lsl ip",1
invalid,1
"andeq r1, r0, r7, ror 31",1
"ldc2 p0, c0, [r1, -0x320]",1
"stmdbgt r0, {r0, r1, r2, r3, r4}",1
"andshs r1, r3, r0, lsl 2",1
"sbceq r0, sl, r0",1
"eoreq r2, r0, r1, lsl sb",1
invalid,1
"andeq r2, r0, pc, lsr r0",1
"ldrpl r0, [r1, -0xcc]",1
"stcgt p0, c0, [r0, -0x80]",1
"rsbhs r1, fp, r0, lsl 2",1
"sbceq r0, lr, r0",1
"eoreq r8, r0, r1, lsl r1",1
invalid,1
"muleq r0, r7, r0",1
"ldrsble r0, [r1], -r0",1
invalid,1
"andsne r1, r0, 0, 2",1
"sbcseq r0, r2, r0",1
"andseq pc, r5, r1, lsl ip",1
"mrsne sp, lr_irq",1
"andeq r1, r0, r3, lsl r6",1
"ldmdavs r1, {r2, r4, r6, r7}",1
"strle r0, [r0, -0x12]",1
"tstne lr, 0, 2",1
"sbcseq r0, r6, r0",1
"andseq r6, sl, r1, lsl ip",1
"addne r8, r0, r0",1
"andseq ip, lr, r1, lsl r5",1
"addne r8, r0, r0, lsl 2",1
"andseq sp, r2, r1, lsl sl",1
"addne r8, r0, r0, lsl 4",1
"eoreq ip, r3, r1, lsl pc",1
"addne r8, r0, r0, lsl 6",1
"andseq r7, sb, r1, lsl ip",1
"addne r8, r0, r0, lsl 8",1
"andseq r2, fp, r1, lsl r4",1
"addne r8, r0, r0, lsl 10",1
"andseq r1, sb, r1, lsl r1",1
"addne r8, r0, r0, lsl 12",1
"eoreq sb, r2, r1, lsl sb",1
"addne r8, r0, r0, lsl 14",1
"andseq r0, sl, r1, lsl ip",1
"addne r8, r0, r0, lsl 16",1
"eoreq r8, r4, r1, lsl sp",1
"addne r8, r0, r0, lsl 18",1
"eoreq r0, r1, r1, lsl r3",1
"addne r8, r0, r0, lsl 20",1
"eoreq r4, r1, r1, lsl r2",1
"addne r8, r0, r0, lsl 22",1
"andseq r0, r3, r1, lsl sp",1
"addne r8, r0, r0, lsl 24",1
"andseq r3, r8, r1, lsl r6",1
"addne r8, r0, r0, lsl 26",1
"andseq lr, r0, r1, lsl lr",1
"addne r8, r0, r0, lsl 28",1
"andseq r8, r4, r1, lsl ip",1
"addne r8, r0, r0, lsl 30",1
"andseq lr, r8, r1, lsl r1",1
"addne sb, r0, r0",1
"andeq lr, sp, r1, lsl sp",1
"addne sb, r0, r0, lsl 2",1
"andseq r0, pc, r1, lsl r4",1
"addne sb, r0, r0, lsl 4",1
"andseq ip, sb, r1, lsl r7",1
"addne sb, r0, r0, lsl 6",1
"andseq r8, lr, r1, lsl lr",1
"addne sb, r0, r0, lsl 8",1
"andseq r5, sb, r1, lsl r1",1
"addne sb, r0, r0, lsl 10",1
"andseq ip, r7, r1, lsl sp",1
"addne sb, r0, r0, lsl 12",1
"andseq fp, fp, r1, lsl sl",1
"addne sb, r0, r0, lsl 14",1
"andseq sb, r8, r1, lsl r3",1
"addne sb, r0, r0, lsl 16",1
"eoreq r5, r1, r1, lsl r2",1
"addne sb, r0, r0, lsl 18",1
"andseq lr, r2, r1, lsl lr",1
"addne sb, r0, r0, lsl 20",1
"eoreq r0, r4, r1, lsl r0",1
"addne sb, r0, r0, lsl 22",1
"andeq r8, pc, r1, lsl fp",1
"addne sb, r0, r0, lsl 24",1
"andseq r4, lr, r1, lsl r1",1
"addne sb, r0, r0, lsl 26",1
"andeq ip, lr, r1, lsl sp",1
"addne sb, r0, r0, lsl 28",1
"andseq sp, sb, r1, lsl ip",1
"addne sb, r0, r0, lsl 30",1
"andseq r5, r3, r1, lsl r5",1
"addne sl, r0, r0",1
"eoreq r7, r3, r1, lsl r8",1
"addne sl, r0, r0, lsl 2",1
"eoreq lr, r3, r1, lsl r3",1
"addne sl, r0, r0, lsl 4",1
"andseq r6, lr, r1, lsl r1",1
"addne sl, r0, r0, lsl 6",1
"andseq r6, fp, r1, lsl r4",1
"addne sl, r0, r0, lsl 8",1
"andseq r2, r4, r1, lsl sb",1
"addne sl, r0, r0, lsl 10",1
"andseq r7, r8, r1, lsl r7",1
"addne sl, r0, r0, lsl 12",1
"eoreq r1, r2, r1, lsl ip",1
"addne sl, r0, r0, lsl 14",1
"andseq r4, r1, r1, lsl r1",1
"addne sl, r0, r0, lsl 16",1
"eoreq sl, r2, r1, lsl fp",1
"addne sl, r0, r0, lsl 18",1
"andeq r8, sp, r1, lsl sb",1
"addne sl, r0, r0, lsl 20",1
"andseq r8, r5, r1, lsl ip",1
"addne sl, r0, r0, lsl 22",1
"andseq fp, sp, r1, lsl r5",1
"addne sl, r0, r0, lsl 24",1
"andeq r3, pc, r1, lsl fp",1
"addne sl, r0, r0, lsl 26",1
"eoreq r7, r4, r1, lsl sb",1
"addne sl, r0, r0, lsl 28",1
"andseq r2, sp, r1, lsl fp",1
"streq r8, [r0], 0",1
"andseq r5, fp, r1, lsl sl",1
"streq r8, [r0], 0",1
"andseq sl, r5, r1, lsl sl",1
"streq r8, [r0], 0x100",1
"andeq ip, lr, r1, lsl r5",1
"streq r8, [r0], 0x100",1
"eoreq sp, r4, r1, lsl r2",1
"streq r8, [r0], 0x200",1
"andseq r0, r5, r1, lsl r0",1
"streq r8, [r0], 0x300",1
"andseq r8, ip, r1, lsl sp",1
"streq r8, [r0], 0x400",1
"andseq r1, sl, r1, lsl sl",1
"streq r8, [r0], 0x500",1
"andseq sl, lr, r1, lsl r0",1
"streq r8, [r0], 0x600",1
"andseq r5, pc, r1, lsl lr",1
"strne r8, [r0], 0",1
"andseq ip, r0, r1, lsl lr",1
"strne r8, [r0], 0x100",1
"andseq sp, ip, r1, lsl sp",1
"strne r8, [r0], 0x200",1
"eoreq sb, r4, r1, lsl sp",1
"strne r8, [r0], 0x300",1
"andseq sb, sl, r1, lsl ip",1
"strne r8, [r0], 0x400",1
"andseq lr, r1, r1, lsl r5",1
"strne r8, [r0], 0x500",1
"eoreq sl, r4, r1, lsl r5",1
"stcne p0, c8, [r0], {0}",1
"andseq r4, r0, r1, lsl r6",1
"stcne p1, c8, [r0], {0}",1
"andseq r4, fp, r1, lsl r8",1
"stcne p2, c8, [r0], {0}",1
"andseq sl, sb, r1, lsl r0",1
"stcne p3, c8, [r0], {0}",1
"andseq r3, r7, r1, lsl r4",1
"addhs r8, r0, r0",1
"andseq sp, r4, r1, lsl r0",1
"addhs r8, r0, r0, lsl 2",1
"andseq r8, r1, r1, lsl r6",1
"addhs r8, r0, r0, lsl 4",1
"eoreq r2, r4, r1, lsl r0",1
"addhs r8, r0, r0, lsl 6",1
"andseq sp, sl, r1, lsl sl",1
"addhs r8, r0, r0, lsl 8",1
"andseq sb, r1, r1, lsl r7",1
"addhs r8, r0, r0, lsl 10",1
"andseq r4, r3, r1, lsl r4",1
"addhs r8, r0, r0, lsl 12",1
"andseq r4, r8, r1, lsl r4",1
"addhs r8, r0, r0, lsl 14",1
"andseq r0, lr, r1, lsl pc",1
"strhs r8, [r0], 0",1
"eoreq lr, r0, r1, lsl sl",1
"strhs r8, [r0], 0x100",1
"eoreq sl, r1, r1, lsl lr",1
"strhs r8, [r0], 0x200",1
"andseq r2, sb, r1, lsl r1",1
"strhs r8, [r0], 0x300",1
"andseq r3, sb, r1, lsl sb",1
"strhs r8, [r0], 0x400",1
"eoreq ip, r1, r1, lsl r7",1
"strhs r8, [r0], 0x500",1
"andseq r2, pc, r1, lsl pc",1
"strhs r8, [r0], 0x600",1
"andseq ip, sl, r1, lsl r1",1
"strhs r8, [r0], 0x700",1
"eoreq r2, r3, r1, lsl r5",1
"strhs r8, [r0], 0x800",1
"eoreq r6, r3, r1, lsl r4",1
"strhs r8, [r0], 0x900",1
"eoreq r4, r3, r1, lsl lr",1
"strhs r8, [r0], 0xa00",1
"andseq r5, r1, r1, lsl sp",1
"strhs r8, [r0], 0xb00",1
"andseq r3, fp, r1, lsl r4",1
"strhs r8, [r0], 0xc00",1
"eoreq r3, r3, r1, lsl fp",1
"strhs r8, [r0], 0xd00",1
"andeq r2, sp, r1, lsl pc",1
"stmhs r0, {pc}",1
"andseq ip, r8, r1, lsl r7",1
"stmhs r0, {r8, pc}",1
"eoreq r6, r4, r1, lsl r0",1
"stmhs r0, {sb, pc}",1
"andseq sb, sp, r1, lsl ip",1
"stmhs r0, {r8, sb, pc}",1
"andseq sp, lr, r1, lsl r7",1
"stmhs r0, {sl, pc}",1
"andseq r2, r3, r1, lsl pc",1
"stmhs r0, {r8, sl, pc}",1
"eoreq r3, r2, r1, lsl r6",1
"stchs p0, c8, [r0], {0}",1
"andseq r5, r0, r1, lsl sp",1
"stchs p1, c8, [r0], {0}",1
"andseq sl, fp, r1, lsl r3",1
"stchs p2, c8, [r0], {0}",1
"andseq r3, sp, r1, lsl fp",1
"addlo r8, r0, r0",1
"eoreq r0, r3, r1, lsl fp",1
"addlo r8, r0, r0, lsl 2",1
"andseq r6, r6, r1, lsl r8",1
"addlo r8, r0, r0, lsl 4",1
"andseq r2, lr, r1, lsl r6",1
"addlo r8, r0, r0, lsl 6",1
"andeq pc, lr, r1, lsl r0",1
"addlo r8, r0, r0, lsl 8",1
"andeq ip, sp, r1, lsl r5",1
"addlo r8, r0, r0, lsl 10",1
"andseq r1, r1, r1, lsl r3",1
"addlo r8, r0, r0, lsl 12",1
"eoreq fp, r4, r1, lsl r6",1
"addlo r8, r0, r0, lsl 14",1
"eoreq sp, r1, r1, lsl pc",1
"addlo r8, r0, r0, lsl 16",1
"andseq ip, ip, r1, lsl r1",1
"addlo r8, r0, r0, lsl 18",1
"andeq sl, sp, r1, lsl r6",1
"addlo r8, r0, r0, lsl 20",1
"eoreq pc, r1, r1, lsl ip",1
"addlo r8, r0, r0, lsl 22",1
"andseq pc, r8, r1, lsl r5",1
"addlo r8, r0, r0, lsl 24",1
"eoreq sb, r3, r1, lsl ip",1
"addlo r8, r0, r0, lsl 26",1
"andseq r0, r7, r1, lsl r0",1
"addlo r8, r0, r0, lsl 28",1
"andseq r3, r5, r1, lsl sb",1
"addlo r8, r0, r0, lsl 30",1
"andseq r7, r5, r1, lsl r2",1
"addlo sb, r0, r0",1
"eoreq sp, r4, r1, lsl sp",1
"addlo sb, r0, r0, lsl 2",1
"strhi r1, [r1, -r0, lsl 6]",1
"andeq r0, r0, 0xc",1
"addseq r0, r3, r0, lsr r1",1
"mrseq r0, apsr",1
"andeq r0, r0, sb, lsr 26",1
"andeq lr, r6, r4, lsl r0",1
"teqls r0, 0, 4",1
"strne r0, [r0], -0",1
"andeq r0, r0, sl, asr ip",1
"rscseq r3, sl, 2",1
"ldrvs r0, [r4], -r0",1
"andeq r0, r0, 6",1
"andeq sl, r0, r0, lsr r2",1
"tsteq r3, r0",1
"andeq r1, r0, pc, lsl r5",1
svcmi 0x12903,1
"movweq r0, 0",1
"andeq r5, sp, r1, lsl 8",1
"subsne r1, r6, r0, lsl 8",1
invalid,1
"andeq r0, r0, pc, ror 5",1
"eoreq pc, r2, r4, lsl r3",1
svcmi 0x290300,1
"strne r0, [r0, -0]",1
"stmdavs r1, {sb, sl, ip}",1
"streq r0, [r0], -0x1f",1
"subeq r0, pc, pc, lsr r1",1
"andvc r0, r3, 0",1
"strne r0, [r0], -0xd",1
"muleq r0, lr, fp",1
"ldcleq p15, c3, [r2, -0x10]!",1
"streq r0, [r0], -r0",1
"andeq sl, r0, r4, lsl 26",1
"strge r1, [r1, -r0, lsl 6]",1
"andeq r0, r0, 0x21",1
"addseq r0, r5, r6, ror 2",1
"mrseq r0, apsr",1
"andeq r0, r0, r2, lsr 27",1
"andeq lr, r6, r4, lsl r0",1
"strbls r0, [r6, -0x200]!",1
"strne r0, [r0], -0",1
"andeq r0, r0, sl, asr ip",1
"rsceq r6, pc, 0x200000",1
"strne r0, [r0, -r0]",1
"andeq r1, r0, ip, lsl 1",1
svc 0x17b01,1
invalid,1
"andeq r0, r0, r8, ror lr",1
"rsbseq r6, r0, r8, lsl r3",1
"rsceq r7, pc, 1, 26",1
invalid,1
"rsbseq r6, r2, r4, ror 18",1
"rsceq r8, pc, 0x4000000",1
blhs 0x68bbd4,1
invalid,1
"andeq lr, r2, r4, lsl 31",1
"orrseq r1, pc, 0, 20",1
"strhi r0, [r1, -0]",1
"muleq r0, r5, r0",1
"andeq r0, lr, fp, lsl r6",1
invalid,1
svchi 0x10000,1
"andeq r0, r0, r2, lsr 1",1
"andeq r2, r4, sl, lsl r3",1
"addsge r0, r0, 0, 2",1
bne 0xbc04,1
"andeq r2, r0, r1, ror r2",1
"subeq sb, pc, r1, lsl 2",1
invalid,1
"rsbeq r6, r4, r8, lsl r6",1
"subeq sl, pc, r1, lsl 2",1
invalid,1
invalid,1
"strheq r7, [sp], -r1",1
"ldreq r1, [sl], -0x900",1
invalid,1
"strheq sb, [r0], -sp",1
"strbne r1, [r4, r0, lsl 20]",1
"cdplt p0, 0, c0, c1, c0, 0",1
"andeq r0, r0, r2, lsr 1",1
"rsbeq r1, r3, sb, lsl r8",1
"subeq ip, pc, r1, lsl 4",1
"cdphs p0, 1, c0, c10, c0, 0",1
invalid,1
"andeq r7, lr, r3, asr 17",1
vpusheq {s3},1
"strgt r0, [r1], -0",1
"andeq r0, r0, r8, ror lr",1
"eorseq r6, r1, r8, lsl ip",1
"adceq ip, r2, r1, lsl 10",1
invalid,1
"strgt r0, [r1, -0x32]",1
"andeq r0, r0, r2, lsr 1",1
"andseq r0, sl, sl, lsl r0",1
"strbls r0, [r6, 0x100]",1
"andeq r0, r0, r0",1
"andeq r0, r0, r0",1
"addseq r0, fp, r0, lsl 22",1
"cdpeq p0, 8, c0, c8, c0, 0",1
invalid,1
"andlo r0, r0, 0",1
svchs 0x11c00,1
invalid,1
svc 0x1016a,1
"strlo r0, [r0], -2",1
"stmdavc r0, {r3, r4, r5, r7}",1
bmi 0xbf94,1
invalid,1
"andeq r1, r0, sb, lsr 6",1
"andseq fp, pc, sp, lsl r5",1
invalid,1
"andeq r0, r0, pc, ror 5",1
"andeq r4, r0, r7, ror r2",1
"andseq sb, r0, sp, lsl r8",1
invalid,1
"andeq r0, r0, pc, ror 5",1
"ldrdeq r4, r5, [r0], -r5",1
"andeq sl, sp, lr, lsl r2",1
"adcseq r4, r8, r0, lsl 8",1
"andeq r5, sp, r0",1
"andseq r0, r6, 0, 2",1
"andeq r1, r0, ip, lsr 5",1
"andeq r7, sp, pc, lsl r8",1
"ldceq p0, c2, [r3, 0]!",1
"tstmi r4, 0",1
invalid,1
"stmdavc r0, {r3, r4, r5, r7}",1
"strhhs r0, [r0], -fp",1
"strheq r0, [r0], -lr",1
"andeq r4, r0, r3, ror 6",1
"andeq sp, sp, r0, lsr 8",1
"subeq sb, r3, r0, lsl 14",1
"stcleq p2, c2, [sb]",1
"movweq r0, 0x6000",1
"andeq ip, r0, r4, asr 11",1
"stceq p3, c2, [r0, 0x27c]!",1
svceq 0xf40000,1
"strt r0, [r0], -0",1
"strle r0, [r0], -sp",1
"andhs r0, r0, r3, asr 32",1
"strdeq r0, r1, [r0], -sl",1
"andeq r4, r0, sb, ror 7",1
"andeq lr, sp, r0, lsr 30",1
"subeq r1, r4, r0, lsl 4",1
"ldcleq p4, c2, [r4], 0",1
invalid,1
invalid,1
"strls r0, [r1, -0]",1
"andeq r0, r0, pc, ror pc",1
"andeq r1, sp, r5, lsr 26",1
"subeq r2, r4, r0, lsl 12",1
"ldceq p5, c2, [r2, -0]",1
"ldrtmi r0, [sb], -0",1
"streq r0, [r5, -r0]!",1
invalid,1
"strhs r0, [r0], -r4, asr 32",1
"andeq fp, r0, r4, asr 18",1
"andeq r1, r0, sb, asr r3",1
"subseq r0, r2, 0xc0000009",1
invalid,1
"rsbseq r0, r5, r1, asr r2",1
"subseq r0, r0, 0xc0000009",1
"andeq r0, r0, r8, ror r0",1
"andeq pc, ip, r4, lsr 8",1
"adcseq r5, sb, r0",1
"adcseq r6, sb, r0",1
svcgt 0x980100,1
"strhs r0, [r0, -0xf]",1
"andeq r0, r0, r2, lsl sp",1
"andeq r4, r0, r0, lsl 9",1
"andeq r0, sp, r5, lsr 14",1
"subeq fp, r4, r0, lsl 16",1
"ldceq p5, c2, [sp, -0]",1
"ldrbtmi r0, [fp], 0",1
"eorvs r0, r6, r0",1
"stmdbpl r0, {r0, r3, r4, r5, r7}",1
"smladhs r0, r3, r0, r0",1
"cdplo p2, 0, c5, c1, c1, 0",1
"ldrbeq r0, [r1, -0x127]",1
"sbceq ip, r5, r3, lsl 8",1
"andpl r2, r1, r0, lsl 14",1
blvc 0x29de8,1
"andeq r2, r0, r0, lsl 4",1
"adcseq r1, sb, r8, lsr 32",1
"andseq r7, r3, r0, lsl 20",1
"andeq lr, pc, r0, lsl 6",1
"andpl r2, r1, r0, lsl 14",1
"andeq r7, r0, r2, lsl 10",1
"adcseq r3, sb, r6, lsr 32",1
"andseq sb, r3, r0, lsl 6",1
"andpl r2, r1, r0, lsl 14",1
"andeq r7, lr, r2, lsl 22",1
"stcleq p3, c2, [r0]",1
"addsne r0, r6, 0",1
"streq r0, [r2, -r0]!",1
invalid,1
"stceq p4, c2, [sb, -0x168]!",1
invalid,1
invalid,1
bge 0x4be1c,1
"andeq r1, r0, r1, asr 32",1
"andeq r4, sp, r5, lsr 14",1
"subeq r2, r5, r0, lsl 14",1
"ldceq p5, c2, [ip, -0]!",1
"ldrbmi r0, [sb, -0]",1
"stcvs p0, c0, [r6], -0",1
invalid,1
"smladhs r0, r3, r0, r0",1
beq 0xe0244,1
invalid,1
"rsbseq r0, r8, r0, asr r2",1
"eor r0, r3, r0",1
"strhi r0, [r0, -0xd]",1
"andhs r0, r0, r2, lsl r0",1
"andeq r0, r0, r2, lsl lr",1
"andeq r4, r0, r2, lsl 11",1
"andeq r0, lr, r3, lsr 32",1
"andseq r5, r2, r0, lsl 14",1
"cdpeq p0, 1, c2, c13, c0, 0",1
"strbmi r0, [ip]",1
invalid,1
"movwmi r0, 0xe",1
"movwhs r0, 0x46",1
"andeq r0, r0, r0, lsr 28",1
"andeq r1, r0, r2, lsr r2",1
"andeq r3, lr, sb, lsr 8",1
"cdpeq p2, 3, c2, c13, c0, 0",1
"mrsls r0, apsr",1
"stmdami r2!, {r4, r5, r6, r7, sb, sl, fp, ip, sp, lr}",1
"movweq r0, 0xe",1
invalid,1
"andeq r0, r0, r3, asr lr",1
"andeq r4, r0, lr, lsl 13",1
"andeq r5, lr, r0, lsr 26",1
"subeq ip, r6, r0, lsl 4",1
"cdpeq p0, 6, c2, c7, c0, 0",1
"ldrbtmi r0, [r6], r0",1
"strtpl r0, [sl], -0",1
"stmdahi r0, {r0, r2, r3}",1
"stmdami r0, {r0, r3, r4, r5, r7}",1
invalid,1
"andseq sp, r0, r8, asr 13",1
"stcleq p5, c2, [r6, -0]!",1
"ldrmi r0, [0x0000becc]      ; [0xbecc:4]=0xce0000bb",1
"eormi r0, r6, r0",1
"mcrgt p0, 0, r0, c0, c11, 5",1
"smladhs r0, r3, r0, r0",1
"strvc r5, [r2, -1]",1
"strhs r0, [r0], -0",1
"andeq r0, r0, r8, ror sp",1
"andeq fp, r0, r0, lsr sl",1
"andeq fp, r0, ip, lsr sl",1
"tstne fp, r1, lsl 28",1
"strtls r0, [r5], -r0",1
"stmdami r0, {r0, r2, r3}",1
"strhs r0, [r0, -0x47]",1
"andeq r0, r0, fp, lsl 27",1
"andeq r4, r0, r7, ror r7",1
"adcseq r3, sl, r6, lsr 24",1
"andseq lr, r3, r0, lsl 26",1
invalid,1
"cdpvc p1, 0xe, c9, c8, c3, 0",1
beq 0x140c3b4,1
"rsbseq r0, r4, sb, ror r0",1
invalid,1
"andeq r1, r0, r2, lsr ip",1
"andeq r7, sp, r4, lsr 16",1
"adcseq r4, sl, r0",1
"adcseq r5, sl, r0, lsl 8",1
"stclpl p1, c0, [0x0000bf34]!",1
"strhs r0, [r0, -0x11]",1
"muleq r0, r6, sp",1
"andeq r4, r0, sb, lsr 15",1
"andeq r8, sp, r5, lsr 22",1
"subeq sp, r7, r0, lsl 16",1
blt 0x131574c,1
invalid,1
invalid,1
"ldcls p3, c0, [r1], {0x51}",1
"andpl r2, r1, pc, ror r7",1
"strvc r7, [r0], -0x907",1
"ldcne p2, c2, [r1], -0",1
"strtpl r0, [sl], -0",1
"strpl r0, [r0], -0xd",1
"strhvs r0, [r0], -sl",1
invalid,1
"ldrsbeq r8, [r1], -r1",1
"stcleq p5, c2, [r6, -0]!",1
"ldrbmi r0, [r2, r0]!",1
"strtpl r0, [r6], -0",1
"mcrgt p0, 0, r0, c0, c11, 5",1
"smladhs r0, r3, r0, r0",1
"strvc r5, [r2, -1]",1
invalid,1
"andeq fp, r0, r0, asr 19",1
"andeq r1, r0, lr, lsl 8",1
"muleq r0, lr, r1",1
"subseq r0, r1, 0xc0000009",1
"stmdahs r0, {r0, r2, r4, r5, r6}",1
"ldrdeq fp, ip, [r0], -r4",1
"andeq r1, r0, ip, lsr 8",1
"andeq r1, r0, sb, asr 3",1
"cmpeq r3, 0xc0000009",1
invalid,1
invalid,1
"smulwteq r7, r8, lr",1
"stmdale r3, {r0, r4, r6, r8, sl}",1
"strhs r0, [r0, -r5, asr 1]",1
"strvc r5, [r2, -1]",1
"strt r0, [r8], -0",1
bvc 0xc2bc,1
"mcrle p0, 0, r0, c0, c3, 0",1
"smladhs r0, r1, r0, r0",1
"mrsls r5, apsr",1
"stmdahs r0, {r3, r5, r6, r7, sb, sl, fp, ip, sp, lr}",1
"strdeq fp, ip, [r0], -r0",1
"andeq r1, r0, sl, ror r3",1
"strdeq r1, r2, [r0], -r3",1
"cmpeq r0, 0xc0000009",1
invalid,1
"adcseq r0, sl, r8, lsr 24",1
"andseq sb, r3, r0, lsl 6",1
"andseq r0, r2, r0, lsl 14",1
"andpl r2, r1, r0, lsl 14",1
"andeq r7, r3, r2, lsl 20",1
"adcseq pc, sl, r8, lsr 16",1
"andseq r4, r4, r0, lsl 22",1
"andseq r2, r2, r0, lsl 2",1
invalid,1
"strhs r7, [r3, -r2, lsl 20]",1
"strvc r5, [r2], -1",1
invalid,1
"stmdbvs r0, {r0, r1, r3, r4, r5, r7}",1
"smladhs r0, r4, r0, r0",1
"strvc r5, [r2], -1",1
invalid,1
"andeq fp, r0, ip, lsl 21",1
"andeq r1, r0, lr, ror r4",1
"andeq r1, r0, r6, asr 4",1
"subseq r0, r0, 0xc0000009",1
invalid,1
"andeq fp, r0, r0, lsr fp",1
"andeq r1, r0, lr, ror r4",1
"subseq r0, r0, 0xc0000009",1
"andeq r0, r0, r5, ror r0",1
"adcseq r7, sb, r8, lsr 24",1
"andseq sb, r4, r0, lsl 14",1
"andseq r7, r2, r0, lsl 8",1
invalid,1
"ldrbgt r0, [r4, 0x305]",1
invalid,1
"rsbseq r0, sl, r0, asr r2",1
blt 0xff615880,1
"ldrtne r0, [r5], 0",1
invalid,1
"rsbseq r0, sl, r0, asr r2",1
"strtge r0, [r6], -0",1
"stmdbvs r0, {r1, r3, r4, r5, r7}",1
"smladhs r0, r4, r0, r0",1
"stmdavc r2, {r0, ip, lr}",1
"strhs r0, [r0], -r0",1
"strdeq fp, ip, [r0], -r8",1
"andeq r1, r0, lr, asr 9",1
"ldrbeq r0, [r0, -0x127]",1
"sbceq fp, r5, r3, lsl 8",1
"andeq r0, r0, r0",1
"ldmlt r8, {r8, sb, fp, sp}",1
invalid,1
"rscne r0, r8, 0",1
invalid,1
invalid,1
"adceq r0, r2, sb, lsl r2",1
blpl 0xb0c0d0,1
invalid,1
"adceq r0, r2, sb, lsl r2",1
"strtge r0, [r6], -0",1
invalid,1
"smladhs r0, r4, r0, r0",1
"strvc r5, [r2], -0x101",1
"andpl r2, r1, r0, lsl 14",1
"andeq r7, r0, r2, lsl 12",1
"stmdalt r4, {fp, sp} ^",1
"strne r0, [r8, -0]",1
"rscsne r0, fp, 0",1
invalid,1
"eorseq r0, lr, r0, asr r1",1
"adcseq r7, r8, sp, lsr 8",1
"andseq r7, r3, r0, lsl 20",1
"stmlt r4, {fp, sp}",1
"cmnne sl, 0",1
"tstne r8, 0",1
invalid,1
"rsbseq r0, r4, r0, asr r2",1
"stmlt ip, {sb, sl, sp} ^",1
"cmnne sl, 0",1
invalid,1
"rsbseq r0, r4, r0, asr r2",1
"eorls r0, lr, r0",1
invalid,1
"andseq r3, r3, r7, ror sl",1
"stmdavs r3, {r8, sl}",1
svchs 0x149,1
"andeq r0, r0, pc, ror 5",1
"andeq pc, r2, r0, lsr sl",1
"strlt r0, [r8, r0, lsl 14]!",1
invalid,1
"ldreq r3, [ip], -1",1
invalid,1
"strheq r0, [r0], -r7",1
"teqeq r1, r1, lsl 2",1
"andeq r0, r0, r7, lsl 25",1
"andeq sb, r0, r1, lsl 6",1
bvc 0x4c570,1
"andlo r0, r0, 0x13",1
"muleq r0, r3, r0",1
"andeq pc, r2, r2, lsr sl",1
"addeq r3, ip, r0, lsl 4",1
"movwlo r0, 0",1
"andeq r3, r4, r1, lsl 12",1
"orreq r0, fp, r0, lsl 20",1
"andeq sl, r0, r1, lsl 4",1
"orrsne r0, r3, 0, 2",1
svc 0x320000,1
"andeq r0, r0, r2",1
"stcleq p1, c0, [r2], -0xcc",1
"mrsle r0, apsr",1
"addseq r0, r3, r1, lsl 2",1
invalid,1
"andlo r0, r0, 0x13",1
"andeq r0, r0, r2, lsr 1",1
"strpl r3, [r1], -0x400",1
"movweq r0, 0x18",1
"eoreq ip, r3, r0, lsr 16",1
"subeq r0, pc, r0, lsl 2",1
"cdpgt p0, 0, c0, c1, c0, 0",1
"andlo r0, r0, 0x13",1
"andeq r0, r0, pc, ror 5",1
"andeq r4, r0, r2, lsr pc",1
"movwlo r1, 0x500",1
"andseq sp, r1, r1, lsl 12",1
"orreq r0, r8, r0, lsl 16",1
"andeq r4, r0, r1, lsl 30",1
invalid,1
"ldr r0, [r2, -r0]!",1
"andeq r0, r0, r3, lsl r0",1
"rsceq r0, r3, 0x6000000",1
"teqeq r4, r0",1
"muleq r0, sp, r1",1
"movhs r0, ip",1
"strls r0, [r1, -0]",1
invalid,1
"andeq r1, r0, lr, lsl 8",1
"andeq sb, r0, r2, lsr r5",1
"rsceq r3, pc, 0, 4",1
"movwlo r0, 0",1
"eoreq r7, r2, r1, lsl 22",1
"adcseq r0, lr, 0, 14",1
"andeq r4, r0, r1, lsl 30",1
"strtne r0, [ip], -0x100",1
svcmi 0x320000,1
"andlo r0, r0, 0",1
"andeq r0, r0, r2, ror sp",1
"cdple p3, 0, c3, c1, c0, 0",1
"smladeq r0, r1, r0, r0",1
svcmi 0x101a9,1
invalid,1
"andeq r1, r0, fp, asr 8",1
"andeq r7, sp, r2, lsr r2",1
"rsceq r3, pc, 0, 4",1
"andseq r0, r5, r0",1
"mrrceq p1, 3, r0, r2, c3",1
svcle 0xb0000,1
"addseq r0, r3, r1, lsl 2",1
invalid,1
"andlo r0, r0, 0x14",1
"muleq r0, r3, r0",1
"andeq sl, r0, r2, lsr r2",1
"teqeq r5, r0",1
"andeq r0, r0, r1, asr 13",1
invalid,1
"andseq r7, r4, r1, lsl 28",1
"addseq r3, r3, r0, lsl 4",1
"movwlo r0, 0",1
"andeq sp, ip, r1, lsl 30",1
invalid,1
"andeq r4, r0, r1, lsl 30",1
"ldrne r0, [r7], 0x100",1
"eorsvc r0, r2, 0",1
"andeq r0, r0, sp",1
"ldrne r0, [sp, -0x133]",1
"andlo r0, r7, 0",1
"ldcleq p1, c0, [r2, -4]!",1
"strlt r0, [r1, -0]",1
"andlo r0, r0, 0x14",1
"andeq r0, r0, pc, asr 32",1
"andeq lr, r2, r2, lsr pc",1
"teqeq r3, r0",1
"andeq r0, r0, r4, ror 25",1
"mrseq r6, apsr",1
"andeq r0, r0, pc, asr 32",1
"andseq ip, r4, r1, lsl 28",1
"subeq r3, pc, r0, lsl 4",1
"movwlo r0, 0",1
"andseq r8, r7, r1, lsl 4",1
"eorseq r0, r3, 0, 22",1
"andeq sb, r0, r1, lsl 10",1
"strbtne r0, [r7], 0x100",1
svc 0x320000,1
"andeq r0, r0, r2",1
"addseq r0, r3, 52, 2",1
"andeq r0, ip, r0",1
"muleq r0, sp, r2",1
"andeq r4, r0, r1, lsl 30",1
"strne r0, [r8, -0x100]",1
svc 0x320000,1
"andlo r0, r0, 2",1
"andeq r0, r0, pc, ror 5",1
"strgt r3, [r1], -r0, lsl 12",1
svceq 0x13,1
"strls r0, [r1, -0x247]",1
invalid,1
"andeq r0, r3, r2, lsr r1",1
"cdpvc p0, 0, c0, c0, c0, 0",1
"andeq r0, r0, 4",1
"andseq r1, r8, r0, lsl 6",1
"cdpeq p4, 0, c0, c1, c0, 0",1
invalid,1
"andeq r2, r0, r8, lsl 10",1
"andeq r0, r0, sb, lsr 2",1
"andeq fp, r0, r8, ror fp",1
"andeq fp, r0, r8, lsl ip",1
"andeq r1, r0, fp, lsl r7",1
"andeq r5, r1, r2, lsl 8",1
"sbcslo r0, r5, r0, lsl 4",1
"movweq r0, 0",1
"eoreq r0, r4, r4, lsl 14",1
"mrseq r0, apsr",1
"andeq r3, r0, r8, lsl 2",1
"streq r0, [r2, -r0, lsl 6]",1
"andeq r0, r0, pc, lsr r0",1
svcne 0x70403,1
"movweq r0, 0",1
"eorseq r0, r3, r1, lsl 12",1
"andeq r0, r3, 0",1
"andeq ip, r0, r5, lsl 22",1
"streq r0, [r4, -0x400]",1
"rsbseq r6, r4, sb, ror 28",1
"andeq r0, r5, r3, lsl 16",1
"movweq r0, 0",1
"andseq r0, sl, r8, lsl 14",1
bhi 0x8c398,1
"movweq r0, 2",1
"andeq r6, r0, r7, lsr r1",1
"sbcseq r0, fp, 0, 4",1
invalid,1
"andeq r0, r0, r5, lsl 1",1
"streq r0, [r5, -0x403]",1
"andeq r0, r0, 0",1
"ldrdeq r0, r1, [r0], -r1",1
"rsbeq r8, pc, r3, lsl 26",1
"streq r0, [r3], -0",1
"andeq sp, r0, r7, lsl 10",1
"streq r0, [r4], -r0, lsl 10",1
"andeq sl, r0, r4, lsl 12",1
"stmdaeq r1, {r8, sb}",1
"andeq r0, r0, sl, lsr r0",1
"andeq r0, r2, r2, lsl 4",1
"ldmdalt r0!, {sl}",1
"streq r0, [r0, -r0]",1
"strdeq r0, r1, [r0], -lr",1
invalid,1
"stmdaeq r0, {r1}",1
"strdeq r0, r1, [r0], -r2",1
"subseq pc, sl, r5, lsl 14",1
"movwhs r0, 0x2000",1
"subeq r0, r0, 0, 16",1
invalid,1
"andeq r0, r0, r0, lsr 1",1
"stmdaeq r4, {r1, r8, sb, sp}",1
"muleq r0, r0, r1",1
"adceq pc, r0, r5, lsl 26",1
"movwhs r0, 0x2000",1
invalid,1
"cdp2 p0, 0, c0, c5, c0, 0",1
"andeq r0, r0, r0, lsr 1",1
"stmdaeq ip, {r1, r8, sb, sp}",1
"andeq r0, r0, r8, lsr 4",1
"adceq pc, r0, r5, lsl 30",1
"movwhs r0, 0x2000",1
invalid,1
"andeq r0, r5, r0",1
"andeq sl, r0, r1",1
"strtne r0, [r3], -0x200",1
"andeq ip, r2, sb, lsl 6",1
"mrseq r0, apsr",1
"andeq r0, r0, r0, lsr 1",1
"ldmdbeq r8, {r1, r8, sb, sp}",1
"andeq r0, r0, r2, ror r1",1
"andge r0, r1, r5, lsl 4",1
"andeq r0, r0, 0",1
"strpl r1, [sb], -0xc23",1
"streq r0, [r0, -2]",1
"adceq r0, r0, r3, lsl 2",1
"movwhs r0, 0x2000",1
"teqeq pc, 32, 18",1
"streq r0, [r5, -0]",1
"andeq sl, r0, r1",1
"strths r0, [r3], -0x200",1
"andeq lr, r2, sb, lsl 20",1
invalid,1
"andeq r0, r0, r0, lsr 1",1
"stmdbeq r8!, {r1, r8, sb, sp}",1
"andeq r0, r0, r7, asr 2",1
"andge r0, r1, r5, lsl 14",1
"andeq r0, r0, 0",1
"strhi r2, [sb, -r3, lsr 24]",1
"streq r0, [r0, -1]",1
"adcseq r0, r1, 0x40000002",1
"movwhs r0, 0x2000",1
"rsceq r0, r3, 48, 18",1
bleq 0x14c4b0,1
"andeq fp, r2, r1, lsl 14",1
"strtlo r0, [r3], -0x200",1
"andeq r1, r1, sb, lsl 4",1
"mrseq r0, apsr",1
"andeq r0, r0, sl, asr r0",1
"ldmdbeq r8!, {r1, r8, sb, sp}",1
"andeq r0, r0, r4, lsl r3",1
bpl 0x508e4,1
"andeq r0, r0, 0",1
b 0x25b564,1
"streq r0, [r0, -0]",1
"rsbseq r0, sl, r3, lsl r1",1
"movwhs r0, 0x2000",1
"bicseq r0, r1, r0, asr 18",1
"strne r0, [r5, -r0]",1
"andeq r3, r0, r1, lsl 28",1
"strtmi r0, [r3], -0x200",1
"andeq r3, r3, sb",1
"tsteq r8, r0, lsl 10",1
"andeq r0, r0, ip, asr 32",1
"stmdbeq r6, {r1, r8, sb, sp} ^",1
"andeq r0, r0, r7, lsl r2",1
"stclt p9, c1, [r1, -0x14]",1
"andeq r0, r0, 2",1
svclt 0x94723,1
"streq r0, [r0, -1]",1
"sbceq r0, sp, 0x40000007",1
"movwhs r0, 0x2000",1
"rsceq r0, lr, r8, asr 18",1
"strhs r0, [r5], -r0",1
"andeq r8, r0, r1, lsl 24",1
"eorpl r0, r3, r0, lsl 4",1
"andeq r6, r2, sb, lsl 26",1
invalid,1
"muleq r0, lr, r0",1
"ldmdbeq r8, {r1, r8, sb, sp} ^",1
"andeq r0, r0, r1, lsr 4",1
"cdpls p0, 0, c3, c1, c5, 0",1
"andeq r0, r0, 0",1
invalid,1
"streq r0, [r0, -2]",1
"addseq r0, lr, r1, lsr r1",1
"movwhs r0, 0x2000",1
"addeq r0, r3, 96, 18",1
"andlo r0, r5, 0",1
"andeq sb, r0, r1, lsl 28",1
"strtvs r0, [r3], -0x200",1
"andeq r4, r2, sb, lsl 26",1
"teqeq r3, r0, lsl 10",1
"andeq r0, r0, r5, lsr 32",1
"stmdbeq r8!, {r1, r8, sb, sp} ^",1
"andeq r0, r0, ip, lsl r3",1
bpl 0x59998,1
"andeq r0, r0, 0",1
"strlo r6, [sb, -r3, lsr 24]",1
"streq r0, [r0, -2]",1
"sbcseq r0, r3, 0xc000000d",1
"movwhs r0, 0x2000",1
"strvs r0, [sl], -0x70",1
"streq r0, [r0, -3]",1
"andeq r0, ip, 0x26c0000",1
"streq r0, [ip, -0]",1
"andeq fp, r2, r1, lsr 3",1
"rsbeq r0, r7, 0, 16",1
"andge r0, r5, 0",1
"strheq r0, [r0], -r1",1
"stmdaeq r0, {r1, r8, sb, sp}",1
"strdeq r0, r1, [r0], -r8",1
"adcseq sl, r7, 0x14000000",1
"movwhs r0, 0x2000",1
"bicseq r0, sp, r4, lsl 16",1
"strge r0, [r5, -r0]",1
"andeq r0, r0, sl, asr r0",1
"andeq r2, r8, r2, lsl 6",1
"rsbseq r0, sl, 0x6000000",1
"streq r0, [r6], -0",1
"strheq r0, [r0], -r8",1
"andeq sl, r0, fp, lsl 12",1
"andeq ip, r2, r0, lsl 26",1
"addseq r0, r7, r0, lsl 24",1
"andeq r0, r0, r0",1
"rsbseq r0, r3, 0x6000000",1
"strge r0, [fp], -r0",1
"movw r0, 0",1
invalid,1
"muleq r0, r7, r0",1
invalid,1
"ldrdeq r0, r1, [r0], -pc",1
"mrseq lr, apsr",1
"andeq r0, r0, sl, asr r0",1
"andeq fp, r0, r8, ror fp",1
"andeq fp, r0, r8, lsl ip",1
"andeq r4, r0, r0, lsl r8",1
"andeq ip, r3, r1, lsl 16",1
"rsbvc r0, r6, r0, lsl 28",1
"ldmdagt r8!, {r8}",1
invalid,1
svceq 0x48,1
"andeq r2, r0, sp, lsl r5",1
"subseq r3, sl, r1, lsl 20",1
invalid,1
"ldrvs r0, [r0], -r0",1
bllo 0x4c7dc,1
"andeq r0, r0, sl, asr r0",1
"muleq r0, fp, r8",1
"eoreq lr, r4, pc, lsl 10",1
bpl 0xf0ca5c,1
"cdpge p0, 0, c0, c0, c0, 0",1
invalid,1
"andeq fp, r0, r8, lsl 23",1
"andeq r0, r0, r8, ror 7",1
"andeq r0, r0, r0, asr r3",1
"subseq r0, r0, 0x80000004",1
invalid,1
"muleq r0, r8, fp",1
"andeq r0, r0, r1, lsl 8",1
"andeq r0, r0, r4, ror 6",1
"subseq r0, r0, 0x80000004",1
invalid,1
"andeq fp, r0, r8, lsr 23",1
"andeq r0, r0, sb, lsl r4",1
"andeq r0, r0, r8, ror r3",1
"subseq r0, r0, 0x80000004",1
"movwne r0, 0x74",1
"strheq fp, [r0], -r4",1
"andeq r0, r0, r2, lsr r4",1
"adcseq ip, fp, r1, lsl r4",1
"andeq r4, r4, r0, lsl 12",1
"andeq sb, r3, r0, lsl 10",1
"andpl r1, r1, r0, lsl 4",1
"andeq r7, r0, r2, lsl 8",1
"adcseq lr, fp, r1, lsl r0",1
"andeq lr, r3, r0, lsl 16",1
"andeq sl, r3, r0, lsl 18",1
"andpl r1, r1, r0, lsl 4",1
"andeq r7, r0, r2, lsl 8",1
"adcseq pc, fp, r1, lsl r4",1
"andeq r5, r4, r0, lsl 28",1
"andeq fp, r3, r0, lsl 26",1
"stcvc p2, c1, [r2, -0]",1
"eorseq r0, r1, r0, lsl 2",1
"adcseq r1, ip, r4, lsl r8",1
"strbeq r0, [r6], -0x100",1
"streq r0, [r0], -r0",1
"andeq sl, r0, r4, lsl 26",1
"rscseq r1, sl, 0, 10",1
invalid,1
"strheq r0, [r0], -r7",1
invalid,1
"streq r0, [r0], -4",1
"andeq fp, r2, sb, lsr 15",1
"strne r0, [r1], -r0, lsl 2",1
"andeq r1, r1, r1, lsl 6",1
"cmpeq sl, 0, 8",1
"andeq r5, r0, r1, lsl 20",1
"streq r0, [r1], -0x100",1
invalid,1
"andeq r0, r0, r3",1
"strbths r0, [ip], 0x118",1
"movwlo r0, 0x6000",1
"andeq r5, r0, r1, lsl 20",1
"ldreq r0, [sb], -0x100",1
invalid,1
"andeq r0, r0, r3",1
"ldrbths r0, [r7], 0x116",1
"stceq p0, c0, [r7, -0]",1
"subseq r0, sl, r2, lsl 2",1
"andlo r0, r1, 0",1
"strne r0, [r0, -r4]",1
"andeq r0, r0, r8, asr 7",1
"stcvc p9, c1, [r1, -0]",1
"stmdbeq r0, {r0, r1}",1
"strbeq r0, [r0], -0x132",1
"streq r0, [r1], -r0",1
"andeq r5, r0, r4, lsl 20",1
"movw r1, 0x1800",1
"streq r0, [r0], -0xc",1
"subseq r0, sl, sp, ror 3",1
"cdppl p0, 0, c0, c1, c0, 0",1
"strne r0, [r0, -r4]",1
"andeq r0, r0, r8, asr 7",1
"andeq r1, r1, 0, 20",1
"stmdaeq r0, {r0, r2, r5}",1
"ldrhs r0, [r5, -0x151]",1
invalid,1
invalid,1
"andeq r5, r0, r7, lsl sl",1
"addeq r1, ip, r0, lsl 14",1
bpl 0x5cc7a4,1
"andeq r0, r0, r0",1
"andeq pc, r3, r0, lsl 14",1
bhi 0xcfb0,1
"streq r0, [r0], -0x19",1
"andeq r0, r0, r1, lsl 28",1
"strhs r0, [sb, -0x100]!",1
invalid,1
invalid,1
"stcllt p0, c0, [ip], -0",1
invalid,1
"strpl r0, [r2], -0",1
"andeq r0, r0, 1",1
"ldrdeq r3, r4, [r0], -r5",1
"streq r0, [r4, -r0, lsl 6]",1
"andeq r0, r0, r4, lsr 32",1
invalid,1
"movweq r0, 0",1
"eorseq r0, pc, r2, lsl 14",1
"streq r0, [r3], -0",1
"andeq r1, r0, r7, lsl 30",1
"streq r0, [r1], -r0, lsl 6",1
"andeq r0, r0, r3, lsr r0",1
blgt 0x14d00c,1
"streq r0, [r0], -0",1
"cdpvs p5, 6, c0, c9, c4, 0",1
"stmdaeq r3, {r2, r4, r5, r6}",1
"andeq r0, r0, r5",1
"streq r0, [r8, -r0, lsl 6]",1
"andeq r0, r0, sl, lsl r0",1
"andeq r8, r2, r2, lsl 20",1
"teqvs r7, r0, lsl 6",1
"andeq r0, r0, 0",1
"ldrdeq r0, r1, [r0], -fp",1
"addeq r8, r5, r3, lsl 24",1
"streq r0, [r3], -0",1
"andeq r0, r0, r5, lsl 10",1
"sbcseq r0, r1, 0, 4",1
"stchi p0, c0, [r3, -0]",1
"andeq r0, r0, pc, rrx",1
"strle r0, [r7, -0x403]",1
"streq r0, [r0, -0]",1
"strge r0, [r4], -r4, lsl 12",1
"movweq r0, 0",1
"eorseq r0, sl, r1, lsl 16",1
"andeq r0, r2, 0",1
"streq r0, [r0], -2",1
"andeq fp, r0, r0, lsr r8",1
invalid,1
"ldreq r0, [r8]",1
"strdeq r7, r8, [r2], -r6",1
"ldrbteq r0, [r2], r0, lsl 16",1
invalid,1
"andeq r0, r0, sl, asr r0",1
"stmdaeq r0, {r1, r8, sb, sp}",1
"andeq r0, r0, r0, asr 4",1
"adceq pc, r0, r5, lsl 24",1
"movwhs r0, 0x2000",1
"orrseq r0, r0, r4, lsl 16",1
"stc2 p0, c0, [r5, -0]",1
"andeq r0, r0, r0, lsr 1",1
"stmdaeq r8, {r1, r8, sb, sp}",1
"andeq r0, r0, r2, lsr 6",1
"adceq pc, r0, r5, lsl 28",1
"movwhs r0, 0x2000",1
"eoreq r0, r8, 12, 16",1
invalid,1
"andeq r0, r0, r0, lsr 1",1
"ldmdbeq r0, {r1, r8, sb, sp}",1
"andeq r0, r0, r4, ror 2",1
"andge r0, r1, r5",1
"andeq r0, r0, 0",1
"movwgt r1, 0x9423",1
"streq r0, [r0, -2]",1
"adceq r0, r0, r1, lsl 2",1
"movwhs r0, 0x2000",1
"cmneq r2, r8, lsl sb",1
"andeq r0, r5, 0",1
"andeq sl, r0, r1",1
"stcne p2, c0, [r3], -0",1
"andeq r5, r2, sb, lsl 8",1
"mrseq r0, apsr",1
"andeq r0, r0, r0, lsr 1",1
"stmdbeq r0!, {r1, r8, sb, sp}",1
"andeq r0, r0, pc, lsr r3",1
"andge r0, r1, r5, lsl 10",1
"andeq r0, r0, 0",1
b 0x25598c,1
"streq r0, [r0, -2]",1
"adceq r0, r0, r6, lsl 2",1
"movwhs r0, 0x2000",1
invalid,1
"streq r0, [r5, -r0]",1
"andeq sl, r0, r1",1
"stchs p2, c0, [r3], -0",1
"andeq r8, r1, sb, lsl 14",1
"mrseq r0, apsr",1
"strheq r0, [r0], -r1",1
"ldmdbeq r0!, {r1, r8, sb, sp}",1
"andeq r0, r0, r3, ror 5",1
"strlt r0, [r1, -r5, lsl 22]",1
"andeq r0, r0, 2",1
"andne r3, sb, 0x23000000",1
"streq r0, [r0, -1]",1
"subseq r0, sl, sp, lsl 2",1
"movwhs r0, 0x2000",1
"tsteq r4, 56, 18            ; 0x38",1
"mrsne r0, apsr",1
"andeq r5, r0, r1, lsl 20",1
"stclo p2, c0, [r3], -0",1
"andeq lr, r0, sb, lsl 20",1
"tsteq r3, r0, lsl 10",1
"andeq r0, r0, sl, ror r0",1
"stmdbeq r0, {r1, r8, sb, sp} ^",1
"ldrdeq r0, r1, [r0], -r1",1
"cdplo p7, 0, c1, c1, c5, 0",1
"andeq r0, r0, 0",1
"andlo r4, sb, r3, lsr 8",1
"streq r0, [r0, -3]",1
"subeq r0, ip, r8, lsl r1",1
"movwhs r0, 0x2000",1
"andseq r0, r7, 0x118000",1
invalid,1
"andeq fp, r2, r1, lsl 26",1
"strmi r0, [r3, -r0, lsl 4]!",1
"andeq fp, r1, sb, lsl 30",1
"tsteq sp, r0, lsl 10",1
"andeq r0, r0, sp, asr 5",1
"stmdbeq r8, {r1, r8, sb, sp} ^",1
"andeq r0, r0, lr, ror 1",1
invalid,1
"andeq r0, r0, 0",1
"stcvs p0, c5, [sb, -0x8c]",1
"streq r0, [r0, -2]",1
"addseq r0, lr, pc, lsr 2",1
"movwhs r0, 0x2000",1
"eoreq r0, r1, 88, 18",1
"andlo r0, r5, r0",1
"andeq sb, r0, r1, lsl 28",1
"stcpl p2, c0, [r3], -0",1
"andeq r7, r2, sb, lsl 24",1
"teqeq r1, r0, lsl 10",1
"muleq r0, lr, r0",1
"stmdbeq r0!, {r1, r8, sb, sp} ^",1
"andeq r0, r0, r3, lsl 5",1
"cdpls p2, 0, c3, c1, c5, 0",1
"andeq r0, r0, 0",1
"stcmi p4, c6, [sb, -0x8c]",1
"streq r0, [r0, -2]",1
"eoreq r0, r5, r3, lsr r1",1
"movwhs r0, 0x2000",1
"tsteq ip, 104, 18           ; 0x68",1
"strlo r0, [r5, -0]",1
"andeq r5, r0, r1, lsl 20",1
"stcvs p2, c0, [r3], -0",1
"andeq r3, r2, sb, lsl 14",1
"teqeq r7, r0, lsl 10",1
"ldrdeq r0, r1, [r0], -r3",1
"rsbseq r2, r0, r2, lsl 6",1
"andeq r6, r3, sl, lsl 8",1
"ldreq r0, [fp, r0, lsl 10]",1
"andeq r0, r0, ip, lsl 4",1
invalid,1
"stmdaeq r0, {r1}",1
"andeq r0, r0, r7, ror 4",1
"adcseq sl, r1, 0x50000000",1
"movwhs r0, 0x2000",1
invalid,1
"movwge r0, 0x5000",1
"strheq r0, [r0], -r7",1
"stmdaeq r4, {r1, r8, sb, sp}",1
"ldrdeq r0, r1, [r0], -sp",1
"subseq sl, sl, r5, lsl 14",1
"movwhs r0, 0x2000",1
"streq r0, [r6], -8",1
"andeq r0, r0, sl, ror r2",1
"adcseq r0, r8, r6, lsl 8",1
"strge r0, [fp], -r0",1
"stcgt p0, c0, [r0, -0]",1
invalid,1
"muleq r0, r7, r0",1
"streq r0, [r6], -0",1
"andeq r0, r0, r3, ror r2",1
"andeq sl, r0, fp, lsl 12",1
"andeq lr, r2, r0, lsl 6",1
"addseq r0, r7, r0, lsl 24",1
"eoreq r0, r7, r0",1
"andeq sp, r2, r2, lsl 26",1
"mrrchi p4, 0, r0, ip, c0",1
"stceq p0, c0, [r0, -0]",1
"andeq r2, r0, r6, lsr r5",1
"mrseq r2, apsr",1
"andeq r0, r0, r6, lsl 6",1
"rsbseq r6, r0, lr, lsl 12",1
"movweq r2, 0x6801",1
"streq r0, [r0], -r0",1
"andeq sl, r0, r4, lsl 26",1
invalid,1
"streq r0, [r0], -r4, lsr 32",1
bpl 0x4d2f4,1
invalid,1
invalid,1
invalid,1
invalid,1
"muleq r0, r1, r3",1
"andeq ip, fp, r0, lsl r5",1
"ldrbteq r0, [ip], -r0, lsl 2",1
"andne r0, r0, 3",1
invalid,1
"andeq r0, r0, lr, ror 5",1
"andeq fp, r0, r4, asr 24",1
"andeq fp, r0, ip, ror 24",1
invalid,1
blx 0x48cafa,1
invalid,1
"stcllt p3, c1, [r8], -0x150",1
invalid,1
"tsteq r4, r0",1
"rsbseq r0, r4, r0, asr r2",1
"rsbseq r0, sp, r4, lsl r2",1
"andeq r3, r0, r1, lsl 2",1
"adcseq r2, ip, r5, lsl ip",1
"andeq ip, r3, r0, lsl 28",1
"andeq r7, r3, r0, lsl 30",1
"andpl r1, r1, r0, lsl 8",1
"andeq r7, r0, r2, lsl 8",1
"adcseq r4, ip, r6, lsl r4",1
invalid,1
"tsteq r4, r0",1
"rsbseq r0, r4, r0, asr r2",1
blx 0x5ccb3c,1
"streq r0, [r0], -2",1
"andeq fp, r2, r8, lsr 15",1
"strne r0, [r1, -r0, lsl 2]",1
"andeq r0, r0, ip, lsl r4",1
"adcseq sl, r7, 4, 18",1
"mrseq r0, apsr",1
"ldrbhs r0, [lr, -0x118]",1
bne 0x18cb5c,1
"subseq r0, sl, r3, lsl 2",1
"cdpgt p0, 0, c0, c1, c0, 0",1
"stmdbne r0, {r0, r1}",1
"andeq r0, r0, r6, lsl 6",1
"andeq lr, r2, sb, lsl r3",1
"subseq r1, sl, r0, lsl 18",1
bne 0xcb78,1
"eoreq lr, r4, r1, lsl 24",1
"teqeq r3, r0, lsl 14",1
"andeq r0, r0, sl, asr r0",1
"andeq lr, r3, r1, lsl 12",1
"movweq r1, 0x6900",1
blne 0xcb90,1
"eoreq pc, r4, r1, lsl 22",1
invalid,1
"andeq r0, r0, sl, asr r0",1
"movweq r1, 0x6901",1
"andeq r0, r0, r0",1
"andeq r0, r0, r8, lsl 8",1
blne 0x14cbb4,1
invalid,1
"andeq r0, r0, lr",1
"eoreq r6, r5, r1, lsl 18",1
"andeq r2, r1, r0, lsl 18",1
"adcseq r6, ip, r0, lsl 24",1
"adcseq r1, sp, r0",1
"andseq r2, sb, r0, lsl 10",1
"streq r0, [r8, -r0, lsl 4]",1
"andeq r0, r0, sl, lsl r0",1
"andeq r5, r1, r3, lsl 8",1
"ldrblo r0, [r5, r0, lsl 4]",1
"andeq r0, r0, 0",1
"eoreq r0, r4, r4, lsl 14",1
invalid,1
"andeq r3, r0, r8, lsl 2",1
"streq r0, [r2, -r0, lsl 4]",1
"andeq r0, r0, pc, lsr r0",1
svcne 0x70402,1
"andeq r0, r0, 0",1
"eorseq r0, r3, r1, lsl 12",1
"andeq r0, r2, 0",1
"andeq ip, r0, r5, lsl 22",1
"streq r0, [r4, -0x400]",1
"rsbseq r6, r4, sb, ror 28",1
"andeq r0, r5, r2, lsl 16",1
"movweq r0, 0",1
"andeq r0, r0, sl, lsl 5",1
"rsbeq r3, r8, r3, lsl 14",1
blle 0xccc20,1
"movweq r0, 2",1
"andeq r8, r0, ip, lsl 11",1
"streq r0, [r4, -0x200]",1
"andeq r0, r0, r5",1
"andeq sp, r2, r3, lsl 2",1
svcvs 0x8d0300,1
"andeq r0, r0, 0",1
"sbcseq r0, r5, r4, lsl 14",1
"streq r0, [r5], -0",1
"adceq r0, r6, r6, lsl 8",1
invalid,1
"andeq r3, r0, r8, lsl 20",1
"andeq r0, r2, 0, 6",1
"andlo r0, r4, r0",1
"strheq r0, [r0], -r8",1
"andeq pc, r1, r7, lsl 28",1
invalid,1
"andeq r0, r0, r3, ror r2",1
"andeq pc, r6, r8, lsl 4",1
invalid,1
"andeq r0, r0, 0",1
"andmi r0, r8, r3, lsr 32",1
"streq r0, [r0, -2]",1
"strdeq sl, fp, [r0], -ip",1
"strteq r0, [r3], -0x200",1
"andeq sb, r1, r8",1
"rscsge r0, sp, r0, lsl 10",1
"andeq r0, r0, 0",1
"andhs r0, r8, 0x230000",1
"streq r0, [r0, -3]",1
"strdeq sl, fp, [r0], -lr",1
"stceq p2, c0, [r3], -0",1
"andeq r2, r2, r8, lsl 16",1
"rscsge r0, pc, r0, lsl 10",1
"andeq r0, r0, 0",1
"strvs r1, [sb], -0x23",1
"streq r0, [r0, -1]",1
"adceq r0, r0, r0, lsl 2",1
"movwhs r0, 0x2000",1
"sbceq r0, r3, 20, 18",1
"mrseq r0, apsr",1
"andeq sl, r0, r1",1
"stmdane r3!, {sb}",1
"andeq r7, r1, sb, lsl 4",1
invalid,1
"andeq r0, r0, r0, lsr 1",1
"ldmdbeq ip, {r1, r8, sb, sp}",1
"andeq r0, r0, r4, asr r2",1
"andge r0, r1, r5, lsl 6",1
"andeq r0, r0, 0",1
svclo 0x92023,1
"streq r0, [r0, -3]",1
"adceq r0, r0, r5, lsl 2",1
"movwhs r0, 0x2000",1
"rsceq r0, sl, 36, 18",1
"streq r0, [r5], -r0",1
"andeq sl, r0, r1",1
"stmdahs r3!, {sb}",1
"andeq r4, r1, sb, lsl 14",1
"mrseq r0, apsr",1
"andeq r0, r0, r0, lsr 1",1
"stmdbeq ip!, {r1, r8, sb, sp}",1
"andeq r0, r0, r7, lsl 3",1
"mrslt r0, apsr",1
"andeq r0, r0, 2",1
"movw r3, 0x9023",1
"streq r0, [r0, -2]",1
"adcseq r0, r7, 0xc0000002",1
"movwhs r0, 0x2000",1
"tsteq r2, r4, lsr sb",1
"stceq p0, c0, [r5, -0]",1
"andeq r6, r0, r1, lsl 2",1
"stmdalo r3!, {sb}",1
"andeq r1, r3, sb, lsl 8",1
"tsteq r1, r0, lsl 10",1
"andeq r0, r0, r1, rrx",1
"ldmdbeq ip!, {r1, r8, sb, sp}",1
"andeq r0, r0, sl, ror 1",1
bvc 0x51970,1
"andeq r0, r0, 0",1
invalid,1
"streq r0, [r0, -1]",1
"subeq r0, r5, r7, lsl r1",1
"movwhs r0, 0x2000",1
"teqeq r0, 68, 18",1
invalid,1
"andeq r5, r0, r1, lsl 6",1
"strtmi r0, [r3], -r0, lsl 4",1
"andeq r1, r2, sb, lsl 14",1
"tsteq sb, r0, lsl 10",1
"strheq r0, [r0], -sp",1
"stmdbeq r7, {r1, r8, sb, sp} ^",1
"strheq r0, [r0], -pc",1
"stcgt p13, c1, [r1, -0x14]",1
"andeq r0, r0, 2",1
"cdp p8, 0, c4, c9, c3, 1",1
"streq r0, [r0, -0]",1
"addeq r0, ip, r6, lsr 2",1
"movwhs r0, 0x2000",1
"rsbeq r0, sp, 80, 18",1
svchs 0x50000,1
"andeq sb, r0, r1, lsl 28",1
"stmdapl r3!, {sb}",1
"andeq r2, r2, sb, lsl 2",1
"teqeq r0, r0, lsl 10",1
"muleq r0, lr, r0",1
"ldmdbeq ip, {r1, r8, sb, sp} ^",1
"andeq r0, r0, ip, ror r2",1
"cdpls p1, 0, c3, c1, c5, 0",1
"andeq r0, r0, 0",1
"movwhi r6, 0x9023",1
"streq r0, [r0, -2]",1
"addseq r0, lr, r2, lsr r1",1
"movwhs r0, 0x2000",1
"subeq r0, sp, 100, 18",1
"movwlo r0, 0x5000",1
"andeq r2, r0, r1, lsl 24",1
"stmdavs r3!, {sb}",1
"andeq r1, r3, sb, lsl 24",1
"teqeq r5, r0, lsl 10",1
"andeq r0, r0, r1, rrx",1
"stmdbeq ip!, {r1, r8, sb, sp} ^",1
"andeq r0, r0, r7, lsr r2",1
"movwle r3, 0x1705",1
"andeq r0, r0, 2",1
beq 0x28ea4,1
"andeq r0, r0, r4, ror 6",1
invalid,1
invalid,1
"adcseq sl, r1, 0x40000001",1
"strvs r0, [r8, -r0]",1
"streq r0, [r0, -2]",1
"andeq fp, r2, r2, lsr 3",1
"eoreq r0, r3, r0, lsl 4",1
"andeq pc, r1, r8, lsl 16",1
"strlt r0, [r3, r0, lsl 10]!",1
"andeq r0, r0, 2",1
"stcle p4, c0, [r8, -0x8c]",1
"streq r0, [r0, -1]",1
"andeq r6, r0, r7, lsr 3",1
"stmdaeq r3!, {sb}",1
bvc 0x10e658,1
"streq r0, [r0], -r2",1
"andeq fp, r0, r4, lsl 16",1
"adceq r0, r6, r0, lsl 22",1
"sbceq r0, sp, 0",1
"strls r0, [ip, -r0]",1
"andeq r0, r0, r0",1
"movwvc r0, 0x4600",1
bleq 0xce80,1
"andeq r0, r0, r6, lsr 1",1
"andeq r0, r0, r3, ror 5",1
"andeq sb, r0, ip, lsl 14",1
"movweq r2, 0x700",1
"ldrdeq r0, r1, [r0], -sp",1
"addeq r5, ip, r4, lsl 24",1
"mrseq r0, apsr",1
"andeq r2, r0, lr, asr r5",1
invalid,1
"andeq r0, r0, r1, rrx",1
"andeq fp, r0, ip, ror 24",1
"andeq fp, r0, r0, lsl sp",1
"andeq r4, r0, r0, lsr sb",1
"andeq r8, r3, r1, lsl 16",1
"rsbvc r0, r6, r0, lsl 28",1
"ldmdahi ip, {r8}",1
invalid,1
svceq 0x49,1
"andeq r0, r0, pc, ror 1",1
"rsceq r1, r3, 0x100",1
invalid,1
"ldrvc r0, [r0], -r0",1
invalid,1
"andeq r6, r0, ip, lsl r1",1
"addseq r0, r1, r0, lsl 4",1
"andeq r7, lr, r1, lsl r8",1
"andeq r7, r3, r0, lsl 12",1
svcvs 0x701200,1
"movwvc r0, 0x1073",1
"andeq r0, r0, r3, ror 5",1
"ldrdeq r4, r5, [r0], -r8",1
"adcseq ip, ip, r3, lsl r4",1
"andeq sl, r3, r0, lsl 16",1
"andeq r6, r3, r0, lsl 8",1
"andpl r1, r1, r0, lsl 8",1
"andeq r7, r0, r2, lsl 12",1
"adcseq sp, ip, r5, lsl r4",1
"andeq ip, r3, r0, lsl 2",1
"stcvc p4, c1, [r2, -0]",1
"rsbseq r0, r4, r0, lsl 4",1
invalid,1
"strheq r0, [r0, -ip]",1
"andeq r0, r0, r8, ror 7",1
"subseq r0, r0, 20, 2",1
"andeq r0, r0, r6, ror r0",1
"adceq r0, sp, r6, lsl 8",1
blx 0x5ccf34,1
"streq r0, [r0], -2",1
"andeq fp, r2, r8, lsr 15",1
"strne r0, [r1, -r0, lsl 2]",1
"andeq r0, r0, ip, lsl r4",1
"adcseq sl, r7, 4, 18",1
"mrseq r0, apsr",1
"tsteq r3, r8, lsl r1",1
bpl 0x10cf54,1
"rsbeq r0, r1, r3, lsl 2",1
"mrsgt r0, apsr",1
"stmdbne r0, {r0, r1}",1
"andeq r0, r0, r8, lsl 7",1
"andeq r1, r1, 0, 20",1
"streq r0, [r0, -r5, lsr 32]",1
"ldrhs r0, [r5, -0x151]",1
invalid,1
invalid,1
"andeq r0, r0, r8, ror 7",1
"andeq r6, r0, sb, lsl r1",1
"addeq r1, ip, r0, lsl 18",1
"tstvs sb, r0",1
"andeq r0, r0, r0",1
"strbhs r0, [r2, -0x11b]!",1
"stceq p0, c0, [r4, -0]",1
"eoreq r7, r5, r3, lsl 26",1
"rsbeq r0, r1, r0, lsl 2",1
invalid,1
"andeq r0, r0, r8, lsl 7",1
"andeq r8, r0, sb, lsl ip",1
"rsbeq r1, r1, r0, lsl 18",1
"andeq r0, r0, r0",1
"andeq r0, r0, r8, ror 1",1
"stcne p0, c0, [r4], {2}",1
invalid,1
"andeq r1, r0, r6, lsr 20",1
"andeq fp, r0, r0, lsl sp",1
"ldrdeq fp, ip, [r0], -r8",1
"stclvs p8, c6, [0x0000cf10]!",1
"rsbvs r2, sl, 0x194",1
"strbvs r7, [fp, -0x275]!",1
svcvs 0x792f74,1
svchs 0x6f7463,1
"stclvs p5, c7, [sb], -0x188",1
"ldclvs p15, c2, [r4, -0x190]!",1
svcvs 0x772f70,1
invalid,1
"ldrbvs r6, [r2, -0x168]!",1
invalid,1
"cdphs p13, 3, c2, c4, c3, 3",1
"ldchs p14, c2, [r2, -0xdc]!",1
svchs 0x303272,1
"stclhs p3, c6, [r3, -0x19c]!",1
"mrchs p14, 1, r2, c7, c4, 1",1
"stmdbvs ip!, {r1, r4, r5, r8, sb, sl, fp, sp} ^",1
invalid,1
"cdpvs p3, 6, c6, c15, c15, 1",1
svchs 0x676966,1
svchs 0x6d7261,1
invalid,1
invalid,1
"subseq r2, r3, r3, ror lr",1
"stclvs p8, c6, [0x0000cf70]!",1
"rsbvs r2, sl, 0x194",1
"strbvs r7, [fp, -0x275]!",1
svcvs 0x792f74,1
svchs 0x6f7463,1
"stclvs p5, c7, [sb], -0x188",1
"ldclvs p15, c2, [r4, -0x190]!",1
svcvs 0x772f70,1
invalid,1
invalid,1
"ldrbtvs r2, [r6], -r1, ror 26",1
"strbvs r2, [lr, -0xd70]!",1
"eorvc r6, sp, pc, ror 28",1
invalid,1
"strbvc r6, [lr, -0x96c]!",1
"mcrvs p13, 3, r2, c7, c8, 3",1
"rsbvs r6, r1, 0x1d400000",1
"stmdbvs ip!, {r0, r3, r5, r6, r8, sb, sl, fp, sp} ^",1
invalid,1
"strlo r3, [lr, -pc, lsr 8]!",1
"eorvc r3, sp, 0xe0000002",1
"eorvs r3, pc, 0x32",1
"strbtvs r6, [ip], -0x975",1
"rsbvs r6, sb, 0x2f00",1
"rsbeq r6, r3, r7, ror 6",1
"subshs r4, r5, r7, asr 28",1
"eorlo r5, r0, 0x4000001",1
"cdphs p2, 3, c3, c3, c14, 1",1
"andhi r0, r1, r1, lsr r0",1
"andeq r0, r0, r8, ror 1",1
"ldcne p0, c0, [r8], {2}",1
invalid,1
"ldrdeq r1, r2, [r0], -sl",1
"ldrdeq fp, ip, [r0], -r8",1
"andeq fp, r0, r8, ror 27",1
"stclvs p8, c6, [0x0000cffc]!",1
"rsbvs r2, sl, 0x194",1
"strbvs r7, [fp, -0x275]!",1
svcvs 0x792f74,1
svchs 0x6f7463,1
"stclvs p5, c7, [sb], -0x188",1
"ldclvs p15, c2, [r4, -0x190]!",1
svcvs 0x772f70,1
invalid,1
"ldrbvs r6, [r2, -0x168]!",1
invalid,1
"cdphs p13, 3, c2, c4, c3, 3",1
"ldchs p14, c2, [r2, -0xdc]!",1
svchs 0x303272,1
"stclhs p3, c6, [r3, -0x19c]!",1
"mrchs p14, 1, r2, c7, c4, 1",1
"stmdbvs ip!, {r1, r4, r5, r8, sb, sl, fp, sp} ^",1
invalid,1
"cdpvs p3, 6, c6, c15, c15, 1",1
svchs 0x676966,1
svchs 0x6d7261,1
invalid,1
invalid,1
"subseq r2, r3, r3, ror lr",1
"stclvs p8, c6, [0x0000d05c]!",1
"rsbvs r2, sl, 0x194",1
"strbvs r7, [fp, -0x275]!",1
svcvs 0x792f74,1
svchs 0x6f7463,1
"stclvs p5, c7, [sb], -0x188",1
"ldclvs p15, c2, [r4, -0x190]!",1
svcvs 0x772f70,1
invalid,1
invalid,1
"ldrbtvs r2, [r6], -r1, ror 26",1
"strbvs r2, [lr, -0xd70]!",1
"eorvc r6, sp, pc, ror 28",1
invalid,1
"strbvc r6, [lr, -0x96c]!",1
"mcrvs p13, 3, r2, c7, c8, 3",1
"rsbvs r6, r1, 0x1d400000",1
"stmdbvs ip!, {r0, r3, r5, r6, r8, sb, sl, fp, sp} ^",1
invalid,1
"strlo r3, [lr, -pc, lsr 8]!",1
"eorvc r3, sp, 0xe0000002",1
"eorvs r3, pc, 0x32",1
"strbtvs r6, [ip], -0x975",1
"rsbvs r6, sb, 0x2f00",1
"rsbeq r6, r3, r7, ror 6",1
"subshs r4, r5, r7, asr 28",1
"eorlo r5, r0, 0x4000001",1
"cdphs p2, 3, c3, c3, c14, 1",1
"andhi r0, r1, r1, lsr r0",1
"andeq r0, r0, lr, lsr r1",1
"stcne p0, c0, [ip], 8",1
invalid,1
"andeq r0, r0, lr",1
"eoreq sb, r5, r1, lsl 22",1
"andeq r6, r0, r0, lsl 2",1
"adcseq lr, sp, r0, lsl 16",1
"adcseq r5, lr, r0",1
"andseq r7, fp, r0",1
"streq r0, [r4, -0x200]",1
"rsbseq r6, r4, sb, ror 28",1
"andeq r5, r1, r3, lsl 8",1
"ldrblo r0, [r5, r0, lsl 4]",1
"streq r0, [r0], -0",1
"eoreq r0, r4, r4, lsl 14",1
"mrseq r0, apsr",1
"andeq r2, r0, fp, lsl 11",1
"stmda r1, {r0, lr}",1
invalid,1
"strheq r0, [r0], -lr",1
invalid,1
"andeq r0, r0, sb, asr 1",1
"andeq r0, r2, r6, lsl 14",1
"strbhs r0, [r0, -0x100]",1
"andhs r0, r0, r0",1
"streq r0, [r0], -sl, asr 32",1
"strdeq r0, r1, [r0], -r3",1
"sbceq r4, sb, r1",1
bmi 0xf8d1fc,1
"strhi r0, [r6], -r0",1
invalid,1
"andeq ip, r0, r0, asr 18",1
"subeq r5, sl, r0, lsl 24",1
"strbne r0, [r8, r0, lsl 14]",1
"mrspl r0, apsr",1
"ldrdeq r0, r1, [r0], -ip",1
"andeq sb, lr, r8",1
"andeq fp, r0, r0, lsl 30",1
"rsbeq r0, sb, r0, lsl 18",1
"eoreq r5, ip, r1, lsl 4",1
bmi 0x1e8d22c,1
invalid,1
bleq 0xd52c,1
bvc 0xa1a3c,1
invalid,1
bleq 0x2b248,1
"strvc r5, [r2, -r1]",1
invalid,1
"andeq fp, r0, r8, lsl 28",1
"andeq r0, r0, r7, lsr r1",1
svcgt 0x40d00,1
"stceq p0, c0, [r0, -0]",1
"andeq sp, r0, r4, lsl 10",1
"stmdaeq r1, {sl}",1
"andeq r0, r0, sl, lsr r0",1
"andeq r2, r0, lr, lsl 24",1
bgt 0x50e6c,1
invalid,1
"mcrlt p1, 2, r0, c12, c10, 2",1
"cdplt p0, 5, c0, c0, c0, 0",1
"stcvc p0, c0, [r2, -0]",1
"ldrne r0, [r0, -r0, lsl 2]",1
invalid,1
invalid,1
"strne r1, [r1, -r0, lsl 4]",1
"movwne r0, 1",1
"andeq r0, r0, r5, lsr 32",1
"andeq ip, r0, r3, lsl sb",1
"sbceq r1, sb, r0, lsl 6",1
"stceq p0, c0, [r0, -0]",1
"andeq r0, r1, r4, lsl 2",1
"strhs r1, [r6, 0x400]!",1
invalid,1
"strdeq r0, r1, [r0], -r6",1
"ldmdblt r4, {r0, r8}",1
invalid,1
"andeq pc, r0, lr, lsr 12",1
"strne r0, [r1, -0x100]",1
"eoreq sb, r5, r1, lsl 10",1
"teqeq r6, r0, lsl 2",1
"mrseq r0, apsr",1
"andeq r0, r2, r0",1
"strheq r1, [r0], -sb",1
"andeq r0, lr, r4, lsl 2",1
"mrsvs r0, apsr",1
"vst4.8 {d0, d1, d2, d3}, [r0:0x80], r6",1
"andpl r0, r0, r5, lsr 32",1
invalid,1
blvc 0xd5e4,1
"andeq r0, r0, 0x1c",1
"cdpvs p5, 6, c0, c9, c4, 0",1
"streq r0, [r3], -0x74",1
"andeq r2, r0, r7, lsl 8",1
"stmdaeq r1, {r8, sb}",1
"andeq r0, r0, r1, lsr r0",1
svclo 0x70203,1
"movweq r0, 0",1
"andseq r0, pc, r4, lsl 14",1
"mrseq r0, apsr",1
"andeq r3, r0, r6, lsl 6",1
"streq r0, [r2, -0x300]",1
"andeq r0, r0, fp, asr 1",1
"andeq r0, r5, r3, lsl 16",1
"movweq r0, 0",1
"andseq r0, sl, r8, lsl 14",1
"streq r0, [r3], -0",1
"andeq r0, r0, r5, lsl 10",1
"streq r0, [r4, -r0, lsl 6]",1
"ldrdeq r0, r1, [r0], -r5",1
"mrseq r0, apsr",1
"andeq r3, r0, r8, lsl 20",1
"streq r0, [r1], -r0, lsl 10",1
"andeq r7, r0, r4, lsl 22",1
"and r0, r1, r0, lsl 14",1
invalid,1
"eoreq r0, r5, r0, lsr r1",1
"cdplt p0, 5, c0, c0, c0, 0",1
"cdplt p0, 7, c0, c12, c0, 0",1
"stcvc p0, c0, [r2, -0]",1
"sbceq r0, r7, r0, lsl 2",1
bvs 0x20d36c,1
invalid,1
"andeq r7, r0, r0, lsr sp",1
"subeq sb, sl, r0, lsl 18",1
"cdplt p9, 7, c0, c4, c0, 0",1
"strle r0, [r1], -0",1
beq 0xd384,1
"andlo r5, r1, r1, lsl 2",1
"cmpeq r0, 0x80000002",1
"ldrsheq r0, [r0], -0x13",1
"strbhs r0, [r7, 0xb00]!",1
invalid,1
"andeq r0, r0, r2, ror r0",1
invalid,1
"ldrdeq r2, r3, [r0], -sl",1
"strhs r6, [r1, -0x202]",1
invalid,1
"strdeq r0, r1, [r0], -r6",1
"andeq pc, r0, sp, lsl 12",1
"rsbseq r0, r2, r0, lsl 26",1
"andvc r0, sp, 0",1
"andeq r0, r0, r0",1
"rscseq r0, ip, r6, lsl 8",1
invalid,1
"andeq r7, r0, sp, lsl 4",1
"strge r0, [r0], -r0",1
"andeq r0, r0, 0",1
"andseq r7, lr, r0, lsl 6",1
"andle r0, r1, r0, lsl 8",1
"stmdalt r0, {r2, r3, r4}",1
"cdphs p0, 0, c0, c0, c14, 0",1
svcvs 0x702f2e,1
svchs 0x737472,1
"ldrbtvs r7, [r3], -0x973",1
svchs 0x737065,1
svchs 0x6d7261,1
"cdpvs p2, 7, c7, c4, c3, 3",1
svchs 0x532e,1
"strbvs r6, [sp, -0xf68]!",1
"strbvc r6, [r2, -0xa2f]!",1
"strbtvc r6, [r5], -0xb72",1
invalid,1
"eorvs r6, pc, 116, 30",1
"strbtvs r6, [ip], -0x975",1
"rsbvc r7, sp, pc, lsr 8",1
"rsbvc r7, pc, 0xbc0000",1
"rsbvc r2, r1, 0x1ac",1
"teqvs r7, sp, ror 12",1
"rsbvc r7, r6, sp, lsr 12",1
svcvs 0x656e2d,1
svcvs 0x702d6e,1
"stcvs p9, c7, [sp], -0x1ac",1
"ldmdavc r5!, {r0, r3, r5, r6, sb, sl, fp, sp, lr} ^",1
"strbvc r6, [lr, -0x72d]!",1
"stmdbvs r2!, {r0, r2, r5, r6, r8, sp, lr} ^",1
"stclvs p5, c6, [r7], -0xbc",1
svchs 0x636269,1
invalid,1
svchs 0x33722d,1
"stmdbvs ip!, {r0, r2, r5, r6, r8, sb, sl, sp, lr} ^",1
"eorlo r6, sp, 0x88000001",1
svchs 0x37312e,1
invalid,1
"ldrbvc r6, [r3, -0x32f]!",1
"strbpl r4, [lr, -0x700]",1
"subshs r4, r3, r0, lsr 2",1
"teqlo r2, 0x320",1
invalid,1
"andseq r0, r1, r0, lsl 3",1
"tsteq r1, r0, lsl r6",1
"stmdaeq r3, {r1, r4, r8}",1
"stmdaeq r5!, {r0, r1, r3, r4, fp}",1
"andeq r0, r0, r3, lsl r5",1
"tsteq r1, r0, lsl 2",1
bleq 0x4d0d28,1
"cdpeq p14, 1, c0, c11, c3, 0",1
"andeq r0, r0, r0, lsl r6",1
bleq 0x164a8,1
"movweq r3, 0xbe0b",1
"movweq r0, 0xe",1
bleq 0x2cd53c,1
"stmdaeq r3, {r1, r2, r3, r4, r5, r8, sb, fp}",1
"strlo r0, [r4], -0",1
blo 0x38e0b8,1
"stmdbmi fp, {r0, r1, r3, r8, sb, fp, ip, sp}",1
"andeq r3, ip, 19, 30",1
"streq r0, [r0, -0xa]",1
"movtne r0, 0x9026",1
invalid,1
"sadd16eq r0, r0, r1",1
"stmdaeq r3, {r0, r2, r4, r6, sb, sl}",1
"stmdaeq r5!, {r0, r1, r3, r4, fp}",1
"andeq r0, r0, r3, lsl r5",1
"tsteq r1, r0, lsl 2",1
bleq 0x4d0d78,1
"cdpeq p14, 1, c0, c11, c3, 0",1
"tsteq r1, r5, asr r6",1
"ssaxeq r0, r0, r2",1
"strne r0, [r2], -r0",1
blo 0x38e0f8,1
"stmdbmi fp, {r0, r1, r3, r8, sb, fp, ip, sp}",1
"movweq r0, 0x13",1
bleq 0x2cd594,1
invalid,1
"strhs r0, [r4], -0",1
"vmlalo.f64 d0, d11, d0",1
"andeq r0, r8, fp, lsl 6",1
"andeq r0, pc, r0, lsl 10",1
"andeq r0, r0, fp, lsl 22",1
bleq 0x11138,1
"andseq r4, r3, fp, lsl 18",1
"tsteq r3, r0, lsl 14",1
bleq 0x2d0d38,1
bleq 0xed0218,1
"andeq r1, r0, r1, lsl 6",1
"movweq r0, 0xd08",1
bllo 0x2dbd74,1
"ldmdalo r3, {r0, r1, r3, r8, fp, lr}",1
"stmdbeq r0, {r1, r3}",1
"cdpeq p0, 0, c0, c3, c13, 0",1
"ldreq r0, [fp, -0xb3a]!",1
beq 0xe12274,1
"strne r0, [sl], -r0",1
blo 0x38e158,1
"andeq r3, fp, fp, lsl 22",1
invalid,1
"movwne r1, 0x1349",1
invalid,1
svchs 0x134900,1
"stceq p0, c0, [r0, -0x2c]",1
"movtne r0, 0x9026",1
"strlo r0, [lr, -0]",1
"andseq r4, r3, r0, lsl 18",1
"andseq r0, r5, r0, lsl 30",1
"andeq r0, r0, r7, lsr 24",1
svclo 0x12e10,1
blo 0x38e1bc,1
"strhs r3, [fp, -fp, lsl 22]",1
"andshs r4, r3, ip, lsl 18",1
invalid,1
invalid,1
"cdpeq p0, 0, c0, c3, c5, 0",1
bleq 0xed028c,1
"andeq r1, r0, sb, asr 6",1
"andeq r1, r0, r2, lsl r8",1
invalid,1
bleq 0xe90dc0,1
"stceq p5, c0, [r7], -0xec",1
"movwne r0, 0x1b20",1
"ldrlo r0, [r4], -0",1
blo 0x38e1c4,1
"stmdbmi r5, {r0, r1, r3, r8, sb, fp, ip, sp}",1
"strne r0, [r0, -0x13]",1
"ldceq p1, c0, [pc], -0xb8",1
bleq 0xe90de0,1
invalid,1
"tsteq r2, r1, lsl r1",1
"addsmi r0, r7, 64, 12",1
"andseq r0, r3, ip, lsl 2",1
"andeq r1, r5, r0, lsl 12",1
bleq 0xe90df8,1
"movtne r0, 0x9b3b",1
"andeq r0, r0, r2, lsl 12",1
invalid,1
"andne r1, r1, 0xc0000004",1
"stmdbpl fp, {r0, fp, ip, lr}",1
"andseq r0, r3, fp, lsl 2",1
"andeq r1, r5, r0, lsl 16",1
invalid,1
invalid,1
"smlabbne r1, r2, r1, r0",1
"andseq r3, r3, r1, lsl 2",1
"addhi r1, sl, 0, 20",1
beq 0x8d624,1
"muleq sl, r1, r2",1
"andeq r1, r5, r0, lsl 22",1
beq 0x922f0,1
"ldcne p0, c0, [ip, -0]",1
"andspl r3, r3, 0x40000000",1
"stmdapl r6, {r0, r8, sl, ip, lr}",1
"mrseq r5, apsr",1
"stcne p0, c0, [r0, -0x4c]",1
"tsteq r1, fp, lsl 2",1
"andeq r0, r0, r2, lsl r1",1
invalid,1
"andeq r0, r6, r3, lsl r2",1
"tsteq sp, r0, lsl 30",1
"cmpeq r2, r1, lsr r3",1
bleq 0x160efb0,1
"movwne r0, 0x1559",1
invalid,1
"smlabbne r1, r2, r1, r0",1
"tsteq r3, r1, lsl 2",1
invalid,1
"andeq r8, r1, sb, lsl 5",1
"teqne r1, 0x40000004",1
"cdphs p0, 2, c0, c2, c0, 0",1
"movweq r3, 0xcf01",1
bllo 0x2dbebc,1
"stmdbmi ip, {r0, r1, r3, r8, sb, sl, sp}",1
"andne r1, r1, 0xc0000004",1
"strls r4, [r6, -r1]",1
"movwne r0, 0x1c42",1
bleq 0x8cd698,1
"andne r1, r1, 0x40000000",1
"andseq r0, r3, r1, lsl 2",1
"eorseq r2, r4, r0, lsl 8",1
bleq 0xe90eb4,1
"movtne r0, 0x9b3b",1
"strtlo r0, [r5], -0",1
blo 0x38e2b4,1
"stmdbmi fp, {r0, r1, r3, r8, sb, fp, ip, sp}",1
"andeq r1, fp, r3, lsl ip",1
"eorseq r2, r4, r0, lsl 12",1
bleq 0xe90ed0,1
"movtne r0, 0x9b3b",1
"andeq r0, r0, r2, lsl 12",1
"movweq r3, 0x427",1
bllo 0x2dbf0c,1
svclo 0x13490b,1
"andeq r3, ip, ip, lsl 24",1
invalid,1
"mcreq p12, 0, r0, c3, c15, 1",1
bleq 0xed03d0,1
"movtne r0, 0x9c27",1
"movwne r0, 0x1c3c",1
"streq r0, [sb, -0]!",1
"andseq r4, r3, r0, lsl 18",1
invalid,1
"mcreq p12, 0, r0, c3, c15, 1",1
"ldreq r0, [fp, -0xb3a]!",1
"movtne r0, 0x9c27",1
"movwne r0, 0x1c3c",1
"cdphs p0, 2, c0, c11, c0, 0",1
"movweq r3, 0xcf01",1
bllo 0x2dbf50,1
invalid,1
"andseq r0, r3, ip, lsl 2",1
invalid,1
"mcreq p12, 0, r0, c3, c15, 1",1
bleq 0xed0414,1
"strhs r4, [lr, -r7, lsl 1]",1
invalid,1
"andseq r0, r3, ip, lsl 2",1
invalid,1
"mcreq p12, 0, r0, c3, c15, 1",1
bleq 0xed042c,1
"ldceq p12, c0, [ip], -0x9c",1
"andeq r1, r0, r1, lsl 6",1
svclo 0x12e2e,1
blo 0x38e384,1
"strhs r3, [fp, -fp, lsl 22]",1
"andeq r3, ip, ip, lsl 24",1
"mrsne r0, apsr",1
"movwne r2, 0xe501",1
blne 0x38e394,1
"andeq r1, r6, lr",1
"eorseq r0, r4, r0, lsl 4",1
bleq 0xe90f80,1
"movtne r0, 0x9b3b",1
beq 0x90878,1
svceq 0x30000,1
"stmdbmi fp, {r8, sb, fp}",1
"streq r0, [r0], -0x13",1
"movtne r0, 0x9026",1
"strhs r0, [r5], -0",1
"vmlalo.f64 d0, d11, d0",1
"andeq r0, lr, fp, lsl 6",1
"mrsne r0, apsr",1
"movwne r2, 0xe501",1
blne 0x38e3d0,1
"andne r1, r1, 0x80000003",1
"andeq r1, r6, r1",1
"eoreq r0, r4, r0, lsl 4",1
bleq 0xf903e0,1
"andeq r0, r0, r3, lsl 16",1
"movweq r1, 0x603",1
bllo 0x2dbff8,1
"andseq r4, r3, fp, lsl 18",1
"eoreq r0, r4, r0, lsl 8",1
bleq 0xf903f8,1
"andeq r0, r0, r3, lsl 28",1
bleq 0x113e8,1
"streq r0, [r0], -fp",1
bleq 0x2cd818,1
"andeq r1, r0, sb, asr 6",1
"movweq r1, 0x1307",1
blo 0x2d0420,1
invalid,1
"stmdaeq r0, {r0, r1, r4}",1
"cdpeq p0, 0, c0, c3, c13, 0",1
bleq 0xed04e0,1
beq 0xe12520,1
"stceq p0, c0, [sb, -0]",1
blo 0x38e404,1
"stmdbmi r5, {r0, r1, r3, r8, sb, fp, ip, sp}",1
"andeq r3, sl, r3, lsl r8",1
"andseq r0, r6, r0, lsl 20",1
bleq 0xe91020,1
"andeq r0, r0, fp, lsr fp",1
"stmdbmi r1, {r0, r1, r3, r8}",1
"andseq r0, r3, r3, lsl r1",1
"eoreq r0, r1, r0, lsl 24",1
bleq 0xbd254c,1
"strhs r0, [sp], -r0",1
"andseq r4, r3, r0, lsl 18",1
"eorseq r0, r5, r0, lsl 28",1
"andeq r1, r0, sb, asr 6",1
svclo 0x12e0f,1
blo 0x38e470,1
"strhs r3, [fp, -fp, lsl 22]",1
"andne r1, r1, 12, 2",1
"strls r4, [sl, -r1]",1
"movwne r0, 0x1c42",1
"ldreq r0, [r0, -0]",1
blo 0x38e458,1
"stmdbmi fp, {r0, r1, r3, r8, sb, fp, ip, sp}",1
"andeq r0, sl, r3, lsl r2",1
invalid,1
"mcreq p12, 0, r0, c3, c15, 1",1
bleq 0xed0554,1
"tsteq r1, r7, lsr 24",1
invalid,1
"swpeq r4, r7, [ip]",1
"andne r0, r0, 0x13",1
"ldrbeq r0, [r5], -fp, lsl 2",1
"andeq r1, r0, r1, lsl 6",1
"movweq r3, 0x413",1
bllo 0x2dc0c4,1
"andseq r4, r3, 0x2c000",1
"strne r0, [r0], -6",1
"smlabbeq r1, sb, r2, r8",1
"teqne r1, 0x40000004",1
"andeq r1, r0, r1, lsl 6",1
"orreq r8, r2, r5, lsl sl",1
"mrsls r0, r10_fiq",1
"andeq r0, r0, r2, asr 20",1
"orreq r8, r2, r6, lsl sb",1
"mrslo r1, apsr",1
"smladne r0, r3, r0, r0",1
"smlabbeq r1, sb, r2, r8",1
"teqne r1, 0x40000004",1
"ldrlo r0, [r8], -0",1
blo 0x38e4c8,1
"stmdbmi fp, {r0, r1, r3, r8, sb, fp, ip, sp}",1
"andeq r0, sl, r3, lsl r2",1
"eorseq r1, r4, r0, lsl 18",1
bleq 0xe910e4,1
"movtne r0, 0x9b3b",1
"ldceq p12, c0, [ip], -0xfc",1
"cdphs p0, 1, c0, c10, c0, 0",1
"movweq r3, 0xcf01",1
bllo 0x2dc124,1
"stmdbmi ip, {r0, r1, r3, r8, sb, sl, sp}",1
invalid,1
blne 0xd944,1
"movtne r0, 0x9005",1
"cdphs p0, 1, c0, c12, c0, 0",1
"movweq r3, 0xcf00",1
bllo 0x2dc140,1
"stmdbmi ip, {r0, r1, r3, r8, sb, sl, sp}",1
"andeq r3, ip, r3, lsl ip",1
invalid,1
"mcreq p12, 0, r0, c3, c15, 1",1
"ldreq r0, [fp, -0xb3a]!",1
"movtne r0, 0x9c27",1
"movwne r0, 0x1c3c",1
"cdphs p0, 1, c0, c14, c0, 0",1
"movweq r3, 0xcf01",1
bllo 0x2dc168,1
invalid,1
"andseq r0, r3, ip, lsl 2",1
"andseq r1, r8, r0, lsl 30",1
"cdphs p0, 2, c0, c0, c0, 0",1
"movweq r3, 0xcf01",1
bllo 0x2dc180,1
invalid,1
"andeq r0, r0, ip",1
"strhs r1, [r1, -0x101]",1
"movweq r1, 0xb30e",1
invalid,1
"andne r1, r1, r1, lsl 4",1
"andeq r0, r0, 6",1
bleq 0x2cd9f8,1
"stmdaeq r3, {r1, r2, r3, r4, r5, r8, sb, fp}",1
"strne r0, [r3], -r0",1
blo 0x38e574,1
"stmdbmi fp, {r0, r1, r3, r8, sb, fp, ip, sp}",1
"streq r0, [r0], -0x13",1
bleq 0x2cda10,1
invalid,1
svceq 0x50000,1
"stmdbmi fp, {r8, sb, fp}",1
invalid,1
"movtne r0, 0x9026",1
"cdphs p0, 0, c0, c7, c0, 0",1
"movweq r3, 0xcf01",1
bllo 0x2dc1d8,1
"stmdbmi ip, {r0, r1, r3, r8, sb, sl, sp}",1
"andne r1, r1, 0xc0000004",1
"strls r4, [sl, -r1]",1
"movwne r0, 0x1c42",1
"streq r0, [r8, -0]",1
blo 0x38e5b8,1
"stmdbmi fp, {r0, r1, r3, r8, sb, fp, ip, sp}",1
"andeq r0, r6, r3, lsl r2",1
"eorseq r0, r4, r0, lsl 18",1
bleq 0xe911d4,1
"movtne r0, 0x9b3b",1
"andeq r0, r0, r2, lsl 12",1
"movweq r3, 0x40a",1
bllo 0x2dc1f8,1
"andseq r4, r3, 0x2c000",1
bleq 0xd9f8,1
"ldceq p1, c0, [pc], -0xb8",1
bleq 0xe911f4,1
invalid,1
"tsteq r1, sb, asr 6",1
invalid,1
"swpeq r4, r7, [ip]",1
invalid,1
"stmdaeq r3, {r2, r4, r5}",1
bleq 0xed06ec,1
beq 0x9272c,1
"strlo r0, [sp], -0",1
blo 0x38e610,1
"stmdbmi fp, {r0, r1, r3, r8, sb, fp, ip, sp}",1
"andeq r1, fp, r3, lsl ip",1
"addhi r0, sb, 0, 28",1
"tsteq r1, r1, lsl 2",1
"andeq r1, r0, r1, lsr r3",1
"orreq r8, r2, pc, lsl 20",1
"mrsls r0, r10_fiq",1
"andeq r0, r0, r2, asr 20",1
svclo 0x12e10,1
blo 0x38e668,1
"strhs r3, [r5, -fp, lsl 22]",1
invalid,1
invalid,1
"movtne r0, 0x9005",1
invalid,1
"mcreq p1, 1, r0, c5, c1, 0",1
invalid,1
"sadd16eq r0, r0, fp",1
"strhs r0, [r2], -0",1
"vmlalo.f64 d0, d11, d0",1
"andeq r0, lr, fp, lsl 6",1
"eoreq r0, r4, r0, lsl 6",1
bleq 0xf90698,1
"andeq r0, r0, r3, lsl 16",1
"stmdbmi r0, {r2, r8, sl, ip, sp}",1
"streq r0, [r0, -0x13]",1
"mcreq p0, 0, r0, c3, c4, 1",1
bleq 0xed0768,1
"ldceq p3, c1, [pc], -0x124",1
"andeq r0, r0, r2, lsl 20",1
"tsteq r1, r0, lsl 2",1
bleq 0x4d1324,1
"cdpeq p14, 1, c0, c11, c3, 0",1
"tsteq r2, r1, lsl r1",1
"andeq r0, r0, r0, lsl r6",1
bleq 0x16aa8,1
"movweq r3, 0xbe0b",1
"movweq r0, 8",1
"mcreq p0, 0, r0, c3, c6, 0",1
bleq 0xed0798,1
"andeq r1, r0, sb, asr 6",1
bleq 0x16ac8,1
"movweq r3, 0xbe0b",1
"streq r0, [r0, -0xe]",1
bleq 0x2cdb00,1
svceq 0x60000,1
"stmdbmi fp, {r8, sb, fp}",1
"smladeq r0, r3, r0, r0",1
"mcreq p1, 0, r0, c3, c3, 0",1
bleq 0xe90704,1
"movwne r0, 0x1b3b",1
"stceq p0, c0, [r8, -0]",1
blo 0x38e6e4,1
"stmdbmi fp, {r0, r1, r3, r8, sb, fp, ip, sp}",1
"andeq r3, sl, r3, lsl r8",1
"andeq r0, sp, r0, lsl 18",1
bleq 0xe91300,1
"movtne r0, 0x953b",1
"andeq r0, r0, r8, lsr sl",1
"movweq r1, 0x60a",1
bllo 0x2dc33c,1
bleq 0xdb34,1
"movtne r0, 0x9101",1
"andeq r1, r0, r1, lsl 6",1
"stmdbmi r0, {r2, r3, r8, sp}",1
"andeq r2, fp, r3, lsl pc",1
"eoreq r0, r6, r0, lsl 26",1
"andeq r1, r0, sb, asr 6",1
"andeq r2, r0, lr, lsl 12",1
invalid,1
"mcreq p12, 0, r0, c3, c15, 1",1
bleq 0xed0818,1
"tsteq r1, r7, lsr 24",1
invalid,1
"swpeq r4, r7, [ip]",1
"andne r0, r0, r3, lsl r0",1
"cdpeq p0, 0, c0, c3, c5, 0",1
bleq 0xed0830,1
"streq r1, [r2], -sb, asr 6",1
"ldrlo r0, [r1], -0",1
blo 0x38e754,1
"stmdbmi fp, {r0, r1, r3, r8, sb, fp, ip, sp}",1
"andeq r0, r6, r3, lsl r2",1
"addhi r1, sb, 0, 4",1
"tsteq r1, r1, lsl 2",1
"movwne r1, 0x1331",1
bhi 0x4cdb6c,1
"andeq r0, r0, 0x80000020",1
beq 0x10b1f9c,1
invalid,1
"smlabbne r0, r2, r1, r0",1
"andseq r3, r3, r1, lsl 2",1
"eorseq r1, r4, r0, lsl 10",1
bleq 0xe91394,1
"movtne r0, 0x9b3b",1
beq 0x90c8c,1
"ldrlo r0, [r6], -0",1
blo 0x38e798,1
"stmdbmi fp, {r0, r1, r3, r8, sb, fp, ip, sp}",1
invalid,1
"strne r0, [r0, -ip]",1
"ldceq p1, c0, [pc], -0xb8",1
bleq 0xe913b8,1
"stceq p5, c0, [r7], -0xec",1
"ldceq p3, c1, [ip], -0x124",1
"andeq r1, r0, r1, lsl 6",1
"stmdbmi r0, {r3, r4, r8, sl}",1
"stmdbne r0, {r0, r1, r4}",1
"ldceq p1, c0, [pc], -0xb8",1
bleq 0xe913d4,1
invalid,1
"ldceq p3, c1, [ip], -0x124",1
"andeq r1, r0, r1, lsl 6",1
svclo 0x12e1a,1
blo 0x38e80c,1
"strhi r3, [fp, -fp, lsl 22]",1
"stceq p14, c0, [r7], -0x100",1
"ldceq p3, c1, [ip], -0x124",1
"andeq r1, r0, r1, lsl 6",1
svclo 0x2e1b,1
blo 0x38e824,1
"strhs r3, [r5, -fp, lsl 22]",1
"andeq r3, ip, ip, lsl 24",1
"mrsne r0, apsr",1
"movwne r2, 0xe501",1
blne 0x38e834,1
"andne r1, r1, 0x80000003",1
"andeq r1, r6, r1",1
"eoreq r0, r4, r0, lsl 4",1
bleq 0xf90844,1
"andeq r0, r0, r3, lsl 16",1
"movweq r1, 0x603",1
bllo 0x2dc45c,1
"andseq r4, r3, fp, lsl 18",1
"eoreq r0, r4, r0, lsl 8",1
bleq 0xf9085c,1
"andeq r0, r0, r3, lsl 28",1
"movweq r1, 0x605",1
bllo 0x2dc474,1
"andseq r4, r3, r5, lsl 18",1
invalid,1
bleq 0x2d1454,1
bleq 0xed0934,1
"andeq r1, r0, r1, lsl 6",1
"movweq r2, 0x807",1
"andeq r1, sp, lr, lsl 24",1
"andeq r0, pc, r0, lsl 16",1
"andeq r0, r0, fp, lsl 22",1
bleq 0x11888,1
"andseq r4, r3, fp, lsl 18",1
invalid,1
bleq 0xe9089c,1
"movwne r0, 0x1b3b",1
"strhs r0, [fp], -r0",1
"andseq r4, r3, r0, lsl 18",1
"mrseq r0, apsr",1
"movwne r1, 0x1349",1
"mrshs r0, apsr",1
svchs 0x134900,1
"cdpeq p0, 0, c0, c0, c11, 0",1
"andeq r0, r0, r6, lsr 32",1
"movweq r1, 0x130f",1
blo 0x2d08d4,1
invalid,1
"andne r0, r0, r3, lsl r0",1
"cdpeq p0, 0, c0, c3, c13, 0",1
bleq 0xed0994,1
beq 0xe129d4,1
"ldceq p0, c0, [r1, -0]",1
blo 0x38e8b8,1
"stmdbmi r5, {r0, r1, r3, r8, sb, fp, ip, sp}",1
"andeq r3, sl, r3, lsl r8",1
"tsteq r7, r0, lsl 4",1
bleq 0xe908f4,1
"movwne r0, 0x1b3b",1
"ldceq p0, c0, [r3, -0]",1
blo 0x38e8d4,1
"stmdbmi fp, {r0, r1, r3, r8, sb, fp, ip, sp}",1
"strne r0, [r0], -0x13",1
bleq 0x2ce12c,1
bleq 0xed09cc,1
"andeq r1, r0, r1, lsl 6",1
"movweq r1, 0x615",1
bllo 0x2dc528,1
"strne r0, [r0], -fp",1
"mcreq p1, 0, r0, c3, c3, 0",1
bleq 0xe90928,1
"movwne r0, 0x153b",1
"ldceq p0, c0, [r7, -0]",1
blo 0x20e908,1
"stmdbmi r5, {r0, r1, r3, r8, sb, fp, ip, sp}",1
"andeq r3, sl, r3, lsl r8",1
invalid,1
bleq 0xe91524,1
invalid,1
bleq 0x812a44,1
"andeq r1, r0, r1, lsl 6",1
"movweq r0, 0x519",1
bllo 0x2dc54c,1
"andseq r4, r3, fp, lsl 18",1
invalid,1
"ldrlo r0, [fp], -0",1
blo 0x20e93c,1
"stmdbmi fp, {r0, r1, r3, r8, sb, fp, ip, sp}",1
invalid,1
"cdpeq p0, 0, c0, c3, c5, 0",1
bleq 0xed0a34,1
"andeq r1, r0, sb, asr 6",1
"movweq r3, 0x41d",1
bllo 0x2dc590,1
"andseq r4, r3, fp, lsl 18",1
invalid,1
"mcreq p12, 0, r0, c3, c15, 1",1
bleq 0xed0a50,1
"movtne r0, 0x9c27",1
invalid,1
"andeq r1, r0, r1, lsl 6",1
svclo 0x12e1f,1
blo 0x38e9ac,1
"strhs r3, [fp, -fp, lsl 22]",1
"andshs r4, r3, ip, lsl 18",1
"andseq r0, r3, fp, lsl 2",1
invalid,1
"tsteq r1, r1, lsr r3",1
invalid,1
"swpeq r4, r7, [ip]",1
invalid,1
"teqne r1, 5",1
"andeq r0, r0, r2, lsl 12",1
invalid,1
"andeq r0, sl, r3, lsl r2",1
"eorseq r2, r4, r0, lsl 6",1
invalid,1
"stcne p0, c0, [r4, -0]!",1
"tstne r3, r1, lsl 2",1
"stmdapl r1, {r0, sb, ip}",1
"mrseq r5, apsr",1
"strhs r0, [r0, -0x13]",1
"teqne r1, 5",1
"andeq r0, r0, ip, lsl fp",1
invalid,1
"smladhs r0, r3, r0, r0",1
"tsteq r1, fp, lsl 2",1
"andeq r0, r0, r2, lsl r1",1
invalid,1
"andne r1, r1, 0xc0000004",1
"stmdbpl fp, {r0, fp, ip, lr}",1
"stmdbhs r0, {r0, r1, r3}",1
"teqne r1, 0x40000007",1
"usaxeq r0, r5, r2",1
bleq 0x1650b5c,1
"andeq r1, r0, r1, lsl 6",1
"strpl r0, [r1, -0xb2a]",1
blhs 0xde20,1
"teqne r1, 0x40000007",1
"usaxeq r0, r5, r2",1
bleq 0x1650b74,1
invalid,1
"smlabbne r0, r2, r1, r0",1
"andseq r3, r3, r1, lsl 2",1
invalid,1
bleq 0xe91634,1
invalid,1
"tsteq r1, sb, asr 6",1
invalid,1
"swpeq r4, r7, [ip]",1
"mcrhs p0, 0, r0, c0, c3, 0",1
"cdpeq p0, 0, c0, c3, c5, 0",1
bleq 0xed0b2c,1
"streq r1, [r2], -sb, asr 6",1
"streq r0, [0x0000de4c]!",1
blo 0x20ea50,1
"stmdbmi fp, {r0, r1, r3, r8, sb, fp, ip, sp}",1
"andeq r0, r6, r3, lsl r2",1
"andeq r3, r5, r0",1
bleq 0xe9166c,1
"movtne r0, 0x9b3b",1
"andeq r0, r0, r2, lsl 20",1
"movweq r3, 0x431",1
bllo 0x2dc690,1
"andseq r4, r3, 0x2c000",1
"andlo r0, r0, 6",1
"mcreq p0, 0, r0, c3, c4, 1",1
bleq 0xed0b68,1
"streq r1, [r2], -sb, asr 6",1
beq 0xccde88,1
blo 0x38ea8c,1
invalid,1
"strlo r0, [r0], -1",1
"teqne r1, 0x40000007",1
"tsteq r2, r1, lsl r1",1
"ldrbeq r0, [sb, -0xb58]",1
"andeq r1, r0, r1, lsl 6",1
invalid,1
invalid,1
"smlabbeq r1, sb, r2, r8",1
"teqne r1, 0x40000004",1
bhi 0xdcdeb8,1
"andeq r0, r0, 0x80000020",1
beq 0x10b22e8,1
bleq 0xe0dec4,1
invalid,1
"stmdblo r0, {r0, r1, r4}",1
"stmdaeq r3, {r2, r4, r5}",1
"ldreq r0, [fp, -0xb3a]!",1
"streq r1, [r2], -sb, asr 6",1
"ldrtlo r0, [sl], -0",1
blo 0x38eae0,1
"stmdbmi r5, {r0, r1, r3, r8, sb, fp, ip, sp}",1
"andeq r0, r6, r3, lsl r2",1
"eorseq r3, r4, r0, lsl 22",1
bleq 0xe916fc,1
"movtne r0, 0x953b",1
"andeq r0, r0, r2, lsl 20",1
"orreq r8, r2, ip, lsr sb",1
"mrslo r1, apsr",1
"andseq r0, r3, r3, lsl r1",1
"tsteq sp, r0, lsl 26",1
"cmpeq r2, r1, lsr r3",1
bleq 0x160f864,1
"movwne r0, 0x1559",1
"cdphs p0, 3, c0, c14, c0, 0",1
blo 0x38eb20,1
"strhs r3, [r5, -fp, lsl 22]",1
"tstne r3, ip, lsl 18",1
"andmi r1, r1, r1, lsl 4",1
"mcrreq p7, 0, sb, r2, c6",1
"andeq r1, r0, r1, lsl 6",1
"movweq r0, 0x53f",1
bllo 0x2dc758,1
"andseq r4, r3, 0x14000",1
"andmi r0, r0, r6",1
"cdpeq p0, 0, c0, c3, c5, 0",1
"ldreq r0, [fp, -0xb3a]!",1
"streq r1, [r2], -sb, asr 6",1
"strblo r0, [r1], -0",1
blo 0x20eb54,1
"stmdbmi r5, {r0, r1, r3, r8, sb, fp, ip, sp}",1
"andeq r0, sl, r3, lsl r2",1
invalid,1
"mcreq p12, 0, r0, c3, c15, 1",1
bleq 0xed0c50,1
"movtne r0, 0x9c27",1
"tsteq r2, r1, lsl r1",1
"addsmi r0, r7, 64, 12",1
"andseq r0, r3, ip, lsl 2",1
"eorseq r4, r4, r0, lsl 6",1
bleq 0xe8ff8c,1
"movtne r0, 0x9b3b",1
"andeq r0, r0, r2, lsl 20",1
svclo 0x12e44,1
blo 0x38ebc0,1
"strhs r3, [fp, -fp, lsl 22]",1
"tstne r3, ip, lsl 18",1
"andmi r1, r1, r1, lsl 4",1
"mcrreq p7, 0, sb, r2, c10",1
"andeq r1, r0, r1, lsl 6",1
svclo 0x12e45,1
blo 0x38ebdc,1
"strhs r3, [fp, -fp, lsl 22]",1
"andne r1, r1, 12, 2",1
"strls r4, [sl, -r1]",1
"movwne r0, 0x1c42",1
"strbeq r0, [r6, -0]",1
blo 0x20ebc4,1
"stmdbmi fp, {r0, r1, r3, r8, sb, fp, ip, sp}",1
"andeq r0, sl, r3, lsl r2",1
invalid,1
"mcreq p12, 0, r0, c3, c15, 1",1
bleq 0xed0cc0,1
bleq 0x811078,1
"andeq r1, r0, r1, lsl 6",1
svclo 0x12e48,1
blo 0x38ec18,1
"strhs r3, [r5, -fp, lsl 22]",1
"tstne r3, ip, lsl 18",1
"andmi r1, r1, r1, lsl 4",1
"mcrreq p7, 0, sb, r2, c6",1
"andeq r1, r0, r1, lsl 6",1
"movweq r0, 0x549",1
bllo 0x2dc824,1
"andseq r4, r3, 0x14000",1
bmi 0xe034,1
"ldceq p1, c0, [pc], -0xb8",1
bleq 0xe91820,1
"stceq p5, c0, [r7], -0xec",1
bleq 0x812d40,1
"andeq r1, r0, r1, lsl 6",1
"movweq r0, 0x54b",1
bllo 0x2dc848,1
"andseq r4, r3, r5, lsl 18",1
"andeq r4, r5, r0, lsl 24",1
bleq 0xe91840,1
"movtne r0, 0x953b",1
"strblo r0, [sp], -0",1
blo 0x20ec40,1
"stmdbmi r5, {r0, r1, r3, r8, sb, fp, ip, sp}",1
"mcrmi p0, 0, r0, c0, c3, 0",1
"mcreq p0, 0, r0, c3, c4, 1",1
"ldreq r0, [fp, -0xb3a]!",1
"andeq r1, r0, sb, asr 6",1
invalid,1
"strpl r5, [r1, -0x213]",1
"stmdbpl fp, {r1, r2, fp, ip, lr}",1
"andpl r0, r0, r5",1
"teqne r1, 5",1
"andeq r0, r0, r2, lsl 20",1
svclo 0x12e51,1
blo 0x38eca4,1
"strhs r3, [r5, -fp, lsl 22]",1
"andne r1, r1, 12, 2",1
"strls r4, [r6, -r1]",1
"movwne r0, 0x1c42",1
"cdphs p0, 5, c0, c2, c0, 0",1
"tstne r3, r1, lsl 2",1
"andmi r1, r1, r1, lsl 4",1
"mcrreq p7, 0, sb, r2, c10",1
"andeq r1, r0, r1, lsl 6",1
"orreq r8, r2, r3, asr sb",1
"strls r1, [r1, -0x101]",1
"teqne r1, 0x4200",1
"cdphs p0, 5, c0, c4, c0, 0",1
"movweq r3, 0xcf01",1
bllo 0x2dc8e8,1
"stmdbmi ip, {r0, r2, r8, sb, sl, sp}",1
"andne r1, r1, 0xc0000004",1
"strls r4, [sl, -r1]",1
"movwne r0, 0x1c42",1
"ldrbeq r0, [r5, -0]",1
invalid,1
"strpl r0, [r0], -sp",1
"teqne r1, 0x34",1
"andeq r0, r0, ip, lsl fp",1
"movweq r3, 0x457",1
bllo 0x2dc914,1
"andseq r4, r3, 0x2c000",1
"stmdapl r0, {r1, r3}",1
"mcreq p0, 0, r0, c3, c4, 1",1
bleq 0xed0dd4,1
"ldceq p3, c1, [pc], -0x124",1
"andeq r0, r0, r2, lsl 20",1
"movweq r3, 0x459",1
bllo 0x2dc934,1
svclo 0x134905,1
"andeq r0, sl, ip, lsl 4",1
"eorseq r5, r4, r0, lsl 20",1
bleq 0xe91918,1
"movtne r0, 0x9b3b",1
"ldceq p12, c0, [ip], -0xfc",1
"cdphs p0, 5, c0, c11, c0, 0",1
"movweq r3, 0xcf00",1
bllo 0x2dc958,1
"stmdbmi ip, {r0, r1, r3, r8, sb, sl, sp}",1
"andeq r3, ip, r3, lsl ip",1
invalid,1
"mcreq p12, 0, r0, c3, c15, 1",1
bleq 0xed0e1c,1
"movtne r0, 0x9c27",1
"movwne r0, 0x1c3c",1
"ldrbeq r0, [sp, -0]",1
"andseq r4, r3, r0, lsl 18",1
invalid,1
"mcreq p12, 0, r0, c3, c15, 1",1
"ldreq r0, [fp, -0xb3a]!",1
"movtne r0, 0x9c27",1
"movwne r0, 0x1c3c",1
"cdphs p0, 5, c0, c15, c0, 0",1
"movweq r3, 0xcf00",1
bllo 0x2dc99c,1
invalid,1
"andvs r0, r0, ip",1
"ldceq p1, c0, [pc], -0xb8",1
"stceq p14, c0, [r7], -0xc",1
"ldceq p3, c1, [r4], -0x124",1
"movwne r0, 0x1c3c",1
"cdphs p0, 6, c0, c1, c0, 0",1
"movweq r3, 0xcf00",1
bllo 0x2dc9c0,1
invalid,1
"andvs r0, r0, 0xc",1
"ldceq p1, c0, [pc], -0xb8",1
bleq 0xe919a4,1
"stceq p5, c0, [r7], -0xec",1
"movwne r0, 0x1c3c",1
"cdphs p0, 6, c0, c3, c0, 0",1
"movweq r3, 0xcf01",1
bllo 0x2dc9e4,1
"stmdbmi ip, {r0, r1, r3, r8, sb, sl, sp}",1
"andeq r3, ip, r3, lsl ip",1
"mrsne r0, apsr",1
"movwne r2, 0xe501",1
blne 0x38edec,1
"andne r1, r1, 0x80000003",1
"andeq r1, r6, r1",1
"andseq r0, r6, r0, lsl 4",1
bleq 0xe919dc,1
"movtne r0, 0x9b3b",1
"movwne r0, 0x3000",1
bleq 0x38ede0,1
bllo 0x2dca0c,1
"andseq r0, r3, fp, lsl 2",1
"andeq r0, sp, r0, lsl 8",1
"movtne r0, 0x9e03",1
invalid,1
svceq 0x50000,1
"andeq r0, fp, r0, lsl 22",1
"eoreq r0, r4, r0, lsl 12",1
bleq 0xf90e2c,1
"andeq r0, r0, r3, lsl 28",1
bleq 0x17224,1
"movweq r3, 0xbe0b",1
"stmdaeq r0, {r3}",1
bleq 0x2ce250,1
"andeq r1, r0, sb, asr 6",1
"movweq r0, 0xd09",1
bllo 0x2dca58,1
"ldmdalo r3, {r0, r1, r3, r8, fp, lr}",1
beq 0xe250,1
"cdpeq p0, 0, c0, c3, c13, 0",1
"ldreq r0, [fp, -0xb3a]!",1
beq 0xe12f58,1
"strne r0, [fp], -r0",1
blo 0x38ee3c,1
"andeq r3, fp, fp, lsl 22",1
"mrseq r0, apsr",1
"movwne r1, 0x1349",1
"mrshs r0, apsr",1
svchs 0x134900,1
"cdpeq p0, 0, c0, c0, c11, 0",1
"movtne r0, 0x9026",1
"streq r0, [pc], -0",1
blo 0x2d0e64,1
invalid,1
"andne r0, r0, r3, lsl r0",1
"cdpeq p0, 0, c0, c3, c8, 1",1
"andeq r0, r0, ip, lsl sp",1
svclo 0x12e11,1
blo 0x38eea8,1
"strhs r3, [fp, -fp, lsl 22]",1
"andshs r4, r3, ip, lsl 18",1
invalid,1
"andne r0, r0, 0x13",1
"cdpeq p0, 0, c0, c3, c5, 0",1
bleq 0xed0f78,1
"andeq r1, r0, sb, asr 6",1
"andeq r1, r0, r3, lsl r8",1
invalid,1
"mcreq p12, 0, r0, c3, c15, 1",1
bleq 0xed0f8c,1
"tsteq r1, r7, lsr 24",1
invalid,1
"swpeq r4, r7, [ip]",1
"strne r0, [r0, -0x13]",1
"cdpeq p0, 0, c0, c3, c5, 0",1
bleq 0xed0fa4,1
"streq r1, [r2], -sb, asr 6",1
"ldreq r0, [r6, -0]",1
blo 0x38eec8,1
"stmdbmi fp, {r0, r1, r3, r8, sb, fp, ip, sp}",1
"andeq r0, sl, r3, lsl r2",1
"tsteq sp, r0, lsl 14",1
"tsteq r1, r1, lsr r3",1
bleq 0x160e724,1
"movwne r0, 0x1b59",1
"ldreq r0, [r8, -0]",1
"andseq r3, r3, 0, 2",1
"stmdbne r0, {r1, r2}",1
"smlabbeq r1, sb, r2, r8",1
"teqne r1, 0x40000004",1
bhi 0x68e2f8,1
"andeq r0, r0, 0x80000020",1
beq 0x10b2728,1
"ldreq r0, [fp, -0]",1
"andseq r3, r3, r0, lsl 2",1
"tsteq sp, r0, lsl 24",1
"cmpeq r2, r1, lsr r3",1
bleq 0x160fc68,1
"movwne r0, 0x1b59",1
invalid,1
"smlabbne r1, r2, r1, r0",1
"mcrreq p5, 0, sb, r2, c1",1
"andeq r1, r0, r1, lsr r3",1
invalid,1
"andeq r0, sl, r3, lsl r2",1
"addhi r1, sb, 0, 30",1
"tsteq r1, r1, lsl 2",1
"movwne r1, 0x1331",1
invalid,1
"smlabbne r0, r2, r1, r0",1
"andseq r3, r3, r1, lsl 2",1
"eorseq r2, r4, r0, lsl 2",1
bleq 0xe91b5c,1
"movtne r0, 0x9b3b",1
"andeq r0, r0, r2, lsl 12",1
svclo 0x12e22,1
blo 0x38ef90,1
"strhs r3, [fp, -fp, lsl 22]",1
"mrseq r2, apsr",1
"movwhs r0, 0x13",1
"mcreq p0, 0, r0, c3, c4, 1",1
bleq 0xed105c,1
"andeq r1, r0, sb, asr 6",1
invalid,1
"andne r1, r1, 0xc0000004",1
"strls r4, [r6, -r1]",1
"movwne r0, 0x1c42",1
"strtlo r0, [r5], -0",1
"andseq r3, r3, 0, 2",1
"strhs r0, [r0], -r6",1
"teqne r1, 0x34",1
"andeq r0, r0, r2, lsl 20",1
"movweq r3, 0x427",1
bllo 0x2dcbdc,1
"andseq r4, r3, 0x2c000",1
"stmdahs r0, {r1, r3}",1
"teqne r1, 0x40000007",1
"usaxeq r0, r5, r2",1
bleq 0x1651118,1
bleq 0xa4e3bc,1
"andeq r5, r6, r1, lsl 10",1
"addhi r2, sb, 0, 20",1
"tsteq r1, r1",1
"swplo r4, r5, [ip]",1
blhs 0xe41c,1
"mcreq p0, 0, r0, c3, c4, 1",1
bleq 0xed10c0,1
"ldceq p3, c1, [pc], -0x124",1
"andeq r0, r0, ip, lsr ip",1
"andeq r2, r0, ip, lsr 2",1
invalid,1
"mcreq p12, 0, r0, c3, c15, 1",1
bleq 0xed10d8,1
"movtne r0, 0x9c27",1
"movwne r0, 0x1c3c",1
"streq r0, [lr, -0]!",1
"andseq r4, r3, r0, lsl 18",1
invalid,1
"mcreq p12, 0, r0, c3, c15, 1",1
"ldreq r0, [fp, -0xb3a]!",1
"movtne r0, 0x9c27",1
"movwne r0, 0x1c3c",1
"cdphs p0, 3, c0, c0, c0, 0",1
"movweq r3, 0xcf00",1
bllo 0x2dcc58,1
invalid,1
invalid,1
"ldceq p1, c0, [pc], -0xb8",1
bleq 0xe91c3c,1
invalid,1
"ldceq p3, c1, [ip], -0x124",1
invalid,1
"mcreq p1, 1, r0, c5, c1, 0",1
invalid,1
"sadd16eq r0, r0, fp",1
svceq 0x20000,1
"andeq r0, fp, r0, lsl 22",1
"andseq r0, r6, r0, lsl 6",1
bleq 0xe91c64,1
"movtne r0, 0x9b3b",1
"strhs r0, [r4], -0",1
"vmlalo.f64 d0, d11, d0",1
"andeq r0, lr, fp, lsl 6",1
"eoreq r0, r4, r0, lsl 10",1
bleq 0xf9109c,1
"andeq r0, r0, r3, lsl 16",1
bleq 0x12090,1
"andseq r4, r3, fp, lsl 18",1
"tsteq r3, r0, lsl 14",1
bleq 0x2d1c90,1
bleq 0xed1170,1
"andeq r1, r0, r1, lsl 6",1
"movweq r0, 0xd08",1
bllo 0x2dcccc,1
"ldmdalo r3, {r0, r1, r3, r8, fp, lr}",1
"stmdbeq r0, {r1, r3}",1
"cdpeq p0, 0, c0, c3, c13, 0",1
"ldreq r0, [fp, -0xb3a]!",1
beq 0xe131cc,1
"strne r0, [sl], -r0",1
blo 0x38f0b0,1
"andeq r3, fp, fp, lsl 22",1
invalid,1
"movwne r1, 0x1349",1
invalid,1
svchs 0x134900,1
"stceq p0, c0, [r0, -0x2c]",1
"mcreq p0, 0, r0, c3, c4, 1",1
bleq 0xed11b8,1
"ldceq p3, c1, [pc], -0x124",1
"andeq r0, r0, ip, lsr ip",1
"movweq r3, 0x40e",1
bllo 0x2dcd18,1
svclo 0x13490b,1
"andeq r0, sl, ip, lsl 4",1
"eoreq r0, r6, r0, lsl 30",1
"andeq r1, r0, sb, asr 6",1
"tsteq r1, r0, lsl 2",1
bleq 0x4d1d8c,1
"cdpeq p14, 1, c0, c11, c3, 0",1
"tsteq r2, r1, lsl r1",1
"andeq r0, r0, r0, lsl r6",1
bleq 0x17510,1
"movweq r3, 0xbe0b",1
"movweq r0, 8",1
"mcreq p0, 0, r0, c3, c6, 0",1
bleq 0xed1200,1
"andeq r1, r0, sb, asr 6",1
bleq 0x17530,1
"movweq r3, 0xbe0b",1
"streq r0, [r0, -0xe]",1
bleq 0x2ce568,1
svceq 0x60000,1
"stmdbmi fp, {r8, sb, fp}",1
"smladeq r0, r3, r0, r0",1
"movtne r0, 0x9026",1
"strhs r0, [r8], -r0",1
invalid,1
bleq 0x2ce958,1
bleq 0xed1234,1
"andeq r1, r0, r1, lsl 6",1
"movweq r2, 0x80a",1
"andeq r1, sp, lr, lsl 24",1
invalid,1
"mcreq p12, 0, r0, c3, c15, 1",1
bleq 0xed124c,1
"movtne r0, 0x9c27",1
invalid,1
"andeq r1, r0, r1, lsl 6",1
"movweq r0, 0x50c",1
bllo 0x2dcdb0,1
"andseq r4, r3, fp, lsl 18",1
invalid,1
"mcreq p12, 0, r0, c3, c15, 1",1
bleq 0xed1270,1
"movtne r0, 0x9c27",1
"movwne r0, 0x1b20",1
"streq r0, [lr, -0]",1
blo 0x20f198,1
"stmdbmi fp, {r0, r1, r3, r8, sb, fp, ip, sp}",1
svceq 0x13,1
"stmdaeq r3, {r2, r4, r5}",1
bleq 0xed1290,1
"andeq r1, r0, sb, asr 6",1
"andeq r0, r1, r0, lsl fp",1
invalid,1
bleq 0xe911e4,1
"andeq r0, r0, fp, lsr fp",1
svclo 0x12e12,1
blo 0x38f1f4,1
"strhs r3, [fp, -fp, lsl 22]",1
"tstne r3, ip, lsl 18",1
"andmi r1, r1, r1, lsl 4",1
"mcrreq p6, 0, sb, r2, c6",1
"andeq r1, r0, r1, lsl 6",1
"movweq r0, 0x513",1
bllo 0x2dce00,1
"andseq r4, r3, 0x2c000",1
"strne r0, [r0], -6",1
"teqne r1, 0x40000007",1
"tsteq r2, r1, lsl r1",1
bleq 0x1651354,1
"andeq r1, r0, r1, lsl 6",1
invalid,1
"andeq r0, r6, r3, lsl r2",1
invalid,1
"tsteq r2, r1, lsl r1",1
"ldrlo r0, [r7], -0",1
"andseq r3, r3, 0, 2",1
"stmdane r0, {r1, r2}",1
"smlabbeq r1, sb, r2, r8",1
"teqne r1, 0x40000004",1
bhi 0x64e620,1
"andeq r0, r0, 0x80000020",1
beq 0x10b2a50,1
invalid,1
"smlabbne r0, r2, r1, r0",1
"andseq r3, r3, r1, lsl 2",1
"tsteq sp, r0, lsl 22",1
"cmpeq r2, r1, lsr r3",1
bleq 0x160ff94,1
"movwne r0, 0x1b59",1
invalid,1
"smlabbne r1, r2, r1, r0",1
"tsteq r3, r1, lsl 2",1
"stcne p0, c0, [r0, -0x4c]",1
"teqne r1, 0x8000000b",1
"tsteq r2, r1, lsl r1",1
"addsmi r0, r6, 64, 12",1
"andseq r0, r3, ip, lsl 2",1
"andeq r1, fp, r0, lsl 28",1
"tsteq r2, r1, lsl r1",1
"cdphs p0, 1, c0, c15, c0, 0",1
"movweq r3, 0xcf01",1
bllo 0x2dceb0,1
"stmdbmi ip, {r0, r1, r3, r8, sb, sl, sp}",1
"andne r1, r1, 0xc0000004",1
"strls r4, [r6, -r1]",1
"movwne r0, 0x1c42",1
"stcne p0, c0, [r0, -0]!",1
"tstne r3, r1, lsl 2",1
"stmdapl r1, {r0, sb, ip}",1
"andeq r5, fp, fp, lsl 18",1
invalid,1
"tsteq r1, r1, lsr r3",1
invalid,1
"swpeq r4, r7, [ip]",1
"andhs r0, r0, 0x13",1
"teqne r1, 0x40000007",1
"usaxeq r0, r5, r2",1
bleq 0x1651418,1
bleq 0x8ce6bc,1
"andeq r5, r6, r1, lsl 10",1
"andeq r2, r5, r0, lsl 8",1
bleq 0x71338c,1
"streq r0, [r5, -0]!",1
"andseq r3, r3, r0, lsl 2",1
"addhi r2, sb, 0, 12",1
"tsteq r1, r1, lsl 2",1
"swplo r4, r5, [ip]",1
"smladhs r0, r3, r0, r0",1
"stmdaeq r3, {r2, r4, r5}",1
bleq 0xed13d0,1
"streq r1, [r2], -sb, asr 6",1
"streq r0, [r8, -0]!",1
blo 0x38f2f4,1
"stmdbmi fp, {r0, r1, r3, r8, sb, fp, ip, sp}",1
"andeq r0, r6, r3, lsl r2",1
"andeq r2, r5, r0, lsl 18",1
beq 0x933c8,1
"cdphs p0, 2, c0, c10, c0, 0",1
"movweq r3, 0xcf01",1
bllo 0x2dcf48,1
"stmdbmi ip, {r0, r2, r8, sb, sl, sp}",1
invalid,1
blhs 0xe768,1
"movtne r0, 0x9005",1
"cdphs p0, 2, c0, c12, c0, 0",1
"movweq r3, 0xcf00",1
bllo 0x2dcf64,1
invalid,1
"stchs p0, c0, [r0, -0x30]",1
"ldceq p1, c0, [pc], -0xb8",1
bleq 0xe91f48,1
"stceq p5, c0, [r7], -0xec",1
"movwne r0, 0x1c3c",1
"cdphs p0, 2, c0, c14, c0, 0",1
"movweq r3, 0xcf01",1
"stmdbmi ip, {r1, r2, r3, r8, sb, sl, sp}",1
invalid,1
"andseq r0, r3, ip, lsl 2",1
invalid,1
"mcreq p12, 0, r0, c3, c15, 1",1
"ldreq r0, [fp, -0xb3a]!",1
"movtne r0, 0x9c27",1
"andeq r0, r0, ip, lsr ip",1
"tsteq r1, r0, lsl 2",1
bleq 0x4d2008,1
"cdpeq p14, 1, c0, c11, c3, 0",1
"tsteq r2, r1, lsl r1",1
"andeq r0, r0, r0, lsl r6",1
bleq 0x1778c,1
"movweq r3, 0xbe0b",1
"movweq r0, 8",1
bleq 0x2ce820,1
invalid,1
svceq 0x40000,1
"stmdbmi fp, {r8, sb, fp}",1
"streq r0, [r0, -0x13]",1
"movtne r0, 0x9026",1
"strlo r0, [r6, -0]",1
"andseq r4, r3, r0, lsl 18",1
invalid,1
"mcreq p12, 0, r0, c3, c15, 1",1
bleq 0xed14a0,1
"tsteq r1, r7, lsr 24",1
invalid,1
"swpeq r4, r7, [ip]",1
"stmdaeq r0, {r0, r1, r4}",1
"smlabbeq r1, sb, r2, r8",1
"teqne r1, 0x40000004",1
"andeq r1, r0, r1, lsl 6",1
"orreq r8, r2, sb, lsl 20",1
"mrsls r0, r10_fiq",1
"andeq r0, r0, r2, asr 20",1
"orreq r8, r2, sl, lsl 18",1
"mrslo r1, apsr",1
bleq 0xe838,1
"mcreq p0, 0, r0, c3, c4, 1",1
bleq 0xed14dc,1
"ldceq p3, c1, [pc], -0x124",1
"andeq r0, r0, ip, lsr ip",1
svclo 0x12e0c,1
blo 0x38f434,1
"strhs r3, [fp, -fp, lsl 22]",1
invalid,1
"andseq r0, r3, ip, lsl 2",1
"andeq r0, r5, r0, lsl 26",1
"andeq r1, r0, sb, asr 6",1
svclo 0x12e0e,1
blo 0x38f450,1
"strhs r3, [fp, -fp, lsl 22]",1
invalid,1
svceq 0x13,1
"andeq r0, r0, r8, lsl r0",1
svclo 0x2e10,1
blo 0x38f468,1
"strhs r3, [r5, -fp, lsl 22]",1
"andeq r3, ip, ip, lsl 24",1
"mrsne r0, apsr",1
"movwne r2, 0xe501",1
blne 0x38f478,1
"andne r1, r1, 0x80000003",1
"andeq r1, r6, r1",1
"andseq r0, r6, r0, lsl 4",1
bleq 0xe92068,1
"movtne r0, 0x9b3b",1
"strhs r0, [r3], -0",1
"vmlalo.f64 d0, d11, d0",1
"andeq r0, lr, fp, lsl 6",1
"eoreq r0, r4, r0, lsl 8",1
bleq 0xf914a0,1
"andeq r0, r0, r3, lsl 16",1
bleq 0x12490,1
"streq r0, [r0], -fp",1
bleq 0x2ce8c0,1
"andeq r1, r0, sb, asr 6",1
"movweq r1, 0x1307",1
blo 0x2d14c8,1
invalid,1
"stmdaeq r0, {r0, r1, r4}",1
"cdpeq p0, 0, c0, c3, c13, 0",1
bleq 0xed1588,1
beq 0xe135c8,1
"stceq p0, c0, [sb, -0]",1
blo 0x38f4ac,1
"stmdbmi r5, {r0, r1, r3, r8, sb, fp, ip, sp}",1
"andeq r3, sl, r3, lsl r8",1
"andseq r0, r6, r0, lsl 20",1
bleq 0xe920c8,1
"andeq r0, r0, fp, lsr fp",1
"stmdbmi r1, {r0, r1, r3, r8}",1
"andseq r0, r3, r3, lsl r1",1
"eoreq r0, r1, r0, lsl 24",1
bleq 0xbd35f4,1
"cdphs p0, 0, c0, c13, c0, 0",1
"movweq r3, 0xcf01",1
bllo 0x2dd114,1
"stmdbmi ip, {r0, r1, r3, r8, sb, sl, sp}",1
invalid,1
"mcreq p0, 0, r0, c0, c3, 0",1
"cdpeq p0, 0, c0, c3, c5, 0",1
bleq 0xed15d8,1
"andeq r1, r0, sb, asr 6",1
svclo 0x12e0f,1
blo 0x38f52c,1
"strhs r3, [fp, -fp, lsl 22]",1
"tstne r3, ip, lsl 18",1
"andmi r1, r1, r1, lsl 4",1
"mcrreq p7, 0, sb, r2, c6",1
"andeq r1, r0, r1, lsl 6",1
"movweq r0, 0x510",1
bllo 0x2dd150,1
"andseq r4, r3, 0x2c000",1
invalid,1
"mcreq p0, 0, r0, c3, c4, 1",1
bleq 0xed1610,1
"streq r1, [r2], -sb, asr 6",1
"ldrlo r0, [r2], -0",1
blo 0x38f534,1
"stmdbmi fp, {r0, r1, r3, r8, sb, fp, ip, sp}",1
"andeq r0, sl, r3, lsl r2",1
"tsteq sp, r0, lsl 6",1
"cmpeq r2, r1, lsr r3",1
bleq 0x161029c,1
"movwne r0, 0x1b59",1
"ldreq r0, [r4, -0]",1
"andseq r3, r3, 0, 2",1
"strne r0, [r0, -6]",1
"smlabbeq r1, sb, r2, r8",1
"teqne r1, 0x40000004",1
"andeq r1, r0, r1, lsl 6",1
"orreq r8, r2, r6, lsl sl",1
"mrsls r0, r10_fiq",1
"andeq r0, r0, r2, asr 20",1
"orreq r8, r2, r7, lsl sb",1
"mrslo r1, apsr",1
"stmdane r0, {r0, r1, r4}",1
"movtne r0, 0x9026",1
"ldrlo r0, [sb], -0",1
blo 0x38f588,1
"stmdbmi fp, {r0, r1, r3, r8, sb, fp, ip, sp}",1
invalid,1
bne 0xe9c4,1
"ldceq p1, c0, [pc], -0xb8",1
bleq 0xe921a8,1
invalid,1
"ldceq p3, c1, [ip], -0x124",1
"andeq r1, r0, r1, lsl 6",1
"stmdbmi r0, {r0, r1, r3, r4, r8, sl}",1
invalid,1
"ldceq p1, c0, [pc], -0xb8",1
bleq 0xe921c4,1
"stceq p5, c0, [r7], -0xec",1
"ldceq p3, c1, [ip], -0x124",1
"andeq r1, r0, r1, lsl 6",1
svclo 0x2e1d,1
blo 0x38f5fc,1
"strhs r3, [fp, -fp, lsl 22]",1
invalid,1
"andeq r0, r0, ip",1
"strhs r1, [r1, -0x101]",1
"movweq r1, 0xb30e",1
invalid,1
"andne r1, r1, r1, lsl 4",1
"andeq r0, r0, 6",1
bleq 0x2cea80,1
invalid,1
"strhs r0, [r3], -0",1
"vmlalo.f64 d0, d11, d0",1
"andeq r0, r8, fp, lsl 6",1
"andseq r0, r6, r0, lsl 8",1
bleq 0xe92214,1
"movtne r0, 0x9b3b",1
svceq 0x50000,1
"andeq r0, fp, r0, lsl 22",1
"andeq r0, pc, r0, lsl 12",1
"movtne r0, 0x9b0b",1
"movwne r0, 0x7000",1
bleq 0x38f628,1
bllo 0x2dd254,1
"andseq r0, r3, fp, lsl 2",1
"andeq r0, sp, r0, lsl 16",1
bleq 0xe92240,1
"movtne r0, 0x9b3b",1
"andeq r0, r0, r8, lsr sl",1
"movweq r0, 0xd09",1
bllo 0x2dd27c,1
"ldmdalo r3, {r0, r2, r8, fp, lr}",1
beq 0xea74,1
"mcreq p0, 0, r0, c3, c6, 0",1
bleq 0xed173c,1
"mrseq r0, apsr",1
"tsteq r3, r1, lsl 18",1
invalid,1
"movtne r0, 0x9021",1
"andeq r0, r0, pc, lsr 22",1
"movweq r1, 0x60d",1
bllo 0x2dd2a8,1
"andseq r4, r3, r5, lsl 18",1
"eoreq r0, r6, r0, lsl 28",1
"andeq r1, r0, sb, asr 6",1
"andeq r2, r0, pc, lsl 12",1
invalid,1
bleq 0xe916b4,1
"movwne r0, 0x1b3b",1
invalid,1
invalid,1
"andne r0, r0, 0xd",1
"stmdaeq r3, {r3, r5}",1
"andeq r0, r0, ip, lsl sp",1
svclo 0x12e13,1
blo 0x38f6d8,1
"strhs r3, [fp, -fp, lsl 22]",1
"andshs r4, r3, ip, lsl 18",1
invalid,1
"strne r0, [r0], -0x13",1
"cdpeq p0, 0, c0, c3, c5, 0",1
bleq 0xed17a8,1
"andeq r1, r0, sb, asr 6",1
"andeq r1, r0, r5, lsl r8",1
invalid,1
"mcreq p12, 0, r0, c3, c15, 1",1
bleq 0xed17bc,1
"movtne r0, 0x9c27",1
"movwne r0, 0x1b20",1
"cdphs p0, 1, c0, c7, c0, 0",1
blo 0x38f6e8,1
"strhs r3, [fp, -fp, lsl 22]",1
"andshs r4, r3, ip, lsl 18",1
"andseq r0, r3, fp, lsl 2",1
"eorseq r1, r4, r0, lsl 16",1
bleq 0xe90b04,1
"movtne r0, 0x9b3b",1
bleq 0x64eb00,1
bne 0xeb08,1
"mcreq p0, 0, r0, c3, c4, 1",1
bleq 0xed17f4,1
"andeq r1, r0, sb, asr 6",1
invalid,1
invalid,1
"ldceq p1, c0, [pc], -0xb8",1
bleq 0xe9232c,1
"stceq p5, c0, [r7], -0xec",1
"tsteq r1, sb, asr 6",1
invalid,1
"swpeq r4, r7, [ip]",1
"stcne p0, c0, [r0, -0x4c]",1
"mcreq p0, 0, r0, c3, c4, 1",1
"ldreq r0, [fp, -0xb3a]!",1
"streq r1, [r2], -sb, asr 6",1
"ldcne p0, c0, [lr, -0]",1
"andspl r3, r3, 0x40000000",1
"stmdapl r6, {r0, r8, sl, ip, lr}",1
"mrseq r5, apsr",1
svcne 0x13,1
"ldrbeq r0, [r5], -fp, lsl 2",1
"strtlo r0, [r0], -0",1
"andseq r3, r3, 0, 2",1
invalid,1
"tsteq r1, fp, lsl 2",1
"andeq r0, r0, r2, lsl r1",1
invalid,1
"andeq r0, sl, r3, lsl r2",1
"mrslo r2, r8_usr",1
"movwne r0, 0x1655",1
"stcne p0, c0, [r4, -0]!",1
"tstne r3, r1, lsl 2",1
"stmdapl r1, {r0, sb, ip}",1
"mrseq r5, apsr",1
"strhs r0, [r0, -0x13]",1
"teqne r1, 5",1
"andeq r0, r0, r2, lsl 12",1
"orreq r8, r2, r6, lsr 18",1
"mrslo r1, apsr",1
"smladhs r0, r3, r0, r0",1
"andeq r8, r1, sl, lsl 5",1
"addsmi r0, r1, 0x2000",1
"stmdahs r0, {r1, r3}",1
"smlabbeq r1, sb, r2, r8",1
"teqne r1, 0x40000004",1
"andeq r1, r0, r1, lsl 6",1
invalid,1
bhs 0xec10,1
"teqne r1, 0x40000007",1
"usaxeq r0, r5, r2",1
bleq 0x1651930,1
"andeq r1, r0, r1, lsl 6",1
invalid,1
invalid,1
invalid,1
"mcreq p0, 0, r0, c3, c4, 1",1
"ldreq r0, [fp, -0xb3a]!",1
"andeq r1, r0, sb, asr 6",1
"orreq r8, r2, sp, lsr 18",1
"mrslo r1, apsr",1
"mcrhs p0, 0, r0, c0, c3, 0",1
"mcreq p0, 0, r0, c3, c4, 1",1
bleq 0xed18e8,1
beq 0x93928,1
"strlo r0, [0x0000ec08]!",1
"andseq r4, r3, r0, lsl 18",1
"eorseq r3, r4, r0",1
bleq 0xe92420,1
"movtne r0, 0x9b3b",1
"ldceq p12, c0, [ip], -0xfc",1
"cdphs p0, 3, c0, c1, c0, 0",1
"movweq r3, 0xcf01",1
"stmdbmi ip, {r1, r2, r3, r8, sb, sl, sp}",1
invalid,1
"andseq r0, r3, ip, lsl 2",1
"andeq r3, r5, r0, lsl 4",1
"andeq r1, r0, sb, asr 6",1
svclo 0x12e33,1
blo 0x38f870,1
"strhs r3, [r5, -fp, lsl 22]",1
invalid,1
"andseq r0, r3, ip, lsl 2",1
invalid,1
"mcreq p12, 0, r0, c3, c15, 1",1
bleq 0xed1940,1
"strhs r4, [lr, -r7, lsl 1]",1
invalid,1
"andseq r0, r3, ip, lsl 2",1
invalid,1
"mcreq p12, 0, r0, c3, c15, 1",1
"ldreq r0, [fp, -0xb3a]!",1
"ldceq p12, c0, [ip], -0x9c",1
"andeq r1, r0, r1, lsl 6",1
svclo 0x12e36,1
blo 0x38f8b0,1
"strhs r3, [r5, -fp, lsl 22]",1
invalid,1
"andeq r0, r0, ip",1
"strhs r1, [r1, -0x101]",1
"movweq r1, 0xb30e",1
invalid,1
"andne r1, r1, r1, lsl 4",1
"andeq r0, r0, 6",1
"mcreq p0, 0, r0, c3, c6, 0",1
bleq 0xed1990,1
"andeq r1, r0, sb, asr 6",1
bleq 0x17cbc,1
"movweq r3, 0xbe0b",1
"streq r0, [r0], -0xe",1
bleq 0x2ced4c,1
"stmdaeq r3, {r1, r2, r3, r4, r5, r8, sb, fp}",1
svceq 0x50000,1
"andeq r0, fp, r0, lsl 22",1
"andeq r0, pc, r0, lsl 12",1
"movtne r0, 0x9b0b",1
"movwne r0, 0x7000",1
bleq 0x38f8dc,1
bllo 0x2dd508,1
"andseq r0, r3, fp, lsl 2",1
"andeq r0, sp, r0, lsl 16",1
bleq 0xe924f4,1
"movtne r0, 0x9b3b",1
"andeq r0, r0, r8, lsr sl",1
"movweq r0, 0xd09",1
bllo 0x2dd530,1
"ldmdalo r3, {r0, r2, r8, fp, lr}",1
beq 0xed28,1
"mcreq p0, 0, r0, c3, c6, 0",1
bleq 0xed19f0,1
"mrseq r0, apsr",1
"tsteq r3, r1, lsl 18",1
invalid,1
"movtne r0, 0x9021",1
"andeq r0, r0, pc, lsr 22",1
svclo 0x12e0d,1
blo 0x38f954,1
"strhs r3, [r5, -fp, lsl 22]",1
"tstne r3, ip, lsl 18",1
"andmi r1, r1, r1, lsl 4",1
"mcrreq p7, 0, sb, r2, c6",1
"andeq r1, r0, r1, lsl 6",1
"movweq r0, 0x50e",1
bllo 0x2dd560,1
"andseq r4, r3, 0x2c000",1
svceq 6,1
"mcreq p0, 0, r0, c3, c4, 1",1
bleq 0xed1a38,1
"streq r1, [r2], -sb, asr 6",1
"ldrlo r0, [r0], -0",1
blo 0x20f95c,1
"stmdbmi fp, {r0, r1, r3, r8, sb, fp, ip, sp}",1
"andeq r0, r6, r3, lsl r2",1
"addhi r1, sb, 0, 2",1
"tsteq r1, r1, lsl 2",1
"movwne r1, 0x1331",1
bhi 0x48ed74,1
"andeq r0, r0, 0x80000020",1
beq 0x10b31a4,1
invalid,1
"smlabbne r0, r2, r1, r0",1
"andseq r3, r3, r1, lsl 2",1
"addhi r1, sb, 0, 8",1
"tsteq r1, r1",1
"swplo r4, r5, [ip]",1
"strne r0, [r0, -0x13]",1
"mcreq p0, 0, r0, c3, c4, 1",1
bleq 0xed1a88,1
"ldceq p3, c1, [pc], -0x124",1
"andeq r0, r0, ip, lsr ip",1
svclo 0x12e16,1
blo 0x38f9e0,1
"strhs r3, [r5, -fp, lsl 22]",1
invalid,1
"andseq r0, r3, ip, lsl 2",1
"andeq r1, r5, r0, lsl 14",1
"andeq r1, r0, sb, asr 6",1
svclo 0x12e18,1
blo 0x38f9fc,1
"strhs r3, [fp, -fp, lsl 22]",1
invalid,1
"andseq r0, r3, ip, lsl 2",1
"eoreq r1, lr, r0, lsl 18",1
"mcreq p12, 0, r0, c3, c15, 1",1
bleq 0xed1acc,1
"movtne r0, 0x9c27",1
"andeq r0, r0, ip, lsr ip",1
svclo 0x12e1a,1
blo 0x38fa24,1
"strhi r3, [r5, -fp, lsl 22]",1
"stceq p14, c0, [r7], -0x100",1
"ldceq p3, c1, [ip], -0x124",1
invalid,1
"mcreq p1, 1, r0, c5, c1, 0",1
invalid,1
"tsteq r1, fp, lsl lr",1
"sadd16eq r0, r0, r2",1
"strne r0, [r2], -r0",1
blo 0x38fa1c,1
"stmdbmi fp, {r0, r1, r3, r8, sb, fp, ip, sp}",1
"movweq r0, 0x13",1
bleq 0x2ceeb8,1
invalid,1
"strhs r0, [r4], -0",1
"vmlalo.f64 d0, d11, d0",1
"andeq r0, r8, fp, lsl 6",1
"andeq r0, pc, r0, lsl 10",1
"andeq r0, r0, fp, lsl 22",1
bleq 0x12a5c,1
"andseq r4, r3, fp, lsl 18",1
"tsteq r3, r0, lsl 14",1
bleq 0x2d265c,1
bleq 0xed1b3c,1
"andeq r1, r0, r1, lsl 6",1
"movweq r0, 0xd08",1
bllo 0x2dd698,1
"ldmdalo r3, {r0, r1, r3, r8, fp, lr}",1
"stmdbeq r0, {r1, r3}",1
"cdpeq p0, 0, c0, c3, c13, 0",1
"ldreq r0, [fp, -0xb3a]!",1
beq 0xe13b98,1
"strne r0, [sl], -r0",1
blo 0x38fa7c,1
"andeq r3, fp, fp, lsl 22",1
invalid,1
"movwne r1, 0x1349",1
invalid,1
svchs 0x134900,1
"stceq p0, c0, [r0, -0x2c]",1
"cdpeq p1, 0, c0, c3, c14, 1",1
bleq 0xed1b84,1
bleq 0x811f3c,1
"andeq r1, r0, r1, lsl 6",1
"movweq r0, 0x50e",1
bllo 0x2dd6cc,1
"andseq r4, r3, fp, lsl 18",1
invalid,1
"mcreq p12, 0, r0, c3, c15, 1",1
"ldreq r0, [fp, -0xb3a]!",1
"movtne r0, 0x9c27",1
"tsteq r2, r1, lsl r1",1
"addsmi r0, r7, 64, 12",1
"andseq r0, r3, ip, lsl 2",1
"andeq r1, r5, r0",1
bleq 0xe926e0,1
"movtne r0, 0x9b3b",1
"andeq r0, r0, r2, lsl 12",1
invalid,1
"andne r1, r1, 0xc0000004",1
"stmdbpl fp, {r0, fp, ip, lr}",1
"andseq r0, r3, fp, lsl 2",1
"andeq r1, r5, r0, lsl 4",1
beq 0x93bb8,1
invalid,1
"smlabbne r1, r2, r1, r0",1
"andseq r3, r3, r1, lsl 2",1
"addhi r1, sl, 0, 8",1
beq 0x8ef0c,1
"muleq sl, r1, r2",1
"addhi r1, sb, 0, 10",1
"tsteq r1, r1, lsl 2",1
"movwne r1, 0x1331",1
invalid,1
"smlabbne r1, r2, r1, r0",1
"mcrreq p5, 0, sb, r2, c1",1
"andeq r1, r0, r1, lsr r3",1
"movweq r3, 0x417",1
bllo 0x2dd768,1
svclo 0x13490b,1
"andeq r3, ip, ip, lsl 24",1
invalid,1
"mcreq p12, 0, r0, c3, c15, 1",1
"ldreq r0, [fp, -0xb3a]!",1
"movtne r0, 0x9c27",1
"movwne r0, 0x1c3c",1
"ldreq r0, [sb, -0]",1
"andseq r4, r3, r0, lsl 18",1
invalid,1
"mcreq p12, 0, r0, c3, c15, 1",1
bleq 0xed1c48,1
"movtne r0, 0x9c27",1
"movwne r0, 0x1c3c",1
"cdphs p0, 1, c0, c11, c0, 0",1
"movweq r3, 0xcf01",1
bllo 0x2dd7ac,1
"stmdbmi ip, {r0, r1, r3, r8, sb, sl, sp}",1
"andeq r3, ip, r3, lsl ip",1
"mrsne r0, apsr",1
"movwne r2, 0xe501",1
blne 0x38fbb4,1
"andne r1, r1, 0x80000003",1
"andeq r1, r6, r1",1
"eoreq r0, r4, r0, lsl 4",1
bleq 0xf91bc4,1
"andeq r0, r0, r3, lsl 28",1
"movweq r1, 0x603",1
bllo 0x2dd7dc,1
"andseq r4, r3, fp, lsl 18",1
"eoreq r0, r4, r0, lsl 8",1
bleq 0xf91bdc,1
"andeq r0, r0, r3, lsl 16",1
bleq 0x12bcc,1
"streq r0, [r0], -fp",1
bleq 0x2ceffc,1
"andeq r1, r0, sb, asr 6",1
"movweq r1, 0x1307",1
blo 0x2d1c04,1
invalid,1
"stmdaeq r0, {r0, r1, r4}",1
"cdpeq p0, 0, c0, c3, c13, 0",1
bleq 0xed1cc4,1
beq 0xe13d04,1
"stceq p0, c0, [sb, -0]",1
blo 0x38fbe8,1
"stmdbmi r5, {r0, r1, r3, r8, sb, fp, ip, sp}",1
"andeq r3, sl, r3, lsl r8",1
"andseq r0, r6, r0, lsl 20",1
bleq 0xe92804,1
"andeq r0, r0, fp, lsr fp",1
"stmdbmi r1, {r0, r1, r3, r8}",1
"andseq r0, r3, r3, lsl r1",1
"eoreq r0, r1, r0, lsl 24",1
bleq 0xbd3d30,1
"cdphs p0, 0, c0, c13, c0, 0",1
"movweq r3, 0xcf01",1
bllo 0x2dd850,1
"stmdbmi ip, {r0, r2, r8, sb, sl, sp}",1
"andne r1, r1, 0xc0000004",1
"strls r4, [r6, -r1]",1
"movwne r0, 0x1c42",1
"streq r0, [lr, -0]",1
blo 0x20fc30,1
"stmdbmi fp, {r0, r1, r3, r8, sb, fp, ip, sp}",1
"andeq r0, r6, r3, lsl r2",1
"andeq r0, r5, r0, lsl 30",1
bleq 0xe9284c,1
"movtne r0, 0x9b3b",1
"andeq r0, r0, r2, lsl 12",1
"movweq r0, 0x510",1
bllo 0x2dd888,1
"andseq r4, r3, 0x2c000",1
invalid,1
"ldrbeq r0, [r5], -fp, lsl 2",1
"andeq r1, r0, r1, lsl 6",1
"movweq r3, 0x412",1
bllo 0x2dd888,1
"andseq r4, r3, 0x2c000",1
"movwne r0, 6",1
"smlabbeq r1, sb, r2, r8",1
"teqne r1, 0x40000004",1
"andeq r1, r0, r1, lsl 6",1
"orreq r8, r2, r4, lsl sl",1
"mrsls r0, r10_fiq",1
"andeq r0, r0, r2, asr 20",1
"orreq r8, r2, r5, lsl sb",1
"mrslo r1, apsr",1
invalid,1
"smlabbeq r1, sb, r2, r8",1
"addsmi r0, r5, 0x40000004",1
"andseq r3, r3, ip, lsl 2",1
"eorseq r1, r4, r0, lsl 14",1
bleq 0xe928b4,1
"movtne r0, 0x9b3b",1
"ldceq p12, c0, [ip], -0xfc",1
"cdphs p0, 1, c0, c8, c0, 0",1
"movweq r3, 0xcf01",1
bllo 0x2dd8f4,1
"stmdbmi ip, {r0, r2, r8, sb, sl, sp}",1
invalid,1
"stmdbne r0, {r0, r1, r4}",1
"movtne r0, 0x9005",1
"cdphs p0, 1, c0, c10, c0, 0",1
"movweq r3, 0xcf01",1
bllo 0x2dd910,1
"cdpeq p7, 4, c8, c0, c5, 0",1
"movtne r0, 0x9c27",1
"movwne r0, 0x1c3c",1
"cdphs p0, 1, c0, c11, c0, 0",1
"movweq r3, 0xcf01",1
bllo 0x2dd928,1
"cdpeq p7, 4, c8, c0, c5, 0",1
"movtne r0, 0x9c27",1
"andeq r0, r0, ip, lsr ip",1
"andseq r0, r1, r0, lsl 2",1
"tsteq r1, r0, lsl r6",1
"stmdaeq r3, {r1, r4, r8}",1
"stmdaeq r5!, {r0, r1, r3, r4, fp}",1
"andeq r0, r0, r3, lsl r5",1
"andseq r0, r1, r0, lsl 2",1
"tsteq r1, r0, lsl r6",1
"stmdaeq r3, {r1, r4, r8}",1
"stmdaeq r5!, {r0, r1, r3, r4, fp}",1
"andeq r0, r0, r3, lsl r5",1
"tsteq r1, r0, lsl 2",1
bleq 0x4d29c0,1
"cdpeq p14, 1, c0, c11, c3, 0",1
"tsteq r2, r1, lsl r1",1
"andeq r0, r0, r0, lsl r6",1
bleq 0x18144,1
"movweq r3, 0xbe0b",1
"movweq r0, 8",1
"mcreq p0, 0, r0, c3, c6, 0",1
bleq 0xed1e34,1
"andeq r1, r0, sb, asr 6",1
bleq 0x18164,1
"movweq r3, 0xbe0b",1
"streq r0, [r0, -0xe]",1
"ldceq p1, c0, [pc], -0xb8",1
bleq 0xe92970,1
invalid,1
"tsteq r2, r1, lsl r1",1
"addsmi r0, r7, 64, 12",1
"andseq r0, r3, ip, lsl 2",1
"andeq r0, r5, r0, lsl 12",1
bleq 0xe92988,1
"movtne r0, 0x9b3b",1
"andeq r0, r0, r2, lsl 12",1
"movweq r3, 0x407",1
bllo 0x2dd9c4,1
"andseq r4, r3, fp, lsl 18",1
"mrseq r0, apsr",1
"movwne r0, 0x1655",1
"strlo r0, [sb], -0",1
blo 0x20fda0,1
"stmdbmi fp, {r0, r1, r3, r8, sb, fp, ip, sp}",1
"andeq r0, r6, r3, lsl r2",1
"addhi r0, sb, 0, 20",1
"tsteq r1, r1, lsl 2",1
bhi 0x2cf1b4,1
"andeq r0, r0, 0x80000020",1
beq 0x10b35e4,1
invalid,1
"smlabbne r0, r2, r1, r0",1
"andseq r3, r3, r1, lsl 2",1
"andeq r0, pc, r0, lsl 26",1
"movtne r0, 0x9b0b",1
"strhs r0, [lr], -r0",1
"andseq r4, r3, r0, lsl 18",1
"eoreq r0, lr, r0, lsl 30",1
"mcreq p12, 0, r0, c3, c15, 1",1
bleq 0xed1ecc,1
"tsteq r1, r7, lsr 24",1
beq 0x100f634,1
"muleq ip, r7, r2",1
"mrseq r1, apsr",1
"movwne r1, 0x1349",1
"tsths r1, r0",1
"andne r0, r0, 0",1
"stceq p1, c0, [r7], -0x54",1
"andeq r1, r0, r1, lsl 6",1
"stmdbmi r0, {r0, r1, r4, r8, sl}",1
"strne r0, [r0], -0x13",1
"mcreq p0, 0, r0, c3, c4, 1",1
bleq 0xed1f00,1
"ldceq p3, c1, [pc], -0x124",1
"andeq r0, r0, ip, lsr ip",1
svclo 0x2e15,1
blo 0x38fe58,1
"strhs r3, [fp, -fp, lsl 22]",1
"andeq r3, ip, ip, lsl 24",1
"mrsne r0, apsr",1
"movwne r2, 0xe501",1
blne 0x38fe68,1
"andne r1, r1, 0x80000003",1
"andeq r1, r6, r1",1
"eoreq r0, r4, r0, lsl 4",1
bleq 0xf91e78,1
"andeq r0, r0, r3, lsl 16",1
bleq 0x18260,1
"movweq r3, 0xbe0b",1
"streq r0, [r0], -0xe",1
bleq 0x2cf29c,1
"strne r0, [r5, -0]",1
"andeq r2, ip, r0, lsl 14",1
"andeq r0, pc, r0, lsl 12",1
"movtne r0, 0x9b0b",1
"cdphs p0, 0, c0, c7, c0, 0",1
"movweq r3, 0xcf01",1
bllo 0x2ddab4,1
"stmdbmi ip, {r0, r1, r3, r8, sb, sl, sp}",1
"andne r1, r1, 0xc0000004",1
"strls r4, [sl, -r1]",1
"movwne r0, 0x1c42",1
"streq r0, [r8, -0]",1
blo 0x38fe94,1
"stmdbmi fp, {r0, r1, r3, r8, sb, fp, ip, sp}",1
"andeq r0, r6, r3, lsl r2",1
"addhi r0, sb, 0, 18",1
"tsteq r1, r1, lsl 2",1
"swplo r4, r5, [ip]",1
beq 0xf2f8,1
"andeq r8, r1, sl, lsl 5",1
"addsmi r0, r1, 0x2000",1
bleq 0xf2e0,1
"mcreq p0, 0, r0, c3, c4, 1",1
bleq 0xed1fa8,1
"ldceq p3, c1, [pc], -0x124",1
"andeq r0, r0, ip, lsr ip",1
svclo 0x12e0c,1
blo 0x38ff00,1
"strhs r3, [fp, -fp, lsl 22]",1
invalid,1
"andseq r0, r3, ip, lsl 2",1
"andeq r0, r5, r0, lsl 26",1
"andeq r1, r0, sb, asr 6",1
"strhs r1, [r1, -lr, lsl 10]",1
"andeq r0, r0, ip",1
"andne r1, r0, r1, lsl 2",1
"movweq r5, 0x6506",1
"strhs r1, [r8, -0xb08]",1
"andeq r1, r5, r8, lsl 6",1
"subseq r0, fp, r0",1
"andeq r0, r2, r0",1
"andeq r0, r0, r3, lsr r0",1
"cdpeq p1, 0xf, c0, c11, c2, 0",1
"mrseq r0, apsr",1
"andeq r0, r0, r1, lsl 2",1
"andeq r0, r0, r0, lsl 2",1
svchs 0x2e2e01,1
"ldrbtvc r6, [r2], -0xf70",1
"ldmdbvc r3!, {r0, r1, r4, r5, r6, r8, sb, sl, fp, sp} ^",1
"rsbvc r6, r5, r3, ror r4",1
"rsbvc r2, r1, 0x1cc",1
"movwvc r0, 0x6d",1
"ldrbtvc r6, [r2], -0x174",1
invalid,1
"andeq r0, r0, r0",1
"cdphi p2, 7, c0, c4, c5, 0",1
"cdpgt p0, 0, c0, c3, c0, 0",1
invalid,1
"teqeq r1, 0xc000000b",1
"teqlo r1, r7, lsl lr",1
"teqeq r2, 0xf0000002",1
svchs 0x342e71,1
invalid,1
"andeq r2, r0, r1, lsl 6",1
"stcne p2, c0, [r0, -0]",1
"andeq r0, r0, 0",1
"vstreq d15, [lr, -4]",1
"mrseq r0, apsr",1
"andeq r0, r0, r1",1
invalid,1
"stmdbvs lr!, {r8, fp, sp, lr} ^",1
"rsbeq r2, r3, r4, ror lr",1
"andeq r0, r0, r0",1
"andeq r0, r0, lr, rrx",1
"eorseq r0, r2, r2",1
invalid,1
"strdeq r0, r1, [sp], -fp",1
"mrseq r0, apsr",1
invalid,1
"cdphs p0, 0, c0, c1, c0, 0",1
svcvs 0x702f2e,1
svchs 0x737472,1
"ldrbtvs r7, [r3], -0x973",1
svchs 0x737065,1
"rsbeq r7, sp, r1, ror 4",1
"ldrbtvc r6, [r2], -0x300",1
"subseq r2, r3, sb, ror 28",1
"andeq r0, r0, r1",1
"andlt r0, r2, r0, lsl 10",1
"movweq r0, 0x8e",1
"eorlo r0, pc, sp, lsr r1",1
svchs 0x2f2f2f,1
invalid,1
"andeq r0, r5, 1",1
"andeq r8, r0, r0, lsr fp",1
invalid,1
"andeq r0, r2, r0, lsr r2",1
"streq r0, [r0, -0x101]",1
"adcseq r7, lr, r2, lsl 24",1
"sbcseq r0, ip, r0, lsl 6",1
"andeq r0, r2, r1, lsl 4",1
invalid,1
"andeq r0, r2, r0",1
"andeq r0, r0, r3, asr 2",1
"cdpeq p1, 0xf, c0, c11, c2, 0",1
"mrseq r0, apsr",1
"andeq r0, r0, r1, lsl 2",1
"andeq r0, r0, r0, lsl 2",1
"cmnvs r2, 0x4000000",1
"cmnvc r5, 0, 30",1
"mcrvs p15, 3, r2, c9, c2, 3",1
"ldrbtvs r6, [r5], -0xc63",1
"stmdbvs r2!, {r0, r2, r5, r6, r8, sb, sl, fp, sp} ^",1
svchs 0x7374,1
svchs 0x727375,1
svchs 0x62696c,1
svchs 0x636367,1
"stclhs p2, c7, [sp, -0x184]!",1
"stmdbvc fp!, {r4, r5, r6, r8, sb, sl, fp, sp, lr} ^",1
"cdpvs p12, 6, c6, c9, c13, 1",1
invalid,1
invalid,1
"strtlo r6, [pc], -0x962",1
"eorlo r3, lr, 0xb80000",1
invalid,1
"strbvs r7, [r4, -0x56c]!",1
"cmnvc r5, 0, 30",1
"mcrvs p15, 3, r2, c9, c2, 3",1
"ldrbtvs r6, [r5], -0xc63",1
svchs 0x2e0065,1
"rsbeq r6, r2, ip, ror 18",1
"ldrbvc r7, [r2, -0x400]!",1
"rsbeq r2, r3, r5, ror 28",1
"movwvc r0, 1",1
svcvs 0x696474,1
"rsbeq r2, r8, r2, lsr lr",1
"movwvc r0, 2",1
"ldrbvs r7, [r4, -0x379]!",1
"rsbeq r2, r8, sp, ror 28",1
"movwvc r0, 1",1
"strbvs r6, [r4, -0x474]!",1
"rsbeq r2, r8, r6, ror 28",1
"strvc r0, [r0], -3",1
invalid,1
"andeq r6, r0, 0x2e0000",1
"ldrbtvc r0, [r3], -0",1
"cdphs p9, 6, c6, c15, c4, 3",1
"andeq r0, r4, r8, rrx",1
"rsbvs r6, sb, 0, 24",1
"stmdavs lr!, {r0, r3, r5, r6, r8, sb, sl, fp, sp, lr}",1
"andeq r0, r0, r0, lsl 8",1
"cmnvc r2, 0x1d800000",1
"cdphs p15, 6, c6, c14, c9, 3",1
"andeq r0, r1, r8, rrx",1
"ldmdbvs r8!, {r8, sl, sp, lr} ^",1
"stmdbvs r1!, {r2, r4, r5, r6, sb, sl, sp, lr} ^",1
"rsbeq r2, r8, ip, ror 28",1
"andvc r0, r0, r5",1
"mcrvs p15, 3, r6, c7, c2, 3",1
"cdphs p13, 6, c6, c5, c1, 3",1
"andeq r0, r5, r8, rrx",1
"rsbvs r6, sb, 0, 24",1
"ldclvs p14, c6, [r4], -0x1a4",1
"streq r6, [r0], -0x82e",1
svcvs 0x6c0000,1
"strbvs r6, [ip, -0x163]!",1
"streq r6, [r0], -0x82e",1
"ldrbtvc r0, [r3], -0",1
invalid,1
"streq r6, [r0], -0x82e",1
invalid,1
"stclvs p14, c6, [r1, -0x1c8]!",1
"rsbeq r2, r8, r5, ror 28",1
invalid,1
"stclvs p5, c7, [sb], -0x188",1
"mcrvs p13, 3, r2, c9, c4, 3",1
"andeq r0, r0, lr, lsr r0",1
"ldrbtvs r7, [r4], -0x300",1
"cdphs p9, 6, c6, c2, c12, 3",1
"andeq r0, r4, r8, rrx",1
"rsbvc r7, r5, 0, 12",1
"mcrvs p9, 3, r6, c15, c3, 3",1
"cmnvs r4, 0xb400000",1
"streq r6, [r0, -0x82e]",1
"andeq r0, r0, r0",1
svchi 0xa80205,1
"strhs r0, [r3], -0",1
svchs 0x492f01,1
"andgt r0, r3, 4, 4",1
invalid,1
"strbthi r4, [r6], -r3, lsl 6",1
"movweq r0, 0x242a",1
invalid,1
bllt 0x19a1174,1
"movweq r0, 0x24bb",1
invalid,1
"strteq r4, [lr], -0x903",1
"cdphs p3, 3, c0, c7, c2, 0",1
"andle r0, r3, 4, 6",1
"andeq r4, r4, 0x3000",1
"rsbshi sl, ip, 3, 28",1
"andle r0, r3, 4, 6",1
"andeq r2, r4, 3, 28",1
"cdphs p14, 7, c10, c12, c3, 0",1
"strle r0, [r3, -0x304]",1
"stclle p6, c6, [r7], -0xc",1
"strge r0, [r3], -0x204",1
"movweq sp, 0x467c",1
"cdphs p12, 0, c13, c3, c3, 0",1
"strge r0, [r3], -0x204",1
"movweq r2, 0x4e7c",1
bmi 0x1075bc,1
"andge r0, r3, r4, lsl 4",1
"movweq sp, 0x467c",1
"cdphs p0, 0, c14, c3, c3, 0",1
"andge r0, r3, r4, lsl 4",1
invalid,1
"subeq r4, sl, 0xc00",1
invalid,1
invalid,1
"movweq r0, 0x8d",1
blhs 0xc4fab4,1
"andne r3, r3, 0x8000000b",1
bmi 0x1c50298,1
"stclmi p7, c6, [r7], -0x12c",1
"ldmeq pc, {r2, r3, r6, r8, sl, fp, ip, sp, pc}",1
"andseq r0, sl, r5, asr r2",1
"eoreq r0, sl, r1, lsl 2",1
"andeq r0, r2, r0",1
"andeq r0, r0, r4, lsr 32",1
"cdpeq p1, 0xf, c0, c11, c2, 0",1
"mrseq r0, apsr",1
"andeq r0, r0, r1, lsl 2",1
"andeq r0, r0, r0, lsl 2",1
"cmnvs r2, 0x4000000",1
"ldrbvs r0, [r6, -0]!",1
svcvs 0x697372,1
"rsbeq r2, r3, lr, ror 28",1
"andeq r0, r0, r1",1
"andeq r0, r0, sl, lsr r1",1
invalid,1
invalid,1
"strdeq r0, r1, [sp], -fp",1
"mrseq r0, apsr",1
invalid,1
invalid,1
svchs 0x6269,1
svchs 0x727375,1
svchs 0x62696c,1
svchs 0x636367,1
"stclhs p2, c7, [sp, -0x184]!",1
"stmdbvc fp!, {r4, r5, r6, r8, sb, sl, fp, sp, lr} ^",1
"cdpvs p12, 6, c6, c9, c13, 1",1
invalid,1
invalid,1
"strtlo r6, [pc], -0x962",1
"eorlo r3, lr, 0xb80000",1
invalid,1
"strbvs r7, [r4, -0x56c]!",1
"cmnvc r5, 0, 30",1
"mcrvs p15, 3, r2, c9, c2, 3",1
"ldrbtvs r6, [r5], -0xc63",1
"stmdbvs r2!, {r0, r2, r5, r6, r8, sb, sl, fp, sp} ^",1
svchs 0x7374,1
svchs 0x727375,1
"stclvs p14, c6, [r3], -0x1a4",1
"rsbeq r6, r5, r5, ror r4",1
svcvs 0x6c6300,1
"strbvc r6, [0x0000f121]!",1
"rsbeq r2, r3, r4, ror lr",1
"movwvc r0, 1",1
"strbvs r6, [r4, -0x474]!",1
"rsbeq r2, r8, r6, ror 28",1
"strvc r0, [r0], -2",1
invalid,1
"movweq r6, 0x82e",1
"ldrbtvc r0, [r3], -0",1
"cdphs p9, 6, c6, c15, c4, 3",1
"andeq r0, r4, r8, rrx",1
"rsbvs r6, sb, 0, 24",1
"stmdavs lr!, {r0, r3, r5, r6, r8, sb, sl, fp, sp, lr}",1
"andeq r0, r0, r0, lsl 8",1
"strbtvc r7, [sb], -0x865",1
"stclvs p1, c6, [sb], -0x198",1
invalid,1
invalid,1
"strbtvc r6, [lr], -0x962",1
"rsbeq r2, r8, ip, ror 28",1
invalid,1
"ldrbvs r6, [r4, -0xf75]!",1
"cdphs p2, 6, c7, c7, c1, 3",1
"andeq r0, r1, r8, rrx",1
svcvs 0x6c6300,1
invalid,1
invalid,1
"rsbeq r2, r8, sp, ror 28",1
"strvs r0, [r0, -1]",1
svcvs 0x6e7272,1
"movweq r6, 0x82e",1
"rsbvc r0, r5, 0",1
"mrchs p15, 3, r6, c2, c2, 3",1
"andeq r0, r1, r8, rrx",1
"stmdbvs lr!, {r8, sl, ip, sp, lr} ^",1
"mcrhs p4, 3, r7, c4, c3, 3",1
"andeq r0, r4, r8, rrx",1
"streq r0, [r0, -0]",1
"addseq r3, r1, r2, lsl 8",1
invalid,1
"eorhi r0, r4, 0x4c000000",1
"andshi r0, ip, 0x4c000000",1
invalid,1
"mrseq r0, r12_usr",1
"movweq r8, 0x6206",1
"moveq r8, 12, 4",1
"vstrhs s8, [r3, 0x1d0]",1
"stmdbeq r3, {r0, r1, r2, r3, r5, r8, sb, fp, lr}",1
bvc 0xde774,1
"andseq r0, lr, r6, ror 4",1
"adcseq r0, sp, r1, lsl 2",1
"andeq r0, r2, r0",1
"andeq r0, r0, r1, lsl 1",1
"cdpeq p1, 0xf, c0, c11, c2, 0",1
"mrseq r0, apsr",1
"andeq r0, r0, r1, lsl 2",1
"andeq r0, r0, r0, lsl 2",1
"rsbvs r6, sb, 0x100",1
"cmnvc r5, 0, 30",1
"stmdbvs ip!, {r1, r4, r5, r6, r8, sb, sl, fp, sp} ^",1
invalid,1
"rsbvc r2, r1, 0x18c",1
svcvs 0x702d6d,1
"stcvs p9, c7, [sp], -0x1ac",1
"ldmdavc r5!, {r0, r3, r5, r6, sb, sl, fp, sp, lr} ^",1
"strbvc r6, [lr, -0x72d]!",1
"stmdbvs r2!, {r0, r2, r5, r6, r8, sp, lr} ^",1
"strlo r3, [lr, -pc, lsr 8]!",1
"stmdbvs pc!, {r1, r2, r3, r5, sb, ip, sp}",1
"strbvc r6, [ip, -0x36e]!",1
svchs 0x6564,1
svchs 0x727375,1
"stclvs p14, c6, [r3], -0x1a4",1
"rsbeq r6, r5, r5, ror r4",1
invalid,1
"stclvs p14, c6, [r1, -0x194]!",1
"strbvs r2, [ip, -r5, ror 26]!",1
invalid,1
"andeq r0, r0, r0, lsl 2",1
"strbtvs r7, [r4], -0x473",1
"stmdavs lr!, {r0, r2, r5, r6, sb, sl, sp, lr}",1
"andeq r0, r0, r0, lsl 4",1
"ldmdbvs r2!, {r0, r1, r4, r5, r6, sl, ip, sp, lr} ^",1
"stmdavs lr!, {r1, r2, r3, r5, r6, r8, sb, sl, sp, lr}",1
"andeq r0, r0, r0, lsl 6",1
"andeq r0, r5, 0",1
"andeq sb, r0, ip, lsr r2",1
"strne r1, [r1, -r3, lsl 28]",1
"strblo r7, [r6, -0xa03]!",1
"streq r0, [r2], -0x2d",1
"strvs r6, [r6], -r1, lsl 18",1
"stchs p0, c3, [0x0000f7e8]!",1
"stmdbvc r3, {r4, r5, r8, sl, fp, lr}",1
"strvs r0, [ip], -lr, lsr 6",1
"eorseq r2, r2, r6, lsr lr",1
"streq r0, [r2], -r2, lsl 8",1
"movweq r5, 0x6808",1
"andeq r6, r2, 12, 12",1
blhs 0x4fc1c,1
"andeq r0, r0, 0",1
"andeq r2, r0, r0, lsl 10",1
blx 0x5002a,1
invalid,1
"andeq r0, r1, r1, lsl 2",1
"andeq r0, r1, r0",1
"stmdbvs ip!, {r8} ^",1
"strvs r0, [r0, -0x62]",1
"uhsub16vs r6, r4, r8",1
"cdphs p9, 6, c6, c12, c1, 3",1
"andeq r0, r1, r3, rrx",1
invalid,1
"andeq r0, r2, r0",1
"ldrdeq r0, r1, [r0], -r4",1
"cdpeq p1, 0xf, c0, c11, c2, 0",1
"mrseq r0, apsr",1
"andeq r0, r0, r1, lsl 2",1
"andeq r0, r0, r0, lsl 2",1
"rsbvs r6, sb, 0x100",1
"cmnvc r5, 0, 30",1
"stmdbvs ip!, {r1, r4, r5, r6, r8, sb, sl, fp, sp} ^",1
invalid,1
"rsbvc r2, r1, 0x18c",1
svcvs 0x702d6d,1
"stcvs p9, c7, [sp], -0x1ac",1
"ldmdavc r5!, {r0, r3, r5, r6, sb, sl, fp, sp, lr} ^",1
"strbvc r6, [lr, -0x72d]!",1
"stmdbvs r2!, {r0, r2, r5, r6, r8, sp, lr} ^",1
"strlo r3, [lr, -pc, lsr 8]!",1
"stmdbvs pc!, {r1, r2, r3, r5, sb, ip, sp}",1
"strbvc r6, [ip, -0x36e]!",1
svchs 0x6564,1
svchs 0x727375,1
"stclvs p14, c6, [r3], -0x1a4",1
svchs 0x656475,1
"cmnvc r4, 0x188000",1
"cmnvc r5, 0, 30",1
"mcrvs p15, 3, r2, c9, c2, 3",1
"ldrbtvs r6, [r5], -0xc63",1
"andvc r0, r0, r5, rrx",1
"mcrvs p15, 3, r6, c7, c2, 3",1
"cdphs p13, 6, c6, c5, c1, 3",1
"andeq r0, r1, r3, rrx",1
"ldrbtvs r7, [r4], -0x300",1
"cdphs p5, 6, c6, c6, c4, 3",1
"andeq r0, r2, r8, rrx",1
"rsbsvc r7, sb, r0, lsl 8",1
"stmdavs lr!, {r0, r2, r5, r6, r8, sb, ip, sp, lr}",1
"andeq r0, r0, r0, lsl 6",1
"stmdbvs r2!, {r2, r3, r5, r6, r8, fp, sp, lr} ^",1
"rsbeq r2, r8, pc, ror 28",1
"strvs r0, [r0, -4]",1
svcvs 0x6e7272,1
"streq r6, [r0], -0x82e",1
"ldrbtvc r0, [r3], -0",1
"cdphs p9, 6, c6, c15, c4, 3",1
"andeq r0, r4, r8, rrx",1
"rsbsvc r7, r4, 0, 6",1
"cdphs p14, 6, c6, c7, c9, 3",1
"andeq r0, r4, r8, rrx",1
"strbvc r3, [r2, -0xc00]!",1
"ldclhs p12, c6, [r4, -0x1a4]!",1
"eorseq r6, lr, sb, ror 28",1
"movwvc r0, 0",1
"stmdbvs ip!, {r2, r4, r5, r6, sl, sp, lr} ^",1
"rsbeq r2, r8, r2, ror 28",1
"andeq r0, r0, r4",1
"stmdale r2, {r8, sl}",1
"movweq r0, 0x92",1
bleq 0xcfdd0,1
"subeq r5, fp, lr, lsr 4",1
"streq r0, [r1], -r2, lsl 8",1
"streq r0, [r2], -0x4a",1
"stmdaeq pc!, {r0, sb, sl}",1
"eorlo sl, sl, 0x23000000",1
invalid,1
"cmpeq r0, 24, 28            ; 0x18",1
"adcseq r6, ip, 92, 12",1
invalid,1
"strheq r0, [r0], -r1",1
"mrseq r0, spsr",1
invalid,1
"strdeq r0, r1, [sp], -fp",1
"mrseq r0, apsr",1
invalid,1
invalid,1
svchs 0x6269,1
svchs 0x727375,1
"stclvs p14, c6, [r3], -0x1a4",1
svchs 0x656475,1
"cmnvc r4, 0x188000",1
"cmnvc r5, 0, 30",1
"stmdbvs ip!, {r1, r4, r5, r6, r8, sb, sl, fp, sp} ^",1
invalid,1
"rsbvc r2, r1, 0x18c",1
svcvs 0x702d6d,1
"stcvs p9, c7, [sp], -0x1ac",1
"ldmdavc r5!, {r0, r3, r5, r6, sb, sl, fp, sp, lr} ^",1
"strbvc r6, [lr, -0x72d]!",1
"stmdbvs r2!, {r0, r2, r5, r6, r8, sp, lr} ^",1
"strlo r3, [lr, -pc, lsr 8]!",1
"stmdbvs pc!, {r1, r2, r3, r5, sb, ip, sp}",1
"strbvc r6, [ip, -0x36e]!",1
svchs 0x6564,1
svchs 0x727375,1
"stclvs p14, c6, [r3], -0x1a4",1
"rsbeq r6, r5, r5, ror r4",1
svcvs 0x757100,1
"rsbvc r6, r1, 116, 10",1
"rsbeq r2, r3, r7, ror 28",1
"movwvs r0, 1",1
"rsbsvc r7, r4, 0xb4000000",1
"ldrbvs r6, [r3, -0x163]!",1
"stmdavs lr!, {r0, r2, r5, r6, r8, ip, sp, lr}",1
"andeq r0, r0, r0, lsl 2",1
"ldmdbvs r2!, {r0, r1, r4, r5, r6, sl, ip, sp, lr} ^",1
"cdphs p7, 3, c6, c3, c14, 3",1
"andeq r0, r2, r8, rrx",1
"stclvs p8, c7, [r1], -0",1
"cdphs p15, 6, c6, c3, c12, 3",1
"andeq r0, r1, r8, rrx",1
"ldrbtvs r7, [r4], -0x300",1
"cdphs p5, 6, c6, c6, c4, 3",1
"andeq r0, r3, r8, rrx",1
svcvs 0x757100,1
"rsbvc r6, r1, 116, 10",1
"rsbeq r2, r8, r7, ror 28",1
"strvc r0, [r0], -1",1
invalid,1
"andeq r6, r0, 0x2e0000",1
invalid,1
"stmdavs lr!, {r0, r2, r3, r5, r6, r8, sl, sp, lr}",1
"andeq r0, r0, r0, lsl 8",1
"stmdbvs r2!, {r2, r3, r5, r6, r8, fp, sp, lr} ^",1
"rsbeq r2, r8, pc, ror 28",1
"strvc r0, [r0, -r4]",1
"rsbvc r6, r1, 0x630000",1
"streq r6, [r0], -0x82e",1
"ldrbtvc r0, [r3], -0",1
"cdphs p9, 6, c6, c15, c4, 3",1
"andeq r0, r4, r8, rrx",1
"rsbvs r6, sb, 0, 24",1
"ldclvs p14, c6, [r4], -0x1a4",1
"streq r6, [r0], -0x82e",1
"cmnvs r7, 0",1
"ldrbvs r7, [r0, -0x974]!",1
"streq r6, [r0], -0x82e",1
"ldrbtvc r0, [r3], -0",1
invalid,1
"streq r6, [r0], -0x82e",1
svcvs 0x6c0000,1
invalid,1
"cmnvc r2, 104, 2            ; 0x68",1
"stmdavs lr!, {r0, r2, r5, r6, sl, ip, sp, lr}",1
"andeq r0, r0, r0, lsl 2",1
"rsbsvc r7, sb, r3, ror 8",1
"rsbeq r2, r8, r5, ror 28",1
"movwvc r0, 4",1
"stmdbvs ip!, {r2, r4, r5, r6, sl, sp, lr} ^",1
"rsbeq r2, r8, r2, ror 28",1
"strvs r0, [r0, -4]",1
svcvs 0x6e7272,1
"andeq r6, r0, 0x2e0000",1
"andeq r0, r0, r0",1
"orrls r0, ip, 0x50000000",1
"andgt r0, r3, r0",1
invalid,1
"andeq r4, r4, 0x1a000",1
invalid,1
"andvc r8, r3, 0x20000007",1
"rsbshi r0, r2, 0x8000002",1
invalid,1
invalid,1
"cdphs p13, 0, c15, c0, c3, 0",1
"movweq r0, 0x244b",1
"andvc sp, r3, 72, 12",1
"rsbshi r0, r2, 0x28000001",1
"strbteq r7, [r6], -0x203",1
"rsceq r0, r6, r1, lsl 6",1
"andeq r8, r4, 0x98000001",1
"vaddhs.f64 d24, d15, d3",1
invalid,1
"andvc r6, r3, 0x7200000",1
"movweq r0, 0x1466",1
blmi 0xb9016c,1
"andls r1, r8, r3, lsl 18",1
"stchs p8, c8, [0x0000f9e0]!",1
"cdphs p3, 0, c0, c11, c15, 1",1
invalid,1
"strne r4, [r3, -fp, lsl 20]",1
"andge r7, r3, 8, 8",1
blhs 0xfe862518,1
blhs 0xfe85a7e4,1
"rscseq r0, r5, r1, lsr r3",1
svcvc 0xbf032e,1
"sbceq r0, r1, sl, asr 6",1
"streq r0, [r2], -0x2e",1
"andhi r2, r6, 1, 30",1
svchs 0x496706,1
svchs 0x494e2d,1
"movteq r2, 0xed2d",1
invalid,1
"movteq r7, 0xafba",1
"stchs p14, c2, [sp, -0x1cc]!",1
"rsceq r0, r4, sp, lsr 6",1
"sbcseq r0, pc, sl, asr 6",1
svcvc 0x9a0366,1
"rsceq r0, r6, lr, lsr 6",1
invalid,1
"stclvc p3, c0, [fp, 0x208]!",1
bmi 0x9d0900,1
invalid,1
invalid,1
"orreq r0, r2, 0x4000002d",1
"movteq r7, 0xacff",1
invalid,1
invalid,1
"movweq r0, 0x1402",1
"eoreq r0, lr, r5, ror 1",1
"streq r0, [r2], -r2, lsl 8",1
"stmmi r8, {r1, r3, r6, sb, sl}",1
"bicslo r3, r1, 48, 10",1
"mrseq r0, r12_usr",1
invalid,1
"mrchs p3, 3, r0, c10, c4, 1",1
"stclmi p12, c11, [r8, -0xd0]!",1
"andseq r0, sp, 0xbc000000",1
"strge r0, [r1], -r4, lsl 5",1
"streq r0, [r2], -0x67",1
"strbteq r0, [r6], -r1, lsl 12",1
bvs 0xfe5d1d54,1
svcls 0x4b2a4e,1
"mulle r3, pc, pc",1
"strbvs r2, [r7, -r1, lsl 28]!",1
"stmdavs sl!, {r2, r3, r4, r7, r8, sl, fp, lr} ^",1
"ldclvc p3, c0, [r8, 0x2f4]",1
"adceq r0, r8, 0x98000001",1
"ldclvc p3, c0, [r8, 0xb8]",1
"streq r0, [r2], -0x2e",1
"strteq r0, [lr], -r1, lsl 12",1
"vmlals.f64 d10, d2, d3",1
"andeq r6, r0, 0x2ec000",1
svcls 0xd70104,1
"stcmi p15, c2, [sp, -0x124]!",1
"cdpvc p3, 0xb, c0, c15, c15, 1",1
"streq r0, [r2], -0x82",1
"subeq r0, sl, r2, lsl 12",1
bmi 0xd0c04,1
"andne r4, r3, r6, lsl 28",1
invalid,1
"strtne r0, [r2], -r6, ror 4",1
"ldrbtvs sb, [lr], -r3, lsl 26",1
blvs 0xb9281c,1
bmi 0x1c109b4,1
"cdpmi p9, 4, c4, c12, c6, 2",1
svcvc 0xbd0348,1
"stclvs p8, c6, [r8], -0x128",1
"strtlo r7, [lr], -0xa03",1
"strtlo r7, [lr], -0xa03",1
"mrseq r0, r12_usr",1
"andge r2, r6, r6, lsl 28",1
"mcrls p3, 1, r0, c6, c15, 4",1
"strvs lr, [r0], -r3, lsl 30",1
"andeq r8, r0, 0x4000001a",1
"cdplo p1, 0, c0, c3, c4, 0",1
invalid,1
invalid,1
"stclhs p14, c9, [fp, -8]",1
"strbvs r7, [r6, -r3, lsl 8]!",1
"stmdbvc r3, {r0, r1, r2, r3, r4, r7, sb, lr, pc}",1
"stmdbvc r3, {r1, r2, r3, r5, r8, sl, ip, sp}",1
invalid,1
"andeq r6, r0, 0x7e00000",1
"strvs r0, [r6], -r4, lsl 2",1
blhs 0xd1600,1
svcls 0x68684a,1
"mrcvc p3, 4, r0, c3, c15, 4",1
"strheq r0, [lr], 0x3a",1
svcvc 0xbf034a,1
"sbceq r0, r1, lr, lsr 6",1
svcvc 0xbf032e,1
bmi 0xf1093c,1
svcvc 0xae0334,1
"sbceq r0, pc, lr, lsr 6",1
svchs 0x2d2f9e,1
"mrseq r0, r12_usr",1
"andeq r4, r0, 0x6000",1
"movweq r0, 0x6104",1
"strhteq r7, [r6], -0xf3",1
"movweq r0, 0x1402",1
"eoreq r0, lr, pc, asr 1",1
"movweq r0, 0x1402",1
invalid,1
"movweq r0, 0x1402",1
"eoreq r0, lr, lr, asr 1",1
"stchs p4, c0, [r1, -8]",1
"mrseq r0, r12_usr",1
"subhi r0, r6, 0xbc000000",1
"stchs p13, c2, [0x0000fb98]!",1
"mrseq r0, r12_usr",1
"andeq r4, r0, 0x6000",1
"strhi r0, [r6, -0x104]",1
"stchs p14, c2, [r6, -0x18]",1
bvc 0xdbd8c,1
"teqeq r0, 0x8000002",1
"teqeq r4, 0x790",1
beq 0xdb6c0,1
"cdphs p3, 7, c0, c6, c14, 1",1
"movteq r7, 0xa003",1
invalid,1
"cdphs p3, 0, c0, c15, c14, 1",1
"cdphs p3, 6, c0, c2, c15, 1",1
invalid,1
"movweq r8, 0x4200",1
"ldrbtvs pc, [sp], -r3, lsl 18",1
bgt 0xd011c,1
"movweq r2, 0x4e03",1
"cdphs p6, 7, c11, c12, c3, 0",1
bgt 0xd0128,1
"strls r4, [r3, -r3, lsl 20]",1
svc 0x32e7f,1
"ldmdale ip!, {fp}",1
"stceq p15, c4, [r3, -0x130]",1
"streq r0, [r2], -0x4a",1
"strlt r6, [r3], -0xa01",1
"vstrgt s8, [r3, -0x1f4]",1
"cdpmi p6, 0, c6, c2, c2, 0",1
bmi 0x310980,1
"eorlo r6, sl, 0x4b000",1
"strvc r3, [r8, -r7, asr 2]",1
bmi 0x350bd0,1
"vstrhs d29, [fp, -0x1a0]",1
"cdpvc p3, 9, c0, c13, c12, 1",1
"andeq sl, r0, 0x8200000",1
"stclo p1, c0, [r3, -0x10]",1
"sbcseq r0, r5, r2, lsl 7",1
"cdpvc p3, 0xa, c0, c12, c2, 4",1
svcvc 0xb20382,1
"sbceq r0, lr, lr, lsr 6",1
invalid,1
invalid,1
"mrseq r0, r12_usr",1
invalid,1
"andeq r0, r4, 0, 4",1
"stclhs p6, c0, [r7, -0x278]!",1
blt 0x1f82590,1
"cdpgt p15, 0, c3, c3, c8, 0",1
"vstmdbhs pc!, {s8}",1
"cdphs p15, 7, c10, c15, c3, 0",1
"stcmi p9, c1, [r2], {3}",1
"teqeq r1, 0xb400",1
"strhi r2, [r3], -r6, ror 28",1
bmi 0xf11db0,1
svcmi 0x2b3183,1
"teqlo r0, sb, lsr 2",1
"movtlo r3, 0x816d",1
"movweq r0, 0x34d9",1
"strteq r7, [lr], -0xabb",1
"strbeq r0, [r5, 0x301]",1
"movweq r0, 0x342e",1
"strteq r7, [lr], -0xabb",1
"strbeq r0, [r6, 0x301]",1
"stchs p5, c3, [0x0000fc30]!",1
"ldrthi r4, [r1], -0xb47",1
"stmdbvs r2, {r3, r6, fp} ^",1
svchs 0x2d2f2d,1
"movweq r0, 0x442f",1
"streq r7, [r2], 0xbb0",1
"ldrbeq r0, [r2], 0x301",1
"strteq r6, [pc], -0x566",1
blvc 0xfeb909f8,1
invalid,1
"cdphs p2, 0, c13, c4, c3, 0",1
invalid,1
"strbhi r5, [sl], -0xf03",1
svcvs 0x34c2c,1
"cdphs p3, 0, c0, c13, c6, 3",1
"ldrbtvs sp, [sl], -r3, lsl 18",1
"stchs p15, c2, [0x0000fd50]!",1
svcmi 0x30844b,1
invalid,1
"ldrne r0, [sl, 0xa03]!",1
"ldchs p9, c2, [r3, -0x210]!",1
svchs 0x2d2f2f,1
"ldrvs r6, [r5, -r8, ror 28]",1
"sublo r3, pc, pc, lsr 32",1
svchs 0x4d4968,1
invalid,1
blmi 0x12a263c,1
"stchs p8, c6, [0x0000fca0]!",1
"pushmi {r0, r1, r2, r3, r5, r8, sb, fp, lr}",1
"ldcvs p5, c15, [r0], -0xbc",1
invalid,1
"mcreq p14, 0, r2, c3, c2, 3",1
"cdphs p3, 7, c0, c2, c14, 1",1
invalid,1
svceq 0x32e72,1
"stchs p1, c3, [sp], -0xb8",1
invalid,1
"movweq r0, 0x4431",1
invalid,1
"stc p1, c0, [r3, -0x10]",1
"streq r4, [r4], -0xa03",1
"ldmdaeq ip!, {r0, r1, r8, sb, ip, pc} ^",1
"movweq r0, 0x143c",1
"smulwtlo lr, sp, r3",1
invalid,1
"stmdavs r3, {r3, r4, sb, sl, fp, sp}",1
"strvs r0, [fp], -lr, lsr 6",1
"stchs p13, c2, [0x0000fdc8]!",1
invalid,1
invalid,1
"orrslo r3, fp, r7, asr 2",1
"stmdals r3, {r2, sl}",1
invalid,1
"strvs lr, [r3], -r3, lsl 26",1
svchs 0x2d5c08,1
"eorlo r3, ip, sp, lsr 4",1
svchs 0x661203,1
"eorseq r2, r0, r0, lsr ip",1
"movwhi r0, 0x2402",1
"andeq r0, r4, 0, 4",1
"streq r0, [r2], -0x2d",1
"andeq r2, r0, 2, 30",1
"stmdavs sp!, {r2, sb}",1
"sublo r2, fp, r4, lsl 31",1
"teqeq r0, 132, 22",1
"orrsne r0, lr, 0xc9",1
"movtne r1, 0xf14b",1
"movteq r1, 0xf12f",1
bleq 0xd04ac,1
"cdphs p3, 7, c0, c5, c14, 1",1
"movteq r0, 0xad03",1
invalid,1
"strvc r0, [r3, -0x14a]",1
"strvs r0, [sp], -sl, asr 6",1
"movweq r7, 0x1303",1
"and r4, r3, 0x11000",1
"mcrls p14, 0, r2, c3, c10, 3",1
"movw r2, 0x3e05",1
"stcls p14, c2, [r3, -0x1e8]",1
"and r2, r3, 5, 28",1
"stmdbpl r8, {r1, r3, r4, r5, r6, sb, fp, lr}",1
invalid,1
"orrseq pc, pc, 0x50000000",1
"movteq r7, 0xaae1",1
invalid,1
invalid,1
invalid,1
invalid,1
invalid,1
"stmdaeq r6!, {r1, r3, r4, r6, r7, sb, fp, ip, sp, lr} ^",1
invalid,1
svcls 0xf205a4,1
bmi 0x1ec6344,1
"vmlahs.f64 d10, d5, d3",1
"cdphs p4, 7, c13, c10, c3, 0",1
"cdphs p12, 0, c10, c5, c3, 0",1
"cdphs p3, 7, c13, c10, c3, 0",1
"cdphs p13, 0, c10, c5, c3, 0",1
"cdphs p3, 7, c13, c10, c3, 0",1
svchs 0x305908,1
invalid,1
"orrseq r0, lr, 3, 30",1
"movteq r7, 0xaad3",1
invalid,1
invalid,1
invalid,1
invalid,1
invalid,1
"stmdaeq sl, {r0, r2, r3, r6, r7, sb, fp, ip, sp, lr} ^",1
invalid,1
invalid,1
"stcgt p14, c9, [r3, -0x34]",1
"smlsdxlt r3, sl, sl, r4",1
"ldchs p14, c2, [r0], -0x14",1
invalid,1
"umlalslo r7, sl, lr, sl",1
"movteq r2, 0xbf81",1
"movteq r0, 0xa5e1",1
invalid,1
blmi 0xb91728,1
"cdphs p3, 7, c0, c9, c10, 3",1
"mrchs p3, 3, r0, c9, c5, 1",1
bmi 0x1e50c84,1
blt 0x1eb77c0,1
blmi 0xbf0478,1
bmi 0x1883c8,1
"ldrbtvs sb, [sl], -r3, lsl 30",1
"cdphs p1, 0, c14, c5, c3, 0",1
"movwvc r6, 0x3a51",1
"cdphs p3, 0, c0, c13, c14, 1",1
invalid,1
"movwvc r2, 0x3e0d",1
bvc 0xfe810c90,1
"strbeq r0, [r2, 0x3ba]!",1
bvc 0xfe790c98,1
invalid,1
svcls 0x34a05,1
invalid,1
"stceq p14, c2, [r3, -0x14]",1
"vstrvs s12, [r3, -0xb8]",1
"cdphs p3, 1, c0, c3, c14, 1",1
invalid,1
"stcvs p14, c2, [r3, -0x4c]",1
bvc 0xfe810d2c,1
"strbeq r0, [r2, 0x3ba]!",1
bvc 0xfe790cc4,1
invalid,1
svcls 0x34a05,1
invalid,1
"movwne r2, 0x3e05",1
beq 0xeacd8,1
"cdphs p3, 7, c0, c6, c14, 1",1
invalid,1
beq 0xdba04,1
bvc 0xfe5d0e38,1
"strbeq r0, [sb, 0x39e]!",1
bvc 0xfe590d60,1
bl 0xe2cf4,1
"strls r2, [r3, -r5, lsl 28]",1
invalid,1
invalid,1
svcls 0x32e77,1
"smlsdx r3, sl, sl, r4",1
"vstmdbhs pc!, {s8, s9, s10, s11, s12}",1
"orreq r2, r3, 0xbc0",1
"orrseq r7, lr, 0x97000",1
"movteq r0, 0xa5e9",1
blmi 0xbaeabc,1
"vmlahs.f64 d14, d5, d3",1
"rsbshi sb, sl, 0xc0000",1
"strbeq r0, [r8, 0x32f]!",1
"strls r2, [r3, -0xf2e]",1
invalid,1
"stmdavc r3, {r0, r2, sb, fp, lr}",1
"stmdavc r3, {r1, r2, r3, r5, sb, sl, ip, sp}",1
"stmdavc r3, {r1, r2, r3, r5, sb, sl, ip, sp}",1
bvc 0xfe5d0e20,1
"strbeq r0, [sb, 0x39e]!",1
bvc 0xfe590db8,1
svchs 0x492f2e,1
"vmlahs.f64 d14, d5, d3",1
"rsbshi sb, sl, 0xc0000",1
"strbeq r0, [r8, 0x32f]!",1
"cdphi p6, 0, c3, c3, c14, 1",1
invalid,1
invalid,1
"cdphs p3, 0, c0, c15, c14, 1",1
invalid,1
invalid,1
bvc 0xfe5d0ec4,1
"strbeq r0, [sb, 0x39e]!",1
bvc 0xfe590dec,1
svchs 0x492f2e,1
"vmlahs.f64 d14, d5, d3",1
"rsbshi sb, sl, 0xc0000",1
"strbeq r0, [r8, 0x32f]!",1
"cdphs p3, 1, c0, c0, c14, 1",1
bmi 0x1eb18e8,1
bmi 0x1b20ec,1
svcmi 0x112f13,1
invalid,1
bleq 0xd06d0,1
"cmneq r5, sl, asr 6",1
"movteq r0, 0xad03",1
invalid,1
invalid,1
invalid,1
"movwne r2, 0x3e6f",1
invalid,1
invalid,1
"andeq r7, r2, r1, lsl 26",1
invalid,1
"andeq r0, r0, 0",1
"vstreq d15, [lr, -4]",1
"mrseq r0, apsr",1
"andeq r0, r0, r1",1
invalid,1
"rsbeq r6, r2, ip, ror 18",1
"rsbsvc r7, r3, 0xbc00000",1
invalid,1
"strbvs r7, [r4, -0x56c]!",1
"strbtvc r6, [sb], -0x22f",1
"strvc r0, [0x000100cd]!",1
"stcvs p2, c7, [pc], -0x1cc",1
"strvs r6, [pc, -sb, ror 4]!",1
invalid,1
"eorvc r6, sp, r2, ror sp",1
invalid,1
"strbvc r6, [lr, -0x96c]!",1
"mcrvs p13, 3, r2, c7, c8, 3",1
"rsbvs r6, r1, 0x1d400000",1
"cdphs p15, 3, c2, c4, c9, 3",1
svchs 0x322e37,1
"stclvs p14, c6, [r3], -0x1a4",1
"rsbeq r6, r5, r5, ror r4",1
"rsbsvc r7, r3, 0xbc00000",1
invalid,1
"strbvs r7, [r4, -0x56c]!",1
"ldrbvs r0, [r6, -0]!",1
svcvs 0x697372,1
"strbtvc r2, [r5], -0xd6e",1
"rsbeq r2, r3, r3, ror 28",1
"movwvc r0, 1",1
svcvs 0x696474,1
"rsbeq r2, r8, r2, lsr lr",1
"movwvc r0, 2",1
"rsbvc r6, r1, 116, 8",1
"rsbeq r2, r8, r7, ror 28",1
"movwvc r0, 3",1
"strbvs r6, [r4, -0x474]!",1
"rsbeq r2, r8, r6, ror 28",1
"strvc r0, [r0], -3",1
invalid,1
"andeq r6, r0, 0x2e0000",1
"ldrbtvc r0, [r3], -0",1
"cdphs p9, 6, c6, c15, c4, 3",1
"andeq r0, r4, r8, rrx",1
"strbvc r3, [r2, -0xc00]!",1
"ldclhs p12, c6, [r4, -0x1a4]!",1
"eorseq r6, lr, sb, ror 28",1
invalid,1
svcvs 0x696269,1
"streq r6, [r0], -0x82e",1
"ldrbvs r0, [r6, -0]!",1
svcvs 0x697372,1
"strbtvc r2, [r5], -0xd6e",1
"rsbeq r2, r8, r3, ror 28",1
invalid,1
"cdpvs p2, 6, c6, c9, c9, 3",1
"stmdavs lr!, {r2, r4, r5, r6, sl, fp, sp, lr}",1
"andeq r0, r0, r0, lsl 8",1
"stclvs p4, c7, [r4], -0x1cc",1
"stmdavs lr!, {r0, r3, r5, r6, sb, sp, lr}",1
"andeq r0, r0, r0, lsl 8",1
"andeq r0, r5, 0",1
"ldrdeq sl, fp, [r0], -r4",1
invalid,1
invalid,1
"cdpne p2, 0, c0, c3, c4, 0",1
"movweq r0, 0x142e",1
"andeq fp, r4, 0x73000",1
"ldreq r0, [lr], 0xd03",1
blt 0x1d50e34,1
invalid,1
"orrseq r0, r0, 0x3d0000",1
"andeq r2, r4, 11, 28",1
"ldrbtvs fp, [pc], -r3, lsl 20 ; [0x10240:4]=0x204d600",1
"strgt r0, [r3], -r4, lsl 2",1
"andeq sp, r4, 0, 12",1
"vaddhs.f32 s23, s30, s6",1
invalid,1
"cmneq r4, 0, 16",1
invalid,1
"ldrteq r4, [r1], -0xa7f",1
invalid,1
"stmdbhs r2, {r0, r1, r4, r5, sl}",1
invalid,1
"andeq r4, r4, 0, 20",1
bmi 0x1ffd27c,1
"stmdbeq r3, {r2, r8}",1
"movweq r0, 0x242e",1
invalid,1
"strbeq r0, [sl], -0x903",1
"cdphs p3, 7, c0, c7, c2, 0",1
invalid,1
"andeq r6, r4, 0, 12",1
bmi 0x1ffd29c,1
"stceq p1, c0, [r3, -0x10]",1
"movweq r0, 0x242e",1
invalid,1
"strteq r0, [lr], -0xd03",1
"cdphs p3, 7, c0, c3, c2, 0",1
invalid,1
"andeq sb, r4, 0, 28",1
bmi 0x1ffd2bc,1
"strne r0, [r3], -0x104",1
"movweq r0, 0x242e",1
invalid,1
"strbeq r1, [sl], -0x403",1
"cdphs p3, 6, c0, c12, c2, 0",1
blne 0xd06d8,1
"movweq r0, 0x24d6",1
invalid,1
"strbteq r1, [r6], -0xb03",1
"cdphs p3, 6, c0, c5, c2, 0",1
"andhs r0, r3, 4, 2",1
"andeq r2, r4, 8",1
"streq r5, [r2], 0xe03",1
"strtvs r0, [r2], -r1, lsl 6",1
"cdppl p2, 0, c0, c3, c4, 0",1
"movweq r0, 0x142e",1
"strteq r0, [r0], -0x82a",1
"subshi r0, r6, 0x8000000",1
bhs 0xd070c,1
"movweq r0, 0x249e",1
"qaddeq r2, r6, r4",1
invalid,1
"cdpmi p2, 0, c0, c3, c4, 0",1
"movweq r0, 0x1482",1
"andeq fp, r4, 0x32000",1
"strteq r4, [lr], -0xe03",1
"sbcseq r0, r6, r1, lsl 6",1
bmi 0x61328,1
"streq r0, [r2], -0x31",1
"ldreq r0, [lr], r2, lsl 12",1
beq 0xe313c,1
"eorseq r4, r4, 0x4a000",1
"stcmi p6, c1, [sp], -0x148",1
"ldmdaeq r8, {r1, r2, r6, r8, sb}",1
"strbtvs r0, [r7], -r4, ror 7",1
invalid,1
invalid,1
"cdphs p3, 6, c0, c4, c14, 1",1
"ldchs p14, c4, [r6, -8]",1
invalid,1
"andhs r8, r3, 0x20000006",1
"ldrteq lr, [r3], -0x408",1
"cdpvc p3, 0xf, c0, c3, c2, 0",1
"movweq r0, 0x1482",1
"strteq r0, [lr], -0x18d",1
"cdpvc p3, 0xf, c0, c3, c2, 0",1
"movweq r0, 0x142e",1
"strbeq r0, [sl], -0x193",1
"cdpvc p3, 0xe, c0, c13, c2, 0",1
"movweq r0, 0x1482",1
"strteq r0, [lr], -0x193",1
"cdpvc p3, 0xe, c0, c13, c2, 0",1
"movweq r0, 0x142e",1
"stcllt p1, c0, [r6], -0x260",1
"andseq r0, r0, ip, lsr 4",1
"adcseq r0, r0, r1, lsl 2",1
"andeq r0, r2, r0",1
"andeq r0, r0, sl, lsr 1",1
"cdpeq p1, 0xf, c0, c11, c2, 0",1
"mrseq r0, apsr",1
"andeq r0, r0, r1, lsl 2",1
"andeq r0, r0, r0, lsl 2",1
"cmnvc r5, 1, 30",1
"stmdbvs ip!, {r1, r4, r5, r6, r8, sb, sl, fp, sp} ^",1
invalid,1
"rsbvc r2, r1, 0x18c",1
svcvs 0x702d6d,1
"stcvs p9, c7, [sp], -0x1ac",1
"ldmdavc r5!, {r0, r3, r5, r6, sb, sl, fp, sp, lr} ^",1
"strbvc r6, [lr, -0x72d]!",1
"stmdbvs r2!, {r0, r2, r5, r6, r8, sp, lr} ^",1
"strlo r3, [lr, -pc, lsr 8]!",1
"stmdbvs pc!, {r1, r2, r3, r5, sb, ip, sp}",1
"strbvc r6, [ip, -0x36e]!",1
svchs 0x6564,1
svchs 0x727375,1
"stclvs p14, c6, [r3], -0x1a4",1
svchs 0x656475,1
"cmnvc r4, 0x188000",1
"cmnvc r5, 0, 30",1
"mcrvs p15, 3, r2, c9, c2, 3",1
"ldrbtvs r6, [r5], -0xc63",1
"stmdbvs ip!, {r0, r2, r5, r6} ^",1
"movwvc r0, 0x62",1
"strbvs r6, [r4, -0x474]!",1
"rsbeq r2, r8, r6, ror 28",1
"strvc r0, [r0], -1",1
invalid,1
"andeq r6, r0, 0x2e0000",1
invalid,1
"cdphs p9, 6, c6, c15, c2, 3",1
"andeq r0, r3, r8, rrx",1
"ldrbtvs r7, [r4], -0x300",1
"stmdavs lr!, {r0, r3, r5, r6, r8, sb, sl, fp, sp, lr}",1
"andeq r0, r0, r0, lsl 6",1
"cmnvc r2, 0x1d800000",1
"stclhs p15, c6, [lr, -0x1a4]!",1
"stclhs p4, c7, [r3, -0x194]!",1
"cdphs p3, 6, c7, c6, c6, 3",1
"andeq r0, r4, r3, rrx",1
invalid,1
"andeq r0, r2, r0",1
"strheq r0, [r0], -r2",1
"cdpeq p1, 0xf, c0, c11, c2, 0",1
"mrseq r0, apsr",1
"andeq r0, r0, r1, lsl 2",1
"andeq r0, r0, r0, lsl 2",1
"rsbvs r6, sb, 0x100",1
"cmnvc r5, 0, 30",1
"mcrvs p15, 3, r2, c9, c2, 3",1
"ldrbtvs r6, [r5], -0xc63",1
"stmdbvs r2!, {r0, r2, r5, r6, r8, sb, sl, fp, sp} ^",1
svchs 0x7374,1
svchs 0x727375,1
"stclvs p14, c6, [r3], -0x1a4",1
"rsbeq r6, r5, r5, ror r4",1
"rsbsvc r7, r3, 0xbc00000",1
"rsbvs r6, sb, 0x2f00",1
invalid,1
"ldclvs p1, c6, [r2, -0xbc]!",1
blvs 0x1bec548,1
"stmdbvs ip!, {r0, r3, r4, r5, r6, r8, sl, fp, sp} ^",1
"ldclhs p5, c7, [r8, -0x1b8]!",1
"ldrbvs r6, [r5, -0xe67]!",1
svchs 0x696261,1
"mrchs p14, 1, r2, c7, c4, 1",1
"mcrvs p15, 3, r2, c9, c2, 1",1
"ldrbtvs r6, [r5], -0xc63",1
"stmdavc r0, {r0, r2, r5, r6}",1
svcvs 0x6c6c61,1
"rsbeq r2, r8, r3, ror 28",1
"stmdavc r0, {r0}",1
"stclvs p1, c6, [ip], -0x1b4",1
invalid,1
"andeq r0, r0, r0, lsl 2",1
"ldmdbvs r2!, {r0, r1, r4, r5, r6, sl, ip, sp, lr} ^",1
"cdphs p7, 3, c6, c3, c14, 3",1
"andeq r0, r2, r8, rrx",1
"ldrbtvs r7, [r4], -0x300",1
"cdphs p9, 6, c6, c2, c12, 3",1
"andeq r0, r3, r8, rrx",1
"rsbsvc r7, r4, 0, 6",1
"cdphs p14, 6, c6, c7, c9, 3",1
"andeq r0, r3, r8, rrx",1
"ldrbtvs r7, [r4], -0x300",1
"cdphs p5, 6, c6, c6, c4, 3",1
"andeq r0, r4, r8, rrx",1
"streq r0, [r0, -0]",1
"adcseq r3, r4, r2, lsl 8",1
"rsceq r0, r7, r0, lsl 6",1
"stchs p14, c2, [0x00010508]!",1
"andeq r6, r4, 0x2f0000",1
"cdphs p14, 7, c11, c15, c3, 0",1
"movweq r0, 0x144b",1
"ldchs p0, c0, [sl], 0x308",1
"vmulhs.f64 d0, d14, d3",1
"strteq r4, [pc], -0x94b",1
svcvc 0xbf0302,1
"strtlo sp, [sl], -r6, ror 20",1
"movweq r0, 0x144b",1
"andeq fp, r4, 0x3b000",1
svchs 0x2e4003,1
"stclo p1, c0, [r3, -0x10]",1
"cdphs p3, 3, c0, c13, c10, 2",1
"sublo r2, fp, r1, lsr fp",1
"eorge r1, lr, r3, lsl 8",1
"stmda r3, {r2, sb}",1
invalid,1
"vmlahs.f64 d9, d1, d3",1
"str r0, [r3, -0x204]",1
invalid,1
"cdphi p1, 0, c0, c3, c4, 0",1
"vstrvs s22, [r3, -4]",1
invalid,1
"strteq r6, [pc], -0x60e",1
"cdpvc p3, 0xe, c0, c8, c2, 0",1
invalid,1
"strvs sl, [r1], -r3, lsl 2",1
"movweq r0, 0x242e",1
svchs 0x2e7ece,1
svchs 0x2e2bbb,1
"stmdbeq r3, {r0, r1, r2, r3, r5, r8, sb, fp, ip, sp, pc}",1
svchs 0x9d132e,1
invalid,1
invalid,1
invalid,1
invalid,1
"strls r0, [r3], -0x204",1
invalid,1
"vmlahs.f32 s28, s0, s6",1
"mrchs p3, 0, r0, c4, c0, 1",1
"movweq r0, 0x2468",1
"strbeq r7, [sl], -0xee8",1
"orrseq r0, fp, r1, lsl 6",1
"movweq r0, 0x242e",1
"strtlo r7, [lr], -r5, ror 29",1
"movweq r0, 0x1467",1
"movteq r0, 0xa18e",1
"strne r2, [r3, -sp, ror 28]",1
"movweq r0, 0x242e",1
svchs 0x667ee9,1
"vmulhs.f64 d17, d6, d3",1
svchs 0x2e5403,1
bhs 0xd11f0,1
"strhlo r0, [r2, -sl]",1
"strteq r0, [fp], -0x304",1
"cdphs p3, 5, c0, c7, c2, 0",1
"strtlo r3, [lr], -0x303",1
"cdphs p3, 0, c0, c10, c8, 3",1
svcvc 0xb9032e,1
"sbceq r0, r7, lr, lsr 6",1
svcvc 0xb9032e,1
"movweq r2, 0x4f2e",1
"ldrteq r0, [sl], 0x903",1
bmi 0xfd1214,1
invalid,1
"movweq r0, 0x242e",1
"stcgt p14, c2, [r3, -0x1e0]",1
svchs 0x2e2e00,1
bmi 0x1ffc62c,1
"movweq r0, 0x344b",1
"andeq fp, r4, 0x9000",1
bmi 0x42238,1
"stmdblt r3, {r2, r8, sb}",1
"andeq r2, r4, 0x7f0",1
"eoreq r7, lr, 0x30000",1
"mrseq r0, apsr",1
"andeq r0, r0, lr, ror r0",1
"rsbeq r0, r6, r2",1
invalid,1
"strdeq r0, r1, [sp], -fp",1
"mrseq r0, apsr",1
invalid,1
invalid,1
svchs 0x6269,1
svchs 0x727375,1
"stclvs p14, c6, [r3], -0x1a4",1
"rsbeq r6, r5, r5, ror r4",1
"stclvs p8, c7, [r1], -0",1
"stclhs p15, c6, [r3, -0x1b0]!",1
"cdphs p9, 6, c6, c5, c4, 3",1
"andeq r0, r1, r3, rrx",1
"ldmdbvs r8!, {r8, sl, sp, lr} ^",1
"stmdbvs r1!, {r2, r4, r5, r6, sb, sl, sp, lr} ^",1
"rsbeq r2, r8, ip, ror 28",1
invalid,1
"cdpvs p2, 6, c6, c9, c9, 3",1
"stmdavs lr!, {r2, r4, r5, r6, sl, fp, sp, lr}",1
"andeq r0, r0, r0, lsl 4",1
svcvs 0x727265,1
"rsbeq r2, r8, r2, ror lr",1
"movwvc r0, 1",1
"stmdbvs ip!, {r2, r4, r5, r6, sl, sp, lr} ^",1
"rsbeq r2, r8, r2, ror 28",1
"andeq r0, r0, r2",1
"andvc r0, r2, r0, lsl 10",1
"movweq r0, 0xb7",1
"stmdaeq pc!, {r5, r8}",1
"andeq r0, r8, lr, asr r2",1
"mrseq r0, spsr",1
"andeq r0, r2, r0",1
"ldrdeq r0, r1, [r0], -sp",1
"cdpeq p1, 0xf, c0, c11, c2, 0",1
"mrseq r0, apsr",1
"andeq r0, r0, r1, lsl 2",1
"andeq r0, r0, r0, lsl 2",1
"rsbvs r6, sb, 0x100",1
"cmnvc r5, 0, 30",1
"mcrvs p15, 3, r2, c9, c2, 3",1
"ldrbtvs r6, [r5], -0xc63",1
"stmdbvs r2!, {r0, r2, r5, r6, r8, sb, sl, fp, sp} ^",1
svchs 0x7374,1
svchs 0x727375,1
svchs 0x62696c,1
svchs 0x636367,1
"stclhs p2, c7, [sp, -0x184]!",1
"stmdbvc fp!, {r4, r5, r6, r8, sb, sl, fp, sp, lr} ^",1
"cdpvs p12, 6, c6, c9, c13, 1",1
invalid,1
invalid,1
"strtlo r6, [pc], -0x962",1
"eorlo r3, lr, 0xb80000",1
invalid,1
"strbvs r7, [r4, -0x56c]!",1
"cmnvc r5, 0, 30",1
"mcrvs p15, 3, r2, c9, c2, 3",1
"ldrbtvs r6, [r5], -0xc63",1
svchs 0x2e0065,1
"rsbeq r6, r2, ip, ror 18",1
svcvs 0x6c6300,1
invalid,1
invalid,1
"rsbeq r2, r3, sp, ror 28",1
"movwvc r0, 1",1
svcvs 0x696474,1
"andeq r6, r0, 0x2e0000",1
"ldrbtvc r0, [r3], -0",1
"strbtvs r6, [r5], -r4, ror 8",1
"movweq r6, 0x82e",1
invalid,1
"mrchs p5, 3, r6, c3, c0, 3",1
"andeq r0, r2, r8, rrx",1
"ldrbtvs r7, [r4], -0x300",1
"stmdavs lr!, {r0, r3, r5, r6, r8, sb, sl, fp, sp, lr}",1
"andeq r0, r0, r0, lsl 8",1
"stmdbvs r2!, {r2, r3, r5, r6, r8, fp, sp, lr} ^",1
"rsbeq r2, r8, pc, ror 28",1
"movwvc r0, 4",1
svcvs 0x696474,1
"ldrbtvc r6, [r8], -0x55f",1
"streq r6, [r0], -0x82e",1
"ldrbtvc r0, [r3], -0",1
"cdphs p9, 6, c6, c15, c4, 3",1
"andeq r0, r5, r8, rrx",1
"rsbsvc r6, r2, 0, 10",1
"stmdavs lr!, {r1, r2, r3, r5, r6, r8, sb, sl, fp, sp, lr}",1
"andeq r0, r0, r0, lsl 4",1
"andeq r0, r5, 0",1
"strheq fp, [r0], -r0",1
"cdphs p8, 0, c3, c1, c3, 0",1
"andeq r4, r4, 0x2f00",1
"vmlahs.f32 s24, s0, s6",1
"strlt r0, [r3], -r4, lsl 2",1
"andeq r2, r4, 0x7f0",1
"vmlahs.f32 s24, s0, s6",1
"strlt r0, [r3], -r4, lsl 2",1
beq 0xdc1c8,1
"streq r0, [r2], -0x4a",1
"subeq r0, sl, r1, lsl 12",1
"streq r0, [r1], -r2, lsl 8",1
"streq r0, [r2], -0x35",1
"cdphs p3, 7, c0, c9, c1, 0",1
bvc 0xdd18c,1
"vstmdbhs pc!, {d4, d5, d6, d7, d8, d9, d10, d11, d12, d13, d14, d15, d16, d17, d18, d19}",1
"streq r0, [r2], -0x33",1
bmi 0x1e113f4,1
"mrseq r0, r12_usr",1
"streq r0, [r2], -0x6d",1
"cdphs p3, 7, c0, c9, c1, 0",1
"andeq r0, r4, r6, lsl r2",1
"andseq r0, r3, 0x40000000",1
"andeq r0, r2, r0",1
"andeq r0, r0, sl, lsr 2",1
"cdpeq p1, 0xf, c0, c11, c2, 0",1
"mrseq r0, apsr",1
"andeq r0, r0, r1, lsl 2",1
"andeq r0, r0, r0, lsl 2",1
"rsbvs r6, sb, 0x100",1
"cmnvc r5, 0, 30",1
"mcrvs p15, 3, r2, c9, c2, 3",1
"ldrbtvs r6, [r5], -0xc63",1
"stmdbvs r2!, {r0, r2, r5, r6, r8, sb, sl, fp, sp} ^",1
svchs 0x7374,1
svchs 0x727375,1
svchs 0x62696c,1
svchs 0x636367,1
"stclhs p2, c7, [sp, -0x184]!",1
"stmdbvc fp!, {r4, r5, r6, r8, sb, sl, fp, sp, lr} ^",1
"cdpvs p12, 6, c6, c9, c13, 1",1
invalid,1
invalid,1
"strtlo r6, [pc], -0x962",1
"eorlo r3, lr, 0xb80000",1
invalid,1
"strbvs r7, [r4, -0x56c]!",1
"cmnvc r5, 0, 30",1
"mcrvs p15, 3, r2, c9, c2, 3",1
"ldrbtvs r6, [r5], -0xc63",1
svchs 0x2e0065,1
"rsbeq r6, r2, ip, ror 18",1
invalid,1
"stmdavs r3!, {r0, r5, r6, sl, fp, sp, lr} ^",1
"ldrbvs r7, [r3, -0x261]!",1
"rsbeq r2, r3, r4, ror lr",1
"movwvc r0, 1",1
"mcrvs p2, 3, r7, c9, c4, 3",1
"stmdavs lr!, {r0, r1, r2, r5, r6, r8, sb, ip, sp}",1
"andeq r0, r0, r0, lsl 4",1
"strbtvc r6, [lr], -0x366",1
"stmdavs lr!, {r2, r3, r5, r6, sb, ip, sp}",1
"andeq r0, r0, r0, lsl 4",1
"stmdbvs r4!, {r0, r1, r4, r5, r6, sl, ip, sp, lr} ^",1
"rsbeq r2, r8, pc, ror 28",1
"strvc r0, [r0], -2",1
invalid,1
"andeq r6, r0, 0x2e0000",1
"ldrbtvc r0, [r3], -0",1
"strbtvs r6, [r5], -r4, ror 8",1
"movweq r6, 0x82e",1
"ldrbtvc r0, [r3], -0",1
"cdphs p9, 6, c6, c15, c4, 3",1
"andeq r0, r4, r8, rrx",1
"rsbvs r6, sb, 0, 24",1
"stmdavs lr!, {r0, r3, r5, r6, r8, sb, sl, fp, sp, lr}",1
"andeq r0, r0, r0, lsl 8",1
"ldrbvc r6, [pc], -0xc6e     ; [0x108e0:4]=0x400682e",1
invalid,1
"streq r6, [r0], -0x82e",1
"ldrbtvc r0, [r3], -0",1
invalid,1
"streq r6, [r0], -0x82e",1
"ldrbtvc r0, [r3], -0",1
"rsbvs r6, sb, 100, 24",1
"streq r6, [r0], -0x82e",1
"eorsvs r0, ip, 0",1
"strbtvc r6, [ip], -0x975",1
"cdplo p9, 6, c6, c14, c13, 1",1
"andeq r0, r0, r0",1
"stmdbvs r4!, {r0, r1, r4, r5, r6, sl, ip, sp, lr} ^",1
"rsbeq r2, r8, pc, ror 28",1
"strvc r0, [r0, -5]",1
"ldrbtvc r6, [r3], -0x96e",1
"rsbeq r2, r8, r4, ror 28",1
invalid,1
"stmdbvs r7!, {r0, r5, r6, sb, sl, fp, sp, lr} ^",1
"cdphs p6, 6, c6, c15, c14, 3",1
"andeq r0, r4, r8, rrx",1
"streq r0, [r0, -0]",1
"adcseq r3, r8, r2, lsl 8",1
"rsceq r0, sl, 0, 6",1
"cdphs p3, 0, c0, c9, c1, 0",1
invalid,1
blhi 0xdc170,1
"strls r2, [r3], -0xe7e",1
invalid,1
"strls r2, [r3], -0xe7c",1
"stc p14, c2, [r3, -0xc]",1
"smlsdxls r3, ip, sl, r4",1
"stmdavs sp!, {r0, r1, sb, fp, lr}",1
"stcmi p15, c2, [ip, -0x2e4]!",1
"eoreq r2, pc, r1, lsl 31",1
"streq r0, [r1], -r2, lsl 8",1
"stmdbhi r8!, {r1, r3, r6, sb, sl} ^",1
"cdphs p3, 0, c0, c10, c15, 1",1
"vaddls.f64 d29, d12, d3",1
svcls 0x30a34b,1
"movweq r0, 0x2467",1
"strbeq r7, [sl], -0xfa0",1
"rsceq r0, r3, r1, lsl 6",1
"andeq r2, r4, 0x198",1
bmi 0x1ff79a0,1
"streq r0, [r4], 0x304",1
"rscseq r0, r7, r1, lsl 6",1
"strbeq r5, [fp], -0x166",1
svcvc 0x8d0304,1
"movweq r0, 0x1466",1
"addsge r0, lr, sl, lsl 3",1
blmi 0x12931bc,1
"mcrrhs p7, 0xd, r6, ip, c8",1
invalid,1
"ldrbeq r3, [r1], -0x52f",1
"cdpvc p3, 0xf, c0, c10, c2, 0",1
"movweq r0, 0x1482",1
"strbteq r0, [r6], -0x187",1
"cdpvc p3, 0xf, c0, c9, c2, 0",1
"movweq r0, 0x442e",1
"qaddeq sb, sb, r4",1
"strle sb, [r1], -r3, lsl 2",1
bmi 0x791778,1
"cmpeq r0, 0x4b0",1
"movteq r0, 0xa0de",1
svcmi 0x4a7eb0,1
blt 0x9916ac,1
bmi 0xb1171c,1
invalid,1
invalid,1
"ldmdbhs r3!, {r2, r3, r5, r6, sb, fp, lr}",1
bmi 0x48e0c,1
"streq r4, [r4], -0xc50",1
bmi 0x1fc4214,1
"stmdahi r3, {r2, r8}",1
"streq r4, [r4], -0xa01",1
"ldrbtvs pc, [lr], -r3, lsl 16",1
invalid,1
"andeq r0, r1, r1, lsl 26",1
"stmdale r0, {sb}",1
"andeq r0, r0, 0",1
"vstreq d15, [lr, -4]",1
"mrseq r0, apsr",1
"andeq r0, r0, r1",1
invalid,1
"rsbeq r6, r2, ip, ror 18",1
"rsbsvc r7, r3, 0xbc00000",1
"rsbvs r6, sb, 0x2f00",1
invalid,1
"ldclvs p1, c6, [r2, -0xbc]!",1
blvs 0x1becb00,1
"stmdbvs ip!, {r0, r3, r4, r5, r6, r8, sl, fp, sp} ^",1
"ldclhs p5, c7, [r8, -0x1b8]!",1
"ldrbvs r6, [r5, -0xe67]!",1
svchs 0x696261,1
"mrchs p14, 1, r2, c7, c4, 1",1
"mcrvs p15, 3, r2, c9, c2, 1",1
"ldrbtvs r6, [r5], -0xc63",1
"strvc r0, [0x00010a07]!",1
"stmdbvs pc!, {r0, r1, r4, r5, r6, sb, ip, sp, lr}",1
"strbvc r6, [ip, -0x36e]!",1
"eorvs r6, pc, 100, 10",1
"rsbseq r7, r3, sb, ror 8",1
"rsbsvc r7, r3, 0xbc00000",1
invalid,1
"strbvs r7, [r4, -0x56c]!",1
"stcvs p14, c2, [pc], -0",1
"andeq r6, r0, sb, ror 4",1
svcvs 0x6c6366,1
invalid,1
"andeq r0, r0, r0, lsl 2",1
"strbtvs r7, [r4], -0x473",1
"stmdavs lr!, {r0, r2, r5, r6, sb, sl, sp, lr}",1
"andeq r0, r0, r0, lsl 4",1
"ldrbvs r7, [r0, -0x974]!",1
"rsbeq r2, r8, r3, ror lr",1
"movwvc r0, 3",1
svcvs 0x696474,1
"streq r6, [r0], -0x82e",1
invalid,1
"cdphs p9, 6, c6, c15, c2, 3",1
"andeq r0, r4, r8, rrx",1
"ldrbtvs r7, [r4], -0x300",1
"ldrbvs r6, [0x0000fb67]     ; [0xfb67:4]=0x6b662703",1
"stmdavs lr!, {r3, r4, r5, r6, sl, ip, sp, lr}",1
"andeq r0, r0, r0, lsl 8",1
"stmdbvs r4!, {r0, r1, r4, r5, r6, sl, ip, sp, lr} ^",1
"rsbeq r2, r8, pc, ror 28",1
"strvc r0, [r0, -5]",1
"ldrbtvc r6, [r3], -0x96e",1
"rsbeq r2, r8, r4, ror 28",1
"strvs r0, [r0, -4]",1
svcvs 0x6e7272,1
"movweq r6, 0x82e",1
"andeq r0, r0, r0",1
bllt 0x1e11314,1
invalid,1
svchs 0x344a01,1
"ldrvs r2, [r4, -pc, lsr 26]!",1
"ldrvs r0, [sl], -r3, lsl 7",1
"eorlo r3, pc, 0x4f",1
"mrseq r0, r12_usr",1
"movteq r5, 0xa803",1
"cmneq r4, 28, 16            ; 0x1c",1
"strvc r2, [r3], -0xe0c",1
"andeq r0, r2, sl, asr 4",1
"rscseq r0, r5, r1, lsl 2",1
"andeq r0, r2, r0",1
"andeq r0, r0, r1, asr 1",1
"cdpeq p1, 0xf, c0, c11, c2, 0",1
"mrseq r0, apsr",1
"andeq r0, r0, r1, lsl 2",1
"andeq r0, r0, r0, lsl 2",1
"rsbvs r6, sb, 0x100",1
"cmnvc r5, 0, 30",1
"stmdbvs ip!, {r1, r4, r5, r6, r8, sb, sl, fp, sp} ^",1
invalid,1
"rsbvc r2, r1, 0x18c",1
svcvs 0x702d6d,1
"stcvs p9, c7, [sp], -0x1ac",1
"ldmdavc r5!, {r0, r3, r5, r6, sb, sl, fp, sp, lr} ^",1
"strbvc r6, [lr, -0x72d]!",1
"stmdbvs r2!, {r0, r2, r5, r6, r8, sp, lr} ^",1
"strlo r3, [lr, -pc, lsr 8]!",1
"stmdbvs pc!, {r1, r2, r3, r5, sb, ip, sp}",1
"strbvc r6, [ip, -0x36e]!",1
svchs 0x6564,1
svchs 0x727375,1
"stclvs p14, c6, [r3], -0x1a4",1
svchs 0x656475,1
"cmnvc r4, 0x188000",1
"cmnvc r5, 0, 30",1
"mcrvs p15, 3, r2, c9, c2, 3",1
"ldrbtvs r6, [r5], -0xc63",1
svchs 0x2e0065,1
"rsbeq r6, r2, ip, ror 18",1
"stclvs p6, c6, [r6], -0",1
"mcrhs p3, 3, r7, c8, c5, 3",1
"andeq r0, r1, r3, rrx",1
"ldrbtvs r7, [r4], -0x300",1
"cdphs p5, 6, c6, c6, c4, 3",1
"andeq r0, r2, r8, rrx",1
"rsbsvc r7, sb, r0, lsl 8",1
"stmdavs lr!, {r0, r2, r5, r6, r8, sb, ip, sp, lr}",1
"andeq r0, r0, r0, lsl 6",1
"stmdbvs r4!, {r0, r1, r4, r5, r6, sl, ip, sp, lr} ^",1
"rsbeq r2, r8, pc, ror 28",1
invalid,1
svcvs 0x696269,1
"streq r6, [r0], -0x82e",1
"ldrbtvc r0, [r3], -0",1
"cdphs p9, 6, c6, c15, c4, 3",1
"andeq r0, r5, r8, rrx",1
"ldrbtvs r7, [r4], -0x300",1
"ldrbvs r6, [0x0000fc83]     ; [0xfc83:4]=0xcf032e7f",1
"stmdavs lr!, {r3, r4, r5, r6, sl, ip, sp, lr}",1
"andeq r0, r0, r0, lsl 8",1
"andeq r0, r5, 0",1
"andeq fp, r0, r8, lsl ip",1
invalid,1
invalid,1
"strne r2, [r3], -0xe6c",1
"streq r0, [r2], -0x2e",1
"strteq r0, [lr], -r1, lsl 12",1
"sbceq r0, sb, sp, ror 6",1
svcvc 0xb7032e,1
svcvc 0x92034a,1
"cdpeq p8, 0, c6, c2, c14, 1",1
"stc2 p1, c0, [r1, -0]",1
"andeq r0, r0, 0",1
"andeq fp, r0, r0, lsl 28",1
blx 0x51432,1
invalid,1
"andeq r0, r1, r1, lsl 2",1
"andeq r0, r1, r0",1
"stmdbvs ip!, {r8} ^",1
"strvc r0, [0x00010be2]!",1
"stcvs p2, c7, [pc], -0x1cc",1
"strvs r6, [pc, -sb, ror 4]!",1
invalid,1
"eorvc r6, sp, r2, ror sp",1
invalid,1
"strbvc r6, [lr, -0x96c]!",1
"mcrvs p13, 3, r2, c7, c8, 3",1
"rsbvs r6, r1, 0x1d400000",1
"cdphs p15, 3, c2, c4, c9, 3",1
svchs 0x322e37,1
"stclvs p14, c6, [r3], -0x1a4",1
"rsbeq r6, r5, r5, ror r4",1
"rsbsvc r7, r3, 0xbc00000",1
invalid,1
"strbvs r7, [r4, -0x56c]!",1
"strbtvc r6, [sb], -0x22f",1
"strvc r0, [0x00010c15]!",1
"stmdbvs pc!, {r0, r1, r4, r5, r6, sb, ip, sp, lr}",1
"strbvc r6, [ip, -0x36e]!",1
"cdphs p5, 0, c6, c0, c4, 3",1
"rsbvs r6, sb, 0x2f00",1
invalid,1
svcvs 0x6b6565,1
invalid,1
"ldrbtvc r0, [r3], -0",1
"strbtvs r6, [r5], -r4, ror 8",1
"andeq r6, r0, 0x2e0000",1
invalid,1
"mrchs p5, 3, r6, c3, c0, 3",1
"andeq r0, r3, r8, rrx",1
"ldrbtvs r7, [r4], -0x300",1
"stmdavs lr!, {r0, r3, r5, r6, r8, sb, sl, fp, sp, lr}",1
"andeq r0, r0, r0, lsl 8",1
"stmdbvs r2!, {r2, r3, r5, r6, r8, fp, sp, lr} ^",1
"rsbeq r2, r8, pc, ror 28",1
"movwvc r0, 4",1
svcvs 0x696474,1
"streq r6, [r0, -0x82e]",1
"cdpvs p0, 7, c0, c5, c0, 0",1
"ldrbtvs r7, [r4], -0x369",1
"streq r6, [r0], -0x82e",1
"andeq r0, r0, r0",1
"stcllt p2, c0, [ip], -0x14",1
invalid,1
"cdphs p3, 0, c0, c9, c1, 0",1
invalid,1
"strvc r2, [r3, -sb, lsl 28]",1
bmi 0x2519bc,1
"vmlahs.f64 d14, d0, d3",1
"strls r4, [r3], -fp, asr 18",1
"orreq r2, r3, 0x7f0",1
"bicseq r6, r7, 0x3e00000",1
"stmdbmi pc!, {r0, r3, sb, sl, fp, ip, pc}",1
invalid,1
"subeq r5, sl, 0x3000",1
"mrseq r0, apsr",1
"strheq r0, [r0], -r0",1
"rsbseq r0, r6, r2",1
invalid,1
"strdeq r0, r1, [sp], -fp",1
"mrseq r0, apsr",1
invalid,1
svchs 0x10000,1
"strbvs r6, [sp, -0xf68]!",1
"strbvc r6, [r2, -0xa2f]!",1
"strbtvc r6, [r5], -0xb72",1
invalid,1
"eorvs r6, pc, 116, 30",1
"strbtvs r6, [ip], -0x975",1
"rsbvc r7, sp, pc, lsr 8",1
"rsbvc r7, pc, 0xbc0000",1
"ldmdavs r3!, {r0, r1, r3, r5, r6, r8, sl, fp, sp} ^",1
"strbtvs r7, [r5], -0x261",1
invalid,1
"strlo r3, [lr, -sp, lsr 8]!",1
"eorvc r3, sp, 0xe0000002",1
invalid,1
"strtlo r6, [sp], -0x363",1
"eorlo r3, lr, 0xb80000",1
"rsbvs r6, sb, 0x2f00",1
svchs 0x636367,1
"strbtvs r6, [lr], -r3, ror 30",1
invalid,1
"andeq r6, r0, r2, ror sp",1
invalid,1
invalid,1
"subseq r2, r3, r3, ror lr",1
"andeq r0, r0, r1",1
"andne r0, r2, r0, lsl 10",1
"movweq r0, 0xbd",1
"andlo r0, r1, ip, asr 15",1
svchs 0x2f2f2f,1
"ldclvc p3, c0, [r4], 0xbc",1
"strtle r0, [sb], -lr, lsr 6",1
"stmdaeq r2, {r0, r1, r8, sb, sl, sp, lr, pc}",1
svchs 0x312fe4,1
svchs 0x4c302f,1
"sasxvs r0, r6, r2",1
svchs 0x2f2f2f,1
"eoreq r2, pc, 47, 30",1
"mrseq r0, apsr",1
"muleq r0, r2, r0",1
"rsbseq r0, r6, r2",1
invalid,1
"strdeq r0, r1, [sp], -fp",1
"mrseq r0, apsr",1
invalid,1
svchs 0x10000,1
"strbvs r6, [sp, -0xf68]!",1
"strbvc r6, [r2, -0xa2f]!",1
"strbtvc r6, [r5], -0xb72",1
invalid,1
"eorvs r6, pc, 116, 30",1
"strbtvs r6, [ip], -0x975",1
"rsbvc r7, sp, pc, lsr 8",1
"rsbvc r7, pc, 0xbc0000",1
"ldmdavs r3!, {r0, r1, r3, r5, r6, r8, sl, fp, sp} ^",1
"strbtvs r7, [r5], -0x261",1
invalid,1
"strlo r3, [lr, -sp, lsr 8]!",1
"eorvc r3, sp, 0xe0000002",1
invalid,1
"strtlo r6, [sp], -0x363",1
"eorlo r3, lr, 0xb80000",1
"rsbvs r6, sb, 0x2f00",1
svchs 0x636367,1
"strbtvs r6, [lr], -r3, ror 30",1
invalid,1
"andeq r6, r0, r2, ror sp",1
invalid,1
invalid,1
"subseq r2, r3, r3, ror lr",1
"andeq r0, r0, r1",1
"stmdale r2, {r8, sl}",1
"movweq r0, 0xbd",1
svchs 0x10aad,1
"ldrvc r0, [fp, pc, lsr 6]!",1
"andeq r0, r2, lr, lsr 4",1
"mrseq r0, apsr",1
"andeq r0, r2, r0",1
"andeq r0, r0, r7, asr 1",1
"cdpeq p1, 0xf, c0, c11, c2, 0",1
"mrseq r0, apsr",1
"andeq r0, r0, r1, lsl 2",1
"andeq r0, r0, r0, lsl 2",1
svcvs 0x682f01,1
bvs 0xbea444,1
blvs 0x1cae41c,1
"stmdbvc pc!, {r0, r2, r5, r6, sl, ip, sp, lr}",1
svcvs 0x74636f,1
"ldmdbvs r5!, {r0, r1, r2, r3, r5, sb, sp, lr} ^",1
"strtvc r6, [pc], -0x46c",1
invalid,1
svcvs 0x727379,1
svchs 0x73746f,1
svcpl 0x363878,1
"stcvs p4, c3, [sp], -0xd8",1
"ldmdavc r5!, {r0, r3, r5, r6, sb, sl, fp, sp, lr} ^",1
"rsbsvc r7, r3, 0xbc00000",1
"rsbvs r6, sb, 0x2f00",1
"ldclvs p1, c6, [r2, -0xbc]!",1
"stclhs p7, c3, [r1, -0x1d8]!",1
"ldclhs p6, c6, [r0, -0x1d8]!",1
"cdpvs p5, 6, c6, c15, c14, 3",1
blvs 0x1becf8c,1
"stmdbvs ip!, {r0, r3, r4, r5, r6, r8, sl, fp, sp} ^",1
"ldclhs p5, c7, [r8, -0x1b8]!",1
"ldrbvs r6, [r5, -0xe67]!",1
"cdphs p2, 6, c6, c9, c1, 3",1
"stclhs p3, c6, [r3, -0x19c]!",1
invalid,1
"mcrvs p13, 3, r2, c9, c3, 3",1
invalid,1
invalid,1
"rsbvc r2, r1, 0x18c",1
svcvs 0x702d6d,1
"stcvs p9, c7, [sp], -0x1ac",1
"ldmdavc r5!, {r0, r3, r5, r6, sb, sl, fp, sp, lr} ^",1
"strbvc r6, [lr, -0x72d]!",1
"stmdbvs r2!, {r0, r2, r5, r6, r8, sp, lr} ^",1
"strlo r3, [lr, -pc, lsr 8]!",1
"stmdbvs pc!, {r1, r2, r3, r5, sb, ip, sp}",1
"strbvc r6, [ip, -0x36e]!",1
"andeq r6, r0, r4, ror 10",1
"stclhs p12, c6, [r6, -0x194]!",1
"strbtvc r6, [sb], -0xe69",1
"andeq r6, r0, lr, lsr 6",1
"ldrbtvc r0, [r3], -0",1
"strbtvs r6, [r5], -r4, ror 8",1
invalid,1
"andeq r0, r0, r0",1
"stcllt p2, c0, [r8, 0x14]!",1
"andgt r0, r3, r0",1
invalid,1
"andvc r2, r3, r0, lsl lr",1
"cdphs p3, 1, c0, c0, c14, 1",1
invalid,1
"eorlo r2, ip, r0, lsl lr",1
"streq r0, [r2], -0x4b",1
"andeq r8, r0, 0x8000000",1
"addeq r0, r1, r4, lsl 4",1
svchs 0x20402,1
"andeq r0, r4, 0, 4",1
"cdpls p3, 0, c0, c9, c13, 1",1
invalid,1
"andeq r5, r0, r1, lsl 2",1
"strlo r0, [r0], -r0, lsl 4",1
"andeq r0, r0, 0",1
"vstreq d15, [lr, -4]",1
"mrseq r0, apsr",1
"andeq r0, r0, r1",1
invalid,1
"stmdbvs pc!, {r1, r2, r3, r5, sb, sl, fp, sp}",1
"strbvc r6, [ip, -0x36e]!",1
"andeq r6, r0, r4, ror 10",1
"stmdavc r5!, {r0, r5, r6, sl, ip, sp, lr} ^",1
invalid,1
"andeq r0, r0, r0",1
"stclvs p4, c7, [r4], -0x1cc",1
"stmdavs lr!, {r0, r3, r5, r6, sb, sp, lr}",1
"andeq r0, r0, r0, lsl 2",1
"andeq r0, r5, 0",1
"andeq fp, r0, r0, asr lr",1
"mrseq r3, apsr",1
"strthi r4, [pc], -0x92f",1
"andeq r0, r6, r0, lsl r2",1
"subseq r0, r6, r1, lsl 2",1
"andeq r0, r2, r0",1
"andeq r0, r0, r2, lsr r0",1
"cdpeq p1, 0xf, c0, c11, c2, 0",1
"mrseq r0, apsr",1
"andeq r0, r0, r1, lsl 2",1
"andeq r0, r0, r0, lsl 2",1
svchs 0x2e2e01,1
"ldrbtvc r6, [r2], -0xf70",1
"ldmdbvc r3!, {r0, r1, r4, r5, r6, r8, sb, sl, fp, sp} ^",1
"rsbvc r6, r5, r3, ror r4",1
"rsbvc r2, r1, 0x1cc",1
"movwvs r0, 0x6d",1
"mcrhs p4, 3, r7, c14, c2, 3",1
"andeq r0, r1, r3, asr r0",1
"streq r0, [r0, -0]",1
"addeq r3, fp, r2, lsl 16",1
invalid,1
invalid,1
"andeq r0, r5, 1",1
"andeq fp, r0, r0, lsl 29",1
"andeq r3, r1, 0xc00000",1
"mrseq r0, apsr",1
"andeq r0, r0, ip",1
invalid,1
invalid,1
"andeq r0, sp, lr, lsl 24",1
"andeq r0, r0, r4, lsl r0",1
"andeq r0, r0, r0",1
"andeq r8, r0, r8, lsr 31",1
"andeq r0, r0, ip, lsl 3",1
"movwhi r0, 0x8e42",1
"andeq r8, r1, r2, lsl 28",1
"andeq r0, r0, r8, lsl r0",1
"andeq r0, r0, r0",1
"muleq r0, ip, sp",1
"ldrdeq r0, r1, [r0], -r8",1
"strhi r0, [r8], -0xe42",1
"strmi r8, [r1], -0xe02",1
"andeq r1, r0, lr",1
"andeq r0, r0, ip",1
invalid,1
invalid,1
"andeq r0, sp, lr, lsl 24",1
"andeq r0, r0, ip",1
"andeq r0, r0, r4, asr 32",1
"andeq sb, r0, r4, lsr r1",1
"andeq r0, r0, r0, lsl r0",1
"andeq r0, r0, ip",1
"andeq r0, r0, r4, asr 32",1
"andeq sb, r0, r4, asr 2",1
"andeq r0, r0, r0, lsl r0",1
"andeq r0, r0, ip, lsl r0",1
"andeq r0, r0, r4, asr 32",1
"andeq sb, r0, r4, asr r1",1
"andeq r0, r0, r8, ror 1",1
"ldrhi r0, [r0], -0xe42",1
"strhi r8, [r3], -r4, lsl 10",1
"strmi r8, [r1], -0xe02",1
"andeq r1, r0, lr, lsl 16",1
"andeq r0, r0, ip",1
invalid,1
invalid,1
"andeq r0, sp, lr, lsl 24",1
"andeq r0, r0, ip",1
"muleq r0, r4, r0",1
"andeq sb, r0, ip, lsr r2",1
"andeq r0, r0, r8, asr r0",1
"andeq r0, r0, r4, lsl r0",1
"muleq r0, r4, r0",1
"muleq r0, r4, r2",1
"andeq r0, r0, r4, asr 32",1
"strhi r0, [r8], -0xe42",1
"andeq r8, r1, r2, lsl 28",1
"andeq r0, r0, ip",1
invalid,1
invalid,1
"andeq r0, sp, lr, lsl 24",1
"andeq r0, r0, r8, lsl r0",1
"andeq r0, r0, ip, asr 1",1
"ldrdeq sb, sl, [r0], -r8",1
"strheq r0, [r0], -r4",1
"ldrhi r0, [r0], -0xe42",1
"strhi r8, [r3], -r4, lsl 10",1
"andeq r8, r1, r2, lsl 28",1
"andeq r0, r0, ip",1
invalid,1
invalid,1
"andeq r0, sp, lr, lsl 24",1
"andeq r0, r0, r8, lsl r0",1
"strdeq r0, r1, [r0], -r8",1
"andeq sb, r0, ip, lsl 7",1
"andeq r0, r0, r8, lsr 2",1
"tsthi r0, 0x420",1
"strhi r8, [r3, -0x404]",1
"andeq r8, r1, r2, lsl 28",1
"andeq r0, r0, r8, lsr 32",1
"strdeq r0, r1, [r0], -r8",1
"strheq sb, [r0], -r4",1
"andeq r0, r0, ip, ror 26",1
"strthi r0, [r4], -0xe42",1
"strhi r8, [r8], -sb, lsl 10",1
"stmdahi r6, {r0, r1, r2, r8, sb, sl, pc}",1
bhi 0x133580,1
"vmlahi.f64 d8, d2, d3",1
"stmdage lr, {r0, sb, lr}",1
"andeq r0, r0, r1",1
"andeq r0, r0, r4, lsr 32",1
"strdeq r0, r1, [r0], -r8",1
"andeq sl, r0, r0, lsr 4",1
"strheq r0, [r0], -r0",1
"strthi r0, [r4], -0xe42",1
"strhi r8, [r8], -sb, lsl 10",1
"stmdahi r6, {r0, r1, r2, r8, sb, sl, pc}",1
bhi 0x1335ac,1
"vmlahi.f64 d8, d2, d3",1
"andpl r4, lr, r1, lsl 4",1
"andeq r0, r0, r8, lsl r0",1
"strdeq r0, r1, [r0], -r8",1
"ldrdeq sl, fp, [r0], -r0",1
"andeq r0, r0, r4, lsr r0",1
"ldrhi r0, [r0], -0xe42",1
"strhi r8, [r3], -r4, lsl 10",1
"andeq r8, r1, r2, lsl 28",1
"andeq r0, r0, ip",1
"strdeq r0, r1, [r0], -r8",1
"andeq sl, r0, r4, lsl 8",1
"andeq r0, r0, r8, lsl r0",1
"andeq r0, r0, ip",1
"strdeq r0, r1, [r0], -r8",1
"andeq sl, r0, ip, lsl r4",1
"andeq r0, r0, r8, lsl r0",1
"andeq r0, r0, r4, lsl r0",1
"strdeq r0, r1, [r0], -r8",1
"andeq sl, r0, r4, lsr r4",1
"andeq r0, r0, r4, asr 32",1
"strhi r0, [r4], -0xe4c",1
"andeq r0, r0, r1",1
"andeq r0, r0, ip",1
"strdeq r0, r1, [r0], -r8",1
"andeq sl, r0, r8, ror r4",1
"andeq r0, r0, ip, lsl r0",1
"andeq r0, r0, r4, lsl r0",1
"strdeq r0, r1, [r0], -r8",1
"muleq r0, r4, r4",1
"andeq r0, r0, r4, lsr r0",1
"movwhi r0, 0x8e42",1
"andeq r8, r1, r2, lsl 28",1
"andeq r0, r0, r4, lsr 32",1
"strdeq r0, r1, [r0], -r8",1
"andeq sl, r0, r8, asr 9",1
"andeq r0, r0, ip, ror r0",1
"strthi r0, [r0], -0xe42",1
"strhi r8, [r7], -r8, lsl 10",1
"stmdahi r5, {r1, r2, r8, sb, sl, pc}",1
bhi 0xf364c,1
"andmi r8, r1, 2, 28",1
"andeq r3, r0, lr, lsl 16",1
"andeq r0, r0, r4, lsr 32",1
"strdeq r0, r1, [r0], -r8",1
"andeq sl, r0, r4, asr 10",1
"strheq r0, [r0], -r8",1
"strthi r0, [r4], -0xe42",1
"strhi r8, [r8], -sb, lsl 10",1
"stmdahi r6, {r0, r1, r2, r8, sb, sl, pc}",1
bhi 0x133678,1
"vmlahi.f64 d8, d2, d3",1
"stmdami lr, {r0, sl, lr}",1
"andeq r0, r0, r4, lsr 32",1
"strdeq r0, r1, [r0], -r8",1
"strdeq sl, fp, [r0], -ip",1
"andeq r0, r0, ip, asr 1",1
"strthi r0, [r4], -0xe42",1
"strhi r8, [r8], -sb, lsl 10",1
"stmdahi r6, {r0, r1, r2, r8, sb, sl, pc}",1
bhi 0x1336a0,1
"vmlahi.f64 d8, d2, d3",1
"stmdami lr, {r0, sl, lr}",1
"andeq r0, r0, ip, lsl r0",1
"strdeq r0, r1, [r0], -r8",1
"andeq sl, r0, r8, asr 13",1
"andeq r0, r0, r8, lsl 1",1
"ldrhi r0, [r8], -0xe42",1
"strhi r8, [r5], -r6, lsl 10",1
"stmdahi r3, {r2, r8, sb, sl, pc}",1
"andeq r8, r1, r2, lsl 28",1
"andeq r0, r0, ip",1
"strdeq r0, r1, [r0], -r8",1
"andeq sl, r0, r0, asr r7",1
"andeq r0, r0, r0, lsl r0",1
"andeq r0, r0, ip",1
"strdeq r0, r1, [r0], -r8",1
"andeq sl, r0, r0, ror 14",1
"andeq r0, r0, ip",1
"andeq r0, r0, ip",1
"strdeq r0, r1, [r0], -r8",1
"andeq sl, r0, ip, ror 14",1
"andeq r0, r0, r8, lsl r0",1
"andeq r0, r0, ip",1
"strdeq r0, r1, [r0], -r8",1
"andeq sl, r0, r4, lsl 15",1
"andeq r0, r0, ip, lsl r0",1
"andeq r0, r0, r8, lsl r0",1
"strdeq r0, r1, [r0], -r8",1
"andeq sl, r0, r0, lsr 15",1
"andeq r0, r0, ip, lsl 1",1
"strhi r0, [ip], -0xe42",1
"cdphi p5, 0, c8, c2, c3, 0",1
"andvc r4, lr, r1, lsl 8",1
"andeq r0, r0, ip, lsl r0",1
"strdeq r0, r1, [r0], -r8",1
"andeq sl, r0, ip, lsr 16",1
"muleq r0, r0, r0",1
"ldrhi r0, [r0], -0xe42",1
"strhi r8, [r3], -r4, lsl 10",1
"strmi r8, [r1], -0xe02",1
"andeq r7, r0, lr",1
"andeq r0, r0, r8, lsl r0",1
"strdeq r0, r1, [r0], -r8",1
"strheq sl, [r0], -ip",1
"andeq r0, r0, r8, lsl 1",1
"strhi r0, [ip], -0xe42",1
"cdphi p5, 0, c8, c2, c3, 0",1
"andvc r4, lr, r1, lsl 8",1
"andeq r0, r0, ip, lsl r0",1
"strdeq r0, r1, [r0], -r8",1
"andeq sl, r0, r4, asr 18",1
"andeq r0, r0, ip, lsl 1",1
"ldrhi r0, [r0], -0xe42",1
"strhi r8, [r3], -r4, lsl 10",1
"strmi r8, [r1], -0xe02",1
"andeq r7, r0, lr",1
"andeq r0, r0, ip, lsl r0",1
"strdeq r0, r1, [r0], -r8",1
"ldrdeq sl, fp, [r0], -r0",1
"andeq r0, r0, r0, lsl 1",1
"ldrhi r0, [r0], -0xe42",1
"strhi r8, [r3], -r4, lsl 10",1
"strmi r8, [r1], -0xe02",1
"andeq r4, r0, lr",1
"andeq r0, r0, r8, lsl r0",1
"strdeq r0, r1, [r0], -r8",1
"andeq sl, r0, r0, asr sl",1
"andeq r0, r0, ip, ror r0",1
"strhi r0, [ip], -0xe42",1
"cdphi p5, 0, c8, c2, c3, 0",1
"andmi r4, lr, r1, lsl 8",1
"andeq r0, r0, r8, lsl r0",1
"strdeq r0, r1, [r0], -r8",1
"andeq sl, r0, ip, asr 21",1
"andeq r0, r0, r4, rrx",1
"strhi r0, [r8], -0xe42",1
"strmi r8, [r1], -0xe02",1
"andeq r3, r0, lr, lsl 16",1
"andeq r0, r0, r8, lsl r0",1
"strdeq r0, r1, [r0], -r8",1
"andeq sl, r0, r0, lsr fp",1
"andeq r0, r0, r8, rrx",1
"strhi r0, [ip], -0xe42",1
"cdphi p5, 0, c8, c2, c3, 0",1
"andmi r4, lr, r1, lsl 8",1
"andeq r0, r0, ip, lsl r0",1
"strdeq r0, r1, [r0], -r8",1
"muleq r0, r8, fp",1
"andeq r0, r0, r8, ror r0",1
"ldrhi r0, [r4], -0xe42",1
"strhi r8, [r4], -r5, lsl 10",1
"cdphi p7, 0, c8, c2, c3, 0",1
"stmdami lr, {r0, sl, lr}",1
"andeq r0, r0, ip, lsl r0",1
"strdeq r0, r1, [r0], -r8",1
"andeq sl, r0, r0, lsl ip",1
"andeq r0, r0, r8, ror r0",1
"ldrhi r0, [r4], -0xe42",1
"strhi r8, [r4], -r5, lsl 10",1
"cdphi p7, 0, c8, c2, c3, 0",1
"stmdami lr, {r0, sl, lr}",1
"andeq r0, r0, ip, lsl r0",1
"strdeq r0, r1, [r0], -r8",1
"andeq sl, r0, r8, lsl 25",1
"andeq r0, r0, ip, ror r0",1
"ldrhi r0, [r0], -0xe42",1
"strhi r8, [r3], -r4, lsl 10",1
"strmi r8, [r1], -0xe02",1
"andeq r4, r0, lr",1
"andeq r0, r0, ip, lsl r0",1
"strdeq r0, r1, [r0], -r8",1
"andeq sl, r0, r4, lsl 26",1
"andeq r0, r0, r0, lsl 1",1
"ldrhi r0, [r4], -0xe42",1
"strhi r8, [r4], -r5, lsl 10",1
"cdphi p7, 0, c8, c2, c3, 0",1
"stmdami lr, {r0, sl, lr}",1
"andeq r0, r0, ip",1
"strdeq r0, r1, [r0], -r8",1
"andeq sl, r0, r4, lsl 27",1
"andeq r0, r0, ip",1
"andeq r0, r0, ip",1
"strdeq r0, r1, [r0], -r8",1
"muleq r0, r0, sp",1
"andeq r0, r0, ip, lsl r0",1
"andeq r0, r0, ip",1
"strdeq r0, r1, [r0], -r8",1
"andeq sl, r0, ip, lsr 27",1
"andeq r0, r0, r0, lsl r0",1
"andeq r0, r0, ip",1
"strdeq r0, r1, [r0], -r8",1
"strheq sl, [r0], -ip",1
"andeq r0, r0, r8, lsl r0",1
"andeq r0, r0, ip",1
invalid,1
invalid,1
"andeq r0, sp, lr, lsl 24",1
"andeq r0, r0, r0, lsr 32",1
"andeq r0, r0, r8, ror r4",1
"ldrdeq sl, fp, [r0], -r4",1
"andeq r0, r0, r0, lsl 7",1
"ldrhi r0, [ip], -0xe42",1
"strhi r8, [r6], -r7, lsl 10",1
"stmdahi r4, {r0, r2, r8, sb, sl, pc}",1
"vmlahi.f32 s16, s4, s6",1
"andmi r4, lr, r1, lsl 8",1
"andeq r0, r0, r8, lsl r0",1
"andeq r0, r0, r8, ror r4",1
"andeq fp, r0, r4, asr r1",1
"andeq r0, r0, r0, asr 32",1
"strhi r0, [ip], -0xe42",1
"cdphi p5, 0, c8, c2, c3, 0",1
"stmdane lr, {r0, sb, lr}",1
"andeq r0, r0, r4, lsl r0",1
"andeq r0, r0, r8, ror r4",1
"muleq r0, r4, r1",1
"andeq r0, r0, r4, lsl 2",1
"cdphi p14, 0, c0, c4, c2, 2",1
"stmdalo lr, {r0, sb, lr}",1
"andeq r0, r0, ip, lsl r0",1
"andeq r0, r0, r8, ror r4",1
"muleq r0, r8, r2",1
"andeq r0, r0, r8, lsl r1",1
"movwhi r0, 0x4e42",1
"stmdaeq lr, {r0, sb, lr}",1
"cdpeq p2, 4, c0, c2, c14, 4",1
"andeq r0, r0, r0, asr 32",1
"andeq r0, r0, r4, lsl r0",1
"andeq r0, r0, r8, ror r4",1
"strheq fp, [r0], -r0",1
"andeq r0, r0, r4, lsl 1",1
"movwhi r0, 0x8e42",1
"andeq r8, r1, r2, lsl 28",1
"andeq r0, r0, ip",1
invalid,1
invalid,1
"andeq r0, sp, lr, lsl 24",1
"andeq r0, r0, r8, lsl r0",1
"andeq r0, r0, r8, lsl r5",1
"andeq fp, r0, r4, lsr r4",1
"andeq r0, r0, r8, asr 32",1
"tsthi r0, 0x420",1
"strhi r8, [r3, -0x404]",1
"andeq r8, r1, r2, lsl 28",1
"andeq r0, r0, r8, lsl r0",1
"andeq r0, r0, r8, lsl r5",1
"andeq fp, r0, ip, ror r4",1
"andeq r0, r0, ip, ror r0",1
"ldrhi r0, [r0], -0xe42",1
"strhi r8, [r3], -r4, lsl 10",1
"andeq r8, r1, r2, lsl 28",1
"andeq r0, r0, ip, lsl r0",1
"andeq r0, r0, r8, lsl r5",1
"strdeq fp, ip, [r0], -r8",1
"andeq r0, r0, r8, lsr 1",1
"tsthi r8, 0x420",1
"strhi r8, [r5, -0x406]",1
"strhi r8, [r3, -r4, lsl 12]",1
"andeq r8, r1, r2, lsl 28",1
"andeq r0, r0, r4, lsl r0",1
"andeq r0, r0, r8, lsl r5",1
"andeq fp, r0, r0, lsr 11",1
"andeq r0, r0, r8, lsr 32",1
"strhi r0, [r8], -0xe42",1
"andeq r8, r1, r2, lsl 28",1
"andeq r0, r0, r4, lsl r0",1
"andeq r0, r0, r8, lsl r5",1
"andeq fp, r0, r8, asr 11",1
"andeq r0, r0, r8, lsr 32",1
"strhi r0, [r8], -0xe42",1
"andeq r8, r1, r2, lsl 28",1
"andeq r0, r0, r4, lsl r0",1
"andeq r0, r0, r8, lsl r5",1
"strdeq fp, ip, [r0], -r0",1
"andeq r0, r0, ip, asr 32",1
"strhi r0, [r8], -0xe4c",1
"andeq r8, r1, r2, lsl 28",1
"andeq r0, r0, r4, lsl r0",1
"andeq r0, r0, r8, lsl r5",1
"andeq fp, r0, ip, lsr r6",1
"andeq r0, r0, r8, rrx",1
"strhi r0, [r8], -0xe44",1
"andeq r8, r1, r2, lsl 28",1
"andeq r0, r0, r4, lsl r0",1
"andeq r0, r0, r8, lsl r5",1
"andeq fp, r0, r4, lsr 13",1
"andeq r0, r0, r4, lsr r0",1
"strhi r0, [r8], -0xe42",1
"andeq r8, r1, r2, lsl 28",1
"andeq r0, r0, r4, lsl r0",1
"andeq r0, r0, r8, lsl r5",1
"ldrdeq fp, ip, [r0], -r8",1
"andeq r0, r0, r4, lsl r0",1
"movwhi r0, 0x8e42",1
"andeq r8, r1, r2, lsl 28",1
"andeq r0, r0, r8, lsl r0",1
"andeq r0, r0, r8, lsl r5",1
"andeq fp, r0, ip, ror 13",1
"andeq r0, r0, r0, asr 32",1
"tsthi r0, 0x420",1
"strhi r8, [r3, -0x404]",1
"andeq r8, r1, r2, lsl 28",1
"andeq r0, r0, r8, lsl r0",1
"andeq r0, r0, r8, lsl r5",1
"andeq fp, r0, ip, lsr 14",1
"andeq r0, r0, r4, asr 32",1
"tsthi r0, 0x420",1
"strhi r8, [r3, -0x404]",1
"andeq r8, r1, r2, lsl 28",1
"andeq r0, r0, ip",1
invalid,1
invalid,1
"andeq r0, sp, lr, lsl 24",1
"andeq r0, r0, r4, lsl r0",1
"andeq r0, r0, r8, asr 12",1
"andeq fp, r0, r0, ror r7",1
"andeq r0, r0, r0, asr 32",1
"movwhi r0, 0x8e42",1
"andeq r8, r1, r2, lsl 28",1
"andeq r0, r0, ip",1
invalid,1
invalid,1
"andeq r0, sp, lr, lsl 24",1
"andeq r0, r0, r8, lsl r0",1
"andeq r0, r0, r0, ror r6",1
"strheq fp, [r0], -r0",1
"andeq r0, r0, r4, lsl 1",1
"ldrhi r0, [r0], -0xe42",1
"strhi r8, [r3], -r4, lsl 10",1
"andeq r8, r1, r2, lsl 28",1
"andeq r0, r0, ip",1
invalid,1
invalid,1
"andeq r0, sp, lr, lsl 24",1
"andeq r0, r0, r8, lsr 32",1
"muleq r0, ip, r6",1
"andeq fp, r0, r4, lsr r8",1
"andeq r0, r0, r4, asr 6",1
"strthi r0, [r4], -0xe42",1
"strhi r8, [r8], -sb, lsl 10",1
"stmdahi r6, {r0, r1, r2, r8, sb, sl, pc}",1
bhi 0x133b08,1
"vmlahi.f64 d8, d2, d3",1
"stmdals lr, {r0, sl, lr}",1
"andeq r0, r0, r1",1
"andeq r0, r0, ip",1
invalid,1
invalid,1
"andeq r0, sp, lr, lsl 24",1
"andeq r0, r0, ip, lsl r0",1
"ldrdeq r0, r1, [r0], -r8",1
"andeq fp, r0, r8, ror fp",1
"andeq r0, r0, r0, lsr 1",1
"ldrhi r0, [r0], -0xe42",1
"strhi r8, [r3], -r4, lsl 10",1
"andmi r8, r1, 2, 28",1
"andeq r1, r0, lr, lsl 16",1
"andeq r0, r0, ip",1
invalid,1
invalid,1
"andeq r0, sp, lr, lsl 24",1
"andeq r0, r0, r8, lsl r0",1
"andeq r0, r0, r8, lsl 14",1
"andeq fp, r0, r8, lsl ip",1
"andeq r0, r0, r4, asr r0",1
"strhi r0, [r8], -0xe42",1
"strmi r8, [r1], -0xe02",1
"andeq r1, r0, lr",1
"andeq r0, r0, ip",1
invalid,1
invalid,1
"andeq r0, sp, lr, lsl 24",1
"andeq r0, r0, ip, lsl r0",1
"andeq r0, r0, r4, lsr r7",1
"andeq fp, r0, ip, ror 24",1
"andeq r0, r0, r4, lsr 1",1
"ldrhi r0, [r4], -0xe42",1
"strhi r8, [r4], -r5, lsl 10",1
"cdphi p7, 0, c8, c2, c3, 0",1
"stmdahs lr, {r0, sl, lr}",1
"andeq r0, r0, ip",1
invalid,1
invalid,1
"andeq r0, sp, lr, lsl 24",1
"andeq r0, r0, ip",1
"andeq r0, r0, r4, ror 14",1
"andeq fp, r0, r0, lsl sp",1
"andeq r0, r0, r8, lsr 1",1
"andeq r0, r0, ip",1
invalid,1
invalid,1
"andeq r0, sp, lr, lsl 24",1
"andeq r0, r0, r0, lsr 32",1
"andeq r0, r0, r4, lsl 15",1
"andeq fp, r0, r8, ror 27",1
"andeq r0, r0, r4, rrx",1
invalid,1
"strhi r8, [r7, -0x408]",1
"strhi r8, [r5, -r6, lsl 12]",1
bhi 0xf37ec,1
"andeq r8, r1, r2, lsl 28",1
"andeq r0, r0, ip",1
"andeq r0, r0, r4, lsl 15",1
"andeq fp, r0, ip, asr 28",1
"andeq r0, r0, r4",1
"andeq r0, r0, ip",1
invalid,1
invalid,1
"andeq r0, sp, lr, lsl 24",1
"andeq r0, r0, ip",1
"andeq r0, r0, r8, asr 15",1
"andeq fp, r0, r0, asr lr",1
"andeq r0, r0, ip, lsr 32",1
"strbvs r6, [lr, -ip, ror 30]!",1
"cdpvs p12, 6, c6, c15, c0, 1",1
"cdpvs p0, 6, c2, c9, c7, 3",1
"mcrmi p0, 2, r0, c7, c4, 3",1
"subhs r2, r3, r5, asr r0",1
"mrchs p14, 1, r2, c7, c4, 1",1
svcvs 0x6c0032,1
"stcvs p7, c6, [r0], -0x1b8",1
"rsbhs r6, r7, pc, ror 28",1
"ldmdbvs r3!, {r0, r2, r4, r5, r6, sb, sl, fp, sp, lr} ^",1
"strbtvs r6, [r5], -0xe67",1
"strbtvc r6, [lr], -0x920",1
invalid,1
"strbvs r6, [lr, -0x769]!",1
"stmdavs r3!, {r2, r5, r6, sp} ^",1
"movwvc r7, 0x261",1
"ldrbtvc r6, [r2], -0xf68",1
invalid,1
"strbvs r6, [lr, -0x769]!",1
"cdpvs p0, 6, c2, c9, c4, 3",1
"ldmdbmi pc, {r2, r4, r5, r6} ^",1
"ldrbtvc r5, [r3], -0xf4f",1
svcpl 0x6e6964,1
"strbtvs r7, [r5], -0x375",1
svcvs 0x682f00,1
bvs 0xbeae2c,1
blvs 0x1caee04,1
"stmdbvc pc!, {r0, r2, r5, r6, sl, ip, sp, lr}",1
svcvs 0x74636f,1
"ldmdbvs r5!, {r0, r1, r2, r3, r5, sb, sp, lr} ^",1
"strtvc r6, [pc], -0x46c",1
"strvc r7, [pc, -sp, rrx]!",1
svchs 0x6b726f,1
"strbtvc r7, [sp], -r1, ror 4",1
"qasxvc r6, sp, r7",1
"cdpvs p0, 2, c7, c13, c6, 3",1
"stclhs p15, c6, [lr, -0x194]!",1
"stmdbvc fp!, {r4, r5, r6, r8, sb, sl, fp, sp, lr} ^",1
"cdpvs p12, 6, c6, c9, c13, 1",1
invalid,1
invalid,1
"strvs r6, [0x00010f56]!",1
"rsbvs r6, sb, 0x6700",1
"cdphs p15, 3, c2, c2, c3, 3",1
"eorvc r3, sp, 0xc40000",1
invalid,1
invalid,1
invalid,1
"stmdbvs ip!, {r0, r1, r2, r4, r5, r8, sb, sl, fp, sp} ^",1
invalid,1
"movwvc r7, 0x573",1
"ldrbtvc r6, [r2], -0xf68",1
"strbtvc r6, [lr], -0x920",1
bvc 0x1a6e4e8,1
"rsbsvc r7, sb, r5, ror 8",1
"ldrbvs r0, [r6, -0x65]!",1
svcvs 0x697372,1
"strbtvc r5, [r5], -0xf6e",1
svcvs 0x5f0063,1
svcvs 0x5f646c,1
"ldrbvs r6, [r3, -0x666]!",1
svcpl 0x5f0074,1
"mcrvs p2, 3, r7, c9, c0, 3",1
"cmpvs pc, 116, 12           ; 0x74",1
svcpl 0x6b68,1
svcpl 0x31735f,1
"rsbeq r6, lr, ip, ror 10",1
invalid,1
"ldrbvs r0, [pc], -r5, rrx   ; [0x11924:4]=0x6962006f",1
"cdpvs p12, 6, c6, c5, c9, 3",1
"stmdbvs r2!, {r0, r1, r2, r3, r5, r6} ^",1
"ldrbvs r6, [r4, -0x46e]!",1
svcvs 0x647478,1
"cdpvs p1, 6, c6, c9, c13, 3",1
svcvs 0x682f00,1
"strtvc r6, [pc], -0x56d",1
invalid,1
svchs 0x62796e,1
"ldrbvs r6, [r2, -0xf63]!",1
"stclvs p4, c7, [sb], -0x1d4",1
"mrchs p13, 1, r2, c8, c3, 3",1
svcpl 0x3232,1
"cmpvc pc, 0x124",1
svcpl 0x657661,1
"rsbeq r6, r4, r5, ror 28",1
"ldrbvs r6, [sl, -0x973]!",1
svcpl 0x745f,1
svcpl 0x32735f,1
"rsbeq r6, lr, ip, ror 10",1
svcpl 0x4f495f,1
"strbtvc r7, [sb], -0x277",1
"ldrbtvc r5, [r0], -0xf65",1
"ldmdbmi pc, {r1, r4, r5, r6} ^",1
"strbvc r5, [r2, -0xf4f]!",1
invalid,1
"movwvc r6, 0x573",1
invalid,1
svcpl 0x706d,1
blvs 0x1ca9f50,1
"rsbseq r7, r3, r5, ror 4",1
svcpl 0x4f495f,1
"strbtvs r6, [r1], -0x572",1
"strbtvs r6, [lr], -0x55f",1
invalid,1
svcvs 0x635f74,1
"cdpvs p0, 6, c7, c15, c13, 3",1
"rsbseq r6, r4, r5, ror 28",1
"strbvs r7, [r4, -0x473]!",1
invalid,1
"strbvs r5, [sp, -0xf63]!",1
invalid,1
svcpl 0x7365,1
blvs 0x18ed784,1
"cmnvs r2, 0, 6",1
"stclvs p6, c6, [r1], -0xbc",1
invalid,1
"strbvc r5, [r3, -0xf00]!",1
svcvs 0x635f72,1
"cdpvs p5, 6, c7, c13, c12, 3",1
svcvs 0x705f00,1
"ldrbvs r0, [r3, -0x73]!",1
"rsbsvc r5, r0, 116, 30",1
"cmnvs r2, pc, ror 14",1
invalid,1
invalid,1
"rsbseq r6, r6, r2, ror r7",1
"strbvc r7, [r2, -0x35f]!",1
"ldmdbmi pc, {r1, r2, r5, r6} ^",1
"stmdbmi r6, {r0, r1, r2, r3, r6, r8, sb, sl, fp, ip, lr} ^",1
invalid,1
"rsbeq r6, r3, r2, ror r7",1
svcpl 0x4f495f,1
blvs 0x1ca9fd8,1
svcpl 0x7265,1
"rsbvc r6, pc, 0x730000",1
"uhsub16vs r6, r5, r4",1
"subsvc r5, pc, r0, lsl 30",1
"eorseq r6, r2, r1, ror 8",1
svcpl 0x4f495f,1
"strbtvc r7, [sb], -0x277",1
invalid,1
svcpl 0x6573,1
"cmnvc r5, 0x750",1
"eorseq r6, r2, r5, ror 8",1
svcpl 0x4f495f,1
"strbtvs r6, [r1], -0x572",1
"rsbsvc r7, r4, 0x5f",1
"subsvc r5, pc, r0, lsl 30",1
"eorseq r6, r5, r1, ror 8",1
svcpl 0x4f495f,1
svcpl 0x667562,1
"rsbeq r6, r4, r5, ror 28",1
"strbtvc r7, [r1], -0x473",1
svcpl 0x7375,1
"ldrbtvc r6, [r8], -0x56e",1
"subsvc r5, pc, r0, lsl 30",1
"eorseq r6, r1, r1, ror 8",1
"cmnvc r2, 0x15800000",1
"rsbeq r6, lr, sb, ror 30",1
"cmnvs r0, pc, asr pc",1
svcpl 0x3364,1
"strbtvs r7, [r1], -0x5f",1
svcpl 0x5f0034,1
"strbtvs r7, [r1], -0x571",1
svcpl 0x745f,1
"ldmdbvs r5!, {r0, r1, r2, r3, r4, r6, sb, sp, lr} ^",1
"cdpvs p4, 6, c7, c9, c12, 3",1
"rsbsvc r7, r4, 0x7c000001",1
"rsbseq r6, r0, r3, ror 26",1
"ldrbtvc r7, [r5], -0x66",1
"mrcvs p15, 3, r5, c5, c3, 3",1
blvs 0x18ed870,1
svcpl 0x6465,1
"strbtvc r6, [sp], -0x65f",1
"strbtvc r7, [r5], -0x300",1
invalid,1
svcpl 0x656c,1
"ldrbvc r4, [pc, -sb, asr 30] ; [0x11ad8:4]=0x646e655f",1
"ldrbvs r6, [r4, -0x972]!",1
"strbtvs r6, [lr], -0x55f",1
svcvs 0x5f5f00,1
"ldrtlo r6, [r6], -0x666",1
svcpl 0x745f,1
"uqsaxvs r6, r6, pc",1
svcpl 0x745f,1
"stmdbvs r1!, {r0, r1, r5, r6, fp, sp, lr} ^",1
"ldmdbmi pc, {r1, r2, r3, r5, r6} ^",1
invalid,1
"rsbsvc r6, r5, r3, ror 22",1
invalid,1
"ldrbtvc r0, [r3], -0x65",1
"rsbeq r6, lr, r4, ror 18",1
"strbtvc r6, [sb], -0xd65",1
invalid,1
invalid,1
"ldmdbvs pc, {r1, r4, r5, r6, r8, fp, ip, sp, lr} ^",1
"rsbeq r6, pc, lr, ror 12",1
"qdsubvs r6, pc, ip",1
"eorseq r7, r2, r7, ror 6",1
"strbtvs r6, [pc], -0xd5f",1
"ldmdbmi pc, {r0, r2, r5, r6} ^",1
"ldrbvs r5, [r2, -0xf4f]!",1
"subsvs r6, pc, 0x61000000",1
"rsbeq r7, r5, r1, ror 6",1
"cmnvs r4, pc, asr r6",1
svcpl 0x656c62,1
invalid,1
svcpl 0x7465,1
"cmpvc pc, 0x124",1
svcpl 0x657661,1
"ldrbvs r6, [r3, -0x162]!",1
"ldmdbvs r8!, {r8, sl, sp, lr} ^",1
invalid,1
"rsbsvc r6, r5, 0x6900",1
invalid,1
"ldrbtvc r6, [r4], -0x567",1
"rsbseq r7, r4, r5, ror 16",1
svcpl 0x4f495f,1
blvs 0x18ed92c,1
"movwvc r7, 0x45f",1
"qsub16vc r6, pc, r2",1
"ldmdbvs r3!, {r0, r2, r5, r6, sb, ip, sp, lr} ^",1
invalid,1
"ldrbvs r5, [0x00010c90]     ; [0x10c90:4]=0x62696c2f",1
svcvs 0x6e7272,1
invalid,1
svcvs 0x697461,1
"stclvs p0, c0, [r3], -0x1b8",1
svcpl 0x65736f,1
svcvs 0x647473,1
"cmpvc pc, 0x75000000",1
"ldrbvs r7, [pc], -r5, ror 8 ; [0x11bb0:4]=0x656d616e",1
svcpl 0x656c69,1
"strbvs r6, [sp, -0x16e]!",1
"ldmdbvs r2!, {r8, sb, sl, ip, sp, lr} ^",1
"ldrbvs r6, [0x0001164c]     ; [0x1164c:4]=0x18e02",1
"rsbvc r7, pc, 0x20000007",1
"stmdavc r5!, {r8, sb, sl, fp, ip, lr} ^",1
"strvs r7, [r0], -sb, ror 8",1
"rsbeq r6, r5, sb, ror 24",1
invalid,1
"ldrbtvc r5, [r3], -0xf65",1
"ldrbtvc r6, [r5], -0xf64",1
"strbtvc r7, [r5], -0x35f",1
"mcrvs p9, 3, r6, c7, c15, 2",1
svcpl 0x65726f,1
"subpl r5, sb, r5, asr 32",1
"stclvs p0, c0, [r3], -0x114",1
svcpl 0x65736f,1
"ldrbvs r7, [r2, -0x473]!",1
invalid,1
"ldrbvs r6, [r4, -0xf75]!",1
svcpl 0x677261,1
svcvs 0x6c6f63,1
"subsmi r0, pc, 0x6e",1
"rsbeq r6, ip, pc, ror 30",1
svcvs 0x6e6769,1
invalid,1
invalid,1
"ldrbvs r6, [r3, -0xf6c]!",1
"cdphs p5, 7, c7, c4, c15, 3",1
"stclvs p0, c0, [r3], -0x18c",1
svcpl 0x65736f,1
svcvs 0x647473,1
"andvs r7, r0, 0x75000000",1
svcpl 0x657361,1
"rsbeq r6, lr, ip, ror 10",1
svcpl 0x776173,1
invalid,1
"ldrbtvc r0, [r3], -0x68",1
"mcrvs p12, 3, r6, c5, c2, 3",1
"ldrbvs r7, [r2, -0]!",1
svcpl 0x786966,1
"rsbeq r6, lr, ip, ror 10",1
svchs 0x62696c,1
"ldrbvs r6, [r3, -0x162]!",1
"strbvs r6, [sp, -0x16e]!",1
"rsbvc r6, r7, sp, lsr 24",1
"rsbeq r2, r3, ip, ror 28",1
svchs 0x62696c,1
"strbtvc r7, [sb], -0x865",1
"stclvs p1, c6, [sb], -0x198",1
invalid,1
"eorvc r6, pc, sb, ror 4",1
"mcrvs p15, 3, r6, c7, c2, 3",1
"cdphs p13, 6, c6, c5, c1, 3",1
svcpl 0x5f0063,1
"stclvs p5, c7, [sb], -0x188",1
svcpl 0x6e6974,1
"ldmdbvs r2!, {r1, r2, r5, r6, r8, sb, sl, ip, sp, lr} ^",1
"andvc r6, r0, r4, ror r5",1
"rsbvc r6, r7, 0x1c8",1
"ldmdbvs pc, {r0, r5, r6, r8, sl, fp, sp, lr} ^",1
invalid,1
svcvs 0x697461,1
"ldmdavs r3!, {r1, r2, r3, r5, r6, r8, sb, sl, fp, ip, lr} ^",1
svcpl 0x74726f,1
"strbvs r6, [sp, -0x16e]!",1
svcvs 0x727000,1
"stclvs p2, c7, [r1, -0x19c]!",1
"uqsaxvc r6, lr, pc",1
"strbtvc r6, [r1], -0x36f",1
svcpl 0x6e6f69,1
"strbvs r6, [sp, -0x16e]!",1
"rsbsvc r7, r4, 0, 6",1
"rsbvc r6, r8, 0xc8000001",1
svcvs 0x626100,1
invalid,1
"rsbslo r6, r6, r2, ror r7",1
svcvs 0x757100,1
"cmpvc pc, 116, 10           ; 0x74",1
"mcrvs p2, 3, r7, c9, c4, 3",1
"strbvs r5, [ip, -0xf67]!",1
invalid,1
"cmnvc r4, 108, 30           ; 0x6c",1
svcvs 0x757100,1
"rsbvc r6, r1, 116, 10",1
"strbvc r5, [r2, -0xf67]!",1
"rsbvc r6, r5, 0x6600000",1
svcvs 0x757100,1
invalid,1
"ldrbtvc r6, [r0], -0xf5f",1
invalid,1
svcvs 0x72665f,1
"ldrbtvc r5, [r3], -0xf6d",1
"rsbeq r6, r5, sb, ror ip",1
"strbtvc r7, [pc], -0x571",1
"ldrbvs r6, [r2, -r5, ror 2]!",1
"stclvs p13, c6, [r5, -0x17c]!",1
"cmpvs pc, 0, 30",1
"ldrbvs r7, [r0, -0x974]!",1
"mrrcvs p2, 5, r6, pc, c15",1
invalid,1
"ldrbvs r6, [r4, -0xf75]!",1
svcpl 0x677261,1
"ldrbtvc r5, [r3], -0xf6e",1
"rsbeq r6, r5, sb, ror ip",1
svchs 0x62696c,1
"strbtvc r7, [pc], -0x571",1
"ldrbvs r6, [r2, -r5, ror 2]!",1
"stmdavc r0, {r1, r2, r3, r5, r8, sb, sp, lr}",1
"stclvs p1, c6, [ip], -0x1b4",1
invalid,1
"mcrrmi p15, 4, r5, r5, c1",1
svcpl 0x454449,1
"mcrrmi p5, 4, r5, ip, c14",1
"ldrbpl r4, [sb], -0x25f",1
"strvc r5, [r0, -r5, asr 6]",1
"rsbvc r6, r1, 0x630000",1
"movwvc r7, 0x45f",1
invalid,1
invalid,1
"ldrbvc r0, [r1, -0x35]!",1
invalid,1
"mrcvs p7, 2, r6, c15, c2, 3",1
"ldmdbvc r4!, {r0, r1, r2, r3, r4, r6, r8, sb, ip, sp, lr} ^",1
"ldclvs p5, c6, [0x00011bf4]",1
"stmdbvs r0, {r0, r2, r5, r6, r8, sl, fp, sp, lr}",1
"ldmdbvs r2!, {r0, r1, r4, r5, r6, r8, sb, sl, fp, ip, lr} ^",1
svcpl 0x746867,1
"strbtvc r7, [pc], -0x571",1
"ldrbvc r0, [r1, -0x65]!",1
invalid,1
"cmpvc pc, 0x1c80000",1
"strbvs r7, [ip, -0x974]!",1
"stclvs p13, c6, [r5, -0x17c]!",1
"strbtvc r7, [r5], -0x300",1
"cmnvc r5, 0x7c000001",1
svcpl 0x6d6f74,1
"strbtvc r7, [pc], -0x571",1
"rsbeq r6, r7, sb, ror 28",1
invalid,1
svcpl 0x656279,1
"strbtvc r7, [pc], -0x571",1
svcpl 0x676e69,1
"ldclvs p4, c7, [sb], -0x1cc",1
svcvs 0x6c0065,1
"strbvs r6, [ip, -0x163]!",1
"strbtvs r6, [pc], -0x35f",1
"ldrbvc r0, [r1, -0x65]!",1
invalid,1
"cmpvc pc, 0x1c80000",1
"strbvs r7, [ip, -0x974]!",1
"stclvs p8, c7, [r1], -0",1
svcpl 0x636f6c,1
"rsbeq r6, r5, r4, ror 18",1
"stmdbvs r7!, {r0, r2, r3, r5, r6, r8, sb, ip, sp, lr} ^",1
"ldrbtvc r0, [r3], -0x64",1
svcpl 0x65726f,1
invalid,1
"movwvc r6, 0x570",1
"stclvs p5, c6, [ip], -0x1a0",1
invalid,1
svcpl 0x737961,1
"strbtvc r7, [pc], -0x571",1
svcpl 0x676e69,1
"ldclvs p4, c7, [sb], -0x1cc",1
svcpl 0x5f0065,1
"cdpvs p15, 7, c6, c5, c3, 3",1
"ldmdavs r3!, {r2, r4, r5, r6} ^",1
"rsbseq r6, r4, sb, ror 12",1
"strbtvc r7, [pc], -0x571",1
"ldrbvs r6, [r2, -r5, ror 2]!",1
"cmpvs pc, 0x5f0",1
svcvs 0x747375,1
"strbvs r5, [sp, -0xf6d]!",1
"ldrbvc r0, [r1, -0x6d]!",1
svcpl 0x65746f,1
"strbvs r5, [sp, -0xf6e]!",1
svcpl 0x5f006d,1
"rsbeq r6, lr, ip, ror 10",1
"mcrvs p2, 3, r7, c1, c4, 3",1
"strbtvc r6, [r1], -0xc73",1
"rsbeq r6, lr, sb, ror 30",1
"strbtvc r7, [pc], -0x571",1
"ldrbvs r6, [r2, -r5, ror 2]!",1
"stclvs p1, c6, [ip], -0x17c",1
"ldclvs p3, c6, [0x00011cdc]",1
"movwvc r6, 0xd65",1
"ldrbvs r6, [r2, -0xf74]!",1
"smlsdvs r0, pc, r3, r6",1
"cmpvc pc, r5, ror 8",1
"ldmdbvs r4!, {r0, r2, r4, r5, r6, r8, sb, sl, fp, sp, lr} ^",1
"cmpvc pc, 0x1b80000",1
"strbvs r7, [ip, -0x974]!",1
"stmdbvs ip!, {r8, sl, sp, lr} ^",1
svcvs 0x5f6564,1
"rsbvc r7, r5, 0x75000000",1
svcvs 0x75715f,1
"rsbseq r6, r3, r4, ror r5",1
"strbtvc r7, [pc], -0x571",1
"ldrbvs r6, [r2, -r5, ror 2]!",1
"ldrbvs r6, [r2, -0x65f]!",1
svcvs 0x660065,1
svcpl 0x656372,1
"ldrbvs r7, [r4, -0x56f]!",1
"ldrbvc r5, [r1, -0xf72]!",1
"cdpvs p4, 6, c7, c9, c15, 3",1
"ldrbtvc r5, [r3], -0xf67",1
"rsbeq r6, r5, sb, ror ip",1
"strbvs r5, [r4, -0xf5f]!",1
"movwvc r7, 0x473",1
"cmpvc pc, r5, ror 8",1
"ldmdbvs r4!, {r0, r2, r4, r5, r6, r8, sb, sl, fp, sp, lr} ^",1
"ldrbvs r6, [pc], -lr, ror 14 ; [0x11f04:4]=0x53495f00",1
invalid,1
"movtpl r5, 0x9f00",1
"ldrbvs r6, [r7, -0xf6c]!",1
"rsbsvc r0, r8, 0x72",1
"stclvs p1, c6, [ip], -0x194",1
invalid,1
"rsbvc r7, r5, 0x69000000",1
"cmpvc pc, r1, ror 24",1
"ldmdbvs r4!, {r0, r2, r4, r5, r6, r8, sb, sl, fp, sp, lr} ^",1
"cmpvc pc, 0x1b80000",1
"strbvs r7, [ip, -0x974]!",1
"cmpvs pc, 0, 30",1
"ldrbvs r7, [r0, -0x974]!",1
"strbtvc r6, [r5], -0x75f",1
svcpl 0x626d5f,1
svcpl 0x727563,1
"rsbseq r6, r8, sp, ror 2",1
"ldmdavc r3, {r0, r1, r2, r3, r4, r6, r8, fp, lr} ^",1
"stmdbvs r7!, {r2, r5, r6, r8, fp, sp, lr} ^",1
"ldrbvc r0, [r1, -0x74]!",1
invalid,1
"cmpvs pc, 0x1c80000",1
"rsbseq r6, r2, r8, ror 2",1
"strbtvc r7, [pc], -0x571",1
svcpl 0x676e69,1
"ldclvs p4, c7, [sb], -0x1cc",1
"cmnvs r6, r5, ror 30",1
"andvs r7, r0, 108, 6",1
invalid,1
svcvs 0x757100,1
"rsbvc r6, r1, 116, 10",1
"strbvc r5, [r3, -0xf67]!",1
"stclvs p4, c7, [0x00011dbc]!",1
"strbvs r7, [r8, -0x300]!",1
"cmpvc pc, ip, ror 24",1
"ldmdbvs r4!, {r0, r2, r4, r5, r6, r8, sb, sl, fp, sp, lr} ^",1
"cmpvc pc, 0x1b80000",1
"strbvs r7, [ip, -0x974]!",1
"ldrbvc r5, [pc], -r0, lsl 30 ; [0x11fa0:4]=0x65727000",1
"ldrbvs r6, [r5, -0xc61]!",1
"ldrbvs r7, [r2, -0]!",1
svcvs 0x6c6c61,1
"ldrbvs r6, [r4, -0x163]!",1
"ldrbvc r0, [r1, -0x64]!",1
invalid,1
"cmpvs pc, 0x1c80000",1
svcvs 0x747375,1
"strbvs r5, [sp, -0xf6d]!",1
invalid,1
"ldrbvs r6, [r0, -0x163]!",1
svcvs 0x75715f,1
invalid,1
"ldmdbvc r4!, {r0, r1, r2, r3, r4, r6, r8, sb, ip, sp, lr} ^",1
"stmdbvs r0, {r2, r3, r5, r6, r8, sl, sp, lr}",1
"rsbsvc r7, r0, 0x1cc0000",1
"rsbseq r6, r4, sb, ror 28",1
svcpl 0x746573,1
"rsbvc r6, r1, 0x630000",1
svcvs 0x75715f,1
invalid,1
"cmnvc r5, 0, 6",1
svcpl 0x6d6f74,1
"strbtvc r7, [pc], -0x571",1
svcpl 0x676e69,1
"ldclvs p4, c7, [sb], -0x1cc",1
svcpl 0x5f0065,1
"rsbeq r6, r8, r7, ror r3",1
invalid,1
svcpl 0x656c61,1
"strbtvc r7, [pc], -0x571",1
svcpl 0x676e69,1
"ldclvs p4, c7, [sb], -0x1cc",1
svcpl 0x630065,1
invalid,1
invalid,1
"mcrrmi p15, 4, r5, r5, c1",1
svcpl 0x454449,1
"ldrbmi r5, [r4, -0x54f]",1
"ldrbpl r5, [r1, -0xf52]",1
"movtpl r5, 0x544f",1
"strbvs r7, [sp, -0x800]!",1
"rsbsvc r6, r5, sp, ror 8",1
"ldrbtvs r6, [r5], -r0, lsl 4",1
"cmnvc r2, 0x19800000",1
"rsbeq r7, r5, sb, ror 20",1
invalid,1
"rsbeq r7, r5, sb, ror 20",1
"strbtvc r6, [pc], -0xc73",1
"rsblo r6, r3, r6, ror r5",1
"movtpl r5, 0x9f00",1
"rsbsvc r6, r4, 0x630",1
"ldmdbmi pc, {r2, r3, r5, r6} ^",1
invalid,1
"stcvs p4, c7, [r0, -0x1a4]",1
"ldrbvs r6, [r3, -0xd65]!",1
"ldrbvs r0, [r3, -0x74]!",1
"ldrbvc r5, [r1, -0xf74]!",1
"cdpvs p4, 6, c7, c9, c15, 3",1
"ldrbtvc r5, [r3], -0xf67",1
"rsbeq r6, r5, sb, ror ip",1
"cmpvc r3, 0x17c000",1
"strbvs r6, [r3, -0x170]!",1
invalid,1
"ldrbvs r6, [r4, -0x174]!",1
"stmdbvs lr!, {r8, sl, ip, sp, lr} ^",1
"ldrbvs r7, [r4, -0x962]!",1
invalid,1
"rsbeq r6, r5, r1, ror 24",1
"ldmdbvs r3!, {r0, r2, r3, r5, r6, sb, sp, lr} ^",1
"rsbseq r6, r4, lr, ror 18",1
"ldrbvc r5, [r1, -0xf63]!",1
"cdpvs p4, 6, c7, c9, c15, 3",1
"ldrbtvc r5, [r3], -0xf67",1
"rsbeq r6, r5, sb, ror ip",1
"strbtvc r7, [pc], -0x571",1
"strbvs r5, [sp, -0xf65]!",1
svcpl 0x63006d,1
svcpl 0x646e61,1
"stclvs p8, c6, [r5], -0x1cc",1
invalid,1
"ldrbvs r6, [r0, -0x163]!",1
"ldclvs p15, c5, [0x000120ec]",1
"cmnvs r4, r2, ror 6",1
"ldrbvc r6, [pc], -0x574     ; [0x120f4:4]=0x715f656e",1
svcvs 0x6c6300,1
"cmpvc pc, lr, ror 10",1
"ldmdbvs r4!, {r0, r2, r4, r5, r6, r8, sb, sl, fp, sp, lr} ^",1
svcvs 0x5f676e,1
svcvs 0x697470,1
invalid,1
"ldmdbvs r4!, {r0, r2, r4, r5, r6, r8, sb, sl, fp, sp, lr} ^",1
"cmpvc pc, 0x1b80000",1
"strbvs r7, [ip, -0x974]!",1
invalid,1
svcpl 0x5f0073,1
svcpl 0x6863,1
"ldrbvc r5, [r0, -0x349]!",1
"rsbseq r6, r4, lr, ror 6",1
"ldrbtvc r6, [r2], -0x26d",1
"rsbeq r7, r3, pc, ror 14",1
"subsvc r4, r3, pc, asr sb",1
"strbtvc r6, [lr], -0x972",1
svcvs 0x757100,1
"cmpvc pc, r4, ror r5",1
"ldmdbvs r4!, {r0, r2, r4, r5, r6, r8, sb, sl, fp, sp, lr} ^",1
svcvs 0x5f676e,1
svcvs 0x697470,1
"stmdavc r0, {r1, r2, r3, r5, r6, r8, sb, ip, sp, lr}",1
"rsbvc r6, r1, 0x630000",1
svcvs 0x6c6c61,1
"strbvs r0, [sp, -0x63]!",1
"rsbvc r6, sp, sp, ror 6",1
"ldrbvc r5, [pc, -r0, lsl 30] ; [0x12168:4]=0x746f7571",1
"rsbeq r6, r2, r3, ror 16",1
"strbtvc r7, [pc], -0x571",1
"ldrbtvc r5, [r3], -0xf65",1
invalid,1
"strbtvc r6, [r5], -0x700",1
"ldrbtvc r6, [r8], -0x574",1
svcvs 0x75715f,1
invalid,1
"subspl r5, r3, r1, asr 30",1
svcpl 0x54494c,1
"smlsldmi r5, sb, r4, r2",1
"ldmdami r0, {r1, r4, r6, r8, lr} ^",1
"ldmdbmi pc, {r0, r1, r4, r6} ^",1
"cmnvs r2, r3, asr r7",1
"movwvc r6, 0x870",1
"ldrbtvc r6, [r4], -ip, ror 30",1
"movwvc r6, 0x365",1
"rsbslo r6, r4, ip, ror 30",1
svcvs 0x757100,1
"rsbvc r6, r1, 116, 10",1
svcpl 0x6e5f67,1
"ldmdbvs r4!, {r0, r1, r2, r3, r5, r6, ip, sp, lr} ^",1
"rsbseq r6, r3, pc, ror 28",1
invalid,1
"rsbeq r7, r5, sb, ror 20",1
"cmnvs r2, 0x73000000",1
"strbvs r7, [r5, -0x361]!",1
"movwvc r3, 0x71",1
invalid,1
invalid,1
"ldrbtvc r0, [r3], -0x31",1
invalid,1
"rsbslo r6, r1, 0x19400000",1
"rsbsvc r7, r4, 0, 6",1
"ldrbvs r6, [r3, -0x163]!",1
"eorseq r7, r3, r5, ror 2",1
"cmnvs r2, 0x73000000",1
"strbvs r7, [r5, -0x361]!",1
"movwvc r3, 0x471",1
invalid,1
invalid,1
"ldrbtvc r0, [r3], -0x36",1
invalid,1
"ldrblo r6, [r1, -r5, ror 10]!",1
"rsbsvc r7, r4, 0, 6",1
"ldrbvs r6, [r3, -0x163]!",1
"eorseq r7, r8, r5, ror 2",1
"cmnvs r2, 0x73000000",1
"strbvs r7, [r5, -0x361]!",1
"smlsdxvc r0, r1, sb, r3",1
svcpl 0x746e69,1
"ldmdbmi pc, {r2, r4, r5, r6} ^",1
"rsbvc r6, ip, r3, asr r1",1
invalid,1
"stclvs p3, c6, [r1], -0x1bc",1
"stmdavs r3!, {r0, r2, r5, r6, r8, sb, sl, fp, ip, lr} ^",1
"ldrbvs r7, [r3, -0x261]!",1
"ldrbvc r0, [r1, -0x74]!",1
invalid,1
invalid,1
"ldrbvs r6, [r4, -0xf75]!",1
svcpl 0x677261,1
svcvs 0x6c6c61,1
"ldrbvc r0, [r1, -0x63]!",1
invalid,1
"mrcvs p7, 2, r6, c15, c2, 3",1
"cmnvc r5, 0x7c000001",1
"rsbeq r6, sp, r4, ror pc",1
bvc 0x1a6f040,1
"ldrbvc r0, [r1, -0x65]!",1
invalid,1
"mrcvs p7, 2, r6, c15, c2, 3",1
svcvs 0x757100,1
"rsbvc r6, r1, 116, 10",1
"strbvc r5, [r2, -0xf67]!",1
"rsbvc r6, r5, 0x6600000",1
invalid,1
"strbvs r7, [ip, -0x974]!",1
"ldrbvc r0, [r1, -0x64]!",1
svcpl 0x65746f,1
invalid,1
svcvs 0x745f65,1
"ldrbvc r0, [r1, -0x6f]!",1
invalid,1
"cmpvs pc, 0x1c80000",1
"cdpvs p12, 6, c6, c15, c15, 3",1
"stclvs p13, c6, [r5, -0x17c]!",1
"ldrbvc r5, [pc], -0xf00     ; [0x122c8:4]=0x495f0074",1
svcpl 0x656d69,1
"ldmdbmi pc, {r2, r4, r5, r6} ^",1
"mcrvs p1, 3, r6, c12, c3, 2",1
"strvs r6, [r0], -0xd75",1
"strbvc r6, [r1, -0x665]!",1
"cmpvc pc, ip, ror 8",1
"ldmdbvs r4!, {r0, r2, r4, r5, r6, r8, sb, sl, fp, sp, lr} ^",1
svcvs 0x5f676e,1
svcvs 0x697470,1
svcpl 0x736e,1
"stclvs p3, c5, [r2], -0x124",1
"rsbeq r6, fp, r1, ror 28",1
blvs 0x18ea884,1
invalid,1
invalid,1
"ldrbvs r6, [r0, -0x163]!",1
"ldrbvc r0, [r1, -0x73]!",1
invalid,1
"mrcvs p7, 2, r6, c15, c2, 3",1
"stclvs p13, c6, [r5, -0x17c]!",1
"ldmdbvs r2!, {ip, sp, lr} ^",1
"rsbvs r7, r1, 0x6e000000",1
invalid,1
svcpl 0x746665,1
"strbtvc r7, [pc], -0x571",1
"ldrbvc r0, [r1, -0x65]!",1
svcpl 0x65746f,1
"ldmdbmi pc, {r1, r2, r3, r5, r6} ^",1
"rsbsvc r7, r0, r3, asr r5",1
invalid,1
"ldrbvs r6, [r4, -0xf75]!",1
svcpl 0x677261,1
"rsbvc r6, r1, 0x630000",1
"stclvs p13, c6, [r5, -0x17c]!",1
"stmdbvs ip!, {r8, fp, sp, lr} ^",1
svcpl 0x6e006d,1
"ldmdavs r4!, {r0, r5, r6, r8, sl, ip, sp, lr} ^",1
"rsbseq r7, r3, pc, ror 4",1
"strbtvc r6, [sb], -0xd65",1
invalid,1
"rsbvc r7, r5, pc, asr r2",1
"ldmdbvs r4!, {r0, r1, r2, r3, r5, r6, sb, ip, sp, lr} ^",1
"cmpvs pc, lr, ror 14",1
"ldrbvs r6, [r2, -0x464]!",1
invalid,1
"ldmdbvs r3!, {r0, r2, r5, r6, sb, ip, sp, lr} ^",1
"ldrbvs r6, [0x00011515]     ; [0x11515:4]=0x183040e",1
"cmpvs pc, r4, ror r3",1
invalid,1
"strtvc r6, [pc], -sb, ror 4",1
"ldmdbvs r3!, {r0, r2, r5, r6, sb, ip, sp, lr} ^",1
"strvs r6, [sp, -0xe6f]!",1
invalid,1
invalid,1
"strbvs r6, [r7, -0x16b]!",1
"stclvs p3, c6, [0x000123a8]!",1
"strbtvs r6, [lr], -0x16d",1
"stclvs p14, c6, [r1, -0x17c]!",1
svcpl 0x5f0065,1
"mrrcvs p1, 7, r6, pc, c6",1
"rsbseq r7, r4, sb, ror 6",1
"ldmdbpl r0, {r0, r1, r6, r8, sb, sl, fp, lr} ^",1
"stmdami r7, {r1, r4, r6, r8, fp, lr} ^",1
"ldrbmi r5, [sb, -0xf54]",1
"strvs r5, [r0], -r1, asr 4",1
"mcrvs p2, 3, r7, c9, c0, 3",1
svcpl 0x6674,1
"rsbsvc r7, r4, 0x7c000001",1
"rsbeq r6, sp, r5, ror 2",1
"ldmdavs r4!, {r0, r5, r6, r8, sl, ip, sp, lr} ^",1
"rsbeq r6, r2, r4, ror r1",1
"cmnvc r2, 0x1d800000",1
svcpl 0x6e6f69,1
svcpl 0x637465,1
"ldmdbvc r0!, {r0, r1, r5, r6, r8, sb, sl, fp, sp, lr} ^",1
"stmdavs r7!, {r1, r4, r5, r6, r8, fp, sp, lr} ^",1
"ldrbvs r0, [r6, -0x74]!",1
svcvs 0x697372,1
svcpl 0x5f006e,1
"cmnvs r5, 0x670",1
svcpl 0x61765f,1
"ldrbtvc r6, [r3], -0x96c",1
"rsbvc r7, r5, 0, 12",1
"mcrvs p9, 3, r6, c15, c3, 3",1
"cmnvs r4, 0x17c00000",1
"rsbeq r7, r1, pc, asr r6",1
"rsbvc r5, r6, pc, asr pc",1
"strbtvc r6, [lr], -0x972",1
"stmdavs r3!, {r1, r2, r5, r6, r8, sb, sl, fp, ip, lr} ^",1
svcpl 0x5f006b,1
"strvc r7, [r0], -r1, rrx",1
"ldmdbvs r3!, {r0, r2, r5, r6, sb, ip, sp, lr} ^",1
"ldrbvs r6, [0x000115cd]     ; [0x115cd:4]=0x284080e",1
"cmpvs pc, r4, ror r3",1
"stmdbvs ip!, {r1, r4, r5, r6} ^",1
"ldrbvs r2, [r6, -0xf62]!",1
svcvs 0x697372,1
"strbtvc r2, [r5], -0xd6e",1
invalid,1
"rsbeq r2, r3, r6, ror 28",1
invalid,1
"rsbeq r6, r3, ip, ror 30",1
"ldrbvs r3, [r2, -0x278]!",1
svcvs 0x6c6c61,1
svcpl 0x5f0063,1
"rsbeq r7, r3, r3, ror r2",1
invalid,1
invalid,1
"rsbvs r6, sb, 0, 24",1
invalid,1
invalid,1
"stmdami r0, {r1, r2, r3, r5, r8, sb, sp, lr}",1
svcpl 0x455641,1
svcpl 0x554e47,1
"mcrrmi p1, 4, r4, ip, c3",1
"stcvs p3, c4, [r0, -0x13c]",1
"rsbvc r6, r3, r5, ror 26",1
"rsbslo r0, r8, 0x79",1
invalid,1
invalid,1
"ldrbtvc r7, [r3], -0x800",1
"rsbsvc r6, r5, r2, ror r4",1
"rsbvc r7, lr, 0, 16",1
"stclvs p1, c6, [ip], -0x194",1
"stmdavc r0, {r0, r1, r2, r3, r5, r6, r8, sb, sp, lr}",1
"stclvs p1, c6, [ip], -0x18c",1
"strmi r6, [r0], -0x36f",1
"strbpl r4, [r1, -0x645]",1
"ldclmi p4, c5, [0x0001239c]",1
"movtpl r4, 0x1658",1
"stmdbvs ip!, {r2, r4, r6} ^",1
"cmnvs r8, r2, ror 30",1
invalid,1
"strbvs r6, [sb, -0x42d]!",1
"strvs r6, [r0], -lr, lsr 6",1
invalid,1
invalid,1
"andvc r6, r0, 0x6900",1
"usub16vs r6, pc, r0",1
invalid,1
"stmdbvs ip!, {r0, r2, r5, r6} ^",1
"stclvs p15, c2, [r3], -0x188",1
"stclhs p3, c7, [r5, -0x1bc]!",1
"ldrbvs r7, [r2, -0x473]!",1
invalid,1
"rsbvc r6, r5, 0, 12",1
svcpl 0x726f72,1
svcvs 0x6c6e75,1
"strbtvs r6, [r5], -0xb63",1
"ldrbvs r7, [r2, -0]!",1
invalid,1
"movwvc r6, 0xc69",1
svcpl 0x656d6f,1
"strbtvs r6, [lr], -0x570",1
"rsbeq r6, r7, sb, ror 28",1
"rsbvc r5, r6, pc, asr pc",1
"stmdbvs r4!, {r0, r2, r5, r6, sb, sl, fp, sp, lr} ^",1
svcpl 0x676e,1
"ldrbpl r4, [pc], -0xc4e     ; [0x12544:4]=0x454e4f48",1
"subpl r4, r5, r5, asr 24",1
"strbmi r4, [lr, -0xf48]",1
"mcrrmi p4, 5, r5, r5, c15",1
"strbpl r4, [lr], -0x95f",1
"strbpl r4, [sp], -0x65f",1
"mcrrmi p15, 0, r5, lr, c0",1
svcmi 0x4d575f,1
"eorslo r5, r1, lr, asr 30",1
"mcrrmi p15, 0, r5, lr, c0",1
svcmi 0x4d575f,1
"teqlo r1, lr, asr 30",1
"mcrrmi p15, 0, r5, lr, c0",1
svcmi 0x4d575f,1
"eorslo r5, r1, 0x138",1
"ldrbtvs r6, [r5], -r0, lsl 4",1
"mrcmi p0, 2, r0, c15, c2, 1",1
"ldmdbmi r4, {r2, r3, r6, r8, sb, sl, fp, ip, lr} ^",1
"ldrbmi r4, [pc], -sp, asr 10 ; [0x1258c:4]=0x4545575f",1
"ldrbpl r5, [r3], -0x249",1
"strbmi r5, [r5, -0x75f]",1
"stmdbpl r1, {r0, r1, r3, r6, sl, lr} ^",1
"mcrrmi p15, 0, r5, lr, c0",1
"mcrmi p13, 2, r4, c15, c15, 2",1
"subpl r5, r1, 0x45000000",1
svcmi 0x435f59,1
"subpl r5, r5, 0x4e00000",1
"mcrmi p9, 2, r4, c15, c3, 2",1
"strbpl r5, [r1], -0x25f",1
"cdpmi p0, 5, c0, c15, c5, 2",1
"strbmi r5, [sb], -0xf4c",1
"ldmdbmi r4, {r0, r2, r6, sb, sl, fp, lr} ^",1
invalid,1
"mcrmi p9, 2, r4, c15, c4, 2",1
"subspl r4, r0, pc, asr r1",1
invalid,1
"mcrmi p9, 2, r4, c15, c4, 2",1
"mcrrmi p15, 0, r5, lr, c0",1
"strbmi r4, [r4, -0x95f]",1
"strbmi r5, [sb], -lr, asr 8",1
"strbpl r4, [r1], -0x349",1
svcpl 0x4e4f49,1
"subeq r4, ip, r4, asr r5",1
svcpl 0x4c4e5f,1
"strbmi r4, [sp, -0x954]",1
"strbmi r4, [pc], -0x35f",1
"strbpl r5, [r5], -0x345",1
"ldmdbmi pc, {r8, sb, sl, fp, ip, lr} ^",1
"subspl r5, pc, lr, asr 8",1
"subpl r5, r5, pc, asr r3",1
svcpl 0x59425f,1
"movtmi r5, 0x1053",1
"cdpmi p0, 5, c0, c15, c5, 2",1
"strbpl r5, [r3], -0xf4c",1
svcpl 0x455059,1
"strbmi r4, [r4, -0xf43]",1
svcpl 0x544553,1
"strbmi r4, [sp, -0x14e]",1
"mcrrmi p15, 0, r5, lr, c0",1
"ldmdbpl r4, {r0, r1, r2, r3, r4, r6, r8, sb, lr} ^",1
"ldmdbmi pc, {r4, r6, r8, sl, lr} ^",1
"strbmi r4, [sb, -lr, asr 8]",1
"subslo r5, r3, 0x49000000",1
"subeq r4, r2, pc, asr sp",1
svcpl 0x4c4e5f,1
"stmdbpl r1, {r0, r1, r2, r4, r6, sl, lr} ^",1
svcpl 0x325f,1
"ldrbpl r4, [pc], -0xc4e     ; [0x12650:4]=0x5f415245",1
svcpl 0x454d49,1
svcpl 0x415245,1
"subspl r4, r4, 0x450",1
"subseq r4, r3, sb, asr 10",1
svcpl 0x4c4e5f,1
"stclmi p1, c4, [r2, -0x15c]",1
"cmplo pc, pc, asr 28",1
"mcrrmi p15, 0, r5, lr, c0",1
"submi r5, r1, 0x17c0000",1
svcpl 0x4e4f4d,1
"mrcmi p0, 2, r0, c15, c2, 1",1
"cmpmi r7, ip, asr 30",1
"cdpmi p13, 4, c4, c15, c2, 2",1
svcpl 0x335f,1
"ldrbpl r4, [pc, -lr, asr 24] ; [0x1268c:4]=0x345f4e",1
svcmi 0x4d4241,1
"eorseq r5, r4, lr, asr 30",1
svcpl 0x4c4e5f,1
"stclmi p1, c4, [r2, -0x15c]",1
"ldrblo r4, [0x00011851]     ; [0x11851:4]=0x69736e75",1
"mcrrmi p15, 0, r5, lr, c0",1
"submi r5, r1, 0x17c0000",1
svcpl 0x4e4f4d,1
"mrcmi p0, 2, r0, c15, c6, 1",1
"cmpmi r7, ip, asr 30",1
"cdpmi p13, 4, c4, c15, c2, 2",1
svcpl 0x375f,1
"ldrbpl r4, [pc, -lr, asr 24] ; [0x126c0:4]=0x385f4e",1
svcmi 0x4d4241,1
"eorseq r5, r8, lr, asr 30",1
svcpl 0x4c4e5f,1
"stclmi p1, c4, [r2, -0x15c]",1
"ldmdblo pc, {r0, r1, r2, r3, r6, sb, sl, fp, lr} ^",1
svcmi 0x485400,1
"subpl r5, r5, r5, asr r3",1
"mcrrmi p15, 0, r5, lr, c0",1
"mcrmi p13, 2, r4, c15, c15, 2",1
"subpl r5, r1, 0x45000000",1
"strbpl r5, [r4, -0xf59]",1
"cdpmi p15, 4, c5, c9, c15, 2",1
svcpl 0x505f54,1
"subspl r5, pc, r3, asr 6",1
"strbmi r4, [r3, -0x552]",1
"subseq r4, r3, r4, asr 10",1
svcpl 0x4c4e5f,1
"cdpmi p4, 4, c4, c5, c9, 2",1
"stmdbmi r6, {r2, r4, r6, r8, fp, lr} ^",1
"ldmdbmi r4, {r0, r1, r6, r8, lr} ^",1
"ldrbmi r4, [0x000118c5]     ; [0x118c5:4]=0x2d636269",1
"mcrrmi p1, 4, r4, sb, c13",1
svcpl 0x6c6e00,1
"stclvs p4, c7, [r5, -0x1a4]!",1
"mcrrmi p15, 0, r5, lr, c0",1
"ldclmi p14, c4, [r5, -0x17c]",1
svcpl 0x434c5f,1
"strbmi r4, [sp, -0x954]",1
"mcrrmi p15, 0, r5, lr, c0",1
"ldmdbpl r4, {r0, r1, r2, r3, r4, r6, r8, sb, lr} ^",1
"ldrbpl r4, [pc], -0x550     ; [0x1273c:4]=0x5f54494c",1
"movtpl r4, 0xe152",1
svcpl 0x54494c,1
"ldmdbmi pc, {r2, r4, r6, r8, sb, sl, fp, lr} ^",1
svcpl 0x5844,1
"ldclmi p12, c4, [0x00012618]",1
"strbpl r4, [r5], -0xe4f",1
svcpl 0x595241,1
"strbmi r4, [r4, -0xf43]",1
"subseq r4, r4, r3, asr r5",1
svcpl 0x4c4e5f,1
"qdaddmi r5, r7, r4",1
"usaxmi r4, pc, r4",1
svcpl 0x544d,1
"cmpmi pc, 0x4e00",1
invalid,1
invalid,1
"stmdami r7, {r0, r2, r6, r8, fp, lr} ^",1
"subeq r4, r2, r4, asr sp",1
svcpl 0x4c4e5f,1
"mcrrmi p15, 4, r4, ip, c3",1
svcpl 0x455441,1
"stmdbmi r4, {r0, r3, r6, sb, sl, fp, lr} ^",1
"strbpl r4, [r3], -0x552",1
svcpl 0x4357,1
"ldclmi p12, c4, [0x00012668]",1
"strbpl r4, [r5], -0xe4f",1
svcpl 0x595241,1
svcpl 0x4f5544,1
"movtpl r5, 0x3f4e",1
"ldrbmi r5, [r2, -0x5f]",1
"strbmi r4, [r4, -0x543]",1
"mrcmi p0, 2, r0, c15, c3, 2",1
"strbpl r5, [lr, -0xf4c]",1
"movtmi r5, 0xcf4d",1
"mcrrmi p3, 5, r4, pc, c15",1
"ldrbmi r4, [r4, -0x14c]",1
"mcrrmi p15, 0, r5, lr, c0",1
svcpl 0x44575f,1
"stclmi p15, c5, [r6, -0x150]",1
"mrcmi p0, 2, r0, c15, c4, 2",1
"ldrbmi r5, [r7], -0xf4c",1
"cmplo pc, r1, asr 18",1
"mcrrmi p15, 0, r5, lr, c0",1
"qdaddmi r5, pc, r4",1
"eorseq r5, r3, sb, asr pc",1
svcpl 0x4c4e5f,1
"stmdbpl r1, {r0, r1, r2, r4, r6, sl, lr} ^",1
svcpl 0x345f,1
"ldrbpl r4, [pc, -lr, asr 24] ; [0x12800:4]=0x4e5f0035",1
svcpl 0x594144,1
"mrcmi p0, 2, r0, c15, c5, 1",1
"ldrbmi r5, [r7], -0xf4c",1
"ldrblo r5, [pc], -r1, asr 18 ; [0x12810:4]=0x4144575f",1
"mcrrmi p15, 0, r5, lr, c0",1
"qdaddmi r5, pc, r4",1
"eorseq r5, r7, sb, asr pc",1
svcpl 0x4c4e5f,1
"subspl r5, sb, r3, asr 8",1
"subspl r5, r4, 0x114",1
"mrrcmi p14, 4, r4, r3, c1",1
"ldrbmi r5, [pc], -0x449     ; [0x12830:4]=0x4d5f544c",1
"strbpl r4, [r1, -0x645]",1
"ldclmi p4, c5, [0x00012708]",1
"ldmdbmi r3, {r0, r3, r6, r8, sb, ip, lr} ^",1
svcpl 0x474e,1
"cmpmi pc, 0x4e00",1
"ldrbmi r5, [r0, -0x954]",1
"ldrbpl r4, [r5], -0xf5f",1
"stmdbmi r7, {r2, r6, r8, fp, lr} ^",1
invalid,1
"cdpmi p0, 5, c0, c15, c3, 2",1
"cmpmi r0, ip, asr 30",1
svcpl 0x524550,1
"strbpl r4, [r4], -0x957",1
svcpl 0x5f0048,1
"ldmdavs r4!, {r4, r5, r6, r8, sp, lr} ^",1
"mcrrmi p15, 0, r5, lr, c0",1
"qdaddmi r4, pc, r5",1
"ldrbmi r5, [r2, -0x553]",1
"strbpl r4, [lr], -0x54d",1
"strbmi r4, [pc], -0x35f",1
"strbpl r5, [r5], -0x345",1
"mcrrmi p15, 0, r5, lr, c0",1
"ldmdbpl r4, {r0, r1, r2, r3, r4, r6, r8, sb, lr} ^",1
svcmi 0x5f4550,1
"stmdbmi r4, {r0, r2, r4, r6, sl, ip, lr} ^",1
"cmplo r4, 0x11c000",1
"subeq r5, r3, pc, asr r7",1
svcpl 0x746567,1
"rsbvc r6, r1, 0x630000",1
svcpl 0x746573,1
invalid,1
"rsbseq r6, r3, r3, ror r5",1
svcpl 0x4c4e5f,1
"strbmi r4, [sp, -0x954]",1
"subpl r4, sb, 0x5f00000",1
invalid,1
"strbmi r5, [fp], -0x24f",1
svcpl 0x5941,1
"cmpmi pc, 0x4e00",1
"ldrbmi r5, [r0, -0x954]",1
"ldrbpl r4, [r5], -0xf5f",1
"stmdbmi r7, {r2, r6, r8, fp, lr} ^",1
invalid,1
svcpl 0x5f0043,1
"stmdapl r5, {r1, r2, r3, r6, r8, sb, sl, fp, lr} ^",1
svcpl 0x5250,1
"cmpmi pc, 0x4e00",1
"ldrbmi r5, [r0, -0x954]",1
"ldrbpl r4, [r5], -0xf5f",1
"stmdbmi r7, {r2, r6, r8, fp, lr} ^",1
invalid,1
svcpl 0x5f0043,1
"ldmdbmi r3, {r1, r2, r3, r6, r8, sb, sl, fp, ip, lr} ^",1
"subspl r4, pc, r7, asr 28",1
"subeq r5, lr, pc, asr 6",1
svcpl 0x4c4e5f,1
"subspl r5, sb, r3, asr 8",1
"strbpl r5, [0x000119d3]",1
"smlsldmi r4, sb, r4, r4",1
svcpl 0x395449,1
svcpl 0x4357,1
"ldmdbmi pc, {r1, r2, r3, r6, sl, fp, lr} ^",1
"strbpl r4, [lr], -0x544",1
"movtmi r4, 0x9649",1
svcmi 0x495441,1
invalid,1
"mrcmi p0, 2, r0, c15, c8, 2",1
"ldmdbmi r4, {r2, r3, r6, r8, sb, sl, fp, ip, lr} ^",1
"cmpmi pc, 0x13400000",1
"ldrbmi r4, [pc], -0xc41     ; [0x12948:4]=0x4e4f4954",1
"movtmi r5, 0x5249",1
"mcrmi p9, 2, r4, c15, c4, 2",1
"mcrrmi p15, 0, r5, lr, c0",1
"mcrmi p13, 2, r4, c15, c15, 2",1
"subpl r5, r1, 0x45000000",1
"strbpl r5, [r4, -0xf59]",1
"cmpmi r6, pc, asr 30",1
svcpl 0x44494c,1
"stclmi p2, c5, [0x00012854]",1
"mcrrmi p15, 0, r5, lr, c0",1
"strbmi r4, [r4], -0x15f",1
"cmppl r3, 0x14800000",1
"mcrmi p12, 2, r4, c1, c15, 2",1
"stmdbmi ip, {r0, r1, r2, r6, r8, sb, sl, fp, ip, lr} ^",1
"cdpmi p0, 5, c0, c15, c2, 2",1
svcmi 0x435f4c,1
"strbpl r4, [r1], -0xc4c",1
"cmpmi r4, r5, asr 30",1
"strbpl r4, [r5, -r2, asr 24]",1
"cdpmi p0, 5, c0, c15, c3, 2",1
invalid,1
"cdpmi p5, 5, c4, c15, c13, 2",1
svcpl 0x454d41,1
svcpl 0x524d,1
"cdpmi p12, 5, c4, c15, c14, 2",1
svcpl 0x454d41,1
"strbmi r4, [sp, -0x14e]",1
"subseq r4, r3, pc, asr sp",1
svcpl 0x4c4e5f,1
"subspl r5, sb, r3, asr 8",1
"cdpmi p15, 4, c5, c9, c5, 2",1
"stmdbmi r7, {r2, r6, r8, fp, lr} ^",1
svcpl 0x305354,1
svcpl 0x4357,1
"cmpmi pc, 0x4e00",1
"ldrbmi r5, [r0, -0x954]",1
"strbmi r4, [lr], -0x95f",1
"strbpl r4, [sb], -0x749",1
invalid,1
svcpl 0x5f0043,1
svcvs 0x6c6675,1
invalid,1
"strbtvs r6, [lr], -r3, ror 2",1
"mcrrmi p15, 0, r5, lr, c0",1
"ldclmi p14, c4, [r5, -0x17c]",1
svcpl 0x434c5f,1
"cmppl r3, 0x13400000",1
"movtpl r4, 0x5741",1
"mcrrmi p15, 0, r5, lr, c0",1
"ldmdbpl r4, {r0, r1, r2, r3, r4, r6, r8, sb, lr} ^",1
"ldmdbmi pc, {r4, r6, r8, sl, lr} ^",1
"strbmi r4, [sb, -lr, asr 8]",1
"ldrblo r5, [r3], -0x449",1
"subeq r5, r3, pc, asr r7",1
svcpl 0x4c4e5f,1
"subspl r5, sb, r3, asr 8",1
"stmdapl r5, {r0, r2, r6, r8, sb, sl, fp, ip, lr} ^",1
svcpl 0x415254,1
svcpl 0x50414d,1
svcpl 0x3131,1
"cmpmi pc, 0x4e00",1
"ldrbmi r5, [r0, -0x954]",1
"cmpmi r2, pc, asr r4",1
"stmdbmi ip, {r1, r2, r3, r6, r8, sb, ip, lr} ^",1
"strbmi r5, [r4, -0xf54]",1
"mrrcmi p1, 4, r4, r5, c6",1
"stmdbmi sp, {r2, r4, r6, r8, sb, sl, fp, ip, lr} ^",1
"mcrmi p3, 2, r5, c9, c3, 2",1
"strbmi r5, [ip, -0xf47]",1
"cdpmi p0, 5, c0, c15, c14, 2",1
"strbpl r5, [r3], -0xf4c",1
svcpl 0x455059,1
"mcrmi p2, 2, r5, c1, c4, 2",1
"strbpl r4, [sb], -0xc53",1
svcpl 0x4f545f,1
"subeq r4, ip, r4, asr r2",1
svcpl 0x4c4e5f,1
"subspl r5, sb, r3, asr 8",1
"stmdapl r5, {r0, r2, r6, r8, sb, sl, fp, ip, lr} ^",1
svcpl 0x415254,1
svcpl 0x50414d,1
svcpl 0x3431,1
"cmpmi pc, 0x4e00",1
"ldrbmi r5, [r0, -0x954]",1
"strbmi r4, [lr], -0x95f",1
"strbpl r4, [sb], -0x749",1
invalid,1
"cdpmi p0, 5, c0, c15, c3, 2",1
"strbpl r5, [r3], -0xf4c",1
svcpl 0x455059,1
"subspl r4, r5, r4, asr pc",1
"cmplo r2, 80, 10            ; 0x50",1
"mrcmi p0, 2, r0, c15, c2, 1",1
"ldmdbmi r4, {r2, r3, r6, r8, sb, sl, fp, ip, lr} ^",1
"ldrbmi r4, [0x00012577]     ; [0x12577:4]=0x75620032",1
"mrcmi p1, 2, r4, c15, c2, 2",1
"ldrbmi r4, [0x00011d77]     ; [0x11d77:4]=0x534554",1
"ldmdbmi r2, {r1, r2, r3, r6, sl, ip, lr} ^",1
svcpl 0x5345,1
"cmpmi pc, 0x4e00",1
"ldrbmi r5, [r0, -0x954]",1
"strbmi r4, [lr], -0x95f",1
"strbpl r4, [sb], -0x749",1
invalid,1
svcpl 0x5f0043,1
svcpl 0x4e4f4d,1
"stmdbmi r3, {r2, r6, r8, sl, lr} ^",1
svcpl 0x4c414d,1
"mcrmi p15, 2, r4, c9, c0, 2",1
"mrcmi p0, 2, r0, c15, c4, 2",1
svcmi 0x4d5f4c,1
"cmpmi r4, lr, asr 10",1
"ldrbmi r5, [pc], -0x952     ; [0x12b0c:4]=0x5f53435f",1
"subspl r4, pc, r5, asr pc",1
svcpl 0x53435f,1
"movtmi r5, 0x5250",1
"movtpl r4, 0x5445",1
"cdpmi p15, 5, c5, c15, c0, 0",1
"subpl r5, r5, pc, asr r3",1
svcpl 0x59425f,1
"movtmi r5, 0x1053",1
"cdpmi p0, 5, c0, c15, c5, 2",1
"strbpl r5, [lr, -0xf4c]",1
"movtmi r5, 0xcf4d",1
"ldmdbpl r4, {r0, r1, r2, r3, r4, r6, r8, sb, lr} ^",1
svcpl 0x4550,1
"cdpmi p12, 5, c4, c15, c14, 2",1
"mrrcmi p13, 5, r4, pc, c5",1
"ldrbmi r5, [r4, -0xf43]",1
"ldmdami r0, {r2, r3, r6, r8, sl, lr} ^",1
"subeq r4, r5, pc, asr 28",1
svcpl 0x4c4e5f,1
"strbmi r4, [sp, -0x14e]",1
"strbmi r4, [pc], -0x35f",1
"strbpl r5, [r5], -0x345",1
"mcrrmi p15, 0, r5, lr, c0",1
"mcrmi p13, 2, r4, c15, c15, 2",1
"subpl r5, r1, 0x45000000",1
"strbpl r5, [r4, -0xf59]",1
"cdpmi p15, 4, c5, c9, c15, 2",1
svcpl 0x4e5f54,1
"subspl r5, pc, r3, asr 6",1
"strbmi r4, [r3, -0x552]",1
"subseq r4, r3, r4, asr 10",1
svcpl 0x4c4e5f,1
"subspl r5, sb, r3, asr 8",1
"strbpl r5, [0x00011c4f]",1
"smlsldmi r4, sb, r4, r4",1
svcpl 0x305449,1
svcpl 0x424d,1
"cmpmi pc, 0x4e00",1
invalid,1
"subspl r4, pc, 84, 10",1
"movtpl r4, 0x5c55",1
"subseq r5, r3, r5, asr 8",1
svcpl 0x4c4e5f,1
"subspl r5, sb, r3, asr 8",1
"strbpl r5, [0x00011c7b]",1
"smlsldmi r4, sb, r4, r4",1
svcpl 0x325449,1
svcpl 0x424d,1
"ldrbpl r4, [pc, -lr, asr 24] ; [0x12bd0:4]=0x6c6e0035",1
svcpl 0x4e4f4d,1
"stclvs p0, c0, [lr], -0xd4",1
"mcrvs p12, 3, r6, c1, c15, 2",1
"strbtvs r6, [lr], -r7, ror 18",1
"cdpmi p0, 5, c0, c15, c15, 3",1
"ldclmi p15, c5, [r7, -0x130]",1
"ldrblo r4, [pc], -pc, asr 28 ; [0x12bec:4]=0x4f4d575f",1
"mcrrmi p15, 0, r5, lr, c0",1
svcmi 0x4d575f,1
"eorseq r5, r7, lr, asr 30",1
svcpl 0x4c4e5f,1
"mcrmi p13, 2, r4, c15, c7, 2",1
svcpl 0x385f,1
"ldrbpl r4, [pc, -lr, asr 24] ; [0x12c08:4]=0x4e5f0039",1
svcpl 0x4e4f4d,1
"mrcmi p0, 2, r0, c15, c9, 1",1
svcmi 0x435f4c,1
"strbpl r4, [r1], -0xc4c",1
"stmdapl r5, {r0, r2, r6, r8, sb, sl, fp, ip, lr} ^",1
"smlsldpl r5, r1, r4, r2",1
"cdpmi p0, 5, c0, c15, c3, 2",1
"strbpl r5, [r3], -0xf4c",1
svcpl 0x455059,1
"ldrbmi r5, [r4], -0x54f",1
"strbpl r4, [sb], -0x749",1
"submi r5, sp, 52, 30",1
"mcrrmi p15, 0, r5, lr, c0",1
"mcrmi p13, 2, r4, c15, c15, 2",1
"subpl r5, r1, 0x45000000",1
"strbpl r5, [r4, -0xf59]",1
"cdpmi p15, 4, c5, c9, c15, 2",1
svcpl 0x4e5f54,1
"mcrmi p9, 2, r4, c7, c3, 2",1
"movtpl r5, 0xf05f",1
"cdpmi p0, 5, c0, c15, c14, 2",1
"strbpl r5, [r3], -0xf4c",1
svcpl 0x455059,1
"mcrmi p2, 2, r5, c1, c4, 2",1
"strbpl r4, [sb], -0xc53",1
"submi r5, r1, 0x5f000000",1
bpl 0x12679f0,1
"cdpmi p0, 5, c0, c15, c5, 2",1
"strbpl r5, [r3], -0xf4c",1
svcpl 0x455059,1
"ldrbmi r5, [r4], -0x54f",1
"strbpl r4, [sb], -0x749",1
"submi r5, sp, 54, 30",1
"mcrrmi p15, 0, r5, lr, c0",1
"subpl r5, r5, 0x17c0000",1
svcpl 0x545f41,1
"subseq r4, r4, r6, asr 26",1
svcpl 0x4c4e5f,1
"strbmi r4, [lr, -0xf4d]",1
"ldmdbpl r2, {r2, r4, r6, r8, lr} ^",1
"mrcmi p3, 2, r4, c2, c15, 2",1
"ldrbpl r5, [r3], -0x943",1
"mrcmi p0, 2, r0, c15, c2, 2",1
"strbpl r5, [r3], -0xf4c",1
svcpl 0x455059,1
"ldrbmi r5, [r4], -0x54f",1
"strbpl r4, [sb], -0x749",1
"submi r5, sp, 56, 30",1
"mcrrmi p15, 0, r5, lr, c0",1
"mcrrmi p3, 5, r4, pc, c15",1
"ldrbmi r4, [r4, -0x14c]",1
"strbmi r4, [lr], -0x95f",1
"movtmi r5, 0x5249",1
"subeq r4, r2, r4, asr sp",1
svcpl 0x4c4e5f,1
"strbmi r4, [sp, -0x14e]",1
"stclmi p14, c4, [r1, -0x17c]",1
"strbmi r5, [r7, -0xf45]",1
"cdpmi p0, 5, c0, c15, c14, 2",1
"strbpl r5, [r3], -0xf4c",1
svcpl 0x455059,1
"mcrmi p2, 2, r5, c1, c4, 2",1
"strbpl r4, [sb], -0xc53",1
"mcrmi p9, 2, r4, c7, c15, 2",1
svcpl 0x45524f,1
"subeq r4, lr, ip, asr 10",1
svcpl 0x4c4e5f,1
"strbmi r5, [sp, -0x54e]",1
svcpl 0x434952,1
"stmdbmi r3, {r2, r6, r8, sl, lr} ^",1
svcpl 0x4c414d,1
"mcrmi p15, 2, r4, c9, c0, 2",1
"cmpmi r7, 84, 30            ; 0x54",1
svcvs 0x646600,1
"rsbeq r6, lr, r0, ror r5",1
svcpl 0x4c4e5f,1
"subspl r5, sb, r3, asr 8",1
invalid,1
invalid,1
"strbpl r5, [r5], -0x346",1
"mcrrmi p15, 0, r5, lr, c0",1
"strbmi r4, [r4, -0x95f]",1
"strbmi r5, [sb], -lr, asr 8",1
"strbpl r4, [r1], -0x349",1
svcpl 0x4e4f49,1
"strbmi r4, [r4, -0xf43]",1
"subseq r4, r4, r3, asr r5",1
svcpl 0x4c4e5f,1
"subspl r5, sb, r3, asr 8",1
"mcrrmi p15, 4, r5, r3, c5",1
"subseq r5, r3, r1, asr 6",1
svcpl 0x4c4e5f,1
"cmpmi r2, r7, asr r5",1
"qdaddmi r5, pc, r5",1
"mrcmi p0, 2, r0, c15, c2, 2",1
"strbpl r5, [lr, -0xf4c]",1
"movtmi r5, 0xcf4d",1
"strbmi r4, [r4, -0x95f]",1
"strbmi r5, [sb], -lr, asr 8",1
"strbpl r4, [r1], -0x349",1
"subeq r4, lr, sb, asr 30",1
svcpl 0x4c4e5f,1
"strbmi r4, [lr, -0xf4d]",1
"ldmdbpl r2, {r2, r4, r6, r8, lr} ^",1
"movtmi r4, 0x545f",1
"mcrrmi p13, 4, r4, r1, c9",1
"stmdbmi pc, {r0, r1, r2, r3, r4, r6, ip, lr} ^",1
"ldrbpl r5, [pc, -lr, asr 8] ; [0x12db8:4]=0x554f4854",1
svcpl 0x5f0043,1
"strbpl r4, [0x0001256c]",1
"strbmi r4, [lr], -0x153",1
"ldrbmi r5, [r3, -0xf53]",1
"mrcmi p0, 2, r0, c15, c0, 2",1
"strbpl r5, [r3], -0xf4c",1
svcpl 0x455059,1
"movtpl r4, 0x1c43",1
"qdaddmi r5, r3, lr",1
"subseq r4, r3, sp, asr 10",1
svcpl 0x4c4e5f,1
"subspl r5, sb, r3, asr 8",1
"stmdapl r5, {r0, r2, r6, r8, sb, sl, fp, ip, lr} ^",1
svcpl 0x415254,1
svcpl 0x50414d,1
svcpl 0x3031,1
"ldrbpl r4, [pc], -0xc4e     ; [0x12dfc:4]=0x4b454557",1
svcpl 0x454d49,1
blmi 0x1164360,1
"ldrbpl r3, [r3], -0x15f",1
"subseq r4, sb, r4, asr 2",1
svcpl 0x4c4e5f,1
"subspl r5, sb, r3, asr 8",1
"stmdapl r5, {r0, r2, r6, r8, sb, sl, fp, ip, lr} ^",1
svcpl 0x415254,1
svcpl 0x50414d,1
svcpl 0x3231,1
"cmpmi pc, 0x4e00",1
"ldrbmi r5, [r0, -0x954]",1
"ldrbpl r4, [r8], -0x55f",1
"ldclmi p1, c4, [0x00012cec]",1
"cmplo pc, r1, asr 32",1
"mrcmi p0, 2, r0, c15, c3, 1",1
"strbpl r5, [r3], -0xf4c",1
svcpl 0x455059,1
"mcrmi p2, 2, r5, c1, c4, 2",1
"strbpl r4, [sb], -0xc53",1
svcmi 0x52465f,1
"strbmi r5, [sb], -0xf4d",1
"mrcmi p0, 2, r0, c15, c8, 2",1
"strbpl r5, [r3], -0xf4c",1
svcpl 0x455059,1
"stmdbmi r4, {r0, r3, r6, sb, sl, fp, lr} ^",1
"cmppl r4, 0x11c000",1
"submi r5, sp, 49, 30",1
"mcrrmi p15, 0, r5, lr, c0",1
svcpl 0x54575f,1
"subseq r4, r4, r6, asr 26",1
svcpl 0x4c4e5f,1
"cdpmi p4, 4, c4, c5, c9, 2",1
"stmdbmi r6, {r2, r4, r6, r8, fp, lr} ^",1
"ldmdbmi r4, {r0, r1, r6, r8, lr} ^",1
"cmpmi pc, pc, asr 28",1
"ldrbmi r4, [r2, -0x444]",1
svcpl 0x5353,1
"cmpmi pc, 0x4e00",1
"ldrbmi r5, [r0, -0x954]",1
"subpl r4, r1, pc, asr r7",1
"mrcmi p0, 2, r0, c15, c1, 1",1
"strbpl r5, [r3], -0xf4c",1
svcpl 0x455059,1
"subslo r4, r0, 0xc0000011",1
"mcrrmi p15, 0, r5, lr, c0",1
"ldmdbpl r4, {r0, r1, r2, r3, r4, r6, r8, sb, lr} ^",1
invalid,1
"eorseq r5, r3, r1, asr 32",1
svcpl 0x4c4e5f,1
"subspl r5, sb, r3, asr 8",1
invalid,1
svcpl 0x3450,1
"cmpmi pc, 0x4e00",1
"ldrbmi r5, [r0, -0x954]",1
"subpl r4, r1, pc, asr r7",1
"mrcmi p0, 2, r0, c15, c5, 1",1
"strbpl r5, [r3], -0xf4c",1
svcpl 0x455059,1
"ldrblo r4, [r0], -r7, asr 2",1
"mcrrmi p15, 0, r5, lr, c0",1
"ldmdbpl r4, {r0, r1, r2, r3, r4, r6, r8, sb, lr} ^",1
"ldmdbmi pc, {r4, r6, r8, sl, lr} ^",1
"strbmi r4, [sb, -lr, asr 8]",1
"cmplo r3, 0x49000000",1
"subeq r4, r2, pc, asr sp",1
svcpl 0x4c4e5f,1
svcpl 0x4d5057,1
"subseq r5, r2, r3, asr r4",1
svcpl 0x4c4e5f,1
"cdpmi p4, 4, c4, c5, c9, 2",1
"stmdbmi r6, {r2, r4, r6, r8, fp, lr} ^",1
"ldmdbmi r4, {r0, r1, r6, r8, lr} ^",1
"cmpmi pc, 0x4f0",1
"strbmi r5, [r5, -r1, asr 8]",1
"subseq r5, sb, pc, asr 4",1
svcpl 0x4c4e5f,1
"subspl r5, sb, r3, asr 8",1
svcmi 0x4e5f45,1
"cmpmi r3, 0x80000013",1
"cmpmi pc, 0x124000",1
"subeq r5, r5, r1, asr 6",1
svcpl 0x4c4e5f,1
"strbmi r4, [sp, -0x14e]",1
"stclmi p14, c4, [r1, -0x17c]",1
"stclmi p15, c5, [r6, -0x114]",1
"mrcmi p0, 2, r0, c15, c4, 2",1
"strbpl r5, [r3], -0xf4c",1
svcpl 0x455059,1
"subspl r4, r5, r4, asr pc",1
"subseq r4, r2, r0, asr r5",1
svcpl 0x4c4e5f,1
"subspl r5, sb, r3, asr 8",1
"cdpmi p15, 4, c5, c9, c5, 2",1
"stmdbmi r7, {r2, r6, r8, fp, lr} ^",1
svcpl 0x355354,1
invalid,1
"stcvs p2, c6, [pc], -0x1a4",1
"stclvs p3, c6, [r1], -0x1bc",1
"rsbvc r6, r1, 0x630000",1
"mrchs p5, 3, r6, c4, c3, 3",1
"strbvs r0, [r7, -0x63]!",1
"uqsub16vc r6, lr, r4",1
"mcrrmi p15, 0, r5, lr, c0",1
"ldmdbpl r4, {r0, r1, r2, r3, r4, r6, r8, sb, lr} ^",1
"ldmdbmi pc, {r4, r6, r8, sl, lr} ^",1
"strbmi r4, [sb, -lr, asr 8]",1
"ldrblo r5, [r3, -sb, asr 8]",1
"subeq r4, r2, pc, asr sp",1
svcpl 0x4c4e5f,1
"strbmi r4, [r2], -0x157",1
"subslo r5, pc, 0x104000",1
"mcrrmi p15, 0, r5, lr, c0",1
"ldmdbpl r4, {r0, r1, r2, r3, r4, r6, r8, sb, lr} ^",1
"ldmdbmi pc, {r4, r6, r8, sl, lr} ^",1
"strbmi r4, [sb, -lr, asr 8]",1
"ldmdblo r3, {r0, r3, r6, sl, ip, lr} ^",1
"subeq r4, r2, pc, asr sp",1
svcpl 0x736572,1
"ldrbvs r6, [sl, -0x973]!",1
"mcrrmi p15, 0, r5, lr, c0",1
"mcrmi p13, 2, r4, c15, c15, 2",1
"subpl r5, r1, 0x45000000",1
"strbpl r5, [r4, -0xf59]",1
"cdpmi p15, 4, c5, c9, c15, 2",1
"strbpl r5, [r3, -0xf54]",1
"cmppl pc, 0x20000005",1
svcmi 0x424d59,1
"cdpmi p0, 5, c0, c15, c12, 2",1
svcmi 0x435f4c,1
"strbpl r4, [r1], -0xc4c",1
"ldrbmi r5, [r7, -0xf45]",1
"strbpl r4, [r8], -0x749",1
svcpl 0x4357,1
"cmpmi pc, 0x4e00",1
invalid,1
invalid,1
"eorseq r5, r1, r1, asr 32",1
svcpl 0x4c4e5f,1
"mcrrmi p15, 4, r4, ip, c3",1
svcpl 0x455441,1
"subslo r4, r0, 0xc0000011",1
"mcrrmi p15, 0, r5, lr, c0",1
"mcrrmi p3, 5, r4, pc, c15",1
"ldrbmi r4, [r4, -0x14c]",1
"subpl r4, r1, pc, asr r7",1
svcpl 0x5f0033,1
"ldmdbmi r3, {r4, r6, r8, sb, sl, fp, ip, lr} ^",1
"subspl r4, pc, r7, asr 28",1
"subeq r5, lr, pc, asr 6",1
svcpl 0x4c4e5f,1
svcpl 0x4d554e,1
"cdpmi p3, 5, c4, c15, c12, 2",1
"subeq r4, r5, r1, asr 26",1
"rsbvc r5, pc, pc, asr pc",1
"cmpvs pc, r5, ror 28",1
invalid,1
"mcrrmi p15, 0, r5, lr, c0",1
"mcrrmi p3, 5, r4, pc, c15",1
"ldrbmi r4, [r4, -0x14c]",1
"mcrrmi p3, 5, r4, pc, c15",1
invalid,1
svcpl 0x424d,1
"ldclmi p12, c4, [0x00012f54]",1
"strbpl r4, [r5], -0xe4f",1
svcpl 0x595241,1
svcpl 0x4f4e55,1
"stmdbmi ip, {r1, r2, r4, r6, r8, lr} ^",1
"subpl r5, r6, 68, 30",1
svcpl 0x4d4f,1
"ldclmi p12, c4, [0x00012f70]",1
"strbpl r4, [r5], -0xe4f",1
svcpl 0x595241,1
svcpl 0x4f5544,1
svcpl 0x544e49,1
"movtmi r5, 0x1246",1
"smlsldmi r4, sb, pc, r4",1
"subseq r5, r3, sb, asr 8",1
svcpl 0x4c4e5f,1
"mcrrmi p15, 4, r4, ip, c3",1
svcpl 0x455441,1
"mrrcmi p2, 4, r5, r5, c14",1
svcpl 0x5345,1
"ldrbpl r4, [pc], -0xc4e     ; [0x130dc:4]=0x454e4f48",1
"subpl r4, r5, r5, asr 24",1
"strbmi r4, [lr, -0xf48]",1
"mcrrmi p4, 5, r5, r5, c15",1
"stclmi p4, c4, [0x00012f70]",1
"strbpl r4, [sp], -0x65f",1
"ldmdbmi pc, {r8, sb, sl, fp, ip, lr} ^",1
"subspl r5, pc, lr, asr 8",1
svcpl 0x53435f,1
"movtmi r5, 0x5250",1
"movtpl r4, 0x5445",1
"mcrrmi p15, 0, r5, lr, c0",1
"strbmi r4, [r4, -0x95f]",1
"strbmi r5, [sb], -lr, asr 8",1
"strbpl r4, [r1], -0x349",1
svcpl 0x4e4f49,1
"ldmdbmi r6, {r1, r4, r6, r8, sl, lr} ^",1
"mcrmi p9, 2, r4, c15, c3, 2",1
"cdpmi p15, 5, c5, c15, c0, 0",1
"strbpl r4, [r1], -0x745",1
svcpl 0x455649,1
"mcrmi p9, 2, r4, c7, c3, 2",1
"mcrrmi p15, 0, r5, lr, c0",1
"strbmi r4, [r4], -0x15f",1
"cmppl r3, 0x14800000",1
"strbpl r4, [0x00012de1]",1
"ldmdbpl r2, {r1, r2, r3, r6, sl, ip, lr} ^",1
"sublo r4, r2, 0xc0000017",1
"mcrrmi p15, 0, r5, lr, c0",1
"strbmi r4, [r4], -0x15f",1
"cmppl r3, 0x14800000",1
"strbpl r4, [0x00012df9]",1
"ldmdbpl r2, {r1, r2, r3, r6, sl, ip, lr} ^",1
"movtlo r4, 0x215f",1
"ldmdbmi pc, {r8, sb, sl, fp, ip, lr} ^",1
"cdpmi p4, 5, c5, c15, c14, 2",1
"smlsldmi r5, sb, pc, r3",1
svcmi 0x505f4e,1
svcpl 0x4e53,1
"cmpmi pc, 0x4e00",1
invalid,1
"cmppl pc, 84, 10            ; 0x54",1
svcpl 0x424d59,1
"mcrrmi p1, 5, r4, r2, c4",1
"subeq r4, r2, r5, asr 26",1
svcmi 0x4d5f5f,1
"subpl r5, r7, 0x138",1
"ldmdbmi r0, {r0, r1, r2, r3, r6, r8, sl, ip, lr} ^",1
svcpl 0x474e,1
"cmpmi pc, 0x4e00",1
"ldrbmi r5, [r0, -0x954]",1
svcpl 0x424d5f,1
svcpl 0x525543,1
"subseq r4, r8, sp, asr 2",1
svcpl 0x4c4e5f,1
svcpl 0x4d554e,1
"subspl r4, pc, ip, asr 6",1
"subpl r5, r5, 0x41",1
"mcrrmi p15, 0, r5, lr, c0",1
"stclmi p4, c5, [sb, -0x17c]",1
"ldrbmi r5, [r7, -0xf45]",1
"cmplo pc, r5, asr 22",1
"ldrbmi r5, [r7, -0x453]",1
svcpl 0x4b45,1
"strbpl r4, [lr], -0x95f",1
"cmppl pc, 0x5f0",1
"subsmi r5, pc, 0x45",1
"subspl r5, r3, sb, asr pc",1
"subeq r4, r5, r1, asr 6",1
svcpl 0x4c4e5f,1
"strbmi r4, [lr, -0xf4d]",1
"ldmdbpl r2, {r2, r4, r6, r8, lr} ^",1
svcmi 0x55445f,1
"strbpl r4, [lr], -0x95f",1
"cmppl pc, 0x5f",1
"subsmi r5, pc, 0x45",1
"subspl r5, r3, sb, asr pc",1
"subeq r4, r5, r1, asr 6",1
svcpl 0x646c6f,1
svcpl 0x736572,1
"rsbseq r7, r2, r0, ror r4",1
"subpl r5, r6, 0x17c",1
"ldrbmi r4, [pc], -0x341     ; [0x13224:4]=0x4e5f0053",1
"strbpl r4, [sb], -0x749",1
"mrcmi p0, 2, r0, c15, c3, 2",1
"strbpl r5, [lr, -0xf4c]",1
"ldmdbmi r2, {r0, r2, r3, r6, r8, sl, lr} ^",1
svcmi 0x435f43,1
"ldrbmi r4, [r3, -0x544]",1
"strbvc r0, [r2, -0x54]!",1
svcpl 0x3166,1
"cmpmi pc, 0x4e00",1
invalid,1
"cmppl pc, 84, 10            ; 0x54",1
svcpl 0x424d59,1
"ldmdami r3, {r3, r6, r8, lr} ^",1
bpl 0x1267fd8,1
"subeq r4, r2, r5, asr 26",1
svcpl 0x4c4e5f,1
"subspl r5, sb, r3, asr 8",1
"subspl r5, r4, 0x114",1
"mrrcmi p14, 4, r4, r3, c1",1
"ldrbmi r5, [pc], -sb, asr 8 ; [0x13274:4]=0x4c4254",1
svcpl 0x4d4f52,1
"subeq r4, ip, r4, asr r2",1
"mcrmi p15, 2, r5, c9, c15, 2",1
"strbpl r5, [r3, -0xf54]",1
"cmppl pc, 0x20000005",1
svcmi 0x424d59,1
"cdpmi p0, 5, c0, c15, c12, 2",1
"cmpmi r7, ip, asr 30",1
"ldrbpl r5, [r3], -0xf4d",1
"mrcmi p0, 2, r0, c15, c2, 2",1
"ldmdbmi r4, {r2, r3, r6, r8, sb, sl, fp, ip, lr} ^",1
"ldrbpl r4, [pc], -0x54d     ; [0x132a4:4]=0x454e4f",1
bpl 0x11667cc,1
"subeq r4, r5, pc, asr 28",1
svcpl 0x4c4e5f,1
"cmppl r3, 0x13400000",1
"movtpl r4, 0x5741",1
"strbmi r4, [pc], -0x35f",1
"strbpl r5, [r5], -0x345",1
"mcrrmi p15, 0, r5, lr, c0",1
"mcrrmi p7, 5, r5, r1, c15",1
"stmdbmi r4, {r2, r4, r6, r8, sb, sl, fp, ip, lr} ^",1
"cmppl r4, 0x11c000",1
"mcrrmi p15, 0, r5, lr, c0",1
"strbmi r4, [r4], -0x15f",1
"cmppl r3, 0x14800000",1
"strbpl r4, [0x00012f81]",1
"ldmdbpl r2, {r1, r2, r3, r6, sl, ip, lr} ^",1
"subsmi r4, r3, 0x17c000",1
"cdpmi p0, 5, c0, c15, c14, 2",1
invalid,1
"cdpmi p5, 5, c4, c15, c13, 2",1
svcpl 0x454d41,1
"cmppl r3, 0x134000",1
"ldrbmi r5, [0x00012400]     ; [0x12400:4]=0x63756e67",1
"ldmdbpl pc, {r1, r4, r6, r8, lr} ^",1
"subseq r4, r2, r5, asr 2",1
svcpl 0x4c4e5f,1
"mcrmi p13, 2, r4, c15, c7, 2",1
svcpl 0x315f,1
"ldrbpl r4, [pc, -lr, asr 24] ; [0x13318:4]=0x4e5f0032",1
svcpl 0x4e4f4d,1
"mrcmi p0, 2, r0, c15, c2, 1",1
"ldclmi p15, c5, [r7, -0x130]",1
"cmplo pc, 0x4f0",1
"mcrrmi p15, 0, r5, lr, c0",1
svcmi 0x4d575f,1
"eorseq r5, r4, lr, asr 30",1
svcmi 0x505f5f,1
"ldmdbmi r4, {r0, r1, r4, r6, r8, fp, lr} ^",1
"cmppl pc, 0x15800000",1
"subeq r4, lr, sb, asr 14",1
svcpl 0x4c4e5f,1
"subpl r4, r4, 0x41000000",1
svcpl 0x535345,1
"strbmi r4, [r4, -0xf43]",1
"subseq r4, r4, r3, asr r5",1
svcpl 0x4c4e5f,1
"ldrbmi r4, [r0, -0x150]",1
svcmi 0x435f52,1
"ldrbmi r4, [r3, -0x544]",1
"cmpmi r2, r4, asr r0",1
"cmpmi r8, 68, 18            ; 0x44",1
"subseq r4, r2, r8, asr 2",1
svcpl 0x4c4e5f,1
"strbmi r4, [lr, -0xf4d]",1
"ldmdbpl r2, {r2, r4, r6, r8, lr} ^",1
svcmi 0x55445f,1
"strbpl r4, [lr], -0x95f",1
"cmppl pc, 0x5f",1
svcpl 0x4e4749,1
"mrcmi p15, 2, r4, c3, c0, 2",1
"mcrrmi p15, 0, r5, lr, c0",1
"mcrrmi p3, 5, r4, pc, c15",1
"ldrbmi r4, [r4, -0x14c]",1
"ldclmi p3, c5, [sb, -0x17c]",1
"stmdapl r5, {r1, r6, r8, sb, sl, fp, ip, lr} ^",1
"stclmi p2, c5, [r1, -0x150]",1
svcpl 0x5f0042,1
svcpl 0x7066,1
"cdpmi p12, 5, c4, c15, c14, 2",1
"mrrcmi p13, 5, r4, pc, c5",1
"strbmi r5, [sp, -0xf43]",1
"subspl r5, r5, 0x4000001",1
"cdpmi p13, 4, c4, c5, c5, 2",1
"mrcmi p0, 2, r0, c15, c4, 2",1
svcmi 0x4d5f4c,1
"cmpmi r4, lr, asr 10",1
"ldrbmi r5, [pc], -0x952     ; [0x133d8:4]=0x45525255",1
"cmpmi pc, 0x154",1
"ldrbmi r5, [r2, -0x255]",1
svcpl 0x59434e,1
"submi r5, sp, 0x14c000",1
svcpl 0x4c4f,1
"ldrbpl r4, [pc, -lr, asr 24] ; [0x133f0:4]=0x315f59",1
invalid,1
"eorseq r5, r1, sb, asr pc",1
svcpl 0x4c4e5f,1
"strbmi r4, [r2], -0x157",1
"cmplo pc, 0x104000",1
"mcrrmi p15, 0, r5, lr, c0",1
"submi r5, r1, 0x17c0000",1
svcpl 0x594144,1
"mrcmi p0, 2, r0, c15, c4, 1",1
"cmpmi r7, ip, asr 30",1
"stmdbpl r1, {r1, r6, sl, lr} ^",1
svcpl 0x355f,1
"ldrbpl r4, [pc, -lr, asr 24] ; [0x13424:4]=0x365f59",1
invalid,1
"eorseq r5, r6, sb, asr pc",1
svcpl 0x4c4e5f,1
"strbmi r4, [r2], -0x157",1
"ldrblo r5, [pc, -r1, asr 18] ; [0x13438:4]=0x5954435f",1
"mcrrmi p15, 0, r5, lr, c0",1
"ldmdbpl r4, {r0, r1, r2, r3, r4, r6, r8, sb, lr} ^",1
svcmi 0x5f4550,1
"stmdbmi r4, {r0, r2, r4, r6, sl, ip, lr} ^",1
"subslo r4, r4, r7, asr 18",1
"subeq r5, r3, pc, asr r7",1
svcpl 0x726964,1
"rsbeq r6, lr, ip, ror 10",1
svcpl 0x4c4e5f,1
"subspl r5, sb, r3, asr 8",1
"strbpl r5, [0x0001251f]",1
"smlsldmi r4, sb, r4, r4",1
svcpl 0x325449,1
svcpl 0x4357,1
"cmpmi pc, 0x4e00",1
"ldrbmi r5, [r0, -0x954]",1
"subpl r4, r1, pc, asr sp",1
"stclmi p14, c4, [r1, -0x17c]",1
svcpl 0x5345,1
"cmpmi pc, 0x4e00",1
"ldrbmi r5, [r0, -0x954]",1
"strbmi r4, [lr], -0x95f",1
"strbpl r4, [sb], -0x749",1
"cmpmi r7, 0x14c",1
"mcrmi p12, 2, r4, c5, c15, 2",1
"mcrrmi p15, 0, r5, lr, c0",1
"ldclmi p14, c4, [r5, -0x17c]",1
"movtmi r5, 0x9245",1
svcmi 0x48545f,1
"mcrmi p3, 2, r5, c1, c5, 2",1
"cmppl pc, 68, 6             ; 0x44",1
"ldrbpl r5, [pc, -r5, asr 32] ; [0x134b8:4]=0x54435f4c",1
"cdpmi p0, 5, c0, c15, c3, 2",1
"strbpl r5, [r3], -0xf4c",1
svcpl 0x455059,1
"ldrbmi r5, [r4], -0x54f",1
"strbpl r4, [sb], -0x749",1
"cmpmi r7, 52, 30            ; 0x34",1
"mcrrmi p15, 0, r5, lr, c0",1
"strbmi r4, [r4, -0x95f]",1
"strbmi r5, [sb], -lr, asr 8",1
"strbpl r4, [r1], -0x349",1
svcpl 0x4e4f49,1
"stmdbmi r4, {r0, r6, r8, sl, ip, lr} ^",1
"strbmi r4, [r3, -0xe45]",1
"ldmdbpl pc, {r8, sb, sl, fp, ip, lr} ^",1
"ldrbpl r5, [r3], -0x345",1
"mrcmi p0, 2, r0, c15, c2, 2",1
"strbpl r5, [r3], -0xf4c",1
svcpl 0x455059,1
"ldrbmi r5, [r4], -0x54f",1
"strbpl r4, [sb], -0x749",1
"cmpmi r7, 54, 30            ; 0x36",1
"mcrrmi p15, 0, r5, lr, c0",1
"mcrrmi p3, 5, r4, pc, c15",1
"ldrbmi r4, [r4, -0x14c]",1
"strbmi r4, [pc], -0x35f",1
"strbpl r5, [r5], -0x345",1
"mcrrmi p15, 0, r5, lr, c0",1
"ldmdbpl r4, {r0, r1, r2, r3, r4, r6, r8, sb, lr} ^",1
"ldrbpl r4, [pc], -0x550     ; [0x1352c:4]=0x5f54494c",1
"movtpl r4, 0xe152",1
svcpl 0x54494c,1
svcmi 0x4e4749,1
svcpl 0x4552,1
"movtmi r4, 0x545f",1
"mcrrmi p13, 4, r4, r1, c9",1
"stmdbmi pc, {r0, r1, r2, r3, r4, r6, ip, lr} ^",1
svcpl 0x544e,1
"ldmdbmi pc, {r1, r2, r3, r6, sl, fp, lr} ^",1
"strbpl r4, [lr], -0x544",1
"movtmi r4, 0x9649",1
svcmi 0x495441,1
"ldmdbmi r4, {r1, r2, r3, r6, r8, sb, sl, fp, ip, lr} ^",1
"subeq r4, r5, r4, asr ip",1
svcpl 0x4c4e5f,1
"subspl r5, sb, r3, asr 8",1
"strbpl r5, [0x0001262b]",1
"smlsldmi r4, sb, r4, r4",1
svcpl 0x385449,1
svcpl 0x4357,1
"cmpmi pc, 0x4e00",1
"ldrbmi r5, [r0, -0x954]",1
"strbmi r4, [lr], -0x95f",1
"strbpl r4, [sb], -0x749",1
"ldclmi p6, c3, [0x00013444]",1
"cdpmi p0, 5, c0, c15, c2, 2",1
"strbpl r5, [r3], -0xf4c",1
svcpl 0x455059,1
"stmdbmi r4, {r0, r3, r6, sb, sl, fp, lr} ^",1
"cmppl r4, 0x11c000",1
svcpl 0x424d5f,1
"subeq r4, lr, ip, asr 10",1
svcpl 0x4c4e5f,1
"strbmi r4, [ip, -0x554]",1
"mcrmi p8, 2, r4, c15, c0, 2",1
"cdpmi p15, 4, c5, c9, c5, 2",1
"subspl r5, r0, 84, 30",1
"stmdapl sb, {r0, r2, r6, sb, sl, lr} ^",1
"mcrrmi p15, 0, r5, lr, c0",1
"mcrmi p13, 2, r4, c15, c15, 2",1
"subpl r5, r1, 0x45000000",1
"ldmdami r4, {r0, r3, r4, r6, r8, sb, sl, fp, ip, lr} ^",1
"cmpmi r3, pc, asr 10",1
svcpl 0x53444e,1
svcpl 0x504553,1
svcpl 0x4357,1
"ldrbpl r4, [pc, -lr, asr 24] ; [0x135e8:4]=0x30315f4e",1
svcmi 0x4d4241,1
"eorslo r5, r1, lr, asr 30",1
"mcrrmi p15, 0, r5, lr, c0",1
"submi r5, r1, 0x17c0000",1
svcpl 0x4e4f4d,1
svcpl 0x3131,1
"ldrbpl r4, [pc, -lr, asr 24] ; [0x13604:4]=0x32315f4e",1
svcmi 0x4d4241,1
"eorslo r5, r1, 0x138",1
"mcrrmi p15, 0, r5, lr, c0",1
"ldmdbpl r4, {r0, r1, r2, r3, r4, r6, r8, sb, lr} ^",1
"cmpmi pc, 80, 10            ; 0x50",1
"cmppl r3, 76, 2             ; 0x4c",1
svcpl 0x3233,1
"cmpmi pc, lr, asr 24",1
"ldrbmi r4, [r2, -0x444]",1
"subspl r5, pc, r3, asr r3",1
"cmpmi r4, pc, asr 6",1
"stclmi p15, c5, [r6, -0x130]",1
"mrcmi p0, 2, r0, c15, c4, 2",1
"strbmi r5, [sb], -0xf4c",1
"ldmdbmi r4, {r0, r2, r6, sb, sl, fp, lr} ^",1
invalid,1
"mcrmi p9, 2, r4, c15, c4, 2",1
"mcrmi p3, 2, r4, c15, c15, 2",1
"strbpl r4, [r3], -0x154",1
"mcrrmi p15, 0, r5, lr, c0",1
"mcrmi p13, 2, r4, c15, c15, 2",1
"subpl r5, r1, 0x45000000",1
"strbpl r5, [r4, -0xf59]",1
svcpl 0x4e5f4f,1
svcpl 0x504553,1
"cmppl pc, 0x108000",1
"strbmi r4, [r3, -0x150]",1
"mcrrmi p15, 0, r5, lr, c0",1
"mcrmi p13, 2, r4, c15, c15, 2",1
"subpl r5, r1, 0x45000000",1
"strbpl r5, [r4, -0xf59]",1
svcpl 0x4e5f4f,1
"mcrmi p9, 2, r4, c7, c3, 2",1
"movtpl r5, 0xf05f",1
"cdpmi p0, 5, c0, c15, c14, 2",1
"strbpl r5, [r3], -0xf4c",1
svcpl 0x455059,1
"strbpl r4, [r4], -0x957",1
svcpl 0x5f0048,1
svcpl 0x544e49,1
"ldmdbmi r3, {r4, r6, r8, sb, sl, fp, ip, lr} ^",1
"subspl r4, pc, r7, asr 28",1
"subeq r5, lr, pc, asr 6",1
svcpl 0x4c4e5f,1
svcpl 0x4d554e,1
"cdpmi p3, 5, c4, c15, c12, 2",1
"subpl r4, r5, 0x1540",1
svcpl 0x4349,1
"cmpmi pc, 0x4e00",1
"ldrbmi r5, [r0, -0x954]",1
"mcrrmi p4, 5, r5, pc, c15",1
"subpl r5, r5, 0x13c0000",1
"cmpmi pc, 0, 30",1
"ldrbmi r5, [r2, -0x255]",1
svcpl 0x59434e,1
"submi r5, sp, 0x14c000",1
svcpl 0x4c4f,1
"ldrbpl r4, [pc], -0xc4e     ; [0x136ec:4]=0x454e4f48",1
"subpl r4, r5, r5, asr 24",1
"strbmi r4, [lr, -0xf48]",1
"strbmi r4, [pc], -0x35f",1
"strbpl r5, [r5], -0x345",1
"mcrrmi p15, 0, r5, lr, c0",1
"ldmdbpl r4, {r0, r1, r2, r3, r4, r6, r8, sb, lr} ^",1
"ldmdbmi pc, {r4, r6, r8, sl, lr} ^",1
"strbmi r4, [sb, -lr, asr 8]",1
"cmplo r3, sb, asr 8",1
"subeq r5, r3, pc, asr r7",1
"mcrmi p15, 2, r5, c9, c15, 2",1
svcpl 0x4e5f54,1
"subspl r5, pc, r3, asr 6",1
"strbmi r4, [r3, -0x552]",1
"subseq r4, r3, r4, asr 10",1
svcpl 0x4c4e5f,1
"subspl r5, sb, r3, asr 8",1
"cdpmi p15, 4, c5, c9, c5, 2",1
"stmdbmi r7, {r2, r6, r8, fp, lr} ^",1
svcpl 0x335354,1
svcpl 0x4357,1
"cmpmi pc, lr, asr 24",1
"ldrbmi r4, [r2, -0x444]",1
"cmpmi pc, 0x4c000001",1
"strbpl r5, [lr], -0x54f",1
"mrcmi p9, 2, r5, c15, c2, 2",1
svcpl 0x4d55,1
"cmpmi pc, 0x4e00",1
"ldrbmi r5, [r0, -0x954]",1
"strbmi r4, [lr], -0x95f",1
"strbpl r4, [sb], -0x749",1
invalid,1
svcpl 0x5f0043,1
"ldrbmi r4, [r3, -0x559]",1
"subseq r5, r2, r8, asr r0",1
"cmnvs r4, 0x19c00000",1
"stclvs p5, c7, [lr], -0x17c",1
"strbvs r6, [fp, -0x36f]!",1
"cdpmi p0, 5, c0, c15, c4, 3",1
"strbpl r5, [r3], -0xf4c",1
svcpl 0x455059,1
"stmdbmi r4, {r0, r3, r6, sb, sl, fp, lr} ^",1
"cmppl r4, 0x11c000",1
"cmpmi r7, 55, 30            ; 0x37",1
"mcrrmi p15, 0, r5, lr, c0",1
"subpl r5, r5, 0x17c0000",1
svcpl 0x445f41,1
"stclmi p15, c5, [r6, -0x150]",1
"mrcmi p0, 2, r0, c15, c4, 2",1
"strbpl r5, [r3], -0xf4c",1
svcpl 0x455059,1
"stmdbmi r4, {r0, r3, r6, sb, sl, fp, lr} ^",1
"cmppl r4, 0x11c000",1
"cmpmi r7, 57, 30            ; 0x39",1
"strbtvs r6, [pc], -0x300",1
"strbtvc r7, [r5], -0x365",1
"mcrrmi p15, 0, r5, lr, c0",1
"ldmdbpl r4, {r0, r1, r2, r3, r4, r6, r8, sb, lr} ^",1
"ldrbpl r4, [pc], -0x550     ; [0x137d8:4]=0x32335245",1
"strbpl r4, [pc, -pc, asr 24]",1
"eorslo r5, r3, 0x50000004",1
"mcrrmi p15, 0, r5, lr, c0",1
"mcrrmi p3, 5, r4, pc, c15",1
"ldrbmi r4, [r4, -0x14c]",1
"mcrrmi p3, 5, r4, pc, c15",1
invalid,1
svcpl 0x4357,1
"cmpmi pc, 0x4e00",1
"ldrbmi r5, [r0, -0x954]",1
"ldrbpl r4, [r8], -0x55f",1
"ldclmi p1, c4, [0x000136c0]",1
"cmplo pc, r1, asr 32",1
"mcrrmi p15, 0, r5, lr, c0",1
"ldmdbpl r4, {r0, r1, r2, r3, r4, r6, r8, sb, lr} ^",1
"ldrbmi r4, [0x000132c8]     ; [0x132c8:4]=0x53544947",1
"cmpmi r2, r8, asr r4",1
"subpl r4, r1, pc, asr sp",1
svcpl 0x325f,1
"cmpmi pc, 0x4e00",1
"ldrbmi r5, [r0, -0x954]",1
"ldrbpl r4, [r8], -0x55f",1
"ldclmi p1, c4, [0x000136ec]",1
"cmplo pc, 0x41",1
"mcrrmi p15, 0, r5, lr, c0",1
"ldmdbpl r4, {r0, r1, r2, r3, r4, r6, r8, sb, lr} ^",1
"ldrbmi r4, [0x000132f4]     ; [0x132f4:4]=0x5353494d",1
"cmpmi r2, r8, asr r4",1
"subpl r4, r1, pc, asr sp",1
svcpl 0x345f,1
"cmpmi pc, 0x4e00",1
"ldrbmi r5, [r0, -0x954]",1
"ldrbpl r4, [r8], -0x55f",1
"ldclmi p1, c4, [0x00013718]",1
"ldrblo r5, [0x00013823]     ; [0x13823:4]=0x50595443",1
"mcrrmi p15, 0, r5, lr, c0",1
"ldmdbpl r4, {r0, r1, r2, r3, r4, r6, r8, sb, lr} ^",1
"ldrbmi r4, [0x00013320]     ; [0x13320:4]=0x335f4e4f",1
"cmpmi r2, r8, asr r4",1
"subpl r4, r1, pc, asr sp",1
svcpl 0x365f,1
"cmpmi pc, 0x4e00",1
"ldrbmi r5, [r0, -0x954]",1
"ldrbpl r4, [r8], -0x55f",1
"ldclmi p1, c4, [0x00013744]",1
"ldrblo r5, [pc, -r1, asr 32] ; [0x13890:4]=0x5954435f",1
"mcrrmi p15, 0, r5, lr, c0",1
"ldmdbpl r4, {r0, r1, r2, r3, r4, r6, r8, sb, lr} ^",1
"ldrbmi r4, [0x0001334c]     ; [0x1334c:4]=0x45444f43",1
"cmpmi r2, r8, asr r4",1
"subpl r4, r1, pc, asr sp",1
svcpl 0x385f,1
"cmpmi pc, 0x4e00",1
"ldrbmi r5, [r0, -0x954]",1
"ldrbpl r4, [r8], -0x55f",1
"ldclmi p1, c4, [0x00013770]",1
"ldmdblo pc, {r0, r6, ip, lr} ^",1
"mcrrmi p15, 0, r5, lr, c0",1
"ldmdbpl r4, {r0, r1, r2, r3, r4, r6, r8, sb, lr} ^",1
svcmi 0x5f4550,1
"stmdbmi r4, {r0, r2, r4, r6, sl, ip, lr} ^",1
"cmplo r4, r7, asr 18",1
"subeq r4, r2, pc, asr sp",1
svcpl 0x4c4e5f,1
"cmpmi r2, r7, asr r5",1
"usaxmi r4, pc, pc",1
svcpl 0x544d,1
"cmpmi pc, 0x4e00",1
"ldrbmi r5, [r0, -0x954]",1
"ldrbpl r4, [r5], -0xf5f",1
"stmdbmi r7, {r2, r6, r8, fp, lr} ^",1
"ldclmi p3, c3, [0x000137a8]",1
"cdpmi p0, 5, c0, c15, c2, 2",1
"strbmi r5, [r1], -0xf4c",1
"movtpl r5, 0x5244",1
svcmi 0x435f53,1
"subspl r4, r4, 0x550",1
"qdaddmi r5, sb, lr",1
svcpl 0x454d,1
"cmppl pc, 0x5f",1
"subsmi r5, pc, 0x45",1
"subspl r5, r3, sb, asr pc",1
"subeq r4, r5, r1, asr 6",1
svcpl 0x4c4e5f,1
"subspl r5, sb, r3, asr 8",1
"strbpl r5, [0x000129eb]",1
"smlsldmi r4, sb, r4, r4",1
svcpl 0x355449,1
svcpl 0x424d,1
"cmpmi pc, 0x4e00",1
"ldrbmi r5, [r0, -0x954]",1
"ldrbpl r4, [r5], -0xf5f",1
"stmdbmi r7, {r2, r6, r8, fp, lr} ^",1
"ldclmi p7, c3, [0x00013800]",1
svcpl 0x5f0042,1
"movtpl r5, 0x3f4e",1
"ldrbmi r5, [r2, -0x5f]",1
"strbmi r4, [r4, -0x543]",1
"mrcmi p0, 2, r0, c15, c3, 2",1
svcmi 0x4d5f4c,1
"cmpmi r4, lr, asr 10",1
"ldrbmi r5, [pc], -0x952     ; [0x13970:4]=0x5f434152",1
"usaxmi r4, pc, r5",1
svcpl 0x434152,1
"stmdbmi r7, {r2, r6, r8, fp, lr} ^",1
svcpl 0x5354,1
"cmpmi pc, 0x4e00",1
"ldrbmi r5, [r0, -0x954]",1
"ldrbpl r4, [r5], -0xf5f",1
"stmdbmi r7, {r2, r6, r8, fp, lr} ^",1
"ldclmi p9, c3, [0x00013844]",1
"cdpmi p0, 5, c0, c15, c2, 2",1
"strbpl r5, [r3], -0xf4c",1
svcpl 0x455059,1
"movtpl r4, 0x1c43",1
invalid,1
"strbpl r5, [r5], -0x346",1
"subsvs r5, pc, 0, 30",1
"strbtvc r6, [ip], -0x975",1
"cmpvc pc, 0x690",1
"rsbvc r7, r3, r4, ror r2",1
"mrcmi p0, 2, r0, c15, c9, 3",1
"strbmi r5, [r1], -0xf4c",1
"movtpl r5, 0x5244",1
svcmi 0x435f53,1
"subspl r4, r4, 0x550",1
svcmi 0x505f59,1
svcpl 0x5453,1
"cmpmi pc, lr, asr 24",1
"ldrbmi r4, [r2, -0x444]",1
"cmpmi pc, 0x4c000001",1
"strbpl r5, [lr], -0x54f",1
"cmpmi pc, 0x148000",1
svcpl 0x5241,1
"ldmdbmi pc, {r1, r2, r3, r6, sl, fp, lr} ^",1
"strbpl r4, [lr], -0x544",1
"movtmi r4, 0x9649",1
svcmi 0x495441,1
"ldrbmi r5, [r4, -0xf4e]",1
"strbpl r5, [sb], -0x252",1
"subseq r5, sb, pc, asr 4",1
svcpl 0x4c4e5f,1
"cdpmi p4, 4, c4, c5, c9, 2",1
"stmdbmi r6, {r2, r4, r6, r8, fp, lr} ^",1
"ldmdbmi r4, {r0, r1, r6, r8, lr} ^",1
"cmpmi pc, pc, asr 28",1
"ldrbmi r4, [r2, -0x242]",1
"strbpl r4, [r1], -0x956",1
"subeq r4, lr, sb, asr 30",1
svcpl 0x4c4e5f,1
"strbmi r4, [lr, -0xf4d]",1
"ldmdbpl r2, {r2, r4, r6, r8, lr} ^",1
svcmi 0x4e555f,1
"mcrrmi p6, 5, r5, r1, c15",1
"ldrbpl r4, [pc], -0x449     ; [0x13a44:4]=0x454d5f4c",1
"cdpmi p0, 5, c0, c15, c15, 2",1
"strbmi r5, [sp, -0xf4c]",1
"subspl r5, r5, 0x4000001",1
"cdpmi p13, 4, c4, c5, c5, 2",1
"strbmi r5, [sp, -0xf54]",1
"subspl r5, r5, 0x4000001",1
"cdpmi p13, 4, c4, c5, c5, 2",1
"mrcmi p0, 2, r0, c15, c4, 2",1
svcmi 0x435f4c,1
"strbpl r4, [r1], -0xc4c",1
"cmpmi r4, r5, asr 30",1
"stclmi p12, c4, [r5, -0x108]",1
"cdpmi p0, 5, c0, c15, c2, 2",1
"ldrbmi r5, [r7], -0xf4c",1
"strbpl r4, [sp], -0x65f",1
"strbtvs r6, [r4], -0x100",1
"qdsubvs r7, pc, ip",1
"strvc r6, [r0, -0x873]",1
"strbtvc r6, [r5], -0x76e",1
"cdpmi p0, 5, c0, c15, c3, 3",1
"strbpl r5, [r3], -0xf4c",1
svcpl 0x455059,1
"stmdbmi r4, {r0, r3, r6, sb, sl, fp, lr} ^",1
"cmppl r4, 0x11c000",1
"submi r5, sp, 48, 30",1
"ldmdbmi pc, {r8, sb, sl, fp, ip, lr} ^",1
"ldrbmi r5, [pc], -lr, asr 8 ; [0x13ab0:4]=0x49474944",1
svcpl 0x434152,1
"stmdbmi r7, {r2, r6, r8, fp, lr} ^",1
svcpl 0x5354,1
"ldclmi p12, c4, [0x00013988]",1
"strbpl r4, [r5], -0xe4f",1
svcpl 0x595241,1
svcpl 0x4f5544,1
"stmdbmi ip, {r1, r2, r4, r6, r8, lr} ^",1
svcmi 0x545f44,1
"mcrrmi p15, 0, r5, lr, c0",1
"ldmdbpl r4, {r0, r1, r2, r3, r4, r6, r8, sb, lr} ^",1
"ldmdbmi pc, {r4, r6, r8, sl, lr} ^",1
"strbmi r4, [sb, -lr, asr 8]",1
"ldrblo r5, [r3], -0x449",1
"subeq r4, r2, pc, asr sp",1
svcpl 0x4c4e5f,1
"subspl r5, sb, r3, asr 8",1
"cdpmi p15, 4, c5, c9, c5, 2",1
"stmdbmi r7, {r2, r6, r8, fp, lr} ^",1
svcpl 0x385354,1
svcpl 0x424d,1
"stclvs p15, c6, [r6], -0x17c",1
svcpl 0x6761,1
"ldrbpl r4, [pc, -lr, asr 24] ; [0x13b10:4]=0x4d415f54",1
"stclmi p15, c5, [r6, -0x150]",1
"stclmi p15, c5, [r1, -0x150]",1
svcpl 0x4d50,1
"ldmdbmi pc, {r1, r2, r3, r6, sl, fp, lr} ^",1
"strbpl r4, [lr], -0x544",1
"movtmi r4, 0x9649",1
svcmi 0x495441,1
svcmi 0x535f4e,1
"strbmi r5, [r3, -0x255]",1
"mcrrmi p15, 0, r5, lr, c0",1
"strbmi r4, [r4], -0x15f",1
"cmppl r3, 0x14800000",1
"mcrmi p12, 2, r4, c1, c15, 2",1
invalid,1
svcpl 0x454d,1
"cdpmi p12, 5, c4, c15, c14, 2",1
"mrrcmi p13, 5, r4, pc, c5",1
"strbmi r5, [r1], -0xf43",1
"movtpl r5, 0x5244",1
"mrcmi p0, 2, r0, c15, c3, 2",1
"strbmi r5, [r1], -0xf4c",1
"movtpl r5, 0x5244",1
"qdaddmi r5, r3, ip",1
"ldrbpl r4, [pc], -0x74e     ; [0x13b70:4]=0x5f4c4e5f",1
"subeq r5, sp, r5, asr 4",1
svcpl 0x4c4e5f,1
"subpl r4, r4, 0x41000000",1
svcpl 0x535345,1
"strbmi r4, [lr, -ip, asr 2]",1
"subeq r4, r2, pc, asr r1",1
svcpl 0x4c4e5f,1
"strbmi r4, [lr, -0xf4d]",1
"ldmdbpl r2, {r2, r4, r6, r8, lr} ^",1
svcmi 0x55445f,1
"strbpl r4, [lr], -0x95f",1
"cmppl pc, 0x5f0",1
"subsmi r5, pc, 0x45",1
"subspl r5, r3, sb, asr pc",1
"subeq r4, r5, r1, asr 6",1
svcpl 0x4c4e5f,1
"cdpmi p4, 4, c4, c5, c9, 2",1
"stmdbmi r6, {r2, r4, r6, r8, fp, lr} ^",1
"ldmdbmi r4, {r0, r1, r6, r8, lr} ^",1
"ldrbmi r4, [pc], -0xe4f     ; [0x13bc0:4]=0x5f4c4e5f",1
"subeq r5, r5, r1, asr 8",1
svcpl 0x4c4e5f,1
"strbmi r4, [sp, -0x954]",1
"strbmi r5, [r5, -0x75f]",1
"strbmi r5, [lr], -0xf4b",1
"subseq r5, r3, r1, asr 18",1
"cdpvs p0, 6, c7, c5, c15, 3",1
svcpl 0x3436,1
"mcrmi p13, 2, r4, c15, c15, 2",1
svcmi 0x48545f,1
"mcrmi p3, 2, r5, c1, c5, 2",1
"cmppl pc, 68, 6             ; 0x44",1
svcpl 0x5045,1
"ldclmi p12, c4, [0x00013ac0]",1
"strbpl r4, [r5], -0xe4f",1
svcpl 0x595241,1
svcpl 0x4f5544,1
"ldmdbmi r3, {r4, r6, r8, sb, sl, fp, ip, lr} ^",1
"subspl r4, pc, r7, asr 28",1
"subeq r5, lr, pc, asr 6",1
svcpl 0x4c4e5f,1
"strbmi r4, [lr, -0xf4d]",1
"ldmdbpl r2, {r2, r4, r6, r8, lr} ^",1
svcmi 0x55445f,1
"cmppl pc, 0x5f",1
"subsmi r5, pc, 0x45",1
"subspl r5, r3, sb, asr pc",1
"subeq r4, r5, r1, asr 6",1
svcpl 0x4c4e5f,1
"strbmi r4, [sp, -0x14e]",1
"stclmi p14, c4, [r1, -0x17c]",1
"subpl r5, sp, 0x114",1
"mrcmi p0, 2, r0, c15, c3, 2",1
svcmi 0x435f4c,1
"strbpl r4, [r1], -0xc4c",1
"stmdapl r5, {r0, r2, r6, r8, sb, sl, fp, ip, lr} ^",1
"stclmi p2, c5, [r1, -0x150]",1
"cdpmi p0, 5, c0, c15, c2, 2",1
"strbpl r5, [r3], -0xf4c",1
svcpl 0x455059,1
svcpl 0x50414d,1
"mrcmi p15, 2, r4, c15, c4, 2",1
"movtpl r4, 0x1e4f",1
"subeq r4, sb, r3, asr 18",1
svcpl 0x4c4e5f,1
"strbmi r4, [ip, -0x554]",1
"mcrmi p8, 2, r4, c15, c0, 2",1
"cdpmi p15, 4, c5, c9, c5, 2",1
"ldrbmi r5, [r3, -0xf54]",1
"strbpl r4, [r3], -0x54c",1
"mcrrmi p15, 0, r5, lr, c0",1
"ldclmi p14, c4, [r5, -0x17c]",1
svcpl 0x434c5f,1
"strbmi r4, [lr, -0xf4d]",1
"ldmdbpl r2, {r2, r4, r6, r8, lr} ^",1
"subspl r5, pc, r0, lsl 30",1
svcpl 0x53435f,1
"movtmi r5, 0x5250",1
"movtpl r4, 0x5445",1
"cdpmi p15, 5, c5, c15, c0, 0",1
"subspl r5, r4, 0x3c000001",1
"mcrrmi p15, 0, r5, lr, c0",1
"subpl r5, r1, pc, asr r0",1
"ldmdami pc, {r0, r2, r6, sb, ip, lr} ^",1
"stmdami r7, {r0, r2, r6, r8, fp, lr} ^",1
"mrcmi p0, 2, r0, c15, c4, 2",1
"strbmi r5, [sb], -0xf4c",1
"ldmdbmi r4, {r0, r2, r6, sb, sl, fp, lr} ^",1
invalid,1
"mcrmi p9, 2, r4, c15, c4, 2",1
"mcrmi p12, 2, r4, c1, c15, 2",1
"strbmi r5, [r1, -r7, asr 10]",1
svcpl 0x5f0045,1
"strbpl r5, [0x00013aa1]",1
"smlsldmi r4, lr, r0, sb",1
"mcrrmi p15, 0, r5, lr, c0",1
"ldclmi p14, c4, [r5, -0x17c]",1
invalid,1
"rsbseq r6, r4, r5, ror ip",1
"rsbvc r5, r6, 0x17c",1
"stmdbvs r4!, {r0, r2, r5, r6, r8, sp, lr} ^",1
"andvc r6, r0, 0x1b80000",1
"usub16vs r6, pc, r0",1
"cmnvc r5, 0x6600",1
invalid,1
"rsbeq r6, fp, r5, ror 10",1
svchs 0x62696c,1
svcvs 0x6c6366,1
invalid,1
"ldrbvs r6, [r3, -0xc00]!",1
"ldrtlo r6, [r6], -0xb65",1
"strbtvc r7, [r1], -r0, lsl 6",1
"ldrbvs r6, [0x000138cf]     ; [0x138cf:4]=0x4c4e5f00",1
svcvs 0x6e7272,1
"rsbvs r6, sb, 0, 24",1
"stclvs p6, c6, [r6], -0xbc",1
"mcrhs p3, 3, r7, c8, c5, 3",1
"stclvs p0, c0, [r3], -0x18c",1
svcpl 0x726165,1
"strbvs r6, [r7, -0xe75]!",1
"subsvs r6, pc, 116, 6",1
"strbvs r6, [r6, -0x675]!",1
"rsbsvc r5, r0, 0x1c8",1
"rsbvc r7, r5, 0x94000001",1
invalid,1
invalid,1
svcvs 0x697469,1
"rsbsvc r0, r2, lr, rrx",1
invalid,1
svcvs 0x6b6565,1
"rsbvs r6, sb, 0, 24",1
"ldrbvs r6, [r3, -0x62f]!",1
"vnmulhs.f64 d22, d15, d21",1
"ldmdavs r7!, {r0, r1, r5, r6} ^",1
"strbvs r6, [r3, -0xe65]!",1
"ldrbvs r6, [r3, -0x600]!",1
"strbtlo r6, [pc], -r5, ror 22",1
"mcrvs p0, 3, r0, c5, c4, 1",1
svcpl 0x7076,1
"rsbvs r6, sb, 0x5f00",1
invalid,1
"mcrvs p15, 3, r5, c9, c5, 3",1
"strvs r7, [r0, -0x469]",1
"pushvs {r2, r3, r5, r6, sb, sl, sp, lr}",1
"cdphs p9, 7, c6, c4, c14, 3",1
svcpl 0x5f0063,1
"strbtvc r6, [sb], -0xe69",1
"rsbsvc r6, r2, 0xc0000017",1
"cmpvc pc, 0x184000",1
"ldrbtvc r6, [r2], -0x174",1
"ldmdbvs pc, {r8, sb, sl, fp, ip, lr} ^",1
svcpl 0x74696e,1
"cmnvs r2, r1, ror 4",1
"mcrvs p15, 3, r5, c5, c9, 3",1
svcpl 0x5f0064,1
invalid,1
"ldrbvc r6, [r3, -0x35f]!",1
"mcrvs p6, 3, r6, c9, c15, 2",1
svcpl 0x5f0069,1
svcpl 0x617863,1
"stmdavc r5!, {r0, r5, r6, sl, ip, sp, lr} ^",1
svcpl 0x7469,1
svcvs 0x73645f,1
"mcrvs p8, 3, r6, c1, c15, 2",1
"rsbeq r6, r5, r4, ror 24",1
"stclvs p8, c6, [0x00013d4c]!",1
"rsbvs r2, sl, 0x194",1
"strbvs r7, [fp, -0x275]!",1
svcvs 0x792f74,1
svchs 0x6f7463,1
"stclvs p5, c7, [sb], -0x188",1
"ldclvs p15, c2, [r4, -0x190]!",1
svcvs 0x772f70,1
invalid,1
invalid,1
"ldrbtvs r2, [r6], -r1, ror 26",1
"strbvs r2, [lr, -0xd70]!",1
"eorvc r6, sp, pc, ror 28",1
invalid,1
"strbvc r6, [lr, -0x96c]!",1
"mcrvs p13, 3, r2, c7, c8, 3",1
"rsbvs r6, r1, 0x1d400000",1
"strbvs r2, [r5, -sb, ror 30]!",1
invalid,1
invalid,1
"cmnlo r2, 0xdc0",1
"stclvs p5, c6, [r7], -0xbc",1
"stclhs p2, c6, [r3, -0x1a4]!",1
invalid,1
"rsbvs r6, sb, 0x2f00",1
"ldrbtvc r2, [r3], -0xf63",1
"rsbvs r6, sb, 100, 24",1
"ldrbvs r6, [r4, -0x100]!",1
"mrchs p9, 3, r6, c4, c8, 3",1
"strbvc r0, [r6, -0x63]!",1
"stmdage r0, {r1, r2, r3, r5, r6, r8, sb, sp, lr}",1
invalid,1
"andeq r0, r0, 0x8f",1
invalid,1
"strlo r0, [r0], -0x8f",1
"andeq r0, r0, 0x91",1
"andeq r7, r8, r0, lsl 26",1
"andeq r0, r0, r0",1
invalid,1
invalid,1
"smlabbeq r0, pc, r0, r0",1
svchi 0xbc5000,1
"teqls r4, r0",1
"andeq r0, r1, r0",1
"andeq r0, r0, r6, asr r0",1
"andeq r0, r0, r0",1
"addeq ip, pc, r0, lsl 24",1
"addeq sp, pc, r0",1
"andpl r0, r0, r0, lsl 2",1
"ldrdeq r8, sb, [r0], -r0",1
"ldrdeq r8, sb, [r0], -r7",1
"subseq r0, r1, r1",1
"andeq r0, r0, r0",1
"strmi r0, [r0], -0",1
"stmdami r0, {r4, r7}",1
"swpeq r0, r0, [r0]",1
"subls r5, r8, r0",1
"subls r0, fp, r0",1
"andeq r0, r1, r0",1
"andeq r0, r0, r1, asr r0",1
"andeq r0, r0, r0",1
"addseq r7, r0, r0, lsl 24",1
"addseq r8, r0, r0, lsl 30",1
"andpl r0, r0, r0, lsl 2",1
"andeq r0, r0, r0",1
"andeq r0, r0, r0",1
"andeq sb, r0, r4, rrx",1
"andeq sb, r0, ip, rrx",1
"mrrcvs p0, 0, r0, r0, c1",1
svcvs 0x90,1
"swpeq r0, r0, [r0]",1
"andeq r5, r0, r0, lsl 2",1
"andeq r0, r0, r0",1
"adcsls r0, ip, r0",1
"sbcls r0, r3, r0",1
"andeq r0, r1, r0",1
"addseq ip, r0, r1, asr r3",1
"addseq ip, r0, r0, lsl 8",1
"strpl r0, [r0, -0x100]",1
"andeq r0, r0, r0",1
"andeq r0, r0, r0",1
"andeq sb, r0, r8, ror 1",1
"andeq sb, r0, pc, ror 1",1
svc 0x510001,1
"strlo r0, [r0], -0x90",1
"swpeq r0, r1, [r0]",1
"andeq r5, r0, r0, lsl 10",1
"andeq r0, r0, r0",1
"ldchi p0, c0, [ip]",1
"stchi p0, c0, [r0, 0]!",1
"andeq r0, r2, r0",1
"stchi p0, c0, [r0, 0x1f4]!",1
"stchi p0, c0, [r8, 0]!",1
"andeq r0, r2, r0",1
"stchi p8, c0, [r8, 0x1f4]!",1
"cdphi p0, 7, c0, c4, c0, 0",1
"andeq r0, r2, r0",1
"andeq r1, r0, sp, ror r0",1
"andeq r0, r0, r0",1
"ldchi p0, c0, [ip]",1
"ldchi p0, c0, [r0, 0]!",1
"andeq r0, r1, r0",1
"addeq fp, sp, r0, asr r0",1
"addeq fp, sp, r0, lsl 16",1
"vshl.u8 d0, d0, d0",1
"ldmlt pc, {r0, ip, lr}",1
invalid,1
"smlabbeq r0, sp, r0, r0",1
"ldchi p0, c5, [ip, 0]!",1
"cdphi p0, 7, c0, c4, c0, 0",1
"andeq r0, r4, r0",1
svcls 0x5001f3,1
"andeq r0, r0, r0",1
"andeq r0, r0, r0",1
"muleq r0, ip, sp",1
"strheq r8, [r0], -r0",1
"subslt r0, r1, r1",1
"stmdalt r0, {r0, r2, r3, r7}",1
"streq r0, [r0], -0x8d",1
"mrspl pc, sp_irq",1
"umulleq fp, sp, pc, r8",1
"addeq fp, sp, r0, lsl 30",1
invalid,1
"strheq r8, [r0], -pc",1
"andeq r8, r0, ip, ror 27",1
"mrrc p0, 0, r0, r4, c1",1
"strvc r0, [r0], -0x8d",1
"streq r0, [r0], -0x8e",1
"mrspl pc, sp_irq",1
"muleq r0, pc, r0",1
"andeq r0, r0, r0",1
"addeq r0, lr, r0",1
"addeq r4, lr, r0",1
"stmdblo r0, {sb}",1
"muleq r0, pc, r0",1
"andeq r0, r0, r0",1
"andeq r2, r0, r0",1
"andeq r2, r0, r0, lsl 8",1
"stcvc p2, c0, [r0, -0]",1
"andeq r2, r0, r0, lsl 8",1
"andeq r2, r0, r0, lsl 24",1
"stcvc p2, c0, [r0, -0]",1
"andeq r2, r0, r0, lsl ip",1
"andeq r0, r1, r0, lsl 16",1
"stcvc p2, c0, [r0, -0]",1
"andeq r0, r0, r8, lsl r0",1
"andeq r0, r0, r0",1
"andeq sb, r0, r0",1
"andeq sb, r0, r0, lsl 22",1
"andpl r0, r0, r0, lsl 2",1
"muleq r0, fp, r0",1
"andeq r0, r0, r0, asr 1",1
"mrrcgt p0, 0, r0, r5, c1",1
svcgt 0,1
invalid,1
"sbceq r5, pc, r0",1
invalid,1
"andeq r0, r1, r0",1
"andeq r0, r0, r5, asr r0",1
"andeq r0, r0, r0",1
"andeq r0, r0, r0",1
"andeq r1, r0, r0",1
"andpl r0, r0, r0, lsl 2",1
"andeq r0, r0, r0, lsl r0",1
"andeq r0, r0, r8, asr r0",1
invalid,1
"andeq sb, r0, r0, asr pc",1
"andeq r0, r0, r0",1
"andeq r0, r0, r0",1
"eorseq r0, r0, r0",1
"andeq r0, r1, r0",1
"andeq r0, r0, r0, asr r0",1
"andeq r0, r0, r0",1
"andeq r2, r0, r0",1
"andeq r3, r0, r0",1
"andpl r0, r0, r0, lsl 2",1
"andeq r0, r0, r8, asr 32",1
"andeq r0, r0, ip, asr 32",1
"cmneq r1, r3",1
"muleq r0, pc, ip",1
"andeq r5, r0, r0, lsl 16",1
invalid,1
"andeq r0, r0, r0",1
"andeq r0, r0, r0",1
"andeq r0, r0, r0",1
"andeq r0, r0, r0, lsr r0",1
svcls 0x300002,1
"andeq r0, r0, r8, asr 32",1
"andeq r0, r0, r8, asr r0",1
"subseq r0, r2, r1",1
"andeq r0, r0, r0",1
invalid,1
invalid,1
"andeq r0, r0, 0",1
invalid,1
invalid,1
"andeq r0, r0, 0",1
"andeq r7, r8, r0, lsl 26",1
"andeq r0, r0, r0",1
invalid,1
"movwvs r0, 0",1
invalid,1
"rsbeq r5, r3, r0",1
"addseq r0, ip, r0",1
"andeq r0, r1, r0",1
"andeq r0, r0, r4, asr r0",1
"andeq r0, r0, r0",1
"andeq r0, r0, r0",1
"andeq r0, r0, r0, lsl 8",1
"stcvc p2, c0, [r0, -0]",1
"andeq r0, r0, r0, lsl 8",1
"andeq fp, r0, r0, lsl 8",1
"stcvc p2, c0, [r0, -0]",1
"andeq r0, r0, r0, lsl r0",1
"andeq r0, r0, r0",1
"andeq r0, r0, r0",1
"andeq r1, r0, r0, lsl 6",1
"andpl r0, r0, r0, lsl 2",1
"andeq r0, r0, r3, lsl r0",1
"andeq r0, r0, r4, asr 32",1
"ldrbmi r0, [r4], -1",1
"andvs r0, r0, r0",1
invalid,1
"rsbeq r5, r0, r0, lsl 12",1
"rsbseq r0, ip, r0",1
"andeq r0, r1, r0",1
"andeq r7, r0, r4, asr ip",1
"andeq sb, r0, r0",1
"andpl r0, r0, r0, lsl 2",1
"muleq r0, r0, r0",1
"strheq r0, [r0], -r4",1
"subseq r0, r4, r1",1
"andeq r0, r0, r0",1
"strne r0, [r0], -0",1
"andlo r0, r0, r0",1
invalid,1
"eorseq r5, r0, r0",1
"rsbseq r0, ip, r0",1
"andeq r0, r1, r0",1
"andeq r0, r0, r5, asr r0",1
"andeq r0, r0, r0",1
"andeq r2, r0, r0",1
"andeq r6, r0, r0, lsl 16",1
"strpl r0, [r0], -r0, lsl 2",1
"andeq r0, r0, r0",1
"andeq r0, r0, r0",1
"andeq r0, r0, r0",1
"andeq r0, r0, r4",1
"rsbseq r0, sp, r2",1
"andeq r0, r0, r4",1
"andeq r0, r0, r8, lsr 2",1
"rsbsne r0, sp, r2",1
"andeq r0, r0, r0",1
"andeq r0, r0, r0",1
"andeq r0, r0, r0",1
"andeq r0, r0, pc",1
svceq 0x500001,1
invalid,1
invalid,1
"andeq r5, r0, r0, lsl 8",1
"andeq r0, r0, r0",1
"andeq r0, r0, r0",1
"andeq r0, pc, r0",1
"andeq r0, r1, r0",1
"andeq r0, r0, r1, asr pc",1
"andeq r2, r1, r0, lsl 16",1
"strpl r0, [r0, -0x100]",1
"andeq r0, r0, r0",1
"andeq r0, r0, r0",1
"andeq r0, r0, r0, lsl r0",1
"andeq r0, r0, r8, rrx",1
"subshi r0, r0, r1",1
invalid,1
invalid,1
"sbceq r5, r4, r0",1
"rscseq r0, r8, r0",1
"andeq r0, r1, r0",1
"andeq r0, r0, r0, asr r0",1
"andeq r0, r0, r0",1
"andeq r2, r0, r0",1
"andeq r8, r0, r0",1
"andlo r0, r0, r0, lsl 4",1
"muleq r0, pc, r0",1
"andeq r0, r0, r0",1
"andeq r2, r0, r0",1
"andeq r8, r0, r0",1
"stmdaeq r0, {r8, sb}",1
"andeq sb, r0, r8, lsr pc",1
"andeq r0, r0, r0",1
"eoreq r0, r0, r0",1
"addeq r0, r0, r0",1
"andeq r0, r3, r0",1
"addseq r2, pc, r8, lsl 26",1
"andeq r0, r0, r0",1
"andhs r0, r0, r0",1
"andhi r0, r0, r0",1
"movweq r0, 0",1
svcls 0x460800,1
"andeq r0, r0, r0",1
"andeq r0, r0, r0",1
"andeq r0, r0, r0, lsr 32",1
"andeq r0, r0, r0, lsl 1",1
"strpl r0, [r8], -3",1
"muleq r0, pc, r0",1
"andeq r0, r0, r0",1
"andeq r2, r0, r0",1
"andeq r8, r0, r0",1
"stmdaeq r0, {r8, sb}",1
"andeq sb, r0, r5, asr pc",1
"andeq r0, r0, r0",1
"eoreq r0, r0, r0",1
"rsbeq r0, r8, r0",1
"andeq r0, r1, r0",1
"andeq r0, r0, r0, asr r0",1
"andeq r0, r0, r0",1
"andeq r3, r0, r0",1
"andeq r8, r0, r0",1
"andlo r0, r0, r0, lsl 4",1
"muleq r0, pc, r0",1
"andeq r0, r0, r0",1
"andeq r3, r0, r0",1
"andeq r8, r0, r0",1
"stmdaeq r0, {r8, sb}",1
"andeq sb, r0, r8, lsr pc",1
"andeq r0, r0, r0",1
"eorseq r0, r0, r0",1
"addeq r0, r0, r0",1
"andeq r0, r3, r0",1
"addseq r2, pc, r8, lsl 26",1
"andeq r0, r0, r0",1
"andlo r0, r0, r0",1
"andhi r0, r0, r0",1
"movweq r0, 0",1
svcls 0x460800,1
"andeq r0, r0, r0",1
"andeq r0, r0, r0",1
"andeq r0, r0, r0, lsr r0",1
"andeq r0, r0, r8, rrx",1
"subseq r0, r0, r1",1
"andeq r0, r0, r0",1
"andmi r0, r0, r0",1
"andhi r0, r0, r0",1
"andeq r0, r0, 0",1
"addseq r3, pc, r0",1
"andeq r0, r0, r0",1
"andmi r0, r0, r0",1
"andhi r0, r0, r0",1
"movweq r0, 0",1
svcls 0x380800,1
"andeq r0, r0, r0",1
"andeq r0, r0, r0",1
"andeq r0, r0, r0, asr 32",1
"andeq r0, r0, r0, lsl 1",1
"stchs p0, c0, [r8, -0xc]",1
"muleq r0, pc, r0",1
"andeq r0, r0, r0",1
"andeq r4, r0, r0",1
"andeq r6, r0, r0, lsl 16",1
"andpl r0, r0, r0, lsl 2",1
"andeq r0, r0, r0",1
"andeq r0, r0, r0",1
"andeq r0, r0, ip, asr 32",1
"andeq r0, r0, r0, lsl 1",1
svcls 0x300002,1
"andeq r0, r0, r0",1
"andeq r0, r0, r0",1
"andeq r0, r0, ip, asr 32",1
"andeq r0, r0, r0, lsl 1",1
"stmdalo r8, {r0, r1}",1
"muleq r0, pc, r0",1
"andeq r0, r0, r0",1
"andeq r4, r0, r0, lsl 24",1
"andeq r6, r0, r0, lsl 16",1
"andpl r0, r0, r0, lsl 2",1
"andeq r0, r0, r0",1
"andeq r0, r0, r0",1
"andeq r0, r0, r0, lsl 1",1
"strheq r0, [r0], -r0",1
"andlo r0, r8, r3",1
"muleq r0, pc, r4",1
"andeq r2, r1, r0, lsl 16",1
"stmdaeq r0, {r8, sb}",1
"andeq sb, r0, r0, lsr pc",1
"andeq r0, r0, r0",1
"addeq r0, r0, r0",1
"adcseq r0, r0, r0",1
"andeq r0, r3, r0",1
"ldrgt r3, [pc], 0x308       ; [0x14414:4]=0x3000001",1
invalid,1
"movweq r0, 1",1
svcls 0x330800,1
"andeq r0, r0, r0",1
"andeq r0, r0, r0",1
"andeq r0, r0, r0, lsl 1",1
"strheq r0, [r0], -r0",1
"stmdalo r8, {r0, r1}",1
"muleq r0, pc, r4",1
"andeq r2, r1, r0, lsl 16",1
"stmdaeq r0, {r8, sb}",1
"andeq sb, r0, r8, lsr pc",1
"andeq r0, r0, r0",1
"addeq r0, r0, r0",1
"adcseq r0, r0, r0",1
"andeq r0, r3, r0",1
"ldrgt r3, [pc], 0x108       ; [0x14458:4]=0x3000001",1
invalid,1
"movweq r0, 1",1
svcls 0x310800,1
"andeq r0, r0, r0",1
"andeq r0, r0, r0",1
"andeq r0, r0, r0, lsl 1",1
"strheq r0, [r0], -r0",1
"andmi r0, r8, 3",1
"muleq r0, pc, r4",1
"andeq r2, r1, r0, lsl 16",1
"stmdaeq r0, {r8, sb}",1
"andeq sb, r0, r2, asr 30",1
"andeq r0, r0, r0",1
"addeq r0, r0, r0",1
"adcseq r0, r0, r0",1
"andeq r0, r3, r0",1
"ldrgt r4, [pc], 0x708       ; [0x1449c:4]=0x3000001",1
invalid,1
"movweq r0, 1",1
svcls 0x470800,1
"andeq r0, r0, r0",1
"andeq r0, r0, r0",1
"andeq r0, r0, r0, lsl 1",1
"strheq r0, [r0], -r0",1
"ldrbgt r0, [r0], -1",1
invalid,1
invalid,1
"andeq r5, r0, r0",1
"andeq r0, r0, r0",1
"addeq r0, r0, r0",1
"adcseq r0, r0, r0",1
"andeq r0, r2, r0",1
"sbceq sb, r4, r0, lsr pc",1
invalid,1
"andeq r0, r2, r0",1
"andeq sb, r0, r0, lsr pc",1
"andeq r0, r0, r0",1
"addeq r0, r8, r0",1
"adcseq r0, r0, r0",1
"andeq r0, r3, r0",1
"ldrgt r3, [pc], 8           ; [0x144fc:4]=0x3000001",1
invalid,1
"movweq r0, 1",1
svcls 0x300800,1
"andeq r0, r0, r0",1
"andeq r0, r0, r0",1
"andeq r0, r0, r8, lsl 1",1
"strheq r0, [r0], -r0",1
"movwlo r0, 0x8003",1
"muleq r0, pc, r4",1
"andeq r2, r1, r0, lsl 16",1
"stmdaeq r0, {r8, sb}",1
"andeq sb, r0, r3, lsr pc",1
"andeq r0, r0, r0",1
"addeq r0, r8, r0",1
"adcseq r0, r0, r0",1
"andeq r0, r3, r0",1
"ldrgt r3, [pc], 0x808       ; [0x14540:4]=0x3000001",1
invalid,1
"movweq r0, 1",1
svcls 0x380800,1
"andeq r0, r0, r0",1
"andeq r0, r0, r0",1
"andeq r0, r0, r8, lsl 1",1
"strheq r0, [r0], -r0",1
invalid,1
"muleq r0, pc, r4",1
"andeq r2, r1, r0, lsl 16",1
"stmdaeq r0, {r8, sb}",1
"andeq sb, r0, r1, lsr pc",1
"andeq r0, r0, r0",1
"addeq r0, r8, r0",1
"adcseq r0, r0, r0",1
"andeq r0, r3, r0",1
"ldrgt r4, [pc], 0x208       ; [0x14584:4]=0x3000001",1
invalid,1
"movweq r0, 1",1
svcls 0x420800,1
"andeq r0, r0, r0",1
"andeq r0, r0, r0",1
"andeq r0, r0, r8, lsl 1",1
"strheq r0, [r0], -r0",1
"strmi r0, [r8, -r3]",1
"muleq r0, pc, r4",1
"andeq r2, r1, r0, lsl 16",1
"stmdaeq r0, {r8, sb}",1
"andeq sb, r0, r7, asr 30",1
"andeq r0, r0, r0",1
"addeq r0, r8, r0",1
"adcseq r0, r0, r0",1
"andeq r0, r1, r0",1
"andeq ip, r0, r0, asr r4",1
"andeq pc, r0, r0, lsl 16",1
"andpl r0, r0, r0, lsl 2",1
"andeq r0, r0, r0",1
"andeq r0, r0, r0",1
"andeq r0, r0, r8, lsl 1",1
"strheq r0, [r0], -r0",1
svcls 0x300002,1
"andeq r0, r0, r4, asr 1",1
"andeq r0, r0, r8, lsr 2",1
svcls 0x300002,1
"andeq r0, r0, r0",1
"andeq r0, r0, r0",1
"muleq r0, r8, r0",1
"strheq r0, [r0], -r0",1
"andlo r0, r8, r3",1
"muleq r0, pc, r4",1
"andeq r2, r1, r0, lsl 16",1
"stmdaeq r0, {r8, sb}",1
"andeq sb, r0, r0, lsr pc",1
"andeq r0, r0, r0",1
"addseq r0, r8, r0",1
"adcseq r0, r0, r0",1
"andeq r0, r3, r0",1
"ldrgt r3, [pc], 0x308       ; [0x14628:4]=0x3000001",1
invalid,1
"movweq r0, 1",1
svcls 0x330800,1
"andeq r0, r0, r0",1
"andeq r0, r0, r0",1
"muleq r0, r8, r0",1
"strheq r0, [r0], -r0",1
"stmdalo r8, {r0, r1}",1
"muleq r0, pc, r4",1
"andeq r2, r1, r0, lsl 16",1
"stmdaeq r0, {r8, sb}",1
"andeq sb, r0, r8, lsr pc",1
"andeq r0, r0, r0",1
"addseq r0, r8, r0",1
"adcseq r0, r0, r0",1
"andeq r0, r3, r0",1
"ldrgt r3, [pc], 0x108       ; [0x1466c:4]=0x3000001",1
invalid,1
"movweq r0, 1",1
svcls 0x310800,1
"andeq r0, r0, r0",1
"andeq r0, r0, r0",1
"muleq r0, r8, r0",1
"strheq r0, [r0], -r0",1
"ldrbgt r0, [r0], -1",1
invalid,1
invalid,1
"andeq r5, r0, r0",1
"andeq r0, r0, r0",1
"addseq r0, r8, r0",1
"adcseq r0, r0, r0",1
"andeq r0, r2, r0",1
"sbceq sb, r4, r0, lsr pc",1
invalid,1
"andeq r0, r2, r0",1
"andeq sb, r0, r0, lsr pc",1
"andeq r0, r0, r0",1
"adceq r0, r4, r0",1
"adcseq r0, r0, r0",1
"andeq r0, r3, r0",1
"ldrgt r3, [pc], 8           ; [0x146cc:4]=0x3000001",1
invalid,1
"movweq r0, 1",1
svcls 0x300800,1
"andeq r0, r0, r0",1
"andeq r0, r0, r0",1
"andeq r0, r0, r4, lsr 1",1
"strheq r0, [r0], -r0",1
"movwlo r0, 0x8003",1
"muleq r0, pc, r4",1
"andeq r2, r1, r0, lsl 16",1
"stmdaeq r0, {r8, sb}",1
"andeq sb, r0, r3, lsr pc",1
"andeq r0, r0, r0",1
"adceq r0, r4, r0",1
"adcseq r0, r0, r0",1
"andeq r0, r3, r0",1
"ldrgt r3, [pc], 0x808       ; [0x14710:4]=0x3000001",1
invalid,1
"movweq r0, 1",1
svcls 0x380800,1
"andeq r0, r0, r0",1
"andeq r0, r0, r0",1
"andeq r0, r0, r4, lsr 1",1
"strheq r0, [r0], -r0",1
"ldrbgt r0, [r0], -1",1
invalid,1
invalid,1
"andeq r5, r0, r0",1
"andeq r0, r0, r0",1
"adceq r0, r4, r0",1
"adcseq r0, r0, r0",1
"andeq r0, r2, r0",1
"sbceq sb, r4, r0, lsr pc",1
invalid,1
"andeq r0, r2, r0",1
"andeq sb, r0, r0, lsr pc",1
"andeq r0, r0, r0",1
"sbceq r0, r4, r0",1
"rscseq r0, r8, r0",1
"andeq r0, r1, r0",1
"andeq r0, r0, r0, asr r0",1
"andeq r0, r0, r0",1
"andeq sp, r0, r0",1
"andeq pc, r0, r0, lsl 16",1
"andpl r0, r0, r0, lsl 2",1
"andeq r0, r0, r0",1
"andeq r0, r0, r0",1
"ldrdeq r0, r1, [r0], -ip",1
"strdeq r0, r1, [r0], -r8",1
"subseq r0, r0, r1",1
"andeq r0, r0, r0",1
invalid,1
invalid,1
"andeq r0, r0, 1",1
invalid,1
"andlo r0, r0, r1",1
"andeq r0, r0, 1",1
"eorlo r7, r4, r0, lsl 26",1
"strls r0, [r0], -1",1
"movweq r0, 0xe",1
invalid,1
"andeq r0, r0, r0",1
"andeq r0, r0, r0",1
"andeq r0, r0, r8, lsr 2",1
"andeq r0, r0, r3, asr 2",1
"cmpmi r0, 1",1
"strls r0, [r0], -1",1
"movweq r0, 0xe",1
"cdpvc p1, 0xf, c9, c4, c0, 0",1
"andeq r0, r0, r0",1
"andeq r0, r0, r0",1
"andeq r0, r0, r8, lsr 2",1
"andeq r0, r0, r3, asr 2",1
"cmpmi r1, 1",1
"strls r0, [r0], -1",1
invalid,1
"andeq r5, r0, r0, lsl 22",1
"andeq r0, r0, r0",1
invalid,1
"mrseq r0, spsr",1
"andeq r0, r1, r0",1
"andeq r4, r1, r2, asr r3",1
"andeq sb, lr, r0, lsl 8",1
bpl 0x14c1c,1
"andeq r0, r0, r0",1
"andeq r0, r0, r0",1
"andeq r0, r0, r8, lsr 2",1
"andeq r0, r0, r3, asr 2",1
"cmpmi r3, 1",1
invalid,1
invalid,1
"ldcleq p9, c5, [ip, -0]",1
"stcleq p0, c0, [r0, -0]!",1
"andeq r0, r1, r0",1
"andeq r6, sp, r0, asr r0",1
"andeq sb, lr, r0, lsl 8",1
"stmdbpl r0, {r8}",1
"andeq r0, r0, r0",1
"andeq r0, r0, r0",1
"andeq r0, r0, r8, lsr 2",1
"andeq r0, r0, r8, ror 4",1
"addseq r0, r1, r2",1
"andeq r0, r0, r8, ror 4",1
"strdeq r0, r1, [r0], -ip",1
"ldmvc r1, {r1}",1
"strdeq r0, r1, [r0], -ip",1
"andeq r0, r0, r0, lsr sl",1
svcls 0x320002,1
"andeq r0, r0, r0, lsr sl",1
"andeq r0, r0, r4, lsr sl",1
"addseq r0, r1, r2",1
"andeq r0, r0, r4, lsr sl",1
"andeq r0, r0, r8, ror sl",1
svcls 0x320002,1
"andeq r0, r0, r8, ror sl",1
"strdeq r0, r1, [r0], -r8",1
svcls 0x330002,1
"strdeq r0, r1, [r0], -r8",1
"andeq r0, r0, r0, lsr 22",1
"addseq r0, r1, r2",1
"andeq r0, r0, r0, lsr 22",1
"andeq r0, r0, r0, ror 26",1
"ldmvc r1, {r1}",1
"andeq r0, r0, r0, ror 26",1
"andeq r0, r0, r0, lsl 27",1
svcls 0x320002,1
"andeq r0, r0, r0, lsl 27",1
"andeq r0, r0, r8, lsl 28",1
"ldmvc r1, {r1}",1
"andeq r0, r0, r8, lsl 28",1
"andeq r0, r0, r0, lsr lr",1
"addseq r0, r1, r2",1
"andeq r0, r0, r0, lsr lr",1
"andeq r0, r0, r4, asr lr",1
svcls 0x320002,1
"andeq r0, r0, r4, asr lr",1
"andeq r0, r0, ip, ror lr",1
svcls 0x330002,1
"andeq r0, r0, ip, ror lr",1
"muleq r0, r4, lr",1
"ldmvc r1, {r1}",1
"andeq r0, r0, r0",1
"andeq r0, r0, r0",1
"andeq r0, r0, r8, lsr 2",1
"strheq r0, [r0], -r4",1
"ldceq p0, c0, [r1], {2}",1
"ldrdeq r0, r1, [r0], -r4",1
"andeq r0, r0, r0, lsl 4",1
"ldreq r0, [r1], 2",1
"andeq r0, r0, r0, lsl 4",1
"andeq r0, r0, r8, lsl r2",1
"ldmdane r0, {r0} ^",1
"strmi r0, [r0], -2",1
"andeq r0, r0, 2",1
"strmi sb, [r4], -0x100",1
"stmdavs r0, {r1}",1
"andeq r0, r0, 2",1
"stmdavs ip, {r8, ip, pc}",1
invalid,1
"andeq r0, r0, 9",1
invalid,1
"andhs r0, r0, sb",1
"andeq r0, r0, 0xb",1
"andhs sb, ip, r0, lsl 2",1
"andvs r0, r0, fp",1
"andeq r0, r0, 0xd",1
"andvs sb, r4, r0, lsl 2",1
"andhi r0, r0, sp",1
"andeq r0, r0, 0xd",1
"andhi sb, ip, r0, lsl 2",1
"stmdaeq r0, {r0, r2, r3}",1
"andeq r0, r0, 0xe",1
"stmdaeq r4, {r8, ip, pc}",1
"andne r0, r0, lr",1
invalid,1
"cdpeq p0, 2, c5, c0, c0, 0",1
"cdpeq p0, 7, c0, c12, c0, 0",1
"andeq r0, r2, r0",1
"mrceq p12, 3, r0, c12, c1, 4",1
"cdpeq p0, 9, c0, c4, c0, 0",1
"andeq r0, r2, r0",1
"muleq r0, r1, r4",1
"andeq r0, r0, r0",1
invalid,1
"bicseq r0, r4, r0",1
"andeq r0, r2, r0",1
invalid,1
"subeq r0, r4, 0",1
"andeq r0, r2, r0",1
"subeq r0, r4, 0x910000",1
"rsbeq r0, r8, 0",1
"andeq r0, r2, r0",1
"rsbeq r1, r8, 0x91",1
invalid,1
"andeq r0, r2, r0",1
"ldmibeq ip!, {r0, r4, r7, fp} ^",1
bleq 0x8149e0,1
"andeq r0, r2, r0",1
bleq 0x818c2c,1
"stcleq p0, c0, [r0, -0]!",1
"andeq r0, r2, r0",1
"stcleq p8, c0, [r0, -0x244]!",1
"stceq p0, c0, [r0]",1
"andeq r0, r2, r0",1
"stceq p0, c1, [r0, 0x244]",1
"cdpeq p0, 1, c0, c0, c0, 0",1
"andeq r0, r2, r0",1
"mrceq p8, 0, r0, c0, c1, 4",1
"cdpeq p0, 1, c0, c12, c0, 0",1
"andeq r0, r2, r0",1
"mcreq p0, 1, r1, c0, c1, 4",1
"cdpeq p0, 7, c0, c12, c0, 0",1
"andeq r0, r2, r0",1
"mrceq p0, 3, r1, c12, c1, 4",1
"cdpeq p0, 9, c0, c4, c0, 0",1
"andeq r0, r2, r0",1
"muleq r0, r1, r8",1
"andeq r0, r0, r0",1
"rsbeq r0, r8, 0",1
"rsceq r0, r8, 0",1
"andeq r0, r2, r0",1
"rsceq sb, r8, 48, 30",1
"ldrbeq r0, [ip, 0]!",1
"andeq r0, r1, r0",1
"andeq pc, r5, r5, asr ip",1
"andeq r5, r6, r0",1
"movwpl r0, 0x100",1
"andeq r0, r0, r0, asr r6",1
"strheq r0, [r0], -r4",1
"ldmdagt r5, {r0} ^",1
invalid,1
invalid,1
"ldrbeq r5, [ip, r0, lsl 10]",1
invalid,1
"andeq r0, r1, r0",1
"andeq r1, sb, r5, asr r8",1
"andeq r2, sb, r0, lsl 16",1
"strvc r0, [r0, -0x300]",1
"stmdbeq r8!, {r0, r1, r2, r3, r4, r5, r6, r8, sb, sl, fp, ip, pc}",1
invalid,1
"andeq r0, r1, r0",1
"andeq r6, sb, r5, asr ip",1
"andeq r8, sb, r0, lsl 8",1
"strvc r0, [r0, -0x300]",1
"stmibeq r4, {r0, r1, r2, r3, r4, r5, r6, r8, sb, sl, fp, ip, pc}",1
invalid,1
"andeq r0, r1, r0",1
"andeq r2, fp, r5, asr r0",1
"andeq r6, fp, r0, lsl 16",1
"strpl r0, [r0, -0x100]",1
"andeq r0, r0, r8, ror 22",1
"strheq r0, [r0], -r4",1
"ldrblt r0, [r7], -1",1
invalid,1
invalid,1
"ldcleq p5, c5, [ip], 0",1
"stceq p0, c0, [ip, -0]",1
"andeq r0, r3, r0",1
"ldceq p15, c7, [pc], {0x75}",1
"andne r0, r0, sp",1
invalid,1
"ldceq p5, c5, [r0, -0]",1
"ldceq p0, c0, [ip, -0]",1
"andeq r0, r3, r0",1
"ldcne p15, c7, [pc], {0x75}",1
"stmdahs r0, {r0, r2, r3}",1
invalid,1
"ldceq p5, c5, [r0, -0]!",1
"stcleq p0, c0, [r0, -0]!",1
"andeq r0, r1, r0",1
"andeq r8, sp, r5, asr r0",1
"andeq sb, sp, r0, lsl 16",1
"strpl r0, [r0, -r0, lsl 2]",1
"muleq r0, r8, sp",1
"andeq r0, r0, r0, lsr 27",1
"subsge r0, r5, r1",1
"stmdagt r0, {r0, r2, r3}",1
invalid,1
"stcleq p7, c5, [r8]",1
"cdpeq p0, 0, c0, c8, c0, 0",1
"andeq r0, r1, r0",1
"andeq r7, lr, r5, asr ip",1
"andeq sb, lr, r0, lsl 8",1
"strpl r0, [r0, -0x100]",1
"andeq r0, r0, r0",1
"andeq r0, r0, r0",1
"andeq r0, r0, r8, lsr 2",1
"andeq r0, r0, r0, lsl 4",1
svcls 0x300002,1
"andeq r0, r0, r0, lsl r2",1
"andeq r0, r0, r4, asr 4",1
"ldrbmi r0, [r4], -1",1
"stmdavs r0, {r1}",1
"andeq r0, r0, 2",1
"ldmvs pc, {ip, sp}",1
"andne r0, r0, r2",1
invalid,1
"ldreq r5, [r0], -r0, lsl 8",1
"strbeq r0, [ip], -r0",1
"andeq r0, r1, r0",1
"andeq r4, r6, r2, asr ip",1
"andeq r2, r7, r0",1
"strpl r0, [r0], -0x100",1
"andeq r0, r0, r4, asr 14",1
"andeq r0, r0, ip, lsl 15",1
"mrrcle p0, 0, r0, r4, c1",1
"strvs r0, [r0], -7",1
invalid,1
"stmdaeq r4!, {sl, ip, lr} ^",1
invalid,1
"andeq r0, r1, r0",1
"andeq sb, r8, r2, asr r0",1
"andeq sl, r8, r0, lsl 8",1
"movwpl r0, 0x100",1
"andeq r0, r0, r4, lsr 17",1
"strheq r0, [r0], -r0",1
"subslt r0, r2, r1",1
"stmda r0, {r3}",1
invalid,1
"ldmdbeq r8, {sl, ip, lr}",1
invalid,1
"andeq r0, r1, r0",1
"andeq r2, sb, r3, asr r8",1
"andeq r3, sb, r0, lsl 24",1
"strpl r0, [r0], -0x100",1
"andeq r0, r0, ip, lsr sb",1
"andeq r0, r0, r0, asr 18",1
"cmneq r4, r3",1
"muleq sb, pc, r0",1
"andeq r4, sb, r0, lsl 16",1
invalid,1
"andeq r0, r0, r8, asr 18",1
"andeq r0, r0, r0, asr sb",1
"cmneq r4, r3",1
"muleq sb, pc, r0",1
"andeq r5, sb, r0, lsl 8",1
"strvc r0, [r0], -0x300",1
"ldmdbeq r4, {r1, r8, sb, sl, fp, ip, pc} ^",1
invalid,1
"andeq r0, r1, r0",1
"andeq r5, sb, ip, asr ip",1
"andeq r6, sb, r0, lsl 16",1
"strvc r0, [r0], -0x300",1
"stmdbeq r8!, {r1, r8, sb, sl, fp, ip, pc} ^",1
invalid,1
"andeq r0, r1, r0",1
"andeq r8, sb, r3, asr r4",1
"andeq sp, sb, r0",1
"strpl r0, [r0], -0x100",1
"ldrdeq r0, r1, [r0], -r0",1
"strdeq r0, r1, [r0], -r8",1
invalid,1
invalid,1
invalid,1
"ldmibeq ip!, {sl, ip, lr} ^",1
bleq 0x814c5c,1
"andeq r0, r2, r0",1
bleq 0x83c924,1
bleq 0x1a14c68,1
"andeq r0, r1, r0",1
"andeq r6, fp, r4, asr r8",1
"andeq sp, ip, r0, lsl 24",1
"mrsls r0, lr_irq",1
"ldcleq p15, c7, [ip], {0xb0}",1
"stcleq p0, c0, [r0, -0]!",1
"andeq r0, r1, r0",1
"andeq r6, sp, r4, asr r0",1
"andeq r8, sp, r0",1
"andlo r0, r0, r0, lsl 4",1
"muleq sp, pc, r0",1
"andeq r0, lr, r0, lsl 16",1
"mrsls r0, lr_irq",1
"mcreq p15, 0, r7, c8, c0, 5",1
"cdpeq p0, 7, c0, c12, c0, 0",1
"andeq r0, r2, r0",1
"mrceq p15, 3, sb, c12, c0, 1",1
"cdpeq p0, 9, c0, c4, c0, 0",1
"andeq r0, r1, r0",1
"andeq r0, r0, r4, asr r0",1
"andeq r0, r0, r0",1
"andeq r2, r1, r0, lsl 16",1
"andeq lr, r1, r0, lsl 8",1
"andlo r0, r0, r0, lsl 4",1
"muleq r1, pc, r4",1
"andeq r0, r2, r0",1
"mrsls r0, r8_usr",1
"andeq r1, r2, r4, lsl 16",1
"andeq r4, r2, r0, lsl 8",1
"mrsls r0, r8_usr",1
"andeq r4, r2, r8, lsl 8",1
"andeq r6, r2, r0, lsl 16",1
"andlo r0, r0, r0, lsl 4",1
"muleq r2, pc, r8",1
"andeq r2, r7, r0",1
"mrsls r0, lr_irq",1
"streq r7, [r0, -r4, lsl 31]!",1
"ldreq r0, [r4, -r0]!",1
"andeq r0, r1, r0",1
"andeq r6, r7, ip, asr r0",1
"andeq sp, r7, r0",1
"mrsls r0, lr_irq",1
"ldrbeq r7, [ip, r4, lsl 31]",1
invalid,1
"andeq r0, r3, r0",1
"ldc2l p4, c8, [pc], -0x244",1
"andhs r0, r0, sb",1
"andeq r0, r0, 0xb",1
"addshs r3, pc, r0",1
"andvs r0, r0, fp",1
"movweq r0, 0xd",1
svcvc 0x849100,1
"andeq r0, r0, r0, ror 26",1
"andeq r0, r0, r0, lsl 27",1
svcls 0x300002,1
"andeq r0, r0, r0, lsl 27",1
"andeq r0, r0, r8, lsl 28",1
"ldrhi r0, [r1], 3",1
"andeq r0, lr, pc, ror r8",1
"andeq r1, lr, r0",1
"andpl r0, r0, r0, lsl 2",1
"andeq r0, r0, r0, lsl lr",1
"andeq r0, r0, ip, ror lr",1
svcls 0x300002,1
"andeq r0, r0, ip, ror lr",1
"muleq r0, r4, lr",1
"ldrhi r0, [r1], 3",1
"andeq r0, r0, pc, ror r0",1
"andeq r0, r0, r0",1
"andeq r2, r1, r0, lsl 16",1
"andeq r2, r2, r0, lsl 16",1
"andlo r0, r0, r0, lsl 4",1
"muleq r2, pc, r8",1
"andeq r4, r2, r0",1
"andpl r0, r0, r0, lsl 2",1
"andeq r0, r0, r0, asr 4",1
"andeq r0, r0, r4, asr 4",1
"ldrbmi r0, [ip], -1",1
"stmdavs r0, {r1}",1
"andeq r0, r0, 2",1
"ldmvs pc, {ip, sp}",1
invalid,1
"movweq r0, 9",1
"cdpvc p1, 0xe, c9, c12, c0, 0",1
"strdeq r0, r1, [r0], -ip",1
"andeq r0, r0, r0, lsr 22",1
svcls 0x300002,1
"andeq r0, r0, r0, lsr 22",1
"andeq r0, r0, r0, ror 26",1
"ldc p0, c0, [r1], {3}",1
"andeq r6, sp, lr, ror r0",1
"andeq r8, sp, r0",1
"andlo r0, r0, r0, lsl 4",1
"muleq sp, pc, r0",1
"andeq r0, lr, r0, lsl 16",1
"mrsls r0, lr_irq",1
"cdpeq p14, 0, c7, c8, c12, 7",1
"cdpeq p0, 7, c0, c12, c0, 0",1
"andeq r0, r2, r0",1
"mrceq p15, 3, sb, c12, c0, 1",1
"cdpeq p0, 9, c0, c4, c0, 0",1
"andeq r0, r3, r0",1
invalid,1
"andeq r0, r0, r0",1
invalid,1
"stmdane r0, {r0}",1
"andeq r0, r0, 2",1
"ldmne pc, {ip, sp}",1
"strmi r0, [r0], -2",1
"andeq r0, r0, 2",1
"ldrmi r3, [pc], 0x100       ; [0x14e24:4]=0x2000002",1
"stmdavs r0, {r1}",1
"andeq r0, r0, 2",1
"ldmvs pc, {ip, sp}",1
invalid,1
"movweq r0, 9",1
"cdpvc p1, 0xf, c9, c8, c0, 0",1
"strdeq r0, r1, [r0], -ip",1
"andeq r0, r0, r0, lsr 22",1
svcls 0x300002,1
"andeq r0, r0, r0, lsr 22",1
"andeq r0, r0, r0, ror 26",1
invalid,1
"andeq r6, sp, lr, ror r0",1
"andeq r8, sp, r0",1
"andlo r0, r0, r0, lsl 4",1
"muleq sp, pc, r0",1
"andeq r0, lr, r0, lsl 16",1
"mrsls r0, lr_irq",1
"mcreq p14, 0, r7, c8, c8, 7",1
"cdpeq p0, 7, c0, c12, c0, 0",1
"andeq r0, r2, r0",1
"mrceq p15, 3, sb, c12, c0, 1",1
"cdpeq p0, 9, c0, c4, c0, 0",1
"andeq r0, r3, r0",1
invalid,1
"andeq r0, r0, r0",1
invalid,1
invalid,1
"streq r0, [r0, -1]",1
invalid,1
"orrseq sb, ip, sb, lsr 30",1
"subeq r0, r4, 0",1
"andeq r0, r7, r0",1
"uhadd8eq sb, pc, r1",1
"ldrmi r2, [pc], 0x931       ; [0x14eb0:4]=0x5000002",1
"strmi r0, [r0, -r2]",1
"streq r0, [r0, -2]",1
invalid,1
"subeq sb, r7, 41, 30",1
"subeq r0, r8, 0",1
"andeq r0, r7, r0",1
"uhadd8eq sb, pc, r1",1
"ldmmi pc, {r0, r4, r5, r8, fp, sp}",1
"stmdavs r0, {r1}",1
"streq r0, [r0, -2]",1
invalid,1
"rsbeq sb, r8, 41, 30",1
invalid,1
"andeq r0, r7, r0",1
"uhadd8eq sb, pc, r1",1
"ldc2 p9, c2, [pc], {0x31}",1
invalid,1
"streq r0, [r0, -0xa]",1
invalid,1
beq 0xb3cba4,1
beq 0xc14f04,1
"andeq r0, r7, r0",1
"uhadd8eq sb, pc, r1",1
"addslo r2, pc, r1, lsr sb",1
"andvc r0, r0, sl",1
"streq r0, [r0, -0xa]",1
invalid,1
beq 0x1c3cbc4,1
beq 0x1e14f24,1
"andeq r0, r7, r0",1
"uhadd8eq sb, pc, r1",1
"ldmvc pc, {r0, r4, r5, r8, fp, sp}",1
invalid,1
"streq r0, [r0, -0xa]",1
invalid,1
beq 0xfef3cbe4,1
beq 0xff114f44,1
"andeq r0, r7, r0",1
"uhadd8eq sb, pc, r1",1
"ldrgt r2, [pc], 0x931       ; [0x14f50:4]=0x500000a",1
"vst4.8 {d0, d1, d2, d3}, [r0], sl",1
"streq r0, [r0, -0xa]",1
invalid,1
beq 0xffd3cc04,1
beq 0xffe14f64,1
"andeq r0, r7, r0",1
"uhadd8eq sb, pc, r1",1
invalid,1
invalid,1
"streq r0, [r0, -0xb]",1
invalid,1
bleq 0x73cc24,1
"stcleq p0, c0, [r0, -0]!",1
"andeq r0, r7, r0",1
"uhadd8eq sb, pc, r1",1
"addsvs r2, pc, r1, lsr sb",1
invalid,1
"streq r0, [r0, -0xd]",1
invalid,1
"ldcleq p15, c9, [ip, -0xa4]!",1
"cdpeq p0, 3, c0, c0, c0, 0",1
"andeq r0, r7, r0",1
"uhadd8eq sb, pc, r1",1
"addslo r2, pc, r1, lsr sb",1
"andpl r0, r0, lr",1
"streq r0, [r0, -0xe]",1
invalid,1
"cdpeq p15, 5, c9, c0, c9, 1",1
"cdpeq p0, 5, c0, c4, c0, 0",1
"andeq r0, r7, r0",1
"uhadd8eq sb, pc, r1",1
"ldrpl r2, [pc], 0x931       ; [0x14fd0:4]=0x500000e",1
"stmdavc r0, {r1, r2, r3}",1
"streq r0, [r0, -0xe]",1
invalid,1
"cdpeq p15, 7, c9, c8, c9, 1",1
"cdpeq p0, 9, c0, c4, c0, 0",1
"andeq r0, r7, r0",1
"uhadd8eq sb, pc, r1",1
"addseq r2, pc, r1, lsr sb",1
"andeq r0, r0, r0",1
invalid,1
invalid,1
"movweq r0, 9",1
"cdpvc p1, 0xf, c9, c0, c0, 0",1
"strdeq r0, r1, [r0], -ip",1
"andeq r0, r0, r0, lsr sl",1
svcls 0x310002,1
"andeq r0, r0, r0, lsr sl",1
"andeq r0, r0, r4, asr 21",1
invalid,1
"andeq ip, sl, lr, ror r4",1
"andeq pc, sl, r0, lsl 16",1
"mrslo r0, r8_usr",1
"muleq sl, pc, r8",1
"andeq sb, lr, r0, lsl 8",1
"mrsls r0, lr_irq",1
"strdeq r7, r8, [r0], -r0",1
"andeq r0, r0, r0",1
"orrseq r0, r4, r0",1
"bicseq r0, r4, r0",1
"andeq r0, r2, r0",1
"mrceq p8, 0, r7, c0, c1, 4",1
"cdpeq p0, 3, c0, c0, c0, 0",1
"andeq r0, r2, r0",1
"muleq r0, r1, r8",1
"andeq r0, r0, r0",1
"orrseq r0, r4, r0",1
"bicseq r0, r4, r0",1
"andeq r0, r6, r0",1
"sbceq r1, r2, r3, lsl 24",1
"cdpeq p15, 1, c9, c0, c0, 0",1
"cdpeq p0, 3, c0, c0, c0, 0",1
"andeq r0, r6, r0",1
"sbceq r1, r2, r3, lsl 24",1
"andeq sb, r0, r0, lsl 30",1
"andeq r0, r0, r0",1
"movseq r0, r0",1
"movseq r0, r0",1
"andeq r0, r1, r0",1
"andeq fp, r1, r0, asr r4",1
"andeq sp, r1, r0, lsl 8",1
"mrsls r0, r8_usr",1
"andeq r1, lr, r4",1
"andeq r2, lr, r0",1
"mrsls r0, r8_usr",1
"andeq r2, lr, r4",1
"andeq r2, lr, r0, lsl 14",1
"andpl r0, r0, r0, lsl 2",1
"andeq r0, r0, r7, lsr 28",1
"andeq r0, r0, r0, lsr lr",1
"ldreq r0, [r1], 2",1
"andeq r0, r0, r0",1
"andeq r0, r0, r0",1
"strheq r0, [r0], -r4",1
"ldrdeq r0, r1, [r0], -r4",1
"ldmvc r1, {r1}",1
"andeq r0, r0, r0, lsl lr",1
"andeq r0, r0, r0, lsr 28",1
"ldmvc r1, {r1}",1
"andeq r0, r0, r0",1
"andeq r0, r0, r0",1
"strheq r0, [r0], -r4",1
"ldrdeq r0, r1, [r0], -r4",1
invalid,1
svcls 0xc2,1
"andeq r0, r0, r0, lsl lr",1
"andeq r0, r0, r0, lsr 28",1
invalid,1
svcls 0xc2,1
"andeq r0, r0, r0",1
"andeq r0, r0, r0",1
"ldrdeq r0, r1, [r0], -r0",1
"ldrdeq r0, r1, [r0], -r4",1
"subsne r0, r0, r1",1
"strne r0, [r0, -lr]",1
invalid,1
"cdpeq p0, 1, c5, c7, c0, 0",1
"cdpeq p0, 2, c0, c0, c0, 0",1
"andeq r0, r2, r0",1
"muleq r0, r1, r8",1
"andeq r0, r0, r0",1
"cmneq ip, 0",1
"ldrbeq r0, [ip, 0]!",1
"andeq r0, r2, r0",1
"ldrbeq r0, [ip, 0x77]!",1
"ldrbeq r0, [r0], -r0",1
"andeq r0, r5, r0",1
"rsbseq r0, r3, sl, ror r0",1
"andeq r5, r6, r2, lsr 32",1
"andeq r5, r6, r0, lsl 24",1
"strpl r0, [r0], -r0, lsl 2",1
"muleq r0, r0, r6",1
"strheq r0, [r0], -r0",1
"ldrblt r0, [r6], -1",1
invalid,1
invalid,1
"strbeq r5, [r0, -r0, lsl 12]!",1
"streq r0, [ip, r0]",1
"andeq r0, r2, r0",1
invalid,1
invalid,1
"andeq r0, r2, r0",1
"stmeq r4!, {r0, r1, r2, r4, r5, r6}",1
invalid,1
"andeq r0, r3, r0",1
"addslt r3, pc, r8",1
svclt 8,1
"andeq r0, r0, 8",1
svclt 0x7700,1
"stmda r0, {r3}",1
invalid,1
"ldmdbeq r8, {sb, sl, ip, lr}",1
invalid,1
"andeq r0, r1, r0",1
"andeq r2, sb, r6, asr r8",1
"andeq r3, sb, r0",1
"strvc r0, [r0, -r0, lsl 4]",1
"andeq r3, sb, r0",1
"andeq r7, sb, r0",1
"strpl r0, [r0], -r0, lsl 2",1
"andeq r0, r0, r8, ror sb",1
"andeq r0, r0, r4, lsl 19",1
"ldrbhi r0, [r6], -1",1
invalid,1
"andeq r0, r0, 9",1
invalid,1
"andmi r0, r0, fp",1
"andeq r0, r0, 0xb",1
"andmi r7, r0, r0, lsl 14",1
"stmdavs r0, {r0, r1, r3}",1
invalid,1
bleq 0x1a2aa04,1
"ldcleq p0, c0, [ip], {0}",1
"andeq r0, r3, r0",1
"ldclle p4, c11, [pc], -0x244",1
"stmdaeq r0, {r2, r3}",1
invalid,1
"stceq p6, c5, [ip, -0]",1
"ldceq p0, c0, [ip, -0]",1
"andeq r0, r1, r0",1
"andeq r1, sp, r6, asr ip",1
"andeq r5, sp, r0, lsl 14",1
"strvc r0, [r0, -r0, lsl 4]",1
"andeq r5, sp, r0, lsl 14",1
"andeq r6, sp, r0",1
"strpl r0, [r0], -r0, lsl 2",1
"andeq r0, r0, r0, lsl 27",1
"andeq r0, r0, r8, lsl 28",1
"ldrlt r0, [r1], 3",1
"andeq r7, lr, pc, ror ip",1
"andeq sb, lr, r0, lsl 8",1
"strpl r0, [r0], -r0, lsl 2",1
"andeq r0, r0, r0",1
"andeq r0, r0, r0",1
"andeq r0, r0, r0, ror 15",1
"andeq r0, r0, r0, lsl 16",1
"subseq r0, r3, r1",1
"stmdaeq r0, {r3}",1
"movweq r0, 8",1
svcls 0x740800,1
"andeq r0, r0, r8, lsl r8",1
"andeq r0, r0, r0, lsr 16",1
"strvs r0, [r8], -r3",1
"muleq r8, pc, r0",1
"andeq r2, r8, r0, lsl 16",1
"stmdaeq r0, {r8, sb}",1
"stmibeq r4, {r1, r2, r4, r5, r6, r8, sb, sl, fp, ip, pc}",1
invalid,1
"andeq r0, r3, r0",1
"addseq r5, pc, r8, lsl 24",1
"andeq r0, r0, r0",1
"andeq r0, r0, r0",1
"stmdavc r0, {r0, r1}",1
"andeq r0, r0, 3",1
"ldmvc pc, {ip, sp}",1
"strlt r0, [r0], -3",1
"movweq r0, 6",1
"cdpvc p1, 0xe, c9, c8, c0, 0",1
"andeq r0, r0, r0, ror 14",1
"andeq r0, r0, ip, lsl 15",1
"ldm r1, {r0, r1}",1
"andeq sp, r7, lr, ror ip",1
"andeq r1, sb, r0, lsl 16",1
"mrsls r0, lr_irq",1
"stmibeq r4, {r3, r5, r6, r7, sb, sl, fp, ip, sp, lr}",1
invalid,1
"andeq r0, r3, r0",1
invalid,1
invalid,1
"andeq r0, r0, 0xb",1
"ldchs p0, c3, [pc], {0}",1
invalid,1
"movweq r0, 0xc",1
"cdpvc p1, 0xe, c9, c8, c0, 0",1
"ldrdeq r0, r1, [r0], -ip",1
"andeq r0, r0, r8, ror 25",1
"ldmda ip, {r0} ^",1
"vst4.8 {d0, d1, d2, d3}, [r0], ip",1
"movweq r0, 0xc",1
"cdpvc p1, 0xe, c9, c8, c0, 0",1
"strdeq r0, r1, [r0], -r4",1
"andeq r0, r0, ip, lsl sp",1
svcls 0x300002,1
"andeq r0, r0, ip, lsl sp",1
"andeq r0, r0, r0, ror 26",1
"ldm r1, {r0, r1}",1
"andeq r8, sp, lr, ror r0",1
"andeq r0, lr, r0, lsl 16",1
"mrsls r0, lr_irq",1
"cdpeq p14, 7, c7, c12, c8, 7",1
"cdpeq p0, 9, c0, c4, c0, 0",1
"andeq r0, r1, r0",1
"andeq r0, r0, ip, asr r0",1
"andeq r0, r0, r0",1
"andeq fp, r8, r0, lsl 24",1
"andeq lr, r8, r0, lsl 16",1
"mrslo r0, r8_usr",1
"muleq fp, pc, ip",1
"andeq r6, fp, r0, lsl 16",1
"andlo r0, r0, r0, lsl 4",1
"muleq fp, pc, r8",1
"andeq sl, ip, r0",1
"strpl r0, [r0, -0x100]",1
"andeq r0, r0, r0, lsr 25",1
"andeq r0, r0, ip, lsl sp",1
"ldcls p0, c0, [r1], {3}",1
"andeq r5, sp, pc, ror r0",1
"andeq r6, sp, r0",1
"andlo r0, r0, r0, lsl 4",1
"muleq sp, pc, r0",1
"andeq r8, sp, r0, lsl 24",1
"strpl r0, [r0, -0x100]",1
"andeq r0, r0, ip, lsl 27",1
"andeq r0, r0, r0, lsr 27",1
"ldcls p0, c0, [r1], {3}",1
"andeq sl, sp, pc, ror r0",1
"andeq fp, sp, r0, lsl 8",1
"strpl r0, [r0, -0x100]",1
"strheq r0, [r0], -r4",1
"andeq r0, r0, r0, ror 27",1
"ldcls p0, c0, [r1], {3}",1
"andeq lr, sp, pc, ror r0",1
"andeq r0, lr, r0",1
"movwpl r0, 0x100",1
"andeq r0, r0, r0, lsl 28",1
"andeq r0, r0, r8, lsl 28",1
"ldcls p0, c0, [r1], {3}",1
"andeq r7, lr, pc, ror ip",1
"andeq sb, lr, r0, lsl 8",1
"andpl r0, r0, r0, lsl 2",1
"andeq r0, r0, r0",1
"andeq r0, r0, r0",1
"andeq r0, r0, r0, asr 17",1
"andeq r0, r0, r8, ror 17",1
"rsbseq r0, r6, r6, lsl r0",1
"tstlo sl, r8, lsl 30",1
"streq r7, [r0], -r4, lsr 32",1
beq 0xba484,1
"andsmi r4, sl, r0",1
svcls 0x2e3024,1
"andeq r0, r0, ip, lsr fp",1
"andeq r0, r0, r8, ror 22",1
svcls 0x310002,1
"andeq r0, r0, r8, ror 22",1
"strheq r0, [r0], -r8",1
"ldmls r1, {r0, r1}",1
"andeq r5, sp, pc, ror r0",1
"andeq r6, sp, r0",1
"mrslo r0, r8_usr",1
"muleq sp, pc, r0",1
"andeq r0, lr, r0, lsl 8",1
"mrsls r0, lr_irq",1
"muleq r0, r8, pc",1
"andeq r0, r0, r0",1
"rsceq r0, r8, 0",1
invalid,1
"andeq r0, r2, r0",1
bleq 0x826690,1
"stcleq p0, c0, [r0, -0]!",1
"andeq r0, r2, r0",1
"stceq p4, c4, [r0, 0x244]",1
"cdpeq p0, 0, c0, c8, c0, 0",1
"andeq r0, r2, r0",1
"mrceq p4, 3, r4, c12, c1, 4",1
"cdpeq p0, 9, c0, c4, c0, 0",1
"andeq r0, r2, r0",1
"muleq r0, r1, r4",1
"andeq r0, r0, r0",1
bleq 0xfe115478,1
"stcleq p0, c0, [r4], -0",1
"andeq r0, r1, r0",1
"andeq r6, ip, r0, asr r4",1
"andeq fp, ip, r0",1
"stmdapl r0, {r8}",1
"andeq r0, r0, r0, lsl 27",1
"andeq r0, r0, r8, lsl 28",1
"subseq r0, r0, r1",1
"andeq r0, r0, r0",1
invalid,1
invalid,1
"andeq r0, r0, 0xb",1
"addseq r3, pc, r0, lsl 2",1
"andeq r0, r0, r0",1
invalid,1
invalid,1
"andeq r0, r0, 0xd",1
"addspl r3, pc, r0, lsl 16",1
"andvs r0, r0, sp",1
"andeq r0, r0, 0xd",1
"addshi r3, pc, r0, lsl 16",1
"stmdaeq r0, {r0, r2, r3}",1
"andeq r0, r0, 0xe",1
"ldcvc p8, c3, [pc], {0}",1
"strls r0, [r0], -0xe",1
"andeq r0, r0, 0xe",1
"addseq r3, pc, r0, lsl 16",1
"andeq r0, r0, r0",1
invalid,1
invalid,1
"andeq r0, r0, 0xd",1
"addspl r3, pc, r0",1
"andvs r0, r0, sp",1
"andeq r0, r0, 0xd",1
"addshi r3, pc, r0",1
"stmdaeq r0, {r0, r2, r3}",1
"andeq r0, r0, 0xe",1
"ldcvc p0, c3, [pc], {0}",1
"strls r0, [r0], -0xe",1
"andeq r0, r0, 0xe",1
"addseq r3, pc, r0",1
"andeq r0, r0, r0",1
invalid,1
"andhi r0, r0, fp",1
"movweq r0, 0xb",1
svcls 0x489100,1
"andeq r0, r0, r0, lsl 23",1
"andeq r0, r0, r3, lsl 23",1
"cmphi r3, 1",1
"stmdavc r0, {r0, r1, r3}",1
"movweq r0, 0xc",1
svcls 0x489100,1
"andeq r0, r0, r8, ror ip",1
"andeq r0, r0, pc, ror ip",1
svcvc 0x500001,1
invalid,1
"movweq r0, 0xd",1
svcls 0x489100,1
"andeq r0, r0, r0, asr sp",1
"andeq r0, r0, r0, ror 26",1
"ldmmi r1, {r0, r1}",1
"muleq sp, pc, r0",1
"andeq r0, lr, r0, lsl 16",1
"mrsls r0, lr_irq",1
"cdpeq p15, 7, c9, c12, c8, 2",1
"cdpeq p0, 9, c0, c4, c0, 0",1
"andeq r0, r3, r0",1
"umullseq r4, pc, r1, r8",1
"andeq r0, r0, r0",1
invalid,1
"strhi r0, [r0], -8",1
invalid,1
"ldcleq p1, c5, [r0], {0}",1
"ldceq p0, c0, [ip, -0]",1
"andeq r0, r1, r0",1
"andeq r7, lr, r1, asr ip",1
"andeq sb, lr, r0, lsl 8",1
invalid,1
"andeq r0, r0, r0",1
"andeq r0, r0, r0",1
"muleq r0, r4, lr",1
"muleq r0, r8, lr",1
"rsbseq r0, sp, r2",1
"muleq r0, r8, lr",1
"muleq r0, ip, lr",1
"ldrbths r0, [sp], -2",1
"muleq r0, ip, lr",1
"andeq r1, r0, r4, asr 32",1
"rsbsle r0, sp, r3",1
"andeq r0, r0, r0",1
"andeq r0, r0, r0",1
"andeq sb, lr, r0, lsl 8",1
"andeq sl, lr, r0, lsl 30",1
"andpl r0, r0, r0, lsl 2",1
"andeq r0, r0, pc, lsr 29",1
"andeq r1, r0, r4, asr 32",1
"subseq r0, r6, r1",1
"andeq r0, r0, r0",1
"strls r0, [r0], -0",1
svcge 0xe,1
invalid,1
"cdpeq p1, 0xa, c5, c15, c0, 0",1
"subne r0, r4, r0",1
"andeq r0, r1, r0",1
"andeq r0, r0, sl, asr r0",1
"andeq r0, r0, r0",1
"andeq sb, lr, r0, lsl 8",1
"andeq sl, lr, r0, lsl 30",1
"andpl r0, r0, 0, 2",1
"andeq r0, r0, pc, lsr 29",1
"andeq r1, r0, r4, asr 32",1
"subseq r0, sb, r1",1
"andeq r0, r0, r0",1
"strls r0, [r0], -0",1
svcge 0xe,1
invalid,1
"cdpeq p3, 0xa, c5, c15, c0, 0",1
"subne r0, r4, r0",1
"andeq r0, r1, r0",1
"andeq r0, r0, r4, asr r0",1
"andeq r0, r0, r0",1
"andeq ip, lr, r0, lsl 8",1
"andeq pc, lr, r0, lsl 8",1
"andpl r0, r0, r0, lsl 2",1
"strdeq r0, r1, [r0], -r4",1
"strdeq r0, r1, [r0], -fp",1
"rsbseq r0, r8, r2",1
"strdeq r0, r1, [r0], -fp",1
"andeq r1, r0, ip",1
"ldcmi p0, c0, [r1], {2}",1
"andeq r1, r0, ip",1
"andeq r1, r0, r4, lsl r0",1
"ldrbne r0, [r0], -1",1
blne 0x156d0,1
"andeq r0, r0, 0x10",1
blne 0x33698,1
"strlo r0, [r0], -0x10",1
"andeq r0, r0, 0x10",1
"strblo sb, [ip], -0x100",1
"smladlo r0, r0, r0, r0",1
invalid,1
"eorsne r5, r7, r0",1
"eorsne r0, r8, r0",1
"andeq r0, r2, r0",1
"mlasne r8, r1, ip, r4",1
"eorsne r0, fp, r0",1
"andeq r0, r1, r0",1
"andseq r3, r0, r0, asr fp",1
"andseq r4, r0, r0, lsl 8",1
"mrsls r0, r8_usr",1
"andeq r0, r0, ip, asr 32",1
"andeq r0, r0, r0",1
"andeq ip, lr, r0, lsl 16",1
"andeq r0, pc, r0",1
"strpl r0, [r0, -0x100]",1
"andeq r0, r0, r0, lsl 30",1
"andeq r0, r0, r4, lsl 30",1
"ldrbeq r0, [r0], -1",1
"strhs r0, [r0], -0xf",1
invalid,1
"eorne r5, r4, r0, lsl 10",1
"eorne r0, ip, r0",1
"andeq r0, r1, r0",1
"andseq r2, r0, r0, asr ip",1
"andseq r4, r0, r0, lsl 8",1
"strpl r0, [r0, -0x100]",1
"andeq r0, r0, r0",1
"andeq r0, r0, r0",1
"ldrdeq r0, r1, [r0], -ip",1
"andeq r0, r0, r0, lsr 30",1
"mrrceq p0, 0, r0, fp, c1",1
"strlo r0, [r0], -0x10",1
invalid,1
"eorsne r5, r8, r0, lsl 22",1
"subne r0, r4, r0",1
"andeq r0, r1, r0",1
"andeq r0, r0, fp, asr r0",1
"andeq r0, r0, r0",1
"andeq sp, lr, r0, lsl 24",1
"andeq r0, pc, r0",1
"strvc r0, [r0, -0x900]",1
"ldrbmi r0, [r4, r0, lsl 6]",1
svcls 0x290001,1
"andeq r1, r0, ip",1
"andeq r1, r0, r4, lsr 32",1
"rsbseq r0, r5, sb",1
"mrseq sp, spsr",1
"ldmlo pc, {r8, fp, sp}",1
"strmi r0, [r0], -0x10",1
"stmdbeq r0, {r4}",1
"movweq r7, 0x500",1
"ldrdeq r4, r5, [r1], -r4",1
"andeq sb, r0, sb, lsr 30",1
"andeq r0, r0, r0",1
svceq 0x80000,1
svceq 0x140000,1
"andeq r0, r8, r0",1
"rsbseq r0, r0, fp, ror r0",1
svcls 0x24331c,1
"andeq r0, r0, r4, lsl pc",1
"andeq r0, r0, fp, lsl pc",1
"subseq r0, r2, r1",1
"andeq r0, r0, r0",1
invalid,1
"andhs r0, r0, pc",1
"andeq r0, r0, 0xf",1
"addseq r3, pc, r0",1
"andeq r0, r0, r0",1
invalid,1
"stmdane r0, {r0, r1, r2, r3}",1
"stmdaeq r0, {r0, r1, r2, r3}",1
"movwlo r7, 0",1
"andhs r7, r0, 36, 10",1
"muleq pc, pc, r8",1
"andeq r1, pc, r0, lsl 22",1
"movweq r0, 0xc00",1
"ldrdeq r4, r5, [r1], -r0",1
"strvc r3, [r4, -0x306]!",1
"addseq r2, pc, r0, lsl 4",1
"andeq r0, r0, r0",1
invalid,1
blvc 0x1582c,1
invalid,1
svceq 0x905c00,1
svceq 0xa70000,1
"andeq r0, r1, r0",1
"andeq r0, r0, r1, asr r0",1
"andeq r0, r0, r0",1
"andeq r3, pc, r0, lsl 24",1
"andeq pc, pc, r0, lsl 8",1
"strpl r0, [r0, -r0, lsl 2]",1
"strdeq r0, r1, [r0], -r8",1
"andeq r1, r0, ip",1
"subseq r0, r7, r1",1
"andeq r0, r0, r0",1
invalid,1
"andpl r0, r0, pc",1
invalid,1
svceq 0x505000,1
svceq 0x680000,1
"andeq r0, r1, r0",1
"andeq r6, pc, r1, asr r8",1
"andseq r0, r0, r0, lsl 24",1
"mrsls r0, r8_usr",1
"andeq r0, r0, r4, asr 32",1
"andeq r0, r0, r0",1
"andeq r7, pc, r0, lsl 24",1
"andeq sl, pc, r0",1
"andpl r0, r0, r0, lsl 2",1
"andeq r0, r0, r0, lsr 31",1
"andeq r0, r0, r7, lsr 31",1
svcvc 0x710003,1
"muleq r0, pc, r0",1
"andeq r0, r0, r0",1
"andeq sl, pc, r0, lsl 24",1
"andeq fp, pc, r0, lsl 14",1
invalid,1
"andeq r0, r0, r0",1
"andeq r0, r0, r0",1
"andeq r1, r0, r4, asr 32",1
"andeq r1, r0, r8, asr 32",1
"rsbseq r0, sp, r2",1
"andeq r1, r0, r8, asr 32",1
"andeq r1, r0, r8, ror r0",1
"rsbsne r0, sp, r2",1
"andeq r0, r0, r0",1
"andeq r0, r0, r0",1
"andeq r1, r0, r4, asr 32",1
"andeq r1, r0, pc, asr 32",1
svcmi 0x500001,1
"stmdavc r0, {r4}",1
invalid,1
"andeq r5, r0, r0, lsl 10",1
"andeq r0, r0, r0",1
"rsbsne r0, r8, r0",1
"addne r0, r4, r0",1
"andeq r0, r1, r0",1
"andseq r8, r0, r0, asr r4",1
"andseq sb, r0, r0",1
"vshl.u8 d0, d0, d0",1
"addseq r5, pc, r1",1
"andeq r0, r0, r0",1
"andls r0, r0, r0",1
invalid,1
invalid,1
"addsne r5, ip, r0",1
"adcne r0, r8, r0",1
"andeq r0, r4, r0",1
svcls 0x5001f3,1
"andeq r0, r0, r0",1
"andeq r0, r0, r0",1
"andeq r1, r0, r8, lsr 1",1
"andeq r1, r0, r0, asr 1",1
"rsbseq r0, sp, r2",1
"andeq r1, r0, r0, asr 1",1
"andeq r1, r0, ip, ror 1",1
"ldrbteq r0, [sp], -2",1
"andeq r0, r0, r0",1
"andeq r0, r0, r0",1
"andeq r1, r0, r8, lsr 1",1
"andeq r1, r0, ip, asr 1",1
"mrrcgt p0, 0, r0, r0, c1",1
invalid,1
"streq r0, [r0], -0x10",1
"andpl pc, r1, r0, lsl 6",1
"muleq r0, pc, r0",1
"andeq r0, r0, r0",1
"andseq sl, r0, r0, lsl 16",1
"andseq ip, r0, r0, lsl 16",1
invalid,1
"andeq r1, r0, r8, asr 1",1
"andeq r1, r0, ip, ror 1",1
invalid,1
"andeq sb, r0, r1, asr pc",1
"andeq r0, r0, r0",1
"adcne r0, r8, r0",1
"sbcsne r0, r0, r0",1
"andeq r0, r1, r0",1
"andseq sp, r0, r2, asr r0",1
"andseq lr, r0, r0, lsl 24",1
"vshl.u8 d0, d0, d0",1
"addseq r5, pc, r1, lsl 4",1
"andeq r0, r0, r0",1
invalid,1
"stmdagt r0, {r4}",1
invalid,1
"andeq r5, r0, r0, lsl 2",1
"andeq r0, r0, r0",1
"adcsne r0, r8, r0",1
"adcsne r0, ip, r0",1
"andeq r0, r8, r0",1
"ldrths r0, [r2], -0x27c",1
svcls 0x220073,1
"strheq r1, [r0], -ip",1
"andeq r1, r0, ip, ror 1",1
"rsbseq r0, ip, r8",1
"rsbseq r2, r3, r2, lsr r4",1
"andeq sb, r0, r2, lsr 30",1
"andeq r0, r0, r0",1
"sbcne r0, r8, r0",1
"sbcsne r0, ip, r0",1
"andeq r0, r1, r0",1
"andeq r0, r0, r1, asr r0",1
"andeq r0, r0, r0",1
"andseq lr, r0, r0, lsl 24",1
"andseq pc, r0, r0, lsl 16",1
"andpl r0, r0, r0, lsl 2",1
"strdeq r1, r2, [r0], -r8",1
"andeq r1, r0, r8, lsl 2",1
"subseq r0, r3, r1",1
"andeq r0, r0, r0",1
invalid,1
invalid,1
"andeq r0, r0, 0x11",1
invalid,1
invalid,1
"andeq r0, r0, 0x11",1
"andeq r7, r8, r0, lsl 26",1
"andeq r0, r0, r0",1
invalid,1
"stmdane r0, {r0, r4}",1
invalid,1
"tstne r8, r0",1
"teqne r7, r0",1
"andeq r0, r1, r0",1
"andseq r3, r1, r0, asr r7",1
"andseq r3, r1, r0, lsl 24",1
"movweq r1, 0x300",1
"andeq r4, r1, r8, lsr sb",1
invalid,1
"ldmdbhs r0!, {r0, ip, lr}",1
"strne r0, [r0], -r8, lsr 2",1
"andeq sb, r0, r3, lsl pc",1
"andeq r0, r0, r0",1
invalid,1
"teqne r7, r0",1
"andeq r0, r1, r0",1
"andseq r3, r1, r1, asr r7",1
"andseq r3, r1, r0, lsl 24",1
"vshl.u8 d0, d0, d0",1
"addseq r5, pc, r1, lsl 2",1
"andeq r0, r0, r0",1
invalid,1
"smladlo r0, r1, r0, r0",1
invalid,1
"teqne r7, r0, lsl 4",1
"teqne ip, r0",1
"andeq r0, r4, r0",1
svcls 0x5201f3,1
"andeq r0, r0, r0",1
"andeq r0, r0, r0",1
"andeq r1, r0, ip, lsr r1",1
"andeq r1, r0, r0, asr 2",1
"rsbseq r0, sp, r2",1
"andeq r1, r0, r0, asr 2",1
"andeq r1, r0, r4, asr 2",1
"rsbshs r0, sp, r2",1
"andeq r1, r0, r4, asr 2",1
"strheq r1, [r0], -r8",1
"ldmdalo sp!, {r1} ^",1
"andeq r0, r0, r0",1
"andeq r0, r0, r0",1
"andeq r1, r0, ip, lsr r1",1
"andeq r1, r0, r0, asr r1",1
"subspl r0, r0, r1",1
"stmdalt r0, {r0, r4}",1
invalid,1
"andeq r5, r0, r0, lsl 14",1
"andeq r0, r0, r0",1
"teqne ip, r0",1
invalid,1
"andeq r0, r1, r0",1
"andseq r6, r1, r1, asr r7",1
"andseq fp, r1, r0, lsl 16",1
"stmdbpl r0, {r8}",1
"andeq r0, r0, r0",1
"andeq r0, r0, r0",1
"andeq r1, r0, ip, lsr r1",1
"andeq r1, r0, r7, ror 2",1
"ldrbvs r0, [r2, -r1]",1
"stmdalt r0, {r0, r4}",1
invalid,1
"andeq r5, r0, r0, lsl 20",1
"andeq r0, r0, r0",1
"teqne ip, r0",1
invalid,1
"andeq r0, r1, r0",1
"andseq r6, r1, r3, asr r7",1
"andseq fp, r1, r0, lsl 16",1
"stmdapl r0, {r8}",1
"andeq r0, r0, r0",1
"andeq r0, r0, r0",1
"strheq r1, [r0], -r8",1
"strheq r1, [r0], -ip",1
"rsbseq r0, sp, r2",1
"strheq r1, [r0], -ip",1
"andeq r1, r0, r4, asr 3",1
"ldrbths r0, [sp], -2",1
"andeq r1, r0, r4, asr 3",1
"andeq r1, r0, r0, ror r2",1
"ldmdagt sp!, {r0, r1} ^",1
"andeq r0, r0, r0",1
"andeq r0, r0, r0",1
"andseq fp, r1, r0, lsl 16",1
"andseq sp, r1, r0, lsl 14",1
"andpl r0, r0, r0, lsl 2",1
"ldrdeq r1, r2, [r0], -r7",1
"andeq r1, r0, r0, ror r2",1
"subseq r0, r6, r1",1
"andeq r0, r0, r0",1
invalid,1
"smladle r0, r1, r0, r0",1
invalid,1
"bicsne r5, r7, r0, lsl 2",1
"rsbsne r0, r0, 0",1
"andeq r0, r1, r0",1
"andeq r0, r0, r5, asr r0",1
"andeq r0, r0, r0",1
"andseq fp, r1, r0, lsl 16",1
"andseq sp, r1, r0, lsl 14",1
"andpl r0, r0, 0, 2",1
"ldrdeq r1, r2, [r0], -r7",1
"andeq r1, r0, r0, ror r2",1
invalid,1
"andeq sb, r0, r2, asr pc",1
"andeq r0, r0, r0",1
"bicsne r0, r4, r0",1
"bicsne r0, r7, r0",1
"andeq r0, r1, r0",1
"andseq sp, r1, r2, asr r7",1
"andseq r7, r2, r0",1
"vshl.u8 d0, d0, d0",1
"addseq r5, pc, r1, lsl 4",1
"andeq r0, r0, r0",1
"strle r0, [r0], -0",1
"smladle r0, r1, r0, r0",1
invalid,1
"bicsne r5, r7, r0, lsl 2",1
"rsbsne r0, r0, 0",1
"andeq r0, r1, r0",1
"andeq r0, r0, r5, asr r0",1
"andeq r0, r0, r0",1
"andseq sp, r1, r0, lsl 8",1
"andseq sp, r1, r0, lsl 14",1
"andpl r0, r0, r0, lsl 2",1
"ldrdeq r1, r2, [r0], -r7",1
"andeq r1, r0, r0, ror r2",1
"subseq r0, r6, r1",1
"andeq r0, r0, r0",1
"str r0, [r0], -0",1
blne 0x15c68,1
invalid,1
"andeq r5, r0, r0, lsl 24",1
"andeq r0, r0, r0",1
"rsbsne r0, r0, 0",1
"rsbsne r0, r4, 0",1
"andeq r0, r2, r0",1
"rsbsne r0, r4, 0x7d",1
"rsbsne r0, ip, 0",1
"andeq r0, r2, r0",1
"rsbsne r2, ip, 0x7d000000",1
"teqne ip, 0",1
"andeq r0, r3, r0",1
"andeq ip, r0, sp, ror r8",1
"andeq r0, r0, r0",1
"andvc r0, r0, r0",1
"movwls r0, 0x12",1
invalid,1
"addsne r5, r3, 0",1
"teqne ip, 0",1
"andeq r0, r1, r0",1
"andeq r0, r0, r7, asr r0",1
"andeq r0, r0, r0",1
"andseq r7, r2, r0",1
"andseq sb, r2, r0, lsl 6",1
invalid,1
"muleq r0, r3, r2",1
"andeq r1, r0, ip, lsr r3",1
"subseq r0, r6, r1",1
"andeq r0, r0, r0",1
"andvc r0, r0, r0",1
"movwls r0, 0x12",1
invalid,1
"addsne r5, r3, 0, 4",1
"teqne ip, 0",1
"andeq r0, r1, r0",1
"andeq r0, r0, r5, asr r0",1
"andeq r0, r0, r0",1
"andseq r7, r2, r0",1
"andseq sb, r2, r0, lsl 6",1
"movwpl r0, 0x100",1
"muleq r0, r3, r2",1
"andeq r1, r0, ip, lsr r3",1
invalid,1
"andeq sb, r0, r3, asr pc",1
"andeq r0, r0, r0",1
"sbcne r0, ip, 0",1
"sbcsne r0, r4, 0",1
"andeq r0, r1, r0",1
"andseq sp, r2, r2, asr r4",1
"andseq sp, r2, r0, lsl 14",1
"stmdavc r0, {sb}",1
"andseq sp, r2, r0, lsl 14",1
"andseq r3, r3, r0, lsl 24",1
"mrsls r0, r8_usr",1
"andeq r0, r0, ip, asr 32",1
"andeq r0, r0, r0",1
"andseq sp, r2, r0, lsl 24",1
"andseq lr, r2, r0, lsl 22",1
invalid,1
"andeq r1, r0, fp, ror 5",1
"andeq r1, r0, ip, lsr r3",1
"cmneq fp, r3",1
"muleq r0, pc, r0",1
"andeq r0, r0, r0",1
"andseq r3, r3, r0, lsl 24",1
"andseq r4, r3, r0",1
"stcvc p2, c0, [r0, -0]",1
"andseq r4, r3, r0",1
"andseq ip, r3, r0, lsl 8",1
"stcvc p2, c0, [r0, -0]",1
"andeq r0, r0, r8, lsl r0",1
"andeq r0, r0, r0",1
"andseq r4, r3, r0, lsl 24",1
"andseq r5, r3, r0, lsl 24",1
"mrslo r0, r8_usr",1
"mulseq r3, pc, r8",1
"andseq r7, r3, r0, lsl 8",1
"strpl r0, [r0], -0x100",1
"andeq r0, r0, r0",1
"andeq r0, r0, r0",1
"andeq r1, r0, r4, asr 7",1
"andeq r1, r0, pc, asr 7",1
svcgt 0x500001,1
"strle r0, [r0], -0x13",1
"streq r0, [r0], -0x13",1
"andpl pc, r1, r0, lsl 6",1
"muleq r0, pc, r0",1
"andeq r0, r0, r0",1
"andseq ip, r3, r0, lsl 8",1
"andseq ip, r3, r0, lsl 30",1
invalid,1
"andeq r1, r0, pc, asr 7",1
"ldrdeq r1, r2, [r0], -r4",1
invalid,1
"andeq sb, r0, r1, asr pc",1
"andeq r0, r0, r0",1
"bicsne r0, r4, 0",1
"bicsne r0, fp, 0",1
"andeq r0, r1, r0",1
"andseq sp, r3, r0, asr fp",1
"andseq lr, r3, r0",1
"vshl.u8 d0, d0, d0",1
"addseq r5, pc, r1",1
"andeq r0, r0, r0",1
"strle r0, [r0], -0",1
blle 0x15e18,1
invalid,1
"bicsne r5, fp, 0, 2",1
"mvnne r0, 0",1
"andeq r0, r4, r0",1
svcls 0x5101f3,1
"andeq r0, r0, r0",1
"andeq r0, r0, r0",1
"ldrdeq r1, r2, [r0], -r4",1
"ldrdeq r1, r2, [r0], -fp",1
blle 0x1495df8,1
"and r0, r0, r3, lsl r0",1
"streq r0, [r0], -0x13",1
"andpl pc, r1, 0, 6",1
"muleq r0, pc, r0",1
"andeq r0, r0, r0",1
"andseq lr, r3, r0",1
"andseq pc, r3, r0",1
"andpl r0, r0, r0, lsl 2",1
"strdeq r1, r2, [r0], -r0",1
"strdeq r1, r2, [r0], -r3",1
"vhadd.u16 d16, d1, d1",1
invalid,1
"streq r0, [r0], -0x13",1
"andpl pc, r1, r0, lsl 6",1
"muleq r0, pc, r0",1
"andeq r0, r0, r0",1
"andseq lr, r3, r0, lsl 16",1
"andseq pc, r3, r0",1
"andpl r0, r0, r0, lsl 2",1
"strdeq r1, r2, [r0], -r0",1
"strdeq r1, r2, [r0], -r3",1
"vhadd.u16 d16, d1, d1",1
invalid,1
"streq r0, [r0], -0x13",1
"andpl pc, r1, r0, lsl 6",1
"muleq r0, pc, r0",1
"andeq r0, r0, r0",1
"andseq pc, r3, r0, lsl 16",1
"andseq r0, r4, r0, lsl 24",1
"andpl r0, r0, r0, lsl 2",1
"andeq r1, r0, ip, lsl 8",1
"andeq r1, r0, pc, lsl 8",1
svceq 0x510001,1
"strne r0, [r0], -0x14",1
"streq r0, [r0], -0x14",1
"andpl pc, r1, r0, lsl 6",1
"muleq r0, pc, r0",1
"andeq r0, r0, r0",1
"andseq pc, r3, r0, lsl 16",1
"andseq r0, r4, r0, lsl 8",1
invalid,1
"andeq r1, r0, r4, lsl 8",1
"andeq r1, r0, pc, lsl 8",1
svceq 0x520001,1
"strne r0, [r0], -0x14",1
"streq r0, [r0], -0x14",1
"mrspl pc, sp_irq",1
"muleq r0, pc, r0",1
"andeq r0, r0, r0",1
"andseq r0, r4, r0",1
"andseq r0, r4, r0, lsl 8",1
invalid,1
"andeq r1, r0, r4, lsl 8",1
"andeq r1, r0, pc, lsl 8",1
svceq 0x520001,1
"strne r0, [r0], -0x14",1
"streq r0, [r0], -0x14",1
"mrspl pc, sp_irq",1
"muleq r0, pc, r0",1
"andeq r0, r0, r0",1
"andseq pc, r3, r0, lsl 24",1
"andseq r0, r4, r0, lsl 24",1
"andpl r0, r0, r0, lsl 2",1
"andeq r1, r0, ip, lsl 8",1
"andeq r1, r0, pc, lsl 8",1
svceq 0x510001,1
"strne r0, [r0], -0x14",1
"streq r0, [r0], -0x14",1
"andpl pc, r1, r0, lsl 6",1
"muleq r0, pc, r0",1
"andeq r0, r0, r0",1
"andseq r1, r4, r0, lsl 8",1
"andseq r1, r4, r0, lsl 16",1
"stcvc p2, c0, [r0, -0]",1
"andseq r1, r4, r0, lsl 16",1
"andseq r2, r4, r0",1
"stcvc p2, c0, [r0, -0]",1
"andseq r2, r4, ip",1
"andseq sl, r4, r0",1
"stcvc p3, c0, [r0, -0]",1
"strdeq r0, r1, [r0], -r0",1
"andeq r0, r0, r0",1
"ldrne r0, [r4], -0",1
"strbtne r0, [ip], -0",1
"andeq r0, r1, r0",1
"andseq r6, r4, r0, asr ip",1
"andseq sb, r4, r0, lsl 24",1
"strpl r0, [r0, -0x100]",1
"muleq r0, ip, r4",1
"muleq r0, pc, r4",1
svcls 0x500001,1
"andge r0, r0, r4, lsl r0",1
invalid,1
"andeq r5, r0, r0, lsl 10",1
"andeq r0, r0, r0",1
"ldrne r0, [r4], -0",1
"strbtne r0, [ip], -0",1
"andeq r0, r1, r0",1
"andseq r6, r4, r1, asr ip",1
"andseq r7, r4, r0, lsl 8",1
"andpl r0, r0, r0, lsl 2",1
"andeq r1, r0, r4, ror r4",1
"muleq r0, r3, r4",1
"rsbseq r0, sp, r2",1
"muleq r0, r3, r4",1
"muleq r0, ip, r4",1
"ldmlt r1, {r0, r1}",1
"andseq sb, r4, pc, ror ip",1
"andseq sb, r4, r0, lsl 30",1
invalid,1
"muleq r0, pc, r4",1
"andeq r1, r0, r0, lsr 9",1
invalid,1
"andeq sb, r0, r1, asr pc",1
"andeq r0, r0, r0",1
"ldrne r0, [r4], -0",1
"strbtne r0, [ip], -0",1
"andeq r0, r1, r0",1
"andseq r6, r4, r2, asr ip",1
"andseq sb, r4, r0, lsl 24",1
"strpl r0, [r0], -0x100",1
"muleq r0, ip, r4",1
"muleq r0, pc, r4",1
svcls 0x520001,1
"andge r0, r0, r4, lsl r0",1
invalid,1
"andeq r5, r0, r0, lsl 8",1
"andeq r0, r0, r0",1
"strtne r0, [r0], 0",1
"strtne r0, [r4], 0",1
"andeq r0, r2, r0",1
"strtne r0, [r4], 0x7d",1
"strtne r0, [ip], 0",1
"andeq r0, r2, r0",1
"strtne r1, [ip], 0x7d",1
"ldrne r0, [r0, -0]!",1
"andeq r0, r3, r0",1
"andeq pc, r0, sp, ror r0",1
"andeq r0, r0, r0",1
"andge r0, r0, r0",1
invalid,1
invalid,1
"ldrbtne r5, [ip], 0",1
"strne r0, [ip, -0]!",1
"andeq r0, r1, r0",1
"andseq r2, r5, r6, asr ip",1
"andseq r2, r5, r0, lsl 30",1
"andpl r0, r0, r0, lsl 2",1
"andeq r1, r0, pc, lsr 10",1
"andeq r1, r0, r0, lsr r5",1
"subseq r0, r6, r1",1
"andeq r0, r0, r0",1
"andge r0, r0, r0",1
invalid,1
invalid,1
"ldrbtne r5, [ip], 0x100",1
"strne r0, [r4, -0]",1
"andeq r0, r1, r0",1
"andseq r0, r5, r0, asr r4",1
"andseq r2, r5, r0, lsl 6",1
"stcvc p2, c0, [r0, -0]",1
"andseq r2, r5, r0, lsl 6",1
"andseq r2, r5, r0, lsl 24",1
"mrsls r0, lr_irq",1
"strne r7, [ip, -0xfb8]!",1
"strne r0, [0x0001608c]!",1
"andeq r0, r1, r0",1
"andseq r2, r5, r1, asr pc",1
"andseq r3, r5, r0",1
"vshl.u8 d0, d0, d0",1
"addseq r5, pc, r1, lsl 2",1
"andeq r0, r0, r0",1
"andge r0, r0, r0",1
invalid,1
invalid,1
"ldrbtne r5, [ip], 0x200",1
"strne r0, [ip, -0]!",1
"andeq r0, r1, r0",1
"andseq r2, r5, r5, asr ip",1
"andseq r2, r5, r0, lsl 30",1
"andpl r0, r0, 0, 2",1
"andeq r1, r0, pc, lsr 10",1
"andeq r1, r0, r0, lsr r5",1
"subseq r0, r5, r1",1
"andeq r0, r0, r0",1
"andge r0, r0, r0",1
invalid,1
invalid,1
"ldrbtne r5, [ip], 0x300",1
"strne r0, [ip, -0]!",1
"andeq r0, r1, r0",1
"andseq r2, r5, r4, asr ip",1
"andseq r2, r5, r0, lsl 30",1
"movwpl r0, 0x100",1
"andeq r1, r0, pc, lsr 10",1
"andeq r1, r0, r0, lsr r5",1
"subseq r0, r4, r1",1
"andeq r0, r0, r0",1
"andlo r0, r0, r0",1
"strlo r0, [r0], -0x15",1
"andeq r0, r0, 0x15",1
"strlo r7, [r0], -0xd00",1
invalid,1
"andeq r0, r0, 0x15",1
invalid,1
"stmdalt r0, {r0, r2, r4}",1
"movweq r0, 0x15",1
"rscseq r7, r0, r0, lsl 26",1
"andeq r0, r0, r0",1
"andeq r0, r0, r0",1
"andeq r1, r0, r0, lsr r5",1
"andeq r1, r0, ip, lsl 11",1
"mrrchi p0, 0, r0, r0, c1",1
blge 0x161a0,1
"andeq r0, r0, 0x15",1
blge 0x35554,1
"strlt r0, [r0], -0x15",1
"movweq r0, 0x15",1
svcvc 0xb89100,1
"strheq r1, [r0], -r4",1
"strheq r1, [r0], -r7",1
"ldrblt r0, [r0, -r1]",1
"stmdalt r0, {r0, r2, r4}",1
"streq r0, [r0], -0x15",1
"andpl pc, r1, r0, lsl 6",1
"muleq r0, pc, r0",1
"andeq r0, r0, r0",1
"andseq r3, r5, r0",1
"andseq r8, r5, r0, lsl 8",1
invalid,1
"andeq r1, r0, r4, lsl 11",1
"strheq r1, [r0], -r4",1
"ldrblt r0, [r5], -1",1
"smladlt r0, r5, r0, r0",1
invalid,1
"ldrne r5, [r7, 0x100]!",1
"ldrne r0, [r8, 0]!",1
"andeq r0, r1, r0",1
"andeq r0, r0, r5, asr r0",1
"andeq r0, r0, r0",1
"andseq r4, r5, r0, lsl 8",1
"andseq r8, r5, r0, lsl 8",1
invalid,1
"andeq r1, r0, r4, lsl 11",1
"strheq r1, [r0], -r4",1
"ldrblt r0, [r5], -1",1
"smladlt r0, r5, r0, r0",1
invalid,1
"ldrne r5, [r7, 0x100]!",1
"ldrne r0, [r8, 0]!",1
"andeq r0, r1, r0",1
"andeq r0, r0, r5, asr r0",1
"andeq r0, r0, r0",1
"andseq r4, r5, r0, lsl 8",1
"andseq r8, r5, r0, lsl 24",1
"andpl r0, r0, r0, lsl 2",1
"andeq r1, r0, ip, lsl 11",1
"andeq r1, r0, fp, lsr 11",1
"rsbseq r0, sp, r2",1
"andeq r1, r0, fp, lsr 11",1
"strheq r1, [r0], -r4",1
"ldmlt r1, {r0, r1}",1
"andseq fp, r5, pc, ror r4",1
"andseq fp, r5, r0, lsl 14",1
"andpl r0, r0, r0, lsl 2",1
"strheq r1, [r0], -r7",1
"strheq r1, [r0], -r8",1
invalid,1
"andeq sb, r0, r0, asr pc",1
"andeq r0, r0, r0",1
"ldrne r0, [r8, 0]!",1
"ldrne r0, [ip, 0]!",1
"andeq r0, r2, r0",1
"ldrne r0, [ip, 0x7d]!",1
"strbne r0, [r4]",1
"andeq r0, r2, r0",1
"strbne r1, [r4, 0x7d]",1
"strbne r0, [r4], -r0",1
"andeq r0, r3, r0",1
"andeq pc, r0, sp, ror r0",1
"andeq r0, r0, r0",1
invalid,1
"stmdane r0, {r0, r2, r4}",1
invalid,1
"ldrne r5, [r8], -r0",1
"ldrtne r0, [r7], -r0",1
"andeq r0, r2, r0",1
"shsub16ne r0, r7, sp",1
"strbne r0, [r0], -r0",1
"andeq r0, r3, r0",1
invalid,1
"movwmi r0, 0x16",1
invalid,1
"strbne r5, [r3], -r0",1
"strbne r0, [r4], -r0",1
"andeq r0, r4, r0",1
svcls 0x5001f3,1
"andeq r0, r0, r0",1
"andeq r0, r0, r0",1
"strheq r1, [r0], -r8",1
"andeq r1, r0, r0, lsl r6",1
"subsne r0, r1, r1",1
"andmi r0, r0, r6, lsl r0",1
invalid,1
"strbne r5, [r0], -r0, lsl 12",1
"strbne r0, [r3], -r0",1
"andeq r0, r1, r0",1
"andseq r4, r6, r1, asr r3",1
"andseq r4, r6, r0, lsl 8",1
"strpl r0, [r0], -r0, lsl 2",1
"andeq r0, r0, r0",1
"andeq r0, r0, r0",1
"strheq r1, [r0], -r8",1
"andeq r1, r0, r0, lsl r6",1
"subsne r0, r2, r1",1
"andmi r0, r0, r6, lsl r0",1
invalid,1
"strbne r5, [r0], -r0, lsl 10",1
"strbne r0, [r3], -r0",1
"andeq r0, r1, r0",1
"andseq r4, r6, r2, asr r3",1
"andseq r4, r6, r0, lsl 8",1
"strpl r0, [r0, -0x100]",1
"andeq r0, r0, r0",1
"andeq r0, r0, r0",1
"ldrdeq r1, r2, [r0], -r0",1
"andeq r1, r0, r0, lsl r6",1
"subsne r0, r2, r1",1
"andmi r0, r0, r6, lsl r0",1
invalid,1
"strbne r5, [r0], -r0, lsl 10",1
"strbne r0, [r3], -r0",1
"andeq r0, r1, r0",1
"andseq r4, r6, r2, asr r3",1
"andseq r4, r6, r0, lsl 8",1
"strpl r0, [r0, -0x100]",1
"andeq r0, r0, r0",1
"andeq r0, r0, r0",1
"andeq r1, r0, ip, asr 11",1
"andeq r1, r0, r0, lsl r6",1
"subsne r0, r1, r1",1
"andmi r0, r0, r6, lsl r0",1
invalid,1
"strbne r5, [r0], -r0, lsl 12",1
"strbne r0, [r3], -r0",1
"andeq r0, r1, r0",1
"andseq r4, r6, r1, asr r3",1
"andseq r4, r6, r0, lsl 8",1
"strpl r0, [r0], -r0, lsl 2",1
"andeq r0, r0, r0",1
"andeq r0, r0, r0",1
"ldrdeq r1, r2, [r0], -r0",1
"andeq r1, r0, r8, lsl r6",1
"ldmdane r0, {r0} ^",1
"smladlo r0, r6, r0, r0",1
"andeq r0, r0, 0x16",1
"strlo r7, [r0, -r0, lsl 26]",1
"andmi r0, r0, r6, lsl r0",1
"movweq r0, 0x16",1
svcvc 0xb89100,1
"andeq r1, r0, r0, asr 12",1
"andeq r1, r0, r3, asr 12",1
"cmpmi r0, 1",1
"strmi r0, [r0], -0x16",1
"streq r0, [r0], -0x16",1
"andpl pc, r1, r0, lsl 6",1
"muleq r0, pc, r0",1
"andeq r0, r0, r0",1
"andseq r4, r6, r0, lsl 8",1
"andseq r4, r6, r0, lsl 16",1
"stcvc p2, c0, [r0, -0]",1
"andseq r4, r6, r0, lsl 16",1
"andseq r5, r6, r0",1
"stcvc p2, c0, [r0, -0]",1
"andseq r5, r6, r0, lsl r0",1
"andseq ip, r6, r0, lsl 8",1
"stcvc p3, c0, [r0, -0]",1
"andeq r0, r0, r0, asr 1",1
"andeq r0, r0, r0",1
"strbne r0, [r4], -r0",1
"strbtne r0, [r4], -r0",1
"andeq r0, r1, r0",1
"andseq r6, r6, r0, asr r4",1
"andseq ip, r6, r0, lsl 8",1
"strpl r0, [r0], -r0, lsl 2",1
"andeq r0, r0, r0",1
"andeq r0, r0, r0",1
"andeq r1, r0, r4, asr 12",1
"andeq r1, r0, r4, ror 12",1
"ldrbvs r0, [r1], -1",1
"strgt r0, [r0], -0x16",1
invalid,1
"andeq r5, r0, r0, lsl 10",1
"andeq r0, r0, r0",1
"strbne r0, [r4], -r0",1
"strbtne r0, [r4], -r0",1
"andeq r0, r1, r0",1
"andseq r6, r6, r2, asr r4",1
"andseq ip, r6, r0, lsl 8",1
"vshl.u8 d0, d0, d0",1
"addseq r5, pc, r1, lsl 4",1
"andeq r0, r0, r0",1
invalid,1
"andls r0, r0, r6, lsl r0",1
invalid,1
"andeq r5, r0, r0, lsl 8",1
"andeq r0, r0, r0",1
"ldrbtne r0, [ip], -r0",1
"strne r0, [r4], r0",1
"andeq r0, fp, r0",1
"ldrths r0, [r2], -0x27c",1
"stmdaeq r2!, {r0, r4, r7, sl, fp, ip, sp, lr}",1
"ldrhi r1, [pc], 0xc44       ; [0x16468:4]=0xb000016",1
"stmdahi r0, {r1, r2, r4}",1
bleq 0x164c8,1
"andlo r7, r0, 0, 24",1
"rsbshs sb, ip, 36, 2",1
svcls 0x1c4408,1
"andeq r1, r0, r8, lsl 13",1
"muleq r0, r0, r6",1
"rsbseq r0, r4, pc",1
"eoreq r2, r3, 0xd400000",1
"ldcvc p4, c2, [r1], {0x32}",1
"mcrrne p8, 2, r0, r4, c2",1
"muleq r0, pc, r0",1
"andeq r0, r0, r0",1
"andseq sb, r6, r0",1
"andseq sl, r6, r0",1
"strpl r0, [r0], -0x100",1
"andeq r0, r0, r0",1
"andeq r0, r0, r0",1
"muleq r0, r0, r6",1
"muleq r0, r8, r6",1
"rsbseq r0, r3, r8",1
invalid,1
invalid,1
"ldrne r0, [ip], r0",1
"andeq r0, r1, r0",1
"andseq sb, r6, r2, asr ip",1
"andseq sl, r6, r0, lsl 16",1
"andvc r0, r0, 0, 10",1
svcls 0x273100,1
"andeq r0, r0, r0",1
"andeq r0, r0, r0",1
"andeq r1, r0, r4, asr 13",1
"andeq r1, r0, r8, asr 13",1
"rsbseq r0, sp, r2",1
"andeq r1, r0, r8, asr 13",1
"ldrdeq r1, r2, [r0], -r0",1
"ldcleq p0, c0, [sp], -8",1
"ldrdeq r1, r2, [r0], -r0",1
"andeq r1, r0, r0, asr 14",1
"rsbsgt r0, sp, r3",1
"andeq r0, r0, r0",1
"andeq r0, r0, r0",1
"andseq ip, r6, r0, lsl 8",1
"andseq lr, r6, r0",1
"andpl r0, r0, r0, lsl 2",1
"andeq r1, r0, r0, ror 13",1
"andeq r1, r0, r0, asr 14",1
"subseq r0, r5, r1",1
"andeq r0, r0, r0",1
"strgt r0, [r0], -0",1
"and r0, r0, r6, lsl r0",1
invalid,1
"strbtne r5, [r0], r0, lsl 2",1
"strbne r0, [r0, -r0]",1
"andeq r0, r4, r0",1
svcls 0x5101f3,1
"andeq r0, r0, r0",1
"andeq r0, r0, r0",1
"ldrdeq r1, r2, [r0], -ip",1
"andeq r1, r0, r0, ror 13",1
"subs r0, r1, r1",1
invalid,1
invalid,1
"andeq r5, r0, r0, lsl 8",1
"andeq r0, r0, r0",1
"ldrbne r0, [ip], r0",1
"strbtne r0, [r0], r0",1
"andeq r0, r1, r0",1
"andseq lr, r6, r0, asr r0",1
"andseq r4, r7, r0",1
"strpl r0, [r0, -0x100]",1
"andeq r0, r0, r0",1
"andeq r0, r0, r0",1
"strdeq r1, r2, [r0], -r4",1
"andeq r1, r0, ip, lsl 14",1
"subseq r0, r4, r1",1
"andeq r0, r0, r0",1
invalid,1
"andeq r0, r0, r6, lsl r0",1
bleq 0x16604,1
"andlo r7, r2, 0, 24",1
"rsbshs sb, ip, 36, 2",1
svcls 0x1c4408,1
"andeq r1, r0, r0, lsl 14",1
"andeq r1, r0, r4, lsl 14",1
"rsbseq r0, ip, fp",1
"ldcvc p4, c2, [r1], {0x32}",1
"mcrrne p8, 2, r0, r4, c2",1
"mulseq r7, pc, r4",1
"andseq r0, r7, r0, lsl 24",1
"strvc r0, [r0], -0xf00",1
invalid,1
invalid,1
"strmi r2, [r8], -0x27c",1
"andeq sb, r0, ip, lsl pc",1
"andeq r0, r0, r0",1
"strne r0, [ip, -r0]",1
"ldrne r0, [ip, -r0]",1
"andeq r0, r1, r0",1
"andeq r0, r0, r4, asr r0",1
"andeq r0, r0, r0",1
"andseq r0, r7, r0, lsl 24",1
"andseq r1, r7, r0, lsl 8",1
"movwvc r0, 0x800",1
"strhs r7, [r0, -0x400]",1
"ldrne r1, [pc], 0xa31       ; [0x16610:4]=0x1000017",1
"stmdane r0, {r0, r1, r2, r4}",1
invalid,1
"ldrne r5, [r8, -r0, lsl 4]",1
"strne r0, [r4, -r0]!",1
"andeq r0, r5, r0",1
invalid,1
"muleq r0, pc, r0",1
"andeq r0, r0, r0",1
"andseq r4, r7, r0",1
"andseq r4, r7, r0, lsl 8",1
"stcvc p2, c0, [r0, -0]",1
"andseq r4, r7, r0, lsl 8",1
"andseq r4, r7, r0, lsl 24",1
"stcvc p2, c0, [r0, -0]",1
"andseq r4, r7, r8, lsl 24",1
"andseq sl, r7, r0, lsl 8",1
"stcvc p2, c0, [r0, -0]",1
"andeq r0, r0, r8, lsr r0",1
"andeq r0, r0, r0",1
"andseq r4, r7, r0",1
"andseq r5, r7, r0, lsl 16",1
"andpl r0, r0, r0, lsl 2",1
"andeq r1, r0, r8, asr r7",1
"andeq r1, r0, r4, lsr 15",1
"subseq r0, r4, r1",1
"andeq r0, r0, r0",1
"strpl r0, [r0], -0",1
"stmdapl r0, {r0, r1, r2, r4}",1
invalid,1
"ldrbne r5, [r8, -r0]",1
"strne r0, [r4, r0]!",1
"andeq r0, r1, r0",1
"andeq r0, r0, r4, asr r0",1
"andeq r0, r0, r0",1
"andseq r7, r7, r0",1
"andseq r7, r7, r0, lsl 24",1
"movwvc r0, 0x700",1
invalid,1
invalid,1
"strne r0, [r0, r0]",1
"andeq r0, r1, r0",1
"andseq r8, r7, ip, asr r0",1
"andseq r8, r7, r0, lsl 8",1
invalid,1
svcls 0x273100,1
"andeq r1, r0, r4, lsl 15",1
"andeq r1, r0, ip, lsl 15",1
"rsbseq r0, r3, r7",1
bne 0xc5fbfc,1
"mulseq r7, pc, ip",1
"andseq sb, r7, r0, lsl 14",1
invalid,1
"strbhs r0, [sl, -0x64c]",1
"addseq r1, pc, r1, lsr sl",1
"andeq r0, r0, r0",1
"strge r0, [r0], -0",1
"stmdage r0, {r0, r1, r2, r4}",1
"andeq r0, r0, 0x17",1
"stmdage r0, {r8, sl, fp, ip, sp, lr}",1
"andlt r0, r0, r7, lsl r0",1
"andeq r0, r0, 0x17",1
"andlt r7, ip, r0, lsl 26",1
invalid,1
"movweq r0, 0x18",1
"sbceq r7, r0, r0, lsl 26",1
"andeq r0, r0, r0",1
"andeq r0, r0, r0",1
"andeq r1, r0, r4, lsr 15",1
"andeq r1, r0, r0, asr 15",1
"subsgt r0, r0, r1",1
invalid,1
invalid,1
"andeq r5, r0, r0, lsl 10",1
"andeq r0, r0, r0",1
"strne r0, [r4, r0]!",1
"strbne r0, [r0, r0]",1
"andeq r0, r1, r0",1
"andseq ip, r7, r1, asr r0",1
"andseq r0, r8, r0, lsl 24",1
"strpl r0, [r0], -0x100",1
"andeq r0, r0, r0",1
"andeq r0, r0, r0",1
"strheq r1, [r0], -ip",1
"andeq r1, r0, r0, asr 15",1
"subsgt r0, r1, r1",1
invalid,1
invalid,1
"andeq r5, r0, r0, lsl 8",1
"andeq r0, r0, r0",1
"ldrne r0, [r8, r0]!",1
"strbne r0, [r0, r0]",1
"andeq r0, r1, r0",1
"andseq ip, r7, r0, asr r0",1
"andseq r0, r8, r0, lsl 24",1
"strpl r0, [r0, -0x100]",1
"andeq r0, r0, r0",1
"andeq r0, r0, r0",1
"ldrdeq r1, r2, [r0], -r8",1
"andeq r1, r0, r4, ror 15",1
"rsbseq r0, r3, r7",1
bne 0xc5fccc,1
"mulseq r7, pc, r4",1
"andseq lr, r7, r0, lsl 16",1
invalid,1
"andeq r1, r0, r8, ror 15",1
"andeq r1, r0, ip, ror 15",1
"rsbseq r0, ip, r5",1
"ldc p7, c2, [pc], {0x31}",1
"vst4.8 {d0, d1, d2, d3}, [r0:0x40], r7",1
"smladeq r0, r7, r0, r0",1
bmi 0x333cc,1
svcls 0x1a3125,1
"strdeq r1, r2, [r0], -r4",1
"strdeq r1, r2, [r0], -pc",1
"ldrmi r0, [r1], 8",1
invalid,1
"andeq sb, r0, sl, lsl pc",1
"andeq r0, r0, r0",1
invalid,1
invalid,1
"andeq r0, r2, r0",1
"ldmdane r0, {r0, r2, r3, r4, r5, r6}",1
invalid,1
"andeq r0, r2, r0",1
"ldmdane r8, {r0, r2, r3, r4, r5, r6, sl, ip}",1
invalid,1
"andeq r0, r3, r0",1
"andeq ip, r0, sp, ror r8",1
"andeq r0, r0, r0",1
invalid,1
"andlo r0, r0, r8, lsl r0",1
invalid,1
"ldmdane r0!, {ip, lr}",1
invalid,1
"andeq r0, r1, r0",1
"andeq r0, r0, r7, asr r0",1
"andeq r0, r0, r0",1
"andseq r0, r8, r0, lsl 24",1
"andseq r3, r8, r0",1
invalid,1
"andeq r1, r0, r0, lsr r8",1
"andeq r1, r0, r4, lsl 17",1
"subseq r0, r5, r1",1
"andeq r0, r0, r0",1
invalid,1
"andlo r0, r0, r8, lsl r0",1
invalid,1
"ldmdane r0!, {sb, ip, lr}",1
invalid,1
"andeq r0, r1, r0",1
"andeq r0, r0, r4, asr r0",1
"andeq r0, r0, r0",1
"andseq r0, r8, r0, lsl 24",1
"andseq r3, r8, r0",1
"movwpl r0, 0x100",1
"andeq r1, r0, r0, lsr r8",1
"andeq r1, r0, r4, lsl 17",1
"subseq r0, r6, r1",1
"andeq r0, r0, r0",1
invalid,1
"andlo r0, r0, r8, lsl r0",1
invalid,1
"ldmdane r0!, {r8, sb, ip, lr}",1
invalid,1
"andeq r0, r1, r0",1
"andeq r0, r0, r6, asr r0",1
"andeq r0, r0, r0",1
"andseq r2, r8, r0, lsl 16",1
"andseq r3, r8, r0",1
"andpl r0, r0, 0, 2",1
"andeq r1, r0, r0, lsr r8",1
"andeq r1, r0, r4, lsl 17",1
"subseq r0, r4, r1",1
"andeq r0, r0, r0",1
invalid,1
"andlo r0, r0, r8, lsl r0",1
invalid,1
"ldmdane r0!, {r8, ip, lr}",1
invalid,1
"andeq r0, r1, r0",1
"andeq r0, r0, r5, asr r0",1
"andeq r0, r0, r0",1
"andseq r2, r8, r0, lsl 16",1
"andseq r3, r8, r0",1
"andpl r0, r0, r0, lsl 2",1
"andeq r1, r0, r0, lsr r8",1
"andeq r1, r0, r4, lsl 17",1
"subseq r0, r7, r1",1
"andeq r0, r0, r0",1
"strhi r0, [r0], -0",1
"stmdahi r0, {r3, r4}",1
"andeq r0, r0, 0x18",1
"stmdahi r0, {r8, sl, fp, ip, sp, lr}",1
"andls r0, r0, r8, lsl r0",1
"andeq r0, r0, 0x18",1
"andsls r7, r4, r0, lsl 26",1
invalid,1
"movweq r0, 0x18",1
"sbceq r7, r8, r0, lsl 26",1
"andeq r0, r0, r0",1
"andeq r0, r0, r0",1
"andeq r1, r0, r4, lsl 17",1
"andeq r1, r0, r8, lsr 17",1
"ldmdage r0, {r0} ^",1
invalid,1
invalid,1
"andeq r5, r0, r0, lsl 14",1
"andeq r0, r0, r0",1
invalid,1
invalid,1
"andeq r0, r1, r0",1
"andseq sl, r8, r1, asr r8",1
"andseq pc, r8, r0, lsl 24",1
"strpl r0, [r0, -0x100]",1
"andeq r0, r0, r0",1
"andeq r0, r0, r0",1
"andeq r1, r0, r4, lsl 17",1
"andeq r1, r0, r8, lsr 17",1
"ldmdage r2, {r0} ^",1
invalid,1
invalid,1
"andeq r5, r0, r0, lsl 8",1
"andeq r0, r0, r0",1
invalid,1
invalid,1
"andeq r0, r1, r0",1
"andseq sl, r8, r3, asr r8",1
"andseq pc, r8, r0, lsl 24",1
"strpl r0, [r0], -r0, lsl 2",1
"andeq r0, r0, r0",1
"andeq r0, r0, r0",1
"strdeq r1, r2, [r0], -ip",1
"andeq r1, r0, r0, lsl 18",1
"rsbseq r0, sp, r2",1
"andeq r1, r0, r0, lsl 18",1
"andeq r1, r0, r8, lsl 18",1
"rsbsne r0, sp, r2",1
"andeq r1, r0, r8, lsl 18",1
"andeq r1, r0, r8, ror sb",1
"rsbsgt r0, sp, r3",1
"andeq r0, r0, r0",1
"andeq r0, r0, r0",1
"andseq pc, r8, r0, lsl 24",1
"andseq r1, sb, r0, lsl 24",1
"andpl r0, r0, r0, lsl 2",1
"andeq r1, r0, ip, lsl sb",1
"andeq r1, r0, r8, ror sb",1
"subseq r0, r5, r1",1
"andeq r0, r0, r0",1
invalid,1
invalid,1
invalid,1
"ldmdbne ip, {r8, ip, lr}",1
invalid,1
"andeq r0, r1, r0",1
"andeq r0, r0, r4, asr r0",1
"andeq r0, r0, r0",1
"andseq pc, r8, r0, lsl 24",1
"andseq r1, sb, r0, lsl 24",1
"andpl r0, r0, 0, 2",1
"andeq r1, r0, ip, lsl sb",1
"andeq r1, r0, r8, ror sb",1
"subseq r0, r6, r1",1
"andeq r0, r0, r0",1
invalid,1
invalid,1
invalid,1
"ldmdbne ip, {sb, ip, lr}",1
invalid,1
"andeq r0, r1, r0",1
"andeq r0, r0, r6, asr r0",1
"andeq r0, r0, r0",1
"andseq r1, sb, r0, lsl 8",1
"andseq r1, sb, r0, lsl 24",1
invalid,1
"andeq r1, r0, ip, lsl sb",1
"andeq r1, r0, r8, ror sb",1
"subseq r0, r4, r1",1
"andeq r0, r0, r0",1
"andne r0, r0, r0",1
invalid,1
invalid,1
"ldmdbne ip, {ip, lr}",1
invalid,1
"andeq r0, r1, r0",1
"andeq r0, r0, r5, asr r0",1
"andeq r0, r0, r0",1
"andseq r1, sb, r0, lsl 16",1
"andseq r1, sb, r0, lsl 24",1
invalid,1
"andeq r1, r0, ip, lsl sb",1
"andeq r1, r0, r8, ror sb",1
"subseq r0, r4, r1",1
"andeq r0, r0, r0",1
invalid,1
invalid,1
invalid,1
"ldmdbne ip, {ip, lr}",1
invalid,1
"andeq r0, r1, r0",1
"andeq r0, r0, r5, asr r0",1
"andeq r0, r0, r0",1
"andseq r7, sb, r0, lsl 16",1
"andseq r7, sb, r0, lsl 24",1
"stcvc p2, c0, [r0, -0]",1
"andseq r7, sb, r0, lsl 24",1
"andseq r8, sb, r0, lsl 8",1
"stcvc p2, c0, [r0, -0]",1
"andseq r8, sb, r4, lsl r4",1
"andseq pc, sb, r0, lsl 16",1
"stcvc p3, c0, [r0, -0]",1
"andeq r0, r0, r8, asr 1",1
"andeq r0, r0, r0",1
invalid,1
invalid,1
"andeq r0, r1, r0",1
"andseq sb, sb, r0, asr ip",1
"andseq pc, sb, r0, lsl 16",1
"strpl r0, [r0, -0x100]",1
"andeq r0, r0, r0",1
"andeq r0, r0, r0",1
"andeq r1, r0, r8, ror sb",1
"muleq r0, ip, sb",1
"mrrcls p0, 0, r0, r1, c1",1
invalid,1
invalid,1
"andeq r5, r0, r0, lsl 8",1
"andeq r0, r0, r0",1
invalid,1
invalid,1
"andeq r0, r1, r0",1
"andseq sb, sb, r2, asr ip",1
"andseq pc, sb, r0, lsl 16",1
"strpl r0, [r0, -r0, lsl 2]",1
"andeq r0, r0, r0",1
"andeq r0, r0, r0",1
"andeq r1, r0, r8, ror sb",1
"muleq r0, ip, sb",1
"mrrcls p0, 0, r0, r3, c1",1
invalid,1
invalid,1
"andeq r5, r0, r0, lsl 12",1
"andeq r0, r0, r0",1
invalid,1
invalid,1
"andeq r0, r1, r0",1
"andseq sb, sb, r3, asr ip",1
"andseq pc, sb, r0, lsl 16",1
"strpl r0, [r0], -r0, lsl 2",1
"andeq r0, r0, r0",1
"andeq r0, r0, r0",1
"muleq r0, r4, sb",1
"muleq r0, ip, sb",1
"mrrcls p0, 0, r0, r2, c1",1
invalid,1
invalid,1
"andeq r5, r0, r0, lsl 14",1
"andeq r0, r0, r0",1
invalid,1
invalid,1
"andeq r0, r1, r0",1
"andseq sb, sb, r1, asr ip",1
"andseq pc, sb, r0, lsl 16",1
"strpl r0, [r0], -0x100",1
"andeq r0, r0, r0",1
"andeq r0, r0, r0",1
"andeq r1, r0, ip, lsl 19",1
"muleq r0, ip, sb",1
"mrrcls p0, 0, r0, r0, c1",1
invalid,1
invalid,1
"andeq r5, r0, r0, lsl 10",1
"andeq r0, r0, r0",1
invalid,1
invalid,1
"andeq r0, r1, r0",1
"andseq pc, sb, r0, asr pc",1
"andseq r0, sl, r0, lsl 8",1
"vshl.u8 d0, d0, d0",1
"addseq r5, pc, r1",1
"andeq r0, r0, r0",1
invalid,1
invalid,1
invalid,1
"ldmibne pc!, {r8, ip, lr} ^",1
bne 0x116c18,1
"andeq r0, r4, r0",1
svcls 0x5101f3,1
"andeq r0, r0, r0",1
"andeq r0, r0, r0",1
"strdeq r1, r2, [r0], -r8",1
"strdeq r1, r2, [r0], -pc",1
invalid,1
"streq r0, [r0], -0x19",1
"streq r0, [r0], -0x1a",1
"andpl pc, r1, 0, 6",1
"muleq r0, pc, r0",1
"andeq r0, r0, r0",1
"andseq r0, sl, r0, lsl 8",1
"andseq r1, sl, r0, lsl 16",1
"andpl r0, r0, r0, lsl 2",1
"andeq r1, r0, r8, lsl sl",1
"andeq r1, r0, fp, lsl sl",1
blne 0x1456c64,1
"andhs r0, r0, sl, lsl r0",1
"streq r0, [r0], -0x1a",1
"andpl pc, r1, r0, lsl 6",1
"muleq r0, pc, r0",1
"andeq r0, r0, r0",1
"andseq r0, sl, r0, lsl 8",1
"andseq r1, sl, r0",1
invalid,1
"andeq r1, r0, r0, lsl sl",1
"andeq r1, r0, fp, lsl sl",1
blne 0x1496c90,1
"andhs r0, r0, sl, lsl r0",1
"streq r0, [r0], -0x1a",1
"mrspl pc, sp_irq",1
"muleq r0, pc, r0",1
"andeq r0, r0, r0",1
"andseq r0, sl, r0, lsl 24",1
"andseq r1, sl, r0",1
invalid,1
"andeq r1, r0, r0, lsl sl",1
"andeq r1, r0, fp, lsl sl",1
blne 0x1496cbc,1
"andhs r0, r0, sl, lsl r0",1
"streq r0, [r0], -0x1a",1
"mrspl pc, sp_irq",1
"muleq r0, pc, r0",1
"andeq r0, r0, r0",1
"andseq r0, sl, r0, lsl 16",1
"andseq r1, sl, r0, lsl 16",1
"andpl r0, r0, r0, lsl 2",1
"andeq r1, r0, r8, lsl sl",1
"andeq r1, r0, fp, lsl sl",1
blne 0x1456ce8,1
"andhs r0, r0, sl, lsl r0",1
"streq r0, [r0], -0x1a",1
"andpl pc, r1, r0, lsl 6",1
"muleq r0, pc, r0",1
"andeq r0, r0, r0",1
"andseq r2, sl, r0",1
"andseq r2, sl, r0, lsl 22",1
"andpl r0, r0, r0, lsl 2",1
"andeq r1, r0, fp, lsr 20",1
"andeq r1, r0, r0, lsr sl",1
invalid,1
"andeq sb, r0, r0, asr pc",1
"andeq r0, r0, r0",1
bne 0x816d1c,1
bne 0xad6d20,1
"andeq r0, r1, r0",1
"andseq r2, sl, r1, asr fp",1
"andseq r3, sl, r0",1
"vshl.u8 d0, d0, d0",1
"addseq r5, pc, r1, lsl 2",1
"andeq r0, r0, r0",1
"andlo r0, r0, r0",1
"andmi r0, r0, sl, lsl r0",1
invalid,1
bne 0x102ad48,1
bne 0x10d6d4c,1
"andeq r0, r1, r0",1
"andseq r4, sl, r1, asr r3",1
"andseq r4, sl, r0, lsl 16",1
"vshl.u8 d0, d0, d0",1
"addseq r5, pc, r1",1
"andeq r0, r0, r0",1
invalid,1
"andmi r0, r0, sl, lsl r0",1
invalid,1
bne 0x102ad74,1
bne 0x10d6d78,1
"andeq r0, r1, r0",1
"andseq r4, sl, r1, asr r3",1
"andseq r4, sl, r0, lsl 16",1
"vshl.u8 d0, d0, d0",1
"addseq r5, pc, r1",1
"andeq r0, r0, r0",1
"andeq r0, r0, r0",1
"streq r0, [r0], -0",1
"andeq r0, r0, 0",1
"streq r7, [r0], -0xd00",1
invalid,1
"andeq r0, r0, 0",1
invalid,1
"andhi r0, r0, r0",1
"movweq r0, 3",1
"sbceq r7, r0, r0, lsl 26",1
"andeq r0, r0, r0",1
"andeq r0, r0, r0",1
"andeq r0, r0, r0",1
"andeq r0, r0, r7, lsr r0",1
"ldrblo r0, [r0, -r1]",1
invalid,1
invalid,1
invalid,1
"teqeq fp, 0",1
"andeq r0, r1, r0",1
"andeq r3, r3, r0, asr fp",1
"andeq r8, r3, r0",1
"strpl r0, [r0, -0x100]",1
"andeq r0, r0, r0",1
"andeq r0, r0, r0",1
"andeq r0, r0, r0",1
"andeq r0, r0, ip, lsr 32",1
"mrrchs p0, 0, r0, r1, c1",1
"strlo r0, [r0, -r0]",1
invalid,1
"eorseq r5, r7, r0, lsl 28",1
invalid,1
"andeq r0, r4, r0",1
svcls 0x5101f3,1
"andeq r0, r0, r8, lsr 6",1
"andeq r0, r0, r0, lsr r3",1
"subslo r0, r1, r1",1
bllo 0x16e34,1
invalid,1
"teqeq fp, 0, 28",1
"orreq r0, r0, 0",1
"andeq r0, r4, r0",1
svcls 0x5101f3,1
"andeq r0, r0, r0",1
"andeq r0, r0, r0",1
"andeq r0, r0, r0",1
"andeq r0, r0, r0, lsr r0",1
"subslo r0, r2, r1",1
"strlo r0, [r0, -r0]",1
invalid,1
"eorseq r5, r7, r0, lsl 24",1
invalid,1
"andeq r0, r4, r0",1
svcls 0x5201f3,1
"andeq r0, r0, r8, lsr 6",1
"andeq r0, r0, r4, lsr r3",1
"ldrblo r0, [r2], -1",1
bllo 0x16e84,1
invalid,1
"teqeq fp, 0, 24",1
"orreq r0, r0, 0",1
"andeq r0, r4, r0",1
svcls 0x5201f3,1
"andeq r0, r0, r0",1
"andeq r0, r0, r0",1
"andeq r0, r0, r0",1
"andeq r0, r0, r4, lsr r0",1
"ldrblo r0, [r3], -1",1
"strlo r0, [r0, -r0]",1
"movweq r0, 0",1
svcvc 0xbc9100,1
"andeq r0, r0, r7, lsr r0",1
"andeq r0, r0, r8, lsr 6",1
invalid,1
invalid,1
"teqeq r8, 0",1
"andeq r0, r1, r0",1
"andeq r3, r3, r3, asr r8",1
"andeq r3, r3, r0, lsl 22",1
"stcvc p2, c0, [r0, -0]",1
"andeq r3, r3, r0, lsl 22",1
"andeq r8, r3, r0",1
"vshl.u8 d0, d0, d0",1
"addseq r5, pc, r1, lsl 6",1
"andeq r0, r0, r0",1
"andhs r0, r0, r0",1
invalid,1
"streq r0, [r0], -r0",1
"subsgt r0, ip, 0, 6",1
"addseq r0, pc, r0",1
"andeq r0, r0, r0",1
"andhs r0, r0, r0",1
"strlo r0, [r0, -r0]",1
invalid,1
"eorseq r5, r7, r0",1
"eorseq r0, r8, r0",1
"andeq r0, r1, r0",1
"andeq r0, r0, r5, asr r0",1
"andeq r0, r0, r0",1
"andeq r4, r0, r0, lsl 24",1
"andeq r2, r3, r0, lsl 16",1
"strpl r0, [r0, -0x100]",1
"andeq r0, r0, r0",1
"andeq r0, r0, r0",1
"andeq r0, r0, r0, ror 1",1
"andeq r0, r0, r4, ror 1",1
"ldrb r0, [r0], -1",1
svceq 0,1
invalid,1
"andeq r5, r0, r0, lsl 4",1
"andeq r0, r0, r0",1
"rsceq r0, r0, r0",1
"tsteq r0, r0",1
"andeq r0, r1, r0",1
"andeq r0, r0, r5, asr r0",1
"andeq r0, r0, r0",1
"andeq r3, r1, r0, lsl 24",1
"andeq r4, r1, r0, lsl 8",1
"andpl r0, r0, r0, lsl 2",1
"andeq r0, r0, r4, asr 2",1
"andeq r0, r0, pc, asr 2",1
"subseq r0, r2, r1",1
"andeq r0, r0, r0",1
invalid,1
"andpl r0, r0, r1",1
invalid,1
"andeq r5, r0, r0, lsl 10",1
"andeq r0, r0, r0",1
invalid,1
"cmneq r4, r0",1
"andeq r0, r1, r0",1
"andeq r7, r1, r0, asr r4",1
"andeq r8, r1, r0, lsl 6",1
"andpl r0, r0, 0, 2",1
"andeq r0, r0, r0",1
"andeq r0, r0, r0",1
"andeq r0, r0, ip, ror 2",1
"andeq r0, r0, r4, lsl 3",1
"subseq r0, r5, r1",1
"andeq r0, r0, r0",1
invalid,1
"andge r0, r0, r1",1
invalid,1
"moveq r5, r0",1
"movseq r0, r0",1
"andeq r0, r1, r0",1
"andeq r0, r0, r2, asr r0",1
"andeq r0, r0, r0",1
"andeq sb, r1, r0, lsl 24",1
"andeq fp, r1, r0, lsl 24",1
"strpl r0, [r0, -0x100]",1
"andeq r0, r0, r0",1
"andeq r0, r0, r0",1
"ldrdeq r0, r1, [r0], -r8",1
"ldrdeq r0, r1, [r0], -ip",1
"mrrcle p0, 0, r0, r0, c1",1
svc 1,1
invalid,1
"andeq r5, r0, r0, lsl 4",1
"andeq r0, r0, r0",1
"bicseq r0, r8, r0",1
invalid,1
"andeq r0, r1, r0",1
"andeq r0, r0, r5, asr r0",1
"andeq r0, r0, r0",1
"andeq r1, r2, r0, lsl 8",1
"andeq r1, r2, r0, lsl 16",1
"andpl r0, r0, r0, lsl 2",1
"andeq r0, r0, r8, lsl r2",1
"andeq r0, r0, r3, lsr r2",1
"subseq r0, r2, r1",1
"andeq r0, r0, r0",1
"strne r0, [r0], -0",1
"stmdalo r0, {r1}",1
invalid,1
"andeq r5, r0, r0, lsl 10",1
"andeq r0, r0, r0",1
"subseq r0, r8, 0",1
"subseq r0, ip, 0",1
"andeq r0, r1, r0",1
"andeq r5, r2, r0, asr ip",1
"andeq r7, r2, r0, lsl 14",1
"andpl r0, r0, 0, 2",1
"andeq r0, r0, r0",1
"andeq r0, r0, r0",1
"andeq r0, r0, r8, asr r2",1
"andeq r0, r0, ip, ror r2",1
"subseq r0, r5, r1",1
"andeq r0, r0, r0",1
"strge r0, [r0], -0",1
"stmdage r0, {r1}",1
invalid,1
"adceq r5, r8, 0",1
"sbceq r0, r7, 0",1
"andeq r0, r1, r0",1
"andeq r0, r0, r2, asr r0",1
"andeq r0, r0, r0",1
"andeq sl, r2, r0, lsl 8",1
"andeq ip, r2, r0, lsl 24",1
"strpl r0, [r0, -0x100]",1
"andeq r0, r0, r0",1
"andeq r0, r0, r0",1
"strdeq r0, r1, [r0], -r8",1
"strdeq r0, r1, [r0], -ip",1
"mrrc2 p0, 0, r0, r0, c1",1
"movwhs r0, 2",1
invalid,1
"andeq r5, r0, r0, lsl 4",1
"andeq r0, r0, r0",1
"rscseq r0, r8, 0",1
invalid,1
"andeq r0, r1, r0",1
"andeq r0, r0, r5, asr r0",1
"andeq r0, r0, r0",1
"andeq r2, r3, r0, lsl 16",1
"andeq r3, r3, r0, lsl 22",1
"andpl r0, r0, r0, lsl 2",1
"andeq r0, r0, fp, lsr r3",1
"andeq r0, r0, r0, lsl 7",1
"subseq r0, r5, r1",1
"andeq r0, r0, r0",1
"andhi r0, r0, r0",1
"strhi r0, [r0], -3",1
"andeq r0, r0, 3",1
"strhi r7, [r0], -0xd00",1
"stmdahi r0, {r0, r1}",1
"andeq r0, r0, 3",1
"stmdahi ip, {r8, sl, fp, ip, sp, lr}",1
"andgt r0, r0, r3",1
"andeq r0, r0, 3",1
"andseq r7, r8, r0, lsl 26",1
"andeq r0, r0, r0",1
"andhi r0, r0, r0",1
"strlt r0, [r0, -r3]",1
invalid,1
invalid,1
"biceq r0, r0, 0",1
"andeq r0, r4, r0",1
svcls 0x5001f3,1
"andeq r0, r0, r0",1
"andeq r0, r0, r0",1
"andeq r0, r0, r0, lsl 7",1
"strheq r0, [r0], -r7",1
"ldrblt r0, [r1, -r1]",1
"andgt r0, r0, r3",1
"streq r0, [r0], -3",1
"mrspl pc, sp_irq",1
"muleq r0, pc, r0",1
"andeq r0, r0, r0",1
"andeq r8, r3, r0",1
"andeq fp, r3, r0, lsl 14",1
"andpl r0, r0, 0, 2",1
"strheq r0, [r0], -r7",1
"andeq r0, r0, r0, asr 7",1
invalid,1
"andeq sb, r0, r2, asr pc",1
"andeq r0, r0, r0",1
"orreq r0, r0, 0",1
invalid,1
"andeq r0, r1, r0",1
"andeq fp, r3, r3, asr r7",1
"andeq ip, r3, r0",1
"vshl.u8 d0, d0, d0",1
"addseq r5, pc, r1, lsl 6",1
"andeq r0, r0, r0",1
"andhi r0, r0, r0",1
"andge r0, r0, r3",1
"andeq r0, r0, 3",1
"ldmge pc, {ip, sp}",1
"andlt r0, r0, r3",1
invalid,1
"andeq r5, r0, r0, lsl 24",1
"andeq r0, r0, r0",1
"biceq r0, r0, 0",1
"biceq r0, r4, 0",1
"andeq r0, r2, r0",1
"biceq r0, r4, 0x7d",1
"biceq r0, r8, 0",1
"andeq r0, r2, r0",1
"biceq r0, r8, 0x7d000000",1
"strbeq r0, [r4], 0",1
"andeq r0, r2, r0",1
"andeq r3, r0, sp, ror r8",1
"andeq r0, r0, r0",1
"biceq r0, r0, 0",1
"ldrbteq r0, [fp], -0",1
"andeq r0, r1, r0",1
"andeq r7, r4, r0, asr fp",1
"andeq r8, r4, r0, lsl 8",1
"vshl.u8 d0, d0, d0",1
"ldrhi r5, [pc], 1           ; [0x1721c:4]=0x1000004",1
"strgt r0, [r0], -4",1
invalid,1
"andeq r5, r0, r0",1
"andeq r0, r0, r0",1
"biceq r0, r0, 0",1
"ldrbteq r0, [fp], -0",1
"andeq r0, r1, r0",1
"andeq r7, r4, r1, asr fp",1
"andeq r8, r4, r0, lsl 8",1
"vshl.u8 d0, d0, d0",1
"ldrhi r5, [pc], 0x101       ; [0x17248:4]=0x1000004",1
"strgt r0, [r0], -4",1
invalid,1
"andeq r5, r0, r0, lsl 2",1
"andeq r0, r0, r0",1
"biceq r0, r0, 0",1
"ldrbteq r0, [fp], -0",1
"andeq r0, r1, r0",1
"andeq r7, r4, r2, asr fp",1
"andeq r8, r4, r0, lsl 8",1
"vshl.u8 d0, d0, d0",1
"ldrhi r5, [pc], 0x201       ; [0x17274:4]=0x1000004",1
"strgt r0, [r0], -4",1
invalid,1
"andeq r5, r0, r0, lsl 4",1
"andeq r0, r0, r0",1
"biceq r0, r0, 0",1
"ldrbteq r0, [fp], -0",1
"andeq r0, r1, r0",1
"andeq r7, r4, r3, asr fp",1
"andeq r8, r4, r0, lsl 8",1
"vshl.u8 d0, d0, d0",1
"ldrhi r5, [pc], 0x301       ; [0x172a0:4]=0x1000004",1
"strgt r0, [r0], -4",1
invalid,1
"andeq r5, r0, r0, lsl 6",1
"andeq r0, r0, r0",1
"biceq r0, r0, 0",1
"biceq r0, ip, 0",1
"andeq r0, r2, r0",1
"biceq r0, ip, 0x91",1
"bicseq r0, ip, 0",1
"andeq r0, r5, r0",1
"orrsls r0, pc, 124, 8",1
"andeq sp, r3, r4, lsl 24",1
"andeq lr, r3, r0, lsl 24",1
invalid,1
"ldreq sb, [r3], 0xf08",1
"andeq r0, r0, ip, ror 7",1
"strdeq r0, r1, [r0], -ip",1
"ldcleq p0, c0, [ip], -0x14",1
invalid,1
invalid,1
"streq r0, [r0, -4]",1
svcls 0x107c00,1
"streq r0, [ip], -0x493",1
"ldreq r0, [ip], -0",1
"andeq r0, r5, r0",1
"orrsls r1, pc, 124, 8",1
"andeq r1, r4, r4, lsl 24",1
"andeq r2, r4, r0, lsl 24",1
invalid,1
"ldreq sb, [r3], 0xf18",1
"andeq r0, r0, ip, lsr 8",1
"andeq r0, r0, ip, lsr r4",1
"ldclne p0, c0, [ip], -0x14",1
invalid,1
invalid,1
"streq r0, [r0, -4]",1
svcls 0x207c00,1
"strbeq r0, [ip], -0x493",1
"ldrbeq r0, [ip], -0",1
"andeq r0, r5, r0",1
"orrsls r2, pc, 124, 8",1
"andeq r5, r4, r4, lsl 24",1
"andeq r7, r4, r0",1
invalid,1
"ldreq sb, [r3], 0xf28",1
"andeq r0, r0, r4, lsl 9",1
"andeq r0, r0, ip, lsl 9",1
"ldmdaeq ip!, {r0, r2} ^",1
invalid,1
"strls r0, [r0], -4",1
"streq r0, [r0, -4]",1
svcls 0xc7c00,1
"ldreq r0, [r4], 0x493",1
"ldreq r0, [ip], 0",1
"andeq r0, r5, r0",1
"orrsls r1, pc, 0x7c",1
"andeq sb, r4, r4, lsl 24",1
"andeq sl, r4, r0, lsl 8",1
invalid,1
"ldreq sb, [r3], 0xf14",1
"andeq r0, r0, r4, lsr 9",1
"andeq r0, r0, ip, lsr 9",1
"ldmdane ip!, {r0, r2} ^",1
invalid,1
"strlt r0, [r0], -4",1
"streq r0, [r0, -4]",1
svcls 0x1c7c00,1
"ldrteq r0, [r4], 0x493",1
"ldrteq r0, [ip], 0",1
"andeq r0, r5, r0",1
"orrsls r2, pc, 0x7c",1
"andeq fp, r4, r4, lsl 24",1
"andeq ip, r4, r0, lsl 8",1
invalid,1
"ldreq sb, [r3], 0xf24",1
"andeq r0, r0, r0",1
"andeq r0, r0, r0",1
"andeq r0, r0, r0, asr 7",1
"ldrdeq r0, r1, [r0], -ip",1
svcls 0x300002,1
"ldrdeq r0, r1, [r0], -ip",1
"andeq r0, r0, ip, ror 7",1
svcls 0x310002,1
"andeq r0, r0, ip, ror 7",1
"strdeq r0, r1, [r0], -ip",1
svcls 0x320002,1
"strdeq r0, r1, [r0], -ip",1
"andeq r0, r0, ip, lsl 8",1
svcls 0x330002,1
"andeq r0, r0, ip, lsl 8",1
"andeq r0, r0, ip, lsl r4",1
svcls 0x340002,1
"andeq r0, r0, ip, lsl r4",1
"andeq r0, r0, ip, lsr 8",1
svcls 0x350002,1
"andeq r0, r0, ip, lsr 8",1
"andeq r0, r0, ip, lsr r4",1
svcls 0x360002,1
"andeq r0, r0, ip, lsr r4",1
"andeq r0, r0, ip, asr 8",1
svcls 0x370002,1
"andeq r0, r0, ip, asr 8",1
"andeq r0, r0, ip, asr r4",1
svcls 0x380002,1
"andeq r0, r0, ip, asr r4",1
"andeq r0, r0, r0, ror r4",1
svcls 0x390002,1
"andeq r0, r0, r4, lsl 9",1
"andeq r0, r0, ip, lsl 9",1
svcls 0x310002,1
"andeq r0, r0, ip, lsl 9",1
"muleq r0, r4, r4",1
svcls 0x320002,1
"muleq r0, r4, r4",1
"muleq r0, ip, r4",1
svcls 0x330002,1
"muleq r0, ip, r4",1
"andeq r0, r0, r4, lsr 9",1
svcls 0x340002,1
"andeq r0, r0, r4, lsr 9",1
"andeq r0, r0, ip, lsr 9",1
svcls 0x350002,1
"andeq r0, r0, ip, lsr 9",1
"strheq r0, [r0], -r4",1
svcls 0x360002,1
"strheq r0, [r0], -r4",1
"strheq r0, [r0], -ip",1
svcls 0x370002,1
"strheq r0, [r0], -ip",1
"andeq r0, r0, r4, asr 9",1
svcls 0x380002,1
"andeq r0, r0, r0",1
"andeq r0, r0, r0",1
"andeq r0, r0, r4, asr 9",1
"andeq r0, r0, r8, asr 9",1
"rsbseq r0, sp, r2",1
"andeq r0, r0, r8, asr 9",1
"andeq r0, r0, ip, asr 9",1
"ldrbteq r0, [sp], -2",1
"andeq r0, r0, ip, asr 9",1
"ldrdeq r0, r1, [r0], -r0",1
"ldmdaeq sp!, {r1} ^",1
"ldrdeq r0, r1, [r0], -r0",1
"ldrdeq r0, r1, [r0], -ip",1
"rsbsgt r0, sp, r3",1
"andeq r0, r0, r0",1
"andeq r0, r0, r0",1
"andeq ip, r4, r0, lsl 8",1
"andeq r8, r5, r0, lsl 22",1
"andpl r0, r0, r0, lsl 2",1
"andeq r0, r0, fp, lsl 11",1
"muleq r0, ip, r5",1
invalid,1
"ldreq sb, [ip, 0xf50]",1
"ldrbeq r0, [ip]",1
"andeq r0, r1, r0",1
"andeq r0, r0, r0, asr r0",1
"andeq r0, r0, r0",1
"andeq ip, r4, r0, lsl 8",1
"andeq r8, r5, r0, lsl 22",1
invalid,1
"andeq r0, r0, fp, lsl 11",1
"muleq r0, ip, r5",1
invalid,1
"ldreq sb, [ip, 0xf51]",1
"ldrbeq r0, [ip]",1
"andeq r0, r1, r0",1
"andeq r0, r0, r1, asr r0",1
"andeq r0, r0, r0",1
"andeq ip, r4, r0, lsl 8",1
"andeq r8, r5, r0, lsl 22",1
"andpl r0, r0, 0, 2",1
"andeq r0, r0, fp, lsl 11",1
"muleq r0, ip, r5",1
invalid,1
"ldreq sb, [ip, 0xf52]",1
"ldrbeq r0, [ip]",1
"andeq r0, r1, r0",1
"andeq r0, r0, r2, asr r0",1
"andeq r0, r0, r0",1
"andeq lr, r4, r0",1
"andeq lr, r4, r0, lsl 16",1
"movwvc r0, 0x500",1
"ldreq sb, [r3], 0xf04",1
"andeq r0, r0, r8, ror 9",1
"strdeq r0, r1, [r0], -r8",1
"ldmdaeq r3!, {r0, r2} ^",1
invalid,1
"stmdaeq r0, {r2}",1
"streq r0, [r0, -5]",1
svcls 0xc7300,1
"streq r0, [r8, -0x493]",1
"ldreq r0, [r8, -0]",1
"andeq r0, r5, r0",1
"orrsls r1, pc, 0x73",1
"andeq r1, r5, r4, lsl 16",1
"andeq r2, r5, r0, lsl 16",1
"movwvc r0, 0x500",1
"ldreq sb, [r3], 0xf14",1
"andeq r0, r0, r8, lsr 10",1
"andeq r0, r0, r8, lsr r5",1
"ldmdane r3!, {r0, r2} ^",1
"stmdalo r4, {r0, r1, r2, r3, r4, r7, r8, sb, ip, pc}",1
"stmdami r0, {r0, r2}",1
"streq r0, [r0, -5]",1
svcls 0x1c7300,1
"strbeq r0, [r8, -0x493]",1
"ldrbeq r0, [r8, -0]",1
"andeq r0, r5, r0",1
"orrsls r2, pc, 0x73",1
"andeq r5, r5, r4, lsl 16",1
"andeq r6, r5, r0, lsl 16",1
"movwvc r0, 0x500",1
"ldreq sb, [r3], 0xf24",1
"andeq r0, r0, r8, ror 10",1
"andeq r0, r0, ip, ror r5",1
"ldmdahs r3!, {r0, r2} ^",1
invalid,1
"strge r0, [r0], -5",1
"streq r0, [r0, -5]",1
svcls 0x87300,1
"streq r0, [r4, 0x493]!",1
"streq r0, [ip, 0]!",1
"andeq r0, r5, r0",1
"orrsls r0, pc, 0x7300",1
"andeq sl, r5, r4, lsl 24",1
"andeq fp, r5, r0, lsl 8",1
"movwvc r0, 0x500",1
"ldreq sb, [r3], 0xf10",1
"strheq r0, [r0], -r4",1
"strheq r0, [r0], -ip",1
"ldrbtne r0, [r3], -5",1
invalid,1
"strgt r0, [r0], -5",1
"streq r0, [r0, -5]",1
svcls 0x187300,1
"strbeq r0, [r4, 0x493]",1
"strbeq r0, [ip]",1
"andeq r0, r5, r0",1
"orrsls r1, pc, 0x7300",1
"andeq ip, r5, r4, lsl 24",1
"andeq sp, r5, r0, lsl 8",1
"movwvc r0, 0x500",1
"ldreq sb, [r3], 0xf20",1
"ldrdeq r0, r1, [r0], -r4",1
"ldrdeq r0, r1, [r0], -ip",1
"ldrbths r0, [r3], -5",1
"muleq r4, pc, r3",1
"andeq r0, r0, r0",1
"and r0, r0, r0",1
blhi 0x1769c,1
invalid,1
"streq r5, [fp, 0x200]",1
"ldreq r0, [ip]",1
"andeq r0, r4, r0",1
svcls 0x5201f3,1
"muleq r0, ip, r5",1
"ldrdeq r0, r1, [r0], -ip",1
"subseq r0, r2, r1",1
"andeq r0, r0, r0",1
"and r0, r0, r0",1
blhi 0x176c8,1
invalid,1
"streq r5, [fp, 0x100]",1
"ldreq r0, [ip]",1
"andeq r0, r4, r0",1
svcls 0x5101f3,1
"muleq r0, ip, r5",1
"ldrdeq r0, r1, [r0], -ip",1
"subseq r0, r1, r1",1
"andeq r0, r0, r0",1
"and r0, r0, r0",1
blhi 0x176f4,1
invalid,1
"streq r5, [fp]",1
"ldreq r0, [ip]",1
"andeq r0, r4, r0",1
svcls 0x5001f3,1
"muleq r0, ip, r5",1
"ldrdeq r0, r1, [r0], -ip",1
"subseq r0, r0, r1",1
"andeq r0, r0, r0",1
"and r0, r0, r0",1
"stmda r0, {r2}",1
"andeq r0, r0, 4",1
"ldm pc, {ip, sp}",1
invalid,1
"andeq r0, r0, 4",1
invalid,1
"stmdaeq r0, {r2}",1
"andeq r0, r0, 5",1
"ldmeq pc, {sb, ip, sp}",1
"stmdane r0, {r0, r2}",1
"andeq r0, r0, 5",1
"ldmne pc, {r8, sb, ip, sp}",1
"stmdahs r0, {r0, r2}",1
"andeq r0, r0, 5",1
"ldmhs pc, {sl, ip, sp}",1
"stmdalo r0, {r0, r2}",1
"andeq r0, r0, 5",1
"ldmlo pc, {r8, sl, ip, sp}",1
"stmdami r0, {r0, r2}",1
"andeq r0, r0, 5",1
"ldmmi pc, {sb, sl, ip, sp}",1
"stmdapl r0, {r0, r2}",1
"andeq r0, r0, 5",1
"ldmpl pc, {r8, sb, sl, ip, sp}",1
"stmdavs r0, {r0, r2}",1
"andeq r0, r0, 5",1
"ldmvs pc, {fp, ip, sp}",1
invalid,1
"andeq r0, r0, 5",1
"ldcls p9, c3, [pc], {0}",1
"strge r0, [r0], -5",1
"andeq r0, r0, 5",1
"ldrge r3, [pc], 0x100       ; [0x17790:4]=0x2000005",1
invalid,1
"andeq r0, r0, 5",1
"ldcge p2, c3, [pc], {0}",1
"strlt r0, [r0], -5",1
"andeq r0, r0, 5",1
"ldrlt r3, [pc], 0x300       ; [0x177a8:4]=0x2000005",1
invalid,1
"andeq r0, r0, 5",1
"ldclt p4, c3, [pc], {0}",1
"strgt r0, [r0], -5",1
"andeq r0, r0, 5",1
"ldrgt r3, [pc], 0x500       ; [0x177c0:4]=0x2000005",1
invalid,1
"andeq r0, r0, 5",1
"ldcgt p6, c3, [pc], {0}",1
"strle r0, [r0], -5",1
"andeq r0, r0, 5",1
"ldrle r3, [pc], 0x700       ; [0x177d8:4]=0x2000005",1
invalid,1
"andeq r0, r0, 5",1
"addseq r3, pc, r0, lsl 16",1
"andeq r0, r0, r0",1
invalid,1
"and r0, r0, r5",1
"andeq r0, r0, 5",1
"and r7, r0, r0, lsl 26",1
"andvs r0, r0, r5",1
"andeq r0, r0, 6",1
"andeq r7, r8, r0, lsl 26",1
"andeq r0, r0, r0",1
invalid,1
invalid,1
invalid,1
"ldrbeq r5, [ip, 0]!",1
"ldrbeq r0, [0x0001781c]!    ; [0x1781c:4]=81",1
"andeq r0, r1, r0",1
"andeq r0, r0, r1, asr r0",1
"andeq r0, r0, r0",1
"andeq r1, r6, r0, lsl 16",1
"andeq r2, r6, r0",1
"andpl r0, r0, r0, lsl 2",1
"andeq r0, r0, r0, lsr 12",1
"andeq r0, r0, r3, lsr 12",1
"subseq r0, r1, r1",1
"andeq r0, r0, r0",1
"andeq r0, r0, r0",1
"streq r0, [r0], -0",1
"andeq r0, r0, 0",1
"streq r7, [r0], -0xd00",1
invalid,1
"andeq r0, r0, 0",1
"andseq r7, r0, r0, lsl 26",1
"andeq r0, r0, r0",1
"andeq r0, r0, r0",1
invalid,1
invalid,1
"andeq r5, ip, r0",1
"eoreq r0, r0, r0",1
"andeq r0, r1, r0",1
"andeq r2, r0, r4, asr r0",1
"andeq r4, r0, r0, lsl 16",1
"vshl.u8 d0, d0, d0",1
"addseq r5, pc, r1",1
"andeq r0, r0, r0",1
"andeq r0, r0, r0",1
"movwne r0, 0",1
invalid,1
"andseq r5, r3, r0, lsl 2",1
"subeq r0, r8, r0",1
"andeq r0, r1, r0",1
"andeq r0, r0, r5, asr r0",1
"andeq r0, r0, r0",1
"andeq r2, r0, r0",1
"andeq r4, r0, r0, lsl 8",1
"strpl r0, [r0], -0x100",1
"andeq r0, r0, r0",1
"andeq r0, r0, r0",1
"andeq r0, r0, r8, lsr 32",1
"andeq r0, r0, r4, asr 32",1
"subseq r0, r0, r1",1
"andeq r0, r0, r0",1
invalid,1
invalid,1
"andeq r0, r0, 0",1
invalid,1
"strgt r0, [r0], -0",1
"andeq r0, r0, 0",1
"andseq r7, r0, r0, lsl 26",1
"andeq r0, r0, r0",1
invalid,1
invalid,1
invalid,1
"subseq r5, ip, r0",1
"adcseq r0, r4, r0",1
"andeq r0, r1, r0",1
"andeq fp, r0, r6, asr r4",1
"andeq fp, r0, r0, lsl 14",1
"andpl r0, r0, r0, lsl 2",1
"strheq r0, [r0], -r7",1
"andeq r0, r0, r4, asr 1",1
"subseq r0, r6, r1",1
"andeq r0, r0, r0",1
invalid,1
invalid,1
invalid,1
"subseq r5, r8, r0, lsl 2",1
"sbceq r0, r4, r0",1
"andeq r0, r1, r0",1
"andeq r0, r0, r5, asr r0",1
"andeq r0, r0, r0",1
"andeq r4, r0, r0, lsl 16",1
"andeq r6, r0, r0, lsl 6",1
"andpl r0, r0, 0, 2",1
"andeq r0, r0, r3, rrx",1
"andeq r0, r0, r0, ror r0",1
"subsvc r0, r4, r1",1
"strgt r0, [r0], -0",1
"streq r0, [r0], -0",1
"andpl pc, r1, 0, 6",1
"muleq r0, pc, r0",1
"andeq r0, r0, r0",1
"andeq r6, r0, r0, lsl 24",1
"andeq r7, r0, r0",1
"strvc r0, [r0, -0x600]",1
"cdpne p4, 0, c7, c0, c0, 0",1
"muleq r0, pc, r0",1
"andeq ip, r0, r0",1
"strpl r0, [r0], -0x100",1
"andeq r0, r0, r0",1
"andeq r0, r0, r0",1
"andeq r0, r0, ip, rrx",1
"muleq r0, r8, r0",1
"ldmdals r6, {r0} ^",1
"strlt r0, [r0, -r0]",1
invalid,1
"adcseq r5, r7, r0",1
"sbceq r0, r0, r0",1
"andeq r0, r1, r0",1
"andeq r0, r0, r6, asr r0",1
"andeq r0, r0, r0",1
"andeq ip, r0, r0, lsl 8",1
"andeq ip, r0, r0, lsl 16",1
"stcvc p2, c0, [r0, -0]",1
"andeq ip, r0, r0, lsl 16",1
"andeq r6, r1, r0, lsl 24",1
"stcvc p2, c0, [r0, -0]",1
"andeq r0, r0, r8, lsl r0",1
"andeq r0, r0, r0",1
"andeq ip, r0, r0, lsl 8",1
"andeq lr, r0, r0",1
"andpl r0, r0, r0, lsl 2",1
"andeq r0, r0, r0, ror 1",1
"andeq r0, r0, ip, lsr 2",1
"mrrchs p0, 0, r0, r7, c1",1
"stmdalo r0, {r0}",1
invalid,1
"teqeq r8, r0",1
invalid,1
"andeq r0, r1, r0",1
"andeq r0, r0, r7, asr r0",1
"andeq r0, r0, r0",1
"andeq ip, r0, r0, lsl 8",1
"andeq lr, r0, r0, lsl 8",1
invalid,1
"andeq r0, r0, r4, ror 1",1
"andeq r0, r0, ip, lsr 2",1
"mrrchs p0, 0, r0, r6, c1",1
invalid,1
invalid,1
"teqeq ip, r0, lsl 2",1
invalid,1
"andeq r0, r1, r0",1
"andeq r0, r0, r6, asr r0",1
"andeq r0, r0, r0",1
"andeq ip, r0, r0, lsl 8",1
"andeq lr, r0, r0, lsl 14",1
"andpl r0, r0, 0, 2",1
"andeq r0, r0, r7, ror 1",1
"strdeq r0, r1, [r0], -ip",1
"mrrc2 p0, 0, r0, r5, c1",1
invalid,1
"streq r0, [r0], -1",1
"andpl pc, r1, 0, 6",1
"muleq r1, pc, ip",1
"andeq r3, r1, r0, lsl 30",1
"andpl r0, r0, 0, 2",1
"andeq r0, r0, pc, lsr r1",1
"andeq r0, r0, r4, asr r1",1
"ldrbpl r0, [r5], -1",1
invalid,1
"streq r0, [r0], -1",1
"andpl pc, r1, 0, 6",1
"muleq r0, pc, r0",1
"andeq r0, r0, r0",1
"andeq sp, r0, r0, lsl 16",1
"andeq r4, r1, r0",1
"strpl r0, [r0], -0x100",1
"andeq r0, r0, r0, asr 2",1
"andeq r0, r0, ip, asr 2",1
"mrrcmi p0, 0, r0, r0, c1",1
invalid,1
invalid,1
"andeq r5, r0, r0, lsl 8",1
"andeq r0, r0, r0",1
"rscseq r0, r8, r0",1
"rscseq r0, ip, r0",1
"andeq r0, r6, r0",1
"rsbseq r0, r4, r5, ror r0",1
"rscseq sb, ip, lr, lsl pc",1
"tsteq r8, r0",1
"andeq r0, r1, r0",1
"andeq r5, r1, r5, asr r4",1
"andeq r6, r1, r0, lsl 24",1
"strpl r0, [r0, -0x100]",1
"andeq r0, r0, r0",1
"andeq r0, r0, r0",1
"strdeq r0, r1, [r0], -r8",1
"andeq r0, r0, r4, lsl 2",1
"subsne r0, r7, r1",1
"stmdahs r0, {r0}",1
invalid,1
"cmpeq r4, r0",1
"cmpeq r8, r0",1
"andeq r0, r2, r0",1
"cmpeq r8, r0, lsr pc",1
invalid,1
"andeq r0, r1, r0",1
"andeq r0, r0, r7, asr r0",1
"andeq r0, r0, r0",1
"andeq r6, r1, r0, lsl 24",1
"andeq r7, r1, r0",1
"stcvc p2, c0, [r0, -0]",1
"andeq r7, r1, r0",1
"andeq sb, r1, r0, lsl 8",1
"stcvc p2, c0, [r0, -0]",1
"andeq r0, r0, r8",1
"andeq r0, r0, r0",1
"andeq r6, r1, r0, lsl 24",1
"andeq r7, r1, r0, lsl 14",1
"andpl r0, r0, r0, lsl 2",1
"andeq r0, r0, r7, ror r1",1
"muleq r0, r4, r1",1
"subseq r0, r4, r1",1
"andeq r0, r0, r0",1
"strvc r0, [r0], -0",1
"strvc r0, [r0, -r1]",1
invalid,1
"cmneq r7, r0",1
"orrseq r0, r4, r0",1
"andeq r0, r1, r0",1
"andeq r0, r0, r4, asr r0",1
"andeq r0, r0, r0",1
"andeq r7, r1, r0, lsl 16",1
"andeq sb, r1, r0, lsl 6",1
"andpl r0, r0, r0, lsl 2",1
"andeq r0, r0, r0",1
"andeq r0, r0, r0",1
"muleq r0, r4, r1",1
"muleq r0, r8, r1",1
"rsbseq r0, sp, r2",1
"muleq r0, r8, r1",1
"strheq r0, [r0], -ip",1
"ldmdaeq sp!, {r1} ^",1
"andeq r0, r0, r0",1
"andeq r0, r0, r0",1
"muleq r0, r4, r1",1
"muleq r0, pc, r1",1
svcls 0x500001,1
invalid,1
invalid,1
"andeq r5, r0, r0, lsl 8",1
"andeq r0, r0, r0",1
"moveq r0, r0",1
"movseq r0, r0",1
"andeq r0, r1, r0",1
"andeq r0, r0, r0, asr r0",1
"andeq r0, r0, r0",1
"andeq fp, r1, r0, lsl 24",1
"andeq sp, r1, r0, lsl 8",1
"stcvc p2, c0, [r0, -0]",1
"andeq sp, r1, r0, lsl 8",1
"andeq r0, r2, r0, lsl 16",1
"stcvc p2, c0, [r0, -0]",1
"andeq r0, r0, r8",1
"andeq r0, r0, r0",1
"andeq fp, r1, r0, lsl 24",1
"andeq sp, r1, r0, lsl 30",1
"andpl r0, r0, r0, lsl 2",1
"ldrdeq r0, r1, [r0], -pc",1
"andeq r0, r0, r0, ror 3",1
invalid,1
"mvneq sb, r0, asr pc",1
invalid,1
"andeq r0, r1, r0",1
"andeq pc, r1, r0, asr ip",1
"andeq pc, r1, r0, lsl 30",1
"andpl r0, r0, r0, lsl 2",1
"strdeq r0, r1, [r0], -pc",1
"andeq r0, r0, r8, lsl 4",1
invalid,1
"andeq sb, r0, r0, asr pc",1
"andeq r0, r0, r0",1
"movseq r0, r0",1
"bicseq r0, pc, r0",1
"andeq r0, r1, r0",1
"andeq sp, r1, r1, asr pc",1
"andeq pc, r1, r0, lsl 24",1
"strpl r0, [r0], -0x100",1
"strdeq r0, r1, [r0], -ip",1
"strdeq r0, r1, [r0], -pc",1
invalid,1
"stmdaeq r0, {r0}",1
invalid,1
"andeq r5, r0, r0, lsl 8",1
"andeq r0, r0, r0",1
"andeq r0, r8, 0",1
"andseq r0, r0, 0",1
"andeq r0, r2, r0",1
"andseq r0, r0, 0x7d",1
"rsbseq r0, r0, 0",1
"andeq r0, r2, r0",1
"andeq r0, r0, sp, ror r8",1
"andeq r0, r0, r0",1
"andeq r0, r8, 0",1
"eorseq r0, ip, 0",1
"andeq r0, r1, r0",1
"andeq r3, r2, r0, asr ip",1
"andeq r4, r2, r0, lsl 6",1
"movwpl r0, 0x100",1
"andeq r0, r0, r3, asr 4",1
"andeq r0, r0, r0, asr r2",1
invalid,1
"subseq sb, r0, 80, 30",1
"rsbeq r0, r3, 0",1
"andeq r0, r1, r0",1
"andeq r6, r2, r0, asr r3",1
"andeq r7, r2, r0",1
"vshl.u8 d0, d0, d0",1
"addseq r5, pc, r1",1
"andeq r0, r0, r0",1
invalid,1
"andmi r0, r0, r2",1
invalid,1
"subeq r5, r0, 0, 2",1
"subseq r0, r0, 0",1
"andeq r0, r4, r0",1
svcls 0x5101f3,1
"andeq r0, r0, r0, asr r2",1
"andeq r0, r0, r3, ror 4",1
"cmpvs r1, 1",1
"andvc r0, r0, r2",1
"streq r0, [r0], -2",1
"mrspl pc, sp_irq",1
"muleq r0, pc, r0",1
"andeq r0, r0, r0",1
"andeq r1, r2, r0, lsl 8",1
"andeq r3, r2, r0, lsl 16",1
"strpl r0, [r0], -0x100",1
"andeq r0, r0, r8, lsr r2",1
"andeq r0, r0, r0, asr 4",1
"rsbseq r0, r1, r2",1
"andeq r0, r0, r0, asr 4",1
"andeq r0, r0, r0, asr r2",1
invalid,1
"andeq r5, r2, r1, asr r0",1
"andeq r5, r2, r0, lsl 16",1
"strpl r0, [r0], -0x100",1
"andeq r0, r0, r8, asr r2",1
"andeq r0, r0, r0, ror 4",1
"rsbseq r0, r1, r2",1
"andeq r0, r0, r0, ror 4",1
"andeq r0, r0, r0, ror r2",1
"subseq r0, r4, r1",1
"andeq r0, r0, r0",1
"strlo r0, [r0], -0",1
"stmdalo r0, {r1}",1
invalid,1
"rsbeq r5, r0, 0, 8",1
"rsbseq r0, r0, 0",1
"andeq r0, r1, r0",1
"andeq r0, r0, r4, asr r0",1
"andeq r0, r0, r0",1
"andeq r3, r2, r0, lsl 8",1
"andeq r3, r2, r0, lsl 16",1
"andpl r0, r0, r0, lsl 2",1
"andeq r0, r0, r4, asr 4",1
"andeq r0, r0, ip, asr 4",1
"subsvs r0, r0, r1",1
"movwvs r0, 2",1
invalid,1
"rsbeq r5, r3, 0",1
"rsbseq r0, r0, 0",1
"andeq r0, r4, r0",1
svcls 0x5001f3,1
"andeq r0, r0, r0",1
"andeq r0, r0, r0",1
"andeq r0, r0, r0, ror r2",1
"andeq r0, r0, r4, ror r2",1
"rsbseq r0, sp, r2",1
"andeq r0, r0, r4, ror r2",1
"andeq r0, r0, r4, lsr 5",1
"ldmdaeq sp!, {r1} ^",1
"andeq r0, r0, r0",1
"andeq r0, r0, r0",1
"andeq r0, r0, r0, ror r2",1
"andeq r0, r0, fp, ror r2",1
blvc 0x1417df0,1
"strge r0, [r0], -2",1
invalid,1
"andeq r5, r0, r0, lsl 8",1
"andeq r0, r0, r0",1
"rsbseq r0, r8, 0",1
"rsbseq r0, fp, 0",1
"andeq r0, r1, r0",1
"andeq r7, r2, r0, asr fp",1
"andeq sl, r2, r0, lsl 8",1
"strpl r0, [r0], -0x100",1
"andeq r0, r0, r0",1
"andeq r0, r0, r0",1
"andeq r0, r0, ip, ror r2",1
"muleq r0, pc, r2",1
"subsge r0, r0, r1",1
"movwge r0, 2",1
invalid,1
"andeq r5, r0, r0",1
"andeq r0, r0, r0",1
"addseq r0, r4, 0",1
"adceq r0, r0, 0",1
"andeq r0, r1, r0",1
"andeq r0, r0, r4, asr r0",1
"andeq r0, r0, r0",1
"andeq sb, r2, r0, lsl 8",1
"andeq sl, r2, r0",1
"andlo r0, r0, r0, lsl 4",1
"muleq r0, pc, r0",1
"andeq r0, r0, r0",1
"andeq sl, r2, r0, lsl 8",1
"andeq sl, r2, r0, lsl 16",1
"stcvc p2, c0, [r0, -0]",1
"andeq sl, r2, r0, lsl 16",1
"andeq fp, r2, r0, lsl 16",1
"stcvc p2, c0, [r0, -0]",1
"andeq r0, r0, r8",1
"andeq r0, r0, r0",1
"andeq sl, r2, r0, lsl 8",1
"andeq sl, r2, r0, lsl 22",1
"andpl r0, r0, r0, lsl 2",1
"andeq r0, r0, fp, lsr 5",1
"strheq r0, [r0], -r8",1
invalid,1
"andeq sb, r0, r0, asr pc",1
"andeq r0, r0, r0",1
"adceq r0, r4, 0",1
"adceq r0, fp, 0",1
"andeq r0, r1, r0",1
"andeq sl, r2, r1, asr fp",1
"andeq fp, r2, r0, lsl 16",1
"vshl.u8 d0, d0, d0",1
"addseq r5, pc, r1, lsl 2",1
"andeq r0, r0, r0",1
invalid,1
"strlt r0, [r0, -r2]",1
invalid,1
"andeq r5, r0, r0",1
"andeq r0, r0, r0",1
"adcseq r0, r8, 0",1
"adcseq r0, ip, 0",1
"andeq r0, r2, r0",1
"adcseq r0, ip, 0x7d",1
"rscseq r0, r8, 0",1
"andeq r0, r2, r0",1
"andeq r1, r0, sp, ror r0",1
"andeq r0, r0, r0",1
"adcseq r0, r8, 0",1
"sbceq r0, r4, 0",1
"andeq r0, r1, r0",1
"andeq ip, r2, r0, asr r4",1
"andeq pc, r2, r0, lsl 16",1
"strpl r0, [r0, -0x100]",1
"andeq r0, r0, r0",1
"andeq r0, r0, r0",1
"strheq r0, [r0], -r8",1
"andeq r0, r0, fp, asr 5",1
blgt 0x1457f24,1
invalid,1
invalid,1
"andeq r5, r0, r0, lsl 8",1
"andeq r0, r0, r0",1
"sbceq r0, r8, 0",1
"sbceq r0, fp, 0",1
"andeq r0, r1, r0",1
"andeq ip, r2, r1, asr fp",1
"andeq pc, r2, r0, lsl 16",1
"strpl r0, [r0], -0x100",1
"andeq r0, r0, r0",1
"andeq r0, r0, r0",1
"andeq r0, r0, ip, asr 5",1
"strdeq r0, r1, [r0], -r3",1
invalid,1
invalid,1
invalid,1
"andeq r5, r0, r0",1
"andeq r0, r0, r0",1
"rsceq r0, r4, 0",1
"rscseq r0, r4, 0",1
"andeq r0, r1, r0",1
"andeq r0, r0, r4, asr r0",1
"andeq r0, r0, r0",1
"andeq lr, r2, r0, lsl 8",1
"andeq pc, r2, r0, lsl 8",1
"strpl r0, [r0, -0x100]",1
"andeq r0, r0, r0",1
"andeq r0, r0, r0",1
"strdeq r0, r1, [r0], -r8",1
"strdeq r0, r1, [r0], -ip",1
"rsbseq r0, sp, r2",1
"strdeq r0, r1, [r0], -ip",1
"andeq r0, r0, ip, lsr r3",1
"rsbsne r0, sp, r2",1
"andeq r0, r0, r0",1
"andeq r0, r0, r0",1
"strdeq r0, r1, [r0], -r8",1
"andeq r0, r0, r3, lsl 6",1
"cmpeq r0, 1",1
invalid,1
invalid,1
"andeq r5, r0, r0, lsl 10",1
"andeq r0, r0, r0",1
"tsteq r0, 0",1
"teqeq r7, 0",1
"andeq r0, r1, r0",1
"andeq r3, r3, r0, asr r8",1
"andeq r3, r3, r0, lsl 22",1
"andpl r0, r0, r0, lsl 2",1
"andeq r0, r0, r0",1
"andeq r0, r0, r0",1
"andeq r0, r0, r8, lsr 6",1
"andeq r0, r0, r8, lsr r3",1
"subseq r0, r5, r1",1
"andeq r0, r0, r0",1
invalid,1
"stmdalo r0, {r0, r1}",1
invalid,1
"andeq r5, r0, r0, lsl 8",1
"andeq r0, r0, r0",1
"andeq r0, r0, r0",1
"andeq r0, r4, r0",1
"andeq r0, r2, r0",1
"andeq r0, r4, sp, ror r0",1
"subeq r0, r0, r0",1
"andeq r0, r2, r0",1
"andeq r0, r0, sp, ror r8",1
"andeq r0, r0, r0",1
"andeq r0, r0, r0",1
"andeq r0, r4, r0",1
"andeq r0, r2, r0",1
"andeq r0, r4, sp, ror r0",1
"addeq r0, r4, r0",1
"andeq r0, r2, r0",1
"andeq r1, r0, sp, ror r0",1
"andeq r0, r0, r0",1
"andeq r0, r0, r0",1
"andeq r0, fp, r0",1
"andeq r0, r1, r0",1
"andeq r0, r0, r0, asr fp",1
"andeq r2, r0, r0, lsl 8",1
"strpl r0, [r0], -0x100",1
"andeq r0, r0, r4, lsr 32",1
"andeq r0, r0, r4, lsl 1",1
invalid,1
"andeq sb, r0, r0, asr pc",1
"andeq r0, r0, r0",1
"andseq r0, r0, r0",1
"andseq r0, r4, r0",1
"andeq r0, r5, r0",1
"mrchs p0, 1, r0, c0, c0, 3",1
"muleq r0, pc, r4",1
"andeq r8, r0, r0, lsl 8",1
"strvc r0, [r0], -r0, lsl 10",1
svcls 0x2e3000,1
"andeq r0, r0, r0",1
"andeq r0, r0, r0",1
"andeq r0, r0, r0, lsl r0",1
"andeq r0, r0, r4, lsr 32",1
"ldrbhs r0, [r4], -1",1
"strhi r0, [r0], -0",1
"streq r0, [r0], -0",1
"andpl pc, r1, r0, lsl 6",1
"muleq r0, pc, r0",1
"andeq r0, r0, r0",1
"andeq r0, r0, r0",1
"andeq r0, r0, r0, lsl 8",1
"stcvc p2, c0, [r0, -0]",1
"andeq r0, r0, r0, lsl 8",1
"andeq r0, r0, r0, lsl 24",1
"stcvc p2, c0, [r0, -0]",1
"andeq r0, r0, r4, lsr 24",1
"andeq r4, r3, r0, lsl 8",1
"stcvc p3, c0, [r0, -0]",1
"muleq r0, r8, r1",1
"andeq r0, r0, r0",1
"andseq r0, r0, r0",1
"eoreq r0, r4, r0",1
"andeq r0, r1, r0",1
"andeq r2, r0, r0, asr r4",1
"andeq sl, r0, r0, lsl 16",1
"strpl r0, [r0], -r0, lsl 2",1
"andeq r0, r0, r8, lsr 1",1
"strheq r0, [r0], -r0",1
"rsbseq r0, r6, lr",1
"rsbseq r0, r0, r3, ror r0",1
invalid,1
svcls 0x131600,1
"strheq r0, [r0], -r0",1
"strheq r0, [r0], -ip",1
"rsbseq r0, r6, r3, lsl r0",1
"rsbseq r0, r6, r3, ror r0",1
invalid,1
"stmdahs lr!, {r1, r3, r4, ip, sp}",1
"tstne r6, 1",1
"muleq r0, pc, ip",1
"andeq r4, r3, r0, lsl 8",1
"strpl r0, [r0], -r0, lsl 2",1
"andeq r0, r0, r0",1
"andeq r0, r0, r0",1
"andeq r0, r0, ip, lsr 32",1
"andeq r0, r0, ip, lsr r0",1
"mrrclo p0, 0, r0, r4, c1",1
svclo 0,1
invalid,1
"eorseq r5, pc, r0",1
"rsbseq r0, ip, r0",1
"andeq r0, r1, r0",1
"andeq r7, r0, r4, asr ip",1
"andeq sb, r0, r0, lsl 8",1
"andpl r0, r0, r0, lsl 2",1
"muleq r0, r4, r0",1
"strheq r0, [r0], -ip",1
"subseq r0, r4, r1",1
"andeq r0, r0, r0",1
"strhs r0, [r0], -0",1
invalid,1
invalid,1
"adcseq r5, ip, r0, lsl 8",1
"cmpeq r4, r0",1
"andeq r0, r1, r0",1
"andeq r6, r2, r4, asr r8",1
"andeq sl, r2, r0, lsl 8",1
"strpl r0, [r0], -0x100",1
"andeq r0, r0, r4, lsr 5",1
"andeq r0, r0, ip, lsr 5",1
invalid,1
svcls 0xbe,1
"ldrdeq r0, r1, [r0], -r4",1
"ldrdeq r0, r1, [r0], -r8",1
"mrrcle p0, 0, r0, r4, c1",1
invalid,1
invalid,1
"andeq r5, r0, r0, lsl 8",1
"andeq r0, r0, r0",1
"sbceq r0, r4, r0",1
"sbcseq r0, fp, r0",1
"andeq r0, r1, r0",1
"andeq sp, r0, r0, asr fp",1
"andeq lr, r0, r0, lsl 16",1
"strpl r0, [r0, -0x100]",1
"andeq r0, r0, r8, ror r2",1
"andeq r0, r0, r4, lsl 5",1
"mrrcle p0, 0, r0, r0, c1",1
invalid,1
invalid,1
"andeq r5, r0, r0",1
"andeq r0, r0, r0",1
"rscseq r0, ip, r0",1
"mrseq r0, apsr",1
"andeq r0, r1, r0",1
"andeq r0, r1, r0, asr pc",1
"andeq r7, r2, r0, lsl 16",1
"stmdapl r0, {r8}",1
"muleq r0, ip, r2",1
"ldrdeq r0, r1, [r0], -r4",1
"ldrble r0, [r8], -1",1
invalid,1
invalid,1
"rsceq r5, ip, 0",1
"movteq r0, 0x4000",1
"andeq r0, r1, r0",1
"andeq r0, r0, r8, asr r0",1
"andeq r0, r0, r0",1
"andeq sp, r0, r0, lsl 24",1
"andeq lr, r0, r0, lsl 16",1
"andpl r0, r0, r0, lsl 2",1
"andeq r0, r0, r0",1
"andeq r0, r0, r0",1
"strdeq r0, r1, [r0], -r0",1
"andeq r0, r0, r4, asr r1",1
"mrrcls p0, 0, r0, sb, c1",1
"strge r0, [r0], -2",1
invalid,1
"sbcseq r5, r4, 0, 18",1
"sbcseq r0, ip, 0",1
"andeq r0, r1, r0",1
"andeq r0, r0, sb, asr r0",1
"andeq r0, r0, r0",1
"andeq sp, r0, r0, lsl 24",1
"andeq lr, r0, r0, lsl 16",1
"stclo p2, c0, [r0, -0]",1
"muleq r0, pc, r0",1
"andeq r0, r0, r0",1
"andeq r0, r1, r0, lsl 8",1
"andeq r3, r1, r0, lsl 24",1
bpl 0x186b0,1
"andeq r0, r0, r0",1
"andeq r0, r0, r0",1
"andeq r0, r0, r4, lsl 2",1
"andeq r0, r0, ip, asr 2",1
"subseq r0, r5, r1",1
"andeq r0, r0, r0",1
"streq r0, [r0], -0",1
svceq 1,1
invalid,1
"mrseq r5, apsr",1
"rsbseq r0, r0, 0",1
"andeq r0, r1, r0",1
"andeq sb, r2, r8, asr ip",1
"andeq sp, r2, r0, lsl 8",1
"stmdapl r0, {r8}",1
"andeq r0, r0, ip, ror 5",1
"andeq r0, r0, r4, asr 6",1
"subseq r0, r8, r1",1
"andeq r0, r0, r0",1
"andne r0, r0, r0",1
"andvc r0, r0, r1",1
"streq r0, [r0], -r2",1
"strbgt r0, [r4, 0x300]",1
"ldcls p0, c0, [pc], {0}",1
"strle r0, [r0], -2",1
"streq r0, [r0], -r2",1
"strbgt r0, [r4, 0x300]",1
"ldc p0, c0, [pc], {0}",1
"strmi r0, [r0], -2",1
"streq r0, [r0], -r3",1
"strbgt r0, [r4, 0x300]",1
"addseq r0, pc, r0",1
"andeq r0, r0, r0",1
"andne r0, r0, r0",1
"stmdahs r0, {r0}",1
"streq r0, [r0], -r1",1
blvc 0x36344,1
"ldmhs pc, {sb, sp}",1
blhs 0x18350,1
invalid,1
invalid,1
"cmpeq r4, r0",1
"andeq r0, r6, r0",1
"rsbseq r0, fp, r8, ror r0",1
"addseq sb, ip, 34, 30",1
"adceq r0, r4, 0",1
"andeq r0, r6, r0",1
"rsbseq r0, fp, r8, ror r0",1
"andeq sb, r0, r2, lsr 30",1
"andeq r0, r0, r0",1
"tsteq r0, r0",1
"rsbseq r0, r0, 0",1
"andeq r0, r2, r0",1
"addseq sb, ip, 62, 30",1
"sbcseq r0, r4, 0",1
"andeq r0, r2, r0",1
"rsceq sb, ip, 62, 30",1
"movteq r0, 0x4000",1
"andeq r0, r2, r0",1
"andeq sb, r0, lr, lsr pc",1
"andeq r0, r0, r0",1
invalid,1
"rsbseq r0, r0, 0",1
"andeq r0, r4, r0",1
svcls 0x80000a,1
"muleq r0, ip, r2",1
"ldrdeq r0, r1, [r0], -r4",1
"andeq r0, sl, r4",1
"rsceq sb, ip, 128, 30",1
"movteq r0, 0x4000",1
"andeq r0, r4, r0",1
svcls 0x80000a,1
"andeq r0, r0, r0",1
"andeq r0, r0, r0",1
"andeq r0, r0, ip, lsr 2",1
"andeq r0, r0, r0, ror r2",1
"mrrcls p0, 0, r0, r8, c1",1
"strle r0, [r0], -2",1
invalid,1
"rsceq r5, ip, 0, 16",1
"movteq r0, 0x4000",1
"andeq r0, r1, r0",1
"andeq r0, r0, r8, asr r0",1
"andeq r0, r0, r0",1
"andeq r4, r1, r0, lsl 16",1
"andeq r5, r1, r0, lsl 8",1
"andpl r0, r0, r0, lsl 2",1
"andeq r0, r0, r4, asr r1",1
"andeq r0, r0, r8, ror 4",1
"mrrcls p0, 0, r0, r5, c1",1
"andge r0, r0, r2",1
invalid,1
"adceq r5, r0, 0",1
"adceq r0, r4, 0",1
"andeq r0, r1, r0",1
"andeq sl, r2, r5, asr ip",1
"andeq sp, r2, r0, lsl 8",1
"strpl r0, [r0, -0x100]",1
"andeq r0, r0, ip, ror 5",1
"andeq r0, r0, r4, asr 6",1
"subseq r0, r5, r1",1
"andeq r0, r0, r0",1
"strpl r0, [r0], -0",1
"str r0, [r0], -1",1
invalid,1
invalid,1
invalid,1
"andeq r0, r1, r0",1
"andeq pc, r1, r0, asr ip",1
"andeq r2, r2, r0",1
"stmdbpl r0, {r8}",1
"andeq r0, r0, r0, lsr 4",1
"andeq r0, r0, r8, ror 4",1
"mrrcge p0, 0, r0, r4, c1",1
invalid,1
invalid,1
"sbceq r5, ip, 0, 8",1
"sbcseq r0, r4, 0",1
"andeq r0, r1, r0",1
"andeq lr, r2, r0, asr ip",1
"andeq pc, r2, r0",1
"andpl r0, r0, r0, lsl 2",1
"strdeq r0, r1, [r0], -r0",1
"strdeq r0, r1, [r0], -r4",1
invalid,1
"streq r0, [r0], -2",1
"andeq r0, r0, 3",1
"ldreq r3, [pc], 0           ; [0x184b0:4]=0x1000003",1
"strmi r0, [r0], -3",1
invalid,1
"andeq r5, r0, r0, lsl 8",1
"andeq r0, r0, r0",1
"cmpeq r4, r0",1
"biceq r0, ip, r0",1
"andeq r0, r1, r0",1
"andeq lr, r1, sl, asr r0",1
"andeq r6, r2, r0, lsl 16",1
bpl 0x188d8,1
"andeq r0, r0, ip, lsr 5",1
"strheq r0, [r0], -r4",1
"ldmdagt sl, {r0} ^",1
"strle r0, [r0], -2",1
invalid,1
"rsceq r5, ip, 0, 20",1
"movweq r0, 0x4000",1
"andeq r0, r2, r0",1
"movweq sb, 0x4f30",1
"movteq r0, 0x4000",1
"andeq r0, r1, r0",1
"andeq r0, r0, sl, asr r0",1
"andeq r0, r0, r0",1
"andeq fp, r1, r0, lsl 8",1
"andeq fp, r1, r0, lsl 16",1
"andpl r0, r0, r0, lsl 2",1
"strheq r0, [r0], -r8",1
"andeq r0, r0, r0, lsr 4",1
"mrrcge p0, 0, r0, fp, c1",1
"strle r0, [r0], -2",1
invalid,1
"rsceq r5, ip, 0, 22",1
"movweq r0, 0x4000",1
"andeq r0, r1, r0",1
"andeq r0, r0, fp, asr r0",1
"andeq r0, r0, r0",1
"andeq ip, r1, r0, lsl 8",1
"andeq sp, r1, r0",1
"andpl r0, r0, r0, lsl 2",1
"ldrdeq r0, r1, [r0], -r0",1
"ldrdeq r0, r1, [r0], -r7",1
"mrrcge p0, 0, r0, r2, c1",1
invalid,1
invalid,1
"adcseq r5, ip, 0",1
"sbceq r0, r3, 0",1
"andeq r0, r1, r0",1
"andeq r0, r0, r2, asr r0",1
"andeq r0, r0, r0",1
"andeq ip, r1, r0, lsl 8",1
"andeq pc, r1, r0, lsl 8",1
"strpl r0, [r0], -0x100",1
"andeq r0, r0, ip, lsr 5",1
"ldrdeq r0, r1, [r0], -r4",1
"mrrc p0, 0, r0, r4, c1",1
"andeq r0, r0, r2",1
invalid,1
"andeq r5, r0, r0, lsl 8",1
"andeq r0, r0, r0",1
"cmpeq r4, r0",1
"rsbeq r0, r8, 0",1
"andeq r0, r1, r0",1
"andeq sl, r2, r5, asr ip",1
"andeq sp, r2, r0, lsl 8",1
"strpl r0, [r0, -0x100]",1
"andeq r0, r0, ip, ror 5",1
"andeq r0, r0, r4, asr 6",1
"subseq r0, r5, r1",1
"andeq r0, r0, r0",1
"vst4.8 {d0, d1, d2, d3}, [r0], r0",1
"andeq r0, r0, r1",1
"streq r0, [r0], -2",1
"cdpvc p1, 0xe, c9, c8, c0, 0",1
"muleq r2, pc, r0",1
"andeq r0, r2, r0, lsl 14",1
invalid,1
"andeq r0, r0, r7, lsl 4",1
"andeq r0, r0, r0, lsr 4",1
"ldm r1, {r2}",1
"andeq sb, r0, lr, ror pc",1
"andeq r0, r0, r0",1
invalid,1
invalid,1
"andeq r0, fp, r0",1
"rsbseq r0, r4, r0, ror r0",1
invalid,1
"ldc2 p12, c1, [pc], {0x32}",1
invalid,1
bleq 0x1861c,1
"strvc r7, [r0], -0x900",1
"rsbseq r2, fp, r0, lsl 4",1
svcls 0x1c321c,1
"andeq r0, r0, r0",1
"andeq r0, r0, r0",1
"andeq r0, r0, r8, lsl 4",1
"andeq r0, r0, r4, lsl r2",1
"ldcls p0, c0, [r1], {4}",1
"andseq sb, r4, 0x1fc",1
"andseq r0, r7, 0",1
"andeq r0, r1, r0",1
"andeq r1, r2, r1, asr r7",1
"andeq r2, r2, r0",1
invalid,1
"umullseq r7, pc, ip, pc",1
"andeq r0, r0, r0",1
invalid,1
invalid,1
"stmdaeq r0, {r1}",1
"strvc r7, [r0], -0x900",1
"ldcne p2, c2, [r1], -0",1
"muleq r0, pc, r0",1
"andeq r0, r0, r0",1
"andeq r2, r2, r0",1
"andeq r5, r2, r0",1
"strpl r0, [r0, -0x100]",1
"andeq r0, r0, r8, lsl r3",1
"andeq r0, r0, r4, asr 6",1
"subseq r0, r5, r1",1
"andeq r0, r0, r0",1
"andeq r0, r0, r0",1
"streq r0, [r0], -0",1
"andeq r0, r0, 0",1
"streq r7, [r0], -0xd00",1
invalid,1
"andeq r0, r0, 0",1
"ldmdaeq r0, {r8, sl, fp, ip, sp, lr}",1
"andge r0, r0, r0",1
"andeq r0, r0, 0",1
"andseq r7, r8, r0, lsl 26",1
"andeq r0, r0, r0",1
"andeq r0, r0, r0",1
svceq 0,1
invalid,1
"andeq r5, pc, r0",1
"addseq r0, r4, r0",1
"andeq r0, r1, r0",1
"andeq sb, r0, r4, asr r4",1
"andeq sb, r0, r0, lsl 30",1
"andpl r0, r0, r0, lsl 2",1
"muleq r0, pc, r0",1
"andeq r0, r0, r0, lsr 1",1
"subseq r0, r4, r1",1
"andeq r0, r0, r0",1
"andeq r0, r0, r0",1
"andmi r0, r0, r0",1
"andeq r0, r0, 0",1
"addsmi r3, pc, r0",1
"andvs r0, r0, r0",1
invalid,1
"rsbeq r5, r0, r0, lsl 12",1
"adceq r0, r0, r0",1
"andeq r0, r2, r0",1
"andeq sb, r0, r0, lsr pc",1
"andeq r0, r0, r0",1
"andseq r0, r0, r0",1
"andseq r0, r8, r0",1
"andeq r0, r1, r0",1
"andeq r0, r0, r0, asr r0",1
"andeq r0, r0, r0",1
"andeq r0, r0, r0",1
"andeq r4, r0, r0, lsl 24",1
"andlo r0, r0, r0, lsl 4",1
"muleq r0, pc, ip",1
"andeq r5, r0, r0, lsl 8",1
"andpl r0, r0, r0, lsl 2",1
"andeq r0, r0, r4, asr r0",1
"andeq r0, r0, r8, asr r0",1
invalid,1
"muleq r0, pc, r0",1
"andeq sl, r0, r0",1
"andlo r0, r0, r0, lsl 4",1
"muleq r0, pc, r0",1
"andeq r0, r0, r0",1
"andeq r0, r0, r0",1
"andeq r0, r0, r0, lsl 8",1
"stcvc p2, c0, [r0, -0]",1
"andeq r0, r0, r0, lsl 8",1
"andeq r0, r0, r0, lsl 24",1
"stcvc p2, c0, [r0, -0]",1
"andeq r0, r0, r8, lsl 24",1
"andeq r5, r0, r0, lsl 8",1
"stcvc p2, c0, [r0, -0]",1
"andeq r0, r0, r0, lsl r0",1
"andeq r0, r0, r0",1
"andeq r0, r0, r0",1
"andeq r1, r0, r0, lsl 6",1
"andpl r0, r0, r0, lsl 2",1
"andeq r0, r0, r3, lsl r0",1
"andeq r0, r0, r4, asr r0",1
"subseq r0, r4, r1",1
"andeq r0, r0, r0",1
"andeq r0, r0, r0",1
"streq r0, [r0], -0",1
"andeq r0, r0, 0",1
"streq r7, [r0], -0xd00",1
invalid,1
"andeq r0, r0, 0",1
invalid,1
"strge r0, [r0], -0",1
"andeq r0, r0, 0",1
"eoreq r7, r8, r0, lsl 26",1
"andeq r0, r0, r0",1
"andeq r0, r0, r0",1
"andhs r0, r0, r0",1
invalid,1
"eoreq r5, r0, r0",1
"eorseq r0, r0, r0",1
"andeq r0, r1, r0",1
"andeq r3, r0, r6, asr r0",1
"andeq r5, r0, r0, lsl 14",1
"andpl r0, r0, r0, lsl 2",1
"andeq r0, r0, r7, asr r0",1
"andeq r0, r0, r4, lsr 1",1
"subseq r0, r6, r1",1
"andeq r0, r0, r0",1
"andeq r0, r0, r0",1
svchs 0,1
"streq r0, [r0], -r0",1
"ldreq r5, [r3], 0x200",1
svchs 0x49353,1
"andlo r0, r0, r0",1
"streq r0, [r0], -r0",1
invalid,1
"addslo r2, pc, r2, lsl 10",1
"strpl r0, [r0, -r0]",1
"streq r0, [r0], -r0",1
"ldreq r5, [r3], 0x200",1
"smlsdpl r4, r3, r3, sb",1
"strge r0, [r0], -0",1
"streq r0, [r0], -r0",1
invalid,1
"addseq r2, pc, r2, lsl 10",1
"andeq r0, r0, r0",1
invalid,1
"strls r0, [r0], -0",1
"streq r0, [r0], -r0",1
"ldreq r5, [r3], 0",1
invalid,1
"andge r0, r0, r0",1
"streq r0, [r0], -r0",1
"ldreq r5, [r3], 0",1
"andeq sb, r4, r1, asr r3",1
"andeq r0, r0, r0",1
"andeq r0, r0, r0",1
"streq r0, [r0], -0",1
"andeq r0, r0, 0",1
"streq r7, [r0], -0xd00",1
"strvs r0, [r0], -0",1
"andeq r0, r0, 0",1
"eoreq r7, r0, r0, lsl 26",1
"andeq r0, r0, r0",1
"andeq r0, r0, r0",1
svcne 0,1
invalid,1
"andseq r5, pc, r0",1
"rsbeq r0, r4, r0",1
"andeq r0, r1, r0",1
"andeq r0, r0, r7, asr r0",1
"andeq r0, r0, r0",1
"andeq r0, r0, r0",1
"andeq r1, r0, r0, lsl 30",1
invalid,1
"andeq r0, r0, pc, lsl r0",1
"andeq r0, r0, r4, rrx",1
"subseq r0, r8, r1",1
"andeq r0, r0, r0",1
"andeq r0, r0, r0",1
svcne 0,1
invalid,1
"andseq r5, pc, r0, lsl 4",1
"rsbeq r0, r4, r0",1
"andeq r0, r1, r0",1
"andeq r0, r0, sl, asr r0",1
"andeq r0, r0, r0",1
"andeq r2, r0, r0",1
"andeq r3, r0, r0, lsl 16",1
"andlo r0, r0, r0, lsl 4",1
"muleq r0, pc, r0",1
"andeq r6, r0, r0, lsl 8",1
"strpl r0, [r0], -0x100",1
"andeq r0, r0, r0",1
"andeq r0, r0, r0",1
"andeq r0, r0, r0",1
"andeq r0, r0, r3, lsr 32",1
"cmphs r0, 1",1
invalid,1
"streq r0, [r0], -0",1
"andpl pc, r1, r0, lsl 6",1
"muleq r0, pc, r0",1
"andeq r0, r0, r0",1
"andeq r0, r0, r0",1
invalid,1
"andeq r0, r0, r0",1
"strheq r8, [r0], -r0",1
"ldrdeq r8, sb, [r0], -r4",1
"andeq r8, r0, r0, lsr fp",1
"andeq r8, r0, r8, lsr fp",1
"andeq fp, r0, ip, ror lr",1
"andeq fp, r0, r0, lsl 29",1
"andeq r0, r0, r0",1
"andeq r0, r0, r0",1
"andeq sb, r0, ip, lsr r0",1
"andeq sb, r0, r0, asr 32",1
"andeq sb, r0, r4, asr 32",1
"andeq sb, r0, ip, asr 32",1
"andeq r0, r0, r0",1
"andeq r0, r0, r0",1
"andeq sb, r0, ip, asr r0",1
"andeq sb, r0, r0, rrx",1
"andeq sb, r0, r4, rrx",1
"andeq sb, r0, r0, ror r0",1
"andeq r0, r0, r0",1
"andeq r0, r0, r0",1
"strheq sb, [r0], -r4",1
"strheq sb, [r0], -r8",1
"strheq sb, [r0], -ip",1
"andeq sb, r0, r4, asr 1",1
"andeq r0, r0, r0",1
"andeq r0, r0, r0",1
"andeq sb, r0, r0, ror 1",1
"andeq sb, r0, r4, ror 1",1
"andeq sb, r0, r8, ror 1",1
"strdeq sb, sl, [r0], -r0",1
"andeq r0, r0, r0",1
"andeq r0, r0, r0",1
"andeq r8, r0, r8, lsr 31",1
"andeq sb, r0, r4, lsr r1",1
"muleq r0, ip, sp",1
"andeq r8, r0, r4, ror lr",1
"andeq r0, r0, r0",1
"andeq r0, r0, r0",1
"andeq r0, r0, r8, ror r0",1
"andeq r0, r0, r0, asr 1",1
"andeq r0, r0, ip, asr 1",1
"andeq r0, r0, r8, lsl 2",1
"andeq r0, r0, r0",1
"andeq r0, r0, r0",1
"andeq r0, r0, r0, lsl 1",1
"strheq r0, [r0], -r0",1
"andeq r0, r0, r4, asr 1",1
"andeq r0, r0, ip, ror 1",1
"andeq r0, r0, r0",1
"andeq r0, r0, r0",1
"andeq r0, r0, r0, lsl 1",1
"strheq r0, [r0], -r0",1
"andeq r0, r0, r4, asr 1",1
"andeq r0, r0, ip, ror 1",1
"andeq r0, r0, r0",1
"andeq r0, r0, r0",1
"andeq r0, r0, r8, lsl 1",1
"strheq r0, [r0], -r0",1
"andeq r0, r0, r4, asr 1",1
"andeq r0, r0, ip, ror 1",1
"andeq r0, r0, r0",1
"andeq r0, r0, r0",1
"andeq r0, r0, r8, lsl 1",1
"strheq r0, [r0], -r0",1
"andeq r0, r0, r4, asr 1",1
"andeq r0, r0, ip, ror 1",1
"andeq r0, r0, r0",1
"andeq r0, r0, r0",1
"andeq r0, r0, r8, lsl 1",1
"strheq r0, [r0], -r0",1
"andeq r0, r0, r4, asr 1",1
"andeq r0, r0, ip, ror 1",1
"andeq r0, r0, r0",1
"andeq r0, r0, r0",1
"andeq r0, r0, r8, lsl 1",1
"strheq r0, [r0], -r0",1
"andeq r0, r0, r4, asr 1",1
"andeq r0, r0, ip, ror 1",1
"andeq r0, r0, r0",1
"andeq r0, r0, r0",1
"muleq r0, r8, r0",1
"strheq r0, [r0], -r0",1
"andeq r0, r0, r4, asr 1",1
"andeq r0, r0, ip, ror 1",1
"andeq r0, r0, r0",1
"andeq r0, r0, r0",1
"muleq r0, r8, r0",1
"strheq r0, [r0], -r0",1
"andeq r0, r0, r4, asr 1",1
"andeq r0, r0, ip, ror 1",1
"andeq r0, r0, r0",1
"andeq r0, r0, r0",1
"andeq r0, r0, r4, lsr 1",1
"strheq r0, [r0], -r0",1
"andeq r0, r0, r4, asr 1",1
"andeq r0, r0, ip, ror 1",1
"andeq r0, r0, r0",1
"andeq r0, r0, r0",1
"andeq r0, r0, r4, lsr 1",1
"strheq r0, [r0], -r0",1
"andeq r0, r0, r4, asr 1",1
"andeq r0, r0, ip, ror 1",1
"andeq r0, r0, r0",1
"andeq r0, r0, r0",1
"andeq r0, r0, r8, ror 4",1
"andeq r0, r0, r8, ror r2",1
"andeq r0, r0, ip, ror r2",1
"andeq r0, r0, r8, ror 5",1
"andeq r0, r0, r0, lsl 6",1
"andeq r0, r0, r0, asr 13",1
"andeq r0, r0, r4, asr 13",1
"andeq r0, r0, r8, asr 13",1
"andeq r0, r0, r0, ror 14",1
"andeq r0, r0, ip, lsl 15",1
"ldrdeq r0, r1, [r0], -ip",1
"strdeq r0, r1, [r0], -ip",1
"andeq r0, r0, r0, lsr 22",1
"andeq r0, r0, r0, ror 26",1
"muleq r0, r8, sp",1
"andeq r0, r0, r8, lsl 28",1
"andeq r0, r0, r0",1
"andeq r0, r0, r0",1
"ldrdeq r0, r1, [r0], -ip",1
"andeq r0, r0, r0, ror 5",1
"andeq r0, r0, r4, ror 5",1
"andeq r0, r0, r8, ror 5",1
"strheq r0, [r0], -r0",1
"andeq r0, r0, r4, lsl 19",1
"andeq r0, r0, ip, lsr 22",1
"andeq r0, r0, r0, asr 22",1
"andeq r0, r0, r8, ror 22",1
"andeq r0, r0, ip, lsl sp",1
"andeq r0, r0, r0, asr sp",1
"andeq r0, r0, r0, ror 26",1
"muleq r0, r8, sp",1
"andeq r0, r0, r8, lsl 28",1
"andeq r0, r0, r0",1
"andeq r0, r0, r0",1
"ldrdeq r0, r1, [r0], -ip",1
"andeq r0, r0, r0, ror 5",1
"andeq r0, r0, r4, ror 5",1
"andeq r0, r0, r8, ror 5",1
"andeq r0, r0, ip, asr 17",1
"andeq r0, r0, r8, ror 17",1
"andeq r0, r0, ip, lsr 22",1
"andeq r0, r0, r0, asr 22",1
"andeq r0, r0, r8, ror 22",1
"strheq r0, [r0], -r8",1
"andeq r0, r0, r0, asr sp",1
"andeq r0, r0, r0, ror 26",1
"muleq r0, r8, sp",1
"andeq r0, r0, r8, lsl 28",1
"andeq r0, r0, r0",1
"andeq r0, r0, r0",1
"ldrdeq r0, r1, [r0], -ip",1
"andeq r0, r0, r0, ror 5",1
"andeq r0, r0, r4, ror 5",1
"andeq r0, r0, r8, ror 5",1
"andeq r0, r0, ip, asr 17",1
"andeq r0, r0, r8, ror 17",1
"andeq r0, r0, r8, ror 22",1
"andeq r0, r0, r4, ror ip",1
"andeq r0, r0, r8, ror ip",1
"andeq r0, r0, ip, ror ip",1
"andeq r0, r0, r4, lsl 25",1
"andeq r0, r0, r8, lsl 25",1
"muleq r0, r8, sp",1
"andeq r0, r0, r8, lsl 28",1
"andeq r0, r0, r0",1
"andeq r0, r0, r0",1
"ldrdeq r0, r1, [r0], -ip",1
"andeq r0, r0, r0, ror 5",1
"andeq r0, r0, r4, ror 5",1
"andeq r0, r0, r8, ror 5",1
"andeq r0, r0, r8, lsr 23",1
"andeq r0, r0, r0, ror 24",1
"andeq r0, r0, r0",1
"andeq r0, r0, r0",1
"andeq r0, r0, ip, lsr 22",1
"andeq r0, r0, r0, lsr fp",1
"andeq r0, r0, r4, lsr fp",1
"andeq r0, r0, ip, lsr fp",1
"andeq r0, r0, r0",1
"andeq r0, r0, r0",1
"strdeq r0, r1, [r0], -r0",1
"andeq r0, r0, r4, lsl 19",1
"andeq r0, r0, ip, asr 25",1
"andeq r0, r0, ip, lsl sp",1
"andeq r0, r0, r0",1
"andeq r0, r0, r0",1
"ldrdeq r0, r1, [r0], -r8",1
"andeq r0, r0, r0, lsr 30",1
"andeq r1, r0, ip",1
"andeq r1, r0, r4, lsr r0",1
"andeq r1, r0, r8, lsr r0",1
"andeq r1, r0, r4, asr 32",1
"andeq r0, r0, r0",1
"andeq r0, r0, r0",1
"andeq r0, r0, r8, lsl 30",1
"andeq r0, r0, ip, lsl 30",1
"andeq r0, r0, r0, lsl pc",1
"andeq r0, r0, ip, lsl pc",1
"andeq r0, r0, r0",1
"andeq r0, r0, r0",1
"andeq r0, r0, r0, lsr 30",1
"strdeq r0, r1, [r0], -ip",1
"andeq r1, r0, r0",1
"andeq r1, r0, r4",1
"andeq r0, r0, r0",1
"andeq r0, r0, r0",1
"andeq r0, r0, ip, lsr 31",1
"strheq r0, [r0], -r8",1
"strdeq r0, r1, [r0], -r0",1
"strdeq r0, r1, [r0], -r4",1
"andeq r0, r0, r0",1
"andeq r0, r0, r0",1
"strheq r1, [r0], -ip",1
"andeq r1, r0, r0, asr 3",1
"andeq r1, r0, r4, asr 3",1
"andeq r1, r0, r8, asr 3",1
"andeq r1, r0, ip, asr 3",1
"ldrdeq r1, r2, [r0], -r0",1
"ldrdeq r1, r2, [r0], -r4",1
"andeq r1, r0, ip, asr r2",1
"andeq r1, r0, r0, ror 4",1
"andeq r1, r0, r4, ror 4",1
"andeq r0, r0, r0",1
"andeq r0, r0, r0",1
"strheq r1, [r0], -ip",1
"andeq r1, r0, r0, asr 3",1
"andeq r1, r0, r4, asr 3",1
"andeq r1, r0, r8, asr 3",1
"andeq r1, r0, ip, asr 3",1
"ldrdeq r1, r2, [r0], -r0",1
"ldrdeq r1, r2, [r0], -r4",1
"andeq r1, r0, ip, asr r2",1
"andeq r1, r0, r0, ror 4",1
"andeq r1, r0, r4, ror 4",1
"andeq r0, r0, r0",1
"andeq r0, r0, r0",1
"andeq r1, r0, r0, lsr 4",1
"andeq r1, r0, r8, lsr 4",1
"andeq r1, r0, r0, asr r2",1
"andeq r1, r0, r4, asr r2",1
"andeq r0, r0, r0",1
"andeq r0, r0, r0",1
"andeq r1, r0, r0, ror 7",1
"andeq r1, r0, r4, ror 7",1
"andeq r1, r0, r8, ror 7",1
"strdeq r1, r2, [r0], -r0",1
"strdeq r1, r2, [r0], -r0",1
"strdeq r1, r2, [r0], -r8",1
"andeq r0, r0, r0",1
"andeq r0, r0, r0",1
"andeq r1, r0, r0, lsl 8",1
"andeq r1, r0, ip, lsl 8",1
"andeq r1, r0, ip, lsl 8",1
"andeq r1, r0, r4, lsl r4",1
"andeq r0, r0, r0",1
"andeq r0, r0, r0",1
"andeq r1, r0, r8, lsl r4",1
"andeq r1, r0, ip, lsl r4",1
"andeq r1, r0, r0, lsr 8",1
"andeq r1, r0, r4, lsr 8",1
"andeq r1, r0, ip, lsr 8",1
"andeq r1, r0, r0, lsl 9",1
"muleq r0, ip, r4",1
"andeq r1, r0, r0, lsr 9",1
"andeq r0, r0, r0",1
"andeq r0, r0, r0",1
"andeq r1, r0, r8, lsl r4",1
"andeq r1, r0, ip, lsl r4",1
"andeq r1, r0, r0, lsr 8",1
"andeq r1, r0, r4, lsr 8",1
"andeq r1, r0, ip, lsr 8",1
"andeq r1, r0, r0, lsl 9",1
"muleq r0, ip, r4",1
"andeq r1, r0, r0, lsr 9",1
"andeq r0, r0, r0",1
"andeq r0, r0, r0",1
"andeq r1, r0, r4, lsr 9",1
"andeq r1, r0, r8, lsr 9",1
"andeq r1, r0, ip, lsr 9",1
"strheq r1, [r0], -r0",1
"strheq r1, [r0], -ip",1
"andeq r1, r0, r0, lsl r5",1
"andeq r1, r0, ip, lsr 10",1
"andeq r1, r0, r0, lsr r5",1
"andeq r0, r0, r0",1
"andeq r0, r0, r0",1
"andeq r1, r0, r4, lsr 9",1
"andeq r1, r0, r8, lsr 9",1
"andeq r1, r0, ip, lsr 9",1
"strheq r1, [r0], -r0",1
"strheq r1, [r0], -ip",1
"andeq r1, r0, r0, lsl r5",1
"andeq r1, r0, ip, lsr 10",1
"andeq r1, r0, r0, lsr r5",1
"andeq r0, r0, r0",1
"andeq r0, r0, r0",1
"andeq r1, r0, r4, lsr r5",1
"andeq r1, r0, r8, lsr r5",1
"andeq r1, r0, ip, lsr r5",1
"andeq r1, r0, r0, asr 10",1
"andeq r1, r0, r4, asr 10",1
"andeq r1, r0, ip, lsr 11",1
"strheq r1, [r0], -r4",1
"strheq r1, [r0], -r8",1
"andeq r0, r0, r0",1
"andeq r0, r0, r0",1
"andeq r1, r0, r4, lsr r5",1
"andeq r1, r0, r8, lsr r5",1
"andeq r1, r0, ip, lsr r5",1
"andeq r1, r0, r0, asr 10",1
"andeq r1, r0, r4, asr 10",1
"andeq r1, r0, ip, lsr 11",1
"strheq r1, [r0], -r4",1
"strheq r1, [r0], -r8",1
"andeq r0, r0, r0",1
"andeq r0, r0, r0",1
"andeq r1, r0, r4, lsr r5",1
"andeq r1, r0, r8, lsr r5",1
"andeq r1, r0, ip, lsr r5",1
"andeq r1, r0, r0, asr 10",1
"andeq r1, r0, r4, asr 10",1
"muleq r0, r8, r5",1
"strheq r1, [r0], -r4",1
"strheq r1, [r0], -r8",1
"andeq r0, r0, r0",1
"andeq r0, r0, r0",1
"andeq r1, r0, r4, lsr r5",1
"andeq r1, r0, r8, lsr r5",1
"andeq r1, r0, ip, lsr r5",1
"andeq r1, r0, r0, asr 10",1
"andeq r1, r0, r4, asr 10",1
"muleq r0, r8, r5",1
"strheq r1, [r0], -r4",1
"strheq r1, [r0], -r8",1
"andeq r0, r0, r0",1
"andeq r0, r0, r0",1
"strheq r1, [r0], -ip",1
"andeq r1, r0, r0, asr 11",1
"andeq r1, r0, r4, asr 11",1
"andeq r1, r0, r8, asr 11",1
"ldrdeq r1, r2, [r0], -r0",1
"andeq r1, r0, r8, lsr r6",1
"andeq r1, r0, r0, asr 12",1
"andeq r1, r0, r4, asr 12",1
"andeq r0, r0, r0",1
"andeq r0, r0, r0",1
"strheq r1, [r0], -ip",1
"andeq r1, r0, r0, asr 11",1
"andeq r1, r0, r4, asr 11",1
"andeq r1, r0, r8, asr 11",1
"ldrdeq r1, r2, [r0], -r0",1
"andeq r1, r0, r8, lsr r6",1
"andeq r1, r0, r0, asr 12",1
"andeq r1, r0, r4, asr 12",1
"andeq r0, r0, r0",1
"andeq r0, r0, r0",1
"strheq r1, [r0], -ip",1
"andeq r1, r0, r0, asr 11",1
"andeq r1, r0, r4, asr 11",1
"andeq r1, r0, r8, asr 11",1
"ldrdeq r1, r2, [r0], -r0",1
"andeq r1, r0, r4, lsr 12",1
"andeq r1, r0, r0, asr 12",1
"andeq r1, r0, r4, asr 12",1
"andeq r0, r0, r0",1
"andeq r0, r0, r0",1
"strheq r1, [r0], -ip",1
"andeq r1, r0, r0, asr 11",1
"andeq r1, r0, r4, asr 11",1
"andeq r1, r0, r8, asr 11",1
"ldrdeq r1, r2, [r0], -r0",1
"andeq r1, r0, r4, lsr 12",1
"andeq r1, r0, r0, asr 12",1
"andeq r1, r0, r4, asr 12",1
"andeq r0, r0, r0",1
"andeq r0, r0, r0",1
"andeq r1, r0, r8, ror r6",1
"andeq r1, r0, r0, lsr 13",1
"andeq r1, r0, ip, lsr 13",1
"strheq r1, [r0], -r0",1
"andeq r0, r0, r0",1
"andeq r0, r0, r0",1
"andeq r1, r0, r8, ror r6",1
"andeq r1, r0, ip, lsl 13",1
"muleq r0, r0, r6",1
"muleq r0, r4, r6",1
"muleq r0, r8, r6",1
"andeq r1, r0, r0, lsr 13",1
"andeq r1, r0, ip, lsr 13",1
"strheq r1, [r0], -r0",1
"andeq r0, r0, r0",1
"andeq r0, r0, r0",1
"andeq r1, r0, r8, asr 13",1
"andeq r1, r0, ip, asr 13",1
"ldrdeq r1, r2, [r0], -r0",1
"ldrdeq r1, r2, [r0], -r4",1
"ldrdeq r1, r2, [r0], -ip",1
"andeq r1, r0, r4, lsr r7",1
"andeq r0, r0, r0",1
"andeq r0, r0, r0",1
"andeq r1, r0, r8, asr 13",1
"andeq r1, r0, ip, asr 13",1
"ldrdeq r1, r2, [r0], -r0",1
"ldrdeq r1, r2, [r0], -r4",1
"ldrdeq r1, r2, [r0], -ip",1
"andeq r1, r0, r4, lsl r7",1
"andeq r1, r0, r8, lsl r7",1
"andeq r1, r0, r4, lsr r7",1
"andeq r0, r0, r0",1
"andeq r0, r0, r0",1
"strdeq r1, r2, [r0], -r4",1
"andeq r1, r0, r4, lsl r7",1
"andeq r1, r0, r8, lsl r7",1
"andeq r1, r0, ip, lsl r7",1
"andeq r1, r0, r8, lsr 14",1
"andeq r1, r0, ip, lsr 14",1
"andeq r0, r0, r0",1
"andeq r0, r0, r0",1
"strdeq r1, r2, [r0], -r4",1
"andeq r1, r0, r8, lsl 14",1
"andeq r1, r0, ip, lsl 14",1
"andeq r1, r0, r0, lsl r7",1
"andeq r1, r0, r8, lsl r7",1
"andeq r1, r0, ip, lsl r7",1
"andeq r1, r0, r8, lsr 14",1
"andeq r1, r0, ip, lsr 14",1
"andeq r0, r0, r0",1
"andeq r0, r0, r0",1
"andeq r1, r0, r4, asr 14",1
"andeq r1, r0, r8, asr 14",1
"andeq r1, r0, ip, asr 14",1
"andeq r1, r0, r0, asr r7",1
"andeq r1, r0, r4, asr r7",1
"muleq r0, r8, r7",1
"andeq r0, r0, r0",1
"andeq r0, r0, r0",1
"andeq r1, r0, r4, asr 14",1
"andeq r1, r0, r8, asr 14",1
"andeq r1, r0, ip, asr 14",1
"andeq r1, r0, r0, asr r7",1
"andeq r1, r0, r4, asr r7",1
"muleq r0, r8, r7",1
"andeq r0, r0, r0",1
"andeq r0, r0, r0",1
"andeq r1, r0, r4, asr 14",1
"andeq r1, r0, r8, asr 14",1
"andeq r1, r0, ip, asr 14",1
"andeq r1, r0, r0, asr r7",1
"andeq r1, r0, r4, asr r7",1
"andeq r1, r0, ip, ror r7",1
"andeq r1, r0, r0, lsl 15",1
"muleq r0, r8, r7",1
"andeq r0, r0, r0",1
"andeq r0, r0, r0",1
"andeq r1, r0, ip, ror 14",1
"andeq r1, r0, r0, ror r7",1
"andeq r1, r0, r4, ror r7",1
"andeq r1, r0, ip, ror r7",1
"andeq r1, r0, r0, lsl 15",1
"andeq r1, r0, r4, lsl 15",1
"muleq r0, r0, r7",1
"muleq r0, r4, r7",1
"andeq r0, r0, r0",1
"andeq r0, r0, r0",1
"andeq r1, r0, ip, ror 14",1
"andeq r1, r0, r0, ror r7",1
"andeq r1, r0, r4, ror r7",1
"andeq r1, r0, r8, ror r7",1
"andeq r1, r0, r0, lsl 15",1
"andeq r1, r0, r4, lsl 15",1
"muleq r0, r0, r7",1
"muleq r0, r4, r7",1
"andeq r0, r0, r0",1
"andeq r0, r0, r0",1
"andeq r1, r0, r8, lsr 15",1
"andeq r1, r0, ip, lsr 15",1
"strheq r1, [r0], -r0",1
"strheq r1, [r0], -r4",1
"strheq r1, [r0], -ip",1
"andeq r1, r0, r0, lsl 16",1
"andeq r0, r0, r0",1
"andeq r0, r0, r0",1
"andeq r1, r0, r8, lsr 15",1
"andeq r1, r0, ip, lsr 15",1
"strheq r1, [r0], -r0",1
"strheq r1, [r0], -r4",1
"strheq r1, [r0], -ip",1
"andeq r1, r0, r4, ror 15",1
"andeq r1, r0, r8, ror 15",1
"andeq r1, r0, r0, lsl 16",1
"andeq r0, r0, r0",1
"andeq r0, r0, r0",1
"ldrdeq r1, r2, [r0], -r4",1
"ldrdeq r1, r2, [r0], -r8",1
"ldrdeq r1, r2, [r0], -ip",1
"andeq r1, r0, r4, ror 15",1
"andeq r1, r0, r8, ror 15",1
"andeq r1, r0, ip, ror 15",1
"strdeq r1, r2, [r0], -r8",1
"strdeq r1, r2, [r0], -ip",1
"andeq r0, r0, r0",1
"andeq r0, r0, r0",1
"ldrdeq r1, r2, [r0], -r4",1
"ldrdeq r1, r2, [r0], -r8",1
"ldrdeq r1, r2, [r0], -ip",1
"andeq r1, r0, r0, ror 15",1
"andeq r1, r0, r8, ror 15",1
"andeq r1, r0, ip, ror 15",1
"strdeq r1, r2, [r0], -r8",1
"strdeq r1, r2, [r0], -ip",1
"andeq r0, r0, r0",1
"andeq r0, r0, r0",1
"andeq r1, r0, r0, lsl r8",1
"andeq r1, r0, r4, lsl r8",1
"andeq r1, r0, r8, lsl r8",1
"andeq r1, r0, ip, lsl r8",1
"andeq r1, r0, ip, lsr 16",1
"andeq r1, r0, r4, ror r8",1
"andeq r1, r0, ip, ror r8",1
"andeq r1, r0, r4, lsl 17",1
"andeq r0, r0, r0",1
"andeq r0, r0, r0",1
"andeq r1, r0, r0, lsl r8",1
"andeq r1, r0, r4, lsl r8",1
"andeq r1, r0, r8, lsl r8",1
"andeq r1, r0, ip, lsl r8",1
"andeq r1, r0, ip, lsr 16",1
"andeq r1, r0, r4, ror r8",1
"andeq r1, r0, ip, ror r8",1
"andeq r1, r0, r4, lsl 17",1
"andeq r0, r0, r0",1
"andeq r0, r0, r0",1
"andeq r1, r0, r0, asr 16",1
"andeq r1, r0, r8, asr 16",1
"andeq r1, r0, ip, asr 16",1
"andeq r1, r0, r8, asr r8",1
"andeq r1, r0, r8, ror 16",1
"andeq r1, r0, r0, ror r8",1
"andeq r1, r0, ip, ror r8",1
"andeq r1, r0, r4, lsl 17",1
"andeq r0, r0, r0",1
"andeq r0, r0, r0",1
"strheq r1, [r0], -r8",1
"andeq r1, r0, r0, asr 17",1
"andeq r1, r0, r4, asr 17",1
"ldrdeq r1, r2, [r0], -r0",1
"andeq r1, r0, r0, ror 17",1
"andeq r1, r0, r8, ror 17",1
"strdeq r1, r2, [r0], -r4",1
"strdeq r1, r2, [r0], -ip",1
"andeq r0, r0, r0",1
"andeq r0, r0, r0",1
"andeq r1, r0, r0, lsl 18",1
"andeq r1, r0, r4, lsl 18",1
"andeq r1, r0, r8, lsl 18",1
"andeq r1, r0, ip, lsl 18",1
"andeq r1, r0, r8, lsl sb",1
"andeq r1, r0, r8, ror 18",1
"andeq r1, r0, r0, ror sb",1
"andeq r1, r0, r8, ror sb",1
"andeq r0, r0, r0",1
"andeq r0, r0, r0",1
"andeq r1, r0, r0, lsl 18",1
"andeq r1, r0, r4, lsl 18",1
"andeq r1, r0, r8, lsl 18",1
"andeq r1, r0, ip, lsl 18",1
"andeq r1, r0, r8, lsl sb",1
"andeq r1, r0, r8, ror 18",1
"andeq r1, r0, r0, ror sb",1
"andeq r1, r0, r8, ror sb",1
"andeq r0, r0, r0",1
"andeq r0, r0, r0",1
"andeq r1, r0, r0, lsl 18",1
"andeq r1, r0, r4, lsl 18",1
"andeq r1, r0, r8, lsl 18",1
"andeq r1, r0, ip, lsl 18",1
"andeq r1, r0, r8, lsl sb",1
"andeq r1, r0, r8, ror 18",1
"andeq r1, r0, r0, ror sb",1
"andeq r1, r0, r8, ror sb",1
"andeq r0, r0, r0",1
"andeq r0, r0, r0",1
"andeq r1, r0, ip, lsr 18",1
"andeq r1, r0, r4, lsr sb",1
"andeq r1, r0, r8, lsr sb",1
"andeq r1, r0, ip, asr 18",1
"andeq r1, r0, ip, asr sb",1
"andeq r1, r0, r4, ror 18",1
"andeq r1, r0, r0, ror sb",1
"andeq r1, r0, r8, ror sb",1
"andeq r0, r0, r0",1
"andeq r0, r0, r0",1
"andeq r1, r0, ip, ror sb",1
"andeq r1, r0, r0, lsl 19",1
"andeq r1, r0, r4, lsl 19",1
"andeq r1, r0, r8, lsl 19",1
"muleq r0, r8, sb",1
"andeq r1, r0, r8, ror 19",1
"strdeq r1, r2, [r0], -r0",1
"strdeq r1, r2, [r0], -r8",1
"andeq r0, r0, r0",1
"andeq r0, r0, r0",1
"andeq r1, r0, ip, ror sb",1
"andeq r1, r0, r0, lsl 19",1
"andeq r1, r0, r4, lsl 19",1
"andeq r1, r0, r8, lsl 19",1
"muleq r0, r8, sb",1
"andeq r1, r0, r8, ror 19",1
"strdeq r1, r2, [r0], -r0",1
"strdeq r1, r2, [r0], -r8",1
"andeq r0, r0, r0",1
"andeq r0, r0, r0",1
"andeq r1, r0, ip, lsr 19",1
"strheq r1, [r0], -r4",1
"strheq r1, [r0], -r8",1
"andeq r1, r0, ip, asr 19",1
"ldrdeq r1, r2, [r0], -ip",1
"andeq r1, r0, r4, ror 19",1
"strdeq r1, r2, [r0], -r0",1
"strdeq r1, r2, [r0], -r8",1
"andeq r0, r0, r0",1
"andeq r0, r0, r0",1
"andeq r1, r0, ip, lsl 20",1
"andeq r1, r0, r8, lsl sl",1
"andeq r1, r0, r8, lsl sl",1
"andeq r1, r0, r0, lsr 20",1
"andeq r0, r0, r0",1
"andeq r0, r0, r0",1
"andeq r1, r0, r0, lsr 20",1
"andeq r1, r0, r8, lsr 20",1
"andeq r1, r0, r8, lsr 20",1
"andeq r1, r0, r0, lsr sl",1
"andeq r0, r0, r0",1
"andeq r0, r0, r0",1
"andeq r1, r0, r0, lsr sl",1
"andeq r1, r0, r4, lsr sl",1
"andeq r1, r0, r8, lsr sl",1
"andeq r1, r0, r0, asr 20",1
"andeq r1, r0, r0, asr 20",1
"andeq r1, r0, r8, asr 20",1
"andeq r0, r0, r0",1
"andeq r0, r0, r0",1
"andeq r1, r0, r0, lsr sl",1
"andeq r1, r0, r4, lsr sl",1
"andeq r1, r0, r8, lsr sl",1
"andeq r1, r0, r0, asr 20",1
"andeq r1, r0, r0, asr 20",1
"andeq r1, r0, r8, asr 20",1
"andeq r0, r0, r0",1
"andeq r0, r0, r0",1
"andeq r0, r0, r0, asr 1",1
"ldrdeq r0, r1, [r0], -ip",1
"andeq r0, r0, r0, ror 1",1
"andeq r0, r0, r0, lsl r1",1
"andeq r0, r0, r0",1
"andeq r0, r0, r0",1
"andeq r0, r0, r4, lsr r1",1
"andeq r0, r0, r8, lsr r1",1
"andeq r0, r0, ip, lsr r1",1
"andeq r0, r0, r4, asr 2",1
"andeq r0, r0, ip, asr 2",1
"andeq r0, r0, r0, asr r1",1
"andeq r0, r0, r0",1
"andeq r0, r0, r0",1
"andeq r0, r0, r0, ror 2",1
"andeq r0, r0, r8, ror 2",1
"andeq r0, r0, ip, ror 2",1
"andeq r0, r0, r8, ror r1",1
"andeq r0, r0, r0, lsl 3",1
"andeq r0, r0, r4, lsl 3",1
"andeq r0, r0, r0",1
"andeq r0, r0, r0",1
"muleq r0, r4, r1",1
"muleq r0, r8, r1",1
"muleq r0, ip, r1",1
"strheq r0, [r0], -r0",1
"strheq r0, [r0], -r8",1
"strheq r0, [r0], -ip",1
"andeq r0, r0, r0",1
"andeq r0, r0, r0",1
"andeq r0, r0, ip, asr 3",1
"ldrdeq r0, r1, [r0], -r4",1
"ldrdeq r0, r1, [r0], -r8",1
"strdeq r0, r1, [r0], -r4",1
"andeq r0, r0, r0",1
"andeq r0, r0, r0",1
"andeq r0, r0, r4, lsl 4",1
"andeq r0, r0, r0, lsl r2",1
"andeq r0, r0, r4, lsl r2",1
"andeq r0, r0, r8, lsr r2",1
"andeq r0, r0, r0",1
"andeq r0, r0, r0",1
"andeq r0, r0, r8, asr 4",1
"andeq r0, r0, r4, asr r2",1
"andeq r0, r0, r8, asr r2",1
"andeq r0, r0, ip, ror r2",1
"andeq r0, r0, r0",1
"andeq r0, r0, r0",1
"andeq r0, r0, ip, lsl 5",1
"andeq r0, r0, r0, lsr 5",1
"andeq r0, r0, r4, lsr 5",1
"andeq r0, r0, ip, asr 5",1
"andeq r0, r0, r0",1
"andeq r0, r0, r0",1
"ldrdeq r0, r1, [r0], -ip",1
"strdeq r0, r1, [r0], -r4",1
"strdeq r0, r1, [r0], -r8",1
"andeq r0, r0, r8, lsr 6",1
"andeq r0, r0, r0",1
"andeq r0, r0, r0",1
"ldrdeq r0, r1, [r0], -r0",1
"ldrdeq r0, r1, [r0], -r4",1
"ldrdeq r0, r1, [r0], -r8",1
"ldrdeq r0, r1, [r0], -ip",1
"andeq r0, r0, r0, ror 9",1
"andeq r0, r0, ip, lsl 11",1
"muleq r0, ip, r5",1
"ldrdeq r0, r1, [r0], -ip",1
"andeq r0, r0, r0",1
"andeq r0, r0, r0",1
"ldrdeq r0, r1, [r0], -r0",1
"ldrdeq r0, r1, [r0], -r4",1
"ldrdeq r0, r1, [r0], -r8",1
"ldrdeq r0, r1, [r0], -ip",1
"andeq r0, r0, r0, ror 9",1
"andeq r0, r0, ip, lsl 11",1
"muleq r0, ip, r5",1
"ldrdeq r0, r1, [r0], -ip",1
"andeq r0, r0, r0",1
"andeq r0, r0, r0",1
"strdeq r0, r1, [r0], -r0",1
"strdeq r0, r1, [r0], -r4",1
"strdeq r0, r1, [r0], -r8",1
"andeq r0, r0, r0, lsl 12",1
"andeq r0, r0, r0",1
"andeq r0, r0, r0",1
"andeq r0, r0, r0, lsl r6",1
"andeq r0, r0, r4, lsl r6",1
"andeq r0, r0, r8, lsl r6",1
"andeq r0, r0, r4, lsr 12",1
"andeq r0, r0, r0",1
"andeq r0, r0, r0",1
"andeq r0, r0, ip, rrx",1
"strheq r0, [r0], -r0",1
"strheq r0, [r0], -r4",1
"andeq r0, r0, r0, asr 1",1
"andeq r0, r0, r0",1
"andeq r0, r0, r0",1
"strdeq r0, r1, [r0], -r8",1
"strdeq r0, r1, [r0], -ip",1
"andeq r0, r0, r0, lsl 2",1
"andeq r0, r0, r8, lsr 2",1
"andeq r0, r0, r8, asr r1",1
"andeq r0, r0, ip, ror 2",1
"andeq r0, r0, r0",1
"andeq r0, r0, r0",1
"andeq r0, r0, r8, lsl 4",1
"andeq r0, r0, ip, lsl 4",1
"andeq r0, r0, r0, lsl r2",1
"andeq r0, r0, r0, ror r2",1
"andeq r0, r0, r0",1
"andeq r0, r0, r0",1
"andeq r0, r0, r8, lsl 4",1
"andeq r0, r0, ip, lsl 4",1
"andeq r0, r0, r0, lsl r2",1
"andeq r0, r0, r0, ror r2",1
"andeq r0, r0, r0",1
"andeq r0, r0, r0",1
"andeq r0, r0, ip, lsr 4",1
"andeq r0, r0, r0, lsr r2",1
"andeq r0, r0, r4, lsr r2",1
"andeq r0, r0, ip, asr 4",1
"andeq r0, r0, r0, ror 4",1
"andeq r0, r0, r0, ror r2",1
"andeq r0, r0, r0",1
"andeq r0, r0, r0",1
"andeq r0, r0, r8, ror r2",1
"muleq r0, r4, r2",1
"andeq r0, r0, r0, lsr 5",1
"andeq r0, r0, r4, lsr 5",1
"andeq r0, r0, r0",1
"andeq r0, r0, r0",1
"andeq r0, r0, r8, ror r2",1
"muleq r0, r4, r2",1
"andeq r0, r0, r0, lsr 5",1
"andeq r0, r0, r4, lsr 5",1
"andeq r0, r0, r0",1
"andeq r0, r0, r0",1
"muleq r0, r4, r2",1
"muleq r0, r8, r2",1
"muleq r0, ip, r2",1
"andeq r0, r0, r0, lsr 5",1
"andeq r0, r0, r0",1
"andeq r0, r0, r0",1
"andeq r0, r0, r0, asr 5",1
"andeq r0, r0, r4, asr 5",1
"andeq r0, r0, r8, asr 5",1
"andeq r0, r0, r4, ror 5",1
"strdeq r0, r1, [r0], -r4",1
"strdeq r0, r1, [r0], -r8",1
"andeq r0, r0, r0",1
"andeq r0, r0, r0",1
"andeq r0, r0, r0, asr 5",1
"andeq r0, r0, r4, asr 5",1
"andeq r0, r0, r8, asr 5",1
"andeq r0, r0, r4, ror 5",1
"strdeq r0, r1, [r0], -r4",1
"strdeq r0, r1, [r0], -r8",1
"andeq r0, r0, r0",1
"andeq r0, r0, r0",1
"andeq r0, r0, r4, ror 5",1
"andeq r0, r0, ip, ror 5",1
"strdeq r0, r1, [r0], -r0",1
"strdeq r0, r1, [r0], -r4",1
"andeq r0, r0, r0",1
"andeq r0, r0, r0",1
"andeq r0, r0, r8, lsl 6",1
"andeq r0, r0, r0, lsr r3",1
"andeq r0, r0, r4, lsr r3",1
"andeq r0, r0, ip, lsr r3",1
"andeq r0, r0, r0",1
"andeq r0, r0, r0",1
"andeq r0, r0, r8, lsl 6",1
"andeq r0, r0, r8, lsr 6",1
"andeq r0, r0, r8, lsr r3",1
"andeq r0, r0, ip, lsr r3",1
"andeq r0, r0, r0",1
"andeq r0, r0, r0",1
"andeq r0, r0, r8, lsl 6",1
"andeq r0, r0, r8, lsr 6",1
"andeq r0, r0, r8, lsr r3",1
"andeq r0, r0, ip, lsr r3",1
"andeq r0, r0, r0",1
"andeq r0, r0, r0",1
"andeq r0, r0, r8, lsr 6",1
"andeq r0, r0, r0, lsr r3",1
"andeq r0, r0, r4, lsr r3",1
"andeq r0, r0, r8, lsr r3",1
"andeq r0, r0, r0",1
"andeq r0, r0, r0",1
"andeq r0, r0, r4, lsl r0",1
"andeq r0, r0, r8, lsl r0",1
"andeq r0, r0, ip, lsl r0",1
"andeq r0, r0, r0, lsr 32",1
"andeq r0, r0, r0",1
"andeq r0, r0, r0",1
"andeq r0, r0, r0, lsl r0",1
"andeq r0, r0, r4, lsl r0",1
"andeq r0, r0, r8, lsl r0",1
"andeq r0, r0, ip, lsl r0",1
"andeq r0, r0, r4, lsr 32",1
"andeq r0, r0, ip, lsr 32",1
"strheq r0, [r0], -ip",1
"andeq r0, r0, r4, asr 6",1
"andeq r0, r0, r0",1
"andeq r0, r0, r0",1
"andeq r0, r0, r0, lsl r0",1
"andeq r0, r0, r4, lsl r0",1
"andeq r0, r0, r8, lsl r0",1
"andeq r0, r0, ip, lsl r0",1
"andeq r0, r0, r4, lsr 32",1
"andeq r0, r0, ip, lsr 32",1
"strheq r0, [r0], -ip",1
"andeq r0, r0, r4, asr 6",1
"andeq r0, r0, r0",1
"andeq r0, r0, r0",1
"ldrdeq r0, r1, [r0], -r8",1
"andeq r0, r0, ip, lsr 2",1
"andeq r0, r0, r4, lsl 5",1
"muleq r0, ip, r2",1
"ldrdeq r0, r1, [r0], -r4",1
"ldrdeq r0, r1, [r0], -ip",1
"andeq r0, r0, r0",1
"andeq r0, r0, r0",1
"andeq r0, r0, ip, lsr 2",1
"andeq r0, r0, r0, ror r2",1
"muleq r0, ip, r2",1
"ldrdeq r0, r1, [r0], -r4",1
"andeq r0, r0, ip, ror 5",1
"andeq r0, r0, r4, asr 6",1
"andeq r0, r0, r0",1
"andeq r0, r0, r0",1
"andeq r0, r0, r0, asr 2",1
"andeq r0, r0, r8, ror 4",1
"muleq r0, ip, r2",1
"ldrdeq r0, r1, [r0], -r4",1
"andeq r0, r0, ip, ror 5",1
"andeq r0, r0, r4, asr 6",1
"andeq r0, r0, r0",1
"andeq r0, r0, r0",1
"andeq r0, r0, r4, asr r1",1
"andeq r0, r0, r8, ror 4",1
"andeq r0, r0, ip, lsr 5",1
"ldrdeq r0, r1, [r0], -r4",1
"andeq r0, r0, ip, ror 5",1
"andeq r0, r0, r4, asr 6",1
"andeq r0, r0, r0",1
"andeq r0, r0, r0",1
"andeq r0, r0, r4, asr r1",1
"andeq r0, r0, r0, asr r2",1
"andeq r0, r0, ip, lsr 5",1
"ldrdeq r0, r1, [r0], -r4",1
"andeq r0, r0, ip, ror 5",1
"strdeq r0, r1, [r0], -r4",1
"andeq r0, r0, r4, lsl 6",1
"andeq r0, r0, r4, asr 6",1
"andeq r0, r0, r0",1
"andeq r0, r0, r0",1
"andeq r0, r0, r4, asr r1",1
"andeq r0, r0, r8, ror 2",1
"andeq r0, r0, r4, lsl 6",1
"andeq r0, r0, ip, lsl 6",1
"andeq r0, r0, r0",1
"andeq r0, r0, r0",1
"andeq r0, r0, r0, lsr 4",1
"andeq r0, r0, ip, lsr r2",1
"andeq r0, r0, r8, lsl r3",1
"andeq r0, r0, r4, asr 6",1
"andeq r0, r0, r0",1
"andeq r0, r0, r0",1
"andeq r0, r0, ip, asr 32",1
"muleq r0, r4, r0",1
"muleq r0, ip, r0",1
"andeq r0, r0, r4, lsr 1",1
"andeq r0, r0, r0",1
"andeq r0, r0, r0",1
"andeq r0, r0, r8",1
"andeq r0, r0, ip",1
"andeq r0, r0, r0, lsl r0",1
"andeq r0, r0, r4, lsl r0",1
"andeq r0, r0, r8, lsl r0",1
"andeq r0, r0, ip, lsl r0",1
"andeq r0, r0, r0, lsr 32",1
"andeq r0, r0, r4, rrx",1
"andeq r0, r0, r0",1
"andeq r0, r0, r0",1
invalid,1
"andeq r0, r0, r0",1
"andeq r8, r0, r8, lsr fp",1
"andeq r8, r0, ip, lsr fp",1
"andeq fp, r0, r0, lsl 29",1
"andeq fp, r0, r4, lsl 29",1
"andeq r0, r0, r0",1
"andeq r0, r0, r0",1
"ldmdbvc r3!, {sb, sl, fp, sp} ^",1
"rsbvs r7, r1, 0x6d000000",1
"ldrbtvc r2, [r3], -0xe00",1
"rsbvs r7, r1, 0x72000000",1
"ldmdavs r3!, {sb, sl, fp, sp} ^",1
"ldrbtvc r7, [r2], -0x473",1
"cdphs p2, 0, c6, c0, c1, 3",1
"ldrbvs r6, [r4, -0xe69]!",1
"mcrhs p0, 0, r7, c0, c2, 3",1
"ldrbvs r6, [r4, -0xf6e]!",1
"stmdbmi r2, {r1, r2, r3, r5, r8, lr} ^",1
"strbvs r7, [r1, -sp, lsr 8]!",1
svcvs 0x6e2e00,1
invalid,1
"eorvs r7, lr, 0x1b800000",1
"strbtvs r6, [ip], -0x975",1
"rsbeq r6, r4, sp, lsr 18",1
"strbvc r6, [lr, -0x72e]!",1
invalid,1
"strtvs r0, [lr], -0x68",1
"ldmdbvc r3!, {r0, r3, r4, r5, r6, sb, sl, fp, sp, lr} ^",1
"strtvs r0, [lr], -0x6d",1
"ldrbtvc r6, [r3], -0xe79",1
invalid,1
"strtvc r7, [lr], -lr, ror 10",1
"ldmdbvs r3!, {r0, r2, r5, r6, sb, ip, sp, lr} ^",1
"cdphs p14, 0, c6, c0, c15, 3",1
"cdphs p14, 7, c6, c5, c7, 3",1
"cmnvc r2, 0x1d800000",1
svcpl 0x6e6f69,1
"eorvc r0, lr, 0x72",1
"strtvs r6, [lr], -0xc65",1
"mcrhs p14, 0, r6, c0, c9, 3",1
"mcrhs p5, 3, r6, c12, c2, 3",1
"rsbseq r6, r4, r0, ror ip",1
"stmdbvs lr!, {r1, r2, r3, r5, r8, fp, sp, lr} ^",1
"strtvc r0, [lr], -0x74",1
"rsbseq r7, r4, r5, ror 16",1
"cdpvs p6, 6, c6, c9, c14, 1",1
"eorvc r0, lr, 0x69",1
"strbtvc r6, [r1], -0x46f",1
invalid,1
"strvs r4, [lr, -0xd52]!",1
"stmdavc r4!, {r3, r4, r5, r6, r8, fp, sp, lr} ^",1
"stmdavs r5!, {sb, sl, fp, sp} ^",1
"cmnvs r2, pc, asr r6",1
"cdphs p5, 0, c6, c0, c13, 3",1
"strbtvc r6, [sb], -0xe69",1
"rsbsvc r6, r2, 0xc0000017",1
"cdphs p9, 0, c7, c0, c1, 3",1
"stmdbvs lr!, {r1, r2, r5, r6, r8, fp, sp, lr} ^",1
"rsbsvc r6, r2, 0xc0000017",1
"cdphs p9, 0, c7, c0, c1, 3",1
"rsbseq r6, r2, sl, ror 6",1
"cdpvs p4, 7, c6, c9, c14, 1",1
invalid,1
svcvs 0x672e00,1
"strtvs r0, [lr], -0x74",1
"rsbeq r7, r1, r1, ror 8",1
"cmnvc r3, 0xe0000002",1
svcvs 0x632e00,1
"cdpvs p13, 6, c6, c5, c13, 3",1
invalid,1
"qsubvs r4, r2, lr",1
"ldmdbvs r2!, {r2, r4, r5, r6, sl, ip, sp, lr} ^",1
"ldrbvs r7, [r4, -0x562]!",1
"strtvs r0, [lr], -0x73",1
"ldrbvs r6, [r5, -r5, ror 4]!",1
"cmnvs r2, pc, asr r1",1
invalid,1
"strbvs r2, [r4, -0xe00]!",1
svcpl 0x677562,1
svcvs 0x666e69,1
"strbvs r2, [r4, -0xe00]!",1
svcpl 0x677562,1
"rsbvc r6, r2, 0x10000006",1
"cdphs p6, 0, c7, c0, c5, 3",1
"strbvc r6, [r2, -0x564]!",1
"stmdbvs ip!, {r0, r1, r2, r5, r6, r8, sb, sl, fp, ip, lr} ^",1
"cdphs p5, 0, c6, c0, c14, 3",1
"strbvc r6, [r2, -0x564]!",1
"rsbvc r5, r6, 0x19c",1
"rsbeq r6, r5, r1, ror 26",1
"rsbvs r6, r5, 0x2e000000",1
"cmpvc pc, 0x1d40000",1
"mcrhs p2, 0, r7, c0, c4, 3",1
"strbvc r6, [r2, -0x564]!",1
svcvs 0x6c5f67,1
"strtvs r0, [lr], -0x63",1
"ldrbvs r6, [r5, -r5, ror 4]!",1
"mcrvs p2, 3, r7, c1, c15, 2",1
"rsbseq r6, r3, r7, ror 10",1
"andeq r0, r0, r0",1
"andeq r0, r0, r0",1
"andeq r0, r0, r0",1
"andeq r0, r0, r0",1
"andeq r0, r0, r0",1
"andeq r0, r0, r0",1
"andeq r0, r0, r0",1
"andeq r0, r0, r0",1
"andeq r0, r0, r0",1
"andeq r0, r0, r0",1
"andeq r0, r0, fp, lsl r0",1
"andeq r0, r0, r1",1
"andeq r0, r0, r2",1
"andeq r8, r0, r4, lsr r1",1
"andeq r0, r0, r4, lsr r1",1
"andeq r0, r0, r3, lsl r0",1
"andeq r0, r0, r0",1
"andeq r0, r0, r0",1
"andeq r0, r0, r1",1
"andeq r0, r0, r0",1
"andeq r0, r0, r3, lsr 32",1
"andeq r0, r0, r7",1
"andeq r0, r0, r2",1
"andeq r8, r0, r8, asr 2",1
"andeq r0, r0, r8, asr 2",1
"andeq r0, r0, r0, lsr 32",1
"andeq r0, r0, r0",1
"andeq r0, r0, r0",1
"andeq r0, r0, r4",1
"andeq r0, r0, r0",1
"andeq r0, r0, r1, lsr r0",1
"andeq r0, r0, r7",1
"andeq r0, r0, r2",1
"andeq r8, r0, r8, ror 2",1
"andeq r0, r0, r8, ror 2",1
"andeq r0, r0, r4, lsr 32",1
"andeq r0, r0, r0",1
"andeq r0, r0, r0",1
"andeq r0, r0, r4",1
"andeq r0, r0, r0",1
"andeq r0, r0, r4, asr 32",1
svcvs 0xfffff6,1
"andeq r0, r0, r2",1
"andeq r8, r0, ip, lsl 3",1
"andeq r0, r0, ip, lsl 3",1
"strheq r0, [r0], -ip",1
"andeq r0, r0, r5",1
"andeq r0, r0, r0",1
"andeq r0, r0, r4",1
"andeq r0, r0, r4",1
"andeq r0, r0, lr, asr 32",1
"andeq r0, r0, fp",1
"andeq r0, r0, r2",1
"andeq r8, r0, r8, asr 6",1
"andeq r0, r0, r8, asr 6",1
"andeq r0, r0, r0, lsl 7",1
"andeq r0, r0, r6",1
"andeq r0, r0, r1",1
"andeq r0, r0, r4",1
"andeq r0, r0, r0, lsl r0",1
"andeq r0, r0, r6, asr r0",1
"andeq r0, r0, r3",1
"andeq r0, r0, r2",1
"andeq r8, r0, r8, asr 13",1
"andeq r0, r0, r8, asr 13",1
"andeq r0, r0, r5, lsr 4",1
"andeq r0, r0, r0",1
"andeq r0, r0, r0",1
"andeq r0, r0, r1",1
"andeq r0, r0, r0",1
"andeq r0, r0, lr, asr r0",1
svcvs 0xffffff,1
"andeq r0, r0, r2",1
"andeq r8, r0, lr, ror 17",1
"andeq r0, r0, lr, ror 17",1
"andeq r0, r0, r0, ror r0",1
"andeq r0, r0, r5",1
"andeq r0, r0, r0",1
"andeq r0, r0, r2",1
"andeq r0, r0, r2",1
"andeq r0, r0, fp, rrx",1
svcvs 0xfffffe,1
"andeq r0, r0, r2",1
"andeq r8, r0, r0, ror 18",1
"andeq r0, r0, r0, ror 18",1
"andeq r0, r0, r0, lsr 32",1
"andeq r0, r0, r6",1
"andeq r0, r0, r1",1
"andeq r0, r0, r4",1
"andeq r0, r0, r0",1
"andeq r0, r0, sl, ror r0",1
"andeq r0, r0, sb",1
"andeq r0, r0, r2",1
"andeq r8, r0, r0, lsl 19",1
"andeq r0, r0, r0, lsl 19",1
"andeq r0, r0, r8, lsr 32",1
"andeq r0, r0, r5",1
"andeq r0, r0, r0",1
"andeq r0, r0, r4",1
"andeq r0, r0, r8",1
"andeq r0, r0, r3, lsl 1",1
"andeq r0, r0, sb",1
"andeq r0, r0, r2",1
"andeq r8, r0, r8, lsr 19",1
"andeq r0, r0, r8, lsr 19",1
"andeq r0, r0, r8, lsl 3",1
"andeq r0, r0, r5",1
"andeq r0, r0, ip",1
"andeq r0, r0, r4",1
"andeq r0, r0, r8",1
"andeq r0, r0, ip, lsl 1",1
"andeq r0, r0, r1",1
"andeq r0, r0, r6",1
"andeq r8, r0, r0, lsr fp",1
"andeq r0, r0, r0, lsr fp",1
"andeq r0, r0, ip",1
"andeq r0, r0, r0",1
"andeq r0, r0, r0",1
"andeq r0, r0, r4",1
"andeq r0, r0, r0",1
"andeq r0, r0, r7, lsl 1",1
"andeq r0, r0, r1",1
"andeq r0, r0, r6",1
"andeq r8, r0, ip, lsr fp",1
"andeq r0, r0, ip, lsr fp",1
"andeq r0, r0, r0, ror 4",1
"andeq r0, r0, r0",1
"andeq r0, r0, r0",1
"andeq r0, r0, r4",1
"andeq r0, r0, r4",1
"muleq r0, r2, r0",1
"andeq r0, r0, r1",1
"andeq r0, r0, r6",1
"muleq r0, ip, sp",1
"muleq r0, ip, sp",1
"andeq r3, r0, r0, ror 1",1
"andeq r0, r0, r0",1
"andeq r0, r0, r0",1
"andeq r0, r0, r4",1
"andeq r0, r0, r0",1
"muleq r0, r8, r0",1
"andeq r0, r0, r1",1
"andeq r0, r0, r6",1
"andeq fp, r0, ip, ror lr",1
"andeq r3, r0, ip, ror lr",1
"andeq r0, r0, r8",1
"andeq r0, r0, r0",1
"andeq r0, r0, r0",1
"andeq r0, r0, r4",1
"andeq r0, r0, r0",1
"muleq r0, lr, r0",1
"andeq r0, r0, r1",1
"andeq r0, r0, r2",1
"andeq fp, r0, r4, lsl 29",1
"andeq r3, r0, r4, lsl 29",1
"andeq r0, r0, r0, ror 14",1
"andeq r0, r0, r0",1
"andeq r0, r0, r0",1
"andeq r0, r0, r4",1
"andeq r0, r0, r0",1
"andeq r0, r0, r6, lsr 1",1
"andvc r0, r0, r1",1
"andeq r0, r0, r2, lsl 1",1
"andeq ip, r0, r4, ror 11",1
"andeq r4, r0, r4, ror 11",1
"andeq r0, r0, r8",1
"andeq r0, r0, sp",1
"andeq r0, r0, r0",1
"andeq r0, r0, r4",1
"andeq r0, r0, r0",1
"strheq r0, [r0], -r1",1
"andeq r0, r0, r1",1
"andeq r0, r0, r2",1
"andeq ip, r0, ip, ror 11",1
"andeq r4, r0, ip, ror 11",1
"andeq r0, r0, r4",1
"andeq r0, r0, r0",1
"andeq r0, r0, r0",1
"andeq r0, r0, r4",1
"andeq r0, r0, r0",1
"strheq r0, [r0], -fp",1
"andeq r0, r0, lr",1
"andeq r0, r0, r3",1
"strdeq r4, r5, [r1], -r0",1
"strdeq r4, r5, [r0], -r0",1
"andeq r0, r0, r4",1
"andeq r0, r0, r0",1
"andeq r0, r0, r0",1
"andeq r0, r0, r4",1
"andeq r0, r0, r0",1
"andeq r0, r0, r7, asr 1",1
"andeq r0, r0, pc",1
"andeq r0, r0, r3",1
"strdeq r4, r5, [r1], -r4",1
"strdeq r4, r5, [r0], -r4",1
"andeq r0, r0, r4",1
"andeq r0, r0, r0",1
"andeq r0, r0, r0",1
"andeq r0, r0, r4",1
"andeq r0, r0, r0",1
"ldrdeq r0, r1, [r0], -r3",1
"andeq r0, r0, r1",1
"andeq r0, r0, r3",1
"strdeq r4, r5, [r1], -r8",1
"strdeq r4, r5, [r0], -r8",1
"andeq r0, r0, r4",1
"andeq r0, r0, r0",1
"andeq r0, r0, r0",1
"andeq r0, r0, r4",1
"andeq r0, r0, r0",1
"ldrdeq r0, r1, [r0], -r8",1
"andeq r0, r0, r6",1
"andeq r0, r0, r3",1
"strdeq r4, r5, [r1], -ip",1
"strdeq r4, r5, [r0], -ip",1
"andeq r0, r0, r8, ror 1",1
"andeq r0, r0, r6",1
"andeq r0, r0, r0",1
"andeq r0, r0, r4",1
"andeq r0, r0, r8",1
"andeq r0, r0, r1, ror 1",1
"andeq r0, r0, r1",1
"andeq r0, r0, r3",1
"andeq r4, r1, r4, ror 13",1
"andeq r4, r0, r4, ror 13",1
"ldrdeq r0, r1, [r0], -r8",1
"andeq r0, r0, r0",1
"andeq r0, r0, r0",1
"andeq r0, r0, r4",1
"andeq r0, r0, r4",1
"andeq r0, r0, r6, ror 1",1
"andeq r0, r0, r1",1
"andeq r0, r0, r3",1
"strheq r4, [r1], -ip",1
"strheq r4, [r0], -ip",1
"andeq r0, r0, r0, asr r0",1
"andeq r0, r0, r0",1
"andeq r0, r0, r0",1
"andeq r0, r0, r4",1
"andeq r0, r0, r0",1
"andeq r0, r0, ip, ror 1",1
"andeq r0, r0, r8",1
"andeq r0, r0, r3",1
"andeq r4, r1, r0, lsl r8",1
"andeq r4, r0, ip, lsl 16",1
"andeq r0, r0, ip, asr r1",1
"andeq r0, r0, r0",1
"andeq r0, r0, r0",1
"andeq r0, r0, r8",1
"andeq r0, r0, r0",1
"strdeq r0, r1, [r0], -r1",1
"andeq r0, r0, r1",1
"andeq r0, r0, r0, lsr r0",1
"andeq r0, r0, r0",1
"andeq r4, r0, ip, lsl 16",1
"andeq r0, r0, r1, lsl r0",1
"andeq r0, r0, r0",1
"andeq r0, r0, r0",1
"andeq r0, r0, r1",1
"andeq r0, r0, r1",1
"strdeq r0, r1, [r0], -sl",1
"andvc r0, r0, r3",1
"andeq r0, r0, r0",1
"andeq r0, r0, r0",1
"andeq r4, r0, sp, lsl r8",1
"andeq r0, r0, r5, lsr r0",1
"andeq r0, r0, r0",1
"andeq r0, r0, r0",1
"andeq r0, r0, r1",1
"andeq r0, r0, r0",1
"andeq r0, r0, sl, lsl 2",1
"andeq r0, r0, r1",1
"andeq r0, r0, r0",1
"andeq r0, r0, r0",1
"andeq r4, r0, r8, asr r8",1
"andeq r0, r0, r0, lsl 6",1
"andeq r0, r0, r0",1
"andeq r0, r0, r0",1
"andeq r0, r0, r8",1
"andeq r0, r0, r0",1
"andeq r0, r0, sb, lsl r1",1
"andeq r0, r0, r1",1
"andeq r0, r0, r0",1
"andeq r0, r0, r0",1
"andeq r4, r0, r8, asr fp",1
"andeq r8, r0, sp, lsl sb",1
"andeq r0, r0, r0",1
"andeq r0, r0, r0",1
"andeq r0, r0, r1",1
"andeq r0, r0, r0",1
"andeq r0, r0, r5, lsr 2",1
"andeq r0, r0, r1",1
"andeq r0, r0, r0",1
"andeq r0, r0, r0",1
"andeq sp, r0, r5, ror r4",1
"andeq r1, r0, r5, lsl 29",1
"andeq r0, r0, r0",1
"andeq r0, r0, r0",1
"andeq r0, r0, r1",1
"andeq r0, r0, r0",1
"andeq r0, r0, r3, lsr r1",1
"andeq r0, r0, r1",1
"andeq r0, r0, r0",1
"andeq r0, r0, r0",1
invalid,1
"andeq r1, r0, sl, lsr 26",1
"andeq r0, r0, r0",1
"andeq r0, r0, r0",1
"andeq r0, r0, r1",1
"andeq r0, r0, r0",1
"andeq r0, r0, pc, lsr r1",1
"andeq r0, r0, r1",1
"andeq r0, r0, r0",1
"andeq r0, r0, r0",1
"andeq r1, r1, r4, lsr 32",1
"andeq r0, r0, r8, ror 15",1
"andeq r0, r0, r0",1
"andeq r0, r0, r0",1
"andeq r0, r0, r4",1
"andeq r0, r0, r0",1
"andeq r0, r0, ip, asr 2",1
"andeq r0, r0, r1",1
"andeq r0, r0, r0, lsr r0",1
"andeq r0, r0, r0",1
"andeq r1, r1, ip, lsl 16",1
"andeq r2, r0, pc, ror 12",1
"andeq r0, r0, r0",1
"andeq r0, r0, r0",1
"andeq r0, r0, r1",1
"andeq r0, r0, r1",1
"andeq r0, r0, r7, asr r1",1
"andeq r0, r0, r1",1
"andeq r0, r0, r0",1
"andeq r0, r0, r0",1
"andeq r3, r1, fp, ror lr",1
"strheq r4, [r0], -sl",1
"andeq r0, r0, r0",1
"andeq r0, r0, r0",1
"andeq r0, r0, r1",1
"andeq r0, r0, r0",1
"andeq r0, r0, r2, ror 2",1
"andeq r0, r0, r1",1
"andeq r0, r0, r0",1
"andeq r0, r0, r0",1
"andeq r8, r1, r8, lsr sb",1
"ldrdeq r0, r1, [r0], -r8",1
"andeq r0, r0, r0",1
"andeq r0, r0, r0",1
"andeq r0, r0, r8",1
"andeq r0, r0, r0",1
"andeq r0, r0, r1, lsl r0",1
"andeq r0, r0, r3",1
"andeq r0, r0, r0",1
"andeq r0, r0, r0",1
"andeq sb, r1, r0, lsl r8",1
"andeq r0, r0, r0, ror r1",1
"andeq r0, r0, r0",1
"andeq r0, r0, r0",1
"andeq r0, r0, r1",1
"andeq r0, r0, r0",1
"andeq r0, r0, r1",1
"andeq r0, r0, r2",1
"andeq r0, r0, r0",1
"andeq r0, r0, r0",1
"andeq sb, r1, r0, ror pc",1
"muleq r0, r0, sb",1
"andeq r0, r0, r5, lsr 32",1
"andeq r0, r0, r6, lsl 2",1
"andeq r0, r0, r4",1
"andeq r0, r0, r0, lsl r0",1
"andeq r0, r0, sb",1
"andeq r0, r0, r3",1
"andeq r0, r0, r0",1
"andeq r0, r0, r0",1
"andeq fp, r1, r0, lsl 18",1
"ldrdeq r0, r1, [r0], -r0",1
"andeq r0, r0, r0",1
"andeq r0, r0, r0",1
"andeq r0, r0, r1",1
"andeq r0, r0, r0",1
"andeq r0, r0, r0",1
"andeq r0, r0, r0",1
"andeq r0, r0, r0",1
"andeq r0, r0, r0",1
"andeq r0, r0, r0",1
"andeq r8, r0, r4, lsr r1",1
"andeq r0, r0, r0",1
"andeq r0, r1, r3",1
"andeq r0, r0, r0",1
"andeq r8, r0, r8, asr 2",1
"andeq r0, r0, r0",1
"andeq r0, r2, r3",1
"andeq r0, r0, r0",1
"andeq r8, r0, r8, ror 2",1
"andeq r0, r0, r0",1
"andeq r0, r3, r3",1
"andeq r0, r0, r0",1
"andeq r8, r0, ip, lsl 3",1
"andeq r0, r0, r0",1
"andeq r0, r4, r3",1
"andeq r0, r0, r0",1
"andeq r8, r0, r8, asr 6",1
"andeq r0, r0, r0",1
"andeq r0, r5, r3",1
"andeq r0, r0, r0",1
"andeq r8, r0, r8, asr 13",1
"andeq r0, r0, r0",1
"andeq r0, r6, r3",1
"andeq r0, r0, r0",1
"andeq r8, r0, lr, ror 17",1
"andeq r0, r0, r0",1
"andeq r0, r7, r3",1
"andeq r0, r0, r0",1
"andeq r8, r0, r0, ror 18",1
"andeq r0, r0, r0",1
"andeq r0, r8, r3",1
"andeq r0, r0, r0",1
"andeq r8, r0, r0, lsl 19",1
"andeq r0, r0, r0",1
"andeq r0, sb, r3",1
"andeq r0, r0, r0",1
"andeq r8, r0, r8, lsr 19",1
"andeq r0, r0, r0",1
"andeq r0, sl, r3",1
"andeq r0, r0, r0",1
"andeq r8, r0, r0, lsr fp",1
"andeq r0, r0, r0",1
"andeq r0, fp, r3",1
"andeq r0, r0, r0",1
"andeq r8, r0, ip, lsr fp",1
"andeq r0, r0, r0",1
"andeq r0, ip, r3",1
"andeq r0, r0, r0",1
"muleq r0, ip, sp",1
"andeq r0, r0, r0",1
"andeq r0, sp, r3",1
"andeq r0, r0, r0",1
"andeq fp, r0, ip, ror lr",1
"andeq r0, r0, r0",1
"andeq r0, lr, r3",1
"andeq r0, r0, r0",1
"andeq fp, r0, r4, lsl 29",1
"andeq r0, r0, r0",1
"andeq r0, pc, r3",1
"andeq r0, r0, r0",1
"andeq ip, r0, r4, ror 11",1
"andeq r0, r0, r0",1
"andseq r0, r0, r3",1
"andeq r0, r0, r0",1
"andeq ip, r0, ip, ror 11",1
"andeq r0, r0, r0",1
"andseq r0, r1, r3",1
"andeq r0, r0, r0",1
"strdeq r4, r5, [r1], -r0",1
"andeq r0, r0, r0",1
"andseq r0, r2, r3",1
"andeq r0, r0, r0",1
"strdeq r4, r5, [r1], -r4",1
"andeq r0, r0, r0",1
"andseq r0, r3, r3",1
"andeq r0, r0, r0",1
"strdeq r4, r5, [r1], -r8",1
"andeq r0, r0, r0",1
"andseq r0, r4, r3",1
"andeq r0, r0, r0",1
"strdeq r4, r5, [r1], -ip",1
"andeq r0, r0, r0",1
"andseq r0, r5, r3",1
"andeq r0, r0, r0",1
"andeq r4, r1, r4, ror 13",1
"andeq r0, r0, r0",1
"andseq r0, r6, r3",1
"andeq r0, r0, r0",1
"strheq r4, [r1], -ip",1
"andeq r0, r0, r0",1
"andseq r0, r7, r3",1
"andeq r0, r0, r0",1
"andeq r4, r1, r0, lsl r8",1
"andeq r0, r0, r0",1
"andseq r0, r8, r3",1
"andeq r0, r0, r0",1
"andeq r0, r0, r0",1
"andeq r0, r0, r0",1
"andseq r0, sb, r3",1
"andeq r0, r0, r0",1
"andeq r0, r0, r0",1
"andeq r0, r0, r0",1
"andseq r0, sl, r3",1
"andeq r0, r0, r0",1
"andeq r0, r0, r0",1
"andeq r0, r0, r0",1
"andseq r0, fp, r3",1
"andeq r0, r0, r0",1
"andeq r0, r0, r0",1
"andeq r0, r0, r0",1
"andseq r0, ip, r3",1
"andeq r0, r0, r0",1
"andeq r0, r0, r0",1
"andeq r0, r0, r0",1
"andseq r0, sp, r3",1
"andeq r0, r0, r0",1
"andeq r0, r0, r0",1
"andeq r0, r0, r0",1
"andseq r0, lr, r3",1
"andeq r0, r0, r0",1
"andeq r0, r0, r0",1
"andeq r0, r0, r0",1
"andseq r0, pc, r3",1
"andeq r0, r0, r0",1
"andeq r0, r0, r0",1
"andeq r0, r0, r0",1
"eoreq r0, r0, r3",1
"andeq r0, r0, r0",1
"andeq r0, r0, r0",1
"andeq r0, r0, r0",1
"eoreq r0, r1, r3",1
"andeq r0, r0, r0",1
"andeq r0, r0, r0",1
"andeq r0, r0, r0",1
"eoreq r0, r2, r3",1
"andeq r0, r0, r1",1
"andeq r0, r0, r0",1
"andeq r0, r0, r0",1
invalid,1
"andeq r0, r0, r2, lsl 1",1
"andeq r8, r0, r8, asr 2",1
"andeq r0, r0, r0",1
"andeq r0, r2, r0",1
"andeq r0, r0, r5, lsl 1",1
"andeq r0, r0, r0",1
"andeq r0, r0, r0",1
invalid,1
"andeq r0, r0, r3, lsl 2",1
"andeq r8, r0, r4, ror lr",1
"andeq r0, r0, r0",1
"andeq r0, sp, r0",1
"andeq r0, r0, r2, lsl 1",1
"andeq ip, r0, r4, ror 11",1
"andeq r0, r0, r0",1
"andseq r0, r0, r0",1
"andeq r0, r0, r2, lsl 1",1
"andeq r8, r0, r4, lsr 29",1
"andeq r0, r0, r0",1
"andeq r0, sp, r0",1
"andeq r0, r0, r2, lsl 1",1
"andeq r0, r0, ip",1
"andeq r0, r0, r0",1
"andseq r0, fp, r0",1
"andeq r0, r0, r6, lsl 2",1
"andeq r0, r0, r0",1
"andeq r0, r0, r0",1
invalid,1
"andeq r0, r0, r2, lsl 1",1
"andeq fp, r0, r4, lsl 29",1
"andeq r0, r0, r0",1
"andeq r0, pc, r0",1
"andeq r0, r0, r0",1
"andeq r0, r0, r0",1
"andeq r0, r0, r0",1
invalid,1
"andeq r0, r0, r2, lsl 1",1
"strheq r4, [r1], -ip",1
"andeq r0, r0, r0",1
"andseq r0, r7, r0",1
"andeq r0, r0, sp, lsl 2",1
"andeq r0, r0, r0",1
"andeq r0, r0, r0",1
invalid,1
"andeq r0, r0, r3, lsl 2",1
"strheq r8, [r0], -r0",1
"andeq r0, r0, r0",1
"andeq r0, sp, r0",1
"andeq r0, r0, r7, asr 2",1
"strheq r8, [r0], -r0",1
"andeq r0, r0, r0",1
"andeq r0, sp, r2",1
"andeq r0, r0, r2, lsl 1",1
"andeq r8, r0, ip, asr 29",1
"andeq r0, r0, r0",1
"andeq r0, sp, r0",1
"andeq r0, r0, r3, lsl 2",1
"andeq r8, r0, r0, lsr fp",1
"andeq r0, r0, r0",1
"andeq r0, fp, r0",1
"andeq r0, r0, r3, lsl 2",1
"andeq fp, r0, ip, ror lr",1
"andeq r0, r0, r0",1
"andeq r0, lr, r0",1
"andeq r0, r0, r2, lsl 1",1
"andeq r0, r0, r4, asr 32",1
"andeq r0, r0, r0",1
"andseq r0, fp, r0",1
"andeq r0, r0, r4, asr r1",1
"andeq r0, r0, r0",1
"andeq r0, r0, r0",1
invalid,1
"andeq r0, r0, r3, lsl 2",1
"andeq r8, r0, r8, lsr fp",1
"andeq r0, r0, r0",1
"andeq r0, fp, r0",1
"andeq r0, r0, r3, lsl 2",1
"andeq fp, r0, r0, lsl 29",1
"andeq r0, r0, r0",1
"andeq r0, lr, r0",1
"andeq r0, r0, r2, lsl 1",1
"andeq r0, r0, r4, ror 5",1
"andeq r0, r0, r0",1
"andseq r0, fp, r0",1
"andeq r0, r0, lr, lsl 3",1
"andeq r0, r0, r0",1
"andeq r0, r0, r0",1
invalid,1
"andeq r0, r0, r3, lsl 2",1
"andeq r8, r0, r8, lsr 31",1
"andeq r0, r0, r0",1
"andeq r0, sp, r0",1
"andeq r0, r0, r2, lsl 1",1
"strdeq sb, sl, [r0], -r8",1
"andeq r0, r0, r0",1
"andeq r0, sp, r0",1
"andeq r0, r0, r3, lsl 2",1
"muleq r0, ip, sp",1
"andeq r0, r0, r0",1
"andeq r0, sp, r0",1
"andeq r0, r0, r2, lsl 1",1
"andeq r8, r0, r8, asr 28",1
"andeq r0, r0, r0",1
"andeq r0, sp, r0",1
"andeq r0, r0, r2, lsl 1",1
"andeq fp, r0, r8, lsl 29",1
"andeq r0, r0, r0",1
"andeq r0, pc, r0",1
"andeq r0, r0, r2, lsl 1",1
"andeq r0, r0, r0, lsl r0",1
"andeq r0, r0, r0",1
"andseq r0, pc, r0",1
"muleq r0, r6, r1",1
"andeq r0, r0, r0",1
"andeq r0, r0, r0",1
invalid,1
"andeq r0, r0, r1, lsr 3",1
"strdeq r4, r5, [r1], -r8",1
"andeq r0, r0, r0",1
"andseq r0, r4, r1",1
"andeq r0, r0, r3, lsl 2",1
"ldrdeq r8, sb, [r0], -r4",1
"andeq r0, r0, r0",1
"andeq r0, sp, r0",1
"andeq r0, r0, lr, lsr 3",1
"ldrdeq r8, sb, [r0], -r4",1
"andeq r0, r0, r0",1
"andeq r0, sp, r2",1
"andeq r0, r0, r2, lsl 1",1
"andeq r8, r0, r0, lsl 30",1
"andeq r0, r0, r0",1
"andeq r0, sp, r0",1
"andeq r0, r0, r3, lsl 2",1
"andeq r8, r0, ip, lsl 30",1
"andeq r0, r0, r0",1
"andeq r0, sp, r0",1
"andeq r0, r0, r3, asr 3",1
"andeq r8, r0, ip, lsl 30",1
"andeq r0, r0, r0",1
"andeq r0, sp, r2",1
"andeq r0, r0, r2, lsl 1",1
"andeq r8, r0, r0, asr 30",1
"andeq r0, r0, r0",1
"andeq r0, sp, r0",1
"andeq r0, r0, r2, lsl 1",1
"andeq r4, r1, r0, asr 15",1
"andeq r0, r0, r0",1
"andseq r0, r7, r0",1
"andeq r0, r0, r3, lsl 2",1
"andeq r8, r0, ip, asr 30",1
"andeq r0, r0, r0",1
"andeq r0, sp, r0",1
"ldrdeq r0, r1, [r0], -r6",1
"andeq r8, r0, ip, asr 30",1
"andeq r0, r0, r0",1
"andeq r0, sp, r2",1
"andeq r0, r0, r2, lsl 1",1
"andeq r8, r0, r0, ror pc",1
"andeq r0, r0, r0",1
"andeq r0, sp, r0",1
"andeq r0, r0, ip, ror 3",1
"andeq r4, r1, r8, lsr 16",1
"andeq r0, r0, r1",1
"andseq r0, r8, r1",1
"andeq r0, r0, r2, lsl 1",1
"strdeq r4, r5, [r1], -r4",1
"andeq r0, r0, r0",1
"andseq r0, r3, r0",1
"strdeq r0, r1, [r0], -fp",1
"strdeq r4, r5, [r1], -r4",1
"andeq r0, r0, r0",1
"andseq r0, r3, r1",1
"andeq r0, r0, r3, lsl 2",1
"andeq r8, r0, r4, ror pc",1
"andeq r0, r0, r0",1
"andeq r0, sp, r0",1
"andeq r0, r0, r2, lsr 4",1
"andeq r8, r0, r4, ror pc",1
"andeq r0, r0, r0",1
"andeq r0, sp, r2",1
"andeq r0, r0, r2, lsl 1",1
"andeq r8, r0, r0, lsr 31",1
"andeq r0, r0, r0",1
"andeq r0, sp, r0",1
"andeq r0, r0, r2, lsl 1",1
"strdeq r4, r5, [r1], -r0",1
"andeq r0, r0, r0",1
"andseq r0, r2, r0",1
"andeq r0, r0, lr, lsr 4",1
"strdeq r4, r5, [r1], -r0",1
"andeq r0, r0, r0",1
"andseq r0, r2, r1",1
"andeq r0, r0, r2, lsl 1",1
"andeq r4, r1, r8, lsr 16",1
"andeq r0, r0, r0",1
"andseq r0, r8, r0",1
"andeq r0, r0, sp, asr 4",1
"andeq r0, r0, r0",1
"andeq r0, r0, r0",1
invalid,1
"andeq r0, r0, r2, lsl 1",1
"andeq r4, r1, r4, asr 15",1
"andeq r0, r0, r0",1
"andseq r0, r7, r0",1
"andeq r0, r0, r2, lsl 1",1
"andeq ip, r0, r0, ror 2",1
"andeq r0, r0, r0",1
"andeq r0, pc, r0",1
"andeq r0, r0, r7, asr r2",1
"andeq r0, r0, r0",1
"andeq r0, r0, r0",1
invalid,1
"andeq r0, r0, r3, lsl 2",1
"andeq sb, r0, r4, lsr r1",1
"andeq r0, r0, r0",1
"andeq r0, sp, r0",1
"andeq r0, r0, r2, lsl 1",1
"andeq sb, r0, r0, asr 2",1
"andeq r0, r0, r0",1
"andeq r0, sp, r0",1
"andeq r0, r0, r3, lsl 2",1
"andeq sb, r0, r4, asr 2",1
"andeq r0, r0, r0",1
"andeq r0, sp, r0",1
"andeq r0, r0, r2, lsl 1",1
"andeq sb, r0, r0, asr r1",1
"andeq r0, r0, r0",1
"andeq r0, sp, r0",1
"andeq r0, r0, r3, lsl 2",1
"andeq sb, r0, r4, asr r1",1
"andeq r0, r0, r0",1
"andeq r0, sp, r0",1
"andeq r0, r0, r2, lsl 1",1
"andeq sb, r0, r0, lsr 4",1
"andeq r0, r0, r0",1
"andeq r0, sp, r0",1
"andeq r0, r0, r2, lsl 1",1
"andeq ip, r0, r8, ror 2",1
"andeq r0, r0, r0",1
"andeq r0, pc, r0",1
"andeq r0, r0, r2, lsl 1",1
"andeq r4, r1, ip, lsr 16",1
"andeq r0, r0, r0",1
"andseq r0, r8, r0",1
"andeq r0, r0, r2, ror 4",1
"andeq r4, r1, ip, lsr 16",1
"andeq r0, r0, r4",1
"andseq r0, r8, r1",1
"andeq r0, r0, ip, ror 4",1
"andeq r4, r1, r0, lsr r8",1
"andeq r0, r0, r1",1
"andseq r0, r8, r1",1
"andeq r0, r0, r2, lsl 1",1
"andeq r0, r0, r4, asr r0",1
"andeq r0, r0, r0",1
"andseq r0, pc, r0",1
"andeq r0, r0, sb, ror r2",1
"andeq r0, r0, r0",1
"andeq r0, r0, r0",1
invalid,1
"andeq r0, r0, r3, lsl 2",1
"andeq sb, r0, ip, lsr r2",1
"andeq r0, r0, r0",1
"andeq r0, sp, r0",1
"andeq r0, r0, r2, lsl 1",1
"andeq r0, r0, r4, lsr 1",1
"andeq r0, r0, r0",1
"andseq r0, pc, r0",1
"andeq r0, r0, sb, lsl 5",1
"andeq r0, r0, r0",1
"andeq r0, r0, r0",1
invalid,1
"andeq r0, r0, r2, lsl 1",1
"andeq r4, r1, r8, asr 15",1
"andeq r0, r0, r0",1
"andseq r0, r7, r0",1
"muleq r0, r4, r2",1
"andeq r0, r0, r0",1
"andeq r0, r0, r0",1
invalid,1
"andeq r0, r0, r3, lsl 2",1
"ldrdeq sb, sl, [r0], -r8",1
"andeq r0, r0, r0",1
"andeq r0, sp, r0",1
"andeq r0, r0, r2, lsl 1",1
"andeq sb, r0, r0, ror r3",1
"andeq r0, r0, r0",1
"andeq r0, sp, r0",1
"andeq r0, r0, r2, lsl 1",1
"andeq ip, r0, ip, ror r1",1
"andeq r0, r0, r0",1
"andeq r0, pc, r0",1
"andeq r0, r0, r2, lsl 1",1
"andeq r4, r1, r4, lsr r8",1
"andeq r0, r0, r0",1
"andseq r0, r8, r0",1
"andeq r0, r0, r2, lsl 1",1
"ldrdeq r0, r1, [r0], -ip",1
"andeq r0, r0, r0",1
"andseq r0, pc, r0",1
"muleq r0, pc, r2",1
"andeq r0, r0, r0",1
"andeq r0, r0, r0",1
invalid,1
"andeq r0, r0, r3, lsl 2",1
"andeq sb, r0, ip, lsl 7",1
"andeq r0, r0, r0",1
"andeq r0, sp, r0",1
"andeq r0, r0, sl, lsr 5",1
"andeq sb, r0, ip, lsl 7",1
"andeq r0, r0, r8, lsr 2",1
"andeq r0, sp, r2",1
"andeq r0, r0, r2, lsl 1",1
"muleq r0, ip, r4",1
"andeq r0, r0, r0",1
"andeq r0, sp, r0",1
"andeq r0, r0, r3, lsl 2",1
"strheq sb, [r0], -r4",1
"andeq r0, r0, r0",1
"andeq r0, sp, r0",1
"strheq r0, [r0], -pc",1
"strheq sb, [r0], -r4",1
"andeq r0, r0, ip, ror 26",1
"andeq r0, sp, r2",1
"andeq r0, r0, r2, lsl 1",1
"strdeq sb, sl, [r0], -r4",1
"andeq r0, r0, r0",1
"andeq r0, sp, r0",1
"andeq r0, r0, r3, lsl 2",1
"andeq sb, r0, r8, lsl r5",1
"andeq r0, r0, r0",1
"andeq r0, sp, r0",1
"andeq r0, r0, r2, lsl 1",1
"andeq sb, r0, r4, lsl r7",1
"andeq r0, r0, r0",1
"andeq r0, sp, r0",1
"andeq r0, r0, r3, lsl 2",1
"andeq sb, r0, r0, lsl sb",1
"andeq r0, r0, r0",1
"andeq r0, sp, r0",1
"andeq r0, r0, r2, lsl 1",1
"andeq sb, r0, ip, asr pc",1
"andeq r0, r0, r0",1
"andeq r0, sp, r0",1
"andeq r0, r0, r3, lsl 2",1
"andeq sb, r0, r4, ror 31",1
"andeq r0, r0, r0",1
"andeq r0, sp, r0",1
"andeq r0, r0, r2, lsl 1",1
"andeq sl, r0, r0, lsl r2",1
"andeq r0, r0, r0",1
"andeq r0, sp, r0",1
"andeq r0, r0, r3, lsl 2",1
"andeq sl, r0, r0, lsr 4",1
"andeq r0, r0, r0",1
"andeq r0, sp, r0",1
"ldrdeq r0, r1, [r0], -r8",1
"andeq sl, r0, r0, lsr 4",1
"strheq r0, [r0], -r0",1
"andeq r0, sp, r2",1
"andeq r0, r0, r2, lsl 1",1
"andeq sl, r0, r8, asr 7",1
"andeq r0, r0, r0",1
"andeq r0, sp, r0",1
"andeq r0, r0, r3, lsl 2",1
"ldrdeq sl, fp, [r0], -r0",1
"andeq r0, r0, r0",1
"andeq r0, sp, r0",1
"andeq r0, r0, r2, lsl 1",1
"andeq sl, r0, r0, lsl 8",1
"andeq r0, r0, r0",1
"andeq r0, sp, r0",1
"andeq r0, r0, r3, lsl 2",1
"andeq sl, r0, r4, lsl 8",1
"andeq r0, r0, r0",1
"andeq r0, sp, r0",1
"andeq r0, r0, r2, lsl 1",1
"andeq sl, r0, r8, lsl r4",1
"andeq r0, r0, r0",1
"andeq r0, sp, r0",1
"andeq r0, r0, r3, lsl 2",1
"andeq sl, r0, ip, lsl r4",1
"andeq r0, r0, r0",1
"andeq r0, sp, r0",1
"andeq r0, r0, r2, lsl 1",1
"andeq sl, r0, r0, lsr r4",1
"andeq r0, r0, r0",1
"andeq r0, sp, r0",1
"andeq r0, r0, r3, lsl 2",1
"andeq sl, r0, r4, lsr r4",1
"andeq r0, r0, r0",1
"andeq r0, sp, r0",1
"andeq r0, r0, r2, lsl 1",1
"andeq sl, r0, r4, ror r4",1
"andeq r0, r0, r0",1
"andeq r0, sp, r0",1
"andeq r0, r0, r3, lsl 2",1
"andeq sl, r0, r8, ror r4",1
"andeq r0, r0, r0",1
"andeq r0, sp, r0",1
"andeq r0, r0, r2, lsl 1",1
"muleq r0, r0, r4",1
"andeq r0, r0, r0",1
"andeq r0, sp, r0",1
"andeq r0, r0, r3, lsl 2",1
"muleq r0, r4, r4",1
"andeq r0, r0, r0",1
"andeq r0, sp, r0",1
"andeq r0, r0, r2, lsl 1",1
"andeq sl, r0, r4, asr 9",1
"andeq r0, r0, r0",1
"andeq r0, sp, r0",1
"andeq r0, r0, r3, lsl 2",1
"andeq sl, r0, r8, asr 9",1
"andeq r0, r0, r0",1
"andeq r0, sp, r0",1
"andeq r0, r0, r2, lsl 1",1
"andeq sl, r0, r0, asr 10",1
"andeq r0, r0, r0",1
"andeq r0, sp, r0",1
"andeq r0, r0, r3, lsl 2",1
"andeq sl, r0, r4, asr 10",1
"andeq r0, r0, r0",1
"andeq r0, sp, r0",1
"andeq r0, r0, r2, lsl 1",1
"strdeq sl, fp, [r0], -r8",1
"andeq r0, r0, r0",1
"andeq r0, sp, r0",1
"andeq r0, r0, r3, lsl 2",1
"strdeq sl, fp, [r0], -ip",1
"andeq r0, r0, r0",1
"andeq r0, sp, r0",1
"andeq r0, r0, r2, lsl 1",1
"andeq sl, r0, r4, asr 13",1
"andeq r0, r0, r0",1
"andeq r0, sp, r0",1
"andeq r0, r0, r3, lsl 2",1
"andeq sl, r0, r8, asr 13",1
"andeq r0, r0, r0",1
"andeq r0, sp, r0",1
"andeq r0, r0, r2, lsl 1",1
"andeq sl, r0, r8, asr 14",1
"andeq r0, r0, r0",1
"andeq r0, sp, r0",1
"andeq r0, r0, r3, lsl 2",1
"andeq sl, r0, r0, asr r7",1
"andeq r0, r0, r0",1
"andeq r0, sp, r0",1
"andeq r0, r0, r2, lsl 1",1
"andeq sl, r0, ip, asr r7",1
"andeq r0, r0, r0",1
"andeq r0, sp, r0",1
"andeq r0, r0, r3, lsl 2",1
"andeq sl, r0, r0, ror 14",1
"andeq r0, r0, r0",1
"andeq r0, sp, r0",1
"andeq r0, r0, r2, lsl 1",1
"andeq sl, r0, r8, ror 14",1
"andeq r0, r0, r0",1
"andeq r0, sp, r0",1
"andeq r0, r0, r3, lsl 2",1
"andeq sl, r0, ip, ror 14",1
"andeq r0, r0, r0",1
"andeq r0, sp, r0",1
"andeq r0, r0, r2, lsl 1",1
"andeq sl, r0, r0, lsl 15",1
"andeq r0, r0, r0",1
"andeq r0, sp, r0",1
"andeq r0, r0, r3, lsl 2",1
"andeq sl, r0, r4, lsl 15",1
"andeq r0, r0, r0",1
"andeq r0, sp, r0",1
"andeq r0, r0, r2, lsl 1",1
"muleq r0, ip, r7",1
"andeq r0, r0, r0",1
"andeq r0, sp, r0",1
"andeq r0, r0, r3, lsl 2",1
"andeq sl, r0, r0, lsr 15",1
"andeq r0, r0, r0",1
"andeq r0, sp, r0",1
"andeq r0, r0, r2, lsl 1",1
"andeq sl, r0, ip, asr 20",1
"andeq r0, r0, r0",1
"andeq r0, sp, r0",1
"andeq r0, r0, r3, lsl 2",1
"andeq sl, r0, r0, asr sl",1
"andeq r0, r0, r0",1
"andeq r0, sp, r0",1
"andeq r0, r0, r2, lsl 1",1
"andeq sl, r0, r8, asr 21",1
"andeq r0, r0, r0",1
"andeq r0, sp, r0",1
"andeq r0, r0, r3, lsl 2",1
"andeq sl, r0, ip, asr 21",1
"andeq r0, r0, r0",1
"andeq r0, sp, r0",1
"andeq r0, r0, r2, lsl 1",1
"andeq sl, r0, ip, lsr 22",1
"andeq r0, r0, r0",1
"andeq r0, sp, r0",1
"andeq r0, r0, r3, lsl 2",1
"andeq sl, r0, r0, lsr fp",1
"andeq r0, r0, r0",1
"andeq r0, sp, r0",1
"andeq r0, r0, r2, lsl 1",1
"muleq r0, r4, fp",1
"andeq r0, r0, r0",1
"andeq r0, sp, r0",1
"andeq r0, r0, r3, lsl 2",1
"muleq r0, r8, fp",1
"andeq r0, r0, r0",1
"andeq r0, sp, r0",1
"andeq r0, r0, r2, lsl 1",1
"andeq sl, r0, ip, lsl 24",1
"andeq r0, r0, r0",1
"andeq r0, sp, r0",1
"andeq r0, r0, r3, lsl 2",1
"andeq sl, r0, r0, lsl ip",1
"andeq r0, r0, r0",1
"andeq r0, sp, r0",1
"andeq r0, r0, r2, lsl 1",1
"andeq sl, r0, r4, lsl 25",1
"andeq r0, r0, r0",1
"andeq r0, sp, r0",1
"andeq r0, r0, r3, lsl 2",1
"andeq sl, r0, r8, lsl 25",1
"andeq r0, r0, r0",1
"andeq r0, sp, r0",1
"andeq r0, r0, r2, lsl 1",1
"andeq sl, r0, r0, lsl 26",1
"andeq r0, r0, r0",1
"andeq r0, sp, r0",1
"andeq r0, r0, r3, lsl 2",1
"andeq sl, r0, r4, lsl 26",1
"andeq r0, r0, r0",1
"andeq r0, sp, r0",1
"andeq r0, r0, r2, lsl 1",1
"andeq sl, r0, r0, lsl 27",1
"andeq r0, r0, r0",1
"andeq r0, sp, r0",1
"andeq r0, r0, r3, lsl 2",1
"andeq sl, r0, r4, lsl 27",1
"andeq r0, r0, r0",1
"andeq r0, sp, r0",1
"andeq r0, r0, r2, lsl 1",1
"andeq sl, r0, ip, lsl 27",1
"andeq r0, r0, r0",1
"andeq r0, sp, r0",1
"andeq r0, r0, r3, lsl 2",1
"muleq r0, r0, sp",1
"andeq r0, r0, r0",1
"andeq r0, sp, r0",1
"andeq r0, r0, r2, lsl 1",1
"andeq sl, r0, r8, lsr 27",1
"andeq r0, r0, r0",1
"andeq r0, sp, r0",1
"andeq r0, r0, r3, lsl 2",1
"andeq sl, r0, ip, lsr 27",1
"andeq r0, r0, r0",1
"andeq r0, sp, r0",1
"andeq r0, r0, r2, lsl 1",1
"strheq sl, [r0], -r8",1
"andeq r0, r0, r0",1
"andeq r0, sp, r0",1
"andeq r0, r0, r3, lsl 2",1
"strheq sl, [r0], -ip",1
"andeq r0, r0, r0",1
"andeq r0, sp, r0",1
"andeq r0, r0, r2, lsl 1",1
"ldrdeq sl, fp, [r0], -r0",1
"andeq r0, r0, r0",1
"andeq r0, sp, r0",1
"andeq r0, r0, r2, lsl 1",1
"andeq ip, r0, r0, asr 3",1
"andeq r0, r0, r0",1
"andeq r0, pc, r0",1
"andeq r0, r0, r2, lsl 1",1
"andeq r4, r1, ip, asr 15",1
"andeq r0, r0, r0",1
"andseq r0, r7, r0",1
"andeq r0, r0, fp, ror 5",1
"andeq r4, r1, ip, asr 15",1
"andeq r0, r0, r4",1
"andseq r0, r7, r1",1
"strdeq r0, r1, [r0], -r3",1
"ldrdeq r4, r5, [r1], -r4",1
"andeq r0, r0, r8",1
"andseq r0, r7, r1",1
"strdeq r0, r1, [r0], -ip",1
"ldrdeq r4, r5, [r1], -r0",1
"andeq r0, r0, r4",1
"andseq r0, r7, r1",1
"andeq r0, r0, r3, lsl 6",1
"andeq r4, r1, r8, lsr r8",1
"andeq r0, r0, r0, lsl 2",1
"andseq r0, r8, r1",1
"andeq r0, r0, r2, lsl 1",1
"andeq ip, r0, r4, lsl 4",1
"andeq r0, r0, r0",1
"andeq r0, pc, r0",1
"andeq r0, r0, r2, lsl 1",1
"andeq r4, r1, r8, lsr r8",1
"andeq r0, r0, r0",1
"andseq r0, r8, r0",1
"andeq r0, r0, sb, lsl 6",1
"andeq r4, r1, r8, lsr sb",1
"andeq r0, r0, r0, lsr r0",1
"andseq r0, r8, r1",1
"andeq r0, r0, r2, lsl 1",1
"andeq r0, r0, r8, lsl 2",1
"andeq r0, r0, r0",1
"andseq r0, pc, r0",1
"andeq r0, r0, r1, lsr 6",1
"andeq r0, r0, r0",1
"andeq r0, r0, r0",1
invalid,1
"andeq r0, r0, r3, lsl 2",1
"ldrdeq sl, fp, [r0], -r4",1
"andeq r0, r0, r0",1
"andeq r0, sp, r0",1
"andeq r0, r0, r2, lsl 1",1
"andeq sl, r0, ip, asr lr",1
"andeq r0, r0, r0",1
"andeq r0, sp, r0",1
"andeq r0, r0, r3, lsl 2",1
"andeq sl, r0, r4, lsl 29",1
"andeq r0, r0, r0",1
"andeq r0, sp, r0",1
"andeq r0, r0, r2, lsl 1",1
"andeq fp, r0, r4, lsl r1",1
"andeq r0, r0, r0",1
"andeq r0, sp, r0",1
"andeq r0, r0, r3, lsl 2",1
"andeq fp, r0, r4, asr r1",1
"andeq r0, r0, r0",1
"andeq r0, sp, r0",1
"andeq r0, r0, r2, lsl 1",1
"andeq fp, r0, r8, lsl r4",1
"andeq r0, r0, r0",1
"andeq r0, sp, r0",1
"andeq r0, r0, r2, lsl 1",1
"andeq ip, r0, ip, asr r2",1
"andeq r0, r0, r0",1
"andeq r0, pc, r0",1
"andeq r0, r0, r2, lsl 1",1
"andeq r0, r0, r8, lsl 9",1
"andeq r0, r0, r0",1
"andseq r0, pc, r0",1
"andeq r0, r0, pc, lsr 6",1
"andeq r0, r0, r0",1
"andeq r0, r0, r0",1
invalid,1
"andeq r0, r0, r2, lsl 1",1
"andeq ip, r0, r0, asr 10",1
"andeq r0, r0, r0",1
"andeq r0, pc, r0",1
"andeq r0, r0, r1, asr 6",1
"andeq r0, r0, r0",1
"andeq r0, r0, r0",1
invalid,1
"andeq r0, r0, r3, lsl 2",1
"andeq fp, r0, r4, lsr r4",1
"andeq r0, r0, r0",1
"andeq r0, sp, r0",1
"andeq r0, r0, r2, lsl 1",1
"muleq r0, ip, r5",1
"andeq r0, r0, r0",1
"andeq r0, sp, r0",1
"andeq r0, r0, r3, lsl 2",1
"andeq fp, r0, r0, lsr 11",1
"andeq r0, r0, r0",1
"andeq r0, sp, r0",1
"andeq r0, r0, r2, lsl 1",1
"andeq fp, r0, r0, lsr 13",1
"andeq r0, r0, r0",1
"andeq r0, sp, r0",1
"andeq r0, r0, r3, lsl 2",1
"andeq fp, r0, r4, lsr 13",1
"andeq r0, r0, r0",1
"andeq r0, sp, r0",1
"andeq r0, r0, r2, lsl 1",1
"andeq r0, r0, r8, lsr 10",1
"andeq r0, r0, r0",1
"andseq r0, pc, r0",1
"andeq r0, r0, fp, asr 6",1
"andeq r0, r0, r0",1
"andeq r0, r0, r0",1
invalid,1
"andeq r0, r0, r3, lsl 2",1
"andeq fp, r0, r0, ror r7",1
"andeq r0, r0, r0",1
"andeq r0, sp, r0",1
"andeq r0, r0, r2, lsl 1",1
"andeq fp, r0, r4, lsr 15",1
"andeq r0, r0, r0",1
"andeq r0, sp, r0",1
"andeq r0, r0, r2, lsl 1",1
"andeq ip, r0, r0, ror r5",1
"andeq r0, r0, r0",1
"andeq r0, pc, r0",1
"andeq r0, r0, r2, lsl 1",1
"andeq r0, r0, r8, asr r6",1
"andeq r0, r0, r0",1
"andseq r0, pc, r0",1
"andeq r0, r0, r8, asr r3",1
"andeq r0, r0, r0",1
"andeq r0, r0, r0",1
invalid,1
"andeq r0, r0, r3, lsl 2",1
"strheq fp, [r0], -r0",1
"andeq r0, r0, r0",1
"andeq r0, sp, r0",1
"andeq r0, r0, r2, lsl 1",1
"andeq r0, r0, r0, lsl 13",1
"andeq r0, r0, r0",1
"andseq r0, pc, r0",1
"andeq r0, r0, r7, ror 6",1
"andeq r0, r0, r0",1
"andeq r0, r0, r0",1
invalid,1
"andeq r0, r0, r3, lsl 2",1
"andeq fp, r0, r4, lsr r8",1
"andeq r0, r0, r0",1
"andeq r0, sp, r0",1
"andeq r0, r0, r2, lsl 1",1
"andeq fp, r0, r8, asr fp",1
"andeq r0, r0, r0",1
"andeq r0, sp, r0",1
"andeq r0, r0, r2, lsl 1",1
"strdeq fp, ip, [r0], -r8",1
"andeq r0, r0, r0",1
"andeq r0, pc, r0",1
"andeq r0, r0, r2, lsl 1",1
"andeq r4, r1, r8, ror 18",1
"andeq r0, r0, r0",1
"andseq r0, r8, r0",1
"andeq r0, r0, r6, ror r3",1
"andeq r4, r1, r8, ror 18",1
"andeq r0, r0, r4",1
"andseq r0, r8, r1",1
"andeq r0, r0, r2, lsl 1",1
"andeq r0, r0, ip, lsr 13",1
"andeq r0, r0, r0",1
"andseq r0, pc, r0",1
"andeq r0, r0, r6, lsl 7",1
"andeq r0, r0, r0",1
"andeq r0, r0, r0",1
invalid,1
"andeq r0, r0, r3, lsl 2",1
"andeq fp, r0, r8, ror fp",1
"andeq r0, r0, r0",1
"andeq r0, sp, r0",1
"andeq r0, r0, r2, lsl 1",1
"andeq r0, r0, r8, ror 13",1
"andeq r0, r0, r0",1
"andseq r0, pc, r0",1
"andeq r0, r0, pc, lsl 7",1
"andeq r0, r0, r0",1
"andeq r0, r0, r0",1
invalid,1
"andeq r0, r0, r3, lsl 2",1
"andeq fp, r0, r8, lsl ip",1
"andeq r0, r0, r0",1
"andeq r0, sp, r0",1
"andeq r0, r0, r2, lsl 1",1
"andeq r0, r0, r8, lsl r7",1
"andeq r0, r0, r0",1
"andseq r0, pc, r0",1
"muleq r0, r8, r3",1
"andeq r0, r0, r0",1
"andeq r0, r0, r0",1
invalid,1
"andeq r0, r0, r3, lsl 2",1
"andeq fp, r0, ip, ror 24",1
"andeq r0, r0, r0",1
"andeq r0, sp, r0",1
"andeq r0, r0, r2, lsl 1",1
"andeq r0, r0, r4, asr 14",1
"andeq r0, r0, r0",1
"andseq r0, pc, r0",1
"andeq r0, r0, r1, lsr 7",1
"andeq r0, r0, r0",1
"andeq r0, r0, r0",1
invalid,1
"andeq r0, r0, r3, lsl 2",1
"andeq fp, r0, r0, lsl sp",1
"andeq r0, r0, r0",1
"andeq r0, sp, r0",1
"andeq r0, r0, ip, lsr 7",1
"andeq fp, r0, r0, lsl sp",1
"andeq r0, r0, r0",1
"andeq r0, sp, r0",1
"andeq r0, r0, r2, lsl 1",1
"andeq r0, r0, r4, ror r7",1
"andeq r0, r0, r0",1
"andseq r0, pc, r0",1
"andeq r0, r0, r2, lsl 1",1
"andeq r0, r0, r4, ror 4",1
"andeq r0, r0, r0",1
"andseq r0, fp, r0",1
"andeq r0, r0, r4, asr 7",1
"andeq r0, r0, r0",1
"andeq r0, r0, r0",1
invalid,1
"andeq r0, r0, r3, lsl 2",1
"ldrdeq fp, ip, [r0], -r8",1
"andeq r0, r0, r0",1
"andeq r0, sp, r0",1
"andeq r0, r0, r2, lsl 1",1
"andeq r0, r0, r4, lsl 5",1
"andeq r0, r0, r0",1
"andseq r0, fp, r0",1
"ldrdeq r0, r1, [r0], -r0",1
"andeq r0, r0, r0",1
"andeq r0, r0, r0",1
invalid,1
"andeq r0, r0, r3, lsl 2",1
"andeq fp, r0, r8, ror 27",1
"andeq r0, r0, r0",1
"andeq r0, sp, r0",1
"andeq r0, r0, r2, lsl 1",1
"andeq fp, r0, r4, asr 28",1
"andeq r0, r0, r0",1
"andeq r0, sp, r0",1
"andeq r0, r0, r3, lsl 2",1
"andeq fp, r0, ip, asr 28",1
"andeq r0, r0, r0",1
"andeq r0, sp, r0",1
"andeq r0, r0, r2, lsl 1",1
"muleq r0, r4, r7",1
"andeq r0, r0, r0",1
"andseq r0, pc, r0",1
"ldrdeq r0, r1, [r0], -fp",1
"andeq r0, r0, r0",1
"andeq r0, r0, r0",1
invalid,1
"andeq r0, r0, r3, lsl 2",1
"andeq fp, r0, r0, asr lr",1
"andeq r0, r0, r0",1
"andeq r0, sp, r0",1
"andeq r0, r0, r2, lsl 1",1
"andeq fp, r0, r4, ror lr",1
"andeq r0, r0, r0",1
"andeq r0, sp, r0",1
"andeq r0, r0, r2, lsl 1",1
"ldrdeq r0, r1, [r0], -r8",1
"andeq r0, r0, r0",1
"andseq r0, pc, r0",1
"muleq r0, r6, r1",1
"andeq r0, r0, r0",1
"andeq r0, r0, r0",1
invalid,1
"andeq r0, r0, r2, lsl 1",1
"andeq ip, r0, ip, ror 11",1
"andeq r0, r0, r0",1
"andseq r0, r1, r0",1
"andeq r0, r0, r4, ror 7",1
"andeq ip, r0, ip, ror 11",1
"andeq r0, r0, r0",1
"andseq r0, r1, r1",1
"andeq r0, r0, r2, lsl 1",1
"strdeq r4, r5, [r1], -r8",1
"andeq r0, r0, r0",1
"andseq r0, r4, r0",1
"strdeq r0, r1, [r0], -r2",1
"strdeq r4, r5, [r1], -r8",1
"andeq r0, r0, r0",1
"andseq r0, r4, r1",1
"andeq r0, r0, r0",1
"andeq r0, r0, r0",1
"andeq r0, r0, r0",1
invalid,1
"strdeq r0, r1, [r0], -lr",1
"strdeq r4, r5, [r1], -r4",1
"andeq r0, r0, r0",1
"andseq r0, r2, r0",1
"andeq r0, r0, pc, lsl 8",1
"andeq r4, r1, r0, asr 15",1
"andeq r0, r0, r0",1
"andseq r0, r7, r1",1
"andeq r0, r0, ip, lsl r4",1
"strdeq r4, r5, [r1], -ip",1
"andeq r0, r0, r0",1
"andseq r0, r5, r1",1
"andeq r0, r0, r5, lsr 8",1
"strdeq r4, r5, [r1], -r0",1
"andeq r0, r0, r0",1
"andseq r0, r2, r0",1
"andeq r0, r0, r8, lsr r4",1
"andeq r4, r1, r4, ror 13",1
"andeq r0, r0, r0",1
"andseq r0, r6, r1",1
"andeq r0, r0, r3, lsl 2",1
"andeq r8, r0, ip, lsr fp",1
"andeq r0, r0, r0",1
"andeq r0, ip, r0",1
"andeq r0, r0, r2, lsl 1",1
"andeq r8, r0, ip, asr 22",1
"andeq r0, r0, r0",1
"andeq r0, ip, r0",1
"andeq r0, r0, r3, lsl 2",1
"andeq r8, r0, r0, asr fp",1
"andeq r0, r0, r0",1
"andeq r0, ip, r0",1
"andeq r0, r0, lr, asr 8",1
"andeq sl, r0, r0, ror 14",1
"andeq r0, r0, ip",1
"andeq r0, sp, r2, lsl r0",1
"andeq r0, r0, sp, asr r4",1
"muleq r0, r4, r2",1
"andeq r0, r0, r4, asr 32",1
"andeq r0, sp, r2, lsl r0",1
"andeq r0, r0, r6, ror 8",1
"andeq fp, r0, ip, asr 28",1
"andeq r0, r0, r4",1
"andeq r0, sp, r2, lsl r0",1
"andeq r0, r0, r6, ror r4",1
"andeq r8, r0, r0, asr fp",1
"andeq r0, r0, r0",1
"andeq r0, r0, r2, lsl r0",1
"andeq r0, r0, r8, lsl 9",1
"andeq sl, r0, r0, asr sl",1
"andeq r0, r0, ip, ror r0",1
"andeq r0, sp, r2, lsl r0",1
"muleq r0, r6, r4",1
"andeq r8, r0, ip, asr fp",1
"andeq r0, r0, r0",1
"andeq r0, r0, r2, lsl r0",1
"andeq r0, r0, r8, lsr 9",1
"andeq r8, r0, r8, ror 22",1
"andeq r0, r0, r0",1
"andeq r0, r0, r2, lsl r0",1
"andeq r0, r0, r2, asr 9",1
"andeq r8, r0, r4, ror fp",1
"andeq r0, r0, r0",1
"andeq r0, r0, r2, lsl r0",1
"ldrdeq r0, r1, [r0], -r3",1
"andeq r4, r1, r0, lsl r8",1
"andeq r0, r0, r4",1
"andseq r0, r8, r1, lsl r0",1
"andeq r0, r0, sb, ror 9",1
"muleq r0, r8, r2",1
"andeq r0, r0, r8, lsl r1",1
"andeq r0, sp, r2, lsl r0",1
"strdeq r0, r1, [r0], -r5",1
"andeq fp, r0, r0, lsl sp",1
"andeq r0, r0, r0",1
"andeq r0, sp, r2, lsl r2",1
"andeq r0, r0, r3, lsl 10",1
"ldrdeq r4, r5, [r1], -ip",1
"andeq r0, r0, r0, lsr r0",1
"andseq r0, r7, r1, lsl r0",1
"andeq r0, r0, sb, lsl r5",1
"andeq r8, r0, r0, lsl 23",1
"andeq r0, r0, r0",1
"andeq r0, r0, r2, lsl r0",1
"andeq r0, r0, fp, lsr 10",1
"strdeq sl, fp, [r0], -ip",1
"andeq r0, r0, ip, asr 1",1
"andeq r0, sp, r2, lsl r0",1
"andeq r0, r0, lr, lsr r5",1
"andeq r0, r0, r0",1
"andeq r0, r0, r0",1
"andeq r0, r0, r0, lsr 32",1
"andeq r0, r0, sl, asr r5",1
"strheq r4, [r1], -ip",1
"andeq r0, r0, r0",1
"andseq r0, r7, r0, lsr 32",1
"andeq r0, r0, r5, ror 10",1
"andeq sl, r0, r8, ror r4",1
"andeq r0, r0, ip, lsl r0",1
"andeq r0, sp, r2, lsl r0",1
"andeq r0, r0, r7, ror r5",1
"andeq r4, r1, ip, lsl 16",1
"andeq r0, r0, r0",1
"andseq r0, r8, r0, lsl r0",1
"andeq r0, r0, r5, lsl 11",1
"andeq sl, r0, r0, lsr 15",1
"andeq r0, r0, ip, lsl 1",1
"andeq r0, sp, r2, lsl r0",1
"muleq r0, r6, r5",1
"andeq sl, r0, r8, asr 9",1
"andeq r0, r0, ip, ror r0",1
"andeq r0, sp, r2, lsl r0",1
"andeq r0, r0, r6, lsr 11",1
"andeq r8, r0, ip, lsl 23",1
"andeq r0, r0, r0",1
"andeq r0, r0, r2, lsl r0",1
"strheq r0, [r0], -r8",1
"ldrdeq sb, sl, [r0], -r8",1
"strheq r0, [r0], -r4",1
"andeq r0, sp, r2, lsl r0",1
"andeq r0, r0, sb, asr 11",1
"muleq r0, r8, fp",1
"andeq r0, r0, r8, ror r0",1
"andeq r0, sp, r2, lsl r0",1
"ldrdeq r0, r1, [r0], -fp",1
"andeq fp, r0, r0, asr lr",1
"andeq r0, r0, ip, lsr 32",1
"andeq r0, sp, r2, lsl r2",1
"andeq r0, r0, r2, ror 11",1
"muleq r0, r8, fp",1
"andeq r0, r0, r0",1
"andeq r0, r0, r2, lsl r0",1
"strdeq r0, r1, [r0], -r2",1
"andeq sl, r0, r0, lsl ip",1
"andeq r0, r0, r8, ror r0",1
"andeq r0, sp, r2, lsl r0",1
"andeq r0, r0, r8, lsl 12",1
"strheq sl, [r0], -ip",1
"andeq r0, r0, r8, lsl 1",1
"andeq r0, sp, r2, lsl r0",1
"andeq r0, r0, r7, lsl r6",1
"andeq r8, r0, r4, lsr 23",1
"andeq r0, r0, r0",1
"andeq r0, r0, r2, lsl r0",1
"andeq r0, r0, r8, lsr 12",1
"strheq r8, [r0], -r0",1
"andeq r0, r0, r0",1
"andeq r0, r0, r2, lsl r0",1
"andeq r0, r0, sl, lsr r6",1
"andeq r4, r1, ip, ror 18",1
"andeq r0, r0, r0",1
"andseq r0, r8, r0, lsl r0",1
"andeq r0, r0, r5, asr 12",1
"andeq r4, r1, ip, lsl 16",1
"andeq r0, r0, r0",1
"andseq r0, r7, r0, lsl r0",1
"andeq r0, r0, ip, asr 12",1
"strheq r8, [r0], -ip",1
"andeq r0, r0, r0",1
"andeq r0, r0, r2, lsl r0",1
"andeq r0, r0, pc, asr r6",1
"andeq r8, r0, r8, asr 23",1
"andeq r0, r0, r0",1
"andeq r0, r0, r2, lsl r0",1
"andeq r0, r0, r1, ror r6",1
"andeq fp, r0, ip, ror lr",1
"andeq r0, r0, r0",1
"andeq r0, lr, r2, lsl r0",1
"andeq r0, r0, r7, ror r6",1
"andeq r4, r1, r8, lsl r8",1
"andeq r0, r0, r4",1
"andseq r0, r8, r1, lsl r0",1
"muleq r0, r2, r6",1
"ldrdeq r8, sb, [r0], -r4",1
"andeq r0, r0, r0",1
"andeq r0, r0, r2, lsl r0",1
"andeq r0, r0, r7, lsr 13",1
"andeq r4, r1, ip, ror 18",1
"andeq r0, r0, r0",1
"andseq r0, r8, r0, lsl r0",1
"strheq r0, [r0], -r3",1
"andeq fp, r0, ip, lsr r6",1
"andeq r0, r0, r8, rrx",1
"andeq r0, sp, r2, lsl r0",1
"strheq r0, [r0], -sp",1
"andeq r8, r0, r0, ror 23",1
"andeq r0, r0, r0",1
"andeq r0, r0, r2, lsl r0",1
"ldrdeq r0, r1, [r0], -r0",1
"strdeq fp, ip, [r0], -r0",1
"andeq r0, r0, ip, asr 32",1
"andeq r0, sp, r2, lsl r0",1
"ldrdeq r0, r1, [r0], -sb",1
"andeq r8, r0, ip, ror 23",1
"andeq r0, r0, r0",1
"andeq r0, r0, r2, lsl r0",1
"andeq r0, r0, pc, ror 13",1
"andeq r4, r1, r4, asr 15",1
"andeq r0, r0, r4",1
"andseq r0, r7, r1, lsl r0",1
"strdeq r0, r1, [r0], -r7",1
"andeq fp, r0, r8, lsl ip",1
"andeq r0, r0, r4, asr r0",1
"andeq r0, sp, r2, lsl r0",1
"andeq r0, r0, r2, lsl 14",1
"strdeq r8, sb, [r0], -r8",1
"andeq r0, r0, r0",1
"andeq r0, r0, r2, lsl r0",1
"andeq r0, r0, r6, lsl r7",1
"andeq r4, r1, r0, lsr 16",1
"andeq r0, r0, r4",1
"andseq r0, r8, r1, lsl r0",1
"andeq r0, r0, r8, lsr 14",1
"andeq r8, r0, r4, lsl 24",1
"andeq r0, r0, r0",1
"andeq r0, r0, r2, lsl r0",1
"andeq r0, r0, sl, lsr r7",1
"andeq fp, r0, r8, asr 11",1
"andeq r0, r0, r8, lsr 32",1
"andeq r0, sp, r2, lsl r0",1
"andeq r0, r0, r2, asr 14",1
"andeq sl, r0, r4, lsl 15",1
"andeq r0, r0, ip, lsl r0",1
"andeq r0, sp, r2, lsl r0",1
"andeq r0, r0, pc, asr 14",1
"andeq r8, r0, r0, lsl ip",1
"andeq r0, r0, r0",1
"andeq r0, r0, r2, lsl r0",1
"andeq r0, r0, r2, ror 14",1
"andeq fp, r0, ip, lsr 14",1
"andeq r0, r0, r4, asr 32",1
"andeq r0, sp, r2, lsl r0",1
"andeq r0, r0, sl, ror 14",1
"andeq r8, r0, ip, lsl ip",1
"andeq r0, r0, r0",1
"andeq r0, r0, r2, lsl r0",1
"andeq r0, r0, ip, lsl 15",1
"andeq r8, r0, r8, lsr 24",1
"andeq r0, r0, r0",1
"andeq r0, r0, r2, lsl r0",1
"muleq r0, lr, r7",1
"andeq fp, r0, r4, asr r1",1
"andeq r0, r0, r0, asr 32",1
"andeq r0, sp, r2, lsl r0",1
"andeq r0, r0, sp, lsr 15",1
"andeq r8, r0, r4, lsr ip",1
"andeq r0, r0, r0",1
"andeq r0, r0, r2, lsl r0",1
"andeq r0, r0, r3, asr 15",1
"andeq r8, r0, r0, asr 24",1
"andeq r0, r0, r0",1
"andeq r0, r0, r2, lsl r0",1
"ldrdeq r0, r1, [r0], -r6",1
"andeq sb, r0, r4, asr r1",1
"andeq r0, r0, r8, ror 1",1
"andeq r0, sp, r2, lsl r0",1
"andeq r0, r0, r3, ror 15",1
"andeq sb, r0, ip, lsr r2",1
"andeq r0, r0, r8, asr r0",1
"andeq r0, sp, r2, lsl r0",1
"strdeq r0, r1, [r0], -r2",1
"andeq r8, r0, ip, asr 24",1
"andeq r0, r0, r0",1
"andeq r0, r0, r2, lsl r0",1
"andeq r0, r0, r3, lsl 16",1
"ldrdeq fp, ip, [r0], -r8",1
"andeq r0, r0, r0, lsl r0",1
"andeq r0, sp, r2, lsr 4",1
"andeq r0, r0, r1, lsl r8",1
"andeq fp, r0, ip, ror r4",1
"andeq r0, r0, ip, ror r0",1
"andeq r0, sp, r2, lsl r0",1
"andeq r0, r0, fp, lsl r8",1
"andeq fp, r0, r0, lsr 11",1
"andeq r0, r0, r8, lsr 32",1
"andeq r0, sp, r2, lsl r0",1
"andeq r0, r0, r6, lsr 16",1
"andeq sl, r0, r8, lsl 25",1
"andeq r0, r0, ip, ror r0",1
"andeq r0, sp, r2, lsl r0",1
"andeq r0, r0, r6, lsr r8",1
"andeq r8, r0, r8, asr ip",1
"andeq r0, r0, r0",1
"andeq r0, r0, r2, lsl r0",1
"andeq r0, r0, r8, asr 16",1
"andeq r8, r0, r4, ror 24",1
"andeq r0, r0, r0",1
"andeq r0, r0, r2, lsl r0",1
"andeq r0, r0, sl, asr r8",1
"andeq sl, r0, r0, lsr fp",1
"andeq r0, r0, r8, rrx",1
"andeq r0, sp, r2, lsl r0",1
"andeq r0, r0, sp, ror 16",1
"strheq r4, [r1], -ip",1
"andeq r0, r0, r0",1
"andseq r0, r7, r0, lsl r0",1
"andeq r0, r0, sl, ror r8",1
"andeq sl, r0, ip, lsl r4",1
"andeq r0, r0, r8, lsl r0",1
"andeq r0, sp, r2, lsl r0",1
"andeq r0, r0, ip, lsl 17",1
"andeq r8, r0, r0, ror ip",1
"andeq r0, r0, r0",1
"andeq r0, r0, r2, lsl r0",1
"muleq r0, lr, r8",1
"andeq sl, r0, r4, lsl 27",1
"andeq r0, r0, ip",1
"andeq r0, sp, r2, lsl r0",1
"andeq r0, r0, sl, lsr 17",1
"andeq r8, r0, ip, ror ip",1
"andeq r0, r0, r0",1
"andeq r0, r0, r2, lsl r0",1
"andeq r0, r0, r7, asr 17",1
"ldrdeq sl, fp, [r0], -r0",1
"andeq r0, r0, r4, lsr r0",1
"andeq r0, sp, r2, lsl r0",1
"ldrdeq r0, r1, [r0], -sp",1
"andeq sl, r0, r8, asr 13",1
"andeq r0, r0, r8, lsl 1",1
"andeq r0, sp, r2, lsl r0",1
"andeq r0, r0, fp, ror 17",1
"andeq r8, r0, r8, lsl 25",1
"andeq r0, r0, r0",1
"andeq r0, r0, r2, lsl r0",1
"andeq r0, r0, r1, lsl 18",1
"andeq fp, r0, r0, ror r7",1
"andeq r0, r0, r0, asr 32",1
"andeq r0, sp, r2, lsl r0",1
"andeq r0, r0, ip, lsl 18",1
"andeq r0, r0, r0",1
"andeq r0, r0, r0",1
"andeq r0, r0, r0, lsr 32",1
"andeq r0, r0, fp, lsl sb",1
"andeq fp, r0, r0, lsl sp",1
"andeq r0, r0, r8, lsr 1",1
"andeq r0, sp, r2, lsl r2",1
"andeq r0, r0, r5, lsr 18",1
"andeq r8, r0, r0, lsr 25",1
"andeq r0, r0, r0",1
"andeq r0, r0, r2, lsl r0",1
"andeq r0, r0, lr, lsr sb",1
"andeq r8, r0, ip, lsr 25",1
"andeq r0, r0, r0",1
"andeq r0, r0, r2, lsl r0",1
"andeq r0, r0, lr, asr 18",1
"andeq sb, r0, r4, asr 2",1
"andeq r0, r0, r0, lsl r0",1
"andeq r0, sp, r2, lsl r0",1
"andeq r0, r0, ip, ror 18",1
"andeq fp, r0, r4, lsl 29",1
"andeq r0, r0, r4",1
"andeq r0, pc, r1, lsl r0",1
"andeq r0, r0, fp, ror sb",1
"strdeq fp, ip, [r0], -r8",1
"andeq r0, r0, r8, lsr 1",1
"andeq r0, sp, r2, lsl r0",1
"andeq r0, r0, r6, lsl 19",1
"strheq r8, [r0], -r8",1
"andeq r0, r0, r0",1
"andeq r0, r0, r2, lsl r0",1
"muleq r0, r8, sb",1
"andeq fp, r0, r8, ror fp",1
"andeq r0, r0, r0, lsr 1",1
"andeq r0, sp, r2, lsl r0",1
"andeq r0, r0, r3, lsr 19",1
"andeq ip, r0, r0, asr 3",1
"andeq r0, r0, r0, lsr 32",1
"andeq r0, pc, r1, lsl r0",1
"strheq r0, [r0], -r6",1
"andeq r8, r0, r4, asr 25",1
"andeq r0, r0, r0",1
"andeq r0, r0, r2, lsl r0",1
"andeq r0, r0, r8, asr 19",1
"andeq fp, r0, r8, ror 27",1
"andeq r0, r0, r4, rrx",1
"andeq r0, sp, r2, lsl r0",1
"ldrdeq r0, r1, [r0], -r8",1
"muleq r0, r0, sp",1
"andeq r0, r0, ip, lsl r0",1
"andeq r0, sp, r2, lsl r0",1
"andeq r0, r0, r2, ror 19",1
"andeq sl, r0, r4, lsl 26",1
"andeq r0, r0, r0, lsl 1",1
"andeq r0, sp, r2, lsl r0",1
"strdeq r0, r1, [r0], -r6",1
"ldrdeq r8, sb, [r0], -r0",1
"andeq r0, r0, r0",1
"andeq r0, r0, r2, lsl r0",1
"andeq r0, r0, r2, lsl sl",1
"ldrdeq r8, sb, [r0], -ip",1
"andeq r0, r0, r0",1
"andeq r0, r0, r2, lsl r0",1
"andeq r0, r0, sl, lsr 20",1
"andeq ip, r0, r0, ror 3",1
"andeq r0, r0, r4, lsr 32",1
"andeq r0, pc, r1, lsl r0",1
"andeq r0, r0, sp, lsr sl",1
"andeq r8, r0, r8, ror 25",1
"andeq r0, r0, r0",1
"andeq r0, r0, r2, lsl r0",1
"andeq r0, r0, pc, asr 20",1
"andeq r4, r1, ip, ror 18",1
"andeq r0, r0, r0",1
"andseq r0, r8, r0, lsl r0",1
"andeq r0, r0, r4, asr sl",1
"strdeq r8, sb, [r0], -r4",1
"andeq r0, r0, r0",1
"andeq r0, r0, r2, lsl r0",1
"andeq r0, r0, r6, ror 20",1
"andeq r8, r0, r4, ror lr",1
"andeq r0, r0, r0",1
"andeq r0, sp, r2, lsl r0",1
"andeq r0, r0, sp, ror 20",1
"andeq sl, r0, r4, asr 10",1
"strheq r0, [r0], -r8",1
"andeq r0, sp, r2, lsl r0",1
"andeq r0, r0, ip, ror sl",1
"andeq r8, r0, r0, lsl 26",1
"andeq r0, r0, r0",1
"andeq r0, r0, r2, lsl r0",1
"muleq r0, r4, sl",1
"andeq r8, r0, ip, lsl 26",1
"andeq r0, r0, r0",1
"andeq r0, r0, r2, lsl r0",1
"andeq r0, r0, r6, lsr 21",1
"andeq r4, r1, ip, ror 18",1
"andeq r0, r0, r0",1
"andseq r0, r8, r0, lsl r0",1
"andeq r0, r0, lr, lsr 21",1
"ldrdeq fp, ip, [r0], -r8",1
"andeq r0, r0, r0, lsl r0",1
"andeq r0, sp, r2, lsr 4",1
"strheq r0, [r0], -ip",1
"andeq r8, r0, r8, lsl sp",1
"andeq r0, r0, r0",1
"andeq r0, r0, r2, lsl r0",1
"ldrdeq r0, r1, [r0], -r5",1
"andeq sl, r0, ip, ror 14",1
"andeq r0, r0, r8, lsl r0",1
"andeq r0, sp, r2, lsl r0",1
"ldrdeq r0, r1, [r0], -lr",1
"andeq r4, r1, r4, lsr 16",1
"andeq r0, r0, r4",1
"andseq r0, r8, r1, lsl r0",1
"strdeq r0, r1, [r0], -r0",1
"andeq r4, r1, ip, lsl 16",1
"andeq r0, r0, r0",1
"andseq r0, r8, r0, lsl r0",1
"strdeq r0, r1, [r0], -ip",1
"andeq r8, r0, r4, lsr 26",1
"andeq r0, r0, r0",1
"andeq r0, r0, r2, lsl r0",1
"andeq r0, r0, lr, lsl 22",1
"muleq r0, ip, sp",1
"ldrdeq r0, r1, [r0], -r8",1
"andeq r0, sp, r2, lsl r0",1
"andeq r0, r0, r3, lsl fp",1
"andeq r8, r0, r0, lsr sp",1
"andeq r0, r0, r0",1
"andeq r0, r0, r2, lsl r0",1
"andeq r0, r0, r7, lsr 22",1
"andeq r8, r0, r8, lsr 31",1
"andeq r0, r0, ip, lsl 3",1
"andeq r0, sp, r2, lsl r0",1
"andeq r0, r0, sp, lsr 22",1
"andeq sl, r0, r4, lsl 8",1
"andeq r0, r0, r8, lsl r0",1
"andeq r0, sp, r2, lsl r0",1
"andeq r0, r0, pc, lsr fp",1
"andeq r4, r1, r8, asr 15",1
"andeq r0, r0, r4",1
"andseq r0, r7, r1, lsl r0",1
"andeq r0, r0, ip, asr 22",1
"andeq sl, r0, ip, asr 21",1
"andeq r0, r0, r4, rrx",1
"andeq r0, sp, r2, lsl r0",1
"andeq r0, r0, fp, asr fp",1
"andeq r8, r0, ip, lsr sp",1
"andeq r0, r0, r0",1
"andeq r0, r0, r2, lsl r0",1
"andeq r0, r0, lr, ror 22",1
"andeq sl, r0, r4, asr 18",1
"andeq r0, r0, ip, lsl 1",1
"andeq r0, sp, r2, lsl r0",1
"andeq r0, r0, r1, lsl 23",1
"andeq r8, r0, r8, asr 26",1
"andeq r0, r0, r0",1
"andeq r0, r0, r2, lsl r0",1
"muleq r0, r6, fp",1
"andeq sl, r0, ip, lsr 16",1
"muleq r0, r0, r0",1
"andeq r0, sp, r2, lsl r0",1
"andeq r0, r0, fp, lsr 23",1
"andeq r4, r1, r8, lsl r8",1
"andeq r0, r0, r4",1
"andseq r0, r8, r1, lsr 32",1
"andeq r0, r0, lr, asr 23",1
"andeq r8, r0, r4, asr sp",1
"andeq r0, r0, r0",1
"andeq r0, r0, r2, lsl r0",1
"andeq r0, r0, r1, ror 23",1
"strheq sl, [r0], -ip",1
"andeq r0, r0, r8, lsl r0",1
"andeq r0, sp, r2, lsl r0",1
"andeq r0, r0, r7, ror 23",1
"andeq r8, r0, r0, ror 26",1
"andeq r0, r0, r0",1
"andeq r0, r0, r2, lsl r0",1
"strdeq r0, r1, [r0], -lr",1
"muleq r0, r4, r4",1
"andeq r0, r0, r4, lsr r0",1
"andeq r0, sp, r2, lsl r0",1
"andeq r0, r0, r1, lsl ip",1
"andeq r4, r1, r4, lsr r8",1
"andeq r0, r0, r4",1
"andseq r0, r8, r1, lsl r0",1
"andeq r0, r0, lr, lsl ip",1
"ldrdeq sl, fp, [r0], -r0",1
"andeq r0, r0, r0, lsl 1",1
"andeq r0, sp, r2, lsl r0",1
"andeq r0, r0, r0, lsr ip",1
"strheq fp, [r0], -r8",1
"andeq r0, r0, r0, lsr 32",1
"andeq r0, sp, r2, lsl r2",1
"andeq r0, r0, r1, asr 24",1
"andeq fp, r0, r4, lsr 13",1
"andeq r0, r0, r4, lsr r0",1
"andeq r0, sp, r2, lsl r0",1
"andeq r0, r0, sb, asr 24",1
"andeq r0, r0, r0",1
"andeq r0, r0, r0",1
"andeq r0, r0, r0, lsr 32",1
"andeq r0, r0, sp, asr ip",1
"andeq ip, r0, r0, asr 10",1
"andeq r0, r0, pc, lsr 32",1
"andeq r0, pc, r1, lsl r0",1
"andeq r0, r0, r3, ror ip",1
"andeq sl, r0, r0, asr r7",1
"andeq r0, r0, r0, lsl r0",1
"andeq r0, sp, r2, lsl r0",1
"andeq r0, r0, lr, ror ip",1
"andeq sl, r0, ip, lsr 27",1
"andeq r0, r0, r0, lsl r0",1
"andeq r0, sp, r2, lsl r0",1
"andeq r0, r0, r6, lsl 25",1
"andeq fp, r0, ip, ror 24",1
"andeq r0, r0, r4, lsr 1",1
"andeq r0, sp, r2, lsl r0",1
"muleq r0, r1, ip",1
"andeq r4, r1, ip, lsl 16",1
"andeq r0, r0, r0",1
"andseq r0, r7, r1, lsl r2",1
"muleq r0, sp, ip",1
"andeq r4, r1, r0, lsl r8",1
"andeq r0, r0, r4",1
"andseq r0, r8, r1, lsr 32",1
"andeq r0, r0, r6, asr 25",1
"andeq r8, r0, ip, ror 26",1
"andeq r0, r0, r0",1
"andeq r0, r0, r2, lsl r0",1
"andeq r0, r0, r0, ror 25",1
"andeq sl, r0, r4, lsr r4",1
"andeq r0, r0, r4, asr 32",1
"andeq r0, sp, r2, lsl r0",1
"strdeq r0, r1, [r0], -r1",1
"andeq r0, r0, r0",1
"andeq r0, r0, r0",1
"andeq r0, r0, r0, lsr 32",1
"andeq r0, r0, fp, lsl 26",1
"strheq fp, [r0], -r0",1
"andeq r0, r0, r4, lsl 1",1
"andeq r0, sp, r2, lsl r0",1
"andeq r0, r0, r6, lsr 26",1
"andeq sb, r0, r4, lsr r1",1
"andeq r0, r0, r0, lsl r0",1
"andeq r0, sp, r2, lsl r0",1
"andeq r0, r0, r1, asr 26",1
"andeq fp, r0, ip, ror 13",1
"andeq r0, r0, r0, asr 32",1
"andeq r0, sp, r2, lsl r0",1
"andeq r0, r0, sb, asr 26",1
"andeq fp, r0, r4, lsr r8",1
"andeq r0, r0, r4, asr 6",1
"andeq r0, sp, r2, lsl r0",1
"andeq r0, r0, r8, asr sp",1
"strheq fp, [r0], -r0",1
"andeq r0, r0, r4, lsl 1",1
"andeq r0, sp, r2, lsl r0",1
"andeq r0, r0, r5, ror 26",1
"andeq r8, r0, r8, ror sp",1
"andeq r0, r0, r0",1
"andeq r0, r0, r2, lsl r0",1
"andeq r0, r0, r8, ror sp",1
"ldrdeq sl, fp, [r0], -r4",1
"andeq r0, r0, r0, lsl 7",1
"andeq r0, sp, r2, lsl r0",1
"andeq r0, r0, r8, lsl 27",1
"andeq r8, r0, r4, lsl 27",1
"andeq r0, r0, r0",1
"andeq r0, r0, r2, lsl r0",1
"muleq r0, sb, sp",1
"muleq r0, r4, r1",1
"andeq r0, r0, r4, lsl 2",1
"andeq r0, sp, r2, lsl r0",1
"andeq r0, r0, r8, lsr 27",1
"andeq r8, r0, r0, lsr fp",1
"andeq r0, r0, r0",1
"andeq r0, fp, r2, lsl r0",1
"andeq r0, r0, lr, lsr 27",1
"muleq r0, r0, sp",1
"andeq r0, r0, r0",1
"andeq r0, r0, r2, lsl r0",1
"strheq r0, [r0], -pc",1
"ldrdeq fp, ip, [r0], -r8",1
"andeq r0, r0, r4, lsl r0",1
"andeq r0, sp, r2, lsl r0",1
"andeq r0, r0, r7, asr 27",1
"andeq fp, r0, r4, lsr r4",1
"andeq r0, r0, r8, asr 32",1
"andeq r0, sp, r2, lsl r0",1
svcvs 0x682f00,1
bvs 0xbf4ec0,1
blvs 0x1cb8e98,1
"stmdbvc pc!, {r0, r2, r5, r6, sl, ip, sp, lr}",1
svcvs 0x74636f,1
"ldmdbvs r5!, {r0, r1, r2, r3, r5, sb, sp, lr} ^",1
"strtvc r6, [pc], -0x46c",1
"strvc r7, [pc, -sp, rrx]!",1
svchs 0x6b726f,1
"strbtvc r7, [sp], -r1, ror 4",1
"qasxvc r6, sp, r7",1
"cdpvs p0, 2, c7, c13, c6, 3",1
"stclhs p15, c6, [lr, -0x194]!",1
"stmdbvc fp!, {r4, r5, r6, r8, sb, sl, fp, sp, lr} ^",1
"cdpvs p12, 6, c6, c9, c13, 1",1
invalid,1
invalid,1
"strvs r6, [0x0001afea]!",1
"rsbvs r6, sb, 0x6700",1
"cdphs p15, 3, c2, c2, c3, 3",1
"eorvc r3, sp, 0xc40000",1
"strbvc r2, [r2, -0xf33]!",1
"stclhs p12, c6, [r4, -0x1a4]!",1
"stclhs p2, c7, [sp, -0x184]!",1
"stmdbvc fp!, {r4, r5, r6, r8, sb, sl, fp, sp, lr} ^",1
"cdpvs p12, 6, c6, c9, c13, 1",1
invalid,1
invalid,1
invalid,1
invalid,1
"cdpvs p9, 2, c6, c13, c2, 3",1
"cdphs p4, 6, c7, c5, c15, 3",1
"strtvs r0, [r4], -0x6f",1
svcvs 0x682f00,1
bvs 0xbf4f44,1
blvs 0x1cb8f1c,1
"stmdbvc pc!, {r0, r2, r5, r6, sl, ip, sp, lr}",1
svcvs 0x74636f,1
"ldmdbvs r5!, {r0, r1, r2, r3, r5, sb, sp, lr} ^",1
"strtvc r6, [pc], -0x46c",1
"strvc r7, [pc, -sp, rrx]!",1
svchs 0x6b726f,1
"strbtvc r7, [sp], -r1, ror 4",1
"qasxvc r6, sp, r7",1
"cdpvs p0, 2, c7, c13, c6, 3",1
"stclhs p15, c6, [lr, -0x194]!",1
"stmdbvc fp!, {r4, r5, r6, r8, sb, sl, fp, sp, lr} ^",1
"cdpvs p12, 6, c6, c9, c13, 1",1
invalid,1
invalid,1
"strvs r6, [0x0001b06e]!",1
"rsbvs r6, sb, 0x6700",1
"cdphs p15, 3, c2, c2, c3, 3",1
"eorvc r3, sp, 0xc40000",1
"strbvc r2, [r2, -0xf33]!",1
"stclhs p12, c6, [r4, -0x1a4]!",1
"stclhs p2, c7, [sp, -0x184]!",1
"stmdbvc fp!, {r4, r5, r6, r8, sb, sl, fp, sp, lr} ^",1
"cdpvs p12, 6, c6, c9, c13, 1",1
invalid,1
invalid,1
invalid,1
invalid,1
"ldrbtvc r6, [r2], -0x174",1
"strhs r6, [r0], -0xf2e",1
"cdpvs p0, 6, c0, c9, c1, 3",1
invalid,1
"cmnvc r5, 0, 30",1
"stmdbvs ip!, {r1, r4, r5, r6, r8, sb, sl, fp, sp} ^",1
invalid,1
"rsbvc r2, r1, 0x18c",1
svcvs 0x702d6d,1
"stcvs p9, c7, [sp], -0x1ac",1
"ldmdavc r5!, {r0, r3, r5, r6, sb, sl, fp, sp, lr} ^",1
"strbvc r6, [lr, -0x72d]!",1
"stmdbvs r2!, {r0, r2, r5, r6, r8, sp, lr} ^",1
"strlo r3, [lr, -pc, lsr 8]!",1
"cdphs p2, 2, c3, c15, c14, 1",1
"cdphs p15, 2, c2, c14, c14, 1",1
svchs 0x2e2e2f,1
"ldmdbvs r4!, {r0, r1, r5, r6, sb, ip, sp, lr} ^",1
"movwvs r6, 0xf2e",1
svcpl 0x6c6c61,1
blvs 0x1875030,1
"rsbeq r6, lr, pc, asr r6",1
"rsbsvc r7, r3, 0xbc00000",1
"rsbvs r6, sb, 0x2f00",1
invalid,1
"ldclvs p1, c6, [r2, -0xbc]!",1
blvs 0x1bf7b20,1
"stmdbvs ip!, {r0, r3, r4, r5, r6, r8, sl, fp, sp} ^",1
"ldclhs p5, c7, [r8, -0x1b8]!",1
"ldrbvs r6, [r5, -0xe67]!",1
svchs 0x696261,1
"mrchs p14, 1, r2, c7, c4, 1",1
"mcrhs p15, 1, r2, c14, c2, 1",1
svchs 0x2e2e2f,1
invalid,1
"mcrhs p4, 3, r7, c14, c2, 3",1
invalid,1
"cdphs p3, 6, c7, c5, c12, 3",1
"rsbvc r0, r3, 0x63",1
"ldrbvc r7, [r4, -0x374]!",1
invalid,1
bmi 0x17f36a8,1
"mrrcmi p2, 4, r5, pc, c3",1
svcpl 0x545349,1
"strbvs r0, [r4, -0x5f]!",1
"stmdbvs r7!, {r1, r4, r5, r6, r8, sl, sp, lr} ^",1
"rsbvc r7, r5, 0x73000000",1
svcpl 0x6d745f,1
"cdpvs p12, 6, c6, c15, c3, 3",1
"andvc r7, r0, 0x94000001",1
invalid,1
svcpl 0x726574,1
"cmpvs pc, 116, 26           ; 0x74",1
"strbvs r6, [lr, -0xf6c]!",1
svcpl 0x5f0073,1
"ldrbvs r6, [pc, -r4, ror 30] ; [0x1bae0:4]=0x74645f6c",1
invalid,1
"strbtvc r5, [r4], -0xf6c",1
svcpl 0x73726f,1
"rsbseq r7, r8, r1, ror 10",1
"rsbvc r6, sp, r3, ror 30",1
"ldrbvs r6, [r4, -0x56c]!",1
"ldrtlo r2, [sb], -0xe64",1
svcpl 0x3235,1
svcpl 0x6f645f,1
"rsbvs r6, pc, 0x6700",1
"ldrbvs r6, [pc], -0xc61     ; [0x1bb0c:4]=0x7875615f",1
"cmnvc r2, 116, 30           ; 0x74",1
"ldmdavc r5!, {r0, r1, r2, r3, r4, r6, r8, sp, lr} ^",1
"mcrvs p6, 3, r6, c9, c15, 2",1
"rsbvc r5, r1, 0x1a4",1
svcpl 0x796172,1
"rsbsvc r6, r4, 0x650",1
"rsbvc r0, r6, 0x79",1
svcpl 0x656d61,1
"stclvs p5, c7, [sp, -0x190]!",1
svcpl 0x5f0079,1
"stclvs p2, c7, [r1, -0x198]!",1
"strbvc r5, [r4, -0xf65]!",1
svcpl 0x796d6d,1
"strbtvc r6, [sb], -0xe69",1
"rsbsvc r6, r2, 0xc0000017",1
"ldrbvs r7, [0x0001b1eb]     ; [0x1b1eb:4]=0xe001200",1
"ldmdbvc r2!, {r1, r2, r3, r5, r6, sl, ip, sp, lr} ^",1
"rsbvc r7, r5, 0, 12",1
"mcrvs p9, 3, r6, c15, c3, 3",1
"movwvs r6, 0x32e",1
"ldrbvs r6, [r3, -0xf6c]!",1
"cdphs p5, 7, c7, c4, c15, 3",1
"stmdbvs r6!, {r0, r1, r5, r6} ^",1
"cdpvs p5, 5, c6, c15, c12, 3",1
"rsbeq r6, r5, r1, ror 26",1
svcvs 0x6e6769,1
"ldrbmi r6, [0x0001b606]     ; [0x1b606:4]=0x100000",1
"ldrbmi r4, [r0, -0x950]",1
invalid,1
"stclvs p14, c6, [r1, -0x194]!",1
"strbvs r2, [ip, -r5, ror 26]!",1
invalid,1
"ldmdbvs r8!, {r8, sl, sp, lr} ^",1
"stmdbvs r1!, {r2, r4, r5, r6, sb, sl, sp, lr} ^",1
"rsbeq r2, r3, ip, ror 28",1
invalid,1
"strbvs r6, [sp, -0x16e]!",1
invalid,1
"ldrbvs r6, [r4, -0xf75]!",1
"cdphs p2, 6, c7, c7, c1, 3",1
"strbvs r0, [r7, -0x63]!",1
"stmdavc r5!, {r2, r4, r5, r6, sl, ip, sp, lr} ^",1
"ldrbvc r5, [r1, -0xf74]!",1
"cdphs p4, 6, c7, c5, c15, 3",1
"ldrbtvc r6, [r2], -0x170",1
invalid,1
"ldrbvs r6, [r4, -0xf75]!",1
svcpl 0x677261,1
"strbtvs r7, [r6], -r2, ror 10",1
"subsvc r7, pc, 0x50000006",1
"ldmdbvc r4!, {r0, r2, r5, r6, r8, sb, ip, sp, lr} ^",1
"rsbeq r6, r4, ip, ror 10",1
"strbtvc r7, [pc], -0x571",1
"ldrbvs r6, [r2, -r5, ror 2]!",1
svcvs 0x5f6e5f,1
svcvs 0x697470,1
"movwvc r7, 0x36e",1
"ldrbtvc r6, [r4], -ip, ror 30",1
"movwvc r6, 0x365",1
"ldrbtvc r6, [r4], -ip, ror 30",1
"eorseq r6, r0, r5, ror 6",1
svcvs 0x6c736e,1
"movwvc r7, 0x374",1
"rsbslo r6, r4, ip, ror 30",1
"strbtvs r6, [r5], -r0, lsl 8",1
"strbtvc r7, [ip], -0x561",1
svcvs 0x75715f,1
invalid,1
"ldrbtvc r6, [r0], -0xf5f",1
invalid,1
"rsbvc r7, r5, 0, 12",1
"mcrvs p9, 3, r6, c15, c3, 3",1
"cmnvs r4, 0xb400000",1
"strvc r6, [r0], -lr, lsr 6",1
"ldmdbvs r3!, {r0, r2, r5, r6, sb, ip, sp, lr} ^",1
"strvs r6, [sp, -0xe6f]!",1
"qsub16vs r6, sp, r4",1
invalid,1
invalid,1
invalid,1
"stmdavc r0, {r1, r2, r3, r5, r8, sb, sp, lr}",1
svcvs 0x6c6c61,1
"stmdbvs r4!, {r0, r1, r5, r6, r8, sl, fp, sp} ^",1
"rsbeq r2, r3, r5, ror 28",1
invalid,1
"ldrbtvc r2, [r3], -0xd65",1
"stclvs p5, c6, [r1, -0x1c8]!",1
invalid,1
"stclvs p3, c6, [r1], -0x1bc",1
"rsbvc r6, r1, 0x630000",1
"mrchs p5, 3, r6, c4, c3, 3",1
"stmdavs r3!, {r0, r1, r5, r6} ^",1
"ldrbvs r7, [r3, -0x261]!",1
"stclvs p15, c5, [r1], -0x1d0",1
"ldrbvs r6, [r3, -0x169]!",1
invalid,1
"ldrbvs r6, [r3, -0xf6c]!",1
"strvs r6, [r0], -lr, lsr 6",1
"cmnvc r5, 0x6600",1
"rsbeq r2, r3, r8, ror 28",1
"strbvs r7, [r5, -0x366]!",1
invalid,1
"ldrbtvs r5, [r5], -0xf00",1
"ldmdbvs r3!, {r0, r3, r5, r6, sb, sl, ip, sp, lr} ^",1
"rsbeq r2, pc, r3, lsr lr",1
"stmdbvs r4!, {r1, r2, r3, r5, r8, sl, ip, sp, lr} ^",1
invalid,1
"stmdbvs fp!, {r0, r1, r2, r3, r4, r6, r8, sb, ip, sp, lr} ^",1
"stmdbvs r4!, {r4, r5, r6, r8, sb, sl, fp, ip, lr} ^",1
"ldrbvc r3, [pc], -0x76      ; [0x1bcc4:4]=0x6d76645f",1
"rsbseq r7, r4, r5, ror 6",1
"ldclvs p4, c6, [r6, -0x17c]!",1
"cdpvs p15, 6, c5, c12, c4, 3",1
"rsbeq r2, pc, r8, ror lr",1
"stclhs p12, c6, [r6, -0x194]!",1
"strbtvc r6, [sb], -0xe69",1
invalid,1
"ldmdbvs r8!, {r2, r4, r5, r6, r8, sl, sp, lr} ^",1
"rsbeq r2, r3, r4, ror lr",1
"subpl r5, r6, 0x17c",1
svcpl 0x454d41,1
svcpl 0x444e45,1
svcpl 0x5f005f,1
svcpl 0x52434a,1
svcpl 0x444e45,1
svcpl 0x5f005f,1
"strbtvc r6, [sb], -0xe69",1
"rsbsvc r6, r2, 0xc0000017",1
"ldrbvs r7, [0x0001b3af]     ; [0x1b3af:4]=0x83600",1
svcpl 0x646e,1
svcvs 0x73645f,1
"mcrvs p8, 3, r6, c1, c15, 2",1
"rsbeq r6, r5, r4, ror 24",1
"mrcmi p4, 2, r4, c9, c15, 2",1
"movtmi r4, 0x9d41",1
"ldmdbvs pc, {r8, sb, sl, fp, ip, lr} ^",1
svcpl 0x74696e,1
"cmnvs r2, r1, ror 4",1
"ldrbtvc r5, [r3], -0xf79",1
"rsbseq r7, r4, r1, ror 4",1
svcmi 0x4c475f,1
svcpl 0x4c4142,1
"movtpl r4, 0x664f",1
"ldrbpl r5, [pc], -0x445     ; [0x1bd4c:4]=0x7571005f",1
"strbmi r4, [ip, -0x241]",1
"ldrbvc r0, [r1, -0x5f]!",1
invalid,1
"mrcvs p7, 2, r6, c15, c2, 3",1
"stclvs p13, c6, [r5, -0x17c]!",1
invalid,1
"strbvs r5, [ip, -0xf65]!",1
svcpl 0x5f006e,1
invalid,1
"ldrbvc r6, [r3, -0x35f]!",1
"mcrvs p6, 3, r6, c9, c15, 2",1
"strbtvs r0, [r6], -0x69",1
"cdpvs p0, 6, c7, c5, c15, 3",1
"mcrrmi p0, 4, r4, r7, c0",1
svcpl 0x434249,1
"eorseq r2, r4, r2, lsr lr",1
"strbtvc r7, [pc], -0x571",1
"ldrbvs r6, [r2, -r5, ror 2]!",1
"qdsubvs r6, pc, r8",1
invalid,1
invalid,1
"mcrrmi p0, 4, r4, r7, c0",1
svcpl 0x434249,1
"eorseq r2, r4, r2, lsr lr",1
"ldrbtvc r7, [r5], -0x66",1
"mrcvs p15, 3, r5, c5, c3, 3",1
blvs 0x18f7b68,1
"submi r6, r0, r5, ror 8",1
"submi r4, sb, 0x4700",1
"cdphs p15, 3, c5, c2, c3, 2",1
"cmnvs r2, r4, lsr r0",1
"rsbmi r7, r5, sb, ror 6",1
"stmdbmi ip, {r6, r8, sb, sl, lr} ^",1
"subslo r4, pc, 0x8000001",1
svcpl 0x342e,1
svcvs 0x72705f,1
"stclvs p14, c6, [r1, -0x19c]!",1
"strbmi r4, [r0, -r5, rrx]",1
"movtmi r4, 0x294c",1
"strtlo r3, [lr], -0x25f",1
"rsbvc r7, r5, 0, 12",1
"mcrvs p9, 3, r6, c15, c3, 3",1
"cmnvs r4, 0x17c00000",1
"cmpvs pc, r0, lsl 30",1
"stmdbvs r2!, {r0, r2, r5, r6, r8, sp, lr} ^",1
"strbtvs r7, [sb], -0x55f",1
invalid,1
"ldrbvs r6, [r4, -0xf75]!",1
svcvs 0x75715f,1
invalid,1
"ldrbtvc r6, [r0], -0xf5f",1
invalid,1
"rsbsvc r7, r4, 0, 6",1
"rsbsmi r6, r0, r3, ror 26",1
"stmdbmi ip, {r6, r8, sb, sl, lr} ^",1
"subslo r4, pc, 0x8000001",1
invalid,1
"ldrbvs r6, [r4, -0xf75]!",1
svcpl 0x677261,1
svcvs 0x6c6c61,1
"strbvs r5, [sp, -0xf63]!",1
"ldmdbmi pc, {r0, r2, r3, r5, r6} ^",1
"ldrbvs r4, [pc], -0xd54     ; [0x1be48:4]=0x65747369",1
"strbvs r7, [r5, -r5, ror 4]!",1
"ldrbvs r7, [r4, -0x369]!",1
"movtmi r5, 0xd472",1
"strbvs r6, [lr, -0xf6c]!",1
"stclvs p1, c6, [r2], -0x150",1
invalid,1
"cmpvc pc, 116, 2            ; 0x74",1
"ldrbtvc r6, [r2], -0x174",1
"strbtvc r7, [r5], -0x300",1
svcvs 0x75715f,1
invalid,1
"qdsubvs r6, pc, ip",1
svcpl 0x7367,1
"cmnvc r3, 0xf0000005",1
"cmnvs r4, pc, asr r3",1
svcpl 0x5f7472,1
svcvs 0x757100,1
"rsbvc r6, r1, 116, 10",1
svcpl 0x6e5f67,1
"ldclvs p4, c7, [sb], -0x1cc",1
"ldrbvc r0, [r1, -0x65]!",1
invalid,1
"subsvs r6, pc, 0x1c80000",1
"strbvs r6, [r6, -0x675]!",1
"uqsub16vs r0, r6, r2",1
"ldmdavs r3!, {r2, r3, r5, r6, r8, sl, ip, sp, lr} ^",1
"mcrrmi p0, 4, r4, r7, c0",1
svcpl 0x434249,1
"eorseq r2, r4, r2, lsr lr",1
svcpl 0x746573,1
invalid,1
svcpl 0x6d6172,1
"strbvs r6, [sp, -0x16e]!",1
svcvs 0x757100,1
"rsbvc r6, r1, 116, 10",1
svcpl 0x6e5f67,1
"ldrbtvc r7, [r3], -0x563",1
invalid,1
"ldmdbvs r8!, {r2, r4, r5, r6, r8, sl, sp, lr} ^",1
"rsbvc r0, r6, 0x74",1
"submi r6, r0, r5, ror 10",1
"submi r4, sb, 0x4700",1
"cdphs p15, 3, c5, c2, c3, 2",1
"ldrbvc r0, [r1, -0x34]!",1
invalid,1
"mrcvs p7, 2, r6, c15, c2, 3",1
"cmnvc r5, 0x7c000001",1
svcpl 0x6d6f74,1
"rsbeq r6, sp, sp, ror 10",1
"strbtvc r7, [pc], -0x571",1
"ldrbvs r6, [r2, -r5, ror 2]!",1
"ldmdbvc r4!, {r0, r1, r2, r3, r4, r6, r8, sb, ip, sp, lr} ^",1
svcpl 0x656c,1
"strbtvc r7, [sb], -0x865",1
"mcrrmi p0, 4, r4, r7, c0",1
svcpl 0x434249,1
"eorseq r2, r4, r2, lsr lr",1
invalid,1
"submi r7, r0, r0, ror sb",1
"submi r4, sb, 0x4700",1
"cdphs p15, 3, c5, c2, c3, 2",1
"subsvs r0, pc, 0x34",1
"ldrbvs r7, [0x0001bbd1]     ; [0x1bbd1:4]=0x6c797473",1
svcpl 0x5f646e,1
"strbtvs r5, [r5], -0xf00",1
"rsbeq r7, r1, r1, ror 8",1
"ldmdbvs r3!, {r0, r2, r3, r5, r6, sb, sp, lr} ^",1
"rsbsmi r6, r4, lr, ror 18",1
"stmdbmi ip, {r6, r8, sb, sl, lr} ^",1
"subslo r4, pc, 0x8000001",1
"stcvs p4, c3, [r0, -0xb8]",1
"stclvs p13, c6, [r3, -0x194]!",1
"smlsldxmi r4, r0, r0, r0",1
"movtmi r4, 0x294c",1
"strtlo r3, [lr], -0x25f",1
"stmdbvs r6!, {r8, sb, sl, fp, ip, lr} ^",1
svcpl 0x696e,1
svcvs 0x72705f,1
"stclvs p14, c6, [r1, -0x19c]!",1
"strbvc r5, [r6, -0xf65]!",1
"submi r6, r0, ip, ror 24",1
"submi r4, sb, 0x4700",1
"cdphs p15, 3, c5, c2, c3, 2",1
invalid,1
"ldrbtvc r6, [r4], -0x567",1
"rsbsmi r7, r4, r5, ror 16",1
"stmdbmi ip, {r6, r8, sb, sl, lr} ^",1
"subslo r4, pc, 0x8000001",1
svcpl 0x342e,1
"cmnvc r3, 0xf0000005",1
"strbtvs r6, [lr], -0x55f",1
"stmdavc r0, {r0, r1, r2, r3, r4, r6, r8, sb, sl, fp, ip, lr}",1
invalid,1
invalid,1
invalid,1
invalid,1
"mcrrmi p0, 4, r4, r7, c0",1
svcpl 0x434249,1
"eorseq r2, r4, r2, lsr lr",1
invalid,1
invalid,1
"stmdavc r5!, {sl, ip, sp, lr} ^",1
"stclvs p4, c6, [0x0001be14]!",1
"rsbmi r6, lr, r1, ror 18",1
"stmdbmi ip, {r6, r8, sb, sl, lr} ^",1
"subslo r4, pc, 0x8000001",1
"strpl r3, [r0], -lr, lsr 8",1
"ldmdbvs r3!, {r0, r2, r5, r6, sb, ip, sp, lr} ^",1
"andvc r6, r0, 0x6f0",1
"usub16vs r6, pc, r0",1
"cmnvc r5, 0x6600",1
invalid,1
"ldmdbvs r2!, {r0, r1, r2, r4, r5, r6, ip, sp, lr} ^",1
"submi r7, r0, lr, ror 8",1
"submi r4, sb, 0x4700",1
"cdphs p15, 3, c5, c2, c3, 2",1
"ldrbtvc r0, [r3], -0x34",1
"rsbsvc r6, r2, 100, 10",1
"mcrrmi p0, 4, r4, r7, c0",1
svcpl 0x434249,1
"eorseq r2, r4, r2, lsr lr",1
"ldmdbvs r2!, {r1, r2, r5, r6, r8, sb, sl, ip, sp, lr} ^",1
"submi r6, r0, r4, ror r5",1
"submi r4, sb, 0x4700",1
"cdphs p15, 3, c5, c2, c3, 2",1
"ldclvs p0, c0, [r8, -0xd0]!",1
svcvs 0x6c6c61,1
"ldrbvc r0, [r1, -0x63]!",1
invalid,1
"ldclvs p7, c6, [0x0001be88]",1
invalid,1
blvs 0x1975624,1
"submi r3, r0, r6, lsr r4",1
"submi r4, sb, 0x4700",1
"cdphs p15, 3, c5, c2, c3, 2",1
"cmnvc r8, 0x34",1
"strbvc r7, [r4, -0x274]!",1
svcpl 0x5f0070,1
"rsbsvc r7, sb, r3, ror 8",1
"strbvs r5, [r7, -0xf65]!",1
"rsbvs r5, sp, 116, 30",1
"rsbsvc r6, r5, 0x7c000001",1
"stmdavc r1!, {r0, r1, r2, r3, r4, r6, r8, sl, fp, sp, lr} ^",1
"mcrrmi p0, 4, r4, r7, c0",1
svcpl 0x434249,1
"eorseq r2, r4, r2, lsr lr",1
"cmnvs r2, 0x73000000",1
"submi r7, r0, r0, ror sb",1
"submi r4, sb, 0x4700",1
"cdphs p15, 3, c5, c2, c3, 2",1
"ldrbvs r0, [r6, -0x34]!",1
svcvs 0x697372,1
"strbtvc r5, [r5], -0xf6e",1
"rsbvc r5, r1, 0x18c",1
"ldrbvs r5, [pc], -r0, lsl 30 ; [0x1c0b4:4]=0x40676e69",1
"strbtvs r6, [lr], -0x570",1
"rsbmi r6, r7, sb, ror 28",1
"stmdbmi ip, {r6, r8, sb, sl, lr} ^",1
"subslo r4, pc, 0x8000001",1
"stcvs p4, c3, [r0, -0xb8]",1
svcvs 0x747262,1
"submi r6, r0, r7, ror r3",1
"submi r4, sb, 0x4700",1
"cdphs p15, 3, c5, c2, c3, 2",1
"stclvs p0, c0, [r3], -0xd0",1
svcpl 0x65736f,1
svcvs 0x647473,1
invalid,1
svcpl 0x747361,1
"rsbvc r6, sp, r3, ror 30",1
"cdpvs p14, 6, c6, c5, c15, 3",1
"rsbvc r0, r5, 0x74",1
"rsbsmi r6, r2, r2, ror pc",1
"stmdbmi ip, {r6, r8, sb, sl, lr} ^",1
"subslo r4, pc, 0x8000001",1
svcpl 0x342e,1
"qdsubvs r6, pc, r5",1
"mrrcvs p9, 6, r6, pc, c2",1
"rsbslo r6, r6, r4, ror 18",1
"rsbvc r7, lr, 0, 16",1
"stclvs p1, c6, [ip], -0x194",1
"stmdavc r0, {r0, r1, r2, r3, r5, r6, r8, sb, sp, lr}",1
"rsbvc r6, r1, 0x630000",1
svcvs 0x6c6c61,1
"ldrbvc r0, [r1, -0x63]!",1
invalid,1
"cmpvs pc, 0x1c80000",1
svcvs 0x747375,1
"rsbvc r0, pc, sp, rrx",1
"ldrtlo r6, [r6], -0xe65",1
"mcrrmi p0, 4, r4, r7, c0",1
svcpl 0x434249,1
"eorseq r2, r4, r2, lsr lr",1
"ldrbvs r6, [r4, -0x567]!",1
"submi r7, r0, lr, ror 12",1
"submi r4, sb, 0x4700",1
"cdphs p15, 3, c5, c2, c3, 2",1
"ldrbvc r0, [r1, -0x34]!",1
invalid,1
"cmpvs pc, 0x1c80000",1
"cdpvs p12, 6, c6, c15, c15, 3",1
"stclvs p13, c6, [r5, -0x17c]!",1
"ldrbvs r5, [pc], -0xf00     ; [0x1c174:4]=0x72617473",1
svcpl 0x617461,1
"rsbvc r7, r1, 0x73000000",1
"ldrbvs r0, [r3, -0x74]!",1
"ldrbvc r5, [r1, -0xf74]!",1
"cdpvs p4, 6, c7, c9, c15, 3",1
"ldrbtvc r5, [r3], -0xf67",1
"rsbeq r6, r5, sb, ror ip",1
"stclvs p1, c6, [ip], -0x1b4",1
"submi r6, r0, pc, ror 6",1
"submi r4, sb, 0x4700",1
"cdphs p15, 3, c5, c2, c3, 2",1
"ldrbvc r0, [r1, -0x34]!",1
svcpl 0x65746f,1
"strbvs r5, [sp, -0xf6e]!",1
svcpl 0x5f006d,1
invalid,1
"cmnvs r4, pc, asr r3",1
"ldclvs p4, c7, [0x0001bff4]",1
"rsbmi r6, lr, r1, ror 18",1
"stmdbmi ip, {r6, r8, sb, sl, lr} ^",1
"subslo r4, pc, 0x8000001",1
"movwvs r3, 0x42e",1
"strbvs r6, [lr, -0xf6c]!",1
svcvs 0x75715f,1
invalid,1
"ldrbtvc r6, [r0], -0xf5f",1
invalid,1
svcvs 0x757100,1
"rsbvc r6, r1, 116, 10",1
"rsbvc r5, r6, 0x19c",1
svcpl 0x6565,1
"ldrbvs r6, [r2, -0x65f]!",1
"cdpvs p4, 6, c6, c9, c1, 3",1
"strbmi r4, [r0, -r7, rrx]",1
"movtmi r4, 0x294c",1
"strtlo r3, [lr], -0x25f",1
"stclvs p8, c7, [r1], -0",1
svcpl 0x636f6c,1
"rsbeq r6, r5, r4, ror 18",1
"stclvs p15, c5, [r7, -0x17c]!",1
"cmpvc pc, 0x6f0",1
"ldrbtvc r6, [r2], -0x174",1
svcpl 0x5f5f,1
"stmdbvs r4!, {r0, r1, r2, r3, r4, r6, r8, sl, ip, sp, lr} ^",1
invalid,1
"cmpvs pc, 0, 30",1
"ldrbvs r7, [r0, -0x974]!",1
"mrrcvs p2, 5, r6, pc, c15",1
"submi r6, r0, pc, ror 6",1
"submi r4, sb, 0x4700",1
"cdphs p15, 3, c5, c2, c3, 2",1
"stmdavc r5!, {r2, r4, r5} ^",1
"submi r7, r0, sb, ror 8",1
"submi r4, sb, 0x4700",1
"cdphs p15, 3, c5, c2, c3, 2",1
"stclvs p0, c0, [r3], -0xd0",1
svcpl 0x65736f,1
svcvs 0x647473,1
"cmpvc pc, 0x75000000",1
"ldmdbvs pc, {r0, r2, r5, r6, sl, ip, sp, lr} ^",1
"rsbvc r6, pc, 0x670",1
"subpl r5, r5, r5, ror 30",1
"subeq r5, r5, sb, asr 32",1
svcpl 0x4f495f,1
"stmdbvs r4!, {r0, r1, r4, r5, r6, sl, ip, sp, lr} ^",1
"cmnvc r5, 0x1b8",1
"stmdavc r0, {r0, r2, r5, r6, sl, sp, lr}",1
"ldrbvs r6, [r2, -0xe32]!",1
svcvs 0x6c6c61,1
"ldrbtvc r0, [r3], -0x63",1
"mcrvs p12, 3, r6, c5, c2, 3",1
"mcrrmi p0, 4, r4, r7, c0",1
svcpl 0x434249,1
"eorseq r2, r4, r2, lsr lr",1
svcpl 0x6c7072,1
svcvs 0x6c6366,1
invalid,1
"ldmdbvs r4!, {r0, r2, r4, r5, r6, r8, sb, sl, fp, sp, lr} ^",1
"cmpvc pc, 0x1b80000",1
"strbvs r7, [ip, -0x974]!",1
"stclvs p6, c7, [r1], -0x17c",1
"mrcvs p0, 3, r0, c5, c3, 3",1
"cmnvs r4, 0x19c00000",1
"mcrrmi p0, 4, r4, r7, c0",1
svcpl 0x434249,1
"eorseq r2, r4, r2, lsr lr",1
"stmdbvs ip!, {r0, r1, r2, r3, r4, r6, r8, sb, sl, fp, ip, lr} ^",1
"cmpvs pc, 0x88000001",1
"ldmdbvs pc, {r0, r1, r4, r5, r6, r8, sl, ip, sp, lr} ^",1
"rsbseq r6, r4, lr, ror 18",1
"strbtvc r7, [pc], -0x571",1
"strbvs r5, [sp, -0xf65]!",1
"ldrbvc r0, [r1, -0x6d]!",1
invalid,1
"cmpvs pc, 0x1c80000",1
svcvs 0x747375,1
"strbvs r5, [sp, -0xf6d]!",1
svcpl 0x5f006d,1
"cdpvs p2, 7, c7, c2, c5, 3",1
svcvs 0x6c5f6f,1
"ldmdbvs r4!, {r0, r1, r5, r6, r8, sp, lr} ^",1
"submi r6, r0, pc, ror 28",1
"submi r4, sb, 0x4700",1
"cdphs p15, 3, c5, c2, c3, 2",1
svcpl 0x5f0034,1
svcpl 0x617863,1
"stmdavc r5!, {r0, r5, r6, sl, ip, sp, lr} ^",1
"submi r7, r0, sb, ror 8",1
"submi r4, sb, 0x4700",1
"cdphs p15, 3, c5, c2, c3, 2",1
"ldrbvc r0, [r1, -0x34]!",1
"cdpvs p4, 6, c7, c9, c15, 3",1
"ldrbtvc r5, [r3], -0xf67",1
svcpl 0x656c79,1
invalid,1
"stclvs p13, c6, [r5, -0]!",1
"rsbsmi r6, r4, r3, ror r5",1
"stmdbmi ip, {r6, r8, sb, sl, lr} ^",1
"subslo r4, pc, 0x8000001",1
svcpl 0x342e,1
"rsbeq r6, r4, r5, ror 28",1
invalid,1
"submi r6, r0, lr, ror 12",1
"submi r4, sb, 0x4700",1
"cdphs p15, 3, c5, c2, c3, 2",1
"cmpvc pc, 0x34",1
"ldrbtvc r6, [r2], -0x174",1
svcvs 0x757100,1
"rsbvc r6, r1, 116, 10",1
"stclvs p15, c5, [r1], -0x19c",1
"rsbeq r6, r3, ip, ror 30",1
"rsbsvc r5, r0, 0x17c",1
"ldrbtvs r6, [r4], -sb, ror 28",1
blvs 0x1a35108,1
"mcrrmi p0, 4, r4, r7, c0",1
svcpl 0x434249,1
"eorseq r2, r4, r2, lsr lr",1
"strbvs r6, [ip, -0x966]!",1
"submi r6, r0, lr, ror 30",1
"submi r4, sb, 0x4700",1
"cdphs p15, 3, c5, c2, c3, 2",1
svcpl 0x5f0034,1
svcpl 0x646e65,1
svcpl 0x5f005f,1
"rsbvs r6, r1, 0x18400000",1
"strbtvs r5, [sb], -0xf69",1
"eorseq r7, r0, sb, ror 12",1
"rsbvc r5, r6, pc, asr pc",1
"strbtvc r6, [lr], -0x972",1
"stmdavs r3!, {r1, r2, r5, r6, r8, sb, sl, fp, ip, lr} ^",1
"strbmi r4, [r0, -fp, rrx]",1
"movtmi r4, 0x294c",1
"strtlo r3, [lr], -0x25f",1
svcvs 0x757100,1
"rsbvc r6, r1, 116, 10",1
"ldrbtvc r0, [r3], -0x67",1
"ldrbtvc r6, [r5], -0xf64",1
"mcrrmi p0, 4, r4, r7, c0",1
svcpl 0x434249,1
"eorseq r2, r4, r2, lsr lr",1
invalid,1
"ldrbtvc r5, [r3], -0xf73",1
"rsbseq r7, r4, r1, ror 4",1
svcvs 0x6c6366,1
"submi r6, r0, r3, ror r5",1
"submi r4, sb, 0x4700",1
"cdphs p15, 3, c5, c2, c3, 2",1
invalid,1
"strvs r6, [r0], -sb, ror 28",1
blvs 0x19759e8,1
"eorsmi r3, r4, pc, ror 12",1
"stmdbmi ip, {r6, r8, sb, sl, lr} ^",1
"subslo r4, pc, 0x8000001",1
"strvc r3, [r0, -0x42e]",1
"strbvs r6, [r7, -0x173]!",1
"strbtvc r6, [r5], -0x700",1
svcvs 0x75715f,1
invalid,1
"ldmdbvc r4!, {r0, r1, r2, r3, r4, r6, r8, sb, ip, sp, lr} ^",1
"strvs r6, [r0, -0x56c]",1
svcpl 0x746978,1
"stclvs p1, c6, [sb], -0x198",1
"rsbeq r7, r5, r5, ror r2",1
"strbtvc r7, [pc], -0x571",1
"ldrbvs r6, [r2, -r5, ror 2]!",1
"stclvs p3, c6, [pc], -0x17c",1
svcpl 0x6e6f,1
"stclvs p5, c7, [r6], -0x17c",1
"submi r7, r0, pc, ror 14",1
"submi r4, sb, 0x4700",1
"cdphs p15, 3, c5, c2, c3, 2",1
"ldrbvc r0, [r1, -0x34]!",1
invalid,1
"cmpvc pc, 0x1c80000",1
"strbvs r7, [ip, -0x974]!",1
"stclvs p13, c6, [r5, -0x17c]!",1
"strbtvc r7, [r5], -0x300",1
invalid,1
"submi r6, r0, ip, ror 10",1
"submi r4, sb, 0x4700",1
"cdphs p15, 3, c5, c2, c3, 2",1
"ldrbvc r0, [r1, -0x34]!",1
invalid,1
"mrcvs p7, 2, r6, c15, c2, 3",1
"ldmdbvc r4!, {r0, r1, r2, r3, r4, r6, r8, sb, ip, sp, lr} ^",1
"ldclvs p5, c6, [0x0001c2fc]",1
"andvc r6, r0, r5, ror 26",1
"rsbvc r6, r7, 0x1c8",1
"ldmdbvs pc, {r0, r5, r6, r8, sl, fp, sp, lr} ^",1
invalid,1
svcvs 0x697461,1
invalid,1
"submi r6, r0, sp, ror 10",1
"submi r4, sb, 0x4700",1
"cdphs p15, 3, c5, c2, c3, 2",1
"ldrbtvc r0, [r3], -0x34",1
"stmdavs r3!, {r1, r4, r5, r6, sb, ip, sp, lr} ^",1
"smlsldxmi r4, r0, r2, r0",1
"movtmi r4, 0x294c",1
"strtlo r3, [lr], -0x25f",1
svcvs 0x757100,1
"mcrvs p5, 0, r6, c0, c4, 3",1
invalid,1
"cdpvs p7, 6, c6, c9, c14, 3",1
"submi r6, r0, r6, ror 30",1
"submi r4, sb, 0x4700",1
"cdphs p15, 3, c5, c2, c3, 2",1
"ldrbvs r0, [r3, -0x34]!",1
"strbvc r5, [r3, -0xf74]!",1
"stclvs p4, c7, [0x0001c340]!",1
svcvs 0x75715f,1
invalid,1
svcvs 0x727000,1
"stclvs p2, c7, [r1, -0x19c]!",1
"stclvs p14, c6, [r1, -0x17c]!",1
"ldrbvc r0, [r1, -0x65]!",1
invalid,1
"cmpvs pc, 0x1c80000",1
svcpl 0x726168,1
"rsbeq r6, sp, sp, ror 10",1
"strbvs r5, [r1, -0xf5f]!",1
svcpl 0x696261,1
"stmdbvs r4!, {r0, r2, r4, r5, r6, r8, fp, sp, lr} ^",1
"strbtvs r6, [pc], -0xd76",1
"cmnvs sl, r0, lsl 16",1
invalid,1
"strbvc r5, [sl], -r0, lsl 30",1
invalid,1
"ldrbvs r7, [r4, -0x369]!",1
invalid,1
invalid,1
"rsbvc r7, r5, 0, 12",1
"mcrvs p9, 3, r6, c15, c3, 3",1
"cmnvs r4, 0x17c00000",1
"rsbvc r6, pc, pc, asr r3",1
invalid,1
invalid,1
"ldrbvs r6, [r4, -0xf75]!",1
svcpl 0x677261,1
"ldrbvc r0, [r1, -0x6e]!",1
svcpl 0x65746f,1
"rsbsvc r0, r2, lr, rrx",1
invalid,1
svcvs 0x6b6565,1
"ldrbpl r5, [pc], -0xf00     ; [0x1c598:4]=0x5f5f444e",1
"ldrbmi r4, [0x0001c24f]     ; [0x1c24f:4]=0x65736f6c",1
svcpl 0x5f444e,1
svcvs 0x727000,1
"stclvs p2, c7, [r1, -0x19c]!",1
"uqsaxvc r6, lr, pc",1
"strbtvc r6, [r1], -0x36f",1
svcpl 0x6e6f69,1
"rsbvc r6, pc, 0x730000",1
invalid,1
"submi r6, r0, sp, ror 10",1
"submi r4, sb, 0x4700",1
"cdphs p15, 3, c5, c2, c3, 2",1
"stmdbvs r2!, {r2, r4, r5} ^",1
"ldrbvs r6, [r4, -0x46e]!",1
svcvs 0x647478,1
"cdpvs p1, 6, c6, c9, c13, 3",1
"mcrrmi p0, 4, r4, r7, c0",1
svcpl 0x434249,1
"eorseq r2, r4, r2, lsr lr",1
svcpl 0x746573,1
"rsbvc r6, r1, 0x630000",1
svcvs 0x75715f,1
invalid,1
"strbpl r5, [sb], -0xf00",1
"ldrbvs r5, [r2, -0xf4d]!",1
"ldrbtvc r6, [r3], -0x967",1
"ldclmi p2, c7, [r4, -0x194]",1
"cdpvs p12, 6, c6, c15, c3, 2",1
"rsbvs r5, r1, 0x65000000",1
"strvs r6, [r0, -0x56c]",1
svcpl 0x74696d,1
svcpl 0x677562,1
svcvs 0x706572,1
"mcrvs p4, 3, r7, c9, c2, 3",1
"strbtvs r5, [r1], -0xf67",1
invalid,1
"stclvs p0, c0, [r3], -0x1cc",1
svcpl 0x65736f,1
svcvs 0x647473,1
"cmpvc pc, 0x75000000",1
"ldrbvs r7, [pc], -r5, ror 8 ; [0x1c63c:4]=0x656d616e",1
svcpl 0x656c69,1
"strbvs r6, [sp, -0x16e]!",1
"strbvs r7, [sp, -0x800]!",1
"rsbsvc r6, r5, sp, ror 8",1
invalid,1
svcpl 0x656c61,1
"rsbvc r6, r1, 0x630000",1
"rsbseq r6, r4, r3, ror r5",1
invalid,1
"ldrbtvc r5, [r3], -0xf65",1
"stclvs p5, c6, [r1, -0x1c8]!",1
"rsbsvc r7, r4, 0, 6",1
"rsbvc r6, sp, lr, ror 6",1
"mcrrmi p0, 4, r4, r7, c0",1
svcpl 0x434249,1
"eorseq r2, r4, r2, lsr lr",1
"cmnvc r2, 0x1d800000",1
svcpl 0x6e6f69,1
svcpl 0x637465,1
"rsbeq r7, lr, r1, ror 4",1
"rsbvc r6, pc, 0x10000006",1
"smlsldxmi r4, r0, r4, r0",1
"movtmi r4, 0x294c",1
"strtlo r3, [lr], -0x25f",1
"rsbvc r7, r5, 0, 12",1
"mcrvs p9, 3, r6, c15, c3, 3",1
"cmnvs r4, 0x17c00000",1
"rsbeq r7, r1, pc, asr r6",1
"stmdbvs lr!, {r0, r1, r2, r3, r4, r6, r8, fp, sp, lr} ^",1
"stclvs p0, c0, [r3], -0x1d0",1
"rsbmi r7, r5, pc, ror 6",1
"stmdbmi ip, {r6, r8, sb, sl, lr} ^",1
"subslo r4, pc, 0x8000001",1
"stmdavc r0, {r1, r2, r3, r5, sl, ip, sp}",1
"stclvs p1, c6, [ip], -0x18c",1
"stmdavc r0, {r0, r1, r2, r3, r5, r6, r8, sb, sp, lr}",1
"stclvs p13, c6, [r1], -0x1b8",1
"rsbeq r6, r3, ip, ror 30",1
,1
